Unique ID: 92b87aba87bfcfccdf7960e18cc7cd3a,
Execution Time for Trace ID 92b87aba87bfcfccdf7960e18cc7cd3a: 54 ms
Input: 1050000,
Cold Start: false
Unique ID: bc31907194bbcf2dad95ca166928b740,
Execution Time for Trace ID bc31907194bbcf2dad95ca166928b740: 56 ms
Input: 1050000,
Cold Start: false
Unique ID: 21d25a414199d4d7feaaace70342cb08,
Execution Time for Trace ID 21d25a414199d4d7feaaace70342cb08: 97 ms
Input: 1050000,
Cold Start: false
Unique ID: eec289af71d81a855188b61f46ed8d90,
Execution Time for Trace ID eec289af71d81a855188b61f46ed8d90: 53 ms
Input: 1050000,
Cold Start: false
Unique ID: 683c1f87ab2781b4f547b55f0744b772,
Execution Time for Trace ID 683c1f87ab2781b4f547b55f0744b772: 55 ms
Input: 1050000,
Cold Start: false
Unique ID: eb104773ccc1065bd78af060c21a3140,
Execution Time for Trace ID eb104773ccc1065bd78af060c21a3140: 41 ms
Input: 1050000,
Cold Start: false
Unique ID: d6e1e1ec3bb94db0156436e9c57703c9,
Execution Time for Trace ID d6e1e1ec3bb94db0156436e9c57703c9: 39 ms
Input: 1050000,
Cold Start: false
Unique ID: 48e9afe56f57a31ad06e3772a8443b87,
Execution Time for Trace ID 48e9afe56f57a31ad06e3772a8443b87: 56 ms
Input: 1050000,
Cold Start: false
Unique ID: 43fe004630c7565b48353ad80f6ba35a,
Execution Time for Trace ID 43fe004630c7565b48353ad80f6ba35a: 39 ms
Input: 1050000,
Cold Start: false
Unique ID: e61444b7c264e9cf398002673e359af3,
Execution Time for Trace ID e61444b7c264e9cf398002673e359af3: 62 ms
Input: 1050000,
Cold Start: false
Unique ID: d13de72fe82019da6661dc69b0323c00,
Execution Time for Trace ID d13de72fe82019da6661dc69b0323c00: 76 ms
Input: 1050000,
Cold Start: false
Unique ID: c7840287eb943cb578692fb56a6716ca,
Execution Time for Trace ID c7840287eb943cb578692fb56a6716ca: 54 ms
Input: 1050000,
Cold Start: false
Unique ID: 9ad87ff56d595a42dfbd5336aff5bd56,
Execution Time for Trace ID 9ad87ff56d595a42dfbd5336aff5bd56: 39 ms
Input: 1050000,
Cold Start: false
Unique ID: e493ac9dc1a2856c92675d53f479d8b1,
Execution Time for Trace ID e493ac9dc1a2856c92675d53f479d8b1: 63 ms
Input: 1050000,
Cold Start: false
Unique ID: e793f12a1143b231875eff42a29838df,
Execution Time for Trace ID e793f12a1143b231875eff42a29838df: 87 ms
Input: 1050000,
Cold Start: false
Unique ID: 756cc961aac10f002164d07297d8c2b8,
Execution Time for Trace ID 756cc961aac10f002164d07297d8c2b8: 40 ms
Input: 1050000,
Cold Start: false
Unique ID: 92a248e0c08516d623035ef3b3de8391,
Execution Time for Trace ID 92a248e0c08516d623035ef3b3de8391: 58 ms
Input: 1050000,
Cold Start: false
Unique ID: 4192f4a4a10ee10d28e84df46b6fc646,
Execution Time for Trace ID 4192f4a4a10ee10d28e84df46b6fc646: 39 ms
Input: 1050000,
Cold Start: false
Unique ID: 47049215ab142d682c81b88da6e7af56,
Execution Time for Trace ID 47049215ab142d682c81b88da6e7af56: 41 ms
Input: 1050000,
Cold Start: false
Unique ID: ff91ae4c335364791bb72f06044772e7,
Execution Time for Trace ID ff91ae4c335364791bb72f06044772e7: 55 ms
Input: 1050000,
Cold Start: false
Unique ID: 6d855448218cc0ee1956197533c5e333,
Execution Time for Trace ID 6d855448218cc0ee1956197533c5e333: 76 ms
Input: 1050000,
Cold Start: false
Unique ID: 922d51eadde464191ce92c76dcb862f2,
Execution Time for Trace ID 922d51eadde464191ce92c76dcb862f2: 40 ms
Input: 1050000,
Cold Start: false
Unique ID: ef423292bb383d06d9e7f5210d246393,
Execution Time for Trace ID ef423292bb383d06d9e7f5210d246393: 148 ms
Input: 1050000,
Cold Start: false
Unique ID: 40e4ef906f5d158b182e55fef32cb528,
Execution Time for Trace ID 40e4ef906f5d158b182e55fef32cb528: 67 ms
Input: 1050000,
Cold Start: false
Unique ID: 4200f11ba9d47205f4a5fed7bd09a0c0,
Execution Time for Trace ID 4200f11ba9d47205f4a5fed7bd09a0c0: 38 ms
Input: 1050000,
Cold Start: false
Unique ID: 533b197d8908cc5202b3eaf43ecc1216,
Execution Time for Trace ID 533b197d8908cc5202b3eaf43ecc1216: 68 ms
Input: 1050000,
Cold Start: false
Unique ID: 7a1254f684403d62ced788ab0373a218,
Execution Time for Trace ID 7a1254f684403d62ced788ab0373a218: 82 ms
Input: 1050000,
Cold Start: false
Unique ID: 1968e295409ab73ca6d35b4f7b5c173b,
Execution Time for Trace ID 1968e295409ab73ca6d35b4f7b5c173b: 63 ms
Input: 1050000,
Cold Start: false
Unique ID: febdc6feba88925aa3ddc65fdd1ba86a,
Execution Time for Trace ID febdc6feba88925aa3ddc65fdd1ba86a: 79 ms
Input: 1050000,
Cold Start: false
Unique ID: ff45bcd0f2388cc4158d84f75cd9174b,
Execution Time for Trace ID ff45bcd0f2388cc4158d84f75cd9174b: 44 ms
Input: 1050000,
Cold Start: false
Unique ID: 22663ea08b63cd8939a90d4840a1a716,
Execution Time for Trace ID 22663ea08b63cd8939a90d4840a1a716: 40 ms
Input: 1050000,
Cold Start: false
Unique ID: 95f7f4e1286e72e6ac03f225d51f50be,
Execution Time for Trace ID 95f7f4e1286e72e6ac03f225d51f50be: 62 ms
Input: 1050000,
Cold Start: false
Unique ID: 5165cc5b3b7f88ab65e5b0837f4cf3eb,
Execution Time for Trace ID 5165cc5b3b7f88ab65e5b0837f4cf3eb: 73 ms
Input: 1050000,
Cold Start: false
Unique ID: c5d8e37b308f81de4a7e2c9f06f1dcbc,
Execution Time for Trace ID c5d8e37b308f81de4a7e2c9f06f1dcbc: 43 ms
Input: 1050000,
Cold Start: false
Unique ID: 1b160aa2c42f89ce3715ce55b6fef461,
Execution Time for Trace ID 1b160aa2c42f89ce3715ce55b6fef461: 39 ms
Input: 1050000,
Cold Start: false
Unique ID: caa752b232101e8284806a38eecaa579,
Execution Time for Trace ID caa752b232101e8284806a38eecaa579: 52 ms
Input: 1050000,
Cold Start: false
Unique ID: b127ed9fe87c44db9f3efaa2b2757cec,
Execution Time for Trace ID b127ed9fe87c44db9f3efaa2b2757cec: 39 ms
Input: 1050000,
Cold Start: false
Unique ID: 7b50cb653df3e5f60e829e0ba734ac93,
Execution Time for Trace ID 7b50cb653df3e5f60e829e0ba734ac93: 70 ms
Input: 1050000,
Cold Start: false
Unique ID: fa84ea89d51dd4be5122cb1e1d946281,
Execution Time for Trace ID fa84ea89d51dd4be5122cb1e1d946281: 85 ms
Input: 1050000,
Cold Start: false
Unique ID: d87b5e0be6520d9d1f9cf2f4c54dc653,
Execution Time for Trace ID d87b5e0be6520d9d1f9cf2f4c54dc653: 66 ms
Input: 1050000,
Cold Start: false
Unique ID: 8dd6b3ac1feeb873f344368f15df780f,
Execution Time for Trace ID 8dd6b3ac1feeb873f344368f15df780f: 73 ms
Input: 1050000,
Cold Start: false
Unique ID: 1443d4942b43354416f59cadadb34896,
Execution Time for Trace ID 1443d4942b43354416f59cadadb34896: 39 ms
Input: 1050000,
Cold Start: false
Unique ID: 45af4ff6d6689c47ce069741590ba3f7,
Execution Time for Trace ID 45af4ff6d6689c47ce069741590ba3f7: 42 ms
Input: 1050000,
Cold Start: false
Unique ID: cea2d08fcfea9e095403aa4921e7a924,
Execution Time for Trace ID cea2d08fcfea9e095403aa4921e7a924: 55 ms
Input: 1050000,
Cold Start: false
Unique ID: e52596b22869c887df12d438b819494d,
Execution Time for Trace ID e52596b22869c887df12d438b819494d: 41 ms
Input: 1050000,
Cold Start: false
Unique ID: b98dd61101f473df31ab08ee0b2637ef,
Execution Time for Trace ID b98dd61101f473df31ab08ee0b2637ef: 68 ms
Input: 1050000,
Cold Start: false
Unique ID: e30f60fb78b020c0720127ef92e51a02,
Execution Time for Trace ID e30f60fb78b020c0720127ef92e51a02: 80 ms
Input: 1050000,
Cold Start: false
Unique ID: 2f17a9d12cd87b6841702efc87e3f493,
Execution Time for Trace ID 2f17a9d12cd87b6841702efc87e3f493: 134 ms
Input: 1050000,
Cold Start: false
Unique ID: d3a5e58897e30c71089444950e80a48b,
Execution Time for Trace ID d3a5e58897e30c71089444950e80a48b: 78 ms
Input: 1050000,
Cold Start: false
Unique ID: 869994377e2e8c93bf62fc21a5546a40,
Execution Time for Trace ID 869994377e2e8c93bf62fc21a5546a40: 40 ms
Input: 1050000,
Cold Start: false
Unique ID: 70d8db7621f7f653e9fdfdb1549d9a1b,
Execution Time for Trace ID 70d8db7621f7f653e9fdfdb1549d9a1b: 39 ms
Input: 1050000,
Cold Start: false
Unique ID: 0c94e5e534ff5202c217cc0fb35cd013,
Execution Time for Trace ID 0c94e5e534ff5202c217cc0fb35cd013: 53 ms
Input: 1050000,
Cold Start: false
Unique ID: 10eb723eb5a289194467561cecc52571,
Execution Time for Trace ID 10eb723eb5a289194467561cecc52571: 38 ms
Input: 1050000,
Cold Start: false
Unique ID: 15cf64b7afc07aac135cd720e6061efe,
Execution Time for Trace ID 15cf64b7afc07aac135cd720e6061efe: 63 ms
Input: 1050000,
Cold Start: false
Unique ID: 2510458ba9fef6245ca9a1af85a224dc,
Execution Time for Trace ID 2510458ba9fef6245ca9a1af85a224dc: 82 ms
Input: 1050000,
Cold Start: false
Unique ID: 159438840697681bfe434b201aefffdb,
Execution Time for Trace ID 159438840697681bfe434b201aefffdb: 59 ms
Input: 1050000,
Cold Start: false
Unique ID: a5a753fd0526f98960ea68b45d9bed9a,
Execution Time for Trace ID a5a753fd0526f98960ea68b45d9bed9a: 58 ms
Input: 1050000,
Cold Start: false
Unique ID: 5b21fc81af4a164787d00ae10cb23f7c,
Execution Time for Trace ID 5b21fc81af4a164787d00ae10cb23f7c: 42 ms
Input: 1050000,
Cold Start: false
Unique ID: b560700529dff309aab0b46058fd9bcc,
Execution Time for Trace ID b560700529dff309aab0b46058fd9bcc: 74 ms
Input: 1050000,
Cold Start: false
Unique ID: a4e955c713289b2e62542ec34fc8a5d2,
Execution Time for Trace ID a4e955c713289b2e62542ec34fc8a5d2: 40 ms
Input: 1050000,
Cold Start: false
Unique ID: 157dd631e3914d812fa4ef2842cf6be5,
Execution Time for Trace ID 157dd631e3914d812fa4ef2842cf6be5: 39 ms
Input: 1050000,
Cold Start: false
Unique ID: 6c0e499c2b54e46bdfeddb41135d7294,
Execution Time for Trace ID 6c0e499c2b54e46bdfeddb41135d7294: 63 ms
Input: 1050000,
Cold Start: false
Unique ID: 0b38480818c8c78dd4a0c6c353ce0aea,
Execution Time for Trace ID 0b38480818c8c78dd4a0c6c353ce0aea: 39 ms
Input: 1050000,
Cold Start: false
Unique ID: 79f88f01da358e1c57b288d10b39e5d0,
Execution Time for Trace ID 79f88f01da358e1c57b288d10b39e5d0: 53 ms
Input: 1050000,
Cold Start: false
Unique ID: aa49c5d0117d00a5b45cc156e9d67815,
Execution Time for Trace ID aa49c5d0117d00a5b45cc156e9d67815: 41 ms
Input: 1050000,
Cold Start: false
Unique ID: 25fd0fb7f2d2493f5f4484f3d315700c,
Execution Time for Trace ID 25fd0fb7f2d2493f5f4484f3d315700c: 62 ms
Input: 1050000,
Cold Start: false
Unique ID: daec5e4fe20a9107cccf1d9d6376440a,
Execution Time for Trace ID daec5e4fe20a9107cccf1d9d6376440a: 83 ms
Input: 1050000,
Cold Start: false
Unique ID: 165220a0007dbdc7eaa7c26b16f7a648,
Execution Time for Trace ID 165220a0007dbdc7eaa7c26b16f7a648: 62 ms
Input: 1050000,
Cold Start: false
Unique ID: 5c4c6ae0cf8749ab712660fa51dee347,
Execution Time for Trace ID 5c4c6ae0cf8749ab712660fa51dee347: 39 ms
Input: 1050000,
Cold Start: false
Unique ID: d4baa5d3f84ea9863f6e31aecabd30fd,
Execution Time for Trace ID d4baa5d3f84ea9863f6e31aecabd30fd: 64 ms
Input: 1050000,
Cold Start: false
Unique ID: d792d3d2caf586c8017eed2c64e793cf,
Execution Time for Trace ID d792d3d2caf586c8017eed2c64e793cf: 79 ms
Input: 1050000,
Cold Start: false
Unique ID: bc4f796587d6244251a9828195fe9995,
Execution Time for Trace ID bc4f796587d6244251a9828195fe9995: 58 ms
Input: 1050000,
Cold Start: false
Unique ID: 8a6be76ceda124963047dfdc3417c91d,
Execution Time for Trace ID 8a6be76ceda124963047dfdc3417c91d: 38 ms
Input: 1050000,
Cold Start: false
Unique ID: 5db6204972bfd8f3ba8eb5d6431cc5e3,
Execution Time for Trace ID 5db6204972bfd8f3ba8eb5d6431cc5e3: 67 ms
Input: 1050000,
Cold Start: false
Unique ID: 91dce47aaf940255f0b51d1732d389d6,
Execution Time for Trace ID 91dce47aaf940255f0b51d1732d389d6: 75 ms
Input: 1050000,
Cold Start: false
Unique ID: 9752cd6e00fd8e129cda58ceb118585c,
Execution Time for Trace ID 9752cd6e00fd8e129cda58ceb118585c: 65 ms
Input: 1050000,
Cold Start: false
Unique ID: dfd657a811fae7790bb72b7cfa426108,
Execution Time for Trace ID dfd657a811fae7790bb72b7cfa426108: 39 ms
Input: 1050000,
Cold Start: false
Unique ID: 9ec0a57ba118038b89af920f2f9924fe,
Execution Time for Trace ID 9ec0a57ba118038b89af920f2f9924fe: 80 ms
Input: 1050000,
Cold Start: false
Unique ID: 9c7b41d58a94f7787c9131d6e783b895,
Execution Time for Trace ID 9c7b41d58a94f7787c9131d6e783b895: 94 ms
Input: 1050000,
Cold Start: false
Unique ID: 002ff57f65f3f4b3f39eef412220962a,
Execution Time for Trace ID 002ff57f65f3f4b3f39eef412220962a: 56 ms
Input: 1050000,
Cold Start: false
Unique ID: 25727d76a6c3460c93c80dc169fcbc86,
Execution Time for Trace ID 25727d76a6c3460c93c80dc169fcbc86: 39 ms
Input: 1050000,
Cold Start: false
Unique ID: 58d5266b83ef3e71f6acf111b155edad,
Execution Time for Trace ID 58d5266b83ef3e71f6acf111b155edad: 61 ms
Input: 1050000,
Cold Start: false
Unique ID: c39bc5e41292a5b31de6af0ce26b9176,
Execution Time for Trace ID c39bc5e41292a5b31de6af0ce26b9176: 39 ms
Input: 1050000,
Cold Start: false
Unique ID: 2e66d73f59e53c38a8094890202208f4,
Execution Time for Trace ID 2e66d73f59e53c38a8094890202208f4: 96 ms
Input: 1050000,
Cold Start: false
Unique ID: c665dc0a2fadc5735ced7f65efaf604c,
Execution Time for Trace ID c665dc0a2fadc5735ced7f65efaf604c: 38 ms
Input: 1050000,
Cold Start: false
Unique ID: a3fd5768fdbcd19e033482157b8c9420,
Execution Time for Trace ID a3fd5768fdbcd19e033482157b8c9420: 63 ms
Input: 1050000,
Cold Start: false
Unique ID: 609a0bafeb5c45da331d75082c725223,
Execution Time for Trace ID 609a0bafeb5c45da331d75082c725223: 48 ms
Input: 1050000,
Cold Start: false
Unique ID: ef6098cc5c57947d52f64ccbaf3b7c2f,
Execution Time for Trace ID ef6098cc5c57947d52f64ccbaf3b7c2f: 96 ms
Input: 1050000,
Cold Start: false
Unique ID: 5ee74cfcccad35181b4764e5981117f8,
Execution Time for Trace ID 5ee74cfcccad35181b4764e5981117f8: 39 ms
Input: 1050000,
Cold Start: false
Unique ID: 80e112cb9a4ca891c08581ba457d856b,
Execution Time for Trace ID 80e112cb9a4ca891c08581ba457d856b: 62 ms
Input: 1050000,
Cold Start: false
Unique ID: 6be2818ff646c271cec03dcc493079cf,
Execution Time for Trace ID 6be2818ff646c271cec03dcc493079cf: 42 ms
Input: 1050000,
Cold Start: false
Unique ID: 7a26508a8e872aabfbb572de7873c95c,
Execution Time for Trace ID 7a26508a8e872aabfbb572de7873c95c: 49 ms
Input: 1050000,
Cold Start: false
Unique ID: a3f527777d62ac48186d3583412fff29,
Execution Time for Trace ID a3f527777d62ac48186d3583412fff29: 38 ms
Input: 1050000,
Cold Start: false
Unique ID: 2058f6ecb27fffb21668a1ef5d7b301a,
Execution Time for Trace ID 2058f6ecb27fffb21668a1ef5d7b301a: 67 ms
Input: 1050000,
Cold Start: false
Unique ID: 5b1fd94e621a7c1ffd1fd9c399f8778b,
Execution Time for Trace ID 5b1fd94e621a7c1ffd1fd9c399f8778b: 77 ms
Input: 1050000,
Cold Start: false
Unique ID: 4a950989631d71d802c2c2d47a7d0d26,
Execution Time for Trace ID 4a950989631d71d802c2c2d47a7d0d26: 56 ms
Input: 1050000,
Cold Start: false
Unique ID: e82f9568812857eaa2bae16c7f86b11e,
Execution Time for Trace ID e82f9568812857eaa2bae16c7f86b11e: 38 ms
Input: 1050000,
Cold Start: false
Unique ID: 51658c622f72029c20871b8b61fec34c,
Execution Time for Trace ID 51658c622f72029c20871b8b61fec34c: 51 ms
Input: 1050000,
Cold Start: false
Unique ID: 3571907b28387d79d18a68257f7ec1ff,
Execution Time for Trace ID 3571907b28387d79d18a68257f7ec1ff: 75 ms
Input: 1050000,
Cold Start: false
Unique ID: 6c53405a8720b5dd63e96f978a3cbb4a,
Execution Time for Trace ID 6c53405a8720b5dd63e96f978a3cbb4a: 60 ms
Input: 1050000,
Cold Start: false
Unique ID: 932153827211188fc1bcadaa260039f3,
Execution Time for Trace ID 932153827211188fc1bcadaa260039f3: 39 ms
Input: 1050000,
Cold Start: false
Unique ID: 81198dbf70d1c59c916b7f1354ec45b2,
Execution Time for Trace ID 81198dbf70d1c59c916b7f1354ec45b2: 67 ms
Input: 1050000,
Cold Start: false
Unique ID: 8ccffd9179db92852335ca4d5ee279d6,
Execution Time for Trace ID 8ccffd9179db92852335ca4d5ee279d6: 44 ms
Input: 1050000,
Cold Start: false
Unique ID: 4e382148b58ece05b655eb09a6e96701,
Execution Time for Trace ID 4e382148b58ece05b655eb09a6e96701: 54 ms
Input: 1050000,
Cold Start: false
Unique ID: 2e28a40efc53bb632dbb55d8df014a87,
Execution Time for Trace ID 2e28a40efc53bb632dbb55d8df014a87: 38 ms
Input: 1050000,
Cold Start: false
Unique ID: d86949ad6751d77ce40d2e60b68ed8b5,
Execution Time for Trace ID d86949ad6751d77ce40d2e60b68ed8b5: 59 ms
Input: 1050000,
Cold Start: false
Unique ID: a046d768991bd632d4e9dcfc88e330a1,
Execution Time for Trace ID a046d768991bd632d4e9dcfc88e330a1: 38 ms
Input: 1050000,
Cold Start: false
Unique ID: a0296056a7d3334530f1cb218d152747,
Execution Time for Trace ID a0296056a7d3334530f1cb218d152747: 59 ms
Input: 1050000,
Cold Start: false
Unique ID: 4bba8f380fc8fa1dfe084be25c66abdd,
Execution Time for Trace ID 4bba8f380fc8fa1dfe084be25c66abdd: 39 ms
Input: 1050000,
Cold Start: false
Unique ID: 183441c6fb33ba4cacface262ed9ff07,
Execution Time for Trace ID 183441c6fb33ba4cacface262ed9ff07: 62 ms
Input: 1050000,
Cold Start: false
Unique ID: fc9b05a67a7c3428a9357b7f1ac8321e,
Execution Time for Trace ID fc9b05a67a7c3428a9357b7f1ac8321e: 75 ms
Input: 1050000,
Cold Start: false
Unique ID: ddfc2c7a65eb078c7c1b2dd0928689f6,
Execution Time for Trace ID ddfc2c7a65eb078c7c1b2dd0928689f6: 63 ms
Input: 1050000,
Cold Start: false
Unique ID: 3b7fe83bfef78d1d9ea1feec8524b1e5,
Execution Time for Trace ID 3b7fe83bfef78d1d9ea1feec8524b1e5: 40 ms
Input: 1050000,
Cold Start: false
Unique ID: 73453d44ca16c15b93caf212c816d255,
Execution Time for Trace ID 73453d44ca16c15b93caf212c816d255: 67 ms
Input: 1050000,
Cold Start: false
Unique ID: 2da99a2ea9dabfaa129ffa558aaa5ec9,
Execution Time for Trace ID 2da99a2ea9dabfaa129ffa558aaa5ec9: 80 ms
Input: 1050000,
Cold Start: false
Unique ID: 5948f4b42c6ee98e17b5246619b604de,
Execution Time for Trace ID 5948f4b42c6ee98e17b5246619b604de: 53 ms
Input: 1050000,
Cold Start: false
Unique ID: 5c01ad092264120d0204d008f1705f49,
Execution Time for Trace ID 5c01ad092264120d0204d008f1705f49: 38 ms
Input: 1050000,
Cold Start: false
Unique ID: 219f1de04d7839d280e7cad4d6aa310b,
Execution Time for Trace ID 219f1de04d7839d280e7cad4d6aa310b: 42 ms
Input: 1050000,
Cold Start: false
Unique ID: 55e2350f1921927b7ab626106fa56ee6,
Execution Time for Trace ID 55e2350f1921927b7ab626106fa56ee6: 62 ms
Input: 1050000,
Cold Start: false
Unique ID: 31130748275b0a727a2c723a773f61db,
Execution Time for Trace ID 31130748275b0a727a2c723a773f61db: 58 ms
Input: 1050000,
Cold Start: false
Unique ID: cda9214a1c6662988dcf4e9e55b5c354,
Execution Time for Trace ID cda9214a1c6662988dcf4e9e55b5c354: 89 ms
Input: 1050000,
Cold Start: false
Unique ID: cf0d5cdb4f372f3a2b7268c5aaf37962,
Execution Time for Trace ID cf0d5cdb4f372f3a2b7268c5aaf37962: 82 ms
Input: 1050000,
Cold Start: false
Unique ID: d553422c35bafb6052ff38a5153dce10,
Execution Time for Trace ID d553422c35bafb6052ff38a5153dce10: 110 ms
Input: 1050000,
Cold Start: false
Unique ID: 1cf4741294099b8c86b866d0d32ec2cf,
Execution Time for Trace ID 1cf4741294099b8c86b866d0d32ec2cf: 83 ms
Input: 1050000,
Cold Start: false
Unique ID: 778afb85021e0506169c646541837d01,
Execution Time for Trace ID 778afb85021e0506169c646541837d01: 81 ms
Input: 1050000,
Cold Start: false
Unique ID: ef3955e3dce83286625c6905ce190c40,
Execution Time for Trace ID ef3955e3dce83286625c6905ce190c40: 41 ms
Input: 1050000,
Cold Start: false
Unique ID: f489bf2dfa4ceebfbe50fdf7462fb093,
Execution Time for Trace ID f489bf2dfa4ceebfbe50fdf7462fb093: 41 ms
Input: 1050000,
Cold Start: false
Unique ID: 5f8b332301fe4d4db7d2f62d4c29cd2c,
Execution Time for Trace ID 5f8b332301fe4d4db7d2f62d4c29cd2c: 60 ms
Input: 1050000,
Cold Start: false
Unique ID: 29c26f36bbf70c0855e7d13db1173f7d,
Execution Time for Trace ID 29c26f36bbf70c0855e7d13db1173f7d: 79 ms
Input: 1050000,
Cold Start: false
Unique ID: 93094e9c6db47d7147647d27c359d76b,
Execution Time for Trace ID 93094e9c6db47d7147647d27c359d76b: 64 ms
Input: 1050000,
Cold Start: false
Unique ID: 1f2007da05654fb586aff8c6ea9d099a,
Execution Time for Trace ID 1f2007da05654fb586aff8c6ea9d099a: 86 ms
Input: 1050000,
Cold Start: false
Unique ID: 0f202b054249b0d10cef010e23e62056,
Execution Time for Trace ID 0f202b054249b0d10cef010e23e62056: 57 ms
Input: 1050000,
Cold Start: false
Unique ID: b84e9a68344b06ea8922381d71532df1,
Execution Time for Trace ID b84e9a68344b06ea8922381d71532df1: 38 ms
Input: 1050000,
Cold Start: false
Unique ID: 1e32e95e54f6cb1fbb09c24873573454,
Execution Time for Trace ID 1e32e95e54f6cb1fbb09c24873573454: 75 ms
Input: 1050000,
Cold Start: false
Unique ID: 0319bcac86dbca04aab697409c623116,
Execution Time for Trace ID 0319bcac86dbca04aab697409c623116: 86 ms
Input: 1050000,
Cold Start: false
Unique ID: dd8022d3c24520a179b94e46f361225f,
Execution Time for Trace ID dd8022d3c24520a179b94e46f361225f: 70 ms
Input: 1050000,
Cold Start: false
Unique ID: d5b1a038fbad8c70cc9514f704083cfd,
Execution Time for Trace ID d5b1a038fbad8c70cc9514f704083cfd: 77 ms
Input: 1050000,
Cold Start: false
Unique ID: d531a61e35cfd8d820bbf0088fa1fd87,
Execution Time for Trace ID d531a61e35cfd8d820bbf0088fa1fd87: 45 ms
Input: 1050000,
Cold Start: false
Unique ID: 4018a545a6ee6a8b11653293287a24de,
Execution Time for Trace ID 4018a545a6ee6a8b11653293287a24de: 43 ms
Input: 1050000,
Cold Start: false
Unique ID: 3021423ff986d29e1830ecef6d466ef3,
Execution Time for Trace ID 3021423ff986d29e1830ecef6d466ef3: 40 ms
Input: 1050000,
Cold Start: false
Unique ID: 1edd87178f0d9f8bfb72f0ead2edf883,
Execution Time for Trace ID 1edd87178f0d9f8bfb72f0ead2edf883: 64 ms
Input: 1050000,
Cold Start: false
Unique ID: cec07dea47fe5a710b169fd2ef389a8e,
Execution Time for Trace ID cec07dea47fe5a710b169fd2ef389a8e: 48 ms
Input: 1050000,
Cold Start: false
Unique ID: b6cedeb755a7aa5608c02f65b25e7349,
Execution Time for Trace ID b6cedeb755a7aa5608c02f65b25e7349: 39 ms
Input: 1050000,
Cold Start: false
Unique ID: 5cf8aa5cdb554036215dc68077c20155,
Execution Time for Trace ID 5cf8aa5cdb554036215dc68077c20155: 39 ms
Input: 1050000,
Cold Start: false
Unique ID: 69b42b634a9ddf6e37914ddcbd348665,
Execution Time for Trace ID 69b42b634a9ddf6e37914ddcbd348665: 38 ms
Input: 1050000,
Cold Start: false
Unique ID: fefe5884550cc9d26f2a39eda95381c9,
Execution Time for Trace ID fefe5884550cc9d26f2a39eda95381c9: 68 ms
Input: 1050000,
Cold Start: false
Unique ID: 4a8fbf1ab65493413cafc7033039d546,
Execution Time for Trace ID 4a8fbf1ab65493413cafc7033039d546: 89 ms
Input: 1050000,
Cold Start: false
Unique ID: 3694389d7a46dbd41071a8069562b6be,
Execution Time for Trace ID 3694389d7a46dbd41071a8069562b6be: 52 ms
Input: 1050000,
Cold Start: false
Unique ID: 162e13a696abf0dd7cd5f6b4509aaa3f,
Execution Time for Trace ID 162e13a696abf0dd7cd5f6b4509aaa3f: 38 ms
Input: 1050000,
Cold Start: false
Unique ID: 7675ed7ff20b56eec4d319ef9fdbf309,
Execution Time for Trace ID 7675ed7ff20b56eec4d319ef9fdbf309: 62 ms
Input: 1050000,
Cold Start: false
Unique ID: 779d0a251b1ef2a368499426a7d55d1a,
Execution Time for Trace ID 779d0a251b1ef2a368499426a7d55d1a: 39 ms
Input: 1050000,
Cold Start: false
Unique ID: f59a1ea555e0b561964f8f1c982d6544,
Execution Time for Trace ID f59a1ea555e0b561964f8f1c982d6544: 61 ms
Input: 1050000,
Cold Start: false
Unique ID: 11bb1661fda9295d558b4798e9b53a33,
Execution Time for Trace ID 11bb1661fda9295d558b4798e9b53a33: 38 ms
Input: 1050000,
Cold Start: false
Unique ID: 8d50478e1bed3fbe3d234d8cdbc6c345,
Execution Time for Trace ID 8d50478e1bed3fbe3d234d8cdbc6c345: 62 ms
Input: 1050000,
Cold Start: false
Unique ID: 0504b2660135770e29dd6bdfbd4d5dff,
Execution Time for Trace ID 0504b2660135770e29dd6bdfbd4d5dff: 38 ms
Input: 1050000,
Cold Start: false
Unique ID: 7a4b6ea61fe51c38330b54b5e6cc837d,
Execution Time for Trace ID 7a4b6ea61fe51c38330b54b5e6cc837d: 45 ms
Input: 1050000,
Cold Start: false
Unique ID: 0eb6ddcd1715b3f3ed893c8424d6fc94,
Execution Time for Trace ID 0eb6ddcd1715b3f3ed893c8424d6fc94: 76 ms
Input: 1050000,
Cold Start: false
Unique ID: da2473cb9fcca0c9a65fe280f98e22de,
Execution Time for Trace ID da2473cb9fcca0c9a65fe280f98e22de: 39 ms
Input: 1050000,
Cold Start: false
Unique ID: 4a007bc7da3c77b3a027b96e8744e03b,
Execution Time for Trace ID 4a007bc7da3c77b3a027b96e8744e03b: 38 ms
Input: 1050000,
Cold Start: false
Unique ID: fced2df343b4194705378164722a35e3,
Execution Time for Trace ID fced2df343b4194705378164722a35e3: 63 ms
Input: 1050000,
Cold Start: false
Unique ID: 25c37fb20d7210d40e15559887856e69,
Execution Time for Trace ID 25c37fb20d7210d40e15559887856e69: 59 ms
Input: 1050000,
Cold Start: false
Unique ID: 6a58f56a76e06ca06c8eb8cc5c3c8480,
Execution Time for Trace ID 6a58f56a76e06ca06c8eb8cc5c3c8480: 46 ms
Input: 1050000,
Cold Start: false
Unique ID: d11b78d0291ae5cc453765df7d6d3393,
Execution Time for Trace ID d11b78d0291ae5cc453765df7d6d3393: 43 ms
Input: 1050000,
Cold Start: false
Unique ID: 6b1641c4b66f42d0ebadbd9c346e9a96,
Execution Time for Trace ID 6b1641c4b66f42d0ebadbd9c346e9a96: 69 ms
Input: 1050000,
Cold Start: false
Unique ID: 71ef57487821f593bd0a3259ca55aaec,
Execution Time for Trace ID 71ef57487821f593bd0a3259ca55aaec: 66 ms
Input: 1050000,
Cold Start: false
Unique ID: 60bbae5c6134cc3f56ec630435739ac5,
Execution Time for Trace ID 60bbae5c6134cc3f56ec630435739ac5: 40 ms
Input: 1050000,
Cold Start: false
Unique ID: 68a8f9f6b32eabc79a47e772e9dd08b7,
Execution Time for Trace ID 68a8f9f6b32eabc79a47e772e9dd08b7: 38 ms
Input: 1050000,
Cold Start: false
Unique ID: 7c96b416b19214d6e704d3afcc506ec8,
Execution Time for Trace ID 7c96b416b19214d6e704d3afcc506ec8: 60 ms
Input: 1050000,
Cold Start: false
Unique ID: bd9554f4b23ebb639d5262e3c89b37c5,
Execution Time for Trace ID bd9554f4b23ebb639d5262e3c89b37c5: 75 ms
Input: 1050000,
Cold Start: false
Unique ID: d7784823287dcd4b50d2341151fee999,
Execution Time for Trace ID d7784823287dcd4b50d2341151fee999: 41 ms
Input: 1050000,
Cold Start: false
Unique ID: 9a1a5a33d57f0a08706b8af22031e896,
Execution Time for Trace ID 9a1a5a33d57f0a08706b8af22031e896: 44 ms
Input: 1050000,
Cold Start: false
Unique ID: cdf3367cc96a71c793105518ed467053,
Execution Time for Trace ID cdf3367cc96a71c793105518ed467053: 48 ms
Input: 1050000,
Cold Start: false
Unique ID: 18fabd6e8e97fb3869b97f4317da2230,
Execution Time for Trace ID 18fabd6e8e97fb3869b97f4317da2230: 39 ms
Input: 1050000,
Cold Start: false
Unique ID: e63150e91262889945516cfb1b33d3a0,
Execution Time for Trace ID e63150e91262889945516cfb1b33d3a0: 69 ms
Input: 1050000,
Cold Start: false
Unique ID: 399b2645cdd563188a4f4d0e70030b8b,
Execution Time for Trace ID 399b2645cdd563188a4f4d0e70030b8b: 39 ms
Input: 1050000,
Cold Start: false
Unique ID: 332b5776a1b6b98a032002758e3f7bd9,
Execution Time for Trace ID 332b5776a1b6b98a032002758e3f7bd9: 59 ms
Input: 1050000,
Cold Start: false
Unique ID: 37d32744a315fe7eae8eb7e6c93c978a,
Execution Time for Trace ID 37d32744a315fe7eae8eb7e6c93c978a: 40 ms
Input: 1050000,
Cold Start: false
Unique ID: 48746b68c5dc5ed27839d1dc32834c57,
Execution Time for Trace ID 48746b68c5dc5ed27839d1dc32834c57: 67 ms
Input: 1050000,
Cold Start: false
Unique ID: f8a509a5a8fd44aed8c8aba630da4dac,
Execution Time for Trace ID f8a509a5a8fd44aed8c8aba630da4dac: 43 ms
Input: 1050000,
Cold Start: false
Unique ID: efd1a273119847b80bcf2c470c84e474,
Execution Time for Trace ID efd1a273119847b80bcf2c470c84e474: 49 ms
Input: 1050000,
Cold Start: false
Unique ID: f1dacb98ad9266c210f65cd0c6d76a85,
Execution Time for Trace ID f1dacb98ad9266c210f65cd0c6d76a85: 39 ms
Input: 1050000,
Cold Start: false
Unique ID: dbbbcd1b1ec492823a5983f7efa9dbbd,
Execution Time for Trace ID dbbbcd1b1ec492823a5983f7efa9dbbd: 40 ms
Input: 1050000,
Cold Start: false
Unique ID: ad0a7aa3e92ad5adfe5c076f5a0589e0,
Execution Time for Trace ID ad0a7aa3e92ad5adfe5c076f5a0589e0: 79 ms
Input: 1050000,
Cold Start: false
Unique ID: 2aa50e0cd9670d6b234082b22dc05bfb,
Execution Time for Trace ID 2aa50e0cd9670d6b234082b22dc05bfb: 51 ms
Input: 1050000,
Cold Start: false
Unique ID: 470b89bc31f1f14d19c131c91affef51,
Execution Time for Trace ID 470b89bc31f1f14d19c131c91affef51: 39 ms
Input: 1050000,
Cold Start: false
Unique ID: f405cd6feff2dcd09f721db69c50d8cf,
Execution Time for Trace ID f405cd6feff2dcd09f721db69c50d8cf: 66 ms
Input: 1050000,
Cold Start: false
Unique ID: 3fe4dd0b3402f0e3bd60083c3997a975,
Execution Time for Trace ID 3fe4dd0b3402f0e3bd60083c3997a975: 82 ms
Input: 1050000,
Cold Start: false
Unique ID: b30798dbd85a777b877ed03931e96fbb,
Execution Time for Trace ID b30798dbd85a777b877ed03931e96fbb: 48 ms
Input: 1050000,
Cold Start: false
Unique ID: c34c04918523102612dc08dd6dc1ea64,
Execution Time for Trace ID c34c04918523102612dc08dd6dc1ea64: 38 ms
Input: 1050000,
Cold Start: false
Unique ID: f2dec57ceec0a0633d7104ce08d093dd,
Execution Time for Trace ID f2dec57ceec0a0633d7104ce08d093dd: 65 ms
Input: 1050000,
Cold Start: false
Unique ID: f739e066f6a23dd8ea1ef88a5dddf7fb,
Execution Time for Trace ID f739e066f6a23dd8ea1ef88a5dddf7fb: 39 ms
Input: 1050000,
Cold Start: false
Unique ID: 704ca9a2a59b5a36bf2ed2ddaf5a668e,
Execution Time for Trace ID 704ca9a2a59b5a36bf2ed2ddaf5a668e: 53 ms
Input: 1050000,
Cold Start: false
Unique ID: 87b57848f76c8fd8d65b1bde326586cf,
Execution Time for Trace ID 87b57848f76c8fd8d65b1bde326586cf: 39 ms
Input: 1050000,
Cold Start: false
Unique ID: 133c5961fceca73d8243be1b13f04fd4,
Execution Time for Trace ID 133c5961fceca73d8243be1b13f04fd4: 63 ms
Input: 1050000,
Cold Start: false
Unique ID: b8fc36fca78fb30204800b1738e5ea25,
Execution Time for Trace ID b8fc36fca78fb30204800b1738e5ea25: 75 ms
Input: 1050000,
Cold Start: false
Unique ID: b99038d625a2ced973493a1a5d2f7055,
Execution Time for Trace ID b99038d625a2ced973493a1a5d2f7055: 52 ms
Input: 1050000,
Cold Start: false
Unique ID: 1f675833dcf81faf0e8da5123ae413ee,
Execution Time for Trace ID 1f675833dcf81faf0e8da5123ae413ee: 64 ms
Input: 1050000,
Cold Start: false
Unique ID: 8cf2f2319ba495d392e7d8d17a30edc3,
Execution Time for Trace ID 8cf2f2319ba495d392e7d8d17a30edc3: 48 ms
Input: 1050000,
Cold Start: false
Unique ID: 31e96d2861cd0d0822a13d1fbc989af3,
Execution Time for Trace ID 31e96d2861cd0d0822a13d1fbc989af3: 85 ms
Input: 1050000,
Cold Start: false
Unique ID: 49ecbf65ffedfe5c434ebd0d91360ecc,
Execution Time for Trace ID 49ecbf65ffedfe5c434ebd0d91360ecc: 44 ms
Input: 1050000,
Cold Start: false
Unique ID: b5ba39517b329d36207950e33b7e5bd4,
Execution Time for Trace ID b5ba39517b329d36207950e33b7e5bd4: 39 ms
Input: 1050000,
Cold Start: false
Unique ID: b67ab48b8c17b5bb00fbb403a3102dff,
Execution Time for Trace ID b67ab48b8c17b5bb00fbb403a3102dff: 70 ms
Input: 1050000,
Cold Start: false
Unique ID: 3e019854d48975e189830c0da9f1e0e0,
Execution Time for Trace ID 3e019854d48975e189830c0da9f1e0e0: 39 ms
Input: 1050000,
Cold Start: false
Unique ID: e58a17d9d5e773f8911242653b0387e2,
Execution Time for Trace ID e58a17d9d5e773f8911242653b0387e2: 92 ms
Input: 1050000,
Cold Start: false
Unique ID: a32579cb744d69bf9ba1431c49e32d41,
Execution Time for Trace ID a32579cb744d69bf9ba1431c49e32d41: 38 ms
Input: 1050000,
Cold Start: false
Unique ID: e7bf649c52c4ee09847ff166856387be,
Execution Time for Trace ID e7bf649c52c4ee09847ff166856387be: 68 ms
Input: 1050000,
Cold Start: false
Unique ID: 3ef1cd5154ac939f2c848bcf0823e3d1,
Execution Time for Trace ID 3ef1cd5154ac939f2c848bcf0823e3d1: 40 ms
Input: 1050000,
Cold Start: false
Unique ID: 2801bd6782fc8089f41969f6193e1db9,
Execution Time for Trace ID 2801bd6782fc8089f41969f6193e1db9: 54 ms
Input: 1050000,
Cold Start: false
Unique ID: 2b0bf36899911b532f12aa59842b4d3d,
Execution Time for Trace ID 2b0bf36899911b532f12aa59842b4d3d: 39 ms
Input: 1050000,
Cold Start: false
Unique ID: 107173538cff4911a16e6b70f23a3e43,
Execution Time for Trace ID 107173538cff4911a16e6b70f23a3e43: 61 ms
Input: 1050000,
Cold Start: false
Unique ID: e4a69c1a35dd4847a69e7ba919f5ed96,
Execution Time for Trace ID e4a69c1a35dd4847a69e7ba919f5ed96: 72 ms
Input: 1050000,
Cold Start: false
Unique ID: 3c3eac1584e44d9cd243197271f710a5,
Execution Time for Trace ID 3c3eac1584e44d9cd243197271f710a5: 53 ms
Input: 1050000,
Cold Start: false
Unique ID: e4a16f172e5e092737ae26f23e54deb0,
Execution Time for Trace ID e4a16f172e5e092737ae26f23e54deb0: 38 ms
Input: 1050000,
Cold Start: false
Unique ID: 27ecbb2634559ef553d2b189aab5b869,
Execution Time for Trace ID 27ecbb2634559ef553d2b189aab5b869: 66 ms
Input: 1050000,
Cold Start: false
Unique ID: 1c622ddf2a2d028d03f8091e55bff683,
Execution Time for Trace ID 1c622ddf2a2d028d03f8091e55bff683: 79 ms
Input: 1050000,
Cold Start: false
Unique ID: acd115a6c2b20eb5e7eab417f93f128c,
Execution Time for Trace ID acd115a6c2b20eb5e7eab417f93f128c: 58 ms
Input: 1050000,
Cold Start: false
Unique ID: 2d7929c8536b99e6676c41f72a64d06d,
Execution Time for Trace ID 2d7929c8536b99e6676c41f72a64d06d: 38 ms
Input: 1050000,
Cold Start: false
Unique ID: dfe997feee72882d6138337fc5b580c2,
Execution Time for Trace ID dfe997feee72882d6138337fc5b580c2: 39 ms
Input: 1050000,
Cold Start: false
Unique ID: 458f31f59e9d93a9e6c8a7af0bdee3ef,
Execution Time for Trace ID 458f31f59e9d93a9e6c8a7af0bdee3ef: 40 ms
Input: 1050000,
Cold Start: false
Unique ID: b574a6fab68c2f96a3764fc7408aa8a3,
Execution Time for Trace ID b574a6fab68c2f96a3764fc7408aa8a3: 49 ms
Input: 1050000,
Cold Start: false
Unique ID: 5f7777025c174f4ca6d8fab1427d6912,
Execution Time for Trace ID 5f7777025c174f4ca6d8fab1427d6912: 37 ms
Input: 1050000,
Cold Start: false
Unique ID: 22da9d3259619f44bd711e72f9f4126a,
Execution Time for Trace ID 22da9d3259619f44bd711e72f9f4126a: 63 ms
Input: 1050000,
Cold Start: false
Unique ID: 2161b21e3f4cab30bf7e55b5e68267d7,
Execution Time for Trace ID 2161b21e3f4cab30bf7e55b5e68267d7: 41 ms
Input: 1050000,
Cold Start: false
Unique ID: b07fe785749aa25b6138337fc5b583f2,
Execution Time for Trace ID b07fe785749aa25b6138337fc5b583f2: 77 ms
Input: 1050000,
Cold Start: false
Unique ID: 77ddc59f331c8efe6ec6b6fa5a545a78,
Execution Time for Trace ID 77ddc59f331c8efe6ec6b6fa5a545a78: 38 ms
Input: 1050000,
Cold Start: false
Unique ID: ba7b8b6c3b0ba1c83d8bdccbd80a9087,
Execution Time for Trace ID ba7b8b6c3b0ba1c83d8bdccbd80a9087: 65 ms
Input: 1050000,
Cold Start: false
Unique ID: 689caf4c57304a613e23d18e8112efa4,
Execution Time for Trace ID 689caf4c57304a613e23d18e8112efa4: 80 ms
Input: 1050000,
Cold Start: false
Unique ID: 6efa1f45391d3b866c5a236f7e4e077c,
Execution Time for Trace ID 6efa1f45391d3b866c5a236f7e4e077c: 52 ms
Input: 1050000,
Cold Start: false
Unique ID: e7f76b258903f6bb4a85750475e7375e,
Execution Time for Trace ID e7f76b258903f6bb4a85750475e7375e: 38 ms
Input: 1050000,
Cold Start: false
Unique ID: b1b0026900c4d82e3cab36fd864755db,
Execution Time for Trace ID b1b0026900c4d82e3cab36fd864755db: 64 ms
Input: 1050000,
Cold Start: false
Unique ID: 5f38f2d6fd61e82b579d4a940b7047ab,
Execution Time for Trace ID 5f38f2d6fd61e82b579d4a940b7047ab: 44 ms
Input: 1050000,
Cold Start: false
Unique ID: 10478be23ef6eef7a9072880f4794913,
Execution Time for Trace ID 10478be23ef6eef7a9072880f4794913: 56 ms
Input: 1050000,
Cold Start: false
Unique ID: 084c231c37b195b24149f3021275047a,
Execution Time for Trace ID 084c231c37b195b24149f3021275047a: 39 ms
Input: 1050000,
Cold Start: false
Unique ID: 9e8bcd47f5f66484d8fa49ded798cd75,
Execution Time for Trace ID 9e8bcd47f5f66484d8fa49ded798cd75: 63 ms
Input: 1050000,
Cold Start: false
Unique ID: 1b813532caa8009de111e53f7959081e,
Execution Time for Trace ID 1b813532caa8009de111e53f7959081e: 83 ms
Input: 1050000,
Cold Start: false
Unique ID: a86d122ea1fa92053c5858db79ff8489,
Execution Time for Trace ID a86d122ea1fa92053c5858db79ff8489: 52 ms
Input: 1050000,
Cold Start: false
Unique ID: 048594d154f75b70396074e8f6803024,
Execution Time for Trace ID 048594d154f75b70396074e8f6803024: 38 ms
Input: 1050000,
Cold Start: false
Unique ID: dde990acec3a81ffa22ccf79a33f86e9,
Execution Time for Trace ID dde990acec3a81ffa22ccf79a33f86e9: 38 ms
Input: 1050000,
Cold Start: false
Unique ID: cc4c5c1b7ca6e722e5191abe167f45b4,
Execution Time for Trace ID cc4c5c1b7ca6e722e5191abe167f45b4: 39 ms
Input: 1050000,
Cold Start: false
Unique ID: a84d6d325f5f24877a9141221b9c3ceb,
Execution Time for Trace ID a84d6d325f5f24877a9141221b9c3ceb: 58 ms
Input: 1050000,
Cold Start: false
Unique ID: ff4e35fcacde15ef3be3a57867de5b8b,
Execution Time for Trace ID ff4e35fcacde15ef3be3a57867de5b8b: 38 ms
Input: 1050000,
Cold Start: false
Unique ID: 3e8b4e71dbf1f038f1f43baf433c4ddd,
Execution Time for Trace ID 3e8b4e71dbf1f038f1f43baf433c4ddd: 63 ms
Input: 1050000,
Cold Start: false
Unique ID: 12293462ba884a0268046c2d8fc01a26,
Execution Time for Trace ID 12293462ba884a0268046c2d8fc01a26: 40 ms
Input: 1050000,
Cold Start: false
Unique ID: 21525f9a346e52a3bb24a73be34fb747,
Execution Time for Trace ID 21525f9a346e52a3bb24a73be34fb747: 85 ms
Input: 1050000,
Cold Start: false
Unique ID: 2c536680ec8e736aedf13dccb53f07b5,
Execution Time for Trace ID 2c536680ec8e736aedf13dccb53f07b5: 75 ms
Input: 1050000,
Cold Start: false
Unique ID: c806e2f3f471bd74b49bf668984e03c3,
Execution Time for Trace ID c806e2f3f471bd74b49bf668984e03c3: 42 ms
Input: 1050000,
Cold Start: false
Unique ID: ac4dbc047f771fca182031fce9d6d443,
Execution Time for Trace ID ac4dbc047f771fca182031fce9d6d443: 38 ms
Input: 1050000,
Cold Start: false
Unique ID: 6ee746d741052d83102520df65dd11f8,
Execution Time for Trace ID 6ee746d741052d83102520df65dd11f8: 56 ms
Input: 1050000,
Cold Start: false
Unique ID: baf24bfa2ff20c31c3bacdf6bca04bb8,
Execution Time for Trace ID baf24bfa2ff20c31c3bacdf6bca04bb8: 38 ms
Input: 1050000,
Cold Start: false
Unique ID: 32b112242d1c6dc17061714fcaacfdbf,
Execution Time for Trace ID 32b112242d1c6dc17061714fcaacfdbf: 70 ms
Input: 1050000,
Cold Start: false
Unique ID: 14096032d712c3549f8f5dbc3e54d8e0,
Execution Time for Trace ID 14096032d712c3549f8f5dbc3e54d8e0: 81 ms
Input: 1050000,
Cold Start: false
Unique ID: 3de3a725a829cf9f9c1f732508f693db,
Execution Time for Trace ID 3de3a725a829cf9f9c1f732508f693db: 57 ms
Input: 1050000,
Cold Start: false
Unique ID: fd3c2841d9a53837bb22e6b22620b678,
Execution Time for Trace ID fd3c2841d9a53837bb22e6b22620b678: 38 ms
Input: 1050000,
Cold Start: false
Unique ID: 50da4778200d2ebdbc4d8b0ee8c261e0,
Execution Time for Trace ID 50da4778200d2ebdbc4d8b0ee8c261e0: 64 ms
Input: 1050000,
Cold Start: false
Unique ID: 7ed0f9aa84ee51fafe2c0de7a48f4ed4,
Execution Time for Trace ID 7ed0f9aa84ee51fafe2c0de7a48f4ed4: 79 ms
Input: 1050000,
Cold Start: false
Unique ID: df1183439d5b5cc4a5adc55c0ebd3f1b,
Execution Time for Trace ID df1183439d5b5cc4a5adc55c0ebd3f1b: 78 ms
Input: 1050000,
Cold Start: false
Unique ID: 4f9fbdc6104aa930bd7b5d83b38f40ca,
Execution Time for Trace ID 4f9fbdc6104aa930bd7b5d83b38f40ca: 77 ms
Input: 1050000,
Cold Start: false
Unique ID: 5f5b6862fb7cdeed52d1f690360a7dcd,
Execution Time for Trace ID 5f5b6862fb7cdeed52d1f690360a7dcd: 40 ms
Input: 1050000,
Cold Start: false
Unique ID: fbd384328bcc1af64bc2382f4f17351d,
Execution Time for Trace ID fbd384328bcc1af64bc2382f4f17351d: 39 ms
Input: 1050000,
Cold Start: false
Unique ID: 0c46e8bc2dec84ed644fe79ac64a6645,
Execution Time for Trace ID 0c46e8bc2dec84ed644fe79ac64a6645: 132 ms
Input: 1050000,
Cold Start: false
Unique ID: 91ec4bf539ac9fcb0a01057c5165b6d7,
Execution Time for Trace ID 91ec4bf539ac9fcb0a01057c5165b6d7: 82 ms
Input: 1050000,
Cold Start: false
Unique ID: b8ce99fd253d5212d5ca5f61f70ffd79,
Execution Time for Trace ID b8ce99fd253d5212d5ca5f61f70ffd79: 42 ms
Input: 1050000,
Cold Start: false
Unique ID: e601d2d0de4a5770f44290d481851315,
Execution Time for Trace ID e601d2d0de4a5770f44290d481851315: 86 ms
Input: 1050000,
Cold Start: false
Unique ID: daae7cfb9137a51150657a9f02a1c626,
Execution Time for Trace ID daae7cfb9137a51150657a9f02a1c626: 41 ms
Input: 1050000,
Cold Start: false
Unique ID: 27429d1c336a481a3544c859dc4e0bce,
Execution Time for Trace ID 27429d1c336a481a3544c859dc4e0bce: 77 ms
Input: 1050000,
Cold Start: false
Unique ID: 304ff75987680d97672ceaac9c9c73e4,
Execution Time for Trace ID 304ff75987680d97672ceaac9c9c73e4: 38 ms
Input: 1050000,
Cold Start: false
Unique ID: 107ee6e9b5724bc7e5ffdad5875266c7,
Execution Time for Trace ID 107ee6e9b5724bc7e5ffdad5875266c7: 37 ms
Input: 1050000,
Cold Start: false
Unique ID: bb982e77a619a2b7b416388c440fa17e,
Execution Time for Trace ID bb982e77a619a2b7b416388c440fa17e: 59 ms
Input: 1050000,
Cold Start: false
Unique ID: 783bf46890cf39d8844f65a1e76b473a,
Execution Time for Trace ID 783bf46890cf39d8844f65a1e76b473a: 84 ms
Input: 1050000,
Cold Start: false
Unique ID: 412c1ae6ad43db37496dd69078523c78,
Execution Time for Trace ID 412c1ae6ad43db37496dd69078523c78: 104 ms
Input: 1050000,
Cold Start: false
Unique ID: e2d0ae1b32ce8de70c7783ebda01846d,
Execution Time for Trace ID e2d0ae1b32ce8de70c7783ebda01846d: 99 ms
Input: 1050000,
Cold Start: false
Unique ID: eaea38a17816c8bdee8bbda105c88dc0,
Execution Time for Trace ID eaea38a17816c8bdee8bbda105c88dc0: 147 ms
Input: 1050000,
Cold Start: false
Unique ID: 1e14824b97211ce748c9c7e28b229242,
Execution Time for Trace ID 1e14824b97211ce748c9c7e28b229242: 42 ms
Input: 1050000,
Cold Start: false
Unique ID: 9bf91088296d811cab0358d833569ba7,
Execution Time for Trace ID 9bf91088296d811cab0358d833569ba7: 136 ms
Input: 1050000,
Cold Start: false
Unique ID: faf50ab2cd3159380c5bf8bd9a01f303,
Execution Time for Trace ID faf50ab2cd3159380c5bf8bd9a01f303: 102 ms
Input: 1050000,
Cold Start: false
Unique ID: 163d5da80debeed15089d20ed7a712ee,
Execution Time for Trace ID 163d5da80debeed15089d20ed7a712ee: 53 ms
Input: 1050000,
Cold Start: false
Unique ID: 268dc3fb177cc7d581f7b441591685db,
Execution Time for Trace ID 268dc3fb177cc7d581f7b441591685db: 81 ms
Input: 1050000,
Cold Start: false
Unique ID: 658dd438e2511d0edcba194d438f82c1,
Execution Time for Trace ID 658dd438e2511d0edcba194d438f82c1: 45 ms
Input: 1050000,
Cold Start: false
Unique ID: 399cc4c646225be18edad0c2f02de594,
Execution Time for Trace ID 399cc4c646225be18edad0c2f02de594: 82 ms
Input: 1050000,
Cold Start: false
Unique ID: 66a14b3e4d11c6bcddcf346c28d69fe0,
Execution Time for Trace ID 66a14b3e4d11c6bcddcf346c28d69fe0: 59 ms
Input: 1050000,
Cold Start: false
Unique ID: e7d2eb174be35b3453309b803920c6f2,
Execution Time for Trace ID e7d2eb174be35b3453309b803920c6f2: 79 ms
Input: 1050000,
Cold Start: false
Unique ID: 3dde4ef9a80203e293aa856662058e83,
Execution Time for Trace ID 3dde4ef9a80203e293aa856662058e83: 50 ms
Input: 1050000,
Cold Start: false
Unique ID: e1a70bd2dfb73f25c882e173336982e1,
Execution Time for Trace ID e1a70bd2dfb73f25c882e173336982e1: 48 ms
Input: 1050000,
Cold Start: false
Unique ID: 59b8c949a33a34ba1d9258afc7471631,
Execution Time for Trace ID 59b8c949a33a34ba1d9258afc7471631: 47 ms
Input: 1050000,
Cold Start: false
Unique ID: 28746422443038956f6dab30c8db9147,
Execution Time for Trace ID 28746422443038956f6dab30c8db9147: 82 ms
Input: 1050000,
Cold Start: false
Unique ID: 6a5b86fb3bbc39a231613f395d2644b3,
Execution Time for Trace ID 6a5b86fb3bbc39a231613f395d2644b3: 48 ms
Input: 1050000,
Cold Start: false
Unique ID: d22f934d2d0934257cf24850e6d9c429,
Execution Time for Trace ID d22f934d2d0934257cf24850e6d9c429: 38 ms
Input: 1050000,
Cold Start: false
Unique ID: 00f5b0613ae8dcdb5a807256fd4f4c4c,
Execution Time for Trace ID 00f5b0613ae8dcdb5a807256fd4f4c4c: 61 ms
Input: 1050000,
Cold Start: false
Unique ID: 47dda856c3da471ad9f5a97e1722ae55,
Execution Time for Trace ID 47dda856c3da471ad9f5a97e1722ae55: 74 ms
Input: 1050000,
Cold Start: false
Unique ID: 42457043e57d6e757c6f03560c1abb57,
Execution Time for Trace ID 42457043e57d6e757c6f03560c1abb57: 38 ms
Input: 1050000,
Cold Start: false
Unique ID: 9083ee22f84da53b039a16097bf522d4,
Execution Time for Trace ID 9083ee22f84da53b039a16097bf522d4: 39 ms
Input: 1050000,
Cold Start: false
Unique ID: c59edafed709d6f218f6d51e78487096,
Execution Time for Trace ID c59edafed709d6f218f6d51e78487096: 57 ms
Input: 1050000,
Cold Start: false
Unique ID: 4fcdd062efa27ed6013b80595159a7dc,
Execution Time for Trace ID 4fcdd062efa27ed6013b80595159a7dc: 79 ms
Input: 1050000,
Cold Start: false
Unique ID: e67efec627c0be2992edf7312b24ec1f,
Execution Time for Trace ID e67efec627c0be2992edf7312b24ec1f: 38 ms
Input: 1050000,
Cold Start: false
Unique ID: 6207daea335098f4e4bef8aade57be7e,
Execution Time for Trace ID 6207daea335098f4e4bef8aade57be7e: 38 ms
Input: 1050000,
Cold Start: false
Unique ID: cf93bd11b8471387a96bccebdb305ce5,
Execution Time for Trace ID cf93bd11b8471387a96bccebdb305ce5: 58 ms
Input: 1050000,
Cold Start: false
Unique ID: 85a685fa20d272e59db7554320b16392,
Execution Time for Trace ID 85a685fa20d272e59db7554320b16392: 37 ms
Input: 1050000,
Cold Start: false
Unique ID: c61384bb395a6653d58943e59b66fdbe,
Execution Time for Trace ID c61384bb395a6653d58943e59b66fdbe: 61 ms
Input: 1050000,
Cold Start: false
Unique ID: 2a6da1eee2c5993e4db2a03b6b47f688,
Execution Time for Trace ID 2a6da1eee2c5993e4db2a03b6b47f688: 37 ms
Input: 1050000,
Cold Start: false
Unique ID: 03a58747feb1749db5e6a3b68ffd50ec,
Execution Time for Trace ID 03a58747feb1749db5e6a3b68ffd50ec: 45 ms
Input: 1050000,
Cold Start: false
Unique ID: b94d22e43d59bfa85273ae0f0c11b192,
Execution Time for Trace ID b94d22e43d59bfa85273ae0f0c11b192: 37 ms
Input: 1050000,
Cold Start: false
Unique ID: b378171dacf236e9ed45857e91c15b58,
Execution Time for Trace ID b378171dacf236e9ed45857e91c15b58: 62 ms
Input: 1050000,
Cold Start: false
Unique ID: d6840d4470aa9e8ce03a8c37eb517e7d,
Execution Time for Trace ID d6840d4470aa9e8ce03a8c37eb517e7d: 38 ms
Input: 1050000,
Cold Start: false
Unique ID: f73f50c8fdb8af87ef08a99bde74a01f,
Execution Time for Trace ID f73f50c8fdb8af87ef08a99bde74a01f: 37 ms
Input: 1050000,
Cold Start: false
Unique ID: 7729594ea44cc5811fbdb954c0381267,
Execution Time for Trace ID 7729594ea44cc5811fbdb954c0381267: 38 ms
Input: 1050000,
Cold Start: false
Unique ID: 0ca7d327a2c818538bb5304305d6bde7,
Execution Time for Trace ID 0ca7d327a2c818538bb5304305d6bde7: 64 ms
Input: 1050000,
Cold Start: false
Unique ID: 0518b8f6ccc3063b50a9876af4e3da4d,
Execution Time for Trace ID 0518b8f6ccc3063b50a9876af4e3da4d: 38 ms
Input: 1050000,
Cold Start: false
Unique ID: bf946cb4bad787d88581d409fc80cc6b,
Execution Time for Trace ID bf946cb4bad787d88581d409fc80cc6b: 43 ms
Input: 1050000,
Cold Start: false
Unique ID: cb52a1c9342a39d501aaf7cdf03a7987,
Execution Time for Trace ID cb52a1c9342a39d501aaf7cdf03a7987: 38 ms
Input: 1050000,
Cold Start: false
Unique ID: 33cf5e0c99759c5aee69c6249aa84cf4,
Execution Time for Trace ID 33cf5e0c99759c5aee69c6249aa84cf4: 66 ms
Input: 1050000,
Cold Start: false
Unique ID: 60921a825553b747fd1f14f24f2b5846,
Execution Time for Trace ID 60921a825553b747fd1f14f24f2b5846: 75 ms
Input: 1050000,
Cold Start: false
Unique ID: d7251f85c0e413e1819aa3e15d81f510,
Execution Time for Trace ID d7251f85c0e413e1819aa3e15d81f510: 62 ms
Input: 1050000,
Cold Start: false
Unique ID: 69f4c2779a1cb044535420ffff2ecf38,
Execution Time for Trace ID 69f4c2779a1cb044535420ffff2ecf38: 39 ms
Input: 1050000,
Cold Start: false
Unique ID: 8a404349459a0698ab8e8cb87f4f9d68,
Execution Time for Trace ID 8a404349459a0698ab8e8cb87f4f9d68: 64 ms
Input: 1050000,
Cold Start: false
Unique ID: e6ca29455752a7805159696a47ee76ec,
Execution Time for Trace ID e6ca29455752a7805159696a47ee76ec: 89 ms
Input: 1050000,
Cold Start: false
Unique ID: 7aafbdbce5f7177110d5a5119160eda1,
Execution Time for Trace ID 7aafbdbce5f7177110d5a5119160eda1: 64 ms
Input: 1050000,
Cold Start: false
Unique ID: f37f576d571356329a3d0780dc9c7c99,
Execution Time for Trace ID f37f576d571356329a3d0780dc9c7c99: 38 ms
Input: 1050000,
Cold Start: false
Unique ID: 7dbb9456bb3db3d6c7b351864bfc500e,
Execution Time for Trace ID 7dbb9456bb3db3d6c7b351864bfc500e: 64 ms
Input: 1050000,
Cold Start: false
Unique ID: 7e8952a4b6901500659e67ede2c55b93,
Execution Time for Trace ID 7e8952a4b6901500659e67ede2c55b93: 39 ms
Input: 1050000,
Cold Start: false
Unique ID: 9b4831a66fad79a5a487eceb66158330,
Execution Time for Trace ID 9b4831a66fad79a5a487eceb66158330: 88 ms
Input: 1050000,
Cold Start: false
Unique ID: bc82aa2458df0dd5af6784d1e592a60d,
Execution Time for Trace ID bc82aa2458df0dd5af6784d1e592a60d: 38 ms
Input: 1050000,
Cold Start: false
Unique ID: c4b67e51dacda6b5996f8d27e89674a9,
Execution Time for Trace ID c4b67e51dacda6b5996f8d27e89674a9: 69 ms
Input: 1050000,
Cold Start: false
Unique ID: 8fac1e31cf49b4d7bd987f1003169fb1,
Execution Time for Trace ID 8fac1e31cf49b4d7bd987f1003169fb1: 83 ms
Input: 1050000,
Cold Start: false
Unique ID: 828f712df6f6fac33e5ca653031be62a,
Execution Time for Trace ID 828f712df6f6fac33e5ca653031be62a: 63 ms
Input: 1050000,
Cold Start: false
Unique ID: 40fcbb2e18b775cf31d45991ed26dfb8,
Execution Time for Trace ID 40fcbb2e18b775cf31d45991ed26dfb8: 82 ms
Input: 1050000,
Cold Start: false
Unique ID: 0764f71c551546bdc6c6c0fac0b049a6,
Execution Time for Trace ID 0764f71c551546bdc6c6c0fac0b049a6: 37 ms
Input: 1050000,
Cold Start: false
Unique ID: 71ef9e9db6d009d5adbe05b99c8a4ba2,
Execution Time for Trace ID 71ef9e9db6d009d5adbe05b99c8a4ba2: 38 ms
Input: 1050000,
Cold Start: false
Unique ID: d67a5ff871b2a92cb64ffaf072db7d05,
Execution Time for Trace ID d67a5ff871b2a92cb64ffaf072db7d05: 58 ms
Input: 1050000,
Cold Start: false
Unique ID: 54a2f4836d33811abf5c1747c5138ec3,
Execution Time for Trace ID 54a2f4836d33811abf5c1747c5138ec3: 37 ms
Input: 1050000,
Cold Start: false
Unique ID: d6c105417cb146d50629013bc981d3bf,
Execution Time for Trace ID d6c105417cb146d50629013bc981d3bf: 65 ms
Input: 1050000,
Cold Start: false
Unique ID: 2302ba4016f36bac5325625a2d29e13d,
Execution Time for Trace ID 2302ba4016f36bac5325625a2d29e13d: 80 ms
Input: 1050000,
Cold Start: false
Unique ID: e8f10bb00ce726b69344fe2cdb6cd630,
Execution Time for Trace ID e8f10bb00ce726b69344fe2cdb6cd630: 53 ms
Input: 1050000,
Cold Start: false
Unique ID: dfbde35b462e1a3a2b57601a3bb4f732,
Execution Time for Trace ID dfbde35b462e1a3a2b57601a3bb4f732: 71 ms
Input: 1050000,
Cold Start: false
Unique ID: 27167435fb771616056da1ceff86fa65,
Execution Time for Trace ID 27167435fb771616056da1ceff86fa65: 38 ms
Input: 1050000,
Cold Start: false
Unique ID: 67091993395f556441ce1d8d4cadeee8,
Execution Time for Trace ID 67091993395f556441ce1d8d4cadeee8: 38 ms
Input: 1050000,
Cold Start: false
Unique ID: 4a897b3cbf28628b2dd13bd6bfc0a72f,
Execution Time for Trace ID 4a897b3cbf28628b2dd13bd6bfc0a72f: 60 ms
Input: 1050000,
Cold Start: false
Unique ID: 088012a1071e83979b3f9fd88d10265e,
Execution Time for Trace ID 088012a1071e83979b3f9fd88d10265e: 38 ms
Input: 1050000,
Cold Start: false
Unique ID: 564b8cf182e07248ff0fd91af2592d6a,
Execution Time for Trace ID 564b8cf182e07248ff0fd91af2592d6a: 66 ms
Input: 1050000,
Cold Start: false
Unique ID: 291802eacd803236e7b84f6b817efe7c,
Execution Time for Trace ID 291802eacd803236e7b84f6b817efe7c: 40 ms
Input: 1050000,
Cold Start: false
Unique ID: 102ea9023178b4e71e6493ee9f907389,
Execution Time for Trace ID 102ea9023178b4e71e6493ee9f907389: 55 ms
Input: 1050000,
Cold Start: false
Unique ID: e0fed28c2f38a10b8f07220a3bede1a7,
Execution Time for Trace ID e0fed28c2f38a10b8f07220a3bede1a7: 37 ms
Input: 1050000,
Cold Start: false
Unique ID: aa34bb98c965fa0a0c12571ed79a2ba3,
Execution Time for Trace ID aa34bb98c965fa0a0c12571ed79a2ba3: 62 ms
Input: 1050000,
Cold Start: false
Unique ID: 519c90297ef2277e54cb3fb64e0bd7a0,
Execution Time for Trace ID 519c90297ef2277e54cb3fb64e0bd7a0: 42 ms
Input: 1050000,
Cold Start: false
Unique ID: 0f412fc610c19e15054c04cc040f582c,
Execution Time for Trace ID 0f412fc610c19e15054c04cc040f582c: 85 ms
Input: 1050000,
Cold Start: false
Unique ID: 1d069ac0dbf21a1a635873c2ebe68454,
Execution Time for Trace ID 1d069ac0dbf21a1a635873c2ebe68454: 38 ms
Input: 1050000,
Cold Start: false
Unique ID: 2610ee18c82d2d4771e63d2352cbd697,
Execution Time for Trace ID 2610ee18c82d2d4771e63d2352cbd697: 61 ms
Input: 1050000,
Cold Start: false
Unique ID: c2b61b71c7265c8a6b34a807de2cb65b,
Execution Time for Trace ID c2b61b71c7265c8a6b34a807de2cb65b: 79 ms
Input: 1050000,
Cold Start: false
Unique ID: 4be76d3284d5dcffcb8e5f08fb621c0e,
Execution Time for Trace ID 4be76d3284d5dcffcb8e5f08fb621c0e: 60 ms
Input: 1050000,
Cold Start: false
Unique ID: e442cc7aa589971dd20222beeb3e2119,
Execution Time for Trace ID e442cc7aa589971dd20222beeb3e2119: 78 ms
Input: 1050000,
Cold Start: false
Unique ID: 6ae54beb2f3d337b159581e798a41486,
Execution Time for Trace ID 6ae54beb2f3d337b159581e798a41486: 43 ms
Input: 1050000,
Cold Start: false
Unique ID: 9853bb5653968992419dc181bcee4911,
Execution Time for Trace ID 9853bb5653968992419dc181bcee4911: 40 ms
Input: 1050000,
Cold Start: false
Unique ID: 88b8f96ff6ed23557f881a4783226395,
Execution Time for Trace ID 88b8f96ff6ed23557f881a4783226395: 59 ms
Input: 1050000,
Cold Start: false
Unique ID: eae0a8e99f0e56bbe5b989a59d180465,
Execution Time for Trace ID eae0a8e99f0e56bbe5b989a59d180465: 76 ms
Input: 1050000,
Cold Start: false
Unique ID: 098bc5a2b02eb96e73dfb546fec8446e,
Execution Time for Trace ID 098bc5a2b02eb96e73dfb546fec8446e: 39 ms
Input: 1050000,
Cold Start: false
Unique ID: b8ca01ab4d1aa6c6bd4742ad59c99ded,
Execution Time for Trace ID b8ca01ab4d1aa6c6bd4742ad59c99ded: 39 ms
Input: 1050000,
Cold Start: false
Unique ID: 83472f39047c0fb7b7fff92ddb83bdcf,
Execution Time for Trace ID 83472f39047c0fb7b7fff92ddb83bdcf: 48 ms
Input: 1050000,
Cold Start: false
Unique ID: 47493b80227efe59f13d2257d6f77521,
Execution Time for Trace ID 47493b80227efe59f13d2257d6f77521: 76 ms
Input: 1050000,
Cold Start: false
Unique ID: c9ca0e7c6293879b3349e22653bb9391,
Execution Time for Trace ID c9ca0e7c6293879b3349e22653bb9391: 38 ms
Input: 1050000,
Cold Start: false
Unique ID: 7108aabd649bea0771c73daa804450a1,
Execution Time for Trace ID 7108aabd649bea0771c73daa804450a1: 77 ms
Input: 1050000,
Cold Start: false
Unique ID: f35b2c16c24e714dab283862bf13f729,
Execution Time for Trace ID f35b2c16c24e714dab283862bf13f729: 40 ms
Input: 1050000,
Cold Start: false
Unique ID: 6181fbb795884888be66d09d18a03b25,
Execution Time for Trace ID 6181fbb795884888be66d09d18a03b25: 40 ms
Input: 1050000,
Cold Start: false
Unique ID: 28e074a62a6907eb8b9b6e9750aa3b2a,
Execution Time for Trace ID 28e074a62a6907eb8b9b6e9750aa3b2a: 62 ms
Input: 1050000,
Cold Start: false
Unique ID: 73ba3a328ca52975aa373dcce94e254d,
Execution Time for Trace ID 73ba3a328ca52975aa373dcce94e254d: 76 ms
Input: 1050000,
Cold Start: false
Unique ID: 53d0f2bfde9960f97d23f78df3017827,
Execution Time for Trace ID 53d0f2bfde9960f97d23f78df3017827: 59 ms
Input: 1050000,
Cold Start: false
Unique ID: 1a4e04d91e6d5af8601d810656b2fa1b,
Execution Time for Trace ID 1a4e04d91e6d5af8601d810656b2fa1b: 38 ms
Input: 1050000,
Cold Start: false
Unique ID: 497a2b0aa901fb2c8b5d33d565ae8494,
Execution Time for Trace ID 497a2b0aa901fb2c8b5d33d565ae8494: 66 ms
Input: 1050000,
Cold Start: false
Unique ID: e3c786cd58794439b233dcb8e680127a,
Execution Time for Trace ID e3c786cd58794439b233dcb8e680127a: 39 ms
Input: 1050000,
Cold Start: false
Unique ID: 35f7bc7cb9e8dee8a34cb5140c48fc74,
Execution Time for Trace ID 35f7bc7cb9e8dee8a34cb5140c48fc74: 95 ms
Input: 1050000,
Cold Start: false
Unique ID: 63d975f131dde9aec84f9e449bf650ea,
Execution Time for Trace ID 63d975f131dde9aec84f9e449bf650ea: 81 ms
Input: 1050000,
Cold Start: false
Unique ID: c7a40b00502ec205b93af2f32a8ca682,
Execution Time for Trace ID c7a40b00502ec205b93af2f32a8ca682: 41 ms
Input: 1050000,
Cold Start: false
Unique ID: b0fb91139984717f2e96716042992a2a,
Execution Time for Trace ID b0fb91139984717f2e96716042992a2a: 76 ms
Input: 1050000,
Cold Start: false
Unique ID: 8ca1af96a733b436fab3fc6469b8b202,
Execution Time for Trace ID 8ca1af96a733b436fab3fc6469b8b202: 38 ms
Input: 1050000,
Cold Start: false
Unique ID: 12a0ce75aecf15c8857c72bcaf282046,
Execution Time for Trace ID 12a0ce75aecf15c8857c72bcaf282046: 38 ms
Input: 1050000,
Cold Start: false
Unique ID: 9a69e11947aca4ad9fc4dc467804a9ab,
Execution Time for Trace ID 9a69e11947aca4ad9fc4dc467804a9ab: 65 ms
Input: 1050000,
Cold Start: false
Unique ID: 9fef7ad4ecc2e719e42ed7c5a2cbdeb4,
Execution Time for Trace ID 9fef7ad4ecc2e719e42ed7c5a2cbdeb4: 81 ms
Input: 1050000,
Cold Start: false
Unique ID: 5339a2b776b86a4f9d72616dbea0138d,
Execution Time for Trace ID 5339a2b776b86a4f9d72616dbea0138d: 54 ms
Input: 1050000,
Cold Start: false
Unique ID: 9c2aec4289b5c58a81712f6f28e2e327,
Execution Time for Trace ID 9c2aec4289b5c58a81712f6f28e2e327: 38 ms
Input: 1050000,
Cold Start: false
Unique ID: 82e4961f63b3c5058a8523e68f1602df,
Execution Time for Trace ID 82e4961f63b3c5058a8523e68f1602df: 62 ms
Input: 1050000,
Cold Start: false
Unique ID: e8d6ec89047316dd133702351ee24f9a,
Execution Time for Trace ID e8d6ec89047316dd133702351ee24f9a: 38 ms
Input: 1050000,
Cold Start: false
Unique ID: 7e2cfe73d2e07251633b9b1c3ae2fa58,
Execution Time for Trace ID 7e2cfe73d2e07251633b9b1c3ae2fa58: 47 ms
Input: 1050000,
Cold Start: false
Unique ID: 917728fb9d7667dc4af1d8efd8a2f75f,
Execution Time for Trace ID 917728fb9d7667dc4af1d8efd8a2f75f: 75 ms
Input: 1050000,
Cold Start: false
Unique ID: c48174b6387ba700bacc05bc6aadc2b5,
Execution Time for Trace ID c48174b6387ba700bacc05bc6aadc2b5: 39 ms
Input: 1050000,
Cold Start: false
Unique ID: 1f68c3b92072cd627b2bc65b6fe66c66,
Execution Time for Trace ID 1f68c3b92072cd627b2bc65b6fe66c66: 38 ms
Input: 1050000,
Cold Start: false
Unique ID: ef732bf49a6e3d8d6ebf48aed01ceb0c,
Execution Time for Trace ID ef732bf49a6e3d8d6ebf48aed01ceb0c: 42 ms
Input: 1050000,
Cold Start: false
Unique ID: 695e9d3213f86e5bc8d99cf9f1845ec4,
Execution Time for Trace ID 695e9d3213f86e5bc8d99cf9f1845ec4: 76 ms
Input: 1050000,
Cold Start: false
Unique ID: 3d0fa7a7fd7c44518f92df47d2852ebf,
Execution Time for Trace ID 3d0fa7a7fd7c44518f92df47d2852ebf: 38 ms
Input: 1050000,
Cold Start: false
Unique ID: be7e53029d11c774465fd6795f222a2e,
Execution Time for Trace ID be7e53029d11c774465fd6795f222a2e: 39 ms
Input: 1050000,
Cold Start: false
Unique ID: cdf3baa8c3065afa6140d1f321996eb7,
Execution Time for Trace ID cdf3baa8c3065afa6140d1f321996eb7: 47 ms
Input: 1050000,
Cold Start: false
Unique ID: 0f6fe200758a03e6a2e29cca5dceac4c,
Execution Time for Trace ID 0f6fe200758a03e6a2e29cca5dceac4c: 39 ms
Input: 1050000,
Cold Start: false
Unique ID: 280b7bd1fdd140b3aba0dc19f0f21a10,
Execution Time for Trace ID 280b7bd1fdd140b3aba0dc19f0f21a10: 67 ms
Input: 1050000,
Cold Start: false
Unique ID: 7b99e7925ff74ec1f18c56af66110b1f,
Execution Time for Trace ID 7b99e7925ff74ec1f18c56af66110b1f: 79 ms
Input: 1050000,
Cold Start: false
Unique ID: 9c3373fdea5b59cbca8f84044a203ac5,
Execution Time for Trace ID 9c3373fdea5b59cbca8f84044a203ac5: 61 ms
Input: 1050000,
Cold Start: false
Unique ID: a8dc0b08b003f2e756a39ed0cb9e5717,
Execution Time for Trace ID a8dc0b08b003f2e756a39ed0cb9e5717: 38 ms
Input: 1050000,
Cold Start: false
Unique ID: 22fd46f0b7b146a15f0dea1c6a7b9920,
Execution Time for Trace ID 22fd46f0b7b146a15f0dea1c6a7b9920: 70 ms
Input: 1050000,
Cold Start: false
Unique ID: 468e945c403e82af5e60aaea1540e61a,
Execution Time for Trace ID 468e945c403e82af5e60aaea1540e61a: 84 ms
Input: 1050000,
Cold Start: false
Unique ID: 4fc8717691c91326e3d0c0c1b9793ab1,
Execution Time for Trace ID 4fc8717691c91326e3d0c0c1b9793ab1: 63 ms
Input: 1050000,
Cold Start: false
Unique ID: 7906d4f6985ae48eca1f88985dd5aabe,
Execution Time for Trace ID 7906d4f6985ae48eca1f88985dd5aabe: 38 ms
Input: 1050000,
Cold Start: false
Unique ID: d925914d31d290aeb805bd6170bafc71,
Execution Time for Trace ID d925914d31d290aeb805bd6170bafc71: 65 ms
Input: 1050000,
Cold Start: false
Unique ID: 397e80237281aeebcc6319c43adb7958,
Execution Time for Trace ID 397e80237281aeebcc6319c43adb7958: 80 ms
Input: 1050000,
Cold Start: false
Unique ID: 0cd92ba81132ee5b2f3e8a049cbe2d5a,
Execution Time for Trace ID 0cd92ba81132ee5b2f3e8a049cbe2d5a: 60 ms
Input: 1050000,
Cold Start: false
Unique ID: ea4f78ce288329196c2671c43db9f940,
Execution Time for Trace ID ea4f78ce288329196c2671c43db9f940: 41 ms
Input: 1050000,
Cold Start: false
Unique ID: 1961a55ae7cd1ffad8eecd69463ab6b8,
Execution Time for Trace ID 1961a55ae7cd1ffad8eecd69463ab6b8: 61 ms
Input: 1050000,
Cold Start: false
Unique ID: 8230c234c2e649d0bfe4668e807beee3,
Execution Time for Trace ID 8230c234c2e649d0bfe4668e807beee3: 90 ms
Input: 1050000,
Cold Start: false
Unique ID: 868e920f32dcf1f52112a70aafd77df0,
Execution Time for Trace ID 868e920f32dcf1f52112a70aafd77df0: 56 ms
Input: 1050000,
Cold Start: false
Unique ID: 453246e16a070b28d24b73f7841d2d82,
Execution Time for Trace ID 453246e16a070b28d24b73f7841d2d82: 38 ms
Input: 1050000,
Cold Start: false
Unique ID: ee25d4bebd6251eefe6c4b73e0a54d3e,
Execution Time for Trace ID ee25d4bebd6251eefe6c4b73e0a54d3e: 65 ms
Input: 1050000,
Cold Start: false
Unique ID: afd6c683048fad21ecee4b5c05a875ee,
Execution Time for Trace ID afd6c683048fad21ecee4b5c05a875ee: 78 ms
Input: 1050000,
Cold Start: false
Unique ID: 7f034872c249929092db174af8ed743b,
Execution Time for Trace ID 7f034872c249929092db174af8ed743b: 57 ms
Input: 1050000,
Cold Start: false
Unique ID: 0ab6b6e29cd374e677539923e08f22aa,
Execution Time for Trace ID 0ab6b6e29cd374e677539923e08f22aa: 38 ms
Input: 1050000,
Cold Start: false
Unique ID: 77a2dd8e16dee0581e61ca0c2aa78979,
Execution Time for Trace ID 77a2dd8e16dee0581e61ca0c2aa78979: 66 ms
Input: 1050000,
Cold Start: false
Unique ID: d8f61a6455071b98c193bb1382a28409,
Execution Time for Trace ID d8f61a6455071b98c193bb1382a28409: 81 ms
Input: 1050000,
Cold Start: false
Unique ID: edd81f3e2dd1b9ac7e29231069929d5c,
Execution Time for Trace ID edd81f3e2dd1b9ac7e29231069929d5c: 62 ms
Input: 1050000,
Cold Start: false
Unique ID: 7255565ded135c945e60aaea1540e242,
Execution Time for Trace ID 7255565ded135c945e60aaea1540e242: 73 ms
Input: 1050000,
Cold Start: false
Unique ID: bed4c48e12de5bb868da922973b40c30,
Execution Time for Trace ID bed4c48e12de5bb868da922973b40c30: 41 ms
Input: 1050000,
Cold Start: false
Unique ID: 21b22649725fab8b4b4315e43a180b83,
Execution Time for Trace ID 21b22649725fab8b4b4315e43a180b83: 42 ms
Input: 1050000,
Cold Start: false
Unique ID: ad03fe3a1ff4f0f5d42c4efa684a7e89,
Execution Time for Trace ID ad03fe3a1ff4f0f5d42c4efa684a7e89: 61 ms
Input: 1050000,
Cold Start: false
Unique ID: 25f35c9f134ec0267f15e83e46e4e50d,
Execution Time for Trace ID 25f35c9f134ec0267f15e83e46e4e50d: 39 ms
Input: 1050000,
Cold Start: false
Unique ID: ddfdc3effcd2b68251232ea3f063d00d,
Execution Time for Trace ID ddfdc3effcd2b68251232ea3f063d00d: 69 ms
Input: 1050000,
Cold Start: false
Unique ID: 81b71c9e5edd78c13b6caebb8109ce20,
Execution Time for Trace ID 81b71c9e5edd78c13b6caebb8109ce20: 81 ms
Input: 1050000,
Cold Start: false
Unique ID: 82c782407e5de7593cfb6c3b95dd6bb9,
Execution Time for Trace ID 82c782407e5de7593cfb6c3b95dd6bb9: 59 ms
Input: 1050000,
Cold Start: false
Unique ID: 22a207663d551453d96e1b470c9235a7,
Execution Time for Trace ID 22a207663d551453d96e1b470c9235a7: 40 ms
Input: 1050000,
Cold Start: false
Unique ID: 5458bc0fe95c4995d37bfb023c1ca126,
Execution Time for Trace ID 5458bc0fe95c4995d37bfb023c1ca126: 63 ms
Input: 1050000,
Cold Start: false
Unique ID: 491b2e8ddc6623f0f49bcb3fe6253d0e,
Execution Time for Trace ID 491b2e8ddc6623f0f49bcb3fe6253d0e: 39 ms
Input: 1050000,
Cold Start: false
Unique ID: 5c20f25a7236d1bdbd6083f8f7aab80b,
Execution Time for Trace ID 5c20f25a7236d1bdbd6083f8f7aab80b: 60 ms
Input: 1050000,
Cold Start: false
Unique ID: f9ffd9faa751df99cdaac89ce3e45c40,
Execution Time for Trace ID f9ffd9faa751df99cdaac89ce3e45c40: 38 ms
Input: 1050000,
Cold Start: false
Unique ID: 3c9b61b0a279626ce4267784c16e75d4,
Execution Time for Trace ID 3c9b61b0a279626ce4267784c16e75d4: 69 ms
Input: 1050000,
Cold Start: false
Unique ID: 4aef1cd3fdf1f5b69616d10d5dd95ca2,
Execution Time for Trace ID 4aef1cd3fdf1f5b69616d10d5dd95ca2: 75 ms
Input: 1050000,
Cold Start: false
Unique ID: 73e6be2f3b4b08ff39e52e5f0e6b5c49,
Execution Time for Trace ID 73e6be2f3b4b08ff39e52e5f0e6b5c49: 57 ms
Input: 1050000,
Cold Start: false
Unique ID: 310ac603998fc0d8d5de5f1853757d54,
Execution Time for Trace ID 310ac603998fc0d8d5de5f1853757d54: 38 ms
Input: 1050000,
Cold Start: false
Unique ID: feb7dea66bb19ea721c971ed114d053a,
Execution Time for Trace ID feb7dea66bb19ea721c971ed114d053a: 73 ms
Input: 1050000,
Cold Start: false
Unique ID: 06961dbe39092fac2cc2c8e54a86a63a,
Execution Time for Trace ID 06961dbe39092fac2cc2c8e54a86a63a: 80 ms
Input: 1050000,
Cold Start: false
Unique ID: 1b80d99d885fcb746569342a6532204d,
Execution Time for Trace ID 1b80d99d885fcb746569342a6532204d: 62 ms
Input: 1050000,
Cold Start: false
Unique ID: 594ea32686e45a652308612f4724e96b,
Execution Time for Trace ID 594ea32686e45a652308612f4724e96b: 39 ms
Input: 1050000,
Cold Start: false
Unique ID: c498baf091ad8d240eec014b55fd5462,
Execution Time for Trace ID c498baf091ad8d240eec014b55fd5462: 76 ms
Input: 1050000,
Cold Start: false
Unique ID: 3e4ee8e3932c982422acf4d840ab31cc,
Execution Time for Trace ID 3e4ee8e3932c982422acf4d840ab31cc: 76 ms
Input: 1050000,
Cold Start: false
Unique ID: 43d676d3bc70cdabacacfb935f0274d4,
Execution Time for Trace ID 43d676d3bc70cdabacacfb935f0274d4: 62 ms
Input: 1050000,
Cold Start: false
Unique ID: 1140616a7bbc5479fb1f4f1b528c568e,
Execution Time for Trace ID 1140616a7bbc5479fb1f4f1b528c568e: 38 ms
Input: 1050000,
Cold Start: false
Unique ID: 6899c8e9ef652efef84ffe277387ace0,
Execution Time for Trace ID 6899c8e9ef652efef84ffe277387ace0: 60 ms
Input: 1050000,
Cold Start: false
Unique ID: ba8d6ccfb040f58ad127833d60ac3b7d,
Execution Time for Trace ID ba8d6ccfb040f58ad127833d60ac3b7d: 41 ms
Input: 1050000,
Cold Start: false
Unique ID: 165755126cbd3996f7cbb2b536b4ae8d,
Execution Time for Trace ID 165755126cbd3996f7cbb2b536b4ae8d: 42 ms
Input: 1050000,
Cold Start: false
Unique ID: b9137f3e44d9e73ba4cf21e053bcf10b,
Execution Time for Trace ID b9137f3e44d9e73ba4cf21e053bcf10b: 55 ms
Input: 1050000,
Cold Start: false
Unique ID: 2e220abb04a72fa19dca5b53f3bebf97,
Execution Time for Trace ID 2e220abb04a72fa19dca5b53f3bebf97: 40 ms
Input: 1050000,
Cold Start: false
Unique ID: 9faadc9d430a69328312ce41241eb86f,
Execution Time for Trace ID 9faadc9d430a69328312ce41241eb86f: 38 ms
Input: 1050000,
Cold Start: false
Unique ID: 2c9e9720211f8ee624ec9467eea4817e,
Execution Time for Trace ID 2c9e9720211f8ee624ec9467eea4817e: 50 ms
Input: 1050000,
Cold Start: false
Unique ID: 19478d7814c3a3cf3b62fcad6012a917,
Execution Time for Trace ID 19478d7814c3a3cf3b62fcad6012a917: 85 ms
Input: 1050000,
Cold Start: false
Unique ID: 4c62f1c762442963d987b0548985c5f9,
Execution Time for Trace ID 4c62f1c762442963d987b0548985c5f9: 137 ms
Input: 1050000,
Cold Start: false
Unique ID: bb5f80715260badf01bbb8dc1177e779,
Execution Time for Trace ID bb5f80715260badf01bbb8dc1177e779: 129 ms
Input: 1050000,
Cold Start: false
Unique ID: d3fd509a0bfbf32027285f1496c2557b,
Execution Time for Trace ID d3fd509a0bfbf32027285f1496c2557b: 163 ms
Input: 1050000,
Cold Start: false
Unique ID: 90d352ddba62311994a93997051206bd,
Execution Time for Trace ID 90d352ddba62311994a93997051206bd: 104 ms
Input: 1050000,
Cold Start: false
Unique ID: 4bec9b86aa42d643e318b1ad28168fbc,
Execution Time for Trace ID 4bec9b86aa42d643e318b1ad28168fbc: 99 ms
Input: 1050000,
Cold Start: false
Unique ID: 5894e90cbec01461d36989e985fa4ac1,
Execution Time for Trace ID 5894e90cbec01461d36989e985fa4ac1: 100 ms
Input: 1050000,
Cold Start: false
Unique ID: 2d0dfef1c58cb22e0ceacdcd106b3bb4,
Execution Time for Trace ID 2d0dfef1c58cb22e0ceacdcd106b3bb4: 60 ms
Input: 1050000,
Cold Start: false
Unique ID: 567a4e870eae2d08190dce33c78f1520,
Execution Time for Trace ID 567a4e870eae2d08190dce33c78f1520: 79 ms
Input: 1050000,
Cold Start: false
Unique ID: f111fe3f03ee950acd10e3e34f3153d3,
Execution Time for Trace ID f111fe3f03ee950acd10e3e34f3153d3: 48 ms
Input: 1050000,
Cold Start: false
Unique ID: b3124c39df7d5fd5cf910045af5a237e,
Execution Time for Trace ID b3124c39df7d5fd5cf910045af5a237e: 76 ms
Input: 1050000,
Cold Start: false
Unique ID: 999fc7817a285c587f5cc469198d7102,
Execution Time for Trace ID 999fc7817a285c587f5cc469198d7102: 41 ms
Input: 1050000,
Cold Start: false
Unique ID: f9801de66cf6ecb7b962a8daff2aa1dd,
Execution Time for Trace ID f9801de66cf6ecb7b962a8daff2aa1dd: 37 ms
Input: 1050000,
Cold Start: false
Unique ID: b53350b9ddb7cfc0da2f380e4353e52f,
Execution Time for Trace ID b53350b9ddb7cfc0da2f380e4353e52f: 63 ms
Input: 1050000,
Cold Start: false
Unique ID: daaf3caaef1a3c5e133cb4ac00ee69c6,
Execution Time for Trace ID daaf3caaef1a3c5e133cb4ac00ee69c6: 76 ms
Input: 1050000,
Cold Start: false
Unique ID: 0d87987cef91debeb962a8daff2aa8ab,
Execution Time for Trace ID 0d87987cef91debeb962a8daff2aa8ab: 49 ms
Input: 1050000,
Cold Start: false
Unique ID: feb2d3df04549da8d68b1f5378ab50a1,
Execution Time for Trace ID feb2d3df04549da8d68b1f5378ab50a1: 59 ms
Input: 1050000,
Cold Start: false
Unique ID: 534e2c10449ca1a7e07274057b86099e,
Execution Time for Trace ID 534e2c10449ca1a7e07274057b86099e: 38 ms
Input: 1050000,
Cold Start: false
Unique ID: 1a5994b4996ee1ce04a2548c7e6f4c0f,
Execution Time for Trace ID 1a5994b4996ee1ce04a2548c7e6f4c0f: 38 ms
Input: 1050000,
Cold Start: false
Unique ID: 7c8f03099948c684f5cf7039c68908af,
Execution Time for Trace ID 7c8f03099948c684f5cf7039c68908af: 60 ms
Input: 1050000,
Cold Start: false
Unique ID: 972e21e85a68cf21fcfa3dcda32dbc8b,
Execution Time for Trace ID 972e21e85a68cf21fcfa3dcda32dbc8b: 37 ms
Input: 1050000,
Cold Start: false
Unique ID: f2313b4363fa9565b1c7696ce4548aa2,
Execution Time for Trace ID f2313b4363fa9565b1c7696ce4548aa2: 60 ms
Input: 1050000,
Cold Start: false
Unique ID: 9d7f2496f2fa54c88fc12851901348fe,
Execution Time for Trace ID 9d7f2496f2fa54c88fc12851901348fe: 38 ms
Input: 1050000,
Cold Start: false
Unique ID: 1f49f5c0d612fd08a56ccf18048da8f8,
Execution Time for Trace ID 1f49f5c0d612fd08a56ccf18048da8f8: 48 ms
Input: 1050000,
Cold Start: false
Unique ID: 06c33d5cd4fc844d820630a6d50b3a9a,
Execution Time for Trace ID 06c33d5cd4fc844d820630a6d50b3a9a: 37 ms
Input: 1050000,
Cold Start: false
Unique ID: fa8793321270c90bf7f8ae698ecd0d55,
Execution Time for Trace ID fa8793321270c90bf7f8ae698ecd0d55: 61 ms
Input: 1050000,
Cold Start: false
Unique ID: e5cfafc0b484d6b4b5af6d5b37cf357f,
Execution Time for Trace ID e5cfafc0b484d6b4b5af6d5b37cf357f: 77 ms
Input: 1050000,
Cold Start: false
Unique ID: 378d1b4501546d7e55ff71b1fb439248,
Execution Time for Trace ID 378d1b4501546d7e55ff71b1fb439248: 57 ms
Input: 1050000,
Cold Start: false
Unique ID: 0a5e3b926e2eaae4b0c3c1e813108f37,
Execution Time for Trace ID 0a5e3b926e2eaae4b0c3c1e813108f37: 37 ms
Input: 1050000,
Cold Start: false
Unique ID: 5f95f71a0d14827b5619ecb1637e55a0,
Execution Time for Trace ID 5f95f71a0d14827b5619ecb1637e55a0: 53 ms
Input: 1050000,
Cold Start: false
Unique ID: 90ed31f92e14b9ea391bfde9511aa449,
Execution Time for Trace ID 90ed31f92e14b9ea391bfde9511aa449: 81 ms
Input: 1050000,
Cold Start: false
Unique ID: b2f2fc55e7237bf55d5f0b710042f2a7,
Execution Time for Trace ID b2f2fc55e7237bf55d5f0b710042f2a7: 47 ms
Input: 1050000,
Cold Start: false
Unique ID: c8785becceda1ee38b323e8e9dbb0321,
Execution Time for Trace ID c8785becceda1ee38b323e8e9dbb0321: 80 ms
Input: 1050000,
Cold Start: false
Unique ID: 477530ae9ae3a48723462f8523914c94,
Execution Time for Trace ID 477530ae9ae3a48723462f8523914c94: 39 ms
Input: 1050000,
Cold Start: false
Unique ID: 455f1d7daf0a3871cf565cc6f2754963,
Execution Time for Trace ID 455f1d7daf0a3871cf565cc6f2754963: 85 ms
Input: 1050000,
Cold Start: false
Unique ID: 18607381494f75e2cb519a4713f49c9a,
Execution Time for Trace ID 18607381494f75e2cb519a4713f49c9a: 40 ms
Input: 1050000,
Cold Start: false
Unique ID: 321916fa6816583952ce7eabb762182e,
Execution Time for Trace ID 321916fa6816583952ce7eabb762182e: 76 ms
Input: 1050000,
Cold Start: false
Unique ID: 1b2dd3ca537ae09469b996da57f66e8e,
Execution Time for Trace ID 1b2dd3ca537ae09469b996da57f66e8e: 38 ms
Input: 1050000,
Cold Start: false
Unique ID: b39ca90c21da86682f25cefc33d23b15,
Execution Time for Trace ID b39ca90c21da86682f25cefc33d23b15: 39 ms
Input: 1050000,
Cold Start: false
Unique ID: 13c8aa30508a4b1deaad0adbad403516,
Execution Time for Trace ID 13c8aa30508a4b1deaad0adbad403516: 124 ms
Input: 1050000,
Cold Start: false
Unique ID: 5efc6af7bcd36176fa39fbce76415aff,
Execution Time for Trace ID 5efc6af7bcd36176fa39fbce76415aff: 72 ms
Input: 1050000,
Cold Start: false
Unique ID: c9dfbf55d94fc3a306cd42f784eac31d,
Execution Time for Trace ID c9dfbf55d94fc3a306cd42f784eac31d: 39 ms
Input: 1050000,
Cold Start: false
Unique ID: 09fcc82149e18f3a8a88b88f5c20f123,
Execution Time for Trace ID 09fcc82149e18f3a8a88b88f5c20f123: 89 ms
Input: 1050000,
Cold Start: false
Unique ID: 4c13fc288b1ef9a981ed93e031ac3f49,
Execution Time for Trace ID 4c13fc288b1ef9a981ed93e031ac3f49: 40 ms
Input: 1050000,
Cold Start: false
Unique ID: 625bc3e0877712de97e0982932c925f8,
Execution Time for Trace ID 625bc3e0877712de97e0982932c925f8: 73 ms
Input: 1050000,
Cold Start: false
Unique ID: e02e1beaa675d8c5623d6efd1fb523a2,
Execution Time for Trace ID e02e1beaa675d8c5623d6efd1fb523a2: 38 ms
Input: 1050000,
Cold Start: false
Unique ID: 64c2c9d439ae2779aac2629526c886b7,
Execution Time for Trace ID 64c2c9d439ae2779aac2629526c886b7: 38 ms
Input: 1050000,
Cold Start: false
Unique ID: 167db1c0ad539067709e47013ed6a8c0,
Execution Time for Trace ID 167db1c0ad539067709e47013ed6a8c0: 44 ms
Input: 1050000,
Cold Start: false
Unique ID: bb8e2a378e07a1ea71d69306726cf92e,
Execution Time for Trace ID bb8e2a378e07a1ea71d69306726cf92e: 37 ms
Input: 1050000,
Cold Start: false
Unique ID: ec13fee57a0518174105875b0fef4a14,
Execution Time for Trace ID ec13fee57a0518174105875b0fef4a14: 64 ms
Input: 1050000,
Cold Start: false
Unique ID: e736eee973ea04e28335c678f4927024,
Execution Time for Trace ID e736eee973ea04e28335c678f4927024: 75 ms
Input: 1050000,
Cold Start: false
Unique ID: 2e82b65e5ef44db4c786776a9a8ad6f3,
Execution Time for Trace ID 2e82b65e5ef44db4c786776a9a8ad6f3: 54 ms
Input: 1050000,
Cold Start: false
Unique ID: 7299d9cec725e61aab6e964cf268b142,
Execution Time for Trace ID 7299d9cec725e61aab6e964cf268b142: 78 ms
Input: 1050000,
Cold Start: false
Unique ID: 21900bbcbd6ec9ffdcf0edafb576a957,
Execution Time for Trace ID 21900bbcbd6ec9ffdcf0edafb576a957: 40 ms
Input: 1050000,
Cold Start: false
Unique ID: cb58cfaad17ff12303f8744240074176,
Execution Time for Trace ID cb58cfaad17ff12303f8744240074176: 77 ms
Input: 1050000,
Cold Start: false
Unique ID: 49915b271c563b97cb2e03220265fc8e,
Execution Time for Trace ID 49915b271c563b97cb2e03220265fc8e: 38 ms
Input: 1050000,
Cold Start: false
Unique ID: ecc1cb269dc5d866f4ab1d98dd0be380,
Execution Time for Trace ID ecc1cb269dc5d866f4ab1d98dd0be380: 39 ms
Input: 1050000,
Cold Start: false
Unique ID: 039c342751a10d4ffa3ceef22b5af16e,
Execution Time for Trace ID 039c342751a10d4ffa3ceef22b5af16e: 79 ms
Input: 1050000,
Cold Start: false
Unique ID: d1db472adf80541ec7e4cd895374edd1,
Execution Time for Trace ID d1db472adf80541ec7e4cd895374edd1: 127 ms
Input: 1050000,
Cold Start: false
Unique ID: ad413e3c072205ea61aeeb1de2fc5434,
Execution Time for Trace ID ad413e3c072205ea61aeeb1de2fc5434: 51 ms
Input: 1050000,
Cold Start: false
Unique ID: d3bae5882f888945e7c5b62416135a82,
Execution Time for Trace ID d3bae5882f888945e7c5b62416135a82: 38 ms
Input: 1050000,
Cold Start: false
Unique ID: e2184f5663a9a8aa55467b9399ec2a83,
Execution Time for Trace ID e2184f5663a9a8aa55467b9399ec2a83: 76 ms
Input: 1050000,
Cold Start: false
Unique ID: 93582014510802e9681a3d39e8647c3d,
Execution Time for Trace ID 93582014510802e9681a3d39e8647c3d: 81 ms
Input: 1050000,
Cold Start: false
Unique ID: 42ca943c8b7bac30eac8826321a1c117,
Execution Time for Trace ID 42ca943c8b7bac30eac8826321a1c117: 53 ms
Input: 1050000,
Cold Start: false
Unique ID: 2f61f4476d7f79b58e803a8599f9aa42,
Execution Time for Trace ID 2f61f4476d7f79b58e803a8599f9aa42: 38 ms
Input: 1050000,
Cold Start: false
Unique ID: 01ca0b3bf9cac5f93be4bfc1c93748d2,
Execution Time for Trace ID 01ca0b3bf9cac5f93be4bfc1c93748d2: 63 ms
Input: 1050000,
Cold Start: false
Unique ID: d69b470bdec38f1d9cd3deaa07bee1cc,
Execution Time for Trace ID d69b470bdec38f1d9cd3deaa07bee1cc: 83 ms
Input: 1050000,
Cold Start: false
Unique ID: b9421b45b684c7cb7c8b18e310742464,
Execution Time for Trace ID b9421b45b684c7cb7c8b18e310742464: 58 ms
Input: 1050000,
Cold Start: false
Unique ID: e371f7fa20099a9edfcd904a5b9f3135,
Execution Time for Trace ID e371f7fa20099a9edfcd904a5b9f3135: 38 ms
Input: 1050000,
Cold Start: false
Unique ID: a3d44bfdad530a6b6bc631544978f4ea,
Execution Time for Trace ID a3d44bfdad530a6b6bc631544978f4ea: 69 ms
Input: 1050000,
Cold Start: false
Unique ID: 37a63fcd6e771a73f742dcaf4949fbb8,
Execution Time for Trace ID 37a63fcd6e771a73f742dcaf4949fbb8: 82 ms
Input: 1050000,
Cold Start: false
Unique ID: 60455e8367a4a114631761e814a17e8c,
Execution Time for Trace ID 60455e8367a4a114631761e814a17e8c: 59 ms
Input: 1050000,
Cold Start: false
Unique ID: d8ed56718ca7e73b6b87ad936a72ada2,
Execution Time for Trace ID d8ed56718ca7e73b6b87ad936a72ada2: 38 ms
Input: 1050000,
Cold Start: false
Unique ID: b2f866fe50abb3c2d119544447f59bee,
Execution Time for Trace ID b2f866fe50abb3c2d119544447f59bee: 65 ms
Input: 1050000,
Cold Start: false
Unique ID: ff43e46a5780426d3a0de834ca30a09e,
Execution Time for Trace ID ff43e46a5780426d3a0de834ca30a09e: 38 ms
Input: 1050000,
Cold Start: false
Unique ID: 03f1fadb6ea44cad140ec00e7ba4f017,
Execution Time for Trace ID 03f1fadb6ea44cad140ec00e7ba4f017: 63 ms
Input: 1050000,
Cold Start: false
Unique ID: 2f75f6855ad44ad230b007ec0a8c9278,
Execution Time for Trace ID 2f75f6855ad44ad230b007ec0a8c9278: 39 ms
Input: 1050000,
Cold Start: false
Unique ID: 598e98b7d8d184b4d8df7ec4f629d454,
Execution Time for Trace ID 598e98b7d8d184b4d8df7ec4f629d454: 62 ms
Input: 1050000,
Cold Start: false
Unique ID: 8fd2cb4670744fe26f527680edec2d12,
Execution Time for Trace ID 8fd2cb4670744fe26f527680edec2d12: 77 ms
Input: 1050000,
Cold Start: false
Unique ID: 34ceb18b2373e94137990a1656991de7,
Execution Time for Trace ID 34ceb18b2373e94137990a1656991de7: 58 ms
Input: 1050000,
Cold Start: false
Unique ID: f5fa4efd582a0ca18069aaa33d1fa699,
Execution Time for Trace ID f5fa4efd582a0ca18069aaa33d1fa699: 40 ms
Input: 1050000,
Cold Start: false
Unique ID: f61ccec23095e8b40f14b3b1ae82ba07,
Execution Time for Trace ID f61ccec23095e8b40f14b3b1ae82ba07: 71 ms
Input: 1050000,
Cold Start: false
Unique ID: 32b2d81a5f2b7851411eec42a0a78cf8,
Execution Time for Trace ID 32b2d81a5f2b7851411eec42a0a78cf8: 83 ms
Input: 1050000,
Cold Start: false
Unique ID: cd53b570ecbbe83d76621b3c7bfc6ed9,
Execution Time for Trace ID cd53b570ecbbe83d76621b3c7bfc6ed9: 61 ms
Input: 1050000,
Cold Start: false
Unique ID: 14d83dd1abdf4d98eeab6108def23779,
Execution Time for Trace ID 14d83dd1abdf4d98eeab6108def23779: 38 ms
Input: 1050000,
Cold Start: false
Unique ID: 82e001f6512e675b267c7a34d3356539,
Execution Time for Trace ID 82e001f6512e675b267c7a34d3356539: 63 ms
Input: 1050000,
Cold Start: false
Unique ID: 9146c676d8fcea2d1f4882deff1c5643,
Execution Time for Trace ID 9146c676d8fcea2d1f4882deff1c5643: 37 ms
Input: 1050000,
Cold Start: false
Unique ID: 4c25ba7819e450922399d136781d6682,
Execution Time for Trace ID 4c25ba7819e450922399d136781d6682: 55 ms
Input: 1050000,
Cold Start: false
Unique ID: 9ef9b7f77dadf665ff459045a0f149c5,
Execution Time for Trace ID 9ef9b7f77dadf665ff459045a0f149c5: 38 ms
Input: 1050000,
Cold Start: false
Unique ID: 2a27d854f4b4bbefaee97088ab0561c2,
Execution Time for Trace ID 2a27d854f4b4bbefaee97088ab0561c2: 60 ms
Input: 1050000,
Cold Start: false
Unique ID: 43f1af8a63e15824d27050624a96ca19,
Execution Time for Trace ID 43f1af8a63e15824d27050624a96ca19: 79 ms
Input: 1050000,
Cold Start: false
Unique ID: a8835646188461fa14d95c29d69b073d,
Execution Time for Trace ID a8835646188461fa14d95c29d69b073d: 49 ms
Input: 1050000,
Cold Start: false
Unique ID: 87154eb349b8ace3bd0ffe539408724e,
Execution Time for Trace ID 87154eb349b8ace3bd0ffe539408724e: 38 ms
Input: 1050000,
Cold Start: false
Unique ID: f2eb4facc956edfb73154432425e4a51,
Execution Time for Trace ID f2eb4facc956edfb73154432425e4a51: 63 ms
Input: 1050000,
Cold Start: false
Unique ID: 32fed24ff6a7160bfabbfc4907bca6b3,
Execution Time for Trace ID 32fed24ff6a7160bfabbfc4907bca6b3: 74 ms
Input: 1050000,
Cold Start: false
Unique ID: 569e49917d3dd8d91679974c387192bc,
Execution Time for Trace ID 569e49917d3dd8d91679974c387192bc: 49 ms
Input: 1050000,
Cold Start: false
Unique ID: 332b4e7f115668ddb4b2fdeaa7274a5e,
Execution Time for Trace ID 332b4e7f115668ddb4b2fdeaa7274a5e: 82 ms
Input: 1050000,
Cold Start: false
Unique ID: cd671dfb3a9f76566bc7e13f77c03ffd,
Execution Time for Trace ID cd671dfb3a9f76566bc7e13f77c03ffd: 41 ms
Input: 1050000,
Cold Start: false
Unique ID: 5ec164a733894156326e40d672d33e8b,
Execution Time for Trace ID 5ec164a733894156326e40d672d33e8b: 38 ms
Input: 1050000,
Cold Start: false
Unique ID: 0652be90baf282f3b820367a68852610,
Execution Time for Trace ID 0652be90baf282f3b820367a68852610: 39 ms
Input: 1050000,
Cold Start: false
Unique ID: 3ef7abc81291a29275612bb55c8a3f4e,
Execution Time for Trace ID 3ef7abc81291a29275612bb55c8a3f4e: 38 ms
Input: 1050000,
Cold Start: false
Unique ID: 8cf4a3e3bb9bc04247291ce15cab86c2,
Execution Time for Trace ID 8cf4a3e3bb9bc04247291ce15cab86c2: 67 ms
Input: 1050000,
Cold Start: false
Unique ID: f6019a270f1c2ce2cc86fcc9e45fc626,
Execution Time for Trace ID f6019a270f1c2ce2cc86fcc9e45fc626: 78 ms
Input: 1050000,
Cold Start: false
Unique ID: ebf608d2663e78a4d05f99bbe986a16e,
Execution Time for Trace ID ebf608d2663e78a4d05f99bbe986a16e: 52 ms
Input: 1050000,
Cold Start: false
Unique ID: f1a4d9eca44d673b34091342263dbb10,
Execution Time for Trace ID f1a4d9eca44d673b34091342263dbb10: 37 ms
Input: 1050000,
Cold Start: false
Unique ID: f6d087c9544c8318d67b2958d559a516,
Execution Time for Trace ID f6d087c9544c8318d67b2958d559a516: 67 ms
Input: 1050000,
Cold Start: false
Unique ID: df0482799c9d0b1e5f0b4e2f48b23da2,
Execution Time for Trace ID df0482799c9d0b1e5f0b4e2f48b23da2: 82 ms
Input: 1050000,
Cold Start: false
Unique ID: 08effee5bc0b2f03a48362d816941434,
Execution Time for Trace ID 08effee5bc0b2f03a48362d816941434: 57 ms
Input: 1050000,
Cold Start: false
Unique ID: c49c36b5c04c584d96c9661946ed9a8c,
Execution Time for Trace ID c49c36b5c04c584d96c9661946ed9a8c: 37 ms
Input: 1050000,
Cold Start: false
Unique ID: 8db042ed942ea002d05f99bbe986abaf,
Execution Time for Trace ID 8db042ed942ea002d05f99bbe986abaf: 61 ms
Input: 1050000,
Cold Start: false
Unique ID: 81e2059e6e23be970f7b4c89d691ae03,
Execution Time for Trace ID 81e2059e6e23be970f7b4c89d691ae03: 38 ms
Input: 1050000,
Cold Start: false
Unique ID: ea21b99a885600cd4ecd851bc30c60b8,
Execution Time for Trace ID ea21b99a885600cd4ecd851bc30c60b8: 47 ms
Input: 1050000,
Cold Start: false
Unique ID: e2a7aaba51e9e12967fff7916447bfae,
Execution Time for Trace ID e2a7aaba51e9e12967fff7916447bfae: 37 ms
Input: 1050000,
Cold Start: false
Unique ID: a6e853704b5db33c30465ba59f101450,
Execution Time for Trace ID a6e853704b5db33c30465ba59f101450: 62 ms
Input: 1050000,
Cold Start: false
Unique ID: d33ea27738a360215afb0a7870b37903,
Execution Time for Trace ID d33ea27738a360215afb0a7870b37903: 37 ms
Input: 1050000,
Cold Start: false
Unique ID: 45a14d16045ee328e2fd06942b120071,
Execution Time for Trace ID 45a14d16045ee328e2fd06942b120071: 50 ms
Input: 1050000,
Cold Start: false
Unique ID: 05ee88f2fc31bb2b3bb80c0f2ee8eb78,
Execution Time for Trace ID 05ee88f2fc31bb2b3bb80c0f2ee8eb78: 38 ms
Input: 1050000,
Cold Start: false
Unique ID: 2c4423b9dfeddb4bcfea3873192cb390,
Execution Time for Trace ID 2c4423b9dfeddb4bcfea3873192cb390: 60 ms
Input: 1050000,
Cold Start: false
Unique ID: 7c8978255b8999ea595550779befdbd4,
Execution Time for Trace ID 7c8978255b8999ea595550779befdbd4: 37 ms
Input: 1050000,
Cold Start: false
Unique ID: 37fbbad80c505c8c31f35986f34bcfe9,
Execution Time for Trace ID 37fbbad80c505c8c31f35986f34bcfe9: 80 ms
Input: 1050000,
Cold Start: false
Unique ID: 3895ce6b08a1824d2b1d313dba6fc708,
Execution Time for Trace ID 3895ce6b08a1824d2b1d313dba6fc708: 39 ms
Input: 1050000,
Cold Start: false
Unique ID: 15a3927627856f71e63cdc53036ec3a8,
Execution Time for Trace ID 15a3927627856f71e63cdc53036ec3a8: 62 ms
Input: 1050000,
Cold Start: false
Unique ID: 25d22d1be509cb5d4abfed6343e3c0e1,
Execution Time for Trace ID 25d22d1be509cb5d4abfed6343e3c0e1: 76 ms
Input: 1050000,
Cold Start: false
Unique ID: 6bfce1eb54d0a30a9cb703c1f1a6bce5,
Execution Time for Trace ID 6bfce1eb54d0a30a9cb703c1f1a6bce5: 52 ms
Input: 1050000,
Cold Start: false
Unique ID: 3f7d1ff248fdf383d5fb318cff6f6481,
Execution Time for Trace ID 3f7d1ff248fdf383d5fb318cff6f6481: 38 ms
Input: 1050000,
Cold Start: false
Unique ID: eba91ec41924fe6e8409f78a2bb60948,
Execution Time for Trace ID eba91ec41924fe6e8409f78a2bb60948: 64 ms
Input: 1050000,
Cold Start: false
Unique ID: 5ef0222119cf4b69bd03cd513dc25e34,
Execution Time for Trace ID 5ef0222119cf4b69bd03cd513dc25e34: 38 ms
Input: 1050000,
Cold Start: false
Unique ID: b6a00a3553262622394b22cacac15348,
Execution Time for Trace ID b6a00a3553262622394b22cacac15348: 52 ms
Input: 1050000,
Cold Start: false
Unique ID: e9d2a3460abe01299af8c3c89ea99e31,
Execution Time for Trace ID e9d2a3460abe01299af8c3c89ea99e31: 38 ms
Input: 1050000,
Cold Start: false
Unique ID: 92079f9003b36849265a3a86b4cc3881,
Execution Time for Trace ID 92079f9003b36849265a3a86b4cc3881: 63 ms
Input: 1050000,
Cold Start: false
Unique ID: b72592a3e2894f9222a45086ae3775fa,
Execution Time for Trace ID b72592a3e2894f9222a45086ae3775fa: 44 ms
Input: 1050000,
Cold Start: false
Unique ID: 177ddd496a3402ab91759605d3104f57,
Execution Time for Trace ID 177ddd496a3402ab91759605d3104f57: 53 ms
Input: 1050000,
Cold Start: false
Unique ID: ae3254cf5e4b8b4425e61a03b387ca2a,
Execution Time for Trace ID ae3254cf5e4b8b4425e61a03b387ca2a: 39 ms
Input: 1050000,
Cold Start: false
Unique ID: 270bfe5c1556536220e93acc69e79ece,
Execution Time for Trace ID 270bfe5c1556536220e93acc69e79ece: 66 ms
Input: 1050000,
Cold Start: false
Unique ID: ba967c0b2cf00a6f7b69dbf8668b5cb5,
Execution Time for Trace ID ba967c0b2cf00a6f7b69dbf8668b5cb5: 40 ms
Input: 1050000,
Cold Start: false
Unique ID: d470bd8bbb8e4e87850dbf3d79420487,
Execution Time for Trace ID d470bd8bbb8e4e87850dbf3d79420487: 62 ms
Input: 1050000,
Cold Start: false
Unique ID: df585a833291c5a0e0ce138f22731675,
Execution Time for Trace ID df585a833291c5a0e0ce138f22731675: 38 ms
Input: 1050000,
Cold Start: false
Unique ID: 95c444085e79b87f1317c6c662fb975d,
Execution Time for Trace ID 95c444085e79b87f1317c6c662fb975d: 68 ms
Input: 1050000,
Cold Start: false
Unique ID: 918065fb1a7e01af983b39de4c10d520,
Execution Time for Trace ID 918065fb1a7e01af983b39de4c10d520: 39 ms
Input: 1050000,
Cold Start: false
Unique ID: 4eb2e8bdbedf5718d0752d7656036c27,
Execution Time for Trace ID 4eb2e8bdbedf5718d0752d7656036c27: 38 ms
Input: 1050000,
Cold Start: false
Unique ID: de982ffa717215bf394d37e43d265e56,
Execution Time for Trace ID de982ffa717215bf394d37e43d265e56: 38 ms
Input: 1050000,
Cold Start: false
Unique ID: 5f807ea70034f51cd3b6969d770bbd0f,
Execution Time for Trace ID 5f807ea70034f51cd3b6969d770bbd0f: 71 ms
Input: 1050000,
Cold Start: false
Unique ID: 2ea25712988d0b684480721006c7794f,
Execution Time for Trace ID 2ea25712988d0b684480721006c7794f: 40 ms
Input: 1050000,
Cold Start: false
Unique ID: 91f8b3bcd2b0c83b2e6a8e2730a6e21b,
Execution Time for Trace ID 91f8b3bcd2b0c83b2e6a8e2730a6e21b: 49 ms
Input: 1050000,
Cold Start: false
Unique ID: a108ffcab905eb7c40266297bf99e0e4,
Execution Time for Trace ID a108ffcab905eb7c40266297bf99e0e4: 75 ms
Input: 1050000,
Cold Start: false
Unique ID: 2f387e3311f2b86d0b0ea22627b5f2c8,
Execution Time for Trace ID 2f387e3311f2b86d0b0ea22627b5f2c8: 39 ms
Input: 1050000,
Cold Start: false
Unique ID: b1ba0dd8fb1ec984aca4463694387c57,
Execution Time for Trace ID b1ba0dd8fb1ec984aca4463694387c57: 47 ms
Input: 1050000,
Cold Start: false
Unique ID: 737541807721be89450099132d0df1be,
Execution Time for Trace ID 737541807721be89450099132d0df1be: 61 ms
Input: 1050000,
Cold Start: false
Unique ID: c16da1e927cd17fe93e1f8b1f0e3d8b0,
Execution Time for Trace ID c16da1e927cd17fe93e1f8b1f0e3d8b0: 37 ms
Input: 1050000,
Cold Start: false
Unique ID: a8bcc796801f2be87006a2e6b7e30222,
Execution Time for Trace ID a8bcc796801f2be87006a2e6b7e30222: 62 ms
Input: 1050000,
Cold Start: false
Unique ID: 0b34b25e88ef267f65ad4ee0772bce64,
Execution Time for Trace ID 0b34b25e88ef267f65ad4ee0772bce64: 78 ms
Input: 1050000,
Cold Start: false
Unique ID: 3a8f3171e0b3cd5654e5400c66859e33,
Execution Time for Trace ID 3a8f3171e0b3cd5654e5400c66859e33: 53 ms
Input: 1050000,
Cold Start: false
Unique ID: 4f2c84f16188ff3dda4b8fd6e16a9e2c,
Execution Time for Trace ID 4f2c84f16188ff3dda4b8fd6e16a9e2c: 38 ms
Input: 1050000,
Cold Start: false
Unique ID: f9340fc0abe4f58adf101bde393c729d,
Execution Time for Trace ID f9340fc0abe4f58adf101bde393c729d: 64 ms
Input: 1050000,
Cold Start: false
Unique ID: 86104129edbc5fcf789145bcd3ed834d,
Execution Time for Trace ID 86104129edbc5fcf789145bcd3ed834d: 79 ms
Input: 1050000,
Cold Start: false
Unique ID: 574723c313f9d62549ffba46ac2307ea,
Execution Time for Trace ID 574723c313f9d62549ffba46ac2307ea: 57 ms
Input: 1050000,
Cold Start: false
Unique ID: 579368eacb10b176cc838a7b1bb788b1,
Execution Time for Trace ID 579368eacb10b176cc838a7b1bb788b1: 39 ms
Input: 1050000,
Cold Start: false
Unique ID: f5475d56c21e043504133330727b05e9,
Execution Time for Trace ID f5475d56c21e043504133330727b05e9: 59 ms
Input: 1050000,
Cold Start: false
Unique ID: bbff1a42deaa2de5560f19c89de73189,
Execution Time for Trace ID bbff1a42deaa2de5560f19c89de73189: 40 ms
Input: 1050000,
Cold Start: false
Unique ID: 6fab4bf7766e0ceb046a000acbe8cb9e,
Execution Time for Trace ID 6fab4bf7766e0ceb046a000acbe8cb9e: 58 ms
Input: 1050000,
Cold Start: false
Unique ID: 105f4e681258298c3f129b7f447892dd,
Execution Time for Trace ID 105f4e681258298c3f129b7f447892dd: 37 ms
Input: 1050000,
Cold Start: false
Unique ID: 58bfd33c16bb644261ecb48095236541,
Execution Time for Trace ID 58bfd33c16bb644261ecb48095236541: 64 ms
Input: 1050000,
Cold Start: false
Unique ID: deb876825a89162660ce031a845adf34,
Execution Time for Trace ID deb876825a89162660ce031a845adf34: 76 ms
Input: 1050000,
Cold Start: false
Unique ID: 8001918f9eeb3267344c028424cfdad0,
Execution Time for Trace ID 8001918f9eeb3267344c028424cfdad0: 55 ms
Input: 1050000,
Cold Start: false
Unique ID: fad5ca6707d3c84db4d64fbc836680a2,
Execution Time for Trace ID fad5ca6707d3c84db4d64fbc836680a2: 38 ms
Input: 1050000,
Cold Start: false
Unique ID: 49b85caf96ea553dfb7863723907a101,
Execution Time for Trace ID 49b85caf96ea553dfb7863723907a101: 62 ms
Input: 1050000,
Cold Start: false
Unique ID: 4231faa21c5e69a6c771bb07f199aeba,
Execution Time for Trace ID 4231faa21c5e69a6c771bb07f199aeba: 75 ms
Input: 1050000,
Cold Start: false
Unique ID: 24a050cf6fde7ea983e74efb10c72b0f,
Execution Time for Trace ID 24a050cf6fde7ea983e74efb10c72b0f: 48 ms
Input: 1050000,
Cold Start: false
Unique ID: 2d335a553ce78d68eb9da28e608c0849,
Execution Time for Trace ID 2d335a553ce78d68eb9da28e608c0849: 38 ms
Input: 1050000,
Cold Start: false
Unique ID: 94981da4b60f708a7571788e619d7f9f,
Execution Time for Trace ID 94981da4b60f708a7571788e619d7f9f: 63 ms
Input: 1050000,
Cold Start: false
Unique ID: 48cea6255cc4caedfa0290b34d87c661,
Execution Time for Trace ID 48cea6255cc4caedfa0290b34d87c661: 40 ms
Input: 1050000,
Cold Start: false
Unique ID: 6ee2067dbe614aa34b553e39c97e3a79,
Execution Time for Trace ID 6ee2067dbe614aa34b553e39c97e3a79: 58 ms
Input: 1050000,
Cold Start: false
Unique ID: f3876ed422c40982650faff378ce3a56,
Execution Time for Trace ID f3876ed422c40982650faff378ce3a56: 37 ms
Input: 1050000,
Cold Start: false
Unique ID: 534b8a46753b162cd366125d6381e56a,
Execution Time for Trace ID 534b8a46753b162cd366125d6381e56a: 64 ms
Input: 1050000,
Cold Start: false
Unique ID: 30158bbde0b0df87663ed064680a52c3,
Execution Time for Trace ID 30158bbde0b0df87663ed064680a52c3: 40 ms
Input: 1050000,
Cold Start: false
Unique ID: cd3e54c5dfe6a8f837dc892da4df15aa,
Execution Time for Trace ID cd3e54c5dfe6a8f837dc892da4df15aa: 46 ms
Input: 1050000,
Cold Start: false
Unique ID: 370797fb455d6c690e2144b9749faf43,
Execution Time for Trace ID 370797fb455d6c690e2144b9749faf43: 37 ms
Input: 1050000,
Cold Start: false
Unique ID: bc5e718741e5f1063be772f78d458039,
Execution Time for Trace ID bc5e718741e5f1063be772f78d458039: 76 ms
Input: 1050000,
Cold Start: false
Unique ID: 03fb291dcb149b012351798362756582,
Execution Time for Trace ID 03fb291dcb149b012351798362756582: 86 ms
Input: 1050000,
Cold Start: false
Unique ID: 698618d01aa08fdb799df60bce5a50e7,
Execution Time for Trace ID 698618d01aa08fdb799df60bce5a50e7: 42 ms
Input: 1050000,
Cold Start: false
Unique ID: f832f12142ed8d2728029aca32811f98,
Execution Time for Trace ID f832f12142ed8d2728029aca32811f98: 39 ms
Input: 1050000,
Cold Start: false
Unique ID: 1831a79ee20f9de9a2652b90da1667a7,
Execution Time for Trace ID 1831a79ee20f9de9a2652b90da1667a7: 68 ms
Input: 1050000,
Cold Start: false
Unique ID: 6564112dfe4312ee6d19bcee5ac6331f,
Execution Time for Trace ID 6564112dfe4312ee6d19bcee5ac6331f: 40 ms
Input: 1050000,
Cold Start: false
Unique ID: 03498f25e7ac9ea49e47af2adf9d293e,
Execution Time for Trace ID 03498f25e7ac9ea49e47af2adf9d293e: 55 ms
Input: 1050000,
Cold Start: false
Unique ID: c047a680cecec4b8029279d9bf26cd7b,
Execution Time for Trace ID c047a680cecec4b8029279d9bf26cd7b: 38 ms
Input: 1050000,
Cold Start: false
Unique ID: 56fb698ba0b8de4d716c0fc1602e9927,
Execution Time for Trace ID 56fb698ba0b8de4d716c0fc1602e9927: 65 ms
Input: 1050000,
Cold Start: false
Unique ID: 861d9d5ee475782ebf85fe2de81ef652,
Execution Time for Trace ID 861d9d5ee475782ebf85fe2de81ef652: 39 ms
Input: 1050000,
Cold Start: false
Unique ID: 3fc7bab2e14eeed0a772335e436dd9d5,
Execution Time for Trace ID 3fc7bab2e14eeed0a772335e436dd9d5: 59 ms
Input: 1050000,
Cold Start: false
Unique ID: 75a56af350fda3ea84bb323392daf2b4,
Execution Time for Trace ID 75a56af350fda3ea84bb323392daf2b4: 40 ms
Input: 1050000,
Cold Start: false
Unique ID: ce7144a5212b9de76bfd027d1843cfca,
Execution Time for Trace ID ce7144a5212b9de76bfd027d1843cfca: 65 ms
Input: 1050000,
Cold Start: false
Unique ID: 71abf1c7e05967a7a5954e480fc0172e,
Execution Time for Trace ID 71abf1c7e05967a7a5954e480fc0172e: 75 ms
Input: 1050000,
Cold Start: false
Unique ID: 0e13b4c885ff19cc205526e9d3ba82ac,
Execution Time for Trace ID 0e13b4c885ff19cc205526e9d3ba82ac: 52 ms
Input: 1050000,
Cold Start: false
Unique ID: ec8a448444820d77493d2c88c3e0d66a,
Execution Time for Trace ID ec8a448444820d77493d2c88c3e0d66a: 41 ms
Input: 1050000,
Cold Start: false
Unique ID: b4b4ee351f2f695be90265e5c8c1c062,
Execution Time for Trace ID b4b4ee351f2f695be90265e5c8c1c062: 70 ms
Input: 1050000,
Cold Start: false
Unique ID: 836e689df0b11f99b212efcdc0bc76f9,
Execution Time for Trace ID 836e689df0b11f99b212efcdc0bc76f9: 83 ms
Input: 1050000,
Cold Start: false
Unique ID: 9f1af0548ee512929cabfb980006d386,
Execution Time for Trace ID 9f1af0548ee512929cabfb980006d386: 57 ms
Input: 1050000,
Cold Start: false
Unique ID: 5bdddd51600269a2727f951a3ef9eb3d,
Execution Time for Trace ID 5bdddd51600269a2727f951a3ef9eb3d: 38 ms
Input: 1050000,
Cold Start: false
Unique ID: cdb1e1a525d077b86014aa57c5a7d880,
Execution Time for Trace ID cdb1e1a525d077b86014aa57c5a7d880: 40 ms
Input: 1050000,
Cold Start: false
Unique ID: 31f949454581923483f765b52e4d3c04,
Execution Time for Trace ID 31f949454581923483f765b52e4d3c04: 39 ms
Input: 1050000,
Cold Start: false
Unique ID: 1d81b5ac8ff5e446c48f6706a42c8f4c,
Execution Time for Trace ID 1d81b5ac8ff5e446c48f6706a42c8f4c: 65 ms
Input: 1050000,
Cold Start: false
Unique ID: 5ee166755956d94c5c7868686a903d42,
Execution Time for Trace ID 5ee166755956d94c5c7868686a903d42: 40 ms
Input: 1050000,
Cold Start: false
Unique ID: 4e6ff45554c5be1ae3a50e46ff6b83a4,
Execution Time for Trace ID 4e6ff45554c5be1ae3a50e46ff6b83a4: 55 ms
Input: 1050000,
Cold Start: false
Unique ID: e6708960d85b20c6596b8e98e439e578,
Execution Time for Trace ID e6708960d85b20c6596b8e98e439e578: 93 ms
Input: 1050000,
Cold Start: false
Unique ID: d286c0dac7c40167ea8baf0d02de2a5a,
Execution Time for Trace ID d286c0dac7c40167ea8baf0d02de2a5a: 127 ms
Input: 1050000,
Cold Start: false
Unique ID: 406953607e160b3f2bdca803b9916f72,
Execution Time for Trace ID 406953607e160b3f2bdca803b9916f72: 41 ms
Input: 1050000,
Cold Start: false
Unique ID: feffca9efd2b0058ab8b9b1b6b8c7101,
Execution Time for Trace ID feffca9efd2b0058ab8b9b1b6b8c7101: 70 ms
Input: 1050000,
Cold Start: false
Unique ID: 54d3e116dd540470047c0ab4cd571bd9,
Execution Time for Trace ID 54d3e116dd540470047c0ab4cd571bd9: 73 ms
Input: 1050000,
Cold Start: false
Unique ID: e8f8d302018386c55c7868686a903d94,
Execution Time for Trace ID e8f8d302018386c55c7868686a903d94: 53 ms
Input: 1050000,
Cold Start: false
Unique ID: afeb85a13c4e8106dfbe99797a9140b1,
Execution Time for Trace ID afeb85a13c4e8106dfbe99797a9140b1: 38 ms
Input: 1050000,
Cold Start: false
Unique ID: e2625f922d298a16efd99267a717fe68,
Execution Time for Trace ID e2625f922d298a16efd99267a717fe68: 43 ms
Input: 1050000,
Cold Start: false
Unique ID: 40af781a8175698c01579b3dd7b1a8d3,
Execution Time for Trace ID 40af781a8175698c01579b3dd7b1a8d3: 38 ms
Input: 1050000,
Cold Start: false
Unique ID: dad9ea2b576d05fa4deeb78f8c3c9530,
Execution Time for Trace ID dad9ea2b576d05fa4deeb78f8c3c9530: 53 ms
Input: 1050000,
Cold Start: false
Unique ID: 2a562de19c69425f7b299a7c55748613,
Execution Time for Trace ID 2a562de19c69425f7b299a7c55748613: 38 ms
Input: 1050000,
Cold Start: false
Unique ID: abd315dc28334e559511b27696b291e4,
Execution Time for Trace ID abd315dc28334e559511b27696b291e4: 68 ms
Input: 1050000,
Cold Start: false
Unique ID: e16c3754a22c3f98eab9ca3ef84d9723,
Execution Time for Trace ID e16c3754a22c3f98eab9ca3ef84d9723: 40 ms
Input: 1050000,
Cold Start: false
Unique ID: dded6260318b0e82ff68fcf50fa0070f,
Execution Time for Trace ID dded6260318b0e82ff68fcf50fa0070f: 56 ms
Input: 1050000,
Cold Start: false
Unique ID: f083b18a48a36151a950e5beec283de3,
Execution Time for Trace ID f083b18a48a36151a950e5beec283de3: 55 ms
Input: 1050000,
Cold Start: false
Unique ID: 680c372e36af4a677316de47a209d628,
Execution Time for Trace ID 680c372e36af4a677316de47a209d628: 39 ms
Input: 1050000,
Cold Start: false
Unique ID: b5ec13321472bfa826fdcca6a2c39831,
Execution Time for Trace ID b5ec13321472bfa826fdcca6a2c39831: 42 ms
Input: 1050000,
Cold Start: false
Unique ID: 58efb4de38ddc0ff67b0e7de9bbcf2da,
Execution Time for Trace ID 58efb4de38ddc0ff67b0e7de9bbcf2da: 61 ms
Input: 1050000,
Cold Start: false
Unique ID: 357b66c9951e66a151f37e6a3ccf1e26,
Execution Time for Trace ID 357b66c9951e66a151f37e6a3ccf1e26: 38 ms
Input: 1050000,
Cold Start: false
Unique ID: 54f7a3e54dbeba9043c4770925889eae,
Execution Time for Trace ID 54f7a3e54dbeba9043c4770925889eae: 62 ms
Input: 1050000,
Cold Start: false
Unique ID: 63ce076582fc75c211006c53defe436c,
Execution Time for Trace ID 63ce076582fc75c211006c53defe436c: 38 ms
Input: 1050000,
Cold Start: false
Unique ID: ca0dfc9925b5069ab6b5fe113af739ea,
Execution Time for Trace ID ca0dfc9925b5069ab6b5fe113af739ea: 43 ms
Input: 1050000,
Cold Start: false
Unique ID: 92699b8867b6438fe9e4e177ee522de7,
Execution Time for Trace ID 92699b8867b6438fe9e4e177ee522de7: 38 ms
Input: 1050000,
Cold Start: false
Unique ID: a76ab19f5c135287c5a5185a03072b7f,
Execution Time for Trace ID a76ab19f5c135287c5a5185a03072b7f: 42 ms
Input: 1050000,
Cold Start: false
Unique ID: 2e30912dc8966ac402c6a8d80f421059,
Execution Time for Trace ID 2e30912dc8966ac402c6a8d80f421059: 38 ms
Input: 1050000,
Cold Start: false
Unique ID: 503b93dfcbcb05f96a7b0d658679bad4,
Execution Time for Trace ID 503b93dfcbcb05f96a7b0d658679bad4: 47 ms
Input: 1050000,
Cold Start: false
Unique ID: e7ebd20b745699ae46dbed4af3658c2d,
Execution Time for Trace ID e7ebd20b745699ae46dbed4af3658c2d: 39 ms
Input: 1050000,
Cold Start: false
Unique ID: 504579b1c42d00b1b9832a990432e593,
Execution Time for Trace ID 504579b1c42d00b1b9832a990432e593: 60 ms
Input: 1050000,
Cold Start: false
Unique ID: fe90124471b8d0f18841ce23397cfb58,
Execution Time for Trace ID fe90124471b8d0f18841ce23397cfb58: 45 ms
Input: 1050000,
Cold Start: false
Unique ID: 20154b24246b2d52463b582d0de262a5,
Execution Time for Trace ID 20154b24246b2d52463b582d0de262a5: 55 ms
Input: 1050000,
Cold Start: false
Unique ID: 4720376a866fe868f8e894f2532b0f09,
Execution Time for Trace ID 4720376a866fe868f8e894f2532b0f09: 75 ms
Input: 1050000,
Cold Start: false
Unique ID: 3fc54fbde6e55d654475641145f1e97d,
Execution Time for Trace ID 3fc54fbde6e55d654475641145f1e97d: 41 ms
Input: 1050000,
Cold Start: false
Unique ID: d433d833f8374790c80e599f6856908f,
Execution Time for Trace ID d433d833f8374790c80e599f6856908f: 38 ms
Input: 1050000,
Cold Start: false
Unique ID: 516ed8149c6f473eb877730d5cf6a666,
Execution Time for Trace ID 516ed8149c6f473eb877730d5cf6a666: 51 ms
Input: 1050000,
Cold Start: false
Unique ID: d49cf188b18a721393756d039af6371c,
Execution Time for Trace ID d49cf188b18a721393756d039af6371c: 38 ms
Input: 1050000,
Cold Start: false
Unique ID: a1cc3d6127e46e42935c79b0e0f35b8d,
Execution Time for Trace ID a1cc3d6127e46e42935c79b0e0f35b8d: 38 ms
Input: 1050000,
Cold Start: false
Unique ID: 9d8c598f843e7f2abe9f41a0ce2f54f1,
Execution Time for Trace ID 9d8c598f843e7f2abe9f41a0ce2f54f1: 38 ms
Input: 1050000,
Cold Start: false
Unique ID: 7fe34322798becdb1e4fe5628d79f6d5,
Execution Time for Trace ID 7fe34322798becdb1e4fe5628d79f6d5: 46 ms
Input: 1050000,
Cold Start: false
Unique ID: 6f6ac5d54dac146c59a65b3611fd99df,
Execution Time for Trace ID 6f6ac5d54dac146c59a65b3611fd99df: 38 ms
Input: 1050000,
Cold Start: false
Unique ID: 2dc9153f8ba608040d7d9c87d8fa5757,
Execution Time for Trace ID 2dc9153f8ba608040d7d9c87d8fa5757: 64 ms
Input: 1050000,
Cold Start: false
Unique ID: 07ab97d94a11add441e467e5fb681bcd,
Execution Time for Trace ID 07ab97d94a11add441e467e5fb681bcd: 81 ms
Input: 1050000,
Cold Start: false
Unique ID: 2f82c719235dde0b9ae3699361cbffe6,
Execution Time for Trace ID 2f82c719235dde0b9ae3699361cbffe6: 57 ms
Input: 1050000,
Cold Start: false
Unique ID: bf62aa778225d24dcc49e05208b135be,
Execution Time for Trace ID bf62aa778225d24dcc49e05208b135be: 38 ms
Input: 1050000,
Cold Start: false
Unique ID: 2227c6e5eed3057b542deaa14eeb2f78,
Execution Time for Trace ID 2227c6e5eed3057b542deaa14eeb2f78: 65 ms
Input: 1050000,
Cold Start: false
Unique ID: 05a3fa978fa6f700db5fe138ee56fc9b,
Execution Time for Trace ID 05a3fa978fa6f700db5fe138ee56fc9b: 82 ms
Input: 1050000,
Cold Start: false
Unique ID: 7b5cb28d648a7c44be85b3549dc4f55d,
Execution Time for Trace ID 7b5cb28d648a7c44be85b3549dc4f55d: 54 ms
Input: 1050000,
Cold Start: false
Unique ID: 7ef955f52eaed0fbf2001c4b7571c9db,
Execution Time for Trace ID 7ef955f52eaed0fbf2001c4b7571c9db: 38 ms
Input: 1050000,
Cold Start: false
Unique ID: 135f49475361528816ec4b2c85bf76b3,
Execution Time for Trace ID 135f49475361528816ec4b2c85bf76b3: 67 ms
Input: 1050000,
Cold Start: false
Unique ID: 12277e13e60b942d7b7e1a54ddfc1140,
Execution Time for Trace ID 12277e13e60b942d7b7e1a54ddfc1140: 76 ms
Input: 1050000,
Cold Start: false
Unique ID: 07cd709ae5911948f7f895777a9fc7a5,
Execution Time for Trace ID 07cd709ae5911948f7f895777a9fc7a5: 57 ms
Input: 1050000,
Cold Start: false
Unique ID: 0060fee15bc571263a26b9feb6b452c9,
Execution Time for Trace ID 0060fee15bc571263a26b9feb6b452c9: 41 ms
Input: 1050000,
Cold Start: false
Unique ID: 609083c6d81f8814d51a01f21beed051,
Execution Time for Trace ID 609083c6d81f8814d51a01f21beed051: 67 ms
Input: 1050000,
Cold Start: false
Unique ID: e121ab4d9ee8a42dc26351b117191319,
Execution Time for Trace ID e121ab4d9ee8a42dc26351b117191319: 74 ms
Input: 1050000,
Cold Start: false
Unique ID: 2c8785a9789b862bc742619548da4b00,
Execution Time for Trace ID 2c8785a9789b862bc742619548da4b00: 51 ms
Input: 1050000,
Cold Start: false
Unique ID: d16b9c4904754178826ee1b00a6d58b9,
Execution Time for Trace ID d16b9c4904754178826ee1b00a6d58b9: 39 ms
Input: 1050000,
Cold Start: false
Unique ID: b72440185c944be11952e149a9f02b54,
Execution Time for Trace ID b72440185c944be11952e149a9f02b54: 39 ms
Input: 1050000,
Cold Start: false
Unique ID: b6f1bfe7bfb3272f7e242065e6cbb634,
Execution Time for Trace ID b6f1bfe7bfb3272f7e242065e6cbb634: 85 ms
Input: 1050000,
Cold Start: false
Unique ID: 8ed91d70c01f843ae6f58cde9c05734e,
Execution Time for Trace ID 8ed91d70c01f843ae6f58cde9c05734e: 54 ms
Input: 1050000,
Cold Start: false
Unique ID: d7dc47af416efdf0564ac65060c06124,
Execution Time for Trace ID d7dc47af416efdf0564ac65060c06124: 39 ms
Input: 1050000,
Cold Start: false
Unique ID: acacbd1dd6a99a475d7f1c1b5e6c6c3a,
Execution Time for Trace ID acacbd1dd6a99a475d7f1c1b5e6c6c3a: 65 ms
Input: 1050000,
Cold Start: false
Unique ID: 8d51f102d0d40de4f6f108b9a1957ab9,
Execution Time for Trace ID 8d51f102d0d40de4f6f108b9a1957ab9: 38 ms
Input: 1050000,
Cold Start: false
Unique ID: 552cc3307735174e51882060a2996d6e,
Execution Time for Trace ID 552cc3307735174e51882060a2996d6e: 54 ms
Input: 1050000,
Cold Start: false
Unique ID: dd1d0aa7d074d8a0ff383ec3a18b08e0,
Execution Time for Trace ID dd1d0aa7d074d8a0ff383ec3a18b08e0: 77 ms
Input: 1050000,
Cold Start: false
Unique ID: 2f5e027fe7a781f42c738c4617295a82,
Execution Time for Trace ID 2f5e027fe7a781f42c738c4617295a82: 39 ms
Input: 1050000,
Cold Start: false
Unique ID: 8ab4a3ba1f54094335c3d393c431f212,
Execution Time for Trace ID 8ab4a3ba1f54094335c3d393c431f212: 38 ms
Input: 1050000,
Cold Start: false
Unique ID: f313d5df431855de144c69bac23a3551,
Execution Time for Trace ID f313d5df431855de144c69bac23a3551: 58 ms
Input: 1050000,
Cold Start: false
Unique ID: 33aefad4f3eb1123b82d2235ed24facc,
Execution Time for Trace ID 33aefad4f3eb1123b82d2235ed24facc: 38 ms
Input: 1050000,
Cold Start: false
Unique ID: 75162a6060c9d3f3c5f2faf6bb7830c0,
Execution Time for Trace ID 75162a6060c9d3f3c5f2faf6bb7830c0: 62 ms
Input: 1050000,
Cold Start: false
Unique ID: fd353ab06dea1ad95ede92a209a96071,
Execution Time for Trace ID fd353ab06dea1ad95ede92a209a96071: 72 ms
Input: 1050000,
Cold Start: false
Unique ID: 08b5b143db8fca4ccfd639fa22d3654a,
Execution Time for Trace ID 08b5b143db8fca4ccfd639fa22d3654a: 48 ms
Input: 1050000,
Cold Start: false
Unique ID: ed5064dfc6ba8502ce67f391bca57f9e,
Execution Time for Trace ID ed5064dfc6ba8502ce67f391bca57f9e: 38 ms
Input: 1050000,
Cold Start: false
Unique ID: c0cd6228a1a1c1b7b44e05e1074fc80c,
Execution Time for Trace ID c0cd6228a1a1c1b7b44e05e1074fc80c: 70 ms
Input: 1050000,
Cold Start: false
Unique ID: cfda16f1816c78da0aa6423152dd4994,
Execution Time for Trace ID cfda16f1816c78da0aa6423152dd4994: 76 ms
Input: 1050000,
Cold Start: false
Unique ID: 52375a6ccb81576b300afaaee565e595,
Execution Time for Trace ID 52375a6ccb81576b300afaaee565e595: 58 ms
Input: 1050000,
Cold Start: false
Unique ID: ce9ea6c219a5415bda6f9b7e8bc6f295,
Execution Time for Trace ID ce9ea6c219a5415bda6f9b7e8bc6f295: 40 ms
Input: 1050000,
Cold Start: false
Unique ID: e31f8cbc07caa28a0818309c865ab160,
Execution Time for Trace ID e31f8cbc07caa28a0818309c865ab160: 63 ms
Input: 1050000,
Cold Start: false
Unique ID: 7be57c06243fd1b11267475748e46e80,
Execution Time for Trace ID 7be57c06243fd1b11267475748e46e80: 46 ms
Input: 1050000,
Cold Start: false
Unique ID: 5430d74d8eaba392a4d48ee185028f28,
Execution Time for Trace ID 5430d74d8eaba392a4d48ee185028f28: 83 ms
Input: 1050000,
Cold Start: false
Unique ID: 8e60d456df09cd75b06c0793e565f6fe,
Execution Time for Trace ID 8e60d456df09cd75b06c0793e565f6fe: 82 ms
Input: 1050000,
Cold Start: false
Unique ID: 024e2ae333f86e00fdfdbae954a794bd,
Execution Time for Trace ID 024e2ae333f86e00fdfdbae954a794bd: 44 ms
Input: 1050000,
Cold Start: false
Unique ID: 73306715c89eba80e03680fcfa5b158f,
Execution Time for Trace ID 73306715c89eba80e03680fcfa5b158f: 39 ms
Input: 1050000,
Cold Start: false
Unique ID: fcee8cfdd97ec2645afa0300b9e59658,
Execution Time for Trace ID fcee8cfdd97ec2645afa0300b9e59658: 60 ms
Input: 1050000,
Cold Start: false
Unique ID: ce27e0f34739dc6dee3844a053a723a2,
Execution Time for Trace ID ce27e0f34739dc6dee3844a053a723a2: 38 ms
Input: 1050000,
Cold Start: false
Unique ID: ddcf004dd9e5342b7a16ebf7d4bfcee8,
Execution Time for Trace ID ddcf004dd9e5342b7a16ebf7d4bfcee8: 61 ms
Input: 1050000,
Cold Start: false
Unique ID: 740582f333f6af5174abc2093048c2c4,
Execution Time for Trace ID 740582f333f6af5174abc2093048c2c4: 77 ms
Input: 1050000,
Cold Start: false
Unique ID: 638bef22c7f98298604e07c2636a19f1,
Execution Time for Trace ID 638bef22c7f98298604e07c2636a19f1: 48 ms
Input: 1050000,
Cold Start: false
Unique ID: 6dcb75ecd9522d5cabc43f001fa0b561,
Execution Time for Trace ID 6dcb75ecd9522d5cabc43f001fa0b561: 39 ms
Input: 1050000,
Cold Start: false
Unique ID: 010bac9383ac8cc099a446881cb08130,
Execution Time for Trace ID 010bac9383ac8cc099a446881cb08130: 62 ms
Input: 1050000,
Cold Start: false
Unique ID: 0f446af0dd24e4631787e2ccfc4177ba,
Execution Time for Trace ID 0f446af0dd24e4631787e2ccfc4177ba: 40 ms
Input: 1050000,
Cold Start: false
Unique ID: 5cb32bc502d0da4ef212c9aa10403e64,
Execution Time for Trace ID 5cb32bc502d0da4ef212c9aa10403e64: 53 ms
Input: 1050000,
Cold Start: false
Unique ID: ad0e43abbe89977b8c10d5a77a1dceca,
Execution Time for Trace ID ad0e43abbe89977b8c10d5a77a1dceca: 38 ms
Input: 1050000,
Cold Start: false
Unique ID: c9371268ae98587f0e9a1ad0656fc63c,
Execution Time for Trace ID c9371268ae98587f0e9a1ad0656fc63c: 63 ms
Input: 1050000,
Cold Start: false
Unique ID: 330a1bf433096e511a75957c52eaaaf0,
Execution Time for Trace ID 330a1bf433096e511a75957c52eaaaf0: 78 ms
Input: 1050000,
Cold Start: false
Unique ID: c7acf2c96b859983ba0e5d1974491d08,
Execution Time for Trace ID c7acf2c96b859983ba0e5d1974491d08: 57 ms
Input: 1050000,
Cold Start: false
Unique ID: 674f1c25522210cd801d6ad9c9fde9c2,
Execution Time for Trace ID 674f1c25522210cd801d6ad9c9fde9c2: 39 ms
Input: 1050000,
Cold Start: false
Unique ID: 761bfcffa4fabdc4798784dd7686f5f8,
Execution Time for Trace ID 761bfcffa4fabdc4798784dd7686f5f8: 62 ms
Input: 1050000,
Cold Start: false
Unique ID: 9db000984c65615d20196e92400c2fcf,
Execution Time for Trace ID 9db000984c65615d20196e92400c2fcf: 37 ms
Input: 1050000,
Cold Start: false
Unique ID: 4b1402bc7157d7e69b94f3b49b7185ab,
Execution Time for Trace ID 4b1402bc7157d7e69b94f3b49b7185ab: 74 ms
Input: 1050000,
Cold Start: false
Unique ID: 5b5f96f35dfb0c6182cc503c7657ff47,
Execution Time for Trace ID 5b5f96f35dfb0c6182cc503c7657ff47: 40 ms
Input: 1050000,
Cold Start: false
Unique ID: 88761da3cde10137c53c9e72c5457337,
Execution Time for Trace ID 88761da3cde10137c53c9e72c5457337: 66 ms
Input: 1050000,
Cold Start: false
Unique ID: 10891ef54d7a86f2edf880c937ff57bb,
Execution Time for Trace ID 10891ef54d7a86f2edf880c937ff57bb: 39 ms
Input: 1050000,
Cold Start: false
Unique ID: dfa7eedd6d9c0642885a6c80d2177c7a,
Execution Time for Trace ID dfa7eedd6d9c0642885a6c80d2177c7a: 51 ms
Input: 1050000,
Cold Start: false
Unique ID: 183ab2926de9c545c69fb182b38323fa,
Execution Time for Trace ID 183ab2926de9c545c69fb182b38323fa: 38 ms
Input: 1050000,
Cold Start: false
Unique ID: 3d7be59601893cf4a2968d7c1868342f,
Execution Time for Trace ID 3d7be59601893cf4a2968d7c1868342f: 69 ms
Input: 1050000,
Cold Start: false
Unique ID: a6cbb381d40640ef35ab2cdd131c3696,
Execution Time for Trace ID a6cbb381d40640ef35ab2cdd131c3696: 78 ms
Input: 1050000,
Cold Start: false
Unique ID: 12f4789b4f3e13c90b1a3b4398d725c8,
Execution Time for Trace ID 12f4789b4f3e13c90b1a3b4398d725c8: 53 ms
Input: 1050000,
Cold Start: false
Unique ID: abb5b41563b7aece1b0cdb5cc43dc51b,
Execution Time for Trace ID abb5b41563b7aece1b0cdb5cc43dc51b: 38 ms
Input: 1050000,
Cold Start: false
Unique ID: 22b0b6e335a3c7b61a2f6acf72c37c9a,
Execution Time for Trace ID 22b0b6e335a3c7b61a2f6acf72c37c9a: 66 ms
Input: 1050000,
Cold Start: false
Unique ID: e9a9fa69e49a0a92305987880a9df299,
Execution Time for Trace ID e9a9fa69e49a0a92305987880a9df299: 45 ms
Input: 1050000,
Cold Start: false
Unique ID: dfcfb8c79ea2fa369d02d6cbbf42abe4,
Execution Time for Trace ID dfcfb8c79ea2fa369d02d6cbbf42abe4: 42 ms
Input: 1050000,
Cold Start: false
Unique ID: 368ebb1012c4062f0ce641d8687a7ef8,
Execution Time for Trace ID 368ebb1012c4062f0ce641d8687a7ef8: 78 ms
Input: 1050000,
Cold Start: false
Unique ID: f152ce7b938b1bc776dc4857da852123,
Execution Time for Trace ID f152ce7b938b1bc776dc4857da852123: 42 ms
Input: 1050000,
Cold Start: false
Unique ID: cdb390199b9b0139cd1db1e126379851,
Execution Time for Trace ID cdb390199b9b0139cd1db1e126379851: 39 ms
Input: 1050000,
Cold Start: false
Unique ID: 1b67c25c606961d88c46ca2650754ef9,
Execution Time for Trace ID 1b67c25c606961d88c46ca2650754ef9: 62 ms
Input: 1050000,
Cold Start: false
Unique ID: 30d777842c8c07c542b42c2e8475b779,
Execution Time for Trace ID 30d777842c8c07c542b42c2e8475b779: 38 ms
Input: 1050000,
Cold Start: false
Unique ID: fa9cc5a93b39cfe18293077455e6eb8c,
Execution Time for Trace ID fa9cc5a93b39cfe18293077455e6eb8c: 61 ms
Input: 1050000,
Cold Start: false
Unique ID: 8be504e02044a816cd071b6fdb63e4b1,
Execution Time for Trace ID 8be504e02044a816cd071b6fdb63e4b1: 85 ms
Input: 1050000,
Cold Start: false
Unique ID: 081bf03f387b1614400d3f99871abee6,
Execution Time for Trace ID 081bf03f387b1614400d3f99871abee6: 44 ms
Input: 1050000,
Cold Start: false
Unique ID: 14d612547e2697090f5faa037925d3d9,
Execution Time for Trace ID 14d612547e2697090f5faa037925d3d9: 84 ms
Input: 1050000,
Cold Start: false
Unique ID: 0c0833684de148183c5a905ef54a6a85,
Execution Time for Trace ID 0c0833684de148183c5a905ef54a6a85: 45 ms
Input: 1050000,
Cold Start: false
Unique ID: af9b05d9b4252a9df94effde1a1e7568,
Execution Time for Trace ID af9b05d9b4252a9df94effde1a1e7568: 96 ms
Input: 1050000,
Cold Start: false
Unique ID: 97ca7e6d4ec9f1cb38d548e5a3489b18,
Execution Time for Trace ID 97ca7e6d4ec9f1cb38d548e5a3489b18: 175 ms
Input: 1050000,
Cold Start: false
Unique ID: 21bc82d7b7cf03b2525e4b11ca5a96a1,
Execution Time for Trace ID 21bc82d7b7cf03b2525e4b11ca5a96a1: 80 ms
Input: 1050000,
Cold Start: false
Unique ID: 000cba9c9deb29f157a4164258b6e59c,
Execution Time for Trace ID 000cba9c9deb29f157a4164258b6e59c: 76 ms
Input: 1050000,
Cold Start: false
Unique ID: ab0f281ae4f5d3e01def1852a7c5ba83,
Execution Time for Trace ID ab0f281ae4f5d3e01def1852a7c5ba83: 80 ms
Input: 1050000,
Cold Start: false
Unique ID: 57cb8095398ba4fadf5ee262cb2f062c,
Execution Time for Trace ID 57cb8095398ba4fadf5ee262cb2f062c: 55 ms
Input: 1050000,
Cold Start: false
Unique ID: e62590addf1dc280d02957bb3c9d2c4c,
Execution Time for Trace ID e62590addf1dc280d02957bb3c9d2c4c: 81 ms
Input: 1050000,
Cold Start: false
Unique ID: 2cd346d9cd50329cf1e5c8d35aeb63ee,
Execution Time for Trace ID 2cd346d9cd50329cf1e5c8d35aeb63ee: 63 ms
Input: 1050000,
Cold Start: false
Unique ID: 9fce69fbe017908fa1bc47089615d078,
Execution Time for Trace ID 9fce69fbe017908fa1bc47089615d078: 88 ms
Input: 1050000,
Cold Start: false
Unique ID: 0240d88ec44ac6069b21b3e71f35b648,
Execution Time for Trace ID 0240d88ec44ac6069b21b3e71f35b648: 58 ms
Input: 1050000,
Cold Start: false
Unique ID: 702715abb06e52fa9f15dd3e6659f626,
Execution Time for Trace ID 702715abb06e52fa9f15dd3e6659f626: 98 ms
Input: 1050000,
Cold Start: false
Unique ID: 12b92b5e9a1c89666159890b2573568b,
Execution Time for Trace ID 12b92b5e9a1c89666159890b2573568b: 48 ms
Input: 1050000,
Cold Start: false
Unique ID: e9249ba4152035fb408eeb280cbb6649,
Execution Time for Trace ID e9249ba4152035fb408eeb280cbb6649: 80 ms
Input: 1050000,
Cold Start: false
Unique ID: 1c7ff860eabb7b82204c8f2b099fd162,
Execution Time for Trace ID 1c7ff860eabb7b82204c8f2b099fd162: 56 ms
Input: 1050000,
Cold Start: false
Unique ID: 19195007a3bcd45d5edb09d3da13dc4c,
Execution Time for Trace ID 19195007a3bcd45d5edb09d3da13dc4c: 82 ms
Input: 1050000,
Cold Start: false
Unique ID: 1d913d1f4f325624a39fe0bc79646d89,
Execution Time for Trace ID 1d913d1f4f325624a39fe0bc79646d89: 45 ms
Input: 1050000,
Cold Start: false
Unique ID: 1a0702fbec74561158f9c93831dae985,
Execution Time for Trace ID 1a0702fbec74561158f9c93831dae985: 79 ms
Input: 1050000,
Cold Start: false
Unique ID: cffe0dc01cf204ab608ebadddb89cb85,
Execution Time for Trace ID cffe0dc01cf204ab608ebadddb89cb85: 41 ms
Input: 1050000,
Cold Start: false
Unique ID: fe202736ed686288c232f5ffef7668a3,
Execution Time for Trace ID fe202736ed686288c232f5ffef7668a3: 77 ms
Input: 1050000,
Cold Start: false
Unique ID: b786d705ce082ac00fc589117499f252,
Execution Time for Trace ID b786d705ce082ac00fc589117499f252: 38 ms
Input: 1050000,
Cold Start: false
Unique ID: c224a95c51ca1d1f668b86587df89d95,
Execution Time for Trace ID c224a95c51ca1d1f668b86587df89d95: 38 ms
Input: 1050000,
Cold Start: false
Unique ID: 3550a83c4487e443b2f5d0b91e7f4ae1,
Execution Time for Trace ID 3550a83c4487e443b2f5d0b91e7f4ae1: 47 ms
Input: 1050000,
Cold Start: false
Unique ID: d926d08dd99fa4f1c34317d63f9acd32,
Execution Time for Trace ID d926d08dd99fa4f1c34317d63f9acd32: 78 ms
Input: 1050000,
Cold Start: false
Unique ID: fdbe44e613671b7a7b35fb4ef7477a45,
Execution Time for Trace ID fdbe44e613671b7a7b35fb4ef7477a45: 38 ms
Input: 1050000,
Cold Start: false
Unique ID: 147bbf6b891e1d278e6eac6dec4aee2c,
Execution Time for Trace ID 147bbf6b891e1d278e6eac6dec4aee2c: 37 ms
Input: 1050000,
Cold Start: false
Unique ID: 8636f2fbd5de237b03f24bea7057c66d,
Execution Time for Trace ID 8636f2fbd5de237b03f24bea7057c66d: 59 ms
Input: 1050000,
Cold Start: false
Unique ID: d098f0f85a617026864660a3c464dcc0,
Execution Time for Trace ID d098f0f85a617026864660a3c464dcc0: 38 ms
Input: 1050000,
Cold Start: false
Unique ID: a4e8c8b15d355a8f8c09be303c84b058,
Execution Time for Trace ID a4e8c8b15d355a8f8c09be303c84b058: 60 ms
Input: 1050000,
Cold Start: false
Unique ID: 9d6fd00ddcbd7b105ddf4b9482bd1d2e,
Execution Time for Trace ID 9d6fd00ddcbd7b105ddf4b9482bd1d2e: 94 ms
Input: 1050000,
Cold Start: false
Unique ID: 1e949c6b0d6d55f333701677014bb43e,
Execution Time for Trace ID 1e949c6b0d6d55f333701677014bb43e: 50 ms
Input: 1050000,
Cold Start: false
Unique ID: 4f0b6011a791d619df1ff0964bd42fea,
Execution Time for Trace ID 4f0b6011a791d619df1ff0964bd42fea: 38 ms
Input: 1050000,
Cold Start: false
Unique ID: c1002570a3dd0ab5bea928ff1a6c19fa,
Execution Time for Trace ID c1002570a3dd0ab5bea928ff1a6c19fa: 63 ms
Input: 1050000,
Cold Start: false
Unique ID: 36a3fb1370479b4433597bd4bd375ea2,
Execution Time for Trace ID 36a3fb1370479b4433597bd4bd375ea2: 80 ms
Input: 1050000,
Cold Start: false
Unique ID: 06628e7a1d80b5496575a8c281b55f93,
Execution Time for Trace ID 06628e7a1d80b5496575a8c281b55f93: 58 ms
Input: 1050000,
Cold Start: false
Unique ID: 04c3b7cbf1339e1626e2ea37871c4c37,
Execution Time for Trace ID 04c3b7cbf1339e1626e2ea37871c4c37: 37 ms
Input: 1050000,
Cold Start: false
Unique ID: 550a2d537b92caff6293847c9321b753,
Execution Time for Trace ID 550a2d537b92caff6293847c9321b753: 61 ms
Input: 1050000,
Cold Start: false
Unique ID: 1656153937942c7f0fd2f6aa9f9c3038,
Execution Time for Trace ID 1656153937942c7f0fd2f6aa9f9c3038: 70 ms
Input: 1050000,
Cold Start: false
Unique ID: d13f1bd7ac4acedbc852c8457a965916,
Execution Time for Trace ID d13f1bd7ac4acedbc852c8457a965916: 46 ms
Input: 1050000,
Cold Start: false
Unique ID: c747449e7eee309ac3b27ba3af0d4d4e,
Execution Time for Trace ID c747449e7eee309ac3b27ba3af0d4d4e: 74 ms
Input: 1050000,
Cold Start: false
Unique ID: 5ee4916138a11e8d128cf88fe3ba8624,
Execution Time for Trace ID 5ee4916138a11e8d128cf88fe3ba8624: 39 ms
Input: 1050000,
Cold Start: false
Unique ID: 6731d35db8d80bb50e64d766510eec9d,
Execution Time for Trace ID 6731d35db8d80bb50e64d766510eec9d: 37 ms
Input: 1050000,
Cold Start: false
Unique ID: dd02775e74739124c9551602dc84a817,
Execution Time for Trace ID dd02775e74739124c9551602dc84a817: 127 ms
Input: 1050000,
Cold Start: false
Unique ID: b5ace04b29acac90dc7ce0afc7e8c7fe,
Execution Time for Trace ID b5ace04b29acac90dc7ce0afc7e8c7fe: 38 ms
Input: 1050000,
Cold Start: false
Unique ID: 7829411233bf1c601f3141aabe4c45ed,
Execution Time for Trace ID 7829411233bf1c601f3141aabe4c45ed: 57 ms
Input: 1050000,
Cold Start: false
Unique ID: cb86e0c11dbf4e55bf735ed972eb90ef,
Execution Time for Trace ID cb86e0c11dbf4e55bf735ed972eb90ef: 38 ms
Input: 1050000,
Cold Start: false
Unique ID: 8f7eb3d3c500a705700ecb5ce9c9fa82,
Execution Time for Trace ID 8f7eb3d3c500a705700ecb5ce9c9fa82: 46 ms
Input: 1050000,
Cold Start: false
Unique ID: 9c3eed184dcc28e56195a3d0adaabe81,
Execution Time for Trace ID 9c3eed184dcc28e56195a3d0adaabe81: 39 ms
Input: 1050000,
Cold Start: false
Unique ID: 3d50edf9a6855f812b5271949bb5a9f7,
Execution Time for Trace ID 3d50edf9a6855f812b5271949bb5a9f7: 65 ms
Input: 1050000,
Cold Start: false
Unique ID: 64f6ef659baf154249c08436e85c6bca,
Execution Time for Trace ID 64f6ef659baf154249c08436e85c6bca: 79 ms
Input: 1050000,
Cold Start: false
Unique ID: e1178f1ca36df37e3699e01330c85702,
Execution Time for Trace ID e1178f1ca36df37e3699e01330c85702: 59 ms
Input: 1050000,
Cold Start: false
Unique ID: aefbf3932687f266d8704d536a03a8e9,
Execution Time for Trace ID aefbf3932687f266d8704d536a03a8e9: 37 ms
Input: 1050000,
Cold Start: false
Unique ID: 1c0d376f0fd65003a46c63fb3844b069,
Execution Time for Trace ID 1c0d376f0fd65003a46c63fb3844b069: 59 ms
Input: 1050000,
Cold Start: false
Unique ID: 9c7b0cbf3bf7cb743d4669af3a7a3fd3,
Execution Time for Trace ID 9c7b0cbf3bf7cb743d4669af3a7a3fd3: 71 ms
Input: 1050000,
Cold Start: false
Unique ID: d69e9abb867098b575bbb58973d57fdf,
Execution Time for Trace ID d69e9abb867098b575bbb58973d57fdf: 38 ms
Input: 1050000,
Cold Start: false
Unique ID: 4862826125c8afd32ecd369ce2ce2b69,
Execution Time for Trace ID 4862826125c8afd32ecd369ce2ce2b69: 37 ms
Input: 1050000,
Cold Start: false
Unique ID: 8c676fee36c47f603d071c9bba729d36,
Execution Time for Trace ID 8c676fee36c47f603d071c9bba729d36: 71 ms
Input: 1050000,
Cold Start: false
Unique ID: 781404935778a14e053214bbc86e192d,
Execution Time for Trace ID 781404935778a14e053214bbc86e192d: 38 ms
Input: 1050000,
Cold Start: false
Unique ID: 9731a6a8d63aaace06b8588ae4d677a0,
Execution Time for Trace ID 9731a6a8d63aaace06b8588ae4d677a0: 60 ms
Input: 1050000,
Cold Start: false
Unique ID: 23145bd351cbcb9fb99f5b8564c274db,
Execution Time for Trace ID 23145bd351cbcb9fb99f5b8564c274db: 38 ms
Input: 1050000,
Cold Start: false
Unique ID: 3608dff9a5f03f35865ad69d7ce28e0d,
Execution Time for Trace ID 3608dff9a5f03f35865ad69d7ce28e0d: 60 ms
Input: 1050000,
Cold Start: false
Unique ID: dd30c361c7cec0d49018994cb443727d,
Execution Time for Trace ID dd30c361c7cec0d49018994cb443727d: 72 ms
Input: 1050000,
Cold Start: false
Unique ID: ff0c691744ca75efe8dd78cff8f097df,
Execution Time for Trace ID ff0c691744ca75efe8dd78cff8f097df: 42 ms
Input: 1050000,
Cold Start: false
Unique ID: ef7c814f5b3262dbb6dd19b17355427a,
Execution Time for Trace ID ef7c814f5b3262dbb6dd19b17355427a: 77 ms
Input: 1050000,
Cold Start: false
Unique ID: 52dc213c6c9eed5381d0a00097eaa87b,
Execution Time for Trace ID 52dc213c6c9eed5381d0a00097eaa87b: 38 ms
Input: 1050000,
Cold Start: false
Unique ID: b7bef310280f0eb6d90d7f010de40a2a,
Execution Time for Trace ID b7bef310280f0eb6d90d7f010de40a2a: 38 ms
Input: 1050000,
Cold Start: false
Unique ID: 24f405abe2d1d011da1fbcea0ed552b7,
Execution Time for Trace ID 24f405abe2d1d011da1fbcea0ed552b7: 58 ms
Input: 1050000,
Cold Start: false
Unique ID: 8cf1157ceaca9f8c9afc8725f3cf6a27,
Execution Time for Trace ID 8cf1157ceaca9f8c9afc8725f3cf6a27: 73 ms
Input: 1050000,
Cold Start: false
Unique ID: bb0130b64c8684425fd4f644e928f2de,
Execution Time for Trace ID bb0130b64c8684425fd4f644e928f2de: 38 ms
Input: 1050000,
Cold Start: false
Unique ID: b9b74c9e78fa33b01dc3a3d49459f8e1,
Execution Time for Trace ID b9b74c9e78fa33b01dc3a3d49459f8e1: 38 ms
Input: 1050000,
Cold Start: false
Unique ID: 1cd543998d07c078d46bc95c253d29f8,
Execution Time for Trace ID 1cd543998d07c078d46bc95c253d29f8: 41 ms
Input: 1050000,
Cold Start: false
Unique ID: 106b9872d14870a36d05b92de7c56e4d,
Execution Time for Trace ID 106b9872d14870a36d05b92de7c56e4d: 37 ms
Input: 1050000,
Cold Start: false
Unique ID: 609fa5779145434830ec8c64c2570c11,
Execution Time for Trace ID 609fa5779145434830ec8c64c2570c11: 62 ms
Input: 1050000,
Cold Start: false
Unique ID: d8b836de9b360e061d9b49727fff63bd,
Execution Time for Trace ID d8b836de9b360e061d9b49727fff63bd: 77 ms
Input: 1050000,
Cold Start: false
Unique ID: 4e6c11bd2053a1d46bf0e2639cca6e97,
Execution Time for Trace ID 4e6c11bd2053a1d46bf0e2639cca6e97: 56 ms
Input: 1050000,
Cold Start: false
Unique ID: aa21aa827016b7eef8bb02fa06bd7c0e,
Execution Time for Trace ID aa21aa827016b7eef8bb02fa06bd7c0e: 62 ms
Input: 1050000,
Cold Start: false
Unique ID: 085a3bc0bc353a38e6b7dfd207e364e6,
Execution Time for Trace ID 085a3bc0bc353a38e6b7dfd207e364e6: 39 ms
Input: 1050000,
Cold Start: false
Unique ID: 784ffda3aca2ab1a35899525b86b05bc,
Execution Time for Trace ID 784ffda3aca2ab1a35899525b86b05bc: 90 ms
Input: 1050000,
Cold Start: false
Unique ID: 85e95224c84642e28dae08afea839425,
Execution Time for Trace ID 85e95224c84642e28dae08afea839425: 42 ms
Input: 1050000,
Cold Start: false
Unique ID: d69821ba1226be7d4fd11505aa6a42f1,
Execution Time for Trace ID d69821ba1226be7d4fd11505aa6a42f1: 38 ms
Input: 1050000,
Cold Start: false
Unique ID: ef3b575f29261c6a30881c20eaaa06ae,
Execution Time for Trace ID ef3b575f29261c6a30881c20eaaa06ae: 61 ms
Input: 1050000,
Cold Start: false
Unique ID: bc1214bfb113efced2c818378dc19829,
Execution Time for Trace ID bc1214bfb113efced2c818378dc19829: 39 ms
Input: 1050000,
Cold Start: false
Unique ID: ae7d61ed10ee64a36b717769a6a1398e,
Execution Time for Trace ID ae7d61ed10ee64a36b717769a6a1398e: 59 ms
Input: 1050000,
Cold Start: false
Unique ID: 3393036e10416799232ce8025cb4ffc6,
Execution Time for Trace ID 3393036e10416799232ce8025cb4ffc6: 37 ms
Input: 1050000,
Cold Start: false
Unique ID: 255f1293b2d06c30d6f84620ef8fa423,
Execution Time for Trace ID 255f1293b2d06c30d6f84620ef8fa423: 62 ms
Input: 1050000,
Cold Start: false
Unique ID: e073f949e5e49bb12e8940c2e6e93bf1,
Execution Time for Trace ID e073f949e5e49bb12e8940c2e6e93bf1: 39 ms
Input: 1050000,
Cold Start: false
Unique ID: 144e52c967ff449ae2d8b2bb6dced5fe,
Execution Time for Trace ID 144e52c967ff449ae2d8b2bb6dced5fe: 38 ms
Input: 1050000,
Cold Start: false
Unique ID: 6a7e8c9dd56df60e4c5a09ea15cc515b,
Execution Time for Trace ID 6a7e8c9dd56df60e4c5a09ea15cc515b: 37 ms
Input: 1050000,
Cold Start: false
Unique ID: d03282424fa0274b110ce55dd07e05bf,
Execution Time for Trace ID d03282424fa0274b110ce55dd07e05bf: 55 ms
Input: 1050000,
Cold Start: false
Unique ID: 851eb6069c0a492761b94dbbf98a65ce,
Execution Time for Trace ID 851eb6069c0a492761b94dbbf98a65ce: 37 ms
Input: 1050000,
Cold Start: false
Unique ID: 3a6657621ca44d248cd3a8850574b009,
Execution Time for Trace ID 3a6657621ca44d248cd3a8850574b009: 57 ms
Input: 1050000,
Cold Start: false
Unique ID: bff90cec13947bd725a87acccf1d229b,
Execution Time for Trace ID bff90cec13947bd725a87acccf1d229b: 37 ms
Input: 1050000,
Cold Start: false
Unique ID: 958a65c2b7778a93ada29b379f1f6d72,
Execution Time for Trace ID 958a65c2b7778a93ada29b379f1f6d72: 63 ms
Input: 1050000,
Cold Start: false
Unique ID: 7586042b7ecf9052358d10242bd50265,
Execution Time for Trace ID 7586042b7ecf9052358d10242bd50265: 74 ms
Input: 1050000,
Cold Start: false
Unique ID: 4e3d4fcdcbd343907fc4689c80c08f40,
Execution Time for Trace ID 4e3d4fcdcbd343907fc4689c80c08f40: 131 ms
Input: 1050000,
Cold Start: false
Unique ID: a0769eda64a6b22ffee524d3f759215d,
Execution Time for Trace ID a0769eda64a6b22ffee524d3f759215d: 38 ms
Input: 1050000,
Cold Start: false
Unique ID: 2374c00ee21a4950cca616be68a9ba10,
Execution Time for Trace ID 2374c00ee21a4950cca616be68a9ba10: 38 ms
Input: 1050000,
Cold Start: false
Unique ID: cf4290026e1cd773ebee686f3bd8e0b1,
Execution Time for Trace ID cf4290026e1cd773ebee686f3bd8e0b1: 37 ms
Input: 1050000,
Cold Start: false
Unique ID: 42239da730ec3f0d2e43e2cd46a0d431,
Execution Time for Trace ID 42239da730ec3f0d2e43e2cd46a0d431: 57 ms
Input: 1050000,
Cold Start: false
Unique ID: 18eeee493643e780ece539f3f62fe916,
Execution Time for Trace ID 18eeee493643e780ece539f3f62fe916: 39 ms
Input: 1050000,
Cold Start: false
Unique ID: a325c765494eb2c11a481e3260ba6de0,
Execution Time for Trace ID a325c765494eb2c11a481e3260ba6de0: 66 ms
Input: 1050000,
Cold Start: false
Unique ID: f7a6b29dd418b3d9324c4b89fa46533d,
Execution Time for Trace ID f7a6b29dd418b3d9324c4b89fa46533d: 73 ms
Input: 1050000,
Cold Start: false
Unique ID: 05390dbd3113ebec2efb1b780d0fd74a,
Execution Time for Trace ID 05390dbd3113ebec2efb1b780d0fd74a: 59 ms
Input: 1050000,
Cold Start: false
Unique ID: 7588338e71a382661b8947d448c6f7d6,
Execution Time for Trace ID 7588338e71a382661b8947d448c6f7d6: 38 ms
Input: 1050000,
Cold Start: false
Unique ID: 5eadc7c6b2c55389241cace06fafecd3,
Execution Time for Trace ID 5eadc7c6b2c55389241cace06fafecd3: 59 ms
Input: 1050000,
Cold Start: false
Unique ID: 9c8ded969d7f4c219a749da5bd4a0d28,
Execution Time for Trace ID 9c8ded969d7f4c219a749da5bd4a0d28: 77 ms
Input: 1050000,
Cold Start: false
Unique ID: 9580021813592040fcaba2a2eec4d96a,
Execution Time for Trace ID 9580021813592040fcaba2a2eec4d96a: 127 ms
Input: 1050000,
Cold Start: false
Unique ID: 081a60eaff9029e0dff31e669fa89ce6,
Execution Time for Trace ID 081a60eaff9029e0dff31e669fa89ce6: 39 ms
Input: 1050000,
Cold Start: false
Unique ID: f67cab8cb45f02cb12f7d46aba2cdd6e,
Execution Time for Trace ID f67cab8cb45f02cb12f7d46aba2cdd6e: 63 ms
Input: 1050000,
Cold Start: false
Unique ID: bab13fee5c986780be4a7f9bfe2301c3,
Execution Time for Trace ID bab13fee5c986780be4a7f9bfe2301c3: 85 ms
Input: 1050000,
Cold Start: false
Unique ID: 2744d3dfcd46b431b98790f5b754a098,
Execution Time for Trace ID 2744d3dfcd46b431b98790f5b754a098: 58 ms
Input: 1050000,
Cold Start: false
Unique ID: e75489ca3ce4213ed925b5e8a8514ce8,
Execution Time for Trace ID e75489ca3ce4213ed925b5e8a8514ce8: 38 ms
Input: 1050000,
Cold Start: false
Unique ID: 8ebb7ab52c88e306d17d32913d3fd66f,
Execution Time for Trace ID 8ebb7ab52c88e306d17d32913d3fd66f: 134 ms
Input: 1050000,
Cold Start: false
Unique ID: 89869878858a1511d438fcaa7234bb04,
Execution Time for Trace ID 89869878858a1511d438fcaa7234bb04: 81 ms
Input: 1050000,
Cold Start: false
Unique ID: 605ea9cca99b37635c8b18c2b5bfe189,
Execution Time for Trace ID 605ea9cca99b37635c8b18c2b5bfe189: 52 ms
Input: 1050000,
Cold Start: false
Unique ID: 64704704ab92d4f23d7005bd43f1ec38,
Execution Time for Trace ID 64704704ab92d4f23d7005bd43f1ec38: 38 ms
Input: 1050000,
Cold Start: false
Unique ID: d827dad15f1b83fbb980206b3566abc6,
Execution Time for Trace ID d827dad15f1b83fbb980206b3566abc6: 130 ms
Input: 1050000,
Cold Start: false
Unique ID: ddd22d2a5ed6a52240137787743abaed,
Execution Time for Trace ID ddd22d2a5ed6a52240137787743abaed: 60 ms
Input: 1050000,
Cold Start: false
Unique ID: 95e08fbdd02ed5d077dac7216a6159e7,
Execution Time for Trace ID 95e08fbdd02ed5d077dac7216a6159e7: 37 ms
Input: 1050000,
Cold Start: false
Unique ID: d4e9216f63a6a01cc903391f12bca938,
Execution Time for Trace ID d4e9216f63a6a01cc903391f12bca938: 39 ms
Input: 1050000,
Cold Start: false
Unique ID: 70e8ddc627735769d440f28252dcfece,
Execution Time for Trace ID 70e8ddc627735769d440f28252dcfece: 45 ms
Input: 1050000,
Cold Start: false
Unique ID: 95b4ea1ce158fb3c541c0cecd5383eb6,
Execution Time for Trace ID 95b4ea1ce158fb3c541c0cecd5383eb6: 40 ms
Input: 1050000,
Cold Start: false
Unique ID: 3b31e289031c3093e5fb4ebe5d2921a7,
Execution Time for Trace ID 3b31e289031c3093e5fb4ebe5d2921a7: 59 ms
Input: 1050000,
Cold Start: false
Unique ID: d8d85a75a29931fe88ae232584d14a0d,
Execution Time for Trace ID d8d85a75a29931fe88ae232584d14a0d: 37 ms
Input: 1050000,
Cold Start: false
Unique ID: 9f4c7cec291240de3e4275986d681d85,
Execution Time for Trace ID 9f4c7cec291240de3e4275986d681d85: 61 ms
Input: 1050000,
Cold Start: false
Unique ID: e55a9b52fa3a19799d245a147a457d4b,
Execution Time for Trace ID e55a9b52fa3a19799d245a147a457d4b: 80 ms
Input: 1050000,
Cold Start: false
Unique ID: acb5665346acc6bfb00234891aa4917d,
Execution Time for Trace ID acb5665346acc6bfb00234891aa4917d: 48 ms
Input: 1050000,
Cold Start: false
Unique ID: a7fb5a030611124f1e93311e07dd9680,
Execution Time for Trace ID a7fb5a030611124f1e93311e07dd9680: 38 ms
Input: 1050000,
Cold Start: false
Unique ID: b00fe9014b80ca8ebde2d1f90438212a,
Execution Time for Trace ID b00fe9014b80ca8ebde2d1f90438212a: 64 ms
Input: 1050000,
Cold Start: false
Unique ID: 263a453fa051cf224bbccc0d4b074838,
Execution Time for Trace ID 263a453fa051cf224bbccc0d4b074838: 78 ms
Input: 1050000,
Cold Start: false
Unique ID: 4e2af1a0b214d16214e943ae14b1e964,
Execution Time for Trace ID 4e2af1a0b214d16214e943ae14b1e964: 61 ms
Input: 1050000,
Cold Start: false
Unique ID: c45ba5911a1a2dbe7b9b9ec472518fa5,
Execution Time for Trace ID c45ba5911a1a2dbe7b9b9ec472518fa5: 38 ms
Input: 1050000,
Cold Start: false
Unique ID: 3dd9d5c0eb683a6a9c08ce188f615524,
Execution Time for Trace ID 3dd9d5c0eb683a6a9c08ce188f615524: 68 ms
Input: 1050000,
Cold Start: false
Unique ID: ce54b978d93aa21b2976c7a3634cbfcf,
Execution Time for Trace ID ce54b978d93aa21b2976c7a3634cbfcf: 81 ms
Input: 1050000,
Cold Start: false
Unique ID: 093772ed64549250d69c54e63143f32a,
Execution Time for Trace ID 093772ed64549250d69c54e63143f32a: 51 ms
Input: 1050000,
Cold Start: false
Unique ID: a84b0406e709621218786b9845287409,
Execution Time for Trace ID a84b0406e709621218786b9845287409: 38 ms
Input: 1050000,
Cold Start: false
Unique ID: 0e75edc225d9f19b2d05cb995c600135,
Execution Time for Trace ID 0e75edc225d9f19b2d05cb995c600135: 60 ms
Input: 1050000,
Cold Start: false
Unique ID: 08531367cb35e4e221fff7b6157148c4,
Execution Time for Trace ID 08531367cb35e4e221fff7b6157148c4: 38 ms
Input: 1050000,
Cold Start: false
Unique ID: c6cde6b30e2b46833588b50924246495,
Execution Time for Trace ID c6cde6b30e2b46833588b50924246495: 39 ms
Input: 1050000,
Cold Start: false
Unique ID: e38b76d5b39c71ed0b75f7d7d6548c19,
Execution Time for Trace ID e38b76d5b39c71ed0b75f7d7d6548c19: 38 ms
Input: 1050000,
Cold Start: false
Unique ID: a30c4dbe99ebe6b5a3405f0e715c9e7b,
Execution Time for Trace ID a30c4dbe99ebe6b5a3405f0e715c9e7b: 47 ms
Input: 1050000,
Cold Start: false
Unique ID: 2a10c70b1d2bfd0001c810909eee0c45,
Execution Time for Trace ID 2a10c70b1d2bfd0001c810909eee0c45: 76 ms
Input: 1050000,
Cold Start: false
Unique ID: 87724aa56a7af2e42c17c6b13fd08c40,
Execution Time for Trace ID 87724aa56a7af2e42c17c6b13fd08c40: 53 ms
Input: 1050000,
Cold Start: false
Unique ID: 2bbf2142e3f022d96f4a6a75fc091586,
Execution Time for Trace ID 2bbf2142e3f022d96f4a6a75fc091586: 44 ms
Input: 1050000,
Cold Start: false
Unique ID: 2b85875f08dc9e7b1eeedfd296b7aee0,
Execution Time for Trace ID 2b85875f08dc9e7b1eeedfd296b7aee0: 71 ms
Input: 1050000,
Cold Start: false
Unique ID: b1b62227b19d59dadd6d22d5be95dc49,
Execution Time for Trace ID b1b62227b19d59dadd6d22d5be95dc49: 77 ms
Input: 1050000,
Cold Start: false
Unique ID: 2ecdb9607d62fba67f23a34cb973063b,
Execution Time for Trace ID 2ecdb9607d62fba67f23a34cb973063b: 62 ms
Input: 1050000,
Cold Start: false
Unique ID: 6e5748cd748ccfc468d0cff19f46c759,
Execution Time for Trace ID 6e5748cd748ccfc468d0cff19f46c759: 38 ms
Input: 1050000,
Cold Start: false
Unique ID: ca712937a6837bb62219c545bd5383eb,
Execution Time for Trace ID ca712937a6837bb62219c545bd5383eb: 65 ms
Input: 1050000,
Cold Start: false
Unique ID: 671775381d4e330dc12a62fbae9fac3b,
Execution Time for Trace ID 671775381d4e330dc12a62fbae9fac3b: 81 ms
Input: 1050000,
Cold Start: false
Unique ID: 1d28b04973eb116da0c27448acd81343,
Execution Time for Trace ID 1d28b04973eb116da0c27448acd81343: 57 ms
Input: 1050000,
Cold Start: false
Unique ID: c865c8872fd6d6dce66f38164f3abfda,
Execution Time for Trace ID c865c8872fd6d6dce66f38164f3abfda: 38 ms
Input: 1050000,
Cold Start: false
Unique ID: a979fe65dafc0910a16d941ad595b25f,
Execution Time for Trace ID a979fe65dafc0910a16d941ad595b25f: 68 ms
Input: 1050000,
Cold Start: false
Unique ID: 02b69d6f0d8bfbe572c409a43ba22de9,
Execution Time for Trace ID 02b69d6f0d8bfbe572c409a43ba22de9: 89 ms
Input: 1050000,
Cold Start: false
Unique ID: 0c69a119b84683e34953980228dfd521,
Execution Time for Trace ID 0c69a119b84683e34953980228dfd521: 64 ms
Input: 1050000,
Cold Start: false
Unique ID: 1d0ed3379e63fcb515e02215aba339e8,
Execution Time for Trace ID 1d0ed3379e63fcb515e02215aba339e8: 38 ms
Input: 1050000,
Cold Start: false
Unique ID: cb12c7f70ca9ea4b2e750664536693d3,
Execution Time for Trace ID cb12c7f70ca9ea4b2e750664536693d3: 73 ms
Input: 1050000,
Cold Start: false
Unique ID: 8a2af67017a621f88fe21afb065fbf2e,
Execution Time for Trace ID 8a2af67017a621f88fe21afb065fbf2e: 76 ms
Input: 1050000,
Cold Start: false
Unique ID: aea59b24b10485d85ba6e6826f4710cf,
Execution Time for Trace ID aea59b24b10485d85ba6e6826f4710cf: 37 ms
Input: 1050000,
Cold Start: false
Unique ID: 9cbba2df3a3dcfb7f6761bc1a755a68c,
Execution Time for Trace ID 9cbba2df3a3dcfb7f6761bc1a755a68c: 39 ms
Input: 1050000,
Cold Start: false
Unique ID: 6a9798f5c6aba0c7c969e6dc7fd26c50,
Execution Time for Trace ID 6a9798f5c6aba0c7c969e6dc7fd26c50: 48 ms
Input: 1050000,
Cold Start: false
Unique ID: 7ac8e07c42b733b20442906aa29a2f1d,
Execution Time for Trace ID 7ac8e07c42b733b20442906aa29a2f1d: 39 ms
Input: 1050000,
Cold Start: false
Unique ID: 69dc83ba7fb124653e0b7c35cfd1f1c3,
Execution Time for Trace ID 69dc83ba7fb124653e0b7c35cfd1f1c3: 59 ms
Input: 1050000,
Cold Start: false
Unique ID: 2cf3c062a410ddafe597364a4bff376f,
Execution Time for Trace ID 2cf3c062a410ddafe597364a4bff376f: 39 ms
Input: 1050000,
Cold Start: false
Unique ID: 16a48c21054e92c3ad76f84c2df6dc14,
Execution Time for Trace ID 16a48c21054e92c3ad76f84c2df6dc14: 68 ms
Input: 1050000,
Cold Start: false
Unique ID: 1461a00bafc07d993aa8cbdfc68ac4bb,
Execution Time for Trace ID 1461a00bafc07d993aa8cbdfc68ac4bb: 47 ms
Input: 1050000,
Cold Start: false
Unique ID: d561f4c50733317bc65f17549aab274f,
Execution Time for Trace ID d561f4c50733317bc65f17549aab274f: 62 ms
Input: 1050000,
Cold Start: false
Unique ID: 2bc9265bda97bcafc5048903acdfa5df,
Execution Time for Trace ID 2bc9265bda97bcafc5048903acdfa5df: 38 ms
Input: 1050000,
Cold Start: false
Unique ID: b01e1b5e9647e78688f9e4107f248d48,
Execution Time for Trace ID b01e1b5e9647e78688f9e4107f248d48: 67 ms
Input: 1050000,
Cold Start: false
Unique ID: 462cedb4df822579d114452b28d3485a,
Execution Time for Trace ID 462cedb4df822579d114452b28d3485a: 88 ms
Input: 1050000,
Cold Start: false
Unique ID: 259b7b1947c49b4e9167bf4765b4768d,
Execution Time for Trace ID 259b7b1947c49b4e9167bf4765b4768d: 71 ms
Input: 1050000,
Cold Start: false
Unique ID: d7f4a72c41c0dad60ed275fdfe5ba95d,
Execution Time for Trace ID d7f4a72c41c0dad60ed275fdfe5ba95d: 38 ms
Input: 1050000,
Cold Start: false
Unique ID: 88e33678cb0c870ae72f63128cee3afd,
Execution Time for Trace ID 88e33678cb0c870ae72f63128cee3afd: 39 ms
Input: 1050000,
Cold Start: false
Unique ID: 1ceb861b65fdee6950377a2ea9883f2a,
Execution Time for Trace ID 1ceb861b65fdee6950377a2ea9883f2a: 132 ms
Input: 1050000,
Cold Start: false
Unique ID: bfc4ee7cc4f7bb244f9f24657427296a,
Execution Time for Trace ID bfc4ee7cc4f7bb244f9f24657427296a: 58 ms
Input: 1050000,
Cold Start: false
Unique ID: cb184d8ec02b6c0b7424e341a02c9f0d,
Execution Time for Trace ID cb184d8ec02b6c0b7424e341a02c9f0d: 38 ms
Input: 1050000,
Cold Start: false
Unique ID: 03d889a28372c3482247e1b829a0b3e4,
Execution Time for Trace ID 03d889a28372c3482247e1b829a0b3e4: 59 ms
Input: 1050000,
Cold Start: false
Unique ID: a58d223e86524e3b6744f9ff9f7e16e5,
Execution Time for Trace ID a58d223e86524e3b6744f9ff9f7e16e5: 40 ms
Input: 1050000,
Cold Start: false
Unique ID: 63e08a8973f006d72eb9a4bf0235416c,
Execution Time for Trace ID 63e08a8973f006d72eb9a4bf0235416c: 59 ms
Input: 1050000,
Cold Start: false
Unique ID: 42d0eb320be1a82f302df7972936f80e,
Execution Time for Trace ID 42d0eb320be1a82f302df7972936f80e: 38 ms
Input: 1050000,
Cold Start: false
Unique ID: 7aa53659393d9ce14390ef098e427a33,
Execution Time for Trace ID 7aa53659393d9ce14390ef098e427a33: 66 ms
Input: 1050000,
Cold Start: false
Unique ID: 334da37ee1864b0def634936766e97b6,
Execution Time for Trace ID 334da37ee1864b0def634936766e97b6: 42 ms
Input: 1050000,
Cold Start: false
Unique ID: 4456a54519ba7c8ef11cfb975673d9ff,
Execution Time for Trace ID 4456a54519ba7c8ef11cfb975673d9ff: 87 ms
Input: 1050000,
Cold Start: false
Unique ID: 6511e0ef4d987db9a93f20ac55ae466b,
Execution Time for Trace ID 6511e0ef4d987db9a93f20ac55ae466b: 40 ms
Input: 1050000,
Cold Start: false
Unique ID: c906b091d7ea0e1be21360e4968dd0b8,
Execution Time for Trace ID c906b091d7ea0e1be21360e4968dd0b8: 69 ms
Input: 1050000,
Cold Start: false
Unique ID: df619ea9735223efe8f5e3f435a560e9,
Execution Time for Trace ID df619ea9735223efe8f5e3f435a560e9: 78 ms
Input: 1050000,
Cold Start: false
Unique ID: 9143fe86499915015b311ddfaa23bccf,
Execution Time for Trace ID 9143fe86499915015b311ddfaa23bccf: 63 ms
Input: 1050000,
Cold Start: false
Unique ID: 8b666af09d3368137e3cc2174cbb9df2,
Execution Time for Trace ID 8b666af09d3368137e3cc2174cbb9df2: 40 ms
Input: 1050000,
Cold Start: false
Unique ID: 39763dca39ac4510b87a9d33f2319887,
Execution Time for Trace ID 39763dca39ac4510b87a9d33f2319887: 75 ms
Input: 1050000,
Cold Start: false
Unique ID: b13fd25bb09c83948e76fb58e8d0f0e6,
Execution Time for Trace ID b13fd25bb09c83948e76fb58e8d0f0e6: 81 ms
Input: 1050000,
Cold Start: false
Unique ID: 35e20f98ceffe159773eaedeaa439393,
Execution Time for Trace ID 35e20f98ceffe159773eaedeaa439393: 57 ms
Input: 1050000,
Cold Start: false
Unique ID: 356b2d8b477cdcedeb7c845d1e7ce0ec,
Execution Time for Trace ID 356b2d8b477cdcedeb7c845d1e7ce0ec: 40 ms
Input: 1050000,
Cold Start: false
Unique ID: 6cb3171cfe19257fa9a1a8bf690dca22,
Execution Time for Trace ID 6cb3171cfe19257fa9a1a8bf690dca22: 65 ms
Input: 1050000,
Cold Start: false
Unique ID: 45e75498069b99960806cfd062d44483,
Execution Time for Trace ID 45e75498069b99960806cfd062d44483: 87 ms
Input: 1050000,
Cold Start: false
Unique ID: 7e988533fd4e4d2b68d365be5c8c3155,
Execution Time for Trace ID 7e988533fd4e4d2b68d365be5c8c3155: 62 ms
Input: 1050000,
Cold Start: false
Unique ID: 721aef599ba778163555ffe24c2d2f51,
Execution Time for Trace ID 721aef599ba778163555ffe24c2d2f51: 55 ms
Input: 1050000,
Cold Start: false
Unique ID: 491cc2a20175477519606dfdcb7c7441,
Execution Time for Trace ID 491cc2a20175477519606dfdcb7c7441: 44 ms
Input: 1050000,
Cold Start: false
Unique ID: e2623e0d73f1e722e3958628b49347da,
Execution Time for Trace ID e2623e0d73f1e722e3958628b49347da: 42 ms
Input: 1050000,
Cold Start: false
Unique ID: 8505f7cdddb4ea65df3b0d57bd177755,
Execution Time for Trace ID 8505f7cdddb4ea65df3b0d57bd177755: 82 ms
Input: 1050000,
Cold Start: false
Unique ID: 896e1d1db0f7fcb4c933e1efb6a2730d,
Execution Time for Trace ID 896e1d1db0f7fcb4c933e1efb6a2730d: 38 ms
Input: 1050000,
Cold Start: false
Unique ID: 7f5309209b07972eeee2f24c4a395763,
Execution Time for Trace ID 7f5309209b07972eeee2f24c4a395763: 62 ms
Input: 1050000,
Cold Start: false
Unique ID: e23dea6e34cc11be98a3fc9050286636,
Execution Time for Trace ID e23dea6e34cc11be98a3fc9050286636: 47 ms
Input: 1050000,
Cold Start: false
Unique ID: 5c64d45cb4c1cd8bb08831f2a12777b5,
Execution Time for Trace ID 5c64d45cb4c1cd8bb08831f2a12777b5: 144 ms
Input: 1050000,
Cold Start: false
Unique ID: 3d5b5de6c161be3b20b82ffe13e1b4b0,
Execution Time for Trace ID 3d5b5de6c161be3b20b82ffe13e1b4b0: 38 ms
Input: 1050000,
Cold Start: false
Unique ID: d751dac372fb0ace626d5b02794390df,
Execution Time for Trace ID d751dac372fb0ace626d5b02794390df: 68 ms
Input: 1050000,
Cold Start: false
Unique ID: 939ac2c7c5d4e3e4805ad3d7d92f071f,
Execution Time for Trace ID 939ac2c7c5d4e3e4805ad3d7d92f071f: 77 ms
Input: 1050000,
Cold Start: false
Unique ID: 763a3ccf336214c9a3293385014b398a,
Execution Time for Trace ID 763a3ccf336214c9a3293385014b398a: 52 ms
Input: 1050000,
Cold Start: false
Unique ID: 33897f1ff02eeeac8886bc6b5f688e53,
Execution Time for Trace ID 33897f1ff02eeeac8886bc6b5f688e53: 38 ms
Input: 1050000,
Cold Start: false
Unique ID: da076f54cded7e11c0c2b37a0f0321b4,
Execution Time for Trace ID da076f54cded7e11c0c2b37a0f0321b4: 64 ms
Input: 1050000,
Cold Start: false
Unique ID: 5b220e2d400d78e2bc721cd77f21e0e8,
Execution Time for Trace ID 5b220e2d400d78e2bc721cd77f21e0e8: 76 ms
Input: 1050000,
Cold Start: false
Unique ID: d7d689a9bbd4936bba3389815945135a,
Execution Time for Trace ID d7d689a9bbd4936bba3389815945135a: 56 ms
Input: 1050000,
Cold Start: false
Unique ID: ad58ae23e8c18b5dfea1296a42a3aa95,
Execution Time for Trace ID ad58ae23e8c18b5dfea1296a42a3aa95: 43 ms
Input: 1050000,
Cold Start: false
Unique ID: 9db81f03888bb62aa3c267c2ffcd0cb7,
Execution Time for Trace ID 9db81f03888bb62aa3c267c2ffcd0cb7: 91 ms
Input: 1050000,
Cold Start: false
Unique ID: 63636c7d0b880a49953e09efbbc3f71b,
Execution Time for Trace ID 63636c7d0b880a49953e09efbbc3f71b: 38 ms
Input: 1050000,
Cold Start: false
Unique ID: 568fe9fe15c81518c535eabe190a0ad8,
Execution Time for Trace ID 568fe9fe15c81518c535eabe190a0ad8: 96 ms
Input: 1050000,
Cold Start: false
Unique ID: 3c0fe17f572f61131f86b42caec87980,
Execution Time for Trace ID 3c0fe17f572f61131f86b42caec87980: 56 ms
Input: 1050000,
Cold Start: false
Unique ID: 4d41b2d3c5de43fa4f80cc46d88c9a04,
Execution Time for Trace ID 4d41b2d3c5de43fa4f80cc46d88c9a04: 40 ms
Input: 1050000,
Cold Start: false
Unique ID: 84f6322a4e757f7fb22e7a3299263a46,
Execution Time for Trace ID 84f6322a4e757f7fb22e7a3299263a46: 38 ms
Input: 1050000,
Cold Start: false
Unique ID: 6bf67ea7147b970a0620db3418213d21,
Execution Time for Trace ID 6bf67ea7147b970a0620db3418213d21: 59 ms
Input: 1050000,
Cold Start: false
Unique ID: 9e9e78d044c8676791e319e1fcf4c438,
Execution Time for Trace ID 9e9e78d044c8676791e319e1fcf4c438: 38 ms
Input: 1050000,
Cold Start: false
Unique ID: cb4132b954b0ba8c2f85e1e63f740130,
Execution Time for Trace ID cb4132b954b0ba8c2f85e1e63f740130: 63 ms
Input: 1050000,
Cold Start: false
Unique ID: 6db9f5c4cd8eb1044a9b1efb27c7f09c,
Execution Time for Trace ID 6db9f5c4cd8eb1044a9b1efb27c7f09c: 40 ms
Input: 1050000,
Cold Start: false
Unique ID: fde6ccc031b88be9c6c9ee1eb2f06abe,
Execution Time for Trace ID fde6ccc031b88be9c6c9ee1eb2f06abe: 80 ms
Input: 1050000,
Cold Start: false
Unique ID: ad25215d83d7895689018f06d62c92ee,
Execution Time for Trace ID ad25215d83d7895689018f06d62c92ee: 40 ms
Input: 1050000,
Cold Start: false
Unique ID: a56e757ba676b5d9fd1f59b10bd495ad,
Execution Time for Trace ID a56e757ba676b5d9fd1f59b10bd495ad: 63 ms
Input: 1050000,
Cold Start: false
Unique ID: 8a24028f4555fba723cd8e5090dce011,
Execution Time for Trace ID 8a24028f4555fba723cd8e5090dce011: 78 ms
Input: 1050000,
Cold Start: false
Unique ID: 512499974b0d21d8a7772f49b46f2b39,
Execution Time for Trace ID 512499974b0d21d8a7772f49b46f2b39: 52 ms
Input: 1050000,
Cold Start: false
Unique ID: 8070080aa45d3cbbb686d4f7704d5a45,
Execution Time for Trace ID 8070080aa45d3cbbb686d4f7704d5a45: 37 ms
Input: 1050000,
Cold Start: false
Unique ID: e7fc3a1811dc6cd88ebfeda75704d412,
Execution Time for Trace ID e7fc3a1811dc6cd88ebfeda75704d412: 62 ms
Input: 1050000,
Cold Start: false
Unique ID: 542f5eacb7ba6145f3b308f1362d2ac3,
Execution Time for Trace ID 542f5eacb7ba6145f3b308f1362d2ac3: 39 ms
Input: 1050000,
Cold Start: false
Unique ID: 6c8e54cf769dd3f55f42edffcfe960d4,
Execution Time for Trace ID 6c8e54cf769dd3f55f42edffcfe960d4: 76 ms
Input: 1050000,
Cold Start: false
Unique ID: c4309c3c955be61be095d4571ab24ca8,
Execution Time for Trace ID c4309c3c955be61be095d4571ab24ca8: 38 ms
Input: 1050000,
Cold Start: false
Unique ID: 487e04b1d2c5201cc320a8788e78f73d,
Execution Time for Trace ID 487e04b1d2c5201cc320a8788e78f73d: 68 ms
Input: 1050000,
Cold Start: false
Unique ID: ff60894a18aa7f218664adde511b11b2,
Execution Time for Trace ID ff60894a18aa7f218664adde511b11b2: 79 ms
Input: 1050000,
Cold Start: false
Unique ID: 6571b9b22013583549ad873b89204f91,
Execution Time for Trace ID 6571b9b22013583549ad873b89204f91: 54 ms
Input: 1050000,
Cold Start: false
