Unique ID: 9e1c59fe-c4f0-49df-953b-fa82c3817b11,
Billed Duration for Request 9e1c59fe-c4f0-49df-953b-fa82c3817b11: 2034 ms
Input: 5750000,
Cold Start: false
Unique ID: 08741b4e-bfda-41d9-ba2c-c5072a87bf4f,
Billed Duration for Request 08741b4e-bfda-41d9-ba2c-c5072a87bf4f: 2117 ms
Input: 5750000,
Cold Start: false
Unique ID: a43dc24b-5979-4171-bc82-3e11df513297,
Billed Duration for Request a43dc24b-5979-4171-bc82-3e11df513297: 2133 ms
Input: 5750000,
Cold Start: false
Unique ID: ebdd580f-e0dc-40a5-bfb4-693c73413e39,
Billed Duration for Request ebdd580f-e0dc-40a5-bfb4-693c73413e39: 2119 ms
Input: 5750000,
Cold Start: false
Unique ID: ccdb4bec-0d13-4097-b0e7-e34e951b13b6,
Billed Duration for Request ccdb4bec-0d13-4097-b0e7-e34e951b13b6: 2103 ms
Input: 5750000,
Cold Start: false
Unique ID: 9c6aa0c6-fd8c-4d12-bf7c-2f604e28b891,
Billed Duration for Request 9c6aa0c6-fd8c-4d12-bf7c-2f604e28b891: 2116 ms
Input: 5750000,
Cold Start: false
Unique ID: de93b448-6475-426e-84ea-13071568633b,
Billed Duration for Request de93b448-6475-426e-84ea-13071568633b: 2100 ms
Input: 5750000,
Cold Start: false
Unique ID: 7bb62acf-cc6b-49e0-a4ad-d5d61ac2cf3f,
Billed Duration for Request 7bb62acf-cc6b-49e0-a4ad-d5d61ac2cf3f: 2083 ms
Input: 5750000,
Cold Start: false
Unique ID: dc93a60a-dd71-4ab8-8e08-e35b8d8a2b38,
Billed Duration for Request dc93a60a-dd71-4ab8-8e08-e35b8d8a2b38: 2057 ms
Input: 5750000,
Cold Start: false
Unique ID: 8239b1f7-7b19-4fde-a443-2b6528e17dbf,
Billed Duration for Request 8239b1f7-7b19-4fde-a443-2b6528e17dbf: 2151 ms
Input: 5750000,
Cold Start: false
Unique ID: e8683eff-84e7-467b-acb9-6c63ecd99834,
Billed Duration for Request e8683eff-84e7-467b-acb9-6c63ecd99834: 2031 ms
Input: 5750000,
Cold Start: false
Unique ID: d43708ab-4f08-46e4-bff6-2bcac68b626e,
Billed Duration for Request d43708ab-4f08-46e4-bff6-2bcac68b626e: 2101 ms
Input: 5750000,
Cold Start: false
Unique ID: 1d492a3e-3c8e-4571-8fb7-12eb0119f65b,
Billed Duration for Request 1d492a3e-3c8e-4571-8fb7-12eb0119f65b: 2127 ms
Input: 5750000,
Cold Start: false
Unique ID: becbd474-c358-4802-a5a4-74b169aa8783,
Billed Duration for Request becbd474-c358-4802-a5a4-74b169aa8783: 2105 ms
Input: 5750000,
Cold Start: false
Unique ID: cdb3e94d-3899-42d9-8963-92fb7f4b52d8,
Billed Duration for Request cdb3e94d-3899-42d9-8963-92fb7f4b52d8: 2125 ms
Input: 5750000,
Cold Start: false
Unique ID: c052ef76-0096-4352-a48a-60ecb9cc6209,
Billed Duration for Request c052ef76-0096-4352-a48a-60ecb9cc6209: 2085 ms
Input: 5750000,
Cold Start: false
Unique ID: c4b30c36-b4f8-48c2-af3e-3023487b4489,
Billed Duration for Request c4b30c36-b4f8-48c2-af3e-3023487b4489: 2034 ms
Input: 5750000,
Cold Start: false
Unique ID: e418589f-5c54-4c38-bc45-f662b64965e6,
Billed Duration for Request e418589f-5c54-4c38-bc45-f662b64965e6: 2164 ms
Input: 5750000,
Cold Start: false
Unique ID: 47f8acfb-647c-4958-98af-a7ec30fcff05,
Billed Duration for Request 47f8acfb-647c-4958-98af-a7ec30fcff05: 2019 ms
Input: 5750000,
Cold Start: false
Unique ID: cae4c50d-dc54-4adc-bcbb-0ce11bbf42cc,
Billed Duration for Request cae4c50d-dc54-4adc-bcbb-0ce11bbf42cc: 2118 ms
Input: 5750000,
Cold Start: false
Unique ID: 8f7c8b92-077b-4251-b8cb-9e28b451b4d8,
Billed Duration for Request 8f7c8b92-077b-4251-b8cb-9e28b451b4d8: 2107 ms
Input: 5750000,
Cold Start: false
Unique ID: ca617b45-9846-476e-928b-ad9ccd43c2b1,
Billed Duration for Request ca617b45-9846-476e-928b-ad9ccd43c2b1: 2112 ms
Input: 5750000,
Cold Start: false
Unique ID: ccfdb168-5e88-4a49-8b13-2b9f41e3212d,
Billed Duration for Request ccfdb168-5e88-4a49-8b13-2b9f41e3212d: 2106 ms
Input: 5750000,
Cold Start: false
Unique ID: f6238357-c0e5-494f-ae17-cde00682a656,
Billed Duration for Request f6238357-c0e5-494f-ae17-cde00682a656: 2138 ms
Input: 5750000,
Cold Start: false
Unique ID: a94afefc-e97a-4ccb-b04a-f860d3a95fe8,
Billed Duration for Request a94afefc-e97a-4ccb-b04a-f860d3a95fe8: 2066 ms
Input: 5750000,
Cold Start: false
Unique ID: 99cd3e5d-c367-44a5-b51b-1170ab4bc7a4,
Billed Duration for Request 99cd3e5d-c367-44a5-b51b-1170ab4bc7a4: 2115 ms
Input: 5750000,
Cold Start: false
Unique ID: b767b592-5032-4549-be67-89bd20846723,
Billed Duration for Request b767b592-5032-4549-be67-89bd20846723: 2012 ms
Input: 5750000,
Cold Start: false
Unique ID: b202e096-8328-44e4-88c6-688eb0b7d9cb,
Billed Duration for Request b202e096-8328-44e4-88c6-688eb0b7d9cb: 2150 ms
Input: 5750000,
Cold Start: false
Unique ID: 4ae39d2d-a8d6-46cd-87d2-24428e5b7e6c,
Billed Duration for Request 4ae39d2d-a8d6-46cd-87d2-24428e5b7e6c: 2106 ms
Input: 5750000,
Cold Start: false
Unique ID: 9110a3c2-9c99-4c95-852c-34a811aee289,
Billed Duration for Request 9110a3c2-9c99-4c95-852c-34a811aee289: 2024 ms
Input: 5750000,
Cold Start: false
Unique ID: 78f0c453-df93-44b3-9b7c-dc9f0a1ff1a5,
Billed Duration for Request 78f0c453-df93-44b3-9b7c-dc9f0a1ff1a5: 2089 ms
Input: 5750000,
Cold Start: false
Unique ID: 5678ec0b-43f3-44de-81b7-25b343c52292,
Billed Duration for Request 5678ec0b-43f3-44de-81b7-25b343c52292: 2109 ms
Input: 5750000,
Cold Start: false
Unique ID: cd13c774-55e9-4005-808b-8469a69a0bd4,
Billed Duration for Request cd13c774-55e9-4005-808b-8469a69a0bd4: 2129 ms
Input: 5750000,
Cold Start: false
Unique ID: 55127275-4203-4677-84ca-c14e2f70c1cf,
Billed Duration for Request 55127275-4203-4677-84ca-c14e2f70c1cf: 2103 ms
Input: 5750000,
Cold Start: false
Unique ID: 91da97ad-66ae-402d-b0b9-8af281652dae,
Billed Duration for Request 91da97ad-66ae-402d-b0b9-8af281652dae: 2067 ms
Input: 5750000,
Cold Start: false
Unique ID: b8f2fb95-2fdf-4e66-958e-6a7d4b126796,
Billed Duration for Request b8f2fb95-2fdf-4e66-958e-6a7d4b126796: 2112 ms
Input: 5750000,
Cold Start: false
Unique ID: 2a3d293f-5a8c-4888-b991-3a406a4bd215,
Billed Duration for Request 2a3d293f-5a8c-4888-b991-3a406a4bd215: 2002 ms
Input: 5750000,
Cold Start: false
Unique ID: 775d3f75-7bb7-4fa2-b7db-4a353f269880,
Billed Duration for Request 775d3f75-7bb7-4fa2-b7db-4a353f269880: 2129 ms
Input: 5750000,
Cold Start: false
Unique ID: bdddb244-69cc-4f76-bad3-2cc06413d84d,
Billed Duration for Request bdddb244-69cc-4f76-bad3-2cc06413d84d: 2114 ms
Input: 5750000,
Cold Start: false
Unique ID: 8d44cf97-27f0-4184-b19e-6d76eaa20872,
Billed Duration for Request 8d44cf97-27f0-4184-b19e-6d76eaa20872: 2096 ms
Input: 5750000,
Cold Start: false
Unique ID: 30ec09de-fa4f-41eb-93c7-f91f9f9d37a2,
Billed Duration for Request 30ec09de-fa4f-41eb-93c7-f91f9f9d37a2: 2064 ms
Input: 5750000,
Cold Start: false
Unique ID: ecf44856-ed4a-444e-b933-d6bb849fca1a,
Billed Duration for Request ecf44856-ed4a-444e-b933-d6bb849fca1a: 2089 ms
Input: 5750000,
Cold Start: false
Unique ID: a481bbda-ec2f-4d43-802d-e8b47f1a48b4,
Billed Duration for Request a481bbda-ec2f-4d43-802d-e8b47f1a48b4: 2107 ms
Input: 5750000,
Cold Start: false
Unique ID: 298dcf6d-09fe-4481-8155-6d80ade6d0ce,
Billed Duration for Request 298dcf6d-09fe-4481-8155-6d80ade6d0ce: 2087 ms
Input: 5750000,
Cold Start: false
Unique ID: eaeeeaf2-b052-4303-b43c-d38bd25cddde,
Billed Duration for Request eaeeeaf2-b052-4303-b43c-d38bd25cddde: 2123 ms
Input: 5750000,
Cold Start: false
Unique ID: cb95b91a-6fa3-43bd-9f6e-eae44e46ca4c,
Billed Duration for Request cb95b91a-6fa3-43bd-9f6e-eae44e46ca4c: 2104 ms
Input: 5750000,
Cold Start: false
Unique ID: e089fe2e-febc-461c-bbe8-05c3d78f2d74,
Billed Duration for Request e089fe2e-febc-461c-bbe8-05c3d78f2d74: 2045 ms
Input: 5750000,
Cold Start: false
Unique ID: ef47ba87-bc40-4973-90df-0beff84c2f76,
Billed Duration for Request ef47ba87-bc40-4973-90df-0beff84c2f76: 2130 ms
Input: 5750000,
Cold Start: false
Unique ID: 48d8ec46-01bc-4f70-a30b-b1445b5e5d55,
Billed Duration for Request 48d8ec46-01bc-4f70-a30b-b1445b5e5d55: 2044 ms
Input: 5750000,
Cold Start: false
Unique ID: ce44b0f7-52fa-496f-bc7a-4c4677f974bc,
Billed Duration for Request ce44b0f7-52fa-496f-bc7a-4c4677f974bc: 2116 ms
Input: 5750000,
Cold Start: false
Unique ID: c0a88106-4f9a-4cc5-9d4e-ed9ad88b2742,
Billed Duration for Request c0a88106-4f9a-4cc5-9d4e-ed9ad88b2742: 2105 ms
Input: 5750000,
Cold Start: false
Unique ID: b761e6d5-b6bd-46bd-87de-c212549f8d66,
Billed Duration for Request b761e6d5-b6bd-46bd-87de-c212549f8d66: 2141 ms
Input: 5750000,
Cold Start: false
Unique ID: 96cc11a7-4587-444c-9010-b4a1c16912a0,
Billed Duration for Request 96cc11a7-4587-444c-9010-b4a1c16912a0: 2065 ms
Input: 5750000,
Cold Start: false
Unique ID: ed394708-59c5-45ee-8b98-37a768b514ed,
Billed Duration for Request ed394708-59c5-45ee-8b98-37a768b514ed: 2126 ms
Input: 5750000,
Cold Start: false
Unique ID: 838be658-fea5-4efd-856d-307123f89816,
Billed Duration for Request 838be658-fea5-4efd-856d-307123f89816: 2115 ms
Input: 5750000,
Cold Start: false
Unique ID: 502fe9c4-8cd2-4b8e-aecb-66e20a450dcf,
Billed Duration for Request 502fe9c4-8cd2-4b8e-aecb-66e20a450dcf: 2111 ms
Input: 5750000,
Cold Start: false
Unique ID: 99b9da9a-a2de-4c15-9993-208556e06997,
Billed Duration for Request 99b9da9a-a2de-4c15-9993-208556e06997: 2036 ms
Input: 5750000,
Cold Start: false
Unique ID: cfcf5044-cf81-4b2a-83d7-37a57acc9311,
Billed Duration for Request cfcf5044-cf81-4b2a-83d7-37a57acc9311: 2010 ms
Input: 5750000,
Cold Start: false
Unique ID: 70e43e0c-91b8-4b6e-8d63-90928993d49b,
Billed Duration for Request 70e43e0c-91b8-4b6e-8d63-90928993d49b: 2115 ms
Input: 5750000,
Cold Start: false
Unique ID: 8cfb7262-137a-4398-8286-7384ffe80e30,
Billed Duration for Request 8cfb7262-137a-4398-8286-7384ffe80e30: 2131 ms
Input: 5750000,
Cold Start: false
Unique ID: b1980d1f-94d4-46b9-8982-d833325474a3,
Billed Duration for Request b1980d1f-94d4-46b9-8982-d833325474a3: 2112 ms
Input: 5750000,
Cold Start: false
Unique ID: 048b62cd-29d9-45b3-a54c-0ec56ac16628,
Billed Duration for Request 048b62cd-29d9-45b3-a54c-0ec56ac16628: 2085 ms
Input: 5750000,
Cold Start: false
Unique ID: 95324ada-9021-49a0-aa49-3e27a555385e,
Billed Duration for Request 95324ada-9021-49a0-aa49-3e27a555385e: 2099 ms
Input: 5750000,
Cold Start: false
Unique ID: e4e464eb-0b01-4f55-a730-921b322bf28c,
Billed Duration for Request e4e464eb-0b01-4f55-a730-921b322bf28c: 2115 ms
Input: 5750000,
Cold Start: false
Unique ID: e03eb02b-c7bf-42fb-aac1-d043bf225e49,
Billed Duration for Request e03eb02b-c7bf-42fb-aac1-d043bf225e49: 2114 ms
Input: 5750000,
Cold Start: false
Unique ID: 52a5272c-76c2-4c91-90c3-2cb118da6ff4,
Billed Duration for Request 52a5272c-76c2-4c91-90c3-2cb118da6ff4: 2138 ms
Input: 5750000,
Cold Start: false
Unique ID: 90816523-a0e6-4319-9393-06d8ce9fec21,
Billed Duration for Request 90816523-a0e6-4319-9393-06d8ce9fec21: 2048 ms
Input: 5750000,
Cold Start: false
Unique ID: 7533ce67-02e2-4a3a-a952-f1112f62600c,
Billed Duration for Request 7533ce67-02e2-4a3a-a952-f1112f62600c: 2060 ms
Input: 5750000,
Cold Start: false
Unique ID: fbd365c0-8e9c-42ae-b2ad-249fc16a8f4d,
Billed Duration for Request fbd365c0-8e9c-42ae-b2ad-249fc16a8f4d: 2136 ms
Input: 5750000,
Cold Start: false
Unique ID: 1f214a58-5352-406d-9e77-241c5b68b63e,
Billed Duration for Request 1f214a58-5352-406d-9e77-241c5b68b63e: 2108 ms
Input: 5750000,
Cold Start: false
Unique ID: a691d0e5-2c24-4106-ad2e-d22e83a306a1,
Billed Duration for Request a691d0e5-2c24-4106-ad2e-d22e83a306a1: 2093 ms
Input: 5750000,
Cold Start: false
Unique ID: a09ee78d-8209-4ab3-aca0-a43efaf2868f,
Billed Duration for Request a09ee78d-8209-4ab3-aca0-a43efaf2868f: 2122 ms
Input: 5750000,
Cold Start: false
Unique ID: c3c951f5-53c3-48d0-b65f-99adef6d3e54,
Billed Duration for Request c3c951f5-53c3-48d0-b65f-99adef6d3e54: 2079 ms
Input: 5750000,
Cold Start: false
Unique ID: 1b509e57-2ff3-472a-9fe5-cd15991e53d8,
Billed Duration for Request 1b509e57-2ff3-472a-9fe5-cd15991e53d8: 2118 ms
Input: 5750000,
Cold Start: false
Unique ID: 19b423cc-7da5-461f-a3fc-d2bba3df5861,
Billed Duration for Request 19b423cc-7da5-461f-a3fc-d2bba3df5861: 2122 ms
Input: 5750000,
Cold Start: false
Unique ID: edb28794-5322-4f35-82cb-b2a708ca4d5c,
Billed Duration for Request edb28794-5322-4f35-82cb-b2a708ca4d5c: 2104 ms
Input: 5750000,
Cold Start: false
Unique ID: b1cb92d2-f8f2-430e-b986-f933e638b1c1,
Billed Duration for Request b1cb92d2-f8f2-430e-b986-f933e638b1c1: 2015 ms
Input: 5750000,
Cold Start: false
Unique ID: 080ec4a7-49ea-4b1b-8fd2-185659c8a951,
Billed Duration for Request 080ec4a7-49ea-4b1b-8fd2-185659c8a951: 2011 ms
Input: 5750000,
Cold Start: false
Unique ID: 414f3b06-4b76-4e6c-9f57-b0fd925a0a37,
Billed Duration for Request 414f3b06-4b76-4e6c-9f57-b0fd925a0a37: 2142 ms
Input: 5750000,
Cold Start: false
Unique ID: 2a488328-fad5-4be9-a050-568da615b4b8,
Billed Duration for Request 2a488328-fad5-4be9-a050-568da615b4b8: 2090 ms
Input: 5750000,
Cold Start: false
Unique ID: ba2346e2-19d6-4344-89d4-92f742910c4b,
Billed Duration for Request ba2346e2-19d6-4344-89d4-92f742910c4b: 2093 ms
Input: 5750000,
Cold Start: false
Unique ID: b442b15f-4a9d-4280-96e5-764505352820,
Billed Duration for Request b442b15f-4a9d-4280-96e5-764505352820: 2086 ms
Input: 5750000,
Cold Start: false
Unique ID: b7dd8c1e-2aab-4e24-ad47-bcf3f3a12b15,
Billed Duration for Request b7dd8c1e-2aab-4e24-ad47-bcf3f3a12b15: 2099 ms
Input: 5750000,
Cold Start: false
Unique ID: 8c7499e2-37a9-4088-a38a-b41450c41e51,
Billed Duration for Request 8c7499e2-37a9-4088-a38a-b41450c41e51: 2104 ms
Input: 5750000,
Cold Start: false
Unique ID: b2cb623e-b728-454b-be3f-20cfd47920f8,
Billed Duration for Request b2cb623e-b728-454b-be3f-20cfd47920f8: 2098 ms
Input: 5750000,
Cold Start: false
Unique ID: f88dfc46-195f-4315-8c5e-b796fb59f240,
Billed Duration for Request f88dfc46-195f-4315-8c5e-b796fb59f240: 2024 ms
Input: 5750000,
Cold Start: false
Unique ID: 92c997b9-647f-44f0-87a2-959800151394,
Billed Duration for Request 92c997b9-647f-44f0-87a2-959800151394: 2110 ms
Input: 5750000,
Cold Start: false
Unique ID: 56035cfa-6a5d-415b-8073-968372bc3977,
Billed Duration for Request 56035cfa-6a5d-415b-8073-968372bc3977: 2009 ms
Input: 5750000,
Cold Start: false
Unique ID: 2f881570-aaec-4f63-bc51-db901cd698dc,
Billed Duration for Request 2f881570-aaec-4f63-bc51-db901cd698dc: 2154 ms
Input: 5750000,
Cold Start: false
Unique ID: 0e4e384d-b940-4e80-8658-4a002ca748dd,
Billed Duration for Request 0e4e384d-b940-4e80-8658-4a002ca748dd: 2092 ms
Input: 5750000,
Cold Start: false
Unique ID: 64070884-4fd3-4b62-8c78-d82f5f1bc04d,
Billed Duration for Request 64070884-4fd3-4b62-8c78-d82f5f1bc04d: 2124 ms
Input: 5750000,
Cold Start: false
Unique ID: 7ddf3c12-f2c9-478f-98df-13ff77741eea,
Billed Duration for Request 7ddf3c12-f2c9-478f-98df-13ff77741eea: 2081 ms
Input: 5750000,
Cold Start: false
Unique ID: 3b773a7b-3309-4965-83cd-4cdf6432f965,
Billed Duration for Request 3b773a7b-3309-4965-83cd-4cdf6432f965: 2124 ms
Input: 5750000,
Cold Start: false
Unique ID: 134dccd6-10c2-4281-bdf9-a21043600702,
Billed Duration for Request 134dccd6-10c2-4281-bdf9-a21043600702: 2117 ms
Input: 5750000,
Cold Start: false
Unique ID: dd2a1b39-a4f3-4029-99d1-028b30e11f80,
Billed Duration for Request dd2a1b39-a4f3-4029-99d1-028b30e11f80: 2015 ms
Input: 5750000,
Cold Start: false
Unique ID: 5e2620dc-7ce1-48de-ac25-e1f81f4af2da,
Billed Duration for Request 5e2620dc-7ce1-48de-ac25-e1f81f4af2da: 2113 ms
Input: 5750000,
Cold Start: false
Unique ID: 0491c281-9d86-498d-b3bd-3b17ab4f19ae,
Billed Duration for Request 0491c281-9d86-498d-b3bd-3b17ab4f19ae: 2022 ms
Input: 5750000,
Cold Start: false
Unique ID: 55f06de5-ca11-4636-8759-dbcf3615bb27,
Billed Duration for Request 55f06de5-ca11-4636-8759-dbcf3615bb27: 2145 ms
Input: 5750000,
Cold Start: false
Unique ID: b305ac26-a207-43e4-8bfd-9d89b4ba0cd7,
Billed Duration for Request b305ac26-a207-43e4-8bfd-9d89b4ba0cd7: 2105 ms
Input: 5750000,
Cold Start: false
Unique ID: 3485cac3-6ff4-4ce4-bef6-a3779ad232e1,
Billed Duration for Request 3485cac3-6ff4-4ce4-bef6-a3779ad232e1: 2095 ms
Input: 5750000,
Cold Start: false
Unique ID: ed617020-ec3b-403d-b588-2246c5e5ec76,
Billed Duration for Request ed617020-ec3b-403d-b588-2246c5e5ec76: 2081 ms
Input: 5750000,
Cold Start: false
Unique ID: 2fb7db52-5eac-46aa-b8b5-f11890f82f0d,
Billed Duration for Request 2fb7db52-5eac-46aa-b8b5-f11890f82f0d: 2107 ms
Input: 5750000,
Cold Start: false
Unique ID: a67fd4cb-6983-45f4-9cd2-bd19b920e47b,
Billed Duration for Request a67fd4cb-6983-45f4-9cd2-bd19b920e47b: 2086 ms
Input: 5750000,
Cold Start: false
Unique ID: dbdb757d-8af1-44f9-b79e-aa4a8166c04f,
Billed Duration for Request dbdb757d-8af1-44f9-b79e-aa4a8166c04f: 2015 ms
Input: 5750000,
Cold Start: false
Unique ID: 8883c37c-2269-4930-bc77-c40dd800b478,
Billed Duration for Request 8883c37c-2269-4930-bc77-c40dd800b478: 2108 ms
Input: 5750000,
Cold Start: false
Unique ID: 0f38e9ac-1d40-4d10-9209-d228a17f9910,
Billed Duration for Request 0f38e9ac-1d40-4d10-9209-d228a17f9910: 2109 ms
Input: 5750000,
Cold Start: false
Unique ID: dd2e0207-03fb-476d-b59e-f1f204023a20,
Billed Duration for Request dd2e0207-03fb-476d-b59e-f1f204023a20: 2030 ms
Input: 5750000,
Cold Start: false
Unique ID: fe6a87e1-9154-4f99-96b4-4d48dfbcce07,
Billed Duration for Request fe6a87e1-9154-4f99-96b4-4d48dfbcce07: 2125 ms
Input: 5750000,
Cold Start: false
Unique ID: 9fdc9448-ceda-431d-9612-5e3227b303bc,
Billed Duration for Request 9fdc9448-ceda-431d-9612-5e3227b303bc: 2083 ms
Input: 5750000,
Cold Start: false
Unique ID: d89e25ea-a3f8-4430-8590-71decce59702,
Billed Duration for Request d89e25ea-a3f8-4430-8590-71decce59702: 2152 ms
Input: 5750000,
Cold Start: false
Unique ID: 8574571a-921e-4ad7-945b-8c00cf3e9102,
Billed Duration for Request 8574571a-921e-4ad7-945b-8c00cf3e9102: 2104 ms
Input: 5750000,
Cold Start: false
Unique ID: 565b332c-81e5-418f-b7ea-31562a5a2175,
Billed Duration for Request 565b332c-81e5-418f-b7ea-31562a5a2175: 2116 ms
Input: 5750000,
Cold Start: false
Unique ID: 83cd4ff3-d5d7-4a0b-9ced-9ee4fdbd36e8,
Billed Duration for Request 83cd4ff3-d5d7-4a0b-9ced-9ee4fdbd36e8: 2109 ms
Input: 5750000,
Cold Start: false
Unique ID: d49dc297-aeef-4088-be85-fc12eb5580a6,
Billed Duration for Request d49dc297-aeef-4088-be85-fc12eb5580a6: 2037 ms
Input: 5750000,
Cold Start: false
Unique ID: 98dd07bc-e7f9-4a88-8513-c46b3c987f92,
Billed Duration for Request 98dd07bc-e7f9-4a88-8513-c46b3c987f92: 2096 ms
Input: 5750000,
Cold Start: false
Unique ID: aa07ff8a-29cc-487e-b927-4a73e1aaf73e,
Billed Duration for Request aa07ff8a-29cc-487e-b927-4a73e1aaf73e: 1998 ms
Input: 5750000,
Cold Start: false
Unique ID: b41ae0f2-262f-4b57-8961-4994bc38a93b,
Billed Duration for Request b41ae0f2-262f-4b57-8961-4994bc38a93b: 2115 ms
Input: 5750000,
Cold Start: false
Unique ID: fb470e04-f460-4519-bd97-88777d89f645,
Billed Duration for Request fb470e04-f460-4519-bd97-88777d89f645: 2123 ms
Input: 5750000,
Cold Start: false
Unique ID: d35a8f6a-6644-4e5d-9d24-96f83b293491,
Billed Duration for Request d35a8f6a-6644-4e5d-9d24-96f83b293491: 2086 ms
Input: 5750000,
Cold Start: false
Unique ID: 90a9fdcc-e579-4d8f-abb7-a1c2cee7ccc9,
Billed Duration for Request 90a9fdcc-e579-4d8f-abb7-a1c2cee7ccc9: 2109 ms
Input: 5750000,
Cold Start: false
Unique ID: eadc90da-7276-415e-82ac-44d7bcded00b,
Billed Duration for Request eadc90da-7276-415e-82ac-44d7bcded00b: 2041 ms
Input: 5750000,
Cold Start: false
Unique ID: 364f8587-f4cf-4493-9b63-d1bb1091e262,
Billed Duration for Request 364f8587-f4cf-4493-9b63-d1bb1091e262: 2099 ms
Input: 5750000,
Cold Start: false
Unique ID: 3ce8dae4-88f0-4ffd-80ef-f725e9c285b8,
Billed Duration for Request 3ce8dae4-88f0-4ffd-80ef-f725e9c285b8: 1992 ms
Input: 5750000,
Cold Start: false
Unique ID: 0a529041-2869-4a27-be5c-19a124bdce78,
Billed Duration for Request 0a529041-2869-4a27-be5c-19a124bdce78: 2084 ms
Input: 5750000,
Cold Start: false
Unique ID: 5bf4c469-e077-430c-9c8d-2b15dd3950cf,
Billed Duration for Request 5bf4c469-e077-430c-9c8d-2b15dd3950cf: 2115 ms
Input: 5750000,
Cold Start: false
Unique ID: a3cd6e98-ad69-465c-8e14-cb9545614a75,
Billed Duration for Request a3cd6e98-ad69-465c-8e14-cb9545614a75: 2101 ms
Input: 5750000,
Cold Start: false
Unique ID: 89ca2e17-b3f6-4259-90a4-ee64f87070c3,
Billed Duration for Request 89ca2e17-b3f6-4259-90a4-ee64f87070c3: 2082 ms
Input: 5750000,
Cold Start: false
Unique ID: bffe6978-8fff-40d7-b1ab-65c770f9a2c7,
Billed Duration for Request bffe6978-8fff-40d7-b1ab-65c770f9a2c7: 2087 ms
Input: 5750000,
Cold Start: false
Unique ID: 5c938593-c07b-4c57-b52f-3588ab454eaa,
Billed Duration for Request 5c938593-c07b-4c57-b52f-3588ab454eaa: 2155 ms
Input: 5750000,
Cold Start: false
Unique ID: 1b491303-7640-40fb-ac48-60ed0ef3c5cf,
Billed Duration for Request 1b491303-7640-40fb-ac48-60ed0ef3c5cf: 2035 ms
Input: 5750000,
Cold Start: false
Unique ID: 6543ed58-93e1-4156-aa65-7dab319bb83a,
Billed Duration for Request 6543ed58-93e1-4156-aa65-7dab319bb83a: 2030 ms
Input: 5750000,
Cold Start: false
Unique ID: f68e0991-94d6-493e-a38a-8536cdfe0ef5,
Billed Duration for Request f68e0991-94d6-493e-a38a-8536cdfe0ef5: 2078 ms
Input: 5750000,
Cold Start: false
Unique ID: 7f6650b8-963a-414d-82ba-8a1b553b61cd,
Billed Duration for Request 7f6650b8-963a-414d-82ba-8a1b553b61cd: 2101 ms
Input: 5750000,
Cold Start: false
Unique ID: 6c09d989-8848-46ad-9154-d8f259a8d137,
Billed Duration for Request 6c09d989-8848-46ad-9154-d8f259a8d137: 2092 ms
Input: 5750000,
Cold Start: false
Unique ID: 8db4b528-ee1d-4c9b-8ec0-938a7fc9dd2a,
Billed Duration for Request 8db4b528-ee1d-4c9b-8ec0-938a7fc9dd2a: 2089 ms
Input: 5750000,
Cold Start: false
Unique ID: 7a7ac870-bd03-4c14-a954-2df03aa2d5f2,
Billed Duration for Request 7a7ac870-bd03-4c14-a954-2df03aa2d5f2: 2097 ms
Input: 5750000,
Cold Start: false
Unique ID: 71085d3b-70b5-408f-b863-0e810438faeb,
Billed Duration for Request 71085d3b-70b5-408f-b863-0e810438faeb: 2078 ms
Input: 5750000,
Cold Start: false
Unique ID: 5a9b694e-3435-4732-a2fb-27ee91ce0d55,
Billed Duration for Request 5a9b694e-3435-4732-a2fb-27ee91ce0d55: 2124 ms
Input: 5750000,
Cold Start: false
Unique ID: 7f142414-03a1-40f8-a6ee-17be3c208c3b,
Billed Duration for Request 7f142414-03a1-40f8-a6ee-17be3c208c3b: 2121 ms
Input: 5750000,
Cold Start: false
Unique ID: 4e801f40-4c0d-4839-8161-70859ecde4ca,
Billed Duration for Request 4e801f40-4c0d-4839-8161-70859ecde4ca: 2042 ms
Input: 5750000,
Cold Start: false
Unique ID: fe929864-d9c0-4e16-b84e-bc45e3274ba5,
Billed Duration for Request fe929864-d9c0-4e16-b84e-bc45e3274ba5: 2011 ms
Input: 5750000,
Cold Start: false
Unique ID: 7713a1a8-97ba-47ae-a330-5e6c19313ddd,
Billed Duration for Request 7713a1a8-97ba-47ae-a330-5e6c19313ddd: 2091 ms
Input: 5750000,
Cold Start: false
Unique ID: 44a084fd-cef3-406a-a495-4612d6bf9ef6,
Billed Duration for Request 44a084fd-cef3-406a-a495-4612d6bf9ef6: 2136 ms
Input: 5750000,
Cold Start: false
Unique ID: dd4fcf6b-a71a-45c0-a137-a952ac876fb9,
Billed Duration for Request dd4fcf6b-a71a-45c0-a137-a952ac876fb9: 2098 ms
Input: 5750000,
Cold Start: false
Unique ID: 661928d7-bc22-4c67-8b45-65395d981547,
Billed Duration for Request 661928d7-bc22-4c67-8b45-65395d981547: 2109 ms
Input: 5750000,
Cold Start: false
Unique ID: 182f3ced-4bc7-41d7-9278-998a020e737b,
Billed Duration for Request 182f3ced-4bc7-41d7-9278-998a020e737b: 2104 ms
Input: 5750000,
Cold Start: false
Unique ID: 819a3ad9-4416-4c76-8aff-4368baf9242b,
Billed Duration for Request 819a3ad9-4416-4c76-8aff-4368baf9242b: 2078 ms
Input: 5750000,
Cold Start: false
Unique ID: 3ce3f7b4-d7b9-4e95-a6ad-b876365f4801,
Billed Duration for Request 3ce3f7b4-d7b9-4e95-a6ad-b876365f4801: 2141 ms
Input: 5750000,
Cold Start: false
Unique ID: 8339711f-315d-42d7-b11c-427ee42b2b5f,
Billed Duration for Request 8339711f-315d-42d7-b11c-427ee42b2b5f: 2002 ms
Input: 5750000,
Cold Start: false
Unique ID: f0907fd3-4efc-40d0-bf87-de77660e4988,
Billed Duration for Request f0907fd3-4efc-40d0-bf87-de77660e4988: 2019 ms
Input: 5750000,
Cold Start: false
Unique ID: 896c5e4a-2d1b-494c-8283-177ba63bd68a,
Billed Duration for Request 896c5e4a-2d1b-494c-8283-177ba63bd68a: 2119 ms
Input: 5750000,
Cold Start: false
Unique ID: 68eb55d1-9b16-4650-9c85-8b5ea09ef918,
Billed Duration for Request 68eb55d1-9b16-4650-9c85-8b5ea09ef918: 2094 ms
Input: 5750000,
Cold Start: false
Unique ID: 98f61e69-8c9c-4c0f-97ea-1e51aae23f91,
Billed Duration for Request 98f61e69-8c9c-4c0f-97ea-1e51aae23f91: 2110 ms
Input: 5750000,
Cold Start: false
Unique ID: b95b6200-cdb7-4da9-af89-0d4379224ec9,
Billed Duration for Request b95b6200-cdb7-4da9-af89-0d4379224ec9: 2073 ms
Input: 5750000,
Cold Start: false
Unique ID: 7be4d2c1-7aea-497b-8c99-4fa54d53f908,
Billed Duration for Request 7be4d2c1-7aea-497b-8c99-4fa54d53f908: 2115 ms
Input: 5750000,
Cold Start: false
Unique ID: cdfe840e-43f9-4a69-ae9c-50e9685dcb34,
Billed Duration for Request cdfe840e-43f9-4a69-ae9c-50e9685dcb34: 2008 ms
Input: 5750000,
Cold Start: false
Unique ID: 5aaf9b92-b693-402b-8f27-c3e2823dd5ea,
Billed Duration for Request 5aaf9b92-b693-402b-8f27-c3e2823dd5ea: 2081 ms
Input: 5750000,
Cold Start: false
Unique ID: 55ca1f19-a97e-4d1f-a7f0-ab260c732205,
Billed Duration for Request 55ca1f19-a97e-4d1f-a7f0-ab260c732205: 2141 ms
Input: 5750000,
Cold Start: false
Unique ID: 81d3f7da-c06c-40c1-bac1-79780e8c0db7,
Billed Duration for Request 81d3f7da-c06c-40c1-bac1-79780e8c0db7: 2016 ms
Input: 5750000,
Cold Start: false
Unique ID: 82bbe85f-a1c7-410d-8a60-4e99ec3067e2,
Billed Duration for Request 82bbe85f-a1c7-410d-8a60-4e99ec3067e2: 2088 ms
Input: 5750000,
Cold Start: false
Unique ID: ba2a67f8-45cc-4204-9b82-a520a11afcd7,
Billed Duration for Request ba2a67f8-45cc-4204-9b82-a520a11afcd7: 2085 ms
Input: 5750000,
Cold Start: false
Unique ID: 88d7ed17-9a6f-4f2e-b020-36fafc521c7e,
Billed Duration for Request 88d7ed17-9a6f-4f2e-b020-36fafc521c7e: 2096 ms
Input: 5750000,
Cold Start: false
Unique ID: 9fd4a170-9304-4d23-8045-a47372451cfb,
Billed Duration for Request 9fd4a170-9304-4d23-8045-a47372451cfb: 2093 ms
Input: 5750000,
Cold Start: false
Unique ID: c7734151-a57a-4e8d-8198-6a8016c9787a,
Billed Duration for Request c7734151-a57a-4e8d-8198-6a8016c9787a: 2103 ms
Input: 5750000,
Cold Start: false
Unique ID: b3b481cd-5328-492b-9f64-bf7604e77436,
Billed Duration for Request b3b481cd-5328-492b-9f64-bf7604e77436: 2064 ms
Input: 5750000,
Cold Start: false
Unique ID: 7ee0168c-cb79-45ae-8f57-9b7ae0c0e150,
Billed Duration for Request 7ee0168c-cb79-45ae-8f57-9b7ae0c0e150: 2036 ms
Input: 5750000,
Cold Start: false
Unique ID: bf399c55-837f-4be9-b29e-3b62a5bdf5f3,
Billed Duration for Request bf399c55-837f-4be9-b29e-3b62a5bdf5f3: 2033 ms
Input: 5750000,
Cold Start: false
Unique ID: dfc3ca22-9f90-462f-ab79-b3a5be1c8207,
Billed Duration for Request dfc3ca22-9f90-462f-ab79-b3a5be1c8207: 2122 ms
Input: 5750000,
Cold Start: false
Unique ID: c4036612-dd3a-422a-a990-a7087e0a83da,
Billed Duration for Request c4036612-dd3a-422a-a990-a7087e0a83da: 2086 ms
Input: 5750000,
Cold Start: false
Unique ID: 2aaf90ca-b6f4-495c-b2d8-bb4243046481,
Billed Duration for Request 2aaf90ca-b6f4-495c-b2d8-bb4243046481: 2080 ms
Input: 5750000,
Cold Start: false
Unique ID: 3339fda5-0ac5-4833-8462-7de013dde07c,
Billed Duration for Request 3339fda5-0ac5-4833-8462-7de013dde07c: 2062 ms
Input: 5750000,
Cold Start: false
Unique ID: 83e334eb-96ee-41a4-ada2-8eb1b4830aba,
Billed Duration for Request 83e334eb-96ee-41a4-ada2-8eb1b4830aba: 2119 ms
Input: 5750000,
Cold Start: false
Unique ID: ad6922db-e72a-4bb7-a323-56f6c1014044,
Billed Duration for Request ad6922db-e72a-4bb7-a323-56f6c1014044: 2121 ms
Input: 5750000,
Cold Start: false
Unique ID: e5dc9d43-a699-48aa-a611-068063ebfeed,
Billed Duration for Request e5dc9d43-a699-48aa-a611-068063ebfeed: 2008 ms
Input: 5750000,
Cold Start: false
Unique ID: 5b76fe98-70a9-4248-a3de-985b14280bf0,
Billed Duration for Request 5b76fe98-70a9-4248-a3de-985b14280bf0: 2113 ms
Input: 5750000,
Cold Start: false
Unique ID: c3211d00-ab7d-42e7-b92f-73b416d097b5,
Billed Duration for Request c3211d00-ab7d-42e7-b92f-73b416d097b5: 2017 ms
Input: 5750000,
Cold Start: false
Unique ID: c224944b-0f8c-4f06-838e-dcb7c8437bbc,
Billed Duration for Request c224944b-0f8c-4f06-838e-dcb7c8437bbc: 2121 ms
Input: 5750000,
Cold Start: false
Unique ID: c71d048e-334f-49a0-8681-566f19587828,
Billed Duration for Request c71d048e-334f-49a0-8681-566f19587828: 2110 ms
Input: 5750000,
Cold Start: false
Unique ID: 8704bd6c-0323-4772-abc1-da60618e13e2,
Billed Duration for Request 8704bd6c-0323-4772-abc1-da60618e13e2: 2075 ms
Input: 5750000,
Cold Start: false
Unique ID: 648a961a-f83d-47e8-8010-c3b321c4c633,
Billed Duration for Request 648a961a-f83d-47e8-8010-c3b321c4c633: 2097 ms
Input: 5750000,
Cold Start: false
Unique ID: 8d9ef5d2-07e3-4f41-999f-16a1b4a99b03,
Billed Duration for Request 8d9ef5d2-07e3-4f41-999f-16a1b4a99b03: 2107 ms
Input: 5750000,
Cold Start: false
Unique ID: 19dfbb5e-b86c-42fb-9a35-fa98afd78e20,
Billed Duration for Request 19dfbb5e-b86c-42fb-9a35-fa98afd78e20: 2099 ms
Input: 5750000,
Cold Start: false
Unique ID: e45950c0-1787-4b2a-bda3-535e3645c7f1,
Billed Duration for Request e45950c0-1787-4b2a-bda3-535e3645c7f1: 2121 ms
Input: 5750000,
Cold Start: false
Unique ID: acad1114-d749-48fc-a917-f369d7a6907b,
Billed Duration for Request acad1114-d749-48fc-a917-f369d7a6907b: 2005 ms
Input: 5750000,
Cold Start: false
Unique ID: 91062fa4-4336-45a3-b2b4-540721ad53f2,
Billed Duration for Request 91062fa4-4336-45a3-b2b4-540721ad53f2: 2120 ms
Input: 5750000,
Cold Start: false
Unique ID: 30660636-c802-4090-bf75-cce0c79c2a39,
Billed Duration for Request 30660636-c802-4090-bf75-cce0c79c2a39: 2025 ms
Input: 5750000,
Cold Start: false
Unique ID: cbdab763-45e2-49f0-8bdd-b5020ec37d39,
Billed Duration for Request cbdab763-45e2-49f0-8bdd-b5020ec37d39: 2134 ms
Input: 5750000,
Cold Start: false
Unique ID: 20791b0a-b022-42ca-84c3-91bafed0421a,
Billed Duration for Request 20791b0a-b022-42ca-84c3-91bafed0421a: 2076 ms
Input: 5750000,
Cold Start: false
Unique ID: 235946c6-2af7-4ba1-8770-60b29ade5957,
Billed Duration for Request 235946c6-2af7-4ba1-8770-60b29ade5957: 2075 ms
Input: 5750000,
Cold Start: false
Unique ID: facd32ba-6be9-4ce4-8e4c-62f40bdbe3c9,
Billed Duration for Request facd32ba-6be9-4ce4-8e4c-62f40bdbe3c9: 2097 ms
Input: 5750000,
Cold Start: false
Unique ID: 96469bd6-2bc2-444c-85ad-96b0da553761,
Billed Duration for Request 96469bd6-2bc2-444c-85ad-96b0da553761: 2110 ms
Input: 5750000,
Cold Start: false
Unique ID: 001d6c6d-8ce4-41e0-b17e-3febf12f468a,
Billed Duration for Request 001d6c6d-8ce4-41e0-b17e-3febf12f468a: 2104 ms
Input: 5750000,
Cold Start: false
Unique ID: c04ec8cc-1382-4f83-b265-f8d43cb9d115,
Billed Duration for Request c04ec8cc-1382-4f83-b265-f8d43cb9d115: 1996 ms
Input: 5750000,
Cold Start: false
Unique ID: a6f2605c-c671-440c-ad75-955f548d1b4b,
Billed Duration for Request a6f2605c-c671-440c-ad75-955f548d1b4b: 2100 ms
Input: 5750000,
Cold Start: false
Unique ID: da63323c-2a2a-4f9d-b474-1de5ab9bed14,
Billed Duration for Request da63323c-2a2a-4f9d-b474-1de5ab9bed14: 2024 ms
Input: 5750000,
Cold Start: false
Unique ID: 400af10f-30d5-4269-9bd2-524d2e95629e,
Billed Duration for Request 400af10f-30d5-4269-9bd2-524d2e95629e: 2094 ms
Input: 5750000,
Cold Start: false
Unique ID: 282b7ba8-e2ba-4489-9fae-463b860274dd,
Billed Duration for Request 282b7ba8-e2ba-4489-9fae-463b860274dd: 2123 ms
Input: 5750000,
Cold Start: false
Unique ID: bff2a756-2922-43ea-8768-99e7c8e160d7,
Billed Duration for Request bff2a756-2922-43ea-8768-99e7c8e160d7: 2092 ms
Input: 5750000,
Cold Start: false
Unique ID: 10026153-0797-45bf-a94d-298b81484663,
Billed Duration for Request 10026153-0797-45bf-a94d-298b81484663: 2077 ms
Input: 5750000,
Cold Start: false
Unique ID: c244febb-dde1-4725-b13f-f6187642e279,
Billed Duration for Request c244febb-dde1-4725-b13f-f6187642e279: 2121 ms
Input: 5750000,
Cold Start: false
Unique ID: ffa8282a-bb43-4117-b15e-0bfea55b60fb,
Billed Duration for Request ffa8282a-bb43-4117-b15e-0bfea55b60fb: 2106 ms
Input: 5750000,
Cold Start: false
Unique ID: e2470d62-7740-425e-bbdb-937e25c60c60,
Billed Duration for Request e2470d62-7740-425e-bbdb-937e25c60c60: 2031 ms
Input: 5750000,
Cold Start: false
Unique ID: 3b7b5851-2704-435e-a0a3-bdbbaba491a0,
Billed Duration for Request 3b7b5851-2704-435e-a0a3-bdbbaba491a0: 2096 ms
Input: 5750000,
Cold Start: false
Unique ID: 889325fd-20b0-4bba-bd8c-d0c1ab9c47da,
Billed Duration for Request 889325fd-20b0-4bba-bd8c-d0c1ab9c47da: 2126 ms
Input: 5750000,
Cold Start: false
Unique ID: be291878-437a-4c9a-a900-04466945c7f8,
Billed Duration for Request be291878-437a-4c9a-a900-04466945c7f8: 2017 ms
Input: 5750000,
Cold Start: false
Unique ID: 4b48178e-56de-41c8-beec-1d3b44aa8ac8,
Billed Duration for Request 4b48178e-56de-41c8-beec-1d3b44aa8ac8: 2098 ms
Input: 5750000,
Cold Start: false
Unique ID: 08db1a90-1618-4266-b787-4291b0fea3c6,
Billed Duration for Request 08db1a90-1618-4266-b787-4291b0fea3c6: 2131 ms
Input: 5750000,
Cold Start: false
Unique ID: 5c8c4e04-e432-4adc-82c8-843b51c91317,
Billed Duration for Request 5c8c4e04-e432-4adc-82c8-843b51c91317: 2091 ms
Input: 5750000,
Cold Start: false
Unique ID: ea2240d6-7ca0-4eb9-8391-7418bd876dc6,
Billed Duration for Request ea2240d6-7ca0-4eb9-8391-7418bd876dc6: 2078 ms
Input: 5750000,
Cold Start: false
Unique ID: a317f326-d6a7-4d04-9975-972bc1c77aa3,
Billed Duration for Request a317f326-d6a7-4d04-9975-972bc1c77aa3: 2000 ms
Input: 5750000,
Cold Start: false
Unique ID: 28351d79-8b8b-4ad5-befb-647186f887a8,
Billed Duration for Request 28351d79-8b8b-4ad5-befb-647186f887a8: 2106 ms
Input: 5750000,
Cold Start: false
Unique ID: 8edc1998-b6dd-4be6-8557-4afa132ffc8f,
Billed Duration for Request 8edc1998-b6dd-4be6-8557-4afa132ffc8f: 2091 ms
Input: 5750000,
Cold Start: false
Unique ID: 4e43a4b3-c1b3-4f1f-8cbf-2a150e03703c,
Billed Duration for Request 4e43a4b3-c1b3-4f1f-8cbf-2a150e03703c: 2135 ms
Input: 5750000,
Cold Start: false
Unique ID: aaa4b79e-2add-40dd-9bfc-c15eea084d10,
Billed Duration for Request aaa4b79e-2add-40dd-9bfc-c15eea084d10: 2024 ms
Input: 5750000,
Cold Start: false
Unique ID: f8293e2a-a869-4f18-b045-ebfc99a46c4f,
Billed Duration for Request f8293e2a-a869-4f18-b045-ebfc99a46c4f: 2092 ms
Input: 5750000,
Cold Start: false
Unique ID: b2c97dec-e5d8-40d2-be6a-fec605cbdec8,
Billed Duration for Request b2c97dec-e5d8-40d2-be6a-fec605cbdec8: 2112 ms
Input: 5750000,
Cold Start: false
Unique ID: 73f7656c-6abe-4793-a42e-c81c76c5599b,
Billed Duration for Request 73f7656c-6abe-4793-a42e-c81c76c5599b: 2141 ms
Input: 5750000,
Cold Start: false
Unique ID: ae2ff51d-b27c-41d7-b925-8af4fdcae3db,
Billed Duration for Request ae2ff51d-b27c-41d7-b925-8af4fdcae3db: 2076 ms
Input: 5750000,
Cold Start: false
Unique ID: f09fa341-9195-4a22-abc6-68ebf990aa87,
Billed Duration for Request f09fa341-9195-4a22-abc6-68ebf990aa87: 2011 ms
Input: 5750000,
Cold Start: false
Unique ID: afde92e6-11fd-4de7-85cc-f78a37bf83b5,
Billed Duration for Request afde92e6-11fd-4de7-85cc-f78a37bf83b5: 2115 ms
Input: 5750000,
Cold Start: false
Unique ID: 0e38ed9c-89e4-4553-9624-5049856fc5b7,
Billed Duration for Request 0e38ed9c-89e4-4553-9624-5049856fc5b7: 2108 ms
Input: 5750000,
Cold Start: false
Unique ID: a5675f3b-7fef-4bc8-abb0-ada67fac54b0,
Billed Duration for Request a5675f3b-7fef-4bc8-abb0-ada67fac54b0: 2100 ms
Input: 5750000,
Cold Start: false
Unique ID: b00fdedb-4b2a-4387-aaf5-54dc7eb22184,
Billed Duration for Request b00fdedb-4b2a-4387-aaf5-54dc7eb22184: 2148 ms
Input: 5750000,
Cold Start: false
Unique ID: 1e41200c-d58f-4455-a8fc-29ded7bf6807,
Billed Duration for Request 1e41200c-d58f-4455-a8fc-29ded7bf6807: 2094 ms
Input: 5750000,
Cold Start: false
Unique ID: 11bf6856-c287-46a7-854b-406abe9a3e7c,
Billed Duration for Request 11bf6856-c287-46a7-854b-406abe9a3e7c: 2015 ms
Input: 5750000,
Cold Start: false
Unique ID: 3702e974-6878-462a-b423-18a6485d827c,
Billed Duration for Request 3702e974-6878-462a-b423-18a6485d827c: 2112 ms
Input: 5750000,
Cold Start: false
Unique ID: 7991dcc5-a8d2-4a15-8bd2-0edd9c40d01b,
Billed Duration for Request 7991dcc5-a8d2-4a15-8bd2-0edd9c40d01b: 2013 ms
Input: 5750000,
Cold Start: false
Unique ID: b1d9a733-27aa-42d7-b335-e0edb9df753f,
Billed Duration for Request b1d9a733-27aa-42d7-b335-e0edb9df753f: 2152 ms
Input: 5750000,
Cold Start: false
Unique ID: d96b5e90-ab97-4bd2-9cff-4cbf98455b5d,
Billed Duration for Request d96b5e90-ab97-4bd2-9cff-4cbf98455b5d: 2101 ms
Input: 5750000,
Cold Start: false
Unique ID: 24c372d4-3299-4894-b227-c5b172192797,
Billed Duration for Request 24c372d4-3299-4894-b227-c5b172192797: 2145 ms
Input: 5750000,
Cold Start: false
Unique ID: effb5222-20b9-4a36-97b2-8774c976cbf5,
Billed Duration for Request effb5222-20b9-4a36-97b2-8774c976cbf5: 2135 ms
Input: 5750000,
Cold Start: false
Unique ID: 82bb9676-6417-4a3d-84cd-4c29fa1f68a3,
Billed Duration for Request 82bb9676-6417-4a3d-84cd-4c29fa1f68a3: 2108 ms
Input: 5750000,
Cold Start: false
Unique ID: 05b2a4e7-abb4-4b02-a59d-f8a599c12829,
Billed Duration for Request 05b2a4e7-abb4-4b02-a59d-f8a599c12829: 2126 ms
Input: 5750000,
Cold Start: false
Unique ID: 5395edb2-7ec6-486e-985d-f41e511afc33,
Billed Duration for Request 5395edb2-7ec6-486e-985d-f41e511afc33: 2107 ms
Input: 5750000,
Cold Start: false
Unique ID: 8da12997-c510-4408-bf5a-3e9b9a1412dd,
Billed Duration for Request 8da12997-c510-4408-bf5a-3e9b9a1412dd: 2062 ms
Input: 5750000,
Cold Start: false
Unique ID: 84fa194c-c81c-4f06-83b1-6c153434288e,
Billed Duration for Request 84fa194c-c81c-4f06-83b1-6c153434288e: 2113 ms
Input: 5750000,
Cold Start: false
Unique ID: bdd8f233-21e3-4bd2-8e34-40e68db227d0,
Billed Duration for Request bdd8f233-21e3-4bd2-8e34-40e68db227d0: 2019 ms
Input: 5750000,
Cold Start: false
Unique ID: 03160451-8dfd-4093-b5cf-5e5215978e8e,
Billed Duration for Request 03160451-8dfd-4093-b5cf-5e5215978e8e: 2151 ms
Input: 5750000,
Cold Start: false
Unique ID: feb62289-2564-4032-9e27-164e86770a86,
Billed Duration for Request feb62289-2564-4032-9e27-164e86770a86: 2077 ms
Input: 5750000,
Cold Start: false
Unique ID: d810f596-0f6f-4273-8526-b18f50ef673b,
Billed Duration for Request d810f596-0f6f-4273-8526-b18f50ef673b: 2105 ms
Input: 5750000,
Cold Start: false
Unique ID: 089fa15f-1c65-4840-9703-5d87292208bb,
Billed Duration for Request 089fa15f-1c65-4840-9703-5d87292208bb: 2117 ms
Input: 5750000,
Cold Start: false
Unique ID: ea6b3ec1-fadc-409e-bd5e-b6bcd45d6d74,
Billed Duration for Request ea6b3ec1-fadc-409e-bd5e-b6bcd45d6d74: 2120 ms
Input: 5750000,
Cold Start: false
Unique ID: aa9e7cf4-5d00-41b4-99ed-a947a4909949,
Billed Duration for Request aa9e7cf4-5d00-41b4-99ed-a947a4909949: 2025 ms
Input: 5750000,
Cold Start: false
Unique ID: 38f84422-deb1-424c-9d36-ccd96acd5935,
Billed Duration for Request 38f84422-deb1-424c-9d36-ccd96acd5935: 2126 ms
Input: 5750000,
Cold Start: false
Unique ID: b94757c5-53fd-467f-96a1-c099eaf0bca9,
Billed Duration for Request b94757c5-53fd-467f-96a1-c099eaf0bca9: 2100 ms
Input: 5750000,
Cold Start: false
Unique ID: 7bb95e91-94be-447a-850a-63fb66769842,
Billed Duration for Request 7bb95e91-94be-447a-850a-63fb66769842: 2005 ms
Input: 5750000,
Cold Start: false
Unique ID: 8eb5d130-5c28-404f-bfc8-efcd6eec8bdd,
Billed Duration for Request 8eb5d130-5c28-404f-bfc8-efcd6eec8bdd: 2088 ms
Input: 5750000,
Cold Start: false
Unique ID: 94dcbe97-d117-4144-a7b1-1971dd1563c0,
Billed Duration for Request 94dcbe97-d117-4144-a7b1-1971dd1563c0: 2164 ms
Input: 5750000,
Cold Start: false
Unique ID: 3df8b08e-b905-473c-a326-6cc76e4650db,
Billed Duration for Request 3df8b08e-b905-473c-a326-6cc76e4650db: 2064 ms
Input: 5750000,
Cold Start: false
Unique ID: 5e9dc154-e054-47e5-9b24-cbeed33e903a,
Billed Duration for Request 5e9dc154-e054-47e5-9b24-cbeed33e903a: 2098 ms
Input: 5750000,
Cold Start: false
Unique ID: 5280f942-3bf9-4810-b97a-1396cec6db83,
Billed Duration for Request 5280f942-3bf9-4810-b97a-1396cec6db83: 2127 ms
Input: 5750000,
Cold Start: false
Unique ID: 0283f379-ccff-4987-b5e3-eb8d5835e64e,
Billed Duration for Request 0283f379-ccff-4987-b5e3-eb8d5835e64e: 2097 ms
Input: 5750000,
Cold Start: false
Unique ID: f174121d-cd28-4651-83ae-716d61b6200a,
Billed Duration for Request f174121d-cd28-4651-83ae-716d61b6200a: 2022 ms
Input: 5750000,
Cold Start: false
Unique ID: 7a3992b4-140b-4bd2-be11-a846ec3e74eb,
Billed Duration for Request 7a3992b4-140b-4bd2-be11-a846ec3e74eb: 2016 ms
Input: 5750000,
Cold Start: false
Unique ID: eaac7cdd-ea15-4338-b2ab-e9c5db675eaa,
Billed Duration for Request eaac7cdd-ea15-4338-b2ab-e9c5db675eaa: 2107 ms
Input: 5750000,
Cold Start: false
Unique ID: a2627c9c-db94-4011-b7f3-01e7dae305c1,
Billed Duration for Request a2627c9c-db94-4011-b7f3-01e7dae305c1: 2114 ms
Input: 5750000,
Cold Start: false
Unique ID: 14764e07-5863-427c-b05a-7c1d15a373eb,
Billed Duration for Request 14764e07-5863-427c-b05a-7c1d15a373eb: 2142 ms
Input: 5750000,
Cold Start: false
Unique ID: 9373e61c-3939-4193-8610-4de85e2d1742,
Billed Duration for Request 9373e61c-3939-4193-8610-4de85e2d1742: 2114 ms
Input: 5750000,
Cold Start: false
Unique ID: 772ebfb4-fade-491c-94a0-bce112ec7c75,
Billed Duration for Request 772ebfb4-fade-491c-94a0-bce112ec7c75: 2071 ms
Input: 5750000,
Cold Start: false
Unique ID: 02d52778-8c63-4558-8605-15de1cff056b,
Billed Duration for Request 02d52778-8c63-4558-8605-15de1cff056b: 2145 ms
Input: 5750000,
Cold Start: false
Unique ID: edb5caba-2208-4883-af23-f1b186a9ebd1,
Billed Duration for Request edb5caba-2208-4883-af23-f1b186a9ebd1: 2012 ms
Input: 5750000,
Cold Start: false
Unique ID: 1bc47c1f-feda-42f8-bf43-481db4887eaa,
Billed Duration for Request 1bc47c1f-feda-42f8-bf43-481db4887eaa: 2119 ms
Input: 5750000,
Cold Start: false
Unique ID: 7723ea7b-1701-47fa-9b33-2db93e7eab21,
Billed Duration for Request 7723ea7b-1701-47fa-9b33-2db93e7eab21: 2110 ms
Input: 5750000,
Cold Start: false
Unique ID: 1b64bf8e-5828-4ffa-90e5-74e8e1a4bcf9,
Billed Duration for Request 1b64bf8e-5828-4ffa-90e5-74e8e1a4bcf9: 2038 ms
Input: 5750000,
Cold Start: false
Unique ID: 5317408d-7dba-4658-b711-ccd6247271f9,
Billed Duration for Request 5317408d-7dba-4658-b711-ccd6247271f9: 2103 ms
Input: 5750000,
Cold Start: false
Unique ID: cf501195-bc4c-4238-aa46-6943610fb56e,
Billed Duration for Request cf501195-bc4c-4238-aa46-6943610fb56e: 2098 ms
Input: 5750000,
Cold Start: false
Unique ID: f2e8a2f0-63e9-4a3e-8260-fe7040355910,
Billed Duration for Request f2e8a2f0-63e9-4a3e-8260-fe7040355910: 2101 ms
Input: 5750000,
Cold Start: false
Unique ID: a58c0487-bc32-4471-8acf-68d2de6e5486,
Billed Duration for Request a58c0487-bc32-4471-8acf-68d2de6e5486: 2073 ms
Input: 5750000,
Cold Start: false
Unique ID: af3e5b84-9d6e-4263-b5ba-b4ca788d4c2b,
Billed Duration for Request af3e5b84-9d6e-4263-b5ba-b4ca788d4c2b: 2123 ms
Input: 5750000,
Cold Start: false
Unique ID: 89151d05-5999-4b71-aa39-aa44f0be57b3,
Billed Duration for Request 89151d05-5999-4b71-aa39-aa44f0be57b3: 2108 ms
Input: 5750000,
Cold Start: false
Unique ID: bdff7e7c-a15d-4ff9-adb9-16972aa8874b,
Billed Duration for Request bdff7e7c-a15d-4ff9-adb9-16972aa8874b: 2027 ms
Input: 5750000,
Cold Start: false
Unique ID: d9d3cc0e-89d8-4cbe-a5c2-5d797618951b,
Billed Duration for Request d9d3cc0e-89d8-4cbe-a5c2-5d797618951b: 2039 ms
Input: 5750000,
Cold Start: false
Unique ID: 2e5807ca-b866-46ad-8255-cb19e7947712,
Billed Duration for Request 2e5807ca-b866-46ad-8255-cb19e7947712: 2124 ms
Input: 5750000,
Cold Start: false
Unique ID: 9bcf4ba8-cdd0-4d8b-ab97-cd5190e7497b,
Billed Duration for Request 9bcf4ba8-cdd0-4d8b-ab97-cd5190e7497b: 2098 ms
Input: 5750000,
Cold Start: false
Unique ID: 3d21a47c-d10d-408d-bbf8-42fe69b6cfe8,
Billed Duration for Request 3d21a47c-d10d-408d-bbf8-42fe69b6cfe8: 2155 ms
Input: 5750000,
Cold Start: false
Unique ID: 0cc4b7c3-37e9-422f-b721-62bc5cd6b141,
Billed Duration for Request 0cc4b7c3-37e9-422f-b721-62bc5cd6b141: 2089 ms
Input: 5750000,
Cold Start: false
Unique ID: 7c405337-f35c-42da-9792-491a7cdfa6af,
Billed Duration for Request 7c405337-f35c-42da-9792-491a7cdfa6af: 2089 ms
Input: 5750000,
Cold Start: false
Unique ID: 4bb33528-e49b-49f4-a86a-e6571f887238,
Billed Duration for Request 4bb33528-e49b-49f4-a86a-e6571f887238: 2116 ms
Input: 5750000,
Cold Start: false
Unique ID: c57254d9-71ef-4ab1-bd61-838fbcec7c15,
Billed Duration for Request c57254d9-71ef-4ab1-bd61-838fbcec7c15: 2134 ms
Input: 5750000,
Cold Start: false
Unique ID: 2c22890b-59ca-44d9-a5de-325eed2817c6,
Billed Duration for Request 2c22890b-59ca-44d9-a5de-325eed2817c6: 2087 ms
Input: 5750000,
Cold Start: false
Unique ID: f94068cb-c4b8-44fc-8454-e7eaefd23f28,
Billed Duration for Request f94068cb-c4b8-44fc-8454-e7eaefd23f28: 2046 ms
Input: 5750000,
Cold Start: false
Unique ID: 72ca406f-ea7c-43b8-904f-1f567b760e60,
Billed Duration for Request 72ca406f-ea7c-43b8-904f-1f567b760e60: 2103 ms
Input: 5750000,
Cold Start: false
Unique ID: 703a2e1a-d75b-4274-a9bd-9b1c5f3effe0,
Billed Duration for Request 703a2e1a-d75b-4274-a9bd-9b1c5f3effe0: 2162 ms
Input: 5750000,
Cold Start: false
Unique ID: 928cc8a5-c777-4791-b044-c590102c5b4b,
Billed Duration for Request 928cc8a5-c777-4791-b044-c590102c5b4b: 2071 ms
Input: 5750000,
Cold Start: false
Unique ID: 1b195373-1dfa-4269-99b1-5dc5538b2b9f,
Billed Duration for Request 1b195373-1dfa-4269-99b1-5dc5538b2b9f: 2107 ms
Input: 5750000,
Cold Start: false
Unique ID: e88dd0a7-758e-4831-bdc0-4b2542d7147b,
Billed Duration for Request e88dd0a7-758e-4831-bdc0-4b2542d7147b: 2045 ms
Input: 5750000,
Cold Start: false
Unique ID: 9494029b-189d-4011-b85d-f3d7cbd9a0bd,
Billed Duration for Request 9494029b-189d-4011-b85d-f3d7cbd9a0bd: 2098 ms
Input: 5750000,
Cold Start: false
Unique ID: 54d40075-f609-412b-952a-f6af41f2e453,
Billed Duration for Request 54d40075-f609-412b-952a-f6af41f2e453: 2030 ms
Input: 5750000,
Cold Start: false
Unique ID: 7857c60a-0158-418b-9e7f-bbf7145ad923,
Billed Duration for Request 7857c60a-0158-418b-9e7f-bbf7145ad923: 2119 ms
Input: 5750000,
Cold Start: false
Unique ID: 68985fc5-7fed-4329-85cd-04ef0c86461b,
Billed Duration for Request 68985fc5-7fed-4329-85cd-04ef0c86461b: 2105 ms
Input: 5750000,
Cold Start: false
Unique ID: 8efc7dd5-d65d-4494-84b0-7d3da986c361,
Billed Duration for Request 8efc7dd5-d65d-4494-84b0-7d3da986c361: 2121 ms
Input: 5750000,
Cold Start: false
Unique ID: a2e02373-16b4-4f27-b1a1-415b316b5b81,
Billed Duration for Request a2e02373-16b4-4f27-b1a1-415b316b5b81: 2103 ms
Input: 5750000,
Cold Start: false
Unique ID: 28a6b4c1-acfe-40d6-9d96-71349943d03e,
Billed Duration for Request 28a6b4c1-acfe-40d6-9d96-71349943d03e: 2098 ms
Input: 5750000,
Cold Start: false
Unique ID: ea2954c2-0449-4d4a-819b-16830c4039aa,
Billed Duration for Request ea2954c2-0449-4d4a-819b-16830c4039aa: 2038 ms
Input: 5750000,
Cold Start: false
Unique ID: 9cd15621-eeaa-473a-90a8-f54030e83ae1,
Billed Duration for Request 9cd15621-eeaa-473a-90a8-f54030e83ae1: 2098 ms
Input: 5750000,
Cold Start: false
Unique ID: 4a3cc805-781e-418b-8bcd-f769dd716b66,
Billed Duration for Request 4a3cc805-781e-418b-8bcd-f769dd716b66: 2071 ms
Input: 5750000,
Cold Start: false
Unique ID: a438882e-d859-4c1f-9870-12a91ef2de41,
Billed Duration for Request a438882e-d859-4c1f-9870-12a91ef2de41: 2038 ms
Input: 5750000,
Cold Start: false
Unique ID: 8fad1690-8a73-44a9-86fc-10414ae5194d,
Billed Duration for Request 8fad1690-8a73-44a9-86fc-10414ae5194d: 2108 ms
Input: 5750000,
Cold Start: false
Unique ID: 7ec2a92d-82f5-456a-8db2-8d87271e8622,
Billed Duration for Request 7ec2a92d-82f5-456a-8db2-8d87271e8622: 2092 ms
Input: 5750000,
Cold Start: false
Unique ID: 6d8f583a-98e6-4531-a07d-98b8d4e24e7d,
Billed Duration for Request 6d8f583a-98e6-4531-a07d-98b8d4e24e7d: 2130 ms
Input: 5750000,
Cold Start: false
Unique ID: a8a37d17-c2ad-4be3-94f3-4ab7a7c838f3,
Billed Duration for Request a8a37d17-c2ad-4be3-94f3-4ab7a7c838f3: 2149 ms
Input: 5750000,
Cold Start: false
Unique ID: 9b5bfe39-69f7-4f82-b0cf-977c107f11ba,
Billed Duration for Request 9b5bfe39-69f7-4f82-b0cf-977c107f11ba: 2109 ms
Input: 5750000,
Cold Start: false
Unique ID: 569e4e7a-ca07-4c8a-8573-5959c1571dd5,
Billed Duration for Request 569e4e7a-ca07-4c8a-8573-5959c1571dd5: 2091 ms
Input: 5750000,
Cold Start: false
Unique ID: f97f2759-9b76-46ac-a289-937d1381f21a,
Billed Duration for Request f97f2759-9b76-46ac-a289-937d1381f21a: 2014 ms
Input: 5750000,
Cold Start: false
Unique ID: d78ba282-d5ab-48b6-ae9f-d922abcd96cf,
Billed Duration for Request d78ba282-d5ab-48b6-ae9f-d922abcd96cf: 2028 ms
Input: 5750000,
Cold Start: false
Unique ID: 1f2d7294-e0d8-4a39-8e35-60a69954ada4,
Billed Duration for Request 1f2d7294-e0d8-4a39-8e35-60a69954ada4: 2105 ms
Input: 5750000,
Cold Start: false
Unique ID: 3d941e66-73d1-4ee3-b752-8f645b8fa69e,
Billed Duration for Request 3d941e66-73d1-4ee3-b752-8f645b8fa69e: 2098 ms
Input: 5750000,
Cold Start: false
Unique ID: fbe2fa7f-00a6-471a-b017-8ec977ccda19,
Billed Duration for Request fbe2fa7f-00a6-471a-b017-8ec977ccda19: 2082 ms
Input: 5750000,
Cold Start: false
Unique ID: 41ef2e29-08dc-43cc-b225-f4e042defc7f,
Billed Duration for Request 41ef2e29-08dc-43cc-b225-f4e042defc7f: 2128 ms
Input: 5750000,
Cold Start: false
Unique ID: 47bf55d8-bcb7-4b24-be0c-69abc62eb0d0,
Billed Duration for Request 47bf55d8-bcb7-4b24-be0c-69abc62eb0d0: 2120 ms
Input: 5750000,
Cold Start: false
Unique ID: bf0b7400-b9c0-4261-80d9-8fb15d6105cd,
Billed Duration for Request bf0b7400-b9c0-4261-80d9-8fb15d6105cd: 2068 ms
Input: 5750000,
Cold Start: false
Unique ID: 3ace56d3-a631-4337-86d3-f7bc8a2f2529,
Billed Duration for Request 3ace56d3-a631-4337-86d3-f7bc8a2f2529: 2159 ms
Input: 5750000,
Cold Start: false
Unique ID: e4d2d612-9e57-493d-8cc1-b8fa7881fef9,
Billed Duration for Request e4d2d612-9e57-493d-8cc1-b8fa7881fef9: 2022 ms
Input: 5750000,
Cold Start: false
Unique ID: 3f1a7cab-c2ca-4409-85e6-b92a228635b3,
Billed Duration for Request 3f1a7cab-c2ca-4409-85e6-b92a228635b3: 2089 ms
Input: 5750000,
Cold Start: false
Unique ID: a96b92c6-4821-4fc4-b736-38bd8452f7c3,
Billed Duration for Request a96b92c6-4821-4fc4-b736-38bd8452f7c3: 2047 ms
Input: 5750000,
Cold Start: false
Unique ID: aa3a3302-31bc-418b-bf48-4e84ac32153a,
Billed Duration for Request aa3a3302-31bc-418b-bf48-4e84ac32153a: 2094 ms
Input: 5750000,
Cold Start: false
Unique ID: 49a07a5d-99e1-4ad5-8a77-f83b4fa91efb,
Billed Duration for Request 49a07a5d-99e1-4ad5-8a77-f83b4fa91efb: 2100 ms
Input: 5750000,
Cold Start: false
Unique ID: 3a26b22f-80b3-48f4-b163-735ef5d02b80,
Billed Duration for Request 3a26b22f-80b3-48f4-b163-735ef5d02b80: 2136 ms
Input: 5750000,
Cold Start: false
Unique ID: a4ff0d26-d42f-4f9e-9ca3-7e47e07a7254,
Billed Duration for Request a4ff0d26-d42f-4f9e-9ca3-7e47e07a7254: 2119 ms
Input: 5750000,
Cold Start: false
Unique ID: c45dc208-d0d3-4e48-88fc-f75fd528dcb6,
Billed Duration for Request c45dc208-d0d3-4e48-88fc-f75fd528dcb6: 2119 ms
Input: 5750000,
Cold Start: false
Unique ID: 53a77e49-1442-47a3-82f9-ee9d5c5a9394,
Billed Duration for Request 53a77e49-1442-47a3-82f9-ee9d5c5a9394: 2104 ms
Input: 5750000,
Cold Start: false
Unique ID: 0505dd77-16d0-4141-acea-54b9387f485d,
Billed Duration for Request 0505dd77-16d0-4141-acea-54b9387f485d: 1998 ms
Input: 5750000,
Cold Start: false
Unique ID: 2ce37f70-afe8-451c-9e49-9f0a24e3f7d8,
Billed Duration for Request 2ce37f70-afe8-451c-9e49-9f0a24e3f7d8: 2104 ms
Input: 5750000,
Cold Start: false
Unique ID: 912fe012-81fe-4207-9bdc-16c3c41f8083,
Billed Duration for Request 912fe012-81fe-4207-9bdc-16c3c41f8083: 2022 ms
Input: 5750000,
Cold Start: false
Unique ID: d880a129-d938-45bc-80a9-a0bf1902b5b8,
Billed Duration for Request d880a129-d938-45bc-80a9-a0bf1902b5b8: 2148 ms
Input: 5750000,
Cold Start: false
Unique ID: 81468511-6a5d-44ee-b984-2b8ddc9f18e6,
Billed Duration for Request 81468511-6a5d-44ee-b984-2b8ddc9f18e6: 2092 ms
Input: 5750000,
Cold Start: false
Unique ID: 966ced05-67ec-47f4-a238-d800be67b318,
Billed Duration for Request 966ced05-67ec-47f4-a238-d800be67b318: 2091 ms
Input: 5750000,
Cold Start: false
Unique ID: 033d2080-c0f3-430f-922a-cc06846e81d9,
Billed Duration for Request 033d2080-c0f3-430f-922a-cc06846e81d9: 2100 ms
Input: 5750000,
Cold Start: false
Unique ID: 05462f8b-f5c7-4b16-9d85-9f6fa3ff43ab,
Billed Duration for Request 05462f8b-f5c7-4b16-9d85-9f6fa3ff43ab: 2135 ms
Input: 5750000,
Cold Start: false
Unique ID: dec3270f-9cbb-4612-800d-58c57b2b6f45,
Billed Duration for Request dec3270f-9cbb-4612-800d-58c57b2b6f45: 2122 ms
Input: 5750000,
Cold Start: false
Unique ID: 57f63a1c-43e1-494f-8370-e1b71e2c3a0e,
Billed Duration for Request 57f63a1c-43e1-494f-8370-e1b71e2c3a0e: 2098 ms
Input: 5750000,
Cold Start: false
Unique ID: e6395b0d-cf87-41f8-84bc-42e0167bd18c,
Billed Duration for Request e6395b0d-cf87-41f8-84bc-42e0167bd18c: 1989 ms
Input: 5750000,
Cold Start: false
Unique ID: f7f8ce79-44e7-4dc6-961b-36b8748eb196,
Billed Duration for Request f7f8ce79-44e7-4dc6-961b-36b8748eb196: 2107 ms
Input: 5750000,
Cold Start: false
Unique ID: 09f3dfb5-0d33-49c1-939b-a49b5c298580,
Billed Duration for Request 09f3dfb5-0d33-49c1-939b-a49b5c298580: 2112 ms
Input: 5750000,
Cold Start: false
Unique ID: c30507d9-a33f-4692-ae0d-ca21ea0edc48,
Billed Duration for Request c30507d9-a33f-4692-ae0d-ca21ea0edc48: 2022 ms
Input: 5750000,
Cold Start: false
Unique ID: 01924c2b-a19d-435c-a649-f1fdfc284be9,
Billed Duration for Request 01924c2b-a19d-435c-a649-f1fdfc284be9: 2133 ms
Input: 5750000,
Cold Start: false
Unique ID: b4cbc2fb-1e02-41a9-941d-57af81cf11fe,
Billed Duration for Request b4cbc2fb-1e02-41a9-941d-57af81cf11fe: 2072 ms
Input: 5750000,
Cold Start: false
Unique ID: 64b6ba31-3a9f-43d3-b4a0-eee7eb7b727d,
Billed Duration for Request 64b6ba31-3a9f-43d3-b4a0-eee7eb7b727d: 2091 ms
Input: 5750000,
Cold Start: false
Unique ID: 22a5ba8c-66e9-419f-a4f1-45d9106895b9,
Billed Duration for Request 22a5ba8c-66e9-419f-a4f1-45d9106895b9: 2103 ms
Input: 5750000,
Cold Start: false
Unique ID: 513646ad-f7f1-4fb3-b961-4534c3ff9c68,
Billed Duration for Request 513646ad-f7f1-4fb3-b961-4534c3ff9c68: 2117 ms
Input: 5750000,
Cold Start: false
Unique ID: 732b3eba-f094-4a1f-ae97-2e8c70377456,
Billed Duration for Request 732b3eba-f094-4a1f-ae97-2e8c70377456: 2000 ms
Input: 5750000,
Cold Start: false
Unique ID: 5876195e-c21c-408a-8621-347dbbd857fa,
Billed Duration for Request 5876195e-c21c-408a-8621-347dbbd857fa: 2091 ms
Input: 5750000,
Cold Start: false
Unique ID: d933159b-bcf0-47b7-b373-ad22807af31c,
Billed Duration for Request d933159b-bcf0-47b7-b373-ad22807af31c: 2075 ms
Input: 5750000,
Cold Start: false
Unique ID: 5002704d-6c2e-4f4a-9858-3af8d7acb7e8,
Billed Duration for Request 5002704d-6c2e-4f4a-9858-3af8d7acb7e8: 2054 ms
Input: 5750000,
Cold Start: false
Unique ID: 13f97703-16c2-4d1f-a717-72ce0fa57224,
Billed Duration for Request 13f97703-16c2-4d1f-a717-72ce0fa57224: 2035 ms
Input: 5750000,
Cold Start: false
Unique ID: f93ed44f-8bf6-401f-bcf7-68d2ba721e05,
Billed Duration for Request f93ed44f-8bf6-401f-bcf7-68d2ba721e05: 2129 ms
Input: 5750000,
Cold Start: false
Unique ID: 4079d030-dee5-43cf-909c-5b6ddf27ea8c,
Billed Duration for Request 4079d030-dee5-43cf-909c-5b6ddf27ea8c: 2081 ms
Input: 5750000,
Cold Start: false
Unique ID: 15603629-52d1-46f4-a388-a7b68bc5a9c1,
Billed Duration for Request 15603629-52d1-46f4-a388-a7b68bc5a9c1: 2115 ms
Input: 5750000,
Cold Start: false
Unique ID: 68b52ce5-07bd-4c20-885b-7747f49f6b72,
Billed Duration for Request 68b52ce5-07bd-4c20-885b-7747f49f6b72: 1989 ms
Input: 5750000,
Cold Start: false
Unique ID: 79c9063c-e480-434c-8d6d-b4d18fe9aef7,
Billed Duration for Request 79c9063c-e480-434c-8d6d-b4d18fe9aef7: 2098 ms
Input: 5750000,
Cold Start: false
Unique ID: beec5907-1bf3-487c-bc1e-f99478b652c2,
Billed Duration for Request beec5907-1bf3-487c-bc1e-f99478b652c2: 2108 ms
Input: 5750000,
Cold Start: false
Unique ID: ff04c3e3-3302-4065-b292-b9cb88574515,
Billed Duration for Request ff04c3e3-3302-4065-b292-b9cb88574515: 2118 ms
Input: 5750000,
Cold Start: false
Unique ID: cac748eb-7809-4566-8558-380d44f65c00,
Billed Duration for Request cac748eb-7809-4566-8558-380d44f65c00: 2095 ms
Input: 5750000,
Cold Start: false
Unique ID: 1febeb9a-7511-4059-a33a-f0aafb7eac71,
Billed Duration for Request 1febeb9a-7511-4059-a33a-f0aafb7eac71: 2021 ms
Input: 5750000,
Cold Start: false
Unique ID: e830c270-c159-4dbf-9db5-d4491131f8b5,
Billed Duration for Request e830c270-c159-4dbf-9db5-d4491131f8b5: 2124 ms
Input: 5750000,
Cold Start: false
Unique ID: 275d12fb-5a27-4b21-8973-f10082b4d5e8,
Billed Duration for Request 275d12fb-5a27-4b21-8973-f10082b4d5e8: 2092 ms
Input: 5750000,
Cold Start: false
Unique ID: 0cbe23c5-3245-438c-bc4d-e1456b7b63cc,
Billed Duration for Request 0cbe23c5-3245-438c-bc4d-e1456b7b63cc: 2012 ms
Input: 5750000,
Cold Start: false
Unique ID: 546abfc7-0254-4f9b-b21b-9f4a70140a99,
Billed Duration for Request 546abfc7-0254-4f9b-b21b-9f4a70140a99: 2096 ms
Input: 5750000,
Cold Start: false
Unique ID: d9fed5d1-c451-4dba-8c1f-7ebd5ac895d8,
Billed Duration for Request d9fed5d1-c451-4dba-8c1f-7ebd5ac895d8: 2051 ms
Input: 5750000,
Cold Start: false
Unique ID: 2d36bead-7896-4995-9edc-5b187174c2c8,
Billed Duration for Request 2d36bead-7896-4995-9edc-5b187174c2c8: 2113 ms
Input: 5750000,
Cold Start: false
Unique ID: f9b013ab-8ca5-4e46-a638-fcc34d749bbb,
Billed Duration for Request f9b013ab-8ca5-4e46-a638-fcc34d749bbb: 2103 ms
Input: 5750000,
Cold Start: false
Unique ID: 6afb8bdc-efda-495c-8e23-b1e4121fe471,
Billed Duration for Request 6afb8bdc-efda-495c-8e23-b1e4121fe471: 2093 ms
Input: 5750000,
Cold Start: false
Unique ID: ef2ce5b3-0587-4873-a5b3-d48edf290fea,
Billed Duration for Request ef2ce5b3-0587-4873-a5b3-d48edf290fea: 2129 ms
Input: 5750000,
Cold Start: false
Unique ID: 1584e27b-a7a4-4f79-92e8-164227397b11,
Billed Duration for Request 1584e27b-a7a4-4f79-92e8-164227397b11: 2029 ms
Input: 5750000,
Cold Start: false
Unique ID: 2207bbf0-4a54-45fc-9dfe-52fcffd7ca2e,
Billed Duration for Request 2207bbf0-4a54-45fc-9dfe-52fcffd7ca2e: 2145 ms
Input: 5750000,
Cold Start: false
Unique ID: 4e19d61e-b335-4b6f-9e30-d190ec6aca2c,
Billed Duration for Request 4e19d61e-b335-4b6f-9e30-d190ec6aca2c: 2024 ms
Input: 5750000,
Cold Start: false
Unique ID: 024f3b99-20f2-4e19-902a-c84058003117,
Billed Duration for Request 024f3b99-20f2-4e19-902a-c84058003117: 2096 ms
Input: 5750000,
Cold Start: false
Unique ID: 6ac0b7b8-d5f5-42c3-afeb-1c45c51f608b,
Billed Duration for Request 6ac0b7b8-d5f5-42c3-afeb-1c45c51f608b: 2076 ms
Input: 5750000,
Cold Start: false
Unique ID: 02af3edf-0750-4e39-8e97-6c7ce323d492,
Billed Duration for Request 02af3edf-0750-4e39-8e97-6c7ce323d492: 2126 ms
Input: 5750000,
Cold Start: false
Unique ID: 96e6c80b-7ff0-4f07-b496-a1418848cd53,
Billed Duration for Request 96e6c80b-7ff0-4f07-b496-a1418848cd53: 2085 ms
Input: 5750000,
Cold Start: false
Unique ID: 98238ca4-3ab8-4610-a88b-e3d9df55ec50,
Billed Duration for Request 98238ca4-3ab8-4610-a88b-e3d9df55ec50: 2095 ms
Input: 5750000,
Cold Start: false
Unique ID: 7643f150-207d-4167-9bb9-bbdba8a30c01,
Billed Duration for Request 7643f150-207d-4167-9bb9-bbdba8a30c01: 2079 ms
Input: 5750000,
Cold Start: false
Unique ID: 859b96c0-52ba-4cf5-9889-8bced5a5d403,
Billed Duration for Request 859b96c0-52ba-4cf5-9889-8bced5a5d403: 2041 ms
Input: 5750000,
Cold Start: false
Unique ID: 895d8d9d-3fb9-4920-8f8b-4a66f881273a,
Billed Duration for Request 895d8d9d-3fb9-4920-8f8b-4a66f881273a: 1990 ms
Input: 5750000,
Cold Start: false
Unique ID: fd330ecb-fe80-4bfb-b4ef-e2501293089d,
Billed Duration for Request fd330ecb-fe80-4bfb-b4ef-e2501293089d: 2125 ms
Input: 5750000,
Cold Start: false
Unique ID: 7d7fd2a7-c2de-4236-a9fe-23658339116c,
Billed Duration for Request 7d7fd2a7-c2de-4236-a9fe-23658339116c: 2123 ms
Input: 5750000,
Cold Start: false
Unique ID: 9dc9e6ca-fb6f-4665-b380-dc1437629d4b,
Billed Duration for Request 9dc9e6ca-fb6f-4665-b380-dc1437629d4b: 2104 ms
Input: 5750000,
Cold Start: false
Unique ID: 3071621f-64e5-492a-b3da-20ed963554d0,
Billed Duration for Request 3071621f-64e5-492a-b3da-20ed963554d0: 2086 ms
Input: 5750000,
Cold Start: false
Unique ID: 846d274d-97ad-408c-86c4-0faf77d21376,
Billed Duration for Request 846d274d-97ad-408c-86c4-0faf77d21376: 2092 ms
Input: 5750000,
Cold Start: false
Unique ID: 13d1e68f-2381-4ff4-a183-baa43fb65e58,
Billed Duration for Request 13d1e68f-2381-4ff4-a183-baa43fb65e58: 2080 ms
Input: 5750000,
Cold Start: false
Unique ID: 411b9752-73b2-4c23-bb48-37b344a50c61,
Billed Duration for Request 411b9752-73b2-4c23-bb48-37b344a50c61: 2122 ms
Input: 5750000,
Cold Start: false
Unique ID: c04e1896-6fcc-44e7-a080-b4e3c053fc18,
Billed Duration for Request c04e1896-6fcc-44e7-a080-b4e3c053fc18: 2099 ms
Input: 5750000,
Cold Start: false
Unique ID: 6cc60bb0-b92a-4552-982b-3be5d8c49741,
Billed Duration for Request 6cc60bb0-b92a-4552-982b-3be5d8c49741: 2032 ms
Input: 5750000,
Cold Start: false
Unique ID: a7291541-9905-45ea-b88c-b83dbffc3955,
Billed Duration for Request a7291541-9905-45ea-b88c-b83dbffc3955: 2008 ms
Input: 5750000,
Cold Start: false
Unique ID: dc81cbed-e7ea-4d66-8710-5309672fe7c5,
Billed Duration for Request dc81cbed-e7ea-4d66-8710-5309672fe7c5: 2151 ms
Input: 5750000,
Cold Start: false
Unique ID: 67a661fb-c3f3-473b-89d8-c1abe70ef5a9,
Billed Duration for Request 67a661fb-c3f3-473b-89d8-c1abe70ef5a9: 2123 ms
Input: 5750000,
Cold Start: false
Unique ID: cff710b7-2895-4606-81c4-23bb0fcf2d44,
Billed Duration for Request cff710b7-2895-4606-81c4-23bb0fcf2d44: 2094 ms
Input: 5750000,
Cold Start: false
Unique ID: 47a935d6-4c50-4712-aa26-5118eed31881,
Billed Duration for Request 47a935d6-4c50-4712-aa26-5118eed31881: 2068 ms
Input: 5750000,
Cold Start: false
Unique ID: 375905f5-05cb-4e44-a8fb-290977f387b7,
Billed Duration for Request 375905f5-05cb-4e44-a8fb-290977f387b7: 2041 ms
Input: 5750000,
Cold Start: false
Unique ID: 0096857a-aa8f-4814-a016-05793b19b429,
Billed Duration for Request 0096857a-aa8f-4814-a016-05793b19b429: 2094 ms
Input: 5750000,
Cold Start: false
Unique ID: 31fa694c-cdb9-44f1-b51f-a2fb8bdce471,
Billed Duration for Request 31fa694c-cdb9-44f1-b51f-a2fb8bdce471: 2015 ms
Input: 5750000,
Cold Start: false
Unique ID: 96f053d0-08b2-435c-80cd-838da26fd76c,
Billed Duration for Request 96f053d0-08b2-435c-80cd-838da26fd76c: 2096 ms
Input: 5750000,
Cold Start: false
Unique ID: 5e7cbaec-6ca3-4259-a26f-1bb516e7d1c4,
Billed Duration for Request 5e7cbaec-6ca3-4259-a26f-1bb516e7d1c4: 2003 ms
Input: 5750000,
Cold Start: false
Unique ID: eae8e93e-ea1c-49fd-a3d0-bc0cb58ae140,
Billed Duration for Request eae8e93e-ea1c-49fd-a3d0-bc0cb58ae140: 2109 ms
Input: 5750000,
Cold Start: false
Unique ID: c96f09e6-c7da-4617-bd4e-6dfbafcc89df,
Billed Duration for Request c96f09e6-c7da-4617-bd4e-6dfbafcc89df: 2107 ms
Input: 5750000,
Cold Start: false
Unique ID: adb54871-d83a-41a6-964b-215d2b2581c5,
Billed Duration for Request adb54871-d83a-41a6-964b-215d2b2581c5: 2155 ms
Input: 5750000,
Cold Start: false
Unique ID: d4fb74be-75b2-4043-9508-baf51c3361b1,
Billed Duration for Request d4fb74be-75b2-4043-9508-baf51c3361b1: 2124 ms
Input: 5750000,
Cold Start: false
Unique ID: f85c3c55-e22b-4c28-bcac-6afca11023a1,
Billed Duration for Request f85c3c55-e22b-4c28-bcac-6afca11023a1: 2088 ms
Input: 5750000,
Cold Start: false
Unique ID: d5acc1bb-3544-4105-94bc-d5c0b8072296,
Billed Duration for Request d5acc1bb-3544-4105-94bc-d5c0b8072296: 2023 ms
Input: 5750000,
Cold Start: false
Unique ID: e5dd1b96-92fd-49a1-8f59-95c1bb3909fe,
Billed Duration for Request e5dd1b96-92fd-49a1-8f59-95c1bb3909fe: 2106 ms
Input: 5750000,
Cold Start: false
Unique ID: 6b04bd0a-c255-4966-9ac0-21a103391d32,
Billed Duration for Request 6b04bd0a-c255-4966-9ac0-21a103391d32: 2084 ms
Input: 5750000,
Cold Start: false
Unique ID: 722e25a7-a0f3-4ac6-bbfb-f1f0e3ba3226,
Billed Duration for Request 722e25a7-a0f3-4ac6-bbfb-f1f0e3ba3226: 1992 ms
Input: 5750000,
Cold Start: false
Unique ID: f0191991-d50b-4184-81f3-73a5cae239a9,
Billed Duration for Request f0191991-d50b-4184-81f3-73a5cae239a9: 2112 ms
Input: 5750000,
Cold Start: false
Unique ID: 8282e561-b6fc-473d-90e6-cba8d5a60bf6,
Billed Duration for Request 8282e561-b6fc-473d-90e6-cba8d5a60bf6: 2072 ms
Input: 5750000,
Cold Start: false
Unique ID: 4c305798-f367-458d-9397-98d8fe66f2f5,
Billed Duration for Request 4c305798-f367-458d-9397-98d8fe66f2f5: 2141 ms
Input: 5750000,
Cold Start: false
Unique ID: 1f8be62e-3798-41c7-90af-75edc80039cf,
Billed Duration for Request 1f8be62e-3798-41c7-90af-75edc80039cf: 2098 ms
Input: 5750000,
Cold Start: false
Unique ID: 9aa4f214-d8d9-4ab9-8567-15cd89cc2b64,
Billed Duration for Request 9aa4f214-d8d9-4ab9-8567-15cd89cc2b64: 2079 ms
Input: 5750000,
Cold Start: false
Unique ID: 3cfeb897-12d8-4603-928f-ee55b0060cad,
Billed Duration for Request 3cfeb897-12d8-4603-928f-ee55b0060cad: 2021 ms
Input: 5750000,
Cold Start: false
Unique ID: 06876b98-4278-4b38-8553-d49664338147,
Billed Duration for Request 06876b98-4278-4b38-8553-d49664338147: 2118 ms
Input: 5750000,
Cold Start: false
Unique ID: 488e35e6-8f60-41a7-b323-481815ba49cb,
Billed Duration for Request 488e35e6-8f60-41a7-b323-481815ba49cb: 2201 ms
Input: 5750000,
Cold Start: false
Unique ID: 0c475f24-2034-4143-8dfc-68c6133fe29c,
Billed Duration for Request 0c475f24-2034-4143-8dfc-68c6133fe29c: 2060 ms
Input: 5750000,
Cold Start: false
Unique ID: eac32692-29d7-4ea0-b026-9e90f7ca24ef,
Billed Duration for Request eac32692-29d7-4ea0-b026-9e90f7ca24ef: 2096 ms
Input: 5750000,
Cold Start: false
Unique ID: cedc4b73-df23-442d-84be-21657d3303a5,
Billed Duration for Request cedc4b73-df23-442d-84be-21657d3303a5: 2033 ms
Input: 5750000,
Cold Start: false
Unique ID: bf0174fa-845c-4ed0-9c12-b906c1ab5b7b,
Billed Duration for Request bf0174fa-845c-4ed0-9c12-b906c1ab5b7b: 2096 ms
Input: 5750000,
Cold Start: false
Unique ID: 813cf77c-5ac6-4bbc-8365-cc19097b70f9,
Billed Duration for Request 813cf77c-5ac6-4bbc-8365-cc19097b70f9: 2120 ms
Input: 5750000,
Cold Start: false
Unique ID: 4c2b14c3-373c-4d7b-ab3f-c60985fb65ff,
Billed Duration for Request 4c2b14c3-373c-4d7b-ab3f-c60985fb65ff: 2076 ms
Input: 5750000,
Cold Start: false
Unique ID: 40bc267c-79a7-4227-82fa-51e555e14420,
Billed Duration for Request 40bc267c-79a7-4227-82fa-51e555e14420: 2074 ms
Input: 5750000,
Cold Start: false
Unique ID: 694ad26c-a0b0-492f-96c1-cac2ccec1367,
Billed Duration for Request 694ad26c-a0b0-492f-96c1-cac2ccec1367: 1991 ms
Input: 5750000,
Cold Start: false
Unique ID: e4b13880-4ad6-461f-81d6-56bdcec6ade2,
Billed Duration for Request e4b13880-4ad6-461f-81d6-56bdcec6ade2: 2115 ms
Input: 5750000,
Cold Start: false
Unique ID: 418a9b3e-cb2d-4f52-857b-a735f2847c2f,
Billed Duration for Request 418a9b3e-cb2d-4f52-857b-a735f2847c2f: 2023 ms
Input: 5750000,
Cold Start: false
Unique ID: dc5252f1-5d31-4d2a-84d9-18553410a1d0,
Billed Duration for Request dc5252f1-5d31-4d2a-84d9-18553410a1d0: 2219 ms
Input: 5750000,
Cold Start: false
Unique ID: 107fa7d4-6b70-4286-8d79-2d802c1e5dd2,
Billed Duration for Request 107fa7d4-6b70-4286-8d79-2d802c1e5dd2: 2107 ms
Input: 5750000,
Cold Start: false
Unique ID: fdc1071a-756c-469f-9e29-46b0a3d0dcc7,
Billed Duration for Request fdc1071a-756c-469f-9e29-46b0a3d0dcc7: 2088 ms
Input: 5750000,
Cold Start: false
Unique ID: 01af7376-64c2-44ec-a999-7ad9dedcf3d0,
Billed Duration for Request 01af7376-64c2-44ec-a999-7ad9dedcf3d0: 2052 ms
Input: 5750000,
Cold Start: false
Unique ID: 9ed67215-8614-48fc-af82-d9ce9916cefd,
Billed Duration for Request 9ed67215-8614-48fc-af82-d9ce9916cefd: 2131 ms
Input: 5750000,
Cold Start: false
Unique ID: 58f4e572-d034-4668-9d19-a6210b95bd20,
Billed Duration for Request 58f4e572-d034-4668-9d19-a6210b95bd20: 2004 ms
Input: 5750000,
Cold Start: false
Unique ID: 2f875947-bb75-4d0b-b5cc-4f9e6319fcd0,
Billed Duration for Request 2f875947-bb75-4d0b-b5cc-4f9e6319fcd0: 2064 ms
Input: 5750000,
Cold Start: false
Unique ID: 9b126494-2ccd-42bc-b45e-3dfad7c8eeee,
Billed Duration for Request 9b126494-2ccd-42bc-b45e-3dfad7c8eeee: 2113 ms
Input: 5750000,
Cold Start: false
Unique ID: a9236877-42bf-4ddd-9913-24953f264d19,
Billed Duration for Request a9236877-42bf-4ddd-9913-24953f264d19: 2106 ms
Input: 5750000,
Cold Start: false
Unique ID: 328902e9-cf15-49d9-8195-f6e47e3ad56f,
Billed Duration for Request 328902e9-cf15-49d9-8195-f6e47e3ad56f: 2092 ms
Input: 5750000,
Cold Start: false
Unique ID: b34195f2-11aa-40c0-a813-a60008c3ec1f,
Billed Duration for Request b34195f2-11aa-40c0-a813-a60008c3ec1f: 2089 ms
Input: 5750000,
Cold Start: false
Unique ID: bbfa7b62-4def-4700-804b-1807208c185e,
Billed Duration for Request bbfa7b62-4def-4700-804b-1807208c185e: 2072 ms
Input: 5750000,
Cold Start: false
Unique ID: a4d44e08-16fe-4548-8c1f-1a047edfc832,
Billed Duration for Request a4d44e08-16fe-4548-8c1f-1a047edfc832: 2021 ms
Input: 5750000,
Cold Start: false
Unique ID: 67a1312f-1764-460c-98c4-f654be577f7c,
Billed Duration for Request 67a1312f-1764-460c-98c4-f654be577f7c: 2215 ms
Input: 5750000,
Cold Start: false
Unique ID: 44c156cf-35d4-4287-b711-428f6a5b6848,
Billed Duration for Request 44c156cf-35d4-4287-b711-428f6a5b6848: 2119 ms
Input: 5750000,
Cold Start: false
Unique ID: 3e4cef22-7478-41fe-9a95-80eef72ba1ab,
Billed Duration for Request 3e4cef22-7478-41fe-9a95-80eef72ba1ab: 2076 ms
Input: 5750000,
Cold Start: false
Unique ID: e23bbd86-77ac-40bb-bf21-3d4dd91aeab0,
Billed Duration for Request e23bbd86-77ac-40bb-bf21-3d4dd91aeab0: 2114 ms
Input: 5750000,
Cold Start: false
Unique ID: c0f7c362-f245-4286-9ea6-8e549e32b4ba,
Billed Duration for Request c0f7c362-f245-4286-9ea6-8e549e32b4ba: 2007 ms
Input: 5750000,
Cold Start: false
Unique ID: f9fee542-31e3-4f40-a352-aa64c414f494,
Billed Duration for Request f9fee542-31e3-4f40-a352-aa64c414f494: 2110 ms
Input: 5750000,
Cold Start: false
Unique ID: c07b1da3-e0e1-4b86-9150-fcb8d5f34a5e,
Billed Duration for Request c07b1da3-e0e1-4b86-9150-fcb8d5f34a5e: 2099 ms
Input: 5750000,
Cold Start: false
Unique ID: 76b28f75-ffa8-4347-9e28-81402d772747,
Billed Duration for Request 76b28f75-ffa8-4347-9e28-81402d772747: 2110 ms
Input: 5750000,
Cold Start: false
Unique ID: b65c299a-779f-4e9c-a955-484c39897d47,
Billed Duration for Request b65c299a-779f-4e9c-a955-484c39897d47: 2013 ms
Input: 5750000,
Cold Start: false
Unique ID: abccc42f-fa03-4e91-8fd6-2a10c8086178,
Billed Duration for Request abccc42f-fa03-4e91-8fd6-2a10c8086178: 2075 ms
Input: 5750000,
Cold Start: false
Unique ID: e9312de5-7bc4-4788-9f19-d93770e26b72,
Billed Duration for Request e9312de5-7bc4-4788-9f19-d93770e26b72: 2203 ms
Input: 5750000,
Cold Start: false
Unique ID: a316bd39-8789-4832-b44a-10151a57d5e2,
Billed Duration for Request a316bd39-8789-4832-b44a-10151a57d5e2: 2113 ms
Input: 5750000,
Cold Start: false
Unique ID: 668c2d62-a1ed-4ed8-bda2-3fe517585eae,
Billed Duration for Request 668c2d62-a1ed-4ed8-bda2-3fe517585eae: 2112 ms
Input: 5750000,
Cold Start: false
Unique ID: cacfad88-723b-444d-bb1d-c300c9de581d,
Billed Duration for Request cacfad88-723b-444d-bb1d-c300c9de581d: 2077 ms
Input: 5750000,
Cold Start: false
Unique ID: 0157d778-9a65-40d3-8e81-92e580d74303,
Billed Duration for Request 0157d778-9a65-40d3-8e81-92e580d74303: 2040 ms
Input: 5750000,
Cold Start: false
Unique ID: 0ed9446f-6d2f-450e-85f7-af4cf0540626,
Billed Duration for Request 0ed9446f-6d2f-450e-85f7-af4cf0540626: 2124 ms
Input: 5750000,
Cold Start: false
Unique ID: 578ffaf5-4dbb-47d5-87e7-f8995d91dfbc,
Billed Duration for Request 578ffaf5-4dbb-47d5-87e7-f8995d91dfbc: 2016 ms
Input: 5750000,
Cold Start: false
Unique ID: d5191746-cf72-41a7-9b6d-85b8f3ff2810,
Billed Duration for Request d5191746-cf72-41a7-9b6d-85b8f3ff2810: 2111 ms
Input: 5750000,
Cold Start: false
Unique ID: 5d955699-6e92-46f3-8f64-70468801019b,
Billed Duration for Request 5d955699-6e92-46f3-8f64-70468801019b: 2082 ms
Input: 5750000,
Cold Start: false
Unique ID: 91030db2-cf06-48ba-8aa0-a0081febb488,
Billed Duration for Request 91030db2-cf06-48ba-8aa0-a0081febb488: 2189 ms
Input: 5750000,
Cold Start: false
Unique ID: a47e2a55-c857-4c08-b5e4-2e071df6d27e,
Billed Duration for Request a47e2a55-c857-4c08-b5e4-2e071df6d27e: 2073 ms
Input: 5750000,
Cold Start: false
Unique ID: 608918c3-a2cc-4040-9f7e-0aa774cea8fe,
Billed Duration for Request 608918c3-a2cc-4040-9f7e-0aa774cea8fe: 2125 ms
Input: 5750000,
Cold Start: false
Unique ID: 3a62f46c-b8d2-4bdf-87c9-e08c0a6c8f53,
Billed Duration for Request 3a62f46c-b8d2-4bdf-87c9-e08c0a6c8f53: 2069 ms
Input: 5750000,
Cold Start: false
Unique ID: 279d078a-1dd6-4c6c-a068-f945d400b619,
Billed Duration for Request 279d078a-1dd6-4c6c-a068-f945d400b619: 2107 ms
Input: 5750000,
Cold Start: false
Unique ID: 86b322e3-cf7e-4360-bb9b-48e81dbca025,
Billed Duration for Request 86b322e3-cf7e-4360-bb9b-48e81dbca025: 2001 ms
Input: 5750000,
Cold Start: false
Unique ID: bcaabc69-2594-41b0-90b8-9473e0d24c95,
Billed Duration for Request bcaabc69-2594-41b0-90b8-9473e0d24c95: 2106 ms
Input: 5750000,
Cold Start: false
Unique ID: 8e548103-a0cf-4969-9679-a55d8c06e3f1,
Billed Duration for Request 8e548103-a0cf-4969-9679-a55d8c06e3f1: 2014 ms
Input: 5750000,
Cold Start: false
Unique ID: 0b2b82e3-fcc9-4e7a-9100-463541fb0ab4,
Billed Duration for Request 0b2b82e3-fcc9-4e7a-9100-463541fb0ab4: 2071 ms
Input: 5750000,
Cold Start: false
Unique ID: 8447ad8d-6cdc-4686-ad2f-103355c8bf77,
Billed Duration for Request 8447ad8d-6cdc-4686-ad2f-103355c8bf77: 2087 ms
Input: 5750000,
Cold Start: false
Unique ID: 5e6d1561-75a0-4131-a31e-b6accd42cc71,
Billed Duration for Request 5e6d1561-75a0-4131-a31e-b6accd42cc71: 2127 ms
Input: 5750000,
Cold Start: false
Unique ID: 4324d7d6-992b-40ff-b3ae-b950a5beb7b5,
Billed Duration for Request 4324d7d6-992b-40ff-b3ae-b950a5beb7b5: 2076 ms
Input: 5750000,
Cold Start: false
Unique ID: 39dccbec-8c06-489e-8c31-3bddaaf44fc9,
Billed Duration for Request 39dccbec-8c06-489e-8c31-3bddaaf44fc9: 2124 ms
Input: 5750000,
Cold Start: false
Unique ID: d2306f5f-13c9-47a0-93eb-e0719d37d2ef,
Billed Duration for Request d2306f5f-13c9-47a0-93eb-e0719d37d2ef: 2083 ms
Input: 5750000,
Cold Start: false
Unique ID: 74ca919e-fcb5-45c2-9b74-de17e36c5e86,
Billed Duration for Request 74ca919e-fcb5-45c2-9b74-de17e36c5e86: 2001 ms
Input: 5750000,
Cold Start: false
Unique ID: ef0b4087-0b1a-4744-a49e-271d3bc5e01d,
Billed Duration for Request ef0b4087-0b1a-4744-a49e-271d3bc5e01d: 2117 ms
Input: 5750000,
Cold Start: false
Unique ID: 0c468fd7-975a-4e05-8567-2246af6a7ac6,
Billed Duration for Request 0c468fd7-975a-4e05-8567-2246af6a7ac6: 2022 ms
Input: 5750000,
Cold Start: false
Unique ID: 44f2ec01-8394-4a70-8a80-9669457c2b83,
Billed Duration for Request 44f2ec01-8394-4a70-8a80-9669457c2b83: 2103 ms
Input: 5750000,
Cold Start: false
Unique ID: 73fe11d7-b59b-439f-9dd6-c01ede4b361f,
Billed Duration for Request 73fe11d7-b59b-439f-9dd6-c01ede4b361f: 2111 ms
Input: 5750000,
Cold Start: false
Unique ID: 71feed27-c1fe-4753-b634-0014ba68f5eb,
Billed Duration for Request 71feed27-c1fe-4753-b634-0014ba68f5eb: 2107 ms
Input: 5750000,
Cold Start: false
Unique ID: bb09e15b-60d1-4c35-8486-ee9c9b8030ca,
Billed Duration for Request bb09e15b-60d1-4c35-8486-ee9c9b8030ca: 2142 ms
Input: 5750000,
Cold Start: false
Unique ID: 9033fcc5-c3bd-426b-a77f-f2859a01d72d,
Billed Duration for Request 9033fcc5-c3bd-426b-a77f-f2859a01d72d: 2093 ms
Input: 5750000,
Cold Start: false
Unique ID: 05abe940-6f92-4568-ac19-6e931caa9f8b,
Billed Duration for Request 05abe940-6f92-4568-ac19-6e931caa9f8b: 2139 ms
Input: 5750000,
Cold Start: false
Unique ID: 5bfee7a8-e0a5-438b-8305-0bbd2aebc6c8,
Billed Duration for Request 5bfee7a8-e0a5-438b-8305-0bbd2aebc6c8: 2068 ms
Input: 5750000,
Cold Start: false
Unique ID: 389afd3a-533e-42f1-98e2-57aad853db34,
Billed Duration for Request 389afd3a-533e-42f1-98e2-57aad853db34: 2023 ms
Input: 5750000,
Cold Start: false
Unique ID: c09dfdd1-5330-44dd-9925-dc48a3878488,
Billed Duration for Request c09dfdd1-5330-44dd-9925-dc48a3878488: 2030 ms
Input: 5750000,
Cold Start: false
Unique ID: 9ae53c4a-45f2-4004-a4b9-66717e8e2c47,
Billed Duration for Request 9ae53c4a-45f2-4004-a4b9-66717e8e2c47: 2108 ms
Input: 5750000,
Cold Start: false
Unique ID: 6b3e509c-3519-4ae9-af18-5f923aa9559a,
Billed Duration for Request 6b3e509c-3519-4ae9-af18-5f923aa9559a: 2114 ms
Input: 5750000,
Cold Start: false
Unique ID: a3f24848-567c-45ef-aaee-1fd1300c9e93,
Billed Duration for Request a3f24848-567c-45ef-aaee-1fd1300c9e93: 2119 ms
Input: 5750000,
Cold Start: false
Unique ID: 26d6eaeb-98bf-47d7-a8d9-82382a15f532,
Billed Duration for Request 26d6eaeb-98bf-47d7-a8d9-82382a15f532: 2123 ms
Input: 5750000,
Cold Start: false
Unique ID: f1f2d229-59cc-486d-9eb3-362a87c9e5a6,
Billed Duration for Request f1f2d229-59cc-486d-9eb3-362a87c9e5a6: 2104 ms
Input: 5750000,
Cold Start: false
Unique ID: 4081c27f-8a7f-49f1-84c6-7ff16374f07e,
Billed Duration for Request 4081c27f-8a7f-49f1-84c6-7ff16374f07e: 2028 ms
Input: 5750000,
Cold Start: false
Unique ID: 72ecfaec-37e6-42d1-985b-691711ca1b63,
Billed Duration for Request 72ecfaec-37e6-42d1-985b-691711ca1b63: 2153 ms
Input: 5750000,
Cold Start: false
Unique ID: 4a1b5d76-0b4c-4689-aab2-22335e0d34bf,
Billed Duration for Request 4a1b5d76-0b4c-4689-aab2-22335e0d34bf: 2087 ms
Input: 5750000,
Cold Start: false
Unique ID: 732bcf95-1bfe-46ed-af7d-d032ee172509,
Billed Duration for Request 732bcf95-1bfe-46ed-af7d-d032ee172509: 2090 ms
Input: 5750000,
Cold Start: false
Unique ID: 7a78f946-c362-4798-8106-ed159dd47d00,
Billed Duration for Request 7a78f946-c362-4798-8106-ed159dd47d00: 2043 ms
Input: 5750000,
Cold Start: false
Unique ID: d816baf3-6283-4ed6-b819-defbf055c48e,
Billed Duration for Request d816baf3-6283-4ed6-b819-defbf055c48e: 2116 ms
Input: 5750000,
Cold Start: false
Unique ID: 9926f0d3-ccf7-4f70-a46f-44db6ce73e97,
Billed Duration for Request 9926f0d3-ccf7-4f70-a46f-44db6ce73e97: 2088 ms
Input: 5750000,
Cold Start: false
Unique ID: 8457ab58-a3e7-4855-a8db-6b5afb94a357,
Billed Duration for Request 8457ab58-a3e7-4855-a8db-6b5afb94a357: 2106 ms
Input: 5750000,
Cold Start: false
Unique ID: 6ae06fd5-e610-45bd-bfa0-a762932fafd9,
Billed Duration for Request 6ae06fd5-e610-45bd-bfa0-a762932fafd9: 2113 ms
Input: 5750000,
Cold Start: false
Unique ID: 7d61fc58-a4df-495e-a949-c8570fdd815f,
Billed Duration for Request 7d61fc58-a4df-495e-a949-c8570fdd815f: 2152 ms
Input: 5750000,
Cold Start: false
Unique ID: a88326e6-f9fc-4ec7-b3f2-c473ea198da9,
Billed Duration for Request a88326e6-f9fc-4ec7-b3f2-c473ea198da9: 2019 ms
Input: 5750000,
Cold Start: false
Unique ID: b7afe138-f70e-48a2-b4e4-aaef49a0e67e,
Billed Duration for Request b7afe138-f70e-48a2-b4e4-aaef49a0e67e: 2127 ms
Input: 5750000,
Cold Start: false
Unique ID: d506f55d-adfe-4044-b190-8fbf2ed95b48,
Billed Duration for Request d506f55d-adfe-4044-b190-8fbf2ed95b48: 2077 ms
Input: 5750000,
Cold Start: false
Unique ID: e3143ee0-a6ba-4ab8-83ee-5307ded69cf8,
Billed Duration for Request e3143ee0-a6ba-4ab8-83ee-5307ded69cf8: 2160 ms
Input: 5750000,
Cold Start: false
Unique ID: d8d82151-4612-42ec-8e7d-c6e357fa5e9d,
Billed Duration for Request d8d82151-4612-42ec-8e7d-c6e357fa5e9d: 2036 ms
Input: 5750000,
Cold Start: false
Unique ID: c2b1cc1a-f1d7-423b-89cd-1ce96338352b,
Billed Duration for Request c2b1cc1a-f1d7-423b-89cd-1ce96338352b: 2107 ms
Input: 5750000,
Cold Start: false
Unique ID: e1de199a-e060-4a4d-8bcf-8ff2de134a98,
Billed Duration for Request e1de199a-e060-4a4d-8bcf-8ff2de134a98: 2122 ms
Input: 5750000,
Cold Start: false
Unique ID: be05b59f-67bc-481b-b253-3c4ec9329f17,
Billed Duration for Request be05b59f-67bc-481b-b253-3c4ec9329f17: 2112 ms
Input: 5750000,
Cold Start: false
Unique ID: 4da434c3-2604-4fb1-b65e-faf0a5318bde,
Billed Duration for Request 4da434c3-2604-4fb1-b65e-faf0a5318bde: 2095 ms
Input: 5750000,
Cold Start: false
Unique ID: 1c5f26a3-392b-4ae5-aac3-1e696c7e0369,
Billed Duration for Request 1c5f26a3-392b-4ae5-aac3-1e696c7e0369: 2008 ms
Input: 5750000,
Cold Start: false
Unique ID: 0fbd8c39-02e0-4794-ba90-1485b230ab55,
Billed Duration for Request 0fbd8c39-02e0-4794-ba90-1485b230ab55: 2133 ms
Input: 5750000,
Cold Start: false
Unique ID: b06d7317-e037-4e8b-a046-c0ccda52a2c6,
Billed Duration for Request b06d7317-e037-4e8b-a046-c0ccda52a2c6: 2130 ms
Input: 5750000,
Cold Start: false
Unique ID: 2a99a07b-cd11-4190-ae10-b4dc002631b5,
Billed Duration for Request 2a99a07b-cd11-4190-ae10-b4dc002631b5: 2078 ms
Input: 5750000,
Cold Start: false
Unique ID: e8aa80c9-6936-4d78-a710-c26779324bac,
Billed Duration for Request e8aa80c9-6936-4d78-a710-c26779324bac: 2079 ms
Input: 5750000,
Cold Start: false
Unique ID: a5d1ee0b-ad7e-422b-8254-ade3af36c2b3,
Billed Duration for Request a5d1ee0b-ad7e-422b-8254-ade3af36c2b3: 2043 ms
Input: 5750000,
Cold Start: false
Unique ID: 47103eec-2e7a-450e-8503-548cee579278,
Billed Duration for Request 47103eec-2e7a-450e-8503-548cee579278: 2102 ms
Input: 5750000,
Cold Start: false
Unique ID: 4b41ab95-fb59-4a1c-b192-82d6c18c087e,
Billed Duration for Request 4b41ab95-fb59-4a1c-b192-82d6c18c087e: 2097 ms
Input: 5750000,
Cold Start: false
Unique ID: 92df1e6b-2156-40ef-b8af-9ad74d633d20,
Billed Duration for Request 92df1e6b-2156-40ef-b8af-9ad74d633d20: 2010 ms
Input: 5750000,
Cold Start: false
Unique ID: 7171d1fb-cb0c-4743-bce6-ea6c17ddcd00,
Billed Duration for Request 7171d1fb-cb0c-4743-bce6-ea6c17ddcd00: 2107 ms
Input: 5750000,
Cold Start: false
Unique ID: 0c32e20a-33d2-4c91-a277-5aa8aeebf5cc,
Billed Duration for Request 0c32e20a-33d2-4c91-a277-5aa8aeebf5cc: 2091 ms
Input: 5750000,
Cold Start: false
Unique ID: 41586d32-2b8c-44a3-8844-352ae69c6d95,
Billed Duration for Request 41586d32-2b8c-44a3-8844-352ae69c6d95: 2128 ms
Input: 5750000,
Cold Start: false
Unique ID: 650c70eb-37aa-4d42-a857-b23e02e15f41,
Billed Duration for Request 650c70eb-37aa-4d42-a857-b23e02e15f41: 2165 ms
Input: 5750000,
Cold Start: false
Unique ID: d3f2b71a-8e86-4597-9a8e-c92a102b5892,
Billed Duration for Request d3f2b71a-8e86-4597-9a8e-c92a102b5892: 2085 ms
Input: 5750000,
Cold Start: false
Unique ID: caf4b9a1-d4c5-4dbc-8565-6d2e953c0413,
Billed Duration for Request caf4b9a1-d4c5-4dbc-8565-6d2e953c0413: 2041 ms
Input: 5750000,
Cold Start: false
Unique ID: 70c8e9e6-f2de-4417-928c-b77b1f000cfd,
Billed Duration for Request 70c8e9e6-f2de-4417-928c-b77b1f000cfd: 2086 ms
Input: 5750000,
Cold Start: false
Unique ID: 1df2029c-0ecf-4805-a4a3-eae00a5b4f5a,
Billed Duration for Request 1df2029c-0ecf-4805-a4a3-eae00a5b4f5a: 2113 ms
Input: 5750000,
Cold Start: false
Unique ID: 40426aae-132d-4e33-b2e2-767d5ad5f641,
Billed Duration for Request 40426aae-132d-4e33-b2e2-767d5ad5f641: 2000 ms
Input: 5750000,
Cold Start: false
Unique ID: 47b2479e-6ccc-475e-8a5c-1fab745475d7,
Billed Duration for Request 47b2479e-6ccc-475e-8a5c-1fab745475d7: 2118 ms
Input: 5750000,
Cold Start: false
Unique ID: 74afb960-5820-493f-b722-bfac4fa64ef7,
Billed Duration for Request 74afb960-5820-493f-b722-bfac4fa64ef7: 2072 ms
Input: 5750000,
Cold Start: false
Unique ID: d93ed671-dc21-44eb-9ca4-4ecc15a2a5a5,
Billed Duration for Request d93ed671-dc21-44eb-9ca4-4ecc15a2a5a5: 2127 ms
Input: 5750000,
Cold Start: false
Unique ID: 6ad6772e-51f9-4381-b82c-c14b0f5182fc,
Billed Duration for Request 6ad6772e-51f9-4381-b82c-c14b0f5182fc: 2106 ms
Input: 5750000,
Cold Start: false
Unique ID: 558e80dc-cc33-4f19-9788-b5a912ab7aa5,
Billed Duration for Request 558e80dc-cc33-4f19-9788-b5a912ab7aa5: 2045 ms
Input: 5750000,
Cold Start: false
Unique ID: 189845d4-53f2-4b5d-8341-8caeb3693939,
Billed Duration for Request 189845d4-53f2-4b5d-8341-8caeb3693939: 2084 ms
Input: 5750000,
Cold Start: false
Unique ID: 07af42fe-192e-471f-9516-4804b0ce5af8,
Billed Duration for Request 07af42fe-192e-471f-9516-4804b0ce5af8: 2056 ms
Input: 5750000,
Cold Start: false
Unique ID: ddb4d59b-8cb1-4481-ab8e-d96fde683623,
Billed Duration for Request ddb4d59b-8cb1-4481-ab8e-d96fde683623: 1989 ms
Input: 5750000,
Cold Start: false
Unique ID: a6b33428-13ca-40fb-9453-7d7a44b57a41,
Billed Duration for Request a6b33428-13ca-40fb-9453-7d7a44b57a41: 2125 ms
Input: 5750000,
Cold Start: false
Unique ID: 6d3160b8-9894-496b-9e98-310e95987099,
Billed Duration for Request 6d3160b8-9894-496b-9e98-310e95987099: 2120 ms
Input: 5750000,
Cold Start: false
Unique ID: a47e176c-817e-406b-9def-4ef77ea94545,
Billed Duration for Request a47e176c-817e-406b-9def-4ef77ea94545: 2090 ms
Input: 5750000,
Cold Start: false
Unique ID: bca43fca-933f-42b4-b81d-fcc3c0b60903,
Billed Duration for Request bca43fca-933f-42b4-b81d-fcc3c0b60903: 2107 ms
Input: 5750000,
Cold Start: false
Unique ID: 822582be-e617-4a90-aa22-e6c18f3c7df0,
Billed Duration for Request 822582be-e617-4a90-aa22-e6c18f3c7df0: 2090 ms
Input: 5750000,
Cold Start: false
Unique ID: eaac9d5a-f035-491d-b7de-a45f9bc201df,
Billed Duration for Request eaac9d5a-f035-491d-b7de-a45f9bc201df: 2124 ms
Input: 5750000,
Cold Start: false
Unique ID: 07434412-6d05-4049-903a-f30595bfe20c,
Billed Duration for Request 07434412-6d05-4049-903a-f30595bfe20c: 2025 ms
Input: 5750000,
Cold Start: false
Unique ID: 79e0f61b-247d-4cda-abc2-9ae51522e453,
Billed Duration for Request 79e0f61b-247d-4cda-abc2-9ae51522e453: 2067 ms
Input: 5750000,
Cold Start: false
Unique ID: 591e70c7-4fe0-4e2b-af43-2ac6a7707aaa,
Billed Duration for Request 591e70c7-4fe0-4e2b-af43-2ac6a7707aaa: 1970 ms
Input: 5750000,
Cold Start: false
Unique ID: e3d97da4-3e2c-4b3b-ab01-ba729095a63e,
Billed Duration for Request e3d97da4-3e2c-4b3b-ab01-ba729095a63e: 2034 ms
Input: 5750000,
Cold Start: false
Unique ID: 7e163ec4-fb33-43c6-824d-20292d537184,
Billed Duration for Request 7e163ec4-fb33-43c6-824d-20292d537184: 2123 ms
Input: 5750000,
Cold Start: false
Unique ID: acac5c76-1cb9-44bc-9190-cf9ac7134890,
Billed Duration for Request acac5c76-1cb9-44bc-9190-cf9ac7134890: 2134 ms
Input: 5750000,
Cold Start: false
Unique ID: 5e30d864-c789-4149-b723-0517079230ed,
Billed Duration for Request 5e30d864-c789-4149-b723-0517079230ed: 2111 ms
Input: 5750000,
Cold Start: false
Unique ID: 33d1079d-8846-4f81-8828-0fc950cc32fd,
Billed Duration for Request 33d1079d-8846-4f81-8828-0fc950cc32fd: 2094 ms
Input: 5750000,
Cold Start: false
Unique ID: e87280ca-201e-4b53-844a-979ad0297037,
Billed Duration for Request e87280ca-201e-4b53-844a-979ad0297037: 2031 ms
Input: 5750000,
Cold Start: false
Unique ID: c825c293-76d6-4f1d-8e6f-0dafb48b7a41,
Billed Duration for Request c825c293-76d6-4f1d-8e6f-0dafb48b7a41: 2127 ms
Input: 5750000,
Cold Start: false
Unique ID: 0b794f7f-e8b5-4b3e-980c-896e7a2269c0,
Billed Duration for Request 0b794f7f-e8b5-4b3e-980c-896e7a2269c0: 2006 ms
Input: 5750000,
Cold Start: false
Unique ID: f292633e-def5-4c3f-9eb0-9fca397ceace,
Billed Duration for Request f292633e-def5-4c3f-9eb0-9fca397ceace: 2092 ms
Input: 5750000,
Cold Start: false
Unique ID: 90d10025-7028-4368-82c1-7588a8508705,
Billed Duration for Request 90d10025-7028-4368-82c1-7588a8508705: 2045 ms
Input: 5750000,
Cold Start: false
Unique ID: b98f8d28-56d6-48d9-822f-9628efcf9492,
Billed Duration for Request b98f8d28-56d6-48d9-822f-9628efcf9492: 2069 ms
Input: 5750000,
Cold Start: false
Unique ID: d4a3e441-bdfa-406c-8ba2-77df6996f24d,
Billed Duration for Request d4a3e441-bdfa-406c-8ba2-77df6996f24d: 2091 ms
Input: 5750000,
Cold Start: false
Unique ID: 459f8a54-ff71-43c6-80f4-9b3e2663c33c,
Billed Duration for Request 459f8a54-ff71-43c6-80f4-9b3e2663c33c: 2057 ms
Input: 5750000,
Cold Start: false
Unique ID: 79ac7d58-252f-4872-b0f0-a898b2798388,
Billed Duration for Request 79ac7d58-252f-4872-b0f0-a898b2798388: 2094 ms
Input: 5750000,
Cold Start: false
Unique ID: ffb5cfe8-989f-4a58-92db-c98d2c7e6fe1,
Billed Duration for Request ffb5cfe8-989f-4a58-92db-c98d2c7e6fe1: 2130 ms
Input: 5750000,
Cold Start: false
Unique ID: 8ba0ee7f-d454-4f23-8902-d6f2bc5d33df,
Billed Duration for Request 8ba0ee7f-d454-4f23-8902-d6f2bc5d33df: 2025 ms
Input: 5750000,
Cold Start: false
Unique ID: 2cab039b-9919-4e22-bb91-bdd2d05dfc9c,
Billed Duration for Request 2cab039b-9919-4e22-bb91-bdd2d05dfc9c: 2113 ms
Input: 5750000,
Cold Start: false
Unique ID: 49c4a923-9415-4e37-bdd8-fd395536ebe5,
Billed Duration for Request 49c4a923-9415-4e37-bdd8-fd395536ebe5: 1991 ms
Input: 5750000,
Cold Start: false
Unique ID: dd6defaa-e6df-41ac-b61f-0816e17ec583,
Billed Duration for Request dd6defaa-e6df-41ac-b61f-0816e17ec583: 2096 ms
Input: 5750000,
Cold Start: false
Unique ID: a7914fe3-4f41-4150-83c7-d5b6d5e5ba24,
Billed Duration for Request a7914fe3-4f41-4150-83c7-d5b6d5e5ba24: 2042 ms
Input: 5750000,
Cold Start: false
Unique ID: eb87c9bf-9821-4811-aef4-0dddf2d4f168,
Billed Duration for Request eb87c9bf-9821-4811-aef4-0dddf2d4f168: 2079 ms
Input: 5750000,
Cold Start: false
Unique ID: d0f7c1da-e2c0-4bdc-acd8-bc1adb0799df,
Billed Duration for Request d0f7c1da-e2c0-4bdc-acd8-bc1adb0799df: 2107 ms
Input: 5750000,
Cold Start: false
Unique ID: b4bf89d4-0a85-4fcb-bff5-807e19216c02,
Billed Duration for Request b4bf89d4-0a85-4fcb-bff5-807e19216c02: 2118 ms
Input: 5750000,
Cold Start: false
Unique ID: 08f1b22d-9303-4e21-aa4c-0d654ae7d0f7,
Billed Duration for Request 08f1b22d-9303-4e21-aa4c-0d654ae7d0f7: 2087 ms
Input: 5750000,
Cold Start: false
Unique ID: 9b6c4150-108d-4ae3-aede-8c15f4defbff,
Billed Duration for Request 9b6c4150-108d-4ae3-aede-8c15f4defbff: 2007 ms
Input: 5750000,
Cold Start: false
Unique ID: 75ce10a2-7199-46d4-9993-183e81968f0b,
Billed Duration for Request 75ce10a2-7199-46d4-9993-183e81968f0b: 2040 ms
Input: 5750000,
Cold Start: false
Unique ID: 8f2daf64-b36e-4d2c-a41a-101577972556,
Billed Duration for Request 8f2daf64-b36e-4d2c-a41a-101577972556: 2135 ms
Input: 5750000,
Cold Start: false
Unique ID: c2d58399-a0d1-4032-af94-52972b7b1f43,
Billed Duration for Request c2d58399-a0d1-4032-af94-52972b7b1f43: 2064 ms
Input: 5750000,
Cold Start: false
Unique ID: 6596da43-5e97-4239-800b-ad88cf85e6f8,
Billed Duration for Request 6596da43-5e97-4239-800b-ad88cf85e6f8: 2117 ms
Input: 5750000,
Cold Start: false
Unique ID: 3d52cc9c-b87c-4108-bee2-fa91073e5619,
Billed Duration for Request 3d52cc9c-b87c-4108-bee2-fa91073e5619: 2072 ms
Input: 5750000,
Cold Start: false
Unique ID: c5b04020-14c0-4041-a73d-c992da375cec,
Billed Duration for Request c5b04020-14c0-4041-a73d-c992da375cec: 2109 ms
Input: 5750000,
Cold Start: false
Unique ID: 1ebfa364-bfed-4ee0-ad09-367cf1342f42,
Billed Duration for Request 1ebfa364-bfed-4ee0-ad09-367cf1342f42: 2101 ms
Input: 5750000,
Cold Start: false
Unique ID: d6abb959-87f6-4a29-a7ee-ea7c440e6174,
Billed Duration for Request d6abb959-87f6-4a29-a7ee-ea7c440e6174: 2122 ms
Input: 5750000,
Cold Start: false
Unique ID: 37f41386-6cda-431a-b3b1-b775440560e2,
Billed Duration for Request 37f41386-6cda-431a-b3b1-b775440560e2: 2032 ms
Input: 5750000,
Cold Start: false
Unique ID: 4b79455d-6323-4342-9467-62ea19b53b7d,
Billed Duration for Request 4b79455d-6323-4342-9467-62ea19b53b7d: 2108 ms
Input: 5750000,
Cold Start: false
Unique ID: 837d18ca-7d2f-48bf-9ee2-080b1c8c7d75,
Billed Duration for Request 837d18ca-7d2f-48bf-9ee2-080b1c8c7d75: 2138 ms
Input: 5750000,
Cold Start: false
Unique ID: 6058353d-5f04-4ed7-bb88-0834a97266a9,
Billed Duration for Request 6058353d-5f04-4ed7-bb88-0834a97266a9: 2054 ms
Input: 5750000,
Cold Start: false
Unique ID: 16932123-7530-42d9-84c5-924bfaa1d799,
Billed Duration for Request 16932123-7530-42d9-84c5-924bfaa1d799: 2142 ms
Input: 5750000,
Cold Start: false
Unique ID: 8ae2a8f4-b189-455d-ab95-34de2b2cde15,
Billed Duration for Request 8ae2a8f4-b189-455d-ab95-34de2b2cde15: 2053 ms
Input: 5750000,
Cold Start: false
Unique ID: 1513fd1a-c0c1-4947-a264-5064bd76b8b1,
Billed Duration for Request 1513fd1a-c0c1-4947-a264-5064bd76b8b1: 2016 ms
Input: 5750000,
Cold Start: false
Unique ID: 06f638cd-f7ae-4bc7-8cb0-e72dd7a0c300,
Billed Duration for Request 06f638cd-f7ae-4bc7-8cb0-e72dd7a0c300: 2099 ms
Input: 5750000,
Cold Start: false
Unique ID: d99f3314-8e38-4c36-a48d-924d1cc475da,
Billed Duration for Request d99f3314-8e38-4c36-a48d-924d1cc475da: 2104 ms
Input: 5750000,
Cold Start: false
Unique ID: 20c3f458-a89c-4410-9791-dd3aed481cf5,
Billed Duration for Request 20c3f458-a89c-4410-9791-dd3aed481cf5: 2010 ms
Input: 5750000,
Cold Start: false
Unique ID: 280727e3-cea5-43a2-8ff8-fd6931d85a9f,
Billed Duration for Request 280727e3-cea5-43a2-8ff8-fd6931d85a9f: 2082 ms
Input: 5750000,
Cold Start: false
Unique ID: c9b6f79b-3ee7-4d20-bf6f-367a2dd816be,
Billed Duration for Request c9b6f79b-3ee7-4d20-bf6f-367a2dd816be: 2109 ms
Input: 5750000,
Cold Start: false
Unique ID: 3ab73227-e80d-41cf-8a32-19a44f0656c3,
Billed Duration for Request 3ab73227-e80d-41cf-8a32-19a44f0656c3: 2124 ms
Input: 5750000,
Cold Start: false
Unique ID: 19287ed6-a117-4309-9949-73b6616a9945,
Billed Duration for Request 19287ed6-a117-4309-9949-73b6616a9945: 2014 ms
Input: 5750000,
Cold Start: false
Unique ID: 8cb18abc-1ef8-49e5-bcc9-f5f704daaa61,
Billed Duration for Request 8cb18abc-1ef8-49e5-bcc9-f5f704daaa61: 2036 ms
Input: 5750000,
Cold Start: false
Unique ID: bd92b68c-850e-48aa-be6d-2b29e0436858,
Billed Duration for Request bd92b68c-850e-48aa-be6d-2b29e0436858: 2098 ms
Input: 5750000,
Cold Start: false
Unique ID: 4c9ef0f5-66c2-4c11-ba40-fdfd1d22382b,
Billed Duration for Request 4c9ef0f5-66c2-4c11-ba40-fdfd1d22382b: 2080 ms
Input: 5750000,
Cold Start: false
Unique ID: 408c054a-0077-4741-b579-4e264a636e25,
Billed Duration for Request 408c054a-0077-4741-b579-4e264a636e25: 2123 ms
Input: 5750000,
Cold Start: false
Unique ID: c501fd80-537e-429f-8678-0aea34271159,
Billed Duration for Request c501fd80-537e-429f-8678-0aea34271159: 2026 ms
Input: 5750000,
Cold Start: false
Unique ID: e6e19707-e01e-46a7-b732-2f7ff7b46560,
Billed Duration for Request e6e19707-e01e-46a7-b732-2f7ff7b46560: 2100 ms
Input: 5750000,
Cold Start: false
Unique ID: 31e255cb-66c8-45f4-9378-a2941f9c3bcd,
Billed Duration for Request 31e255cb-66c8-45f4-9378-a2941f9c3bcd: 2092 ms
Input: 5750000,
Cold Start: false
Unique ID: 1065311f-bfa4-42ea-95ef-e8fd5bdea789,
Billed Duration for Request 1065311f-bfa4-42ea-95ef-e8fd5bdea789: 2100 ms
Input: 5750000,
Cold Start: false
Unique ID: 8cf193de-7315-438b-b4f5-ef0b7bb43f37,
Billed Duration for Request 8cf193de-7315-438b-b4f5-ef0b7bb43f37: 2060 ms
Input: 5750000,
Cold Start: false
Unique ID: 57c870bf-8234-4b5a-8dcd-50d542c4d7e9,
Billed Duration for Request 57c870bf-8234-4b5a-8dcd-50d542c4d7e9: 2115 ms
Input: 5750000,
Cold Start: false
Unique ID: ed7ae2fc-3299-43c0-8d0e-0629c19c0f2e,
Billed Duration for Request ed7ae2fc-3299-43c0-8d0e-0629c19c0f2e: 2026 ms
Input: 5750000,
Cold Start: false
Unique ID: f9b530d3-edd8-4a61-ba82-a86a0e403653,
Billed Duration for Request f9b530d3-edd8-4a61-ba82-a86a0e403653: 2090 ms
Input: 5750000,
Cold Start: false
Unique ID: 7823762a-cc27-4f63-a248-6d8a6542dcb8,
Billed Duration for Request 7823762a-cc27-4f63-a248-6d8a6542dcb8: 2084 ms
Input: 5750000,
Cold Start: false
Unique ID: bed7c266-ed15-4850-b188-25a4d768a947,
Billed Duration for Request bed7c266-ed15-4850-b188-25a4d768a947: 2021 ms
Input: 5750000,
Cold Start: false
Unique ID: a899f3fa-7195-479a-89df-9ddff0fc6ce8,
Billed Duration for Request a899f3fa-7195-479a-89df-9ddff0fc6ce8: 2092 ms
Input: 5750000,
Cold Start: false
Unique ID: 45a6b295-8c4f-40e9-b76c-2f92c4a08d36,
Billed Duration for Request 45a6b295-8c4f-40e9-b76c-2f92c4a08d36: 2126 ms
Input: 5750000,
Cold Start: false
Unique ID: f7bd1442-8369-4ca7-b42f-18de81f2127d,
Billed Duration for Request f7bd1442-8369-4ca7-b42f-18de81f2127d: 2106 ms
Input: 5750000,
Cold Start: false
Unique ID: d87369bd-6475-4967-a920-fdd05f579981,
Billed Duration for Request d87369bd-6475-4967-a920-fdd05f579981: 2127 ms
Input: 5750000,
Cold Start: false
Unique ID: 230a213c-b6de-4004-b385-78b54c0f4c07,
Billed Duration for Request 230a213c-b6de-4004-b385-78b54c0f4c07: 2029 ms
Input: 5750000,
Cold Start: false
Unique ID: 7358e1bf-e125-49b1-9aa9-69d1efd845ab,
Billed Duration for Request 7358e1bf-e125-49b1-9aa9-69d1efd845ab: 2102 ms
Input: 5750000,
Cold Start: false
Unique ID: adb110dc-5aa2-457e-b4c6-9aea22dac83a,
Billed Duration for Request adb110dc-5aa2-457e-b4c6-9aea22dac83a: 2063 ms
Input: 5750000,
Cold Start: false
Unique ID: 455b9b81-633b-47d7-b690-8920fa9d9e19,
Billed Duration for Request 455b9b81-633b-47d7-b690-8920fa9d9e19: 2068 ms
Input: 5750000,
Cold Start: false
Unique ID: 5073faa7-9856-4dbd-9914-b5da0b46e7ae,
Billed Duration for Request 5073faa7-9856-4dbd-9914-b5da0b46e7ae: 2011 ms
Input: 5750000,
Cold Start: false
Unique ID: d5d5ed5b-3352-4b6b-a6ae-7554f33caf0d,
Billed Duration for Request d5d5ed5b-3352-4b6b-a6ae-7554f33caf0d: 2087 ms
Input: 5750000,
Cold Start: false
Unique ID: d2896926-0d4f-4d3f-b757-eec485a3927a,
Billed Duration for Request d2896926-0d4f-4d3f-b757-eec485a3927a: 2082 ms
Input: 5750000,
Cold Start: false
Unique ID: 70a1c77f-1868-473e-b977-fcf7672fb960,
Billed Duration for Request 70a1c77f-1868-473e-b977-fcf7672fb960: 2113 ms
Input: 5750000,
Cold Start: false
Unique ID: df7d60ff-890d-4f93-999b-a293c845e437,
Billed Duration for Request df7d60ff-890d-4f93-999b-a293c845e437: 2022 ms
Input: 5750000,
Cold Start: false
Unique ID: befa6595-fc96-4907-b442-65c9327a5c46,
Billed Duration for Request befa6595-fc96-4907-b442-65c9327a5c46: 2111 ms
Input: 5750000,
Cold Start: false
Unique ID: 30328868-44eb-4372-9688-5cfb93907a14,
Billed Duration for Request 30328868-44eb-4372-9688-5cfb93907a14: 2116 ms
Input: 5750000,
Cold Start: false
Unique ID: 653cd3dc-5bd4-49b8-8897-648bfe5a020a,
Billed Duration for Request 653cd3dc-5bd4-49b8-8897-648bfe5a020a: 2080 ms
Input: 5750000,
Cold Start: false
Unique ID: 9ebfc8ec-d3c8-4866-ac3d-659e9e3666ff,
Billed Duration for Request 9ebfc8ec-d3c8-4866-ac3d-659e9e3666ff: 2127 ms
Input: 5750000,
Cold Start: false
Unique ID: 44e9998b-e5a1-461f-b042-d05a3ab440df,
Billed Duration for Request 44e9998b-e5a1-461f-b042-d05a3ab440df: 2021 ms
Input: 5750000,
Cold Start: false
Unique ID: f9ec43c4-5006-44dd-aca1-007fe4cced8d,
Billed Duration for Request f9ec43c4-5006-44dd-aca1-007fe4cced8d: 2089 ms
Input: 5750000,
Cold Start: false
Unique ID: 684ebe32-a836-4417-8820-7e3b2d444f2b,
Billed Duration for Request 684ebe32-a836-4417-8820-7e3b2d444f2b: 2070 ms
Input: 5750000,
Cold Start: false
Unique ID: 35a7b1cf-ac16-4b66-9955-dedb53283d54,
Billed Duration for Request 35a7b1cf-ac16-4b66-9955-dedb53283d54: 2154 ms
Input: 5750000,
Cold Start: false
Unique ID: 359ff9c3-7533-4710-b188-c4912d5f6440,
Billed Duration for Request 359ff9c3-7533-4710-b188-c4912d5f6440: 2032 ms
Input: 5750000,
Cold Start: false
Unique ID: 9bcbea51-40a7-4bc5-afd2-111530d4588d,
Billed Duration for Request 9bcbea51-40a7-4bc5-afd2-111530d4588d: 2128 ms
Input: 5750000,
Cold Start: false
Unique ID: 1960d93e-a7d4-41f8-9b5a-20893f5156f7,
Billed Duration for Request 1960d93e-a7d4-41f8-9b5a-20893f5156f7: 2062 ms
Input: 5750000,
Cold Start: false
Unique ID: e2177a91-3fbe-4469-b282-fa3c7a4b5edd,
Billed Duration for Request e2177a91-3fbe-4469-b282-fa3c7a4b5edd: 2099 ms
Input: 5750000,
Cold Start: false
Unique ID: ef6ceddd-22cf-4948-8afb-1f25284c9e98,
Billed Duration for Request ef6ceddd-22cf-4948-8afb-1f25284c9e98: 2097 ms
Input: 5750000,
Cold Start: false
Unique ID: b52538fb-9bc7-4f3a-ab83-5bc2eae2430e,
Billed Duration for Request b52538fb-9bc7-4f3a-ab83-5bc2eae2430e: 2009 ms
Input: 5750000,
Cold Start: false
Unique ID: 329c5a9c-3adc-4c81-b0fd-75c6280a605b,
Billed Duration for Request 329c5a9c-3adc-4c81-b0fd-75c6280a605b: 2113 ms
Input: 5750000,
Cold Start: false
Unique ID: a8ba85bf-d462-4b7c-aae1-94421f165519,
Billed Duration for Request a8ba85bf-d462-4b7c-aae1-94421f165519: 2068 ms
Input: 5750000,
Cold Start: false
Unique ID: fcd6fe21-aef2-46e4-9bb3-6051ef271f43,
Billed Duration for Request fcd6fe21-aef2-46e4-9bb3-6051ef271f43: 2091 ms
Input: 5750000,
Cold Start: false
Unique ID: 22f769cc-f978-4725-9996-40ef95e09e92,
Billed Duration for Request 22f769cc-f978-4725-9996-40ef95e09e92: 2062 ms
Input: 5750000,
Cold Start: false
Unique ID: 93cf36ef-7393-4e76-8564-ac0fd7fc8e4c,
Billed Duration for Request 93cf36ef-7393-4e76-8564-ac0fd7fc8e4c: 2115 ms
Input: 5750000,
Cold Start: false
Unique ID: c69aa031-cffc-4f1f-9f75-7d19519a73e5,
Billed Duration for Request c69aa031-cffc-4f1f-9f75-7d19519a73e5: 2105 ms
Input: 5750000,
Cold Start: false
Unique ID: cb8c7f96-37f9-46a3-af08-8083ce0bf832,
Billed Duration for Request cb8c7f96-37f9-46a3-af08-8083ce0bf832: 2063 ms
Input: 5750000,
Cold Start: false
Unique ID: cce69761-29f4-46ef-8e54-b723ec69a292,
Billed Duration for Request cce69761-29f4-46ef-8e54-b723ec69a292: 2106 ms
Input: 5750000,
Cold Start: false
Unique ID: f40acab6-3fd2-48e9-8daa-d9f108b4f28b,
Billed Duration for Request f40acab6-3fd2-48e9-8daa-d9f108b4f28b: 2023 ms
Input: 5750000,
Cold Start: false
Unique ID: 0c5a1eff-c855-4888-9155-53572e865480,
Billed Duration for Request 0c5a1eff-c855-4888-9155-53572e865480: 2124 ms
Input: 5750000,
Cold Start: false
Unique ID: 11cb9abc-92a8-4d05-a381-19eaaf5226a2,
Billed Duration for Request 11cb9abc-92a8-4d05-a381-19eaaf5226a2: 2086 ms
Input: 5750000,
Cold Start: false
Unique ID: e1d939e2-1562-4c2f-aed4-0f2d8c738a17,
Billed Duration for Request e1d939e2-1562-4c2f-aed4-0f2d8c738a17: 2086 ms
Input: 5750000,
Cold Start: false
Unique ID: 9ffeddb4-b076-4bea-8ab8-c2178ea5e5d3,
Billed Duration for Request 9ffeddb4-b076-4bea-8ab8-c2178ea5e5d3: 2096 ms
Input: 5750000,
Cold Start: false
Unique ID: caa48bca-c534-4cbd-bbd6-bf108e3df9ec,
Billed Duration for Request caa48bca-c534-4cbd-bbd6-bf108e3df9ec: 2025 ms
Input: 5750000,
Cold Start: false
Unique ID: f6f413f5-c53d-4379-9658-3c73329c052e,
Billed Duration for Request f6f413f5-c53d-4379-9658-3c73329c052e: 2117 ms
Input: 5750000,
Cold Start: false
Unique ID: aee0fbda-0a0d-4ce3-83be-9e11614dd51e,
Billed Duration for Request aee0fbda-0a0d-4ce3-83be-9e11614dd51e: 2063 ms
Input: 5750000,
Cold Start: false
Unique ID: 79f6952a-4708-4808-80b8-d6364bfc58c5,
Billed Duration for Request 79f6952a-4708-4808-80b8-d6364bfc58c5: 2031 ms
Input: 5750000,
Cold Start: false
Unique ID: 86960617-c7d6-4f0c-800d-886a7c15517e,
Billed Duration for Request 86960617-c7d6-4f0c-800d-886a7c15517e: 2099 ms
Input: 5750000,
Cold Start: false
Unique ID: 4eacd99d-86b3-4e02-86d4-70533c422086,
Billed Duration for Request 4eacd99d-86b3-4e02-86d4-70533c422086: 2133 ms
Input: 5750000,
Cold Start: false
Unique ID: 57ad9215-0e21-4b1e-a772-d0b1f37e0f65,
Billed Duration for Request 57ad9215-0e21-4b1e-a772-d0b1f37e0f65: 2070 ms
Input: 5750000,
Cold Start: false
Unique ID: 01b4e8c2-71f1-4ea1-960e-a783051b667b,
Billed Duration for Request 01b4e8c2-71f1-4ea1-960e-a783051b667b: 2080 ms
Input: 5750000,
Cold Start: false
Unique ID: 5b8a9172-ec5c-453c-8ded-0c72a6dcc90d,
Billed Duration for Request 5b8a9172-ec5c-453c-8ded-0c72a6dcc90d: 2018 ms
Input: 5750000,
Cold Start: false
Unique ID: 8d1b2c0d-f41c-4155-a48a-f894c2b649b0,
Billed Duration for Request 8d1b2c0d-f41c-4155-a48a-f894c2b649b0: 2133 ms
Input: 5750000,
Cold Start: false
Unique ID: 7172ecf5-ce15-4406-a8c5-8b791eb4c8f3,
Billed Duration for Request 7172ecf5-ce15-4406-a8c5-8b791eb4c8f3: 2101 ms
Input: 5750000,
Cold Start: false
Unique ID: aa652c04-2978-41bd-b99e-2cf868d4394a,
Billed Duration for Request aa652c04-2978-41bd-b99e-2cf868d4394a: 2082 ms
Input: 5750000,
Cold Start: false
Unique ID: ce0b7348-8a98-45ca-a2c4-9c558f8b489d,
Billed Duration for Request ce0b7348-8a98-45ca-a2c4-9c558f8b489d: 2119 ms
Input: 5750000,
Cold Start: false
Unique ID: 99771b69-88b3-4e4a-8db5-575d91bf308d,
Billed Duration for Request 99771b69-88b3-4e4a-8db5-575d91bf308d: 2029 ms
Input: 5750000,
Cold Start: false
Unique ID: 5c8b75b8-314d-4ce2-bfdd-6afdb0a928d4,
Billed Duration for Request 5c8b75b8-314d-4ce2-bfdd-6afdb0a928d4: 2112 ms
Input: 5750000,
Cold Start: false
Unique ID: 57c63dbe-4593-4f06-85c9-619c1859f4be,
Billed Duration for Request 57c63dbe-4593-4f06-85c9-619c1859f4be: 2064 ms
Input: 5750000,
Cold Start: false
Unique ID: dda8a93a-a281-4514-9fd0-3924b62ab412,
Billed Duration for Request dda8a93a-a281-4514-9fd0-3924b62ab412: 2117 ms
Input: 5750000,
Cold Start: false
Unique ID: 0378e71f-cdad-445b-8a87-92edd1857105,
Billed Duration for Request 0378e71f-cdad-445b-8a87-92edd1857105: 2040 ms
Input: 5750000,
Cold Start: false
Unique ID: 40d00780-7175-468f-a7d3-0c860dc435fd,
Billed Duration for Request 40d00780-7175-468f-a7d3-0c860dc435fd: 2124 ms
Input: 5750000,
Cold Start: false
Unique ID: c29a52c6-38cb-4483-bd75-af8ff89e684f,
Billed Duration for Request c29a52c6-38cb-4483-bd75-af8ff89e684f: 2114 ms
Input: 5750000,
Cold Start: false
Unique ID: 7f49e81d-09b4-4058-b03c-e1ab0ac4c17a,
Billed Duration for Request 7f49e81d-09b4-4058-b03c-e1ab0ac4c17a: 2122 ms
Input: 5750000,
Cold Start: false
Unique ID: 6450af33-ff0f-47b5-a06c-da56f0df178a,
Billed Duration for Request 6450af33-ff0f-47b5-a06c-da56f0df178a: 2065 ms
Input: 5750000,
Cold Start: false
Unique ID: d6a35f0d-9a32-4819-b612-0d4e242973ac,
Billed Duration for Request d6a35f0d-9a32-4819-b612-0d4e242973ac: 2126 ms
Input: 5750000,
Cold Start: false
Unique ID: deee4504-9f44-4a24-a73e-50367d83c67f,
Billed Duration for Request deee4504-9f44-4a24-a73e-50367d83c67f: 2024 ms
Input: 5750000,
Cold Start: false
Unique ID: aab98ac1-a0ea-476d-b307-23a24cd7564e,
Billed Duration for Request aab98ac1-a0ea-476d-b307-23a24cd7564e: 2129 ms
Input: 5750000,
Cold Start: false
Unique ID: dd855724-0f5a-4628-b856-fa8de7a32bdf,
Billed Duration for Request dd855724-0f5a-4628-b856-fa8de7a32bdf: 2026 ms
Input: 5750000,
Cold Start: false
Unique ID: bdd1ec73-26bf-4d16-a9e4-a3d61a92f1f1,
Billed Duration for Request bdd1ec73-26bf-4d16-a9e4-a3d61a92f1f1: 2099 ms
Input: 5750000,
Cold Start: false
Unique ID: d107a05c-fa39-4f5d-a49f-ad6d2521ec2e,
Billed Duration for Request d107a05c-fa39-4f5d-a49f-ad6d2521ec2e: 2092 ms
Input: 5750000,
Cold Start: false
Unique ID: 22450fe0-c740-4676-9942-f9f64090abed,
Billed Duration for Request 22450fe0-c740-4676-9942-f9f64090abed: 2069 ms
Input: 5750000,
Cold Start: false
Unique ID: 3a30db72-e09a-4afe-8613-92c5e1632c36,
Billed Duration for Request 3a30db72-e09a-4afe-8613-92c5e1632c36: 2125 ms
Input: 5750000,
Cold Start: false
Unique ID: a5aac4bb-422c-46bc-85bc-e94db72ae254,
Billed Duration for Request a5aac4bb-422c-46bc-85bc-e94db72ae254: 2113 ms
Input: 5750000,
Cold Start: false
Unique ID: e86850f3-fc6b-4183-827c-f923805bbffe,
Billed Duration for Request e86850f3-fc6b-4183-827c-f923805bbffe: 2126 ms
Input: 5750000,
Cold Start: false
Unique ID: 9dc67b77-ef99-47ac-a375-6364f2bd79fb,
Billed Duration for Request 9dc67b77-ef99-47ac-a375-6364f2bd79fb: 2109 ms
Input: 5750000,
Cold Start: false
Unique ID: fd2b1da1-ce8e-471d-ae84-3dfc6343cc82,
Billed Duration for Request fd2b1da1-ce8e-471d-ae84-3dfc6343cc82: 1993 ms
Input: 5750000,
Cold Start: false
Unique ID: 7e52ba3f-2284-4a63-bd26-8239f86983fe,
Billed Duration for Request 7e52ba3f-2284-4a63-bd26-8239f86983fe: 2116 ms
Input: 5750000,
Cold Start: false
Unique ID: 3677c4e8-7212-4fd7-9d66-a75a972b7d69,
Billed Duration for Request 3677c4e8-7212-4fd7-9d66-a75a972b7d69: 2049 ms
Input: 5750000,
Cold Start: false
Unique ID: 8e70a122-5aa1-4b1d-a06c-07eee7006a31,
Billed Duration for Request 8e70a122-5aa1-4b1d-a06c-07eee7006a31: 2074 ms
Input: 5750000,
Cold Start: false
Unique ID: f68f331b-da0e-4db2-9dbb-d13a2ef26d0a,
Billed Duration for Request f68f331b-da0e-4db2-9dbb-d13a2ef26d0a: 2101 ms
Input: 5750000,
Cold Start: false
Unique ID: 54f89611-c4f5-40fa-9517-622b21346b62,
Billed Duration for Request 54f89611-c4f5-40fa-9517-622b21346b62: 2112 ms
Input: 5750000,
Cold Start: false
Unique ID: b2c0abe5-9aad-44a3-a1ab-bbea5a8b3991,
Billed Duration for Request b2c0abe5-9aad-44a3-a1ab-bbea5a8b3991: 2123 ms
Input: 5750000,
Cold Start: false
Unique ID: be42e711-4d81-4575-8ad6-a7425918b032,
Billed Duration for Request be42e711-4d81-4575-8ad6-a7425918b032: 2044 ms
Input: 5750000,
Cold Start: false
Unique ID: b110f44c-405c-4f62-8b23-eafc3b796d24,
Billed Duration for Request b110f44c-405c-4f62-8b23-eafc3b796d24: 2050 ms
Input: 5750000,
Cold Start: false
Unique ID: ee68afa0-4ead-4545-9911-9c293d6fe6af,
Billed Duration for Request ee68afa0-4ead-4545-9911-9c293d6fe6af: 2073 ms
Input: 5750000,
Cold Start: false
Unique ID: 2ceaf81a-0e09-443f-bcca-16557b783228,
Billed Duration for Request 2ceaf81a-0e09-443f-bcca-16557b783228: 2109 ms
Input: 5750000,
Cold Start: false
Unique ID: 91713f9a-f224-4fa4-98b4-accd8d523641,
Billed Duration for Request 91713f9a-f224-4fa4-98b4-accd8d523641: 2029 ms
Input: 5750000,
Cold Start: false
Unique ID: c2b61d77-2f03-4441-bc96-c82879bbe4b8,
Billed Duration for Request c2b61d77-2f03-4441-bc96-c82879bbe4b8: 2117 ms
Input: 5750000,
Cold Start: false
Unique ID: b8476295-5403-49a8-8d40-7e8fda09a2d9,
Billed Duration for Request b8476295-5403-49a8-8d40-7e8fda09a2d9: 2103 ms
Input: 5750000,
Cold Start: false
Unique ID: b295481f-4e90-4b06-a06e-c4bab63919b0,
Billed Duration for Request b295481f-4e90-4b06-a06e-c4bab63919b0: 2101 ms
Input: 5750000,
Cold Start: false
Unique ID: f21bf0b0-993f-4508-9cb0-0276b089e55e,
Billed Duration for Request f21bf0b0-993f-4508-9cb0-0276b089e55e: 2095 ms
Input: 5750000,
Cold Start: false
Unique ID: 70836f0f-2c1d-4c4f-95b9-cb0643cd1076,
Billed Duration for Request 70836f0f-2c1d-4c4f-95b9-cb0643cd1076: 2029 ms
Input: 5750000,
Cold Start: false
Unique ID: b032692d-f2cf-4573-97eb-e7b3a7c1253d,
Billed Duration for Request b032692d-f2cf-4573-97eb-e7b3a7c1253d: 2037 ms
Input: 5750000,
Cold Start: false
Unique ID: 87bfe35a-3f03-4735-884b-3390c840f69c,
Billed Duration for Request 87bfe35a-3f03-4735-884b-3390c840f69c: 2112 ms
Input: 5750000,
Cold Start: false
Unique ID: d83527aa-a95a-40c4-ba80-b353ac53840d,
Billed Duration for Request d83527aa-a95a-40c4-ba80-b353ac53840d: 2082 ms
Input: 5750000,
Cold Start: false
Unique ID: 3d2e8ad2-799a-4dc0-a7c8-73cb9d9421e8,
Billed Duration for Request 3d2e8ad2-799a-4dc0-a7c8-73cb9d9421e8: 2064 ms
Input: 5750000,
Cold Start: false
Unique ID: b9b5827e-a27b-4450-9678-533992f29380,
Billed Duration for Request b9b5827e-a27b-4450-9678-533992f29380: 2108 ms
Input: 5750000,
Cold Start: false
Unique ID: 01b2b121-c542-4584-a618-295a0bf67d7c,
Billed Duration for Request 01b2b121-c542-4584-a618-295a0bf67d7c: 2115 ms
Input: 5750000,
Cold Start: false
Unique ID: ce5d16a6-d51e-4218-bb29-7679145cd951,
Billed Duration for Request ce5d16a6-d51e-4218-bb29-7679145cd951: 2121 ms
Input: 5750000,
Cold Start: false
Unique ID: 1618b96e-2238-41e9-8111-2b2c48d880a3,
Billed Duration for Request 1618b96e-2238-41e9-8111-2b2c48d880a3: 2088 ms
Input: 5750000,
Cold Start: false
Unique ID: c60af066-4b12-4f84-8beb-2dcf7f820ed3,
Billed Duration for Request c60af066-4b12-4f84-8beb-2dcf7f820ed3: 2115 ms
Input: 5750000,
Cold Start: false
Unique ID: 945e251e-339a-4766-8370-a0599d6bea2a,
Billed Duration for Request 945e251e-339a-4766-8370-a0599d6bea2a: 1998 ms
Input: 5750000,
Cold Start: false
Unique ID: bee5547f-a194-469a-920b-69ef1c2cbe2c,
Billed Duration for Request bee5547f-a194-469a-920b-69ef1c2cbe2c: 2025 ms
Input: 5750000,
Cold Start: false
Unique ID: 129e2af7-4118-4376-94dc-8cd370a2c6b6,
Billed Duration for Request 129e2af7-4118-4376-94dc-8cd370a2c6b6: 2044 ms
Input: 5750000,
Cold Start: false
Unique ID: 9c7c7f03-207a-4a46-9704-3858f985cf04,
Billed Duration for Request 9c7c7f03-207a-4a46-9704-3858f985cf04: 2124 ms
Input: 5750000,
Cold Start: false
Unique ID: 8f37d977-0e4f-4d3c-b253-b0d149ad1aff,
Billed Duration for Request 8f37d977-0e4f-4d3c-b253-b0d149ad1aff: 2049 ms
Input: 5750000,
Cold Start: false
Unique ID: 0c5c8a28-b712-4c22-86f1-bd4f07c0599e,
Billed Duration for Request 0c5c8a28-b712-4c22-86f1-bd4f07c0599e: 2168 ms
Input: 5750000,
Cold Start: false
Unique ID: e1b692c3-44b8-46de-8bb6-7cda558c0ae2,
Billed Duration for Request e1b692c3-44b8-46de-8bb6-7cda558c0ae2: 2084 ms
Input: 5750000,
Cold Start: false
Unique ID: 25a5532b-87ed-44ba-ace0-3bb0b90d1955,
Billed Duration for Request 25a5532b-87ed-44ba-ace0-3bb0b90d1955: 2123 ms
Input: 5750000,
Cold Start: false
Unique ID: 2791c7bf-3ddf-4cca-b56a-482f422574f8,
Billed Duration for Request 2791c7bf-3ddf-4cca-b56a-482f422574f8: 2033 ms
Input: 5750000,
Cold Start: false
Unique ID: 543c5be7-54ad-4402-a39e-5dcfc1165d9b,
Billed Duration for Request 543c5be7-54ad-4402-a39e-5dcfc1165d9b: 2110 ms
Input: 5750000,
Cold Start: false
Unique ID: 3730edc3-a331-41da-8e4e-49e9170ede89,
Billed Duration for Request 3730edc3-a331-41da-8e4e-49e9170ede89: 2033 ms
Input: 5750000,
Cold Start: false
Unique ID: 4478e0e7-00a6-4a12-ae09-69691eea1dc2,
Billed Duration for Request 4478e0e7-00a6-4a12-ae09-69691eea1dc2: 2119 ms
Input: 5750000,
Cold Start: false
Unique ID: 9bc4b182-0ce2-4e92-bbd4-c4c0c2372f5c,
Billed Duration for Request 9bc4b182-0ce2-4e92-bbd4-c4c0c2372f5c: 2111 ms
Input: 5750000,
Cold Start: false
Unique ID: 107f94ac-e54b-415d-8333-4003abe4f882,
Billed Duration for Request 107f94ac-e54b-415d-8333-4003abe4f882: 2059 ms
Input: 5750000,
Cold Start: false
Unique ID: f5db9b49-83f1-47b4-b120-09467f574074,
Billed Duration for Request f5db9b49-83f1-47b4-b120-09467f574074: 2091 ms
Input: 5750000,
Cold Start: false
Unique ID: 498d50ab-788d-4a25-93d3-259e6c4d989c,
Billed Duration for Request 498d50ab-788d-4a25-93d3-259e6c4d989c: 2129 ms
Input: 5750000,
Cold Start: false
Unique ID: 1d7adf05-4d73-4a3f-9997-68b241a7b002,
Billed Duration for Request 1d7adf05-4d73-4a3f-9997-68b241a7b002: 2003 ms
Input: 5750000,
Cold Start: false
Unique ID: 2ea637bc-3dda-46a4-8433-7773592520eb,
Billed Duration for Request 2ea637bc-3dda-46a4-8433-7773592520eb: 2127 ms
Input: 5750000,
Cold Start: false
Unique ID: ab91cfa8-fec2-4b5a-ad4b-39f943a789c5,
Billed Duration for Request ab91cfa8-fec2-4b5a-ad4b-39f943a789c5: 2042 ms
Input: 5750000,
Cold Start: false
Unique ID: 7d991911-3a07-4818-8052-fb2ab1bb3e76,
Billed Duration for Request 7d991911-3a07-4818-8052-fb2ab1bb3e76: 2133 ms
Input: 5750000,
Cold Start: false
Unique ID: 29a85d12-bca7-478e-ab66-d92a493e8631,
Billed Duration for Request 29a85d12-bca7-478e-ab66-d92a493e8631: 2094 ms
Input: 5750000,
Cold Start: false
Unique ID: 53497479-e44a-46d3-a035-7f14c2c2457c,
Billed Duration for Request 53497479-e44a-46d3-a035-7f14c2c2457c: 2107 ms
Input: 5750000,
Cold Start: false
Unique ID: 34c2e9d8-2a97-4a07-8e5e-ca4f9cc38a36,
Billed Duration for Request 34c2e9d8-2a97-4a07-8e5e-ca4f9cc38a36: 2075 ms
Input: 5750000,
Cold Start: false
Unique ID: 1a775001-28b7-49ea-bbca-d35682d34c33,
Billed Duration for Request 1a775001-28b7-49ea-bbca-d35682d34c33: 2069 ms
Input: 5750000,
Cold Start: false
Unique ID: e68d96e6-2a2b-4a3e-9007-8d879f240d0a,
Billed Duration for Request e68d96e6-2a2b-4a3e-9007-8d879f240d0a: 2123 ms
Input: 5750000,
Cold Start: false
Unique ID: e669a215-3ca1-4f5e-8c9b-477de31866fb,
Billed Duration for Request e669a215-3ca1-4f5e-8c9b-477de31866fb: 2012 ms
Input: 5750000,
Cold Start: false
Unique ID: f60eb267-2248-4642-b922-43f897ba32f5,
Billed Duration for Request f60eb267-2248-4642-b922-43f897ba32f5: 2122 ms
Input: 5750000,
Cold Start: false
Unique ID: 7001ec23-02e6-4343-b4de-7f7d3a4122f2,
Billed Duration for Request 7001ec23-02e6-4343-b4de-7f7d3a4122f2: 2137 ms
Input: 5750000,
Cold Start: false
Unique ID: dd89350b-a440-4c2e-80f4-d9f7d8406602,
Billed Duration for Request dd89350b-a440-4c2e-80f4-d9f7d8406602: 2020 ms
Input: 5750000,
Cold Start: false
Unique ID: 36886a48-7373-4384-a4e2-eff7ed0390ba,
Billed Duration for Request 36886a48-7373-4384-a4e2-eff7ed0390ba: 2122 ms
Input: 5750000,
Cold Start: false
Unique ID: 24f58052-ddc6-41f6-826b-ca07b19bd455,
Billed Duration for Request 24f58052-ddc6-41f6-826b-ca07b19bd455: 2090 ms
Input: 5750000,
Cold Start: false
Unique ID: 4ffe5018-08f6-4fad-ac4b-c93c7fcd1382,
Billed Duration for Request 4ffe5018-08f6-4fad-ac4b-c93c7fcd1382: 2113 ms
Input: 5750000,
Cold Start: false
Unique ID: 2ab93782-5bb7-4820-9af4-f36421acdeda,
Billed Duration for Request 2ab93782-5bb7-4820-9af4-f36421acdeda: 2062 ms
Input: 5750000,
Cold Start: false
Unique ID: 6d8bd4f1-37ff-4b44-99f4-0dd6194cd38e,
Billed Duration for Request 6d8bd4f1-37ff-4b44-99f4-0dd6194cd38e: 2076 ms
Input: 5750000,
Cold Start: false
Unique ID: fa3c3436-2900-4012-a788-c0dafe3b8cc0,
Billed Duration for Request fa3c3436-2900-4012-a788-c0dafe3b8cc0: 2043 ms
Input: 5750000,
Cold Start: false
Unique ID: e08dd49d-a782-4042-9a04-474f860aed3d,
Billed Duration for Request e08dd49d-a782-4042-9a04-474f860aed3d: 2123 ms
Input: 5750000,
Cold Start: false
Unique ID: 6e7b5b14-c488-4547-99ad-624736da3e82,
Billed Duration for Request 6e7b5b14-c488-4547-99ad-624736da3e82: 2054 ms
Input: 5750000,
Cold Start: false
Unique ID: 450c07a6-d967-46c1-8f7b-eaa643c0335b,
Billed Duration for Request 450c07a6-d967-46c1-8f7b-eaa643c0335b: 2140 ms
Input: 5750000,
Cold Start: false
Unique ID: 00928298-a5e7-4e24-87cb-6e3a6e903cbb,
Billed Duration for Request 00928298-a5e7-4e24-87cb-6e3a6e903cbb: 2109 ms
Input: 5750000,
Cold Start: false
Unique ID: 38127a5b-987a-43c2-8b85-e9a93614b96e,
Billed Duration for Request 38127a5b-987a-43c2-8b85-e9a93614b96e: 2093 ms
Input: 5750000,
Cold Start: false
Unique ID: 9d6cee74-d87b-4c4e-a30b-af7449a4edef,
Billed Duration for Request 9d6cee74-d87b-4c4e-a30b-af7449a4edef: 2114 ms
Input: 5750000,
Cold Start: false
Unique ID: 20da9c80-35bd-495e-ac3e-de6e103b1159,
Billed Duration for Request 20da9c80-35bd-495e-ac3e-de6e103b1159: 2081 ms
Input: 5750000,
Cold Start: false
Unique ID: 2eaeaa8a-b5d2-4631-ad0a-b14ed6da5b0d,
Billed Duration for Request 2eaeaa8a-b5d2-4631-ad0a-b14ed6da5b0d: 2077 ms
Input: 5750000,
Cold Start: false
Unique ID: 22aa733f-7f77-44e2-a656-27730f634793,
Billed Duration for Request 22aa733f-7f77-44e2-a656-27730f634793: 2009 ms
Input: 5750000,
Cold Start: false
Unique ID: 02dae8ea-3b3b-4fca-891b-8687c3f037cd,
Billed Duration for Request 02dae8ea-3b3b-4fca-891b-8687c3f037cd: 2086 ms
Input: 5750000,
Cold Start: false
Unique ID: 21488076-d9e9-409c-9af6-d7bfc1fe6e17,
Billed Duration for Request 21488076-d9e9-409c-9af6-d7bfc1fe6e17: 2126 ms
Input: 5750000,
Cold Start: false
Unique ID: b9650c67-599d-430c-857e-2816565c0f44,
Billed Duration for Request b9650c67-599d-430c-857e-2816565c0f44: 2015 ms
Input: 5750000,
Cold Start: false
Unique ID: 1177ca52-e1f7-47ae-b89f-8bf650cdc207,
Billed Duration for Request 1177ca52-e1f7-47ae-b89f-8bf650cdc207: 2108 ms
Input: 5750000,
Cold Start: false
Unique ID: 1db68b26-c32d-482b-a059-c3571919863b,
Billed Duration for Request 1db68b26-c32d-482b-a059-c3571919863b: 2109 ms
Input: 5750000,
Cold Start: false
Unique ID: d275f363-0a5a-45e5-9840-034e13d55764,
Billed Duration for Request d275f363-0a5a-45e5-9840-034e13d55764: 2119 ms
Input: 5750000,
Cold Start: false
Unique ID: 44d2f74d-0fe0-436b-8a73-2084f6a80f86,
Billed Duration for Request 44d2f74d-0fe0-436b-8a73-2084f6a80f86: 2062 ms
Input: 5750000,
Cold Start: false
Unique ID: 400aafd5-9445-4959-ae48-037acb85f0c6,
Billed Duration for Request 400aafd5-9445-4959-ae48-037acb85f0c6: 2042 ms
Input: 5750000,
Cold Start: false
Unique ID: b69731d8-5b84-4618-aae6-935dfcdfce15,
Billed Duration for Request b69731d8-5b84-4618-aae6-935dfcdfce15: 2100 ms
Input: 5750000,
Cold Start: false
Unique ID: a502cdfe-6eaf-4951-a548-39c06547dc3f,
Billed Duration for Request a502cdfe-6eaf-4951-a548-39c06547dc3f: 2082 ms
Input: 5750000,
Cold Start: false
Unique ID: d658702f-8ef5-4992-b20e-4f7de4f32d00,
Billed Duration for Request d658702f-8ef5-4992-b20e-4f7de4f32d00: 2110 ms
Input: 5750000,
Cold Start: false
Unique ID: dee5c94d-5eb0-4ec0-b220-5aa44afe5a72,
Billed Duration for Request dee5c94d-5eb0-4ec0-b220-5aa44afe5a72: 2098 ms
Input: 5750000,
Cold Start: false
Unique ID: 85f59c54-9465-426d-beb9-5e9a4a0c0ef7,
Billed Duration for Request 85f59c54-9465-426d-beb9-5e9a4a0c0ef7: 2096 ms
Input: 5750000,
Cold Start: false
Unique ID: d57afe63-fa75-4039-a768-c66e4bedb74e,
Billed Duration for Request d57afe63-fa75-4039-a768-c66e4bedb74e: 2105 ms
Input: 5750000,
Cold Start: false
Unique ID: 28002506-882b-40c7-9773-07537c4c4739,
Billed Duration for Request 28002506-882b-40c7-9773-07537c4c4739: 2107 ms
Input: 5750000,
Cold Start: false
Unique ID: 927cde67-ee41-4e56-986c-75ba9f760630,
Billed Duration for Request 927cde67-ee41-4e56-986c-75ba9f760630: 2148 ms
Input: 5750000,
Cold Start: false
Unique ID: 1e00c8eb-3159-4b72-acf9-fb4e685db472,
Billed Duration for Request 1e00c8eb-3159-4b72-acf9-fb4e685db472: 2077 ms
Input: 5750000,
Cold Start: false
Unique ID: 170470f3-6dde-4c8a-82c5-00d2a74bd80c,
Billed Duration for Request 170470f3-6dde-4c8a-82c5-00d2a74bd80c: 2086 ms
Input: 5750000,
Cold Start: false
Unique ID: 1df05a37-2f58-4992-a509-ccf8d1e0dfe6,
Billed Duration for Request 1df05a37-2f58-4992-a509-ccf8d1e0dfe6: 2101 ms
Input: 5750000,
Cold Start: false
Unique ID: 6354b368-7855-4b5b-b4fe-d294e15a1be4,
Billed Duration for Request 6354b368-7855-4b5b-b4fe-d294e15a1be4: 2021 ms
Input: 5750000,
Cold Start: false
Unique ID: ed4a93b4-2352-481e-b7bb-2be4489348db,
Billed Duration for Request ed4a93b4-2352-481e-b7bb-2be4489348db: 2106 ms
Input: 5750000,
Cold Start: false
Unique ID: 7b779e30-1e7b-481d-b8e4-24dc932cdab3,
Billed Duration for Request 7b779e30-1e7b-481d-b8e4-24dc932cdab3: 2011 ms
Input: 5750000,
Cold Start: false
Unique ID: 096f2773-14c9-4dff-88c1-10a5d6d26d9e,
Billed Duration for Request 096f2773-14c9-4dff-88c1-10a5d6d26d9e: 2129 ms
Input: 5750000,
Cold Start: false
Unique ID: ba614298-864f-4705-8d18-319c4948e84a,
Billed Duration for Request ba614298-864f-4705-8d18-319c4948e84a: 2120 ms
Input: 5750000,
Cold Start: false
Unique ID: 724dbb7d-bc97-4a33-9563-df946887ff09,
Billed Duration for Request 724dbb7d-bc97-4a33-9563-df946887ff09: 2084 ms
Input: 5750000,
Cold Start: false
Unique ID: 500942e2-1169-4712-b1ae-43c6b82c546b,
Billed Duration for Request 500942e2-1169-4712-b1ae-43c6b82c546b: 2124 ms
Input: 5750000,
Cold Start: false
Unique ID: 1eb518df-bb1e-4822-9bde-c1b52a431282,
Billed Duration for Request 1eb518df-bb1e-4822-9bde-c1b52a431282: 2071 ms
Input: 5750000,
Cold Start: false
Unique ID: ccdb0dec-b388-408b-a3f8-db333fb5d653,
Billed Duration for Request ccdb0dec-b388-408b-a3f8-db333fb5d653: 2032 ms
Input: 5750000,
Cold Start: false
Unique ID: be943875-9b3a-4717-b875-b7312052a7ad,
Billed Duration for Request be943875-9b3a-4717-b875-b7312052a7ad: 2106 ms
Input: 5750000,
Cold Start: false
Unique ID: f88b0155-d4ab-459a-97ee-e7de818b759d,
Billed Duration for Request f88b0155-d4ab-459a-97ee-e7de818b759d: 2082 ms
Input: 5750000,
Cold Start: false
Unique ID: 7b9633b4-1b88-4065-9a26-ea1b3f4b0681,
Billed Duration for Request 7b9633b4-1b88-4065-9a26-ea1b3f4b0681: 2116 ms
Input: 5750000,
Cold Start: false
Unique ID: b5685b03-77bf-4dbc-8a3f-236fa866d615,
Billed Duration for Request b5685b03-77bf-4dbc-8a3f-236fa866d615: 2107 ms
Input: 5750000,
Cold Start: false
Unique ID: 8cb4981d-fb23-4094-b68b-35aee8bfb829,
Billed Duration for Request 8cb4981d-fb23-4094-b68b-35aee8bfb829: 2005 ms
Input: 5750000,
Cold Start: false
Unique ID: 09071390-c3a2-4023-966c-52669cefb110,
Billed Duration for Request 09071390-c3a2-4023-966c-52669cefb110: 2116 ms
Input: 5750000,
Cold Start: false
Unique ID: f36e3149-5a5d-4fd8-b7e2-1849b90b1cdc,
Billed Duration for Request f36e3149-5a5d-4fd8-b7e2-1849b90b1cdc: 2089 ms
Input: 5750000,
Cold Start: false
Unique ID: fe3ef4af-68ff-421b-be8c-2673532f077e,
Billed Duration for Request fe3ef4af-68ff-421b-be8c-2673532f077e: 2126 ms
Input: 5750000,
Cold Start: false
Unique ID: 52a4ffcf-388c-4616-9aad-eaa086dd8b10,
Billed Duration for Request 52a4ffcf-388c-4616-9aad-eaa086dd8b10: 2117 ms
Input: 5750000,
Cold Start: false
Unique ID: d11a79df-6215-404c-81f3-9049db5b3c6f,
Billed Duration for Request d11a79df-6215-404c-81f3-9049db5b3c6f: 2048 ms
Input: 5750000,
Cold Start: false
Unique ID: 16136628-924e-4447-8fa1-ac105f294e40,
Billed Duration for Request 16136628-924e-4447-8fa1-ac105f294e40: 2136 ms
Input: 5750000,
Cold Start: false
Unique ID: 6418204b-97fe-40f4-a843-1934109889c2,
Billed Duration for Request 6418204b-97fe-40f4-a843-1934109889c2: 2078 ms
Input: 5750000,
Cold Start: false
Unique ID: f77bb1e4-bc9f-4317-b3dc-24b1e6ac67bb,
Billed Duration for Request f77bb1e4-bc9f-4317-b3dc-24b1e6ac67bb: 2080 ms
Input: 5750000,
Cold Start: false
Unique ID: a16388c3-3d1c-431b-87af-a7698a1510c6,
Billed Duration for Request a16388c3-3d1c-431b-87af-a7698a1510c6: 2039 ms
Input: 5750000,
Cold Start: false
Unique ID: 2a0793e9-7c35-4f5c-a7bc-963228c2e88f,
Billed Duration for Request 2a0793e9-7c35-4f5c-a7bc-963228c2e88f: 2109 ms
Input: 5750000,
Cold Start: false
Unique ID: 1fa1158c-c79e-42b2-8a1b-4c95f9b4c4fb,
Billed Duration for Request 1fa1158c-c79e-42b2-8a1b-4c95f9b4c4fb: 2112 ms
Input: 5750000,
Cold Start: false
Unique ID: 2c7ef070-a662-4949-827d-9cc8aa1b6d8e,
Billed Duration for Request 2c7ef070-a662-4949-827d-9cc8aa1b6d8e: 2065 ms
Input: 5750000,
Cold Start: false
Unique ID: f08feebe-3341-4718-9a9e-da539ab4c28a,
Billed Duration for Request f08feebe-3341-4718-9a9e-da539ab4c28a: 2016 ms
Input: 5750000,
Cold Start: false
Unique ID: 58281fbb-542c-47ae-b451-b96cd846e642,
Billed Duration for Request 58281fbb-542c-47ae-b451-b96cd846e642: 2089 ms
Input: 5750000,
Cold Start: false
Unique ID: 1940e63d-303f-46c4-bc82-11ce09fe0b74,
Billed Duration for Request 1940e63d-303f-46c4-bc82-11ce09fe0b74: 2144 ms
Input: 5750000,
Cold Start: false
Unique ID: b96fa94c-1efa-435b-ac87-228a7c902b04,
Billed Duration for Request b96fa94c-1efa-435b-ac87-228a7c902b04: 2074 ms
Input: 5750000,
Cold Start: false
Unique ID: 7d9b69ca-4b24-41f9-a34d-35255cc0e9f2,
Billed Duration for Request 7d9b69ca-4b24-41f9-a34d-35255cc0e9f2: 2116 ms
Input: 5750000,
Cold Start: false
Unique ID: cd940c01-c3d7-4407-97bb-a30fb25b6286,
Billed Duration for Request cd940c01-c3d7-4407-97bb-a30fb25b6286: 2095 ms
Input: 5750000,
Cold Start: false
Unique ID: a2c719aa-8d3b-460c-af2e-e0f32cdf3f26,
Billed Duration for Request a2c719aa-8d3b-460c-af2e-e0f32cdf3f26: 2026 ms
Input: 5750000,
Cold Start: false
Unique ID: 10bb6e3b-bfa0-4ab8-9ab0-c5cca78a627d,
Billed Duration for Request 10bb6e3b-bfa0-4ab8-9ab0-c5cca78a627d: 2106 ms
Input: 5750000,
Cold Start: false
Unique ID: cc214db1-f934-4264-b7bc-a9d1d6175006,
Billed Duration for Request cc214db1-f934-4264-b7bc-a9d1d6175006: 2084 ms
Input: 5750000,
Cold Start: false
Unique ID: 9082e0d6-a41e-41d2-8fe6-6f7f3c84a561,
Billed Duration for Request 9082e0d6-a41e-41d2-8fe6-6f7f3c84a561: 2127 ms
Input: 5750000,
Cold Start: false
Unique ID: 786b8e05-40af-4181-9f16-ace7a34efc16,
Billed Duration for Request 786b8e05-40af-4181-9f16-ace7a34efc16: 2034 ms
Input: 5750000,
Cold Start: false
Unique ID: 647eb700-3fc2-4e4c-970a-28ae21afaea9,
Billed Duration for Request 647eb700-3fc2-4e4c-970a-28ae21afaea9: 2108 ms
Input: 5750000,
Cold Start: false
Unique ID: 8b1825fc-8d3f-4a10-b6b8-540f018b705f,
Billed Duration for Request 8b1825fc-8d3f-4a10-b6b8-540f018b705f: 2078 ms
Input: 5750000,
Cold Start: false
Unique ID: af5c1ce1-1c6a-407e-936b-c7426791b63c,
Billed Duration for Request af5c1ce1-1c6a-407e-936b-c7426791b63c: 2106 ms
Input: 5750000,
Cold Start: false
Unique ID: 12f5a273-739f-4071-99a4-8b164ebd5e10,
Billed Duration for Request 12f5a273-739f-4071-99a4-8b164ebd5e10: 2126 ms
Input: 5750000,
Cold Start: false
Unique ID: 0b78155a-1117-42da-9c54-14ac93eb21b0,
Billed Duration for Request 0b78155a-1117-42da-9c54-14ac93eb21b0: 2006 ms
Input: 5750000,
Cold Start: false
Unique ID: e54c1097-d620-4104-9f38-409ac3624457,
Billed Duration for Request e54c1097-d620-4104-9f38-409ac3624457: 2105 ms
Input: 5750000,
Cold Start: false
Unique ID: 7640bd15-857f-49e2-923b-45c1e7713baa,
Billed Duration for Request 7640bd15-857f-49e2-923b-45c1e7713baa: 2127 ms
Input: 5750000,
Cold Start: false
Unique ID: 06ae1a15-a7e0-4bdb-b654-42495351e836,
Billed Duration for Request 06ae1a15-a7e0-4bdb-b654-42495351e836: 2025 ms
Input: 5750000,
Cold Start: false
Unique ID: 3c2e47ce-6330-4cc0-b9e0-8e05425a1d4f,
Billed Duration for Request 3c2e47ce-6330-4cc0-b9e0-8e05425a1d4f: 2119 ms
Input: 5750000,
Cold Start: false
Unique ID: 1f9f144f-d05a-486c-b656-c52969ec6089,
Billed Duration for Request 1f9f144f-d05a-486c-b656-c52969ec6089: 2085 ms
Input: 5750000,
Cold Start: false
Unique ID: 70cbfd7c-9694-4c5f-9461-c509e2a688a7,
Billed Duration for Request 70cbfd7c-9694-4c5f-9461-c509e2a688a7: 2129 ms
Input: 5750000,
Cold Start: false
Unique ID: e6da49f9-2f8e-4146-bf5a-d52c1e5379d9,
Billed Duration for Request e6da49f9-2f8e-4146-bf5a-d52c1e5379d9: 2115 ms
Input: 5750000,
Cold Start: false
Unique ID: 50f9b550-2182-487c-bfb0-9a6428fd2daa,
Billed Duration for Request 50f9b550-2182-487c-bfb0-9a6428fd2daa: 2006 ms
Input: 5750000,
Cold Start: false
Unique ID: 6d33c899-7933-4cf9-a761-6ce9c97f6c85,
Billed Duration for Request 6d33c899-7933-4cf9-a761-6ce9c97f6c85: 2116 ms
Input: 5750000,
Cold Start: false
Unique ID: 2a83d0cd-1a38-4b21-96b0-e4916f399537,
Billed Duration for Request 2a83d0cd-1a38-4b21-96b0-e4916f399537: 2133 ms
Input: 5750000,
Cold Start: false
Unique ID: 3ba1bcaa-5462-4b68-8430-d22c00a91607,
Billed Duration for Request 3ba1bcaa-5462-4b68-8430-d22c00a91607: 2097 ms
Input: 5750000,
Cold Start: false
Unique ID: b8c34f26-2372-4d0f-9735-01d5fdc85bdc,
Billed Duration for Request b8c34f26-2372-4d0f-9735-01d5fdc85bdc: 2117 ms
Input: 5750000,
Cold Start: false
Unique ID: db16872f-a189-4ef9-a879-872674912a10,
Billed Duration for Request db16872f-a189-4ef9-a879-872674912a10: 2091 ms
Input: 5750000,
Cold Start: false
Unique ID: 7350459c-c0fa-4306-933a-3086758056ee,
Billed Duration for Request 7350459c-c0fa-4306-933a-3086758056ee: 2102 ms
Input: 5750000,
Cold Start: false
Unique ID: ba583b00-4889-4011-b18b-65de02f95e05,
Billed Duration for Request ba583b00-4889-4011-b18b-65de02f95e05: 2076 ms
Input: 5750000,
Cold Start: false
Unique ID: 14d62da6-bccd-440a-95cd-ef47f0c38671,
Billed Duration for Request 14d62da6-bccd-440a-95cd-ef47f0c38671: 2015 ms
Input: 5750000,
Cold Start: false
Unique ID: bda1f90e-0184-483a-84eb-28938aacde78,
Billed Duration for Request bda1f90e-0184-483a-84eb-28938aacde78: 2111 ms
Input: 5750000,
Cold Start: false
Unique ID: a527e515-4cfc-4162-bb61-9d45672408ad,
Billed Duration for Request a527e515-4cfc-4162-bb61-9d45672408ad: 2039 ms
Input: 5750000,
Cold Start: false
Unique ID: 3b336853-27f5-42c2-b777-5d379202c9ec,
Billed Duration for Request 3b336853-27f5-42c2-b777-5d379202c9ec: 2132 ms
Input: 5750000,
Cold Start: false
Unique ID: 24f8db13-e5b6-4d71-8a8f-66ed89b83e63,
Billed Duration for Request 24f8db13-e5b6-4d71-8a8f-66ed89b83e63: 2099 ms
Input: 5750000,
Cold Start: false
Unique ID: 03cb5ede-c3d3-474c-9456-c4f03e2a003d,
Billed Duration for Request 03cb5ede-c3d3-474c-9456-c4f03e2a003d: 2126 ms
Input: 5750000,
Cold Start: false
Unique ID: ae513d95-9623-4b04-9048-9f5b5a56de99,
Billed Duration for Request ae513d95-9623-4b04-9048-9f5b5a56de99: 2116 ms
Input: 5750000,
Cold Start: false
Unique ID: 5cbf3e18-3c9c-44b5-9583-b3b213f49246,
Billed Duration for Request 5cbf3e18-3c9c-44b5-9583-b3b213f49246: 2101 ms
Input: 5750000,
Cold Start: false
Unique ID: 166711dc-a7f9-46b2-8fab-8e248d014595,
Billed Duration for Request 166711dc-a7f9-46b2-8fab-8e248d014595: 2065 ms
Input: 5750000,
Cold Start: false
Unique ID: f42a0f68-9100-402f-bc28-9d0066bb8bb4,
Billed Duration for Request f42a0f68-9100-402f-bc28-9d0066bb8bb4: 2022 ms
Input: 5750000,
Cold Start: false
Unique ID: b70de2da-1286-4a57-9a18-879d384a55fc,
Billed Duration for Request b70de2da-1286-4a57-9a18-879d384a55fc: 2082 ms
Input: 5750000,
Cold Start: false
Unique ID: 81285760-48e5-419c-8471-404ba138908f,
Billed Duration for Request 81285760-48e5-419c-8471-404ba138908f: 2118 ms
Input: 5750000,
Cold Start: false
Unique ID: 8ae97ed4-9187-496f-b263-616d1fb812a3,
Billed Duration for Request 8ae97ed4-9187-496f-b263-616d1fb812a3: 2036 ms
Input: 5750000,
Cold Start: false
Unique ID: db43993b-be0f-4d71-a055-4bf244b9d864,
Billed Duration for Request db43993b-be0f-4d71-a055-4bf244b9d864: 2139 ms
Input: 5750000,
Cold Start: false
Unique ID: 8ca3a5b1-0092-4984-94d1-8a97a396df1d,
Billed Duration for Request 8ca3a5b1-0092-4984-94d1-8a97a396df1d: 2108 ms
Input: 5750000,
Cold Start: false
Unique ID: c9ae5cfc-d189-42e8-ae2c-25176497c12d,
Billed Duration for Request c9ae5cfc-d189-42e8-ae2c-25176497c12d: 2087 ms
Input: 5750000,
Cold Start: false
Unique ID: 2f0192c9-deae-4e2b-a36f-87be8a1ca6dc,
Billed Duration for Request 2f0192c9-deae-4e2b-a36f-87be8a1ca6dc: 2113 ms
Input: 5750000,
Cold Start: false
Unique ID: 2bbbfef5-0994-4fe9-b39f-a4e9bed6ef01,
Billed Duration for Request 2bbbfef5-0994-4fe9-b39f-a4e9bed6ef01: 2025 ms
Input: 5750000,
Cold Start: false
Unique ID: 8044e060-e81f-43a2-bb91-18d3f8402a6c,
Billed Duration for Request 8044e060-e81f-43a2-bb91-18d3f8402a6c: 2074 ms
Input: 5750000,
Cold Start: false
Unique ID: 2dbf1e71-2b1f-4c9a-84ec-4e896f6bac4b,
Billed Duration for Request 2dbf1e71-2b1f-4c9a-84ec-4e896f6bac4b: 2063 ms
Input: 5750000,
Cold Start: false
Unique ID: 1dc889ff-7f16-4f7c-8f2e-3d5e4fd7b3ce,
Billed Duration for Request 1dc889ff-7f16-4f7c-8f2e-3d5e4fd7b3ce: 2110 ms
Input: 5750000,
Cold Start: false
Unique ID: 154037b8-f540-4e96-9c6e-340624ed1c37,
Billed Duration for Request 154037b8-f540-4e96-9c6e-340624ed1c37: 2065 ms
Input: 5750000,
Cold Start: false
Unique ID: 1075009e-80f8-4ca5-b0ba-7ee758c769c7,
Billed Duration for Request 1075009e-80f8-4ca5-b0ba-7ee758c769c7: 2118 ms
Input: 5750000,
Cold Start: false
Unique ID: 14bf8aa4-b715-4c3c-9fe0-dc0f338337db,
Billed Duration for Request 14bf8aa4-b715-4c3c-9fe0-dc0f338337db: 2134 ms
Input: 5750000,
Cold Start: false
Unique ID: a922dc36-78a5-4e74-aa8f-c7a180d3fa1c,
Billed Duration for Request a922dc36-78a5-4e74-aa8f-c7a180d3fa1c: 2127 ms
Input: 5750000,
Cold Start: false
Unique ID: e0f44d90-4e26-4479-a270-1163f4d68c01,
Billed Duration for Request e0f44d90-4e26-4479-a270-1163f4d68c01: 2108 ms
Input: 5750000,
Cold Start: false
Unique ID: 43c4c074-f3cf-4161-83a2-95df047070cf,
Billed Duration for Request 43c4c074-f3cf-4161-83a2-95df047070cf: 2122 ms
Input: 5750000,
Cold Start: false
Unique ID: ea3fe945-888a-4fe8-9df5-d77c67a43730,
Billed Duration for Request ea3fe945-888a-4fe8-9df5-d77c67a43730: 2077 ms
Input: 5750000,
Cold Start: false
Unique ID: e8c11b5e-77df-4772-80f4-4b7e1e35dd8d,
Billed Duration for Request e8c11b5e-77df-4772-80f4-4b7e1e35dd8d: 1995 ms
Input: 5750000,
Cold Start: false
Unique ID: fbce4a93-a596-4b77-9603-16073353eb1c,
Billed Duration for Request fbce4a93-a596-4b77-9603-16073353eb1c: 2081 ms
Input: 5750000,
Cold Start: false
Unique ID: bcb98ee6-d483-4ccd-837f-bfe5d0cbb15d,
Billed Duration for Request bcb98ee6-d483-4ccd-837f-bfe5d0cbb15d: 2115 ms
Input: 5750000,
Cold Start: false
Unique ID: ba4750d3-789b-4df7-b016-8ea87ee72504,
Billed Duration for Request ba4750d3-789b-4df7-b016-8ea87ee72504: 2103 ms
Input: 5750000,
Cold Start: false
Unique ID: 3719eb62-ac5a-48e5-a001-5a4257fbf89f,
Billed Duration for Request 3719eb62-ac5a-48e5-a001-5a4257fbf89f: 2015 ms
Input: 5750000,
Cold Start: false
Unique ID: fcb15efd-ec2b-4baf-954d-b78fd16d04ab,
Billed Duration for Request fcb15efd-ec2b-4baf-954d-b78fd16d04ab: 2123 ms
Input: 5750000,
Cold Start: false
Unique ID: c5e65c9d-8755-4845-b8b7-bfc65006727e,
Billed Duration for Request c5e65c9d-8755-4845-b8b7-bfc65006727e: 2139 ms
Input: 5750000,
Cold Start: false
Unique ID: 9beaf155-595d-436a-bd9b-088671601714,
Billed Duration for Request 9beaf155-595d-436a-bd9b-088671601714: 2097 ms
Input: 5750000,
Cold Start: false
Unique ID: 7f35ec4f-f490-4f8d-a181-bff829ecf589,
Billed Duration for Request 7f35ec4f-f490-4f8d-a181-bff829ecf589: 2121 ms
Input: 5750000,
Cold Start: false
Unique ID: 37f812a2-36f5-498e-bc30-3fab8d27e051,
Billed Duration for Request 37f812a2-36f5-498e-bc30-3fab8d27e051: 2034 ms
Input: 5750000,
Cold Start: false
Unique ID: 1a3179d8-7ed9-4dbe-b1c5-00ab04d78f84,
Billed Duration for Request 1a3179d8-7ed9-4dbe-b1c5-00ab04d78f84: 2090 ms
Input: 5750000,
Cold Start: false
Unique ID: baaf5941-2e8f-47b7-9a64-750fd9406dd0,
Billed Duration for Request baaf5941-2e8f-47b7-9a64-750fd9406dd0: 2065 ms
Input: 5750000,
Cold Start: false
Unique ID: a8a5ed63-3a38-4a26-892e-60cf3e9d3af9,
Billed Duration for Request a8a5ed63-3a38-4a26-892e-60cf3e9d3af9: 2025 ms
Input: 5750000,
Cold Start: false
Unique ID: 0b69d572-50db-4ba7-815c-f36e000fa9b6,
Billed Duration for Request 0b69d572-50db-4ba7-815c-f36e000fa9b6: 2109 ms
Input: 5750000,
Cold Start: false
Unique ID: 72044d34-1527-415d-896a-005777222808,
Billed Duration for Request 72044d34-1527-415d-896a-005777222808: 2115 ms
Input: 5750000,
Cold Start: false
Unique ID: 43c7dc23-cd4d-4301-8395-e1dbe8497678,
Billed Duration for Request 43c7dc23-cd4d-4301-8395-e1dbe8497678: 2092 ms
Input: 5750000,
Cold Start: false
Unique ID: 782061a4-72bd-4c1a-8e53-fcf1cdd1fc86,
Billed Duration for Request 782061a4-72bd-4c1a-8e53-fcf1cdd1fc86: 2076 ms
Input: 5750000,
Cold Start: false
Unique ID: dd7e26fa-4b34-44a6-b1e0-92feecdfd024,
Billed Duration for Request dd7e26fa-4b34-44a6-b1e0-92feecdfd024: 2103 ms
Input: 5750000,
Cold Start: false
Unique ID: 4eee5000-67db-49b6-a6e0-33bd9632b180,
Billed Duration for Request 4eee5000-67db-49b6-a6e0-33bd9632b180: 2017 ms
Input: 5750000,
Cold Start: false
Unique ID: 406b1bf9-4270-4292-84b8-ff7c71b249a3,
Billed Duration for Request 406b1bf9-4270-4292-84b8-ff7c71b249a3: 2122 ms
Input: 5750000,
Cold Start: false
Unique ID: 296ccb45-ce03-43df-b1d8-627a9e3af7ab,
Billed Duration for Request 296ccb45-ce03-43df-b1d8-627a9e3af7ab: 2069 ms
Input: 5750000,
Cold Start: false
Unique ID: 061d626f-364d-40aa-8c34-725a175adc3a,
Billed Duration for Request 061d626f-364d-40aa-8c34-725a175adc3a: 2071 ms
Input: 5750000,
Cold Start: false
Unique ID: 914dc4fc-36a7-4d75-8289-9a461e234471,
Billed Duration for Request 914dc4fc-36a7-4d75-8289-9a461e234471: 2133 ms
Input: 5750000,
Cold Start: false
Unique ID: 4cba2498-b308-4487-8a53-8e4a8566425d,
Billed Duration for Request 4cba2498-b308-4487-8a53-8e4a8566425d: 2106 ms
Input: 5750000,
Cold Start: false
Unique ID: 94828526-9ba7-48bb-9e59-0edb28edbcd0,
Billed Duration for Request 94828526-9ba7-48bb-9e59-0edb28edbcd0: 2017 ms
Input: 5750000,
Cold Start: false
Unique ID: ce310124-845a-4348-8a09-164cb31c0b3d,
Billed Duration for Request ce310124-845a-4348-8a09-164cb31c0b3d: 2082 ms
Input: 5750000,
Cold Start: false
Unique ID: d8c8ebb3-42ce-4c57-96fb-1008fcc75d69,
Billed Duration for Request d8c8ebb3-42ce-4c57-96fb-1008fcc75d69: 2009 ms
Input: 5750000,
Cold Start: false
Unique ID: a6303fd4-f57a-48a2-9095-428e0132308c,
Billed Duration for Request a6303fd4-f57a-48a2-9095-428e0132308c: 2095 ms
Input: 5750000,
Cold Start: false
Unique ID: 118faadd-5db6-40b1-9cfc-0cfe5072d962,
Billed Duration for Request 118faadd-5db6-40b1-9cfc-0cfe5072d962: 2104 ms
Input: 5750000,
Cold Start: false
Unique ID: dfccd7c1-2d32-4d75-a4ba-8875a6769df3,
Billed Duration for Request dfccd7c1-2d32-4d75-a4ba-8875a6769df3: 2069 ms
Input: 5750000,
Cold Start: false
Unique ID: 150478e2-cecd-435a-8b08-9590d99fb246,
Billed Duration for Request 150478e2-cecd-435a-8b08-9590d99fb246: 2126 ms
Input: 5750000,
Cold Start: false
Unique ID: c999afb3-4756-486a-9f01-df2c1b3f372d,
Billed Duration for Request c999afb3-4756-486a-9f01-df2c1b3f372d: 2070 ms
Input: 5750000,
Cold Start: false
Unique ID: a643a71c-acb3-46d2-a81f-2216c8ee0977,
Billed Duration for Request a643a71c-acb3-46d2-a81f-2216c8ee0977: 2108 ms
Input: 5750000,
Cold Start: false
Unique ID: a2da62a0-9fc3-41af-821d-4cf11a44f987,
Billed Duration for Request a2da62a0-9fc3-41af-821d-4cf11a44f987: 2029 ms
Input: 5750000,
Cold Start: false
Unique ID: d85bddad-b7ec-4b3a-b173-f12fbeffba4e,
Billed Duration for Request d85bddad-b7ec-4b3a-b173-f12fbeffba4e: 2114 ms
Input: 5750000,
Cold Start: false
Unique ID: 8f055794-801a-4cdc-a12d-c0ad3d5d4e01,
Billed Duration for Request 8f055794-801a-4cdc-a12d-c0ad3d5d4e01: 2072 ms
Input: 5750000,
Cold Start: false
Unique ID: 6b18ca3d-ab10-443a-ae04-f65f7acdf91b,
Billed Duration for Request 6b18ca3d-ab10-443a-ae04-f65f7acdf91b: 2022 ms
Input: 5750000,
Cold Start: false
Unique ID: f77c0459-53f7-4cfe-98ae-823ef5d9b45c,
Billed Duration for Request f77c0459-53f7-4cfe-98ae-823ef5d9b45c: 2103 ms
Input: 5750000,
Cold Start: false
Unique ID: 68ff985e-3cf2-4212-8d82-7fd53a2dddd0,
Billed Duration for Request 68ff985e-3cf2-4212-8d82-7fd53a2dddd0: 2096 ms
Input: 5750000,
Cold Start: false
Unique ID: 362026a9-9362-442b-9b9c-14f75f9794a3,
Billed Duration for Request 362026a9-9362-442b-9b9c-14f75f9794a3: 2133 ms
Input: 5750000,
Cold Start: false
Unique ID: d7c2cba1-ba50-4148-98d3-3f68396360e0,
Billed Duration for Request d7c2cba1-ba50-4148-98d3-3f68396360e0: 2074 ms
Input: 5750000,
Cold Start: false
Unique ID: 3606fc14-a421-41c0-bb59-24149a7efe05,
Billed Duration for Request 3606fc14-a421-41c0-bb59-24149a7efe05: 2083 ms
Input: 5750000,
Cold Start: false
Unique ID: 6a6894f9-750f-4d13-8c72-9c0ee7320941,
Billed Duration for Request 6a6894f9-750f-4d13-8c72-9c0ee7320941: 2053 ms
Input: 5750000,
Cold Start: false
Unique ID: 913288df-e9e2-4e16-b2ef-b07ce908afbc,
Billed Duration for Request 913288df-e9e2-4e16-b2ef-b07ce908afbc: 2106 ms
Input: 5750000,
Cold Start: false
Unique ID: ff6c4eb4-1bb0-4a93-bf4e-7dc43f7a2573,
Billed Duration for Request ff6c4eb4-1bb0-4a93-bf4e-7dc43f7a2573: 2099 ms
Input: 5750000,
Cold Start: false
Unique ID: 6ffb2759-e2cd-428d-a9d4-3cb6e4d7069a,
Billed Duration for Request 6ffb2759-e2cd-428d-a9d4-3cb6e4d7069a: 2032 ms
Input: 5750000,
Cold Start: false
Unique ID: 7b95493d-9b05-489b-9d10-1bffaf16033f,
Billed Duration for Request 7b95493d-9b05-489b-9d10-1bffaf16033f: 2100 ms
Input: 5750000,
Cold Start: false
Unique ID: 9c594016-ac3c-4c49-bdc1-cedc6cdf035a,
Billed Duration for Request 9c594016-ac3c-4c49-bdc1-cedc6cdf035a: 2109 ms
Input: 5750000,
Cold Start: false
Unique ID: a770d3d8-d179-466f-9f85-84a60dc2c3a3,
Billed Duration for Request a770d3d8-d179-466f-9f85-84a60dc2c3a3: 2080 ms
Input: 5750000,
Cold Start: false
Unique ID: 8e881843-85d1-4145-a20e-347c14d85382,
Billed Duration for Request 8e881843-85d1-4145-a20e-347c14d85382: 2123 ms
Input: 5750000,
Cold Start: false
Unique ID: 394397ee-29df-4c1a-bf49-556988d8b300,
Billed Duration for Request 394397ee-29df-4c1a-bf49-556988d8b300: 2073 ms
Input: 5750000,
Cold Start: false
Unique ID: ec4b7de8-364a-46e7-b01a-097d26c1f658,
Billed Duration for Request ec4b7de8-364a-46e7-b01a-097d26c1f658: 2079 ms
Input: 5750000,
Cold Start: false
Unique ID: 5758aed7-23de-4a99-8833-e29949bc0548,
Billed Duration for Request 5758aed7-23de-4a99-8833-e29949bc0548: 2054 ms
Input: 5750000,
Cold Start: false
Unique ID: 4fa7f6c9-c17f-4702-b42e-53932df14ee1,
Billed Duration for Request 4fa7f6c9-c17f-4702-b42e-53932df14ee1: 2128 ms
Input: 5750000,
Cold Start: false
Unique ID: 82c7d1af-3b37-4053-954e-ba0dd4b5b00e,
Billed Duration for Request 82c7d1af-3b37-4053-954e-ba0dd4b5b00e: 2013 ms
Input: 5750000,
Cold Start: false
Unique ID: dce7cf2d-66bd-4160-a3bf-169497209d3d,
Billed Duration for Request dce7cf2d-66bd-4160-a3bf-169497209d3d: 2122 ms
Input: 5750000,
Cold Start: false
Unique ID: 71f12a94-89b5-44b0-b044-e1282a8c970a,
Billed Duration for Request 71f12a94-89b5-44b0-b044-e1282a8c970a: 2101 ms
Input: 5750000,
Cold Start: false
Unique ID: 6f1d2c8d-5081-44af-8493-ba57e384dd14,
Billed Duration for Request 6f1d2c8d-5081-44af-8493-ba57e384dd14: 2101 ms
Input: 5750000,
Cold Start: false
Unique ID: 5d76d7ba-4597-45bd-bee6-d6c2ba547eaf,
Billed Duration for Request 5d76d7ba-4597-45bd-bee6-d6c2ba547eaf: 2116 ms
Input: 5750000,
Cold Start: false
Unique ID: 1a355795-4d00-48b1-832d-04cfca970fc9,
Billed Duration for Request 1a355795-4d00-48b1-832d-04cfca970fc9: 2106 ms
Input: 5750000,
Cold Start: false
Unique ID: 6fd2a41f-f2d2-443c-a44f-dc1e13578ca5,
Billed Duration for Request 6fd2a41f-f2d2-443c-a44f-dc1e13578ca5: 2097 ms
Input: 5750000,
Cold Start: false
Unique ID: 12b03822-b9bf-4c4c-a740-6668ec770a89,
Billed Duration for Request 12b03822-b9bf-4c4c-a740-6668ec770a89: 2080 ms
Input: 5750000,
Cold Start: false
Unique ID: ac9295a4-311c-4f82-952a-3ee7c26050b7,
Billed Duration for Request ac9295a4-311c-4f82-952a-3ee7c26050b7: 2021 ms
Input: 5750000,
Cold Start: false
Unique ID: 797361cd-431b-4e38-a192-e7a5fd6a07b7,
Billed Duration for Request 797361cd-431b-4e38-a192-e7a5fd6a07b7: 2133 ms
Input: 5750000,
Cold Start: false
Unique ID: 99fb8472-c363-4b7c-9783-d66b32f27ca0,
Billed Duration for Request 99fb8472-c363-4b7c-9783-d66b32f27ca0: 2006 ms
Input: 5750000,
Cold Start: false
Unique ID: 3cd3359c-b655-4d44-8a9c-b28534849446,
Billed Duration for Request 3cd3359c-b655-4d44-8a9c-b28534849446: 2128 ms
Input: 5750000,
Cold Start: false
Unique ID: a409a542-775f-4da6-aa14-dddb1d6c8304,
Billed Duration for Request a409a542-775f-4da6-aa14-dddb1d6c8304: 2107 ms
Input: 5750000,
Cold Start: false
Unique ID: 8205e4be-9c3c-46f5-bbfe-529ca44f5918,
Billed Duration for Request 8205e4be-9c3c-46f5-bbfe-529ca44f5918: 2106 ms
Input: 5750000,
Cold Start: false
Unique ID: a6e82793-c2bd-4fd7-bfee-82cbe7144656,
Billed Duration for Request a6e82793-c2bd-4fd7-bfee-82cbe7144656: 2124 ms
Input: 5750000,
Cold Start: false
Unique ID: e5055123-f6c8-43a8-b51e-b793864ae406,
Billed Duration for Request e5055123-f6c8-43a8-b51e-b793864ae406: 2119 ms
Input: 5750000,
Cold Start: false
Unique ID: 2f148fc4-487b-4fcf-949a-38d899d80862,
Billed Duration for Request 2f148fc4-487b-4fcf-949a-38d899d80862: 2063 ms
Input: 5750000,
Cold Start: false
Unique ID: 7f5f7968-2aa0-4089-b29c-cadc2fee1ece,
Billed Duration for Request 7f5f7968-2aa0-4089-b29c-cadc2fee1ece: 2098 ms
Input: 5750000,
Cold Start: false
Unique ID: c979d9b8-fffe-439b-9d76-d6aeabe31abc,
Billed Duration for Request c979d9b8-fffe-439b-9d76-d6aeabe31abc: 2027 ms
Input: 5750000,
Cold Start: false
Unique ID: 84d761fb-909f-4aee-88c4-8f4933955e05,
Billed Duration for Request 84d761fb-909f-4aee-88c4-8f4933955e05: 2012 ms
Input: 5750000,
Cold Start: false
Unique ID: 66d23ae6-905c-4f38-b225-8a0d2c892c3f,
Billed Duration for Request 66d23ae6-905c-4f38-b225-8a0d2c892c3f: 2129 ms
Input: 5750000,
Cold Start: false
Unique ID: 3b4972a5-18d4-4c1b-bc9b-2cdbeb05306d,
Billed Duration for Request 3b4972a5-18d4-4c1b-bc9b-2cdbeb05306d: 2118 ms
Input: 5750000,
Cold Start: false
Unique ID: f3d421be-d663-431f-9568-3504e50cd63a,
Billed Duration for Request f3d421be-d663-431f-9568-3504e50cd63a: 2121 ms
Input: 5750000,
Cold Start: false
Unique ID: c88209fe-3ace-4bd6-bfaf-259ce08b89b1,
Billed Duration for Request c88209fe-3ace-4bd6-bfaf-259ce08b89b1: 2107 ms
Input: 5750000,
Cold Start: false
Unique ID: c6b056ce-480d-462a-99b0-7baf7006489a,
Billed Duration for Request c6b056ce-480d-462a-99b0-7baf7006489a: 2091 ms
Input: 5750000,
Cold Start: false
Unique ID: 8b2b48e2-cc3e-4c1e-847e-8a57c463c2a6,
Billed Duration for Request 8b2b48e2-cc3e-4c1e-847e-8a57c463c2a6: 2138 ms
Input: 5750000,
Cold Start: false
Unique ID: 4b246fe1-eba2-4522-b168-c93691978940,
Billed Duration for Request 4b246fe1-eba2-4522-b168-c93691978940: 2080 ms
Input: 5750000,
Cold Start: false
Unique ID: b6b8d081-716e-42fd-b307-fa1f02bfc699,
Billed Duration for Request b6b8d081-716e-42fd-b307-fa1f02bfc699: 2074 ms
Input: 5750000,
Cold Start: false
Unique ID: 85ef8262-d5bc-4fae-8d31-0c57f0ae25e5,
Billed Duration for Request 85ef8262-d5bc-4fae-8d31-0c57f0ae25e5: 2022 ms
Input: 5750000,
Cold Start: false
Unique ID: 3d40e539-773a-4887-8ee1-60dd7bd77b8d,
Billed Duration for Request 3d40e539-773a-4887-8ee1-60dd7bd77b8d: 2117 ms
Input: 5750000,
Cold Start: false
Unique ID: 4db17f69-3322-46cd-85e6-f214590b0339,
Billed Duration for Request 4db17f69-3322-46cd-85e6-f214590b0339: 2039 ms
Input: 5750000,
Cold Start: false
Unique ID: f3f13c22-32c9-4911-a767-639df5a916c1,
Billed Duration for Request f3f13c22-32c9-4911-a767-639df5a916c1: 2104 ms
Input: 5750000,
Cold Start: false
Unique ID: 2e6fc4ba-9d5a-4496-8914-70da827c8e00,
Billed Duration for Request 2e6fc4ba-9d5a-4496-8914-70da827c8e00: 2082 ms
Input: 5750000,
Cold Start: false
Unique ID: 4de4cb95-cbb0-4760-8ba1-7883cdd66ab3,
Billed Duration for Request 4de4cb95-cbb0-4760-8ba1-7883cdd66ab3: 2087 ms
Input: 5750000,
Cold Start: false
Unique ID: 108b0e8f-bf60-4366-ad94-ff9b88a1ef33,
Billed Duration for Request 108b0e8f-bf60-4366-ad94-ff9b88a1ef33: 2130 ms
Input: 5750000,
Cold Start: false
Unique ID: 0183d0b4-6e90-4aab-abe0-f968505680fe,
Billed Duration for Request 0183d0b4-6e90-4aab-abe0-f968505680fe: 2120 ms
Input: 5750000,
Cold Start: false
Unique ID: cdfae3f2-ad55-45d0-939e-3967b39c5823,
Billed Duration for Request cdfae3f2-ad55-45d0-939e-3967b39c5823: 2024 ms
Input: 5750000,
Cold Start: false
Unique ID: 28ba7b0a-7cc3-4aff-9d70-b02f86c8914c,
Billed Duration for Request 28ba7b0a-7cc3-4aff-9d70-b02f86c8914c: 2069 ms
Input: 5750000,
Cold Start: false
Unique ID: 772f6df0-6dca-416d-be28-64c550ecd1ed,
Billed Duration for Request 772f6df0-6dca-416d-be28-64c550ecd1ed: 2035 ms
Input: 5750000,
Cold Start: false
Unique ID: 1fc32878-c518-4851-9c1b-607d08f340f6,
Billed Duration for Request 1fc32878-c518-4851-9c1b-607d08f340f6: 2130 ms
Input: 5750000,
Cold Start: false
Unique ID: 5ae2a3ed-d180-42db-be3f-37866c6a7961,
Billed Duration for Request 5ae2a3ed-d180-42db-be3f-37866c6a7961: 2072 ms
Input: 5750000,
Cold Start: false
Unique ID: 54758cd6-66b3-433c-ac41-736876952121,
Billed Duration for Request 54758cd6-66b3-433c-ac41-736876952121: 2118 ms
Input: 5750000,
Cold Start: false
Unique ID: cec8ec4a-5fc2-4cc6-a330-c3f6e13f3b21,
Billed Duration for Request cec8ec4a-5fc2-4cc6-a330-c3f6e13f3b21: 2109 ms
Input: 5750000,
Cold Start: false
Unique ID: 25e7a43b-ce97-4cc8-adf2-a1d3de260d7f,
Billed Duration for Request 25e7a43b-ce97-4cc8-adf2-a1d3de260d7f: 2118 ms
Input: 5750000,
Cold Start: false
Unique ID: e688e946-1cf7-43aa-b233-5fe3d6a720f0,
Billed Duration for Request e688e946-1cf7-43aa-b233-5fe3d6a720f0: 2123 ms
Input: 5750000,
Cold Start: false
Unique ID: d5f7deab-7737-419a-aeae-0ec1c21d13d1,
Billed Duration for Request d5f7deab-7737-419a-aeae-0ec1c21d13d1: 2125 ms
Input: 5750000,
Cold Start: false
Unique ID: a024a85b-b5ef-4b06-91c5-02ad3e97f430,
Billed Duration for Request a024a85b-b5ef-4b06-91c5-02ad3e97f430: 2018 ms
Input: 5750000,
Cold Start: false
Unique ID: aab09e33-0b36-4a8c-9bde-a04236dcdd90,
Billed Duration for Request aab09e33-0b36-4a8c-9bde-a04236dcdd90: 2092 ms
Input: 5750000,
Cold Start: false
Unique ID: 4387f764-9a43-453d-8a34-02f0ed54c171,
Billed Duration for Request 4387f764-9a43-453d-8a34-02f0ed54c171: 2023 ms
Input: 5750000,
Cold Start: false
Unique ID: 0f0cfa29-9f69-4085-8965-bb101b73f41d,
Billed Duration for Request 0f0cfa29-9f69-4085-8965-bb101b73f41d: 2121 ms
Input: 5750000,
Cold Start: false
Unique ID: e0992302-f5d4-40a4-b2e1-ffc779407750,
Billed Duration for Request e0992302-f5d4-40a4-b2e1-ffc779407750: 2071 ms
Input: 5750000,
Cold Start: false
Unique ID: 40555bb5-9bea-4c3c-b939-bc2882845055,
Billed Duration for Request 40555bb5-9bea-4c3c-b939-bc2882845055: 2129 ms
Input: 5750000,
Cold Start: false
Unique ID: f343d113-76da-4599-9557-787b18c3035d,
Billed Duration for Request f343d113-76da-4599-9557-787b18c3035d: 2091 ms
Input: 5750000,
Cold Start: false
Unique ID: f2a3b8ea-9865-44e4-bf71-776a1e458c7b,
Billed Duration for Request f2a3b8ea-9865-44e4-bf71-776a1e458c7b: 2103 ms
Input: 5750000,
Cold Start: false
Unique ID: 1a4d50ce-d369-4b91-a01f-ebcea1080afd,
Billed Duration for Request 1a4d50ce-d369-4b91-a01f-ebcea1080afd: 2008 ms
Input: 5750000,
Cold Start: false
Unique ID: a8530797-deb1-462c-9e21-4ae277f2883a,
Billed Duration for Request a8530797-deb1-462c-9e21-4ae277f2883a: 2114 ms
Input: 5750000,
Cold Start: false
Unique ID: 17ff291a-d0b6-4587-b5be-db1a8d9de010,
Billed Duration for Request 17ff291a-d0b6-4587-b5be-db1a8d9de010: 2092 ms
Input: 5750000,
Cold Start: false
Unique ID: ad1a23dd-5be4-4624-add0-54bb81f870a4,
Billed Duration for Request ad1a23dd-5be4-4624-add0-54bb81f870a4: 2086 ms
Input: 5750000,
Cold Start: false
Unique ID: 40c7c152-5d1b-4525-986f-e1823dab2aa1,
Billed Duration for Request 40c7c152-5d1b-4525-986f-e1823dab2aa1: 2059 ms
Input: 5750000,
Cold Start: false
Unique ID: c7219547-c68c-4cb6-8074-5a9df438cf11,
Billed Duration for Request c7219547-c68c-4cb6-8074-5a9df438cf11: 2075 ms
Input: 5750000,
Cold Start: false
Unique ID: 8d60ca48-c32e-4078-a096-d0bfaa9da8ee,
Billed Duration for Request 8d60ca48-c32e-4078-a096-d0bfaa9da8ee: 2122 ms
Input: 5750000,
Cold Start: false
Unique ID: d3cc8bad-eaba-4636-9578-4cec2a4dbf83,
Billed Duration for Request d3cc8bad-eaba-4636-9578-4cec2a4dbf83: 2122 ms
Input: 5750000,
Cold Start: false
Unique ID: a5a657db-c67f-4fbc-9bec-bf99f5868a98,
Billed Duration for Request a5a657db-c67f-4fbc-9bec-bf99f5868a98: 2014 ms
Input: 5750000,
Cold Start: false
Unique ID: 4aa54298-1d27-4d7a-8260-4375fb4e7878,
Billed Duration for Request 4aa54298-1d27-4d7a-8260-4375fb4e7878: 2143 ms
Input: 5750000,
Cold Start: false
Unique ID: e6a73005-2733-4a11-8f5e-69ad5377ba17,
Billed Duration for Request e6a73005-2733-4a11-8f5e-69ad5377ba17: 2094 ms
Input: 5750000,
Cold Start: false
Unique ID: 8c2ff56d-2ef2-4756-8c70-8668ba530e48,
Billed Duration for Request 8c2ff56d-2ef2-4756-8c70-8668ba530e48: 2137 ms
Input: 5750000,
Cold Start: false
Unique ID: 98ccf9d2-04ec-4ac0-a5cc-d5e6dfd2a1ff,
Billed Duration for Request 98ccf9d2-04ec-4ac0-a5cc-d5e6dfd2a1ff: 2135 ms
Input: 5750000,
Cold Start: false
Unique ID: 83a477d6-a370-45d6-ac24-a6640a5332ed,
Billed Duration for Request 83a477d6-a370-45d6-ac24-a6640a5332ed: 2023 ms
Input: 5750000,
Cold Start: false
Unique ID: 6c0f8cfd-ca1f-40cb-9bde-c5886250ee2d,
Billed Duration for Request 6c0f8cfd-ca1f-40cb-9bde-c5886250ee2d: 2092 ms
Input: 5750000,
Cold Start: false
Unique ID: 87f09f1c-6352-442d-9d4b-ec8addf04336,
Billed Duration for Request 87f09f1c-6352-442d-9d4b-ec8addf04336: 2088 ms
Input: 5750000,
Cold Start: false
Unique ID: 34b118a2-6064-4278-bb51-c26803f31914,
Billed Duration for Request 34b118a2-6064-4278-bb51-c26803f31914: 2141 ms
Input: 5750000,
Cold Start: false
Unique ID: f24a925b-1c4a-466b-ae77-2c9b36ef9e4e,
Billed Duration for Request f24a925b-1c4a-466b-ae77-2c9b36ef9e4e: 2102 ms
Input: 5750000,
Cold Start: false
Unique ID: 3f66b599-22cd-41ad-adf7-b352a39d6f46,
Billed Duration for Request 3f66b599-22cd-41ad-adf7-b352a39d6f46: 2094 ms
Input: 5750000,
Cold Start: false
Unique ID: 3f4491cd-6eb2-4371-8626-1387d2d60884,
Billed Duration for Request 3f4491cd-6eb2-4371-8626-1387d2d60884: 2117 ms
Input: 5750000,
Cold Start: false
Unique ID: fbb6402e-0277-4690-9bef-a10bb1b8ee93,
Billed Duration for Request fbb6402e-0277-4690-9bef-a10bb1b8ee93: 2038 ms
Input: 5750000,
Cold Start: false
Unique ID: e7f92558-90a7-407c-8b18-05961afcc163,
Billed Duration for Request e7f92558-90a7-407c-8b18-05961afcc163: 2117 ms
Input: 5750000,
Cold Start: false
Unique ID: 90f5ae23-1972-47cf-a573-0a6e4dae1e8c,
Billed Duration for Request 90f5ae23-1972-47cf-a573-0a6e4dae1e8c: 2107 ms
Input: 5750000,
Cold Start: false
Unique ID: d548abfb-335e-4bf0-a0d3-e45eb537ff67,
Billed Duration for Request d548abfb-335e-4bf0-a0d3-e45eb537ff67: 2110 ms
Input: 5750000,
Cold Start: false
Unique ID: 00b37b3f-60df-4aab-99f1-ff5a856b7a6e,
Billed Duration for Request 00b37b3f-60df-4aab-99f1-ff5a856b7a6e: 2084 ms
Input: 5750000,
Cold Start: false
Unique ID: 23257df3-ec3f-42eb-a73b-0f4d8fb5feda,
Billed Duration for Request 23257df3-ec3f-42eb-a73b-0f4d8fb5feda: 2005 ms
Input: 5750000,
Cold Start: false
Unique ID: 94013709-9204-4e9f-acbb-98fb32d571ea,
Billed Duration for Request 94013709-9204-4e9f-acbb-98fb32d571ea: 2127 ms
Input: 5750000,
Cold Start: false
Unique ID: 109368b6-c52b-483a-aea3-847487ea6e41,
Billed Duration for Request 109368b6-c52b-483a-aea3-847487ea6e41: 2102 ms
Input: 5750000,
Cold Start: false
Unique ID: 68a02440-8006-477c-8e54-387cb9e5ae52,
Billed Duration for Request 68a02440-8006-477c-8e54-387cb9e5ae52: 2095 ms
Input: 5750000,
Cold Start: false
Unique ID: cef09a3d-4ed2-4ad3-8edf-7aa15c47b9d1,
Billed Duration for Request cef09a3d-4ed2-4ad3-8edf-7aa15c47b9d1: 2075 ms
Input: 5750000,
Cold Start: false
Unique ID: a1116c36-7cf2-427a-9ff4-6dad27f58493,
Billed Duration for Request a1116c36-7cf2-427a-9ff4-6dad27f58493: 2020 ms
Input: 5750000,
Cold Start: false
Unique ID: af431e07-4e4a-4820-9276-82888152c173,
Billed Duration for Request af431e07-4e4a-4820-9276-82888152c173: 2100 ms
Input: 5750000,
Cold Start: false
Unique ID: 444d8aa1-cea0-4e35-aa77-457a4553f574,
Billed Duration for Request 444d8aa1-cea0-4e35-aa77-457a4553f574: 2127 ms
Input: 5750000,
Cold Start: false
Unique ID: 0c1e27de-6967-42bf-be72-218f80a02a38,
Billed Duration for Request 0c1e27de-6967-42bf-be72-218f80a02a38: 2070 ms
Input: 5750000,
Cold Start: false
Unique ID: 7a2451eb-fdd2-444b-b06a-caad57f0c4b0,
Billed Duration for Request 7a2451eb-fdd2-444b-b06a-caad57f0c4b0: 2016 ms
Input: 5750000,
Cold Start: false
Unique ID: 44fb5951-5473-4d0c-9953-ddc23f326206,
Billed Duration for Request 44fb5951-5473-4d0c-9953-ddc23f326206: 2070 ms
Input: 5750000,
Cold Start: false
Unique ID: 414a35d4-41f3-4fd2-9481-71109ddcaa8c,
Billed Duration for Request 414a35d4-41f3-4fd2-9481-71109ddcaa8c: 2135 ms
Input: 5750000,
Cold Start: false
Unique ID: f9d4a503-b299-450f-b210-4d9d947a981c,
Billed Duration for Request f9d4a503-b299-450f-b210-4d9d947a981c: 2107 ms
Input: 5750000,
Cold Start: false
Unique ID: ff0e6045-7b22-4253-bfd9-de52cee88055,
Billed Duration for Request ff0e6045-7b22-4253-bfd9-de52cee88055: 2062 ms
Input: 5750000,
Cold Start: false
Unique ID: 56d75cdd-95a3-4be7-82df-9d89604573c1,
Billed Duration for Request 56d75cdd-95a3-4be7-82df-9d89604573c1: 2098 ms
Input: 5750000,
Cold Start: false
Unique ID: 1c5f2440-5dc2-47ba-bd38-5fa9e5f03d95,
Billed Duration for Request 1c5f2440-5dc2-47ba-bd38-5fa9e5f03d95: 2120 ms
Input: 5750000,
Cold Start: false
Unique ID: 1983b484-33b8-4033-9c35-8965c2ef17f6,
Billed Duration for Request 1983b484-33b8-4033-9c35-8965c2ef17f6: 2108 ms
Input: 5750000,
Cold Start: false
Unique ID: a160b7c5-746a-45a9-8ca1-e39620c2abab,
Billed Duration for Request a160b7c5-746a-45a9-8ca1-e39620c2abab: 2094 ms
Input: 5750000,
Cold Start: false
Unique ID: 7be10f26-2dd2-4725-87da-1723916f751e,
Billed Duration for Request 7be10f26-2dd2-4725-87da-1723916f751e: 2068 ms
Input: 5750000,
Cold Start: false
Unique ID: 6a4543e8-de29-499f-bdfb-873b3571da7b,
Billed Duration for Request 6a4543e8-de29-499f-bdfb-873b3571da7b: 2025 ms
Input: 5750000,
Cold Start: false
Unique ID: 7fb42093-06ae-4a7e-beb4-aaf7ceb62101,
Billed Duration for Request 7fb42093-06ae-4a7e-beb4-aaf7ceb62101: 2123 ms
Input: 5750000,
Cold Start: false
Unique ID: 9243396a-628a-4eb3-9c14-b666aa359857,
Billed Duration for Request 9243396a-628a-4eb3-9c14-b666aa359857: 2107 ms
Input: 5750000,
Cold Start: false
Unique ID: c7f78938-d7ea-438d-a97c-d0af2d129b9d,
Billed Duration for Request c7f78938-d7ea-438d-a97c-d0af2d129b9d: 2104 ms
Input: 5750000,
Cold Start: false
Unique ID: fa159c0a-495e-4d1c-8801-bb801b1f8b65,
Billed Duration for Request fa159c0a-495e-4d1c-8801-bb801b1f8b65: 2028 ms
Input: 5750000,
Cold Start: false
Unique ID: e3da418f-5402-4df2-a0d5-73648621cc69,
Billed Duration for Request e3da418f-5402-4df2-a0d5-73648621cc69: 2084 ms
Input: 5750000,
Cold Start: false
Unique ID: 33492745-192e-4ac2-ab69-47dc6c6ce7fc,
Billed Duration for Request 33492745-192e-4ac2-ab69-47dc6c6ce7fc: 2133 ms
Input: 5750000,
Cold Start: false
Unique ID: 9d7a8b57-9583-4acf-afe1-99957e468e0d,
Billed Duration for Request 9d7a8b57-9583-4acf-afe1-99957e468e0d: 2113 ms
Input: 5750000,
Cold Start: false
Unique ID: e2bcb4b3-b241-46d6-a328-9ce6fddd3273,
Billed Duration for Request e2bcb4b3-b241-46d6-a328-9ce6fddd3273: 2008 ms
Input: 5750000,
Cold Start: false
Unique ID: 902d2ab7-d752-4edd-a224-a6f1a46815a3,
Billed Duration for Request 902d2ab7-d752-4edd-a224-a6f1a46815a3: 2092 ms
Input: 5750000,
Cold Start: false
Unique ID: 6d5c6f67-484e-46a6-9826-8282432440de,
Billed Duration for Request 6d5c6f67-484e-46a6-9826-8282432440de: 2073 ms
Input: 5750000,
Cold Start: false
Unique ID: 160727d0-7cfa-43f3-9af6-de62ff54aa92,
Billed Duration for Request 160727d0-7cfa-43f3-9af6-de62ff54aa92: 2135 ms
Input: 5750000,
Cold Start: false
Unique ID: c97bcd25-6f11-41ff-8a96-1fb1e12db629,
Billed Duration for Request c97bcd25-6f11-41ff-8a96-1fb1e12db629: 2115 ms
Input: 5750000,
Cold Start: false
Unique ID: 708d342a-23ef-4e69-894d-8ec4d2f04301,
Billed Duration for Request 708d342a-23ef-4e69-894d-8ec4d2f04301: 2107 ms
Input: 5750000,
Cold Start: false
Unique ID: e9f1a665-04ae-46da-aff4-57858d53e935,
Billed Duration for Request e9f1a665-04ae-46da-aff4-57858d53e935: 2053 ms
Input: 5750000,
Cold Start: false
Unique ID: 7402bc1d-8e0a-4dbe-8e77-b9b6f94e9816,
Billed Duration for Request 7402bc1d-8e0a-4dbe-8e77-b9b6f94e9816: 2127 ms
Input: 5750000,
Cold Start: false
Unique ID: 5ed55e8b-06c9-480f-b6cd-879a46f08abc,
Billed Duration for Request 5ed55e8b-06c9-480f-b6cd-879a46f08abc: 2005 ms
Input: 5750000,
Cold Start: false
Unique ID: 144cbd7e-e016-4c2b-9e1d-0faa42687917,
Billed Duration for Request 144cbd7e-e016-4c2b-9e1d-0faa42687917: 2086 ms
Input: 5750000,
Cold Start: false
Unique ID: 0e8d2ea3-0377-4cfb-998e-8b9e74badb9d,
Billed Duration for Request 0e8d2ea3-0377-4cfb-998e-8b9e74badb9d: 2088 ms
Input: 5750000,
Cold Start: false
Unique ID: fb7498df-0f78-4cf8-9dd5-72aad9655914,
Billed Duration for Request fb7498df-0f78-4cf8-9dd5-72aad9655914: 2055 ms
Input: 5750000,
Cold Start: false
Unique ID: fd91d21f-4b4d-4e6b-8ab3-177265422b28,
Billed Duration for Request fd91d21f-4b4d-4e6b-8ab3-177265422b28: 2164 ms
Input: 5750000,
Cold Start: false
Unique ID: 85066ab1-1480-40a1-ab67-12a623385271,
Billed Duration for Request 85066ab1-1480-40a1-ab67-12a623385271: 2096 ms
Input: 5750000,
Cold Start: false
Unique ID: c2c25f19-db08-4209-bc6c-d580b079eccb,
Billed Duration for Request c2c25f19-db08-4209-bc6c-d580b079eccb: 2138 ms
Input: 5750000,
Cold Start: false
Unique ID: d84c7119-d19d-4e90-94fd-f8050f5a6ab1,
Billed Duration for Request d84c7119-d19d-4e90-94fd-f8050f5a6ab1: 2118 ms
Input: 5750000,
Cold Start: false
Unique ID: bcdcd309-1d2e-4da4-b386-7773804320b5,
Billed Duration for Request bcdcd309-1d2e-4da4-b386-7773804320b5: 2058 ms
Input: 5750000,
Cold Start: false
Unique ID: bd2d1b29-d0f7-4697-b4f4-cadecaac1e14,
Billed Duration for Request bd2d1b29-d0f7-4697-b4f4-cadecaac1e14: 2016 ms
Input: 5750000,
Cold Start: false
Unique ID: 4f699d15-24e2-451e-9bca-5d13d35b13e0,
Billed Duration for Request 4f699d15-24e2-451e-9bca-5d13d35b13e0: 2037 ms
Input: 5750000,
Cold Start: false
Unique ID: 5a578907-fa79-4fc3-9324-ddd865ece31b,
Billed Duration for Request 5a578907-fa79-4fc3-9324-ddd865ece31b: 2152 ms
Input: 5750000,
Cold Start: false
Unique ID: cc243e43-030d-43d1-942d-be2e9767010e,
Billed Duration for Request cc243e43-030d-43d1-942d-be2e9767010e: 2134 ms
Input: 5750000,
Cold Start: false
Unique ID: 46c55975-8f7c-4d2a-9e9a-fc4c4af5153a,
Billed Duration for Request 46c55975-8f7c-4d2a-9e9a-fc4c4af5153a: 2077 ms
Input: 5750000,
Cold Start: false
Unique ID: fc7a84e7-70e2-4de3-9eb0-3810c915c9ce,
Billed Duration for Request fc7a84e7-70e2-4de3-9eb0-3810c915c9ce: 2115 ms
Input: 5750000,
Cold Start: false
Unique ID: 8c606b68-1838-4082-b43c-d480f9ec433b,
Billed Duration for Request 8c606b68-1838-4082-b43c-d480f9ec433b: 2121 ms
Input: 5750000,
Cold Start: false
Unique ID: b4c22599-3292-4de1-94bd-4dea53f3ccfa,
Billed Duration for Request b4c22599-3292-4de1-94bd-4dea53f3ccfa: 2094 ms
Input: 5750000,
Cold Start: false
Unique ID: a18ee1e7-b2f3-4cec-a7b5-03f6fe0ea444,
Billed Duration for Request a18ee1e7-b2f3-4cec-a7b5-03f6fe0ea444: 2105 ms
Input: 5750000,
Cold Start: false
Unique ID: 52831778-a16c-451a-8a41-f53471060b63,
Billed Duration for Request 52831778-a16c-451a-8a41-f53471060b63: 2027 ms
Input: 5750000,
Cold Start: false
Unique ID: 2e7076ea-130d-49eb-bea5-72860f6e616b,
Billed Duration for Request 2e7076ea-130d-49eb-bea5-72860f6e616b: 2065 ms
Input: 5750000,
Cold Start: false
Unique ID: d31eeb88-cfa0-4fd0-9aaa-e705bea30e98,
Billed Duration for Request d31eeb88-cfa0-4fd0-9aaa-e705bea30e98: 2004 ms
Input: 5750000,
Cold Start: false
Unique ID: 9ba4ca3f-9c90-4a17-b433-f3551f1f403f,
Billed Duration for Request 9ba4ca3f-9c90-4a17-b433-f3551f1f403f: 2117 ms
Input: 5750000,
Cold Start: false
Unique ID: 121a3cfc-3a73-4517-b6c9-e9f333fe9cbb,
Billed Duration for Request 121a3cfc-3a73-4517-b6c9-e9f333fe9cbb: 2071 ms
Input: 5750000,
Cold Start: false
Unique ID: d84e866e-92bc-4821-b7c6-77c75a64f485,
Billed Duration for Request d84e866e-92bc-4821-b7c6-77c75a64f485: 2078 ms
Input: 5750000,
Cold Start: false
Unique ID: e9173352-e4a8-42bd-bb43-aa8d5ca001ba,
Billed Duration for Request e9173352-e4a8-42bd-bb43-aa8d5ca001ba: 2036 ms
Input: 5750000,
Cold Start: false
Unique ID: e31b6946-af3d-4f97-9def-c9c9a949dccc,
Billed Duration for Request e31b6946-af3d-4f97-9def-c9c9a949dccc: 2118 ms
Input: 5750000,
Cold Start: false
Unique ID: 90c081ed-cba5-42bc-810f-4070104a21ea,
Billed Duration for Request 90c081ed-cba5-42bc-810f-4070104a21ea: 2158 ms
Input: 5750000,
Cold Start: false
Unique ID: bef506ab-a193-485c-bdfb-30fc894a0a27,
Billed Duration for Request bef506ab-a193-485c-bdfb-30fc894a0a27: 2088 ms
Input: 5750000,
Cold Start: false
Unique ID: e8d26140-af08-47ff-9052-3e31b0d6b1f6,
Billed Duration for Request e8d26140-af08-47ff-9052-3e31b0d6b1f6: 2031 ms
Input: 5750000,
Cold Start: false
Unique ID: 97b685bc-574e-4f22-a542-062e0987d61e,
Billed Duration for Request 97b685bc-574e-4f22-a542-062e0987d61e: 2052 ms
Input: 5750000,
Cold Start: false
Unique ID: c12ddb32-7e35-4309-9590-83b8a31a6b46,
Billed Duration for Request c12ddb32-7e35-4309-9590-83b8a31a6b46: 2140 ms
Input: 5750000,
Cold Start: false
Unique ID: d9822937-6f89-475b-b373-a833d3f51079,
Billed Duration for Request d9822937-6f89-475b-b373-a833d3f51079: 2104 ms
Input: 5750000,
Cold Start: false
Unique ID: 5e2b94f6-edec-4104-bb89-8881d437d442,
Billed Duration for Request 5e2b94f6-edec-4104-bb89-8881d437d442: 2097 ms
Input: 5750000,
Cold Start: false
Unique ID: d894e4ac-1f97-479e-a6b0-736400e51632,
Billed Duration for Request d894e4ac-1f97-479e-a6b0-736400e51632: 2080 ms
Input: 5750000,
Cold Start: false
Unique ID: 30efdab6-76ec-4b80-ace7-5164082b514a,
Billed Duration for Request 30efdab6-76ec-4b80-ace7-5164082b514a: 2023 ms
Input: 5750000,
Cold Start: false
Unique ID: fdfef494-8085-4b19-b3e0-cc0f226ee99a,
Billed Duration for Request fdfef494-8085-4b19-b3e0-cc0f226ee99a: 2114 ms
Input: 5750000,
Cold Start: false
Unique ID: 690c11a2-6649-4c88-9898-8eb335fd3a05,
Billed Duration for Request 690c11a2-6649-4c88-9898-8eb335fd3a05: 2013 ms
Input: 5750000,
Cold Start: false
Unique ID: 9173d441-6bfd-4c7f-8fc4-d9849bd79677,
Billed Duration for Request 9173d441-6bfd-4c7f-8fc4-d9849bd79677: 2066 ms
Input: 5750000,
Cold Start: false
Unique ID: c75a8f74-6765-4548-8dd9-b609ffe30570,
Billed Duration for Request c75a8f74-6765-4548-8dd9-b609ffe30570: 2161 ms
Input: 5750000,
Cold Start: false
Unique ID: f2fbd485-d0c2-4e37-9e42-6e5dd510ec84,
Billed Duration for Request f2fbd485-d0c2-4e37-9e42-6e5dd510ec84: 2118 ms
Input: 5750000,
Cold Start: false
Unique ID: d42f0264-aa66-4b9e-bbb4-898556ea6cae,
Billed Duration for Request d42f0264-aa66-4b9e-bbb4-898556ea6cae: 2095 ms
Input: 5750000,
Cold Start: false
Unique ID: 88fe9679-5d99-468f-bdde-ade33058305f,
Billed Duration for Request 88fe9679-5d99-468f-bdde-ade33058305f: 2124 ms
Input: 5750000,
Cold Start: false
Unique ID: 48180f5b-73af-4d41-a62c-d30814cef86c,
Billed Duration for Request 48180f5b-73af-4d41-a62c-d30814cef86c: 2066 ms
Input: 5750000,
Cold Start: false
Unique ID: eae3abcc-929c-4873-9cba-d21963a1775b,
Billed Duration for Request eae3abcc-929c-4873-9cba-d21963a1775b: 2100 ms
Input: 5750000,
Cold Start: false
Unique ID: ee5be81a-cfb3-4c30-a05f-e768a7d25596,
Billed Duration for Request ee5be81a-cfb3-4c30-a05f-e768a7d25596: 2014 ms
Input: 5750000,
Cold Start: false
Unique ID: b8465d80-ab5f-4b2d-bb20-5ddd07921096,
Billed Duration for Request b8465d80-ab5f-4b2d-bb20-5ddd07921096: 2021 ms
Input: 5750000,
Cold Start: false
Unique ID: ef0fe591-cecd-4e49-8e17-eb9dc633e19d,
Billed Duration for Request ef0fe591-cecd-4e49-8e17-eb9dc633e19d: 2089 ms
Input: 5750000,
Cold Start: false
Unique ID: 35abd3e4-4edc-45b3-95d0-c6b50d6e74a6,
Billed Duration for Request 35abd3e4-4edc-45b3-95d0-c6b50d6e74a6: 2035 ms
Input: 5750000,
Cold Start: false
Unique ID: ea979fb4-cf24-4c89-9f83-01ef2992329f,
Billed Duration for Request ea979fb4-cf24-4c89-9f83-01ef2992329f: 2121 ms
Input: 5750000,
Cold Start: false
Unique ID: ecc54045-95cf-49c5-aa8c-6031931bc82e,
Billed Duration for Request ecc54045-95cf-49c5-aa8c-6031931bc82e: 2109 ms
Input: 5750000,
Cold Start: false
Unique ID: 3caf8b07-af17-47c6-a3a0-678d5bfb7584,
Billed Duration for Request 3caf8b07-af17-47c6-a3a0-678d5bfb7584: 2143 ms
Input: 5750000,
Cold Start: false
Unique ID: bee48ed8-ec5b-47c8-b018-d0e94fca600f,
Billed Duration for Request bee48ed8-ec5b-47c8-b018-d0e94fca600f: 2126 ms
Input: 5750000,
Cold Start: false
Unique ID: 56ec5639-18df-4c3a-93ee-550f9d06e1c0,
Billed Duration for Request 56ec5639-18df-4c3a-93ee-550f9d06e1c0: 2083 ms
Input: 5750000,
Cold Start: false
Unique ID: 8601f60e-fd63-494c-a112-768a45e9cae3,
Billed Duration for Request 8601f60e-fd63-494c-a112-768a45e9cae3: 2018 ms
Input: 5750000,
Cold Start: false
Unique ID: cb3b7394-c955-44be-b0b4-1fb1040b9706,
Billed Duration for Request cb3b7394-c955-44be-b0b4-1fb1040b9706: 2077 ms
Input: 5750000,
Cold Start: false
Unique ID: 0491611e-cb00-4779-956b-7d33de9f9952,
Billed Duration for Request 0491611e-cb00-4779-956b-7d33de9f9952: 2050 ms
Input: 5750000,
Cold Start: false
Unique ID: f4a21207-13c5-4d0e-a701-6c8d44be41f1,
Billed Duration for Request f4a21207-13c5-4d0e-a701-6c8d44be41f1: 2103 ms
Input: 5750000,
Cold Start: false
Unique ID: 006747d3-d551-40d4-9b3b-4600df34faa3,
Billed Duration for Request 006747d3-d551-40d4-9b3b-4600df34faa3: 2105 ms
Input: 5750000,
Cold Start: false
Unique ID: 13ca0986-20d8-4621-9935-5c5eb6f58f4f,
Billed Duration for Request 13ca0986-20d8-4621-9935-5c5eb6f58f4f: 2058 ms
Input: 5750000,
Cold Start: false
Unique ID: a2cce8aa-ac62-4910-9efe-0aaab973fbd0,
Billed Duration for Request a2cce8aa-ac62-4910-9efe-0aaab973fbd0: 2049 ms
Input: 5750000,
Cold Start: false
Unique ID: 51d69752-339f-4739-9665-d97cd84da1a5,
Billed Duration for Request 51d69752-339f-4739-9665-d97cd84da1a5: 2139 ms
Input: 5750000,
Cold Start: false
Unique ID: 722e2b66-5faa-4a39-8d85-118bb3ada4a1,
Billed Duration for Request 722e2b66-5faa-4a39-8d85-118bb3ada4a1: 2079 ms
Input: 5750000,
Cold Start: false
Unique ID: 14e6b870-ee31-4c4a-9519-ddc3c96042fd,
Billed Duration for Request 14e6b870-ee31-4c4a-9519-ddc3c96042fd: 2136 ms
Input: 5750000,
Cold Start: false
Unique ID: 95ed4a4a-64b7-4e49-9c55-6e5d9ea87a5e,
Billed Duration for Request 95ed4a4a-64b7-4e49-9c55-6e5d9ea87a5e: 2078 ms
Input: 5750000,
Cold Start: false
Unique ID: 14b4aaea-31ab-489e-8cfc-be1e15733c24,
Billed Duration for Request 14b4aaea-31ab-489e-8cfc-be1e15733c24: 2032 ms
Input: 5750000,
Cold Start: false
Unique ID: 4d3b8edc-98a8-422d-8ac8-1115fd315f26,
Billed Duration for Request 4d3b8edc-98a8-422d-8ac8-1115fd315f26: 2087 ms
Input: 5750000,
Cold Start: false
Unique ID: 87dd1854-44e9-4438-91c0-0a0987c10f79,
Billed Duration for Request 87dd1854-44e9-4438-91c0-0a0987c10f79: 2096 ms
Input: 5750000,
Cold Start: false
Unique ID: b818a55e-ecd1-441c-bfb8-ca8fb3be8946,
Billed Duration for Request b818a55e-ecd1-441c-bfb8-ca8fb3be8946: 2083 ms
Input: 5750000,
Cold Start: false
Unique ID: 6c6addfe-f921-4793-8306-8cdad5df32aa,
Billed Duration for Request 6c6addfe-f921-4793-8306-8cdad5df32aa: 2106 ms
Input: 5750000,
Cold Start: false
Unique ID: d31a6ba2-b23b-469e-803f-e7563dc86405,
Billed Duration for Request d31a6ba2-b23b-469e-803f-e7563dc86405: 2015 ms
Input: 5750000,
Cold Start: false
Unique ID: 58cc3d18-73bc-4313-baec-553757021b8c,
Billed Duration for Request 58cc3d18-73bc-4313-baec-553757021b8c: 2097 ms
Input: 5750000,
Cold Start: false
Unique ID: 6bf2dab0-da4b-4d94-97c7-87deb869631c,
Billed Duration for Request 6bf2dab0-da4b-4d94-97c7-87deb869631c: 2004 ms
Input: 5750000,
Cold Start: false
Unique ID: 214d5f5d-a395-49d2-9986-0ca797beba25,
Billed Duration for Request 214d5f5d-a395-49d2-9986-0ca797beba25: 2088 ms
Input: 5750000,
Cold Start: false
Unique ID: 76b632f7-825e-46f0-a858-31646fc8f5b3,
Billed Duration for Request 76b632f7-825e-46f0-a858-31646fc8f5b3: 2128 ms
Input: 5750000,
Cold Start: false
Unique ID: 3a53479c-4124-4e15-8ff3-3c649d8a1052,
Billed Duration for Request 3a53479c-4124-4e15-8ff3-3c649d8a1052: 2121 ms
Input: 5750000,
Cold Start: false
Unique ID: 74e1dfcb-8fe9-433c-a24b-8e9442f91182,
Billed Duration for Request 74e1dfcb-8fe9-433c-a24b-8e9442f91182: 2126 ms
Input: 5750000,
Cold Start: false
Unique ID: ce2b478d-9e16-49a5-ba4a-d682b9ec94f9,
Billed Duration for Request ce2b478d-9e16-49a5-ba4a-d682b9ec94f9: 2108 ms
Input: 5750000,
Cold Start: false
Unique ID: 7a2f682b-beaf-436a-a572-27847929a41d,
Billed Duration for Request 7a2f682b-beaf-436a-a572-27847929a41d: 2043 ms
Input: 5750000,
Cold Start: false
Unique ID: eec52496-41e4-4cab-b524-0184fdea4e70,
Billed Duration for Request eec52496-41e4-4cab-b524-0184fdea4e70: 2042 ms
Input: 5750000,
Cold Start: false
Unique ID: a0ab4471-c09c-45cb-92ae-0ff8eb3b7662,
Billed Duration for Request a0ab4471-c09c-45cb-92ae-0ff8eb3b7662: 2102 ms
Input: 5750000,
Cold Start: false
Unique ID: 25a2e6e4-bc76-4c99-980a-8091b1c7470f,
Billed Duration for Request 25a2e6e4-bc76-4c99-980a-8091b1c7470f: 2107 ms
Input: 5750000,
Cold Start: false
Unique ID: 81b841b5-0263-4096-92bb-31f9af384582,
Billed Duration for Request 81b841b5-0263-4096-92bb-31f9af384582: 2021 ms
Input: 5750000,
Cold Start: false
Unique ID: 47a773fd-2632-4242-974d-c506872bc956,
Billed Duration for Request 47a773fd-2632-4242-974d-c506872bc956: 2092 ms
Input: 5750000,
Cold Start: false
Unique ID: 25d01a12-bf58-484d-b67e-2942376f8880,
Billed Duration for Request 25d01a12-bf58-484d-b67e-2942376f8880: 2121 ms
Input: 5750000,
Cold Start: false
Unique ID: 54d2eabc-7ffd-453c-9bca-5e6d4e823f5b,
Billed Duration for Request 54d2eabc-7ffd-453c-9bca-5e6d4e823f5b: 2121 ms
Input: 5750000,
Cold Start: false
Unique ID: bcb364f1-d571-4446-9f18-dbc924c7fa21,
Billed Duration for Request bcb364f1-d571-4446-9f18-dbc924c7fa21: 2072 ms
Input: 5750000,
Cold Start: false
Unique ID: 131b59ce-3633-4ccc-8b7a-6c1955bf7a40,
Billed Duration for Request 131b59ce-3633-4ccc-8b7a-6c1955bf7a40: 2128 ms
Input: 5750000,
Cold Start: false
Unique ID: 10dd9651-9d73-443d-9abe-0e055ecb8613,
Billed Duration for Request 10dd9651-9d73-443d-9abe-0e055ecb8613: 2106 ms
Input: 5750000,
Cold Start: false
Unique ID: 501f5db7-22cc-405d-a37a-6855b40040e4,
Billed Duration for Request 501f5db7-22cc-405d-a37a-6855b40040e4: 2024 ms
Input: 5750000,
Cold Start: false
Unique ID: 823dced2-a59f-4387-a53f-5132f7053d06,
Billed Duration for Request 823dced2-a59f-4387-a53f-5132f7053d06: 2070 ms
Input: 5750000,
Cold Start: false
Unique ID: d3d04361-e75a-4d44-a2f9-4e688653c19d,
Billed Duration for Request d3d04361-e75a-4d44-a2f9-4e688653c19d: 2092 ms
Input: 5750000,
Cold Start: false
Unique ID: ce1d1386-fc30-4f2c-ba72-4f48f47a5d7d,
Billed Duration for Request ce1d1386-fc30-4f2c-ba72-4f48f47a5d7d: 2013 ms
Input: 5750000,
Cold Start: false
Unique ID: e2fb776f-0b96-4cf8-aab8-5f56936e0b72,
Billed Duration for Request e2fb776f-0b96-4cf8-aab8-5f56936e0b72: 2070 ms
Input: 5750000,
Cold Start: false
Unique ID: cb373ac4-8346-46bb-95db-f9a81416170d,
Billed Duration for Request cb373ac4-8346-46bb-95db-f9a81416170d: 2122 ms
Input: 5750000,
Cold Start: false
Unique ID: f91730c2-784b-4154-af18-87fe581f07fe,
Billed Duration for Request f91730c2-784b-4154-af18-87fe581f07fe: 2075 ms
Input: 5750000,
Cold Start: false
Unique ID: d21affa2-b52f-4c8f-8ae6-28c5eea57cf6,
Billed Duration for Request d21affa2-b52f-4c8f-8ae6-28c5eea57cf6: 2015 ms
Input: 5750000,
Cold Start: false
Unique ID: b3261d9d-cc84-41af-a32d-82c93a2dc1b5,
Billed Duration for Request b3261d9d-cc84-41af-a32d-82c93a2dc1b5: 2122 ms
Input: 5750000,
Cold Start: false
Unique ID: e0c74cfb-2fce-425a-ba4a-d93c1a0a7006,
Billed Duration for Request e0c74cfb-2fce-425a-ba4a-d93c1a0a7006: 2054 ms
Input: 5750000,
Cold Start: false
Unique ID: 32f38498-50b4-4f26-bf5e-64c66925c227,
Billed Duration for Request 32f38498-50b4-4f26-bf5e-64c66925c227: 2147 ms
Input: 5750000,
Cold Start: false
Unique ID: fa8222a3-d319-493c-8974-9e343247a0b0,
Billed Duration for Request fa8222a3-d319-493c-8974-9e343247a0b0: 2056 ms
Input: 5750000,
Cold Start: false
Unique ID: bef3c702-ce41-42de-8b4b-01bda704dd1d,
Billed Duration for Request bef3c702-ce41-42de-8b4b-01bda704dd1d: 2022 ms
Input: 5750000,
Cold Start: false
Unique ID: af5f25e4-2152-42dd-bf4a-e4a428793e17,
Billed Duration for Request af5f25e4-2152-42dd-bf4a-e4a428793e17: 2099 ms
Input: 5750000,
Cold Start: false
Unique ID: 13e6c1d8-c26e-44a8-af80-53b42ea9b906,
Billed Duration for Request 13e6c1d8-c26e-44a8-af80-53b42ea9b906: 2123 ms
Input: 5750000,
Cold Start: false
Unique ID: 7dfb3657-73bc-4eb1-a61a-43af7567b9f4,
Billed Duration for Request 7dfb3657-73bc-4eb1-a61a-43af7567b9f4: 2110 ms
Input: 5750000,
Cold Start: false
Unique ID: 8bc2088d-217c-4c51-9c9e-3ca72e08e5d6,
Billed Duration for Request 8bc2088d-217c-4c51-9c9e-3ca72e08e5d6: 2021 ms
Input: 5750000,
Cold Start: false
Unique ID: d0693c85-dacb-438f-8200-e63b23eaa2e5,
Billed Duration for Request d0693c85-dacb-438f-8200-e63b23eaa2e5: 2135 ms
Input: 5750000,
Cold Start: false
Unique ID: 1c342577-661f-4962-9cc0-a826aab875c1,
Billed Duration for Request 1c342577-661f-4962-9cc0-a826aab875c1: 2122 ms
Input: 5750000,
Cold Start: false
Unique ID: 52b459c3-fee5-4f56-a17a-b04976a51fb4,
Billed Duration for Request 52b459c3-fee5-4f56-a17a-b04976a51fb4: 2024 ms
Input: 5750000,
Cold Start: false
Unique ID: 2072b303-78f1-47e1-bde5-d8911bc6f07a,
Billed Duration for Request 2072b303-78f1-47e1-bde5-d8911bc6f07a: 2116 ms
Input: 5750000,
Cold Start: false
Unique ID: d5647b30-e460-4c65-a4ba-a73ea60c88eb,
Billed Duration for Request d5647b30-e460-4c65-a4ba-a73ea60c88eb: 2076 ms
Input: 5750000,
Cold Start: false
Unique ID: 3e3d4975-2b36-43d9-b353-20752b14d642,
Billed Duration for Request 3e3d4975-2b36-43d9-b353-20752b14d642: 2052 ms
Input: 5750000,
Cold Start: false
Unique ID: 6edce347-6ec6-4813-b977-eebd51f34e71,
Billed Duration for Request 6edce347-6ec6-4813-b977-eebd51f34e71: 2095 ms
Input: 5750000,
Cold Start: false
Unique ID: d5c5e27e-a9bb-4a9b-9d5e-db2d3a7d1e52,
Billed Duration for Request d5c5e27e-a9bb-4a9b-9d5e-db2d3a7d1e52: 2133 ms
Input: 5750000,
Cold Start: false
Unique ID: 180f20a7-9a35-4dcf-964c-69ceb3d80e4e,
Billed Duration for Request 180f20a7-9a35-4dcf-964c-69ceb3d80e4e: 2029 ms
Input: 5750000,
Cold Start: false
Unique ID: d36b2f4d-71b3-4143-937f-ececa7810690,
Billed Duration for Request d36b2f4d-71b3-4143-937f-ececa7810690: 2111 ms
Input: 5750000,
Cold Start: false
Unique ID: 6303b82b-8c35-41fb-bee3-b9cc9388e470,
Billed Duration for Request 6303b82b-8c35-41fb-bee3-b9cc9388e470: 2103 ms
Input: 5750000,
Cold Start: false
Unique ID: 90ed0247-1efc-4818-a6e1-451a6bbe95a1,
Billed Duration for Request 90ed0247-1efc-4818-a6e1-451a6bbe95a1: 2030 ms
Input: 5750000,
Cold Start: false
Unique ID: 8dc989c1-6ee0-4191-ac85-45daf5eeb48e,
Billed Duration for Request 8dc989c1-6ee0-4191-ac85-45daf5eeb48e: 2115 ms
Input: 5750000,
Cold Start: false
Unique ID: 18389e4c-92e8-4ac2-8295-2474f8c85b8d,
Billed Duration for Request 18389e4c-92e8-4ac2-8295-2474f8c85b8d: 2093 ms
Input: 5750000,
Cold Start: false
Unique ID: 0fac81f1-02a6-4669-8091-045fc7090e68,
Billed Duration for Request 0fac81f1-02a6-4669-8091-045fc7090e68: 2045 ms
Input: 5750000,
Cold Start: false
Unique ID: eda35dbe-af96-4dce-9607-56d9e3e52230,
Billed Duration for Request eda35dbe-af96-4dce-9607-56d9e3e52230: 2118 ms
Input: 5750000,
Cold Start: false
Unique ID: 3f2cf662-fa99-4925-b669-e30b1d23db10,
Billed Duration for Request 3f2cf662-fa99-4925-b669-e30b1d23db10: 2108 ms
Input: 5750000,
Cold Start: false
Unique ID: a80b2076-5602-4987-bdfa-30105003272f,
Billed Duration for Request a80b2076-5602-4987-bdfa-30105003272f: 2101 ms
Input: 5750000,
Cold Start: false
Unique ID: 327f0bd9-6953-4ec1-bffd-394e9c2faebe,
Billed Duration for Request 327f0bd9-6953-4ec1-bffd-394e9c2faebe: 2017 ms
Input: 5750000,
Cold Start: false
Unique ID: 89283105-d488-4816-8d6b-6e3509a32824,
Billed Duration for Request 89283105-d488-4816-8d6b-6e3509a32824: 2122 ms
Input: 5750000,
Cold Start: false
Unique ID: 2f164312-a03f-4cb6-82a1-2257a2c04a55,
Billed Duration for Request 2f164312-a03f-4cb6-82a1-2257a2c04a55: 2032 ms
Input: 5750000,
Cold Start: false
Unique ID: 6f10d2ab-ee61-4f56-8765-d0a5c0f150af,
Billed Duration for Request 6f10d2ab-ee61-4f56-8765-d0a5c0f150af: 2130 ms
Input: 5750000,
Cold Start: false
Unique ID: 2eb66f47-d6cc-4afe-bd5c-f36a7c215c19,
Billed Duration for Request 2eb66f47-d6cc-4afe-bd5c-f36a7c215c19: 2106 ms
Input: 5750000,
Cold Start: false
Unique ID: da2022cd-1faf-4054-85d6-7217eba88c5a,
Billed Duration for Request da2022cd-1faf-4054-85d6-7217eba88c5a: 2087 ms
Input: 5750000,
Cold Start: false
Unique ID: e2e51905-1282-4256-95ab-14e225b7c573,
Billed Duration for Request e2e51905-1282-4256-95ab-14e225b7c573: 2055 ms
Input: 5750000,
Cold Start: false
Unique ID: 8f718cf9-8c9c-4f53-b2ee-d25298e98c26,
Billed Duration for Request 8f718cf9-8c9c-4f53-b2ee-d25298e98c26: 2145 ms
Input: 5750000,
Cold Start: false
Unique ID: fa71583d-3958-46fe-a7a8-fad56976e66b,
Billed Duration for Request fa71583d-3958-46fe-a7a8-fad56976e66b: 2116 ms
Input: 5750000,
Cold Start: false
Unique ID: d048498a-a1a6-49ef-8e5b-b02a7da33a73,
Billed Duration for Request d048498a-a1a6-49ef-8e5b-b02a7da33a73: 2089 ms
Input: 5750000,
Cold Start: false
Unique ID: d4f46957-5510-430c-8833-294243ee637f,
Billed Duration for Request d4f46957-5510-430c-8833-294243ee637f: 2040 ms
Input: 5750000,
Cold Start: false
Unique ID: 0a6ec02e-4f53-4ec2-a142-8efa9d9aa255,
Billed Duration for Request 0a6ec02e-4f53-4ec2-a142-8efa9d9aa255: 2030 ms
Input: 5750000,
Cold Start: false
Unique ID: 003a3b0c-3835-414a-a910-892a63c70174,
Billed Duration for Request 003a3b0c-3835-414a-a910-892a63c70174: 2123 ms
Input: 5750000,
Cold Start: false
Unique ID: f57ca5a9-3c5c-47c5-a537-3327ca42d997,
Billed Duration for Request f57ca5a9-3c5c-47c5-a537-3327ca42d997: 2118 ms
Input: 5750000,
Cold Start: false
Unique ID: 01f8af59-811d-42ec-9c85-af32dca72504,
Billed Duration for Request 01f8af59-811d-42ec-9c85-af32dca72504: 2036 ms
Input: 5750000,
Cold Start: false
Unique ID: 8a1d2ef1-489d-444a-8829-34831711d1e4,
Billed Duration for Request 8a1d2ef1-489d-444a-8829-34831711d1e4: 2093 ms
Input: 5750000,
Cold Start: false
Unique ID: 3afc22b9-7913-4431-876c-c6254217194f,
Billed Duration for Request 3afc22b9-7913-4431-876c-c6254217194f: 2128 ms
Input: 5750000,
Cold Start: false
Unique ID: 9a4a06cf-c988-4716-befb-bf9a3944247f,
Billed Duration for Request 9a4a06cf-c988-4716-befb-bf9a3944247f: 2141 ms
Input: 5750000,
Cold Start: false
Unique ID: b8628826-5ece-4d80-94dc-a266a2b14333,
Billed Duration for Request b8628826-5ece-4d80-94dc-a266a2b14333: 2032 ms
Input: 5750000,
Cold Start: false
Unique ID: 7a1d8abf-fd95-41fb-a758-da70f08e5842,
Billed Duration for Request 7a1d8abf-fd95-41fb-a758-da70f08e5842: 2101 ms
Input: 5750000,
Cold Start: false
Unique ID: d175cb81-370b-416a-bd5f-4c5ca47bd2b9,
Billed Duration for Request d175cb81-370b-416a-bd5f-4c5ca47bd2b9: 2030 ms
Input: 5750000,
Cold Start: false
Unique ID: 4ea6f3af-586c-4522-988b-b43023bfa238,
Billed Duration for Request 4ea6f3af-586c-4522-988b-b43023bfa238: 2107 ms
Input: 5750000,
Cold Start: false
Unique ID: 271ee2b2-30d8-455b-a121-cd78aa665f76,
Billed Duration for Request 271ee2b2-30d8-455b-a121-cd78aa665f76: 2060 ms
Input: 5750000,
Cold Start: false
Unique ID: f759d09b-1e3a-45bd-9036-ff04fca775bb,
Billed Duration for Request f759d09b-1e3a-45bd-9036-ff04fca775bb: 2124 ms
Input: 5750000,
Cold Start: false
Unique ID: 46d6b0d3-8494-4a33-859b-2819b424779d,
Billed Duration for Request 46d6b0d3-8494-4a33-859b-2819b424779d: 2066 ms
Input: 5750000,
Cold Start: false
Unique ID: c63737c7-97dd-4727-a863-a562e32a2cd0,
Billed Duration for Request c63737c7-97dd-4727-a863-a562e32a2cd0: 2142 ms
Input: 5750000,
Cold Start: false
Unique ID: b9658f7d-1168-4378-b2fa-7ab0999233fa,
Billed Duration for Request b9658f7d-1168-4378-b2fa-7ab0999233fa: 2040 ms
Input: 5750000,
Cold Start: false
Unique ID: 3e29ee88-895a-4f0c-958d-7727f72dd00f,
Billed Duration for Request 3e29ee88-895a-4f0c-958d-7727f72dd00f: 2121 ms
Input: 5750000,
Cold Start: false
Unique ID: 7e94dd40-0a4b-47be-a518-2e401b29e15d,
Billed Duration for Request 7e94dd40-0a4b-47be-a518-2e401b29e15d: 2074 ms
Input: 5750000,
Cold Start: false
Unique ID: e8676e30-4f81-41b5-b1fc-0f5df2785ea5,
Billed Duration for Request e8676e30-4f81-41b5-b1fc-0f5df2785ea5: 2024 ms
Input: 5750000,
Cold Start: false
Unique ID: f8075d2a-efbb-4126-af0f-66f04f125dd7,
Billed Duration for Request f8075d2a-efbb-4126-af0f-66f04f125dd7: 2080 ms
Input: 5750000,
Cold Start: false
Unique ID: c24f7eec-7eff-436d-8fb9-eff23c2dc452,
Billed Duration for Request c24f7eec-7eff-436d-8fb9-eff23c2dc452: 2118 ms
Input: 5750000,
Cold Start: false
Unique ID: 5fc175a7-99a4-4128-9dc5-9bbc302cf6e0,
Billed Duration for Request 5fc175a7-99a4-4128-9dc5-9bbc302cf6e0: 2057 ms
Input: 5750000,
Cold Start: false
Unique ID: dc4172d8-cae0-457a-a53e-0f395dc84c48,
Billed Duration for Request dc4172d8-cae0-457a-a53e-0f395dc84c48: 2111 ms
Input: 5750000,
Cold Start: false
Unique ID: 549d9166-6c91-4eea-9686-0b6d7ec3c8e1,
Billed Duration for Request 549d9166-6c91-4eea-9686-0b6d7ec3c8e1: 2073 ms
Input: 5750000,
Cold Start: false
Unique ID: 1a0ff33f-42ec-4fe6-9f38-f8bc661cbc78,
Billed Duration for Request 1a0ff33f-42ec-4fe6-9f38-f8bc661cbc78: 2152 ms
Input: 5750000,
Cold Start: false
Unique ID: 5f98445e-6df3-4d33-a4d1-13a71b27c78a,
Billed Duration for Request 5f98445e-6df3-4d33-a4d1-13a71b27c78a: 2149 ms
Input: 5750000,
Cold Start: false
Unique ID: 8815c753-2d60-4c4c-a9fc-6ea6451c6e25,
Billed Duration for Request 8815c753-2d60-4c4c-a9fc-6ea6451c6e25: 2100 ms
Input: 5750000,
Cold Start: false
Unique ID: 7eed49e7-35bd-41f5-9fb6-08db863982e3,
Billed Duration for Request 7eed49e7-35bd-41f5-9fb6-08db863982e3: 2024 ms
Input: 5750000,
Cold Start: false
Unique ID: 6081c127-739f-4471-976c-e471ae49d9bb,
Billed Duration for Request 6081c127-739f-4471-976c-e471ae49d9bb: 2106 ms
Input: 5750000,
Cold Start: false
Unique ID: ec977e35-7dcf-4bcb-9c1c-622b97517c56,
Billed Duration for Request ec977e35-7dcf-4bcb-9c1c-622b97517c56: 2018 ms
Input: 5750000,
Cold Start: false
Unique ID: b7a86e2b-af74-4910-a662-1d2224a0eb61,
Billed Duration for Request b7a86e2b-af74-4910-a662-1d2224a0eb61: 2112 ms
Input: 5750000,
Cold Start: false
Unique ID: d3184454-84be-4293-a0c1-0036d037ec73,
Billed Duration for Request d3184454-84be-4293-a0c1-0036d037ec73: 2062 ms
Input: 5750000,
Cold Start: false
Unique ID: 93edecb2-fff2-4ed2-9af1-c843030d5812,
Billed Duration for Request 93edecb2-fff2-4ed2-9af1-c843030d5812: 2121 ms
Input: 5750000,
Cold Start: false
Unique ID: 2c12d17b-114d-4306-9ed7-c648e55774b0,
Billed Duration for Request 2c12d17b-114d-4306-9ed7-c648e55774b0: 2081 ms
Input: 5750000,
Cold Start: false
Unique ID: fb9e33cb-6b04-4ba8-b986-bd0428a5a4f5,
Billed Duration for Request fb9e33cb-6b04-4ba8-b986-bd0428a5a4f5: 2159 ms
Input: 5750000,
Cold Start: false
Unique ID: cbf109db-017e-475e-97d8-21a54aa93ab3,
Billed Duration for Request cbf109db-017e-475e-97d8-21a54aa93ab3: 2032 ms
Input: 5750000,
Cold Start: false
Unique ID: 2bfbcce4-7951-4c62-92bd-a42f6f68fd43,
Billed Duration for Request 2bfbcce4-7951-4c62-92bd-a42f6f68fd43: 2094 ms
Input: 5750000,
Cold Start: false
Unique ID: 0ecac2be-bc37-4008-a36e-2d9cfd568721,
Billed Duration for Request 0ecac2be-bc37-4008-a36e-2d9cfd568721: 2033 ms
Input: 5750000,
Cold Start: false
Unique ID: 35ea39ec-391b-411f-98b4-3d855613ece7,
Billed Duration for Request 35ea39ec-391b-411f-98b4-3d855613ece7: 2112 ms
Input: 5750000,
Cold Start: false
Unique ID: 941731b3-ca4f-4fe4-bba1-48144692b2d8,
Billed Duration for Request 941731b3-ca4f-4fe4-bba1-48144692b2d8: 2100 ms
Input: 5750000,
Cold Start: false
Unique ID: 79a67dee-60e7-439a-bc16-da47b44633f3,
Billed Duration for Request 79a67dee-60e7-439a-bc16-da47b44633f3: 2129 ms
Input: 5750000,
Cold Start: false
Unique ID: 101a86b0-6798-439b-b3de-d00dc1db5175,
Billed Duration for Request 101a86b0-6798-439b-b3de-d00dc1db5175: 2068 ms
Input: 5750000,
Cold Start: false
Unique ID: 632f282f-b270-40d2-af63-1628e38fb4c2,
Billed Duration for Request 632f282f-b270-40d2-af63-1628e38fb4c2: 2120 ms
Input: 5750000,
Cold Start: false
Unique ID: 8903b90a-23be-423b-997e-df4b5ea92e21,
Billed Duration for Request 8903b90a-23be-423b-997e-df4b5ea92e21: 2087 ms
Input: 5750000,
Cold Start: false
Unique ID: 0b32d143-e1e2-4a49-bd53-a3f3bbfa8c56,
Billed Duration for Request 0b32d143-e1e2-4a49-bd53-a3f3bbfa8c56: 2131 ms
Input: 5750000,
Cold Start: false
Unique ID: 1a7758c8-242c-4721-8731-92ccc0adb63f,
Billed Duration for Request 1a7758c8-242c-4721-8731-92ccc0adb63f: 2027 ms
Input: 5750000,
Cold Start: false
Unique ID: 4fd98e46-586e-4680-8eb3-e05a8a8a0ce4,
Billed Duration for Request 4fd98e46-586e-4680-8eb3-e05a8a8a0ce4: 2016 ms
Input: 5750000,
Cold Start: false
Unique ID: 656ef150-5249-408a-a0f4-370aae2ff7db,
Billed Duration for Request 656ef150-5249-408a-a0f4-370aae2ff7db: 2114 ms
Input: 5750000,
Cold Start: false
Unique ID: de7c301c-fe28-4108-84e0-f5cca49bc60f,
Billed Duration for Request de7c301c-fe28-4108-84e0-f5cca49bc60f: 2143 ms
Input: 5750000,
Cold Start: false
Unique ID: 066a2ff3-9c9f-4d69-9075-33f7afada6b6,
Billed Duration for Request 066a2ff3-9c9f-4d69-9075-33f7afada6b6: 2082 ms
Input: 5750000,
Cold Start: false
Unique ID: 587ebb46-d9ce-4e4c-90c6-f00dbd149b8e,
Billed Duration for Request 587ebb46-d9ce-4e4c-90c6-f00dbd149b8e: 2111 ms
Input: 5750000,
Cold Start: false
Unique ID: 43b43925-6723-414c-87c6-a7e09e3f33b9,
Billed Duration for Request 43b43925-6723-414c-87c6-a7e09e3f33b9: 2098 ms
Input: 5750000,
Cold Start: false
Unique ID: 7c774404-3d87-4c86-90c6-3f58f0fc8557,
Billed Duration for Request 7c774404-3d87-4c86-90c6-3f58f0fc8557: 2111 ms
Input: 5750000,
Cold Start: false
Unique ID: 48ec5f41-58fc-4876-b518-46b03dc000e4,
Billed Duration for Request 48ec5f41-58fc-4876-b518-46b03dc000e4: 2042 ms
Input: 5750000,
Cold Start: false
Unique ID: 841f5e3e-3d64-45a6-86a2-97a455be3b55,
Billed Duration for Request 841f5e3e-3d64-45a6-86a2-97a455be3b55: 2143 ms
Input: 5750000,
Cold Start: false
Unique ID: 5d18f78b-1f1c-4b3f-bef3-02dd0e940e29,
Billed Duration for Request 5d18f78b-1f1c-4b3f-bef3-02dd0e940e29: 2060 ms
Input: 5750000,
Cold Start: false
Unique ID: ca451f9d-4d2a-466d-8dda-d0186aadaf58,
Billed Duration for Request ca451f9d-4d2a-466d-8dda-d0186aadaf58: 2043 ms
Input: 5750000,
Cold Start: false
Unique ID: 7195fb5c-0143-4244-8003-b0535e25d2d7,
Billed Duration for Request 7195fb5c-0143-4244-8003-b0535e25d2d7: 2104 ms
Input: 5750000,
Cold Start: false
Unique ID: d0a8b286-3d7e-4f19-8291-455c050f2605,
Billed Duration for Request d0a8b286-3d7e-4f19-8291-455c050f2605: 2064 ms
Input: 5750000,
Cold Start: false
Unique ID: 4439dd5d-a03b-48af-ae32-ce51e16e5dee,
Billed Duration for Request 4439dd5d-a03b-48af-ae32-ce51e16e5dee: 2114 ms
Input: 5750000,
Cold Start: false
Unique ID: 0c520388-8b9a-453f-82f2-d9908c04289b,
Billed Duration for Request 0c520388-8b9a-453f-82f2-d9908c04289b: 2035 ms
Input: 5750000,
Cold Start: false
Unique ID: 3bf2288a-493c-4b22-a725-aa93f44944fa,
Billed Duration for Request 3bf2288a-493c-4b22-a725-aa93f44944fa: 2122 ms
Input: 5750000,
Cold Start: false
Unique ID: c8358b51-db17-4505-a7c1-b71329c8f634,
Billed Duration for Request c8358b51-db17-4505-a7c1-b71329c8f634: 2072 ms
Input: 5750000,
Cold Start: false
Unique ID: d9dda1cb-6c22-4a9e-b1ae-aacf6471ac39,
Billed Duration for Request d9dda1cb-6c22-4a9e-b1ae-aacf6471ac39: 2119 ms
Input: 5750000,
Cold Start: false
Unique ID: 01f2813c-af06-401e-9639-d2897dd1e6dc,
Billed Duration for Request 01f2813c-af06-401e-9639-d2897dd1e6dc: 2007 ms
Input: 5750000,
Cold Start: false
Unique ID: 7138a0c5-4c07-4c23-a58c-5602ef28873f,
Billed Duration for Request 7138a0c5-4c07-4c23-a58c-5602ef28873f: 2107 ms
Input: 5750000,
Cold Start: false
Unique ID: 1582e76f-db4d-40f6-9c21-f01d460b987c,
Billed Duration for Request 1582e76f-db4d-40f6-9c21-f01d460b987c: 2129 ms
Input: 5750000,
Cold Start: false
Unique ID: 7f047731-b887-4efe-9f0f-0467b7f86155,
Billed Duration for Request 7f047731-b887-4efe-9f0f-0467b7f86155: 2087 ms
Input: 5750000,
Cold Start: false
Unique ID: 59a8f365-f143-40fa-92a9-096dd0c9f0ae,
Billed Duration for Request 59a8f365-f143-40fa-92a9-096dd0c9f0ae: 2093 ms
Input: 5750000,
Cold Start: false
Unique ID: 864558b7-48a4-4e93-952a-9c12a23f06aa,
Billed Duration for Request 864558b7-48a4-4e93-952a-9c12a23f06aa: 2030 ms
Input: 5750000,
Cold Start: false
Unique ID: ae0d04f4-8a13-4388-bf83-8a37559bed7f,
Billed Duration for Request ae0d04f4-8a13-4388-bf83-8a37559bed7f: 2133 ms
Input: 5750000,
Cold Start: false
Unique ID: dc51875f-5d3d-423d-8886-a6178aa2ab65,
Billed Duration for Request dc51875f-5d3d-423d-8886-a6178aa2ab65: 2108 ms
Input: 5750000,
Cold Start: false
Unique ID: 449225c9-1bbc-4f39-ba7f-750219177914,
Billed Duration for Request 449225c9-1bbc-4f39-ba7f-750219177914: 2016 ms
Input: 5750000,
Cold Start: false
Unique ID: c66cecde-6fc6-4ea8-996c-0688a769ff6d,
Billed Duration for Request c66cecde-6fc6-4ea8-996c-0688a769ff6d: 2144 ms
Input: 5750000,
Cold Start: false
Unique ID: 6c008161-aa47-4930-a399-42f09c7fc9b4,
Billed Duration for Request 6c008161-aa47-4930-a399-42f09c7fc9b4: 2077 ms
Input: 5750000,
Cold Start: false
Unique ID: 978247ab-2010-4641-b864-5681a7f82534,
Billed Duration for Request 978247ab-2010-4641-b864-5681a7f82534: 2113 ms
Input: 5750000,
Cold Start: false
Unique ID: f8bc09ab-bad5-46a5-ba29-f73a218ee91a,
Billed Duration for Request f8bc09ab-bad5-46a5-ba29-f73a218ee91a: 2095 ms
Input: 5750000,
Cold Start: false
Unique ID: 0a8c1ba3-d5d6-4c8f-a6a8-ba502178eb0f,
Billed Duration for Request 0a8c1ba3-d5d6-4c8f-a6a8-ba502178eb0f: 2140 ms
Input: 5750000,
Cold Start: false
Unique ID: 41b90a5e-02e4-4c2d-a48d-d486cbd18fc2,
Billed Duration for Request 41b90a5e-02e4-4c2d-a48d-d486cbd18fc2: 2118 ms
Input: 5750000,
Cold Start: false
Unique ID: eb2cc643-144e-49f4-84db-8110c3fc7e1e,
Billed Duration for Request eb2cc643-144e-49f4-84db-8110c3fc7e1e: 2089 ms
Input: 5750000,
Cold Start: false
Unique ID: b2cbf364-6a87-4e05-8544-bf4cad7f1f9a,
Billed Duration for Request b2cbf364-6a87-4e05-8544-bf4cad7f1f9a: 2023 ms
Input: 5750000,
Cold Start: false
Unique ID: f14b5dde-fdce-4d37-93eb-a072e41033e6,
Billed Duration for Request f14b5dde-fdce-4d37-93eb-a072e41033e6: 2103 ms
Input: 5750000,
Cold Start: false
Unique ID: e54d6118-2d71-4cf8-88c9-c6a4286cfdd8,
Billed Duration for Request e54d6118-2d71-4cf8-88c9-c6a4286cfdd8: 2074 ms
Input: 5750000,
Cold Start: false
Unique ID: 447f0d66-5ce9-4edb-83fc-e2cd2ff3c528,
Billed Duration for Request 447f0d66-5ce9-4edb-83fc-e2cd2ff3c528: 2157 ms
Input: 5750000,
Cold Start: false
Unique ID: 07c2894b-2b4b-4793-9dda-61672a7e4887,
Billed Duration for Request 07c2894b-2b4b-4793-9dda-61672a7e4887: 2065 ms
Input: 5750000,
Cold Start: false
Unique ID: 5829399b-6e34-4424-89a6-e37ed1937efc,
Billed Duration for Request 5829399b-6e34-4424-89a6-e37ed1937efc: 2123 ms
Input: 5750000,
Cold Start: false
Unique ID: 3af2a767-919e-4a1b-be5f-0c2ee223a22a,
Billed Duration for Request 3af2a767-919e-4a1b-be5f-0c2ee223a22a: 2112 ms
Input: 5750000,
Cold Start: false
Unique ID: 01915490-1f69-41e7-9180-edd2d0ef14cb,
Billed Duration for Request 01915490-1f69-41e7-9180-edd2d0ef14cb: 2061 ms
Input: 5750000,
Cold Start: false
Unique ID: 717104e5-72cb-41d5-b1ca-5aa981799b06,
Billed Duration for Request 717104e5-72cb-41d5-b1ca-5aa981799b06: 2137 ms
Input: 5750000,
Cold Start: false
Unique ID: c4f73fe6-b8e3-4ef0-ab58-0bd2822b9e57,
Billed Duration for Request c4f73fe6-b8e3-4ef0-ab58-0bd2822b9e57: 2108 ms
Input: 5750000,
Cold Start: false
Unique ID: 83b8d4b3-b979-42bc-b565-f4c54b736fb1,
Billed Duration for Request 83b8d4b3-b979-42bc-b565-f4c54b736fb1: 2022 ms
Input: 5750000,
Cold Start: false
Unique ID: c492db1e-dde7-4519-8d1b-46da5da8660a,
Billed Duration for Request c492db1e-dde7-4519-8d1b-46da5da8660a: 2124 ms
Input: 5750000,
Cold Start: false
Unique ID: 0c828d52-bdd0-4ba1-a008-b03996663afb,
Billed Duration for Request 0c828d52-bdd0-4ba1-a008-b03996663afb: 2082 ms
Input: 5750000,
Cold Start: false
Unique ID: 29b9d58e-7819-454e-bc44-acd408245b54,
Billed Duration for Request 29b9d58e-7819-454e-bc44-acd408245b54: 2142 ms
Input: 5750000,
Cold Start: false
Unique ID: 7d4ae0d9-bd62-4632-aa47-23d7246f8fea,
Billed Duration for Request 7d4ae0d9-bd62-4632-aa47-23d7246f8fea: 2033 ms
Input: 5750000,
Cold Start: false
Unique ID: 73afaaf1-c065-402c-8d37-b59176f8a37e,
Billed Duration for Request 73afaaf1-c065-402c-8d37-b59176f8a37e: 2106 ms
Input: 5750000,
Cold Start: false
Unique ID: e8ceb5e9-802d-4b96-aa4a-2145f56a43f0,
Billed Duration for Request e8ceb5e9-802d-4b96-aa4a-2145f56a43f0: 2097 ms
Input: 5750000,
Cold Start: false
Unique ID: 4d47a5ef-c226-430a-8ee8-601b4dc36f8c,
Billed Duration for Request 4d47a5ef-c226-430a-8ee8-601b4dc36f8c: 2080 ms
Input: 5750000,
Cold Start: false
Unique ID: af7cf633-1adc-4be8-8023-077fd23eeddf,
Billed Duration for Request af7cf633-1adc-4be8-8023-077fd23eeddf: 2108 ms
Input: 5750000,
Cold Start: false
Unique ID: ab96c46c-1373-4261-8e2f-a44fe2be4621,
Billed Duration for Request ab96c46c-1373-4261-8e2f-a44fe2be4621: 2028 ms
Input: 5750000,
Cold Start: false
Unique ID: ac10d413-ef4a-4447-861a-269e39be0298,
Billed Duration for Request ac10d413-ef4a-4447-861a-269e39be0298: 2089 ms
Input: 5750000,
Cold Start: false
Unique ID: b0dabab9-fa92-423d-a3c8-fe103cbc7c1e,
Billed Duration for Request b0dabab9-fa92-423d-a3c8-fe103cbc7c1e: 2133 ms
Input: 5750000,
Cold Start: false
Unique ID: 5c8770b3-be94-455a-8137-73dd33e84229,
Billed Duration for Request 5c8770b3-be94-455a-8137-73dd33e84229: 2076 ms
Input: 5750000,
Cold Start: false
Unique ID: 2b4d6dd6-2d17-4e7c-a312-a6045a41fd5f,
Billed Duration for Request 2b4d6dd6-2d17-4e7c-a312-a6045a41fd5f: 2151 ms
Input: 5750000,
Cold Start: false
Unique ID: 3c7c3895-38c3-47ab-a1a1-326c9a9e3a7f,
Billed Duration for Request 3c7c3895-38c3-47ab-a1a1-326c9a9e3a7f: 2021 ms
Input: 5750000,
Cold Start: false
Unique ID: 408db2ee-7004-4282-bd08-edc6d92d86ab,
Billed Duration for Request 408db2ee-7004-4282-bd08-edc6d92d86ab: 2093 ms
Input: 5750000,
Cold Start: false
Unique ID: c42ec8ea-7389-44de-a141-de07a16dde93,
Billed Duration for Request c42ec8ea-7389-44de-a141-de07a16dde93: 2117 ms
Input: 5750000,
Cold Start: false
Unique ID: aff196ef-3912-4241-bd76-f5c571012907,
Billed Duration for Request aff196ef-3912-4241-bd76-f5c571012907: 2082 ms
Input: 5750000,
Cold Start: false
Unique ID: fb14b862-4a1b-4e7f-ad65-9a915265bbf7,
Billed Duration for Request fb14b862-4a1b-4e7f-ad65-9a915265bbf7: 2105 ms
Input: 5750000,
Cold Start: false
Unique ID: 0ead3d11-6693-4872-ab7c-82e216b68279,
Billed Duration for Request 0ead3d11-6693-4872-ab7c-82e216b68279: 2012 ms
Input: 5750000,
Cold Start: false
Unique ID: b69049dd-15b2-4e1b-a448-2f473c9e0bf9,
Billed Duration for Request b69049dd-15b2-4e1b-a448-2f473c9e0bf9: 2081 ms
Input: 5750000,
Cold Start: false
Unique ID: db0b3624-22cd-48b9-8f3e-8465205d46d0,
Billed Duration for Request db0b3624-22cd-48b9-8f3e-8465205d46d0: 2065 ms
Input: 5750000,
Cold Start: false
Unique ID: db34acff-30e1-4a8f-8cfa-ff10702a9d4d,
Billed Duration for Request db34acff-30e1-4a8f-8cfa-ff10702a9d4d: 2139 ms
Input: 5750000,
Cold Start: false
Unique ID: d04a20bb-d60a-4538-a963-7deaadc01813,
Billed Duration for Request d04a20bb-d60a-4538-a963-7deaadc01813: 2023 ms
Input: 5750000,
Cold Start: false
Unique ID: 1b80876a-38a5-4a95-95b9-29077838fee6,
Billed Duration for Request 1b80876a-38a5-4a95-95b9-29077838fee6: 2115 ms
Input: 5750000,
Cold Start: false
Unique ID: efe565f4-6439-478e-a141-e27e6c5b3220,
Billed Duration for Request efe565f4-6439-478e-a141-e27e6c5b3220: 2144 ms
Input: 5750000,
Cold Start: false
Unique ID: d0ff5bbc-ee43-4ef4-bc71-fbc7a3f67d56,
Billed Duration for Request d0ff5bbc-ee43-4ef4-bc71-fbc7a3f67d56: 2086 ms
Input: 5750000,
Cold Start: false
Unique ID: dcdf3fa1-4103-48ba-a7b9-d9892a90963a,
Billed Duration for Request dcdf3fa1-4103-48ba-a7b9-d9892a90963a: 2093 ms
Input: 5750000,
Cold Start: false
Unique ID: f4f8dee5-27ad-48f7-a8d0-73e60145794f,
Billed Duration for Request f4f8dee5-27ad-48f7-a8d0-73e60145794f: 2035 ms
Input: 5750000,
Cold Start: false
Unique ID: b92d2221-a380-4e0d-95d3-3124db20877a,
Billed Duration for Request b92d2221-a380-4e0d-95d3-3124db20877a: 2113 ms
Input: 5750000,
Cold Start: false
Unique ID: c4368d17-2360-44e9-8fef-d84a65691ed5,
Billed Duration for Request c4368d17-2360-44e9-8fef-d84a65691ed5: 2107 ms
Input: 5750000,
Cold Start: false
Unique ID: 11ba7c11-820d-43a5-990e-841077b0e8a2,
Billed Duration for Request 11ba7c11-820d-43a5-990e-841077b0e8a2: 2028 ms
Input: 5750000,
Cold Start: false
Unique ID: c4887765-f34c-44fa-aa46-4023336a150f,
Billed Duration for Request c4887765-f34c-44fa-aa46-4023336a150f: 2086 ms
Input: 5750000,
Cold Start: false
Unique ID: c3c426eb-976f-479f-98ac-9f1baea62af6,
Billed Duration for Request c3c426eb-976f-479f-98ac-9f1baea62af6: 2129 ms
Input: 5750000,
Cold Start: false
Unique ID: 683191fb-1ed6-476c-ad6e-70f4752e761d,
Billed Duration for Request 683191fb-1ed6-476c-ad6e-70f4752e761d: 2106 ms
Input: 5750000,
Cold Start: false
Unique ID: f011fb07-e092-4d23-9a25-f107f75d0ec2,
Billed Duration for Request f011fb07-e092-4d23-9a25-f107f75d0ec2: 2087 ms
Input: 5750000,
Cold Start: false
Unique ID: ede1a1b3-ff6b-454a-a4d0-f7a081e62d25,
Billed Duration for Request ede1a1b3-ff6b-454a-a4d0-f7a081e62d25: 2133 ms
Input: 5750000,
Cold Start: false
Unique ID: bbc50b76-976f-4a1c-a7a2-83acb3696033,
Billed Duration for Request bbc50b76-976f-4a1c-a7a2-83acb3696033: 2126 ms
Input: 5750000,
Cold Start: false
Unique ID: 63bb0e67-eeeb-45ff-bd1c-9ba8a7c612e4,
Billed Duration for Request 63bb0e67-eeeb-45ff-bd1c-9ba8a7c612e4: 2010 ms
Input: 5750000,
Cold Start: false
Unique ID: 74525974-016b-4624-a34f-774b79a89737,
Billed Duration for Request 74525974-016b-4624-a34f-774b79a89737: 2092 ms
Input: 5750000,
Cold Start: false
Unique ID: f59f5ed1-aa89-44d7-8e3e-a6ef02501f36,
Billed Duration for Request f59f5ed1-aa89-44d7-8e3e-a6ef02501f36: 2104 ms
Input: 5750000,
Cold Start: false
Unique ID: 2e1fa45d-821e-44be-b537-691b92f247bf,
Billed Duration for Request 2e1fa45d-821e-44be-b537-691b92f247bf: 2021 ms
Input: 5750000,
Cold Start: false
Unique ID: c2266841-60c6-411d-874b-80bc8689e513,
Billed Duration for Request c2266841-60c6-411d-874b-80bc8689e513: 2070 ms
Input: 5750000,
Cold Start: false
Unique ID: a1718af9-69e1-40b2-aac4-91455c80e21d,
Billed Duration for Request a1718af9-69e1-40b2-aac4-91455c80e21d: 2139 ms
Input: 5750000,
Cold Start: false
Unique ID: 65043116-ebf6-42cc-a4b7-6e5611b003da,
Billed Duration for Request 65043116-ebf6-42cc-a4b7-6e5611b003da: 2082 ms
Input: 5750000,
Cold Start: false
Unique ID: 12ab98ff-c335-4552-8c4d-b8a511cad1de,
Billed Duration for Request 12ab98ff-c335-4552-8c4d-b8a511cad1de: 2004 ms
Input: 5750000,
Cold Start: false
Unique ID: 9f326276-80ca-40cf-85ca-4620fca8354d,
Billed Duration for Request 9f326276-80ca-40cf-85ca-4620fca8354d: 2090 ms
Input: 5750000,
Cold Start: false
Unique ID: 1e24fd30-b97b-4e33-a4b2-53f77c1438ef,
Billed Duration for Request 1e24fd30-b97b-4e33-a4b2-53f77c1438ef: 2150 ms
Input: 5750000,
Cold Start: false
Unique ID: 096c5a16-1490-47be-a80e-55abaad04ec3,
Billed Duration for Request 096c5a16-1490-47be-a80e-55abaad04ec3: 2080 ms
Input: 5750000,
Cold Start: false
Unique ID: 1b7e910f-2833-4916-8fa3-302e02051bf2,
Billed Duration for Request 1b7e910f-2833-4916-8fa3-302e02051bf2: 2095 ms
Input: 5750000,
Cold Start: false
Unique ID: e575dfb8-9d82-418a-9b49-7594224ee804,
Billed Duration for Request e575dfb8-9d82-418a-9b49-7594224ee804: 2105 ms
Input: 5750000,
Cold Start: false
Unique ID: 66dc4e03-3952-4db8-bfcb-d1ee6433a0e4,
Billed Duration for Request 66dc4e03-3952-4db8-bfcb-d1ee6433a0e4: 2065 ms
Input: 5750000,
Cold Start: false
Unique ID: d995e1f0-5105-42db-9ff3-a9150bba74d4,
Billed Duration for Request d995e1f0-5105-42db-9ff3-a9150bba74d4: 2017 ms
Input: 5750000,
Cold Start: false
Unique ID: b279c840-57d3-45f2-b552-c0ae7cab6767,
Billed Duration for Request b279c840-57d3-45f2-b552-c0ae7cab6767: 2056 ms
Input: 5750000,
Cold Start: false
Unique ID: 2fb72d63-1603-4225-b9dd-e26c50b3e02d,
Billed Duration for Request 2fb72d63-1603-4225-b9dd-e26c50b3e02d: 2127 ms
Input: 5750000,
Cold Start: false
Unique ID: e29f933f-b545-4942-927f-8d1046d52b19,
Billed Duration for Request e29f933f-b545-4942-927f-8d1046d52b19: 2040 ms
Input: 5750000,
Cold Start: false
Unique ID: 0852fb04-d486-40f8-876b-b8812a85e9e9,
Billed Duration for Request 0852fb04-d486-40f8-876b-b8812a85e9e9: 2100 ms
Input: 5750000,
Cold Start: false
Unique ID: cb4da684-c2a6-4772-ab34-83d2f2ef9c3b,
Billed Duration for Request cb4da684-c2a6-4772-ab34-83d2f2ef9c3b: 2163 ms
Input: 5750000,
Cold Start: false
Unique ID: 8ae82cf0-a0ca-492b-a3fe-baa25147b0cd,
Billed Duration for Request 8ae82cf0-a0ca-492b-a3fe-baa25147b0cd: 2115 ms
Input: 5750000,
Cold Start: false
Unique ID: 16dbf346-200d-4111-98ca-6f23dd3f50be,
Billed Duration for Request 16dbf346-200d-4111-98ca-6f23dd3f50be: 2106 ms
Input: 5750000,
Cold Start: false
Unique ID: 31a0a153-71d4-4abd-ba32-ee191c0c6d7e,
Billed Duration for Request 31a0a153-71d4-4abd-ba32-ee191c0c6d7e: 2034 ms
Input: 5750000,
Cold Start: false
Unique ID: 2014a58c-06c7-4f2a-a063-0a75e935dc20,
Billed Duration for Request 2014a58c-06c7-4f2a-a063-0a75e935dc20: 2099 ms
Input: 5750000,
Cold Start: false
Unique ID: 16380513-d6ab-4752-8dfd-ac2c97b26983,
Billed Duration for Request 16380513-d6ab-4752-8dfd-ac2c97b26983: 2074 ms
Input: 5750000,
Cold Start: false
Unique ID: e4cfcf89-6a40-4598-87cc-353c541c0a0e,
Billed Duration for Request e4cfcf89-6a40-4598-87cc-353c541c0a0e: 2082 ms
Input: 5750000,
Cold Start: false
Unique ID: 8a179b78-7ff9-4244-9a1a-07f944d04d36,
Billed Duration for Request 8a179b78-7ff9-4244-9a1a-07f944d04d36: 2020 ms
Input: 5750000,
Cold Start: false
Unique ID: e5f332ea-5f02-46c2-96b8-c3773dd2dacf,
Billed Duration for Request e5f332ea-5f02-46c2-96b8-c3773dd2dacf: 2089 ms
Input: 5750000,
Cold Start: false
Unique ID: e68b7492-0f93-4311-acd9-59551b7842b1,
Billed Duration for Request e68b7492-0f93-4311-acd9-59551b7842b1: 2181 ms
Input: 5750000,
Cold Start: false
Unique ID: b414136b-80c7-4e62-af08-a0d59ccffc8b,
Billed Duration for Request b414136b-80c7-4e62-af08-a0d59ccffc8b: 2127 ms
Input: 5750000,
Cold Start: false
Unique ID: af1bf1c3-ee9b-41ab-8edf-616f24cc0729,
Billed Duration for Request af1bf1c3-ee9b-41ab-8edf-616f24cc0729: 2117 ms
Input: 5750000,
Cold Start: false
Unique ID: 93bca394-54ec-4200-bdd1-5ebab73fa136,
Billed Duration for Request 93bca394-54ec-4200-bdd1-5ebab73fa136: 2094 ms
Input: 5750000,
Cold Start: false
Unique ID: ea74fc16-a3c4-4b5f-bc4d-eae3920015b3,
Billed Duration for Request ea74fc16-a3c4-4b5f-bc4d-eae3920015b3: 2037 ms
Input: 5750000,
Cold Start: false
Unique ID: 43cb0e8f-3750-451a-b510-3cd8cafc1f17,
Billed Duration for Request 43cb0e8f-3750-451a-b510-3cd8cafc1f17: 2106 ms
Input: 5750000,
Cold Start: false
Unique ID: 77a7ecbb-cf7a-4deb-a984-056389ab2260,
Billed Duration for Request 77a7ecbb-cf7a-4deb-a984-056389ab2260: 2074 ms
Input: 5750000,
Cold Start: false
Unique ID: d55ecc14-4431-4aec-9b5f-61fd849cb6e3,
Billed Duration for Request d55ecc14-4431-4aec-9b5f-61fd849cb6e3: 2016 ms
Input: 5750000,
Cold Start: false
Unique ID: 8eed963a-b9c9-4a2c-9f80-eec7b5cab799,
Billed Duration for Request 8eed963a-b9c9-4a2c-9f80-eec7b5cab799: 2077 ms
Input: 5750000,
Cold Start: false
Unique ID: 86249a52-b49b-4967-ad01-7654d8b6666c,
Billed Duration for Request 86249a52-b49b-4967-ad01-7654d8b6666c: 2089 ms
Input: 5750000,
Cold Start: false
Unique ID: 074533db-525e-497f-976e-da19511c15c7,
Billed Duration for Request 074533db-525e-497f-976e-da19511c15c7: 2136 ms
Input: 5750000,
Cold Start: false
Unique ID: edd0f431-54e8-40fd-8776-289bb0168af4,
Billed Duration for Request edd0f431-54e8-40fd-8776-289bb0168af4: 2094 ms
Input: 5750000,
Cold Start: false
Unique ID: 88c63ae0-552e-43d1-a3b7-1c79f79576c5,
Billed Duration for Request 88c63ae0-552e-43d1-a3b7-1c79f79576c5: 2029 ms
Input: 5750000,
Cold Start: false
Unique ID: 1abc77fa-8656-4c47-894d-91fb09bb9266,
Billed Duration for Request 1abc77fa-8656-4c47-894d-91fb09bb9266: 2082 ms
Input: 5750000,
Cold Start: false
Unique ID: 43a05291-a50b-4b27-8d28-c882ae261b9c,
Billed Duration for Request 43a05291-a50b-4b27-8d28-c882ae261b9c: 2099 ms
Input: 5750000,
Cold Start: false
Unique ID: 16ee9dcc-a5a6-4f41-8b66-c3baf3360f5a,
Billed Duration for Request 16ee9dcc-a5a6-4f41-8b66-c3baf3360f5a: 2074 ms
Input: 5750000,
Cold Start: false
Unique ID: 9733de37-5e59-4803-89d5-ff1589803f88,
Billed Duration for Request 9733de37-5e59-4803-89d5-ff1589803f88: 2023 ms
Input: 5750000,
Cold Start: false
Unique ID: ac2d5b7a-22f1-4987-b134-da00992f46a3,
Billed Duration for Request ac2d5b7a-22f1-4987-b134-da00992f46a3: 2181 ms
Input: 5750000,
Cold Start: false
Unique ID: b26dfedb-ec9c-48dc-9ae0-c4f25a78cd2e,
Billed Duration for Request b26dfedb-ec9c-48dc-9ae0-c4f25a78cd2e: 2059 ms
Input: 5750000,
Cold Start: false
Unique ID: ad420ece-f86e-4522-a32b-355189b9b71f,
Billed Duration for Request ad420ece-f86e-4522-a32b-355189b9b71f: 2109 ms
Input: 5750000,
Cold Start: false
Unique ID: 5cd0f052-ba82-4094-90d1-6668baebb018,
Billed Duration for Request 5cd0f052-ba82-4094-90d1-6668baebb018: 2094 ms
Input: 5750000,
Cold Start: false
Unique ID: c6b93ce7-d01d-47d7-94c5-ca1a8a004cce,
Billed Duration for Request c6b93ce7-d01d-47d7-94c5-ca1a8a004cce: 2028 ms
Input: 5750000,
Cold Start: false
Unique ID: 7544275a-8d37-4dca-99d3-b08dd57eee17,
Billed Duration for Request 7544275a-8d37-4dca-99d3-b08dd57eee17: 2101 ms
Input: 5750000,
Cold Start: false
Unique ID: d2f47da5-09cd-4b68-ae87-7735f4058d91,
Billed Duration for Request d2f47da5-09cd-4b68-ae87-7735f4058d91: 2054 ms
Input: 5750000,
Cold Start: false
Unique ID: e9544375-2efe-428b-a6db-3710c9e26806,
Billed Duration for Request e9544375-2efe-428b-a6db-3710c9e26806: 2115 ms
Input: 5750000,
Cold Start: false
Unique ID: f29944eb-7af8-46e8-8a2d-000a7335df70,
Billed Duration for Request f29944eb-7af8-46e8-8a2d-000a7335df70: 2014 ms
Input: 5750000,
Cold Start: false
Unique ID: 55dcf012-615a-41ac-94d4-57c69c6f2d78,
Billed Duration for Request 55dcf012-615a-41ac-94d4-57c69c6f2d78: 2136 ms
Input: 5750000,
Cold Start: false
Unique ID: b3156449-826d-4060-a57c-16aa53379f37,
Billed Duration for Request b3156449-826d-4060-a57c-16aa53379f37: 2161 ms
Input: 5750000,
Cold Start: false
Unique ID: d8f33dd9-0943-4622-babe-51746ba5b9d3,
Billed Duration for Request d8f33dd9-0943-4622-babe-51746ba5b9d3: 2045 ms
Input: 5750000,
Cold Start: false
Unique ID: 8ba6d45c-e8f7-4171-acbb-fc3a986d6837,
Billed Duration for Request 8ba6d45c-e8f7-4171-acbb-fc3a986d6837: 2095 ms
Input: 5750000,
Cold Start: false
Unique ID: d715098c-1350-4feb-98b7-aa8a136fd509,
Billed Duration for Request d715098c-1350-4feb-98b7-aa8a136fd509: 2123 ms
Input: 5750000,
Cold Start: false
Unique ID: aeba8eab-b389-403b-a768-582565dedbc1,
Billed Duration for Request aeba8eab-b389-403b-a768-582565dedbc1: 2024 ms
Input: 5750000,
Cold Start: false
Unique ID: 406adf83-0787-4b18-8f50-ca2d3ff30141,
Billed Duration for Request 406adf83-0787-4b18-8f50-ca2d3ff30141: 2105 ms
Input: 5750000,
Cold Start: false
Unique ID: be48d5a7-a341-4145-a776-5768ed706712,
Billed Duration for Request be48d5a7-a341-4145-a776-5768ed706712: 2069 ms
Input: 5750000,
Cold Start: false
Unique ID: 38dfef53-4d53-4c69-b2c3-11d8e13d2f50,
Billed Duration for Request 38dfef53-4d53-4c69-b2c3-11d8e13d2f50: 2121 ms
Input: 5750000,
Cold Start: false
Unique ID: 6a45fd61-25c7-4ef7-8318-def4b8c679a8,
Billed Duration for Request 6a45fd61-25c7-4ef7-8318-def4b8c679a8: 2051 ms
Input: 5750000,
Cold Start: false
Unique ID: 79195978-5a8d-4278-a081-6ff387f32267,
Billed Duration for Request 79195978-5a8d-4278-a081-6ff387f32267: 2031 ms
Input: 5750000,
Cold Start: false
Unique ID: c3274510-0ea9-4450-8f6b-21343d77a926,
Billed Duration for Request c3274510-0ea9-4450-8f6b-21343d77a926: 2139 ms
Input: 5750000,
Cold Start: false
Unique ID: e2641963-f2d9-469b-98da-fed3ad1633d3,
Billed Duration for Request e2641963-f2d9-469b-98da-fed3ad1633d3: 2113 ms
Input: 5750000,
Cold Start: false
Unique ID: f41ab2f7-743d-41ff-8ce4-bb8f2722863d,
Billed Duration for Request f41ab2f7-743d-41ff-8ce4-bb8f2722863d: 2030 ms
Input: 5750000,
Cold Start: false
Unique ID: 105e8a70-6e8d-4308-9091-b44079ac6e2e,
Billed Duration for Request 105e8a70-6e8d-4308-9091-b44079ac6e2e: 2122 ms
Input: 5750000,
Cold Start: false
Unique ID: 216ed8b0-52b2-4249-9e78-7c442e49a828,
Billed Duration for Request 216ed8b0-52b2-4249-9e78-7c442e49a828: 2090 ms
Input: 5750000,
Cold Start: false
Unique ID: f8721a73-9f4a-4429-97c0-b0e100121f54,
Billed Duration for Request f8721a73-9f4a-4429-97c0-b0e100121f54: 2094 ms
Input: 5750000,
Cold Start: false
Unique ID: b1915eb1-4211-42e4-a4c4-b36ceee5de01,
Billed Duration for Request b1915eb1-4211-42e4-a4c4-b36ceee5de01: 2071 ms
Input: 5750000,
Cold Start: false
Unique ID: 471e6028-28f7-42b2-bf45-7ef35b4bb2f8,
Billed Duration for Request 471e6028-28f7-42b2-bf45-7ef35b4bb2f8: 2127 ms
Input: 5750000,
Cold Start: false
Unique ID: 173979a6-a560-4e6c-8283-90817ae605bb,
Billed Duration for Request 173979a6-a560-4e6c-8283-90817ae605bb: 2059 ms
Input: 5750000,
Cold Start: false
Unique ID: d342de55-5f62-46c4-a7f0-ccaa789534ae,
Billed Duration for Request d342de55-5f62-46c4-a7f0-ccaa789534ae: 2023 ms
Input: 5750000,
Cold Start: false
Unique ID: 78474669-b160-493a-ad61-580cd19b347d,
Billed Duration for Request 78474669-b160-493a-ad61-580cd19b347d: 2105 ms
Input: 5750000,
Cold Start: false
Unique ID: a2ccd275-bdfb-4cb1-864f-ff0d763d9d83,
Billed Duration for Request a2ccd275-bdfb-4cb1-864f-ff0d763d9d83: 2023 ms
Input: 5750000,
Cold Start: false
Unique ID: 859d3b23-284a-40b4-aa79-0f4db96b86e5,
Billed Duration for Request 859d3b23-284a-40b4-aa79-0f4db96b86e5: 2137 ms
Input: 5750000,
Cold Start: false
Unique ID: b05911d9-c492-4f2a-a1e8-23649aacb861,
Billed Duration for Request b05911d9-c492-4f2a-a1e8-23649aacb861: 2109 ms
Input: 5750000,
Cold Start: false
Unique ID: 57df21b7-cda0-457a-b733-2f4f701805d6,
Billed Duration for Request 57df21b7-cda0-457a-b733-2f4f701805d6: 2071 ms
Input: 5750000,
Cold Start: false
Unique ID: 5764cf54-d81d-4dc0-a223-c8f2e51b36aa,
Billed Duration for Request 5764cf54-d81d-4dc0-a223-c8f2e51b36aa: 2127 ms
Input: 5750000,
Cold Start: false
Unique ID: 9ab3bfb1-4efb-4078-add9-308f03ab0faa,
Billed Duration for Request 9ab3bfb1-4efb-4078-add9-308f03ab0faa: 2146 ms
Input: 5750000,
Cold Start: false
Unique ID: fb197909-7854-4f99-90b0-331560ef76e8,
Billed Duration for Request fb197909-7854-4f99-90b0-331560ef76e8: 2119 ms
Input: 5750000,
Cold Start: false
Unique ID: 5998009e-1d8c-4616-9142-11b5bb616e2d,
Billed Duration for Request 5998009e-1d8c-4616-9142-11b5bb616e2d: 2020 ms
Input: 5750000,
Cold Start: false
Unique ID: 9540f97b-04f1-479e-8520-70d019d60aaf,
Billed Duration for Request 9540f97b-04f1-479e-8520-70d019d60aaf: 2052 ms
Input: 5750000,
Cold Start: false
Unique ID: 58919d09-17ea-4528-99a8-f90c9fec1b4f,
Billed Duration for Request 58919d09-17ea-4528-99a8-f90c9fec1b4f: 2016 ms
Input: 5750000,
Cold Start: false
Unique ID: 2d97f174-b551-42d7-acb7-da6281aeadd1,
Billed Duration for Request 2d97f174-b551-42d7-acb7-da6281aeadd1: 2120 ms
Input: 5750000,
Cold Start: false
Unique ID: aae68c0a-c5cb-4bf6-8dfa-080016b88b95,
Billed Duration for Request aae68c0a-c5cb-4bf6-8dfa-080016b88b95: 2076 ms
Input: 5750000,
Cold Start: false
Unique ID: 656931ce-31f8-44a0-96a8-ba9cd930ca7f,
Billed Duration for Request 656931ce-31f8-44a0-96a8-ba9cd930ca7f: 2053 ms
Input: 5750000,
Cold Start: false
Unique ID: 70bf2b30-b3f5-491b-a7b2-741293bce053,
Billed Duration for Request 70bf2b30-b3f5-491b-a7b2-741293bce053: 2136 ms
Input: 5750000,
Cold Start: false
Unique ID: 784ea5e6-3727-4dc4-8fb6-176aa76eff31,
Billed Duration for Request 784ea5e6-3727-4dc4-8fb6-176aa76eff31: 2131 ms
Input: 5750000,
Cold Start: false
Unique ID: 515e2ca0-70e6-411f-93cc-1225146e587c,
Billed Duration for Request 515e2ca0-70e6-411f-93cc-1225146e587c: 2122 ms
Input: 5750000,
Cold Start: false
Unique ID: 5e7786a1-02fb-4aa2-b257-769daf579ee1,
Billed Duration for Request 5e7786a1-02fb-4aa2-b257-769daf579ee1: 2091 ms
Input: 5750000,
Cold Start: false
Unique ID: d3fc630b-48fe-4d5a-817b-c0608fafdc3c,
Billed Duration for Request d3fc630b-48fe-4d5a-817b-c0608fafdc3c: 2053 ms
Input: 5750000,
Cold Start: false
Unique ID: 0e6063d0-a215-4390-a4da-1b94977c797c,
Billed Duration for Request 0e6063d0-a215-4390-a4da-1b94977c797c: 2110 ms
Input: 5750000,
Cold Start: false
Unique ID: fb6402f6-9bdb-4933-aee9-c00cde581f7e,
Billed Duration for Request fb6402f6-9bdb-4933-aee9-c00cde581f7e: 2039 ms
Input: 5750000,
Cold Start: false
Unique ID: 70630d90-1a5a-4d59-992a-a4ed833f75b3,
Billed Duration for Request 70630d90-1a5a-4d59-992a-a4ed833f75b3: 2098 ms
Input: 5750000,
Cold Start: false
Unique ID: fe287e1c-3a8f-4366-949d-98b97ba9e821,
Billed Duration for Request fe287e1c-3a8f-4366-949d-98b97ba9e821: 2100 ms
Input: 5750000,
Cold Start: false
Unique ID: 07796fac-db75-4fa0-9125-57c634c5638f,
Billed Duration for Request 07796fac-db75-4fa0-9125-57c634c5638f: 2147 ms
Input: 5750000,
Cold Start: false
Unique ID: 5c1c5980-8359-493d-85e3-e16472dfd0e9,
Billed Duration for Request 5c1c5980-8359-493d-85e3-e16472dfd0e9: 2090 ms
Input: 5750000,
Cold Start: false
Unique ID: a2f8000d-13a5-4592-aa07-2e4505a94e9e,
Billed Duration for Request a2f8000d-13a5-4592-aa07-2e4505a94e9e: 2067 ms
Input: 5750000,
Cold Start: false
Unique ID: ffb35648-b321-43bb-8996-d0d30afc4a5a,
Billed Duration for Request ffb35648-b321-43bb-8996-d0d30afc4a5a: 2024 ms
Input: 5750000,
Cold Start: false
Unique ID: b997e629-b90f-4cf8-a4f9-4943bcd0582c,
Billed Duration for Request b997e629-b90f-4cf8-a4f9-4943bcd0582c: 2119 ms
Input: 5750000,
Cold Start: false
Unique ID: b0d6523d-28bd-4064-ab1b-11a5d1649bab,
Billed Duration for Request b0d6523d-28bd-4064-ab1b-11a5d1649bab: 2038 ms
Input: 5750000,
Cold Start: false
Unique ID: 4fed48f3-0051-4a4d-b541-b36223cd058a,
Billed Duration for Request 4fed48f3-0051-4a4d-b541-b36223cd058a: 2142 ms
Input: 5750000,
Cold Start: false
Unique ID: 990f9cab-d4e9-41af-8223-7612442bbe28,
Billed Duration for Request 990f9cab-d4e9-41af-8223-7612442bbe28: 2027 ms
Input: 5750000,
Cold Start: false
Unique ID: 69f3e46a-cb4c-4288-9873-74a7e879bf1d,
Billed Duration for Request 69f3e46a-cb4c-4288-9873-74a7e879bf1d: 2092 ms
Input: 5750000,
Cold Start: false
Unique ID: f9351cc0-385c-41b1-9856-2c5599867b96,
Billed Duration for Request f9351cc0-385c-41b1-9856-2c5599867b96: 2116 ms
Input: 5750000,
Cold Start: false
Unique ID: 98cb6134-7488-4f32-b19b-b6ee959dd863,
Billed Duration for Request 98cb6134-7488-4f32-b19b-b6ee959dd863: 2111 ms
Input: 5750000,
Cold Start: false
Unique ID: 180126ac-dcc8-4536-8512-b442203f02df,
Billed Duration for Request 180126ac-dcc8-4536-8512-b442203f02df: 2085 ms
Input: 5750000,
Cold Start: false
Unique ID: f760f97a-c297-49bb-984f-c85c4317cadb,
Billed Duration for Request f760f97a-c297-49bb-984f-c85c4317cadb: 2110 ms
Input: 5750000,
Cold Start: false
Unique ID: fae28585-c43e-438c-8141-bcd39bf9f9ec,
Billed Duration for Request fae28585-c43e-438c-8141-bcd39bf9f9ec: 2017 ms
Input: 5750000,
Cold Start: false
Unique ID: a74f118c-56d4-4e8b-bb4b-1ea2ef2f1161,
Billed Duration for Request a74f118c-56d4-4e8b-bb4b-1ea2ef2f1161: 2133 ms
Input: 5750000,
Cold Start: false
Unique ID: ab73e730-8428-4a8b-b9dd-7dde7bb958da,
Billed Duration for Request ab73e730-8428-4a8b-b9dd-7dde7bb958da: 2085 ms
Input: 5750000,
Cold Start: false
Unique ID: b5ca1d78-3e95-4ebb-9f1b-4a54380ceba4,
Billed Duration for Request b5ca1d78-3e95-4ebb-9f1b-4a54380ceba4: 2031 ms
Input: 5750000,
Cold Start: false
Unique ID: 8998b98a-dd15-42b7-bdcb-afe94abcffbb,
Billed Duration for Request 8998b98a-dd15-42b7-bdcb-afe94abcffbb: 2110 ms
Input: 5750000,
Cold Start: false
Unique ID: d495e165-97e9-4811-a57a-9376d4cc579e,
Billed Duration for Request d495e165-97e9-4811-a57a-9376d4cc579e: 2138 ms
Input: 5750000,
Cold Start: false
Unique ID: 49340f9d-1634-405d-abd8-95f0f3255655,
Billed Duration for Request 49340f9d-1634-405d-abd8-95f0f3255655: 2136 ms
Input: 5750000,
Cold Start: false
Unique ID: 743586e5-a21b-4161-8e0b-bf2016c3e25d,
Billed Duration for Request 743586e5-a21b-4161-8e0b-bf2016c3e25d: 2099 ms
Input: 5750000,
Cold Start: false
Unique ID: 1ec342f9-9d15-4ddb-9a61-ed42061c6237,
Billed Duration for Request 1ec342f9-9d15-4ddb-9a61-ed42061c6237: 2051 ms
Input: 5750000,
Cold Start: false
Unique ID: 27266374-949c-4756-a141-f07585e1001d,
Billed Duration for Request 27266374-949c-4756-a141-f07585e1001d: 2116 ms
Input: 5750000,
Cold Start: false
Unique ID: db69e9b3-7405-44a1-8453-75a8c71002b9,
Billed Duration for Request db69e9b3-7405-44a1-8453-75a8c71002b9: 2072 ms
Input: 5750000,
Cold Start: false
Unique ID: de917ffe-52c4-47dc-b2f3-dec106f340eb,
Billed Duration for Request de917ffe-52c4-47dc-b2f3-dec106f340eb: 2077 ms
Input: 5750000,
Cold Start: false
Unique ID: e4944db3-66a3-4f32-841a-237d11cf3946,
Billed Duration for Request e4944db3-66a3-4f32-841a-237d11cf3946: 2011 ms
Input: 5750000,
Cold Start: false
Unique ID: ddad63f0-1613-42cc-8886-45a3f3a1a979,
Billed Duration for Request ddad63f0-1613-42cc-8886-45a3f3a1a979: 2141 ms
Input: 5750000,
Cold Start: false
Unique ID: 20e4b156-f43b-4ec8-8c8a-55cfa087093f,
Billed Duration for Request 20e4b156-f43b-4ec8-8c8a-55cfa087093f: 2106 ms
Input: 5750000,
Cold Start: false
Unique ID: b410840b-7204-4824-beef-7dafeeb8a0ff,
Billed Duration for Request b410840b-7204-4824-beef-7dafeeb8a0ff: 2133 ms
Input: 5750000,
Cold Start: false
Unique ID: 25e8d0de-4a65-48ab-af04-91d29d20d44f,
Billed Duration for Request 25e8d0de-4a65-48ab-af04-91d29d20d44f: 2095 ms
Input: 5750000,
Cold Start: false
Unique ID: 00793b27-6e7f-4fd6-8197-11a1d5a768df,
Billed Duration for Request 00793b27-6e7f-4fd6-8197-11a1d5a768df: 2120 ms
Input: 5750000,
Cold Start: false
Unique ID: df115e07-5b0f-4c2b-a13b-cd3d137fa7ab,
Billed Duration for Request df115e07-5b0f-4c2b-a13b-cd3d137fa7ab: 2015 ms
Input: 5750000,
Cold Start: false
Unique ID: 3d30ae86-01d6-4ada-aa37-fe79df21f172,
Billed Duration for Request 3d30ae86-01d6-4ada-aa37-fe79df21f172: 2056 ms
Input: 5750000,
Cold Start: false
Unique ID: c38e4742-9b54-4d33-9782-7db481c70a55,
Billed Duration for Request c38e4742-9b54-4d33-9782-7db481c70a55: 2039 ms
Input: 5750000,
Cold Start: false
Unique ID: bc1beb67-31cc-4acf-91c8-0b3a07817261,
Billed Duration for Request bc1beb67-31cc-4acf-91c8-0b3a07817261: 2080 ms
Input: 5750000,
Cold Start: false
Unique ID: f2b3b301-d8e6-4b31-9e1a-f63d859536af,
Billed Duration for Request f2b3b301-d8e6-4b31-9e1a-f63d859536af: 2098 ms
Input: 5750000,
Cold Start: false
Unique ID: 1d3166e8-15a1-4ec7-b6e5-68ccb2e32955,
Billed Duration for Request 1d3166e8-15a1-4ec7-b6e5-68ccb2e32955: 2120 ms
Input: 5750000,
Cold Start: false
Unique ID: d1cf9abf-2fd4-4cda-a9cb-e73e05c86df9,
Billed Duration for Request d1cf9abf-2fd4-4cda-a9cb-e73e05c86df9: 2135 ms
Input: 5750000,
Cold Start: false
Unique ID: 2b1f1054-8d09-40f3-9334-2043a09d7c19,
Billed Duration for Request 2b1f1054-8d09-40f3-9334-2043a09d7c19: 2108 ms
Input: 5750000,
Cold Start: false
Unique ID: 5e089abf-8273-49b0-8f4d-509f551c5040,
Billed Duration for Request 5e089abf-8273-49b0-8f4d-509f551c5040: 2024 ms
Input: 5750000,
Cold Start: false
Unique ID: e1b29afe-9718-4f8c-8196-e98b913f61c0,
Billed Duration for Request e1b29afe-9718-4f8c-8196-e98b913f61c0: 2106 ms
Input: 5750000,
Cold Start: false
Unique ID: 3732a1fe-1802-4882-ab75-5bd7682f138f,
Billed Duration for Request 3732a1fe-1802-4882-ab75-5bd7682f138f: 2057 ms
Input: 5750000,
Cold Start: false
Unique ID: 57184a67-5d43-4409-85c9-0ac198beb514,
Billed Duration for Request 57184a67-5d43-4409-85c9-0ac198beb514: 2033 ms
Input: 5750000,
Cold Start: false
Unique ID: 7c95faa5-5f42-4ae8-9cab-d4cab3edd709,
Billed Duration for Request 7c95faa5-5f42-4ae8-9cab-d4cab3edd709: 2139 ms
Input: 5750000,
Cold Start: false
Unique ID: 7ab9fee5-4dde-4466-9997-21ecf8bde9f6,
Billed Duration for Request 7ab9fee5-4dde-4466-9997-21ecf8bde9f6: 2067 ms
Input: 5750000,
Cold Start: false
Unique ID: 804da055-3c9b-45cf-8f73-02a3bd029d55,
Billed Duration for Request 804da055-3c9b-45cf-8f73-02a3bd029d55: 2111 ms
Input: 5750000,
Cold Start: false
Unique ID: 80ef98ff-eca6-4380-8f65-ddba4b05631d,
Billed Duration for Request 80ef98ff-eca6-4380-8f65-ddba4b05631d: 2124 ms
Input: 5750000,
Cold Start: false
Unique ID: 32c33562-53cf-4c02-ba65-6c4666f70f1e,
Billed Duration for Request 32c33562-53cf-4c02-ba65-6c4666f70f1e: 2136 ms
Input: 5750000,
Cold Start: false
Unique ID: 3c778a81-5d2b-4386-aae3-e837442e5933,
Billed Duration for Request 3c778a81-5d2b-4386-aae3-e837442e5933: 2097 ms
Input: 5750000,
Cold Start: false
Unique ID: 5abac44f-9ce7-4cc3-9207-0b7041867b5c,
Billed Duration for Request 5abac44f-9ce7-4cc3-9207-0b7041867b5c: 2015 ms
Input: 5750000,
Cold Start: false
Unique ID: 38b6e763-6cc1-4aa3-b9bb-1671c131220a,
Billed Duration for Request 38b6e763-6cc1-4aa3-b9bb-1671c131220a: 2079 ms
Input: 5750000,
Cold Start: false
Unique ID: e18ad3f6-b2b4-4fc2-a4e8-beea10ca462b,
Billed Duration for Request e18ad3f6-b2b4-4fc2-a4e8-beea10ca462b: 2079 ms
Input: 5750000,
Cold Start: false
Unique ID: a8c852e0-d457-478d-b190-852c1185f52e,
Billed Duration for Request a8c852e0-d457-478d-b190-852c1185f52e: 2043 ms
Input: 5750000,
Cold Start: false
Unique ID: be31793f-4319-4177-9892-9cc4294fdcdc,
Billed Duration for Request be31793f-4319-4177-9892-9cc4294fdcdc: 2146 ms
Input: 5750000,
Cold Start: false
Unique ID: b9ae5eb0-a186-48b2-b6b5-688f3d1e2c11,
Billed Duration for Request b9ae5eb0-a186-48b2-b6b5-688f3d1e2c11: 2068 ms
Input: 5750000,
Cold Start: false
Unique ID: cfd2e331-e40d-4aa1-9206-6c072b465147,
Billed Duration for Request cfd2e331-e40d-4aa1-9206-6c072b465147: 2117 ms
Input: 5750000,
Cold Start: false
Unique ID: b6aa7d17-52ae-4538-be16-4e5fc6c7be1b,
Billed Duration for Request b6aa7d17-52ae-4538-be16-4e5fc6c7be1b: 2109 ms
Input: 5750000,
Cold Start: false
Unique ID: 12af7532-a200-43ef-89bc-7970668d07de,
Billed Duration for Request 12af7532-a200-43ef-89bc-7970668d07de: 2094 ms
Input: 5750000,
Cold Start: false
Unique ID: 024abd7b-b0a4-47c2-be12-8fa90b7fed7b,
Billed Duration for Request 024abd7b-b0a4-47c2-be12-8fa90b7fed7b: 2128 ms
Input: 5750000,
Cold Start: false
Unique ID: 935638de-a6bb-46b7-9eda-4b89fe264611,
Billed Duration for Request 935638de-a6bb-46b7-9eda-4b89fe264611: 2091 ms
Input: 5750000,
Cold Start: false
Unique ID: 227c63cb-470c-4078-a7d5-6fbbd93dffca,
Billed Duration for Request 227c63cb-470c-4078-a7d5-6fbbd93dffca: 2024 ms
Input: 5750000,
Cold Start: false
Unique ID: 6b9d4bca-fa1e-4c1a-8217-12775cdc3bcc,
Billed Duration for Request 6b9d4bca-fa1e-4c1a-8217-12775cdc3bcc: 2034 ms
Input: 5750000,
Cold Start: false
Unique ID: cf896cc0-4507-44db-9427-aa7c304e28ee,
Billed Duration for Request cf896cc0-4507-44db-9427-aa7c304e28ee: 2069 ms
Input: 5750000,
Cold Start: false
Unique ID: 6ad8b892-25ac-486e-8651-25f3b9f9bf5f,
Billed Duration for Request 6ad8b892-25ac-486e-8651-25f3b9f9bf5f: 2147 ms
Input: 5750000,
Cold Start: false
Unique ID: 48a092fd-c82c-4744-bb06-6328bc68a177,
Billed Duration for Request 48a092fd-c82c-4744-bb06-6328bc68a177: 2084 ms
Input: 5750000,
Cold Start: false
Unique ID: 65709833-83d8-4655-9720-4d38c0cd4631,
Billed Duration for Request 65709833-83d8-4655-9720-4d38c0cd4631: 2094 ms
Input: 5750000,
Cold Start: false
Unique ID: e573d7ea-14b2-4be9-be06-e69473eb358d,
Billed Duration for Request e573d7ea-14b2-4be9-be06-e69473eb358d: 2119 ms
Input: 5750000,
Cold Start: false
Unique ID: 52c39060-266f-4b77-9a5a-25740ecde049,
Billed Duration for Request 52c39060-266f-4b77-9a5a-25740ecde049: 2108 ms
Input: 5750000,
Cold Start: false
Unique ID: 854f3b9f-0c12-4641-bf87-beb1446dab94,
Billed Duration for Request 854f3b9f-0c12-4641-bf87-beb1446dab94: 2147 ms
Input: 5750000,
Cold Start: false
Unique ID: bbc64da8-9261-4943-a4fa-2822ee978a71,
Billed Duration for Request bbc64da8-9261-4943-a4fa-2822ee978a71: 2031 ms
Input: 5750000,
Cold Start: false
Unique ID: e078fbb0-45a0-4c11-b158-3ba52ec25a5b,
Billed Duration for Request e078fbb0-45a0-4c11-b158-3ba52ec25a5b: 2014 ms
Input: 5750000,
Cold Start: false
Unique ID: b13ce1df-e61c-4327-9ae8-3c9c20711442,
Billed Duration for Request b13ce1df-e61c-4327-9ae8-3c9c20711442: 2119 ms
Input: 5750000,
Cold Start: false
Unique ID: f12603ad-cc12-4257-b9a6-29ef85a623a4,
Billed Duration for Request f12603ad-cc12-4257-b9a6-29ef85a623a4: 2060 ms
Input: 5750000,
Cold Start: false
Unique ID: 5b84c19c-0548-4284-9b03-91a354e3cdd1,
Billed Duration for Request 5b84c19c-0548-4284-9b03-91a354e3cdd1: 2136 ms
Input: 5750000,
Cold Start: false
Unique ID: 3eb2a72d-42e8-489d-b716-42e361b86fa7,
Billed Duration for Request 3eb2a72d-42e8-489d-b716-42e361b86fa7: 2051 ms
Input: 5750000,
Cold Start: false
Unique ID: 3487226d-2458-4f66-b3e3-299c023c2a84,
Billed Duration for Request 3487226d-2458-4f66-b3e3-299c023c2a84: 2121 ms
Input: 5750000,
Cold Start: false
Unique ID: 6a66f2fc-d067-4e71-8c00-8cea0c07992d,
Billed Duration for Request 6a66f2fc-d067-4e71-8c00-8cea0c07992d: 2090 ms
Input: 5750000,
Cold Start: false
Unique ID: b6999ff0-94d3-4abe-8242-ea7d14525153,
Billed Duration for Request b6999ff0-94d3-4abe-8242-ea7d14525153: 2046 ms
Input: 5750000,
Cold Start: false
Unique ID: 97f029a6-fc00-49ba-a515-5d0078057c48,
Billed Duration for Request 97f029a6-fc00-49ba-a515-5d0078057c48: 2114 ms
Input: 5750000,
Cold Start: false
Unique ID: b7abcde9-58ff-48ce-9dba-16b59e37ce11,
Billed Duration for Request b7abcde9-58ff-48ce-9dba-16b59e37ce11: 2046 ms
Input: 5750000,
Cold Start: false
Unique ID: 344e9f4e-311a-42fc-8da5-b9a98aad100e,
Billed Duration for Request 344e9f4e-311a-42fc-8da5-b9a98aad100e: 2103 ms
Input: 5750000,
Cold Start: false
Unique ID: da244aad-ec99-4850-87c3-b4826f0dbd32,
Billed Duration for Request da244aad-ec99-4850-87c3-b4826f0dbd32: 2050 ms
Input: 5750000,
Cold Start: false
Unique ID: 76ceae62-cf43-45ef-8d9f-72ee25a6a7fb,
Billed Duration for Request 76ceae62-cf43-45ef-8d9f-72ee25a6a7fb: 2126 ms
Input: 5750000,
Cold Start: false
Unique ID: 4e10c56e-7d9f-4cd2-89b0-658e0e91fe71,
Billed Duration for Request 4e10c56e-7d9f-4cd2-89b0-658e0e91fe71: 2100 ms
Input: 5750000,
Cold Start: false
Unique ID: 6ebdca10-4a7a-4e30-8ce1-bceaf0bd7540,
Billed Duration for Request 6ebdca10-4a7a-4e30-8ce1-bceaf0bd7540: 2092 ms
Input: 5750000,
Cold Start: false
Unique ID: 95414032-8ae1-4f41-bfb2-bd371e014898,
Billed Duration for Request 95414032-8ae1-4f41-bfb2-bd371e014898: 2125 ms
Input: 5750000,
Cold Start: false
Unique ID: 7d6fa6a0-a2ea-4b83-a2fc-21b9478ac700,
Billed Duration for Request 7d6fa6a0-a2ea-4b83-a2fc-21b9478ac700: 2035 ms
Input: 5750000,
Cold Start: false
Unique ID: f3ba51f7-f076-42a3-b2a8-d08b9192cee7,
Billed Duration for Request f3ba51f7-f076-42a3-b2a8-d08b9192cee7: 2122 ms
Input: 5750000,
Cold Start: false
Unique ID: e95258ed-5714-4f93-b3f1-48f49545d134,
Billed Duration for Request e95258ed-5714-4f93-b3f1-48f49545d134: 2030 ms
Input: 5750000,
Cold Start: false
Unique ID: a4814a0d-df4a-4443-8473-a5d79c4465b0,
Billed Duration for Request a4814a0d-df4a-4443-8473-a5d79c4465b0: 2113 ms
Input: 5750000,
Cold Start: false
Unique ID: d362c4ad-6c68-4a3b-ba38-3271025e4b5c,
Billed Duration for Request d362c4ad-6c68-4a3b-ba38-3271025e4b5c: 2109 ms
Input: 5750000,
Cold Start: false
Unique ID: 7e0d6ce6-5b6c-407d-a26c-822cd6c89f19,
Billed Duration for Request 7e0d6ce6-5b6c-407d-a26c-822cd6c89f19: 2072 ms
Input: 5750000,
Cold Start: false
Unique ID: 438114e4-6fb3-43a1-8865-5f87749787fe,
Billed Duration for Request 438114e4-6fb3-43a1-8865-5f87749787fe: 2133 ms
Input: 5750000,
Cold Start: false
Unique ID: 3f0c5c10-c2c7-43cd-96e9-5cfa2d85ebb3,
Billed Duration for Request 3f0c5c10-c2c7-43cd-96e9-5cfa2d85ebb3: 2050 ms
Input: 5750000,
Cold Start: false
Unique ID: 9555f37c-03ea-4f0e-a7c5-2d8af8a9eba0,
Billed Duration for Request 9555f37c-03ea-4f0e-a7c5-2d8af8a9eba0: 2100 ms
Input: 5750000,
Cold Start: false
Unique ID: 3c187061-9b0c-4dcd-b45b-8192327a9d21,
Billed Duration for Request 3c187061-9b0c-4dcd-b45b-8192327a9d21: 2043 ms
Input: 5750000,
Cold Start: false
Unique ID: b2e88e75-3bfe-4213-8127-e8df8ff2c55e,
Billed Duration for Request b2e88e75-3bfe-4213-8127-e8df8ff2c55e: 2072 ms
Input: 5750000,
Cold Start: false
Unique ID: 8be57536-7c74-43cf-b85a-28eb1629f9dd,
Billed Duration for Request 8be57536-7c74-43cf-b85a-28eb1629f9dd: 2013 ms
Input: 5750000,
Cold Start: false
Unique ID: efde8475-3333-4070-9392-205522db8b0e,
Billed Duration for Request efde8475-3333-4070-9392-205522db8b0e: 2139 ms
Input: 5750000,
Cold Start: false
Unique ID: ce3c0db0-7978-4868-921d-77447a95aa56,
Billed Duration for Request ce3c0db0-7978-4868-921d-77447a95aa56: 2107 ms
Input: 5750000,
Cold Start: false
Unique ID: 7a8b3fe8-dde7-45d2-9c96-0cb1cb57ead6,
Billed Duration for Request 7a8b3fe8-dde7-45d2-9c96-0cb1cb57ead6: 2109 ms
Input: 5750000,
Cold Start: false
Unique ID: 0b498202-d814-45f5-b846-2e35f17d4b88,
Billed Duration for Request 0b498202-d814-45f5-b846-2e35f17d4b88: 2062 ms
Input: 5750000,
Cold Start: false
Unique ID: 78145c2d-d649-4611-8e3b-a35c27d52739,
Billed Duration for Request 78145c2d-d649-4611-8e3b-a35c27d52739: 2122 ms
Input: 5750000,
Cold Start: false
Unique ID: bc4827a2-49bb-438f-8c0b-cb728a8eea54,
Billed Duration for Request bc4827a2-49bb-438f-8c0b-cb728a8eea54: 2033 ms
Input: 5750000,
Cold Start: false
Unique ID: 437097d1-427e-4ab3-bb40-619d2e6002dd,
Billed Duration for Request 437097d1-427e-4ab3-bb40-619d2e6002dd: 2098 ms
Input: 5750000,
Cold Start: false
Unique ID: fcff0fb4-6f6e-4925-b623-aab8f99a9956,
Billed Duration for Request fcff0fb4-6f6e-4925-b623-aab8f99a9956: 2054 ms
Input: 5750000,
Cold Start: false
Unique ID: 7cf664ce-817a-4782-92aa-a5e4d084626e,
Billed Duration for Request 7cf664ce-817a-4782-92aa-a5e4d084626e: 2090 ms
Input: 5750000,
Cold Start: false
Unique ID: 2d739b03-99f6-4705-aa12-22c6cc41978f,
Billed Duration for Request 2d739b03-99f6-4705-aa12-22c6cc41978f: 2044 ms
Input: 5750000,
Cold Start: false
Unique ID: a61bd9ae-8814-48f7-b717-ddf0bc94ebe9,
Billed Duration for Request a61bd9ae-8814-48f7-b717-ddf0bc94ebe9: 2111 ms
Input: 5750000,
Cold Start: false
Unique ID: d8f8349e-cd99-4fca-8b5a-b99708b42fd9,
Billed Duration for Request d8f8349e-cd99-4fca-8b5a-b99708b42fd9: 2117 ms
Input: 5750000,
Cold Start: false
Unique ID: 7df1caec-db77-44bc-940e-9ddbef5cbf3c,
Billed Duration for Request 7df1caec-db77-44bc-940e-9ddbef5cbf3c: 2119 ms
Input: 5750000,
Cold Start: false
Unique ID: c986daf0-4138-4957-b661-8d205acd9c84,
Billed Duration for Request c986daf0-4138-4957-b661-8d205acd9c84: 2134 ms
Input: 5750000,
Cold Start: false
Unique ID: e5002b2a-6c27-4e9a-969f-06bc0dbb72af,
Billed Duration for Request e5002b2a-6c27-4e9a-969f-06bc0dbb72af: 2014 ms
Input: 5750000,
Cold Start: false
Unique ID: 209088d9-83f9-49fb-8f8e-33cfeae15426,
Billed Duration for Request 209088d9-83f9-49fb-8f8e-33cfeae15426: 2077 ms
Input: 5750000,
Cold Start: false
Unique ID: c33459bb-a0d6-4174-a58a-138a12dee992,
Billed Duration for Request c33459bb-a0d6-4174-a58a-138a12dee992: 2069 ms
Input: 5750000,
Cold Start: false
Unique ID: 2c050b6f-1f71-4f27-a7ae-f881487c06cc,
Billed Duration for Request 2c050b6f-1f71-4f27-a7ae-f881487c06cc: 2041 ms
Input: 5750000,
Cold Start: false
Unique ID: 4df52710-0caf-4742-8ba8-6419dc669c64,
Billed Duration for Request 4df52710-0caf-4742-8ba8-6419dc669c64: 2124 ms
Input: 5750000,
Cold Start: false
Unique ID: e81e8bd0-17e5-4ced-8069-e615da92596d,
Billed Duration for Request e81e8bd0-17e5-4ced-8069-e615da92596d: 2071 ms
Input: 5750000,
Cold Start: false
Unique ID: e5c266f9-bda0-431a-8eef-f05407ea97e9,
Billed Duration for Request e5c266f9-bda0-431a-8eef-f05407ea97e9: 2121 ms
Input: 5750000,
Cold Start: false
Unique ID: 7cf9873f-9639-4725-9db9-0afd6b24961d,
Billed Duration for Request 7cf9873f-9639-4725-9db9-0afd6b24961d: 2086 ms
Input: 5750000,
Cold Start: false
Unique ID: 46078e1d-92b4-4bc1-bd45-a52c6ed51ad8,
Billed Duration for Request 46078e1d-92b4-4bc1-bd45-a52c6ed51ad8: 2122 ms
Input: 5750000,
Cold Start: false
Unique ID: 41fec830-29be-455e-a8e9-e358a5742b89,
Billed Duration for Request 41fec830-29be-455e-a8e9-e358a5742b89: 2010 ms
Input: 5750000,
Cold Start: false
Unique ID: 4d3d4491-673e-4d0c-92ef-ee09a94408e0,
Billed Duration for Request 4d3d4491-673e-4d0c-92ef-ee09a94408e0: 2102 ms
Input: 5750000,
Cold Start: false
Unique ID: 6041c9bf-cbcb-4d48-b238-748f3a60d916,
Billed Duration for Request 6041c9bf-cbcb-4d48-b238-748f3a60d916: 2137 ms
Input: 5750000,
Cold Start: false
Unique ID: e122085f-cda1-4056-84e9-5283bcb105fa,
Billed Duration for Request e122085f-cda1-4056-84e9-5283bcb105fa: 2059 ms
Input: 5750000,
Cold Start: false
Unique ID: c3069237-09fa-48c5-9df9-638df26818a5,
Billed Duration for Request c3069237-09fa-48c5-9df9-638df26818a5: 2055 ms
Input: 5750000,
Cold Start: false
Unique ID: 25e43957-6fa8-4fb5-bf17-057b539fa650,
Billed Duration for Request 25e43957-6fa8-4fb5-bf17-057b539fa650: 2027 ms
Input: 5750000,
Cold Start: false
Unique ID: d5b7b089-ec0e-4249-a969-4e8a59a42f3d,
Billed Duration for Request d5b7b089-ec0e-4249-a969-4e8a59a42f3d: 2090 ms
Input: 5750000,
Cold Start: false
Unique ID: e071b7dc-59dc-4312-a7e0-5c6b0b5f8238,
Billed Duration for Request e071b7dc-59dc-4312-a7e0-5c6b0b5f8238: 2135 ms
Input: 5750000,
Cold Start: false
Unique ID: 0b4a4bf7-f040-4e6c-b956-10520875d72f,
Billed Duration for Request 0b4a4bf7-f040-4e6c-b956-10520875d72f: 2014 ms
Input: 5750000,
Cold Start: false
Unique ID: ac84eb4e-f81a-4a68-adaf-2bd19e1a6024,
Billed Duration for Request ac84eb4e-f81a-4a68-adaf-2bd19e1a6024: 2140 ms
Input: 5750000,
Cold Start: false
Unique ID: e9089e88-2941-4a40-bd57-4e17f8b3ba42,
Billed Duration for Request e9089e88-2941-4a40-bd57-4e17f8b3ba42: 2098 ms
Input: 5750000,
Cold Start: false
Unique ID: 64c81d09-feb4-4879-bf88-8255f571f836,
Billed Duration for Request 64c81d09-feb4-4879-bf88-8255f571f836: 2052 ms
Input: 5750000,
Cold Start: false
Unique ID: 76b73ece-6441-42ba-8140-7555bfa65147,
Billed Duration for Request 76b73ece-6441-42ba-8140-7555bfa65147: 2128 ms
Input: 5750000,
Cold Start: false
Unique ID: 21d5c0df-ad1e-4efa-b9cc-2c6540748b8b,
Billed Duration for Request 21d5c0df-ad1e-4efa-b9cc-2c6540748b8b: 2097 ms
Input: 5750000,
Cold Start: false
Unique ID: 13852aee-bb5f-4fde-b3f3-af71ea13d705,
Billed Duration for Request 13852aee-bb5f-4fde-b3f3-af71ea13d705: 2084 ms
Input: 5750000,
Cold Start: false
Unique ID: 2523ec10-e859-4791-a99c-f673cfacf7ec,
Billed Duration for Request 2523ec10-e859-4791-a99c-f673cfacf7ec: 2012 ms
Input: 5750000,
Cold Start: false
Unique ID: 8bface9c-8524-45b3-92dd-39c5b018b8a3,
Billed Duration for Request 8bface9c-8524-45b3-92dd-39c5b018b8a3: 2124 ms
Input: 5750000,
Cold Start: false
Unique ID: 081f6e41-1eff-4fd1-8692-eb3d36e8c522,
Billed Duration for Request 081f6e41-1eff-4fd1-8692-eb3d36e8c522: 2013 ms
Input: 5750000,
Cold Start: false
Unique ID: 018a302c-f2ad-4783-b366-770c074baa73,
Billed Duration for Request 018a302c-f2ad-4783-b366-770c074baa73: 2105 ms
Input: 5750000,
Cold Start: false
Unique ID: ddb0cb89-f8d5-42ec-a0ab-6efb99dae17f,
Billed Duration for Request ddb0cb89-f8d5-42ec-a0ab-6efb99dae17f: 2014 ms
Input: 5750000,
Cold Start: false
Unique ID: fec652a4-0c12-454f-bce2-7374c9cff627,
Billed Duration for Request fec652a4-0c12-454f-bce2-7374c9cff627: 2140 ms
Input: 5750000,
Cold Start: false
Unique ID: 3b4310a7-3679-4a21-af7d-62cd2671fe1c,
Billed Duration for Request 3b4310a7-3679-4a21-af7d-62cd2671fe1c: 2115 ms
Input: 5750000,
Cold Start: false
Unique ID: 1d48d7d8-8764-4c30-844b-342d2e27909b,
Billed Duration for Request 1d48d7d8-8764-4c30-844b-342d2e27909b: 2105 ms
Input: 5750000,
Cold Start: false
Unique ID: eff03d28-724c-405f-8bf9-5d5dee6e8530,
Billed Duration for Request eff03d28-724c-405f-8bf9-5d5dee6e8530: 2049 ms
Input: 5750000,
Cold Start: false
Unique ID: 40bd3bdb-129f-4c7e-ad4c-5a8e0b4fcde8,
Billed Duration for Request 40bd3bdb-129f-4c7e-ad4c-5a8e0b4fcde8: 2128 ms
Input: 5750000,
Cold Start: false
Unique ID: 08b8af54-aceb-49da-9f62-6430e88bfbdd,
Billed Duration for Request 08b8af54-aceb-49da-9f62-6430e88bfbdd: 2081 ms
Input: 5750000,
Cold Start: false
Unique ID: a230d41e-cd69-4416-96cc-b40754f03650,
Billed Duration for Request a230d41e-cd69-4416-96cc-b40754f03650: 2034 ms
Input: 5750000,
Cold Start: false
Unique ID: 594b8013-782f-4f12-b1d8-1f78c1767bb5,
Billed Duration for Request 594b8013-782f-4f12-b1d8-1f78c1767bb5: 2109 ms
Input: 5750000,
Cold Start: false
Unique ID: 02b0c48d-d4b7-4bab-8b15-b661fc8274c5,
Billed Duration for Request 02b0c48d-d4b7-4bab-8b15-b661fc8274c5: 2040 ms
Input: 5750000,
Cold Start: false
Unique ID: 1f450ad1-408c-44ac-a6db-807bda8c9263,
Billed Duration for Request 1f450ad1-408c-44ac-a6db-807bda8c9263: 2133 ms
Input: 5750000,
Cold Start: false
Unique ID: a36425bc-0a39-424a-82ba-c29ce917a6f0,
Billed Duration for Request a36425bc-0a39-424a-82ba-c29ce917a6f0: 2122 ms
Input: 5750000,
Cold Start: false
Unique ID: 140f5b2d-4a34-4dee-8e28-44708c71a4dc,
Billed Duration for Request 140f5b2d-4a34-4dee-8e28-44708c71a4dc: 2018 ms
Input: 5750000,
Cold Start: false
Unique ID: 2baf59d1-a8b5-4cdd-a69a-e7fa1f9ca76f,
Billed Duration for Request 2baf59d1-a8b5-4cdd-a69a-e7fa1f9ca76f: 2092 ms
Input: 5750000,
Cold Start: false
Unique ID: 13e480e0-c123-418d-bd61-93697adab810,
Billed Duration for Request 13e480e0-c123-418d-bd61-93697adab810: 2119 ms
Input: 5750000,
Cold Start: false
Unique ID: 0cb1b0a0-0cb8-4360-b293-3f609b5fd129,
Billed Duration for Request 0cb1b0a0-0cb8-4360-b293-3f609b5fd129: 2065 ms
Input: 5750000,
Cold Start: false
Unique ID: 09652f7f-202e-49cb-860c-da79fd08aa08,
Billed Duration for Request 09652f7f-202e-49cb-860c-da79fd08aa08: 2033 ms
Input: 5750000,
Cold Start: false
Unique ID: e552487d-975a-44ca-8fbb-34d7b1ab8bf4,
Billed Duration for Request e552487d-975a-44ca-8fbb-34d7b1ab8bf4: 2113 ms
Input: 5750000,
Cold Start: false
Unique ID: a4fabf62-65a2-45b3-821b-c7d41ed56508,
Billed Duration for Request a4fabf62-65a2-45b3-821b-c7d41ed56508: 2084 ms
Input: 5750000,
Cold Start: false
Unique ID: 218d793a-ed20-4263-8267-5381db971e96,
Billed Duration for Request 218d793a-ed20-4263-8267-5381db971e96: 2073 ms
Input: 5750000,
Cold Start: false
Unique ID: 5d0b73e9-627c-468b-9537-3e6622695884,
Billed Duration for Request 5d0b73e9-627c-468b-9537-3e6622695884: 2016 ms
Input: 5750000,
Cold Start: false
Unique ID: 184f59bf-90c8-4683-8c5a-c51201aad24e,
Billed Duration for Request 184f59bf-90c8-4683-8c5a-c51201aad24e: 2109 ms
Input: 5750000,
Cold Start: false
Unique ID: 59fe05ae-db91-4582-a046-aed21bc6c18f,
Billed Duration for Request 59fe05ae-db91-4582-a046-aed21bc6c18f: 2113 ms
Input: 5750000,
Cold Start: false
Unique ID: 00a2af59-7fe9-4bde-9697-3ec53c6d550c,
Billed Duration for Request 00a2af59-7fe9-4bde-9697-3ec53c6d550c: 2090 ms
Input: 5750000,
Cold Start: false
Unique ID: 6c707a29-bfa5-4008-9bd9-6ddf60570677,
Billed Duration for Request 6c707a29-bfa5-4008-9bd9-6ddf60570677: 2015 ms
Input: 5750000,
Cold Start: false
Unique ID: 188a6371-27e5-4171-87f6-57421d5bb7b8,
Billed Duration for Request 188a6371-27e5-4171-87f6-57421d5bb7b8: 2070 ms
Input: 5750000,
Cold Start: false
Unique ID: 1942abc9-bb73-4dc9-8f57-8aae00f62bc9,
Billed Duration for Request 1942abc9-bb73-4dc9-8f57-8aae00f62bc9: 2152 ms
Input: 5750000,
Cold Start: false
Unique ID: bbebfc04-94dd-453f-a3b1-2c700b5548e0,
Billed Duration for Request bbebfc04-94dd-453f-a3b1-2c700b5548e0: 2101 ms
Input: 5750000,
Cold Start: false
Unique ID: 6dc819b6-d72e-43f3-84f2-2fd64fcc5cf3,
Billed Duration for Request 6dc819b6-d72e-43f3-84f2-2fd64fcc5cf3: 2073 ms
Input: 5750000,
Cold Start: false
Unique ID: a7a1f39d-6600-4a64-8d8b-56be17f472c0,
Billed Duration for Request a7a1f39d-6600-4a64-8d8b-56be17f472c0: 2068 ms
Input: 5750000,
Cold Start: false
Unique ID: 75dd55f8-dd19-4f41-b2b4-c7c06049d918,
Billed Duration for Request 75dd55f8-dd19-4f41-b2b4-c7c06049d918: 2016 ms
Input: 5750000,
Cold Start: false
Unique ID: 57c62e67-3826-4ca1-a1a9-9dfee738a851,
Billed Duration for Request 57c62e67-3826-4ca1-a1a9-9dfee738a851: 2127 ms
Input: 5750000,
Cold Start: false
Unique ID: fb4dbf8c-4ed2-44c9-bc1c-543c83d2fd06,
Billed Duration for Request fb4dbf8c-4ed2-44c9-bc1c-543c83d2fd06: 2046 ms
Input: 5750000,
Cold Start: false
Unique ID: bf8d765b-8b2c-42b9-bd8c-d089d8a27050,
Billed Duration for Request bf8d765b-8b2c-42b9-bd8c-d089d8a27050: 2102 ms
Input: 5750000,
Cold Start: false
Unique ID: 6f0c8466-a65f-4474-82b8-683aad0a8f46,
Billed Duration for Request 6f0c8466-a65f-4474-82b8-683aad0a8f46: 2128 ms
Input: 5750000,
Cold Start: false
Unique ID: d70490a7-7523-48b0-b070-52435e539298,
Billed Duration for Request d70490a7-7523-48b0-b070-52435e539298: 2105 ms
Input: 5750000,
Cold Start: false
Unique ID: 01bdfb1d-fcf6-426f-b7d8-070d2ea1cd69,
Billed Duration for Request 01bdfb1d-fcf6-426f-b7d8-070d2ea1cd69: 2069 ms
Input: 5750000,
Cold Start: false
Unique ID: 160b5171-9421-471f-92c7-bdb938dcfd22,
Billed Duration for Request 160b5171-9421-471f-92c7-bdb938dcfd22: 2072 ms
Input: 5750000,
Cold Start: false
Unique ID: 0137a46a-dec1-4d04-9f61-194589e327f3,
Billed Duration for Request 0137a46a-dec1-4d04-9f61-194589e327f3: 2111 ms
Input: 5750000,
Cold Start: false
Unique ID: ce3c42d5-8449-4c8a-8780-a23ffc447b99,
Billed Duration for Request ce3c42d5-8449-4c8a-8780-a23ffc447b99: 2022 ms
Input: 5750000,
Cold Start: false
Unique ID: d7149145-ad37-4354-97e0-89f33145a9b4,
Billed Duration for Request d7149145-ad37-4354-97e0-89f33145a9b4: 2122 ms
Input: 5750000,
Cold Start: false
Unique ID: 355c3067-a8fd-4cf0-93e0-ae20b9fa2d49,
Billed Duration for Request 355c3067-a8fd-4cf0-93e0-ae20b9fa2d49: 2105 ms
Input: 5750000,
Cold Start: false
Unique ID: d9883f81-5ea6-4ea4-850e-a61b7e9d4ad6,
Billed Duration for Request d9883f81-5ea6-4ea4-850e-a61b7e9d4ad6: 2013 ms
Input: 5750000,
Cold Start: false
Unique ID: 3fad7267-d384-4070-a46a-0d91d877558b,
Billed Duration for Request 3fad7267-d384-4070-a46a-0d91d877558b: 2090 ms
Input: 5750000,
Cold Start: false
Unique ID: 04c2d5a4-ad9e-4c2f-9354-e868784465a3,
Billed Duration for Request 04c2d5a4-ad9e-4c2f-9354-e868784465a3: 2100 ms
Input: 5750000,
Cold Start: false
Unique ID: 567e5107-8258-422a-86d4-74e36c17ced1,
Billed Duration for Request 567e5107-8258-422a-86d4-74e36c17ced1: 2140 ms
Input: 5750000,
Cold Start: false
Unique ID: 8fc2d49a-2f07-4070-a586-0b1e7fd79e8d,
Billed Duration for Request 8fc2d49a-2f07-4070-a586-0b1e7fd79e8d: 2054 ms
Input: 5750000,
Cold Start: false
Unique ID: 4fa27cc9-3455-4627-a80b-0cb0cf019b55,
Billed Duration for Request 4fa27cc9-3455-4627-a80b-0cb0cf019b55: 2058 ms
Input: 5750000,
Cold Start: false
Unique ID: 688b5461-51a5-4eb2-af5d-c8508a6e2f69,
Billed Duration for Request 688b5461-51a5-4eb2-af5d-c8508a6e2f69: 2086 ms
Input: 5750000,
Cold Start: false
Unique ID: 2d4ed29e-6fab-4ecd-9dbe-e2fa04951193,
Billed Duration for Request 2d4ed29e-6fab-4ecd-9dbe-e2fa04951193: 2030 ms
Input: 5750000,
Cold Start: false
Unique ID: d0bfb333-3979-4b1e-a32e-251ff22eb122,
Billed Duration for Request d0bfb333-3979-4b1e-a32e-251ff22eb122: 2127 ms
Input: 5750000,
Cold Start: false
Unique ID: e48d5941-881f-4343-99a7-b8d875360d50,
Billed Duration for Request e48d5941-881f-4343-99a7-b8d875360d50: 2120 ms
Input: 5750000,
Cold Start: false
Unique ID: db2d6752-4e8a-4c90-a92a-f67f5032878f,
Billed Duration for Request db2d6752-4e8a-4c90-a92a-f67f5032878f: 2026 ms
Input: 5750000,
Cold Start: false
Unique ID: 83e9ef3b-d926-4613-a93f-92b646a1b51d,
Billed Duration for Request 83e9ef3b-d926-4613-a93f-92b646a1b51d: 2088 ms
Input: 5750000,
Cold Start: false
Unique ID: 4499a165-50fb-4537-8080-3f72d708a210,
Billed Duration for Request 4499a165-50fb-4537-8080-3f72d708a210: 2107 ms
Input: 5750000,
Cold Start: false
Unique ID: c963c1cc-a557-4c2f-90a2-c754d01b7f52,
Billed Duration for Request c963c1cc-a557-4c2f-90a2-c754d01b7f52: 2039 ms
Input: 5750000,
Cold Start: false
Unique ID: 3a8e95e5-4ed9-4453-b271-6bd4956ec8c1,
Billed Duration for Request 3a8e95e5-4ed9-4453-b271-6bd4956ec8c1: 2107 ms
Input: 5750000,
Cold Start: false
Unique ID: 83b39b23-45db-43f2-a5a6-6114ddbe4dff,
Billed Duration for Request 83b39b23-45db-43f2-a5a6-6114ddbe4dff: 2014 ms
Input: 5750000,
Cold Start: false
Unique ID: 7e785522-2296-4eb4-a68b-f14bebc33481,
Billed Duration for Request 7e785522-2296-4eb4-a68b-f14bebc33481: 2114 ms
Input: 5750000,
Cold Start: false
Unique ID: 0c84edb1-8000-4ba7-94de-5d9295fb84ef,
Billed Duration for Request 0c84edb1-8000-4ba7-94de-5d9295fb84ef: 2129 ms
Input: 5750000,
Cold Start: false
Unique ID: ea30cef0-e24f-46d4-b3ab-cf6c63df62be,
Billed Duration for Request ea30cef0-e24f-46d4-b3ab-cf6c63df62be: 2126 ms
Input: 5750000,
Cold Start: false
Unique ID: 1741410c-e5f8-4ded-978a-81c94db0ed76,
Billed Duration for Request 1741410c-e5f8-4ded-978a-81c94db0ed76: 2098 ms
Input: 5750000,
Cold Start: false
Unique ID: 75d3e81a-7a9f-483b-8736-a099f3c7e164,
Billed Duration for Request 75d3e81a-7a9f-483b-8736-a099f3c7e164: 2021 ms
Input: 5750000,
Cold Start: false
Unique ID: 1ff8075c-f362-4468-905c-1518c7b383ef,
Billed Duration for Request 1ff8075c-f362-4468-905c-1518c7b383ef: 2142 ms
Input: 5750000,
Cold Start: false
Unique ID: f2b33c70-7edd-4bab-bb30-6823be7d6d9e,
Billed Duration for Request f2b33c70-7edd-4bab-bb30-6823be7d6d9e: 2099 ms
Input: 5750000,
Cold Start: false
Unique ID: ebdf9936-435e-4f0d-872b-f7ccc71514ac,
Billed Duration for Request ebdf9936-435e-4f0d-872b-f7ccc71514ac: 2047 ms
Input: 5750000,
Cold Start: false
Unique ID: b97a14b7-f168-494b-b365-6a0abd3b63d0,
Billed Duration for Request b97a14b7-f168-494b-b365-6a0abd3b63d0: 2024 ms
Input: 5750000,
Cold Start: false
Unique ID: a355aa7f-4f32-41f1-8dbb-96789a59f188,
Billed Duration for Request a355aa7f-4f32-41f1-8dbb-96789a59f188: 2114 ms
Input: 5750000,
Cold Start: false
Unique ID: cfb2fc3b-31ec-4376-b1cb-dfe55cd67dfc,
Billed Duration for Request cfb2fc3b-31ec-4376-b1cb-dfe55cd67dfc: 2123 ms
Input: 5750000,
Cold Start: false
Unique ID: bfc2dacc-00a9-49ab-b726-0f14b5defc83,
Billed Duration for Request bfc2dacc-00a9-49ab-b726-0f14b5defc83: 2058 ms
Input: 5750000,
Cold Start: false
Unique ID: 1133169e-16c9-4bf6-9e39-31fc0330c4b9,
Billed Duration for Request 1133169e-16c9-4bf6-9e39-31fc0330c4b9: 2051 ms
Input: 5750000,
Cold Start: false
Unique ID: 3daeb276-fcde-4639-aa6d-9a638b0ba817,
Billed Duration for Request 3daeb276-fcde-4639-aa6d-9a638b0ba817: 2119 ms
Input: 5750000,
Cold Start: false
Unique ID: 3ea0cb28-ec61-4b01-a5c0-4e779ce65ba0,
Billed Duration for Request 3ea0cb28-ec61-4b01-a5c0-4e779ce65ba0: 2111 ms
Input: 5750000,
Cold Start: false
Unique ID: 17f40ec1-9209-4ede-ad7d-b9cf00213be8,
Billed Duration for Request 17f40ec1-9209-4ede-ad7d-b9cf00213be8: 2074 ms
Input: 5750000,
Cold Start: false
Unique ID: c4317308-7a1e-4b17-b802-f843ba66b9ed,
Billed Duration for Request c4317308-7a1e-4b17-b802-f843ba66b9ed: 2052 ms
Input: 5750000,
Cold Start: false
Unique ID: 47b51144-4feb-4eb3-96f8-b17a1648b89a,
Billed Duration for Request 47b51144-4feb-4eb3-96f8-b17a1648b89a: 2094 ms
Input: 5750000,
Cold Start: false
Unique ID: 5e95e2aa-dddc-40bf-8390-f7785670aee4,
Billed Duration for Request 5e95e2aa-dddc-40bf-8390-f7785670aee4: 2042 ms
Input: 5750000,
Cold Start: false
Unique ID: df512779-457e-4b01-8b96-f150996e42a5,
Billed Duration for Request df512779-457e-4b01-8b96-f150996e42a5: 2142 ms
Input: 5750000,
Cold Start: false
Unique ID: f05d78e1-8f87-4aa4-878d-757e61c11dcc,
Billed Duration for Request f05d78e1-8f87-4aa4-878d-757e61c11dcc: 2068 ms
Input: 5750000,
Cold Start: false
Unique ID: 64720d39-76f9-427e-91b7-c84925adbb9e,
Billed Duration for Request 64720d39-76f9-427e-91b7-c84925adbb9e: 2026 ms
Input: 5750000,
Cold Start: false
Unique ID: 25a313dd-2403-4c11-ade4-a166e019d934,
Billed Duration for Request 25a313dd-2403-4c11-ade4-a166e019d934: 2119 ms
Input: 5750000,
Cold Start: false
Unique ID: efe3a2fb-c490-4f40-aa95-06bd781bf5fb,
Billed Duration for Request efe3a2fb-c490-4f40-aa95-06bd781bf5fb: 2074 ms
Input: 5750000,
Cold Start: false
Unique ID: ed9abb39-eac7-4758-ac70-f6953c17ccf6,
Billed Duration for Request ed9abb39-eac7-4758-ac70-f6953c17ccf6: 2093 ms
Input: 5750000,
Cold Start: false
Unique ID: 74eaa791-b6ca-4d39-a982-f1f25b67989d,
Billed Duration for Request 74eaa791-b6ca-4d39-a982-f1f25b67989d: 2120 ms
Input: 5750000,
Cold Start: false
Unique ID: 9c56353a-3c6f-4d02-b225-108c4ee78f89,
Billed Duration for Request 9c56353a-3c6f-4d02-b225-108c4ee78f89: 2017 ms
Input: 5750000,
Cold Start: false
Unique ID: 49ab0a9f-d8af-4e7e-a4a2-d90024af7cc6,
Billed Duration for Request 49ab0a9f-d8af-4e7e-a4a2-d90024af7cc6: 2133 ms
Input: 5750000,
Cold Start: false
Unique ID: 70eb3855-1f88-49f3-9ed9-b9c1d39454c2,
Billed Duration for Request 70eb3855-1f88-49f3-9ed9-b9c1d39454c2: 2045 ms
Input: 5750000,
Cold Start: false
Unique ID: 32a7c8db-ef7e-44a2-9fda-83b827491d32,
Billed Duration for Request 32a7c8db-ef7e-44a2-9fda-83b827491d32: 2030 ms
Input: 5750000,
Cold Start: false
Unique ID: 89bdec2a-b070-473d-a90b-ce8356afdff3,
Billed Duration for Request 89bdec2a-b070-473d-a90b-ce8356afdff3: 2128 ms
Input: 5750000,
Cold Start: false
Unique ID: 1c888892-d145-41bf-9140-18056d74ca75,
Billed Duration for Request 1c888892-d145-41bf-9140-18056d74ca75: 2120 ms
Input: 5750000,
Cold Start: false
Unique ID: a46193d2-a9dc-4eea-9f15-abc55e499b7f,
Billed Duration for Request a46193d2-a9dc-4eea-9f15-abc55e499b7f: 2114 ms
Input: 5750000,
Cold Start: false
Unique ID: b88ad63a-9421-4985-9efc-8b53b2dc073f,
Billed Duration for Request b88ad63a-9421-4985-9efc-8b53b2dc073f: 2078 ms
Input: 5750000,
Cold Start: false
Unique ID: 039ca9d7-a477-4ed8-9a47-462a1e58ac63,
Billed Duration for Request 039ca9d7-a477-4ed8-9a47-462a1e58ac63: 2110 ms
Input: 5750000,
Cold Start: false
Unique ID: 3a8ae49c-27ec-4d57-b1c5-4ed5eff5363d,
Billed Duration for Request 3a8ae49c-27ec-4d57-b1c5-4ed5eff5363d: 2095 ms
Input: 5750000,
Cold Start: false
Unique ID: 1a6029c3-6cf3-46f9-8b0b-82f133325054,
Billed Duration for Request 1a6029c3-6cf3-46f9-8b0b-82f133325054: 2015 ms
Input: 5750000,
Cold Start: false
Unique ID: a3d155a6-f42f-40d8-b9b7-77b94e1a3e8b,
Billed Duration for Request a3d155a6-f42f-40d8-b9b7-77b94e1a3e8b: 2111 ms
Input: 5750000,
Cold Start: false
Unique ID: 2305f547-bd80-46d2-96e5-0cad98e51043,
Billed Duration for Request 2305f547-bd80-46d2-96e5-0cad98e51043: 2025 ms
Input: 5750000,
Cold Start: false
Unique ID: eb8a8405-76dc-4cd7-a0ba-c8e1d444eac6,
Billed Duration for Request eb8a8405-76dc-4cd7-a0ba-c8e1d444eac6: 2022 ms
Input: 5750000,
Cold Start: false
Unique ID: 498ac741-1804-49f6-b335-15bf09d616a8,
Billed Duration for Request 498ac741-1804-49f6-b335-15bf09d616a8: 2109 ms
Input: 5750000,
Cold Start: false
Unique ID: 811bb24e-b9e5-4f55-aab9-bf581e2983b7,
Billed Duration for Request 811bb24e-b9e5-4f55-aab9-bf581e2983b7: 2085 ms
Input: 5750000,
Cold Start: false
Unique ID: 4d266247-3115-47b4-b1ae-adefcae7d85b,
Billed Duration for Request 4d266247-3115-47b4-b1ae-adefcae7d85b: 2141 ms
Input: 5750000,
Cold Start: false
Unique ID: 6755894a-3bd4-49ee-8101-ed310836e9d5,
Billed Duration for Request 6755894a-3bd4-49ee-8101-ed310836e9d5: 2044 ms
Input: 5750000,
Cold Start: false
Unique ID: 75c2cccc-4e7d-46b3-8a7a-a48ab4567f3c,
Billed Duration for Request 75c2cccc-4e7d-46b3-8a7a-a48ab4567f3c: 2116 ms
Input: 5750000,
Cold Start: false
Unique ID: eb1697a5-6df8-4589-9dfe-72c522c0ebe3,
Billed Duration for Request eb1697a5-6df8-4589-9dfe-72c522c0ebe3: 2144 ms
Input: 5750000,
Cold Start: false
Unique ID: fcb22f23-1a9d-4f76-814b-57b28a45146e,
Billed Duration for Request fcb22f23-1a9d-4f76-814b-57b28a45146e: 2039 ms
Input: 5750000,
Cold Start: false
Unique ID: 5d489963-75a0-4a03-87bb-04ce5fbba886,
Billed Duration for Request 5d489963-75a0-4a03-87bb-04ce5fbba886: 2093 ms
Input: 5750000,
Cold Start: false
Unique ID: fc91cc46-1599-4ee1-ba1e-202f0fafe28d,
Billed Duration for Request fc91cc46-1599-4ee1-ba1e-202f0fafe28d: 2079 ms
Input: 5750000,
Cold Start: false
Unique ID: bb073471-ae57-4513-8fc8-845621db69d3,
Billed Duration for Request bb073471-ae57-4513-8fc8-845621db69d3: 2029 ms
Input: 5750000,
Cold Start: false
Unique ID: d5cc0f07-0690-4959-8861-8a77d90a81a4,
Billed Duration for Request d5cc0f07-0690-4959-8861-8a77d90a81a4: 2142 ms
Input: 5750000,
Cold Start: false
Unique ID: edfb9024-44c4-4066-bfc9-5adbbbc52086,
Billed Duration for Request edfb9024-44c4-4066-bfc9-5adbbbc52086: 2067 ms
Input: 5750000,
Cold Start: false
Unique ID: 1a89ec74-c7bb-4687-a757-db5c305a4f3b,
Billed Duration for Request 1a89ec74-c7bb-4687-a757-db5c305a4f3b: 2112 ms
Input: 5750000,
Cold Start: false
Unique ID: 1af8fdfe-b174-484a-994a-10fd02151018,
Billed Duration for Request 1af8fdfe-b174-484a-994a-10fd02151018: 2032 ms
Input: 5750000,
Cold Start: false
Unique ID: b81595d2-373d-4bd3-bb6e-14e01cfe5019,
Billed Duration for Request b81595d2-373d-4bd3-bb6e-14e01cfe5019: 2106 ms
Input: 5750000,
Cold Start: false
Unique ID: 89b96b4e-b343-41d6-acae-fde6da955a44,
Billed Duration for Request 89b96b4e-b343-41d6-acae-fde6da955a44: 2049 ms
Input: 5750000,
Cold Start: false
Unique ID: 4a0c1808-bad6-4770-9b51-35e0dda2a201,
Billed Duration for Request 4a0c1808-bad6-4770-9b51-35e0dda2a201: 2097 ms
Input: 5750000,
Cold Start: false
Unique ID: b8e34cfe-b56c-4414-82bd-17458fdc5e1e,
Billed Duration for Request b8e34cfe-b56c-4414-82bd-17458fdc5e1e: 2126 ms
Input: 5750000,
Cold Start: false
Unique ID: 5a7cc26f-49b7-4454-93da-3092e561e088,
Billed Duration for Request 5a7cc26f-49b7-4454-93da-3092e561e088: 2022 ms
Input: 5750000,
Cold Start: false
Unique ID: f2787be1-1a44-4a54-91a3-1e9100a3922f,
Billed Duration for Request f2787be1-1a44-4a54-91a3-1e9100a3922f: 2106 ms
Input: 5750000,
Cold Start: false
Unique ID: a56aa2fe-af9d-4dce-9311-1027e13bee06,
Billed Duration for Request a56aa2fe-af9d-4dce-9311-1027e13bee06: 2129 ms
Input: 5750000,
Cold Start: false
Unique ID: fdea7c41-6da4-4f16-91ac-fe306b7ce72f,
Billed Duration for Request fdea7c41-6da4-4f16-91ac-fe306b7ce72f: 2144 ms
Input: 5750000,
Cold Start: false
Unique ID: cd5a7f2c-c50e-4fbf-8144-4d5db98b321f,
Billed Duration for Request cd5a7f2c-c50e-4fbf-8144-4d5db98b321f: 2065 ms
Input: 5750000,
Cold Start: false
Unique ID: b5b52707-82f4-41ce-a7d4-8ab46877712b,
Billed Duration for Request b5b52707-82f4-41ce-a7d4-8ab46877712b: 2038 ms
Input: 5750000,
Cold Start: false
Unique ID: 62bf37f7-a2fd-4740-a620-1ddd328fa918,
Billed Duration for Request 62bf37f7-a2fd-4740-a620-1ddd328fa918: 2120 ms
Input: 5750000,
Cold Start: false
Unique ID: 4dd70a52-eb84-4136-b000-95eff394863b,
Billed Duration for Request 4dd70a52-eb84-4136-b000-95eff394863b: 2024 ms
Input: 5750000,
Cold Start: false
Unique ID: 2e5c3044-dc66-43e8-917b-fb2910fcffd3,
Billed Duration for Request 2e5c3044-dc66-43e8-917b-fb2910fcffd3: 2127 ms
Input: 5750000,
Cold Start: false
Unique ID: e9435d1a-c1c1-490a-a017-16283981759b,
Billed Duration for Request e9435d1a-c1c1-490a-a017-16283981759b: 2114 ms
Input: 5750000,
Cold Start: false
Unique ID: 722be985-297a-4de4-9c26-4ceed40a43df,
Billed Duration for Request 722be985-297a-4de4-9c26-4ceed40a43df: 2043 ms
Input: 5750000,
Cold Start: false
Unique ID: 05e2ddc9-b697-4294-b0c7-7901154b671c,
Billed Duration for Request 05e2ddc9-b697-4294-b0c7-7901154b671c: 2102 ms
Input: 5750000,
Cold Start: false
Unique ID: 5a5623db-481a-4da1-abdf-01f40670dddc,
Billed Duration for Request 5a5623db-481a-4da1-abdf-01f40670dddc: 2123 ms
Input: 5750000,
Cold Start: false
Unique ID: 176c7b0e-6c5d-4fe1-9d1a-e46a6a987425,
Billed Duration for Request 176c7b0e-6c5d-4fe1-9d1a-e46a6a987425: 2030 ms
Input: 5750000,
Cold Start: false
Unique ID: 0a9de7c3-6ffa-48a1-9b68-8b5886d86d6a,
Billed Duration for Request 0a9de7c3-6ffa-48a1-9b68-8b5886d86d6a: 2111 ms
Input: 5750000,
Cold Start: false
Unique ID: 394abe3e-0449-4090-8e37-6d24b79a4059,
Billed Duration for Request 394abe3e-0449-4090-8e37-6d24b79a4059: 2108 ms
Input: 5750000,
Cold Start: false
Unique ID: ae630b04-5c6b-4acb-ab16-2085f319008c,
Billed Duration for Request ae630b04-5c6b-4acb-ab16-2085f319008c: 2083 ms
Input: 5750000,
Cold Start: false
Unique ID: b4f74969-a759-469b-9adc-71aa2b522267,
Billed Duration for Request b4f74969-a759-469b-9adc-71aa2b522267: 2016 ms
Input: 5750000,
Cold Start: false
Unique ID: 8c214e41-f206-477b-a649-78e6823676c7,
Billed Duration for Request 8c214e41-f206-477b-a649-78e6823676c7: 2118 ms
Input: 5750000,
Cold Start: false
Unique ID: bc035a77-601d-4167-b730-fef7c1c72689,
Billed Duration for Request bc035a77-601d-4167-b730-fef7c1c72689: 2079 ms
Input: 5750000,
Cold Start: false
Unique ID: 1d6d92e5-93fa-4002-9162-fd078f9fd64c,
Billed Duration for Request 1d6d92e5-93fa-4002-9162-fd078f9fd64c: 2055 ms
Input: 5750000,
Cold Start: false
Unique ID: 414f45e4-df61-46fd-82f6-99b51624ba66,
Billed Duration for Request 414f45e4-df61-46fd-82f6-99b51624ba66: 2116 ms
Input: 5750000,
Cold Start: false
Unique ID: 9ff6581e-d2ad-4882-ab4c-9131e2826b8b,
Billed Duration for Request 9ff6581e-d2ad-4882-ab4c-9131e2826b8b: 2025 ms
Input: 5750000,
Cold Start: false
Unique ID: 30dc5f58-ef80-4b0e-8b2e-acf737cb89e4,
Billed Duration for Request 30dc5f58-ef80-4b0e-8b2e-acf737cb89e4: 2123 ms
Input: 5750000,
Cold Start: false
Unique ID: db34ee38-edd8-40ff-a197-95b18a720070,
Billed Duration for Request db34ee38-edd8-40ff-a197-95b18a720070: 2104 ms
Input: 5750000,
Cold Start: false
Unique ID: c8bcbf4c-970f-469b-96ea-17dffa3d75af,
Billed Duration for Request c8bcbf4c-970f-469b-96ea-17dffa3d75af: 2035 ms
Input: 5750000,
Cold Start: false
Unique ID: 06f4529b-c384-4193-8048-122e5bd5cc4d,
Billed Duration for Request 06f4529b-c384-4193-8048-122e5bd5cc4d: 2096 ms
Input: 5750000,
Cold Start: false
Unique ID: 8807b155-a6db-4abf-a902-9c5c4d6ecc8c,
Billed Duration for Request 8807b155-a6db-4abf-a902-9c5c4d6ecc8c: 2129 ms
Input: 5750000,
Cold Start: false
Unique ID: 9c08881c-d34e-43eb-b601-7b603e6db2cd,
Billed Duration for Request 9c08881c-d34e-43eb-b601-7b603e6db2cd: 2122 ms
Input: 5750000,
Cold Start: false
Unique ID: 67bb5ea3-2f8d-4350-a558-736d07312f7b,
Billed Duration for Request 67bb5ea3-2f8d-4350-a558-736d07312f7b: 2053 ms
Input: 5750000,
Cold Start: false
Unique ID: 69e930ea-ddff-4797-9666-c17baf74d243,
Billed Duration for Request 69e930ea-ddff-4797-9666-c17baf74d243: 2123 ms
Input: 5750000,
Cold Start: false
Unique ID: 7227548e-cc9e-44a6-99a4-89ff27cbaaac,
Billed Duration for Request 7227548e-cc9e-44a6-99a4-89ff27cbaaac: 2015 ms
Input: 5750000,
Cold Start: false
Unique ID: 9d581583-1b56-491f-9a32-6afbe9c764e8,
Billed Duration for Request 9d581583-1b56-491f-9a32-6afbe9c764e8: 2106 ms
Input: 5750000,
Cold Start: false
Unique ID: 0c929f2a-c479-462f-be66-7e550768b82b,
Billed Duration for Request 0c929f2a-c479-462f-be66-7e550768b82b: 2096 ms
Input: 5750000,
Cold Start: false
Unique ID: 1c8e4c97-9fa4-44b8-8c12-7a5531e31f22,
Billed Duration for Request 1c8e4c97-9fa4-44b8-8c12-7a5531e31f22: 2050 ms
Input: 5750000,
Cold Start: false
Unique ID: 8a7b2098-1a9e-4f5c-aa75-803eb094c79d,
Billed Duration for Request 8a7b2098-1a9e-4f5c-aa75-803eb094c79d: 2115 ms
Input: 5750000,
Cold Start: false
Unique ID: 703b9642-07a4-4fe2-9e80-dc654ca3f5e4,
Billed Duration for Request 703b9642-07a4-4fe2-9e80-dc654ca3f5e4: 2088 ms
Input: 5750000,
Cold Start: false
Unique ID: 0b8831d3-5353-462f-ac7e-12895077002c,
Billed Duration for Request 0b8831d3-5353-462f-ac7e-12895077002c: 2066 ms
Input: 5750000,
Cold Start: false
Unique ID: b5b5145f-4242-4cee-b60e-9b4bfe79cd7d,
Billed Duration for Request b5b5145f-4242-4cee-b60e-9b4bfe79cd7d: 2118 ms
Input: 5750000,
Cold Start: false
Unique ID: f52c405a-85a2-4fe4-92dc-483d33bb7c9f,
Billed Duration for Request f52c405a-85a2-4fe4-92dc-483d33bb7c9f: 2036 ms
Input: 5750000,
Cold Start: false
Unique ID: db291c4d-ea88-4100-8f75-10215f49a0cb,
Billed Duration for Request db291c4d-ea88-4100-8f75-10215f49a0cb: 2102 ms
Input: 5750000,
Cold Start: false
Unique ID: 91abcd56-f73e-47ce-9d86-ad25549ccf3c,
Billed Duration for Request 91abcd56-f73e-47ce-9d86-ad25549ccf3c: 2039 ms
Input: 5750000,
Cold Start: false
Unique ID: 295608f8-996f-4950-8681-1a7715f7e784,
Billed Duration for Request 295608f8-996f-4950-8681-1a7715f7e784: 2200 ms
Input: 5750000,
Cold Start: false
Unique ID: b6199531-e45a-4812-abda-d25cd3c226cf,
Billed Duration for Request b6199531-e45a-4812-abda-d25cd3c226cf: 2043 ms
Input: 5750000,
Cold Start: false
Unique ID: ff919e06-8d5b-4ea4-b922-67665e73f139,
Billed Duration for Request ff919e06-8d5b-4ea4-b922-67665e73f139: 2126 ms
Input: 5750000,
Cold Start: false
Unique ID: 56cdb50d-2f07-45e8-8187-bc4ceeadd45d,
Billed Duration for Request 56cdb50d-2f07-45e8-8187-bc4ceeadd45d: 2131 ms
Input: 5750000,
Cold Start: false
Unique ID: ef55c42a-6d0b-40a5-8f8c-123d8459678c,
Billed Duration for Request ef55c42a-6d0b-40a5-8f8c-123d8459678c: 2052 ms
Input: 5750000,
Cold Start: false
Unique ID: f4570aad-d639-48c5-9fbb-2635f9f3a1b4,
Billed Duration for Request f4570aad-d639-48c5-9fbb-2635f9f3a1b4: 2111 ms
Input: 5750000,
Cold Start: false
Unique ID: f77004dd-c099-4d9a-ae4d-947f4c26641c,
Billed Duration for Request f77004dd-c099-4d9a-ae4d-947f4c26641c: 2125 ms
Input: 5750000,
Cold Start: false
Unique ID: 58c7f626-0b79-4640-a6db-603ca54835c5,
Billed Duration for Request 58c7f626-0b79-4640-a6db-603ca54835c5: 2058 ms
Input: 5750000,
Cold Start: false
Unique ID: c673cd20-5798-48c9-b870-19b421cb0354,
Billed Duration for Request c673cd20-5798-48c9-b870-19b421cb0354: 2024 ms
Input: 5750000,
Cold Start: false
Unique ID: c22a9433-7981-46fe-927f-0711d5d6fa10,
Billed Duration for Request c22a9433-7981-46fe-927f-0711d5d6fa10: 2125 ms
Input: 5750000,
Cold Start: false
Unique ID: 9a92b951-fe63-4bd8-9c20-ac37e12e7223,
Billed Duration for Request 9a92b951-fe63-4bd8-9c20-ac37e12e7223: 2127 ms
Input: 5750000,
Cold Start: false
Unique ID: d9390d94-fc98-4125-a106-fb8d706a9634,
Billed Duration for Request d9390d94-fc98-4125-a106-fb8d706a9634: 2013 ms
Input: 5750000,
Cold Start: false
Unique ID: 89a38cb9-ca50-452c-b4c2-5fb1017748f8,
Billed Duration for Request 89a38cb9-ca50-452c-b4c2-5fb1017748f8: 2103 ms
Input: 5750000,
Cold Start: false
Unique ID: c766e685-542d-4d3a-b104-91572c0b3f3c,
Billed Duration for Request c766e685-542d-4d3a-b104-91572c0b3f3c: 2110 ms
Input: 5750000,
Cold Start: false
Unique ID: 4789c532-b839-471b-a60a-9f76b3dec43a,
Billed Duration for Request 4789c532-b839-471b-a60a-9f76b3dec43a: 2084 ms
Input: 5750000,
Cold Start: false
Unique ID: 349db3ff-594a-45c8-964d-16e9ee2a66cb,
Billed Duration for Request 349db3ff-594a-45c8-964d-16e9ee2a66cb: 2109 ms
Input: 5750000,
Cold Start: false
Unique ID: 0cf82bde-f302-451b-bc01-2b2df69ac6dc,
Billed Duration for Request 0cf82bde-f302-451b-bc01-2b2df69ac6dc: 2129 ms
Input: 5750000,
Cold Start: false
Unique ID: 05c788af-6b1e-420f-98a1-50dc91d80aa6,
Billed Duration for Request 05c788af-6b1e-420f-98a1-50dc91d80aa6: 2032 ms
Input: 5750000,
Cold Start: false
Unique ID: c52ca56e-9e44-4a2a-91be-65ea142d00bf,
Billed Duration for Request c52ca56e-9e44-4a2a-91be-65ea142d00bf: 2120 ms
Input: 5750000,
Cold Start: false
Unique ID: 4f6181d5-d1e9-43ac-836f-697b58d5e5b0,
Billed Duration for Request 4f6181d5-d1e9-43ac-836f-697b58d5e5b0: 2078 ms
Input: 5750000,
Cold Start: false
Unique ID: 4147ac92-a4e4-4300-b771-7859ace0d7f4,
Billed Duration for Request 4147ac92-a4e4-4300-b771-7859ace0d7f4: 2031 ms
Input: 5750000,
Cold Start: false
Unique ID: 45d461c1-27b7-4306-9688-c55daa361f34,
Billed Duration for Request 45d461c1-27b7-4306-9688-c55daa361f34: 2143 ms
Input: 5750000,
Cold Start: false
Unique ID: c4bde35d-511e-49ed-a04b-5abc66089a08,
Billed Duration for Request c4bde35d-511e-49ed-a04b-5abc66089a08: 2124 ms
Input: 5750000,
Cold Start: false
Unique ID: 43cc31b8-85be-4145-b852-4f82080f69aa,
Billed Duration for Request 43cc31b8-85be-4145-b852-4f82080f69aa: 2094 ms
Input: 5750000,
Cold Start: false
Unique ID: 53e337cb-21f3-4806-80f9-965f1810aff6,
Billed Duration for Request 53e337cb-21f3-4806-80f9-965f1810aff6: 2121 ms
Input: 5750000,
Cold Start: false
Unique ID: fb58f57c-3e3e-4b54-adfe-1092725f7eee,
Billed Duration for Request fb58f57c-3e3e-4b54-adfe-1092725f7eee: 2140 ms
Input: 5750000,
Cold Start: false
Unique ID: a22c5844-889a-432c-b9ca-583811238929,
Billed Duration for Request a22c5844-889a-432c-b9ca-583811238929: 2121 ms
Input: 5750000,
Cold Start: false
Unique ID: 7934d622-d200-4cc5-8951-52854e200acf,
Billed Duration for Request 7934d622-d200-4cc5-8951-52854e200acf: 2061 ms
Input: 5750000,
Cold Start: false
Unique ID: 1accd9b1-5776-47bb-b810-013fd13fd724,
Billed Duration for Request 1accd9b1-5776-47bb-b810-013fd13fd724: 2110 ms
Input: 5750000,
Cold Start: false
Unique ID: 3d144016-5405-4c38-8c74-4f49a3a1c86c,
Billed Duration for Request 3d144016-5405-4c38-8c74-4f49a3a1c86c: 2045 ms
Input: 5750000,
Cold Start: false
Unique ID: e9d8c80d-5710-4e3a-945d-4945842703eb,
Billed Duration for Request e9d8c80d-5710-4e3a-945d-4945842703eb: 2145 ms
Input: 5750000,
Cold Start: false
Unique ID: a46ef6b9-e14e-4efd-8b44-cba1f4044622,
Billed Duration for Request a46ef6b9-e14e-4efd-8b44-cba1f4044622: 2041 ms
Input: 5750000,
Cold Start: false
Unique ID: 7d2f283c-2d20-47a6-824a-d5c26e25cee5,
Billed Duration for Request 7d2f283c-2d20-47a6-824a-d5c26e25cee5: 2127 ms
Input: 5750000,
Cold Start: false
Unique ID: 05e00219-7572-4eed-becd-1dd3b0dfdc7f,
Billed Duration for Request 05e00219-7572-4eed-becd-1dd3b0dfdc7f: 2106 ms
Input: 5750000,
Cold Start: false
Unique ID: 3aa1e40b-d34f-4d25-9e1e-940b23102b98,
Billed Duration for Request 3aa1e40b-d34f-4d25-9e1e-940b23102b98: 2125 ms
Input: 5750000,
Cold Start: false
Unique ID: 73e4bbbd-13bc-4c95-b44a-d19c6f8c649c,
Billed Duration for Request 73e4bbbd-13bc-4c95-b44a-d19c6f8c649c: 2059 ms
Input: 5750000,
Cold Start: false
Unique ID: e79647a1-d314-4478-b1f9-10255e74368f,
Billed Duration for Request e79647a1-d314-4478-b1f9-10255e74368f: 2136 ms
Input: 5750000,
Cold Start: false
Unique ID: a3f081d0-7430-43d2-b573-c2215ec1f7b8,
Billed Duration for Request a3f081d0-7430-43d2-b573-c2215ec1f7b8: 2062 ms
Input: 5750000,
Cold Start: false
Unique ID: 8d8ae7d3-a2da-45f6-aabe-669439fedb7b,
Billed Duration for Request 8d8ae7d3-a2da-45f6-aabe-669439fedb7b: 2030 ms
Input: 5750000,
Cold Start: false
Unique ID: 6715ce6c-4256-4a46-a609-07b0a59274ff,
Billed Duration for Request 6715ce6c-4256-4a46-a609-07b0a59274ff: 2112 ms
Input: 5750000,
Cold Start: false
Unique ID: 9ebd949d-c874-42e4-baa3-296e245b1c7c,
Billed Duration for Request 9ebd949d-c874-42e4-baa3-296e245b1c7c: 2021 ms
Input: 5750000,
Cold Start: false
Unique ID: 3977d68f-424d-4057-bff7-557a1120fd48,
Billed Duration for Request 3977d68f-424d-4057-bff7-557a1120fd48: 2073 ms
Input: 5750000,
Cold Start: false
Unique ID: eff5e22c-4059-4d6a-970c-92d327237ab3,
Billed Duration for Request eff5e22c-4059-4d6a-970c-92d327237ab3: 2121 ms
Input: 5750000,
Cold Start: false
Unique ID: 07dd327c-892c-45af-abd0-83db9ce40e8b,
Billed Duration for Request 07dd327c-892c-45af-abd0-83db9ce40e8b: 2130 ms
Input: 5750000,
Cold Start: false
Unique ID: 991f7fb4-cf78-49e9-b2bd-8a5e965571ad,
Billed Duration for Request 991f7fb4-cf78-49e9-b2bd-8a5e965571ad: 2075 ms
Input: 5750000,
Cold Start: false
Unique ID: cb15e498-9640-4c68-8149-11166ac33348,
Billed Duration for Request cb15e498-9640-4c68-8149-11166ac33348: 2106 ms
Input: 5750000,
Cold Start: false
Unique ID: 2acd6616-04b9-4849-8724-fe5b4f5b4b55,
Billed Duration for Request 2acd6616-04b9-4849-8724-fe5b4f5b4b55: 2106 ms
Input: 5750000,
Cold Start: false
Unique ID: 83b5cd85-4ac0-43e8-adac-d79faf4e1a17,
Billed Duration for Request 83b5cd85-4ac0-43e8-adac-d79faf4e1a17: 2081 ms
Input: 5750000,
Cold Start: false
Unique ID: 8ea8f04e-d2d7-4bb1-8e2a-601e64ae70ab,
Billed Duration for Request 8ea8f04e-d2d7-4bb1-8e2a-601e64ae70ab: 2022 ms
Input: 5750000,
Cold Start: false
Unique ID: ad0f51a8-6f4a-41d8-bb57-a232e319e5ba,
Billed Duration for Request ad0f51a8-6f4a-41d8-bb57-a232e319e5ba: 2141 ms
Input: 5750000,
Cold Start: false
Unique ID: 3f0846b0-8962-4dfd-be2c-73b2a19e5cea,
Billed Duration for Request 3f0846b0-8962-4dfd-be2c-73b2a19e5cea: 2031 ms
Input: 5750000,
Cold Start: false
Unique ID: 3a2d2555-30f0-41b8-b7da-07eb0fa241c0,
Billed Duration for Request 3a2d2555-30f0-41b8-b7da-07eb0fa241c0: 2129 ms
Input: 5750000,
Cold Start: false
Unique ID: d3a4f1a3-0fd3-40c4-abac-4d006d4ce706,
Billed Duration for Request d3a4f1a3-0fd3-40c4-abac-4d006d4ce706: 2132 ms
Input: 5750000,
Cold Start: false
Unique ID: 63105175-497d-4738-858b-a20fafc08b28,
Billed Duration for Request 63105175-497d-4738-858b-a20fafc08b28: 2073 ms
Input: 5750000,
Cold Start: false
Unique ID: 0ec96f08-946a-41d5-a1cc-372644e38736,
Billed Duration for Request 0ec96f08-946a-41d5-a1cc-372644e38736: 2119 ms
Input: 5750000,
Cold Start: false
Unique ID: 511590f9-d5a3-42d1-9373-6e03566c23c1,
Billed Duration for Request 511590f9-d5a3-42d1-9373-6e03566c23c1: 2080 ms
Input: 5750000,
Cold Start: false
Unique ID: 6972b681-bc87-4dcc-b0da-544dac41008b,
Billed Duration for Request 6972b681-bc87-4dcc-b0da-544dac41008b: 2121 ms
Input: 5750000,
Cold Start: false
Unique ID: 31d95bcf-a899-46d1-818d-25eab4261115,
Billed Duration for Request 31d95bcf-a899-46d1-818d-25eab4261115: 2025 ms
Input: 5750000,
Cold Start: false
Unique ID: 75bef3a0-98c7-49cd-a8ca-3ed88c66a65a,
Billed Duration for Request 75bef3a0-98c7-49cd-a8ca-3ed88c66a65a: 2099 ms
Input: 5750000,
Cold Start: false
Unique ID: 696f8a27-bc40-4ae6-aaf7-bb81e9ad4d73,
Billed Duration for Request 696f8a27-bc40-4ae6-aaf7-bb81e9ad4d73: 2016 ms
Input: 5750000,
Cold Start: false
Unique ID: 37996347-90ee-43ad-937e-74203e200452,
Billed Duration for Request 37996347-90ee-43ad-937e-74203e200452: 2125 ms
Input: 5750000,
Cold Start: false
Unique ID: f59852ea-dff0-4b33-ac53-385b4dfcbc67,
Billed Duration for Request f59852ea-dff0-4b33-ac53-385b4dfcbc67: 2109 ms
Input: 5750000,
Cold Start: false
Unique ID: cfc5670b-94e6-4055-a043-0a9cce92fc32,
Billed Duration for Request cfc5670b-94e6-4055-a043-0a9cce92fc32: 2073 ms
Input: 5750000,
Cold Start: false
Unique ID: d4945e8d-eb81-48a4-af75-450843b7c9d0,
Billed Duration for Request d4945e8d-eb81-48a4-af75-450843b7c9d0: 2121 ms
Input: 5750000,
Cold Start: false
Unique ID: 0acf478e-daa8-4ad5-a6e7-170c103b8f74,
Billed Duration for Request 0acf478e-daa8-4ad5-a6e7-170c103b8f74: 2110 ms
Input: 5750000,
Cold Start: false
Unique ID: cce24954-1884-42ae-a0cb-e01c21f7290b,
Billed Duration for Request cce24954-1884-42ae-a0cb-e01c21f7290b: 2057 ms
Input: 5750000,
Cold Start: false
Unique ID: 093df669-c239-4762-bd6f-029d2a3001d1,
Billed Duration for Request 093df669-c239-4762-bd6f-029d2a3001d1: 2030 ms
Input: 5750000,
Cold Start: false
Unique ID: 219f338c-a6e4-42a6-a1f6-7995db05dd91,
Billed Duration for Request 219f338c-a6e4-42a6-a1f6-7995db05dd91: 2122 ms
Input: 5750000,
Cold Start: false
Unique ID: 0549e1ad-ab4b-4438-bdf6-ebede62e61ca,
Billed Duration for Request 0549e1ad-ab4b-4438-bdf6-ebede62e61ca: 2031 ms
Input: 5750000,
Cold Start: false
Unique ID: a604f246-7a15-4b5d-8597-4cdc77b40463,
Billed Duration for Request a604f246-7a15-4b5d-8597-4cdc77b40463: 2115 ms
Input: 5750000,
Cold Start: false
Unique ID: 981bda43-a75d-4b54-a2e5-dfea6b6b170f,
Billed Duration for Request 981bda43-a75d-4b54-a2e5-dfea6b6b170f: 2114 ms
Input: 5750000,
Cold Start: false
Unique ID: b0a4cd16-0f60-42b6-8037-5419a47faa16,
Billed Duration for Request b0a4cd16-0f60-42b6-8037-5419a47faa16: 2126 ms
Input: 5750000,
Cold Start: false
Unique ID: aa729877-d05b-48f9-a5e1-c3b0069be461,
Billed Duration for Request aa729877-d05b-48f9-a5e1-c3b0069be461: 2076 ms
Input: 5750000,
Cold Start: false
Unique ID: eb2f0d98-1816-4759-bb76-e2b834f8de69,
Billed Duration for Request eb2f0d98-1816-4759-bb76-e2b834f8de69: 2127 ms
Input: 5750000,
Cold Start: false
Unique ID: 94046b7b-b174-4f2c-bf79-771581d9126f,
Billed Duration for Request 94046b7b-b174-4f2c-bf79-771581d9126f: 2078 ms
Input: 5750000,
Cold Start: false
Unique ID: 94d00bce-86bf-4536-a48a-ceacc91d56ab,
Billed Duration for Request 94d00bce-86bf-4536-a48a-ceacc91d56ab: 2060 ms
Input: 5750000,
Cold Start: false
Unique ID: 4934615f-4c37-4d89-8e9a-367252d2964a,
Billed Duration for Request 4934615f-4c37-4d89-8e9a-367252d2964a: 2025 ms
Input: 5750000,
Cold Start: false
Unique ID: 850f5be6-c7fa-4bc1-8cd5-ae86a51ff37a,
Billed Duration for Request 850f5be6-c7fa-4bc1-8cd5-ae86a51ff37a: 2042 ms
Input: 5750000,
Cold Start: false
Unique ID: 7e7b7c8a-93aa-423a-9894-ce7842716e1f,
Billed Duration for Request 7e7b7c8a-93aa-423a-9894-ce7842716e1f: 2117 ms
Input: 5750000,
Cold Start: false
Unique ID: 3e02f553-dbd5-4619-928f-bba5a1a10fca,
Billed Duration for Request 3e02f553-dbd5-4619-928f-bba5a1a10fca: 2120 ms
Input: 5750000,
Cold Start: false
Unique ID: f519b1dd-68c5-40f0-94cd-9d3d83513e01,
Billed Duration for Request f519b1dd-68c5-40f0-94cd-9d3d83513e01: 2146 ms
Input: 5750000,
Cold Start: false
Unique ID: 1f4ae4a1-23b7-471a-9d40-a10e9b403428,
Billed Duration for Request 1f4ae4a1-23b7-471a-9d40-a10e9b403428: 2075 ms
Input: 5750000,
Cold Start: false
Unique ID: ed5c4c44-f198-4f39-95c6-1b140c58d3ca,
Billed Duration for Request ed5c4c44-f198-4f39-95c6-1b140c58d3ca: 2137 ms
Input: 5750000,
Cold Start: false
Unique ID: 59718f2c-d5c6-4bd0-b2a9-a617e1670ff8,
Billed Duration for Request 59718f2c-d5c6-4bd0-b2a9-a617e1670ff8: 2066 ms
Input: 5750000,
Cold Start: false
Unique ID: 2b40a1dd-5374-466c-a7e7-36a3dd87990e,
Billed Duration for Request 2b40a1dd-5374-466c-a7e7-36a3dd87990e: 2121 ms
Input: 5750000,
Cold Start: false
Unique ID: b59d35f4-c77a-4641-adfe-a2b95c9cd5d0,
Billed Duration for Request b59d35f4-c77a-4641-adfe-a2b95c9cd5d0: 2036 ms
Input: 5750000,
Cold Start: false
Unique ID: c6d9d0cb-08b0-4323-b118-0d2eaea77034,
Billed Duration for Request c6d9d0cb-08b0-4323-b118-0d2eaea77034: 2022 ms
Input: 5750000,
Cold Start: false
Unique ID: d5664baa-2783-4095-9579-3844aef834a8,
Billed Duration for Request d5664baa-2783-4095-9579-3844aef834a8: 2112 ms
Input: 5750000,
Cold Start: false
Unique ID: 6418f787-d060-42cc-8a7d-83a0bd5de166,
Billed Duration for Request 6418f787-d060-42cc-8a7d-83a0bd5de166: 2094 ms
Input: 5750000,
Cold Start: false
Unique ID: e5f46c31-0ec6-4ee8-85d9-df93adb2e651,
Billed Duration for Request e5f46c31-0ec6-4ee8-85d9-df93adb2e651: 2122 ms
Input: 5750000,
Cold Start: false
Unique ID: 41ebe15d-1182-4ae5-9389-0ac4c0a508bb,
Billed Duration for Request 41ebe15d-1182-4ae5-9389-0ac4c0a508bb: 2134 ms
Input: 5750000,
Cold Start: false
Unique ID: 257a71ad-26d8-4c48-890b-d3877f9ad767,
Billed Duration for Request 257a71ad-26d8-4c48-890b-d3877f9ad767: 2073 ms
Input: 5750000,
Cold Start: false
Unique ID: e7417db6-ce3c-4d7f-93f7-605ccfc9608a,
Billed Duration for Request e7417db6-ce3c-4d7f-93f7-605ccfc9608a: 2133 ms
Input: 5750000,
Cold Start: false
Unique ID: b08658a4-0f21-46e8-9e20-c0966dfedfff,
Billed Duration for Request b08658a4-0f21-46e8-9e20-c0966dfedfff: 2032 ms
Input: 5750000,
Cold Start: false
Unique ID: 8a5f0861-19ff-4e7f-8618-598418f471c9,
Billed Duration for Request 8a5f0861-19ff-4e7f-8618-598418f471c9: 2108 ms
Input: 5750000,
Cold Start: false
Unique ID: e8d479ff-aa10-4e1f-ba39-5834beb62be4,
Billed Duration for Request e8d479ff-aa10-4e1f-ba39-5834beb62be4: 2012 ms
Input: 5750000,
Cold Start: false
Unique ID: ce7a481c-6164-475b-8b88-f689bdc7014f,
Billed Duration for Request ce7a481c-6164-475b-8b88-f689bdc7014f: 2051 ms
Input: 5750000,
Cold Start: false
Unique ID: 74dfec5c-9260-449f-abfa-497427befcda,
Billed Duration for Request 74dfec5c-9260-449f-abfa-497427befcda: 2125 ms
Input: 5750000,
Cold Start: false
Unique ID: 700fdae9-3882-4375-9fb1-63ae1419bbd9,
Billed Duration for Request 700fdae9-3882-4375-9fb1-63ae1419bbd9: 2110 ms
Input: 5750000,
Cold Start: false
Unique ID: a6cef849-409d-400f-9b8d-7cc92299e418,
Billed Duration for Request a6cef849-409d-400f-9b8d-7cc92299e418: 2107 ms
Input: 5750000,
Cold Start: false
Unique ID: 5c9e3e13-4d7d-4b90-83de-80a631703641,
Billed Duration for Request 5c9e3e13-4d7d-4b90-83de-80a631703641: 2125 ms
Input: 5750000,
Cold Start: false
Unique ID: 6d364970-3858-408b-9bc3-ed1ee9147682,
Billed Duration for Request 6d364970-3858-408b-9bc3-ed1ee9147682: 2072 ms
Input: 5750000,
Cold Start: false
Unique ID: 517dbe0a-133c-41e3-875e-5f79e683f44b,
Billed Duration for Request 517dbe0a-133c-41e3-875e-5f79e683f44b: 2132 ms
Input: 5750000,
Cold Start: false
Unique ID: 69030ace-4b26-46c0-91d0-ce81687c862e,
Billed Duration for Request 69030ace-4b26-46c0-91d0-ce81687c862e: 2040 ms
Input: 5750000,
Cold Start: false
Unique ID: c9b78df8-b4b6-4eaa-9734-4398e00ccd6d,
Billed Duration for Request c9b78df8-b4b6-4eaa-9734-4398e00ccd6d: 2083 ms
Input: 5750000,
Cold Start: false
Unique ID: 85b37b7d-b50c-4489-9994-dc62b1c50bab,
Billed Duration for Request 85b37b7d-b50c-4489-9994-dc62b1c50bab: 2035 ms
Input: 5750000,
Cold Start: false
Unique ID: 2cdd7f20-1737-4db5-8265-aef7669ed003,
Billed Duration for Request 2cdd7f20-1737-4db5-8265-aef7669ed003: 2041 ms
Input: 5750000,
Cold Start: false
Unique ID: 79c25717-5632-4196-92cd-2274bd6f5582,
Billed Duration for Request 79c25717-5632-4196-92cd-2274bd6f5582: 2117 ms
Input: 5750000,
Cold Start: false
Unique ID: 565be7f6-c8ab-4d79-8b6b-e1339cd24aae,
Billed Duration for Request 565be7f6-c8ab-4d79-8b6b-e1339cd24aae: 2099 ms
Input: 5750000,
Cold Start: false
Unique ID: 6548b3d8-b69b-4ad0-aab2-4d8f7d06b099,
Billed Duration for Request 6548b3d8-b69b-4ad0-aab2-4d8f7d06b099: 2072 ms
Input: 5750000,
Cold Start: false
Unique ID: c425e46d-5997-40b7-bfd1-105766359af1,
Billed Duration for Request c425e46d-5997-40b7-bfd1-105766359af1: 2035 ms
Input: 5750000,
Cold Start: false
Unique ID: 67e922b6-efe0-4ea8-be8e-640274606760,
Billed Duration for Request 67e922b6-efe0-4ea8-be8e-640274606760: 2130 ms
Input: 5750000,
Cold Start: false
Unique ID: cd769b05-c6ab-4003-853c-f5ae25d58b60,
Billed Duration for Request cd769b05-c6ab-4003-853c-f5ae25d58b60: 2122 ms
Input: 5750000,
Cold Start: false
Unique ID: 6fb41f3f-047d-4148-8417-9bb5b056fa0e,
Billed Duration for Request 6fb41f3f-047d-4148-8417-9bb5b056fa0e: 2128 ms
Input: 5750000,
Cold Start: false
Unique ID: edcb1a80-4a83-43c1-8a88-d6fb20c8dc94,
Billed Duration for Request edcb1a80-4a83-43c1-8a88-d6fb20c8dc94: 2036 ms
Input: 5750000,
Cold Start: false
Unique ID: f64d9534-bc09-48b5-81df-41fba604cb1b,
Billed Duration for Request f64d9534-bc09-48b5-81df-41fba604cb1b: 2056 ms
Input: 5750000,
Cold Start: false
Unique ID: e23d9983-636c-434f-9289-6da2878d4b64,
Billed Duration for Request e23d9983-636c-434f-9289-6da2878d4b64: 2095 ms
Input: 5750000,
Cold Start: false
Unique ID: 47d2f7eb-b383-4389-b33c-62d0a828c967,
Billed Duration for Request 47d2f7eb-b383-4389-b33c-62d0a828c967: 2091 ms
Input: 5750000,
Cold Start: false
Unique ID: 9667534b-851e-4235-b8d3-c01883268f1a,
Billed Duration for Request 9667534b-851e-4235-b8d3-c01883268f1a: 2106 ms
Input: 5750000,
Cold Start: false
Unique ID: 6e3b375d-cef8-46b1-9e7a-0cfdb2e3acec,
Billed Duration for Request 6e3b375d-cef8-46b1-9e7a-0cfdb2e3acec: 2097 ms
Input: 5750000,
Cold Start: false
Unique ID: 8cc25842-b792-4eac-847a-925add1c427a,
Billed Duration for Request 8cc25842-b792-4eac-847a-925add1c427a: 2053 ms
Input: 5750000,
Cold Start: false
Unique ID: 3ce82e02-4abf-4227-9500-02111aca0801,
Billed Duration for Request 3ce82e02-4abf-4227-9500-02111aca0801: 2129 ms
Input: 5750000,
Cold Start: false
Unique ID: 04f67916-1e30-4424-a739-0d36bac72034,
Billed Duration for Request 04f67916-1e30-4424-a739-0d36bac72034: 2044 ms
Input: 5750000,
Cold Start: false
Unique ID: 16f0388d-5b84-429f-8908-63dee7ad96ab,
Billed Duration for Request 16f0388d-5b84-429f-8908-63dee7ad96ab: 2126 ms
Input: 5750000,
Cold Start: false
Unique ID: fdf3bcf1-64c6-4750-8d6e-effc03610926,
Billed Duration for Request fdf3bcf1-64c6-4750-8d6e-effc03610926: 2111 ms
Input: 5750000,
Cold Start: false
Unique ID: 8219f273-4b45-4133-8a16-176bf054f465,
Billed Duration for Request 8219f273-4b45-4133-8a16-176bf054f465: 2050 ms
Input: 5750000,
Cold Start: false
Unique ID: 4c29cd2e-5935-41e9-805e-d942696e8d0c,
Billed Duration for Request 4c29cd2e-5935-41e9-805e-d942696e8d0c: 2112 ms
Input: 5750000,
Cold Start: false
Unique ID: c4f97623-517e-42e2-98c6-cbe286a81b14,
Billed Duration for Request c4f97623-517e-42e2-98c6-cbe286a81b14: 2108 ms
Input: 5750000,
Cold Start: false
Unique ID: 280835b8-5ad8-4886-a3f1-2868abaff704,
Billed Duration for Request 280835b8-5ad8-4886-a3f1-2868abaff704: 2121 ms
Input: 5750000,
Cold Start: false
Unique ID: 0e52afa6-c4d1-4929-9fe4-bef976dd8cb9,
Billed Duration for Request 0e52afa6-c4d1-4929-9fe4-bef976dd8cb9: 2031 ms
Input: 5750000,
Cold Start: false
Unique ID: 737d546c-1144-477f-a1dc-6a066773c73a,
Billed Duration for Request 737d546c-1144-477f-a1dc-6a066773c73a: 2112 ms
Input: 5750000,
Cold Start: false
Unique ID: 54005935-2176-432c-af75-888d09e254df,
Billed Duration for Request 54005935-2176-432c-af75-888d09e254df: 2052 ms
Input: 5750000,
Cold Start: false
Unique ID: 7b3d5993-783a-401c-a546-7dbf708ac056,
Billed Duration for Request 7b3d5993-783a-401c-a546-7dbf708ac056: 2084 ms
Input: 5750000,
Cold Start: false
Unique ID: 79e07e6c-903e-4c27-93c1-585a25836920,
Billed Duration for Request 79e07e6c-903e-4c27-93c1-585a25836920: 2109 ms
Input: 5750000,
Cold Start: false
Unique ID: dfb67488-b6ce-4456-98f5-8d5eb1016e8b,
Billed Duration for Request dfb67488-b6ce-4456-98f5-8d5eb1016e8b: 2062 ms
Input: 5750000,
Cold Start: false
Unique ID: d811545f-f74f-4181-87d9-6bdd9b272fc5,
Billed Duration for Request d811545f-f74f-4181-87d9-6bdd9b272fc5: 2120 ms
Input: 5750000,
Cold Start: false
Unique ID: 4665d45a-20d8-4ade-85d8-8b7aa1a41260,
Billed Duration for Request 4665d45a-20d8-4ade-85d8-8b7aa1a41260: 2092 ms
Input: 5750000,
Cold Start: false
Unique ID: d4d686c6-6d52-457f-a1a5-9331fca6115e,
Billed Duration for Request d4d686c6-6d52-457f-a1a5-9331fca6115e: 2024 ms
Input: 5750000,
Cold Start: false
Unique ID: 693ee868-cea5-4f22-8bf5-69a32d82c0bb,
Billed Duration for Request 693ee868-cea5-4f22-8bf5-69a32d82c0bb: 2094 ms
Input: 5750000,
Cold Start: false
Unique ID: ad3759c4-2ffd-4bcb-bc3e-0dc3b9a6213a,
Billed Duration for Request ad3759c4-2ffd-4bcb-bc3e-0dc3b9a6213a: 2124 ms
Input: 5750000,
Cold Start: false
Unique ID: cc351437-866d-4fd4-9e36-c47295f0998f,
Billed Duration for Request cc351437-866d-4fd4-9e36-c47295f0998f: 2010 ms
Input: 5750000,
Cold Start: false
Unique ID: 09985b6e-72ae-4e80-89e8-8d6aca224481,
Billed Duration for Request 09985b6e-72ae-4e80-89e8-8d6aca224481: 2141 ms
Input: 5750000,
Cold Start: false
Unique ID: c14f08c9-616e-4d0c-abac-5f206fb939e0,
Billed Duration for Request c14f08c9-616e-4d0c-abac-5f206fb939e0: 2124 ms
Input: 5750000,
Cold Start: false
Unique ID: fdaa95da-b617-4e35-a396-061d17d107ce,
Billed Duration for Request fdaa95da-b617-4e35-a396-061d17d107ce: 2072 ms
Input: 5750000,
Cold Start: false
Unique ID: c13eb4f9-48ea-4db3-9fa0-1d194f81c912,
Billed Duration for Request c13eb4f9-48ea-4db3-9fa0-1d194f81c912: 2055 ms
Input: 5750000,
Cold Start: false
Unique ID: 71a9654a-4fa3-49d3-910c-d82fcfc168c0,
Billed Duration for Request 71a9654a-4fa3-49d3-910c-d82fcfc168c0: 2112 ms
Input: 5750000,
Cold Start: false
Unique ID: b381406d-68f4-4ca1-bf24-511643a5ce5b,
Billed Duration for Request b381406d-68f4-4ca1-bf24-511643a5ce5b: 2124 ms
Input: 5750000,
Cold Start: false
Unique ID: ac6cf1e2-53db-47c1-9d63-0bf15d3e1923,
Billed Duration for Request ac6cf1e2-53db-47c1-9d63-0bf15d3e1923: 2093 ms
Input: 5750000,
Cold Start: false
Unique ID: 15ea2c0b-5050-41a5-b161-cdd40f4bb095,
Billed Duration for Request 15ea2c0b-5050-41a5-b161-cdd40f4bb095: 2108 ms
Input: 5750000,
Cold Start: false
Unique ID: c2db7716-6f71-441b-9e61-7bc7275296cd,
Billed Duration for Request c2db7716-6f71-441b-9e61-7bc7275296cd: 2043 ms
Input: 5750000,
Cold Start: false
Unique ID: 7ef65e22-f286-48e4-87da-d8b1f36ad393,
Billed Duration for Request 7ef65e22-f286-48e4-87da-d8b1f36ad393: 2113 ms
Input: 5750000,
Cold Start: false
Unique ID: 415ef278-eecc-4c4a-b181-7a30bda17c84,
Billed Duration for Request 415ef278-eecc-4c4a-b181-7a30bda17c84: 2057 ms
Input: 5750000,
Cold Start: false
Unique ID: 9a43b5b5-0004-4662-9b50-0b81f1a55271,
Billed Duration for Request 9a43b5b5-0004-4662-9b50-0b81f1a55271: 2110 ms
Input: 5750000,
Cold Start: false
Unique ID: 94fcaa16-6f9b-4eda-a10b-70ab7ec3ca75,
Billed Duration for Request 94fcaa16-6f9b-4eda-a10b-70ab7ec3ca75: 2117 ms
Input: 5750000,
Cold Start: false
Unique ID: cb869452-d460-4d23-91a0-e78196a3125c,
Billed Duration for Request cb869452-d460-4d23-91a0-e78196a3125c: 2036 ms
Input: 5750000,
Cold Start: false
Unique ID: 5cb59ac0-a1f5-4b20-a91b-b40aaca36156,
Billed Duration for Request 5cb59ac0-a1f5-4b20-a91b-b40aaca36156: 2149 ms
Input: 5750000,
Cold Start: false
Unique ID: 4d21e094-252b-4207-a614-e9da3e0e4422,
Billed Duration for Request 4d21e094-252b-4207-a614-e9da3e0e4422: 2123 ms
Input: 5750000,
Cold Start: false
Unique ID: b2bc570e-aaf4-4761-8b37-4a655290a481,
Billed Duration for Request b2bc570e-aaf4-4761-8b37-4a655290a481: 2092 ms
Input: 5750000,
Cold Start: false
Unique ID: 2dc03b55-80d5-4c88-9b3a-ea1fcc44e701,
Billed Duration for Request 2dc03b55-80d5-4c88-9b3a-ea1fcc44e701: 2148 ms
Input: 5750000,
Cold Start: false
Unique ID: 928b9c7e-cf5c-451c-a0eb-9173804cf72e,
Billed Duration for Request 928b9c7e-cf5c-451c-a0eb-9173804cf72e: 2039 ms
Input: 5750000,
Cold Start: false
Unique ID: 8d2eaa38-7cda-4741-867d-afe7a66006e3,
Billed Duration for Request 8d2eaa38-7cda-4741-867d-afe7a66006e3: 2111 ms
Input: 5750000,
Cold Start: false
Unique ID: def3867e-31ee-45d0-ba3d-c433337b207c,
Billed Duration for Request def3867e-31ee-45d0-ba3d-c433337b207c: 2074 ms
Input: 5750000,
Cold Start: false
Unique ID: f738aa3b-7fc5-4f6d-831f-00f4da499b2e,
Billed Duration for Request f738aa3b-7fc5-4f6d-831f-00f4da499b2e: 2031 ms
Input: 5750000,
Cold Start: false
Unique ID: a002beae-4d0b-45e8-b5a6-66f3641a5f9b,
Billed Duration for Request a002beae-4d0b-45e8-b5a6-66f3641a5f9b: 2100 ms
Input: 5750000,
Cold Start: false
Unique ID: 8726ee96-866d-4f12-ad94-729942de6701,
Billed Duration for Request 8726ee96-866d-4f12-ad94-729942de6701: 2053 ms
Input: 5750000,
Cold Start: false
Unique ID: 554361f1-124e-44a6-823b-03cc988a7682,
Billed Duration for Request 554361f1-124e-44a6-823b-03cc988a7682: 2110 ms
Input: 5750000,
Cold Start: false
Unique ID: a9c88858-2721-4ca6-b009-7742371f6072,
Billed Duration for Request a9c88858-2721-4ca6-b009-7742371f6072: 2098 ms
Input: 5750000,
Cold Start: false
Unique ID: 3e423d21-a5e8-4fdd-b003-bd02c29baf4c,
Billed Duration for Request 3e423d21-a5e8-4fdd-b003-bd02c29baf4c: 2108 ms
Input: 5750000,
Cold Start: false
Unique ID: 28e89ec0-9f4e-4a17-aad5-2560dedcca19,
Billed Duration for Request 28e89ec0-9f4e-4a17-aad5-2560dedcca19: 2112 ms
Input: 5750000,
Cold Start: false
Unique ID: 22cb2752-d840-4fa9-9b7d-38177d79c1c7,
Billed Duration for Request 22cb2752-d840-4fa9-9b7d-38177d79c1c7: 2014 ms
Input: 5750000,
Cold Start: false
Unique ID: 48a279ad-0962-4e6a-bcd9-0f40254feb67,
Billed Duration for Request 48a279ad-0962-4e6a-bcd9-0f40254feb67: 2149 ms
Input: 5750000,
Cold Start: false
Unique ID: bfe702b1-fdd1-4f4a-85e6-3b7123bd2b7f,
Billed Duration for Request bfe702b1-fdd1-4f4a-85e6-3b7123bd2b7f: 2097 ms
Input: 5750000,
Cold Start: false
Unique ID: b225fb1c-9c71-48b9-ade2-2fff0a94cc55,
Billed Duration for Request b225fb1c-9c71-48b9-ade2-2fff0a94cc55: 2030 ms
Input: 5750000,
Cold Start: false
Unique ID: ccc95d46-1c9a-4ece-9e79-d36861d311ea,
Billed Duration for Request ccc95d46-1c9a-4ece-9e79-d36861d311ea: 2106 ms
Input: 5750000,
Cold Start: false
Unique ID: 556eb611-8523-42af-bdab-1aa97aa6ea39,
Billed Duration for Request 556eb611-8523-42af-bdab-1aa97aa6ea39: 2052 ms
Input: 5750000,
Cold Start: false
Unique ID: c38f8340-89af-4707-ab6e-1a87eb530e29,
Billed Duration for Request c38f8340-89af-4707-ab6e-1a87eb530e29: 2108 ms
Input: 5750000,
Cold Start: false
Unique ID: 9e27a585-1ee7-4b90-963e-9c670b32afe2,
Billed Duration for Request 9e27a585-1ee7-4b90-963e-9c670b32afe2: 2130 ms
Input: 5750000,
Cold Start: false
Unique ID: a2c9ce28-a238-417b-a696-93e580aa4b46,
Billed Duration for Request a2c9ce28-a238-417b-a696-93e580aa4b46: 2110 ms
Input: 5750000,
Cold Start: false
Unique ID: 0d4c6d33-fe6e-4a1f-a378-010d1c78c79b,
Billed Duration for Request 0d4c6d33-fe6e-4a1f-a378-010d1c78c79b: 2042 ms
Input: 5750000,
Cold Start: false
Unique ID: 661747a4-05f9-4c86-b631-6261a2e6f31e,
Billed Duration for Request 661747a4-05f9-4c86-b631-6261a2e6f31e: 2115 ms
Input: 5750000,
Cold Start: false
Unique ID: 5c74c283-fc8f-4d5e-9b62-601dff0ffb35,
Billed Duration for Request 5c74c283-fc8f-4d5e-9b62-601dff0ffb35: 2074 ms
Input: 5750000,
Cold Start: false
Unique ID: cb42cc90-d46c-470d-be08-bad1e1fb4ba4,
Billed Duration for Request cb42cc90-d46c-470d-be08-bad1e1fb4ba4: 2110 ms
Input: 5750000,
Cold Start: false
Unique ID: e3fdde64-d35c-48f2-a729-5f14521ee900,
Billed Duration for Request e3fdde64-d35c-48f2-a729-5f14521ee900: 2041 ms
Input: 5750000,
Cold Start: false
Unique ID: 808d797b-d810-46fa-b9b6-ba881f865ce0,
Billed Duration for Request 808d797b-d810-46fa-b9b6-ba881f865ce0: 2131 ms
Input: 5750000,
Cold Start: false
Unique ID: e73904b2-788d-4ca2-8029-adfd8861a391,
Billed Duration for Request e73904b2-788d-4ca2-8029-adfd8861a391: 2135 ms
Input: 5750000,
Cold Start: false
Unique ID: da99a29b-db7d-4903-9b85-28777cac7501,
Billed Duration for Request da99a29b-db7d-4903-9b85-28777cac7501: 2099 ms
Input: 5750000,
Cold Start: false
Unique ID: 44e6d832-ea45-475a-ac71-1ffefd9cef16,
Billed Duration for Request 44e6d832-ea45-475a-ac71-1ffefd9cef16: 2121 ms
Input: 5750000,
Cold Start: false
Unique ID: 8bc5063b-02e7-4716-8dec-21ee6c9ebb2d,
Billed Duration for Request 8bc5063b-02e7-4716-8dec-21ee6c9ebb2d: 2034 ms
Input: 5750000,
Cold Start: false
Unique ID: 93e647b1-2ef0-423e-88c6-c11a30a8427b,
Billed Duration for Request 93e647b1-2ef0-423e-88c6-c11a30a8427b: 2120 ms
Input: 5750000,
Cold Start: false
Unique ID: 1a21eee4-6dc5-40a7-a625-43e0b309b754,
Billed Duration for Request 1a21eee4-6dc5-40a7-a625-43e0b309b754: 2112 ms
Input: 5750000,
Cold Start: false
Unique ID: 89b22e60-4c00-4fdc-8e70-1e79b14aeae3,
Billed Duration for Request 89b22e60-4c00-4fdc-8e70-1e79b14aeae3: 2029 ms
Input: 5750000,
Cold Start: false
Unique ID: 32290dc7-68b2-4c77-84d6-ca16fcd74b13,
Billed Duration for Request 32290dc7-68b2-4c77-84d6-ca16fcd74b13: 2116 ms
Input: 5750000,
Cold Start: false
Unique ID: c37b4ba3-229f-49a3-95a0-d7ebc70d1e18,
Billed Duration for Request c37b4ba3-229f-49a3-95a0-d7ebc70d1e18: 2116 ms
Input: 5750000,
Cold Start: false
Unique ID: 09deb627-5bec-4ba6-ab7a-a53f35cad773,
Billed Duration for Request 09deb627-5bec-4ba6-ab7a-a53f35cad773: 2081 ms
Input: 5750000,
Cold Start: false
Unique ID: 88fba5bf-52b5-4bdb-b8aa-cfc56aebfa9f,
Billed Duration for Request 88fba5bf-52b5-4bdb-b8aa-cfc56aebfa9f: 2119 ms
Input: 5750000,
Cold Start: false
Unique ID: b5eb8a7d-b69a-4a95-8216-e93dc058f480,
Billed Duration for Request b5eb8a7d-b69a-4a95-8216-e93dc058f480: 2137 ms
Input: 5750000,
Cold Start: false
Unique ID: 03c3cfe2-c900-4176-b083-17c242fdcc06,
Billed Duration for Request 03c3cfe2-c900-4176-b083-17c242fdcc06: 2102 ms
Input: 5750000,
Cold Start: false
Unique ID: 519342e7-38c0-48bf-b01e-19dd2583be0d,
Billed Duration for Request 519342e7-38c0-48bf-b01e-19dd2583be0d: 2041 ms
Input: 5750000,
Cold Start: false
Unique ID: a774a647-07fe-4fb1-a37e-1339ba8b613e,
Billed Duration for Request a774a647-07fe-4fb1-a37e-1339ba8b613e: 2094 ms
Input: 5750000,
Cold Start: false
Unique ID: a43f9194-af4b-4b77-9389-62fb5b52a7c1,
Billed Duration for Request a43f9194-af4b-4b77-9389-62fb5b52a7c1: 2010 ms
Input: 5750000,
Cold Start: false
Unique ID: 72fe1075-6138-477e-bf1e-5eb171448950,
Billed Duration for Request 72fe1075-6138-477e-bf1e-5eb171448950: 2135 ms
Input: 5750000,
Cold Start: false
Unique ID: 9effec4c-4aaf-4306-aae2-91093835fc36,
Billed Duration for Request 9effec4c-4aaf-4306-aae2-91093835fc36: 2108 ms
Input: 5750000,
Cold Start: false
Unique ID: 7d049931-4ae6-47d1-b68c-a2c1048dbffe,
Billed Duration for Request 7d049931-4ae6-47d1-b68c-a2c1048dbffe: 2088 ms
Input: 5750000,
Cold Start: false
Unique ID: 61982373-2661-4c50-b278-228ce3e1dfd3,
Billed Duration for Request 61982373-2661-4c50-b278-228ce3e1dfd3: 2074 ms
Input: 5750000,
Cold Start: false
Unique ID: c21fb3e6-6f2e-4707-a26e-5629f58bc347,
Billed Duration for Request c21fb3e6-6f2e-4707-a26e-5629f58bc347: 2134 ms
Input: 5750000,
Cold Start: false
Unique ID: 4f9b72f5-9c06-4510-b8cf-9166d80378bb,
Billed Duration for Request 4f9b72f5-9c06-4510-b8cf-9166d80378bb: 2035 ms
Input: 5750000,
Cold Start: false
Unique ID: db1075bc-e96c-4876-964f-ed5648474587,
Billed Duration for Request db1075bc-e96c-4876-964f-ed5648474587: 2111 ms
Input: 5750000,
Cold Start: false
Unique ID: 9b56a72a-023e-4ce0-ae3e-d5fda8816bcd,
Billed Duration for Request 9b56a72a-023e-4ce0-ae3e-d5fda8816bcd: 2134 ms
Input: 5750000,
Cold Start: false
Unique ID: 84dc8676-3647-432b-aa31-881bb0cd5581,
Billed Duration for Request 84dc8676-3647-432b-aa31-881bb0cd5581: 2110 ms
Input: 5750000,
Cold Start: false
Unique ID: e86a1e2f-a37b-4b4c-8008-8586a425e7b9,
Billed Duration for Request e86a1e2f-a37b-4b4c-8008-8586a425e7b9: 2038 ms
Input: 5750000,
Cold Start: false
Unique ID: 1f679126-abe9-4192-9995-5b4f896bab0a,
Billed Duration for Request 1f679126-abe9-4192-9995-5b4f896bab0a: 2120 ms
Input: 5750000,
Cold Start: false
Unique ID: a057b2f6-8f5f-4dc7-8b0a-366c942e3612,
Billed Duration for Request a057b2f6-8f5f-4dc7-8b0a-366c942e3612: 2086 ms
Input: 5750000,
Cold Start: false
Unique ID: e9ef959e-cee7-4b8c-809e-17e4ab1a5cc3,
Billed Duration for Request e9ef959e-cee7-4b8c-809e-17e4ab1a5cc3: 2110 ms
Input: 5750000,
Cold Start: false
Unique ID: 3b4c1d28-3777-4dbe-bdc9-188643b1eb50,
Billed Duration for Request 3b4c1d28-3777-4dbe-bdc9-188643b1eb50: 2147 ms
Input: 5750000,
Cold Start: false
Unique ID: 64418746-86d8-4fc6-8ab7-6e78fd5b6c83,
Billed Duration for Request 64418746-86d8-4fc6-8ab7-6e78fd5b6c83: 2092 ms
Input: 5750000,
Cold Start: false
Unique ID: 3dacdb0b-2179-4ced-bb20-270d50bcdeee,
Billed Duration for Request 3dacdb0b-2179-4ced-bb20-270d50bcdeee: 2040 ms
Input: 5750000,
Cold Start: false
Unique ID: 969ab246-b688-411a-9f17-55850460a846,
Billed Duration for Request 969ab246-b688-411a-9f17-55850460a846: 2133 ms
Input: 5750000,
Cold Start: false
Unique ID: 17ec2552-b1ae-46b9-8520-faf5e97896da,
Billed Duration for Request 17ec2552-b1ae-46b9-8520-faf5e97896da: 2153 ms
Input: 5750000,
Cold Start: false
Unique ID: 4d322f61-2638-49a5-a309-68bdcaf1058e,
Billed Duration for Request 4d322f61-2638-49a5-a309-68bdcaf1058e: 2121 ms
Input: 5750000,
Cold Start: false
Unique ID: db971c98-e61d-4ed2-82db-f5f13731af1e,
Billed Duration for Request db971c98-e61d-4ed2-82db-f5f13731af1e: 2048 ms
Input: 5750000,
Cold Start: false
Unique ID: f802ab7f-8870-4a11-973e-dbd294de64a5,
Billed Duration for Request f802ab7f-8870-4a11-973e-dbd294de64a5: 2115 ms
Input: 5750000,
Cold Start: false
Unique ID: aca264f7-d03c-4eba-8720-6e66d7271ac2,
Billed Duration for Request aca264f7-d03c-4eba-8720-6e66d7271ac2: 2111 ms
Input: 5750000,
Cold Start: false
Unique ID: a0f260c4-fa25-44ea-a377-68ba55be1b70,
Billed Duration for Request a0f260c4-fa25-44ea-a377-68ba55be1b70: 2074 ms
Input: 5750000,
Cold Start: false
Unique ID: f300a46b-24af-441b-843f-75d0c1af2c20,
Billed Duration for Request f300a46b-24af-441b-843f-75d0c1af2c20: 2073 ms
Input: 5750000,
Cold Start: false
Unique ID: b4b7d0a0-824d-4485-9097-dca96b6edd2a,
Billed Duration for Request b4b7d0a0-824d-4485-9097-dca96b6edd2a: 2021 ms
Input: 5750000,
Cold Start: false
Unique ID: 84cb65c8-e4d7-4013-848c-40f694fab7be,
Billed Duration for Request 84cb65c8-e4d7-4013-848c-40f694fab7be: 2096 ms
Input: 5750000,
Cold Start: false
Unique ID: 9097baf9-78f2-48f4-b787-d349f65b0b11,
Billed Duration for Request 9097baf9-78f2-48f4-b787-d349f65b0b11: 2134 ms
Input: 5750000,
Cold Start: false
Unique ID: c6782704-bdb8-4c3b-96d9-db10ae2869c0,
Billed Duration for Request c6782704-bdb8-4c3b-96d9-db10ae2869c0: 2038 ms
Input: 5750000,
Cold Start: false
Unique ID: 558529d6-a34d-4185-afa3-73ef0bc7d863,
Billed Duration for Request 558529d6-a34d-4185-afa3-73ef0bc7d863: 2099 ms
Input: 5750000,
Cold Start: false
Unique ID: 60e63127-4aea-4f56-8715-ee0d4f327c80,
Billed Duration for Request 60e63127-4aea-4f56-8715-ee0d4f327c80: 2089 ms
Input: 5750000,
Cold Start: false
Unique ID: ee06ec78-2293-41a9-928a-f398c602a72b,
Billed Duration for Request ee06ec78-2293-41a9-928a-f398c602a72b: 2125 ms
Input: 5750000,
Cold Start: false
Unique ID: af198024-b2fd-420e-802a-7a8b69a4ae1f,
Billed Duration for Request af198024-b2fd-420e-802a-7a8b69a4ae1f: 2086 ms
Input: 5750000,
Cold Start: false
Unique ID: 2945e4bc-346e-4e31-97c3-b57630df3059,
Billed Duration for Request 2945e4bc-346e-4e31-97c3-b57630df3059: 2111 ms
Input: 5750000,
Cold Start: false
Unique ID: c3538067-b610-4c94-a0ee-5cd8af309068,
Billed Duration for Request c3538067-b610-4c94-a0ee-5cd8af309068: 2082 ms
Input: 5750000,
Cold Start: false
Unique ID: 2ddfcad5-e83a-46c1-a2a4-52110a52f32e,
Billed Duration for Request 2ddfcad5-e83a-46c1-a2a4-52110a52f32e: 2037 ms
Input: 5750000,
Cold Start: false
Unique ID: 86094468-393e-423c-8569-6abe2707577f,
Billed Duration for Request 86094468-393e-423c-8569-6abe2707577f: 2113 ms
Input: 5750000,
Cold Start: false
Unique ID: 4fb6d115-53a3-46da-9a2e-d920611f60d0,
Billed Duration for Request 4fb6d115-53a3-46da-9a2e-d920611f60d0: 2046 ms
Input: 5750000,
Cold Start: false
Unique ID: 112def52-1db9-493b-9938-8078e740c738,
Billed Duration for Request 112def52-1db9-493b-9938-8078e740c738: 2106 ms
Input: 5750000,
Cold Start: false
Unique ID: adae8efe-96b0-4145-bf11-8ca94fe63432,
Billed Duration for Request adae8efe-96b0-4145-bf11-8ca94fe63432: 2126 ms
Input: 5750000,
Cold Start: false
Unique ID: 1163771e-8fad-48b8-924c-f6054a391b34,
Billed Duration for Request 1163771e-8fad-48b8-924c-f6054a391b34: 2133 ms
Input: 5750000,
Cold Start: false
Unique ID: aaadc408-163d-4b30-8c75-87f1ffc0a66e,
Billed Duration for Request aaadc408-163d-4b30-8c75-87f1ffc0a66e: 2130 ms
Input: 5750000,
Cold Start: false
Unique ID: cc4b5d37-6185-44b6-a0b3-6ff76ab05954,
Billed Duration for Request cc4b5d37-6185-44b6-a0b3-6ff76ab05954: 2112 ms
Input: 5750000,
Cold Start: false
Unique ID: 8a57c810-ad50-4b1c-ad71-91e3790358e8,
Billed Duration for Request 8a57c810-ad50-4b1c-ad71-91e3790358e8: 2070 ms
Input: 5750000,
Cold Start: false
Unique ID: 25525193-92fe-443d-a82f-80fa6ff64c80,
Billed Duration for Request 25525193-92fe-443d-a82f-80fa6ff64c80: 2078 ms
Input: 5750000,
Cold Start: false
Unique ID: 17de9b32-6270-44e7-bf41-e564f7e6b520,
Billed Duration for Request 17de9b32-6270-44e7-bf41-e564f7e6b520: 2043 ms
Input: 5750000,
Cold Start: false
Unique ID: 1367d215-f682-4561-92c8-c12772f77b39,
Billed Duration for Request 1367d215-f682-4561-92c8-c12772f77b39: 2127 ms
Input: 5750000,
Cold Start: false
Unique ID: 77d8edec-5061-4680-8ee0-e9fc6d0b42a0,
Billed Duration for Request 77d8edec-5061-4680-8ee0-e9fc6d0b42a0: 2028 ms
Input: 5750000,
Cold Start: false
Unique ID: 18b29cf3-4c7a-4503-9d30-6c845060f7fd,
Billed Duration for Request 18b29cf3-4c7a-4503-9d30-6c845060f7fd: 2090 ms
Input: 5750000,
Cold Start: false
Unique ID: 15ebf34d-46cc-42aa-94bb-a442623d1ed4,
Billed Duration for Request 15ebf34d-46cc-42aa-94bb-a442623d1ed4: 2131 ms
Input: 5750000,
Cold Start: false
Unique ID: df8962ec-ed85-46f2-b739-afb4a6b16764,
Billed Duration for Request df8962ec-ed85-46f2-b739-afb4a6b16764: 2123 ms
Input: 5750000,
Cold Start: false
Unique ID: d5999b49-2fc9-4641-983f-332321144e32,
Billed Duration for Request d5999b49-2fc9-4641-983f-332321144e32: 2134 ms
Input: 5750000,
Cold Start: false
Unique ID: ccb76f32-bd99-45ce-ae21-2b2cc716c856,
Billed Duration for Request ccb76f32-bd99-45ce-ae21-2b2cc716c856: 2086 ms
Input: 5750000,
Cold Start: false
Unique ID: c14489a1-9efe-4a86-935d-6d9fb4b4f516,
Billed Duration for Request c14489a1-9efe-4a86-935d-6d9fb4b4f516: 2062 ms
Input: 5750000,
Cold Start: false
Unique ID: 7650e029-27a0-4353-962c-d151b49e3d7e,
Billed Duration for Request 7650e029-27a0-4353-962c-d151b49e3d7e: 2039 ms
Input: 5750000,
Cold Start: false
Unique ID: c96a6ac6-635e-4c52-87e5-b6bc1b2b535f,
Billed Duration for Request c96a6ac6-635e-4c52-87e5-b6bc1b2b535f: 2121 ms
Input: 5750000,
Cold Start: false
Unique ID: 399cb6da-0892-4d8a-b592-a32f9e68cb07,
Billed Duration for Request 399cb6da-0892-4d8a-b592-a32f9e68cb07: 2101 ms
Input: 5750000,
Cold Start: false
Unique ID: f6ab16af-b42c-41cc-8e5b-d7fad84f3b8a,
Billed Duration for Request f6ab16af-b42c-41cc-8e5b-d7fad84f3b8a: 2025 ms
Input: 5750000,
Cold Start: false
Unique ID: dd28db98-71e1-4253-a5cb-dcc8365c7b80,
Billed Duration for Request dd28db98-71e1-4253-a5cb-dcc8365c7b80: 2106 ms
Input: 5750000,
Cold Start: false
Unique ID: 82eb0adb-fc53-42c4-87f6-2c841e687f55,
Billed Duration for Request 82eb0adb-fc53-42c4-87f6-2c841e687f55: 2143 ms
Input: 5750000,
Cold Start: false
Unique ID: 93243770-5689-4ce2-8038-49208d190a9b,
Billed Duration for Request 93243770-5689-4ce2-8038-49208d190a9b: 2124 ms
Input: 5750000,
Cold Start: false
Unique ID: 3dabd369-420b-4182-8f37-d26fac42c293,
Billed Duration for Request 3dabd369-420b-4182-8f37-d26fac42c293: 2089 ms
Input: 5750000,
Cold Start: false
Unique ID: 3ce4ff45-e638-40b3-b14f-6d584e1c76f6,
Billed Duration for Request 3ce4ff45-e638-40b3-b14f-6d584e1c76f6: 2068 ms
Input: 5750000,
Cold Start: false
Unique ID: 8806d79a-3410-4c19-86c9-8d30a72b3294,
Billed Duration for Request 8806d79a-3410-4c19-86c9-8d30a72b3294: 2063 ms
Input: 5750000,
Cold Start: false
Unique ID: 6dfe78bb-d2cf-4c60-b5eb-eadcdfce3833,
Billed Duration for Request 6dfe78bb-d2cf-4c60-b5eb-eadcdfce3833: 2110 ms
Input: 5750000,
Cold Start: false
Unique ID: 142d2a67-196a-4fb7-be8a-0ce55e29b1d5,
Billed Duration for Request 142d2a67-196a-4fb7-be8a-0ce55e29b1d5: 2148 ms
Input: 5750000,
Cold Start: false
Unique ID: e07a9d28-e424-4fc7-857f-97b53cc0a4e0,
Billed Duration for Request e07a9d28-e424-4fc7-857f-97b53cc0a4e0: 2107 ms
Input: 5750000,
Cold Start: false
Unique ID: 915c57b5-a5c7-4010-9a4d-22d2a284ad70,
Billed Duration for Request 915c57b5-a5c7-4010-9a4d-22d2a284ad70: 2043 ms
Input: 5750000,
Cold Start: false
Unique ID: 600cab63-726d-4d49-acd6-66f9448380b7,
Billed Duration for Request 600cab63-726d-4d49-acd6-66f9448380b7: 2096 ms
Input: 5750000,
Cold Start: false
Unique ID: 4fc4bed5-b2bb-4041-a9f7-b1ed71d02020,
Billed Duration for Request 4fc4bed5-b2bb-4041-a9f7-b1ed71d02020: 2106 ms
Input: 5750000,
Cold Start: false
Unique ID: a126e6ee-7bbd-4211-9d91-945a6747ea3c,
Billed Duration for Request a126e6ee-7bbd-4211-9d91-945a6747ea3c: 2079 ms
Input: 5750000,
Cold Start: false
Unique ID: 22673205-e500-480b-90d6-cbf7e863b815,
Billed Duration for Request 22673205-e500-480b-90d6-cbf7e863b815: 2140 ms
Input: 5750000,
Cold Start: false
Unique ID: f582f4a7-30e1-40c0-ac3b-d39e50192400,
Billed Duration for Request f582f4a7-30e1-40c0-ac3b-d39e50192400: 2071 ms
Input: 5750000,
Cold Start: false
Unique ID: bc575aae-4b6f-464d-9d80-dcba1e5c3606,
Billed Duration for Request bc575aae-4b6f-464d-9d80-dcba1e5c3606: 2040 ms
Input: 5750000,
Cold Start: false
Unique ID: 0d8015d1-99f2-42ff-8078-fff1965ccbb0,
Billed Duration for Request 0d8015d1-99f2-42ff-8078-fff1965ccbb0: 2133 ms
Input: 5750000,
Cold Start: false
Unique ID: 9790214a-6187-4593-a99b-e6d6706a6771,
Billed Duration for Request 9790214a-6187-4593-a99b-e6d6706a6771: 2121 ms
Input: 5750000,
Cold Start: false
Unique ID: c791e912-d5ee-4e75-bff4-435e0129c880,
Billed Duration for Request c791e912-d5ee-4e75-bff4-435e0129c880: 2051 ms
Input: 5750000,
Cold Start: false
Unique ID: 17d42a40-57b8-4111-8c79-78a6198298d4,
Billed Duration for Request 17d42a40-57b8-4111-8c79-78a6198298d4: 2123 ms
Input: 5750000,
Cold Start: false
Unique ID: 1826fc60-be81-43e2-afef-decb6e112664,
Billed Duration for Request 1826fc60-be81-43e2-afef-decb6e112664: 2089 ms
Input: 5750000,
Cold Start: false
Unique ID: 5c5c8ed4-3398-4977-8f86-b6dd883f4bf0,
Billed Duration for Request 5c5c8ed4-3398-4977-8f86-b6dd883f4bf0: 2116 ms
Input: 5750000,
Cold Start: false
Unique ID: 9e9b0b77-bcb0-4c3d-a406-61c696c4b4d4,
Billed Duration for Request 9e9b0b77-bcb0-4c3d-a406-61c696c4b4d4: 2130 ms
Input: 5750000,
Cold Start: false
Unique ID: 3d77421f-e5ff-413c-a3cc-c545dd26f685,
Billed Duration for Request 3d77421f-e5ff-413c-a3cc-c545dd26f685: 2043 ms
Input: 5750000,
Cold Start: false
Unique ID: 0b489873-ceef-4589-8154-feeb099c3961,
Billed Duration for Request 0b489873-ceef-4589-8154-feeb099c3961: 2081 ms
Input: 5750000,
Cold Start: false
Unique ID: 3d614992-c9bb-46a7-bc75-dc77ef96f090,
Billed Duration for Request 3d614992-c9bb-46a7-bc75-dc77ef96f090: 2063 ms
Input: 5750000,
Cold Start: false
Unique ID: f670d538-94d4-4a2c-bf24-c47ce1bd9da3,
Billed Duration for Request f670d538-94d4-4a2c-bf24-c47ce1bd9da3: 2129 ms
Input: 5750000,
Cold Start: false
Unique ID: 79b63ddc-4be3-4997-a30c-eedb95844545,
Billed Duration for Request 79b63ddc-4be3-4997-a30c-eedb95844545: 2113 ms
Input: 5750000,
Cold Start: false
Unique ID: 0ea026e6-0e64-4289-86a6-bab9ba68b7d6,
Billed Duration for Request 0ea026e6-0e64-4289-86a6-bab9ba68b7d6: 2086 ms
Input: 5750000,
Cold Start: false
Unique ID: e913bdd8-9fca-4cf8-a0d4-d1b02f2bc351,
Billed Duration for Request e913bdd8-9fca-4cf8-a0d4-d1b02f2bc351: 2024 ms
Input: 5750000,
Cold Start: false
Unique ID: 01c12802-4473-4d6b-8b83-9da5b57d5439,
Billed Duration for Request 01c12802-4473-4d6b-8b83-9da5b57d5439: 2088 ms
Input: 5750000,
Cold Start: false
Unique ID: 065a6e86-f3c5-4ca0-8c5c-6b0d1b28e9ee,
Billed Duration for Request 065a6e86-f3c5-4ca0-8c5c-6b0d1b28e9ee: 2073 ms
Input: 5750000,
Cold Start: false
Unique ID: 79d23022-3ccd-4c1c-b91f-ef538c18b836,
Billed Duration for Request 79d23022-3ccd-4c1c-b91f-ef538c18b836: 2147 ms
Input: 5750000,
Cold Start: false
Unique ID: 4f3da11a-3b1b-447b-8618-247b7db26a86,
Billed Duration for Request 4f3da11a-3b1b-447b-8618-247b7db26a86: 2070 ms
Input: 5750000,
Cold Start: false
Unique ID: 4fdb656d-2efa-4c0d-ad49-c8827919e44c,
Billed Duration for Request 4fdb656d-2efa-4c0d-ad49-c8827919e44c: 2127 ms
Input: 5750000,
Cold Start: false
Unique ID: 03a0011c-d695-4203-8294-33e080454da7,
Billed Duration for Request 03a0011c-d695-4203-8294-33e080454da7: 2060 ms
Input: 5750000,
Cold Start: false
Unique ID: 34bb057c-4817-4c4f-b660-46809344c24d,
Billed Duration for Request 34bb057c-4817-4c4f-b660-46809344c24d: 2122 ms
Input: 5750000,
Cold Start: false
Unique ID: 7b63649c-568b-4ebd-a1f7-a717156e180a,
Billed Duration for Request 7b63649c-568b-4ebd-a1f7-a717156e180a: 2026 ms
Input: 5750000,
Cold Start: false
Unique ID: e2368795-ad86-4b95-bd00-7cfd90371585,
Billed Duration for Request e2368795-ad86-4b95-bd00-7cfd90371585: 2169 ms
Input: 5750000,
Cold Start: false
Unique ID: 0f19d6be-cade-464d-9f57-d35f346634a8,
Billed Duration for Request 0f19d6be-cade-464d-9f57-d35f346634a8: 2128 ms
Input: 5750000,
Cold Start: false
Unique ID: 823d07e4-76ac-4cba-afbb-fe967487d05a,
Billed Duration for Request 823d07e4-76ac-4cba-afbb-fe967487d05a: 2119 ms
Input: 5750000,
Cold Start: false
Unique ID: 8eadcc1c-16c7-4966-8065-0fcbf9c26eed,
Billed Duration for Request 8eadcc1c-16c7-4966-8065-0fcbf9c26eed: 2080 ms
Input: 5750000,
Cold Start: false
Unique ID: 2dd886ec-d650-40c9-86f3-5fa747a9fee6,
Billed Duration for Request 2dd886ec-d650-40c9-86f3-5fa747a9fee6: 2122 ms
Input: 5750000,
Cold Start: false
Unique ID: 80244e32-f07e-4e73-bc6d-0ac20c840cae,
Billed Duration for Request 80244e32-f07e-4e73-bc6d-0ac20c840cae: 2065 ms
Input: 5750000,
Cold Start: false
Unique ID: 5c4cd424-6788-411c-82bd-fe259e838f84,
Billed Duration for Request 5c4cd424-6788-411c-82bd-fe259e838f84: 2098 ms
Input: 5750000,
Cold Start: false
Unique ID: 40a69261-769c-40b3-87e0-672e395efff5,
Billed Duration for Request 40a69261-769c-40b3-87e0-672e395efff5: 2125 ms
Input: 5750000,
Cold Start: false
Unique ID: 0e8855c9-8d03-4c75-a98e-1ad0674e5dcb,
Billed Duration for Request 0e8855c9-8d03-4c75-a98e-1ad0674e5dcb: 2012 ms
Input: 5750000,
Cold Start: false
Unique ID: a866cb29-dda3-46e5-b80e-b2b4dd869e17,
Billed Duration for Request a866cb29-dda3-46e5-b80e-b2b4dd869e17: 2120 ms
Input: 5750000,
Cold Start: false
Unique ID: 048d474c-62bc-419f-8014-02914ca19c59,
Billed Duration for Request 048d474c-62bc-419f-8014-02914ca19c59: 2106 ms
Input: 5750000,
Cold Start: false
Unique ID: 184323b9-7878-46bc-ab34-077a168401f5,
Billed Duration for Request 184323b9-7878-46bc-ab34-077a168401f5: 2148 ms
Input: 5750000,
Cold Start: false
Unique ID: b5dab2c7-a9dd-4f24-8ee2-5892b7954a03,
Billed Duration for Request b5dab2c7-a9dd-4f24-8ee2-5892b7954a03: 2091 ms
Input: 5750000,
Cold Start: false
Unique ID: 746b0636-4829-4572-b2f2-468bf0a72063,
Billed Duration for Request 746b0636-4829-4572-b2f2-468bf0a72063: 2058 ms
Input: 5750000,
Cold Start: false
Unique ID: ee3038a8-1c44-4d43-b309-e9379e2234f6,
Billed Duration for Request ee3038a8-1c44-4d43-b309-e9379e2234f6: 2122 ms
Input: 5750000,
Cold Start: false
Unique ID: e810e31d-f585-42c7-9bfc-819d68903905,
Billed Duration for Request e810e31d-f585-42c7-9bfc-819d68903905: 2025 ms
Input: 5750000,
Cold Start: false
Unique ID: 30490c1b-3ebe-4e2d-9eeb-6a981ebf1a2a,
Billed Duration for Request 30490c1b-3ebe-4e2d-9eeb-6a981ebf1a2a: 2031 ms
Input: 5750000,
Cold Start: false
Unique ID: cf916e76-2358-4b43-9073-da04c105b379,
Billed Duration for Request cf916e76-2358-4b43-9073-da04c105b379: 2086 ms
Input: 5750000,
Cold Start: false
Unique ID: 9ccfe53f-d398-436a-937d-df0c71f15d72,
Billed Duration for Request 9ccfe53f-d398-436a-937d-df0c71f15d72: 2113 ms
Input: 5750000,
Cold Start: false
Unique ID: 63fe5d20-7786-4df6-b014-9d002ed687d3,
Billed Duration for Request 63fe5d20-7786-4df6-b014-9d002ed687d3: 2103 ms
Input: 5750000,
Cold Start: false
Unique ID: cf28cf56-d2a3-49db-abd8-8740227ec176,
Billed Duration for Request cf28cf56-d2a3-49db-abd8-8740227ec176: 2162 ms
Input: 5750000,
Cold Start: false
Unique ID: d4467bc7-d538-4b75-b690-f7f3c73f0133,
Billed Duration for Request d4467bc7-d538-4b75-b690-f7f3c73f0133: 2133 ms
Input: 5750000,
Cold Start: false
Unique ID: d83ccd08-e8c1-42ad-b9b1-6db506c14885,
Billed Duration for Request d83ccd08-e8c1-42ad-b9b1-6db506c14885: 2100 ms
Input: 5750000,
Cold Start: false
Unique ID: c50d521d-5e08-49c0-a9c4-2034f745c400,
Billed Duration for Request c50d521d-5e08-49c0-a9c4-2034f745c400: 2091 ms
Input: 5750000,
Cold Start: false
Unique ID: a4d8d721-eb24-4806-aeb4-fa9c0f428c19,
Billed Duration for Request a4d8d721-eb24-4806-aeb4-fa9c0f428c19: 2042 ms
Input: 5750000,
Cold Start: false
