Unique ID: 2ec0915813ca7d61765f43523cb661c2,
Execution Time for Trace ID 2ec0915813ca7d61765f43523cb661c2: 358 ms
Input: 5000000,
Cold Start: false
Unique ID: 6d207644dd121cc29af47a34a7647868,
Execution Time for Trace ID 6d207644dd121cc29af47a34a7647868: 349 ms
Input: 5000000,
Cold Start: false
Unique ID: c6989e1d7342dca9131b35aa8eb575dd,
Execution Time for Trace ID c6989e1d7342dca9131b35aa8eb575dd: 421 ms
Input: 5000000,
Cold Start: false
Unique ID: db160a4b01e9562180bbc0dc3c1bb153,
Execution Time for Trace ID db160a4b01e9562180bbc0dc3c1bb153: 490 ms
Input: 5000000,
Cold Start: false
Unique ID: f2b99f1ddb29b008b4d3dd120686980a,
Execution Time for Trace ID f2b99f1ddb29b008b4d3dd120686980a: 444 ms
Input: 5000000,
Cold Start: false
Unique ID: 44ffb217421c8ea4aca7b2e3adda4f8b,
Execution Time for Trace ID 44ffb217421c8ea4aca7b2e3adda4f8b: 364 ms
Input: 5000000,
Cold Start: false
Unique ID: 5c1f2906770cb8b78ecd1b06431edbe8,
Execution Time for Trace ID 5c1f2906770cb8b78ecd1b06431edbe8: 330 ms
Input: 5000000,
Cold Start: false
Unique ID: 4ed50100417ab3320874fe8c91269157,
Execution Time for Trace ID 4ed50100417ab3320874fe8c91269157: 438 ms
Input: 5000000,
Cold Start: false
Unique ID: 3a96753d347e59f2c479aee33ad7dc2e,
Execution Time for Trace ID 3a96753d347e59f2c479aee33ad7dc2e: 438 ms
Input: 5000000,
Cold Start: false
Unique ID: 1e5277bec1077e5bf696e0a1a69bd84a,
Execution Time for Trace ID 1e5277bec1077e5bf696e0a1a69bd84a: 414 ms
Input: 5000000,
Cold Start: false
Unique ID: cd1d52fff019925edea3e99ecb1a99d4,
Execution Time for Trace ID cd1d52fff019925edea3e99ecb1a99d4: 399 ms
Input: 5000000,
Cold Start: false
Unique ID: 09e56077f2cd1a47ffbc2a75edcbcf28,
Execution Time for Trace ID 09e56077f2cd1a47ffbc2a75edcbcf28: 287 ms
Input: 5000000,
Cold Start: false
Unique ID: e65a033abb84198bca8372f745948b40,
Execution Time for Trace ID e65a033abb84198bca8372f745948b40: 350 ms
Input: 5000000,
Cold Start: false
Unique ID: a71f7ee44d210a6870a0ab03f14ca700,
Execution Time for Trace ID a71f7ee44d210a6870a0ab03f14ca700: 443 ms
Input: 5000000,
Cold Start: false
Unique ID: 91e919f1484fffeea818670b4da1e89a,
Execution Time for Trace ID 91e919f1484fffeea818670b4da1e89a: 489 ms
Input: 5000000,
Cold Start: false
Unique ID: d5a5a33986625ae94901bdeb0e97a83e,
Execution Time for Trace ID d5a5a33986625ae94901bdeb0e97a83e: 406 ms
Input: 5000000,
Cold Start: false
Unique ID: 0cb842354ace9dbc57006bfdbe822bb2,
Execution Time for Trace ID 0cb842354ace9dbc57006bfdbe822bb2: 427 ms
Input: 5000000,
Cold Start: false
Unique ID: 3e333a6c38f5e5dc2b40c02856e6c858,
Execution Time for Trace ID 3e333a6c38f5e5dc2b40c02856e6c858: 386 ms
Input: 5000000,
Cold Start: false
Unique ID: 9ffa41e78a1092a2fc353e5c9eedf8ef,
Execution Time for Trace ID 9ffa41e78a1092a2fc353e5c9eedf8ef: 362 ms
Input: 5000000,
Cold Start: false
Unique ID: 92622670be9c8e5fcd778211a9b7a480,
Execution Time for Trace ID 92622670be9c8e5fcd778211a9b7a480: 334 ms
Input: 5000000,
Cold Start: false
Unique ID: 32fa4a32d27c2d3523b9ca545307c035,
Execution Time for Trace ID 32fa4a32d27c2d3523b9ca545307c035: 392 ms
Input: 5000000,
Cold Start: false
Unique ID: 26d8f6a20eca6fa3c4506895c576014a,
Execution Time for Trace ID 26d8f6a20eca6fa3c4506895c576014a: 491 ms
Input: 5000000,
Cold Start: false
Unique ID: a1cacbd8020e61394e622af0675c3e8d,
Execution Time for Trace ID a1cacbd8020e61394e622af0675c3e8d: 465 ms
Input: 5000000,
Cold Start: false
Unique ID: b9fbc73586d9f6038ff0b0fc5941d446,
Execution Time for Trace ID b9fbc73586d9f6038ff0b0fc5941d446: 546 ms
Input: 5000000,
Cold Start: false
Unique ID: 00ed268547597e371d2af78c70e86339,
Execution Time for Trace ID 00ed268547597e371d2af78c70e86339: 518 ms
Input: 5000000,
Cold Start: false
Unique ID: 4368a37c6be2f520e2354ae84686dda2,
Execution Time for Trace ID 4368a37c6be2f520e2354ae84686dda2: 407 ms
Input: 5000000,
Cold Start: false
Unique ID: 6a8b8bf526b9117de90566ac02498bc9,
Execution Time for Trace ID 6a8b8bf526b9117de90566ac02498bc9: 375 ms
Input: 5000000,
Cold Start: false
Unique ID: 996e606cdb1d9045fec67c034d4262dc,
Execution Time for Trace ID 996e606cdb1d9045fec67c034d4262dc: 454 ms
Input: 5000000,
Cold Start: false
Unique ID: b3bd45d8ca4763968ddc88dd9da6cb78,
Execution Time for Trace ID b3bd45d8ca4763968ddc88dd9da6cb78: 533 ms
Input: 5000000,
Cold Start: false
Unique ID: 984a58d219098aac6de2217ac08b651f,
Execution Time for Trace ID 984a58d219098aac6de2217ac08b651f: 532 ms
Input: 5000000,
Cold Start: false
Unique ID: 4cd1a09f9361b9551d4741f9d5919eb7,
Execution Time for Trace ID 4cd1a09f9361b9551d4741f9d5919eb7: 340 ms
Input: 5000000,
Cold Start: false
Unique ID: 12f13187ffd0e459cbdf5bb9f7390b70,
Execution Time for Trace ID 12f13187ffd0e459cbdf5bb9f7390b70: 399 ms
Input: 5000000,
Cold Start: false
Unique ID: d4fc8eb0982be910fdbf725805eae028,
Execution Time for Trace ID d4fc8eb0982be910fdbf725805eae028: 310 ms
Input: 5000000,
Cold Start: false
Unique ID: 908036f4cfa0ce921aecdc85c77dc666,
Execution Time for Trace ID 908036f4cfa0ce921aecdc85c77dc666: 650 ms
Input: 5000000,
Cold Start: false
Unique ID: c2296ccefcb23c180587f6d30a50da97,
Execution Time for Trace ID c2296ccefcb23c180587f6d30a50da97: 581 ms
Input: 5000000,
Cold Start: false
Unique ID: 98e2aa81d9715916e4dac21f4756b2d9,
Execution Time for Trace ID 98e2aa81d9715916e4dac21f4756b2d9: 408 ms
Input: 5000000,
Cold Start: false
Unique ID: f58bc677b27e8eaec179122102503aec,
Execution Time for Trace ID f58bc677b27e8eaec179122102503aec: 361 ms
Input: 5000000,
Cold Start: false
Unique ID: 7e230cc6f1f3362e51801e5bed4d5bb1,
Execution Time for Trace ID 7e230cc6f1f3362e51801e5bed4d5bb1: 408 ms
Input: 5000000,
Cold Start: false
Unique ID: e60f131b9cf75301fa8db3f764998284,
Execution Time for Trace ID e60f131b9cf75301fa8db3f764998284: 337 ms
Input: 5000000,
Cold Start: false
Unique ID: 7fd90b761e0e60f4c2d449342a229e48,
Execution Time for Trace ID 7fd90b761e0e60f4c2d449342a229e48: 473 ms
Input: 5000000,
Cold Start: false
Unique ID: 9157c697019ea925911e44753ac27092,
Execution Time for Trace ID 9157c697019ea925911e44753ac27092: 340 ms
Input: 5000000,
Cold Start: false
Unique ID: de357857e1b2dcb17f7f536f36d325af,
Execution Time for Trace ID de357857e1b2dcb17f7f536f36d325af: 400 ms
Input: 5000000,
Cold Start: false
Unique ID: 5745fd8e681a6efd9ef6ab0a5d78dd2a,
Execution Time for Trace ID 5745fd8e681a6efd9ef6ab0a5d78dd2a: 367 ms
Input: 5000000,
Cold Start: false
Unique ID: 4defd927d90e3387b19c6c1abdc427f9,
Execution Time for Trace ID 4defd927d90e3387b19c6c1abdc427f9: 337 ms
Input: 5000000,
Cold Start: false
Unique ID: 209d7b089a04f770a30fce4f600823e5,
Execution Time for Trace ID 209d7b089a04f770a30fce4f600823e5: 439 ms
Input: 5000000,
Cold Start: false
Unique ID: 4872c2a545210eabd53f71a77579fbe9,
Execution Time for Trace ID 4872c2a545210eabd53f71a77579fbe9: 406 ms
Input: 5000000,
Cold Start: false
Unique ID: 21dcc78af7e219a32598efcac3c50741,
Execution Time for Trace ID 21dcc78af7e219a32598efcac3c50741: 465 ms
Input: 5000000,
Cold Start: false
Unique ID: c17af2b0c3114cdf323935befd096a96,
Execution Time for Trace ID c17af2b0c3114cdf323935befd096a96: 522 ms
Input: 5000000,
Cold Start: false
Unique ID: 981f66c9b1759302b738fad436dbab85,
Execution Time for Trace ID 981f66c9b1759302b738fad436dbab85: 486 ms
Input: 5000000,
Cold Start: false
Unique ID: c1c8305462b0660d1f9bfb47063f5f95,
Execution Time for Trace ID c1c8305462b0660d1f9bfb47063f5f95: 452 ms
Input: 5000000,
Cold Start: false
Unique ID: 895870d20e3571b25de5b7cce5eee051,
Execution Time for Trace ID 895870d20e3571b25de5b7cce5eee051: 402 ms
Input: 5000000,
Cold Start: false
Unique ID: 33b851737bce4ea1acf55e9c9bbbbfba,
Execution Time for Trace ID 33b851737bce4ea1acf55e9c9bbbbfba: 381 ms
Input: 5000000,
Cold Start: false
Unique ID: 42c03f116238e7a6b24559071acba326,
Execution Time for Trace ID 42c03f116238e7a6b24559071acba326: 527 ms
Input: 5000000,
Cold Start: false
Unique ID: 6c25cc5777a4a5d1f2d1a472b81f1742,
Execution Time for Trace ID 6c25cc5777a4a5d1f2d1a472b81f1742: 607 ms
Input: 5000000,
Cold Start: true
Unique ID: 6c89b110fcd496033572d52926d78241,
Execution Time for Trace ID 6c89b110fcd496033572d52926d78241: 474 ms
Input: 5000000,
Cold Start: false
Unique ID: f794616d05c82a8f2e7d6b35d4158a48,
Execution Time for Trace ID f794616d05c82a8f2e7d6b35d4158a48: 405 ms
Input: 5000000,
Cold Start: false
Unique ID: 785581ae3b12c47f1010bfd43c2c712e,
Execution Time for Trace ID 785581ae3b12c47f1010bfd43c2c712e: 339 ms
Input: 5000000,
Cold Start: false
Unique ID: bee4b056e256d29b297827b04b8225fc,
Execution Time for Trace ID bee4b056e256d29b297827b04b8225fc: 487 ms
Input: 5000000,
Cold Start: false
Unique ID: 77e90c51ce4ca36b4b39e9029be0d9b5,
Execution Time for Trace ID 77e90c51ce4ca36b4b39e9029be0d9b5: 456 ms
Input: 5000000,
Cold Start: false
Unique ID: a06b44bfeaeb6d88b8b91b6537348b7c,
Execution Time for Trace ID a06b44bfeaeb6d88b8b91b6537348b7c: 350 ms
Input: 5000000,
Cold Start: false
Unique ID: ddde7a330eefa21c81ca100a36265017,
Execution Time for Trace ID ddde7a330eefa21c81ca100a36265017: 292 ms
Input: 5000000,
Cold Start: false
Unique ID: fc81cc7b3a3cdeee80fcb017eb13973b,
Execution Time for Trace ID fc81cc7b3a3cdeee80fcb017eb13973b: 407 ms
Input: 5000000,
Cold Start: false
Unique ID: 6448d6cbf290297e4def09beb98d4bb1,
Execution Time for Trace ID 6448d6cbf290297e4def09beb98d4bb1: 360 ms
Input: 5000000,
Cold Start: false
Unique ID: e7b7dd37f26153528e2cfd32f55713ff,
Execution Time for Trace ID e7b7dd37f26153528e2cfd32f55713ff: 342 ms
Input: 5000000,
Cold Start: false
Unique ID: d96e990265fafbf68474088013f30f3f,
Execution Time for Trace ID d96e990265fafbf68474088013f30f3f: 405 ms
Input: 5000000,
Cold Start: false
Unique ID: 4814e119c301e26031e5c275b13b279c,
Execution Time for Trace ID 4814e119c301e26031e5c275b13b279c: 404 ms
Input: 5000000,
Cold Start: false
Unique ID: 22458d7557b33957a6daee47bbf5b0c4,
Execution Time for Trace ID 22458d7557b33957a6daee47bbf5b0c4: 330 ms
Input: 5000000,
Cold Start: false
Unique ID: a4fba2fd316c25bf77777bf8914f2147,
Execution Time for Trace ID a4fba2fd316c25bf77777bf8914f2147: 402 ms
Input: 5000000,
Cold Start: false
Unique ID: 9bdfdb4a0235fdc4778f69c7c4e952dd,
Execution Time for Trace ID 9bdfdb4a0235fdc4778f69c7c4e952dd: 349 ms
Input: 5000000,
Cold Start: false
Unique ID: c77fb40fbaa55ba2b4be7089d0df9df6,
Execution Time for Trace ID c77fb40fbaa55ba2b4be7089d0df9df6: 402 ms
Input: 5000000,
Cold Start: false
Unique ID: f3845d10d887db9e98e6bf598c28aff3,
Execution Time for Trace ID f3845d10d887db9e98e6bf598c28aff3: 342 ms
Input: 5000000,
Cold Start: false
Unique ID: 765c6d00744e9bc073dcc5ce2ae3f3c7,
Execution Time for Trace ID 765c6d00744e9bc073dcc5ce2ae3f3c7: 376 ms
Input: 5000000,
Cold Start: false
Unique ID: 5622587ed5894a0fac588a6d8bf09838,
Execution Time for Trace ID 5622587ed5894a0fac588a6d8bf09838: 366 ms
Input: 5000000,
Cold Start: false
Unique ID: 432ae4174d81e2f29fc1635663fda52c,
Execution Time for Trace ID 432ae4174d81e2f29fc1635663fda52c: 298 ms
Input: 5000000,
Cold Start: false
Unique ID: 5018c011fc5bea23790573ec1bfc21ce,
Execution Time for Trace ID 5018c011fc5bea23790573ec1bfc21ce: 419 ms
Input: 5000000,
Cold Start: false
Unique ID: b4afe8aaecb0515d3ea60ac1bb892a34,
Execution Time for Trace ID b4afe8aaecb0515d3ea60ac1bb892a34: 292 ms
Input: 5000000,
Cold Start: false
Unique ID: eb0d5237373e4c7feceb4e654f2748fc,
Execution Time for Trace ID eb0d5237373e4c7feceb4e654f2748fc: 405 ms
Input: 5000000,
Cold Start: false
Unique ID: 6df38725f2b2164e03f9f120dfb428ba,
Execution Time for Trace ID 6df38725f2b2164e03f9f120dfb428ba: 358 ms
Input: 5000000,
Cold Start: false
Unique ID: eab1ee98ae8d600a645a9fac34b12743,
Execution Time for Trace ID eab1ee98ae8d600a645a9fac34b12743: 365 ms
Input: 5000000,
Cold Start: false
Unique ID: b6af4759b211d8ca6d41f54a011cf6a9,
Execution Time for Trace ID b6af4759b211d8ca6d41f54a011cf6a9: 420 ms
Input: 5000000,
Cold Start: false
Unique ID: 84e4f7141fb50716ca8c2779854c6f35,
Execution Time for Trace ID 84e4f7141fb50716ca8c2779854c6f35: 294 ms
Input: 5000000,
Cold Start: false
Unique ID: b63096cca9f2849489483151116de5ea,
Execution Time for Trace ID b63096cca9f2849489483151116de5ea: 402 ms
Input: 5000000,
Cold Start: false
Unique ID: a8504b59aa625983d7621a48631d466b,
Execution Time for Trace ID a8504b59aa625983d7621a48631d466b: 358 ms
Input: 5000000,
Cold Start: false
Unique ID: 035c7bca8458dfed9601e731fcc9919b,
Execution Time for Trace ID 035c7bca8458dfed9601e731fcc9919b: 363 ms
Input: 5000000,
Cold Start: false
Unique ID: cb057fdd96310e35486b8e7ccff5c489,
Execution Time for Trace ID cb057fdd96310e35486b8e7ccff5c489: 341 ms
Input: 5000000,
Cold Start: false
Unique ID: 5e01a54a5bf5d0b7ea0a9216421c332a,
Execution Time for Trace ID 5e01a54a5bf5d0b7ea0a9216421c332a: 406 ms
Input: 5000000,
Cold Start: false
Unique ID: 84c98b6d04909701e7af0fac64b1704f,
Execution Time for Trace ID 84c98b6d04909701e7af0fac64b1704f: 401 ms
Input: 5000000,
Cold Start: false
Unique ID: 9613512fa5bcc886bf262eb19de90312,
Execution Time for Trace ID 9613512fa5bcc886bf262eb19de90312: 350 ms
Input: 5000000,
Cold Start: false
Unique ID: dce81cbb09d3fc07aadd10ff775396e9,
Execution Time for Trace ID dce81cbb09d3fc07aadd10ff775396e9: 405 ms
Input: 5000000,
Cold Start: false
Unique ID: 381db29ec94858d2bf3e83df16b65e72,
Execution Time for Trace ID 381db29ec94858d2bf3e83df16b65e72: 419 ms
Input: 5000000,
Cold Start: false
Unique ID: 4607624d451fbc4d22c6855edd062486,
Execution Time for Trace ID 4607624d451fbc4d22c6855edd062486: 351 ms
Input: 5000000,
Cold Start: false
Unique ID: 7429938cfc598486fd92fd1518505d27,
Execution Time for Trace ID 7429938cfc598486fd92fd1518505d27: 405 ms
Input: 5000000,
Cold Start: false
Unique ID: 2075935edd2aca845724c9238222f781,
Execution Time for Trace ID 2075935edd2aca845724c9238222f781: 328 ms
Input: 5000000,
Cold Start: false
Unique ID: 3e4a07e1d4db0f8b0f8c0e5ec199e9bd,
Execution Time for Trace ID 3e4a07e1d4db0f8b0f8c0e5ec199e9bd: 292 ms
Input: 5000000,
Cold Start: false
Unique ID: 7d40c264e74af3b599f18dbe21ce8625,
Execution Time for Trace ID 7d40c264e74af3b599f18dbe21ce8625: 337 ms
Input: 5000000,
Cold Start: false
Unique ID: 49202d5a550d9ee4d407c7fd3ba18d8b,
Execution Time for Trace ID 49202d5a550d9ee4d407c7fd3ba18d8b: 410 ms
Input: 5000000,
Cold Start: false
Unique ID: d411dee48f6152800c25878fa8ef1355,
Execution Time for Trace ID d411dee48f6152800c25878fa8ef1355: 371 ms
Input: 5000000,
Cold Start: false
Unique ID: 0bc2938e102a7211a77d1443d239f54d,
Execution Time for Trace ID 0bc2938e102a7211a77d1443d239f54d: 426 ms
Input: 5000000,
Cold Start: false
Unique ID: dabf942fb14df2424c1744f4527b6e7f,
Execution Time for Trace ID dabf942fb14df2424c1744f4527b6e7f: 343 ms
Input: 5000000,
Cold Start: false
Unique ID: 11e078b77df122eb18bb2c69e17e9514,
Execution Time for Trace ID 11e078b77df122eb18bb2c69e17e9514: 453 ms
Input: 5000000,
Cold Start: false
Unique ID: 3eedc6aa47711ec52163f7d39f19ada2,
Execution Time for Trace ID 3eedc6aa47711ec52163f7d39f19ada2: 408 ms
Input: 5000000,
Cold Start: false
Unique ID: 79cd410c648b6f0d9e6fefdeb8750e73,
Execution Time for Trace ID 79cd410c648b6f0d9e6fefdeb8750e73: 392 ms
Input: 5000000,
Cold Start: false
Unique ID: fac78ac2d6b42c853fce2fa0af334e06,
Execution Time for Trace ID fac78ac2d6b42c853fce2fa0af334e06: 349 ms
Input: 5000000,
Cold Start: false
Unique ID: cb502144de305c43390cb49462a45297,
Execution Time for Trace ID cb502144de305c43390cb49462a45297: 351 ms
Input: 5000000,
Cold Start: false
Unique ID: 9ce32f252674bad612c3d77484c8d27e,
Execution Time for Trace ID 9ce32f252674bad612c3d77484c8d27e: 395 ms
Input: 5000000,
Cold Start: false
Unique ID: 03a3e7a3d3b1079f61ff6020d31b2e6f,
Execution Time for Trace ID 03a3e7a3d3b1079f61ff6020d31b2e6f: 409 ms
Input: 5000000,
Cold Start: false
Unique ID: b80cf8623e206f1009edcff36b76c1e1,
Execution Time for Trace ID b80cf8623e206f1009edcff36b76c1e1: 326 ms
Input: 5000000,
Cold Start: false
Unique ID: 327d1107c8096e855d0a361b99b12d2a,
Execution Time for Trace ID 327d1107c8096e855d0a361b99b12d2a: 291 ms
Input: 5000000,
Cold Start: false
Unique ID: 712756c326e6387e0d9dfa296e520e5c,
Execution Time for Trace ID 712756c326e6387e0d9dfa296e520e5c: 409 ms
Input: 5000000,
Cold Start: false
Unique ID: dd2f597da79c8084d182f75bbe8a08e0,
Execution Time for Trace ID dd2f597da79c8084d182f75bbe8a08e0: 331 ms
Input: 5000000,
Cold Start: false
Unique ID: 2d0b2330e53b5681d4af6e6307c36ed4,
Execution Time for Trace ID 2d0b2330e53b5681d4af6e6307c36ed4: 408 ms
Input: 5000000,
Cold Start: false
Unique ID: cfdaebba36b63234c51999dea3336d73,
Execution Time for Trace ID cfdaebba36b63234c51999dea3336d73: 401 ms
Input: 5000000,
Cold Start: false
Unique ID: 36e8c59785788b629577afce2c36d379,
Execution Time for Trace ID 36e8c59785788b629577afce2c36d379: 406 ms
Input: 5000000,
Cold Start: false
Unique ID: afd1646a749bd7d5a5d39a0ecc4e4166,
Execution Time for Trace ID afd1646a749bd7d5a5d39a0ecc4e4166: 357 ms
Input: 5000000,
Cold Start: false
Unique ID: ab5560d1a5e4949e687abf5ef1241df1,
Execution Time for Trace ID ab5560d1a5e4949e687abf5ef1241df1: 356 ms
Input: 5000000,
Cold Start: false
Unique ID: f2bdf7d42b7710391d8c733ec47672fe,
Execution Time for Trace ID f2bdf7d42b7710391d8c733ec47672fe: 413 ms
Input: 5000000,
Cold Start: false
Unique ID: 4138d2c36fb3e021ee9a2f10e01bffd3,
Execution Time for Trace ID 4138d2c36fb3e021ee9a2f10e01bffd3: 331 ms
Input: 5000000,
Cold Start: false
Unique ID: 88056aefc0684f16d2225b24c106c418,
Execution Time for Trace ID 88056aefc0684f16d2225b24c106c418: 290 ms
Input: 5000000,
Cold Start: false
Unique ID: 8639de7fb6bb48aff3ffcce5da0a174f,
Execution Time for Trace ID 8639de7fb6bb48aff3ffcce5da0a174f: 410 ms
Input: 5000000,
Cold Start: false
Unique ID: e771589553068b2da285f01719515c14,
Execution Time for Trace ID e771589553068b2da285f01719515c14: 376 ms
Input: 5000000,
Cold Start: false
Unique ID: 81a3d1c072b9162a240e565aeed6c1a1,
Execution Time for Trace ID 81a3d1c072b9162a240e565aeed6c1a1: 292 ms
Input: 5000000,
Cold Start: false
Unique ID: ead49390f0e62cba9d39c48baf1d22bd,
Execution Time for Trace ID ead49390f0e62cba9d39c48baf1d22bd: 404 ms
Input: 5000000,
Cold Start: false
Unique ID: ce29354a3bd313e8a1283142ad303233,
Execution Time for Trace ID ce29354a3bd313e8a1283142ad303233: 355 ms
Input: 5000000,
Cold Start: false
Unique ID: f9f697501704b820aae1561c5d11e402,
Execution Time for Trace ID f9f697501704b820aae1561c5d11e402: 367 ms
Input: 5000000,
Cold Start: false
Unique ID: 949e3872bcea463ccd87d7c920448eb5,
Execution Time for Trace ID 949e3872bcea463ccd87d7c920448eb5: 361 ms
Input: 5000000,
Cold Start: false
Unique ID: 30d2007d28afced70293becefbdaa7c1,
Execution Time for Trace ID 30d2007d28afced70293becefbdaa7c1: 400 ms
Input: 5000000,
Cold Start: false
Unique ID: e7d42ada507c3946e97670a9d155789e,
Execution Time for Trace ID e7d42ada507c3946e97670a9d155789e: 333 ms
Input: 5000000,
Cold Start: false
Unique ID: 9574beef46e5ac45a432336e9c822036,
Execution Time for Trace ID 9574beef46e5ac45a432336e9c822036: 407 ms
Input: 5000000,
Cold Start: false
Unique ID: d046121ce79e70e79d932f07cd5c224d,
Execution Time for Trace ID d046121ce79e70e79d932f07cd5c224d: 308 ms
Input: 5000000,
Cold Start: false
Unique ID: 355ca2761af01de4b1f51fbb2a36a9f4,
Execution Time for Trace ID 355ca2761af01de4b1f51fbb2a36a9f4: 326 ms
Input: 5000000,
Cold Start: false
Unique ID: c3cb1a75f976f7b064bed93aff0d4d08,
Execution Time for Trace ID c3cb1a75f976f7b064bed93aff0d4d08: 406 ms
Input: 5000000,
Cold Start: false
Unique ID: 8c047391a6f5ad4ebea3d9da1f352ae7,
Execution Time for Trace ID 8c047391a6f5ad4ebea3d9da1f352ae7: 384 ms
Input: 5000000,
Cold Start: false
Unique ID: 1a6250da9e8353e91868037efb845c60,
Execution Time for Trace ID 1a6250da9e8353e91868037efb845c60: 340 ms
Input: 5000000,
Cold Start: false
Unique ID: 105206ae47eaeb226b405e0d36f66485,
Execution Time for Trace ID 105206ae47eaeb226b405e0d36f66485: 476 ms
Input: 5000000,
Cold Start: true
Unique ID: a905f0381145717c097ca4a8635801a6,
Execution Time for Trace ID a905f0381145717c097ca4a8635801a6: 397 ms
Input: 5000000,
Cold Start: false
Unique ID: 4528e87dc3d240c2a87df156f91e78c0,
Execution Time for Trace ID 4528e87dc3d240c2a87df156f91e78c0: 407 ms
Input: 5000000,
Cold Start: false
Unique ID: 090532b2018ed0c2f4b019e82597a6d8,
Execution Time for Trace ID 090532b2018ed0c2f4b019e82597a6d8: 341 ms
Input: 5000000,
Cold Start: false
Unique ID: 614dba496c1ad3aaedacd319396ac30c,
Execution Time for Trace ID 614dba496c1ad3aaedacd319396ac30c: 412 ms
Input: 5000000,
Cold Start: false
Unique ID: c256396b10c69f1f537771070fa00add,
Execution Time for Trace ID c256396b10c69f1f537771070fa00add: 410 ms
Input: 5000000,
Cold Start: false
Unique ID: be1dd50c676544be92c212b132680ef5,
Execution Time for Trace ID be1dd50c676544be92c212b132680ef5: 373 ms
Input: 5000000,
Cold Start: false
Unique ID: 7ff754ae14e6ae13a6e31d733b407b42,
Execution Time for Trace ID 7ff754ae14e6ae13a6e31d733b407b42: 289 ms
Input: 5000000,
Cold Start: false
Unique ID: bd6888e8c9047d26ed14bc273f4534a9,
Execution Time for Trace ID bd6888e8c9047d26ed14bc273f4534a9: 406 ms
Input: 5000000,
Cold Start: false
Unique ID: ad927f57e602b6269d4683d160d37e1f,
Execution Time for Trace ID ad927f57e602b6269d4683d160d37e1f: 342 ms
Input: 5000000,
Cold Start: false
Unique ID: d6945c6dc1565d4942cf551eaa6abe57,
Execution Time for Trace ID d6945c6dc1565d4942cf551eaa6abe57: 387 ms
Input: 5000000,
Cold Start: false
Unique ID: 04623a79748482f00b0dc0446556b532,
Execution Time for Trace ID 04623a79748482f00b0dc0446556b532: 358 ms
Input: 5000000,
Cold Start: false
Unique ID: 00e5a961c23ea3c4fa1da11755deb45c,
Execution Time for Trace ID 00e5a961c23ea3c4fa1da11755deb45c: 406 ms
Input: 5000000,
Cold Start: false
Unique ID: 4813ce17bbb4e06fc9a50bcc8dbd8786,
Execution Time for Trace ID 4813ce17bbb4e06fc9a50bcc8dbd8786: 328 ms
Input: 5000000,
Cold Start: false
Unique ID: 5c8982a2bd38fcdf9f9a3664ea2e32a6,
Execution Time for Trace ID 5c8982a2bd38fcdf9f9a3664ea2e32a6: 409 ms
Input: 5000000,
Cold Start: false
Unique ID: f9fc7ae8eb1564b7d34c490bfcd90e3b,
Execution Time for Trace ID f9fc7ae8eb1564b7d34c490bfcd90e3b: 340 ms
Input: 5000000,
Cold Start: false
Unique ID: c125670f5f57739b8f149645c3897a56,
Execution Time for Trace ID c125670f5f57739b8f149645c3897a56: 424 ms
Input: 5000000,
Cold Start: false
Unique ID: 29ee92d16e6be393f7528cdc3087cd50,
Execution Time for Trace ID 29ee92d16e6be393f7528cdc3087cd50: 409 ms
Input: 5000000,
Cold Start: false
Unique ID: 3dc7dc441524abfd89ab278c022bce1a,
Execution Time for Trace ID 3dc7dc441524abfd89ab278c022bce1a: 383 ms
Input: 5000000,
Cold Start: false
Unique ID: 3fe73993f99258864b57889db063f23e,
Execution Time for Trace ID 3fe73993f99258864b57889db063f23e: 352 ms
Input: 5000000,
Cold Start: false
Unique ID: db94de143eeb77b80f222f9c81df126e,
Execution Time for Trace ID db94de143eeb77b80f222f9c81df126e: 342 ms
Input: 5000000,
Cold Start: false
Unique ID: f961b35a1737c77d0a8c7028f056d7fd,
Execution Time for Trace ID f961b35a1737c77d0a8c7028f056d7fd: 414 ms
Input: 5000000,
Cold Start: false
Unique ID: e370c469b05fa3ff8b1fb620e9a93e4a,
Execution Time for Trace ID e370c469b05fa3ff8b1fb620e9a93e4a: 290 ms
Input: 5000000,
Cold Start: false
Unique ID: 623362f82e57b70fd2e7b24bc47346ac,
Execution Time for Trace ID 623362f82e57b70fd2e7b24bc47346ac: 402 ms
Input: 5000000,
Cold Start: false
Unique ID: 236c6f262fc81a9dea0417951b0cf59e,
Execution Time for Trace ID 236c6f262fc81a9dea0417951b0cf59e: 351 ms
Input: 5000000,
Cold Start: false
Unique ID: 6c58753dadc2d863327cdb920a56ea10,
Execution Time for Trace ID 6c58753dadc2d863327cdb920a56ea10: 384 ms
Input: 5000000,
Cold Start: false
Unique ID: 7749f46c18f4c3533ea7494eefa4a248,
Execution Time for Trace ID 7749f46c18f4c3533ea7494eefa4a248: 353 ms
Input: 5000000,
Cold Start: false
Unique ID: c68f05eed008e2f7cad49e7d6be31962,
Execution Time for Trace ID c68f05eed008e2f7cad49e7d6be31962: 404 ms
Input: 5000000,
Cold Start: false
Unique ID: 542b6f76964d706ad2f9aa902f6d1179,
Execution Time for Trace ID 542b6f76964d706ad2f9aa902f6d1179: 440 ms
Input: 5000000,
Cold Start: false
Unique ID: 8ad6250d1986c29f96fdd99e714c4878,
Execution Time for Trace ID 8ad6250d1986c29f96fdd99e714c4878: 389 ms
Input: 5000000,
Cold Start: false
Unique ID: 4c9675ab4df054c9a5ef2456c3f6f163,
Execution Time for Trace ID 4c9675ab4df054c9a5ef2456c3f6f163: 340 ms
Input: 5000000,
Cold Start: false
Unique ID: 953eb37a327b7b3cea23f3310be0d5a6,
Execution Time for Trace ID 953eb37a327b7b3cea23f3310be0d5a6: 354 ms
Input: 5000000,
Cold Start: false
Unique ID: 44ea82232881d38c353d7aebfd0471db,
Execution Time for Trace ID 44ea82232881d38c353d7aebfd0471db: 329 ms
Input: 5000000,
Cold Start: false
Unique ID: f8efe6d844db66af0013a86cbfb91ec9,
Execution Time for Trace ID f8efe6d844db66af0013a86cbfb91ec9: 354 ms
Input: 5000000,
Cold Start: false
Unique ID: e69e579e8c7a72179debe22a2d0c49e7,
Execution Time for Trace ID e69e579e8c7a72179debe22a2d0c49e7: 369 ms
Input: 5000000,
Cold Start: false
Unique ID: 125009e54fbb30ec75dab8b8ed85482e,
Execution Time for Trace ID 125009e54fbb30ec75dab8b8ed85482e: 339 ms
Input: 5000000,
Cold Start: false
Unique ID: 4c73137788f6d2dc995b0ec3830bf277,
Execution Time for Trace ID 4c73137788f6d2dc995b0ec3830bf277: 403 ms
Input: 5000000,
Cold Start: false
Unique ID: 27caef57872f6cd8a01529d96aabe416,
Execution Time for Trace ID 27caef57872f6cd8a01529d96aabe416: 328 ms
Input: 5000000,
Cold Start: false
Unique ID: fbe987f3f41ddf35416bb70a4c612374,
Execution Time for Trace ID fbe987f3f41ddf35416bb70a4c612374: 361 ms
Input: 5000000,
Cold Start: false
Unique ID: 666752e822a1987fb8cb56d8cf08b78f,
Execution Time for Trace ID 666752e822a1987fb8cb56d8cf08b78f: 371 ms
Input: 5000000,
Cold Start: false
Unique ID: f29f28275ff9c0289f3660bc6028e3bc,
Execution Time for Trace ID f29f28275ff9c0289f3660bc6028e3bc: 345 ms
Input: 5000000,
Cold Start: false
Unique ID: 7fcf717fa57f9ba37fc6b22623a6d759,
Execution Time for Trace ID 7fcf717fa57f9ba37fc6b22623a6d759: 408 ms
Input: 5000000,
Cold Start: false
Unique ID: 50c433626855a600a19d02a84819875e,
Execution Time for Trace ID 50c433626855a600a19d02a84819875e: 291 ms
Input: 5000000,
Cold Start: false
Unique ID: a42ff9b2becb572f021811c87f66f59d,
Execution Time for Trace ID a42ff9b2becb572f021811c87f66f59d: 403 ms
Input: 5000000,
Cold Start: false
Unique ID: 1ffa933b60131d9a4dcc475f4c5cd3f5,
Execution Time for Trace ID 1ffa933b60131d9a4dcc475f4c5cd3f5: 353 ms
Input: 5000000,
Cold Start: false
Unique ID: 84d5a307e05a4bddf6daadb0a58de817,
Execution Time for Trace ID 84d5a307e05a4bddf6daadb0a58de817: 341 ms
Input: 5000000,
Cold Start: false
Unique ID: 775433c1c2c8267b15f41651a8f26f16,
Execution Time for Trace ID 775433c1c2c8267b15f41651a8f26f16: 403 ms
Input: 5000000,
Cold Start: false
Unique ID: 6ad071ab8afaab76f27738b1384a1c8c,
Execution Time for Trace ID 6ad071ab8afaab76f27738b1384a1c8c: 331 ms
Input: 5000000,
Cold Start: false
Unique ID: 6b4f1f13566dcbb887ea3edbaec66ac1,
Execution Time for Trace ID 6b4f1f13566dcbb887ea3edbaec66ac1: 357 ms
Input: 5000000,
Cold Start: false
Unique ID: d52e682a82e86beaf1205fd9735d3464,
Execution Time for Trace ID d52e682a82e86beaf1205fd9735d3464: 340 ms
Input: 5000000,
Cold Start: false
Unique ID: efb44d671a4a6fd27a4f8be00d0df6e2,
Execution Time for Trace ID efb44d671a4a6fd27a4f8be00d0df6e2: 370 ms
Input: 5000000,
Cold Start: false
Unique ID: f28fd451c98bbf13b3d4e076b17d2bd9,
Execution Time for Trace ID f28fd451c98bbf13b3d4e076b17d2bd9: 357 ms
Input: 5000000,
Cold Start: false
Unique ID: 512137327240c07b997d34032a55f0b6,
Execution Time for Trace ID 512137327240c07b997d34032a55f0b6: 326 ms
Input: 5000000,
Cold Start: false
Unique ID: 11c0725b15cb124dcddf510677a8b145,
Execution Time for Trace ID 11c0725b15cb124dcddf510677a8b145: 357 ms
Input: 5000000,
Cold Start: false
Unique ID: cf2331877b929f6ee91cbfa2b7055fdf,
Execution Time for Trace ID cf2331877b929f6ee91cbfa2b7055fdf: 338 ms
Input: 5000000,
Cold Start: false
Unique ID: bc1b63bcb121bc874906d09605b5b8e4,
Execution Time for Trace ID bc1b63bcb121bc874906d09605b5b8e4: 311 ms
Input: 5000000,
Cold Start: false
Unique ID: 84852bb92e6d4ee5f3a73c4811734f6a,
Execution Time for Trace ID 84852bb92e6d4ee5f3a73c4811734f6a: 351 ms
Input: 5000000,
Cold Start: false
Unique ID: 24134eafba57a0276de8664b0c83fda0,
Execution Time for Trace ID 24134eafba57a0276de8664b0c83fda0: 296 ms
Input: 5000000,
Cold Start: false
Unique ID: 54bda3c40ecba23b911bdda090596dce,
Execution Time for Trace ID 54bda3c40ecba23b911bdda090596dce: 405 ms
Input: 5000000,
Cold Start: false
Unique ID: 24cccadbc7eefce810ff2affcb06b71f,
Execution Time for Trace ID 24cccadbc7eefce810ff2affcb06b71f: 356 ms
Input: 5000000,
Cold Start: false
Unique ID: 84ee4ce132ca2a41dd063bf8bff32a2c,
Execution Time for Trace ID 84ee4ce132ca2a41dd063bf8bff32a2c: 402 ms
Input: 5000000,
Cold Start: false
Unique ID: 9bf5e829704c37484603ac8030c3af97,
Execution Time for Trace ID 9bf5e829704c37484603ac8030c3af97: 354 ms
Input: 5000000,
Cold Start: false
Unique ID: fd4ed5dc0f1ab05933686cd6c9b76483,
Execution Time for Trace ID fd4ed5dc0f1ab05933686cd6c9b76483: 295 ms
Input: 5000000,
Cold Start: false
Unique ID: a69dd2808273c670362546a871892353,
Execution Time for Trace ID a69dd2808273c670362546a871892353: 407 ms
Input: 5000000,
Cold Start: false
Unique ID: 9aac2e88904c0286c4f0e58878093bc1,
Execution Time for Trace ID 9aac2e88904c0286c4f0e58878093bc1: 358 ms
Input: 5000000,
Cold Start: false
Unique ID: f3ff43f81313a3b69eb3aaec8f927927,
Execution Time for Trace ID f3ff43f81313a3b69eb3aaec8f927927: 374 ms
Input: 5000000,
Cold Start: false
Unique ID: bce497f01b1afd9eb46c2287787ab5e3,
Execution Time for Trace ID bce497f01b1afd9eb46c2287787ab5e3: 353 ms
Input: 5000000,
Cold Start: false
Unique ID: 49973b967ff07ff3aa05121596521ac5,
Execution Time for Trace ID 49973b967ff07ff3aa05121596521ac5: 328 ms
Input: 5000000,
Cold Start: false
Unique ID: 031842e747e736a42404ce6ac40d1f3e,
Execution Time for Trace ID 031842e747e736a42404ce6ac40d1f3e: 363 ms
Input: 5000000,
Cold Start: false
Unique ID: 8e8af89dfb2b722b4a4a56e6113b1972,
Execution Time for Trace ID 8e8af89dfb2b722b4a4a56e6113b1972: 367 ms
Input: 5000000,
Cold Start: false
Unique ID: c63bb6573fa9d38362ca745562cd457f,
Execution Time for Trace ID c63bb6573fa9d38362ca745562cd457f: 339 ms
Input: 5000000,
Cold Start: false
Unique ID: 41e4ea5a16d1aecff0aa0b2f60da0cab,
Execution Time for Trace ID 41e4ea5a16d1aecff0aa0b2f60da0cab: 395 ms
Input: 5000000,
Cold Start: false
Unique ID: bc0a6e474d10ca788621f09b67987554,
Execution Time for Trace ID bc0a6e474d10ca788621f09b67987554: 328 ms
Input: 5000000,
Cold Start: false
Unique ID: e2dbeeda7d1172e877c85e404b6b9b2a,
Execution Time for Trace ID e2dbeeda7d1172e877c85e404b6b9b2a: 359 ms
Input: 5000000,
Cold Start: false
Unique ID: dca64345822d391624372fb3b8e27a69,
Execution Time for Trace ID dca64345822d391624372fb3b8e27a69: 367 ms
Input: 5000000,
Cold Start: false
Unique ID: a70352f342adf0a5ab3fe37666e0766e,
Execution Time for Trace ID a70352f342adf0a5ab3fe37666e0766e: 339 ms
Input: 5000000,
Cold Start: false
Unique ID: 890c1209c9965f0614882caf94e4318b,
Execution Time for Trace ID 890c1209c9965f0614882caf94e4318b: 411 ms
Input: 5000000,
Cold Start: false
Unique ID: 0d7d729008456b8f2220a5da67749289,
Execution Time for Trace ID 0d7d729008456b8f2220a5da67749289: 333 ms
Input: 5000000,
Cold Start: false
Unique ID: 8d725494a30d225b69c950872e771f33,
Execution Time for Trace ID 8d725494a30d225b69c950872e771f33: 357 ms
Input: 5000000,
Cold Start: false
Unique ID: cd36606d1014dafc76de2478b4481380,
Execution Time for Trace ID cd36606d1014dafc76de2478b4481380: 334 ms
Input: 5000000,
Cold Start: false
Unique ID: 7ce1ffff79f123ea8b468a252f05f80c,
Execution Time for Trace ID 7ce1ffff79f123ea8b468a252f05f80c: 403 ms
Input: 5000000,
Cold Start: false
Unique ID: 1a17c5a908f6d159b4541b5d45e291ed,
Execution Time for Trace ID 1a17c5a908f6d159b4541b5d45e291ed: 353 ms
Input: 5000000,
Cold Start: false
Unique ID: be9666b28fd08a06b42cd6d943f6331e,
Execution Time for Trace ID be9666b28fd08a06b42cd6d943f6331e: 340 ms
Input: 5000000,
Cold Start: false
Unique ID: faacfa16164928a0df949722dbca3eff,
Execution Time for Trace ID faacfa16164928a0df949722dbca3eff: 300 ms
Input: 5000000,
Cold Start: false
Unique ID: aa2bfe62521212b2f539e2cef2edd590,
Execution Time for Trace ID aa2bfe62521212b2f539e2cef2edd590: 363 ms
Input: 5000000,
Cold Start: false
Unique ID: aad1e04db85f0423bd9b36b5eeed9fb5,
Execution Time for Trace ID aad1e04db85f0423bd9b36b5eeed9fb5: 366 ms
Input: 5000000,
Cold Start: false
Unique ID: 8cfacc4f051fb371213d037cc412c6e2,
Execution Time for Trace ID 8cfacc4f051fb371213d037cc412c6e2: 362 ms
Input: 5000000,
Cold Start: false
Unique ID: ff2fe5dbf8dbb620ce9455319d9d8216,
Execution Time for Trace ID ff2fe5dbf8dbb620ce9455319d9d8216: 298 ms
Input: 5000000,
Cold Start: false
Unique ID: f1eed0878d54eab8b5c5bdfc9244b9f2,
Execution Time for Trace ID f1eed0878d54eab8b5c5bdfc9244b9f2: 408 ms
Input: 5000000,
Cold Start: false
Unique ID: 4c14e9224a17cb6c57cc1f55ab3f725e,
Execution Time for Trace ID 4c14e9224a17cb6c57cc1f55ab3f725e: 335 ms
Input: 5000000,
Cold Start: false
Unique ID: ed66f0a749eee61629ac5aa29ada80c0,
Execution Time for Trace ID ed66f0a749eee61629ac5aa29ada80c0: 375 ms
Input: 5000000,
Cold Start: false
Unique ID: 7faf7154313410e417ecffc255b116bf,
Execution Time for Trace ID 7faf7154313410e417ecffc255b116bf: 359 ms
Input: 5000000,
Cold Start: false
Unique ID: 401f715bf8a26f0a79cfe167c0fd7cf5,
Execution Time for Trace ID 401f715bf8a26f0a79cfe167c0fd7cf5: 347 ms
Input: 5000000,
Cold Start: false
Unique ID: 4411f5e893815197dfa5018cc4357265,
Execution Time for Trace ID 4411f5e893815197dfa5018cc4357265: 356 ms
Input: 5000000,
Cold Start: false
Unique ID: 2136b9f78177941b258c015e1b7c327a,
Execution Time for Trace ID 2136b9f78177941b258c015e1b7c327a: 364 ms
Input: 5000000,
Cold Start: false
Unique ID: 46376b9cb8afec07a1b9ca7d11a7d7d9,
Execution Time for Trace ID 46376b9cb8afec07a1b9ca7d11a7d7d9: 336 ms
Input: 5000000,
Cold Start: false
Unique ID: 4d220f1d5197892a215401e91de99865,
Execution Time for Trace ID 4d220f1d5197892a215401e91de99865: 400 ms
Input: 5000000,
Cold Start: false
Unique ID: 134a948044a338a0558b3c386abf17d5,
Execution Time for Trace ID 134a948044a338a0558b3c386abf17d5: 296 ms
Input: 5000000,
Cold Start: false
Unique ID: a67bc4f91097384ba1d7a1efec7399fe,
Execution Time for Trace ID a67bc4f91097384ba1d7a1efec7399fe: 404 ms
Input: 5000000,
Cold Start: false
Unique ID: cb96ae456236125745ff44a506065080,
Execution Time for Trace ID cb96ae456236125745ff44a506065080: 360 ms
Input: 5000000,
Cold Start: false
Unique ID: b451a1f6d09c4580174fb49a690f67cb,
Execution Time for Trace ID b451a1f6d09c4580174fb49a690f67cb: 371 ms
Input: 5000000,
Cold Start: false
Unique ID: f0e43e58a58c5425880b6340ac237ec5,
Execution Time for Trace ID f0e43e58a58c5425880b6340ac237ec5: 346 ms
Input: 5000000,
Cold Start: false
Unique ID: c20bacfbaf5a6ebe1bd9e61277a7e930,
Execution Time for Trace ID c20bacfbaf5a6ebe1bd9e61277a7e930: 296 ms
Input: 5000000,
Cold Start: false
Unique ID: e048dbe3a6bbbe83d9c9a8727d74ec39,
Execution Time for Trace ID e048dbe3a6bbbe83d9c9a8727d74ec39: 405 ms
Input: 5000000,
Cold Start: false
Unique ID: 10bed0deab07b36aca3b22b46ff09347,
Execution Time for Trace ID 10bed0deab07b36aca3b22b46ff09347: 354 ms
Input: 5000000,
Cold Start: false
Unique ID: 9860901267847063c54480535f0cc9e5,
Execution Time for Trace ID 9860901267847063c54480535f0cc9e5: 480 ms
Input: 5000000,
Cold Start: false
Unique ID: b65eb304824c1dc353cc340b541e1809,
Execution Time for Trace ID b65eb304824c1dc353cc340b541e1809: 446 ms
Input: 5000000,
Cold Start: false
Unique ID: 02ccf8651bd4f9450cd5b7fae535aeea,
Execution Time for Trace ID 02ccf8651bd4f9450cd5b7fae535aeea: 307 ms
Input: 5000000,
Cold Start: false
Unique ID: f5568f3c0bd9d09891723fc61bde65db,
Execution Time for Trace ID f5568f3c0bd9d09891723fc61bde65db: 339 ms
Input: 5000000,
Cold Start: false
Unique ID: 7ac846d4dffc43f84ca152bd5bc9c3b4,
Execution Time for Trace ID 7ac846d4dffc43f84ca152bd5bc9c3b4: 401 ms
Input: 5000000,
Cold Start: false
Unique ID: e4b98a4d08110258ee5dd2f30ff68ded,
Execution Time for Trace ID e4b98a4d08110258ee5dd2f30ff68ded: 394 ms
Input: 5000000,
Cold Start: false
Unique ID: d896f075c2800ea12b988f711d9cf2d6,
Execution Time for Trace ID d896f075c2800ea12b988f711d9cf2d6: 356 ms
Input: 5000000,
Cold Start: false
Unique ID: a1b7f72dd1d48d05cc8ecf8f65760ffd,
Execution Time for Trace ID a1b7f72dd1d48d05cc8ecf8f65760ffd: 344 ms
Input: 5000000,
Cold Start: false
Unique ID: 8a1c8186e139eaecc2d808bd24f550c6,
Execution Time for Trace ID 8a1c8186e139eaecc2d808bd24f550c6: 276 ms
Input: 5000000,
Cold Start: false
Unique ID: 1809f7d4cd646920bd207a6d5f825a92,
Execution Time for Trace ID 1809f7d4cd646920bd207a6d5f825a92: 337 ms
Input: 5000000,
Cold Start: false
Unique ID: 44547bf4391fbc8b09977b882a8e435d,
Execution Time for Trace ID 44547bf4391fbc8b09977b882a8e435d: 399 ms
Input: 5000000,
Cold Start: false
Unique ID: 6efc10969008d52c9a0bb0017e8798f3,
Execution Time for Trace ID 6efc10969008d52c9a0bb0017e8798f3: 364 ms
Input: 5000000,
Cold Start: false
Unique ID: 12babf050d648a7e940814561ac5bdac,
Execution Time for Trace ID 12babf050d648a7e940814561ac5bdac: 331 ms
Input: 5000000,
Cold Start: false
Unique ID: ba450bbfbf43c1a47b3ca77e75530c54,
Execution Time for Trace ID ba450bbfbf43c1a47b3ca77e75530c54: 350 ms
Input: 5000000,
Cold Start: false
Unique ID: 86292a938826bb823d0213a608cc5403,
Execution Time for Trace ID 86292a938826bb823d0213a608cc5403: 358 ms
Input: 5000000,
Cold Start: false
Unique ID: dad0b54b2e37a2e0b21b27af6b2be672,
Execution Time for Trace ID dad0b54b2e37a2e0b21b27af6b2be672: 303 ms
Input: 5000000,
Cold Start: false
Unique ID: 2223eeff7585c1a4aae4036bf6592abe,
Execution Time for Trace ID 2223eeff7585c1a4aae4036bf6592abe: 351 ms
Input: 5000000,
Cold Start: false
Unique ID: 6cf331bb48832a1edca2faf82edd1137,
Execution Time for Trace ID 6cf331bb48832a1edca2faf82edd1137: 333 ms
Input: 5000000,
Cold Start: false
Unique ID: 9671d0710643265888eb184722424526,
Execution Time for Trace ID 9671d0710643265888eb184722424526: 347 ms
Input: 5000000,
Cold Start: false
Unique ID: 872d46b1c3a2b22c3a5e92058682987c,
Execution Time for Trace ID 872d46b1c3a2b22c3a5e92058682987c: 361 ms
Input: 5000000,
Cold Start: false
Unique ID: 3ac2ce099842310940fedf37bbba2e61,
Execution Time for Trace ID 3ac2ce099842310940fedf37bbba2e61: 338 ms
Input: 5000000,
Cold Start: false
Unique ID: aedbc65ff2cfdabf79755133b2fcbf25,
Execution Time for Trace ID aedbc65ff2cfdabf79755133b2fcbf25: 375 ms
Input: 5000000,
Cold Start: false
Unique ID: 0ded0be6ab03a7c01cd7a3ffab71c639,
Execution Time for Trace ID 0ded0be6ab03a7c01cd7a3ffab71c639: 335 ms
Input: 5000000,
Cold Start: false
Unique ID: 19c991cb27f5b56da3c74b85e4cb5b42,
Execution Time for Trace ID 19c991cb27f5b56da3c74b85e4cb5b42: 349 ms
Input: 5000000,
Cold Start: false
Unique ID: e7477a023529bf7dde7c03d7a7baa8c1,
Execution Time for Trace ID e7477a023529bf7dde7c03d7a7baa8c1: 360 ms
Input: 5000000,
Cold Start: false
Unique ID: 322af99c99929e9f4aacd83c1ed53c98,
Execution Time for Trace ID 322af99c99929e9f4aacd83c1ed53c98: 381 ms
Input: 5000000,
Cold Start: false
Unique ID: 9bba09f3252e4f84daad90106641f3ca,
Execution Time for Trace ID 9bba09f3252e4f84daad90106641f3ca: 353 ms
Input: 5000000,
Cold Start: false
Unique ID: d86f5c522dc40936447a2dbfb76bed41,
Execution Time for Trace ID d86f5c522dc40936447a2dbfb76bed41: 166 ms
Input: 5000000,
Cold Start: false
Unique ID: f527adaa61237ba337a93df526f48dcb,
Execution Time for Trace ID f527adaa61237ba337a93df526f48dcb: 308 ms
Input: 5000000,
Cold Start: false
Unique ID: e031ec9cb24b678f71042b5cbf7c7d59,
Execution Time for Trace ID e031ec9cb24b678f71042b5cbf7c7d59: 408 ms
Input: 5000000,
Cold Start: false
Unique ID: 647ddc204a83fb4a620796689a3d9496,
Execution Time for Trace ID 647ddc204a83fb4a620796689a3d9496: 370 ms
Input: 5000000,
Cold Start: false
Unique ID: fd8232f76e5b03ba4fd6f5687a0dcf31,
Execution Time for Trace ID fd8232f76e5b03ba4fd6f5687a0dcf31: 359 ms
Input: 5000000,
Cold Start: false
Unique ID: c99d62ec123da43fbe1cf54bde2f31f0,
Execution Time for Trace ID c99d62ec123da43fbe1cf54bde2f31f0: 342 ms
Input: 5000000,
Cold Start: false
Unique ID: 4863baab2ce5c88e0d927f6f60425882,
Execution Time for Trace ID 4863baab2ce5c88e0d927f6f60425882: 299 ms
Input: 5000000,
Cold Start: false
Unique ID: 8f96184330550622d99f3a2868b6a186,
Execution Time for Trace ID 8f96184330550622d99f3a2868b6a186: 360 ms
Input: 5000000,
Cold Start: false
Unique ID: f56eb44c418b561a0874a859fc07fa5e,
Execution Time for Trace ID f56eb44c418b561a0874a859fc07fa5e: 381 ms
Input: 5000000,
Cold Start: false
Unique ID: 71f00847e65316a8a098d9bbde80a8ac,
Execution Time for Trace ID 71f00847e65316a8a098d9bbde80a8ac: 360 ms
Input: 5000000,
Cold Start: false
Unique ID: d7191614a4e6a1079768000b16d650ff,
Execution Time for Trace ID d7191614a4e6a1079768000b16d650ff: 329 ms
Input: 5000000,
Cold Start: false
Unique ID: 0002b70a8b2376d8decd374e3194c4f5,
Execution Time for Trace ID 0002b70a8b2376d8decd374e3194c4f5: 355 ms
Input: 5000000,
Cold Start: false
Unique ID: 134399654cc291db25f69a339ab5cba4,
Execution Time for Trace ID 134399654cc291db25f69a339ab5cba4: 344 ms
Input: 5000000,
Cold Start: false
Unique ID: 203cda918a8008a9d06c93a1641f97b3,
Execution Time for Trace ID 203cda918a8008a9d06c93a1641f97b3: 342 ms
Input: 5000000,
Cold Start: false
Unique ID: aceb59672f085b569da99243583352f7,
Execution Time for Trace ID aceb59672f085b569da99243583352f7: 344 ms
Input: 5000000,
Cold Start: false
Unique ID: aa67be676e57ee6ae1c518cf010ac4c6,
Execution Time for Trace ID aa67be676e57ee6ae1c518cf010ac4c6: 297 ms
Input: 5000000,
Cold Start: false
Unique ID: fca4dd95f31f42a8d4568e2e64bab499,
Execution Time for Trace ID fca4dd95f31f42a8d4568e2e64bab499: 404 ms
Input: 5000000,
Cold Start: false
Unique ID: 3d84d8239b5ca38ce59a5eb8f3559a17,
Execution Time for Trace ID 3d84d8239b5ca38ce59a5eb8f3559a17: 338 ms
Input: 5000000,
Cold Start: false
Unique ID: f096b13bfb2770e863495f0a006d32aa,
Execution Time for Trace ID f096b13bfb2770e863495f0a006d32aa: 402 ms
Input: 5000000,
Cold Start: false
Unique ID: ea6151ba7dc082297447afac52b35517,
Execution Time for Trace ID ea6151ba7dc082297447afac52b35517: 354 ms
Input: 5000000,
Cold Start: false
Unique ID: 9531e0075c48b6948f0d3016847e7072,
Execution Time for Trace ID 9531e0075c48b6948f0d3016847e7072: 334 ms
Input: 5000000,
Cold Start: false
Unique ID: 6ec46e9cbd1fdaa70f17009269253aa5,
Execution Time for Trace ID 6ec46e9cbd1fdaa70f17009269253aa5: 366 ms
Input: 5000000,
Cold Start: false
Unique ID: 7562022efe2b11bad6ca8b94d7780afa,
Execution Time for Trace ID 7562022efe2b11bad6ca8b94d7780afa: 308 ms
Input: 5000000,
Cold Start: false
Unique ID: 6423c9927039383b55e4bb685b3876f6,
Execution Time for Trace ID 6423c9927039383b55e4bb685b3876f6: 372 ms
Input: 5000000,
Cold Start: false
Unique ID: 9e1ca56d0c1548f336823317a9942f32,
Execution Time for Trace ID 9e1ca56d0c1548f336823317a9942f32: 361 ms
Input: 5000000,
Cold Start: false
Unique ID: b6c894651d0072234d802f7ff1b35f7e,
Execution Time for Trace ID b6c894651d0072234d802f7ff1b35f7e: 199 ms
Input: 5000000,
Cold Start: false
Unique ID: 99eb9ae3508865a463d06cac827e3280,
Execution Time for Trace ID 99eb9ae3508865a463d06cac827e3280: 365 ms
Input: 5000000,
Cold Start: false
Unique ID: 22edfaab39824eafe48654e3d08647c1,
Execution Time for Trace ID 22edfaab39824eafe48654e3d08647c1: 404 ms
Input: 5000000,
Cold Start: false
Unique ID: d06f0a478319922bcd76bfbc167e44c8,
Execution Time for Trace ID d06f0a478319922bcd76bfbc167e44c8: 381 ms
Input: 5000000,
Cold Start: false
Unique ID: 98996bcf9d6049834efb46100e3d3702,
Execution Time for Trace ID 98996bcf9d6049834efb46100e3d3702: 417 ms
Input: 5000000,
Cold Start: false
Unique ID: 7dab19843f45134956f89ccedcbd1ead,
Execution Time for Trace ID 7dab19843f45134956f89ccedcbd1ead: 415 ms
Input: 5000000,
Cold Start: false
Unique ID: 0c4b4ba3b57881f01dcabbaf5f6858bf,
Execution Time for Trace ID 0c4b4ba3b57881f01dcabbaf5f6858bf: 380 ms
Input: 5000000,
Cold Start: false
Unique ID: e23e39d0eaf9ea03d5f9b38ee8e1d8a0,
Execution Time for Trace ID e23e39d0eaf9ea03d5f9b38ee8e1d8a0: 408 ms
Input: 5000000,
Cold Start: false
Unique ID: a1a84bbcbce80b660501be0c0fe823e7,
Execution Time for Trace ID a1a84bbcbce80b660501be0c0fe823e7: 412 ms
Input: 5000000,
Cold Start: false
Unique ID: 505cb30040f07f5b30ac0898977e128a,
Execution Time for Trace ID 505cb30040f07f5b30ac0898977e128a: 374 ms
Input: 5000000,
Cold Start: false
Unique ID: 5fc1653abf5f7c63f4c5d5dc3361f4da,
Execution Time for Trace ID 5fc1653abf5f7c63f4c5d5dc3361f4da: 418 ms
Input: 5000000,
Cold Start: false
Unique ID: c3e23a7d2eb3ababf992962ef42783ce,
Execution Time for Trace ID c3e23a7d2eb3ababf992962ef42783ce: 398 ms
Input: 5000000,
Cold Start: false
Unique ID: a2632f9c97c714843662c486745dde5f,
Execution Time for Trace ID a2632f9c97c714843662c486745dde5f: 425 ms
Input: 5000000,
Cold Start: false
Unique ID: 7b31efa8d610ea121be6050f9bf716bf,
Execution Time for Trace ID 7b31efa8d610ea121be6050f9bf716bf: 424 ms
Input: 5000000,
Cold Start: false
Unique ID: 76ea77bf97344925086697e5013178d8,
Execution Time for Trace ID 76ea77bf97344925086697e5013178d8: 382 ms
Input: 5000000,
Cold Start: false
Unique ID: 70c337da2a75ed74e464fd9081896cdc,
Execution Time for Trace ID 70c337da2a75ed74e464fd9081896cdc: 413 ms
Input: 5000000,
Cold Start: false
Unique ID: a0c95aebee8b144af22f5166eced98e8,
Execution Time for Trace ID a0c95aebee8b144af22f5166eced98e8: 380 ms
Input: 5000000,
Cold Start: false
Unique ID: 4c1edc24a7720361b414818e2df4cbe9,
Execution Time for Trace ID 4c1edc24a7720361b414818e2df4cbe9: 347 ms
Input: 5000000,
Cold Start: false
Unique ID: 61cf6f18e6e23daea93505df70da1373,
Execution Time for Trace ID 61cf6f18e6e23daea93505df70da1373: 305 ms
Input: 5000000,
Cold Start: false
Unique ID: 17e77741c9d58d3a41feaa44a6ae835e,
Execution Time for Trace ID 17e77741c9d58d3a41feaa44a6ae835e: 351 ms
Input: 5000000,
Cold Start: false
Unique ID: 0e8ab34957f1885077846a96bef12676,
Execution Time for Trace ID 0e8ab34957f1885077846a96bef12676: 334 ms
Input: 5000000,
Cold Start: false
Unique ID: 644587296a824ff41ce58cdb6109241e,
Execution Time for Trace ID 644587296a824ff41ce58cdb6109241e: 295 ms
Input: 5000000,
Cold Start: false
Unique ID: b6c897c7baca6092dc4f913bca3ebfcc,
Execution Time for Trace ID b6c897c7baca6092dc4f913bca3ebfcc: 409 ms
Input: 5000000,
Cold Start: false
Unique ID: 5ea9ac16d86e8f4fff1e6cfb6a4a1847,
Execution Time for Trace ID 5ea9ac16d86e8f4fff1e6cfb6a4a1847: 399 ms
Input: 5000000,
Cold Start: false
Unique ID: ce74577e69e949bdbd82b7b7593bc6bd,
Execution Time for Trace ID ce74577e69e949bdbd82b7b7593bc6bd: 341 ms
Input: 5000000,
Cold Start: false
Unique ID: 3e913fbaa6fc24682e1654ce34345283,
Execution Time for Trace ID 3e913fbaa6fc24682e1654ce34345283: 415 ms
Input: 5000000,
Cold Start: false
Unique ID: 5b980da4561ee611a97d4413d7e6ae33,
Execution Time for Trace ID 5b980da4561ee611a97d4413d7e6ae33: 378 ms
Input: 5000000,
Cold Start: false
Unique ID: bf9aa170fa8e018b45735563c9ad61dd,
Execution Time for Trace ID bf9aa170fa8e018b45735563c9ad61dd: 305 ms
Input: 5000000,
Cold Start: false
Unique ID: dba3550a425294a29b382b53886fdf97,
Execution Time for Trace ID dba3550a425294a29b382b53886fdf97: 408 ms
Input: 5000000,
Cold Start: false
Unique ID: 277286ea11a322121ea72f678c69a326,
Execution Time for Trace ID 277286ea11a322121ea72f678c69a326: 346 ms
Input: 5000000,
Cold Start: false
Unique ID: 67a4b04420ffe4b521fb756995b4f9b8,
Execution Time for Trace ID 67a4b04420ffe4b521fb756995b4f9b8: 410 ms
Input: 5000000,
Cold Start: false
Unique ID: adbabea92a0b6a190e478f7a06eead0e,
Execution Time for Trace ID adbabea92a0b6a190e478f7a06eead0e: 369 ms
Input: 5000000,
Cold Start: false
Unique ID: 54e502422b90786a6a9c0596bfb03497,
Execution Time for Trace ID 54e502422b90786a6a9c0596bfb03497: 310 ms
Input: 5000000,
Cold Start: false
Unique ID: c1126cb190313e3bdfbc5b7ce1c5474d,
Execution Time for Trace ID c1126cb190313e3bdfbc5b7ce1c5474d: 409 ms
Input: 5000000,
Cold Start: false
Unique ID: eb1be4cdc9db69e128ea5bca16130247,
Execution Time for Trace ID eb1be4cdc9db69e128ea5bca16130247: 353 ms
Input: 5000000,
Cold Start: false
Unique ID: 5ec262c2836e450ce8fbb9d634e7eb48,
Execution Time for Trace ID 5ec262c2836e450ce8fbb9d634e7eb48: 342 ms
Input: 5000000,
Cold Start: false
Unique ID: dfd9e368fdb596f76bfe4e88a2c1b594,
Execution Time for Trace ID dfd9e368fdb596f76bfe4e88a2c1b594: 369 ms
Input: 5000000,
Cold Start: false
Unique ID: 2b49dae3a4cdf37248122c68052da07e,
Execution Time for Trace ID 2b49dae3a4cdf37248122c68052da07e: 409 ms
Input: 5000000,
Cold Start: false
Unique ID: e08eee9d5c7b4e67dfbc5b7ce1c54c91,
Execution Time for Trace ID e08eee9d5c7b4e67dfbc5b7ce1c54c91: 414 ms
Input: 5000000,
Cold Start: false
Unique ID: eb8ad32d498d0c00c22942d218bdb54c,
Execution Time for Trace ID eb8ad32d498d0c00c22942d218bdb54c: 371 ms
Input: 5000000,
Cold Start: false
Unique ID: 16e0436ca46ebf021f8ba2783208337b,
Execution Time for Trace ID 16e0436ca46ebf021f8ba2783208337b: 405 ms
Input: 5000000,
Cold Start: false
Unique ID: 70d1852a1476e74e885202bf54125b37,
Execution Time for Trace ID 70d1852a1476e74e885202bf54125b37: 366 ms
Input: 5000000,
Cold Start: false
Unique ID: c37b4b14dd1be1ee5b60139a827950c6,
Execution Time for Trace ID c37b4b14dd1be1ee5b60139a827950c6: 344 ms
Input: 5000000,
Cold Start: false
Unique ID: 9cfa8d0d9f345df82a062d180fe68f3d,
Execution Time for Trace ID 9cfa8d0d9f345df82a062d180fe68f3d: 372 ms
Input: 5000000,
Cold Start: false
Unique ID: f0ab373b75fb8924f1ee75c6416d3c84,
Execution Time for Trace ID f0ab373b75fb8924f1ee75c6416d3c84: 424 ms
Input: 5000000,
Cold Start: false
Unique ID: 118b3be3eea19f1abadc6b74a96ee881,
Execution Time for Trace ID 118b3be3eea19f1abadc6b74a96ee881: 439 ms
Input: 5000000,
Cold Start: false
Unique ID: ac7adb568c57b961b5c73463d189ba9d,
Execution Time for Trace ID ac7adb568c57b961b5c73463d189ba9d: 401 ms
Input: 5000000,
Cold Start: false
Unique ID: 400036c07659d2b433106343ed12bf13,
Execution Time for Trace ID 400036c07659d2b433106343ed12bf13: 403 ms
Input: 5000000,
Cold Start: false
Unique ID: 2ca19bfd938c76ee39e6daf99809a701,
Execution Time for Trace ID 2ca19bfd938c76ee39e6daf99809a701: 378 ms
Input: 5000000,
Cold Start: false
Unique ID: dbb6ab82d1945aee1af54cd56fd216bf,
Execution Time for Trace ID dbb6ab82d1945aee1af54cd56fd216bf: 354 ms
Input: 5000000,
Cold Start: false
Unique ID: 316747e76ff7296be6e68856df087bd6,
Execution Time for Trace ID 316747e76ff7296be6e68856df087bd6: 405 ms
Input: 5000000,
Cold Start: false
Unique ID: 3edd2feb87f6ae389a490e7d77723594,
Execution Time for Trace ID 3edd2feb87f6ae389a490e7d77723594: 387 ms
Input: 5000000,
Cold Start: false
Unique ID: 17d4bc04076e1fb56e57fc41726d3885,
Execution Time for Trace ID 17d4bc04076e1fb56e57fc41726d3885: 343 ms
Input: 5000000,
Cold Start: false
Unique ID: bdeaa725c5f1811e6b9abb96dab7d594,
Execution Time for Trace ID bdeaa725c5f1811e6b9abb96dab7d594: 418 ms
Input: 5000000,
Cold Start: false
Unique ID: 516140f7040ef93e96e77bb74fd2ad86,
Execution Time for Trace ID 516140f7040ef93e96e77bb74fd2ad86: 340 ms
Input: 5000000,
Cold Start: false
Unique ID: 68ef32c47b2b92ebc2e8f3a551902cd8,
Execution Time for Trace ID 68ef32c47b2b92ebc2e8f3a551902cd8: 404 ms
Input: 5000000,
Cold Start: false
Unique ID: 992333ca16c74e8d52c50e5a436351c2,
Execution Time for Trace ID 992333ca16c74e8d52c50e5a436351c2: 462 ms
Input: 5000000,
Cold Start: false
Unique ID: 8923e7574239508bdd72a810dbca9e5e,
Execution Time for Trace ID 8923e7574239508bdd72a810dbca9e5e: 370 ms
Input: 5000000,
Cold Start: false
Unique ID: aa74a366783d4b0f33ba7286d0cea0ca,
Execution Time for Trace ID aa74a366783d4b0f33ba7286d0cea0ca: 439 ms
Input: 5000000,
Cold Start: false
Unique ID: c550e64f384e0c95240709a97e024580,
Execution Time for Trace ID c550e64f384e0c95240709a97e024580: 348 ms
Input: 5000000,
Cold Start: false
Unique ID: f078b2d0f8780c8725ecf04b9de9937a,
Execution Time for Trace ID f078b2d0f8780c8725ecf04b9de9937a: 407 ms
Input: 5000000,
Cold Start: false
Unique ID: 597cc02e3301f3f9ab3f9ed262d5ddc1,
Execution Time for Trace ID 597cc02e3301f3f9ab3f9ed262d5ddc1: 368 ms
Input: 5000000,
Cold Start: false
Unique ID: 24425d6852354acf5cf3c254e5654759,
Execution Time for Trace ID 24425d6852354acf5cf3c254e5654759: 349 ms
Input: 5000000,
Cold Start: false
Unique ID: 8d4cbb533453f2bf29492ebf09cb914f,
Execution Time for Trace ID 8d4cbb533453f2bf29492ebf09cb914f: 420 ms
Input: 5000000,
Cold Start: false
Unique ID: f42fd2ace7bc75beda90f0ff2c001df3,
Execution Time for Trace ID f42fd2ace7bc75beda90f0ff2c001df3: 383 ms
Input: 5000000,
Cold Start: false
Unique ID: 0c55ad759e62e6aa9ef14ddf9c5427af,
Execution Time for Trace ID 0c55ad759e62e6aa9ef14ddf9c5427af: 236 ms
Input: 5000000,
Cold Start: false
Unique ID: 2a4497ed3fe86ecfa3cf8311a49f3c86,
Execution Time for Trace ID 2a4497ed3fe86ecfa3cf8311a49f3c86: 404 ms
Input: 5000000,
Cold Start: false
Unique ID: 3f93e59c2861bf9cdc7bab790df8099d,
Execution Time for Trace ID 3f93e59c2861bf9cdc7bab790df8099d: 398 ms
Input: 5000000,
Cold Start: false
Unique ID: dbefe80674d397a24cbc943bedb4ce61,
Execution Time for Trace ID dbefe80674d397a24cbc943bedb4ce61: 508 ms
Input: 5000000,
Cold Start: false
Unique ID: f9861441a009986e8ad9943566cd6b73,
Execution Time for Trace ID f9861441a009986e8ad9943566cd6b73: 467 ms
Input: 5000000,
Cold Start: false
Unique ID: 85651db6eb8f3ce4c958eac13b7985d0,
Execution Time for Trace ID 85651db6eb8f3ce4c958eac13b7985d0: 369 ms
Input: 5000000,
Cold Start: false
Unique ID: 32494b1754c567385586b29417d8869c,
Execution Time for Trace ID 32494b1754c567385586b29417d8869c: 347 ms
Input: 5000000,
Cold Start: false
Unique ID: c44af58a64b692abb8c6f5f7622b52b5,
Execution Time for Trace ID c44af58a64b692abb8c6f5f7622b52b5: 340 ms
Input: 5000000,
Cold Start: false
Unique ID: 5c35b8fe7bbb77447ea7a6aa7358e2f7,
Execution Time for Trace ID 5c35b8fe7bbb77447ea7a6aa7358e2f7: 588 ms
Input: 5000000,
Cold Start: false
Unique ID: aa513f420e912fe3c436c4232262e792,
Execution Time for Trace ID aa513f420e912fe3c436c4232262e792: 547 ms
Input: 5000000,
Cold Start: false
Unique ID: 0a925007b1db740eb605175c58128760,
Execution Time for Trace ID 0a925007b1db740eb605175c58128760: 439 ms
Input: 5000000,
Cold Start: false
Unique ID: e04bee1d6ee9ad6f949304584b98f514,
Execution Time for Trace ID e04bee1d6ee9ad6f949304584b98f514: 411 ms
Input: 5000000,
Cold Start: false
Unique ID: 2471ab3e3b9ce5ecb040ccd6a963e6da,
Execution Time for Trace ID 2471ab3e3b9ce5ecb040ccd6a963e6da: 342 ms
Input: 5000000,
Cold Start: false
Unique ID: 2e4029dc5dd238500875241238951726,
Execution Time for Trace ID 2e4029dc5dd238500875241238951726: 402 ms
Input: 5000000,
Cold Start: false
Unique ID: 0818b650fd56cb90b001d0ad38ebd542,
Execution Time for Trace ID 0818b650fd56cb90b001d0ad38ebd542: 342 ms
Input: 5000000,
Cold Start: false
Unique ID: b9e65783cca12dcf833fcbf1993eba5f,
Execution Time for Trace ID b9e65783cca12dcf833fcbf1993eba5f: 169 ms
Input: 5000000,
Cold Start: false
Unique ID: 41ffed84a306fbc9d5f6fe980b08b781,
Execution Time for Trace ID 41ffed84a306fbc9d5f6fe980b08b781: 452 ms
Input: 5000000,
Cold Start: false
Unique ID: 282128ef0353c5b78667044c0315a5b8,
Execution Time for Trace ID 282128ef0353c5b78667044c0315a5b8: 408 ms
Input: 5000000,
Cold Start: false
Unique ID: 44da45f9acbf448a96601114501672fa,
Execution Time for Trace ID 44da45f9acbf448a96601114501672fa: 477 ms
Input: 5000000,
Cold Start: false
Unique ID: 62714a4a2a93667bdc9875dd04a99cb5,
Execution Time for Trace ID 62714a4a2a93667bdc9875dd04a99cb5: 350 ms
Input: 5000000,
Cold Start: false
Unique ID: aa099a05624174074763befc6831d5dd,
Execution Time for Trace ID aa099a05624174074763befc6831d5dd: 430 ms
Input: 5000000,
Cold Start: false
Unique ID: 7f089d7a142f84a281a89733eb3016b4,
Execution Time for Trace ID 7f089d7a142f84a281a89733eb3016b4: 391 ms
Input: 5000000,
Cold Start: false
Unique ID: f3128c2e34308685c915c51a6a93cd01,
Execution Time for Trace ID f3128c2e34308685c915c51a6a93cd01: 307 ms
Input: 5000000,
Cold Start: false
Unique ID: bbe03ac983f8f68deae24071bcda3a41,
Execution Time for Trace ID bbe03ac983f8f68deae24071bcda3a41: 399 ms
Input: 5000000,
Cold Start: false
Unique ID: dae54efe5902a12a371fa40028455d4c,
Execution Time for Trace ID dae54efe5902a12a371fa40028455d4c: 356 ms
Input: 5000000,
Cold Start: false
Unique ID: cc47f757b7c599f87395d39754b6eceb,
Execution Time for Trace ID cc47f757b7c599f87395d39754b6eceb: 188 ms
Input: 5000000,
Cold Start: false
Unique ID: 608373f2e800c86cca9897ff8f8f08ec,
Execution Time for Trace ID 608373f2e800c86cca9897ff8f8f08ec: 351 ms
Input: 5000000,
Cold Start: false
Unique ID: 249d269568e03c3980de80d3e8d1e76d,
Execution Time for Trace ID 249d269568e03c3980de80d3e8d1e76d: 360 ms
Input: 5000000,
Cold Start: false
Unique ID: 9814b49a48685d17580fffdacf0e3070,
Execution Time for Trace ID 9814b49a48685d17580fffdacf0e3070: 332 ms
Input: 5000000,
Cold Start: false
Unique ID: b873b8fb421ce6146ab42bbca44335b3,
Execution Time for Trace ID b873b8fb421ce6146ab42bbca44335b3: 401 ms
Input: 5000000,
Cold Start: false
Unique ID: ce9df9318706018922c195dc2e48accc,
Execution Time for Trace ID ce9df9318706018922c195dc2e48accc: 330 ms
Input: 5000000,
Cold Start: false
Unique ID: d8a4dda28d241cf9dec7c73c126a6c3b,
Execution Time for Trace ID d8a4dda28d241cf9dec7c73c126a6c3b: 293 ms
Input: 5000000,
Cold Start: false
Unique ID: a2a16b83151e378b9779975659466f42,
Execution Time for Trace ID a2a16b83151e378b9779975659466f42: 408 ms
Input: 5000000,
Cold Start: false
Unique ID: c9538afb9cd5fed96bb9485d8741ddac,
Execution Time for Trace ID c9538afb9cd5fed96bb9485d8741ddac: 404 ms
Input: 5000000,
Cold Start: false
Unique ID: df4c793d10b091b5c6c587a23d87584e,
Execution Time for Trace ID df4c793d10b091b5c6c587a23d87584e: 357 ms
Input: 5000000,
Cold Start: false
Unique ID: c42e6809f2e3a2f55a603af56ed55df7,
Execution Time for Trace ID c42e6809f2e3a2f55a603af56ed55df7: 336 ms
Input: 5000000,
Cold Start: false
Unique ID: 882a4609c59e7cb590ac1490d0438c18,
Execution Time for Trace ID 882a4609c59e7cb590ac1490d0438c18: 299 ms
Input: 5000000,
Cold Start: false
Unique ID: fcfcbc5606992b998232b75b08837148,
Execution Time for Trace ID fcfcbc5606992b998232b75b08837148: 339 ms
Input: 5000000,
Cold Start: false
Unique ID: 8b226838374530ec0a713c02080c9e27,
Execution Time for Trace ID 8b226838374530ec0a713c02080c9e27: 404 ms
Input: 5000000,
Cold Start: false
Unique ID: 247bb2849c46b987cdc0dc69bef23a7f,
Execution Time for Trace ID 247bb2849c46b987cdc0dc69bef23a7f: 353 ms
Input: 5000000,
Cold Start: false
Unique ID: 290b452839d23c22d57a2cd7622cd0c2,
Execution Time for Trace ID 290b452839d23c22d57a2cd7622cd0c2: 297 ms
Input: 5000000,
Cold Start: false
Unique ID: d4cca92b7804676237c8136d571e3452,
Execution Time for Trace ID d4cca92b7804676237c8136d571e3452: 406 ms
Input: 5000000,
Cold Start: false
Unique ID: 69c0655ca751a29b6e62fea7fa08aa46,
Execution Time for Trace ID 69c0655ca751a29b6e62fea7fa08aa46: 330 ms
Input: 5000000,
Cold Start: false
Unique ID: 5043df53c8def4583caf9eb9f9adc274,
Execution Time for Trace ID 5043df53c8def4583caf9eb9f9adc274: 343 ms
Input: 5000000,
Cold Start: false
Unique ID: b18d91257f0e7d496a14c9fa7a1749de,
Execution Time for Trace ID b18d91257f0e7d496a14c9fa7a1749de: 338 ms
Input: 5000000,
Cold Start: false
Unique ID: dd8285615f0217d0d238506e53f54687,
Execution Time for Trace ID dd8285615f0217d0d238506e53f54687: 333 ms
Input: 5000000,
Cold Start: false
Unique ID: 56dec3b689d6020d5a6da69256fb5a78,
Execution Time for Trace ID 56dec3b689d6020d5a6da69256fb5a78: 293 ms
Input: 5000000,
Cold Start: false
Unique ID: c0245f246be8c74122c195dc2e48ad2c,
Execution Time for Trace ID c0245f246be8c74122c195dc2e48ad2c: 345 ms
Input: 5000000,
Cold Start: false
Unique ID: 74ca65a2adeb35ae5d31836f7fa54fa4,
Execution Time for Trace ID 74ca65a2adeb35ae5d31836f7fa54fa4: 413 ms
Input: 5000000,
Cold Start: false
Unique ID: 733ba6a192718fd6a1be9a0649d24840,
Execution Time for Trace ID 733ba6a192718fd6a1be9a0649d24840: 356 ms
Input: 5000000,
Cold Start: false
Unique ID: 00b0017d2e714ded81cf8652b3875f7b,
Execution Time for Trace ID 00b0017d2e714ded81cf8652b3875f7b: 168 ms
Input: 5000000,
Cold Start: false
Unique ID: 0fbfda40e52639ff97f0588aeacd890f,
Execution Time for Trace ID 0fbfda40e52639ff97f0588aeacd890f: 177 ms
Input: 5000000,
Cold Start: false
Unique ID: 3a6b73c4fe6380df1922698e10c37f15,
Execution Time for Trace ID 3a6b73c4fe6380df1922698e10c37f15: 297 ms
Input: 5000000,
Cold Start: false
Unique ID: 98fe9f907b72becc8f96bd7acce8697c,
Execution Time for Trace ID 98fe9f907b72becc8f96bd7acce8697c: 407 ms
Input: 5000000,
Cold Start: false
Unique ID: ba8b64a1a5f07b35c4e836e0bbd4194e,
Execution Time for Trace ID ba8b64a1a5f07b35c4e836e0bbd4194e: 428 ms
Input: 5000000,
Cold Start: false
Unique ID: 6cd7f6deb5d15e2056645afa5f0807fe,
Execution Time for Trace ID 6cd7f6deb5d15e2056645afa5f0807fe: 331 ms
Input: 5000000,
Cold Start: false
Unique ID: 02ec0e57a82a52dddef0b2c59b472764,
Execution Time for Trace ID 02ec0e57a82a52dddef0b2c59b472764: 293 ms
Input: 5000000,
Cold Start: false
Unique ID: edd1e91d2abfce4213b77570da22368a,
Execution Time for Trace ID edd1e91d2abfce4213b77570da22368a: 414 ms
Input: 5000000,
Cold Start: false
Unique ID: 6b64725b6fc64d4aa29a3deb570d9ce0,
Execution Time for Trace ID 6b64725b6fc64d4aa29a3deb570d9ce0: 431 ms
Input: 5000000,
Cold Start: false
Unique ID: 8771fe3a65a3f5b4d2efe42971e3cd85,
Execution Time for Trace ID 8771fe3a65a3f5b4d2efe42971e3cd85: 482 ms
Input: 5000000,
Cold Start: false
Unique ID: b384df482ceb5c49adbbffa8ea313035,
Execution Time for Trace ID b384df482ceb5c49adbbffa8ea313035: 170 ms
Input: 5000000,
Cold Start: false
Unique ID: ffa4fe254498f320fef2f8368cb6c42a,
Execution Time for Trace ID ffa4fe254498f320fef2f8368cb6c42a: 297 ms
Input: 5000000,
Cold Start: false
Unique ID: b15e6557d014a5319f853b7ca14d2bbb,
Execution Time for Trace ID b15e6557d014a5319f853b7ca14d2bbb: 413 ms
Input: 5000000,
Cold Start: false
Unique ID: a96dd29b74f80a2c4178f2ef5348383c,
Execution Time for Trace ID a96dd29b74f80a2c4178f2ef5348383c: 389 ms
Input: 5000000,
Cold Start: false
Unique ID: 9e92836c387d7951759e0296fb215f4a,
Execution Time for Trace ID 9e92836c387d7951759e0296fb215f4a: 427 ms
Input: 5000000,
Cold Start: false
Unique ID: b4072538302b98e4b1707d8bb14c6d6d,
Execution Time for Trace ID b4072538302b98e4b1707d8bb14c6d6d: 328 ms
Input: 5000000,
Cold Start: false
Unique ID: 88612cafe31531e8155b654360062620,
Execution Time for Trace ID 88612cafe31531e8155b654360062620: 277 ms
Input: 5000000,
Cold Start: false
Unique ID: e166ce65bca5970face0e80ddfdf69cd,
Execution Time for Trace ID e166ce65bca5970face0e80ddfdf69cd: 392 ms
Input: 5000000,
Cold Start: false
Unique ID: 15728033af2e99997c7bd3f80c2dd6b3,
Execution Time for Trace ID 15728033af2e99997c7bd3f80c2dd6b3: 393 ms
Input: 5000000,
Cold Start: false
Unique ID: 390400185a0d9ec9ef9f9b895c25b387,
Execution Time for Trace ID 390400185a0d9ec9ef9f9b895c25b387: 400 ms
Input: 5000000,
Cold Start: false
Unique ID: 2815497c5a5cbb630df0b9ed1829ea89,
Execution Time for Trace ID 2815497c5a5cbb630df0b9ed1829ea89: 319 ms
Input: 5000000,
Cold Start: false
Unique ID: 73315392522381a6be6f023dee90fc22,
Execution Time for Trace ID 73315392522381a6be6f023dee90fc22: 365 ms
Input: 5000000,
Cold Start: false
Unique ID: 2ef5a29c83f3c0449702d92be72225bd,
Execution Time for Trace ID 2ef5a29c83f3c0449702d92be72225bd: 331 ms
Input: 5000000,
Cold Start: false
Unique ID: 866bddd25f2bc05d60dbc13b1e123567,
Execution Time for Trace ID 866bddd25f2bc05d60dbc13b1e123567: 337 ms
Input: 5000000,
Cold Start: false
Unique ID: f1e8fe8423ac100575372d3b72e190e1,
Execution Time for Trace ID f1e8fe8423ac100575372d3b72e190e1: 405 ms
Input: 5000000,
Cold Start: false
Unique ID: 4c22ff86fa17040f549cb0717d2c51fd,
Execution Time for Trace ID 4c22ff86fa17040f549cb0717d2c51fd: 332 ms
Input: 5000000,
Cold Start: false
Unique ID: 76e6eb1b57c078f5bdcb41ec209b733c,
Execution Time for Trace ID 76e6eb1b57c078f5bdcb41ec209b733c: 182 ms
Input: 5000000,
Cold Start: false
Unique ID: f4da660639897c4720ca321e60d4058b,
Execution Time for Trace ID f4da660639897c4720ca321e60d4058b: 293 ms
Input: 5000000,
Cold Start: false
Unique ID: 8fb611d10de64f2552a8ae5ece5aa86e,
Execution Time for Trace ID 8fb611d10de64f2552a8ae5ece5aa86e: 420 ms
Input: 5000000,
Cold Start: false
Unique ID: 5754ef0971f19bb94450709cc2b8d9ea,
Execution Time for Trace ID 5754ef0971f19bb94450709cc2b8d9ea: 392 ms
Input: 5000000,
Cold Start: false
Unique ID: d512083dbe7522d8dad5bf2a034cc265,
Execution Time for Trace ID d512083dbe7522d8dad5bf2a034cc265: 171 ms
Input: 5000000,
Cold Start: false
Unique ID: d19db628cef90af8920de9f73343c90c,
Execution Time for Trace ID d19db628cef90af8920de9f73343c90c: 336 ms
Input: 5000000,
Cold Start: false
Unique ID: 754677642e7e9e3216bb5a2504f7fb87,
Execution Time for Trace ID 754677642e7e9e3216bb5a2504f7fb87: 371 ms
Input: 5000000,
Cold Start: false
Unique ID: dbaa67e7300aee14aa0bf19d44d3cd27,
Execution Time for Trace ID dbaa67e7300aee14aa0bf19d44d3cd27: 366 ms
Input: 5000000,
Cold Start: false
Unique ID: f4dc32872ec8de7427e2568c8bea8ff7,
Execution Time for Trace ID f4dc32872ec8de7427e2568c8bea8ff7: 360 ms
Input: 5000000,
Cold Start: false
Unique ID: bbd684d49f835dacf9d00b0dc266d1e9,
Execution Time for Trace ID bbd684d49f835dacf9d00b0dc266d1e9: 167 ms
Input: 5000000,
Cold Start: false
Unique ID: 1a07d19c36bb005402550e400802bed7,
Execution Time for Trace ID 1a07d19c36bb005402550e400802bed7: 292 ms
Input: 5000000,
Cold Start: false
Unique ID: b0656e69844eeed001fda0a3355a1e1e,
Execution Time for Trace ID b0656e69844eeed001fda0a3355a1e1e: 267 ms
Input: 5000000,
Cold Start: false
Unique ID: 348a312a55ce78bd01568dcb0a699a2a,
Execution Time for Trace ID 348a312a55ce78bd01568dcb0a699a2a: 415 ms
Input: 5000000,
Cold Start: false
Unique ID: 1de9c81881a76fc022329ffcd1c9b17b,
Execution Time for Trace ID 1de9c81881a76fc022329ffcd1c9b17b: 375 ms
Input: 5000000,
Cold Start: false
Unique ID: 5a703efcc95ffeef57064903cff14db3,
Execution Time for Trace ID 5a703efcc95ffeef57064903cff14db3: 300 ms
Input: 5000000,
Cold Start: false
Unique ID: f25baa0acc38734ea961818003b5f7b4,
Execution Time for Trace ID f25baa0acc38734ea961818003b5f7b4: 413 ms
Input: 5000000,
Cold Start: false
Unique ID: ba10dfa4f9e191cda8d24fa47a1d1e71,
Execution Time for Trace ID ba10dfa4f9e191cda8d24fa47a1d1e71: 338 ms
Input: 5000000,
Cold Start: false
Unique ID: 3bf8fe0af7dc1da24caf2924d55151a9,
Execution Time for Trace ID 3bf8fe0af7dc1da24caf2924d55151a9: 392 ms
Input: 5000000,
Cold Start: false
Unique ID: a00b8645f4d13beffe59e9ada5707e43,
Execution Time for Trace ID a00b8645f4d13beffe59e9ada5707e43: 414 ms
Input: 5000000,
Cold Start: false
Unique ID: 94907b5c6650dd534ad6b5808f7c8d1e,
Execution Time for Trace ID 94907b5c6650dd534ad6b5808f7c8d1e: 332 ms
Input: 5000000,
Cold Start: false
Unique ID: 99cbc62ba9cc75290b77b17cbb700194,
Execution Time for Trace ID 99cbc62ba9cc75290b77b17cbb700194: 296 ms
Input: 5000000,
Cold Start: false
Unique ID: 4253c5310f60368bfa877dfdcd0b4bf6,
Execution Time for Trace ID 4253c5310f60368bfa877dfdcd0b4bf6: 415 ms
Input: 5000000,
Cold Start: false
Unique ID: f50843d28ec99c369e97fd59ddf42916,
Execution Time for Trace ID f50843d28ec99c369e97fd59ddf42916: 401 ms
Input: 5000000,
Cold Start: false
Unique ID: f683b3ddad9e2ac368afe636784460f3,
Execution Time for Trace ID f683b3ddad9e2ac368afe636784460f3: 359 ms
Input: 5000000,
Cold Start: false
Unique ID: 6ee4f181dd437f080cfe0a2f60d0aa92,
Execution Time for Trace ID 6ee4f181dd437f080cfe0a2f60d0aa92: 335 ms
Input: 5000000,
Cold Start: false
Unique ID: 44479bd9a2b52a3ee1c83c0befab7dcb,
Execution Time for Trace ID 44479bd9a2b52a3ee1c83c0befab7dcb: 290 ms
Input: 5000000,
Cold Start: false
Unique ID: 9e0556318497571a95d13f4021ab8699,
Execution Time for Trace ID 9e0556318497571a95d13f4021ab8699: 404 ms
Input: 5000000,
Cold Start: false
Unique ID: 92ce99cee771d843e98cfdd88e2d370f,
Execution Time for Trace ID 92ce99cee771d843e98cfdd88e2d370f: 501 ms
Input: 5000000,
Cold Start: false
Unique ID: 2c34d9da8af3d9c912ffd445236d8fbb,
Execution Time for Trace ID 2c34d9da8af3d9c912ffd445236d8fbb: 453 ms
Input: 5000000,
Cold Start: false
Unique ID: b266f5da2853fb346334ac1a2833809e,
Execution Time for Trace ID b266f5da2853fb346334ac1a2833809e: 334 ms
Input: 5000000,
Cold Start: false
Unique ID: 3dfd3564b75a012d47c590380698951d,
Execution Time for Trace ID 3dfd3564b75a012d47c590380698951d: 360 ms
Input: 5000000,
Cold Start: false
Unique ID: a659c36ad635231c80bcff761f5d6048,
Execution Time for Trace ID a659c36ad635231c80bcff761f5d6048: 409 ms
Input: 5000000,
Cold Start: false
Unique ID: 424f7112f16420dd6a0d3674a4206525,
Execution Time for Trace ID 424f7112f16420dd6a0d3674a4206525: 340 ms
Input: 5000000,
Cold Start: false
Unique ID: cf8783e82ca08b4b24bb06a513818f9a,
Execution Time for Trace ID cf8783e82ca08b4b24bb06a513818f9a: 408 ms
Input: 5000000,
Cold Start: false
Unique ID: 8d4ac41d65ff05c0293b0f9562f63fcc,
Execution Time for Trace ID 8d4ac41d65ff05c0293b0f9562f63fcc: 295 ms
Input: 5000000,
Cold Start: false
Unique ID: b820f1875471eda8fbc8774dd5cb378c,
Execution Time for Trace ID b820f1875471eda8fbc8774dd5cb378c: 406 ms
Input: 5000000,
Cold Start: false
Unique ID: b4dcb9eb2794843db2385b8bfab70baa,
Execution Time for Trace ID b4dcb9eb2794843db2385b8bfab70baa: 335 ms
Input: 5000000,
Cold Start: false
Unique ID: b81c0bc3493e02cd250e7508c53e06c8,
Execution Time for Trace ID b81c0bc3493e02cd250e7508c53e06c8: 336 ms
Input: 5000000,
Cold Start: false
Unique ID: ec377574702dfd510644c675d31921c4,
Execution Time for Trace ID ec377574702dfd510644c675d31921c4: 407 ms
Input: 5000000,
Cold Start: false
Unique ID: 0ad3e021fe52453dbce216a6d38ea584,
Execution Time for Trace ID 0ad3e021fe52453dbce216a6d38ea584: 334 ms
Input: 5000000,
Cold Start: false
Unique ID: 3186106e387cc6fc56724984c2884391,
Execution Time for Trace ID 3186106e387cc6fc56724984c2884391: 298 ms
Input: 5000000,
Cold Start: false
Unique ID: 7d2455412334f0d670171097ee86812a,
Execution Time for Trace ID 7d2455412334f0d670171097ee86812a: 411 ms
Input: 5000000,
Cold Start: false
Unique ID: 6de7c75d28e4d863185177d8d9fb4e36,
Execution Time for Trace ID 6de7c75d28e4d863185177d8d9fb4e36: 372 ms
Input: 5000000,
Cold Start: false
Unique ID: 9bb3799dd2b8b83abcf7799db50fdb37,
Execution Time for Trace ID 9bb3799dd2b8b83abcf7799db50fdb37: 350 ms
Input: 5000000,
Cold Start: false
Unique ID: 6d6ce090ab6ec9294438190395b19d55,
Execution Time for Trace ID 6d6ce090ab6ec9294438190395b19d55: 332 ms
Input: 5000000,
Cold Start: false
Unique ID: 195aff232398f274b4b0c81fc5bdcfdf,
Execution Time for Trace ID 195aff232398f274b4b0c81fc5bdcfdf: 358 ms
Input: 5000000,
Cold Start: false
Unique ID: 6c29ca848c4b25db7cb8e324f29999a2,
Execution Time for Trace ID 6c29ca848c4b25db7cb8e324f29999a2: 332 ms
Input: 5000000,
Cold Start: false
Unique ID: 3b46813bedd2eaf4ce3102fba6bf60db,
Execution Time for Trace ID 3b46813bedd2eaf4ce3102fba6bf60db: 336 ms
Input: 5000000,
Cold Start: false
Unique ID: 94a0d2b1278e1b3683c2613adebfe45f,
Execution Time for Trace ID 94a0d2b1278e1b3683c2613adebfe45f: 406 ms
Input: 5000000,
Cold Start: false
Unique ID: 2df2f07a716a6c967d1b5bdb77423578,
Execution Time for Trace ID 2df2f07a716a6c967d1b5bdb77423578: 170 ms
Input: 5000000,
Cold Start: false
Unique ID: 233bd1b17de609c2c03e557bbfa1ac40,
Execution Time for Trace ID 233bd1b17de609c2c03e557bbfa1ac40: 329 ms
Input: 5000000,
Cold Start: false
Unique ID: 5610099b1eacef2785e8ad58f808cab6,
Execution Time for Trace ID 5610099b1eacef2785e8ad58f808cab6: 362 ms
Input: 5000000,
Cold Start: false
Unique ID: ae46bd26dbe9272b8d194c36869e5c96,
Execution Time for Trace ID ae46bd26dbe9272b8d194c36869e5c96: 337 ms
Input: 5000000,
Cold Start: false
Unique ID: 94bae1abb34deae76ddde33b020e057d,
Execution Time for Trace ID 94bae1abb34deae76ddde33b020e057d: 411 ms
Input: 5000000,
Cold Start: false
Unique ID: 83ca6b10bea73df962c774090fae2c08,
Execution Time for Trace ID 83ca6b10bea73df962c774090fae2c08: 417 ms
Input: 5000000,
Cold Start: false
Unique ID: 1d63b886f1cc815afc15f1e9d5fe3581,
Execution Time for Trace ID 1d63b886f1cc815afc15f1e9d5fe3581: 376 ms
Input: 5000000,
Cold Start: false
Unique ID: 94d21eb8d4b1262bef9cf6b30ae5a805,
Execution Time for Trace ID 94d21eb8d4b1262bef9cf6b30ae5a805: 407 ms
Input: 5000000,
Cold Start: false
Unique ID: 81e663f0d410ee0c7a98f3a02790f78d,
Execution Time for Trace ID 81e663f0d410ee0c7a98f3a02790f78d: 410 ms
Input: 5000000,
Cold Start: false
Unique ID: 420a1c9d31bbf0c824ebee64b28d4135,
Execution Time for Trace ID 420a1c9d31bbf0c824ebee64b28d4135: 361 ms
Input: 5000000,
Cold Start: false
Unique ID: 27af00160038c8b06453ce9042518195,
Execution Time for Trace ID 27af00160038c8b06453ce9042518195: 179 ms
Input: 5000000,
Cold Start: false
Unique ID: ce1af95efd1eb323076f54862bf4675e,
Execution Time for Trace ID ce1af95efd1eb323076f54862bf4675e: 341 ms
Input: 5000000,
Cold Start: false
Unique ID: 0b8f169b2883c6bb90fabe4509563a0d,
Execution Time for Trace ID 0b8f169b2883c6bb90fabe4509563a0d: 366 ms
Input: 5000000,
Cold Start: false
Unique ID: 7e0a210520d58acbc35717fcb063ebd9,
Execution Time for Trace ID 7e0a210520d58acbc35717fcb063ebd9: 337 ms
Input: 5000000,
Cold Start: false
Unique ID: 5a5150e48f5c6cd8a6fb77bdb731ff35,
Execution Time for Trace ID 5a5150e48f5c6cd8a6fb77bdb731ff35: 410 ms
Input: 5000000,
Cold Start: false
Unique ID: b68792dd7877fef56601ccbcf47377b1,
Execution Time for Trace ID b68792dd7877fef56601ccbcf47377b1: 300 ms
Input: 5000000,
Cold Start: false
Unique ID: 54d67b386462addc57415d25e87165e9,
Execution Time for Trace ID 54d67b386462addc57415d25e87165e9: 404 ms
Input: 5000000,
Cold Start: false
Unique ID: a60bdca6a1f144ab090188d3a75f7d78,
Execution Time for Trace ID a60bdca6a1f144ab090188d3a75f7d78: 338 ms
Input: 5000000,
Cold Start: false
Unique ID: 8b5920cb86a323686e2949da90a0da80,
Execution Time for Trace ID 8b5920cb86a323686e2949da90a0da80: 408 ms
Input: 5000000,
Cold Start: false
Unique ID: 0137210fc8ddeff799e7f694c801ce46,
Execution Time for Trace ID 0137210fc8ddeff799e7f694c801ce46: 360 ms
Input: 5000000,
Cold Start: false
Unique ID: 8b33b11f3e8e2e9f280d7e6cf1f02ed6,
Execution Time for Trace ID 8b33b11f3e8e2e9f280d7e6cf1f02ed6: 291 ms
Input: 5000000,
Cold Start: false
Unique ID: 18c48c7fb473bbcb46b4da6b2bec6ec5,
Execution Time for Trace ID 18c48c7fb473bbcb46b4da6b2bec6ec5: 402 ms
Input: 5000000,
Cold Start: false
Unique ID: 07da3e9683ea8415e6ae23e98632ab39,
Execution Time for Trace ID 07da3e9683ea8415e6ae23e98632ab39: 334 ms
Input: 5000000,
Cold Start: false
Unique ID: d1ac5bca3c62befde75bf39a1f6764f1,
Execution Time for Trace ID d1ac5bca3c62befde75bf39a1f6764f1: 340 ms
Input: 5000000,
Cold Start: false
Unique ID: bdf287bec8beaf056822b8d11077ae65,
Execution Time for Trace ID bdf287bec8beaf056822b8d11077ae65: 339 ms
Input: 5000000,
Cold Start: false
Unique ID: c5b1e037f70aa00763c024ec2733a27c,
Execution Time for Trace ID c5b1e037f70aa00763c024ec2733a27c: 167 ms
Input: 5000000,
Cold Start: false
Unique ID: 06503261ed96c992983220bcab0afb9d,
Execution Time for Trace ID 06503261ed96c992983220bcab0afb9d: 296 ms
Input: 5000000,
Cold Start: false
Unique ID: 601c3c922ad3c43464aad1b92009a684,
Execution Time for Trace ID 601c3c922ad3c43464aad1b92009a684: 344 ms
Input: 5000000,
Cold Start: false
Unique ID: d5fc34ae1e019a0b4b5c85126d2f2fee,
Execution Time for Trace ID d5fc34ae1e019a0b4b5c85126d2f2fee: 419 ms
Input: 5000000,
Cold Start: false
Unique ID: 37ffebac9177f1b1b72b6d07ead1966b,
Execution Time for Trace ID 37ffebac9177f1b1b72b6d07ead1966b: 517 ms
Input: 5000000,
Cold Start: false
Unique ID: 0d3428add41232bf30c722ef3109147e,
Execution Time for Trace ID 0d3428add41232bf30c722ef3109147e: 331 ms
Input: 5000000,
Cold Start: false
Unique ID: 0d7b4736e97db06769117b4aad7dfe9c,
Execution Time for Trace ID 0d7b4736e97db06769117b4aad7dfe9c: 293 ms
Input: 5000000,
Cold Start: false
Unique ID: 93f45db1576617378d05fe91771bda87,
Execution Time for Trace ID 93f45db1576617378d05fe91771bda87: 403 ms
Input: 5000000,
Cold Start: false
Unique ID: 394a695e3b5b23ab7f9545896d70bdd0,
Execution Time for Trace ID 394a695e3b5b23ab7f9545896d70bdd0: 524 ms
Input: 5000000,
Cold Start: false
Unique ID: 0e2bcf71b59ebaebb4e0bd1c59f20076,
Execution Time for Trace ID 0e2bcf71b59ebaebb4e0bd1c59f20076: 549 ms
Input: 5000000,
Cold Start: false
Unique ID: 1154d3b9af4e9022339122adec49c791,
Execution Time for Trace ID 1154d3b9af4e9022339122adec49c791: 344 ms
Input: 5000000,
Cold Start: false
Unique ID: 0a3c31661d9c1051633e885733b9ce24,
Execution Time for Trace ID 0a3c31661d9c1051633e885733b9ce24: 293 ms
Input: 5000000,
Cold Start: false
Unique ID: fdd01f166e673c538d573cade13916f5,
Execution Time for Trace ID fdd01f166e673c538d573cade13916f5: 332 ms
Input: 5000000,
Cold Start: false
Unique ID: 8266d97571bb3aa32acf55fa335be093,
Execution Time for Trace ID 8266d97571bb3aa32acf55fa335be093: 539 ms
Input: 5000000,
Cold Start: false
Unique ID: e747539e4cb964688c46539bf4bbafd9,
Execution Time for Trace ID e747539e4cb964688c46539bf4bbafd9: 487 ms
Input: 5000000,
Cold Start: false
Unique ID: 9e1ce16e8ccf6a428109590e6defa406,
Execution Time for Trace ID 9e1ce16e8ccf6a428109590e6defa406: 294 ms
Input: 5000000,
Cold Start: false
Unique ID: 3f6aa88e4dfdaccddaf307401016a81b,
Execution Time for Trace ID 3f6aa88e4dfdaccddaf307401016a81b: 408 ms
Input: 5000000,
Cold Start: false
Unique ID: 601cea5ae1d67339d6d16c25089428c6,
Execution Time for Trace ID 601cea5ae1d67339d6d16c25089428c6: 336 ms
Input: 5000000,
Cold Start: false
Unique ID: 01c9c03db49014f2e747124502cea9af,
Execution Time for Trace ID 01c9c03db49014f2e747124502cea9af: 407 ms
Input: 5000000,
Cold Start: false
Unique ID: c6f97def949940b098844b1588bf1b7f,
Execution Time for Trace ID c6f97def949940b098844b1588bf1b7f: 451 ms
Input: 5000000,
Cold Start: false
Unique ID: 9ef79a251a739fefb696e0cd097f5334,
Execution Time for Trace ID 9ef79a251a739fefb696e0cd097f5334: 329 ms
Input: 5000000,
Cold Start: false
Unique ID: 2170480769ddbd827b7d883a4570fcfd,
Execution Time for Trace ID 2170480769ddbd827b7d883a4570fcfd: 296 ms
Input: 5000000,
Cold Start: false
Unique ID: 8434ffdd76eef1c8efbf346e28ab5977,
Execution Time for Trace ID 8434ffdd76eef1c8efbf346e28ab5977: 402 ms
Input: 5000000,
Cold Start: false
Unique ID: ad625f2ebd417bfed08cbfbb689d32b2,
Execution Time for Trace ID ad625f2ebd417bfed08cbfbb689d32b2: 413 ms
Input: 5000000,
Cold Start: false
Unique ID: 94ea8c921efe281f6669848a93d43e86,
Execution Time for Trace ID 94ea8c921efe281f6669848a93d43e86: 365 ms
Input: 5000000,
Cold Start: false
Unique ID: f72bc875464b9f55dac470112c48d032,
Execution Time for Trace ID f72bc875464b9f55dac470112c48d032: 329 ms
Input: 5000000,
Cold Start: false
Unique ID: 224137cefae4c9fe27e23e74195fb877,
Execution Time for Trace ID 224137cefae4c9fe27e23e74195fb877: 294 ms
Input: 5000000,
Cold Start: false
Unique ID: 65738189535d5bd52ce1dc0b9c56d513,
Execution Time for Trace ID 65738189535d5bd52ce1dc0b9c56d513: 408 ms
Input: 5000000,
Cold Start: false
Unique ID: e2ccde937b748b17214856ad077150c5,
Execution Time for Trace ID e2ccde937b748b17214856ad077150c5: 340 ms
Input: 5000000,
Cold Start: false
Unique ID: 62be0bee1b71706a8ac63380aab62f08,
Execution Time for Trace ID 62be0bee1b71706a8ac63380aab62f08: 403 ms
Input: 5000000,
Cold Start: false
Unique ID: db86d925bf2405264eedb67391693a80,
Execution Time for Trace ID db86d925bf2405264eedb67391693a80: 297 ms
Input: 5000000,
Cold Start: false
Unique ID: 1c8759da2f854269e114c06f5998a76e,
Execution Time for Trace ID 1c8759da2f854269e114c06f5998a76e: 410 ms
Input: 5000000,
Cold Start: false
Unique ID: a1d31010e2d591524d271400688046cd,
Execution Time for Trace ID a1d31010e2d591524d271400688046cd: 329 ms
Input: 5000000,
Cold Start: false
Unique ID: 2fb25ed440f9d31cd5fa8fd7c72ed3e2,
Execution Time for Trace ID 2fb25ed440f9d31cd5fa8fd7c72ed3e2: 403 ms
Input: 5000000,
Cold Start: false
Unique ID: 5780fe45d6974624fd82d136ffbec724,
Execution Time for Trace ID 5780fe45d6974624fd82d136ffbec724: 357 ms
Input: 5000000,
Cold Start: false
Unique ID: f3883abf2fb4214203618138035bf51f,
Execution Time for Trace ID f3883abf2fb4214203618138035bf51f: 329 ms
Input: 5000000,
Cold Start: false
Unique ID: 272175ce9ba53f700c229a48ef231b94,
Execution Time for Trace ID 272175ce9ba53f700c229a48ef231b94: 359 ms
Input: 5000000,
Cold Start: false
Unique ID: 37c1059ec203609a72ecb4946b1b2066,
Execution Time for Trace ID 37c1059ec203609a72ecb4946b1b2066: 332 ms
Input: 5000000,
Cold Start: false
Unique ID: 9656eee3486a5f0ee57927cadb7fabbc,
Execution Time for Trace ID 9656eee3486a5f0ee57927cadb7fabbc: 366 ms
Input: 5000000,
Cold Start: false
Unique ID: 5320c0b4a82bcbafd8f653bbfcaa26cb,
Execution Time for Trace ID 5320c0b4a82bcbafd8f653bbfcaa26cb: 359 ms
Input: 5000000,
Cold Start: false
Unique ID: 9b4f04605811bfdd9a304a6067d7e9f7,
Execution Time for Trace ID 9b4f04605811bfdd9a304a6067d7e9f7: 332 ms
Input: 5000000,
Cold Start: false
Unique ID: 520c6cff116c66f1f66ecb5e3155f4e7,
Execution Time for Trace ID 520c6cff116c66f1f66ecb5e3155f4e7: 301 ms
Input: 5000000,
Cold Start: false
Unique ID: 3d12c990c6179b5638e9e5dc4e3a0b6a,
Execution Time for Trace ID 3d12c990c6179b5638e9e5dc4e3a0b6a: 410 ms
Input: 5000000,
Cold Start: false
Unique ID: 61b5c61c4a3f1db54704db9929e29dff,
Execution Time for Trace ID 61b5c61c4a3f1db54704db9929e29dff: 342 ms
Input: 5000000,
Cold Start: false
Unique ID: a5bac0da9480ee91f4bfadd1db1e78cc,
Execution Time for Trace ID a5bac0da9480ee91f4bfadd1db1e78cc: 401 ms
Input: 5000000,
Cold Start: false
Unique ID: 790e46fd4aa1db42d6eaa6542c559a68,
Execution Time for Trace ID 790e46fd4aa1db42d6eaa6542c559a68: 337 ms
Input: 5000000,
Cold Start: false
Unique ID: 9152e6010b572db055c94ec5e06586f6,
Execution Time for Trace ID 9152e6010b572db055c94ec5e06586f6: 355 ms
Input: 5000000,
Cold Start: false
Unique ID: 02535ad25abac5a7d13575e159700ad5,
Execution Time for Trace ID 02535ad25abac5a7d13575e159700ad5: 328 ms
Input: 5000000,
Cold Start: false
Unique ID: 9d5f3e7ddfd4955106cde166af922c1d,
Execution Time for Trace ID 9d5f3e7ddfd4955106cde166af922c1d: 386 ms
Input: 5000000,
Cold Start: false
Unique ID: 212e95efd121666f2f1eec3ab37a8246,
Execution Time for Trace ID 212e95efd121666f2f1eec3ab37a8246: 351 ms
Input: 5000000,
Cold Start: false
Unique ID: fcc2264f1c1c5b475eb1c48c0ab5b328,
Execution Time for Trace ID fcc2264f1c1c5b475eb1c48c0ab5b328: 331 ms
Input: 5000000,
Cold Start: false
Unique ID: e367ab8241ebb5dd13ca37c109d33c04,
Execution Time for Trace ID e367ab8241ebb5dd13ca37c109d33c04: 307 ms
Input: 5000000,
Cold Start: false
Unique ID: ba4bf8d7dbaf1300ef3b55ada0be0f7c,
Execution Time for Trace ID ba4bf8d7dbaf1300ef3b55ada0be0f7c: 408 ms
Input: 5000000,
Cold Start: false
Unique ID: 12be44b0a2831d7b83092a83f1b22bde,
Execution Time for Trace ID 12be44b0a2831d7b83092a83f1b22bde: 336 ms
Input: 5000000,
Cold Start: false
Unique ID: 99baa92088a1f61162ba83c6ba0322ef,
Execution Time for Trace ID 99baa92088a1f61162ba83c6ba0322ef: 408 ms
Input: 5000000,
Cold Start: false
Unique ID: e83d3d1d54971921e889b3bad44ebc9f,
Execution Time for Trace ID e83d3d1d54971921e889b3bad44ebc9f: 407 ms
Input: 5000000,
Cold Start: false
Unique ID: 3c19e88caffc0dfda8c01608908ec313,
Execution Time for Trace ID 3c19e88caffc0dfda8c01608908ec313: 374 ms
Input: 5000000,
Cold Start: false
Unique ID: ba60d31e5241ade6a535a31ddcffbc2c,
Execution Time for Trace ID ba60d31e5241ade6a535a31ddcffbc2c: 348 ms
Input: 5000000,
Cold Start: false
Unique ID: 38a5c9da5bc0e643fe97a67dcae06db0,
Execution Time for Trace ID 38a5c9da5bc0e643fe97a67dcae06db0: 400 ms
Input: 5000000,
Cold Start: false
Unique ID: 27fa3a86420630e640f7d3abfda168d0,
Execution Time for Trace ID 27fa3a86420630e640f7d3abfda168d0: 360 ms
Input: 5000000,
Cold Start: false
Unique ID: 74a2f0f5bf1d4dfbe39528ed5bd7d6b1,
Execution Time for Trace ID 74a2f0f5bf1d4dfbe39528ed5bd7d6b1: 329 ms
Input: 5000000,
Cold Start: false
Unique ID: 57d491d1db42f2c676fb1b5f19367380,
Execution Time for Trace ID 57d491d1db42f2c676fb1b5f19367380: 293 ms
Input: 5000000,
Cold Start: false
Unique ID: 0570d926ee634b856f62c740657b4ef0,
Execution Time for Trace ID 0570d926ee634b856f62c740657b4ef0: 399 ms
Input: 5000000,
Cold Start: false
Unique ID: a3b1afb2270b01eb91b6c24a16ed7b1e,
Execution Time for Trace ID a3b1afb2270b01eb91b6c24a16ed7b1e: 367 ms
Input: 5000000,
Cold Start: false
Unique ID: 3a4e1a1c2c3a2136f5388a2406227b9c,
Execution Time for Trace ID 3a4e1a1c2c3a2136f5388a2406227b9c: 347 ms
Input: 5000000,
Cold Start: false
Unique ID: 71b16173f92a48a07c48b9aa7764940a,
Execution Time for Trace ID 71b16173f92a48a07c48b9aa7764940a: 340 ms
Input: 5000000,
Cold Start: false
Unique ID: 77cb25f7889296f276f69e8ce7a06923,
Execution Time for Trace ID 77cb25f7889296f276f69e8ce7a06923: 349 ms
Input: 5000000,
Cold Start: false
Unique ID: 3304563bcfe937da429ca0049f587f17,
Execution Time for Trace ID 3304563bcfe937da429ca0049f587f17: 336 ms
Input: 5000000,
Cold Start: false
Unique ID: 96fa669280fb9fed41a015c3319fc5f4,
Execution Time for Trace ID 96fa669280fb9fed41a015c3319fc5f4: 419 ms
Input: 5000000,
Cold Start: false
Unique ID: 2ddcf9462085b3c40ad10acfdcc5e212,
Execution Time for Trace ID 2ddcf9462085b3c40ad10acfdcc5e212: 392 ms
Input: 5000000,
Cold Start: false
Unique ID: c6ec91181fb2a8fe991dfc76c6a4af1a,
Execution Time for Trace ID c6ec91181fb2a8fe991dfc76c6a4af1a: 338 ms
Input: 5000000,
Cold Start: false
Unique ID: 600eb8e3cb94cf36b944fa6518a46b5b,
Execution Time for Trace ID 600eb8e3cb94cf36b944fa6518a46b5b: 362 ms
Input: 5000000,
Cold Start: false
Unique ID: a87d95174a5b5872040e2b776734a084,
Execution Time for Trace ID a87d95174a5b5872040e2b776734a084: 404 ms
Input: 5000000,
Cold Start: false
Unique ID: f19ec6d6594cd2d3e23e4ed41c89a792,
Execution Time for Trace ID f19ec6d6594cd2d3e23e4ed41c89a792: 343 ms
Input: 5000000,
Cold Start: false
Unique ID: ee1e90cc5144236b90fe5cc1e1953988,
Execution Time for Trace ID ee1e90cc5144236b90fe5cc1e1953988: 412 ms
Input: 5000000,
Cold Start: false
Unique ID: 4f8cc4efaaf666cc05764c6fd3b5f14e,
Execution Time for Trace ID 4f8cc4efaaf666cc05764c6fd3b5f14e: 334 ms
Input: 5000000,
Cold Start: false
Unique ID: 55997befe4fdc727980c24b26704e6e4,
Execution Time for Trace ID 55997befe4fdc727980c24b26704e6e4: 358 ms
Input: 5000000,
Cold Start: false
Unique ID: c142fe0778db4eb3df4147550019c58d,
Execution Time for Trace ID c142fe0778db4eb3df4147550019c58d: 335 ms
Input: 5000000,
Cold Start: false
Unique ID: 460ba36a6a4a5b80de1a37a12263557e,
Execution Time for Trace ID 460ba36a6a4a5b80de1a37a12263557e: 373 ms
Input: 5000000,
Cold Start: false
Unique ID: 961e613fc7ea37e62a6ae98faace1a9b,
Execution Time for Trace ID 961e613fc7ea37e62a6ae98faace1a9b: 357 ms
Input: 5000000,
Cold Start: false
Unique ID: d8186c0759a39fa9431f7949a09068fd,
Execution Time for Trace ID d8186c0759a39fa9431f7949a09068fd: 303 ms
Input: 5000000,
Cold Start: false
Unique ID: 0a06e04073ba66626b2de7c4489c5890,
Execution Time for Trace ID 0a06e04073ba66626b2de7c4489c5890: 408 ms
Input: 5000000,
Cold Start: false
Unique ID: 3dedac59cbabe346bbfa04c6b1cae820,
Execution Time for Trace ID 3dedac59cbabe346bbfa04c6b1cae820: 334 ms
Input: 5000000,
Cold Start: false
Unique ID: 1d494e716221845ff18811fe160596c1,
Execution Time for Trace ID 1d494e716221845ff18811fe160596c1: 412 ms
Input: 5000000,
Cold Start: false
Unique ID: 0cc3623cd5f52a75ca5bdd9c9b834f41,
Execution Time for Trace ID 0cc3623cd5f52a75ca5bdd9c9b834f41: 436 ms
Input: 5000000,
Cold Start: false
Unique ID: 944ee7ffedb2bdec61ab624a6c833bfe,
Execution Time for Trace ID 944ee7ffedb2bdec61ab624a6c833bfe: 374 ms
Input: 5000000,
Cold Start: false
Unique ID: 40f4b59aae3df838a201c307c836aee8,
Execution Time for Trace ID 40f4b59aae3df838a201c307c836aee8: 333 ms
Input: 5000000,
Cold Start: false
Unique ID: 6b504d8240e9f0e44e83000aa88d834a,
Execution Time for Trace ID 6b504d8240e9f0e44e83000aa88d834a: 307 ms
Input: 5000000,
Cold Start: false
Unique ID: 865816a6601a75f0b54d15c0a4e11a2a,
Execution Time for Trace ID 865816a6601a75f0b54d15c0a4e11a2a: 396 ms
Input: 5000000,
Cold Start: false
Unique ID: 89180f9b60466a30a0a9f622c4401fca,
Execution Time for Trace ID 89180f9b60466a30a0a9f622c4401fca: 433 ms
Input: 5000000,
Cold Start: false
Unique ID: 4ccea79cd216f69e334acd7c86e73ac2,
Execution Time for Trace ID 4ccea79cd216f69e334acd7c86e73ac2: 285 ms
Input: 5000000,
Cold Start: false
Unique ID: 0a612485b4237b1cd47eb56c779ee514,
Execution Time for Trace ID 0a612485b4237b1cd47eb56c779ee514: 408 ms
Input: 5000000,
Cold Start: false
Unique ID: 68d344cccf77917ecee6a5f88bfdb256,
Execution Time for Trace ID 68d344cccf77917ecee6a5f88bfdb256: 406 ms
Input: 5000000,
Cold Start: false
Unique ID: 9f32f9aa6613661ab4bcfe639ecbf8ec,
Execution Time for Trace ID 9f32f9aa6613661ab4bcfe639ecbf8ec: 371 ms
Input: 5000000,
Cold Start: false
Unique ID: 6e27f7d2ea528128caeb10410360bb18,
Execution Time for Trace ID 6e27f7d2ea528128caeb10410360bb18: 355 ms
Input: 5000000,
Cold Start: false
Unique ID: 9fbfd1d6fa0166ecf17022e7aab6f1e5,
Execution Time for Trace ID 9fbfd1d6fa0166ecf17022e7aab6f1e5: 340 ms
Input: 5000000,
Cold Start: false
Unique ID: 6c9ec0002fa37a001a3bf4f6240e037e,
Execution Time for Trace ID 6c9ec0002fa37a001a3bf4f6240e037e: 291 ms
Input: 5000000,
Cold Start: false
Unique ID: 6e99880d41b01a5b242903064402147b,
Execution Time for Trace ID 6e99880d41b01a5b242903064402147b: 408 ms
Input: 5000000,
Cold Start: false
Unique ID: 9db0a4967c90ae77b057c679cce77f58,
Execution Time for Trace ID 9db0a4967c90ae77b057c679cce77f58: 341 ms
Input: 5000000,
Cold Start: false
Unique ID: 6324c676076d0492d23884d43aaa12fe,
Execution Time for Trace ID 6324c676076d0492d23884d43aaa12fe: 399 ms
Input: 5000000,
Cold Start: false
Unique ID: 79b3004ec1355e5e70f5f4a93ba8b810,
Execution Time for Trace ID 79b3004ec1355e5e70f5f4a93ba8b810: 338 ms
Input: 5000000,
Cold Start: false
Unique ID: c3eddc84be3f72885dd08fcfeb16b512,
Execution Time for Trace ID c3eddc84be3f72885dd08fcfeb16b512: 362 ms
Input: 5000000,
Cold Start: false
Unique ID: a0841391ae62ab1cc332110eef99c466,
Execution Time for Trace ID a0841391ae62ab1cc332110eef99c466: 333 ms
Input: 5000000,
Cold Start: false
Unique ID: 7350c9051bc7faf1ff3de1f6285a6df0,
Execution Time for Trace ID 7350c9051bc7faf1ff3de1f6285a6df0: 340 ms
Input: 5000000,
Cold Start: false
Unique ID: f8556daeacebdd75c902218a8f209cf4,
Execution Time for Trace ID f8556daeacebdd75c902218a8f209cf4: 361 ms
Input: 5000000,
Cold Start: false
Unique ID: 2fe57f655c4bcae258c8beca8860ba9c,
Execution Time for Trace ID 2fe57f655c4bcae258c8beca8860ba9c: 336 ms
Input: 5000000,
Cold Start: false
Unique ID: 555c2bae7a4b601e0a97b9e6c320a5ec,
Execution Time for Trace ID 555c2bae7a4b601e0a97b9e6c320a5ec: 358 ms
Input: 5000000,
Cold Start: false
Unique ID: 55bd5f60e302b9453d64c9605d1ad056,
Execution Time for Trace ID 55bd5f60e302b9453d64c9605d1ad056: 335 ms
Input: 5000000,
Cold Start: false
Unique ID: 8e4f4465c6ae32b22f181ddf173593ca,
Execution Time for Trace ID 8e4f4465c6ae32b22f181ddf173593ca: 350 ms
Input: 5000000,
Cold Start: false
Unique ID: 5ffb826fa9c060275c153d4a98824025,
Execution Time for Trace ID 5ffb826fa9c060275c153d4a98824025: 385 ms
Input: 5000000,
Cold Start: false
Unique ID: 8a741c503fde3d0221b66e5d14cd8300,
Execution Time for Trace ID 8a741c503fde3d0221b66e5d14cd8300: 408 ms
Input: 5000000,
Cold Start: false
Unique ID: 96abdcb9b0b7131573c7c7cd4b46e888,
Execution Time for Trace ID 96abdcb9b0b7131573c7c7cd4b46e888: 357 ms
Input: 5000000,
Cold Start: false
Unique ID: de8ea32e5593c709b206f12589047369,
Execution Time for Trace ID de8ea32e5593c709b206f12589047369: 343 ms
Input: 5000000,
Cold Start: false
Unique ID: bbeffa7965b0b378232d79c5f1f19c8e,
Execution Time for Trace ID bbeffa7965b0b378232d79c5f1f19c8e: 431 ms
Input: 5000000,
Cold Start: false
Unique ID: 3ae227acfdacb27159357aad98c4b8ea,
Execution Time for Trace ID 3ae227acfdacb27159357aad98c4b8ea: 394 ms
Input: 5000000,
Cold Start: false
Unique ID: 3277be34ddeda64ad61e84eb4f3fb5f4,
Execution Time for Trace ID 3277be34ddeda64ad61e84eb4f3fb5f4: 346 ms
Input: 5000000,
Cold Start: false
Unique ID: 940ef9a8f7d8ae83af1779c3e6a1f070,
Execution Time for Trace ID 940ef9a8f7d8ae83af1779c3e6a1f070: 365 ms
Input: 5000000,
Cold Start: false
Unique ID: 9f96c0beaea959bbb1eb42c1d3ab6043,
Execution Time for Trace ID 9f96c0beaea959bbb1eb42c1d3ab6043: 405 ms
Input: 5000000,
Cold Start: false
Unique ID: 4663929ccb0ffde43e08bb7fec43cd56,
Execution Time for Trace ID 4663929ccb0ffde43e08bb7fec43cd56: 409 ms
Input: 5000000,
Cold Start: false
Unique ID: a62b7229c01a23766ee6e14e2c6fe9d5,
Execution Time for Trace ID a62b7229c01a23766ee6e14e2c6fe9d5: 370 ms
Input: 5000000,
Cold Start: false
Unique ID: 6190aa39620068e6f5eb6731b33b14ad,
Execution Time for Trace ID 6190aa39620068e6f5eb6731b33b14ad: 329 ms
Input: 5000000,
Cold Start: false
Unique ID: f0cd63cbf8e19a0cf222b9a9eb095ab2,
Execution Time for Trace ID f0cd63cbf8e19a0cf222b9a9eb095ab2: 360 ms
Input: 5000000,
Cold Start: false
Unique ID: 4ce4e2a90426316885c92bc4529a3f3c,
Execution Time for Trace ID 4ce4e2a90426316885c92bc4529a3f3c: 328 ms
Input: 5000000,
Cold Start: false
Unique ID: 7e500a9f2debe6aaa15136589bf7e34b,
Execution Time for Trace ID 7e500a9f2debe6aaa15136589bf7e34b: 408 ms
Input: 5000000,
Cold Start: false
Unique ID: 9d2ce2ff773b91a5943b3d4d7a2b138c,
Execution Time for Trace ID 9d2ce2ff773b91a5943b3d4d7a2b138c: 355 ms
Input: 5000000,
Cold Start: false
Unique ID: 2fb4267d49e062b807d4b9a7c8a3d8bf,
Execution Time for Trace ID 2fb4267d49e062b807d4b9a7c8a3d8bf: 297 ms
Input: 5000000,
Cold Start: false
Unique ID: 950d0b421aeb8b7c62bbfdbe5fbce7ef,
Execution Time for Trace ID 950d0b421aeb8b7c62bbfdbe5fbce7ef: 410 ms
Input: 5000000,
Cold Start: false
Unique ID: 170bdf1912179a41480f0c855b91f53e,
Execution Time for Trace ID 170bdf1912179a41480f0c855b91f53e: 332 ms
Input: 5000000,
Cold Start: false
Unique ID: 2eb340fb6dad31fd13fbc4ee61ab5445,
Execution Time for Trace ID 2eb340fb6dad31fd13fbc4ee61ab5445: 344 ms
Input: 5000000,
Cold Start: false
Unique ID: c2aee7588167e5e042a7710591f11ef3,
Execution Time for Trace ID c2aee7588167e5e042a7710591f11ef3: 346 ms
Input: 5000000,
Cold Start: false
Unique ID: 433d097a485280ca954929d753cd9a33,
Execution Time for Trace ID 433d097a485280ca954929d753cd9a33: 291 ms
Input: 5000000,
Cold Start: false
Unique ID: 3efe4626bf98029e9b56142e5abc4978,
Execution Time for Trace ID 3efe4626bf98029e9b56142e5abc4978: 416 ms
Input: 5000000,
Cold Start: false
Unique ID: 74214c0b6aee9d096f1fd9161a56e05b,
Execution Time for Trace ID 74214c0b6aee9d096f1fd9161a56e05b: 338 ms
Input: 5000000,
Cold Start: false
Unique ID: a1246c438979f934289a770bfb32de71,
Execution Time for Trace ID a1246c438979f934289a770bfb32de71: 496 ms
Input: 5000000,
Cold Start: false
Unique ID: 70e094b9b843a234a2870eb95d7a9438,
Execution Time for Trace ID 70e094b9b843a234a2870eb95d7a9438: 530 ms
Input: 5000000,
Cold Start: false
Unique ID: f9e325a860907088770bcc60c0d85cd1,
Execution Time for Trace ID f9e325a860907088770bcc60c0d85cd1: 339 ms
Input: 5000000,
Cold Start: false
Unique ID: 39eeccfcc8f56375cb7b4ff975e54a6a,
Execution Time for Trace ID 39eeccfcc8f56375cb7b4ff975e54a6a: 362 ms
Input: 5000000,
Cold Start: false
Unique ID: 406a74a3bfd49ecfcb68c87726427a95,
Execution Time for Trace ID 406a74a3bfd49ecfcb68c87726427a95: 337 ms
Input: 5000000,
Cold Start: false
Unique ID: 972acf8a5c5a6d3b461bdf12ffbc2f21,
Execution Time for Trace ID 972acf8a5c5a6d3b461bdf12ffbc2f21: 488 ms
Input: 5000000,
Cold Start: false
Unique ID: abbbb49e04f0c3b2a87265db4ff7de28,
Execution Time for Trace ID abbbb49e04f0c3b2a87265db4ff7de28: 527 ms
Input: 5000000,
Cold Start: false
Unique ID: f06ab997e321318ec4ef28163115c246,
Execution Time for Trace ID f06ab997e321318ec4ef28163115c246: 416 ms
Input: 5000000,
Cold Start: false
Unique ID: be8d8f71b21b598cfaf45f1cd450bcee,
Execution Time for Trace ID be8d8f71b21b598cfaf45f1cd450bcee: 376 ms
Input: 5000000,
Cold Start: false
Unique ID: a9b73367575f4e11ac30b849a06b59e2,
Execution Time for Trace ID a9b73367575f4e11ac30b849a06b59e2: 413 ms
Input: 5000000,
Cold Start: false
Unique ID: 78a74bfd8b13a1a284dcb87719e47a71,
Execution Time for Trace ID 78a74bfd8b13a1a284dcb87719e47a71: 386 ms
Input: 5000000,
Cold Start: false
Unique ID: 30e39ce39c0a5a95afa4e9818cba2529,
Execution Time for Trace ID 30e39ce39c0a5a95afa4e9818cba2529: 361 ms
Input: 5000000,
Cold Start: false
Unique ID: 34fa052ce9cc8a2a5d562554e5c02b43,
Execution Time for Trace ID 34fa052ce9cc8a2a5d562554e5c02b43: 359 ms
Input: 5000000,
Cold Start: false
Unique ID: 232d84a7249cc72309d611872e929901,
Execution Time for Trace ID 232d84a7249cc72309d611872e929901: 411 ms
Input: 5000000,
Cold Start: false
Unique ID: a697fec77b7e8417cfcad51b0e55fb77,
Execution Time for Trace ID a697fec77b7e8417cfcad51b0e55fb77: 413 ms
Input: 5000000,
Cold Start: false
Unique ID: 8c8a107bb267aa6dd01a443712fd3f36,
Execution Time for Trace ID 8c8a107bb267aa6dd01a443712fd3f36: 362 ms
Input: 5000000,
Cold Start: false
Unique ID: 183e2b6cd125407863b5e56c08dab11e,
Execution Time for Trace ID 183e2b6cd125407863b5e56c08dab11e: 434 ms
Input: 5000000,
Cold Start: false
Unique ID: d36b0874f61eeeec76a9700c088e1ad4,
Execution Time for Trace ID d36b0874f61eeeec76a9700c088e1ad4: 334 ms
Input: 5000000,
Cold Start: false
Unique ID: 2ec04c8177209349a69fda878f6c597e,
Execution Time for Trace ID 2ec04c8177209349a69fda878f6c597e: 344 ms
Input: 5000000,
Cold Start: false
Unique ID: 3a99dad73c8ec111c41cf1f27dabccbd,
Execution Time for Trace ID 3a99dad73c8ec111c41cf1f27dabccbd: 369 ms
Input: 5000000,
Cold Start: false
Unique ID: 28a4dbd58b2e4ef088f23f6f04236349,
Execution Time for Trace ID 28a4dbd58b2e4ef088f23f6f04236349: 386 ms
Input: 5000000,
Cold Start: false
Unique ID: 1c493b461fd4df8b81e9b7e80be1820a,
Execution Time for Trace ID 1c493b461fd4df8b81e9b7e80be1820a: 432 ms
Input: 5000000,
Cold Start: false
Unique ID: 940b9ff5971f499b8664be4eb9dcedd7,
Execution Time for Trace ID 940b9ff5971f499b8664be4eb9dcedd7: 361 ms
Input: 5000000,
Cold Start: false
Unique ID: 8249e67663da88147367aa6fe992a74f,
Execution Time for Trace ID 8249e67663da88147367aa6fe992a74f: 414 ms
Input: 5000000,
Cold Start: false
Unique ID: a7578115757fb0f39350b73eeb66548c,
Execution Time for Trace ID a7578115757fb0f39350b73eeb66548c: 342 ms
Input: 5000000,
Cold Start: false
Unique ID: ee137bdfcee70d237d700404d5c0b044,
Execution Time for Trace ID ee137bdfcee70d237d700404d5c0b044: 504 ms
Input: 5000000,
Cold Start: false
Unique ID: dc8c228a08d41a31ac78fb8a9d219885,
Execution Time for Trace ID dc8c228a08d41a31ac78fb8a9d219885: 472 ms
Input: 5000000,
Cold Start: false
Unique ID: 42814834a947bb351f32da9d4aa505c4,
Execution Time for Trace ID 42814834a947bb351f32da9d4aa505c4: 320 ms
Input: 5000000,
Cold Start: false
Unique ID: 7401c1f692e6c5da6084949918ff599f,
Execution Time for Trace ID 7401c1f692e6c5da6084949918ff599f: 408 ms
Input: 5000000,
Cold Start: false
Unique ID: a9731d16f19cab946b779081f107f579,
Execution Time for Trace ID a9731d16f19cab946b779081f107f579: 338 ms
Input: 5000000,
Cold Start: false
Unique ID: 44e2ae0a33805b5e1342997e8378650e,
Execution Time for Trace ID 44e2ae0a33805b5e1342997e8378650e: 342 ms
Input: 5000000,
Cold Start: false
Unique ID: 543fee375309e22db4c429c89ac58cf1,
Execution Time for Trace ID 543fee375309e22db4c429c89ac58cf1: 408 ms
Input: 5000000,
Cold Start: false
Unique ID: 2d6b3a848d4c10f525d35c6fb6e88422,
Execution Time for Trace ID 2d6b3a848d4c10f525d35c6fb6e88422: 302 ms
Input: 5000000,
Cold Start: false
Unique ID: 81b9f4fc9f59159ea878c86f2bf51be5,
Execution Time for Trace ID 81b9f4fc9f59159ea878c86f2bf51be5: 404 ms
Input: 5000000,
Cold Start: false
Unique ID: 950403f6faacd0de7786c1d583bcf3fd,
Execution Time for Trace ID 950403f6faacd0de7786c1d583bcf3fd: 337 ms
Input: 5000000,
Cold Start: false
Unique ID: 4699fb3c0f414d3ff1a0190cb013f05a,
Execution Time for Trace ID 4699fb3c0f414d3ff1a0190cb013f05a: 415 ms
Input: 5000000,
Cold Start: false
Unique ID: b819ca4483984d8ed693e685a836a831,
Execution Time for Trace ID b819ca4483984d8ed693e685a836a831: 386 ms
Input: 5000000,
Cold Start: false
Unique ID: 928f591719605ebd62e574729a41000a,
Execution Time for Trace ID 928f591719605ebd62e574729a41000a: 339 ms
Input: 5000000,
Cold Start: false
Unique ID: 93bba994e2728462d8b24e84ed577a73,
Execution Time for Trace ID 93bba994e2728462d8b24e84ed577a73: 362 ms
Input: 5000000,
Cold Start: false
Unique ID: efbacf7dcc71534409cec2bd8ed07974,
Execution Time for Trace ID efbacf7dcc71534409cec2bd8ed07974: 337 ms
Input: 5000000,
Cold Start: false
Unique ID: f75bf4feff9d66db9c7a41b28560342b,
Execution Time for Trace ID f75bf4feff9d66db9c7a41b28560342b: 360 ms
Input: 5000000,
Cold Start: false
Unique ID: 0229f051f64800f5375d038c1309bb08,
Execution Time for Trace ID 0229f051f64800f5375d038c1309bb08: 346 ms
Input: 5000000,
Cold Start: false
Unique ID: 8fbf9006bd5f1131bc7eee721a727cf6,
Execution Time for Trace ID 8fbf9006bd5f1131bc7eee721a727cf6: 165 ms
Input: 5000000,
Cold Start: false
Unique ID: 4d4177f755d2a41a0b227b2b4944da66,
Execution Time for Trace ID 4d4177f755d2a41a0b227b2b4944da66: 334 ms
Input: 5000000,
Cold Start: false
Unique ID: 4a0945b82adcf1800d1fd515130ba63b,
Execution Time for Trace ID 4a0945b82adcf1800d1fd515130ba63b: 292 ms
Input: 5000000,
Cold Start: false
Unique ID: 7612a55e56cb86bdaa64a48c84a960eb,
Execution Time for Trace ID 7612a55e56cb86bdaa64a48c84a960eb: 399 ms
Input: 5000000,
Cold Start: false
Unique ID: 17910787a45138e5deb674ea06b43de5,
Execution Time for Trace ID 17910787a45138e5deb674ea06b43de5: 342 ms
Input: 5000000,
Cold Start: false
Unique ID: c9e61501e5effe945f4428f9ee339aee,
Execution Time for Trace ID c9e61501e5effe945f4428f9ee339aee: 295 ms
Input: 5000000,
Cold Start: false
Unique ID: 1d9ea6fa9d56ea1296c940b378dcb3e2,
Execution Time for Trace ID 1d9ea6fa9d56ea1296c940b378dcb3e2: 406 ms
Input: 5000000,
Cold Start: false
Unique ID: 9b7f1287ae60518940e0a6f682993920,
Execution Time for Trace ID 9b7f1287ae60518940e0a6f682993920: 336 ms
Input: 5000000,
Cold Start: false
Unique ID: c8464961ea981661edfff60e1f19ea75,
Execution Time for Trace ID c8464961ea981661edfff60e1f19ea75: 404 ms
Input: 5000000,
Cold Start: false
Unique ID: 31ff8fd256264460a674d64a5f163283,
Execution Time for Trace ID 31ff8fd256264460a674d64a5f163283: 439 ms
Input: 5000000,
Cold Start: false
Unique ID: a2848db3d7239fa18900ed1ccff88326,
Execution Time for Trace ID a2848db3d7239fa18900ed1ccff88326: 366 ms
Input: 5000000,
Cold Start: false
Unique ID: c71a85aa6560e8a4fee3bb5de0d05dbe,
Execution Time for Trace ID c71a85aa6560e8a4fee3bb5de0d05dbe: 409 ms
Input: 5000000,
Cold Start: false
Unique ID: b60bcb5aed2453e1af17837944ce594b,
Execution Time for Trace ID b60bcb5aed2453e1af17837944ce594b: 341 ms
Input: 5000000,
Cold Start: false
Unique ID: b17c3496bb28489aa84c8a7fa0d445b9,
Execution Time for Trace ID b17c3496bb28489aa84c8a7fa0d445b9: 375 ms
Input: 5000000,
Cold Start: false
Unique ID: 44994c6b65ac5ea8bece02eea612db2d,
Execution Time for Trace ID 44994c6b65ac5ea8bece02eea612db2d: 354 ms
Input: 5000000,
Cold Start: false
Unique ID: 7d104d32d7b1806ec4c15163a390fc92,
Execution Time for Trace ID 7d104d32d7b1806ec4c15163a390fc92: 299 ms
Input: 5000000,
Cold Start: false
Unique ID: 393ac92c195be37ac0716f9cc80ded55,
Execution Time for Trace ID 393ac92c195be37ac0716f9cc80ded55: 405 ms
Input: 5000000,
Cold Start: false
Unique ID: e9348f4033eef8d75586c1cff0fd1cef,
Execution Time for Trace ID e9348f4033eef8d75586c1cff0fd1cef: 335 ms
Input: 5000000,
Cold Start: false
Unique ID: be41579475a675df44fb816406bd0774,
Execution Time for Trace ID be41579475a675df44fb816406bd0774: 409 ms
Input: 5000000,
Cold Start: false
Unique ID: 07f5d271703412935884bdae52d31b01,
Execution Time for Trace ID 07f5d271703412935884bdae52d31b01: 382 ms
Input: 5000000,
Cold Start: false
Unique ID: 51aa94c4fbaf4c049f5fb0bfa13d24f4,
Execution Time for Trace ID 51aa94c4fbaf4c049f5fb0bfa13d24f4: 336 ms
Input: 5000000,
Cold Start: false
Unique ID: 0fd91c50603bd0aaba952fb7c817f873,
Execution Time for Trace ID 0fd91c50603bd0aaba952fb7c817f873: 352 ms
Input: 5000000,
Cold Start: false
Unique ID: 17f51a5e5c10899d0c6863d915596176,
Execution Time for Trace ID 17f51a5e5c10899d0c6863d915596176: 337 ms
Input: 5000000,
Cold Start: false
Unique ID: fa9ac9daa40ffa1c9776e602d2566147,
Execution Time for Trace ID fa9ac9daa40ffa1c9776e602d2566147: 388 ms
Input: 5000000,
Cold Start: false
Unique ID: 7d08db78aa73ece50a0b7ca6f6c91c0c,
Execution Time for Trace ID 7d08db78aa73ece50a0b7ca6f6c91c0c: 346 ms
Input: 5000000,
Cold Start: false
Unique ID: e99e6e1af5b7d315a3ef822646009ed4,
Execution Time for Trace ID e99e6e1af5b7d315a3ef822646009ed4: 383 ms
Input: 5000000,
Cold Start: false
Unique ID: f628f42ca3357a3c8bae8c611e935fde,
Execution Time for Trace ID f628f42ca3357a3c8bae8c611e935fde: 340 ms
Input: 5000000,
Cold Start: false
Unique ID: ba6b2811fee033235f763d4ce8ca9a7e,
Execution Time for Trace ID ba6b2811fee033235f763d4ce8ca9a7e: 371 ms
Input: 5000000,
Cold Start: false
Unique ID: b38478d64905ff6eae8f56fa42c62d96,
Execution Time for Trace ID b38478d64905ff6eae8f56fa42c62d96: 353 ms
Input: 5000000,
Cold Start: false
Unique ID: 34529868f692a5912799e2232be7cc36,
Execution Time for Trace ID 34529868f692a5912799e2232be7cc36: 354 ms
Input: 5000000,
Cold Start: false
Unique ID: e637cb45a32b79105ff43fc2d513c194,
Execution Time for Trace ID e637cb45a32b79105ff43fc2d513c194: 330 ms
Input: 5000000,
Cold Start: false
Unique ID: fc559b99f76ab34f19dcb794c5094516,
Execution Time for Trace ID fc559b99f76ab34f19dcb794c5094516: 301 ms
Input: 5000000,
Cold Start: false
Unique ID: b3892d8e80fca5d11816aa619981bc4e,
Execution Time for Trace ID b3892d8e80fca5d11816aa619981bc4e: 338 ms
Input: 5000000,
Cold Start: false
Unique ID: 158f5a627c2219b19d203867c48f69ae,
Execution Time for Trace ID 158f5a627c2219b19d203867c48f69ae: 405 ms
Input: 5000000,
Cold Start: false
Unique ID: 1b84adadce4d42e7b5107d9b77757276,
Execution Time for Trace ID 1b84adadce4d42e7b5107d9b77757276: 343 ms
Input: 5000000,
Cold Start: false
Unique ID: 4b14ceafc91289860ae6c8a0af6120b6,
Execution Time for Trace ID 4b14ceafc91289860ae6c8a0af6120b6: 411 ms
Input: 5000000,
Cold Start: false
Unique ID: 1680f76db7ec3f9f014cd35ed22c1e5f,
Execution Time for Trace ID 1680f76db7ec3f9f014cd35ed22c1e5f: 287 ms
Input: 5000000,
Cold Start: false
Unique ID: 290c678801c1d3ca2ebb3ec28d0dc3ff,
Execution Time for Trace ID 290c678801c1d3ca2ebb3ec28d0dc3ff: 609 ms
Input: 5000000,
Cold Start: false
Unique ID: bceace4ba5eb5a588825e5fae05f69a9,
Execution Time for Trace ID bceace4ba5eb5a588825e5fae05f69a9: 566 ms
Input: 5000000,
Cold Start: false
Unique ID: 56fe316996265689f22b90c37b96de7f,
Execution Time for Trace ID 56fe316996265689f22b90c37b96de7f: 557 ms
Input: 5000000,
Cold Start: false
Unique ID: 83714227672461a616b39c4b0966f8dc,
Execution Time for Trace ID 83714227672461a616b39c4b0966f8dc: 427 ms
Input: 5000000,
Cold Start: false
Unique ID: 7d29d0fd8a7af47a14fabe00101b13cc,
Execution Time for Trace ID 7d29d0fd8a7af47a14fabe00101b13cc: 387 ms
Input: 5000000,
Cold Start: false
Unique ID: 3684e4fb3c96f533f33bcd148ff068a1,
Execution Time for Trace ID 3684e4fb3c96f533f33bcd148ff068a1: 413 ms
Input: 5000000,
Cold Start: false
Unique ID: 6117449c9cef31870ae6c8a0af612b6d,
Execution Time for Trace ID 6117449c9cef31870ae6c8a0af612b6d: 419 ms
Input: 5000000,
Cold Start: false
Unique ID: ca9f2c0138387a879d634c711dc1c29e,
Execution Time for Trace ID ca9f2c0138387a879d634c711dc1c29e: 386 ms
Input: 5000000,
Cold Start: false
Unique ID: 3587239abec422a4d526ac76e9f9f2e8,
Execution Time for Trace ID 3587239abec422a4d526ac76e9f9f2e8: 361 ms
Input: 5000000,
Cold Start: false
Unique ID: 8f0697533e303b309ab2178861abc27f,
Execution Time for Trace ID 8f0697533e303b309ab2178861abc27f: 383 ms
Input: 5000000,
Cold Start: false
Unique ID: 38d587c2e7567331035ba9d9d06b7364,
Execution Time for Trace ID 38d587c2e7567331035ba9d9d06b7364: 407 ms
Input: 5000000,
Cold Start: false
Unique ID: 659574bb571a607dcf14861fcb993c49,
Execution Time for Trace ID 659574bb571a607dcf14861fcb993c49: 401 ms
Input: 5000000,
Cold Start: false
Unique ID: 26f4071fa9771c28002b111b4ddaaa50,
Execution Time for Trace ID 26f4071fa9771c28002b111b4ddaaa50: 362 ms
Input: 5000000,
Cold Start: false
Unique ID: f98ba04fd5b79ade3f84e7fb27ba4a8a,
Execution Time for Trace ID f98ba04fd5b79ade3f84e7fb27ba4a8a: 329 ms
Input: 5000000,
Cold Start: false
Unique ID: dfc3eedd04815ea25d68894763188cd6,
Execution Time for Trace ID dfc3eedd04815ea25d68894763188cd6: 369 ms
Input: 5000000,
Cold Start: false
Unique ID: e9fa6bfd9805a160ebe2484d1770987c,
Execution Time for Trace ID e9fa6bfd9805a160ebe2484d1770987c: 334 ms
Input: 5000000,
Cold Start: false
Unique ID: 8c9d17c7716b46f0481ae8c999688125,
Execution Time for Trace ID 8c9d17c7716b46f0481ae8c999688125: 385 ms
Input: 5000000,
Cold Start: false
Unique ID: 8a0ded34728ccf0f1083544edebd001a,
Execution Time for Trace ID 8a0ded34728ccf0f1083544edebd001a: 355 ms
Input: 5000000,
Cold Start: false
Unique ID: a87ec36bd5a88adb0001c101bde00d4c,
Execution Time for Trace ID a87ec36bd5a88adb0001c101bde00d4c: 327 ms
Input: 5000000,
Cold Start: false
Unique ID: 12389d80b6104f08ac3c90cc66b78299,
Execution Time for Trace ID 12389d80b6104f08ac3c90cc66b78299: 358 ms
Input: 5000000,
Cold Start: false
Unique ID: 93410d84b521f2182cbfcc7ad3aab9e7,
Execution Time for Trace ID 93410d84b521f2182cbfcc7ad3aab9e7: 410 ms
Input: 5000000,
Cold Start: false
Unique ID: 32f8bf050328014afd48c8da27f1e8b4,
Execution Time for Trace ID 32f8bf050328014afd48c8da27f1e8b4: 377 ms
Input: 5000000,
Cold Start: false
Unique ID: edb37e07749c9bb17c090192194de21f,
Execution Time for Trace ID edb37e07749c9bb17c090192194de21f: 368 ms
Input: 5000000,
Cold Start: false
Unique ID: aeabe38acb51c8a219f52a023e8afd44,
Execution Time for Trace ID aeabe38acb51c8a219f52a023e8afd44: 299 ms
Input: 5000000,
Cold Start: false
Unique ID: c28cc7a1649e3b58bf53ee1c81734cbb,
Execution Time for Trace ID c28cc7a1649e3b58bf53ee1c81734cbb: 165 ms
Input: 5000000,
Cold Start: false
Unique ID: bc8cb496dcccc55dd0a9037b00eeeef1,
Execution Time for Trace ID bc8cb496dcccc55dd0a9037b00eeeef1: 404 ms
Input: 5000000,
Cold Start: false
Unique ID: 1ac7bba61035f5529ec422f737813c19,
Execution Time for Trace ID 1ac7bba61035f5529ec422f737813c19: 330 ms
Input: 5000000,
Cold Start: false
Unique ID: 1bc35b8fa11c8dafe6ad489f0e95fd10,
Execution Time for Trace ID 1bc35b8fa11c8dafe6ad489f0e95fd10: 386 ms
Input: 5000000,
Cold Start: false
Unique ID: 53f9dd2e1593d4f394cf24cd053dadee,
Execution Time for Trace ID 53f9dd2e1593d4f394cf24cd053dadee: 329 ms
Input: 5000000,
Cold Start: false
Unique ID: 9505fcff45fc77e11ba8df22e3541d57,
Execution Time for Trace ID 9505fcff45fc77e11ba8df22e3541d57: 358 ms
Input: 5000000,
Cold Start: false
Unique ID: 25e6706d9cb2b108520343955a7753a5,
Execution Time for Trace ID 25e6706d9cb2b108520343955a7753a5: 336 ms
Input: 5000000,
Cold Start: false
Unique ID: ab46caedca7978b78ccbf5a89f42338b,
Execution Time for Trace ID ab46caedca7978b78ccbf5a89f42338b: 388 ms
Input: 5000000,
Cold Start: false
Unique ID: 99a7921f0c4d29e2cda6a151a89f70b9,
Execution Time for Trace ID 99a7921f0c4d29e2cda6a151a89f70b9: 355 ms
Input: 5000000,
Cold Start: false
Unique ID: 6bc175b7aa43684f74f628ed63215abc,
Execution Time for Trace ID 6bc175b7aa43684f74f628ed63215abc: 343 ms
Input: 5000000,
Cold Start: false
Unique ID: 5349aceb65f898f2c6ef3d4d58c4db10,
Execution Time for Trace ID 5349aceb65f898f2c6ef3d4d58c4db10: 295 ms
Input: 5000000,
Cold Start: false
Unique ID: ea39dcc4cf5232e8a3062f94850fdce1,
Execution Time for Trace ID ea39dcc4cf5232e8a3062f94850fdce1: 343 ms
Input: 5000000,
Cold Start: false
Unique ID: 4d851eacdc491ff6cd9f210ce9555a2f,
Execution Time for Trace ID 4d851eacdc491ff6cd9f210ce9555a2f: 415 ms
Input: 5000000,
Cold Start: false
Unique ID: d81daa1fd1d7e23e21a26878fc53292b,
Execution Time for Trace ID d81daa1fd1d7e23e21a26878fc53292b: 381 ms
Input: 5000000,
Cold Start: false
Unique ID: e188566783e6efab2f4f1965df2a0203,
Execution Time for Trace ID e188566783e6efab2f4f1965df2a0203: 323 ms
Input: 5000000,
Cold Start: false
Unique ID: 8c086100dfedd4fc35203a44ea6c5355,
Execution Time for Trace ID 8c086100dfedd4fc35203a44ea6c5355: 300 ms
Input: 5000000,
Cold Start: false
Unique ID: 351c0485e6eb2857b260033829ebba4a,
Execution Time for Trace ID 351c0485e6eb2857b260033829ebba4a: 342 ms
Input: 5000000,
Cold Start: false
Unique ID: 4e3bac1d6fa27343be97ec7f260b74d5,
Execution Time for Trace ID 4e3bac1d6fa27343be97ec7f260b74d5: 406 ms
Input: 5000000,
Cold Start: false
Unique ID: bdf8bc4706256ba7f950314fdb30a873,
Execution Time for Trace ID bdf8bc4706256ba7f950314fdb30a873: 353 ms
Input: 5000000,
Cold Start: false
Unique ID: a357fd7679b8dddc6690ca482eb2c7e8,
Execution Time for Trace ID a357fd7679b8dddc6690ca482eb2c7e8: 170 ms
Input: 5000000,
Cold Start: false
Unique ID: dd03c4a166aab4cc73b5c6ce281a4997,
Execution Time for Trace ID dd03c4a166aab4cc73b5c6ce281a4997: 404 ms
Input: 5000000,
Cold Start: false
Unique ID: 1a2e93e8899024e3f9a33a72830f0c6d,
Execution Time for Trace ID 1a2e93e8899024e3f9a33a72830f0c6d: 334 ms
Input: 5000000,
Cold Start: false
Unique ID: 7742801cb346549308ac2060efdddb17,
Execution Time for Trace ID 7742801cb346549308ac2060efdddb17: 343 ms
Input: 5000000,
Cold Start: false
Unique ID: b0278d51901afec37fde367712c9cefa,
Execution Time for Trace ID b0278d51901afec37fde367712c9cefa: 395 ms
Input: 5000000,
Cold Start: false
Unique ID: ba42cb3ede8937fe8408514d57e4577a,
Execution Time for Trace ID ba42cb3ede8937fe8408514d57e4577a: 166 ms
Input: 5000000,
Cold Start: false
Unique ID: b960862879a36f9476cf77a1355b3b40,
Execution Time for Trace ID b960862879a36f9476cf77a1355b3b40: 291 ms
Input: 5000000,
Cold Start: false
Unique ID: 4b1e79d3cbeffad832e50b7d7b5725aa,
Execution Time for Trace ID 4b1e79d3cbeffad832e50b7d7b5725aa: 404 ms
Input: 5000000,
Cold Start: false
Unique ID: 37c7b5fe3488313fcd981ad2caff5541,
Execution Time for Trace ID 37c7b5fe3488313fcd981ad2caff5541: 329 ms
Input: 5000000,
Cold Start: false
Unique ID: 061b279505b23900ca3c84ba9baa321d,
Execution Time for Trace ID 061b279505b23900ca3c84ba9baa321d: 351 ms
Input: 5000000,
Cold Start: false
Unique ID: d57ac0279b6afa6142d472090372d14e,
Execution Time for Trace ID d57ac0279b6afa6142d472090372d14e: 331 ms
Input: 5000000,
Cold Start: false
Unique ID: 5a42be38313636a69a2309c93561441b,
Execution Time for Trace ID 5a42be38313636a69a2309c93561441b: 297 ms
Input: 5000000,
Cold Start: false
Unique ID: 34b933248fcd70d63578882f02159b27,
Execution Time for Trace ID 34b933248fcd70d63578882f02159b27: 325 ms
Input: 5000000,
Cold Start: false
Unique ID: 33ab4b7627edfebd62b3d855412eecc9,
Execution Time for Trace ID 33ab4b7627edfebd62b3d855412eecc9: 436 ms
Input: 5000000,
Cold Start: false
Unique ID: f6e826ac1a49524f469066b20cf3c9ea,
Execution Time for Trace ID f6e826ac1a49524f469066b20cf3c9ea: 393 ms
Input: 5000000,
Cold Start: false
Unique ID: 842adba496daf971241f5a7c10ac99df,
Execution Time for Trace ID 842adba496daf971241f5a7c10ac99df: 339 ms
Input: 5000000,
Cold Start: false
Unique ID: c7679a3ba098bab01fc72c44f8294361,
Execution Time for Trace ID c7679a3ba098bab01fc72c44f8294361: 366 ms
Input: 5000000,
Cold Start: false
Unique ID: 7991a1efaab539c15393e79f593d571c,
Execution Time for Trace ID 7991a1efaab539c15393e79f593d571c: 405 ms
Input: 5000000,
Cold Start: false
Unique ID: 0e8df9998f8a5a7a4183cc2fe24af962,
Execution Time for Trace ID 0e8df9998f8a5a7a4183cc2fe24af962: 379 ms
Input: 5000000,
Cold Start: false
Unique ID: 84ef3fd8a4c7e533019f4dc09e5fd46a,
Execution Time for Trace ID 84ef3fd8a4c7e533019f4dc09e5fd46a: 348 ms
Input: 5000000,
Cold Start: false
Unique ID: f38b868ebf6daa913ca5ab06bd43dea3,
Execution Time for Trace ID f38b868ebf6daa913ca5ab06bd43dea3: 410 ms
Input: 5000000,
Cold Start: false
Unique ID: 2d82c5638043290cbc92c7662fffe43c,
Execution Time for Trace ID 2d82c5638043290cbc92c7662fffe43c: 371 ms
Input: 5000000,
Cold Start: false
Unique ID: d9e998c3f580f7031076c883261f0406,
Execution Time for Trace ID d9e998c3f580f7031076c883261f0406: 406 ms
Input: 5000000,
Cold Start: false
Unique ID: b602802eae4636428d7331d34eae1cab,
Execution Time for Trace ID b602802eae4636428d7331d34eae1cab: 345 ms
Input: 5000000,
Cold Start: false
Unique ID: 95c5fcf73caf0ff064c6e46e271c7e10,
Execution Time for Trace ID 95c5fcf73caf0ff064c6e46e271c7e10: 401 ms
Input: 5000000,
Cold Start: false
Unique ID: 22b8dddfb71c985bf3b35df7a148e140,
Execution Time for Trace ID 22b8dddfb71c985bf3b35df7a148e140: 328 ms
Input: 5000000,
Cold Start: false
Unique ID: 3a12d4ccfdcf6969ca33e2909750b173,
Execution Time for Trace ID 3a12d4ccfdcf6969ca33e2909750b173: 290 ms
Input: 5000000,
Cold Start: false
Unique ID: 18093a2703d2f24ffd3788ba454c08a9,
Execution Time for Trace ID 18093a2703d2f24ffd3788ba454c08a9: 340 ms
Input: 5000000,
Cold Start: false
Unique ID: 7dbb00357c7cad4fca805f0fa7333b4b,
Execution Time for Trace ID 7dbb00357c7cad4fca805f0fa7333b4b: 403 ms
Input: 5000000,
Cold Start: false
Unique ID: cb2f0b9e16cc7e320fc1b747bb5ad14b,
Execution Time for Trace ID cb2f0b9e16cc7e320fc1b747bb5ad14b: 342 ms
Input: 5000000,
Cold Start: false
Unique ID: 98c36cc9cacaaefffcceeca764cd5596,
Execution Time for Trace ID 98c36cc9cacaaefffcceeca764cd5596: 343 ms
Input: 5000000,
Cold Start: false
Unique ID: 6d8bb6d59ace0a60332e3c7676c2124c,
Execution Time for Trace ID 6d8bb6d59ace0a60332e3c7676c2124c: 362 ms
Input: 5000000,
Cold Start: false
Unique ID: b676c137265a726b5033c150a87b4993,
Execution Time for Trace ID b676c137265a726b5033c150a87b4993: 341 ms
Input: 5000000,
Cold Start: false
Unique ID: d1eb3909d65b7b678a48ddd0be64a441,
Execution Time for Trace ID d1eb3909d65b7b678a48ddd0be64a441: 338 ms
Input: 5000000,
Cold Start: false
Unique ID: 6b12650c60e6ca08b8c7c352978ca418,
Execution Time for Trace ID 6b12650c60e6ca08b8c7c352978ca418: 399 ms
Input: 5000000,
Cold Start: false
Unique ID: 90fedb6475ba2b3c068b6f2514ca659f,
Execution Time for Trace ID 90fedb6475ba2b3c068b6f2514ca659f: 166 ms
Input: 5000000,
Cold Start: false
Unique ID: 0f2d51014d39190805e31a8004bcaa8d,
Execution Time for Trace ID 0f2d51014d39190805e31a8004bcaa8d: 328 ms
Input: 5000000,
Cold Start: false
Unique ID: 943ada4eeb278d0950ab5a86069da813,
Execution Time for Trace ID 943ada4eeb278d0950ab5a86069da813: 403 ms
Input: 5000000,
Cold Start: false
Unique ID: 9f2aa2a6df7ccc18b928e640e1a5234f,
Execution Time for Trace ID 9f2aa2a6df7ccc18b928e640e1a5234f: 374 ms
Input: 5000000,
Cold Start: false
Unique ID: c3c1668b9f2a0ca12012e12925f2c91d,
Execution Time for Trace ID c3c1668b9f2a0ca12012e12925f2c91d: 351 ms
Input: 5000000,
Cold Start: false
Unique ID: d9659c8e283912579379c41ffad260af,
Execution Time for Trace ID d9659c8e283912579379c41ffad260af: 327 ms
Input: 5000000,
Cold Start: false
Unique ID: 5119b0023d34bb27500f2824f3d8b7a3,
Execution Time for Trace ID 5119b0023d34bb27500f2824f3d8b7a3: 358 ms
Input: 5000000,
Cold Start: false
Unique ID: 90ff63d40f56dd24527bd182c74b375e,
Execution Time for Trace ID 90ff63d40f56dd24527bd182c74b375e: 323 ms
Input: 5000000,
Cold Start: false
Unique ID: 4c176ecb42f56bd1594c596449e1c861,
Execution Time for Trace ID 4c176ecb42f56bd1594c596449e1c861: 531 ms
Input: 5000000,
Cold Start: false
Unique ID: 76aa5da44fd81e48c8d894650bc7c070,
Execution Time for Trace ID 76aa5da44fd81e48c8d894650bc7c070: 554 ms
Input: 5000000,
Cold Start: false
Unique ID: 3d34889f214259958be21bbf279fcb44,
Execution Time for Trace ID 3d34889f214259958be21bbf279fcb44: 336 ms
Input: 5000000,
Cold Start: false
Unique ID: 5bfd7c77b89c9859247cbf4d06fa2ac0,
Execution Time for Trace ID 5bfd7c77b89c9859247cbf4d06fa2ac0: 299 ms
Input: 5000000,
Cold Start: false
Unique ID: 9e07814c4510029eab78648971e32521,
Execution Time for Trace ID 9e07814c4510029eab78648971e32521: 404 ms
Input: 5000000,
Cold Start: false
Unique ID: 2c78e29debfc740ba6b75320bd897b58,
Execution Time for Trace ID 2c78e29debfc740ba6b75320bd897b58: 402 ms
Input: 5000000,
Cold Start: false
Unique ID: 9cdeefddfc63938c01282eedb07d3ee0,
Execution Time for Trace ID 9cdeefddfc63938c01282eedb07d3ee0: 352 ms
Input: 5000000,
Cold Start: false
Unique ID: 6f503360316d36cbda4804d7203f1cdc,
Execution Time for Trace ID 6f503360316d36cbda4804d7203f1cdc: 334 ms
Input: 5000000,
Cold Start: false
Unique ID: c9f1bb4db0bb2cdd3ea04d7d65d84fd3,
Execution Time for Trace ID c9f1bb4db0bb2cdd3ea04d7d65d84fd3: 358 ms
Input: 5000000,
Cold Start: false
Unique ID: a60aebba8974447fc7a42d3c3a6065ac,
Execution Time for Trace ID a60aebba8974447fc7a42d3c3a6065ac: 342 ms
Input: 5000000,
Cold Start: false
Unique ID: 4b9c923c003bf22731ede322ed0dc1b2,
Execution Time for Trace ID 4b9c923c003bf22731ede322ed0dc1b2: 401 ms
Input: 5000000,
Cold Start: false
Unique ID: 9cb19643eba769046bf4df1590ec37de,
Execution Time for Trace ID 9cb19643eba769046bf4df1590ec37de: 343 ms
Input: 5000000,
Cold Start: false
Unique ID: c27ea1ebc84dd1611a3664ecc8263028,
Execution Time for Trace ID c27ea1ebc84dd1611a3664ecc8263028: 408 ms
Input: 5000000,
Cold Start: false
Unique ID: ab6d9f6e0446f49e074ade22731e2c4a,
Execution Time for Trace ID ab6d9f6e0446f49e074ade22731e2c4a: 336 ms
Input: 5000000,
Cold Start: false
Unique ID: 78fe59ce48654bcccb6cf8750a0f7f83,
Execution Time for Trace ID 78fe59ce48654bcccb6cf8750a0f7f83: 401 ms
Input: 5000000,
Cold Start: false
Unique ID: 422f5e111271f55183f7849e4bcd441e,
Execution Time for Trace ID 422f5e111271f55183f7849e4bcd441e: 440 ms
Input: 5000000,
Cold Start: false
Unique ID: 0b8c5cb73507dcc3653847c06c90b52f,
Execution Time for Trace ID 0b8c5cb73507dcc3653847c06c90b52f: 394 ms
Input: 5000000,
Cold Start: false
Unique ID: 3bb2777cd3921341a90e7186942f128b,
Execution Time for Trace ID 3bb2777cd3921341a90e7186942f128b: 405 ms
Input: 5000000,
Cold Start: false
Unique ID: defda29d397f3be3f672d4568f83825a,
Execution Time for Trace ID defda29d397f3be3f672d4568f83825a: 371 ms
Input: 5000000,
Cold Start: false
Unique ID: cc0231eb141c2cb439afa23afca8731c,
Execution Time for Trace ID cc0231eb141c2cb439afa23afca8731c: 406 ms
Input: 5000000,
Cold Start: false
Unique ID: 73bf0db7184643674779a28b3c6dc226,
Execution Time for Trace ID 73bf0db7184643674779a28b3c6dc226: 413 ms
Input: 5000000,
Cold Start: false
Unique ID: 54d0fa0960228180bb9e8dba9ed9ab05,
Execution Time for Trace ID 54d0fa0960228180bb9e8dba9ed9ab05: 380 ms
Input: 5000000,
Cold Start: false
Unique ID: b29dd051bca0ed56c6361a16bc6f20af,
Execution Time for Trace ID b29dd051bca0ed56c6361a16bc6f20af: 338 ms
Input: 5000000,
Cold Start: false
Unique ID: 91462709998ada890ac5122603eb1ced,
Execution Time for Trace ID 91462709998ada890ac5122603eb1ced: 277 ms
Input: 5000000,
Cold Start: false
Unique ID: 01faaa47102070ac5e68c0c5812487f2,
Execution Time for Trace ID 01faaa47102070ac5e68c0c5812487f2: 368 ms
Input: 5000000,
Cold Start: false
Unique ID: 975dc028ef32ebc8a28d5e79dd8ea5b6,
Execution Time for Trace ID 975dc028ef32ebc8a28d5e79dd8ea5b6: 350 ms
Input: 5000000,
Cold Start: false
Unique ID: 8de16f4c6403d9dc4d295b4ad7850751,
Execution Time for Trace ID 8de16f4c6403d9dc4d295b4ad7850751: 344 ms
Input: 5000000,
Cold Start: false
Unique ID: 40094109d1cc8695e99fba3402e4d34b,
Execution Time for Trace ID 40094109d1cc8695e99fba3402e4d34b: 404 ms
Input: 5000000,
Cold Start: false
Unique ID: d9930a4a625a31e350c91fe29c77ea95,
Execution Time for Trace ID d9930a4a625a31e350c91fe29c77ea95: 359 ms
Input: 5000000,
Cold Start: false
Unique ID: b6e3c08ca7790028917c00036effaf78,
Execution Time for Trace ID b6e3c08ca7790028917c00036effaf78: 337 ms
Input: 5000000,
Cold Start: false
Unique ID: 8f995374a8f08f97bf46a0d223248e8d,
Execution Time for Trace ID 8f995374a8f08f97bf46a0d223248e8d: 401 ms
Input: 5000000,
Cold Start: false
Unique ID: 8056ab86ab0ae520a862d80766ecb29a,
Execution Time for Trace ID 8056ab86ab0ae520a862d80766ecb29a: 361 ms
Input: 5000000,
Cold Start: false
Unique ID: 0603a7635a392d69b65d9549b5faa17e,
Execution Time for Trace ID 0603a7635a392d69b65d9549b5faa17e: 330 ms
Input: 5000000,
Cold Start: false
Unique ID: 66c9438d2d17eca2ce37a3d5615baa74,
Execution Time for Trace ID 66c9438d2d17eca2ce37a3d5615baa74: 302 ms
Input: 5000000,
Cold Start: false
Unique ID: b4ec169d74d2906dfba4d9d76fb364b9,
Execution Time for Trace ID b4ec169d74d2906dfba4d9d76fb364b9: 409 ms
Input: 5000000,
Cold Start: false
Unique ID: 666387900ddd58f63470c3330166e491,
Execution Time for Trace ID 666387900ddd58f63470c3330166e491: 387 ms
Input: 5000000,
Cold Start: false
Unique ID: afccee159249f45c5cf49e909d26b27d,
Execution Time for Trace ID afccee159249f45c5cf49e909d26b27d: 354 ms
Input: 5000000,
Cold Start: false
Unique ID: cb8515816844cafcc9507ee7f241e242,
Execution Time for Trace ID cb8515816844cafcc9507ee7f241e242: 343 ms
Input: 5000000,
Cold Start: false
Unique ID: f12b9490d0675a2ee4af8d9c318ca9b6,
Execution Time for Trace ID f12b9490d0675a2ee4af8d9c318ca9b6: 361 ms
Input: 5000000,
Cold Start: false
Unique ID: 8f122f069d9379fa03d3c5b0133af0ca,
Execution Time for Trace ID 8f122f069d9379fa03d3c5b0133af0ca: 401 ms
Input: 5000000,
Cold Start: false
Unique ID: 42dbabe3b38f4b6df86793511cdcbfeb,
Execution Time for Trace ID 42dbabe3b38f4b6df86793511cdcbfeb: 367 ms
Input: 5000000,
Cold Start: false
Unique ID: 69deab6d8eb583a03121dbf543f87705,
Execution Time for Trace ID 69deab6d8eb583a03121dbf543f87705: 365 ms
Input: 5000000,
Cold Start: false
Unique ID: 2ac7b0667ed731c689097b9812d6df81,
Execution Time for Trace ID 2ac7b0667ed731c689097b9812d6df81: 341 ms
Input: 5000000,
Cold Start: false
Unique ID: a791bc712c5f0dac6af93416a9055dff,
Execution Time for Trace ID a791bc712c5f0dac6af93416a9055dff: 301 ms
Input: 5000000,
Cold Start: false
Unique ID: 32146df9c7bb5f5bf821dd6724222a1b,
Execution Time for Trace ID 32146df9c7bb5f5bf821dd6724222a1b: 339 ms
Input: 5000000,
Cold Start: false
Unique ID: a6c478dee229b0d4485a4ed27f3d2935,
Execution Time for Trace ID a6c478dee229b0d4485a4ed27f3d2935: 381 ms
Input: 5000000,
Cold Start: false
Unique ID: 68b06322478603064f9e5e51402bd3d4,
Execution Time for Trace ID 68b06322478603064f9e5e51402bd3d4: 346 ms
Input: 5000000,
Cold Start: false
Unique ID: f74f83ad2301af922363a9728a676263,
Execution Time for Trace ID f74f83ad2301af922363a9728a676263: 333 ms
Input: 5000000,
Cold Start: false
Unique ID: a2f683bcb9961f0b840050ace31f05d6,
Execution Time for Trace ID a2f683bcb9961f0b840050ace31f05d6: 292 ms
Input: 5000000,
Cold Start: false
Unique ID: 0bf2e43c3b01f10303b9ec30bc80d2e6,
Execution Time for Trace ID 0bf2e43c3b01f10303b9ec30bc80d2e6: 397 ms
Input: 5000000,
Cold Start: false
Unique ID: 83d45ee9059ff4f6f879226738aee203,
Execution Time for Trace ID 83d45ee9059ff4f6f879226738aee203: 373 ms
Input: 5000000,
Cold Start: false
Unique ID: f576d502634c36b9db5a053230306880,
Execution Time for Trace ID f576d502634c36b9db5a053230306880: 355 ms
Input: 5000000,
Cold Start: false
Unique ID: 0cdb30b6e078ff611f24d0a4267e3008,
Execution Time for Trace ID 0cdb30b6e078ff611f24d0a4267e3008: 327 ms
Input: 5000000,
Cold Start: false
Unique ID: 03156881e8618fb5d7f4fa23f7368a7c,
Execution Time for Trace ID 03156881e8618fb5d7f4fa23f7368a7c: 292 ms
Input: 5000000,
Cold Start: false
Unique ID: 8ca7f061d52be28943af601d7220614f,
Execution Time for Trace ID 8ca7f061d52be28943af601d7220614f: 403 ms
Input: 5000000,
Cold Start: false
Unique ID: 713eaba9438cb31737cde677d391b32c,
Execution Time for Trace ID 713eaba9438cb31737cde677d391b32c: 427 ms
Input: 5000000,
Cold Start: false
Unique ID: aa3f7036608848d3cc40c34f07baee2c,
Execution Time for Trace ID aa3f7036608848d3cc40c34f07baee2c: 388 ms
Input: 5000000,
Cold Start: false
Unique ID: 3d7f4ed854132499d7641167f6ac4af8,
Execution Time for Trace ID 3d7f4ed854132499d7641167f6ac4af8: 343 ms
Input: 5000000,
Cold Start: false
Unique ID: 7615dc65d9928c1840c54b354bd26c1a,
Execution Time for Trace ID 7615dc65d9928c1840c54b354bd26c1a: 361 ms
Input: 5000000,
Cold Start: false
Unique ID: ae83511a70fa56b8068afac71360fbcb,
Execution Time for Trace ID ae83511a70fa56b8068afac71360fbcb: 339 ms
Input: 5000000,
Cold Start: false
Unique ID: b5dceb0a84ae391442f8601de8f919c7,
Execution Time for Trace ID b5dceb0a84ae391442f8601de8f919c7: 408 ms
Input: 5000000,
Cold Start: false
Unique ID: a350867cb1a1bbacfabce0d926c45c2d,
Execution Time for Trace ID a350867cb1a1bbacfabce0d926c45c2d: 347 ms
Input: 5000000,
Cold Start: false
Unique ID: 0604a647b7abc6e391d1aa738e78d513,
Execution Time for Trace ID 0604a647b7abc6e391d1aa738e78d513: 333 ms
Input: 5000000,
Cold Start: false
Unique ID: cb944363e06549b5962637b14a7232a9,
Execution Time for Trace ID cb944363e06549b5962637b14a7232a9: 350 ms
Input: 5000000,
Cold Start: false
Unique ID: 74b03ba2a1a9a2df4a51613b0bb1559e,
Execution Time for Trace ID 74b03ba2a1a9a2df4a51613b0bb1559e: 333 ms
Input: 5000000,
Cold Start: false
Unique ID: e184ea3a73f3cb9e0d443bb2f96be0bf,
Execution Time for Trace ID e184ea3a73f3cb9e0d443bb2f96be0bf: 417 ms
Input: 5000000,
Cold Start: false
Unique ID: d45e502211e330af0c0dc17606c1f66b,
Execution Time for Trace ID d45e502211e330af0c0dc17606c1f66b: 378 ms
Input: 5000000,
Cold Start: false
Unique ID: 0b2a726942e5dc1f8c7124d747e3c2f4,
Execution Time for Trace ID 0b2a726942e5dc1f8c7124d747e3c2f4: 342 ms
Input: 5000000,
Cold Start: false
Unique ID: 063d2ac8a85645b26dad739c5343df62,
Execution Time for Trace ID 063d2ac8a85645b26dad739c5343df62: 354 ms
Input: 5000000,
Cold Start: false
Unique ID: 6734061aaa9a3cd11249f8dccf71deb7,
Execution Time for Trace ID 6734061aaa9a3cd11249f8dccf71deb7: 339 ms
Input: 5000000,
Cold Start: false
Unique ID: f13ff25e151ed063a8b19d719673fe32,
Execution Time for Trace ID f13ff25e151ed063a8b19d719673fe32: 340 ms
Input: 5000000,
Cold Start: false
Unique ID: 89033aba25823d8aa59c3bb3ef5e6f83,
Execution Time for Trace ID 89033aba25823d8aa59c3bb3ef5e6f83: 394 ms
Input: 5000000,
Cold Start: false
Unique ID: 44d92387ba0b8d31e357992cef04ac54,
Execution Time for Trace ID 44d92387ba0b8d31e357992cef04ac54: 401 ms
Input: 5000000,
Cold Start: false
Unique ID: e3593cf71dbea1ebd53a2ef7eeaf8383,
Execution Time for Trace ID e3593cf71dbea1ebd53a2ef7eeaf8383: 332 ms
Input: 5000000,
Cold Start: false
Unique ID: dfcbd3b5554e02a0e08ff89cd4b63bfc,
Execution Time for Trace ID dfcbd3b5554e02a0e08ff89cd4b63bfc: 336 ms
Input: 5000000,
Cold Start: false
Unique ID: d2cd770a12f55f3c5b41b2239f7e1d6f,
Execution Time for Trace ID d2cd770a12f55f3c5b41b2239f7e1d6f: 365 ms
Input: 5000000,
Cold Start: false
Unique ID: 7e5e6cc44c691ddacddce78ad0c11869,
Execution Time for Trace ID 7e5e6cc44c691ddacddce78ad0c11869: 350 ms
Input: 5000000,
Cold Start: false
Unique ID: e6d634100dc789c1df094b44626f1ded,
Execution Time for Trace ID e6d634100dc789c1df094b44626f1ded: 295 ms
Input: 5000000,
Cold Start: false
Unique ID: 3156f3721cf8509317da34975b524cec,
Execution Time for Trace ID 3156f3721cf8509317da34975b524cec: 389 ms
Input: 5000000,
Cold Start: false
Unique ID: d6d2d864f2e68012b090a8b1bd576ca4,
Execution Time for Trace ID d6d2d864f2e68012b090a8b1bd576ca4: 331 ms
Input: 5000000,
Cold Start: false
Unique ID: fb6d777124918a62b663ee83d49c32c3,
Execution Time for Trace ID fb6d777124918a62b663ee83d49c32c3: 399 ms
Input: 5000000,
Cold Start: false
Unique ID: 0f6e31217c5d57094d29651755b5b369,
Execution Time for Trace ID 0f6e31217c5d57094d29651755b5b369: 410 ms
Input: 5000000,
Cold Start: false
Unique ID: e50cd565e4e0cdfc56183d62c4f20e5c,
Execution Time for Trace ID e50cd565e4e0cdfc56183d62c4f20e5c: 335 ms
Input: 5000000,
Cold Start: false
Unique ID: 85ce0011dd768208022c78db4c5892f8,
Execution Time for Trace ID 85ce0011dd768208022c78db4c5892f8: 360 ms
Input: 5000000,
Cold Start: false
Unique ID: f7b5a3f2c61d1534075500fe3d681754,
Execution Time for Trace ID f7b5a3f2c61d1534075500fe3d681754: 407 ms
Input: 5000000,
Cold Start: false
Unique ID: 5fde29005b17d1f582e530393b6153d6,
Execution Time for Trace ID 5fde29005b17d1f582e530393b6153d6: 371 ms
Input: 5000000,
Cold Start: false
Unique ID: 9e4b5ce677d66b2850912d59d0563bd6,
Execution Time for Trace ID 9e4b5ce677d66b2850912d59d0563bd6: 367 ms
Input: 5000000,
Cold Start: false
Unique ID: 0e3565d4101f4dd02d5872dc097ae477,
Execution Time for Trace ID 0e3565d4101f4dd02d5872dc097ae477: 327 ms
Input: 5000000,
Cold Start: false
Unique ID: 0817cbac3fc3c013b5bdfafc6d24560a,
Execution Time for Trace ID 0817cbac3fc3c013b5bdfafc6d24560a: 290 ms
Input: 5000000,
Cold Start: false
Unique ID: 66303cc0d00aa4117d8e08c9b9516390,
Execution Time for Trace ID 66303cc0d00aa4117d8e08c9b9516390: 412 ms
Input: 5000000,
Cold Start: false
Unique ID: 924014983fc7b3dca487e90522888a01,
Execution Time for Trace ID 924014983fc7b3dca487e90522888a01: 448 ms
Input: 5000000,
Cold Start: false
Unique ID: 48ec0ece19318015cf9ccee1264f0259,
Execution Time for Trace ID 48ec0ece19318015cf9ccee1264f0259: 487 ms
Input: 5000000,
Cold Start: false
Unique ID: 7aea4540cbf4a9674d3a154f54efe641,
Execution Time for Trace ID 7aea4540cbf4a9674d3a154f54efe641: 300 ms
Input: 5000000,
Cold Start: false
Unique ID: 5b940c888fad5de5ba4b84651b643a79,
Execution Time for Trace ID 5b940c888fad5de5ba4b84651b643a79: 406 ms
Input: 5000000,
Cold Start: false
Unique ID: 7edcac93ff8bb46685b214393d2b72c7,
Execution Time for Trace ID 7edcac93ff8bb46685b214393d2b72c7: 340 ms
Input: 5000000,
Cold Start: false
Unique ID: 0971f016b02ecda2eec6dfa58f314bbb,
Execution Time for Trace ID 0971f016b02ecda2eec6dfa58f314bbb: 378 ms
Input: 5000000,
Cold Start: false
Unique ID: eafaea878159f75c135f7f13fe3acb52,
Execution Time for Trace ID eafaea878159f75c135f7f13fe3acb52: 346 ms
Input: 5000000,
Cold Start: false
Unique ID: b6041df67678706ec6a733cc87fbd48f,
Execution Time for Trace ID b6041df67678706ec6a733cc87fbd48f: 346 ms
Input: 5000000,
Cold Start: false
Unique ID: 79eb21cd4f8df7ebd9fb914278d4cb14,
Execution Time for Trace ID 79eb21cd4f8df7ebd9fb914278d4cb14: 366 ms
Input: 5000000,
Cold Start: false
Unique ID: cdb4c3fa1e465ead7ea6f72ae0f1ab73,
Execution Time for Trace ID cdb4c3fa1e465ead7ea6f72ae0f1ab73: 399 ms
Input: 5000000,
Cold Start: false
Unique ID: 8fc7c2eeabe51101800a7edbbc87911c,
Execution Time for Trace ID 8fc7c2eeabe51101800a7edbbc87911c: 492 ms
Input: 5000000,
Cold Start: false
Unique ID: 3b4c892be206a710743634f38d20eab1,
Execution Time for Trace ID 3b4c892be206a710743634f38d20eab1: 468 ms
Input: 5000000,
Cold Start: false
Unique ID: f7597c12b5224baed6e5575f950017c7,
Execution Time for Trace ID f7597c12b5224baed6e5575f950017c7: 173 ms
Input: 5000000,
Cold Start: false
Unique ID: 32114c651f0e0de5dbd85ec1b144e55e,
Execution Time for Trace ID 32114c651f0e0de5dbd85ec1b144e55e: 338 ms
Input: 5000000,
Cold Start: false
Unique ID: 41227908213edaf41e985937acf76e57,
Execution Time for Trace ID 41227908213edaf41e985937acf76e57: 403 ms
Input: 5000000,
Cold Start: false
Unique ID: a583b594ff1622cadc7e83f43d3d39ee,
Execution Time for Trace ID a583b594ff1622cadc7e83f43d3d39ee: 349 ms
Input: 5000000,
Cold Start: false
Unique ID: 2ccbaa36641980c8fddd97fe76d89639,
Execution Time for Trace ID 2ccbaa36641980c8fddd97fe76d89639: 405 ms
Input: 5000000,
Cold Start: false
Unique ID: a5277a0615110bf1bf26f9f618835cab,
Execution Time for Trace ID a5277a0615110bf1bf26f9f618835cab: 339 ms
Input: 5000000,
Cold Start: false
Unique ID: 94f62a5201ea7bd07337d14b47fa2bd4,
Execution Time for Trace ID 94f62a5201ea7bd07337d14b47fa2bd4: 356 ms
Input: 5000000,
Cold Start: false
Unique ID: 11557c8fcce6ea9aa89bb99090a4cc2f,
Execution Time for Trace ID 11557c8fcce6ea9aa89bb99090a4cc2f: 338 ms
Input: 5000000,
Cold Start: false
Unique ID: 826b70e4446df7d1173d568124b00a01,
Execution Time for Trace ID 826b70e4446df7d1173d568124b00a01: 515 ms
Input: 5000000,
Cold Start: false
Unique ID: 2c4c47f521d5a27cb52c634be6f12d7c,
Execution Time for Trace ID 2c4c47f521d5a27cb52c634be6f12d7c: 470 ms
Input: 5000000,
Cold Start: false
Unique ID: faf08bf2e83dce7c35b2a7a50b568799,
Execution Time for Trace ID faf08bf2e83dce7c35b2a7a50b568799: 325 ms
Input: 5000000,
Cold Start: false
Unique ID: 7464a6217b856f0392ca0437e64192a6,
Execution Time for Trace ID 7464a6217b856f0392ca0437e64192a6: 289 ms
Input: 5000000,
Cold Start: false
Unique ID: 5610343a92bdd607d83d502a938d8482,
Execution Time for Trace ID 5610343a92bdd607d83d502a938d8482: 407 ms
Input: 5000000,
Cold Start: false
Unique ID: 32625ee32fccd6c6dea5e3416de25cee,
Execution Time for Trace ID 32625ee32fccd6c6dea5e3416de25cee: 379 ms
Input: 5000000,
Cold Start: false
Unique ID: 8e196a0228bae5a45a59fccbd275bf9d,
Execution Time for Trace ID 8e196a0228bae5a45a59fccbd275bf9d: 421 ms
Input: 5000000,
Cold Start: false
Unique ID: 7bda444dfedd5b202a5dcf6ffa066a2f,
Execution Time for Trace ID 7bda444dfedd5b202a5dcf6ffa066a2f: 330 ms
Input: 5000000,
Cold Start: false
Unique ID: 7e44cd7d7e71523b77e932747388676a,
Execution Time for Trace ID 7e44cd7d7e71523b77e932747388676a: 299 ms
Input: 5000000,
Cold Start: false
Unique ID: cbc2049f73915e7482b48ed9802af51c,
Execution Time for Trace ID cbc2049f73915e7482b48ed9802af51c: 406 ms
Input: 5000000,
Cold Start: false
Unique ID: 69974b7035e4e3516dbf35741344b5cc,
Execution Time for Trace ID 69974b7035e4e3516dbf35741344b5cc: 369 ms
Input: 5000000,
Cold Start: false
Unique ID: 049f4793ac9dbb1df1d587ada4263b2e,
Execution Time for Trace ID 049f4793ac9dbb1df1d587ada4263b2e: 405 ms
Input: 5000000,
Cold Start: false
Unique ID: 96ac9f05329c42cca166574de7b34257,
Execution Time for Trace ID 96ac9f05329c42cca166574de7b34257: 337 ms
Input: 5000000,
Cold Start: false
Unique ID: f7a51098b996cf5a092039849edf169b,
Execution Time for Trace ID f7a51098b996cf5a092039849edf169b: 359 ms
Input: 5000000,
Cold Start: false
Unique ID: 5ffb89c11f53b9c2d2c42848d17f32d1,
Execution Time for Trace ID 5ffb89c11f53b9c2d2c42848d17f32d1: 329 ms
Input: 5000000,
Cold Start: false
Unique ID: 4f273dffa684ea8809f077e579a5f3eb,
Execution Time for Trace ID 4f273dffa684ea8809f077e579a5f3eb: 384 ms
Input: 5000000,
Cold Start: false
Unique ID: d309efe549d0d7e4676ab72e628fd662,
Execution Time for Trace ID d309efe549d0d7e4676ab72e628fd662: 423 ms
Input: 5000000,
Cold Start: false
Unique ID: 3d4562c6df1a5b8fa18d0a552df1c0d8,
Execution Time for Trace ID 3d4562c6df1a5b8fa18d0a552df1c0d8: 441 ms
Input: 5000000,
Cold Start: false
Unique ID: ef35ee70e720a1ff632e56f4f8f9edb2,
Execution Time for Trace ID ef35ee70e720a1ff632e56f4f8f9edb2: 341 ms
Input: 5000000,
Cold Start: false
Unique ID: 8aa885053ecb38f66c07ec749121dca7,
Execution Time for Trace ID 8aa885053ecb38f66c07ec749121dca7: 407 ms
Input: 5000000,
Cold Start: false
Unique ID: 0a0a9af6030c7665f4c5759aeafe6f3a,
Execution Time for Trace ID 0a0a9af6030c7665f4c5759aeafe6f3a: 468 ms
Input: 5000000,
Cold Start: false
Unique ID: 1e29fcb4adc7be40816ea15cfd0239e4,
Execution Time for Trace ID 1e29fcb4adc7be40816ea15cfd0239e4: 346 ms
Input: 5000000,
Cold Start: false
Unique ID: 009b9b87044107ce7b6567cac21d1bb7,
Execution Time for Trace ID 009b9b87044107ce7b6567cac21d1bb7: 509 ms
Input: 5000000,
Cold Start: false
Unique ID: d96ce385c0cebaa168dc3a8eaad2ba5b,
Execution Time for Trace ID d96ce385c0cebaa168dc3a8eaad2ba5b: 406 ms
Input: 5000000,
Cold Start: false
Unique ID: e5312fe4021c1c3c1b8763da19bf46c1,
Execution Time for Trace ID e5312fe4021c1c3c1b8763da19bf46c1: 481 ms
Input: 5000000,
Cold Start: false
Unique ID: 13e62ead60103d6d200c5fd0e3e8047c,
Execution Time for Trace ID 13e62ead60103d6d200c5fd0e3e8047c: 385 ms
Input: 5000000,
Cold Start: false
Unique ID: f735ebc6ebe0ab55da8f75684a07e245,
Execution Time for Trace ID f735ebc6ebe0ab55da8f75684a07e245: 354 ms
Input: 5000000,
Cold Start: false
Unique ID: a381a84a227234394579b3fc9151f226,
Execution Time for Trace ID a381a84a227234394579b3fc9151f226: 352 ms
Input: 5000000,
Cold Start: false
Unique ID: 791587101d22cf3a48dea8053d3a86ed,
Execution Time for Trace ID 791587101d22cf3a48dea8053d3a86ed: 506 ms
Input: 5000000,
Cold Start: false
Unique ID: a6418a26e6b88dec0e6932aa0309e102,
Execution Time for Trace ID a6418a26e6b88dec0e6932aa0309e102: 412 ms
Input: 5000000,
Cold Start: false
Unique ID: 5cb3f6385a8c6a22b2db203b2d67979e,
Execution Time for Trace ID 5cb3f6385a8c6a22b2db203b2d67979e: 520 ms
Input: 5000000,
Cold Start: false
Unique ID: 2e1d20801b2169314c49f2c248be78db,
Execution Time for Trace ID 2e1d20801b2169314c49f2c248be78db: 431 ms
Input: 5000000,
Cold Start: false
Unique ID: 02a4c4129e7a7a1d404188d9692732dd,
Execution Time for Trace ID 02a4c4129e7a7a1d404188d9692732dd: 374 ms
Input: 5000000,
Cold Start: false
Unique ID: 9e1dddaeac0658bbaf76ef36350c3133,
Execution Time for Trace ID 9e1dddaeac0658bbaf76ef36350c3133: 343 ms
Input: 5000000,
Cold Start: false
Unique ID: 8bc14b784752cabce7ec25c215586ca0,
Execution Time for Trace ID 8bc14b784752cabce7ec25c215586ca0: 515 ms
Input: 5000000,
Cold Start: false
Unique ID: 4bec99a8f906a6c0a1bf97c927d3d6fb,
Execution Time for Trace ID 4bec99a8f906a6c0a1bf97c927d3d6fb: 481 ms
Input: 5000000,
Cold Start: false
Unique ID: 7d8738426c9100d756589e4c74c92c8a,
Execution Time for Trace ID 7d8738426c9100d756589e4c74c92c8a: 368 ms
Input: 5000000,
Cold Start: false
Unique ID: 16247691d0bdcd9dc4bbec1a773eda4f,
Execution Time for Trace ID 16247691d0bdcd9dc4bbec1a773eda4f: 191 ms
Input: 5000000,
Cold Start: false
Unique ID: 8eca2f0e7dd7ccf269cdc924bdc8396e,
Execution Time for Trace ID 8eca2f0e7dd7ccf269cdc924bdc8396e: 343 ms
Input: 5000000,
Cold Start: false
Unique ID: fac07bdba38e6a62866234cd0e2480b1,
Execution Time for Trace ID fac07bdba38e6a62866234cd0e2480b1: 367 ms
Input: 5000000,
Cold Start: false
Unique ID: 66f02fcf6c5d06bccc8fb291057ff306,
Execution Time for Trace ID 66f02fcf6c5d06bccc8fb291057ff306: 382 ms
Input: 5000000,
Cold Start: false
Unique ID: e8c00b0a714cb086ea8ffa1893276454,
Execution Time for Trace ID e8c00b0a714cb086ea8ffa1893276454: 345 ms
Input: 5000000,
Cold Start: false
Unique ID: 5b4995e8197247b3595ccd7fe5d77e10,
Execution Time for Trace ID 5b4995e8197247b3595ccd7fe5d77e10: 362 ms
Input: 5000000,
Cold Start: false
Unique ID: c65509f10f844a52ec62e0396ef64435,
Execution Time for Trace ID c65509f10f844a52ec62e0396ef64435: 384 ms
Input: 5000000,
Cold Start: false
Unique ID: cf2d2b91e89cbd66cac71dfa53a58510,
Execution Time for Trace ID cf2d2b91e89cbd66cac71dfa53a58510: 346 ms
Input: 5000000,
Cold Start: false
Unique ID: 9d763db5aa5cfa7150440cc048fb98df,
Execution Time for Trace ID 9d763db5aa5cfa7150440cc048fb98df: 381 ms
Input: 5000000,
Cold Start: false
Unique ID: 0e795cbcd7049389c1ce2d415bfb1acd,
Execution Time for Trace ID 0e795cbcd7049389c1ce2d415bfb1acd: 368 ms
Input: 5000000,
Cold Start: false
Unique ID: 1b01f844542bf883dd8389218db34bf0,
Execution Time for Trace ID 1b01f844542bf883dd8389218db34bf0: 337 ms
Input: 5000000,
Cold Start: false
Unique ID: 35a41c0deaf6a5c9e299c9be7235c45e,
Execution Time for Trace ID 35a41c0deaf6a5c9e299c9be7235c45e: 363 ms
Input: 5000000,
Cold Start: false
Unique ID: 56562695e50fe05167b5e15c3fbcc1ce,
Execution Time for Trace ID 56562695e50fe05167b5e15c3fbcc1ce: 411 ms
Input: 5000000,
Cold Start: false
Unique ID: ca2d038a14bcd38513304b5278652327,
Execution Time for Trace ID ca2d038a14bcd38513304b5278652327: 385 ms
Input: 5000000,
Cold Start: false
Unique ID: 28095a371c49c92274d0daf233c2ba38,
Execution Time for Trace ID 28095a371c49c92274d0daf233c2ba38: 356 ms
Input: 5000000,
Cold Start: false
Unique ID: fea0e73db6b72aaa5c1d9d9c9d84d2fc,
Execution Time for Trace ID fea0e73db6b72aaa5c1d9d9c9d84d2fc: 295 ms
Input: 5000000,
Cold Start: false
Unique ID: 6965d68878ba6d4c08ac689c5d0c054c,
Execution Time for Trace ID 6965d68878ba6d4c08ac689c5d0c054c: 345 ms
Input: 5000000,
Cold Start: false
Unique ID: 628b48e699205fc588f16655d83ea399,
Execution Time for Trace ID 628b48e699205fc588f16655d83ea399: 333 ms
Input: 5000000,
Cold Start: false
Unique ID: 1c1f1a9d7854eec17e7782a6faf5008f,
Execution Time for Trace ID 1c1f1a9d7854eec17e7782a6faf5008f: 384 ms
Input: 5000000,
Cold Start: false
Unique ID: 7059dd2c72de7ea2b20a10979da7151a,
Execution Time for Trace ID 7059dd2c72de7ea2b20a10979da7151a: 345 ms
Input: 5000000,
Cold Start: false
Unique ID: 5c3a91d48eee726baa6e0ce30a31bc5c,
Execution Time for Trace ID 5c3a91d48eee726baa6e0ce30a31bc5c: 289 ms
Input: 5000000,
Cold Start: false
Unique ID: d6a67c1190db79bb50064bef1f009a31,
Execution Time for Trace ID d6a67c1190db79bb50064bef1f009a31: 384 ms
Input: 5000000,
Cold Start: false
Unique ID: 85714c424fa40065e9523320aee6c620,
Execution Time for Trace ID 85714c424fa40065e9523320aee6c620: 332 ms
Input: 5000000,
Cold Start: false
Unique ID: c500cb01897c61596e7f24f0a33af2f4,
Execution Time for Trace ID c500cb01897c61596e7f24f0a33af2f4: 433 ms
Input: 5000000,
Cold Start: false
Unique ID: 470b931322c2fb85de6b34d64668981a,
Execution Time for Trace ID 470b931322c2fb85de6b34d64668981a: 461 ms
Input: 5000000,
Cold Start: false
Unique ID: 3dc485f89677406cbacf4b06706398f8,
Execution Time for Trace ID 3dc485f89677406cbacf4b06706398f8: 335 ms
Input: 5000000,
Cold Start: false
Unique ID: a2700040d56f920cba32938b4a4aad56,
Execution Time for Trace ID a2700040d56f920cba32938b4a4aad56: 356 ms
Input: 5000000,
Cold Start: false
Unique ID: ca1dfbbbe39191f14c2b63c215656c8a,
Execution Time for Trace ID ca1dfbbbe39191f14c2b63c215656c8a: 329 ms
Input: 5000000,
Cold Start: false
Unique ID: 102b6390a766f66ad976fc3e1a21db1d,
Execution Time for Trace ID 102b6390a766f66ad976fc3e1a21db1d: 400 ms
Input: 5000000,
Cold Start: false
Unique ID: ffa812ec34fb23f96e473ebb737b7d66,
Execution Time for Trace ID ffa812ec34fb23f96e473ebb737b7d66: 362 ms
Input: 5000000,
Cold Start: false
Unique ID: 168b3228b118455a75cd845dbe298de8,
Execution Time for Trace ID 168b3228b118455a75cd845dbe298de8: 290 ms
Input: 5000000,
Cold Start: false
Unique ID: 996bd1165967f140598867e6a9e681c3,
Execution Time for Trace ID 996bd1165967f140598867e6a9e681c3: 401 ms
Input: 5000000,
Cold Start: false
Unique ID: 209ba2eee91c3341de71bbceb02dfee0,
Execution Time for Trace ID 209ba2eee91c3341de71bbceb02dfee0: 330 ms
Input: 5000000,
Cold Start: false
Unique ID: 46908d3329c46a7767db6ddfdc428f96,
Execution Time for Trace ID 46908d3329c46a7767db6ddfdc428f96: 345 ms
Input: 5000000,
Cold Start: false
Unique ID: a0c33cd9353cb6343138d22e2e5b3ab5,
Execution Time for Trace ID a0c33cd9353cb6343138d22e2e5b3ab5: 405 ms
Input: 5000000,
Cold Start: false
Unique ID: 74ae404f7db861491baf534ae811f139,
Execution Time for Trace ID 74ae404f7db861491baf534ae811f139: 170 ms
Input: 5000000,
Cold Start: false
Unique ID: 6dab1cffd8f030008ca8e93fb3a5361b,
Execution Time for Trace ID 6dab1cffd8f030008ca8e93fb3a5361b: 359 ms
Input: 5000000,
Cold Start: false
Unique ID: f275819a86c02c29d5c55d69065ea8c9,
Execution Time for Trace ID f275819a86c02c29d5c55d69065ea8c9: 345 ms
Input: 5000000,
Cold Start: false
Unique ID: 71a43067f1395279b0ab02f27bd6905d,
Execution Time for Trace ID 71a43067f1395279b0ab02f27bd6905d: 406 ms
Input: 5000000,
Cold Start: false
Unique ID: ce6a9b6b23a44bb229b0043c73a9c8a2,
Execution Time for Trace ID ce6a9b6b23a44bb229b0043c73a9c8a2: 524 ms
Input: 5000000,
Cold Start: false
Unique ID: b88f342ccec2a48a283cd936263a2b4a,
Execution Time for Trace ID b88f342ccec2a48a283cd936263a2b4a: 331 ms
Input: 5000000,
Cold Start: false
Unique ID: 327a832c8b4847dac784daf462f4d033,
Execution Time for Trace ID 327a832c8b4847dac784daf462f4d033: 294 ms
Input: 5000000,
Cold Start: false
Unique ID: 3d94c737d03b8f0bc8fb86d423f5ea0e,
Execution Time for Trace ID 3d94c737d03b8f0bc8fb86d423f5ea0e: 406 ms
Input: 5000000,
Cold Start: false
Unique ID: 073b92e364528adce4019929809f25b6,
Execution Time for Trace ID 073b92e364528adce4019929809f25b6: 381 ms
Input: 5000000,
Cold Start: false
Unique ID: 106b3e6266f33fc360adf4cb90a694be,
Execution Time for Trace ID 106b3e6266f33fc360adf4cb90a694be: 414 ms
Input: 5000000,
Cold Start: false
Unique ID: 076bb695eb6055fa25b0802ceee8b5e3,
Execution Time for Trace ID 076bb695eb6055fa25b0802ceee8b5e3: 163 ms
Input: 5000000,
Cold Start: false
Unique ID: af6c837d48c6915aa014832c1542591f,
Execution Time for Trace ID af6c837d48c6915aa014832c1542591f: 342 ms
Input: 5000000,
Cold Start: false
Unique ID: c5de2aed3ac30ccf2f4d9459255d1e42,
Execution Time for Trace ID c5de2aed3ac30ccf2f4d9459255d1e42: 291 ms
Input: 5000000,
Cold Start: false
Unique ID: 233ec9100738e25d69603f769eb9a45f,
Execution Time for Trace ID 233ec9100738e25d69603f769eb9a45f: 342 ms
Input: 5000000,
Cold Start: false
Unique ID: 8e006de3230a915b30a9d0542d083f18,
Execution Time for Trace ID 8e006de3230a915b30a9d0542d083f18: 404 ms
Input: 5000000,
Cold Start: false
