Unique ID: 3b5626d5ac9ca568d58d24471e101926,
Execution Time for Trace ID 3b5626d5ac9ca568d58d24471e101926: 29 ms
Input: 1000000,
Cold Start: false
Unique ID: 73f43e93f6db9bc8091b65e128d194f9,
Execution Time for Trace ID 73f43e93f6db9bc8091b65e128d194f9: 46 ms
Input: 1000000,
Cold Start: false
Unique ID: 8742c9d0e1b0f99784f8b0d3201f6265,
Execution Time for Trace ID 8742c9d0e1b0f99784f8b0d3201f6265: 37 ms
Input: 1000000,
Cold Start: false
Unique ID: 1cff2d614c97cbc082bcbdcac072ddd5,
Execution Time for Trace ID 1cff2d614c97cbc082bcbdcac072ddd5: 80 ms
Input: 1000000,
Cold Start: false
Unique ID: 808074db353d80c8245e83d80c3ca643,
Execution Time for Trace ID 808074db353d80c8245e83d80c3ca643: 120 ms
Input: 1000000,
Cold Start: false
Unique ID: fd40db10eed56c9c62750f33c500244c,
Execution Time for Trace ID fd40db10eed56c9c62750f33c500244c: 32 ms
Input: 1000000,
Cold Start: false
Unique ID: ee4caa5ff0d73dc4191366bf9abb26dd,
Execution Time for Trace ID ee4caa5ff0d73dc4191366bf9abb26dd: 100 ms
Input: 1000000,
Cold Start: false
Unique ID: 801380637ba650af77b00f9d5598b6ef,
Execution Time for Trace ID 801380637ba650af77b00f9d5598b6ef: 95 ms
Input: 1000000,
Cold Start: false
Unique ID: 52fa694b1d8a4c5a7cc3774ffe53f80e,
Execution Time for Trace ID 52fa694b1d8a4c5a7cc3774ffe53f80e: 30 ms
Input: 1000000,
Cold Start: false
Unique ID: d5eb5a21cadf3898493af9c0fb2d1a2d,
Execution Time for Trace ID d5eb5a21cadf3898493af9c0fb2d1a2d: 164 ms
Input: 1000000,
Cold Start: false
Unique ID: 05a698e71ab45d2a1bdf88eee06f8775,
Execution Time for Trace ID 05a698e71ab45d2a1bdf88eee06f8775: 34 ms
Input: 1000000,
Cold Start: false
Unique ID: e9c8b01629328f62dff40ac50f2af11f,
Execution Time for Trace ID e9c8b01629328f62dff40ac50f2af11f: 104 ms
Input: 1000000,
Cold Start: false
Unique ID: fe41a1f419ca136a8721988eab194b0d,
Execution Time for Trace ID fe41a1f419ca136a8721988eab194b0d: 102 ms
Input: 1000000,
Cold Start: false
Unique ID: fca55fa16ff6c703b419aff6f9699ebd,
Execution Time for Trace ID fca55fa16ff6c703b419aff6f9699ebd: 86 ms
Input: 1000000,
Cold Start: false
Unique ID: becb68f8b6dfe1fcb9a41099ed41fe27,
Execution Time for Trace ID becb68f8b6dfe1fcb9a41099ed41fe27: 63 ms
Input: 1000000,
Cold Start: false
Unique ID: 15bc6847d7b7addfe51713ea45ceda38,
Execution Time for Trace ID 15bc6847d7b7addfe51713ea45ceda38: 31 ms
Input: 1000000,
Cold Start: false
Unique ID: 616e66aa9c232a6629b51b1422125df0,
Execution Time for Trace ID 616e66aa9c232a6629b51b1422125df0: 29 ms
Input: 1000000,
Cold Start: false
Unique ID: b693df62a501c8c884bd1074d29f5d28,
Execution Time for Trace ID b693df62a501c8c884bd1074d29f5d28: 97 ms
Input: 1000000,
Cold Start: false
Unique ID: 0733cb6b582b354b9abf336f4b861f70,
Execution Time for Trace ID 0733cb6b582b354b9abf336f4b861f70: 172 ms
Input: 1000000,
Cold Start: false
Unique ID: 7ffdbdd41454d0a2788fd81acc42b3c5,
Execution Time for Trace ID 7ffdbdd41454d0a2788fd81acc42b3c5: 28 ms
Input: 1000000,
Cold Start: false
Unique ID: d3aca49be0c903b48a3e0ff8e071ad17,
Execution Time for Trace ID d3aca49be0c903b48a3e0ff8e071ad17: 38 ms
Input: 1000000,
Cold Start: false
Unique ID: 6ee45bb1a9c18aca66534c353d66e73c,
Execution Time for Trace ID 6ee45bb1a9c18aca66534c353d66e73c: 72 ms
Input: 1000000,
Cold Start: false
Unique ID: 6edadacb5cc73faaaf25fc8a554a08bb,
Execution Time for Trace ID 6edadacb5cc73faaaf25fc8a554a08bb: 181 ms
Input: 1000000,
Cold Start: false
Unique ID: 313a2d575bf0b2e2ea7e8aab44d9a6b7,
Execution Time for Trace ID 313a2d575bf0b2e2ea7e8aab44d9a6b7: 80 ms
Input: 1000000,
Cold Start: false
Unique ID: 8af15960df82c50b7940e030252343a6,
Execution Time for Trace ID 8af15960df82c50b7940e030252343a6: 103 ms
Input: 1000000,
Cold Start: false
Unique ID: 8bea95b4cea55e1206e202c58dabc83f,
Execution Time for Trace ID 8bea95b4cea55e1206e202c58dabc83f: 39 ms
Input: 1000000,
Cold Start: false
Unique ID: 4df01a8a58e7465fc0a54545f275e8b4,
Execution Time for Trace ID 4df01a8a58e7465fc0a54545f275e8b4: 28 ms
Input: 1000000,
Cold Start: false
Unique ID: 15ebd72fa5d44dbc458b2938dfe0a229,
Execution Time for Trace ID 15ebd72fa5d44dbc458b2938dfe0a229: 29 ms
Input: 1000000,
Cold Start: false
Unique ID: 4d4957d5735981efe174fa3c4a266314,
Execution Time for Trace ID 4d4957d5735981efe174fa3c4a266314: 181 ms
Input: 1000000,
Cold Start: false
Unique ID: 9f0629858b539e04fcd6025ead34f358,
Execution Time for Trace ID 9f0629858b539e04fcd6025ead34f358: 28 ms
Input: 1000000,
Cold Start: false
Unique ID: e474d5a371d3f597e12b79761a4ac8cb,
Execution Time for Trace ID e474d5a371d3f597e12b79761a4ac8cb: 125 ms
Input: 1000000,
Cold Start: false
Unique ID: 95f72cc1ea106ded87fb2b13db075f78,
Execution Time for Trace ID 95f72cc1ea106ded87fb2b13db075f78: 86 ms
Input: 1000000,
Cold Start: false
Unique ID: 3c1726ec8a5b9ccd1064a8ebafb483f7,
Execution Time for Trace ID 3c1726ec8a5b9ccd1064a8ebafb483f7: 31 ms
Input: 1000000,
Cold Start: false
Unique ID: 0d32c9102d84768ef9806cabbe05702f,
Execution Time for Trace ID 0d32c9102d84768ef9806cabbe05702f: 82 ms
Input: 1000000,
Cold Start: false
Unique ID: 62a8d24798e0b9578aaaa7949e83f53c,
Execution Time for Trace ID 62a8d24798e0b9578aaaa7949e83f53c: 36 ms
Input: 1000000,
Cold Start: false
Unique ID: 27c3b90e8e5424a1928807f82b527dea,
Execution Time for Trace ID 27c3b90e8e5424a1928807f82b527dea: 37 ms
Input: 1000000,
Cold Start: false
Unique ID: 47d5e4ca664787b146a4a004ac7c8566,
Execution Time for Trace ID 47d5e4ca664787b146a4a004ac7c8566: 83 ms
Input: 1000000,
Cold Start: false
Unique ID: 1dc5e7add340dc4f9ab0f66080889b9b,
Execution Time for Trace ID 1dc5e7add340dc4f9ab0f66080889b9b: 39 ms
Input: 1000000,
Cold Start: false
Unique ID: cbe3548fcf08a3e098e76248899bf155,
Execution Time for Trace ID cbe3548fcf08a3e098e76248899bf155: 41 ms
Input: 1000000,
Cold Start: false
Unique ID: 79c2fda2710d8f5668619449e4325a7f,
Execution Time for Trace ID 79c2fda2710d8f5668619449e4325a7f: 176 ms
Input: 1000000,
Cold Start: false
Unique ID: 27c273857bb124a1035ba6ec923bed55,
Execution Time for Trace ID 27c273857bb124a1035ba6ec923bed55: 88 ms
Input: 1000000,
Cold Start: false
Unique ID: 64a5bd2a67aba8b00c32ecdac6f3c1a1,
Execution Time for Trace ID 64a5bd2a67aba8b00c32ecdac6f3c1a1: 30 ms
Input: 1000000,
Cold Start: false
Unique ID: 1db73aeef0f280fd3ef71c55b2a1ad4c,
Execution Time for Trace ID 1db73aeef0f280fd3ef71c55b2a1ad4c: 48 ms
Input: 1000000,
Cold Start: false
Unique ID: 2f22e76ffd078b4680a6e7d26f2a2868,
Execution Time for Trace ID 2f22e76ffd078b4680a6e7d26f2a2868: 114 ms
Input: 1000000,
Cold Start: false
Unique ID: 84efcb9852e37230987e987ae028b192,
Execution Time for Trace ID 84efcb9852e37230987e987ae028b192: 64 ms
Input: 1000000,
Cold Start: false
Unique ID: c1e6f2e651c1989632a6ff92e3a705ae,
Execution Time for Trace ID c1e6f2e651c1989632a6ff92e3a705ae: 38 ms
Input: 1000000,
Cold Start: false
Unique ID: f2999a9150a96fa9402adcf817ccfa4c,
Execution Time for Trace ID f2999a9150a96fa9402adcf817ccfa4c: 28 ms
Input: 1000000,
Cold Start: false
Unique ID: b7c3d127656d8d71b5d08637c1a3f7e0,
Execution Time for Trace ID b7c3d127656d8d71b5d08637c1a3f7e0: 183 ms
Input: 1000000,
Cold Start: false
Unique ID: 036d11bd4b2974491f0090a67fcbe279,
Execution Time for Trace ID 036d11bd4b2974491f0090a67fcbe279: 91 ms
Input: 1000000,
Cold Start: false
Unique ID: 91524043b3538c2eddd3ff56a6e53b51,
Execution Time for Trace ID 91524043b3538c2eddd3ff56a6e53b51: 156 ms
Input: 1000000,
Cold Start: false
Unique ID: 360c518dace8c3958a1c457fbfc1f369,
Execution Time for Trace ID 360c518dace8c3958a1c457fbfc1f369: 34 ms
Input: 1000000,
Cold Start: false
Unique ID: 73a993b671f905d972f69b4e49c1a110,
Execution Time for Trace ID 73a993b671f905d972f69b4e49c1a110: 28 ms
Input: 1000000,
Cold Start: false
Unique ID: 687f5643e2e7c2feeb0788e0f8e179cd,
Execution Time for Trace ID 687f5643e2e7c2feeb0788e0f8e179cd: 187 ms
Input: 1000000,
Cold Start: false
Unique ID: 69fd2e17135aeeea39ed897aef323218,
Execution Time for Trace ID 69fd2e17135aeeea39ed897aef323218: 29 ms
Input: 1000000,
Cold Start: false
Unique ID: de28fe07162c865dca106ef6bcd41243,
Execution Time for Trace ID de28fe07162c865dca106ef6bcd41243: 128 ms
Input: 1000000,
Cold Start: false
Unique ID: adcf5699d9d879e1495907e36bda4aa0,
Execution Time for Trace ID adcf5699d9d879e1495907e36bda4aa0: 33 ms
Input: 1000000,
Cold Start: false
Unique ID: 60ffd666633b58c3297f2f3e7f26684d,
Execution Time for Trace ID 60ffd666633b58c3297f2f3e7f26684d: 27 ms
Input: 1000000,
Cold Start: false
Unique ID: 85bc1e9c188b806cc2c0115455480c26,
Execution Time for Trace ID 85bc1e9c188b806cc2c0115455480c26: 30 ms
Input: 1000000,
Cold Start: false
Unique ID: cc4606185ddeb8dc8549e548ba4ff803,
Execution Time for Trace ID cc4606185ddeb8dc8549e548ba4ff803: 165 ms
Input: 1000000,
Cold Start: false
Unique ID: 5f611e345234711ec73d8155b126564d,
Execution Time for Trace ID 5f611e345234711ec73d8155b126564d: 30 ms
Input: 1000000,
Cold Start: false
Unique ID: e26b0bb007afb6948935a29b1582e5a8,
Execution Time for Trace ID e26b0bb007afb6948935a29b1582e5a8: 35 ms
Input: 1000000,
Cold Start: false
Unique ID: c98f0a6d886bd150b04a8427e222ad2e,
Execution Time for Trace ID c98f0a6d886bd150b04a8427e222ad2e: 28 ms
Input: 1000000,
Cold Start: false
Unique ID: 444d34202eef86bae06b0db1f46043cc,
Execution Time for Trace ID 444d34202eef86bae06b0db1f46043cc: 173 ms
Input: 1000000,
Cold Start: false
Unique ID: a644b5026dcf8591775f730f52b588b0,
Execution Time for Trace ID a644b5026dcf8591775f730f52b588b0: 82 ms
Input: 1000000,
Cold Start: false
Unique ID: ec84eef0600f4b678d1b0d3a3c481972,
Execution Time for Trace ID ec84eef0600f4b678d1b0d3a3c481972: 65 ms
Input: 1000000,
Cold Start: false
Unique ID: 3d522ab5938a1a8971f6c4411b775991,
Execution Time for Trace ID 3d522ab5938a1a8971f6c4411b775991: 31 ms
Input: 1000000,
Cold Start: false
Unique ID: ac92da5b77a94e7e41fd1d52fb55b14b,
Execution Time for Trace ID ac92da5b77a94e7e41fd1d52fb55b14b: 121 ms
Input: 1000000,
Cold Start: false
Unique ID: a0983594fb5187e088f0867a7d60c3ee,
Execution Time for Trace ID a0983594fb5187e088f0867a7d60c3ee: 29 ms
Input: 1000000,
Cold Start: false
Unique ID: 2f37fd31c04164f32c52fd93fa0c865d,
Execution Time for Trace ID 2f37fd31c04164f32c52fd93fa0c865d: 75 ms
Input: 1000000,
Cold Start: false
Unique ID: 113c1ae289d965c68298fcd02aca11c1,
Execution Time for Trace ID 113c1ae289d965c68298fcd02aca11c1: 29 ms
Input: 1000000,
Cold Start: false
Unique ID: 9cf889003f33a8f6b6b30a9e7015b84b,
Execution Time for Trace ID 9cf889003f33a8f6b6b30a9e7015b84b: 27 ms
Input: 1000000,
Cold Start: false
Unique ID: 3a769f0187245fff5514c823a167db88,
Execution Time for Trace ID 3a769f0187245fff5514c823a167db88: 94 ms
Input: 1000000,
Cold Start: false
Unique ID: 72be3e32ec89650509c06ea293f153c9,
Execution Time for Trace ID 72be3e32ec89650509c06ea293f153c9: 106 ms
Input: 1000000,
Cold Start: false
Unique ID: e9d71744b12238b334d22c32d4597584,
Execution Time for Trace ID e9d71744b12238b334d22c32d4597584: 92 ms
Input: 1000000,
Cold Start: false
Unique ID: 176b6cc8fc06b6bed965732120bbdbb4,
Execution Time for Trace ID 176b6cc8fc06b6bed965732120bbdbb4: 110 ms
Input: 1000000,
Cold Start: false
Unique ID: 34b23d4371893292d8ac828579bb0f71,
Execution Time for Trace ID 34b23d4371893292d8ac828579bb0f71: 29 ms
Input: 1000000,
Cold Start: false
Unique ID: 8aa966fb31e4dcd26d876d2f3a08553b,
Execution Time for Trace ID 8aa966fb31e4dcd26d876d2f3a08553b: 115 ms
Input: 1000000,
Cold Start: false
Unique ID: 67493d419b7694a8cc6628139a179abe,
Execution Time for Trace ID 67493d419b7694a8cc6628139a179abe: 27 ms
Input: 1000000,
Cold Start: false
Unique ID: fbf3f3a5040e22a3585f4ff606c5d7ad,
Execution Time for Trace ID fbf3f3a5040e22a3585f4ff606c5d7ad: 79 ms
Input: 1000000,
Cold Start: false
Unique ID: 27f7b718b1720927a53237cb3642c11f,
Execution Time for Trace ID 27f7b718b1720927a53237cb3642c11f: 27 ms
Input: 1000000,
Cold Start: false
Unique ID: fe67290a22bbf80ac7865538f0417dde,
Execution Time for Trace ID fe67290a22bbf80ac7865538f0417dde: 28 ms
Input: 1000000,
Cold Start: false
Unique ID: a3e103303074a479df203704d69392b0,
Execution Time for Trace ID a3e103303074a479df203704d69392b0: 116 ms
Input: 1000000,
Cold Start: false
Unique ID: b7118f9b4b454223c2ee84d71dd0b681,
Execution Time for Trace ID b7118f9b4b454223c2ee84d71dd0b681: 71 ms
Input: 1000000,
Cold Start: false
Unique ID: 48d6609de22e44e398e271236f5559dc,
Execution Time for Trace ID 48d6609de22e44e398e271236f5559dc: 83 ms
Input: 1000000,
Cold Start: false
Unique ID: 6674e5d319d327ac031794633e0a71e8,
Execution Time for Trace ID 6674e5d319d327ac031794633e0a71e8: 34 ms
Input: 1000000,
Cold Start: false
Unique ID: 33d056ef394369989d9dfce7221f45b0,
Execution Time for Trace ID 33d056ef394369989d9dfce7221f45b0: 29 ms
Input: 1000000,
Cold Start: false
Unique ID: 224294a707f28983ec7a3c9a017f8e4a,
Execution Time for Trace ID 224294a707f28983ec7a3c9a017f8e4a: 124 ms
Input: 1000000,
Cold Start: false
Unique ID: b4e74f4aff65465824946c0de3f8b28a,
Execution Time for Trace ID b4e74f4aff65465824946c0de3f8b28a: 28 ms
Input: 1000000,
Cold Start: false
Unique ID: f12221637b6077403f86380800f9ebba,
Execution Time for Trace ID f12221637b6077403f86380800f9ebba: 80 ms
Input: 1000000,
Cold Start: false
Unique ID: 0834c3fe0b0d5af5097e0afbe349b1c0,
Execution Time for Trace ID 0834c3fe0b0d5af5097e0afbe349b1c0: 28 ms
Input: 1000000,
Cold Start: false
Unique ID: 935ee5f7a9323ca95d79a55673c89123,
Execution Time for Trace ID 935ee5f7a9323ca95d79a55673c89123: 27 ms
Input: 1000000,
Cold Start: false
Unique ID: d11a6f33c97b10c851de0e9b073f9ae8,
Execution Time for Trace ID d11a6f33c97b10c851de0e9b073f9ae8: 80 ms
Input: 1000000,
Cold Start: false
Unique ID: 207e7e5939cd8455bbb1fb8987461294,
Execution Time for Trace ID 207e7e5939cd8455bbb1fb8987461294: 28 ms
Input: 1000000,
Cold Start: false
Unique ID: be08f2f5d93fabdd8d96c26e64c6a8c2,
Execution Time for Trace ID be08f2f5d93fabdd8d96c26e64c6a8c2: 30 ms
Input: 1000000,
Cold Start: false
Unique ID: 8507510c92ed8c082b5c90f96e05d336,
Execution Time for Trace ID 8507510c92ed8c082b5c90f96e05d336: 170 ms
Input: 1000000,
Cold Start: false
Unique ID: 4e0f65c55ebf5a713b549ffd6507cc24,
Execution Time for Trace ID 4e0f65c55ebf5a713b549ffd6507cc24: 30 ms
Input: 1000000,
Cold Start: false
Unique ID: 118dda4c50983a73b81e949cfb7884db,
Execution Time for Trace ID 118dda4c50983a73b81e949cfb7884db: 85 ms
Input: 1000000,
Cold Start: false
Unique ID: 4928510a36003385f0b0d8c1f3b7e2b8,
Execution Time for Trace ID 4928510a36003385f0b0d8c1f3b7e2b8: 179 ms
Input: 1000000,
Cold Start: false
Unique ID: 66c5337b96abe5bc786be93b3890cc33,
Execution Time for Trace ID 66c5337b96abe5bc786be93b3890cc33: 33 ms
Input: 1000000,
Cold Start: false
Unique ID: dc38d57c681189638500ff762cbfe276,
Execution Time for Trace ID dc38d57c681189638500ff762cbfe276: 85 ms
Input: 1000000,
Cold Start: false
Unique ID: cd8382413318623d470a205db936b649,
Execution Time for Trace ID cd8382413318623d470a205db936b649: 33 ms
Input: 1000000,
Cold Start: false
Unique ID: ed392dec9d012becb07cb21219d8276d,
Execution Time for Trace ID ed392dec9d012becb07cb21219d8276d: 71 ms
Input: 1000000,
Cold Start: false
Unique ID: d731145622b5df10509055e5df1f8839,
Execution Time for Trace ID d731145622b5df10509055e5df1f8839: 166 ms
Input: 1000000,
Cold Start: false
Unique ID: 1809053ea61da94ef468258767c6dffd,
Execution Time for Trace ID 1809053ea61da94ef468258767c6dffd: 102 ms
Input: 1000000,
Cold Start: false
Unique ID: a139824e0b6682b02483765db4879d10,
Execution Time for Trace ID a139824e0b6682b02483765db4879d10: 76 ms
Input: 1000000,
Cold Start: false
Unique ID: dacec3df46c76e5fbebf36e84324a5c3,
Execution Time for Trace ID dacec3df46c76e5fbebf36e84324a5c3: 31 ms
Input: 1000000,
Cold Start: false
Unique ID: 62e4ed4d481b8151dbcab6099631d929,
Execution Time for Trace ID 62e4ed4d481b8151dbcab6099631d929: 28 ms
Input: 1000000,
Cold Start: false
Unique ID: bdaf0084ddef68560fbc4fef05609e2d,
Execution Time for Trace ID bdaf0084ddef68560fbc4fef05609e2d: 99 ms
Input: 1000000,
Cold Start: false
Unique ID: b6751f8cb35aa10b95a75b41564fdae4,
Execution Time for Trace ID b6751f8cb35aa10b95a75b41564fdae4: 172 ms
Input: 1000000,
Cold Start: false
Unique ID: 5fa5f7fd46d8affd717bb232358a6dfc,
Execution Time for Trace ID 5fa5f7fd46d8affd717bb232358a6dfc: 30 ms
Input: 1000000,
Cold Start: false
Unique ID: 8c6100b98d470953b5425e38cd7d7f0e,
Execution Time for Trace ID 8c6100b98d470953b5425e38cd7d7f0e: 31 ms
Input: 1000000,
Cold Start: false
Unique ID: ecd888aa5ea189acc26c29a0cc101ff7,
Execution Time for Trace ID ecd888aa5ea189acc26c29a0cc101ff7: 27 ms
Input: 1000000,
Cold Start: false
Unique ID: 95fc7c1ffe51a6b1f61d385df3b4f3b2,
Execution Time for Trace ID 95fc7c1ffe51a6b1f61d385df3b4f3b2: 28 ms
Input: 1000000,
Cold Start: false
Unique ID: c8633670763e8a8aed0386a2d1029b5e,
Execution Time for Trace ID c8633670763e8a8aed0386a2d1029b5e: 180 ms
Input: 1000000,
Cold Start: false
Unique ID: f99b734e52336a38ed1814bd651e5f00,
Execution Time for Trace ID f99b734e52336a38ed1814bd651e5f00: 66 ms
Input: 1000000,
Cold Start: false
Unique ID: c8ff864dc772cfa479c7829c68fb947e,
Execution Time for Trace ID c8ff864dc772cfa479c7829c68fb947e: 27 ms
Input: 1000000,
Cold Start: false
Unique ID: 7e212cb783fbf5dc0fd22773fd774184,
Execution Time for Trace ID 7e212cb783fbf5dc0fd22773fd774184: 120 ms
Input: 1000000,
Cold Start: false
Unique ID: f65de6e7667151af74606f415e519d1e,
Execution Time for Trace ID f65de6e7667151af74606f415e519d1e: 29 ms
Input: 1000000,
Cold Start: false
Unique ID: be93c930e0beed836b56f2e6fec539b0,
Execution Time for Trace ID be93c930e0beed836b56f2e6fec539b0: 79 ms
Input: 1000000,
Cold Start: false
Unique ID: 4cd58c5a53e1e56ad4a6a3480b1bb954,
Execution Time for Trace ID 4cd58c5a53e1e56ad4a6a3480b1bb954: 29 ms
Input: 1000000,
Cold Start: false
Unique ID: b8dadea2ef4659616069a140862a2ad1,
Execution Time for Trace ID b8dadea2ef4659616069a140862a2ad1: 31 ms
Input: 1000000,
Cold Start: false
Unique ID: 79a01f1a3bd0047dc4ec0a0d68c36ca4,
Execution Time for Trace ID 79a01f1a3bd0047dc4ec0a0d68c36ca4: 29 ms
Input: 1000000,
Cold Start: false
Unique ID: 4b729fd7b6ff9d7a84233d7bd635171e,
Execution Time for Trace ID 4b729fd7b6ff9d7a84233d7bd635171e: 31 ms
Input: 1000000,
Cold Start: false
Unique ID: 88c3d2a5d9d6fdcb6be02bef10a2897d,
Execution Time for Trace ID 88c3d2a5d9d6fdcb6be02bef10a2897d: 167 ms
Input: 1000000,
Cold Start: false
Unique ID: 8a1d5e536b8a7733f61d385df3b4f05b,
Execution Time for Trace ID 8a1d5e536b8a7733f61d385df3b4f05b: 27 ms
Input: 1000000,
Cold Start: false
Unique ID: fe188287c57f9d6f953a4fbc1f45b596,
Execution Time for Trace ID fe188287c57f9d6f953a4fbc1f45b596: 38 ms
Input: 1000000,
Cold Start: false
Unique ID: 00338104486000c90832a4e518d7475c,
Execution Time for Trace ID 00338104486000c90832a4e518d7475c: 28 ms
Input: 1000000,
Cold Start: false
Unique ID: 58199183eb83d1958adcc6bc3875a295,
Execution Time for Trace ID 58199183eb83d1958adcc6bc3875a295: 98 ms
Input: 1000000,
Cold Start: false
Unique ID: c23e01ad35d30cd56ec290d98545a1d1,
Execution Time for Trace ID c23e01ad35d30cd56ec290d98545a1d1: 30 ms
Input: 1000000,
Cold Start: false
Unique ID: b94f95aed37f62e0d848139c97c1f2f1,
Execution Time for Trace ID b94f95aed37f62e0d848139c97c1f2f1: 193 ms
Input: 1000000,
Cold Start: false
Unique ID: 10162dad8efedcbe38e264f6ee5aa35c,
Execution Time for Trace ID 10162dad8efedcbe38e264f6ee5aa35c: 28 ms
Input: 1000000,
Cold Start: false
Unique ID: 539e65201f9b9d6c517f55bcb2f94792,
Execution Time for Trace ID 539e65201f9b9d6c517f55bcb2f94792: 111 ms
Input: 1000000,
Cold Start: false
Unique ID: 29ac5dc839c877c886a7355438bdd203,
Execution Time for Trace ID 29ac5dc839c877c886a7355438bdd203: 75 ms
Input: 1000000,
Cold Start: false
Unique ID: f3c2d7bf362aeea4084a9f4f7a137937,
Execution Time for Trace ID f3c2d7bf362aeea4084a9f4f7a137937: 88 ms
Input: 1000000,
Cold Start: false
Unique ID: 5dbd9a50447057476ed800f379e6ed15,
Execution Time for Trace ID 5dbd9a50447057476ed800f379e6ed15: 70 ms
Input: 1000000,
Cold Start: false
Unique ID: db02f64819ed1fffdb274fbcaaf8aab1,
Execution Time for Trace ID db02f64819ed1fffdb274fbcaaf8aab1: 30 ms
Input: 1000000,
Cold Start: false
Unique ID: 2cfc6feecd9979259815e43e9634736c,
Execution Time for Trace ID 2cfc6feecd9979259815e43e9634736c: 115 ms
Input: 1000000,
Cold Start: false
Unique ID: 9a4207ef5738a6b33f3f6ea75c1eb3b2,
Execution Time for Trace ID 9a4207ef5738a6b33f3f6ea75c1eb3b2: 27 ms
Input: 1000000,
Cold Start: false
Unique ID: 8089ab1141dd6fcfcb5a79bf9e84d273,
Execution Time for Trace ID 8089ab1141dd6fcfcb5a79bf9e84d273: 81 ms
Input: 1000000,
Cold Start: false
Unique ID: 2bd0a2c24b14a368331575d2962b037f,
Execution Time for Trace ID 2bd0a2c24b14a368331575d2962b037f: 34 ms
Input: 1000000,
Cold Start: false
Unique ID: c153db4dd4781ab0797c7091552c834b,
Execution Time for Trace ID c153db4dd4781ab0797c7091552c834b: 51 ms
Input: 1000000,
Cold Start: false
Unique ID: 87b606112bb8789a501f82275896d9a5,
Execution Time for Trace ID 87b606112bb8789a501f82275896d9a5: 119 ms
Input: 1000000,
Cold Start: false
Unique ID: 07bb681fcf752072e7d04fcbd519018b,
Execution Time for Trace ID 07bb681fcf752072e7d04fcbd519018b: 97 ms
Input: 1000000,
Cold Start: false
Unique ID: 5bf1ea2f9620687e2d6458d85ac192b0,
Execution Time for Trace ID 5bf1ea2f9620687e2d6458d85ac192b0: 27 ms
Input: 1000000,
Cold Start: false
Unique ID: 8013b39763f9987f8b593fbe15e186bf,
Execution Time for Trace ID 8013b39763f9987f8b593fbe15e186bf: 85 ms
Input: 1000000,
Cold Start: false
Unique ID: f379e67b5c9300aedc1da6b741181d15,
Execution Time for Trace ID f379e67b5c9300aedc1da6b741181d15: 33 ms
Input: 1000000,
Cold Start: false
Unique ID: cd3b1d6b067347e180c88d6c491c20ca,
Execution Time for Trace ID cd3b1d6b067347e180c88d6c491c20ca: 28 ms
Input: 1000000,
Cold Start: false
Unique ID: 1cb448da2b319ef0d9f7ac0918cbc5f3,
Execution Time for Trace ID 1cb448da2b319ef0d9f7ac0918cbc5f3: 176 ms
Input: 1000000,
Cold Start: false
Unique ID: ab78c53ecd0e8934392a814625596152,
Execution Time for Trace ID ab78c53ecd0e8934392a814625596152: 85 ms
Input: 1000000,
Cold Start: false
Unique ID: eecf926ed201312dae2021b4c5adea3a,
Execution Time for Trace ID eecf926ed201312dae2021b4c5adea3a: 33 ms
Input: 1000000,
Cold Start: false
Unique ID: 1adc67ff46c5783e9cdc8f997f2bb21f,
Execution Time for Trace ID 1adc67ff46c5783e9cdc8f997f2bb21f: 35 ms
Input: 1000000,
Cold Start: false
Unique ID: b2ef119ae996ff11dcb2b3ea049188ff,
Execution Time for Trace ID b2ef119ae996ff11dcb2b3ea049188ff: 27 ms
Input: 1000000,
Cold Start: false
Unique ID: 5ed817e94b2d7ae4e0f3257e79c7b7b9,
Execution Time for Trace ID 5ed817e94b2d7ae4e0f3257e79c7b7b9: 30 ms
Input: 1000000,
Cold Start: false
Unique ID: 1c6176c4c600c7a4dd48de3265cb42a9,
Execution Time for Trace ID 1c6176c4c600c7a4dd48de3265cb42a9: 181 ms
Input: 1000000,
Cold Start: false
Unique ID: 83d73dcc2b48b80822d47203e9844e6c,
Execution Time for Trace ID 83d73dcc2b48b80822d47203e9844e6c: 30 ms
Input: 1000000,
Cold Start: false
Unique ID: 4455c25f495e6ad0086ede4f05df7d77,
Execution Time for Trace ID 4455c25f495e6ad0086ede4f05df7d77: 38 ms
Input: 1000000,
Cold Start: false
Unique ID: bd68dac9b816d55103d4aacd5a27c3f0,
Execution Time for Trace ID bd68dac9b816d55103d4aacd5a27c3f0: 27 ms
Input: 1000000,
Cold Start: false
Unique ID: 66cfffe9ce24d1e34e17351c2906aa75,
Execution Time for Trace ID 66cfffe9ce24d1e34e17351c2906aa75: 96 ms
Input: 1000000,
Cold Start: false
Unique ID: a83b8890d74d1011cf8285cbdc1079bb,
Execution Time for Trace ID a83b8890d74d1011cf8285cbdc1079bb: 174 ms
Input: 1000000,
Cold Start: false
Unique ID: 1ae2825ff97cf5fa3404e31d4f341c11,
Execution Time for Trace ID 1ae2825ff97cf5fa3404e31d4f341c11: 29 ms
Input: 1000000,
Cold Start: false
Unique ID: c6d7d40287897c0626b854d5f3bff005,
Execution Time for Trace ID c6d7d40287897c0626b854d5f3bff005: 27 ms
Input: 1000000,
Cold Start: false
Unique ID: 1cab4786c4237b43cd370dc102db497e,
Execution Time for Trace ID 1cab4786c4237b43cd370dc102db497e: 115 ms
Input: 1000000,
Cold Start: false
Unique ID: f455b5ddf09533e8d9d99ad39b365a24,
Execution Time for Trace ID f455b5ddf09533e8d9d99ad39b365a24: 27 ms
Input: 1000000,
Cold Start: false
Unique ID: 75718aa1dc1b98b98de2791be42b74ba,
Execution Time for Trace ID 75718aa1dc1b98b98de2791be42b74ba: 98 ms
Input: 1000000,
Cold Start: false
Unique ID: 052ffbf3fd89db0fd43d11b5cedb730b,
Execution Time for Trace ID 052ffbf3fd89db0fd43d11b5cedb730b: 93 ms
Input: 1000000,
Cold Start: false
Unique ID: bd6e022cff8ff1d9db4ed7aa64274f82,
Execution Time for Trace ID bd6e022cff8ff1d9db4ed7aa64274f82: 30 ms
Input: 1000000,
Cold Start: false
Unique ID: 8c44ac15e74c55039de05aa783ba88d9,
Execution Time for Trace ID 8c44ac15e74c55039de05aa783ba88d9: 89 ms
Input: 1000000,
Cold Start: false
Unique ID: d8f2a14ad186bebdbb5e2b8458b8e8ee,
Execution Time for Trace ID d8f2a14ad186bebdbb5e2b8458b8e8ee: 29 ms
Input: 1000000,
Cold Start: false
Unique ID: e5c264cb6fc76a5690e7f2544c5b9913,
Execution Time for Trace ID e5c264cb6fc76a5690e7f2544c5b9913: 94 ms
Input: 1000000,
Cold Start: false
Unique ID: a97170103146f9668ed80d454085b595,
Execution Time for Trace ID a97170103146f9668ed80d454085b595: 167 ms
Input: 1000000,
Cold Start: false
Unique ID: 86a2691cf64e538e2cc974ec18278094,
Execution Time for Trace ID 86a2691cf64e538e2cc974ec18278094: 34 ms
Input: 1000000,
Cold Start: false
Unique ID: 4d231ac4af14bd3c15ab182f9e1d1c7e,
Execution Time for Trace ID 4d231ac4af14bd3c15ab182f9e1d1c7e: 27 ms
Input: 1000000,
Cold Start: false
Unique ID: 03df361b9a1904460f7f084502c30a5e,
Execution Time for Trace ID 03df361b9a1904460f7f084502c30a5e: 29 ms
Input: 1000000,
Cold Start: false
Unique ID: 230d3420bf65552c3fee30bd8bdd5a8a,
Execution Time for Trace ID 230d3420bf65552c3fee30bd8bdd5a8a: 171 ms
Input: 1000000,
Cold Start: false
Unique ID: 589d63fbf2ca5f60f296d391643977c2,
Execution Time for Trace ID 589d63fbf2ca5f60f296d391643977c2: 92 ms
Input: 1000000,
Cold Start: false
Unique ID: 7840f5fd19351fbb986d4e82675ba973,
Execution Time for Trace ID 7840f5fd19351fbb986d4e82675ba973: 30 ms
Input: 1000000,
Cold Start: false
Unique ID: b564a026096ca22555457ccbf76e663f,
Execution Time for Trace ID b564a026096ca22555457ccbf76e663f: 85 ms
Input: 1000000,
Cold Start: false
Unique ID: 67ccc555d1cc642b514034be90201f40,
Execution Time for Trace ID 67ccc555d1cc642b514034be90201f40: 29 ms
Input: 1000000,
Cold Start: false
Unique ID: 2253cf20d2e2e2ee3c1d548afb883c38,
Execution Time for Trace ID 2253cf20d2e2e2ee3c1d548afb883c38: 28 ms
Input: 1000000,
Cold Start: false
Unique ID: c9d2d44ebc292229d3c5b60a2899a381,
Execution Time for Trace ID c9d2d44ebc292229d3c5b60a2899a381: 175 ms
Input: 1000000,
Cold Start: false
Unique ID: bfa1b896c19858d076e7bc7e6c9c7672,
Execution Time for Trace ID bfa1b896c19858d076e7bc7e6c9c7672: 32 ms
Input: 1000000,
Cold Start: false
Unique ID: 3bb70f56cec896b8d1079be700308004,
Execution Time for Trace ID 3bb70f56cec896b8d1079be700308004: 68 ms
Input: 1000000,
Cold Start: false
Unique ID: 566ddb147aca017e31bae450d335569f,
Execution Time for Trace ID 566ddb147aca017e31bae450d335569f: 31 ms
Input: 1000000,
Cold Start: false
Unique ID: d4040cd2b5337053116e5e0616ceebe2,
Execution Time for Trace ID d4040cd2b5337053116e5e0616ceebe2: 179 ms
Input: 1000000,
Cold Start: false
Unique ID: 86765bbf845ad90af1f4e3732ba82be2,
Execution Time for Trace ID 86765bbf845ad90af1f4e3732ba82be2: 83 ms
Input: 1000000,
Cold Start: false
Unique ID: 7c5a6457bba7c368f9635151be4a969a,
Execution Time for Trace ID 7c5a6457bba7c368f9635151be4a969a: 46 ms
Input: 1000000,
Cold Start: false
Unique ID: b1852090586d7f07af0f469f3d394862,
Execution Time for Trace ID b1852090586d7f07af0f469f3d394862: 27 ms
Input: 1000000,
Cold Start: false
Unique ID: e4a9c1a1bd4d7dfb1427a753a2556d36,
Execution Time for Trace ID e4a9c1a1bd4d7dfb1427a753a2556d36: 29 ms
Input: 1000000,
Cold Start: false
Unique ID: abb04a7ccd35937011eedc6ab38b77ed,
Execution Time for Trace ID abb04a7ccd35937011eedc6ab38b77ed: 215 ms
Input: 1000000,
Cold Start: false
Unique ID: 1bae13b003c5cf6b5b0fc471a5e5817a,
Execution Time for Trace ID 1bae13b003c5cf6b5b0fc471a5e5817a: 93 ms
Input: 1000000,
Cold Start: false
Unique ID: 107bf441c61453f2fcd230355cd2bddd,
Execution Time for Trace ID 107bf441c61453f2fcd230355cd2bddd: 53 ms
Input: 1000000,
Cold Start: false
Unique ID: 972c49a921873af28b1ddd4351b9be48,
Execution Time for Trace ID 972c49a921873af28b1ddd4351b9be48: 84 ms
Input: 1000000,
Cold Start: false
Unique ID: 931191d8aad0b763d21a61a03438ffa1,
Execution Time for Trace ID 931191d8aad0b763d21a61a03438ffa1: 31 ms
Input: 1000000,
Cold Start: false
Unique ID: 27bc64996b8a2fa530476b0a92dcd5c6,
Execution Time for Trace ID 27bc64996b8a2fa530476b0a92dcd5c6: 143 ms
Input: 1000000,
Cold Start: false
Unique ID: cdc9bf168d3161afcee0e7d8b664ac08,
Execution Time for Trace ID cdc9bf168d3161afcee0e7d8b664ac08: 94 ms
Input: 1000000,
Cold Start: false
Unique ID: 0e08def3babf0c7d81720aae2f87afd4,
Execution Time for Trace ID 0e08def3babf0c7d81720aae2f87afd4: 51 ms
Input: 1000000,
Cold Start: false
Unique ID: 5d9ba041da9b48f04fc73776f90d249f,
Execution Time for Trace ID 5d9ba041da9b48f04fc73776f90d249f: 126 ms
Input: 1000000,
Cold Start: false
Unique ID: 3520bf2ca83885307beac2b34473dc5f,
Execution Time for Trace ID 3520bf2ca83885307beac2b34473dc5f: 71 ms
Input: 1000000,
Cold Start: false
Unique ID: 212df9259482a4306009f6e99b5aed10,
Execution Time for Trace ID 212df9259482a4306009f6e99b5aed10: 91 ms
Input: 1000000,
Cold Start: false
Unique ID: 393a089d2f114d7aaa8da9a60bbc9aab,
Execution Time for Trace ID 393a089d2f114d7aaa8da9a60bbc9aab: 89 ms
Input: 1000000,
Cold Start: false
Unique ID: 993ab64a7a83a57e24f4e86bbc273b9f,
Execution Time for Trace ID 993ab64a7a83a57e24f4e86bbc273b9f: 49 ms
Input: 1000000,
Cold Start: false
Unique ID: cb958b453a306bef09ac8836af617f45,
Execution Time for Trace ID cb958b453a306bef09ac8836af617f45: 89 ms
Input: 1000000,
Cold Start: false
Unique ID: 6bd5e88174f36ab624f4e86bbc273b35,
Execution Time for Trace ID 6bd5e88174f36ab624f4e86bbc273b35: 117 ms
Input: 1000000,
Cold Start: false
Unique ID: 1a70918e6fa4e324f17a10385126319d,
Execution Time for Trace ID 1a70918e6fa4e324f17a10385126319d: 98 ms
Input: 1000000,
Cold Start: false
Unique ID: 7e9207287c1299f849f32f29dd288bcb,
Execution Time for Trace ID 7e9207287c1299f849f32f29dd288bcb: 91 ms
Input: 1000000,
Cold Start: false
Unique ID: f66008071bfd33c2ed0425a84152604f,
Execution Time for Trace ID f66008071bfd33c2ed0425a84152604f: 41 ms
Input: 1000000,
Cold Start: false
Unique ID: e655b075396fdddb03bfd8b16965ded9,
Execution Time for Trace ID e655b075396fdddb03bfd8b16965ded9: 85 ms
Input: 1000000,
Cold Start: false
Unique ID: 4dcf8e0289ee3d2faf125e070ec5f35c,
Execution Time for Trace ID 4dcf8e0289ee3d2faf125e070ec5f35c: 72 ms
Input: 1000000,
Cold Start: false
Unique ID: 6a68eeb6d151f66a1ce717b6d45a1d88,
Execution Time for Trace ID 6a68eeb6d151f66a1ce717b6d45a1d88: 98 ms
Input: 1000000,
Cold Start: false
Unique ID: b05f2087559b1d28fd1ca1ac9596232c,
Execution Time for Trace ID b05f2087559b1d28fd1ca1ac9596232c: 181 ms
Input: 1000000,
Cold Start: false
Unique ID: 4c538327fc932e9536128d56d5b6feaa,
Execution Time for Trace ID 4c538327fc932e9536128d56d5b6feaa: 39 ms
Input: 1000000,
Cold Start: false
Unique ID: f0e897a8b5feff833c0ba5b2ebfc5cb9,
Execution Time for Trace ID f0e897a8b5feff833c0ba5b2ebfc5cb9: 46 ms
Input: 1000000,
Cold Start: false
Unique ID: 8a5bd3de5a541e2464a4e46a986cf222,
Execution Time for Trace ID 8a5bd3de5a541e2464a4e46a986cf222: 35 ms
Input: 1000000,
Cold Start: false
Unique ID: 70416fd86253c1df9809c16be904a193,
Execution Time for Trace ID 70416fd86253c1df9809c16be904a193: 180 ms
Input: 1000000,
Cold Start: false
Unique ID: b13d87171d0f66b67ba29f549d2a1874,
Execution Time for Trace ID b13d87171d0f66b67ba29f549d2a1874: 106 ms
Input: 1000000,
Cold Start: false
Unique ID: 5f23c0e3679cb58f8b9707e225b7700c,
Execution Time for Trace ID 5f23c0e3679cb58f8b9707e225b7700c: 28 ms
Input: 1000000,
Cold Start: false
Unique ID: 2f50a63cec91f0df090abc22e7e41302,
Execution Time for Trace ID 2f50a63cec91f0df090abc22e7e41302: 121 ms
Input: 1000000,
Cold Start: false
Unique ID: 167b583d06c2ddce1668b8f7f48496a5,
Execution Time for Trace ID 167b583d06c2ddce1668b8f7f48496a5: 28 ms
Input: 1000000,
Cold Start: false
Unique ID: fd0360a9ce485a095bafa0249857e7de,
Execution Time for Trace ID fd0360a9ce485a095bafa0249857e7de: 81 ms
Input: 1000000,
Cold Start: false
Unique ID: 7cbde8acfbee1ac2bce1e7c656adc5f4,
Execution Time for Trace ID 7cbde8acfbee1ac2bce1e7c656adc5f4: 64 ms
Input: 1000000,
Cold Start: false
Unique ID: 376d80519cd3f7860f0591ed50e073c6,
Execution Time for Trace ID 376d80519cd3f7860f0591ed50e073c6: 30 ms
Input: 1000000,
Cold Start: false
Unique ID: e050d2bb6022b7bc3bcbb295192f46df,
Execution Time for Trace ID e050d2bb6022b7bc3bcbb295192f46df: 116 ms
Input: 1000000,
Cold Start: false
Unique ID: b4a91bcb62d4d3e96fd54a8065c5fa6d,
Execution Time for Trace ID b4a91bcb62d4d3e96fd54a8065c5fa6d: 32 ms
Input: 1000000,
Cold Start: false
Unique ID: f14554de6a2c7cdf3e7c34aee168183d,
Execution Time for Trace ID f14554de6a2c7cdf3e7c34aee168183d: 81 ms
Input: 1000000,
Cold Start: false
Unique ID: 95159677a71299ec16479bac094e2217,
Execution Time for Trace ID 95159677a71299ec16479bac094e2217: 66 ms
Input: 1000000,
Cold Start: false
Unique ID: 07becf969829cec4490c4d254d88ab5b,
Execution Time for Trace ID 07becf969829cec4490c4d254d88ab5b: 37 ms
Input: 1000000,
Cold Start: false
Unique ID: d2a4c037d39e1a368241dd64012f9d42,
Execution Time for Trace ID d2a4c037d39e1a368241dd64012f9d42: 29 ms
Input: 1000000,
Cold Start: false
Unique ID: 583f863d1f0ad0326f4dc68051d15ca1,
Execution Time for Trace ID 583f863d1f0ad0326f4dc68051d15ca1: 28 ms
Input: 1000000,
Cold Start: false
Unique ID: 7c7689b41da27fe11c65a576eb6eab53,
Execution Time for Trace ID 7c7689b41da27fe11c65a576eb6eab53: 185 ms
Input: 1000000,
Cold Start: false
Unique ID: 88f12799f3615c4d8a32db00aed5e629,
Execution Time for Trace ID 88f12799f3615c4d8a32db00aed5e629: 93 ms
Input: 1000000,
Cold Start: false
Unique ID: f9c306b301d80866d6928938d2991610,
Execution Time for Trace ID f9c306b301d80866d6928938d2991610: 35 ms
Input: 1000000,
Cold Start: false
Unique ID: 15f0470f25f8076da2e9643b0f733e8a,
Execution Time for Trace ID 15f0470f25f8076da2e9643b0f733e8a: 106 ms
Input: 1000000,
Cold Start: false
Unique ID: cac8356e94e9c62e684af8ac08e0380c,
Execution Time for Trace ID cac8356e94e9c62e684af8ac08e0380c: 175 ms
Input: 1000000,
Cold Start: false
Unique ID: 2dc72c72b2bbc5ea5a661c3f3d7e5a99,
Execution Time for Trace ID 2dc72c72b2bbc5ea5a661c3f3d7e5a99: 79 ms
Input: 1000000,
Cold Start: false
Unique ID: 6993d1591ccb7ada880c41bd460e4fed,
Execution Time for Trace ID 6993d1591ccb7ada880c41bd460e4fed: 31 ms
Input: 1000000,
Cold Start: false
Unique ID: ff1a28df69d039613e859e022c5d593f,
Execution Time for Trace ID ff1a28df69d039613e859e022c5d593f: 31 ms
Input: 1000000,
Cold Start: false
Unique ID: 85345e51372c951180774f3201afc145,
Execution Time for Trace ID 85345e51372c951180774f3201afc145: 30 ms
Input: 1000000,
Cold Start: false
Unique ID: 0137b797c802061e64434b8fdaf32bf2,
Execution Time for Trace ID 0137b797c802061e64434b8fdaf32bf2: 27 ms
Input: 1000000,
Cold Start: false
Unique ID: 45c405c9fc3cb14549b1e4b781280582,
Execution Time for Trace ID 45c405c9fc3cb14549b1e4b781280582: 172 ms
Input: 1000000,
Cold Start: false
Unique ID: b1615c51275d02457ad4c958fb484cb1,
Execution Time for Trace ID b1615c51275d02457ad4c958fb484cb1: 134 ms
Input: 1000000,
Cold Start: false
Unique ID: 62d8fd7c68f070946583a5dd3eae9e98,
Execution Time for Trace ID 62d8fd7c68f070946583a5dd3eae9e98: 33 ms
Input: 1000000,
Cold Start: false
Unique ID: fae3573837c3f0ae77e72bb6b5a5553f,
Execution Time for Trace ID fae3573837c3f0ae77e72bb6b5a5553f: 29 ms
Input: 1000000,
Cold Start: false
Unique ID: 1c0417637c28001e3c5661f4540a11df,
Execution Time for Trace ID 1c0417637c28001e3c5661f4540a11df: 29 ms
Input: 1000000,
Cold Start: false
Unique ID: eaca11e21dbf645184f05ecafaea69c2,
Execution Time for Trace ID eaca11e21dbf645184f05ecafaea69c2: 174 ms
Input: 1000000,
Cold Start: false
Unique ID: b12ce6ef168cef93f244b9e936baa5aa,
Execution Time for Trace ID b12ce6ef168cef93f244b9e936baa5aa: 97 ms
Input: 1000000,
Cold Start: false
Unique ID: 3f5f77dc52665a407dc7073eb4eeb328,
Execution Time for Trace ID 3f5f77dc52665a407dc7073eb4eeb328: 32 ms
Input: 1000000,
Cold Start: false
Unique ID: 328bf5251aa3c703e802338d576c0671,
Execution Time for Trace ID 328bf5251aa3c703e802338d576c0671: 28 ms
Input: 1000000,
Cold Start: false
Unique ID: 7e5efa136ebc8662eb08ebcebe3330b6,
Execution Time for Trace ID 7e5efa136ebc8662eb08ebcebe3330b6: 47 ms
Input: 1000000,
Cold Start: false
Unique ID: ee450660de34cd3297b0b6991de58816,
Execution Time for Trace ID ee450660de34cd3297b0b6991de58816: 163 ms
Input: 1000000,
Cold Start: false
Unique ID: 5957643cf7a141721e6b37ccc4d6c3c2,
Execution Time for Trace ID 5957643cf7a141721e6b37ccc4d6c3c2: 29 ms
Input: 1000000,
Cold Start: false
Unique ID: 1742ab1051f2e03783b0feab04dee068,
Execution Time for Trace ID 1742ab1051f2e03783b0feab04dee068: 29 ms
Input: 1000000,
Cold Start: false
Unique ID: 322f9508174256b64c6d9ad91e8e3572,
Execution Time for Trace ID 322f9508174256b64c6d9ad91e8e3572: 114 ms
Input: 1000000,
Cold Start: false
Unique ID: 8794294843d1c1f67d5b82a90366f600,
Execution Time for Trace ID 8794294843d1c1f67d5b82a90366f600: 89 ms
Input: 1000000,
Cold Start: false
Unique ID: c661d6defb8595208fa61b3686a2bb67,
Execution Time for Trace ID c661d6defb8595208fa61b3686a2bb67: 73 ms
Input: 1000000,
Cold Start: false
Unique ID: 3360e6f93688e50560c582c641fe23ca,
Execution Time for Trace ID 3360e6f93688e50560c582c641fe23ca: 29 ms
Input: 1000000,
Cold Start: false
Unique ID: a0f44d095a2cd662facaf6e5cc173d8d,
Execution Time for Trace ID a0f44d095a2cd662facaf6e5cc173d8d: 27 ms
Input: 1000000,
Cold Start: false
Unique ID: b90edb12c20666e0cd803a3a60d0fdc7,
Execution Time for Trace ID b90edb12c20666e0cd803a3a60d0fdc7: 125 ms
Input: 1000000,
Cold Start: false
Unique ID: 57c82fdd10d3383417996943f87d8d5f,
Execution Time for Trace ID 57c82fdd10d3383417996943f87d8d5f: 100 ms
Input: 1000000,
Cold Start: false
Unique ID: 66781a2ed9f0904b22815fc8bbf1b2c6,
Execution Time for Trace ID 66781a2ed9f0904b22815fc8bbf1b2c6: 74 ms
Input: 1000000,
Cold Start: false
Unique ID: ea22e5affeb62919b3f63b6f68597abb,
Execution Time for Trace ID ea22e5affeb62919b3f63b6f68597abb: 118 ms
Input: 1000000,
Cold Start: false
Unique ID: 3cc2bdb9ec16dacc060c0cc4fb73884b,
Execution Time for Trace ID 3cc2bdb9ec16dacc060c0cc4fb73884b: 32 ms
Input: 1000000,
Cold Start: false
Unique ID: decf622ee769a0c5bc336819f476f7fd,
Execution Time for Trace ID decf622ee769a0c5bc336819f476f7fd: 33 ms
Input: 1000000,
Cold Start: false
Unique ID: caa89837f15e4d23395f9e914ae79968,
Execution Time for Trace ID caa89837f15e4d23395f9e914ae79968: 27 ms
Input: 1000000,
Cold Start: false
Unique ID: 56a496138ea1046387a47ea44bbcfb3a,
Execution Time for Trace ID 56a496138ea1046387a47ea44bbcfb3a: 187 ms
Input: 1000000,
Cold Start: false
Unique ID: d90154eaec9b68ac7aa2173f58f55926,
Execution Time for Trace ID d90154eaec9b68ac7aa2173f58f55926: 42 ms
Input: 1000000,
Cold Start: false
Unique ID: 4524b578276d27985308bfe031505c7d,
Execution Time for Trace ID 4524b578276d27985308bfe031505c7d: 36 ms
Input: 1000000,
Cold Start: false
Unique ID: 9d347e6faeaa686fff3ce5d76719f2c0,
Execution Time for Trace ID 9d347e6faeaa686fff3ce5d76719f2c0: 72 ms
Input: 1000000,
Cold Start: false
Unique ID: 4dd5a08f044c3c230cbc5004088d0dd8,
Execution Time for Trace ID 4dd5a08f044c3c230cbc5004088d0dd8: 34 ms
Input: 1000000,
Cold Start: false
Unique ID: 094069a9edf43af8238bf14a577d44b1,
Execution Time for Trace ID 094069a9edf43af8238bf14a577d44b1: 184 ms
Input: 1000000,
Cold Start: false
Unique ID: 20b1eaa8d877c4d8434e6b007d8dd3f8,
Execution Time for Trace ID 20b1eaa8d877c4d8434e6b007d8dd3f8: 101 ms
Input: 1000000,
Cold Start: false
Unique ID: c9a63b583f91ba89861190c9b2b4e9c6,
Execution Time for Trace ID c9a63b583f91ba89861190c9b2b4e9c6: 126 ms
Input: 1000000,
Cold Start: false
Unique ID: 5d08b384703117ce9ffdf9f0d071e6df,
Execution Time for Trace ID 5d08b384703117ce9ffdf9f0d071e6df: 81 ms
Input: 1000000,
Cold Start: false
Unique ID: eb2d123d0bc9aea57836211eec3b5e6b,
Execution Time for Trace ID eb2d123d0bc9aea57836211eec3b5e6b: 73 ms
Input: 1000000,
Cold Start: false
Unique ID: c5d254210719493f92a0462774365d60,
Execution Time for Trace ID c5d254210719493f92a0462774365d60: 82 ms
Input: 1000000,
Cold Start: false
Unique ID: 545966592411b19736b119c5829aab64,
Execution Time for Trace ID 545966592411b19736b119c5829aab64: 65 ms
Input: 1000000,
Cold Start: false
Unique ID: f2012e0567f47021c93f1f4bbbcae242,
Execution Time for Trace ID f2012e0567f47021c93f1f4bbbcae242: 29 ms
Input: 1000000,
Cold Start: false
Unique ID: a5991f901fa332b347621825b2424cb8,
Execution Time for Trace ID a5991f901fa332b347621825b2424cb8: 82 ms
Input: 1000000,
Cold Start: false
Unique ID: df23458a654c72068045b66f63826d40,
Execution Time for Trace ID df23458a654c72068045b66f63826d40: 27 ms
Input: 1000000,
Cold Start: false
Unique ID: e8cbd9952bd8b39a5b4e21abe2f79186,
Execution Time for Trace ID e8cbd9952bd8b39a5b4e21abe2f79186: 30 ms
Input: 1000000,
Cold Start: false
Unique ID: b4dc6b4b524834adfa4b088a74edb458,
Execution Time for Trace ID b4dc6b4b524834adfa4b088a74edb458: 166 ms
Input: 1000000,
Cold Start: false
Unique ID: 3ebac78f1f3a28d5df6634b0cd24984e,
Execution Time for Trace ID 3ebac78f1f3a28d5df6634b0cd24984e: 27 ms
Input: 1000000,
Cold Start: false
Unique ID: da497b7bd9d333a04f0692da746b63fd,
Execution Time for Trace ID da497b7bd9d333a04f0692da746b63fd: 114 ms
Input: 1000000,
Cold Start: false
Unique ID: 01bd30d991ddee13903fde8cf81480e4,
Execution Time for Trace ID 01bd30d991ddee13903fde8cf81480e4: 64 ms
Input: 1000000,
Cold Start: false
Unique ID: 983aa956a9b0ab921eea8ffbf844748b,
Execution Time for Trace ID 983aa956a9b0ab921eea8ffbf844748b: 68 ms
Input: 1000000,
Cold Start: false
Unique ID: fad3e4cbaad1af44a294b4c465c7fd29,
Execution Time for Trace ID fad3e4cbaad1af44a294b4c465c7fd29: 87 ms
Input: 1000000,
Cold Start: false
Unique ID: f6286bbd61b6385a03539433327e2671,
Execution Time for Trace ID f6286bbd61b6385a03539433327e2671: 32 ms
Input: 1000000,
Cold Start: false
Unique ID: b539707be8cd328dd8cb1379067e9a2a,
Execution Time for Trace ID b539707be8cd328dd8cb1379067e9a2a: 102 ms
Input: 1000000,
Cold Start: false
Unique ID: e19da44cf6983111da14399178341cd4,
Execution Time for Trace ID e19da44cf6983111da14399178341cd4: 50 ms
Input: 1000000,
Cold Start: false
Unique ID: 8325f92e20b795a42d0804d4677442a9,
Execution Time for Trace ID 8325f92e20b795a42d0804d4677442a9: 183 ms
Input: 1000000,
Cold Start: false
Unique ID: 20c7dfcf7af93ecf65d68848d8400780,
Execution Time for Trace ID 20c7dfcf7af93ecf65d68848d8400780: 28 ms
Input: 1000000,
Cold Start: false
Unique ID: 2013df3a0e3d4ee36cb6e39fa4ce64fe,
Execution Time for Trace ID 2013df3a0e3d4ee36cb6e39fa4ce64fe: 33 ms
Input: 1000000,
Cold Start: false
Unique ID: 8e7b747e79ebe23228dc675668c3b674,
Execution Time for Trace ID 8e7b747e79ebe23228dc675668c3b674: 96 ms
Input: 1000000,
Cold Start: false
Unique ID: 993bdec7dec217b8939d2cbe25d8b8a5,
Execution Time for Trace ID 993bdec7dec217b8939d2cbe25d8b8a5: 115 ms
Input: 1000000,
Cold Start: false
Unique ID: d9ba7ed7aa8220d87b64ac5323fbda09,
Execution Time for Trace ID d9ba7ed7aa8220d87b64ac5323fbda09: 66 ms
Input: 1000000,
Cold Start: false
Unique ID: 8bac759164cb8c8562d4a30d32866a50,
Execution Time for Trace ID 8bac759164cb8c8562d4a30d32866a50: 171 ms
Input: 1000000,
Cold Start: false
Unique ID: 874b00f42836f31f516fe9c7988e1d25,
Execution Time for Trace ID 874b00f42836f31f516fe9c7988e1d25: 31 ms
Input: 1000000,
Cold Start: false
Unique ID: 214b10b8693ed30394574d569a466737,
Execution Time for Trace ID 214b10b8693ed30394574d569a466737: 81 ms
Input: 1000000,
Cold Start: false
Unique ID: 2fca15a986c467eab7760c8eb55e5bdc,
Execution Time for Trace ID 2fca15a986c467eab7760c8eb55e5bdc: 78 ms
Input: 1000000,
Cold Start: false
Unique ID: 2f1c913c5e36c25a6d8db17efb156cdf,
Execution Time for Trace ID 2f1c913c5e36c25a6d8db17efb156cdf: 29 ms
Input: 1000000,
Cold Start: false
Unique ID: 439f3ceb5c390d0c7c4d8e76315c10e6,
Execution Time for Trace ID 439f3ceb5c390d0c7c4d8e76315c10e6: 175 ms
Input: 1000000,
Cold Start: false
Unique ID: 9271a6bfa9dbebb114f54d8c1f5f0725,
Execution Time for Trace ID 9271a6bfa9dbebb114f54d8c1f5f0725: 28 ms
Input: 1000000,
Cold Start: false
Unique ID: 26e5225afa7c22626f289fc7ea21b9c0,
Execution Time for Trace ID 26e5225afa7c22626f289fc7ea21b9c0: 121 ms
Input: 1000000,
Cold Start: false
Unique ID: 603421b85d7e04eb7ba2e5797334dddb,
Execution Time for Trace ID 603421b85d7e04eb7ba2e5797334dddb: 97 ms
Input: 1000000,
Cold Start: false
Unique ID: fc213928fde9cf5a6fce0347d9f1ee55,
Execution Time for Trace ID fc213928fde9cf5a6fce0347d9f1ee55: 80 ms
Input: 1000000,
Cold Start: false
Unique ID: fcd39fec159e68cb1a1fe0c3aeca15cb,
Execution Time for Trace ID fcd39fec159e68cb1a1fe0c3aeca15cb: 30 ms
Input: 1000000,
Cold Start: false
Unique ID: ceeebbc6139b58e0d523c1fbe536b7f2,
Execution Time for Trace ID ceeebbc6139b58e0d523c1fbe536b7f2: 33 ms
Input: 1000000,
Cold Start: false
Unique ID: 7726b02eda816e56216c91f3c62e58a4,
Execution Time for Trace ID 7726b02eda816e56216c91f3c62e58a4: 27 ms
Input: 1000000,
Cold Start: false
Unique ID: 253e9976ba1615e899bb9a1aecdede80,
Execution Time for Trace ID 253e9976ba1615e899bb9a1aecdede80: 27 ms
Input: 1000000,
Cold Start: false
Unique ID: 9dbac5b0d2506252a8e4a1ff813d4683,
Execution Time for Trace ID 9dbac5b0d2506252a8e4a1ff813d4683: 178 ms
Input: 1000000,
Cold Start: false
Unique ID: db19e59312970aeeacac54855b9b4f6a,
Execution Time for Trace ID db19e59312970aeeacac54855b9b4f6a: 62 ms
Input: 1000000,
Cold Start: false
Unique ID: 85ec39904ec74c3416e17021d4b7933f,
Execution Time for Trace ID 85ec39904ec74c3416e17021d4b7933f: 131 ms
Input: 1000000,
Cold Start: false
Unique ID: a7e7ef9b4b8973446d2b10a19ecb2be7,
Execution Time for Trace ID a7e7ef9b4b8973446d2b10a19ecb2be7: 31 ms
Input: 1000000,
Cold Start: false
Unique ID: 55896c9a5a0670ee881316654a107a03,
Execution Time for Trace ID 55896c9a5a0670ee881316654a107a03: 96 ms
Input: 1000000,
Cold Start: false
Unique ID: b891a1d91046446892794a8006061c12,
Execution Time for Trace ID b891a1d91046446892794a8006061c12: 82 ms
Input: 1000000,
Cold Start: false
Unique ID: b00e25bcfe8266caaf1abdbf0a749988,
Execution Time for Trace ID b00e25bcfe8266caaf1abdbf0a749988: 56 ms
Input: 1000000,
Cold Start: false
Unique ID: ccbf52dad12bf8069822e46097f88aca,
Execution Time for Trace ID ccbf52dad12bf8069822e46097f88aca: 30 ms
Input: 1000000,
Cold Start: false
Unique ID: 22aa4c0a7f5342ce27d47bb67d9cea4d,
Execution Time for Trace ID 22aa4c0a7f5342ce27d47bb67d9cea4d: 27 ms
Input: 1000000,
Cold Start: false
Unique ID: 36500b7f3da95265677c62167edaf47e,
Execution Time for Trace ID 36500b7f3da95265677c62167edaf47e: 85 ms
Input: 1000000,
Cold Start: false
Unique ID: 6761ce3f845c0a652888bdcc721e0e06,
Execution Time for Trace ID 6761ce3f845c0a652888bdcc721e0e06: 68 ms
Input: 1000000,
Cold Start: false
Unique ID: 4cf71e8264e69048e94e1bf069adf88b,
Execution Time for Trace ID 4cf71e8264e69048e94e1bf069adf88b: 173 ms
Input: 1000000,
Cold Start: false
Unique ID: c2446c62a8188d79974d762783bdae73,
Execution Time for Trace ID c2446c62a8188d79974d762783bdae73: 34 ms
Input: 1000000,
Cold Start: false
Unique ID: 7ad458f6049832107937e48859addfbb,
Execution Time for Trace ID 7ad458f6049832107937e48859addfbb: 28 ms
Input: 1000000,
Cold Start: false
Unique ID: daaca85ee35ce4261b46345863ebb68a,
Execution Time for Trace ID daaca85ee35ce4261b46345863ebb68a: 28 ms
Input: 1000000,
Cold Start: false
Unique ID: 40ffae91085fc5e81668ce203c4eb70a,
Execution Time for Trace ID 40ffae91085fc5e81668ce203c4eb70a: 183 ms
Input: 1000000,
Cold Start: false
Unique ID: 747ab4a78800a2891ffca5845d550478,
Execution Time for Trace ID 747ab4a78800a2891ffca5845d550478: 183 ms
Input: 1000000,
Cold Start: false
Unique ID: f424b910528951b99fd1ad5b250300da,
Execution Time for Trace ID f424b910528951b99fd1ad5b250300da: 28 ms
Input: 1000000,
Cold Start: false
Unique ID: 412811ec3314097b43677ce438307dfc,
Execution Time for Trace ID 412811ec3314097b43677ce438307dfc: 113 ms
Input: 1000000,
Cold Start: false
Unique ID: 6c38c76d69dccfeb705faf57504457ef,
Execution Time for Trace ID 6c38c76d69dccfeb705faf57504457ef: 30 ms
Input: 1000000,
Cold Start: false
Unique ID: 5821a9f301bc8eb000c67adf2abf8723,
Execution Time for Trace ID 5821a9f301bc8eb000c67adf2abf8723: 83 ms
Input: 1000000,
Cold Start: false
Unique ID: 8206608710813f6f888061ad06ea336c,
Execution Time for Trace ID 8206608710813f6f888061ad06ea336c: 85 ms
Input: 1000000,
Cold Start: false
Unique ID: a8933ad0ea1243d0e339c80a8b8ec193,
Execution Time for Trace ID a8933ad0ea1243d0e339c80a8b8ec193: 49 ms
Input: 1000000,
Cold Start: false
Unique ID: 47d97797784a2cf53ea9489298ade144,
Execution Time for Trace ID 47d97797784a2cf53ea9489298ade144: 127 ms
Input: 1000000,
Cold Start: false
Unique ID: 7521ab7f43b41ac429ffa67ba3d996f2,
Execution Time for Trace ID 7521ab7f43b41ac429ffa67ba3d996f2: 28 ms
Input: 1000000,
Cold Start: false
Unique ID: 5d02aae515e82ab9c329a1ffc931cfa5,
Execution Time for Trace ID 5d02aae515e82ab9c329a1ffc931cfa5: 30 ms
Input: 1000000,
Cold Start: false
Unique ID: 8852fea735ee890d9bd7939f390a6314,
Execution Time for Trace ID 8852fea735ee890d9bd7939f390a6314: 82 ms
Input: 1000000,
Cold Start: false
Unique ID: 43a88af099e488de7ebd2847e238172d,
Execution Time for Trace ID 43a88af099e488de7ebd2847e238172d: 119 ms
Input: 1000000,
Cold Start: false
Unique ID: b2541cbbdf41bb068d28daed63c9de6b,
Execution Time for Trace ID b2541cbbdf41bb068d28daed63c9de6b: 29 ms
Input: 1000000,
Cold Start: false
Unique ID: d6575979ca6d8bd8bb6c30890baf7983,
Execution Time for Trace ID d6575979ca6d8bd8bb6c30890baf7983: 84 ms
Input: 1000000,
Cold Start: false
Unique ID: b66a4c60a57020ddd82b4ad740765654,
Execution Time for Trace ID b66a4c60a57020ddd82b4ad740765654: 83 ms
Input: 1000000,
Cold Start: false
Unique ID: b82c5d4fa5074bb44f1d61d1144fab95,
Execution Time for Trace ID b82c5d4fa5074bb44f1d61d1144fab95: 41 ms
Input: 1000000,
Cold Start: false
Unique ID: 25f455304723021ce52edcbbd4a95acd,
Execution Time for Trace ID 25f455304723021ce52edcbbd4a95acd: 31 ms
Input: 1000000,
Cold Start: false
Unique ID: 4b643f1ff4adb9843f9e75a683b5226b,
Execution Time for Trace ID 4b643f1ff4adb9843f9e75a683b5226b: 78 ms
Input: 1000000,
Cold Start: false
Unique ID: e2d2094cfbc5ddf14dc562cd8571a56c,
Execution Time for Trace ID e2d2094cfbc5ddf14dc562cd8571a56c: 99 ms
Input: 1000000,
Cold Start: false
Unique ID: 8fcc7037fa1b2fce7cb9cbf4c829b8e1,
Execution Time for Trace ID 8fcc7037fa1b2fce7cb9cbf4c829b8e1: 93 ms
Input: 1000000,
Cold Start: false
Unique ID: 4d053e6b6c3ef7ba4677ed46243cb311,
Execution Time for Trace ID 4d053e6b6c3ef7ba4677ed46243cb311: 94 ms
Input: 1000000,
Cold Start: false
Unique ID: dc105527c0b8925289a749c570028be0,
Execution Time for Trace ID dc105527c0b8925289a749c570028be0: 28 ms
Input: 1000000,
Cold Start: false
Unique ID: 92df33e32b11f9ff4efe2fcdba28cd2d,
Execution Time for Trace ID 92df33e32b11f9ff4efe2fcdba28cd2d: 116 ms
Input: 1000000,
Cold Start: false
Unique ID: 04b71872c12b0740f023e678ba186661,
Execution Time for Trace ID 04b71872c12b0740f023e678ba186661: 67 ms
Input: 1000000,
Cold Start: false
Unique ID: 7a7980f426b4a1c57c8e365f2c12bd0e,
Execution Time for Trace ID 7a7980f426b4a1c57c8e365f2c12bd0e: 78 ms
Input: 1000000,
Cold Start: false
Unique ID: 6678d2d5b510309065878c740093967c,
Execution Time for Trace ID 6678d2d5b510309065878c740093967c: 35 ms
Input: 1000000,
Cold Start: false
Unique ID: 2472a32b54a76df5e909018c0e6b8152,
Execution Time for Trace ID 2472a32b54a76df5e909018c0e6b8152: 37 ms
Input: 1000000,
Cold Start: false
Unique ID: cb9475744dfa3a3481b826d1d6cc658f,
Execution Time for Trace ID cb9475744dfa3a3481b826d1d6cc658f: 73 ms
Input: 1000000,
Cold Start: false
Unique ID: 936d76c4f55f5265cfd81a56630b0cb7,
Execution Time for Trace ID 936d76c4f55f5265cfd81a56630b0cb7: 31 ms
Input: 1000000,
Cold Start: false
Unique ID: f614f7051ed53d042a8d7592bec659c2,
Execution Time for Trace ID f614f7051ed53d042a8d7592bec659c2: 166 ms
Input: 1000000,
Cold Start: false
Unique ID: 60868c8afeff31f47897d8e42972064b,
Execution Time for Trace ID 60868c8afeff31f47897d8e42972064b: 27 ms
Input: 1000000,
Cold Start: false
Unique ID: ea51bc86ccceb165865067fcd3551873,
Execution Time for Trace ID ea51bc86ccceb165865067fcd3551873: 32 ms
Input: 1000000,
Cold Start: false
Unique ID: cff9023ddb06575d6f84960353bda69d,
Execution Time for Trace ID cff9023ddb06575d6f84960353bda69d: 29 ms
Input: 1000000,
Cold Start: false
Unique ID: 7b7a38acf79e0edf66c9125e5bc561d2,
Execution Time for Trace ID 7b7a38acf79e0edf66c9125e5bc561d2: 181 ms
Input: 1000000,
Cold Start: false
Unique ID: b5e691d9ab6967bff97a8a99f0174e12,
Execution Time for Trace ID b5e691d9ab6967bff97a8a99f0174e12: 29 ms
Input: 1000000,
Cold Start: false
Unique ID: 634a78e16329e959ec11cab4ce259459,
Execution Time for Trace ID 634a78e16329e959ec11cab4ce259459: 91 ms
Input: 1000000,
Cold Start: false
Unique ID: 092df82f9140584eec948f9c184986fe,
Execution Time for Trace ID 092df82f9140584eec948f9c184986fe: 34 ms
Input: 1000000,
Cold Start: false
Unique ID: ed354c7319b151e290e7a90b5a83d159,
Execution Time for Trace ID ed354c7319b151e290e7a90b5a83d159: 73 ms
Input: 1000000,
Cold Start: false
Unique ID: c1c71268116aa56961d2000b3db50d89,
Execution Time for Trace ID c1c71268116aa56961d2000b3db50d89: 28 ms
Input: 1000000,
Cold Start: false
Unique ID: bf8bc4d743f8e090ae5aa5d3f53970cd,
Execution Time for Trace ID bf8bc4d743f8e090ae5aa5d3f53970cd: 181 ms
Input: 1000000,
Cold Start: false
Unique ID: a42f85220bc61d6d6a8e022ab6197a24,
Execution Time for Trace ID a42f85220bc61d6d6a8e022ab6197a24: 30 ms
Input: 1000000,
Cold Start: false
Unique ID: 02a3c44e63152a7d1b0e8a5ab5fc9b6f,
Execution Time for Trace ID 02a3c44e63152a7d1b0e8a5ab5fc9b6f: 28 ms
Input: 1000000,
Cold Start: false
Unique ID: fa967f1695c35662dba9a5ed7ebe2cdc,
Execution Time for Trace ID fa967f1695c35662dba9a5ed7ebe2cdc: 105 ms
Input: 1000000,
Cold Start: false
Unique ID: d3bbc3ed13e958e1ef02585037309576,
Execution Time for Trace ID d3bbc3ed13e958e1ef02585037309576: 80 ms
Input: 1000000,
Cold Start: false
Unique ID: 6fc292f636a20c3f36dd53de7c3679d3,
Execution Time for Trace ID 6fc292f636a20c3f36dd53de7c3679d3: 34 ms
Input: 1000000,
Cold Start: false
Unique ID: 5090eccabf2b2de3f8ac2863aed1cffd,
Execution Time for Trace ID 5090eccabf2b2de3f8ac2863aed1cffd: 147 ms
Input: 1000000,
Cold Start: false
Unique ID: f1f3614f8c894c03978c640f748d4665,
Execution Time for Trace ID f1f3614f8c894c03978c640f748d4665: 34 ms
Input: 1000000,
Cold Start: false
Unique ID: 1d9efba74ddd6a94688fb4523fd163a1,
Execution Time for Trace ID 1d9efba74ddd6a94688fb4523fd163a1: 55 ms
Input: 1000000,
Cold Start: false
Unique ID: 50496491e4f30cde4c6d2f5a460325fd,
Execution Time for Trace ID 50496491e4f30cde4c6d2f5a460325fd: 174 ms
Input: 1000000,
Cold Start: false
Unique ID: 9213093b6ab9336af0ede5ffd020e89e,
Execution Time for Trace ID 9213093b6ab9336af0ede5ffd020e89e: 71 ms
Input: 1000000,
Cold Start: false
Unique ID: c5f9a239dd2f03ccbc7f7a9e52c3a762,
Execution Time for Trace ID c5f9a239dd2f03ccbc7f7a9e52c3a762: 102 ms
Input: 1000000,
Cold Start: false
Unique ID: 1fbd6d3508d340f434d45c125b1cc1b3,
Execution Time for Trace ID 1fbd6d3508d340f434d45c125b1cc1b3: 46 ms
Input: 1000000,
Cold Start: false
Unique ID: 11367f4fdb0db67fee564b4fc11ae20a,
Execution Time for Trace ID 11367f4fdb0db67fee564b4fc11ae20a: 109 ms
Input: 1000000,
Cold Start: false
Unique ID: 95dbb5dbdc4d9fe327587faa22613fee,
Execution Time for Trace ID 95dbb5dbdc4d9fe327587faa22613fee: 35 ms
Input: 1000000,
Cold Start: false
Unique ID: 37c3c0c592e53e50e9e6f86101319cd9,
Execution Time for Trace ID 37c3c0c592e53e50e9e6f86101319cd9: 76 ms
Input: 1000000,
Cold Start: false
Unique ID: 4bd031ca7884465942a79d795e06e1e6,
Execution Time for Trace ID 4bd031ca7884465942a79d795e06e1e6: 28 ms
Input: 1000000,
Cold Start: false
Unique ID: a2ee2df3c584e7a09bae550f7c705c86,
Execution Time for Trace ID a2ee2df3c584e7a09bae550f7c705c86: 34 ms
Input: 1000000,
Cold Start: false
Unique ID: 47f63d8117e479abeb19facc170b1689,
Execution Time for Trace ID 47f63d8117e479abeb19facc170b1689: 75 ms
Input: 1000000,
Cold Start: false
Unique ID: 30d0b5e8ed83be2c0549bc0ef1d9becb,
Execution Time for Trace ID 30d0b5e8ed83be2c0549bc0ef1d9becb: 179 ms
Input: 1000000,
Cold Start: false
Unique ID: 480307a778d6775e4736ec8b3896f8da,
Execution Time for Trace ID 480307a778d6775e4736ec8b3896f8da: 33 ms
Input: 1000000,
Cold Start: false
Unique ID: 1fce003808349bd0f50041fd85c22ce6,
Execution Time for Trace ID 1fce003808349bd0f50041fd85c22ce6: 133 ms
Input: 1000000,
Cold Start: true
Unique ID: 3c21ee8bff7bd29d30647122a839fb96,
Execution Time for Trace ID 3c21ee8bff7bd29d30647122a839fb96: 32 ms
Input: 1000000,
Cold Start: false
Unique ID: 6fea68cd32ac2e0c6fa2925270e552d0,
Execution Time for Trace ID 6fea68cd32ac2e0c6fa2925270e552d0: 44 ms
Input: 1000000,
Cold Start: false
Unique ID: e54b6d23c22b77b6f535a4ec1e87ae3d,
Execution Time for Trace ID e54b6d23c22b77b6f535a4ec1e87ae3d: 96 ms
Input: 1000000,
Cold Start: false
Unique ID: 87acaa7f31d63f5a7711164430e32690,
Execution Time for Trace ID 87acaa7f31d63f5a7711164430e32690: 179 ms
Input: 1000000,
Cold Start: false
Unique ID: 06a8a9ecf27d44edf8c12b3e14c670dc,
Execution Time for Trace ID 06a8a9ecf27d44edf8c12b3e14c670dc: 189 ms
Input: 1000000,
Cold Start: false
Unique ID: f2d44489cd2deb0e89e6ed8e33ef67be,
Execution Time for Trace ID f2d44489cd2deb0e89e6ed8e33ef67be: 38 ms
Input: 1000000,
Cold Start: false
Unique ID: 44e0b1687fc8056557019ddf75460e90,
Execution Time for Trace ID 44e0b1687fc8056557019ddf75460e90: 29 ms
Input: 1000000,
Cold Start: false
Unique ID: 35600e0d5ae1bc2d25eaf258566c5967,
Execution Time for Trace ID 35600e0d5ae1bc2d25eaf258566c5967: 174 ms
Input: 1000000,
Cold Start: false
Unique ID: 018494822ff3f493d52bfb0fd2937206,
Execution Time for Trace ID 018494822ff3f493d52bfb0fd2937206: 29 ms
Input: 1000000,
Cold Start: false
Unique ID: 867464513878a0f36fb8a3bde45d0449,
Execution Time for Trace ID 867464513878a0f36fb8a3bde45d0449: 140 ms
Input: 1000000,
Cold Start: false
Unique ID: c7e439ed610c5cb86a0883805b5c6d87,
Execution Time for Trace ID c7e439ed610c5cb86a0883805b5c6d87: 30 ms
Input: 1000000,
Cold Start: false
Unique ID: 7a5efbd6f0488666381a9cc6bdcf201a,
Execution Time for Trace ID 7a5efbd6f0488666381a9cc6bdcf201a: 125 ms
Input: 1000000,
Cold Start: false
Unique ID: 9200939a6b4555815a501b8456f96084,
Execution Time for Trace ID 9200939a6b4555815a501b8456f96084: 27 ms
Input: 1000000,
Cold Start: false
Unique ID: e669701a28dfc1c29234932ebe01fd0e,
Execution Time for Trace ID e669701a28dfc1c29234932ebe01fd0e: 87 ms
Input: 1000000,
Cold Start: false
Unique ID: 28077f669a91d7b261c5031fe46edd39,
Execution Time for Trace ID 28077f669a91d7b261c5031fe46edd39: 64 ms
Input: 1000000,
Cold Start: false
Unique ID: f237a8ae582e5b6545d67d10b1bb14c0,
Execution Time for Trace ID f237a8ae582e5b6545d67d10b1bb14c0: 32 ms
Input: 1000000,
Cold Start: false
Unique ID: 76213fa902490543cde1798f5f9871fd,
Execution Time for Trace ID 76213fa902490543cde1798f5f9871fd: 91 ms
Input: 1000000,
Cold Start: false
Unique ID: a71e6b60097ee52cf05c15205323a550,
Execution Time for Trace ID a71e6b60097ee52cf05c15205323a550: 27 ms
Input: 1000000,
Cold Start: false
Unique ID: 9666e8b45d590ea83746366854c75588,
Execution Time for Trace ID 9666e8b45d590ea83746366854c75588: 30 ms
Input: 1000000,
Cold Start: false
Unique ID: 6232b1aff0c5b47bac30f8458cbce323,
Execution Time for Trace ID 6232b1aff0c5b47bac30f8458cbce323: 179 ms
Input: 1000000,
Cold Start: false
Unique ID: 7007cabe2ddfab4825d4aec2403c5f88,
Execution Time for Trace ID 7007cabe2ddfab4825d4aec2403c5f88: 29 ms
Input: 1000000,
Cold Start: false
Unique ID: c03f94808c11ab00fe79598d47aab0ba,
Execution Time for Trace ID c03f94808c11ab00fe79598d47aab0ba: 121 ms
Input: 1000000,
Cold Start: false
Unique ID: 78e6e172d07f98c79edc6df4e5dae274,
Execution Time for Trace ID 78e6e172d07f98c79edc6df4e5dae274: 94 ms
Input: 1000000,
Cold Start: false
Unique ID: f488a463e93b023ea55c2f389f403de4,
Execution Time for Trace ID f488a463e93b023ea55c2f389f403de4: 79 ms
Input: 1000000,
Cold Start: false
Unique ID: 5bf7b0c3bb030cdd19bd8e3a46911ee5,
Execution Time for Trace ID 5bf7b0c3bb030cdd19bd8e3a46911ee5: 29 ms
Input: 1000000,
Cold Start: false
Unique ID: ee5f1861123acd840e09bffe834bf90d,
Execution Time for Trace ID ee5f1861123acd840e09bffe834bf90d: 31 ms
Input: 1000000,
Cold Start: false
Unique ID: c599ec85a6394243b1e614eb2120adbc,
Execution Time for Trace ID c599ec85a6394243b1e614eb2120adbc: 30 ms
Input: 1000000,
Cold Start: false
Unique ID: 3d28f2297f068ca895c36443617aebc4,
Execution Time for Trace ID 3d28f2297f068ca895c36443617aebc4: 48 ms
Input: 1000000,
Cold Start: false
Unique ID: da1762991a85acc607d8853332e3c74a,
Execution Time for Trace ID da1762991a85acc607d8853332e3c74a: 172 ms
Input: 1000000,
Cold Start: false
Unique ID: 612d91531082371705f7bbb5286d3471,
Execution Time for Trace ID 612d91531082371705f7bbb5286d3471: 29 ms
Input: 1000000,
Cold Start: false
Unique ID: 5eb08b648853aaddc6242baec74da68d,
Execution Time for Trace ID 5eb08b648853aaddc6242baec74da68d: 29 ms
Input: 1000000,
Cold Start: false
Unique ID: 44fd8be3c6fc6c1bdd248773328c42e8,
Execution Time for Trace ID 44fd8be3c6fc6c1bdd248773328c42e8: 104 ms
Input: 1000000,
Cold Start: false
Unique ID: 6fac02035e26fc7efa66b8f7c4e68e04,
Execution Time for Trace ID 6fac02035e26fc7efa66b8f7c4e68e04: 38 ms
Input: 1000000,
Cold Start: false
Unique ID: d66a23f8935e7661c2b8a5b271b42410,
Execution Time for Trace ID d66a23f8935e7661c2b8a5b271b42410: 94 ms
Input: 1000000,
Cold Start: false
Unique ID: 1072db31ce1630a4afad41692652e2b6,
Execution Time for Trace ID 1072db31ce1630a4afad41692652e2b6: 27 ms
Input: 1000000,
Cold Start: false
Unique ID: e741e8082c7184472a90c66ab5701da8,
Execution Time for Trace ID e741e8082c7184472a90c66ab5701da8: 31 ms
Input: 1000000,
Cold Start: false
Unique ID: bf337e9d1461cb6939459827c7dd6cb4,
Execution Time for Trace ID bf337e9d1461cb6939459827c7dd6cb4: 27 ms
Input: 1000000,
Cold Start: false
Unique ID: 50e09ef7d8e31c66c9fb4e8790daed15,
Execution Time for Trace ID 50e09ef7d8e31c66c9fb4e8790daed15: 28 ms
Input: 1000000,
Cold Start: false
Unique ID: 7eaa89ac452cce14e96e01459dba97ad,
Execution Time for Trace ID 7eaa89ac452cce14e96e01459dba97ad: 172 ms
Input: 1000000,
Cold Start: false
Unique ID: f179821eb8afbb61a594801b298384d1,
Execution Time for Trace ID f179821eb8afbb61a594801b298384d1: 29 ms
Input: 1000000,
Cold Start: false
Unique ID: b2a6dbaa3507c6d98f15f515247237fb,
Execution Time for Trace ID b2a6dbaa3507c6d98f15f515247237fb: 39 ms
Input: 1000000,
Cold Start: false
Unique ID: de2406f9afc97a89b7f513f7ca30dc1b,
Execution Time for Trace ID de2406f9afc97a89b7f513f7ca30dc1b: 73 ms
Input: 1000000,
Cold Start: false
Unique ID: 85eb8584b7f2c730e04e149d85d7a79d,
Execution Time for Trace ID 85eb8584b7f2c730e04e149d85d7a79d: 28 ms
Input: 1000000,
Cold Start: false
Unique ID: 5d0b4c2589967c01c2a8fa5658c68907,
Execution Time for Trace ID 5d0b4c2589967c01c2a8fa5658c68907: 193 ms
Input: 1000000,
Cold Start: false
Unique ID: 773ee0e2c0611d541d7236663290ef5a,
Execution Time for Trace ID 773ee0e2c0611d541d7236663290ef5a: 29 ms
Input: 1000000,
Cold Start: false
Unique ID: 89fa89b5ece7fc06da7fa9bdccd3d55d,
Execution Time for Trace ID 89fa89b5ece7fc06da7fa9bdccd3d55d: 40 ms
Input: 1000000,
Cold Start: false
Unique ID: 6c0b8792a00dc3333689e69a8f0511d7,
Execution Time for Trace ID 6c0b8792a00dc3333689e69a8f0511d7: 28 ms
Input: 1000000,
Cold Start: false
Unique ID: 8c585ace416bea664da0d724b8ef63a6,
Execution Time for Trace ID 8c585ace416bea664da0d724b8ef63a6: 195 ms
Input: 1000000,
Cold Start: false
Unique ID: 80552f9df7d79e4fa34ea69b7cef40b2,
Execution Time for Trace ID 80552f9df7d79e4fa34ea69b7cef40b2: 107 ms
Input: 1000000,
Cold Start: false
Unique ID: d890e387d9e761394cc2f5cb3f6b9eb3,
Execution Time for Trace ID d890e387d9e761394cc2f5cb3f6b9eb3: 65 ms
Input: 1000000,
Cold Start: false
Unique ID: c39516104da0d83a47163699c337ded2,
Execution Time for Trace ID c39516104da0d83a47163699c337ded2: 32 ms
Input: 1000000,
Cold Start: false
Unique ID: 1ad60eb069c7c3e7fc1ee487a8a0b7e2,
Execution Time for Trace ID 1ad60eb069c7c3e7fc1ee487a8a0b7e2: 27 ms
Input: 1000000,
Cold Start: false
Unique ID: 37f6577cd834aa64f09f1f100e77bfbe,
Execution Time for Trace ID 37f6577cd834aa64f09f1f100e77bfbe: 99 ms
Input: 1000000,
Cold Start: false
Unique ID: 5d45e3032a6a9225b4744396c75740dc,
Execution Time for Trace ID 5d45e3032a6a9225b4744396c75740dc: 30 ms
Input: 1000000,
Cold Start: false
Unique ID: 0cbf6fa7625d4a10afa42823ae932e93,
Execution Time for Trace ID 0cbf6fa7625d4a10afa42823ae932e93: 173 ms
Input: 1000000,
Cold Start: false
Unique ID: 1d3fb0d05b15fe067a1807347fbdb3c8,
Execution Time for Trace ID 1d3fb0d05b15fe067a1807347fbdb3c8: 32 ms
Input: 1000000,
Cold Start: false
Unique ID: 0fd1c66f54409e6665d81a1a8677093e,
Execution Time for Trace ID 0fd1c66f54409e6665d81a1a8677093e: 84 ms
Input: 1000000,
Cold Start: false
Unique ID: b649ef84b78b4fc10f4ee811a45321df,
Execution Time for Trace ID b649ef84b78b4fc10f4ee811a45321df: 110 ms
Input: 1000000,
Cold Start: false
Unique ID: 4d2fa93603261cd3a7f049b64a996467,
Execution Time for Trace ID 4d2fa93603261cd3a7f049b64a996467: 68 ms
Input: 1000000,
Cold Start: false
Unique ID: d8f41e3e347c12438100ac24c9670d7d,
Execution Time for Trace ID d8f41e3e347c12438100ac24c9670d7d: 167 ms
Input: 1000000,
Cold Start: false
Unique ID: 7ad1cf1ebe29aab73ecb850bb5266052,
Execution Time for Trace ID 7ad1cf1ebe29aab73ecb850bb5266052: 31 ms
Input: 1000000,
Cold Start: false
Unique ID: c1a8452b24e326c2e0c47ad99086fdf9,
Execution Time for Trace ID c1a8452b24e326c2e0c47ad99086fdf9: 27 ms
Input: 1000000,
Cold Start: false
Unique ID: 748d6184d6870134f5b37a91043e2ee6,
Execution Time for Trace ID 748d6184d6870134f5b37a91043e2ee6: 98 ms
Input: 1000000,
Cold Start: false
Unique ID: 0328df3b1f434547e19afa913103b766,
Execution Time for Trace ID 0328df3b1f434547e19afa913103b766: 30 ms
Input: 1000000,
Cold Start: false
Unique ID: e4330b061f8ec2315d1b8ec369a9c58a,
Execution Time for Trace ID e4330b061f8ec2315d1b8ec369a9c58a: 176 ms
Input: 1000000,
Cold Start: false
Unique ID: 3015c11649a8aa814748d022406b7b7c,
Execution Time for Trace ID 3015c11649a8aa814748d022406b7b7c: 29 ms
Input: 1000000,
Cold Start: false
Unique ID: d225e08598a89178bc6446a784bd5109,
Execution Time for Trace ID d225e08598a89178bc6446a784bd5109: 67 ms
Input: 1000000,
Cold Start: false
Unique ID: 3dfafe61e1fed3d6d2dd63d34f97900e,
Execution Time for Trace ID 3dfafe61e1fed3d6d2dd63d34f97900e: 29 ms
Input: 1000000,
Cold Start: false
Unique ID: e62ff3bf66db84ff9675d64d9c6cdf08,
Execution Time for Trace ID e62ff3bf66db84ff9675d64d9c6cdf08: 66 ms
Input: 1000000,
Cold Start: false
Unique ID: ed974b46e86ed5b74666029932480322,
Execution Time for Trace ID ed974b46e86ed5b74666029932480322: 173 ms
Input: 1000000,
Cold Start: false
Unique ID: 4bdcc5732eb2acd51ddb5d20573717b5,
Execution Time for Trace ID 4bdcc5732eb2acd51ddb5d20573717b5: 33 ms
Input: 1000000,
Cold Start: false
Unique ID: 51593a2db8b0e3874223435a07da4d66,
Execution Time for Trace ID 51593a2db8b0e3874223435a07da4d66: 27 ms
Input: 1000000,
Cold Start: false
Unique ID: 34d8e0b5843356e53a20ffb5736b77c7,
Execution Time for Trace ID 34d8e0b5843356e53a20ffb5736b77c7: 27 ms
Input: 1000000,
Cold Start: false
Unique ID: 0234e27475a79bf05f14edfb90247f7f,
Execution Time for Trace ID 0234e27475a79bf05f14edfb90247f7f: 180 ms
Input: 1000000,
Cold Start: false
Unique ID: ed0798eaf232239e591ba91e0e3e508b,
Execution Time for Trace ID ed0798eaf232239e591ba91e0e3e508b: 30 ms
Input: 1000000,
Cold Start: false
Unique ID: fee5834b1da63569aef6c680065df9b1,
Execution Time for Trace ID fee5834b1da63569aef6c680065df9b1: 33 ms
Input: 1000000,
Cold Start: false
Unique ID: a5733f2e68d7499f24a26453a76cc947,
Execution Time for Trace ID a5733f2e68d7499f24a26453a76cc947: 28 ms
Input: 1000000,
Cold Start: false
Unique ID: 32501bfbc51e7a717ae2643c0e8fb165,
Execution Time for Trace ID 32501bfbc51e7a717ae2643c0e8fb165: 33 ms
Input: 1000000,
Cold Start: false
Unique ID: 5dbb79bf0747bc387c1a065f436f0a95,
Execution Time for Trace ID 5dbb79bf0747bc387c1a065f436f0a95: 173 ms
Input: 1000000,
Cold Start: false
Unique ID: 20ed0d33b1a649e7d194d32c0ca2db7a,
Execution Time for Trace ID 20ed0d33b1a649e7d194d32c0ca2db7a: 70 ms
Input: 1000000,
Cold Start: false
Unique ID: 4bb7ce5afb278bedcdca6910f57cd837,
Execution Time for Trace ID 4bb7ce5afb278bedcdca6910f57cd837: 35 ms
Input: 1000000,
Cold Start: false
Unique ID: 7914edb3a1ef6f5ae56cef6b07e05c7f,
Execution Time for Trace ID 7914edb3a1ef6f5ae56cef6b07e05c7f: 27 ms
Input: 1000000,
Cold Start: false
Unique ID: 70085bcceef78fe1cb0edfd567e4d6a9,
Execution Time for Trace ID 70085bcceef78fe1cb0edfd567e4d6a9: 28 ms
Input: 1000000,
Cold Start: false
Unique ID: e169467a5d36774a609d76f1fa1a677c,
Execution Time for Trace ID e169467a5d36774a609d76f1fa1a677c: 165 ms
Input: 1000000,
Cold Start: false
Unique ID: 24a19227434009ca31e100a0ec2cf250,
Execution Time for Trace ID 24a19227434009ca31e100a0ec2cf250: 29 ms
Input: 1000000,
Cold Start: false
Unique ID: c169b281a9900eef58c0940436eb1851,
Execution Time for Trace ID c169b281a9900eef58c0940436eb1851: 35 ms
Input: 1000000,
Cold Start: false
Unique ID: 394931ccc066a1c1aaecfd1a202f09e7,
Execution Time for Trace ID 394931ccc066a1c1aaecfd1a202f09e7: 33 ms
Input: 1000000,
Cold Start: false
Unique ID: 2b7b17bb971a94a52c0a851975399242,
Execution Time for Trace ID 2b7b17bb971a94a52c0a851975399242: 183 ms
Input: 1000000,
Cold Start: false
Unique ID: b1fde2693ab8f6c31f35b5dfe1a901c6,
Execution Time for Trace ID b1fde2693ab8f6c31f35b5dfe1a901c6: 32 ms
Input: 1000000,
Cold Start: false
Unique ID: 1456ccd3c452fbb589f18510471c6fdc,
Execution Time for Trace ID 1456ccd3c452fbb589f18510471c6fdc: 103 ms
Input: 1000000,
Cold Start: false
Unique ID: 0605105fd25dfaea4cf224a57609223e,
Execution Time for Trace ID 0605105fd25dfaea4cf224a57609223e: 115 ms
Input: 1000000,
Cold Start: false
Unique ID: 862d9371e9b52c773a39c780a6649315,
Execution Time for Trace ID 862d9371e9b52c773a39c780a6649315: 28 ms
Input: 1000000,
Cold Start: false
Unique ID: c02271eba7a26923ecaaf4660b437639,
Execution Time for Trace ID c02271eba7a26923ecaaf4660b437639: 88 ms
Input: 1000000,
Cold Start: false
Unique ID: 6cb403b53ba3e4168a614635a12cff18,
Execution Time for Trace ID 6cb403b53ba3e4168a614635a12cff18: 95 ms
Input: 1000000,
Cold Start: false
Unique ID: a2d84a4ce3e0cedfdb6332101ffed65a,
Execution Time for Trace ID a2d84a4ce3e0cedfdb6332101ffed65a: 92 ms
Input: 1000000,
Cold Start: false
Unique ID: 4e4221024c98437a69cf2a12c4d1b23f,
Execution Time for Trace ID 4e4221024c98437a69cf2a12c4d1b23f: 32 ms
Input: 1000000,
Cold Start: false
Unique ID: 39398352003932c9b2e18f9fa3b9280f,
Execution Time for Trace ID 39398352003932c9b2e18f9fa3b9280f: 26 ms
Input: 1000000,
Cold Start: false
Unique ID: 063ee6079c37c6b57162dc0a6b49b1c0,
Execution Time for Trace ID 063ee6079c37c6b57162dc0a6b49b1c0: 27 ms
Input: 1000000,
Cold Start: false
Unique ID: ab2d9f73736736a1269d04490c3088e1,
Execution Time for Trace ID ab2d9f73736736a1269d04490c3088e1: 156 ms
Input: 1000000,
Cold Start: false
Unique ID: 1dae1f2ea3fca5b8dd44356bf7f199a1,
Execution Time for Trace ID 1dae1f2ea3fca5b8dd44356bf7f199a1: 85 ms
Input: 1000000,
Cold Start: false
Unique ID: 7ff8d45e293f51fb309fd47b611e481a,
Execution Time for Trace ID 7ff8d45e293f51fb309fd47b611e481a: 33 ms
Input: 1000000,
Cold Start: false
Unique ID: 7c91741d151aa4f822fd920325107368,
Execution Time for Trace ID 7c91741d151aa4f822fd920325107368: 33 ms
Input: 1000000,
Cold Start: false
Unique ID: f28b7bdbd7955ddde0fd778eee928861,
Execution Time for Trace ID f28b7bdbd7955ddde0fd778eee928861: 31 ms
Input: 1000000,
Cold Start: false
Unique ID: e87cf6a8969e2e461cb1d36a241d2c7a,
Execution Time for Trace ID e87cf6a8969e2e461cb1d36a241d2c7a: 179 ms
Input: 1000000,
Cold Start: false
Unique ID: 257d51e8c87f1b21b56a2dd094f1ac4e,
Execution Time for Trace ID 257d51e8c87f1b21b56a2dd094f1ac4e: 171 ms
Input: 1000000,
Cold Start: false
Unique ID: 8e9f0bf9a1e6423d2cad941e751519d4,
Execution Time for Trace ID 8e9f0bf9a1e6423d2cad941e751519d4: 27 ms
Input: 1000000,
Cold Start: false
Unique ID: 2d7fffe08a63b25cf358d92805413dc0,
Execution Time for Trace ID 2d7fffe08a63b25cf358d92805413dc0: 66 ms
Input: 1000000,
Cold Start: false
Unique ID: abf4d7b92236905e2ee34a2d6f876a80,
Execution Time for Trace ID abf4d7b92236905e2ee34a2d6f876a80: 100 ms
Input: 1000000,
Cold Start: false
Unique ID: ab9c8b2e1840b7d2bc8e7586f0d69fd8,
Execution Time for Trace ID ab9c8b2e1840b7d2bc8e7586f0d69fd8: 28 ms
Input: 1000000,
Cold Start: false
Unique ID: 6f5cceecaf571eba1c94b892b663eb8c,
Execution Time for Trace ID 6f5cceecaf571eba1c94b892b663eb8c: 165 ms
Input: 1000000,
Cold Start: false
Unique ID: 4452f2f4f46f0b72c15dab140d260c48,
Execution Time for Trace ID 4452f2f4f46f0b72c15dab140d260c48: 48 ms
Input: 1000000,
Cold Start: false
Unique ID: 01a30eef5038df0ab3ac561c913b6971,
Execution Time for Trace ID 01a30eef5038df0ab3ac561c913b6971: 125 ms
Input: 1000000,
Cold Start: false
Unique ID: 7905f56586a999590d5d433b26bfdb50,
Execution Time for Trace ID 7905f56586a999590d5d433b26bfdb50: 66 ms
Input: 1000000,
Cold Start: false
Unique ID: 0cbebeaa5217885f43921c61c162a3f5,
Execution Time for Trace ID 0cbebeaa5217885f43921c61c162a3f5: 27 ms
Input: 1000000,
Cold Start: false
Unique ID: 6beb82847481ca4fd2270650d5dfc2b8,
Execution Time for Trace ID 6beb82847481ca4fd2270650d5dfc2b8: 84 ms
Input: 1000000,
Cold Start: false
Unique ID: cb9647268972777095a85b5da134b641,
Execution Time for Trace ID cb9647268972777095a85b5da134b641: 30 ms
Input: 1000000,
Cold Start: false
Unique ID: cc30f76848b1388b9a9687a14f4ae832,
Execution Time for Trace ID cc30f76848b1388b9a9687a14f4ae832: 74 ms
Input: 1000000,
Cold Start: false
Unique ID: 51a3af09c95475011d67cd755b5cdbbd,
Execution Time for Trace ID 51a3af09c95475011d67cd755b5cdbbd: 80 ms
Input: 1000000,
Cold Start: false
Unique ID: a9c3977483fa9920e3c1e77afe2ddaee,
Execution Time for Trace ID a9c3977483fa9920e3c1e77afe2ddaee: 29 ms
Input: 1000000,
Cold Start: false
Unique ID: 67acda21807a2d0a800529ce48df8ae4,
Execution Time for Trace ID 67acda21807a2d0a800529ce48df8ae4: 91 ms
Input: 1000000,
Cold Start: false
Unique ID: de9842b151b825f10654e822e1f7d2ed,
Execution Time for Trace ID de9842b151b825f10654e822e1f7d2ed: 31 ms
Input: 1000000,
Cold Start: false
Unique ID: fe016e4c3f7f043ea53640470ad37865,
Execution Time for Trace ID fe016e4c3f7f043ea53640470ad37865: 109 ms
Input: 1000000,
Cold Start: false
Unique ID: 601043d940bf85b03ebd9660e41ad9dd,
Execution Time for Trace ID 601043d940bf85b03ebd9660e41ad9dd: 75 ms
Input: 1000000,
Cold Start: false
Unique ID: 8cbaefce5e086f213666e78f6ffbc7bb,
Execution Time for Trace ID 8cbaefce5e086f213666e78f6ffbc7bb: 28 ms
Input: 1000000,
Cold Start: false
Unique ID: 25a4a4131823ed3fc0007c0adb560e8e,
Execution Time for Trace ID 25a4a4131823ed3fc0007c0adb560e8e: 171 ms
Input: 1000000,
Cold Start: false
Unique ID: f8d0f1774b0ec62ceb3eb72838b86712,
Execution Time for Trace ID f8d0f1774b0ec62ceb3eb72838b86712: 32 ms
Input: 1000000,
Cold Start: false
Unique ID: 36e56dbcd45b2b5072c4e8cebb798d35,
Execution Time for Trace ID 36e56dbcd45b2b5072c4e8cebb798d35: 70 ms
Input: 1000000,
Cold Start: false
Unique ID: fdc9df6eeb3a734a2b5d549acafbe1d9,
Execution Time for Trace ID fdc9df6eeb3a734a2b5d549acafbe1d9: 29 ms
Input: 1000000,
Cold Start: false
Unique ID: 1a8af75bf1361285b677c5a425d70fd3,
Execution Time for Trace ID 1a8af75bf1361285b677c5a425d70fd3: 174 ms
Input: 1000000,
Cold Start: false
Unique ID: 6c06656a87f8888537097b2d62741d81,
Execution Time for Trace ID 6c06656a87f8888537097b2d62741d81: 81 ms
Input: 1000000,
Cold Start: false
Unique ID: 984f9e968367150bc17339f17ce13d7f,
Execution Time for Trace ID 984f9e968367150bc17339f17ce13d7f: 31 ms
Input: 1000000,
Cold Start: false
Unique ID: 1dfc4f2e6af21f5dc37bd20b32ac321b,
Execution Time for Trace ID 1dfc4f2e6af21f5dc37bd20b32ac321b: 32 ms
Input: 1000000,
Cold Start: false
Unique ID: e4ec6d3b4b37d7bf2094a7c156e2af30,
Execution Time for Trace ID e4ec6d3b4b37d7bf2094a7c156e2af30: 180 ms
Input: 1000000,
Cold Start: false
Unique ID: f2058667cefdfcb16b2eac33e54a325e,
Execution Time for Trace ID f2058667cefdfcb16b2eac33e54a325e: 31 ms
Input: 1000000,
Cold Start: false
Unique ID: c15cc15a8df47dca51fcd73776c3dbb6,
Execution Time for Trace ID c15cc15a8df47dca51fcd73776c3dbb6: 94 ms
Input: 1000000,
Cold Start: false
Unique ID: fa363e57e930e4c9766b3977030b41cc,
Execution Time for Trace ID fa363e57e930e4c9766b3977030b41cc: 39 ms
Input: 1000000,
Cold Start: false
Unique ID: 9cfcf33950ff86afb7f3c52848488f57,
Execution Time for Trace ID 9cfcf33950ff86afb7f3c52848488f57: 68 ms
Input: 1000000,
Cold Start: false
Unique ID: 58ae447167a79127af58609eb1845537,
Execution Time for Trace ID 58ae447167a79127af58609eb1845537: 181 ms
Input: 1000000,
Cold Start: false
Unique ID: ee6b529006b44da26b9ec817a7450bb0,
Execution Time for Trace ID ee6b529006b44da26b9ec817a7450bb0: 85 ms
Input: 1000000,
Cold Start: false
Unique ID: a798a13cb46da09163f34d6c23b92891,
Execution Time for Trace ID a798a13cb46da09163f34d6c23b92891: 29 ms
Input: 1000000,
Cold Start: false
Unique ID: b008fa8f85970fd9cdf2ad758586756b,
Execution Time for Trace ID b008fa8f85970fd9cdf2ad758586756b: 32 ms
Input: 1000000,
Cold Start: false
Unique ID: 20f2e20e553b5ce4d9e1c4a375a0bcd9,
Execution Time for Trace ID 20f2e20e553b5ce4d9e1c4a375a0bcd9: 31 ms
Input: 1000000,
Cold Start: false
Unique ID: c475840ecf774a493dd2bab419b8ca90,
Execution Time for Trace ID c475840ecf774a493dd2bab419b8ca90: 182 ms
Input: 1000000,
Cold Start: false
Unique ID: ced8bad67a72847492a5f2c83c20b5eb,
Execution Time for Trace ID ced8bad67a72847492a5f2c83c20b5eb: 86 ms
Input: 1000000,
Cold Start: false
Unique ID: 4b12a6e09fb55b7c6552f50e0d5031f5,
Execution Time for Trace ID 4b12a6e09fb55b7c6552f50e0d5031f5: 137 ms
Input: 1000000,
Cold Start: false
Unique ID: 9674aaf7a0663b7217ecf0393f526cea,
Execution Time for Trace ID 9674aaf7a0663b7217ecf0393f526cea: 30 ms
Input: 1000000,
Cold Start: false
Unique ID: 132cf6dfe3d01a26f8f508252e7ec4a8,
Execution Time for Trace ID 132cf6dfe3d01a26f8f508252e7ec4a8: 107 ms
Input: 1000000,
Cold Start: false
Unique ID: 2b1ca5b20f2d99422b8c446fbdd03152,
Execution Time for Trace ID 2b1ca5b20f2d99422b8c446fbdd03152: 71 ms
Input: 1000000,
Cold Start: false
Unique ID: 6a65486b91ed98abd6708c6bf8bd0282,
Execution Time for Trace ID 6a65486b91ed98abd6708c6bf8bd0282: 79 ms
Input: 1000000,
Cold Start: false
Unique ID: dfe7a4abd5140eaa6bd951d753f45627,
Execution Time for Trace ID dfe7a4abd5140eaa6bd951d753f45627: 87 ms
Input: 1000000,
Cold Start: false
Unique ID: 03a50d1b5449bc7a5cdb130441a6a674,
Execution Time for Trace ID 03a50d1b5449bc7a5cdb130441a6a674: 41 ms
Input: 1000000,
Cold Start: false
Unique ID: e3b4be68f51f74fa4104a6b5288da519,
Execution Time for Trace ID e3b4be68f51f74fa4104a6b5288da519: 29 ms
Input: 1000000,
Cold Start: false
Unique ID: d5aee3b5865e71a85543ecabad8bfaa0,
Execution Time for Trace ID d5aee3b5865e71a85543ecabad8bfaa0: 28 ms
Input: 1000000,
Cold Start: false
Unique ID: 44a69ce4cea8cd23fcc2d258b22843ce,
Execution Time for Trace ID 44a69ce4cea8cd23fcc2d258b22843ce: 171 ms
Input: 1000000,
Cold Start: false
Unique ID: 32965fbd7b11842b09f547675fcda5e5,
Execution Time for Trace ID 32965fbd7b11842b09f547675fcda5e5: 27 ms
Input: 1000000,
Cold Start: false
Unique ID: 96264c011db3203c6e1b8bc40aab8610,
Execution Time for Trace ID 96264c011db3203c6e1b8bc40aab8610: 32 ms
Input: 1000000,
Cold Start: false
Unique ID: 4da74d372ad107cfcb1f9d6186eba59b,
Execution Time for Trace ID 4da74d372ad107cfcb1f9d6186eba59b: 28 ms
Input: 1000000,
Cold Start: false
Unique ID: 93ed2184c9a5e5a033832a27a0b80b26,
Execution Time for Trace ID 93ed2184c9a5e5a033832a27a0b80b26: 27 ms
Input: 1000000,
Cold Start: false
Unique ID: b70a2d43173f95edb1861ae3324e80f1,
Execution Time for Trace ID b70a2d43173f95edb1861ae3324e80f1: 171 ms
Input: 1000000,
Cold Start: false
Unique ID: fe33574d6171356ca0f3d7776ad01c33,
Execution Time for Trace ID fe33574d6171356ca0f3d7776ad01c33: 81 ms
Input: 1000000,
Cold Start: false
Unique ID: d326eb4b7f0285b3a5bc95aa7e42e975,
Execution Time for Trace ID d326eb4b7f0285b3a5bc95aa7e42e975: 30 ms
Input: 1000000,
Cold Start: false
Unique ID: 9c847f6d6138c189606c185755e83002,
Execution Time for Trace ID 9c847f6d6138c189606c185755e83002: 81 ms
Input: 1000000,
Cold Start: false
Unique ID: 624b7175177999370495a6c82b5e8528,
Execution Time for Trace ID 624b7175177999370495a6c82b5e8528: 92 ms
Input: 1000000,
Cold Start: false
Unique ID: 73bb7229ec3d7cc09f94c2afd56cf297,
Execution Time for Trace ID 73bb7229ec3d7cc09f94c2afd56cf297: 28 ms
Input: 1000000,
Cold Start: false
Unique ID: bebbce9f1a071df46011b16db9d3d735,
Execution Time for Trace ID bebbce9f1a071df46011b16db9d3d735: 168 ms
Input: 1000000,
Cold Start: false
Unique ID: 39cb7b8fd0ab80d50c268f1fc1c84481,
Execution Time for Trace ID 39cb7b8fd0ab80d50c268f1fc1c84481: 50 ms
Input: 1000000,
Cold Start: false
Unique ID: b8fe1e578d9dffbae9be874e118b5b24,
Execution Time for Trace ID b8fe1e578d9dffbae9be874e118b5b24: 113 ms
Input: 1000000,
Cold Start: false
Unique ID: 0a3b21346ea9c9532000c3ae776ba435,
Execution Time for Trace ID 0a3b21346ea9c9532000c3ae776ba435: 31 ms
Input: 1000000,
Cold Start: false
Unique ID: 8d16689284694f1f45a619ae724c51e9,
Execution Time for Trace ID 8d16689284694f1f45a619ae724c51e9: 73 ms
Input: 1000000,
Cold Start: false
Unique ID: 355541a3c3777e8a41b2f097a94f7248,
Execution Time for Trace ID 355541a3c3777e8a41b2f097a94f7248: 28 ms
Input: 1000000,
Cold Start: false
Unique ID: c9d40c9924ef34c0e5c94d46a51fcbb4,
Execution Time for Trace ID c9d40c9924ef34c0e5c94d46a51fcbb4: 38 ms
Input: 1000000,
Cold Start: false
Unique ID: 926b22fcec62546989eb100f7321181f,
Execution Time for Trace ID 926b22fcec62546989eb100f7321181f: 76 ms
Input: 1000000,
Cold Start: false
Unique ID: 5c845d265a04537d41f3a71ea20773c9,
Execution Time for Trace ID 5c845d265a04537d41f3a71ea20773c9: 30 ms
Input: 1000000,
Cold Start: false
Unique ID: 9153856f42f9c727bede65959f4d0994,
Execution Time for Trace ID 9153856f42f9c727bede65959f4d0994: 184 ms
Input: 1000000,
Cold Start: false
Unique ID: aac6130bbb22d8759f3a2d14580d942d,
Execution Time for Trace ID aac6130bbb22d8759f3a2d14580d942d: 88 ms
Input: 1000000,
Cold Start: false
Unique ID: 0b81dd12db97d22f4e4dbd57a1f720f8,
Execution Time for Trace ID 0b81dd12db97d22f4e4dbd57a1f720f8: 28 ms
Input: 1000000,
Cold Start: false
Unique ID: f9dee78855719c655f8ef3882d4c16fa,
Execution Time for Trace ID f9dee78855719c655f8ef3882d4c16fa: 115 ms
Input: 1000000,
Cold Start: false
Unique ID: f6be9252fe129763046903896b86943a,
Execution Time for Trace ID f6be9252fe129763046903896b86943a: 99 ms
Input: 1000000,
Cold Start: false
Unique ID: 37dc0bbdbf470bfac23e4d2f8dee5c45,
Execution Time for Trace ID 37dc0bbdbf470bfac23e4d2f8dee5c45: 72 ms
Input: 1000000,
Cold Start: false
Unique ID: 18213fcd12a7d3b993abcffe8034801a,
Execution Time for Trace ID 18213fcd12a7d3b993abcffe8034801a: 26 ms
Input: 1000000,
Cold Start: false
Unique ID: d4977de3707fab50ff76a30ad161ca45,
Execution Time for Trace ID d4977de3707fab50ff76a30ad161ca45: 36 ms
Input: 1000000,
Cold Start: false
Unique ID: 5f57e7e37f0c61f33ab44611f3ecff3d,
Execution Time for Trace ID 5f57e7e37f0c61f33ab44611f3ecff3d: 28 ms
Input: 1000000,
Cold Start: false
Unique ID: 074c792989efd38959d6553e615c4978,
Execution Time for Trace ID 074c792989efd38959d6553e615c4978: 154 ms
Input: 1000000,
Cold Start: false
Unique ID: 167452dbf990e70220b959e7d57e997a,
Execution Time for Trace ID 167452dbf990e70220b959e7d57e997a: 101 ms
Input: 1000000,
Cold Start: false
Unique ID: c6cd44ab5c4660beda2199c4ae0ae650,
Execution Time for Trace ID c6cd44ab5c4660beda2199c4ae0ae650: 71 ms
Input: 1000000,
Cold Start: false
Unique ID: 3c4bd78612381b5f0a3218ecb9e4eeba,
Execution Time for Trace ID 3c4bd78612381b5f0a3218ecb9e4eeba: 33 ms
Input: 1000000,
Cold Start: false
Unique ID: 669504dd951cbe70110019102ac6a341,
Execution Time for Trace ID 669504dd951cbe70110019102ac6a341: 70 ms
Input: 1000000,
Cold Start: false
Unique ID: cffe6c59b7936cd3f3a9b2b30e6435a1,
Execution Time for Trace ID cffe6c59b7936cd3f3a9b2b30e6435a1: 174 ms
Input: 1000000,
Cold Start: false
Unique ID: e1e44f097ec0b7cd76bda52658a6883c,
Execution Time for Trace ID e1e44f097ec0b7cd76bda52658a6883c: 83 ms
Input: 1000000,
Cold Start: false
Unique ID: 1f78565d32d2abb09a4d588b27382cb3,
Execution Time for Trace ID 1f78565d32d2abb09a4d588b27382cb3: 69 ms
Input: 1000000,
Cold Start: false
Unique ID: fe2ca8472ca3b40875efeb1296e33624,
Execution Time for Trace ID fe2ca8472ca3b40875efeb1296e33624: 27 ms
Input: 1000000,
Cold Start: false
Unique ID: d0974f8bd247bf9d48744d223dc4b78e,
Execution Time for Trace ID d0974f8bd247bf9d48744d223dc4b78e: 116 ms
Input: 1000000,
Cold Start: false
Unique ID: 75482a4e8d09cf93911e8f2be195b2f1,
Execution Time for Trace ID 75482a4e8d09cf93911e8f2be195b2f1: 69 ms
Input: 1000000,
Cold Start: false
Unique ID: 560a08c67724e62ac9e1d7365d14011a,
Execution Time for Trace ID 560a08c67724e62ac9e1d7365d14011a: 28 ms
Input: 1000000,
Cold Start: false
Unique ID: 8c8b27d6338fe2b9a07858975d515d12,
Execution Time for Trace ID 8c8b27d6338fe2b9a07858975d515d12: 83 ms
Input: 1000000,
Cold Start: false
Unique ID: 6440ac84604b381a514753ce13d2bd4a,
Execution Time for Trace ID 6440ac84604b381a514753ce13d2bd4a: 39 ms
Input: 1000000,
Cold Start: false
Unique ID: 537b037700469a80cac8b597113fe988,
Execution Time for Trace ID 537b037700469a80cac8b597113fe988: 29 ms
Input: 1000000,
Cold Start: false
Unique ID: 444cfb8aaf4a0df4a7be6e21ed1687eb,
Execution Time for Trace ID 444cfb8aaf4a0df4a7be6e21ed1687eb: 35 ms
Input: 1000000,
Cold Start: false
Unique ID: f570ef78b6be27195c2a3bf81991d13d,
Execution Time for Trace ID f570ef78b6be27195c2a3bf81991d13d: 183 ms
Input: 1000000,
Cold Start: false
Unique ID: 42485424f52847e81110836cfaf36876,
Execution Time for Trace ID 42485424f52847e81110836cfaf36876: 72 ms
Input: 1000000,
Cold Start: false
Unique ID: 5f48b5c4c46adc9c983fabd0177efe65,
Execution Time for Trace ID 5f48b5c4c46adc9c983fabd0177efe65: 41 ms
Input: 1000000,
Cold Start: false
Unique ID: a572b74943c62be0bef7fbab25345fdb,
Execution Time for Trace ID a572b74943c62be0bef7fbab25345fdb: 62 ms
Input: 1000000,
Cold Start: false
Unique ID: 17c870768fee52416b2e0fb0f346d94e,
Execution Time for Trace ID 17c870768fee52416b2e0fb0f346d94e: 33 ms
Input: 1000000,
Cold Start: false
Unique ID: bcda3a8c4358d3deb16866b20236ad2f,
Execution Time for Trace ID bcda3a8c4358d3deb16866b20236ad2f: 180 ms
Input: 1000000,
Cold Start: false
Unique ID: 9916ec9652f9436c87f7ca06006f84eb,
Execution Time for Trace ID 9916ec9652f9436c87f7ca06006f84eb: 93 ms
Input: 1000000,
Cold Start: false
Unique ID: 6232f53da49cef67aad9a88876b0dc1c,
Execution Time for Trace ID 6232f53da49cef67aad9a88876b0dc1c: 43 ms
Input: 1000000,
Cold Start: false
Unique ID: f5524db380ca10574aead56826257c16,
Execution Time for Trace ID f5524db380ca10574aead56826257c16: 28 ms
Input: 1000000,
Cold Start: false
Unique ID: abeb7cb329ea8f75fe47f03540fd1e93,
Execution Time for Trace ID abeb7cb329ea8f75fe47f03540fd1e93: 28 ms
Input: 1000000,
Cold Start: false
Unique ID: f92756e2b901c9c6d3841dfc3fcc5884,
Execution Time for Trace ID f92756e2b901c9c6d3841dfc3fcc5884: 166 ms
Input: 1000000,
Cold Start: false
Unique ID: f4db1de92806889cd7d35def40e6c852,
Execution Time for Trace ID f4db1de92806889cd7d35def40e6c852: 71 ms
Input: 1000000,
Cold Start: false
Unique ID: 7cc21477974c624f6cf3df044d4e6084,
Execution Time for Trace ID 7cc21477974c624f6cf3df044d4e6084: 115 ms
Input: 1000000,
Cold Start: false
Unique ID: 4788a67ef6842baeeb4c1b22dc3c3bde,
Execution Time for Trace ID 4788a67ef6842baeeb4c1b22dc3c3bde: 88 ms
Input: 1000000,
Cold Start: false
Unique ID: aff449844e167a851d98b8381c2f8c16,
Execution Time for Trace ID aff449844e167a851d98b8381c2f8c16: 34 ms
Input: 1000000,
Cold Start: false
Unique ID: 524833e30569970c1bcaf2268b1fb53b,
Execution Time for Trace ID 524833e30569970c1bcaf2268b1fb53b: 65 ms
Input: 1000000,
Cold Start: false
Unique ID: b474d3c61226d12a6e00015ee4273c6a,
Execution Time for Trace ID b474d3c61226d12a6e00015ee4273c6a: 28 ms
Input: 1000000,
Cold Start: false
Unique ID: 7d6a3828958f81ad3b1af6e6bc5954cc,
Execution Time for Trace ID 7d6a3828958f81ad3b1af6e6bc5954cc: 34 ms
Input: 1000000,
Cold Start: false
Unique ID: 332a2221b71641b54184816747cc07c3,
Execution Time for Trace ID 332a2221b71641b54184816747cc07c3: 70 ms
Input: 1000000,
Cold Start: false
Unique ID: f108031f1a1e504eac8244312176f726,
Execution Time for Trace ID f108031f1a1e504eac8244312176f726: 48 ms
Input: 1000000,
Cold Start: false
Unique ID: 8c2252c7eb59747bb2f33b5f38e40525,
Execution Time for Trace ID 8c2252c7eb59747bb2f33b5f38e40525: 176 ms
Input: 1000000,
Cold Start: false
Unique ID: 6aa382a59c5dc47cab374f23dbe4b2e1,
Execution Time for Trace ID 6aa382a59c5dc47cab374f23dbe4b2e1: 84 ms
Input: 1000000,
Cold Start: false
Unique ID: 704c3538fface8a584b126ae7e4075b0,
Execution Time for Trace ID 704c3538fface8a584b126ae7e4075b0: 33 ms
Input: 1000000,
Cold Start: false
Unique ID: 9561377199598284a80b7a6ca33344bd,
Execution Time for Trace ID 9561377199598284a80b7a6ca33344bd: 27 ms
Input: 1000000,
Cold Start: false
Unique ID: 9c436ff168b3b09ad70ad3520f297189,
Execution Time for Trace ID 9c436ff168b3b09ad70ad3520f297189: 90 ms
Input: 1000000,
Cold Start: false
Unique ID: c87bfc926feb8196d1e7b69b6e6ae31f,
Execution Time for Trace ID c87bfc926feb8196d1e7b69b6e6ae31f: 171 ms
Input: 1000000,
Cold Start: false
Unique ID: 4342ea3c7388876634165d1ea301ce1e,
Execution Time for Trace ID 4342ea3c7388876634165d1ea301ce1e: 68 ms
Input: 1000000,
Cold Start: false
Unique ID: 3156188df2453874f0d557b847be7931,
Execution Time for Trace ID 3156188df2453874f0d557b847be7931: 33 ms
Input: 1000000,
Cold Start: false
Unique ID: 43c0f64656192a10a826588591b91ac3,
Execution Time for Trace ID 43c0f64656192a10a826588591b91ac3: 28 ms
Input: 1000000,
Cold Start: false
Unique ID: 1e8c88a98aa3cb5f40206b6c3b08be17,
Execution Time for Trace ID 1e8c88a98aa3cb5f40206b6c3b08be17: 169 ms
Input: 1000000,
Cold Start: false
Unique ID: 1d82c06e4288353d1aed98b9b799ca25,
Execution Time for Trace ID 1d82c06e4288353d1aed98b9b799ca25: 28 ms
Input: 1000000,
Cold Start: false
Unique ID: fa182c4c003a9c53fceedf51faa71089,
Execution Time for Trace ID fa182c4c003a9c53fceedf51faa71089: 78 ms
Input: 1000000,
Cold Start: false
Unique ID: b6cf86ab77f5178a14477521db30aa36,
Execution Time for Trace ID b6cf86ab77f5178a14477521db30aa36: 40 ms
Input: 1000000,
Cold Start: false
Unique ID: f8efd9b05a96f1dc2e673e3748ead9b5,
Execution Time for Trace ID f8efd9b05a96f1dc2e673e3748ead9b5: 27 ms
Input: 1000000,
Cold Start: false
Unique ID: bcaa1bd2e3dead7bb21e71c53665de52,
Execution Time for Trace ID bcaa1bd2e3dead7bb21e71c53665de52: 29 ms
Input: 1000000,
Cold Start: false
Unique ID: ad36cd9edc8e1711ddfaa868f6522674,
Execution Time for Trace ID ad36cd9edc8e1711ddfaa868f6522674: 189 ms
Input: 1000000,
Cold Start: false
Unique ID: ccff6ed5c23675c1a4f8781ea1e0c87f,
Execution Time for Trace ID ccff6ed5c23675c1a4f8781ea1e0c87f: 102 ms
Input: 1000000,
Cold Start: false
Unique ID: d6d49c8234728dbe859a14dad65571db,
Execution Time for Trace ID d6d49c8234728dbe859a14dad65571db: 34 ms
Input: 1000000,
Cold Start: false
Unique ID: 8df8631119bbed3aff3d99e084c3537b,
Execution Time for Trace ID 8df8631119bbed3aff3d99e084c3537b: 34 ms
Input: 1000000,
Cold Start: false
Unique ID: 6ccee706ffee51cd4fd1fe1a6c719e05,
Execution Time for Trace ID 6ccee706ffee51cd4fd1fe1a6c719e05: 47 ms
Input: 1000000,
Cold Start: false
Unique ID: 3849e6add44633311889a2e62fb2ca1c,
Execution Time for Trace ID 3849e6add44633311889a2e62fb2ca1c: 188 ms
Input: 1000000,
Cold Start: false
Unique ID: d7871dd01c684dc298f6e8eb6e6160d8,
Execution Time for Trace ID d7871dd01c684dc298f6e8eb6e6160d8: 28 ms
Input: 1000000,
Cold Start: false
Unique ID: 15dc79480b91e937d45b5da6463cd5a7,
Execution Time for Trace ID 15dc79480b91e937d45b5da6463cd5a7: 45 ms
Input: 1000000,
Cold Start: false
Unique ID: 3c5dc22af43fe43e7fb5f7f313371339,
Execution Time for Trace ID 3c5dc22af43fe43e7fb5f7f313371339: 51 ms
Input: 1000000,
Cold Start: false
Unique ID: db15a2f263c2c6be5906ade514f8d1b5,
Execution Time for Trace ID db15a2f263c2c6be5906ade514f8d1b5: 111 ms
Input: 1000000,
Cold Start: false
Unique ID: d602c56789ee98fb1f11356d03b22bb3,
Execution Time for Trace ID d602c56789ee98fb1f11356d03b22bb3: 184 ms
Input: 1000000,
Cold Start: false
Unique ID: 0c5a02f33035403fe1a46608797549cf,
Execution Time for Trace ID 0c5a02f33035403fe1a46608797549cf: 31 ms
Input: 1000000,
Cold Start: false
Unique ID: 72604aae5bbd93414b441a07fd53d346,
Execution Time for Trace ID 72604aae5bbd93414b441a07fd53d346: 33 ms
Input: 1000000,
Cold Start: false
Unique ID: 1780d419a82a4c85c83f2c9936a079a8,
Execution Time for Trace ID 1780d419a82a4c85c83f2c9936a079a8: 29 ms
Input: 1000000,
Cold Start: false
Unique ID: d309ceed4132f03138a5751f7008e029,
Execution Time for Trace ID d309ceed4132f03138a5751f7008e029: 30 ms
Input: 1000000,
Cold Start: false
Unique ID: 5a02297cd197993607bbac8ed998652a,
Execution Time for Trace ID 5a02297cd197993607bbac8ed998652a: 168 ms
Input: 1000000,
Cold Start: false
Unique ID: edc148f15bffc894c7d8ad1e6d41fdcc,
Execution Time for Trace ID edc148f15bffc894c7d8ad1e6d41fdcc: 66 ms
Input: 1000000,
Cold Start: false
Unique ID: 91c6b2b59c813a17b2bd1dfcbb84b3bc,
Execution Time for Trace ID 91c6b2b59c813a17b2bd1dfcbb84b3bc: 39 ms
Input: 1000000,
Cold Start: false
Unique ID: e4c7f2dbd4950c0ab785023cac13119a,
Execution Time for Trace ID e4c7f2dbd4950c0ab785023cac13119a: 28 ms
Input: 1000000,
Cold Start: false
Unique ID: 0fabb790b6e0d117d1a37a8accfe8758,
Execution Time for Trace ID 0fabb790b6e0d117d1a37a8accfe8758: 28 ms
Input: 1000000,
Cold Start: false
Unique ID: 39ed7605bc0ecfa8a9f965800f0966cc,
Execution Time for Trace ID 39ed7605bc0ecfa8a9f965800f0966cc: 184 ms
Input: 1000000,
Cold Start: false
Unique ID: 5ce013ab61bd84817fb5f7f313371910,
Execution Time for Trace ID 5ce013ab61bd84817fb5f7f313371910: 29 ms
Input: 1000000,
Cold Start: false
Unique ID: 0f77575a7b06b416517bf2a3d97b00fa,
Execution Time for Trace ID 0f77575a7b06b416517bf2a3d97b00fa: 28 ms
Input: 1000000,
Cold Start: false
Unique ID: 16fea4fe7f1138bfce7c31c3a5cebe63,
Execution Time for Trace ID 16fea4fe7f1138bfce7c31c3a5cebe63: 124 ms
Input: 1000000,
Cold Start: false
Unique ID: 1787abb8e4531c3818b49783f1d49729,
Execution Time for Trace ID 1787abb8e4531c3818b49783f1d49729: 72 ms
Input: 1000000,
Cold Start: false
Unique ID: fdf55f4a81e47583b8b098283b1f5494,
Execution Time for Trace ID fdf55f4a81e47583b8b098283b1f5494: 80 ms
Input: 1000000,
Cold Start: false
Unique ID: c909a243a9912bb3fb744a7b3385bc45,
Execution Time for Trace ID c909a243a9912bb3fb744a7b3385bc45: 85 ms
Input: 1000000,
Cold Start: false
Unique ID: 32337f3a0132d107d2c9efa9e64f3da6,
Execution Time for Trace ID 32337f3a0132d107d2c9efa9e64f3da6: 27 ms
Input: 1000000,
Cold Start: false
Unique ID: bf04edd62ccd6ce54c40bb8cea96d527,
Execution Time for Trace ID bf04edd62ccd6ce54c40bb8cea96d527: 122 ms
Input: 1000000,
Cold Start: false
Unique ID: ae9c275893a3fd92bbc4342746ef307a,
Execution Time for Trace ID ae9c275893a3fd92bbc4342746ef307a: 32 ms
Input: 1000000,
Cold Start: false
Unique ID: f0167cb1750140bd8c56f3824b72d9b2,
Execution Time for Trace ID f0167cb1750140bd8c56f3824b72d9b2: 79 ms
Input: 1000000,
Cold Start: false
Unique ID: d53451290b6fd0811e119cbe95a63d17,
Execution Time for Trace ID d53451290b6fd0811e119cbe95a63d17: 28 ms
Input: 1000000,
Cold Start: false
Unique ID: f13fa8e30ea82bb4b91530fc1b83beab,
Execution Time for Trace ID f13fa8e30ea82bb4b91530fc1b83beab: 29 ms
Input: 1000000,
Cold Start: false
Unique ID: 8d91c1fc2b273b406b52f68c5cbd34fd,
Execution Time for Trace ID 8d91c1fc2b273b406b52f68c5cbd34fd: 75 ms
Input: 1000000,
Cold Start: false
Unique ID: 41e1ef6a6c68c2fbbf857e543922012e,
Execution Time for Trace ID 41e1ef6a6c68c2fbbf857e543922012e: 70 ms
Input: 1000000,
Cold Start: false
Unique ID: 528a1ab6f4794a93f0ae58010d51af6a,
Execution Time for Trace ID 528a1ab6f4794a93f0ae58010d51af6a: 82 ms
Input: 1000000,
Cold Start: false
Unique ID: 082a0278eee5197bb433ba3f65d74a10,
Execution Time for Trace ID 082a0278eee5197bb433ba3f65d74a10: 175 ms
Input: 1000000,
Cold Start: false
Unique ID: 4ffc9917d2dba68d135a545ee3dd31a0,
Execution Time for Trace ID 4ffc9917d2dba68d135a545ee3dd31a0: 29 ms
Input: 1000000,
Cold Start: false
Unique ID: 41126c2ec293a4d496a9fa461dcb9f00,
Execution Time for Trace ID 41126c2ec293a4d496a9fa461dcb9f00: 122 ms
Input: 1000000,
Cold Start: false
Unique ID: 841fa0643daea3a696b382dd251dda95,
Execution Time for Trace ID 841fa0643daea3a696b382dd251dda95: 81 ms
Input: 1000000,
Cold Start: false
Unique ID: c06f22f748c91edb00503deb548e1cb0,
Execution Time for Trace ID c06f22f748c91edb00503deb548e1cb0: 153 ms
Input: 1000000,
Cold Start: false
Unique ID: 1483d108414f06958830550212e9992d,
Execution Time for Trace ID 1483d108414f06958830550212e9992d: 68 ms
Input: 1000000,
Cold Start: false
Unique ID: 93e8fbc31b0de6876c1466aac8396f2f,
Execution Time for Trace ID 93e8fbc31b0de6876c1466aac8396f2f: 31 ms
Input: 1000000,
Cold Start: false
Unique ID: c315f757ebca9df54e0cd388b94a43e4,
Execution Time for Trace ID c315f757ebca9df54e0cd388b94a43e4: 28 ms
Input: 1000000,
Cold Start: false
Unique ID: a88c7f6b3c0ace76d1a37a8accfe8ad7,
Execution Time for Trace ID a88c7f6b3c0ace76d1a37a8accfe8ad7: 106 ms
Input: 1000000,
Cold Start: false
Unique ID: 5ec8d94749949f04f751449168861841,
Execution Time for Trace ID 5ec8d94749949f04f751449168861841: 166 ms
Input: 1000000,
Cold Start: false
Unique ID: 6144ceeda5b8602eb894707256506c17,
Execution Time for Trace ID 6144ceeda5b8602eb894707256506c17: 35 ms
Input: 1000000,
Cold Start: false
Unique ID: 312a59a38af5d7e04ef1e3fa9bfbe2c9,
Execution Time for Trace ID 312a59a38af5d7e04ef1e3fa9bfbe2c9: 96 ms
Input: 1000000,
Cold Start: false
Unique ID: c64a7296b7fe915bc60653edf378a2ec,
Execution Time for Trace ID c64a7296b7fe915bc60653edf378a2ec: 83 ms
Input: 1000000,
Cold Start: false
Unique ID: 2c99554b52c33f200077e4fd80087f36,
Execution Time for Trace ID 2c99554b52c33f200077e4fd80087f36: 32 ms
Input: 1000000,
Cold Start: false
Unique ID: 3fe2ca921b5cd038101071849163a7f8,
Execution Time for Trace ID 3fe2ca921b5cd038101071849163a7f8: 73 ms
Input: 1000000,
Cold Start: false
Unique ID: adb176c90d996ebbdefd89a1bd1c52b6,
Execution Time for Trace ID adb176c90d996ebbdefd89a1bd1c52b6: 71 ms
Input: 1000000,
Cold Start: false
Unique ID: df2b5217611e049ef902a09eafd65003,
Execution Time for Trace ID df2b5217611e049ef902a09eafd65003: 29 ms
Input: 1000000,
Cold Start: false
Unique ID: 3c320b7d2b70565c6ca6a66724f7c41c,
Execution Time for Trace ID 3c320b7d2b70565c6ca6a66724f7c41c: 81 ms
Input: 1000000,
Cold Start: false
Unique ID: 6ef593ccf9c022b74a85c078c864caa5,
Execution Time for Trace ID 6ef593ccf9c022b74a85c078c864caa5: 28 ms
Input: 1000000,
Cold Start: false
Unique ID: 9547eeaf3ad6232583d007a963244c89,
Execution Time for Trace ID 9547eeaf3ad6232583d007a963244c89: 29 ms
Input: 1000000,
Cold Start: false
Unique ID: 0f5355d4a8fde3d8f4644aa7ac5d82de,
Execution Time for Trace ID 0f5355d4a8fde3d8f4644aa7ac5d82de: 171 ms
Input: 1000000,
Cold Start: false
Unique ID: ac0d0e660d35a8e91d59c849ec849924,
Execution Time for Trace ID ac0d0e660d35a8e91d59c849ec849924: 34 ms
Input: 1000000,
Cold Start: false
Unique ID: 6e247b93aca0e7aee18723ca08ea0438,
Execution Time for Trace ID 6e247b93aca0e7aee18723ca08ea0438: 27 ms
Input: 1000000,
Cold Start: false
Unique ID: 43adadda020724df33851199b5df6954,
Execution Time for Trace ID 43adadda020724df33851199b5df6954: 97 ms
Input: 1000000,
Cold Start: false
Unique ID: c8520ab8d4f7f82b7da331db342467fc,
Execution Time for Trace ID c8520ab8d4f7f82b7da331db342467fc: 177 ms
Input: 1000000,
Cold Start: false
Unique ID: 19029d4becff795dad6c24d031e08339,
Execution Time for Trace ID 19029d4becff795dad6c24d031e08339: 27 ms
Input: 1000000,
Cold Start: false
Unique ID: 67bc789d9c74f5117a55a602ce9a3f60,
Execution Time for Trace ID 67bc789d9c74f5117a55a602ce9a3f60: 32 ms
Input: 1000000,
Cold Start: false
Unique ID: cff032276e9a1344582c30257d323d37,
Execution Time for Trace ID cff032276e9a1344582c30257d323d37: 68 ms
Input: 1000000,
Cold Start: false
Unique ID: 3cb5dc5380ccbdaa72ec35af03266175,
Execution Time for Trace ID 3cb5dc5380ccbdaa72ec35af03266175: 29 ms
Input: 1000000,
Cold Start: false
Unique ID: 0cbd4bcb74aadcfd0a09d5c10876fef8,
Execution Time for Trace ID 0cbd4bcb74aadcfd0a09d5c10876fef8: 176 ms
Input: 1000000,
Cold Start: false
Unique ID: 1ac03251e948eff3ab57654fc944eaf3,
Execution Time for Trace ID 1ac03251e948eff3ab57654fc944eaf3: 158 ms
Input: 1000000,
Cold Start: false
Unique ID: 5edb90153184ce371aef934ff1e24f6a,
Execution Time for Trace ID 5edb90153184ce371aef934ff1e24f6a: 37 ms
Input: 1000000,
Cold Start: false
Unique ID: 666f47e173038540d2de4585ebb07ddd,
Execution Time for Trace ID 666f47e173038540d2de4585ebb07ddd: 26 ms
Input: 1000000,
Cold Start: false
Unique ID: 0ddfdf5257ac51c149a6f90481bf4b1d,
Execution Time for Trace ID 0ddfdf5257ac51c149a6f90481bf4b1d: 186 ms
Input: 1000000,
Cold Start: false
Unique ID: 643f77f75559798f46bfae556dea91d0,
Execution Time for Trace ID 643f77f75559798f46bfae556dea91d0: 89 ms
Input: 1000000,
Cold Start: false
Unique ID: eab904c1e2607aed62117287c8bac79a,
Execution Time for Trace ID eab904c1e2607aed62117287c8bac79a: 70 ms
Input: 1000000,
Cold Start: false
Unique ID: 4a3572a5d1ef9c04a7ac0db90ef01515,
Execution Time for Trace ID 4a3572a5d1ef9c04a7ac0db90ef01515: 32 ms
Input: 1000000,
Cold Start: false
Unique ID: 13d9fad4be4927294a85c078c864c4e4,
Execution Time for Trace ID 13d9fad4be4927294a85c078c864c4e4: 100 ms
Input: 1000000,
Cold Start: false
Unique ID: a515fda1c2a6fd8ce4418a71503ff879,
Execution Time for Trace ID a515fda1c2a6fd8ce4418a71503ff879: 181 ms
Input: 1000000,
Cold Start: false
Unique ID: 479e648694a91da801c845bbf85b067c,
Execution Time for Trace ID 479e648694a91da801c845bbf85b067c: 28 ms
Input: 1000000,
Cold Start: false
Unique ID: bf82fc3df184a12daa64d28470638db4,
Execution Time for Trace ID bf82fc3df184a12daa64d28470638db4: 82 ms
Input: 1000000,
Cold Start: false
Unique ID: 40d3fcf7346e11b8882741e649978fdd,
Execution Time for Trace ID 40d3fcf7346e11b8882741e649978fdd: 28 ms
Input: 1000000,
Cold Start: false
Unique ID: db1a75fd35ded74f9a8dc1cdc6642634,
Execution Time for Trace ID db1a75fd35ded74f9a8dc1cdc6642634: 127 ms
Input: 1000000,
Cold Start: false
Unique ID: fcee16d7ab2973a4d2348705de36be71,
Execution Time for Trace ID fcee16d7ab2973a4d2348705de36be71: 32 ms
Input: 1000000,
Cold Start: false
Unique ID: a15d5df74b18ab24f30a67c0fdc61c69,
Execution Time for Trace ID a15d5df74b18ab24f30a67c0fdc61c69: 80 ms
Input: 1000000,
Cold Start: false
Unique ID: 47cee49855e6373a7113a06b44c17b81,
Execution Time for Trace ID 47cee49855e6373a7113a06b44c17b81: 42 ms
Input: 1000000,
Cold Start: false
Unique ID: 7f63c1d7e9960fbf49721d3dd0a67709,
Execution Time for Trace ID 7f63c1d7e9960fbf49721d3dd0a67709: 33 ms
Input: 1000000,
Cold Start: false
Unique ID: 6830f8a3dd126e4bfab8aea34a63655f,
Execution Time for Trace ID 6830f8a3dd126e4bfab8aea34a63655f: 35 ms
Input: 1000000,
Cold Start: false
Unique ID: 2a6ba7b1286e62af9a3b893d6a3fda6a,
Execution Time for Trace ID 2a6ba7b1286e62af9a3b893d6a3fda6a: 27 ms
Input: 1000000,
Cold Start: false
Unique ID: b9c8406c0631484b96e674d221bb6cbe,
Execution Time for Trace ID b9c8406c0631484b96e674d221bb6cbe: 188 ms
Input: 1000000,
Cold Start: false
Unique ID: 91371c101ca01801a2d6ee9c0b9bce2d,
Execution Time for Trace ID 91371c101ca01801a2d6ee9c0b9bce2d: 50 ms
Input: 1000000,
Cold Start: false
Unique ID: dd9b9a44112b1cb4fe3a86fade2f71a1,
Execution Time for Trace ID dd9b9a44112b1cb4fe3a86fade2f71a1: 36 ms
Input: 1000000,
Cold Start: false
Unique ID: 9b56d7b6fdbaa14653198d5ecfc736f0,
Execution Time for Trace ID 9b56d7b6fdbaa14653198d5ecfc736f0: 29 ms
Input: 1000000,
Cold Start: false
Unique ID: fd84c65fd10f28b845655ec956619732,
Execution Time for Trace ID fd84c65fd10f28b845655ec956619732: 30 ms
Input: 1000000,
Cold Start: false
Unique ID: 89c27c8899ca9142d0f90bc47311c5a6,
Execution Time for Trace ID 89c27c8899ca9142d0f90bc47311c5a6: 182 ms
Input: 1000000,
Cold Start: false
Unique ID: e4bfdd94b5bf57a307bdf8fb32e9a656,
Execution Time for Trace ID e4bfdd94b5bf57a307bdf8fb32e9a656: 28 ms
Input: 1000000,
Cold Start: false
Unique ID: 9f2d499e5e2acb231ef1b7edc2156065,
Execution Time for Trace ID 9f2d499e5e2acb231ef1b7edc2156065: 38 ms
Input: 1000000,
Cold Start: false
Unique ID: 8ff2705cae8d5b04b689ca40393df1bc,
Execution Time for Trace ID 8ff2705cae8d5b04b689ca40393df1bc: 76 ms
Input: 1000000,
Cold Start: false
Unique ID: 954c012d443ad4315439eff345532b73,
Execution Time for Trace ID 954c012d443ad4315439eff345532b73: 27 ms
Input: 1000000,
Cold Start: false
Unique ID: 4cd4173ff835839a81350b238904e57a,
Execution Time for Trace ID 4cd4173ff835839a81350b238904e57a: 174 ms
Input: 1000000,
Cold Start: false
Unique ID: e34ef98bcffbba88029aefec38078432,
Execution Time for Trace ID e34ef98bcffbba88029aefec38078432: 29 ms
Input: 1000000,
Cold Start: false
Unique ID: 03963be9d5c60a55e583f58dba0175e7,
Execution Time for Trace ID 03963be9d5c60a55e583f58dba0175e7: 29 ms
Input: 1000000,
Cold Start: false
Unique ID: 0715645b03e5f69141efc81ec7feec8b,
Execution Time for Trace ID 0715645b03e5f69141efc81ec7feec8b: 124 ms
Input: 1000000,
Cold Start: false
Unique ID: 61c5a2cd4124451b8d639fa936652584,
Execution Time for Trace ID 61c5a2cd4124451b8d639fa936652584: 100 ms
Input: 1000000,
Cold Start: false
Unique ID: 8cd880ab07366890153efb9249abd366,
Execution Time for Trace ID 8cd880ab07366890153efb9249abd366: 89 ms
Input: 1000000,
Cold Start: false
Unique ID: d103e7f9c0d8be3823a994edceb7c4f6,
Execution Time for Trace ID d103e7f9c0d8be3823a994edceb7c4f6: 30 ms
Input: 1000000,
Cold Start: false
Unique ID: 9d9671f7979ce085a2715697ee265624,
Execution Time for Trace ID 9d9671f7979ce085a2715697ee265624: 33 ms
Input: 1000000,
Cold Start: false
Unique ID: 5a4bab5d3772ed460a4c52274e453b79,
Execution Time for Trace ID 5a4bab5d3772ed460a4c52274e453b79: 29 ms
Input: 1000000,
Cold Start: false
Unique ID: 90e55a85cf5ec48e84d27139ad89e31b,
Execution Time for Trace ID 90e55a85cf5ec48e84d27139ad89e31b: 177 ms
Input: 1000000,
Cold Start: false
Unique ID: dfe7f669b1c30cb7cbdffb83c320e391,
Execution Time for Trace ID dfe7f669b1c30cb7cbdffb83c320e391: 81 ms
Input: 1000000,
Cold Start: false
Unique ID: 83c313cafa4bc602245ef1c886b815db,
Execution Time for Trace ID 83c313cafa4bc602245ef1c886b815db: 100 ms
Input: 1000000,
Cold Start: false
Unique ID: 6fafa9e48b8917761373dfe8451f0a24,
Execution Time for Trace ID 6fafa9e48b8917761373dfe8451f0a24: 34 ms
Input: 1000000,
Cold Start: false
Unique ID: ee30a0c5ccd4b77865d92665fe541e6e,
Execution Time for Trace ID ee30a0c5ccd4b77865d92665fe541e6e: 28 ms
Input: 1000000,
Cold Start: false
Unique ID: 8cf9291d565dc9a1bccabd97122bb80e,
Execution Time for Trace ID 8cf9291d565dc9a1bccabd97122bb80e: 190 ms
Input: 1000000,
Cold Start: false
Unique ID: 79eb6b947ce55367298c4bc676e491a0,
Execution Time for Trace ID 79eb6b947ce55367298c4bc676e491a0: 73 ms
Input: 1000000,
Cold Start: false
Unique ID: 0d03c1f1baa7dab01876ba00a3a8d369,
Execution Time for Trace ID 0d03c1f1baa7dab01876ba00a3a8d369: 122 ms
Input: 1000000,
Cold Start: false
Unique ID: 0b0a39ebe8d12d175a2aa2dbcd977fd6,
Execution Time for Trace ID 0b0a39ebe8d12d175a2aa2dbcd977fd6: 28 ms
Input: 1000000,
Cold Start: false
Unique ID: f1f723150d9c5eafc9ed86a7b31bff82,
Execution Time for Trace ID f1f723150d9c5eafc9ed86a7b31bff82: 103 ms
Input: 1000000,
Cold Start: false
Unique ID: e052e5acec7efe1113d634d76e286792,
Execution Time for Trace ID e052e5acec7efe1113d634d76e286792: 134 ms
Input: 1000000,
Cold Start: false
Unique ID: 2924f9d5f433c239e506cd481cf21091,
Execution Time for Trace ID 2924f9d5f433c239e506cd481cf21091: 82 ms
Input: 1000000,
Cold Start: false
Unique ID: c6f2a2adf75aa0082a84c3a3169ea914,
Execution Time for Trace ID c6f2a2adf75aa0082a84c3a3169ea914: 37 ms
Input: 1000000,
Cold Start: false
Unique ID: 157b3cbe8f8a864226d9b58d0eb6e884,
Execution Time for Trace ID 157b3cbe8f8a864226d9b58d0eb6e884: 36 ms
Input: 1000000,
Cold Start: false
Unique ID: 282e39a4c31db02ec558457a3b265c2a,
Execution Time for Trace ID 282e39a4c31db02ec558457a3b265c2a: 72 ms
Input: 1000000,
Cold Start: false
Unique ID: 273077d080e4033974f07e23710b65e2,
Execution Time for Trace ID 273077d080e4033974f07e23710b65e2: 27 ms
Input: 1000000,
Cold Start: false
Unique ID: 91890a021d19cd085f30539cfe13e0cc,
Execution Time for Trace ID 91890a021d19cd085f30539cfe13e0cc: 170 ms
Input: 1000000,
Cold Start: false
Unique ID: bde870f0b20642658c3a3dc23be569ab,
Execution Time for Trace ID bde870f0b20642658c3a3dc23be569ab: 142 ms
Input: 1000000,
Cold Start: false
Unique ID: 459aa666ed516080d86bddc3c37f89a3,
Execution Time for Trace ID 459aa666ed516080d86bddc3c37f89a3: 33 ms
Input: 1000000,
Cold Start: false
Unique ID: 066909412480c195a4fc3c05a3c041c0,
Execution Time for Trace ID 066909412480c195a4fc3c05a3c041c0: 27 ms
Input: 1000000,
Cold Start: false
Unique ID: b7d150e6a09351ce17b873eeb3f32b14,
Execution Time for Trace ID b7d150e6a09351ce17b873eeb3f32b14: 47 ms
Input: 1000000,
Cold Start: false
Unique ID: 969fe6c1bf6473d26c4bf51320978dc6,
Execution Time for Trace ID 969fe6c1bf6473d26c4bf51320978dc6: 173 ms
Input: 1000000,
Cold Start: false
Unique ID: f90a0a225c17f575c1d0530060c345e1,
Execution Time for Trace ID f90a0a225c17f575c1d0530060c345e1: 28 ms
Input: 1000000,
Cold Start: false
Unique ID: 198d6c0a22565ebdc0fd90678afb709a,
Execution Time for Trace ID 198d6c0a22565ebdc0fd90678afb709a: 36 ms
Input: 1000000,
Cold Start: false
Unique ID: 88557c3d01f072539d4217c9d20a3c47,
Execution Time for Trace ID 88557c3d01f072539d4217c9d20a3c47: 28 ms
Input: 1000000,
Cold Start: false
Unique ID: 79d01910790041f5f95690f12e4a3f83,
Execution Time for Trace ID 79d01910790041f5f95690f12e4a3f83: 183 ms
Input: 1000000,
Cold Start: false
Unique ID: c4ff427f5b26f7023327f63df90e1306,
Execution Time for Trace ID c4ff427f5b26f7023327f63df90e1306: 79 ms
Input: 1000000,
Cold Start: false
Unique ID: f899f5728a2d1be306d0398359327f66,
Execution Time for Trace ID f899f5728a2d1be306d0398359327f66: 30 ms
Input: 1000000,
Cold Start: false
Unique ID: f700a06d2836e2b43857b2734cc5e72b,
Execution Time for Trace ID f700a06d2836e2b43857b2734cc5e72b: 36 ms
Input: 1000000,
Cold Start: false
Unique ID: e9cc47ef3e5f3207d5d7af9c62872b16,
Execution Time for Trace ID e9cc47ef3e5f3207d5d7af9c62872b16: 27 ms
Input: 1000000,
Cold Start: false
Unique ID: 681427b18a9f51815e08b7f6a8da8c90,
Execution Time for Trace ID 681427b18a9f51815e08b7f6a8da8c90: 31 ms
Input: 1000000,
Cold Start: false
Unique ID: 0e246a55d64682a85fdf10f522994241,
Execution Time for Trace ID 0e246a55d64682a85fdf10f522994241: 27 ms
Input: 1000000,
Cold Start: false
Unique ID: 77133b98e754bba449355dfb7fb54f95,
Execution Time for Trace ID 77133b98e754bba449355dfb7fb54f95: 187 ms
Input: 1000000,
Cold Start: false
Unique ID: 22b931c212420f5c9b77b077a8b7b412,
Execution Time for Trace ID 22b931c212420f5c9b77b077a8b7b412: 128 ms
Input: 1000000,
Cold Start: false
Unique ID: 9eee1ee9567e4bd35cfad248149f5cb5,
Execution Time for Trace ID 9eee1ee9567e4bd35cfad248149f5cb5: 74 ms
Input: 1000000,
Cold Start: false
Unique ID: 991ef6f26e1b575d8700776cc59718a0,
Execution Time for Trace ID 991ef6f26e1b575d8700776cc59718a0: 98 ms
Input: 1000000,
Cold Start: false
Unique ID: 95a398ccc611e4de76524f332bbb6044,
Execution Time for Trace ID 95a398ccc611e4de76524f332bbb6044: 82 ms
Input: 1000000,
Cold Start: false
Unique ID: b6ea91218a8a540962955e6e5759aff5,
Execution Time for Trace ID b6ea91218a8a540962955e6e5759aff5: 87 ms
Input: 1000000,
Cold Start: false
Unique ID: c4d9846a00c6f07fbac3bdde745c87eb,
Execution Time for Trace ID c4d9846a00c6f07fbac3bdde745c87eb: 40 ms
Input: 1000000,
Cold Start: false
Unique ID: 37584e18530cc179ba9323671113fd63,
Execution Time for Trace ID 37584e18530cc179ba9323671113fd63: 27 ms
Input: 1000000,
Cold Start: false
Unique ID: 3fad2f0fc3e930739f5428aee91148eb,
Execution Time for Trace ID 3fad2f0fc3e930739f5428aee91148eb: 90 ms
Input: 1000000,
Cold Start: false
Unique ID: f63162e4ab3c82f6fda3b891cae5f456,
Execution Time for Trace ID f63162e4ab3c82f6fda3b891cae5f456: 27 ms
Input: 1000000,
Cold Start: false
Unique ID: 0fa80c1719608d11220433449ca8e3e8,
Execution Time for Trace ID 0fa80c1719608d11220433449ca8e3e8: 171 ms
Input: 1000000,
Cold Start: false
Unique ID: fa9c3a12f0785febb44effc7971523eb,
Execution Time for Trace ID fa9c3a12f0785febb44effc7971523eb: 32 ms
Input: 1000000,
Cold Start: false
Unique ID: 2b363b773edbd6dec1e83cb33505b2e0,
Execution Time for Trace ID 2b363b773edbd6dec1e83cb33505b2e0: 37 ms
Input: 1000000,
Cold Start: false
Unique ID: c79b2d3d21ae3cbaa2ad42da90d6bfb7,
Execution Time for Trace ID c79b2d3d21ae3cbaa2ad42da90d6bfb7: 28 ms
Input: 1000000,
Cold Start: false
Unique ID: 02f816ea84658235022c3a35b5468fe6,
Execution Time for Trace ID 02f816ea84658235022c3a35b5468fe6: 177 ms
Input: 1000000,
Cold Start: false
Unique ID: e608d5c7fd8a9867acf270be9db0c4fa,
Execution Time for Trace ID e608d5c7fd8a9867acf270be9db0c4fa: 49 ms
Input: 1000000,
Cold Start: false
Unique ID: bb0cfb00bc0c11876589a20103d44c24,
Execution Time for Trace ID bb0cfb00bc0c11876589a20103d44c24: 28 ms
Input: 1000000,
Cold Start: false
Unique ID: 9b95472b9547b144e0c7f8224bf88deb,
Execution Time for Trace ID 9b95472b9547b144e0c7f8224bf88deb: 90 ms
Input: 1000000,
Cold Start: false
Unique ID: 6676d5c709f613cdc0ce9d055d1ea06e,
Execution Time for Trace ID 6676d5c709f613cdc0ce9d055d1ea06e: 30 ms
Input: 1000000,
Cold Start: false
Unique ID: c71bfde2e78f4a0a13cf55f8a3f9d674,
Execution Time for Trace ID c71bfde2e78f4a0a13cf55f8a3f9d674: 29 ms
Input: 1000000,
Cold Start: false
Unique ID: 91efe4f7a732ab5ac5dde43e5ef2e263,
Execution Time for Trace ID 91efe4f7a732ab5ac5dde43e5ef2e263: 95 ms
Input: 1000000,
Cold Start: false
Unique ID: 3ae723aecce751c67abe79668d1746c5,
Execution Time for Trace ID 3ae723aecce751c67abe79668d1746c5: 38 ms
Input: 1000000,
Cold Start: false
Unique ID: 89b045ee5103f1a7fefa71888c9a5279,
Execution Time for Trace ID 89b045ee5103f1a7fefa71888c9a5279: 27 ms
Input: 1000000,
Cold Start: false
Unique ID: 4aac5670e3fc80c2099b812f88b60221,
Execution Time for Trace ID 4aac5670e3fc80c2099b812f88b60221: 180 ms
Input: 1000000,
Cold Start: false
Unique ID: cddf0f3f2fcbde83f336e9978920d7c6,
Execution Time for Trace ID cddf0f3f2fcbde83f336e9978920d7c6: 28 ms
Input: 1000000,
Cold Start: false
Unique ID: a06a0f7d59e1593445b482b7de1ff9bd,
Execution Time for Trace ID a06a0f7d59e1593445b482b7de1ff9bd: 90 ms
Input: 1000000,
Cold Start: false
Unique ID: 3c51961fdbab2861eb523dfbdee2c6bd,
Execution Time for Trace ID 3c51961fdbab2861eb523dfbdee2c6bd: 50 ms
Input: 1000000,
Cold Start: false
Unique ID: 85c24f0f05ed3678a1983c0e7c485edd,
Execution Time for Trace ID 85c24f0f05ed3678a1983c0e7c485edd: 124 ms
Input: 1000000,
Cold Start: false
Unique ID: 7071ce4a31018d5cacf270be9db0c6db,
Execution Time for Trace ID 7071ce4a31018d5cacf270be9db0c6db: 27 ms
Input: 1000000,
Cold Start: false
Unique ID: 7b839512d9fc5091515279e9df21f343,
Execution Time for Trace ID 7b839512d9fc5091515279e9df21f343: 79 ms
Input: 1000000,
Cold Start: false
Unique ID: 4e96b777d21828229d73bdd9320712e6,
Execution Time for Trace ID 4e96b777d21828229d73bdd9320712e6: 28 ms
Input: 1000000,
Cold Start: false
Unique ID: 682c6dcaf7ccb389a3fcd4163a6686de,
Execution Time for Trace ID 682c6dcaf7ccb389a3fcd4163a6686de: 29 ms
Input: 1000000,
Cold Start: false
Unique ID: 93a2d0d207c043a97c9bccf104cc3432,
Execution Time for Trace ID 93a2d0d207c043a97c9bccf104cc3432: 32 ms
Input: 1000000,
Cold Start: false
Unique ID: a48ab00272e683f80c81553963415ad6,
Execution Time for Trace ID a48ab00272e683f80c81553963415ad6: 88 ms
Input: 1000000,
Cold Start: false
Unique ID: 7d8ef5c0f0ed61b23927292c96aa7b1f,
Execution Time for Trace ID 7d8ef5c0f0ed61b23927292c96aa7b1f: 28 ms
Input: 1000000,
Cold Start: false
Unique ID: 5c15948d87dbd194cb79362fa2341c83,
Execution Time for Trace ID 5c15948d87dbd194cb79362fa2341c83: 173 ms
Input: 1000000,
Cold Start: false
Unique ID: de637731bce8525d04677cf0c4e05ff1,
Execution Time for Trace ID de637731bce8525d04677cf0c4e05ff1: 29 ms
Input: 1000000,
Cold Start: false
Unique ID: 0b3fc6051f0510c53b8908abc1cf29df,
Execution Time for Trace ID 0b3fc6051f0510c53b8908abc1cf29df: 84 ms
Input: 1000000,
Cold Start: false
Unique ID: 783ce4a217c2ee573a1d42a801750ae3,
Execution Time for Trace ID 783ce4a217c2ee573a1d42a801750ae3: 30 ms
Input: 1000000,
Cold Start: false
Unique ID: dc34398cef5025b8b99b06967ab7865e,
Execution Time for Trace ID dc34398cef5025b8b99b06967ab7865e: 96 ms
Input: 1000000,
Cold Start: false
Unique ID: da5ae025e111bd1aa6b448a05902d946,
Execution Time for Trace ID da5ae025e111bd1aa6b448a05902d946: 45 ms
Input: 1000000,
Cold Start: false
Unique ID: 557f6c1e8ae4fa021cc61501a8cc5ba1,
Execution Time for Trace ID 557f6c1e8ae4fa021cc61501a8cc5ba1: 122 ms
Input: 1000000,
Cold Start: false
Unique ID: 75a4fa013e73ffd4d72a0d5168d54a10,
Execution Time for Trace ID 75a4fa013e73ffd4d72a0d5168d54a10: 82 ms
Input: 1000000,
Cold Start: false
Unique ID: cf0f840f36470f80669866d5c4bc176a,
Execution Time for Trace ID cf0f840f36470f80669866d5c4bc176a: 67 ms
Input: 1000000,
Cold Start: false
Unique ID: e47a354544bd0aa34c51859d5d27335c,
Execution Time for Trace ID e47a354544bd0aa34c51859d5d27335c: 86 ms
Input: 1000000,
Cold Start: false
Unique ID: edc5b7846a5bb9a969de528cec8b68c5,
Execution Time for Trace ID edc5b7846a5bb9a969de528cec8b68c5: 89 ms
Input: 1000000,
Cold Start: false
Unique ID: 2e5e2cd714e829823902c8d1e3e0b878,
Execution Time for Trace ID 2e5e2cd714e829823902c8d1e3e0b878: 35 ms
Input: 1000000,
Cold Start: false
Unique ID: 4d9069ac23eefd730436e2821e7a1bbe,
Execution Time for Trace ID 4d9069ac23eefd730436e2821e7a1bbe: 29 ms
Input: 1000000,
Cold Start: false
Unique ID: ed51302a4296eb67d345a2d836cc12dc,
Execution Time for Trace ID ed51302a4296eb67d345a2d836cc12dc: 26 ms
Input: 1000000,
Cold Start: false
Unique ID: 68a626e5eb06fffbf615f2d9b4cf573a,
Execution Time for Trace ID 68a626e5eb06fffbf615f2d9b4cf573a: 192 ms
Input: 1000000,
Cold Start: false
Unique ID: d1000d981668d2e85000d0ef1a74bb3d,
Execution Time for Trace ID d1000d981668d2e85000d0ef1a74bb3d: 80 ms
Input: 1000000,
Cold Start: false
Unique ID: f03bf24ee9363cc2b38fde1099319d1f,
Execution Time for Trace ID f03bf24ee9363cc2b38fde1099319d1f: 36 ms
Input: 1000000,
Cold Start: false
Unique ID: ff4a4b6ef6755577adc589e7a14db65c,
Execution Time for Trace ID ff4a4b6ef6755577adc589e7a14db65c: 28 ms
Input: 1000000,
Cold Start: false
Unique ID: e51f9db878c27cc608f3ce10c5360ac0,
Execution Time for Trace ID e51f9db878c27cc608f3ce10c5360ac0: 28 ms
Input: 1000000,
Cold Start: false
Unique ID: 1db07b8c23099d43954a851fe6fe3199,
Execution Time for Trace ID 1db07b8c23099d43954a851fe6fe3199: 180 ms
Input: 1000000,
Cold Start: false
Unique ID: 801c95261193e7cc28f9efd8e73e2854,
Execution Time for Trace ID 801c95261193e7cc28f9efd8e73e2854: 91 ms
Input: 1000000,
Cold Start: false
Unique ID: ce319134178da2f83927292c96aa772c,
Execution Time for Trace ID ce319134178da2f83927292c96aa772c: 28 ms
Input: 1000000,
Cold Start: false
Unique ID: 18e4c0bdd4685e6f1ba78b4442e624a3,
Execution Time for Trace ID 18e4c0bdd4685e6f1ba78b4442e624a3: 124 ms
Input: 1000000,
Cold Start: false
Unique ID: 476797be3a50d64f24ce2e78351e6f4b,
Execution Time for Trace ID 476797be3a50d64f24ce2e78351e6f4b: 29 ms
Input: 1000000,
Cold Start: false
Unique ID: 762eb0faa90be597daaf9d5e1bb10011,
Execution Time for Trace ID 762eb0faa90be597daaf9d5e1bb10011: 30 ms
Input: 1000000,
Cold Start: false
Unique ID: 0c0748d307858c20cd068cbc861767d0,
Execution Time for Trace ID 0c0748d307858c20cd068cbc861767d0: 96 ms
Input: 1000000,
Cold Start: false
Unique ID: 9e0a542d32a52111ff1fe3edaf03f1d4,
Execution Time for Trace ID 9e0a542d32a52111ff1fe3edaf03f1d4: 27 ms
Input: 1000000,
Cold Start: false
Unique ID: 725e232be4ce46c030f1c0db56eac9b5,
Execution Time for Trace ID 725e232be4ce46c030f1c0db56eac9b5: 131 ms
Input: 1000000,
Cold Start: false
Unique ID: 60a6546f84135c857bc164d58c357c25,
Execution Time for Trace ID 60a6546f84135c857bc164d58c357c25: 30 ms
Input: 1000000,
Cold Start: false
Unique ID: 7422072805bafb9cc99ecf9161887e86,
Execution Time for Trace ID 7422072805bafb9cc99ecf9161887e86: 74 ms
Input: 1000000,
Cold Start: false
Unique ID: 4b0e6847f899df59404c36a5091247c5,
Execution Time for Trace ID 4b0e6847f899df59404c36a5091247c5: 89 ms
Input: 1000000,
Cold Start: false
Unique ID: f8d177821c6ee2c14fdeda0eb1a8c054,
Execution Time for Trace ID f8d177821c6ee2c14fdeda0eb1a8c054: 122 ms
Input: 1000000,
Cold Start: false
Unique ID: 3b7dbd53eff7aea296862e481704098d,
Execution Time for Trace ID 3b7dbd53eff7aea296862e481704098d: 92 ms
Input: 1000000,
Cold Start: false
Unique ID: 2c3ceb7d146c046c41bb8b88eae663fd,
Execution Time for Trace ID 2c3ceb7d146c046c41bb8b88eae663fd: 93 ms
Input: 1000000,
Cold Start: false
Unique ID: c7b779963bd0a60e204faf76bc78f754,
Execution Time for Trace ID c7b779963bd0a60e204faf76bc78f754: 74 ms
Input: 1000000,
Cold Start: false
Unique ID: 62db05dbd4b5ba59f8776ebc5f7d4c8b,
Execution Time for Trace ID 62db05dbd4b5ba59f8776ebc5f7d4c8b: 98 ms
Input: 1000000,
Cold Start: false
Unique ID: 67a521d903630cdc3078ba27c7651073,
Execution Time for Trace ID 67a521d903630cdc3078ba27c7651073: 51 ms
Input: 1000000,
Cold Start: false
Unique ID: 0d243691f1df93b5589355c4aca2f794,
Execution Time for Trace ID 0d243691f1df93b5589355c4aca2f794: 29 ms
Input: 1000000,
Cold Start: false
Unique ID: f673c13087af2ff1979553c95c97277e,
Execution Time for Trace ID f673c13087af2ff1979553c95c97277e: 50 ms
Input: 1000000,
Cold Start: false
Unique ID: c051424b3933a32e8ccc87e770cf10ce,
Execution Time for Trace ID c051424b3933a32e8ccc87e770cf10ce: 44 ms
Input: 1000000,
Cold Start: false
Unique ID: e56a08038232ea4a6227ceab5fa5f429,
Execution Time for Trace ID e56a08038232ea4a6227ceab5fa5f429: 128 ms
Input: 1000000,
Cold Start: false
Unique ID: 3f10be51c180382baf45367ec3f7166d,
Execution Time for Trace ID 3f10be51c180382baf45367ec3f7166d: 36 ms
Input: 1000000,
Cold Start: false
Unique ID: 88a0ff254d64a23fff7d70d6a6a38c1b,
Execution Time for Trace ID 88a0ff254d64a23fff7d70d6a6a38c1b: 28 ms
Input: 1000000,
Cold Start: false
Unique ID: c2965fe9977c204715f6e0368e6660b8,
Execution Time for Trace ID c2965fe9977c204715f6e0368e6660b8: 36 ms
Input: 1000000,
Cold Start: false
Unique ID: eaeb8f5abf3ef629da911195a1a7a713,
Execution Time for Trace ID eaeb8f5abf3ef629da911195a1a7a713: 182 ms
Input: 1000000,
Cold Start: false
Unique ID: 6394cd5a4cdd60e05df2e25cf1cd6a7d,
Execution Time for Trace ID 6394cd5a4cdd60e05df2e25cf1cd6a7d: 81 ms
Input: 1000000,
Cold Start: false
Unique ID: e81a5926d2f22c4bcd9ce426d243259f,
Execution Time for Trace ID e81a5926d2f22c4bcd9ce426d243259f: 30 ms
Input: 1000000,
Cold Start: false
Unique ID: 3cbed2f6ae05e945ba1660d51a29e0bc,
Execution Time for Trace ID 3cbed2f6ae05e945ba1660d51a29e0bc: 115 ms
Input: 1000000,
Cold Start: false
Unique ID: 3473618924adcb989d8973cf627ab58a,
Execution Time for Trace ID 3473618924adcb989d8973cf627ab58a: 28 ms
Input: 1000000,
Cold Start: false
Unique ID: 3cba138102b0a72ffd3349fd84d5d3f7,
Execution Time for Trace ID 3cba138102b0a72ffd3349fd84d5d3f7: 86 ms
Input: 1000000,
Cold Start: false
Unique ID: 73c0b2a42387e3439978de1e456b809f,
Execution Time for Trace ID 73c0b2a42387e3439978de1e456b809f: 29 ms
Input: 1000000,
Cold Start: false
Unique ID: 6f7eb0097218bb35deea4b275146b79b,
Execution Time for Trace ID 6f7eb0097218bb35deea4b275146b79b: 34 ms
Input: 1000000,
Cold Start: false
Unique ID: 8bb8a598c078c0c6461479efd0b7aa14,
Execution Time for Trace ID 8bb8a598c078c0c6461479efd0b7aa14: 29 ms
Input: 1000000,
Cold Start: false
Unique ID: e204a6684845b6bbff2eab3a0d3aae74,
Execution Time for Trace ID e204a6684845b6bbff2eab3a0d3aae74: 168 ms
Input: 1000000,
Cold Start: false
Unique ID: cfd088710edcd232974c50dcdd09f5f5,
Execution Time for Trace ID cfd088710edcd232974c50dcdd09f5f5: 29 ms
Input: 1000000,
Cold Start: false
Unique ID: c765f52f16c5b2a9613f2fb9d19998d3,
Execution Time for Trace ID c765f52f16c5b2a9613f2fb9d19998d3: 144 ms
Input: 1000000,
Cold Start: false
Unique ID: 69a2ae8676cb13facbea006bb1b778f9,
Execution Time for Trace ID 69a2ae8676cb13facbea006bb1b778f9: 32 ms
Input: 1000000,
Cold Start: false
Unique ID: 8ae91ec22e99c69a20b57f8a0827e722,
Execution Time for Trace ID 8ae91ec22e99c69a20b57f8a0827e722: 99 ms
Input: 1000000,
Cold Start: false
Unique ID: ec035d14d9a4b11911a6b8dd95eec8a9,
Execution Time for Trace ID ec035d14d9a4b11911a6b8dd95eec8a9: 179 ms
Input: 1000000,
Cold Start: false
Unique ID: a55a2631d52f675af39d4ac3fe8b5623,
Execution Time for Trace ID a55a2631d52f675af39d4ac3fe8b5623: 28 ms
Input: 1000000,
Cold Start: false
Unique ID: f5f19c9fe6fe0df6730c1539e12902bd,
Execution Time for Trace ID f5f19c9fe6fe0df6730c1539e12902bd: 91 ms
Input: 1000000,
Cold Start: false
Unique ID: 12aa7f741d774e6c5df25897ae6f74b2,
Execution Time for Trace ID 12aa7f741d774e6c5df25897ae6f74b2: 30 ms
Input: 1000000,
Cold Start: false
Unique ID: 84f380de825a36830dfff21754bd5347,
Execution Time for Trace ID 84f380de825a36830dfff21754bd5347: 99 ms
Input: 1000000,
Cold Start: false
Unique ID: cb170753edc3232950c17181a873d6c7,
Execution Time for Trace ID cb170753edc3232950c17181a873d6c7: 101 ms
Input: 1000000,
Cold Start: false
Unique ID: 4d0f30c176b5b73a9864b5798f72fecc,
Execution Time for Trace ID 4d0f30c176b5b73a9864b5798f72fecc: 94 ms
Input: 1000000,
Cold Start: false
Unique ID: 60430d4ba3bb8671c1068d3bd23c2a30,
Execution Time for Trace ID 60430d4ba3bb8671c1068d3bd23c2a30: 114 ms
Input: 1000000,
Cold Start: false
Unique ID: 1af30dbd587945534eb24dd8f526a8b9,
Execution Time for Trace ID 1af30dbd587945534eb24dd8f526a8b9: 29 ms
Input: 1000000,
Cold Start: false
Unique ID: e9757fbcdcdc145b2df2ef7ab66b0283,
Execution Time for Trace ID e9757fbcdcdc145b2df2ef7ab66b0283: 37 ms
Input: 1000000,
Cold Start: false
Unique ID: 93eaf058b571960406602c8f5fa17de3,
Execution Time for Trace ID 93eaf058b571960406602c8f5fa17de3: 28 ms
Input: 1000000,
Cold Start: false
Unique ID: 48ebfabb838069d90fd41d7740183972,
Execution Time for Trace ID 48ebfabb838069d90fd41d7740183972: 177 ms
Input: 1000000,
Cold Start: false
Unique ID: 3ee926b2b1ea3aa42601a0e0c5565e9a,
Execution Time for Trace ID 3ee926b2b1ea3aa42601a0e0c5565e9a: 45 ms
Input: 1000000,
Cold Start: false
Unique ID: fa72cc32fa331a726f1997b93f07011a,
Execution Time for Trace ID fa72cc32fa331a726f1997b93f07011a: 32 ms
Input: 1000000,
Cold Start: false
Unique ID: 9bc0923b4ce390d71513149624f0ecc5,
Execution Time for Trace ID 9bc0923b4ce390d71513149624f0ecc5: 32 ms
Input: 1000000,
Cold Start: false
Unique ID: fd1591a8d6936478691912c9e1ad6e08,
Execution Time for Trace ID fd1591a8d6936478691912c9e1ad6e08: 28 ms
Input: 1000000,
Cold Start: false
Unique ID: cd6dce8ec1ec555a6fd52822c22f3c10,
Execution Time for Trace ID cd6dce8ec1ec555a6fd52822c22f3c10: 185 ms
Input: 1000000,
Cold Start: false
Unique ID: 3227c1973e8e4e7ef4b5022484a38e61,
Execution Time for Trace ID 3227c1973e8e4e7ef4b5022484a38e61: 175 ms
Input: 1000000,
Cold Start: false
Unique ID: 3d836ca2a8fa740ed24977337cfc04ac,
Execution Time for Trace ID 3d836ca2a8fa740ed24977337cfc04ac: 35 ms
Input: 1000000,
Cold Start: false
Unique ID: 3dec62396055b32f99b936073cebc919,
Execution Time for Trace ID 3dec62396055b32f99b936073cebc919: 28 ms
Input: 1000000,
Cold Start: false
Unique ID: 73443b09f36b06b26f597894cd21ad8c,
Execution Time for Trace ID 73443b09f36b06b26f597894cd21ad8c: 29 ms
Input: 1000000,
Cold Start: false
Unique ID: afa655dda6ff7fa41160a7cc37a84dde,
Execution Time for Trace ID afa655dda6ff7fa41160a7cc37a84dde: 182 ms
Input: 1000000,
Cold Start: false
Unique ID: 494bb73a92ebc1b69a0705c8f69633fb,
Execution Time for Trace ID 494bb73a92ebc1b69a0705c8f69633fb: 106 ms
Input: 1000000,
Cold Start: false
Unique ID: 2f9813117d191f636b3193d4bfaeb60f,
Execution Time for Trace ID 2f9813117d191f636b3193d4bfaeb60f: 35 ms
Input: 1000000,
Cold Start: false
Unique ID: 4916d9ae0c1b4f94037f77b7880ed175,
Execution Time for Trace ID 4916d9ae0c1b4f94037f77b7880ed175: 27 ms
Input: 1000000,
Cold Start: false
Unique ID: 08a6c8ba021de208655f5d4e53582d98,
Execution Time for Trace ID 08a6c8ba021de208655f5d4e53582d98: 48 ms
Input: 1000000,
Cold Start: false
Unique ID: 49bc6776db6a86c706d011b549e24d80,
Execution Time for Trace ID 49bc6776db6a86c706d011b549e24d80: 161 ms
Input: 1000000,
Cold Start: false
Unique ID: bb8739bafa2a89472a33f074f559bd41,
Execution Time for Trace ID bb8739bafa2a89472a33f074f559bd41: 114 ms
Input: 1000000,
Cold Start: false
Unique ID: 8689c03008410a49ef1e55f09376f2ef,
Execution Time for Trace ID 8689c03008410a49ef1e55f09376f2ef: 50 ms
Input: 1000000,
Cold Start: false
Unique ID: cd8c01569820ec594b22470d88f8b1e8,
Execution Time for Trace ID cd8c01569820ec594b22470d88f8b1e8: 113 ms
Input: 1000000,
Cold Start: false
Unique ID: bf219295703fccfd80f774453f99b5df,
Execution Time for Trace ID bf219295703fccfd80f774453f99b5df: 72 ms
Input: 1000000,
Cold Start: false
Unique ID: 66dc4342419e0a1383f850bce97c8a0f,
Execution Time for Trace ID 66dc4342419e0a1383f850bce97c8a0f: 71 ms
Input: 1000000,
Cold Start: false
Unique ID: 0aa221b9093d20bed8ab9062bcf40e50,
Execution Time for Trace ID 0aa221b9093d20bed8ab9062bcf40e50: 30 ms
Input: 1000000,
Cold Start: false
Unique ID: 0159eaca8d2aeab9fb8fd211c0009570,
Execution Time for Trace ID 0159eaca8d2aeab9fb8fd211c0009570: 33 ms
Input: 1000000,
Cold Start: false
Unique ID: 5ba86e0cd284f261ba481ee0d2eda387,
Execution Time for Trace ID 5ba86e0cd284f261ba481ee0d2eda387: 28 ms
Input: 1000000,
Cold Start: false
Unique ID: 07a69c7f5fad2952aa1816b1f209a9b7,
Execution Time for Trace ID 07a69c7f5fad2952aa1816b1f209a9b7: 98 ms
Input: 1000000,
Cold Start: false
Unique ID: 23c7e997649f1a5f81a75da40c760e33,
Execution Time for Trace ID 23c7e997649f1a5f81a75da40c760e33: 176 ms
Input: 1000000,
Cold Start: false
Unique ID: 4c75b739bb4bf485c5eb0c5d53e32956,
Execution Time for Trace ID 4c75b739bb4bf485c5eb0c5d53e32956: 29 ms
Input: 1000000,
Cold Start: false
Unique ID: b1c8b12b74844d0daea3f71055a4850e,
Execution Time for Trace ID b1c8b12b74844d0daea3f71055a4850e: 32 ms
Input: 1000000,
Cold Start: false
Unique ID: 7cc8e6e7db9c1fe5042ffc6a69ce6c32,
Execution Time for Trace ID 7cc8e6e7db9c1fe5042ffc6a69ce6c32: 29 ms
Input: 1000000,
Cold Start: false
Unique ID: f561e39f02eb0b1f9ff0ef36ff0186d9,
Execution Time for Trace ID f561e39f02eb0b1f9ff0ef36ff0186d9: 167 ms
Input: 1000000,
Cold Start: false
Unique ID: e72346ef887ef1e192f1c05a7797c518,
Execution Time for Trace ID e72346ef887ef1e192f1c05a7797c518: 28 ms
Input: 1000000,
Cold Start: false
Unique ID: f9730ed0a562e6bdb44f6ee64b39ba76,
Execution Time for Trace ID f9730ed0a562e6bdb44f6ee64b39ba76: 89 ms
Input: 1000000,
Cold Start: false
Unique ID: f50cedccbd80b77d4b26e99bdc047742,
Execution Time for Trace ID f50cedccbd80b77d4b26e99bdc047742: 38 ms
Input: 1000000,
Cold Start: false
Unique ID: 73008c002b8fd4df756237d02d80fa7e,
Execution Time for Trace ID 73008c002b8fd4df756237d02d80fa7e: 28 ms
Input: 1000000,
Cold Start: false
Unique ID: 3f0f26fefc5c5560092964fce325a582,
Execution Time for Trace ID 3f0f26fefc5c5560092964fce325a582: 102 ms
Input: 1000000,
Cold Start: false
Unique ID: a544a349ee3130f22394f40dd60daff3,
Execution Time for Trace ID a544a349ee3130f22394f40dd60daff3: 177 ms
Input: 1000000,
Cold Start: false
Unique ID: 57fcb6272038f8b0720841c7573c76bc,
Execution Time for Trace ID 57fcb6272038f8b0720841c7573c76bc: 65 ms
Input: 1000000,
Cold Start: false
Unique ID: 05930acdccdae61d4933d9075125ac05,
Execution Time for Trace ID 05930acdccdae61d4933d9075125ac05: 38 ms
Input: 1000000,
Cold Start: false
Unique ID: cb61b2b3b5ce67244e9a3d2dc856b3ca,
Execution Time for Trace ID cb61b2b3b5ce67244e9a3d2dc856b3ca: 29 ms
Input: 1000000,
Cold Start: false
Unique ID: a7e1f0f6b2b7b28753bd87b8fdfe4939,
Execution Time for Trace ID a7e1f0f6b2b7b28753bd87b8fdfe4939: 102 ms
Input: 1000000,
Cold Start: false
Unique ID: a50a4d2d3998f857f0c5ccc3049e5d26,
Execution Time for Trace ID a50a4d2d3998f857f0c5ccc3049e5d26: 183 ms
Input: 1000000,
Cold Start: false
Unique ID: 75968c266ec6071aac648b575778c0ab,
Execution Time for Trace ID 75968c266ec6071aac648b575778c0ab: 29 ms
Input: 1000000,
Cold Start: false
Unique ID: 71bc4ead960bec420ae2b349e8bbfe7a,
Execution Time for Trace ID 71bc4ead960bec420ae2b349e8bbfe7a: 33 ms
Input: 1000000,
Cold Start: false
Unique ID: d466ca4f2529870860a1255280bd582f,
Execution Time for Trace ID d466ca4f2529870860a1255280bd582f: 28 ms
Input: 1000000,
Cold Start: false
Unique ID: 672f30af967d01502befd0d557bda798,
Execution Time for Trace ID 672f30af967d01502befd0d557bda798: 41 ms
Input: 1000000,
Cold Start: false
Unique ID: 91ab43fa325faf57cda53d930f441a3c,
Execution Time for Trace ID 91ab43fa325faf57cda53d930f441a3c: 182 ms
Input: 1000000,
Cold Start: false
Unique ID: e434695b3664a14bfa44c86c7ce441e7,
Execution Time for Trace ID e434695b3664a14bfa44c86c7ce441e7: 180 ms
Input: 1000000,
Cold Start: false
Unique ID: 18542c8195195d328c46ea983eae6c33,
Execution Time for Trace ID 18542c8195195d328c46ea983eae6c33: 29 ms
Input: 1000000,
Cold Start: false
Unique ID: 8e3b64dcaae2e1726a371e4b753bc15d,
Execution Time for Trace ID 8e3b64dcaae2e1726a371e4b753bc15d: 113 ms
Input: 1000000,
Cold Start: false
Unique ID: bf535d4907d2fc1a588fb7b0633d2479,
Execution Time for Trace ID bf535d4907d2fc1a588fb7b0633d2479: 30 ms
Input: 1000000,
Cold Start: false
Unique ID: 45bb90815e7e6114ee2f18ab32cb8922,
Execution Time for Trace ID 45bb90815e7e6114ee2f18ab32cb8922: 66 ms
Input: 1000000,
Cold Start: false
Unique ID: fcea57ae29e078662a6a125a83bb8926,
Execution Time for Trace ID fcea57ae29e078662a6a125a83bb8926: 40 ms
Input: 1000000,
Cold Start: false
Unique ID: bda53a4602a34d60b5c6763b8d2d9c62,
Execution Time for Trace ID bda53a4602a34d60b5c6763b8d2d9c62: 28 ms
Input: 1000000,
Cold Start: false
Unique ID: 8f76ec987b3424feca961a784be3aad3,
Execution Time for Trace ID 8f76ec987b3424feca961a784be3aad3: 121 ms
Input: 1000000,
Cold Start: false
Unique ID: 9cbb26f5bddda71a0c13260654e3c2af,
Execution Time for Trace ID 9cbb26f5bddda71a0c13260654e3c2af: 110 ms
Input: 1000000,
Cold Start: false
Unique ID: a5cb71f1194b56abb7738954cdcbd0c3,
Execution Time for Trace ID a5cb71f1194b56abb7738954cdcbd0c3: 81 ms
Input: 1000000,
Cold Start: false
Unique ID: 02fcd005f69b3f4af93bf0e9b28e72c7,
Execution Time for Trace ID 02fcd005f69b3f4af93bf0e9b28e72c7: 70 ms
Input: 1000000,
Cold Start: false
Unique ID: 03d08b622c15237fe69883c8dc038dce,
Execution Time for Trace ID 03d08b622c15237fe69883c8dc038dce: 35 ms
Input: 1000000,
Cold Start: false
Unique ID: 3350064087d5bacf9e333f1ea3e3871b,
Execution Time for Trace ID 3350064087d5bacf9e333f1ea3e3871b: 28 ms
Input: 1000000,
Cold Start: false
Unique ID: eae301bcaed140a21021b9eb7e267713,
Execution Time for Trace ID eae301bcaed140a21021b9eb7e267713: 181 ms
Input: 1000000,
Cold Start: false
Unique ID: 2dd6fd6862599bd165a13e8bc38517a4,
Execution Time for Trace ID 2dd6fd6862599bd165a13e8bc38517a4: 29 ms
Input: 1000000,
Cold Start: false
Unique ID: c8b32beecb23d901cee78090125b2e1b,
Execution Time for Trace ID c8b32beecb23d901cee78090125b2e1b: 123 ms
Input: 1000000,
Cold Start: false
Unique ID: d56fab33b17da8c17c2d633cc0185feb,
Execution Time for Trace ID d56fab33b17da8c17c2d633cc0185feb: 27 ms
Input: 1000000,
Cold Start: false
Unique ID: 4780868ae4549e58d2a4fe10eb4e19b7,
Execution Time for Trace ID 4780868ae4549e58d2a4fe10eb4e19b7: 120 ms
Input: 1000000,
Cold Start: false
Unique ID: a7bd2ff858d659cd39577d024fe2ee2e,
Execution Time for Trace ID a7bd2ff858d659cd39577d024fe2ee2e: 28 ms
Input: 1000000,
Cold Start: false
Unique ID: 8ebe15c1cfa14a1219437e1ae7ee1cb6,
Execution Time for Trace ID 8ebe15c1cfa14a1219437e1ae7ee1cb6: 83 ms
Input: 1000000,
Cold Start: false
Unique ID: b9ddcbe5e634ab7b79ac9f17676d3191,
Execution Time for Trace ID b9ddcbe5e634ab7b79ac9f17676d3191: 66 ms
Input: 1000000,
Cold Start: false
Unique ID: e061d0d1f2fcf3982dd7baab09a35fa5,
Execution Time for Trace ID e061d0d1f2fcf3982dd7baab09a35fa5: 44 ms
Input: 1000000,
Cold Start: false
Unique ID: 72d9dc5c3fdfb48e96936d1a0b97a6f8,
Execution Time for Trace ID 72d9dc5c3fdfb48e96936d1a0b97a6f8: 27 ms
Input: 1000000,
Cold Start: false
Unique ID: a027de3568c692afb38318101b08401d,
Execution Time for Trace ID a027de3568c692afb38318101b08401d: 173 ms
Input: 1000000,
Cold Start: false
Unique ID: d780b1cc561b4a74075423f607e07b0e,
Execution Time for Trace ID d780b1cc561b4a74075423f607e07b0e: 82 ms
Input: 1000000,
Cold Start: false
Unique ID: 603759b89e39d1f264669643b6ccdba6,
Execution Time for Trace ID 603759b89e39d1f264669643b6ccdba6: 73 ms
Input: 1000000,
Cold Start: false
Unique ID: c5addec77a50c54eb36cb1b9c7ca0a65,
Execution Time for Trace ID c5addec77a50c54eb36cb1b9c7ca0a65: 34 ms
Input: 1000000,
Cold Start: false
Unique ID: f2015850a1e9b02057b99d2f43d1d66e,
Execution Time for Trace ID f2015850a1e9b02057b99d2f43d1d66e: 30 ms
Input: 1000000,
Cold Start: false
Unique ID: db6d3a09417bd0bba8cd07b7b2c75fb0,
Execution Time for Trace ID db6d3a09417bd0bba8cd07b7b2c75fb0: 45 ms
Input: 1000000,
Cold Start: false
Unique ID: a0132588bbba00c638ffc32743e6bc3f,
Execution Time for Trace ID a0132588bbba00c638ffc32743e6bc3f: 177 ms
Input: 1000000,
Cold Start: false
Unique ID: 3eebec30237e70985258cf925061ce17,
Execution Time for Trace ID 3eebec30237e70985258cf925061ce17: 29 ms
Input: 1000000,
Cold Start: false
Unique ID: 99e9628b136a29da7a5c7c840dae46fd,
Execution Time for Trace ID 99e9628b136a29da7a5c7c840dae46fd: 30 ms
Input: 1000000,
Cold Start: false
Unique ID: a9348e80adf84788515ebe5c1df243a6,
Execution Time for Trace ID a9348e80adf84788515ebe5c1df243a6: 28 ms
Input: 1000000,
Cold Start: false
Unique ID: fee2facb0163ed75623800e9350025eb,
Execution Time for Trace ID fee2facb0163ed75623800e9350025eb: 30 ms
Input: 1000000,
Cold Start: false
Unique ID: 599d1530dc3c213a9a39dc7fb272ee69,
Execution Time for Trace ID 599d1530dc3c213a9a39dc7fb272ee69: 169 ms
Input: 1000000,
Cold Start: false
Unique ID: 070dad190d5f98948b54928e667ceeee,
Execution Time for Trace ID 070dad190d5f98948b54928e667ceeee: 30 ms
Input: 1000000,
Cold Start: false
Unique ID: 733f55db19643ba7eb0c7b425cc7fb7a,
Execution Time for Trace ID 733f55db19643ba7eb0c7b425cc7fb7a: 31 ms
Input: 1000000,
Cold Start: false
Unique ID: d787a673ffcc7e6043c27bcf22c26aa4,
Execution Time for Trace ID d787a673ffcc7e6043c27bcf22c26aa4: 28 ms
Input: 1000000,
Cold Start: false
Unique ID: bf22186e57269b721ddd5b0cf0f52b93,
Execution Time for Trace ID bf22186e57269b721ddd5b0cf0f52b93: 98 ms
Input: 1000000,
Cold Start: false
Unique ID: 29dbe461aa02ba66016ba59195544e28,
Execution Time for Trace ID 29dbe461aa02ba66016ba59195544e28: 186 ms
Input: 1000000,
Cold Start: false
Unique ID: b2c3bf99e289a9e87d7108f72ce3a60b,
Execution Time for Trace ID b2c3bf99e289a9e87d7108f72ce3a60b: 114 ms
Input: 1000000,
Cold Start: false
Unique ID: d588eeeb01bd387abf7abfb195edeade,
Execution Time for Trace ID d588eeeb01bd387abf7abfb195edeade: 31 ms
Input: 1000000,
Cold Start: false
Unique ID: 0e3efe2b73517aef1833b37655d8b856,
Execution Time for Trace ID 0e3efe2b73517aef1833b37655d8b856: 28 ms
Input: 1000000,
Cold Start: false
Unique ID: 8e872690ca594d055a9e740cd7bf324d,
Execution Time for Trace ID 8e872690ca594d055a9e740cd7bf324d: 48 ms
Input: 1000000,
Cold Start: false
Unique ID: 658c371b75c6b3c7ee3caf96425ca626,
Execution Time for Trace ID 658c371b75c6b3c7ee3caf96425ca626: 167 ms
Input: 1000000,
Cold Start: false
Unique ID: 262ce4d115b700594769adf7ab8028a4,
Execution Time for Trace ID 262ce4d115b700594769adf7ab8028a4: 30 ms
Input: 1000000,
Cold Start: false
Unique ID: 1a5f1a3a15512cc6d6ed21228de5c866,
Execution Time for Trace ID 1a5f1a3a15512cc6d6ed21228de5c866: 30 ms
Input: 1000000,
Cold Start: false
Unique ID: 207d5d572d3e2af498ef08d2302071be,
Execution Time for Trace ID 207d5d572d3e2af498ef08d2302071be: 67 ms
Input: 1000000,
Cold Start: false
Unique ID: c8cfb5496ecf10c945760a089e307752,
Execution Time for Trace ID c8cfb5496ecf10c945760a089e307752: 31 ms
Input: 1000000,
Cold Start: false
Unique ID: 8bedc2af8fd7549500141fa33764598e,
Execution Time for Trace ID 8bedc2af8fd7549500141fa33764598e: 169 ms
Input: 1000000,
Cold Start: false
Unique ID: e27cb7ca17708ab780afcda7c59e9d78,
Execution Time for Trace ID e27cb7ca17708ab780afcda7c59e9d78: 64 ms
Input: 1000000,
Cold Start: false
Unique ID: e107e5161f218907b25bd567ababf1f9,
Execution Time for Trace ID e107e5161f218907b25bd567ababf1f9: 34 ms
Input: 1000000,
Cold Start: false
Unique ID: d1e3796927a906a2330a789c48d6c5b9,
Execution Time for Trace ID d1e3796927a906a2330a789c48d6c5b9: 118 ms
Input: 1000000,
Cold Start: false
Unique ID: 25a78a24da36dba996ed59a3e686faca,
Execution Time for Trace ID 25a78a24da36dba996ed59a3e686faca: 76 ms
Input: 1000000,
Cold Start: false
Unique ID: e0505c68c898e190d0e611abc35b8e6a,
Execution Time for Trace ID e0505c68c898e190d0e611abc35b8e6a: 87 ms
Input: 1000000,
Cold Start: false
Unique ID: 98d004cec2b199b52035bc6ed36b12dd,
Execution Time for Trace ID 98d004cec2b199b52035bc6ed36b12dd: 69 ms
Input: 1000000,
Cold Start: false
Unique ID: 70bbb8e97072bc14be3a7910d8ca941c,
Execution Time for Trace ID 70bbb8e97072bc14be3a7910d8ca941c: 31 ms
Input: 1000000,
Cold Start: false
Unique ID: 51229dcc8f5b41018b139cbc5c196a53,
Execution Time for Trace ID 51229dcc8f5b41018b139cbc5c196a53: 28 ms
Input: 1000000,
Cold Start: false
Unique ID: f49d52fb9854c11e8463c6e65906f1c3,
Execution Time for Trace ID f49d52fb9854c11e8463c6e65906f1c3: 35 ms
Input: 1000000,
Cold Start: false
Unique ID: 5694c8572d9c8cfa60440fcba124d543,
Execution Time for Trace ID 5694c8572d9c8cfa60440fcba124d543: 182 ms
Input: 1000000,
Cold Start: false
Unique ID: cf611a2c1a6362ccdaadba9b1949f8a9,
Execution Time for Trace ID cf611a2c1a6362ccdaadba9b1949f8a9: 75 ms
Input: 1000000,
Cold Start: false
Unique ID: 23b80c76e21ded5794613fb37141190b,
Execution Time for Trace ID 23b80c76e21ded5794613fb37141190b: 29 ms
Input: 1000000,
Cold Start: false
Unique ID: 3e1087479ea3050d928dbcfdce7cfcf6,
Execution Time for Trace ID 3e1087479ea3050d928dbcfdce7cfcf6: 125 ms
Input: 1000000,
Cold Start: false
Unique ID: 27e8f7188b0f32e24dd8b18c2247a571,
Execution Time for Trace ID 27e8f7188b0f32e24dd8b18c2247a571: 27 ms
Input: 1000000,
Cold Start: false
Unique ID: 32c75a7f3859e4834933805e2b89708f,
Execution Time for Trace ID 32c75a7f3859e4834933805e2b89708f: 81 ms
Input: 1000000,
Cold Start: false
Unique ID: f664bcfbe84f1a70daa096be1baf59d3,
Execution Time for Trace ID f664bcfbe84f1a70daa096be1baf59d3: 30 ms
Input: 1000000,
Cold Start: false
Unique ID: 584e805c2ca81b42fe34a85b7b0a364c,
Execution Time for Trace ID 584e805c2ca81b42fe34a85b7b0a364c: 29 ms
Input: 1000000,
Cold Start: false
Unique ID: 931d6f2198e47f8c804a4f0f833d7aeb,
Execution Time for Trace ID 931d6f2198e47f8c804a4f0f833d7aeb: 28 ms
Input: 1000000,
Cold Start: false
Unique ID: db4090277d197af47d74babe89db225b,
Execution Time for Trace ID db4090277d197af47d74babe89db225b: 70 ms
Input: 1000000,
Cold Start: false
Unique ID: ebee5a71b618f082f0ad5dfffd7ffd7f,
Execution Time for Trace ID ebee5a71b618f082f0ad5dfffd7ffd7f: 65 ms
Input: 1000000,
Cold Start: false
Unique ID: caa0a49f1bb43533987b62aac20edee6,
Execution Time for Trace ID caa0a49f1bb43533987b62aac20edee6: 163 ms
Input: 1000000,
Cold Start: false
Unique ID: 1d83cdaf478573f5151b39c12c278623,
Execution Time for Trace ID 1d83cdaf478573f5151b39c12c278623: 36 ms
Input: 1000000,
Cold Start: false
Unique ID: 071f620a1ce1ad2cf309e68843372dbd,
Execution Time for Trace ID 071f620a1ce1ad2cf309e68843372dbd: 28 ms
Input: 1000000,
Cold Start: false
Unique ID: 7920c550b303a419b0be1337a8dcdb4b,
Execution Time for Trace ID 7920c550b303a419b0be1337a8dcdb4b: 29 ms
Input: 1000000,
Cold Start: false
Unique ID: 6062cd74ad72f58962b0794958caa7d5,
Execution Time for Trace ID 6062cd74ad72f58962b0794958caa7d5: 179 ms
Input: 1000000,
Cold Start: false
Unique ID: 81d92a931afb6ceef0719abd1941e31b,
Execution Time for Trace ID 81d92a931afb6ceef0719abd1941e31b: 28 ms
Input: 1000000,
Cold Start: false
Unique ID: 7ba19aca384bb79b938695198fedfdd9,
Execution Time for Trace ID 7ba19aca384bb79b938695198fedfdd9: 41 ms
Input: 1000000,
Cold Start: false
Unique ID: ecaaf06ce51b82aa6ab9dcdd698e7c45,
Execution Time for Trace ID ecaaf06ce51b82aa6ab9dcdd698e7c45: 77 ms
Input: 1000000,
Cold Start: false
Unique ID: 3fc9a417966401d87ff0f0720c02af6a,
Execution Time for Trace ID 3fc9a417966401d87ff0f0720c02af6a: 48 ms
Input: 1000000,
Cold Start: false
Unique ID: a459a2e9c36cb9bbf00fd1c27f52abe0,
Execution Time for Trace ID a459a2e9c36cb9bbf00fd1c27f52abe0: 180 ms
Input: 1000000,
Cold Start: false
Unique ID: 30f238a7a17b833593a514674500d192,
Execution Time for Trace ID 30f238a7a17b833593a514674500d192: 81 ms
Input: 1000000,
Cold Start: false
Unique ID: 631a8a7ddf48e2751171d4dc9072b991,
Execution Time for Trace ID 631a8a7ddf48e2751171d4dc9072b991: 127 ms
Input: 1000000,
Cold Start: false
Unique ID: c5c0e50ad259246b7802672a186261cc,
Execution Time for Trace ID c5c0e50ad259246b7802672a186261cc: 84 ms
Input: 1000000,
Cold Start: false
Unique ID: 92d2ee11dc786b0cdf7648af9c7d0f4f,
Execution Time for Trace ID 92d2ee11dc786b0cdf7648af9c7d0f4f: 81 ms
Input: 1000000,
Cold Start: false
Unique ID: d5af4314d9a78780f43327190bba549f,
Execution Time for Trace ID d5af4314d9a78780f43327190bba549f: 80 ms
Input: 1000000,
Cold Start: false
Unique ID: 319537b177772d4961e210433882b7b6,
Execution Time for Trace ID 319537b177772d4961e210433882b7b6: 70 ms
Input: 1000000,
Cold Start: false
Unique ID: 43c3ef02f13e14319116962d3d858b18,
Execution Time for Trace ID 43c3ef02f13e14319116962d3d858b18: 37 ms
Input: 1000000,
Cold Start: false
Unique ID: 300c2f7a739d7a4fc8527878cb052dbb,
Execution Time for Trace ID 300c2f7a739d7a4fc8527878cb052dbb: 81 ms
Input: 1000000,
Cold Start: false
Unique ID: 9eacc34f549606930b53e734138b35ac,
Execution Time for Trace ID 9eacc34f549606930b53e734138b35ac: 28 ms
Input: 1000000,
Cold Start: false
Unique ID: 92a8025dc064a58741b11dcf0b761e05,
Execution Time for Trace ID 92a8025dc064a58741b11dcf0b761e05: 27 ms
Input: 1000000,
Cold Start: false
Unique ID: 6098ffb5393489d7666f902d45e42d99,
Execution Time for Trace ID 6098ffb5393489d7666f902d45e42d99: 177 ms
Input: 1000000,
Cold Start: false
Unique ID: 62add98535f024bbe54c0b6e24d349b7,
Execution Time for Trace ID 62add98535f024bbe54c0b6e24d349b7: 39 ms
Input: 1000000,
Cold Start: false
Unique ID: 47801b0f8e12f796e3ad1451abf784a6,
Execution Time for Trace ID 47801b0f8e12f796e3ad1451abf784a6: 75 ms
Input: 1000000,
Cold Start: false
Unique ID: b6cc668fb113425dbea7dd197860e435,
Execution Time for Trace ID b6cc668fb113425dbea7dd197860e435: 28 ms
Input: 1000000,
Cold Start: false
Unique ID: 5cfd0fa64b5f5eab6aef160ef5cc4c9f,
Execution Time for Trace ID 5cfd0fa64b5f5eab6aef160ef5cc4c9f: 188 ms
Input: 1000000,
Cold Start: false
Unique ID: aa2f1ce7eb909e8549d78b0a7a7f6b3a,
Execution Time for Trace ID aa2f1ce7eb909e8549d78b0a7a7f6b3a: 50 ms
Input: 1000000,
Cold Start: false
