Unique ID: 0719bb50-2d82-4dcd-8b17-ea477d0323af,
Billed Duration for Request 0719bb50-2d82-4dcd-8b17-ea477d0323af: 117 ms
Input: 1102500,
Cold Start: false
Unique ID: 37860517-4884-4f36-a75c-70bc5a9ea54c,
Billed Duration for Request 37860517-4884-4f36-a75c-70bc5a9ea54c: 146 ms
Input: 1102500,
Cold Start: false
Unique ID: bf71b598-1fb1-46e6-a6e3-bb22b0add37b,
Billed Duration for Request bf71b598-1fb1-46e6-a6e3-bb22b0add37b: 119 ms
Input: 1102500,
Cold Start: false
Unique ID: a4b58c9c-c38c-408d-b0f7-efe49da58cd7,
Billed Duration for Request a4b58c9c-c38c-408d-b0f7-efe49da58cd7: 138 ms
Input: 1102500,
Cold Start: false
Unique ID: 18a8db1d-0e8e-46c4-9df8-69e7f4fe569d,
Billed Duration for Request 18a8db1d-0e8e-46c4-9df8-69e7f4fe569d: 192 ms
Input: 1102500,
Cold Start: false
Unique ID: afa914eb-e7e7-453f-ad99-17d4f988fc38,
Billed Duration for Request afa914eb-e7e7-453f-ad99-17d4f988fc38: 128 ms
Input: 1102500,
Cold Start: false
Unique ID: dbd9c24f-b612-4919-b9d4-653d43dbace9,
Billed Duration for Request dbd9c24f-b612-4919-b9d4-653d43dbace9: 112 ms
Input: 1102500,
Cold Start: false
Unique ID: ea158544-27e6-4862-b086-a31938742ce9,
Billed Duration for Request ea158544-27e6-4862-b086-a31938742ce9: 92 ms
Input: 1102500,
Cold Start: false
Unique ID: 0d420795-b8d5-4dc7-90f1-397a7978a472,
Billed Duration for Request 0d420795-b8d5-4dc7-90f1-397a7978a472: 94 ms
Input: 1102500,
Cold Start: false
Unique ID: 68b64074-8be4-49d5-9bd9-9438d27f3771,
Billed Duration for Request 68b64074-8be4-49d5-9bd9-9438d27f3771: 145 ms
Input: 1102500,
Cold Start: false
Unique ID: b9be14aa-9686-4619-98ca-3238320439e5,
Billed Duration for Request b9be14aa-9686-4619-98ca-3238320439e5: 94 ms
Input: 1102500,
Cold Start: false
Unique ID: e11e30dd-e4a1-40d6-85d5-6a877dbce770,
Billed Duration for Request e11e30dd-e4a1-40d6-85d5-6a877dbce770: 139 ms
Input: 1102500,
Cold Start: false
Unique ID: 17699108-7cfb-4843-b665-b0be7a3b9406,
Billed Duration for Request 17699108-7cfb-4843-b665-b0be7a3b9406: 164 ms
Input: 1102500,
Cold Start: false
Unique ID: 9659331b-fb97-458e-bd72-5ccfb3f4006d,
Billed Duration for Request 9659331b-fb97-458e-bd72-5ccfb3f4006d: 156 ms
Input: 1102500,
Cold Start: false
Unique ID: 36616a42-26c6-41db-86ea-a9aacb48216a,
Billed Duration for Request 36616a42-26c6-41db-86ea-a9aacb48216a: 123 ms
Input: 1102500,
Cold Start: false
Unique ID: b1f90ed0-f176-4c6f-afc5-93f6bee2e225,
Billed Duration for Request b1f90ed0-f176-4c6f-afc5-93f6bee2e225: 93 ms
Input: 1102500,
Cold Start: false
Unique ID: d50f72fc-6e43-4300-9cfe-eeb32264cd34,
Billed Duration for Request d50f72fc-6e43-4300-9cfe-eeb32264cd34: 101 ms
Input: 1102500,
Cold Start: false
Unique ID: 62be1398-6f64-4558-8bfa-85eb26f83691,
Billed Duration for Request 62be1398-6f64-4558-8bfa-85eb26f83691: 148 ms
Input: 1102500,
Cold Start: false
Unique ID: ebecfaf0-d9f0-4b01-ac94-64878ea230a5,
Billed Duration for Request ebecfaf0-d9f0-4b01-ac94-64878ea230a5: 159 ms
Input: 1102500,
Cold Start: false
Unique ID: 40d0d6ca-7550-4d83-93fb-50e3d40560dd,
Billed Duration for Request 40d0d6ca-7550-4d83-93fb-50e3d40560dd: 122 ms
Input: 1102500,
Cold Start: false
Unique ID: d4dd00b2-eff9-4e4e-81da-1eb3f1450e2f,
Billed Duration for Request d4dd00b2-eff9-4e4e-81da-1eb3f1450e2f: 119 ms
Input: 1102500,
Cold Start: false
Unique ID: cfc18ae7-63b3-484c-8ace-6ca02ad0d8aa,
Billed Duration for Request cfc18ae7-63b3-484c-8ace-6ca02ad0d8aa: 118 ms
Input: 1102500,
Cold Start: false
Unique ID: eb3f37f8-116a-4b27-b513-1dafe3fedf69,
Billed Duration for Request eb3f37f8-116a-4b27-b513-1dafe3fedf69: 107 ms
Input: 1102500,
Cold Start: false
Unique ID: 309f7f66-16b4-4f76-9929-8d759f485073,
Billed Duration for Request 309f7f66-16b4-4f76-9929-8d759f485073: 143 ms
Input: 1102500,
Cold Start: false
Unique ID: f0786acb-d8e3-4c0c-be25-bb2577e5fb67,
Billed Duration for Request f0786acb-d8e3-4c0c-be25-bb2577e5fb67: 123 ms
Input: 1102500,
Cold Start: false
Unique ID: edec8d17-703e-4b7e-8e83-9f8676cf9d80,
Billed Duration for Request edec8d17-703e-4b7e-8e83-9f8676cf9d80: 124 ms
Input: 1102500,
Cold Start: false
Unique ID: 53e67423-b948-4b84-9c39-8937b7910141,
Billed Duration for Request 53e67423-b948-4b84-9c39-8937b7910141: 102 ms
Input: 1102500,
Cold Start: false
Unique ID: 970506f5-6456-4566-a0ba-c5f73c022662,
Billed Duration for Request 970506f5-6456-4566-a0ba-c5f73c022662: 119 ms
Input: 1102500,
Cold Start: false
Unique ID: 36a3cb7f-2a30-441c-a01b-0286c4bbe9f9,
Billed Duration for Request 36a3cb7f-2a30-441c-a01b-0286c4bbe9f9: 162 ms
Input: 1102500,
Cold Start: false
Unique ID: 56d9a65e-cf3c-49f1-b34d-b445ca321e89,
Billed Duration for Request 56d9a65e-cf3c-49f1-b34d-b445ca321e89: 129 ms
Input: 1102500,
Cold Start: false
Unique ID: 0d01ec77-815e-41e9-82df-1891c4bac279,
Billed Duration for Request 0d01ec77-815e-41e9-82df-1891c4bac279: 93 ms
Input: 1102500,
Cold Start: false
Unique ID: 481103de-7ef6-48b7-a7d8-493db43429b8,
Billed Duration for Request 481103de-7ef6-48b7-a7d8-493db43429b8: 101 ms
Input: 1102500,
Cold Start: false
Unique ID: ab5d1db4-2d04-4af6-b9e3-1a348a8754c7,
Billed Duration for Request ab5d1db4-2d04-4af6-b9e3-1a348a8754c7: 126 ms
Input: 1102500,
Cold Start: false
Unique ID: 214190d3-63e3-4511-8ece-8728bf9368da,
Billed Duration for Request 214190d3-63e3-4511-8ece-8728bf9368da: 121 ms
Input: 1102500,
Cold Start: false
Unique ID: 62d2f9d0-e930-4fb3-a92a-102d8ed85732,
Billed Duration for Request 62d2f9d0-e930-4fb3-a92a-102d8ed85732: 167 ms
Input: 1102500,
Cold Start: false
Unique ID: e94c6fdf-ca20-417c-9712-580d1c3178f4,
Billed Duration for Request e94c6fdf-ca20-417c-9712-580d1c3178f4: 92 ms
Input: 1102500,
Cold Start: false
Unique ID: 289d0fed-97b1-4294-bda5-b9571996a884,
Billed Duration for Request 289d0fed-97b1-4294-bda5-b9571996a884: 128 ms
Input: 1102500,
Cold Start: false
Unique ID: e2793538-d639-4495-acbd-d5b9e9a192de,
Billed Duration for Request e2793538-d639-4495-acbd-d5b9e9a192de: 160 ms
Input: 1102500,
Cold Start: false
Unique ID: 2609e557-8ecd-4dff-a637-8beb80ef5408,
Billed Duration for Request 2609e557-8ecd-4dff-a637-8beb80ef5408: 123 ms
Input: 1102500,
Cold Start: false
Unique ID: 702d12a0-3211-48ba-ae2e-c56fa764edd7,
Billed Duration for Request 702d12a0-3211-48ba-ae2e-c56fa764edd7: 172 ms
Input: 1102500,
Cold Start: false
Unique ID: 4bac0834-6c88-4119-a74b-980b116cb29c,
Billed Duration for Request 4bac0834-6c88-4119-a74b-980b116cb29c: 104 ms
Input: 1102500,
Cold Start: false
Unique ID: 1d2d96ec-3dd6-4879-adb3-19fd585a9a6f,
Billed Duration for Request 1d2d96ec-3dd6-4879-adb3-19fd585a9a6f: 136 ms
Input: 1102500,
Cold Start: false
Unique ID: 3a7c732d-03fe-4de9-a731-42af846dfdc1,
Billed Duration for Request 3a7c732d-03fe-4de9-a731-42af846dfdc1: 90 ms
Input: 1102500,
Cold Start: false
Unique ID: 25d62790-b756-4901-bf34-e7d463fe2140,
Billed Duration for Request 25d62790-b756-4901-bf34-e7d463fe2140: 121 ms
Input: 1102500,
Cold Start: false
Unique ID: c6ec8696-c85a-4773-b7f9-c2ec1e324e81,
Billed Duration for Request c6ec8696-c85a-4773-b7f9-c2ec1e324e81: 108 ms
Input: 1102500,
Cold Start: false
Unique ID: 7882da18-3fd7-43c6-a13f-6fb865841d45,
Billed Duration for Request 7882da18-3fd7-43c6-a13f-6fb865841d45: 152 ms
Input: 1102500,
Cold Start: false
Unique ID: 17258ad2-a1e0-42b1-81d7-02f56d511e65,
Billed Duration for Request 17258ad2-a1e0-42b1-81d7-02f56d511e65: 104 ms
Input: 1102500,
Cold Start: false
Unique ID: cb11cdb6-5895-449c-9907-7f04fd735886,
Billed Duration for Request cb11cdb6-5895-449c-9907-7f04fd735886: 127 ms
Input: 1102500,
Cold Start: false
Unique ID: 926458bc-8e72-48ff-bd70-abc5fd225a9b,
Billed Duration for Request 926458bc-8e72-48ff-bd70-abc5fd225a9b: 121 ms
Input: 1102500,
Cold Start: false
Unique ID: 09597696-6565-475d-99aa-d914a2ac66c8,
Billed Duration for Request 09597696-6565-475d-99aa-d914a2ac66c8: 132 ms
Input: 1102500,
Cold Start: false
Unique ID: 37c0e093-9179-477f-8d39-10589a7385bf,
Billed Duration for Request 37c0e093-9179-477f-8d39-10589a7385bf: 115 ms
Input: 1102500,
Cold Start: false
Unique ID: f4e78a54-b3df-4e0a-a0e6-33cdbe56b7d6,
Billed Duration for Request f4e78a54-b3df-4e0a-a0e6-33cdbe56b7d6: 110 ms
Input: 1102500,
Cold Start: false
Unique ID: c7bbd541-e5bf-4054-97e9-68a8efa71965,
Billed Duration for Request c7bbd541-e5bf-4054-97e9-68a8efa71965: 120 ms
Input: 1102500,
Cold Start: false
Unique ID: ae692cb9-f2ca-4211-a4d8-690d6fa20ac2,
Billed Duration for Request ae692cb9-f2ca-4211-a4d8-690d6fa20ac2: 106 ms
Input: 1102500,
Cold Start: false
Unique ID: bcc620f9-5416-462b-bf01-bfb4e530d550,
Billed Duration for Request bcc620f9-5416-462b-bf01-bfb4e530d550: 101 ms
Input: 1102500,
Cold Start: false
Unique ID: 846bd2fb-e7df-4004-adaa-5fcd76722697,
Billed Duration for Request 846bd2fb-e7df-4004-adaa-5fcd76722697: 121 ms
Input: 1102500,
Cold Start: false
Unique ID: 1b75e4fc-b307-4420-ab9f-5f6f3d14bb2b,
Billed Duration for Request 1b75e4fc-b307-4420-ab9f-5f6f3d14bb2b: 87 ms
Input: 1102500,
Cold Start: false
Unique ID: f9b87416-3741-4997-8378-8e9f18c98b09,
Billed Duration for Request f9b87416-3741-4997-8378-8e9f18c98b09: 145 ms
Input: 1102500,
Cold Start: false
Unique ID: ac86ecae-5fb7-4b6a-81c6-1e4f84d42f98,
Billed Duration for Request ac86ecae-5fb7-4b6a-81c6-1e4f84d42f98: 133 ms
Input: 1102500,
Cold Start: false
Unique ID: ca6453b6-9800-49d7-9ffc-daaa5743ae30,
Billed Duration for Request ca6453b6-9800-49d7-9ffc-daaa5743ae30: 127 ms
Input: 1102500,
Cold Start: false
Unique ID: a6f752f2-3066-4d82-b555-37ee76a9b61d,
Billed Duration for Request a6f752f2-3066-4d82-b555-37ee76a9b61d: 154 ms
Input: 1102500,
Cold Start: false
Unique ID: ba2a0fb5-5c52-47ca-868b-43c7bef147db,
Billed Duration for Request ba2a0fb5-5c52-47ca-868b-43c7bef147db: 104 ms
Input: 1102500,
Cold Start: false
Unique ID: d72da5fd-4627-4528-b72a-0700d21f2100,
Billed Duration for Request d72da5fd-4627-4528-b72a-0700d21f2100: 120 ms
Input: 1102500,
Cold Start: false
Unique ID: 31ab3142-0cda-4386-86b6-3ed2c575d176,
Billed Duration for Request 31ab3142-0cda-4386-86b6-3ed2c575d176: 111 ms
Input: 1102500,
Cold Start: false
Unique ID: 244aa4cc-c593-4be6-b1af-1578bd77f2fe,
Billed Duration for Request 244aa4cc-c593-4be6-b1af-1578bd77f2fe: 143 ms
Input: 1102500,
Cold Start: false
Unique ID: 25d25e42-7ea6-4b19-9b86-5b675c063068,
Billed Duration for Request 25d25e42-7ea6-4b19-9b86-5b675c063068: 112 ms
Input: 1102500,
Cold Start: false
Unique ID: 5a056efa-2f59-4b27-96f5-7a4c8ed73e83,
Billed Duration for Request 5a056efa-2f59-4b27-96f5-7a4c8ed73e83: 90 ms
Input: 1102500,
Cold Start: false
Unique ID: 1237a6c3-953d-4f28-b005-966246d87c84,
Billed Duration for Request 1237a6c3-953d-4f28-b005-966246d87c84: 149 ms
Input: 1102500,
Cold Start: false
Unique ID: 83f0619d-986f-4646-88bd-6ef9102b1d4f,
Billed Duration for Request 83f0619d-986f-4646-88bd-6ef9102b1d4f: 129 ms
Input: 1102500,
Cold Start: false
Unique ID: 716b1c9c-848e-4cf9-982a-2a91b41f7eb6,
Billed Duration for Request 716b1c9c-848e-4cf9-982a-2a91b41f7eb6: 147 ms
Input: 1102500,
Cold Start: false
Unique ID: b64886c8-59ff-441c-bf3a-6737ce4a65f2,
Billed Duration for Request b64886c8-59ff-441c-bf3a-6737ce4a65f2: 137 ms
Input: 1102500,
Cold Start: false
Unique ID: 28d9d075-928a-4989-bba5-4543d7ce747b,
Billed Duration for Request 28d9d075-928a-4989-bba5-4543d7ce747b: 109 ms
Input: 1102500,
Cold Start: false
Unique ID: c3d1c42b-8a60-40b6-82c8-628b85bcfef6,
Billed Duration for Request c3d1c42b-8a60-40b6-82c8-628b85bcfef6: 114 ms
Input: 1102500,
Cold Start: false
Unique ID: 3e0ea8ff-1380-4137-a80b-dece64be0a44,
Billed Duration for Request 3e0ea8ff-1380-4137-a80b-dece64be0a44: 91 ms
Input: 1102500,
Cold Start: false
Unique ID: 251de758-6b7e-4e89-9bdc-5d3260fc4a6d,
Billed Duration for Request 251de758-6b7e-4e89-9bdc-5d3260fc4a6d: 128 ms
Input: 1102500,
Cold Start: false
Unique ID: b74e07ce-db5c-4acf-97c5-9ff9cb9c8955,
Billed Duration for Request b74e07ce-db5c-4acf-97c5-9ff9cb9c8955: 94 ms
Input: 1102500,
Cold Start: false
Unique ID: 5b5c7324-9f9d-4d26-a001-6e39988c2d7d,
Billed Duration for Request 5b5c7324-9f9d-4d26-a001-6e39988c2d7d: 163 ms
Input: 1102500,
Cold Start: false
Unique ID: f6c8555a-ff1a-4e74-a8bb-9ca2de08989c,
Billed Duration for Request f6c8555a-ff1a-4e74-a8bb-9ca2de08989c: 128 ms
Input: 1102500,
Cold Start: false
Unique ID: 2c2c605a-ce68-40ab-8ec2-096d46c4379b,
Billed Duration for Request 2c2c605a-ce68-40ab-8ec2-096d46c4379b: 99 ms
Input: 1102500,
Cold Start: false
Unique ID: 39269373-3da5-47d6-9e36-60383dfcf3c3,
Billed Duration for Request 39269373-3da5-47d6-9e36-60383dfcf3c3: 88 ms
Input: 1102500,
Cold Start: false
Unique ID: 9b4f5410-e1cf-46b0-81c1-d0d8bde57848,
Billed Duration for Request 9b4f5410-e1cf-46b0-81c1-d0d8bde57848: 107 ms
Input: 1102500,
Cold Start: false
Unique ID: 5cc9bf2d-ca69-4af8-a3c6-78df2b7fa444,
Billed Duration for Request 5cc9bf2d-ca69-4af8-a3c6-78df2b7fa444: 123 ms
Input: 1102500,
Cold Start: false
Unique ID: 9a2f339a-0f20-4922-a2d7-f1b16eac2b57,
Billed Duration for Request 9a2f339a-0f20-4922-a2d7-f1b16eac2b57: 143 ms
Input: 1102500,
Cold Start: false
Unique ID: 89d76dc1-d5ac-463d-b8b1-32087feec59d,
Billed Duration for Request 89d76dc1-d5ac-463d-b8b1-32087feec59d: 145 ms
Input: 1102500,
Cold Start: false
Unique ID: e0e622a8-7c79-42b5-a848-477ae61aca36,
Billed Duration for Request e0e622a8-7c79-42b5-a848-477ae61aca36: 121 ms
Input: 1102500,
Cold Start: false
Unique ID: 3b961b66-9672-48c5-b1f2-4f5da48bba6e,
Billed Duration for Request 3b961b66-9672-48c5-b1f2-4f5da48bba6e: 113 ms
Input: 1102500,
Cold Start: false
Unique ID: 240c528a-74d3-46b7-8ce2-6a9661b53eff,
Billed Duration for Request 240c528a-74d3-46b7-8ce2-6a9661b53eff: 97 ms
Input: 1102500,
Cold Start: false
Unique ID: 3709b431-3ca0-4f26-bbfc-dfcfcde93cb2,
Billed Duration for Request 3709b431-3ca0-4f26-bbfc-dfcfcde93cb2: 126 ms
Input: 1102500,
Cold Start: false
Unique ID: a3369287-80af-4b22-b457-aed2f355dcfd,
Billed Duration for Request a3369287-80af-4b22-b457-aed2f355dcfd: 127 ms
Input: 1102500,
Cold Start: false
Unique ID: a772a324-9e8c-4b9f-87d6-8d49757efac7,
Billed Duration for Request a772a324-9e8c-4b9f-87d6-8d49757efac7: 127 ms
Input: 1102500,
Cold Start: false
Unique ID: 409e2d3d-0733-4b74-af00-a79a57e5bcc3,
Billed Duration for Request 409e2d3d-0733-4b74-af00-a79a57e5bcc3: 87 ms
Input: 1102500,
Cold Start: false
Unique ID: ec3560c5-fdf7-4c7e-b029-346ec687de54,
Billed Duration for Request ec3560c5-fdf7-4c7e-b029-346ec687de54: 121 ms
Input: 1102500,
Cold Start: false
Unique ID: 1fee2ce6-fe95-48d4-b796-6c7ce460e4f3,
Billed Duration for Request 1fee2ce6-fe95-48d4-b796-6c7ce460e4f3: 151 ms
Input: 1102500,
Cold Start: false
Unique ID: 98499841-8a55-4f2e-904d-8d44a6c8fd2f,
Billed Duration for Request 98499841-8a55-4f2e-904d-8d44a6c8fd2f: 91 ms
Input: 1102500,
Cold Start: false
Unique ID: 85792d2a-e024-429c-801d-6dd732f3d3ac,
Billed Duration for Request 85792d2a-e024-429c-801d-6dd732f3d3ac: 164 ms
Input: 1102500,
Cold Start: false
Unique ID: 65903f0c-2320-4e0e-b3fb-d96396a16635,
Billed Duration for Request 65903f0c-2320-4e0e-b3fb-d96396a16635: 104 ms
Input: 1102500,
Cold Start: false
Unique ID: 48ba351a-2e96-47cf-aa2d-839b5546bc87,
Billed Duration for Request 48ba351a-2e96-47cf-aa2d-839b5546bc87: 89 ms
Input: 1102500,
Cold Start: false
Unique ID: 22d46158-84bd-4991-8c10-620c606d7795,
Billed Duration for Request 22d46158-84bd-4991-8c10-620c606d7795: 165 ms
Input: 1102500,
Cold Start: false
Unique ID: f4f27f8c-f2d8-442b-9a90-42dfb41dd3da,
Billed Duration for Request f4f27f8c-f2d8-442b-9a90-42dfb41dd3da: 119 ms
Input: 1102500,
Cold Start: false
Unique ID: f2049230-27bc-452b-9a15-4c4244611ca7,
Billed Duration for Request f2049230-27bc-452b-9a15-4c4244611ca7: 163 ms
Input: 1102500,
Cold Start: false
Unique ID: d05356ca-278c-4c12-b7be-aed2b8d9e738,
Billed Duration for Request d05356ca-278c-4c12-b7be-aed2b8d9e738: 150 ms
Input: 1102500,
Cold Start: false
Unique ID: ca66cb69-8a8a-4834-9235-d766b1f8abfb,
Billed Duration for Request ca66cb69-8a8a-4834-9235-d766b1f8abfb: 119 ms
Input: 1102500,
Cold Start: false
Unique ID: a6a43966-c504-40eb-a838-988479fe828c,
Billed Duration for Request a6a43966-c504-40eb-a838-988479fe828c: 103 ms
Input: 1102500,
Cold Start: false
Unique ID: 99c8c623-077a-4189-9868-4731c8d24a64,
Billed Duration for Request 99c8c623-077a-4189-9868-4731c8d24a64: 179 ms
Input: 1102500,
Cold Start: false
Unique ID: 909c33bf-8780-4635-9aa7-2a014259539b,
Billed Duration for Request 909c33bf-8780-4635-9aa7-2a014259539b: 86 ms
Input: 1102500,
Cold Start: false
Unique ID: 897df161-a705-4741-ab3f-c7c810aa7656,
Billed Duration for Request 897df161-a705-4741-ab3f-c7c810aa7656: 87 ms
Input: 1102500,
Cold Start: false
Unique ID: 299ae5b5-b1af-4b36-aac9-159ba01231c7,
Billed Duration for Request 299ae5b5-b1af-4b36-aac9-159ba01231c7: 164 ms
Input: 1102500,
Cold Start: false
Unique ID: b56eee23-e7c7-4628-a2fd-0eafe302f1fd,
Billed Duration for Request b56eee23-e7c7-4628-a2fd-0eafe302f1fd: 114 ms
Input: 1102500,
Cold Start: false
Unique ID: 35e759dc-abe5-42d0-927a-0a7fc50fb3c5,
Billed Duration for Request 35e759dc-abe5-42d0-927a-0a7fc50fb3c5: 108 ms
Input: 1102500,
Cold Start: false
Unique ID: 1826448b-ae29-44ef-9595-6c5a39449ca9,
Billed Duration for Request 1826448b-ae29-44ef-9595-6c5a39449ca9: 153 ms
Input: 1102500,
Cold Start: false
Unique ID: 197df493-e598-492d-878f-b3f6ecf37b99,
Billed Duration for Request 197df493-e598-492d-878f-b3f6ecf37b99: 90 ms
Input: 1102500,
Cold Start: false
Unique ID: 9145058c-afdd-4daa-a200-6a1f20951163,
Billed Duration for Request 9145058c-afdd-4daa-a200-6a1f20951163: 103 ms
Input: 1102500,
Cold Start: false
Unique ID: 5344151b-16a5-4c10-abb8-1720e656a5da,
Billed Duration for Request 5344151b-16a5-4c10-abb8-1720e656a5da: 169 ms
Input: 1102500,
Cold Start: false
Unique ID: abfdfc3e-f2f8-4f93-b2de-fd23a58f6b2a,
Billed Duration for Request abfdfc3e-f2f8-4f93-b2de-fd23a58f6b2a: 130 ms
Input: 1102500,
Cold Start: false
Unique ID: 5e1f798c-05a2-4d6a-85af-bc8aa067e387,
Billed Duration for Request 5e1f798c-05a2-4d6a-85af-bc8aa067e387: 106 ms
Input: 1102500,
Cold Start: false
Unique ID: 0637b871-e681-4148-8816-ae28d8601efb,
Billed Duration for Request 0637b871-e681-4148-8816-ae28d8601efb: 154 ms
Input: 1102500,
Cold Start: false
Unique ID: e688e82b-98d2-466b-96a9-845c13f88641,
Billed Duration for Request e688e82b-98d2-466b-96a9-845c13f88641: 142 ms
Input: 1102500,
Cold Start: false
Unique ID: ff13840e-ed5d-41bd-bb6f-2dd7b686f132,
Billed Duration for Request ff13840e-ed5d-41bd-bb6f-2dd7b686f132: 99 ms
Input: 1102500,
Cold Start: false
Unique ID: 6392542e-9388-49b1-b34a-4b8ab5e916b6,
Billed Duration for Request 6392542e-9388-49b1-b34a-4b8ab5e916b6: 125 ms
Input: 1102500,
Cold Start: false
Unique ID: 09addc82-2031-4283-a6f6-dfbd795733ca,
Billed Duration for Request 09addc82-2031-4283-a6f6-dfbd795733ca: 164 ms
Input: 1102500,
Cold Start: false
Unique ID: 8d9c794b-e8b2-4885-8c95-ce30f305130f,
Billed Duration for Request 8d9c794b-e8b2-4885-8c95-ce30f305130f: 116 ms
Input: 1102500,
Cold Start: false
Unique ID: 5d84c572-e8d7-48c5-a491-1ac6cc3f6bc2,
Billed Duration for Request 5d84c572-e8d7-48c5-a491-1ac6cc3f6bc2: 124 ms
Input: 1102500,
Cold Start: false
Unique ID: 5959c521-92fa-49fc-bab5-041341476523,
Billed Duration for Request 5959c521-92fa-49fc-bab5-041341476523: 110 ms
Input: 1102500,
Cold Start: false
Unique ID: 26531969-6d75-4909-8bb6-81ff14a2fec9,
Billed Duration for Request 26531969-6d75-4909-8bb6-81ff14a2fec9: 142 ms
Input: 1102500,
Cold Start: false
Unique ID: 71fcb8ea-c7d1-4b2b-aabe-e8d6b7163a46,
Billed Duration for Request 71fcb8ea-c7d1-4b2b-aabe-e8d6b7163a46: 90 ms
Input: 1102500,
Cold Start: false
Unique ID: a0519956-ee4e-46ac-9c29-ef4882ec31ba,
Billed Duration for Request a0519956-ee4e-46ac-9c29-ef4882ec31ba: 150 ms
Input: 1102500,
Cold Start: false
Unique ID: 4280291a-a907-4634-9d74-7378db6c888c,
Billed Duration for Request 4280291a-a907-4634-9d74-7378db6c888c: 110 ms
Input: 1102500,
Cold Start: false
Unique ID: 9c7bb0cc-0181-431f-9f8f-a386520b5096,
Billed Duration for Request 9c7bb0cc-0181-431f-9f8f-a386520b5096: 126 ms
Input: 1102500,
Cold Start: false
Unique ID: 476d23e3-c188-4816-b3a7-f27fb054c1bd,
Billed Duration for Request 476d23e3-c188-4816-b3a7-f27fb054c1bd: 109 ms
Input: 1102500,
Cold Start: false
Unique ID: 6b974df6-9072-4b49-bbdb-9b338076fcc8,
Billed Duration for Request 6b974df6-9072-4b49-bbdb-9b338076fcc8: 185 ms
Input: 1102500,
Cold Start: false
Unique ID: dedf904a-9181-46ff-829e-acf7da43be16,
Billed Duration for Request dedf904a-9181-46ff-829e-acf7da43be16: 110 ms
Input: 1102500,
Cold Start: false
Unique ID: d2fe0df5-f860-4ebb-8065-6c4732204670,
Billed Duration for Request d2fe0df5-f860-4ebb-8065-6c4732204670: 124 ms
Input: 1102500,
Cold Start: false
Unique ID: aac58eb4-1505-4c02-bfe4-d2833d2b62cd,
Billed Duration for Request aac58eb4-1505-4c02-bfe4-d2833d2b62cd: 88 ms
Input: 1102500,
Cold Start: false
Unique ID: 7b589417-2d13-4de7-986b-3e05d5ac2934,
Billed Duration for Request 7b589417-2d13-4de7-986b-3e05d5ac2934: 118 ms
Input: 1102500,
Cold Start: false
Unique ID: 37041c6d-9b2b-4db5-86c1-8b5effe73454,
Billed Duration for Request 37041c6d-9b2b-4db5-86c1-8b5effe73454: 146 ms
Input: 1102500,
Cold Start: false
Unique ID: 95b9d6c4-3023-41c0-94ec-4a40a6db9653,
Billed Duration for Request 95b9d6c4-3023-41c0-94ec-4a40a6db9653: 90 ms
Input: 1102500,
Cold Start: false
Unique ID: ec0a5259-79b8-496d-9bb2-4f2898ff618b,
Billed Duration for Request ec0a5259-79b8-496d-9bb2-4f2898ff618b: 162 ms
Input: 1102500,
Cold Start: false
Unique ID: 6ba534c5-7b5a-49cd-92d3-7e036144b260,
Billed Duration for Request 6ba534c5-7b5a-49cd-92d3-7e036144b260: 149 ms
Input: 1102500,
Cold Start: false
Unique ID: a57c92b4-8163-4e1e-abd8-7dfc533c13d2,
Billed Duration for Request a57c92b4-8163-4e1e-abd8-7dfc533c13d2: 138 ms
Input: 1102500,
Cold Start: false
Unique ID: 74e08052-7e86-4137-987d-add4d137575b,
Billed Duration for Request 74e08052-7e86-4137-987d-add4d137575b: 141 ms
Input: 1102500,
Cold Start: false
Unique ID: 207c7526-40a0-42a1-a965-45c64cec69ce,
Billed Duration for Request 207c7526-40a0-42a1-a965-45c64cec69ce: 126 ms
Input: 1102500,
Cold Start: false
Unique ID: a8828b56-835f-46fd-b1e7-4192e320cd33,
Billed Duration for Request a8828b56-835f-46fd-b1e7-4192e320cd33: 125 ms
Input: 1102500,
Cold Start: false
Unique ID: 6f99956c-00f5-4d14-bc5c-386d7c3d39fa,
Billed Duration for Request 6f99956c-00f5-4d14-bc5c-386d7c3d39fa: 128 ms
Input: 1102500,
Cold Start: false
Unique ID: ca9bc3d4-ed53-4fee-9e0e-1387c12c32c4,
Billed Duration for Request ca9bc3d4-ed53-4fee-9e0e-1387c12c32c4: 135 ms
Input: 1102500,
Cold Start: false
Unique ID: 6ba57580-4505-4957-bca5-90e7882ade04,
Billed Duration for Request 6ba57580-4505-4957-bca5-90e7882ade04: 125 ms
Input: 1102500,
Cold Start: false
Unique ID: eb7b2ea0-cd45-4e1a-a6cf-88ade89dfa5a,
Billed Duration for Request eb7b2ea0-cd45-4e1a-a6cf-88ade89dfa5a: 131 ms
Input: 1102500,
Cold Start: false
Unique ID: fa040b82-166f-4415-a1a7-a576cbbe7eb7,
Billed Duration for Request fa040b82-166f-4415-a1a7-a576cbbe7eb7: 117 ms
Input: 1102500,
Cold Start: false
Unique ID: a51f4936-d75f-4ba5-b8a4-91670a4ea385,
Billed Duration for Request a51f4936-d75f-4ba5-b8a4-91670a4ea385: 91 ms
Input: 1102500,
Cold Start: false
Unique ID: 0d71ec58-40be-48ae-b9e4-6fa59b3cf83e,
Billed Duration for Request 0d71ec58-40be-48ae-b9e4-6fa59b3cf83e: 122 ms
Input: 1102500,
Cold Start: false
Unique ID: 6cece87d-9b73-4830-b295-5f2413a4bfe7,
Billed Duration for Request 6cece87d-9b73-4830-b295-5f2413a4bfe7: 123 ms
Input: 1102500,
Cold Start: false
Unique ID: 27efa509-948d-4093-a70a-77f06f7bffc7,
Billed Duration for Request 27efa509-948d-4093-a70a-77f06f7bffc7: 124 ms
Input: 1102500,
Cold Start: false
Unique ID: ccdb69da-4110-4c2c-be48-d01a15c2821e,
Billed Duration for Request ccdb69da-4110-4c2c-be48-d01a15c2821e: 96 ms
Input: 1102500,
Cold Start: false
Unique ID: 15345121-1b3b-4065-b4cd-52d009d6d73e,
Billed Duration for Request 15345121-1b3b-4065-b4cd-52d009d6d73e: 124 ms
Input: 1102500,
Cold Start: false
Unique ID: 49d9c746-3fc6-4062-bb6f-a5b771663cf2,
Billed Duration for Request 49d9c746-3fc6-4062-bb6f-a5b771663cf2: 93 ms
Input: 1102500,
Cold Start: false
Unique ID: 6c4bfdac-1b52-4c19-99ab-5b0aec5c482f,
Billed Duration for Request 6c4bfdac-1b52-4c19-99ab-5b0aec5c482f: 129 ms
Input: 1102500,
Cold Start: false
Unique ID: 61187083-88a7-460c-b3c5-2ed795aa0ad3,
Billed Duration for Request 61187083-88a7-460c-b3c5-2ed795aa0ad3: 132 ms
Input: 1102500,
Cold Start: false
Unique ID: e0e099c6-fc4d-4628-98b1-7c6f44ccff98,
Billed Duration for Request e0e099c6-fc4d-4628-98b1-7c6f44ccff98: 106 ms
Input: 1102500,
Cold Start: false
Unique ID: 54096d41-301f-494b-98de-53ef700fbc3a,
Billed Duration for Request 54096d41-301f-494b-98de-53ef700fbc3a: 90 ms
Input: 1102500,
Cold Start: false
Unique ID: 24284767-8c08-409d-a8aa-0a1615c0d75f,
Billed Duration for Request 24284767-8c08-409d-a8aa-0a1615c0d75f: 177 ms
Input: 1102500,
Cold Start: false
Unique ID: ceecabe4-ea65-4f34-91cd-806a07071cb0,
Billed Duration for Request ceecabe4-ea65-4f34-91cd-806a07071cb0: 148 ms
Input: 1102500,
Cold Start: false
Unique ID: 287518f9-50dd-47a1-b56b-1b07739e7171,
Billed Duration for Request 287518f9-50dd-47a1-b56b-1b07739e7171: 108 ms
Input: 1102500,
Cold Start: false
Unique ID: 467dc635-4033-4758-9b45-c45a39a5bc3f,
Billed Duration for Request 467dc635-4033-4758-9b45-c45a39a5bc3f: 119 ms
Input: 1102500,
Cold Start: false
Unique ID: 64acb53a-a786-457c-a67f-4b326adbcfd5,
Billed Duration for Request 64acb53a-a786-457c-a67f-4b326adbcfd5: 117 ms
Input: 1102500,
Cold Start: false
Unique ID: c35c01e8-bda9-4c1f-9f8d-679b12c5a4ab,
Billed Duration for Request c35c01e8-bda9-4c1f-9f8d-679b12c5a4ab: 102 ms
Input: 1102500,
Cold Start: false
Unique ID: 6717358a-a835-4c71-adf7-8243663c36a2,
Billed Duration for Request 6717358a-a835-4c71-adf7-8243663c36a2: 93 ms
Input: 1102500,
Cold Start: false
Unique ID: 7e344cf5-5824-419c-b4df-1bdb41b288bc,
Billed Duration for Request 7e344cf5-5824-419c-b4df-1bdb41b288bc: 163 ms
Input: 1102500,
Cold Start: false
Unique ID: ca3aafda-3ae1-419e-9cd4-8d1982a6d96e,
Billed Duration for Request ca3aafda-3ae1-419e-9cd4-8d1982a6d96e: 118 ms
Input: 1102500,
Cold Start: false
Unique ID: 92264eed-5ddc-48f9-afd0-3266cc48976a,
Billed Duration for Request 92264eed-5ddc-48f9-afd0-3266cc48976a: 179 ms
Input: 1102500,
Cold Start: false
Unique ID: 10a39b73-9c70-4d25-940a-7aacfbe4506d,
Billed Duration for Request 10a39b73-9c70-4d25-940a-7aacfbe4506d: 115 ms
Input: 1102500,
Cold Start: false
Unique ID: ac22b331-b14c-43c5-981b-7052a73fd05e,
Billed Duration for Request ac22b331-b14c-43c5-981b-7052a73fd05e: 99 ms
Input: 1102500,
Cold Start: false
Unique ID: 77855562-e5aa-429e-a73f-28d1e1b73fce,
Billed Duration for Request 77855562-e5aa-429e-a73f-28d1e1b73fce: 164 ms
Input: 1102500,
Cold Start: false
Unique ID: 0051e4a5-d0e7-4e0c-b4fa-f51c0c8a1f4c,
Billed Duration for Request 0051e4a5-d0e7-4e0c-b4fa-f51c0c8a1f4c: 110 ms
Input: 1102500,
Cold Start: false
Unique ID: cfb84fbd-655b-4772-977e-94eeb91fb3c6,
Billed Duration for Request cfb84fbd-655b-4772-977e-94eeb91fb3c6: 166 ms
Input: 1102500,
Cold Start: false
Unique ID: 3b2b6d95-c0f0-4450-87a4-52ce1800906b,
Billed Duration for Request 3b2b6d95-c0f0-4450-87a4-52ce1800906b: 122 ms
Input: 1102500,
Cold Start: false
Unique ID: ca28cb7e-2afe-498c-abf1-16382c2d0b56,
Billed Duration for Request ca28cb7e-2afe-498c-abf1-16382c2d0b56: 128 ms
Input: 1102500,
Cold Start: false
Unique ID: 8004ebfc-470b-4213-a582-5f9d2e2317b2,
Billed Duration for Request 8004ebfc-470b-4213-a582-5f9d2e2317b2: 96 ms
Input: 1102500,
Cold Start: false
Unique ID: 0aa6f9de-c08f-41e6-8f75-d6277c2741f9,
Billed Duration for Request 0aa6f9de-c08f-41e6-8f75-d6277c2741f9: 101 ms
Input: 1102500,
Cold Start: false
Unique ID: 1291021d-3ab7-4e6e-b0d7-45d81e345181,
Billed Duration for Request 1291021d-3ab7-4e6e-b0d7-45d81e345181: 115 ms
Input: 1102500,
Cold Start: false
Unique ID: 027b5177-5482-4a9a-81a2-70d6330f870f,
Billed Duration for Request 027b5177-5482-4a9a-81a2-70d6330f870f: 165 ms
Input: 1102500,
Cold Start: false
Unique ID: 2251645b-a975-4518-9ffe-ea818fddbc7b,
Billed Duration for Request 2251645b-a975-4518-9ffe-ea818fddbc7b: 142 ms
Input: 1102500,
Cold Start: false
Unique ID: 6e0ec0a0-f0e4-47b7-a8a9-3c8d2e320fe5,
Billed Duration for Request 6e0ec0a0-f0e4-47b7-a8a9-3c8d2e320fe5: 93 ms
Input: 1102500,
Cold Start: false
Unique ID: 594d0257-0080-4744-a025-2e10289b52ca,
Billed Duration for Request 594d0257-0080-4744-a025-2e10289b52ca: 124 ms
Input: 1102500,
Cold Start: false
Unique ID: cd2198d4-4009-4810-bb04-3256022277db,
Billed Duration for Request cd2198d4-4009-4810-bb04-3256022277db: 130 ms
Input: 1102500,
Cold Start: false
Unique ID: 0a78a093-ac5f-49c0-b0d8-82c859bd6a16,
Billed Duration for Request 0a78a093-ac5f-49c0-b0d8-82c859bd6a16: 134 ms
Input: 1102500,
Cold Start: false
Unique ID: 59e83188-4a45-4dc3-bc8f-92f79c80cde2,
Billed Duration for Request 59e83188-4a45-4dc3-bc8f-92f79c80cde2: 108 ms
Input: 1102500,
Cold Start: false
Unique ID: 703a79f9-24ea-4a04-857e-02c29d869ef4,
Billed Duration for Request 703a79f9-24ea-4a04-857e-02c29d869ef4: 85 ms
Input: 1102500,
Cold Start: false
Unique ID: dea9a53e-9037-4833-a65d-2cfe854abd2f,
Billed Duration for Request dea9a53e-9037-4833-a65d-2cfe854abd2f: 158 ms
Input: 1102500,
Cold Start: false
Unique ID: 9c84f9b4-778a-470b-a423-468f62a0ce46,
Billed Duration for Request 9c84f9b4-778a-470b-a423-468f62a0ce46: 133 ms
Input: 1102500,
Cold Start: false
Unique ID: b21183df-aaab-45cd-883c-dae1961307df,
Billed Duration for Request b21183df-aaab-45cd-883c-dae1961307df: 127 ms
Input: 1102500,
Cold Start: false
Unique ID: 58f6209f-f35a-4870-8818-a8935d4a8a3d,
Billed Duration for Request 58f6209f-f35a-4870-8818-a8935d4a8a3d: 162 ms
Input: 1102500,
Cold Start: false
Unique ID: 80841c2d-844e-438d-a19a-60e69c34e3fe,
Billed Duration for Request 80841c2d-844e-438d-a19a-60e69c34e3fe: 95 ms
Input: 1102500,
Cold Start: false
Unique ID: 1a030f32-afe3-45a0-8947-01c83464e28b,
Billed Duration for Request 1a030f32-afe3-45a0-8947-01c83464e28b: 143 ms
Input: 1102500,
Cold Start: false
Unique ID: 5baf8792-ec26-4681-b0b1-0cde3e191c4f,
Billed Duration for Request 5baf8792-ec26-4681-b0b1-0cde3e191c4f: 88 ms
Input: 1102500,
Cold Start: false
Unique ID: b42b962d-4b02-49c3-a60b-6a370f75ecd2,
Billed Duration for Request b42b962d-4b02-49c3-a60b-6a370f75ecd2: 118 ms
Input: 1102500,
Cold Start: false
Unique ID: d46677de-8362-47b6-9615-e41409bb76e7,
Billed Duration for Request d46677de-8362-47b6-9615-e41409bb76e7: 90 ms
Input: 1102500,
Cold Start: false
Unique ID: bf742887-6e49-4833-8110-45d2fb90727c,
Billed Duration for Request bf742887-6e49-4833-8110-45d2fb90727c: 85 ms
Input: 1102500,
Cold Start: false
Unique ID: 0dd49553-4a53-4ead-b79f-126b97b1dcd3,
Billed Duration for Request 0dd49553-4a53-4ead-b79f-126b97b1dcd3: 155 ms
Input: 1102500,
Cold Start: false
Unique ID: 1f3e8f12-8b70-4b99-bb28-eb452f934591,
Billed Duration for Request 1f3e8f12-8b70-4b99-bb28-eb452f934591: 170 ms
Input: 1102500,
Cold Start: false
Unique ID: 5aa2f822-2739-45e7-844e-e615d799c919,
Billed Duration for Request 5aa2f822-2739-45e7-844e-e615d799c919: 126 ms
Input: 1102500,
Cold Start: false
Unique ID: 82bb48b0-33ea-4284-85a6-b4dd72353b11,
Billed Duration for Request 82bb48b0-33ea-4284-85a6-b4dd72353b11: 148 ms
Input: 1102500,
Cold Start: false
Unique ID: 8ae099fe-fba5-479a-821f-4ccf1690271c,
Billed Duration for Request 8ae099fe-fba5-479a-821f-4ccf1690271c: 94 ms
Input: 1102500,
Cold Start: false
Unique ID: ec99ca3a-405e-40e6-ab51-7a2a08056edd,
Billed Duration for Request ec99ca3a-405e-40e6-ab51-7a2a08056edd: 146 ms
Input: 1102500,
Cold Start: false
Unique ID: 8d8414e4-6baf-46f2-96e6-9d7312878e7f,
Billed Duration for Request 8d8414e4-6baf-46f2-96e6-9d7312878e7f: 135 ms
Input: 1102500,
Cold Start: false
Unique ID: 725b7b33-80f7-4347-82ee-24fa1470f0ea,
Billed Duration for Request 725b7b33-80f7-4347-82ee-24fa1470f0ea: 95 ms
Input: 1102500,
Cold Start: false
Unique ID: 3e02448c-92f1-4103-b368-a57c833b65a6,
Billed Duration for Request 3e02448c-92f1-4103-b368-a57c833b65a6: 104 ms
Input: 1102500,
Cold Start: false
Unique ID: 87bda1ac-f2bf-4f82-9a0e-1337b14d278f,
Billed Duration for Request 87bda1ac-f2bf-4f82-9a0e-1337b14d278f: 87 ms
Input: 1102500,
Cold Start: false
Unique ID: 9c753857-c0bc-4f81-92c6-9ebcc685f4c0,
Billed Duration for Request 9c753857-c0bc-4f81-92c6-9ebcc685f4c0: 157 ms
Input: 1102500,
Cold Start: false
Unique ID: e5b7b50c-89f8-4a93-b2a5-85f751ba56ff,
Billed Duration for Request e5b7b50c-89f8-4a93-b2a5-85f751ba56ff: 132 ms
Input: 1102500,
Cold Start: false
Unique ID: 2758b9f8-1e64-4add-b3f0-c10b755bf468,
Billed Duration for Request 2758b9f8-1e64-4add-b3f0-c10b755bf468: 96 ms
Input: 1102500,
Cold Start: false
Unique ID: 25d62d36-d800-4bd4-a843-e9cb67b283e6,
Billed Duration for Request 25d62d36-d800-4bd4-a843-e9cb67b283e6: 146 ms
Input: 1102500,
Cold Start: false
Unique ID: 1e340355-c3a2-4b6e-a128-6ca621f343c8,
Billed Duration for Request 1e340355-c3a2-4b6e-a128-6ca621f343c8: 107 ms
Input: 1102500,
Cold Start: false
Unique ID: e8a1b61a-517e-4cb5-9f2b-d57255401981,
Billed Duration for Request e8a1b61a-517e-4cb5-9f2b-d57255401981: 160 ms
Input: 1102500,
Cold Start: false
Unique ID: 292df686-2626-4e13-a435-56d26d40f88a,
Billed Duration for Request 292df686-2626-4e13-a435-56d26d40f88a: 133 ms
Input: 1102500,
Cold Start: false
Unique ID: 7be0bc09-b5db-45f0-ad6d-19c67d8330c4,
Billed Duration for Request 7be0bc09-b5db-45f0-ad6d-19c67d8330c4: 153 ms
Input: 1102500,
Cold Start: false
Unique ID: ecb48b88-8a1b-43d6-9ead-1ed923396c9b,
Billed Duration for Request ecb48b88-8a1b-43d6-9ead-1ed923396c9b: 105 ms
Input: 1102500,
Cold Start: false
Unique ID: d4b4a170-0a3c-43a1-a9e7-f818ae2ac407,
Billed Duration for Request d4b4a170-0a3c-43a1-a9e7-f818ae2ac407: 135 ms
Input: 1102500,
Cold Start: false
Unique ID: dfd35747-ce03-45b0-b742-26e6abf73dfb,
Billed Duration for Request dfd35747-ce03-45b0-b742-26e6abf73dfb: 103 ms
Input: 1102500,
Cold Start: false
Unique ID: debf109c-2875-4571-9f5e-80b766b1366e,
Billed Duration for Request debf109c-2875-4571-9f5e-80b766b1366e: 131 ms
Input: 1102500,
Cold Start: false
Unique ID: 708a4c19-84f2-4c75-985f-70c5af57df94,
Billed Duration for Request 708a4c19-84f2-4c75-985f-70c5af57df94: 126 ms
Input: 1102500,
Cold Start: false
Unique ID: 8a6b787b-3e2a-4214-b8b7-ce2afab36318,
Billed Duration for Request 8a6b787b-3e2a-4214-b8b7-ce2afab36318: 124 ms
Input: 1102500,
Cold Start: false
Unique ID: 1982274e-84e4-4e67-8a2a-c26aea749886,
Billed Duration for Request 1982274e-84e4-4e67-8a2a-c26aea749886: 131 ms
Input: 1102500,
Cold Start: false
Unique ID: 3742acbd-f1c4-4901-9f55-f8f6d833927b,
Billed Duration for Request 3742acbd-f1c4-4901-9f55-f8f6d833927b: 117 ms
Input: 1102500,
Cold Start: false
Unique ID: 0ce36cfe-2560-4628-ac71-4881f13fd6c5,
Billed Duration for Request 0ce36cfe-2560-4628-ac71-4881f13fd6c5: 128 ms
Input: 1102500,
Cold Start: false
Unique ID: 99cf434d-b949-4108-bdb8-f2c94d93b355,
Billed Duration for Request 99cf434d-b949-4108-bdb8-f2c94d93b355: 119 ms
Input: 1102500,
Cold Start: false
Unique ID: 1fdf85b0-3b6f-403b-b318-0bb15ce9442e,
Billed Duration for Request 1fdf85b0-3b6f-403b-b318-0bb15ce9442e: 128 ms
Input: 1102500,
Cold Start: false
Unique ID: e0678c86-56da-4502-813a-ac8ca96ded1e,
Billed Duration for Request e0678c86-56da-4502-813a-ac8ca96ded1e: 114 ms
Input: 1102500,
Cold Start: false
Unique ID: db896d72-b8c8-4397-8e45-e3e4328c4157,
Billed Duration for Request db896d72-b8c8-4397-8e45-e3e4328c4157: 95 ms
Input: 1102500,
Cold Start: false
Unique ID: f569011d-0f71-443e-bb1b-6f9da35615d4,
Billed Duration for Request f569011d-0f71-443e-bb1b-6f9da35615d4: 141 ms
Input: 1102500,
Cold Start: false
Unique ID: 6cacc32b-746b-4cda-a4e9-72744d5feabf,
Billed Duration for Request 6cacc32b-746b-4cda-a4e9-72744d5feabf: 123 ms
Input: 1102500,
Cold Start: false
Unique ID: 2a43d7ed-0615-4d3b-b9fb-6cc28ef2d883,
Billed Duration for Request 2a43d7ed-0615-4d3b-b9fb-6cc28ef2d883: 157 ms
Input: 1102500,
Cold Start: false
Unique ID: 09b4e5c8-fc2b-4642-93ab-122a78e92275,
Billed Duration for Request 09b4e5c8-fc2b-4642-93ab-122a78e92275: 132 ms
Input: 1102500,
Cold Start: false
Unique ID: ab6be130-57b5-427c-8b46-1caa432ed5c1,
Billed Duration for Request ab6be130-57b5-427c-8b46-1caa432ed5c1: 105 ms
Input: 1102500,
Cold Start: false
Unique ID: 790e6b5c-13c1-42ae-874f-cd9e1d28b0e5,
Billed Duration for Request 790e6b5c-13c1-42ae-874f-cd9e1d28b0e5: 110 ms
Input: 1102500,
Cold Start: false
Unique ID: 28a929f5-2a01-4fc1-84e0-f30d24beaa0a,
Billed Duration for Request 28a929f5-2a01-4fc1-84e0-f30d24beaa0a: 118 ms
Input: 1102500,
Cold Start: false
Unique ID: 00998a55-dec7-4f08-afaa-eecb4f92bf32,
Billed Duration for Request 00998a55-dec7-4f08-afaa-eecb4f92bf32: 109 ms
Input: 1102500,
Cold Start: false
Unique ID: 6101f55b-d0b9-4055-ad7d-a0fbb511f377,
Billed Duration for Request 6101f55b-d0b9-4055-ad7d-a0fbb511f377: 140 ms
Input: 1102500,
Cold Start: false
Unique ID: 31e73fd6-38d6-4137-86b9-b765bc2b6a8b,
Billed Duration for Request 31e73fd6-38d6-4137-86b9-b765bc2b6a8b: 124 ms
Input: 1102500,
Cold Start: false
Unique ID: 5e83af4b-25d0-424c-ba88-4fe33b1d3da1,
Billed Duration for Request 5e83af4b-25d0-424c-ba88-4fe33b1d3da1: 103 ms
Input: 1102500,
Cold Start: false
Unique ID: c47bdc09-a8f5-4fa2-bf38-cd19945318a4,
Billed Duration for Request c47bdc09-a8f5-4fa2-bf38-cd19945318a4: 145 ms
Input: 1102500,
Cold Start: false
Unique ID: 8e17a169-dbb8-4d9b-8e8e-fed26ce07dd0,
Billed Duration for Request 8e17a169-dbb8-4d9b-8e8e-fed26ce07dd0: 113 ms
Input: 1102500,
Cold Start: false
Unique ID: af3f0400-db9b-425f-a13f-3aa7ad01ac36,
Billed Duration for Request af3f0400-db9b-425f-a13f-3aa7ad01ac36: 123 ms
Input: 1102500,
Cold Start: false
Unique ID: c01e74ce-66b4-44aa-89dd-08c600fdce1b,
Billed Duration for Request c01e74ce-66b4-44aa-89dd-08c600fdce1b: 174 ms
Input: 1102500,
Cold Start: false
Unique ID: 8a49d146-2d27-4909-ae77-480574709bf4,
Billed Duration for Request 8a49d146-2d27-4909-ae77-480574709bf4: 138 ms
Input: 1102500,
Cold Start: false
Unique ID: a362b84e-5394-48a8-900c-22ba21a62e1b,
Billed Duration for Request a362b84e-5394-48a8-900c-22ba21a62e1b: 112 ms
Input: 1102500,
Cold Start: false
Unique ID: 940d8374-1fde-4708-b999-8cf518666ac9,
Billed Duration for Request 940d8374-1fde-4708-b999-8cf518666ac9: 167 ms
Input: 1102500,
Cold Start: false
Unique ID: 5a7a192d-55d2-4af2-8447-48a72650054c,
Billed Duration for Request 5a7a192d-55d2-4af2-8447-48a72650054c: 138 ms
Input: 1102500,
Cold Start: false
Unique ID: 8064e3f9-641a-45aa-ada7-c2e103aeb570,
Billed Duration for Request 8064e3f9-641a-45aa-ada7-c2e103aeb570: 143 ms
Input: 1102500,
Cold Start: false
Unique ID: ea9dd00a-0dd9-4977-a51d-54a60729b5d9,
Billed Duration for Request ea9dd00a-0dd9-4977-a51d-54a60729b5d9: 113 ms
Input: 1102500,
Cold Start: false
Unique ID: cca9f93b-ddd6-4e0c-bf5c-9479c6127b4f,
Billed Duration for Request cca9f93b-ddd6-4e0c-bf5c-9479c6127b4f: 146 ms
Input: 1102500,
Cold Start: false
Unique ID: 01738dff-53b3-4ce2-834a-de038797dff4,
Billed Duration for Request 01738dff-53b3-4ce2-834a-de038797dff4: 108 ms
Input: 1102500,
Cold Start: false
Unique ID: 5cae5d73-1ba9-4cd5-af36-562b6a6e9d12,
Billed Duration for Request 5cae5d73-1ba9-4cd5-af36-562b6a6e9d12: 145 ms
Input: 1102500,
Cold Start: false
Unique ID: bf12cd2f-fa97-4702-8a39-d24cec55c1e9,
Billed Duration for Request bf12cd2f-fa97-4702-8a39-d24cec55c1e9: 127 ms
Input: 1102500,
Cold Start: false
Unique ID: 6ef11b5a-bda3-4f1d-abff-d8faea1649bb,
Billed Duration for Request 6ef11b5a-bda3-4f1d-abff-d8faea1649bb: 132 ms
Input: 1102500,
Cold Start: false
Unique ID: 3794154c-c82a-441c-8b86-a38c392effd0,
Billed Duration for Request 3794154c-c82a-441c-8b86-a38c392effd0: 111 ms
Input: 1102500,
Cold Start: false
Unique ID: aff72ff6-89ce-4b4c-bf31-02939ac03c15,
Billed Duration for Request aff72ff6-89ce-4b4c-bf31-02939ac03c15: 129 ms
Input: 1102500,
Cold Start: false
Unique ID: efb9bf46-f17b-4da9-ba85-b82314f3403c,
Billed Duration for Request efb9bf46-f17b-4da9-ba85-b82314f3403c: 95 ms
Input: 1102500,
Cold Start: false
Unique ID: f960b837-c9a4-4a70-aab9-a71ee78ac2c4,
Billed Duration for Request f960b837-c9a4-4a70-aab9-a71ee78ac2c4: 125 ms
Input: 1102500,
Cold Start: false
Unique ID: 1fb82584-d560-4299-b26a-0267f4f30af2,
Billed Duration for Request 1fb82584-d560-4299-b26a-0267f4f30af2: 132 ms
Input: 1102500,
Cold Start: false
Unique ID: 0fb76216-3fe3-4285-9054-daa01d0153dd,
Billed Duration for Request 0fb76216-3fe3-4285-9054-daa01d0153dd: 156 ms
Input: 1102500,
Cold Start: false
Unique ID: eecec9ea-a105-438f-8063-b042ab797ddd,
Billed Duration for Request eecec9ea-a105-438f-8063-b042ab797ddd: 150 ms
Input: 1102500,
Cold Start: false
Unique ID: 693d12b8-1f4a-4085-954c-1facda57a853,
Billed Duration for Request 693d12b8-1f4a-4085-954c-1facda57a853: 129 ms
Input: 1102500,
Cold Start: false
Unique ID: 3417a779-3238-40ba-aceb-3ea34483c0c8,
Billed Duration for Request 3417a779-3238-40ba-aceb-3ea34483c0c8: 127 ms
Input: 1102500,
Cold Start: false
Unique ID: 918727a7-cd9e-442f-af18-9edcadb462ca,
Billed Duration for Request 918727a7-cd9e-442f-af18-9edcadb462ca: 112 ms
Input: 1102500,
Cold Start: false
Unique ID: 35abf589-066d-4370-b0bd-e8011067708c,
Billed Duration for Request 35abf589-066d-4370-b0bd-e8011067708c: 120 ms
Input: 1102500,
Cold Start: false
Unique ID: 34819074-d9b0-4401-87ce-d360810b5e15,
Billed Duration for Request 34819074-d9b0-4401-87ce-d360810b5e15: 101 ms
Input: 1102500,
Cold Start: false
Unique ID: 11909fa8-32f3-41c0-91fd-16ec9c4d6e45,
Billed Duration for Request 11909fa8-32f3-41c0-91fd-16ec9c4d6e45: 129 ms
Input: 1102500,
Cold Start: false
Unique ID: ea69d52c-4512-4d24-af6e-a360ac5da0d6,
Billed Duration for Request ea69d52c-4512-4d24-af6e-a360ac5da0d6: 120 ms
Input: 1102500,
Cold Start: false
Unique ID: a0426a35-78ef-4185-8102-3f64958b1978,
Billed Duration for Request a0426a35-78ef-4185-8102-3f64958b1978: 122 ms
Input: 1102500,
Cold Start: false
Unique ID: 8fd5307e-314d-459f-8f7f-a15a27a81ed3,
Billed Duration for Request 8fd5307e-314d-459f-8f7f-a15a27a81ed3: 174 ms
Input: 1102500,
Cold Start: false
Unique ID: d165334f-fe46-49ac-9c1d-461575db67f3,
Billed Duration for Request d165334f-fe46-49ac-9c1d-461575db67f3: 130 ms
Input: 1102500,
Cold Start: false
Unique ID: 5e7fec4d-8a19-4e9f-967f-cf903307ab57,
Billed Duration for Request 5e7fec4d-8a19-4e9f-967f-cf903307ab57: 90 ms
Input: 1102500,
Cold Start: false
Unique ID: 9c010d99-1bf6-4fed-bc59-f9d06e391933,
Billed Duration for Request 9c010d99-1bf6-4fed-bc59-f9d06e391933: 142 ms
Input: 1102500,
Cold Start: false
Unique ID: 63180844-89e4-4e64-8421-2891f3d2d9e4,
Billed Duration for Request 63180844-89e4-4e64-8421-2891f3d2d9e4: 151 ms
Input: 1102500,
Cold Start: false
Unique ID: 9f020ede-a4a1-4aa4-85aa-83cd8ab9542e,
Billed Duration for Request 9f020ede-a4a1-4aa4-85aa-83cd8ab9542e: 141 ms
Input: 1102500,
Cold Start: false
Unique ID: 59ca0583-9e68-4fc3-9d0d-acc2e3affba6,
Billed Duration for Request 59ca0583-9e68-4fc3-9d0d-acc2e3affba6: 128 ms
Input: 1102500,
Cold Start: false
Unique ID: 70710303-2bbd-46fa-b5e9-268b3e0a06ee,
Billed Duration for Request 70710303-2bbd-46fa-b5e9-268b3e0a06ee: 95 ms
Input: 1102500,
Cold Start: false
Unique ID: 6eb1a36e-63ff-4293-aa04-37e8a48427a6,
Billed Duration for Request 6eb1a36e-63ff-4293-aa04-37e8a48427a6: 106 ms
Input: 1102500,
Cold Start: false
Unique ID: 725e6f1f-e2d1-4ee6-87b4-4f0f6118c65a,
Billed Duration for Request 725e6f1f-e2d1-4ee6-87b4-4f0f6118c65a: 102 ms
Input: 1102500,
Cold Start: false
Unique ID: c782529a-ca40-477c-b9b1-5eb4a7493f60,
Billed Duration for Request c782529a-ca40-477c-b9b1-5eb4a7493f60: 156 ms
Input: 1102500,
Cold Start: false
Unique ID: 4f9e4191-6c89-4196-b195-992a5cfa8905,
Billed Duration for Request 4f9e4191-6c89-4196-b195-992a5cfa8905: 148 ms
Input: 1102500,
Cold Start: false
Unique ID: 232a2d44-c63b-4ebf-a468-97fd087e11f0,
Billed Duration for Request 232a2d44-c63b-4ebf-a468-97fd087e11f0: 113 ms
Input: 1102500,
Cold Start: false
Unique ID: 00ecfcf2-033f-4178-a961-fd1bb3e87d80,
Billed Duration for Request 00ecfcf2-033f-4178-a961-fd1bb3e87d80: 124 ms
Input: 1102500,
Cold Start: false
Unique ID: c50ff561-6aeb-4289-85f3-9d104a2ebf99,
Billed Duration for Request c50ff561-6aeb-4289-85f3-9d104a2ebf99: 128 ms
Input: 1102500,
Cold Start: false
Unique ID: 3682918d-3b40-443e-b0df-04323afeb4d5,
Billed Duration for Request 3682918d-3b40-443e-b0df-04323afeb4d5: 154 ms
Input: 1102500,
Cold Start: false
Unique ID: 83578df7-fea4-4dc0-a863-a03024599040,
Billed Duration for Request 83578df7-fea4-4dc0-a863-a03024599040: 91 ms
Input: 1102500,
Cold Start: false
Unique ID: 46e868e8-530a-403f-b4f2-440496ca2192,
Billed Duration for Request 46e868e8-530a-403f-b4f2-440496ca2192: 151 ms
Input: 1102500,
Cold Start: false
Unique ID: d6f93c64-bb1a-495f-8b3e-5e416f35f293,
Billed Duration for Request d6f93c64-bb1a-495f-8b3e-5e416f35f293: 108 ms
Input: 1102500,
Cold Start: false
Unique ID: 648d315c-e37e-4799-86bf-da0290c1baac,
Billed Duration for Request 648d315c-e37e-4799-86bf-da0290c1baac: 114 ms
Input: 1102500,
Cold Start: false
Unique ID: f88a5d90-bf0a-42bf-b7ad-ee7436eb2933,
Billed Duration for Request f88a5d90-bf0a-42bf-b7ad-ee7436eb2933: 110 ms
Input: 1102500,
Cold Start: false
Unique ID: de8675a5-3e53-4a7c-9385-7d93a5a016ad,
Billed Duration for Request de8675a5-3e53-4a7c-9385-7d93a5a016ad: 180 ms
Input: 1102500,
Cold Start: false
Unique ID: 11105508-d047-4306-a1a8-abd1b078a662,
Billed Duration for Request 11105508-d047-4306-a1a8-abd1b078a662: 109 ms
Input: 1102500,
Cold Start: false
Unique ID: 57c0b835-c151-4696-9153-6e93c1a4e8c7,
Billed Duration for Request 57c0b835-c151-4696-9153-6e93c1a4e8c7: 121 ms
Input: 1102500,
Cold Start: false
Unique ID: 4345a14b-7342-4a34-9cf8-490da1b6e132,
Billed Duration for Request 4345a14b-7342-4a34-9cf8-490da1b6e132: 131 ms
Input: 1102500,
Cold Start: false
Unique ID: 3b445143-7ae8-4374-aae9-3ef70394e477,
Billed Duration for Request 3b445143-7ae8-4374-aae9-3ef70394e477: 121 ms
Input: 1102500,
Cold Start: false
Unique ID: 32ed7024-c783-45db-b0a1-d57292b0f4a4,
Billed Duration for Request 32ed7024-c783-45db-b0a1-d57292b0f4a4: 111 ms
Input: 1102500,
Cold Start: false
Unique ID: df648e5e-1ffc-42e5-8c38-0069d9d7e651,
Billed Duration for Request df648e5e-1ffc-42e5-8c38-0069d9d7e651: 156 ms
Input: 1102500,
Cold Start: false
Unique ID: ffa2aab7-e580-4392-826d-cf6c6ebf62c4,
Billed Duration for Request ffa2aab7-e580-4392-826d-cf6c6ebf62c4: 126 ms
Input: 1102500,
Cold Start: false
Unique ID: 75fb1c19-4eca-4e6c-90fa-0c3e2b7c76a7,
Billed Duration for Request 75fb1c19-4eca-4e6c-90fa-0c3e2b7c76a7: 128 ms
Input: 1102500,
Cold Start: false
Unique ID: 967f6976-9dd3-4722-96c0-496639b79985,
Billed Duration for Request 967f6976-9dd3-4722-96c0-496639b79985: 101 ms
Input: 1102500,
Cold Start: false
Unique ID: cc10fb1d-5f89-406b-a21d-ccae6b24e057,
Billed Duration for Request cc10fb1d-5f89-406b-a21d-ccae6b24e057: 90 ms
Input: 1102500,
Cold Start: false
Unique ID: 879c4b49-0cde-466d-bc82-b1a85a2e1a27,
Billed Duration for Request 879c4b49-0cde-466d-bc82-b1a85a2e1a27: 154 ms
Input: 1102500,
Cold Start: false
Unique ID: a76df7aa-3894-4c85-af35-e21941c95389,
Billed Duration for Request a76df7aa-3894-4c85-af35-e21941c95389: 137 ms
Input: 1102500,
Cold Start: false
Unique ID: 70ac0c87-ac27-4d59-8f95-ca8cb4fe2ef1,
Billed Duration for Request 70ac0c87-ac27-4d59-8f95-ca8cb4fe2ef1: 112 ms
Input: 1102500,
Cold Start: false
Unique ID: bc075ef8-91be-488e-8092-af16977612d3,
Billed Duration for Request bc075ef8-91be-488e-8092-af16977612d3: 120 ms
Input: 1102500,
Cold Start: false
Unique ID: b6baa0f4-d9b1-426b-be24-9056611b8655,
Billed Duration for Request b6baa0f4-d9b1-426b-be24-9056611b8655: 119 ms
Input: 1102500,
Cold Start: false
Unique ID: 58144b5d-f894-4838-81a3-8b7c1fddb71b,
Billed Duration for Request 58144b5d-f894-4838-81a3-8b7c1fddb71b: 112 ms
Input: 1102500,
Cold Start: false
Unique ID: d6a9b92a-dbc0-465e-9944-a887ecce8679,
Billed Duration for Request d6a9b92a-dbc0-465e-9944-a887ecce8679: 127 ms
Input: 1102500,
Cold Start: false
Unique ID: 32e40f35-24d7-4f7c-8ca7-4cf55ee1308f,
Billed Duration for Request 32e40f35-24d7-4f7c-8ca7-4cf55ee1308f: 93 ms
Input: 1102500,
Cold Start: false
Unique ID: e07b877e-afd2-4de0-a646-8076389fffdf,
Billed Duration for Request e07b877e-afd2-4de0-a646-8076389fffdf: 130 ms
Input: 1102500,
Cold Start: false
Unique ID: 11b99e75-7fe2-4bb6-b748-a4504efbe1d4,
Billed Duration for Request 11b99e75-7fe2-4bb6-b748-a4504efbe1d4: 111 ms
Input: 1102500,
Cold Start: false
Unique ID: 61919bfc-4994-4268-abd2-8ea6d405a88e,
Billed Duration for Request 61919bfc-4994-4268-abd2-8ea6d405a88e: 99 ms
Input: 1102500,
Cold Start: false
Unique ID: 772f9f76-80ad-4b41-9c11-ebc9a161b7b8,
Billed Duration for Request 772f9f76-80ad-4b41-9c11-ebc9a161b7b8: 154 ms
Input: 1102500,
Cold Start: false
Unique ID: 782739fe-594a-436f-a188-1b17d6d732f4,
Billed Duration for Request 782739fe-594a-436f-a188-1b17d6d732f4: 150 ms
Input: 1102500,
Cold Start: false
Unique ID: 750274ec-74bf-4649-a17a-d1cf100cb887,
Billed Duration for Request 750274ec-74bf-4649-a17a-d1cf100cb887: 123 ms
Input: 1102500,
Cold Start: false
Unique ID: 35016ea9-b736-4533-8e9f-24553262b1b1,
Billed Duration for Request 35016ea9-b736-4533-8e9f-24553262b1b1: 105 ms
Input: 1102500,
Cold Start: false
Unique ID: 4aac6864-1193-4b5b-b421-e42f296a4e6b,
Billed Duration for Request 4aac6864-1193-4b5b-b421-e42f296a4e6b: 123 ms
Input: 1102500,
Cold Start: false
Unique ID: 286c2e8d-4b92-4fcb-92ae-335b34a31c7c,
Billed Duration for Request 286c2e8d-4b92-4fcb-92ae-335b34a31c7c: 163 ms
Input: 1102500,
Cold Start: false
Unique ID: ae97e636-8818-44f9-b171-d801dd3cb24c,
Billed Duration for Request ae97e636-8818-44f9-b171-d801dd3cb24c: 126 ms
Input: 1102500,
Cold Start: false
Unique ID: 2c519989-6c1b-4fe0-a742-6732233b1c08,
Billed Duration for Request 2c519989-6c1b-4fe0-a742-6732233b1c08: 96 ms
Input: 1102500,
Cold Start: false
Unique ID: e71d5a24-1e2a-4527-ae6a-39d4b44f0365,
Billed Duration for Request e71d5a24-1e2a-4527-ae6a-39d4b44f0365: 107 ms
Input: 1102500,
Cold Start: false
Unique ID: 62b59c18-b422-4341-9fe6-a8a6e6bfe268,
Billed Duration for Request 62b59c18-b422-4341-9fe6-a8a6e6bfe268: 90 ms
Input: 1102500,
Cold Start: false
Unique ID: a27d50f0-8d71-4614-aaf3-997cf0b577fe,
Billed Duration for Request a27d50f0-8d71-4614-aaf3-997cf0b577fe: 161 ms
Input: 1102500,
Cold Start: false
Unique ID: 32704e58-9a75-4ae3-bbb9-6c5f06604e72,
Billed Duration for Request 32704e58-9a75-4ae3-bbb9-6c5f06604e72: 152 ms
Input: 1102500,
Cold Start: false
Unique ID: ac0de37f-957f-44da-a929-ef289d76435a,
Billed Duration for Request ac0de37f-957f-44da-a929-ef289d76435a: 119 ms
Input: 1102500,
Cold Start: false
Unique ID: 6de7b34c-32d4-42ae-8742-301c4b43695f,
Billed Duration for Request 6de7b34c-32d4-42ae-8742-301c4b43695f: 96 ms
Input: 1102500,
Cold Start: false
Unique ID: ab9deb1d-9c3d-439b-95fb-32474bb315f7,
Billed Duration for Request ab9deb1d-9c3d-439b-95fb-32474bb315f7: 132 ms
Input: 1102500,
Cold Start: false
Unique ID: ec9d5268-25d3-444e-bb77-f2b5b0f3a11b,
Billed Duration for Request ec9d5268-25d3-444e-bb77-f2b5b0f3a11b: 178 ms
Input: 1102500,
Cold Start: false
Unique ID: 6277cc7e-9ab3-435b-be58-f9290ef0c79b,
Billed Duration for Request 6277cc7e-9ab3-435b-be58-f9290ef0c79b: 133 ms
Input: 1102500,
Cold Start: false
Unique ID: 3a123e21-5da6-4634-99f7-c5e7f12483e8,
Billed Duration for Request 3a123e21-5da6-4634-99f7-c5e7f12483e8: 122 ms
Input: 1102500,
Cold Start: false
Unique ID: badeb1f1-2774-4f4c-9c4c-190bbb875f8d,
Billed Duration for Request badeb1f1-2774-4f4c-9c4c-190bbb875f8d: 129 ms
Input: 1102500,
Cold Start: false
Unique ID: c58e24a8-f974-4811-86c9-b186e2cd3ef2,
Billed Duration for Request c58e24a8-f974-4811-86c9-b186e2cd3ef2: 111 ms
Input: 1102500,
Cold Start: false
Unique ID: 6da280e8-0f86-4146-ae8c-c10a1fc6d568,
Billed Duration for Request 6da280e8-0f86-4146-ae8c-c10a1fc6d568: 142 ms
Input: 1102500,
Cold Start: false
Unique ID: 136d87fb-089b-41e8-be52-6c4b01d8d45d,
Billed Duration for Request 136d87fb-089b-41e8-be52-6c4b01d8d45d: 130 ms
Input: 1102500,
Cold Start: false
Unique ID: da1b0574-2d43-4094-be19-1987f6d36554,
Billed Duration for Request da1b0574-2d43-4094-be19-1987f6d36554: 137 ms
Input: 1102500,
Cold Start: false
Unique ID: 6630e2e7-7980-4f4a-9885-18a6cce7e9fd,
Billed Duration for Request 6630e2e7-7980-4f4a-9885-18a6cce7e9fd: 108 ms
Input: 1102500,
Cold Start: false
Unique ID: f981be33-7578-4c02-8c7d-fa9e8ec07e87,
Billed Duration for Request f981be33-7578-4c02-8c7d-fa9e8ec07e87: 127 ms
Input: 1102500,
Cold Start: false
Unique ID: 512d9cef-303e-44d7-a48b-cd1540cee45e,
Billed Duration for Request 512d9cef-303e-44d7-a48b-cd1540cee45e: 144 ms
Input: 1102500,
Cold Start: false
Unique ID: 94a5e581-0c78-48ab-98fb-1ee506f447b9,
Billed Duration for Request 94a5e581-0c78-48ab-98fb-1ee506f447b9: 91 ms
Input: 1102500,
Cold Start: false
Unique ID: a11f4a11-2ee3-4277-9958-f0f368cbc50b,
Billed Duration for Request a11f4a11-2ee3-4277-9958-f0f368cbc50b: 141 ms
Input: 1102500,
Cold Start: false
Unique ID: cce9eb79-3592-4a64-b7fe-66ec361abe69,
Billed Duration for Request cce9eb79-3592-4a64-b7fe-66ec361abe69: 167 ms
Input: 1102500,
Cold Start: false
Unique ID: c59e6d5d-0abc-4ddf-967b-caad385ac76a,
Billed Duration for Request c59e6d5d-0abc-4ddf-967b-caad385ac76a: 116 ms
Input: 1102500,
Cold Start: false
Unique ID: 587c3282-5550-4338-81fa-6c135b06437c,
Billed Duration for Request 587c3282-5550-4338-81fa-6c135b06437c: 102 ms
Input: 1102500,
Cold Start: false
Unique ID: 118b0244-77a6-4aaa-ad5c-833dec559c32,
Billed Duration for Request 118b0244-77a6-4aaa-ad5c-833dec559c32: 92 ms
Input: 1102500,
Cold Start: false
Unique ID: 02da483c-eb4f-4fbe-873d-3bfa7a574ce7,
Billed Duration for Request 02da483c-eb4f-4fbe-873d-3bfa7a574ce7: 137 ms
Input: 1102500,
Cold Start: false
Unique ID: 6b93d714-169f-48d1-bc53-9b012c7fa1b6,
Billed Duration for Request 6b93d714-169f-48d1-bc53-9b012c7fa1b6: 133 ms
Input: 1102500,
Cold Start: false
Unique ID: 81a8b739-243c-4883-a765-dc695add4ca6,
Billed Duration for Request 81a8b739-243c-4883-a765-dc695add4ca6: 177 ms
Input: 1102500,
Cold Start: false
Unique ID: 45d4e386-1e17-47a0-b140-83b7bbc76cdc,
Billed Duration for Request 45d4e386-1e17-47a0-b140-83b7bbc76cdc: 123 ms
Input: 1102500,
Cold Start: false
Unique ID: c3f71768-2ddf-470e-8fda-7ce3275a630d,
Billed Duration for Request c3f71768-2ddf-470e-8fda-7ce3275a630d: 134 ms
Input: 1102500,
Cold Start: false
Unique ID: d59546e9-f3b9-4778-8602-f6efcc0c6a0a,
Billed Duration for Request d59546e9-f3b9-4778-8602-f6efcc0c6a0a: 100 ms
Input: 1102500,
Cold Start: false
Unique ID: 65dae64c-0da5-4ed1-98bd-91d689da2377,
Billed Duration for Request 65dae64c-0da5-4ed1-98bd-91d689da2377: 124 ms
Input: 1102500,
Cold Start: false
Unique ID: 3daa7a16-821f-47c6-bfbe-919b78a9a430,
Billed Duration for Request 3daa7a16-821f-47c6-bfbe-919b78a9a430: 110 ms
Input: 1102500,
Cold Start: false
Unique ID: b6d485ae-01e1-4ada-aac8-1a1a631aed06,
Billed Duration for Request b6d485ae-01e1-4ada-aac8-1a1a631aed06: 108 ms
Input: 1102500,
Cold Start: false
Unique ID: d42e3dff-95a1-4dac-a1b2-3b3ce7418f78,
Billed Duration for Request d42e3dff-95a1-4dac-a1b2-3b3ce7418f78: 169 ms
Input: 1102500,
Cold Start: false
Unique ID: 45f779a5-d8f5-4a95-bed0-5bca0f770170,
Billed Duration for Request 45f779a5-d8f5-4a95-bed0-5bca0f770170: 141 ms
Input: 1102500,
Cold Start: false
Unique ID: d620aa7f-8f83-42a7-9fd0-48ce93c21fad,
Billed Duration for Request d620aa7f-8f83-42a7-9fd0-48ce93c21fad: 176 ms
Input: 1102500,
Cold Start: false
Unique ID: 44f3583a-4269-4eb7-b32d-98d2b24cf0fd,
Billed Duration for Request 44f3583a-4269-4eb7-b32d-98d2b24cf0fd: 98 ms
Input: 1102500,
Cold Start: false
Unique ID: 398ceb7b-8703-4992-b6fa-d99ac6cbad84,
Billed Duration for Request 398ceb7b-8703-4992-b6fa-d99ac6cbad84: 119 ms
Input: 1102500,
Cold Start: false
Unique ID: 568cd067-ecf0-4e4c-a667-9574138cec44,
Billed Duration for Request 568cd067-ecf0-4e4c-a667-9574138cec44: 117 ms
Input: 1102500,
Cold Start: false
Unique ID: 2f5d15f5-db60-4c52-b5f7-d3256a679980,
Billed Duration for Request 2f5d15f5-db60-4c52-b5f7-d3256a679980: 112 ms
Input: 1102500,
Cold Start: false
Unique ID: f6d4941a-8053-48e3-8f5e-b0ced822278a,
Billed Duration for Request f6d4941a-8053-48e3-8f5e-b0ced822278a: 162 ms
Input: 1102500,
Cold Start: false
Unique ID: 7d5de2a2-c37d-4940-86b9-7d2433a8224f,
Billed Duration for Request 7d5de2a2-c37d-4940-86b9-7d2433a8224f: 93 ms
Input: 1102500,
Cold Start: false
Unique ID: 2b560400-da1d-4bd8-aa8e-0698db7ce5ad,
Billed Duration for Request 2b560400-da1d-4bd8-aa8e-0698db7ce5ad: 106 ms
Input: 1102500,
Cold Start: false
Unique ID: a16e0827-a8ea-405e-a036-5758a3b65fc3,
Billed Duration for Request a16e0827-a8ea-405e-a036-5758a3b65fc3: 150 ms
Input: 1102500,
Cold Start: false
Unique ID: 3f73f066-48ab-49bc-a667-5bcada3fd7b4,
Billed Duration for Request 3f73f066-48ab-49bc-a667-5bcada3fd7b4: 126 ms
Input: 1102500,
Cold Start: false
Unique ID: 46258940-cee4-4b90-91f2-319766fdbd82,
Billed Duration for Request 46258940-cee4-4b90-91f2-319766fdbd82: 173 ms
Input: 1102500,
Cold Start: false
Unique ID: a2be89dc-efa9-495c-aa06-e9f493c973b8,
Billed Duration for Request a2be89dc-efa9-495c-aa06-e9f493c973b8: 95 ms
Input: 1102500,
Cold Start: false
Unique ID: 9490e0f1-80c3-4028-a04b-074f1a110305,
Billed Duration for Request 9490e0f1-80c3-4028-a04b-074f1a110305: 179 ms
Input: 1102500,
Cold Start: false
Unique ID: 4bfacb1e-3802-48c5-a0c2-f6da0ca6b445,
Billed Duration for Request 4bfacb1e-3802-48c5-a0c2-f6da0ca6b445: 106 ms
Input: 1102500,
Cold Start: false
Unique ID: 2eefbd2d-ad50-4cc1-84cb-2f45d83964e9,
Billed Duration for Request 2eefbd2d-ad50-4cc1-84cb-2f45d83964e9: 153 ms
Input: 1102500,
Cold Start: false
Unique ID: 98a0bcd9-df2a-4aa0-b849-600eaa1a2755,
Billed Duration for Request 98a0bcd9-df2a-4aa0-b849-600eaa1a2755: 91 ms
Input: 1102500,
Cold Start: false
Unique ID: 13f6c615-8e47-4534-b86d-75238cf76259,
Billed Duration for Request 13f6c615-8e47-4534-b86d-75238cf76259: 101 ms
Input: 1102500,
Cold Start: false
Unique ID: 0a4d8352-328a-400e-89d1-22ab20c1b087,
Billed Duration for Request 0a4d8352-328a-400e-89d1-22ab20c1b087: 167 ms
Input: 1102500,
Cold Start: false
Unique ID: d593e125-8dc8-4500-a03a-f783aa353990,
Billed Duration for Request d593e125-8dc8-4500-a03a-f783aa353990: 134 ms
Input: 1102500,
Cold Start: false
Unique ID: 6c480c87-8e54-403d-be10-3fd106676a0b,
Billed Duration for Request 6c480c87-8e54-403d-be10-3fd106676a0b: 98 ms
Input: 1102500,
Cold Start: false
Unique ID: acf26161-0d3c-4225-92bc-809fbfb086bf,
Billed Duration for Request acf26161-0d3c-4225-92bc-809fbfb086bf: 113 ms
Input: 1102500,
Cold Start: false
Unique ID: a45c2bf9-92e6-4c9c-ac1a-cb015808d414,
Billed Duration for Request a45c2bf9-92e6-4c9c-ac1a-cb015808d414: 129 ms
Input: 1102500,
Cold Start: false
Unique ID: ffe7190c-0057-4f67-9966-e2c25a338edd,
Billed Duration for Request ffe7190c-0057-4f67-9966-e2c25a338edd: 141 ms
Input: 1102500,
Cold Start: false
Unique ID: 9cfe176c-a94e-4f04-aed3-c400f8644610,
Billed Duration for Request 9cfe176c-a94e-4f04-aed3-c400f8644610: 98 ms
Input: 1102500,
Cold Start: false
Unique ID: 9d13b5fe-b688-4369-b24c-601a394417e4,
Billed Duration for Request 9d13b5fe-b688-4369-b24c-601a394417e4: 135 ms
Input: 1102500,
Cold Start: false
Unique ID: fbd87827-6540-4968-bc0d-a44e3b9bf9bb,
Billed Duration for Request fbd87827-6540-4968-bc0d-a44e3b9bf9bb: 150 ms
Input: 1102500,
Cold Start: false
Unique ID: 13d184a4-a204-4a3e-8bdd-92e6a5e9e0d0,
Billed Duration for Request 13d184a4-a204-4a3e-8bdd-92e6a5e9e0d0: 113 ms
Input: 1102500,
Cold Start: false
Unique ID: ceb34591-16b4-44d1-acdd-9b4ede3ae6fb,
Billed Duration for Request ceb34591-16b4-44d1-acdd-9b4ede3ae6fb: 140 ms
Input: 1102500,
Cold Start: false
Unique ID: ab109a78-873b-40e2-93f2-a8fbb0b6fd4d,
Billed Duration for Request ab109a78-873b-40e2-93f2-a8fbb0b6fd4d: 109 ms
Input: 1102500,
Cold Start: false
Unique ID: f4bb2d9c-c7a9-49ce-bba5-7c201f367b38,
Billed Duration for Request f4bb2d9c-c7a9-49ce-bba5-7c201f367b38: 162 ms
Input: 1102500,
Cold Start: false
Unique ID: b71b5a06-234f-4fa8-9e62-74294c0e83be,
Billed Duration for Request b71b5a06-234f-4fa8-9e62-74294c0e83be: 143 ms
Input: 1102500,
Cold Start: false
Unique ID: 05073647-7472-409b-bb42-ae15f4ff4873,
Billed Duration for Request 05073647-7472-409b-bb42-ae15f4ff4873: 98 ms
Input: 1102500,
Cold Start: false
Unique ID: 9b3458a9-4f78-4873-bba6-d696517a6df5,
Billed Duration for Request 9b3458a9-4f78-4873-bba6-d696517a6df5: 103 ms
Input: 1102500,
Cold Start: false
Unique ID: 716a1a1f-8a37-489c-9679-7ea4b399dd52,
Billed Duration for Request 716a1a1f-8a37-489c-9679-7ea4b399dd52: 191 ms
Input: 1102500,
Cold Start: false
Unique ID: 7fd79fae-2966-40e5-a93f-23c6729004f5,
Billed Duration for Request 7fd79fae-2966-40e5-a93f-23c6729004f5: 139 ms
Input: 1102500,
Cold Start: false
Unique ID: 72b2855a-a09a-4718-8bf6-982224c29023,
Billed Duration for Request 72b2855a-a09a-4718-8bf6-982224c29023: 131 ms
Input: 1102500,
Cold Start: false
Unique ID: 24239efa-51d7-47fb-b873-93c4822b5730,
Billed Duration for Request 24239efa-51d7-47fb-b873-93c4822b5730: 96 ms
Input: 1102500,
Cold Start: false
Unique ID: 38f61994-d67d-47b1-8825-c89d79b16a58,
Billed Duration for Request 38f61994-d67d-47b1-8825-c89d79b16a58: 120 ms
Input: 1102500,
Cold Start: false
Unique ID: 554369e4-b5a1-4d30-9545-d5510f3709f6,
Billed Duration for Request 554369e4-b5a1-4d30-9545-d5510f3709f6: 154 ms
Input: 1102500,
Cold Start: false
Unique ID: da13e3b4-6b26-4a09-a71f-493ca700249e,
Billed Duration for Request da13e3b4-6b26-4a09-a71f-493ca700249e: 128 ms
Input: 1102500,
Cold Start: false
Unique ID: 9b11aae8-fcee-4701-b909-f36427fcdad7,
Billed Duration for Request 9b11aae8-fcee-4701-b909-f36427fcdad7: 140 ms
Input: 1102500,
Cold Start: false
Unique ID: 6bfc9b9e-f038-407c-90cf-50363aef806b,
Billed Duration for Request 6bfc9b9e-f038-407c-90cf-50363aef806b: 148 ms
Input: 1102500,
Cold Start: false
Unique ID: 6994bdfa-2fcf-4526-9b26-e56ade62c0cf,
Billed Duration for Request 6994bdfa-2fcf-4526-9b26-e56ade62c0cf: 142 ms
Input: 1102500,
Cold Start: false
Unique ID: 4be51650-ec18-4eb6-ab6b-5a8d066906e5,
Billed Duration for Request 4be51650-ec18-4eb6-ab6b-5a8d066906e5: 115 ms
Input: 1102500,
Cold Start: false
Unique ID: 3079cdd1-4eb0-48e8-b3d6-a28e7276a7d4,
Billed Duration for Request 3079cdd1-4eb0-48e8-b3d6-a28e7276a7d4: 86 ms
Input: 1102500,
Cold Start: false
Unique ID: 6fefa0dc-9955-4abf-a86a-f48a2a2d61a3,
Billed Duration for Request 6fefa0dc-9955-4abf-a86a-f48a2a2d61a3: 130 ms
Input: 1102500,
Cold Start: false
Unique ID: 2d3f4543-ee9f-4d03-b8a5-daf92f39167b,
Billed Duration for Request 2d3f4543-ee9f-4d03-b8a5-daf92f39167b: 123 ms
Input: 1102500,
Cold Start: false
Unique ID: a69a1da1-50ba-464e-bc73-31c7705aa4a3,
Billed Duration for Request a69a1da1-50ba-464e-bc73-31c7705aa4a3: 115 ms
Input: 1102500,
Cold Start: false
Unique ID: ea9eb06c-493a-494d-acc0-d1f383f2dd11,
Billed Duration for Request ea9eb06c-493a-494d-acc0-d1f383f2dd11: 181 ms
Input: 1102500,
Cold Start: false
Unique ID: 8baee3b6-1b44-4848-bc44-adf3846f516d,
Billed Duration for Request 8baee3b6-1b44-4848-bc44-adf3846f516d: 104 ms
Input: 1102500,
Cold Start: false
Unique ID: 8eec32f4-0275-4aa4-acc5-4c92a069c803,
Billed Duration for Request 8eec32f4-0275-4aa4-acc5-4c92a069c803: 144 ms
Input: 1102500,
Cold Start: false
Unique ID: 9396cb74-e2ea-47ce-929b-6c401379cdc1,
Billed Duration for Request 9396cb74-e2ea-47ce-929b-6c401379cdc1: 107 ms
Input: 1102500,
Cold Start: false
Unique ID: c2a7aa1f-b22d-4440-a35d-727a575729c1,
Billed Duration for Request c2a7aa1f-b22d-4440-a35d-727a575729c1: 96 ms
Input: 1102500,
Cold Start: false
Unique ID: 0445848a-e73a-4f97-a4cb-2288c4249efc,
Billed Duration for Request 0445848a-e73a-4f97-a4cb-2288c4249efc: 164 ms
Input: 1102500,
Cold Start: false
Unique ID: f869642c-6008-4ae9-9a84-432919d814a9,
Billed Duration for Request f869642c-6008-4ae9-9a84-432919d814a9: 146 ms
Input: 1102500,
Cold Start: false
Unique ID: c7e8508a-87fc-4960-9ace-3fc2714f8c1f,
Billed Duration for Request c7e8508a-87fc-4960-9ace-3fc2714f8c1f: 169 ms
Input: 1102500,
Cold Start: false
Unique ID: ec9cab88-3ff8-4292-9b56-f35d845d41f8,
Billed Duration for Request ec9cab88-3ff8-4292-9b56-f35d845d41f8: 137 ms
Input: 1102500,
Cold Start: false
Unique ID: ee752a46-00f5-42b9-9ffd-f83f0201dd12,
Billed Duration for Request ee752a46-00f5-42b9-9ffd-f83f0201dd12: 82 ms
Input: 1102500,
Cold Start: false
Unique ID: be9b0cd8-8c06-44a0-8e5a-7b6c831a0a20,
Billed Duration for Request be9b0cd8-8c06-44a0-8e5a-7b6c831a0a20: 125 ms
Input: 1102500,
Cold Start: false
Unique ID: d0182b97-899b-4cac-8053-61bde0b87823,
Billed Duration for Request d0182b97-899b-4cac-8053-61bde0b87823: 139 ms
Input: 1102500,
Cold Start: false
Unique ID: 39910ad1-c84c-4ba1-868e-52500d5ec322,
Billed Duration for Request 39910ad1-c84c-4ba1-868e-52500d5ec322: 148 ms
Input: 1102500,
Cold Start: false
Unique ID: bc979616-6434-4d85-9410-57ffc010f804,
Billed Duration for Request bc979616-6434-4d85-9410-57ffc010f804: 134 ms
Input: 1102500,
Cold Start: false
Unique ID: 987e379a-a811-4eff-bc41-eacb2743f4d8,
Billed Duration for Request 987e379a-a811-4eff-bc41-eacb2743f4d8: 91 ms
Input: 1102500,
Cold Start: false
Unique ID: 34f5506a-d2d9-4026-bd23-19eae7120b58,
Billed Duration for Request 34f5506a-d2d9-4026-bd23-19eae7120b58: 96 ms
Input: 1102500,
Cold Start: false
Unique ID: eaaaa60c-e5fd-47f7-8a4d-c58ffe834267,
Billed Duration for Request eaaaa60c-e5fd-47f7-8a4d-c58ffe834267: 165 ms
Input: 1102500,
Cold Start: false
Unique ID: 065243d2-f308-4fa1-ac8b-947488bce249,
Billed Duration for Request 065243d2-f308-4fa1-ac8b-947488bce249: 168 ms
Input: 1102500,
Cold Start: false
Unique ID: b8cf378f-0f42-4588-81ea-f7d3738cc820,
Billed Duration for Request b8cf378f-0f42-4588-81ea-f7d3738cc820: 95 ms
Input: 1102500,
Cold Start: false
Unique ID: 323eebb9-4ae7-4db7-8979-ef31c269208d,
Billed Duration for Request 323eebb9-4ae7-4db7-8979-ef31c269208d: 103 ms
Input: 1102500,
Cold Start: false
Unique ID: 09a411a3-5ee3-4c71-bff5-ff5182200277,
Billed Duration for Request 09a411a3-5ee3-4c71-bff5-ff5182200277: 156 ms
Input: 1102500,
Cold Start: false
Unique ID: 6da9ddfa-c7fa-4b95-878e-df14b2a2f335,
Billed Duration for Request 6da9ddfa-c7fa-4b95-878e-df14b2a2f335: 122 ms
Input: 1102500,
Cold Start: false
Unique ID: 0c24c301-8fe3-4414-95cf-f56732c9649b,
Billed Duration for Request 0c24c301-8fe3-4414-95cf-f56732c9649b: 152 ms
Input: 1102500,
Cold Start: false
Unique ID: fc0466cf-b71d-4a77-8e99-5f38c9bf12fa,
Billed Duration for Request fc0466cf-b71d-4a77-8e99-5f38c9bf12fa: 98 ms
Input: 1102500,
Cold Start: false
Unique ID: 80a58b06-575c-4380-b3dc-51a19ba89e0f,
Billed Duration for Request 80a58b06-575c-4380-b3dc-51a19ba89e0f: 101 ms
Input: 1102500,
Cold Start: false
Unique ID: 15e0028a-a4bf-4806-8223-2b2f910c64b1,
Billed Duration for Request 15e0028a-a4bf-4806-8223-2b2f910c64b1: 157 ms
Input: 1102500,
Cold Start: false
Unique ID: 7b7ebd55-004f-4e24-b91e-c34f3863dfa4,
Billed Duration for Request 7b7ebd55-004f-4e24-b91e-c34f3863dfa4: 104 ms
Input: 1102500,
Cold Start: false
Unique ID: 2acd14a5-75fc-4cb5-9ffa-a9deddaef593,
Billed Duration for Request 2acd14a5-75fc-4cb5-9ffa-a9deddaef593: 157 ms
Input: 1102500,
Cold Start: false
Unique ID: 44fca74d-d0d7-405e-9576-6be5ab3b62e2,
Billed Duration for Request 44fca74d-d0d7-405e-9576-6be5ab3b62e2: 94 ms
Input: 1102500,
Cold Start: false
Unique ID: 3314d64b-528e-4827-970e-e0a86ddd360f,
Billed Duration for Request 3314d64b-528e-4827-970e-e0a86ddd360f: 132 ms
Input: 1102500,
Cold Start: false
Unique ID: 9c56843a-51ba-4b1e-8d23-e62eedfe822a,
Billed Duration for Request 9c56843a-51ba-4b1e-8d23-e62eedfe822a: 152 ms
Input: 1102500,
Cold Start: false
Unique ID: 6fc8eb9c-e2d5-4843-bf38-4c8c646fafa8,
Billed Duration for Request 6fc8eb9c-e2d5-4843-bf38-4c8c646fafa8: 141 ms
Input: 1102500,
Cold Start: false
Unique ID: 1ef00915-090f-442c-a037-51f693369905,
Billed Duration for Request 1ef00915-090f-442c-a037-51f693369905: 123 ms
Input: 1102500,
Cold Start: false
Unique ID: 09213283-b8e1-449a-be29-15f345a17527,
Billed Duration for Request 09213283-b8e1-449a-be29-15f345a17527: 128 ms
Input: 1102500,
Cold Start: false
Unique ID: 43c0ace5-ea45-4109-852f-a7706f03a972,
Billed Duration for Request 43c0ace5-ea45-4109-852f-a7706f03a972: 124 ms
Input: 1102500,
Cold Start: false
Unique ID: b0f287a1-3905-4ae9-bb3b-2ffbeda43ff2,
Billed Duration for Request b0f287a1-3905-4ae9-bb3b-2ffbeda43ff2: 96 ms
Input: 1102500,
Cold Start: false
Unique ID: 963b6ec9-669b-461f-89c3-1d85d76a563b,
Billed Duration for Request 963b6ec9-669b-461f-89c3-1d85d76a563b: 96 ms
Input: 1102500,
Cold Start: false
Unique ID: 72f311ce-f97c-4299-9471-97fb93edc3e7,
Billed Duration for Request 72f311ce-f97c-4299-9471-97fb93edc3e7: 142 ms
Input: 1102500,
Cold Start: false
Unique ID: a2ca1ddb-cc6c-4697-80df-f6bcb65f1d27,
Billed Duration for Request a2ca1ddb-cc6c-4697-80df-f6bcb65f1d27: 107 ms
Input: 1102500,
Cold Start: false
Unique ID: 3de43000-3e3a-4f5a-a0d0-7afea78d336c,
Billed Duration for Request 3de43000-3e3a-4f5a-a0d0-7afea78d336c: 94 ms
Input: 1102500,
Cold Start: false
Unique ID: 05f8c3d2-4fb3-49c7-b336-24d5bf86fc9c,
Billed Duration for Request 05f8c3d2-4fb3-49c7-b336-24d5bf86fc9c: 160 ms
Input: 1102500,
Cold Start: false
Unique ID: 62a83ba3-65b7-4220-b0d3-7bb96ea9f89f,
Billed Duration for Request 62a83ba3-65b7-4220-b0d3-7bb96ea9f89f: 120 ms
Input: 1102500,
Cold Start: false
Unique ID: 3c950627-b48e-4745-b700-367bd9058b0f,
Billed Duration for Request 3c950627-b48e-4745-b700-367bd9058b0f: 148 ms
Input: 1102500,
Cold Start: false
Unique ID: 1315f71b-a22d-4543-a185-492fe3035bf0,
Billed Duration for Request 1315f71b-a22d-4543-a185-492fe3035bf0: 95 ms
Input: 1102500,
Cold Start: false
Unique ID: 1b4e24be-c04d-45ce-a0b0-94af4c170f43,
Billed Duration for Request 1b4e24be-c04d-45ce-a0b0-94af4c170f43: 93 ms
Input: 1102500,
Cold Start: false
Unique ID: 239b442c-0fd2-43f6-8419-629b12ae88f7,
Billed Duration for Request 239b442c-0fd2-43f6-8419-629b12ae88f7: 167 ms
Input: 1102500,
Cold Start: false
Unique ID: 7fff9be0-44f8-4497-9c25-59b76752ef2c,
Billed Duration for Request 7fff9be0-44f8-4497-9c25-59b76752ef2c: 164 ms
Input: 1102500,
Cold Start: false
Unique ID: b13527ec-8063-4ddf-b698-52dfa938ffc4,
Billed Duration for Request b13527ec-8063-4ddf-b698-52dfa938ffc4: 124 ms
Input: 1102500,
Cold Start: false
Unique ID: 0d23c1c0-e9e4-4711-bc4d-a8b6aa364874,
Billed Duration for Request 0d23c1c0-e9e4-4711-bc4d-a8b6aa364874: 108 ms
Input: 1102500,
Cold Start: false
Unique ID: 5e8ffe99-42b2-46d4-9282-0e08eb0c0b21,
Billed Duration for Request 5e8ffe99-42b2-46d4-9282-0e08eb0c0b21: 90 ms
Input: 1102500,
Cold Start: false
Unique ID: c99af510-c69c-4bd7-9dcd-aab4b58ed70d,
Billed Duration for Request c99af510-c69c-4bd7-9dcd-aab4b58ed70d: 113 ms
Input: 1102500,
Cold Start: false
Unique ID: 3e4ab42f-fc5e-4137-aa2d-172e41d2a695,
Billed Duration for Request 3e4ab42f-fc5e-4137-aa2d-172e41d2a695: 159 ms
Input: 1102500,
Cold Start: false
Unique ID: 241d0d66-7f1e-42f9-aee0-e2c8b069ba44,
Billed Duration for Request 241d0d66-7f1e-42f9-aee0-e2c8b069ba44: 150 ms
Input: 1102500,
Cold Start: false
Unique ID: 1a57845b-2a4c-4424-b9e9-56ab52067306,
Billed Duration for Request 1a57845b-2a4c-4424-b9e9-56ab52067306: 112 ms
Input: 1102500,
Cold Start: false
Unique ID: 28414955-6ff3-41ba-acd8-93fce7fef577,
Billed Duration for Request 28414955-6ff3-41ba-acd8-93fce7fef577: 105 ms
Input: 1102500,
Cold Start: false
Unique ID: eef62141-95fe-4b23-93d9-044a03a59fd8,
Billed Duration for Request eef62141-95fe-4b23-93d9-044a03a59fd8: 90 ms
Input: 1102500,
Cold Start: false
Unique ID: b18befd7-a47b-4935-b7ab-9368a05d96c5,
Billed Duration for Request b18befd7-a47b-4935-b7ab-9368a05d96c5: 97 ms
Input: 1102500,
Cold Start: false
Unique ID: 2c805193-5b43-410b-85f7-a9d180e5e1d4,
Billed Duration for Request 2c805193-5b43-410b-85f7-a9d180e5e1d4: 153 ms
Input: 1102500,
Cold Start: false
Unique ID: 28a29f77-63c6-41c1-b6d7-f765764a055c,
Billed Duration for Request 28a29f77-63c6-41c1-b6d7-f765764a055c: 78 ms
Input: 1102500,
Cold Start: false
Unique ID: 5fa772c5-c5f3-4676-aac6-e5a0f64646ab,
Billed Duration for Request 5fa772c5-c5f3-4676-aac6-e5a0f64646ab: 125 ms
Input: 1102500,
Cold Start: false
Unique ID: d4b9cd39-73e0-4021-8f7e-a0a7ab7692b8,
Billed Duration for Request d4b9cd39-73e0-4021-8f7e-a0a7ab7692b8: 137 ms
Input: 1102500,
Cold Start: false
Unique ID: 2946205e-1694-41e1-9409-aa7a663e5479,
Billed Duration for Request 2946205e-1694-41e1-9409-aa7a663e5479: 88 ms
Input: 1102500,
Cold Start: false
Unique ID: af2fdc96-aecc-42ce-8de7-68e7933c6700,
Billed Duration for Request af2fdc96-aecc-42ce-8de7-68e7933c6700: 144 ms
Input: 1102500,
Cold Start: false
Unique ID: 28f3cb9e-222a-4d37-80f9-a61efe9fe4d9,
Billed Duration for Request 28f3cb9e-222a-4d37-80f9-a61efe9fe4d9: 123 ms
Input: 1102500,
Cold Start: false
Unique ID: 6bfb9434-6b40-496c-ad79-e07e8147a3d9,
Billed Duration for Request 6bfb9434-6b40-496c-ad79-e07e8147a3d9: 161 ms
Input: 1102500,
Cold Start: false
Unique ID: 8f6aa18f-bf05-4602-8199-f6b8a93ff946,
Billed Duration for Request 8f6aa18f-bf05-4602-8199-f6b8a93ff946: 99 ms
Input: 1102500,
Cold Start: false
Unique ID: 761020a9-5341-48ce-b2e9-3c964d11b5bc,
Billed Duration for Request 761020a9-5341-48ce-b2e9-3c964d11b5bc: 144 ms
Input: 1102500,
Cold Start: false
Unique ID: 98f1574d-a6fd-427b-af75-2e5af4d57590,
Billed Duration for Request 98f1574d-a6fd-427b-af75-2e5af4d57590: 119 ms
Input: 1102500,
Cold Start: false
Unique ID: 848c85f3-ace8-4909-9c78-30023e38a385,
Billed Duration for Request 848c85f3-ace8-4909-9c78-30023e38a385: 151 ms
Input: 1102500,
Cold Start: false
Unique ID: 50d679d4-9933-47a7-9099-3df45b88fc79,
Billed Duration for Request 50d679d4-9933-47a7-9099-3df45b88fc79: 123 ms
Input: 1102500,
Cold Start: false
Unique ID: 15168743-b665-4e76-b02f-7d948467a2e5,
Billed Duration for Request 15168743-b665-4e76-b02f-7d948467a2e5: 159 ms
Input: 1102500,
Cold Start: false
Unique ID: aba7d8d3-6ef4-4e13-a183-eb5d06d8ef0c,
Billed Duration for Request aba7d8d3-6ef4-4e13-a183-eb5d06d8ef0c: 87 ms
Input: 1102500,
Cold Start: false
Unique ID: 5a39cc73-ed27-4aa6-91bf-a43cd6b87840,
Billed Duration for Request 5a39cc73-ed27-4aa6-91bf-a43cd6b87840: 111 ms
Input: 1102500,
Cold Start: false
Unique ID: d2b2ea7f-34e1-4cf8-94f3-429b65804e37,
Billed Duration for Request d2b2ea7f-34e1-4cf8-94f3-429b65804e37: 115 ms
Input: 1102500,
Cold Start: false
Unique ID: 698d18a2-952b-429e-870d-97cddfecdb14,
Billed Duration for Request 698d18a2-952b-429e-870d-97cddfecdb14: 119 ms
Input: 1102500,
Cold Start: false
Unique ID: fd53e9e7-4f6f-4cfe-b7c8-ebb56e81c47a,
Billed Duration for Request fd53e9e7-4f6f-4cfe-b7c8-ebb56e81c47a: 165 ms
Input: 1102500,
Cold Start: false
Unique ID: 1968790a-5f00-4e2a-9388-c494a6171c9a,
Billed Duration for Request 1968790a-5f00-4e2a-9388-c494a6171c9a: 116 ms
Input: 1102500,
Cold Start: false
Unique ID: ddd98f27-1c7d-45e7-a5b7-3cb66e0f4721,
Billed Duration for Request ddd98f27-1c7d-45e7-a5b7-3cb66e0f4721: 113 ms
Input: 1102500,
Cold Start: false
Unique ID: 20458a36-20c2-45e3-bd2e-a62416bd6281,
Billed Duration for Request 20458a36-20c2-45e3-bd2e-a62416bd6281: 124 ms
Input: 1102500,
Cold Start: false
Unique ID: ab02799f-476f-456c-9373-416fa005a29b,
Billed Duration for Request ab02799f-476f-456c-9373-416fa005a29b: 173 ms
Input: 1102500,
Cold Start: false
Unique ID: 1443a7e9-247f-4a56-a39c-1ba77fc35252,
Billed Duration for Request 1443a7e9-247f-4a56-a39c-1ba77fc35252: 122 ms
Input: 1102500,
Cold Start: false
Unique ID: 8215c27a-7423-41d9-af58-40ca1290b3a4,
Billed Duration for Request 8215c27a-7423-41d9-af58-40ca1290b3a4: 115 ms
Input: 1102500,
Cold Start: false
Unique ID: 8fca318b-26dd-4e37-9afd-44b4f9c700ec,
Billed Duration for Request 8fca318b-26dd-4e37-9afd-44b4f9c700ec: 125 ms
Input: 1102500,
Cold Start: false
Unique ID: d54cbd94-e5db-43c8-b9e1-bc819cb69b08,
Billed Duration for Request d54cbd94-e5db-43c8-b9e1-bc819cb69b08: 142 ms
Input: 1102500,
Cold Start: false
Unique ID: 1b8b0489-6c17-46dc-8919-e585ace1658c,
Billed Duration for Request 1b8b0489-6c17-46dc-8919-e585ace1658c: 123 ms
Input: 1102500,
Cold Start: false
Unique ID: b2e11f6c-dd86-404d-9a54-ca38a0bdd09a,
Billed Duration for Request b2e11f6c-dd86-404d-9a54-ca38a0bdd09a: 118 ms
Input: 1102500,
Cold Start: false
Unique ID: 5cf1459d-e489-4bd0-b587-829f6a720c1f,
Billed Duration for Request 5cf1459d-e489-4bd0-b587-829f6a720c1f: 137 ms
Input: 1102500,
Cold Start: false
Unique ID: ea293dc1-84ec-42e7-b048-fde1868c47d7,
Billed Duration for Request ea293dc1-84ec-42e7-b048-fde1868c47d7: 107 ms
Input: 1102500,
Cold Start: false
Unique ID: 30f209d5-6cba-4491-8c22-af87792e7576,
Billed Duration for Request 30f209d5-6cba-4491-8c22-af87792e7576: 154 ms
Input: 1102500,
Cold Start: false
Unique ID: 0e737c63-1703-4130-a62b-fb7230ebec4e,
Billed Duration for Request 0e737c63-1703-4130-a62b-fb7230ebec4e: 138 ms
Input: 1102500,
Cold Start: false
Unique ID: f1c36a72-ba9c-4190-883a-854e928c656b,
Billed Duration for Request f1c36a72-ba9c-4190-883a-854e928c656b: 133 ms
Input: 1102500,
Cold Start: false
Unique ID: 645b75f9-bfec-4653-afe7-901189d6c08a,
Billed Duration for Request 645b75f9-bfec-4653-afe7-901189d6c08a: 136 ms
Input: 1102500,
Cold Start: false
Unique ID: c48e5a65-eac6-46ef-a790-076818b1c05e,
Billed Duration for Request c48e5a65-eac6-46ef-a790-076818b1c05e: 141 ms
Input: 1102500,
Cold Start: false
Unique ID: 11723697-00a7-4155-9f66-1e39fc0a278b,
Billed Duration for Request 11723697-00a7-4155-9f66-1e39fc0a278b: 93 ms
Input: 1102500,
Cold Start: false
Unique ID: 7c50d46a-ec1d-4dfb-a016-d80a5accce71,
Billed Duration for Request 7c50d46a-ec1d-4dfb-a016-d80a5accce71: 141 ms
Input: 1102500,
Cold Start: false
Unique ID: 99ba23a8-9ac5-4614-be25-96c9f6d1b32b,
Billed Duration for Request 99ba23a8-9ac5-4614-be25-96c9f6d1b32b: 148 ms
Input: 1102500,
Cold Start: false
Unique ID: 9af00434-2664-4a74-93c8-7b4f2e490b4b,
Billed Duration for Request 9af00434-2664-4a74-93c8-7b4f2e490b4b: 144 ms
Input: 1102500,
Cold Start: false
Unique ID: 0cb9e412-0de8-4393-b752-cc7766c6c9fd,
Billed Duration for Request 0cb9e412-0de8-4393-b752-cc7766c6c9fd: 127 ms
Input: 1102500,
Cold Start: false
Unique ID: f79d3d57-13b9-4095-be30-d1b974d29679,
Billed Duration for Request f79d3d57-13b9-4095-be30-d1b974d29679: 128 ms
Input: 1102500,
Cold Start: false
Unique ID: 392b0625-8d5b-4f1c-9ec5-bec858deeaca,
Billed Duration for Request 392b0625-8d5b-4f1c-9ec5-bec858deeaca: 106 ms
Input: 1102500,
Cold Start: false
Unique ID: 2e53be75-47c0-435a-b379-bc3e0a52f086,
Billed Duration for Request 2e53be75-47c0-435a-b379-bc3e0a52f086: 91 ms
Input: 1102500,
Cold Start: false
Unique ID: a0dca333-7408-4acc-955e-6e4a72140292,
Billed Duration for Request a0dca333-7408-4acc-955e-6e4a72140292: 122 ms
Input: 1102500,
Cold Start: false
Unique ID: eeb6022f-cf77-49fc-bced-ae31806c4a6f,
Billed Duration for Request eeb6022f-cf77-49fc-bced-ae31806c4a6f: 167 ms
Input: 1102500,
Cold Start: false
Unique ID: 1d4f2690-4f45-48e9-8abc-b70c2833eae5,
Billed Duration for Request 1d4f2690-4f45-48e9-8abc-b70c2833eae5: 92 ms
Input: 1102500,
Cold Start: false
Unique ID: 6219b898-c92e-48cd-96c0-65236ef811cb,
Billed Duration for Request 6219b898-c92e-48cd-96c0-65236ef811cb: 89 ms
Input: 1102500,
Cold Start: false
Unique ID: 2b09cb6b-4c49-4fe9-9270-51a4ce04ea29,
Billed Duration for Request 2b09cb6b-4c49-4fe9-9270-51a4ce04ea29: 170 ms
Input: 1102500,
Cold Start: false
Unique ID: 60b4c4bd-06f1-4629-875a-4289b7e0daa7,
Billed Duration for Request 60b4c4bd-06f1-4629-875a-4289b7e0daa7: 105 ms
Input: 1102500,
Cold Start: false
Unique ID: 904b092a-40f1-483b-8e77-79daddef8993,
Billed Duration for Request 904b092a-40f1-483b-8e77-79daddef8993: 184 ms
Input: 1102500,
Cold Start: false
Unique ID: 6b8adcc2-ab30-4779-9f6f-526e878cb059,
Billed Duration for Request 6b8adcc2-ab30-4779-9f6f-526e878cb059: 95 ms
Input: 1102500,
Cold Start: false
Unique ID: 63c337fa-909d-4d72-878b-57356678b76d,
Billed Duration for Request 63c337fa-909d-4d72-878b-57356678b76d: 159 ms
Input: 1102500,
Cold Start: false
Unique ID: b3690c86-91e5-411f-8cab-f71f36e8fb1e,
Billed Duration for Request b3690c86-91e5-411f-8cab-f71f36e8fb1e: 115 ms
Input: 1102500,
Cold Start: false
Unique ID: 778d42f6-c025-43d4-8077-98bc847e2c4a,
Billed Duration for Request 778d42f6-c025-43d4-8077-98bc847e2c4a: 174 ms
Input: 1102500,
Cold Start: false
Unique ID: 564381cb-c266-4ead-8133-9b15cd340d5b,
Billed Duration for Request 564381cb-c266-4ead-8133-9b15cd340d5b: 132 ms
Input: 1102500,
Cold Start: false
Unique ID: 94e658b0-c02f-4f3a-912d-fd84b6729877,
Billed Duration for Request 94e658b0-c02f-4f3a-912d-fd84b6729877: 115 ms
Input: 1102500,
Cold Start: false
Unique ID: 88e38725-439e-4a90-b16c-529f78fba84b,
Billed Duration for Request 88e38725-439e-4a90-b16c-529f78fba84b: 90 ms
Input: 1102500,
Cold Start: false
Unique ID: 7f2a09a1-2f5e-4a37-89fa-968d58dec16e,
Billed Duration for Request 7f2a09a1-2f5e-4a37-89fa-968d58dec16e: 116 ms
Input: 1102500,
Cold Start: false
Unique ID: 479c168c-4000-427b-9db1-6caf41a1b50d,
Billed Duration for Request 479c168c-4000-427b-9db1-6caf41a1b50d: 107 ms
Input: 1102500,
Cold Start: false
Unique ID: ee1dfd9b-39a0-4a88-8dc9-013cda0cce25,
Billed Duration for Request ee1dfd9b-39a0-4a88-8dc9-013cda0cce25: 166 ms
Input: 1102500,
Cold Start: false
Unique ID: 32c5ffe7-ce2e-4815-b360-61eba74f28ed,
Billed Duration for Request 32c5ffe7-ce2e-4815-b360-61eba74f28ed: 101 ms
Input: 1102500,
Cold Start: false
Unique ID: 9f28510e-298c-4bd7-9228-34fd3ebd5c7d,
Billed Duration for Request 9f28510e-298c-4bd7-9228-34fd3ebd5c7d: 147 ms
Input: 1102500,
Cold Start: false
Unique ID: c8361ff6-5a3c-407f-833d-32a767e274ce,
Billed Duration for Request c8361ff6-5a3c-407f-833d-32a767e274ce: 157 ms
Input: 1102500,
Cold Start: false
Unique ID: d25f6b66-0369-4a2f-92c5-f5c684217b67,
Billed Duration for Request d25f6b66-0369-4a2f-92c5-f5c684217b67: 143 ms
Input: 1102500,
Cold Start: false
Unique ID: 53f73690-5d88-4363-b416-b913e38f8420,
Billed Duration for Request 53f73690-5d88-4363-b416-b913e38f8420: 128 ms
Input: 1102500,
Cold Start: false
Unique ID: 5c140be5-834e-43ee-a440-b0ac793d51b4,
Billed Duration for Request 5c140be5-834e-43ee-a440-b0ac793d51b4: 91 ms
Input: 1102500,
Cold Start: false
Unique ID: 0b5e3544-99a2-4d65-b6db-fb11a5aac7e2,
Billed Duration for Request 0b5e3544-99a2-4d65-b6db-fb11a5aac7e2: 106 ms
Input: 1102500,
Cold Start: false
Unique ID: 025b0db8-20de-4d18-b030-0d6fbebea2f0,
Billed Duration for Request 025b0db8-20de-4d18-b030-0d6fbebea2f0: 98 ms
Input: 1102500,
Cold Start: false
Unique ID: 2b347c77-5e64-454e-9dd5-6f1d5b457ddc,
Billed Duration for Request 2b347c77-5e64-454e-9dd5-6f1d5b457ddc: 160 ms
Input: 1102500,
Cold Start: false
Unique ID: 60dbda7b-1f67-44ce-8bcc-9d456d75c776,
Billed Duration for Request 60dbda7b-1f67-44ce-8bcc-9d456d75c776: 149 ms
Input: 1102500,
Cold Start: false
Unique ID: 58849dcb-bad9-45a4-9508-59955b2b36b5,
Billed Duration for Request 58849dcb-bad9-45a4-9508-59955b2b36b5: 105 ms
Input: 1102500,
Cold Start: false
Unique ID: 3555c892-a619-4fea-8a1e-b6f4d8029b69,
Billed Duration for Request 3555c892-a619-4fea-8a1e-b6f4d8029b69: 86 ms
Input: 1102500,
Cold Start: false
Unique ID: 2c058403-1619-40ad-a65c-935b21e634f9,
Billed Duration for Request 2c058403-1619-40ad-a65c-935b21e634f9: 157 ms
Input: 1102500,
Cold Start: false
Unique ID: a991a2b4-df96-4889-bc19-9b15105de77b,
Billed Duration for Request a991a2b4-df96-4889-bc19-9b15105de77b: 118 ms
Input: 1102500,
Cold Start: false
Unique ID: e2e1f266-acbb-4974-81fb-3ff4c8812d3f,
Billed Duration for Request e2e1f266-acbb-4974-81fb-3ff4c8812d3f: 126 ms
Input: 1102500,
Cold Start: false
Unique ID: 9a1265ae-8302-4798-bb70-8fbbedbb48c6,
Billed Duration for Request 9a1265ae-8302-4798-bb70-8fbbedbb48c6: 148 ms
Input: 1102500,
Cold Start: false
Unique ID: 49e08ff6-7a7b-4c54-a856-f382806f0c2f,
Billed Duration for Request 49e08ff6-7a7b-4c54-a856-f382806f0c2f: 86 ms
Input: 1102500,
Cold Start: false
Unique ID: 35455190-e341-4f9e-87f5-3c582b05e138,
Billed Duration for Request 35455190-e341-4f9e-87f5-3c582b05e138: 136 ms
Input: 1102500,
Cold Start: false
Unique ID: 2eee91cc-bd56-4ef0-85c2-e28d440f21b7,
Billed Duration for Request 2eee91cc-bd56-4ef0-85c2-e28d440f21b7: 86 ms
Input: 1102500,
Cold Start: false
Unique ID: f152f45b-5f2a-4ed3-a3a0-fecdd9e998a9,
Billed Duration for Request f152f45b-5f2a-4ed3-a3a0-fecdd9e998a9: 167 ms
Input: 1102500,
Cold Start: false
Unique ID: c7afd5eb-e855-4e15-a64f-ab09e71834dc,
Billed Duration for Request c7afd5eb-e855-4e15-a64f-ab09e71834dc: 129 ms
Input: 1102500,
Cold Start: false
Unique ID: dd82f070-fcd0-4628-b939-4ababa9fb4ad,
Billed Duration for Request dd82f070-fcd0-4628-b939-4ababa9fb4ad: 135 ms
Input: 1102500,
Cold Start: false
Unique ID: 58205a62-b128-4a39-bb88-9a2fd91c5a56,
Billed Duration for Request 58205a62-b128-4a39-bb88-9a2fd91c5a56: 94 ms
Input: 1102500,
Cold Start: false
Unique ID: 7351389d-8fcd-4d8c-973c-23c037127004,
Billed Duration for Request 7351389d-8fcd-4d8c-973c-23c037127004: 99 ms
Input: 1102500,
Cold Start: false
Unique ID: 8c711bc5-2a6d-4b5c-aa55-6bf08206af6f,
Billed Duration for Request 8c711bc5-2a6d-4b5c-aa55-6bf08206af6f: 116 ms
Input: 1102500,
Cold Start: false
Unique ID: 798a412b-ea10-4cda-a96a-3650225e3023,
Billed Duration for Request 798a412b-ea10-4cda-a96a-3650225e3023: 129 ms
Input: 1102500,
Cold Start: false
Unique ID: 55efdcbf-c204-473c-8001-b2fb4ac6819f,
Billed Duration for Request 55efdcbf-c204-473c-8001-b2fb4ac6819f: 123 ms
Input: 1102500,
Cold Start: false
Unique ID: 1696a3c5-d086-4140-9ecc-272a1c04b799,
Billed Duration for Request 1696a3c5-d086-4140-9ecc-272a1c04b799: 139 ms
Input: 1102500,
Cold Start: false
Unique ID: e1e81d6a-8181-4f6e-aa22-e6e11ee7ef7d,
Billed Duration for Request e1e81d6a-8181-4f6e-aa22-e6e11ee7ef7d: 184 ms
Input: 1102500,
Cold Start: false
Unique ID: 30bb0965-de1f-4383-a238-cc0c7942be3f,
Billed Duration for Request 30bb0965-de1f-4383-a238-cc0c7942be3f: 148 ms
Input: 1102500,
Cold Start: false
Unique ID: 3aa5ea01-e351-4325-b17a-84f2182e407e,
Billed Duration for Request 3aa5ea01-e351-4325-b17a-84f2182e407e: 86 ms
Input: 1102500,
Cold Start: false
Unique ID: c305e36a-6754-490c-a0d0-0bdc86d87808,
Billed Duration for Request c305e36a-6754-490c-a0d0-0bdc86d87808: 128 ms
Input: 1102500,
Cold Start: false
Unique ID: 7fac640d-bde4-47b8-99b5-b79aaa9f4b55,
Billed Duration for Request 7fac640d-bde4-47b8-99b5-b79aaa9f4b55: 154 ms
Input: 1102500,
Cold Start: false
Unique ID: 44aa8e69-4371-4b19-a56c-e8f4732c93a2,
Billed Duration for Request 44aa8e69-4371-4b19-a56c-e8f4732c93a2: 167 ms
Input: 1102500,
Cold Start: false
Unique ID: 312a6784-c1c0-48a2-9839-5dc717c9e507,
Billed Duration for Request 312a6784-c1c0-48a2-9839-5dc717c9e507: 110 ms
Input: 1102500,
Cold Start: false
Unique ID: d2af6f3f-1f81-4071-809d-4799b911c6ce,
Billed Duration for Request d2af6f3f-1f81-4071-809d-4799b911c6ce: 132 ms
Input: 1102500,
Cold Start: false
Unique ID: 2f44f878-256d-4439-9ef6-dcc9144178a2,
Billed Duration for Request 2f44f878-256d-4439-9ef6-dcc9144178a2: 124 ms
Input: 1102500,
Cold Start: false
Unique ID: 7684d79b-8411-4e1b-ac79-1203501d87ff,
Billed Duration for Request 7684d79b-8411-4e1b-ac79-1203501d87ff: 107 ms
Input: 1102500,
Cold Start: false
Unique ID: d37959fe-0f37-41d2-a819-00de701b374f,
Billed Duration for Request d37959fe-0f37-41d2-a819-00de701b374f: 120 ms
Input: 1102500,
Cold Start: false
Unique ID: ee31a816-c5fd-4649-bd14-1cdc6e5cefca,
Billed Duration for Request ee31a816-c5fd-4649-bd14-1cdc6e5cefca: 149 ms
Input: 1102500,
Cold Start: false
Unique ID: 096c9706-7589-40a7-8bce-11755f9cb208,
Billed Duration for Request 096c9706-7589-40a7-8bce-11755f9cb208: 138 ms
Input: 1102500,
Cold Start: false
Unique ID: c43113c7-5cb7-491d-aa94-dd02ba0f2f8e,
Billed Duration for Request c43113c7-5cb7-491d-aa94-dd02ba0f2f8e: 124 ms
Input: 1102500,
Cold Start: false
Unique ID: b6349930-d28d-43a0-8c44-b74c1b1d82e7,
Billed Duration for Request b6349930-d28d-43a0-8c44-b74c1b1d82e7: 113 ms
Input: 1102500,
Cold Start: false
Unique ID: 81972131-882f-4699-8eaf-c53db1bae440,
Billed Duration for Request 81972131-882f-4699-8eaf-c53db1bae440: 116 ms
Input: 1102500,
Cold Start: false
Unique ID: e1ba1406-058a-4b6e-85c4-d1c04f365dc6,
Billed Duration for Request e1ba1406-058a-4b6e-85c4-d1c04f365dc6: 129 ms
Input: 1102500,
Cold Start: false
Unique ID: 431db31c-2773-4a2c-ab46-a5f6deb6bdba,
Billed Duration for Request 431db31c-2773-4a2c-ab46-a5f6deb6bdba: 116 ms
Input: 1102500,
Cold Start: false
Unique ID: 65269f3e-d306-470c-9a7b-c6fb14dbd2bc,
Billed Duration for Request 65269f3e-d306-470c-9a7b-c6fb14dbd2bc: 91 ms
Input: 1102500,
Cold Start: false
Unique ID: 16ad2b78-5e01-4965-87dd-9e5eff4de5d1,
Billed Duration for Request 16ad2b78-5e01-4965-87dd-9e5eff4de5d1: 172 ms
Input: 1102500,
Cold Start: false
Unique ID: 83d729c0-50ab-4dd0-a357-2ed33e450c69,
Billed Duration for Request 83d729c0-50ab-4dd0-a357-2ed33e450c69: 103 ms
Input: 1102500,
Cold Start: false
Unique ID: d237bf03-ca5f-40ff-8bee-c2cfa4ac8840,
Billed Duration for Request d237bf03-ca5f-40ff-8bee-c2cfa4ac8840: 154 ms
Input: 1102500,
Cold Start: false
Unique ID: 0f554acd-d768-4274-9bec-84df541b97d7,
Billed Duration for Request 0f554acd-d768-4274-9bec-84df541b97d7: 109 ms
Input: 1102500,
Cold Start: false
Unique ID: 8ee02bb5-6c92-43b0-be59-863b052bcca0,
Billed Duration for Request 8ee02bb5-6c92-43b0-be59-863b052bcca0: 138 ms
Input: 1102500,
Cold Start: false
Unique ID: 725994b0-5f34-41b5-95e3-9c24066c5444,
Billed Duration for Request 725994b0-5f34-41b5-95e3-9c24066c5444: 152 ms
Input: 1102500,
Cold Start: false
Unique ID: abe71162-473b-4b47-9ac7-fd356fefa1b0,
Billed Duration for Request abe71162-473b-4b47-9ac7-fd356fefa1b0: 106 ms
Input: 1102500,
Cold Start: false
Unique ID: e8df0b37-37c1-4c38-9c2c-fe461754570b,
Billed Duration for Request e8df0b37-37c1-4c38-9c2c-fe461754570b: 137 ms
Input: 1102500,
Cold Start: false
Unique ID: 7ffd2602-986a-404a-b1f0-4c093a81e022,
Billed Duration for Request 7ffd2602-986a-404a-b1f0-4c093a81e022: 109 ms
Input: 1102500,
Cold Start: false
Unique ID: 12a38131-691d-4217-bd78-dfdf95b72bb5,
Billed Duration for Request 12a38131-691d-4217-bd78-dfdf95b72bb5: 110 ms
Input: 1102500,
Cold Start: false
Unique ID: 4286c985-5a7c-4b33-9e2c-450c1b4b114e,
Billed Duration for Request 4286c985-5a7c-4b33-9e2c-450c1b4b114e: 185 ms
Input: 1102500,
Cold Start: false
Unique ID: 908a28ed-6883-4686-9354-2b80b1a76c87,
Billed Duration for Request 908a28ed-6883-4686-9354-2b80b1a76c87: 117 ms
Input: 1102500,
Cold Start: false
Unique ID: 1b4661eb-5c98-49b6-bf2a-97ff73f7ffc9,
Billed Duration for Request 1b4661eb-5c98-49b6-bf2a-97ff73f7ffc9: 122 ms
Input: 1102500,
Cold Start: false
Unique ID: 36cb668e-2fb8-4463-805b-73e911ee7508,
Billed Duration for Request 36cb668e-2fb8-4463-805b-73e911ee7508: 91 ms
Input: 1102500,
Cold Start: false
Unique ID: fd7653cf-92f6-4971-956f-57141432410b,
Billed Duration for Request fd7653cf-92f6-4971-956f-57141432410b: 85 ms
Input: 1102500,
Cold Start: false
Unique ID: e05c428f-f5a8-47a0-8494-8f6a635917b9,
Billed Duration for Request e05c428f-f5a8-47a0-8494-8f6a635917b9: 173 ms
Input: 1102500,
Cold Start: false
Unique ID: fc913c1b-5f46-4d5c-815b-acf3b73862f0,
Billed Duration for Request fc913c1b-5f46-4d5c-815b-acf3b73862f0: 159 ms
Input: 1102500,
Cold Start: false
Unique ID: 59c71cc7-493e-4b80-a208-047180961195,
Billed Duration for Request 59c71cc7-493e-4b80-a208-047180961195: 106 ms
Input: 1102500,
Cold Start: false
Unique ID: 2c10847b-3818-4a64-98eb-55dc5b7d3588,
Billed Duration for Request 2c10847b-3818-4a64-98eb-55dc5b7d3588: 107 ms
Input: 1102500,
Cold Start: false
Unique ID: ff78b01b-3849-4e0b-be83-c7a03583b73d,
Billed Duration for Request ff78b01b-3849-4e0b-be83-c7a03583b73d: 152 ms
Input: 1102500,
Cold Start: false
Unique ID: 669058be-6e02-42cd-80ce-3c28caf5ffff,
Billed Duration for Request 669058be-6e02-42cd-80ce-3c28caf5ffff: 89 ms
Input: 1102500,
Cold Start: false
Unique ID: 85b8cf55-42e4-413f-b814-465ffdd5b00a,
Billed Duration for Request 85b8cf55-42e4-413f-b814-465ffdd5b00a: 133 ms
Input: 1102500,
Cold Start: false
Unique ID: 13f38b74-8498-42e1-a432-c277e40c5e2b,
Billed Duration for Request 13f38b74-8498-42e1-a432-c277e40c5e2b: 111 ms
Input: 1102500,
Cold Start: false
Unique ID: 7180b05d-c2df-4fd7-94b3-f8445b7f45b1,
Billed Duration for Request 7180b05d-c2df-4fd7-94b3-f8445b7f45b1: 114 ms
Input: 1102500,
Cold Start: false
Unique ID: 97248f03-2633-4cd4-9420-fb6746dc46a9,
Billed Duration for Request 97248f03-2633-4cd4-9420-fb6746dc46a9: 87 ms
Input: 1102500,
Cold Start: false
Unique ID: 43f1f94c-051d-4e0e-8a0e-5a886eabe66a,
Billed Duration for Request 43f1f94c-051d-4e0e-8a0e-5a886eabe66a: 144 ms
Input: 1102500,
Cold Start: false
Unique ID: 7f7dfe78-4d8d-4ea4-93a0-1c0a0dbd2711,
Billed Duration for Request 7f7dfe78-4d8d-4ea4-93a0-1c0a0dbd2711: 132 ms
Input: 1102500,
Cold Start: false
Unique ID: 0356dcc5-b8ea-4cb0-9d32-5f567f126ba6,
Billed Duration for Request 0356dcc5-b8ea-4cb0-9d32-5f567f126ba6: 159 ms
Input: 1102500,
Cold Start: false
Unique ID: bc546d96-9843-4342-a1e7-a9d79f69db0d,
Billed Duration for Request bc546d96-9843-4342-a1e7-a9d79f69db0d: 127 ms
Input: 1102500,
Cold Start: false
Unique ID: 2e99303c-c7af-49e4-a6a8-a00ae1c7e09a,
Billed Duration for Request 2e99303c-c7af-49e4-a6a8-a00ae1c7e09a: 98 ms
Input: 1102500,
Cold Start: false
Unique ID: feef3f90-3a9f-4efc-a42e-221d995eb1c3,
Billed Duration for Request feef3f90-3a9f-4efc-a42e-221d995eb1c3: 90 ms
Input: 1102500,
Cold Start: false
Unique ID: e0f19fad-d053-4e98-afaf-7c3ed3d07482,
Billed Duration for Request e0f19fad-d053-4e98-afaf-7c3ed3d07482: 141 ms
Input: 1102500,
Cold Start: false
Unique ID: c1e67625-5d2e-4ed5-9813-a13720da1de5,
Billed Duration for Request c1e67625-5d2e-4ed5-9813-a13720da1de5: 168 ms
Input: 1102500,
Cold Start: false
Unique ID: 17375abd-f8b3-4add-8f4f-594a8699e5b1,
Billed Duration for Request 17375abd-f8b3-4add-8f4f-594a8699e5b1: 112 ms
Input: 1102500,
Cold Start: false
Unique ID: df934855-c401-4e97-9107-e5ab55672f10,
Billed Duration for Request df934855-c401-4e97-9107-e5ab55672f10: 125 ms
Input: 1102500,
Cold Start: false
Unique ID: 8de11f03-53cb-48e8-8917-25aee5987caa,
Billed Duration for Request 8de11f03-53cb-48e8-8917-25aee5987caa: 115 ms
Input: 1102500,
Cold Start: false
Unique ID: 6470cc61-c927-4bda-be47-92269f71d6f1,
Billed Duration for Request 6470cc61-c927-4bda-be47-92269f71d6f1: 106 ms
Input: 1102500,
Cold Start: false
Unique ID: 01787bf6-798a-48c4-88de-3094aff58092,
Billed Duration for Request 01787bf6-798a-48c4-88de-3094aff58092: 111 ms
Input: 1102500,
Cold Start: false
Unique ID: bfb0e4cd-4cd9-4c0e-b909-01741051356b,
Billed Duration for Request bfb0e4cd-4cd9-4c0e-b909-01741051356b: 129 ms
Input: 1102500,
Cold Start: false
Unique ID: e294c6d3-06a8-4d1c-bb71-572c35947ec8,
Billed Duration for Request e294c6d3-06a8-4d1c-bb71-572c35947ec8: 119 ms
Input: 1102500,
Cold Start: false
Unique ID: 62fcaeea-1c36-449d-a6ed-7826d1d96120,
Billed Duration for Request 62fcaeea-1c36-449d-a6ed-7826d1d96120: 133 ms
Input: 1102500,
Cold Start: false
Unique ID: 68e61e34-6c6e-469f-980c-e37db80fce46,
Billed Duration for Request 68e61e34-6c6e-469f-980c-e37db80fce46: 123 ms
Input: 1102500,
Cold Start: false
Unique ID: f6a66847-e672-4daf-959d-02a20bb27379,
Billed Duration for Request f6a66847-e672-4daf-959d-02a20bb27379: 123 ms
Input: 1102500,
Cold Start: false
Unique ID: 8d4b5309-d953-4e39-a67a-5edeae164feb,
Billed Duration for Request 8d4b5309-d953-4e39-a67a-5edeae164feb: 97 ms
Input: 1102500,
Cold Start: false
Unique ID: 4e6bdc69-0894-44fe-be27-96f6d3066b02,
Billed Duration for Request 4e6bdc69-0894-44fe-be27-96f6d3066b02: 147 ms
Input: 1102500,
Cold Start: false
Unique ID: f4b92e5f-b150-4ec4-b5e8-c8013315f302,
Billed Duration for Request f4b92e5f-b150-4ec4-b5e8-c8013315f302: 135 ms
Input: 1102500,
Cold Start: false
Unique ID: 6f89efa1-98e7-4a67-aa95-3392df0ba868,
Billed Duration for Request 6f89efa1-98e7-4a67-aa95-3392df0ba868: 121 ms
Input: 1102500,
Cold Start: false
Unique ID: 1e29fc17-4d16-4ff2-b168-35f6b939031b,
Billed Duration for Request 1e29fc17-4d16-4ff2-b168-35f6b939031b: 107 ms
Input: 1102500,
Cold Start: false
Unique ID: ef635c3b-66e8-4fc5-8d12-114386430ae5,
Billed Duration for Request ef635c3b-66e8-4fc5-8d12-114386430ae5: 138 ms
Input: 1102500,
Cold Start: false
Unique ID: 1cece321-42c4-487f-9991-c9129ee0e411,
Billed Duration for Request 1cece321-42c4-487f-9991-c9129ee0e411: 168 ms
Input: 1102500,
Cold Start: false
Unique ID: d4c0b60f-5d1f-4a8a-bee3-df89a38d6743,
Billed Duration for Request d4c0b60f-5d1f-4a8a-bee3-df89a38d6743: 134 ms
Input: 1102500,
Cold Start: false
Unique ID: 5bae83e8-9d30-4864-80d8-98873283a630,
Billed Duration for Request 5bae83e8-9d30-4864-80d8-98873283a630: 162 ms
Input: 1102500,
Cold Start: false
Unique ID: d8b4178a-39db-4c9e-8cc7-18f3b4f1fa93,
Billed Duration for Request d8b4178a-39db-4c9e-8cc7-18f3b4f1fa93: 103 ms
Input: 1102500,
Cold Start: false
Unique ID: ca44afab-f052-4a78-a490-c00281165518,
Billed Duration for Request ca44afab-f052-4a78-a490-c00281165518: 123 ms
Input: 1102500,
Cold Start: false
Unique ID: 84366560-38f6-448e-bb26-b325b9e8fab5,
Billed Duration for Request 84366560-38f6-448e-bb26-b325b9e8fab5: 119 ms
Input: 1102500,
Cold Start: false
Unique ID: c0a533e7-fad8-4696-ac41-a3a95fc344ba,
Billed Duration for Request c0a533e7-fad8-4696-ac41-a3a95fc344ba: 116 ms
Input: 1102500,
Cold Start: false
Unique ID: 08e0a0f5-21b4-4dbb-be40-f844a5d4a2fa,
Billed Duration for Request 08e0a0f5-21b4-4dbb-be40-f844a5d4a2fa: 99 ms
Input: 1102500,
Cold Start: false
Unique ID: 8f26c102-57c6-452b-8165-7f9b2f1e248c,
Billed Duration for Request 8f26c102-57c6-452b-8165-7f9b2f1e248c: 110 ms
Input: 1102500,
Cold Start: false
Unique ID: 9f96613d-d90b-4f67-877b-13787188364e,
Billed Duration for Request 9f96613d-d90b-4f67-877b-13787188364e: 150 ms
Input: 1102500,
Cold Start: false
Unique ID: e88c2eab-3f1b-45da-abad-22c941085361,
Billed Duration for Request e88c2eab-3f1b-45da-abad-22c941085361: 132 ms
Input: 1102500,
Cold Start: false
Unique ID: 86f9aaa5-ea90-4c39-a29d-4a5d7c4f32c8,
Billed Duration for Request 86f9aaa5-ea90-4c39-a29d-4a5d7c4f32c8: 181 ms
Input: 1102500,
Cold Start: false
Unique ID: 600b4fbc-a6ee-46de-83d6-d58c774902b1,
Billed Duration for Request 600b4fbc-a6ee-46de-83d6-d58c774902b1: 108 ms
Input: 1102500,
Cold Start: false
Unique ID: 7d81b7ad-54a7-4354-a89e-2da3003afadc,
Billed Duration for Request 7d81b7ad-54a7-4354-a89e-2da3003afadc: 141 ms
Input: 1102500,
Cold Start: false
Unique ID: bdef16bc-33f1-4fbf-8218-b7ed670ef939,
Billed Duration for Request bdef16bc-33f1-4fbf-8218-b7ed670ef939: 90 ms
Input: 1102500,
Cold Start: false
Unique ID: 6c2e90c2-67b3-4537-b285-93b7d9001498,
Billed Duration for Request 6c2e90c2-67b3-4537-b285-93b7d9001498: 105 ms
Input: 1102500,
Cold Start: false
Unique ID: e17b9726-f259-4b88-b41a-d4c2d86a2069,
Billed Duration for Request e17b9726-f259-4b88-b41a-d4c2d86a2069: 116 ms
Input: 1102500,
Cold Start: false
Unique ID: cc0e3109-7d2c-4efc-a2e8-1fbafb3401ab,
Billed Duration for Request cc0e3109-7d2c-4efc-a2e8-1fbafb3401ab: 155 ms
Input: 1102500,
Cold Start: false
Unique ID: fe7eb3a6-51e1-40f1-a694-876cbdfe2d90,
Billed Duration for Request fe7eb3a6-51e1-40f1-a694-876cbdfe2d90: 150 ms
Input: 1102500,
Cold Start: false
Unique ID: aeee3547-a434-4768-a04d-f7aef7bfda95,
Billed Duration for Request aeee3547-a434-4768-a04d-f7aef7bfda95: 89 ms
Input: 1102500,
Cold Start: false
Unique ID: b5d298ca-97aa-4cb1-8bbb-e632b1629fc8,
Billed Duration for Request b5d298ca-97aa-4cb1-8bbb-e632b1629fc8: 150 ms
Input: 1102500,
Cold Start: false
Unique ID: 40aeaaaf-b0fb-49ab-b952-e2447efbb012,
Billed Duration for Request 40aeaaaf-b0fb-49ab-b952-e2447efbb012: 97 ms
Input: 1102500,
Cold Start: false
Unique ID: 4d90556e-3bd0-45d2-83e2-e30e080ac6dd,
Billed Duration for Request 4d90556e-3bd0-45d2-83e2-e30e080ac6dd: 147 ms
Input: 1102500,
Cold Start: false
Unique ID: a280a290-d0b6-4120-9c38-89ef506e8429,
Billed Duration for Request a280a290-d0b6-4120-9c38-89ef506e8429: 96 ms
Input: 1102500,
Cold Start: false
Unique ID: 1864be24-11f9-4a0d-9e12-89833b158619,
Billed Duration for Request 1864be24-11f9-4a0d-9e12-89833b158619: 87 ms
Input: 1102500,
Cold Start: false
Unique ID: d48bbbb9-1ade-4520-84fd-81209cd70c6a,
Billed Duration for Request d48bbbb9-1ade-4520-84fd-81209cd70c6a: 176 ms
Input: 1102500,
Cold Start: false
Unique ID: 8b13b04e-e404-408d-b9fd-a32c19c9efb5,
Billed Duration for Request 8b13b04e-e404-408d-b9fd-a32c19c9efb5: 146 ms
Input: 1102500,
Cold Start: false
Unique ID: 0df4db83-ef5d-44f5-9d0f-bcdf673126f0,
Billed Duration for Request 0df4db83-ef5d-44f5-9d0f-bcdf673126f0: 115 ms
Input: 1102500,
Cold Start: false
Unique ID: 246659d4-c261-4444-a58d-de565f26c6cc,
Billed Duration for Request 246659d4-c261-4444-a58d-de565f26c6cc: 107 ms
Input: 1102500,
Cold Start: false
Unique ID: b1872300-eae7-4d94-a669-2b18346142e9,
Billed Duration for Request b1872300-eae7-4d94-a669-2b18346142e9: 73 ms
Input: 1102500,
Cold Start: false
Unique ID: c9cfc446-7d25-465f-b41a-3b5a80a9b387,
Billed Duration for Request c9cfc446-7d25-465f-b41a-3b5a80a9b387: 138 ms
Input: 1102500,
Cold Start: false
Unique ID: 0a5cbde3-a1c2-4baa-b6cd-9b3f716d7238,
Billed Duration for Request 0a5cbde3-a1c2-4baa-b6cd-9b3f716d7238: 179 ms
Input: 1102500,
Cold Start: false
Unique ID: 54892318-10b3-4cdc-af7f-2b8636fbb22d,
Billed Duration for Request 54892318-10b3-4cdc-af7f-2b8636fbb22d: 144 ms
Input: 1102500,
Cold Start: false
Unique ID: 6d321538-9938-4ccf-bfb4-7cbc9daa0108,
Billed Duration for Request 6d321538-9938-4ccf-bfb4-7cbc9daa0108: 161 ms
Input: 1102500,
Cold Start: false
Unique ID: fe27f2dd-2117-49b7-b54f-49bf4e4186a8,
Billed Duration for Request fe27f2dd-2117-49b7-b54f-49bf4e4186a8: 107 ms
Input: 1102500,
Cold Start: false
Unique ID: 20a85f10-360e-40dc-8d4b-0f62bf94d5b5,
Billed Duration for Request 20a85f10-360e-40dc-8d4b-0f62bf94d5b5: 122 ms
Input: 1102500,
Cold Start: false
Unique ID: cca427bb-1f7a-400b-9bee-2699a8c6db89,
Billed Duration for Request cca427bb-1f7a-400b-9bee-2699a8c6db89: 91 ms
Input: 1102500,
Cold Start: false
Unique ID: 7248e9b3-fee3-43fb-a31e-be372c7c51cb,
Billed Duration for Request 7248e9b3-fee3-43fb-a31e-be372c7c51cb: 177 ms
Input: 1102500,
Cold Start: false
Unique ID: 96e5c2db-2327-48ff-bd7d-68e7f6ea6ae9,
Billed Duration for Request 96e5c2db-2327-48ff-bd7d-68e7f6ea6ae9: 182 ms
Input: 1102500,
Cold Start: false
Unique ID: 65b7ce81-70d4-45c7-9d24-07a200bc08d9,
Billed Duration for Request 65b7ce81-70d4-45c7-9d24-07a200bc08d9: 91 ms
Input: 1102500,
Cold Start: false
Unique ID: 3f591f71-818a-438b-8b06-676949017a26,
Billed Duration for Request 3f591f71-818a-438b-8b06-676949017a26: 103 ms
Input: 1102500,
Cold Start: false
Unique ID: f54638c3-7184-484d-b4c1-cbaeec24afe4,
Billed Duration for Request f54638c3-7184-484d-b4c1-cbaeec24afe4: 140 ms
Input: 1102500,
Cold Start: false
Unique ID: 856b8583-cbf6-4a73-93e9-05c0059f34f7,
Billed Duration for Request 856b8583-cbf6-4a73-93e9-05c0059f34f7: 163 ms
Input: 1102500,
Cold Start: false
Unique ID: de28a604-95a4-44f8-84be-c3492a62ee28,
Billed Duration for Request de28a604-95a4-44f8-84be-c3492a62ee28: 132 ms
Input: 1102500,
Cold Start: false
Unique ID: 9af3ee46-af98-4b5b-bce7-2b64a67215a7,
Billed Duration for Request 9af3ee46-af98-4b5b-bce7-2b64a67215a7: 125 ms
Input: 1102500,
Cold Start: false
Unique ID: 2ebc6814-948c-4f33-9376-2ea2b0da1acd,
Billed Duration for Request 2ebc6814-948c-4f33-9376-2ea2b0da1acd: 87 ms
Input: 1102500,
Cold Start: false
Unique ID: 41e16825-768c-4a9e-80c4-bcf10ca41182,
Billed Duration for Request 41e16825-768c-4a9e-80c4-bcf10ca41182: 93 ms
Input: 1102500,
Cold Start: false
Unique ID: cbaffb25-8516-413a-8c00-c6ecd9ac225b,
Billed Duration for Request cbaffb25-8516-413a-8c00-c6ecd9ac225b: 157 ms
Input: 1102500,
Cold Start: false
Unique ID: b5c7cd6b-8109-4ccf-8f33-c17a250c73db,
Billed Duration for Request b5c7cd6b-8109-4ccf-8f33-c17a250c73db: 104 ms
Input: 1102500,
Cold Start: false
Unique ID: b08d3c8c-ab59-4f4b-b729-54f8b022f580,
Billed Duration for Request b08d3c8c-ab59-4f4b-b729-54f8b022f580: 87 ms
Input: 1102500,
Cold Start: false
Unique ID: 9f34e997-abd9-47be-8044-891e76a3a2f5,
Billed Duration for Request 9f34e997-abd9-47be-8044-891e76a3a2f5: 152 ms
Input: 1102500,
Cold Start: false
Unique ID: be4ac052-b577-4bcd-a7be-67d75fc438b0,
Billed Duration for Request be4ac052-b577-4bcd-a7be-67d75fc438b0: 94 ms
Input: 1102500,
Cold Start: false
Unique ID: efbcca57-c02b-467b-8261-8773935f8d17,
Billed Duration for Request efbcca57-c02b-467b-8261-8773935f8d17: 124 ms
Input: 1102500,
Cold Start: false
Unique ID: d9635787-5cc2-4604-a7fb-357d476e4214,
Billed Duration for Request d9635787-5cc2-4604-a7fb-357d476e4214: 164 ms
Input: 1102500,
Cold Start: false
Unique ID: 201b2c13-2ac1-49ab-8e76-f4163afc96ba,
Billed Duration for Request 201b2c13-2ac1-49ab-8e76-f4163afc96ba: 109 ms
Input: 1102500,
Cold Start: false
Unique ID: 756e5fee-d714-4cf1-8cfc-9b3fcf6df85c,
Billed Duration for Request 756e5fee-d714-4cf1-8cfc-9b3fcf6df85c: 102 ms
Input: 1102500,
Cold Start: false
Unique ID: 34ae3c24-96c5-4eb4-9cde-f9d7fb915d62,
Billed Duration for Request 34ae3c24-96c5-4eb4-9cde-f9d7fb915d62: 154 ms
Input: 1102500,
Cold Start: false
Unique ID: 34d009ac-284d-4744-a2c6-d745447afdb3,
Billed Duration for Request 34d009ac-284d-4744-a2c6-d745447afdb3: 162 ms
Input: 1102500,
Cold Start: false
Unique ID: b0268403-e028-4a63-85fb-213bf32f7a23,
Billed Duration for Request b0268403-e028-4a63-85fb-213bf32f7a23: 108 ms
Input: 1102500,
Cold Start: false
Unique ID: 6f03211b-cc19-482c-89de-57ef8790096d,
Billed Duration for Request 6f03211b-cc19-482c-89de-57ef8790096d: 115 ms
Input: 1102500,
Cold Start: false
Unique ID: 9bb408c3-1318-47c4-ada4-c094ee790435,
Billed Duration for Request 9bb408c3-1318-47c4-ada4-c094ee790435: 143 ms
Input: 1102500,
Cold Start: false
Unique ID: f9910746-b3c8-46de-871d-7b4f841f40a9,
Billed Duration for Request f9910746-b3c8-46de-871d-7b4f841f40a9: 144 ms
Input: 1102500,
Cold Start: false
Unique ID: b4882081-081f-4a69-b8e9-6f78a2d0ba24,
Billed Duration for Request b4882081-081f-4a69-b8e9-6f78a2d0ba24: 145 ms
Input: 1102500,
Cold Start: false
Unique ID: 74f54a2d-103b-4f18-9b93-a0bb310eca14,
Billed Duration for Request 74f54a2d-103b-4f18-9b93-a0bb310eca14: 86 ms
Input: 1102500,
Cold Start: false
Unique ID: aa6b9663-795a-48f2-8ac5-f3f9927d4775,
Billed Duration for Request aa6b9663-795a-48f2-8ac5-f3f9927d4775: 128 ms
Input: 1102500,
Cold Start: false
Unique ID: 329dbbba-394b-4bd5-9d2e-707ebb37ee86,
Billed Duration for Request 329dbbba-394b-4bd5-9d2e-707ebb37ee86: 104 ms
Input: 1102500,
Cold Start: false
Unique ID: 04e00000-abf8-4083-b4da-31991fc575ab,
Billed Duration for Request 04e00000-abf8-4083-b4da-31991fc575ab: 149 ms
Input: 1102500,
Cold Start: false
Unique ID: ae7d1673-f908-4437-932a-4e7c2d36115e,
Billed Duration for Request ae7d1673-f908-4437-932a-4e7c2d36115e: 104 ms
Input: 1102500,
Cold Start: false
Unique ID: 2856cd87-c962-43ca-a104-999a0aba47bb,
Billed Duration for Request 2856cd87-c962-43ca-a104-999a0aba47bb: 133 ms
Input: 1102500,
Cold Start: false
Unique ID: 96550ff4-1bdd-42f0-ab08-69b0c4c7a036,
Billed Duration for Request 96550ff4-1bdd-42f0-ab08-69b0c4c7a036: 135 ms
Input: 1102500,
Cold Start: false
Unique ID: 58367b2b-b701-4f8a-98ba-b18904e83398,
Billed Duration for Request 58367b2b-b701-4f8a-98ba-b18904e83398: 126 ms
Input: 1102500,
Cold Start: false
Unique ID: 618ae8c5-2ab0-418b-85b9-2ec8a28cb6c1,
Billed Duration for Request 618ae8c5-2ab0-418b-85b9-2ec8a28cb6c1: 131 ms
Input: 1102500,
Cold Start: false
Unique ID: 136a3d34-1805-4537-bddf-0ade6e9e5833,
Billed Duration for Request 136a3d34-1805-4537-bddf-0ade6e9e5833: 184 ms
Input: 1102500,
Cold Start: false
Unique ID: 7250b062-d039-48b4-931f-d01b7272d4be,
Billed Duration for Request 7250b062-d039-48b4-931f-d01b7272d4be: 92 ms
Input: 1102500,
Cold Start: false
Unique ID: 54126b6b-d3c7-40fd-9f78-738be96dbb21,
Billed Duration for Request 54126b6b-d3c7-40fd-9f78-738be96dbb21: 94 ms
Input: 1102500,
Cold Start: false
Unique ID: a6f76bf6-a41f-48b0-ab33-0451171233c5,
Billed Duration for Request a6f76bf6-a41f-48b0-ab33-0451171233c5: 122 ms
Input: 1102500,
Cold Start: false
Unique ID: 04af38bb-5acc-42f8-ad11-f2d7baedc4c6,
Billed Duration for Request 04af38bb-5acc-42f8-ad11-f2d7baedc4c6: 98 ms
Input: 1102500,
Cold Start: false
Unique ID: 5c852b2b-3730-4a0f-b713-91faff853fc4,
Billed Duration for Request 5c852b2b-3730-4a0f-b713-91faff853fc4: 154 ms
Input: 1102500,
Cold Start: false
Unique ID: 4d733b40-a636-4043-a061-52e92833b787,
Billed Duration for Request 4d733b40-a636-4043-a061-52e92833b787: 108 ms
Input: 1102500,
Cold Start: false
Unique ID: 26f97063-43d1-42bc-867d-ab58ddd1cdf7,
Billed Duration for Request 26f97063-43d1-42bc-867d-ab58ddd1cdf7: 130 ms
Input: 1102500,
Cold Start: false
Unique ID: 5afb854e-6f30-44d9-8700-5d75f8a4ac21,
Billed Duration for Request 5afb854e-6f30-44d9-8700-5d75f8a4ac21: 147 ms
Input: 1102500,
Cold Start: false
Unique ID: c6b878a1-6c29-49b1-a756-245f6c6bd781,
Billed Duration for Request c6b878a1-6c29-49b1-a756-245f6c6bd781: 135 ms
Input: 1102500,
Cold Start: false
Unique ID: 5f30ced4-a6d6-4bbd-8281-2856b92b3f9b,
Billed Duration for Request 5f30ced4-a6d6-4bbd-8281-2856b92b3f9b: 92 ms
Input: 1102500,
Cold Start: false
Unique ID: 4bc13305-7ec3-46c1-a207-7cc127a133b6,
Billed Duration for Request 4bc13305-7ec3-46c1-a207-7cc127a133b6: 162 ms
Input: 1102500,
Cold Start: false
Unique ID: 48e76516-04c9-4ec7-857a-75e0669adcda,
Billed Duration for Request 48e76516-04c9-4ec7-857a-75e0669adcda: 105 ms
Input: 1102500,
Cold Start: false
Unique ID: 9a1964dc-bebc-48d9-a046-8d3edc4b50c0,
Billed Duration for Request 9a1964dc-bebc-48d9-a046-8d3edc4b50c0: 123 ms
Input: 1102500,
Cold Start: false
Unique ID: 51c955e9-dcae-43ee-bd38-b82da39dfad4,
Billed Duration for Request 51c955e9-dcae-43ee-bd38-b82da39dfad4: 108 ms
Input: 1102500,
Cold Start: false
Unique ID: e0ee024a-22bc-4df0-8153-e6a3ce29182c,
Billed Duration for Request e0ee024a-22bc-4df0-8153-e6a3ce29182c: 172 ms
Input: 1102500,
Cold Start: false
Unique ID: 9717250c-8a3f-4dc6-bd2c-1419c05c4ed7,
Billed Duration for Request 9717250c-8a3f-4dc6-bd2c-1419c05c4ed7: 191 ms
Input: 1102500,
Cold Start: false
Unique ID: ec9502a1-3bc9-416f-b62b-7a012eb11720,
Billed Duration for Request ec9502a1-3bc9-416f-b62b-7a012eb11720: 90 ms
Input: 1102500,
Cold Start: false
Unique ID: 272bf8c3-2e3b-48ba-8bb8-d07f955aaaac,
Billed Duration for Request 272bf8c3-2e3b-48ba-8bb8-d07f955aaaac: 101 ms
Input: 1102500,
Cold Start: false
Unique ID: 5ba27232-172b-4a18-a418-4191f80b1130,
Billed Duration for Request 5ba27232-172b-4a18-a418-4191f80b1130: 157 ms
Input: 1102500,
Cold Start: false
Unique ID: a3a0552a-e1c3-42ec-b601-5b0408e2e15c,
Billed Duration for Request a3a0552a-e1c3-42ec-b601-5b0408e2e15c: 163 ms
Input: 1102500,
Cold Start: false
Unique ID: 54945ee6-88a4-4909-8c67-dfbbf9fc175a,
Billed Duration for Request 54945ee6-88a4-4909-8c67-dfbbf9fc175a: 124 ms
Input: 1102500,
Cold Start: false
Unique ID: 25111da3-f44f-43ce-9052-08731a542e3e,
Billed Duration for Request 25111da3-f44f-43ce-9052-08731a542e3e: 123 ms
Input: 1102500,
Cold Start: false
Unique ID: 0c873746-30b4-4279-b9fa-919f96b3a97e,
Billed Duration for Request 0c873746-30b4-4279-b9fa-919f96b3a97e: 140 ms
Input: 1102500,
Cold Start: false
Unique ID: 4a920af2-5b88-49a0-b9e3-ce46e7e8d4b3,
Billed Duration for Request 4a920af2-5b88-49a0-b9e3-ce46e7e8d4b3: 94 ms
Input: 1102500,
Cold Start: false
Unique ID: 371bbbb2-ba7b-45e3-a2e2-5d1db4cbbc8a,
Billed Duration for Request 371bbbb2-ba7b-45e3-a2e2-5d1db4cbbc8a: 114 ms
Input: 1102500,
Cold Start: false
Unique ID: ecbc95a2-7e6f-43cd-bf0d-609ac8727580,
Billed Duration for Request ecbc95a2-7e6f-43cd-bf0d-609ac8727580: 134 ms
Input: 1102500,
Cold Start: false
Unique ID: aa719c94-cd07-41a5-b1f6-b7c332a296b3,
Billed Duration for Request aa719c94-cd07-41a5-b1f6-b7c332a296b3: 114 ms
Input: 1102500,
Cold Start: false
Unique ID: 80d36a49-401c-42bf-b6a0-2ef20605ec38,
Billed Duration for Request 80d36a49-401c-42bf-b6a0-2ef20605ec38: 139 ms
Input: 1102500,
Cold Start: false
Unique ID: 4d7066c3-82f2-47de-ae71-2b392f632614,
Billed Duration for Request 4d7066c3-82f2-47de-ae71-2b392f632614: 156 ms
Input: 1102500,
Cold Start: false
Unique ID: 7505d097-3a79-4836-a5df-b64f57f4d1b8,
Billed Duration for Request 7505d097-3a79-4836-a5df-b64f57f4d1b8: 155 ms
Input: 1102500,
Cold Start: false
Unique ID: e75fb36b-979d-48b0-88c4-8ffb3ea794af,
Billed Duration for Request e75fb36b-979d-48b0-88c4-8ffb3ea794af: 140 ms
Input: 1102500,
Cold Start: false
Unique ID: e7357635-f0e4-49e6-a06a-ab341673e9cf,
Billed Duration for Request e7357635-f0e4-49e6-a06a-ab341673e9cf: 127 ms
Input: 1102500,
Cold Start: false
Unique ID: f89b6604-a83f-4a80-aa4e-a6a394e7ea4a,
Billed Duration for Request f89b6604-a83f-4a80-aa4e-a6a394e7ea4a: 95 ms
Input: 1102500,
Cold Start: false
Unique ID: 817acd43-ee8c-4360-a2d4-4dc1e20037fb,
Billed Duration for Request 817acd43-ee8c-4360-a2d4-4dc1e20037fb: 91 ms
Input: 1102500,
Cold Start: false
Unique ID: 8cbef657-53b9-4d5d-8895-256d8fd0b160,
Billed Duration for Request 8cbef657-53b9-4d5d-8895-256d8fd0b160: 167 ms
Input: 1102500,
Cold Start: false
Unique ID: f9805bfc-be92-45fa-9d8e-e45f9308dcd5,
Billed Duration for Request f9805bfc-be92-45fa-9d8e-e45f9308dcd5: 147 ms
Input: 1102500,
Cold Start: false
Unique ID: c03b216f-330b-4aa2-abe0-252b41a4b013,
Billed Duration for Request c03b216f-330b-4aa2-abe0-252b41a4b013: 115 ms
Input: 1102500,
Cold Start: false
Unique ID: 50e5b7e6-8442-4770-99f5-2b8dafed7c67,
Billed Duration for Request 50e5b7e6-8442-4770-99f5-2b8dafed7c67: 108 ms
Input: 1102500,
Cold Start: false
Unique ID: 7c7a4f7e-3ef9-4897-82cd-5024964ae2f4,
Billed Duration for Request 7c7a4f7e-3ef9-4897-82cd-5024964ae2f4: 93 ms
Input: 1102500,
Cold Start: false
Unique ID: dbc3b14e-3061-4e03-a406-db4cbac85920,
Billed Duration for Request dbc3b14e-3061-4e03-a406-db4cbac85920: 120 ms
Input: 1102500,
Cold Start: false
Unique ID: c37eda23-4240-4cba-a62c-414ebccbea53,
Billed Duration for Request c37eda23-4240-4cba-a62c-414ebccbea53: 163 ms
Input: 1102500,
Cold Start: false
Unique ID: e47e2818-5278-4a6c-8d25-7b13caf80538,
Billed Duration for Request e47e2818-5278-4a6c-8d25-7b13caf80538: 107 ms
Input: 1102500,
Cold Start: false
Unique ID: efabfba1-4b08-4dc6-9737-39a137d34d78,
Billed Duration for Request efabfba1-4b08-4dc6-9737-39a137d34d78: 88 ms
Input: 1102500,
Cold Start: false
Unique ID: 253eda9f-c07e-4ab4-95a1-780d5481a991,
Billed Duration for Request 253eda9f-c07e-4ab4-95a1-780d5481a991: 151 ms
Input: 1102500,
Cold Start: false
Unique ID: feec5a8a-1efd-41b1-aa4b-c0d35571bfc8,
Billed Duration for Request feec5a8a-1efd-41b1-aa4b-c0d35571bfc8: 107 ms
Input: 1102500,
Cold Start: false
Unique ID: ad4c199a-012a-4deb-8ae2-ad71b6870396,
Billed Duration for Request ad4c199a-012a-4deb-8ae2-ad71b6870396: 161 ms
Input: 1102500,
Cold Start: false
Unique ID: ea35723c-fbd7-4631-a975-cf37165134bf,
Billed Duration for Request ea35723c-fbd7-4631-a975-cf37165134bf: 112 ms
Input: 1102500,
Cold Start: false
Unique ID: 0d45e6e3-9982-44f0-b503-47e584f09116,
Billed Duration for Request 0d45e6e3-9982-44f0-b503-47e584f09116: 140 ms
Input: 1102500,
Cold Start: false
Unique ID: aed52ea8-a395-47a5-8655-2c7872f8f4c1,
Billed Duration for Request aed52ea8-a395-47a5-8655-2c7872f8f4c1: 134 ms
Input: 1102500,
Cold Start: false
Unique ID: 875b80fa-f4e9-4419-9f8e-c24f10e8a270,
Billed Duration for Request 875b80fa-f4e9-4419-9f8e-c24f10e8a270: 122 ms
Input: 1102500,
Cold Start: false
Unique ID: f502ee3c-7467-4de8-a758-1f62a5e6afc9,
Billed Duration for Request f502ee3c-7467-4de8-a758-1f62a5e6afc9: 127 ms
Input: 1102500,
Cold Start: false
Unique ID: c4effeaa-79ba-46f3-b8f3-a3f423779acb,
Billed Duration for Request c4effeaa-79ba-46f3-b8f3-a3f423779acb: 108 ms
Input: 1102500,
Cold Start: false
Unique ID: 0d41bbfd-b64b-4624-bd26-a30b2706414c,
Billed Duration for Request 0d41bbfd-b64b-4624-bd26-a30b2706414c: 124 ms
Input: 1102500,
Cold Start: false
Unique ID: 4bb9f0f8-e095-4e7f-8b38-73a2162820f0,
Billed Duration for Request 4bb9f0f8-e095-4e7f-8b38-73a2162820f0: 94 ms
Input: 1102500,
Cold Start: false
Unique ID: da2cd676-7315-4eb1-9011-b26fcfac880b,
Billed Duration for Request da2cd676-7315-4eb1-9011-b26fcfac880b: 118 ms
Input: 1102500,
Cold Start: false
Unique ID: a4a9d357-f706-44a0-9aab-37125062f8bf,
Billed Duration for Request a4a9d357-f706-44a0-9aab-37125062f8bf: 126 ms
Input: 1102500,
Cold Start: false
Unique ID: 94200107-1aca-43d2-b808-d4f0459f7eab,
Billed Duration for Request 94200107-1aca-43d2-b808-d4f0459f7eab: 132 ms
Input: 1102500,
Cold Start: false
Unique ID: 4e1a3a5b-bf51-4e04-9dd1-53bc36342802,
Billed Duration for Request 4e1a3a5b-bf51-4e04-9dd1-53bc36342802: 119 ms
Input: 1102500,
Cold Start: false
Unique ID: 2edf2ade-27d7-4ec4-8945-50e70f0d7dc6,
Billed Duration for Request 2edf2ade-27d7-4ec4-8945-50e70f0d7dc6: 99 ms
Input: 1102500,
Cold Start: false
Unique ID: 4617e8e5-818a-4514-a39e-6860118434ae,
Billed Duration for Request 4617e8e5-818a-4514-a39e-6860118434ae: 122 ms
Input: 1102500,
Cold Start: false
Unique ID: 493c9186-3b9b-4850-9535-9fa731add5c6,
Billed Duration for Request 493c9186-3b9b-4850-9535-9fa731add5c6: 148 ms
Input: 1102500,
Cold Start: false
Unique ID: 5e2b58f8-7904-42cb-960a-bdb98d7a3516,
Billed Duration for Request 5e2b58f8-7904-42cb-960a-bdb98d7a3516: 91 ms
Input: 1102500,
Cold Start: false
Unique ID: 78b914fd-1740-446c-beb4-f0bd53ca3577,
Billed Duration for Request 78b914fd-1740-446c-beb4-f0bd53ca3577: 123 ms
Input: 1102500,
Cold Start: false
Unique ID: ea7a9877-afaf-4c69-9a2d-52a41c923cc5,
Billed Duration for Request ea7a9877-afaf-4c69-9a2d-52a41c923cc5: 117 ms
Input: 1102500,
Cold Start: false
Unique ID: 49dd22da-204d-4a23-9331-80d946f5d1df,
Billed Duration for Request 49dd22da-204d-4a23-9331-80d946f5d1df: 177 ms
Input: 1102500,
Cold Start: false
Unique ID: acf687e6-f459-4429-a041-7f079163df2b,
Billed Duration for Request acf687e6-f459-4429-a041-7f079163df2b: 124 ms
Input: 1102500,
Cold Start: false
Unique ID: 7edad819-829c-46ba-ab64-25e9df39ff07,
Billed Duration for Request 7edad819-829c-46ba-ab64-25e9df39ff07: 112 ms
Input: 1102500,
Cold Start: false
Unique ID: 07dc7c5c-527c-4bde-ab82-f5a3281c8d4e,
Billed Duration for Request 07dc7c5c-527c-4bde-ab82-f5a3281c8d4e: 91 ms
Input: 1102500,
Cold Start: false
Unique ID: a12331ee-8231-4862-946b-0db3bbc08b98,
Billed Duration for Request a12331ee-8231-4862-946b-0db3bbc08b98: 152 ms
Input: 1102500,
Cold Start: false
Unique ID: 5cc32ea0-9e6d-4f50-a542-3cc6b646a55b,
Billed Duration for Request 5cc32ea0-9e6d-4f50-a542-3cc6b646a55b: 111 ms
Input: 1102500,
Cold Start: false
Unique ID: 560974a5-e5a2-463f-b424-c35b76790da6,
Billed Duration for Request 560974a5-e5a2-463f-b424-c35b76790da6: 181 ms
Input: 1102500,
Cold Start: false
Unique ID: 61b56fae-5ab4-450e-aa27-b7e200234da5,
Billed Duration for Request 61b56fae-5ab4-450e-aa27-b7e200234da5: 94 ms
Input: 1102500,
Cold Start: false
Unique ID: df113ed6-66e6-4e38-a9e8-4c1dc7547ee6,
Billed Duration for Request df113ed6-66e6-4e38-a9e8-4c1dc7547ee6: 104 ms
Input: 1102500,
Cold Start: false
Unique ID: 966c065c-fc0f-4613-81fc-99f92cf56026,
Billed Duration for Request 966c065c-fc0f-4613-81fc-99f92cf56026: 110 ms
Input: 1102500,
Cold Start: false
Unique ID: 1fe66ab1-2be8-4ecb-b56c-968ac47adc99,
Billed Duration for Request 1fe66ab1-2be8-4ecb-b56c-968ac47adc99: 108 ms
Input: 1102500,
Cold Start: false
Unique ID: 0e567077-bcd1-4834-abab-85683126fc50,
Billed Duration for Request 0e567077-bcd1-4834-abab-85683126fc50: 181 ms
Input: 1102500,
Cold Start: false
Unique ID: 0a5833a9-416b-4cd6-9c97-d065b1a62fac,
Billed Duration for Request 0a5833a9-416b-4cd6-9c97-d065b1a62fac: 131 ms
Input: 1102500,
Cold Start: false
Unique ID: 76217d78-7656-4bf9-8434-f197c88692be,
Billed Duration for Request 76217d78-7656-4bf9-8434-f197c88692be: 121 ms
Input: 1102500,
Cold Start: false
Unique ID: 5e68237d-f33d-4457-81ac-1836e32540df,
Billed Duration for Request 5e68237d-f33d-4457-81ac-1836e32540df: 110 ms
Input: 1102500,
Cold Start: false
Unique ID: ca1a8874-7fe9-4e45-8858-dc19c897480e,
Billed Duration for Request ca1a8874-7fe9-4e45-8858-dc19c897480e: 97 ms
Input: 1102500,
Cold Start: false
Unique ID: c4afbacf-e058-4be8-999e-991315ca5990,
Billed Duration for Request c4afbacf-e058-4be8-999e-991315ca5990: 148 ms
Input: 1102500,
Cold Start: false
Unique ID: 786b3c15-9a1d-4b31-8742-5de96ddad97d,
Billed Duration for Request 786b3c15-9a1d-4b31-8742-5de96ddad97d: 112 ms
Input: 1102500,
Cold Start: false
Unique ID: 8a51867e-5169-429e-9088-6d379ebafd05,
Billed Duration for Request 8a51867e-5169-429e-9088-6d379ebafd05: 117 ms
Input: 1102500,
Cold Start: false
Unique ID: dace8c9f-480a-4b94-8b28-4ddbbf895676,
Billed Duration for Request dace8c9f-480a-4b94-8b28-4ddbbf895676: 147 ms
Input: 1102500,
Cold Start: false
Unique ID: 6c1d523a-e9d9-447f-9919-4d2d08b7025e,
Billed Duration for Request 6c1d523a-e9d9-447f-9919-4d2d08b7025e: 117 ms
Input: 1102500,
Cold Start: false
Unique ID: 7b3e3698-d9ce-42fc-9af4-25ca406bb8d8,
Billed Duration for Request 7b3e3698-d9ce-42fc-9af4-25ca406bb8d8: 107 ms
Input: 1102500,
Cold Start: false
Unique ID: d673cbe8-8c8c-496c-a929-ec0da2a4e793,
Billed Duration for Request d673cbe8-8c8c-496c-a929-ec0da2a4e793: 149 ms
Input: 1102500,
Cold Start: false
Unique ID: cc866eed-6fd7-4b3a-a607-2a5357a4614d,
Billed Duration for Request cc866eed-6fd7-4b3a-a607-2a5357a4614d: 105 ms
Input: 1102500,
Cold Start: false
Unique ID: ef97598f-a53b-4289-8730-259e5ab62a5a,
Billed Duration for Request ef97598f-a53b-4289-8730-259e5ab62a5a: 91 ms
Input: 1102500,
Cold Start: false
Unique ID: 1a9694e1-0fe1-4a20-b4cd-eeadfe4172e8,
Billed Duration for Request 1a9694e1-0fe1-4a20-b4cd-eeadfe4172e8: 161 ms
Input: 1102500,
Cold Start: false
Unique ID: 7f01e9d7-90a2-4086-91b6-3ef87fe78c27,
Billed Duration for Request 7f01e9d7-90a2-4086-91b6-3ef87fe78c27: 160 ms
Input: 1102500,
Cold Start: false
Unique ID: dfc5eebf-b18c-4a56-a1b2-db784d955bae,
Billed Duration for Request dfc5eebf-b18c-4a56-a1b2-db784d955bae: 87 ms
Input: 1102500,
Cold Start: false
Unique ID: 7d6d5867-1001-4d46-a796-62b36a53ad22,
Billed Duration for Request 7d6d5867-1001-4d46-a796-62b36a53ad22: 103 ms
Input: 1102500,
Cold Start: false
Unique ID: 4ca8fd19-3c42-4382-964a-f0c93b66dac9,
Billed Duration for Request 4ca8fd19-3c42-4382-964a-f0c93b66dac9: 91 ms
Input: 1102500,
Cold Start: false
Unique ID: 9daa7fa0-7062-43d1-b0de-41404f0e4d12,
Billed Duration for Request 9daa7fa0-7062-43d1-b0de-41404f0e4d12: 116 ms
Input: 1102500,
Cold Start: false
Unique ID: 6bea7808-8985-40c8-9434-1aac0869c727,
Billed Duration for Request 6bea7808-8985-40c8-9434-1aac0869c727: 167 ms
Input: 1102500,
Cold Start: false
Unique ID: 707e49cd-6876-4bf7-92de-43eba263d029,
Billed Duration for Request 707e49cd-6876-4bf7-92de-43eba263d029: 92 ms
Input: 1102500,
Cold Start: false
Unique ID: 3ea0fe73-5fd7-4fa5-a3fc-ddfdb1a6a5b5,
Billed Duration for Request 3ea0fe73-5fd7-4fa5-a3fc-ddfdb1a6a5b5: 165 ms
Input: 1102500,
Cold Start: false
Unique ID: 26d263d1-9e16-49ca-a542-8b2f2fcf7928,
Billed Duration for Request 26d263d1-9e16-49ca-a542-8b2f2fcf7928: 159 ms
Input: 1102500,
Cold Start: false
Unique ID: 84fa13f0-7389-4987-be89-5309eb81bfaa,
Billed Duration for Request 84fa13f0-7389-4987-be89-5309eb81bfaa: 140 ms
Input: 1102500,
Cold Start: false
Unique ID: 5a83856a-ea4a-4a8e-88c9-be1fd88f1b7b,
Billed Duration for Request 5a83856a-ea4a-4a8e-88c9-be1fd88f1b7b: 151 ms
Input: 1102500,
Cold Start: false
Unique ID: 4f08d2d4-c35d-464d-aee2-3e8ef8df33d3,
Billed Duration for Request 4f08d2d4-c35d-464d-aee2-3e8ef8df33d3: 92 ms
Input: 1102500,
Cold Start: false
Unique ID: 24258b8f-20cd-468e-9ade-becd9ac28ce1,
Billed Duration for Request 24258b8f-20cd-468e-9ade-becd9ac28ce1: 120 ms
Input: 1102500,
Cold Start: false
Unique ID: 40be6659-b650-4ec5-a6f8-606dfa758ed6,
Billed Duration for Request 40be6659-b650-4ec5-a6f8-606dfa758ed6: 110 ms
Input: 1102500,
Cold Start: false
Unique ID: 0b10aba1-415f-4913-9182-74675b6e7f4a,
Billed Duration for Request 0b10aba1-415f-4913-9182-74675b6e7f4a: 123 ms
Input: 1102500,
Cold Start: false
Unique ID: 41cea41b-f89e-491c-983f-8085ac458a93,
Billed Duration for Request 41cea41b-f89e-491c-983f-8085ac458a93: 127 ms
Input: 1102500,
Cold Start: false
Unique ID: 08fd64a2-882e-4422-98d6-bf6b91d7dc72,
Billed Duration for Request 08fd64a2-882e-4422-98d6-bf6b91d7dc72: 146 ms
Input: 1102500,
Cold Start: false
Unique ID: 589281d6-5eb3-47fc-9460-6939257b69fe,
Billed Duration for Request 589281d6-5eb3-47fc-9460-6939257b69fe: 166 ms
Input: 1102500,
Cold Start: false
Unique ID: e34ab2dc-7479-486b-b0a4-a8a0bb0d9b24,
Billed Duration for Request e34ab2dc-7479-486b-b0a4-a8a0bb0d9b24: 147 ms
Input: 1102500,
Cold Start: false
Unique ID: e93a1d6a-1f79-497d-be92-ab40a0c7c77d,
Billed Duration for Request e93a1d6a-1f79-497d-be92-ab40a0c7c77d: 121 ms
Input: 1102500,
Cold Start: false
Unique ID: 5fb508a7-7c00-4971-9a1a-bc94627ddb95,
Billed Duration for Request 5fb508a7-7c00-4971-9a1a-bc94627ddb95: 132 ms
Input: 1102500,
Cold Start: false
Unique ID: 84c699db-1fc8-4ef9-bbdc-045b1f75267c,
Billed Duration for Request 84c699db-1fc8-4ef9-bbdc-045b1f75267c: 173 ms
Input: 1102500,
Cold Start: false
Unique ID: a010de2d-c229-4599-b9e2-428ecd9a08a7,
Billed Duration for Request a010de2d-c229-4599-b9e2-428ecd9a08a7: 106 ms
Input: 1102500,
Cold Start: false
Unique ID: e3a4e51d-f200-4b4c-934f-393a045d2b0a,
Billed Duration for Request e3a4e51d-f200-4b4c-934f-393a045d2b0a: 95 ms
Input: 1102500,
Cold Start: false
Unique ID: cf1beedd-c285-4c17-8ed2-3aad2ab4aee4,
Billed Duration for Request cf1beedd-c285-4c17-8ed2-3aad2ab4aee4: 115 ms
Input: 1102500,
Cold Start: false
Unique ID: 2ad280a1-24a9-4a50-b12d-9519ff3780e3,
Billed Duration for Request 2ad280a1-24a9-4a50-b12d-9519ff3780e3: 167 ms
Input: 1102500,
Cold Start: false
Unique ID: 04ebf1d9-c28e-40af-8375-8bd7bdd837cc,
Billed Duration for Request 04ebf1d9-c28e-40af-8375-8bd7bdd837cc: 127 ms
Input: 1102500,
Cold Start: false
Unique ID: 66b1b2f8-3b70-4245-8930-fed7e6c9c1fa,
Billed Duration for Request 66b1b2f8-3b70-4245-8930-fed7e6c9c1fa: 120 ms
Input: 1102500,
Cold Start: false
Unique ID: a40e0a20-ec67-4819-9eca-10e53e95cdc6,
Billed Duration for Request a40e0a20-ec67-4819-9eca-10e53e95cdc6: 171 ms
Input: 1102500,
Cold Start: false
Unique ID: bbc0d2dd-fb44-4a3c-9673-13bdd1b65cea,
Billed Duration for Request bbc0d2dd-fb44-4a3c-9673-13bdd1b65cea: 144 ms
Input: 1102500,
Cold Start: false
Unique ID: 9ad05b4e-ff3c-4b1c-8b97-2dcddc089811,
Billed Duration for Request 9ad05b4e-ff3c-4b1c-8b97-2dcddc089811: 182 ms
Input: 1102500,
Cold Start: false
Unique ID: 9a3db3eb-6f2a-406a-9880-9deefe7f94b4,
Billed Duration for Request 9a3db3eb-6f2a-406a-9880-9deefe7f94b4: 89 ms
Input: 1102500,
Cold Start: false
Unique ID: cd2b585e-54e7-4fce-bda9-29091450c724,
Billed Duration for Request cd2b585e-54e7-4fce-bda9-29091450c724: 140 ms
Input: 1102500,
Cold Start: false
Unique ID: 7689569e-4967-4a5a-869d-ab39de451273,
Billed Duration for Request 7689569e-4967-4a5a-869d-ab39de451273: 101 ms
Input: 1102500,
Cold Start: false
Unique ID: 0ff28523-6602-4828-88e9-13c803aea8d9,
Billed Duration for Request 0ff28523-6602-4828-88e9-13c803aea8d9: 161 ms
Input: 1102500,
Cold Start: false
Unique ID: 7bb86dfd-f8b4-44dd-8553-b3eee0823e3a,
Billed Duration for Request 7bb86dfd-f8b4-44dd-8553-b3eee0823e3a: 128 ms
Input: 1102500,
Cold Start: false
Unique ID: 610a79c8-4d05-407c-8201-9477150a5a75,
Billed Duration for Request 610a79c8-4d05-407c-8201-9477150a5a75: 147 ms
Input: 1102500,
Cold Start: false
Unique ID: 9baf9343-54d1-4948-9d9c-fdd44b593a7e,
Billed Duration for Request 9baf9343-54d1-4948-9d9c-fdd44b593a7e: 120 ms
Input: 1102500,
Cold Start: false
Unique ID: 6ad71376-7d6b-4bc6-b1a6-cf66b750b901,
Billed Duration for Request 6ad71376-7d6b-4bc6-b1a6-cf66b750b901: 114 ms
Input: 1102500,
Cold Start: false
Unique ID: 1e1d450d-d7a8-47ad-b166-4a3366b6b933,
Billed Duration for Request 1e1d450d-d7a8-47ad-b166-4a3366b6b933: 103 ms
Input: 1102500,
Cold Start: false
Unique ID: 6cfd6895-917c-41d1-bf70-839d6adf54b4,
Billed Duration for Request 6cfd6895-917c-41d1-bf70-839d6adf54b4: 109 ms
Input: 1102500,
Cold Start: false
Unique ID: 635d4c2b-5ae5-4a52-ab39-8235c07e8242,
Billed Duration for Request 635d4c2b-5ae5-4a52-ab39-8235c07e8242: 138 ms
Input: 1102500,
Cold Start: false
Unique ID: f5e1e750-dbdb-4e66-9917-d7d57ea339df,
Billed Duration for Request f5e1e750-dbdb-4e66-9917-d7d57ea339df: 123 ms
Input: 1102500,
Cold Start: false
Unique ID: fa4306a9-40cc-48fd-8c48-12d6cf472168,
Billed Duration for Request fa4306a9-40cc-48fd-8c48-12d6cf472168: 101 ms
Input: 1102500,
Cold Start: false
Unique ID: b184dfa0-4740-4413-96fc-0e35b387c8e8,
Billed Duration for Request b184dfa0-4740-4413-96fc-0e35b387c8e8: 151 ms
Input: 1102500,
Cold Start: false
Unique ID: e951c263-6ba4-415a-8c10-4e4c25de0c37,
Billed Duration for Request e951c263-6ba4-415a-8c10-4e4c25de0c37: 182 ms
Input: 1102500,
Cold Start: false
Unique ID: b48f68e8-497b-46e6-836e-092e5482add9,
Billed Duration for Request b48f68e8-497b-46e6-836e-092e5482add9: 94 ms
Input: 1102500,
Cold Start: false
Unique ID: e9e85b7b-a9f0-460a-9f61-5c477034eb3a,
Billed Duration for Request e9e85b7b-a9f0-460a-9f61-5c477034eb3a: 108 ms
Input: 1102500,
Cold Start: false
Unique ID: f722bd8b-4978-46fb-8ade-461669e12a6b,
Billed Duration for Request f722bd8b-4978-46fb-8ade-461669e12a6b: 174 ms
Input: 1102500,
Cold Start: false
Unique ID: 2b76b61f-7ab3-4932-84ad-b88f9e5f51e5,
Billed Duration for Request 2b76b61f-7ab3-4932-84ad-b88f9e5f51e5: 155 ms
Input: 1102500,
Cold Start: false
Unique ID: db6deb4e-8698-46ec-8d1e-a42ed66cc155,
Billed Duration for Request db6deb4e-8698-46ec-8d1e-a42ed66cc155: 163 ms
Input: 1102500,
Cold Start: false
Unique ID: 214e0ffb-b27f-416c-86de-5eb8385b7e1e,
Billed Duration for Request 214e0ffb-b27f-416c-86de-5eb8385b7e1e: 124 ms
Input: 1102500,
Cold Start: false
Unique ID: d55f03f9-3869-4ef7-98de-e8d2ab90bc02,
Billed Duration for Request d55f03f9-3869-4ef7-98de-e8d2ab90bc02: 119 ms
Input: 1102500,
Cold Start: false
Unique ID: 4c92d49e-1112-4223-b2ba-72b09e3678fa,
Billed Duration for Request 4c92d49e-1112-4223-b2ba-72b09e3678fa: 132 ms
Input: 1102500,
Cold Start: false
Unique ID: 0bde7d1a-afeb-4b6b-a82b-70865462b930,
Billed Duration for Request 0bde7d1a-afeb-4b6b-a82b-70865462b930: 139 ms
Input: 1102500,
Cold Start: false
Unique ID: 3d1d0be9-5361-44e9-8673-b55ac90733a5,
Billed Duration for Request 3d1d0be9-5361-44e9-8673-b55ac90733a5: 144 ms
Input: 1102500,
Cold Start: false
Unique ID: b8819881-d636-44bf-8fb0-9da584564ea3,
Billed Duration for Request b8819881-d636-44bf-8fb0-9da584564ea3: 109 ms
Input: 1102500,
Cold Start: false
Unique ID: 1c04c263-36a0-43ed-8aec-321be66acf46,
Billed Duration for Request 1c04c263-36a0-43ed-8aec-321be66acf46: 93 ms
Input: 1102500,
Cold Start: false
Unique ID: 3fe63344-4f03-480a-8b2e-748fbe118c9c,
Billed Duration for Request 3fe63344-4f03-480a-8b2e-748fbe118c9c: 115 ms
Input: 1102500,
Cold Start: false
Unique ID: 74f218e9-3890-42fe-bd77-decb76fdd6fd,
Billed Duration for Request 74f218e9-3890-42fe-bd77-decb76fdd6fd: 118 ms
Input: 1102500,
Cold Start: false
Unique ID: 42825d46-90e8-4899-8a3c-16bcac438520,
Billed Duration for Request 42825d46-90e8-4899-8a3c-16bcac438520: 135 ms
Input: 1102500,
Cold Start: false
Unique ID: 01eacdd8-4a49-438c-be2e-67ab20ceff09,
Billed Duration for Request 01eacdd8-4a49-438c-be2e-67ab20ceff09: 117 ms
Input: 1102500,
Cold Start: false
Unique ID: f3b12696-5c8e-4fb1-bfcb-5023e97e0941,
Billed Duration for Request f3b12696-5c8e-4fb1-bfcb-5023e97e0941: 156 ms
Input: 1102500,
Cold Start: false
Unique ID: 29b48829-8f61-4d24-8c8e-8a4445053ac4,
Billed Duration for Request 29b48829-8f61-4d24-8c8e-8a4445053ac4: 148 ms
Input: 1102500,
Cold Start: false
Unique ID: 5df24014-7ec4-453b-8166-4614e4f84680,
Billed Duration for Request 5df24014-7ec4-453b-8166-4614e4f84680: 139 ms
Input: 1102500,
Cold Start: false
Unique ID: 212fb84f-4e03-4617-b31b-48b7a9fcaf16,
Billed Duration for Request 212fb84f-4e03-4617-b31b-48b7a9fcaf16: 107 ms
Input: 1102500,
Cold Start: false
Unique ID: 43dd50d3-cf27-4626-82e7-6df625878a56,
Billed Duration for Request 43dd50d3-cf27-4626-82e7-6df625878a56: 117 ms
Input: 1102500,
Cold Start: false
Unique ID: 537b6e24-8723-4173-84d3-1b41a11008e1,
Billed Duration for Request 537b6e24-8723-4173-84d3-1b41a11008e1: 126 ms
Input: 1102500,
Cold Start: false
Unique ID: 04485d9c-b8e6-4b25-8c4f-79ef3bfdea21,
Billed Duration for Request 04485d9c-b8e6-4b25-8c4f-79ef3bfdea21: 112 ms
Input: 1102500,
Cold Start: false
Unique ID: 4bbee2a9-9d6f-4bbd-a1b2-ce35817d2667,
Billed Duration for Request 4bbee2a9-9d6f-4bbd-a1b2-ce35817d2667: 112 ms
Input: 1102500,
Cold Start: false
Unique ID: b83980c6-5b16-409f-a697-b125b4b6c49a,
Billed Duration for Request b83980c6-5b16-409f-a697-b125b4b6c49a: 185 ms
Input: 1102500,
Cold Start: false
Unique ID: 5762385a-05b5-403c-bafe-ebcc7ea4c919,
Billed Duration for Request 5762385a-05b5-403c-bafe-ebcc7ea4c919: 162 ms
Input: 1102500,
Cold Start: false
Unique ID: 775a7ce1-6939-4917-8648-299bf07a5a9f,
Billed Duration for Request 775a7ce1-6939-4917-8648-299bf07a5a9f: 121 ms
Input: 1102500,
Cold Start: false
Unique ID: 8676bed6-f4d5-4f0e-ada0-d42e72473573,
Billed Duration for Request 8676bed6-f4d5-4f0e-ada0-d42e72473573: 116 ms
Input: 1102500,
Cold Start: false
Unique ID: a27f5581-958f-457c-a72c-c60e9dd6fbe0,
Billed Duration for Request a27f5581-958f-457c-a72c-c60e9dd6fbe0: 140 ms
Input: 1102500,
Cold Start: false
Unique ID: 67951cf9-453b-4a55-9a35-1649e209fc06,
Billed Duration for Request 67951cf9-453b-4a55-9a35-1649e209fc06: 149 ms
Input: 1102500,
Cold Start: false
Unique ID: aa369bb7-3fc9-40c7-a9e6-2411c1863a64,
Billed Duration for Request aa369bb7-3fc9-40c7-a9e6-2411c1863a64: 109 ms
Input: 1102500,
Cold Start: false
Unique ID: ca21338c-8402-49d9-8cda-b6883db27f09,
Billed Duration for Request ca21338c-8402-49d9-8cda-b6883db27f09: 101 ms
Input: 1102500,
Cold Start: false
Unique ID: 736d63b4-a7bc-4a63-8157-ba632d3c6d61,
Billed Duration for Request 736d63b4-a7bc-4a63-8157-ba632d3c6d61: 113 ms
Input: 1102500,
Cold Start: false
Unique ID: 7da08a39-ba74-46c1-b663-ae2f8b8d7b7b,
Billed Duration for Request 7da08a39-ba74-46c1-b663-ae2f8b8d7b7b: 112 ms
Input: 1102500,
Cold Start: false
Unique ID: d9af51fb-f292-4050-bbe0-45d58d998823,
Billed Duration for Request d9af51fb-f292-4050-bbe0-45d58d998823: 110 ms
Input: 1102500,
Cold Start: false
Unique ID: c2374ec5-2a3c-4b0c-9f23-b098ef34a034,
Billed Duration for Request c2374ec5-2a3c-4b0c-9f23-b098ef34a034: 153 ms
Input: 1102500,
Cold Start: false
Unique ID: ff3768b3-8b2f-4879-9050-6894d76e287e,
Billed Duration for Request ff3768b3-8b2f-4879-9050-6894d76e287e: 160 ms
Input: 1102500,
Cold Start: false
Unique ID: 769420db-061a-447e-b994-9f00473db1c8,
Billed Duration for Request 769420db-061a-447e-b994-9f00473db1c8: 132 ms
Input: 1102500,
Cold Start: false
Unique ID: cc8184e5-2e02-42da-aa00-016a4e698c18,
Billed Duration for Request cc8184e5-2e02-42da-aa00-016a4e698c18: 116 ms
Input: 1102500,
Cold Start: false
Unique ID: c0f2ce62-6b61-49b9-b620-54967993d8e1,
Billed Duration for Request c0f2ce62-6b61-49b9-b620-54967993d8e1: 109 ms
Input: 1102500,
Cold Start: false
Unique ID: 8d7d15de-5fc0-424f-b41f-8745620d559d,
Billed Duration for Request 8d7d15de-5fc0-424f-b41f-8745620d559d: 137 ms
Input: 1102500,
Cold Start: false
Unique ID: 862d626f-1582-4927-be88-6e658f8ce479,
Billed Duration for Request 862d626f-1582-4927-be88-6e658f8ce479: 78 ms
Input: 1102500,
Cold Start: false
Unique ID: e4fa9a08-0346-4120-a4f9-b7eab11c23b3,
Billed Duration for Request e4fa9a08-0346-4120-a4f9-b7eab11c23b3: 162 ms
Input: 1102500,
Cold Start: false
Unique ID: 20a47f51-602c-4bf8-b041-801490b81093,
Billed Duration for Request 20a47f51-602c-4bf8-b041-801490b81093: 137 ms
Input: 1102500,
Cold Start: false
Unique ID: 1fc87155-459c-4b76-aeb4-f6bfa9fdc403,
Billed Duration for Request 1fc87155-459c-4b76-aeb4-f6bfa9fdc403: 141 ms
Input: 1102500,
Cold Start: false
Unique ID: 383559db-f9c0-41f4-9de0-00c36082781c,
Billed Duration for Request 383559db-f9c0-41f4-9de0-00c36082781c: 108 ms
Input: 1102500,
Cold Start: false
Unique ID: 2abbe979-5d81-4123-8016-132a7c966623,
Billed Duration for Request 2abbe979-5d81-4123-8016-132a7c966623: 120 ms
Input: 1102500,
Cold Start: false
Unique ID: 62d76e8d-0985-4f48-acc0-576bd0448d58,
Billed Duration for Request 62d76e8d-0985-4f48-acc0-576bd0448d58: 156 ms
Input: 1102500,
Cold Start: false
Unique ID: 7ffdf05f-396c-4cf8-9dcb-d7cbd4822e82,
Billed Duration for Request 7ffdf05f-396c-4cf8-9dcb-d7cbd4822e82: 119 ms
Input: 1102500,
Cold Start: false
Unique ID: 1e20af3f-4b2c-4fd2-bcac-873bdf8dc024,
Billed Duration for Request 1e20af3f-4b2c-4fd2-bcac-873bdf8dc024: 92 ms
Input: 1102500,
Cold Start: false
Unique ID: 2f045751-8bfd-473e-a826-8b284cfe72d3,
Billed Duration for Request 2f045751-8bfd-473e-a826-8b284cfe72d3: 168 ms
Input: 1102500,
Cold Start: false
Unique ID: 3595eb0c-d537-491f-a7bb-6652baf5bb90,
Billed Duration for Request 3595eb0c-d537-491f-a7bb-6652baf5bb90: 132 ms
Input: 1102500,
Cold Start: false
Unique ID: 63683f03-7b0a-4353-8c64-5607f0af6517,
Billed Duration for Request 63683f03-7b0a-4353-8c64-5607f0af6517: 178 ms
Input: 1102500,
Cold Start: false
Unique ID: bba995b4-e531-4bd8-9895-eb58b313da90,
Billed Duration for Request bba995b4-e531-4bd8-9895-eb58b313da90: 103 ms
Input: 1102500,
Cold Start: false
Unique ID: 1a1d90a8-0d02-47a2-b05a-ba09206f5873,
Billed Duration for Request 1a1d90a8-0d02-47a2-b05a-ba09206f5873: 105 ms
Input: 1102500,
Cold Start: false
Unique ID: 69172bae-4b70-43b5-bb43-de1f83dd702e,
Billed Duration for Request 69172bae-4b70-43b5-bb43-de1f83dd702e: 146 ms
Input: 1102500,
Cold Start: false
Unique ID: 4a80e54a-6770-4acf-843e-ddb93c2b5d0b,
Billed Duration for Request 4a80e54a-6770-4acf-843e-ddb93c2b5d0b: 124 ms
Input: 1102500,
Cold Start: false
Unique ID: 690a57a7-d215-4852-b255-14fbf101f6b0,
Billed Duration for Request 690a57a7-d215-4852-b255-14fbf101f6b0: 115 ms
Input: 1102500,
Cold Start: false
Unique ID: 533f38ae-3546-4d0d-b557-3ea471df9300,
Billed Duration for Request 533f38ae-3546-4d0d-b557-3ea471df9300: 113 ms
Input: 1102500,
Cold Start: false
Unique ID: d52ba32b-0eb0-4df0-bcd6-891a0fa29079,
Billed Duration for Request d52ba32b-0eb0-4df0-bcd6-891a0fa29079: 110 ms
Input: 1102500,
Cold Start: false
Unique ID: 8c0aff0d-9b2b-4091-bf84-599669251e63,
Billed Duration for Request 8c0aff0d-9b2b-4091-bf84-599669251e63: 158 ms
Input: 1102500,
Cold Start: false
Unique ID: 0b8ce00f-c521-458f-a3f7-f2cd0dbdce62,
Billed Duration for Request 0b8ce00f-c521-458f-a3f7-f2cd0dbdce62: 104 ms
Input: 1102500,
Cold Start: false
Unique ID: 90886b0b-801a-46c9-b6b2-9c1ed61d4459,
Billed Duration for Request 90886b0b-801a-46c9-b6b2-9c1ed61d4459: 114 ms
Input: 1102500,
Cold Start: false
Unique ID: 2eb0ab39-9d1a-4dc7-a1d5-48545262c900,
Billed Duration for Request 2eb0ab39-9d1a-4dc7-a1d5-48545262c900: 101 ms
Input: 1102500,
Cold Start: false
Unique ID: c501be6c-d136-4a58-bd3e-e8d29733d4ee,
Billed Duration for Request c501be6c-d136-4a58-bd3e-e8d29733d4ee: 109 ms
Input: 1102500,
Cold Start: false
Unique ID: 511fba8a-b0b5-457f-9dd6-03378ce2a1d2,
Billed Duration for Request 511fba8a-b0b5-457f-9dd6-03378ce2a1d2: 114 ms
Input: 1102500,
Cold Start: false
Unique ID: 747512c8-f0d3-4d66-a6d5-d0ce00d3f8c3,
Billed Duration for Request 747512c8-f0d3-4d66-a6d5-d0ce00d3f8c3: 126 ms
Input: 1102500,
Cold Start: false
Unique ID: 17754fca-9199-485c-8b68-87718a631562,
Billed Duration for Request 17754fca-9199-485c-8b68-87718a631562: 163 ms
Input: 1102500,
Cold Start: false
Unique ID: 1a3638fd-7244-4193-815b-877028523e5c,
Billed Duration for Request 1a3638fd-7244-4193-815b-877028523e5c: 136 ms
Input: 1102500,
Cold Start: false
Unique ID: 260723e2-2815-4869-bfa0-75b0125c3afb,
Billed Duration for Request 260723e2-2815-4869-bfa0-75b0125c3afb: 106 ms
Input: 1102500,
Cold Start: false
Unique ID: 002973dc-2b46-43c7-a8bf-65b1f0f20e69,
Billed Duration for Request 002973dc-2b46-43c7-a8bf-65b1f0f20e69: 145 ms
Input: 1102500,
Cold Start: false
Unique ID: a57f4943-ac73-4503-a415-23f67b4796e5,
Billed Duration for Request a57f4943-ac73-4503-a415-23f67b4796e5: 122 ms
Input: 1102500,
Cold Start: false
Unique ID: de336557-23d5-429a-ae33-f149212393e7,
Billed Duration for Request de336557-23d5-429a-ae33-f149212393e7: 117 ms
Input: 1102500,
Cold Start: false
Unique ID: c2a44eba-78d1-4fb7-a816-a03a2514a9c0,
Billed Duration for Request c2a44eba-78d1-4fb7-a816-a03a2514a9c0: 138 ms
Input: 1102500,
Cold Start: false
Unique ID: c245dc9d-c4bd-42e4-89ad-56dd396e0ebd,
Billed Duration for Request c245dc9d-c4bd-42e4-89ad-56dd396e0ebd: 107 ms
Input: 1102500,
Cold Start: false
Unique ID: e4818950-e97f-4520-b17a-2807418ca6f3,
Billed Duration for Request e4818950-e97f-4520-b17a-2807418ca6f3: 109 ms
Input: 1102500,
Cold Start: false
Unique ID: 5a8e246e-4a8a-4f20-b292-cf0aafbdde11,
Billed Duration for Request 5a8e246e-4a8a-4f20-b292-cf0aafbdde11: 119 ms
Input: 1102500,
Cold Start: false
Unique ID: f5a8ff4b-956b-4a3f-8e95-d33c228f5da3,
Billed Duration for Request f5a8ff4b-956b-4a3f-8e95-d33c228f5da3: 131 ms
Input: 1102500,
Cold Start: false
Unique ID: 50936207-29ba-418e-b075-25bdac3df19c,
Billed Duration for Request 50936207-29ba-418e-b075-25bdac3df19c: 140 ms
Input: 1102500,
Cold Start: false
Unique ID: a3637053-86d9-476b-b111-24633d632b14,
Billed Duration for Request a3637053-86d9-476b-b111-24633d632b14: 127 ms
Input: 1102500,
Cold Start: false
Unique ID: d515414d-fb7f-461a-9178-7907a81ccc72,
Billed Duration for Request d515414d-fb7f-461a-9178-7907a81ccc72: 108 ms
Input: 1102500,
Cold Start: false
Unique ID: d61c97d5-7f9a-4ac5-b1d9-270c12cc5d6e,
Billed Duration for Request d61c97d5-7f9a-4ac5-b1d9-270c12cc5d6e: 107 ms
Input: 1102500,
Cold Start: false
Unique ID: 6e631bb7-0092-414d-810d-694ace4c8d98,
Billed Duration for Request 6e631bb7-0092-414d-810d-694ace4c8d98: 136 ms
Input: 1102500,
Cold Start: false
Unique ID: 61f41b99-ef9f-432b-83eb-c1effef20f33,
Billed Duration for Request 61f41b99-ef9f-432b-83eb-c1effef20f33: 101 ms
Input: 1102500,
Cold Start: false
Unique ID: d21f900c-cb05-4c19-bc21-b659594ebbc4,
Billed Duration for Request d21f900c-cb05-4c19-bc21-b659594ebbc4: 128 ms
Input: 1102500,
Cold Start: false
Unique ID: 4df4ce12-45f0-4880-b720-7800b7d51c72,
Billed Duration for Request 4df4ce12-45f0-4880-b720-7800b7d51c72: 98 ms
Input: 1102500,
Cold Start: false
Unique ID: df751815-35b2-40b8-8952-fbeba8f2d70e,
Billed Duration for Request df751815-35b2-40b8-8952-fbeba8f2d70e: 87 ms
Input: 1102500,
Cold Start: false
Unique ID: ff5443da-717b-4793-8670-98d16716a1fa,
Billed Duration for Request ff5443da-717b-4793-8670-98d16716a1fa: 170 ms
Input: 1102500,
Cold Start: false
Unique ID: 58b36200-e513-4664-be70-d2e69d50bc11,
Billed Duration for Request 58b36200-e513-4664-be70-d2e69d50bc11: 163 ms
Input: 1102500,
Cold Start: false
Unique ID: aff14d3b-00de-4051-a3be-419a9e3762a3,
Billed Duration for Request aff14d3b-00de-4051-a3be-419a9e3762a3: 147 ms
Input: 1102500,
Cold Start: false
Unique ID: d0ecd75d-2e49-4a33-854c-5b0f32a37ecb,
Billed Duration for Request d0ecd75d-2e49-4a33-854c-5b0f32a37ecb: 94 ms
Input: 1102500,
Cold Start: false
Unique ID: afe83948-7349-4618-b9a2-5a1801659614,
Billed Duration for Request afe83948-7349-4618-b9a2-5a1801659614: 87 ms
Input: 1102500,
Cold Start: false
Unique ID: 7f16e324-cdcc-4c1e-9247-cd0d1458f308,
Billed Duration for Request 7f16e324-cdcc-4c1e-9247-cd0d1458f308: 122 ms
Input: 1102500,
Cold Start: false
Unique ID: b506c0ee-4474-4afb-aad0-5df5632cc2df,
Billed Duration for Request b506c0ee-4474-4afb-aad0-5df5632cc2df: 152 ms
Input: 1102500,
Cold Start: false
Unique ID: 1b619bd8-753b-4df7-99f4-0539bae8989b,
Billed Duration for Request 1b619bd8-753b-4df7-99f4-0539bae8989b: 157 ms
Input: 1102500,
Cold Start: false
Unique ID: 678bda4f-597a-434b-8394-6dd98673c6f1,
Billed Duration for Request 678bda4f-597a-434b-8394-6dd98673c6f1: 97 ms
Input: 1102500,
Cold Start: false
Unique ID: 609fb464-a3f0-47a8-8348-5cbdc422261f,
Billed Duration for Request 609fb464-a3f0-47a8-8348-5cbdc422261f: 101 ms
Input: 1102500,
Cold Start: false
Unique ID: 02054845-8041-4064-a2b8-ee101b5eec32,
Billed Duration for Request 02054845-8041-4064-a2b8-ee101b5eec32: 116 ms
Input: 1102500,
Cold Start: false
Unique ID: 3e9ac986-0ea0-4604-bc53-30d5227348f6,
Billed Duration for Request 3e9ac986-0ea0-4604-bc53-30d5227348f6: 152 ms
Input: 1102500,
Cold Start: false
Unique ID: ddb22d5c-2a79-454f-bfd5-02d9b01e9224,
Billed Duration for Request ddb22d5c-2a79-454f-bfd5-02d9b01e9224: 148 ms
Input: 1102500,
Cold Start: false
Unique ID: f42594ba-56c3-4c18-9c03-616bf932e909,
Billed Duration for Request f42594ba-56c3-4c18-9c03-616bf932e909: 91 ms
Input: 1102500,
Cold Start: false
Unique ID: bb4db586-e5c8-4b83-9d08-407f055b6cd3,
Billed Duration for Request bb4db586-e5c8-4b83-9d08-407f055b6cd3: 87 ms
Input: 1102500,
Cold Start: false
Unique ID: e63e328c-870b-4fcd-94a4-ec57cb1c7636,
Billed Duration for Request e63e328c-870b-4fcd-94a4-ec57cb1c7636: 153 ms
Input: 1102500,
Cold Start: false
Unique ID: a4b36051-5f5f-43f4-8087-1837b6e3880c,
Billed Duration for Request a4b36051-5f5f-43f4-8087-1837b6e3880c: 162 ms
Input: 1102500,
Cold Start: false
Unique ID: 3c600871-a569-4436-b212-9f0fba6f4d03,
Billed Duration for Request 3c600871-a569-4436-b212-9f0fba6f4d03: 144 ms
Input: 1102500,
Cold Start: false
Unique ID: 777c21c7-07d0-479c-9581-a11508ccb25e,
Billed Duration for Request 777c21c7-07d0-479c-9581-a11508ccb25e: 107 ms
Input: 1102500,
Cold Start: false
Unique ID: 3181ee9c-6a23-40c0-9237-60cb64992f9f,
Billed Duration for Request 3181ee9c-6a23-40c0-9237-60cb64992f9f: 127 ms
Input: 1102500,
Cold Start: false
Unique ID: 6ff7613b-f6c6-42ba-adc5-5caa4c956f8b,
Billed Duration for Request 6ff7613b-f6c6-42ba-adc5-5caa4c956f8b: 90 ms
Input: 1102500,
Cold Start: false
Unique ID: 08efd58a-0e5e-468a-9fd6-4d354d1c5c49,
Billed Duration for Request 08efd58a-0e5e-468a-9fd6-4d354d1c5c49: 170 ms
Input: 1102500,
Cold Start: false
Unique ID: 473f76b7-b917-4e03-a7c0-0fc465f8ec87,
Billed Duration for Request 473f76b7-b917-4e03-a7c0-0fc465f8ec87: 112 ms
Input: 1102500,
Cold Start: false
Unique ID: 7d270596-143c-4a92-8bfe-16001775d8fc,
Billed Duration for Request 7d270596-143c-4a92-8bfe-16001775d8fc: 98 ms
Input: 1102500,
Cold Start: false
Unique ID: 369e509d-ed90-4aa2-a041-15e7af1cd461,
Billed Duration for Request 369e509d-ed90-4aa2-a041-15e7af1cd461: 157 ms
Input: 1102500,
Cold Start: false
Unique ID: 87376680-3453-405f-9bad-90f2d0e66b3d,
Billed Duration for Request 87376680-3453-405f-9bad-90f2d0e66b3d: 76 ms
Input: 1102500,
Cold Start: false
Unique ID: 6f10d1ce-0e76-41d4-982c-3e94af33d518,
Billed Duration for Request 6f10d1ce-0e76-41d4-982c-3e94af33d518: 122 ms
Input: 1102500,
Cold Start: false
Unique ID: 3250ca21-3b08-43ee-833b-3baba4028d42,
Billed Duration for Request 3250ca21-3b08-43ee-833b-3baba4028d42: 154 ms
Input: 1102500,
Cold Start: false
Unique ID: 87951cff-3799-480b-9ddc-c406added368,
Billed Duration for Request 87951cff-3799-480b-9ddc-c406added368: 92 ms
Input: 1102500,
Cold Start: false
Unique ID: 57a456bd-e3c8-433e-877e-ba4aec2ca193,
Billed Duration for Request 57a456bd-e3c8-433e-877e-ba4aec2ca193: 103 ms
Input: 1102500,
Cold Start: false
Unique ID: 496ea149-93d2-4875-bb9f-b3a52d23bd5c,
Billed Duration for Request 496ea149-93d2-4875-bb9f-b3a52d23bd5c: 161 ms
Input: 1102500,
Cold Start: false
Unique ID: 6c149ecd-4b51-4da2-bc9f-d38a0df709d4,
Billed Duration for Request 6c149ecd-4b51-4da2-bc9f-d38a0df709d4: 148 ms
Input: 1102500,
Cold Start: false
Unique ID: 540d72e1-7f6c-4feb-b142-980c6b430b72,
Billed Duration for Request 540d72e1-7f6c-4feb-b142-980c6b430b72: 92 ms
Input: 1102500,
Cold Start: false
Unique ID: 9d6f38c6-7b3e-4ea5-aa8d-438d55b2b28b,
Billed Duration for Request 9d6f38c6-7b3e-4ea5-aa8d-438d55b2b28b: 106 ms
Input: 1102500,
Cold Start: false
Unique ID: af1b50bf-ac5c-45d5-8b08-77575a1cf635,
Billed Duration for Request af1b50bf-ac5c-45d5-8b08-77575a1cf635: 164 ms
Input: 1102500,
Cold Start: false
Unique ID: cca482b4-d6e1-4b5f-87e4-e2de4b27d672,
Billed Duration for Request cca482b4-d6e1-4b5f-87e4-e2de4b27d672: 139 ms
Input: 1102500,
Cold Start: false
Unique ID: f7029454-516f-4645-b015-fcd4b14c5ddd,
Billed Duration for Request f7029454-516f-4645-b015-fcd4b14c5ddd: 138 ms
Input: 1102500,
Cold Start: false
Unique ID: c3943a2e-7719-4760-8f20-81e42ee768c0,
Billed Duration for Request c3943a2e-7719-4760-8f20-81e42ee768c0: 105 ms
Input: 1102500,
Cold Start: false
Unique ID: 36487746-8751-4c61-91cb-078d915286aa,
Billed Duration for Request 36487746-8751-4c61-91cb-078d915286aa: 105 ms
Input: 1102500,
Cold Start: false
Unique ID: 1492f0d4-f3c5-41ad-bbc6-b3a4b196fed9,
Billed Duration for Request 1492f0d4-f3c5-41ad-bbc6-b3a4b196fed9: 125 ms
Input: 1102500,
Cold Start: false
Unique ID: dad5c1ac-1c61-42d1-b04d-7ff55f18c468,
Billed Duration for Request dad5c1ac-1c61-42d1-b04d-7ff55f18c468: 118 ms
Input: 1102500,
Cold Start: false
Unique ID: 8ecd2cda-afb1-459d-806e-1043d62730e5,
Billed Duration for Request 8ecd2cda-afb1-459d-806e-1043d62730e5: 141 ms
Input: 1102500,
Cold Start: false
Unique ID: 229cb17f-eaa6-4515-a1b1-9bbd9599618e,
Billed Duration for Request 229cb17f-eaa6-4515-a1b1-9bbd9599618e: 148 ms
Input: 1102500,
Cold Start: false
Unique ID: b79466bd-7b1f-46f0-a680-f0d2c04490eb,
Billed Duration for Request b79466bd-7b1f-46f0-a680-f0d2c04490eb: 136 ms
Input: 1102500,
Cold Start: false
Unique ID: 3310f5f6-25a8-4918-ba2f-77ba959554f9,
Billed Duration for Request 3310f5f6-25a8-4918-ba2f-77ba959554f9: 124 ms
Input: 1102500,
Cold Start: false
Unique ID: 84233546-2ab5-4667-84b5-fba443909896,
Billed Duration for Request 84233546-2ab5-4667-84b5-fba443909896: 137 ms
Input: 1102500,
Cold Start: false
Unique ID: 5f1f6f97-9303-4490-824f-04bad5bea5d7,
Billed Duration for Request 5f1f6f97-9303-4490-824f-04bad5bea5d7: 138 ms
Input: 1102500,
Cold Start: false
Unique ID: 92c998b7-08e0-4f96-bd22-5aa02a30ec5f,
Billed Duration for Request 92c998b7-08e0-4f96-bd22-5aa02a30ec5f: 124 ms
Input: 1102500,
Cold Start: false
Unique ID: 7ff59066-7aed-455b-8e20-10487a94d204,
Billed Duration for Request 7ff59066-7aed-455b-8e20-10487a94d204: 90 ms
Input: 1102500,
Cold Start: false
Unique ID: 775e8598-ccea-4199-87ba-f6227302f28a,
Billed Duration for Request 775e8598-ccea-4199-87ba-f6227302f28a: 117 ms
Input: 1102500,
Cold Start: false
Unique ID: 902e3767-f069-4651-9a16-f35e0dabe6cb,
Billed Duration for Request 902e3767-f069-4651-9a16-f35e0dabe6cb: 95 ms
Input: 1102500,
Cold Start: false
Unique ID: 5413b745-c713-457c-8447-0ee301a72f01,
Billed Duration for Request 5413b745-c713-457c-8447-0ee301a72f01: 153 ms
Input: 1102500,
Cold Start: false
Unique ID: a8175377-0b12-4a50-9c60-bdc45886ea03,
Billed Duration for Request a8175377-0b12-4a50-9c60-bdc45886ea03: 189 ms
Input: 1102500,
Cold Start: false
Unique ID: 6c51bf0e-a3a4-49ee-8969-bc8005a777e2,
Billed Duration for Request 6c51bf0e-a3a4-49ee-8969-bc8005a777e2: 135 ms
Input: 1102500,
Cold Start: false
Unique ID: 2a8bfc77-a10b-4b66-87f8-7eb5d624c19a,
Billed Duration for Request 2a8bfc77-a10b-4b66-87f8-7eb5d624c19a: 105 ms
Input: 1102500,
Cold Start: false
Unique ID: b56134c7-a329-4c6c-9d41-f0185764e54c,
Billed Duration for Request b56134c7-a329-4c6c-9d41-f0185764e54c: 109 ms
Input: 1102500,
Cold Start: false
Unique ID: 4db0843a-780b-4dfd-a176-be60113f130a,
Billed Duration for Request 4db0843a-780b-4dfd-a176-be60113f130a: 126 ms
Input: 1102500,
Cold Start: false
Unique ID: a7df6aae-106d-4a07-8533-40cee97d673a,
Billed Duration for Request a7df6aae-106d-4a07-8533-40cee97d673a: 167 ms
Input: 1102500,
Cold Start: false
Unique ID: 71ae0a79-9e0e-4d2c-95ba-5e28a0413d3a,
Billed Duration for Request 71ae0a79-9e0e-4d2c-95ba-5e28a0413d3a: 111 ms
Input: 1102500,
Cold Start: false
Unique ID: 02af5ee0-2ee1-4bb7-b067-a8006d30e534,
Billed Duration for Request 02af5ee0-2ee1-4bb7-b067-a8006d30e534: 110 ms
Input: 1102500,
Cold Start: false
Unique ID: 3bb697a3-6bb2-400a-8ac6-0e137452845f,
Billed Duration for Request 3bb697a3-6bb2-400a-8ac6-0e137452845f: 107 ms
Input: 1102500,
Cold Start: false
Unique ID: acf988c1-1ae6-4de7-a65b-6a478e584357,
Billed Duration for Request acf988c1-1ae6-4de7-a65b-6a478e584357: 117 ms
Input: 1102500,
Cold Start: false
Unique ID: d551462f-deae-47b2-b644-4d9537765397,
Billed Duration for Request d551462f-deae-47b2-b644-4d9537765397: 142 ms
Input: 1102500,
Cold Start: false
Unique ID: bcd4d603-723d-4493-8886-a92dad5b5251,
Billed Duration for Request bcd4d603-723d-4493-8886-a92dad5b5251: 98 ms
Input: 1102500,
Cold Start: false
Unique ID: f4b9de13-0d51-4b8b-b0b2-7bfada03e98b,
Billed Duration for Request f4b9de13-0d51-4b8b-b0b2-7bfada03e98b: 152 ms
Input: 1102500,
Cold Start: false
Unique ID: b6f07ec9-8d2e-425d-bd54-717d71292b19,
Billed Duration for Request b6f07ec9-8d2e-425d-bd54-717d71292b19: 94 ms
Input: 1102500,
Cold Start: false
Unique ID: 70670c97-e419-439b-9db0-add87396eb64,
Billed Duration for Request 70670c97-e419-439b-9db0-add87396eb64: 123 ms
Input: 1102500,
Cold Start: false
Unique ID: 41dd7985-004b-44df-af97-02c7ec5b3fbc,
Billed Duration for Request 41dd7985-004b-44df-af97-02c7ec5b3fbc: 108 ms
Input: 1102500,
Cold Start: false
Unique ID: 27105069-b690-4fd5-b548-beb6e7afd056,
Billed Duration for Request 27105069-b690-4fd5-b548-beb6e7afd056: 174 ms
Input: 1102500,
Cold Start: false
Unique ID: 70311a9c-3ffc-4fbe-b4e4-383dc7202f9f,
Billed Duration for Request 70311a9c-3ffc-4fbe-b4e4-383dc7202f9f: 162 ms
Input: 1102500,
Cold Start: false
Unique ID: 94ed6e1c-4e02-429f-9c7e-42d19bac08fb,
Billed Duration for Request 94ed6e1c-4e02-429f-9c7e-42d19bac08fb: 150 ms
Input: 1102500,
Cold Start: false
Unique ID: 5ee6c802-9ba3-4d1f-aa08-1d19e6d38031,
Billed Duration for Request 5ee6c802-9ba3-4d1f-aa08-1d19e6d38031: 119 ms
Input: 1102500,
Cold Start: false
Unique ID: 99d194e0-2150-4829-8aeb-68ced9a50fb9,
Billed Duration for Request 99d194e0-2150-4829-8aeb-68ced9a50fb9: 144 ms
Input: 1102500,
Cold Start: false
Unique ID: 839cccaf-37ee-4a4c-812f-26f76db87750,
Billed Duration for Request 839cccaf-37ee-4a4c-812f-26f76db87750: 119 ms
Input: 1102500,
Cold Start: false
Unique ID: 36e61e7b-d31e-46d0-9bc8-b9a5ae8601d9,
Billed Duration for Request 36e61e7b-d31e-46d0-9bc8-b9a5ae8601d9: 160 ms
Input: 1102500,
Cold Start: false
Unique ID: cb350fad-3574-482e-8fcf-cef4026b4e3e,
Billed Duration for Request cb350fad-3574-482e-8fcf-cef4026b4e3e: 112 ms
Input: 1102500,
Cold Start: false
Unique ID: ba4de153-fc0b-44c2-b0eb-1444e64ec9b7,
Billed Duration for Request ba4de153-fc0b-44c2-b0eb-1444e64ec9b7: 114 ms
Input: 1102500,
Cold Start: false
Unique ID: 23791812-5bb9-42ed-b75e-3c9857a87368,
Billed Duration for Request 23791812-5bb9-42ed-b75e-3c9857a87368: 116 ms
Input: 1102500,
Cold Start: false
Unique ID: 1029e147-76f5-4c76-ad90-eada511bbef6,
Billed Duration for Request 1029e147-76f5-4c76-ad90-eada511bbef6: 128 ms
Input: 1102500,
Cold Start: false
Unique ID: 3ea71d92-7a5f-4633-8cda-c65198771070,
Billed Duration for Request 3ea71d92-7a5f-4633-8cda-c65198771070: 113 ms
Input: 1102500,
Cold Start: false
Unique ID: 8423ca65-170d-44ff-8ae6-061cb4197bf5,
Billed Duration for Request 8423ca65-170d-44ff-8ae6-061cb4197bf5: 148 ms
Input: 1102500,
Cold Start: false
Unique ID: 9285f800-eee4-4443-b5fd-b3ae001a49e8,
Billed Duration for Request 9285f800-eee4-4443-b5fd-b3ae001a49e8: 139 ms
Input: 1102500,
Cold Start: false
Unique ID: bdc55a01-e3be-42ea-a28c-5fc96450b92b,
Billed Duration for Request bdc55a01-e3be-42ea-a28c-5fc96450b92b: 127 ms
Input: 1102500,
Cold Start: false
Unique ID: e819a038-e1b3-4c40-bfb5-bd3b01d5e80f,
Billed Duration for Request e819a038-e1b3-4c40-bfb5-bd3b01d5e80f: 113 ms
Input: 1102500,
Cold Start: false
Unique ID: b9b4382b-0654-4c2c-a20a-d1ba54467328,
Billed Duration for Request b9b4382b-0654-4c2c-a20a-d1ba54467328: 118 ms
Input: 1102500,
Cold Start: false
Unique ID: 11ae5ce3-fddc-472e-aa05-2a68db9fe649,
Billed Duration for Request 11ae5ce3-fddc-472e-aa05-2a68db9fe649: 113 ms
Input: 1102500,
Cold Start: false
Unique ID: ca25346f-dc49-4ecf-929a-e01dc2de4a5d,
Billed Duration for Request ca25346f-dc49-4ecf-929a-e01dc2de4a5d: 182 ms
Input: 1102500,
Cold Start: false
Unique ID: 64406b1f-0bb6-49d2-bf1e-064dd0aef9b8,
Billed Duration for Request 64406b1f-0bb6-49d2-bf1e-064dd0aef9b8: 144 ms
Input: 1102500,
Cold Start: false
