Direct 95% Percentile CI Width,201.54949784791967
Direct 95% Percentile CI Lower Bound,-57.647058823529406
Direct 95% Percentile CI Upper Bound,143.90243902439025

Bootstrap 95% Percentile CI Width,1.2270400481782595
Bootstrap 95% Percentile CI Lower Bound,0.0
Bootstrap 95% Percentile CI Upper Bound,1.2270400481782595

Percentage Difference (%)
-80.10204081632652
-78.16091954022988
-77.77777777777779
-77.1604938271605
-76.72955974842768
-76.28205128205127
-75.81699346405229
-75.51020408163265
-75.0
-73.79310344827587
-72.72727272727273
-72.38805970149254
-72.18543046357617
-71.875
-70.49180327868852
-70.3125
-70.24793388429752
-70.16129032258065
-69.6774193548387
-69.64285714285714
-68.75
-67.56756756756756
-67.56756756756756
-67.2566371681416
-67.24137931034483
-66.82926829268293
-66.36363636363637
-66.36363636363637
-66.0377358490566
-65.71428571428571
-65.68627450980392
-65.45454545454545
-65.45454545454545
-65.38461538461539
-65.34653465346535
-65.21739130434783
-65.17857142857143
-65.04065040650406
-65.0
-64.76190476190476
-64.40677966101694
-64.28571428571429
-64.0
-64.0
-64.0
-64.0
-63.8095238095238
-63.74999999999999
-63.725490196078425
-63.55140186915887
-63.53591160220995
-63.26530612244898
-63.0
-63.0
-62.88659793814433
-62.88659793814433
-62.88659793814433
-62.745098039215684
-62.745098039215684
-62.62626262626263
-62.616822429906534
-62.5
-62.5
-62.5
-62.38532110091744
-62.37623762376238
-62.244897959183675
-62.244897959183675
-62.244897959183675
-62.18487394957983
-62.13592233009708
-62.10526315789474
-62.10526315789474
-62.10526315789474
-62.10526315789474
-61.95652173913043
-61.855670103092784
-61.855670103092784
-61.855670103092784
-61.855670103092784
-61.855670103092784
-61.83574879227053
-61.702127659574465
-61.702127659574465
-61.702127659574465
-61.702127659574465
-61.702127659574465
-61.61616161616161
-61.53846153846154
-61.46788990825688
-61.458333333333336
-61.386138613861384
-61.386138613861384
-61.29032258064516
-61.29032258064516
-61.29032258064516
-61.29032258064516
-61.224489795918366
-61.111111111111114
-61.111111111111114
-61.111111111111114
-61.111111111111114
-61.06194690265486
-61.05263157894737
-60.86956521739131
-60.86956521739131
-60.824742268041234
-60.67415730337079
-60.67415730337079
-60.67415730337079
-60.63829787234043
-60.63829787234043
-60.63829787234043
-60.63829787234043
-60.43956043956044
-60.43956043956044
-60.43956043956044
-60.43956043956044
-60.43956043956044
-60.43956043956044
-60.43956043956044
-60.43956043956044
-60.43956043956044
-60.43956043956044
-60.22727272727273
-60.215053763440864
-60.215053763440864
-60.215053763440864
-60.0
-60.0
-60.0
-60.0
-60.0
-60.0
-60.0
-60.0
-60.0
-60.0
-60.0
-59.78260869565217
-59.78260869565217
-59.78260869565217
-59.77011494252874
-59.77011494252874
-59.77011494252874
-59.77011494252874
-59.59595959595959
-59.57446808510638
-59.55056179775281
-59.55056179775281
-59.55056179775281
-59.55056179775281
-59.55056179775281
-59.55056179775281
-59.55056179775281
-59.55056179775281
-59.55056179775281
-59.55056179775281
-59.55056179775281
-59.375
-59.34065934065934
-59.34065934065934
-59.34065934065934
-59.34065934065934
-59.30232558139535
-59.183673469387756
-59.13978494623656
-59.09090909090909
-59.09090909090909
-59.09090909090909
-59.09090909090909
-59.09090909090909
-59.09090909090909
-59.09090909090909
-59.09090909090909
-59.09090909090909
-59.09090909090909
-59.09090909090909
-58.88888888888889
-58.88888888888889
-58.88888888888889
-58.88888888888889
-58.82352941176471
-58.82352941176471
-58.82352941176471
-58.82352941176471
-58.82352941176471
-58.69565217391305
-58.620689655172406
-58.620689655172406
-58.620689655172406
-58.620689655172406
-58.620689655172406
-58.620689655172406
-58.620689655172406
-58.620689655172406
-58.620689655172406
-58.620689655172406
-58.620689655172406
-58.620689655172406
-58.620689655172406
-58.620689655172406
-58.620689655172406
-58.51063829787234
-58.42696629213483
-58.42696629213483
-58.42696629213483
-58.42696629213483
-58.42696629213483
-58.42696629213483
-58.42696629213483
-58.42696629213483
-58.333333333333336
-58.333333333333336
-58.333333333333336
-58.24175824175825
-58.24175824175825
-58.24175824175825
-58.24175824175825
-58.139534883720934
-58.139534883720934
-58.139534883720934
-58.139534883720934
-58.139534883720934
-58.139534883720934
-58.139534883720934
-58.139534883720934
-58.139534883720934
-58.139534883720934
-58.139534883720934
-58.139534883720934
-58.139534883720934
-58.0246913580247
-57.95454545454546
-57.95454545454546
-57.95454545454546
-57.95454545454546
-57.95454545454546
-57.84313725490197
-57.831325301204814
-57.831325301204814
-57.77777777777777
-57.77777777777777
-57.77777777777777
-57.77777777777777
-57.77777777777777
-57.77777777777777
-57.77777777777777
-57.647058823529406
-57.647058823529406
-57.647058823529406
-57.647058823529406
-57.647058823529406
-57.647058823529406
-57.647058823529406
-57.647058823529406
-57.647058823529406
-57.647058823529406
-57.647058823529406
-57.647058823529406
-57.647058823529406
-57.647058823529406
-57.647058823529406
-57.647058823529406
-57.47126436781609
-57.47126436781609
-57.47126436781609
-57.47126436781609
-57.47126436781609
-57.47126436781609
-57.47126436781609
-57.47126436781609
-57.47126436781609
-57.47126436781609
-57.47126436781609
-57.47126436781609
-57.42574257425742
-57.3170731707317
-57.3170731707317
-57.3170731707317
-57.3170731707317
-57.30337078651685
-57.30337078651685
-57.30337078651685
-57.30337078651685
-57.14285714285714
-57.14285714285714
-57.14285714285714
-57.14285714285714
-57.14285714285714
-57.14285714285714
-57.14285714285714
-57.14285714285714
-57.14285714285714
-57.14285714285714
-57.14285714285714
-57.14285714285714
-57.14285714285714
-57.14285714285714
-57.14285714285714
-57.14285714285714
-57.14285714285714
-57.14285714285714
-57.14285714285714
-57.14285714285714
-57.14285714285714
-57.14285714285714
-57.14285714285714
-57.14285714285714
-57.14285714285714
-57.14285714285714
-57.14285714285714
-56.97674418604651
-56.97674418604651
-56.97674418604651
-56.97674418604651
-56.97674418604651
-56.97674418604651
-56.97674418604651
-56.97674418604651
-56.97674418604651
-56.97674418604651
-56.97674418604651
-56.97674418604651
-56.86274509803921
-56.86274509803921
-56.81818181818182
-56.81818181818182
-56.81818181818182
-56.81818181818182
-56.81818181818182
-56.79012345679012
-56.79012345679012
-56.79012345679012
-56.79012345679012
-56.666666666666664
-56.62650602409639
-56.62650602409639
-56.62650602409639
-56.62650602409639
-56.62650602409639
-56.62650602409639
-56.62650602409639
-56.62650602409639
-56.62650602409639
-56.62650602409639
-56.62650602409639
-56.62650602409639
-56.62650602409639
-56.62650602409639
-56.62650602409639
-56.62650602409639
-56.62650602409639
-56.62650602409639
-56.62650602409639
-56.62650602409639
-56.60377358490566
-56.52173913043478
-56.481481481481474
-56.470588235294116
-56.470588235294116
-56.470588235294116
-56.470588235294116
-56.470588235294116
-56.470588235294116
-56.470588235294116
-56.470588235294116
-56.470588235294116
-56.470588235294116
-56.470588235294116
-56.470588235294116
-56.38297872340425
-56.32183908045977
-56.32183908045977
-56.32183908045977
-56.32183908045977
-56.32183908045977
-56.25
-56.25
-56.25
-56.17977528089888
-56.17977528089888
-56.17977528089888
-56.09756097560976
-56.09756097560976
-56.09756097560976
-56.09756097560976
-56.09756097560976
-56.09756097560976
-56.09756097560976
-56.09756097560976
-56.09756097560976
-56.09756097560976
-56.09756097560976
-56.09756097560976
-56.09756097560976
-56.09756097560976
-56.09756097560976
-56.09756097560976
-56.060606060606055
-56.043956043956044
-56.00000000000001
-56.00000000000001
-55.952380952380956
-55.952380952380956
-55.952380952380956
-55.952380952380956
-55.952380952380956
-55.952380952380956
-55.952380952380956
-55.952380952380956
-55.952380952380956
-55.952380952380956
-55.932203389830505
-55.932203389830505
-55.88235294117647
-55.81395348837209
-55.81395348837209
-55.81395348837209
-55.81395348837209
-55.81395348837209
-55.81395348837209
-55.81395348837209
-55.68181818181818
-55.68181818181818
-55.68181818181818
-55.68181818181818
-55.68181818181818
-55.55555555555556
-55.55555555555556
-55.55555555555556
-55.55555555555556
-55.55555555555556
-55.55555555555556
-55.55555555555556
-55.55555555555556
-55.55555555555556
-55.55555555555556
-55.55555555555556
-55.55555555555556
-55.55555555555556
-55.47445255474452
-55.42168674698795
-55.42168674698795
-55.42168674698795
-55.42168674698795
-55.42168674698795
-55.42168674698795
-55.42168674698795
-55.42168674698795
-55.42168674698795
-55.42168674698795
-55.42168674698795
-55.42168674698795
-55.42168674698795
-55.294117647058826
-55.294117647058826
-55.294117647058826
-55.172413793103445
-55.172413793103445
-55.172413793103445
-55.172413793103445
-55.172413793103445
-55.172413793103445
-55.12820512820513
-55.12820512820513
-55.12820512820513
-55.12820512820513
-55.12820512820513
-55.12820512820513
-55.0561797752809
-55.0561797752809
-55.0561797752809
-55.0561797752809
-55.00000000000001
-55.00000000000001
-55.00000000000001
-55.00000000000001
-55.00000000000001
-55.00000000000001
-55.00000000000001
-55.00000000000001
-55.00000000000001
-55.00000000000001
-55.00000000000001
-55.00000000000001
-55.00000000000001
-55.00000000000001
-55.00000000000001
-55.00000000000001
-55.00000000000001
-54.87804878048781
-54.87804878048781
-54.87804878048781
-54.87804878048781
-54.87804878048781
-54.87804878048781
-54.87804878048781
-54.87804878048781
-54.87804878048781
-54.87804878048781
-54.87804878048781
-54.761904761904766
-54.761904761904766
-54.761904761904766
-54.761904761904766
-54.761904761904766
-54.761904761904766
-54.761904761904766
-54.761904761904766
-54.761904761904766
-54.761904761904766
-54.761904761904766
-54.761904761904766
-54.736842105263165
-54.65116279069767
-54.65116279069767
-54.54545454545454
-54.54545454545454
-54.54545454545454
-54.54545454545454
-54.54545454545454
-54.54545454545454
-54.43037974683544
-54.43037974683544
-54.43037974683544
-54.43037974683544
-54.43037974683544
-54.43037974683544
-54.43037974683544
-54.43037974683544
-54.36893203883495
-54.347826086956516
-54.32098765432099
-54.32098765432099
-54.32098765432099
-54.32098765432099
-54.32098765432099
-54.32098765432099
-54.32098765432099
-54.32098765432099
-54.32098765432099
-54.32098765432099
-54.32098765432099
-54.32098765432099
-54.32098765432099
-54.32098765432099
-54.32098765432099
-54.21686746987952
-54.21686746987952
-54.21686746987952
-54.21686746987952
-54.12844036697248
-54.11764705882353
-54.11764705882353
-54.02298850574713
-54.02298850574713
-54.02298850574713
-54.02298850574713
-54.0
-53.94736842105263
-53.94736842105263
-53.94736842105263
-53.94736842105263
-53.94736842105263
-53.93258426966292
-53.93258426966292
-53.84615384615385
-53.84615384615385
-53.84615384615385
-53.84615384615385
-53.84615384615385
-53.84615384615385
-53.84615384615385
-53.84615384615385
-53.84615384615385
-53.84615384615385
-53.84615384615385
-53.84615384615385
-53.84615384615385
-53.84615384615385
-53.84615384615385
-53.84615384615385
-53.84615384615385
-53.77358490566038
-53.75
-53.75
-53.75
-53.75
-53.75
-53.75
-53.75
-53.75
-53.75
-53.75
-53.75
-53.75
-53.75
-53.68421052631579
-53.65853658536586
-53.65853658536586
-53.65853658536586
-53.65853658536586
-53.65853658536586
-53.57142857142857
-53.57142857142857
-53.57142857142857
-53.57142857142857
-53.48837209302325
-53.48837209302325
-53.48837209302325
-53.40909090909091
-53.40909090909091
-53.40909090909091
-53.333333333333336
-53.333333333333336
-53.333333333333336
-53.333333333333336
-53.246753246753244
-53.246753246753244
-53.246753246753244
-53.246753246753244
-53.246753246753244
-53.246753246753244
-53.246753246753244
-53.246753246753244
-53.246753246753244
-53.246753246753244
-53.246753246753244
-53.23741007194245
-53.16455696202531
-53.16455696202531
-53.16455696202531
-53.16455696202531
-53.16455696202531
-53.16455696202531
-53.16455696202531
-53.16455696202531
-53.16455696202531
-53.16455696202531
-53.086419753086425
-53.086419753086425
-53.086419753086425
-53.086419753086425
-53.086419753086425
-53.086419753086425
-53.086419753086425
-53.086419753086425
-53.01204819277109
-53.01204819277109
-53.01204819277109
-53.01204819277109
-53.01204819277109
-53.01204819277109
-53.01204819277109
-53.0
-53.0
-52.94117647058824
-52.94117647058824
-52.94117647058824
-52.88461538461539
-52.87356321839081
-52.87356321839081
-52.87356321839081
-52.702702702702695
-52.702702702702695
-52.702702702702695
-52.702702702702695
-52.702702702702695
-52.702702702702695
-52.702702702702695
-52.68817204301075
-52.63157894736842
-52.63157894736842
-52.63157894736842
-52.63157894736842
-52.63157894736842
-52.63157894736842
-52.63157894736842
-52.57731958762887
-52.56410256410257
-52.56410256410257
-52.56410256410257
-52.56410256410257
-52.56410256410257
-52.56410256410257
-52.56410256410257
-52.56410256410257
-52.56410256410257
-52.56410256410257
-52.56410256410257
-52.56410256410257
-52.56410256410257
-52.5
-52.5
-52.5
-52.5
-52.5
-52.5
-52.4390243902439
-52.4390243902439
-52.4390243902439
-52.42718446601942
-52.27272727272727
-52.27272727272727
-52.21238938053098
-52.17391304347826
-52.12765957446809
-52.083333333333336
-52.054794520547944
-52.054794520547944
-52.0
-52.0
-52.0
-52.0
-52.0
-52.0
-52.0
-52.0
-52.0
-52.0
-52.0
-52.0
-52.0
-52.0
-51.94805194805194
-51.94805194805194
-51.94805194805194
-51.94805194805194
-51.94805194805194
-51.92307692307693
-51.92307692307693
-51.89873417721519
-51.89873417721519
-51.89873417721519
-51.89873417721519
-51.89873417721519
-51.89873417721519
-51.89873417721519
-51.89873417721519
-51.89873417721519
-51.85185185185185
-51.85185185185185
-51.85185185185185
-51.85185185185185
-51.85185185185185
-51.85185185185185
-51.80722891566265
-51.80722891566265
-51.76470588235295
-51.724137931034484
-51.48514851485149
-51.48514851485149
-51.45631067961165
-51.388888888888886
-51.388888888888886
-51.388888888888886
-51.388888888888886
-51.388888888888886
-51.35135135135135
-51.35135135135135
-51.35135135135135
-51.35135135135135
-51.35135135135135
-51.35135135135135
-51.35135135135135
-51.35135135135135
-51.35135135135135
-51.35135135135135
-51.35135135135135
-51.35135135135135
-51.35135135135135
-51.35135135135135
-51.35135135135135
-51.35135135135135
-51.31578947368421
-51.31578947368421
-51.31578947368421
-51.31578947368421
-51.31578947368421
-51.31578947368421
-51.31578947368421
-51.31578947368421
-51.31578947368421
-51.31578947368421
-51.31578947368421
-51.28205128205128
-51.28205128205128
-51.28205128205128
-51.28205128205128
-51.28205128205128
-51.28205128205128
-51.24999999999999
-51.24999999999999
-51.24999999999999
-51.21951219512195
-51.21951219512195
-51.21951219512195
-51.21951219512195
-51.19047619047619
-51.19047619047619
-51.19047619047619
-51.162790697674424
-51.162790697674424
-51.13636363636363
-51.13636363636363
-51.13636363636363
-51.11111111111111
-51.0
-50.943396226415096
-50.70422535211267
-50.70422535211267
-50.70422535211267
-50.68493150684932
-50.68493150684932
-50.68493150684932
-50.68493150684932
-50.68493150684932
-50.68493150684932
-50.68493150684932
-50.68493150684932
-50.68493150684932
-50.68493150684932
-50.68493150684932
-50.68493150684932
-50.68493150684932
-50.68493150684932
-50.68493150684932
-50.68493150684932
-50.68493150684932
-50.68493150684932
-50.68493150684932
-50.68493150684932
-50.68493150684932
-50.68493150684932
-50.66666666666667
-50.66666666666667
-50.66666666666667
-50.66666666666667
-50.66666666666667
-50.66666666666667
-50.66666666666667
-50.66666666666667
-50.66666666666667
-50.66666666666667
-50.66666666666667
-50.66666666666667
-50.66666666666667
-50.66666666666667
-50.66666666666667
-50.66666666666667
-50.66666666666667
-50.66666666666667
-50.66666666666667
-50.66666666666667
-50.66666666666667
-50.66666666666667
-50.66666666666667
-50.66666666666667
-50.66666666666667
-50.649350649350644
-50.649350649350644
-50.649350649350644
-50.649350649350644
-50.649350649350644
-50.649350649350644
-50.649350649350644
-50.63291139240506
-50.63291139240506
-50.63291139240506
-50.63291139240506
-50.63291139240506
-50.617283950617285
-50.617283950617285
-50.617283950617285
-50.617283950617285
-50.617283950617285
-50.602409638554214
-50.602409638554214
-50.602409638554214
-50.602409638554214
-50.602409638554214
-50.588235294117645
-50.56179775280899
-50.54945054945055
-50.526315789473685
-50.505050505050505
-50.505050505050505
-50.0
-50.0
-50.0
-50.0
-50.0
-50.0
-50.0
-50.0
-50.0
-50.0
-50.0
-50.0
-50.0
-50.0
-50.0
-50.0
-50.0
-50.0
-50.0
-50.0
-50.0
-50.0
-50.0
-50.0
-50.0
-50.0
-50.0
-50.0
-50.0
-50.0
-50.0
-50.0
-50.0
-50.0
-50.0
-50.0
-50.0
-50.0
-50.0
-50.0
-50.0
-50.0
-50.0
-50.0
-50.0
-50.0
-50.0
-50.0
-50.0
-50.0
-50.0
-50.0
-50.0
-50.0
-50.0
-50.0
-49.51456310679612
-49.504950495049506
-49.48453608247423
-49.45054945054945
-49.45054945054945
-49.45054945054945
-49.42528735632184
-49.382716049382715
-49.382716049382715
-49.382716049382715
-49.36708860759494
-49.36708860759494
-49.36708860759494
-49.35064935064935
-49.35064935064935
-49.35064935064935
-49.35064935064935
-49.35064935064935
-49.333333333333336
-49.333333333333336
-49.333333333333336
-49.333333333333336
-49.333333333333336
-49.31506849315068
-49.31506849315068
-49.31506849315068
-49.31506849315068
-49.31506849315068
-49.31506849315068
-49.31506849315068
-49.31506849315068
-49.31506849315068
-49.31506849315068
-49.29577464788733
-49.29577464788733
-49.29577464788733
-49.29577464788733
-49.29577464788733
-49.29577464788733
-49.29577464788733
-49.29577464788733
-49.29577464788733
-49.29577464788733
-49.275362318840585
-49.275362318840585
-49.275362318840585
-49.275362318840585
-49.275362318840585
-49.26470588235294
-49.01960784313725
-48.97959183673469
-48.95833333333333
-48.91304347826087
-48.91304347826087
-48.888888888888886
-48.86363636363637
-48.80952380952381
-48.75
-48.717948717948715
-48.717948717948715
-48.717948717948715
-48.68421052631579
-48.68421052631579
-48.68421052631579
-48.68421052631579
-48.64864864864865
-48.64864864864865
-48.64864864864865
-48.64864864864865
-48.64864864864865
-48.64864864864865
-48.64864864864865
-48.64864864864865
-48.64864864864865
-48.64864864864865
-48.61111111111111
-48.61111111111111
-48.61111111111111
-48.61111111111111
-48.61111111111111
-48.61111111111111
-48.61111111111111
-48.61111111111111
-48.61111111111111
-48.61111111111111
-48.61111111111111
-48.57142857142857
-48.57142857142857
-48.57142857142857
-48.57142857142857
-48.57142857142857
-48.57142857142857
-48.57142857142857
-48.529411764705884
-48.529411764705884
-48.529411764705884
-48.529411764705884
-48.529411764705884
-48.484848484848484
-48.484848484848484
-48.31460674157304
-48.31460674157304
-48.275862068965516
-48.275862068965516
-48.19277108433735
-48.18181818181818
-48.10126582278481
-48.10126582278481
-48.10126582278481
-48.05194805194805
-48.03921568627451
-48.0
-48.0
-48.0
-47.95918367346938
-47.94520547945205
-47.94520547945205
-47.94520547945205
-47.94520547945205
-47.88732394366197
-47.88732394366197
-47.88732394366197
-47.88732394366197
-47.88732394366197
-47.88732394366197
-47.88732394366197
-47.88732394366197
-47.88732394366197
-47.88732394366197
-47.88732394366197
-47.88732394366197
-47.88732394366197
-47.82608695652174
-47.82608695652174
-47.82608695652174
-47.82608695652174
-47.82608695652174
-47.82608695652174
-47.82608695652174
-47.82608695652174
-47.82608695652174
-47.82608695652174
-47.82608695652174
-47.82608695652174
-47.76119402985074
-47.76119402985074
-47.76119402985074
-47.706422018348626
-47.61904761904761
-47.61904761904761
-47.5609756097561
-47.5
-47.5
-47.5
-47.43589743589743
-47.368421052631575
-47.368421052631575
-47.31182795698925
-47.2972972972973
-47.25274725274725
-47.22222222222222
-47.22222222222222
-47.22222222222222
-47.22222222222222
-47.199999999999996
-47.19101123595505
-47.14285714285714
-47.14285714285714
-47.14285714285714
-47.14285714285714
-47.14285714285714
-47.14285714285714
-47.14285714285714
-47.14285714285714
-47.14285714285714
-47.12643678160919
-47.05882352941176
-47.05882352941176
-47.05882352941176
-47.05882352941176
-47.05882352941176
-47.05882352941176
-47.05882352941176
-47.05882352941176
-47.05882352941176
-47.05882352941176
-46.98795180722892
-46.98795180722892
-46.96969696969697
-46.93877551020408
-46.835443037974684
-46.835443037974684
-46.75324675324675
-46.75324675324675
-46.73913043478261
-46.666666666666664
-46.666666666666664
-46.590909090909086
-46.57534246575342
-46.57534246575342
-46.57534246575342
-46.51162790697674
-46.478873239436616
-46.478873239436616
-46.478873239436616
-46.478873239436616
-46.478873239436616
-46.478873239436616
-46.478873239436616
-46.42857142857143
-46.3768115942029
-46.3768115942029
-46.3768115942029
-46.3768115942029
-46.3768115942029
-46.3768115942029
-46.3768115942029
-46.34146341463415
-46.26865671641791
-46.26865671641791
-46.26865671641791
-46.26865671641791
-46.25
-46.15384615384615
-46.15384615384615
-46.15384615384615
-46.15384615384615
-46.15384615384615
-46.06741573033708
-46.06741573033708
-46.05263157894737
-46.0
-45.97701149425287
-45.94594594594595
-45.88235294117647
-45.83333333333333
-45.83333333333333
-45.83333333333333
-45.83333333333333
-45.83333333333333
-45.714285714285715
-45.714285714285715
-45.714285714285715
-45.714285714285715
-45.714285714285715
-45.714285714285715
-45.588235294117645
-45.588235294117645
-45.588235294117645
-45.588235294117645
-45.588235294117645
-45.588235294117645
-45.588235294117645
-45.45454545454545
-45.45454545454545
-45.45454545454545
-45.45454545454545
-45.45454545454545
-45.45454545454545
-45.45454545454545
-45.45454545454545
-45.45454545454545
-45.45454545454545
-45.45454545454545
-45.45454545454545
-45.45454545454545
-45.45454545454545
-45.45454545454545
-45.36082474226804
-45.348837209302324
-45.33333333333333
-45.33333333333333
-45.3125
-45.3125
-45.23809523809524
-45.20547945205479
-45.1219512195122
-45.1219512195122
-45.09803921568628
-45.07042253521127
-45.07042253521127
-45.0
-45.0
-45.0
-44.927536231884055
-44.927536231884055
-44.927536231884055
-44.927536231884055
-44.927536231884055
-44.89795918367347
-44.871794871794876
-44.800000000000004
-44.79166666666667
-44.776119402985074
-44.776119402985074
-44.776119402985074
-44.776119402985074
-44.776119402985074
-44.776119402985074
-44.776119402985074
-44.73684210526316
-44.73684210526316
-44.73684210526316
-44.70588235294118
-44.680851063829785
-44.61538461538462
-44.61538461538462
-44.61538461538462
-44.61538461538462
-44.61538461538462
-44.61538461538462
-44.61538461538462
-44.61538461538462
-44.61538461538462
-44.61538461538462
-44.61538461538462
-44.5945945945946
-44.57831325301205
-44.565217391304344
-44.554455445544555
-44.554455445544555
-44.44444444444444
-44.44444444444444
-44.44444444444444
-44.44444444444444
-44.44444444444444
-44.44444444444444
-44.31818181818182
-44.303797468354425
-44.285714285714285
-44.285714285714285
-44.285714285714285
-44.285714285714285
-44.21052631578947
-44.21052631578947
-44.18604651162791
-44.15584415584416
-44.11764705882353
-44.086021505376344
-44.0
-43.93939393939394
-43.93939393939394
-43.93939393939394
-43.93939393939394
-43.93939393939394
-43.93939393939394
-43.93939393939394
-43.93939393939394
-43.93939393939394
-43.93939393939394
-43.90243902439025
-43.90243902439025
-43.90243902439025
-43.83561643835616
-43.75
-43.75
-43.75
-43.75
-43.75
-43.75
-43.75
-43.75
-43.75
-43.75
-43.75
-43.75
-43.75
-43.75
-43.75
-43.75
-43.67816091954023
-43.66197183098591
-43.61702127659575
-43.61702127659575
-43.58974358974359
-43.58974358974359
-43.54838709677419
-43.54838709677419
-43.54838709677419
-43.54838709677419
-43.54838709677419
-43.54838709677419
-43.529411764705884
-43.529411764705884
-43.47826086956522
-43.47826086956522
-43.47826086956522
-43.47826086956522
-43.47826086956522
-43.42105263157895
-43.28358208955223
-43.28358208955223
-43.28358208955223
-43.28358208955223
-43.28358208955223
-43.24324324324324
-43.24324324324324
-43.18181818181818
-43.18181818181818
-43.18181818181818
-43.07692307692308
-43.07692307692308
-43.07692307692308
-43.07692307692308
-43.07692307692308
-43.07692307692308
-43.07692307692308
-43.07692307692308
-43.05555555555556
-43.05555555555556
-42.95774647887324
-42.857142857142854
-42.857142857142854
-42.857142857142854
-42.857142857142854
-42.857142857142854
-42.857142857142854
-42.857142857142854
-42.857142857142854
-42.857142857142854
-42.857142857142854
-42.857142857142854
-42.857142857142854
-42.857142857142854
-42.857142857142854
-42.857142857142854
-42.857142857142854
-42.73504273504273
-42.71844660194174
-42.66666666666667
-42.64705882352941
-42.62295081967213
-42.62295081967213
-42.62295081967213
-42.62295081967213
-42.62295081967213
-42.608695652173914
-42.5531914893617
-42.5531914893617
-42.465753424657535
-42.42424242424242
-42.42424242424242
-42.42424242424242
-42.42424242424242
-42.42424242424242
-42.42424242424242
-42.42424242424242
-42.35294117647059
-42.35294117647059
-42.2680412371134
-42.1875
-42.1875
-42.1875
-42.1875
-42.1875
-42.1875
-42.1875
-42.1875
-42.1875
-42.168674698795186
-42.10526315789473
-42.10526315789473
-42.10526315789473
-42.028985507246375
-42.028985507246375
-42.028985507246375
-41.935483870967744
-41.935483870967744
-41.935483870967744
-41.935483870967744
-41.935483870967744
-41.935483870967744
-41.935483870967744
-41.935483870967744
-41.935483870967744
-41.935483870967744
-41.935483870967744
-41.935483870967744
-41.935483870967744
-41.935483870967744
-41.904761904761905
-41.891891891891895
-41.86046511627907
-41.86046511627907
-41.7910447761194
-41.7910447761194
-41.7910447761194
-41.7910447761194
-41.7910447761194
-41.77215189873418
-41.75824175824176
-41.75824175824176
-41.66666666666667
-41.66666666666667
-41.66666666666667
-41.66666666666667
-41.66666666666667
-41.66666666666667
-41.66666666666667
-41.57303370786517
-41.53846153846154
-41.53846153846154
-41.53846153846154
-41.53846153846154
-41.53846153846154
-41.42857142857143
-41.42857142857143
-41.42857142857143
-41.30434782608695
-41.269841269841265
-41.269841269841265
-41.269841269841265
-41.269841269841265
-41.269841269841265
-41.269841269841265
-41.269841269841265
-41.269841269841265
-41.269841269841265
-41.269841269841265
-41.269841269841265
-41.17647058823529
-41.17647058823529
-41.0958904109589
-41.02564102564102
-40.98360655737705
-40.98360655737705
-40.98360655737705
-40.98360655737705
-40.98360655737705
-40.98360655737705
-40.98360655737705
-40.98360655737705
-40.98360655737705
-40.98360655737705
-40.963855421686745
-40.909090909090914
-40.909090909090914
-40.909090909090914
-40.845070422535215
-40.78947368421053
-40.74074074074074
-40.74074074074074
-40.67796610169492
-40.67796610169492
-40.625
-40.625
-40.625
-40.625
-40.625
-40.625
-40.57971014492754
-40.54054054054054
-40.476190476190474
-40.44943820224719
-40.44943820224719
-40.32258064516129
-40.32258064516129
-40.32258064516129
-40.32258064516129
-40.32258064516129
-40.32258064516129
-40.32258064516129
-40.32258064516129
-40.32258064516129
-40.32258064516129
-40.32258064516129
-40.32258064516129
-40.32258064516129
-40.32258064516129
-40.21739130434783
-40.0
-40.0
-40.0
-40.0
-40.0
-40.0
-40.0
-40.0
-40.0
-40.0
-40.0
-40.0
-40.0
-40.0
-40.0
-40.0
-40.0
-39.784946236559136
-39.75903614457831
-39.743589743589745
-39.726027397260275
-39.682539682539684
-39.682539682539684
-39.682539682539684
-39.682539682539684
-39.682539682539684
-39.6551724137931
-39.6551724137931
-39.50617283950617
-39.473684210526315
-39.473684210526315
-39.473684210526315
-39.436619718309856
-39.436619718309856
-39.39393939393939
-39.39393939393939
-39.39393939393939
-39.34426229508197
-39.34426229508197
-39.34426229508197
-39.34426229508197
-39.34426229508197
-39.34426229508197
-39.34426229508197
-39.34426229508197
-39.34426229508197
-39.34426229508197
-39.34426229508197
-39.34426229508197
-39.34426229508197
-39.34426229508197
-39.34426229508197
-39.325842696629216
-39.189189189189186
-39.130434782608695
-39.08045977011494
-39.0625
-39.0625
-39.0
-38.983050847457626
-38.983050847457626
-38.983050847457626
-38.983050847457626
-38.983050847457626
-38.983050847457626
-38.983050847457626
-38.983050847457626
-38.983050847457626
-38.983050847457626
-38.983050847457626
-38.983050847457626
-38.88888888888889
-38.88888888888889
-38.88888888888889
-38.88888888888889
-38.82352941176471
-38.80597014925373
-38.75
-38.75
-38.70967741935484
-38.70967741935484
-38.70967741935484
-38.70967741935484
-38.70967741935484
-38.70967741935484
-38.70967741935484
-38.70967741935484
-38.70967741935484
-38.70967741935484
-38.70967741935484
-38.70967741935484
-38.666666666666664
-38.666666666666664
-38.63636363636363
-38.63636363636363
-38.59649122807017
-38.57142857142858
-38.55421686746988
-38.55421686746988
-38.46153846153847
-38.46153846153847
-38.46153846153847
-38.333333333333336
-38.333333333333336
-38.333333333333336
-38.333333333333336
-38.333333333333336
-38.333333333333336
-38.333333333333336
-38.333333333333336
-38.2716049382716
-38.23529411764706
-38.23529411764706
-38.23529411764706
-38.095238095238095
-38.095238095238095
-38.095238095238095
-38.028169014084504
-38.0
-38.0
-37.9746835443038
-37.9746835443038
-37.93103448275862
-37.93103448275862
-37.93103448275862
-37.93103448275862
-37.93103448275862
-37.93103448275862
-37.93103448275862
-37.93103448275862
-37.93103448275862
-37.93103448275862
-37.878787878787875
-37.878787878787875
-37.83783783783784
-37.83783783783784
-37.83783783783784
-37.77777777777778
-37.704918032786885
-37.704918032786885
-37.704918032786885
-37.704918032786885
-37.704918032786885
-37.704918032786885
-37.704918032786885
-37.66233766233766
-37.66233766233766
-37.64705882352941
-37.5
-37.5
-37.5
-37.5
-37.5
-37.5
-37.362637362637365
-37.362637362637365
-37.28813559322034
-37.28813559322034
-37.28813559322034
-37.28813559322034
-37.28813559322034
-37.28813559322034
-37.28813559322034
-37.28813559322034
-37.28813559322034
-37.28813559322034
-37.2093023255814
-37.17948717948718
-37.142857142857146
-37.142857142857146
-37.11340206185567
-37.096774193548384
-37.096774193548384
-37.096774193548384
-37.096774193548384
-37.096774193548384
-37.096774193548384
-37.096774193548384
-37.096774193548384
-37.07865168539326
-36.986301369863014
-36.986301369863014
-36.986301369863014
-36.92307692307693
-36.904761904761905
-36.904761904761905
-36.904761904761905
-36.904761904761905
-36.84210526315789
-36.84210526315789
-36.84210526315789
-36.84210526315789
-36.84210526315789
-36.84210526315789
-36.84210526315789
-36.84210526315789
-36.84210526315789
-36.84210526315789
-36.84210526315789
-36.84210526315789
-36.76470588235294
-36.76470588235294
-36.708860759493675
-36.708860759493675
-36.708860759493675
-36.666666666666664
-36.666666666666664
-36.666666666666664
-36.666666666666664
-36.666666666666664
-36.61971830985916
-36.55913978494624
-36.507936507936506
-36.486486486486484
-36.36363636363637
-36.36363636363637
-36.36363636363637
-36.36363636363637
-36.36363636363637
-36.36363636363637
-36.36363636363637
-36.231884057971016
-36.231884057971016
-36.231884057971016
-36.206896551724135
-36.206896551724135
-36.206896551724135
-36.206896551724135
-36.206896551724135
-36.206896551724135
-36.206896551724135
-36.206896551724135
-36.144578313253014
-36.144578313253014
-36.0655737704918
-36.0655737704918
-36.0
-35.8974358974359
-35.82089552238806
-35.82089552238806
-35.82089552238806
-35.78947368421053
-35.714285714285715
-35.714285714285715
-35.714285714285715
-35.714285714285715
-35.714285714285715
-35.714285714285715
-35.714285714285715
-35.714285714285715
-35.714285714285715
-35.59322033898305
-35.59322033898305
-35.59322033898305
-35.59322033898305
-35.59322033898305
-35.59322033898305
-35.59322033898305
-35.59322033898305
-35.526315789473685
-35.526315789473685
-35.526315789473685
-35.483870967741936
-35.483870967741936
-35.483870967741936
-35.38461538461539
-35.2112676056338
-35.2112676056338
-35.2112676056338
-35.18518518518518
-35.18518518518518
-35.18518518518518
-35.08771929824561
-35.08771929824561
-35.08771929824561
-35.08771929824561
-35.08771929824561
-35.08771929824561
-35.064935064935064
-35.0
-35.0
-35.0
-35.0
-35.0
-35.0
-34.93975903614458
-34.93975903614458
-34.93975903614458
-34.92063492063492
-34.92063492063492
-34.92063492063492
-34.92063492063492
-34.84848484848485
-34.831460674157306
-34.78260869565217
-34.78260869565217
-34.78260869565217
-34.78260869565217
-34.72222222222222
-34.54545454545455
-34.54545454545455
-34.54545454545455
-34.54545454545455
-34.523809523809526
-34.48275862068966
-34.48275862068966
-34.48275862068966
-34.48275862068966
-34.48275862068966
-34.48275862068966
-34.48275862068966
-34.42622950819672
-34.42622950819672
-34.42622950819672
-34.42622950819672
-34.375
-34.32835820895522
-34.285714285714285
-34.24657534246575
-34.21052631578947
-34.21052631578947
-34.21052631578947
-34.21052631578947
-34.177215189873415
-34.11764705882353
-34.090909090909086
-34.090909090909086
-33.9622641509434
-33.9622641509434
-33.92857142857143
-33.92857142857143
-33.92857142857143
-33.92857142857143
-33.92857142857143
-33.92857142857143
-33.92857142857143
-33.92857142857143
-33.89830508474576
-33.89830508474576
-33.89830508474576
-33.87096774193548
-33.87096774193548
-33.87096774193548
-33.84615384615385
-33.84615384615385
-33.82352941176471
-33.80281690140845
-33.78378378378378
-33.75
-33.734939759036145
-33.734939759036145
-33.72093023255814
-33.70786516853933
-33.70786516853933
-33.70786516853933
-33.33333333333333
-33.33333333333333
-33.33333333333333
-33.33333333333333
-33.33333333333333
-33.33333333333333
-33.33333333333333
-33.33333333333333
-33.33333333333333
-33.33333333333333
-33.33333333333333
-33.33333333333333
-33.33333333333333
-33.33333333333333
-33.33333333333333
-33.33333333333333
-33.33333333333333
-33.33333333333333
-32.89473684210527
-32.89473684210527
-32.87671232876712
-32.87671232876712
-32.83582089552239
-32.83582089552239
-32.8125
-32.758620689655174
-32.72727272727273
-32.72727272727273
-32.72727272727273
-32.72727272727273
-32.72727272727273
-32.72727272727273
-32.69230769230769
-32.69230769230769
-32.69230769230769
-32.69230769230769
-32.67326732673268
-32.55813953488372
-32.5
-32.467532467532465
-32.432432432432435
-32.432432432432435
-32.432432432432435
-32.3943661971831
-32.35294117647059
-32.35294117647059
-32.30769230769231
-32.30769230769231
-32.25806451612903
-32.22222222222222
-32.20338983050847
-32.20338983050847
-32.20338983050847
-32.20338983050847
-32.142857142857146
-32.142857142857146
-32.142857142857146
-32.142857142857146
-32.142857142857146
-32.142857142857146
-32.142857142857146
-32.142857142857146
-32.142857142857146
-32.098765432098766
-32.075471698113205
-32.075471698113205
-32.075471698113205
-32.075471698113205
-32.075471698113205
-32.075471698113205
-32.075471698113205
-32.075471698113205
-32.075471698113205
-32.075471698113205
-32.075471698113205
-32.075471698113205
-32.05128205128205
-32.0
-31.818181818181817
-31.818181818181817
-31.76470588235294
-31.746031746031743
-31.746031746031743
-31.746031746031743
-31.666666666666664
-31.666666666666664
-31.666666666666664
-31.666666666666664
-31.666666666666664
-31.666666666666664
-31.63265306122449
-31.57894736842105
-31.57894736842105
-31.57894736842105
-31.57894736842105
-31.57894736842105
-31.57894736842105
-31.506849315068493
-31.506849315068493
-31.506849315068493
-31.506849315068493
-31.48148148148148
-31.48148148148148
-31.48148148148148
-31.48148148148148
-31.48148148148148
-31.48148148148148
-31.48148148148148
-31.48148148148148
-31.428571428571427
-31.428571428571427
-31.372549019607842
-31.372549019607842
-31.372549019607842
-31.343283582089555
-31.343283582089555
-31.25
-31.25
-31.16883116883117
-31.147540983606557
-31.08108108108108
-31.03448275862069
-31.03448275862069
-31.03448275862069
-30.985915492957744
-30.952380952380953
-30.909090909090907
-30.909090909090907
-30.88235294117647
-30.88235294117647
-30.88235294117647
-30.88235294117647
-30.88235294117647
-30.864197530864196
-30.851063829787233
-30.76923076923077
-30.76923076923077
-30.76923076923077
-30.76923076923077
-30.76923076923077
-30.76923076923077
-30.76923076923077
-30.76923076923077
-30.76923076923077
-30.76923076923077
-30.76923076923077
-30.76923076923077
-30.76923076923077
-30.76923076923077
-30.76923076923077
-30.64516129032258
-30.555555555555557
-30.508474576271187
-30.37974683544304
-30.357142857142854
-30.357142857142854
-30.357142857142854
-30.357142857142854
-30.337078651685395
-30.303030303030305
-30.303030303030305
-30.23255813953488
-30.18867924528302
-30.18867924528302
-30.18867924528302
-30.18867924528302
-30.18867924528302
-30.18867924528302
-30.18867924528302
-30.18867924528302
-30.18867924528302
-30.18867924528302
-30.136986301369863
-30.136986301369863
-30.120481927710845
-30.0
-30.0
-30.0
-30.0
-30.0
-29.87012987012987
-29.82456140350877
-29.72972972972973
-29.7029702970297
-29.6875
-29.629629629629626
-29.629629629629626
-29.629629629629626
-29.629629629629626
-29.577464788732392
-29.508196721311474
-29.411764705882355
-29.411764705882355
-29.411764705882355
-29.411764705882355
-29.411764705882355
-29.411764705882355
-29.411764705882355
-29.411764705882355
-29.411764705882355
-29.411764705882355
-29.411764705882355
-29.333333333333332
-29.310344827586203
-29.310344827586203
-29.310344827586203
-29.310344827586203
-29.310344827586203
-29.268292682926827
-29.213483146067414
-29.166666666666668
-29.09090909090909
-29.09090909090909
-29.09090909090909
-29.03225806451613
-29.03225806451613
-29.03225806451613
-29.03225806451613
-29.03225806451613
-28.947368421052634
-28.947368421052634
-28.915662650602407
-28.915662650602407
-28.90625
-28.846153846153843
-28.846153846153843
-28.846153846153843
-28.846153846153843
-28.846153846153843
-28.846153846153843
-28.846153846153843
-28.846153846153843
-28.846153846153843
-28.846153846153843
-28.846153846153843
-28.846153846153843
-28.846153846153843
-28.846153846153843
-28.846153846153843
-28.846153846153843
-28.8135593220339
-28.8135593220339
-28.78787878787879
-28.78787878787879
-28.78787878787879
-28.767123287671232
-28.767123287671232
-28.767123287671232
-28.749999999999996
-28.749999999999996
-28.57142857142857
-28.57142857142857
-28.57142857142857
-28.57142857142857
-28.57142857142857
-28.57142857142857
-28.57142857142857
-28.57142857142857
-28.57142857142857
-28.57142857142857
-28.57142857142857
-28.57142857142857
-28.57142857142857
-28.57142857142857
-28.57142857142857
-28.57142857142857
-28.440366972477065
-28.431372549019606
-28.37837837837838
-28.37837837837838
-28.333333333333332
-28.333333333333332
-28.30188679245283
-28.30188679245283
-28.30188679245283
-28.30188679245283
-28.30188679245283
-28.30188679245283
-28.30188679245283
-28.205128205128204
-28.169014084507044
-28.125
-28.08988764044944
-28.07017543859649
-28.07017543859649
-28.07017543859649
-28.04878048780488
-28.000000000000004
-28.000000000000004
-28.000000000000004
-28.000000000000004
-28.000000000000004
-28.000000000000004
-28.000000000000004
-28.000000000000004
-28.000000000000004
-28.000000000000004
-28.000000000000004
-28.000000000000004
-28.000000000000004
-28.000000000000004
-28.000000000000004
-28.000000000000004
-28.000000000000004
-28.000000000000004
-28.000000000000004
-28.000000000000004
-28.000000000000004
-27.941176470588236
-27.86885245901639
-27.77777777777778
-27.77777777777778
-27.77777777777778
-27.77777777777778
-27.77777777777778
-27.77777777777778
-27.692307692307693
-27.692307692307693
-27.692307692307693
-27.692307692307693
-27.692307692307693
-27.631578947368425
-27.61904761904762
-27.586206896551722
-27.586206896551722
-27.586206896551722
-27.586206896551722
-27.500000000000004
-27.450980392156865
-27.450980392156865
-27.450980392156865
-27.450980392156865
-27.450980392156865
-27.450980392156865
-27.450980392156865
-27.450980392156865
-27.450980392156865
-27.450980392156865
-27.450980392156865
-27.450980392156865
-27.450980392156865
-27.419354838709676
-27.397260273972602
-27.397260273972602
-27.397260273972602
-27.380952380952383
-27.380952380952383
-27.380952380952383
-27.27272727272727
-27.27272727272727
-27.27272727272727
-27.27272727272727
-27.27272727272727
-27.27272727272727
-27.27272727272727
-27.184466019417474
-27.160493827160494
-27.142857142857142
-27.142857142857142
-27.142857142857142
-27.11864406779661
-27.11864406779661
-27.11864406779661
-27.083333333333332
-27.083333333333332
-27.058823529411764
-27.027027027027028
-26.96629213483146
-26.923076923076923
-26.923076923076923
-26.923076923076923
-26.923076923076923
-26.923076923076923
-26.923076923076923
-26.923076923076923
-26.923076923076923
-26.923076923076923
-26.923076923076923
-26.865671641791046
-26.865671641791046
-26.865671641791046
-26.82926829268293
-26.76056338028169
-26.666666666666668
-26.582278481012654
-26.5625
-26.5625
-26.5625
-26.5625
-26.5625
-26.53061224489796
-26.53061224489796
-26.53061224489796
-26.53061224489796
-26.53061224489796
-26.53061224489796
-26.53061224489796
-26.53061224489796
-26.53061224489796
-26.53061224489796
-26.53061224489796
-26.53061224489796
-26.53061224489796
-26.47058823529412
-26.47058823529412
-26.47058823529412
-26.47058823529412
-26.41509433962264
-26.41509433962264
-26.41509433962264
-26.41509433962264
-26.41509433962264
-26.38888888888889
-26.38888888888889
-26.38888888888889
-26.31578947368421
-26.25
-26.25
-26.229508196721312
-26.229508196721312
-26.229508196721312
-26.229508196721312
-26.153846153846157
-26.153846153846157
-26.153846153846157
-26.08695652173913
-26.08695652173913
-26.08695652173913
-26.027397260273972
-26.027397260273972
-26.0
-26.0
-26.0
-26.0
-26.0
-26.0
-26.0
-25.97402597402597
-25.925925925925924
-25.925925925925924
-25.925925925925924
-25.925925925925924
-25.882352941176475
-25.862068965517242
-25.862068965517242
-25.842696629213485
-25.806451612903224
-25.806451612903224
-25.806451612903224
-25.806451612903224
-25.757575757575758
-25.71428571428571
-25.71428571428571
-25.675675675675674
-25.64102564102564
-25.581395348837212
-25.53191489361702
-25.53191489361702
-25.53191489361702
-25.53191489361702
-25.53191489361702
-25.49019607843137
-25.49019607843137
-25.49019607843137
-25.49019607843137
-25.49019607843137
-25.49019607843137
-25.49019607843137
-25.423728813559322
-25.423728813559322
-25.423728813559322
-25.396825396825395
-25.37313432835821
-25.37313432835821
-25.37313432835821
-25.352112676056336
-25.352112676056336
-25.352112676056336
-25.352112676056336
-25.333333333333336
-25.31645569620253
-25.31645569620253
-25.301204819277107
-25.0
-25.0
-25.0
-25.0
-25.0
-25.0
-25.0
-25.0
-25.0
-25.0
-25.0
-25.0
-25.0
-25.0
-25.0
-25.0
-25.0
-25.0
-25.0
-25.0
-25.0
-25.0
-25.0
-25.0
-25.0
-25.0
-25.0
-25.0
-25.0
-25.0
-25.0
-25.0
-25.0
-25.0
-25.0
-25.0
-25.0
-25.0
-25.0
-25.0
-25.0
-25.0
-25.0
-24.705882352941178
-24.675324675324674
-24.637681159420293
-24.615384615384617
-24.615384615384617
-24.59016393442623
-24.59016393442623
-24.561403508771928
-24.528301886792452
-24.528301886792452
-24.528301886792452
-24.528301886792452
-24.489795918367346
-24.489795918367346
-24.489795918367346
-24.489795918367346
-24.489795918367346
-24.489795918367346
-24.489795918367346
-24.489795918367346
-24.489795918367346
-24.489795918367346
-24.489795918367346
-24.489795918367346
-24.489795918367346
-24.489795918367346
-24.489795918367346
-24.489795918367346
-24.489795918367346
-24.489795918367346
-24.444444444444443
-24.390243902439025
-24.324324324324326
-24.285714285714285
-24.285714285714285
-24.242424242424242
-24.193548387096776
-24.193548387096776
-24.193548387096776
-24.074074074074073
-24.074074074074073
-24.050632911392405
-24.050632911392405
-24.050632911392405
-24.050632911392405
-24.050632911392405
-24.0
-24.0
-24.0
-24.0
-24.0
-24.0
-24.0
-24.0
-24.0
-24.0
-24.0
-24.0
-23.943661971830984
-23.91304347826087
-23.91304347826087
-23.91304347826087
-23.91304347826087
-23.91304347826087
-23.91304347826087
-23.88059701492537
-23.863636363636363
-23.809523809523807
-23.75
-23.75
-23.728813559322035
-23.728813559322035
-23.728813559322035
-23.684210526315788
-23.684210526315788
-23.636363636363637
-23.636363636363637
-23.61111111111111
-23.61111111111111
-23.52941176470588
-23.52941176470588
-23.52941176470588
-23.52941176470588
-23.52941176470588
-23.52941176470588
-23.52941176470588
-23.52941176470588
-23.52941176470588
-23.52941176470588
-23.52941176470588
-23.52941176470588
-23.456790123456788
-23.456790123456788
-23.456790123456788
-23.456790123456788
-23.4375
-23.4375
-23.4375
-23.404255319148938
-23.404255319148938
-23.404255319148938
-23.404255319148938
-23.404255319148938
-23.404255319148938
-23.404255319148938
-23.404255319148938
-23.404255319148938
-23.404255319148938
-23.404255319148938
-23.404255319148938
-23.404255319148938
-23.404255319148938
-23.404255319148938
-23.404255319148938
-23.404255319148938
-23.404255319148938
-23.376623376623375
-23.376623376623375
-23.333333333333332
-23.333333333333332
-23.333333333333332
-23.28767123287671
-23.28767123287671
-23.28767123287671
-23.25581395348837
-23.25581395348837
-23.18840579710145
-23.18840579710145
-23.170731707317074
-23.170731707317074
-23.076923076923077
-23.076923076923077
-23.076923076923077
-23.076923076923077
-23.076923076923077
-23.076923076923077
-23.076923076923077
-23.076923076923077
-23.076923076923077
-23.076923076923077
-22.972972972972975
-22.950819672131146
-22.950819672131146
-22.950819672131146
-22.950819672131146
-22.950819672131146
-22.950819672131146
-22.916666666666664
-22.916666666666664
-22.916666666666664
-22.916666666666664
-22.916666666666664
-22.916666666666664
-22.916666666666664
-22.916666666666664
-22.916666666666664
-22.916666666666664
-22.916666666666664
-22.916666666666664
-22.916666666666664
-22.916666666666664
-22.916666666666664
-22.916666666666664
-22.916666666666664
-22.916666666666664
-22.89156626506024
-22.89156626506024
-22.89156626506024
-22.857142857142858
-22.857142857142858
-22.807017543859647
-22.807017543859647
-22.807017543859647
-22.807017543859647
-22.78481012658228
-22.727272727272727
-22.727272727272727
-22.727272727272727
-22.666666666666664
-22.666666666666664
-22.666666666666664
-22.641509433962266
-22.641509433962266
-22.61904761904762
-22.61904761904762
-22.61904761904762
-22.61904761904762
-22.58064516129032
-22.58064516129032
-22.58064516129032
-22.535211267605636
-22.5
-22.5
-22.448979591836736
-22.448979591836736
-22.448979591836736
-22.448979591836736
-22.448979591836736
-22.448979591836736
-22.448979591836736
-22.448979591836736
-22.448979591836736
-22.448979591836736
-22.448979591836736
-22.448979591836736
-22.448979591836736
-22.448979591836736
-22.448979591836736
-22.388059701492537
-22.388059701492537
-22.340425531914892
-22.22222222222222
-22.22222222222222
-22.22222222222222
-22.22222222222222
-22.22222222222222
-22.22222222222222
-22.22222222222222
-22.22222222222222
-22.22222222222222
-22.22222222222222
-22.22222222222222
-22.22222222222222
-22.22222222222222
-22.22222222222222
-22.22222222222222
-22.07792207792208
-22.058823529411764
-22.058823529411764
-22.033898305084744
-22.0
-22.0
-22.0
-22.0
-22.0
-22.0
-22.0
-21.978021978021978
-21.951219512195124
-21.951219512195124
-21.951219512195124
-21.91780821917808
-21.91780821917808
-21.91780821917808
-21.875
-21.875
-21.839080459770116
-21.794871794871796
-21.794871794871796
-21.794871794871796
-21.794871794871796
-21.73913043478261
-21.73913043478261
-21.73913043478261
-21.73913043478261
-21.73913043478261
-21.73913043478261
-21.73913043478261
-21.73913043478261
-21.73913043478261
-21.73913043478261
-21.73913043478261
-21.73913043478261
-21.73913043478261
-21.73913043478261
-21.73913043478261
-21.73913043478261
-21.73913043478261
-21.73913043478261
-21.73913043478261
-21.73913043478261
-21.73913043478261
-21.686746987951807
-21.686746987951807
-21.666666666666668
-21.666666666666668
-21.62162162162162
-21.62162162162162
-21.59090909090909
-21.568627450980394
-21.568627450980394
-21.568627450980394
-21.568627450980394
-21.428571428571427
-21.428571428571427
-21.428571428571427
-21.428571428571427
-21.428571428571427
-21.428571428571427
-21.428571428571427
-21.333333333333336
-21.333333333333336
-21.311475409836063
-21.311475409836063
-21.311475409836063
-21.27659574468085
-21.27659574468085
-21.27659574468085
-21.27659574468085
-21.27659574468085
-21.27659574468085
-21.27659574468085
-21.27659574468085
-21.27659574468085
-21.27659574468085
-21.27659574468085
-21.27659574468085
-21.27659574468085
-21.27659574468085
-21.27659574468085
-21.27659574468085
-21.27659574468085
-21.25
-21.25
-21.25
-21.21212121212121
-21.153846153846153
-21.153846153846153
-21.153846153846153
-21.153846153846153
-21.12676056338028
-21.12676056338028
-21.12676056338028
-21.12676056338028
-21.12676056338028
-21.12676056338028
-21.11111111111111
-21.11111111111111
-21.052631578947366
-21.052631578947366
-21.052631578947366
-21.052631578947366
-21.052631578947366
-21.052631578947366
-21.052631578947366
-20.98765432098765
-20.967741935483872
-20.967741935483872
-20.930232558139537
-20.8955223880597
-20.833333333333336
-20.833333333333336
-20.833333333333336
-20.833333333333336
-20.833333333333336
-20.833333333333336
-20.833333333333336
-20.833333333333336
-20.77922077922078
-20.77922077922078
-20.754716981132077
-20.754716981132077
-20.72072072072072
-20.689655172413794
-20.689655172413794
-20.689655172413794
-20.689655172413794
-20.689655172413794
-20.689655172413794
-20.689655172413794
-20.652173913043477
-20.634920634920633
-20.634920634920633
-20.634920634920633
-20.634920634920633
-20.588235294117645
-20.588235294117645
-20.54794520547945
-20.51282051282051
-20.481927710843372
-20.454545454545457
-20.454545454545457
-20.454545454545457
-20.408163265306122
-20.408163265306122
-20.408163265306122
-20.408163265306122
-20.408163265306122
-20.408163265306122
-20.408163265306122
-20.408163265306122
-20.408163265306122
-20.408163265306122
-20.37037037037037
-20.33898305084746
-20.33898305084746
-20.3125
-20.28985507246377
-20.28985507246377
-20.28985507246377
-20.28985507246377
-20.28985507246377
-20.27027027027027
-20.27027027027027
-20.27027027027027
-20.253164556962027
-20.238095238095237
-20.238095238095237
-20.224719101123593
-20.0
-20.0
-20.0
-20.0
-20.0
-20.0
-20.0
-20.0
-20.0
-20.0
-20.0
-20.0
-20.0
-20.0
-20.0
-20.0
-20.0
-20.0
-20.0
-20.0
-20.0
-20.0
-20.0
-20.0
-20.0
-20.0
-20.0
-20.0
-20.0
-20.0
-20.0
-20.0
-19.78021978021978
-19.78021978021978
-19.753086419753085
-19.736842105263158
-19.736842105263158
-19.736842105263158
-19.718309859154928
-19.718309859154928
-19.718309859154928
-19.696969696969695
-19.696969696969695
-19.672131147540984
-19.672131147540984
-19.672131147540984
-19.642857142857142
-19.642857142857142
-19.642857142857142
-19.607843137254903
-19.607843137254903
-19.607843137254903
-19.565217391304348
-19.565217391304348
-19.565217391304348
-19.565217391304348
-19.565217391304348
-19.565217391304348
-19.565217391304348
-19.565217391304348
-19.565217391304348
-19.565217391304348
-19.565217391304348
-19.565217391304348
-19.565217391304348
-19.565217391304348
-19.565217391304348
-19.565217391304348
-19.565217391304348
-19.565217391304348
-19.565217391304348
-19.565217391304348
-19.565217391304348
-19.565217391304348
-19.565217391304348
-19.565217391304348
-19.565217391304348
-19.565217391304348
-19.54022988505747
-19.54022988505747
-19.480519480519483
-19.480519480519483
-19.444444444444446
-19.444444444444446
-19.444444444444446
-19.402985074626866
-19.402985074626866
-19.35483870967742
-19.35483870967742
-19.318181818181817
-19.298245614035086
-19.298245614035086
-19.298245614035086
-19.298245614035086
-19.298245614035086
-19.27710843373494
-19.27710843373494
-19.230769230769234
-19.230769230769234
-19.230769230769234
-19.230769230769234
-19.230769230769234
-19.17808219178082
-19.17808219178082
-19.17808219178082
-19.148936170212767
-19.148936170212767
-19.148936170212767
-19.148936170212767
-19.148936170212767
-19.148936170212767
-19.148936170212767
-19.148936170212767
-19.148936170212767
-19.148936170212767
-19.148936170212767
-19.148936170212767
-19.148936170212767
-19.148936170212767
-19.148936170212767
-19.148936170212767
-19.148936170212767
-19.148936170212767
-19.148936170212767
-19.047619047619047
-19.047619047619047
-19.047619047619047
-19.047619047619047
-19.047619047619047
-19.047619047619047
-19.047619047619047
-18.96551724137931
-18.96551724137931
-18.96551724137931
-18.96551724137931
-18.91891891891892
-18.91891891891892
-18.91891891891892
-18.91891891891892
-18.867924528301888
-18.867924528301888
-18.867924528301888
-18.84057971014493
-18.84057971014493
-18.823529411764707
-18.823529411764707
-18.75
-18.75
-18.75
-18.75
-18.75
-18.75
-18.75
-18.75
-18.75
-18.75
-18.75
-18.75
-18.75
-18.75
-18.75
-18.75
-18.681318681318682
-18.666666666666668
-18.666666666666668
-18.666666666666668
-18.64406779661017
-18.64406779661017
-18.64406779661017
-18.6046511627907
-18.6046511627907
-18.571428571428573
-18.571428571428573
-18.571428571428573
-18.571428571428573
-18.571428571428573
-18.571428571428573
-18.571428571428573
-18.51851851851852
-18.51851851851852
-18.461538461538463
-18.461538461538463
-18.461538461538463
-18.421052631578945
-18.421052631578945
-18.421052631578945
-18.39080459770115
-18.367346938775512
-18.367346938775512
-18.367346938775512
-18.367346938775512
-18.30985915492958
-18.269230769230766
-18.181818181818183
-18.181818181818183
-18.181818181818183
-18.181818181818183
-18.181818181818183
-18.181818181818183
-18.181818181818183
-18.181818181818183
-18.181818181818183
-18.181818181818183
-18.181818181818183
-18.181818181818183
-18.181818181818183
-18.181818181818183
-18.181818181818183
-18.181818181818183
-18.181818181818183
-18.181818181818183
-18.181818181818183
-18.181818181818183
-18.181818181818183
-18.181818181818183
-18.181818181818183
-18.181818181818183
-18.072289156626507
-18.072289156626507
-18.055555555555554
-18.055555555555554
-18.055555555555554
-18.0327868852459
-18.0
-18.0
-18.0
-18.0
-17.97752808988764
-17.94871794871795
-17.94871794871795
-17.94871794871795
-17.91044776119403
-17.857142857142858
-17.857142857142858
-17.857142857142858
-17.77777777777778
-17.77777777777778
-17.77777777777778
-17.77777777777778
-17.77777777777778
-17.77777777777778
-17.77777777777778
-17.77777777777778
-17.77777777777778
-17.77777777777778
-17.77777777777778
-17.77777777777778
-17.77777777777778
-17.77777777777778
-17.77777777777778
-17.77777777777778
-17.741935483870968
-17.647058823529413
-17.647058823529413
-17.647058823529413
-17.647058823529413
-17.647058823529413
-17.647058823529413
-17.56756756756757
-17.56756756756757
-17.56756756756757
-17.543859649122805
-17.543859649122805
-17.525773195876287
-17.5
-17.5
-17.5
-17.5
-17.46031746031746
-17.46031746031746
-17.441860465116278
-17.391304347826086
-17.391304347826086
-17.391304347826086
-17.391304347826086
-17.391304347826086
-17.391304347826086
-17.391304347826086
-17.391304347826086
-17.391304347826086
-17.391304347826086
-17.391304347826086
-17.391304347826086
-17.391304347826086
-17.391304347826086
-17.391304347826086
-17.391304347826086
-17.346938775510203
-17.333333333333336
-17.307692307692307
-17.24137931034483
-17.24137931034483
-17.24137931034483
-17.1875
-17.1875
-17.1875
-17.1875
-17.142857142857142
-17.142857142857142
-17.105263157894736
-17.073170731707318
-17.045454545454543
-17.045454545454543
-17.02127659574468
-17.02127659574468
-17.02127659574468
-17.02127659574468
-17.02127659574468
-17.02127659574468
-17.02127659574468
-17.02127659574468
-17.02127659574468
-17.0
-17.0
-16.9811320754717
-16.94915254237288
-16.94915254237288
-16.923076923076923
-16.923076923076923
-16.923076923076923
-16.901408450704224
-16.901408450704224
-16.883116883116884
-16.666666666666664
-16.666666666666664
-16.666666666666664
-16.666666666666664
-16.666666666666664
-16.666666666666664
-16.666666666666664
-16.666666666666664
-16.666666666666664
-16.666666666666664
-16.666666666666664
-16.666666666666664
-16.666666666666664
-16.666666666666664
-16.666666666666664
-16.666666666666664
-16.666666666666664
-16.666666666666664
-16.666666666666664
-16.666666666666664
-16.666666666666664
-16.666666666666664
-16.666666666666664
-16.666666666666664
-16.483516483516482
-16.470588235294116
-16.470588235294116
-16.43835616438356
-16.43835616438356
-16.43835616438356
-16.417910447761194
-16.417910447761194
-16.417910447761194
-16.417910447761194
-16.39344262295082
-16.39344262295082
-16.39344262295082
-16.39344262295082
-16.3265306122449
-16.3265306122449
-16.3265306122449
-16.3265306122449
-16.3265306122449
-16.3265306122449
-16.27906976744186
-16.27906976744186
-16.27906976744186
-16.27906976744186
-16.27906976744186
-16.27906976744186
-16.27906976744186
-16.27906976744186
-16.27906976744186
-16.27906976744186
-16.27906976744186
-16.27906976744186
-16.27906976744186
-16.27906976744186
-16.25
-16.25
-16.25
-16.216216216216218
-16.19047619047619
-16.176470588235293
-16.129032258064516
-16.129032258064516
-16.129032258064516
-16.129032258064516
-16.129032258064516
-16.129032258064516
-16.091954022988507
-16.071428571428573
-16.071428571428573
-16.071428571428573
-16.071428571428573
-16.071428571428573
-16.049382716049383
-16.0
-16.0
-16.0
-16.0
-16.0
-15.942028985507244
-15.942028985507244
-15.942028985507244
-15.942028985507244
-15.909090909090908
-15.909090909090908
-15.909090909090908
-15.909090909090908
-15.909090909090908
-15.909090909090908
-15.909090909090908
-15.909090909090908
-15.909090909090908
-15.909090909090908
-15.909090909090908
-15.909090909090908
-15.909090909090908
-15.909090909090908
-15.909090909090908
-15.909090909090908
-15.909090909090908
-15.909090909090908
-15.909090909090908
-15.873015873015872
-15.873015873015872
-15.873015873015872
-15.873015873015872
-15.873015873015872
-15.873015873015872
-15.873015873015872
-15.853658536585366
-15.853658536585366
-15.789473684210526
-15.789473684210526
-15.789473684210526
-15.789473684210526
-15.789473684210526
-15.789473684210526
-15.730337078651685
-15.714285714285714
-15.714285714285714
-15.686274509803921
-15.686274509803921
-15.686274509803921
-15.686274509803921
-15.66265060240964
-15.66265060240964
-15.66265060240964
-15.66265060240964
-15.625
-15.625
-15.584415584415584
-15.555555555555555
-15.555555555555555
-15.555555555555555
-15.555555555555555
-15.555555555555555
-15.555555555555555
-15.555555555555555
-15.555555555555555
-15.555555555555555
-15.555555555555555
-15.555555555555555
-15.555555555555555
-15.555555555555555
-15.555555555555555
-15.555555555555555
-15.517241379310345
-15.517241379310345
-15.517241379310345
-15.492957746478872
-15.492957746478872
-15.476190476190476
-15.476190476190476
-15.384615384615385
-15.384615384615385
-15.384615384615385
-15.384615384615385
-15.384615384615385
-15.384615384615385
-15.384615384615385
-15.384615384615385
-15.294117647058824
-15.294117647058824
-15.294117647058824
-15.277777777777779
-15.254237288135593
-15.217391304347828
-15.217391304347828
-15.217391304347828
-15.217391304347828
-15.217391304347828
-15.217391304347828
-15.217391304347828
-15.217391304347828
-15.217391304347828
-15.18987341772152
-15.18987341772152
-15.151515151515152
-15.11627906976744
-15.11627906976744
-15.09433962264151
-15.068493150684931
-15.068493150684931
-15.068493150684931
-15.053763440860216
-15.0
-15.0
-15.0
-15.0
-15.0
-15.0
-14.942528735632186
-14.925373134328357
-14.893617021276595
-14.893617021276595
-14.893617021276595
-14.893617021276595
-14.864864864864865
-14.814814814814813
-14.754098360655737
-14.754098360655737
-14.754098360655737
-14.754098360655737
-14.754098360655737
-14.754098360655737
-14.754098360655737
-14.705882352941178
-14.705882352941178
-14.666666666666666
-14.634146341463413
-14.634146341463413
-14.634146341463413
-14.634146341463413
-14.634146341463413
-14.606741573033707
-14.583333333333334
-14.583333333333334
-14.583333333333334
-14.583333333333334
-14.583333333333334
-14.583333333333334
-14.545454545454545
-14.516129032258066
-14.516129032258066
-14.492753623188406
-14.492753623188406
-14.473684210526317
-14.473684210526317
-14.457831325301203
-14.457831325301203
-14.285714285714285
-14.285714285714285
-14.285714285714285
-14.285714285714285
-14.285714285714285
-14.285714285714285
-14.285714285714285
-14.285714285714285
-14.285714285714285
-14.285714285714285
-14.285714285714285
-14.285714285714285
-14.285714285714285
-14.285714285714285
-14.285714285714285
-14.285714285714285
-14.285714285714285
-14.285714285714285
-14.285714285714285
-14.285714285714285
-14.285714285714285
-14.285714285714285
-14.130434782608695
-14.117647058823529
-14.102564102564102
-14.084507042253522
-14.0625
-13.978494623655912
-13.978494623655912
-13.953488372093023
-13.953488372093023
-13.953488372093023
-13.953488372093023
-13.953488372093023
-13.953488372093023
-13.953488372093023
-13.953488372093023
-13.953488372093023
-13.953488372093023
-13.953488372093023
-13.953488372093023
-13.953488372093023
-13.953488372093023
-13.953488372093023
-13.953488372093023
-13.953488372093023
-13.953488372093023
-13.953488372093023
-13.953488372093023
-13.953488372093023
-13.953488372093023
-13.924050632911392
-13.846153846153847
-13.793103448275861
-13.793103448275861
-13.793103448275861
-13.793103448275861
-13.793103448275861
-13.793103448275861
-13.793103448275861
-13.793103448275861
-13.793103448275861
-13.750000000000002
-13.750000000000002
-13.750000000000002
-13.750000000000002
-13.725490196078432
-13.725490196078432
-13.725490196078432
-13.725490196078432
-13.698630136986301
-13.698630136986301
-13.698630136986301
-13.698630136986301
-13.698630136986301
-13.636363636363635
-13.636363636363635
-13.636363636363635
-13.636363636363635
-13.636363636363635
-13.636363636363635
-13.636363636363635
-13.636363636363635
-13.636363636363635
-13.636363636363635
-13.636363636363635
-13.636363636363635
-13.636363636363635
-13.636363636363635
-13.636363636363635
-13.636363636363635
-13.636363636363635
-13.580246913580247
-13.580246913580247
-13.580246913580247
-13.559322033898304
-13.559322033898304
-13.559322033898304
-13.513513513513514
-13.513513513513514
-13.513513513513514
-13.513513513513514
-13.513513513513514
-13.513513513513514
-13.48314606741573
-13.333333333333334
-13.333333333333334
-13.333333333333334
-13.333333333333334
-13.333333333333334
-13.333333333333334
-13.333333333333334
-13.333333333333334
-13.333333333333334
-13.333333333333334
-13.333333333333334
-13.333333333333334
-13.333333333333334
-13.253012048192772
-13.23529411764706
-13.23529411764706
-13.23529411764706
-13.20754716981132
-13.20754716981132
-13.157894736842104
-13.114754098360656
-13.114754098360656
-13.114754098360656
-13.114754098360656
-13.114754098360656
-13.043478260869565
-13.043478260869565
-13.0
-12.987012987012985
-12.987012987012985
-12.962962962962962
-12.962962962962962
-12.962962962962962
-12.941176470588237
-12.903225806451612
-12.903225806451612
-12.903225806451612
-12.903225806451612
-12.903225806451612
-12.857142857142856
-12.857142857142856
-12.82051282051282
-12.82051282051282
-12.82051282051282
-12.82051282051282
-12.790697674418606
-12.76595744680851
-12.76595744680851
-12.727272727272727
-12.727272727272727
-12.727272727272727
-12.698412698412698
-12.698412698412698
-12.698412698412698
-12.676056338028168
-12.676056338028168
-12.676056338028168
-12.643678160919542
-12.643678160919542
-12.643678160919542
-12.5
-12.5
-12.5
-12.5
-12.5
-12.5
-12.5
-12.5
-12.5
-12.5
-12.5
-12.5
-12.5
-12.5
-12.5
-12.5
-12.5
-12.5
-12.5
-12.5
-12.371134020618557
-12.371134020618557
-12.345679012345679
-12.345679012345679
-12.345679012345679
-12.345679012345679
-12.32876712328767
-12.32876712328767
-12.307692307692308
-12.280701754385964
-12.244897959183673
-12.244897959183673
-12.222222222222221
-12.222222222222221
-12.195121951219512
-12.195121951219512
-12.195121951219512
-12.195121951219512
-12.195121951219512
-12.195121951219512
-12.195121951219512
-12.195121951219512
-12.195121951219512
-12.195121951219512
-12.195121951219512
-12.195121951219512
-12.195121951219512
-12.195121951219512
-12.162162162162163
-12.162162162162163
-12.121212121212121
-12.068965517241379
-12.068965517241379
-12.068965517241379
-12.068965517241379
-12.068965517241379
-12.048192771084338
-12.0
-12.0
-11.956521739130435
-11.940298507462686
-11.904761904761903
-11.904761904761903
-11.904761904761903
-11.904761904761903
-11.904761904761903
-11.904761904761903
-11.904761904761903
-11.904761904761903
-11.904761904761903
-11.904761904761903
-11.864406779661017
-11.864406779661017
-11.864406779661017
-11.842105263157894
-11.827956989247312
-11.76470588235294
-11.76470588235294
-11.76470588235294
-11.76470588235294
-11.76470588235294
-11.76470588235294
-11.76470588235294
-11.76470588235294
-11.76470588235294
-11.688311688311687
-11.688311688311687
-11.688311688311687
-11.666666666666666
-11.666666666666666
-11.627906976744185
-11.627906976744185
-11.627906976744185
-11.627906976744185
-11.627906976744185
-11.627906976744185
-11.627906976744185
-11.627906976744185
-11.627906976744185
-11.627906976744185
-11.594202898550725
-11.578947368421053
-11.538461538461538
-11.538461538461538
-11.538461538461538
-11.538461538461538
-11.538461538461538
-11.494252873563218
-11.475409836065573
-11.39240506329114
-11.39240506329114
-11.39240506329114
-11.363636363636363
-11.363636363636363
-11.363636363636363
-11.363636363636363
-11.363636363636363
-11.363636363636363
-11.363636363636363
-11.363636363636363
-11.363636363636363
-11.320754716981133
-11.320754716981133
-11.320754716981133
-11.29032258064516
-11.29032258064516
-11.29032258064516
-11.29032258064516
-11.29032258064516
-11.267605633802818
-11.267605633802818
-11.25
-11.25
-11.25
-11.25
-11.11111111111111
-11.11111111111111
-11.11111111111111
-11.11111111111111
-11.11111111111111
-11.11111111111111
-11.11111111111111
-11.11111111111111
-11.11111111111111
-11.11111111111111
-11.11111111111111
-10.975609756097562
-10.95890410958904
-10.95890410958904
-10.95890410958904
-10.909090909090908
-10.909090909090908
-10.909090909090908
-10.869565217391305
-10.869565217391305
-10.843373493975903
-10.843373493975903
-10.81081081081081
-10.81081081081081
-10.784313725490197
-10.76923076923077
-10.714285714285714
-10.714285714285714
-10.714285714285714
-10.666666666666668
-10.638297872340425
-10.638297872340425
-10.638297872340425
-10.638297872340425
-10.638297872340425
-10.606060606060606
-10.606060606060606
-10.606060606060606
-10.606060606060606
-10.606060606060606
-10.588235294117647
-10.588235294117647
-10.526315789473683
-10.526315789473683
-10.526315789473683
-10.526315789473683
-10.526315789473683
-10.526315789473683
-10.465116279069768
-10.44776119402985
-10.416666666666668
-10.416666666666668
-10.416666666666668
-10.416666666666668
-10.416666666666668
-10.416666666666668
-10.38961038961039
-10.344827586206897
-10.344827586206897
-10.344827586206897
-10.344827586206897
-10.344827586206897
-10.344827586206897
-10.344827586206897
-10.294117647058822
-10.294117647058822
-10.256410256410255
-10.256410256410255
-10.256410256410255
-10.256410256410255
-10.256410256410255
-10.256410256410255
-10.256410256410255
-10.256410256410255
-10.256410256410255
-10.256410256410255
-10.227272727272728
-10.204081632653061
-10.204081632653061
-10.204081632653061
-10.204081632653061
-10.144927536231885
-10.126582278481013
-10.126582278481013
-10.126582278481013
-10.112359550561797
-10.112359550561797
-10.1010101010101
-10.0
-10.0
-10.0
-10.0
-10.0
-10.0
-10.0
-10.0
-10.0
-10.0
-10.0
-10.0
-10.0
-10.0
-10.0
-10.0
-10.0
-10.0
-10.0
-10.0
-10.0
-10.0
-10.0
-10.0
-10.0
-10.0
-10.0
-10.0
-10.0
-10.0
-10.0
-10.0
-10.0
-10.0
-10.0
-10.0
-10.0
-9.89010989010989
-9.876543209876543
-9.876543209876543
-9.859154929577464
-9.836065573770492
-9.836065573770492
-9.836065573770492
-9.836065573770492
-9.803921568627452
-9.803921568627452
-9.803921568627452
-9.782608695652174
-9.75609756097561
-9.75609756097561
-9.75609756097561
-9.75609756097561
-9.75609756097561
-9.75609756097561
-9.75609756097561
-9.75609756097561
-9.75609756097561
-9.75609756097561
-9.75609756097561
-9.75609756097561
-9.75609756097561
-9.75609756097561
-9.75609756097561
-9.722222222222223
-9.722222222222223
-9.722222222222223
-9.722222222222223
-9.722222222222223
-9.67741935483871
-9.63855421686747
-9.615384615384617
-9.615384615384617
-9.615384615384617
-9.615384615384617
-9.615384615384617
-9.615384615384617
-9.58904109589041
-9.58904109589041
-9.523809523809524
-9.523809523809524
-9.523809523809524
-9.523809523809524
-9.523809523809524
-9.523809523809524
-9.523809523809524
-9.523809523809524
-9.523809523809524
-9.523809523809524
-9.523809523809524
-9.523809523809524
-9.523809523809524
-9.523809523809524
-9.523809523809524
-9.45945945945946
-9.433962264150944
-9.433962264150944
-9.411764705882353
-9.411764705882353
-9.375
-9.375
-9.375
-9.375
-9.333333333333334
-9.30232558139535
-9.30232558139535
-9.30232558139535
-9.30232558139535
-9.30232558139535
-9.30232558139535
-9.30232558139535
-9.30232558139535
-9.25925925925926
-9.25925925925926
-9.25925925925926
-9.25925925925926
-9.230769230769232
-9.210526315789473
-9.210526315789473
-9.195402298850574
-9.090909090909092
-9.090909090909092
-9.090909090909092
-9.090909090909092
-9.090909090909092
-9.090909090909092
-9.090909090909092
-8.955223880597014
-8.955223880597014
-8.955223880597014
-8.955223880597014
-8.928571428571429
-8.928571428571429
-8.928571428571429
-8.928571428571429
-8.88888888888889
-8.860759493670885
-8.860759493670885
-8.860759493670885
-8.823529411764707
-8.823529411764707
-8.823529411764707
-8.791208791208792
-8.771929824561402
-8.771929824561402
-8.75
-8.75
-8.75
-8.695652173913043
-8.695652173913043
-8.695652173913043
-8.695652173913043
-8.695652173913043
-8.641975308641975
-8.641975308641975
-8.620689655172415
-8.571428571428571
-8.571428571428571
-8.571428571428571
-8.536585365853659
-8.536585365853659
-8.51063829787234
-8.51063829787234
-8.51063829787234
-8.51063829787234
-8.47457627118644
-8.450704225352112
-8.450704225352112
-8.450704225352112
-8.450704225352112
-8.433734939759036
-8.333333333333332
-8.333333333333332
-8.333333333333332
-8.333333333333332
-8.333333333333332
-8.333333333333332
-8.333333333333332
-8.24742268041237
-8.235294117647058
-8.235294117647058
-8.21917808219178
-8.21917808219178
-8.21917808219178
-8.19672131147541
-8.19672131147541
-8.16326530612245
-8.16326530612245
-8.16326530612245
-8.16326530612245
-8.16326530612245
-8.16326530612245
-8.13953488372093
-8.13953488372093
-8.108108108108109
-8.108108108108109
-8.108108108108109
-8.064516129032258
-8.064516129032258
-8.064516129032258
-8.0
-8.0
-8.0
-8.0
-8.0
-7.954545454545454
-7.936507936507936
-7.936507936507936
-7.894736842105263
-7.894736842105263
-7.894736842105263
-7.894736842105263
-7.894736842105263
-7.894736842105263
-7.894736842105263
-7.894736842105263
-7.894736842105263
-7.894736842105263
-7.894736842105263
-7.865168539325842
-7.8431372549019605
-7.8431372549019605
-7.8125
-7.8125
-7.792207792207792
-7.792207792207792
-7.777777777777778
-7.6923076923076925
-7.6923076923076925
-7.6923076923076925
-7.6923076923076925
-7.6923076923076925
-7.6923076923076925
-7.6923076923076925
-7.6923076923076925
-7.6923076923076925
-7.6923076923076925
-7.6923076923076925
-7.6923076923076925
-7.6923076923076925
-7.6923076923076925
-7.6923076923076925
-7.6923076923076925
-7.6923076923076925
-7.6923076923076925
-7.6923076923076925
-7.6923076923076925
-7.6923076923076925
-7.6923076923076925
-7.6923076923076925
-7.6923076923076925
-7.6923076923076925
-7.6923076923076925
-7.6923076923076925
-7.6923076923076925
-7.6923076923076925
-7.6923076923076925
-7.6923076923076925
-7.6923076923076925
-7.6923076923076925
-7.6923076923076925
-7.608695652173914
-7.59493670886076
-7.59493670886076
-7.59493670886076
-7.575757575757576
-7.547169811320755
-7.547169811320755
-7.547169811320755
-7.547169811320755
-7.547169811320755
-7.5
-7.5
-7.5
-7.5
-7.5
-7.5
-7.5
-7.5
-7.5
-7.5
-7.5
-7.5
-7.5
-7.5
-7.5
-7.5
-7.5
-7.5
-7.5
-7.5
-7.5
-7.5
-7.5
-7.5
-7.5
-7.5
-7.5
-7.462686567164178
-7.462686567164178
-7.4074074074074066
-7.4074074074074066
-7.4074074074074066
-7.4074074074074066
-7.4074074074074066
-7.4074074074074066
-7.4074074074074066
-7.4074074074074066
-7.352941176470589
-7.352941176470589
-7.317073170731707
-7.317073170731707
-7.317073170731707
-7.317073170731707
-7.317073170731707
-7.317073170731707
-7.317073170731707
-7.317073170731707
-7.317073170731707
-7.317073170731707
-7.317073170731707
-7.317073170731707
-7.317073170731707
-7.291666666666667
-7.2727272727272725
-7.2727272727272725
-7.246376811594203
-7.246376811594203
-7.246376811594203
-7.216494845360824
-7.142857142857142
-7.142857142857142
-7.142857142857142
-7.142857142857142
-7.142857142857142
-7.142857142857142
-7.142857142857142
-7.142857142857142
-7.142857142857142
-7.142857142857142
-7.142857142857142
-7.142857142857142
-7.142857142857142
-7.142857142857142
-7.0588235294117645
-7.0588235294117645
-7.042253521126761
-7.042253521126761
-7.017543859649122
-7.017543859649122
-7.017543859649122
-7.017543859649122
-6.976744186046512
-6.976744186046512
-6.976744186046512
-6.976744186046512
-6.976744186046512
-6.976744186046512
-6.976744186046512
-6.976744186046512
-6.976744186046512
-6.944444444444445
-6.896551724137931
-6.896551724137931
-6.896551724137931
-6.8493150684931505
-6.8181818181818175
-6.8181818181818175
-6.8181818181818175
-6.779661016949152
-6.779661016949152
-6.779661016949152
-6.756756756756757
-6.741573033707865
-6.741573033707865
-6.666666666666667
-6.666666666666667
-6.666666666666667
-6.666666666666667
-6.666666666666667
-6.666666666666667
-6.666666666666667
-6.578947368421052
-6.557377049180328
-6.557377049180328
-6.557377049180328
-6.557377049180328
-6.521739130434782
-6.493506493506493
-6.493506493506493
-6.451612903225806
-6.41025641025641
-6.41025641025641
-6.382978723404255
-6.382978723404255
-6.349206349206349
-6.349206349206349
-6.349206349206349
-6.329113924050633
-6.329113924050633
-6.329113924050633
-6.329113924050633
-6.25
-6.25
-6.25
-6.172839506172839
-6.172839506172839
-6.172839506172839
-6.153846153846154
-6.122448979591836
-6.122448979591836
-6.097560975609756
-6.097560975609756
-6.097560975609756
-6.0606060606060606
-6.0606060606060606
-6.0606060606060606
-6.024096385542169
-6.024096385542169
-6.0
-6.0
-5.970149253731343
-5.970149253731343
-5.970149253731343
-5.970149253731343
-5.970149253731343
-5.970149253731343
-5.952380952380952
-5.88235294117647
-5.88235294117647
-5.88235294117647
-5.813953488372093
-5.813953488372093
-5.797101449275362
-5.769230769230769
-5.714285714285714
-5.714285714285714
-5.681818181818182
-5.633802816901409
-5.555555555555555
-5.555555555555555
-5.555555555555555
-5.555555555555555
-5.47945205479452
-5.47945205479452
-5.47945205479452
-5.454545454545454
-5.454545454545454
-5.454545454545454
-5.434782608695652
-5.405405405405405
-5.405405405405405
-5.405405405405405
-5.405405405405405
-5.405405405405405
-5.405405405405405
-5.405405405405405
-5.405405405405405
-5.405405405405405
-5.405405405405405
-5.405405405405405
-5.405405405405405
-5.405405405405405
-5.405405405405405
-5.405405405405405
-5.405405405405405
-5.405405405405405
-5.405405405405405
-5.405405405405405
-5.405405405405405
-5.405405405405405
-5.405405405405405
-5.405405405405405
-5.405405405405405
-5.405405405405405
-5.405405405405405
-5.333333333333334
-5.263157894736842
-5.263157894736842
-5.263157894736842
-5.263157894736842
-5.263157894736842
-5.263157894736842
-5.263157894736842
-5.263157894736842
-5.263157894736842
-5.263157894736842
-5.263157894736842
-5.263157894736842
-5.263157894736842
-5.263157894736842
-5.263157894736842
-5.263157894736842
-5.263157894736842
-5.263157894736842
-5.263157894736842
-5.263157894736842
-5.263157894736842
-5.263157894736842
-5.263157894736842
-5.263157894736842
-5.263157894736842
-5.263157894736842
-5.263157894736842
-5.263157894736842
-5.263157894736842
-5.263157894736842
-5.263157894736842
-5.263157894736842
-5.263157894736842
-5.263157894736842
-5.263157894736842
-5.263157894736842
-5.263157894736842
-5.263157894736842
-5.263157894736842
-5.263157894736842
-5.263157894736842
-5.263157894736842
-5.263157894736842
-5.263157894736842
-5.263157894736842
-5.263157894736842
-5.263157894736842
-5.263157894736842
-5.263157894736842
-5.263157894736842
-5.263157894736842
-5.263157894736842
-5.263157894736842
-5.263157894736842
-5.263157894736842
-5.263157894736842
-5.263157894736842
-5.263157894736842
-5.263157894736842
-5.263157894736842
-5.208333333333334
-5.172413793103448
-5.128205128205128
-5.128205128205128
-5.128205128205128
-5.128205128205128
-5.128205128205128
-5.128205128205128
-5.128205128205128
-5.128205128205128
-5.128205128205128
-5.128205128205128
-5.128205128205128
-5.128205128205128
-5.128205128205128
-5.128205128205128
-5.128205128205128
-5.128205128205128
-5.128205128205128
-5.128205128205128
-5.128205128205128
-5.128205128205128
-5.128205128205128
-5.128205128205128
-5.128205128205128
-5.1020408163265305
-5.084745762711865
-5.063291139240507
-5.0
-5.0
-5.0
-5.0
-5.0
-5.0
-5.0
-5.0
-5.0
-5.0
-5.0
-5.0
-5.0
-5.0
-4.938271604938271
-4.938271604938271
-4.938271604938271
-4.938271604938271
-4.918032786885246
-4.918032786885246
-4.901960784313726
-4.878048780487805
-4.878048780487805
-4.878048780487805
-4.878048780487805
-4.878048780487805
-4.878048780487805
-4.878048780487805
-4.878048780487805
-4.878048780487805
-4.854368932038835
-4.838709677419355
-4.838709677419355
-4.838709677419355
-4.819277108433735
-4.819277108433735
-4.761904761904762
-4.761904761904762
-4.761904761904762
-4.705882352941177
-4.705882352941177
-4.6875
-4.6875
-4.6875
-4.6875
-4.6875
-4.651162790697675
-4.651162790697675
-4.545454545454546
-4.545454545454546
-4.545454545454546
-4.545454545454546
-4.545454545454546
-4.545454545454546
-4.545454545454546
-4.545454545454546
-4.545454545454546
-4.545454545454546
-4.545454545454546
-4.477611940298507
-4.477611940298507
-4.477611940298507
-4.477611940298507
-4.444444444444445
-4.411764705882353
-4.411764705882353
-4.3478260869565215
-4.3478260869565215
-4.3478260869565215
-4.3478260869565215
-4.3478260869565215
-4.3478260869565215
-4.3478260869565215
-4.285714285714286
-4.285714285714286
-4.285714285714286
-4.25531914893617
-4.25531914893617
-4.25531914893617
-4.25531914893617
-4.225352112676056
-4.225352112676056
-4.166666666666666
-4.166666666666666
-4.166666666666666
-4.166666666666666
-4.081632653061225
-4.081632653061225
-4.081632653061225
-4.081632653061225
-4.081632653061225
-4.081632653061225
-4.054054054054054
-4.054054054054054
-4.0
-4.0
-4.0
-4.0
-4.0
-4.0
-3.9473684210526314
-3.9473684210526314
-3.9473684210526314
-3.9215686274509802
-3.896103896103896
-3.8461538461538463
-3.8461538461538463
-3.8461538461538463
-3.79746835443038
-3.7735849056603774
-3.7735849056603774
-3.7735849056603774
-3.7037037037037033
-3.7037037037037033
-3.7037037037037033
-3.7037037037037033
-3.7037037037037033
-3.6585365853658534
-3.6585365853658534
-3.6585365853658534
-3.6363636363636362
-3.6363636363636362
-3.6363636363636362
-3.6363636363636362
-3.614457831325301
-3.614457831325301
-3.571428571428571
-3.571428571428571
-3.508771929824561
-3.508771929824561
-3.508771929824561
-3.508771929824561
-3.508771929824561
-3.4482758620689653
-3.4482758620689653
-3.389830508474576
-3.3707865168539324
-3.3333333333333335
-3.3333333333333335
-3.278688524590164
-3.278688524590164
-3.278688524590164
-3.278688524590164
-3.225806451612903
-3.225806451612903
-3.225806451612903
-3.1746031746031744
-3.1746031746031744
-3.1746031746031744
-3.125
-3.076923076923077
-3.0303030303030303
-3.0303030303030303
-2.9850746268656714
-2.9702970297029703
-2.941176470588235
-2.941176470588235
-2.898550724637681
-2.898550724637681
-2.857142857142857
-2.857142857142857
-2.8169014084507045
-2.8169014084507045
-2.7777777777777777
-2.7777777777777777
-2.7777777777777777
-2.7777777777777777
-2.7777777777777777
-2.7777777777777777
-2.7777777777777777
-2.7777777777777777
-2.7777777777777777
-2.7777777777777777
-2.7777777777777777
-2.7777777777777777
-2.7777777777777777
-2.7777777777777777
-2.7777777777777777
-2.73972602739726
-2.73972602739726
-2.7027027027027026
-2.7027027027027026
-2.7027027027027026
-2.7027027027027026
-2.7027027027027026
-2.7027027027027026
-2.7027027027027026
-2.7027027027027026
-2.7027027027027026
-2.7027027027027026
-2.7027027027027026
-2.7027027027027026
-2.7027027027027026
-2.7027027027027026
-2.7027027027027026
-2.7027027027027026
-2.7027027027027026
-2.7027027027027026
-2.7027027027027026
-2.7027027027027026
-2.7027027027027026
-2.7027027027027026
-2.7027027027027026
-2.7027027027027026
-2.7027027027027026
-2.7027027027027026
-2.7027027027027026
-2.7027027027027026
-2.7027027027027026
-2.7027027027027026
-2.7027027027027026
-2.7027027027027026
-2.7027027027027026
-2.7027027027027026
-2.7027027027027026
-2.7027027027027026
-2.7027027027027026
-2.7027027027027026
-2.7027027027027026
-2.7027027027027026
-2.7027027027027026
-2.7027027027027026
-2.7027027027027026
-2.7027027027027026
-2.7027027027027026
-2.7027027027027026
-2.7027027027027026
-2.7027027027027026
-2.7027027027027026
-2.7027027027027026
-2.7027027027027026
-2.7027027027027026
-2.7027027027027026
-2.7027027027027026
-2.7027027027027026
-2.7027027027027026
-2.7027027027027026
-2.7027027027027026
-2.7027027027027026
-2.7027027027027026
-2.7027027027027026
-2.7027027027027026
-2.7027027027027026
-2.7027027027027026
-2.7027027027027026
-2.7027027027027026
-2.7027027027027026
-2.7027027027027026
-2.7027027027027026
-2.7027027027027026
-2.7027027027027026
-2.7027027027027026
-2.7027027027027026
-2.7027027027027026
-2.7027027027027026
-2.7027027027027026
-2.7027027027027026
-2.7027027027027026
-2.7027027027027026
-2.7027027027027026
-2.7027027027027026
-2.7027027027027026
-2.7027027027027026
-2.7027027027027026
-2.7027027027027026
-2.7027027027027026
-2.7027027027027026
-2.7027027027027026
-2.7027027027027026
-2.7027027027027026
-2.7027027027027026
-2.7027027027027026
-2.7027027027027026
-2.666666666666667
-2.666666666666667
-2.631578947368421
-2.631578947368421
-2.631578947368421
-2.631578947368421
-2.631578947368421
-2.631578947368421
-2.631578947368421
-2.631578947368421
-2.631578947368421
-2.631578947368421
-2.631578947368421
-2.631578947368421
-2.631578947368421
-2.631578947368421
-2.631578947368421
-2.631578947368421
-2.631578947368421
-2.631578947368421
-2.631578947368421
-2.631578947368421
-2.631578947368421
-2.631578947368421
-2.631578947368421
-2.631578947368421
-2.631578947368421
-2.631578947368421
-2.631578947368421
-2.631578947368421
-2.631578947368421
-2.631578947368421
-2.631578947368421
-2.631578947368421
-2.631578947368421
-2.631578947368421
-2.631578947368421
-2.631578947368421
-2.631578947368421
-2.631578947368421
-2.631578947368421
-2.631578947368421
-2.631578947368421
-2.631578947368421
-2.631578947368421
-2.631578947368421
-2.631578947368421
-2.631578947368421
-2.631578947368421
-2.631578947368421
-2.5974025974025974
-2.564102564102564
-2.564102564102564
-2.564102564102564
-2.564102564102564
-2.564102564102564
-2.564102564102564
-2.564102564102564
-2.564102564102564
-2.564102564102564
-2.564102564102564
-2.564102564102564
-2.564102564102564
-2.564102564102564
-2.564102564102564
-2.564102564102564
-2.564102564102564
-2.564102564102564
-2.564102564102564
-2.564102564102564
-2.5316455696202533
-2.5316455696202533
-2.5
-2.5
-2.5
-2.5
-2.5
-2.5
-2.5
-2.5
-2.5
-2.4691358024691357
-2.4691358024691357
-2.4390243902439024
-2.4390243902439024
-2.4390243902439024
-2.4390243902439024
-2.4390243902439024
-2.4390243902439024
-2.4390243902439024
-2.4390243902439024
-2.4096385542168677
-2.4096385542168677
-2.380952380952381
-2.380952380952381
-2.380952380952381
-2.380952380952381
-2.380952380952381
-2.3529411764705883
-2.3529411764705883
-2.3529411764705883
-2.3255813953488373
-2.3255813953488373
-2.3255813953488373
-2.3255813953488373
-2.3255813953488373
-2.2988505747126435
-2.247191011235955
-2.2222222222222223
-2.1739130434782608
-2.1739130434782608
-2.127659574468085
-2.127659574468085
-2.127659574468085
-2.083333333333333
-2.083333333333333
-2.0408163265306123
-2.0408163265306123
-2.0
-2.0
-1.9607843137254901
-1.9607843137254901
-1.9230769230769231
-1.9230769230769231
-1.9230769230769231
-1.8867924528301887
-1.8518518518518516
-1.8181818181818181
-1.7857142857142856
-1.7543859649122806
-1.7543859649122806
-1.7241379310344827
-1.7241379310344827
-1.7241379310344827
-1.7241379310344827
-1.694915254237288
-1.694915254237288
-1.694915254237288
-1.6666666666666667
-1.5625
-1.5384615384615385
-1.5384615384615385
-1.4925373134328357
-1.4705882352941175
-1.4285714285714286
-1.4084507042253522
-1.4084507042253522
-1.4084507042253522
-1.3888888888888888
-1.36986301369863
-1.3513513513513513
-1.3513513513513513
-1.3333333333333335
-1.3157894736842104
-1.3157894736842104
-1.2987012987012987
-1.282051282051282
-1.2658227848101267
-1.2658227848101267
-1.25
-1.25
-1.25
-1.25
-1.2345679012345678
-1.2195121951219512
-1.2048192771084338
-1.2048192771084338
-1.2048192771084338
-1.1904761904761905
-1.1904761904761905
-1.1764705882352942
-1.1764705882352942
-1.1764705882352942
-1.1235955056179776
-1.1111111111111112
-1.0869565217391304
0.0
0.0
0.0
0.0
0.0
0.0
0.0
0.0
0.0
0.0
0.0
0.0
0.0
0.0
0.0
0.0
0.0
0.0
0.0
0.0
0.0
0.0
0.0
0.0
0.0
0.0
0.0
0.0
0.0
0.0
0.0
0.0
0.0
0.0
0.0
0.0
0.0
0.0
0.0
0.0
0.0
0.0
0.0
0.0
0.0
0.0
0.0
0.0
0.0
0.0
0.0
0.0
0.0
0.0
0.0
0.0
0.0
0.0
0.0
0.0
0.0
0.0
0.0
0.0
0.0
0.0
0.0
0.0
0.0
0.0
0.0
0.0
0.0
0.0
0.0
0.0
0.0
0.0
0.0
0.0
0.0
0.0
0.0
0.0
0.0
0.0
0.0
0.0
0.0
0.0
0.0
0.0
0.0
0.0
0.0
0.0
0.0
0.0
0.0
0.0
0.0
0.0
0.0
0.0
0.0
0.0
0.0
0.0
0.0
0.0
0.0
0.0
0.0
0.0
0.0
0.0
0.0
0.0
0.0
0.0
0.0
0.0
0.0
0.0
0.0
0.0
0.0
0.0
0.0
0.0
0.0
0.0
0.0
0.0
0.0
0.0
0.0
0.0
0.0
0.0
0.0
0.0
0.0
0.0
0.0
0.0
0.0
0.0
0.0
0.0
0.0
0.0
0.0
0.0
0.0
0.0
0.0
0.0
0.0
0.0
0.0
0.0
0.0
0.0
0.0
0.0
0.0
0.0
0.0
0.0
0.0
0.0
0.0
0.0
0.0
0.0
0.0
0.0
0.0
0.0
0.0
0.0
0.0
0.0
0.0
0.0
0.0
0.0
0.0
0.0
0.0
0.0
0.0
0.0
0.0
0.0
0.0
0.0
0.0
0.0
0.0
0.0
0.0
0.0
0.0
0.0
0.0
0.0
0.0
0.0
0.0
0.0
0.0
0.0
0.0
0.0
0.0
0.0
0.0
0.0
0.0
0.0
0.0
0.0
0.0
0.0
0.0
0.0
0.0
0.0
0.0
0.0
0.0
0.0
0.0
0.0
0.0
0.0
0.0
0.0
0.0
0.0
0.0
0.0
0.0
0.0
0.0
0.0
0.0
0.0
0.0
0.0
0.0
0.0
0.0
0.0
0.0
0.0
0.0
0.0
0.0
0.0
0.0
0.0
0.0
0.0
0.0
0.0
0.0
0.0
0.0
0.0
0.0
0.0
0.0
0.0
0.0
0.0
0.0
0.0
0.0
0.0
0.0
0.0
0.0
0.0
0.0
0.0
0.0
0.0
1.098901098901099
1.1363636363636365
1.1363636363636365
1.1494252873563218
1.1494252873563218
1.1627906976744187
1.1627906976744187
1.1764705882352942
1.1904761904761905
1.2048192771084338
1.2195121951219512
1.2195121951219512
1.2345679012345678
1.2345679012345678
1.2345679012345678
1.2345679012345678
1.2658227848101267
1.2658227848101267
1.2658227848101267
1.2987012987012987
1.2987012987012987
1.3157894736842104
1.3157894736842104
1.3333333333333335
1.3513513513513513
1.3513513513513513
1.36986301369863
1.36986301369863
1.3888888888888888
1.4285714285714286
1.4285714285714286
1.4285714285714286
1.4492753623188406
1.4492753623188406
1.4705882352941175
1.4705882352941175
1.4925373134328357
1.4925373134328357
1.5151515151515151
1.5151515151515151
1.5151515151515151
1.5151515151515151
1.5384615384615385
1.5384615384615385
1.5384615384615385
1.5384615384615385
1.5625
1.5625
1.5625
1.5873015873015872
1.6129032258064515
1.6129032258064515
1.639344262295082
1.639344262295082
1.6666666666666667
1.6666666666666667
1.6666666666666667
1.6666666666666667
1.7241379310344827
1.7543859649122806
1.7543859649122806
1.7543859649122806
1.7543859649122806
1.7857142857142856
1.8181818181818181
1.8518518518518516
1.8867924528301887
1.9230769230769231
2.0
2.0
2.0
2.0
2.0
2.0408163265306123
2.0408163265306123
2.0408163265306123
2.0408163265306123
2.083333333333333
2.127659574468085
2.127659574468085
2.127659574468085
2.127659574468085
2.1739130434782608
2.1739130434782608
2.2222222222222223
2.247191011235955
2.272727272727273
2.272727272727273
2.272727272727273
2.272727272727273
2.272727272727273
2.272727272727273
2.2988505747126435
2.2988505747126435
2.3255813953488373
2.3255813953488373
2.3255813953488373
2.3255813953488373
2.3529411764705883
2.380952380952381
2.380952380952381
2.380952380952381
2.4390243902439024
2.4390243902439024
2.4390243902439024
2.4390243902439024
2.4390243902439024
2.4691358024691357
2.4691358024691357
2.4691358024691357
2.5
2.5
2.5
2.5
2.5
2.5
2.5
2.5316455696202533
2.564102564102564
2.564102564102564
2.564102564102564
2.564102564102564
2.564102564102564
2.564102564102564
2.564102564102564
2.564102564102564
2.564102564102564
2.564102564102564
2.564102564102564
2.564102564102564
2.564102564102564
2.5974025974025974
2.631578947368421
2.631578947368421
2.631578947368421
2.631578947368421
2.631578947368421
2.631578947368421
2.631578947368421
2.631578947368421
2.631578947368421
2.631578947368421
2.631578947368421
2.631578947368421
2.631578947368421
2.631578947368421
2.631578947368421
2.631578947368421
2.631578947368421
2.631578947368421
2.631578947368421
2.631578947368421
2.631578947368421
2.631578947368421
2.666666666666667
2.666666666666667
2.7027027027027026
2.7027027027027026
2.7027027027027026
2.7027027027027026
2.7027027027027026
2.7027027027027026
2.7027027027027026
2.7027027027027026
2.7027027027027026
2.7027027027027026
2.7027027027027026
2.7027027027027026
2.7027027027027026
2.7027027027027026
2.7027027027027026
2.7027027027027026
2.7027027027027026
2.7027027027027026
2.7027027027027026
2.7027027027027026
2.7027027027027026
2.7027027027027026
2.7027027027027026
2.7027027027027026
2.7027027027027026
2.7027027027027026
2.7027027027027026
2.7027027027027026
2.7027027027027026
2.7027027027027026
2.7027027027027026
2.7027027027027026
2.7027027027027026
2.7027027027027026
2.7027027027027026
2.7027027027027026
2.7027027027027026
2.7027027027027026
2.7027027027027026
2.7027027027027026
2.7027027027027026
2.7027027027027026
2.7027027027027026
2.7027027027027026
2.7027027027027026
2.7027027027027026
2.7027027027027026
2.7027027027027026
2.7027027027027026
2.7027027027027026
2.7027027027027026
2.7027027027027026
2.7027027027027026
2.7027027027027026
2.7027027027027026
2.7027027027027026
2.7027027027027026
2.7027027027027026
2.7027027027027026
2.7027027027027026
2.7027027027027026
2.7027027027027026
2.7027027027027026
2.7027027027027026
2.7027027027027026
2.7027027027027026
2.7027027027027026
2.7027027027027026
2.7027027027027026
2.7027027027027026
2.7027027027027026
2.7027027027027026
2.7027027027027026
2.73972602739726
2.7777777777777777
2.7777777777777777
2.7777777777777777
2.7777777777777777
2.7777777777777777
2.7777777777777777
2.7777777777777777
2.7777777777777777
2.7777777777777777
2.7777777777777777
2.7777777777777777
2.7777777777777777
2.7777777777777777
2.7777777777777777
2.7777777777777777
2.7777777777777777
2.7777777777777777
2.7777777777777777
2.7777777777777777
2.7777777777777777
2.7777777777777777
2.7777777777777777
2.7777777777777777
2.7777777777777777
2.7777777777777777
2.7777777777777777
2.7777777777777777
2.7777777777777777
2.7777777777777777
2.7777777777777777
2.7777777777777777
2.7777777777777777
2.7777777777777777
2.7777777777777777
2.7777777777777777
2.7777777777777777
2.7777777777777777
2.7777777777777777
2.7777777777777777
2.7777777777777777
2.7777777777777777
2.7777777777777777
2.7777777777777777
2.7777777777777777
2.7777777777777777
2.7777777777777777
2.7777777777777777
2.7777777777777777
2.7777777777777777
2.7777777777777777
2.7777777777777777
2.7777777777777777
2.7777777777777777
2.7777777777777777
2.7777777777777777
2.7777777777777777
2.7777777777777777
2.7777777777777777
2.7777777777777777
2.7777777777777777
2.7777777777777777
2.7777777777777777
2.7777777777777777
2.7777777777777777
2.7777777777777777
2.7777777777777777
2.7777777777777777
2.7777777777777777
2.7777777777777777
2.7777777777777777
2.7777777777777777
2.7777777777777777
2.7777777777777777
2.7777777777777777
2.7777777777777777
2.7777777777777777
2.7777777777777777
2.7777777777777777
2.7777777777777777
2.7777777777777777
2.7777777777777777
2.7777777777777777
2.7777777777777777
2.7777777777777777
2.7777777777777777
2.7777777777777777
2.7777777777777777
2.7777777777777777
2.7777777777777777
2.7777777777777777
2.8169014084507045
2.857142857142857
2.857142857142857
2.857142857142857
2.857142857142857
2.857142857142857
2.857142857142857
2.857142857142857
2.857142857142857
2.857142857142857
2.857142857142857
2.857142857142857
2.857142857142857
2.857142857142857
2.898550724637681
2.941176470588235
2.941176470588235
2.9850746268656714
3.0303030303030303
3.076923076923077
3.076923076923077
3.076923076923077
3.125
3.125
3.225806451612903
3.278688524590164
3.278688524590164
3.278688524590164
3.278688524590164
3.3333333333333335
3.389830508474576
3.389830508474576
3.4482758620689653
3.4482758620689653
3.508771929824561
3.508771929824561
3.5294117647058822
3.571428571428571
3.571428571428571
3.571428571428571
3.614457831325301
3.75
3.7735849056603774
3.7735849056603774
3.79746835443038
3.8461538461538463
3.8461538461538463
3.8461538461538463
3.8461538461538463
3.8461538461538463
3.8461538461538463
3.8461538461538463
3.896103896103896
3.896103896103896
3.896103896103896
3.896103896103896
3.9215686274509802
3.9473684210526314
3.9473684210526314
4.0
4.0
4.0
4.10958904109589
4.10958904109589
4.166666666666666
4.166666666666666
4.166666666666666
4.225352112676056
4.225352112676056
4.25531914893617
4.285714285714286
4.285714285714286
4.3478260869565215
4.3478260869565215
4.3478260869565215
4.3478260869565215
4.3478260869565215
4.3478260869565215
4.3478260869565215
4.3478260869565215
4.3478260869565215
4.477611940298507
4.477611940298507
4.477611940298507
4.477611940298507
4.545454545454546
4.615384615384616
4.615384615384616
4.615384615384616
4.651162790697675
4.651162790697675
4.651162790697675
4.6875
4.6875
4.705882352941177
4.761904761904762
4.761904761904762
4.761904761904762
4.761904761904762
4.819277108433735
4.838709677419355
4.838709677419355
4.878048780487805
4.878048780487805
4.878048780487805
4.878048780487805
4.878048780487805
4.918032786885246
4.918032786885246
4.938271604938271
4.938271604938271
5.0
5.0
5.0
5.0
5.0
5.0
5.0
5.0
5.063291139240507
5.063291139240507
5.084745762711865
5.128205128205128
5.128205128205128
5.128205128205128
5.128205128205128
5.128205128205128
5.128205128205128
5.128205128205128
5.194805194805195
5.194805194805195
5.263157894736842
5.263157894736842
5.263157894736842
5.263157894736842
5.263157894736842
5.263157894736842
5.263157894736842
5.263157894736842
5.263157894736842
5.263157894736842
5.263157894736842
5.263157894736842
5.263157894736842
5.263157894736842
5.263157894736842
5.263157894736842
5.263157894736842
5.263157894736842
5.263157894736842
5.263157894736842
5.263157894736842
5.263157894736842
5.263157894736842
5.333333333333334
5.333333333333334
5.357142857142857
5.405405405405405
5.405405405405405
5.405405405405405
5.405405405405405
5.405405405405405
5.405405405405405
5.405405405405405
5.405405405405405
5.405405405405405
5.405405405405405
5.405405405405405
5.405405405405405
5.405405405405405
5.405405405405405
5.405405405405405
5.405405405405405
5.405405405405405
5.405405405405405
5.405405405405405
5.405405405405405
5.405405405405405
5.405405405405405
5.405405405405405
5.405405405405405
5.405405405405405
5.405405405405405
5.405405405405405
5.405405405405405
5.405405405405405
5.405405405405405
5.405405405405405
5.405405405405405
5.405405405405405
5.405405405405405
5.405405405405405
5.405405405405405
5.405405405405405
5.405405405405405
5.405405405405405
5.405405405405405
5.405405405405405
5.405405405405405
5.405405405405405
5.405405405405405
5.405405405405405
5.405405405405405
5.405405405405405
5.405405405405405
5.405405405405405
5.405405405405405
5.405405405405405
5.405405405405405
5.405405405405405
5.454545454545454
5.47945205479452
5.47945205479452
5.555555555555555
5.555555555555555
5.555555555555555
5.555555555555555
5.555555555555555
5.555555555555555
5.555555555555555
5.555555555555555
5.555555555555555
5.555555555555555
5.555555555555555
5.555555555555555
5.555555555555555
5.555555555555555
5.555555555555555
5.555555555555555
5.555555555555555
5.555555555555555
5.555555555555555
5.555555555555555
5.555555555555555
5.555555555555555
5.555555555555555
5.555555555555555
5.555555555555555
5.555555555555555
5.555555555555555
5.555555555555555
5.555555555555555
5.555555555555555
5.555555555555555
5.555555555555555
5.555555555555555
5.555555555555555
5.555555555555555
5.555555555555555
5.555555555555555
5.555555555555555
5.555555555555555
5.555555555555555
5.555555555555555
5.555555555555555
5.555555555555555
5.555555555555555
5.555555555555555
5.555555555555555
5.555555555555555
5.555555555555555
5.555555555555555
5.555555555555555
5.555555555555555
5.555555555555555
5.555555555555555
5.555555555555555
5.555555555555555
5.633802816901409
5.660377358490567
5.660377358490567
5.681818181818182
5.714285714285714
5.714285714285714
5.714285714285714
5.714285714285714
5.714285714285714
5.714285714285714
5.714285714285714
5.714285714285714
5.714285714285714
5.714285714285714
5.714285714285714
5.714285714285714
5.714285714285714
5.714285714285714
5.714285714285714
5.714285714285714
5.714285714285714
5.714285714285714
5.714285714285714
5.714285714285714
5.714285714285714
5.747126436781609
5.769230769230769
5.797101449275362
5.797101449275362
5.813953488372093
5.813953488372093
5.88235294117647
5.88235294117647
5.88235294117647
5.88235294117647
5.88235294117647
5.88235294117647
5.952380952380952
5.970149253731343
5.970149253731343
6.0
6.0606060606060606
6.0606060606060606
6.097560975609756
6.122448979591836
6.122448979591836
6.153846153846154
6.172839506172839
6.25
6.25
6.25
6.25
6.25
6.329113924050633
6.41025641025641
6.451612903225806
6.493506493506493
6.493506493506493
6.521739130434782
6.521739130434782
6.521739130434782
6.521739130434782
6.557377049180328
6.666666666666667
6.666666666666667
6.666666666666667
6.666666666666667
6.741573033707865
6.756756756756757
6.779661016949152
6.779661016949152
6.779661016949152
6.8181818181818175
6.8181818181818175
6.8493150684931505
6.944444444444445
6.944444444444445
7.017543859649122
7.042253521126761
7.042253521126761
7.142857142857142
7.142857142857142
7.142857142857142
7.142857142857142
7.228915662650602
7.2727272727272725
7.317073170731707
7.352941176470589
7.4074074074074066
7.4074074074074066
7.4074074074074066
7.4074074074074066
7.4074074074074066
7.5
7.5
7.5
7.5
7.547169811320755
7.575757575757576
7.575757575757576
7.59493670886076
7.59493670886076
7.59493670886076
7.6923076923076925
7.6923076923076925
7.6923076923076925
7.6923076923076925
7.6923076923076925
7.6923076923076925
7.6923076923076925
7.6923076923076925
7.6923076923076925
7.6923076923076925
7.792207792207792
7.792207792207792
7.8431372549019605
7.8431372549019605
7.8431372549019605
7.8431372549019605
7.8431372549019605
7.894736842105263
7.894736842105263
7.894736842105263
7.894736842105263
7.894736842105263
7.894736842105263
7.894736842105263
7.894736842105263
7.894736842105263
7.894736842105263
7.894736842105263
7.894736842105263
7.894736842105263
7.894736842105263
7.894736842105263
7.894736842105263
7.894736842105263
7.894736842105263
7.936507936507936
7.936507936507936
7.936507936507936
7.954545454545454
8.0
8.0
8.0
8.0
8.064516129032258
8.064516129032258
8.064516129032258
8.108108108108109
8.108108108108109
8.108108108108109
8.108108108108109
8.108108108108109
8.108108108108109
8.108108108108109
8.108108108108109
8.108108108108109
8.108108108108109
8.108108108108109
8.108108108108109
8.108108108108109
8.108108108108109
8.108108108108109
8.108108108108109
8.108108108108109
8.108108108108109
8.108108108108109
8.108108108108109
8.108108108108109
8.108108108108109
8.108108108108109
8.108108108108109
8.108108108108109
8.108108108108109
8.108108108108109
8.108108108108109
8.108108108108109
8.108108108108109
8.108108108108109
8.16326530612245
8.16326530612245
8.19672131147541
8.19672131147541
8.19672131147541
8.21917808219178
8.235294117647058
8.333333333333332
8.333333333333332
8.333333333333332
8.333333333333332
8.333333333333332
8.333333333333332
8.333333333333332
8.333333333333332
8.333333333333332
8.333333333333332
8.333333333333332
8.333333333333332
8.333333333333332
8.333333333333332
8.333333333333332
8.333333333333332
8.333333333333332
8.333333333333332
8.333333333333332
8.333333333333332
8.333333333333332
8.333333333333332
8.333333333333332
8.333333333333332
8.333333333333332
8.333333333333332
8.333333333333332
8.333333333333332
8.333333333333332
8.333333333333332
8.333333333333332
8.333333333333332
8.333333333333332
8.333333333333332
8.333333333333332
8.333333333333332
8.333333333333332
8.333333333333332
8.333333333333332
8.333333333333332
8.333333333333332
8.333333333333332
8.333333333333332
8.333333333333332
8.333333333333332
8.333333333333332
8.333333333333332
8.333333333333332
8.333333333333332
8.333333333333332
8.333333333333332
8.333333333333332
8.333333333333332
8.333333333333332
8.333333333333332
8.433734939759036
8.433734939759036
8.433734939759036
8.450704225352112
8.47457627118644
8.47457627118644
8.51063829787234
8.51063829787234
8.571428571428571
8.571428571428571
8.571428571428571
8.571428571428571
8.571428571428571
8.571428571428571
8.571428571428571
8.571428571428571
8.571428571428571
8.571428571428571
8.571428571428571
8.571428571428571
8.571428571428571
8.571428571428571
8.571428571428571
8.571428571428571
8.571428571428571
8.695652173913043
8.695652173913043
8.695652173913043
8.695652173913043
8.75
8.771929824561402
8.771929824561402
8.860759493670885
8.88888888888889
8.928571428571429
8.955223880597014
9.090909090909092
9.090909090909092
9.090909090909092
9.090909090909092
9.090909090909092
9.090909090909092
9.090909090909092
9.090909090909092
9.090909090909092
9.210526315789473
9.210526315789473
9.210526315789473
9.30232558139535
9.333333333333334
9.375
9.375
9.433962264150944
9.45945945945946
9.523809523809524
9.523809523809524
9.523809523809524
9.67741935483871
9.67741935483871
9.722222222222223
9.722222222222223
9.75609756097561
9.75609756097561
9.75609756097561
9.75609756097561
9.75609756097561
9.75609756097561
9.803921568627452
9.803921568627452
9.876543209876543
9.89010989010989
10.0
10.0
10.0
10.0
10.0
10.0
10.0
10.126582278481013
10.126582278481013
10.126582278481013
10.16949152542373
10.16949152542373
10.16949152542373
10.16949152542373
10.204081632653061
10.204081632653061
10.204081632653061
10.204081632653061
10.256410256410255
10.256410256410255
10.256410256410255
10.256410256410255
10.256410256410255
10.294117647058822
10.294117647058822
10.344827586206897
10.38961038961039
10.38961038961039
10.416666666666668
10.416666666666668
10.44776119402985
10.526315789473683
10.526315789473683
10.526315789473683
10.526315789473683
10.526315789473683
10.526315789473683
10.526315789473683
10.526315789473683
10.526315789473683
10.606060606060606
10.638297872340425
10.638297872340425
10.638297872340425
10.638297872340425
10.638297872340425
10.638297872340425
10.638297872340425
10.666666666666668
10.714285714285714
10.714285714285714
10.76923076923077
10.81081081081081
10.81081081081081
10.81081081081081
10.81081081081081
10.81081081081081
10.81081081081081
10.81081081081081
10.81081081081081
10.81081081081081
10.81081081081081
10.81081081081081
10.81081081081081
10.81081081081081
10.81081081081081
10.81081081081081
10.81081081081081
10.81081081081081
10.81081081081081
10.81081081081081
10.81081081081081
10.843373493975903
10.869565217391305
10.869565217391305
10.909090909090908
10.9375
10.9375
10.95890410958904
10.975609756097562
11.11111111111111
11.11111111111111
11.11111111111111
11.11111111111111
11.11111111111111
11.11111111111111
11.11111111111111
11.11111111111111
11.11111111111111
11.11111111111111
11.11111111111111
11.11111111111111
11.11111111111111
11.11111111111111
11.11111111111111
11.11111111111111
11.11111111111111
11.11111111111111
11.11111111111111
11.11111111111111
11.11111111111111
11.11111111111111
11.11111111111111
11.11111111111111
11.11111111111111
11.11111111111111
11.11111111111111
11.11111111111111
11.11111111111111
11.11111111111111
11.11111111111111
11.11111111111111
11.267605633802818
11.267605633802818
11.29032258064516
11.29032258064516
11.320754716981133
11.320754716981133
11.428571428571429
11.428571428571429
11.428571428571429
11.428571428571429
11.428571428571429
11.428571428571429
11.428571428571429
11.428571428571429
11.428571428571429
11.475409836065573
11.475409836065573
11.475409836065573
11.538461538461538
11.538461538461538
11.594202898550725
11.594202898550725
11.666666666666666
11.76470588235294
11.76470588235294
11.76470588235294
11.76470588235294
11.842105263157894
11.842105263157894
11.842105263157894
11.842105263157894
11.864406779661017
11.864406779661017
11.864406779661017
11.904761904761903
11.904761904761903
11.904761904761903
12.0
12.0
12.0
12.0
12.0
12.068965517241379
12.068965517241379
12.162162162162163
12.195121951219512
12.195121951219512
12.195121951219512
12.244897959183673
12.280701754385964
12.280701754385964
12.280701754385964
12.280701754385964
12.280701754385964
12.32876712328767
12.32876712328767
12.32876712328767
12.345679012345679
12.359550561797752
12.5
12.5
12.5
12.5
12.5
12.5
12.5
12.5
12.5
12.5
12.5
12.643678160919542
12.658227848101266
12.676056338028168
12.676056338028168
12.676056338028168
12.698412698412698
12.698412698412698
12.698412698412698
12.698412698412698
12.727272727272727
12.76595744680851
12.76595744680851
12.82051282051282
12.82051282051282
12.82051282051282
12.82051282051282
12.82051282051282
12.82051282051282
12.82051282051282
12.82051282051282
12.82051282051282
12.857142857142856
12.903225806451612
12.962962962962962
12.987012987012985
13.043478260869565
13.043478260869565
13.043478260869565
13.043478260869565
13.043478260869565
13.043478260869565
13.114754098360656
13.114754098360656
13.157894736842104
13.157894736842104
13.157894736842104
13.157894736842104
13.157894736842104
13.157894736842104
13.157894736842104
13.157894736842104
13.157894736842104
13.157894736842104
13.157894736842104
13.23529411764706
13.23529411764706
13.333333333333334
13.333333333333334
13.333333333333334
13.333333333333334
13.333333333333334
13.333333333333334
13.333333333333334
13.414634146341465
13.432835820895523
13.461538461538462
13.461538461538462
13.461538461538462
13.48314606741573
13.48314606741573
13.513513513513514
13.513513513513514
13.513513513513514
13.513513513513514
13.513513513513514
13.513513513513514
13.513513513513514
13.513513513513514
13.513513513513514
13.513513513513514
13.513513513513514
13.513513513513514
13.513513513513514
13.513513513513514
13.513513513513514
13.513513513513514
13.513513513513514
13.559322033898304
13.559322033898304
13.559322033898304
13.559322033898304
13.580246913580247
13.580246913580247
13.636363636363635
13.636363636363635
13.636363636363635
13.636363636363635
13.636363636363635
13.698630136986301
13.698630136986301
13.725490196078432
13.725490196078432
13.725490196078432
13.725490196078432
13.793103448275861
13.793103448275861
13.793103448275861
13.846153846153847
13.846153846153847
13.88888888888889
13.88888888888889
13.88888888888889
13.88888888888889
13.88888888888889
13.88888888888889
13.88888888888889
13.88888888888889
13.88888888888889
13.88888888888889
13.88888888888889
13.88888888888889
13.88888888888889
13.88888888888889
13.88888888888889
13.88888888888889
13.88888888888889
13.88888888888889
13.88888888888889
13.88888888888889
13.88888888888889
13.924050632911392
13.953488372093023
13.953488372093023
13.953488372093023
14.000000000000002
14.0625
14.0625
14.0625
14.084507042253522
14.102564102564102
14.117647058823529
14.285714285714285
14.285714285714285
14.285714285714285
14.285714285714285
14.285714285714285
14.285714285714285
14.285714285714285
14.285714285714285
14.285714285714285
14.285714285714285
14.285714285714285
14.285714285714285
14.285714285714285
14.285714285714285
14.285714285714285
14.285714285714285
14.473684210526317
14.492753623188406
14.516129032258066
14.583333333333334
14.583333333333334
14.583333333333334
14.583333333333334
14.634146341463413
14.666666666666666
14.754098360655737
14.754098360655737
14.754098360655737
14.814814814814813
14.814814814814813
14.864864864864865
14.893617021276595
14.925373134328357
14.925373134328357
14.925373134328357
15.0
15.0
15.0
15.0
15.0
15.0
15.068493150684931
15.068493150684931
15.09433962264151
15.09433962264151
15.11627906976744
15.151515151515152
15.18987341772152
15.18987341772152
15.217391304347828
15.217391304347828
15.217391304347828
15.254237288135593
15.254237288135593
15.277777777777779
15.277777777777779
15.384615384615385
15.384615384615385
15.384615384615385
15.384615384615385
15.384615384615385
15.384615384615385
15.492957746478872
15.517241379310345
15.517241379310345
15.555555555555555
15.555555555555555
15.584415584415584
15.584415584415584
15.625
15.625
15.66265060240964
15.686274509803921
15.714285714285714
15.789473684210526
15.789473684210526
15.789473684210526
15.789473684210526
15.789473684210526
15.789473684210526
15.789473684210526
15.789473684210526
15.789473684210526
15.789473684210526
15.789473684210526
15.789473684210526
15.873015873015872
16.0
16.049382716049383
16.129032258064516
16.176470588235293
16.216216216216218
16.216216216216218
16.216216216216218
16.216216216216218
16.216216216216218
16.216216216216218
16.216216216216218
16.216216216216218
16.216216216216218
16.216216216216218
16.216216216216218
16.216216216216218
16.216216216216218
16.216216216216218
16.216216216216218
16.216216216216218
16.216216216216218
16.216216216216218
16.27906976744186
16.27906976744186
16.3265306122449
16.3265306122449
16.3265306122449
16.3265306122449
16.3265306122449
16.3265306122449
16.3265306122449
16.39344262295082
16.39344262295082
16.417910447761194
16.417910447761194
16.417910447761194
16.417910447761194
16.43835616438356
16.470588235294116
16.666666666666664
16.666666666666664
16.666666666666664
16.666666666666664
16.666666666666664
16.666666666666664
16.666666666666664
16.666666666666664
16.666666666666664
16.666666666666664
16.666666666666664
16.666666666666664
16.666666666666664
16.666666666666664
16.666666666666664
16.666666666666664
16.666666666666664
16.666666666666664
16.666666666666664
16.666666666666664
16.666666666666664
16.666666666666664
16.666666666666664
16.901408450704224
16.901408450704224
16.923076923076923
16.923076923076923
16.94915254237288
16.94915254237288
16.9811320754717
17.02127659574468
17.02127659574468
17.073170731707318
17.073170731707318
17.073170731707318
17.105263157894736
17.105263157894736
17.142857142857142
17.1875
17.1875
17.1875
17.1875
17.24137931034483
17.24137931034483
17.307692307692307
17.333333333333336
17.333333333333336
17.391304347826086
17.391304347826086
17.391304347826086
17.391304347826086
17.391304347826086
17.391304347826086
17.46031746031746
17.5
17.5
17.5
17.5
17.56756756756757
17.56756756756757
17.647058823529413
17.647058823529413
17.647058823529413
17.741935483870968
17.741935483870968
17.741935483870968
17.741935483870968
17.80821917808219
17.80821917808219
17.80821917808219
17.80821917808219
17.857142857142858
17.857142857142858
17.91044776119403
17.94871794871795
17.94871794871795
17.94871794871795
17.94871794871795
17.94871794871795
17.94871794871795
17.94871794871795
17.94871794871795
17.94871794871795
17.94871794871795
17.94871794871795
17.94871794871795
18.0
18.0
18.0
18.055555555555554
18.055555555555554
18.055555555555554
18.055555555555554
18.072289156626507
18.181818181818183
18.30985915492958
18.30985915492958
18.333333333333332
18.333333333333332
18.333333333333332
18.333333333333332
18.333333333333332
18.333333333333332
18.333333333333332
18.367346938775512
18.367346938775512
18.421052631578945
18.421052631578945
18.421052631578945
18.421052631578945
18.421052631578945
18.421052631578945
18.421052631578945
18.421052631578945
18.461538461538463
18.461538461538463
18.51851851851852
18.64406779661017
18.64406779661017
18.666666666666668
18.75
18.75
18.75
18.75
18.75
18.75
18.84057971014493
18.867924528301888
18.91891891891892
18.91891891891892
18.91891891891892
18.91891891891892
18.91891891891892
18.91891891891892
18.91891891891892
18.91891891891892
18.91891891891892
18.91891891891892
18.91891891891892
18.91891891891892
18.91891891891892
18.91891891891892
18.91891891891892
18.96551724137931
19.047619047619047
19.047619047619047
19.11764705882353
19.11764705882353
19.148936170212767
19.148936170212767
19.148936170212767
19.148936170212767
19.148936170212767
19.298245614035086
19.298245614035086
19.298245614035086
19.298245614035086
19.318181818181817
19.35483870967742
19.35483870967742
19.35483870967742
19.35483870967742
19.402985074626866
19.402985074626866
19.444444444444446
19.444444444444446
19.444444444444446
19.444444444444446
19.444444444444446
19.444444444444446
19.444444444444446
19.444444444444446
19.444444444444446
19.444444444444446
19.444444444444446
19.444444444444446
19.444444444444446
19.444444444444446
19.444444444444446
19.444444444444446
19.444444444444446
19.444444444444446
19.444444444444446
19.444444444444446
19.444444444444446
19.480519480519483
19.51219512195122
19.565217391304348
19.565217391304348
19.607843137254903
19.642857142857142
19.642857142857142
19.642857142857142
19.672131147540984
19.672131147540984
19.696969696969695
19.736842105263158
20.0
20.0
20.0
20.0
20.0
20.0
20.0
20.0
20.0
20.0
20.0
20.0
20.0
20.0
20.0
20.0
20.0
20.0
20.0
20.0
20.0
20.0
20.0
20.238095238095237
20.253164556962027
20.27027027027027
20.27027027027027
20.28985507246377
20.28985507246377
20.28985507246377
20.28985507246377
20.3125
20.3125
20.3125
20.33898305084746
20.37037037037037
20.37037037037037
20.408163265306122
20.408163265306122
20.408163265306122
20.408163265306122
20.454545454545457
20.454545454545457
20.51282051282051
20.51282051282051
20.51282051282051
20.54794520547945
20.54794520547945
20.54794520547945
20.588235294117645
20.588235294117645
20.634920634920633
20.689655172413794
20.754716981132077
20.833333333333336
20.833333333333336
20.833333333333336
20.833333333333336
20.833333333333336
20.833333333333336
20.8955223880597
20.967741935483872
20.967741935483872
20.967741935483872
20.967741935483872
21.052631578947366
21.052631578947366
21.052631578947366
21.052631578947366
21.052631578947366
21.052631578947366
21.052631578947366
21.052631578947366
21.052631578947366
21.052631578947366
21.052631578947366
21.052631578947366
21.12676056338028
21.153846153846153
21.176470588235293
21.176470588235293
21.21212121212121
21.21212121212121
21.311475409836063
21.311475409836063
21.311475409836063
21.311475409836063
21.428571428571427
21.428571428571427
21.428571428571427
21.53846153846154
21.568627450980394
21.62162162162162
21.62162162162162
21.62162162162162
21.62162162162162
21.62162162162162
21.62162162162162
21.62162162162162
21.62162162162162
21.62162162162162
21.62162162162162
21.62162162162162
21.62162162162162
21.62162162162162
21.62162162162162
21.62162162162162
21.62162162162162
21.62162162162162
21.62162162162162
21.62162162162162
21.62162162162162
21.62162162162162
21.62162162162162
21.62162162162162
21.62162162162162
21.62162162162162
21.62162162162162
21.666666666666668
21.666666666666668
21.666666666666668
21.666666666666668
21.686746987951807
21.73913043478261
21.73913043478261
21.73913043478261
21.73913043478261
21.73913043478261
21.73913043478261
21.818181818181817
21.875
21.875
21.875
21.91780821917808
21.91780821917808
21.951219512195124
22.0
22.0
22.058823529411764
22.058823529411764
22.058823529411764
22.22222222222222
22.22222222222222
22.22222222222222
22.22222222222222
22.22222222222222
22.22222222222222
22.22222222222222
22.22222222222222
22.22222222222222
22.22222222222222
22.22222222222222
22.22222222222222
22.22222222222222
22.22222222222222
22.22222222222222
22.22222222222222
22.22222222222222
22.22222222222222
22.22222222222222
22.22222222222222
22.22222222222222
22.413793103448278
22.413793103448278
22.413793103448278
22.448979591836736
22.5
22.5
22.5
22.535211267605636
22.535211267605636
22.58064516129032
22.641509433962266
22.641509433962266
22.666666666666664
22.727272727272727
22.727272727272727
22.78481012658228
22.78481012658228
22.807017543859647
22.807017543859647
22.807017543859647
22.807017543859647
22.857142857142858
22.857142857142858
22.857142857142858
22.857142857142858
22.857142857142858
22.857142857142858
22.857142857142858
22.857142857142858
22.857142857142858
22.857142857142858
22.857142857142858
22.988505747126435
23.076923076923077
23.076923076923077
23.076923076923077
23.076923076923077
23.076923076923077
23.076923076923077
23.18840579710145
23.18840579710145
23.18840579710145
23.214285714285715
23.214285714285715
23.214285714285715
23.333333333333332
23.333333333333332
23.333333333333332
23.333333333333332
23.333333333333332
23.376623376623375
23.404255319148938
23.404255319148938
23.404255319148938
23.4375
23.4375
23.52941176470588
23.52941176470588
23.52941176470588
23.52941176470588
23.52941176470588
23.61111111111111
23.61111111111111
23.61111111111111
23.636363636363637
23.636363636363637
23.636363636363637
23.684210526315788
23.684210526315788
23.684210526315788
23.684210526315788
23.684210526315788
23.684210526315788
23.684210526315788
23.684210526315788
23.684210526315788
23.684210526315788
23.684210526315788
23.684210526315788
23.684210526315788
23.684210526315788
23.728813559322035
23.728813559322035
23.728813559322035
23.728813559322035
23.728813559322035
23.809523809523807
23.809523809523807
23.809523809523807
23.809523809523807
23.88059701492537
23.88059701492537
23.91304347826087
24.0
24.0
24.0
24.0
24.074074074074073
24.074074074074073
24.137931034482758
24.137931034482758
24.193548387096776
24.242424242424242
24.242424242424242
24.242424242424242
24.285714285714285
24.285714285714285
24.324324324324326
24.324324324324326
24.324324324324326
24.324324324324326
24.324324324324326
24.324324324324326
24.324324324324326
24.324324324324326
24.324324324324326
24.324324324324326
24.324324324324326
24.324324324324326
24.324324324324326
24.324324324324326
24.324324324324326
24.324324324324326
24.324324324324326
24.324324324324326
24.324324324324326
24.324324324324326
24.324324324324326
24.358974358974358
24.358974358974358
24.390243902439025
24.390243902439025
24.444444444444443
24.489795918367346
24.489795918367346
24.528301886792452
24.561403508771928
24.561403508771928
24.59016393442623
24.59016393442623
24.59016393442623
24.615384615384617
24.65753424657534
24.65753424657534
24.65753424657534
24.675324675324674
25.0
25.0
25.0
25.0
25.0
25.0
25.0
25.0
25.0
25.0
25.0
25.0
25.0
25.0
25.0
25.0
25.0
25.0
25.0
25.0
25.0
25.0
25.0
25.0
25.0
25.0
25.0
25.0
25.0
25.0
25.0
25.352112676056336
25.352112676056336
25.352112676056336
25.37313432835821
25.37313432835821
25.396825396825395
25.396825396825395
25.396825396825395
25.396825396825395
25.423728813559322
25.423728813559322
25.423728813559322
25.454545454545453
25.454545454545453
25.49019607843137
25.53191489361702
25.581395348837212
25.581395348837212
25.609756097560975
25.609756097560975
25.64102564102564
25.64102564102564
25.64102564102564
25.675675675675674
25.71428571428571
25.71428571428571
25.71428571428571
25.757575757575758
25.757575757575758
25.757575757575758
25.806451612903224
25.806451612903224
25.806451612903224
25.806451612903224
25.862068965517242
25.862068965517242
25.862068965517242
26.08695652173913
26.08695652173913
26.08695652173913
26.08695652173913
26.08695652173913
26.190476190476193
26.190476190476193
26.190476190476193
26.229508196721312
26.229508196721312
26.229508196721312
26.31578947368421
26.31578947368421
26.31578947368421
26.31578947368421
26.31578947368421
26.31578947368421
26.31578947368421
26.31578947368421
26.31578947368421
26.31578947368421
26.31578947368421
26.31578947368421
26.38888888888889
26.38888888888889
26.47058823529412
26.47058823529412
26.47058823529412
26.53061224489796
26.582278481012654
26.666666666666668
26.666666666666668
26.666666666666668
26.666666666666668
26.666666666666668
26.666666666666668
26.666666666666668
26.76056338028169
26.76056338028169
26.785714285714285
26.82926829268293
26.82926829268293
26.923076923076923
26.984126984126984
26.984126984126984
27.027027027027028
27.027027027027028
27.027027027027028
27.027027027027028
27.027027027027028
27.027027027027028
27.027027027027028
27.027027027027028
27.027027027027028
27.027027027027028
27.027027027027028
27.083333333333332
27.083333333333332
27.083333333333332
27.11864406779661
27.11864406779661
27.11864406779661
27.11864406779661
27.142857142857142
27.142857142857142
27.142857142857142
27.27272727272727
27.27272727272727
27.27272727272727
27.27272727272727
27.419354838709676
27.419354838709676
27.450980392156865
27.500000000000004
27.500000000000004
27.500000000000004
27.536231884057973
27.586206896551722
27.586206896551722
27.659574468085108
27.659574468085108
27.692307692307693
27.692307692307693
27.710843373493976
27.77777777777778
27.77777777777778
27.77777777777778
27.77777777777778
27.77777777777778
27.77777777777778
27.77777777777778
27.77777777777778
27.77777777777778
27.77777777777778
27.77777777777778
27.77777777777778
27.77777777777778
27.77777777777778
27.77777777777778
27.77777777777778
27.77777777777778
27.77777777777778
27.77777777777778
27.77777777777778
27.848101265822784
27.848101265822784
27.86885245901639
27.906976744186046
27.906976744186046
27.906976744186046
27.941176470588236
27.941176470588236
28.000000000000004
28.000000000000004
28.000000000000004
28.04878048780488
28.07017543859649
28.125
28.125
28.205128205128204
28.205128205128204
28.205128205128204
28.205128205128204
28.26086956521739
28.26086956521739
28.26086956521739
28.26086956521739
28.26086956521739
28.26086956521739
28.26086956521739
28.30188679245283
28.30188679245283
28.333333333333332
28.39506172839506
28.57142857142857
28.57142857142857
28.57142857142857
28.57142857142857
28.57142857142857
28.57142857142857
28.57142857142857
28.57142857142857
28.57142857142857
28.57142857142857
28.57142857142857
28.57142857142857
28.78787878787879
28.846153846153843
28.888888888888886
28.888888888888886
28.888888888888886
28.888888888888886
28.888888888888886
28.888888888888886
28.947368421052634
28.947368421052634
28.947368421052634
28.947368421052634
28.947368421052634
29.03225806451613
29.09090909090909
29.09090909090909
29.09090909090909
29.166666666666668
29.166666666666668
29.268292682926827
29.310344827586203
29.310344827586203
29.333333333333332
29.411764705882355
29.411764705882355
29.411764705882355
29.411764705882355
29.411764705882355
29.411764705882355
29.508196721311474
29.508196721311474
29.508196721311474
29.508196721311474
29.545454545454547
29.545454545454547
29.545454545454547
29.545454545454547
29.545454545454547
29.629629629629626
29.629629629629626
29.629629629629626
29.629629629629626
29.629629629629626
29.6875
29.6875
29.6875
29.72972972972973
29.72972972972973
29.72972972972973
29.72972972972973
29.72972972972973
29.72972972972973
29.72972972972973
29.72972972972973
29.72972972972973
29.72972972972973
29.72972972972973
29.72972972972973
29.72972972972973
29.72972972972973
29.72972972972973
29.72972972972973
29.72972972972973
29.72972972972973
29.72972972972973
29.72972972972973
29.72972972972973
29.72972972972973
29.72972972972973
29.72972972972973
30.0
30.0
30.0
30.0
30.0
30.0
30.0
30.158730158730158
30.158730158730158
30.18867924528302
30.23255813953488
30.23255813953488
30.303030303030305
30.303030303030305
30.357142857142854
30.357142857142854
30.37974683544304
30.434782608695656
30.434782608695656
30.434782608695656
30.508474576271187
30.508474576271187
30.508474576271187
30.555555555555557
30.555555555555557
30.555555555555557
30.555555555555557
30.555555555555557
30.555555555555557
30.555555555555557
30.555555555555557
30.555555555555557
30.555555555555557
30.555555555555557
30.555555555555557
30.555555555555557
30.555555555555557
30.555555555555557
30.612244897959183
30.64516129032258
30.64516129032258
30.76923076923077
30.76923076923077
30.76923076923077
30.76923076923077
30.76923076923077
30.88235294117647
30.88235294117647
30.952380952380953
30.952380952380953
30.985915492957744
31.03448275862069
31.03448275862069
31.11111111111111
31.11111111111111
31.11111111111111
31.11111111111111
31.25
31.25
31.25
31.25
31.25
31.343283582089555
31.372549019607842
31.428571428571427
31.428571428571427
31.428571428571427
31.48148148148148
31.48148148148148
31.57894736842105
31.57894736842105
31.57894736842105
31.57894736842105
31.57894736842105
31.57894736842105
31.57894736842105
31.57894736842105
31.57894736842105
31.57894736842105
31.666666666666664
31.666666666666664
31.666666666666664
31.666666666666664
31.70731707317073
31.70731707317073
31.70731707317073
31.70731707317073
31.70731707317073
31.70731707317073
31.746031746031743
31.746031746031743
31.746031746031743
31.818181818181817
31.818181818181817
31.818181818181817
31.818181818181817
31.914893617021278
31.914893617021278
31.914893617021278
32.0
32.0
32.0
32.0
32.0
32.0
32.075471698113205
32.142857142857146
32.142857142857146
32.142857142857146
32.20338983050847
32.20338983050847
32.25806451612903
32.30769230769231
32.30769230769231
32.35294117647059
32.35294117647059
32.432432432432435
32.432432432432435
32.432432432432435
32.432432432432435
32.432432432432435
32.432432432432435
32.432432432432435
32.432432432432435
32.432432432432435
32.432432432432435
32.432432432432435
32.432432432432435
32.432432432432435
32.432432432432435
32.432432432432435
32.467532467532465
32.5
32.5
32.55813953488372
32.608695652173914
32.608695652173914
32.608695652173914
32.608695652173914
32.6530612244898
32.6530612244898
32.6530612244898
32.6530612244898
32.72727272727273
32.758620689655174
32.78688524590164
32.8125
32.83582089552239
32.857142857142854
32.857142857142854
33.33333333333333
33.33333333333333
33.33333333333333
33.33333333333333
33.33333333333333
33.33333333333333
33.33333333333333
33.33333333333333
33.33333333333333
33.33333333333333
33.33333333333333
33.33333333333333
33.33333333333333
33.33333333333333
33.33333333333333
33.33333333333333
33.33333333333333
33.33333333333333
33.33333333333333
33.33333333333333
33.33333333333333
33.33333333333333
33.33333333333333
33.33333333333333
33.33333333333333
33.33333333333333
33.33333333333333
33.33333333333333
33.33333333333333
33.33333333333333
33.33333333333333
33.33333333333333
33.33333333333333
33.33333333333333
33.33333333333333
33.82352941176471
33.82352941176471
33.82352941176471
33.84615384615385
33.84615384615385
33.84615384615385
33.84615384615385
33.89830508474576
33.89830508474576
33.89830508474576
33.89830508474576
33.92857142857143
34.0
34.04255319148936
34.146341463414636
34.21052631578947
34.21052631578947
34.21052631578947
34.21052631578947
34.21052631578947
34.21052631578947
34.21052631578947
34.21052631578947
34.21052631578947
34.21052631578947
34.21052631578947
34.24657534246575
34.285714285714285
34.285714285714285
34.32835820895522
34.32835820895522
34.375
34.375
34.375
34.375
34.42622950819672
34.48275862068966
34.48275862068966
34.48275862068966
34.54545454545455
34.54545454545455
34.54545454545455
34.54545454545455
34.61538461538461
34.61538461538461
34.61538461538461
34.66666666666667
34.69387755102041
34.69387755102041
34.78260869565217
34.78260869565217
34.883720930232556
34.883720930232556
34.883720930232556
34.883720930232556
34.92063492063492
35.0
35.0
35.0
35.0
35.08771929824561
35.08771929824561
35.13513513513514
35.13513513513514
35.13513513513514
35.13513513513514
35.13513513513514
35.13513513513514
35.13513513513514
35.13513513513514
35.13513513513514
35.13513513513514
35.13513513513514
35.13513513513514
35.13513513513514
35.13513513513514
35.13513513513514
35.13513513513514
35.13513513513514
35.13513513513514
35.18518518518518
35.294117647058826
35.41666666666667
35.41666666666667
35.41666666666667
35.483870967741936
35.55555555555556
35.55555555555556
35.55555555555556
35.59322033898305
35.59322033898305
35.59322033898305
35.61643835616438
35.714285714285715
35.714285714285715
35.82089552238806
35.82089552238806
35.82089552238806
35.84905660377358
35.8974358974359
35.8974358974359
35.8974358974359
35.8974358974359
35.8974358974359
35.8974358974359
35.8974358974359
35.8974358974359
35.8974358974359
35.9375
35.9375
36.0
36.0
36.0
36.11111111111111
36.11111111111111
36.11111111111111
36.11111111111111
36.11111111111111
36.11111111111111
36.11111111111111
36.11111111111111
36.11111111111111
36.11111111111111
36.11111111111111
36.11111111111111
36.11111111111111
36.11111111111111
36.11111111111111
36.11111111111111
36.11111111111111
36.11111111111111
36.11111111111111
36.11111111111111
36.11111111111111
36.11111111111111
36.11111111111111
36.206896551724135
36.36363636363637
36.36363636363637
36.36363636363637
36.36363636363637
36.36363636363637
36.36363636363637
36.507936507936506
36.507936507936506
36.507936507936506
36.58536585365854
36.666666666666664
36.734693877551024
36.734693877551024
36.734693877551024
36.734693877551024
36.76470588235294
36.84210526315789
36.84210526315789
36.84210526315789
36.84210526315789
36.84210526315789
36.84210526315789
36.84210526315789
36.84210526315789
36.84210526315789
36.84210526315789
36.84210526315789
36.84210526315789
36.84210526315789
36.84210526315789
36.84210526315789
36.92307692307693
36.92307692307693
36.95652173913043
37.096774193548384
37.142857142857146
37.2093023255814
37.2093023255814
37.2093023255814
37.2093023255814
37.254901960784316
37.254901960784316
37.28813559322034
37.28813559322034
37.28813559322034
37.28813559322034
37.28813559322034
37.5
37.5
37.5
37.5
37.5
37.5
37.5
37.5
37.5
37.5
37.5
37.704918032786885
37.704918032786885
37.735849056603776
37.735849056603776
37.77777777777778
37.77777777777778
37.77777777777778
37.80487804878049
37.83783783783784
37.83783783783784
37.83783783783784
37.83783783783784
37.83783783783784
37.83783783783784
37.83783783783784
37.83783783783784
37.83783783783784
37.83783783783784
37.83783783783784
37.83783783783784
37.83783783783784
37.83783783783784
37.83783783783784
37.83783783783784
37.83783783783784
37.878787878787875
37.878787878787875
37.878787878787875
37.93103448275862
38.0
38.0
38.0
38.0
38.095238095238095
38.095238095238095
38.18181818181819
38.18181818181819
38.2716049382716
38.297872340425535
38.333333333333336
38.46153846153847
38.46153846153847
38.46153846153847
38.46153846153847
38.59649122807017
38.59649122807017
38.59649122807017
38.63636363636363
38.63636363636363
38.63636363636363
38.63636363636363
38.70967741935484
38.70967741935484
38.75
38.775510204081634
38.775510204081634
38.775510204081634
38.775510204081634
38.775510204081634
38.88888888888889
38.88888888888889
38.88888888888889
38.88888888888889
38.88888888888889
38.88888888888889
38.88888888888889
38.88888888888889
38.88888888888889
38.88888888888889
38.88888888888889
38.88888888888889
38.88888888888889
38.88888888888889
38.88888888888889
38.88888888888889
38.88888888888889
38.88888888888889
38.88888888888889
38.88888888888889
38.88888888888889
38.88888888888889
38.88888888888889
38.88888888888889
38.88888888888889
38.88888888888889
38.88888888888889
38.961038961038966
39.02439024390244
39.130434782608695
39.189189189189186
39.21568627450981
39.285714285714285
39.285714285714285
39.34426229508197
39.34426229508197
39.34426229508197
39.34426229508197
39.39393939393939
39.473684210526315
39.473684210526315
39.473684210526315
39.473684210526315
39.473684210526315
39.473684210526315
39.473684210526315
39.473684210526315
39.473684210526315
39.53488372093023
39.58333333333333
39.58333333333333
39.58333333333333
39.58333333333333
39.62264150943396
39.62264150943396
39.62264150943396
39.6551724137931
40.0
40.0
40.0
40.0
40.0
40.0
40.0
40.0
40.0
40.0
40.0
40.0
40.0
40.0
40.27777777777778
40.32258064516129
40.32258064516129
40.32258064516129
40.35087719298245
40.42553191489361
40.42553191489361
40.42553191489361
40.476190476190474
40.476190476190474
40.476190476190474
40.54054054054054
40.54054054054054
40.54054054054054
40.54054054054054
40.54054054054054
40.54054054054054
40.54054054054054
40.54054054054054
40.54054054054054
40.54054054054054
40.54054054054054
40.54054054054054
40.54054054054054
40.54054054054054
40.54054054054054
40.54054054054054
40.54054054054054
40.54054054054054
40.54054054054054
40.54054054054054
40.54054054054054
40.54054054054054
40.625
40.625
40.67796610169492
40.67796610169492
40.816326530612244
40.816326530612244
40.816326530612244
40.909090909090914
40.909090909090914
40.909090909090914
40.98360655737705
41.02564102564102
41.02564102564102
41.02564102564102
41.02564102564102
41.02564102564102
41.07142857142857
41.17647058823529
41.17647058823529
41.17647058823529
41.25
41.30434782608695
41.37931034482759
41.37931034482759
41.46341463414634
41.46341463414634
41.46341463414634
41.66666666666667
41.66666666666667
41.66666666666667
41.66666666666667
41.66666666666667
41.66666666666667
41.66666666666667
41.66666666666667
41.66666666666667
41.66666666666667
41.66666666666667
41.66666666666667
41.66666666666667
41.66666666666667
41.66666666666667
41.66666666666667
41.66666666666667
41.66666666666667
41.66666666666667
41.66666666666667
41.66666666666667
41.66666666666667
41.81818181818181
41.81818181818181
42.028985507246375
42.10526315789473
42.10526315789473
42.10526315789473
42.10526315789473
42.10526315789473
42.10526315789473
42.10526315789473
42.10526315789473
42.10526315789473
42.10526315789473
42.10526315789473
42.10526315789473
42.10526315789473
42.10526315789473
42.22222222222222
42.22222222222222
42.22222222222222
42.30769230769231
42.3728813559322
42.3728813559322
42.5
42.5
42.5
42.5531914893617
42.5531914893617
42.592592592592595
42.62295081967213
42.857142857142854
42.857142857142854
42.857142857142854
42.857142857142854
42.857142857142854
42.857142857142854
42.857142857142854
42.857142857142854
43.103448275862064
43.103448275862064
43.103448275862064
43.18181818181818
43.18181818181818
43.18181818181818
43.24324324324324
43.24324324324324
43.24324324324324
43.24324324324324
43.24324324324324
43.24324324324324
43.24324324324324
43.24324324324324
43.24324324324324
43.24324324324324
43.24324324324324
43.24324324324324
43.24324324324324
43.24324324324324
43.24324324324324
43.24324324324324
43.24324324324324
43.24324324324324
43.24324324324324
43.24324324324324
43.24324324324324
43.24324324324324
43.24324324324324
43.333333333333336
43.39622641509434
43.39622641509434
43.39622641509434
43.47826086956522
43.47826086956522
43.47826086956522
43.47826086956522
43.47826086956522
43.47826086956522
43.58974358974359
43.58974358974359
43.58974358974359
43.58974358974359
43.859649122807014
43.90243902439025
43.90243902439025
43.90243902439025
43.93939393939394
44.0
44.06779661016949
44.18604651162791
44.18604651162791
44.18604651162791
44.18604651162791
44.230769230769226
44.26229508196721
44.285714285714285
44.44444444444444
44.44444444444444
44.44444444444444
44.44444444444444
44.44444444444444
44.44444444444444
44.44444444444444
44.44444444444444
44.44444444444444
44.44444444444444
44.44444444444444
44.44444444444444
44.44444444444444
44.44444444444444
44.44444444444444
44.44444444444444
44.44444444444444
44.44444444444444
44.57831325301205
44.61538461538462
44.642857142857146
44.642857142857146
44.642857142857146
44.642857142857146
44.642857142857146
44.680851063829785
44.680851063829785
44.73684210526316
44.73684210526316
44.73684210526316
44.73684210526316
44.73684210526316
44.73684210526316
44.827586206896555
45.0
45.0
45.0
45.09803921568628
45.09803921568628
45.09803921568628
45.16129032258064
45.23809523809524
45.23809523809524
45.28301886792453
45.28301886792453
45.28301886792453
45.45454545454545
45.45454545454545
45.45454545454545
45.45454545454545
45.614035087719294
45.65217391304348
45.65217391304348
45.65217391304348
45.76271186440678
45.90163934426229
45.90163934426229
45.90163934426229
45.90163934426229
45.94594594594595
45.94594594594595
45.94594594594595
45.94594594594595
45.94594594594595
45.94594594594595
45.94594594594595
45.94594594594595
45.94594594594595
45.94594594594595
45.94594594594595
45.94594594594595
46.0
46.0
46.03174603174603
46.03174603174603
46.15384615384615
46.15384615384615
46.15384615384615
46.15384615384615
46.34146341463415
46.34146341463415
46.42857142857143
46.478873239436616
46.51162790697674
46.51162790697674
46.51162790697674
46.666666666666664
46.666666666666664
46.666666666666664
46.666666666666664
46.666666666666664
46.774193548387096
46.808510638297875
46.808510638297875
46.93877551020408
47.05882352941176
47.05882352941176
47.16981132075472
47.16981132075472
47.22222222222222
47.22222222222222
47.22222222222222
47.22222222222222
47.22222222222222
47.22222222222222
47.22222222222222
47.22222222222222
47.22222222222222
47.22222222222222
47.22222222222222
47.22222222222222
47.22222222222222
47.22222222222222
47.22222222222222
47.22222222222222
47.27272727272727
47.27272727272727
47.368421052631575
47.368421052631575
47.368421052631575
47.368421052631575
47.368421052631575
47.368421052631575
47.368421052631575
47.368421052631575
47.45762711864407
47.5
47.5
47.5
47.61904761904761
47.61904761904761
47.61904761904761
47.61904761904761
47.72727272727273
47.82608695652174
47.91666666666667
47.91666666666667
47.91666666666667
48.0
48.0
48.07692307692308
48.07692307692308
48.148148148148145
48.148148148148145
48.275862068965516
48.38709677419355
48.57142857142857
48.64864864864865
48.64864864864865
48.64864864864865
48.64864864864865
48.64864864864865
48.64864864864865
48.64864864864865
48.64864864864865
48.64864864864865
48.64864864864865
48.64864864864865
48.64864864864865
48.64864864864865
48.64864864864865
48.64864864864865
48.64864864864865
48.717948717948715
48.717948717948715
48.717948717948715
48.78048780487805
48.78048780487805
48.80952380952381
48.837209302325576
48.888888888888886
48.888888888888886
48.93617021276596
48.93617021276596
48.97959183673469
49.01960784313725
49.01960784313725
49.01960784313725
49.056603773584904
49.152542372881356
49.2063492063492
49.333333333333336
50.0
50.0
50.0
50.0
50.0
50.0
50.0
50.0
50.0
50.0
50.0
50.0
50.0
50.0
50.0
50.0
50.0
50.0
50.0
50.0
50.0
50.0
50.0
50.0
50.0
50.0
50.0
50.0
50.0
50.0
50.847457627118644
50.847457627118644
50.943396226415096
50.943396226415096
50.98039215686274
51.02040816326531
51.06382978723404
51.06382978723404
51.162790697674424
51.162790697674424
51.21951219512195
51.21951219512195
51.28205128205128
51.28205128205128
51.28205128205128
51.28205128205128
51.28205128205128
51.35135135135135
51.35135135135135
51.35135135135135
51.35135135135135
51.35135135135135
51.35135135135135
51.35135135135135
51.35135135135135
51.35135135135135
51.35135135135135
51.42857142857142
51.42857142857142
51.42857142857142
51.42857142857142
51.42857142857142
51.42857142857142
51.515151515151516
51.5625
51.61290322580645
51.724137931034484
51.78571428571429
51.85185185185185
51.85185185185185
51.85185185185185
51.92307692307693
52.0
52.17391304347826
52.17391304347826
52.23880597014925
52.307692307692314
52.38095238095239
52.38095238095239
52.38095238095239
52.38095238095239
52.38095238095239
52.459016393442624
52.5
52.5
52.5
52.5
52.5
52.5
52.54237288135594
52.63157894736842
52.63157894736842
52.63157894736842
52.63157894736842
52.63157894736842
52.77777777777778
52.77777777777778
52.77777777777778
52.77777777777778
52.77777777777778
52.77777777777778
52.77777777777778
52.77777777777778
52.77777777777778
52.77777777777778
52.77777777777778
52.77777777777778
52.77777777777778
52.77777777777778
52.77777777777778
52.77777777777778
52.77777777777778
52.83018867924528
52.94117647058824
52.94117647058824
53.03030303030303
53.191489361702125
53.191489361702125
53.191489361702125
53.333333333333336
53.44827586206896
53.44827586206896
53.48837209302325
53.48837209302325
53.48837209302325
53.48837209302325
53.57142857142857
53.57142857142857
53.65853658536586
53.65853658536586
53.65853658536586
53.65853658536586
53.65853658536586
53.84615384615385
53.84615384615385
53.84615384615385
53.84615384615385
53.84615384615385
54.0
54.054054054054056
54.054054054054056
54.054054054054056
54.054054054054056
54.054054054054056
54.054054054054056
54.054054054054056
54.054054054054056
54.054054054054056
54.09836065573771
54.166666666666664
54.285714285714285
54.347826086956516
54.347826086956516
54.385964912280706
54.385964912280706
54.41176470588235
54.54545454545454
54.761904761904766
54.761904761904766
54.761904761904766
54.761904761904766
54.761904761904766
54.761904761904766
54.90196078431373
55.00000000000001
55.00000000000001
55.00000000000001
55.10204081632652
55.10204081632652
55.172413793103445
55.172413793103445
55.26315789473685
55.26315789473685
55.26315789473685
55.26315789473685
55.26315789473685
55.26315789473685
55.26315789473685
55.26315789473685
55.26315789473685
55.319148936170215
55.319148936170215
55.35714285714286
55.55555555555556
55.55555555555556
55.55555555555556
55.55555555555556
55.55555555555556
55.55555555555556
55.55555555555556
55.55555555555556
55.55555555555556
55.55555555555556
55.55555555555556
55.81395348837209
55.81395348837209
55.932203389830505
56.00000000000001
56.00000000000001
56.09756097560976
56.09756097560976
56.09756097560976
56.09756097560976
56.25
56.36363636363636
56.41025641025641
56.41025641025641
56.41025641025641
56.41025641025641
56.41025641025641
56.451612903225815
56.52173913043478
56.52173913043478
56.52173913043478
56.75675675675676
56.75675675675676
56.75675675675676
56.75675675675676
56.75675675675676
56.75675675675676
56.75675675675676
56.75675675675676
56.75675675675676
56.75675675675676
56.75675675675676
56.81818181818182
56.81818181818182
56.81818181818182
56.896551724137936
56.896551724137936
57.14285714285714
57.14285714285714
57.14285714285714
57.14285714285714
57.14285714285714
57.14285714285714
57.14285714285714
57.14285714285714
57.407407407407405
57.407407407407405
57.446808510638306
57.446808510638306
57.446808510638306
57.49999999999999
57.49999999999999
57.49999999999999
57.49999999999999
57.6271186440678
57.77777777777777
57.89473684210527
57.89473684210527
57.89473684210527
58.06451612903226
58.139534883720934
58.333333333333336
58.333333333333336
58.333333333333336
58.333333333333336
58.333333333333336
58.333333333333336
58.333333333333336
58.333333333333336
58.333333333333336
58.333333333333336
58.333333333333336
58.333333333333336
58.490566037735846
58.490566037735846
58.536585365853654
58.57142857142858
58.620689655172406
58.69565217391305
58.730158730158735
58.82352941176471
58.92857142857143
58.97435897435898
58.97435897435898
59.01639344262295
59.183673469387756
59.183673469387756
59.183673469387756
59.183673469387756
59.25925925925925
59.45945945945946
59.45945945945946
59.45945945945946
59.45945945945946
59.45945945945946
59.45945945945946
59.523809523809526
59.523809523809526
59.523809523809526
59.523809523809526
59.57446808510638
59.61538461538461
59.61538461538461
60.0
60.0
60.0
60.0
60.317460317460316
60.37735849056604
60.37735849056604
60.416666666666664
60.416666666666664
60.416666666666664
60.416666666666664
60.46511627906976
60.46511627906976
60.526315789473685
60.526315789473685
60.526315789473685
60.526315789473685
60.526315789473685
60.526315789473685
60.526315789473685
60.86956521739131
60.97560975609756
60.97560975609756
60.97560975609756
60.97560975609756
61.111111111111114
61.111111111111114
61.111111111111114
61.111111111111114
61.111111111111114
61.111111111111114
61.111111111111114
61.111111111111114
61.111111111111114
61.29032258064516
61.36363636363637
61.53846153846154
61.53846153846154
61.53846153846154
61.53846153846154
61.702127659574465
61.702127659574465
61.81818181818181
61.904761904761905
61.904761904761905
61.904761904761905
61.904761904761905
61.904761904761905
62.0
62.121212121212125
62.16216216216216
62.16216216216216
62.16216216216216
62.16216216216216
62.16216216216216
62.16216216216216
62.16216216216216
62.16216216216216
62.16216216216216
62.16216216216216
62.264150943396224
62.5
62.5
62.5
62.5
62.5
62.745098039215684
62.745098039215684
62.7906976744186
62.857142857142854
62.96296296296296
63.04347826086957
63.04347826086957
63.1578947368421
63.1578947368421
63.1578947368421
63.1578947368421
63.1578947368421
63.41463414634146
63.41463414634146
63.46153846153846
63.829787234042556
63.888888888888886
63.888888888888886
63.888888888888886
63.888888888888886
63.888888888888886
63.888888888888886
63.888888888888886
63.888888888888886
63.888888888888886
63.888888888888886
63.888888888888886
64.0
64.0
64.1025641025641
64.1025641025641
64.1025641025641
64.28571428571429
64.44444444444444
64.44444444444444
64.44444444444444
64.51612903225806
64.58333333333334
64.86486486486487
64.86486486486487
64.86486486486487
64.86486486486487
64.86486486486487
64.86486486486487
64.86486486486487
64.86486486486487
64.86486486486487
65.0
65.0
65.0
65.0
65.3061224489796
65.71428571428571
65.78947368421053
65.78947368421053
65.85365853658537
65.95744680851064
66.10169491525424
66.66666666666666
66.66666666666666
66.66666666666666
66.66666666666666
66.66666666666666
66.66666666666666
66.66666666666666
66.66666666666666
66.66666666666666
66.66666666666666
66.66666666666666
66.66666666666666
66.66666666666666
66.66666666666666
66.66666666666666
66.66666666666666
66.66666666666666
67.3076923076923
67.3913043478261
67.3913043478261
67.3913043478261
67.5
67.56756756756756
67.56756756756756
67.56756756756756
67.56756756756756
67.56756756756756
67.56756756756756
67.56756756756756
67.56756756756756
67.56756756756756
67.9245283018868
68.0
68.08510638297872
68.18181818181817
68.29268292682927
68.29268292682927
68.42105263157895
68.42105263157895
68.42105263157895
68.62745098039215
68.75
68.88888888888889
69.04761904761905
69.04761904761905
69.04761904761905
69.23076923076923
69.23076923076923
69.23076923076923
69.23076923076923
69.38775510204081
69.38775510204081
69.44444444444444
69.44444444444444
69.44444444444444
69.44444444444444
69.44444444444444
69.44444444444444
69.44444444444444
69.44444444444444
69.44444444444444
69.44444444444444
69.56521739130434
69.76744186046511
70.0
70.0
70.0
70.0
70.2127659574468
70.2127659574468
70.2127659574468
70.27027027027027
70.27027027027027
70.27027027027027
70.27027027027027
70.27027027027027
70.27027027027027
70.37037037037037
70.37037037037037
70.58823529411765
70.6896551724138
70.9090909090909
71.05263157894737
71.05263157894737
71.05263157894737
71.05263157894737
71.05263157894737
71.05263157894737
71.05263157894737
71.05263157894737
71.11111111111111
71.15384615384616
71.15384615384616
71.42857142857143
71.42857142857143
71.42857142857143
71.42857142857143
71.7948717948718
71.7948717948718
72.0
72.09302325581395
72.22222222222221
72.22222222222221
72.22222222222221
72.22222222222221
72.22222222222221
72.22222222222221
72.22222222222221
72.22222222222221
72.22222222222221
72.22222222222221
72.22222222222221
72.3404255319149
72.3404255319149
72.5
72.5
72.5
72.72727272727273
72.72727272727273
72.88135593220339
72.97297297297297
72.97297297297297
72.97297297297297
72.97297297297297
72.97297297297297
72.97297297297297
72.97297297297297
72.97297297297297
73.07692307692307
73.33333333333333
73.33333333333333
73.46938775510205
73.46938775510205
73.46938775510205
73.58490566037736
73.68421052631578
73.68421052631578
73.68421052631578
73.68421052631578
73.68421052631578
73.68421052631578
74.0
74.0
74.0
74.28571428571429
74.35897435897436
74.35897435897436
74.4186046511628
74.46808510638297
74.50980392156863
74.57627118644068
75.0
75.0
75.0
75.0
75.0
75.0
75.0
75.0
75.0
75.0
75.0
75.0
75.0
75.0
75.0
75.0
75.0
75.0
75.40983606557377
75.51020408163265
75.51020408163265
75.60975609756098
75.67567567567568
75.67567567567568
75.67567567567568
75.67567567567568
75.67567567567568
75.67567567567568
75.67567567567568
75.67567567567568
75.67567567567568
75.67567567567568
76.0
76.08695652173914
76.08695652173914
76.31578947368422
76.31578947368422
76.31578947368422
76.31578947368422
76.31578947368422
76.31578947368422
76.47058823529412
76.59574468085107
76.74418604651163
76.82926829268293
76.92307692307693
76.92307692307693
76.92307692307693
77.14285714285715
77.27272727272727
77.5
77.55102040816327
77.58620689655173
77.77777777777779
77.77777777777779
77.77777777777779
77.77777777777779
77.77777777777779
77.77777777777779
77.77777777777779
77.77777777777779
77.77777777777779
77.77777777777779
77.77777777777779
77.96610169491525
78.0
78.04878048780488
78.04878048780488
78.04878048780488
78.26086956521739
78.37837837837837
78.37837837837837
78.37837837837837
78.37837837837837
78.37837837837837
78.37837837837837
78.37837837837837
78.37837837837837
78.37837837837837
78.37837837837837
78.37837837837837
78.37837837837837
78.37837837837837
78.37837837837837
78.37837837837837
78.37837837837837
78.57142857142857
78.94736842105263
78.94736842105263
78.94736842105263
78.94736842105263
78.94736842105263
78.94736842105263
78.94736842105263
79.16666666666666
79.48717948717949
79.48717948717949
79.48717948717949
79.54545454545455
79.6875
80.0
80.0
80.0
80.0
80.48780487804879
80.48780487804879
80.55555555555556
80.55555555555556
80.55555555555556
80.55555555555556
80.55555555555556
80.55555555555556
80.55555555555556
80.55555555555556
80.55555555555556
80.55555555555556
80.55555555555556
80.55555555555556
80.55555555555556
80.64516129032258
80.76923076923077
80.85106382978722
80.95238095238095
80.95238095238095
81.08108108108108
81.08108108108108
81.08108108108108
81.08108108108108
81.08108108108108
81.08108108108108
81.08108108108108
81.08108108108108
81.08108108108108
81.08108108108108
81.08108108108108
81.08108108108108
81.25
81.57894736842105
81.57894736842105
81.57894736842105
81.57894736842105
81.57894736842105
81.57894736842105
81.63265306122449
81.63265306122449
81.63265306122449
81.81818181818183
81.81818181818183
81.9672131147541
82.05128205128204
82.05128205128204
82.05128205128204
82.22222222222221
82.6086956521739
82.6086956521739
82.75862068965517
82.85714285714286
82.92682926829268
82.92682926829268
83.33333333333334
83.33333333333334
83.33333333333334
83.33333333333334
83.33333333333334
83.33333333333334
83.33333333333334
83.33333333333334
83.33333333333334
83.33333333333334
83.33333333333334
83.33333333333334
83.33333333333334
83.33333333333334
83.33333333333334
83.33333333333334
83.78378378378379
83.78378378378379
83.78378378378379
83.78378378378379
83.78378378378379
83.78378378378379
83.78378378378379
83.78378378378379
83.78378378378379
83.78378378378379
83.92857142857143
84.12698412698413
84.21052631578947
84.21052631578947
84.21052631578947
84.21052631578947
84.21052631578947
84.21052631578947
84.21052631578947
84.31372549019608
84.61538461538461
84.61538461538461
85.1063829787234
85.71428571428571
85.71428571428571
85.71428571428571
86.0
86.11111111111111
86.11111111111111
86.11111111111111
86.11111111111111
86.11111111111111
86.11111111111111
86.11111111111111
86.11111111111111
86.11111111111111
86.36363636363636
86.4406779661017
86.48648648648648
86.48648648648648
86.48648648648648
86.48648648648648
86.48648648648648
86.48648648648648
86.48648648648648
86.48648648648648
86.48648648648648
86.66666666666667
86.66666666666667
86.8421052631579
86.8421052631579
86.8421052631579
86.8421052631579
87.17948717948718
87.17948717948718
87.17948717948718
87.17948717948718
87.2340425531915
87.3015873015873
87.5
87.5
87.5
88.09523809523809
88.09523809523809
88.09523809523809
88.13559322033898
88.37209302325581
88.57142857142857
88.88888888888889
88.88888888888889
88.88888888888889
88.88888888888889
88.88888888888889
88.88888888888889
88.88888888888889
88.88888888888889
88.88888888888889
88.88888888888889
88.88888888888889
88.88888888888889
88.88888888888889
88.88888888888889
88.88888888888889
88.88888888888889
89.1891891891892
89.1891891891892
89.1891891891892
89.1891891891892
89.1891891891892
89.1891891891892
89.1891891891892
89.1891891891892
89.47368421052632
89.47368421052632
89.47368421052632
89.47368421052632
89.47368421052632
89.47368421052632
89.58333333333334
89.58333333333334
89.74358974358975
89.74358974358975
90.0
90.2439024390244
90.47619047619048
90.69767441860465
90.69767441860465
90.9090909090909
90.9090909090909
91.11111111111111
91.42857142857143
91.66666666666666
91.66666666666666
91.66666666666666
91.66666666666666
91.66666666666666
91.66666666666666
91.66666666666666
91.66666666666666
91.66666666666666
91.66666666666666
91.80327868852459
91.83673469387756
91.8918918918919
91.8918918918919
91.8918918918919
91.8918918918919
91.8918918918919
91.8918918918919
91.8918918918919
91.8918918918919
91.8918918918919
91.8918918918919
91.8918918918919
91.8918918918919
91.8918918918919
91.8918918918919
91.8918918918919
91.8918918918919
92.10526315789474
92.10526315789474
92.10526315789474
92.10526315789474
92.10526315789474
92.10526315789474
92.15686274509804
92.3076923076923
92.3076923076923
92.5
92.5
92.6829268292683
92.6829268292683
92.85714285714286
92.85714285714286
93.02325581395348
93.02325581395348
93.18181818181817
93.33333333333333
93.87755102040816
94.28571428571428
94.44444444444444
94.44444444444444
94.44444444444444
94.44444444444444
94.44444444444444
94.44444444444444
94.44444444444444
94.44444444444444
94.44444444444444
94.44444444444444
94.44444444444444
94.44444444444444
94.44444444444444
94.44444444444444
94.5945945945946
94.5945945945946
94.5945945945946
94.5945945945946
94.5945945945946
94.5945945945946
94.5945945945946
94.5945945945946
94.5945945945946
94.5945945945946
94.73684210526315
94.73684210526315
94.73684210526315
94.73684210526315
94.87179487179486
94.87179487179486
94.87179487179486
94.87179487179486
94.87179487179486
94.87179487179486
95.0
95.0
95.34883720930233
95.45454545454545
95.55555555555556
96.0
96.22641509433963
96.22641509433963
97.14285714285714
97.14285714285714
97.14285714285714
97.22222222222221
97.22222222222221
97.22222222222221
97.22222222222221
97.22222222222221
97.2972972972973
97.2972972972973
97.2972972972973
97.2972972972973
97.2972972972973
97.2972972972973
97.2972972972973
97.2972972972973
97.2972972972973
97.2972972972973
97.36842105263158
97.36842105263158
97.36842105263158
97.36842105263158
97.36842105263158
97.43589743589743
97.5
97.5
97.61904761904762
97.67441860465115
97.95918367346938
98.0
98.0392156862745
100.0
100.0
100.0
100.0
100.0
100.0
100.0
100.0
100.0
100.0
100.0
100.0
100.0
100.0
100.0
100.0
100.0
100.0
100.0
100.0
100.0
100.0
100.0
100.0
100.0
100.0
100.0
100.0
100.0
100.0
100.0
100.0
100.0
100.0
100.0
100.0
100.0
100.0
100.0
100.0
100.0
100.0
101.96078431372548
102.0
102.32558139534885
102.38095238095238
102.40963855421687
102.49999999999999
102.49999999999999
102.56410256410255
102.56410256410255
102.56410256410255
102.63157894736842
102.63157894736842
102.63157894736842
102.63157894736842
102.63157894736842
102.63157894736842
102.63157894736842
102.63157894736842
102.7027027027027
102.7027027027027
102.7027027027027
102.7027027027027
102.7027027027027
102.7027027027027
102.7027027027027
102.7027027027027
102.7027027027027
102.7027027027027
102.7027027027027
102.7027027027027
102.7027027027027
102.7027027027027
102.7027027027027
102.77777777777777
102.77777777777777
102.77777777777777
102.77777777777777
102.77777777777777
102.77777777777777
102.77777777777777
102.77777777777777
102.77777777777777
102.77777777777777
102.85714285714285
103.77358490566037
104.08163265306123
104.44444444444446
104.54545454545455
104.76190476190477
104.8780487804878
105.0
105.0
105.0
105.12820512820514
105.26315789473684
105.26315789473684
105.26315789473684
105.26315789473684
105.26315789473684
105.40540540540539
105.40540540540539
105.40540540540539
105.40540540540539
105.40540540540539
105.40540540540539
105.40540540540539
105.40540540540539
105.40540540540539
105.40540540540539
105.40540540540539
105.55555555555556
105.55555555555556
105.55555555555556
105.55555555555556
105.55555555555556
105.55555555555556
105.55555555555556
105.55555555555556
105.55555555555556
105.55555555555556
105.55555555555556
105.71428571428572
106.12244897959184
106.38297872340425
106.5217391304348
106.66666666666667
106.81818181818181
107.14285714285714
107.31707317073172
107.31707317073172
107.40740740740742
107.5
107.6923076923077
107.6923076923077
107.89473684210526
107.89473684210526
108.10810810810811
108.10810810810811
108.10810810810811
108.10810810810811
108.10810810810811
108.10810810810811
108.10810810810811
108.10810810810811
108.10810810810811
108.10810810810811
108.10810810810811
108.10810810810811
108.33333333333333
108.33333333333333
108.33333333333333
108.33333333333333
108.33333333333333
108.33333333333333
108.33333333333333
108.33333333333333
108.33333333333333
108.57142857142857
108.57142857142857
108.57142857142857
108.97435897435896
109.09090909090908
109.61538461538463
110.00000000000001
110.00000000000001
110.00000000000001
110.12658227848102
110.25641025641026
110.25641025641026
110.25641025641026
110.25641025641026
110.5263157894737
110.5263157894737
110.5263157894737
110.5263157894737
110.5263157894737
110.5263157894737
110.5263157894737
110.5263157894737
110.8108108108108
110.8108108108108
110.8108108108108
110.8108108108108
110.8108108108108
110.8108108108108
110.8108108108108
110.8108108108108
110.8108108108108
110.8108108108108
110.9090909090909
111.11111111111111
111.11111111111111
111.11111111111111
111.11111111111111
111.11111111111111
111.11111111111111
111.11111111111111
111.11111111111111
111.11111111111111
111.11111111111111
111.11111111111111
111.11111111111111
111.11111111111111
111.11111111111111
111.36363636363636
111.42857142857143
111.62790697674419
111.76470588235294
111.90476190476191
112.19512195121952
112.5
112.82051282051282
112.82051282051282
112.82051282051282
112.82051282051282
113.1578947368421
113.1578947368421
113.1578947368421
113.1578947368421
113.1578947368421
113.51351351351352
113.51351351351352
113.51351351351352
113.51351351351352
113.51351351351352
113.51351351351352
113.51351351351352
113.51351351351352
113.88888888888889
113.88888888888889
113.88888888888889
113.88888888888889
113.88888888888889
113.88888888888889
113.88888888888889
114.28571428571428
114.28571428571428
114.28571428571428
114.28571428571428
114.28571428571428
114.58333333333333
114.6341463414634
114.6341463414634
115.21739130434783
115.38461538461537
115.38461538461537
115.55555555555554
115.78947368421053
115.78947368421053
115.78947368421053
115.78947368421053
115.78947368421053
115.78947368421053
115.78947368421053
115.78947368421053
115.78947368421053
115.78947368421053
115.90909090909092
115.99999999999999
115.99999999999999
116.21621621621621
116.21621621621621
116.21621621621621
116.21621621621621
116.21621621621621
116.21621621621621
116.21621621621621
116.21621621621621
116.21621621621621
116.66666666666667
116.66666666666667
116.66666666666667
116.66666666666667
116.66666666666667
116.66666666666667
116.66666666666667
116.66666666666667
116.66666666666667
116.66666666666667
116.66666666666667
116.66666666666667
116.66666666666667
117.14285714285715
117.24137931034481
117.5
117.5
117.94871794871796
117.94871794871796
117.94871794871796
117.94871794871796
117.94871794871796
118.0
118.42105263157893
118.42105263157893
118.42105263157893
118.42105263157893
118.42105263157893
118.91891891891892
118.91891891891892
118.91891891891892
118.91891891891892
118.91891891891892
118.91891891891892
118.91891891891892
118.91891891891892
118.96551724137932
119.44444444444444
119.44444444444444
119.44444444444444
119.44444444444444
119.44444444444444
119.44444444444444
119.44444444444444
119.44444444444444
119.51219512195121
120.0
120.0
120.0
120.0
120.0
120.40816326530613
120.51282051282051
120.51282051282051
120.51282051282051
120.51282051282051
120.51282051282051
120.51282051282051
120.51282051282051
121.05263157894737
121.05263157894737
121.27659574468086
121.42857142857142
121.42857142857142
121.62162162162163
121.62162162162163
121.62162162162163
121.62162162162163
121.62162162162163
121.62162162162163
121.62162162162163
121.62162162162163
121.62162162162163
122.22222222222223
122.22222222222223
122.22222222222223
122.22222222222223
122.22222222222223
122.22222222222223
122.22222222222223
122.22222222222223
122.22222222222223
122.22222222222223
122.22222222222223
122.22222222222223
122.50000000000001
122.50000000000001
122.50000000000001
122.50000000000001
122.85714285714286
123.07692307692308
123.07692307692308
123.07692307692308
123.07692307692308
123.07692307692308
123.40425531914893
123.52941176470588
123.52941176470588
123.6842105263158
123.6842105263158
123.6842105263158
123.6842105263158
123.6842105263158
123.6842105263158
123.6842105263158
123.6842105263158
123.6842105263158
123.6842105263158
123.6842105263158
123.91304347826086
124.32432432432432
124.32432432432432
124.32432432432432
124.32432432432432
124.32432432432432
124.32432432432432
124.32432432432432
124.32432432432432
124.32432432432432
124.32432432432432
124.32432432432432
124.32432432432432
124.32432432432432
124.32432432432432
124.32432432432432
125.0
125.0
125.0
125.0
125.0
125.0
125.0
125.0
125.49019607843137
125.5813953488372
125.64102564102564
125.71428571428571
125.92592592592592
126.19047619047619
126.3157894736842
126.3157894736842
126.3157894736842
126.3157894736842
126.3157894736842
126.82926829268293
127.02702702702702
127.02702702702702
127.02702702702702
127.02702702702702
127.02702702702702
127.02702702702702
127.02702702702702
127.02702702702702
127.02702702702702
127.02702702702702
127.02702702702702
127.49999999999999
127.77777777777777
127.77777777777777
127.77777777777777
127.77777777777777
127.77777777777777
127.77777777777777
127.77777777777777
127.77777777777777
127.77777777777777
127.77777777777777
127.77777777777777
128.2051282051282
128.57142857142858
128.57142857142858
128.94736842105263
128.94736842105263
128.94736842105263
129.26829268292684
129.54545454545453
129.72972972972974
129.72972972972974
129.72972972972974
129.72972972972974
129.72972972972974
129.72972972972974
129.72972972972974
129.72972972972974
129.72972972972974
129.72972972972974
129.72972972972974
130.43478260869566
130.55555555555557
130.55555555555557
130.55555555555557
130.55555555555557
130.55555555555557
130.55555555555557
130.55555555555557
130.55555555555557
130.55555555555557
130.55555555555557
130.55555555555557
130.76923076923077
130.76923076923077
131.11111111111111
131.11111111111111
131.42857142857142
131.57894736842107
131.57894736842107
131.57894736842107
131.57894736842107
131.57894736842107
131.70731707317074
131.70731707317074
132.43243243243242
132.43243243243242
132.43243243243242
132.43243243243242
132.43243243243242
132.43243243243242
132.43243243243242
132.43243243243242
133.33333333333331
133.33333333333331
133.33333333333331
133.33333333333331
133.33333333333331
133.33333333333331
133.33333333333331
133.33333333333331
133.33333333333331
133.33333333333331
133.33333333333331
133.33333333333331
133.33333333333331
133.33333333333331
133.33333333333331
133.33333333333331
133.33333333333331
133.33333333333331
133.33333333333331
133.33333333333331
133.33333333333331
134.21052631578948
134.21052631578948
134.21052631578948
134.21052631578948
134.21052631578948
134.21052631578948
134.28571428571428
134.28571428571428
134.28571428571428
134.7826086956522
134.7826086956522
134.88372093023256
134.88372093023256
135.13513513513513
135.13513513513513
135.13513513513513
135.13513513513513
135.13513513513513
135.13513513513513
135.13513513513513
135.13513513513513
135.13513513513513
135.13513513513513
135.13513513513513
135.13513513513513
135.13513513513513
135.13513513513513
135.13513513513513
135.13513513513513
135.13513513513513
135.13513513513513
135.8974358974359
136.11111111111111
136.11111111111111
136.11111111111111
136.11111111111111
136.11111111111111
136.11111111111111
136.11111111111111
136.11111111111111
136.11111111111111
136.11111111111111
136.11111111111111
136.8421052631579
136.8421052631579
136.8421052631579
136.8421052631579
136.8421052631579
137.14285714285714
137.14285714285714
137.14285714285714
137.14285714285714
137.2549019607843
137.5
137.77777777777777
137.83783783783784
137.83783783783784
137.83783783783784
137.83783783783784
137.83783783783784
137.83783783783784
137.83783783783784
137.83783783783784
137.83783783783784
137.83783783783784
137.83783783783784
138.88888888888889
138.88888888888889
138.88888888888889
138.88888888888889
138.88888888888889
138.88888888888889
138.88888888888889
138.88888888888889
138.88888888888889
138.88888888888889
138.88888888888889
138.88888888888889
138.88888888888889
138.88888888888889
138.88888888888889
138.88888888888889
138.88888888888889
138.88888888888889
138.88888888888889
139.02439024390242
139.4736842105263
139.4736842105263
139.4736842105263
139.4736842105263
139.4736842105263
139.4736842105263
139.4736842105263
139.4736842105263
139.53488372093022
139.53488372093022
139.53488372093022
140.0
140.0
140.0
140.0
140.47619047619045
140.54054054054055
140.54054054054055
140.54054054054055
140.54054054054055
140.54054054054055
140.54054054054055
140.54054054054055
140.54054054054055
140.54054054054055
141.02564102564102
141.66666666666669
141.66666666666669
141.66666666666669
141.66666666666669
141.66666666666669
141.66666666666669
141.66666666666669
141.66666666666669
141.93548387096774
142.10526315789474
142.10526315789474
142.10526315789474
142.85714285714286
142.85714285714286
142.85714285714286
143.1818181818182
143.24324324324326
143.24324324324326
143.24324324324326
143.24324324324326
143.24324324324326
143.24324324324326
143.24324324324326
143.24324324324326
143.24324324324326
143.24324324324326
143.24324324324326
143.24324324324326
143.24324324324326
143.24324324324326
143.90243902439025
144.44444444444443
144.44444444444443
144.44444444444443
144.44444444444443
144.44444444444443
144.44444444444443
144.44444444444443
144.44444444444443
144.44444444444443
144.44444444444443
144.44444444444443
144.44444444444443
144.44444444444443
144.44444444444443
144.44444444444443
144.44444444444443
144.44444444444443
144.44444444444443
144.73684210526315
144.73684210526315
144.73684210526315
145.7142857142857
145.7142857142857
145.94594594594594
145.94594594594594
145.94594594594594
147.22222222222223
147.22222222222223
147.22222222222223
147.22222222222223
147.22222222222223
147.22222222222223
147.22222222222223
147.22222222222223
147.22222222222223
147.22222222222223
147.22222222222223
147.22222222222223
147.22222222222223
147.22222222222223
147.22222222222223
147.36842105263156
147.36842105263156
147.36842105263156
148.57142857142858
148.64864864864865
148.64864864864865
148.64864864864865
148.71794871794873
150.0
150.0
150.0
150.0
150.0
150.0
150.0
150.0
150.0
150.0
150.0
150.87719298245614
151.35135135135135
151.35135135135135
151.35135135135135
151.35135135135135
151.42857142857142
152.17391304347828
152.3076923076923
152.63157894736844
152.63157894736844
152.77777777777777
152.77777777777777
152.77777777777777
152.77777777777777
152.77777777777777
152.77777777777777
152.77777777777777
152.77777777777777
152.77777777777777
153.84615384615387
154.05405405405406
154.2857142857143
154.2857142857143
154.2857142857143
154.76190476190476
155.0
155.26315789473685
155.55555555555557
155.55555555555557
155.55555555555557
155.55555555555557
155.55555555555557
155.55555555555557
155.55555555555557
155.55555555555557
156.4102564102564
156.66666666666666
156.75675675675674
156.75675675675674
156.75675675675674
156.75675675675674
156.75675675675674
156.75675675675674
156.8181818181818
156.8181818181818
157.14285714285714
157.14285714285714
157.14285714285714
158.33333333333331
158.33333333333331
158.33333333333331
158.33333333333331
158.33333333333331
158.33333333333331
158.97435897435898
159.45945945945945
159.45945945945945
159.45945945945945
159.45945945945945
160.0
160.0
160.97560975609758
160.97560975609758
161.11111111111111
161.11111111111111
161.53846153846155
161.70212765957444
162.16216216216216
162.16216216216216
162.16216216216216
162.16216216216216
162.16216216216216
162.16216216216216
162.16216216216216
162.6865671641791
162.85714285714286
163.1578947368421
163.1578947368421
163.88888888888889
163.88888888888889
163.88888888888889
163.88888888888889
163.88888888888889
164.86486486486487
164.86486486486487
164.86486486486487
164.86486486486487
164.86486486486487
165.71428571428572
165.78947368421052
165.78947368421052
165.78947368421052
165.95744680851064
166.66666666666669
166.66666666666669
166.66666666666669
166.66666666666669
166.66666666666669
166.66666666666669
166.66666666666669
167.56756756756758
168.42105263157893
168.42105263157893
169.44444444444443
170.27027027027026
171.05263157894737
171.05263157894737
171.7948717948718
172.22222222222223
172.22222222222223
172.22222222222223
172.97297297297297
172.97297297297297
173.6842105263158
174.35897435897436
175.0
175.67567567567568
175.67567567567568
175.67567567567568
176.9230769230769
177.77777777777777
177.77777777777777
178.3783783783784
178.3783783783784
180.55555555555557
181.08108108108107
182.5
183.33333333333331
183.7837837837838
183.7837837837838
183.7837837837838
185.71428571428572
186.11111111111111
186.11111111111111
186.48648648648648
187.17948717948718
187.5
188.57142857142856
188.88888888888889
188.88888888888889
191.42857142857144
191.42857142857144
191.42857142857144
191.42857142857144
191.66666666666669
191.66666666666669
191.66666666666669
191.89189189189187
192.10526315789474
192.85714285714286
194.44444444444443
197.2972972972973
204.25531914893617
205.26315789473685
205.55555555555554
205.55555555555554
206.52173913043475
208.57142857142858
208.57142857142858
211.11111111111111
213.51351351351352
213.51351351351352
216.21621621621622
216.66666666666666
218.9189189189189
225.99999999999997
229.72972972972974
231.42857142857144
232.43243243243242
239.02439024390242
244.44444444444446
244.44444444444446
244.89795918367346
247.22222222222223
250.0
261.11111111111114
268.2926829268293
276.3157894736842
280.55555555555554
289.4736842105263
328.9473684210526
340.5405405405405
350.0
359.4594594594595
386.4864864864865
391.8918918918919
397.3684210526316
