Unique ID: bd93816a-9f44-4df1-962d-6b5b1ea73fd4,
Billed Duration for Request bd93816a-9f44-4df1-962d-6b5b1ea73fd4: 189 ms
Input: 1000000,
Cold Start: true
Unique ID: e9b5f435-a36a-4b37-a1fd-eb122846b583,
Billed Duration for Request e9b5f435-a36a-4b37-a1fd-eb122846b583: 177 ms
Input: 1000000,
Cold Start: true
Unique ID: 66fe2d2a-2dc4-491b-b757-c1ce8121fb14,
Billed Duration for Request 66fe2d2a-2dc4-491b-b757-c1ce8121fb14: 92 ms
Input: 1000000,
Cold Start: false
Unique ID: 4f87f744-2e36-4533-a626-9c0ba16421a7,
Billed Duration for Request 4f87f744-2e36-4533-a626-9c0ba16421a7: 91 ms
Input: 1000000,
Cold Start: false
Unique ID: b8021b57-7724-4417-b1c7-d7d3a4ef5701,
Billed Duration for Request b8021b57-7724-4417-b1c7-d7d3a4ef5701: 95 ms
Input: 1000000,
Cold Start: false
Unique ID: 2dab63cf-3722-495d-b970-50ee5777bd61,
Billed Duration for Request 2dab63cf-3722-495d-b970-50ee5777bd61: 86 ms
Input: 1000000,
Cold Start: false
Unique ID: 83de172c-1c78-4917-8996-27fed47d28aa,
Billed Duration for Request 83de172c-1c78-4917-8996-27fed47d28aa: 101 ms
Input: 1000000,
Cold Start: false
Unique ID: 641dcbea-9b55-4a30-b966-3fa246c69543,
Billed Duration for Request 641dcbea-9b55-4a30-b966-3fa246c69543: 111 ms
Input: 1000000,
Cold Start: false
Unique ID: 8d45282d-cc4c-41d0-844b-ebdaf5cb44af,
Billed Duration for Request 8d45282d-cc4c-41d0-844b-ebdaf5cb44af: 104 ms
Input: 1000000,
Cold Start: false
Unique ID: b26cb0b0-90f5-4487-9f7a-22cd662b77db,
Billed Duration for Request b26cb0b0-90f5-4487-9f7a-22cd662b77db: 184 ms
Input: 1000000,
Cold Start: false
Unique ID: d6a16ac0-646a-4cdd-8594-9d65d75da0a8,
Billed Duration for Request d6a16ac0-646a-4cdd-8594-9d65d75da0a8: 118 ms
Input: 1000000,
Cold Start: false
Unique ID: 3de7825f-1d52-4e43-8ae5-31a008d4b8ec,
Billed Duration for Request 3de7825f-1d52-4e43-8ae5-31a008d4b8ec: 103 ms
Input: 1000000,
Cold Start: false
Unique ID: cebc6c21-9e02-4309-a9a8-7a9c0eedbf9a,
Billed Duration for Request cebc6c21-9e02-4309-a9a8-7a9c0eedbf9a: 110 ms
Input: 1000000,
Cold Start: false
Unique ID: 496d38ac-ddb2-4e8c-af71-110283b14f18,
Billed Duration for Request 496d38ac-ddb2-4e8c-af71-110283b14f18: 71 ms
Input: 1000000,
Cold Start: false
Unique ID: 48543efa-5452-47b8-a97e-a748e2d01e95,
Billed Duration for Request 48543efa-5452-47b8-a97e-a748e2d01e95: 120 ms
Input: 1000000,
Cold Start: false
Unique ID: b77d461d-3608-4086-93cf-f3fa1260040e,
Billed Duration for Request b77d461d-3608-4086-93cf-f3fa1260040e: 66 ms
Input: 1000000,
Cold Start: false
Unique ID: 32e733a8-c7f1-4e0e-ac6c-06d6f07e2abe,
Billed Duration for Request 32e733a8-c7f1-4e0e-ac6c-06d6f07e2abe: 103 ms
Input: 1000000,
Cold Start: false
Unique ID: fe622de7-fefe-461b-9f7b-a4d01fbda9d1,
Billed Duration for Request fe622de7-fefe-461b-9f7b-a4d01fbda9d1: 91 ms
Input: 1000000,
Cold Start: false
Unique ID: 5c4161cb-1c3c-47be-9d36-b6eccde64293,
Billed Duration for Request 5c4161cb-1c3c-47be-9d36-b6eccde64293: 97 ms
Input: 1000000,
Cold Start: false
Unique ID: f7c4866d-4257-4865-bfbe-28cc21458961,
Billed Duration for Request f7c4866d-4257-4865-bfbe-28cc21458961: 119 ms
Input: 1000000,
Cold Start: false
Unique ID: fa4bd68a-044e-4265-bbef-e5351cfe4767,
Billed Duration for Request fa4bd68a-044e-4265-bbef-e5351cfe4767: 88 ms
Input: 1000000,
Cold Start: false
Unique ID: 86a5fde6-4ac2-4002-84e1-1199be3cdbac,
Billed Duration for Request 86a5fde6-4ac2-4002-84e1-1199be3cdbac: 132 ms
Input: 1000000,
Cold Start: false
Unique ID: 85e68e84-4038-43ea-b7a5-c01d28cd19a2,
Billed Duration for Request 85e68e84-4038-43ea-b7a5-c01d28cd19a2: 104 ms
Input: 1000000,
Cold Start: false
Unique ID: 1a5ef183-b97f-4fa3-b8f0-09fe00ec3860,
Billed Duration for Request 1a5ef183-b97f-4fa3-b8f0-09fe00ec3860: 62 ms
Input: 1000000,
Cold Start: false
Unique ID: 9c2776a4-e4a8-4089-9f9e-3ee867a1322b,
Billed Duration for Request 9c2776a4-e4a8-4089-9f9e-3ee867a1322b: 74 ms
Input: 1000000,
Cold Start: false
Unique ID: 923a8025-dddd-40dd-91a4-49b4e27c1917,
Billed Duration for Request 923a8025-dddd-40dd-91a4-49b4e27c1917: 88 ms
Input: 1000000,
Cold Start: false
Unique ID: 62512151-5fda-4f42-ac4f-3b3241af51e6,
Billed Duration for Request 62512151-5fda-4f42-ac4f-3b3241af51e6: 66 ms
Input: 1000000,
Cold Start: false
Unique ID: e613c7cf-575a-460c-9f67-02de3217f995,
Billed Duration for Request e613c7cf-575a-460c-9f67-02de3217f995: 145 ms
Input: 1000000,
Cold Start: false
Unique ID: ea6a18bb-a9dd-43ab-82d8-4156475c5a2a,
Billed Duration for Request ea6a18bb-a9dd-43ab-82d8-4156475c5a2a: 68 ms
Input: 1000000,
Cold Start: false
Unique ID: 41229f12-8c78-4131-91cf-ca453f4f8cb2,
Billed Duration for Request 41229f12-8c78-4131-91cf-ca453f4f8cb2: 84 ms
Input: 1000000,
Cold Start: false
Unique ID: 5a9899a9-8043-4f74-ae8c-3966437d939c,
Billed Duration for Request 5a9899a9-8043-4f74-ae8c-3966437d939c: 54 ms
Input: 1000000,
Cold Start: false
Unique ID: 593ffbfe-7eec-447a-8e27-2ba9b56c8738,
Billed Duration for Request 593ffbfe-7eec-447a-8e27-2ba9b56c8738: 83 ms
Input: 1000000,
Cold Start: false
Unique ID: 17e786f2-e29f-4e47-b30b-fe563c16a95d,
Billed Duration for Request 17e786f2-e29f-4e47-b30b-fe563c16a95d: 100 ms
Input: 1000000,
Cold Start: false
Unique ID: 8f8a8919-3afd-45ec-aeae-66647cd14fbe,
Billed Duration for Request 8f8a8919-3afd-45ec-aeae-66647cd14fbe: 86 ms
Input: 1000000,
Cold Start: false
Unique ID: b140a909-8a35-480b-81a8-594b9121eb72,
Billed Duration for Request b140a909-8a35-480b-81a8-594b9121eb72: 66 ms
Input: 1000000,
Cold Start: false
Unique ID: 7d0bf04f-956e-4a07-a3b6-028bc3e39eef,
Billed Duration for Request 7d0bf04f-956e-4a07-a3b6-028bc3e39eef: 96 ms
Input: 1000000,
Cold Start: false
Unique ID: e5fabcff-6f05-469d-91d5-48f21bbdcf6c,
Billed Duration for Request e5fabcff-6f05-469d-91d5-48f21bbdcf6c: 85 ms
Input: 1000000,
Cold Start: false
Unique ID: 050fbeda-94e4-4f6e-8da6-94fe897378ed,
Billed Duration for Request 050fbeda-94e4-4f6e-8da6-94fe897378ed: 84 ms
Input: 1000000,
Cold Start: false
Unique ID: a09182b3-b8cc-4c2b-bad6-c72aa32ae5a4,
Billed Duration for Request a09182b3-b8cc-4c2b-bad6-c72aa32ae5a4: 68 ms
Input: 1000000,
Cold Start: false
Unique ID: d35a8796-fe85-4076-b621-61075a35c835,
Billed Duration for Request d35a8796-fe85-4076-b621-61075a35c835: 96 ms
Input: 1000000,
Cold Start: false
Unique ID: 25d02056-bed2-4152-8ed0-6a77dc516c5d,
Billed Duration for Request 25d02056-bed2-4152-8ed0-6a77dc516c5d: 85 ms
Input: 1000000,
Cold Start: false
Unique ID: 0a9e9110-829e-4433-bfbc-6518cba7edc2,
Billed Duration for Request 0a9e9110-829e-4433-bfbc-6518cba7edc2: 85 ms
Input: 1000000,
Cold Start: false
Unique ID: 0e2144af-1a43-48f8-a04d-f43b1cf3a34f,
Billed Duration for Request 0e2144af-1a43-48f8-a04d-f43b1cf3a34f: 74 ms
Input: 1000000,
Cold Start: false
Unique ID: caea3d42-2418-4833-9e28-1434b5f195bc,
Billed Duration for Request caea3d42-2418-4833-9e28-1434b5f195bc: 97 ms
Input: 1000000,
Cold Start: false
Unique ID: bb469454-316d-4258-a979-134eeb3ed10e,
Billed Duration for Request bb469454-316d-4258-a979-134eeb3ed10e: 72 ms
Input: 1000000,
Cold Start: false
Unique ID: 8b3f6c0a-dbbe-4e2e-83fa-34a258b63223,
Billed Duration for Request 8b3f6c0a-dbbe-4e2e-83fa-34a258b63223: 86 ms
Input: 1000000,
Cold Start: false
Unique ID: 3e37872d-aa7b-4e4b-8b51-57bb58313e75,
Billed Duration for Request 3e37872d-aa7b-4e4b-8b51-57bb58313e75: 53 ms
Input: 1000000,
Cold Start: false
Unique ID: 96a0eb29-83bc-4ca9-949c-4f481b26af1b,
Billed Duration for Request 96a0eb29-83bc-4ca9-949c-4f481b26af1b: 101 ms
Input: 1000000,
Cold Start: false
Unique ID: bf5cea7f-f016-4326-b455-402a80867ccc,
Billed Duration for Request bf5cea7f-f016-4326-b455-402a80867ccc: 68 ms
Input: 1000000,
Cold Start: false
Unique ID: 08e8efb0-eb00-42a4-a38e-8c0d1c4fd3f6,
Billed Duration for Request 08e8efb0-eb00-42a4-a38e-8c0d1c4fd3f6: 105 ms
Input: 1000000,
Cold Start: false
Unique ID: 249e1791-71a8-4439-8cf4-5a212a51d3a2,
Billed Duration for Request 249e1791-71a8-4439-8cf4-5a212a51d3a2: 107 ms
Input: 1000000,
Cold Start: false
Unique ID: 0e5f59b7-0830-4afb-baf7-1981ce265163,
Billed Duration for Request 0e5f59b7-0830-4afb-baf7-1981ce265163: 91 ms
Input: 1000000,
Cold Start: false
Unique ID: 49e8a9e4-3ec7-42b1-9962-21d32fe19b11,
Billed Duration for Request 49e8a9e4-3ec7-42b1-9962-21d32fe19b11: 57 ms
Input: 1000000,
Cold Start: false
Unique ID: 279daf3e-1c87-4d20-8507-5b39251abb0b,
Billed Duration for Request 279daf3e-1c87-4d20-8507-5b39251abb0b: 97 ms
Input: 1000000,
Cold Start: false
Unique ID: 17d59030-ed88-42cd-a948-302c62f57889,
Billed Duration for Request 17d59030-ed88-42cd-a948-302c62f57889: 90 ms
Input: 1000000,
Cold Start: false
Unique ID: 615333b7-bc76-4b46-baae-8ea0c2ff34e5,
Billed Duration for Request 615333b7-bc76-4b46-baae-8ea0c2ff34e5: 78 ms
Input: 1000000,
Cold Start: false
Unique ID: eae6f723-ac53-462e-8df6-74101f3ec099,
Billed Duration for Request eae6f723-ac53-462e-8df6-74101f3ec099: 77 ms
Input: 1000000,
Cold Start: false
Unique ID: fca93cb9-3488-4a99-9ff2-04dbddced3f2,
Billed Duration for Request fca93cb9-3488-4a99-9ff2-04dbddced3f2: 103 ms
Input: 1000000,
Cold Start: false
Unique ID: 6f038774-b9f1-4258-8537-216e52c8bd43,
Billed Duration for Request 6f038774-b9f1-4258-8537-216e52c8bd43: 96 ms
Input: 1000000,
Cold Start: false
Unique ID: 62ad25d2-4680-419f-92ad-dd68be316146,
Billed Duration for Request 62ad25d2-4680-419f-92ad-dd68be316146: 86 ms
Input: 1000000,
Cold Start: false
Unique ID: df1f3db7-5e8e-4da6-a67d-12f26a801d95,
Billed Duration for Request df1f3db7-5e8e-4da6-a67d-12f26a801d95: 75 ms
Input: 1000000,
Cold Start: false
Unique ID: 29ba6e00-477f-46f4-ac3f-9ed219473a1c,
Billed Duration for Request 29ba6e00-477f-46f4-ac3f-9ed219473a1c: 153 ms
Input: 1000000,
Cold Start: false
Unique ID: 4f305649-86f9-4eec-9ebb-0a08c8c31826,
Billed Duration for Request 4f305649-86f9-4eec-9ebb-0a08c8c31826: 107 ms
Input: 1000000,
Cold Start: false
Unique ID: 926e0c6c-2b67-4d43-97e7-d377f1b917a4,
Billed Duration for Request 926e0c6c-2b67-4d43-97e7-d377f1b917a4: 68 ms
Input: 1000000,
Cold Start: false
Unique ID: 1e5e5829-6f13-4ec7-a9ec-b9316e23a3e1,
Billed Duration for Request 1e5e5829-6f13-4ec7-a9ec-b9316e23a3e1: 71 ms
Input: 1000000,
Cold Start: false
Unique ID: 04aaa3ca-0a19-4bf0-8a1e-7b6194848ba2,
Billed Duration for Request 04aaa3ca-0a19-4bf0-8a1e-7b6194848ba2: 98 ms
Input: 1000000,
Cold Start: false
Unique ID: 7c71ce36-a481-451f-bd8b-28cb206ffc98,
Billed Duration for Request 7c71ce36-a481-451f-bd8b-28cb206ffc98: 88 ms
Input: 1000000,
Cold Start: false
Unique ID: 3c659a05-1e64-492e-8823-fc9527498a4c,
Billed Duration for Request 3c659a05-1e64-492e-8823-fc9527498a4c: 50 ms
Input: 1000000,
Cold Start: false
Unique ID: a5a694f4-ed97-457d-9314-45a84995f073,
Billed Duration for Request a5a694f4-ed97-457d-9314-45a84995f073: 76 ms
Input: 1000000,
Cold Start: false
Unique ID: c69e9ef8-54a1-4ce7-9152-4ee5a8ecd9a3,
Billed Duration for Request c69e9ef8-54a1-4ce7-9152-4ee5a8ecd9a3: 109 ms
Input: 1000000,
Cold Start: false
Unique ID: db80a14b-c59b-47c8-932d-8f46ecfaf3af,
Billed Duration for Request db80a14b-c59b-47c8-932d-8f46ecfaf3af: 84 ms
Input: 1000000,
Cold Start: false
Unique ID: 8d5e21d1-ddc8-4885-821c-93fce6810f35,
Billed Duration for Request 8d5e21d1-ddc8-4885-821c-93fce6810f35: 68 ms
Input: 1000000,
Cold Start: false
Unique ID: 19d82321-288c-4c42-91f5-359791177e71,
Billed Duration for Request 19d82321-288c-4c42-91f5-359791177e71: 72 ms
Input: 1000000,
Cold Start: false
Unique ID: 1d26e383-05bc-4080-9ded-cedc6aec9432,
Billed Duration for Request 1d26e383-05bc-4080-9ded-cedc6aec9432: 114 ms
Input: 1000000,
Cold Start: false
Unique ID: 00798872-951b-4b47-89b3-d25a957b13a8,
Billed Duration for Request 00798872-951b-4b47-89b3-d25a957b13a8: 87 ms
Input: 1000000,
Cold Start: false
Unique ID: 18988c28-b20b-4b8b-bc55-55074e9e2cbf,
Billed Duration for Request 18988c28-b20b-4b8b-bc55-55074e9e2cbf: 86 ms
Input: 1000000,
Cold Start: false
Unique ID: 1f68960d-2b3f-451d-9d4a-15aa0f1d5c2e,
Billed Duration for Request 1f68960d-2b3f-451d-9d4a-15aa0f1d5c2e: 60 ms
Input: 1000000,
Cold Start: false
Unique ID: c3420bec-8961-46b1-8f50-f2115fe9e6a1,
Billed Duration for Request c3420bec-8961-46b1-8f50-f2115fe9e6a1: 158 ms
Input: 1000000,
Cold Start: false
Unique ID: e6e18add-4d50-43ac-a87c-5cf8c54a201a,
Billed Duration for Request e6e18add-4d50-43ac-a87c-5cf8c54a201a: 121 ms
Input: 1000000,
Cold Start: false
Unique ID: edcf9f3d-9bb8-4e5e-b00c-b92aa038d40d,
Billed Duration for Request edcf9f3d-9bb8-4e5e-b00c-b92aa038d40d: 99 ms
Input: 1000000,
Cold Start: false
Unique ID: 8c9e1095-29ed-425f-84c1-993bd0ef3ad7,
Billed Duration for Request 8c9e1095-29ed-425f-84c1-993bd0ef3ad7: 53 ms
Input: 1000000,
Cold Start: false
Unique ID: 951f5d79-741d-47fc-b157-e3cd00a54876,
Billed Duration for Request 951f5d79-741d-47fc-b157-e3cd00a54876: 119 ms
Input: 1000000,
Cold Start: false
Unique ID: 586eddc1-4c0d-416d-95f0-14864cd4bc9f,
Billed Duration for Request 586eddc1-4c0d-416d-95f0-14864cd4bc9f: 72 ms
Input: 1000000,
Cold Start: false
Unique ID: ce852a0f-8eaa-4351-9446-889a565244dc,
Billed Duration for Request ce852a0f-8eaa-4351-9446-889a565244dc: 87 ms
Input: 1000000,
Cold Start: false
Unique ID: 4cd8284c-a434-417f-ae32-ca1289f64f3c,
Billed Duration for Request 4cd8284c-a434-417f-ae32-ca1289f64f3c: 54 ms
Input: 1000000,
Cold Start: false
Unique ID: 3acb20ef-0300-46f6-bf27-d8478fe60d37,
Billed Duration for Request 3acb20ef-0300-46f6-bf27-d8478fe60d37: 102 ms
Input: 1000000,
Cold Start: false
Unique ID: ea591dd4-e374-4a42-a6fb-89ae4ab97396,
Billed Duration for Request ea591dd4-e374-4a42-a6fb-89ae4ab97396: 86 ms
Input: 1000000,
Cold Start: false
Unique ID: bae7491c-e150-4821-8026-af369cc312e1,
Billed Duration for Request bae7491c-e150-4821-8026-af369cc312e1: 154 ms
Input: 1000000,
Cold Start: false
Unique ID: 001c2f6b-c9ea-4365-bec8-6ba600f06f64,
Billed Duration for Request 001c2f6b-c9ea-4365-bec8-6ba600f06f64: 82 ms
Input: 1000000,
Cold Start: false
Unique ID: d1580518-bf29-4bb4-babf-604c3af60b70,
Billed Duration for Request d1580518-bf29-4bb4-babf-604c3af60b70: 58 ms
Input: 1000000,
Cold Start: false
Unique ID: e6ab0f2b-3f5c-4bff-8ac7-66ce9bb1d881,
Billed Duration for Request e6ab0f2b-3f5c-4bff-8ac7-66ce9bb1d881: 71 ms
Input: 1000000,
Cold Start: false
Unique ID: 310d9722-c9a8-498d-876e-b608dc273212,
Billed Duration for Request 310d9722-c9a8-498d-876e-b608dc273212: 97 ms
Input: 1000000,
Cold Start: false
Unique ID: 9c2e459f-7fe8-4e7b-9193-9f0578d433c4,
Billed Duration for Request 9c2e459f-7fe8-4e7b-9193-9f0578d433c4: 122 ms
Input: 1000000,
Cold Start: false
Unique ID: f1514234-eabf-4b4d-93b7-279aab675b5e,
Billed Duration for Request f1514234-eabf-4b4d-93b7-279aab675b5e: 100 ms
Input: 1000000,
Cold Start: false
Unique ID: 205360e6-b665-4aa7-8362-948a8e65166c,
Billed Duration for Request 205360e6-b665-4aa7-8362-948a8e65166c: 69 ms
Input: 1000000,
Cold Start: false
Unique ID: 8793e6f9-eca3-491a-a207-e0600ee96c8b,
Billed Duration for Request 8793e6f9-eca3-491a-a207-e0600ee96c8b: 157 ms
Input: 1000000,
Cold Start: false
Unique ID: 325e2f08-707b-4c37-a9c9-c55fdb4c2bb7,
Billed Duration for Request 325e2f08-707b-4c37-a9c9-c55fdb4c2bb7: 105 ms
Input: 1000000,
Cold Start: false
Unique ID: dc7bb903-4fbf-4919-9719-6292a2da6a20,
Billed Duration for Request dc7bb903-4fbf-4919-9719-6292a2da6a20: 53 ms
Input: 1000000,
Cold Start: false
Unique ID: 27f3dd55-93d8-407b-8897-7713d83cc69e,
Billed Duration for Request 27f3dd55-93d8-407b-8897-7713d83cc69e: 71 ms
Input: 1000000,
Cold Start: false
Unique ID: 216cfd7a-395b-46a3-bfa0-6fe2245f6888,
Billed Duration for Request 216cfd7a-395b-46a3-bfa0-6fe2245f6888: 99 ms
Input: 1000000,
Cold Start: false
Unique ID: 6fedc5ee-0f79-49a4-bcab-284fe563c779,
Billed Duration for Request 6fedc5ee-0f79-49a4-bcab-284fe563c779: 69 ms
Input: 1000000,
Cold Start: false
Unique ID: 4379634a-3347-471a-978c-c0b65fafe595,
Billed Duration for Request 4379634a-3347-471a-978c-c0b65fafe595: 92 ms
Input: 1000000,
Cold Start: false
Unique ID: 430a937b-61f9-4b97-97e3-7d43e6c76a78,
Billed Duration for Request 430a937b-61f9-4b97-97e3-7d43e6c76a78: 67 ms
Input: 1000000,
Cold Start: false
Unique ID: 71740c3e-5db0-4a52-bf82-f7477dce903c,
Billed Duration for Request 71740c3e-5db0-4a52-bf82-f7477dce903c: 121 ms
Input: 1000000,
Cold Start: false
Unique ID: b6aedff7-4ee8-490a-8610-cf061b679326,
Billed Duration for Request b6aedff7-4ee8-490a-8610-cf061b679326: 102 ms
Input: 1000000,
Cold Start: false
Unique ID: a3534876-c8fa-49e9-b704-c29b9564643b,
Billed Duration for Request a3534876-c8fa-49e9-b704-c29b9564643b: 106 ms
Input: 1000000,
Cold Start: false
Unique ID: 12920319-5913-4307-b20f-25c55694370c,
Billed Duration for Request 12920319-5913-4307-b20f-25c55694370c: 53 ms
Input: 1000000,
Cold Start: false
Unique ID: fb920ab4-f822-40aa-b915-4b0d234abf3b,
Billed Duration for Request fb920ab4-f822-40aa-b915-4b0d234abf3b: 160 ms
Input: 1000000,
Cold Start: false
Unique ID: 3513dc9e-75b1-43f5-8106-4504e652c1db,
Billed Duration for Request 3513dc9e-75b1-43f5-8106-4504e652c1db: 87 ms
Input: 1000000,
Cold Start: false
Unique ID: 6b7d661d-fe7a-4183-9d95-51585f0913d1,
Billed Duration for Request 6b7d661d-fe7a-4183-9d95-51585f0913d1: 100 ms
Input: 1000000,
Cold Start: false
Unique ID: 77b81702-4745-4b94-92d6-fd1d6169612b,
Billed Duration for Request 77b81702-4745-4b94-92d6-fd1d6169612b: 72 ms
Input: 1000000,
Cold Start: false
Unique ID: bf14dccc-595b-476d-8fed-d2d1b01c64c4,
Billed Duration for Request bf14dccc-595b-476d-8fed-d2d1b01c64c4: 118 ms
Input: 1000000,
Cold Start: false
Unique ID: 7df3d187-cb3f-46be-8438-86a5ad6b647a,
Billed Duration for Request 7df3d187-cb3f-46be-8438-86a5ad6b647a: 92 ms
Input: 1000000,
Cold Start: false
Unique ID: 2a6db828-4b8b-46bc-8300-1ba3156fd60c,
Billed Duration for Request 2a6db828-4b8b-46bc-8300-1ba3156fd60c: 66 ms
Input: 1000000,
Cold Start: false
Unique ID: cf9ba8dd-82b3-40d1-a04d-a46795f45f66,
Billed Duration for Request cf9ba8dd-82b3-40d1-a04d-a46795f45f66: 109 ms
Input: 1000000,
Cold Start: false
Unique ID: 9410d9c8-21e2-4ae3-b30d-d17f1306ea0c,
Billed Duration for Request 9410d9c8-21e2-4ae3-b30d-d17f1306ea0c: 93 ms
Input: 1000000,
Cold Start: false
Unique ID: b9ae926e-5f15-42c8-9783-034e11850d54,
Billed Duration for Request b9ae926e-5f15-42c8-9783-034e11850d54: 87 ms
Input: 1000000,
Cold Start: false
Unique ID: 23f6e07d-7228-4978-9304-c496654c31fc,
Billed Duration for Request 23f6e07d-7228-4978-9304-c496654c31fc: 62 ms
Input: 1000000,
Cold Start: false
Unique ID: b6efd531-ba18-47b0-917c-05e48f0ec43c,
Billed Duration for Request b6efd531-ba18-47b0-917c-05e48f0ec43c: 62 ms
Input: 1000000,
Cold Start: false
Unique ID: 282310b4-d19e-439a-bb0c-d3043159f40d,
Billed Duration for Request 282310b4-d19e-439a-bb0c-d3043159f40d: 139 ms
Input: 1000000,
Cold Start: false
Unique ID: 5bfbda23-ad80-4bfd-a63e-97a4e41c9503,
Billed Duration for Request 5bfbda23-ad80-4bfd-a63e-97a4e41c9503: 69 ms
Input: 1000000,
Cold Start: false
Unique ID: d199d982-81d4-4864-ad0f-d476099acd44,
Billed Duration for Request d199d982-81d4-4864-ad0f-d476099acd44: 111 ms
Input: 1000000,
Cold Start: false
Unique ID: c09919b9-7c52-41dd-b297-7e18d13cb928,
Billed Duration for Request c09919b9-7c52-41dd-b297-7e18d13cb928: 58 ms
Input: 1000000,
Cold Start: false
Unique ID: 15b817c3-0a15-4a3d-8277-17fd14a69e5a,
Billed Duration for Request 15b817c3-0a15-4a3d-8277-17fd14a69e5a: 122 ms
Input: 1000000,
Cold Start: false
Unique ID: 42254213-2bbc-465d-9de8-07bac6cae157,
Billed Duration for Request 42254213-2bbc-465d-9de8-07bac6cae157: 70 ms
Input: 1000000,
Cold Start: false
Unique ID: 510c7bc9-6f92-419e-b6f1-be0038ad32e7,
Billed Duration for Request 510c7bc9-6f92-419e-b6f1-be0038ad32e7: 65 ms
Input: 1000000,
Cold Start: false
Unique ID: a689c9f8-7992-456e-a052-8c2aac515fb0,
Billed Duration for Request a689c9f8-7992-456e-a052-8c2aac515fb0: 81 ms
Input: 1000000,
Cold Start: false
Unique ID: 0a683df4-09bd-4e17-963e-76ec673a69fe,
Billed Duration for Request 0a683df4-09bd-4e17-963e-76ec673a69fe: 95 ms
Input: 1000000,
Cold Start: false
Unique ID: ae8f12d0-ed5d-404a-bcf5-dbd85cd060b9,
Billed Duration for Request ae8f12d0-ed5d-404a-bcf5-dbd85cd060b9: 90 ms
Input: 1000000,
Cold Start: false
Unique ID: 4fd536a6-1099-40f4-8ed2-0bd0c74edabe,
Billed Duration for Request 4fd536a6-1099-40f4-8ed2-0bd0c74edabe: 119 ms
Input: 1000000,
Cold Start: false
Unique ID: 3e71cab0-3cbf-44d8-a3c7-8aeca82fe60b,
Billed Duration for Request 3e71cab0-3cbf-44d8-a3c7-8aeca82fe60b: 113 ms
Input: 1000000,
Cold Start: false
Unique ID: 0214be22-f51f-45c2-bbf7-f9a70de60331,
Billed Duration for Request 0214be22-f51f-45c2-bbf7-f9a70de60331: 49 ms
Input: 1000000,
Cold Start: false
Unique ID: abb557dc-5be0-4856-bd0e-2c56ca679a13,
Billed Duration for Request abb557dc-5be0-4856-bd0e-2c56ca679a13: 82 ms
Input: 1000000,
Cold Start: false
Unique ID: 010242fb-4dfc-46dd-b76d-5061de63a494,
Billed Duration for Request 010242fb-4dfc-46dd-b76d-5061de63a494: 66 ms
Input: 1000000,
Cold Start: false
Unique ID: 321dcd01-775a-445d-98ad-5d0ae1451c5a,
Billed Duration for Request 321dcd01-775a-445d-98ad-5d0ae1451c5a: 59 ms
Input: 1000000,
Cold Start: false
Unique ID: 52d2394b-2e92-4d0a-b377-93c059e22257,
Billed Duration for Request 52d2394b-2e92-4d0a-b377-93c059e22257: 97 ms
Input: 1000000,
Cold Start: false
Unique ID: 94419cfd-d3b5-4a7f-82b0-34ce363040a3,
Billed Duration for Request 94419cfd-d3b5-4a7f-82b0-34ce363040a3: 89 ms
Input: 1000000,
Cold Start: false
Unique ID: 33dc2c7c-b5ff-4c27-b969-15ad8bf7c5b6,
Billed Duration for Request 33dc2c7c-b5ff-4c27-b969-15ad8bf7c5b6: 62 ms
Input: 1000000,
Cold Start: false
Unique ID: 51fe3251-9204-41b8-ab57-24b8d40289eb,
Billed Duration for Request 51fe3251-9204-41b8-ab57-24b8d40289eb: 74 ms
Input: 1000000,
Cold Start: false
Unique ID: 08fc3427-1642-41b4-b005-79f099075b40,
Billed Duration for Request 08fc3427-1642-41b4-b005-79f099075b40: 97 ms
Input: 1000000,
Cold Start: false
Unique ID: 265303c7-fd15-466b-8b2c-fb2ec6739c1f,
Billed Duration for Request 265303c7-fd15-466b-8b2c-fb2ec6739c1f: 105 ms
Input: 1000000,
Cold Start: false
Unique ID: de02cc73-cb21-4d28-a257-01d2cb68f790,
Billed Duration for Request de02cc73-cb21-4d28-a257-01d2cb68f790: 68 ms
Input: 1000000,
Cold Start: false
Unique ID: 3cc43f21-531c-4e7c-80ff-c7830087107a,
Billed Duration for Request 3cc43f21-531c-4e7c-80ff-c7830087107a: 76 ms
Input: 1000000,
Cold Start: false
Unique ID: e934af09-7401-486c-bb2e-5ef1020caabf,
Billed Duration for Request e934af09-7401-486c-bb2e-5ef1020caabf: 139 ms
Input: 1000000,
Cold Start: false
Unique ID: 034ee61a-ab5e-427b-b3b9-099b08759c62,
Billed Duration for Request 034ee61a-ab5e-427b-b3b9-099b08759c62: 90 ms
Input: 1000000,
Cold Start: false
Unique ID: 610826b7-5fdd-497a-a3fd-a043f26b4931,
Billed Duration for Request 610826b7-5fdd-497a-a3fd-a043f26b4931: 84 ms
Input: 1000000,
Cold Start: false
Unique ID: de2a2073-a387-4e0d-bcdd-2ae4016e517e,
Billed Duration for Request de2a2073-a387-4e0d-bcdd-2ae4016e517e: 54 ms
Input: 1000000,
Cold Start: false
Unique ID: 85a8d32c-52b2-4bd0-8185-288a60f5a136,
Billed Duration for Request 85a8d32c-52b2-4bd0-8185-288a60f5a136: 102 ms
Input: 1000000,
Cold Start: false
Unique ID: e1ae8e3d-45be-41cb-87a6-20295c789212,
Billed Duration for Request e1ae8e3d-45be-41cb-87a6-20295c789212: 67 ms
Input: 1000000,
Cold Start: false
Unique ID: 3463902c-0863-4fd0-a2a7-f3fda03be7af,
Billed Duration for Request 3463902c-0863-4fd0-a2a7-f3fda03be7af: 151 ms
Input: 1000000,
Cold Start: false
Unique ID: e53a1b4d-8918-4c2d-b8bd-f5351d4e8624,
Billed Duration for Request e53a1b4d-8918-4c2d-b8bd-f5351d4e8624: 103 ms
Input: 1000000,
Cold Start: false
Unique ID: a6d18780-744d-49ad-b9ec-79718d6cf1c2,
Billed Duration for Request a6d18780-744d-49ad-b9ec-79718d6cf1c2: 102 ms
Input: 1000000,
Cold Start: false
Unique ID: 090c26e0-f66a-493e-bf49-43dc94b71be6,
Billed Duration for Request 090c26e0-f66a-493e-bf49-43dc94b71be6: 57 ms
Input: 1000000,
Cold Start: false
Unique ID: fd8692c4-c80f-4acc-b466-a98bfbef540b,
Billed Duration for Request fd8692c4-c80f-4acc-b466-a98bfbef540b: 100 ms
Input: 1000000,
Cold Start: false
Unique ID: f411f041-6170-4743-b238-c3b2f1af735d,
Billed Duration for Request f411f041-6170-4743-b238-c3b2f1af735d: 101 ms
Input: 1000000,
Cold Start: false
Unique ID: ed8f16c2-6561-4c46-9109-26e87ee40a4e,
Billed Duration for Request ed8f16c2-6561-4c46-9109-26e87ee40a4e: 53 ms
Input: 1000000,
Cold Start: false
Unique ID: a1b8a65b-8507-4af1-9c9c-909257d3ffa0,
Billed Duration for Request a1b8a65b-8507-4af1-9c9c-909257d3ffa0: 85 ms
Input: 1000000,
Cold Start: false
Unique ID: 5043b7e1-b7db-4de2-b70a-ba41cbfc9da3,
Billed Duration for Request 5043b7e1-b7db-4de2-b70a-ba41cbfc9da3: 108 ms
Input: 1000000,
Cold Start: false
Unique ID: efb6686d-469c-46e1-bab3-b96631e2b76f,
Billed Duration for Request efb6686d-469c-46e1-bab3-b96631e2b76f: 54 ms
Input: 1000000,
Cold Start: false
Unique ID: a5cd3804-6a07-4ced-b7bc-c1b4e1e69675,
Billed Duration for Request a5cd3804-6a07-4ced-b7bc-c1b4e1e69675: 77 ms
Input: 1000000,
Cold Start: false
Unique ID: 7ed50aec-a3c9-4690-a068-f65263d2f7f1,
Billed Duration for Request 7ed50aec-a3c9-4690-a068-f65263d2f7f1: 64 ms
Input: 1000000,
Cold Start: false
Unique ID: 659e475f-99f5-4597-96e7-7527425d1f51,
Billed Duration for Request 659e475f-99f5-4597-96e7-7527425d1f51: 114 ms
Input: 1000000,
Cold Start: false
Unique ID: 723004c1-e860-4c4c-bfcb-2627a297b248,
Billed Duration for Request 723004c1-e860-4c4c-bfcb-2627a297b248: 121 ms
Input: 1000000,
Cold Start: false
Unique ID: 641aa4f2-a546-4a81-bcbf-0402e97715f9,
Billed Duration for Request 641aa4f2-a546-4a81-bcbf-0402e97715f9: 122 ms
Input: 1000000,
Cold Start: false
Unique ID: f84b7dfb-b06c-4a36-8a41-d39b371596ef,
Billed Duration for Request f84b7dfb-b06c-4a36-8a41-d39b371596ef: 53 ms
Input: 1000000,
Cold Start: false
Unique ID: ba57ec8d-0b82-4597-9047-3fe68728be2f,
Billed Duration for Request ba57ec8d-0b82-4597-9047-3fe68728be2f: 96 ms
Input: 1000000,
Cold Start: false
Unique ID: ecc27ffc-e1a7-451e-b7f3-d6d20a9e8e77,
Billed Duration for Request ecc27ffc-e1a7-451e-b7f3-d6d20a9e8e77: 104 ms
Input: 1000000,
Cold Start: false
Unique ID: 6f9ed4d5-4f18-4695-ab3d-d60465656473,
Billed Duration for Request 6f9ed4d5-4f18-4695-ab3d-d60465656473: 82 ms
Input: 1000000,
Cold Start: false
Unique ID: 30f89298-dd6a-43ca-a0e3-0185beb2488f,
Billed Duration for Request 30f89298-dd6a-43ca-a0e3-0185beb2488f: 73 ms
Input: 1000000,
Cold Start: false
Unique ID: 97c67733-6679-4c6d-a365-5d20ce338492,
Billed Duration for Request 97c67733-6679-4c6d-a365-5d20ce338492: 84 ms
Input: 1000000,
Cold Start: false
Unique ID: 5bd098c6-b537-44e7-95ee-b20238a9ab6b,
Billed Duration for Request 5bd098c6-b537-44e7-95ee-b20238a9ab6b: 100 ms
Input: 1000000,
Cold Start: false
Unique ID: dca382aa-de88-4a5a-a58e-aacf886f5f51,
Billed Duration for Request dca382aa-de88-4a5a-a58e-aacf886f5f51: 85 ms
Input: 1000000,
Cold Start: false
Unique ID: db52775e-0d67-432b-9efc-ccf80bd38810,
Billed Duration for Request db52775e-0d67-432b-9efc-ccf80bd38810: 55 ms
Input: 1000000,
Cold Start: false
Unique ID: c3021f1f-23cc-45be-91e2-7630832501c7,
Billed Duration for Request c3021f1f-23cc-45be-91e2-7630832501c7: 116 ms
Input: 1000000,
Cold Start: false
Unique ID: c400a784-9f8f-4fa0-bfb7-98e17a3e6f47,
Billed Duration for Request c400a784-9f8f-4fa0-bfb7-98e17a3e6f47: 108 ms
Input: 1000000,
Cold Start: false
Unique ID: ae0ac7dc-144d-4387-b11d-82d69b7b1108,
Billed Duration for Request ae0ac7dc-144d-4387-b11d-82d69b7b1108: 68 ms
Input: 1000000,
Cold Start: false
Unique ID: a72937d7-9e4f-4789-b540-56d66f62e1b0,
Billed Duration for Request a72937d7-9e4f-4789-b540-56d66f62e1b0: 84 ms
Input: 1000000,
Cold Start: false
Unique ID: d1fed414-16fc-48a2-8034-8422c190b28e,
Billed Duration for Request d1fed414-16fc-48a2-8034-8422c190b28e: 98 ms
Input: 1000000,
Cold Start: false
Unique ID: eede2af0-9125-4c46-8eeb-84f6f1c713a2,
Billed Duration for Request eede2af0-9125-4c46-8eeb-84f6f1c713a2: 93 ms
Input: 1000000,
Cold Start: false
Unique ID: 4acfa158-46be-4c18-8647-a0ae6ef33dc3,
Billed Duration for Request 4acfa158-46be-4c18-8647-a0ae6ef33dc3: 71 ms
Input: 1000000,
Cold Start: false
Unique ID: f4c86755-0c86-439c-9aea-418657f961b7,
Billed Duration for Request f4c86755-0c86-439c-9aea-418657f961b7: 107 ms
Input: 1000000,
Cold Start: false
Unique ID: 78c4042c-98f0-42ec-b815-2c5d550288c8,
Billed Duration for Request 78c4042c-98f0-42ec-b815-2c5d550288c8: 156 ms
Input: 1000000,
Cold Start: false
Unique ID: 017fe5ef-7447-4ae8-a1e0-93332360779d,
Billed Duration for Request 017fe5ef-7447-4ae8-a1e0-93332360779d: 83 ms
Input: 1000000,
Cold Start: false
Unique ID: 78837333-4e45-416c-93c8-d91f984bd9f6,
Billed Duration for Request 78837333-4e45-416c-93c8-d91f984bd9f6: 67 ms
Input: 1000000,
Cold Start: false
Unique ID: 86d794b6-2973-4c35-9123-e0029cf73d2c,
Billed Duration for Request 86d794b6-2973-4c35-9123-e0029cf73d2c: 92 ms
Input: 1000000,
Cold Start: false
Unique ID: 3cc8ed3e-d247-4a53-814c-a8cc8466f1cc,
Billed Duration for Request 3cc8ed3e-d247-4a53-814c-a8cc8466f1cc: 116 ms
Input: 1000000,
Cold Start: false
Unique ID: 916121a9-ea24-4a08-a89e-df07b92ba7cb,
Billed Duration for Request 916121a9-ea24-4a08-a89e-df07b92ba7cb: 103 ms
Input: 1000000,
Cold Start: false
Unique ID: 1b66e3f0-5e06-49b8-8cbb-b5db799fa610,
Billed Duration for Request 1b66e3f0-5e06-49b8-8cbb-b5db799fa610: 53 ms
Input: 1000000,
Cold Start: false
Unique ID: d99fa0cf-6d66-4415-9419-3435668e04e3,
Billed Duration for Request d99fa0cf-6d66-4415-9419-3435668e04e3: 85 ms
Input: 1000000,
Cold Start: false
Unique ID: cb57912f-6322-448d-b9a9-acb1d543b6ee,
Billed Duration for Request cb57912f-6322-448d-b9a9-acb1d543b6ee: 73 ms
Input: 1000000,
Cold Start: false
Unique ID: 9bc0ff49-0464-429c-8d43-9074d2b089e4,
Billed Duration for Request 9bc0ff49-0464-429c-8d43-9074d2b089e4: 72 ms
Input: 1000000,
Cold Start: false
Unique ID: b51c28d6-6782-4960-a528-1447377f3714,
Billed Duration for Request b51c28d6-6782-4960-a528-1447377f3714: 92 ms
Input: 1000000,
Cold Start: false
Unique ID: 236219d6-e413-448b-b990-ba8d3acc53e1,
Billed Duration for Request 236219d6-e413-448b-b990-ba8d3acc53e1: 86 ms
Input: 1000000,
Cold Start: false
Unique ID: 2c644be3-a781-47c1-ac82-dcee048888b3,
Billed Duration for Request 2c644be3-a781-47c1-ac82-dcee048888b3: 114 ms
Input: 1000000,
Cold Start: false
Unique ID: 9c2b88a8-26d1-4ae0-b051-1c03364494d7,
Billed Duration for Request 9c2b88a8-26d1-4ae0-b051-1c03364494d7: 55 ms
Input: 1000000,
Cold Start: false
Unique ID: b25fe089-a330-42d8-be9a-d1528eed5f81,
Billed Duration for Request b25fe089-a330-42d8-be9a-d1528eed5f81: 138 ms
Input: 1000000,
Cold Start: false
Unique ID: cc88d703-cfb0-40c7-a7c3-377e6b80501c,
Billed Duration for Request cc88d703-cfb0-40c7-a7c3-377e6b80501c: 101 ms
Input: 1000000,
Cold Start: false
Unique ID: b4ca4e93-d370-4854-bb19-228d0407a101,
Billed Duration for Request b4ca4e93-d370-4854-bb19-228d0407a101: 89 ms
Input: 1000000,
Cold Start: false
Unique ID: 15c040ba-8104-4b1e-b645-3c822be76cf1,
Billed Duration for Request 15c040ba-8104-4b1e-b645-3c822be76cf1: 68 ms
Input: 1000000,
Cold Start: false
Unique ID: 173f2302-a27e-40cf-9876-c4ebc8f75711,
Billed Duration for Request 173f2302-a27e-40cf-9876-c4ebc8f75711: 97 ms
Input: 1000000,
Cold Start: false
Unique ID: 451af39b-5c00-4372-a702-d8522f34ee8a,
Billed Duration for Request 451af39b-5c00-4372-a702-d8522f34ee8a: 73 ms
Input: 1000000,
Cold Start: false
Unique ID: 5a82345a-3db5-4f34-84bd-3df0d3f72c34,
Billed Duration for Request 5a82345a-3db5-4f34-84bd-3df0d3f72c34: 136 ms
Input: 1000000,
Cold Start: false
Unique ID: 81f9a19a-6a72-4448-be96-62b96d4638e2,
Billed Duration for Request 81f9a19a-6a72-4448-be96-62b96d4638e2: 86 ms
Input: 1000000,
Cold Start: false
Unique ID: aa679e3b-882c-4019-ab65-2a8c487d3722,
Billed Duration for Request aa679e3b-882c-4019-ab65-2a8c487d3722: 54 ms
Input: 1000000,
Cold Start: false
Unique ID: 404adac2-5d6b-4772-af97-025154cf1b81,
Billed Duration for Request 404adac2-5d6b-4772-af97-025154cf1b81: 73 ms
Input: 1000000,
Cold Start: false
Unique ID: 4eb5a042-5576-444b-8e42-ef992d092075,
Billed Duration for Request 4eb5a042-5576-444b-8e42-ef992d092075: 95 ms
Input: 1000000,
Cold Start: false
Unique ID: c5623849-e6d9-45ed-8016-30a14a4806bb,
Billed Duration for Request c5623849-e6d9-45ed-8016-30a14a4806bb: 68 ms
Input: 1000000,
Cold Start: false
Unique ID: 68a2da1e-c756-4e33-8511-c93e1e24d118,
Billed Duration for Request 68a2da1e-c756-4e33-8511-c93e1e24d118: 147 ms
Input: 1000000,
Cold Start: false
Unique ID: 430a6408-0fd6-4deb-b9cb-8166c49c1ed0,
Billed Duration for Request 430a6408-0fd6-4deb-b9cb-8166c49c1ed0: 93 ms
Input: 1000000,
Cold Start: false
Unique ID: d2d0447e-63ba-4801-93e8-6080c0ad0deb,
Billed Duration for Request d2d0447e-63ba-4801-93e8-6080c0ad0deb: 72 ms
Input: 1000000,
Cold Start: false
Unique ID: 7aeeb527-fe0f-4db9-9012-d2d0c1d29ae1,
Billed Duration for Request 7aeeb527-fe0f-4db9-9012-d2d0c1d29ae1: 79 ms
Input: 1000000,
Cold Start: false
Unique ID: 7bc0013b-813b-40d7-be08-06d284168b94,
Billed Duration for Request 7bc0013b-813b-40d7-be08-06d284168b94: 138 ms
Input: 1000000,
Cold Start: false
Unique ID: 836f377e-6bb2-4552-9b8d-4a353db4308f,
Billed Duration for Request 836f377e-6bb2-4552-9b8d-4a353db4308f: 85 ms
Input: 1000000,
Cold Start: false
Unique ID: bff8d7e7-24fa-4a79-a38b-c26090d3e72f,
Billed Duration for Request bff8d7e7-24fa-4a79-a38b-c26090d3e72f: 94 ms
Input: 1000000,
Cold Start: false
Unique ID: 0f6df5c6-35ec-42a2-b947-0ebaa6a067b5,
Billed Duration for Request 0f6df5c6-35ec-42a2-b947-0ebaa6a067b5: 55 ms
Input: 1000000,
Cold Start: false
Unique ID: a1a46afc-0d12-4228-a63b-6c6706ff606c,
Billed Duration for Request a1a46afc-0d12-4228-a63b-6c6706ff606c: 137 ms
Input: 1000000,
Cold Start: false
Unique ID: 85791eb3-d03d-4670-868a-2556e1b31d56,
Billed Duration for Request 85791eb3-d03d-4670-868a-2556e1b31d56: 84 ms
Input: 1000000,
Cold Start: false
Unique ID: 618d734c-1727-4865-b961-9d23b0f40997,
Billed Duration for Request 618d734c-1727-4865-b961-9d23b0f40997: 84 ms
Input: 1000000,
Cold Start: false
Unique ID: fda3ee57-518c-4bf5-8c53-8fac9063759b,
Billed Duration for Request fda3ee57-518c-4bf5-8c53-8fac9063759b: 81 ms
Input: 1000000,
Cold Start: false
Unique ID: f4a27623-d733-4a9f-a399-93698da53f52,
Billed Duration for Request f4a27623-d733-4a9f-a399-93698da53f52: 107 ms
Input: 1000000,
Cold Start: false
Unique ID: 6a72c10d-2746-49fd-bb9d-425c479c7f52,
Billed Duration for Request 6a72c10d-2746-49fd-bb9d-425c479c7f52: 65 ms
Input: 1000000,
Cold Start: false
Unique ID: a506ae2a-e9c7-4249-b86b-ca33d3883444,
Billed Duration for Request a506ae2a-e9c7-4249-b86b-ca33d3883444: 82 ms
Input: 1000000,
Cold Start: false
Unique ID: b0ff4d4f-688b-4be7-81d6-4d145932a3ca,
Billed Duration for Request b0ff4d4f-688b-4be7-81d6-4d145932a3ca: 110 ms
Input: 1000000,
Cold Start: false
Unique ID: 89f38401-a6e7-497a-8131-cb841b897292,
Billed Duration for Request 89f38401-a6e7-497a-8131-cb841b897292: 150 ms
Input: 1000000,
Cold Start: false
Unique ID: 1216d26a-29cd-4584-86c1-10245f3c2ce2,
Billed Duration for Request 1216d26a-29cd-4584-86c1-10245f3c2ce2: 84 ms
Input: 1000000,
Cold Start: false
Unique ID: 99566d28-e67b-44fb-af8b-cda56dcbaf4e,
Billed Duration for Request 99566d28-e67b-44fb-af8b-cda56dcbaf4e: 82 ms
Input: 1000000,
Cold Start: false
Unique ID: 3dbdbf27-8558-4555-94c4-8bbbffdaf436,
Billed Duration for Request 3dbdbf27-8558-4555-94c4-8bbbffdaf436: 73 ms
Input: 1000000,
Cold Start: false
Unique ID: 0ba85035-3391-4215-80bf-c678e44514bb,
Billed Duration for Request 0ba85035-3391-4215-80bf-c678e44514bb: 115 ms
Input: 1000000,
Cold Start: false
Unique ID: 05485bca-7d91-4607-b560-ee25f4eb5884,
Billed Duration for Request 05485bca-7d91-4607-b560-ee25f4eb5884: 88 ms
Input: 1000000,
Cold Start: false
Unique ID: c9fcd7b8-c2aa-49c2-93f6-4f2d9bdb2e9b,
Billed Duration for Request c9fcd7b8-c2aa-49c2-93f6-4f2d9bdb2e9b: 68 ms
Input: 1000000,
Cold Start: false
Unique ID: 81a0aee6-180f-45ed-8fd5-c3a52532578e,
Billed Duration for Request 81a0aee6-180f-45ed-8fd5-c3a52532578e: 86 ms
Input: 1000000,
Cold Start: false
Unique ID: 250dd443-1325-4212-acc4-de9d6f871043,
Billed Duration for Request 250dd443-1325-4212-acc4-de9d6f871043: 114 ms
Input: 1000000,
Cold Start: false
Unique ID: 4cd8691a-fced-4762-a5ef-ed971db090eb,
Billed Duration for Request 4cd8691a-fced-4762-a5ef-ed971db090eb: 84 ms
Input: 1000000,
Cold Start: false
Unique ID: bd7df677-6b35-4446-a928-7086d6311ff0,
Billed Duration for Request bd7df677-6b35-4446-a928-7086d6311ff0: 69 ms
Input: 1000000,
Cold Start: false
Unique ID: 196b8fba-0ce8-4897-b982-816b96acd706,
Billed Duration for Request 196b8fba-0ce8-4897-b982-816b96acd706: 94 ms
Input: 1000000,
Cold Start: false
Unique ID: 5dbbf45f-19d8-4021-96ae-42dfb2290128,
Billed Duration for Request 5dbbf45f-19d8-4021-96ae-42dfb2290128: 107 ms
Input: 1000000,
Cold Start: false
Unique ID: 8bb7f5ee-9b0f-4d7c-9be8-6fe309439f5d,
Billed Duration for Request 8bb7f5ee-9b0f-4d7c-9be8-6fe309439f5d: 84 ms
Input: 1000000,
Cold Start: false
Unique ID: 1d04dd49-457c-44eb-aa8e-f346f8c378bb,
Billed Duration for Request 1d04dd49-457c-44eb-aa8e-f346f8c378bb: 69 ms
Input: 1000000,
Cold Start: false
Unique ID: e3a0c623-5c59-466d-94b2-76ae6819bafe,
Billed Duration for Request e3a0c623-5c59-466d-94b2-76ae6819bafe: 88 ms
Input: 1000000,
Cold Start: false
Unique ID: 8c5ae5f1-0599-4aa7-af7c-db6ee82e0b1e,
Billed Duration for Request 8c5ae5f1-0599-4aa7-af7c-db6ee82e0b1e: 92 ms
Input: 1000000,
Cold Start: false
Unique ID: b7d8a15c-781a-43c1-afbc-1cf17ac51f26,
Billed Duration for Request b7d8a15c-781a-43c1-afbc-1cf17ac51f26: 120 ms
Input: 1000000,
Cold Start: false
Unique ID: c309b945-97f7-443c-937c-b42736c45840,
Billed Duration for Request c309b945-97f7-443c-937c-b42736c45840: 65 ms
Input: 1000000,
Cold Start: false
Unique ID: 440dce7d-a57c-43ae-a875-e9e76e9dc977,
Billed Duration for Request 440dce7d-a57c-43ae-a875-e9e76e9dc977: 90 ms
Input: 1000000,
Cold Start: false
Unique ID: aa9afc26-2a21-4051-abc7-873fea27c9aa,
Billed Duration for Request aa9afc26-2a21-4051-abc7-873fea27c9aa: 115 ms
Input: 1000000,
Cold Start: false
Unique ID: e2183893-d5c6-44f9-b1b9-9778d3856bc8,
Billed Duration for Request e2183893-d5c6-44f9-b1b9-9778d3856bc8: 54 ms
Input: 1000000,
Cold Start: false
Unique ID: c1ebab83-c713-4326-96c7-cd5db8216c19,
Billed Duration for Request c1ebab83-c713-4326-96c7-cd5db8216c19: 101 ms
Input: 1000000,
Cold Start: false
Unique ID: 759c83e8-ad83-4cc5-adb0-38ca0253fcb2,
Billed Duration for Request 759c83e8-ad83-4cc5-adb0-38ca0253fcb2: 88 ms
Input: 1000000,
Cold Start: false
Unique ID: d0ce8d79-c253-4f86-9e4a-a97d8af577c6,
Billed Duration for Request d0ce8d79-c253-4f86-9e4a-a97d8af577c6: 103 ms
Input: 1000000,
Cold Start: false
Unique ID: 73e28ff2-1be6-4b84-b637-db6c25729c84,
Billed Duration for Request 73e28ff2-1be6-4b84-b637-db6c25729c84: 49 ms
Input: 1000000,
Cold Start: false
Unique ID: f7a89325-9899-4962-8f03-d110548f7873,
Billed Duration for Request f7a89325-9899-4962-8f03-d110548f7873: 96 ms
Input: 1000000,
Cold Start: false
Unique ID: f56df192-379b-4771-a9aa-82a4e1a1e73b,
Billed Duration for Request f56df192-379b-4771-a9aa-82a4e1a1e73b: 53 ms
Input: 1000000,
Cold Start: false
Unique ID: ecc010e7-5ddf-4673-8675-b87cca069635,
Billed Duration for Request ecc010e7-5ddf-4673-8675-b87cca069635: 99 ms
Input: 1000000,
Cold Start: false
Unique ID: 810d5f9a-d1a2-401b-a776-b0f208215c24,
Billed Duration for Request 810d5f9a-d1a2-401b-a776-b0f208215c24: 88 ms
Input: 1000000,
Cold Start: false
Unique ID: 61aaa7cd-9ce0-40ac-9379-f7efc7fb45e3,
Billed Duration for Request 61aaa7cd-9ce0-40ac-9379-f7efc7fb45e3: 66 ms
Input: 1000000,
Cold Start: false
Unique ID: beedcd8e-be29-46d7-96e8-2ef08359a050,
Billed Duration for Request beedcd8e-be29-46d7-96e8-2ef08359a050: 77 ms
Input: 1000000,
Cold Start: false
Unique ID: 0b1b4bd5-8e46-410b-8eb2-47151ad34237,
Billed Duration for Request 0b1b4bd5-8e46-410b-8eb2-47151ad34237: 141 ms
Input: 1000000,
Cold Start: false
Unique ID: 03faa7b9-159a-4f04-afd8-b12c0a17e06b,
Billed Duration for Request 03faa7b9-159a-4f04-afd8-b12c0a17e06b: 107 ms
Input: 1000000,
Cold Start: false
Unique ID: abf3d92e-7dce-406f-b22f-848b206d918e,
Billed Duration for Request abf3d92e-7dce-406f-b22f-848b206d918e: 88 ms
Input: 1000000,
Cold Start: false
Unique ID: be46af32-473d-4881-b7cf-acba6e5146cf,
Billed Duration for Request be46af32-473d-4881-b7cf-acba6e5146cf: 58 ms
Input: 1000000,
Cold Start: false
Unique ID: d3960689-1fef-432f-84ad-1974cd0c5f48,
Billed Duration for Request d3960689-1fef-432f-84ad-1974cd0c5f48: 78 ms
Input: 1000000,
Cold Start: false
Unique ID: 84a61099-226d-4241-ae0e-162f8c73dd73,
Billed Duration for Request 84a61099-226d-4241-ae0e-162f8c73dd73: 137 ms
Input: 1000000,
Cold Start: false
Unique ID: 31462375-a860-4306-8f7c-10151df166c6,
Billed Duration for Request 31462375-a860-4306-8f7c-10151df166c6: 87 ms
Input: 1000000,
Cold Start: false
Unique ID: 787ed98d-4751-485b-8bc6-159ac9b617eb,
Billed Duration for Request 787ed98d-4751-485b-8bc6-159ac9b617eb: 52 ms
Input: 1000000,
Cold Start: false
Unique ID: 00dd702c-c297-4c7c-b001-8dc378dd4c1f,
Billed Duration for Request 00dd702c-c297-4c7c-b001-8dc378dd4c1f: 104 ms
Input: 1000000,
Cold Start: false
Unique ID: 57bd3884-6cee-4501-8e7c-27dd78172898,
Billed Duration for Request 57bd3884-6cee-4501-8e7c-27dd78172898: 122 ms
Input: 1000000,
Cold Start: false
Unique ID: 190067c8-0a4f-4fa4-87a3-0427c185cfc1,
Billed Duration for Request 190067c8-0a4f-4fa4-87a3-0427c185cfc1: 50 ms
Input: 1000000,
Cold Start: false
Unique ID: 16c87e91-a12e-4538-9ea9-3300aa7e5bc2,
Billed Duration for Request 16c87e91-a12e-4538-9ea9-3300aa7e5bc2: 101 ms
Input: 1000000,
Cold Start: false
Unique ID: 293f562d-7a00-483a-b008-de3ded064c65,
Billed Duration for Request 293f562d-7a00-483a-b008-de3ded064c65: 106 ms
Input: 1000000,
Cold Start: false
Unique ID: c02b75c1-215f-412e-9a2c-fa0d5b90e23b,
Billed Duration for Request c02b75c1-215f-412e-9a2c-fa0d5b90e23b: 87 ms
Input: 1000000,
Cold Start: false
Unique ID: d89bbdb0-1ac7-4374-b1d3-17695c7a806d,
Billed Duration for Request d89bbdb0-1ac7-4374-b1d3-17695c7a806d: 105 ms
Input: 1000000,
Cold Start: false
Unique ID: 028a5353-b59b-4051-8b55-f707561048cf,
Billed Duration for Request 028a5353-b59b-4051-8b55-f707561048cf: 98 ms
Input: 1000000,
Cold Start: false
Unique ID: 752a0725-4fe5-46bb-a2bd-c8c4da0a1e69,
Billed Duration for Request 752a0725-4fe5-46bb-a2bd-c8c4da0a1e69: 68 ms
Input: 1000000,
Cold Start: false
Unique ID: 5371b69e-edf4-4803-9338-66192c163a2a,
Billed Duration for Request 5371b69e-edf4-4803-9338-66192c163a2a: 73 ms
Input: 1000000,
Cold Start: false
Unique ID: 1b73e946-fd2f-436a-8292-0fa3be0e0cbc,
Billed Duration for Request 1b73e946-fd2f-436a-8292-0fa3be0e0cbc: 94 ms
Input: 1000000,
Cold Start: false
Unique ID: 2b819a62-6a63-47c0-87f0-c1428f7d3292,
Billed Duration for Request 2b819a62-6a63-47c0-87f0-c1428f7d3292: 84 ms
Input: 1000000,
Cold Start: false
Unique ID: 610cde23-ff60-41da-9eb6-384fae5aaca1,
Billed Duration for Request 610cde23-ff60-41da-9eb6-384fae5aaca1: 72 ms
Input: 1000000,
Cold Start: false
Unique ID: b70948fa-0f39-4eb6-b322-f897f717fecc,
Billed Duration for Request b70948fa-0f39-4eb6-b322-f897f717fecc: 98 ms
Input: 1000000,
Cold Start: false
Unique ID: 97329ebb-7b1b-445d-a608-45361cc31855,
Billed Duration for Request 97329ebb-7b1b-445d-a608-45361cc31855: 157 ms
Input: 1000000,
Cold Start: false
Unique ID: 81c2b487-d745-4b3a-95c8-afc61a581cfc,
Billed Duration for Request 81c2b487-d745-4b3a-95c8-afc61a581cfc: 75 ms
Input: 1000000,
Cold Start: false
Unique ID: 9b247085-d3f8-4342-9fcf-031d00c9392d,
Billed Duration for Request 9b247085-d3f8-4342-9fcf-031d00c9392d: 56 ms
Input: 1000000,
Cold Start: false
Unique ID: ff3b5d0a-cb53-45c9-b086-9de2e5a143b9,
Billed Duration for Request ff3b5d0a-cb53-45c9-b086-9de2e5a143b9: 73 ms
Input: 1000000,
Cold Start: false
Unique ID: 9321eee5-1c3f-4b1f-8a15-d68bf8c57ed8,
Billed Duration for Request 9321eee5-1c3f-4b1f-8a15-d68bf8c57ed8: 99 ms
Input: 1000000,
Cold Start: false
Unique ID: 5e40bb6b-7384-4d01-bebc-f587a3f41a07,
Billed Duration for Request 5e40bb6b-7384-4d01-bebc-f587a3f41a07: 110 ms
Input: 1000000,
Cold Start: false
Unique ID: 2a72017d-6984-421e-bc2d-d7f62a70c0f8,
Billed Duration for Request 2a72017d-6984-421e-bc2d-d7f62a70c0f8: 73 ms
Input: 1000000,
Cold Start: false
Unique ID: f72e91ad-8d96-4518-adba-a8f3d9f51af8,
Billed Duration for Request f72e91ad-8d96-4518-adba-a8f3d9f51af8: 103 ms
Input: 1000000,
Cold Start: false
Unique ID: 33266fc7-e43a-4866-8604-621a7ed2b8b2,
Billed Duration for Request 33266fc7-e43a-4866-8604-621a7ed2b8b2: 85 ms
Input: 1000000,
Cold Start: false
Unique ID: b394626c-bdd8-4962-9365-2d97ca265094,
Billed Duration for Request b394626c-bdd8-4962-9365-2d97ca265094: 72 ms
Input: 1000000,
Cold Start: false
Unique ID: e3c58bd9-806b-4023-a738-82f921fb9901,
Billed Duration for Request e3c58bd9-806b-4023-a738-82f921fb9901: 155 ms
Input: 1000000,
Cold Start: false
Unique ID: 8fde72dd-a16b-428a-b14e-a9218c6aa24e,
Billed Duration for Request 8fde72dd-a16b-428a-b14e-a9218c6aa24e: 102 ms
Input: 1000000,
Cold Start: false
Unique ID: a87a853d-5bf2-461c-9b29-efe3b0371949,
Billed Duration for Request a87a853d-5bf2-461c-9b29-efe3b0371949: 97 ms
Input: 1000000,
Cold Start: false
Unique ID: 0e298069-ef11-45b0-98cc-53d73161d9fd,
Billed Duration for Request 0e298069-ef11-45b0-98cc-53d73161d9fd: 57 ms
Input: 1000000,
Cold Start: false
Unique ID: f9370ca9-5cef-41fb-ae2d-d8cbf2dcf5b4,
Billed Duration for Request f9370ca9-5cef-41fb-ae2d-d8cbf2dcf5b4: 96 ms
Input: 1000000,
Cold Start: false
Unique ID: 901ef38c-f5c7-4e12-9a07-0ee6736cd5d0,
Billed Duration for Request 901ef38c-f5c7-4e12-9a07-0ee6736cd5d0: 85 ms
Input: 1000000,
Cold Start: false
Unique ID: 94967509-05a2-4769-ba3b-d8ba7a912087,
Billed Duration for Request 94967509-05a2-4769-ba3b-d8ba7a912087: 70 ms
Input: 1000000,
Cold Start: false
Unique ID: 2966e06b-0524-45dd-915f-0b724c58615a,
Billed Duration for Request 2966e06b-0524-45dd-915f-0b724c58615a: 75 ms
Input: 1000000,
Cold Start: false
Unique ID: 8976624f-a49d-479c-ae90-065807d85fd0,
Billed Duration for Request 8976624f-a49d-479c-ae90-065807d85fd0: 133 ms
Input: 1000000,
Cold Start: false
Unique ID: 36fb107e-fb28-405c-b15c-363c399f2f37,
Billed Duration for Request 36fb107e-fb28-405c-b15c-363c399f2f37: 67 ms
Input: 1000000,
Cold Start: false
Unique ID: 631bf3cf-c043-4f07-a106-6aed60dbf2a6,
Billed Duration for Request 631bf3cf-c043-4f07-a106-6aed60dbf2a6: 71 ms
Input: 1000000,
Cold Start: false
Unique ID: 90cbe5e7-f7fd-49c2-9399-f8e9eaa99211,
Billed Duration for Request 90cbe5e7-f7fd-49c2-9399-f8e9eaa99211: 71 ms
Input: 1000000,
Cold Start: false
Unique ID: 98548d6b-6213-4467-a344-796d328c761a,
Billed Duration for Request 98548d6b-6213-4467-a344-796d328c761a: 155 ms
Input: 1000000,
Cold Start: false
Unique ID: e01fbe79-7445-4b8d-8748-a0a3237e4920,
Billed Duration for Request e01fbe79-7445-4b8d-8748-a0a3237e4920: 90 ms
Input: 1000000,
Cold Start: false
Unique ID: cec4a7f3-68c9-486a-8824-5134813c3044,
Billed Duration for Request cec4a7f3-68c9-486a-8824-5134813c3044: 81 ms
Input: 1000000,
Cold Start: false
Unique ID: 8a1c6f11-1bcc-494b-9839-3c3145d55405,
Billed Duration for Request 8a1c6f11-1bcc-494b-9839-3c3145d55405: 69 ms
Input: 1000000,
Cold Start: false
Unique ID: 3233a41d-7c06-4116-a1e4-1c70faf623d4,
Billed Duration for Request 3233a41d-7c06-4116-a1e4-1c70faf623d4: 105 ms
Input: 1000000,
Cold Start: false
Unique ID: 94e4e237-f53a-44b1-86e9-259f92e27acb,
Billed Duration for Request 94e4e237-f53a-44b1-86e9-259f92e27acb: 107 ms
Input: 1000000,
Cold Start: false
Unique ID: ce2b81fa-be05-4167-92cd-a5c207c8399b,
Billed Duration for Request ce2b81fa-be05-4167-92cd-a5c207c8399b: 74 ms
Input: 1000000,
Cold Start: false
Unique ID: 2e5a2bb1-bdfd-4dc1-aa0f-f38ba819bf43,
Billed Duration for Request 2e5a2bb1-bdfd-4dc1-aa0f-f38ba819bf43: 70 ms
Input: 1000000,
Cold Start: false
Unique ID: 515943f6-a008-4781-bcf4-3a9ec1fcd87b,
Billed Duration for Request 515943f6-a008-4781-bcf4-3a9ec1fcd87b: 98 ms
Input: 1000000,
Cold Start: false
Unique ID: 3b3c550e-21c6-4528-bd24-fe7a5a7c25ad,
Billed Duration for Request 3b3c550e-21c6-4528-bd24-fe7a5a7c25ad: 113 ms
Input: 1000000,
Cold Start: false
Unique ID: 0f3cb5ca-5ef7-4e48-8407-10416fade167,
Billed Duration for Request 0f3cb5ca-5ef7-4e48-8407-10416fade167: 101 ms
Input: 1000000,
Cold Start: false
Unique ID: bb73947e-b9b7-403c-bd53-2d2177655da5,
Billed Duration for Request bb73947e-b9b7-403c-bd53-2d2177655da5: 55 ms
Input: 1000000,
Cold Start: false
Unique ID: af8c0785-00bb-40f7-ba55-baccbf3d3608,
Billed Duration for Request af8c0785-00bb-40f7-ba55-baccbf3d3608: 134 ms
Input: 1000000,
Cold Start: false
Unique ID: 9df7a61a-c0d2-4453-9c6f-b833580032d5,
Billed Duration for Request 9df7a61a-c0d2-4453-9c6f-b833580032d5: 92 ms
Input: 1000000,
Cold Start: false
Unique ID: 271dbe73-9774-4a39-a7a0-e19c9fa0adeb,
Billed Duration for Request 271dbe73-9774-4a39-a7a0-e19c9fa0adeb: 70 ms
Input: 1000000,
Cold Start: false
Unique ID: c088ea2e-434d-4a43-87de-62e1c3e560e9,
Billed Duration for Request c088ea2e-434d-4a43-87de-62e1c3e560e9: 74 ms
Input: 1000000,
Cold Start: false
Unique ID: 7210964d-3f1b-4cd5-8a17-addbc11e3bf3,
Billed Duration for Request 7210964d-3f1b-4cd5-8a17-addbc11e3bf3: 122 ms
Input: 1000000,
Cold Start: false
Unique ID: 5a87010d-aac5-40e3-99fc-13b603695a97,
Billed Duration for Request 5a87010d-aac5-40e3-99fc-13b603695a97: 119 ms
Input: 1000000,
Cold Start: false
Unique ID: 0bb386c9-df6b-4568-932b-92565f52844f,
Billed Duration for Request 0bb386c9-df6b-4568-932b-92565f52844f: 89 ms
Input: 1000000,
Cold Start: false
Unique ID: 776d5ba4-fdd4-4fb7-b4c0-1556ae64ad5a,
Billed Duration for Request 776d5ba4-fdd4-4fb7-b4c0-1556ae64ad5a: 78 ms
Input: 1000000,
Cold Start: false
Unique ID: d6fa1f18-2b8c-406d-8fe8-10092c12a245,
Billed Duration for Request d6fa1f18-2b8c-406d-8fe8-10092c12a245: 99 ms
Input: 1000000,
Cold Start: false
Unique ID: 1ffb97a1-b1e9-4894-ad65-fb05a0173f8c,
Billed Duration for Request 1ffb97a1-b1e9-4894-ad65-fb05a0173f8c: 105 ms
Input: 1000000,
Cold Start: false
Unique ID: 54d83947-14a9-4051-9c39-8bf22bdc2772,
Billed Duration for Request 54d83947-14a9-4051-9c39-8bf22bdc2772: 104 ms
Input: 1000000,
Cold Start: false
Unique ID: e374da80-a41f-4abe-beff-c0e87158b2e7,
Billed Duration for Request e374da80-a41f-4abe-beff-c0e87158b2e7: 74 ms
Input: 1000000,
Cold Start: false
Unique ID: cb6971ea-7f65-4985-a945-2a39ffd62748,
Billed Duration for Request cb6971ea-7f65-4985-a945-2a39ffd62748: 133 ms
Input: 1000000,
Cold Start: false
Unique ID: abc90458-08f3-415e-8b45-b24b811a56d5,
Billed Duration for Request abc90458-08f3-415e-8b45-b24b811a56d5: 114 ms
Input: 1000000,
Cold Start: false
Unique ID: f9df9978-c2dc-4ba0-b5dc-bdcfc597c0a4,
Billed Duration for Request f9df9978-c2dc-4ba0-b5dc-bdcfc597c0a4: 91 ms
Input: 1000000,
Cold Start: false
Unique ID: 281a370b-dec5-40a9-9647-a86d27fbf6db,
Billed Duration for Request 281a370b-dec5-40a9-9647-a86d27fbf6db: 79 ms
Input: 1000000,
Cold Start: false
Unique ID: 809a0f0a-4c0c-4539-a76b-f746e8efb153,
Billed Duration for Request 809a0f0a-4c0c-4539-a76b-f746e8efb153: 105 ms
Input: 1000000,
Cold Start: false
Unique ID: c056da39-c409-40eb-a78c-6da18320de12,
Billed Duration for Request c056da39-c409-40eb-a78c-6da18320de12: 73 ms
Input: 1000000,
Cold Start: false
Unique ID: d4c60140-8030-40a5-8a43-a828d2dbea6f,
Billed Duration for Request d4c60140-8030-40a5-8a43-a828d2dbea6f: 112 ms
Input: 1000000,
Cold Start: false
Unique ID: 93255ea8-84e1-4720-886f-7faa38fa4538,
Billed Duration for Request 93255ea8-84e1-4720-886f-7faa38fa4538: 67 ms
Input: 1000000,
Cold Start: false
Unique ID: e0d07ee5-9470-46a0-8693-f397b84b87d3,
Billed Duration for Request e0d07ee5-9470-46a0-8693-f397b84b87d3: 110 ms
Input: 1000000,
Cold Start: false
Unique ID: 443e56af-e132-47c7-9037-b81b36425137,
Billed Duration for Request 443e56af-e132-47c7-9037-b81b36425137: 53 ms
Input: 1000000,
Cold Start: false
Unique ID: c00f717c-92df-4e2f-98fc-66713a57ac8c,
Billed Duration for Request c00f717c-92df-4e2f-98fc-66713a57ac8c: 119 ms
Input: 1000000,
Cold Start: false
Unique ID: e3a42480-d542-4db8-8a6c-99b7b4625702,
Billed Duration for Request e3a42480-d542-4db8-8a6c-99b7b4625702: 101 ms
Input: 1000000,
Cold Start: false
Unique ID: 1f9545c4-e47a-4142-bf8d-83ddc70d96ff,
Billed Duration for Request 1f9545c4-e47a-4142-bf8d-83ddc70d96ff: 68 ms
Input: 1000000,
Cold Start: false
Unique ID: f4a2bd62-7c92-49b6-a96e-18252d67661b,
Billed Duration for Request f4a2bd62-7c92-49b6-a96e-18252d67661b: 117 ms
Input: 1000000,
Cold Start: false
Unique ID: 6f93aab0-ecfd-4086-b95a-9ff49f8e0823,
Billed Duration for Request 6f93aab0-ecfd-4086-b95a-9ff49f8e0823: 119 ms
Input: 1000000,
Cold Start: false
Unique ID: 54a4214b-f9b7-47d0-8a95-bf70d39781fb,
Billed Duration for Request 54a4214b-f9b7-47d0-8a95-bf70d39781fb: 121 ms
Input: 1000000,
Cold Start: false
Unique ID: f725cd95-dafc-4e07-be6c-774bf2afba8c,
Billed Duration for Request f725cd95-dafc-4e07-be6c-774bf2afba8c: 69 ms
Input: 1000000,
Cold Start: false
Unique ID: 054fee9f-13fa-416b-b0ae-53aaf9d9151f,
Billed Duration for Request 054fee9f-13fa-416b-b0ae-53aaf9d9151f: 83 ms
Input: 1000000,
Cold Start: false
Unique ID: ec62ca43-efb8-4c3b-b5c5-964d99bff6d7,
Billed Duration for Request ec62ca43-efb8-4c3b-b5c5-964d99bff6d7: 67 ms
Input: 1000000,
Cold Start: false
Unique ID: cde9064c-86b0-44fc-80b7-8623c11d8c7e,
Billed Duration for Request cde9064c-86b0-44fc-80b7-8623c11d8c7e: 94 ms
Input: 1000000,
Cold Start: false
Unique ID: 68c7b648-7abc-4972-b941-79ddae9442aa,
Billed Duration for Request 68c7b648-7abc-4972-b941-79ddae9442aa: 100 ms
Input: 1000000,
Cold Start: false
Unique ID: 6e398174-58d2-4c76-bef9-5e096c4d9e98,
Billed Duration for Request 6e398174-58d2-4c76-bef9-5e096c4d9e98: 86 ms
Input: 1000000,
Cold Start: false
Unique ID: 63aa648c-e82b-42f8-93c9-f9bf3fcc0ebc,
Billed Duration for Request 63aa648c-e82b-42f8-93c9-f9bf3fcc0ebc: 66 ms
Input: 1000000,
Cold Start: false
Unique ID: d5f58703-fca7-406e-a821-9e49af99946b,
Billed Duration for Request d5f58703-fca7-406e-a821-9e49af99946b: 71 ms
Input: 1000000,
Cold Start: false
Unique ID: d7503de7-f70e-4f72-8f58-28b8f8578813,
Billed Duration for Request d7503de7-f70e-4f72-8f58-28b8f8578813: 120 ms
Input: 1000000,
Cold Start: false
Unique ID: 4e0f9e45-f52b-4fae-80ea-2832f2bda8b6,
Billed Duration for Request 4e0f9e45-f52b-4fae-80ea-2832f2bda8b6: 118 ms
Input: 1000000,
Cold Start: false
Unique ID: 5240694d-b553-4c72-860b-8af48837bb35,
Billed Duration for Request 5240694d-b553-4c72-860b-8af48837bb35: 87 ms
Input: 1000000,
Cold Start: false
Unique ID: bce280ee-6397-424c-9547-6b6c58082e80,
Billed Duration for Request bce280ee-6397-424c-9547-6b6c58082e80: 70 ms
Input: 1000000,
Cold Start: false
Unique ID: e9468941-ce7a-4c73-abf1-91c6499d1845,
Billed Duration for Request e9468941-ce7a-4c73-abf1-91c6499d1845: 99 ms
Input: 1000000,
Cold Start: false
Unique ID: dbfc7898-b531-4bce-8fcb-b315f2af529e,
Billed Duration for Request dbfc7898-b531-4bce-8fcb-b315f2af529e: 104 ms
Input: 1000000,
Cold Start: false
Unique ID: 0335bbf1-1c0c-4e4e-8533-e8b0b156132f,
Billed Duration for Request 0335bbf1-1c0c-4e4e-8533-e8b0b156132f: 93 ms
Input: 1000000,
Cold Start: false
Unique ID: 347724b0-e1cd-45f7-a513-259ee17d0b52,
Billed Duration for Request 347724b0-e1cd-45f7-a513-259ee17d0b52: 57 ms
Input: 1000000,
Cold Start: false
Unique ID: b79567b2-fce0-4567-bf4e-3ebfb022408a,
Billed Duration for Request b79567b2-fce0-4567-bf4e-3ebfb022408a: 101 ms
Input: 1000000,
Cold Start: false
Unique ID: 6670d448-9471-4b9b-8c61-b17ab0562ecf,
Billed Duration for Request 6670d448-9471-4b9b-8c61-b17ab0562ecf: 120 ms
Input: 1000000,
Cold Start: false
Unique ID: 4875f70a-6343-479c-a62c-4e9a7dbf7d9e,
Billed Duration for Request 4875f70a-6343-479c-a62c-4e9a7dbf7d9e: 112 ms
Input: 1000000,
Cold Start: false
Unique ID: 04a52296-86a4-4b16-99df-89c4c8025e34,
Billed Duration for Request 04a52296-86a4-4b16-99df-89c4c8025e34: 74 ms
Input: 1000000,
Cold Start: false
Unique ID: 35b4b522-7227-4df3-9915-b82bd85d80fa,
Billed Duration for Request 35b4b522-7227-4df3-9915-b82bd85d80fa: 81 ms
Input: 1000000,
Cold Start: false
Unique ID: 82c20526-fab2-4420-ab42-6e6b3d428eee,
Billed Duration for Request 82c20526-fab2-4420-ab42-6e6b3d428eee: 93 ms
Input: 1000000,
Cold Start: false
Unique ID: e30d2e5c-e554-4243-b9c8-fdd75212c76e,
Billed Duration for Request e30d2e5c-e554-4243-b9c8-fdd75212c76e: 115 ms
Input: 1000000,
Cold Start: false
Unique ID: fa12efda-e928-4d4d-bc8f-9fdc84d8f7c7,
Billed Duration for Request fa12efda-e928-4d4d-bc8f-9fdc84d8f7c7: 74 ms
Input: 1000000,
Cold Start: false
Unique ID: c478627f-87ad-4857-9627-2f56a8c11904,
Billed Duration for Request c478627f-87ad-4857-9627-2f56a8c11904: 134 ms
Input: 1000000,
Cold Start: false
Unique ID: 90d724ba-46a2-4074-941e-c1704b37ef38,
Billed Duration for Request 90d724ba-46a2-4074-941e-c1704b37ef38: 103 ms
Input: 1000000,
Cold Start: false
Unique ID: 4aec64a3-cd05-4720-96ec-0262cf34dc6e,
Billed Duration for Request 4aec64a3-cd05-4720-96ec-0262cf34dc6e: 84 ms
Input: 1000000,
Cold Start: false
Unique ID: 9af2dc1b-8435-46bb-8be1-f5637b2f9f5d,
Billed Duration for Request 9af2dc1b-8435-46bb-8be1-f5637b2f9f5d: 58 ms
Input: 1000000,
Cold Start: false
Unique ID: fe38cd00-799f-4d44-83ee-4030070192c3,
Billed Duration for Request fe38cd00-799f-4d44-83ee-4030070192c3: 97 ms
Input: 1000000,
Cold Start: false
Unique ID: 5b1a0bd2-fd3a-40a5-81e5-57e121289c06,
Billed Duration for Request 5b1a0bd2-fd3a-40a5-81e5-57e121289c06: 104 ms
Input: 1000000,
Cold Start: false
Unique ID: 28466772-edf3-43d8-86d5-d60e07e6bb13,
Billed Duration for Request 28466772-edf3-43d8-86d5-d60e07e6bb13: 66 ms
Input: 1000000,
Cold Start: false
Unique ID: 99ec6b24-df55-4c52-b3de-dc93fefe8bd7,
Billed Duration for Request 99ec6b24-df55-4c52-b3de-dc93fefe8bd7: 108 ms
Input: 1000000,
Cold Start: false
Unique ID: 3ee8390f-5594-4a75-845f-c3312539a9d5,
Billed Duration for Request 3ee8390f-5594-4a75-845f-c3312539a9d5: 86 ms
Input: 1000000,
Cold Start: false
Unique ID: 24992a49-5978-4f6e-9fa3-feec64dc5604,
Billed Duration for Request 24992a49-5978-4f6e-9fa3-feec64dc5604: 61 ms
Input: 1000000,
Cold Start: false
Unique ID: 6e471ca3-2f43-4d6a-bb71-7c68f875dd58,
Billed Duration for Request 6e471ca3-2f43-4d6a-bb71-7c68f875dd58: 94 ms
Input: 1000000,
Cold Start: false
Unique ID: 2aa9eefb-739b-4353-8298-477d4f9e079b,
Billed Duration for Request 2aa9eefb-739b-4353-8298-477d4f9e079b: 80 ms
Input: 1000000,
Cold Start: false
Unique ID: cd93bde2-59b0-4e45-a70d-a68d7d89c1ba,
Billed Duration for Request cd93bde2-59b0-4e45-a70d-a68d7d89c1ba: 123 ms
Input: 1000000,
Cold Start: false
Unique ID: e63bcc6c-3b36-495b-85f4-9d75c2f4e228,
Billed Duration for Request e63bcc6c-3b36-495b-85f4-9d75c2f4e228: 58 ms
Input: 1000000,
Cold Start: false
Unique ID: ade20a22-e2b2-420e-b2a1-94beb0cddc96,
Billed Duration for Request ade20a22-e2b2-420e-b2a1-94beb0cddc96: 141 ms
Input: 1000000,
Cold Start: false
Unique ID: 20c3ef2a-ea68-4e56-9b9b-3b53a90b1023,
Billed Duration for Request 20c3ef2a-ea68-4e56-9b9b-3b53a90b1023: 91 ms
Input: 1000000,
Cold Start: false
Unique ID: 69484375-f9d3-4152-946c-708963d4baa8,
Billed Duration for Request 69484375-f9d3-4152-946c-708963d4baa8: 79 ms
Input: 1000000,
Cold Start: false
Unique ID: 17b29b3d-306e-4d95-aeec-dc3c856b8677,
Billed Duration for Request 17b29b3d-306e-4d95-aeec-dc3c856b8677: 75 ms
Input: 1000000,
Cold Start: false
Unique ID: 89c7e142-b450-44e8-a833-b258a3d4d62a,
Billed Duration for Request 89c7e142-b450-44e8-a833-b258a3d4d62a: 156 ms
Input: 1000000,
Cold Start: false
Unique ID: 741ceb26-0dd0-4503-878e-1f33e358580e,
Billed Duration for Request 741ceb26-0dd0-4503-878e-1f33e358580e: 82 ms
Input: 1000000,
Cold Start: false
Unique ID: 5571622c-ba6f-4699-ab05-ebdeb2c89886,
Billed Duration for Request 5571622c-ba6f-4699-ab05-ebdeb2c89886: 91 ms
Input: 1000000,
Cold Start: false
Unique ID: 6d1b05fa-94a4-44f7-a62a-45676298844f,
Billed Duration for Request 6d1b05fa-94a4-44f7-a62a-45676298844f: 55 ms
Input: 1000000,
Cold Start: false
Unique ID: d7b1244c-f677-4663-81e3-f12529e5a6de,
Billed Duration for Request d7b1244c-f677-4663-81e3-f12529e5a6de: 72 ms
Input: 1000000,
Cold Start: false
Unique ID: ce7155e3-1334-4e42-989b-b4babd049163,
Billed Duration for Request ce7155e3-1334-4e42-989b-b4babd049163: 106 ms
Input: 1000000,
Cold Start: false
Unique ID: b8c2ee4a-705b-4a72-b9bc-31a4ab3b59fc,
Billed Duration for Request b8c2ee4a-705b-4a72-b9bc-31a4ab3b59fc: 137 ms
Input: 1000000,
Cold Start: false
Unique ID: a46f6316-6903-4ac6-9aca-cc3cb60d72e1,
Billed Duration for Request a46f6316-6903-4ac6-9aca-cc3cb60d72e1: 70 ms
Input: 1000000,
Cold Start: false
Unique ID: ea19d8a6-9239-4e0b-9bb9-26af320e4450,
Billed Duration for Request ea19d8a6-9239-4e0b-9bb9-26af320e4450: 103 ms
Input: 1000000,
Cold Start: false
Unique ID: 5fc70de6-8d17-4033-a7d8-752773c1a0df,
Billed Duration for Request 5fc70de6-8d17-4033-a7d8-752773c1a0df: 106 ms
Input: 1000000,
Cold Start: false
Unique ID: 4dc6e58a-50bb-4689-9723-2212ed3af97d,
Billed Duration for Request 4dc6e58a-50bb-4689-9723-2212ed3af97d: 87 ms
Input: 1000000,
Cold Start: false
Unique ID: e73a266f-45bb-4cb4-923e-e4b83d50d741,
Billed Duration for Request e73a266f-45bb-4cb4-923e-e4b83d50d741: 86 ms
Input: 1000000,
Cold Start: false
Unique ID: 64260098-f941-45b4-89f0-0f4da333662e,
Billed Duration for Request 64260098-f941-45b4-89f0-0f4da333662e: 71 ms
Input: 1000000,
Cold Start: false
Unique ID: 0ecfdf48-1be4-4257-992f-ec430ebf4448,
Billed Duration for Request 0ecfdf48-1be4-4257-992f-ec430ebf4448: 73 ms
Input: 1000000,
Cold Start: false
Unique ID: 5e849590-4dd9-41e0-9a44-d6e9bdd911d0,
Billed Duration for Request 5e849590-4dd9-41e0-9a44-d6e9bdd911d0: 98 ms
Input: 1000000,
Cold Start: false
Unique ID: ad660b2c-ce9e-4aab-a6b7-22abcca721c9,
Billed Duration for Request ad660b2c-ce9e-4aab-a6b7-22abcca721c9: 81 ms
Input: 1000000,
Cold Start: false
Unique ID: 31ac2b91-380d-4b9c-a713-97c8a446a4ee,
Billed Duration for Request 31ac2b91-380d-4b9c-a713-97c8a446a4ee: 143 ms
Input: 1000000,
Cold Start: false
Unique ID: 8b892d19-ab1e-4870-bab7-d647caf45d50,
Billed Duration for Request 8b892d19-ab1e-4870-bab7-d647caf45d50: 104 ms
Input: 1000000,
Cold Start: false
Unique ID: a603260a-49f8-40ed-bb21-f8e67dcd8daa,
Billed Duration for Request a603260a-49f8-40ed-bb21-f8e67dcd8daa: 54 ms
Input: 1000000,
Cold Start: false
Unique ID: fe0f452d-92c2-4207-9b1c-6930f8585eb4,
Billed Duration for Request fe0f452d-92c2-4207-9b1c-6930f8585eb4: 85 ms
Input: 1000000,
Cold Start: false
Unique ID: 2bf0e1d1-c3f0-449c-8447-9a4659f48f3a,
Billed Duration for Request 2bf0e1d1-c3f0-449c-8447-9a4659f48f3a: 89 ms
Input: 1000000,
Cold Start: false
Unique ID: 7cafcfd4-4c91-4755-9b7e-5214b09dc35b,
Billed Duration for Request 7cafcfd4-4c91-4755-9b7e-5214b09dc35b: 55 ms
Input: 1000000,
Cold Start: false
Unique ID: 0ca46f7d-4217-4305-b31f-1a281458e7c3,
Billed Duration for Request 0ca46f7d-4217-4305-b31f-1a281458e7c3: 84 ms
Input: 1000000,
Cold Start: false
Unique ID: 18eb48ad-f88e-4268-8bec-79321a456d65,
Billed Duration for Request 18eb48ad-f88e-4268-8bec-79321a456d65: 107 ms
Input: 1000000,
Cold Start: false
Unique ID: a0ba2d82-c026-4957-8af5-2b1d02b745b9,
Billed Duration for Request a0ba2d82-c026-4957-8af5-2b1d02b745b9: 106 ms
Input: 1000000,
Cold Start: false
Unique ID: cdc0b218-d60e-4066-8720-3e1f1b0c45a5,
Billed Duration for Request cdc0b218-d60e-4066-8720-3e1f1b0c45a5: 60 ms
Input: 1000000,
Cold Start: false
Unique ID: feac061e-d8a8-4925-b4ad-c75d94b72ff4,
Billed Duration for Request feac061e-d8a8-4925-b4ad-c75d94b72ff4: 137 ms
Input: 1000000,
Cold Start: false
Unique ID: f890a1d6-ee6b-434e-a5c7-6c87fd648d5d,
Billed Duration for Request f890a1d6-ee6b-434e-a5c7-6c87fd648d5d: 85 ms
Input: 1000000,
Cold Start: false
Unique ID: 3c75c664-71dc-4641-8e91-e4360efc2af6,
Billed Duration for Request 3c75c664-71dc-4641-8e91-e4360efc2af6: 106 ms
Input: 1000000,
Cold Start: false
Unique ID: 30d11ddc-4136-4be8-8fc0-857f2b75a9af,
Billed Duration for Request 30d11ddc-4136-4be8-8fc0-857f2b75a9af: 84 ms
Input: 1000000,
Cold Start: false
Unique ID: 359e91fa-ce52-49fc-a4b6-ec5b0f747e07,
Billed Duration for Request 359e91fa-ce52-49fc-a4b6-ec5b0f747e07: 72 ms
Input: 1000000,
Cold Start: false
Unique ID: 1bd9be0c-b947-43d2-95e5-0b8cf7f31a18,
Billed Duration for Request 1bd9be0c-b947-43d2-95e5-0b8cf7f31a18: 84 ms
Input: 1000000,
Cold Start: false
Unique ID: 24af226a-22e1-45e8-9476-1b8a43358978,
Billed Duration for Request 24af226a-22e1-45e8-9476-1b8a43358978: 98 ms
Input: 1000000,
Cold Start: false
Unique ID: fc7a88ee-6fe7-4e8c-a646-33555e72b499,
Billed Duration for Request fc7a88ee-6fe7-4e8c-a646-33555e72b499: 91 ms
Input: 1000000,
Cold Start: false
Unique ID: 92a6f9d0-ca56-486d-943d-1b0fd6d7be97,
Billed Duration for Request 92a6f9d0-ca56-486d-943d-1b0fd6d7be97: 103 ms
Input: 1000000,
Cold Start: false
Unique ID: 62c0013a-0215-4fac-9d94-89bce87a1e0e,
Billed Duration for Request 62c0013a-0215-4fac-9d94-89bce87a1e0e: 75 ms
Input: 1000000,
Cold Start: false
Unique ID: 46ab12e2-8cfb-472c-a4b9-bc7050c2ac38,
Billed Duration for Request 46ab12e2-8cfb-472c-a4b9-bc7050c2ac38: 118 ms
Input: 1000000,
Cold Start: false
Unique ID: e5eae636-3cc2-42c1-8f57-f84a630ec63f,
Billed Duration for Request e5eae636-3cc2-42c1-8f57-f84a630ec63f: 110 ms
Input: 1000000,
Cold Start: false
Unique ID: eb8cec88-0e3b-4d2b-a24f-9c6710cda0e8,
Billed Duration for Request eb8cec88-0e3b-4d2b-a24f-9c6710cda0e8: 101 ms
Input: 1000000,
Cold Start: false
Unique ID: 01043095-195c-4026-9412-0892a5c9ce68,
Billed Duration for Request 01043095-195c-4026-9412-0892a5c9ce68: 70 ms
Input: 1000000,
Cold Start: false
Unique ID: 9639a36b-7453-4f7a-820a-30d207ffc09b,
Billed Duration for Request 9639a36b-7453-4f7a-820a-30d207ffc09b: 101 ms
Input: 1000000,
Cold Start: false
Unique ID: b70b8bfb-bb40-491d-92b2-688927ff1f75,
Billed Duration for Request b70b8bfb-bb40-491d-92b2-688927ff1f75: 53 ms
Input: 1000000,
Cold Start: false
Unique ID: feeecbac-6200-4f4f-bc45-21589adbc62d,
Billed Duration for Request feeecbac-6200-4f4f-bc45-21589adbc62d: 138 ms
Input: 1000000,
Cold Start: false
Unique ID: 7bdbe69e-349c-45d9-b7af-9596d6db25ca,
Billed Duration for Request 7bdbe69e-349c-45d9-b7af-9596d6db25ca: 82 ms
Input: 1000000,
Cold Start: false
Unique ID: f5cdfd37-bfac-4179-9e35-746eadd1a4d4,
Billed Duration for Request f5cdfd37-bfac-4179-9e35-746eadd1a4d4: 105 ms
Input: 1000000,
Cold Start: false
Unique ID: 2f4cd843-098a-436a-9b64-2cae43ace059,
Billed Duration for Request 2f4cd843-098a-436a-9b64-2cae43ace059: 57 ms
Input: 1000000,
Cold Start: false
Unique ID: 28320dff-c140-4651-8c9a-1c6b0e94d753,
Billed Duration for Request 28320dff-c140-4651-8c9a-1c6b0e94d753: 97 ms
Input: 1000000,
Cold Start: false
Unique ID: 32f91bb2-4640-42d6-a6b3-0ef6dc5d0b0d,
Billed Duration for Request 32f91bb2-4640-42d6-a6b3-0ef6dc5d0b0d: 88 ms
Input: 1000000,
Cold Start: false
Unique ID: 3ce139f4-b87c-4df7-a742-0778fe93a69c,
Billed Duration for Request 3ce139f4-b87c-4df7-a742-0778fe93a69c: 91 ms
Input: 1000000,
Cold Start: false
Unique ID: 732d9e87-b51b-4658-8ba4-c3119067f739,
Billed Duration for Request 732d9e87-b51b-4658-8ba4-c3119067f739: 55 ms
Input: 1000000,
Cold Start: false
Unique ID: e17f3e33-d623-4143-a746-801b36e9a77f,
Billed Duration for Request e17f3e33-d623-4143-a746-801b36e9a77f: 94 ms
Input: 1000000,
Cold Start: false
Unique ID: 243f442c-2af5-4420-9da2-e26dac37adfb,
Billed Duration for Request 243f442c-2af5-4420-9da2-e26dac37adfb: 101 ms
Input: 1000000,
Cold Start: false
Unique ID: 378b9345-c011-4900-a77d-06d9616b8e93,
Billed Duration for Request 378b9345-c011-4900-a77d-06d9616b8e93: 92 ms
Input: 1000000,
Cold Start: false
Unique ID: 453adaa0-2974-4603-be43-3169cd89a3fc,
Billed Duration for Request 453adaa0-2974-4603-be43-3169cd89a3fc: 70 ms
Input: 1000000,
Cold Start: false
Unique ID: a48fc56c-90bf-4b15-a2d0-7aa5eaa066d7,
Billed Duration for Request a48fc56c-90bf-4b15-a2d0-7aa5eaa066d7: 116 ms
Input: 1000000,
Cold Start: false
Unique ID: 4101ceff-15ca-43b0-8907-a0bb7fdd4b2d,
Billed Duration for Request 4101ceff-15ca-43b0-8907-a0bb7fdd4b2d: 100 ms
Input: 1000000,
Cold Start: false
Unique ID: fc654d1e-1087-473f-9f53-e9e04dfd225f,
Billed Duration for Request fc654d1e-1087-473f-9f53-e9e04dfd225f: 110 ms
Input: 1000000,
Cold Start: false
Unique ID: 1d75bd32-8106-4648-b87c-000d64d09c27,
Billed Duration for Request 1d75bd32-8106-4648-b87c-000d64d09c27: 53 ms
Input: 1000000,
Cold Start: false
Unique ID: fc92f313-8bec-409d-b2bf-e2a9e917e869,
Billed Duration for Request fc92f313-8bec-409d-b2bf-e2a9e917e869: 111 ms
Input: 1000000,
Cold Start: false
Unique ID: ff1fdcb1-cddb-47dd-b8da-bc8f78c63d16,
Billed Duration for Request ff1fdcb1-cddb-47dd-b8da-bc8f78c63d16: 72 ms
Input: 1000000,
Cold Start: false
Unique ID: 30c28de3-2c9d-4f49-986f-dddde7e655ca,
Billed Duration for Request 30c28de3-2c9d-4f49-986f-dddde7e655ca: 67 ms
Input: 1000000,
Cold Start: false
Unique ID: aa5fc95f-863d-4a65-a373-212bc8fe2cd6,
Billed Duration for Request aa5fc95f-863d-4a65-a373-212bc8fe2cd6: 99 ms
Input: 1000000,
Cold Start: false
Unique ID: 8113c1f7-b781-4eb4-82e6-e59035c51e08,
Billed Duration for Request 8113c1f7-b781-4eb4-82e6-e59035c51e08: 99 ms
Input: 1000000,
Cold Start: false
Unique ID: 294510d1-111e-4331-9d89-d008b4ce1473,
Billed Duration for Request 294510d1-111e-4331-9d89-d008b4ce1473: 85 ms
Input: 1000000,
Cold Start: false
Unique ID: 4c645478-1407-457c-8b0a-6127adfc8800,
Billed Duration for Request 4c645478-1407-457c-8b0a-6127adfc8800: 68 ms
Input: 1000000,
Cold Start: false
Unique ID: d40ff723-84fb-4f79-b6de-ae0fafa95985,
Billed Duration for Request d40ff723-84fb-4f79-b6de-ae0fafa95985: 74 ms
Input: 1000000,
Cold Start: false
Unique ID: dc092206-3c61-41f7-8e9d-38e5fcc2574b,
Billed Duration for Request dc092206-3c61-41f7-8e9d-38e5fcc2574b: 117 ms
Input: 1000000,
Cold Start: false
Unique ID: f1648f1f-4acf-4a84-b5b2-999b2ab95cd4,
Billed Duration for Request f1648f1f-4acf-4a84-b5b2-999b2ab95cd4: 67 ms
Input: 1000000,
Cold Start: false
Unique ID: 1bc2fd9c-f603-41ef-b7fd-65816400e991,
Billed Duration for Request 1bc2fd9c-f603-41ef-b7fd-65816400e991: 86 ms
Input: 1000000,
Cold Start: false
Unique ID: 3dbff795-df2b-4d4f-8a6d-6cdd56a81590,
Billed Duration for Request 3dbff795-df2b-4d4f-8a6d-6cdd56a81590: 73 ms
Input: 1000000,
Cold Start: false
Unique ID: 0cfa63c7-871d-45b8-af49-0906b3a353a7,
Billed Duration for Request 0cfa63c7-871d-45b8-af49-0906b3a353a7: 63 ms
Input: 1000000,
Cold Start: false
Unique ID: 1f1692e5-1295-4d8b-8198-e7427346321b,
Billed Duration for Request 1f1692e5-1295-4d8b-8198-e7427346321b: 91 ms
Input: 1000000,
Cold Start: false
Unique ID: b13396da-5f47-45f7-a54e-b333e5721677,
Billed Duration for Request b13396da-5f47-45f7-a54e-b333e5721677: 76 ms
Input: 1000000,
Cold Start: false
Unique ID: b9f70d10-787e-4b90-b712-637e8b2729b2,
Billed Duration for Request b9f70d10-787e-4b90-b712-637e8b2729b2: 55 ms
Input: 1000000,
Cold Start: false
Unique ID: 65771ad4-e81c-4ac2-9ce2-25ce9efc237f,
Billed Duration for Request 65771ad4-e81c-4ac2-9ce2-25ce9efc237f: 131 ms
Input: 1000000,
Cold Start: false
Unique ID: d029b767-bd21-4f10-a9a4-da07144eb21d,
Billed Duration for Request d029b767-bd21-4f10-a9a4-da07144eb21d: 122 ms
Input: 1000000,
Cold Start: false
Unique ID: 3f77a53f-9983-4868-b1a5-2abb40cdd131,
Billed Duration for Request 3f77a53f-9983-4868-b1a5-2abb40cdd131: 77 ms
Input: 1000000,
Cold Start: false
Unique ID: 74551165-b3b1-4e89-ba4f-a538302bb712,
Billed Duration for Request 74551165-b3b1-4e89-ba4f-a538302bb712: 100 ms
Input: 1000000,
Cold Start: false
Unique ID: 32795246-0f70-4d29-ab3f-f34ee8dfdb60,
Billed Duration for Request 32795246-0f70-4d29-ab3f-f34ee8dfdb60: 79 ms
Input: 1000000,
Cold Start: false
Unique ID: 32d7ca70-73fd-4041-b6c6-a9e25d07f5a7,
Billed Duration for Request 32d7ca70-73fd-4041-b6c6-a9e25d07f5a7: 120 ms
Input: 1000000,
Cold Start: false
Unique ID: 7847396f-100a-4d78-8ffb-74392da32d18,
Billed Duration for Request 7847396f-100a-4d78-8ffb-74392da32d18: 69 ms
Input: 1000000,
Cold Start: false
Unique ID: 5d793697-a9c5-4d08-a10c-6f3a698fa6ed,
Billed Duration for Request 5d793697-a9c5-4d08-a10c-6f3a698fa6ed: 75 ms
Input: 1000000,
Cold Start: false
Unique ID: 2a767c13-194e-4964-8ed8-0d6928e1395d,
Billed Duration for Request 2a767c13-194e-4964-8ed8-0d6928e1395d: 97 ms
Input: 1000000,
Cold Start: false
Unique ID: fcdede80-9375-4c49-acde-8070e5ac4f76,
Billed Duration for Request fcdede80-9375-4c49-acde-8070e5ac4f76: 67 ms
Input: 1000000,
Cold Start: false
Unique ID: a579120c-2e3c-42c3-be90-b3c3dc18b628,
Billed Duration for Request a579120c-2e3c-42c3-be90-b3c3dc18b628: 67 ms
Input: 1000000,
Cold Start: false
Unique ID: ca938358-8654-4066-a250-6de86179d365,
Billed Duration for Request ca938358-8654-4066-a250-6de86179d365: 61 ms
Input: 1000000,
Cold Start: false
Unique ID: fa706536-74f4-473b-b659-ac68854b950f,
Billed Duration for Request fa706536-74f4-473b-b659-ac68854b950f: 115 ms
Input: 1000000,
Cold Start: false
Unique ID: 845d3c3f-198f-42c0-93c7-33c718ac472e,
Billed Duration for Request 845d3c3f-198f-42c0-93c7-33c718ac472e: 97 ms
Input: 1000000,
Cold Start: false
Unique ID: 19e7214f-a3aa-4af1-92b3-7f94dcb38f9c,
Billed Duration for Request 19e7214f-a3aa-4af1-92b3-7f94dcb38f9c: 85 ms
Input: 1000000,
Cold Start: false
Unique ID: 255b6e0e-07e1-4a73-9317-f584eac9348e,
Billed Duration for Request 255b6e0e-07e1-4a73-9317-f584eac9348e: 93 ms
Input: 1000000,
Cold Start: false
Unique ID: 65b335ba-6c86-4ec1-a9fa-f21d7f76dfb2,
Billed Duration for Request 65b335ba-6c86-4ec1-a9fa-f21d7f76dfb2: 93 ms
Input: 1000000,
Cold Start: false
Unique ID: d26d88da-e7ea-43d5-a364-d0cb18e56f2b,
Billed Duration for Request d26d88da-e7ea-43d5-a364-d0cb18e56f2b: 121 ms
Input: 1000000,
Cold Start: false
Unique ID: 2a6a865e-eef6-4504-b476-65e301126e90,
Billed Duration for Request 2a6a865e-eef6-4504-b476-65e301126e90: 59 ms
Input: 1000000,
Cold Start: false
Unique ID: 73cfdbb7-4298-4e65-ae46-1fd00c2256e2,
Billed Duration for Request 73cfdbb7-4298-4e65-ae46-1fd00c2256e2: 90 ms
Input: 1000000,
Cold Start: false
Unique ID: 11b3eeb8-79c8-41be-9a3f-493d79c3e09b,
Billed Duration for Request 11b3eeb8-79c8-41be-9a3f-493d79c3e09b: 51 ms
Input: 1000000,
Cold Start: false
Unique ID: c47bf9ee-f160-417a-9daa-43a9915fc1b5,
Billed Duration for Request c47bf9ee-f160-417a-9daa-43a9915fc1b5: 81 ms
Input: 1000000,
Cold Start: false
Unique ID: f171b941-a53c-40a2-bbb1-df013e979ea4,
Billed Duration for Request f171b941-a53c-40a2-bbb1-df013e979ea4: 136 ms
Input: 1000000,
Cold Start: false
Unique ID: 02881bd5-0935-498a-8f46-b678e74f243f,
Billed Duration for Request 02881bd5-0935-498a-8f46-b678e74f243f: 78 ms
Input: 1000000,
Cold Start: false
Unique ID: 942bdaa6-467d-412c-baad-87ef9b3f9264,
Billed Duration for Request 942bdaa6-467d-412c-baad-87ef9b3f9264: 69 ms
Input: 1000000,
Cold Start: false
Unique ID: fbdca794-41bd-403f-af60-c4b0b3487995,
Billed Duration for Request fbdca794-41bd-403f-af60-c4b0b3487995: 94 ms
Input: 1000000,
Cold Start: false
Unique ID: 41d8042a-47dd-43c3-a216-0522da295d59,
Billed Duration for Request 41d8042a-47dd-43c3-a216-0522da295d59: 115 ms
Input: 1000000,
Cold Start: false
Unique ID: c9d32c35-80f9-43cc-989c-bf1df8d83e26,
Billed Duration for Request c9d32c35-80f9-43cc-989c-bf1df8d83e26: 49 ms
Input: 1000000,
Cold Start: false
Unique ID: b5b163dd-2ebf-4147-b8e0-80c8387cc27a,
Billed Duration for Request b5b163dd-2ebf-4147-b8e0-80c8387cc27a: 76 ms
Input: 1000000,
Cold Start: false
Unique ID: 83de2cea-84b9-4762-84da-1a2f77da8d7e,
Billed Duration for Request 83de2cea-84b9-4762-84da-1a2f77da8d7e: 113 ms
Input: 1000000,
Cold Start: false
Unique ID: b94c25cd-825c-4aca-878b-e4d1413fdf95,
Billed Duration for Request b94c25cd-825c-4aca-878b-e4d1413fdf95: 115 ms
Input: 1000000,
Cold Start: false
Unique ID: fa940cd0-e356-415f-92a2-66679c37f720,
Billed Duration for Request fa940cd0-e356-415f-92a2-66679c37f720: 99 ms
Input: 1000000,
Cold Start: false
Unique ID: c9e968bd-df51-41f8-8038-cda1c59f368e,
Billed Duration for Request c9e968bd-df51-41f8-8038-cda1c59f368e: 55 ms
Input: 1000000,
Cold Start: false
Unique ID: 7e1357b1-c85a-4879-b87d-a7c02c6dcd88,
Billed Duration for Request 7e1357b1-c85a-4879-b87d-a7c02c6dcd88: 122 ms
Input: 1000000,
Cold Start: false
Unique ID: 858076f3-11fb-4de7-a133-c39441428d53,
Billed Duration for Request 858076f3-11fb-4de7-a133-c39441428d53: 74 ms
Input: 1000000,
Cold Start: false
Unique ID: 2dee8a8a-b71a-4bad-b046-71b1900df121,
Billed Duration for Request 2dee8a8a-b71a-4bad-b046-71b1900df121: 67 ms
Input: 1000000,
Cold Start: false
Unique ID: d8ba4013-0515-4d4f-9b25-e5ce2d33ff1c,
Billed Duration for Request d8ba4013-0515-4d4f-9b25-e5ce2d33ff1c: 72 ms
Input: 1000000,
Cold Start: false
Unique ID: 38efcaba-e8a7-4da1-94b8-554af0b9c49a,
Billed Duration for Request 38efcaba-e8a7-4da1-94b8-554af0b9c49a: 76 ms
Input: 1000000,
Cold Start: false
Unique ID: 0569c926-e30b-44c8-8a04-b63c4858d2a9,
Billed Duration for Request 0569c926-e30b-44c8-8a04-b63c4858d2a9: 97 ms
Input: 1000000,
Cold Start: false
Unique ID: d4312714-4909-4f1d-bc3c-998f57c550dc,
Billed Duration for Request d4312714-4909-4f1d-bc3c-998f57c550dc: 56 ms
Input: 1000000,
Cold Start: false
Unique ID: 0b2af191-6401-4266-938f-c8a4e7eacd1e,
Billed Duration for Request 0b2af191-6401-4266-938f-c8a4e7eacd1e: 137 ms
Input: 1000000,
Cold Start: false
Unique ID: e9595b08-4a98-4755-93e2-9900c7ea8015,
Billed Duration for Request e9595b08-4a98-4755-93e2-9900c7ea8015: 84 ms
Input: 1000000,
Cold Start: false
Unique ID: 30e8d6dd-12b7-4ef3-8dc2-c6e5758b1533,
Billed Duration for Request 30e8d6dd-12b7-4ef3-8dc2-c6e5758b1533: 54 ms
Input: 1000000,
Cold Start: false
Unique ID: 9c2b3eb2-8838-42b5-9707-666e86d14807,
Billed Duration for Request 9c2b3eb2-8838-42b5-9707-666e86d14807: 111 ms
Input: 1000000,
Cold Start: false
Unique ID: 9e3d6b3d-148e-483a-ac1d-599c8bc160c1,
Billed Duration for Request 9e3d6b3d-148e-483a-ac1d-599c8bc160c1: 114 ms
Input: 1000000,
Cold Start: false
Unique ID: 46613722-dc3a-4072-9e42-ecad66ac33a8,
Billed Duration for Request 46613722-dc3a-4072-9e42-ecad66ac33a8: 81 ms
Input: 1000000,
Cold Start: false
Unique ID: 5d56153c-06c2-433f-ab94-179f4f102b7a,
Billed Duration for Request 5d56153c-06c2-433f-ab94-179f4f102b7a: 56 ms
Input: 1000000,
Cold Start: false
Unique ID: 03e8e5a6-3af1-488d-b409-ceae9c0d4082,
Billed Duration for Request 03e8e5a6-3af1-488d-b409-ceae9c0d4082: 77 ms
Input: 1000000,
Cold Start: false
Unique ID: f8e96116-a4e4-430b-a98d-9714000bd04e,
Billed Duration for Request f8e96116-a4e4-430b-a98d-9714000bd04e: 116 ms
Input: 1000000,
Cold Start: false
Unique ID: 018873af-a02b-4e00-a35b-c0fe13449ebb,
Billed Duration for Request 018873af-a02b-4e00-a35b-c0fe13449ebb: 72 ms
Input: 1000000,
Cold Start: false
Unique ID: 80604425-cac7-4f4a-af59-476936692d58,
Billed Duration for Request 80604425-cac7-4f4a-af59-476936692d58: 138 ms
Input: 1000000,
Cold Start: false
Unique ID: b0bea049-c220-472d-8865-bf1b82f175dd,
Billed Duration for Request b0bea049-c220-472d-8865-bf1b82f175dd: 106 ms
Input: 1000000,
Cold Start: false
Unique ID: 24196205-5ebb-4007-8edd-3a42ad2258af,
Billed Duration for Request 24196205-5ebb-4007-8edd-3a42ad2258af: 81 ms
Input: 1000000,
Cold Start: false
Unique ID: c852896e-077c-49ac-9ea6-e428dbc94ded,
Billed Duration for Request c852896e-077c-49ac-9ea6-e428dbc94ded: 95 ms
Input: 1000000,
Cold Start: false
Unique ID: 613503a5-3bf8-447e-b479-920cd109bcda,
Billed Duration for Request 613503a5-3bf8-447e-b479-920cd109bcda: 157 ms
Input: 1000000,
Cold Start: false
Unique ID: ffb0a666-e9e9-426b-9aa7-91a4f93caaf7,
Billed Duration for Request ffb0a666-e9e9-426b-9aa7-91a4f93caaf7: 97 ms
Input: 1000000,
Cold Start: false
Unique ID: e639146c-8845-4bcc-b763-3ae37b2feaf7,
Billed Duration for Request e639146c-8845-4bcc-b763-3ae37b2feaf7: 67 ms
Input: 1000000,
Cold Start: false
Unique ID: 5aba7e27-9e5e-4dea-95d3-7cca039dc137,
Billed Duration for Request 5aba7e27-9e5e-4dea-95d3-7cca039dc137: 103 ms
Input: 1000000,
Cold Start: false
Unique ID: b06bf20d-1f6c-4e30-8c1c-51810f1a611d,
Billed Duration for Request b06bf20d-1f6c-4e30-8c1c-51810f1a611d: 91 ms
Input: 1000000,
Cold Start: false
Unique ID: c16a12f3-5bea-4c9a-b9fd-34482c61f338,
Billed Duration for Request c16a12f3-5bea-4c9a-b9fd-34482c61f338: 60 ms
Input: 1000000,
Cold Start: false
Unique ID: 4dcf424c-d841-48c0-b3ea-d72a6be7f117,
Billed Duration for Request 4dcf424c-d841-48c0-b3ea-d72a6be7f117: 98 ms
Input: 1000000,
Cold Start: false
Unique ID: 9fd74d94-99e0-4d04-8b8f-c2db267653f3,
Billed Duration for Request 9fd74d94-99e0-4d04-8b8f-c2db267653f3: 100 ms
Input: 1000000,
Cold Start: false
Unique ID: 3108ddd4-39c3-4c4b-9322-5f62ba369fb8,
Billed Duration for Request 3108ddd4-39c3-4c4b-9322-5f62ba369fb8: 50 ms
Input: 1000000,
Cold Start: false
Unique ID: 79f1d61f-16ee-42e8-9041-8f62e8bbf99d,
Billed Duration for Request 79f1d61f-16ee-42e8-9041-8f62e8bbf99d: 113 ms
Input: 1000000,
Cold Start: false
Unique ID: b04bfdef-d960-452e-9c68-1010e1bf1e1e,
Billed Duration for Request b04bfdef-d960-452e-9c68-1010e1bf1e1e: 143 ms
Input: 1000000,
Cold Start: false
Unique ID: 82e6d8a8-75d9-4960-bbc6-e5bd9409e7d3,
Billed Duration for Request 82e6d8a8-75d9-4960-bbc6-e5bd9409e7d3: 63 ms
Input: 1000000,
Cold Start: false
Unique ID: b4d442b1-44cf-401c-8d2c-4a28ed4d6dd1,
Billed Duration for Request b4d442b1-44cf-401c-8d2c-4a28ed4d6dd1: 127 ms
Input: 1000000,
Cold Start: false
Unique ID: 209e4ebe-48ba-483d-970a-e06b1f072a5b,
Billed Duration for Request 209e4ebe-48ba-483d-970a-e06b1f072a5b: 99 ms
Input: 1000000,
Cold Start: false
Unique ID: 0f466556-25bc-4c56-95ff-55ac2ec0e05d,
Billed Duration for Request 0f466556-25bc-4c56-95ff-55ac2ec0e05d: 71 ms
Input: 1000000,
Cold Start: false
Unique ID: a077b82c-5d9b-4d09-a022-c270fd07e2c8,
Billed Duration for Request a077b82c-5d9b-4d09-a022-c270fd07e2c8: 66 ms
Input: 1000000,
Cold Start: false
Unique ID: 525f6afc-5162-4764-908c-bcd297325c4a,
Billed Duration for Request 525f6afc-5162-4764-908c-bcd297325c4a: 97 ms
Input: 1000000,
Cold Start: false
Unique ID: 9420f82c-8cae-4a53-bb79-b4b5bca32d4b,
Billed Duration for Request 9420f82c-8cae-4a53-bb79-b4b5bca32d4b: 49 ms
Input: 1000000,
Cold Start: false
Unique ID: 639a1167-8773-4279-bce9-1a7fa864221c,
Billed Duration for Request 639a1167-8773-4279-bce9-1a7fa864221c: 145 ms
Input: 1000000,
Cold Start: false
Unique ID: 273d2ef5-797d-450a-b9a0-0457d5f979d4,
Billed Duration for Request 273d2ef5-797d-450a-b9a0-0457d5f979d4: 134 ms
Input: 1000000,
Cold Start: false
Unique ID: 929e327a-e3d2-496f-a766-0d3cd40c286c,
Billed Duration for Request 929e327a-e3d2-496f-a766-0d3cd40c286c: 94 ms
Input: 1000000,
Cold Start: false
Unique ID: 69bdec6c-5b1b-404c-9ad8-8df84d015e2e,
Billed Duration for Request 69bdec6c-5b1b-404c-9ad8-8df84d015e2e: 145 ms
Input: 1000000,
Cold Start: false
Unique ID: c76efc0e-b4fa-477e-b4b6-175bf64bf16d,
Billed Duration for Request c76efc0e-b4fa-477e-b4b6-175bf64bf16d: 86 ms
Input: 1000000,
Cold Start: false
Unique ID: 93cbdaca-9b8f-402e-86fa-ab88288d3402,
Billed Duration for Request 93cbdaca-9b8f-402e-86fa-ab88288d3402: 74 ms
Input: 1000000,
Cold Start: false
Unique ID: f89735a8-f9d0-42ba-98af-c058c54967e2,
Billed Duration for Request f89735a8-f9d0-42ba-98af-c058c54967e2: 82 ms
Input: 1000000,
Cold Start: false
Unique ID: 57b03b1a-8cea-46f4-970e-804b56116b32,
Billed Duration for Request 57b03b1a-8cea-46f4-970e-804b56116b32: 73 ms
Input: 1000000,
Cold Start: false
Unique ID: 8b49e1ce-6bcf-4021-85a6-2ed0a3378d85,
Billed Duration for Request 8b49e1ce-6bcf-4021-85a6-2ed0a3378d85: 155 ms
Input: 1000000,
Cold Start: false
Unique ID: 2e319d9e-40b5-4143-866d-6192a55598ce,
Billed Duration for Request 2e319d9e-40b5-4143-866d-6192a55598ce: 51 ms
Input: 1000000,
Cold Start: false
Unique ID: 2b970c5b-2bbc-4d80-b7c1-3bd86ee6dd59,
Billed Duration for Request 2b970c5b-2bbc-4d80-b7c1-3bd86ee6dd59: 87 ms
Input: 1000000,
Cold Start: false
Unique ID: 213651ec-7812-45f2-b12f-8a87e46cacb1,
Billed Duration for Request 213651ec-7812-45f2-b12f-8a87e46cacb1: 97 ms
Input: 1000000,
Cold Start: false
Unique ID: 1a032900-75e0-4dc1-8120-eddbad7bd7b4,
Billed Duration for Request 1a032900-75e0-4dc1-8120-eddbad7bd7b4: 70 ms
Input: 1000000,
Cold Start: false
Unique ID: ba9020f2-8f04-4a35-a883-f20702c9fc1c,
Billed Duration for Request ba9020f2-8f04-4a35-a883-f20702c9fc1c: 80 ms
Input: 1000000,
Cold Start: false
Unique ID: 431b66ab-85ba-4da5-b693-37930760bf78,
Billed Duration for Request 431b66ab-85ba-4da5-b693-37930760bf78: 128 ms
Input: 1000000,
Cold Start: false
Unique ID: b94e4c32-6f66-4f7a-8fcb-b5661a4b0913,
Billed Duration for Request b94e4c32-6f66-4f7a-8fcb-b5661a4b0913: 92 ms
Input: 1000000,
Cold Start: false
Unique ID: 924e7179-3bec-4051-9a5b-b309f339c37e,
Billed Duration for Request 924e7179-3bec-4051-9a5b-b309f339c37e: 84 ms
Input: 1000000,
Cold Start: false
Unique ID: a2b914f1-3820-428d-a5c2-bc4f4f461854,
Billed Duration for Request a2b914f1-3820-428d-a5c2-bc4f4f461854: 64 ms
Input: 1000000,
Cold Start: false
Unique ID: a8013f1a-c4e4-466c-89af-f677dfd85314,
Billed Duration for Request a8013f1a-c4e4-466c-89af-f677dfd85314: 98 ms
Input: 1000000,
Cold Start: false
Unique ID: e04754c6-b7c6-4ac2-b94f-2df8986ff40e,
Billed Duration for Request e04754c6-b7c6-4ac2-b94f-2df8986ff40e: 71 ms
Input: 1000000,
Cold Start: false
Unique ID: 8b588630-8600-4160-98ad-164bfdf4d447,
Billed Duration for Request 8b588630-8600-4160-98ad-164bfdf4d447: 101 ms
Input: 1000000,
Cold Start: false
Unique ID: c36d976d-9d80-47ec-94cb-cca894df7c41,
Billed Duration for Request c36d976d-9d80-47ec-94cb-cca894df7c41: 98 ms
Input: 1000000,
Cold Start: false
Unique ID: df423fd7-b71e-4e9d-810e-a55193743656,
Billed Duration for Request df423fd7-b71e-4e9d-810e-a55193743656: 75 ms
Input: 1000000,
Cold Start: false
Unique ID: ed221849-62f0-436e-a54e-560f78685909,
Billed Duration for Request ed221849-62f0-436e-a54e-560f78685909: 76 ms
Input: 1000000,
Cold Start: false
Unique ID: d10adc99-0d8a-4700-81b6-120aa84333e0,
Billed Duration for Request d10adc99-0d8a-4700-81b6-120aa84333e0: 116 ms
Input: 1000000,
Cold Start: false
Unique ID: d479d54f-89d5-4144-a20b-c0aacc76e4c2,
Billed Duration for Request d479d54f-89d5-4144-a20b-c0aacc76e4c2: 87 ms
Input: 1000000,
Cold Start: false
Unique ID: 720a6f2a-ebe4-42c2-b25f-655569fafd0c,
Billed Duration for Request 720a6f2a-ebe4-42c2-b25f-655569fafd0c: 53 ms
Input: 1000000,
Cold Start: false
Unique ID: 930b2114-fc68-4d2f-8a1d-e8bc49c6cb8e,
Billed Duration for Request 930b2114-fc68-4d2f-8a1d-e8bc49c6cb8e: 95 ms
Input: 1000000,
Cold Start: false
Unique ID: 961ddb31-98f6-4857-a74d-5c7f3368d2a2,
Billed Duration for Request 961ddb31-98f6-4857-a74d-5c7f3368d2a2: 112 ms
Input: 1000000,
Cold Start: false
Unique ID: d97377f1-5cf0-42b9-9c90-ab5b56919bb8,
Billed Duration for Request d97377f1-5cf0-42b9-9c90-ab5b56919bb8: 66 ms
Input: 1000000,
Cold Start: false
Unique ID: b7fa205f-af71-4fc5-9813-23d53413ad89,
Billed Duration for Request b7fa205f-af71-4fc5-9813-23d53413ad89: 129 ms
Input: 1000000,
Cold Start: false
Unique ID: 17ce1e7b-f4c6-42ce-b4cd-5ca467fc07cb,
Billed Duration for Request 17ce1e7b-f4c6-42ce-b4cd-5ca467fc07cb: 119 ms
Input: 1000000,
Cold Start: false
Unique ID: 9ab91453-d71e-46a6-bcdb-f81ec15a8aea,
Billed Duration for Request 9ab91453-d71e-46a6-bcdb-f81ec15a8aea: 83 ms
Input: 1000000,
Cold Start: false
Unique ID: 72bbab2c-2e4c-4000-87e6-d4c96ce6e8eb,
Billed Duration for Request 72bbab2c-2e4c-4000-87e6-d4c96ce6e8eb: 57 ms
Input: 1000000,
Cold Start: false
Unique ID: b0ede173-3596-4565-beef-2f1896aa8f84,
Billed Duration for Request b0ede173-3596-4565-beef-2f1896aa8f84: 97 ms
Input: 1000000,
Cold Start: false
Unique ID: 51634799-f0eb-4a30-b786-1a7ff12d4de8,
Billed Duration for Request 51634799-f0eb-4a30-b786-1a7ff12d4de8: 74 ms
Input: 1000000,
Cold Start: false
Unique ID: af17c072-e3a0-4698-9885-e3fe81c8398a,
Billed Duration for Request af17c072-e3a0-4698-9885-e3fe81c8398a: 123 ms
Input: 1000000,
Cold Start: false
Unique ID: 17896411-4d37-44a9-b7dd-3fef7edb4fe9,
Billed Duration for Request 17896411-4d37-44a9-b7dd-3fef7edb4fe9: 102 ms
Input: 1000000,
Cold Start: false
Unique ID: 836ea50f-ed41-40bb-9de3-082071dc4508,
Billed Duration for Request 836ea50f-ed41-40bb-9de3-082071dc4508: 92 ms
Input: 1000000,
Cold Start: false
Unique ID: d73c9b30-ecea-4143-8306-94ae2d6a57d3,
Billed Duration for Request d73c9b30-ecea-4143-8306-94ae2d6a57d3: 94 ms
Input: 1000000,
Cold Start: false
Unique ID: 5641a0b0-9ba7-4ee9-a07a-a9366be863d5,
Billed Duration for Request 5641a0b0-9ba7-4ee9-a07a-a9366be863d5: 156 ms
Input: 1000000,
Cold Start: false
Unique ID: caff6e60-6d67-4977-b63a-955b07f6503b,
Billed Duration for Request caff6e60-6d67-4977-b63a-955b07f6503b: 67 ms
Input: 1000000,
Cold Start: false
Unique ID: 0e0c9a41-0787-43f9-8480-7618a1501df8,
Billed Duration for Request 0e0c9a41-0787-43f9-8480-7618a1501df8: 53 ms
Input: 1000000,
Cold Start: false
Unique ID: fe871c11-3d37-4734-872e-40cee60045c0,
Billed Duration for Request fe871c11-3d37-4734-872e-40cee60045c0: 86 ms
Input: 1000000,
Cold Start: false
Unique ID: fc261dca-743c-46b1-a7bf-305d309aaec5,
Billed Duration for Request fc261dca-743c-46b1-a7bf-305d309aaec5: 94 ms
Input: 1000000,
Cold Start: false
Unique ID: d1a33737-be03-43c7-8154-d23606e9036d,
Billed Duration for Request d1a33737-be03-43c7-8154-d23606e9036d: 68 ms
Input: 1000000,
Cold Start: false
Unique ID: df6e3118-edca-4f45-a33c-3548872de53a,
Billed Duration for Request df6e3118-edca-4f45-a33c-3548872de53a: 106 ms
Input: 1000000,
Cold Start: false
Unique ID: 630c0b8c-4828-4f0a-970b-838440b5f506,
Billed Duration for Request 630c0b8c-4828-4f0a-970b-838440b5f506: 98 ms
Input: 1000000,
Cold Start: false
Unique ID: e971f9ab-e228-4eac-b572-b960fbdad823,
Billed Duration for Request e971f9ab-e228-4eac-b572-b960fbdad823: 64 ms
Input: 1000000,
Cold Start: false
Unique ID: f8b330c1-e27f-4272-9770-d6551176fcf5,
Billed Duration for Request f8b330c1-e27f-4272-9770-d6551176fcf5: 109 ms
Input: 1000000,
Cold Start: false
Unique ID: 080c5e0e-7549-419a-979d-065e28daf93b,
Billed Duration for Request 080c5e0e-7549-419a-979d-065e28daf93b: 115 ms
Input: 1000000,
Cold Start: false
Unique ID: d18ced79-26f4-478b-952c-70be30dbe09a,
Billed Duration for Request d18ced79-26f4-478b-952c-70be30dbe09a: 54 ms
Input: 1000000,
Cold Start: false
Unique ID: 9298f648-daf4-42e1-b754-1dbc57af2966,
Billed Duration for Request 9298f648-daf4-42e1-b754-1dbc57af2966: 98 ms
Input: 1000000,
Cold Start: false
Unique ID: 048f560a-92e8-4689-b6f7-2e53815716a5,
Billed Duration for Request 048f560a-92e8-4689-b6f7-2e53815716a5: 102 ms
Input: 1000000,
Cold Start: false
Unique ID: 2d77cfdc-c9df-47dc-9721-5b85fb6bf81a,
Billed Duration for Request 2d77cfdc-c9df-47dc-9721-5b85fb6bf81a: 59 ms
Input: 1000000,
Cold Start: false
Unique ID: 24851553-56bd-4c86-a888-55199dfcf603,
Billed Duration for Request 24851553-56bd-4c86-a888-55199dfcf603: 117 ms
Input: 1000000,
Cold Start: false
Unique ID: 588804af-4011-4e4c-84d1-5d5608c2e629,
Billed Duration for Request 588804af-4011-4e4c-84d1-5d5608c2e629: 139 ms
Input: 1000000,
Cold Start: false
Unique ID: 849b5fa7-8a3b-4157-a281-418d8de0580c,
Billed Duration for Request 849b5fa7-8a3b-4157-a281-418d8de0580c: 85 ms
Input: 1000000,
Cold Start: false
Unique ID: db14bbbe-0b39-4237-9cbc-8d75850585fd,
Billed Duration for Request db14bbbe-0b39-4237-9cbc-8d75850585fd: 63 ms
Input: 1000000,
Cold Start: false
Unique ID: 4ec4f8ed-1fb1-4291-8c37-1cffc9727821,
Billed Duration for Request 4ec4f8ed-1fb1-4291-8c37-1cffc9727821: 101 ms
Input: 1000000,
Cold Start: false
Unique ID: 090eb730-5761-4609-8cb4-2e5d090b3457,
Billed Duration for Request 090eb730-5761-4609-8cb4-2e5d090b3457: 114 ms
Input: 1000000,
Cold Start: false
Unique ID: ebc40dee-c0e8-4a24-9a64-fcac1b51cee3,
Billed Duration for Request ebc40dee-c0e8-4a24-9a64-fcac1b51cee3: 61 ms
Input: 1000000,
Cold Start: false
Unique ID: 705a32e3-7585-444a-b3c2-bc77cc036558,
Billed Duration for Request 705a32e3-7585-444a-b3c2-bc77cc036558: 124 ms
Input: 1000000,
Cold Start: false
Unique ID: 60eebd2b-522f-437c-a609-9d053dde62b3,
Billed Duration for Request 60eebd2b-522f-437c-a609-9d053dde62b3: 101 ms
Input: 1000000,
Cold Start: false
Unique ID: 34d44cd7-9d1b-40ea-8f38-0b19f63a2a40,
Billed Duration for Request 34d44cd7-9d1b-40ea-8f38-0b19f63a2a40: 65 ms
Input: 1000000,
Cold Start: false
Unique ID: 886f9c55-2310-4c09-a231-5d433b4bb158,
Billed Duration for Request 886f9c55-2310-4c09-a231-5d433b4bb158: 76 ms
Input: 1000000,
Cold Start: false
Unique ID: ed89363b-74a7-407f-bae4-27c148d1af40,
Billed Duration for Request ed89363b-74a7-407f-bae4-27c148d1af40: 137 ms
Input: 1000000,
Cold Start: false
Unique ID: 6318d882-cf97-4986-a1b2-15e61e2c4c85,
Billed Duration for Request 6318d882-cf97-4986-a1b2-15e61e2c4c85: 73 ms
Input: 1000000,
Cold Start: false
Unique ID: 9c965622-fffb-4521-80e8-ba059df9969f,
Billed Duration for Request 9c965622-fffb-4521-80e8-ba059df9969f: 106 ms
Input: 1000000,
Cold Start: false
Unique ID: 5b50d637-9018-49b5-8e52-94559e4153fe,
Billed Duration for Request 5b50d637-9018-49b5-8e52-94559e4153fe: 72 ms
Input: 1000000,
Cold Start: false
Unique ID: 02487a64-96fb-48bf-9e72-cc47ddf2799b,
Billed Duration for Request 02487a64-96fb-48bf-9e72-cc47ddf2799b: 157 ms
Input: 1000000,
Cold Start: false
Unique ID: 26269e25-28fa-424d-ab0b-057ba2b54893,
Billed Duration for Request 26269e25-28fa-424d-ab0b-057ba2b54893: 77 ms
Input: 1000000,
Cold Start: false
Unique ID: 0f25c919-7c65-4aa9-8fca-74e6f2d0990e,
Billed Duration for Request 0f25c919-7c65-4aa9-8fca-74e6f2d0990e: 87 ms
Input: 1000000,
Cold Start: false
Unique ID: 613e7ee2-d925-454d-80d1-35c3bff8e89f,
Billed Duration for Request 613e7ee2-d925-454d-80d1-35c3bff8e89f: 82 ms
Input: 1000000,
Cold Start: false
Unique ID: 2c06f544-ba61-4952-b314-08b8a193070b,
Billed Duration for Request 2c06f544-ba61-4952-b314-08b8a193070b: 114 ms
Input: 1000000,
Cold Start: false
Unique ID: dc36dd12-5ad3-434b-998e-ec36f8c53f82,
Billed Duration for Request dc36dd12-5ad3-434b-998e-ec36f8c53f82: 104 ms
Input: 1000000,
Cold Start: false
Unique ID: 86d3bbdc-b334-44c3-abea-8de6b71049d6,
Billed Duration for Request 86d3bbdc-b334-44c3-abea-8de6b71049d6: 81 ms
Input: 1000000,
Cold Start: false
Unique ID: 2236be45-22b0-4be0-ad8c-2a176a54f36f,
Billed Duration for Request 2236be45-22b0-4be0-ad8c-2a176a54f36f: 108 ms
Input: 1000000,
Cold Start: false
Unique ID: d492b1dc-1c69-45b5-b350-ed5f6f6ae0bb,
Billed Duration for Request d492b1dc-1c69-45b5-b350-ed5f6f6ae0bb: 77 ms
Input: 1000000,
Cold Start: false
Unique ID: dfbb6947-cd13-409d-bfa2-411610d2d75b,
Billed Duration for Request dfbb6947-cd13-409d-bfa2-411610d2d75b: 66 ms
Input: 1000000,
Cold Start: false
Unique ID: 6d097214-3973-46ab-937c-2d36ca8fc80d,
Billed Duration for Request 6d097214-3973-46ab-937c-2d36ca8fc80d: 117 ms
Input: 1000000,
Cold Start: false
Unique ID: b8bb8fc9-70cb-4baa-94d8-880e22706424,
Billed Duration for Request b8bb8fc9-70cb-4baa-94d8-880e22706424: 124 ms
Input: 1000000,
Cold Start: false
Unique ID: 5c9c90b1-d7ff-498a-a2c7-9024cb62eb32,
Billed Duration for Request 5c9c90b1-d7ff-498a-a2c7-9024cb62eb32: 87 ms
Input: 1000000,
Cold Start: false
Unique ID: 638d0b4b-a645-46a5-9e15-efc9b8527250,
Billed Duration for Request 638d0b4b-a645-46a5-9e15-efc9b8527250: 75 ms
Input: 1000000,
Cold Start: false
Unique ID: 038d1fc1-ddf2-4cc9-931b-167b64bd04be,
Billed Duration for Request 038d1fc1-ddf2-4cc9-931b-167b64bd04be: 86 ms
Input: 1000000,
Cold Start: false
Unique ID: 786799a1-4b0b-4bae-b832-1b98718683e0,
Billed Duration for Request 786799a1-4b0b-4bae-b832-1b98718683e0: 99 ms
Input: 1000000,
Cold Start: false
Unique ID: 2f2612f2-18ea-47c1-9d1c-cc320a7f8623,
Billed Duration for Request 2f2612f2-18ea-47c1-9d1c-cc320a7f8623: 106 ms
Input: 1000000,
Cold Start: false
Unique ID: bb7c757f-3a70-4675-b4fd-4f0517d619e2,
Billed Duration for Request bb7c757f-3a70-4675-b4fd-4f0517d619e2: 63 ms
Input: 1000000,
Cold Start: false
Unique ID: f90afccc-0fea-4bdd-a266-f7fd91977e0e,
Billed Duration for Request f90afccc-0fea-4bdd-a266-f7fd91977e0e: 136 ms
Input: 1000000,
Cold Start: false
Unique ID: 4128a0b1-5007-46b4-af8a-ab34d3370d10,
Billed Duration for Request 4128a0b1-5007-46b4-af8a-ab34d3370d10: 87 ms
Input: 1000000,
Cold Start: false
Unique ID: 81aab382-298d-4b82-9b19-502d6b13e8d5,
Billed Duration for Request 81aab382-298d-4b82-9b19-502d6b13e8d5: 57 ms
Input: 1000000,
Cold Start: false
Unique ID: 4c2e4727-2d3e-473d-a169-f9ac16d5f0e6,
Billed Duration for Request 4c2e4727-2d3e-473d-a169-f9ac16d5f0e6: 89 ms
Input: 1000000,
Cold Start: false
Unique ID: db059ea3-4dc6-4432-827a-6a4394ee77b1,
Billed Duration for Request db059ea3-4dc6-4432-827a-6a4394ee77b1: 118 ms
Input: 1000000,
Cold Start: false
Unique ID: 0efec83a-2051-445d-a4ad-cac8a761c229,
Billed Duration for Request 0efec83a-2051-445d-a4ad-cac8a761c229: 124 ms
Input: 1000000,
Cold Start: false
Unique ID: 1679c9be-edf9-4565-920b-ab028a668100,
Billed Duration for Request 1679c9be-edf9-4565-920b-ab028a668100: 72 ms
Input: 1000000,
Cold Start: false
Unique ID: 52e98aba-dcc0-43ca-a170-dbe45e26a163,
Billed Duration for Request 52e98aba-dcc0-43ca-a170-dbe45e26a163: 69 ms
Input: 1000000,
Cold Start: false
Unique ID: 4f178db7-c58a-43b0-a175-1f698f76f338,
Billed Duration for Request 4f178db7-c58a-43b0-a175-1f698f76f338: 86 ms
Input: 1000000,
Cold Start: false
Unique ID: 8a52f558-11d9-4fe7-8eb1-f98aee04aaa6,
Billed Duration for Request 8a52f558-11d9-4fe7-8eb1-f98aee04aaa6: 97 ms
Input: 1000000,
Cold Start: false
Unique ID: 03b30eff-0bde-4771-8fab-536a1ad806cb,
Billed Duration for Request 03b30eff-0bde-4771-8fab-536a1ad806cb: 55 ms
Input: 1000000,
Cold Start: false
Unique ID: 75f8fd6e-80f2-4f12-a9f2-2c101e4878f4,
Billed Duration for Request 75f8fd6e-80f2-4f12-a9f2-2c101e4878f4: 117 ms
Input: 1000000,
Cold Start: false
Unique ID: 075a6327-2eba-470a-a335-2d1db9c65700,
Billed Duration for Request 075a6327-2eba-470a-a335-2d1db9c65700: 147 ms
Input: 1000000,
Cold Start: false
Unique ID: 7d6c1c61-9bd3-43ff-948a-e2f54ea2e4b1,
Billed Duration for Request 7d6c1c61-9bd3-43ff-948a-e2f54ea2e4b1: 58 ms
Input: 1000000,
Cold Start: false
Unique ID: 90c52750-2dd1-4095-9947-aa817b174bf6,
Billed Duration for Request 90c52750-2dd1-4095-9947-aa817b174bf6: 82 ms
Input: 1000000,
Cold Start: false
Unique ID: 198697bd-2128-4987-9bb6-fc9b0c2dce21,
Billed Duration for Request 198697bd-2128-4987-9bb6-fc9b0c2dce21: 70 ms
Input: 1000000,
Cold Start: false
Unique ID: b7f57d0b-593e-43fa-a2d6-78f6a464c6f9,
Billed Duration for Request b7f57d0b-593e-43fa-a2d6-78f6a464c6f9: 121 ms
Input: 1000000,
Cold Start: false
Unique ID: cfecc628-948e-4e14-b009-db07b0a4ff17,
Billed Duration for Request cfecc628-948e-4e14-b009-db07b0a4ff17: 84 ms
Input: 1000000,
Cold Start: false
Unique ID: 82cc2d18-94a1-48b3-8a95-0947c72d18b0,
Billed Duration for Request 82cc2d18-94a1-48b3-8a95-0947c72d18b0: 72 ms
Input: 1000000,
Cold Start: false
Unique ID: d27f0cc1-258f-4751-9b38-561ef3dc4301,
Billed Duration for Request d27f0cc1-258f-4751-9b38-561ef3dc4301: 85 ms
Input: 1000000,
Cold Start: false
Unique ID: 53f21b91-0d32-4b62-b975-72ff73f896b0,
Billed Duration for Request 53f21b91-0d32-4b62-b975-72ff73f896b0: 141 ms
Input: 1000000,
Cold Start: false
Unique ID: b879297f-a6e7-412b-9b93-3ac9112edef6,
Billed Duration for Request b879297f-a6e7-412b-9b93-3ac9112edef6: 77 ms
Input: 1000000,
Cold Start: false
Unique ID: ea1c4378-9b0b-4077-a37a-49b2bfa7d2da,
Billed Duration for Request ea1c4378-9b0b-4077-a37a-49b2bfa7d2da: 57 ms
Input: 1000000,
Cold Start: false
Unique ID: f37da715-6332-4765-a1ce-d73c2d688891,
Billed Duration for Request f37da715-6332-4765-a1ce-d73c2d688891: 83 ms
Input: 1000000,
Cold Start: false
Unique ID: a32dbfeb-7ed5-412a-b605-7e75d4692ed4,
Billed Duration for Request a32dbfeb-7ed5-412a-b605-7e75d4692ed4: 81 ms
Input: 1000000,
Cold Start: false
Unique ID: a275353d-2706-49e0-972f-ca6419b34d3a,
Billed Duration for Request a275353d-2706-49e0-972f-ca6419b34d3a: 145 ms
Input: 1000000,
Cold Start: false
Unique ID: a27ec286-8247-4448-9aa8-a41259a1e69c,
Billed Duration for Request a27ec286-8247-4448-9aa8-a41259a1e69c: 53 ms
Input: 1000000,
Cold Start: false
Unique ID: 7e989aa4-8c51-48e3-8588-18f1f9874c5a,
Billed Duration for Request 7e989aa4-8c51-48e3-8588-18f1f9874c5a: 80 ms
Input: 1000000,
Cold Start: false
Unique ID: b84243ce-4ace-450d-ab09-f867e0825f03,
Billed Duration for Request b84243ce-4ace-450d-ab09-f867e0825f03: 69 ms
Input: 1000000,
Cold Start: false
Unique ID: 3898f12b-184c-4c66-8a97-6cdc56ddeee6,
Billed Duration for Request 3898f12b-184c-4c66-8a97-6cdc56ddeee6: 120 ms
Input: 1000000,
Cold Start: false
Unique ID: 66c377d2-7eac-4a1b-9845-95bc1949cb96,
Billed Duration for Request 66c377d2-7eac-4a1b-9845-95bc1949cb96: 99 ms
Input: 1000000,
Cold Start: false
Unique ID: 24e59e4f-318d-4640-b416-566a4400c27a,
Billed Duration for Request 24e59e4f-318d-4640-b416-566a4400c27a: 58 ms
Input: 1000000,
Cold Start: false
Unique ID: c2359ecc-ee65-4cf1-942e-dbbdfac7544c,
Billed Duration for Request c2359ecc-ee65-4cf1-942e-dbbdfac7544c: 102 ms
Input: 1000000,
Cold Start: false
Unique ID: 0ebc1364-432c-40e6-87ac-dc69287c8bde,
Billed Duration for Request 0ebc1364-432c-40e6-87ac-dc69287c8bde: 103 ms
Input: 1000000,
Cold Start: false
Unique ID: d43bb31c-c012-4a06-be4e-7eb9c827b72d,
Billed Duration for Request d43bb31c-c012-4a06-be4e-7eb9c827b72d: 54 ms
Input: 1000000,
Cold Start: false
Unique ID: 19158daa-8e82-473e-87f2-109781355fa0,
Billed Duration for Request 19158daa-8e82-473e-87f2-109781355fa0: 84 ms
Input: 1000000,
Cold Start: false
Unique ID: 327bf728-277e-4299-85ef-d295fe3d05d2,
Billed Duration for Request 327bf728-277e-4299-85ef-d295fe3d05d2: 90 ms
Input: 1000000,
Cold Start: false
Unique ID: 9dd4529c-96e8-471d-8094-ac7bdcc4fd79,
Billed Duration for Request 9dd4529c-96e8-471d-8094-ac7bdcc4fd79: 53 ms
Input: 1000000,
Cold Start: false
Unique ID: 7d8672ab-ce67-40ab-a624-34adb6a8c48c,
Billed Duration for Request 7d8672ab-ce67-40ab-a624-34adb6a8c48c: 120 ms
Input: 1000000,
Cold Start: false
Unique ID: 80f9fc6f-1e6e-44d8-a4ec-b86349964f5e,
Billed Duration for Request 80f9fc6f-1e6e-44d8-a4ec-b86349964f5e: 56 ms
Input: 1000000,
Cold Start: false
Unique ID: f138ad37-7ae0-4460-9f8a-507a4f1e2800,
Billed Duration for Request f138ad37-7ae0-4460-9f8a-507a4f1e2800: 77 ms
Input: 1000000,
Cold Start: false
Unique ID: 7354a478-f374-42e6-8fac-b0e15887ed67,
Billed Duration for Request 7354a478-f374-42e6-8fac-b0e15887ed67: 105 ms
Input: 1000000,
Cold Start: false
Unique ID: 3c4e9211-4931-423e-ad93-ad91860e9388,
Billed Duration for Request 3c4e9211-4931-423e-ad93-ad91860e9388: 116 ms
Input: 1000000,
Cold Start: false
Unique ID: b4b00aa2-3316-44e5-98d4-f560ed56353e,
Billed Duration for Request b4b00aa2-3316-44e5-98d4-f560ed56353e: 59 ms
Input: 1000000,
Cold Start: false
Unique ID: d3eb1de8-12a8-45b7-a78c-871b109ef055,
Billed Duration for Request d3eb1de8-12a8-45b7-a78c-871b109ef055: 80 ms
Input: 1000000,
Cold Start: false
Unique ID: 6ee10098-df3b-431a-804d-d778af824cb8,
Billed Duration for Request 6ee10098-df3b-431a-804d-d778af824cb8: 59 ms
Input: 1000000,
Cold Start: false
Unique ID: dffb831c-377d-4d66-8171-01829ab6d013,
Billed Duration for Request dffb831c-377d-4d66-8171-01829ab6d013: 160 ms
Input: 1000000,
Cold Start: false
Unique ID: 28bc6417-616d-494e-b124-d93e1c8f742d,
Billed Duration for Request 28bc6417-616d-494e-b124-d93e1c8f742d: 119 ms
Input: 1000000,
Cold Start: false
Unique ID: 84c6e4a4-4fc9-4c2d-9814-dbd8eb31a9bb,
Billed Duration for Request 84c6e4a4-4fc9-4c2d-9814-dbd8eb31a9bb: 89 ms
Input: 1000000,
Cold Start: false
Unique ID: 76f0bf0a-5f34-4e43-bac4-0686d78ff840,
Billed Duration for Request 76f0bf0a-5f34-4e43-bac4-0686d78ff840: 100 ms
Input: 1000000,
Cold Start: false
Unique ID: 8b2aeeaf-fc2d-4606-aa71-af5ca0705b55,
Billed Duration for Request 8b2aeeaf-fc2d-4606-aa71-af5ca0705b55: 76 ms
Input: 1000000,
Cold Start: false
Unique ID: 20645503-3329-4a1b-a196-b3c11c592937,
Billed Duration for Request 20645503-3329-4a1b-a196-b3c11c592937: 129 ms
Input: 1000000,
Cold Start: false
Unique ID: c12b61a8-bd82-4b7e-996e-99dfe19d7671,
Billed Duration for Request c12b61a8-bd82-4b7e-996e-99dfe19d7671: 73 ms
Input: 1000000,
Cold Start: false
Unique ID: b45727b2-34ae-4063-ae7b-7b67fdd492b8,
Billed Duration for Request b45727b2-34ae-4063-ae7b-7b67fdd492b8: 99 ms
Input: 1000000,
Cold Start: false
Unique ID: 5dcd1a77-333c-45d0-9e08-5b4ad920f621,
Billed Duration for Request 5dcd1a77-333c-45d0-9e08-5b4ad920f621: 86 ms
Input: 1000000,
Cold Start: false
Unique ID: 82b89303-1453-488f-9094-63ce5a7ff1fc,
Billed Duration for Request 82b89303-1453-488f-9094-63ce5a7ff1fc: 81 ms
Input: 1000000,
Cold Start: false
Unique ID: 0e3c3a16-7636-486b-b6ed-0eeb0853d802,
Billed Duration for Request 0e3c3a16-7636-486b-b6ed-0eeb0853d802: 136 ms
Input: 1000000,
Cold Start: false
Unique ID: 9607df45-c446-4c20-b24f-1d53b414d01d,
Billed Duration for Request 9607df45-c446-4c20-b24f-1d53b414d01d: 120 ms
Input: 1000000,
Cold Start: false
Unique ID: 9a4265b5-82c6-4f69-9671-939c08aef0e9,
Billed Duration for Request 9a4265b5-82c6-4f69-9671-939c08aef0e9: 92 ms
Input: 1000000,
Cold Start: false
Unique ID: 0b82c4f1-7e96-467b-be2f-6b53d5d240d9,
Billed Duration for Request 0b82c4f1-7e96-467b-be2f-6b53d5d240d9: 75 ms
Input: 1000000,
Cold Start: false
Unique ID: 14dbe167-510f-42a3-a6b4-2d53325396ec,
Billed Duration for Request 14dbe167-510f-42a3-a6b4-2d53325396ec: 80 ms
Input: 1000000,
Cold Start: false
Unique ID: ebac99cc-c8a6-4b7f-a8ae-1db1856b87a9,
Billed Duration for Request ebac99cc-c8a6-4b7f-a8ae-1db1856b87a9: 100 ms
Input: 1000000,
Cold Start: false
Unique ID: 2ebd9edd-ea76-4b4f-b0f9-183cd01ea2ad,
Billed Duration for Request 2ebd9edd-ea76-4b4f-b0f9-183cd01ea2ad: 70 ms
Input: 1000000,
Cold Start: false
Unique ID: 77e255f6-6164-4fd2-9596-05cbe4f24aae,
Billed Duration for Request 77e255f6-6164-4fd2-9596-05cbe4f24aae: 82 ms
Input: 1000000,
Cold Start: false
Unique ID: 56ead05e-a0ca-4ad1-b676-bb9b2f84eb03,
Billed Duration for Request 56ead05e-a0ca-4ad1-b676-bb9b2f84eb03: 153 ms
Input: 1000000,
Cold Start: false
Unique ID: 6a21eac7-b75c-4521-be97-896d1d64dca0,
Billed Duration for Request 6a21eac7-b75c-4521-be97-896d1d64dca0: 77 ms
Input: 1000000,
Cold Start: false
Unique ID: e25fcdd1-8403-45d3-bb4b-0c72d3d408aa,
Billed Duration for Request e25fcdd1-8403-45d3-bb4b-0c72d3d408aa: 92 ms
Input: 1000000,
Cold Start: false
Unique ID: f78dc534-ad30-4b3d-a430-11d66986211e,
Billed Duration for Request f78dc534-ad30-4b3d-a430-11d66986211e: 78 ms
Input: 1000000,
Cold Start: false
Unique ID: 0b534239-e590-4bb5-a50e-b228b7291f7b,
Billed Duration for Request 0b534239-e590-4bb5-a50e-b228b7291f7b: 160 ms
Input: 1000000,
Cold Start: false
Unique ID: 4efb032f-0c53-43d3-8b7f-83e3c5b2021a,
Billed Duration for Request 4efb032f-0c53-43d3-8b7f-83e3c5b2021a: 123 ms
Input: 1000000,
Cold Start: false
Unique ID: 7da13fc0-8fe0-4296-a61c-6ae40c65cc1a,
Billed Duration for Request 7da13fc0-8fe0-4296-a61c-6ae40c65cc1a: 73 ms
Input: 1000000,
Cold Start: false
Unique ID: e9644be5-eee0-44be-963d-ada37dc5d781,
Billed Duration for Request e9644be5-eee0-44be-963d-ada37dc5d781: 87 ms
Input: 1000000,
Cold Start: false
Unique ID: 595fdcf4-bcbd-45eb-adc5-4bdc49a1a70b,
Billed Duration for Request 595fdcf4-bcbd-45eb-adc5-4bdc49a1a70b: 92 ms
Input: 1000000,
Cold Start: false
Unique ID: 2adbc8c9-0362-4fa5-99bf-16c89017c435,
Billed Duration for Request 2adbc8c9-0362-4fa5-99bf-16c89017c435: 61 ms
Input: 1000000,
Cold Start: false
Unique ID: 4a1883da-06a7-456a-8a08-6f7c000f8093,
Billed Duration for Request 4a1883da-06a7-456a-8a08-6f7c000f8093: 118 ms
Input: 1000000,
Cold Start: false
Unique ID: f1f6b78b-a4f3-470a-8315-06a9e5dd62a1,
Billed Duration for Request f1f6b78b-a4f3-470a-8315-06a9e5dd62a1: 121 ms
Input: 1000000,
Cold Start: false
Unique ID: a3f9b0e6-c356-4109-85b3-283dc5f0930a,
Billed Duration for Request a3f9b0e6-c356-4109-85b3-283dc5f0930a: 78 ms
Input: 1000000,
Cold Start: false
Unique ID: 1bb6487b-5d04-478e-aa91-3708a2312f13,
Billed Duration for Request 1bb6487b-5d04-478e-aa91-3708a2312f13: 76 ms
Input: 1000000,
Cold Start: false
Unique ID: 277bba57-1a00-4890-a89d-9865bff089f7,
Billed Duration for Request 277bba57-1a00-4890-a89d-9865bff089f7: 76 ms
Input: 1000000,
Cold Start: false
Unique ID: 1f8d139c-dfab-4c60-aabe-8f755cabd714,
Billed Duration for Request 1f8d139c-dfab-4c60-aabe-8f755cabd714: 94 ms
Input: 1000000,
Cold Start: false
Unique ID: 766cab66-6f1e-4c27-a712-23ef4753d95a,
Billed Duration for Request 766cab66-6f1e-4c27-a712-23ef4753d95a: 162 ms
Input: 1000000,
Cold Start: false
Unique ID: 975109b4-a088-40f0-916d-e3a3681639fe,
Billed Duration for Request 975109b4-a088-40f0-916d-e3a3681639fe: 72 ms
Input: 1000000,
Cold Start: false
Unique ID: e9d1e998-af50-4388-8ba8-2fcefcb7dc04,
Billed Duration for Request e9d1e998-af50-4388-8ba8-2fcefcb7dc04: 97 ms
Input: 1000000,
Cold Start: false
Unique ID: 1c5aaadc-ffa5-4981-af5c-3c5aab71fa37,
Billed Duration for Request 1c5aaadc-ffa5-4981-af5c-3c5aab71fa37: 119 ms
Input: 1000000,
Cold Start: false
Unique ID: e9f2d24f-2942-4986-b96f-ac90fbefd3d3,
Billed Duration for Request e9f2d24f-2942-4986-b96f-ac90fbefd3d3: 54 ms
Input: 1000000,
Cold Start: false
Unique ID: 97998ad3-56b4-472b-abdd-8e0e44d43339,
Billed Duration for Request 97998ad3-56b4-472b-abdd-8e0e44d43339: 99 ms
Input: 1000000,
Cold Start: false
Unique ID: 167455f6-084f-4701-9504-6cba0d174f9a,
Billed Duration for Request 167455f6-084f-4701-9504-6cba0d174f9a: 83 ms
Input: 1000000,
Cold Start: false
Unique ID: e788d7e1-cb52-4cc6-a992-f080d52150b0,
Billed Duration for Request e788d7e1-cb52-4cc6-a992-f080d52150b0: 96 ms
Input: 1000000,
Cold Start: false
Unique ID: b316437e-f743-4eca-8c07-1605ff9b4c81,
Billed Duration for Request b316437e-f743-4eca-8c07-1605ff9b4c81: 116 ms
Input: 1000000,
Cold Start: false
Unique ID: d6ec14de-326e-4beb-ad66-264af893efe8,
Billed Duration for Request d6ec14de-326e-4beb-ad66-264af893efe8: 58 ms
Input: 1000000,
Cold Start: false
Unique ID: cfa68e3d-4815-4a7e-9546-6132b6253d90,
Billed Duration for Request cfa68e3d-4815-4a7e-9546-6132b6253d90: 143 ms
Input: 1000000,
Cold Start: false
Unique ID: 26bb8854-be67-4036-8d58-f49b707b83e6,
Billed Duration for Request 26bb8854-be67-4036-8d58-f49b707b83e6: 95 ms
Input: 1000000,
Cold Start: false
Unique ID: 23c9f86e-010c-4512-9bd2-835e668107b0,
Billed Duration for Request 23c9f86e-010c-4512-9bd2-835e668107b0: 54 ms
Input: 1000000,
Cold Start: false
Unique ID: bf6c9b30-8162-413a-8b1a-343ec5d929cf,
Billed Duration for Request bf6c9b30-8162-413a-8b1a-343ec5d929cf: 87 ms
Input: 1000000,
Cold Start: false
Unique ID: 758dd9ab-3892-4597-a86c-9ca1ed43a55e,
Billed Duration for Request 758dd9ab-3892-4597-a86c-9ca1ed43a55e: 110 ms
Input: 1000000,
Cold Start: false
Unique ID: 8ffd6011-e77d-4f54-8118-f7e507708344,
Billed Duration for Request 8ffd6011-e77d-4f54-8118-f7e507708344: 62 ms
Input: 1000000,
Cold Start: false
Unique ID: d857c9e2-f762-4b57-b4d5-75b61138bc84,
Billed Duration for Request d857c9e2-f762-4b57-b4d5-75b61138bc84: 154 ms
Input: 1000000,
Cold Start: false
Unique ID: 86fb2063-ed1f-48e3-a794-3a8ca8524e3a,
Billed Duration for Request 86fb2063-ed1f-48e3-a794-3a8ca8524e3a: 119 ms
Input: 1000000,
Cold Start: false
Unique ID: 62df522f-9292-46cc-8fe8-be9ee7f2ce2a,
Billed Duration for Request 62df522f-9292-46cc-8fe8-be9ee7f2ce2a: 54 ms
Input: 1000000,
Cold Start: false
Unique ID: 25939e12-6e0b-4e19-a71b-c94c9aa55f71,
Billed Duration for Request 25939e12-6e0b-4e19-a71b-c94c9aa55f71: 85 ms
Input: 1000000,
Cold Start: false
Unique ID: effe1bba-b380-4ce9-9133-b9a6b101c1e1,
Billed Duration for Request effe1bba-b380-4ce9-9133-b9a6b101c1e1: 88 ms
Input: 1000000,
Cold Start: false
Unique ID: 450672a9-69a0-4361-bebc-628840593b42,
Billed Duration for Request 450672a9-69a0-4361-bebc-628840593b42: 64 ms
Input: 1000000,
Cold Start: false
Unique ID: 87e97e60-2961-4787-83bd-acec55b71f08,
Billed Duration for Request 87e97e60-2961-4787-83bd-acec55b71f08: 98 ms
Input: 1000000,
Cold Start: false
Unique ID: 72ead6b5-b31d-43ea-b77e-4900cb8641ff,
Billed Duration for Request 72ead6b5-b31d-43ea-b77e-4900cb8641ff: 100 ms
Input: 1000000,
Cold Start: false
Unique ID: 4d741c4e-41fe-4c7e-a814-a3190970c28e,
Billed Duration for Request 4d741c4e-41fe-4c7e-a814-a3190970c28e: 114 ms
Input: 1000000,
Cold Start: false
Unique ID: 1f268aea-bba2-4e68-ac78-bf3bf9fb7928,
Billed Duration for Request 1f268aea-bba2-4e68-ac78-bf3bf9fb7928: 61 ms
Input: 1000000,
Cold Start: false
Unique ID: 0e9db079-7669-4fbb-bca0-6d1885b3c320,
Billed Duration for Request 0e9db079-7669-4fbb-bca0-6d1885b3c320: 114 ms
Input: 1000000,
Cold Start: false
Unique ID: 3197044c-e7ad-4611-a29e-ab4a20a46f04,
Billed Duration for Request 3197044c-e7ad-4611-a29e-ab4a20a46f04: 57 ms
Input: 1000000,
Cold Start: false
Unique ID: d9e3dc93-a8c3-49d4-9e90-8f9275cfcb80,
Billed Duration for Request d9e3dc93-a8c3-49d4-9e90-8f9275cfcb80: 118 ms
Input: 1000000,
Cold Start: false
Unique ID: ccc12538-5834-4fba-a5f1-e845407fa0f1,
Billed Duration for Request ccc12538-5834-4fba-a5f1-e845407fa0f1: 99 ms
Input: 1000000,
Cold Start: false
Unique ID: b0aa917f-7f4a-47ff-9b90-a40475e081eb,
Billed Duration for Request b0aa917f-7f4a-47ff-9b90-a40475e081eb: 109 ms
Input: 1000000,
Cold Start: false
Unique ID: bc602091-a39c-4a4c-82c8-937999435695,
Billed Duration for Request bc602091-a39c-4a4c-82c8-937999435695: 63 ms
Input: 1000000,
Cold Start: false
Unique ID: 9b3db03e-1999-4d28-bcc4-e867fecb0f43,
Billed Duration for Request 9b3db03e-1999-4d28-bcc4-e867fecb0f43: 111 ms
Input: 1000000,
Cold Start: false
Unique ID: e089f211-97c0-48d3-ab20-ba0dda0453b1,
Billed Duration for Request e089f211-97c0-48d3-ab20-ba0dda0453b1: 97 ms
Input: 1000000,
Cold Start: false
Unique ID: c7168ca3-06fa-417f-8a84-f770691a0510,
Billed Duration for Request c7168ca3-06fa-417f-8a84-f770691a0510: 124 ms
Input: 1000000,
Cold Start: false
Unique ID: a92da958-0b48-4d7e-8b27-c82f5e7a85a3,
Billed Duration for Request a92da958-0b48-4d7e-8b27-c82f5e7a85a3: 68 ms
Input: 1000000,
Cold Start: false
Unique ID: 52cb1111-7fff-453f-8676-1b18c195828c,
Billed Duration for Request 52cb1111-7fff-453f-8676-1b18c195828c: 55 ms
Input: 1000000,
Cold Start: false
Unique ID: 5fc21050-65c6-42ba-8b6a-62817a22dc60,
Billed Duration for Request 5fc21050-65c6-42ba-8b6a-62817a22dc60: 67 ms
Input: 1000000,
Cold Start: false
Unique ID: 49f34c14-32ef-409c-969e-6a1786a7e26f,
Billed Duration for Request 49f34c14-32ef-409c-969e-6a1786a7e26f: 155 ms
Input: 1000000,
Cold Start: false
Unique ID: f8276d19-9a01-40c9-9fdc-b8b269146f18,
Billed Duration for Request f8276d19-9a01-40c9-9fdc-b8b269146f18: 83 ms
Input: 1000000,
Cold Start: false
Unique ID: 1a2771e0-7ed2-46ea-833d-3df8e0b12b75,
Billed Duration for Request 1a2771e0-7ed2-46ea-833d-3df8e0b12b75: 96 ms
Input: 1000000,
Cold Start: false
Unique ID: 908a7e68-4208-486c-bbbf-019809bdf466,
Billed Duration for Request 908a7e68-4208-486c-bbbf-019809bdf466: 80 ms
Input: 1000000,
Cold Start: false
Unique ID: 5b1d93d9-be78-4b7d-801c-1b10d4504dab,
Billed Duration for Request 5b1d93d9-be78-4b7d-801c-1b10d4504dab: 112 ms
Input: 1000000,
Cold Start: false
Unique ID: a8877b38-9647-4df2-909a-d470c314375a,
Billed Duration for Request a8877b38-9647-4df2-909a-d470c314375a: 103 ms
Input: 1000000,
Cold Start: false
Unique ID: 1e08cf2d-f8a7-4dd0-9bfc-22ae17d21348,
Billed Duration for Request 1e08cf2d-f8a7-4dd0-9bfc-22ae17d21348: 83 ms
Input: 1000000,
Cold Start: false
Unique ID: 740f266f-efed-4b13-8c73-885f26b1e773,
Billed Duration for Request 740f266f-efed-4b13-8c73-885f26b1e773: 75 ms
Input: 1000000,
Cold Start: false
Unique ID: bc5e2f06-7c21-4b2b-b2c9-f9a411162ccd,
Billed Duration for Request bc5e2f06-7c21-4b2b-b2c9-f9a411162ccd: 79 ms
Input: 1000000,
Cold Start: false
Unique ID: c75e9c73-6bf8-4725-bfc6-78fc2c31d211,
Billed Duration for Request c75e9c73-6bf8-4725-bfc6-78fc2c31d211: 69 ms
Input: 1000000,
Cold Start: false
Unique ID: 1fd3a7f1-998a-451f-acd7-eccff8840901,
Billed Duration for Request 1fd3a7f1-998a-451f-acd7-eccff8840901: 93 ms
Input: 1000000,
Cold Start: false
Unique ID: c492021e-5255-4535-8f46-c1076db36476,
Billed Duration for Request c492021e-5255-4535-8f46-c1076db36476: 86 ms
Input: 1000000,
Cold Start: false
Unique ID: f3b7434c-bb19-4dc6-80c5-df45e52042b4,
Billed Duration for Request f3b7434c-bb19-4dc6-80c5-df45e52042b4: 141 ms
Input: 1000000,
Cold Start: false
Unique ID: 5f3b4a7d-42ae-4adc-8881-f38e76a5bce6,
Billed Duration for Request 5f3b4a7d-42ae-4adc-8881-f38e76a5bce6: 115 ms
Input: 1000000,
Cold Start: false
Unique ID: 3f98de81-a18d-49e5-8b23-c7281248ea0c,
Billed Duration for Request 3f98de81-a18d-49e5-8b23-c7281248ea0c: 142 ms
Input: 1000000,
Cold Start: false
Unique ID: 195d5ed0-ce1b-4069-a7e1-ffa7fd09644b,
Billed Duration for Request 195d5ed0-ce1b-4069-a7e1-ffa7fd09644b: 141 ms
Input: 1000000,
Cold Start: false
Unique ID: b5a05466-4001-4e9d-a15d-c1d07eb70096,
Billed Duration for Request b5a05466-4001-4e9d-a15d-c1d07eb70096: 54 ms
Input: 1000000,
Cold Start: false
Unique ID: bcdd4a58-4fe9-436c-b1af-a4ef03e8d61b,
Billed Duration for Request bcdd4a58-4fe9-436c-b1af-a4ef03e8d61b: 121 ms
Input: 1000000,
Cold Start: false
Unique ID: 811206df-6e60-4111-945b-fddcb178c36a,
Billed Duration for Request 811206df-6e60-4111-945b-fddcb178c36a: 97 ms
Input: 1000000,
Cold Start: false
Unique ID: 29b17586-238f-411c-81b7-b153a8b46874,
Billed Duration for Request 29b17586-238f-411c-81b7-b153a8b46874: 65 ms
Input: 1000000,
Cold Start: false
Unique ID: 702d1335-afc7-4668-8309-5d2cc5980c03,
Billed Duration for Request 702d1335-afc7-4668-8309-5d2cc5980c03: 98 ms
Input: 1000000,
Cold Start: false
Unique ID: 5ac4f755-943e-4e7a-9e3e-b37608550386,
Billed Duration for Request 5ac4f755-943e-4e7a-9e3e-b37608550386: 95 ms
Input: 1000000,
Cold Start: false
Unique ID: 8f8f0188-3b79-4ee8-a353-73e80d66c9f4,
Billed Duration for Request 8f8f0188-3b79-4ee8-a353-73e80d66c9f4: 143 ms
Input: 1000000,
Cold Start: false
Unique ID: 59f60166-cd2f-4e2b-9bfe-32d41a36007a,
Billed Duration for Request 59f60166-cd2f-4e2b-9bfe-32d41a36007a: 107 ms
Input: 1000000,
Cold Start: false
Unique ID: 48b8e775-39b5-4a88-9c73-160b1dff658f,
Billed Duration for Request 48b8e775-39b5-4a88-9c73-160b1dff658f: 76 ms
Input: 1000000,
Cold Start: false
Unique ID: 6de6de31-2e0a-4828-8923-8ab76b089b53,
Billed Duration for Request 6de6de31-2e0a-4828-8923-8ab76b089b53: 82 ms
Input: 1000000,
Cold Start: false
Unique ID: ccd9364c-7170-4fd3-be57-4661b72c27cb,
Billed Duration for Request ccd9364c-7170-4fd3-be57-4661b72c27cb: 136 ms
Input: 1000000,
Cold Start: false
Unique ID: bffb5d7b-c658-4242-9765-0e666dc20f13,
Billed Duration for Request bffb5d7b-c658-4242-9765-0e666dc20f13: 88 ms
Input: 1000000,
Cold Start: false
Unique ID: 2212c0fc-64d3-4a91-9522-78fb81e948a7,
Billed Duration for Request 2212c0fc-64d3-4a91-9522-78fb81e948a7: 77 ms
Input: 1000000,
Cold Start: false
Unique ID: 5b4e121d-eca8-453f-9cb8-0d0613c83705,
Billed Duration for Request 5b4e121d-eca8-453f-9cb8-0d0613c83705: 69 ms
Input: 1000000,
Cold Start: false
Unique ID: e43bd497-42c9-4645-9f57-278183848335,
Billed Duration for Request e43bd497-42c9-4645-9f57-278183848335: 121 ms
Input: 1000000,
Cold Start: false
Unique ID: 29b7d50a-31a2-4f19-abcd-fe076949a28b,
Billed Duration for Request 29b7d50a-31a2-4f19-abcd-fe076949a28b: 126 ms
Input: 1000000,
Cold Start: false
Unique ID: acae4cbe-30b7-468b-8451-161075f91063,
Billed Duration for Request acae4cbe-30b7-468b-8451-161075f91063: 96 ms
Input: 1000000,
Cold Start: false
Unique ID: 5a635e60-d336-43b3-9ab9-a08e0a7f36f1,
Billed Duration for Request 5a635e60-d336-43b3-9ab9-a08e0a7f36f1: 97 ms
Input: 1000000,
Cold Start: false
Unique ID: 2e0a1376-85e9-42d9-afbc-564f8e0686b9,
Billed Duration for Request 2e0a1376-85e9-42d9-afbc-564f8e0686b9: 77 ms
Input: 1000000,
Cold Start: false
Unique ID: f15e9b1e-842d-42d3-92a2-21e3654470f7,
Billed Duration for Request f15e9b1e-842d-42d3-92a2-21e3654470f7: 120 ms
Input: 1000000,
Cold Start: false
Unique ID: 9ac3a2fd-00fa-4177-b49a-3a70a4852252,
Billed Duration for Request 9ac3a2fd-00fa-4177-b49a-3a70a4852252: 71 ms
Input: 1000000,
Cold Start: false
Unique ID: 2d73c110-2a1b-4954-8e4e-298774a398e0,
Billed Duration for Request 2d73c110-2a1b-4954-8e4e-298774a398e0: 131 ms
Input: 1000000,
Cold Start: false
Unique ID: 1eb4e844-fee7-407a-9936-c7be86ab0c41,
Billed Duration for Request 1eb4e844-fee7-407a-9936-c7be86ab0c41: 69 ms
Input: 1000000,
Cold Start: false
Unique ID: a4c641db-b305-45cf-9506-69658c47fde3,
Billed Duration for Request a4c641db-b305-45cf-9506-69658c47fde3: 89 ms
Input: 1000000,
Cold Start: false
Unique ID: ffb8ff03-0af9-4fe3-bffd-1eadea7d0182,
Billed Duration for Request ffb8ff03-0af9-4fe3-bffd-1eadea7d0182: 86 ms
Input: 1000000,
Cold Start: false
Unique ID: fd03b37a-13ac-44bd-9e56-c3d9a0071451,
Billed Duration for Request fd03b37a-13ac-44bd-9e56-c3d9a0071451: 58 ms
Input: 1000000,
Cold Start: false
Unique ID: 39a9e7dd-12ed-4caa-bd0f-937cafb2e25e,
Billed Duration for Request 39a9e7dd-12ed-4caa-bd0f-937cafb2e25e: 144 ms
Input: 1000000,
Cold Start: false
Unique ID: c26601bb-f527-407c-8f48-22e4c7f9d5ca,
Billed Duration for Request c26601bb-f527-407c-8f48-22e4c7f9d5ca: 104 ms
Input: 1000000,
Cold Start: false
Unique ID: 8e484012-fb1e-4b2c-875c-6960509cefe9,
Billed Duration for Request 8e484012-fb1e-4b2c-875c-6960509cefe9: 54 ms
Input: 1000000,
Cold Start: false
Unique ID: 9292c06c-70c4-4028-bca4-4786e277f397,
Billed Duration for Request 9292c06c-70c4-4028-bca4-4786e277f397: 94 ms
Input: 1000000,
Cold Start: false
Unique ID: cc822964-492f-4782-a921-075b7efa7b21,
Billed Duration for Request cc822964-492f-4782-a921-075b7efa7b21: 94 ms
Input: 1000000,
Cold Start: false
Unique ID: 6cde9fea-6737-435f-8056-5c121d8b3554,
Billed Duration for Request 6cde9fea-6737-435f-8056-5c121d8b3554: 123 ms
Input: 1000000,
Cold Start: false
Unique ID: 3148969d-f06e-4d26-a87f-137b27fe64e3,
Billed Duration for Request 3148969d-f06e-4d26-a87f-137b27fe64e3: 84 ms
Input: 1000000,
Cold Start: false
Unique ID: 5046b767-0ff6-4762-9520-50f9bbd4052f,
Billed Duration for Request 5046b767-0ff6-4762-9520-50f9bbd4052f: 76 ms
Input: 1000000,
Cold Start: false
Unique ID: ff5c8024-631b-43e1-a3e6-80a79f22a7a9,
Billed Duration for Request ff5c8024-631b-43e1-a3e6-80a79f22a7a9: 91 ms
Input: 1000000,
Cold Start: false
Unique ID: 3668a4f0-44a5-4d3f-a7ed-c122c3f2dd56,
Billed Duration for Request 3668a4f0-44a5-4d3f-a7ed-c122c3f2dd56: 69 ms
Input: 1000000,
Cold Start: false
Unique ID: e1f4048a-d46d-4692-8872-907cd52960f0,
Billed Duration for Request e1f4048a-d46d-4692-8872-907cd52960f0: 106 ms
Input: 1000000,
Cold Start: false
Unique ID: 38a99e4a-ced2-454d-9f5a-61712eb1f4c6,
Billed Duration for Request 38a99e4a-ced2-454d-9f5a-61712eb1f4c6: 108 ms
Input: 1000000,
Cold Start: false
Unique ID: 64436ff9-06c3-46d0-b358-c339bd49bf46,
Billed Duration for Request 64436ff9-06c3-46d0-b358-c339bd49bf46: 112 ms
Input: 1000000,
Cold Start: false
Unique ID: 39fd1a6a-a504-4bec-8566-091b09d76966,
Billed Duration for Request 39fd1a6a-a504-4bec-8566-091b09d76966: 55 ms
Input: 1000000,
Cold Start: false
Unique ID: 0b13249e-17d6-46f2-9bbf-0fbf517fe72b,
Billed Duration for Request 0b13249e-17d6-46f2-9bbf-0fbf517fe72b: 138 ms
Input: 1000000,
Cold Start: false
Unique ID: a34272bf-9f23-4edd-a7aa-a41c20bcef23,
Billed Duration for Request a34272bf-9f23-4edd-a7aa-a41c20bcef23: 77 ms
Input: 1000000,
Cold Start: false
Unique ID: efcb1672-e803-44ea-ac1a-fe3b6612cd23,
Billed Duration for Request efcb1672-e803-44ea-ac1a-fe3b6612cd23: 77 ms
Input: 1000000,
Cold Start: false
Unique ID: 2bfe0e0a-396c-4e01-a16b-e7b1494d0106,
Billed Duration for Request 2bfe0e0a-396c-4e01-a16b-e7b1494d0106: 119 ms
Input: 1000000,
Cold Start: false
Unique ID: a895305b-d92f-43e6-b62a-53ac9f3f418f,
Billed Duration for Request a895305b-d92f-43e6-b62a-53ac9f3f418f: 118 ms
Input: 1000000,
Cold Start: false
Unique ID: 586d3c62-c32f-43a7-ba8a-aff2e99cb978,
Billed Duration for Request 586d3c62-c32f-43a7-ba8a-aff2e99cb978: 127 ms
Input: 1000000,
Cold Start: false
Unique ID: 0d5633f5-1c8c-4ff6-aa4c-2d647bd3dbd6,
Billed Duration for Request 0d5633f5-1c8c-4ff6-aa4c-2d647bd3dbd6: 59 ms
Input: 1000000,
Cold Start: false
Unique ID: 06a987c8-173a-4f8b-bb86-adaef113baed,
Billed Duration for Request 06a987c8-173a-4f8b-bb86-adaef113baed: 126 ms
Input: 1000000,
Cold Start: false
Unique ID: 082d26c1-f963-4326-b2b9-9687cfb45572,
Billed Duration for Request 082d26c1-f963-4326-b2b9-9687cfb45572: 58 ms
Input: 1000000,
Cold Start: false
Unique ID: a672a0d1-7c9a-4174-a5a7-c23711840ac4,
Billed Duration for Request a672a0d1-7c9a-4174-a5a7-c23711840ac4: 99 ms
Input: 1000000,
Cold Start: false
Unique ID: 81bdafce-2a89-40d0-b024-339e2ff654b6,
Billed Duration for Request 81bdafce-2a89-40d0-b024-339e2ff654b6: 95 ms
Input: 1000000,
Cold Start: false
Unique ID: 62148dc3-1af8-47ad-bc41-a1df7518486b,
Billed Duration for Request 62148dc3-1af8-47ad-bc41-a1df7518486b: 96 ms
Input: 1000000,
Cold Start: false
Unique ID: ef69c9f8-78be-4c12-ab78-b9c2f73c729e,
Billed Duration for Request ef69c9f8-78be-4c12-ab78-b9c2f73c729e: 123 ms
Input: 1000000,
Cold Start: false
Unique ID: 61198e14-a004-4549-afbd-dd04276609a0,
Billed Duration for Request 61198e14-a004-4549-afbd-dd04276609a0: 105 ms
Input: 1000000,
Cold Start: false
Unique ID: c4a6ae9e-4202-46b8-8d1f-a4f4ed0f8cc6,
Billed Duration for Request c4a6ae9e-4202-46b8-8d1f-a4f4ed0f8cc6: 74 ms
Input: 1000000,
Cold Start: false
Unique ID: 1ddba82d-53d7-4c98-9871-87138d893b28,
Billed Duration for Request 1ddba82d-53d7-4c98-9871-87138d893b28: 98 ms
Input: 1000000,
Cold Start: false
Unique ID: 6afb02e2-2a03-47cc-ba0f-0079f6e9e4cf,
Billed Duration for Request 6afb02e2-2a03-47cc-ba0f-0079f6e9e4cf: 119 ms
Input: 1000000,
Cold Start: false
Unique ID: 56b9747b-8022-4ddc-9f42-5f9acadb9628,
Billed Duration for Request 56b9747b-8022-4ddc-9f42-5f9acadb9628: 91 ms
Input: 1000000,
Cold Start: false
Unique ID: 5e2a23c7-ef1c-4e44-b4bb-85f81c277b76,
Billed Duration for Request 5e2a23c7-ef1c-4e44-b4bb-85f81c277b76: 63 ms
Input: 1000000,
Cold Start: false
Unique ID: 54ba90a1-0782-4e4e-9b6b-770aaa940890,
Billed Duration for Request 54ba90a1-0782-4e4e-9b6b-770aaa940890: 78 ms
Input: 1000000,
Cold Start: false
Unique ID: a95856b6-bc9f-463b-8b83-e5695208af9f,
Billed Duration for Request a95856b6-bc9f-463b-8b83-e5695208af9f: 143 ms
Input: 1000000,
Cold Start: false
Unique ID: e49ee374-7ae3-4d41-b25c-2f81795a0b52,
Billed Duration for Request e49ee374-7ae3-4d41-b25c-2f81795a0b52: 98 ms
Input: 1000000,
Cold Start: false
Unique ID: 119bd00e-3dff-4991-b509-55188a7338db,
Billed Duration for Request 119bd00e-3dff-4991-b509-55188a7338db: 59 ms
Input: 1000000,
Cold Start: false
Unique ID: 32829030-bf1a-42e9-9885-0ce78a37d10b,
Billed Duration for Request 32829030-bf1a-42e9-9885-0ce78a37d10b: 72 ms
Input: 1000000,
Cold Start: false
Unique ID: 5c5da772-c820-4420-9653-ddccf2737d73,
Billed Duration for Request 5c5da772-c820-4420-9653-ddccf2737d73: 114 ms
Input: 1000000,
Cold Start: false
Unique ID: 1b7dc486-e390-4794-a045-11634bedeab8,
Billed Duration for Request 1b7dc486-e390-4794-a045-11634bedeab8: 54 ms
Input: 1000000,
Cold Start: false
Unique ID: bbaeb7f5-af97-499d-8eb0-2cc45f90a00e,
Billed Duration for Request bbaeb7f5-af97-499d-8eb0-2cc45f90a00e: 106 ms
Input: 1000000,
Cold Start: false
Unique ID: ad511fe5-0426-4312-8a80-15d731dd71f5,
Billed Duration for Request ad511fe5-0426-4312-8a80-15d731dd71f5: 70 ms
Input: 1000000,
Cold Start: false
Unique ID: c2f40b6e-90ea-4148-acaf-648a9350ae74,
Billed Duration for Request c2f40b6e-90ea-4148-acaf-648a9350ae74: 122 ms
Input: 1000000,
Cold Start: false
Unique ID: cf20a816-4fea-4dcc-995e-1e18fc790015,
Billed Duration for Request cf20a816-4fea-4dcc-995e-1e18fc790015: 142 ms
Input: 1000000,
Cold Start: false
Unique ID: afd3f7b1-3899-4651-986e-3c850e2ebf86,
Billed Duration for Request afd3f7b1-3899-4651-986e-3c850e2ebf86: 97 ms
Input: 1000000,
Cold Start: false
Unique ID: f52acea0-a4b7-4cc3-98a7-3349003e0417,
Billed Duration for Request f52acea0-a4b7-4cc3-98a7-3349003e0417: 103 ms
Input: 1000000,
Cold Start: false
Unique ID: 31434121-7463-4bd8-86ce-ad0867fc9c08,
Billed Duration for Request 31434121-7463-4bd8-86ce-ad0867fc9c08: 57 ms
Input: 1000000,
Cold Start: false
Unique ID: c2ae8735-253e-40fd-85cd-3620c3d75710,
Billed Duration for Request c2ae8735-253e-40fd-85cd-3620c3d75710: 114 ms
Input: 1000000,
Cold Start: false
Unique ID: a3b6642f-211a-4ba3-b651-1b0edca1a759,
Billed Duration for Request a3b6642f-211a-4ba3-b651-1b0edca1a759: 71 ms
Input: 1000000,
Cold Start: false
Unique ID: 5507b5a5-b24e-44c6-bb5d-09a08a2b4eb3,
Billed Duration for Request 5507b5a5-b24e-44c6-bb5d-09a08a2b4eb3: 120 ms
Input: 1000000,
Cold Start: false
Unique ID: 66c5c75d-5e13-427c-a5d8-c1f4fbe763e0,
Billed Duration for Request 66c5c75d-5e13-427c-a5d8-c1f4fbe763e0: 80 ms
Input: 1000000,
Cold Start: false
Unique ID: 8cbca12e-ed09-401a-98e6-72044654f052,
Billed Duration for Request 8cbca12e-ed09-401a-98e6-72044654f052: 64 ms
Input: 1000000,
Cold Start: false
Unique ID: 6c056ff4-c6d2-4579-b338-a92e7f18f0b7,
Billed Duration for Request 6c056ff4-c6d2-4579-b338-a92e7f18f0b7: 158 ms
Input: 1000000,
Cold Start: false
Unique ID: c1b524d5-db49-4103-8a5f-92ca80c49179,
Billed Duration for Request c1b524d5-db49-4103-8a5f-92ca80c49179: 103 ms
Input: 1000000,
Cold Start: false
Unique ID: a496be7b-a1ee-4669-bf22-60d50475ea03,
Billed Duration for Request a496be7b-a1ee-4669-bf22-60d50475ea03: 94 ms
Input: 1000000,
Cold Start: false
Unique ID: 631da3f3-3b15-4d95-b76b-0484abbca3c3,
Billed Duration for Request 631da3f3-3b15-4d95-b76b-0484abbca3c3: 102 ms
Input: 1000000,
Cold Start: false
Unique ID: 1f584475-d036-42ff-9c7c-af78751b1be2,
Billed Duration for Request 1f584475-d036-42ff-9c7c-af78751b1be2: 98 ms
Input: 1000000,
Cold Start: false
Unique ID: 1c458c59-b904-4a95-baeb-33615a7d14be,
Billed Duration for Request 1c458c59-b904-4a95-baeb-33615a7d14be: 57 ms
Input: 1000000,
Cold Start: false
Unique ID: e0661eb8-a88f-4dae-9e1a-f05fb9d932d1,
Billed Duration for Request e0661eb8-a88f-4dae-9e1a-f05fb9d932d1: 118 ms
Input: 1000000,
Cold Start: false
Unique ID: 9eb7b4a4-0ed2-4888-a11d-e6823b018ea3,
Billed Duration for Request 9eb7b4a4-0ed2-4888-a11d-e6823b018ea3: 57 ms
Input: 1000000,
Cold Start: false
Unique ID: 6bc07917-66ae-4ebd-80a1-4b5073af4717,
Billed Duration for Request 6bc07917-66ae-4ebd-80a1-4b5073af4717: 146 ms
Input: 1000000,
Cold Start: false
Unique ID: 5e8a0cfe-36b4-46cf-acdc-b2b5ad64bdfa,
Billed Duration for Request 5e8a0cfe-36b4-46cf-acdc-b2b5ad64bdfa: 86 ms
Input: 1000000,
Cold Start: false
Unique ID: 7e5b8a27-2dfe-4d6c-bfa9-cd226ec87026,
Billed Duration for Request 7e5b8a27-2dfe-4d6c-bfa9-cd226ec87026: 96 ms
Input: 1000000,
Cold Start: false
Unique ID: aa350a71-6d03-46c5-87ed-705be43be803,
Billed Duration for Request aa350a71-6d03-46c5-87ed-705be43be803: 58 ms
Input: 1000000,
Cold Start: false
Unique ID: bb8d8da4-d5c0-4bba-8eef-e64c8033c247,
Billed Duration for Request bb8d8da4-d5c0-4bba-8eef-e64c8033c247: 138 ms
Input: 1000000,
Cold Start: false
Unique ID: 529cb9ae-e980-4a9d-a737-9a764b644d82,
Billed Duration for Request 529cb9ae-e980-4a9d-a737-9a764b644d82: 81 ms
Input: 1000000,
Cold Start: false
Unique ID: b2ca42a1-20a3-46f1-8cb4-03cd3ee9a8b9,
Billed Duration for Request b2ca42a1-20a3-46f1-8cb4-03cd3ee9a8b9: 94 ms
Input: 1000000,
Cold Start: false
Unique ID: 3e828814-fb83-40cf-9c28-eeca092086b0,
Billed Duration for Request 3e828814-fb83-40cf-9c28-eeca092086b0: 56 ms
Input: 1000000,
Cold Start: false
Unique ID: a4232fed-ae4f-45f4-9c7b-973969757df9,
Billed Duration for Request a4232fed-ae4f-45f4-9c7b-973969757df9: 79 ms
Input: 1000000,
Cold Start: false
Unique ID: 778645a8-37b7-401f-8422-03d544d2a269,
Billed Duration for Request 778645a8-37b7-401f-8422-03d544d2a269: 90 ms
Input: 1000000,
Cold Start: false
Unique ID: 0f0c5d38-4baa-4322-9380-7278a4cdfd32,
Billed Duration for Request 0f0c5d38-4baa-4322-9380-7278a4cdfd32: 156 ms
Input: 1000000,
Cold Start: false
Unique ID: 422d2220-018d-429b-8601-f3e8a50a6afa,
Billed Duration for Request 422d2220-018d-429b-8601-f3e8a50a6afa: 121 ms
Input: 1000000,
Cold Start: false
Unique ID: 9fc614df-d28a-40a2-ae2f-64acfbb2d5fb,
Billed Duration for Request 9fc614df-d28a-40a2-ae2f-64acfbb2d5fb: 53 ms
Input: 1000000,
Cold Start: false
Unique ID: d14c8c85-9418-45c1-9e71-b1a16c18db4d,
Billed Duration for Request d14c8c85-9418-45c1-9e71-b1a16c18db4d: 82 ms
Input: 1000000,
Cold Start: false
Unique ID: a0d70562-c72d-4872-a000-9cc4e337df4c,
Billed Duration for Request a0d70562-c72d-4872-a000-9cc4e337df4c: 72 ms
Input: 1000000,
Cold Start: false
Unique ID: 41f86108-2f11-44c4-88ea-844ff61b8db2,
Billed Duration for Request 41f86108-2f11-44c4-88ea-844ff61b8db2: 77 ms
Input: 1000000,
Cold Start: false
Unique ID: 638f09a4-cfe7-4bd3-865b-579553e6140b,
Billed Duration for Request 638f09a4-cfe7-4bd3-865b-579553e6140b: 117 ms
Input: 1000000,
Cold Start: false
Unique ID: 5a53b0e3-38cf-4d26-b6a1-5048f8bf8adc,
Billed Duration for Request 5a53b0e3-38cf-4d26-b6a1-5048f8bf8adc: 86 ms
Input: 1000000,
Cold Start: false
Unique ID: 9cd5598e-1eb0-4e9e-88d8-f4ed7691341e,
Billed Duration for Request 9cd5598e-1eb0-4e9e-88d8-f4ed7691341e: 167 ms
Input: 1000000,
Cold Start: false
Unique ID: 9ef29d74-3890-4edf-a3b8-d061e63bbe28,
Billed Duration for Request 9ef29d74-3890-4edf-a3b8-d061e63bbe28: 121 ms
Input: 1000000,
Cold Start: false
Unique ID: f4190e21-3e35-4f85-8b14-e6339920d96c,
Billed Duration for Request f4190e21-3e35-4f85-8b14-e6339920d96c: 72 ms
Input: 1000000,
Cold Start: false
Unique ID: b407c8b4-c579-4f98-a63f-9ce3535b9e7a,
Billed Duration for Request b407c8b4-c579-4f98-a63f-9ce3535b9e7a: 81 ms
Input: 1000000,
Cold Start: false
Unique ID: 92824ea1-0c31-4b32-a0b5-43d74a8a78da,
Billed Duration for Request 92824ea1-0c31-4b32-a0b5-43d74a8a78da: 98 ms
Input: 1000000,
Cold Start: false
Unique ID: 24362d48-fcbf-477c-87af-b485267a5d92,
Billed Duration for Request 24362d48-fcbf-477c-87af-b485267a5d92: 93 ms
Input: 1000000,
Cold Start: false
Unique ID: 710bd56e-ef1e-40c1-ae17-e326b12da263,
Billed Duration for Request 710bd56e-ef1e-40c1-ae17-e326b12da263: 85 ms
Input: 1000000,
Cold Start: false
Unique ID: 14e52cec-95de-46ad-9167-9cf8b69823c8,
Billed Duration for Request 14e52cec-95de-46ad-9167-9cf8b69823c8: 60 ms
Input: 1000000,
Cold Start: false
Unique ID: be4c2183-4ce6-48ec-9488-d77e1d712778,
Billed Duration for Request be4c2183-4ce6-48ec-9488-d77e1d712778: 116 ms
Input: 1000000,
Cold Start: false
Unique ID: d10c0236-04cc-4c70-948a-0a1529e8ef88,
Billed Duration for Request d10c0236-04cc-4c70-948a-0a1529e8ef88: 54 ms
Input: 1000000,
Cold Start: false
Unique ID: d63b8114-e46b-45d4-a512-4e48bca339d8,
Billed Duration for Request d63b8114-e46b-45d4-a512-4e48bca339d8: 141 ms
Input: 1000000,
Cold Start: false
Unique ID: 38b2b489-60af-42cb-9176-63e8789bd7d2,
Billed Duration for Request 38b2b489-60af-42cb-9176-63e8789bd7d2: 99 ms
Input: 1000000,
Cold Start: false
Unique ID: 03e609fd-bf38-4653-8729-652143e9e181,
Billed Duration for Request 03e609fd-bf38-4653-8729-652143e9e181: 94 ms
Input: 1000000,
Cold Start: false
Unique ID: 15ed0439-103d-48d2-82c4-31867dfc752a,
Billed Duration for Request 15ed0439-103d-48d2-82c4-31867dfc752a: 57 ms
Input: 1000000,
Cold Start: false
Unique ID: 1bb517f5-514e-41c9-a29f-44c48507b363,
Billed Duration for Request 1bb517f5-514e-41c9-a29f-44c48507b363: 73 ms
Input: 1000000,
Cold Start: false
Unique ID: 435aa758-a8c6-4cd5-b14d-adc004a98b97,
Billed Duration for Request 435aa758-a8c6-4cd5-b14d-adc004a98b97: 95 ms
Input: 1000000,
Cold Start: false
Unique ID: b24fb26d-b1db-4b95-b2b9-c9aba84a7931,
Billed Duration for Request b24fb26d-b1db-4b95-b2b9-c9aba84a7931: 181 ms
Input: 1000000,
Cold Start: false
Unique ID: 54af7ae0-2902-46ac-826f-9d9068084ed9,
Billed Duration for Request 54af7ae0-2902-46ac-826f-9d9068084ed9: 72 ms
Input: 1000000,
Cold Start: false
Unique ID: 04879ed6-3a1c-4c4f-8ad9-cf24f6fa2bdf,
Billed Duration for Request 04879ed6-3a1c-4c4f-8ad9-cf24f6fa2bdf: 75 ms
Input: 1000000,
Cold Start: false
Unique ID: 93d4615f-047f-41b8-bbbd-ff585b1c0119,
Billed Duration for Request 93d4615f-047f-41b8-bbbd-ff585b1c0119: 79 ms
Input: 1000000,
Cold Start: false
Unique ID: 4dd8b97a-907f-4e40-9d2b-152a171de07e,
Billed Duration for Request 4dd8b97a-907f-4e40-9d2b-152a171de07e: 94 ms
Input: 1000000,
Cold Start: false
Unique ID: 65f82d8c-dbbc-4cef-82df-3292bb5009f9,
Billed Duration for Request 65f82d8c-dbbc-4cef-82df-3292bb5009f9: 67 ms
Input: 1000000,
Cold Start: false
Unique ID: 6d63e7d0-e50e-4306-9dbd-f9453aacbb0f,
Billed Duration for Request 6d63e7d0-e50e-4306-9dbd-f9453aacbb0f: 137 ms
Input: 1000000,
Cold Start: false
Unique ID: 16575544-d9b8-40d0-8f43-837eb8571048,
Billed Duration for Request 16575544-d9b8-40d0-8f43-837eb8571048: 57 ms
Input: 1000000,
Cold Start: false
Unique ID: fda4429b-8b20-471c-b980-bd500b020188,
Billed Duration for Request fda4429b-8b20-471c-b980-bd500b020188: 99 ms
Input: 1000000,
Cold Start: false
Unique ID: 04967781-b6f1-46ec-aea7-2d002d512b8b,
Billed Duration for Request 04967781-b6f1-46ec-aea7-2d002d512b8b: 101 ms
Input: 1000000,
Cold Start: false
Unique ID: c6c841d6-c9bf-4787-8fb1-72675bfcf2e0,
Billed Duration for Request c6c841d6-c9bf-4787-8fb1-72675bfcf2e0: 95 ms
Input: 1000000,
Cold Start: false
Unique ID: e009cd49-a53c-40d1-bd41-5f1af468e20c,
Billed Duration for Request e009cd49-a53c-40d1-bd41-5f1af468e20c: 59 ms
Input: 1000000,
Cold Start: false
Unique ID: 2f047b6a-39c3-4743-8e2a-547c4997d83a,
Billed Duration for Request 2f047b6a-39c3-4743-8e2a-547c4997d83a: 121 ms
Input: 1000000,
Cold Start: false
Unique ID: 3b6c9984-0d1d-4812-9dd0-847784c69b83,
Billed Duration for Request 3b6c9984-0d1d-4812-9dd0-847784c69b83: 58 ms
Input: 1000000,
Cold Start: false
Unique ID: 505ed2b7-af7a-4340-9714-fd5bc933b327,
Billed Duration for Request 505ed2b7-af7a-4340-9714-fd5bc933b327: 80 ms
Input: 1000000,
Cold Start: false
Unique ID: bd2c78b9-61dc-450f-8396-32802706006e,
Billed Duration for Request bd2c78b9-61dc-450f-8396-32802706006e: 97 ms
Input: 1000000,
Cold Start: false
Unique ID: 12e0a8be-730f-4210-99ff-982b85668d33,
Billed Duration for Request 12e0a8be-730f-4210-99ff-982b85668d33: 161 ms
Input: 1000000,
Cold Start: false
Unique ID: 4d50e905-6bcd-473b-9fd0-e04cc0d3fb63,
Billed Duration for Request 4d50e905-6bcd-473b-9fd0-e04cc0d3fb63: 96 ms
Input: 1000000,
Cold Start: false
Unique ID: 4d4c6b34-1708-419f-9966-6af08c9f01b0,
Billed Duration for Request 4d4c6b34-1708-419f-9966-6af08c9f01b0: 76 ms
Input: 1000000,
Cold Start: false
Unique ID: 5ff68267-a71d-4eb5-a966-78fcd9b63f39,
Billed Duration for Request 5ff68267-a71d-4eb5-a966-78fcd9b63f39: 65 ms
Input: 1000000,
Cold Start: false
Unique ID: b3d4f58a-bba4-4794-a076-bef25a870fa4,
Billed Duration for Request b3d4f58a-bba4-4794-a076-bef25a870fa4: 114 ms
Input: 1000000,
Cold Start: false
Unique ID: 3196b7d6-b6b6-452f-b533-52ef7053323d,
Billed Duration for Request 3196b7d6-b6b6-452f-b533-52ef7053323d: 143 ms
Input: 1000000,
Cold Start: false
Unique ID: 3047191e-75e8-4720-9d48-34506589f12e,
Billed Duration for Request 3047191e-75e8-4720-9d48-34506589f12e: 114 ms
Input: 1000000,
Cold Start: false
Unique ID: 909bd541-2f33-40ec-be4c-050a3a908bfd,
Billed Duration for Request 909bd541-2f33-40ec-be4c-050a3a908bfd: 63 ms
Input: 1000000,
Cold Start: false
Unique ID: 221c2a78-e363-4369-be91-02999637514f,
Billed Duration for Request 221c2a78-e363-4369-be91-02999637514f: 117 ms
Input: 1000000,
Cold Start: false
Unique ID: ff8dd9eb-1c66-41b2-a479-7152472629a4,
Billed Duration for Request ff8dd9eb-1c66-41b2-a479-7152472629a4: 95 ms
Input: 1000000,
Cold Start: false
Unique ID: a7ecd7ce-865d-46c0-b3a4-e78055102241,
Billed Duration for Request a7ecd7ce-865d-46c0-b3a4-e78055102241: 71 ms
Input: 1000000,
Cold Start: false
Unique ID: 7f86160c-baf4-4fbd-9c65-e02b37d59781,
Billed Duration for Request 7f86160c-baf4-4fbd-9c65-e02b37d59781: 76 ms
Input: 1000000,
Cold Start: false
Unique ID: e07dea73-6750-4703-b7ac-adc2f5e3d5e5,
Billed Duration for Request e07dea73-6750-4703-b7ac-adc2f5e3d5e5: 141 ms
Input: 1000000,
Cold Start: false
Unique ID: 78b31a32-f823-4229-b938-cd1a0202af59,
Billed Duration for Request 78b31a32-f823-4229-b938-cd1a0202af59: 96 ms
Input: 1000000,
Cold Start: false
Unique ID: 78455394-a25f-477f-8d56-05531bd3d965,
Billed Duration for Request 78455394-a25f-477f-8d56-05531bd3d965: 97 ms
Input: 1000000,
Cold Start: false
Unique ID: 2f70631b-d162-4410-beda-8ed65d0135ce,
Billed Duration for Request 2f70631b-d162-4410-beda-8ed65d0135ce: 63 ms
Input: 1000000,
Cold Start: false
Unique ID: f456d917-ebe0-4897-a47b-4e10b102b220,
Billed Duration for Request f456d917-ebe0-4897-a47b-4e10b102b220: 119 ms
Input: 1000000,
Cold Start: false
Unique ID: 3f255d31-f964-4021-b94a-10953f163337,
Billed Duration for Request 3f255d31-f964-4021-b94a-10953f163337: 152 ms
Input: 1000000,
Cold Start: false
Unique ID: 76b3dc2b-3e56-460c-b880-849cf55f112d,
Billed Duration for Request 76b3dc2b-3e56-460c-b880-849cf55f112d: 74 ms
Input: 1000000,
Cold Start: false
Unique ID: 92e2b0bd-b372-4070-9bf6-65a47a67a617,
Billed Duration for Request 92e2b0bd-b372-4070-9bf6-65a47a67a617: 81 ms
Input: 1000000,
Cold Start: false
Unique ID: d09628bc-5dde-4604-8814-847433aec697,
Billed Duration for Request d09628bc-5dde-4604-8814-847433aec697: 76 ms
Input: 1000000,
Cold Start: false
Unique ID: 43d0cf16-ab93-4108-8710-d08dcce89136,
Billed Duration for Request 43d0cf16-ab93-4108-8710-d08dcce89136: 77 ms
Input: 1000000,
Cold Start: false
Unique ID: a180132b-28f8-4c67-a23f-8d1693b085dd,
Billed Duration for Request a180132b-28f8-4c67-a23f-8d1693b085dd: 99 ms
Input: 1000000,
Cold Start: false
Unique ID: 1e6e4741-671e-45af-bc1c-f4ff5f481c12,
Billed Duration for Request 1e6e4741-671e-45af-bc1c-f4ff5f481c12: 139 ms
Input: 1000000,
Cold Start: false
Unique ID: c8b34669-bb84-40bd-8ed6-6a20ed025d2e,
Billed Duration for Request c8b34669-bb84-40bd-8ed6-6a20ed025d2e: 78 ms
Input: 1000000,
Cold Start: false
Unique ID: f05c846b-dbf3-48b5-9002-250ccb34b9e7,
Billed Duration for Request f05c846b-dbf3-48b5-9002-250ccb34b9e7: 97 ms
Input: 1000000,
Cold Start: false
Unique ID: dd2a7041-f64f-4c3b-b3f6-117daa6d6887,
Billed Duration for Request dd2a7041-f64f-4c3b-b3f6-117daa6d6887: 77 ms
Input: 1000000,
Cold Start: false
Unique ID: a9078655-2c70-44e6-8e48-9ee5c6d8937c,
Billed Duration for Request a9078655-2c70-44e6-8e48-9ee5c6d8937c: 96 ms
Input: 1000000,
Cold Start: false
Unique ID: ea540692-40e6-451b-bb5e-ffddc4310d0e,
Billed Duration for Request ea540692-40e6-451b-bb5e-ffddc4310d0e: 53 ms
Input: 1000000,
Cold Start: false
Unique ID: d5f87b8f-4715-4a70-98c3-f0e7c57be296,
Billed Duration for Request d5f87b8f-4715-4a70-98c3-f0e7c57be296: 121 ms
Input: 1000000,
Cold Start: false
Unique ID: 6d47ef43-2007-452b-ba50-1c7716f1a8db,
Billed Duration for Request 6d47ef43-2007-452b-ba50-1c7716f1a8db: 58 ms
Input: 1000000,
Cold Start: false
Unique ID: 099aced8-86db-422c-ae70-5f3d123b5702,
Billed Duration for Request 099aced8-86db-422c-ae70-5f3d123b5702: 104 ms
Input: 1000000,
Cold Start: false
Unique ID: 470144cf-5928-4ac4-a557-6bdacbd4c34f,
Billed Duration for Request 470144cf-5928-4ac4-a557-6bdacbd4c34f: 119 ms
Input: 1000000,
Cold Start: false
Unique ID: ae0d7bce-44ce-4309-a9fe-3cd1a12ed95c,
Billed Duration for Request ae0d7bce-44ce-4309-a9fe-3cd1a12ed95c: 60 ms
Input: 1000000,
Cold Start: false
Unique ID: 6f40d65a-c397-4756-9b63-9de646ae8608,
Billed Duration for Request 6f40d65a-c397-4756-9b63-9de646ae8608: 97 ms
Input: 1000000,
Cold Start: false
Unique ID: 9cebd915-c35c-4d88-a296-a3e38a042da5,
Billed Duration for Request 9cebd915-c35c-4d88-a296-a3e38a042da5: 74 ms
Input: 1000000,
Cold Start: false
Unique ID: 43a0ae1e-693d-4b0e-977a-9e86f00becae,
Billed Duration for Request 43a0ae1e-693d-4b0e-977a-9e86f00becae: 176 ms
Input: 1000000,
Cold Start: false
Unique ID: db70369c-60b9-4dfd-9872-44e5fada117c,
Billed Duration for Request db70369c-60b9-4dfd-9872-44e5fada117c: 117 ms
Input: 1000000,
Cold Start: false
Unique ID: 2294ec7b-a889-40ce-93f7-76137654fa9a,
Billed Duration for Request 2294ec7b-a889-40ce-93f7-76137654fa9a: 76 ms
Input: 1000000,
Cold Start: false
Unique ID: e76c2ac9-a369-427b-9f50-3f29aa382185,
Billed Duration for Request e76c2ac9-a369-427b-9f50-3f29aa382185: 80 ms
Input: 1000000,
Cold Start: false
Unique ID: ddd80562-7364-4c07-9f0e-6ed6d784fb9e,
Billed Duration for Request ddd80562-7364-4c07-9f0e-6ed6d784fb9e: 117 ms
Input: 1000000,
Cold Start: false
Unique ID: d9888601-906c-4ea2-990d-090a6e0ee725,
Billed Duration for Request d9888601-906c-4ea2-990d-090a6e0ee725: 76 ms
Input: 1000000,
Cold Start: false
Unique ID: feca829c-5161-4bfc-80ae-9e3acd43ba20,
Billed Duration for Request feca829c-5161-4bfc-80ae-9e3acd43ba20: 89 ms
Input: 1000000,
Cold Start: false
Unique ID: 65dc28b2-1631-48b8-a11f-4a37287fd07f,
Billed Duration for Request 65dc28b2-1631-48b8-a11f-4a37287fd07f: 57 ms
Input: 1000000,
Cold Start: false
Unique ID: 18dac39c-ea4c-4d7a-b706-20562ef613f7,
Billed Duration for Request 18dac39c-ea4c-4d7a-b706-20562ef613f7: 91 ms
Input: 1000000,
Cold Start: false
Unique ID: 48bb0cb1-dfa6-45de-89a7-e9a10afc222e,
Billed Duration for Request 48bb0cb1-dfa6-45de-89a7-e9a10afc222e: 55 ms
Input: 1000000,
Cold Start: false
Unique ID: 670cc3a3-615e-4f2f-8344-64a408fa94cb,
Billed Duration for Request 670cc3a3-615e-4f2f-8344-64a408fa94cb: 142 ms
Input: 1000000,
Cold Start: false
Unique ID: eaf47c50-44c7-4054-aaad-7b32984fb964,
Billed Duration for Request eaf47c50-44c7-4054-aaad-7b32984fb964: 96 ms
Input: 1000000,
Cold Start: false
Unique ID: df97b533-c251-42b5-8a10-1ffd9605c13f,
Billed Duration for Request df97b533-c251-42b5-8a10-1ffd9605c13f: 94 ms
Input: 1000000,
Cold Start: false
Unique ID: 51631bf2-da6b-4059-8950-bd1acc09c8e5,
Billed Duration for Request 51631bf2-da6b-4059-8950-bd1acc09c8e5: 81 ms
Input: 1000000,
Cold Start: false
Unique ID: 2ace9c30-efc9-46e7-81d6-6648e840cd90,
Billed Duration for Request 2ace9c30-efc9-46e7-81d6-6648e840cd90: 139 ms
Input: 1000000,
Cold Start: false
Unique ID: 91104cbe-a8fb-4b1b-920b-ae0fd2e88815,
Billed Duration for Request 91104cbe-a8fb-4b1b-920b-ae0fd2e88815: 98 ms
Input: 1000000,
Cold Start: false
Unique ID: 79fe2879-7b93-4424-86dd-e60be3fcc82c,
Billed Duration for Request 79fe2879-7b93-4424-86dd-e60be3fcc82c: 73 ms
Input: 1000000,
Cold Start: false
Unique ID: 4f6a1836-22e4-4769-8e32-8b5c77439325,
Billed Duration for Request 4f6a1836-22e4-4769-8e32-8b5c77439325: 74 ms
Input: 1000000,
Cold Start: false
Unique ID: e6f36413-78bd-4ae3-9a65-bdc9f47596d5,
Billed Duration for Request e6f36413-78bd-4ae3-9a65-bdc9f47596d5: 115 ms
Input: 1000000,
Cold Start: false
Unique ID: 8df9f8fe-5a3d-487b-9d1f-f55457f2f4c7,
Billed Duration for Request 8df9f8fe-5a3d-487b-9d1f-f55457f2f4c7: 83 ms
Input: 1000000,
Cold Start: false
Unique ID: f545e1bb-1c28-45bb-9793-bc5dfc222819,
Billed Duration for Request f545e1bb-1c28-45bb-9793-bc5dfc222819: 107 ms
Input: 1000000,
Cold Start: false
Unique ID: 3d0dd722-fbfb-4bc4-aad9-bd891a7a44e2,
Billed Duration for Request 3d0dd722-fbfb-4bc4-aad9-bd891a7a44e2: 71 ms
Input: 1000000,
Cold Start: false
Unique ID: 0bea2930-5301-4e31-88b4-67c7e5e6579e,
Billed Duration for Request 0bea2930-5301-4e31-88b4-67c7e5e6579e: 76 ms
Input: 1000000,
Cold Start: false
Unique ID: b74ecbe7-433e-417f-9328-ea83c6c0f824,
Billed Duration for Request b74ecbe7-433e-417f-9328-ea83c6c0f824: 79 ms
Input: 1000000,
Cold Start: false
Unique ID: 3925c432-d50a-4976-b622-410f1b1cad62,
Billed Duration for Request 3925c432-d50a-4976-b622-410f1b1cad62: 153 ms
Input: 1000000,
Cold Start: false
Unique ID: 2b068dde-d449-46a8-a5ac-287094561fd3,
Billed Duration for Request 2b068dde-d449-46a8-a5ac-287094561fd3: 81 ms
Input: 1000000,
Cold Start: false
Unique ID: 547d3737-bc96-4821-bf4d-ee7c691d1c1e,
Billed Duration for Request 547d3737-bc96-4821-bf4d-ee7c691d1c1e: 73 ms
Input: 1000000,
Cold Start: false
Unique ID: 81319b46-8573-4c2a-8696-cc5e0696ff2d,
Billed Duration for Request 81319b46-8573-4c2a-8696-cc5e0696ff2d: 61 ms
Input: 1000000,
Cold Start: false
Unique ID: b2a3c68c-0e7c-449b-8e55-dfe04baabf39,
Billed Duration for Request b2a3c68c-0e7c-449b-8e55-dfe04baabf39: 116 ms
Input: 1000000,
Cold Start: false
Unique ID: aab918b6-d79d-404f-9887-c0f656a57414,
Billed Duration for Request aab918b6-d79d-404f-9887-c0f656a57414: 116 ms
Input: 1000000,
Cold Start: false
Unique ID: bd0b7cf1-c86b-401d-be51-3880c463f805,
Billed Duration for Request bd0b7cf1-c86b-401d-be51-3880c463f805: 99 ms
Input: 1000000,
Cold Start: false
Unique ID: 087a79b1-5e0c-438d-ab96-ab55c30cea97,
Billed Duration for Request 087a79b1-5e0c-438d-ab96-ab55c30cea97: 58 ms
Input: 1000000,
Cold Start: false
Unique ID: d843b459-7dd0-4e0a-9c8a-5d6a94b739ff,
Billed Duration for Request d843b459-7dd0-4e0a-9c8a-5d6a94b739ff: 66 ms
Input: 1000000,
Cold Start: false
Unique ID: 090d32d5-8357-46ee-b02e-3365be1efe1b,
Billed Duration for Request 090d32d5-8357-46ee-b02e-3365be1efe1b: 115 ms
Input: 1000000,
Cold Start: false
Unique ID: f633d6f2-2024-442e-a076-6235abdbe714,
Billed Duration for Request f633d6f2-2024-442e-a076-6235abdbe714: 121 ms
Input: 1000000,
Cold Start: false
Unique ID: 81e097d9-3d88-4268-a9da-d9ac5cc41572,
Billed Duration for Request 81e097d9-3d88-4268-a9da-d9ac5cc41572: 81 ms
Input: 1000000,
Cold Start: false
Unique ID: e9fa668f-4d3d-4988-85fb-767b6a564a37,
Billed Duration for Request e9fa668f-4d3d-4988-85fb-767b6a564a37: 56 ms
Input: 1000000,
Cold Start: false
Unique ID: 4ee975c0-4234-4197-8855-662139c6ba67,
Billed Duration for Request 4ee975c0-4234-4197-8855-662139c6ba67: 75 ms
Input: 1000000,
Cold Start: false
Unique ID: ef82f425-8838-42d8-918e-522aac9d8fff,
Billed Duration for Request ef82f425-8838-42d8-918e-522aac9d8fff: 88 ms
Input: 1000000,
Cold Start: false
Unique ID: 355b0beb-f3e7-41e6-b4e4-8549ebdfc6da,
Billed Duration for Request 355b0beb-f3e7-41e6-b4e4-8549ebdfc6da: 121 ms
Input: 1000000,
Cold Start: false
Unique ID: 9d5ac793-1d7e-426a-b66c-341ef0d317b7,
Billed Duration for Request 9d5ac793-1d7e-426a-b66c-341ef0d317b7: 118 ms
Input: 1000000,
Cold Start: false
Unique ID: 212190a6-33d1-4b29-9541-f1dbfcd3d7e9,
Billed Duration for Request 212190a6-33d1-4b29-9541-f1dbfcd3d7e9: 59 ms
Input: 1000000,
Cold Start: false
Unique ID: bd0dfa5c-f000-45c2-96ab-b0e44cb1d8e1,
Billed Duration for Request bd0dfa5c-f000-45c2-96ab-b0e44cb1d8e1: 76 ms
Input: 1000000,
Cold Start: false
Unique ID: 62f206ea-95f0-44dc-b8fd-dfcf25baffd4,
Billed Duration for Request 62f206ea-95f0-44dc-b8fd-dfcf25baffd4: 96 ms
Input: 1000000,
Cold Start: false
Unique ID: 8556b0f4-68d5-4055-9cc3-6b5a96d646b9,
Billed Duration for Request 8556b0f4-68d5-4055-9cc3-6b5a96d646b9: 78 ms
Input: 1000000,
Cold Start: false
Unique ID: c9e8e8ff-8861-4fac-bf63-1516860b9051,
Billed Duration for Request c9e8e8ff-8861-4fac-bf63-1516860b9051: 70 ms
Input: 1000000,
Cold Start: false
Unique ID: 7d98ea86-59bf-4715-8405-9dbdf9c1a25c,
Billed Duration for Request 7d98ea86-59bf-4715-8405-9dbdf9c1a25c: 103 ms
Input: 1000000,
Cold Start: false
Unique ID: 3c81ba9c-0e92-4a4e-908d-60058f527847,
Billed Duration for Request 3c81ba9c-0e92-4a4e-908d-60058f527847: 107 ms
Input: 1000000,
Cold Start: false
Unique ID: 20fee38a-21d9-4bb7-9de8-1af3515da84a,
Billed Duration for Request 20fee38a-21d9-4bb7-9de8-1af3515da84a: 91 ms
Input: 1000000,
Cold Start: false
Unique ID: df73a060-f052-4503-bc48-b9a42b5be385,
Billed Duration for Request df73a060-f052-4503-bc48-b9a42b5be385: 68 ms
Input: 1000000,
Cold Start: false
Unique ID: e7170601-6202-452e-93b7-c8991a7db17f,
Billed Duration for Request e7170601-6202-452e-93b7-c8991a7db17f: 136 ms
Input: 1000000,
Cold Start: false
Unique ID: f5edef22-9323-4a00-a424-4f0c1603f6da,
Billed Duration for Request f5edef22-9323-4a00-a424-4f0c1603f6da: 121 ms
Input: 1000000,
Cold Start: false
Unique ID: 4c1259c1-1eba-43cb-bdc2-adb8d3c5af20,
Billed Duration for Request 4c1259c1-1eba-43cb-bdc2-adb8d3c5af20: 72 ms
Input: 1000000,
Cold Start: false
Unique ID: cecb2e92-4c21-433d-95c4-6847e34b1eda,
Billed Duration for Request cecb2e92-4c21-433d-95c4-6847e34b1eda: 78 ms
Input: 1000000,
Cold Start: false
Unique ID: fe404bfb-b807-4515-a383-4208b3df41aa,
Billed Duration for Request fe404bfb-b807-4515-a383-4208b3df41aa: 99 ms
Input: 1000000,
Cold Start: false
Unique ID: 35687e02-8ec2-4f23-a1aa-2f5728319dc1,
Billed Duration for Request 35687e02-8ec2-4f23-a1aa-2f5728319dc1: 80 ms
Input: 1000000,
Cold Start: false
Unique ID: 1a14f591-79b7-4ceb-b723-0fb4cd9fe539,
Billed Duration for Request 1a14f591-79b7-4ceb-b723-0fb4cd9fe539: 135 ms
Input: 1000000,
Cold Start: false
Unique ID: 8313c519-579c-4dd4-a6e1-4a7573910575,
Billed Duration for Request 8313c519-579c-4dd4-a6e1-4a7573910575: 80 ms
Input: 1000000,
Cold Start: false
Unique ID: 747c3c74-2cc9-47cc-806a-6a56186baf2b,
Billed Duration for Request 747c3c74-2cc9-47cc-806a-6a56186baf2b: 78 ms
Input: 1000000,
Cold Start: false
Unique ID: 5248cede-516f-4440-849d-b7b916b5df67,
Billed Duration for Request 5248cede-516f-4440-849d-b7b916b5df67: 66 ms
Input: 1000000,
Cold Start: false
Unique ID: 1fb6cd62-6452-4090-a267-2cae5a731303,
Billed Duration for Request 1fb6cd62-6452-4090-a267-2cae5a731303: 97 ms
Input: 1000000,
Cold Start: false
Unique ID: 5922f0a6-1a4b-4b98-b9b3-f4ac8abb5504,
Billed Duration for Request 5922f0a6-1a4b-4b98-b9b3-f4ac8abb5504: 59 ms
Input: 1000000,
Cold Start: false
Unique ID: c1a99044-bfe3-4d3b-a2ae-7225491a5d59,
Billed Duration for Request c1a99044-bfe3-4d3b-a2ae-7225491a5d59: 120 ms
Input: 1000000,
Cold Start: false
Unique ID: fffed3cf-8a89-45ae-bc72-51a28722dbf8,
Billed Duration for Request fffed3cf-8a89-45ae-bc72-51a28722dbf8: 145 ms
Input: 1000000,
Cold Start: false
Unique ID: f0bb825e-9d6a-4c8d-9e86-c70acd682ea4,
Billed Duration for Request f0bb825e-9d6a-4c8d-9e86-c70acd682ea4: 79 ms
Input: 1000000,
Cold Start: false
Unique ID: fc2a9a47-2f2f-4bbe-a93c-16af3a60b9fa,
Billed Duration for Request fc2a9a47-2f2f-4bbe-a93c-16af3a60b9fa: 87 ms
Input: 1000000,
Cold Start: false
Unique ID: 11caef5f-5fa3-40e1-840f-154b669b94d7,
Billed Duration for Request 11caef5f-5fa3-40e1-840f-154b669b94d7: 98 ms
Input: 1000000,
Cold Start: false
Unique ID: b566bcb4-ca23-472f-ba77-a9a11138007f,
Billed Duration for Request b566bcb4-ca23-472f-ba77-a9a11138007f: 66 ms
Input: 1000000,
Cold Start: false
Unique ID: 28676d31-f1e6-4972-b7ca-4b37e0536805,
Billed Duration for Request 28676d31-f1e6-4972-b7ca-4b37e0536805: 94 ms
Input: 1000000,
Cold Start: false
Unique ID: 841599ba-b982-4029-aed0-89afc38cdad2,
Billed Duration for Request 841599ba-b982-4029-aed0-89afc38cdad2: 99 ms
Input: 1000000,
Cold Start: false
Unique ID: ab558f56-4c04-4b9a-b27d-9c03cc7ce819,
Billed Duration for Request ab558f56-4c04-4b9a-b27d-9c03cc7ce819: 87 ms
Input: 1000000,
Cold Start: false
Unique ID: 7259d147-d52f-433f-bbcc-adaef47ecf8b,
Billed Duration for Request 7259d147-d52f-433f-bbcc-adaef47ecf8b: 77 ms
Input: 1000000,
Cold Start: false
Unique ID: 07a6e702-47bb-4d30-b029-3c2272c236de,
Billed Duration for Request 07a6e702-47bb-4d30-b029-3c2272c236de: 109 ms
Input: 1000000,
Cold Start: false
Unique ID: cbc508b6-0916-4f8c-95d9-26b0d037d34f,
Billed Duration for Request cbc508b6-0916-4f8c-95d9-26b0d037d34f: 86 ms
Input: 1000000,
Cold Start: false
Unique ID: 0c729b5c-c2cc-45bc-97a6-186761a099ec,
Billed Duration for Request 0c729b5c-c2cc-45bc-97a6-186761a099ec: 61 ms
Input: 1000000,
Cold Start: false
Unique ID: 522557ae-7129-469c-9d97-e242a7d9b965,
Billed Duration for Request 522557ae-7129-469c-9d97-e242a7d9b965: 75 ms
Input: 1000000,
Cold Start: false
Unique ID: ecc63038-2f8c-4c62-849c-2f49ee342860,
Billed Duration for Request ecc63038-2f8c-4c62-849c-2f49ee342860: 122 ms
Input: 1000000,
Cold Start: false
Unique ID: c3819d0c-1a25-4c1d-9d2e-478de1375b18,
Billed Duration for Request c3819d0c-1a25-4c1d-9d2e-478de1375b18: 61 ms
Input: 1000000,
Cold Start: false
Unique ID: f3413978-6d99-4c77-8aeb-690bc0400625,
Billed Duration for Request f3413978-6d99-4c77-8aeb-690bc0400625: 113 ms
Input: 1000000,
Cold Start: false
Unique ID: 22170dc9-7220-4179-a5ee-47090e0a17f4,
Billed Duration for Request 22170dc9-7220-4179-a5ee-47090e0a17f4: 69 ms
Input: 1000000,
Cold Start: false
Unique ID: d4dc8acf-2007-4ed5-871b-b14941539d28,
Billed Duration for Request d4dc8acf-2007-4ed5-871b-b14941539d28: 143 ms
Input: 1000000,
Cold Start: false
Unique ID: cdb69593-2b00-4cdb-bdf6-229c10cc44bc,
Billed Duration for Request cdb69593-2b00-4cdb-bdf6-229c10cc44bc: 82 ms
Input: 1000000,
Cold Start: false
Unique ID: 4eb44dee-a336-4667-8374-7494dd07c9fd,
Billed Duration for Request 4eb44dee-a336-4667-8374-7494dd07c9fd: 73 ms
Input: 1000000,
Cold Start: false
Unique ID: 7b64172c-4e0a-4cc2-badf-87cb335ece59,
Billed Duration for Request 7b64172c-4e0a-4cc2-badf-87cb335ece59: 96 ms
Input: 1000000,
Cold Start: false
Unique ID: 0be801b1-e517-4519-b950-b7db35f39095,
Billed Duration for Request 0be801b1-e517-4519-b950-b7db35f39095: 133 ms
Input: 1000000,
Cold Start: false
Unique ID: e99d66b7-7174-40ba-9fe6-bf3bb2e97a96,
Billed Duration for Request e99d66b7-7174-40ba-9fe6-bf3bb2e97a96: 84 ms
Input: 1000000,
Cold Start: false
Unique ID: 2a72bc02-95de-4a24-be1d-35adee3f59b7,
Billed Duration for Request 2a72bc02-95de-4a24-be1d-35adee3f59b7: 65 ms
Input: 1000000,
Cold Start: false
Unique ID: c0ad9414-6231-4d38-8cce-003c3ff346cc,
Billed Duration for Request c0ad9414-6231-4d38-8cce-003c3ff346cc: 102 ms
Input: 1000000,
Cold Start: false
Unique ID: c7dfb264-43bc-494c-be3e-eb980a5b0ad2,
Billed Duration for Request c7dfb264-43bc-494c-be3e-eb980a5b0ad2: 94 ms
Input: 1000000,
Cold Start: false
Unique ID: f2f7dacf-0f43-47bb-900e-abdb9496e332,
Billed Duration for Request f2f7dacf-0f43-47bb-900e-abdb9496e332: 67 ms
Input: 1000000,
Cold Start: false
Unique ID: 0d175034-7455-4b7a-8597-eddff0572c09,
Billed Duration for Request 0d175034-7455-4b7a-8597-eddff0572c09: 164 ms
Input: 1000000,
Cold Start: false
Unique ID: 3cc6dc4d-8665-48c0-9b0e-d77f9fc335bc,
Billed Duration for Request 3cc6dc4d-8665-48c0-9b0e-d77f9fc335bc: 74 ms
Input: 1000000,
Cold Start: false
Unique ID: 613638d1-ddc5-4050-bf25-220caad1abbf,
Billed Duration for Request 613638d1-ddc5-4050-bf25-220caad1abbf: 64 ms
Input: 1000000,
Cold Start: false
Unique ID: 4d3287f7-155b-4599-80a0-513da968237c,
Billed Duration for Request 4d3287f7-155b-4599-80a0-513da968237c: 118 ms
Input: 1000000,
Cold Start: false
Unique ID: 5a00e2d7-8963-4134-ad47-1d5cce7ee3ae,
Billed Duration for Request 5a00e2d7-8963-4134-ad47-1d5cce7ee3ae: 118 ms
Input: 1000000,
Cold Start: false
Unique ID: 70eb318f-3908-4125-8f41-9d7f51d6b396,
Billed Duration for Request 70eb318f-3908-4125-8f41-9d7f51d6b396: 58 ms
Input: 1000000,
Cold Start: false
Unique ID: 882ec0f8-9fee-4aed-b1a0-0b509a52d132,
Billed Duration for Request 882ec0f8-9fee-4aed-b1a0-0b509a52d132: 143 ms
Input: 1000000,
Cold Start: false
Unique ID: ef6beb79-3109-4a30-b0f0-cd86642f2d9c,
Billed Duration for Request ef6beb79-3109-4a30-b0f0-cd86642f2d9c: 75 ms
Input: 1000000,
Cold Start: false
Unique ID: 2651530b-6872-4ddd-95dc-fa0974ddab2d,
Billed Duration for Request 2651530b-6872-4ddd-95dc-fa0974ddab2d: 99 ms
Input: 1000000,
Cold Start: false
Unique ID: 912e90ea-0313-4783-a1f9-8905e2d8ae07,
Billed Duration for Request 912e90ea-0313-4783-a1f9-8905e2d8ae07: 75 ms
Input: 1000000,
Cold Start: false
Unique ID: 129d3609-a0b4-4e78-955b-939a6108fe4b,
Billed Duration for Request 129d3609-a0b4-4e78-955b-939a6108fe4b: 113 ms
Input: 1000000,
Cold Start: false
Unique ID: f192925e-ec25-451f-9c84-3fddb9fcbbd9,
Billed Duration for Request f192925e-ec25-451f-9c84-3fddb9fcbbd9: 68 ms
Input: 1000000,
Cold Start: false
Unique ID: e0ccce1a-6265-4a75-9db2-ae77525ac4db,
Billed Duration for Request e0ccce1a-6265-4a75-9db2-ae77525ac4db: 137 ms
Input: 1000000,
Cold Start: false
Unique ID: 0dad8cbe-f6d7-47c4-ab42-c8ecabdc219a,
Billed Duration for Request 0dad8cbe-f6d7-47c4-ab42-c8ecabdc219a: 101 ms
Input: 1000000,
Cold Start: false
Unique ID: f3331a12-f93d-4046-9ffb-9a5d44880551,
Billed Duration for Request f3331a12-f93d-4046-9ffb-9a5d44880551: 95 ms
Input: 1000000,
Cold Start: false
Unique ID: 22d90199-6439-4d20-b292-6fc4b038a9e1,
Billed Duration for Request 22d90199-6439-4d20-b292-6fc4b038a9e1: 80 ms
Input: 1000000,
Cold Start: false
Unique ID: 27e42edf-54ab-43fa-99ed-96b55f8aad8e,
Billed Duration for Request 27e42edf-54ab-43fa-99ed-96b55f8aad8e: 115 ms
Input: 1000000,
Cold Start: false
Unique ID: 953744d7-fc22-4fa5-9d37-300bdbe990d4,
Billed Duration for Request 953744d7-fc22-4fa5-9d37-300bdbe990d4: 123 ms
Input: 1000000,
Cold Start: false
Unique ID: 539508e9-2b21-49bd-ba2b-d955b2c19391,
Billed Duration for Request 539508e9-2b21-49bd-ba2b-d955b2c19391: 102 ms
Input: 1000000,
Cold Start: false
Unique ID: 23ba4d22-9626-4f5e-8fbb-b18850c94c2a,
Billed Duration for Request 23ba4d22-9626-4f5e-8fbb-b18850c94c2a: 64 ms
Input: 1000000,
Cold Start: false
Unique ID: 1bc402f4-30ed-46d5-81d4-557ca81571d0,
Billed Duration for Request 1bc402f4-30ed-46d5-81d4-557ca81571d0: 77 ms
Input: 1000000,
Cold Start: false
Unique ID: 9c0dcfd0-9dbd-4bbe-a74b-df3c60697861,
Billed Duration for Request 9c0dcfd0-9dbd-4bbe-a74b-df3c60697861: 91 ms
Input: 1000000,
Cold Start: false
Unique ID: f94e1e43-252b-41dc-a8a6-d6e579bfed8f,
Billed Duration for Request f94e1e43-252b-41dc-a8a6-d6e579bfed8f: 64 ms
Input: 1000000,
Cold Start: false
Unique ID: 69ccdcfc-2d00-413e-b43a-448ce58e14d9,
Billed Duration for Request 69ccdcfc-2d00-413e-b43a-448ce58e14d9: 95 ms
Input: 1000000,
Cold Start: false
Unique ID: 88732cc8-b809-40a3-8dca-bcedb416fb36,
Billed Duration for Request 88732cc8-b809-40a3-8dca-bcedb416fb36: 90 ms
Input: 1000000,
Cold Start: false
Unique ID: 2a117a2d-301f-461e-93cc-f25ac8068089,
Billed Duration for Request 2a117a2d-301f-461e-93cc-f25ac8068089: 64 ms
Input: 1000000,
Cold Start: false
Unique ID: 2349d5a8-c1cc-4f50-8a2f-fc5b25108c18,
Billed Duration for Request 2349d5a8-c1cc-4f50-8a2f-fc5b25108c18: 93 ms
Input: 1000000,
Cold Start: false
Unique ID: b0150516-8f7d-4ca0-99f8-c25429d814ad,
Billed Duration for Request b0150516-8f7d-4ca0-99f8-c25429d814ad: 77 ms
Input: 1000000,
Cold Start: false
Unique ID: ae6ed1e3-d5fe-4f3d-927d-ce08f7e60a85,
Billed Duration for Request ae6ed1e3-d5fe-4f3d-927d-ce08f7e60a85: 76 ms
Input: 1000000,
Cold Start: false
Unique ID: c3829141-a31a-47b6-926e-308370973ea7,
Billed Duration for Request c3829141-a31a-47b6-926e-308370973ea7: 79 ms
Input: 1000000,
Cold Start: false
Unique ID: cfd611b4-a2ac-44f3-96e2-1c45e69cdc46,
Billed Duration for Request cfd611b4-a2ac-44f3-96e2-1c45e69cdc46: 137 ms
Input: 1000000,
Cold Start: false
Unique ID: 49b4aebf-71bc-4b9a-9060-2d145708fb22,
Billed Duration for Request 49b4aebf-71bc-4b9a-9060-2d145708fb22: 140 ms
Input: 1000000,
Cold Start: false
Unique ID: 3f23d575-adb9-458a-9c58-ae22e25c6c10,
Billed Duration for Request 3f23d575-adb9-458a-9c58-ae22e25c6c10: 98 ms
Input: 1000000,
Cold Start: false
Unique ID: c3980be2-e8a7-4372-bb20-8ea44f95593f,
Billed Duration for Request c3980be2-e8a7-4372-bb20-8ea44f95593f: 82 ms
Input: 1000000,
Cold Start: false
Unique ID: 964fef5f-bad0-44b9-aaec-d7df7498c0ef,
Billed Duration for Request 964fef5f-bad0-44b9-aaec-d7df7498c0ef: 67 ms
Input: 1000000,
Cold Start: false
Unique ID: 1a8f0fbe-66a7-4d8b-b30a-440dd473f9fc,
Billed Duration for Request 1a8f0fbe-66a7-4d8b-b30a-440dd473f9fc: 77 ms
Input: 1000000,
Cold Start: false
Unique ID: f9b0ced7-dd36-4958-a853-8dfb0262893e,
Billed Duration for Request f9b0ced7-dd36-4958-a853-8dfb0262893e: 64 ms
Input: 1000000,
Cold Start: false
Unique ID: e70c017a-8b89-4a4a-a494-f027cb371570,
Billed Duration for Request e70c017a-8b89-4a4a-a494-f027cb371570: 105 ms
Input: 1000000,
Cold Start: false
Unique ID: cf911a07-4274-4ab0-acb3-80b6356bf9db,
Billed Duration for Request cf911a07-4274-4ab0-acb3-80b6356bf9db: 136 ms
Input: 1000000,
Cold Start: false
Unique ID: 09d33c62-3361-4435-988e-27eb668dfdc9,
Billed Duration for Request 09d33c62-3361-4435-988e-27eb668dfdc9: 84 ms
Input: 1000000,
Cold Start: false
Unique ID: 1e2b62b0-3e87-47d0-bb39-957042ebb5a7,
Billed Duration for Request 1e2b62b0-3e87-47d0-bb39-957042ebb5a7: 74 ms
Input: 1000000,
Cold Start: false
Unique ID: 376aada6-60bc-4f28-9bbb-54d35be02860,
Billed Duration for Request 376aada6-60bc-4f28-9bbb-54d35be02860: 89 ms
Input: 1000000,
Cold Start: false
Unique ID: 5cea9ac5-15fb-4144-bf99-ef9a2c06079e,
Billed Duration for Request 5cea9ac5-15fb-4144-bf99-ef9a2c06079e: 94 ms
Input: 1000000,
Cold Start: false
Unique ID: d514d080-ae3e-49bc-802d-036de9c8d49a,
Billed Duration for Request d514d080-ae3e-49bc-802d-036de9c8d49a: 103 ms
Input: 1000000,
Cold Start: false
Unique ID: 1de412ee-d35b-4b3c-86d6-fd01c3f9d8d6,
Billed Duration for Request 1de412ee-d35b-4b3c-86d6-fd01c3f9d8d6: 67 ms
Input: 1000000,
Cold Start: false
Unique ID: d5137be6-7eaa-4c75-a7d6-6555ed51000d,
Billed Duration for Request d5137be6-7eaa-4c75-a7d6-6555ed51000d: 77 ms
Input: 1000000,
Cold Start: false
Unique ID: 1cf7c7e4-be66-4d3e-beeb-be8f137f6ee9,
Billed Duration for Request 1cf7c7e4-be66-4d3e-beeb-be8f137f6ee9: 120 ms
Input: 1000000,
Cold Start: false
Unique ID: f4b91c0d-861e-45bf-8877-85b3a45eda53,
Billed Duration for Request f4b91c0d-861e-45bf-8877-85b3a45eda53: 84 ms
Input: 1000000,
Cold Start: false
Unique ID: 0766b9de-d76a-4f0d-8fdb-e48d02adfb5c,
Billed Duration for Request 0766b9de-d76a-4f0d-8fdb-e48d02adfb5c: 112 ms
Input: 1000000,
Cold Start: false
Unique ID: 04048627-42de-463e-bee2-d7bea031bd65,
Billed Duration for Request 04048627-42de-463e-bee2-d7bea031bd65: 77 ms
Input: 1000000,
Cold Start: false
Unique ID: f79c7b2e-97c0-45c5-8510-b4ade6d05b36,
Billed Duration for Request f79c7b2e-97c0-45c5-8510-b4ade6d05b36: 133 ms
Input: 1000000,
Cold Start: false
Unique ID: a677e76a-77d9-4568-b342-2f3dbe8636de,
Billed Duration for Request a677e76a-77d9-4568-b342-2f3dbe8636de: 79 ms
Input: 1000000,
Cold Start: false
Unique ID: 192f6bf3-6da0-4219-867e-2c3e1b1270cd,
Billed Duration for Request 192f6bf3-6da0-4219-867e-2c3e1b1270cd: 77 ms
Input: 1000000,
Cold Start: false
Unique ID: 4173a664-c846-4d9b-a90d-f8a992d21526,
Billed Duration for Request 4173a664-c846-4d9b-a90d-f8a992d21526: 86 ms
Input: 1000000,
Cold Start: false
Unique ID: d012b08e-9896-4ab8-978e-9632c036f0a0,
Billed Duration for Request d012b08e-9896-4ab8-978e-9632c036f0a0: 85 ms
Input: 1000000,
Cold Start: false
Unique ID: 224b7d10-77b3-4ecc-b665-ba0fadb83ab1,
Billed Duration for Request 224b7d10-77b3-4ecc-b665-ba0fadb83ab1: 136 ms
Input: 1000000,
Cold Start: false
Unique ID: 50963a1a-1255-420c-84bd-a10c5f63b740,
Billed Duration for Request 50963a1a-1255-420c-84bd-a10c5f63b740: 68 ms
Input: 1000000,
Cold Start: false
Unique ID: 5a882ec2-be63-4e50-a7e2-81fd4ec17461,
Billed Duration for Request 5a882ec2-be63-4e50-a7e2-81fd4ec17461: 80 ms
Input: 1000000,
Cold Start: false
Unique ID: b8ef4d62-df26-4a95-ad23-85920c33e324,
Billed Duration for Request b8ef4d62-df26-4a95-ad23-85920c33e324: 73 ms
Input: 1000000,
Cold Start: false
Unique ID: a987fc94-9f71-43a5-b2cf-a51079aaef25,
Billed Duration for Request a987fc94-9f71-43a5-b2cf-a51079aaef25: 77 ms
Input: 1000000,
Cold Start: false
Unique ID: c3318eb0-7f63-404a-8283-e0b4af54c28b,
Billed Duration for Request c3318eb0-7f63-404a-8283-e0b4af54c28b: 136 ms
Input: 1000000,
Cold Start: false
Unique ID: 0ad964c7-9bb4-489b-a96d-6df2978ebb28,
Billed Duration for Request 0ad964c7-9bb4-489b-a96d-6df2978ebb28: 95 ms
Input: 1000000,
Cold Start: false
Unique ID: 49c0fc33-cf7f-44ea-bb8c-91bb82aaaa28,
Billed Duration for Request 49c0fc33-cf7f-44ea-bb8c-91bb82aaaa28: 100 ms
Input: 1000000,
Cold Start: false
Unique ID: 4e30ac71-31e9-4f3d-8cb6-475ff54a710e,
Billed Duration for Request 4e30ac71-31e9-4f3d-8cb6-475ff54a710e: 53 ms
Input: 1000000,
Cold Start: false
Unique ID: e0ee3aff-f012-49bd-ac08-f572f0284b3f,
Billed Duration for Request e0ee3aff-f012-49bd-ac08-f572f0284b3f: 100 ms
Input: 1000000,
Cold Start: false
Unique ID: 5316d428-983e-408f-abf2-48a39531583e,
Billed Duration for Request 5316d428-983e-408f-abf2-48a39531583e: 77 ms
Input: 1000000,
Cold Start: false
Unique ID: 773ecbd8-6a45-472e-8f9b-910bb5cf67a9,
Billed Duration for Request 773ecbd8-6a45-472e-8f9b-910bb5cf67a9: 120 ms
Input: 1000000,
Cold Start: false
Unique ID: e051a1c4-e7a3-433f-ba4c-05b4d2b97e3c,
Billed Duration for Request e051a1c4-e7a3-433f-ba4c-05b4d2b97e3c: 84 ms
Input: 1000000,
Cold Start: false
Unique ID: 96437fdb-88ad-4919-8a5d-8dd367c92b1e,
Billed Duration for Request 96437fdb-88ad-4919-8a5d-8dd367c92b1e: 80 ms
Input: 1000000,
Cold Start: false
Unique ID: 9bbe64f3-b503-4bcb-a06f-443ff88225d5,
Billed Duration for Request 9bbe64f3-b503-4bcb-a06f-443ff88225d5: 100 ms
Input: 1000000,
Cold Start: false
Unique ID: debc243b-abf2-4523-958d-84a1b2bcedf9,
Billed Duration for Request debc243b-abf2-4523-958d-84a1b2bcedf9: 153 ms
Input: 1000000,
Cold Start: false
Unique ID: 74201181-2269-47b8-aced-78722afcaf41,
Billed Duration for Request 74201181-2269-47b8-aced-78722afcaf41: 90 ms
Input: 1000000,
Cold Start: false
Unique ID: 7641d2c5-4fe6-4d56-93f0-dd519b5d08db,
Billed Duration for Request 7641d2c5-4fe6-4d56-93f0-dd519b5d08db: 79 ms
Input: 1000000,
Cold Start: false
Unique ID: 4ed465a1-50fb-4a3e-ab25-04e7c284288a,
Billed Duration for Request 4ed465a1-50fb-4a3e-ab25-04e7c284288a: 71 ms
Input: 1000000,
Cold Start: false
Unique ID: 2d757ca1-587e-4e12-9cc4-55e9c05a1b0f,
Billed Duration for Request 2d757ca1-587e-4e12-9cc4-55e9c05a1b0f: 111 ms
Input: 1000000,
Cold Start: false
Unique ID: d525f357-3c49-4706-b871-b296ab197750,
Billed Duration for Request d525f357-3c49-4706-b871-b296ab197750: 95 ms
Input: 1000000,
Cold Start: false
Unique ID: 79e18bb3-4e06-4c9f-a6d6-e11a441b4740,
Billed Duration for Request 79e18bb3-4e06-4c9f-a6d6-e11a441b4740: 71 ms
Input: 1000000,
Cold Start: false
Unique ID: 2d5171a0-9499-40b1-a8af-8a7201656eb3,
Billed Duration for Request 2d5171a0-9499-40b1-a8af-8a7201656eb3: 79 ms
Input: 1000000,
Cold Start: false
Unique ID: fbcf4ae0-0c20-4f98-a72f-f818b815c84a,
Billed Duration for Request fbcf4ae0-0c20-4f98-a72f-f818b815c84a: 138 ms
Input: 1000000,
Cold Start: false
Unique ID: 92519bcb-6115-4846-9907-7d850e22de9b,
Billed Duration for Request 92519bcb-6115-4846-9907-7d850e22de9b: 141 ms
Input: 1000000,
Cold Start: false
Unique ID: 1efb2563-4bd5-48d9-837a-86c7eb202ada,
Billed Duration for Request 1efb2563-4bd5-48d9-837a-86c7eb202ada: 72 ms
Input: 1000000,
Cold Start: false
Unique ID: 24852c86-386d-425f-951d-46d13714268a,
Billed Duration for Request 24852c86-386d-425f-951d-46d13714268a: 97 ms
Input: 1000000,
Cold Start: false
Unique ID: fda74491-765e-490d-b7a6-ddb83da14ce8,
Billed Duration for Request fda74491-765e-490d-b7a6-ddb83da14ce8: 78 ms
Input: 1000000,
Cold Start: false
Unique ID: 99c5a6a5-ab55-425e-b8ae-95f407181e75,
Billed Duration for Request 99c5a6a5-ab55-425e-b8ae-95f407181e75: 80 ms
Input: 1000000,
Cold Start: false
Unique ID: 9e0e6fc0-4b84-4359-bd02-ae3737fcb378,
Billed Duration for Request 9e0e6fc0-4b84-4359-bd02-ae3737fcb378: 133 ms
Input: 1000000,
Cold Start: false
Unique ID: f0fe3366-9981-4f2e-8f51-8981ad5edd6b,
Billed Duration for Request f0fe3366-9981-4f2e-8f51-8981ad5edd6b: 117 ms
Input: 1000000,
Cold Start: false
Unique ID: 8351a3ec-fff4-4494-8627-c4f66b0e27bc,
Billed Duration for Request 8351a3ec-fff4-4494-8627-c4f66b0e27bc: 100 ms
Input: 1000000,
Cold Start: false
Unique ID: 1dccdbb2-b601-4ad3-9952-e55f0df663bd,
Billed Duration for Request 1dccdbb2-b601-4ad3-9952-e55f0df663bd: 61 ms
Input: 1000000,
Cold Start: false
Unique ID: 13fbe09d-1da2-4e58-a9fb-d1264d8d2e6a,
Billed Duration for Request 13fbe09d-1da2-4e58-a9fb-d1264d8d2e6a: 91 ms
Input: 1000000,
Cold Start: false
Unique ID: 537dc927-8f13-44ab-896e-a5dfc5ae4012,
Billed Duration for Request 537dc927-8f13-44ab-896e-a5dfc5ae4012: 76 ms
Input: 1000000,
Cold Start: false
Unique ID: 4f37bfab-e97d-4a48-9526-9239366d0d7e,
Billed Duration for Request 4f37bfab-e97d-4a48-9526-9239366d0d7e: 136 ms
Input: 1000000,
Cold Start: false
Unique ID: 956471fa-3dd5-4176-8d80-4906e109d8b2,
Billed Duration for Request 956471fa-3dd5-4176-8d80-4906e109d8b2: 81 ms
Input: 1000000,
Cold Start: false
Unique ID: d451d2be-5c7a-4052-a229-75776dd1be84,
Billed Duration for Request d451d2be-5c7a-4052-a229-75776dd1be84: 76 ms
Input: 1000000,
Cold Start: false
Unique ID: e1258ebf-97a7-4563-ad77-657cbc43fb39,
Billed Duration for Request e1258ebf-97a7-4563-ad77-657cbc43fb39: 86 ms
Input: 1000000,
Cold Start: false
Unique ID: 215c0a10-298d-425d-94cb-c27c97b8114a,
Billed Duration for Request 215c0a10-298d-425d-94cb-c27c97b8114a: 97 ms
Input: 1000000,
Cold Start: false
Unique ID: 274bcf60-1b4a-4c2b-be34-104d50e5972a,
Billed Duration for Request 274bcf60-1b4a-4c2b-be34-104d50e5972a: 79 ms
Input: 1000000,
Cold Start: false
Unique ID: ebd8b91d-b2b1-494a-9e8a-74530bd016ed,
Billed Duration for Request ebd8b91d-b2b1-494a-9e8a-74530bd016ed: 162 ms
Input: 1000000,
Cold Start: false
Unique ID: c5f65cc2-ad7f-45fa-a19c-2ee64d28d076,
Billed Duration for Request c5f65cc2-ad7f-45fa-a19c-2ee64d28d076: 89 ms
Input: 1000000,
Cold Start: false
Unique ID: b8f48400-aa9e-4137-b141-b640cdad05d1,
Billed Duration for Request b8f48400-aa9e-4137-b141-b640cdad05d1: 77 ms
Input: 1000000,
Cold Start: false
Unique ID: 1a717706-1bc2-4b8e-b32e-6b481db96c9e,
Billed Duration for Request 1a717706-1bc2-4b8e-b32e-6b481db96c9e: 62 ms
Input: 1000000,
Cold Start: false
Unique ID: 2fd002b2-69c3-45f1-b75a-3a347b7e21b8,
Billed Duration for Request 2fd002b2-69c3-45f1-b75a-3a347b7e21b8: 117 ms
Input: 1000000,
Cold Start: false
Unique ID: 76e70ff3-595e-499c-9fdc-2422431fd609,
Billed Duration for Request 76e70ff3-595e-499c-9fdc-2422431fd609: 133 ms
Input: 1000000,
Cold Start: false
Unique ID: bba3a404-a471-4e0a-be23-54f2b480074c,
Billed Duration for Request bba3a404-a471-4e0a-be23-54f2b480074c: 102 ms
Input: 1000000,
Cold Start: false
Unique ID: e172611f-b795-4a5f-991f-0b7d153efa66,
Billed Duration for Request e172611f-b795-4a5f-991f-0b7d153efa66: 54 ms
Input: 1000000,
Cold Start: false
Unique ID: 9fcd2375-1d16-41ce-b84c-f82e77c8dc4a,
Billed Duration for Request 9fcd2375-1d16-41ce-b84c-f82e77c8dc4a: 100 ms
Input: 1000000,
Cold Start: false
Unique ID: e346ea80-98c9-436e-9df2-90b5015504cf,
Billed Duration for Request e346ea80-98c9-436e-9df2-90b5015504cf: 70 ms
Input: 1000000,
Cold Start: false
Unique ID: 645768a6-f666-47d2-b547-26c4ce12dd4a,
Billed Duration for Request 645768a6-f666-47d2-b547-26c4ce12dd4a: 117 ms
Input: 1000000,
Cold Start: false
Unique ID: f67ba511-c1f0-4296-9de6-0fdc8f790ab2,
Billed Duration for Request f67ba511-c1f0-4296-9de6-0fdc8f790ab2: 134 ms
Input: 1000000,
Cold Start: false
Unique ID: 9454480f-6932-4f55-a3eb-157314eed909,
Billed Duration for Request 9454480f-6932-4f55-a3eb-157314eed909: 83 ms
Input: 1000000,
Cold Start: false
Unique ID: 7470fac0-53c7-40c3-961f-ca9ae1d18d9c,
Billed Duration for Request 7470fac0-53c7-40c3-961f-ca9ae1d18d9c: 80 ms
Input: 1000000,
Cold Start: false
Unique ID: ec2456c5-6bb3-44f5-b43f-5300c67b6a10,
Billed Duration for Request ec2456c5-6bb3-44f5-b43f-5300c67b6a10: 113 ms
Input: 1000000,
Cold Start: false
Unique ID: 8e42cb80-c92a-4897-8ae4-e0d1ca51bc70,
Billed Duration for Request 8e42cb80-c92a-4897-8ae4-e0d1ca51bc70: 122 ms
Input: 1000000,
Cold Start: false
Unique ID: be6263ce-9179-466b-ac00-8a269caac1ed,
Billed Duration for Request be6263ce-9179-466b-ac00-8a269caac1ed: 80 ms
Input: 1000000,
Cold Start: false
Unique ID: c6bd393f-8b9f-4c4b-94fb-992e3cd4560b,
Billed Duration for Request c6bd393f-8b9f-4c4b-94fb-992e3cd4560b: 59 ms
Input: 1000000,
Cold Start: false
Unique ID: e9c27493-13c8-481f-8b65-134af019234c,
Billed Duration for Request e9c27493-13c8-481f-8b65-134af019234c: 73 ms
Input: 1000000,
Cold Start: false
Unique ID: 35c62fe6-bfef-4be4-ba94-c834cc3c2ef7,
Billed Duration for Request 35c62fe6-bfef-4be4-ba94-c834cc3c2ef7: 140 ms
Input: 1000000,
Cold Start: false
Unique ID: 6c538cf8-8afa-413d-95fd-6bc4b6d29b54,
Billed Duration for Request 6c538cf8-8afa-413d-95fd-6bc4b6d29b54: 61 ms
Input: 1000000,
Cold Start: false
Unique ID: cd01c51c-3db1-491c-9280-1481c06e1cd7,
Billed Duration for Request cd01c51c-3db1-491c-9280-1481c06e1cd7: 84 ms
Input: 1000000,
Cold Start: false
Unique ID: 3f017ffa-3c48-49ad-9f16-b232fe84d5f6,
Billed Duration for Request 3f017ffa-3c48-49ad-9f16-b232fe84d5f6: 96 ms
Input: 1000000,
Cold Start: false
Unique ID: 53c762c9-33db-455e-a646-12945ad6ab20,
Billed Duration for Request 53c762c9-33db-455e-a646-12945ad6ab20: 80 ms
Input: 1000000,
Cold Start: false
Unique ID: f1e4347c-2600-4dcf-90cc-8387273c6823,
Billed Duration for Request f1e4347c-2600-4dcf-90cc-8387273c6823: 98 ms
Input: 1000000,
Cold Start: false
Unique ID: 88ba9c6b-1569-4cd5-813a-bc99e8fa48d8,
Billed Duration for Request 88ba9c6b-1569-4cd5-813a-bc99e8fa48d8: 77 ms
Input: 1000000,
Cold Start: false
Unique ID: 481415a0-77b9-4da2-8823-fc2cf116c2a6,
Billed Duration for Request 481415a0-77b9-4da2-8823-fc2cf116c2a6: 159 ms
Input: 1000000,
Cold Start: false
Unique ID: c0023c4f-3d25-4859-bba5-248d414e8766,
Billed Duration for Request c0023c4f-3d25-4859-bba5-248d414e8766: 115 ms
Input: 1000000,
Cold Start: false
Unique ID: 08c0ea5d-3a7a-4553-8e6f-7965036c17ed,
Billed Duration for Request 08c0ea5d-3a7a-4553-8e6f-7965036c17ed: 58 ms
Input: 1000000,
Cold Start: false
Unique ID: 8a4a00d8-92ef-46a7-bd22-c414c54fa894,
Billed Duration for Request 8a4a00d8-92ef-46a7-bd22-c414c54fa894: 84 ms
Input: 1000000,
Cold Start: false
Unique ID: 16823792-9c22-4242-9ede-63eeb0eb6060,
Billed Duration for Request 16823792-9c22-4242-9ede-63eeb0eb6060: 78 ms
Input: 1000000,
Cold Start: false
Unique ID: 2ee9c8b7-6bc3-49c0-a546-ce28da4f99c3,
Billed Duration for Request 2ee9c8b7-6bc3-49c0-a546-ce28da4f99c3: 81 ms
Input: 1000000,
Cold Start: false
Unique ID: eff62e22-af8b-46c2-8818-f88606641f8f,
Billed Duration for Request eff62e22-af8b-46c2-8818-f88606641f8f: 134 ms
Input: 1000000,
Cold Start: false
Unique ID: a3a97752-594c-4dce-9658-bdf61f15f806,
Billed Duration for Request a3a97752-594c-4dce-9658-bdf61f15f806: 111 ms
Input: 1000000,
Cold Start: false
Unique ID: 2ad47ef3-a43d-44ee-8848-2502c7c891d1,
Billed Duration for Request 2ad47ef3-a43d-44ee-8848-2502c7c891d1: 97 ms
Input: 1000000,
Cold Start: false
Unique ID: c043d69f-b3f6-4571-adec-e0a8f0cca6d0,
Billed Duration for Request c043d69f-b3f6-4571-adec-e0a8f0cca6d0: 61 ms
Input: 1000000,
Cold Start: false
Unique ID: 4da37a4c-a191-44c1-bc90-a3ecb0437647,
Billed Duration for Request 4da37a4c-a191-44c1-bc90-a3ecb0437647: 99 ms
Input: 1000000,
Cold Start: false
Unique ID: 378b5c27-0ba8-48d7-b678-d34cc1159409,
Billed Duration for Request 378b5c27-0ba8-48d7-b678-d34cc1159409: 77 ms
Input: 1000000,
Cold Start: false
Unique ID: 38a0ff72-6961-41bc-835c-9acaa5707a93,
Billed Duration for Request 38a0ff72-6961-41bc-835c-9acaa5707a93: 96 ms
Input: 1000000,
Cold Start: false
Unique ID: fca29d05-9b66-42b3-acdd-dcadb8d4ef48,
Billed Duration for Request fca29d05-9b66-42b3-acdd-dcadb8d4ef48: 59 ms
Input: 1000000,
Cold Start: false
Unique ID: 4550c03c-90db-4783-9ed3-678ee99fd2be,
Billed Duration for Request 4550c03c-90db-4783-9ed3-678ee99fd2be: 151 ms
Input: 1000000,
Cold Start: false
Unique ID: 04d4952a-fac6-47d7-9fc6-0eb5d45812a3,
Billed Duration for Request 04d4952a-fac6-47d7-9fc6-0eb5d45812a3: 100 ms
Input: 1000000,
Cold Start: false
Unique ID: 1eb0ed8b-085b-4f6d-96b7-2b637a734fb4,
Billed Duration for Request 1eb0ed8b-085b-4f6d-96b7-2b637a734fb4: 118 ms
Input: 1000000,
Cold Start: false
Unique ID: b9b80de5-73b2-46d7-a8b6-7e3f804dba57,
Billed Duration for Request b9b80de5-73b2-46d7-a8b6-7e3f804dba57: 97 ms
Input: 1000000,
Cold Start: false
Unique ID: 9c8493de-e02a-4da3-9cad-d365744b23e8,
Billed Duration for Request 9c8493de-e02a-4da3-9cad-d365744b23e8: 135 ms
Input: 1000000,
Cold Start: false
Unique ID: 8821cbf8-1c79-443f-8b1e-301e5696db79,
Billed Duration for Request 8821cbf8-1c79-443f-8b1e-301e5696db79: 98 ms
Input: 1000000,
Cold Start: false
Unique ID: 47acbef3-a0bc-4fe5-9d6a-64ded6a64a9c,
Billed Duration for Request 47acbef3-a0bc-4fe5-9d6a-64ded6a64a9c: 58 ms
Input: 1000000,
Cold Start: false
Unique ID: 0ae3b6bc-df7c-4be7-8356-4de2aebfad28,
Billed Duration for Request 0ae3b6bc-df7c-4be7-8356-4de2aebfad28: 79 ms
Input: 1000000,
Cold Start: false
Unique ID: 530b5a8e-6c61-4f8c-a239-2a2383d1da4d,
Billed Duration for Request 530b5a8e-6c61-4f8c-a239-2a2383d1da4d: 100 ms
Input: 1000000,
Cold Start: false
Unique ID: 4294b16f-06da-41a5-9a6a-53999602b5b3,
Billed Duration for Request 4294b16f-06da-41a5-9a6a-53999602b5b3: 119 ms
Input: 1000000,
Cold Start: false
Unique ID: 83c5f763-ce54-4541-91a0-4925e7ed57c2,
Billed Duration for Request 83c5f763-ce54-4541-91a0-4925e7ed57c2: 77 ms
Input: 1000000,
Cold Start: false
Unique ID: d92399fa-2efd-44e8-8fb7-fd180cf684f3,
Billed Duration for Request d92399fa-2efd-44e8-8fb7-fd180cf684f3: 62 ms
Input: 1000000,
Cold Start: false
Unique ID: 11185959-e67e-4147-845e-9388d6190fd8,
Billed Duration for Request 11185959-e67e-4147-845e-9388d6190fd8: 91 ms
Input: 1000000,
Cold Start: false
Unique ID: 56fd19d9-9791-4a77-bb93-3738e2953134,
Billed Duration for Request 56fd19d9-9791-4a77-bb93-3738e2953134: 148 ms
Input: 1000000,
Cold Start: false
Unique ID: b49412c1-6655-4c39-a5aa-e19ab9281059,
Billed Duration for Request b49412c1-6655-4c39-a5aa-e19ab9281059: 119 ms
Input: 1000000,
Cold Start: false
Unique ID: 339ceb01-8c7b-46ac-85af-80101faff12d,
Billed Duration for Request 339ceb01-8c7b-46ac-85af-80101faff12d: 61 ms
Input: 1000000,
Cold Start: false
Unique ID: 2b56b759-d246-4e17-af78-c465f480db75,
Billed Duration for Request 2b56b759-d246-4e17-af78-c465f480db75: 90 ms
Input: 1000000,
Cold Start: false
Unique ID: 0b595887-a359-4a94-9345-19e2bc691e69,
Billed Duration for Request 0b595887-a359-4a94-9345-19e2bc691e69: 113 ms
Input: 1000000,
Cold Start: false
Unique ID: 4b7e96d5-ef5a-437c-83dc-009b6e871292,
Billed Duration for Request 4b7e96d5-ef5a-437c-83dc-009b6e871292: 100 ms
Input: 1000000,
Cold Start: false
Unique ID: 4f3f22dd-f470-4d15-bf30-a797c29a60e6,
Billed Duration for Request 4f3f22dd-f470-4d15-bf30-a797c29a60e6: 64 ms
Input: 1000000,
Cold Start: false
Unique ID: a6c6a325-d004-4cc9-a057-8304531f8b22,
Billed Duration for Request a6c6a325-d004-4cc9-a057-8304531f8b22: 117 ms
Input: 1000000,
Cold Start: false
Unique ID: 88de34f9-c599-438c-a2a9-d9b5080c43cd,
Billed Duration for Request 88de34f9-c599-438c-a2a9-d9b5080c43cd: 118 ms
Input: 1000000,
Cold Start: false
Unique ID: 1c7fb6d1-40c8-4257-a924-78d55062e5b3,
Billed Duration for Request 1c7fb6d1-40c8-4257-a924-78d55062e5b3: 79 ms
Input: 1000000,
Cold Start: false
Unique ID: 345656ef-b1b3-4f54-9b70-dd7dc69b261a,
Billed Duration for Request 345656ef-b1b3-4f54-9b70-dd7dc69b261a: 75 ms
Input: 1000000,
Cold Start: false
Unique ID: 06496d8e-e1fd-4d26-8418-1ff9423d7fa1,
Billed Duration for Request 06496d8e-e1fd-4d26-8418-1ff9423d7fa1: 107 ms
Input: 1000000,
Cold Start: false
Unique ID: 11f88764-1d0c-4078-892e-25f0bb6974fa,
Billed Duration for Request 11f88764-1d0c-4078-892e-25f0bb6974fa: 84 ms
Input: 1000000,
Cold Start: false
Unique ID: 6fd6b71c-96ec-438e-8d30-fc3d54617b55,
Billed Duration for Request 6fd6b71c-96ec-438e-8d30-fc3d54617b55: 91 ms
Input: 1000000,
Cold Start: false
Unique ID: 1bd640db-9594-4d7a-b106-622b0d50d904,
Billed Duration for Request 1bd640db-9594-4d7a-b106-622b0d50d904: 59 ms
Input: 1000000,
Cold Start: false
Unique ID: 79f373db-9b5c-4178-9fad-637ef8875a65,
Billed Duration for Request 79f373db-9b5c-4178-9fad-637ef8875a65: 154 ms
Input: 1000000,
Cold Start: false
Unique ID: da734595-9c4a-4faa-8943-aca08709d151,
Billed Duration for Request da734595-9c4a-4faa-8943-aca08709d151: 99 ms
Input: 1000000,
Cold Start: false
Unique ID: 373e0be9-5ccb-479a-b702-90fc145d078e,
Billed Duration for Request 373e0be9-5ccb-479a-b702-90fc145d078e: 84 ms
Input: 1000000,
Cold Start: false
Unique ID: aa249b06-888a-4688-82e4-76152948425d,
Billed Duration for Request aa249b06-888a-4688-82e4-76152948425d: 80 ms
Input: 1000000,
Cold Start: false
Unique ID: 7b8a447c-a81e-47e9-b4ae-bd0652dea854,
Billed Duration for Request 7b8a447c-a81e-47e9-b4ae-bd0652dea854: 96 ms
Input: 1000000,
Cold Start: false
Unique ID: 4f98ce3c-0971-4507-bf59-0b8eb44bb2aa,
Billed Duration for Request 4f98ce3c-0971-4507-bf59-0b8eb44bb2aa: 79 ms
Input: 1000000,
Cold Start: false
Unique ID: fcada944-7422-4170-abdf-12ec58104536,
Billed Duration for Request fcada944-7422-4170-abdf-12ec58104536: 146 ms
Input: 1000000,
Cold Start: false
Unique ID: 1736c46c-f156-4825-86d6-5f6af4019d19,
Billed Duration for Request 1736c46c-f156-4825-86d6-5f6af4019d19: 85 ms
Input: 1000000,
Cold Start: false
Unique ID: c6b0386e-17d9-473b-a087-a838c28d799c,
Billed Duration for Request c6b0386e-17d9-473b-a087-a838c28d799c: 63 ms
Input: 1000000,
Cold Start: false
Unique ID: d84b5c6c-ec30-4b28-8084-5153678638b7,
Billed Duration for Request d84b5c6c-ec30-4b28-8084-5153678638b7: 75 ms
Input: 1000000,
Cold Start: false
Unique ID: 29d0414d-3da7-4146-9988-2bc1c51256ee,
Billed Duration for Request 29d0414d-3da7-4146-9988-2bc1c51256ee: 107 ms
Input: 1000000,
Cold Start: false
Unique ID: 80ce74db-bdc6-4ee7-806a-85d377de70b9,
Billed Duration for Request 80ce74db-bdc6-4ee7-806a-85d377de70b9: 134 ms
Input: 1000000,
Cold Start: false
Unique ID: e7f2c224-39f4-4b11-87f1-a18d31eac9cd,
Billed Duration for Request e7f2c224-39f4-4b11-87f1-a18d31eac9cd: 78 ms
Input: 1000000,
Cold Start: false
Unique ID: ecfa8e35-6590-4302-9c2e-f3e4bccc1041,
Billed Duration for Request ecfa8e35-6590-4302-9c2e-f3e4bccc1041: 118 ms
Input: 1000000,
Cold Start: false
Unique ID: 78af6b51-8af6-4622-8c91-6692a200a92c,
Billed Duration for Request 78af6b51-8af6-4622-8c91-6692a200a92c: 93 ms
Input: 1000000,
Cold Start: false
Unique ID: 688db59a-cbff-468d-a482-bf45e6e6d4e3,
Billed Duration for Request 688db59a-cbff-468d-a482-bf45e6e6d4e3: 61 ms
Input: 1000000,
Cold Start: false
Unique ID: c9d31360-9f17-4279-a8f7-a52535bfcedd,
Billed Duration for Request c9d31360-9f17-4279-a8f7-a52535bfcedd: 97 ms
Input: 1000000,
Cold Start: false
Unique ID: 3f9a4dd5-c452-4f76-b580-2f3772c9c159,
Billed Duration for Request 3f9a4dd5-c452-4f76-b580-2f3772c9c159: 97 ms
Input: 1000000,
Cold Start: false
Unique ID: 051889f0-5d1b-4453-a9de-3d6b717ce414,
Billed Duration for Request 051889f0-5d1b-4453-a9de-3d6b717ce414: 157 ms
Input: 1000000,
Cold Start: false
Unique ID: 2d757b55-9c07-40b9-8212-48eeb9219ee0,
Billed Duration for Request 2d757b55-9c07-40b9-8212-48eeb9219ee0: 58 ms
Input: 1000000,
Cold Start: false
Unique ID: 0d4ba04b-d58e-4886-89f8-646f9d9f0fd6,
Billed Duration for Request 0d4ba04b-d58e-4886-89f8-646f9d9f0fd6: 137 ms
Input: 1000000,
Cold Start: false
Unique ID: 2c74e224-4873-4e9d-9dcc-ddf334d6260e,
Billed Duration for Request 2c74e224-4873-4e9d-9dcc-ddf334d6260e: 116 ms
Input: 1000000,
Cold Start: false
Unique ID: af58c08d-003f-4249-aab1-bb1ec41043d8,
Billed Duration for Request af58c08d-003f-4249-aab1-bb1ec41043d8: 94 ms
Input: 1000000,
Cold Start: false
Unique ID: a57ddbf6-d35e-4b3c-9a48-0cee90c5f62a,
Billed Duration for Request a57ddbf6-d35e-4b3c-9a48-0cee90c5f62a: 62 ms
Input: 1000000,
Cold Start: false
Unique ID: e71b4d45-1a00-42a7-9994-c7dab7b92379,
Billed Duration for Request e71b4d45-1a00-42a7-9994-c7dab7b92379: 97 ms
Input: 1000000,
Cold Start: false
