Unique ID: 690602a8-09bd-4b01-9688-552ffb1d425b,
Billed Duration for Request 690602a8-09bd-4b01-9688-552ffb1d425b: 135 ms
Input: 1000000,
Cold Start: false
Unique ID: 60c1d696-c244-4f1d-b06a-8c56fbc61dd3,
Billed Duration for Request 60c1d696-c244-4f1d-b06a-8c56fbc61dd3: 147 ms
Input: 1000000,
Cold Start: false
Unique ID: 09edf3de-c603-448f-bf46-fd90a4efd392,
Billed Duration for Request 09edf3de-c603-448f-bf46-fd90a4efd392: 93 ms
Input: 1000000,
Cold Start: false
Unique ID: 17b83f2a-3507-451c-9fb7-6804dda1fa06,
Billed Duration for Request 17b83f2a-3507-451c-9fb7-6804dda1fa06: 171 ms
Input: 1000000,
Cold Start: true
Unique ID: 812dc9bd-9dcd-4912-99de-e61abe6d76d6,
Billed Duration for Request 812dc9bd-9dcd-4912-99de-e61abe6d76d6: 128 ms
Input: 1000000,
Cold Start: false
Unique ID: 635b6afa-ba01-4273-a751-f6b2392d1828,
Billed Duration for Request 635b6afa-ba01-4273-a751-f6b2392d1828: 97 ms
Input: 1000000,
Cold Start: false
Unique ID: cdc5a63a-2efd-48cc-9490-cff747ded072,
Billed Duration for Request cdc5a63a-2efd-48cc-9490-cff747ded072: 97 ms
Input: 1000000,
Cold Start: false
Unique ID: ddf26a64-209d-4771-bf54-d831e170376d,
Billed Duration for Request ddf26a64-209d-4771-bf54-d831e170376d: 105 ms
Input: 1000000,
Cold Start: false
Unique ID: f32d004d-c331-46b1-91d3-58ec4f5de36d,
Billed Duration for Request f32d004d-c331-46b1-91d3-58ec4f5de36d: 102 ms
Input: 1000000,
Cold Start: false
Unique ID: f66ef425-e616-4ca8-83b2-2eed8eb3cd72,
Billed Duration for Request f66ef425-e616-4ca8-83b2-2eed8eb3cd72: 105 ms
Input: 1000000,
Cold Start: false
Unique ID: 7bf951d6-591b-4f83-b747-480e6c97a897,
Billed Duration for Request 7bf951d6-591b-4f83-b747-480e6c97a897: 98 ms
Input: 1000000,
Cold Start: false
Unique ID: 6077da3a-721b-4fc7-a2e3-60c451862cf6,
Billed Duration for Request 6077da3a-721b-4fc7-a2e3-60c451862cf6: 160 ms
Input: 1000000,
Cold Start: true
Unique ID: c0550c21-4a9b-42eb-8026-f3b8d63eb571,
Billed Duration for Request c0550c21-4a9b-42eb-8026-f3b8d63eb571: 116 ms
Input: 1000000,
Cold Start: false
Unique ID: 77fbddaf-a3d7-4d06-b6c4-a037e9a53b4b,
Billed Duration for Request 77fbddaf-a3d7-4d06-b6c4-a037e9a53b4b: 94 ms
Input: 1000000,
Cold Start: false
Unique ID: 4a9fa63f-da17-49a6-b1fa-f7b99f7911e5,
Billed Duration for Request 4a9fa63f-da17-49a6-b1fa-f7b99f7911e5: 93 ms
Input: 1000000,
Cold Start: false
Unique ID: 6a42e07f-61a3-40bf-bd09-bc2f60d4611f,
Billed Duration for Request 6a42e07f-61a3-40bf-bd09-bc2f60d4611f: 107 ms
Input: 1000000,
Cold Start: false
Unique ID: 9185eb68-5638-4080-a3da-b0345f557c98,
Billed Duration for Request 9185eb68-5638-4080-a3da-b0345f557c98: 98 ms
Input: 1000000,
Cold Start: false
Unique ID: b68d1304-fb30-49ee-92d3-499001dcfcc6,
Billed Duration for Request b68d1304-fb30-49ee-92d3-499001dcfcc6: 106 ms
Input: 1000000,
Cold Start: false
Unique ID: 2bb1301d-514c-4be0-8987-8940004e1010,
Billed Duration for Request 2bb1301d-514c-4be0-8987-8940004e1010: 98 ms
Input: 1000000,
Cold Start: false
Unique ID: 259deda0-b08a-4876-8411-108c54998891,
Billed Duration for Request 259deda0-b08a-4876-8411-108c54998891: 98 ms
Input: 1000000,
Cold Start: false
Unique ID: 7853ade3-2699-484c-8cd8-ad4f7118ee7d,
Billed Duration for Request 7853ade3-2699-484c-8cd8-ad4f7118ee7d: 102 ms
Input: 1000000,
Cold Start: false
Unique ID: 6d4b8b5b-d5ff-4f5b-ba56-d5a4d5468165,
Billed Duration for Request 6d4b8b5b-d5ff-4f5b-ba56-d5a4d5468165: 106 ms
Input: 1000000,
Cold Start: false
Unique ID: f47ec9ef-fccd-42e2-89e8-e52dd947293e,
Billed Duration for Request f47ec9ef-fccd-42e2-89e8-e52dd947293e: 97 ms
Input: 1000000,
Cold Start: false
Unique ID: 055f949b-84d6-46f6-8906-bcf098d8e837,
Billed Duration for Request 055f949b-84d6-46f6-8906-bcf098d8e837: 102 ms
Input: 1000000,
Cold Start: false
Unique ID: 792fa035-e421-4d6a-9f18-fd71d29877f6,
Billed Duration for Request 792fa035-e421-4d6a-9f18-fd71d29877f6: 106 ms
Input: 1000000,
Cold Start: false
Unique ID: 947c6fae-d6c4-4cb3-aafd-3f652417057b,
Billed Duration for Request 947c6fae-d6c4-4cb3-aafd-3f652417057b: 109 ms
Input: 1000000,
Cold Start: false
Unique ID: eb9ad775-a4cd-4dca-91d9-c11e4c8570da,
Billed Duration for Request eb9ad775-a4cd-4dca-91d9-c11e4c8570da: 102 ms
Input: 1000000,
Cold Start: false
Unique ID: 5bc67cc3-6dfb-4047-a433-7e9f93c0a771,
Billed Duration for Request 5bc67cc3-6dfb-4047-a433-7e9f93c0a771: 98 ms
Input: 1000000,
Cold Start: false
Unique ID: ccde75a2-54ae-4692-bee4-76d84dc8efd5,
Billed Duration for Request ccde75a2-54ae-4692-bee4-76d84dc8efd5: 107 ms
Input: 1000000,
Cold Start: false
Unique ID: 6d890d9e-eec0-4013-94cb-8965b932ff3b,
Billed Duration for Request 6d890d9e-eec0-4013-94cb-8965b932ff3b: 94 ms
Input: 1000000,
Cold Start: false
Unique ID: e551b3da-b20e-4d74-9283-f1ecc5b7f583,
Billed Duration for Request e551b3da-b20e-4d74-9283-f1ecc5b7f583: 102 ms
Input: 1000000,
Cold Start: false
Unique ID: 44bda5ea-47cc-4ef1-bda3-8de77eb7df23,
Billed Duration for Request 44bda5ea-47cc-4ef1-bda3-8de77eb7df23: 107 ms
Input: 1000000,
Cold Start: false
Unique ID: 3eb487cf-6964-4732-81b6-f10788db75cd,
Billed Duration for Request 3eb487cf-6964-4732-81b6-f10788db75cd: 94 ms
Input: 1000000,
Cold Start: false
Unique ID: 1d403aaf-15b3-4f00-a8e9-e85e9cf3b10f,
Billed Duration for Request 1d403aaf-15b3-4f00-a8e9-e85e9cf3b10f: 105 ms
Input: 1000000,
Cold Start: false
Unique ID: b74d7e00-4900-4f3e-b5c6-347d40e430f1,
Billed Duration for Request b74d7e00-4900-4f3e-b5c6-347d40e430f1: 90 ms
Input: 1000000,
Cold Start: false
Unique ID: 5c060698-733e-486f-96cc-fdbe149a73d4,
Billed Duration for Request 5c060698-733e-486f-96cc-fdbe149a73d4: 102 ms
Input: 1000000,
Cold Start: false
Unique ID: a9dfb139-7887-48cb-bee6-ef12e6c7c2d9,
Billed Duration for Request a9dfb139-7887-48cb-bee6-ef12e6c7c2d9: 100 ms
Input: 1000000,
Cold Start: false
Unique ID: 35a63620-11fe-4f5b-a16a-c00e8d908409,
Billed Duration for Request 35a63620-11fe-4f5b-a16a-c00e8d908409: 102 ms
Input: 1000000,
Cold Start: false
Unique ID: 6e0f2ae8-9a5c-45cb-941b-581af3cee56b,
Billed Duration for Request 6e0f2ae8-9a5c-45cb-941b-581af3cee56b: 93 ms
Input: 1000000,
Cold Start: false
Unique ID: d1566b06-9ef9-4cea-802c-694ee5d40113,
Billed Duration for Request d1566b06-9ef9-4cea-802c-694ee5d40113: 106 ms
Input: 1000000,
Cold Start: false
Unique ID: 93bca4fc-ba51-4ce3-bc68-9eb22daca1d2,
Billed Duration for Request 93bca4fc-ba51-4ce3-bc68-9eb22daca1d2: 94 ms
Input: 1000000,
Cold Start: false
Unique ID: 960b72d8-62a1-487a-a780-66e8fad7bd00,
Billed Duration for Request 960b72d8-62a1-487a-a780-66e8fad7bd00: 93 ms
Input: 1000000,
Cold Start: false
Unique ID: 52408c0e-4710-4442-a4cd-094cce409c31,
Billed Duration for Request 52408c0e-4710-4442-a4cd-094cce409c31: 110 ms
Input: 1000000,
Cold Start: false
Unique ID: b25e9059-d4d8-406d-8ae8-6cf9797dc650,
Billed Duration for Request b25e9059-d4d8-406d-8ae8-6cf9797dc650: 105 ms
Input: 1000000,
Cold Start: false
Unique ID: 20f50393-1176-420e-9b3f-c47852d8f038,
Billed Duration for Request 20f50393-1176-420e-9b3f-c47852d8f038: 93 ms
Input: 1000000,
Cold Start: false
Unique ID: 076a0ec8-9fe0-40ac-a06e-974a0d45e2f8,
Billed Duration for Request 076a0ec8-9fe0-40ac-a06e-974a0d45e2f8: 95 ms
Input: 1000000,
Cold Start: false
Unique ID: f6118c57-0097-47a6-8fd4-ee46a4fc1b32,
Billed Duration for Request f6118c57-0097-47a6-8fd4-ee46a4fc1b32: 93 ms
Input: 1000000,
Cold Start: false
Unique ID: 3fae6f8a-4e4f-44fe-8aa5-369b1efa58ca,
Billed Duration for Request 3fae6f8a-4e4f-44fe-8aa5-369b1efa58ca: 103 ms
Input: 1000000,
Cold Start: false
Unique ID: 1cba2230-7de0-4a22-ad16-ee6f594b2f08,
Billed Duration for Request 1cba2230-7de0-4a22-ad16-ee6f594b2f08: 93 ms
Input: 1000000,
Cold Start: false
Unique ID: 1bf9feec-363c-4e5f-bd89-ec3a4647ce73,
Billed Duration for Request 1bf9feec-363c-4e5f-bd89-ec3a4647ce73: 93 ms
Input: 1000000,
Cold Start: false
Unique ID: bf196f1c-f69d-4a4a-932d-c3fb2c1cfeb6,
Billed Duration for Request bf196f1c-f69d-4a4a-932d-c3fb2c1cfeb6: 90 ms
Input: 1000000,
Cold Start: false
Unique ID: 51eb76a4-8c96-4f0a-bda7-6451af5c9aab,
Billed Duration for Request 51eb76a4-8c96-4f0a-bda7-6451af5c9aab: 89 ms
Input: 1000000,
Cold Start: false
Unique ID: bee4e111-dcbc-4038-99bc-4863a1efeb61,
Billed Duration for Request bee4e111-dcbc-4038-99bc-4863a1efeb61: 97 ms
Input: 1000000,
Cold Start: false
Unique ID: ab3f4223-3eea-4ac5-918b-70b07aaf8ed3,
Billed Duration for Request ab3f4223-3eea-4ac5-918b-70b07aaf8ed3: 101 ms
Input: 1000000,
Cold Start: false
Unique ID: ccf88909-7112-4aae-abde-991ed9e40d3e,
Billed Duration for Request ccf88909-7112-4aae-abde-991ed9e40d3e: 93 ms
Input: 1000000,
Cold Start: false
Unique ID: 468ddd4b-ec11-4bcf-8cf3-517c52a87cd0,
Billed Duration for Request 468ddd4b-ec11-4bcf-8cf3-517c52a87cd0: 89 ms
Input: 1000000,
Cold Start: false
Unique ID: f21a1d7c-b0af-45e4-8c86-f6ecd103ec81,
Billed Duration for Request f21a1d7c-b0af-45e4-8c86-f6ecd103ec81: 98 ms
Input: 1000000,
Cold Start: false
Unique ID: b967cfa0-8e6e-401a-9ef7-29e250722e6a,
Billed Duration for Request b967cfa0-8e6e-401a-9ef7-29e250722e6a: 101 ms
Input: 1000000,
Cold Start: false
Unique ID: 847a130c-21d2-45e2-ad85-98a92d9e4a52,
Billed Duration for Request 847a130c-21d2-45e2-ad85-98a92d9e4a52: 93 ms
Input: 1000000,
Cold Start: false
Unique ID: 80170e0e-5a36-4738-abca-ef59f682aabe,
Billed Duration for Request 80170e0e-5a36-4738-abca-ef59f682aabe: 91 ms
Input: 1000000,
Cold Start: false
Unique ID: 676e5291-80d5-4bf0-b0a2-387dcd2fda7c,
Billed Duration for Request 676e5291-80d5-4bf0-b0a2-387dcd2fda7c: 102 ms
Input: 1000000,
Cold Start: false
Unique ID: 27cad509-fb17-4482-9c11-9f63786295e3,
Billed Duration for Request 27cad509-fb17-4482-9c11-9f63786295e3: 97 ms
Input: 1000000,
Cold Start: false
Unique ID: 40449e26-9aae-4bc9-bd4e-e60c2adfe60f,
Billed Duration for Request 40449e26-9aae-4bc9-bd4e-e60c2adfe60f: 97 ms
Input: 1000000,
Cold Start: false
Unique ID: 1405c69f-ff66-473d-bc1f-ab6adbf34607,
Billed Duration for Request 1405c69f-ff66-473d-bc1f-ab6adbf34607: 103 ms
Input: 1000000,
Cold Start: false
Unique ID: 47929650-e132-4a64-ade8-da18d7b88889,
Billed Duration for Request 47929650-e132-4a64-ade8-da18d7b88889: 97 ms
Input: 1000000,
Cold Start: false
Unique ID: 364ff880-e204-41e8-9b26-235b0e7662ac,
Billed Duration for Request 364ff880-e204-41e8-9b26-235b0e7662ac: 106 ms
Input: 1000000,
Cold Start: false
Unique ID: e355b298-0394-4200-bd60-1a89b2ed7a10,
Billed Duration for Request e355b298-0394-4200-bd60-1a89b2ed7a10: 101 ms
Input: 1000000,
Cold Start: false
Unique ID: ebb4f50d-1e3a-439a-9944-bacb8f99fc36,
Billed Duration for Request ebb4f50d-1e3a-439a-9944-bacb8f99fc36: 97 ms
Input: 1000000,
Cold Start: false
Unique ID: b25b2e7c-874b-4224-87e6-098c7bbd5a62,
Billed Duration for Request b25b2e7c-874b-4224-87e6-098c7bbd5a62: 101 ms
Input: 1000000,
Cold Start: false
Unique ID: bf37f30a-aff3-41e9-9c1c-a28444922326,
Billed Duration for Request bf37f30a-aff3-41e9-9c1c-a28444922326: 89 ms
Input: 1000000,
Cold Start: false
Unique ID: b799fed5-e4fe-4653-b25c-d5388df2e1ff,
Billed Duration for Request b799fed5-e4fe-4653-b25c-d5388df2e1ff: 97 ms
Input: 1000000,
Cold Start: false
Unique ID: 53f4d928-05a0-4ae5-ad0b-9fe0d188b073,
Billed Duration for Request 53f4d928-05a0-4ae5-ad0b-9fe0d188b073: 107 ms
Input: 1000000,
Cold Start: false
Unique ID: 01cf927d-abd6-4bbc-b8b9-ec50c58f1dcf,
Billed Duration for Request 01cf927d-abd6-4bbc-b8b9-ec50c58f1dcf: 106 ms
Input: 1000000,
Cold Start: false
Unique ID: ca796b84-0ee4-46d0-ad65-476b11830a94,
Billed Duration for Request ca796b84-0ee4-46d0-ad65-476b11830a94: 89 ms
Input: 1000000,
Cold Start: false
Unique ID: 67fa7c90-3a35-4417-bc53-afe5d82a6b36,
Billed Duration for Request 67fa7c90-3a35-4417-bc53-afe5d82a6b36: 93 ms
Input: 1000000,
Cold Start: false
Unique ID: 7170437b-986a-4707-a076-16f0c31975bb,
Billed Duration for Request 7170437b-986a-4707-a076-16f0c31975bb: 89 ms
Input: 1000000,
Cold Start: false
Unique ID: fdce5a2d-194f-4bb0-8424-1440415ebf12,
Billed Duration for Request fdce5a2d-194f-4bb0-8424-1440415ebf12: 101 ms
Input: 1000000,
Cold Start: false
Unique ID: 10586128-dd3f-48cc-82b8-dc3ba21ccb78,
Billed Duration for Request 10586128-dd3f-48cc-82b8-dc3ba21ccb78: 93 ms
Input: 1000000,
Cold Start: false
Unique ID: ddfbbfa6-ec8b-4fb5-8734-0d64e36540a7,
Billed Duration for Request ddfbbfa6-ec8b-4fb5-8734-0d64e36540a7: 97 ms
Input: 1000000,
Cold Start: false
Unique ID: b2be1691-6501-48dd-a562-73175090c5a3,
Billed Duration for Request b2be1691-6501-48dd-a562-73175090c5a3: 93 ms
Input: 1000000,
Cold Start: false
Unique ID: f88565e6-eb90-4d49-b445-f97f08cde52d,
Billed Duration for Request f88565e6-eb90-4d49-b445-f97f08cde52d: 97 ms
Input: 1000000,
Cold Start: false
Unique ID: f0d2c33b-04d6-4062-9f99-f68a3c5ce0fb,
Billed Duration for Request f0d2c33b-04d6-4062-9f99-f68a3c5ce0fb: 105 ms
Input: 1000000,
Cold Start: false
Unique ID: d1fcce4b-ad20-4352-a846-0c997d7b5ae9,
Billed Duration for Request d1fcce4b-ad20-4352-a846-0c997d7b5ae9: 90 ms
Input: 1000000,
Cold Start: false
Unique ID: 80c7b6cd-c817-4f75-999a-f97328c9188c,
Billed Duration for Request 80c7b6cd-c817-4f75-999a-f97328c9188c: 111 ms
Input: 1000000,
Cold Start: false
Unique ID: 13033ada-9e89-4743-8597-3890d6e64454,
Billed Duration for Request 13033ada-9e89-4743-8597-3890d6e64454: 109 ms
Input: 1000000,
Cold Start: false
Unique ID: 2b27f7eb-6b05-41a1-96cd-92a6dce8a4e2,
Billed Duration for Request 2b27f7eb-6b05-41a1-96cd-92a6dce8a4e2: 94 ms
Input: 1000000,
Cold Start: false
Unique ID: 918ff53b-c656-471b-b941-7a5c425d5004,
Billed Duration for Request 918ff53b-c656-471b-b941-7a5c425d5004: 94 ms
Input: 1000000,
Cold Start: false
Unique ID: decf0a1c-3416-4bba-8692-6cde9c7c2846,
Billed Duration for Request decf0a1c-3416-4bba-8692-6cde9c7c2846: 89 ms
Input: 1000000,
Cold Start: false
Unique ID: 2b9b606b-6b7a-482d-9242-03c872c8db8c,
Billed Duration for Request 2b9b606b-6b7a-482d-9242-03c872c8db8c: 97 ms
Input: 1000000,
Cold Start: false
Unique ID: 29876b67-d097-4b37-b9cc-ecd27d6e456a,
Billed Duration for Request 29876b67-d097-4b37-b9cc-ecd27d6e456a: 103 ms
Input: 1000000,
Cold Start: false
Unique ID: 366a86a0-7275-44b3-8800-3dbfa01fc144,
Billed Duration for Request 366a86a0-7275-44b3-8800-3dbfa01fc144: 100 ms
Input: 1000000,
Cold Start: false
Unique ID: d4c93cb6-844b-483e-8cc6-5426b75882f0,
Billed Duration for Request d4c93cb6-844b-483e-8cc6-5426b75882f0: 101 ms
Input: 1000000,
Cold Start: false
Unique ID: 93dd5338-5575-4407-a696-da3701a523c3,
Billed Duration for Request 93dd5338-5575-4407-a696-da3701a523c3: 92 ms
Input: 1000000,
Cold Start: false
Unique ID: 9e72adf6-e6dd-4240-a07b-0f965b8b111b,
Billed Duration for Request 9e72adf6-e6dd-4240-a07b-0f965b8b111b: 93 ms
Input: 1000000,
Cold Start: false
Unique ID: e7fbd52d-bd9d-4f21-b26a-4a106a8b7de5,
Billed Duration for Request e7fbd52d-bd9d-4f21-b26a-4a106a8b7de5: 93 ms
Input: 1000000,
Cold Start: false
Unique ID: f741ab49-44f7-4456-a1b5-fa932aaa5550,
Billed Duration for Request f741ab49-44f7-4456-a1b5-fa932aaa5550: 97 ms
Input: 1000000,
Cold Start: false
Unique ID: 15a9cc1b-c9e2-4ac2-b54b-bd6f831c6d8e,
Billed Duration for Request 15a9cc1b-c9e2-4ac2-b54b-bd6f831c6d8e: 97 ms
Input: 1000000,
Cold Start: false
Unique ID: 654e1e7d-b14c-4f41-bbaa-c67485c4683d,
Billed Duration for Request 654e1e7d-b14c-4f41-bbaa-c67485c4683d: 91 ms
Input: 1000000,
Cold Start: false
Unique ID: fc165b2f-a630-4dab-953c-1f58626152d8,
Billed Duration for Request fc165b2f-a630-4dab-953c-1f58626152d8: 108 ms
Input: 1000000,
Cold Start: false
Unique ID: 78409cac-9b08-426a-8df7-3665ec64d098,
Billed Duration for Request 78409cac-9b08-426a-8df7-3665ec64d098: 105 ms
Input: 1000000,
Cold Start: false
Unique ID: 88ddd164-e773-44eb-bebd-eff0270d5a67,
Billed Duration for Request 88ddd164-e773-44eb-bebd-eff0270d5a67: 115 ms
Input: 1000000,
Cold Start: false
Unique ID: 6d14e676-16b4-4dab-90ba-8e9cd4816c11,
Billed Duration for Request 6d14e676-16b4-4dab-90ba-8e9cd4816c11: 110 ms
Input: 1000000,
Cold Start: false
Unique ID: a6a4e2a5-cafd-40d6-9a50-4b869c9368cc,
Billed Duration for Request a6a4e2a5-cafd-40d6-9a50-4b869c9368cc: 117 ms
Input: 1000000,
Cold Start: false
Unique ID: 240c2ec1-7f4a-41d1-bfbc-88c584ed9df2,
Billed Duration for Request 240c2ec1-7f4a-41d1-bfbc-88c584ed9df2: 131 ms
Input: 1000000,
Cold Start: false
Unique ID: f29c8119-97af-4223-8cd3-11ac87c6360e,
Billed Duration for Request f29c8119-97af-4223-8cd3-11ac87c6360e: 106 ms
Input: 1000000,
Cold Start: false
Unique ID: 28f23fc9-900e-474e-8e5d-0f4d6ef39a2d,
Billed Duration for Request 28f23fc9-900e-474e-8e5d-0f4d6ef39a2d: 105 ms
Input: 1000000,
Cold Start: false
Unique ID: 3bb9f880-c375-433f-857f-4761a081f196,
Billed Duration for Request 3bb9f880-c375-433f-857f-4761a081f196: 93 ms
Input: 1000000,
Cold Start: false
Unique ID: e818468a-c9b0-4d83-bb51-e9ffffca3192,
Billed Duration for Request e818468a-c9b0-4d83-bb51-e9ffffca3192: 98 ms
Input: 1000000,
Cold Start: false
Unique ID: 5da8682e-372a-4b17-9b3b-2915c453a8f8,
Billed Duration for Request 5da8682e-372a-4b17-9b3b-2915c453a8f8: 101 ms
Input: 1000000,
Cold Start: false
Unique ID: e08f93a5-a1bd-44fd-bc46-72f568bcaa13,
Billed Duration for Request e08f93a5-a1bd-44fd-bc46-72f568bcaa13: 102 ms
Input: 1000000,
Cold Start: false
Unique ID: 49ba7894-d859-4208-bf79-f94a8d6255dd,
Billed Duration for Request 49ba7894-d859-4208-bf79-f94a8d6255dd: 97 ms
Input: 1000000,
Cold Start: false
Unique ID: 6f32401c-2c1c-4c02-bfb3-9b655ff72d12,
Billed Duration for Request 6f32401c-2c1c-4c02-bfb3-9b655ff72d12: 106 ms
Input: 1000000,
Cold Start: false
Unique ID: 47a057f9-99bd-4c2c-954d-61bdcdcdc538,
Billed Duration for Request 47a057f9-99bd-4c2c-954d-61bdcdcdc538: 92 ms
Input: 1000000,
Cold Start: false
Unique ID: ea7f00d2-16cb-44e5-940a-3bf1d874606a,
Billed Duration for Request ea7f00d2-16cb-44e5-940a-3bf1d874606a: 105 ms
Input: 1000000,
Cold Start: false
Unique ID: b2b340af-5032-4bb8-981d-9f8e058d63b6,
Billed Duration for Request b2b340af-5032-4bb8-981d-9f8e058d63b6: 102 ms
Input: 1000000,
Cold Start: false
Unique ID: 8c40dbde-5995-4872-921f-8f005b1509d0,
Billed Duration for Request 8c40dbde-5995-4872-921f-8f005b1509d0: 93 ms
Input: 1000000,
Cold Start: false
Unique ID: 4e7dee86-46d2-4c65-9337-0e13544bea07,
Billed Duration for Request 4e7dee86-46d2-4c65-9337-0e13544bea07: 106 ms
Input: 1000000,
Cold Start: false
Unique ID: d92d26a4-04e3-4257-99b7-7179bbb80fc1,
Billed Duration for Request d92d26a4-04e3-4257-99b7-7179bbb80fc1: 89 ms
Input: 1000000,
Cold Start: false
Unique ID: b1a94be7-ed33-4760-b4d0-f57c2ac50dfb,
Billed Duration for Request b1a94be7-ed33-4760-b4d0-f57c2ac50dfb: 102 ms
Input: 1000000,
Cold Start: false
Unique ID: e653273d-4007-49f7-811a-14fdf173bd5e,
Billed Duration for Request e653273d-4007-49f7-811a-14fdf173bd5e: 93 ms
Input: 1000000,
Cold Start: false
Unique ID: 2654280e-5fc2-4d65-aab9-2b7f1cb35726,
Billed Duration for Request 2654280e-5fc2-4d65-aab9-2b7f1cb35726: 89 ms
Input: 1000000,
Cold Start: false
Unique ID: a8e8e803-f507-4fe6-9b1e-8774c6e68176,
Billed Duration for Request a8e8e803-f507-4fe6-9b1e-8774c6e68176: 106 ms
Input: 1000000,
Cold Start: false
Unique ID: 625d048a-c895-4785-9f72-503e7201e2cb,
Billed Duration for Request 625d048a-c895-4785-9f72-503e7201e2cb: 93 ms
Input: 1000000,
Cold Start: false
Unique ID: 2ab8280e-324d-4e09-8e1a-7793dd4621dd,
Billed Duration for Request 2ab8280e-324d-4e09-8e1a-7793dd4621dd: 93 ms
Input: 1000000,
Cold Start: false
Unique ID: bb63a233-1912-45ec-a468-3d525ff45e96,
Billed Duration for Request bb63a233-1912-45ec-a468-3d525ff45e96: 90 ms
Input: 1000000,
Cold Start: false
Unique ID: 94d838a0-1de6-4a4b-acc9-1972eb396772,
Billed Duration for Request 94d838a0-1de6-4a4b-acc9-1972eb396772: 94 ms
Input: 1000000,
Cold Start: false
Unique ID: d71007d1-93fa-43b8-8cd3-f45c873e7480,
Billed Duration for Request d71007d1-93fa-43b8-8cd3-f45c873e7480: 102 ms
Input: 1000000,
Cold Start: false
Unique ID: d8c0f0d3-2a96-4a1a-b329-1b11d7e293b3,
Billed Duration for Request d8c0f0d3-2a96-4a1a-b329-1b11d7e293b3: 107 ms
Input: 1000000,
Cold Start: false
Unique ID: b01a1dd1-669d-4e76-b858-120c9dd612d3,
Billed Duration for Request b01a1dd1-669d-4e76-b858-120c9dd612d3: 97 ms
Input: 1000000,
Cold Start: false
Unique ID: 23e4571b-d272-4b45-b24e-7b662c1c99ce,
Billed Duration for Request 23e4571b-d272-4b45-b24e-7b662c1c99ce: 96 ms
Input: 1000000,
Cold Start: false
Unique ID: e6369d80-8834-4c73-8d6f-76f191384661,
Billed Duration for Request e6369d80-8834-4c73-8d6f-76f191384661: 106 ms
Input: 1000000,
Cold Start: false
Unique ID: fe54e59b-65a2-446d-a547-5bcd0e15a12c,
Billed Duration for Request fe54e59b-65a2-446d-a547-5bcd0e15a12c: 94 ms
Input: 1000000,
Cold Start: false
Unique ID: de8ba471-dde5-4aee-9ef4-bca31810bb34,
Billed Duration for Request de8ba471-dde5-4aee-9ef4-bca31810bb34: 94 ms
Input: 1000000,
Cold Start: false
Unique ID: a6c95ef3-f9b8-4c9e-ab73-cfccd03b5969,
Billed Duration for Request a6c95ef3-f9b8-4c9e-ab73-cfccd03b5969: 97 ms
Input: 1000000,
Cold Start: false
Unique ID: 7fa2a9c1-c2e9-4150-b613-9f9519a50a7c,
Billed Duration for Request 7fa2a9c1-c2e9-4150-b613-9f9519a50a7c: 107 ms
Input: 1000000,
Cold Start: false
Unique ID: 75ebfb66-730e-4be3-b444-80477da8e349,
Billed Duration for Request 75ebfb66-730e-4be3-b444-80477da8e349: 94 ms
Input: 1000000,
Cold Start: false
Unique ID: d573e375-dbd5-4a3b-8bf3-eb9475b66109,
Billed Duration for Request d573e375-dbd5-4a3b-8bf3-eb9475b66109: 102 ms
Input: 1000000,
Cold Start: false
Unique ID: e699b9e1-b3b3-414b-9d70-466c98c427ab,
Billed Duration for Request e699b9e1-b3b3-414b-9d70-466c98c427ab: 93 ms
Input: 1000000,
Cold Start: false
Unique ID: 7c24199a-8b51-4621-985f-d9bbb2755ade,
Billed Duration for Request 7c24199a-8b51-4621-985f-d9bbb2755ade: 105 ms
Input: 1000000,
Cold Start: false
Unique ID: 2d3dd9f6-4a94-4842-90eb-ae9b94530691,
Billed Duration for Request 2d3dd9f6-4a94-4842-90eb-ae9b94530691: 98 ms
Input: 1000000,
Cold Start: false
Unique ID: dc8c3e28-bd88-4b91-8408-3bca60a24f98,
Billed Duration for Request dc8c3e28-bd88-4b91-8408-3bca60a24f98: 93 ms
Input: 1000000,
Cold Start: false
Unique ID: 96244483-6ae9-4b92-8deb-d639d12e8644,
Billed Duration for Request 96244483-6ae9-4b92-8deb-d639d12e8644: 92 ms
Input: 1000000,
Cold Start: false
Unique ID: 1add49ef-01a2-4b99-9dd7-b0a90e2a65fb,
Billed Duration for Request 1add49ef-01a2-4b99-9dd7-b0a90e2a65fb: 106 ms
Input: 1000000,
Cold Start: false
Unique ID: df6cfab3-6cc7-4587-adc0-4b995ced9e0f,
Billed Duration for Request df6cfab3-6cc7-4587-adc0-4b995ced9e0f: 93 ms
Input: 1000000,
Cold Start: false
Unique ID: 0e4044a5-1a2d-4c35-92a7-ba3a8e0ca97c,
Billed Duration for Request 0e4044a5-1a2d-4c35-92a7-ba3a8e0ca97c: 98 ms
Input: 1000000,
Cold Start: false
Unique ID: 8dc5f367-9680-4714-b1cd-07cc2b31fccd,
Billed Duration for Request 8dc5f367-9680-4714-b1cd-07cc2b31fccd: 97 ms
Input: 1000000,
Cold Start: false
Unique ID: a9053eef-9f52-468c-989f-c66c9655c732,
Billed Duration for Request a9053eef-9f52-468c-989f-c66c9655c732: 101 ms
Input: 1000000,
Cold Start: false
Unique ID: 1069e3bb-438d-4183-9522-eb0d1758550f,
Billed Duration for Request 1069e3bb-438d-4183-9522-eb0d1758550f: 92 ms
Input: 1000000,
Cold Start: false
Unique ID: fb411534-af2f-4640-b406-61572d5eaed0,
Billed Duration for Request fb411534-af2f-4640-b406-61572d5eaed0: 93 ms
Input: 1000000,
Cold Start: false
Unique ID: 70735e7d-843c-4729-b130-47041adb4578,
Billed Duration for Request 70735e7d-843c-4729-b130-47041adb4578: 90 ms
Input: 1000000,
Cold Start: false
Unique ID: 7bc59b26-6e40-45ca-a35f-6304c092fe8f,
Billed Duration for Request 7bc59b26-6e40-45ca-a35f-6304c092fe8f: 105 ms
Input: 1000000,
Cold Start: false
Unique ID: 73acf575-a3d5-40a8-aa0f-cc1717a83ec9,
Billed Duration for Request 73acf575-a3d5-40a8-aa0f-cc1717a83ec9: 109 ms
Input: 1000000,
Cold Start: false
Unique ID: 0ddbf1a7-9413-43e2-b607-0c871b443af2,
Billed Duration for Request 0ddbf1a7-9413-43e2-b607-0c871b443af2: 93 ms
Input: 1000000,
Cold Start: false
Unique ID: 85d97581-4c20-4a24-b403-9fc8a9e78be5,
Billed Duration for Request 85d97581-4c20-4a24-b403-9fc8a9e78be5: 101 ms
Input: 1000000,
Cold Start: false
Unique ID: 8e58d164-d2e1-4123-9457-3ee1276c4352,
Billed Duration for Request 8e58d164-d2e1-4123-9457-3ee1276c4352: 89 ms
Input: 1000000,
Cold Start: false
Unique ID: 029a4a50-c674-495f-8219-816276dd1ee6,
Billed Duration for Request 029a4a50-c674-495f-8219-816276dd1ee6: 108 ms
Input: 1000000,
Cold Start: false
Unique ID: 082c11a4-450f-41e9-a4ea-299fab4d6b54,
Billed Duration for Request 082c11a4-450f-41e9-a4ea-299fab4d6b54: 107 ms
Input: 1000000,
Cold Start: false
Unique ID: f909b671-889e-4980-99e3-fd165835a5b1,
Billed Duration for Request f909b671-889e-4980-99e3-fd165835a5b1: 98 ms
Input: 1000000,
Cold Start: false
Unique ID: 2fb26dd7-a672-4fc3-acb7-d1bd3bd2b48e,
Billed Duration for Request 2fb26dd7-a672-4fc3-acb7-d1bd3bd2b48e: 102 ms
Input: 1000000,
Cold Start: false
Unique ID: 6c095420-b18b-4ff9-9ad1-e019f43aab53,
Billed Duration for Request 6c095420-b18b-4ff9-9ad1-e019f43aab53: 94 ms
Input: 1000000,
Cold Start: false
Unique ID: e70421f7-b403-4cd1-a468-5e65aa969b61,
Billed Duration for Request e70421f7-b403-4cd1-a468-5e65aa969b61: 106 ms
Input: 1000000,
Cold Start: false
Unique ID: 9cc3282d-700e-49c4-b2b9-dfb1f0cb83d3,
Billed Duration for Request 9cc3282d-700e-49c4-b2b9-dfb1f0cb83d3: 109 ms
Input: 1000000,
Cold Start: false
Unique ID: 93adf9ee-1509-4e56-8322-7acc593155b4,
Billed Duration for Request 93adf9ee-1509-4e56-8322-7acc593155b4: 94 ms
Input: 1000000,
Cold Start: false
Unique ID: d988af5c-74f7-4b52-b9a4-7c3e38eb3358,
Billed Duration for Request d988af5c-74f7-4b52-b9a4-7c3e38eb3358: 97 ms
Input: 1000000,
Cold Start: false
Unique ID: b55b1789-5ffd-47ee-8d63-cfe95264d287,
Billed Duration for Request b55b1789-5ffd-47ee-8d63-cfe95264d287: 107 ms
Input: 1000000,
Cold Start: false
Unique ID: 616b03b9-30a2-45de-bab0-255dc1374dd2,
Billed Duration for Request 616b03b9-30a2-45de-bab0-255dc1374dd2: 93 ms
Input: 1000000,
Cold Start: false
Unique ID: 76dab1e0-89d1-4a00-9eba-abdf59090b24,
Billed Duration for Request 76dab1e0-89d1-4a00-9eba-abdf59090b24: 97 ms
Input: 1000000,
Cold Start: false
Unique ID: c162f63f-9bdf-4bb4-8e11-c6020bb5f1a7,
Billed Duration for Request c162f63f-9bdf-4bb4-8e11-c6020bb5f1a7: 98 ms
Input: 1000000,
Cold Start: false
Unique ID: a88a4576-27da-451d-a2e8-e801607e3f00,
Billed Duration for Request a88a4576-27da-451d-a2e8-e801607e3f00: 97 ms
Input: 1000000,
Cold Start: false
Unique ID: 5a9a6ffc-6be3-41ba-95af-ece5f1a8fa6b,
Billed Duration for Request 5a9a6ffc-6be3-41ba-95af-ece5f1a8fa6b: 105 ms
Input: 1000000,
Cold Start: false
Unique ID: 9bcf4c7b-534e-4fee-a85e-875b08d2df52,
Billed Duration for Request 9bcf4c7b-534e-4fee-a85e-875b08d2df52: 107 ms
Input: 1000000,
Cold Start: false
Unique ID: 9c0dcf1e-a813-4d5e-bd35-411d583b6697,
Billed Duration for Request 9c0dcf1e-a813-4d5e-bd35-411d583b6697: 107 ms
Input: 1000000,
Cold Start: false
Unique ID: 7473ce9b-6aa3-4b59-8a6e-b1765fbb7d05,
Billed Duration for Request 7473ce9b-6aa3-4b59-8a6e-b1765fbb7d05: 97 ms
Input: 1000000,
Cold Start: false
Unique ID: e1f42eec-fe31-4c0b-9c4e-f6e3f584869f,
Billed Duration for Request e1f42eec-fe31-4c0b-9c4e-f6e3f584869f: 95 ms
Input: 1000000,
Cold Start: false
Unique ID: 89f7e6e8-b784-4798-a39c-9b854c6fd39c,
Billed Duration for Request 89f7e6e8-b784-4798-a39c-9b854c6fd39c: 89 ms
Input: 1000000,
Cold Start: false
Unique ID: c6f7f986-67d7-470d-abd4-36faea3368bb,
Billed Duration for Request c6f7f986-67d7-470d-abd4-36faea3368bb: 93 ms
Input: 1000000,
Cold Start: false
Unique ID: 2a2be8fb-244b-4a80-a042-e1422a583c80,
Billed Duration for Request 2a2be8fb-244b-4a80-a042-e1422a583c80: 110 ms
Input: 1000000,
Cold Start: false
Unique ID: a76dae91-8390-4cc1-aa1b-53b85fd8de78,
Billed Duration for Request a76dae91-8390-4cc1-aa1b-53b85fd8de78: 92 ms
Input: 1000000,
Cold Start: false
Unique ID: 378cf8bf-f20a-4a06-9fad-6ccbe121c85a,
Billed Duration for Request 378cf8bf-f20a-4a06-9fad-6ccbe121c85a: 90 ms
Input: 1000000,
Cold Start: false
Unique ID: 9f739e53-e225-47e0-a8e7-a53491b9e875,
Billed Duration for Request 9f739e53-e225-47e0-a8e7-a53491b9e875: 90 ms
Input: 1000000,
Cold Start: false
Unique ID: 732a5a20-044c-494e-9f3c-e3e3e7896d1f,
Billed Duration for Request 732a5a20-044c-494e-9f3c-e3e3e7896d1f: 98 ms
Input: 1000000,
Cold Start: false
Unique ID: 8afa11ca-d87b-4d88-b652-4936f3f2d041,
Billed Duration for Request 8afa11ca-d87b-4d88-b652-4936f3f2d041: 98 ms
Input: 1000000,
Cold Start: false
Unique ID: a186198e-c781-4955-b9a6-f961a5ca1476,
Billed Duration for Request a186198e-c781-4955-b9a6-f961a5ca1476: 101 ms
Input: 1000000,
Cold Start: false
Unique ID: c7d8d9a1-afe2-4921-8d2c-22ff5325e612,
Billed Duration for Request c7d8d9a1-afe2-4921-8d2c-22ff5325e612: 101 ms
Input: 1000000,
Cold Start: false
Unique ID: a03faefe-d75c-4149-842d-5752d0c072d4,
Billed Duration for Request a03faefe-d75c-4149-842d-5752d0c072d4: 93 ms
Input: 1000000,
Cold Start: false
Unique ID: 289327a0-a2ac-43d1-a8b2-d3b028d8a08d,
Billed Duration for Request 289327a0-a2ac-43d1-a8b2-d3b028d8a08d: 105 ms
Input: 1000000,
Cold Start: false
Unique ID: fd5b1ff4-cacc-4c53-b923-ad7792889f64,
Billed Duration for Request fd5b1ff4-cacc-4c53-b923-ad7792889f64: 106 ms
Input: 1000000,
Cold Start: false
Unique ID: 641f6bc8-f339-450d-ae1f-c7a4e7d05ffe,
Billed Duration for Request 641f6bc8-f339-450d-ae1f-c7a4e7d05ffe: 89 ms
Input: 1000000,
Cold Start: false
Unique ID: 6db67145-9342-414f-85fb-8d128255eb1c,
Billed Duration for Request 6db67145-9342-414f-85fb-8d128255eb1c: 103 ms
Input: 1000000,
Cold Start: false
Unique ID: 6dc8f5ed-dee9-49c0-bf7b-9ab37951875e,
Billed Duration for Request 6dc8f5ed-dee9-49c0-bf7b-9ab37951875e: 97 ms
Input: 1000000,
Cold Start: false
Unique ID: f4606a58-2224-44e1-a2a4-1d8083d81166,
Billed Duration for Request f4606a58-2224-44e1-a2a4-1d8083d81166: 98 ms
Input: 1000000,
Cold Start: false
Unique ID: 29e09a3a-67cf-4733-af24-aa7966636f2d,
Billed Duration for Request 29e09a3a-67cf-4733-af24-aa7966636f2d: 92 ms
Input: 1000000,
Cold Start: false
Unique ID: 84dd8a90-32e7-4d50-a5ea-8b1e173a1698,
Billed Duration for Request 84dd8a90-32e7-4d50-a5ea-8b1e173a1698: 89 ms
Input: 1000000,
Cold Start: false
Unique ID: 658d5518-7f24-401c-a2f6-cc5cd4074ea4,
Billed Duration for Request 658d5518-7f24-401c-a2f6-cc5cd4074ea4: 98 ms
Input: 1000000,
Cold Start: false
Unique ID: b7966a5c-ddfb-47ba-bcbd-5b6ade8c9c46,
Billed Duration for Request b7966a5c-ddfb-47ba-bcbd-5b6ade8c9c46: 101 ms
Input: 1000000,
Cold Start: false
Unique ID: d3b5c137-2031-4d41-bf6c-d9f029733e9e,
Billed Duration for Request d3b5c137-2031-4d41-bf6c-d9f029733e9e: 92 ms
Input: 1000000,
Cold Start: false
Unique ID: 7f7eb896-ae14-4771-a86f-55e202fcf7c8,
Billed Duration for Request 7f7eb896-ae14-4771-a86f-55e202fcf7c8: 101 ms
Input: 1000000,
Cold Start: false
Unique ID: e1e50d45-f192-4a9d-892b-972dedb60285,
Billed Duration for Request e1e50d45-f192-4a9d-892b-972dedb60285: 106 ms
Input: 1000000,
Cold Start: false
Unique ID: f4f31892-fd08-4fc0-b0b1-3fa005d00c45,
Billed Duration for Request f4f31892-fd08-4fc0-b0b1-3fa005d00c45: 107 ms
Input: 1000000,
Cold Start: false
Unique ID: 4af63061-8b1d-474b-b638-e1e03e94654d,
Billed Duration for Request 4af63061-8b1d-474b-b638-e1e03e94654d: 97 ms
Input: 1000000,
Cold Start: false
Unique ID: f286d417-1832-4be6-a3ea-ee5fe497b965,
Billed Duration for Request f286d417-1832-4be6-a3ea-ee5fe497b965: 125 ms
Input: 1000000,
Cold Start: false
Unique ID: 981eab69-2e36-4458-bf3f-85704ba01259,
Billed Duration for Request 981eab69-2e36-4458-bf3f-85704ba01259: 115 ms
Input: 1000000,
Cold Start: false
Unique ID: 6c1041e1-086b-4051-b1cb-d0b0f21dcc64,
Billed Duration for Request 6c1041e1-086b-4051-b1cb-d0b0f21dcc64: 123 ms
Input: 1000000,
Cold Start: false
Unique ID: bac88820-3977-411d-accb-244666dc53fd,
Billed Duration for Request bac88820-3977-411d-accb-244666dc53fd: 124 ms
Input: 1000000,
Cold Start: false
Unique ID: a60c32b4-742e-46c7-8056-e57e543ddbb0,
Billed Duration for Request a60c32b4-742e-46c7-8056-e57e543ddbb0: 98 ms
Input: 1000000,
Cold Start: false
Unique ID: 9d3bbdc7-c2be-4e11-bd14-dffa1dab06c4,
Billed Duration for Request 9d3bbdc7-c2be-4e11-bd14-dffa1dab06c4: 106 ms
Input: 1000000,
Cold Start: false
Unique ID: c2ab685e-f5a6-4383-86f0-f63371eace74,
Billed Duration for Request c2ab685e-f5a6-4383-86f0-f63371eace74: 110 ms
Input: 1000000,
Cold Start: false
Unique ID: 6f6e5324-d9af-44da-99a9-d2d47f9ff50d,
Billed Duration for Request 6f6e5324-d9af-44da-99a9-d2d47f9ff50d: 114 ms
Input: 1000000,
Cold Start: false
Unique ID: c944e195-6d78-4de9-bc37-ca793cbc5b93,
Billed Duration for Request c944e195-6d78-4de9-bc37-ca793cbc5b93: 98 ms
Input: 1000000,
Cold Start: false
Unique ID: 36505a29-a6b6-4ab0-9cec-90ce295d6579,
Billed Duration for Request 36505a29-a6b6-4ab0-9cec-90ce295d6579: 94 ms
Input: 1000000,
Cold Start: false
Unique ID: 866519fb-c44d-4993-a70c-e0a9a5ffde6b,
Billed Duration for Request 866519fb-c44d-4993-a70c-e0a9a5ffde6b: 106 ms
Input: 1000000,
Cold Start: false
Unique ID: c3c33c75-ad05-44f3-9a93-726ad46c7b11,
Billed Duration for Request c3c33c75-ad05-44f3-9a93-726ad46c7b11: 101 ms
Input: 1000000,
Cold Start: false
Unique ID: cb7ef42f-889a-4277-bb97-72db737fcf72,
Billed Duration for Request cb7ef42f-889a-4277-bb97-72db737fcf72: 107 ms
Input: 1000000,
Cold Start: false
Unique ID: fa4438b2-b15f-4457-b1c3-46843dbd4db5,
Billed Duration for Request fa4438b2-b15f-4457-b1c3-46843dbd4db5: 94 ms
Input: 1000000,
Cold Start: false
Unique ID: 73e8619f-0aaf-4d77-89aa-d7c730bfbc57,
Billed Duration for Request 73e8619f-0aaf-4d77-89aa-d7c730bfbc57: 106 ms
Input: 1000000,
Cold Start: false
Unique ID: d64650fb-dae5-492b-b50f-21cfdc777a8a,
Billed Duration for Request d64650fb-dae5-492b-b50f-21cfdc777a8a: 101 ms
Input: 1000000,
Cold Start: false
Unique ID: 597c6645-d7b1-4e62-b2ec-36190f1dd61b,
Billed Duration for Request 597c6645-d7b1-4e62-b2ec-36190f1dd61b: 98 ms
Input: 1000000,
Cold Start: false
Unique ID: 51def434-8633-4610-bc40-95a6ea4cae24,
Billed Duration for Request 51def434-8633-4610-bc40-95a6ea4cae24: 98 ms
Input: 1000000,
Cold Start: false
Unique ID: 9e1e2e8c-af7d-4225-8091-e77309a57ff9,
Billed Duration for Request 9e1e2e8c-af7d-4225-8091-e77309a57ff9: 106 ms
Input: 1000000,
Cold Start: false
Unique ID: a0a1c767-6d70-490f-b322-cf8c06ef85a3,
Billed Duration for Request a0a1c767-6d70-490f-b322-cf8c06ef85a3: 89 ms
Input: 1000000,
Cold Start: false
Unique ID: 4c764ad5-5873-4980-af42-0bf5a94214e3,
Billed Duration for Request 4c764ad5-5873-4980-af42-0bf5a94214e3: 93 ms
Input: 1000000,
Cold Start: false
Unique ID: f616f44b-18b8-4c54-9708-353d337d4f82,
Billed Duration for Request f616f44b-18b8-4c54-9708-353d337d4f82: 107 ms
Input: 1000000,
Cold Start: false
Unique ID: ff8e4962-7185-4e8f-800d-d6072e5899a0,
Billed Duration for Request ff8e4962-7185-4e8f-800d-d6072e5899a0: 92 ms
Input: 1000000,
Cold Start: false
Unique ID: 05e3159b-a533-4780-8f2e-b7ee4d8a5b41,
Billed Duration for Request 05e3159b-a533-4780-8f2e-b7ee4d8a5b41: 98 ms
Input: 1000000,
Cold Start: false
Unique ID: 0c17c0b1-b64c-4f99-ace8-2de46adb345e,
Billed Duration for Request 0c17c0b1-b64c-4f99-ace8-2de46adb345e: 102 ms
Input: 1000000,
Cold Start: false
Unique ID: 9fd51d8d-0b0a-431f-89ab-b8f6d6f098d0,
Billed Duration for Request 9fd51d8d-0b0a-431f-89ab-b8f6d6f098d0: 102 ms
Input: 1000000,
Cold Start: false
Unique ID: e76e91dc-2664-4545-8384-af82f9bec5a6,
Billed Duration for Request e76e91dc-2664-4545-8384-af82f9bec5a6: 103 ms
Input: 1000000,
Cold Start: false
Unique ID: 2b6b9d00-d1ee-4738-a849-ef758ea5237a,
Billed Duration for Request 2b6b9d00-d1ee-4738-a849-ef758ea5237a: 94 ms
Input: 1000000,
Cold Start: false
Unique ID: 0e93e8bb-4741-4977-aaab-dd401f83be14,
Billed Duration for Request 0e93e8bb-4741-4977-aaab-dd401f83be14: 97 ms
Input: 1000000,
Cold Start: false
Unique ID: d23cf2fe-7934-4171-b19a-a9394d59fda4,
Billed Duration for Request d23cf2fe-7934-4171-b19a-a9394d59fda4: 94 ms
Input: 1000000,
Cold Start: false
Unique ID: 3a4eac0a-06d3-4511-b882-9ac219a75f65,
Billed Duration for Request 3a4eac0a-06d3-4511-b882-9ac219a75f65: 98 ms
Input: 1000000,
Cold Start: false
Unique ID: dc270178-b010-4177-abcf-7bbb6e5d46dd,
Billed Duration for Request dc270178-b010-4177-abcf-7bbb6e5d46dd: 99 ms
Input: 1000000,
Cold Start: false
Unique ID: 01d446c0-9931-4793-b2b0-f52ba9e39f8a,
Billed Duration for Request 01d446c0-9931-4793-b2b0-f52ba9e39f8a: 103 ms
Input: 1000000,
Cold Start: false
Unique ID: e0ee3ca7-ad1e-479c-99a6-1883fe848218,
Billed Duration for Request e0ee3ca7-ad1e-479c-99a6-1883fe848218: 107 ms
Input: 1000000,
Cold Start: false
Unique ID: 0b4407d4-66b5-45f8-82ce-666128145ce0,
Billed Duration for Request 0b4407d4-66b5-45f8-82ce-666128145ce0: 93 ms
Input: 1000000,
Cold Start: false
Unique ID: 3a97f2a5-cd85-4911-a802-28f7e3e50329,
Billed Duration for Request 3a97f2a5-cd85-4911-a802-28f7e3e50329: 94 ms
Input: 1000000,
Cold Start: false
Unique ID: 3b3283b4-b3d8-4d87-8bfe-a286a7b6a63e,
Billed Duration for Request 3b3283b4-b3d8-4d87-8bfe-a286a7b6a63e: 101 ms
Input: 1000000,
Cold Start: false
Unique ID: b9b14df7-ec9b-43fa-b099-fd1874c71397,
Billed Duration for Request b9b14df7-ec9b-43fa-b099-fd1874c71397: 90 ms
Input: 1000000,
Cold Start: false
Unique ID: fd6e646e-4e6b-4d9a-8c7f-f67953baae30,
Billed Duration for Request fd6e646e-4e6b-4d9a-8c7f-f67953baae30: 102 ms
Input: 1000000,
Cold Start: false
Unique ID: 9e2d0fc2-278f-44b1-8b96-f957dfdb8e45,
Billed Duration for Request 9e2d0fc2-278f-44b1-8b96-f957dfdb8e45: 98 ms
Input: 1000000,
Cold Start: false
Unique ID: 42121fea-6526-4f37-9dc4-56049efd71d7,
Billed Duration for Request 42121fea-6526-4f37-9dc4-56049efd71d7: 106 ms
Input: 1000000,
Cold Start: false
Unique ID: 31d42fb6-f184-4eb5-b1b2-ebb433721d87,
Billed Duration for Request 31d42fb6-f184-4eb5-b1b2-ebb433721d87: 90 ms
Input: 1000000,
Cold Start: false
Unique ID: 13f6c9dd-1c3b-4a4a-94b2-42ca369c3983,
Billed Duration for Request 13f6c9dd-1c3b-4a4a-94b2-42ca369c3983: 109 ms
Input: 1000000,
Cold Start: false
Unique ID: c4e2556e-21ec-4162-98b2-2f5fe8ca5699,
Billed Duration for Request c4e2556e-21ec-4162-98b2-2f5fe8ca5699: 102 ms
Input: 1000000,
Cold Start: false
Unique ID: ea8b5db3-1384-4ea5-be5e-c9102245613a,
Billed Duration for Request ea8b5db3-1384-4ea5-be5e-c9102245613a: 91 ms
Input: 1000000,
Cold Start: false
Unique ID: bbd6fcbc-ca62-4f4f-9948-2f64883a205a,
Billed Duration for Request bbd6fcbc-ca62-4f4f-9948-2f64883a205a: 102 ms
Input: 1000000,
Cold Start: false
Unique ID: 2bca526e-61e0-49b2-a471-f970cc392919,
Billed Duration for Request 2bca526e-61e0-49b2-a471-f970cc392919: 106 ms
Input: 1000000,
Cold Start: false
Unique ID: bce02ff3-72fb-4e5f-98e3-ae99ecd84855,
Billed Duration for Request bce02ff3-72fb-4e5f-98e3-ae99ecd84855: 110 ms
Input: 1000000,
Cold Start: false
Unique ID: 0e573200-a21d-4f50-a4f9-76d468063777,
Billed Duration for Request 0e573200-a21d-4f50-a4f9-76d468063777: 107 ms
Input: 1000000,
Cold Start: false
Unique ID: 31ca9faa-0c58-4cfd-9d17-94b391f027ba,
Billed Duration for Request 31ca9faa-0c58-4cfd-9d17-94b391f027ba: 107 ms
Input: 1000000,
Cold Start: false
Unique ID: 052ac7ab-248c-4cf9-800d-f59d24ad53aa,
Billed Duration for Request 052ac7ab-248c-4cf9-800d-f59d24ad53aa: 93 ms
Input: 1000000,
Cold Start: false
Unique ID: dbfea472-40a1-4a8b-b443-4c5ab5c37e75,
Billed Duration for Request dbfea472-40a1-4a8b-b443-4c5ab5c37e75: 98 ms
Input: 1000000,
Cold Start: false
Unique ID: 72da4e55-cb5a-4146-811a-e58b256baeae,
Billed Duration for Request 72da4e55-cb5a-4146-811a-e58b256baeae: 109 ms
Input: 1000000,
Cold Start: false
Unique ID: 7b0c6bd9-f6e0-4eb9-922c-98f75f264f7b,
Billed Duration for Request 7b0c6bd9-f6e0-4eb9-922c-98f75f264f7b: 103 ms
Input: 1000000,
Cold Start: false
Unique ID: ecfad616-f230-41e0-85e2-6106a44817be,
Billed Duration for Request ecfad616-f230-41e0-85e2-6106a44817be: 104 ms
Input: 1000000,
Cold Start: false
Unique ID: 9b5f0d61-042d-4730-9d12-ce8856cb1bf9,
Billed Duration for Request 9b5f0d61-042d-4730-9d12-ce8856cb1bf9: 98 ms
Input: 1000000,
Cold Start: false
Unique ID: 027d115b-3395-4963-9bc2-414dd8df45e5,
Billed Duration for Request 027d115b-3395-4963-9bc2-414dd8df45e5: 106 ms
Input: 1000000,
Cold Start: false
Unique ID: 20a97b6d-0252-4616-b11a-4998c5edf978,
Billed Duration for Request 20a97b6d-0252-4616-b11a-4998c5edf978: 91 ms
Input: 1000000,
Cold Start: false
Unique ID: 25cbdc86-cf4d-4081-8129-14d755d9da5b,
Billed Duration for Request 25cbdc86-cf4d-4081-8129-14d755d9da5b: 96 ms
Input: 1000000,
Cold Start: false
Unique ID: 4831bee6-d1ba-478f-99e5-6c03ce27ad8a,
Billed Duration for Request 4831bee6-d1ba-478f-99e5-6c03ce27ad8a: 112 ms
Input: 1000000,
Cold Start: false
Unique ID: 0052f72f-7cae-40f5-a19e-2809e93a037a,
Billed Duration for Request 0052f72f-7cae-40f5-a19e-2809e93a037a: 106 ms
Input: 1000000,
Cold Start: false
Unique ID: 8dd321b2-f124-4cb1-afd4-5f393def9230,
Billed Duration for Request 8dd321b2-f124-4cb1-afd4-5f393def9230: 89 ms
Input: 1000000,
Cold Start: false
Unique ID: fde96673-cd97-4122-bd2f-9c68370a66b4,
Billed Duration for Request fde96673-cd97-4122-bd2f-9c68370a66b4: 107 ms
Input: 1000000,
Cold Start: false
Unique ID: 6a7dd2b5-4b3b-4667-961d-e873820cb2db,
Billed Duration for Request 6a7dd2b5-4b3b-4667-961d-e873820cb2db: 108 ms
Input: 1000000,
Cold Start: false
Unique ID: 3f2afeed-8faf-4b68-8e6b-b3489db8ed63,
Billed Duration for Request 3f2afeed-8faf-4b68-8e6b-b3489db8ed63: 93 ms
Input: 1000000,
Cold Start: false
Unique ID: b793abd1-5096-4ace-af48-6ad172803baf,
Billed Duration for Request b793abd1-5096-4ace-af48-6ad172803baf: 108 ms
Input: 1000000,
Cold Start: false
Unique ID: 3695914d-d397-47ed-97d0-7c33044b6023,
Billed Duration for Request 3695914d-d397-47ed-97d0-7c33044b6023: 93 ms
Input: 1000000,
Cold Start: false
Unique ID: 544db37b-4388-493e-9146-1bcfe95a7634,
Billed Duration for Request 544db37b-4388-493e-9146-1bcfe95a7634: 106 ms
Input: 1000000,
Cold Start: false
Unique ID: d8a933ab-4ca4-4c0b-a178-113614944fea,
Billed Duration for Request d8a933ab-4ca4-4c0b-a178-113614944fea: 106 ms
Input: 1000000,
Cold Start: false
Unique ID: 9c7749a7-dc05-453e-bf8e-a194372bafdb,
Billed Duration for Request 9c7749a7-dc05-453e-bf8e-a194372bafdb: 105 ms
Input: 1000000,
Cold Start: false
Unique ID: 8ba844e3-2309-4918-b7e4-d1d36c297775,
Billed Duration for Request 8ba844e3-2309-4918-b7e4-d1d36c297775: 105 ms
Input: 1000000,
Cold Start: false
Unique ID: 1469256d-c620-45b6-b228-27a8ef7d4c6a,
Billed Duration for Request 1469256d-c620-45b6-b228-27a8ef7d4c6a: 105 ms
Input: 1000000,
Cold Start: false
Unique ID: 16441e5c-dcde-4da8-973b-664da8b87bca,
Billed Duration for Request 16441e5c-dcde-4da8-973b-664da8b87bca: 94 ms
Input: 1000000,
Cold Start: false
Unique ID: 424dc1d9-bb7b-46b7-8c3d-2f6b3cfbb8a5,
Billed Duration for Request 424dc1d9-bb7b-46b7-8c3d-2f6b3cfbb8a5: 93 ms
Input: 1000000,
Cold Start: false
Unique ID: cbfca908-af45-43d6-983d-0371c143265f,
Billed Duration for Request cbfca908-af45-43d6-983d-0371c143265f: 94 ms
Input: 1000000,
Cold Start: false
Unique ID: f55b0ca9-3ba2-401d-9171-df2fe6ca29ff,
Billed Duration for Request f55b0ca9-3ba2-401d-9171-df2fe6ca29ff: 94 ms
Input: 1000000,
Cold Start: false
Unique ID: a9478ea8-5999-401c-a349-820772c42c6b,
Billed Duration for Request a9478ea8-5999-401c-a349-820772c42c6b: 98 ms
Input: 1000000,
Cold Start: false
Unique ID: dd15f622-c61e-441b-8715-da9030d2699f,
Billed Duration for Request dd15f622-c61e-441b-8715-da9030d2699f: 102 ms
Input: 1000000,
Cold Start: false
Unique ID: 50853afc-3cb7-4f5f-879d-00e7cc663453,
Billed Duration for Request 50853afc-3cb7-4f5f-879d-00e7cc663453: 114 ms
Input: 1000000,
Cold Start: false
Unique ID: f278efdc-404c-4909-9f91-dcec314067af,
Billed Duration for Request f278efdc-404c-4909-9f91-dcec314067af: 94 ms
Input: 1000000,
Cold Start: false
Unique ID: a643bd01-de1d-4d89-8a82-e6ffb332af4c,
Billed Duration for Request a643bd01-de1d-4d89-8a82-e6ffb332af4c: 104 ms
Input: 1000000,
Cold Start: false
Unique ID: 37b20263-390d-44c7-addb-db835940514c,
Billed Duration for Request 37b20263-390d-44c7-addb-db835940514c: 94 ms
Input: 1000000,
Cold Start: false
Unique ID: a33566f3-b481-4d25-b693-89269b8a0308,
Billed Duration for Request a33566f3-b481-4d25-b693-89269b8a0308: 93 ms
Input: 1000000,
Cold Start: false
Unique ID: 0e29b4cf-6d91-40d6-9e73-2520b21cc011,
Billed Duration for Request 0e29b4cf-6d91-40d6-9e73-2520b21cc011: 98 ms
Input: 1000000,
Cold Start: false
Unique ID: 35ffba99-279d-42a3-abf9-cabca249b5c1,
Billed Duration for Request 35ffba99-279d-42a3-abf9-cabca249b5c1: 102 ms
Input: 1000000,
Cold Start: false
Unique ID: 340602fc-a723-46c2-b6c6-1683f481b927,
Billed Duration for Request 340602fc-a723-46c2-b6c6-1683f481b927: 105 ms
Input: 1000000,
Cold Start: false
Unique ID: 16b513f8-dfaf-4397-84aa-2ccc841996ac,
Billed Duration for Request 16b513f8-dfaf-4397-84aa-2ccc841996ac: 98 ms
Input: 1000000,
Cold Start: false
Unique ID: 43367a10-790b-4304-bec1-02b5211d41f9,
Billed Duration for Request 43367a10-790b-4304-bec1-02b5211d41f9: 100 ms
Input: 1000000,
Cold Start: false
Unique ID: 3a2a6474-d92b-4d48-a970-1baf82532b80,
Billed Duration for Request 3a2a6474-d92b-4d48-a970-1baf82532b80: 102 ms
Input: 1000000,
Cold Start: false
Unique ID: 0b4c2789-cac6-43df-b175-e94f3039c0ff,
Billed Duration for Request 0b4c2789-cac6-43df-b175-e94f3039c0ff: 94 ms
Input: 1000000,
Cold Start: false
Unique ID: b3758858-c063-4638-8d2a-10f6ca12fad1,
Billed Duration for Request b3758858-c063-4638-8d2a-10f6ca12fad1: 105 ms
Input: 1000000,
Cold Start: false
Unique ID: 4ee31794-a2d4-4c92-a058-c1db467afcd5,
Billed Duration for Request 4ee31794-a2d4-4c92-a058-c1db467afcd5: 94 ms
Input: 1000000,
Cold Start: false
Unique ID: a4724458-e3ed-4532-9c1d-17c3b276ec9e,
Billed Duration for Request a4724458-e3ed-4532-9c1d-17c3b276ec9e: 94 ms
Input: 1000000,
Cold Start: false
Unique ID: e30b2fd0-2d76-452e-9f23-9ea39a63e0c7,
Billed Duration for Request e30b2fd0-2d76-452e-9f23-9ea39a63e0c7: 98 ms
Input: 1000000,
Cold Start: false
Unique ID: 725f304c-d71a-44db-bc09-91bc37edb023,
Billed Duration for Request 725f304c-d71a-44db-bc09-91bc37edb023: 93 ms
Input: 1000000,
Cold Start: false
Unique ID: 12ab59bd-32ac-492b-b3dd-2fa7339adace,
Billed Duration for Request 12ab59bd-32ac-492b-b3dd-2fa7339adace: 90 ms
Input: 1000000,
Cold Start: false
Unique ID: bd0591d9-d912-4d5f-a430-031b97ac4573,
Billed Duration for Request bd0591d9-d912-4d5f-a430-031b97ac4573: 106 ms
Input: 1000000,
Cold Start: false
Unique ID: 097a2639-2c3b-406d-9087-d47b04190c4a,
Billed Duration for Request 097a2639-2c3b-406d-9087-d47b04190c4a: 101 ms
Input: 1000000,
Cold Start: false
Unique ID: 12d9e003-e816-4b97-a110-796aee95de5a,
Billed Duration for Request 12d9e003-e816-4b97-a110-796aee95de5a: 102 ms
Input: 1000000,
Cold Start: false
Unique ID: 214faf4f-4f74-41d0-a83a-57837f9dcb3a,
Billed Duration for Request 214faf4f-4f74-41d0-a83a-57837f9dcb3a: 112 ms
Input: 1000000,
Cold Start: false
Unique ID: 8baefbbb-6840-4e99-b4ad-b213b8e63026,
Billed Duration for Request 8baefbbb-6840-4e99-b4ad-b213b8e63026: 117 ms
Input: 1000000,
Cold Start: false
Unique ID: a94c3273-8d6a-483c-a283-24f0fae7e23a,
Billed Duration for Request a94c3273-8d6a-483c-a283-24f0fae7e23a: 123 ms
Input: 1000000,
Cold Start: false
Unique ID: fcda2d7b-6898-445f-a7a0-b1a64080b9f5,
Billed Duration for Request fcda2d7b-6898-445f-a7a0-b1a64080b9f5: 127 ms
Input: 1000000,
Cold Start: false
Unique ID: b0e7bc61-7bb4-49bd-81bb-5cc401e4a9e8,
Billed Duration for Request b0e7bc61-7bb4-49bd-81bb-5cc401e4a9e8: 88 ms
Input: 1000000,
Cold Start: false
Unique ID: 8450881b-47dc-4168-bb4a-f713e3b7018a,
Billed Duration for Request 8450881b-47dc-4168-bb4a-f713e3b7018a: 97 ms
Input: 1000000,
Cold Start: false
Unique ID: f84325da-142b-475c-85b8-a9f2d440cd7f,
Billed Duration for Request f84325da-142b-475c-85b8-a9f2d440cd7f: 98 ms
Input: 1000000,
Cold Start: false
Unique ID: 095fef1e-c8e2-4890-b6d8-8eff6b461443,
Billed Duration for Request 095fef1e-c8e2-4890-b6d8-8eff6b461443: 89 ms
Input: 1000000,
Cold Start: false
Unique ID: e81c49fa-b2ee-40af-8231-c3a9d21e44ce,
Billed Duration for Request e81c49fa-b2ee-40af-8231-c3a9d21e44ce: 108 ms
Input: 1000000,
Cold Start: false
Unique ID: cf448ac7-8d54-4e41-9ec9-196199767835,
Billed Duration for Request cf448ac7-8d54-4e41-9ec9-196199767835: 105 ms
Input: 1000000,
Cold Start: false
Unique ID: 8e1ea93d-caf9-4589-9d5e-1dab05db89d6,
Billed Duration for Request 8e1ea93d-caf9-4589-9d5e-1dab05db89d6: 98 ms
Input: 1000000,
Cold Start: false
Unique ID: 02da97f1-bf43-4119-9fd2-97fdf34f4091,
Billed Duration for Request 02da97f1-bf43-4119-9fd2-97fdf34f4091: 93 ms
Input: 1000000,
Cold Start: false
Unique ID: 43450997-e987-42a9-8ad2-1318450718e6,
Billed Duration for Request 43450997-e987-42a9-8ad2-1318450718e6: 96 ms
Input: 1000000,
Cold Start: false
Unique ID: d218c8e7-0081-42d6-a0c5-64c9288716ba,
Billed Duration for Request d218c8e7-0081-42d6-a0c5-64c9288716ba: 106 ms
Input: 1000000,
Cold Start: false
Unique ID: 0477b68c-9c3d-4012-af4a-79d1fa1b62ca,
Billed Duration for Request 0477b68c-9c3d-4012-af4a-79d1fa1b62ca: 105 ms
Input: 1000000,
Cold Start: false
Unique ID: 9a86413b-44d5-4acc-86a9-097e76c77ba9,
Billed Duration for Request 9a86413b-44d5-4acc-86a9-097e76c77ba9: 89 ms
Input: 1000000,
Cold Start: false
Unique ID: 68fd4445-c693-4fe1-8c1c-9dacdaf51d6c,
Billed Duration for Request 68fd4445-c693-4fe1-8c1c-9dacdaf51d6c: 92 ms
Input: 1000000,
Cold Start: false
Unique ID: f9ce8a37-31e7-4453-8f7c-265667e9ecb7,
Billed Duration for Request f9ce8a37-31e7-4453-8f7c-265667e9ecb7: 98 ms
Input: 1000000,
Cold Start: false
Unique ID: 595ade0f-3cce-4b6c-9bb6-47f2e4ea532b,
Billed Duration for Request 595ade0f-3cce-4b6c-9bb6-47f2e4ea532b: 98 ms
Input: 1000000,
Cold Start: false
Unique ID: b9a7aca6-279a-495f-9b85-d63af1816526,
Billed Duration for Request b9a7aca6-279a-495f-9b85-d63af1816526: 98 ms
Input: 1000000,
Cold Start: false
Unique ID: cf538bda-750f-4646-8fcf-ffbd09f908b5,
Billed Duration for Request cf538bda-750f-4646-8fcf-ffbd09f908b5: 92 ms
Input: 1000000,
Cold Start: false
Unique ID: 4eae2d0c-7ee9-47a4-b0e6-beeac65441e6,
Billed Duration for Request 4eae2d0c-7ee9-47a4-b0e6-beeac65441e6: 97 ms
Input: 1000000,
Cold Start: false
Unique ID: 34050a7d-3907-4300-bbf2-f7a26e9b190a,
Billed Duration for Request 34050a7d-3907-4300-bbf2-f7a26e9b190a: 89 ms
Input: 1000000,
Cold Start: false
Unique ID: 4f1f890a-bfb7-4cfa-822c-a88074ab1819,
Billed Duration for Request 4f1f890a-bfb7-4cfa-822c-a88074ab1819: 92 ms
Input: 1000000,
Cold Start: false
Unique ID: 21f89192-59b9-4999-b301-6e33fe7dc449,
Billed Duration for Request 21f89192-59b9-4999-b301-6e33fe7dc449: 108 ms
Input: 1000000,
Cold Start: false
Unique ID: b56ffa01-8f99-4bd3-9085-8e242837f55d,
Billed Duration for Request b56ffa01-8f99-4bd3-9085-8e242837f55d: 93 ms
Input: 1000000,
Cold Start: false
Unique ID: c3f5cd27-224b-49f1-99d0-273e92b6694c,
Billed Duration for Request c3f5cd27-224b-49f1-99d0-273e92b6694c: 97 ms
Input: 1000000,
Cold Start: false
Unique ID: 87962f24-65f6-4520-ae42-5f439a220624,
Billed Duration for Request 87962f24-65f6-4520-ae42-5f439a220624: 101 ms
Input: 1000000,
Cold Start: false
Unique ID: d57f1221-a5bd-4917-80bc-d7b36f45286e,
Billed Duration for Request d57f1221-a5bd-4917-80bc-d7b36f45286e: 98 ms
Input: 1000000,
Cold Start: false
Unique ID: c077b706-3a0b-4b45-bd31-f4dee600228e,
Billed Duration for Request c077b706-3a0b-4b45-bd31-f4dee600228e: 88 ms
Input: 1000000,
Cold Start: false
Unique ID: 44a18996-08ef-46ad-8783-8abec22c139f,
Billed Duration for Request 44a18996-08ef-46ad-8783-8abec22c139f: 92 ms
Input: 1000000,
Cold Start: false
Unique ID: 8277f81e-3743-45ac-84d4-cacd6a4d1633,
Billed Duration for Request 8277f81e-3743-45ac-84d4-cacd6a4d1633: 89 ms
Input: 1000000,
Cold Start: false
Unique ID: 9b874361-ef05-4bff-843f-4130b1406d5d,
Billed Duration for Request 9b874361-ef05-4bff-843f-4130b1406d5d: 112 ms
Input: 1000000,
Cold Start: false
Unique ID: 7395352a-8c50-4d6f-ba8a-553434b04f37,
Billed Duration for Request 7395352a-8c50-4d6f-ba8a-553434b04f37: 92 ms
Input: 1000000,
Cold Start: false
Unique ID: 9f0a6238-646d-4b13-a4c8-ed08fbc1d195,
Billed Duration for Request 9f0a6238-646d-4b13-a4c8-ed08fbc1d195: 98 ms
Input: 1000000,
Cold Start: false
Unique ID: e5b47360-ce21-4a54-92bc-9e99657e2278,
Billed Duration for Request e5b47360-ce21-4a54-92bc-9e99657e2278: 101 ms
Input: 1000000,
Cold Start: false
Unique ID: 61391768-9791-43d5-9ac2-d943af3c160b,
Billed Duration for Request 61391768-9791-43d5-9ac2-d943af3c160b: 98 ms
Input: 1000000,
Cold Start: false
Unique ID: 843d068e-a2d2-405d-9a56-d179b6a753cb,
Billed Duration for Request 843d068e-a2d2-405d-9a56-d179b6a753cb: 101 ms
Input: 1000000,
Cold Start: false
Unique ID: 82769210-c92c-4996-a8c8-6a7e08e160aa,
Billed Duration for Request 82769210-c92c-4996-a8c8-6a7e08e160aa: 89 ms
Input: 1000000,
Cold Start: false
Unique ID: 40937ac7-bdb7-49b4-ab8c-9423422699e4,
Billed Duration for Request 40937ac7-bdb7-49b4-ab8c-9423422699e4: 100 ms
Input: 1000000,
Cold Start: false
Unique ID: 60ab6ac3-a390-453b-8c90-705fe1e32c2e,
Billed Duration for Request 60ab6ac3-a390-453b-8c90-705fe1e32c2e: 105 ms
Input: 1000000,
Cold Start: false
Unique ID: da7cab34-dc39-45ca-8a09-64b5c8b095f7,
Billed Duration for Request da7cab34-dc39-45ca-8a09-64b5c8b095f7: 103 ms
Input: 1000000,
Cold Start: false
Unique ID: ecc1f2e3-a5ca-47c6-8dcb-d282ddb6deb5,
Billed Duration for Request ecc1f2e3-a5ca-47c6-8dcb-d282ddb6deb5: 92 ms
Input: 1000000,
Cold Start: false
Unique ID: ba389f1d-5140-40f4-8ea3-a182ea9a01b9,
Billed Duration for Request ba389f1d-5140-40f4-8ea3-a182ea9a01b9: 93 ms
Input: 1000000,
Cold Start: false
Unique ID: 523f22d0-e22f-4e4a-ba11-0b574ab0f6a8,
Billed Duration for Request 523f22d0-e22f-4e4a-ba11-0b574ab0f6a8: 112 ms
Input: 1000000,
Cold Start: false
Unique ID: 3f635fb3-14c5-4c57-accd-d250f476e0de,
Billed Duration for Request 3f635fb3-14c5-4c57-accd-d250f476e0de: 93 ms
Input: 1000000,
Cold Start: false
Unique ID: f36cc9d4-0beb-4ae5-95c4-97081012b306,
Billed Duration for Request f36cc9d4-0beb-4ae5-95c4-97081012b306: 98 ms
Input: 1000000,
Cold Start: false
Unique ID: 2fb97de0-0503-4b1a-8877-a33a2fc3ef3d,
Billed Duration for Request 2fb97de0-0503-4b1a-8877-a33a2fc3ef3d: 97 ms
Input: 1000000,
Cold Start: false
Unique ID: 902e83b9-5797-4b40-9113-e9f167e058f7,
Billed Duration for Request 902e83b9-5797-4b40-9113-e9f167e058f7: 92 ms
Input: 1000000,
Cold Start: false
Unique ID: 7157e84c-657b-4472-905b-0ee18c0dafe8,
Billed Duration for Request 7157e84c-657b-4472-905b-0ee18c0dafe8: 93 ms
Input: 1000000,
Cold Start: false
Unique ID: 93f7f843-faa3-4c1d-9021-2a57267d3cf2,
Billed Duration for Request 93f7f843-faa3-4c1d-9021-2a57267d3cf2: 101 ms
Input: 1000000,
Cold Start: false
Unique ID: edd172d7-574f-4539-8510-2f2d604959dc,
Billed Duration for Request edd172d7-574f-4539-8510-2f2d604959dc: 101 ms
Input: 1000000,
Cold Start: false
Unique ID: c89a6e60-edec-4883-aa6c-1e1327f9a7ee,
Billed Duration for Request c89a6e60-edec-4883-aa6c-1e1327f9a7ee: 120 ms
Input: 1000000,
Cold Start: false
Unique ID: 9aa0ce65-cf31-4cea-a2fe-c188b6d6ab73,
Billed Duration for Request 9aa0ce65-cf31-4cea-a2fe-c188b6d6ab73: 98 ms
Input: 1000000,
Cold Start: false
Unique ID: 88479f53-98ad-4ea0-9837-5a77bdb47e3d,
Billed Duration for Request 88479f53-98ad-4ea0-9837-5a77bdb47e3d: 102 ms
Input: 1000000,
Cold Start: false
Unique ID: b39349f2-2c07-4965-842a-6df2b263c9c9,
Billed Duration for Request b39349f2-2c07-4965-842a-6df2b263c9c9: 98 ms
Input: 1000000,
Cold Start: false
Unique ID: 2fd73c1a-89be-48eb-bae2-90c6d9ece384,
Billed Duration for Request 2fd73c1a-89be-48eb-bae2-90c6d9ece384: 101 ms
Input: 1000000,
Cold Start: false
Unique ID: ef3fb6be-59c0-42dd-9f77-2f649e5e118e,
Billed Duration for Request ef3fb6be-59c0-42dd-9f77-2f649e5e118e: 102 ms
Input: 1000000,
Cold Start: false
Unique ID: 45b954a7-6a06-4c1a-a7ed-9ac583cf0dae,
Billed Duration for Request 45b954a7-6a06-4c1a-a7ed-9ac583cf0dae: 106 ms
Input: 1000000,
Cold Start: false
Unique ID: 9efbe9f5-7479-4818-9a08-efaabc4b2248,
Billed Duration for Request 9efbe9f5-7479-4818-9a08-efaabc4b2248: 95 ms
Input: 1000000,
Cold Start: false
Unique ID: 40273f3b-ce7c-4a4a-93e2-7dc8c7a37dfe,
Billed Duration for Request 40273f3b-ce7c-4a4a-93e2-7dc8c7a37dfe: 102 ms
Input: 1000000,
Cold Start: false
Unique ID: e6fa8d49-8d70-4b74-83d3-6df283916ac9,
Billed Duration for Request e6fa8d49-8d70-4b74-83d3-6df283916ac9: 107 ms
Input: 1000000,
Cold Start: false
Unique ID: 06df3bd5-ff70-4c5d-8e50-6f4487cade69,
Billed Duration for Request 06df3bd5-ff70-4c5d-8e50-6f4487cade69: 106 ms
Input: 1000000,
Cold Start: false
Unique ID: 58aadeb2-7f89-4c4a-95f3-c49903fa107f,
Billed Duration for Request 58aadeb2-7f89-4c4a-95f3-c49903fa107f: 107 ms
Input: 1000000,
Cold Start: false
Unique ID: 93160df8-1136-4255-b613-52cb54d47f8f,
Billed Duration for Request 93160df8-1136-4255-b613-52cb54d47f8f: 94 ms
Input: 1000000,
Cold Start: false
Unique ID: 79be1813-d259-47a7-a7d9-f32183effbc5,
Billed Duration for Request 79be1813-d259-47a7-a7d9-f32183effbc5: 102 ms
Input: 1000000,
Cold Start: false
Unique ID: b48c33db-102d-4b56-96d4-b767c13e1e11,
Billed Duration for Request b48c33db-102d-4b56-96d4-b767c13e1e11: 97 ms
Input: 1000000,
Cold Start: false
Unique ID: c7ff94f2-c558-42e9-a132-5254e6bd9cf1,
Billed Duration for Request c7ff94f2-c558-42e9-a132-5254e6bd9cf1: 106 ms
Input: 1000000,
Cold Start: false
Unique ID: 97161f57-27fb-41f7-a7f9-a11a1dbac8d2,
Billed Duration for Request 97161f57-27fb-41f7-a7f9-a11a1dbac8d2: 106 ms
Input: 1000000,
Cold Start: false
Unique ID: 5d1a89a6-1a56-45c8-a71e-9820878371fc,
Billed Duration for Request 5d1a89a6-1a56-45c8-a71e-9820878371fc: 93 ms
Input: 1000000,
Cold Start: false
Unique ID: 9557aa0a-d0f3-4892-af8d-5578ca2b1ef9,
Billed Duration for Request 9557aa0a-d0f3-4892-af8d-5578ca2b1ef9: 98 ms
Input: 1000000,
Cold Start: false
Unique ID: 32f5e94b-9823-416e-a032-ce1819d01ce9,
Billed Duration for Request 32f5e94b-9823-416e-a032-ce1819d01ce9: 89 ms
Input: 1000000,
Cold Start: false
Unique ID: 986620ce-0bdd-426c-b292-e5668442d450,
Billed Duration for Request 986620ce-0bdd-426c-b292-e5668442d450: 94 ms
Input: 1000000,
Cold Start: false
Unique ID: 77fae998-71ce-4996-8be1-c43b1262d5f4,
Billed Duration for Request 77fae998-71ce-4996-8be1-c43b1262d5f4: 94 ms
Input: 1000000,
Cold Start: false
Unique ID: 7a4a7f2e-5a2a-47bf-a011-b6886d515d38,
Billed Duration for Request 7a4a7f2e-5a2a-47bf-a011-b6886d515d38: 97 ms
Input: 1000000,
Cold Start: false
Unique ID: 9a0aa3ec-0657-4d9e-826d-121c4d62e054,
Billed Duration for Request 9a0aa3ec-0657-4d9e-826d-121c4d62e054: 107 ms
Input: 1000000,
Cold Start: false
Unique ID: c174c79d-b681-48ed-ab1b-80ea942f4284,
Billed Duration for Request c174c79d-b681-48ed-ab1b-80ea942f4284: 89 ms
Input: 1000000,
Cold Start: false
Unique ID: 44910fa0-5291-44e7-9826-698292cb336c,
Billed Duration for Request 44910fa0-5291-44e7-9826-698292cb336c: 106 ms
Input: 1000000,
Cold Start: false
Unique ID: f5c2798a-8cff-4580-b855-1cd6556fd2ae,
Billed Duration for Request f5c2798a-8cff-4580-b855-1cd6556fd2ae: 94 ms
Input: 1000000,
Cold Start: false
Unique ID: 37197bd9-791d-49c5-88ba-3dd129a71595,
Billed Duration for Request 37197bd9-791d-49c5-88ba-3dd129a71595: 93 ms
Input: 1000000,
Cold Start: false
Unique ID: 90f12f4f-d16f-46ef-b27d-ea9ab174b096,
Billed Duration for Request 90f12f4f-d16f-46ef-b27d-ea9ab174b096: 97 ms
Input: 1000000,
Cold Start: false
Unique ID: f27edca0-ae56-46cc-a72b-509173aac7b2,
Billed Duration for Request f27edca0-ae56-46cc-a72b-509173aac7b2: 101 ms
Input: 1000000,
Cold Start: false
Unique ID: 2652f8e3-e85e-4b84-8a28-b3d3746a7105,
Billed Duration for Request 2652f8e3-e85e-4b84-8a28-b3d3746a7105: 98 ms
Input: 1000000,
Cold Start: false
Unique ID: a21d6c61-340f-4810-b1c8-642529f32c96,
Billed Duration for Request a21d6c61-340f-4810-b1c8-642529f32c96: 92 ms
Input: 1000000,
Cold Start: false
Unique ID: 3b2d60af-29d4-4e89-a767-7b9788ae4d24,
Billed Duration for Request 3b2d60af-29d4-4e89-a767-7b9788ae4d24: 95 ms
Input: 1000000,
Cold Start: false
Unique ID: 0ec29400-0f24-4abd-bf0d-fa12ce7bf71d,
Billed Duration for Request 0ec29400-0f24-4abd-bf0d-fa12ce7bf71d: 101 ms
Input: 1000000,
Cold Start: false
Unique ID: 7b8e8756-4072-480c-a98d-b9366ce8f0c4,
Billed Duration for Request 7b8e8756-4072-480c-a98d-b9366ce8f0c4: 97 ms
Input: 1000000,
Cold Start: false
Unique ID: 07e5b3e6-bf11-4dac-8c64-520c680eea31,
Billed Duration for Request 07e5b3e6-bf11-4dac-8c64-520c680eea31: 94 ms
Input: 1000000,
Cold Start: false
Unique ID: dd067adb-ec78-4742-9fc1-cc97bc3e8085,
Billed Duration for Request dd067adb-ec78-4742-9fc1-cc97bc3e8085: 97 ms
Input: 1000000,
Cold Start: false
Unique ID: 225bb183-c5a9-4635-a3f1-c96f6ba3dc5b,
Billed Duration for Request 225bb183-c5a9-4635-a3f1-c96f6ba3dc5b: 102 ms
Input: 1000000,
Cold Start: false
Unique ID: 6e3376d9-eb66-47fb-bfbe-205a20805f9d,
Billed Duration for Request 6e3376d9-eb66-47fb-bfbe-205a20805f9d: 105 ms
Input: 1000000,
Cold Start: false
Unique ID: 36b231a2-9aab-48df-a249-a0a901da00fa,
Billed Duration for Request 36b231a2-9aab-48df-a249-a0a901da00fa: 105 ms
Input: 1000000,
Cold Start: false
Unique ID: 61578c0d-6816-4cba-a889-49c104de8c9c,
Billed Duration for Request 61578c0d-6816-4cba-a889-49c104de8c9c: 106 ms
Input: 1000000,
Cold Start: false
Unique ID: 151a8c1b-4b2b-4ffc-9441-4452308b4b98,
Billed Duration for Request 151a8c1b-4b2b-4ffc-9441-4452308b4b98: 93 ms
Input: 1000000,
Cold Start: false
Unique ID: c8f9d63e-934d-45ff-97aa-bb3c33682818,
Billed Duration for Request c8f9d63e-934d-45ff-97aa-bb3c33682818: 93 ms
Input: 1000000,
Cold Start: false
Unique ID: 889c7794-6adb-42e1-8551-d99918f72de1,
Billed Duration for Request 889c7794-6adb-42e1-8551-d99918f72de1: 92 ms
Input: 1000000,
Cold Start: false
Unique ID: 98e0bc31-6ac3-4458-bcec-6fe5a73be301,
Billed Duration for Request 98e0bc31-6ac3-4458-bcec-6fe5a73be301: 97 ms
Input: 1000000,
Cold Start: false
Unique ID: d14597e1-bde9-492b-a193-0749c3611cfa,
Billed Duration for Request d14597e1-bde9-492b-a193-0749c3611cfa: 94 ms
Input: 1000000,
Cold Start: false
Unique ID: 74593767-100f-45cc-8984-593d87f0b8ad,
Billed Duration for Request 74593767-100f-45cc-8984-593d87f0b8ad: 98 ms
Input: 1000000,
Cold Start: false
Unique ID: 94bb36f6-d55b-4117-b327-ad73f594e1b7,
Billed Duration for Request 94bb36f6-d55b-4117-b327-ad73f594e1b7: 101 ms
Input: 1000000,
Cold Start: false
Unique ID: 2d9839eb-6b78-4a1c-8447-0222e9b8376b,
Billed Duration for Request 2d9839eb-6b78-4a1c-8447-0222e9b8376b: 99 ms
Input: 1000000,
Cold Start: false
Unique ID: f5488888-fe71-40e0-a99b-12c87b37ef8c,
Billed Duration for Request f5488888-fe71-40e0-a99b-12c87b37ef8c: 129 ms
Input: 1000000,
Cold Start: false
Unique ID: 422754de-d7b8-4f57-be0a-20ec0cb8ed32,
Billed Duration for Request 422754de-d7b8-4f57-be0a-20ec0cb8ed32: 129 ms
Input: 1000000,
Cold Start: false
Unique ID: 3d56a62c-1bde-4ab1-b1fe-076c4eb3d930,
Billed Duration for Request 3d56a62c-1bde-4ab1-b1fe-076c4eb3d930: 115 ms
Input: 1000000,
Cold Start: false
Unique ID: 1bb75fcd-3f3c-4f9e-a280-65e1c86e53a2,
Billed Duration for Request 1bb75fcd-3f3c-4f9e-a280-65e1c86e53a2: 90 ms
Input: 1000000,
Cold Start: false
Unique ID: f17275be-d273-48c1-8aca-4c7acf5bbf58,
Billed Duration for Request f17275be-d273-48c1-8aca-4c7acf5bbf58: 108 ms
Input: 1000000,
Cold Start: false
Unique ID: a3980065-e6f2-4414-a96f-3ef6e16414ea,
Billed Duration for Request a3980065-e6f2-4414-a96f-3ef6e16414ea: 107 ms
Input: 1000000,
Cold Start: false
Unique ID: 7cd35761-5abf-4f94-9446-26b958fa28df,
Billed Duration for Request 7cd35761-5abf-4f94-9446-26b958fa28df: 102 ms
Input: 1000000,
Cold Start: false
Unique ID: e29bffe1-bbb3-48ea-be4b-6c01c99b887d,
Billed Duration for Request e29bffe1-bbb3-48ea-be4b-6c01c99b887d: 98 ms
Input: 1000000,
Cold Start: false
Unique ID: 17bdb05a-3677-4799-8536-18d9a2ba343c,
Billed Duration for Request 17bdb05a-3677-4799-8536-18d9a2ba343c: 98 ms
Input: 1000000,
Cold Start: false
Unique ID: 39056076-74b8-44ca-ab1e-f1cbfc7a7621,
Billed Duration for Request 39056076-74b8-44ca-ab1e-f1cbfc7a7621: 94 ms
Input: 1000000,
Cold Start: false
Unique ID: 6014ec9b-ddb5-4d83-a7e0-578bb867f5f9,
Billed Duration for Request 6014ec9b-ddb5-4d83-a7e0-578bb867f5f9: 103 ms
Input: 1000000,
Cold Start: false
Unique ID: a9500f9e-1674-4d57-88a3-a02634f0a0a3,
Billed Duration for Request a9500f9e-1674-4d57-88a3-a02634f0a0a3: 112 ms
Input: 1000000,
Cold Start: false
Unique ID: 20922429-64e6-4a83-804d-a4fe79240c51,
Billed Duration for Request 20922429-64e6-4a83-804d-a4fe79240c51: 94 ms
Input: 1000000,
Cold Start: false
Unique ID: bd4d3995-70fe-4fa6-bfed-e5885f887f2e,
Billed Duration for Request bd4d3995-70fe-4fa6-bfed-e5885f887f2e: 103 ms
Input: 1000000,
Cold Start: false
Unique ID: afd8346f-c7fc-4e02-8a24-51c0ff82f8c5,
Billed Duration for Request afd8346f-c7fc-4e02-8a24-51c0ff82f8c5: 93 ms
Input: 1000000,
Cold Start: false
Unique ID: 477e251e-2b9d-4303-a42b-f25eace8f1b0,
Billed Duration for Request 477e251e-2b9d-4303-a42b-f25eace8f1b0: 98 ms
Input: 1000000,
Cold Start: false
Unique ID: 522dcf9e-6ad4-44a0-bebf-9bd98a7ab79f,
Billed Duration for Request 522dcf9e-6ad4-44a0-bebf-9bd98a7ab79f: 102 ms
Input: 1000000,
Cold Start: false
Unique ID: 97e3b791-62a0-4675-8ecf-e8eecf1538db,
Billed Duration for Request 97e3b791-62a0-4675-8ecf-e8eecf1538db: 101 ms
Input: 1000000,
Cold Start: false
Unique ID: c5c564da-1943-42a1-a5f8-d997233d36e2,
Billed Duration for Request c5c564da-1943-42a1-a5f8-d997233d36e2: 107 ms
Input: 1000000,
Cold Start: false
Unique ID: ab15b445-2b82-427c-b1c5-9a0a47078669,
Billed Duration for Request ab15b445-2b82-427c-b1c5-9a0a47078669: 93 ms
Input: 1000000,
Cold Start: false
Unique ID: 6a552a22-b077-4516-a5f3-73eacbba10e2,
Billed Duration for Request 6a552a22-b077-4516-a5f3-73eacbba10e2: 93 ms
Input: 1000000,
Cold Start: false
Unique ID: 5c2f9773-1466-4b3f-9955-c4aeff213fd9,
Billed Duration for Request 5c2f9773-1466-4b3f-9955-c4aeff213fd9: 98 ms
Input: 1000000,
Cold Start: false
Unique ID: 38510274-43d7-4176-8300-42887f0d0ea2,
Billed Duration for Request 38510274-43d7-4176-8300-42887f0d0ea2: 94 ms
Input: 1000000,
Cold Start: false
Unique ID: 2127345f-c861-4905-81be-e8778e4212ef,
Billed Duration for Request 2127345f-c861-4905-81be-e8778e4212ef: 101 ms
Input: 1000000,
Cold Start: false
Unique ID: 2f31642d-9c11-42c1-b4f5-df6b351294d2,
Billed Duration for Request 2f31642d-9c11-42c1-b4f5-df6b351294d2: 93 ms
Input: 1000000,
Cold Start: false
Unique ID: 264d92b6-5045-4bd1-ae2c-9bbbe6bd7107,
Billed Duration for Request 264d92b6-5045-4bd1-ae2c-9bbbe6bd7107: 89 ms
Input: 1000000,
Cold Start: false
Unique ID: e13d73e6-9a3c-4100-91c8-4930b80acd3b,
Billed Duration for Request e13d73e6-9a3c-4100-91c8-4930b80acd3b: 106 ms
Input: 1000000,
Cold Start: false
Unique ID: 101a4a92-6565-40ab-ad98-50bc86167de2,
Billed Duration for Request 101a4a92-6565-40ab-ad98-50bc86167de2: 102 ms
Input: 1000000,
Cold Start: false
Unique ID: 1fe2909c-784f-4dbf-b9b0-e47445aff8db,
Billed Duration for Request 1fe2909c-784f-4dbf-b9b0-e47445aff8db: 107 ms
Input: 1000000,
Cold Start: false
Unique ID: 37a0f902-4106-4786-8448-095b5a518d6e,
Billed Duration for Request 37a0f902-4106-4786-8448-095b5a518d6e: 102 ms
Input: 1000000,
Cold Start: false
Unique ID: 48132dce-77b9-419d-988a-da5198f485a2,
Billed Duration for Request 48132dce-77b9-419d-988a-da5198f485a2: 94 ms
Input: 1000000,
Cold Start: false
Unique ID: 4051a259-6ad1-4f32-be18-e0ff51cc00c2,
Billed Duration for Request 4051a259-6ad1-4f32-be18-e0ff51cc00c2: 98 ms
Input: 1000000,
Cold Start: false
Unique ID: 083868dd-64ef-4663-9d56-11da72cd9b04,
Billed Duration for Request 083868dd-64ef-4663-9d56-11da72cd9b04: 102 ms
Input: 1000000,
Cold Start: false
Unique ID: 08ed498a-a66a-4031-82dd-4207030f5a63,
Billed Duration for Request 08ed498a-a66a-4031-82dd-4207030f5a63: 93 ms
Input: 1000000,
Cold Start: false
Unique ID: 67d621f9-6e4b-43fd-a54a-415e1d2a1ceb,
Billed Duration for Request 67d621f9-6e4b-43fd-a54a-415e1d2a1ceb: 106 ms
Input: 1000000,
Cold Start: false
Unique ID: f1cef620-295e-4cff-b9a6-19bfbb775e85,
Billed Duration for Request f1cef620-295e-4cff-b9a6-19bfbb775e85: 101 ms
Input: 1000000,
Cold Start: false
Unique ID: a544cde7-b5ed-46c6-ba35-a8f8a301d0d9,
Billed Duration for Request a544cde7-b5ed-46c6-ba35-a8f8a301d0d9: 97 ms
Input: 1000000,
Cold Start: false
Unique ID: 9cdf2dbb-772e-4fd9-b79a-255c78d71932,
Billed Duration for Request 9cdf2dbb-772e-4fd9-b79a-255c78d71932: 98 ms
Input: 1000000,
Cold Start: false
Unique ID: f06632c4-9182-4b73-9618-08a75089f793,
Billed Duration for Request f06632c4-9182-4b73-9618-08a75089f793: 94 ms
Input: 1000000,
Cold Start: false
Unique ID: 22cabf2f-21cc-41ba-b797-e8a6c5776bf1,
Billed Duration for Request 22cabf2f-21cc-41ba-b797-e8a6c5776bf1: 107 ms
Input: 1000000,
Cold Start: false
Unique ID: 62fac8fa-7344-45ab-8c1a-08d81b9cb1ac,
Billed Duration for Request 62fac8fa-7344-45ab-8c1a-08d81b9cb1ac: 101 ms
Input: 1000000,
Cold Start: false
Unique ID: 588e7efe-39e0-4076-8f2f-44a41181f3d6,
Billed Duration for Request 588e7efe-39e0-4076-8f2f-44a41181f3d6: 104 ms
Input: 1000000,
Cold Start: false
Unique ID: b614327b-9bbd-47a5-a154-d70828c012aa,
Billed Duration for Request b614327b-9bbd-47a5-a154-d70828c012aa: 91 ms
Input: 1000000,
Cold Start: false
Unique ID: 8dcde814-a3a7-46ce-8664-9a0c3cf7cd6e,
Billed Duration for Request 8dcde814-a3a7-46ce-8664-9a0c3cf7cd6e: 94 ms
Input: 1000000,
Cold Start: false
Unique ID: 7f69be3e-25b9-4f0b-807b-9ae20e2dab86,
Billed Duration for Request 7f69be3e-25b9-4f0b-807b-9ae20e2dab86: 94 ms
Input: 1000000,
Cold Start: false
Unique ID: 7e4b6d7a-ebcb-43ca-a0b0-5a80d4813b39,
Billed Duration for Request 7e4b6d7a-ebcb-43ca-a0b0-5a80d4813b39: 98 ms
Input: 1000000,
Cold Start: false
Unique ID: 0a6337e8-18fe-48fd-abed-9a9a1fd080ff,
Billed Duration for Request 0a6337e8-18fe-48fd-abed-9a9a1fd080ff: 97 ms
Input: 1000000,
Cold Start: false
Unique ID: 6ec53c2c-d5c6-4fcd-9e4b-09540459b1e6,
Billed Duration for Request 6ec53c2c-d5c6-4fcd-9e4b-09540459b1e6: 94 ms
Input: 1000000,
Cold Start: false
Unique ID: affc2dff-0efa-41b2-bfa8-da7385323a04,
Billed Duration for Request affc2dff-0efa-41b2-bfa8-da7385323a04: 103 ms
Input: 1000000,
Cold Start: false
Unique ID: e7a0dbce-55a1-4ec6-9ec3-ebf0f194bfca,
Billed Duration for Request e7a0dbce-55a1-4ec6-9ec3-ebf0f194bfca: 101 ms
Input: 1000000,
Cold Start: false
Unique ID: 9b23021a-3778-4262-b241-91a3565637b0,
Billed Duration for Request 9b23021a-3778-4262-b241-91a3565637b0: 94 ms
Input: 1000000,
Cold Start: false
Unique ID: 7826f2d8-b3a7-4ca1-ab29-5057e112c3ff,
Billed Duration for Request 7826f2d8-b3a7-4ca1-ab29-5057e112c3ff: 105 ms
Input: 1000000,
Cold Start: false
Unique ID: 53cb22f4-376a-4cde-96b5-3cbebb260ad6,
Billed Duration for Request 53cb22f4-376a-4cde-96b5-3cbebb260ad6: 98 ms
Input: 1000000,
Cold Start: false
Unique ID: 2bcb2cd0-ff4e-4330-9fd6-7a6975414c01,
Billed Duration for Request 2bcb2cd0-ff4e-4330-9fd6-7a6975414c01: 98 ms
Input: 1000000,
Cold Start: false
Unique ID: 72fefcc0-19c6-421f-a1a8-7e36fa655f41,
Billed Duration for Request 72fefcc0-19c6-421f-a1a8-7e36fa655f41: 97 ms
Input: 1000000,
Cold Start: false
Unique ID: 7d0480d5-2dbe-45ac-84d1-eb0ee02b2c2b,
Billed Duration for Request 7d0480d5-2dbe-45ac-84d1-eb0ee02b2c2b: 102 ms
Input: 1000000,
Cold Start: false
Unique ID: 2eb69ec6-dbb0-4555-9809-90a83d02126d,
Billed Duration for Request 2eb69ec6-dbb0-4555-9809-90a83d02126d: 106 ms
Input: 1000000,
Cold Start: false
Unique ID: 029c1657-7c4d-4f2e-88c7-410f46981051,
Billed Duration for Request 029c1657-7c4d-4f2e-88c7-410f46981051: 88 ms
Input: 1000000,
Cold Start: false
Unique ID: 547b5ea4-4056-4287-8baa-ad047f82d668,
Billed Duration for Request 547b5ea4-4056-4287-8baa-ad047f82d668: 108 ms
Input: 1000000,
Cold Start: false
Unique ID: 4d911784-5fec-4db8-89e6-8acdc7568468,
Billed Duration for Request 4d911784-5fec-4db8-89e6-8acdc7568468: 99 ms
Input: 1000000,
Cold Start: false
Unique ID: a8d8292a-4388-4117-9960-463b5fed64c5,
Billed Duration for Request a8d8292a-4388-4117-9960-463b5fed64c5: 107 ms
Input: 1000000,
Cold Start: false
Unique ID: 8002145a-b369-41f1-a93f-88b9290ca87c,
Billed Duration for Request 8002145a-b369-41f1-a93f-88b9290ca87c: 101 ms
Input: 1000000,
Cold Start: false
Unique ID: 0b52b7db-76d1-4c30-a05d-9fc5d4bf979d,
Billed Duration for Request 0b52b7db-76d1-4c30-a05d-9fc5d4bf979d: 88 ms
Input: 1000000,
Cold Start: false
Unique ID: 1b2378d0-085d-4945-a94a-fdd9d77c17e7,
Billed Duration for Request 1b2378d0-085d-4945-a94a-fdd9d77c17e7: 102 ms
Input: 1000000,
Cold Start: false
Unique ID: 0628f2d8-ca5d-4a24-9ae8-7ff359818eb4,
Billed Duration for Request 0628f2d8-ca5d-4a24-9ae8-7ff359818eb4: 94 ms
Input: 1000000,
Cold Start: false
Unique ID: 46ee1ead-0627-4acb-a942-5eaf0aea80e1,
Billed Duration for Request 46ee1ead-0627-4acb-a942-5eaf0aea80e1: 92 ms
Input: 1000000,
Cold Start: false
Unique ID: 7eeec421-e501-4a43-8921-17650db9cdcf,
Billed Duration for Request 7eeec421-e501-4a43-8921-17650db9cdcf: 106 ms
Input: 1000000,
Cold Start: false
Unique ID: 1fd32a4f-4492-4e32-9f05-687e1077b27c,
Billed Duration for Request 1fd32a4f-4492-4e32-9f05-687e1077b27c: 107 ms
Input: 1000000,
Cold Start: false
Unique ID: f62ba810-9889-46f1-8fe5-409aa1744f08,
Billed Duration for Request f62ba810-9889-46f1-8fe5-409aa1744f08: 92 ms
Input: 1000000,
Cold Start: false
Unique ID: b74ec122-6258-471a-9e30-ec7f2e7b90d5,
Billed Duration for Request b74ec122-6258-471a-9e30-ec7f2e7b90d5: 94 ms
Input: 1000000,
Cold Start: false
Unique ID: 18d03e2e-ea40-4b5a-8192-1b665899c2f2,
Billed Duration for Request 18d03e2e-ea40-4b5a-8192-1b665899c2f2: 93 ms
Input: 1000000,
Cold Start: false
Unique ID: f59869cf-4c33-4680-bc9c-1d34cab9d092,
Billed Duration for Request f59869cf-4c33-4680-bc9c-1d34cab9d092: 107 ms
Input: 1000000,
Cold Start: false
Unique ID: bf4020e2-2f51-45c2-a1ba-f7fb2a332588,
Billed Duration for Request bf4020e2-2f51-45c2-a1ba-f7fb2a332588: 94 ms
Input: 1000000,
Cold Start: false
Unique ID: 7fe9d36c-faa1-4f98-8947-2455d5f8e3a1,
Billed Duration for Request 7fe9d36c-faa1-4f98-8947-2455d5f8e3a1: 92 ms
Input: 1000000,
Cold Start: false
Unique ID: 0bfd0795-48d0-4068-b0c2-339e3386592d,
Billed Duration for Request 0bfd0795-48d0-4068-b0c2-339e3386592d: 102 ms
Input: 1000000,
Cold Start: false
Unique ID: 1e223ae3-427b-4ee9-87c2-ef8274b56102,
Billed Duration for Request 1e223ae3-427b-4ee9-87c2-ef8274b56102: 92 ms
Input: 1000000,
Cold Start: false
Unique ID: 2f8d02cc-88aa-4a6e-b723-b7e255e4407d,
Billed Duration for Request 2f8d02cc-88aa-4a6e-b723-b7e255e4407d: 93 ms
Input: 1000000,
Cold Start: false
Unique ID: 1363dd0f-c03f-4487-a608-ae896cbac134,
Billed Duration for Request 1363dd0f-c03f-4487-a608-ae896cbac134: 102 ms
Input: 1000000,
Cold Start: false
Unique ID: cdbce4be-8d3b-4a45-b270-b66012a1312e,
Billed Duration for Request cdbce4be-8d3b-4a45-b270-b66012a1312e: 93 ms
Input: 1000000,
Cold Start: false
Unique ID: c33a8425-3442-49c0-ac44-e5add670bfbe,
Billed Duration for Request c33a8425-3442-49c0-ac44-e5add670bfbe: 102 ms
Input: 1000000,
Cold Start: false
Unique ID: d7c59a93-af13-40f7-8236-cf628b777455,
Billed Duration for Request d7c59a93-af13-40f7-8236-cf628b777455: 100 ms
Input: 1000000,
Cold Start: false
Unique ID: 9844a827-641c-4e45-ad8c-bd10bf660692,
Billed Duration for Request 9844a827-641c-4e45-ad8c-bd10bf660692: 102 ms
Input: 1000000,
Cold Start: false
Unique ID: 4fc11bb8-78d4-4384-a97f-5c6707a2d363,
Billed Duration for Request 4fc11bb8-78d4-4384-a97f-5c6707a2d363: 93 ms
Input: 1000000,
Cold Start: false
Unique ID: 8d3ab9e6-2aac-4700-a10c-f3f88d410151,
Billed Duration for Request 8d3ab9e6-2aac-4700-a10c-f3f88d410151: 106 ms
Input: 1000000,
Cold Start: false
Unique ID: 71b211b1-cba6-498a-8211-e5a6d031bd0c,
Billed Duration for Request 71b211b1-cba6-498a-8211-e5a6d031bd0c: 97 ms
Input: 1000000,
Cold Start: false
Unique ID: 82e746ae-6443-4bbd-9a6e-1e82f6854de0,
Billed Duration for Request 82e746ae-6443-4bbd-9a6e-1e82f6854de0: 101 ms
Input: 1000000,
Cold Start: false
Unique ID: 7f1c72c6-d193-498d-b554-4cdd662c9c11,
Billed Duration for Request 7f1c72c6-d193-498d-b554-4cdd662c9c11: 106 ms
Input: 1000000,
Cold Start: false
Unique ID: daf9108c-dfb6-4d50-8ec5-d1094b7cba84,
Billed Duration for Request daf9108c-dfb6-4d50-8ec5-d1094b7cba84: 101 ms
Input: 1000000,
Cold Start: false
Unique ID: 34d01ad4-abad-4fb4-9235-e32a7cfa9fc4,
Billed Duration for Request 34d01ad4-abad-4fb4-9235-e32a7cfa9fc4: 93 ms
Input: 1000000,
Cold Start: false
Unique ID: 6d7f22f2-8d82-49ef-a588-7eea23171901,
Billed Duration for Request 6d7f22f2-8d82-49ef-a588-7eea23171901: 98 ms
Input: 1000000,
Cold Start: false
Unique ID: 399cf178-f195-4ab2-9730-ea06a4dcf87e,
Billed Duration for Request 399cf178-f195-4ab2-9730-ea06a4dcf87e: 91 ms
Input: 1000000,
Cold Start: false
Unique ID: 652dc4d1-b75d-48f3-98f9-9756a85b6385,
Billed Duration for Request 652dc4d1-b75d-48f3-98f9-9756a85b6385: 89 ms
Input: 1000000,
Cold Start: false
Unique ID: 5ab448c3-82eb-43ed-a35c-b033c58fd0f2,
Billed Duration for Request 5ab448c3-82eb-43ed-a35c-b033c58fd0f2: 97 ms
Input: 1000000,
Cold Start: false
Unique ID: a87311e3-3758-4c24-a101-b382b1cda8a5,
Billed Duration for Request a87311e3-3758-4c24-a101-b382b1cda8a5: 103 ms
Input: 1000000,
Cold Start: false
Unique ID: 87f89af2-1696-4edf-8ac4-5d91bab909fb,
Billed Duration for Request 87f89af2-1696-4edf-8ac4-5d91bab909fb: 99 ms
Input: 1000000,
Cold Start: false
Unique ID: 6e9f4a59-05ee-4ef2-900c-7347307b3c89,
Billed Duration for Request 6e9f4a59-05ee-4ef2-900c-7347307b3c89: 93 ms
Input: 1000000,
Cold Start: false
Unique ID: f4619a18-e9ec-4fbd-b3c4-8638edffed13,
Billed Duration for Request f4619a18-e9ec-4fbd-b3c4-8638edffed13: 94 ms
Input: 1000000,
Cold Start: false
Unique ID: 0ceb9509-f46c-46a5-8ca4-1f4974bba4fb,
Billed Duration for Request 0ceb9509-f46c-46a5-8ca4-1f4974bba4fb: 93 ms
Input: 1000000,
Cold Start: false
Unique ID: 42fe3065-1b7e-4f50-bc08-61d435616113,
Billed Duration for Request 42fe3065-1b7e-4f50-bc08-61d435616113: 104 ms
Input: 1000000,
Cold Start: false
Unique ID: 4ca75d6a-4338-423c-ae92-8bf4b95db904,
Billed Duration for Request 4ca75d6a-4338-423c-ae92-8bf4b95db904: 92 ms
Input: 1000000,
Cold Start: false
Unique ID: 5f71269a-4bdd-433e-b178-4989b607038d,
Billed Duration for Request 5f71269a-4bdd-433e-b178-4989b607038d: 110 ms
Input: 1000000,
Cold Start: false
Unique ID: 64a8fcb3-7d9b-40c7-80bf-6b048bc3c32c,
Billed Duration for Request 64a8fcb3-7d9b-40c7-80bf-6b048bc3c32c: 123 ms
Input: 1000000,
Cold Start: false
Unique ID: 3817a7a5-87ed-45d1-8411-36796012467a,
Billed Duration for Request 3817a7a5-87ed-45d1-8411-36796012467a: 115 ms
Input: 1000000,
Cold Start: false
Unique ID: 3221d1b3-1f5d-40c4-92ac-588d1cac8d38,
Billed Duration for Request 3221d1b3-1f5d-40c4-92ac-588d1cac8d38: 105 ms
Input: 1000000,
Cold Start: false
Unique ID: b4df5ae6-d546-4b10-9bd2-54e1bd54b81e,
Billed Duration for Request b4df5ae6-d546-4b10-9bd2-54e1bd54b81e: 105 ms
Input: 1000000,
Cold Start: false
Unique ID: b78c51e6-b23a-4060-b1d7-690e8b61ff11,
Billed Duration for Request b78c51e6-b23a-4060-b1d7-690e8b61ff11: 97 ms
Input: 1000000,
Cold Start: false
Unique ID: 85d88c53-00fa-4968-ba7d-d156c1867270,
Billed Duration for Request 85d88c53-00fa-4968-ba7d-d156c1867270: 98 ms
Input: 1000000,
Cold Start: false
Unique ID: cc6dd634-c660-4ee1-965f-e578d451a13e,
Billed Duration for Request cc6dd634-c660-4ee1-965f-e578d451a13e: 140 ms
Input: 1000000,
Cold Start: false
Unique ID: 8c0f3340-9fa8-489a-8b43-1e9ca37014ca,
Billed Duration for Request 8c0f3340-9fa8-489a-8b43-1e9ca37014ca: 105 ms
Input: 1000000,
Cold Start: false
Unique ID: ec7cf098-72a1-4dc3-a77b-5dac2e3937bf,
Billed Duration for Request ec7cf098-72a1-4dc3-a77b-5dac2e3937bf: 107 ms
Input: 1000000,
Cold Start: false
Unique ID: a3428a87-dab1-4cc7-bea5-4de182bbbf43,
Billed Duration for Request a3428a87-dab1-4cc7-bea5-4de182bbbf43: 102 ms
Input: 1000000,
Cold Start: false
Unique ID: cc274553-fc2b-44f5-8736-f0f432624b18,
Billed Duration for Request cc274553-fc2b-44f5-8736-f0f432624b18: 102 ms
Input: 1000000,
Cold Start: false
Unique ID: 019607e3-b66e-4f11-b7e9-dfe514513357,
Billed Duration for Request 019607e3-b66e-4f11-b7e9-dfe514513357: 93 ms
Input: 1000000,
Cold Start: false
Unique ID: 40658bbe-87b4-4860-a02a-3f719c1b0479,
Billed Duration for Request 40658bbe-87b4-4860-a02a-3f719c1b0479: 98 ms
Input: 1000000,
Cold Start: false
Unique ID: 0b2a8b76-4157-456a-9c56-01d967379ee0,
Billed Duration for Request 0b2a8b76-4157-456a-9c56-01d967379ee0: 93 ms
Input: 1000000,
Cold Start: false
Unique ID: 72fb5cc7-4cb3-45a6-bc95-b7b323470af5,
Billed Duration for Request 72fb5cc7-4cb3-45a6-bc95-b7b323470af5: 89 ms
Input: 1000000,
Cold Start: false
Unique ID: 3aca3ca1-6e27-46fa-847b-0e2486e24172,
Billed Duration for Request 3aca3ca1-6e27-46fa-847b-0e2486e24172: 102 ms
Input: 1000000,
Cold Start: false
Unique ID: 952349a4-4f7c-49d3-be8b-e568ebd2c611,
Billed Duration for Request 952349a4-4f7c-49d3-be8b-e568ebd2c611: 105 ms
Input: 1000000,
Cold Start: false
Unique ID: ca877031-8f04-4e01-b1ee-b498ad94dee0,
Billed Duration for Request ca877031-8f04-4e01-b1ee-b498ad94dee0: 106 ms
Input: 1000000,
Cold Start: false
Unique ID: a20db803-34cd-4a18-8bbb-4a06c030f535,
Billed Duration for Request a20db803-34cd-4a18-8bbb-4a06c030f535: 101 ms
Input: 1000000,
Cold Start: false
Unique ID: 593c5634-0dd3-4166-aa7e-648f1211ea42,
Billed Duration for Request 593c5634-0dd3-4166-aa7e-648f1211ea42: 93 ms
Input: 1000000,
Cold Start: false
Unique ID: 5d32b2a2-67f8-49b6-a631-c2c745467a1e,
Billed Duration for Request 5d32b2a2-67f8-49b6-a631-c2c745467a1e: 102 ms
Input: 1000000,
Cold Start: false
Unique ID: c1ffddc5-dc62-4e6b-8fdd-1202a39b18df,
Billed Duration for Request c1ffddc5-dc62-4e6b-8fdd-1202a39b18df: 98 ms
Input: 1000000,
Cold Start: false
Unique ID: 0f614618-404d-4a69-828b-2fb6f6ba1675,
Billed Duration for Request 0f614618-404d-4a69-828b-2fb6f6ba1675: 110 ms
Input: 1000000,
Cold Start: false
Unique ID: 118fc884-8d6f-4b56-9111-d44307737ed0,
Billed Duration for Request 118fc884-8d6f-4b56-9111-d44307737ed0: 101 ms
Input: 1000000,
Cold Start: false
Unique ID: 780c3898-c6e1-4576-97d3-d35aaf4035c1,
Billed Duration for Request 780c3898-c6e1-4576-97d3-d35aaf4035c1: 93 ms
Input: 1000000,
Cold Start: false
Unique ID: cdf6f9aa-4c88-4215-a56c-6e83b629bd3b,
Billed Duration for Request cdf6f9aa-4c88-4215-a56c-6e83b629bd3b: 102 ms
Input: 1000000,
Cold Start: false
Unique ID: 497e03b7-06b5-47f8-88ef-0ea4cf512e2d,
Billed Duration for Request 497e03b7-06b5-47f8-88ef-0ea4cf512e2d: 94 ms
Input: 1000000,
Cold Start: false
Unique ID: b6c0ddd3-12ee-4b51-9b28-baf213a74bb6,
Billed Duration for Request b6c0ddd3-12ee-4b51-9b28-baf213a74bb6: 106 ms
Input: 1000000,
Cold Start: false
Unique ID: b5d2be29-8372-435a-ac2e-b891d8703b0f,
Billed Duration for Request b5d2be29-8372-435a-ac2e-b891d8703b0f: 94 ms
Input: 1000000,
Cold Start: false
Unique ID: 704b5d9c-c2ea-4d6c-a5d1-654cf522073c,
Billed Duration for Request 704b5d9c-c2ea-4d6c-a5d1-654cf522073c: 105 ms
Input: 1000000,
Cold Start: false
Unique ID: 934ac543-6184-4498-8b56-ceaa697d23d2,
Billed Duration for Request 934ac543-6184-4498-8b56-ceaa697d23d2: 102 ms
Input: 1000000,
Cold Start: false
Unique ID: 694d27a2-8f56-4467-b524-fa0f72c682b5,
Billed Duration for Request 694d27a2-8f56-4467-b524-fa0f72c682b5: 90 ms
Input: 1000000,
Cold Start: false
Unique ID: 5b1c8647-de8b-4b23-bf48-4d23191f5dc5,
Billed Duration for Request 5b1c8647-de8b-4b23-bf48-4d23191f5dc5: 93 ms
Input: 1000000,
Cold Start: false
Unique ID: f50e3adf-196f-4c40-ba1c-c1fcd981dd87,
Billed Duration for Request f50e3adf-196f-4c40-ba1c-c1fcd981dd87: 93 ms
Input: 1000000,
Cold Start: false
Unique ID: 66eeb2e0-a128-4779-a35e-d02df19d4d7c,
Billed Duration for Request 66eeb2e0-a128-4779-a35e-d02df19d4d7c: 102 ms
Input: 1000000,
Cold Start: false
Unique ID: d329068d-09f1-4b64-b837-5aa17ba4c52c,
Billed Duration for Request d329068d-09f1-4b64-b837-5aa17ba4c52c: 94 ms
Input: 1000000,
Cold Start: false
Unique ID: 5dab581c-504e-4096-8f7b-efc5ab358e39,
Billed Duration for Request 5dab581c-504e-4096-8f7b-efc5ab358e39: 105 ms
Input: 1000000,
Cold Start: false
Unique ID: 4bf5969b-d969-49f3-877b-10d1cf82d4ef,
Billed Duration for Request 4bf5969b-d969-49f3-877b-10d1cf82d4ef: 93 ms
Input: 1000000,
Cold Start: false
Unique ID: 5ba273fa-1069-4a87-a8f2-aa45dd28de81,
Billed Duration for Request 5ba273fa-1069-4a87-a8f2-aa45dd28de81: 94 ms
Input: 1000000,
Cold Start: false
Unique ID: 2ceda0fc-859e-498c-a32b-a024bbc09e81,
Billed Duration for Request 2ceda0fc-859e-498c-a32b-a024bbc09e81: 106 ms
Input: 1000000,
Cold Start: false
Unique ID: 26ab44cd-65c1-446d-b8c7-bfb1126363dd,
Billed Duration for Request 26ab44cd-65c1-446d-b8c7-bfb1126363dd: 94 ms
Input: 1000000,
Cold Start: false
Unique ID: c48227ac-51cf-4c0f-b480-62500d836735,
Billed Duration for Request c48227ac-51cf-4c0f-b480-62500d836735: 101 ms
Input: 1000000,
Cold Start: false
Unique ID: 28436213-4e1e-4e34-b26c-b97b51e919a0,
Billed Duration for Request 28436213-4e1e-4e34-b26c-b97b51e919a0: 115 ms
Input: 1000000,
Cold Start: false
Unique ID: f6d9a671-20f3-402b-b725-3b2720065eb4,
Billed Duration for Request f6d9a671-20f3-402b-b725-3b2720065eb4: 106 ms
Input: 1000000,
Cold Start: false
Unique ID: c1d41885-f8df-48cc-b0b0-314874f96d9c,
Billed Duration for Request c1d41885-f8df-48cc-b0b0-314874f96d9c: 105 ms
Input: 1000000,
Cold Start: false
Unique ID: bded33a5-ae74-490a-a217-1f59b0ffceef,
Billed Duration for Request bded33a5-ae74-490a-a217-1f59b0ffceef: 113 ms
Input: 1000000,
Cold Start: false
Unique ID: 30abba1a-0f5e-4a7c-a47b-0dd7cd54e633,
Billed Duration for Request 30abba1a-0f5e-4a7c-a47b-0dd7cd54e633: 90 ms
Input: 1000000,
Cold Start: false
Unique ID: 13b8dff3-baf1-456f-9c7b-2e6d85b60723,
Billed Duration for Request 13b8dff3-baf1-456f-9c7b-2e6d85b60723: 102 ms
Input: 1000000,
Cold Start: false
Unique ID: 8b26a948-e92e-4708-924b-e200f26d11ab,
Billed Duration for Request 8b26a948-e92e-4708-924b-e200f26d11ab: 98 ms
Input: 1000000,
Cold Start: false
Unique ID: ba73da80-07eb-4700-bfef-a682726be5a4,
Billed Duration for Request ba73da80-07eb-4700-bfef-a682726be5a4: 92 ms
Input: 1000000,
Cold Start: false
Unique ID: cb649fef-9b4f-4337-921b-d28326dfc4b3,
Billed Duration for Request cb649fef-9b4f-4337-921b-d28326dfc4b3: 98 ms
Input: 1000000,
Cold Start: false
Unique ID: 52b85331-ecd6-429e-bca3-52a31806d3ae,
Billed Duration for Request 52b85331-ecd6-429e-bca3-52a31806d3ae: 107 ms
Input: 1000000,
Cold Start: false
Unique ID: 8fceb99f-b3a2-4741-b36d-b0fe8215781d,
Billed Duration for Request 8fceb99f-b3a2-4741-b36d-b0fe8215781d: 108 ms
Input: 1000000,
Cold Start: false
Unique ID: 23a3afb3-c0f3-4bd8-a32b-d86729663b1c,
Billed Duration for Request 23a3afb3-c0f3-4bd8-a32b-d86729663b1c: 98 ms
Input: 1000000,
Cold Start: false
Unique ID: 057f8c50-f414-4dcb-9b58-08b906cbb7e2,
Billed Duration for Request 057f8c50-f414-4dcb-9b58-08b906cbb7e2: 98 ms
Input: 1000000,
Cold Start: false
Unique ID: c4c7547c-55a5-4b7a-b4d8-7aa03e323055,
Billed Duration for Request c4c7547c-55a5-4b7a-b4d8-7aa03e323055: 106 ms
Input: 1000000,
Cold Start: false
Unique ID: bdbea1e5-ff69-4e55-91b7-dfdb84227634,
Billed Duration for Request bdbea1e5-ff69-4e55-91b7-dfdb84227634: 94 ms
Input: 1000000,
Cold Start: false
Unique ID: 43e4f454-71c0-49ed-a993-2124b3c9914a,
Billed Duration for Request 43e4f454-71c0-49ed-a993-2124b3c9914a: 111 ms
Input: 1000000,
Cold Start: false
Unique ID: dc0eef56-dadc-4d1e-b0a1-4440bedea3e7,
Billed Duration for Request dc0eef56-dadc-4d1e-b0a1-4440bedea3e7: 105 ms
Input: 1000000,
Cold Start: false
Unique ID: b22f8bfe-64d5-405b-85ab-8b053e0f733f,
Billed Duration for Request b22f8bfe-64d5-405b-85ab-8b053e0f733f: 101 ms
Input: 1000000,
Cold Start: false
Unique ID: 6eb68cb0-53f0-4fbf-b98c-aff93ff2cf19,
Billed Duration for Request 6eb68cb0-53f0-4fbf-b98c-aff93ff2cf19: 101 ms
Input: 1000000,
Cold Start: false
Unique ID: 2fad5586-7408-4f1d-be13-cc00bdd75749,
Billed Duration for Request 2fad5586-7408-4f1d-be13-cc00bdd75749: 93 ms
Input: 1000000,
Cold Start: false
Unique ID: a800fa5b-ed6c-4cff-be43-0b47982f19ca,
Billed Duration for Request a800fa5b-ed6c-4cff-be43-0b47982f19ca: 105 ms
Input: 1000000,
Cold Start: false
Unique ID: b201d1ea-b667-4509-9dff-74a83c36b71a,
Billed Duration for Request b201d1ea-b667-4509-9dff-74a83c36b71a: 107 ms
Input: 1000000,
Cold Start: false
Unique ID: d8ba5fa8-710d-426e-aa02-4469b98ba0b6,
Billed Duration for Request d8ba5fa8-710d-426e-aa02-4469b98ba0b6: 101 ms
Input: 1000000,
Cold Start: false
Unique ID: 30831c36-eb8a-4ce4-b22d-4d0bdea9648c,
Billed Duration for Request 30831c36-eb8a-4ce4-b22d-4d0bdea9648c: 94 ms
Input: 1000000,
Cold Start: false
Unique ID: 7f8ff2c7-99e8-4b35-9933-0d69918e10e1,
Billed Duration for Request 7f8ff2c7-99e8-4b35-9933-0d69918e10e1: 100 ms
Input: 1000000,
Cold Start: false
Unique ID: 45a55a38-45c7-4f7b-bfc6-55413165a288,
Billed Duration for Request 45a55a38-45c7-4f7b-bfc6-55413165a288: 102 ms
Input: 1000000,
Cold Start: false
Unique ID: 4fb947fc-b0d9-4fd1-88f3-168d37fecd11,
Billed Duration for Request 4fb947fc-b0d9-4fd1-88f3-168d37fecd11: 97 ms
Input: 1000000,
Cold Start: false
Unique ID: 8224c83f-571f-41a9-9945-0611fa39cfee,
Billed Duration for Request 8224c83f-571f-41a9-9945-0611fa39cfee: 98 ms
Input: 1000000,
Cold Start: false
Unique ID: a4a41f9c-ca80-48f3-af7c-d75ab7f78e2c,
Billed Duration for Request a4a41f9c-ca80-48f3-af7c-d75ab7f78e2c: 101 ms
Input: 1000000,
Cold Start: false
Unique ID: 20da9dc4-d1d8-4aa3-80b5-a09c0c221d7f,
Billed Duration for Request 20da9dc4-d1d8-4aa3-80b5-a09c0c221d7f: 105 ms
Input: 1000000,
Cold Start: false
Unique ID: 747e1859-c0e4-4278-8c57-c9e30351139a,
Billed Duration for Request 747e1859-c0e4-4278-8c57-c9e30351139a: 93 ms
Input: 1000000,
Cold Start: false
Unique ID: 403e314c-c134-437f-a110-9f3960137fd2,
Billed Duration for Request 403e314c-c134-437f-a110-9f3960137fd2: 106 ms
Input: 1000000,
Cold Start: false
Unique ID: a0603f04-b63d-435a-afdc-7cd4c93f7173,
Billed Duration for Request a0603f04-b63d-435a-afdc-7cd4c93f7173: 101 ms
Input: 1000000,
Cold Start: false
Unique ID: 80654a9a-ff91-4f87-aed0-2b833649c5c2,
Billed Duration for Request 80654a9a-ff91-4f87-aed0-2b833649c5c2: 92 ms
Input: 1000000,
Cold Start: false
Unique ID: f6d638c9-bf43-4974-b7ff-03f6bdbf46fd,
Billed Duration for Request f6d638c9-bf43-4974-b7ff-03f6bdbf46fd: 93 ms
Input: 1000000,
Cold Start: false
Unique ID: c52bb64d-735d-4ea9-82b3-13e1fa532186,
Billed Duration for Request c52bb64d-735d-4ea9-82b3-13e1fa532186: 105 ms
Input: 1000000,
Cold Start: false
Unique ID: b3254630-2862-4f92-b442-a01516b7ede4,
Billed Duration for Request b3254630-2862-4f92-b442-a01516b7ede4: 114 ms
Input: 1000000,
Cold Start: false
Unique ID: 16d0fad1-5549-47d1-92fc-1bd9fefbed4b,
Billed Duration for Request 16d0fad1-5549-47d1-92fc-1bd9fefbed4b: 107 ms
Input: 1000000,
Cold Start: false
Unique ID: 79346e9b-d657-42a7-9964-65cd0d8c967e,
Billed Duration for Request 79346e9b-d657-42a7-9964-65cd0d8c967e: 89 ms
Input: 1000000,
Cold Start: false
Unique ID: 5bd0ed5c-855f-4afa-981c-2ec5d9c9f081,
Billed Duration for Request 5bd0ed5c-855f-4afa-981c-2ec5d9c9f081: 102 ms
Input: 1000000,
Cold Start: false
Unique ID: 251f2bd8-4998-4665-861d-bf21e3e28e8f,
Billed Duration for Request 251f2bd8-4998-4665-861d-bf21e3e28e8f: 101 ms
Input: 1000000,
Cold Start: false
Unique ID: f7c2c874-63f0-41d2-be37-e8cb5c21baf1,
Billed Duration for Request f7c2c874-63f0-41d2-be37-e8cb5c21baf1: 101 ms
Input: 1000000,
Cold Start: false
Unique ID: c0a0ba16-811b-4451-84c5-0c4c9028cbc7,
Billed Duration for Request c0a0ba16-811b-4451-84c5-0c4c9028cbc7: 102 ms
Input: 1000000,
Cold Start: false
Unique ID: 8c8796a8-1615-4c78-8b99-9fd70daeeed5,
Billed Duration for Request 8c8796a8-1615-4c78-8b99-9fd70daeeed5: 100 ms
Input: 1000000,
Cold Start: false
Unique ID: 43d24cde-119c-485d-b9d9-c801de227126,
Billed Duration for Request 43d24cde-119c-485d-b9d9-c801de227126: 112 ms
Input: 1000000,
Cold Start: false
Unique ID: 2c55b53c-0e40-4904-b9db-1c4a902672b3,
Billed Duration for Request 2c55b53c-0e40-4904-b9db-1c4a902672b3: 98 ms
Input: 1000000,
Cold Start: false
Unique ID: 5096983d-a505-46be-9d10-4e05d3674362,
Billed Duration for Request 5096983d-a505-46be-9d10-4e05d3674362: 101 ms
Input: 1000000,
Cold Start: false
Unique ID: 2d3698fe-db2e-4963-aa02-72c951ef2423,
Billed Duration for Request 2d3698fe-db2e-4963-aa02-72c951ef2423: 98 ms
Input: 1000000,
Cold Start: false
Unique ID: a02ba72d-54bd-4bf3-b6e3-930aa3b12800,
Billed Duration for Request a02ba72d-54bd-4bf3-b6e3-930aa3b12800: 101 ms
Input: 1000000,
Cold Start: false
Unique ID: 21186b5c-c184-4d64-83c7-2b5b84681e1f,
Billed Duration for Request 21186b5c-c184-4d64-83c7-2b5b84681e1f: 105 ms
Input: 1000000,
Cold Start: false
Unique ID: 9b75fffe-ef67-45de-8b1d-b29c634d1da5,
Billed Duration for Request 9b75fffe-ef67-45de-8b1d-b29c634d1da5: 89 ms
Input: 1000000,
Cold Start: false
Unique ID: 277528a8-ae23-46a7-a647-6166207eeba0,
Billed Duration for Request 277528a8-ae23-46a7-a647-6166207eeba0: 102 ms
Input: 1000000,
Cold Start: false
Unique ID: 5a09b4b2-952a-414c-a7ed-5082c64ef278,
Billed Duration for Request 5a09b4b2-952a-414c-a7ed-5082c64ef278: 101 ms
Input: 1000000,
Cold Start: false
Unique ID: 8aba0d53-7802-46a8-a2a1-725bba2a9723,
Billed Duration for Request 8aba0d53-7802-46a8-a2a1-725bba2a9723: 97 ms
Input: 1000000,
Cold Start: false
Unique ID: 9cb37e3c-d042-4956-b978-f601e643b5d6,
Billed Duration for Request 9cb37e3c-d042-4956-b978-f601e643b5d6: 95 ms
Input: 1000000,
Cold Start: false
Unique ID: afb0d0a7-2c16-4c0e-95f4-1a92a2554091,
Billed Duration for Request afb0d0a7-2c16-4c0e-95f4-1a92a2554091: 109 ms
Input: 1000000,
Cold Start: false
Unique ID: e942ff12-ba46-4ee3-9a1c-dba84693fe44,
Billed Duration for Request e942ff12-ba46-4ee3-9a1c-dba84693fe44: 111 ms
Input: 1000000,
Cold Start: false
Unique ID: e287f9e8-4f9e-4b5c-b708-50524b6e09df,
Billed Duration for Request e287f9e8-4f9e-4b5c-b708-50524b6e09df: 124 ms
Input: 1000000,
Cold Start: false
Unique ID: 8c8b2a2b-a1db-46b9-9151-9f7bb7b18389,
Billed Duration for Request 8c8b2a2b-a1db-46b9-9151-9f7bb7b18389: 129 ms
Input: 1000000,
Cold Start: false
Unique ID: d540e3e7-9c66-4d82-8e49-b3d133373714,
Billed Duration for Request d540e3e7-9c66-4d82-8e49-b3d133373714: 124 ms
Input: 1000000,
Cold Start: false
Unique ID: 5397fbf8-8e31-41bc-b47f-b1f4aec3386c,
Billed Duration for Request 5397fbf8-8e31-41bc-b47f-b1f4aec3386c: 119 ms
Input: 1000000,
Cold Start: false
Unique ID: dbb57e0e-0a83-4211-844f-391ef8c4899f,
Billed Duration for Request dbb57e0e-0a83-4211-844f-391ef8c4899f: 93 ms
Input: 1000000,
Cold Start: false
Unique ID: 9c790a0d-1e1d-415b-a0a1-f06ff4d5eb75,
Billed Duration for Request 9c790a0d-1e1d-415b-a0a1-f06ff4d5eb75: 102 ms
Input: 1000000,
Cold Start: false
Unique ID: 483dc2d2-7a79-4f83-bc0b-4f10c0c8e98b,
Billed Duration for Request 483dc2d2-7a79-4f83-bc0b-4f10c0c8e98b: 93 ms
Input: 1000000,
Cold Start: false
Unique ID: 017cb3b0-cb40-4d97-b708-759bcd86b059,
Billed Duration for Request 017cb3b0-cb40-4d97-b708-759bcd86b059: 93 ms
Input: 1000000,
Cold Start: false
Unique ID: 910bbe66-7668-4118-a80d-6e6622732b86,
Billed Duration for Request 910bbe66-7668-4118-a80d-6e6622732b86: 102 ms
Input: 1000000,
Cold Start: false
Unique ID: 8809ae5e-99d0-40bd-8dc1-289a9f29abe9,
Billed Duration for Request 8809ae5e-99d0-40bd-8dc1-289a9f29abe9: 92 ms
Input: 1000000,
Cold Start: false
Unique ID: 6b915df5-fe27-488c-92e2-0e2341f3d313,
Billed Duration for Request 6b915df5-fe27-488c-92e2-0e2341f3d313: 106 ms
Input: 1000000,
Cold Start: false
Unique ID: 4f0b2230-5e03-4517-b3d0-f07974749221,
Billed Duration for Request 4f0b2230-5e03-4517-b3d0-f07974749221: 94 ms
Input: 1000000,
Cold Start: false
Unique ID: fed556e6-79cd-4be3-909a-c74441a854eb,
Billed Duration for Request fed556e6-79cd-4be3-909a-c74441a854eb: 102 ms
Input: 1000000,
Cold Start: false
Unique ID: 7c689f86-7e32-4ada-82f3-058ad221b95c,
Billed Duration for Request 7c689f86-7e32-4ada-82f3-058ad221b95c: 101 ms
Input: 1000000,
Cold Start: false
Unique ID: 356a1dcd-2fd1-4a4a-97ba-39e0c6f8a019,
Billed Duration for Request 356a1dcd-2fd1-4a4a-97ba-39e0c6f8a019: 93 ms
Input: 1000000,
Cold Start: false
Unique ID: 7c695eb9-c7a2-408a-9c95-7623857cbe5e,
Billed Duration for Request 7c695eb9-c7a2-408a-9c95-7623857cbe5e: 90 ms
Input: 1000000,
Cold Start: false
Unique ID: 1ab53af4-3647-48f6-9ad4-8a24f40829b8,
Billed Duration for Request 1ab53af4-3647-48f6-9ad4-8a24f40829b8: 98 ms
Input: 1000000,
Cold Start: false
Unique ID: 03c627ff-e53b-4ef6-a818-a187e53de0e6,
Billed Duration for Request 03c627ff-e53b-4ef6-a818-a187e53de0e6: 106 ms
Input: 1000000,
Cold Start: false
Unique ID: 623d563e-540c-4638-b715-c829501971f2,
Billed Duration for Request 623d563e-540c-4638-b715-c829501971f2: 111 ms
Input: 1000000,
Cold Start: false
Unique ID: 5b499444-19c7-4f88-9d89-8af278503fb4,
Billed Duration for Request 5b499444-19c7-4f88-9d89-8af278503fb4: 101 ms
Input: 1000000,
Cold Start: false
Unique ID: b40c1337-288c-4060-a205-78b06f104a14,
Billed Duration for Request b40c1337-288c-4060-a205-78b06f104a14: 93 ms
Input: 1000000,
Cold Start: false
Unique ID: 8f3cfb03-e986-4ed7-b8f6-6e7e79bd6371,
Billed Duration for Request 8f3cfb03-e986-4ed7-b8f6-6e7e79bd6371: 94 ms
Input: 1000000,
Cold Start: false
Unique ID: 1d355487-a574-4618-a978-a0545499202c,
Billed Duration for Request 1d355487-a574-4618-a978-a0545499202c: 93 ms
Input: 1000000,
Cold Start: false
Unique ID: 4f812c79-3a2d-486e-8d42-8d165154c496,
Billed Duration for Request 4f812c79-3a2d-486e-8d42-8d165154c496: 106 ms
Input: 1000000,
Cold Start: false
Unique ID: 55506f58-4a53-4eea-aa10-068e2a3674e6,
Billed Duration for Request 55506f58-4a53-4eea-aa10-068e2a3674e6: 106 ms
Input: 1000000,
Cold Start: false
Unique ID: 9eaf66d9-66ca-4ae6-a5ba-e2b60c6604ad,
Billed Duration for Request 9eaf66d9-66ca-4ae6-a5ba-e2b60c6604ad: 106 ms
Input: 1000000,
Cold Start: false
Unique ID: 8da87ad7-635e-4ed9-80dc-bd558ad5748f,
Billed Duration for Request 8da87ad7-635e-4ed9-80dc-bd558ad5748f: 94 ms
Input: 1000000,
Cold Start: false
Unique ID: 8d81ae10-609a-47b5-9e97-3d4b55f5eefa,
Billed Duration for Request 8d81ae10-609a-47b5-9e97-3d4b55f5eefa: 102 ms
Input: 1000000,
Cold Start: false
Unique ID: 3fd6cca0-9a25-4299-a5ad-7b7f3309d36a,
Billed Duration for Request 3fd6cca0-9a25-4299-a5ad-7b7f3309d36a: 97 ms
Input: 1000000,
Cold Start: false
Unique ID: 7e3c4361-e38c-4362-a41f-e0bf26b68eb7,
Billed Duration for Request 7e3c4361-e38c-4362-a41f-e0bf26b68eb7: 97 ms
Input: 1000000,
Cold Start: false
Unique ID: 8663029a-dee1-4dab-b3aa-21277cab56d3,
Billed Duration for Request 8663029a-dee1-4dab-b3aa-21277cab56d3: 100 ms
Input: 1000000,
Cold Start: false
Unique ID: 7b5ff533-8415-45f8-9fec-e0bceda7a8ee,
Billed Duration for Request 7b5ff533-8415-45f8-9fec-e0bceda7a8ee: 107 ms
Input: 1000000,
Cold Start: false
Unique ID: 4fca52dc-d2dc-41d7-8c70-6f6cd0b1eb35,
Billed Duration for Request 4fca52dc-d2dc-41d7-8c70-6f6cd0b1eb35: 98 ms
Input: 1000000,
Cold Start: false
Unique ID: 8b64b0c8-50d2-4f3f-b97b-3da3310be869,
Billed Duration for Request 8b64b0c8-50d2-4f3f-b97b-3da3310be869: 105 ms
Input: 1000000,
Cold Start: false
Unique ID: 2d577446-f7a2-4372-97d5-6d8c1b3be9e3,
Billed Duration for Request 2d577446-f7a2-4372-97d5-6d8c1b3be9e3: 106 ms
Input: 1000000,
Cold Start: false
Unique ID: 833536de-1948-4970-8108-5c9cd8bbd7e8,
Billed Duration for Request 833536de-1948-4970-8108-5c9cd8bbd7e8: 104 ms
Input: 1000000,
Cold Start: false
Unique ID: dbfb3a9b-049c-4ccf-a951-2a3ba08be8f0,
Billed Duration for Request dbfb3a9b-049c-4ccf-a951-2a3ba08be8f0: 105 ms
Input: 1000000,
Cold Start: false
Unique ID: 38079825-7396-4f47-9861-b681cb0e6cba,
Billed Duration for Request 38079825-7396-4f47-9861-b681cb0e6cba: 101 ms
Input: 1000000,
Cold Start: false
Unique ID: 752f382b-0950-4172-a37c-763c25970b61,
Billed Duration for Request 752f382b-0950-4172-a37c-763c25970b61: 98 ms
Input: 1000000,
Cold Start: false
Unique ID: 2a073cf7-5375-4d07-8887-37633338fe76,
Billed Duration for Request 2a073cf7-5375-4d07-8887-37633338fe76: 101 ms
Input: 1000000,
Cold Start: false
Unique ID: b00a86cf-6dd3-435a-96e7-73daa0a94c68,
Billed Duration for Request b00a86cf-6dd3-435a-96e7-73daa0a94c68: 108 ms
Input: 1000000,
Cold Start: false
Unique ID: db7776ee-5e49-45d3-abd2-9760a47c08e8,
Billed Duration for Request db7776ee-5e49-45d3-abd2-9760a47c08e8: 93 ms
Input: 1000000,
Cold Start: false
Unique ID: 15dd814a-7b08-41a4-9c67-8bfd7b849813,
Billed Duration for Request 15dd814a-7b08-41a4-9c67-8bfd7b849813: 94 ms
Input: 1000000,
Cold Start: false
Unique ID: 933123f5-5df0-4be3-b8d4-ec27ec13f7b2,
Billed Duration for Request 933123f5-5df0-4be3-b8d4-ec27ec13f7b2: 110 ms
Input: 1000000,
Cold Start: false
Unique ID: 358020b9-e569-4970-ac39-6dd2b38ed909,
Billed Duration for Request 358020b9-e569-4970-ac39-6dd2b38ed909: 97 ms
Input: 1000000,
Cold Start: false
Unique ID: 67e12039-4902-4881-8f52-441ab65f7da9,
Billed Duration for Request 67e12039-4902-4881-8f52-441ab65f7da9: 106 ms
Input: 1000000,
Cold Start: false
Unique ID: e8a5ce30-c23f-4291-bb97-abf1e6c44319,
Billed Duration for Request e8a5ce30-c23f-4291-bb97-abf1e6c44319: 93 ms
Input: 1000000,
Cold Start: false
Unique ID: 83e41419-4df1-4cae-b0df-ed8c7b73de83,
Billed Duration for Request 83e41419-4df1-4cae-b0df-ed8c7b73de83: 94 ms
Input: 1000000,
Cold Start: false
Unique ID: 3b4508fe-4981-4bfe-8a82-53c80ac8470e,
Billed Duration for Request 3b4508fe-4981-4bfe-8a82-53c80ac8470e: 98 ms
Input: 1000000,
Cold Start: false
Unique ID: 98108ff2-a7d6-4c97-92f5-f6d57b57c954,
Billed Duration for Request 98108ff2-a7d6-4c97-92f5-f6d57b57c954: 107 ms
Input: 1000000,
Cold Start: false
Unique ID: 415944ad-5326-41b4-ac04-d16755afac0d,
Billed Duration for Request 415944ad-5326-41b4-ac04-d16755afac0d: 98 ms
Input: 1000000,
Cold Start: false
Unique ID: 9111c39d-0056-4aa9-9e83-a88d60109b64,
Billed Duration for Request 9111c39d-0056-4aa9-9e83-a88d60109b64: 103 ms
Input: 1000000,
Cold Start: false
Unique ID: 862a4a73-25a2-4381-ab8e-4097535b2e62,
Billed Duration for Request 862a4a73-25a2-4381-ab8e-4097535b2e62: 107 ms
Input: 1000000,
Cold Start: false
Unique ID: f800d8d0-3219-4c74-adbf-57671cf12cd3,
Billed Duration for Request f800d8d0-3219-4c74-adbf-57671cf12cd3: 106 ms
Input: 1000000,
Cold Start: false
Unique ID: 6dd9ed95-6cb9-442f-b3a0-fc0d3138c390,
Billed Duration for Request 6dd9ed95-6cb9-442f-b3a0-fc0d3138c390: 98 ms
Input: 1000000,
Cold Start: false
Unique ID: 980a6fac-17d9-48a6-9b28-527b5bdf4715,
Billed Duration for Request 980a6fac-17d9-48a6-9b28-527b5bdf4715: 105 ms
Input: 1000000,
Cold Start: false
Unique ID: 9983be63-d315-4e1c-bfd2-e2871bf21e13,
Billed Duration for Request 9983be63-d315-4e1c-bfd2-e2871bf21e13: 92 ms
Input: 1000000,
Cold Start: false
Unique ID: b32c806b-f6b5-4839-a4d1-e81bc06d0680,
Billed Duration for Request b32c806b-f6b5-4839-a4d1-e81bc06d0680: 93 ms
Input: 1000000,
Cold Start: false
Unique ID: 1b344e6f-620f-467a-8fe0-c511de94328a,
Billed Duration for Request 1b344e6f-620f-467a-8fe0-c511de94328a: 109 ms
Input: 1000000,
Cold Start: false
Unique ID: a7d96f2a-8da2-4481-825c-66a5b8536331,
Billed Duration for Request a7d96f2a-8da2-4481-825c-66a5b8536331: 110 ms
Input: 1000000,
Cold Start: false
Unique ID: be86072d-05a2-4e4c-b030-4f9435e9b266,
Billed Duration for Request be86072d-05a2-4e4c-b030-4f9435e9b266: 98 ms
Input: 1000000,
Cold Start: false
Unique ID: f5f0b233-f2a2-4fb4-a900-76d048c8e726,
Billed Duration for Request f5f0b233-f2a2-4fb4-a900-76d048c8e726: 108 ms
Input: 1000000,
Cold Start: false
Unique ID: 5a58ebf4-eac0-4ef4-b63a-308711e3476b,
Billed Duration for Request 5a58ebf4-eac0-4ef4-b63a-308711e3476b: 94 ms
Input: 1000000,
Cold Start: false
Unique ID: db976cbe-8e53-4fc0-bc00-b4284242e2a6,
Billed Duration for Request db976cbe-8e53-4fc0-bc00-b4284242e2a6: 93 ms
Input: 1000000,
Cold Start: false
Unique ID: 8421d0f0-e96b-4ce3-8ff1-a1b475141fdb,
Billed Duration for Request 8421d0f0-e96b-4ce3-8ff1-a1b475141fdb: 102 ms
Input: 1000000,
Cold Start: false
Unique ID: 439052f6-0829-45c7-bfe2-edaa5352b114,
Billed Duration for Request 439052f6-0829-45c7-bfe2-edaa5352b114: 87 ms
Input: 1000000,
Cold Start: false
Unique ID: 6ea832e9-8662-46f1-998d-b3b7b525fc16,
Billed Duration for Request 6ea832e9-8662-46f1-998d-b3b7b525fc16: 99 ms
Input: 1000000,
Cold Start: false
Unique ID: 894a0574-1164-4fa3-bca5-f324a54947b8,
Billed Duration for Request 894a0574-1164-4fa3-bca5-f324a54947b8: 101 ms
Input: 1000000,
Cold Start: false
Unique ID: 6d250ebe-521c-445e-a143-b7c3af92b08f,
Billed Duration for Request 6d250ebe-521c-445e-a143-b7c3af92b08f: 105 ms
Input: 1000000,
Cold Start: false
Unique ID: 57182578-fae0-40fe-bbfe-09d9d0048af0,
Billed Duration for Request 57182578-fae0-40fe-bbfe-09d9d0048af0: 94 ms
Input: 1000000,
Cold Start: false
Unique ID: c9e79d86-afb0-4f49-be41-33d3bea114f5,
Billed Duration for Request c9e79d86-afb0-4f49-be41-33d3bea114f5: 102 ms
Input: 1000000,
Cold Start: false
Unique ID: 69974256-9a52-46de-837c-c48a0b350b23,
Billed Duration for Request 69974256-9a52-46de-837c-c48a0b350b23: 106 ms
Input: 1000000,
Cold Start: false
Unique ID: a4591e33-5917-48cf-b084-c2d1958424c5,
Billed Duration for Request a4591e33-5917-48cf-b084-c2d1958424c5: 94 ms
Input: 1000000,
Cold Start: false
Unique ID: fb6d9567-6957-45e5-a2e7-95237f5a05f0,
Billed Duration for Request fb6d9567-6957-45e5-a2e7-95237f5a05f0: 106 ms
Input: 1000000,
Cold Start: false
Unique ID: a45f44f7-f10c-4efe-b3f5-9b170bc49942,
Billed Duration for Request a45f44f7-f10c-4efe-b3f5-9b170bc49942: 93 ms
Input: 1000000,
Cold Start: false
Unique ID: 8787a87a-db7a-40f5-816c-699b85f054d6,
Billed Duration for Request 8787a87a-db7a-40f5-816c-699b85f054d6: 103 ms
Input: 1000000,
Cold Start: false
Unique ID: b43de713-a7ca-4a7d-aa60-3791d673bf89,
Billed Duration for Request b43de713-a7ca-4a7d-aa60-3791d673bf89: 93 ms
Input: 1000000,
Cold Start: false
Unique ID: a5031a17-e059-45c7-b620-983da2adf0a1,
Billed Duration for Request a5031a17-e059-45c7-b620-983da2adf0a1: 105 ms
Input: 1000000,
Cold Start: false
Unique ID: d53ccb95-0500-4c76-82e7-c9fbea4ad604,
Billed Duration for Request d53ccb95-0500-4c76-82e7-c9fbea4ad604: 101 ms
Input: 1000000,
Cold Start: false
Unique ID: d38ebfe8-cd21-4a8c-9af4-75be74a0fbae,
Billed Duration for Request d38ebfe8-cd21-4a8c-9af4-75be74a0fbae: 115 ms
Input: 1000000,
Cold Start: false
Unique ID: 07ba1276-ec12-40f0-9986-c6206ac44b44,
Billed Duration for Request 07ba1276-ec12-40f0-9986-c6206ac44b44: 97 ms
Input: 1000000,
Cold Start: false
Unique ID: fa2eb8d9-45b2-497c-b8a0-3461ddd816eb,
Billed Duration for Request fa2eb8d9-45b2-497c-b8a0-3461ddd816eb: 92 ms
Input: 1000000,
Cold Start: false
Unique ID: 49442b0c-70ae-43a9-81da-277fc126e7bd,
Billed Duration for Request 49442b0c-70ae-43a9-81da-277fc126e7bd: 111 ms
Input: 1000000,
Cold Start: false
Unique ID: 274eee91-bf71-42e2-b67f-cdd6a88f35ae,
Billed Duration for Request 274eee91-bf71-42e2-b67f-cdd6a88f35ae: 102 ms
Input: 1000000,
Cold Start: false
Unique ID: 739849a6-46a9-4635-95f4-7f3eb082fb78,
Billed Duration for Request 739849a6-46a9-4635-95f4-7f3eb082fb78: 93 ms
Input: 1000000,
Cold Start: false
Unique ID: 947e10c2-7550-4519-9130-1762db654a7b,
Billed Duration for Request 947e10c2-7550-4519-9130-1762db654a7b: 101 ms
Input: 1000000,
Cold Start: false
Unique ID: b474daca-16f4-4b54-84d4-d9a4d1fcbd19,
Billed Duration for Request b474daca-16f4-4b54-84d4-d9a4d1fcbd19: 94 ms
Input: 1000000,
Cold Start: false
Unique ID: 45b55d14-878c-4b94-a932-bb4405772f28,
Billed Duration for Request 45b55d14-878c-4b94-a932-bb4405772f28: 102 ms
Input: 1000000,
Cold Start: false
Unique ID: 6f3bea27-76ed-4b31-bbae-8b28d17a3e30,
Billed Duration for Request 6f3bea27-76ed-4b31-bbae-8b28d17a3e30: 107 ms
Input: 1000000,
Cold Start: false
Unique ID: 959e5bd7-ac25-4c01-9c84-8d24328b0bd6,
Billed Duration for Request 959e5bd7-ac25-4c01-9c84-8d24328b0bd6: 108 ms
Input: 1000000,
Cold Start: false
Unique ID: 311c4c72-fdde-4128-84c3-ed42425e95b5,
Billed Duration for Request 311c4c72-fdde-4128-84c3-ed42425e95b5: 97 ms
Input: 1000000,
Cold Start: false
Unique ID: 43f3360a-10b6-4f6d-bffb-150a5a3ae426,
Billed Duration for Request 43f3360a-10b6-4f6d-bffb-150a5a3ae426: 98 ms
Input: 1000000,
Cold Start: false
Unique ID: e5143750-d6cb-4cf3-b577-afca8dfc702e,
Billed Duration for Request e5143750-d6cb-4cf3-b577-afca8dfc702e: 102 ms
Input: 1000000,
Cold Start: false
Unique ID: 3f7bc0b4-86a3-4d73-93ef-8aa5406caf0c,
Billed Duration for Request 3f7bc0b4-86a3-4d73-93ef-8aa5406caf0c: 106 ms
Input: 1000000,
Cold Start: false
Unique ID: c563f959-ba98-49d4-b725-df9494c45118,
Billed Duration for Request c563f959-ba98-49d4-b725-df9494c45118: 97 ms
Input: 1000000,
Cold Start: false
Unique ID: 96d2fd19-207c-4218-8788-b0c265ba187a,
Billed Duration for Request 96d2fd19-207c-4218-8788-b0c265ba187a: 110 ms
Input: 1000000,
Cold Start: false
Unique ID: bdeefa38-e806-41dc-b565-997a14a5237b,
Billed Duration for Request bdeefa38-e806-41dc-b565-997a14a5237b: 105 ms
Input: 1000000,
Cold Start: false
Unique ID: 3f206313-47e2-4a68-96c7-9548fea9f472,
Billed Duration for Request 3f206313-47e2-4a68-96c7-9548fea9f472: 88 ms
Input: 1000000,
Cold Start: false
Unique ID: 4452e691-7a71-4156-bfc2-7003604d3249,
Billed Duration for Request 4452e691-7a71-4156-bfc2-7003604d3249: 93 ms
Input: 1000000,
Cold Start: false
Unique ID: 3570e2b9-9bfb-43f7-b02e-47b22b22d2f5,
Billed Duration for Request 3570e2b9-9bfb-43f7-b02e-47b22b22d2f5: 93 ms
Input: 1000000,
Cold Start: false
Unique ID: f0fe0f97-3498-4a1b-9dc9-f8f7ea19cabc,
Billed Duration for Request f0fe0f97-3498-4a1b-9dc9-f8f7ea19cabc: 126 ms
Input: 1000000,
Cold Start: false
Unique ID: af260533-729f-4582-a557-d4b4812c4b18,
Billed Duration for Request af260533-729f-4582-a557-d4b4812c4b18: 127 ms
Input: 1000000,
Cold Start: false
Unique ID: 911f7389-01fb-4791-a4c8-f8a8e858377f,
Billed Duration for Request 911f7389-01fb-4791-a4c8-f8a8e858377f: 139 ms
Input: 1000000,
Cold Start: false
Unique ID: 5119b9dd-2599-4826-8f59-3f4b616d356b,
Billed Duration for Request 5119b9dd-2599-4826-8f59-3f4b616d356b: 124 ms
Input: 1000000,
Cold Start: false
Unique ID: 2ca8c91e-7156-480b-8231-d5553dff007a,
Billed Duration for Request 2ca8c91e-7156-480b-8231-d5553dff007a: 102 ms
Input: 1000000,
Cold Start: false
Unique ID: 66a1a59c-7897-46b7-ab21-929ef1d13af8,
Billed Duration for Request 66a1a59c-7897-46b7-ab21-929ef1d13af8: 108 ms
Input: 1000000,
Cold Start: false
Unique ID: 49a5013a-62da-4442-906c-6059384a35f4,
Billed Duration for Request 49a5013a-62da-4442-906c-6059384a35f4: 105 ms
Input: 1000000,
Cold Start: false
Unique ID: 6207f78c-6e9d-4a97-a7ce-baa9fd195642,
Billed Duration for Request 6207f78c-6e9d-4a97-a7ce-baa9fd195642: 94 ms
Input: 1000000,
Cold Start: false
Unique ID: 529accc2-f4dc-4eea-933e-4c20f1c99856,
Billed Duration for Request 529accc2-f4dc-4eea-933e-4c20f1c99856: 106 ms
Input: 1000000,
Cold Start: false
Unique ID: 2ef0717f-6eac-428c-a411-f639b40bcee3,
Billed Duration for Request 2ef0717f-6eac-428c-a411-f639b40bcee3: 93 ms
Input: 1000000,
Cold Start: false
Unique ID: 5d1f27a8-6b3d-4037-a7ea-f7da238c45f7,
Billed Duration for Request 5d1f27a8-6b3d-4037-a7ea-f7da238c45f7: 97 ms
Input: 1000000,
Cold Start: false
Unique ID: b7ba095d-3da1-4700-8bf7-07d47709e1cb,
Billed Duration for Request b7ba095d-3da1-4700-8bf7-07d47709e1cb: 94 ms
Input: 1000000,
Cold Start: false
Unique ID: 75eec841-2803-46aa-8188-d4ebdee123c4,
Billed Duration for Request 75eec841-2803-46aa-8188-d4ebdee123c4: 103 ms
Input: 1000000,
Cold Start: false
Unique ID: be80eaa9-646c-4130-8c41-59f02c10ce26,
Billed Duration for Request be80eaa9-646c-4130-8c41-59f02c10ce26: 105 ms
Input: 1000000,
Cold Start: false
Unique ID: 8e7e0983-0ee1-465e-8da9-de966f13c40e,
Billed Duration for Request 8e7e0983-0ee1-465e-8da9-de966f13c40e: 97 ms
Input: 1000000,
Cold Start: false
Unique ID: 156d6f5e-58a8-4ea4-bbae-9840a5d1f9e5,
Billed Duration for Request 156d6f5e-58a8-4ea4-bbae-9840a5d1f9e5: 113 ms
Input: 1000000,
Cold Start: false
Unique ID: 73d51c59-ffb5-42a6-a637-737fd718fe5e,
Billed Duration for Request 73d51c59-ffb5-42a6-a637-737fd718fe5e: 93 ms
Input: 1000000,
Cold Start: false
Unique ID: c46f8afc-d8cb-472f-bff9-a69ddee2087b,
Billed Duration for Request c46f8afc-d8cb-472f-bff9-a69ddee2087b: 102 ms
Input: 1000000,
Cold Start: false
Unique ID: 8bac01e3-8512-4005-ae33-4aa1d285cfa7,
Billed Duration for Request 8bac01e3-8512-4005-ae33-4aa1d285cfa7: 102 ms
Input: 1000000,
Cold Start: false
Unique ID: d0e99fc7-ded9-4211-9f67-4a4710bf25c8,
Billed Duration for Request d0e99fc7-ded9-4211-9f67-4a4710bf25c8: 98 ms
Input: 1000000,
Cold Start: false
Unique ID: 76947225-7aa5-473d-b9c4-fe2e2ba74a2d,
Billed Duration for Request 76947225-7aa5-473d-b9c4-fe2e2ba74a2d: 98 ms
Input: 1000000,
Cold Start: false
Unique ID: b43fc7ff-5029-44f2-b34d-7c58173b1130,
Billed Duration for Request b43fc7ff-5029-44f2-b34d-7c58173b1130: 97 ms
Input: 1000000,
Cold Start: false
Unique ID: ffc7ca4c-a4b3-49fa-a36e-181c1d0e0820,
Billed Duration for Request ffc7ca4c-a4b3-49fa-a36e-181c1d0e0820: 97 ms
Input: 1000000,
Cold Start: false
Unique ID: c2f8f457-d842-44be-8629-021155e83c09,
Billed Duration for Request c2f8f457-d842-44be-8629-021155e83c09: 98 ms
Input: 1000000,
Cold Start: false
Unique ID: b2324da7-af6e-432a-8a62-6c5314e7e594,
Billed Duration for Request b2324da7-af6e-432a-8a62-6c5314e7e594: 98 ms
Input: 1000000,
Cold Start: false
Unique ID: ce023d79-c310-4bf1-b985-754cc3ec2198,
Billed Duration for Request ce023d79-c310-4bf1-b985-754cc3ec2198: 106 ms
Input: 1000000,
Cold Start: false
Unique ID: 633903a5-5af3-463a-89dd-c66e200343f2,
Billed Duration for Request 633903a5-5af3-463a-89dd-c66e200343f2: 93 ms
Input: 1000000,
Cold Start: false
Unique ID: e915801c-166b-45bb-91d8-53d4ee2be99d,
Billed Duration for Request e915801c-166b-45bb-91d8-53d4ee2be99d: 93 ms
Input: 1000000,
Cold Start: false
Unique ID: cc254c31-abc2-4667-ad37-0fb9f06189b4,
Billed Duration for Request cc254c31-abc2-4667-ad37-0fb9f06189b4: 108 ms
Input: 1000000,
Cold Start: false
Unique ID: c9ede406-213e-42df-971b-d3181834dbcd,
Billed Duration for Request c9ede406-213e-42df-971b-d3181834dbcd: 93 ms
Input: 1000000,
Cold Start: false
Unique ID: 65d9518f-d31f-4e65-9960-3af00d387721,
Billed Duration for Request 65d9518f-d31f-4e65-9960-3af00d387721: 98 ms
Input: 1000000,
Cold Start: false
Unique ID: a49f7c27-506a-41c0-ab84-a535a7b24eb9,
Billed Duration for Request a49f7c27-506a-41c0-ab84-a535a7b24eb9: 101 ms
Input: 1000000,
Cold Start: false
Unique ID: 8b7d053b-baff-447d-b933-2140647ae7fe,
Billed Duration for Request 8b7d053b-baff-447d-b933-2140647ae7fe: 101 ms
Input: 1000000,
Cold Start: false
Unique ID: 386e64e7-1430-4f0f-83ed-6bdbefbe4126,
Billed Duration for Request 386e64e7-1430-4f0f-83ed-6bdbefbe4126: 102 ms
Input: 1000000,
Cold Start: false
Unique ID: 1e1b0ff3-2d2b-407d-85d1-5c93fa3a35cf,
Billed Duration for Request 1e1b0ff3-2d2b-407d-85d1-5c93fa3a35cf: 109 ms
Input: 1000000,
Cold Start: false
Unique ID: fab0dbb5-a18b-4d57-bc34-ced9b4b39466,
Billed Duration for Request fab0dbb5-a18b-4d57-bc34-ced9b4b39466: 103 ms
Input: 1000000,
Cold Start: false
Unique ID: d52977d9-8645-4fbf-92b6-e44d9bcc698c,
Billed Duration for Request d52977d9-8645-4fbf-92b6-e44d9bcc698c: 102 ms
Input: 1000000,
Cold Start: false
Unique ID: 9a651a84-9f22-4430-9849-c07838bd9d1e,
Billed Duration for Request 9a651a84-9f22-4430-9849-c07838bd9d1e: 93 ms
Input: 1000000,
Cold Start: false
Unique ID: b08a9363-1905-46ef-b5c7-7c3feb575e0a,
Billed Duration for Request b08a9363-1905-46ef-b5c7-7c3feb575e0a: 98 ms
Input: 1000000,
Cold Start: false
Unique ID: e1604fd5-8cf5-4ec3-a58e-3d2878faa32e,
Billed Duration for Request e1604fd5-8cf5-4ec3-a58e-3d2878faa32e: 106 ms
Input: 1000000,
Cold Start: false
Unique ID: 72dd1a91-69c1-4709-85aa-5ead7c1f74b4,
Billed Duration for Request 72dd1a91-69c1-4709-85aa-5ead7c1f74b4: 97 ms
Input: 1000000,
Cold Start: false
Unique ID: 81405a33-9bf4-4f15-aba8-1c8e8b3f11ba,
Billed Duration for Request 81405a33-9bf4-4f15-aba8-1c8e8b3f11ba: 90 ms
Input: 1000000,
Cold Start: false
Unique ID: 155fdb09-7d4e-4a3f-b655-f52e7548b4ca,
Billed Duration for Request 155fdb09-7d4e-4a3f-b655-f52e7548b4ca: 99 ms
Input: 1000000,
Cold Start: false
Unique ID: 9ed9117d-88c9-4a6f-aaa4-e6b5184fa149,
Billed Duration for Request 9ed9117d-88c9-4a6f-aaa4-e6b5184fa149: 103 ms
Input: 1000000,
Cold Start: false
Unique ID: 3598c8b3-bdf8-4e26-90bc-30b6ec21a389,
Billed Duration for Request 3598c8b3-bdf8-4e26-90bc-30b6ec21a389: 97 ms
Input: 1000000,
Cold Start: false
Unique ID: 778e0b4f-c509-4390-8bc1-800b1d035638,
Billed Duration for Request 778e0b4f-c509-4390-8bc1-800b1d035638: 93 ms
Input: 1000000,
Cold Start: false
Unique ID: 32072363-5f83-4874-bb50-a1a196099562,
Billed Duration for Request 32072363-5f83-4874-bb50-a1a196099562: 98 ms
Input: 1000000,
Cold Start: false
Unique ID: 1f198cae-ca96-40de-997b-df1efec5ed75,
Billed Duration for Request 1f198cae-ca96-40de-997b-df1efec5ed75: 93 ms
Input: 1000000,
Cold Start: false
Unique ID: 89a016c6-b780-4111-b557-345b7eaf7e8c,
Billed Duration for Request 89a016c6-b780-4111-b557-345b7eaf7e8c: 97 ms
Input: 1000000,
Cold Start: false
Unique ID: 2c9cd0d0-c362-4385-b48a-3b13c6fc49b2,
Billed Duration for Request 2c9cd0d0-c362-4385-b48a-3b13c6fc49b2: 108 ms
Input: 1000000,
Cold Start: false
Unique ID: 42737103-a8ec-4a8d-924d-b5090da277cb,
Billed Duration for Request 42737103-a8ec-4a8d-924d-b5090da277cb: 97 ms
Input: 1000000,
Cold Start: false
Unique ID: 3b9d38e6-6e07-47c1-8a19-ec513c9be83a,
Billed Duration for Request 3b9d38e6-6e07-47c1-8a19-ec513c9be83a: 107 ms
Input: 1000000,
Cold Start: false
Unique ID: 5718b473-c3ed-404d-a234-acec4da34a49,
Billed Duration for Request 5718b473-c3ed-404d-a234-acec4da34a49: 101 ms
Input: 1000000,
Cold Start: false
Unique ID: ad7baa7e-a326-49e5-8853-70e752831f7c,
Billed Duration for Request ad7baa7e-a326-49e5-8853-70e752831f7c: 105 ms
Input: 1000000,
Cold Start: false
Unique ID: 3acc3672-fa2b-4339-9b9f-0afe497ad5ad,
Billed Duration for Request 3acc3672-fa2b-4339-9b9f-0afe497ad5ad: 105 ms
Input: 1000000,
Cold Start: false
Unique ID: afce3638-6e21-4e04-a6e7-1f60ed40e80d,
Billed Duration for Request afce3638-6e21-4e04-a6e7-1f60ed40e80d: 106 ms
Input: 1000000,
Cold Start: false
Unique ID: 0e98a322-47a6-4089-8ebc-bdeac6c1bd83,
Billed Duration for Request 0e98a322-47a6-4089-8ebc-bdeac6c1bd83: 97 ms
Input: 1000000,
Cold Start: false
Unique ID: 210391fd-eb4b-473e-876d-ca729a400f76,
Billed Duration for Request 210391fd-eb4b-473e-876d-ca729a400f76: 98 ms
Input: 1000000,
Cold Start: false
Unique ID: 636d7e0c-2022-4aae-96af-5212b43ece49,
Billed Duration for Request 636d7e0c-2022-4aae-96af-5212b43ece49: 110 ms
Input: 1000000,
Cold Start: false
Unique ID: 3df59754-5082-4108-afc0-09e877a7514a,
Billed Duration for Request 3df59754-5082-4108-afc0-09e877a7514a: 94 ms
Input: 1000000,
Cold Start: false
Unique ID: f062e8d6-4bdf-4a5f-a833-499427477e29,
Billed Duration for Request f062e8d6-4bdf-4a5f-a833-499427477e29: 106 ms
Input: 1000000,
Cold Start: false
Unique ID: 99c7a613-96a8-4c98-90d1-f360cf298b68,
Billed Duration for Request 99c7a613-96a8-4c98-90d1-f360cf298b68: 107 ms
Input: 1000000,
Cold Start: false
Unique ID: 797f764e-38e3-4c42-a0e9-f57014386b51,
Billed Duration for Request 797f764e-38e3-4c42-a0e9-f57014386b51: 97 ms
Input: 1000000,
Cold Start: false
Unique ID: bc3411f5-b005-4bf4-b345-dc48bc880da7,
Billed Duration for Request bc3411f5-b005-4bf4-b345-dc48bc880da7: 93 ms
Input: 1000000,
Cold Start: false
Unique ID: 74b34620-c5e3-47a4-9afb-dae82137abcb,
Billed Duration for Request 74b34620-c5e3-47a4-9afb-dae82137abcb: 93 ms
Input: 1000000,
Cold Start: false
Unique ID: 6635e1ba-c818-45d7-9fb2-1bd6be410f54,
Billed Duration for Request 6635e1ba-c818-45d7-9fb2-1bd6be410f54: 93 ms
Input: 1000000,
Cold Start: false
Unique ID: ee546283-f404-4571-9872-74eaeffa8099,
Billed Duration for Request ee546283-f404-4571-9872-74eaeffa8099: 103 ms
Input: 1000000,
Cold Start: false
Unique ID: 8861c926-59dc-4cf7-98b4-b4d110a80310,
Billed Duration for Request 8861c926-59dc-4cf7-98b4-b4d110a80310: 109 ms
Input: 1000000,
Cold Start: false
Unique ID: ce1f190f-303c-4cc1-b71f-0fb190d24a7e,
Billed Duration for Request ce1f190f-303c-4cc1-b71f-0fb190d24a7e: 97 ms
Input: 1000000,
Cold Start: false
Unique ID: b29108bf-fb18-46c1-bc1b-ecf48a4b707b,
Billed Duration for Request b29108bf-fb18-46c1-bc1b-ecf48a4b707b: 93 ms
Input: 1000000,
Cold Start: false
Unique ID: e6630bcd-a48f-4f69-8690-7519321ee84b,
Billed Duration for Request e6630bcd-a48f-4f69-8690-7519321ee84b: 93 ms
Input: 1000000,
Cold Start: false
Unique ID: daa9f206-66b4-4708-8912-8fafe5289a14,
Billed Duration for Request daa9f206-66b4-4708-8912-8fafe5289a14: 97 ms
Input: 1000000,
Cold Start: false
Unique ID: a1957e11-48a6-43d4-b60e-2ecf1a09c31e,
Billed Duration for Request a1957e11-48a6-43d4-b60e-2ecf1a09c31e: 93 ms
Input: 1000000,
Cold Start: false
Unique ID: 4c8408f7-1c0e-4f3d-bb10-ac784c36bf7a,
Billed Duration for Request 4c8408f7-1c0e-4f3d-bb10-ac784c36bf7a: 93 ms
Input: 1000000,
Cold Start: false
Unique ID: c929e93a-d960-4367-a25a-49eef85e6ca9,
Billed Duration for Request c929e93a-d960-4367-a25a-49eef85e6ca9: 103 ms
Input: 1000000,
Cold Start: false
Unique ID: 6ffbef85-9d68-4924-898b-fc96ede6427d,
Billed Duration for Request 6ffbef85-9d68-4924-898b-fc96ede6427d: 105 ms
Input: 1000000,
Cold Start: false
Unique ID: 791f8994-358e-43bd-88fe-c6396560fca9,
Billed Duration for Request 791f8994-358e-43bd-88fe-c6396560fca9: 101 ms
Input: 1000000,
Cold Start: false
Unique ID: 83230944-29fa-4497-83e7-f45ad22c0714,
Billed Duration for Request 83230944-29fa-4497-83e7-f45ad22c0714: 98 ms
Input: 1000000,
Cold Start: false
Unique ID: 29b32784-7783-4cb2-856e-70077578e7ae,
Billed Duration for Request 29b32784-7783-4cb2-856e-70077578e7ae: 93 ms
Input: 1000000,
Cold Start: false
Unique ID: e3d9e11d-298a-4bdc-9abb-d797c944ff8b,
Billed Duration for Request e3d9e11d-298a-4bdc-9abb-d797c944ff8b: 89 ms
Input: 1000000,
Cold Start: false
Unique ID: 165a62ef-77d8-4a16-960c-36e48dbd65a0,
Billed Duration for Request 165a62ef-77d8-4a16-960c-36e48dbd65a0: 93 ms
Input: 1000000,
Cold Start: false
Unique ID: b71260ee-2ceb-4303-90fd-71e3e070f824,
Billed Duration for Request b71260ee-2ceb-4303-90fd-71e3e070f824: 103 ms
Input: 1000000,
Cold Start: false
Unique ID: 3743c696-a29c-430b-9df7-858e48468145,
Billed Duration for Request 3743c696-a29c-430b-9df7-858e48468145: 98 ms
Input: 1000000,
Cold Start: false
Unique ID: ad2324c3-e422-4432-8d01-e0fcda3ea17c,
Billed Duration for Request ad2324c3-e422-4432-8d01-e0fcda3ea17c: 92 ms
Input: 1000000,
Cold Start: false
Unique ID: 68a0bc12-3a8f-4c29-87b3-d9290b69bc3d,
Billed Duration for Request 68a0bc12-3a8f-4c29-87b3-d9290b69bc3d: 103 ms
Input: 1000000,
Cold Start: false
Unique ID: d427b141-b5d9-418e-9ded-00acfe3ca2d7,
Billed Duration for Request d427b141-b5d9-418e-9ded-00acfe3ca2d7: 106 ms
Input: 1000000,
Cold Start: false
Unique ID: 3a176fb3-363b-4911-9301-711f51d6049e,
Billed Duration for Request 3a176fb3-363b-4911-9301-711f51d6049e: 93 ms
Input: 1000000,
Cold Start: false
Unique ID: f5d491af-9799-45b7-8655-895f2b5322be,
Billed Duration for Request f5d491af-9799-45b7-8655-895f2b5322be: 93 ms
Input: 1000000,
Cold Start: false
Unique ID: 503924b6-5545-42b4-83d4-98320737d876,
Billed Duration for Request 503924b6-5545-42b4-83d4-98320737d876: 101 ms
Input: 1000000,
Cold Start: false
Unique ID: 3a706f64-3550-4fce-93dd-f57cc5f5a392,
Billed Duration for Request 3a706f64-3550-4fce-93dd-f57cc5f5a392: 92 ms
Input: 1000000,
Cold Start: false
Unique ID: b2f5c668-4f7e-4532-aaf2-c60657bf3f8a,
Billed Duration for Request b2f5c668-4f7e-4532-aaf2-c60657bf3f8a: 98 ms
Input: 1000000,
Cold Start: false
Unique ID: 025b95b7-0a3f-46eb-8876-751cb284c25e,
Billed Duration for Request 025b95b7-0a3f-46eb-8876-751cb284c25e: 105 ms
Input: 1000000,
Cold Start: false
Unique ID: 6eada0a2-1972-4972-9b79-07df8bd205d2,
Billed Duration for Request 6eada0a2-1972-4972-9b79-07df8bd205d2: 96 ms
Input: 1000000,
Cold Start: false
Unique ID: ffdeb26c-ca1a-44bc-90c0-e8d067457ebd,
Billed Duration for Request ffdeb26c-ca1a-44bc-90c0-e8d067457ebd: 89 ms
Input: 1000000,
Cold Start: false
Unique ID: e25b0e36-ce4c-44bb-976c-5c72d283a862,
Billed Duration for Request e25b0e36-ce4c-44bb-976c-5c72d283a862: 106 ms
Input: 1000000,
Cold Start: false
Unique ID: 6baf1a8b-5970-482b-b836-ddd32cc2ce6a,
Billed Duration for Request 6baf1a8b-5970-482b-b836-ddd32cc2ce6a: 102 ms
Input: 1000000,
Cold Start: false
Unique ID: 43eb13fa-a5e7-47f4-9621-b77a9bfc9f4e,
Billed Duration for Request 43eb13fa-a5e7-47f4-9621-b77a9bfc9f4e: 91 ms
Input: 1000000,
Cold Start: false
Unique ID: 4fcd8ba5-a0d1-479b-9ccd-7c3312e6f8de,
Billed Duration for Request 4fcd8ba5-a0d1-479b-9ccd-7c3312e6f8de: 93 ms
Input: 1000000,
Cold Start: false
Unique ID: 3ce52f48-fd56-40fd-b8b8-54d814a2e742,
Billed Duration for Request 3ce52f48-fd56-40fd-b8b8-54d814a2e742: 97 ms
Input: 1000000,
Cold Start: false
Unique ID: 18743df7-0017-467f-bd58-60480e282824,
Billed Duration for Request 18743df7-0017-467f-bd58-60480e282824: 89 ms
Input: 1000000,
Cold Start: false
