Unique ID: b24794d2cd8b0a606736da2df84e88c1,
Execution Time for Trace ID b24794d2cd8b0a606736da2df84e88c1: 347 ms
Input: 5250000,
Cold Start: false
Unique ID: 8dc51428a03e1d02935d54f6da769c9d,
Execution Time for Trace ID 8dc51428a03e1d02935d54f6da769c9d: 340 ms
Input: 5250000,
Cold Start: false
Unique ID: 238f6b62a0babd9f1c1ea5682a5d411e,
Execution Time for Trace ID 238f6b62a0babd9f1c1ea5682a5d411e: 393 ms
Input: 5250000,
Cold Start: false
Unique ID: 1b411de4e0b91fe59981eb6442e9feae,
Execution Time for Trace ID 1b411de4e0b91fe59981eb6442e9feae: 347 ms
Input: 5250000,
Cold Start: false
Unique ID: 4e4e5371ea5ef99ec7bc98e13bda7f25,
Execution Time for Trace ID 4e4e5371ea5ef99ec7bc98e13bda7f25: 404 ms
Input: 5250000,
Cold Start: false
Unique ID: c113f2584ca2b0eb3c143aa403e71dbc,
Execution Time for Trace ID c113f2584ca2b0eb3c143aa403e71dbc: 381 ms
Input: 5250000,
Cold Start: false
Unique ID: 70addd457cb8be48dc275d78ce2678a3,
Execution Time for Trace ID 70addd457cb8be48dc275d78ce2678a3: 346 ms
Input: 5250000,
Cold Start: false
Unique ID: d9b2edebcd239af67643948f39e65beb,
Execution Time for Trace ID d9b2edebcd239af67643948f39e65beb: 378 ms
Input: 5250000,
Cold Start: false
Unique ID: bc708b2948c436f8a5cf43e18b5c3a85,
Execution Time for Trace ID bc708b2948c436f8a5cf43e18b5c3a85: 499 ms
Input: 5250000,
Cold Start: false
Unique ID: df0bff5799f595dfe0e2ca2162a2ee0e,
Execution Time for Trace ID df0bff5799f595dfe0e2ca2162a2ee0e: 555 ms
Input: 5250000,
Cold Start: false
Unique ID: 0ac06919df82875c5d2e77e45e0e2599,
Execution Time for Trace ID 0ac06919df82875c5d2e77e45e0e2599: 381 ms
Input: 5250000,
Cold Start: false
Unique ID: 61fc940677f06f31245400e4fcf4b0fe,
Execution Time for Trace ID 61fc940677f06f31245400e4fcf4b0fe: 345 ms
Input: 5250000,
Cold Start: false
Unique ID: cc9f715d98f4a88b9136a6a68f7e9b5c,
Execution Time for Trace ID cc9f715d98f4a88b9136a6a68f7e9b5c: 399 ms
Input: 5250000,
Cold Start: false
Unique ID: ceca5eb4d2efd680d93b26080f0f6b6a,
Execution Time for Trace ID ceca5eb4d2efd680d93b26080f0f6b6a: 348 ms
Input: 5250000,
Cold Start: false
Unique ID: d81654f36bceac2bae0c74b3033705f6,
Execution Time for Trace ID d81654f36bceac2bae0c74b3033705f6: 407 ms
Input: 5250000,
Cold Start: false
Unique ID: c1bb132630516bad6dd14ff9aa8c6dab,
Execution Time for Trace ID c1bb132630516bad6dd14ff9aa8c6dab: 396 ms
Input: 5250000,
Cold Start: false
Unique ID: 29e78dc25d1ddd29ff120ff35e8ee836,
Execution Time for Trace ID 29e78dc25d1ddd29ff120ff35e8ee836: 346 ms
Input: 5250000,
Cold Start: false
Unique ID: 7cd5775c6ed4f582d7b59e288c6b41f8,
Execution Time for Trace ID 7cd5775c6ed4f582d7b59e288c6b41f8: 393 ms
Input: 5250000,
Cold Start: false
Unique ID: 37c7515d900481b4d2dc3b5b32fcebc7,
Execution Time for Trace ID 37c7515d900481b4d2dc3b5b32fcebc7: 341 ms
Input: 5250000,
Cold Start: false
Unique ID: 31f7a47607c296cc5354a36fb1653d7b,
Execution Time for Trace ID 31f7a47607c296cc5354a36fb1653d7b: 353 ms
Input: 5250000,
Cold Start: false
Unique ID: e4bd2257dbd3f8b03ef4453b599586eb,
Execution Time for Trace ID e4bd2257dbd3f8b03ef4453b599586eb: 383 ms
Input: 5250000,
Cold Start: false
Unique ID: 7f5d5c15d5d5889666a2285730c585fa,
Execution Time for Trace ID 7f5d5c15d5d5889666a2285730c585fa: 360 ms
Input: 5250000,
Cold Start: false
Unique ID: b0e542c87a4c70d7a5af9ba863f1daa7,
Execution Time for Trace ID b0e542c87a4c70d7a5af9ba863f1daa7: 380 ms
Input: 5250000,
Cold Start: false
Unique ID: dd74034bf5167ba42f03ec7a767f63a2,
Execution Time for Trace ID dd74034bf5167ba42f03ec7a767f63a2: 603 ms
Input: 5250000,
Cold Start: false
Unique ID: fdd7572e8c34dec92419473c6ed56342,
Execution Time for Trace ID fdd7572e8c34dec92419473c6ed56342: 572 ms
Input: 5250000,
Cold Start: false
Unique ID: b65b0d0c51e1f5086631690b7c14bdc8,
Execution Time for Trace ID b65b0d0c51e1f5086631690b7c14bdc8: 389 ms
Input: 5250000,
Cold Start: false
Unique ID: 0158c152c89ca89d5ac46e048896a982,
Execution Time for Trace ID 0158c152c89ca89d5ac46e048896a982: 350 ms
Input: 5250000,
Cold Start: false
Unique ID: c00d131ff51e90cc1f8df92ef31f1238,
Execution Time for Trace ID c00d131ff51e90cc1f8df92ef31f1238: 401 ms
Input: 5250000,
Cold Start: false
Unique ID: 6e7cb343a6a50b24a0d2d797059bf0a7,
Execution Time for Trace ID 6e7cb343a6a50b24a0d2d797059bf0a7: 404 ms
Input: 5250000,
Cold Start: false
Unique ID: e05477dd0a72e178d5927f41aafae174,
Execution Time for Trace ID e05477dd0a72e178d5927f41aafae174: 365 ms
Input: 5250000,
Cold Start: false
Unique ID: 772b95872a9a8fe2d15daf43ac1a7cc6,
Execution Time for Trace ID 772b95872a9a8fe2d15daf43ac1a7cc6: 398 ms
Input: 5250000,
Cold Start: false
Unique ID: 5649f72b8fe81b6d34a79618eaa62db6,
Execution Time for Trace ID 5649f72b8fe81b6d34a79618eaa62db6: 354 ms
Input: 5250000,
Cold Start: false
Unique ID: ab447e71022bc4dfa0582d4c1d7ce93e,
Execution Time for Trace ID ab447e71022bc4dfa0582d4c1d7ce93e: 399 ms
Input: 5250000,
Cold Start: false
Unique ID: 5a462ca366544bea854c42211d754da4,
Execution Time for Trace ID 5a462ca366544bea854c42211d754da4: 395 ms
Input: 5250000,
Cold Start: false
Unique ID: 0d4b7d05b42673ff3dbe7a12c9b77422,
Execution Time for Trace ID 0d4b7d05b42673ff3dbe7a12c9b77422: 386 ms
Input: 5250000,
Cold Start: false
Unique ID: a0e5653f849d78843936958d89e26cfe,
Execution Time for Trace ID a0e5653f849d78843936958d89e26cfe: 391 ms
Input: 5250000,
Cold Start: false
Unique ID: 83b7fe1e51a4424541ddac374e8cfd46,
Execution Time for Trace ID 83b7fe1e51a4424541ddac374e8cfd46: 351 ms
Input: 5250000,
Cold Start: false
Unique ID: 45049403d169e62666ba16522bda4700,
Execution Time for Trace ID 45049403d169e62666ba16522bda4700: 399 ms
Input: 5250000,
Cold Start: false
Unique ID: 87d57edc17f21eebaabc39a1397d697b,
Execution Time for Trace ID 87d57edc17f21eebaabc39a1397d697b: 433 ms
Input: 5250000,
Cold Start: false
Unique ID: 3615c10d8a1ae56d28dd1d2b31019a65,
Execution Time for Trace ID 3615c10d8a1ae56d28dd1d2b31019a65: 460 ms
Input: 5250000,
Cold Start: false
Unique ID: f44798e8fad87407255dca00e8b4185e,
Execution Time for Trace ID f44798e8fad87407255dca00e8b4185e: 344 ms
Input: 5250000,
Cold Start: false
Unique ID: b95f83b8e704b8905182a71de802f74e,
Execution Time for Trace ID b95f83b8e704b8905182a71de802f74e: 404 ms
Input: 5250000,
Cold Start: false
Unique ID: 768374d9ce87e070b3bf410be6943e35,
Execution Time for Trace ID 768374d9ce87e070b3bf410be6943e35: 381 ms
Input: 5250000,
Cold Start: false
Unique ID: b986bb796bedf87aba7bd294a5cafaf4,
Execution Time for Trace ID b986bb796bedf87aba7bd294a5cafaf4: 538 ms
Input: 5250000,
Cold Start: false
Unique ID: c25a72cc91d1031d5073547ccf749791,
Execution Time for Trace ID c25a72cc91d1031d5073547ccf749791: 553 ms
Input: 5250000,
Cold Start: false
Unique ID: 47304322fbe65222b30db4c64b9a8b65,
Execution Time for Trace ID 47304322fbe65222b30db4c64b9a8b65: 387 ms
Input: 5250000,
Cold Start: false
Unique ID: 64d76d504e98545bb10ebe8fdabb47ac,
Execution Time for Trace ID 64d76d504e98545bb10ebe8fdabb47ac: 349 ms
Input: 5250000,
Cold Start: false
Unique ID: 9594b26bcd4b18fbf02d7af630a89552,
Execution Time for Trace ID 9594b26bcd4b18fbf02d7af630a89552: 386 ms
Input: 5250000,
Cold Start: false
Unique ID: 40203181a8ffaa5745151a9b1c681a20,
Execution Time for Trace ID 40203181a8ffaa5745151a9b1c681a20: 339 ms
Input: 5250000,
Cold Start: false
Unique ID: 3b481f6403f41475e92dda1df6e8ed1f,
Execution Time for Trace ID 3b481f6403f41475e92dda1df6e8ed1f: 357 ms
Input: 5250000,
Cold Start: false
Unique ID: 5ec4f1ffbacb7a56abb8a46a06fababa,
Execution Time for Trace ID 5ec4f1ffbacb7a56abb8a46a06fababa: 357 ms
Input: 5250000,
Cold Start: false
Unique ID: 73c475cef1eb6bc8a58e481868674bb8,
Execution Time for Trace ID 73c475cef1eb6bc8a58e481868674bb8: 391 ms
Input: 5250000,
Cold Start: false
Unique ID: 283288f829fae45e2b1eda3f98427098,
Execution Time for Trace ID 283288f829fae45e2b1eda3f98427098: 357 ms
Input: 5250000,
Cold Start: false
Unique ID: 03dae9922e7fad5dc54efe986e63851d,
Execution Time for Trace ID 03dae9922e7fad5dc54efe986e63851d: 446 ms
Input: 5250000,
Cold Start: false
Unique ID: 965998bd3a98d12633355a7a43493381,
Execution Time for Trace ID 965998bd3a98d12633355a7a43493381: 503 ms
Input: 5250000,
Cold Start: false
Unique ID: 1d686b49b271fedd2af950c970a7ed6b,
Execution Time for Trace ID 1d686b49b271fedd2af950c970a7ed6b: 388 ms
Input: 5250000,
Cold Start: false
Unique ID: 8d8f7c550ccd30a241a9067f11f596b6,
Execution Time for Trace ID 8d8f7c550ccd30a241a9067f11f596b6: 348 ms
Input: 5250000,
Cold Start: false
Unique ID: ffc0ebfa8c9abb1fd664974279b902e9,
Execution Time for Trace ID ffc0ebfa8c9abb1fd664974279b902e9: 404 ms
Input: 5250000,
Cold Start: false
Unique ID: c0e4e70dfe0abf3411a4a98eab0f1b6e,
Execution Time for Trace ID c0e4e70dfe0abf3411a4a98eab0f1b6e: 348 ms
Input: 5250000,
Cold Start: false
Unique ID: b2e9e80f31dc5467ae8994fbb5bf3965,
Execution Time for Trace ID b2e9e80f31dc5467ae8994fbb5bf3965: 385 ms
Input: 5250000,
Cold Start: false
Unique ID: eaba7abc7491d9f3e0dfca41aad78ad4,
Execution Time for Trace ID eaba7abc7491d9f3e0dfca41aad78ad4: 386 ms
Input: 5250000,
Cold Start: false
Unique ID: c63ba415bfe3bd0a3166bf3614a87ace,
Execution Time for Trace ID c63ba415bfe3bd0a3166bf3614a87ace: 345 ms
Input: 5250000,
Cold Start: false
Unique ID: bf541d72ee848dcfee73fba689503164,
Execution Time for Trace ID bf541d72ee848dcfee73fba689503164: 402 ms
Input: 5250000,
Cold Start: false
Unique ID: a4de6429abc9626f690cbb04b466518f,
Execution Time for Trace ID a4de6429abc9626f690cbb04b466518f: 405 ms
Input: 5250000,
Cold Start: false
Unique ID: e859234bab4748389bbadd70bb8e63ba,
Execution Time for Trace ID e859234bab4748389bbadd70bb8e63ba: 352 ms
Input: 5250000,
Cold Start: false
Unique ID: d78717be8af703bc807df8cbfbd652c2,
Execution Time for Trace ID d78717be8af703bc807df8cbfbd652c2: 392 ms
Input: 5250000,
Cold Start: false
Unique ID: 8d4dc8d35f9fc4f928fce6341229331f,
Execution Time for Trace ID 8d4dc8d35f9fc4f928fce6341229331f: 349 ms
Input: 5250000,
Cold Start: false
Unique ID: 0c91373cff55a12d2de84c7051ef1973,
Execution Time for Trace ID 0c91373cff55a12d2de84c7051ef1973: 390 ms
Input: 5250000,
Cold Start: false
Unique ID: 0b487a76ecacade6346ccf678f3bae98,
Execution Time for Trace ID 0b487a76ecacade6346ccf678f3bae98: 400 ms
Input: 5250000,
Cold Start: false
Unique ID: 8f32fb576df1210db41bca94f6368398,
Execution Time for Trace ID 8f32fb576df1210db41bca94f6368398: 347 ms
Input: 5250000,
Cold Start: false
Unique ID: 5a83c5abeb5b52eb8b8188276ffa225d,
Execution Time for Trace ID 5a83c5abeb5b52eb8b8188276ffa225d: 386 ms
Input: 5250000,
Cold Start: false
Unique ID: cddf676b825ff5a1e74c41d3fa66d888,
Execution Time for Trace ID cddf676b825ff5a1e74c41d3fa66d888: 350 ms
Input: 5250000,
Cold Start: false
Unique ID: b5c3edec1f33c2f22a51b955434c9882,
Execution Time for Trace ID b5c3edec1f33c2f22a51b955434c9882: 348 ms
Input: 5250000,
Cold Start: false
Unique ID: 44b2d32afa8a8d1331c99789252968b2,
Execution Time for Trace ID 44b2d32afa8a8d1331c99789252968b2: 405 ms
Input: 5250000,
Cold Start: false
Unique ID: 3349f2372d678c5a908f80220ae70400,
Execution Time for Trace ID 3349f2372d678c5a908f80220ae70400: 345 ms
Input: 5250000,
Cold Start: false
Unique ID: 298958349950adaf97e073bf4d588505,
Execution Time for Trace ID 298958349950adaf97e073bf4d588505: 387 ms
Input: 5250000,
Cold Start: false
Unique ID: 0665a3837857eefb4a38798d907e2669,
Execution Time for Trace ID 0665a3837857eefb4a38798d907e2669: 350 ms
Input: 5250000,
Cold Start: false
Unique ID: 04375692c3b37fcdb0d750edfc581e56,
Execution Time for Trace ID 04375692c3b37fcdb0d750edfc581e56: 418 ms
Input: 5250000,
Cold Start: false
Unique ID: 24ac89d3b6d5ae23af22950c3f59f2b4,
Execution Time for Trace ID 24ac89d3b6d5ae23af22950c3f59f2b4: 354 ms
Input: 5250000,
Cold Start: false
Unique ID: da27ba2545110760802843288de0b911,
Execution Time for Trace ID da27ba2545110760802843288de0b911: 409 ms
Input: 5250000,
Cold Start: false
Unique ID: 15250cfad80402e442ece277decb3c02,
Execution Time for Trace ID 15250cfad80402e442ece277decb3c02: 380 ms
Input: 5250000,
Cold Start: false
Unique ID: 84c0a52ee27fe850cc66519c5be97e0d,
Execution Time for Trace ID 84c0a52ee27fe850cc66519c5be97e0d: 349 ms
Input: 5250000,
Cold Start: false
Unique ID: 027c9cfacd4abe9b520ceb0cfbf3cded,
Execution Time for Trace ID 027c9cfacd4abe9b520ceb0cfbf3cded: 405 ms
Input: 5250000,
Cold Start: false
Unique ID: 6de1b9b3d02e8ff7edc06430eafba8bf,
Execution Time for Trace ID 6de1b9b3d02e8ff7edc06430eafba8bf: 390 ms
Input: 5250000,
Cold Start: false
Unique ID: c2f3ccad9a8e80a36eb7bf60ea5d1bf9,
Execution Time for Trace ID c2f3ccad9a8e80a36eb7bf60ea5d1bf9: 340 ms
Input: 5250000,
Cold Start: false
Unique ID: e2931ef95df0be1d63ff92fa3565c0a2,
Execution Time for Trace ID e2931ef95df0be1d63ff92fa3565c0a2: 395 ms
Input: 5250000,
Cold Start: false
Unique ID: cd09a15fde520d55f2b07972d3210af5,
Execution Time for Trace ID cd09a15fde520d55f2b07972d3210af5: 355 ms
Input: 5250000,
Cold Start: false
Unique ID: 0827c455832491fcd5f959733420652a,
Execution Time for Trace ID 0827c455832491fcd5f959733420652a: 389 ms
Input: 5250000,
Cold Start: false
Unique ID: 67b0609602c817b662b401114d090411,
Execution Time for Trace ID 67b0609602c817b662b401114d090411: 356 ms
Input: 5250000,
Cold Start: false
Unique ID: be9f046c0e6691b3b66edced15a581d0,
Execution Time for Trace ID be9f046c0e6691b3b66edced15a581d0: 407 ms
Input: 5250000,
Cold Start: false
Unique ID: d3465683db90f9d49e2af52c5b4aa9a7,
Execution Time for Trace ID d3465683db90f9d49e2af52c5b4aa9a7: 395 ms
Input: 5250000,
Cold Start: false
Unique ID: 4c9d03793c4745018ecd3961d7ed96e8,
Execution Time for Trace ID 4c9d03793c4745018ecd3961d7ed96e8: 351 ms
Input: 5250000,
Cold Start: false
Unique ID: c3e901633c081f026a0d6cd4a13516fd,
Execution Time for Trace ID c3e901633c081f026a0d6cd4a13516fd: 402 ms
Input: 5250000,
Cold Start: false
Unique ID: e7129a6d9ae0ad4eda3b7eef10e8fc37,
Execution Time for Trace ID e7129a6d9ae0ad4eda3b7eef10e8fc37: 345 ms
Input: 5250000,
Cold Start: false
Unique ID: ad0d19377652e67edfca64945942e7ab,
Execution Time for Trace ID ad0d19377652e67edfca64945942e7ab: 343 ms
Input: 5250000,
Cold Start: false
Unique ID: 55985a4d99df6f2457fc40b50af3ee85,
Execution Time for Trace ID 55985a4d99df6f2457fc40b50af3ee85: 346 ms
Input: 5250000,
Cold Start: false
Unique ID: f85cd271505753bedefbf8bea626ef00,
Execution Time for Trace ID f85cd271505753bedefbf8bea626ef00: 401 ms
Input: 5250000,
Cold Start: false
Unique ID: 80592ac4daf6c160947827b8fac1eb5e,
Execution Time for Trace ID 80592ac4daf6c160947827b8fac1eb5e: 385 ms
Input: 5250000,
Cold Start: false
Unique ID: 830835a9758fabac573884c7ae823535,
Execution Time for Trace ID 830835a9758fabac573884c7ae823535: 350 ms
Input: 5250000,
Cold Start: false
Unique ID: 70d48ec3124c6a7f37b4c56e32d57eee,
Execution Time for Trace ID 70d48ec3124c6a7f37b4c56e32d57eee: 402 ms
Input: 5250000,
Cold Start: false
Unique ID: 652b55ab5afc06352d25074c29146eec,
Execution Time for Trace ID 652b55ab5afc06352d25074c29146eec: 394 ms
Input: 5250000,
Cold Start: false
Unique ID: 4bc28bf82ebb7020418d94f6925cec2a,
Execution Time for Trace ID 4bc28bf82ebb7020418d94f6925cec2a: 353 ms
Input: 5250000,
Cold Start: false
Unique ID: 752dffec3d2d74217e1f37d2971832ab,
Execution Time for Trace ID 752dffec3d2d74217e1f37d2971832ab: 416 ms
Input: 5250000,
Cold Start: false
Unique ID: 592d4de485f592c48436cae7de234203,
Execution Time for Trace ID 592d4de485f592c48436cae7de234203: 352 ms
Input: 5250000,
Cold Start: false
Unique ID: 2ebfe1ed595c719ce73a171959e8667a,
Execution Time for Trace ID 2ebfe1ed595c719ce73a171959e8667a: 407 ms
Input: 5250000,
Cold Start: false
Unique ID: 552b8be55ccede835df256734cf6badf,
Execution Time for Trace ID 552b8be55ccede835df256734cf6badf: 394 ms
Input: 5250000,
Cold Start: false
Unique ID: 80f1707d6b9db4d83e33d05867902174,
Execution Time for Trace ID 80f1707d6b9db4d83e33d05867902174: 361 ms
Input: 5250000,
Cold Start: false
Unique ID: ffd6270aeebc2491ee5cfcb1c05c76be,
Execution Time for Trace ID ffd6270aeebc2491ee5cfcb1c05c76be: 384 ms
Input: 5250000,
Cold Start: false
Unique ID: d834360b6be08b9dd623a3671283ff65,
Execution Time for Trace ID d834360b6be08b9dd623a3671283ff65: 395 ms
Input: 5250000,
Cold Start: false
Unique ID: 067bc2894cef079696b86ee41815f826,
Execution Time for Trace ID 067bc2894cef079696b86ee41815f826: 361 ms
Input: 5250000,
Cold Start: false
Unique ID: 075e53ecfdd3f27683c6fccc264d0587,
Execution Time for Trace ID 075e53ecfdd3f27683c6fccc264d0587: 391 ms
Input: 5250000,
Cold Start: false
Unique ID: 7107d18ef1fa849ce0a824c3bdff3904,
Execution Time for Trace ID 7107d18ef1fa849ce0a824c3bdff3904: 361 ms
Input: 5250000,
Cold Start: false
Unique ID: 03f6ceb1b0aca9d29e24802671d882fe,
Execution Time for Trace ID 03f6ceb1b0aca9d29e24802671d882fe: 386 ms
Input: 5250000,
Cold Start: false
Unique ID: 057b2ec93725df287eb9217b2f518b26,
Execution Time for Trace ID 057b2ec93725df287eb9217b2f518b26: 347 ms
Input: 5250000,
Cold Start: false
Unique ID: 49dfeaac35c5d22d8eaaa029a20bafb8,
Execution Time for Trace ID 49dfeaac35c5d22d8eaaa029a20bafb8: 349 ms
Input: 5250000,
Cold Start: false
Unique ID: 2c33e7b4354dd72c3ee53c0c1b4f654b,
Execution Time for Trace ID 2c33e7b4354dd72c3ee53c0c1b4f654b: 385 ms
Input: 5250000,
Cold Start: false
Unique ID: 731cb5ca74757bd2b2c0e167cba14d9d,
Execution Time for Trace ID 731cb5ca74757bd2b2c0e167cba14d9d: 354 ms
Input: 5250000,
Cold Start: false
Unique ID: d6db22bbe921c362f247fbcf4316c5bb,
Execution Time for Trace ID d6db22bbe921c362f247fbcf4316c5bb: 419 ms
Input: 5250000,
Cold Start: false
Unique ID: 60cb91cbf6ef2b4aee24b2b1ee8c1724,
Execution Time for Trace ID 60cb91cbf6ef2b4aee24b2b1ee8c1724: 409 ms
Input: 5250000,
Cold Start: false
Unique ID: 7a790f91418b950180cf9cc293d4585e,
Execution Time for Trace ID 7a790f91418b950180cf9cc293d4585e: 377 ms
Input: 5250000,
Cold Start: false
Unique ID: c4b18f0ef151cdfe593b40b54b1e651e,
Execution Time for Trace ID c4b18f0ef151cdfe593b40b54b1e651e: 386 ms
Input: 5250000,
Cold Start: false
Unique ID: c7b60127f6338f16673c228a00aa6d02,
Execution Time for Trace ID c7b60127f6338f16673c228a00aa6d02: 352 ms
Input: 5250000,
Cold Start: false
Unique ID: 98548608237772b8bdd7d5a23394d9e1,
Execution Time for Trace ID 98548608237772b8bdd7d5a23394d9e1: 410 ms
Input: 5250000,
Cold Start: false
Unique ID: ada68ff5ff09c0e567d8e23ad8002bbd,
Execution Time for Trace ID ada68ff5ff09c0e567d8e23ad8002bbd: 366 ms
Input: 5250000,
Cold Start: false
Unique ID: dd24ca6cfc1ab95d28611e506ded2bd4,
Execution Time for Trace ID dd24ca6cfc1ab95d28611e506ded2bd4: 417 ms
Input: 5250000,
Cold Start: false
Unique ID: 08b21cf1f73cb290b6296e9b0467cb56,
Execution Time for Trace ID 08b21cf1f73cb290b6296e9b0467cb56: 389 ms
Input: 5250000,
Cold Start: false
Unique ID: 06dab3a3948d54f12694ca4ba2b07282,
Execution Time for Trace ID 06dab3a3948d54f12694ca4ba2b07282: 356 ms
Input: 5250000,
Cold Start: false
Unique ID: 37273c8808975770622c862673681aa5,
Execution Time for Trace ID 37273c8808975770622c862673681aa5: 387 ms
Input: 5250000,
Cold Start: false
Unique ID: e284b0fbcc18ed2f09526fa1627d3eef,
Execution Time for Trace ID e284b0fbcc18ed2f09526fa1627d3eef: 538 ms
Input: 5250000,
Cold Start: false
Unique ID: 2e99b2fe9ea838701c56fe55cf91b9f0,
Execution Time for Trace ID 2e99b2fe9ea838701c56fe55cf91b9f0: 561 ms
Input: 5250000,
Cold Start: false
Unique ID: bdb242c9d9a6e3500a96e9cd3673a385,
Execution Time for Trace ID bdb242c9d9a6e3500a96e9cd3673a385: 354 ms
Input: 5250000,
Cold Start: false
Unique ID: 3c71a44adba2328adb816768f25f32fd,
Execution Time for Trace ID 3c71a44adba2328adb816768f25f32fd: 401 ms
Input: 5250000,
Cold Start: false
Unique ID: 8884f5b6ab32996ab04fb598002b9011,
Execution Time for Trace ID 8884f5b6ab32996ab04fb598002b9011: 388 ms
Input: 5250000,
Cold Start: false
Unique ID: 2eb48b9c828937d08b9c3b268e22a9ef,
Execution Time for Trace ID 2eb48b9c828937d08b9c3b268e22a9ef: 342 ms
Input: 5250000,
Cold Start: false
Unique ID: a1cb7999b14cee08e4eab12d018c04e6,
Execution Time for Trace ID a1cb7999b14cee08e4eab12d018c04e6: 347 ms
Input: 5250000,
Cold Start: false
Unique ID: 90f0ad9e86927eec77cb01f84af15f9b,
Execution Time for Trace ID 90f0ad9e86927eec77cb01f84af15f9b: 390 ms
Input: 5250000,
Cold Start: false
Unique ID: 5f5ce2ea5d2ac1d7e0d851a9b426e3e6,
Execution Time for Trace ID 5f5ce2ea5d2ac1d7e0d851a9b426e3e6: 346 ms
Input: 5250000,
Cold Start: false
Unique ID: 0db0b50b853c6e1259266627c4c20abb,
Execution Time for Trace ID 0db0b50b853c6e1259266627c4c20abb: 403 ms
Input: 5250000,
Cold Start: false
Unique ID: 984915fd1f85ff55f1648e57a7c8ac67,
Execution Time for Trace ID 984915fd1f85ff55f1648e57a7c8ac67: 548 ms
Input: 5250000,
Cold Start: false
Unique ID: e7b81ea2d32bed28b340e8b2c512dabc,
Execution Time for Trace ID e7b81ea2d32bed28b340e8b2c512dabc: 599 ms
Input: 5250000,
Cold Start: false
Unique ID: ab565f70f88b1e3b01fbcd323f320b9b,
Execution Time for Trace ID ab565f70f88b1e3b01fbcd323f320b9b: 395 ms
Input: 5250000,
Cold Start: false
Unique ID: 4f6321a320d0873fbe8790b9bcd98a1d,
Execution Time for Trace ID 4f6321a320d0873fbe8790b9bcd98a1d: 355 ms
Input: 5250000,
Cold Start: false
Unique ID: 14bd38c063844bf319424d324a224349,
Execution Time for Trace ID 14bd38c063844bf319424d324a224349: 407 ms
Input: 5250000,
Cold Start: false
Unique ID: 94e68d0c6e43bb7baf66ceb82246475c,
Execution Time for Trace ID 94e68d0c6e43bb7baf66ceb82246475c: 408 ms
Input: 5250000,
Cold Start: false
Unique ID: c32296a76bf4fc842e8bed76fc93403a,
Execution Time for Trace ID c32296a76bf4fc842e8bed76fc93403a: 360 ms
Input: 5250000,
Cold Start: false
Unique ID: cf79146f62f207f2586f03f7ab72d044,
Execution Time for Trace ID cf79146f62f207f2586f03f7ab72d044: 389 ms
Input: 5250000,
Cold Start: false
Unique ID: 0a73648c56914d8d27ebd9cf200e0d80,
Execution Time for Trace ID 0a73648c56914d8d27ebd9cf200e0d80: 346 ms
Input: 5250000,
Cold Start: false
Unique ID: 81b787f024ad82d94ba923b52260156e,
Execution Time for Trace ID 81b787f024ad82d94ba923b52260156e: 404 ms
Input: 5250000,
Cold Start: false
Unique ID: 33ad6d3f73bf62dd70a07a59c345b3fb,
Execution Time for Trace ID 33ad6d3f73bf62dd70a07a59c345b3fb: 349 ms
Input: 5250000,
Cold Start: false
Unique ID: 80a49c1d3cd116c2a7a3274897ce60bb,
Execution Time for Trace ID 80a49c1d3cd116c2a7a3274897ce60bb: 406 ms
Input: 5250000,
Cold Start: false
Unique ID: 007232580ca2c960affd4daa4f5d178f,
Execution Time for Trace ID 007232580ca2c960affd4daa4f5d178f: 385 ms
Input: 5250000,
Cold Start: false
Unique ID: 7f575bcb329e30317a49637dbc45129b,
Execution Time for Trace ID 7f575bcb329e30317a49637dbc45129b: 349 ms
Input: 5250000,
Cold Start: false
Unique ID: 6fc0ad9f0d5ae767ffeee285873627c6,
Execution Time for Trace ID 6fc0ad9f0d5ae767ffeee285873627c6: 404 ms
Input: 5250000,
Cold Start: false
Unique ID: 87e441242ba26278a02996c8f04fbab6,
Execution Time for Trace ID 87e441242ba26278a02996c8f04fbab6: 499 ms
Input: 5250000,
Cold Start: false
Unique ID: 291e9122ba0289800408f618361f60d3,
Execution Time for Trace ID 291e9122ba0289800408f618361f60d3: 446 ms
Input: 5250000,
Cold Start: false
Unique ID: c4e4e0a5c277a2d09842961328c97d0b,
Execution Time for Trace ID c4e4e0a5c277a2d09842961328c97d0b: 385 ms
Input: 5250000,
Cold Start: false
Unique ID: 2b93f8fae11c7dacfe0885b87297a221,
Execution Time for Trace ID 2b93f8fae11c7dacfe0885b87297a221: 354 ms
Input: 5250000,
Cold Start: false
Unique ID: 4849ae51c0b21567805c0cd98dfd6087,
Execution Time for Trace ID 4849ae51c0b21567805c0cd98dfd6087: 389 ms
Input: 5250000,
Cold Start: false
Unique ID: 1dfb42f1566d984ce44be97024d846e6,
Execution Time for Trace ID 1dfb42f1566d984ce44be97024d846e6: 387 ms
Input: 5250000,
Cold Start: false
Unique ID: ca75567595b470d2887479865463dada,
Execution Time for Trace ID ca75567595b470d2887479865463dada: 364 ms
Input: 5250000,
Cold Start: false
Unique ID: 5faa0105338d10e715f2998bc13273a5,
Execution Time for Trace ID 5faa0105338d10e715f2998bc13273a5: 347 ms
Input: 5250000,
Cold Start: false
Unique ID: 5dc42ea68d3018c91e9045d2f3a0298c,
Execution Time for Trace ID 5dc42ea68d3018c91e9045d2f3a0298c: 348 ms
Input: 5250000,
Cold Start: false
Unique ID: d16dbdf9267d99281c44d7fc7013770b,
Execution Time for Trace ID d16dbdf9267d99281c44d7fc7013770b: 409 ms
Input: 5250000,
Cold Start: false
Unique ID: a8e86aca52fe2fd062bd4cc9ae1601de,
Execution Time for Trace ID a8e86aca52fe2fd062bd4cc9ae1601de: 358 ms
Input: 5250000,
Cold Start: false
Unique ID: 7cb29992ca53d32d7e23d4f94405f933,
Execution Time for Trace ID 7cb29992ca53d32d7e23d4f94405f933: 350 ms
Input: 5250000,
Cold Start: false
Unique ID: 0159851673504b5d53f3c39f9a8fd00b,
Execution Time for Trace ID 0159851673504b5d53f3c39f9a8fd00b: 408 ms
Input: 5250000,
Cold Start: false
Unique ID: 6e849a5913dba0d79f6b8de0860509ea,
Execution Time for Trace ID 6e849a5913dba0d79f6b8de0860509ea: 352 ms
Input: 5250000,
Cold Start: false
Unique ID: 8bf6b58edd38e868694a2f7337ea8cd7,
Execution Time for Trace ID 8bf6b58edd38e868694a2f7337ea8cd7: 385 ms
Input: 5250000,
Cold Start: false
Unique ID: 9e61437381e2f759b04040bae71d5238,
Execution Time for Trace ID 9e61437381e2f759b04040bae71d5238: 407 ms
Input: 5250000,
Cold Start: false
Unique ID: 46086b202fb1bb6d196f8085cc2fc0e3,
Execution Time for Trace ID 46086b202fb1bb6d196f8085cc2fc0e3: 364 ms
Input: 5250000,
Cold Start: false
Unique ID: 88b92e8229aa544ab6426e7941a94740,
Execution Time for Trace ID 88b92e8229aa544ab6426e7941a94740: 401 ms
Input: 5250000,
Cold Start: false
Unique ID: fd307c6bdc228fed00747f773c13f48e,
Execution Time for Trace ID fd307c6bdc228fed00747f773c13f48e: 346 ms
Input: 5250000,
Cold Start: false
Unique ID: 6ac77d61b0d8574b2ff528fa9a342d5d,
Execution Time for Trace ID 6ac77d61b0d8574b2ff528fa9a342d5d: 384 ms
Input: 5250000,
Cold Start: false
Unique ID: 59a570fee7bcede52ce7285890a66cda,
Execution Time for Trace ID 59a570fee7bcede52ce7285890a66cda: 346 ms
Input: 5250000,
Cold Start: false
Unique ID: 8e01eb83ca6ed6dcaaab685267e4776a,
Execution Time for Trace ID 8e01eb83ca6ed6dcaaab685267e4776a: 412 ms
Input: 5250000,
Cold Start: false
Unique ID: 3b89fa2e36582be2b453417caf1c29a0,
Execution Time for Trace ID 3b89fa2e36582be2b453417caf1c29a0: 348 ms
Input: 5250000,
Cold Start: false
Unique ID: 5b5412f22517499eaaa9b90d2e76e596,
Execution Time for Trace ID 5b5412f22517499eaaa9b90d2e76e596: 403 ms
Input: 5250000,
Cold Start: false
Unique ID: f2122ce543cac4056509b8fb94f4e90b,
Execution Time for Trace ID f2122ce543cac4056509b8fb94f4e90b: 384 ms
Input: 5250000,
Cold Start: false
Unique ID: c6d15f61a8c85dd824882ef5155ad117,
Execution Time for Trace ID c6d15f61a8c85dd824882ef5155ad117: 396 ms
Input: 5250000,
Cold Start: false
Unique ID: 7afb6e90963725574c6d1bc9356db032,
Execution Time for Trace ID 7afb6e90963725574c6d1bc9356db032: 356 ms
Input: 5250000,
Cold Start: false
Unique ID: a7377c05a5ff55524b3d64e3c1a792c3,
Execution Time for Trace ID a7377c05a5ff55524b3d64e3c1a792c3: 348 ms
Input: 5250000,
Cold Start: false
Unique ID: 5203c5ee9a4011681d77a4c510e545c1,
Execution Time for Trace ID 5203c5ee9a4011681d77a4c510e545c1: 401 ms
Input: 5250000,
Cold Start: false
Unique ID: 5e87e3df8d954b319a792523ce2efbad,
Execution Time for Trace ID 5e87e3df8d954b319a792523ce2efbad: 377 ms
Input: 5250000,
Cold Start: false
Unique ID: 860d55fd5caeb70e78da013ca6f70dd5,
Execution Time for Trace ID 860d55fd5caeb70e78da013ca6f70dd5: 350 ms
Input: 5250000,
Cold Start: false
Unique ID: 206f154f9213fa8ab85e534cea8d666e,
Execution Time for Trace ID 206f154f9213fa8ab85e534cea8d666e: 409 ms
Input: 5250000,
Cold Start: false
Unique ID: 2602940541ffac2800387356fd362004,
Execution Time for Trace ID 2602940541ffac2800387356fd362004: 350 ms
Input: 5250000,
Cold Start: false
Unique ID: 837c5a3126c426850541fdda92db7e8e,
Execution Time for Trace ID 837c5a3126c426850541fdda92db7e8e: 381 ms
Input: 5250000,
Cold Start: false
Unique ID: 69ddb68d65bff045e5c27f2d161018de,
Execution Time for Trace ID 69ddb68d65bff045e5c27f2d161018de: 357 ms
Input: 5250000,
Cold Start: false
Unique ID: 668b3b3492716e8450ad9fcab55158ab,
Execution Time for Trace ID 668b3b3492716e8450ad9fcab55158ab: 409 ms
Input: 5250000,
Cold Start: false
Unique ID: 30c051cf9546d854e09512849ebcfdcc,
Execution Time for Trace ID 30c051cf9546d854e09512849ebcfdcc: 402 ms
Input: 5250000,
Cold Start: false
Unique ID: d9bfc2812487d6c86939574bb35fa803,
Execution Time for Trace ID d9bfc2812487d6c86939574bb35fa803: 346 ms
Input: 5250000,
Cold Start: false
Unique ID: fb72787bbcd6ef3330350cc4ed1dc512,
Execution Time for Trace ID fb72787bbcd6ef3330350cc4ed1dc512: 349 ms
Input: 5250000,
Cold Start: false
Unique ID: fab174b19661a8b7d59de60ca5ad11b9,
Execution Time for Trace ID fab174b19661a8b7d59de60ca5ad11b9: 384 ms
Input: 5250000,
Cold Start: false
Unique ID: d9e2fdb44dc21829adfbd1bb410e2940,
Execution Time for Trace ID d9e2fdb44dc21829adfbd1bb410e2940: 405 ms
Input: 5250000,
Cold Start: false
Unique ID: 3e9c9a5acf58b352addd93c8c5c634b6,
Execution Time for Trace ID 3e9c9a5acf58b352addd93c8c5c634b6: 344 ms
Input: 5250000,
Cold Start: false
Unique ID: 1b99e2611f21000e47b0b7a6ffa43fff,
Execution Time for Trace ID 1b99e2611f21000e47b0b7a6ffa43fff: 352 ms
Input: 5250000,
Cold Start: false
Unique ID: 2137d790be01c441014baefd89127d48,
Execution Time for Trace ID 2137d790be01c441014baefd89127d48: 348 ms
Input: 5250000,
Cold Start: false
Unique ID: 12f04f8be9b51178ab03e6b93671ab9c,
Execution Time for Trace ID 12f04f8be9b51178ab03e6b93671ab9c: 388 ms
Input: 5250000,
Cold Start: false
Unique ID: b0d05a4c564529f02d4e90f656425d09,
Execution Time for Trace ID b0d05a4c564529f02d4e90f656425d09: 354 ms
Input: 5250000,
Cold Start: false
Unique ID: a94b68cbfc68bc9ada038e1ed016d9a9,
Execution Time for Trace ID a94b68cbfc68bc9ada038e1ed016d9a9: 383 ms
Input: 5250000,
Cold Start: false
Unique ID: 6d8b6d2f66ffa93e2fefd07370bc0497,
Execution Time for Trace ID 6d8b6d2f66ffa93e2fefd07370bc0497: 347 ms
Input: 5250000,
Cold Start: false
Unique ID: b349d4d1c8d8a11e15ca530fe3be9e8d,
Execution Time for Trace ID b349d4d1c8d8a11e15ca530fe3be9e8d: 352 ms
Input: 5250000,
Cold Start: false
Unique ID: b02c9e1f1fde242b770ed4a1943d49e1,
Execution Time for Trace ID b02c9e1f1fde242b770ed4a1943d49e1: 385 ms
Input: 5250000,
Cold Start: false
Unique ID: ac381bc2e236092b880ac5b2c64c8108,
Execution Time for Trace ID ac381bc2e236092b880ac5b2c64c8108: 485 ms
Input: 5250000,
Cold Start: false
Unique ID: 5ea63fed088ee459014a157f8598736c,
Execution Time for Trace ID 5ea63fed088ee459014a157f8598736c: 452 ms
Input: 5250000,
Cold Start: false
Unique ID: 4ec8fe01ca5b1fdd8ec7fc2f8427800f,
Execution Time for Trace ID 4ec8fe01ca5b1fdd8ec7fc2f8427800f: 384 ms
Input: 5250000,
Cold Start: false
Unique ID: c889e7a37fd62875d8eba1ec2dad9f49,
Execution Time for Trace ID c889e7a37fd62875d8eba1ec2dad9f49: 349 ms
Input: 5250000,
Cold Start: false
Unique ID: fbefe1eade3ce6c2a8fbd5cb241c8461,
Execution Time for Trace ID fbefe1eade3ce6c2a8fbd5cb241c8461: 401 ms
Input: 5250000,
Cold Start: false
Unique ID: 65dfe029f9e2c2c346f4cc6587d60d05,
Execution Time for Trace ID 65dfe029f9e2c2c346f4cc6587d60d05: 348 ms
Input: 5250000,
Cold Start: false
Unique ID: 56f8f329b231922b79e5d1e552e41d29,
Execution Time for Trace ID 56f8f329b231922b79e5d1e552e41d29: 360 ms
Input: 5250000,
Cold Start: false
Unique ID: c082ee0f46f82d3666acbee645d21401,
Execution Time for Trace ID c082ee0f46f82d3666acbee645d21401: 406 ms
Input: 5250000,
Cold Start: false
Unique ID: cb88a14f8bc26e82861785291412f985,
Execution Time for Trace ID cb88a14f8bc26e82861785291412f985: 361 ms
Input: 5250000,
Cold Start: false
Unique ID: f07f568f809bc956d9708f5483750f9b,
Execution Time for Trace ID f07f568f809bc956d9708f5483750f9b: 405 ms
Input: 5250000,
Cold Start: false
Unique ID: ae94d967d40ab024444fbeef2efd2ee8,
Execution Time for Trace ID ae94d967d40ab024444fbeef2efd2ee8: 406 ms
Input: 5250000,
Cold Start: false
Unique ID: 8e2fb2e720a20976d019527be9ea7f2e,
Execution Time for Trace ID 8e2fb2e720a20976d019527be9ea7f2e: 353 ms
Input: 5250000,
Cold Start: false
Unique ID: 3a46b17e48fb3ad9b630107e5011d5d8,
Execution Time for Trace ID 3a46b17e48fb3ad9b630107e5011d5d8: 380 ms
Input: 5250000,
Cold Start: false
Unique ID: 8857486b310bfa49e74ef59fe24c237a,
Execution Time for Trace ID 8857486b310bfa49e74ef59fe24c237a: 346 ms
Input: 5250000,
Cold Start: false
Unique ID: 91e3b60bde2940c84aa1d8784e2916cc,
Execution Time for Trace ID 91e3b60bde2940c84aa1d8784e2916cc: 399 ms
Input: 5250000,
Cold Start: false
Unique ID: 8829c56ef271eef4f543cb2652a4a80e,
Execution Time for Trace ID 8829c56ef271eef4f543cb2652a4a80e: 405 ms
Input: 5250000,
Cold Start: false
Unique ID: 5d1b27a6876712b34c1621a70d389641,
Execution Time for Trace ID 5d1b27a6876712b34c1621a70d389641: 355 ms
Input: 5250000,
Cold Start: false
Unique ID: 95b359aa33d7cfbb9613e834b8cf0f13,
Execution Time for Trace ID 95b359aa33d7cfbb9613e834b8cf0f13: 371 ms
Input: 5250000,
Cold Start: false
Unique ID: e598e3196179057bb52ea9ca1af4979d,
Execution Time for Trace ID e598e3196179057bb52ea9ca1af4979d: 343 ms
Input: 5250000,
Cold Start: false
Unique ID: 4135155f8d6eee7a3870b72bbb88591a,
Execution Time for Trace ID 4135155f8d6eee7a3870b72bbb88591a: 382 ms
Input: 5250000,
Cold Start: false
Unique ID: c11388a346508a24649e1c303192c2ac,
Execution Time for Trace ID c11388a346508a24649e1c303192c2ac: 355 ms
Input: 5250000,
Cold Start: false
Unique ID: 35e124fdfd0da2c785d5a9734377d46e,
Execution Time for Trace ID 35e124fdfd0da2c785d5a9734377d46e: 409 ms
Input: 5250000,
Cold Start: false
Unique ID: 8e7f7dff3542d313ab2c469292e8f194,
Execution Time for Trace ID 8e7f7dff3542d313ab2c469292e8f194: 384 ms
Input: 5250000,
Cold Start: false
Unique ID: 6aab430b153ddde1b3f605f9cf5979af,
Execution Time for Trace ID 6aab430b153ddde1b3f605f9cf5979af: 342 ms
Input: 5250000,
Cold Start: false
Unique ID: 51ab2ec6e1aa8ee219992ee0ebbefba9,
Execution Time for Trace ID 51ab2ec6e1aa8ee219992ee0ebbefba9: 404 ms
Input: 5250000,
Cold Start: false
Unique ID: 113f6052308623a216fcaac51c30aead,
Execution Time for Trace ID 113f6052308623a216fcaac51c30aead: 370 ms
Input: 5250000,
Cold Start: false
Unique ID: a86207dea39159aeac01238170480838,
Execution Time for Trace ID a86207dea39159aeac01238170480838: 382 ms
Input: 5250000,
Cold Start: false
Unique ID: 8c1f0a95e36cfb2e6cea896d854a52f3,
Execution Time for Trace ID 8c1f0a95e36cfb2e6cea896d854a52f3: 383 ms
Input: 5250000,
Cold Start: false
Unique ID: 71b5ad50c3a399df3ceaae81bfd45d36,
Execution Time for Trace ID 71b5ad50c3a399df3ceaae81bfd45d36: 353 ms
Input: 5250000,
Cold Start: false
Unique ID: 2cb7b6c72f09a9c2ff733b55c1a265ee,
Execution Time for Trace ID 2cb7b6c72f09a9c2ff733b55c1a265ee: 383 ms
Input: 5250000,
Cold Start: false
Unique ID: d34a169f164196a107fa32f30bbda78a,
Execution Time for Trace ID d34a169f164196a107fa32f30bbda78a: 400 ms
Input: 5250000,
Cold Start: false
Unique ID: 7f95540d3726985de615d08916c513fb,
Execution Time for Trace ID 7f95540d3726985de615d08916c513fb: 363 ms
Input: 5250000,
Cold Start: false
Unique ID: eccab014f287d91edde4ae3b26be9c41,
Execution Time for Trace ID eccab014f287d91edde4ae3b26be9c41: 384 ms
Input: 5250000,
Cold Start: false
Unique ID: c584837eae486a287597477a497ac0ee,
Execution Time for Trace ID c584837eae486a287597477a497ac0ee: 347 ms
Input: 5250000,
Cold Start: false
Unique ID: 7545ac0e8fddade32b52924f1fa8a141,
Execution Time for Trace ID 7545ac0e8fddade32b52924f1fa8a141: 411 ms
Input: 5250000,
Cold Start: false
Unique ID: a5d6ff853b26d9f86d0f252292fdaf4f,
Execution Time for Trace ID a5d6ff853b26d9f86d0f252292fdaf4f: 444 ms
Input: 5250000,
Cold Start: false
Unique ID: 71cb0f2c6990c474d56b8d541166fdb9,
Execution Time for Trace ID 71cb0f2c6990c474d56b8d541166fdb9: 472 ms
Input: 5250000,
Cold Start: false
Unique ID: f5ab7adcfa73d75a3d032a2133184b31,
Execution Time for Trace ID f5ab7adcfa73d75a3d032a2133184b31: 415 ms
Input: 5250000,
Cold Start: false
Unique ID: 963f401bc5f5a3d5b6bcc5d28e0e92d0,
Execution Time for Trace ID 963f401bc5f5a3d5b6bcc5d28e0e92d0: 369 ms
Input: 5250000,
Cold Start: false
Unique ID: 6b2d8751ee4fb75fc0bc2ef36357820c,
Execution Time for Trace ID 6b2d8751ee4fb75fc0bc2ef36357820c: 411 ms
Input: 5250000,
Cold Start: false
Unique ID: 2e9969c2943a770117d07ccb0a94f5c7,
Execution Time for Trace ID 2e9969c2943a770117d07ccb0a94f5c7: 529 ms
Input: 5250000,
Cold Start: false
Unique ID: 1cd612f13c2f7c1aba86ae7548f8b3f3,
Execution Time for Trace ID 1cd612f13c2f7c1aba86ae7548f8b3f3: 489 ms
Input: 5250000,
Cold Start: false
Unique ID: 74a0f07bdd1420f522fcdc0d5fbf6d31,
Execution Time for Trace ID 74a0f07bdd1420f522fcdc0d5fbf6d31: 387 ms
Input: 5250000,
Cold Start: false
Unique ID: 8072db621f5a722fda6c651f86d70310,
Execution Time for Trace ID 8072db621f5a722fda6c651f86d70310: 347 ms
Input: 5250000,
Cold Start: false
Unique ID: 71801095f590c0fa33e329561b25ff31,
Execution Time for Trace ID 71801095f590c0fa33e329561b25ff31: 397 ms
Input: 5250000,
Cold Start: false
Unique ID: d024fd88bdbb17e85c189ef131d7ff43,
Execution Time for Trace ID d024fd88bdbb17e85c189ef131d7ff43: 523 ms
Input: 5250000,
Cold Start: false
Unique ID: a9b796946ff731749d07d7f9ed78d926,
Execution Time for Trace ID a9b796946ff731749d07d7f9ed78d926: 550 ms
Input: 5250000,
Cold Start: false
Unique ID: 882fb0f94839bb9df769f1e00cb1134b,
Execution Time for Trace ID 882fb0f94839bb9df769f1e00cb1134b: 391 ms
Input: 5250000,
Cold Start: false
Unique ID: f110d05726db2227a300b8b2644cf562,
Execution Time for Trace ID f110d05726db2227a300b8b2644cf562: 348 ms
Input: 5250000,
Cold Start: false
Unique ID: fa9853522aa55cdb2b237bf01340a4f9,
Execution Time for Trace ID fa9853522aa55cdb2b237bf01340a4f9: 401 ms
Input: 5250000,
Cold Start: false
Unique ID: 3b75dbb2151ad7822c50c62593f7335f,
Execution Time for Trace ID 3b75dbb2151ad7822c50c62593f7335f: 420 ms
Input: 5250000,
Cold Start: false
Unique ID: 232e32b397710ba22c76bba0019568ab,
Execution Time for Trace ID 232e32b397710ba22c76bba0019568ab: 385 ms
Input: 5250000,
Cold Start: false
Unique ID: 28a5e4c8de240d02e8ad4f2dc24ac6aa,
Execution Time for Trace ID 28a5e4c8de240d02e8ad4f2dc24ac6aa: 348 ms
Input: 5250000,
Cold Start: false
Unique ID: 54ee1df84ac1f988f2d2076548791f4d,
Execution Time for Trace ID 54ee1df84ac1f988f2d2076548791f4d: 388 ms
Input: 5250000,
Cold Start: false
Unique ID: 39c527532765aa477979f15734aa1f23,
Execution Time for Trace ID 39c527532765aa477979f15734aa1f23: 405 ms
Input: 5250000,
Cold Start: false
Unique ID: 2c407e3992e4fcbfb9ae402437eab218,
Execution Time for Trace ID 2c407e3992e4fcbfb9ae402437eab218: 529 ms
Input: 5250000,
Cold Start: false
Unique ID: 7b51bf8d86ed43a478453a059b3d9c39,
Execution Time for Trace ID 7b51bf8d86ed43a478453a059b3d9c39: 488 ms
Input: 5250000,
Cold Start: false
Unique ID: f74df0696c91e052e27b78039e05c56e,
Execution Time for Trace ID f74df0696c91e052e27b78039e05c56e: 387 ms
Input: 5250000,
Cold Start: false
Unique ID: 4632e3e6090c6b6c3bebf9dd9b66693c,
Execution Time for Trace ID 4632e3e6090c6b6c3bebf9dd9b66693c: 357 ms
Input: 5250000,
Cold Start: false
Unique ID: 66f468f4013a21d274aa3ff278befe88,
Execution Time for Trace ID 66f468f4013a21d274aa3ff278befe88: 389 ms
Input: 5250000,
Cold Start: false
Unique ID: 3614deb3490a05de71a1f69fbd208b88,
Execution Time for Trace ID 3614deb3490a05de71a1f69fbd208b88: 360 ms
Input: 5250000,
Cold Start: false
Unique ID: b709214bbe9a17fdc46bb594333bbd02,
Execution Time for Trace ID b709214bbe9a17fdc46bb594333bbd02: 412 ms
Input: 5250000,
Cold Start: false
Unique ID: e7fd208965c57c1636b4ae37670d4949,
Execution Time for Trace ID e7fd208965c57c1636b4ae37670d4949: 393 ms
Input: 5250000,
Cold Start: false
Unique ID: 77c703387526baf273b3ac02f5b29115,
Execution Time for Trace ID 77c703387526baf273b3ac02f5b29115: 357 ms
Input: 5250000,
Cold Start: false
Unique ID: a327ebc8fe368e72c995bc9b02e9271b,
Execution Time for Trace ID a327ebc8fe368e72c995bc9b02e9271b: 407 ms
Input: 5250000,
Cold Start: false
Unique ID: 115408e7dcf8cef5f4bf4bc2a2e38441,
Execution Time for Trace ID 115408e7dcf8cef5f4bf4bc2a2e38441: 362 ms
Input: 5250000,
Cold Start: false
Unique ID: 60e8b73d5e1a01927d0195f4c57b18e2,
Execution Time for Trace ID 60e8b73d5e1a01927d0195f4c57b18e2: 399 ms
Input: 5250000,
Cold Start: false
Unique ID: 043bd94b900589c6bfeaad4a60d6bdaf,
Execution Time for Trace ID 043bd94b900589c6bfeaad4a60d6bdaf: 355 ms
Input: 5250000,
Cold Start: false
Unique ID: 6215944cbd7164c6b80b8bd428c497ca,
Execution Time for Trace ID 6215944cbd7164c6b80b8bd428c497ca: 385 ms
Input: 5250000,
Cold Start: false
Unique ID: 7938a6211f17567bffff1ddf5ae9fe45,
Execution Time for Trace ID 7938a6211f17567bffff1ddf5ae9fe45: 342 ms
Input: 5250000,
Cold Start: false
Unique ID: e1670cc8d2646b18498016c0c17f20be,
Execution Time for Trace ID e1670cc8d2646b18498016c0c17f20be: 454 ms
Input: 5250000,
Cold Start: false
Unique ID: f7398aec12286ac9ca6b7bf3fdc545bd,
Execution Time for Trace ID f7398aec12286ac9ca6b7bf3fdc545bd: 508 ms
Input: 5250000,
Cold Start: false
Unique ID: 437bf5ad2538c9c700f53aadc16ef47a,
Execution Time for Trace ID 437bf5ad2538c9c700f53aadc16ef47a: 348 ms
Input: 5250000,
Cold Start: false
Unique ID: 5df8f66b1423c29b61f9c4ada5c418fb,
Execution Time for Trace ID 5df8f66b1423c29b61f9c4ada5c418fb: 400 ms
Input: 5250000,
Cold Start: false
Unique ID: fec394a5e61849d9d593a150cdc9b14a,
Execution Time for Trace ID fec394a5e61849d9d593a150cdc9b14a: 387 ms
Input: 5250000,
Cold Start: false
Unique ID: 5b8a477da0f8c3c974c8a63fa713aefb,
Execution Time for Trace ID 5b8a477da0f8c3c974c8a63fa713aefb: 345 ms
Input: 5250000,
Cold Start: false
Unique ID: 7bffeccbe45c82e196c01bac05c4345d,
Execution Time for Trace ID 7bffeccbe45c82e196c01bac05c4345d: 352 ms
Input: 5250000,
Cold Start: false
Unique ID: 2637d90163647167e8fb4c1f024eb5ed,
Execution Time for Trace ID 2637d90163647167e8fb4c1f024eb5ed: 398 ms
Input: 5250000,
Cold Start: false
Unique ID: 870f9a7a7fcb44269e7af74b88f4cb30,
Execution Time for Trace ID 870f9a7a7fcb44269e7af74b88f4cb30: 348 ms
Input: 5250000,
Cold Start: false
Unique ID: b9dd7b3dd493264a59c8bb202ed4722c,
Execution Time for Trace ID b9dd7b3dd493264a59c8bb202ed4722c: 381 ms
Input: 5250000,
Cold Start: false
Unique ID: 1d62490c6ae400a8290a21e0c2c0c32f,
Execution Time for Trace ID 1d62490c6ae400a8290a21e0c2c0c32f: 501 ms
Input: 5250000,
Cold Start: false
Unique ID: b2993f4b21d722c7606f95302430f715,
Execution Time for Trace ID b2993f4b21d722c7606f95302430f715: 539 ms
Input: 5250000,
Cold Start: false
Unique ID: 9268a983ca386d01b2e18613212397d5,
Execution Time for Trace ID 9268a983ca386d01b2e18613212397d5: 382 ms
Input: 5250000,
Cold Start: false
Unique ID: 5f4aff7e20d6ce92754a4b95ee66084c,
Execution Time for Trace ID 5f4aff7e20d6ce92754a4b95ee66084c: 347 ms
Input: 5250000,
Cold Start: false
Unique ID: c7140716c64a41bfa4f6fea27d738fad,
Execution Time for Trace ID c7140716c64a41bfa4f6fea27d738fad: 414 ms
Input: 5250000,
Cold Start: false
Unique ID: f2fdcdaa8f232ccd126563ea2d2702a8,
Execution Time for Trace ID f2fdcdaa8f232ccd126563ea2d2702a8: 406 ms
Input: 5250000,
Cold Start: false
Unique ID: 58e42064c4a281d67498840e12b7970b,
Execution Time for Trace ID 58e42064c4a281d67498840e12b7970b: 357 ms
Input: 5250000,
Cold Start: false
Unique ID: 9778c0427f6a622923e110fe7b26378d,
Execution Time for Trace ID 9778c0427f6a622923e110fe7b26378d: 392 ms
Input: 5250000,
Cold Start: false
Unique ID: 071024c5936e8fce15def9934f4746c8,
Execution Time for Trace ID 071024c5936e8fce15def9934f4746c8: 351 ms
Input: 5250000,
Cold Start: false
Unique ID: bd42fd512c9d0bd839a1a3b176557acf,
Execution Time for Trace ID bd42fd512c9d0bd839a1a3b176557acf: 408 ms
Input: 5250000,
Cold Start: false
Unique ID: cd873ce4403e5c925b4b1c11bdecd902,
Execution Time for Trace ID cd873ce4403e5c925b4b1c11bdecd902: 407 ms
Input: 5250000,
Cold Start: false
Unique ID: 5ebab6b43829f0858df916bc24d42aa4,
Execution Time for Trace ID 5ebab6b43829f0858df916bc24d42aa4: 355 ms
Input: 5250000,
Cold Start: false
Unique ID: 3eeaf7e8087a1bac72583eccabe8a4a6,
Execution Time for Trace ID 3eeaf7e8087a1bac72583eccabe8a4a6: 340 ms
Input: 5250000,
Cold Start: false
Unique ID: a5abe77071eb05f3fdb39bfa60462632,
Execution Time for Trace ID a5abe77071eb05f3fdb39bfa60462632: 410 ms
Input: 5250000,
Cold Start: false
Unique ID: fe5c50931f6a3467d3f9e18e0078e7b5,
Execution Time for Trace ID fe5c50931f6a3467d3f9e18e0078e7b5: 385 ms
Input: 5250000,
Cold Start: false
Unique ID: c99d8850bdb50e2029731edcb20482a9,
Execution Time for Trace ID c99d8850bdb50e2029731edcb20482a9: 492 ms
Input: 5250000,
Cold Start: false
Unique ID: 5cb0f23c19eb334c4c178cfe7d097727,
Execution Time for Trace ID 5cb0f23c19eb334c4c178cfe7d097727: 443 ms
Input: 5250000,
Cold Start: false
Unique ID: 999a74b1b7389ea43ed4219c3b9992fe,
Execution Time for Trace ID 999a74b1b7389ea43ed4219c3b9992fe: 393 ms
Input: 5250000,
Cold Start: false
Unique ID: a5fc8d474d174cebd2905a875c06f3f2,
Execution Time for Trace ID a5fc8d474d174cebd2905a875c06f3f2: 348 ms
Input: 5250000,
Cold Start: false
Unique ID: d399e1eddb2f6375081bf762396cdd1e,
Execution Time for Trace ID d399e1eddb2f6375081bf762396cdd1e: 402 ms
Input: 5250000,
Cold Start: false
Unique ID: 5b723af6a281f66a0e2198b787bc49bb,
Execution Time for Trace ID 5b723af6a281f66a0e2198b787bc49bb: 402 ms
Input: 5250000,
Cold Start: false
Unique ID: 9b2e054fe6ce812303cee642974cc613,
Execution Time for Trace ID 9b2e054fe6ce812303cee642974cc613: 348 ms
Input: 5250000,
Cold Start: false
Unique ID: 950d3146e37cbb7570b7085be575cf8b,
Execution Time for Trace ID 950d3146e37cbb7570b7085be575cf8b: 400 ms
Input: 5250000,
Cold Start: false
Unique ID: 4e1e31bb8bb6986325b04b05e28fad3c,
Execution Time for Trace ID 4e1e31bb8bb6986325b04b05e28fad3c: 364 ms
Input: 5250000,
Cold Start: false
Unique ID: 828b250b01365b8d6b5220e971a8a02f,
Execution Time for Trace ID 828b250b01365b8d6b5220e971a8a02f: 397 ms
Input: 5250000,
Cold Start: false
Unique ID: 62af9f50903248b8f15c77f22aef837a,
Execution Time for Trace ID 62af9f50903248b8f15c77f22aef837a: 414 ms
Input: 5250000,
Cold Start: false
Unique ID: a9aac4c2c6f051a63409562252135bc6,
Execution Time for Trace ID a9aac4c2c6f051a63409562252135bc6: 360 ms
Input: 5250000,
Cold Start: false
Unique ID: 9960b14b0772285133718a6dab8feb65,
Execution Time for Trace ID 9960b14b0772285133718a6dab8feb65: 386 ms
Input: 5250000,
Cold Start: false
Unique ID: 041052ec2bff85b56966a7f9847be8a8,
Execution Time for Trace ID 041052ec2bff85b56966a7f9847be8a8: 350 ms
Input: 5250000,
Cold Start: false
Unique ID: bbb7e769b81ff6e1deda2d5b5cc81995,
Execution Time for Trace ID bbb7e769b81ff6e1deda2d5b5cc81995: 404 ms
Input: 5250000,
Cold Start: false
Unique ID: 8ae3ef335e322446e4e2ab9bf7a6a741,
Execution Time for Trace ID 8ae3ef335e322446e4e2ab9bf7a6a741: 349 ms
Input: 5250000,
Cold Start: false
Unique ID: 9404bcba509be8a41e45cadcee6eac1d,
Execution Time for Trace ID 9404bcba509be8a41e45cadcee6eac1d: 409 ms
Input: 5250000,
Cold Start: false
Unique ID: 506e4b29e95b43eee601e6af4908883c,
Execution Time for Trace ID 506e4b29e95b43eee601e6af4908883c: 388 ms
Input: 5250000,
Cold Start: false
Unique ID: 706328f9df398f3ccd6b810cca06b633,
Execution Time for Trace ID 706328f9df398f3ccd6b810cca06b633: 351 ms
Input: 5250000,
Cold Start: false
Unique ID: a078840088cb4d466cda07a270a9ba1b,
Execution Time for Trace ID a078840088cb4d466cda07a270a9ba1b: 407 ms
Input: 5250000,
Cold Start: false
Unique ID: 4b9744ee836247dad88e95e94565b194,
Execution Time for Trace ID 4b9744ee836247dad88e95e94565b194: 410 ms
Input: 5250000,
Cold Start: false
Unique ID: 16980ba08f6d47ce6c3081bcf396908f,
Execution Time for Trace ID 16980ba08f6d47ce6c3081bcf396908f: 387 ms
Input: 5250000,
Cold Start: false
Unique ID: 90666a4fe3ed59f5db00a9b5363423bc,
Execution Time for Trace ID 90666a4fe3ed59f5db00a9b5363423bc: 346 ms
Input: 5250000,
Cold Start: false
Unique ID: 8f4a039a5314bd0f10d20fe093eeb399,
Execution Time for Trace ID 8f4a039a5314bd0f10d20fe093eeb399: 397 ms
Input: 5250000,
Cold Start: false
Unique ID: 947861bb77b5e93a90283626c32ba4a4,
Execution Time for Trace ID 947861bb77b5e93a90283626c32ba4a4: 380 ms
Input: 5250000,
Cold Start: false
Unique ID: a5acc789f8dbb76434dca86187af2d4a,
Execution Time for Trace ID a5acc789f8dbb76434dca86187af2d4a: 349 ms
Input: 5250000,
Cold Start: false
Unique ID: b00325cd95b7fdff32a70d350a3d497d,
Execution Time for Trace ID b00325cd95b7fdff32a70d350a3d497d: 346 ms
Input: 5250000,
Cold Start: false
Unique ID: 4b3f9b378ef8e75705dfc45e34425e8e,
Execution Time for Trace ID 4b3f9b378ef8e75705dfc45e34425e8e: 390 ms
Input: 5250000,
Cold Start: false
Unique ID: 5d2b33d136ace4bd4895160a281d23b0,
Execution Time for Trace ID 5d2b33d136ace4bd4895160a281d23b0: 358 ms
Input: 5250000,
Cold Start: false
Unique ID: 75b325c793a36afe7d2b48d1c56817be,
Execution Time for Trace ID 75b325c793a36afe7d2b48d1c56817be: 343 ms
Input: 5250000,
Cold Start: false
Unique ID: 4e0ac74fa046d3c470c35203ecb96588,
Execution Time for Trace ID 4e0ac74fa046d3c470c35203ecb96588: 406 ms
Input: 5250000,
Cold Start: false
Unique ID: 8ddab4cac50205085fc266ffbeb47ea5,
Execution Time for Trace ID 8ddab4cac50205085fc266ffbeb47ea5: 358 ms
Input: 5250000,
Cold Start: false
Unique ID: b017e1a93f43e6a5966a2dbe880da409,
Execution Time for Trace ID b017e1a93f43e6a5966a2dbe880da409: 392 ms
Input: 5250000,
Cold Start: false
Unique ID: ef6dd78e094266f920573016a41c9058,
Execution Time for Trace ID ef6dd78e094266f920573016a41c9058: 351 ms
Input: 5250000,
Cold Start: false
Unique ID: bc0dadccb6695ae0f167829e1f2f080d,
Execution Time for Trace ID bc0dadccb6695ae0f167829e1f2f080d: 392 ms
Input: 5250000,
Cold Start: false
Unique ID: b816e61c69842a6ff5ec582096bb7d77,
Execution Time for Trace ID b816e61c69842a6ff5ec582096bb7d77: 348 ms
Input: 5250000,
Cold Start: false
Unique ID: 8309c8019c5fcc5c796c69da126bf0cf,
Execution Time for Trace ID 8309c8019c5fcc5c796c69da126bf0cf: 406 ms
Input: 5250000,
Cold Start: false
Unique ID: 0097a00ceb080b5ff80356fd15c6ce00,
Execution Time for Trace ID 0097a00ceb080b5ff80356fd15c6ce00: 349 ms
Input: 5250000,
Cold Start: false
Unique ID: 1b6ecb0dcbe11893115091e01c6a8f57,
Execution Time for Trace ID 1b6ecb0dcbe11893115091e01c6a8f57: 352 ms
Input: 5250000,
Cold Start: false
Unique ID: 1292ca812aa9550a552147b2075f513c,
Execution Time for Trace ID 1292ca812aa9550a552147b2075f513c: 406 ms
Input: 5250000,
Cold Start: false
Unique ID: 001558d2b7f459abad2f70c5db833aba,
Execution Time for Trace ID 001558d2b7f459abad2f70c5db833aba: 361 ms
Input: 5250000,
Cold Start: false
Unique ID: 040c780dee395d812729f180b5c68c20,
Execution Time for Trace ID 040c780dee395d812729f180b5c68c20: 407 ms
Input: 5250000,
Cold Start: false
Unique ID: 96b48e6328903a8d635c2bafb7e13b59,
Execution Time for Trace ID 96b48e6328903a8d635c2bafb7e13b59: 368 ms
Input: 5250000,
Cold Start: false
Unique ID: a3b6e525aba0c50a16da7fd1ad1b5771,
Execution Time for Trace ID a3b6e525aba0c50a16da7fd1ad1b5771: 354 ms
Input: 5250000,
Cold Start: false
Unique ID: 7c874f41ea2fc7535e56a2e82c3654c2,
Execution Time for Trace ID 7c874f41ea2fc7535e56a2e82c3654c2: 385 ms
Input: 5250000,
Cold Start: false
Unique ID: 3fec8b73e5222a9b1f4531d699306d46,
Execution Time for Trace ID 3fec8b73e5222a9b1f4531d699306d46: 418 ms
Input: 5250000,
Cold Start: false
Unique ID: ec06ea26c48d42dbe5f22dbab5f9a8e2,
Execution Time for Trace ID ec06ea26c48d42dbe5f22dbab5f9a8e2: 367 ms
Input: 5250000,
Cold Start: false
Unique ID: 0cee7e38066501cd4b8ea07060ecf53f,
Execution Time for Trace ID 0cee7e38066501cd4b8ea07060ecf53f: 404 ms
Input: 5250000,
Cold Start: false
Unique ID: d5cf335d76cc18fe68a0662dd17d33bf,
Execution Time for Trace ID d5cf335d76cc18fe68a0662dd17d33bf: 357 ms
Input: 5250000,
Cold Start: false
Unique ID: 7d72688e0e85266516da7fd1ad1b571c,
Execution Time for Trace ID 7d72688e0e85266516da7fd1ad1b571c: 394 ms
Input: 5250000,
Cold Start: false
Unique ID: 74e57c6706d1f28a36124889e2fdb2ed,
Execution Time for Trace ID 74e57c6706d1f28a36124889e2fdb2ed: 355 ms
Input: 5250000,
Cold Start: false
Unique ID: ae2db7af255a215ef54dd951388a9426,
Execution Time for Trace ID ae2db7af255a215ef54dd951388a9426: 413 ms
Input: 5250000,
Cold Start: false
Unique ID: 9019d740f478d658d9d770552f06dbeb,
Execution Time for Trace ID 9019d740f478d658d9d770552f06dbeb: 348 ms
Input: 5250000,
Cold Start: false
Unique ID: cfb27556c108643fc43bf89bdead0297,
Execution Time for Trace ID cfb27556c108643fc43bf89bdead0297: 401 ms
Input: 5250000,
Cold Start: false
Unique ID: 7e25aeb9e3a557eee616f9b455bea23d,
Execution Time for Trace ID 7e25aeb9e3a557eee616f9b455bea23d: 385 ms
Input: 5250000,
Cold Start: false
Unique ID: 88d3e3f3db13bda37ffba58c98955838,
Execution Time for Trace ID 88d3e3f3db13bda37ffba58c98955838: 347 ms
Input: 5250000,
Cold Start: false
Unique ID: b090f54fe2c148a7a4012b64fcca77fd,
Execution Time for Trace ID b090f54fe2c148a7a4012b64fcca77fd: 403 ms
Input: 5250000,
Cold Start: false
Unique ID: 40fdff8d4b6ebc9b2877cfe3d02839b0,
Execution Time for Trace ID 40fdff8d4b6ebc9b2877cfe3d02839b0: 346 ms
Input: 5250000,
Cold Start: false
Unique ID: b95aa2e7f77da5c7c4cc71dc1ca62105,
Execution Time for Trace ID b95aa2e7f77da5c7c4cc71dc1ca62105: 405 ms
Input: 5250000,
Cold Start: false
Unique ID: f80a5c50c378c3eac8bd55082584bd20,
Execution Time for Trace ID f80a5c50c378c3eac8bd55082584bd20: 385 ms
Input: 5250000,
Cold Start: false
Unique ID: 0767e7290314dbe47bb1cecdba7a047b,
Execution Time for Trace ID 0767e7290314dbe47bb1cecdba7a047b: 348 ms
Input: 5250000,
Cold Start: false
Unique ID: e66ed3ed302ec57f1f83295454145512,
Execution Time for Trace ID e66ed3ed302ec57f1f83295454145512: 349 ms
Input: 5250000,
Cold Start: false
Unique ID: 7bda102a6f3900a3c17df5c27e3a4e5d,
Execution Time for Trace ID 7bda102a6f3900a3c17df5c27e3a4e5d: 395 ms
Input: 5250000,
Cold Start: false
Unique ID: 7ed52b730883eede53b853ff52029fab,
Execution Time for Trace ID 7ed52b730883eede53b853ff52029fab: 356 ms
Input: 5250000,
Cold Start: false
Unique ID: d8bbdea7b1aa705e56380c067474832b,
Execution Time for Trace ID d8bbdea7b1aa705e56380c067474832b: 393 ms
Input: 5250000,
Cold Start: false
Unique ID: fe9701029b987b23182e8a3dfc12e9ee,
Execution Time for Trace ID fe9701029b987b23182e8a3dfc12e9ee: 541 ms
Input: 5250000,
Cold Start: false
Unique ID: 4be49da2515952382b2225c16df0e231,
Execution Time for Trace ID 4be49da2515952382b2225c16df0e231: 563 ms
Input: 5250000,
Cold Start: false
Unique ID: ca6948bf1b0786af00c3dc135cd6fe2b,
Execution Time for Trace ID ca6948bf1b0786af00c3dc135cd6fe2b: 392 ms
Input: 5250000,
Cold Start: false
Unique ID: 4df15fe05bff9fda54e6916057f7b97f,
Execution Time for Trace ID 4df15fe05bff9fda54e6916057f7b97f: 350 ms
Input: 5250000,
Cold Start: false
Unique ID: 4a73c10bcc19ab687c92ed247f6f467e,
Execution Time for Trace ID 4a73c10bcc19ab687c92ed247f6f467e: 415 ms
Input: 5250000,
Cold Start: false
Unique ID: 486357172cb08fca81aacd9d6b2495c0,
Execution Time for Trace ID 486357172cb08fca81aacd9d6b2495c0: 402 ms
Input: 5250000,
Cold Start: false
Unique ID: 64fe5564b4885f94d4a9ddff92021ea4,
Execution Time for Trace ID 64fe5564b4885f94d4a9ddff92021ea4: 353 ms
Input: 5250000,
Cold Start: false
Unique ID: a3ea317394861a32f30c3b41bcd0ecd3,
Execution Time for Trace ID a3ea317394861a32f30c3b41bcd0ecd3: 352 ms
Input: 5250000,
Cold Start: false
Unique ID: ca65a4dd5a9f8ad9bd78dec8e12ff5b2,
Execution Time for Trace ID ca65a4dd5a9f8ad9bd78dec8e12ff5b2: 405 ms
Input: 5250000,
Cold Start: false
Unique ID: f7cd70c060f833ae28509e6303e938c5,
Execution Time for Trace ID f7cd70c060f833ae28509e6303e938c5: 382 ms
Input: 5250000,
Cold Start: false
Unique ID: cf235d23efd28291994d55fe0f53b5eb,
Execution Time for Trace ID cf235d23efd28291994d55fe0f53b5eb: 405 ms
Input: 5250000,
Cold Start: false
Unique ID: aae10809be89e1af6b1abdbac3ffc3a8,
Execution Time for Trace ID aae10809be89e1af6b1abdbac3ffc3a8: 360 ms
Input: 5250000,
Cold Start: false
Unique ID: f89572ce32c1321666f4e3ee627e51e5,
Execution Time for Trace ID f89572ce32c1321666f4e3ee627e51e5: 348 ms
Input: 5250000,
Cold Start: false
Unique ID: 86f355f4d7c47d1abbaf304c8a40b3bc,
Execution Time for Trace ID 86f355f4d7c47d1abbaf304c8a40b3bc: 403 ms
Input: 5250000,
Cold Start: false
Unique ID: 94627320616a72744b4e62601650ec6a,
Execution Time for Trace ID 94627320616a72744b4e62601650ec6a: 387 ms
Input: 5250000,
Cold Start: false
Unique ID: dd85087c870ab38707497184a177d0e6,
Execution Time for Trace ID dd85087c870ab38707497184a177d0e6: 398 ms
Input: 5250000,
Cold Start: false
Unique ID: 1451f5eededd0a23754f874b60bcb71e,
Execution Time for Trace ID 1451f5eededd0a23754f874b60bcb71e: 353 ms
Input: 5250000,
Cold Start: false
Unique ID: 487dce9e43c1dab2f574672e820be843,
Execution Time for Trace ID 487dce9e43c1dab2f574672e820be843: 403 ms
Input: 5250000,
Cold Start: false
Unique ID: 191a6305f8868eaaf36b53890196af1e,
Execution Time for Trace ID 191a6305f8868eaaf36b53890196af1e: 350 ms
Input: 5250000,
Cold Start: false
Unique ID: 04568924ebc93c954a481596a3473e0b,
Execution Time for Trace ID 04568924ebc93c954a481596a3473e0b: 382 ms
Input: 5250000,
Cold Start: false
Unique ID: 257f09eb05844b565cf807ff67089bdb,
Execution Time for Trace ID 257f09eb05844b565cf807ff67089bdb: 347 ms
Input: 5250000,
Cold Start: false
Unique ID: 532c3814dc96bc5785bd0a32599ef939,
Execution Time for Trace ID 532c3814dc96bc5785bd0a32599ef939: 407 ms
Input: 5250000,
Cold Start: false
Unique ID: 37885d1467a2410a54817e4a44e5ce0e,
Execution Time for Trace ID 37885d1467a2410a54817e4a44e5ce0e: 343 ms
Input: 5250000,
Cold Start: false
Unique ID: ddee2cb84aa94722ba1730cf0ba2b3c0,
Execution Time for Trace ID ddee2cb84aa94722ba1730cf0ba2b3c0: 425 ms
Input: 5250000,
Cold Start: false
Unique ID: f2c9c3f87be1e9303b1aca3ecb018e43,
Execution Time for Trace ID f2c9c3f87be1e9303b1aca3ecb018e43: 388 ms
Input: 5250000,
Cold Start: false
Unique ID: f31bbd395bcb4437030c80b7129fd05d,
Execution Time for Trace ID f31bbd395bcb4437030c80b7129fd05d: 407 ms
Input: 5250000,
Cold Start: false
Unique ID: 59dca387bdeef7cfe36b67f9bb107dd8,
Execution Time for Trace ID 59dca387bdeef7cfe36b67f9bb107dd8: 359 ms
Input: 5250000,
Cold Start: false
Unique ID: 686b33a731c9a82c1ddcfb0bcaa9f5f6,
Execution Time for Trace ID 686b33a731c9a82c1ddcfb0bcaa9f5f6: 357 ms
Input: 5250000,
Cold Start: false
Unique ID: 82c7a5a2de7c4ec0bfb2ab20e5cd0a29,
Execution Time for Trace ID 82c7a5a2de7c4ec0bfb2ab20e5cd0a29: 404 ms
Input: 5250000,
Cold Start: false
Unique ID: 68c97d9bce2f487a7400ab26a670a9be,
Execution Time for Trace ID 68c97d9bce2f487a7400ab26a670a9be: 383 ms
Input: 5250000,
Cold Start: false
Unique ID: ddad173e0bd0993bd9b9d2514c8414ae,
Execution Time for Trace ID ddad173e0bd0993bd9b9d2514c8414ae: 364 ms
Input: 5250000,
Cold Start: false
Unique ID: 660d573f7c9f64f08ef4c056811ad8fa,
Execution Time for Trace ID 660d573f7c9f64f08ef4c056811ad8fa: 400 ms
Input: 5250000,
Cold Start: false
Unique ID: 6c4ed03806deb24b90310f944708c698,
Execution Time for Trace ID 6c4ed03806deb24b90310f944708c698: 410 ms
Input: 5250000,
Cold Start: false
Unique ID: 4b2bce5d05df80ed68f0a37572ee8398,
Execution Time for Trace ID 4b2bce5d05df80ed68f0a37572ee8398: 366 ms
Input: 5250000,
Cold Start: false
Unique ID: 7e73fafc8d09c029969540f6d859a26f,
Execution Time for Trace ID 7e73fafc8d09c029969540f6d859a26f: 407 ms
Input: 5250000,
Cold Start: false
Unique ID: 3cbdcaab97322ed0f672f44b429eaccb,
Execution Time for Trace ID 3cbdcaab97322ed0f672f44b429eaccb: 413 ms
Input: 5250000,
Cold Start: false
Unique ID: 063aa317c514a1d1e43f14ae1e3de76a,
Execution Time for Trace ID 063aa317c514a1d1e43f14ae1e3de76a: 385 ms
Input: 5250000,
Cold Start: false
Unique ID: 0f9dde2a9a77d741c992fe4c86ea3fa5,
Execution Time for Trace ID 0f9dde2a9a77d741c992fe4c86ea3fa5: 401 ms
Input: 5250000,
Cold Start: false
Unique ID: 778eb93fb7dc2c0cdf26a833ae06d2b3,
Execution Time for Trace ID 778eb93fb7dc2c0cdf26a833ae06d2b3: 378 ms
Input: 5250000,
Cold Start: false
Unique ID: 2da3437ddb5058694e018cf789f6f022,
Execution Time for Trace ID 2da3437ddb5058694e018cf789f6f022: 389 ms
Input: 5250000,
Cold Start: false
Unique ID: bca5fa77e1cee126c4f6a12385ccb74e,
Execution Time for Trace ID bca5fa77e1cee126c4f6a12385ccb74e: 420 ms
Input: 5250000,
Cold Start: false
Unique ID: 4522257c69d65d9c4eeb7e66b7a5e0de,
Execution Time for Trace ID 4522257c69d65d9c4eeb7e66b7a5e0de: 374 ms
Input: 5250000,
Cold Start: false
Unique ID: a7558f544c49acfb647a48df0dde1571,
Execution Time for Trace ID a7558f544c49acfb647a48df0dde1571: 385 ms
Input: 5250000,
Cold Start: false
Unique ID: c37909b68c6c8a59feb6f53d6ec25ea3,
Execution Time for Trace ID c37909b68c6c8a59feb6f53d6ec25ea3: 346 ms
Input: 5250000,
Cold Start: false
Unique ID: 4901da6517583be0560823138f43dd8d,
Execution Time for Trace ID 4901da6517583be0560823138f43dd8d: 413 ms
Input: 5250000,
Cold Start: false
Unique ID: 0fb2724be49bdd8189e59027637a1b8d,
Execution Time for Trace ID 0fb2724be49bdd8189e59027637a1b8d: 406 ms
Input: 5250000,
Cold Start: false
Unique ID: 6f7d7d9c50f22c57289d1edd6198647f,
Execution Time for Trace ID 6f7d7d9c50f22c57289d1edd6198647f: 351 ms
Input: 5250000,
Cold Start: false
Unique ID: 4212ab0f14e3fe785dd72fd171f9e380,
Execution Time for Trace ID 4212ab0f14e3fe785dd72fd171f9e380: 392 ms
Input: 5250000,
Cold Start: false
Unique ID: 7fc798cde86ef8b5d5bcf2f0a44c32d9,
Execution Time for Trace ID 7fc798cde86ef8b5d5bcf2f0a44c32d9: 351 ms
Input: 5250000,
Cold Start: false
Unique ID: bf45b826059461eeda7c582f0245f3ec,
Execution Time for Trace ID bf45b826059461eeda7c582f0245f3ec: 414 ms
Input: 5250000,
Cold Start: false
Unique ID: 43c412d2c53d06e4f7b03ebe8be79479,
Execution Time for Trace ID 43c412d2c53d06e4f7b03ebe8be79479: 426 ms
Input: 5250000,
Cold Start: false
Unique ID: 098ffebbaa01aaf1346f197c9cbb8a9d,
Execution Time for Trace ID 098ffebbaa01aaf1346f197c9cbb8a9d: 378 ms
Input: 5250000,
Cold Start: false
Unique ID: 668e10563327c04e9c82eecf804be103,
Execution Time for Trace ID 668e10563327c04e9c82eecf804be103: 411 ms
Input: 5250000,
Cold Start: false
Unique ID: 8e463b712a88c6aeb296ab1484901fcd,
Execution Time for Trace ID 8e463b712a88c6aeb296ab1484901fcd: 352 ms
Input: 5250000,
Cold Start: false
Unique ID: 79c1cdff011b2353d4c6341d73502daf,
Execution Time for Trace ID 79c1cdff011b2353d4c6341d73502daf: 385 ms
Input: 5250000,
Cold Start: false
Unique ID: 2e8880f32a245117bc89f014ae59d243,
Execution Time for Trace ID 2e8880f32a245117bc89f014ae59d243: 409 ms
Input: 5250000,
Cold Start: false
Unique ID: 10564cd6c0dc9e85a0717a9b8561a52e,
Execution Time for Trace ID 10564cd6c0dc9e85a0717a9b8561a52e: 365 ms
Input: 5250000,
Cold Start: false
Unique ID: 2af89023443a12e5fa11c240e74e7f11,
Execution Time for Trace ID 2af89023443a12e5fa11c240e74e7f11: 351 ms
Input: 5250000,
Cold Start: false
Unique ID: 31bbb07098629986ca5285cfa4e2da25,
Execution Time for Trace ID 31bbb07098629986ca5285cfa4e2da25: 408 ms
Input: 5250000,
Cold Start: false
Unique ID: 761b1d35de1b7158294b4217494d2125,
Execution Time for Trace ID 761b1d35de1b7158294b4217494d2125: 394 ms
Input: 5250000,
Cold Start: false
Unique ID: f47312af0f0d7596304fc6837dbc7e01,
Execution Time for Trace ID f47312af0f0d7596304fc6837dbc7e01: 362 ms
Input: 5250000,
Cold Start: false
Unique ID: 4094acb49df4211777f047cbf8257cf8,
Execution Time for Trace ID 4094acb49df4211777f047cbf8257cf8: 416 ms
Input: 5250000,
Cold Start: false
Unique ID: a2783a3f0178d5b8dd52ea2e52e9cd17,
Execution Time for Trace ID a2783a3f0178d5b8dd52ea2e52e9cd17: 391 ms
Input: 5250000,
Cold Start: false
Unique ID: a2cf53e8ae706e1102b902dbd13ae319,
Execution Time for Trace ID a2cf53e8ae706e1102b902dbd13ae319: 358 ms
Input: 5250000,
Cold Start: false
Unique ID: ae5c71fa11f888f551b60005727f3478,
Execution Time for Trace ID ae5c71fa11f888f551b60005727f3478: 389 ms
Input: 5250000,
Cold Start: false
Unique ID: 932b0a4755d31dc82fb136169ae67341,
Execution Time for Trace ID 932b0a4755d31dc82fb136169ae67341: 356 ms
Input: 5250000,
Cold Start: false
Unique ID: 8b6da57d51c2d18a52172e30a7e953a1,
Execution Time for Trace ID 8b6da57d51c2d18a52172e30a7e953a1: 418 ms
Input: 5250000,
Cold Start: false
Unique ID: 4de8b3a5ff35d02bc1fa81a0dec6023b,
Execution Time for Trace ID 4de8b3a5ff35d02bc1fa81a0dec6023b: 385 ms
Input: 5250000,
Cold Start: false
Unique ID: 4e4ade6b1676915b58c3ded6ec6d65e3,
Execution Time for Trace ID 4e4ade6b1676915b58c3ded6ec6d65e3: 357 ms
Input: 5250000,
Cold Start: false
Unique ID: c5bb887e3d0c9963a2f093ce25fb4eaf,
Execution Time for Trace ID c5bb887e3d0c9963a2f093ce25fb4eaf: 386 ms
Input: 5250000,
Cold Start: false
Unique ID: e6ce7dfcc96c262b2297c339c6698e7c,
Execution Time for Trace ID e6ce7dfcc96c262b2297c339c6698e7c: 399 ms
Input: 5250000,
Cold Start: false
Unique ID: 38f1295a35c7c5881477422aca6d7e90,
Execution Time for Trace ID 38f1295a35c7c5881477422aca6d7e90: 362 ms
Input: 5250000,
Cold Start: false
Unique ID: cf9069bd53301d735b20ed293ecef10f,
Execution Time for Trace ID cf9069bd53301d735b20ed293ecef10f: 405 ms
Input: 5250000,
Cold Start: false
Unique ID: 709995326c235de04b1f476dc827564a,
Execution Time for Trace ID 709995326c235de04b1f476dc827564a: 359 ms
Input: 5250000,
Cold Start: false
Unique ID: 94809d124f34747c5514122af92d7e14,
Execution Time for Trace ID 94809d124f34747c5514122af92d7e14: 391 ms
Input: 5250000,
Cold Start: false
Unique ID: ca680d14b488a3c018219509d2fbefba,
Execution Time for Trace ID ca680d14b488a3c018219509d2fbefba: 349 ms
Input: 5250000,
Cold Start: false
Unique ID: 841b3984088191fbbe3bcb666e5a77de,
Execution Time for Trace ID 841b3984088191fbbe3bcb666e5a77de: 359 ms
Input: 5250000,
Cold Start: false
Unique ID: d8ccda33f50025469da065bba738a062,
Execution Time for Trace ID d8ccda33f50025469da065bba738a062: 387 ms
Input: 5250000,
Cold Start: false
Unique ID: 82bb2753f4fc6217e718c37d05f0cdce,
Execution Time for Trace ID 82bb2753f4fc6217e718c37d05f0cdce: 347 ms
Input: 5250000,
Cold Start: false
Unique ID: 60ec3d3fee260a916658320227d0da19,
Execution Time for Trace ID 60ec3d3fee260a916658320227d0da19: 405 ms
Input: 5250000,
Cold Start: false
Unique ID: f8ec6ea33f84c0d6686df5b249f38769,
Execution Time for Trace ID f8ec6ea33f84c0d6686df5b249f38769: 397 ms
Input: 5250000,
Cold Start: false
Unique ID: 804965bea7eccd6731156f42235b03a3,
Execution Time for Trace ID 804965bea7eccd6731156f42235b03a3: 347 ms
Input: 5250000,
Cold Start: false
Unique ID: 72b7f7c741b64f5d522e62229d474214,
Execution Time for Trace ID 72b7f7c741b64f5d522e62229d474214: 388 ms
Input: 5250000,
Cold Start: false
Unique ID: 3a50597e5a8028139c04e6a6119be4e0,
Execution Time for Trace ID 3a50597e5a8028139c04e6a6119be4e0: 348 ms
Input: 5250000,
Cold Start: false
Unique ID: c5a601a136b17a5d52d76a1dc2905eea,
Execution Time for Trace ID c5a601a136b17a5d52d76a1dc2905eea: 403 ms
Input: 5250000,
Cold Start: false
Unique ID: 653c2b7a6cc36863e114b2fd10d1557f,
Execution Time for Trace ID 653c2b7a6cc36863e114b2fd10d1557f: 416 ms
Input: 5250000,
Cold Start: false
Unique ID: e4ca4887ccb1cde1a48dee422fe411f9,
Execution Time for Trace ID e4ca4887ccb1cde1a48dee422fe411f9: 362 ms
Input: 5250000,
Cold Start: false
Unique ID: 3aace92a27cac653e38728e4d72598ac,
Execution Time for Trace ID 3aace92a27cac653e38728e4d72598ac: 399 ms
Input: 5250000,
Cold Start: false
Unique ID: cc0fb3570c34c1084d6b3d6c684b9c58,
Execution Time for Trace ID cc0fb3570c34c1084d6b3d6c684b9c58: 361 ms
Input: 5250000,
Cold Start: false
Unique ID: ec6c6706e1f17186d73b71aeed69f0e1,
Execution Time for Trace ID ec6c6706e1f17186d73b71aeed69f0e1: 408 ms
Input: 5250000,
Cold Start: false
Unique ID: c18ddd126a85ac5034b45628be4b9fef,
Execution Time for Trace ID c18ddd126a85ac5034b45628be4b9fef: 348 ms
Input: 5250000,
Cold Start: false
Unique ID: f4a318010b46bdbd010a646b65e3ca13,
Execution Time for Trace ID f4a318010b46bdbd010a646b65e3ca13: 349 ms
Input: 5250000,
Cold Start: false
Unique ID: d6103dee552c69917c4e72d4f1eb0283,
Execution Time for Trace ID d6103dee552c69917c4e72d4f1eb0283: 388 ms
Input: 5250000,
Cold Start: false
Unique ID: 5d6e08447158c597f29c9be4c4013075,
Execution Time for Trace ID 5d6e08447158c597f29c9be4c4013075: 347 ms
Input: 5250000,
Cold Start: false
Unique ID: b216204e23c5cc984870f073b23c4df6,
Execution Time for Trace ID b216204e23c5cc984870f073b23c4df6: 407 ms
Input: 5250000,
Cold Start: false
Unique ID: 476278c430efa3796e2a0225f91628cc,
Execution Time for Trace ID 476278c430efa3796e2a0225f91628cc: 513 ms
Input: 5250000,
Cold Start: false
Unique ID: 3cfab8e410cdc448eabb9cfe7f3cb98e,
Execution Time for Trace ID 3cfab8e410cdc448eabb9cfe7f3cb98e: 485 ms
Input: 5250000,
Cold Start: false
Unique ID: 1f26d23dee5439fa13e8ab7f8328133f,
Execution Time for Trace ID 1f26d23dee5439fa13e8ab7f8328133f: 367 ms
Input: 5250000,
Cold Start: false
Unique ID: e22be1bb333dd1d66994fd617c679040,
Execution Time for Trace ID e22be1bb333dd1d66994fd617c679040: 346 ms
Input: 5250000,
Cold Start: false
Unique ID: 3745ad0a1b29ffb8f68d3151588f9d9a,
Execution Time for Trace ID 3745ad0a1b29ffb8f68d3151588f9d9a: 402 ms
Input: 5250000,
Cold Start: false
Unique ID: 56c0439f26ac1f7c3b9baad7aae71319,
Execution Time for Trace ID 56c0439f26ac1f7c3b9baad7aae71319: 348 ms
Input: 5250000,
Cold Start: false
Unique ID: a859f699bb98687935b4e7a41cd36686,
Execution Time for Trace ID a859f699bb98687935b4e7a41cd36686: 408 ms
Input: 5250000,
Cold Start: false
Unique ID: e34421c531d5e91aa89bbdb66c110c53,
Execution Time for Trace ID e34421c531d5e91aa89bbdb66c110c53: 390 ms
Input: 5250000,
Cold Start: false
Unique ID: f6285e330b214bd73512ba896d1e5374,
Execution Time for Trace ID f6285e330b214bd73512ba896d1e5374: 343 ms
Input: 5250000,
Cold Start: false
Unique ID: acfe37e51d024c33de05796bbd6c6ab7,
Execution Time for Trace ID acfe37e51d024c33de05796bbd6c6ab7: 397 ms
Input: 5250000,
Cold Start: false
Unique ID: 02e5ef289c6a38742a3cfdc777f42d95,
Execution Time for Trace ID 02e5ef289c6a38742a3cfdc777f42d95: 395 ms
Input: 5250000,
Cold Start: false
Unique ID: 49e74ec69f1e17e6305257769847abcd,
Execution Time for Trace ID 49e74ec69f1e17e6305257769847abcd: 358 ms
Input: 5250000,
Cold Start: false
Unique ID: 71f0631070a60093d85d99008a3593ce,
Execution Time for Trace ID 71f0631070a60093d85d99008a3593ce: 348 ms
Input: 5250000,
Cold Start: false
Unique ID: 77c7b385860e7bce780431038ccd43b5,
Execution Time for Trace ID 77c7b385860e7bce780431038ccd43b5: 403 ms
Input: 5250000,
Cold Start: false
Unique ID: d928a8ec3e77b5ce5a7a4005c930d247,
Execution Time for Trace ID d928a8ec3e77b5ce5a7a4005c930d247: 384 ms
Input: 5250000,
Cold Start: false
Unique ID: 5d764239c06f6f2f88821e072d4319cf,
Execution Time for Trace ID 5d764239c06f6f2f88821e072d4319cf: 352 ms
Input: 5250000,
Cold Start: false
Unique ID: 629b0784bb2982063512ba896d1e5ced,
Execution Time for Trace ID 629b0784bb2982063512ba896d1e5ced: 410 ms
Input: 5250000,
Cold Start: false
Unique ID: d2ccf990b33772f144a1654913f382b6,
Execution Time for Trace ID d2ccf990b33772f144a1654913f382b6: 398 ms
Input: 5250000,
Cold Start: false
Unique ID: 6e4e069bf5a8ad48d3e1794e83a64fcb,
Execution Time for Trace ID 6e4e069bf5a8ad48d3e1794e83a64fcb: 353 ms
Input: 5250000,
Cold Start: false
Unique ID: 8fd80475d5dc760bc138d56504c72ce2,
Execution Time for Trace ID 8fd80475d5dc760bc138d56504c72ce2: 391 ms
Input: 5250000,
Cold Start: false
Unique ID: 6e3f6ee33c84ed839def506e8e958cb4,
Execution Time for Trace ID 6e3f6ee33c84ed839def506e8e958cb4: 342 ms
Input: 5250000,
Cold Start: false
Unique ID: cf75fd65523ecb1be3d0e6d29beb86b1,
Execution Time for Trace ID cf75fd65523ecb1be3d0e6d29beb86b1: 415 ms
Input: 5250000,
Cold Start: false
Unique ID: d68265fbe7d382856cb6f8fd64ca2c07,
Execution Time for Trace ID d68265fbe7d382856cb6f8fd64ca2c07: 396 ms
Input: 5250000,
Cold Start: false
Unique ID: 57b1017bea73c539699038bbd3aed975,
Execution Time for Trace ID 57b1017bea73c539699038bbd3aed975: 351 ms
Input: 5250000,
Cold Start: false
Unique ID: 64b90f459cb0800297908818e1bd84f9,
Execution Time for Trace ID 64b90f459cb0800297908818e1bd84f9: 405 ms
Input: 5250000,
Cold Start: false
Unique ID: 66d732742e6e09e7e10cb42fffc03357,
Execution Time for Trace ID 66d732742e6e09e7e10cb42fffc03357: 417 ms
Input: 5250000,
Cold Start: false
Unique ID: 1ad52c432f2a7a9aa0d4391fa3a32a55,
Execution Time for Trace ID 1ad52c432f2a7a9aa0d4391fa3a32a55: 446 ms
Input: 5250000,
Cold Start: false
Unique ID: 538e7b24150061e85732372edcb38665,
Execution Time for Trace ID 538e7b24150061e85732372edcb38665: 386 ms
Input: 5250000,
Cold Start: false
Unique ID: 25e8572b840f35a7614741defaa2da2f,
Execution Time for Trace ID 25e8572b840f35a7614741defaa2da2f: 354 ms
Input: 5250000,
Cold Start: false
Unique ID: e4e1b1488b2e5973a1f85000d95e0559,
Execution Time for Trace ID e4e1b1488b2e5973a1f85000d95e0559: 387 ms
Input: 5250000,
Cold Start: false
Unique ID: f16258b471e40bd20b509714b4061ccc,
Execution Time for Trace ID f16258b471e40bd20b509714b4061ccc: 396 ms
Input: 5250000,
Cold Start: false
Unique ID: 0cbf0bc73cfd2e3e370d34393b84cff1,
Execution Time for Trace ID 0cbf0bc73cfd2e3e370d34393b84cff1: 359 ms
Input: 5250000,
Cold Start: false
Unique ID: 9d571eca35cc28ed34b0713fa6ee6f99,
Execution Time for Trace ID 9d571eca35cc28ed34b0713fa6ee6f99: 400 ms
Input: 5250000,
Cold Start: false
Unique ID: 7c2eda73ebafb6b47c79d57da520798f,
Execution Time for Trace ID 7c2eda73ebafb6b47c79d57da520798f: 361 ms
Input: 5250000,
Cold Start: false
Unique ID: 0a695d4a06e0440284d22466fa50cb3a,
Execution Time for Trace ID 0a695d4a06e0440284d22466fa50cb3a: 417 ms
Input: 5250000,
Cold Start: false
Unique ID: c1dad028cbe6f8a2ecff71df5d3096a6,
Execution Time for Trace ID c1dad028cbe6f8a2ecff71df5d3096a6: 399 ms
Input: 5250000,
Cold Start: false
Unique ID: 359268159e350e399a4797d48894aa9d,
Execution Time for Trace ID 359268159e350e399a4797d48894aa9d: 362 ms
Input: 5250000,
Cold Start: false
Unique ID: 83c8955f82cc56afb43fc5874988563d,
Execution Time for Trace ID 83c8955f82cc56afb43fc5874988563d: 404 ms
Input: 5250000,
Cold Start: false
Unique ID: d58f4f7f68c7283f7d0b5069f9183ca6,
Execution Time for Trace ID d58f4f7f68c7283f7d0b5069f9183ca6: 352 ms
Input: 5250000,
Cold Start: false
Unique ID: 40cea654ee96f76f4c61e27185e555fd,
Execution Time for Trace ID 40cea654ee96f76f4c61e27185e555fd: 392 ms
Input: 5250000,
Cold Start: false
Unique ID: 7763c9f593c0b8b21341059248e7fe46,
Execution Time for Trace ID 7763c9f593c0b8b21341059248e7fe46: 397 ms
Input: 5250000,
Cold Start: false
Unique ID: b80f0e918a25bff14cb07328f4a5ecd2,
Execution Time for Trace ID b80f0e918a25bff14cb07328f4a5ecd2: 353 ms
Input: 5250000,
Cold Start: false
Unique ID: 0b9d792620d0c876b81caf7f645c2a49,
Execution Time for Trace ID 0b9d792620d0c876b81caf7f645c2a49: 354 ms
Input: 5250000,
Cold Start: false
Unique ID: a30c7de017a9e00aeec1da90414df518,
Execution Time for Trace ID a30c7de017a9e00aeec1da90414df518: 344 ms
Input: 5250000,
Cold Start: false
Unique ID: 71e5c406a6b7e4005f081298aa396941,
Execution Time for Trace ID 71e5c406a6b7e4005f081298aa396941: 351 ms
Input: 5250000,
Cold Start: false
Unique ID: 43c48509febad3deaa5cfa59dad8b691,
Execution Time for Trace ID 43c48509febad3deaa5cfa59dad8b691: 370 ms
Input: 5250000,
Cold Start: false
Unique ID: f1169d8daa70b55e0cef487db0b158de,
Execution Time for Trace ID f1169d8daa70b55e0cef487db0b158de: 404 ms
Input: 5250000,
Cold Start: false
Unique ID: b669b51e87088bd271cc0b679c67ba52,
Execution Time for Trace ID b669b51e87088bd271cc0b679c67ba52: 408 ms
Input: 5250000,
Cold Start: false
Unique ID: 0403f1ad41d1113e34c546de4972be44,
Execution Time for Trace ID 0403f1ad41d1113e34c546de4972be44: 371 ms
Input: 5250000,
Cold Start: false
Unique ID: 156e3a7a2c24aac0c31389ea78f536f2,
Execution Time for Trace ID 156e3a7a2c24aac0c31389ea78f536f2: 401 ms
Input: 5250000,
Cold Start: false
Unique ID: e34ff4fb0611198c6cd053bd299ca844,
Execution Time for Trace ID e34ff4fb0611198c6cd053bd299ca844: 537 ms
Input: 5250000,
Cold Start: false
Unique ID: 6fe7c3f6e37d53b558e578d14598605f,
Execution Time for Trace ID 6fe7c3f6e37d53b558e578d14598605f: 555 ms
Input: 5250000,
Cold Start: false
Unique ID: cf013476af1f26b5243401ec17ba54ab,
Execution Time for Trace ID cf013476af1f26b5243401ec17ba54ab: 397 ms
Input: 5250000,
Cold Start: false
Unique ID: a19320fe7b754b71a6ece9ade8dc1c5b,
Execution Time for Trace ID a19320fe7b754b71a6ece9ade8dc1c5b: 352 ms
Input: 5250000,
Cold Start: false
Unique ID: f89f20fee97bbba84ce70a6099070ef9,
Execution Time for Trace ID f89f20fee97bbba84ce70a6099070ef9: 402 ms
Input: 5250000,
Cold Start: false
Unique ID: 0b341d6ffc574944a0d416d42880d3e7,
Execution Time for Trace ID 0b341d6ffc574944a0d416d42880d3e7: 409 ms
Input: 5250000,
Cold Start: false
Unique ID: 28754b94d4d5c040a25d8ea332ea7b27,
Execution Time for Trace ID 28754b94d4d5c040a25d8ea332ea7b27: 369 ms
Input: 5250000,
Cold Start: false
Unique ID: 6a0da5d12379b5c60e3deb9ac973b8cb,
Execution Time for Trace ID 6a0da5d12379b5c60e3deb9ac973b8cb: 391 ms
Input: 5250000,
Cold Start: false
Unique ID: c75a58e6fbca0d221a41fdab158d2a80,
Execution Time for Trace ID c75a58e6fbca0d221a41fdab158d2a80: 348 ms
Input: 5250000,
Cold Start: false
Unique ID: b5de47e4d2d341e68ee2c610e9c61cad,
Execution Time for Trace ID b5de47e4d2d341e68ee2c610e9c61cad: 410 ms
Input: 5250000,
Cold Start: false
Unique ID: d2cf4fe58c24ba949b4e701437ff5a34,
Execution Time for Trace ID d2cf4fe58c24ba949b4e701437ff5a34: 405 ms
Input: 5250000,
Cold Start: false
Unique ID: d7dee61cf986a2963f5ebcbfd8ad33f8,
Execution Time for Trace ID d7dee61cf986a2963f5ebcbfd8ad33f8: 382 ms
Input: 5250000,
Cold Start: false
Unique ID: 0c6b6f25e6a55484045a802cc378bc4c,
Execution Time for Trace ID 0c6b6f25e6a55484045a802cc378bc4c: 399 ms
Input: 5250000,
Cold Start: false
Unique ID: ef4390aebdbd5352a7f06fd252b0890a,
Execution Time for Trace ID ef4390aebdbd5352a7f06fd252b0890a: 363 ms
Input: 5250000,
Cold Start: false
Unique ID: 43dc654085cd2693cea7db09298b3984,
Execution Time for Trace ID 43dc654085cd2693cea7db09298b3984: 397 ms
Input: 5250000,
Cold Start: false
Unique ID: 77d5534b76cb4816c61f96be0832eb09,
Execution Time for Trace ID 77d5534b76cb4816c61f96be0832eb09: 410 ms
Input: 5250000,
Cold Start: false
Unique ID: 078c7696467b9b7680d9dfc91da3bf01,
Execution Time for Trace ID 078c7696467b9b7680d9dfc91da3bf01: 373 ms
Input: 5250000,
Cold Start: false
Unique ID: 65f0c684389004fdccf4b5011dec9f72,
Execution Time for Trace ID 65f0c684389004fdccf4b5011dec9f72: 387 ms
Input: 5250000,
Cold Start: false
Unique ID: 3289d1cf4d684961b1ad906fef0726b1,
Execution Time for Trace ID 3289d1cf4d684961b1ad906fef0726b1: 350 ms
Input: 5250000,
Cold Start: false
Unique ID: c701222251719086ea5e689f242fe125,
Execution Time for Trace ID c701222251719086ea5e689f242fe125: 387 ms
Input: 5250000,
Cold Start: false
Unique ID: 72a6b710613e1a8d76b1713045ba4466,
Execution Time for Trace ID 72a6b710613e1a8d76b1713045ba4466: 401 ms
Input: 5250000,
Cold Start: false
Unique ID: a5a900b9392e295498c95497a71c9fa2,
Execution Time for Trace ID a5a900b9392e295498c95497a71c9fa2: 365 ms
Input: 5250000,
Cold Start: false
Unique ID: da9f44d05ca588a584aa77e962583736,
Execution Time for Trace ID da9f44d05ca588a584aa77e962583736: 403 ms
Input: 5250000,
Cold Start: false
Unique ID: 80e91ad80a1d6fe26eb55df38f455803,
Execution Time for Trace ID 80e91ad80a1d6fe26eb55df38f455803: 356 ms
Input: 5250000,
Cold Start: false
Unique ID: b572dc9effcfb7e02f8daa73e2b78c24,
Execution Time for Trace ID b572dc9effcfb7e02f8daa73e2b78c24: 389 ms
Input: 5250000,
Cold Start: false
Unique ID: c56edacc99086d11c937955ae327044d,
Execution Time for Trace ID c56edacc99086d11c937955ae327044d: 410 ms
Input: 5250000,
Cold Start: false
Unique ID: ce5c03b3a76ffa5bad10489ab8dcc33c,
Execution Time for Trace ID ce5c03b3a76ffa5bad10489ab8dcc33c: 357 ms
Input: 5250000,
Cold Start: false
Unique ID: c1994d422bbb3b127667a52329916583,
Execution Time for Trace ID c1994d422bbb3b127667a52329916583: 391 ms
Input: 5250000,
Cold Start: false
Unique ID: 1439c9aa650bbae32f7273e69cc977f7,
Execution Time for Trace ID 1439c9aa650bbae32f7273e69cc977f7: 354 ms
Input: 5250000,
Cold Start: false
Unique ID: 4ab8bafa540de02a11fd6e9db342c4e0,
Execution Time for Trace ID 4ab8bafa540de02a11fd6e9db342c4e0: 403 ms
Input: 5250000,
Cold Start: false
Unique ID: eeb130e47943f888f8e6369dcaa461fc,
Execution Time for Trace ID eeb130e47943f888f8e6369dcaa461fc: 407 ms
Input: 5250000,
Cold Start: false
Unique ID: 47b1396bc4e9692467165939c4708e89,
Execution Time for Trace ID 47b1396bc4e9692467165939c4708e89: 369 ms
Input: 5250000,
Cold Start: false
Unique ID: b2d82f6364009435d1f862046c699d58,
Execution Time for Trace ID b2d82f6364009435d1f862046c699d58: 396 ms
Input: 5250000,
Cold Start: false
Unique ID: 3e1329d8773f4a3b527c2a10df81bb9f,
Execution Time for Trace ID 3e1329d8773f4a3b527c2a10df81bb9f: 357 ms
Input: 5250000,
Cold Start: false
Unique ID: 286517782123c8349bc65403791d0cab,
Execution Time for Trace ID 286517782123c8349bc65403791d0cab: 398 ms
Input: 5250000,
Cold Start: false
Unique ID: a46ec8b57f4202ca1707eb82f9a159ad,
Execution Time for Trace ID a46ec8b57f4202ca1707eb82f9a159ad: 408 ms
Input: 5250000,
Cold Start: false
Unique ID: 854780782c30176a21de2197530a712e,
Execution Time for Trace ID 854780782c30176a21de2197530a712e: 357 ms
Input: 5250000,
Cold Start: false
Unique ID: 043aeac7a5e0440bfd096975d4423aa6,
Execution Time for Trace ID 043aeac7a5e0440bfd096975d4423aa6: 348 ms
Input: 5250000,
Cold Start: false
Unique ID: 3467f013fdbaa0d061d836d8df196285,
Execution Time for Trace ID 3467f013fdbaa0d061d836d8df196285: 401 ms
Input: 5250000,
Cold Start: false
Unique ID: 8591e4e98a6e132ac221ab576970984b,
Execution Time for Trace ID 8591e4e98a6e132ac221ab576970984b: 383 ms
Input: 5250000,
Cold Start: false
Unique ID: 2450e26d8bea4382c1230ac9f95aade5,
Execution Time for Trace ID 2450e26d8bea4382c1230ac9f95aade5: 410 ms
Input: 5250000,
Cold Start: false
Unique ID: 8257c1ae4361d604a336733d2b7d2608,
Execution Time for Trace ID 8257c1ae4361d604a336733d2b7d2608: 360 ms
Input: 5250000,
Cold Start: false
Unique ID: db3385659bcffd6b9d6fdde3cac6bba1,
Execution Time for Trace ID db3385659bcffd6b9d6fdde3cac6bba1: 401 ms
Input: 5250000,
Cold Start: false
Unique ID: c7426eacd3ada6b3f6e6ea01af68cbeb,
Execution Time for Trace ID c7426eacd3ada6b3f6e6ea01af68cbeb: 361 ms
Input: 5250000,
Cold Start: false
Unique ID: 78fbdfbc0e35b430b14e806e09f0611f,
Execution Time for Trace ID 78fbdfbc0e35b430b14e806e09f0611f: 397 ms
Input: 5250000,
Cold Start: false
Unique ID: 00d24df93d87455bf97ac99f6587c86c,
Execution Time for Trace ID 00d24df93d87455bf97ac99f6587c86c: 502 ms
Input: 5250000,
Cold Start: false
Unique ID: 12e53a9cee4a3127713e2e1ec1d9389f,
Execution Time for Trace ID 12e53a9cee4a3127713e2e1ec1d9389f: 448 ms
Input: 5250000,
Cold Start: false
Unique ID: fcc04a25a9c84a76eb3a1eba4063218e,
Execution Time for Trace ID fcc04a25a9c84a76eb3a1eba4063218e: 378 ms
Input: 5250000,
Cold Start: false
Unique ID: dee56edec755f6582037f2e621baee25,
Execution Time for Trace ID dee56edec755f6582037f2e621baee25: 343 ms
Input: 5250000,
Cold Start: false
Unique ID: 6e8a3f37acdd5661670fb9e71269f4f2,
Execution Time for Trace ID 6e8a3f37acdd5661670fb9e71269f4f2: 400 ms
Input: 5250000,
Cold Start: false
Unique ID: c46708e1020e298bc44fe5fa2f819a0f,
Execution Time for Trace ID c46708e1020e298bc44fe5fa2f819a0f: 354 ms
Input: 5250000,
Cold Start: false
Unique ID: a00722d22d0a93347f05b7d7528d75ef,
Execution Time for Trace ID a00722d22d0a93347f05b7d7528d75ef: 412 ms
Input: 5250000,
Cold Start: false
Unique ID: 31d90d2228b1c566ed829ed39309c1b8,
Execution Time for Trace ID 31d90d2228b1c566ed829ed39309c1b8: 397 ms
Input: 5250000,
Cold Start: false
Unique ID: ac1f70e177ea613901a17b3d2d8267ce,
Execution Time for Trace ID ac1f70e177ea613901a17b3d2d8267ce: 350 ms
Input: 5250000,
Cold Start: false
Unique ID: f84617c148577ef48658b2a8193cf664,
Execution Time for Trace ID f84617c148577ef48658b2a8193cf664: 392 ms
Input: 5250000,
Cold Start: false
Unique ID: 8d080223fa90c9fabc36f006dbe75cdc,
Execution Time for Trace ID 8d080223fa90c9fabc36f006dbe75cdc: 456 ms
Input: 5250000,
Cold Start: false
Unique ID: 48109bd1b7fcafe3259960b0b0e4c937,
Execution Time for Trace ID 48109bd1b7fcafe3259960b0b0e4c937: 512 ms
Input: 5250000,
Cold Start: false
Unique ID: 08cb40f2532ca1459543adbfd9486af7,
Execution Time for Trace ID 08cb40f2532ca1459543adbfd9486af7: 379 ms
Input: 5250000,
Cold Start: false
Unique ID: ee12bf3aab77df30f60b03e95bbd2beb,
Execution Time for Trace ID ee12bf3aab77df30f60b03e95bbd2beb: 347 ms
Input: 5250000,
Cold Start: false
Unique ID: 3fb2a95ec876aecb14092b1135e48924,
Execution Time for Trace ID 3fb2a95ec876aecb14092b1135e48924: 412 ms
Input: 5250000,
Cold Start: false
Unique ID: 8e593008caa00f19e8509c3185c129ee,
Execution Time for Trace ID 8e593008caa00f19e8509c3185c129ee: 348 ms
Input: 5250000,
Cold Start: false
Unique ID: db803b8343e48d43bd92ec821c36abe1,
Execution Time for Trace ID db803b8343e48d43bd92ec821c36abe1: 409 ms
Input: 5250000,
Cold Start: false
Unique ID: 68e5bd334389b5043d6372e7d1e46252,
Execution Time for Trace ID 68e5bd334389b5043d6372e7d1e46252: 391 ms
Input: 5250000,
Cold Start: false
Unique ID: 0ca2a63c95a0c3f6b3d3cf5ee6dc3dd6,
Execution Time for Trace ID 0ca2a63c95a0c3f6b3d3cf5ee6dc3dd6: 352 ms
Input: 5250000,
Cold Start: false
Unique ID: 96716022b55f70d33e70b1ad74c29b44,
Execution Time for Trace ID 96716022b55f70d33e70b1ad74c29b44: 385 ms
Input: 5250000,
Cold Start: false
Unique ID: a2f906b639eb21f8ed158d43280af7fc,
Execution Time for Trace ID a2f906b639eb21f8ed158d43280af7fc: 409 ms
Input: 5250000,
Cold Start: false
Unique ID: da1ddaa41a4c5f4c1071100fd3409052,
Execution Time for Trace ID da1ddaa41a4c5f4c1071100fd3409052: 391 ms
Input: 5250000,
Cold Start: false
Unique ID: aa9b8d48758d5e42e684cf903338c804,
Execution Time for Trace ID aa9b8d48758d5e42e684cf903338c804: 399 ms
Input: 5250000,
Cold Start: false
Unique ID: 565b21a772b004a48a6817766e137800,
Execution Time for Trace ID 565b21a772b004a48a6817766e137800: 346 ms
Input: 5250000,
Cold Start: false
Unique ID: 548391145c3faf7c45a02afc12462267,
Execution Time for Trace ID 548391145c3faf7c45a02afc12462267: 392 ms
Input: 5250000,
Cold Start: false
Unique ID: f13b80ea182b9c6832821242e5fe3903,
Execution Time for Trace ID f13b80ea182b9c6832821242e5fe3903: 349 ms
Input: 5250000,
Cold Start: false
Unique ID: 5ada528d67dee8f167d0926182d0f5f8,
Execution Time for Trace ID 5ada528d67dee8f167d0926182d0f5f8: 408 ms
Input: 5250000,
Cold Start: false
Unique ID: 6c31651e42f6d53cb6c4396800f86c1f,
Execution Time for Trace ID 6c31651e42f6d53cb6c4396800f86c1f: 382 ms
Input: 5250000,
Cold Start: false
Unique ID: 1542bcfcef46cd6a3af7787eef30382c,
Execution Time for Trace ID 1542bcfcef46cd6a3af7787eef30382c: 345 ms
Input: 5250000,
Cold Start: false
Unique ID: fdef5d3d1080c500cde87fa354f0f3b0,
Execution Time for Trace ID fdef5d3d1080c500cde87fa354f0f3b0: 400 ms
Input: 5250000,
Cold Start: false
Unique ID: 896c7d3d6ece95d675d23956d3a3914d,
Execution Time for Trace ID 896c7d3d6ece95d675d23956d3a3914d: 358 ms
Input: 5250000,
Cold Start: false
Unique ID: ee60c4f13fa90ca70adc274dd1490c20,
Execution Time for Trace ID ee60c4f13fa90ca70adc274dd1490c20: 408 ms
Input: 5250000,
Cold Start: false
Unique ID: 56873401f2a313681ad03fde3e45f2d4,
Execution Time for Trace ID 56873401f2a313681ad03fde3e45f2d4: 385 ms
Input: 5250000,
Cold Start: false
Unique ID: 51b3dd0f8ca27cad74ebc86c2e95ad24,
Execution Time for Trace ID 51b3dd0f8ca27cad74ebc86c2e95ad24: 347 ms
Input: 5250000,
Cold Start: false
Unique ID: 9b644115f9c1bc422a9e640a88c2f914,
Execution Time for Trace ID 9b644115f9c1bc422a9e640a88c2f914: 386 ms
Input: 5250000,
Cold Start: false
Unique ID: 9cbdfe942094fc11a50a0edcd9fcc605,
Execution Time for Trace ID 9cbdfe942094fc11a50a0edcd9fcc605: 403 ms
Input: 5250000,
Cold Start: false
Unique ID: d326b61470e0d4ccb7f2b42da854895b,
Execution Time for Trace ID d326b61470e0d4ccb7f2b42da854895b: 355 ms
Input: 5250000,
Cold Start: false
Unique ID: d2226821ce25cb44d5037ed02aac41cf,
Execution Time for Trace ID d2226821ce25cb44d5037ed02aac41cf: 392 ms
Input: 5250000,
Cold Start: false
Unique ID: 4d01ed05236de0cced0f0718af124cde,
Execution Time for Trace ID 4d01ed05236de0cced0f0718af124cde: 349 ms
Input: 5250000,
Cold Start: false
Unique ID: c059d656f86cdb0992431168bed9de22,
Execution Time for Trace ID c059d656f86cdb0992431168bed9de22: 395 ms
Input: 5250000,
Cold Start: false
Unique ID: b86cbfee8153229b2b32fba012c23cf3,
Execution Time for Trace ID b86cbfee8153229b2b32fba012c23cf3: 408 ms
Input: 5250000,
Cold Start: false
Unique ID: ad87c93ebda10a115263ea4ead3c4d96,
Execution Time for Trace ID ad87c93ebda10a115263ea4ead3c4d96: 357 ms
Input: 5250000,
Cold Start: false
Unique ID: 158e0b596f8d497ba0f49cb691223c5f,
Execution Time for Trace ID 158e0b596f8d497ba0f49cb691223c5f: 403 ms
Input: 5250000,
Cold Start: false
Unique ID: 0266b34ded58966dca85d5a1de0aca9d,
Execution Time for Trace ID 0266b34ded58966dca85d5a1de0aca9d: 363 ms
Input: 5250000,
Cold Start: false
Unique ID: 5dd910479e4a26c2e7ad7be46fd472dc,
Execution Time for Trace ID 5dd910479e4a26c2e7ad7be46fd472dc: 412 ms
Input: 5250000,
Cold Start: false
Unique ID: 33baa434fa7dfac0a9d2e9101072b055,
Execution Time for Trace ID 33baa434fa7dfac0a9d2e9101072b055: 405 ms
Input: 5250000,
Cold Start: false
Unique ID: 0299fccb67eb5934f671bd92db3bb52c,
Execution Time for Trace ID 0299fccb67eb5934f671bd92db3bb52c: 370 ms
Input: 5250000,
Cold Start: false
Unique ID: 32b3231f13c70e62d8a25f9b0ad237eb,
Execution Time for Trace ID 32b3231f13c70e62d8a25f9b0ad237eb: 396 ms
Input: 5250000,
Cold Start: false
Unique ID: a6f63fc2becee93b2853b05489ef9e66,
Execution Time for Trace ID a6f63fc2becee93b2853b05489ef9e66: 358 ms
Input: 5250000,
Cold Start: false
Unique ID: 9c9a7bb0cb6c3ce1b4f7a04e27c66a31,
Execution Time for Trace ID 9c9a7bb0cb6c3ce1b4f7a04e27c66a31: 386 ms
Input: 5250000,
Cold Start: false
Unique ID: 286d87e6d9e8e9b843cb00a4eb203c8e,
Execution Time for Trace ID 286d87e6d9e8e9b843cb00a4eb203c8e: 521 ms
Input: 5250000,
Cold Start: false
Unique ID: bdbb1fc16eac80c3bc790706ba3dcbdd,
Execution Time for Trace ID bdbb1fc16eac80c3bc790706ba3dcbdd: 468 ms
Input: 5250000,
Cold Start: false
Unique ID: 2115404645e8c52aa9ba1a0bb01d00dc,
Execution Time for Trace ID 2115404645e8c52aa9ba1a0bb01d00dc: 379 ms
Input: 5250000,
Cold Start: false
Unique ID: 06ad4076f320fa53cc05633a12776444,
Execution Time for Trace ID 06ad4076f320fa53cc05633a12776444: 346 ms
Input: 5250000,
Cold Start: false
Unique ID: 791e2e6769a8e56928819e2c0b6622f2,
Execution Time for Trace ID 791e2e6769a8e56928819e2c0b6622f2: 382 ms
Input: 5250000,
Cold Start: false
Unique ID: 292d720772b739d99edec6f31ae567f8,
Execution Time for Trace ID 292d720772b739d99edec6f31ae567f8: 401 ms
Input: 5250000,
Cold Start: false
Unique ID: 9d83699e0a8cf13a670c8c0b2a1b2086,
Execution Time for Trace ID 9d83699e0a8cf13a670c8c0b2a1b2086: 369 ms
Input: 5250000,
Cold Start: false
Unique ID: e4c843080c07336140d8683a5f9807ca,
Execution Time for Trace ID e4c843080c07336140d8683a5f9807ca: 399 ms
Input: 5250000,
Cold Start: false
Unique ID: 4d31a3267187bcbcf321c38f5b54c8f3,
Execution Time for Trace ID 4d31a3267187bcbcf321c38f5b54c8f3: 358 ms
Input: 5250000,
Cold Start: false
Unique ID: cfa1682325de25d4d14fa4ee797b96f8,
Execution Time for Trace ID cfa1682325de25d4d14fa4ee797b96f8: 394 ms
Input: 5250000,
Cold Start: false
Unique ID: 8316d3723d53e109e1eef594f2bf9afc,
Execution Time for Trace ID 8316d3723d53e109e1eef594f2bf9afc: 420 ms
Input: 5250000,
Cold Start: false
Unique ID: d72f7589fa1c6132d2f9cd752cd8588e,
Execution Time for Trace ID d72f7589fa1c6132d2f9cd752cd8588e: 378 ms
Input: 5250000,
Cold Start: false
Unique ID: c3fb21cb522a61aae10c62d5532baca8,
Execution Time for Trace ID c3fb21cb522a61aae10c62d5532baca8: 347 ms
Input: 5250000,
Cold Start: false
Unique ID: ab0ba46296db9e0126853f8dcb656b08,
Execution Time for Trace ID ab0ba46296db9e0126853f8dcb656b08: 402 ms
Input: 5250000,
Cold Start: false
Unique ID: ff03c5083626a12d6225617ccef11462,
Execution Time for Trace ID ff03c5083626a12d6225617ccef11462: 388 ms
Input: 5250000,
Cold Start: false
Unique ID: 42be20e63a2ce4f260f84b985774b383,
Execution Time for Trace ID 42be20e63a2ce4f260f84b985774b383: 499 ms
Input: 5250000,
Cold Start: false
Unique ID: 9c9fa13b034733ee3dc7d4a32001e731,
Execution Time for Trace ID 9c9fa13b034733ee3dc7d4a32001e731: 452 ms
Input: 5250000,
Cold Start: false
Unique ID: 545801c8e601c5cb4022346904d03b86,
Execution Time for Trace ID 545801c8e601c5cb4022346904d03b86: 384 ms
Input: 5250000,
Cold Start: false
Unique ID: 027d649d5cb1142c45f822b00d2659ae,
Execution Time for Trace ID 027d649d5cb1142c45f822b00d2659ae: 349 ms
Input: 5250000,
Cold Start: false
Unique ID: 4636af27fae03ca0c152e0ba9a0eefac,
Execution Time for Trace ID 4636af27fae03ca0c152e0ba9a0eefac: 360 ms
Input: 5250000,
Cold Start: false
Unique ID: c4f9d0bbb33711aa770fb1e09341280f,
Execution Time for Trace ID c4f9d0bbb33711aa770fb1e09341280f: 384 ms
Input: 5250000,
Cold Start: false
Unique ID: dacf68c024b0c98be1eef594f2bf9030,
Execution Time for Trace ID dacf68c024b0c98be1eef594f2bf9030: 341 ms
Input: 5250000,
Cold Start: false
Unique ID: 4ba83d8e72dd8ee3c0844741848c2794,
Execution Time for Trace ID 4ba83d8e72dd8ee3c0844741848c2794: 387 ms
Input: 5250000,
Cold Start: false
Unique ID: 6e9194e7f9d53fb76aa6290ffea67920,
Execution Time for Trace ID 6e9194e7f9d53fb76aa6290ffea67920: 361 ms
Input: 5250000,
Cold Start: false
Unique ID: 0c451a3307a7e37e1bdd08e5bd341794,
Execution Time for Trace ID 0c451a3307a7e37e1bdd08e5bd341794: 405 ms
Input: 5250000,
Cold Start: false
Unique ID: d22571812545e69232fbb57709979c63,
Execution Time for Trace ID d22571812545e69232fbb57709979c63: 360 ms
Input: 5250000,
Cold Start: false
Unique ID: 5f2b1bed61af4ec067ddc3d7a2886c76,
Execution Time for Trace ID 5f2b1bed61af4ec067ddc3d7a2886c76: 474 ms
Input: 5250000,
Cold Start: false
Unique ID: b620af15e3da8e6035c77bc99fa5a87d,
Execution Time for Trace ID b620af15e3da8e6035c77bc99fa5a87d: 392 ms
Input: 5250000,
Cold Start: false
Unique ID: 50743223288cf26fb244bcad553093e1,
Execution Time for Trace ID 50743223288cf26fb244bcad553093e1: 349 ms
Input: 5250000,
Cold Start: false
Unique ID: 300010f5fcc7ca01ff76e03e981e0c65,
Execution Time for Trace ID 300010f5fcc7ca01ff76e03e981e0c65: 390 ms
Input: 5250000,
Cold Start: false
Unique ID: b140b1ca32ef11acc8ce9db264566dea,
Execution Time for Trace ID b140b1ca32ef11acc8ce9db264566dea: 437 ms
Input: 5250000,
Cold Start: false
Unique ID: 231715ff01f3328c187b9b41cd553c0c,
Execution Time for Trace ID 231715ff01f3328c187b9b41cd553c0c: 454 ms
Input: 5250000,
Cold Start: false
Unique ID: 1473af09ddf8eef01642eb3d581249e1,
Execution Time for Trace ID 1473af09ddf8eef01642eb3d581249e1: 345 ms
Input: 5250000,
Cold Start: false
Unique ID: e94fb8bfc05c194afa89901c8df10bdb,
Execution Time for Trace ID e94fb8bfc05c194afa89901c8df10bdb: 397 ms
Input: 5250000,
Cold Start: false
Unique ID: 0e9474b4179b44419fec2d9a990bc9e2,
Execution Time for Trace ID 0e9474b4179b44419fec2d9a990bc9e2: 384 ms
Input: 5250000,
Cold Start: false
Unique ID: e4362ee9d23a6d4e2a9ab9fe24ba4de3,
Execution Time for Trace ID e4362ee9d23a6d4e2a9ab9fe24ba4de3: 360 ms
Input: 5250000,
Cold Start: false
Unique ID: 742ed66c69716a0f4a4ba59fc1e90c8d,
Execution Time for Trace ID 742ed66c69716a0f4a4ba59fc1e90c8d: 415 ms
Input: 5250000,
Cold Start: false
Unique ID: 0769604c6b84b54890dee69f17d6daf9,
Execution Time for Trace ID 0769604c6b84b54890dee69f17d6daf9: 403 ms
Input: 5250000,
Cold Start: false
Unique ID: 8505d8de7d687825607aad19301ea65d,
Execution Time for Trace ID 8505d8de7d687825607aad19301ea65d: 361 ms
Input: 5250000,
Cold Start: false
Unique ID: dbb8160184caaeb1659ac7ee29972d50,
Execution Time for Trace ID dbb8160184caaeb1659ac7ee29972d50: 400 ms
Input: 5250000,
Cold Start: false
Unique ID: c81822c7982a2b8c19682e5c98448aec,
Execution Time for Trace ID c81822c7982a2b8c19682e5c98448aec: 498 ms
Input: 5250000,
Cold Start: false
Unique ID: 542d4a6d3877f9d2187447e7c48e6650,
Execution Time for Trace ID 542d4a6d3877f9d2187447e7c48e6650: 449 ms
Input: 5250000,
Cold Start: false
Unique ID: ccf525c3e1559715e78f1f1de102322b,
Execution Time for Trace ID ccf525c3e1559715e78f1f1de102322b: 390 ms
Input: 5250000,
Cold Start: false
Unique ID: 29e008b31b495c3dafbdfa7d71608c19,
Execution Time for Trace ID 29e008b31b495c3dafbdfa7d71608c19: 437 ms
Input: 5250000,
Cold Start: false
Unique ID: a74aeb55f054c9557ab76149f9f8b33d,
Execution Time for Trace ID a74aeb55f054c9557ab76149f9f8b33d: 355 ms
Input: 5250000,
Cold Start: false
Unique ID: e467dfd473d181a7b45947135226095e,
Execution Time for Trace ID e467dfd473d181a7b45947135226095e: 408 ms
Input: 5250000,
Cold Start: false
Unique ID: f7fc7a665ba4ffe2906229d83725b5a9,
Execution Time for Trace ID f7fc7a665ba4ffe2906229d83725b5a9: 482 ms
Input: 5250000,
Cold Start: false
Unique ID: 374318f84465e7425cf6a8103ed700f7,
Execution Time for Trace ID 374318f84465e7425cf6a8103ed700f7: 397 ms
Input: 5250000,
Cold Start: false
Unique ID: 77c642b2ba588e99dd587dbb55386dc8,
Execution Time for Trace ID 77c642b2ba588e99dd587dbb55386dc8: 349 ms
Input: 5250000,
Cold Start: false
Unique ID: 556fc43f4ed4665e8b62076b830f7d86,
Execution Time for Trace ID 556fc43f4ed4665e8b62076b830f7d86: 394 ms
Input: 5250000,
Cold Start: false
Unique ID: 090f4d564686a3d1158fa61be3a0218f,
Execution Time for Trace ID 090f4d564686a3d1158fa61be3a0218f: 349 ms
Input: 5250000,
Cold Start: false
Unique ID: 2539c58d38b381803182b1bb2bca0c0f,
Execution Time for Trace ID 2539c58d38b381803182b1bb2bca0c0f: 408 ms
Input: 5250000,
Cold Start: false
Unique ID: 12e3b02908c82ebe0eb31ea135a8b6e0,
Execution Time for Trace ID 12e3b02908c82ebe0eb31ea135a8b6e0: 392 ms
Input: 5250000,
Cold Start: false
Unique ID: 3f827732b159343a67f43c4e1cefccc2,
Execution Time for Trace ID 3f827732b159343a67f43c4e1cefccc2: 353 ms
Input: 5250000,
Cold Start: false
Unique ID: a791f2cc2b745ec54143d9972ef56d19,
Execution Time for Trace ID a791f2cc2b745ec54143d9972ef56d19: 399 ms
Input: 5250000,
Cold Start: false
Unique ID: e8b0502fabfbd3605ddffd97a6c736eb,
Execution Time for Trace ID e8b0502fabfbd3605ddffd97a6c736eb: 488 ms
Input: 5250000,
Cold Start: false
Unique ID: 8ff4c6b7b165daebabd8264d59b5ba91,
Execution Time for Trace ID 8ff4c6b7b165daebabd8264d59b5ba91: 440 ms
Input: 5250000,
Cold Start: false
Unique ID: a7f56490ea5a6454705cab062d38e554,
Execution Time for Trace ID a7f56490ea5a6454705cab062d38e554: 409 ms
Input: 5250000,
Cold Start: false
Unique ID: 1fa26b9c8fbd948876ca521e111b0088,
Execution Time for Trace ID 1fa26b9c8fbd948876ca521e111b0088: 425 ms
Input: 5250000,
Cold Start: false
Unique ID: 90e2cb6306f6aea73feae315cf40ceb6,
Execution Time for Trace ID 90e2cb6306f6aea73feae315cf40ceb6: 397 ms
Input: 5250000,
Cold Start: false
Unique ID: 797d9d2ee539d2b0984b2dce37fe533f,
Execution Time for Trace ID 797d9d2ee539d2b0984b2dce37fe533f: 402 ms
Input: 5250000,
Cold Start: false
Unique ID: ce2ffc117e148b4a6d9cc667dd79322e,
Execution Time for Trace ID ce2ffc117e148b4a6d9cc667dd79322e: 353 ms
Input: 5250000,
Cold Start: false
Unique ID: 6fa2701a894e060bbcd34cf57766bb7e,
Execution Time for Trace ID 6fa2701a894e060bbcd34cf57766bb7e: 400 ms
Input: 5250000,
Cold Start: false
Unique ID: 8937465b01e5fbcab38cf642751ebff9,
Execution Time for Trace ID 8937465b01e5fbcab38cf642751ebff9: 360 ms
Input: 5250000,
Cold Start: false
Unique ID: f1539accbec9a7f882e30add9c36eefe,
Execution Time for Trace ID f1539accbec9a7f882e30add9c36eefe: 402 ms
Input: 5250000,
Cold Start: false
Unique ID: 7a7c38c6e07b3fa6dc07e8c227dac931,
Execution Time for Trace ID 7a7c38c6e07b3fa6dc07e8c227dac931: 406 ms
Input: 5250000,
Cold Start: false
Unique ID: 69bb63172b2c7e7d04141c2f23264886,
Execution Time for Trace ID 69bb63172b2c7e7d04141c2f23264886: 362 ms
Input: 5250000,
Cold Start: false
Unique ID: 33cb670a54d241c1ad1246bcb14459d7,
Execution Time for Trace ID 33cb670a54d241c1ad1246bcb14459d7: 399 ms
Input: 5250000,
Cold Start: false
Unique ID: 0853cb74f7f387386c3d2907b4085c5a,
Execution Time for Trace ID 0853cb74f7f387386c3d2907b4085c5a: 354 ms
Input: 5250000,
Cold Start: false
Unique ID: 7648234ef8d4ad9015543c76c2178d91,
Execution Time for Trace ID 7648234ef8d4ad9015543c76c2178d91: 397 ms
Input: 5250000,
Cold Start: false
Unique ID: b73e728a6f31c6a09f9f560439956785,
Execution Time for Trace ID b73e728a6f31c6a09f9f560439956785: 370 ms
Input: 5250000,
Cold Start: false
Unique ID: 288f76e35541826642d76933867ecc57,
Execution Time for Trace ID 288f76e35541826642d76933867ecc57: 426 ms
Input: 5250000,
Cold Start: false
Unique ID: a403243d561ad5dceef048e66b021f44,
Execution Time for Trace ID a403243d561ad5dceef048e66b021f44: 387 ms
Input: 5250000,
Cold Start: false
Unique ID: 4073f7d26f6d540fe82ec6a0c26a7e06,
Execution Time for Trace ID 4073f7d26f6d540fe82ec6a0c26a7e06: 353 ms
Input: 5250000,
Cold Start: false
Unique ID: 13828bd9112613b8a0bfd5b7f196f127,
Execution Time for Trace ID 13828bd9112613b8a0bfd5b7f196f127: 399 ms
Input: 5250000,
Cold Start: false
Unique ID: 0c4002b6a9199dac389c823256365a6e,
Execution Time for Trace ID 0c4002b6a9199dac389c823256365a6e: 405 ms
Input: 5250000,
Cold Start: false
Unique ID: 97feaf8d1a9ce4428cfa61f3a11e6477,
Execution Time for Trace ID 97feaf8d1a9ce4428cfa61f3a11e6477: 358 ms
Input: 5250000,
Cold Start: false
Unique ID: a22424e67f0b915dda180a14e35313be,
Execution Time for Trace ID a22424e67f0b915dda180a14e35313be: 389 ms
Input: 5250000,
Cold Start: false
Unique ID: 545d9a362faafd0a784193ad234aefa1,
Execution Time for Trace ID 545d9a362faafd0a784193ad234aefa1: 349 ms
Input: 5250000,
Cold Start: false
Unique ID: f82324106cef5fa0328827d11829e392,
Execution Time for Trace ID f82324106cef5fa0328827d11829e392: 401 ms
Input: 5250000,
Cold Start: false
Unique ID: 1725f1fa75d8181b543484119246246a,
Execution Time for Trace ID 1725f1fa75d8181b543484119246246a: 398 ms
Input: 5250000,
Cold Start: false
Unique ID: 526696792d0731684ff8e0fc1bff5cce,
Execution Time for Trace ID 526696792d0731684ff8e0fc1bff5cce: 349 ms
Input: 5250000,
Cold Start: false
Unique ID: b901883db5e4d96d1a68eb9d3a30eafd,
Execution Time for Trace ID b901883db5e4d96d1a68eb9d3a30eafd: 391 ms
Input: 5250000,
Cold Start: false
Unique ID: 896a38a95f6053bdecf2170edfd4e208,
Execution Time for Trace ID 896a38a95f6053bdecf2170edfd4e208: 354 ms
Input: 5250000,
Cold Start: false
Unique ID: 3d9eb79e81aaba007ae9e5182cc85178,
Execution Time for Trace ID 3d9eb79e81aaba007ae9e5182cc85178: 393 ms
Input: 5250000,
Cold Start: false
Unique ID: a60d68b2a81a530aeb57e5b7c34cac8b,
Execution Time for Trace ID a60d68b2a81a530aeb57e5b7c34cac8b: 407 ms
Input: 5250000,
Cold Start: false
Unique ID: 27e6feb09cc500440776cc721fdaa670,
Execution Time for Trace ID 27e6feb09cc500440776cc721fdaa670: 378 ms
Input: 5250000,
Cold Start: false
Unique ID: b59607d5383b73cece90ceed5cc500a8,
Execution Time for Trace ID b59607d5383b73cece90ceed5cc500a8: 395 ms
Input: 5250000,
Cold Start: false
Unique ID: 09e8aad7a3c9d1fabd068314136e2a03,
Execution Time for Trace ID 09e8aad7a3c9d1fabd068314136e2a03: 352 ms
Input: 5250000,
Cold Start: false
Unique ID: b5918b9fd618722917adcaa7ccc49f70,
Execution Time for Trace ID b5918b9fd618722917adcaa7ccc49f70: 388 ms
Input: 5250000,
Cold Start: false
Unique ID: b28b103abfce6356a185603f79cef6c5,
Execution Time for Trace ID b28b103abfce6356a185603f79cef6c5: 348 ms
Input: 5250000,
Cold Start: false
Unique ID: 29d66db31f274f0393a06aa5cb06cc7c,
Execution Time for Trace ID 29d66db31f274f0393a06aa5cb06cc7c: 355 ms
Input: 5250000,
Cold Start: false
Unique ID: 1bcc3af81ed9cb443f058d4598f30a81,
Execution Time for Trace ID 1bcc3af81ed9cb443f058d4598f30a81: 388 ms
Input: 5250000,
Cold Start: false
Unique ID: 611ce6dd96b726415c09d25af397d7d9,
Execution Time for Trace ID 611ce6dd96b726415c09d25af397d7d9: 357 ms
Input: 5250000,
Cold Start: false
Unique ID: a7472ee538529104fbd6d5331d8846f3,
Execution Time for Trace ID a7472ee538529104fbd6d5331d8846f3: 401 ms
Input: 5250000,
Cold Start: false
Unique ID: d0053421a687d16afeef251694e22ec5,
Execution Time for Trace ID d0053421a687d16afeef251694e22ec5: 509 ms
Input: 5250000,
Cold Start: false
Unique ID: ce2f0ff5d9c459b5bb6265753a911a47,
Execution Time for Trace ID ce2f0ff5d9c459b5bb6265753a911a47: 534 ms
Input: 5250000,
Cold Start: false
Unique ID: fe533e5cfdf03a4b1b4fda58ae28ddbb,
Execution Time for Trace ID fe533e5cfdf03a4b1b4fda58ae28ddbb: 393 ms
Input: 5250000,
Cold Start: false
Unique ID: 4b6faa091863d62569ee75510fca6593,
Execution Time for Trace ID 4b6faa091863d62569ee75510fca6593: 349 ms
Input: 5250000,
Cold Start: false
Unique ID: 0fd797998296537d8a7e2035174dbd1a,
Execution Time for Trace ID 0fd797998296537d8a7e2035174dbd1a: 391 ms
Input: 5250000,
Cold Start: false
Unique ID: b5962c3ad54fbf885175f3eb40a69864,
Execution Time for Trace ID b5962c3ad54fbf885175f3eb40a69864: 399 ms
Input: 5250000,
Cold Start: false
Unique ID: d4f01e07f96b11d244af1e31524f7606,
Execution Time for Trace ID d4f01e07f96b11d244af1e31524f7606: 355 ms
Input: 5250000,
Cold Start: false
Unique ID: 5cdf50ddd2c060daaa7a3b278c9f21e0,
Execution Time for Trace ID 5cdf50ddd2c060daaa7a3b278c9f21e0: 396 ms
Input: 5250000,
Cold Start: false
Unique ID: 79487d33ea241e54dcf1f03f370ea460,
Execution Time for Trace ID 79487d33ea241e54dcf1f03f370ea460: 357 ms
Input: 5250000,
Cold Start: false
Unique ID: 36a252a28ddcc8785d363f1f5d46bb53,
Execution Time for Trace ID 36a252a28ddcc8785d363f1f5d46bb53: 407 ms
Input: 5250000,
Cold Start: false
Unique ID: 08c158349799dda672ecd344b45ada15,
Execution Time for Trace ID 08c158349799dda672ecd344b45ada15: 407 ms
Input: 5250000,
Cold Start: false
Unique ID: ff9c6ca33b27e308fc89b792572265b2,
Execution Time for Trace ID ff9c6ca33b27e308fc89b792572265b2: 362 ms
Input: 5250000,
Cold Start: false
Unique ID: 0c8938cdb76e24e91d62cb405eda07d9,
Execution Time for Trace ID 0c8938cdb76e24e91d62cb405eda07d9: 402 ms
Input: 5250000,
Cold Start: false
Unique ID: 7c896273e2b0ab86aa44cc183611179e,
Execution Time for Trace ID 7c896273e2b0ab86aa44cc183611179e: 468 ms
Input: 5250000,
Cold Start: false
Unique ID: 1c1b6bb72137cd26ab3883c2c9dda950,
Execution Time for Trace ID 1c1b6bb72137cd26ab3883c2c9dda950: 397 ms
Input: 5250000,
Cold Start: false
Unique ID: 80701b7a5a68e8b89f1262b06924f1da,
Execution Time for Trace ID 80701b7a5a68e8b89f1262b06924f1da: 352 ms
Input: 5250000,
Cold Start: false
Unique ID: 1f48b659e084449e373a483eecca32f2,
Execution Time for Trace ID 1f48b659e084449e373a483eecca32f2: 494 ms
Input: 5250000,
Cold Start: false
Unique ID: 5a7ae357b16d59af485aec5f50892e5a,
Execution Time for Trace ID 5a7ae357b16d59af485aec5f50892e5a: 444 ms
Input: 5250000,
Cold Start: false
Unique ID: a42ca2410746adf9c9809ed5d19f6582,
Execution Time for Trace ID a42ca2410746adf9c9809ed5d19f6582: 446 ms
Input: 5250000,
Cold Start: false
Unique ID: b9bf4df5ee0757393bf6b7421d4f193d,
Execution Time for Trace ID b9bf4df5ee0757393bf6b7421d4f193d: 396 ms
Input: 5250000,
Cold Start: false
Unique ID: d88b13684f0d5ac6903fc6aa49659ddb,
Execution Time for Trace ID d88b13684f0d5ac6903fc6aa49659ddb: 353 ms
Input: 5250000,
Cold Start: false
Unique ID: d6c4f316ff67723771e73fc08ced76dd,
Execution Time for Trace ID d6c4f316ff67723771e73fc08ced76dd: 490 ms
Input: 5250000,
Cold Start: false
Unique ID: adbd594775a05baabc07e16335b411b6,
Execution Time for Trace ID adbd594775a05baabc07e16335b411b6: 410 ms
Input: 5250000,
Cold Start: false
Unique ID: 81b67bb16d436524abd424e43ae4a4a9,
Execution Time for Trace ID 81b67bb16d436524abd424e43ae4a4a9: 344 ms
Input: 5250000,
Cold Start: false
Unique ID: b9ebfcf9d10e2aada5199716e8806491,
Execution Time for Trace ID b9ebfcf9d10e2aada5199716e8806491: 404 ms
Input: 5250000,
Cold Start: false
Unique ID: 74813c0f887e87fbb4db09b5fcc68760,
Execution Time for Trace ID 74813c0f887e87fbb4db09b5fcc68760: 536 ms
Input: 5250000,
Cold Start: false
Unique ID: 4991336d2962da3fbb34dabe271840b2,
Execution Time for Trace ID 4991336d2962da3fbb34dabe271840b2: 515 ms
Input: 5250000,
Cold Start: false
Unique ID: 86ce4b6d0d68e8593af1a74566c6386d,
Execution Time for Trace ID 86ce4b6d0d68e8593af1a74566c6386d: 415 ms
Input: 5250000,
Cold Start: false
Unique ID: c45ccbae0be06c5cb16bf68a40e93530,
Execution Time for Trace ID c45ccbae0be06c5cb16bf68a40e93530: 451 ms
Input: 5250000,
Cold Start: false
Unique ID: 6a5c746836cd9f306f17c8a17069aecd,
Execution Time for Trace ID 6a5c746836cd9f306f17c8a17069aecd: 397 ms
Input: 5250000,
Cold Start: false
Unique ID: 0de1aac4f6ef91220d77fa792dc5b3e3,
Execution Time for Trace ID 0de1aac4f6ef91220d77fa792dc5b3e3: 349 ms
Input: 5250000,
Cold Start: false
Unique ID: 0db25cc822d4672a01d2ad80996bcaa0,
Execution Time for Trace ID 0db25cc822d4672a01d2ad80996bcaa0: 482 ms
Input: 5250000,
Cold Start: false
Unique ID: 7f6303d68d7003d4fcb31788a9cafe63,
Execution Time for Trace ID 7f6303d68d7003d4fcb31788a9cafe63: 437 ms
Input: 5250000,
Cold Start: false
Unique ID: ba113833fc55f9bcd901419cda88b3b4,
Execution Time for Trace ID ba113833fc55f9bcd901419cda88b3b4: 397 ms
Input: 5250000,
Cold Start: false
Unique ID: 375795cd6698de28cc2428fb5dca8f9b,
Execution Time for Trace ID 375795cd6698de28cc2428fb5dca8f9b: 447 ms
Input: 5250000,
Cold Start: false
Unique ID: 72fbfed48efabf870ac86daa72d22ef4,
Execution Time for Trace ID 72fbfed48efabf870ac86daa72d22ef4: 655 ms
Input: 5250000,
Cold Start: false
Unique ID: a505d679c7c63d9d70dc33b77acdcdcf,
Execution Time for Trace ID a505d679c7c63d9d70dc33b77acdcdcf: 613 ms
Input: 5250000,
Cold Start: false
Unique ID: 381e806fffbf7be8c6fc66696cc5d205,
Execution Time for Trace ID 381e806fffbf7be8c6fc66696cc5d205: 426 ms
Input: 5250000,
Cold Start: false
Unique ID: 20f2f30b8f01d085a86d3772540834ef,
Execution Time for Trace ID 20f2f30b8f01d085a86d3772540834ef: 426 ms
Input: 5250000,
Cold Start: false
Unique ID: 15276fcefae28f4a69ef608db67a0ae9,
Execution Time for Trace ID 15276fcefae28f4a69ef608db67a0ae9: 392 ms
Input: 5250000,
Cold Start: false
Unique ID: 5122d4b9e92008d714d843d284028b06,
Execution Time for Trace ID 5122d4b9e92008d714d843d284028b06: 723 ms
Input: 5250000,
Cold Start: false
Unique ID: 5d42452e84463f2791f6ebcd09c804eb,
Execution Time for Trace ID 5d42452e84463f2791f6ebcd09c804eb: 713 ms
Input: 5250000,
Cold Start: false
Unique ID: 1e7943bc199d1ecce4380b1c0c13dec2,
Execution Time for Trace ID 1e7943bc199d1ecce4380b1c0c13dec2: 436 ms
Input: 5250000,
Cold Start: false
Unique ID: 2e4e741895bbb9b8a2ff968230a939cd,
Execution Time for Trace ID 2e4e741895bbb9b8a2ff968230a939cd: 604 ms
Input: 5250000,
Cold Start: false
Unique ID: 88473b799deebaf9d945425bb6ce1ebf,
Execution Time for Trace ID 88473b799deebaf9d945425bb6ce1ebf: 606 ms
Input: 5250000,
Cold Start: false
Unique ID: 159f8bf3dd61a01738ef17f38e027622,
Execution Time for Trace ID 159f8bf3dd61a01738ef17f38e027622: 613 ms
Input: 5250000,
Cold Start: false
Unique ID: 610fded77796714a829951cf04b6078d,
Execution Time for Trace ID 610fded77796714a829951cf04b6078d: 575 ms
Input: 5250000,
Cold Start: false
Unique ID: ca36279e35ad6b3a092b13bd6d8d04c5,
Execution Time for Trace ID ca36279e35ad6b3a092b13bd6d8d04c5: 383 ms
Input: 5250000,
Cold Start: false
Unique ID: 572b572a14606f87c561458681056d42,
Execution Time for Trace ID 572b572a14606f87c561458681056d42: 502 ms
Input: 5250000,
Cold Start: false
Unique ID: 1ea0dc9b0b4856e54963d94a36d9eca6,
Execution Time for Trace ID 1ea0dc9b0b4856e54963d94a36d9eca6: 365 ms
Input: 5250000,
Cold Start: false
Unique ID: 552149dbd36db1888adecfa77f97becb,
Execution Time for Trace ID 552149dbd36db1888adecfa77f97becb: 412 ms
Input: 5250000,
Cold Start: false
Unique ID: 42b72d1fddd7a4db6ab2c76e883bf7b1,
Execution Time for Trace ID 42b72d1fddd7a4db6ab2c76e883bf7b1: 501 ms
Input: 5250000,
Cold Start: false
Unique ID: d5808fcfff9815cd164f9e539e1c1dca,
Execution Time for Trace ID d5808fcfff9815cd164f9e539e1c1dca: 414 ms
Input: 5250000,
Cold Start: false
Unique ID: afd055853afc97fe26eeb0d004045f97,
Execution Time for Trace ID afd055853afc97fe26eeb0d004045f97: 358 ms
Input: 5250000,
Cold Start: false
Unique ID: 40656815e1a3754dec1899e3e639d044,
Execution Time for Trace ID 40656815e1a3754dec1899e3e639d044: 411 ms
Input: 5250000,
Cold Start: false
Unique ID: db9a8265a210f30a330ac67d87d21df2,
Execution Time for Trace ID db9a8265a210f30a330ac67d87d21df2: 354 ms
Input: 5250000,
Cold Start: false
Unique ID: d0479ee08b3cfeebd54a93f253791c29,
Execution Time for Trace ID d0479ee08b3cfeebd54a93f253791c29: 417 ms
Input: 5250000,
Cold Start: false
Unique ID: 999d13639ecd876fa36620b87bc5a564,
Execution Time for Trace ID 999d13639ecd876fa36620b87bc5a564: 349 ms
Input: 5250000,
Cold Start: false
Unique ID: 8828aa2db71d12e3be081606d4ea07ae,
Execution Time for Trace ID 8828aa2db71d12e3be081606d4ea07ae: 413 ms
Input: 5250000,
Cold Start: false
Unique ID: 99f589d558eafc57ddff616208055574,
Execution Time for Trace ID 99f589d558eafc57ddff616208055574: 383 ms
Input: 5250000,
Cold Start: false
Unique ID: 3728e0b0c9dbf5a4ada64c1c10da9b14,
Execution Time for Trace ID 3728e0b0c9dbf5a4ada64c1c10da9b14: 346 ms
Input: 5250000,
Cold Start: false
Unique ID: 4c0917bd3b797b55c099adf6c9899333,
Execution Time for Trace ID 4c0917bd3b797b55c099adf6c9899333: 413 ms
Input: 5250000,
Cold Start: false
Unique ID: 08c495053ef591199b5e82e7ea32f09c,
Execution Time for Trace ID 08c495053ef591199b5e82e7ea32f09c: 488 ms
Input: 5250000,
Cold Start: false
Unique ID: 57a5564525d2333715934395809f98df,
Execution Time for Trace ID 57a5564525d2333715934395809f98df: 444 ms
Input: 5250000,
Cold Start: false
Unique ID: 77493b18992cb4fedaeed0fbbc4235db,
Execution Time for Trace ID 77493b18992cb4fedaeed0fbbc4235db: 408 ms
Input: 5250000,
Cold Start: false
Unique ID: 9d65c3117ade9f40a86dbc2c8e547d5b,
Execution Time for Trace ID 9d65c3117ade9f40a86dbc2c8e547d5b: 409 ms
Input: 5250000,
Cold Start: false
Unique ID: 224213f510e215ed0ce45bd0483ce09f,
Execution Time for Trace ID 224213f510e215ed0ce45bd0483ce09f: 366 ms
Input: 5250000,
Cold Start: false
Unique ID: 4feb5829fd1ad8ed91b9814f252dddf1,
Execution Time for Trace ID 4feb5829fd1ad8ed91b9814f252dddf1: 503 ms
Input: 5250000,
Cold Start: false
Unique ID: 4e8e1ba360e7676f6eae8931c2baf6c1,
Execution Time for Trace ID 4e8e1ba360e7676f6eae8931c2baf6c1: 411 ms
Input: 5250000,
Cold Start: false
Unique ID: 3b3c2776ce7227c20467e0551443db82,
Execution Time for Trace ID 3b3c2776ce7227c20467e0551443db82: 464 ms
Input: 5250000,
Cold Start: false
Unique ID: 30ef7f1364a65fbba47cd7e3eb454def,
Execution Time for Trace ID 30ef7f1364a65fbba47cd7e3eb454def: 349 ms
Input: 5250000,
Cold Start: false
Unique ID: e958591d29ceee971e34069df94e8d4c,
Execution Time for Trace ID e958591d29ceee971e34069df94e8d4c: 404 ms
Input: 5250000,
Cold Start: false
Unique ID: 7c201712c3e4e812bff819627240c449,
Execution Time for Trace ID 7c201712c3e4e812bff819627240c449: 408 ms
Input: 5250000,
Cold Start: false
Unique ID: ad9573bfaa0d7ce4164f9e539e1c1172,
Execution Time for Trace ID ad9573bfaa0d7ce4164f9e539e1c1172: 453 ms
Input: 5250000,
Cold Start: false
Unique ID: 644fdadf3aa2e9db541843fa09bcff97,
Execution Time for Trace ID 644fdadf3aa2e9db541843fa09bcff97: 396 ms
Input: 5250000,
Cold Start: false
Unique ID: f68f0378b180d17fac8a86752ded0095,
Execution Time for Trace ID f68f0378b180d17fac8a86752ded0095: 359 ms
Input: 5250000,
Cold Start: false
Unique ID: b849746b6709aaac47f622b34570eb51,
Execution Time for Trace ID b849746b6709aaac47f622b34570eb51: 482 ms
Input: 5250000,
Cold Start: false
Unique ID: 8f28b9a742526b220afab847b777c5f5,
Execution Time for Trace ID 8f28b9a742526b220afab847b777c5f5: 395 ms
Input: 5250000,
Cold Start: false
Unique ID: 40bea9d54ae1cb03f9af17062cf91998,
Execution Time for Trace ID 40bea9d54ae1cb03f9af17062cf91998: 351 ms
Input: 5250000,
Cold Start: false
Unique ID: 8523cd108e3a15610764ebf7c3de3b5f,
Execution Time for Trace ID 8523cd108e3a15610764ebf7c3de3b5f: 407 ms
Input: 5250000,
Cold Start: false
Unique ID: 495786196f81f699cc5511d353d9dc0c,
Execution Time for Trace ID 495786196f81f699cc5511d353d9dc0c: 352 ms
Input: 5250000,
Cold Start: false
Unique ID: ceeee98acff8493625c9aa9ad361c445,
Execution Time for Trace ID ceeee98acff8493625c9aa9ad361c445: 420 ms
Input: 5250000,
Cold Start: false
Unique ID: 2edaa56ed4b15feceaa0aec531e35ed3,
Execution Time for Trace ID 2edaa56ed4b15feceaa0aec531e35ed3: 399 ms
Input: 5250000,
Cold Start: false
Unique ID: 4bf7f1f09d664b19916909d706523e62,
Execution Time for Trace ID 4bf7f1f09d664b19916909d706523e62: 351 ms
Input: 5250000,
Cold Start: false
Unique ID: 3db0a8af50877dda30f771d3a31b7d12,
Execution Time for Trace ID 3db0a8af50877dda30f771d3a31b7d12: 409 ms
Input: 5250000,
Cold Start: false
Unique ID: 1cd35159adfbfbb07c931b53ce10ef48,
Execution Time for Trace ID 1cd35159adfbfbb07c931b53ce10ef48: 513 ms
Input: 5250000,
Cold Start: false
Unique ID: af359df25aa2e0bf767c0213f05dfc8b,
Execution Time for Trace ID af359df25aa2e0bf767c0213f05dfc8b: 473 ms
Input: 5250000,
Cold Start: false
Unique ID: 1d83ad89aab922b9c3b391a649a2986d,
Execution Time for Trace ID 1d83ad89aab922b9c3b391a649a2986d: 391 ms
Input: 5250000,
Cold Start: false
Unique ID: 6565fe04c765d3d14e35a63b18f606bf,
Execution Time for Trace ID 6565fe04c765d3d14e35a63b18f606bf: 352 ms
Input: 5250000,
Cold Start: false
Unique ID: 699e030de04e6ac636add008cb3303b4,
Execution Time for Trace ID 699e030de04e6ac636add008cb3303b4: 403 ms
Input: 5250000,
Cold Start: false
Unique ID: 85e17aed3dff05fb687bb6a7d0a8cfa1,
Execution Time for Trace ID 85e17aed3dff05fb687bb6a7d0a8cfa1: 395 ms
Input: 5250000,
Cold Start: false
Unique ID: 988fce34eddcf683d30798a62168086f,
Execution Time for Trace ID 988fce34eddcf683d30798a62168086f: 427 ms
Input: 5250000,
Cold Start: false
Unique ID: f9a2a716bae1bacac016eab33ae9bcf0,
Execution Time for Trace ID f9a2a716bae1bacac016eab33ae9bcf0: 384 ms
Input: 5250000,
Cold Start: false
Unique ID: d5692267eabde3087645b869e38a52d9,
Execution Time for Trace ID d5692267eabde3087645b869e38a52d9: 346 ms
Input: 5250000,
Cold Start: false
Unique ID: 3c91c641acfe4a855b6c2d05e1dbfde5,
Execution Time for Trace ID 3c91c641acfe4a855b6c2d05e1dbfde5: 406 ms
Input: 5250000,
Cold Start: false
Unique ID: 5beefa8d56444d7ed03a498e45f166a5,
Execution Time for Trace ID 5beefa8d56444d7ed03a498e45f166a5: 400 ms
Input: 5250000,
Cold Start: false
Unique ID: a1054f4592b48e2b81487cd59980fea1,
Execution Time for Trace ID a1054f4592b48e2b81487cd59980fea1: 366 ms
Input: 5250000,
Cold Start: false
Unique ID: ae1177c67ba17de0125b4a476436e3c3,
Execution Time for Trace ID ae1177c67ba17de0125b4a476436e3c3: 401 ms
Input: 5250000,
Cold Start: false
Unique ID: bef9e6168ff26b9f07b46df37b13c6c8,
Execution Time for Trace ID bef9e6168ff26b9f07b46df37b13c6c8: 349 ms
Input: 5250000,
Cold Start: false
Unique ID: 9a807bf727bb83522f125efca7b2172e,
Execution Time for Trace ID 9a807bf727bb83522f125efca7b2172e: 388 ms
Input: 5250000,
Cold Start: false
Unique ID: 96bbc8375e41458911707110d6c618d6,
Execution Time for Trace ID 96bbc8375e41458911707110d6c618d6: 420 ms
Input: 5250000,
Cold Start: false
Unique ID: 88c1d9e1d375efe618724e0d0f5fe33b,
Execution Time for Trace ID 88c1d9e1d375efe618724e0d0f5fe33b: 370 ms
Input: 5250000,
Cold Start: false
Unique ID: 752842a6b05363d4ffd13f571eb5b22e,
Execution Time for Trace ID 752842a6b05363d4ffd13f571eb5b22e: 360 ms
Input: 5250000,
Cold Start: false
Unique ID: 2e6ead39f3e47f75ac2cd03a60c3ba9c,
Execution Time for Trace ID 2e6ead39f3e47f75ac2cd03a60c3ba9c: 478 ms
Input: 5250000,
Cold Start: false
Unique ID: 2f5c4a997dae64dfc6940ccd1d00128f,
Execution Time for Trace ID 2f5c4a997dae64dfc6940ccd1d00128f: 407 ms
Input: 5250000,
Cold Start: false
Unique ID: 4079274914c88996162832398ec5d76a,
Execution Time for Trace ID 4079274914c88996162832398ec5d76a: 357 ms
Input: 5250000,
Cold Start: false
Unique ID: 87b18be89b7d2103b76fe3eb7026634f,
Execution Time for Trace ID 87b18be89b7d2103b76fe3eb7026634f: 496 ms
Input: 5250000,
Cold Start: false
Unique ID: de0777d4193b5015efaadf032bf93d79,
Execution Time for Trace ID de0777d4193b5015efaadf032bf93d79: 357 ms
Input: 5250000,
Cold Start: false
Unique ID: 6e472ee63f1634035f79a9674632a59d,
Execution Time for Trace ID 6e472ee63f1634035f79a9674632a59d: 481 ms
Input: 5250000,
Cold Start: false
Unique ID: 682244143c201ad61ec8869e98e919dc,
Execution Time for Trace ID 682244143c201ad61ec8869e98e919dc: 402 ms
Input: 5250000,
Cold Start: false
Unique ID: 64fa0e956d9e24982ba6dda4c08552e9,
Execution Time for Trace ID 64fa0e956d9e24982ba6dda4c08552e9: 351 ms
Input: 5250000,
Cold Start: false
Unique ID: 3796d4bc61add7ab649fdce68916e43a,
Execution Time for Trace ID 3796d4bc61add7ab649fdce68916e43a: 490 ms
Input: 5250000,
Cold Start: false
Unique ID: b21867dee39b22db02855bc46b842d95,
Execution Time for Trace ID b21867dee39b22db02855bc46b842d95: 390 ms
Input: 5250000,
Cold Start: false
Unique ID: 903eceaa0e93a79f1539f9854bd5707e,
Execution Time for Trace ID 903eceaa0e93a79f1539f9854bd5707e: 361 ms
Input: 5250000,
Cold Start: false
Unique ID: 6e06f63cd8f99954472e368a4d6cb03e,
Execution Time for Trace ID 6e06f63cd8f99954472e368a4d6cb03e: 395 ms
Input: 5250000,
Cold Start: false
Unique ID: c9afaa9b48f1b416b6fbefee1b3efc0e,
Execution Time for Trace ID c9afaa9b48f1b416b6fbefee1b3efc0e: 346 ms
Input: 5250000,
Cold Start: false
Unique ID: b31e052e12a3c7b1059e396960718567,
Execution Time for Trace ID b31e052e12a3c7b1059e396960718567: 343 ms
Input: 5250000,
Cold Start: false
Unique ID: 6642edf5fa3ce14bb770d72fe0fd9435,
Execution Time for Trace ID 6642edf5fa3ce14bb770d72fe0fd9435: 393 ms
Input: 5250000,
Cold Start: false
Unique ID: d4eea0909aea42904bc117c411169762,
Execution Time for Trace ID d4eea0909aea42904bc117c411169762: 347 ms
Input: 5250000,
Cold Start: false
Unique ID: 930cf37271ba1faacba3a3b398e152aa,
Execution Time for Trace ID 930cf37271ba1faacba3a3b398e152aa: 390 ms
Input: 5250000,
Cold Start: false
Unique ID: 85e92d60ffb56b17e89c81f9a02d1a99,
Execution Time for Trace ID 85e92d60ffb56b17e89c81f9a02d1a99: 408 ms
Input: 5250000,
Cold Start: false
Unique ID: d6d439b90b9501b5e5a3e20cb9a483c7,
Execution Time for Trace ID d6d439b90b9501b5e5a3e20cb9a483c7: 348 ms
Input: 5250000,
Cold Start: false
Unique ID: 6157716e85fecf547c217d84462d5329,
Execution Time for Trace ID 6157716e85fecf547c217d84462d5329: 396 ms
Input: 5250000,
Cold Start: false
Unique ID: f4f29b4f9b2198cbcc6d49f6de48677a,
Execution Time for Trace ID f4f29b4f9b2198cbcc6d49f6de48677a: 346 ms
Input: 5250000,
Cold Start: false
Unique ID: eddfed61bdd3a5012ebf627629dd0bbb,
Execution Time for Trace ID eddfed61bdd3a5012ebf627629dd0bbb: 391 ms
Input: 5250000,
Cold Start: false
Unique ID: cb9412185ce70d72838a33dc7d5a6f6c,
Execution Time for Trace ID cb9412185ce70d72838a33dc7d5a6f6c: 347 ms
Input: 5250000,
Cold Start: false
Unique ID: aee4e2a74515b771370efe1a0076417c,
Execution Time for Trace ID aee4e2a74515b771370efe1a0076417c: 405 ms
Input: 5250000,
Cold Start: false
Unique ID: 4678ef8f6fc4b5f4324495b601c68dc7,
Execution Time for Trace ID 4678ef8f6fc4b5f4324495b601c68dc7: 348 ms
Input: 5250000,
Cold Start: false
Unique ID: 27bad686503800326f7fccd4bd263455,
Execution Time for Trace ID 27bad686503800326f7fccd4bd263455: 403 ms
Input: 5250000,
Cold Start: false
Unique ID: d12b162091b731faf93bcb8dfb51f0dd,
Execution Time for Trace ID d12b162091b731faf93bcb8dfb51f0dd: 399 ms
Input: 5250000,
Cold Start: false
Unique ID: b9a58e11bcd4e7b0d3e1cd85d557bb0d,
Execution Time for Trace ID b9a58e11bcd4e7b0d3e1cd85d557bb0d: 345 ms
Input: 5250000,
Cold Start: false
Unique ID: 90bd916d5a543d65d5ef1884eac51fb6,
Execution Time for Trace ID 90bd916d5a543d65d5ef1884eac51fb6: 346 ms
Input: 5250000,
Cold Start: false
Unique ID: 3f06bf024be9496809c0fdf815416e26,
Execution Time for Trace ID 3f06bf024be9496809c0fdf815416e26: 388 ms
Input: 5250000,
Cold Start: false
Unique ID: 330bf48f872d3b87abad56a3f65e377c,
Execution Time for Trace ID 330bf48f872d3b87abad56a3f65e377c: 350 ms
Input: 5250000,
Cold Start: false
Unique ID: 6d2c6d8c8943b8cfd927a669872628e0,
Execution Time for Trace ID 6d2c6d8c8943b8cfd927a669872628e0: 403 ms
Input: 5250000,
Cold Start: false
Unique ID: 36f6f3ccda4fb16637bc493026f33e81,
Execution Time for Trace ID 36f6f3ccda4fb16637bc493026f33e81: 416 ms
Input: 5250000,
Cold Start: false
Unique ID: 8b094395e345ce04042e1119cc84f046,
Execution Time for Trace ID 8b094395e345ce04042e1119cc84f046: 373 ms
Input: 5250000,
Cold Start: false
Unique ID: 16628f5d9cf64420511305b2869453a5,
Execution Time for Trace ID 16628f5d9cf64420511305b2869453a5: 405 ms
Input: 5250000,
Cold Start: false
Unique ID: b0ebbb106a83298734ed6828a0e3d353,
Execution Time for Trace ID b0ebbb106a83298734ed6828a0e3d353: 360 ms
Input: 5250000,
Cold Start: false
Unique ID: 4515ddd4963b2e4eedc6c7dad17976ff,
Execution Time for Trace ID 4515ddd4963b2e4eedc6c7dad17976ff: 408 ms
Input: 5250000,
Cold Start: false
Unique ID: 3c6b73aff8772beeed2e09b8b78f66d6,
Execution Time for Trace ID 3c6b73aff8772beeed2e09b8b78f66d6: 360 ms
Input: 5250000,
Cold Start: false
Unique ID: c781f3cf5ffb5d51c47b7b86aa610a40,
Execution Time for Trace ID c781f3cf5ffb5d51c47b7b86aa610a40: 412 ms
Input: 5250000,
Cold Start: false
Unique ID: 274f2d4533c34b4c5ba2bf4987d47be8,
Execution Time for Trace ID 274f2d4533c34b4c5ba2bf4987d47be8: 404 ms
Input: 5250000,
Cold Start: false
Unique ID: 3d0876fc646b41a0f1db05d15b0ac9a3,
Execution Time for Trace ID 3d0876fc646b41a0f1db05d15b0ac9a3: 360 ms
Input: 5250000,
Cold Start: false
Unique ID: c62d3f28b3f2cb569cfa2028e675bcc0,
Execution Time for Trace ID c62d3f28b3f2cb569cfa2028e675bcc0: 287 ms
Input: 5250000,
Cold Start: false
Unique ID: b6ce6e99b9afdd5466d7bd4ef44ce7a2,
Execution Time for Trace ID b6ce6e99b9afdd5466d7bd4ef44ce7a2: 406 ms
Input: 5250000,
Cold Start: false
Unique ID: ea5766c7f275f8c3ab6d80df66783e2e,
Execution Time for Trace ID ea5766c7f275f8c3ab6d80df66783e2e: 418 ms
Input: 5250000,
Cold Start: false
Unique ID: 4b97abef29340b5be074905db44a846f,
Execution Time for Trace ID 4b97abef29340b5be074905db44a846f: 398 ms
Input: 5250000,
Cold Start: false
Unique ID: b02e1051bfe5c6941e36c3e53259ac6f,
Execution Time for Trace ID b02e1051bfe5c6941e36c3e53259ac6f: 369 ms
Input: 5250000,
Cold Start: false
Unique ID: 77e59f3fb10da5bf9150fe3561ded7f4,
Execution Time for Trace ID 77e59f3fb10da5bf9150fe3561ded7f4: 345 ms
Input: 5250000,
Cold Start: false
Unique ID: e9a0d52052e163c4d62ab59b8a29b3e6,
Execution Time for Trace ID e9a0d52052e163c4d62ab59b8a29b3e6: 407 ms
Input: 5250000,
Cold Start: false
Unique ID: c5cc76868a0d8d4a35299c33a547e0f3,
Execution Time for Trace ID c5cc76868a0d8d4a35299c33a547e0f3: 370 ms
Input: 5250000,
Cold Start: false
Unique ID: 4a6a690bcf790e215903b9b25196955f,
Execution Time for Trace ID 4a6a690bcf790e215903b9b25196955f: 344 ms
Input: 5250000,
Cold Start: false
Unique ID: fb62fe250d2005a7b1eaeae0e22c2551,
Execution Time for Trace ID fb62fe250d2005a7b1eaeae0e22c2551: 484 ms
Input: 5250000,
Cold Start: false
Unique ID: 753ada7d7b84583d48def7b3356d9eee,
Execution Time for Trace ID 753ada7d7b84583d48def7b3356d9eee: 421 ms
Input: 5250000,
Cold Start: false
Unique ID: 4a578d341cb377d901eccad7186647be,
Execution Time for Trace ID 4a578d341cb377d901eccad7186647be: 349 ms
Input: 5250000,
Cold Start: false
Unique ID: 9f04e59f4760b0ed89e8f7165557d45b,
Execution Time for Trace ID 9f04e59f4760b0ed89e8f7165557d45b: 405 ms
Input: 5250000,
Cold Start: false
Unique ID: 464ca50e1bbe6b88e8c2c23b0d146f97,
Execution Time for Trace ID 464ca50e1bbe6b88e8c2c23b0d146f97: 399 ms
Input: 5250000,
Cold Start: false
Unique ID: 8e9f5120fb57048eaea0fa1d8ed17982,
Execution Time for Trace ID 8e9f5120fb57048eaea0fa1d8ed17982: 434 ms
Input: 5250000,
Cold Start: false
Unique ID: c35c291e8db49ec6e4a57020992d6ee4,
Execution Time for Trace ID c35c291e8db49ec6e4a57020992d6ee4: 399 ms
Input: 5250000,
Cold Start: false
Unique ID: 7d2fa38729f604e248def7b3356d9376,
Execution Time for Trace ID 7d2fa38729f604e248def7b3356d9376: 416 ms
Input: 5250000,
Cold Start: false
Unique ID: f76ba120c25b6afc8e4693167ae516ee,
Execution Time for Trace ID f76ba120c25b6afc8e4693167ae516ee: 446 ms
Input: 5250000,
Cold Start: false
Unique ID: 27015cbba9bcce9295d376b308a48f11,
Execution Time for Trace ID 27015cbba9bcce9295d376b308a48f11: 345 ms
Input: 5250000,
Cold Start: false
Unique ID: 04f576a1485d23fffb4fd6002e27db56,
Execution Time for Trace ID 04f576a1485d23fffb4fd6002e27db56: 405 ms
Input: 5250000,
Cold Start: false
Unique ID: 5152258c8ddd28b68e4693167ae514a4,
Execution Time for Trace ID 5152258c8ddd28b68e4693167ae514a4: 371 ms
Input: 5250000,
Cold Start: false
Unique ID: 235b205f33f7193096fce4c16161b279,
Execution Time for Trace ID 235b205f33f7193096fce4c16161b279: 353 ms
Input: 5250000,
Cold Start: false
Unique ID: 06d54c9eef758dbd47b6fb52f2bcb42d,
Execution Time for Trace ID 06d54c9eef758dbd47b6fb52f2bcb42d: 383 ms
Input: 5250000,
Cold Start: false
Unique ID: 4864055a9809a18c237530b8475d5ba9,
Execution Time for Trace ID 4864055a9809a18c237530b8475d5ba9: 395 ms
Input: 5250000,
Cold Start: false
Unique ID: 9293e51f7a1ac3806017b0d9b3023d2e,
Execution Time for Trace ID 9293e51f7a1ac3806017b0d9b3023d2e: 348 ms
Input: 5250000,
Cold Start: false
Unique ID: 97c9942be468d31fb6abb8d068bbb974,
Execution Time for Trace ID 97c9942be468d31fb6abb8d068bbb974: 391 ms
Input: 5250000,
Cold Start: false
Unique ID: 6e6265d835e60c10dd4f165f98be53b0,
Execution Time for Trace ID 6e6265d835e60c10dd4f165f98be53b0: 344 ms
Input: 5250000,
Cold Start: false
Unique ID: f2ff26e778364f33506b8a8a618ad492,
Execution Time for Trace ID f2ff26e778364f33506b8a8a618ad492: 354 ms
Input: 5250000,
Cold Start: false
Unique ID: 1613c2feab6010e3b130a5cbc8f197d4,
Execution Time for Trace ID 1613c2feab6010e3b130a5cbc8f197d4: 393 ms
Input: 5250000,
Cold Start: false
Unique ID: aa95ab45892b4c7e86a686a98246712b,
Execution Time for Trace ID aa95ab45892b4c7e86a686a98246712b: 350 ms
Input: 5250000,
Cold Start: false
Unique ID: e3f8305b8a00dff7449a04f607512177,
Execution Time for Trace ID e3f8305b8a00dff7449a04f607512177: 396 ms
Input: 5250000,
Cold Start: false
Unique ID: 538d5513395b54baf00931caeb531f5c,
Execution Time for Trace ID 538d5513395b54baf00931caeb531f5c: 400 ms
Input: 5250000,
Cold Start: false
Unique ID: 6fd011b62b31fb8f655b6a0159cb95d9,
Execution Time for Trace ID 6fd011b62b31fb8f655b6a0159cb95d9: 361 ms
Input: 5250000,
Cold Start: false
Unique ID: 011702759b25e1ab067eacb1f83bc510,
Execution Time for Trace ID 011702759b25e1ab067eacb1f83bc510: 397 ms
Input: 5250000,
Cold Start: false
Unique ID: 76817d16ea28bbc3d930fcea3c52ad03,
Execution Time for Trace ID 76817d16ea28bbc3d930fcea3c52ad03: 358 ms
Input: 5250000,
Cold Start: false
Unique ID: 88a82b920b7f1337f2a5e9c989d0ba1a,
Execution Time for Trace ID 88a82b920b7f1337f2a5e9c989d0ba1a: 399 ms
Input: 5250000,
Cold Start: false
Unique ID: 210aa325884ff5db4e8dee849a022b5b,
Execution Time for Trace ID 210aa325884ff5db4e8dee849a022b5b: 349 ms
Input: 5250000,
Cold Start: false
Unique ID: c4360f519ac29393580a057b5fa36363,
Execution Time for Trace ID c4360f519ac29393580a057b5fa36363: 352 ms
Input: 5250000,
Cold Start: false
Unique ID: bd7c068ac768356ac5ba0f339a84cf6e,
Execution Time for Trace ID bd7c068ac768356ac5ba0f339a84cf6e: 385 ms
Input: 5250000,
Cold Start: false
Unique ID: 80ca160b9d6bfe1fc1ebeab4f34587e1,
Execution Time for Trace ID 80ca160b9d6bfe1fc1ebeab4f34587e1: 349 ms
Input: 5250000,
Cold Start: false
Unique ID: 931e83f04ac9cdb195fd967280fae0dc,
Execution Time for Trace ID 931e83f04ac9cdb195fd967280fae0dc: 386 ms
Input: 5250000,
Cold Start: false
Unique ID: b0f6edfe7373d26d78a6d447974a6610,
Execution Time for Trace ID b0f6edfe7373d26d78a6d447974a6610: 401 ms
Input: 5250000,
Cold Start: false
Unique ID: aa0fe9ce3c6e4230850ed3a426e1ab2e,
Execution Time for Trace ID aa0fe9ce3c6e4230850ed3a426e1ab2e: 356 ms
Input: 5250000,
Cold Start: false
Unique ID: 60ef4e5d06b332dc168dcc42b2329cd8,
Execution Time for Trace ID 60ef4e5d06b332dc168dcc42b2329cd8: 384 ms
Input: 5250000,
Cold Start: false
Unique ID: 2426a025190b0df2ca967c70f1337d1e,
Execution Time for Trace ID 2426a025190b0df2ca967c70f1337d1e: 352 ms
Input: 5250000,
Cold Start: false
Unique ID: fa81758fca9b609405a49f441e8d73d1,
Execution Time for Trace ID fa81758fca9b609405a49f441e8d73d1: 401 ms
Input: 5250000,
Cold Start: false
Unique ID: 6be25743b029f886edf3ade426f45e28,
Execution Time for Trace ID 6be25743b029f886edf3ade426f45e28: 392 ms
Input: 5250000,
Cold Start: false
Unique ID: 471af39a3590f0e353e86bae73abf627,
Execution Time for Trace ID 471af39a3590f0e353e86bae73abf627: 349 ms
Input: 5250000,
Cold Start: false
Unique ID: 894c575ad2e07af2779dcf6ea87eaf9e,
Execution Time for Trace ID 894c575ad2e07af2779dcf6ea87eaf9e: 396 ms
Input: 5250000,
Cold Start: false
Unique ID: 599d1f1a7f98efa8fde2a9c041edc3b8,
Execution Time for Trace ID 599d1f1a7f98efa8fde2a9c041edc3b8: 352 ms
Input: 5250000,
Cold Start: false
Unique ID: dd5e4d4ab97fb6f66611793ec9c2eb48,
Execution Time for Trace ID dd5e4d4ab97fb6f66611793ec9c2eb48: 338 ms
Input: 5250000,
Cold Start: false
Unique ID: d03283d6584a1e971d508e8ebd8140d9,
Execution Time for Trace ID d03283d6584a1e971d508e8ebd8140d9: 402 ms
Input: 5250000,
Cold Start: false
Unique ID: f33c4177ef4c910d32e57126a3b12044,
Execution Time for Trace ID f33c4177ef4c910d32e57126a3b12044: 365 ms
Input: 5250000,
Cold Start: false
Unique ID: f11334187563156f6f00e89fb9a64aa5,
Execution Time for Trace ID f11334187563156f6f00e89fb9a64aa5: 389 ms
Input: 5250000,
Cold Start: false
Unique ID: eb37b3b3d87bb3ae73f5bdd2faf86064,
Execution Time for Trace ID eb37b3b3d87bb3ae73f5bdd2faf86064: 345 ms
Input: 5250000,
Cold Start: false
Unique ID: e2d9ae0ca2a686a1943d690781580217,
Execution Time for Trace ID e2d9ae0ca2a686a1943d690781580217: 394 ms
Input: 5250000,
Cold Start: false
Unique ID: c0e028e86ad93850beff658bce51cc57,
Execution Time for Trace ID c0e028e86ad93850beff658bce51cc57: 347 ms
Input: 5250000,
Cold Start: false
Unique ID: 56d2ca968eff75a02924a151ddea0107,
Execution Time for Trace ID 56d2ca968eff75a02924a151ddea0107: 344 ms
Input: 5250000,
Cold Start: false
Unique ID: 0da46a861f3e14e3321de551c0dfd32b,
Execution Time for Trace ID 0da46a861f3e14e3321de551c0dfd32b: 404 ms
Input: 5250000,
Cold Start: false
Unique ID: f6df5018808a1cc5e8ff54b517edda7d,
Execution Time for Trace ID f6df5018808a1cc5e8ff54b517edda7d: 361 ms
Input: 5250000,
Cold Start: false
Unique ID: a8eb83dda8666937c097cd80f0151742,
Execution Time for Trace ID a8eb83dda8666937c097cd80f0151742: 402 ms
Input: 5250000,
Cold Start: false
Unique ID: 21a8dd7a4e19601a2bac1c940bd4385c,
Execution Time for Trace ID 21a8dd7a4e19601a2bac1c940bd4385c: 398 ms
Input: 5250000,
Cold Start: false
Unique ID: 4f316cf77e776ba06b41138751966cfc,
Execution Time for Trace ID 4f316cf77e776ba06b41138751966cfc: 364 ms
Input: 5250000,
Cold Start: false
Unique ID: 47f8cf1f6185d82893f38f65a56c9082,
Execution Time for Trace ID 47f8cf1f6185d82893f38f65a56c9082: 400 ms
Input: 5250000,
Cold Start: false
Unique ID: 75c01d51f7704f69aef755d679f4f049,
Execution Time for Trace ID 75c01d51f7704f69aef755d679f4f049: 347 ms
Input: 5250000,
Cold Start: false
Unique ID: 4204aa6ceb2075750cbf3e7047c44c29,
Execution Time for Trace ID 4204aa6ceb2075750cbf3e7047c44c29: 400 ms
Input: 5250000,
Cold Start: false
Unique ID: 04725d7fdfd412b08f06a379e3cd9f07,
Execution Time for Trace ID 04725d7fdfd412b08f06a379e3cd9f07: 345 ms
Input: 5250000,
Cold Start: false
Unique ID: a88d3eae27f8882f73a48db31bb61888,
Execution Time for Trace ID a88d3eae27f8882f73a48db31bb61888: 362 ms
Input: 5250000,
Cold Start: false
Unique ID: 91cd3752a280d7ef010456db6facc87f,
Execution Time for Trace ID 91cd3752a280d7ef010456db6facc87f: 364 ms
Input: 5250000,
Cold Start: false
Unique ID: 4ddd8598d3f7936e45f1224ad3151d05,
Execution Time for Trace ID 4ddd8598d3f7936e45f1224ad3151d05: 351 ms
Input: 5250000,
Cold Start: false
Unique ID: 344907d51367bd2325a0ea917f0bb75f,
Execution Time for Trace ID 344907d51367bd2325a0ea917f0bb75f: 392 ms
Input: 5250000,
Cold Start: false
Unique ID: 528610d266b49bb073d5e7fcdcd6dd91,
Execution Time for Trace ID 528610d266b49bb073d5e7fcdcd6dd91: 347 ms
Input: 5250000,
Cold Start: false
Unique ID: 43ef35e7c74a696a7f620debf4bad33d,
Execution Time for Trace ID 43ef35e7c74a696a7f620debf4bad33d: 360 ms
Input: 5250000,
Cold Start: false
Unique ID: f34488c69e0e01aa5762965eaefd78ad,
Execution Time for Trace ID f34488c69e0e01aa5762965eaefd78ad: 396 ms
Input: 5250000,
Cold Start: false
Unique ID: 8327beeb29259502bb2e476bb108ea8d,
Execution Time for Trace ID 8327beeb29259502bb2e476bb108ea8d: 348 ms
Input: 5250000,
Cold Start: false
Unique ID: 9f3a5eb9f3cf4503d6cd49599347052b,
Execution Time for Trace ID 9f3a5eb9f3cf4503d6cd49599347052b: 402 ms
Input: 5250000,
Cold Start: false
Unique ID: b7f9185714d16531e1d690cf5bfd7a5d,
Execution Time for Trace ID b7f9185714d16531e1d690cf5bfd7a5d: 347 ms
Input: 5250000,
Cold Start: false
Unique ID: 16ecc0fcae73a9b1696dbf89ac6360fc,
Execution Time for Trace ID 16ecc0fcae73a9b1696dbf89ac6360fc: 355 ms
Input: 5250000,
Cold Start: false
Unique ID: ff8778740038828fd535d24cad7b2872,
Execution Time for Trace ID ff8778740038828fd535d24cad7b2872: 398 ms
Input: 5250000,
Cold Start: false
Unique ID: c199c034c0b3aa30b0edfdbdfc8dd7c4,
Execution Time for Trace ID c199c034c0b3aa30b0edfdbdfc8dd7c4: 349 ms
Input: 5250000,
Cold Start: false
Unique ID: 1a9da50666b8359f7a7bab4e9f0e02f1,
Execution Time for Trace ID 1a9da50666b8359f7a7bab4e9f0e02f1: 396 ms
Input: 5250000,
Cold Start: false
Unique ID: 7114119db56126495cb5d9aa6517f3ca,
Execution Time for Trace ID 7114119db56126495cb5d9aa6517f3ca: 410 ms
Input: 5250000,
Cold Start: false
Unique ID: 1cafb1a7fefd4aa2686bfddcdf0205fc,
Execution Time for Trace ID 1cafb1a7fefd4aa2686bfddcdf0205fc: 437 ms
Input: 5250000,
Cold Start: false
Unique ID: 334fd60315273213f5b03a565f3c1281,
Execution Time for Trace ID 334fd60315273213f5b03a565f3c1281: 402 ms
Input: 5250000,
Cold Start: false
Unique ID: f978262df3ac01a978f2f8f0db532b7e,
Execution Time for Trace ID f978262df3ac01a978f2f8f0db532b7e: 353 ms
Input: 5250000,
Cold Start: false
Unique ID: 85dc6974d6c9a4b42610cd484808f278,
Execution Time for Trace ID 85dc6974d6c9a4b42610cd484808f278: 384 ms
Input: 5250000,
Cold Start: false
Unique ID: 7d6d80b8a19900d697d5a1d3228f24bd,
Execution Time for Trace ID 7d6d80b8a19900d697d5a1d3228f24bd: 361 ms
Input: 5250000,
Cold Start: false
Unique ID: fb44998ed65211840e3e2969233d4be4,
Execution Time for Trace ID fb44998ed65211840e3e2969233d4be4: 410 ms
Input: 5250000,
Cold Start: false
Unique ID: 2970079b123cb259fd455b0a823ee7af,
Execution Time for Trace ID 2970079b123cb259fd455b0a823ee7af: 348 ms
Input: 5250000,
Cold Start: false
Unique ID: c5ef327c99015b111dc1429f73a00ce5,
Execution Time for Trace ID c5ef327c99015b111dc1429f73a00ce5: 397 ms
Input: 5250000,
Cold Start: false
Unique ID: 200526adaf122d4d94aa171db50589f4,
Execution Time for Trace ID 200526adaf122d4d94aa171db50589f4: 386 ms
Input: 5250000,
Cold Start: false
Unique ID: d4f05f8318e2f20342c1fed94137e41b,
Execution Time for Trace ID d4f05f8318e2f20342c1fed94137e41b: 350 ms
Input: 5250000,
Cold Start: false
Unique ID: 5c2e01589e024f1dbc1807618a1fbd06,
Execution Time for Trace ID 5c2e01589e024f1dbc1807618a1fbd06: 412 ms
Input: 5250000,
Cold Start: false
Unique ID: 0e33646e1c3b3a4175f528a86b2be458,
Execution Time for Trace ID 0e33646e1c3b3a4175f528a86b2be458: 372 ms
Input: 5250000,
Cold Start: false
Unique ID: cc7116c54e25afef7e6562ef19e17077,
Execution Time for Trace ID cc7116c54e25afef7e6562ef19e17077: 359 ms
Input: 5250000,
Cold Start: false
Unique ID: 7e4462e099367c7b7f17cb9b2fd6ffe3,
Execution Time for Trace ID 7e4462e099367c7b7f17cb9b2fd6ffe3: 408 ms
Input: 5250000,
Cold Start: false
Unique ID: 085e5a20c0c7dd0c406219be7fc71ca7,
Execution Time for Trace ID 085e5a20c0c7dd0c406219be7fc71ca7: 353 ms
Input: 5250000,
Cold Start: false
Unique ID: 7fc5baa452a1c7d75b715257fa47eb11,
Execution Time for Trace ID 7fc5baa452a1c7d75b715257fa47eb11: 416 ms
Input: 5250000,
Cold Start: false
Unique ID: efc1a77df6e1011b4020c1fea73aae1e,
Execution Time for Trace ID efc1a77df6e1011b4020c1fea73aae1e: 345 ms
Input: 5250000,
Cold Start: false
Unique ID: 1481f0286c2f94dba5c3fd5e258987ca,
Execution Time for Trace ID 1481f0286c2f94dba5c3fd5e258987ca: 394 ms
Input: 5250000,
Cold Start: false
Unique ID: 91b451bcf9c27fdb2212f5c7319b1261,
Execution Time for Trace ID 91b451bcf9c27fdb2212f5c7319b1261: 388 ms
Input: 5250000,
Cold Start: false
Unique ID: f588e8475b65ae0832dd0f21a36a0fe4,
Execution Time for Trace ID f588e8475b65ae0832dd0f21a36a0fe4: 403 ms
Input: 5250000,
Cold Start: false
Unique ID: 03bdbb1a5c7ed54e25c0015178f4d7cd,
Execution Time for Trace ID 03bdbb1a5c7ed54e25c0015178f4d7cd: 367 ms
Input: 5250000,
Cold Start: false
Unique ID: 6650e7dfdd9b73d3ccb88e81d3da0fb9,
Execution Time for Trace ID 6650e7dfdd9b73d3ccb88e81d3da0fb9: 395 ms
Input: 5250000,
Cold Start: false
Unique ID: 66201cf4f9f38ec6ee21d4675eaf429e,
Execution Time for Trace ID 66201cf4f9f38ec6ee21d4675eaf429e: 365 ms
Input: 5250000,
Cold Start: false
Unique ID: 16c7d60d5f11a90c1aadbad91592d2e4,
Execution Time for Trace ID 16c7d60d5f11a90c1aadbad91592d2e4: 402 ms
Input: 5250000,
Cold Start: false
Unique ID: 5f720328f13d0c6830b9c4793b643c51,
Execution Time for Trace ID 5f720328f13d0c6830b9c4793b643c51: 402 ms
Input: 5250000,
Cold Start: false
Unique ID: ea3db1fca9e4ea430ed5eb8b2864368b,
Execution Time for Trace ID ea3db1fca9e4ea430ed5eb8b2864368b: 352 ms
Input: 5250000,
Cold Start: false
Unique ID: 615d29ad015ae642af8d08eaa57c1ad6,
Execution Time for Trace ID 615d29ad015ae642af8d08eaa57c1ad6: 397 ms
Input: 5250000,
Cold Start: false
Unique ID: 6419202a66e66770bab1feb70f9ee0aa,
Execution Time for Trace ID 6419202a66e66770bab1feb70f9ee0aa: 351 ms
Input: 5250000,
Cold Start: false
Unique ID: 8054c15178391e7af07ef2dfe1e9a13c,
Execution Time for Trace ID 8054c15178391e7af07ef2dfe1e9a13c: 406 ms
Input: 5250000,
Cold Start: false
Unique ID: a30ceabc7f3d756412ba9b0191e33f7f,
Execution Time for Trace ID a30ceabc7f3d756412ba9b0191e33f7f: 406 ms
Input: 5250000,
Cold Start: false
Unique ID: 0424520da087804bd52c0894dbc795c6,
Execution Time for Trace ID 0424520da087804bd52c0894dbc795c6: 358 ms
Input: 5250000,
Cold Start: false
Unique ID: a892e5b336e6470ab11b0862526634c2,
Execution Time for Trace ID a892e5b336e6470ab11b0862526634c2: 366 ms
Input: 5250000,
Cold Start: false
Unique ID: 7a76a6789b4cac3ccd79fb9c33060054,
Execution Time for Trace ID 7a76a6789b4cac3ccd79fb9c33060054: 406 ms
Input: 5250000,
Cold Start: false
Unique ID: e67550e76a9305189f8ff956c8be41d0,
Execution Time for Trace ID e67550e76a9305189f8ff956c8be41d0: 399 ms
Input: 5250000,
Cold Start: false
Unique ID: fdee922c9acf02922404d637e9d08f67,
Execution Time for Trace ID fdee922c9acf02922404d637e9d08f67: 395 ms
Input: 5250000,
Cold Start: false
Unique ID: 52fb223fc400feac60131f52d2c0a691,
Execution Time for Trace ID 52fb223fc400feac60131f52d2c0a691: 344 ms
Input: 5250000,
Cold Start: false
Unique ID: 37641affd92dd5d781909d1ca2847bf6,
Execution Time for Trace ID 37641affd92dd5d781909d1ca2847bf6: 349 ms
Input: 5250000,
Cold Start: false
Unique ID: ac1a1400a74b18c26c64aefe73f8c5c9,
Execution Time for Trace ID ac1a1400a74b18c26c64aefe73f8c5c9: 402 ms
Input: 5250000,
Cold Start: false
Unique ID: 552f265b32c3e94c21c0f8acdaae5f82,
Execution Time for Trace ID 552f265b32c3e94c21c0f8acdaae5f82: 399 ms
Input: 5250000,
Cold Start: false
Unique ID: 991f0c595f710c6d225674a99f713e27,
Execution Time for Trace ID 991f0c595f710c6d225674a99f713e27: 345 ms
Input: 5250000,
Cold Start: false
Unique ID: b0b1aa6d62859361dc0aef3cc9df43fa,
Execution Time for Trace ID b0b1aa6d62859361dc0aef3cc9df43fa: 407 ms
Input: 5250000,
Cold Start: false
Unique ID: fae1764844dbc0a90554bcd6521a8f8a,
Execution Time for Trace ID fae1764844dbc0a90554bcd6521a8f8a: 351 ms
Input: 5250000,
Cold Start: false
Unique ID: 3447fc0ab3e414a91a2cff886adbe6b0,
Execution Time for Trace ID 3447fc0ab3e414a91a2cff886adbe6b0: 410 ms
Input: 5250000,
Cold Start: false
Unique ID: 0ccd5ca13634310ffaf9a69610178524,
Execution Time for Trace ID 0ccd5ca13634310ffaf9a69610178524: 394 ms
Input: 5250000,
Cold Start: false
Unique ID: 664d8ba10a65ad13768d5c5031db185a,
Execution Time for Trace ID 664d8ba10a65ad13768d5c5031db185a: 346 ms
Input: 5250000,
Cold Start: false
Unique ID: 9c9233c879f00f37ee394d20c565bd80,
Execution Time for Trace ID 9c9233c879f00f37ee394d20c565bd80: 409 ms
Input: 5250000,
Cold Start: false
Unique ID: 6171759b21620014dde1fb86273fa8ac,
Execution Time for Trace ID 6171759b21620014dde1fb86273fa8ac: 348 ms
Input: 5250000,
Cold Start: false
Unique ID: 276b4df3e420772048c804957cf3549d,
Execution Time for Trace ID 276b4df3e420772048c804957cf3549d: 404 ms
Input: 5250000,
Cold Start: false
Unique ID: 2e8cc893851bf550b46281b6f43d40fd,
Execution Time for Trace ID 2e8cc893851bf550b46281b6f43d40fd: 397 ms
Input: 5250000,
Cold Start: false
Unique ID: 07ed7f4974505c74ed297d7343393eb4,
Execution Time for Trace ID 07ed7f4974505c74ed297d7343393eb4: 361 ms
Input: 5250000,
Cold Start: false
Unique ID: c3c8992576c6719003a93f91857a8da6,
Execution Time for Trace ID c3c8992576c6719003a93f91857a8da6: 412 ms
Input: 5250000,
Cold Start: false
Unique ID: 7fc6ade4adf00f8386b3b5fbd8b44de8,
Execution Time for Trace ID 7fc6ade4adf00f8386b3b5fbd8b44de8: 405 ms
Input: 5250000,
Cold Start: false
Unique ID: 8fdc21bcd93013ad1de833ad754dab14,
Execution Time for Trace ID 8fdc21bcd93013ad1de833ad754dab14: 371 ms
Input: 5250000,
Cold Start: false
Unique ID: 831649c678483df070d8c4e7c5b4bc7e,
Execution Time for Trace ID 831649c678483df070d8c4e7c5b4bc7e: 411 ms
Input: 5250000,
Cold Start: false
Unique ID: b6e2915e753d78b847c113a0f807fe0d,
Execution Time for Trace ID b6e2915e753d78b847c113a0f807fe0d: 390 ms
Input: 5250000,
Cold Start: false
Unique ID: 3a475e78f96403ee7a1d870c41fef44b,
Execution Time for Trace ID 3a475e78f96403ee7a1d870c41fef44b: 367 ms
Input: 5250000,
Cold Start: false
Unique ID: 26c29f10569542c0d0ea300dda4e1ab0,
Execution Time for Trace ID 26c29f10569542c0d0ea300dda4e1ab0: 381 ms
Input: 5250000,
Cold Start: false
Unique ID: 49a498aa1220dce7ee970cdf42183ff7,
Execution Time for Trace ID 49a498aa1220dce7ee970cdf42183ff7: 401 ms
Input: 5250000,
Cold Start: false
Unique ID: 7ddb6dd63982bab7b9c8703136aae16a,
Execution Time for Trace ID 7ddb6dd63982bab7b9c8703136aae16a: 346 ms
Input: 5250000,
Cold Start: false
Unique ID: 9636fcf497d7f3c309758f5fb4a8e284,
Execution Time for Trace ID 9636fcf497d7f3c309758f5fb4a8e284: 372 ms
Input: 5250000,
Cold Start: false
Unique ID: f3a49f1ed1e24551e6c84ae1594d45a8,
Execution Time for Trace ID f3a49f1ed1e24551e6c84ae1594d45a8: 346 ms
Input: 5250000,
Cold Start: false
Unique ID: c0849131c7de488dd123768738cdfcb5,
Execution Time for Trace ID c0849131c7de488dd123768738cdfcb5: 404 ms
Input: 5250000,
Cold Start: false
Unique ID: 7e6c5192d7ec48cb380a48e558cd98e7,
Execution Time for Trace ID 7e6c5192d7ec48cb380a48e558cd98e7: 350 ms
Input: 5250000,
Cold Start: false
Unique ID: 70acf82f44e526b720ae01dd407c884b,
Execution Time for Trace ID 70acf82f44e526b720ae01dd407c884b: 391 ms
Input: 5250000,
Cold Start: false
Unique ID: d66f103923468499a7eb50646b324d05,
Execution Time for Trace ID d66f103923468499a7eb50646b324d05: 408 ms
Input: 5250000,
Cold Start: false
Unique ID: 296df4b342be654c7a16366b0ec63b99,
Execution Time for Trace ID 296df4b342be654c7a16366b0ec63b99: 381 ms
Input: 5250000,
Cold Start: false
Unique ID: baf2733969a3647dd919b4545a834e62,
Execution Time for Trace ID baf2733969a3647dd919b4545a834e62: 408 ms
Input: 5250000,
Cold Start: false
Unique ID: 44f7a1445a8b79932b7159f510078029,
Execution Time for Trace ID 44f7a1445a8b79932b7159f510078029: 368 ms
Input: 5250000,
Cold Start: false
Unique ID: ef4f2047502b763524604292b3152afb,
Execution Time for Trace ID ef4f2047502b763524604292b3152afb: 398 ms
Input: 5250000,
Cold Start: false
Unique ID: d88fb82b86a0f6cbb208016587494fce,
Execution Time for Trace ID d88fb82b86a0f6cbb208016587494fce: 414 ms
Input: 5250000,
Cold Start: false
Unique ID: 292613b30e6915a791c8c11e7c376553,
Execution Time for Trace ID 292613b30e6915a791c8c11e7c376553: 353 ms
Input: 5250000,
Cold Start: false
Unique ID: 8d86d91b0badf38f836bf1ce30e3f1b4,
Execution Time for Trace ID 8d86d91b0badf38f836bf1ce30e3f1b4: 390 ms
Input: 5250000,
Cold Start: false
Unique ID: f2932dc750b51736a7344ba8a36c0164,
Execution Time for Trace ID f2932dc750b51736a7344ba8a36c0164: 353 ms
Input: 5250000,
Cold Start: false
Unique ID: 3904997319b24450c13a8c9705dc09ad,
Execution Time for Trace ID 3904997319b24450c13a8c9705dc09ad: 409 ms
Input: 5250000,
Cold Start: false
Unique ID: 8274a6cab5a2c06750d3f01b54e120d9,
Execution Time for Trace ID 8274a6cab5a2c06750d3f01b54e120d9: 401 ms
Input: 5250000,
Cold Start: false
Unique ID: d447d66f7b271c3ff28fd80e946cf9bf,
Execution Time for Trace ID d447d66f7b271c3ff28fd80e946cf9bf: 369 ms
Input: 5250000,
Cold Start: false
