Unique ID: f618455c-23ae-41b4-9b87-948feebeb950,
Billed Duration for Request f618455c-23ae-41b4-9b87-948feebeb950: 536 ms
Input: 5250000,
Cold Start: false
Unique ID: b7bff695-9f0f-4e30-aec3-539b1176e59c,
Billed Duration for Request b7bff695-9f0f-4e30-aec3-539b1176e59c: 503 ms
Input: 5250000,
Cold Start: false
Unique ID: 5083ee40-0cee-48b0-a92c-6e1205b25d9d,
Billed Duration for Request 5083ee40-0cee-48b0-a92c-6e1205b25d9d: 488 ms
Input: 5250000,
Cold Start: false
Unique ID: 2d9fec80-2b39-4d8a-9152-44ef66711369,
Billed Duration for Request 2d9fec80-2b39-4d8a-9152-44ef66711369: 497 ms
Input: 5250000,
Cold Start: false
Unique ID: d93d56a2-7521-4cab-8c40-99bca9e056ce,
Billed Duration for Request d93d56a2-7521-4cab-8c40-99bca9e056ce: 540 ms
Input: 5250000,
Cold Start: false
Unique ID: 55e127ba-d380-49de-99b9-3df56dc3b415,
Billed Duration for Request 55e127ba-d380-49de-99b9-3df56dc3b415: 547 ms
Input: 5250000,
Cold Start: false
Unique ID: 182b616f-75ba-4c52-a324-cda47349009c,
Billed Duration for Request 182b616f-75ba-4c52-a324-cda47349009c: 508 ms
Input: 5250000,
Cold Start: false
Unique ID: 68e3f7b5-d2ec-44e1-b447-4071fdbc4e5e,
Billed Duration for Request 68e3f7b5-d2ec-44e1-b447-4071fdbc4e5e: 498 ms
Input: 5250000,
Cold Start: false
Unique ID: 0d1a791b-5038-4848-bbcd-4319a2576db2,
Billed Duration for Request 0d1a791b-5038-4848-bbcd-4319a2576db2: 545 ms
Input: 5250000,
Cold Start: false
Unique ID: 093a3870-80ec-4075-9ccd-60b35f5f2879,
Billed Duration for Request 093a3870-80ec-4075-9ccd-60b35f5f2879: 517 ms
Input: 5250000,
Cold Start: false
Unique ID: 1646623b-8aba-441b-bc31-1e7364fb1110,
Billed Duration for Request 1646623b-8aba-441b-bc31-1e7364fb1110: 507 ms
Input: 5250000,
Cold Start: false
Unique ID: d7e40530-1257-427c-8e5d-2abb717b578f,
Billed Duration for Request d7e40530-1257-427c-8e5d-2abb717b578f: 498 ms
Input: 5250000,
Cold Start: false
Unique ID: 9bb96bc1-8359-40f7-9477-d23ac00f0c76,
Billed Duration for Request 9bb96bc1-8359-40f7-9477-d23ac00f0c76: 545 ms
Input: 5250000,
Cold Start: false
Unique ID: 64ab6395-e1f5-48a7-b153-631d407ec324,
Billed Duration for Request 64ab6395-e1f5-48a7-b153-631d407ec324: 502 ms
Input: 5250000,
Cold Start: false
Unique ID: 45b17271-6e48-4ee2-86ce-c8c73e61b679,
Billed Duration for Request 45b17271-6e48-4ee2-86ce-c8c73e61b679: 544 ms
Input: 5250000,
Cold Start: false
Unique ID: 429d59c0-917f-4c07-87ff-fba7de2baa2c,
Billed Duration for Request 429d59c0-917f-4c07-87ff-fba7de2baa2c: 489 ms
Input: 5250000,
Cold Start: false
Unique ID: 323a8537-4505-40a8-8b44-3364999bf7e2,
Billed Duration for Request 323a8537-4505-40a8-8b44-3364999bf7e2: 563 ms
Input: 5250000,
Cold Start: false
Unique ID: 8881e00a-5133-45a7-97f7-5cd0f6e1b9ec,
Billed Duration for Request 8881e00a-5133-45a7-97f7-5cd0f6e1b9ec: 494 ms
Input: 5250000,
Cold Start: false
Unique ID: 5c1356df-6771-4db0-b6fe-7e2ce5249f90,
Billed Duration for Request 5c1356df-6771-4db0-b6fe-7e2ce5249f90: 543 ms
Input: 5250000,
Cold Start: false
Unique ID: 4ef3b476-6c3c-4f49-b9ee-64b0b081b643,
Billed Duration for Request 4ef3b476-6c3c-4f49-b9ee-64b0b081b643: 510 ms
Input: 5250000,
Cold Start: false
Unique ID: e4df98f3-922b-4f83-a6fe-c116828e9509,
Billed Duration for Request e4df98f3-922b-4f83-a6fe-c116828e9509: 521 ms
Input: 5250000,
Cold Start: false
Unique ID: 6cc36a41-1b88-45e9-bf43-fcb77be8f0f7,
Billed Duration for Request 6cc36a41-1b88-45e9-bf43-fcb77be8f0f7: 498 ms
Input: 5250000,
Cold Start: false
Unique ID: e6ef4742-2afb-4925-a68a-3a12ac85a969,
Billed Duration for Request e6ef4742-2afb-4925-a68a-3a12ac85a969: 534 ms
Input: 5250000,
Cold Start: false
Unique ID: 9109d09d-4bad-44c3-8cb0-e1fca7ca2199,
Billed Duration for Request 9109d09d-4bad-44c3-8cb0-e1fca7ca2199: 554 ms
Input: 5250000,
Cold Start: false
Unique ID: 314f0614-6764-4b74-b412-c8cf49c0de8b,
Billed Duration for Request 314f0614-6764-4b74-b412-c8cf49c0de8b: 493 ms
Input: 5250000,
Cold Start: false
Unique ID: 7952866f-a203-43de-9a32-f73400428d12,
Billed Duration for Request 7952866f-a203-43de-9a32-f73400428d12: 505 ms
Input: 5250000,
Cold Start: false
Unique ID: b713afe3-53d9-41a1-b912-b03f094cef70,
Billed Duration for Request b713afe3-53d9-41a1-b912-b03f094cef70: 546 ms
Input: 5250000,
Cold Start: false
Unique ID: 090d51af-ae5c-4329-a41a-61a2e69c4fcc,
Billed Duration for Request 090d51af-ae5c-4329-a41a-61a2e69c4fcc: 535 ms
Input: 5250000,
Cold Start: false
Unique ID: ba1636aa-6220-4045-8cf2-6ff507d5e7f6,
Billed Duration for Request ba1636aa-6220-4045-8cf2-6ff507d5e7f6: 507 ms
Input: 5250000,
Cold Start: false
Unique ID: 15290f61-d910-4f60-b715-f6f643f6a86b,
Billed Duration for Request 15290f61-d910-4f60-b715-f6f643f6a86b: 521 ms
Input: 5250000,
Cold Start: false
Unique ID: 9fe1a37e-9b84-4282-8e23-86a2542a9563,
Billed Duration for Request 9fe1a37e-9b84-4282-8e23-86a2542a9563: 504 ms
Input: 5250000,
Cold Start: false
Unique ID: 5deacd54-fbab-4898-a515-60705db15475,
Billed Duration for Request 5deacd54-fbab-4898-a515-60705db15475: 505 ms
Input: 5250000,
Cold Start: false
Unique ID: 309d1e64-f0d0-4cb9-995f-e684fb1b86a8,
Billed Duration for Request 309d1e64-f0d0-4cb9-995f-e684fb1b86a8: 543 ms
Input: 5250000,
Cold Start: false
Unique ID: 9bee9cea-ccd4-41fc-a54e-05f1c6b8a4aa,
Billed Duration for Request 9bee9cea-ccd4-41fc-a54e-05f1c6b8a4aa: 499 ms
Input: 5250000,
Cold Start: false
Unique ID: e28c2ecc-5dd8-432c-a360-aadcd24aacfb,
Billed Duration for Request e28c2ecc-5dd8-432c-a360-aadcd24aacfb: 559 ms
Input: 5250000,
Cold Start: false
Unique ID: a8901059-05cb-4a3c-b9ea-adc2eb4f8ac2,
Billed Duration for Request a8901059-05cb-4a3c-b9ea-adc2eb4f8ac2: 488 ms
Input: 5250000,
Cold Start: false
Unique ID: 27b8c888-c74c-4732-a96c-46505f2b4471,
Billed Duration for Request 27b8c888-c74c-4732-a96c-46505f2b4471: 560 ms
Input: 5250000,
Cold Start: false
Unique ID: 4700cccb-9ed5-40e6-a3b7-7c0d9cf7cd8c,
Billed Duration for Request 4700cccb-9ed5-40e6-a3b7-7c0d9cf7cd8c: 538 ms
Input: 5250000,
Cold Start: false
Unique ID: 10361870-c3f8-46d0-a83b-c9f502084431,
Billed Duration for Request 10361870-c3f8-46d0-a83b-c9f502084431: 505 ms
Input: 5250000,
Cold Start: false
Unique ID: 4781a603-b6b7-4104-88c7-e158ecc325f5,
Billed Duration for Request 4781a603-b6b7-4104-88c7-e158ecc325f5: 522 ms
Input: 5250000,
Cold Start: false
Unique ID: b9c0457d-732c-4799-93b4-f9e26eefe5f0,
Billed Duration for Request b9c0457d-732c-4799-93b4-f9e26eefe5f0: 523 ms
Input: 5250000,
Cold Start: false
Unique ID: d5c4cc91-ba7f-494e-bd0d-02edf757e4fa,
Billed Duration for Request d5c4cc91-ba7f-494e-bd0d-02edf757e4fa: 547 ms
Input: 5250000,
Cold Start: false
Unique ID: 1d8f8208-a61b-469a-a661-06116fce4ffd,
Billed Duration for Request 1d8f8208-a61b-469a-a661-06116fce4ffd: 492 ms
Input: 5250000,
Cold Start: false
Unique ID: 101b1abc-b637-43aa-8f4b-ec3b9bcb56e6,
Billed Duration for Request 101b1abc-b637-43aa-8f4b-ec3b9bcb56e6: 539 ms
Input: 5250000,
Cold Start: false
Unique ID: 7d40bb18-6de7-4aab-bc98-f5aebc9ccb6e,
Billed Duration for Request 7d40bb18-6de7-4aab-bc98-f5aebc9ccb6e: 506 ms
Input: 5250000,
Cold Start: false
Unique ID: 61815d90-d2b1-4247-a00f-d20f701f57e8,
Billed Duration for Request 61815d90-d2b1-4247-a00f-d20f701f57e8: 508 ms
Input: 5250000,
Cold Start: false
Unique ID: 49c897e1-0360-4fdc-b499-89271c38436e,
Billed Duration for Request 49c897e1-0360-4fdc-b499-89271c38436e: 537 ms
Input: 5250000,
Cold Start: false
Unique ID: efb5b92e-3b7b-44c8-8216-00d3a390a64d,
Billed Duration for Request efb5b92e-3b7b-44c8-8216-00d3a390a64d: 498 ms
Input: 5250000,
Cold Start: false
Unique ID: cca89c11-53b6-4ee7-a8bc-e1a8b9204922,
Billed Duration for Request cca89c11-53b6-4ee7-a8bc-e1a8b9204922: 549 ms
Input: 5250000,
Cold Start: false
Unique ID: fa25cdfb-9fbb-4f4d-88b0-d07e40f9d186,
Billed Duration for Request fa25cdfb-9fbb-4f4d-88b0-d07e40f9d186: 498 ms
Input: 5250000,
Cold Start: false
Unique ID: 5abd5fdd-5adc-48cc-8f7e-2929d2054244,
Billed Duration for Request 5abd5fdd-5adc-48cc-8f7e-2929d2054244: 505 ms
Input: 5250000,
Cold Start: false
Unique ID: a69f43fd-4cd4-47f8-8c85-0152d5f66bff,
Billed Duration for Request a69f43fd-4cd4-47f8-8c85-0152d5f66bff: 497 ms
Input: 5250000,
Cold Start: false
Unique ID: ccacd18a-f2eb-4bc0-93d2-56faf4ce049b,
Billed Duration for Request ccacd18a-f2eb-4bc0-93d2-56faf4ce049b: 544 ms
Input: 5250000,
Cold Start: false
Unique ID: 35ddb2a4-a72b-4314-9e0b-147aabfd0154,
Billed Duration for Request 35ddb2a4-a72b-4314-9e0b-147aabfd0154: 498 ms
Input: 5250000,
Cold Start: false
Unique ID: 500ee29d-f7a8-4243-b9a5-0c74871fa772,
Billed Duration for Request 500ee29d-f7a8-4243-b9a5-0c74871fa772: 554 ms
Input: 5250000,
Cold Start: false
Unique ID: 1a942dd2-dd23-482d-a4b2-bde145a1d7c8,
Billed Duration for Request 1a942dd2-dd23-482d-a4b2-bde145a1d7c8: 587 ms
Input: 5250000,
Cold Start: false
Unique ID: c4e66a9c-8896-4d2a-9f22-201d52288ab4,
Billed Duration for Request c4e66a9c-8896-4d2a-9f22-201d52288ab4: 507 ms
Input: 5250000,
Cold Start: false
Unique ID: 2fc41fb3-169b-4f7e-86dd-e33a0d5279b8,
Billed Duration for Request 2fc41fb3-169b-4f7e-86dd-e33a0d5279b8: 487 ms
Input: 5250000,
Cold Start: false
Unique ID: 2b40c79b-281b-492b-a47c-87610c509fec,
Billed Duration for Request 2b40c79b-281b-492b-a47c-87610c509fec: 543 ms
Input: 5250000,
Cold Start: false
Unique ID: 403bca62-33e6-49a1-bce2-083efe01dae2,
Billed Duration for Request 403bca62-33e6-49a1-bce2-083efe01dae2: 515 ms
Input: 5250000,
Cold Start: false
Unique ID: 14404619-98bf-4e79-bba3-a609b24223a6,
Billed Duration for Request 14404619-98bf-4e79-bba3-a609b24223a6: 524 ms
Input: 5250000,
Cold Start: false
Unique ID: a815e40e-17ac-4f94-b231-1fdf94cd74d8,
Billed Duration for Request a815e40e-17ac-4f94-b231-1fdf94cd74d8: 536 ms
Input: 5250000,
Cold Start: false
Unique ID: 60d91264-d0ca-4205-8130-04104c316dff,
Billed Duration for Request 60d91264-d0ca-4205-8130-04104c316dff: 497 ms
Input: 5250000,
Cold Start: false
Unique ID: 7073bd80-83e7-4859-bcdd-5a7d0c5b3e8d,
Billed Duration for Request 7073bd80-83e7-4859-bcdd-5a7d0c5b3e8d: 548 ms
Input: 5250000,
Cold Start: false
Unique ID: d6b2c078-c854-4652-a6bb-5dce8ee24d68,
Billed Duration for Request d6b2c078-c854-4652-a6bb-5dce8ee24d68: 508 ms
Input: 5250000,
Cold Start: false
Unique ID: 24d3b10d-acfa-4331-bfb3-ffd3464dffa5,
Billed Duration for Request 24d3b10d-acfa-4331-bfb3-ffd3464dffa5: 495 ms
Input: 5250000,
Cold Start: false
Unique ID: 1614637c-4db8-4efe-8d7e-fdd296ee9e2a,
Billed Duration for Request 1614637c-4db8-4efe-8d7e-fdd296ee9e2a: 540 ms
Input: 5250000,
Cold Start: false
Unique ID: 033e352c-2530-4ed4-b50a-e783d4d5784d,
Billed Duration for Request 033e352c-2530-4ed4-b50a-e783d4d5784d: 493 ms
Input: 5250000,
Cold Start: false
Unique ID: 3bb1f395-6dde-4fb7-ae9b-9b8046d9f34e,
Billed Duration for Request 3bb1f395-6dde-4fb7-ae9b-9b8046d9f34e: 544 ms
Input: 5250000,
Cold Start: false
Unique ID: ce0fa5e2-c41b-42fe-9d9d-17338ec0c191,
Billed Duration for Request ce0fa5e2-c41b-42fe-9d9d-17338ec0c191: 498 ms
Input: 5250000,
Cold Start: false
Unique ID: fafee88b-668d-4301-a141-5634fb26c41c,
Billed Duration for Request fafee88b-668d-4301-a141-5634fb26c41c: 513 ms
Input: 5250000,
Cold Start: false
Unique ID: 0dd451e3-932a-4439-a77f-5e2876c79e3d,
Billed Duration for Request 0dd451e3-932a-4439-a77f-5e2876c79e3d: 531 ms
Input: 5250000,
Cold Start: false
Unique ID: 1a7dacbd-c6b1-487e-b8fd-1e961b8a13d5,
Billed Duration for Request 1a7dacbd-c6b1-487e-b8fd-1e961b8a13d5: 497 ms
Input: 5250000,
Cold Start: false
Unique ID: b99dd619-b2ae-4c9b-86bd-bf9a192e23f9,
Billed Duration for Request b99dd619-b2ae-4c9b-86bd-bf9a192e23f9: 499 ms
Input: 5250000,
Cold Start: false
Unique ID: 28f7b2b7-8698-48bd-b53c-865343fdfc02,
Billed Duration for Request 28f7b2b7-8698-48bd-b53c-865343fdfc02: 534 ms
Input: 5250000,
Cold Start: false
Unique ID: d80f6cd2-3e41-4012-b8bb-390043569a5f,
Billed Duration for Request d80f6cd2-3e41-4012-b8bb-390043569a5f: 532 ms
Input: 5250000,
Cold Start: false
Unique ID: dd08f1ea-dbe5-4b93-9a89-02c4e7e2ebde,
Billed Duration for Request dd08f1ea-dbe5-4b93-9a89-02c4e7e2ebde: 489 ms
Input: 5250000,
Cold Start: false
Unique ID: 8e540cf3-d981-4e59-98b1-6dcc42a0b10c,
Billed Duration for Request 8e540cf3-d981-4e59-98b1-6dcc42a0b10c: 497 ms
Input: 5250000,
Cold Start: false
Unique ID: 98410cd0-100a-4ecf-8c0b-c881b1096e67,
Billed Duration for Request 98410cd0-100a-4ecf-8c0b-c881b1096e67: 547 ms
Input: 5250000,
Cold Start: false
Unique ID: 41124117-acc8-4970-a280-1e15f63e88d5,
Billed Duration for Request 41124117-acc8-4970-a280-1e15f63e88d5: 515 ms
Input: 5250000,
Cold Start: false
Unique ID: 8bbf05fb-731f-44c5-9b98-a54d5a25584b,
Billed Duration for Request 8bbf05fb-731f-44c5-9b98-a54d5a25584b: 507 ms
Input: 5250000,
Cold Start: false
Unique ID: a3c9a4a7-37a2-4d8c-8bf7-0e62323e47cd,
Billed Duration for Request a3c9a4a7-37a2-4d8c-8bf7-0e62323e47cd: 497 ms
Input: 5250000,
Cold Start: false
Unique ID: 31ffef9f-0bec-41d7-985b-53faf3dda079,
Billed Duration for Request 31ffef9f-0bec-41d7-985b-53faf3dda079: 531 ms
Input: 5250000,
Cold Start: false
Unique ID: bf7c7b10-64e5-4c9c-9ac5-0d8b7301dff8,
Billed Duration for Request bf7c7b10-64e5-4c9c-9ac5-0d8b7301dff8: 501 ms
Input: 5250000,
Cold Start: false
Unique ID: b9bea0b0-7045-432a-8353-55f297f1b07a,
Billed Duration for Request b9bea0b0-7045-432a-8353-55f297f1b07a: 562 ms
Input: 5250000,
Cold Start: false
Unique ID: f1327422-1891-4cd2-bfc4-952e6f9cf0dd,
Billed Duration for Request f1327422-1891-4cd2-bfc4-952e6f9cf0dd: 503 ms
Input: 5250000,
Cold Start: false
Unique ID: bbcdac16-f11f-4814-ac01-789a6e6cb645,
Billed Duration for Request bbcdac16-f11f-4814-ac01-789a6e6cb645: 568 ms
Input: 5250000,
Cold Start: false
Unique ID: 553e71b1-d5e3-42e7-981d-53bd72a59ed1,
Billed Duration for Request 553e71b1-d5e3-42e7-981d-53bd72a59ed1: 542 ms
Input: 5250000,
Cold Start: false
Unique ID: eeec8292-73a2-4503-88d7-8c091635e41e,
Billed Duration for Request eeec8292-73a2-4503-88d7-8c091635e41e: 501 ms
Input: 5250000,
Cold Start: false
Unique ID: 8e2210c6-7e0b-4fc3-b8e1-1a013d80d603,
Billed Duration for Request 8e2210c6-7e0b-4fc3-b8e1-1a013d80d603: 506 ms
Input: 5250000,
Cold Start: false
Unique ID: 4b9abe82-7449-48f1-bc22-2911a14b58c1,
Billed Duration for Request 4b9abe82-7449-48f1-bc22-2911a14b58c1: 509 ms
Input: 5250000,
Cold Start: false
Unique ID: 532bb99a-d375-41aa-8036-98d0f7a01ee6,
Billed Duration for Request 532bb99a-d375-41aa-8036-98d0f7a01ee6: 508 ms
Input: 5250000,
Cold Start: false
Unique ID: eeb91ee1-1712-440c-8039-f31ac5f5f269,
Billed Duration for Request eeb91ee1-1712-440c-8039-f31ac5f5f269: 539 ms
Input: 5250000,
Cold Start: false
Unique ID: 7bac63cd-d525-4c4e-ad4e-4e0e4d114bac,
Billed Duration for Request 7bac63cd-d525-4c4e-ad4e-4e0e4d114bac: 549 ms
Input: 5250000,
Cold Start: false
Unique ID: 7af54a07-7544-44d7-8149-042e27e723ac,
Billed Duration for Request 7af54a07-7544-44d7-8149-042e27e723ac: 494 ms
Input: 5250000,
Cold Start: false
Unique ID: 6076caf8-b531-4e3a-8b94-7ad745e474d6,
Billed Duration for Request 6076caf8-b531-4e3a-8b94-7ad745e474d6: 547 ms
Input: 5250000,
Cold Start: false
Unique ID: 24c19748-def0-4e71-98d2-93f82428f1ca,
Billed Duration for Request 24c19748-def0-4e71-98d2-93f82428f1ca: 489 ms
Input: 5250000,
Cold Start: false
Unique ID: f845a1b5-56cb-46ba-8bd9-97caed1802a9,
Billed Duration for Request f845a1b5-56cb-46ba-8bd9-97caed1802a9: 501 ms
Input: 5250000,
Cold Start: false
Unique ID: 3745b4f9-9077-4eb4-a523-87de74fe0f0a,
Billed Duration for Request 3745b4f9-9077-4eb4-a523-87de74fe0f0a: 542 ms
Input: 5250000,
Cold Start: false
Unique ID: 655f9d63-20c2-4511-b827-13bcf01f03b1,
Billed Duration for Request 655f9d63-20c2-4511-b827-13bcf01f03b1: 504 ms
Input: 5250000,
Cold Start: false
Unique ID: eacc1061-8a3b-415e-8225-a347a18e4220,
Billed Duration for Request eacc1061-8a3b-415e-8225-a347a18e4220: 507 ms
Input: 5250000,
Cold Start: false
Unique ID: dc238c6d-2ebc-4b55-b1a4-fde45108c70d,
Billed Duration for Request dc238c6d-2ebc-4b55-b1a4-fde45108c70d: 530 ms
Input: 5250000,
Cold Start: false
Unique ID: cc090180-b8b2-4d04-9c0e-ae5699a934dc,
Billed Duration for Request cc090180-b8b2-4d04-9c0e-ae5699a934dc: 498 ms
Input: 5250000,
Cold Start: false
Unique ID: 3d0b0411-0498-49a7-9373-b707fdb39e83,
Billed Duration for Request 3d0b0411-0498-49a7-9373-b707fdb39e83: 531 ms
Input: 5250000,
Cold Start: false
Unique ID: 9cfadcad-7270-4387-85e8-a2b26cc6b127,
Billed Duration for Request 9cfadcad-7270-4387-85e8-a2b26cc6b127: 508 ms
Input: 5250000,
Cold Start: false
Unique ID: d817d9f8-c3fe-4811-b64b-5118024e10c1,
Billed Duration for Request d817d9f8-c3fe-4811-b64b-5118024e10c1: 497 ms
Input: 5250000,
Cold Start: false
Unique ID: 0418ec30-c80c-4a19-9b16-05a5c25bcdc4,
Billed Duration for Request 0418ec30-c80c-4a19-9b16-05a5c25bcdc4: 540 ms
Input: 5250000,
Cold Start: false
Unique ID: 6e288c83-2e99-45dd-ad6d-e0eb71b81fd6,
Billed Duration for Request 6e288c83-2e99-45dd-ad6d-e0eb71b81fd6: 499 ms
Input: 5250000,
Cold Start: false
Unique ID: 3a9cf20c-ba95-4b53-a0db-73eaf7227928,
Billed Duration for Request 3a9cf20c-ba95-4b53-a0db-73eaf7227928: 548 ms
Input: 5250000,
Cold Start: false
Unique ID: f5dd853a-0771-40e7-98dc-084255d63563,
Billed Duration for Request f5dd853a-0771-40e7-98dc-084255d63563: 525 ms
Input: 5250000,
Cold Start: false
Unique ID: e25e5bcf-02c6-4876-ac3d-94e79c38f007,
Billed Duration for Request e25e5bcf-02c6-4876-ac3d-94e79c38f007: 513 ms
Input: 5250000,
Cold Start: false
Unique ID: b2a98934-ae65-4cda-8756-38815485d055,
Billed Duration for Request b2a98934-ae65-4cda-8756-38815485d055: 532 ms
Input: 5250000,
Cold Start: false
Unique ID: 1c048e8d-8c1c-4764-9769-e676c1e216f0,
Billed Duration for Request 1c048e8d-8c1c-4764-9769-e676c1e216f0: 498 ms
Input: 5250000,
Cold Start: false
Unique ID: 49f5c334-1721-4a7f-bcc8-de8a2d08c8ad,
Billed Duration for Request 49f5c334-1721-4a7f-bcc8-de8a2d08c8ad: 494 ms
Input: 5250000,
Cold Start: false
Unique ID: 2e6e3994-acb9-43a2-be86-49fadc0b8957,
Billed Duration for Request 2e6e3994-acb9-43a2-be86-49fadc0b8957: 539 ms
Input: 5250000,
Cold Start: false
Unique ID: 08e8ec35-94c4-4d80-863a-07de0bb58573,
Billed Duration for Request 08e8ec35-94c4-4d80-863a-07de0bb58573: 498 ms
Input: 5250000,
Cold Start: false
Unique ID: bfbd039f-0d45-4f7e-81b2-5db1c6794225,
Billed Duration for Request bfbd039f-0d45-4f7e-81b2-5db1c6794225: 539 ms
Input: 5250000,
Cold Start: false
Unique ID: e02f2f08-f590-43a9-a254-e71386bf4db1,
Billed Duration for Request e02f2f08-f590-43a9-a254-e71386bf4db1: 502 ms
Input: 5250000,
Cold Start: false
Unique ID: 69a0188f-d61f-4e01-8750-db8136727eb1,
Billed Duration for Request 69a0188f-d61f-4e01-8750-db8136727eb1: 544 ms
Input: 5250000,
Cold Start: false
Unique ID: f1d9405a-d41d-40ae-87d5-0180a7f422ce,
Billed Duration for Request f1d9405a-d41d-40ae-87d5-0180a7f422ce: 507 ms
Input: 5250000,
Cold Start: false
Unique ID: 15a5d3d9-454e-4b37-ad57-f97244597b5b,
Billed Duration for Request 15a5d3d9-454e-4b37-ad57-f97244597b5b: 507 ms
Input: 5250000,
Cold Start: false
Unique ID: 19538c5f-680a-45b4-9aa3-a8032a3c3663,
Billed Duration for Request 19538c5f-680a-45b4-9aa3-a8032a3c3663: 535 ms
Input: 5250000,
Cold Start: false
Unique ID: 6363980e-577f-4a62-84ba-4073e72d0d19,
Billed Duration for Request 6363980e-577f-4a62-84ba-4073e72d0d19: 498 ms
Input: 5250000,
Cold Start: false
Unique ID: 5ca2c66b-0a8b-467c-af09-9f0e37aef9e2,
Billed Duration for Request 5ca2c66b-0a8b-467c-af09-9f0e37aef9e2: 541 ms
Input: 5250000,
Cold Start: false
Unique ID: 3dc4acfb-0dd2-4d0c-b014-91c2b64dcafa,
Billed Duration for Request 3dc4acfb-0dd2-4d0c-b014-91c2b64dcafa: 495 ms
Input: 5250000,
Cold Start: false
Unique ID: 00e37e2c-81ff-4756-ad49-54421953983b,
Billed Duration for Request 00e37e2c-81ff-4756-ad49-54421953983b: 495 ms
Input: 5250000,
Cold Start: false
Unique ID: c971a804-d039-4f34-b1b9-f8bc997da69e,
Billed Duration for Request c971a804-d039-4f34-b1b9-f8bc997da69e: 497 ms
Input: 5250000,
Cold Start: false
Unique ID: 2254ed9f-e6e9-467b-97b9-0bcb871b9e84,
Billed Duration for Request 2254ed9f-e6e9-467b-97b9-0bcb871b9e84: 539 ms
Input: 5250000,
Cold Start: false
Unique ID: ad597a57-1f67-4d49-a8d9-053a78dcb4f5,
Billed Duration for Request ad597a57-1f67-4d49-a8d9-053a78dcb4f5: 534 ms
Input: 5250000,
Cold Start: false
Unique ID: c4c417a4-f5ae-4c02-a5f0-e50739e0cbea,
Billed Duration for Request c4c417a4-f5ae-4c02-a5f0-e50739e0cbea: 522 ms
Input: 5250000,
Cold Start: false
Unique ID: 54e6ad52-2c87-42b8-bce7-f6fa27cfe03e,
Billed Duration for Request 54e6ad52-2c87-42b8-bce7-f6fa27cfe03e: 507 ms
Input: 5250000,
Cold Start: false
Unique ID: 4f5f2362-a081-43ba-9258-9b59a61bdfb7,
Billed Duration for Request 4f5f2362-a081-43ba-9258-9b59a61bdfb7: 535 ms
Input: 5250000,
Cold Start: false
Unique ID: 6c7add14-52ee-4763-a78b-2a8501ff091b,
Billed Duration for Request 6c7add14-52ee-4763-a78b-2a8501ff091b: 530 ms
Input: 5250000,
Cold Start: false
Unique ID: 7887b061-455b-429f-b6b2-81476ab2ac13,
Billed Duration for Request 7887b061-455b-429f-b6b2-81476ab2ac13: 507 ms
Input: 5250000,
Cold Start: false
Unique ID: 9b35dffa-91be-4b3f-add9-dd028c2e9256,
Billed Duration for Request 9b35dffa-91be-4b3f-add9-dd028c2e9256: 494 ms
Input: 5250000,
Cold Start: false
Unique ID: 5e6b4e41-8441-4724-9e1c-e71e7786452c,
Billed Duration for Request 5e6b4e41-8441-4724-9e1c-e71e7786452c: 498 ms
Input: 5250000,
Cold Start: false
Unique ID: 2aee7630-1810-425d-85ff-cf54d9f1b0d6,
Billed Duration for Request 2aee7630-1810-425d-85ff-cf54d9f1b0d6: 492 ms
Input: 5250000,
Cold Start: false
Unique ID: e72d0f7c-889e-4935-854a-0a7f9b6888c1,
Billed Duration for Request e72d0f7c-889e-4935-854a-0a7f9b6888c1: 530 ms
Input: 5250000,
Cold Start: false
Unique ID: 2a15ded3-1e7b-488f-9236-2014e5088437,
Billed Duration for Request 2a15ded3-1e7b-488f-9236-2014e5088437: 531 ms
Input: 5250000,
Cold Start: false
Unique ID: 2c4d5545-0590-41da-b856-0a4a5cc0f731,
Billed Duration for Request 2c4d5545-0590-41da-b856-0a4a5cc0f731: 519 ms
Input: 5250000,
Cold Start: false
Unique ID: a9b8e88d-9bf2-4ca2-8fd9-066f48966a09,
Billed Duration for Request a9b8e88d-9bf2-4ca2-8fd9-066f48966a09: 508 ms
Input: 5250000,
Cold Start: false
Unique ID: b8650de3-3745-4578-b6ac-1a2b5d4ff468,
Billed Duration for Request b8650de3-3745-4578-b6ac-1a2b5d4ff468: 535 ms
Input: 5250000,
Cold Start: false
Unique ID: 15a224c5-a290-49d3-af12-e40c4f85ae13,
Billed Duration for Request 15a224c5-a290-49d3-af12-e40c4f85ae13: 498 ms
Input: 5250000,
Cold Start: false
Unique ID: d983650e-5bb1-4e6d-b36b-b3693cbf6a0f,
Billed Duration for Request d983650e-5bb1-4e6d-b36b-b3693cbf6a0f: 540 ms
Input: 5250000,
Cold Start: false
Unique ID: 756ba468-a556-4d0a-ae22-3e77d425f5b0,
Billed Duration for Request 756ba468-a556-4d0a-ae22-3e77d425f5b0: 513 ms
Input: 5250000,
Cold Start: false
Unique ID: 2f8b7698-c201-4712-805b-de20676a3e24,
Billed Duration for Request 2f8b7698-c201-4712-805b-de20676a3e24: 514 ms
Input: 5250000,
Cold Start: false
Unique ID: c5385eb4-d5ec-4aca-825b-12411cb63a01,
Billed Duration for Request c5385eb4-d5ec-4aca-825b-12411cb63a01: 536 ms
Input: 5250000,
Cold Start: false
Unique ID: ae2c6fe0-2e18-423a-afed-d291b5f038f1,
Billed Duration for Request ae2c6fe0-2e18-423a-afed-d291b5f038f1: 496 ms
Input: 5250000,
Cold Start: false
Unique ID: f1c04373-1866-482a-bc00-f4cb955c9609,
Billed Duration for Request f1c04373-1866-482a-bc00-f4cb955c9609: 534 ms
Input: 5250000,
Cold Start: false
Unique ID: 6ae80b0e-90f5-4086-9ece-eaf257278499,
Billed Duration for Request 6ae80b0e-90f5-4086-9ece-eaf257278499: 507 ms
Input: 5250000,
Cold Start: false
Unique ID: b1383e7b-ef2b-4c36-9a1a-5478eb0239b6,
Billed Duration for Request b1383e7b-ef2b-4c36-9a1a-5478eb0239b6: 507 ms
Input: 5250000,
Cold Start: false
Unique ID: 7face980-fbe9-411c-84b2-e686190b6cd4,
Billed Duration for Request 7face980-fbe9-411c-84b2-e686190b6cd4: 535 ms
Input: 5250000,
Cold Start: false
Unique ID: bd5da9cf-8366-43fc-ac8e-67b1b262467e,
Billed Duration for Request bd5da9cf-8366-43fc-ac8e-67b1b262467e: 499 ms
Input: 5250000,
Cold Start: false
Unique ID: 030f6100-ea71-4446-93e1-249b07238910,
Billed Duration for Request 030f6100-ea71-4446-93e1-249b07238910: 538 ms
Input: 5250000,
Cold Start: false
Unique ID: fce59eb0-f570-4b68-b39b-8eec4836b245,
Billed Duration for Request fce59eb0-f570-4b68-b39b-8eec4836b245: 495 ms
Input: 5250000,
Cold Start: false
Unique ID: 497f6c32-0e09-44d1-b4ff-3f71b86da30d,
Billed Duration for Request 497f6c32-0e09-44d1-b4ff-3f71b86da30d: 494 ms
Input: 5250000,
Cold Start: false
Unique ID: 28255d80-cc05-42e3-ae66-c156c36ac7ad,
Billed Duration for Request 28255d80-cc05-42e3-ae66-c156c36ac7ad: 549 ms
Input: 5250000,
Cold Start: false
Unique ID: 3ee8cb40-1ab8-4a09-a088-158bfab62bbd,
Billed Duration for Request 3ee8cb40-1ab8-4a09-a088-158bfab62bbd: 500 ms
Input: 5250000,
Cold Start: false
Unique ID: b2734398-58f3-4b93-8c40-c2e4e8b012d2,
Billed Duration for Request b2734398-58f3-4b93-8c40-c2e4e8b012d2: 545 ms
Input: 5250000,
Cold Start: false
Unique ID: f4335f9e-a75a-4230-b269-1f26a41db675,
Billed Duration for Request f4335f9e-a75a-4230-b269-1f26a41db675: 494 ms
Input: 5250000,
Cold Start: false
Unique ID: 8b9764ba-9645-4f5a-bb87-77bcb73c7be7,
Billed Duration for Request 8b9764ba-9645-4f5a-bb87-77bcb73c7be7: 522 ms
Input: 5250000,
Cold Start: false
Unique ID: fa63759f-ab52-4828-8083-6761299fd703,
Billed Duration for Request fa63759f-ab52-4828-8083-6761299fd703: 492 ms
Input: 5250000,
Cold Start: false
Unique ID: aa0ffc75-b80f-4c15-9892-543d16b09412,
Billed Duration for Request aa0ffc75-b80f-4c15-9892-543d16b09412: 534 ms
Input: 5250000,
Cold Start: false
Unique ID: 0d8bdbaa-020c-4d77-8baa-0a5d21a22c92,
Billed Duration for Request 0d8bdbaa-020c-4d77-8baa-0a5d21a22c92: 495 ms
Input: 5250000,
Cold Start: false
Unique ID: 20551f94-209e-47a3-b0ad-759c0eca3104,
Billed Duration for Request 20551f94-209e-47a3-b0ad-759c0eca3104: 532 ms
Input: 5250000,
Cold Start: false
Unique ID: 1b7c8054-7d21-44bb-8c23-023f782c9d88,
Billed Duration for Request 1b7c8054-7d21-44bb-8c23-023f782c9d88: 489 ms
Input: 5250000,
Cold Start: false
Unique ID: ff3300a1-21b2-4d5e-8d9a-7ea6a61945f1,
Billed Duration for Request ff3300a1-21b2-4d5e-8d9a-7ea6a61945f1: 546 ms
Input: 5250000,
Cold Start: false
Unique ID: bb9f6cce-9b55-421c-96af-9bdf53110c98,
Billed Duration for Request bb9f6cce-9b55-421c-96af-9bdf53110c98: 497 ms
Input: 5250000,
Cold Start: false
Unique ID: 339024fd-38f3-441a-a3e4-b69d7547d248,
Billed Duration for Request 339024fd-38f3-441a-a3e4-b69d7547d248: 548 ms
Input: 5250000,
Cold Start: false
Unique ID: 831acbae-620a-435f-89c5-65b035a6660d,
Billed Duration for Request 831acbae-620a-435f-89c5-65b035a6660d: 495 ms
Input: 5250000,
Cold Start: false
Unique ID: d7d085dd-4f1e-4e03-aae6-a0440960ba12,
Billed Duration for Request d7d085dd-4f1e-4e03-aae6-a0440960ba12: 509 ms
Input: 5250000,
Cold Start: false
Unique ID: dde80fee-b1fd-4032-9b22-533bb06fb30e,
Billed Duration for Request dde80fee-b1fd-4032-9b22-533bb06fb30e: 533 ms
Input: 5250000,
Cold Start: false
Unique ID: 5ade8874-f7d7-4890-aa7d-f5bd2c671c4b,
Billed Duration for Request 5ade8874-f7d7-4890-aa7d-f5bd2c671c4b: 500 ms
Input: 5250000,
Cold Start: false
Unique ID: 6e7784fb-a77d-45e1-8534-ea8dbeb37278,
Billed Duration for Request 6e7784fb-a77d-45e1-8534-ea8dbeb37278: 533 ms
Input: 5250000,
Cold Start: false
Unique ID: 3e8ffeb9-ec3d-447d-a815-d13a00b18474,
Billed Duration for Request 3e8ffeb9-ec3d-447d-a815-d13a00b18474: 502 ms
Input: 5250000,
Cold Start: false
Unique ID: 3468231b-2312-49e0-9821-54553cc3c39b,
Billed Duration for Request 3468231b-2312-49e0-9821-54553cc3c39b: 494 ms
Input: 5250000,
Cold Start: false
Unique ID: ac302508-ff24-4cff-9328-130ae385b75c,
Billed Duration for Request ac302508-ff24-4cff-9328-130ae385b75c: 538 ms
Input: 5250000,
Cold Start: false
Unique ID: edaff287-5a97-49fd-bcbb-9da5a8394669,
Billed Duration for Request edaff287-5a97-49fd-bcbb-9da5a8394669: 489 ms
Input: 5250000,
Cold Start: false
Unique ID: 8efb1374-35f5-4e63-b5b6-da075b614590,
Billed Duration for Request 8efb1374-35f5-4e63-b5b6-da075b614590: 547 ms
Input: 5250000,
Cold Start: false
Unique ID: aa97c7bf-e7f6-4ebf-ae2c-9f8dccb6a16d,
Billed Duration for Request aa97c7bf-e7f6-4ebf-ae2c-9f8dccb6a16d: 523 ms
Input: 5250000,
Cold Start: false
Unique ID: e8f145ea-d68e-4bcb-9d81-7b0469d0f481,
Billed Duration for Request e8f145ea-d68e-4bcb-9d81-7b0469d0f481: 507 ms
Input: 5250000,
Cold Start: false
Unique ID: 4d6a2d7c-3071-44aa-901b-04b514afa9a4,
Billed Duration for Request 4d6a2d7c-3071-44aa-901b-04b514afa9a4: 499 ms
Input: 5250000,
Cold Start: false
Unique ID: 901c7307-2929-4946-a35c-03c09c719a1d,
Billed Duration for Request 901c7307-2929-4946-a35c-03c09c719a1d: 534 ms
Input: 5250000,
Cold Start: false
Unique ID: e32d24cd-8a58-47e8-9740-6a5e61bf93f9,
Billed Duration for Request e32d24cd-8a58-47e8-9740-6a5e61bf93f9: 534 ms
Input: 5250000,
Cold Start: false
Unique ID: 6089bb2f-b242-49d4-91ef-2f867908b04b,
Billed Duration for Request 6089bb2f-b242-49d4-91ef-2f867908b04b: 498 ms
Input: 5250000,
Cold Start: false
Unique ID: 72f9bdb8-22bd-40b8-a1f6-3e3304a74151,
Billed Duration for Request 72f9bdb8-22bd-40b8-a1f6-3e3304a74151: 498 ms
Input: 5250000,
Cold Start: false
Unique ID: 96e5d0a6-6743-4cb5-955b-b7aeb7632dde,
Billed Duration for Request 96e5d0a6-6743-4cb5-955b-b7aeb7632dde: 538 ms
Input: 5250000,
Cold Start: false
Unique ID: 9a944e18-33b0-40ac-a72a-e7a709fd186d,
Billed Duration for Request 9a944e18-33b0-40ac-a72a-e7a709fd186d: 542 ms
Input: 5250000,
Cold Start: false
Unique ID: 811a16e6-a588-461e-bfa0-5a9e6e7c1164,
Billed Duration for Request 811a16e6-a588-461e-bfa0-5a9e6e7c1164: 505 ms
Input: 5250000,
Cold Start: false
Unique ID: 97fb9672-4c07-465c-a7d3-393ca5bcbc7d,
Billed Duration for Request 97fb9672-4c07-465c-a7d3-393ca5bcbc7d: 522 ms
Input: 5250000,
Cold Start: false
Unique ID: 6e1dc9ce-f583-4715-bdba-961129217777,
Billed Duration for Request 6e1dc9ce-f583-4715-bdba-961129217777: 516 ms
Input: 5250000,
Cold Start: false
Unique ID: 84c7f57b-e0c1-4ef6-acb2-3df5ecc06c28,
Billed Duration for Request 84c7f57b-e0c1-4ef6-acb2-3df5ecc06c28: 489 ms
Input: 5250000,
Cold Start: false
Unique ID: d35641ca-2f6f-463d-812d-3ec0f0a7bb9a,
Billed Duration for Request d35641ca-2f6f-463d-812d-3ec0f0a7bb9a: 542 ms
Input: 5250000,
Cold Start: false
Unique ID: b6173c9f-44a1-4901-85c7-68165f12be7e,
Billed Duration for Request b6173c9f-44a1-4901-85c7-68165f12be7e: 534 ms
Input: 5250000,
Cold Start: false
Unique ID: 4930b39e-2bf3-4b2f-8add-61c085514409,
Billed Duration for Request 4930b39e-2bf3-4b2f-8add-61c085514409: 503 ms
Input: 5250000,
Cold Start: false
Unique ID: 7259f507-c623-4733-9b3b-18e99099e04d,
Billed Duration for Request 7259f507-c623-4733-9b3b-18e99099e04d: 502 ms
Input: 5250000,
Cold Start: false
Unique ID: 40d622a4-2265-491c-b892-d66a51f26c5a,
Billed Duration for Request 40d622a4-2265-491c-b892-d66a51f26c5a: 538 ms
Input: 5250000,
Cold Start: false
Unique ID: ce0420ca-1c76-4485-8a7e-983380db7d67,
Billed Duration for Request ce0420ca-1c76-4485-8a7e-983380db7d67: 489 ms
Input: 5250000,
Cold Start: false
Unique ID: 4ddfd42d-f064-4a35-a455-1cc778d178b3,
Billed Duration for Request 4ddfd42d-f064-4a35-a455-1cc778d178b3: 541 ms
Input: 5250000,
Cold Start: false
Unique ID: b13f19cb-31fd-4bb7-9a85-95a1204f927b,
Billed Duration for Request b13f19cb-31fd-4bb7-9a85-95a1204f927b: 523 ms
Input: 5250000,
Cold Start: false
Unique ID: 297167ea-fb1b-4bdf-9de6-8e1105c75450,
Billed Duration for Request 297167ea-fb1b-4bdf-9de6-8e1105c75450: 521 ms
Input: 5250000,
Cold Start: false
Unique ID: 515955e6-de46-4d26-8a17-d1057137b9b4,
Billed Duration for Request 515955e6-de46-4d26-8a17-d1057137b9b4: 513 ms
Input: 5250000,
Cold Start: false
Unique ID: b4cd5b83-8cd3-4f3d-8ef0-f9de7f678cee,
Billed Duration for Request b4cd5b83-8cd3-4f3d-8ef0-f9de7f678cee: 498 ms
Input: 5250000,
Cold Start: false
Unique ID: 4abc5ac4-15ab-4c3f-993b-e688aa2686b9,
Billed Duration for Request 4abc5ac4-15ab-4c3f-993b-e688aa2686b9: 535 ms
Input: 5250000,
Cold Start: false
Unique ID: 6bb3ef5c-2fe9-421f-9da6-468fb956a632,
Billed Duration for Request 6bb3ef5c-2fe9-421f-9da6-468fb956a632: 494 ms
Input: 5250000,
Cold Start: false
Unique ID: 33b917c9-027d-4efe-a70f-3e8d3beeb20d,
Billed Duration for Request 33b917c9-027d-4efe-a70f-3e8d3beeb20d: 495 ms
Input: 5250000,
Cold Start: false
Unique ID: 90674afc-ae25-4da5-ad68-7d860163a660,
Billed Duration for Request 90674afc-ae25-4da5-ad68-7d860163a660: 538 ms
Input: 5250000,
Cold Start: false
Unique ID: b43708be-7a1f-4e79-9be6-389d444f4179,
Billed Duration for Request b43708be-7a1f-4e79-9be6-389d444f4179: 489 ms
Input: 5250000,
Cold Start: false
Unique ID: 4b3fbeb4-190c-4817-8740-de1bed55ac25,
Billed Duration for Request 4b3fbeb4-190c-4817-8740-de1bed55ac25: 531 ms
Input: 5250000,
Cold Start: false
Unique ID: a8a16c21-8589-4b06-a472-74c54d662e46,
Billed Duration for Request a8a16c21-8589-4b06-a472-74c54d662e46: 521 ms
Input: 5250000,
Cold Start: false
Unique ID: f7613dbf-f460-4912-a40a-3b8f59feb757,
Billed Duration for Request f7613dbf-f460-4912-a40a-3b8f59feb757: 505 ms
Input: 5250000,
Cold Start: false
Unique ID: 95e7a253-0825-4c7f-9829-98b84508db9e,
Billed Duration for Request 95e7a253-0825-4c7f-9829-98b84508db9e: 494 ms
Input: 5250000,
Cold Start: false
Unique ID: 5f627b14-b71a-4f42-8a44-2946a1ad6ab4,
Billed Duration for Request 5f627b14-b71a-4f42-8a44-2946a1ad6ab4: 534 ms
Input: 5250000,
Cold Start: false
Unique ID: 5c2167b6-df45-495f-a060-9ed8b9d27845,
Billed Duration for Request 5c2167b6-df45-495f-a060-9ed8b9d27845: 538 ms
Input: 5250000,
Cold Start: false
Unique ID: 461f4cbf-4604-4e95-b7d1-347df06007d9,
Billed Duration for Request 461f4cbf-4604-4e95-b7d1-347df06007d9: 497 ms
Input: 5250000,
Cold Start: false
Unique ID: 98061a40-2cb1-40b5-be28-2796a58c238b,
Billed Duration for Request 98061a40-2cb1-40b5-be28-2796a58c238b: 497 ms
Input: 5250000,
Cold Start: false
Unique ID: 1685ead5-9b11-42ec-baab-d6c48a5ff3e1,
Billed Duration for Request 1685ead5-9b11-42ec-baab-d6c48a5ff3e1: 546 ms
Input: 5250000,
Cold Start: false
Unique ID: f5e861ce-fccc-4858-9569-d8e553a2d0a3,
Billed Duration for Request f5e861ce-fccc-4858-9569-d8e553a2d0a3: 492 ms
Input: 5250000,
Cold Start: false
Unique ID: 685eb764-f1dd-4a1d-8b61-e38930c62106,
Billed Duration for Request 685eb764-f1dd-4a1d-8b61-e38930c62106: 543 ms
Input: 5250000,
Cold Start: false
Unique ID: d93ac70b-62d1-4ea2-a8d4-173045cd8e6e,
Billed Duration for Request d93ac70b-62d1-4ea2-a8d4-173045cd8e6e: 499 ms
Input: 5250000,
Cold Start: false
Unique ID: a7a09377-97f0-42c2-9604-4b6a03916731,
Billed Duration for Request a7a09377-97f0-42c2-9604-4b6a03916731: 520 ms
Input: 5250000,
Cold Start: false
Unique ID: ff2ae12e-e025-4a2e-8c54-bf19939b5bc1,
Billed Duration for Request ff2ae12e-e025-4a2e-8c54-bf19939b5bc1: 529 ms
Input: 5250000,
Cold Start: false
Unique ID: 466baa86-63c1-4c70-a685-a4c876ada6b9,
Billed Duration for Request 466baa86-63c1-4c70-a685-a4c876ada6b9: 501 ms
Input: 5250000,
Cold Start: false
Unique ID: 8614fbfa-a194-4784-abc7-c5b01e2ef600,
Billed Duration for Request 8614fbfa-a194-4784-abc7-c5b01e2ef600: 534 ms
Input: 5250000,
Cold Start: false
Unique ID: bfb2a1f4-0bf4-4c4d-975b-0ffd34190b73,
Billed Duration for Request bfb2a1f4-0bf4-4c4d-975b-0ffd34190b73: 493 ms
Input: 5250000,
Cold Start: false
Unique ID: 2d949371-24dc-4d39-bd66-10e8a74d7c37,
Billed Duration for Request 2d949371-24dc-4d39-bd66-10e8a74d7c37: 499 ms
Input: 5250000,
Cold Start: false
Unique ID: 3863ad38-a5f4-4841-8e4e-86f8d6d9dfac,
Billed Duration for Request 3863ad38-a5f4-4841-8e4e-86f8d6d9dfac: 535 ms
Input: 5250000,
Cold Start: false
Unique ID: 4ef7fbcd-5a5c-4ccd-a3e2-5e53e7f71c90,
Billed Duration for Request 4ef7fbcd-5a5c-4ccd-a3e2-5e53e7f71c90: 497 ms
Input: 5250000,
Cold Start: false
Unique ID: cacf85f3-fe21-43ee-afbd-f920303c802a,
Billed Duration for Request cacf85f3-fe21-43ee-afbd-f920303c802a: 532 ms
Input: 5250000,
Cold Start: false
Unique ID: d92d0aa5-e745-49dd-a1c9-409ed409cc8d,
Billed Duration for Request d92d0aa5-e745-49dd-a1c9-409ed409cc8d: 517 ms
Input: 5250000,
Cold Start: false
Unique ID: 720d86fc-c58a-4472-9800-d60a0d49e02e,
Billed Duration for Request 720d86fc-c58a-4472-9800-d60a0d49e02e: 507 ms
Input: 5250000,
Cold Start: false
Unique ID: a03f2518-86a0-4951-bfdb-6b3b00b66825,
Billed Duration for Request a03f2518-86a0-4951-bfdb-6b3b00b66825: 501 ms
Input: 5250000,
Cold Start: false
Unique ID: 445e84ff-865f-416e-9ea3-8f11d5b366f4,
Billed Duration for Request 445e84ff-865f-416e-9ea3-8f11d5b366f4: 532 ms
Input: 5250000,
Cold Start: false
Unique ID: 74ff5785-be10-4e3a-b38a-052487a7a972,
Billed Duration for Request 74ff5785-be10-4e3a-b38a-052487a7a972: 533 ms
Input: 5250000,
Cold Start: false
Unique ID: c4f754ac-9cff-40fa-9d9e-2d8a99d17452,
Billed Duration for Request c4f754ac-9cff-40fa-9d9e-2d8a99d17452: 494 ms
Input: 5250000,
Cold Start: false
Unique ID: 9c29b62a-d0a2-4d41-80a6-ff6cb530f100,
Billed Duration for Request 9c29b62a-d0a2-4d41-80a6-ff6cb530f100: 504 ms
Input: 5250000,
Cold Start: false
Unique ID: e2bee698-9a66-4254-9df9-8135630fc4ad,
Billed Duration for Request e2bee698-9a66-4254-9df9-8135630fc4ad: 536 ms
Input: 5250000,
Cold Start: false
Unique ID: c7d68115-c175-46c3-91d8-c7134956fb52,
Billed Duration for Request c7d68115-c175-46c3-91d8-c7134956fb52: 538 ms
Input: 5250000,
Cold Start: false
Unique ID: 1ca4fc79-77a9-480f-90b5-fcf6d5565ab9,
Billed Duration for Request 1ca4fc79-77a9-480f-90b5-fcf6d5565ab9: 492 ms
Input: 5250000,
Cold Start: false
Unique ID: 17d007bb-3eb8-4627-a7d0-7e0707cdafbc,
Billed Duration for Request 17d007bb-3eb8-4627-a7d0-7e0707cdafbc: 507 ms
Input: 5250000,
Cold Start: false
Unique ID: b86d41eb-ed18-4278-8264-a071a6f5ee08,
Billed Duration for Request b86d41eb-ed18-4278-8264-a071a6f5ee08: 509 ms
Input: 5250000,
Cold Start: false
Unique ID: 2780c4e9-0faf-4cb3-af4a-3222b7af3aae,
Billed Duration for Request 2780c4e9-0faf-4cb3-af4a-3222b7af3aae: 490 ms
Input: 5250000,
Cold Start: false
Unique ID: 83338b0b-4c1c-4773-b2d0-1c2b11d2aeb1,
Billed Duration for Request 83338b0b-4c1c-4773-b2d0-1c2b11d2aeb1: 538 ms
Input: 5250000,
Cold Start: false
Unique ID: 1a64c9e5-4c48-491b-80d3-c60fea2477bb,
Billed Duration for Request 1a64c9e5-4c48-491b-80d3-c60fea2477bb: 550 ms
Input: 5250000,
Cold Start: false
Unique ID: d08d8b1e-e2b1-4aa1-b30c-41bfff952cc6,
Billed Duration for Request d08d8b1e-e2b1-4aa1-b30c-41bfff952cc6: 492 ms
Input: 5250000,
Cold Start: false
Unique ID: 1d50f2c6-6a2c-4ed4-8fef-42e5f260a5c5,
Billed Duration for Request 1d50f2c6-6a2c-4ed4-8fef-42e5f260a5c5: 507 ms
Input: 5250000,
Cold Start: false
Unique ID: d8fbaedb-282c-4ece-9979-5e1f2b01ab86,
Billed Duration for Request d8fbaedb-282c-4ece-9979-5e1f2b01ab86: 539 ms
Input: 5250000,
Cold Start: false
Unique ID: c9d3733b-0b9d-41e8-9dbb-30c7d563e72a,
Billed Duration for Request c9d3733b-0b9d-41e8-9dbb-30c7d563e72a: 489 ms
Input: 5250000,
Cold Start: false
Unique ID: fca98ac9-7d6a-467d-8f47-c51d84f09cf5,
Billed Duration for Request fca98ac9-7d6a-467d-8f47-c51d84f09cf5: 538 ms
Input: 5250000,
Cold Start: false
Unique ID: bfc2d287-1847-45b6-bad5-6036e45ac233,
Billed Duration for Request bfc2d287-1847-45b6-bad5-6036e45ac233: 511 ms
Input: 5250000,
Cold Start: false
Unique ID: c5d58628-ec9c-4708-8d64-6d9c522231d8,
Billed Duration for Request c5d58628-ec9c-4708-8d64-6d9c522231d8: 505 ms
Input: 5250000,
Cold Start: false
Unique ID: e4d8114e-3dd1-4dc4-a74a-7c7094425ac7,
Billed Duration for Request e4d8114e-3dd1-4dc4-a74a-7c7094425ac7: 533 ms
Input: 5250000,
Cold Start: false
Unique ID: e9f09b2e-baff-4c64-b238-2fcad4b6f6c1,
Billed Duration for Request e9f09b2e-baff-4c64-b238-2fcad4b6f6c1: 498 ms
Input: 5250000,
Cold Start: false
Unique ID: f701fea5-3443-47ad-aaef-54648713dc3e,
Billed Duration for Request f701fea5-3443-47ad-aaef-54648713dc3e: 505 ms
Input: 5250000,
Cold Start: false
Unique ID: a630d379-8286-44b2-9a19-45fc42e95fe4,
Billed Duration for Request a630d379-8286-44b2-9a19-45fc42e95fe4: 533 ms
Input: 5250000,
Cold Start: false
Unique ID: c773e75d-606f-40c1-8d7e-bfd9b3bb017f,
Billed Duration for Request c773e75d-606f-40c1-8d7e-bfd9b3bb017f: 535 ms
Input: 5250000,
Cold Start: false
Unique ID: 93e952e3-a4e9-4acc-b39e-653c1c1d368d,
Billed Duration for Request 93e952e3-a4e9-4acc-b39e-653c1c1d368d: 506 ms
Input: 5250000,
Cold Start: false
Unique ID: 4ffedc99-9a0f-4cc6-ac25-6a09386837d8,
Billed Duration for Request 4ffedc99-9a0f-4cc6-ac25-6a09386837d8: 505 ms
Input: 5250000,
Cold Start: false
Unique ID: 1ecf6d67-5156-445c-a6c7-02e493ebb544,
Billed Duration for Request 1ecf6d67-5156-445c-a6c7-02e493ebb544: 507 ms
Input: 5250000,
Cold Start: false
Unique ID: e35fb3fa-87b2-4bcc-910d-d220a3de8e51,
Billed Duration for Request e35fb3fa-87b2-4bcc-910d-d220a3de8e51: 536 ms
Input: 5250000,
Cold Start: false
Unique ID: ca23c3fe-6b6c-4c05-bffd-c35889b4e1f0,
Billed Duration for Request ca23c3fe-6b6c-4c05-bffd-c35889b4e1f0: 543 ms
Input: 5250000,
Cold Start: false
Unique ID: 25599c68-3934-4725-b1f0-a46494ce7220,
Billed Duration for Request 25599c68-3934-4725-b1f0-a46494ce7220: 499 ms
Input: 5250000,
Cold Start: false
Unique ID: 0d2c7228-c478-4464-b135-60dc4e255455,
Billed Duration for Request 0d2c7228-c478-4464-b135-60dc4e255455: 501 ms
Input: 5250000,
Cold Start: false
Unique ID: 85ecbc77-52e8-4917-a150-dbdd320b3825,
Billed Duration for Request 85ecbc77-52e8-4917-a150-dbdd320b3825: 496 ms
Input: 5250000,
Cold Start: false
Unique ID: dff99ff4-ff90-4813-949e-09a3c59b49f7,
Billed Duration for Request dff99ff4-ff90-4813-949e-09a3c59b49f7: 544 ms
Input: 5250000,
Cold Start: false
Unique ID: c8f1f21c-4605-46af-ae41-3b33c1ef2624,
Billed Duration for Request c8f1f21c-4605-46af-ae41-3b33c1ef2624: 546 ms
Input: 5250000,
Cold Start: false
Unique ID: 5c5d9632-08a9-456a-9f83-5cba909eb7d1,
Billed Duration for Request 5c5d9632-08a9-456a-9f83-5cba909eb7d1: 506 ms
Input: 5250000,
Cold Start: false
Unique ID: ab911c2c-126b-4fbb-adf4-2d38b488d989,
Billed Duration for Request ab911c2c-126b-4fbb-adf4-2d38b488d989: 497 ms
Input: 5250000,
Cold Start: false
Unique ID: f5282026-ec74-4c4f-9089-6a6cd28d5f11,
Billed Duration for Request f5282026-ec74-4c4f-9089-6a6cd28d5f11: 495 ms
Input: 5250000,
Cold Start: false
Unique ID: fbb5979b-f2e9-46e7-b3e5-91b1f5cf78fb,
Billed Duration for Request fbb5979b-f2e9-46e7-b3e5-91b1f5cf78fb: 543 ms
Input: 5250000,
Cold Start: false
Unique ID: fb5656dc-df6f-48c8-bda2-34751571a777,
Billed Duration for Request fb5656dc-df6f-48c8-bda2-34751571a777: 540 ms
Input: 5250000,
Cold Start: false
Unique ID: c0050be7-712b-4e58-9c91-02aaaae77045,
Billed Duration for Request c0050be7-712b-4e58-9c91-02aaaae77045: 496 ms
Input: 5250000,
Cold Start: false
Unique ID: 6191f00e-ce3d-428e-910d-5a2f42e55e1d,
Billed Duration for Request 6191f00e-ce3d-428e-910d-5a2f42e55e1d: 498 ms
Input: 5250000,
Cold Start: false
Unique ID: 43048eef-254c-4ba3-89de-d54d2c512d3b,
Billed Duration for Request 43048eef-254c-4ba3-89de-d54d2c512d3b: 506 ms
Input: 5250000,
Cold Start: false
Unique ID: 469b7544-3bf4-4cf5-86f5-a98063388428,
Billed Duration for Request 469b7544-3bf4-4cf5-86f5-a98063388428: 530 ms
Input: 5250000,
Cold Start: false
Unique ID: d2e6d712-0d4b-4d9e-a723-50884ea89268,
Billed Duration for Request d2e6d712-0d4b-4d9e-a723-50884ea89268: 543 ms
Input: 5250000,
Cold Start: false
Unique ID: a6b5345b-4326-4d0f-ac7f-0494e5456448,
Billed Duration for Request a6b5345b-4326-4d0f-ac7f-0494e5456448: 489 ms
Input: 5250000,
Cold Start: false
Unique ID: a367fa5f-5aae-4d57-b65d-59e5a90a11fc,
Billed Duration for Request a367fa5f-5aae-4d57-b65d-59e5a90a11fc: 497 ms
Input: 5250000,
Cold Start: false
Unique ID: 11a218a6-d29a-424f-b7c6-e957408bdce4,
Billed Duration for Request 11a218a6-d29a-424f-b7c6-e957408bdce4: 498 ms
Input: 5250000,
Cold Start: false
Unique ID: 59e160f1-c259-4cc0-acd5-0de2304d63b2,
Billed Duration for Request 59e160f1-c259-4cc0-acd5-0de2304d63b2: 543 ms
Input: 5250000,
Cold Start: false
Unique ID: 70337eac-a412-426c-bb76-2ef27370a13f,
Billed Duration for Request 70337eac-a412-426c-bb76-2ef27370a13f: 538 ms
Input: 5250000,
Cold Start: false
Unique ID: 48820f80-16ea-444b-8af5-c439c0eb09c7,
Billed Duration for Request 48820f80-16ea-444b-8af5-c439c0eb09c7: 515 ms
Input: 5250000,
Cold Start: false
Unique ID: 5e1e58d6-a5c9-4965-9166-1e93831d1210,
Billed Duration for Request 5e1e58d6-a5c9-4965-9166-1e93831d1210: 500 ms
Input: 5250000,
Cold Start: false
Unique ID: 80227b7a-71dd-4024-adc2-d90f8ab3d254,
Billed Duration for Request 80227b7a-71dd-4024-adc2-d90f8ab3d254: 502 ms
Input: 5250000,
Cold Start: false
Unique ID: 965e4894-2366-4b08-9cb5-9106c8518be0,
Billed Duration for Request 965e4894-2366-4b08-9cb5-9106c8518be0: 538 ms
Input: 5250000,
Cold Start: false
Unique ID: 08fe7a69-0851-4041-a03c-338a0dcfa91d,
Billed Duration for Request 08fe7a69-0851-4041-a03c-338a0dcfa91d: 544 ms
Input: 5250000,
Cold Start: false
Unique ID: d19506a5-e63b-4224-9481-5cbb92962f02,
Billed Duration for Request d19506a5-e63b-4224-9481-5cbb92962f02: 508 ms
Input: 5250000,
Cold Start: false
Unique ID: 32dfef7d-abcc-49a5-88f4-cf811ee7dc8f,
Billed Duration for Request 32dfef7d-abcc-49a5-88f4-cf811ee7dc8f: 488 ms
Input: 5250000,
Cold Start: false
Unique ID: e6489fd5-05e8-4a85-9b10-f34fb534ec1c,
Billed Duration for Request e6489fd5-05e8-4a85-9b10-f34fb534ec1c: 511 ms
Input: 5250000,
Cold Start: false
Unique ID: cebf365f-f336-4398-a59d-e30ab0f28269,
Billed Duration for Request cebf365f-f336-4398-a59d-e30ab0f28269: 536 ms
Input: 5250000,
Cold Start: false
Unique ID: 1c3b69f9-f0db-4edc-ac1e-a47ea25f31dc,
Billed Duration for Request 1c3b69f9-f0db-4edc-ac1e-a47ea25f31dc: 541 ms
Input: 5250000,
Cold Start: false
Unique ID: 3a5051da-874d-498d-85ce-e57498f8d1ea,
Billed Duration for Request 3a5051da-874d-498d-85ce-e57498f8d1ea: 513 ms
Input: 5250000,
Cold Start: false
Unique ID: 8ed77c04-a618-459e-b220-df15f292f93e,
Billed Duration for Request 8ed77c04-a618-459e-b220-df15f292f93e: 498 ms
Input: 5250000,
Cold Start: false
Unique ID: f8d1abdc-036c-4535-9a73-c6238d0cdcdc,
Billed Duration for Request f8d1abdc-036c-4535-9a73-c6238d0cdcdc: 499 ms
Input: 5250000,
Cold Start: false
Unique ID: 0d6a275c-5046-44a4-bf15-8b455119fecf,
Billed Duration for Request 0d6a275c-5046-44a4-bf15-8b455119fecf: 547 ms
Input: 5250000,
Cold Start: false
Unique ID: d39e4577-03d4-4cb5-a573-73c042c83130,
Billed Duration for Request d39e4577-03d4-4cb5-a573-73c042c83130: 536 ms
Input: 5250000,
Cold Start: false
Unique ID: ede83481-522f-4768-8704-fa63913b1c74,
Billed Duration for Request ede83481-522f-4768-8704-fa63913b1c74: 506 ms
Input: 5250000,
Cold Start: false
Unique ID: c23eea36-7643-473d-9e1f-c28ba133d173,
Billed Duration for Request c23eea36-7643-473d-9e1f-c28ba133d173: 502 ms
Input: 5250000,
Cold Start: false
Unique ID: 83fa3050-e877-4b71-b3d8-8d861d62c70b,
Billed Duration for Request 83fa3050-e877-4b71-b3d8-8d861d62c70b: 517 ms
Input: 5250000,
Cold Start: false
Unique ID: 171408dd-4567-4625-8be8-ffcdf3e6ed80,
Billed Duration for Request 171408dd-4567-4625-8be8-ffcdf3e6ed80: 540 ms
Input: 5250000,
Cold Start: false
Unique ID: c4efe294-88e5-47ad-aee7-fa5a50e88605,
Billed Duration for Request c4efe294-88e5-47ad-aee7-fa5a50e88605: 538 ms
Input: 5250000,
Cold Start: false
Unique ID: a5ecf677-4b65-42e1-b0a9-7e51ee40b3d6,
Billed Duration for Request a5ecf677-4b65-42e1-b0a9-7e51ee40b3d6: 499 ms
Input: 5250000,
Cold Start: false
Unique ID: 52444fe6-6ba8-4a2e-a780-18c066e40c96,
Billed Duration for Request 52444fe6-6ba8-4a2e-a780-18c066e40c96: 500 ms
Input: 5250000,
Cold Start: false
Unique ID: 6f6b7a54-80bc-462d-be06-ae41fc13b61f,
Billed Duration for Request 6f6b7a54-80bc-462d-be06-ae41fc13b61f: 496 ms
Input: 5250000,
Cold Start: false
Unique ID: 3fb0886b-cda0-4be5-b087-e4ddc4cae7a8,
Billed Duration for Request 3fb0886b-cda0-4be5-b087-e4ddc4cae7a8: 540 ms
Input: 5250000,
Cold Start: false
Unique ID: 8436791f-85e1-45f0-a12b-3dd6eb0925b7,
Billed Duration for Request 8436791f-85e1-45f0-a12b-3dd6eb0925b7: 489 ms
Input: 5250000,
Cold Start: false
Unique ID: 7f84d385-1b37-4b88-a5ed-ba4f512be95c,
Billed Duration for Request 7f84d385-1b37-4b88-a5ed-ba4f512be95c: 545 ms
Input: 5250000,
Cold Start: false
Unique ID: c8f3edf1-3c9c-4492-b9d5-dc2cf8983dd7,
Billed Duration for Request c8f3edf1-3c9c-4492-b9d5-dc2cf8983dd7: 493 ms
Input: 5250000,
Cold Start: false
Unique ID: 53e846db-1291-4e75-8c11-f9f84a472022,
Billed Duration for Request 53e846db-1291-4e75-8c11-f9f84a472022: 515 ms
Input: 5250000,
Cold Start: false
Unique ID: dd58e7f9-4861-4681-9531-960e79c5ac72,
Billed Duration for Request dd58e7f9-4861-4681-9531-960e79c5ac72: 538 ms
Input: 5250000,
Cold Start: false
Unique ID: 3acb1a56-265b-4c18-aa05-4355cc7a0305,
Billed Duration for Request 3acb1a56-265b-4c18-aa05-4355cc7a0305: 546 ms
Input: 5250000,
Cold Start: false
Unique ID: d1bce836-bba9-49ca-af79-2c75bdaccacc,
Billed Duration for Request d1bce836-bba9-49ca-af79-2c75bdaccacc: 504 ms
Input: 5250000,
Cold Start: false
Unique ID: 4c80608b-d45b-4c2f-81ab-d1530c8b7acb,
Billed Duration for Request 4c80608b-d45b-4c2f-81ab-d1530c8b7acb: 494 ms
Input: 5250000,
Cold Start: false
Unique ID: de6ccbab-d185-4a09-89b4-e202c9aeb73f,
Billed Duration for Request de6ccbab-d185-4a09-89b4-e202c9aeb73f: 536 ms
Input: 5250000,
Cold Start: false
Unique ID: 02b2a987-4f19-40a8-b212-f2aa2e71f428,
Billed Duration for Request 02b2a987-4f19-40a8-b212-f2aa2e71f428: 492 ms
Input: 5250000,
Cold Start: false
Unique ID: c468f77a-75ef-4ae0-b25b-12cc3bf9ca2f,
Billed Duration for Request c468f77a-75ef-4ae0-b25b-12cc3bf9ca2f: 494 ms
Input: 5250000,
Cold Start: false
Unique ID: aff887eb-4a1c-4fb3-b092-4c1ff4790b84,
Billed Duration for Request aff887eb-4a1c-4fb3-b092-4c1ff4790b84: 493 ms
Input: 5250000,
Cold Start: false
Unique ID: ccf69f6c-77d1-4143-92f8-a193c45fc1ea,
Billed Duration for Request ccf69f6c-77d1-4143-92f8-a193c45fc1ea: 534 ms
Input: 5250000,
Cold Start: false
Unique ID: 207d46f2-ce6e-4f49-ac4a-429bbf1cd85b,
Billed Duration for Request 207d46f2-ce6e-4f49-ac4a-429bbf1cd85b: 517 ms
Input: 5250000,
Cold Start: false
Unique ID: 78cf4f18-ade6-4022-be8c-41ae9d705c3d,
Billed Duration for Request 78cf4f18-ade6-4022-be8c-41ae9d705c3d: 544 ms
Input: 5250000,
Cold Start: false
Unique ID: c87eabc1-1ab8-490d-9f4e-d86fc0b3e909,
Billed Duration for Request c87eabc1-1ab8-490d-9f4e-d86fc0b3e909: 499 ms
Input: 5250000,
Cold Start: false
Unique ID: 3a8e022e-ff50-4727-a127-a3db62e6ec33,
Billed Duration for Request 3a8e022e-ff50-4727-a127-a3db62e6ec33: 542 ms
Input: 5250000,
Cold Start: false
Unique ID: 6c0f305b-816b-4b09-8b00-ab7d20c443f2,
Billed Duration for Request 6c0f305b-816b-4b09-8b00-ab7d20c443f2: 509 ms
Input: 5250000,
Cold Start: false
Unique ID: 3e4c20bd-71f9-424f-a1b7-31a6f22ce94d,
Billed Duration for Request 3e4c20bd-71f9-424f-a1b7-31a6f22ce94d: 540 ms
Input: 5250000,
Cold Start: false
Unique ID: 3bddf96b-2202-47a3-818c-a4bbc9cf0fd7,
Billed Duration for Request 3bddf96b-2202-47a3-818c-a4bbc9cf0fd7: 493 ms
Input: 5250000,
Cold Start: false
Unique ID: 3fef7b1a-9cf0-470e-98a3-761a3f816552,
Billed Duration for Request 3fef7b1a-9cf0-470e-98a3-761a3f816552: 498 ms
Input: 5250000,
Cold Start: false
Unique ID: c9332983-3695-48a8-b389-ab3c8a459180,
Billed Duration for Request c9332983-3695-48a8-b389-ab3c8a459180: 556 ms
Input: 5250000,
Cold Start: false
Unique ID: eb87320c-d74a-497a-bf96-4322caa8fbf5,
Billed Duration for Request eb87320c-d74a-497a-bf96-4322caa8fbf5: 498 ms
Input: 5250000,
Cold Start: false
Unique ID: 6c468dd6-797b-44ff-b1d5-5d8d79e486e5,
Billed Duration for Request 6c468dd6-797b-44ff-b1d5-5d8d79e486e5: 514 ms
Input: 5250000,
Cold Start: false
Unique ID: 25ef43e0-8d7f-42a8-b358-8783a16262cd,
Billed Duration for Request 25ef43e0-8d7f-42a8-b358-8783a16262cd: 542 ms
Input: 5250000,
Cold Start: false
Unique ID: e1d686b6-9248-4ccf-9712-757154f51bfe,
Billed Duration for Request e1d686b6-9248-4ccf-9712-757154f51bfe: 544 ms
Input: 5250000,
Cold Start: false
Unique ID: facb2feb-5b7e-4572-8cd7-207df4906f1a,
Billed Duration for Request facb2feb-5b7e-4572-8cd7-207df4906f1a: 518 ms
Input: 5250000,
Cold Start: false
Unique ID: ebf5419e-fe8a-4aa8-b980-8e955289ee30,
Billed Duration for Request ebf5419e-fe8a-4aa8-b980-8e955289ee30: 507 ms
Input: 5250000,
Cold Start: false
Unique ID: 2634c741-05a0-43ae-ae8f-38b09fc2296d,
Billed Duration for Request 2634c741-05a0-43ae-ae8f-38b09fc2296d: 547 ms
Input: 5250000,
Cold Start: false
Unique ID: 747e8e58-db96-49d8-9360-dc6e99f9898d,
Billed Duration for Request 747e8e58-db96-49d8-9360-dc6e99f9898d: 508 ms
Input: 5250000,
Cold Start: false
Unique ID: c479f378-1a71-432a-8a1f-a2e056bae850,
Billed Duration for Request c479f378-1a71-432a-8a1f-a2e056bae850: 493 ms
Input: 5250000,
Cold Start: false
Unique ID: 7e5cafc3-f342-429b-a115-7c2aed8e2ff8,
Billed Duration for Request 7e5cafc3-f342-429b-a115-7c2aed8e2ff8: 541 ms
Input: 5250000,
Cold Start: false
Unique ID: 33a2b10f-a9a0-46f5-aa64-66eae52391e6,
Billed Duration for Request 33a2b10f-a9a0-46f5-aa64-66eae52391e6: 499 ms
Input: 5250000,
Cold Start: false
Unique ID: 5fa1a83e-54b7-407c-a5c4-a655b758fa6b,
Billed Duration for Request 5fa1a83e-54b7-407c-a5c4-a655b758fa6b: 516 ms
Input: 5250000,
Cold Start: false
Unique ID: 9c839156-c1bb-4cd8-8e2c-be053031bbee,
Billed Duration for Request 9c839156-c1bb-4cd8-8e2c-be053031bbee: 541 ms
Input: 5250000,
Cold Start: false
Unique ID: 07d10995-0184-41a8-92f3-5c68527e41b6,
Billed Duration for Request 07d10995-0184-41a8-92f3-5c68527e41b6: 509 ms
Input: 5250000,
Cold Start: false
Unique ID: f8c1b1a9-f802-4d4f-92de-75bc77345360,
Billed Duration for Request f8c1b1a9-f802-4d4f-92de-75bc77345360: 545 ms
Input: 5250000,
Cold Start: false
Unique ID: 01df995c-06c1-4d33-a73e-bf556fb302df,
Billed Duration for Request 01df995c-06c1-4d33-a73e-bf556fb302df: 502 ms
Input: 5250000,
Cold Start: false
Unique ID: ebe01761-c2cf-4163-adb8-1ced45c29edf,
Billed Duration for Request ebe01761-c2cf-4163-adb8-1ced45c29edf: 540 ms
Input: 5250000,
Cold Start: false
Unique ID: 2708ccc4-70fd-4932-9bdc-527d898a978d,
Billed Duration for Request 2708ccc4-70fd-4932-9bdc-527d898a978d: 497 ms
Input: 5250000,
Cold Start: false
Unique ID: d8e01341-2e82-4fed-93f4-f86464ce6979,
Billed Duration for Request d8e01341-2e82-4fed-93f4-f86464ce6979: 504 ms
Input: 5250000,
Cold Start: false
Unique ID: 0d63bf9e-6021-4484-bd54-4961a001c4e2,
Billed Duration for Request 0d63bf9e-6021-4484-bd54-4961a001c4e2: 555 ms
Input: 5250000,
Cold Start: false
Unique ID: 9da82dd8-fa76-4236-967f-2d3438a73452,
Billed Duration for Request 9da82dd8-fa76-4236-967f-2d3438a73452: 494 ms
Input: 5250000,
Cold Start: false
Unique ID: c0c29776-9ec1-48ac-87b0-29448b8685c9,
Billed Duration for Request c0c29776-9ec1-48ac-87b0-29448b8685c9: 495 ms
Input: 5250000,
Cold Start: false
Unique ID: c4f3f86a-f783-4133-a391-fe95d1137050,
Billed Duration for Request c4f3f86a-f783-4133-a391-fe95d1137050: 537 ms
Input: 5250000,
Cold Start: false
Unique ID: 04132ef5-b14d-4577-bff3-7dbaef2cf6a7,
Billed Duration for Request 04132ef5-b14d-4577-bff3-7dbaef2cf6a7: 543 ms
Input: 5250000,
Cold Start: false
Unique ID: 4b1fa3bc-665c-4e87-a13b-ba78e86361e7,
Billed Duration for Request 4b1fa3bc-665c-4e87-a13b-ba78e86361e7: 518 ms
Input: 5250000,
Cold Start: false
Unique ID: 7490bc38-7e60-41e5-94dc-ce73e01b5615,
Billed Duration for Request 7490bc38-7e60-41e5-94dc-ce73e01b5615: 499 ms
Input: 5250000,
Cold Start: false
Unique ID: 373526eb-6c15-476b-8e68-b5f85b9416f4,
Billed Duration for Request 373526eb-6c15-476b-8e68-b5f85b9416f4: 494 ms
Input: 5250000,
Cold Start: false
Unique ID: b3a2a8d7-cb2d-494e-a109-b47bf67f1502,
Billed Duration for Request b3a2a8d7-cb2d-494e-a109-b47bf67f1502: 574 ms
Input: 5250000,
Cold Start: false
Unique ID: edfc3ecf-c512-4ea8-ac72-04b933daffc7,
Billed Duration for Request edfc3ecf-c512-4ea8-ac72-04b933daffc7: 546 ms
Input: 5250000,
Cold Start: false
Unique ID: 92563187-0b84-4a65-9d5b-d17af3f61e8e,
Billed Duration for Request 92563187-0b84-4a65-9d5b-d17af3f61e8e: 502 ms
Input: 5250000,
Cold Start: false
Unique ID: 11f5aefb-52ce-47eb-8501-74a7c41c6092,
Billed Duration for Request 11f5aefb-52ce-47eb-8501-74a7c41c6092: 499 ms
Input: 5250000,
Cold Start: false
Unique ID: 71a2618a-e02e-4891-b90b-185154204d30,
Billed Duration for Request 71a2618a-e02e-4891-b90b-185154204d30: 512 ms
Input: 5250000,
Cold Start: false
Unique ID: 0f2f6c36-8a2c-49e1-aba7-f760bf0ba913,
Billed Duration for Request 0f2f6c36-8a2c-49e1-aba7-f760bf0ba913: 536 ms
Input: 5250000,
Cold Start: false
Unique ID: 4670d25b-faaf-43b6-b1b9-23e5f7e3fee0,
Billed Duration for Request 4670d25b-faaf-43b6-b1b9-23e5f7e3fee0: 544 ms
Input: 5250000,
Cold Start: false
Unique ID: 63fbd2ab-8004-4a13-8ab5-ff8a924e52f9,
Billed Duration for Request 63fbd2ab-8004-4a13-8ab5-ff8a924e52f9: 518 ms
Input: 5250000,
Cold Start: false
Unique ID: 2210cc8f-0b84-4b48-947c-d5cb1aac9460,
Billed Duration for Request 2210cc8f-0b84-4b48-947c-d5cb1aac9460: 509 ms
Input: 5250000,
Cold Start: false
Unique ID: 71004924-d5be-4d6c-b969-3cc10772836a,
Billed Duration for Request 71004924-d5be-4d6c-b969-3cc10772836a: 505 ms
Input: 5250000,
Cold Start: false
Unique ID: 9ee868bf-977c-45d4-ba9f-86082f491506,
Billed Duration for Request 9ee868bf-977c-45d4-ba9f-86082f491506: 535 ms
Input: 5250000,
Cold Start: false
Unique ID: f7bfd0e6-6960-466e-8987-205764015464,
Billed Duration for Request f7bfd0e6-6960-466e-8987-205764015464: 498 ms
Input: 5250000,
Cold Start: false
Unique ID: 7eba9322-4d17-402e-809b-5dd0805ec69c,
Billed Duration for Request 7eba9322-4d17-402e-809b-5dd0805ec69c: 545 ms
Input: 5250000,
Cold Start: false
Unique ID: d95711d7-411f-41c1-b83b-49cb05ea0b74,
Billed Duration for Request d95711d7-411f-41c1-b83b-49cb05ea0b74: 499 ms
Input: 5250000,
Cold Start: false
Unique ID: ea0d8e63-5b96-4bfa-b2ab-bb70ea36eddb,
Billed Duration for Request ea0d8e63-5b96-4bfa-b2ab-bb70ea36eddb: 513 ms
Input: 5250000,
Cold Start: false
Unique ID: cd8d9e51-0b20-4c8c-8e1c-6b175f6e811a,
Billed Duration for Request cd8d9e51-0b20-4c8c-8e1c-6b175f6e811a: 538 ms
Input: 5250000,
Cold Start: false
Unique ID: 54721681-6b14-4410-9f49-dfbb19cc8f41,
Billed Duration for Request 54721681-6b14-4410-9f49-dfbb19cc8f41: 543 ms
Input: 5250000,
Cold Start: false
Unique ID: 70976b0b-e9bf-4d1a-8b86-9c103cf11944,
Billed Duration for Request 70976b0b-e9bf-4d1a-8b86-9c103cf11944: 517 ms
Input: 5250000,
Cold Start: false
Unique ID: d96e6715-c024-4625-ad74-9c3f8dcaa658,
Billed Duration for Request d96e6715-c024-4625-ad74-9c3f8dcaa658: 502 ms
Input: 5250000,
Cold Start: false
Unique ID: 98bdc69e-4174-45ef-8da6-46e1a35cf0f0,
Billed Duration for Request 98bdc69e-4174-45ef-8da6-46e1a35cf0f0: 502 ms
Input: 5250000,
Cold Start: false
Unique ID: 36a3921d-d939-4262-899c-f437cd6bfe08,
Billed Duration for Request 36a3921d-d939-4262-899c-f437cd6bfe08: 539 ms
Input: 5250000,
Cold Start: false
Unique ID: c453be6d-7e1d-47cb-953a-3a123d1d8afd,
Billed Duration for Request c453be6d-7e1d-47cb-953a-3a123d1d8afd: 496 ms
Input: 5250000,
Cold Start: false
Unique ID: efe3b229-6bf8-4641-b851-f1548ecf5b60,
Billed Duration for Request efe3b229-6bf8-4641-b851-f1548ecf5b60: 539 ms
Input: 5250000,
Cold Start: false
Unique ID: 86fa370d-f933-4064-8d54-b5ae318e8e2e,
Billed Duration for Request 86fa370d-f933-4064-8d54-b5ae318e8e2e: 486 ms
Input: 5250000,
Cold Start: false
Unique ID: 38c3e9a9-11fc-42a5-bfee-4f2e09a27cab,
Billed Duration for Request 38c3e9a9-11fc-42a5-bfee-4f2e09a27cab: 522 ms
Input: 5250000,
Cold Start: false
Unique ID: e2bc1f86-f5c0-4444-bc6f-e1b51d324fbc,
Billed Duration for Request e2bc1f86-f5c0-4444-bc6f-e1b51d324fbc: 536 ms
Input: 5250000,
Cold Start: false
Unique ID: 8f9c7ee9-be04-4e6b-9e04-a60a0e25b3b1,
Billed Duration for Request 8f9c7ee9-be04-4e6b-9e04-a60a0e25b3b1: 518 ms
Input: 5250000,
Cold Start: false
Unique ID: dcbc56a0-612f-4142-855a-d2896165b12b,
Billed Duration for Request dcbc56a0-612f-4142-855a-d2896165b12b: 558 ms
Input: 5250000,
Cold Start: false
Unique ID: 45cac31d-d65f-4156-8dbf-1fc21603e8b3,
Billed Duration for Request 45cac31d-d65f-4156-8dbf-1fc21603e8b3: 498 ms
Input: 5250000,
Cold Start: false
Unique ID: 2e2afee8-98cc-4e9a-a3db-ce90e5392709,
Billed Duration for Request 2e2afee8-98cc-4e9a-a3db-ce90e5392709: 538 ms
Input: 5250000,
Cold Start: false
Unique ID: ebf030be-a8bc-4ad4-b870-4302bb5fd9e6,
Billed Duration for Request ebf030be-a8bc-4ad4-b870-4302bb5fd9e6: 496 ms
Input: 5250000,
Cold Start: false
Unique ID: 41e35550-f488-4e78-8929-8f7d62eaf7b1,
Billed Duration for Request 41e35550-f488-4e78-8929-8f7d62eaf7b1: 497 ms
Input: 5250000,
Cold Start: false
Unique ID: b34936c0-7bc9-4174-b927-9f1ead1b7562,
Billed Duration for Request b34936c0-7bc9-4174-b927-9f1ead1b7562: 538 ms
Input: 5250000,
Cold Start: false
Unique ID: 2ed07598-0512-4187-9646-dda7bd34c984,
Billed Duration for Request 2ed07598-0512-4187-9646-dda7bd34c984: 499 ms
Input: 5250000,
Cold Start: false
Unique ID: c10f6a7b-3da7-48c4-b9ce-560590417979,
Billed Duration for Request c10f6a7b-3da7-48c4-b9ce-560590417979: 511 ms
Input: 5250000,
Cold Start: false
Unique ID: 59e46bfa-f0a1-4ce1-98d0-ef352346206c,
Billed Duration for Request 59e46bfa-f0a1-4ce1-98d0-ef352346206c: 539 ms
Input: 5250000,
Cold Start: false
Unique ID: 3c3a4aff-b3bc-4bdd-a663-28b1df033edb,
Billed Duration for Request 3c3a4aff-b3bc-4bdd-a663-28b1df033edb: 545 ms
Input: 5250000,
Cold Start: false
Unique ID: e92945a5-dde8-4956-ab86-c8a27873bdc7,
Billed Duration for Request e92945a5-dde8-4956-ab86-c8a27873bdc7: 503 ms
Input: 5250000,
Cold Start: false
Unique ID: c43ad3f4-4228-4431-a301-c6f12c9ffa90,
Billed Duration for Request c43ad3f4-4228-4431-a301-c6f12c9ffa90: 495 ms
Input: 5250000,
Cold Start: false
Unique ID: d408b676-d315-4c75-ba0e-0185daa23760,
Billed Duration for Request d408b676-d315-4c75-ba0e-0185daa23760: 498 ms
Input: 5250000,
Cold Start: false
Unique ID: 00b13ed6-dee3-45a9-9345-0b3fff953cc5,
Billed Duration for Request 00b13ed6-dee3-45a9-9345-0b3fff953cc5: 538 ms
Input: 5250000,
Cold Start: false
Unique ID: 23b4d9b1-285f-44b6-b9d1-e7beac767a5c,
Billed Duration for Request 23b4d9b1-285f-44b6-b9d1-e7beac767a5c: 530 ms
Input: 5250000,
Cold Start: false
Unique ID: 45fd65e1-6097-4c8a-a5ab-b3a3d38eeecc,
Billed Duration for Request 45fd65e1-6097-4c8a-a5ab-b3a3d38eeecc: 506 ms
Input: 5250000,
Cold Start: false
Unique ID: b57e4fd2-0474-4842-a791-7d98b0319bc1,
Billed Duration for Request b57e4fd2-0474-4842-a791-7d98b0319bc1: 494 ms
Input: 5250000,
Cold Start: false
Unique ID: 6fe43a84-2771-4f43-8cb4-eb6f974b5a53,
Billed Duration for Request 6fe43a84-2771-4f43-8cb4-eb6f974b5a53: 521 ms
Input: 5250000,
Cold Start: false
Unique ID: 80688a30-e73b-4cfa-9bae-61fd7c78d9fb,
Billed Duration for Request 80688a30-e73b-4cfa-9bae-61fd7c78d9fb: 538 ms
Input: 5250000,
Cold Start: false
Unique ID: b7237966-bcde-4ec5-a06d-0488dea5db05,
Billed Duration for Request b7237966-bcde-4ec5-a06d-0488dea5db05: 542 ms
Input: 5250000,
Cold Start: false
Unique ID: 7ccbeee3-b2f3-4b05-af42-86bf411a18e9,
Billed Duration for Request 7ccbeee3-b2f3-4b05-af42-86bf411a18e9: 518 ms
Input: 5250000,
Cold Start: false
Unique ID: 71805309-4ad4-464d-8d99-ed939127d681,
Billed Duration for Request 71805309-4ad4-464d-8d99-ed939127d681: 499 ms
Input: 5250000,
Cold Start: false
Unique ID: 1a8d8d0c-617b-467a-b0e4-019cf2c32d0c,
Billed Duration for Request 1a8d8d0c-617b-467a-b0e4-019cf2c32d0c: 500 ms
Input: 5250000,
Cold Start: false
Unique ID: 0b4c548d-a438-4d48-8539-2d070ab543af,
Billed Duration for Request 0b4c548d-a438-4d48-8539-2d070ab543af: 530 ms
Input: 5250000,
Cold Start: false
Unique ID: f4f31999-7884-4c3a-997b-3f224163f65c,
Billed Duration for Request f4f31999-7884-4c3a-997b-3f224163f65c: 544 ms
Input: 5250000,
Cold Start: false
Unique ID: 0f84d31b-3636-4f8d-9fde-86503289702c,
Billed Duration for Request 0f84d31b-3636-4f8d-9fde-86503289702c: 489 ms
Input: 5250000,
Cold Start: false
Unique ID: daff180c-a0c6-4ac1-bd61-c33637d2f212,
Billed Duration for Request daff180c-a0c6-4ac1-bd61-c33637d2f212: 498 ms
Input: 5250000,
Cold Start: false
Unique ID: 85262b4b-822f-49ed-abea-bae38d4b8779,
Billed Duration for Request 85262b4b-822f-49ed-abea-bae38d4b8779: 515 ms
Input: 5250000,
Cold Start: false
Unique ID: 956585f5-2677-4149-af4b-b6335e40e0f5,
Billed Duration for Request 956585f5-2677-4149-af4b-b6335e40e0f5: 539 ms
Input: 5250000,
Cold Start: false
Unique ID: b1faa3bc-b22f-4ba0-9632-ddc0e5631406,
Billed Duration for Request b1faa3bc-b22f-4ba0-9632-ddc0e5631406: 562 ms
Input: 5250000,
Cold Start: false
Unique ID: cd9371d2-c5d4-484a-aebc-00a148b522da,
Billed Duration for Request cd9371d2-c5d4-484a-aebc-00a148b522da: 519 ms
Input: 5250000,
Cold Start: false
Unique ID: adbcbf5c-7b88-4740-aab6-cb292d1394c2,
Billed Duration for Request adbcbf5c-7b88-4740-aab6-cb292d1394c2: 502 ms
Input: 5250000,
Cold Start: false
Unique ID: a3b84ebf-4768-4a61-a796-23101ca0c76b,
Billed Duration for Request a3b84ebf-4768-4a61-a796-23101ca0c76b: 537 ms
Input: 5250000,
Cold Start: false
Unique ID: f6e9a067-43e3-4738-8bb3-a76626c4b15b,
Billed Duration for Request f6e9a067-43e3-4738-8bb3-a76626c4b15b: 489 ms
Input: 5250000,
Cold Start: false
Unique ID: 8324b1b6-7393-4005-a5ad-9381386148a3,
Billed Duration for Request 8324b1b6-7393-4005-a5ad-9381386148a3: 498 ms
Input: 5250000,
Cold Start: false
Unique ID: 04979f1b-8023-4faa-bd65-f7e573355948,
Billed Duration for Request 04979f1b-8023-4faa-bd65-f7e573355948: 538 ms
Input: 5250000,
Cold Start: false
Unique ID: 7e8be44b-1154-4410-828e-bc6d6cc8ef73,
Billed Duration for Request 7e8be44b-1154-4410-828e-bc6d6cc8ef73: 496 ms
Input: 5250000,
Cold Start: false
Unique ID: 986f23ca-2c12-4189-89f8-08795e592780,
Billed Duration for Request 986f23ca-2c12-4189-89f8-08795e592780: 508 ms
Input: 5250000,
Cold Start: false
Unique ID: eb0bc8ee-16cb-4dec-8416-6f489009dbd7,
Billed Duration for Request eb0bc8ee-16cb-4dec-8416-6f489009dbd7: 538 ms
Input: 5250000,
Cold Start: false
Unique ID: 8bb6e350-b007-49b4-be9e-cf102a7c9e8b,
Billed Duration for Request 8bb6e350-b007-49b4-be9e-cf102a7c9e8b: 536 ms
Input: 5250000,
Cold Start: false
Unique ID: 67e2bcba-c47d-4395-b87b-5eb5bd1fda1f,
Billed Duration for Request 67e2bcba-c47d-4395-b87b-5eb5bd1fda1f: 518 ms
Input: 5250000,
Cold Start: false
Unique ID: 85789adb-aba9-4162-9cbf-32a9244a09ae,
Billed Duration for Request 85789adb-aba9-4162-9cbf-32a9244a09ae: 498 ms
Input: 5250000,
Cold Start: false
Unique ID: f4509949-6eb0-43d6-b015-419cc26497fa,
Billed Duration for Request f4509949-6eb0-43d6-b015-419cc26497fa: 534 ms
Input: 5250000,
Cold Start: false
Unique ID: 36b8a9e4-45cb-4409-85a3-17abb2f119ef,
Billed Duration for Request 36b8a9e4-45cb-4409-85a3-17abb2f119ef: 493 ms
Input: 5250000,
Cold Start: false
Unique ID: 46396266-57fc-44a5-946f-54b2dea8a74c,
Billed Duration for Request 46396266-57fc-44a5-946f-54b2dea8a74c: 498 ms
Input: 5250000,
Cold Start: false
Unique ID: 25eb82ac-5f9a-4e09-b42e-f92626510011,
Billed Duration for Request 25eb82ac-5f9a-4e09-b42e-f92626510011: 528 ms
Input: 5250000,
Cold Start: false
Unique ID: 779d33bd-511c-48b9-bad4-5fad6a4383b4,
Billed Duration for Request 779d33bd-511c-48b9-bad4-5fad6a4383b4: 494 ms
Input: 5250000,
Cold Start: false
Unique ID: 02529462-b86d-4425-bfc3-68ba9a48180b,
Billed Duration for Request 02529462-b86d-4425-bfc3-68ba9a48180b: 506 ms
Input: 5250000,
Cold Start: false
Unique ID: ab458760-bbc1-4c10-8f71-38d1fdb6f03b,
Billed Duration for Request ab458760-bbc1-4c10-8f71-38d1fdb6f03b: 545 ms
Input: 5250000,
Cold Start: false
Unique ID: 4fbf1898-51a1-4be0-8534-f04e224c293d,
Billed Duration for Request 4fbf1898-51a1-4be0-8534-f04e224c293d: 542 ms
Input: 5250000,
Cold Start: false
Unique ID: b438d997-72ba-4902-9624-25abc086a3a5,
Billed Duration for Request b438d997-72ba-4902-9624-25abc086a3a5: 516 ms
Input: 5250000,
Cold Start: false
Unique ID: 9fd40cdd-606c-4ef5-a9cf-0be09e8dcb3b,
Billed Duration for Request 9fd40cdd-606c-4ef5-a9cf-0be09e8dcb3b: 490 ms
Input: 5250000,
Cold Start: false
Unique ID: c8350a24-7dd2-4fde-8ef2-0bc2f9bb6a93,
Billed Duration for Request c8350a24-7dd2-4fde-8ef2-0bc2f9bb6a93: 539 ms
Input: 5250000,
Cold Start: false
Unique ID: b9673c8b-ff9f-4ab0-be68-853aa834f3b4,
Billed Duration for Request b9673c8b-ff9f-4ab0-be68-853aa834f3b4: 493 ms
Input: 5250000,
Cold Start: false
Unique ID: ffd9e577-c1eb-4b19-a679-062c1307d70b,
Billed Duration for Request ffd9e577-c1eb-4b19-a679-062c1307d70b: 493 ms
Input: 5250000,
Cold Start: false
Unique ID: 19e0e75e-81ce-4de7-9952-ed42568ca5e8,
Billed Duration for Request 19e0e75e-81ce-4de7-9952-ed42568ca5e8: 538 ms
Input: 5250000,
Cold Start: false
Unique ID: d4740179-93e4-4804-b4b4-b9b32d4723fe,
Billed Duration for Request d4740179-93e4-4804-b4b4-b9b32d4723fe: 501 ms
Input: 5250000,
Cold Start: false
Unique ID: 3459a752-8964-4bab-adb9-fe6998e289d8,
Billed Duration for Request 3459a752-8964-4bab-adb9-fe6998e289d8: 516 ms
Input: 5250000,
Cold Start: false
Unique ID: 1ee27689-e977-45ec-97f4-194064e1932c,
Billed Duration for Request 1ee27689-e977-45ec-97f4-194064e1932c: 536 ms
Input: 5250000,
Cold Start: false
Unique ID: 4a5bcedd-081a-4d82-9f2c-b1c3a09872f3,
Billed Duration for Request 4a5bcedd-081a-4d82-9f2c-b1c3a09872f3: 540 ms
Input: 5250000,
Cold Start: false
Unique ID: 696f36d6-5384-4dcf-bfc1-0d5d1070cb18,
Billed Duration for Request 696f36d6-5384-4dcf-bfc1-0d5d1070cb18: 516 ms
Input: 5250000,
Cold Start: false
Unique ID: 03dbc044-a9dd-4efa-bee5-3a024dbbebd6,
Billed Duration for Request 03dbc044-a9dd-4efa-bee5-3a024dbbebd6: 498 ms
Input: 5250000,
Cold Start: false
Unique ID: 36f7f2b8-556d-4b25-8f04-c958e94d55e0,
Billed Duration for Request 36f7f2b8-556d-4b25-8f04-c958e94d55e0: 536 ms
Input: 5250000,
Cold Start: false
Unique ID: ddd32d7f-358e-460b-8369-fd7308ef0496,
Billed Duration for Request ddd32d7f-358e-460b-8369-fd7308ef0496: 500 ms
Input: 5250000,
Cold Start: false
Unique ID: 8713e56c-7da3-455b-9b7f-235da0b38c1d,
Billed Duration for Request 8713e56c-7da3-455b-9b7f-235da0b38c1d: 492 ms
Input: 5250000,
Cold Start: false
Unique ID: f4e5bf07-986c-4094-9c27-224520e1a0e1,
Billed Duration for Request f4e5bf07-986c-4094-9c27-224520e1a0e1: 538 ms
Input: 5250000,
Cold Start: false
Unique ID: d9b952e9-426c-4cad-964f-40635598a964,
Billed Duration for Request d9b952e9-426c-4cad-964f-40635598a964: 498 ms
Input: 5250000,
Cold Start: false
Unique ID: 2830b54f-f588-4bb6-bafd-575dbd496a77,
Billed Duration for Request 2830b54f-f588-4bb6-bafd-575dbd496a77: 508 ms
Input: 5250000,
Cold Start: false
Unique ID: 3b3de7b3-5fe8-4aed-9dd5-80d3e839b282,
Billed Duration for Request 3b3de7b3-5fe8-4aed-9dd5-80d3e839b282: 529 ms
Input: 5250000,
Cold Start: false
Unique ID: 2d3f8ffa-54d7-4608-ba35-8aa465012100,
Billed Duration for Request 2d3f8ffa-54d7-4608-ba35-8aa465012100: 544 ms
Input: 5250000,
Cold Start: false
Unique ID: 1b12d035-42c2-4192-88df-10900711522c,
Billed Duration for Request 1b12d035-42c2-4192-88df-10900711522c: 513 ms
Input: 5250000,
Cold Start: false
Unique ID: 323b92c7-8e66-41ce-9252-fbb9e4518b95,
Billed Duration for Request 323b92c7-8e66-41ce-9252-fbb9e4518b95: 495 ms
Input: 5250000,
Cold Start: false
Unique ID: 11ac1756-96ae-45ca-acf6-fdf608e8ba43,
Billed Duration for Request 11ac1756-96ae-45ca-acf6-fdf608e8ba43: 536 ms
Input: 5250000,
Cold Start: false
Unique ID: 9d0c8ce9-8959-42cd-9010-9c86b33bfdcc,
Billed Duration for Request 9d0c8ce9-8959-42cd-9010-9c86b33bfdcc: 493 ms
Input: 5250000,
Cold Start: false
Unique ID: eff6588b-291c-4773-89b8-d8cbcbbc5c10,
Billed Duration for Request eff6588b-291c-4773-89b8-d8cbcbbc5c10: 497 ms
Input: 5250000,
Cold Start: false
Unique ID: 2bbd536c-2566-45df-9213-af284638de4b,
Billed Duration for Request 2bbd536c-2566-45df-9213-af284638de4b: 537 ms
Input: 5250000,
Cold Start: false
Unique ID: 4c4f48ba-c376-4066-9b1d-d2aa2bdf68bc,
Billed Duration for Request 4c4f48ba-c376-4066-9b1d-d2aa2bdf68bc: 498 ms
Input: 5250000,
Cold Start: false
Unique ID: 04557d6b-fab5-4e7d-932b-82f220f6bf26,
Billed Duration for Request 04557d6b-fab5-4e7d-932b-82f220f6bf26: 512 ms
Input: 5250000,
Cold Start: false
Unique ID: 18c06e15-b767-4b5d-942e-3290b9e3b4fe,
Billed Duration for Request 18c06e15-b767-4b5d-942e-3290b9e3b4fe: 557 ms
Input: 5250000,
Cold Start: false
Unique ID: 1eabcca2-d8fb-4a60-a8ed-13e44cf050e6,
Billed Duration for Request 1eabcca2-d8fb-4a60-a8ed-13e44cf050e6: 540 ms
Input: 5250000,
Cold Start: false
Unique ID: 8e049fac-e434-462e-a190-b1578f6e4bce,
Billed Duration for Request 8e049fac-e434-462e-a190-b1578f6e4bce: 515 ms
Input: 5250000,
Cold Start: false
Unique ID: 90237cee-3b5b-446e-af6b-c9884b661828,
Billed Duration for Request 90237cee-3b5b-446e-af6b-c9884b661828: 497 ms
Input: 5250000,
Cold Start: false
Unique ID: 4595664c-f119-4c50-b2ae-9b747acae0d1,
Billed Duration for Request 4595664c-f119-4c50-b2ae-9b747acae0d1: 536 ms
Input: 5250000,
Cold Start: false
Unique ID: 96da855c-76f8-4169-8957-5a0487d1c7ab,
Billed Duration for Request 96da855c-76f8-4169-8957-5a0487d1c7ab: 493 ms
Input: 5250000,
Cold Start: false
Unique ID: ce3a921a-f0fd-4ab3-bbc8-8ffe93b0979f,
Billed Duration for Request ce3a921a-f0fd-4ab3-bbc8-8ffe93b0979f: 492 ms
Input: 5250000,
Cold Start: false
Unique ID: 59fc57d7-3800-4f1d-946a-8385455b998b,
Billed Duration for Request 59fc57d7-3800-4f1d-946a-8385455b998b: 536 ms
Input: 5250000,
Cold Start: false
Unique ID: 5a1d09d3-ebc8-4e59-b927-bb21172a7410,
Billed Duration for Request 5a1d09d3-ebc8-4e59-b927-bb21172a7410: 494 ms
Input: 5250000,
Cold Start: false
Unique ID: bfa75e3e-d9b1-4609-821d-6914d559e147,
Billed Duration for Request bfa75e3e-d9b1-4609-821d-6914d559e147: 506 ms
Input: 5250000,
Cold Start: false
Unique ID: f06e8acf-7c7f-4e70-b3c1-512ed9a8b983,
Billed Duration for Request f06e8acf-7c7f-4e70-b3c1-512ed9a8b983: 531 ms
Input: 5250000,
Cold Start: false
Unique ID: 5b20c2a3-02fe-42ef-9ef2-7c047d9dbeaa,
Billed Duration for Request 5b20c2a3-02fe-42ef-9ef2-7c047d9dbeaa: 543 ms
Input: 5250000,
Cold Start: false
Unique ID: 1d63ab10-261a-460a-a32b-8e0d67a5745f,
Billed Duration for Request 1d63ab10-261a-460a-a32b-8e0d67a5745f: 495 ms
Input: 5250000,
Cold Start: false
Unique ID: 2f891cce-92e7-4355-a2e7-953fa3511fef,
Billed Duration for Request 2f891cce-92e7-4355-a2e7-953fa3511fef: 498 ms
Input: 5250000,
Cold Start: false
Unique ID: 38063177-2d75-48b6-bad0-15b10373c40c,
Billed Duration for Request 38063177-2d75-48b6-bad0-15b10373c40c: 539 ms
Input: 5250000,
Cold Start: false
Unique ID: 486306ce-4981-4754-878b-c7c2615ef832,
Billed Duration for Request 486306ce-4981-4754-878b-c7c2615ef832: 494 ms
Input: 5250000,
Cold Start: false
Unique ID: ea084f6a-9df4-4906-9a31-72104766a79b,
Billed Duration for Request ea084f6a-9df4-4906-9a31-72104766a79b: 493 ms
Input: 5250000,
Cold Start: false
Unique ID: dd15580f-05af-46f4-a080-3e1d6f22754f,
Billed Duration for Request dd15580f-05af-46f4-a080-3e1d6f22754f: 540 ms
Input: 5250000,
Cold Start: false
Unique ID: 893e9da9-e7d4-4944-8e81-6ac294b45bdd,
Billed Duration for Request 893e9da9-e7d4-4944-8e81-6ac294b45bdd: 515 ms
Input: 5250000,
Cold Start: false
Unique ID: 66108dc6-9c25-483d-882a-46b4796ce469,
Billed Duration for Request 66108dc6-9c25-483d-882a-46b4796ce469: 494 ms
Input: 5250000,
Cold Start: false
Unique ID: 94c4e278-305e-4993-a51e-d7e726e6f69a,
Billed Duration for Request 94c4e278-305e-4993-a51e-d7e726e6f69a: 554 ms
Input: 5250000,
Cold Start: false
Unique ID: da9f8e38-20a5-4952-a79d-468e6fe6ad2e,
Billed Duration for Request da9f8e38-20a5-4952-a79d-468e6fe6ad2e: 538 ms
Input: 5250000,
Cold Start: false
Unique ID: 459b899c-ffc7-4442-b00a-ff7e163e1003,
Billed Duration for Request 459b899c-ffc7-4442-b00a-ff7e163e1003: 512 ms
Input: 5250000,
Cold Start: false
Unique ID: e617ebe1-242c-4d2b-beb1-d3b790c3bebb,
Billed Duration for Request e617ebe1-242c-4d2b-beb1-d3b790c3bebb: 498 ms
Input: 5250000,
Cold Start: false
Unique ID: c5d46f49-b14b-4d5e-beec-5e2a7a9e86f3,
Billed Duration for Request c5d46f49-b14b-4d5e-beec-5e2a7a9e86f3: 534 ms
Input: 5250000,
Cold Start: false
Unique ID: 69bb1c63-2b29-4c1c-b910-9769e45a6684,
Billed Duration for Request 69bb1c63-2b29-4c1c-b910-9769e45a6684: 498 ms
Input: 5250000,
Cold Start: false
Unique ID: c0380e62-6932-45f2-ac31-3c8a1921c857,
Billed Duration for Request c0380e62-6932-45f2-ac31-3c8a1921c857: 492 ms
Input: 5250000,
Cold Start: false
Unique ID: aa1c50fc-549f-414e-8186-03bba4e7d24b,
Billed Duration for Request aa1c50fc-549f-414e-8186-03bba4e7d24b: 534 ms
Input: 5250000,
Cold Start: false
Unique ID: 901a61e7-2d83-48a9-a7fc-920ffd0311ac,
Billed Duration for Request 901a61e7-2d83-48a9-a7fc-920ffd0311ac: 502 ms
Input: 5250000,
Cold Start: false
Unique ID: 2201dc3f-a965-416d-83c1-5822b0ef600a,
Billed Duration for Request 2201dc3f-a965-416d-83c1-5822b0ef600a: 507 ms
Input: 5250000,
Cold Start: false
Unique ID: 5d7eba31-fee1-4393-ad23-3b526fb7a4a6,
Billed Duration for Request 5d7eba31-fee1-4393-ad23-3b526fb7a4a6: 542 ms
Input: 5250000,
Cold Start: false
Unique ID: 39056771-7789-4dab-a6b3-0d817bca0e00,
Billed Duration for Request 39056771-7789-4dab-a6b3-0d817bca0e00: 514 ms
Input: 5250000,
Cold Start: false
Unique ID: b54ef1fd-e130-4784-b71d-6811c1f6df9f,
Billed Duration for Request b54ef1fd-e130-4784-b71d-6811c1f6df9f: 558 ms
Input: 5250000,
Cold Start: false
Unique ID: 6371dc73-0eb6-4644-a371-3bda32368118,
Billed Duration for Request 6371dc73-0eb6-4644-a371-3bda32368118: 498 ms
Input: 5250000,
Cold Start: false
Unique ID: da0c8045-748f-4c43-8ef5-652926ca219f,
Billed Duration for Request da0c8045-748f-4c43-8ef5-652926ca219f: 492 ms
Input: 5250000,
Cold Start: false
Unique ID: a9bd7539-222f-474c-b507-e1cb8fb2a2db,
Billed Duration for Request a9bd7539-222f-474c-b507-e1cb8fb2a2db: 533 ms
Input: 5250000,
Cold Start: false
Unique ID: 7c71f850-2f5e-4e65-b369-75b282b900d0,
Billed Duration for Request 7c71f850-2f5e-4e65-b369-75b282b900d0: 493 ms
Input: 5250000,
Cold Start: false
Unique ID: 3c146547-5c57-4e86-86c6-2c0b11285309,
Billed Duration for Request 3c146547-5c57-4e86-86c6-2c0b11285309: 540 ms
Input: 5250000,
Cold Start: false
Unique ID: 2447d373-11d6-4209-8c9c-db96fd627eb2,
Billed Duration for Request 2447d373-11d6-4209-8c9c-db96fd627eb2: 494 ms
Input: 5250000,
Cold Start: false
Unique ID: 431eab0f-b6bc-4302-a2f0-92d75a7d5f88,
Billed Duration for Request 431eab0f-b6bc-4302-a2f0-92d75a7d5f88: 506 ms
Input: 5250000,
Cold Start: false
Unique ID: 7cd84d13-2071-4313-9fd1-5d3fcd827006,
Billed Duration for Request 7cd84d13-2071-4313-9fd1-5d3fcd827006: 533 ms
Input: 5250000,
Cold Start: false
Unique ID: b345b849-4a8e-416f-af82-86a7051ab9f0,
Billed Duration for Request b345b849-4a8e-416f-af82-86a7051ab9f0: 545 ms
Input: 5250000,
Cold Start: false
Unique ID: a2a126c4-c504-4242-a56c-2cd44cff7daa,
Billed Duration for Request a2a126c4-c504-4242-a56c-2cd44cff7daa: 499 ms
Input: 5250000,
Cold Start: false
Unique ID: 5c3cfbf8-5e99-40ac-bc46-1a4aa126d199,
Billed Duration for Request 5c3cfbf8-5e99-40ac-bc46-1a4aa126d199: 494 ms
Input: 5250000,
Cold Start: false
Unique ID: dc7b2bd5-7a2c-4c36-ae89-221a2c88ec5e,
Billed Duration for Request dc7b2bd5-7a2c-4c36-ae89-221a2c88ec5e: 531 ms
Input: 5250000,
Cold Start: false
Unique ID: 6c966f29-20fc-492e-99b5-a7715eeb556e,
Billed Duration for Request 6c966f29-20fc-492e-99b5-a7715eeb556e: 493 ms
Input: 5250000,
Cold Start: false
Unique ID: e7770745-ba77-4da8-af27-0f6254be97f9,
Billed Duration for Request e7770745-ba77-4da8-af27-0f6254be97f9: 492 ms
Input: 5250000,
Cold Start: false
Unique ID: 23ee5b6d-d2c7-4bb6-bdd7-9b37d158fa9a,
Billed Duration for Request 23ee5b6d-d2c7-4bb6-bdd7-9b37d158fa9a: 533 ms
Input: 5250000,
Cold Start: false
Unique ID: e1f215aa-dcf0-43e5-9483-ea493758de7c,
Billed Duration for Request e1f215aa-dcf0-43e5-9483-ea493758de7c: 494 ms
Input: 5250000,
Cold Start: false
Unique ID: 3e80bd91-28f9-40be-89b5-4d7909b9f47d,
Billed Duration for Request 3e80bd91-28f9-40be-89b5-4d7909b9f47d: 524 ms
Input: 5250000,
Cold Start: false
Unique ID: 796da963-6545-48bb-b882-7375a4821a34,
Billed Duration for Request 796da963-6545-48bb-b882-7375a4821a34: 540 ms
Input: 5250000,
Cold Start: false
Unique ID: c1f22f2a-82ad-415d-ab32-0c5091256db3,
Billed Duration for Request c1f22f2a-82ad-415d-ab32-0c5091256db3: 561 ms
Input: 5250000,
Cold Start: false
Unique ID: 5bd82b1e-21de-433f-8054-c368d88e2afe,
Billed Duration for Request 5bd82b1e-21de-433f-8054-c368d88e2afe: 496 ms
Input: 5250000,
Cold Start: false
Unique ID: 2791ed91-c680-4873-b33a-216dc9306be0,
Billed Duration for Request 2791ed91-c680-4873-b33a-216dc9306be0: 498 ms
Input: 5250000,
Cold Start: false
Unique ID: 51e65efb-6cf1-4234-b25c-e1eccb032327,
Billed Duration for Request 51e65efb-6cf1-4234-b25c-e1eccb032327: 548 ms
Input: 5250000,
Cold Start: false
Unique ID: 9f95aaae-ecf2-4146-b9a4-73ff29dd0c43,
Billed Duration for Request 9f95aaae-ecf2-4146-b9a4-73ff29dd0c43: 492 ms
Input: 5250000,
Cold Start: false
Unique ID: 66964c62-666a-4835-ba74-f1a9857a932e,
Billed Duration for Request 66964c62-666a-4835-ba74-f1a9857a932e: 493 ms
Input: 5250000,
Cold Start: false
Unique ID: 0033cf39-1d00-4a9e-9af2-8c83da842548,
Billed Duration for Request 0033cf39-1d00-4a9e-9af2-8c83da842548: 539 ms
Input: 5250000,
Cold Start: false
Unique ID: eb643b47-89ca-4fad-a408-98260eb3d212,
Billed Duration for Request eb643b47-89ca-4fad-a408-98260eb3d212: 499 ms
Input: 5250000,
Cold Start: false
Unique ID: e5f7ad1a-cb98-45a7-ba2f-2520ea672932,
Billed Duration for Request e5f7ad1a-cb98-45a7-ba2f-2520ea672932: 509 ms
Input: 5250000,
Cold Start: false
Unique ID: 83aaab66-8af4-403d-b001-fe7d76faa99a,
Billed Duration for Request 83aaab66-8af4-403d-b001-fe7d76faa99a: 534 ms
Input: 5250000,
Cold Start: false
Unique ID: 4ebfa29b-6f4b-4d46-b6a8-4e77a67030e5,
Billed Duration for Request 4ebfa29b-6f4b-4d46-b6a8-4e77a67030e5: 544 ms
Input: 5250000,
Cold Start: false
Unique ID: 11e8a273-124a-49a3-add9-199a01e9d125,
Billed Duration for Request 11e8a273-124a-49a3-add9-199a01e9d125: 498 ms
Input: 5250000,
Cold Start: false
Unique ID: 6512c8bc-ee8e-4373-8c86-41c00699ba80,
Billed Duration for Request 6512c8bc-ee8e-4373-8c86-41c00699ba80: 494 ms
Input: 5250000,
Cold Start: false
Unique ID: 623c0926-b907-4cf1-b449-198a429a8d18,
Billed Duration for Request 623c0926-b907-4cf1-b449-198a429a8d18: 540 ms
Input: 5250000,
Cold Start: false
Unique ID: e24deada-e576-44a4-8ed7-257a1cf82d45,
Billed Duration for Request e24deada-e576-44a4-8ed7-257a1cf82d45: 493 ms
Input: 5250000,
Cold Start: false
Unique ID: 42680aa3-852b-4235-8ead-4d0e918b9cf3,
Billed Duration for Request 42680aa3-852b-4235-8ead-4d0e918b9cf3: 497 ms
Input: 5250000,
Cold Start: false
Unique ID: 2dc6453e-d96f-4f52-93ca-c7c20ecc3e76,
Billed Duration for Request 2dc6453e-d96f-4f52-93ca-c7c20ecc3e76: 537 ms
Input: 5250000,
Cold Start: false
Unique ID: 1dff0ea9-c672-47ec-a2e9-21eb0c8880a6,
Billed Duration for Request 1dff0ea9-c672-47ec-a2e9-21eb0c8880a6: 492 ms
Input: 5250000,
Cold Start: false
Unique ID: c0dae4f1-6461-47e8-a1a0-06e4b77c1cc3,
Billed Duration for Request c0dae4f1-6461-47e8-a1a0-06e4b77c1cc3: 494 ms
Input: 5250000,
Cold Start: false
Unique ID: fd878bca-4465-44b9-8665-2496b7859cb2,
Billed Duration for Request fd878bca-4465-44b9-8665-2496b7859cb2: 534 ms
Input: 5250000,
Cold Start: false
Unique ID: 88c2a378-a64d-40c0-af47-ff75077f9c24,
Billed Duration for Request 88c2a378-a64d-40c0-af47-ff75077f9c24: 543 ms
Input: 5250000,
Cold Start: false
Unique ID: 1d881858-b902-46ad-a3a0-3305bc2d68fc,
Billed Duration for Request 1d881858-b902-46ad-a3a0-3305bc2d68fc: 498 ms
Input: 5250000,
Cold Start: false
Unique ID: 552b5833-5f5c-4206-b969-f9931a7be10c,
Billed Duration for Request 552b5833-5f5c-4206-b969-f9931a7be10c: 495 ms
Input: 5250000,
Cold Start: false
Unique ID: 7a0d331c-2410-49e7-824a-5bf4157c02e0,
Billed Duration for Request 7a0d331c-2410-49e7-824a-5bf4157c02e0: 532 ms
Input: 5250000,
Cold Start: false
Unique ID: bd429399-467b-4a2e-bf7f-740f133cf5e7,
Billed Duration for Request bd429399-467b-4a2e-bf7f-740f133cf5e7: 493 ms
Input: 5250000,
Cold Start: false
Unique ID: 728f5dce-db94-4fa9-afee-7710af0fc998,
Billed Duration for Request 728f5dce-db94-4fa9-afee-7710af0fc998: 494 ms
Input: 5250000,
Cold Start: false
Unique ID: 703a1afb-ea3b-4089-86c8-b34e0e81e8a8,
Billed Duration for Request 703a1afb-ea3b-4089-86c8-b34e0e81e8a8: 534 ms
Input: 5250000,
Cold Start: false
Unique ID: 3b42c7a3-e7bf-4a6d-8d4d-5c9bab098b78,
Billed Duration for Request 3b42c7a3-e7bf-4a6d-8d4d-5c9bab098b78: 495 ms
Input: 5250000,
Cold Start: false
Unique ID: 33e91776-b131-480b-8080-e0a20c4f4a40,
Billed Duration for Request 33e91776-b131-480b-8080-e0a20c4f4a40: 508 ms
Input: 5250000,
Cold Start: false
Unique ID: f7b37cf3-7baa-4c6e-b617-4f6c525802b0,
Billed Duration for Request f7b37cf3-7baa-4c6e-b617-4f6c525802b0: 533 ms
Input: 5250000,
Cold Start: false
Unique ID: 08cc1f84-d38d-4cda-b852-6e7ea40d57e8,
Billed Duration for Request 08cc1f84-d38d-4cda-b852-6e7ea40d57e8: 541 ms
Input: 5250000,
Cold Start: false
Unique ID: 85539c58-6c17-457f-b123-4a3b4d390ec0,
Billed Duration for Request 85539c58-6c17-457f-b123-4a3b4d390ec0: 503 ms
Input: 5250000,
Cold Start: false
Unique ID: 5b78d769-b320-4973-9391-5b630dacc99b,
Billed Duration for Request 5b78d769-b320-4973-9391-5b630dacc99b: 513 ms
Input: 5250000,
Cold Start: false
Unique ID: f2badeba-3023-4a29-a532-6ea834d20376,
Billed Duration for Request f2badeba-3023-4a29-a532-6ea834d20376: 494 ms
Input: 5250000,
Cold Start: false
Unique ID: e7b3770d-2e0b-4291-9285-b73c183be41e,
Billed Duration for Request e7b3770d-2e0b-4291-9285-b73c183be41e: 535 ms
Input: 5250000,
Cold Start: false
Unique ID: 8c8d1dd3-28e7-4367-93fa-b9cd37ad2316,
Billed Duration for Request 8c8d1dd3-28e7-4367-93fa-b9cd37ad2316: 529 ms
Input: 5250000,
Cold Start: false
Unique ID: 9972829a-4186-4738-9bcf-caffb110654e,
Billed Duration for Request 9972829a-4186-4738-9bcf-caffb110654e: 488 ms
Input: 5250000,
Cold Start: false
Unique ID: 0aac7ba4-039a-4091-a8b4-35e04b30bdd6,
Billed Duration for Request 0aac7ba4-039a-4091-a8b4-35e04b30bdd6: 499 ms
Input: 5250000,
Cold Start: false
Unique ID: 7601e426-1dd4-414d-bc71-5b315c183979,
Billed Duration for Request 7601e426-1dd4-414d-bc71-5b315c183979: 510 ms
Input: 5250000,
Cold Start: false
Unique ID: 8dd4f007-5e4e-49fd-85a7-2f3ccf91c741,
Billed Duration for Request 8dd4f007-5e4e-49fd-85a7-2f3ccf91c741: 533 ms
Input: 5250000,
Cold Start: false
Unique ID: 3c78ba92-ba3f-4c96-b46e-6aa0e23bb0b9,
Billed Duration for Request 3c78ba92-ba3f-4c96-b46e-6aa0e23bb0b9: 542 ms
Input: 5250000,
Cold Start: false
Unique ID: f66d770a-5d4d-440f-bfa4-d4608be83592,
Billed Duration for Request f66d770a-5d4d-440f-bfa4-d4608be83592: 502 ms
Input: 5250000,
Cold Start: false
Unique ID: 37fcd3fb-116e-4979-9bd0-b57450c5b9d7,
Billed Duration for Request 37fcd3fb-116e-4979-9bd0-b57450c5b9d7: 495 ms
Input: 5250000,
Cold Start: false
Unique ID: fc495671-a26b-4258-9295-e7e5f18d56e2,
Billed Duration for Request fc495671-a26b-4258-9295-e7e5f18d56e2: 506 ms
Input: 5250000,
Cold Start: false
Unique ID: 75122226-c3f9-4986-899b-7a6b907615ea,
Billed Duration for Request 75122226-c3f9-4986-899b-7a6b907615ea: 537 ms
Input: 5250000,
Cold Start: false
Unique ID: f2634c71-02bd-46d6-b83d-1f46b09c6360,
Billed Duration for Request f2634c71-02bd-46d6-b83d-1f46b09c6360: 529 ms
Input: 5250000,
Cold Start: false
Unique ID: d1bd57a1-1e41-4f40-917c-a945557807ee,
Billed Duration for Request d1bd57a1-1e41-4f40-917c-a945557807ee: 503 ms
Input: 5250000,
Cold Start: false
Unique ID: 7c4134c7-d9cf-4f90-8e2e-41914925087d,
Billed Duration for Request 7c4134c7-d9cf-4f90-8e2e-41914925087d: 517 ms
Input: 5250000,
Cold Start: false
Unique ID: eab818de-5dc3-4a44-8295-d3ccb8897b6f,
Billed Duration for Request eab818de-5dc3-4a44-8295-d3ccb8897b6f: 501 ms
Input: 5250000,
Cold Start: false
Unique ID: dd61dc51-6457-45ba-9f61-f1a064aa66d5,
Billed Duration for Request dd61dc51-6457-45ba-9f61-f1a064aa66d5: 543 ms
Input: 5250000,
Cold Start: false
Unique ID: 32dab177-8792-431f-ba19-d10e7d98cbeb,
Billed Duration for Request 32dab177-8792-431f-ba19-d10e7d98cbeb: 498 ms
Input: 5250000,
Cold Start: false
Unique ID: 45f431f0-e86a-4e14-9b81-de4949c59b89,
Billed Duration for Request 45f431f0-e86a-4e14-9b81-de4949c59b89: 544 ms
Input: 5250000,
Cold Start: false
Unique ID: a1c17b70-3cbd-49a6-9927-b81c1aa80ab2,
Billed Duration for Request a1c17b70-3cbd-49a6-9927-b81c1aa80ab2: 494 ms
Input: 5250000,
Cold Start: false
Unique ID: b1935498-b016-4b6b-bafd-6cdc2192cc39,
Billed Duration for Request b1935498-b016-4b6b-bafd-6cdc2192cc39: 506 ms
Input: 5250000,
Cold Start: false
Unique ID: 74c441ae-75a0-498c-ba0a-3ba14b26c503,
Billed Duration for Request 74c441ae-75a0-498c-ba0a-3ba14b26c503: 543 ms
Input: 5250000,
Cold Start: false
Unique ID: 95662b8a-da35-46c7-be9e-83bbb62b603f,
Billed Duration for Request 95662b8a-da35-46c7-be9e-83bbb62b603f: 509 ms
Input: 5250000,
Cold Start: false
Unique ID: 3e5c8291-1c0a-4827-b1c4-71a3156ee03d,
Billed Duration for Request 3e5c8291-1c0a-4827-b1c4-71a3156ee03d: 530 ms
Input: 5250000,
Cold Start: false
Unique ID: b321dca3-a9c9-4fc5-8e92-63f10f259a68,
Billed Duration for Request b321dca3-a9c9-4fc5-8e92-63f10f259a68: 503 ms
Input: 5250000,
Cold Start: false
Unique ID: 2c8f2f8a-b16c-4e14-aa8f-36b70020084d,
Billed Duration for Request 2c8f2f8a-b16c-4e14-aa8f-36b70020084d: 498 ms
Input: 5250000,
Cold Start: false
Unique ID: bd57a102-6c7f-4285-a2a3-ba40eb1224e5,
Billed Duration for Request bd57a102-6c7f-4285-a2a3-ba40eb1224e5: 536 ms
Input: 5250000,
Cold Start: false
Unique ID: 884e1b21-2759-4065-a7de-a6df6ce666c0,
Billed Duration for Request 884e1b21-2759-4065-a7de-a6df6ce666c0: 544 ms
Input: 5250000,
Cold Start: false
Unique ID: fc1c3a87-665d-4d8a-9539-da4768edfa9e,
Billed Duration for Request fc1c3a87-665d-4d8a-9539-da4768edfa9e: 502 ms
Input: 5250000,
Cold Start: false
Unique ID: eecb67a7-eaee-4a79-b5a1-e919fd19b622,
Billed Duration for Request eecb67a7-eaee-4a79-b5a1-e919fd19b622: 520 ms
Input: 5250000,
Cold Start: false
Unique ID: 1403e20d-e883-4a21-a7fa-b703832522b7,
Billed Duration for Request 1403e20d-e883-4a21-a7fa-b703832522b7: 506 ms
Input: 5250000,
Cold Start: false
Unique ID: fe8e0bc8-200f-4c67-b7b1-53d320bfb0ad,
Billed Duration for Request fe8e0bc8-200f-4c67-b7b1-53d320bfb0ad: 528 ms
Input: 5250000,
Cold Start: false
Unique ID: 733f2e55-7bae-41e8-a686-bce00012af4a,
Billed Duration for Request 733f2e55-7bae-41e8-a686-bce00012af4a: 494 ms
Input: 5250000,
Cold Start: false
Unique ID: 8e148355-d2bc-4f55-8277-4ac10ca388fc,
Billed Duration for Request 8e148355-d2bc-4f55-8277-4ac10ca388fc: 530 ms
Input: 5250000,
Cold Start: false
Unique ID: 43553674-b83f-40a1-9beb-d94cdd7bd7e4,
Billed Duration for Request 43553674-b83f-40a1-9beb-d94cdd7bd7e4: 499 ms
Input: 5250000,
Cold Start: false
Unique ID: 034c6dcb-b717-4ecc-8275-273cd95cd6cc,
Billed Duration for Request 034c6dcb-b717-4ecc-8275-273cd95cd6cc: 499 ms
Input: 5250000,
Cold Start: false
Unique ID: ad358e77-285e-41ef-9881-9342bd9d0e2c,
Billed Duration for Request ad358e77-285e-41ef-9881-9342bd9d0e2c: 547 ms
Input: 5250000,
Cold Start: false
Unique ID: e1081f2d-c5e8-4272-af80-ae2002f47f21,
Billed Duration for Request e1081f2d-c5e8-4272-af80-ae2002f47f21: 542 ms
Input: 5250000,
Cold Start: false
Unique ID: f40aa0d1-7355-47b9-b11f-be03d7bcb4d6,
Billed Duration for Request f40aa0d1-7355-47b9-b11f-be03d7bcb4d6: 498 ms
Input: 5250000,
Cold Start: false
Unique ID: 0cc2b050-0eda-487b-8294-c05ce759462c,
Billed Duration for Request 0cc2b050-0eda-487b-8294-c05ce759462c: 516 ms
Input: 5250000,
Cold Start: false
Unique ID: de44c600-5491-4692-a0b9-cc95013be66c,
Billed Duration for Request de44c600-5491-4692-a0b9-cc95013be66c: 539 ms
Input: 5250000,
Cold Start: false
Unique ID: 2d43d9bb-f5d4-48c4-aac8-f4ff0d08e78d,
Billed Duration for Request 2d43d9bb-f5d4-48c4-aac8-f4ff0d08e78d: 497 ms
Input: 5250000,
Cold Start: false
Unique ID: db2cb70a-ed3c-4c5f-a93b-a25f0bd4c1f0,
Billed Duration for Request db2cb70a-ed3c-4c5f-a93b-a25f0bd4c1f0: 495 ms
Input: 5250000,
Cold Start: false
Unique ID: 68e3868b-057e-4e73-a6d7-40489273c3c7,
Billed Duration for Request 68e3868b-057e-4e73-a6d7-40489273c3c7: 538 ms
Input: 5250000,
Cold Start: false
Unique ID: 3801ac2f-b5ef-49da-9bd3-39a8a092ad23,
Billed Duration for Request 3801ac2f-b5ef-49da-9bd3-39a8a092ad23: 503 ms
Input: 5250000,
Cold Start: false
Unique ID: 71074a5b-23c4-4d05-83a2-914af7486cf3,
Billed Duration for Request 71074a5b-23c4-4d05-83a2-914af7486cf3: 515 ms
Input: 5250000,
Cold Start: false
Unique ID: a651662b-c295-43e9-a758-f93c778d69ce,
Billed Duration for Request a651662b-c295-43e9-a758-f93c778d69ce: 541 ms
Input: 5250000,
Cold Start: false
Unique ID: d30c9da0-40c6-4f97-bb3a-a4ba7807cd4a,
Billed Duration for Request d30c9da0-40c6-4f97-bb3a-a4ba7807cd4a: 513 ms
Input: 5250000,
Cold Start: false
Unique ID: 869c0404-315c-4ef8-bc03-24641c4fd8eb,
Billed Duration for Request 869c0404-315c-4ef8-bc03-24641c4fd8eb: 534 ms
Input: 5250000,
Cold Start: false
Unique ID: 1340ef55-a3ac-4212-8e4b-39ad865cafb4,
Billed Duration for Request 1340ef55-a3ac-4212-8e4b-39ad865cafb4: 499 ms
Input: 5250000,
Cold Start: false
Unique ID: cb78fda7-7a5a-45b5-99c7-5a3c42280ec9,
Billed Duration for Request cb78fda7-7a5a-45b5-99c7-5a3c42280ec9: 534 ms
Input: 5250000,
Cold Start: false
Unique ID: a21803f4-6732-4156-9840-b6a2d0a0d160,
Billed Duration for Request a21803f4-6732-4156-9840-b6a2d0a0d160: 494 ms
Input: 5250000,
Cold Start: false
Unique ID: 77666db3-7f7a-403f-8ec2-7570f5e46016,
Billed Duration for Request 77666db3-7f7a-403f-8ec2-7570f5e46016: 499 ms
Input: 5250000,
Cold Start: false
Unique ID: 642f2dd9-ce66-48c8-9255-9e3c2c9c8534,
Billed Duration for Request 642f2dd9-ce66-48c8-9255-9e3c2c9c8534: 538 ms
Input: 5250000,
Cold Start: false
Unique ID: 31a259c2-81bf-4058-b950-1a1e3547e5b3,
Billed Duration for Request 31a259c2-81bf-4058-b950-1a1e3547e5b3: 498 ms
Input: 5250000,
Cold Start: false
Unique ID: dd818245-ec01-4cf1-98d8-d50401b7707f,
Billed Duration for Request dd818245-ec01-4cf1-98d8-d50401b7707f: 507 ms
Input: 5250000,
Cold Start: false
Unique ID: dcc2f8bd-788a-44d3-a558-78d422d42497,
Billed Duration for Request dcc2f8bd-788a-44d3-a558-78d422d42497: 538 ms
Input: 5250000,
Cold Start: false
Unique ID: 105bd531-e493-4019-857b-beb02b4bbf06,
Billed Duration for Request 105bd531-e493-4019-857b-beb02b4bbf06: 545 ms
Input: 5250000,
Cold Start: false
Unique ID: 69628732-8977-46cb-85c2-50f4cc669f67,
Billed Duration for Request 69628732-8977-46cb-85c2-50f4cc669f67: 516 ms
Input: 5250000,
Cold Start: false
Unique ID: c7c139d6-29e6-42e5-a0df-20a00842f95e,
Billed Duration for Request c7c139d6-29e6-42e5-a0df-20a00842f95e: 498 ms
Input: 5250000,
Cold Start: false
Unique ID: d55217c5-b2af-469f-b719-3a92fc431020,
Billed Duration for Request d55217c5-b2af-469f-b719-3a92fc431020: 539 ms
Input: 5250000,
Cold Start: false
Unique ID: d271652d-a549-443e-9c1d-9d57d9e7e5b3,
Billed Duration for Request d271652d-a549-443e-9c1d-9d57d9e7e5b3: 490 ms
Input: 5250000,
Cold Start: false
Unique ID: 4c406010-6080-4cae-a367-d35c2da3f97e,
Billed Duration for Request 4c406010-6080-4cae-a367-d35c2da3f97e: 502 ms
Input: 5250000,
Cold Start: false
Unique ID: d6754f94-db63-4033-93ed-914cec51837a,
Billed Duration for Request d6754f94-db63-4033-93ed-914cec51837a: 534 ms
Input: 5250000,
Cold Start: false
Unique ID: bece5e29-2ba4-4511-a7a9-16ae2c47577f,
Billed Duration for Request bece5e29-2ba4-4511-a7a9-16ae2c47577f: 510 ms
Input: 5250000,
Cold Start: false
Unique ID: 71801616-c7f3-49a1-bc12-de4a3aa95005,
Billed Duration for Request 71801616-c7f3-49a1-bc12-de4a3aa95005: 498 ms
Input: 5250000,
Cold Start: false
Unique ID: 9c6d3444-fe56-46b9-878c-1e11c6449d43,
Billed Duration for Request 9c6d3444-fe56-46b9-878c-1e11c6449d43: 544 ms
Input: 5250000,
Cold Start: false
Unique ID: 50cf77ae-b0a2-48bb-b77a-bf5dba18df5a,
Billed Duration for Request 50cf77ae-b0a2-48bb-b77a-bf5dba18df5a: 531 ms
Input: 5250000,
Cold Start: false
Unique ID: 6c2ceb9b-748a-4bcc-b88e-0245097e7aaf,
Billed Duration for Request 6c2ceb9b-748a-4bcc-b88e-0245097e7aaf: 508 ms
Input: 5250000,
Cold Start: false
Unique ID: 2e72b4b8-5e64-44f1-88fa-202d907f954d,
Billed Duration for Request 2e72b4b8-5e64-44f1-88fa-202d907f954d: 495 ms
Input: 5250000,
Cold Start: false
Unique ID: 38299a8c-afd7-49d7-9348-ea7c602f6550,
Billed Duration for Request 38299a8c-afd7-49d7-9348-ea7c602f6550: 530 ms
Input: 5250000,
Cold Start: false
Unique ID: 42eda81e-6e93-4f5c-a338-0e40ea7a9fcd,
Billed Duration for Request 42eda81e-6e93-4f5c-a338-0e40ea7a9fcd: 488 ms
Input: 5250000,
Cold Start: false
Unique ID: b4c12b0c-5eb8-4f0a-8fb7-06fa99700317,
Billed Duration for Request b4c12b0c-5eb8-4f0a-8fb7-06fa99700317: 489 ms
Input: 5250000,
Cold Start: false
Unique ID: 7231bc36-f7f6-49fc-82b4-cc9b24283181,
Billed Duration for Request 7231bc36-f7f6-49fc-82b4-cc9b24283181: 535 ms
Input: 5250000,
Cold Start: false
Unique ID: b252c623-c615-4a8b-af9a-95b79fd1467e,
Billed Duration for Request b252c623-c615-4a8b-af9a-95b79fd1467e: 510 ms
Input: 5250000,
Cold Start: false
Unique ID: 179bdf31-ee0a-48ec-82d4-48a16728ed8f,
Billed Duration for Request 179bdf31-ee0a-48ec-82d4-48a16728ed8f: 491 ms
Input: 5250000,
Cold Start: false
Unique ID: 52e15690-4758-4bb8-b189-b313c42c29fd,
Billed Duration for Request 52e15690-4758-4bb8-b189-b313c42c29fd: 530 ms
Input: 5250000,
Cold Start: false
Unique ID: 86839263-3c1e-4a63-8d84-0da89232472d,
Billed Duration for Request 86839263-3c1e-4a63-8d84-0da89232472d: 543 ms
Input: 5250000,
Cold Start: false
Unique ID: 0de07389-ba10-4cb9-aa58-6cdffbc32705,
Billed Duration for Request 0de07389-ba10-4cb9-aa58-6cdffbc32705: 495 ms
Input: 5250000,
Cold Start: false
Unique ID: 0188ea79-127d-4fc8-b4ef-95572f9b74b1,
Billed Duration for Request 0188ea79-127d-4fc8-b4ef-95572f9b74b1: 497 ms
Input: 5250000,
Cold Start: false
Unique ID: daf1a2a3-6cd3-4fe1-af24-caf7249f80dc,
Billed Duration for Request daf1a2a3-6cd3-4fe1-af24-caf7249f80dc: 534 ms
Input: 5250000,
Cold Start: false
Unique ID: b1f0729b-6bb0-4e90-ad29-53e523402529,
Billed Duration for Request b1f0729b-6bb0-4e90-ad29-53e523402529: 494 ms
Input: 5250000,
Cold Start: false
Unique ID: cf0b2b00-c680-4079-b0a4-d386b10aefa7,
Billed Duration for Request cf0b2b00-c680-4079-b0a4-d386b10aefa7: 493 ms
Input: 5250000,
Cold Start: false
Unique ID: 14f9fcbb-244e-4d38-b717-ddb40fab0420,
Billed Duration for Request 14f9fcbb-244e-4d38-b717-ddb40fab0420: 495 ms
Input: 5250000,
Cold Start: false
Unique ID: e8fd4d13-0cca-4a17-874a-d0ed332ed2ca,
Billed Duration for Request e8fd4d13-0cca-4a17-874a-d0ed332ed2ca: 538 ms
Input: 5250000,
Cold Start: false
Unique ID: 44bd6bf6-83a7-48a4-8403-85b20f19d70d,
Billed Duration for Request 44bd6bf6-83a7-48a4-8403-85b20f19d70d: 509 ms
Input: 5250000,
Cold Start: false
Unique ID: 98de1cf5-bd47-4481-893f-1103f41babe9,
Billed Duration for Request 98de1cf5-bd47-4481-893f-1103f41babe9: 535 ms
Input: 5250000,
Cold Start: false
Unique ID: 06470124-c663-4160-be11-b14c4832856e,
Billed Duration for Request 06470124-c663-4160-be11-b14c4832856e: 538 ms
Input: 5250000,
Cold Start: false
Unique ID: 582c0994-26d8-45ac-a0fd-41c63bcae45c,
Billed Duration for Request 582c0994-26d8-45ac-a0fd-41c63bcae45c: 513 ms
Input: 5250000,
Cold Start: false
Unique ID: accd39b5-1084-4239-8499-1538024551e5,
Billed Duration for Request accd39b5-1084-4239-8499-1538024551e5: 545 ms
Input: 5250000,
Cold Start: false
Unique ID: fb46c07a-2b9c-466c-b4af-b1b63d3487a6,
Billed Duration for Request fb46c07a-2b9c-466c-b4af-b1b63d3487a6: 504 ms
Input: 5250000,
Cold Start: false
Unique ID: 5f7ad92b-8b40-4253-b074-815b7ac18e65,
Billed Duration for Request 5f7ad92b-8b40-4253-b074-815b7ac18e65: 508 ms
Input: 5250000,
Cold Start: false
Unique ID: 450fd68b-386e-4bdd-9893-60d99d3011b6,
Billed Duration for Request 450fd68b-386e-4bdd-9893-60d99d3011b6: 498 ms
Input: 5250000,
Cold Start: false
Unique ID: 88e9e45d-010c-47df-9ae5-f16e16e9dfbb,
Billed Duration for Request 88e9e45d-010c-47df-9ae5-f16e16e9dfbb: 495 ms
Input: 5250000,
Cold Start: false
Unique ID: 80c5b065-8e07-4e50-b2ec-845a79b29b6f,
Billed Duration for Request 80c5b065-8e07-4e50-b2ec-845a79b29b6f: 514 ms
Input: 5250000,
Cold Start: false
Unique ID: dc6c6c94-ae17-4021-8983-e715f1c86fef,
Billed Duration for Request dc6c6c94-ae17-4021-8983-e715f1c86fef: 550 ms
Input: 5250000,
Cold Start: false
Unique ID: 0405bd4c-275a-4a9a-aef3-650ced7dfd96,
Billed Duration for Request 0405bd4c-275a-4a9a-aef3-650ced7dfd96: 535 ms
Input: 5250000,
Cold Start: false
Unique ID: f7ec1cce-a468-410d-9c5a-f7d6fcfac55a,
Billed Duration for Request f7ec1cce-a468-410d-9c5a-f7d6fcfac55a: 549 ms
Input: 5250000,
Cold Start: false
Unique ID: d7913c2b-c63c-40df-aed1-25ee0d39863d,
Billed Duration for Request d7913c2b-c63c-40df-aed1-25ee0d39863d: 517 ms
Input: 5250000,
Cold Start: false
Unique ID: 7909847c-8aca-43dc-aa35-6cce99105f94,
Billed Duration for Request 7909847c-8aca-43dc-aa35-6cce99105f94: 545 ms
Input: 5250000,
Cold Start: false
Unique ID: afeee37a-3d68-40ad-a996-61f07da9de97,
Billed Duration for Request afeee37a-3d68-40ad-a996-61f07da9de97: 506 ms
Input: 5250000,
Cold Start: false
Unique ID: 92bdc185-7528-42d9-aa9f-dbdbec9b006b,
Billed Duration for Request 92bdc185-7528-42d9-aa9f-dbdbec9b006b: 512 ms
Input: 5250000,
Cold Start: false
Unique ID: 35bf7b00-9a09-445c-9521-03da6d5af0b0,
Billed Duration for Request 35bf7b00-9a09-445c-9521-03da6d5af0b0: 501 ms
Input: 5250000,
Cold Start: false
Unique ID: 5cc37d83-c172-4186-8584-4eee6ae680ad,
Billed Duration for Request 5cc37d83-c172-4186-8584-4eee6ae680ad: 508 ms
Input: 5250000,
Cold Start: false
Unique ID: 406822c0-8253-4f62-b505-ab0c4a880cfc,
Billed Duration for Request 406822c0-8253-4f62-b505-ab0c4a880cfc: 549 ms
Input: 5250000,
Cold Start: false
Unique ID: 770fdacd-f89f-44b1-a7a6-f4a8d0552228,
Billed Duration for Request 770fdacd-f89f-44b1-a7a6-f4a8d0552228: 514 ms
Input: 5250000,
Cold Start: false
Unique ID: b15c38f8-283c-4926-99f4-f12f1e03ddc7,
Billed Duration for Request b15c38f8-283c-4926-99f4-f12f1e03ddc7: 535 ms
Input: 5250000,
Cold Start: false
Unique ID: 3a4672ef-356a-40bd-b91d-1ae6e45810ad,
Billed Duration for Request 3a4672ef-356a-40bd-b91d-1ae6e45810ad: 538 ms
Input: 5250000,
Cold Start: false
Unique ID: d165f18a-76e2-4553-a64c-1f6d59079bed,
Billed Duration for Request d165f18a-76e2-4553-a64c-1f6d59079bed: 513 ms
Input: 5250000,
Cold Start: false
Unique ID: e8ad306e-076e-4a3f-a90e-77335b49bfda,
Billed Duration for Request e8ad306e-076e-4a3f-a90e-77335b49bfda: 547 ms
Input: 5250000,
Cold Start: false
Unique ID: f886078b-4356-454c-96dd-f8640162904a,
Billed Duration for Request f886078b-4356-454c-96dd-f8640162904a: 506 ms
Input: 5250000,
Cold Start: false
Unique ID: b5f6996c-2afe-4e4f-80af-2e9a4cfaf760,
Billed Duration for Request b5f6996c-2afe-4e4f-80af-2e9a4cfaf760: 492 ms
Input: 5250000,
Cold Start: false
Unique ID: 247b9849-2927-4697-a18e-b7a52707bc43,
Billed Duration for Request 247b9849-2927-4697-a18e-b7a52707bc43: 498 ms
Input: 5250000,
Cold Start: false
Unique ID: df706608-869f-46c1-96fa-0c2a4ecf4831,
Billed Duration for Request df706608-869f-46c1-96fa-0c2a4ecf4831: 494 ms
Input: 5250000,
Cold Start: false
Unique ID: 4ea7c9df-cd69-436c-b3c4-f269158854b1,
Billed Duration for Request 4ea7c9df-cd69-436c-b3c4-f269158854b1: 530 ms
Input: 5250000,
Cold Start: false
Unique ID: 21417639-8592-4a7e-8e6b-6def967e0079,
Billed Duration for Request 21417639-8592-4a7e-8e6b-6def967e0079: 501 ms
Input: 5250000,
Cold Start: false
Unique ID: bc6fc009-60b0-4ead-9fa9-1c930c084c40,
Billed Duration for Request bc6fc009-60b0-4ead-9fa9-1c930c084c40: 543 ms
Input: 5250000,
Cold Start: false
Unique ID: 9808542c-7cf0-4dd3-8959-bf6befccac51,
Billed Duration for Request 9808542c-7cf0-4dd3-8959-bf6befccac51: 542 ms
Input: 5250000,
Cold Start: false
Unique ID: bf456e57-641a-4613-a2bb-d24494f65679,
Billed Duration for Request bf456e57-641a-4613-a2bb-d24494f65679: 517 ms
Input: 5250000,
Cold Start: false
Unique ID: 4fc38030-0f4c-4837-98ec-b724b1b82550,
Billed Duration for Request 4fc38030-0f4c-4837-98ec-b724b1b82550: 504 ms
Input: 5250000,
Cold Start: false
Unique ID: b3a09a7d-b450-4db2-99bc-49b3c5cdcb95,
Billed Duration for Request b3a09a7d-b450-4db2-99bc-49b3c5cdcb95: 551 ms
Input: 5250000,
Cold Start: false
Unique ID: 1400d929-491a-4bf4-8904-14ad24db508e,
Billed Duration for Request 1400d929-491a-4bf4-8904-14ad24db508e: 495 ms
Input: 5250000,
Cold Start: false
Unique ID: d7898d29-eb82-42a6-aaa8-c6470b289fb2,
Billed Duration for Request d7898d29-eb82-42a6-aaa8-c6470b289fb2: 498 ms
Input: 5250000,
Cold Start: false
Unique ID: e6174e55-bea8-4375-8ce8-bab61124a348,
Billed Duration for Request e6174e55-bea8-4375-8ce8-bab61124a348: 501 ms
Input: 5250000,
Cold Start: false
Unique ID: 79afc17f-4fe6-47eb-9f29-eb6c9445c5fd,
Billed Duration for Request 79afc17f-4fe6-47eb-9f29-eb6c9445c5fd: 541 ms
Input: 5250000,
Cold Start: false
Unique ID: 6dab4f7c-2760-412f-b9a4-ffbc5176b376,
Billed Duration for Request 6dab4f7c-2760-412f-b9a4-ffbc5176b376: 514 ms
Input: 5250000,
Cold Start: false
Unique ID: 17393e97-fc73-4323-bcb2-a620172a2d33,
Billed Duration for Request 17393e97-fc73-4323-bcb2-a620172a2d33: 536 ms
Input: 5250000,
Cold Start: false
Unique ID: cb210373-e89e-4b2c-aef6-c7302a2e2786,
Billed Duration for Request cb210373-e89e-4b2c-aef6-c7302a2e2786: 545 ms
Input: 5250000,
Cold Start: false
Unique ID: 15508d87-adff-4a62-8218-f1a3ca3d9ff3,
Billed Duration for Request 15508d87-adff-4a62-8218-f1a3ca3d9ff3: 517 ms
Input: 5250000,
Cold Start: false
Unique ID: 19ef2d2a-78e4-4c35-8cc0-45ce7228b070,
Billed Duration for Request 19ef2d2a-78e4-4c35-8cc0-45ce7228b070: 531 ms
Input: 5250000,
Cold Start: false
Unique ID: 1cd1f52e-fbc6-4294-97a5-9b0e5df7aff3,
Billed Duration for Request 1cd1f52e-fbc6-4294-97a5-9b0e5df7aff3: 508 ms
Input: 5250000,
Cold Start: false
Unique ID: b59d50b6-acee-42da-8dad-685a29de25ef,
Billed Duration for Request b59d50b6-acee-42da-8dad-685a29de25ef: 500 ms
Input: 5250000,
Cold Start: false
Unique ID: a2867f65-a167-43bf-872a-d4fb5e52ffc9,
Billed Duration for Request a2867f65-a167-43bf-872a-d4fb5e52ffc9: 517 ms
Input: 5250000,
Cold Start: false
Unique ID: 5fa34e21-0105-4308-a063-3c723677850a,
Billed Duration for Request 5fa34e21-0105-4308-a063-3c723677850a: 500 ms
Input: 5250000,
Cold Start: false
Unique ID: b4750621-2721-48aa-ba21-7848cbe999b5,
Billed Duration for Request b4750621-2721-48aa-ba21-7848cbe999b5: 544 ms
Input: 5250000,
Cold Start: false
Unique ID: 2675d02a-ba26-4979-b0f8-30ac267b3e3d,
Billed Duration for Request 2675d02a-ba26-4979-b0f8-30ac267b3e3d: 515 ms
Input: 5250000,
Cold Start: false
Unique ID: 2fc6fbe1-c30f-4b49-8770-bcfaa41d6110,
Billed Duration for Request 2fc6fbe1-c30f-4b49-8770-bcfaa41d6110: 538 ms
Input: 5250000,
Cold Start: false
Unique ID: 09f0bf78-3ad7-4bfc-bf4b-bd8e1c78304a,
Billed Duration for Request 09f0bf78-3ad7-4bfc-bf4b-bd8e1c78304a: 540 ms
Input: 5250000,
Cold Start: false
Unique ID: cce71813-6a78-4ccc-933b-469a7986492d,
Billed Duration for Request cce71813-6a78-4ccc-933b-469a7986492d: 515 ms
Input: 5250000,
Cold Start: false
Unique ID: 9ee66cf1-6495-4149-8741-1b7710cc5fd2,
Billed Duration for Request 9ee66cf1-6495-4149-8741-1b7710cc5fd2: 490 ms
Input: 5250000,
Cold Start: false
Unique ID: 62c5fab1-388c-46a1-aa34-6a2ba8805e7e,
Billed Duration for Request 62c5fab1-388c-46a1-aa34-6a2ba8805e7e: 546 ms
Input: 5250000,
Cold Start: false
Unique ID: 778f6aea-e8b5-4563-bc80-63054df1d093,
Billed Duration for Request 778f6aea-e8b5-4563-bc80-63054df1d093: 514 ms
Input: 5250000,
Cold Start: false
Unique ID: fa1f62ec-7682-4857-8b21-d3c031d0436b,
Billed Duration for Request fa1f62ec-7682-4857-8b21-d3c031d0436b: 499 ms
Input: 5250000,
Cold Start: false
Unique ID: 130cf655-f95f-4caa-8696-6a7545419975,
Billed Duration for Request 130cf655-f95f-4caa-8696-6a7545419975: 497 ms
Input: 5250000,
Cold Start: false
Unique ID: 80801a76-755d-453b-a681-64390b020e35,
Billed Duration for Request 80801a76-755d-453b-a681-64390b020e35: 535 ms
Input: 5250000,
Cold Start: false
Unique ID: cfd7636b-a9b3-4c85-aab1-ae7cdc6aca8e,
Billed Duration for Request cfd7636b-a9b3-4c85-aab1-ae7cdc6aca8e: 512 ms
Input: 5250000,
Cold Start: false
Unique ID: 8927a86b-e9b3-4d86-9166-3b549e79a894,
Billed Duration for Request 8927a86b-e9b3-4d86-9166-3b549e79a894: 535 ms
Input: 5250000,
Cold Start: false
Unique ID: 42e24c5f-d59b-4266-9682-b000d79c724d,
Billed Duration for Request 42e24c5f-d59b-4266-9682-b000d79c724d: 516 ms
Input: 5250000,
Cold Start: false
Unique ID: 8dea75a4-c0ac-4f7c-a68c-86202231bb85,
Billed Duration for Request 8dea75a4-c0ac-4f7c-a68c-86202231bb85: 560 ms
Input: 5250000,
Cold Start: false
Unique ID: bd1c7c90-38f1-4320-95b4-0f51a22c8106,
Billed Duration for Request bd1c7c90-38f1-4320-95b4-0f51a22c8106: 496 ms
Input: 5250000,
Cold Start: false
Unique ID: 60b4d1da-99f7-4940-a096-b2842c6a70f0,
Billed Duration for Request 60b4d1da-99f7-4940-a096-b2842c6a70f0: 529 ms
Input: 5250000,
Cold Start: false
Unique ID: 79461450-262f-42cf-b9e1-69f94ea63b7b,
Billed Duration for Request 79461450-262f-42cf-b9e1-69f94ea63b7b: 509 ms
Input: 5250000,
Cold Start: false
Unique ID: a4a836d0-6d61-4d98-8465-e1dba00bc1a9,
Billed Duration for Request a4a836d0-6d61-4d98-8465-e1dba00bc1a9: 537 ms
Input: 5250000,
Cold Start: false
Unique ID: 853c0a56-16fa-4fde-82d3-2cf28cdbcb8c,
Billed Duration for Request 853c0a56-16fa-4fde-82d3-2cf28cdbcb8c: 516 ms
Input: 5250000,
Cold Start: false
Unique ID: ca375300-1bef-4ad0-8137-9c16d8b453e8,
Billed Duration for Request ca375300-1bef-4ad0-8137-9c16d8b453e8: 560 ms
Input: 5250000,
Cold Start: false
Unique ID: d051dd1a-27cd-49fc-85ae-b1212dd841de,
Billed Duration for Request d051dd1a-27cd-49fc-85ae-b1212dd841de: 544 ms
Input: 5250000,
Cold Start: false
Unique ID: dd073ce4-3256-4236-a6a5-f5fec7c9a90e,
Billed Duration for Request dd073ce4-3256-4236-a6a5-f5fec7c9a90e: 528 ms
Input: 5250000,
Cold Start: false
Unique ID: 24f80d38-dbca-4c3a-8199-145e56eaec26,
Billed Duration for Request 24f80d38-dbca-4c3a-8199-145e56eaec26: 493 ms
Input: 5250000,
Cold Start: false
Unique ID: d04ad267-865a-4e7b-8bbc-708cf72ea3ce,
Billed Duration for Request d04ad267-865a-4e7b-8bbc-708cf72ea3ce: 552 ms
Input: 5250000,
Cold Start: false
Unique ID: 2ca3dbb5-cccf-45c0-9da4-516020a8f2ac,
Billed Duration for Request 2ca3dbb5-cccf-45c0-9da4-516020a8f2ac: 527 ms
Input: 5250000,
Cold Start: false
Unique ID: b7b21f0b-ca74-4ef4-853b-292b65c567bc,
Billed Duration for Request b7b21f0b-ca74-4ef4-853b-292b65c567bc: 507 ms
Input: 5250000,
Cold Start: false
Unique ID: 9db961b0-5824-4b39-8f84-f72501b992d1,
Billed Duration for Request 9db961b0-5824-4b39-8f84-f72501b992d1: 494 ms
Input: 5250000,
Cold Start: false
Unique ID: d38688f8-e172-4e4d-98c1-2047d8c81072,
Billed Duration for Request d38688f8-e172-4e4d-98c1-2047d8c81072: 491 ms
Input: 5250000,
Cold Start: false
Unique ID: 6cccba80-ee5c-4b22-90ce-0b36320aa115,
Billed Duration for Request 6cccba80-ee5c-4b22-90ce-0b36320aa115: 502 ms
Input: 5250000,
Cold Start: false
Unique ID: 96c9ffad-0225-49f6-9500-4298a58c1f66,
Billed Duration for Request 96c9ffad-0225-49f6-9500-4298a58c1f66: 518 ms
Input: 5250000,
Cold Start: false
Unique ID: 56487c99-2f0e-48c9-bb7d-005972d45d20,
Billed Duration for Request 56487c99-2f0e-48c9-bb7d-005972d45d20: 528 ms
Input: 5250000,
Cold Start: false
Unique ID: b302b9c4-d2c5-4b92-be07-3a1391e00247,
Billed Duration for Request b302b9c4-d2c5-4b92-be07-3a1391e00247: 503 ms
Input: 5250000,
Cold Start: false
Unique ID: c9839a1a-aef6-48ef-a59f-1cb8d0fce03c,
Billed Duration for Request c9839a1a-aef6-48ef-a59f-1cb8d0fce03c: 504 ms
Input: 5250000,
Cold Start: false
Unique ID: 98a02fa7-8002-4498-8864-2f53de3e9a93,
Billed Duration for Request 98a02fa7-8002-4498-8864-2f53de3e9a93: 528 ms
Input: 5250000,
Cold Start: false
Unique ID: 7bc81dbb-2899-4390-b6d6-281cac834349,
Billed Duration for Request 7bc81dbb-2899-4390-b6d6-281cac834349: 527 ms
Input: 5250000,
Cold Start: false
Unique ID: 68f805a8-4483-410f-8c11-e088e96ca730,
Billed Duration for Request 68f805a8-4483-410f-8c11-e088e96ca730: 486 ms
Input: 5250000,
Cold Start: false
Unique ID: 61aaf35e-4c46-4d17-a04e-b4c698fa45e3,
Billed Duration for Request 61aaf35e-4c46-4d17-a04e-b4c698fa45e3: 497 ms
Input: 5250000,
Cold Start: false
Unique ID: 7dbee1cf-d37b-4456-965a-cdbaf1e08e03,
Billed Duration for Request 7dbee1cf-d37b-4456-965a-cdbaf1e08e03: 496 ms
Input: 5250000,
Cold Start: false
Unique ID: 1d4c1caf-d536-41f4-b31e-fc3b05a3ad34,
Billed Duration for Request 1d4c1caf-d536-41f4-b31e-fc3b05a3ad34: 498 ms
Input: 5250000,
Cold Start: false
Unique ID: 97d6ad0f-469c-40b7-bf0a-efb2eb21ff26,
Billed Duration for Request 97d6ad0f-469c-40b7-bf0a-efb2eb21ff26: 530 ms
Input: 5250000,
Cold Start: false
Unique ID: bf766ac0-3c40-4470-9c17-453784672d93,
Billed Duration for Request bf766ac0-3c40-4470-9c17-453784672d93: 498 ms
Input: 5250000,
Cold Start: false
Unique ID: c9bd2e48-79ea-4efc-8fde-dd0278bc34db,
Billed Duration for Request c9bd2e48-79ea-4efc-8fde-dd0278bc34db: 530 ms
Input: 5250000,
Cold Start: false
Unique ID: 7b93b90a-a118-4982-aca0-fa9f30575c80,
Billed Duration for Request 7b93b90a-a118-4982-aca0-fa9f30575c80: 522 ms
Input: 5250000,
Cold Start: false
Unique ID: 012ac3e2-6566-43e1-ad61-363e08d6a4bb,
Billed Duration for Request 012ac3e2-6566-43e1-ad61-363e08d6a4bb: 495 ms
Input: 5250000,
Cold Start: false
Unique ID: 85df8824-80c3-451d-be3b-b41913a73c03,
Billed Duration for Request 85df8824-80c3-451d-be3b-b41913a73c03: 528 ms
Input: 5250000,
Cold Start: false
Unique ID: 90725140-36b3-4760-8b79-615cff199bb9,
Billed Duration for Request 90725140-36b3-4760-8b79-615cff199bb9: 504 ms
Input: 5250000,
Cold Start: false
Unique ID: 6c750928-981a-4102-beda-123aa8749492,
Billed Duration for Request 6c750928-981a-4102-beda-123aa8749492: 488 ms
Input: 5250000,
Cold Start: false
Unique ID: 6d4b8656-2e89-44b0-8cd5-b176c8bbc55d,
Billed Duration for Request 6d4b8656-2e89-44b0-8cd5-b176c8bbc55d: 497 ms
Input: 5250000,
Cold Start: false
Unique ID: 9855f187-e7a1-436c-ab4d-b7e9581fdb47,
Billed Duration for Request 9855f187-e7a1-436c-ab4d-b7e9581fdb47: 489 ms
Input: 5250000,
Cold Start: false
Unique ID: b7447273-5811-45fd-b3fa-4e6556cd0428,
Billed Duration for Request b7447273-5811-45fd-b3fa-4e6556cd0428: 527 ms
Input: 5250000,
Cold Start: false
Unique ID: c32ea4ed-07a1-4d08-a50c-6d59434dac1a,
Billed Duration for Request c32ea4ed-07a1-4d08-a50c-6d59434dac1a: 489 ms
Input: 5250000,
Cold Start: false
Unique ID: f953c892-9630-4827-a88d-86c1516579e8,
Billed Duration for Request f953c892-9630-4827-a88d-86c1516579e8: 538 ms
Input: 5250000,
Cold Start: false
Unique ID: d1f1cc54-ae92-4229-b33a-00caeed4bcc4,
Billed Duration for Request d1f1cc54-ae92-4229-b33a-00caeed4bcc4: 522 ms
Input: 5250000,
Cold Start: false
Unique ID: 3598cb18-8c4a-4621-ad00-b83d23393839,
Billed Duration for Request 3598cb18-8c4a-4621-ad00-b83d23393839: 506 ms
Input: 5250000,
Cold Start: false
Unique ID: eafda371-11ad-4312-bb13-1ca3ec8aea31,
Billed Duration for Request eafda371-11ad-4312-bb13-1ca3ec8aea31: 526 ms
Input: 5250000,
Cold Start: false
Unique ID: 31ed6845-f62d-4e19-8671-dd5752ea7133,
Billed Duration for Request 31ed6845-f62d-4e19-8671-dd5752ea7133: 504 ms
Input: 5250000,
Cold Start: false
Unique ID: 884b6828-94b3-4f26-8486-6ebf8854a4b4,
Billed Duration for Request 884b6828-94b3-4f26-8486-6ebf8854a4b4: 494 ms
Input: 5250000,
Cold Start: false
Unique ID: 82eb9d4e-eb48-4040-a0b9-ebd2799c2fad,
Billed Duration for Request 82eb9d4e-eb48-4040-a0b9-ebd2799c2fad: 496 ms
Input: 5250000,
Cold Start: false
Unique ID: 4c79a7b2-4571-4d96-9dd1-1b1137de83e3,
Billed Duration for Request 4c79a7b2-4571-4d96-9dd1-1b1137de83e3: 488 ms
Input: 5250000,
Cold Start: false
Unique ID: ac7473bb-3e18-4dc1-884b-11caf20c0289,
Billed Duration for Request ac7473bb-3e18-4dc1-884b-11caf20c0289: 526 ms
Input: 5250000,
Cold Start: false
Unique ID: c09bb06f-2d78-4056-a309-4442673b86b6,
Billed Duration for Request c09bb06f-2d78-4056-a309-4442673b86b6: 497 ms
Input: 5250000,
Cold Start: false
Unique ID: b6b9de0a-f354-4dde-a063-5df17f56a907,
Billed Duration for Request b6b9de0a-f354-4dde-a063-5df17f56a907: 517 ms
Input: 5250000,
Cold Start: false
Unique ID: cad9aa0f-3208-47ea-991e-e4c99d466061,
Billed Duration for Request cad9aa0f-3208-47ea-991e-e4c99d466061: 522 ms
Input: 5250000,
Cold Start: false
Unique ID: 4b1606f2-ceb9-4d10-929c-d49b3d864809,
Billed Duration for Request 4b1606f2-ceb9-4d10-929c-d49b3d864809: 497 ms
Input: 5250000,
Cold Start: false
Unique ID: e5f1d0a5-756f-49dd-bcc6-84c5b9dc5652,
Billed Duration for Request e5f1d0a5-756f-49dd-bcc6-84c5b9dc5652: 529 ms
Input: 5250000,
Cold Start: false
Unique ID: dac46b27-2b76-4ef3-970f-1781d0e69582,
Billed Duration for Request dac46b27-2b76-4ef3-970f-1781d0e69582: 489 ms
Input: 5250000,
Cold Start: false
Unique ID: 9b8ad798-3afd-409e-a19d-80d42297e0f0,
Billed Duration for Request 9b8ad798-3afd-409e-a19d-80d42297e0f0: 492 ms
Input: 5250000,
Cold Start: false
Unique ID: 56abf931-8772-4aa3-92ae-da0a19d99f00,
Billed Duration for Request 56abf931-8772-4aa3-92ae-da0a19d99f00: 497 ms
Input: 5250000,
Cold Start: false
Unique ID: 47c9e5aa-fbb3-4eea-8c71-fecab7bf678d,
Billed Duration for Request 47c9e5aa-fbb3-4eea-8c71-fecab7bf678d: 489 ms
Input: 5250000,
Cold Start: false
Unique ID: 5a9c45e2-0ea0-4eb4-bd37-9d3d60d149fb,
Billed Duration for Request 5a9c45e2-0ea0-4eb4-bd37-9d3d60d149fb: 528 ms
Input: 5250000,
Cold Start: false
Unique ID: 458ca5dd-d37e-4b97-9467-d81f72e940ad,
Billed Duration for Request 458ca5dd-d37e-4b97-9467-d81f72e940ad: 494 ms
Input: 5250000,
Cold Start: false
Unique ID: 6126e868-ec0e-4bea-9a74-3134e41224ce,
Billed Duration for Request 6126e868-ec0e-4bea-9a74-3134e41224ce: 536 ms
Input: 5250000,
Cold Start: false
Unique ID: 48b3876f-41c0-41c8-98e7-e91e1c2d2577,
Billed Duration for Request 48b3876f-41c0-41c8-98e7-e91e1c2d2577: 539 ms
Input: 5250000,
Cold Start: false
Unique ID: 53c76395-29b4-43a8-a340-6c36489f1af8,
Billed Duration for Request 53c76395-29b4-43a8-a340-6c36489f1af8: 494 ms
Input: 5250000,
Cold Start: false
Unique ID: 1f719668-a2a3-4529-aec2-7de53f379775,
Billed Duration for Request 1f719668-a2a3-4529-aec2-7de53f379775: 485 ms
Input: 5250000,
Cold Start: false
Unique ID: c4c7fb8f-cd16-4986-9c0d-cb4e8eb9a2ee,
Billed Duration for Request c4c7fb8f-cd16-4986-9c0d-cb4e8eb9a2ee: 526 ms
Input: 5250000,
Cold Start: false
Unique ID: 10e6abe0-26bb-47d1-b4f9-40be09b78e24,
Billed Duration for Request 10e6abe0-26bb-47d1-b4f9-40be09b78e24: 494 ms
Input: 5250000,
Cold Start: false
Unique ID: 4c0cea9b-6a07-4797-a5ee-d5e08d7a75f5,
Billed Duration for Request 4c0cea9b-6a07-4797-a5ee-d5e08d7a75f5: 500 ms
Input: 5250000,
Cold Start: false
Unique ID: 001a23d6-be3f-4100-8d29-4661cf2bae41,
Billed Duration for Request 001a23d6-be3f-4100-8d29-4661cf2bae41: 489 ms
Input: 5250000,
Cold Start: false
Unique ID: 53afa735-60ee-4a3e-9fa4-f5cbde73d510,
Billed Duration for Request 53afa735-60ee-4a3e-9fa4-f5cbde73d510: 523 ms
Input: 5250000,
Cold Start: false
Unique ID: 33407f38-933c-4d8c-b4e4-b0b1dd7ad089,
Billed Duration for Request 33407f38-933c-4d8c-b4e4-b0b1dd7ad089: 491 ms
Input: 5250000,
Cold Start: false
Unique ID: 20378900-33c4-4501-bdff-696d680d3dff,
Billed Duration for Request 20378900-33c4-4501-bdff-696d680d3dff: 518 ms
Input: 5250000,
Cold Start: false
Unique ID: 8eadc61f-c26c-4ea3-be98-3bdf4979f9cf,
Billed Duration for Request 8eadc61f-c26c-4ea3-be98-3bdf4979f9cf: 496 ms
Input: 5250000,
Cold Start: false
Unique ID: 61505761-4279-465a-a689-6c54a280781f,
Billed Duration for Request 61505761-4279-465a-a689-6c54a280781f: 519 ms
Input: 5250000,
Cold Start: false
Unique ID: 591e6c5d-cdf4-42ac-bdb7-81d53b0de544,
Billed Duration for Request 591e6c5d-cdf4-42ac-bdb7-81d53b0de544: 528 ms
Input: 5250000,
Cold Start: false
Unique ID: ae89a01d-3858-4ae0-bd58-7c0099fe4ddf,
Billed Duration for Request ae89a01d-3858-4ae0-bd58-7c0099fe4ddf: 487 ms
Input: 5250000,
Cold Start: false
Unique ID: c2d34d2d-4676-4c3d-9955-acbbb3d84534,
Billed Duration for Request c2d34d2d-4676-4c3d-9955-acbbb3d84534: 496 ms
Input: 5250000,
Cold Start: false
Unique ID: 21d84e6c-3452-4091-8d73-0e20c1ef27f5,
Billed Duration for Request 21d84e6c-3452-4091-8d73-0e20c1ef27f5: 496 ms
Input: 5250000,
Cold Start: false
Unique ID: eb5173ea-8509-4201-ae87-6ba249eeaf91,
Billed Duration for Request eb5173ea-8509-4201-ae87-6ba249eeaf91: 490 ms
Input: 5250000,
Cold Start: false
Unique ID: 674d64ee-6961-4e12-98d9-386f1ff1e816,
Billed Duration for Request 674d64ee-6961-4e12-98d9-386f1ff1e816: 522 ms
Input: 5250000,
Cold Start: false
Unique ID: baaa2cda-4b11-43b3-85f4-ce0dff656184,
Billed Duration for Request baaa2cda-4b11-43b3-85f4-ce0dff656184: 496 ms
Input: 5250000,
Cold Start: false
Unique ID: 765ad9de-a78f-4eb7-a966-34debaf07f65,
Billed Duration for Request 765ad9de-a78f-4eb7-a966-34debaf07f65: 527 ms
Input: 5250000,
Cold Start: false
Unique ID: f1ad03db-55bb-4374-b7de-62ca3770483c,
Billed Duration for Request f1ad03db-55bb-4374-b7de-62ca3770483c: 521 ms
Input: 5250000,
Cold Start: false
Unique ID: 9c33a351-a69d-4007-afa9-c00e5eee4664,
Billed Duration for Request 9c33a351-a69d-4007-afa9-c00e5eee4664: 522 ms
Input: 5250000,
Cold Start: false
Unique ID: 71d31058-b784-4d98-870c-ef8ae84c5dfc,
Billed Duration for Request 71d31058-b784-4d98-870c-ef8ae84c5dfc: 506 ms
Input: 5250000,
Cold Start: false
Unique ID: 1c15271d-dcab-4f0d-982c-69c446abfb30,
Billed Duration for Request 1c15271d-dcab-4f0d-982c-69c446abfb30: 488 ms
Input: 5250000,
Cold Start: false
Unique ID: c7839c15-73e2-4b6c-b538-07431f1ede5d,
Billed Duration for Request c7839c15-73e2-4b6c-b538-07431f1ede5d: 492 ms
Input: 5250000,
Cold Start: false
Unique ID: 283028f3-e3e1-4a3f-aa6d-eb32aa3e6c24,
Billed Duration for Request 283028f3-e3e1-4a3f-aa6d-eb32aa3e6c24: 498 ms
Input: 5250000,
Cold Start: false
Unique ID: 05d3fb5e-48a0-49b8-8193-f3790c689a3d,
Billed Duration for Request 05d3fb5e-48a0-49b8-8193-f3790c689a3d: 493 ms
Input: 5250000,
Cold Start: false
Unique ID: 548cf24b-79fa-4323-bf3c-6dd48797915b,
Billed Duration for Request 548cf24b-79fa-4323-bf3c-6dd48797915b: 489 ms
Input: 5250000,
Cold Start: false
Unique ID: 45409866-0b49-4f65-961c-4b211134ff17,
Billed Duration for Request 45409866-0b49-4f65-961c-4b211134ff17: 513 ms
Input: 5250000,
Cold Start: false
Unique ID: 26de08db-8936-4b28-b571-b93561c2284e,
Billed Duration for Request 26de08db-8936-4b28-b571-b93561c2284e: 519 ms
Input: 5250000,
Cold Start: false
Unique ID: 283e82ce-7c1a-4f27-b7a3-19d345698d30,
Billed Duration for Request 283e82ce-7c1a-4f27-b7a3-19d345698d30: 517 ms
Input: 5250000,
Cold Start: false
Unique ID: 183562ae-3eac-4538-8075-a0e2c99d2079,
Billed Duration for Request 183562ae-3eac-4538-8075-a0e2c99d2079: 520 ms
Input: 5250000,
Cold Start: false
Unique ID: 760b798e-aa8d-4ba3-9d17-de55c48f76bf,
Billed Duration for Request 760b798e-aa8d-4ba3-9d17-de55c48f76bf: 507 ms
Input: 5250000,
Cold Start: false
Unique ID: f5da1e47-343d-41a3-81ad-ba950bc759e0,
Billed Duration for Request f5da1e47-343d-41a3-81ad-ba950bc759e0: 502 ms
Input: 5250000,
Cold Start: false
Unique ID: 26936d4a-6f6d-4622-bd6f-f3e0bb3ba69d,
Billed Duration for Request 26936d4a-6f6d-4622-bd6f-f3e0bb3ba69d: 494 ms
Input: 5250000,
Cold Start: false
Unique ID: 252e3c89-9b81-4d71-a476-873f5e9a04d7,
Billed Duration for Request 252e3c89-9b81-4d71-a476-873f5e9a04d7: 497 ms
Input: 5250000,
Cold Start: false
Unique ID: 8cf27616-2546-4898-a019-116497c77884,
Billed Duration for Request 8cf27616-2546-4898-a019-116497c77884: 492 ms
Input: 5250000,
Cold Start: false
Unique ID: acfdc231-638b-41bd-9c31-a863115ffa27,
Billed Duration for Request acfdc231-638b-41bd-9c31-a863115ffa27: 504 ms
Input: 5250000,
Cold Start: false
Unique ID: a450439c-9105-4a1c-8457-a00c6fca0a09,
Billed Duration for Request a450439c-9105-4a1c-8457-a00c6fca0a09: 521 ms
Input: 5250000,
Cold Start: false
Unique ID: c2d3aa18-bd05-4b3f-9a65-a12dcbc7b3f4,
Billed Duration for Request c2d3aa18-bd05-4b3f-9a65-a12dcbc7b3f4: 519 ms
Input: 5250000,
Cold Start: false
Unique ID: bbd9dbaf-0104-4072-a46b-f4b7c65a3f71,
Billed Duration for Request bbd9dbaf-0104-4072-a46b-f4b7c65a3f71: 524 ms
Input: 5250000,
Cold Start: false
Unique ID: f329fe66-b7f7-4016-91b4-e1bde58719f5,
Billed Duration for Request f329fe66-b7f7-4016-91b4-e1bde58719f5: 521 ms
Input: 5250000,
Cold Start: false
Unique ID: 4a688a32-1e88-4d29-a0ab-219fd157b3a4,
Billed Duration for Request 4a688a32-1e88-4d29-a0ab-219fd157b3a4: 507 ms
Input: 5250000,
Cold Start: false
Unique ID: 7dfa6ea5-1bdc-441e-b266-1bf4d36db7e0,
Billed Duration for Request 7dfa6ea5-1bdc-441e-b266-1bf4d36db7e0: 505 ms
Input: 5250000,
Cold Start: false
Unique ID: 50f5b3c1-a6ad-4960-9f8b-e61bcb20d988,
Billed Duration for Request 50f5b3c1-a6ad-4960-9f8b-e61bcb20d988: 494 ms
Input: 5250000,
Cold Start: false
Unique ID: ebd7977a-39d5-4fbe-9b15-d6c74bdc7264,
Billed Duration for Request ebd7977a-39d5-4fbe-9b15-d6c74bdc7264: 493 ms
Input: 5250000,
Cold Start: false
Unique ID: 3911b391-8e00-44bc-8935-c95d087988b8,
Billed Duration for Request 3911b391-8e00-44bc-8935-c95d087988b8: 486 ms
Input: 5250000,
Cold Start: false
Unique ID: 7a08a9b9-4292-4ced-8934-aaf2e6db9d7e,
Billed Duration for Request 7a08a9b9-4292-4ced-8934-aaf2e6db9d7e: 505 ms
Input: 5250000,
Cold Start: false
Unique ID: 588cf39b-8df8-45fe-832e-9c10416b613c,
Billed Duration for Request 588cf39b-8df8-45fe-832e-9c10416b613c: 516 ms
Input: 5250000,
Cold Start: false
Unique ID: 8867c467-435d-4fee-a421-fc9d2e8d7a35,
Billed Duration for Request 8867c467-435d-4fee-a421-fc9d2e8d7a35: 523 ms
Input: 5250000,
Cold Start: false
Unique ID: 469e65ed-664d-45f4-8314-3921266b3b75,
Billed Duration for Request 469e65ed-664d-45f4-8314-3921266b3b75: 536 ms
Input: 5250000,
Cold Start: false
Unique ID: ed963bef-8655-41c1-85d3-2ad46f920969,
Billed Duration for Request ed963bef-8655-41c1-85d3-2ad46f920969: 518 ms
Input: 5250000,
Cold Start: false
Unique ID: 6811c46c-8a11-47d1-9057-f33f82f0b97b,
Billed Duration for Request 6811c46c-8a11-47d1-9057-f33f82f0b97b: 488 ms
Input: 5250000,
Cold Start: false
Unique ID: 62adce4b-a8d8-4f0c-8820-16844fd02f42,
Billed Duration for Request 62adce4b-a8d8-4f0c-8820-16844fd02f42: 488 ms
Input: 5250000,
Cold Start: false
Unique ID: 8068fd59-60b1-4093-88f4-885fc2a131b4,
Billed Duration for Request 8068fd59-60b1-4093-88f4-885fc2a131b4: 486 ms
Input: 5250000,
Cold Start: false
Unique ID: 9fb7cecc-9698-4750-a79d-f0ebf7fb6893,
Billed Duration for Request 9fb7cecc-9698-4750-a79d-f0ebf7fb6893: 498 ms
Input: 5250000,
Cold Start: false
Unique ID: bc918e18-0d68-4f8a-8c4d-aa31aa6b0250,
Billed Duration for Request bc918e18-0d68-4f8a-8c4d-aa31aa6b0250: 498 ms
Input: 5250000,
Cold Start: false
Unique ID: 3054697d-3cd5-487e-ae6d-1949c03d0b63,
Billed Duration for Request 3054697d-3cd5-487e-ae6d-1949c03d0b63: 490 ms
Input: 5250000,
Cold Start: false
Unique ID: a59434e2-a787-4277-8575-5d75362d6bbe,
Billed Duration for Request a59434e2-a787-4277-8575-5d75362d6bbe: 518 ms
Input: 5250000,
Cold Start: false
Unique ID: d85e32ed-63bf-4d81-91ac-3dbec7479ec0,
Billed Duration for Request d85e32ed-63bf-4d81-91ac-3dbec7479ec0: 521 ms
Input: 5250000,
Cold Start: false
Unique ID: 1ef4a2c5-6219-4ce0-a72f-fe0ff4cfe2ab,
Billed Duration for Request 1ef4a2c5-6219-4ce0-a72f-fe0ff4cfe2ab: 523 ms
Input: 5250000,
Cold Start: false
Unique ID: a8701669-0d27-4f57-a963-90e9583abfb7,
Billed Duration for Request a8701669-0d27-4f57-a963-90e9583abfb7: 502 ms
Input: 5250000,
Cold Start: false
Unique ID: b26d5444-9b74-4ba0-b0c2-b5abfba4bf06,
Billed Duration for Request b26d5444-9b74-4ba0-b0c2-b5abfba4bf06: 521 ms
Input: 5250000,
Cold Start: false
Unique ID: 3aa61b29-610b-4cf2-895f-48b0447e6d00,
Billed Duration for Request 3aa61b29-610b-4cf2-895f-48b0447e6d00: 489 ms
Input: 5250000,
Cold Start: false
Unique ID: e1d6f635-a579-4962-9663-3ce7e93d2736,
Billed Duration for Request e1d6f635-a579-4962-9663-3ce7e93d2736: 492 ms
Input: 5250000,
Cold Start: false
Unique ID: 4bc1ed4f-1f69-451a-961e-999ce99e0afa,
Billed Duration for Request 4bc1ed4f-1f69-451a-961e-999ce99e0afa: 498 ms
Input: 5250000,
Cold Start: false
Unique ID: baff0238-9df1-424c-85da-61d628c48322,
Billed Duration for Request baff0238-9df1-424c-85da-61d628c48322: 488 ms
Input: 5250000,
Cold Start: false
Unique ID: ab3de226-6eff-4b1f-bb0d-3532b59a45dd,
Billed Duration for Request ab3de226-6eff-4b1f-bb0d-3532b59a45dd: 488 ms
Input: 5250000,
Cold Start: false
Unique ID: 4232ab6f-29d6-4549-a500-59579869441f,
Billed Duration for Request 4232ab6f-29d6-4549-a500-59579869441f: 528 ms
Input: 5250000,
Cold Start: false
Unique ID: 537afb6a-387e-4013-89fc-ef51ca0e4f3e,
Billed Duration for Request 537afb6a-387e-4013-89fc-ef51ca0e4f3e: 517 ms
Input: 5250000,
Cold Start: false
Unique ID: 81fb194c-8f0e-4c73-b40f-5b43f085080c,
Billed Duration for Request 81fb194c-8f0e-4c73-b40f-5b43f085080c: 517 ms
Input: 5250000,
Cold Start: false
Unique ID: 542d36a2-0ee8-4523-99ae-8456a39f43e7,
Billed Duration for Request 542d36a2-0ee8-4523-99ae-8456a39f43e7: 537 ms
Input: 5250000,
Cold Start: false
Unique ID: 61e24520-3abb-4318-8d99-258019f5e7b6,
Billed Duration for Request 61e24520-3abb-4318-8d99-258019f5e7b6: 508 ms
Input: 5250000,
Cold Start: false
Unique ID: fb6c34e8-5a5c-482b-be75-6d989c6fbbde,
Billed Duration for Request fb6c34e8-5a5c-482b-be75-6d989c6fbbde: 488 ms
Input: 5250000,
Cold Start: false
Unique ID: bc6aff1f-26ff-489f-8edc-9618fd4aaf29,
Billed Duration for Request bc6aff1f-26ff-489f-8edc-9618fd4aaf29: 492 ms
Input: 5250000,
Cold Start: false
Unique ID: c33aecf5-3224-4530-a7c6-d2890e37ef37,
Billed Duration for Request c33aecf5-3224-4530-a7c6-d2890e37ef37: 500 ms
Input: 5250000,
Cold Start: false
Unique ID: 80316204-a8b2-4f67-8242-26f44a88ae21,
Billed Duration for Request 80316204-a8b2-4f67-8242-26f44a88ae21: 493 ms
Input: 5250000,
Cold Start: false
Unique ID: 64f706e4-e3b8-46a8-82ed-be46d47f9610,
Billed Duration for Request 64f706e4-e3b8-46a8-82ed-be46d47f9610: 505 ms
Input: 5250000,
Cold Start: false
Unique ID: 29ec2eca-6dc8-4a75-bfc1-409bcf1301d9,
Billed Duration for Request 29ec2eca-6dc8-4a75-bfc1-409bcf1301d9: 536 ms
Input: 5250000,
Cold Start: false
Unique ID: 25293875-0f57-4c00-877d-1f3110a52d3e,
Billed Duration for Request 25293875-0f57-4c00-877d-1f3110a52d3e: 513 ms
Input: 5250000,
Cold Start: false
Unique ID: 6d00ba78-3715-4684-8aad-748b3dd1afe6,
Billed Duration for Request 6d00ba78-3715-4684-8aad-748b3dd1afe6: 514 ms
Input: 5250000,
Cold Start: false
Unique ID: 618b0c37-2f3b-46a8-b83e-45d9f0068d3d,
Billed Duration for Request 618b0c37-2f3b-46a8-b83e-45d9f0068d3d: 538 ms
Input: 5250000,
Cold Start: false
Unique ID: 2c92dc9a-83d4-4b8c-b8b9-fd83785c7dd9,
Billed Duration for Request 2c92dc9a-83d4-4b8c-b8b9-fd83785c7dd9: 507 ms
Input: 5250000,
Cold Start: false
Unique ID: c119fb5d-7cb3-418e-a02b-d3b287c726d2,
Billed Duration for Request c119fb5d-7cb3-418e-a02b-d3b287c726d2: 507 ms
Input: 5250000,
Cold Start: false
Unique ID: 6a14ca29-75c1-4ea3-bb98-5ae5769a27d1,
Billed Duration for Request 6a14ca29-75c1-4ea3-bb98-5ae5769a27d1: 493 ms
Input: 5250000,
Cold Start: false
Unique ID: 9a525166-2499-4eaa-8107-ad7ed106b7dc,
Billed Duration for Request 9a525166-2499-4eaa-8107-ad7ed106b7dc: 494 ms
Input: 5250000,
Cold Start: false
Unique ID: 1b1166e0-5131-4076-b563-a1a07bfcdb67,
Billed Duration for Request 1b1166e0-5131-4076-b563-a1a07bfcdb67: 493 ms
Input: 5250000,
Cold Start: false
Unique ID: 3945a5be-0eed-4abb-a94c-1b0c72b42545,
Billed Duration for Request 3945a5be-0eed-4abb-a94c-1b0c72b42545: 501 ms
Input: 5250000,
Cold Start: false
Unique ID: 6e336547-4ca5-44cb-ae88-b5fa7c8180d4,
Billed Duration for Request 6e336547-4ca5-44cb-ae88-b5fa7c8180d4: 534 ms
Input: 5250000,
Cold Start: false
Unique ID: 3688515e-7351-4226-be55-40c6f3658c11,
Billed Duration for Request 3688515e-7351-4226-be55-40c6f3658c11: 518 ms
Input: 5250000,
Cold Start: false
Unique ID: 79454476-c2ec-4584-b868-3e086ac12b39,
Billed Duration for Request 79454476-c2ec-4584-b868-3e086ac12b39: 517 ms
Input: 5250000,
Cold Start: false
Unique ID: a25dffe8-b9c3-4429-afb7-642b23c893ac,
Billed Duration for Request a25dffe8-b9c3-4429-afb7-642b23c893ac: 535 ms
Input: 5250000,
Cold Start: false
Unique ID: d62b3e38-0d8e-45b5-8ad8-f2e0d04edf4c,
Billed Duration for Request d62b3e38-0d8e-45b5-8ad8-f2e0d04edf4c: 504 ms
Input: 5250000,
Cold Start: false
Unique ID: 3ad1da36-9469-4470-a22c-0d73c8579b35,
Billed Duration for Request 3ad1da36-9469-4470-a22c-0d73c8579b35: 508 ms
Input: 5250000,
Cold Start: false
Unique ID: 25cbb1ca-f4e1-43b5-8362-3a321676e949,
Billed Duration for Request 25cbb1ca-f4e1-43b5-8362-3a321676e949: 494 ms
Input: 5250000,
Cold Start: false
Unique ID: a751b5fd-5183-4f7e-b1b9-85ea2205e7eb,
Billed Duration for Request a751b5fd-5183-4f7e-b1b9-85ea2205e7eb: 497 ms
Input: 5250000,
Cold Start: false
Unique ID: d0f3dd21-fc27-4b85-9b65-66e7defc00f0,
Billed Duration for Request d0f3dd21-fc27-4b85-9b65-66e7defc00f0: 489 ms
Input: 5250000,
Cold Start: false
Unique ID: eab562a2-e082-4dfd-b8ca-837210a9ad4a,
Billed Duration for Request eab562a2-e082-4dfd-b8ca-837210a9ad4a: 491 ms
Input: 5250000,
Cold Start: false
Unique ID: a1b91d2d-7261-4076-a171-e75a73a26ffe,
Billed Duration for Request a1b91d2d-7261-4076-a171-e75a73a26ffe: 532 ms
Input: 5250000,
Cold Start: false
Unique ID: 88ccf53a-92c2-47d1-beaa-c7f55b69f504,
Billed Duration for Request 88ccf53a-92c2-47d1-beaa-c7f55b69f504: 521 ms
Input: 5250000,
Cold Start: false
Unique ID: d96cc3a0-3d2e-454a-a226-b37fbaa37182,
Billed Duration for Request d96cc3a0-3d2e-454a-a226-b37fbaa37182: 521 ms
Input: 5250000,
Cold Start: false
Unique ID: c5ece57b-09c8-434e-85e8-ffad5db43d8d,
Billed Duration for Request c5ece57b-09c8-434e-85e8-ffad5db43d8d: 535 ms
Input: 5250000,
Cold Start: false
Unique ID: beca1b1a-8494-4b87-8b43-905524f4cf5c,
Billed Duration for Request beca1b1a-8494-4b87-8b43-905524f4cf5c: 504 ms
Input: 5250000,
Cold Start: false
Unique ID: b9bb307a-ccc4-4fe7-b89b-5f1e67bcb2dc,
Billed Duration for Request b9bb307a-ccc4-4fe7-b89b-5f1e67bcb2dc: 508 ms
Input: 5250000,
Cold Start: false
Unique ID: 69776894-edda-4ed5-af83-adf2f284f6e7,
Billed Duration for Request 69776894-edda-4ed5-af83-adf2f284f6e7: 495 ms
Input: 5250000,
Cold Start: false
Unique ID: faaebb3e-53a0-46bb-b886-c1fd14c5e96e,
Billed Duration for Request faaebb3e-53a0-46bb-b886-c1fd14c5e96e: 496 ms
Input: 5250000,
Cold Start: false
Unique ID: 8a383f29-4b72-4e82-a416-83444adf1917,
Billed Duration for Request 8a383f29-4b72-4e82-a416-83444adf1917: 489 ms
Input: 5250000,
Cold Start: false
Unique ID: d4d12bda-64a4-4997-ba43-b845b90415f7,
Billed Duration for Request d4d12bda-64a4-4997-ba43-b845b90415f7: 489 ms
Input: 5250000,
Cold Start: false
Unique ID: e5cae951-3f73-4880-afe8-5871bfa1a546,
Billed Duration for Request e5cae951-3f73-4880-afe8-5871bfa1a546: 528 ms
Input: 5250000,
Cold Start: false
Unique ID: fa016ed7-247d-44d5-822a-fbacc12057d3,
Billed Duration for Request fa016ed7-247d-44d5-822a-fbacc12057d3: 517 ms
Input: 5250000,
Cold Start: false
Unique ID: 39f2c561-9056-459a-8552-e8a65ca5bed8,
Billed Duration for Request 39f2c561-9056-459a-8552-e8a65ca5bed8: 518 ms
Input: 5250000,
Cold Start: false
Unique ID: 5ae24d18-aee5-4c3f-93a8-531e00d02931,
Billed Duration for Request 5ae24d18-aee5-4c3f-93a8-531e00d02931: 521 ms
Input: 5250000,
Cold Start: false
Unique ID: 03c2efcd-0b7f-4ed2-9e6d-4101c729dcf9,
Billed Duration for Request 03c2efcd-0b7f-4ed2-9e6d-4101c729dcf9: 506 ms
Input: 5250000,
Cold Start: false
Unique ID: 6321ad90-87fe-4bed-90ff-f12c656025b7,
Billed Duration for Request 6321ad90-87fe-4bed-90ff-f12c656025b7: 492 ms
Input: 5250000,
Cold Start: false
Unique ID: 7c5a7f4f-a25a-4168-9e55-e373a3a04293,
Billed Duration for Request 7c5a7f4f-a25a-4168-9e55-e373a3a04293: 493 ms
Input: 5250000,
Cold Start: false
Unique ID: a1a654a2-cc5b-401a-9408-28cde9b6faae,
Billed Duration for Request a1a654a2-cc5b-401a-9408-28cde9b6faae: 497 ms
Input: 5250000,
Cold Start: false
Unique ID: a1b67949-b63b-40d2-958f-22f49971a3c0,
Billed Duration for Request a1b67949-b63b-40d2-958f-22f49971a3c0: 504 ms
Input: 5250000,
Cold Start: false
Unique ID: 377ae036-c208-4480-9e55-820820b2a217,
Billed Duration for Request 377ae036-c208-4480-9e55-820820b2a217: 503 ms
Input: 5250000,
Cold Start: false
Unique ID: e215ed8f-4d01-44c7-bb36-9423aa0c9de0,
Billed Duration for Request e215ed8f-4d01-44c7-bb36-9423aa0c9de0: 513 ms
Input: 5250000,
Cold Start: false
Unique ID: 7fab8611-21a8-4565-94d7-83676aef16dc,
Billed Duration for Request 7fab8611-21a8-4565-94d7-83676aef16dc: 520 ms
Input: 5250000,
Cold Start: false
Unique ID: 8b9931d3-89d1-4221-94ba-38b73c8f199c,
Billed Duration for Request 8b9931d3-89d1-4221-94ba-38b73c8f199c: 519 ms
Input: 5250000,
Cold Start: false
Unique ID: 3417fa2d-db41-4e87-9806-40741f7fb458,
Billed Duration for Request 3417fa2d-db41-4e87-9806-40741f7fb458: 536 ms
Input: 5250000,
Cold Start: false
Unique ID: 0ae0b9fe-aeec-4f84-899c-271603091589,
Billed Duration for Request 0ae0b9fe-aeec-4f84-899c-271603091589: 506 ms
Input: 5250000,
Cold Start: false
Unique ID: f3811544-89a1-4143-a07c-104cfe973f47,
Billed Duration for Request f3811544-89a1-4143-a07c-104cfe973f47: 500 ms
Input: 5250000,
Cold Start: false
Unique ID: bc9039e6-67d4-404f-87a1-f481a5d91c55,
Billed Duration for Request bc9039e6-67d4-404f-87a1-f481a5d91c55: 492 ms
Input: 5250000,
Cold Start: false
Unique ID: 5b4e49b3-f526-4735-a84a-a2d3c836cc5f,
Billed Duration for Request 5b4e49b3-f526-4735-a84a-a2d3c836cc5f: 497 ms
Input: 5250000,
Cold Start: false
Unique ID: 7cf67947-570d-4046-9e65-e49fd8223c1a,
Billed Duration for Request 7cf67947-570d-4046-9e65-e49fd8223c1a: 492 ms
Input: 5250000,
Cold Start: false
Unique ID: 39607050-b46b-40a9-bf95-a9129e76df4c,
Billed Duration for Request 39607050-b46b-40a9-bf95-a9129e76df4c: 486 ms
Input: 5250000,
Cold Start: false
Unique ID: b1762818-a217-49e7-867f-9d9d99007a45,
Billed Duration for Request b1762818-a217-49e7-867f-9d9d99007a45: 514 ms
Input: 5250000,
Cold Start: false
Unique ID: 4dbcc14d-1baf-44d1-9a57-ab0f72ff2c51,
Billed Duration for Request 4dbcc14d-1baf-44d1-9a57-ab0f72ff2c51: 517 ms
Input: 5250000,
Cold Start: false
Unique ID: 66658159-bca2-4f5a-a706-5cf3835efb41,
Billed Duration for Request 66658159-bca2-4f5a-a706-5cf3835efb41: 522 ms
Input: 5250000,
Cold Start: false
Unique ID: f1f10ec8-47ff-42cf-b511-7000263b6200,
Billed Duration for Request f1f10ec8-47ff-42cf-b511-7000263b6200: 541 ms
Input: 5250000,
Cold Start: false
Unique ID: cfd60f27-49a2-4838-87b8-1bce7466e983,
Billed Duration for Request cfd60f27-49a2-4838-87b8-1bce7466e983: 489 ms
Input: 5250000,
Cold Start: false
Unique ID: cadfedff-99f1-464d-924c-e6b91554f7ea,
Billed Duration for Request cadfedff-99f1-464d-924c-e6b91554f7ea: 507 ms
Input: 5250000,
Cold Start: false
Unique ID: 59c1e4fd-1a1c-438c-ad5c-a325d1c0a482,
Billed Duration for Request 59c1e4fd-1a1c-438c-ad5c-a325d1c0a482: 492 ms
Input: 5250000,
Cold Start: false
Unique ID: 0afa12d0-c639-4909-a1a6-b46ee2b7a2c2,
Billed Duration for Request 0afa12d0-c639-4909-a1a6-b46ee2b7a2c2: 493 ms
Input: 5250000,
Cold Start: false
Unique ID: ff859272-daa9-4a8e-bcd1-429d60167d73,
Billed Duration for Request ff859272-daa9-4a8e-bcd1-429d60167d73: 488 ms
Input: 5250000,
Cold Start: false
Unique ID: d93efd3b-9267-4014-8818-caf1c2a860d7,
Billed Duration for Request d93efd3b-9267-4014-8818-caf1c2a860d7: 485 ms
Input: 5250000,
Cold Start: false
Unique ID: 8677e915-4021-4539-980a-b92b1001d867,
Billed Duration for Request 8677e915-4021-4539-980a-b92b1001d867: 536 ms
Input: 5250000,
Cold Start: false
Unique ID: a1c55bcf-d591-4767-aacc-be31ee8e6ac7,
Billed Duration for Request a1c55bcf-d591-4767-aacc-be31ee8e6ac7: 537 ms
Input: 5250000,
Cold Start: false
Unique ID: b096b1ec-ae66-4671-a34e-e077dfdb1eb2,
Billed Duration for Request b096b1ec-ae66-4671-a34e-e077dfdb1eb2: 522 ms
Input: 5250000,
Cold Start: false
Unique ID: c6ecacc6-d65c-400d-b328-d92a07590c80,
Billed Duration for Request c6ecacc6-d65c-400d-b328-d92a07590c80: 535 ms
Input: 5250000,
Cold Start: false
Unique ID: 60b4ac7c-2ca3-4d08-b8d4-184c198575ec,
Billed Duration for Request 60b4ac7c-2ca3-4d08-b8d4-184c198575ec: 488 ms
Input: 5250000,
Cold Start: false
Unique ID: 9367f942-0d88-4e9c-a41d-04525b438cda,
Billed Duration for Request 9367f942-0d88-4e9c-a41d-04525b438cda: 492 ms
Input: 5250000,
Cold Start: false
Unique ID: b3047f07-df88-42f5-b3b3-e6bd2f2ded55,
Billed Duration for Request b3047f07-df88-42f5-b3b3-e6bd2f2ded55: 492 ms
Input: 5250000,
Cold Start: false
Unique ID: db53283a-27e1-40e3-9816-d593b0cb6e64,
Billed Duration for Request db53283a-27e1-40e3-9816-d593b0cb6e64: 496 ms
Input: 5250000,
Cold Start: false
Unique ID: 81b00303-35a3-4418-8000-70b882de359a,
Billed Duration for Request 81b00303-35a3-4418-8000-70b882de359a: 505 ms
Input: 5250000,
Cold Start: false
Unique ID: b88539d2-494e-4d14-adb5-75e25790037c,
Billed Duration for Request b88539d2-494e-4d14-adb5-75e25790037c: 505 ms
Input: 5250000,
Cold Start: false
Unique ID: 929d06ea-9e94-47b5-ac75-53117894208a,
Billed Duration for Request 929d06ea-9e94-47b5-ac75-53117894208a: 519 ms
Input: 5250000,
Cold Start: false
Unique ID: 33f64c2b-e9ae-4a72-9110-847db1a296a1,
Billed Duration for Request 33f64c2b-e9ae-4a72-9110-847db1a296a1: 515 ms
Input: 5250000,
Cold Start: false
Unique ID: c1fbf50b-f361-4a54-90bf-10c0d2f26656,
Billed Duration for Request c1fbf50b-f361-4a54-90bf-10c0d2f26656: 524 ms
Input: 5250000,
Cold Start: false
Unique ID: 0b488045-51f3-4f72-a71c-0d950094fd79,
Billed Duration for Request 0b488045-51f3-4f72-a71c-0d950094fd79: 540 ms
Input: 5250000,
Cold Start: false
Unique ID: 4ab822b2-4fb5-4c8a-9381-737a6e0dd463,
Billed Duration for Request 4ab822b2-4fb5-4c8a-9381-737a6e0dd463: 488 ms
Input: 5250000,
Cold Start: false
Unique ID: ce1b3f3e-d945-46e6-998a-4445f6f248dd,
Billed Duration for Request ce1b3f3e-d945-46e6-998a-4445f6f248dd: 492 ms
Input: 5250000,
Cold Start: false
Unique ID: 04e7ebfc-6edf-40bc-bfc7-b0e8b5b92dab,
Billed Duration for Request 04e7ebfc-6edf-40bc-bfc7-b0e8b5b92dab: 490 ms
Input: 5250000,
Cold Start: false
Unique ID: 8160992e-a69d-4b55-9864-23b26e5e1e06,
Billed Duration for Request 8160992e-a69d-4b55-9864-23b26e5e1e06: 496 ms
Input: 5250000,
Cold Start: false
Unique ID: 6eac5bdf-154b-4063-92b4-7bce95f00d54,
Billed Duration for Request 6eac5bdf-154b-4063-92b4-7bce95f00d54: 489 ms
Input: 5250000,
Cold Start: false
Unique ID: c3513050-3701-4ca0-bb4d-527d863e67bb,
Billed Duration for Request c3513050-3701-4ca0-bb4d-527d863e67bb: 528 ms
Input: 5250000,
Cold Start: false
Unique ID: d1047325-541b-4f8c-bfcd-9538b03f4922,
Billed Duration for Request d1047325-541b-4f8c-bfcd-9538b03f4922: 495 ms
Input: 5250000,
Cold Start: false
Unique ID: 894c5c5e-4861-4bfb-93eb-a8928a13bfcd,
Billed Duration for Request 894c5c5e-4861-4bfb-93eb-a8928a13bfcd: 529 ms
Input: 5250000,
Cold Start: false
Unique ID: 09438c9e-9840-4d0c-9b34-433ebdde3fc8,
Billed Duration for Request 09438c9e-9840-4d0c-9b34-433ebdde3fc8: 498 ms
Input: 5250000,
Cold Start: false
Unique ID: 3761ba6b-81c1-4a94-b84f-1c0817c541d6,
Billed Duration for Request 3761ba6b-81c1-4a94-b84f-1c0817c541d6: 522 ms
Input: 5250000,
Cold Start: false
Unique ID: d982f38a-426a-4bc2-b74b-9f28700c78e0,
Billed Duration for Request d982f38a-426a-4bc2-b74b-9f28700c78e0: 505 ms
Input: 5250000,
Cold Start: false
Unique ID: 35aa62b2-00f8-412a-9582-8f0512b1f3a8,
Billed Duration for Request 35aa62b2-00f8-412a-9582-8f0512b1f3a8: 529 ms
Input: 5250000,
Cold Start: false
Unique ID: 19a3f298-f01b-4f4a-b592-1b4ad09ae01b,
Billed Duration for Request 19a3f298-f01b-4f4a-b592-1b4ad09ae01b: 493 ms
Input: 5250000,
Cold Start: false
Unique ID: 4f95bea1-b7ac-461c-859f-11d009539045,
Billed Duration for Request 4f95bea1-b7ac-461c-859f-11d009539045: 488 ms
Input: 5250000,
Cold Start: false
Unique ID: b39028c5-cca0-4aca-b940-46e2cd158ced,
Billed Duration for Request b39028c5-cca0-4aca-b940-46e2cd158ced: 489 ms
Input: 5250000,
Cold Start: false
Unique ID: 1f581f99-8f80-447b-9d7c-15d57a4c0c41,
Billed Duration for Request 1f581f99-8f80-447b-9d7c-15d57a4c0c41: 526 ms
Input: 5250000,
Cold Start: false
Unique ID: 2fbacfa1-0b7c-4128-92b6-fdcaf5dbe8ad,
Billed Duration for Request 2fbacfa1-0b7c-4128-92b6-fdcaf5dbe8ad: 497 ms
Input: 5250000,
Cold Start: false
Unique ID: 834ee65f-8dde-4428-8fac-3370a8ebc672,
Billed Duration for Request 834ee65f-8dde-4428-8fac-3370a8ebc672: 531 ms
Input: 5250000,
Cold Start: false
Unique ID: 4dd2744e-59de-4648-a367-f1d2c392510e,
Billed Duration for Request 4dd2744e-59de-4648-a367-f1d2c392510e: 492 ms
Input: 5250000,
Cold Start: false
Unique ID: 26ec4042-6eeb-499f-b91f-9ca48416eac7,
Billed Duration for Request 26ec4042-6eeb-499f-b91f-9ca48416eac7: 539 ms
Input: 5250000,
Cold Start: false
Unique ID: 343d47bc-63f4-4b50-8300-a7d01bee73eb,
Billed Duration for Request 343d47bc-63f4-4b50-8300-a7d01bee73eb: 527 ms
Input: 5250000,
Cold Start: false
Unique ID: 79bea52c-56e7-478c-9e21-b207d963be3f,
Billed Duration for Request 79bea52c-56e7-478c-9e21-b207d963be3f: 503 ms
Input: 5250000,
Cold Start: false
Unique ID: 45c2adce-0f7a-4825-93c2-ee5b130ff28f,
Billed Duration for Request 45c2adce-0f7a-4825-93c2-ee5b130ff28f: 494 ms
Input: 5250000,
Cold Start: false
Unique ID: ae167d91-6e85-4c2b-9322-c87240eda620,
Billed Duration for Request ae167d91-6e85-4c2b-9322-c87240eda620: 496 ms
Input: 5250000,
Cold Start: false
Unique ID: 139e048b-88fe-475c-8778-3ab50ae93267,
Billed Duration for Request 139e048b-88fe-475c-8778-3ab50ae93267: 491 ms
Input: 5250000,
Cold Start: false
Unique ID: ec17436a-635e-4e18-ab84-79804f2a997a,
Billed Duration for Request ec17436a-635e-4e18-ab84-79804f2a997a: 497 ms
Input: 5250000,
Cold Start: false
Unique ID: 2daf7712-f13f-4ed5-a597-4d01ffc23e18,
Billed Duration for Request 2daf7712-f13f-4ed5-a597-4d01ffc23e18: 545 ms
Input: 5250000,
Cold Start: false
Unique ID: 561b744a-4a55-465f-9d94-f2798b588954,
Billed Duration for Request 561b744a-4a55-465f-9d94-f2798b588954: 534 ms
Input: 5250000,
Cold Start: false
Unique ID: bff72dc8-8803-4b79-9d0b-9da0c8c69596,
Billed Duration for Request bff72dc8-8803-4b79-9d0b-9da0c8c69596: 540 ms
Input: 5250000,
Cold Start: false
Unique ID: cd0e94eb-9550-4714-a2bf-4c5c0124e60a,
Billed Duration for Request cd0e94eb-9550-4714-a2bf-4c5c0124e60a: 532 ms
Input: 5250000,
Cold Start: false
Unique ID: ed0042a0-4e24-4155-aeb2-78f2bc0fcdef,
Billed Duration for Request ed0042a0-4e24-4155-aeb2-78f2bc0fcdef: 506 ms
Input: 5250000,
Cold Start: false
Unique ID: aafb6313-1836-4a64-99a8-5155fabf5ba9,
Billed Duration for Request aafb6313-1836-4a64-99a8-5155fabf5ba9: 492 ms
Input: 5250000,
Cold Start: false
Unique ID: de2d74c1-8772-4960-990a-56afde4d97a1,
Billed Duration for Request de2d74c1-8772-4960-990a-56afde4d97a1: 492 ms
Input: 5250000,
Cold Start: false
Unique ID: 60d05eee-1091-4a06-8b78-4e490e9ec3e8,
Billed Duration for Request 60d05eee-1091-4a06-8b78-4e490e9ec3e8: 494 ms
Input: 5250000,
Cold Start: false
Unique ID: 5b5da397-a484-4157-93e9-d71c3df233b1,
Billed Duration for Request 5b5da397-a484-4157-93e9-d71c3df233b1: 492 ms
Input: 5250000,
Cold Start: false
Unique ID: 54c269b4-4ff2-48cc-8a12-252e4b789bd6,
Billed Duration for Request 54c269b4-4ff2-48cc-8a12-252e4b789bd6: 505 ms
Input: 5250000,
Cold Start: false
Unique ID: e5caca84-cbd5-4823-94d5-fb283269b5b1,
Billed Duration for Request e5caca84-cbd5-4823-94d5-fb283269b5b1: 534 ms
Input: 5250000,
Cold Start: false
Unique ID: 588b298f-e452-4ae9-874a-040413b4fc5d,
Billed Duration for Request 588b298f-e452-4ae9-874a-040413b4fc5d: 511 ms
Input: 5250000,
Cold Start: false
Unique ID: 09b1b64d-bc45-4807-acb5-e0e5dca56bf7,
Billed Duration for Request 09b1b64d-bc45-4807-acb5-e0e5dca56bf7: 541 ms
Input: 5250000,
Cold Start: false
Unique ID: 056ab36f-0ed8-4e46-a342-b19aad279e6c,
Billed Duration for Request 056ab36f-0ed8-4e46-a342-b19aad279e6c: 538 ms
Input: 5250000,
Cold Start: false
Unique ID: 2d72d11c-1149-4598-8565-fa2cc296b5ac,
Billed Duration for Request 2d72d11c-1149-4598-8565-fa2cc296b5ac: 504 ms
Input: 5250000,
Cold Start: false
Unique ID: 6c0fed78-3e0f-4cba-9ed0-176645ff4ebe,
Billed Duration for Request 6c0fed78-3e0f-4cba-9ed0-176645ff4ebe: 508 ms
Input: 5250000,
Cold Start: false
Unique ID: ee822cc4-fb9d-4fea-9817-8e57cffd1b97,
Billed Duration for Request ee822cc4-fb9d-4fea-9817-8e57cffd1b97: 493 ms
Input: 5250000,
Cold Start: false
Unique ID: b71f928b-c4de-413c-89c9-5fda956d806e,
Billed Duration for Request b71f928b-c4de-413c-89c9-5fda956d806e: 492 ms
Input: 5250000,
Cold Start: false
Unique ID: 418b9b19-1c38-43c2-9660-792bbf93586e,
Billed Duration for Request 418b9b19-1c38-43c2-9660-792bbf93586e: 505 ms
Input: 5250000,
Cold Start: false
Unique ID: 8c0dbd6e-36b4-43e3-b41b-120ff408b615,
Billed Duration for Request 8c0dbd6e-36b4-43e3-b41b-120ff408b615: 490 ms
Input: 5250000,
Cold Start: false
Unique ID: 510c36b9-2178-4186-89d3-e999245388ce,
Billed Duration for Request 510c36b9-2178-4186-89d3-e999245388ce: 531 ms
Input: 5250000,
Cold Start: false
Unique ID: 09a867d6-d873-4987-ad9c-cefa67f00e0f,
Billed Duration for Request 09a867d6-d873-4987-ad9c-cefa67f00e0f: 530 ms
Input: 5250000,
Cold Start: false
Unique ID: 3c6a5bb0-4efa-4bef-9132-9d98d91ddc85,
Billed Duration for Request 3c6a5bb0-4efa-4bef-9132-9d98d91ddc85: 538 ms
Input: 5250000,
Cold Start: false
Unique ID: f19aa6d3-57b3-4391-acb7-f86ceae31cc1,
Billed Duration for Request f19aa6d3-57b3-4391-acb7-f86ceae31cc1: 539 ms
Input: 5250000,
Cold Start: false
Unique ID: e16927a5-cb1a-4f6e-9a89-d1919e9e3833,
Billed Duration for Request e16927a5-cb1a-4f6e-9a89-d1919e9e3833: 504 ms
Input: 5250000,
Cold Start: false
Unique ID: c0a62ba9-9e3f-4e96-90d6-bcc2f0ef68d4,
Billed Duration for Request c0a62ba9-9e3f-4e96-90d6-bcc2f0ef68d4: 487 ms
Input: 5250000,
Cold Start: false
Unique ID: ac194ec8-63ec-45e3-a1fd-fd56ccbb89c5,
Billed Duration for Request ac194ec8-63ec-45e3-a1fd-fd56ccbb89c5: 493 ms
Input: 5250000,
Cold Start: false
Unique ID: b56f9b9f-0357-4048-8a9e-6d272f003042,
Billed Duration for Request b56f9b9f-0357-4048-8a9e-6d272f003042: 496 ms
Input: 5250000,
Cold Start: false
Unique ID: 9bae311f-5f7f-4eed-ad71-77b7876cd8fc,
Billed Duration for Request 9bae311f-5f7f-4eed-ad71-77b7876cd8fc: 506 ms
Input: 5250000,
Cold Start: false
Unique ID: 7b9cc9ee-26cb-4a05-a79c-deb104329d27,
Billed Duration for Request 7b9cc9ee-26cb-4a05-a79c-deb104329d27: 506 ms
Input: 5250000,
Cold Start: false
Unique ID: 93d9d12d-f871-4986-92f4-df758aaca09f,
Billed Duration for Request 93d9d12d-f871-4986-92f4-df758aaca09f: 530 ms
Input: 5250000,
Cold Start: false
Unique ID: 260567dc-239f-4876-8087-8a836e7ccb7b,
Billed Duration for Request 260567dc-239f-4876-8087-8a836e7ccb7b: 533 ms
Input: 5250000,
Cold Start: false
Unique ID: 568622fb-abc7-47ad-886c-3450db839825,
Billed Duration for Request 568622fb-abc7-47ad-886c-3450db839825: 542 ms
Input: 5250000,
Cold Start: false
Unique ID: 002a75b4-f7c2-4fed-acba-c5fa7c36ce6f,
Billed Duration for Request 002a75b4-f7c2-4fed-acba-c5fa7c36ce6f: 539 ms
Input: 5250000,
Cold Start: false
Unique ID: 91e00148-ce53-43c6-8c06-c3d40db0e1b9,
Billed Duration for Request 91e00148-ce53-43c6-8c06-c3d40db0e1b9: 506 ms
Input: 5250000,
Cold Start: false
Unique ID: 9278ce57-a625-4cd0-a66d-c6a1b858fe74,
Billed Duration for Request 9278ce57-a625-4cd0-a66d-c6a1b858fe74: 504 ms
Input: 5250000,
Cold Start: false
Unique ID: 3f1725af-b678-4c4a-9cf8-9cec5641af72,
Billed Duration for Request 3f1725af-b678-4c4a-9cf8-9cec5641af72: 507 ms
Input: 5250000,
Cold Start: false
Unique ID: 05f3ac72-9558-4d5d-b9e0-d128ac723809,
Billed Duration for Request 05f3ac72-9558-4d5d-b9e0-d128ac723809: 496 ms
Input: 5250000,
Cold Start: false
Unique ID: d2165217-13b7-491b-bb8c-2a3cb618f96a,
Billed Duration for Request d2165217-13b7-491b-bb8c-2a3cb618f96a: 503 ms
Input: 5250000,
Cold Start: false
Unique ID: 8ed9ee5b-ffc0-4b89-b998-f48192d9fd0f,
Billed Duration for Request 8ed9ee5b-ffc0-4b89-b998-f48192d9fd0f: 530 ms
Input: 5250000,
Cold Start: false
Unique ID: 9a3e0701-5d91-4b84-8078-6559c263fe67,
Billed Duration for Request 9a3e0701-5d91-4b84-8078-6559c263fe67: 505 ms
Input: 5250000,
Cold Start: false
Unique ID: 7d27d751-4ce5-4954-a07b-173de1ed9916,
Billed Duration for Request 7d27d751-4ce5-4954-a07b-173de1ed9916: 529 ms
Input: 5250000,
Cold Start: false
Unique ID: 8d682472-973d-4c9d-88a6-9ec9aba54b8c,
Billed Duration for Request 8d682472-973d-4c9d-88a6-9ec9aba54b8c: 535 ms
Input: 5250000,
Cold Start: false
Unique ID: cd766160-996e-49b0-b7a1-d759bbd72eff,
Billed Duration for Request cd766160-996e-49b0-b7a1-d759bbd72eff: 490 ms
Input: 5250000,
Cold Start: false
Unique ID: edc010af-1fe0-4e77-9c2a-79d8d0b341c8,
Billed Duration for Request edc010af-1fe0-4e77-9c2a-79d8d0b341c8: 530 ms
Input: 5250000,
Cold Start: false
Unique ID: b3b3ac3a-17df-4e37-bc56-388b2ee3c964,
Billed Duration for Request b3b3ac3a-17df-4e37-bc56-388b2ee3c964: 502 ms
Input: 5250000,
Cold Start: false
Unique ID: cbf903e9-fafe-4ac8-819a-138ca189bf28,
Billed Duration for Request cbf903e9-fafe-4ac8-819a-138ca189bf28: 492 ms
Input: 5250000,
Cold Start: false
Unique ID: 16233748-12d7-4a57-b7b9-2a3fafc7950c,
Billed Duration for Request 16233748-12d7-4a57-b7b9-2a3fafc7950c: 496 ms
Input: 5250000,
Cold Start: false
Unique ID: ee69bddd-f508-4ee2-86fe-e558edd4a668,
Billed Duration for Request ee69bddd-f508-4ee2-86fe-e558edd4a668: 487 ms
Input: 5250000,
Cold Start: false
Unique ID: 48cc7292-caad-4cf6-b1c6-671f1604ad6f,
Billed Duration for Request 48cc7292-caad-4cf6-b1c6-671f1604ad6f: 526 ms
Input: 5250000,
Cold Start: false
Unique ID: cc5bc745-7ffe-461d-9c4e-c25f5d7f2a45,
Billed Duration for Request cc5bc745-7ffe-461d-9c4e-c25f5d7f2a45: 525 ms
Input: 5250000,
Cold Start: false
Unique ID: 5246bebd-416a-4a99-a7d9-5276d091a007,
Billed Duration for Request 5246bebd-416a-4a99-a7d9-5276d091a007: 501 ms
Input: 5250000,
Cold Start: false
Unique ID: 8119b6e7-e2d5-49f3-8dd9-01a39c1ae40f,
Billed Duration for Request 8119b6e7-e2d5-49f3-8dd9-01a39c1ae40f: 502 ms
Input: 5250000,
Cold Start: false
Unique ID: 292a24b5-f81a-4f68-9e8c-68e700cd6aeb,
Billed Duration for Request 292a24b5-f81a-4f68-9e8c-68e700cd6aeb: 530 ms
Input: 5250000,
Cold Start: false
Unique ID: 144eed7d-bc63-4e77-953f-e7562bf33e74,
Billed Duration for Request 144eed7d-bc63-4e77-953f-e7562bf33e74: 506 ms
Input: 5250000,
Cold Start: false
Unique ID: f3aa6acf-faa3-44fe-b1e7-09f1b872717d,
Billed Duration for Request f3aa6acf-faa3-44fe-b1e7-09f1b872717d: 527 ms
Input: 5250000,
Cold Start: false
Unique ID: a554761a-aee1-493c-85f6-7e523700fc9e,
Billed Duration for Request a554761a-aee1-493c-85f6-7e523700fc9e: 492 ms
Input: 5250000,
Cold Start: false
Unique ID: 9f68bbef-7c1c-4e8f-9474-d8452e4d3949,
Billed Duration for Request 9f68bbef-7c1c-4e8f-9474-d8452e4d3949: 495 ms
Input: 5250000,
Cold Start: false
Unique ID: eb96679f-8681-45b1-aa9e-71e6aab0c86c,
Billed Duration for Request eb96679f-8681-45b1-aa9e-71e6aab0c86c: 488 ms
Input: 5250000,
Cold Start: false
Unique ID: 11d3f8ac-7eeb-4be5-a2bc-39320375ad0c,
Billed Duration for Request 11d3f8ac-7eeb-4be5-a2bc-39320375ad0c: 529 ms
Input: 5250000,
Cold Start: false
Unique ID: c3c0d1ac-1f34-40c4-acf1-5ad535f10c43,
Billed Duration for Request c3c0d1ac-1f34-40c4-acf1-5ad535f10c43: 544 ms
Input: 5250000,
Cold Start: false
Unique ID: cba7ef1b-83c1-4c92-8f36-63c179c8d015,
Billed Duration for Request cba7ef1b-83c1-4c92-8f36-63c179c8d015: 503 ms
Input: 5250000,
Cold Start: false
Unique ID: 4d05e455-41aa-4159-bf26-7378c4bee78d,
Billed Duration for Request 4d05e455-41aa-4159-bf26-7378c4bee78d: 490 ms
Input: 5250000,
Cold Start: false
Unique ID: 9a76c0f1-bf93-4895-8808-bac91763f437,
Billed Duration for Request 9a76c0f1-bf93-4895-8808-bac91763f437: 531 ms
Input: 5250000,
Cold Start: false
Unique ID: 262a1049-05e8-47c2-9fce-6d42ccea6171,
Billed Duration for Request 262a1049-05e8-47c2-9fce-6d42ccea6171: 546 ms
Input: 5250000,
Cold Start: false
Unique ID: 290f71c6-c4f1-469c-af42-2044a53e0cab,
Billed Duration for Request 290f71c6-c4f1-469c-af42-2044a53e0cab: 491 ms
Input: 5250000,
Cold Start: false
Unique ID: fe0a9dbb-d653-4d74-a288-e8e864d8d3c7,
Billed Duration for Request fe0a9dbb-d653-4d74-a288-e8e864d8d3c7: 496 ms
Input: 5250000,
Cold Start: false
Unique ID: 14ae524d-ca9d-4d4f-a67d-888aa34fddef,
Billed Duration for Request 14ae524d-ca9d-4d4f-a67d-888aa34fddef: 493 ms
Input: 5250000,
Cold Start: false
Unique ID: 402aebfc-fe8b-4196-935a-325902c1d8c3,
Billed Duration for Request 402aebfc-fe8b-4196-935a-325902c1d8c3: 534 ms
Input: 5250000,
Cold Start: false
Unique ID: 90c76786-4400-4092-a11c-065a921146ab,
Billed Duration for Request 90c76786-4400-4092-a11c-065a921146ab: 497 ms
Input: 5250000,
Cold Start: false
Unique ID: 74ee333b-d6b8-4e1e-815a-7f39afcac114,
Billed Duration for Request 74ee333b-d6b8-4e1e-815a-7f39afcac114: 504 ms
Input: 5250000,
Cold Start: false
Unique ID: 5f6ba14b-2f68-4fd6-a15d-51cc8e16dc37,
Billed Duration for Request 5f6ba14b-2f68-4fd6-a15d-51cc8e16dc37: 549 ms
Input: 5250000,
Cold Start: false
