Number of Runs,5929

Direct 95% Percentile CI Width,144.21621621621622
Direct 95% Percentile CI Lower Bound,-28.000000000000004
Direct 95% Percentile CI Upper Bound,116.21621621621621

Bootstrap 95% Percentile CI Width,2.455106621773286
Bootstrap 95% Percentile CI Lower Bound,28.40909090909091
Bootstrap 95% Percentile CI Upper Bound,30.864197530864196

Percentage Difference (%)
-50.34013605442177
-49.122807017543856
-48.76543209876543
-46.98795180722892
-46.875
-44.099378881987576
-43.94904458598726
-42.76729559748428
-42.2077922077922
-42.10526315789473
-41.830065359477125
-41.61490683229814
-41.43646408839779
-40.76923076923077
-40.625
-40.52287581699346
-40.49079754601227
-40.16393442622951
-40.0
-40.0
-40.0
-39.64497041420118
-39.61038961038961
-39.59731543624161
-39.0728476821192
-38.92617449664429
-38.56209150326798
-38.25503355704698
-37.95620437956204
-37.93103448275862
-37.68115942028986
-37.5
-37.22627737226277
-37.142857142857146
-36.60130718954248
-36.60130718954248
-36.496350364963504
-36.42857142857142
-36.423841059602644
-36.30573248407643
-36.3013698630137
-36.17021276595745
-36.029411764705884
-36.0
-35.97560975609756
-35.91549295774648
-35.86206896551724
-35.40372670807454
-35.172413793103445
-35.13513513513514
-35.03649635036496
-35.03649635036496
-34.899328859060404
-34.78260869565217
-34.64052287581699
-34.61538461538461
-34.55882352941176
-34.54545454545455
-34.32835820895522
-34.32835820895522
-34.32835820895522
-34.26573426573427
-34.193548387096776
-34.146341463414636
-34.074074074074076
-33.90804597701149
-33.81294964028777
-33.793103448275865
-33.77483443708609
-33.75796178343949
-33.5483870967742
-33.33333333333333
-33.33333333333333
-33.33333333333333
-33.12101910828025
-33.116883116883116
-33.108108108108105
-32.94117647058823
-32.91925465838509
-32.86713286713287
-32.86713286713287
-32.857142857142854
-32.857142857142854
-32.846715328467155
-32.62411347517731
-32.608695652173914
-32.467532467532465
-32.467532467532465
-32.450331125827816
-32.35294117647059
-32.278481012658226
-32.23684210526316
-32.16783216783217
-31.818181818181817
-31.782945736434108
-31.782945736434108
-31.57894736842105
-31.446540880503143
-31.386861313868614
-31.372549019607842
-31.32530120481928
-31.28834355828221
-31.25
-31.16883116883117
-31.16883116883117
-31.16883116883117
-31.16883116883117
-31.15942028985507
-31.060606060606062
-31.03448275862069
-31.0126582278481
-30.864197530864196
-30.82706766917293
-30.597014925373134
-30.597014925373134
-30.573248407643312
-30.555555555555557
-30.555555555555557
-30.263157894736842
-30.23255813953488
-30.201342281879196
-30.18867924528302
-30.0
-29.936305732484076
-29.86111111111111
-29.81366459627329
-29.72972972972973
-29.677419354838708
-29.230769230769234
-29.13907284768212
-29.03225806451613
-29.00763358778626
-29.00763358778626
-28.947368421052634
-28.92561983471074
-28.87323943661972
-28.859060402684566
-28.767123287671232
-28.767123287671232
-28.749999999999996
-28.57142857142857
-28.57142857142857
-28.47222222222222
-28.346456692913385
-28.289473684210524
-28.26086956521739
-28.05755395683453
-28.000000000000004
-28.000000000000004
-27.966101694915253
-27.92207792207792
-27.857142857142858
-27.73109243697479
-27.692307692307693
-27.692307692307693
-27.659574468085108
-27.564102564102566
-27.516778523489933
-27.500000000000004
-27.450980392156865
-27.419354838709676
-27.419354838709676
-27.397260273972602
-27.27272727272727
-27.1523178807947
-27.027027027027028
-26.973684210526315
-26.923076923076923
-26.923076923076923
-26.77165354330709
-26.751592356687897
-26.666666666666668
-26.623376623376622
-26.618705035971225
-26.618705035971225
-26.548672566371685
-26.446280991735538
-26.42857142857143
-26.41509433962264
-26.229508196721312
-26.229508196721312
-26.143790849673206
-26.11464968152866
-26.08695652173913
-26.08695652173913
-26.056338028169012
-26.035502958579883
-25.899280575539567
-25.78125
-25.735294117647058
-25.694444444444443
-25.64102564102564
-25.547445255474454
-25.53191489361702
-25.53191489361702
-25.503355704697988
-25.396825396825395
-25.333333333333336
-25.233644859813083
-25.179856115107913
-25.179856115107913
-25.170068027210885
-25.165562913907287
-25.0
-25.0
-25.0
-24.836601307189543
-24.832214765100673
-24.817518248175183
-24.81203007518797
-24.786324786324787
-24.62686567164179
-24.427480916030532
-24.390243902439025
-24.342105263157894
-24.324324324324326
-24.285714285714285
-24.242424242424242
-24.193548387096776
-24.137931034482758
-24.137931034482758
-24.031007751937985
-23.931623931623932
-23.91304347826087
-23.870967741935484
-23.841059602649008
-23.809523809523807
-23.776223776223777
-23.776223776223777
-23.776223776223777
-23.770491803278688
-23.75
-23.703703703703706
-23.62204724409449
-23.577235772357724
-23.333333333333332
-23.275862068965516
-23.25581395348837
-23.18840579710145
-23.140495867768596
-23.076923076923077
-23.076923076923077
-22.972972972972975
-22.950819672131146
-22.900763358778626
-22.857142857142858
-22.818791946308725
-22.727272727272727
-22.727272727272727
-22.674418604651162
-22.65625
-22.65193370165746
-22.602739726027394
-22.58064516129032
-22.48062015503876
-22.413793103448278
-22.413793103448278
-22.36024844720497
-22.31404958677686
-22.31404958677686
-22.22222222222222
-22.22222222222222
-22.22222222222222
-22.22222222222222
-22.151898734177212
-22.023809523809522
-21.96969696969697
-21.929824561403507
-21.91780821917808
-21.85430463576159
-21.85430463576159
-21.84873949579832
-21.830985915492956
-21.830985915492956
-21.774193548387096
-21.768707482993197
-21.73913043478261
-21.641791044776117
-21.62162162162162
-21.53846153846154
-21.518987341772153
-21.50537634408602
-21.476510067114095
-21.367521367521366
-21.311475409836063
-21.311475409836063
-21.238938053097346
-21.232876712328768
-21.21212121212121
-21.138211382113823
-21.12676056338028
-21.12676056338028
-21.052631578947366
-20.833333333333336
-20.833333333333336
-20.80536912751678
-20.77922077922078
-20.72072072072072
-20.689655172413794
-20.689655172413794
-20.689655172413794
-20.64516129032258
-20.634920634920633
-20.610687022900763
-20.56737588652482
-20.52980132450331
-20.491803278688526
-20.491803278688526
-20.47244094488189
-20.437956204379564
-20.353982300884958
-20.30075187969925
-20.30075187969925
-20.253164556962027
-20.18348623853211
-20.149253731343283
-20.149253731343283
-20.14388489208633
-20.0
-20.0
-20.0
-20.0
-19.867549668874172
-19.863013698630137
-19.852941176470587
-19.834710743801654
-19.834710743801654
-19.82758620689655
-19.82758620689655
-19.760479041916167
-19.718309859154928
-19.718309859154928
-19.65811965811966
-19.65811965811966
-19.642857142857142
-19.631901840490798
-19.62025316455696
-19.58041958041958
-19.548872180451127
-19.51219512195122
-19.51219512195122
-19.491525423728813
-19.469026548672566
-19.424460431654676
-19.402985074626866
-19.379844961240313
-19.298245614035086
-19.298245614035086
-19.25925925925926
-19.230769230769234
-19.230769230769234
-19.205298013245034
-19.130434782608695
-19.11764705882353
-19.11764705882353
-19.090909090909093
-19.090909090909093
-19.083969465648856
-19.078947368421055
-18.96551724137931
-18.91891891891892
-18.88111888111888
-18.803418803418804
-18.75
-18.65671641791045
-18.65671641791045
-18.620689655172416
-18.571428571428573
-18.51851851851852
-18.51851851851852
-18.461538461538463
-18.439716312056735
-18.439716312056735
-18.421052631578945
-18.404907975460123
-18.404907975460123
-18.367346938775512
-18.333333333333332
-18.30985915492958
-18.248175182481752
-18.248175182481752
-18.181818181818183
-18.115942028985508
-18.115942028985508
-18.115942028985508
-17.985611510791365
-17.94871794871795
-17.88617886178862
-17.857142857142858
-17.857142857142858
-17.829457364341085
-17.796610169491526
-17.791411042944784
-17.763157894736842
-17.73049645390071
-17.73049645390071
-17.73049645390071
-17.72151898734177
-17.647058823529413
-17.599999999999998
-17.59259259259259
-17.532467532467532
-17.482517482517483
-17.475728155339805
-17.46031746031746
-17.449664429530202
-17.391304347826086
-17.333333333333336
-17.293233082706767
-17.26618705035971
-17.24137931034483
-17.24137931034483
-17.24137931034483
-17.1875
-17.123287671232877
-17.073170731707318
-17.037037037037038
-17.037037037037038
-16.99346405228758
-16.99346405228758
-16.9811320754717
-16.964285714285715
-16.93548387096774
-16.923076923076923
-16.923076923076923
-16.911764705882355
-16.911764705882355
-16.822429906542055
-16.8141592920354
-16.78832116788321
-16.783216783216783
-16.778523489932887
-16.7741935483871
-16.666666666666664
-16.666666666666664
-16.666666666666664
-16.666666666666664
-16.666666666666664
-16.666666666666664
-16.666666666666664
-16.666666666666664
-16.666666666666664
-16.560509554140125
-16.55629139072848
-16.546762589928058
-16.541353383458645
-16.535433070866144
-16.483516483516482
-16.455696202531644
-16.447368421052634
-16.40625
-16.39344262295082
-16.3265306122449
-16.296296296296298
-16.260162601626014
-16.260162601626014
-16.216216216216218
-16.19718309859155
-16.19047619047619
-16.184971098265898
-16.176470588235293
-16.10738255033557
-16.05839416058394
-16.05839416058394
-16.037735849056602
-16.030534351145036
-16.025641025641026
-16.025641025641026
-16.0
-16.0
-15.966386554621847
-15.942028985507244
-15.942028985507244
-15.909090909090908
-15.887850467289718
-15.88235294117647
-15.833333333333332
-15.753424657534246
-15.753424657534246
-15.748031496062993
-15.723270440251572
-15.686274509803921
-15.59633027522936
-15.59633027522936
-15.447154471544716
-15.384615384615385
-15.384615384615385
-15.384615384615385
-15.384615384615385
-15.333333333333332
-15.328467153284672
-15.286624203821656
-15.267175572519085
-15.267175572519085
-15.238095238095239
-15.238095238095239
-15.217391304347828
-15.2
-15.172413793103448
-15.151515151515152
-15.151515151515152
-15.151515151515152
-15.037593984962406
-15.037593984962406
-15.032679738562091
-15.0
-14.953271028037381
-14.925373134328357
-14.912280701754385
-14.912280701754385
-14.84375
-14.84375
-14.814814814814813
-14.754098360655737
-14.728682170542637
-14.685314685314685
-14.655172413793101
-14.655172413793101
-14.634146341463413
-14.516129032258066
-14.50381679389313
-14.50381679389313
-14.414414414414415
-14.393939393939394
-14.388489208633093
-14.383561643835616
-14.37908496732026
-14.37908496732026
-14.285714285714285
-14.285714285714285
-14.285714285714285
-14.285714285714285
-14.18918918918919
-14.173228346456693
-14.093959731543624
-14.093959731543624
-14.084507042253522
-13.986013986013987
-13.939393939393941
-13.91304347826087
-13.88888888888889
-13.768115942028986
-13.740458015267176
-13.740458015267176
-13.675213675213676
-13.636363636363635
-13.636363636363635
-13.60544217687075
-13.571428571428571
-13.548387096774196
-13.533834586466165
-13.533834586466165
-13.513513513513514
-13.461538461538462
-13.461538461538462
-13.422818791946309
-13.422818791946309
-13.333333333333334
-13.286713286713287
-13.20754716981132
-13.178294573643413
-13.131313131313133
-13.114754098360656
-13.114754098360656
-13.084112149532709
-13.084112149532709
-13.084112149532709
-13.084112149532709
-13.076923076923078
-13.076923076923078
-13.043478260869565
-12.987012987012985
-12.987012987012985
-12.962962962962962
-12.903225806451612
-12.903225806451612
-12.903225806451612
-12.871287128712872
-12.844036697247708
-12.844036697247708
-12.837837837837837
-12.82051282051282
-12.82051282051282
-12.781954887218044
-12.751677852348994
-12.738853503184714
-12.716763005780345
-12.711864406779661
-12.676056338028168
-12.612612612612612
-12.587412587412588
-12.5
-12.5
-12.5
-12.5
-12.413793103448276
-12.408759124087592
-12.396694214876034
-12.396694214876034
-12.337662337662337
-12.337662337662337
-12.307692307692308
-12.307692307692308
-12.307692307692308
-12.295081967213115
-12.244897959183673
-12.244897959183673
-12.23021582733813
-12.138728323699421
-12.030075187969924
-12.0
-11.971830985915492
-11.940298507462686
-11.920529801324504
-11.888111888111888
-11.881188118811881
-11.805555555555555
-11.76470588235294
-11.76470588235294
-11.724137931034482
-11.724137931034482
-11.688311688311687
-11.678832116788321
-11.666666666666666
-11.643835616438356
-11.510791366906476
-11.428571428571429
-11.347517730496454
-11.320754716981133
-11.25
-11.206896551724139
-11.188811188811188
-11.11111111111111
-11.11111111111111
-11.11111111111111
-11.11111111111111
-11.11111111111111
-11.11111111111111
-11.0
-10.9375
-10.9375
-10.891089108910892
-10.852713178294573
-10.833333333333334
-10.81081081081081
-10.79136690647482
-10.79136690647482
-10.76923076923077
-10.714285714285714
-10.655737704918032
-10.596026490066226
-10.576923076923077
-10.576923076923077
-10.576923076923077
-10.569105691056912
-10.56338028169014
-10.526315789473683
-10.48951048951049
-10.476190476190476
-10.416666666666668
-10.377358490566039
-10.37037037037037
-10.32258064516129
-10.309278350515463
-10.309278350515463
-10.2803738317757
-10.2803738317757
-10.2803738317757
-10.27027027027027
-10.256410256410255
-10.185185185185185
-10.185185185185185
-10.185185185185185
-10.16949152542373
-10.16949152542373
-10.16949152542373
-10.144927536231885
-10.135135135135135
-10.077519379844961
-10.06711409395973
-10.0
-10.0
-10.0
-10.0
-10.0
-9.917355371900827
-9.900990099009901
-9.848484848484848
-9.836065573770492
-9.836065573770492
-9.803921568627452
-9.803921568627452
-9.79020979020979
-9.75609756097561
-9.740259740259742
-9.70873786407767
-9.67741935483871
-9.67741935483871
-9.615384615384617
-9.615384615384617
-9.58904109589041
-9.523809523809524
-9.523809523809524
-9.45945945945946
-9.448818897637794
-9.433962264150944
-9.420289855072465
-9.395973154362416
-9.345794392523365
-9.333333333333334
-9.243697478991598
-9.183673469387756
-9.183673469387756
-9.183673469387756
-9.183673469387756
-9.174311926605505
-9.166666666666666
-9.166666666666666
-9.16030534351145
-9.15032679738562
-9.15032679738562
-9.090909090909092
-9.090909090909092
-9.090909090909092
-9.090909090909092
-9.090909090909092
-9.090909090909092
-9.090909090909092
-9.090909090909092
-9.090909090909092
-9.027777777777777
-9.00900900900901
-8.955223880597014
-8.955223880597014
-8.955223880597014
-8.955223880597014
-8.94308943089431
-8.94308943089431
-8.94308943089431
-8.928571428571429
-8.928571428571429
-8.870967741935484
-8.849557522123893
-8.80503144654088
-8.783783783783784
-8.737864077669903
-8.653846153846153
-8.620689655172415
-8.571428571428571
-8.51063829787234
-8.49673202614379
-8.49056603773585
-8.49056603773585
-8.461538461538462
-8.450704225352112
-8.450704225352112
-8.441558441558442
-8.441558441558442
-8.421052631578947
-8.333333333333332
-8.264462809917356
-8.21917808219178
-8.19672131147541
-8.16326530612245
-8.148148148148149
-8.080808080808081
-8.0
-8.0
-7.964601769911504
-7.894736842105263
-7.874015748031496
-7.865168539325842
-7.8125
-7.8125
-7.801418439716312
-7.766990291262135
-7.766990291262135
-7.758620689655173
-7.758620689655173
-7.746478873239436
-7.6923076923076925
-7.6923076923076925
-7.6923076923076925
-7.6923076923076925
-7.643312101910828
-7.633587786259542
-7.627118644067797
-7.6190476190476195
-7.575757575757576
-7.563025210084033
-7.563025210084033
-7.563025210084033
-7.462686567164178
-7.446808510638298
-7.43801652892562
-7.339449541284404
-7.2727272727272725
-7.258064516129033
-7.258064516129033
-7.258064516129033
-7.258064516129033
-7.236842105263158
-7.142857142857142
-7.142857142857142
-7.079646017699115
-7.006369426751593
-6.993006993006993
-6.956521739130435
-6.923076923076923
-6.896551724137931
-6.779661016949152
-6.7669172932330826
-6.7114093959731544
-6.666666666666667
-6.666666666666667
-6.60377358490566
-6.60377358490566
-6.578947368421052
-6.569343065693431
-6.557377049180328
-6.557377049180328
-6.521739130434782
-6.504065040650407
-6.504065040650407
-6.493506493506493
-6.474820143884892
-6.451612903225806
-6.428571428571428
-6.382978723404255
-6.363636363636363
-6.293706293706294
-6.293706293706294
-6.293706293706294
-6.25
-6.1946902654867255
-6.1946902654867255
-6.1946902654867255
-6.140350877192982
-6.122448979591836
-6.106870229007633
-6.086956521739131
-6.081081081081082
-6.0606060606060606
-6.0344827586206895
-6.015037593984962
-6.0
-5.982905982905983
-5.9405940594059405
-5.9405940594059405
-5.88235294117647
-5.88235294117647
-5.88235294117647
-5.825242718446602
-5.813953488372093
-5.797101449275362
-5.737704918032787
-5.69620253164557
-5.64516129032258
-5.607476635514018
-5.607476635514018
-5.555555555555555
-5.555555555555555
-5.555555555555555
-5.555555555555555
-5.555555555555555
-5.47945205479452
-5.46875
-5.454545454545454
-5.426356589147287
-5.426356589147287
-5.405405405405405
-5.369127516778524
-5.357142857142857
-5.343511450381679
-5.333333333333334
-5.333333333333334
-5.319148936170213
-5.263157894736842
-5.263157894736842
-5.232558139534884
-5.228758169934641
-5.223880597014925
-5.223880597014925
-5.217391304347826
-5.217391304347826
-5.194805194805195
-5.185185185185185
-5.172413793103448
-5.154639175257731
-5.128205128205128
-5.109489051094891
-5.084745762711865
-5.072463768115942
-5.063291139240507
-5.05050505050505
-5.0359712230215825
-5.0
-5.0
-5.0
-5.0
-5.0
-4.958677685950414
-4.895104895104895
-4.794520547945205
-4.761904761904762
-4.761904761904762
-4.761904761904762
-4.716981132075472
-4.716981132075472
-4.6875
-4.672897196261682
-4.504504504504505
-4.504504504504505
-4.45859872611465
-4.444444444444445
-4.444444444444445
-4.424778761061947
-4.424778761061947
-4.424778761061947
-4.411764705882353
-4.385964912280701
-4.37956204379562
-4.37956204379562
-4.3478260869565215
-4.3478260869565215
-4.3478260869565215
-4.316546762589928
-4.301075268817205
-4.25531914893617
-4.201680672268908
-4.166666666666666
-4.166666666666666
-4.166666666666666
-4.166666666666666
-4.137931034482759
-4.137931034482759
-4.132231404958678
-4.132231404958678
-4.10958904109589
-4.081632653061225
-4.081632653061225
-4.081632653061225
-4.0
-4.0
-3.968253968253968
-3.875968992248062
-3.8461538461538463
-3.8461538461538463
-3.8461538461538463
-3.821656050955414
-3.816793893129771
-3.8095238095238098
-3.8095238095238098
-3.8095238095238098
-3.787878787878788
-3.7735849056603774
-3.7383177570093453
-3.7037037037037033
-3.7037037037037033
-3.64963503649635
-3.64963503649635
-3.6036036036036037
-3.6036036036036037
-3.6036036036036037
-3.571428571428571
-3.571428571428571
-3.546099290780142
-3.5398230088495577
-3.5294117647058822
-3.5211267605633805
-3.5211267605633805
-3.508771929824561
-3.508771929824561
-3.508771929824561
-3.4722222222222223
-3.4482758620689653
-3.4482758620689653
-3.418803418803419
-3.4013605442176873
-3.389830508474576
-3.389830508474576
-3.361344537815126
-3.361344537815126
-3.3333333333333335
-3.2520325203252036
-3.225806451612903
-3.205128205128205
-3.2
-3.1914893617021276
-3.1746031746031744
-3.1645569620253164
-3.1578947368421053
-3.1578947368421053
-3.1578947368421053
-3.1578947368421053
-3.125
-3.125
-3.10077519379845
-3.0927835051546393
-3.0927835051546393
-3.061224489795918
-3.0303030303030303
-3.0303030303030303
-3.0120481927710845
-3.007518796992481
-3.0
-3.0
-3.0
-2.9850746268656714
-2.9702970297029703
-2.9702970297029703
-2.941176470588235
-2.941176470588235
-2.912621359223301
-2.857142857142857
-2.8301886792452833
-2.8301886792452833
-2.7777777777777777
-2.7586206896551726
-2.7586206896551726
-2.7522935779816518
-2.727272727272727
-2.727272727272727
-2.7027027027027026
-2.6785714285714284
-2.6785714285714284
-2.6785714285714284
-2.631578947368421
-2.5806451612903225
-2.5423728813559325
-2.5210084033613445
-2.5
-2.3622047244094486
-2.3622047244094486
-2.34375
-2.2900763358778624
-2.272727272727273
-2.272727272727273
-2.2556390977443606
-2.2388059701492535
-2.2222222222222223
-2.2222222222222223
-2.197802197802198
-2.18978102189781
-2.18978102189781
-2.18978102189781
-2.1739130434782608
-2.1739130434782608
-2.158273381294964
-2.1505376344086025
-2.1505376344086025
-2.1505376344086025
-2.1505376344086025
-2.127659574468085
-2.127659574468085
-2.127659574468085
-2.1052631578947367
-2.083333333333333
-2.0408163265306123
-2.0408163265306123
-2.0
-1.9867549668874174
-1.948051948051948
-1.948051948051948
-1.9417475728155338
-1.9417475728155338
-1.9230769230769231
-1.9047619047619049
-1.9047619047619049
-1.8867924528301887
-1.8867924528301887
-1.8867924528301887
-1.8181818181818181
-1.8018018018018018
-1.7964071856287425
-1.7699115044247788
-1.7699115044247788
-1.7543859649122806
-1.7543859649122806
-1.7391304347826086
-1.7241379310344827
-1.694915254237288
-1.6528925619834711
-1.639344262295082
-1.6129032258064515
-1.5625
-1.5625
-1.550387596899225
-1.5384615384615385
-1.5267175572519083
-1.5037593984962405
-1.5037593984962405
-1.4814814814814816
-1.4705882352941175
-1.4598540145985401
-1.3513513513513513
-1.3157894736842104
-1.3157894736842104
-1.3071895424836601
-1.2658227848101267
-1.25
-1.2195121951219512
-1.098901098901099
-1.0869565217391304
-1.0526315789473684
-1.0416666666666665
-1.0204081632653061
-1.0101010101010102
-0.9900990099009901
-0.9708737864077669
-0.9615384615384616
-0.9615384615384616
-0.9523809523809524
-0.9433962264150944
-0.9433962264150944
-0.9174311926605505
-0.9174311926605505
-0.8771929824561403
-0.8771929824561403
-0.8695652173913043
-0.819672131147541
-0.819672131147541
-0.819672131147541
-0.7936507936507936
-0.7936507936507936
-0.7874015748031495
-0.7874015748031495
-0.7751937984496124
-0.7692307692307693
-0.7633587786259541
-0.7518796992481203
-0.7352941176470588
-0.7352941176470588
-0.7352941176470588
-0.7042253521126761
-0.6993006993006993
-0.6993006993006993
-0.6993006993006993
-0.684931506849315
-0.684931506849315
-0.6802721088435374
-0.6493506493506493
-0.6369426751592357
-0.6329113924050633
-0.5617977528089888
0.0
0.0
0.0
0.0
0.0
0.0
0.0
0.0
0.0
0.0
0.0
0.0
0.0
0.0
0.0
0.0
0.0
0.0
0.0
0.0
0.0
0.0
0.0
0.0
0.0
0.0
0.0
0.0
0.0
0.0
0.0
0.0
0.0
0.0
0.0
0.0
0.0
0.0
0.0
0.0
0.0
0.0
0.0
0.0
0.0
0.0
0.0
0.0
0.0
0.0
0.0
0.6329113924050633
0.6451612903225806
0.6451612903225806
0.6578947368421052
0.6578947368421052
0.6622516556291391
0.6756756756756757
0.6896551724137931
0.7142857142857143
0.7142857142857143
0.7246376811594203
0.7299270072992701
0.7518796992481203
0.7575757575757576
0.7692307692307693
0.7751937984496124
0.8064516129032258
0.8064516129032258
0.819672131147541
0.8403361344537815
0.8403361344537815
0.847457627118644
0.8620689655172413
0.8695652173913043
0.8695652173913043
0.9009009009009009
0.9259259259259258
0.9433962264150944
0.9523809523809524
0.9615384615384616
0.9708737864077669
0.9900990099009901
0.9900990099009901
0.9900990099009901
1.0638297872340425
1.0752688172043012
1.0752688172043012
1.0752688172043012
1.1363636363636365
1.1494252873563218
1.1494252873563218
1.2738853503184715
1.342281879194631
1.342281879194631
1.3793103448275863
1.3888888888888888
1.4084507042253522
1.4084507042253522
1.4184397163120568
1.4705882352941175
1.4925373134328357
1.5037593984962405
1.5151515151515151
1.5151515151515151
1.5151515151515151
1.5267175572519083
1.550387596899225
1.550387596899225
1.5873015873015872
1.6
1.6
1.6260162601626018
1.639344262295082
1.6528925619834711
1.6666666666666667
1.680672268907563
1.7391304347826086
1.7543859649122806
1.7699115044247788
1.7857142857142856
1.8018018018018018
1.8018018018018018
1.834862385321101
1.8518518518518516
1.8691588785046727
1.875
1.8867924528301887
1.8867924528301887
1.9047619047619049
1.9047619047619049
1.9417475728155338
1.9417475728155338
1.9607843137254901
1.9607843137254901
1.9801980198019802
2.0202020202020203
2.0408163265306123
2.0618556701030926
2.127659574468085
2.1505376344086025
2.1739130434782608
2.197802197802198
2.2058823529411766
2.2222222222222223
2.2222222222222223
2.247191011235955
2.272727272727273
2.272727272727273
2.272727272727273
2.2988505747126435
2.2988505747126435
2.312138728323699
2.3255813953488373
2.3255813953488373
2.34375
2.3622047244094486
2.3622047244094486
2.380952380952381
2.380952380952381
2.4
2.4193548387096775
2.4390243902439024
2.4539877300613497
2.459016393442623
2.5
2.5210084033613445
2.564102564102564
2.586206896551724
2.5974025974025974
2.608695652173913
2.608695652173913
2.631578947368421
2.631578947368421
2.631578947368421
2.631578947368421
2.6490066225165565
2.6785714285714284
2.6785714285714284
2.7027027027027026
2.7027027027027026
2.7522935779816518
2.7777777777777777
2.797202797202797
2.803738317757009
2.803738317757009
2.803738317757009
2.8169014084507045
2.8301886792452833
2.898550724637681
2.912621359223301
2.9629629629629632
2.9702970297029703
3.0
3.0
3.0303030303030303
3.0303030303030303
3.076923076923077
3.10077519379845
3.125
3.1446540880503147
3.1746031746031744
3.1746031746031744
3.1914893617021276
3.225806451612903
3.2520325203252036
3.260869565217391
3.260869565217391
3.2679738562091507
3.278688524590164
3.278688524590164
3.3057851239669422
3.3057851239669422
3.3333333333333335
3.4013605442176873
3.418803418803419
3.4482758620689653
3.4482758620689653
3.4782608695652173
3.4782608695652173
3.4782608695652173
3.488372093023256
3.5398230088495577
3.5398230088495577
3.546099290780142
3.571428571428571
3.6036036036036037
3.6036036036036037
3.6231884057971016
3.6363636363636362
3.64963503649635
3.669724770642202
3.669724770642202
3.6764705882352944
3.6764705882352944
3.7383177570093453
3.7383177570093453
3.8095238095238098
3.8095238095238098
3.8095238095238098
3.821656050955414
3.8461538461538463
3.8834951456310676
3.8834951456310676
3.8834951456310676
3.90625
3.937007874015748
3.9603960396039604
3.9603960396039604
3.9603960396039604
4.0
4.0
4.026845637583892
4.032258064516129
4.054054054054054
4.054054054054054
4.081632653061225
4.098360655737705
4.123711340206185
4.123711340206185
4.123711340206185
4.132231404958678
4.137931034482759
4.137931034482759
4.166666666666666
4.166666666666666
4.166666666666666
4.201680672268908
4.2105263157894735
4.2105263157894735
4.2105263157894735
4.25531914893617
4.25531914893617
4.25531914893617
4.273504273504273
4.310344827586207
4.3478260869565215
4.3478260869565215
4.385964912280701
4.395604395604396
4.444444444444445
4.444444444444445
4.464285714285714
4.487179487179487
4.504504504504505
4.545454545454546
4.580152671755725
4.587155963302752
4.597701149425287
4.597701149425287
4.62962962962963
4.62962962962963
4.651162790697675
4.651162790697675
4.672897196261682
4.672897196261682
4.705882352941177
4.705882352941177
4.716981132075472
4.716981132075472
4.724409448818897
4.761904761904762
4.794520547945205
4.8
4.807692307692308
4.807692307692308
4.819277108433735
4.854368932038835
4.895104895104895
4.901960784313726
4.901960784313726
4.9504950495049505
4.9504950495049505
4.9504950495049505
4.958677685950414
4.968944099378882
5.0
5.0
5.0
5.0
5.05050505050505
5.084745762711865
5.1020408163265305
5.185185185185185
5.185185185185185
5.217391304347826
5.217391304347826
5.217391304347826
5.228758169934641
5.263157894736842
5.263157894736842
5.303030303030303
5.384615384615385
5.405405405405405
5.434782608695652
5.434782608695652
5.434782608695652
5.442176870748299
5.47945205479452
5.47945205479452
5.5045871559633035
5.5045871559633035
5.5045871559633035
5.517241379310345
5.517241379310345
5.555555555555555
5.555555555555555
5.555555555555555
5.594405594405594
5.6000000000000005
5.607476635514018
5.607476635514018
5.617977528089887
5.617977528089887
5.617977528089887
5.64516129032258
5.673758865248227
5.691056910569105
5.737704918032787
5.769230769230769
5.769230769230769
5.813953488372093
5.813953488372093
5.825242718446602
5.825242718446602
5.825242718446602
5.825242718446602
5.833333333333333
5.833333333333333
5.88235294117647
5.88235294117647
5.88235294117647
5.88235294117647
5.88235294117647
5.932203389830509
5.9405940594059405
5.952380952380952
6.0
6.0
6.0
6.0402684563758395
6.086956521739131
6.122448979591836
6.122448979591836
6.122448979591836
6.122448979591836
6.140350877192982
6.153846153846154
6.1946902654867255
6.1946902654867255
6.2015503875969
6.2015503875969
6.25
6.25
6.25
6.25
6.25
6.25
6.306306306306306
6.315789473684211
6.329113924050633
6.363636363636363
6.382978723404255
6.521739130434782
6.535947712418301
6.5420560747663545
6.5420560747663545
6.557377049180328
6.593406593406594
6.60377358490566
6.60377358490566
6.6115702479338845
6.6115702479338845
6.666666666666667
6.666666666666667
6.666666666666667
6.730769230769231
6.730769230769231
6.756756756756757
6.796116504854369
6.8181818181818175
6.837606837606838
6.862745098039216
6.896551724137931
6.896551724137931
6.9306930693069315
6.9306930693069315
6.9306930693069315
6.9306930693069315
6.956521739130435
6.976744186046512
7.000000000000001
7.000000000000001
7.017543859649122
7.042253521126761
7.0588235294117645
7.142857142857142
7.142857142857142
7.194244604316546
7.216494845360824
7.216494845360824
7.228915662650602
7.258064516129033
7.2727272727272725
7.291666666666667
7.291666666666667
7.317073170731707
7.339449541284404
7.339449541284404
7.368421052631578
7.368421052631578
7.377049180327869
7.4074074074074066
7.43801652892562
7.43801652892562
7.446808510638298
7.462686567164178
7.476635514018691
7.476635514018691
7.5
7.526881720430108
7.547169811320755
7.547169811320755
7.575757575757576
7.575757575757576
7.586206896551724
7.586206896551724
7.633587786259542
7.6923076923076925
7.6923076923076925
7.6923076923076925
7.6923076923076925
7.746478873239436
7.746478873239436
7.777777777777778
7.777777777777778
7.777777777777778
7.801418439716312
7.8125
7.8125
7.82608695652174
7.82608695652174
7.894736842105263
7.894736842105263
7.936507936507936
7.964601769911504
7.964601769911504
8.0
8.035714285714286
8.035714285714286
8.035714285714286
8.045977011494253
8.045977011494253
8.053691275167784
8.13953488372093
8.16326530612245
8.19672131147541
8.19672131147541
8.24742268041237
8.24742268041237
8.256880733944955
8.264462809917356
8.264462809917356
8.270676691729323
8.333333333333332
8.333333333333332
8.333333333333332
8.333333333333332
8.333333333333332
8.333333333333332
8.38709677419355
8.403361344537815
8.411214953271028
8.450704225352112
8.461538461538462
8.461538461538462
8.51063829787234
8.547008547008547
8.547008547008547
8.547008547008547
8.571428571428571
8.571428571428571
8.60215053763441
8.60215053763441
8.60215053763441
8.609271523178808
8.620689655172415
8.633093525179856
8.653846153846153
8.653846153846153
8.661417322834646
8.695652173913043
8.695652173913043
8.695652173913043
8.73015873015873
8.737864077669903
8.737864077669903
8.75
8.783783783783784
8.791208791208792
8.791208791208792
8.799999999999999
8.823529411764707
8.823529411764707
8.849557522123893
8.870967741935484
8.88888888888889
8.91089108910891
8.91089108910891
8.928571428571429
8.928571428571429
8.98876404494382
9.01639344262295
9.022556390977442
9.032258064516128
9.090909090909092
9.090909090909092
9.090909090909092
9.090909090909092
9.090909090909092
9.090909090909092
9.166666666666666
9.174311926605505
9.174311926605505
9.219858156028367
9.243697478991598
9.278350515463918
9.278350515463918
9.30232558139535
9.30232558139535
9.30232558139535
9.30232558139535
9.352517985611511
9.352517985611511
9.375
9.375
9.420289855072465
9.433962264150944
9.473684210526317
9.473684210526317
9.473684210526317
9.473684210526317
9.482758620689655
9.482758620689655
9.482758620689655
9.482758620689655
9.523809523809524
9.523809523809524
9.523809523809524
9.523809523809524
9.574468085106384
9.574468085106384
9.615384615384617
9.615384615384617
9.615384615384617
9.63855421686747
9.649122807017543
9.67741935483871
9.67741935483871
9.67741935483871
9.67741935483871
9.70873786407767
9.722222222222223
9.734513274336283
9.803921568627452
9.803921568627452
9.803921568627452
9.803921568627452
9.821428571428571
9.848484848484848
9.900990099009901
9.900990099009901
10.0
10.0
10.0
10.077519379844961
10.1010101010101
10.112359550561797
10.227272727272728
10.236220472440944
10.236220472440944
10.256410256410255
10.256410256410255
10.2803738317757
10.2803738317757
10.309278350515463
10.32258064516129
10.344827586206897
10.344827586206897
10.344827586206897
10.344827586206897
10.344827586206897
10.37037037037037
10.38961038961039
10.4
10.416666666666668
10.416666666666668
10.416666666666668
10.434782608695652
10.44776119402985
10.465116279069768
10.526315789473683
10.526315789473683
10.526315789473683
10.526315789473683
10.569105691056912
10.619469026548673
10.619469026548673
10.619469026548673
10.619469026548673
10.655737704918032
10.679611650485436
10.679611650485436
10.687022900763358
10.714285714285714
10.714285714285714
10.714285714285714
10.714285714285714
10.75268817204301
10.75268817204301
10.75268817204301
10.76923076923077
10.784313725490197
10.784313725490197
10.81081081081081
10.843373493975903
10.852713178294573
10.869565217391305
10.869565217391305
10.891089108910892
10.891089108910892
10.92436974789916
10.948905109489052
11.0
11.0
11.023622047244094
11.029411764705882
11.03896103896104
11.03896103896104
11.11111111111111
11.11111111111111
11.11111111111111
11.11111111111111
11.206896551724139
11.214953271028037
11.224489795918368
11.224489795918368
11.224489795918368
11.278195488721805
11.304347826086957
11.304347826086957
11.34020618556701
11.34020618556701
11.363636363636363
11.363636363636363
11.38211382113821
11.403508771929824
11.403508771929824
11.428571428571429
11.428571428571429
11.428571428571429
11.450381679389313
11.494252873563218
11.494252873563218
11.510791366906476
11.538461538461538
11.564625850340136
11.578947368421053
11.578947368421053
11.578947368421053
11.578947368421053
11.607142857142858
11.650485436893204
11.688311688311687
11.688311688311687
11.702127659574469
11.702127659574469
11.711711711711711
11.711711711711711
11.76470588235294
11.818181818181818
11.827956989247312
11.851851851851853
11.864406779661017
11.881188118811881
11.881188118811881
11.888111888111888
11.904761904761903
11.956521739130435
11.956521739130435
11.971830985915492
12.0
12.030075187969924
12.037037037037036
12.048192771084338
12.068965517241379
12.068965517241379
12.096774193548388
12.121212121212121
12.121212121212121
12.121212121212121
12.142857142857142
12.149532710280374
12.173913043478262
12.173913043478262
12.195121951219512
12.195121951219512
12.195121951219512
12.23021582733813
12.264150943396226
12.264150943396226
12.280701754385964
12.307692307692308
12.337662337662337
12.345679012345679
12.359550561797752
12.359550561797752
12.359550561797752
12.371134020618557
12.371134020618557
12.380952380952381
12.396694214876034
12.396694214876034
12.413793103448276
12.5
12.5
12.5
12.5
12.5
12.5
12.598425196850393
12.598425196850393
12.612612612612612
12.62135922330097
12.62135922330097
12.631578947368421
12.631578947368421
12.631578947368421
12.631578947368421
12.631578947368421
12.711864406779661
12.711864406779661
12.711864406779661
12.745098039215685
12.751677852348994
12.76595744680851
12.76595744680851
12.790697674418606
12.844036697247708
12.857142857142856
12.871287128712872
12.903225806451612
13.008130081300814
13.008130081300814
13.043478260869565
13.076923076923078
13.095238095238097
13.114754098360656
13.131313131313133
13.157894736842104
13.157894736842104
13.157894736842104
13.194444444444445
13.20754716981132
13.223140495867769
13.23529411764706
13.245033112582782
13.253012048192772
13.253012048192772
13.26530612244898
13.26530612244898
13.274336283185843
13.286713286713287
13.333333333333334
13.380281690140844
13.392857142857142
13.445378151260504
13.445378151260504
13.48314606741573
13.48314606741573
13.48314606741573
13.541666666666666
13.541666666666666
13.559322033898304
13.592233009708737
13.636363636363635
13.664596273291925
13.675213675213676
13.675213675213676
13.675213675213676
13.684210526315791
13.750000000000002
13.761467889908257
13.761467889908257
13.793103448275861
13.829787234042554
13.829787234042554
13.829787234042554
13.861386138613863
13.88888888888889
13.91304347826087
13.91304347826087
13.91304347826087
13.924050632911392
13.924050632911392
13.934426229508196
13.953488372093023
13.953488372093023
13.978494623655912
14.000000000000002
14.035087719298245
14.074074074074074
14.084507042253522
14.102564102564102
14.130434782608695
14.14141414141414
14.14141414141414
14.14141414141414
14.150943396226415
14.166666666666666
14.184397163120568
14.285714285714285
14.285714285714285
14.285714285714285
14.285714285714285
14.285714285714285
14.285714285714285
14.285714285714285
14.285714285714285
14.285714285714285
14.285714285714285
14.393939393939394
14.393939393939394
14.414414414414415
14.423076923076922
14.432989690721648
14.432989690721648
14.482758620689657
14.482758620689657
14.50381679389313
14.529914529914532
14.563106796116504
14.583333333333334
14.583333333333334
14.583333333333334
14.5985401459854
14.606741573033707
14.634146341463413
14.666666666666666
14.705882352941178
14.705882352941178
14.728682170542637
14.736842105263156
14.736842105263156
14.736842105263156
14.736842105263156
14.772727272727273
14.782608695652174
14.782608695652174
14.814814814814813
14.814814814814813
14.85148514851485
14.85148514851485
14.85148514851485
14.85148514851485
14.864864864864865
14.893617021276595
14.893617021276595
14.893617021276595
14.912280701754385
14.942528735632186
14.942528735632186
14.953271028037381
15.0
15.0
15.0
15.0
15.0
15.04424778761062
15.053763440860216
15.053763440860216
15.053763440860216
15.09433962264151
15.09433962264151
15.09433962264151
15.09433962264151
15.09433962264151
15.11627906976744
15.178571428571427
15.2
15.217391304347828
15.238095238095239
15.238095238095239
15.286624203821656
15.294117647058824
15.294117647058824
15.306122448979592
15.306122448979592
15.306122448979592
15.315315315315313
15.333333333333332
15.384615384615385
15.384615384615385
15.384615384615385
15.441176470588236
15.463917525773196
15.463917525773196
15.463917525773196
15.483870967741936
15.517241379310345
15.53398058252427
15.555555555555555
15.555555555555555
15.555555555555555
15.555555555555555
15.573770491803279
15.573770491803279
15.573770491803279
15.584415584415584
15.59633027522936
15.59633027522936
15.59633027522936
15.625
15.625
15.625
15.646258503401361
15.65217391304348
15.65217391304348
15.74074074074074
15.748031496062993
15.789473684210526
15.789473684210526
15.853658536585366
15.873015873015872
15.873015873015872
15.887850467289718
15.909090909090908
15.929203539823009
15.929203539823009
15.929203539823009
15.942028985507244
15.966386554621847
15.972222222222221
16.030534351145036
16.037735849056602
16.037735849056602
16.037735849056602
16.037735849056602
16.071428571428573
16.071428571428573
16.071428571428573
16.101694915254235
16.129032258064516
16.129032258064516
16.129032258064516
16.153846153846153
16.19047619047619
16.216216216216218
16.23931623931624
16.27906976744186
16.27906976744186
16.304347826086957
16.3265306122449
16.3265306122449
16.3265306122449
16.346153846153847
16.363636363636363
16.40625
16.43835616438356
16.470588235294116
16.470588235294116
16.49484536082474
16.49484536082474
16.528925619834713
16.528925619834713
16.528925619834713
16.55629139072848
16.560509554140125
16.666666666666664
16.666666666666664
16.666666666666664
16.666666666666664
16.666666666666664
16.666666666666664
16.666666666666664
16.666666666666664
16.666666666666664
16.7741935483871
16.793893129770993
16.822429906542055
16.822429906542055
16.842105263157894
16.842105263157894
16.867469879518072
16.89189189189189
16.964285714285715
16.964285714285715
16.964285714285715
16.964285714285715
16.9811320754717
17.0
17.02127659574468
17.02127659574468
17.045454545454543
17.05426356589147
17.073170731707318
17.142857142857142
17.16417910447761
17.17171717171717
17.17171717171717
17.17171717171717
17.20430107526882
17.20430107526882
17.20430107526882
17.20430107526882
17.20430107526882
17.24137931034483
17.24137931034483
17.26618705035971
17.355371900826448
17.391304347826086
17.431192660550458
17.46031746031746
17.482517482517483
17.5
17.5
17.5
17.525773195876287
17.543859649122805
17.582417582417584
17.599999999999998
17.692307692307693
17.692307692307693
17.692307692307693
17.708333333333336
17.708333333333336
17.75700934579439
17.75700934579439
17.75700934579439
17.763157894736842
17.77777777777778
17.77777777777778
17.82178217821782
17.857142857142858
17.857142857142858
17.857142857142858
17.857142857142858
17.88617886178862
17.894736842105264
17.894736842105264
17.92452830188679
17.93103448275862
17.94871794871795
17.94871794871795
17.97752808988764
17.97752808988764
18.0
18.0
18.01801801801802
18.01801801801802
18.0327868852459
18.085106382978726
18.085106382978726
18.095238095238095
18.095238095238095
18.095238095238095
18.181818181818183
18.181818181818183
18.181818181818183
18.181818181818183
18.248175182481752
18.253968253968253
18.269230769230766
18.269230769230766
18.27956989247312
18.333333333333332
18.333333333333332
18.34862385321101
18.34862385321101
18.39080459770115
18.4
18.4
18.421052631578945
18.421052631578945
18.421052631578945
18.446601941747574
18.461538461538463
18.478260869565215
18.487394957983195
18.487394957983195
18.51851851851852
18.51851851851852
18.51851851851852
18.51851851851852
18.556701030927837
18.556701030927837
18.571428571428573
18.58407079646018
18.627450980392158
18.681318681318682
18.681318681318682
18.69158878504673
18.803418803418804
18.81188118811881
18.81188118811881
18.823529411764707
18.867924528301888
18.867924528301888
18.88111888111888
18.91891891891892
18.91891891891892
18.91891891891892
18.939393939393938
18.939393939393938
18.947368421052634
18.947368421052634
19.0
19.0
19.014084507042252
19.047619047619047
19.047619047619047
19.047619047619047
19.047619047619047
19.047619047619047
19.047619047619047
19.047619047619047
19.083969465648856
19.090909090909093
19.101123595505616
19.101123595505616
19.11764705882353
19.11764705882353
19.130434782608695
19.130434782608695
19.148936170212767
19.148936170212767
19.19191919191919
19.230769230769234
19.230769230769234
19.230769230769234
19.26605504587156
19.28571428571429
19.298245614035086
19.310344827586206
19.327731092436977
19.333333333333332
19.35483870967742
19.35483870967742
19.424460431654676
19.424460431654676
19.444444444444446
19.444444444444446
19.480519480519483
19.53125
19.565217391304348
19.58041958041958
19.587628865979383
19.587628865979383
19.607843137254903
19.607843137254903
19.642857142857142
19.642857142857142
19.642857142857142
19.736842105263158
19.753086419753085
19.767441860465116
19.78021978021978
19.78021978021978
19.791666666666664
19.801980198019802
19.81981981981982
19.81981981981982
19.841269841269842
19.867549668874172
20.0
20.0
20.0
20.0
20.0
20.0
20.0
20.0
20.0
20.0
20.0
20.0
20.0
20.0
20.168067226890756
20.168067226890756
20.2020202020202
20.224719101123593
20.224719101123593
20.224719101123593
20.238095238095237
20.28985507246377
20.3125
20.353982300884958
20.388349514563107
20.43010752688172
20.43010752688172
20.43010752688172
20.43010752688172
20.454545454545457
20.481927710843372
20.51282051282051
20.5607476635514
20.5607476635514
20.5607476635514
20.5607476635514
20.588235294117645
20.588235294117645
20.588235294117645
20.610687022900763
20.652173913043477
20.652173913043477
20.689655172413794
20.689655172413794
20.689655172413794
20.689655172413794
20.689655172413794
20.72072072072072
20.74074074074074
20.754716981132077
20.833333333333336
20.833333333333336
20.863309352517987
20.869565217391305
20.909090909090907
20.909090909090907
20.952380952380953
20.967741935483872
21.0
21.008403361344538
21.052631578947366
21.052631578947366
21.052631578947366
21.11111111111111
21.12676056338028
21.12676056338028
21.138211382113823
21.1864406779661
21.238938053097346
21.238938053097346
21.311475409836063
21.333333333333336
21.34831460674157
21.34831460674157
21.34831460674157
21.35922330097087
21.35922330097087
21.35922330097087
21.367521367521366
21.367521367521366
21.428571428571427
21.428571428571427
21.428571428571427
21.428571428571427
21.49532710280374
21.49532710280374
21.551724137931032
21.568627450980394
21.568627450980394
21.641791044776117
21.641791044776117
21.649484536082475
21.678321678321677
21.69811320754717
21.73913043478261
21.73913043478261
21.73913043478261
21.73913043478261
21.73913043478261
21.73913043478261
21.73913043478261
21.73913043478261
21.782178217821784
21.804511278195488
21.839080459770116
21.839080459770116
21.839080459770116
21.839080459770116
21.839080459770116
21.875
21.875
21.875
21.897810218978105
21.91780821917808
21.978021978021978
21.978021978021978
21.978021978021978
22.058823529411764
22.058823529411764
22.07792207792208
22.093023255813954
22.093023255813954
22.093023255813954
22.105263157894736
22.105263157894736
22.105263157894736
22.105263157894736
22.115384615384613
22.115384615384613
22.115384615384613
22.115384615384613
22.115384615384613
22.131147540983605
22.131147540983605
22.137404580152673
22.137404580152673
22.22222222222222
22.22222222222222
22.22222222222222
22.22222222222222
22.22222222222222
22.321428571428573
22.321428571428573
22.340425531914892
22.35294117647059
22.36842105263158
22.36842105263158
22.388059701492537
22.400000000000002
22.413793103448278
22.448979591836736
22.448979591836736
22.448979591836736
22.448979591836736
22.47191011235955
22.47191011235955
22.47191011235955
22.47191011235955
22.5
22.52252252252252
22.52252252252252
22.52252252252252
22.52252252252252
22.54901960784314
22.58064516129032
22.58064516129032
22.58064516129032
22.58064516129032
22.608695652173914
22.608695652173914
22.641509433962266
22.641509433962266
22.641509433962266
22.641509433962266
22.68041237113402
22.68041237113402
22.689075630252102
22.727272727272727
22.727272727272727
22.727272727272727
22.727272727272727
22.727272727272727
22.727272727272727
22.76422764227642
22.772277227722775
22.772277227722775
22.772277227722775
22.772277227722775
22.78481012658228
22.807017543859647
22.807017543859647
22.807017543859647
22.807017543859647
22.82608695652174
22.82608695652174
22.82608695652174
22.82608695652174
22.857142857142858
22.857142857142858
22.857142857142858
22.89156626506024
22.916666666666664
22.916666666666664
22.916666666666664
22.93577981651376
22.950819672131146
22.988505747126435
22.988505747126435
23.008849557522122
23.076923076923077
23.076923076923077
23.076923076923077
23.076923076923077
23.14814814814815
23.14814814814815
23.14814814814815
23.157894736842106
23.214285714285715
23.214285714285715
23.239436619718308
23.239436619718308
23.25581395348837
23.300970873786408
23.308270676691727
23.333333333333332
23.376623376623375
23.387096774193548
23.387096774193548
23.404255319148938
23.404255319148938
23.404255319148938
23.46938775510204
23.47826086956522
23.47826086956522
23.484848484848484
23.52941176470588
23.52941176470588
23.52941176470588
23.52941176470588
23.52941176470588
23.52941176470588
23.577235772357724
23.58490566037736
23.58490566037736
23.58490566037736
23.636363636363637
23.655913978494624
23.655913978494624
23.66412213740458
23.684210526315788
23.684210526315788
23.711340206185564
23.728813559322035
23.75
23.762376237623762
23.762376237623762
23.770491803278688
23.809523809523807
23.809523809523807
23.809523809523807
23.809523809523807
23.809523809523807
23.846153846153847
23.846153846153847
23.863636363636363
23.863636363636363
23.91304347826087
23.91304347826087
23.943661971830984
23.958333333333336
23.972602739726025
24.03846153846154
24.03846153846154
24.050632911392405
24.050632911392405
24.074074074074073
24.096385542168676
24.113475177304963
24.137931034482758
24.137931034482758
24.137931034482758
24.175824175824175
24.242424242424242
24.242424242424242
24.264705882352942
24.299065420560748
24.299065420560748
24.299065420560748
24.324324324324326
24.324324324324326
24.342105263157894
24.347826086956523
24.358974358974358
24.390243902439025
24.390243902439025
24.418604651162788
24.418604651162788
24.418604651162788
24.418604651162788
24.427480916030532
24.427480916030532
24.444444444444443
24.444444444444443
24.46808510638298
24.46808510638298
24.489795918367346
24.509803921568626
24.528301886792452
24.561403508771928
24.6031746031746
24.675324675324674
24.675324675324674
24.705882352941178
24.719101123595504
24.719101123595504
24.719101123595504
24.731182795698924
24.731182795698924
24.742268041237114
24.752475247524753
24.761904761904763
24.761904761904763
24.770642201834864
24.822695035460992
24.84472049689441
25.0
25.0
25.0
25.0
25.0
25.0
25.0
25.0
25.0
25.0
25.203252032520325
25.210084033613445
25.217391304347824
25.233644859813083
25.233644859813083
25.24271844660194
25.252525252525253
25.252525252525253
25.263157894736842
25.274725274725274
25.287356321839084
25.301204819277107
25.301204819277107
25.301204819277107
25.31645569620253
25.31645569620253
25.333333333333336
25.34246575342466
25.384615384615383
25.396825396825395
25.40983606557377
25.438596491228072
25.438596491228072
25.471698113207548
25.49019607843137
25.49019607843137
25.49019607843137
25.510204081632654
25.53191489361702
25.53191489361702
25.555555555555554
25.555555555555554
25.563909774436087
25.581395348837212
25.581395348837212
25.64102564102564
25.663716814159294
25.675675675675674
25.71428571428571
25.71428571428571
25.735294117647058
25.742574257425744
25.806451612903224
25.806451612903224
25.806451612903224
25.806451612903224
25.842696629213485
25.842696629213485
25.882352941176475
25.892857142857146
25.925925925925924
25.925925925925924
25.961538461538463
25.961538461538463
25.97402597402597
26.0
26.01626016260163
26.041666666666668
26.041666666666668
26.041666666666668
26.08695652173913
26.08695652173913
26.08695652173913
26.119402985074625
26.126126126126124
26.126126126126124
26.136363636363637
26.136363636363637
26.136363636363637
26.190476190476193
26.21359223300971
26.21359223300971
26.229508196721312
26.25
26.262626262626267
26.27118644067797
26.31578947368421
26.356589147286826
26.356589147286826
26.373626373626376
26.373626373626376
26.38888888888889
26.41509433962264
26.436781609195403
26.436781609195403
26.446280991735538
26.47058823529412
26.515151515151516
26.515151515151516
26.53061224489796
26.53061224489796
26.595744680851062
26.666666666666668
26.666666666666668
26.744186046511626
26.744186046511626
26.744186046511626
26.77165354330709
26.77165354330709
26.804123711340207
26.82926829268293
26.82926829268293
26.881720430107524
26.881720430107524
26.881720430107524
26.923076923076923
26.923076923076923
26.96629213483146
26.96629213483146
26.96629213483146
26.96629213483146
26.96629213483146
26.984126984126984
27.0
27.0
27.0
27.027027027027028
27.049180327868854
27.049180327868854
27.058823529411764
27.058823529411764
27.058823529411764
27.058823529411764
27.058823529411764
27.06766917293233
27.083333333333332
27.102803738317753
27.11864406779661
27.142857142857142
27.173913043478258
27.173913043478258
27.184466019417474
27.205882352941174
27.27272727272727
27.27272727272727
27.27272727272727
27.27272727272727
27.358490566037734
27.358490566037734
27.368421052631582
27.368421052631582
27.380952380952383
27.40740740740741
27.43362831858407
27.43362831858407
27.480916030534353
27.522935779816514
27.55102040816326
27.55102040816326
27.55102040816326
27.586206896551722
27.586206896551722
27.586206896551722
27.586206896551722
27.586206896551722
27.611940298507463
27.61904761904762
27.61904761904762
27.64227642276423
27.659574468085108
27.659574468085108
27.659574468085108
27.710843373493976
27.710843373493976
27.710843373493976
27.722772277227726
27.77777777777778
27.835051546391753
27.835051546391753
27.835051546391753
27.848101265822784
27.857142857142858
27.884615384615387
27.884615384615387
27.906976744186046
27.927927927927925
28.000000000000004
28.08988764044944
28.125
28.125
28.125
28.125
28.125
28.235294117647058
28.235294117647058
28.24427480916031
28.26086956521739
28.26086956521739
28.26086956521739
28.27586206896552
28.346456692913385
28.37837837837838
28.37837837837838
28.39506172839506
28.39506172839506
28.40909090909091
28.40909090909091
28.40909090909091
28.421052631578945
28.431372549019606
28.431372549019606
28.431372549019606
28.440366972477065
28.448275862068968
28.467153284671532
28.57142857142857
28.57142857142857
28.57142857142857
28.57142857142857
28.57142857142857
28.57142857142857
28.57142857142857
28.703703703703702
28.71287128712871
28.723404255319153
28.735632183908045
28.735632183908045
28.767123287671232
28.767123287671232
28.8135593220339
28.888888888888886
28.915662650602407
28.915662650602407
28.915662650602407
28.915662650602407
28.92561983471074
28.92561983471074
28.92561983471074
28.947368421052634
28.947368421052634
28.947368421052634
28.985507246376812
28.999999999999996
29.03225806451613
29.069767441860467
29.069767441860467
29.09090909090909
29.1044776119403
29.1044776119403
29.1044776119403
29.126213592233007
29.126213592233007
29.166666666666668
29.166666666666668
29.166666666666668
29.166666666666668
29.20353982300885
29.213483146067414
29.25170068027211
29.268292682926827
29.292929292929294
29.310344827586203
29.32330827067669
29.32330827067669
29.32330827067669
29.333333333333332
29.37062937062937
29.411764705882355
29.411764705882355
29.411764705882355
29.457364341085274
29.457364341085274
29.47368421052631
29.47368421052631
29.545454545454547
29.545454545454547
29.545454545454547
29.545454545454547
29.545454545454547
29.545454545454547
29.577464788732392
29.577464788732392
29.591836734693878
29.629629629629626
29.67032967032967
29.6875
29.7029702970297
29.72972972972973
29.72972972972973
29.761904761904763
29.761904761904763
29.761904761904763
29.78723404255319
29.807692307692307
29.82456140350877
29.838709677419356
29.850746268656714
29.87012987012987
29.88505747126437
29.896907216494846
29.906542056074763
29.906542056074763
29.906542056074763
29.914529914529915
30.0
30.0
30.0
30.0
30.0
30.0
30.097087378640776
30.097087378640776
30.107526881720432
30.107526881720432
30.107526881720432
30.120481927710845
30.18867924528302
30.23255813953488
30.28169014084507
30.303030303030305
30.337078651685395
30.357142857142854
30.37037037037037
30.392156862745097
30.392156862745097
30.392156862745097
30.476190476190478
30.476190476190478
30.48780487804878
30.48780487804878
30.508474576271187
30.526315789473685
30.526315789473685
30.526315789473685
30.555555555555557
30.555555555555557
30.555555555555557
30.58823529411765
30.597014925373134
30.612244897959183
30.612244897959183
30.630630630630627
30.630630630630627
30.681818181818183
30.681818181818183
30.681818181818183
30.681818181818183
30.693069306930692
30.76923076923077
30.76923076923077
30.76923076923077
30.76923076923077
30.76923076923077
30.864197530864196
30.864197530864196
30.909090909090907
30.927835051546392
30.952380952380953
30.952380952380953
30.973451327433626
30.985915492957744
31.0
31.03448275862069
31.060606060606062
31.08108108108108
31.11111111111111
31.11111111111111
31.11111111111111
31.132075471698112
31.132075471698112
31.147540983606557
31.147540983606557
31.182795698924732
31.25
31.25
31.25
31.25
31.313131313131315
31.35593220338983
31.372549019607842
31.372549019607842
31.428571428571427
31.428571428571427
31.46067415730337
31.506849315068493
31.521739130434785
31.53153153153153
31.53153153153153
31.538461538461537
31.57894736842105
31.57894736842105
31.57894736842105
31.57894736842105
31.62393162393162
31.62393162393162
31.63265306122449
31.645569620253166
31.645569620253166
31.683168316831683
31.683168316831683
31.70731707317073
31.73076923076923
31.76470588235294
31.76470588235294
31.782945736434108
31.818181818181817
31.818181818181817
31.818181818181817
31.818181818181817
31.88405797101449
31.896551724137932
31.896551724137932
31.896551724137932
31.914893617021278
31.914893617021278
31.914893617021278
31.914893617021278
31.958762886597935
32.0
32.0
32.0
32.0
32.038834951456316
32.05128205128205
32.05128205128205
32.098765432098766
32.11678832116788
32.142857142857146
32.142857142857146
32.142857142857146
32.17391304347826
32.18390804597701
32.18390804597701
32.18390804597701
32.20338983050847
32.22222222222222
32.22222222222222
32.231404958677686
32.25806451612903
32.33082706766917
32.35294117647059
32.432432432432435
32.47863247863248
32.5
32.53012048192771
32.53012048192771
32.55813953488372
32.55813953488372
32.55813953488372
32.57575757575758
32.58426966292135
32.58426966292135
32.608695652173914
32.631578947368425
32.6530612244898
32.67326732673268
32.67326732673268
32.69230769230769
32.758620689655174
32.78688524590164
32.8125
32.91139240506329
32.91139240506329
32.94117647058823
32.94117647058823
32.95454545454545
32.95454545454545
32.95454545454545
32.97872340425532
33.0
33.00970873786408
33.00970873786408
33.0188679245283
33.02752293577982
33.02752293577982
33.035714285714285
33.05084745762712
33.064516129032256
33.08270676691729
33.098591549295776
33.33333333333333
33.33333333333333
33.33333333333333
33.33333333333333
33.33333333333333
33.33333333333333
33.33333333333333
33.33333333333333
33.33333333333333
33.33333333333333
33.33333333333333
33.33333333333333
33.33333333333333
33.33333333333333
33.33333333333333
33.33333333333333
33.33333333333333
33.33333333333333
33.59375
33.6283185840708
33.64485981308411
33.663366336633665
33.663366336633665
33.6734693877551
33.68421052631579
33.68421052631579
33.69565217391305
33.70786516853933
33.72093023255814
33.72093023255814
33.734939759036145
33.80281690140845
33.80281690140845
33.82352941176471
33.84615384615385
33.88429752066116
33.91304347826087
33.92857142857143
33.94495412844037
33.9622641509434
33.9622641509434
33.9622641509434
33.980582524271846
33.980582524271846
34.0
34.02061855670103
34.02061855670103
34.04255319148936
34.04255319148936
34.065934065934066
34.065934065934066
34.065934065934066
34.090909090909086
34.090909090909086
34.11764705882353
34.12698412698413
34.146341463414636
34.21052631578947
34.21052631578947
34.285714285714285
34.285714285714285
34.285714285714285
34.34343434343434
34.375
34.375
34.375
34.375
34.375
34.375
34.375
34.40860215053764
34.40860215053764
34.40860215053764
34.44444444444444
34.44444444444444
34.44444444444444
34.523809523809526
34.523809523809526
34.523809523809526
34.54545454545455
34.61538461538461
34.645669291338585
34.645669291338585
34.65346534653465
34.67741935483871
34.69387755102041
34.69387755102041
34.72222222222222
34.72222222222222
34.73684210526316
34.73684210526316
34.78260869565217
34.78260869565217
34.831460674157306
34.831460674157306
34.831460674157306
34.862385321100916
34.883720930232556
34.883720930232556
34.93975903614458
34.959349593495936
35.0
35.0
35.0
35.051546391752574
35.08771929824561
35.1063829787234
35.13513513513514
35.16483516483517
35.18518518518518
35.199999999999996
35.199999999999996
35.199999999999996
35.22727272727273
35.23809523809524
35.23809523809524
35.23809523809524
35.24590163934426
35.294117647058826
35.294117647058826
35.294117647058826
35.35353535353536
35.38461538461539
35.39823008849557
35.41666666666667
35.45454545454545
35.483870967741936
35.483870967741936
35.483870967741936
35.483870967741936
35.51401869158878
35.51401869158878
35.53719008264463
35.55555555555556
35.55555555555556
35.55555555555556
35.55555555555556
35.55555555555556
35.63218390804598
35.63218390804598
35.63218390804598
35.65217391304348
35.65217391304348
35.714285714285715
35.714285714285715
35.77235772357724
35.77981651376147
35.869565217391305
35.8974358974359
35.92233009708738
35.95505617977528
35.95505617977528
35.96491228070175
35.96491228070175
36.0
36.0
36.0
36.0
36.04651162790697
36.0655737704918
36.11111111111111
36.11111111111111
36.134453781512605
36.134453781512605
36.144578313253014
36.144578313253014
36.144578313253014
36.144578313253014
36.17021276595745
36.17021276595745
36.17021276595745
36.17021276595745
36.17021276595745
36.19047619047619
36.206896551724135
36.26373626373626
36.26373626373626
36.26373626373626
36.27450980392157
36.283185840707965
36.283185840707965
36.36363636363637
36.36363636363637
36.36363636363637
36.36363636363637
36.36363636363637
36.36363636363637
36.42857142857142
36.440677966101696
36.44859813084112
36.44859813084112
36.45833333333333
36.45833333333333
36.45833333333333
36.470588235294116
36.486486486486484
36.52173913043478
36.52173913043478
36.53846153846153
36.55913978494624
36.58536585365854
36.58536585365854
36.58536585365854
36.633663366336634
36.633663366336634
36.666666666666664
36.666666666666664
36.69064748201439
36.69724770642202
36.708860759493675
36.734693877551024
36.75213675213676
36.76470588235294
36.7816091954023
36.79245283018868
36.84210526315789
36.84210526315789
36.84210526315789
36.84210526315789
36.89320388349515
36.89320388349515
36.89320388349515
36.93693693693694
36.95652173913043
36.95652173913043
36.97478991596639
37.0
37.00787401574803
37.06896551724138
37.121212121212125
37.142857142857146
37.142857142857146
37.16814159292036
37.17948717948718
37.2093023255814
37.2093023255814
37.2093023255814
37.234042553191486
37.234042553191486
37.27272727272727
37.28813559322034
37.333333333333336
37.34939759036144
37.362637362637365
37.362637362637365
37.37373737373738
37.37373737373738
37.391304347826086
37.39837398373984
37.410071942446045
37.5
37.5
37.5
37.5
37.5
37.5
37.5
37.5
37.5
37.5
37.60683760683761
37.61467889908257
37.61467889908257
37.634408602150536
37.634408602150536
37.634408602150536
37.64705882352941
37.64705882352941
37.66233766233766
37.704918032786885
37.735849056603776
37.77777777777778
37.77777777777778
37.79527559055118
37.79527559055118
37.80487804878049
37.81512605042017
37.86407766990291
37.86407766990291
37.903225806451616
37.93103448275862
37.93103448275862
38.04347826086957
38.04347826086957
38.04347826086957
38.05309734513274
38.05309734513274
38.059701492537314
38.095238095238095
38.095238095238095
38.095238095238095
38.095238095238095
38.13559322033898
38.13559322033898
38.144329896907216
38.144329896907216
38.15789473684211
38.15789473684211
38.18181818181819
38.20224719101123
38.23529411764706
38.23529411764706
38.297872340425535
38.297872340425535
38.297872340425535
38.34586466165413
38.372093023255815
38.372093023255815
38.372093023255815
38.372093023255815
38.38383838383838
38.46153846153847
38.46153846153847
38.46153846153847
38.46153846153847
38.46153846153847
38.46153846153847
38.53211009174312
38.54166666666667
38.55421686746988
38.57142857142858
38.59649122807017
38.613861386138616
38.62068965517241
38.63636363636363
38.63636363636363
38.63636363636363
38.63636363636363
38.70967741935484
38.70967741935484
38.73873873873874
38.73873873873874
38.80597014925373
38.82352941176471
38.88888888888889
38.88888888888889
38.94736842105263
39.0
39.02439024390244
39.02439024390244
39.04761904761905
39.08045977011494
39.09090909090909
39.130434782608695
39.175257731958766
39.175257731958766
39.175257731958766
39.175257731958766
39.21568627450981
39.21568627450981
39.24050632911392
39.285714285714285
39.285714285714285
39.325842696629216
39.361702127659576
39.436619718309856
39.50617283950617
39.53488372093023
39.55223880597015
39.56043956043956
39.56043956043956
39.603960396039604
39.62264150943396
39.6551724137931
39.69465648854962
39.726027397260275
39.726027397260275
39.743589743589745
39.743589743589745
39.77272727272727
39.784946236559136
39.784946236559136
39.784946236559136
39.795918367346935
39.795918367346935
39.795918367346935
39.80582524271845
39.80582524271845
39.80582524271845
39.81481481481482
39.823008849557525
40.0
40.0
40.0
40.0
40.0
40.0
40.0
40.0
40.0
40.0
40.0
40.18691588785047
40.19607843137255
40.19607843137255
40.20618556701031
40.229885057471265
40.298507462686565
40.298507462686565
40.32258064516129
40.35087719298245
40.35087719298245
40.36697247706422
40.36697247706422
40.38461538461539
40.42553191489361
40.42553191489361
40.50632911392405
40.50632911392405
40.54054054054054
40.625
40.65040650406504
40.65934065934066
40.69767441860465
40.74074074074074
40.76923076923077
40.77669902912621
40.77669902912621
40.77669902912621
40.816326530612244
40.845070422535215
40.845070422535215
40.86021505376344
40.86021505376344
40.909090909090914
40.963855421686745
40.98360655737705
41.0
41.0
41.02564102564102
41.11111111111111
41.1214953271028
41.17647058823529
41.17647058823529
41.17647058823529
41.228070175438596
41.23711340206185
41.23711340206185
41.23711340206185
41.23711340206185
41.23711340206185
41.269841269841265
41.333333333333336
41.333333333333336
41.34615384615385
41.34615384615385
41.37931034482759
41.37931034482759
41.41414141414141
41.41414141414141
41.46341463414634
41.46341463414634
41.48936170212766
41.55844155844156
41.57303370786517
41.57303370786517
41.57303370786517
41.584158415841586
41.584158415841586
41.5929203539823
41.6
41.66666666666667
41.66666666666667
41.66666666666667
41.66666666666667
41.66666666666667
41.732283464566926
41.74757281553398
41.75824175824176
41.75824175824176
41.77215189873418
41.80327868852459
41.81818181818181
41.83673469387755
41.86046511627907
41.891891891891895
41.904761904761905
41.904761904761905
41.904761904761905
41.904761904761905
41.935483870967744
41.935483870967744
41.935483870967744
41.935483870967744
41.964285714285715
41.9753086419753
41.9753086419753
42.0
42.016806722689076
42.016806722689076
42.04545454545455
42.04545454545455
42.04545454545455
42.05607476635514
42.05607476635514
42.05607476635514
42.10526315789473
42.10526315789473
42.10526315789473
42.10526315789473
42.10526315789473
42.10526315789473
42.168674698795186
42.201834862385326
42.22222222222222
42.2680412371134
42.2680412371134
42.30769230769231
42.30769230769231
42.30769230769231
42.30769230769231
42.34234234234234
42.35294117647059
42.35294117647059
42.35294117647059
42.3728813559322
42.391304347826086
42.391304347826086
42.45283018867924
42.465753424657535
42.5287356321839
42.5531914893617
42.5531914893617
42.5531914893617
42.57425742574257
42.62295081967213
42.62295081967213
42.63565891472868
42.66666666666667
42.68292682926829
42.69662921348314
42.69662921348314
42.70833333333333
42.71844660194174
42.857142857142854
42.857142857142854
42.857142857142854
42.857142857142854
42.857142857142854
42.98245614035088
43.0
43.01075268817204
43.02325581395349
43.037974683544306
43.037974683544306
43.05555555555556
43.15789473684211
43.15789473684211
43.20987654320987
43.22033898305085
43.24324324324324
43.24324324324324
43.28358208955223
43.333333333333336
43.333333333333336
43.36283185840708
43.36283185840708
43.36283185840708
43.41085271317829
43.42105263157895
43.42105263157895
43.47826086956522
43.47826086956522
43.529411764705884
43.56435643564357
43.58974358974359
43.58974358974359
43.61702127659575
43.61702127659575
43.61702127659575
43.66197183098591
43.67816091954023
43.67816091954023
43.689320388349515
43.75
43.75
43.75
43.75
43.82022471910113
43.82022471910113
43.82022471910113
43.83561643835616
43.84615384615385
43.87755102040816
43.90243902439025
43.925233644859816
43.956043956043956
43.956043956043956
44.0
44.0
44.03669724770643
44.047619047619044
44.047619047619044
44.047619047619044
44.086021505376344
44.11764705882353
44.18604651162791
44.24778761061947
44.285714285714285
44.303797468354425
44.303797468354425
44.31818181818182
44.31818181818182
44.31818181818182
44.31818181818182
44.329896907216494
44.339622641509436
44.34782608695652
44.354838709677416
44.354838709677416
44.354838709677416
44.44444444444444
44.44444444444444
44.44444444444444
44.44444444444444
44.44444444444444
44.44444444444444
44.554455445544555
44.554455445544555
44.565217391304344
44.565217391304344
44.62809917355372
44.642857142857146
44.642857142857146
44.66019417475729
44.66019417475729
44.680851063829785
44.70588235294118
44.70588235294118
44.70588235294118
44.761904761904766
44.761904761904766
44.761904761904766
44.761904761904766
44.776119402985074
44.79166666666667
44.79166666666667
44.871794871794876
44.89795918367347
44.91525423728814
45.0
45.0
45.0
45.05494505494506
45.05494505494506
45.05494505494506
45.07042253521127
45.09803921568628
45.16129032258064
45.16129032258064
45.16129032258064
45.19230769230769
45.20547945205479
45.23809523809524
45.26315789473684
45.2991452991453
45.33333333333333
45.348837209302324
45.348837209302324
45.36082474226804
45.36082474226804
45.45454545454545
45.45454545454545
45.45454545454545
45.45454545454545
45.55555555555556
45.55555555555556
45.56962025316456
45.614035087719294
45.65217391304348
45.65217391304348
45.65217391304348
45.714285714285715
45.714285714285715
45.794392523364486
45.794392523364486
45.794392523364486
45.83333333333333
45.83333333333333
45.87155963302752
45.88235294117647
45.91836734693878
45.91836734693878
45.97701149425287
45.97701149425287
46.0
46.0
46.0
46.0
46.03174603174603
46.06741573033708
46.06741573033708
46.06741573033708
46.06741573033708
46.07843137254902
46.07843137254902
46.08695652173913
46.15384615384615
46.15384615384615
46.15384615384615
46.15384615384615
46.21848739495798
46.236559139784944
46.236559139784944
46.25
46.25
46.31578947368421
46.31578947368421
46.34146341463415
46.34146341463415
46.34146341463415
46.34146341463415
46.36363636363636
46.36363636363636
46.3768115942029
46.391752577319586
46.391752577319586
46.42857142857143
46.42857142857143
46.42857142857143
46.42857142857143
46.478873239436616
46.49122807017544
46.49122807017544
46.51162790697674
46.51162790697674
46.51162790697674
46.590909090909086
46.590909090909086
46.666666666666664
46.666666666666664
46.666666666666664
46.666666666666664
46.666666666666664
46.666666666666664
46.666666666666664
46.666666666666664
46.666666666666664
46.666666666666664
46.72131147540984
46.73913043478261
46.73913043478261
46.774193548387096
46.788990825688074
46.788990825688074
46.835443037974684
46.835443037974684
46.846846846846844
46.875
46.875
46.875
46.913580246913575
46.913580246913575
46.93877551020408
46.93877551020408
46.95652173913044
46.95652173913044
46.98795180722892
46.98795180722892
47.107438016528924
47.11538461538461
47.12643678160919
47.12643678160919
47.14285714285714
47.19101123595505
47.19101123595505
47.19101123595505
47.22222222222222
47.25274725274725
47.25274725274725
47.27272727272727
47.2972972972973
47.31182795698925
47.368421052631575
47.368421052631575
47.42268041237113
47.42268041237113
47.474747474747474
47.474747474747474
47.5
47.524752475247524
47.540983606557376
47.5609756097561
47.57281553398058
47.61904761904761
47.61904761904761
47.61904761904761
47.61904761904761
47.61904761904761
47.61904761904761
47.66355140186916
47.706422018348626
47.72727272727273
47.72727272727273
47.77777777777778
47.77777777777778
47.78761061946903
47.82608695652174
47.82608695652174
47.863247863247864
47.87234042553192
47.88732394366197
47.89915966386555
47.91666666666667
47.94520547945205
47.96747967479675
47.96747967479675
48.05194805194805
48.10126582278481
48.113207547169814
48.113207547169814
48.18181818181818
48.18181818181818
48.18181818181818
48.19277108433735
48.19277108433735
48.23529411764706
48.23529411764706
48.275862068965516
48.275862068965516
48.275862068965516
48.31460674157304
48.35164835164835
48.35164835164835
48.35164835164835
48.35164835164835
48.421052631578945
48.421052631578945
48.421052631578945
48.45360824742268
48.51485148514851
48.54368932038835
48.54368932038835
48.57142857142857
48.62385321100918
48.64864864864865
48.67256637168141
48.68421052631579
48.75
48.80952380952381
48.80952380952381
48.837209302325576
48.837209302325576
48.854961832061065
48.86363636363637
48.86363636363637
48.888888888888886
48.888888888888886
48.91304347826087
48.91304347826087
48.91304347826087
48.93617021276596
48.93617021276596
48.93617021276596
48.95833333333333
48.95833333333333
49.0
49.01960784313725
49.01960784313725
49.03846153846153
49.03846153846153
49.03846153846153
49.056603773584904
49.122807017543856
49.137931034482754
49.29577464788733
49.31506849315068
49.333333333333336
49.333333333333336
49.35064935064935
49.382716049382715
49.411764705882355
49.411764705882355
49.42528735632184
49.42528735632184
49.43820224719101
49.43820224719101
49.43820224719101
49.43820224719101
49.45054945054945
49.45054945054945
49.46236559139785
49.46236559139785
49.46236559139785
49.46236559139785
49.48453608247423
49.48453608247423
49.504950495049506
49.51456310679612
49.532710280373834
49.532710280373834
49.54128440366973
49.557522123893804
49.56521739130435
49.572649572649574
49.59349593495935
50.0
50.0
50.0
50.0
50.0
50.0
50.0
50.0
50.0
50.0
50.0
50.0
50.0
50.0
50.0
50.0
50.0
50.0
50.0
50.0
50.0
50.0
50.0
50.0
50.0
50.0
50.0
50.0
50.0
50.0
50.4
50.40650406504065
50.45871559633027
50.476190476190474
50.48543689320388
50.495049504950494
50.495049504950494
50.505050505050505
50.526315789473685
50.526315789473685
50.53763440860215
50.53763440860215
50.54945054945055
50.54945054945055
50.56179775280899
50.56179775280899
50.57471264367817
50.588235294117645
50.588235294117645
50.588235294117645
50.602409638554214
50.602409638554214
50.602409638554214
50.63291139240506
50.649350649350644
50.66666666666667
50.81967213114754
50.877192982456144
50.877192982456144
50.943396226415096
50.943396226415096
50.96153846153846
50.96153846153846
50.96153846153846
50.98039215686274
51.0
51.041666666666664
51.06382978723404
51.06382978723404
51.08695652173913
51.11111111111111
51.13636363636363
51.13636363636363
51.162790697674424
51.162790697674424
51.19047619047619
51.19047619047619
51.19047619047619
51.19047619047619
51.19047619047619
51.21951219512195
51.21951219512195
51.24999999999999
51.28205128205128
51.31578947368421
51.32743362831859
51.35135135135135
51.42857142857142
51.48514851485149
51.515151515151516
51.515151515151516
51.546391752577314
51.546391752577314
51.578947368421055
51.578947368421055
51.578947368421055
51.61290322580645
51.61290322580645
51.61290322580645
51.66666666666667
51.68539325842697
51.724137931034484
51.80722891566265
51.85185185185185
51.886792452830186
52.0
52.0
52.0
52.0
52.066115702479344
52.083333333333336
52.112676056338024
52.12765957446809
52.12765957446809
52.12765957446809
52.12765957446809
52.12765957446809
52.17391304347826
52.17391304347826
52.17391304347826
52.22222222222223
52.22222222222223
52.25225225225225
52.27272727272727
52.27272727272727
52.27272727272727
52.27272727272727
52.27272727272727
52.307692307692314
52.32558139534884
52.32558139534884
52.336448598130836
52.38095238095239
52.38095238095239
52.4390243902439
52.4390243902439
52.475247524752476
52.475247524752476
52.5
52.54237288135594
52.57731958762887
52.58620689655172
52.58620689655172
52.63157894736842
52.63157894736842
52.63157894736842
52.63157894736842
52.63157894736842
52.63157894736842
52.63157894736842
52.67857142857143
52.67857142857143
52.68817204301075
52.702702702702695
52.702702702702695
52.74725274725275
52.77777777777778
52.77777777777778
52.77777777777778
52.83018867924528
52.83018867924528
52.83018867924528
52.87356321839081
52.87356321839081
52.94117647058824
53.0
53.06122448979592
53.086419753086425
53.09734513274337
53.125
53.125
53.17460317460318
53.191489361702125
53.191489361702125
53.191489361702125
53.191489361702125
53.2258064516129
53.246753246753244
53.246753246753244
53.2608695652174
53.2608695652174
53.2608695652174
53.333333333333336
53.333333333333336
53.333333333333336
53.333333333333336
53.333333333333336
53.38983050847458
53.38983050847458
53.398058252427184
53.40909090909091
53.42465753424658
53.46534653465347
53.48837209302325
53.48837209302325
53.48837209302325
53.48837209302325
53.535353535353536
53.68421052631579
53.70370370370371
53.73134328358209
53.75
53.76344086021505
53.77358490566038
53.84615384615385
53.84615384615385
53.84615384615385
53.92156862745098
53.98230088495575
54.02298850574713
54.054054054054056
54.11764705882353
54.11764705882353
54.11764705882353
54.11764705882353
54.12844036697248
54.166666666666664
54.166666666666664
54.21686746987952
54.23728813559322
54.285714285714285
54.32098765432099
54.347826086956516
54.41176470588235
54.44444444444444
54.46428571428571
54.46428571428571
54.54545454545454
54.54545454545454
54.54545454545454
54.54545454545454
54.54545454545454
54.54545454545454
54.65116279069767
54.65116279069767
54.65116279069767
54.666666666666664
54.666666666666664
54.666666666666664
54.71698113207547
54.736842105263165
54.761904761904766
54.761904761904766
54.83870967741935
54.90196078431373
54.94505494505495
54.95495495495496
54.95495495495496
55.00000000000001
55.04587155963303
55.10204081632652
55.140186915887845
55.140186915887845
55.172413793103445
55.172413793103445
55.172413793103445
55.172413793103445
55.172413793103445
55.208333333333336
55.208333333333336
55.23809523809524
55.23809523809524
55.26315789473685
55.294117647058826
55.294117647058826
55.319148936170215
55.33980582524271
55.4054054054054
55.4054054054054
55.42168674698795
55.42168674698795
55.434782608695656
55.434782608695656
55.434782608695656
55.44554455445545
55.44554455445545
55.55555555555556
55.55555555555556
55.55555555555556
55.55555555555556
55.55555555555556
55.69620253164557
55.69620253164557
55.714285714285715
55.81395348837209
55.81395348837209
55.84415584415584
55.85585585585585
55.88235294117647
55.952380952380956
55.952380952380956
55.952380952380956
56.00000000000001
56.00000000000001
56.00000000000001
56.043956043956044
56.074766355140184
56.12244897959183
56.16438356164384
56.17977528089888
56.19047619047619
56.25
56.25
56.25
56.25
56.25
56.32183908045977
56.470588235294116
56.52173913043478
56.56565656565656
56.57894736842105
56.57894736842105
56.60377358490566
56.62650602409639
56.666666666666664
56.70103092783505
56.71641791044776
56.84210526315789
56.86274509803921
56.88073394495413
56.94444444444444
56.94444444444444
56.9620253164557
56.98924731182796
56.99999999999999
57.14285714285714
57.14285714285714
57.14285714285714
57.14285714285714
57.14285714285714
57.26495726495726
57.27272727272727
57.28155339805825
57.3170731707317
57.3170731707317
57.333333333333336
57.407407407407405
57.42574257425742
57.42574257425742
57.47126436781609
57.47126436781609
57.47126436781609
57.47126436781609
57.47126436781609
57.49999999999999
57.534246575342465
57.54716981132076
57.73195876288659
57.758620689655174
57.77777777777777
57.831325301204814
57.831325301204814
57.84313725490197
57.84313725490197
57.84313725490197
57.95454545454546
57.971014492753625
57.971014492753625
57.99999999999999
58.03571428571429
58.06451612903226
58.06451612903226
58.06451612903226
58.0952380952381
58.108108108108105
58.108108108108105
58.139534883720934
58.16326530612245
58.18181818181818
58.2089552238806
58.252427184466015
58.333333333333336
58.333333333333336
58.333333333333336
58.333333333333336
58.333333333333336
58.333333333333336
58.333333333333336
58.415841584158414
58.42696629213483
58.42696629213483
58.44155844155844
58.44155844155844
58.51063829787234
58.51063829787234
58.51063829787234
58.536585365853654
58.620689655172406
58.65384615384615
58.65384615384615
58.71559633027523
58.71559633027523
58.76288659793815
58.82352941176471
58.82352941176471
58.88888888888889
58.88888888888889
58.9041095890411
58.94736842105262
58.94736842105262
58.97435897435898
58.97435897435898
59.036144578313255
59.036144578313255
59.09090909090909
59.09090909090909
59.09090909090909
59.130434782608695
59.13978494623656
59.13978494623656
59.183673469387756
59.183673469387756
59.29203539823009
59.30232558139535
59.375
59.375
59.4059405940594
59.4059405940594
59.43396226415094
59.45945945945946
59.45945945945946
59.48275862068966
59.523809523809526
59.523809523809526
59.55056179775281
59.55056179775281
59.57446808510638
59.57446808510638
59.57446808510638
59.61538461538461
59.61538461538461
59.61538461538461
59.63302752293578
59.72222222222222
59.72222222222222
59.72222222222222
59.72222222222222
59.74025974025974
59.74025974025974
59.756097560975604
59.77011494252874
59.77011494252874
59.77011494252874
59.79381443298969
59.79381443298969
59.80392156862745
59.80392156862745
59.80392156862745
59.813084112149525
60.0
60.0
60.0
60.0
60.0
60.0
60.17699115044248
60.19417475728155
60.204081632653065
60.215053763440864
60.22727272727273
60.256410256410255
60.29411764705882
60.416666666666664
60.43956043956044
60.43956043956044
60.46511627906976
60.49382716049383
60.526315789473685
60.526315789473685
60.550458715596335
60.57692307692307
60.60606060606061
60.60606060606061
60.63829787234043
60.63829787234043
60.67415730337079
60.71428571428571
60.71428571428571
60.747663551401864
60.75949367088608
60.75949367088608
60.78431372549019
60.78431372549019
60.824742268041234
60.824742268041234
60.86956521739131
60.97560975609756
60.97560975609756
61.05263157894737
61.05263157894737
61.05263157894737
61.06194690265486
61.111111111111114
61.111111111111114
61.111111111111114
61.165048543689316
61.165048543689316
61.1764705882353
61.32075471698113
61.36363636363637
61.44578313253012
61.46788990825688
61.53846153846154
61.53846153846154
61.53846153846154
61.60714285714286
61.61616161616161
61.64383561643836
61.76470588235294
61.76470588235294
61.79775280898876
61.79775280898876
61.81818181818181
61.8421052631579
61.8421052631579
61.904761904761905
61.904761904761905
61.904761904761905
61.94690265486725
61.95652173913043
61.95652173913043
61.97183098591549
62.0
62.0253164556962
62.06896551724138
62.06896551724138
62.10526315789474
62.10526315789474
62.10526315789474
62.16216216216216
62.19512195121951
62.19512195121951
62.22222222222222
62.22222222222222
62.22222222222222
62.244897959183675
62.244897959183675
62.244897959183675
62.264150943396224
62.28070175438597
62.35294117647059
62.365591397849464
62.37623762376238
62.37623762376238
62.5
62.5
62.60869565217392
62.65060240963856
62.727272727272734
62.745098039215684
62.76595744680851
62.76595744680851
62.76595744680851
62.7906976744186
62.7906976744186
62.82051282051282
62.857142857142854
62.857142857142854
62.857142857142854
62.88659793814433
62.96296296296296
62.96296296296296
63.0
63.0
63.0
63.013698630136986
63.095238095238095
63.095238095238095
63.10679611650486
63.20754716981132
63.20754716981132
63.366336633663366
63.38028169014085
63.41463414634146
63.46153846153846
63.52941176470588
63.52941176470588
63.63636363636363
63.63636363636363
63.73626373626373
63.73626373626373
63.73626373626373
63.73626373626373
63.8095238095238
63.829787234042556
63.829787234042556
63.85542168674698
63.888888888888886
63.91752577319587
63.95348837209303
63.96396396396396
64.0
64.0
64.07766990291263
64.13043478260869
64.13043478260869
64.19753086419753
64.21052631578948
64.21052631578948
64.21052631578948
64.28571428571429
64.28571428571429
64.44444444444444
64.47368421052632
64.51612903225806
64.51612903225806
64.70588235294117
64.70588235294117
64.70588235294117
64.76190476190476
64.77272727272727
64.77272727272727
64.83516483516483
64.83516483516483
64.93506493506493
64.94845360824742
64.94845360824742
65.0
65.0
65.0485436893204
65.0485436893204
65.06024096385542
65.06024096385542
65.11627906976744
65.15151515151516
65.1685393258427
65.21739130434783
65.33333333333333
65.34653465346535
65.38461538461539
65.38461538461539
65.38461538461539
65.4320987654321
65.4320987654321
65.47619047619048
65.55555555555556
65.55555555555556
65.59139784946237
65.59139784946237
65.59139784946237
65.59139784946237
65.59139784946237
65.625
65.68627450980392
65.74074074074075
65.9090909090909
65.9090909090909
65.97938144329896
66.0
66.01941747572816
66.21621621621621
66.29213483146067
66.30434782608695
66.3157894736842
66.35514018691589
66.66666666666666
66.66666666666666
66.66666666666666
66.66666666666666
66.66666666666666
66.66666666666666
66.66666666666666
66.66666666666666
66.66666666666666
66.66666666666666
66.66666666666666
66.66666666666666
66.66666666666666
66.66666666666666
66.66666666666666
66.66666666666666
66.66666666666666
66.66666666666666
66.94915254237289
67.0
67.0103092783505
67.02127659574468
67.02127659574468
67.02127659574468
67.02127659574468
67.03296703296702
67.03296703296702
67.05882352941175
67.05882352941175
67.08860759493672
67.10526315789474
67.10526315789474
67.10526315789474
67.3076923076923
67.3469387755102
67.3469387755102
67.3913043478261
67.3913043478261
67.3913043478261
67.41573033707866
67.41573033707866
67.41573033707866
67.41573033707866
67.44186046511628
67.46987951807229
67.46987951807229
67.46987951807229
67.46987951807229
67.5
67.5
67.53246753246754
67.54385964912281
67.5925925925926
67.6056338028169
67.6056338028169
67.64705882352942
67.67676767676768
67.70833333333334
67.70833333333334
67.74193548387096
67.74193548387096
67.74193548387096
67.77777777777779
67.77777777777779
67.81609195402298
67.85714285714286
67.88990825688074
67.94871794871796
67.96116504854369
68.0
68.0
68.04123711340206
68.05555555555556
68.05555555555556
68.05555555555556
68.08510638297872
68.42105263157895
68.42105263157895
68.42105263157895
68.42105263157895
68.42105263157895
68.4931506849315
68.4931506849315
68.4931506849315
68.53932584269663
68.57142857142857
68.6046511627907
68.67469879518072
68.68686868686868
68.83116883116884
68.88888888888889
68.88888888888889
68.88888888888889
68.91891891891892
68.96551724137932
68.96551724137932
69.14893617021278
69.14893617021278
69.1588785046729
69.23076923076923
69.23076923076923
69.23076923076923
69.3069306930693
69.31818181818183
69.31818181818183
69.33333333333334
69.38775510204081
69.44444444444444
69.44444444444444
69.44444444444444
69.47368421052632
69.47368421052632
69.47368421052632
69.47368421052632
69.47368421052632
69.51219512195121
69.51219512195121
69.56521739130434
69.56521739130434
69.6078431372549
69.6078431372549
69.62025316455697
69.62025316455697
69.6969696969697
69.73684210526315
69.79166666666666
69.81132075471697
70.0
70.0
70.10309278350515
70.11494252873564
70.11494252873564
70.1923076923077
70.23809523809523
70.27027027027027
70.29702970297029
70.29702970297029
70.45454545454545
70.51282051282051
70.52631578947368
70.52631578947368
70.58823529411765
70.58823529411765
70.65217391304348
70.66666666666667
70.66666666666667
70.66666666666667
70.66666666666667
70.73170731707317
70.73170731707317
70.75471698113208
70.76923076923077
70.78651685393258
70.78651685393258
70.78651685393258
70.78651685393258
70.83333333333334
70.93023255813954
70.93023255813954
70.96774193548387
71.0
71.01449275362319
71.05263157894737
71.08433734939759
71.11111111111111
71.1340206185567
71.1340206185567
71.21212121212122
71.26436781609196
71.27659574468085
71.27659574468085
71.42857142857143
71.42857142857143
71.42857142857143
71.42857142857143
71.57894736842105
71.57894736842105
71.5909090909091
71.5909090909091
71.5909090909091
71.62162162162163
71.69811320754717
71.76470588235294
71.76470588235294
71.875
72.0
72.0
72.0
72.0
72.0
72.04301075268818
72.05882352941177
72.09302325581395
72.11538461538461
72.11538461538461
72.27722772277228
72.3404255319149
72.3404255319149
72.3404255319149
72.36842105263158
72.36842105263158
72.41379310344827
72.41379310344827
72.52747252747253
72.52747252747253
72.52747252747253
72.52747252747253
72.52747252747253
72.61904761904762
72.61904761904762
72.61904761904762
72.63157894736842
72.72727272727273
72.72727272727273
72.72727272727273
72.72727272727273
72.72727272727273
72.72727272727273
72.8395061728395
72.85714285714285
72.85714285714285
72.91666666666666
73.0
73.03370786516854
73.07692307692307
73.11827956989248
73.11827956989248
73.11827956989248
73.13432835820896
73.17073170731707
73.21428571428571
73.23943661971832
73.26732673267327
73.26732673267327
73.33333333333333
73.33333333333333
73.33333333333333
73.33333333333333
73.40425531914893
73.40425531914893
73.5632183908046
73.5632183908046
73.5632183908046
73.61111111111111
73.62637362637363
73.63636363636363
73.73737373737373
73.75
73.7864077669903
73.80952380952381
73.91304347826086
73.95833333333334
73.95833333333334
73.95833333333334
73.97260273972603
74.02597402597402
74.07407407407408
74.11764705882354
74.11764705882354
74.15730337078652
74.19354838709677
74.19354838709677
74.22680412371135
74.25742574257426
74.28571428571429
74.28571428571429
74.31192660550458
74.32432432432432
74.4186046511628
74.4186046511628
74.46808510638297
74.50980392156863
74.52830188679245
74.66666666666667
74.68354430379746
74.68354430379746
74.69879518072288
74.73684210526315
75.0
75.0
75.0
75.0
75.0
75.0
75.0
75.0
75.24752475247524
75.25773195876289
75.26881720430107
75.26881720430107
75.26881720430107
75.26881720430107
75.28089887640449
75.29411764705883
75.30864197530865
75.32467532467533
75.34246575342466
75.36231884057972
75.49019607843137
75.53191489361703
75.55555555555556
75.5813953488372
75.64102564102564
75.71428571428571
75.72815533980582
75.75757575757575
75.75757575757575
75.75757575757575
75.75757575757575
75.82417582417582
75.82417582417582
75.82417582417582
75.86206896551724
75.90361445783132
75.96153846153845
76.0
76.04166666666666
76.08695652173914
76.13636363636364
76.13636363636364
76.14678899082568
76.25
76.25
76.28865979381443
76.31578947368422
76.31578947368422
76.31578947368422
76.34408602150538
76.34408602150538
76.47058823529412
76.53061224489795
76.5432098765432
76.62337662337663
76.72413793103449
76.74418604651163
76.74418604651163
76.74418604651163
76.76767676767676
76.82926829268293
76.92307692307693
76.92307692307693
76.92307692307693
76.92307692307693
76.92307692307693
77.01149425287356
77.01149425287356
77.10843373493977
77.17391304347827
77.17391304347827
77.19298245614034
77.21518987341773
77.21518987341773
77.27272727272727
77.27272727272727
77.27272727272727
77.33333333333333
77.38095238095238
77.38095238095238
77.38095238095238
77.45098039215686
77.52808988764045
77.52808988764045
77.52808988764045
77.55102040816327
77.63157894736842
77.63157894736842
77.64705882352942
77.6595744680851
77.66990291262135
77.77777777777779
77.89473684210526
77.89473684210526
77.90697674418605
77.94117647058823
78.02197802197803
78.08219178082192
78.0952380952381
78.125
78.16091954022988
78.16091954022988
78.21782178217822
78.26086956521739
78.3132530120482
78.37837837837837
78.4090909090909
78.49462365591397
78.57142857142857
78.57142857142857
78.57142857142857
78.57142857142857
78.57142857142857
78.57142857142857
78.57142857142857
78.57142857142857
78.57142857142857
78.57142857142857
78.64077669902912
78.65168539325843
78.65168539325843
78.65168539325843
78.72340425531915
78.94736842105263
79.06976744186046
79.12087912087912
79.12087912087912
79.16666666666666
79.16666666666666
79.20792079207921
79.20792079207921
79.22077922077922
79.26829268292683
79.3103448275862
79.34782608695652
79.45205479452055
79.45205479452055
79.45205479452055
79.51807228915662
79.54545454545455
79.56989247311827
79.59183673469387
79.74683544303798
79.76190476190477
79.76190476190477
79.7872340425532
79.7872340425532
79.81651376146789
80.0
80.0
80.0
80.0
80.0
80.19801980198021
80.20833333333334
80.20833333333334
80.20833333333334
80.23255813953489
80.23255813953489
80.41237113402062
80.45977011494253
80.45977011494253
80.51948051948052
80.58252427184466
80.59701492537313
80.64516129032258
80.72289156626506
80.76923076923077
80.95238095238095
80.95238095238095
81.0
81.0126582278481
81.05263157894737
81.11111111111111
81.15942028985508
81.17647058823529
81.17647058823529
81.25
81.25
81.25
81.33333333333333
81.37254901960785
81.3953488372093
81.3953488372093
81.3953488372093
81.3953488372093
81.48148148148148
81.52173913043478
81.55339805825243
81.57894736842105
81.60919540229885
81.69014084507043
81.72043010752688
81.72043010752688
81.73076923076923
81.81818181818183
81.81818181818183
81.81818181818183
81.81818181818183
81.92771084337349
81.94444444444444
82.02247191011236
82.10526315789474
82.14285714285714
82.14285714285714
82.14285714285714
82.17821782178217
82.1917808219178
82.1917808219178
82.22222222222221
82.22222222222221
82.41758241758241
82.43243243243244
82.43243243243244
82.43243243243244
82.5
82.6086956521739
82.6086956521739
82.6086956521739
82.66666666666667
82.6923076923077
82.82828282828282
82.85714285714286
82.92682926829268
82.92682926829268
82.95454545454545
83.0
83.13253012048193
83.14606741573034
83.14606741573034
83.15789473684211
83.16831683168317
83.33333333333334
83.33333333333334
83.33333333333334
83.33333333333334
83.33333333333334
83.33333333333334
83.33333333333334
83.33333333333334
83.52941176470588
83.52941176470588
83.56164383561644
83.56164383561644
83.5820895522388
83.65384615384616
83.69565217391305
83.72093023255815
83.75
83.75
83.83838383838383
83.9080459770115
83.9080459770115
83.9080459770115
83.9506172839506
84.0
84.0
84.0
84.04255319148936
84.05797101449275
84.0909090909091
84.21052631578947
84.26966292134831
84.26966292134831
84.33734939759037
84.33734939759037
84.375
84.4155844155844
84.4155844155844
84.46601941747572
84.50704225352112
84.50704225352112
84.52380952380952
84.52380952380952
84.5360824742268
84.61538461538461
84.70588235294117
84.70588235294117
84.76190476190476
84.78260869565217
84.78260869565217
84.81012658227847
84.81012658227847
85.0
85.0
85.0574712643678
85.0574712643678
85.1063829787234
85.1063829787234
85.18518518518519
85.18518518518519
85.22727272727273
85.29411764705883
85.33333333333334
85.36585365853658
85.41666666666666
85.52631578947368
85.54216867469879
85.55555555555556
85.84905660377359
85.85858585858585
85.86956521739131
85.86956521739131
85.86956521739131
85.88235294117646
85.91549295774648
85.91549295774648
85.91549295774648
86.02150537634408
86.04651162790698
86.07594936708861
86.07594936708861
86.13861386138613
86.20689655172413
86.20689655172413
86.20689655172413
86.36363636363636
86.36363636363636
86.36363636363636
86.36363636363636
86.41975308641975
86.41975308641975
86.45833333333334
86.48648648648648
86.48648648648648
86.58536585365853
86.58536585365853
86.58536585365853
86.5979381443299
86.5979381443299
86.66666666666667
86.73469387755102
86.81318681318682
86.81318681318682
86.86868686868688
86.90476190476191
86.90476190476191
86.95652173913044
87.05882352941177
87.09677419354838
87.17948717948718
87.20930232558139
87.2340425531915
87.34177215189874
87.35632183908046
87.37864077669903
87.67123287671232
87.75510204081633
87.77777777777777
87.77777777777777
87.91208791208791
88.0
88.0
88.0
88.0
88.04347826086956
88.11881188118812
88.17204301075269
88.17204301075269
88.23529411764706
88.23529411764706
88.37209302325581
88.37209302325581
88.63636363636364
88.63636363636364
88.65979381443299
88.65979381443299
88.73239436619718
88.75
88.75
88.88888888888889
88.88888888888889
88.88888888888889
89.01098901098901
89.10891089108911
89.1891891891892
89.28571428571429
89.33333333333333
89.41176470588236
89.41176470588236
89.47368421052632
89.47368421052632
89.47368421052632
89.53488372093024
89.55223880597015
89.58333333333334
89.6103896103896
89.65517241379311
89.74358974358975
89.77272727272727
89.77272727272727
89.77272727272727
89.77272727272727
89.8876404494382
89.8876404494382
89.8876404494382
90.0
90.0
90.0
90.0
90.10989010989012
90.12345679012346
90.12345679012346
90.19607843137256
90.21739130434783
90.21739130434783
90.36144578313254
90.42553191489363
90.47619047619048
90.52631578947368
90.52631578947368
90.54054054054053
90.54054054054053
90.58823529411765
90.66666666666666
90.66666666666666
90.69767441860465
90.69767441860465
90.78947368421053
90.80459770114942
90.80459770114942
90.80459770114942
90.80459770114942
90.80459770114942
90.9090909090909
91.0
91.01123595505618
91.01123595505618
91.02564102564102
91.04477611940298
91.11111111111111
91.20879120879121
91.25
91.25
91.25
91.30434782608695
91.30434782608695
91.30434782608695
91.35802469135803
91.46341463414635
91.66666666666666
91.66666666666666
91.66666666666666
91.66666666666666
91.76470588235294
91.76470588235294
91.76470588235294
91.78082191780823
91.78082191780823
91.78082191780823
91.83673469387756
91.8918918918919
91.95402298850574
91.95402298850574
92.0
92.0
92.0
92.0
92.04545454545455
92.10526315789474
92.13483146067416
92.22222222222223
92.3076923076923
92.3076923076923
92.3076923076923
92.3076923076923
92.63157894736842
92.64705882352942
92.6829268292683
92.6829268292683
92.70833333333334
92.85714285714286
92.85714285714286
92.85714285714286
93.0
93.02325581395348
93.02325581395348
93.15068493150685
93.15068493150685
93.15068493150685
93.33333333333333
93.42105263157895
93.42105263157895
93.47826086956522
93.47826086956522
93.47826086956522
93.5064935064935
93.54838709677419
93.61702127659575
93.75
93.82716049382715
94.11764705882352
94.18604651162791
94.31818181818183
94.3820224719101
94.3820224719101
94.44444444444444
94.44444444444444
94.44444444444444
94.66666666666667
94.68085106382979
94.73684210526315
94.73684210526315
94.8051948051948
94.9367088607595
94.9367088607595
95.0
95.0
95.06172839506173
95.18072289156626
95.23809523809523
95.23809523809523
95.29411764705881
95.29411764705881
95.29411764705881
95.34883720930233
95.45454545454545
95.55555555555556
95.58823529411765
95.77464788732394
95.83333333333334
95.83333333333334
95.91836734693877
95.94594594594594
96.0
96.05263157894737
96.05263157894737
96.1038961038961
96.1038961038961
96.15384615384616
96.20253164556962
96.20253164556962
96.20253164556962
96.34146341463415
96.42857142857143
96.42857142857143
96.42857142857143
96.47058823529412
96.47058823529412
96.51162790697676
96.55172413793103
96.5909090909091
96.5909090909091
96.5909090909091
96.7741935483871
96.80851063829788
96.80851063829788
96.80851063829788
96.80851063829788
96.92307692307692
96.92307692307692
96.93877551020408
97.05882352941177
97.1830985915493
97.22222222222221
97.26027397260275
97.33333333333334
97.40259740259741
97.40259740259741
97.43589743589743
97.46835443037975
97.46835443037975
97.59036144578313
97.6470588235294
97.75280898876404
97.8021978021978
97.82608695652173
98.0392156862745
98.52941176470588
98.61111111111111
98.61111111111111
98.63013698630137
98.64864864864865
98.66666666666667
98.78048780487805
98.78048780487805
98.79518072289156
98.80952380952381
98.82352941176471
98.83720930232558
98.86363636363636
98.86363636363636
98.9247311827957
100.0
100.0
100.0
100.0
100.0
100.0
100.0
100.0
100.0
100.0
100.0
100.0
100.0
100.0
100.0
100.0
101.08695652173914
101.08695652173914
101.08695652173914
101.0989010989011
101.20481927710843
101.21951219512195
101.25
101.25
101.3157894736842
101.33333333333334
101.38888888888889
102.19780219780219
102.22222222222221
102.24719101123596
102.24719101123596
102.46913580246914
102.49999999999999
102.49999999999999
102.53164556962024
102.59740259740259
102.63157894736842
102.66666666666666
102.7027027027027
102.85714285714285
102.94117647058823
103.2258064516129
103.29670329670331
103.33333333333334
103.37078651685394
103.5294117647059
103.57142857142858
103.6144578313253
103.75000000000001
103.75000000000001
103.84615384615385
103.84615384615385
103.94736842105263
104.0
104.05405405405406
104.16666666666667
104.16666666666667
104.3010752688172
104.44444444444446
104.54545454545455
104.59770114942528
104.59770114942528
104.70588235294119
104.76190476190477
104.8780487804878
104.93827160493827
105.0
105.0632911392405
105.0632911392405
105.12820512820514
105.33333333333333
105.33333333333333
105.3763440860215
105.40540540540539
105.47945205479452
105.63380281690141
105.63380281690141
105.68181818181819
105.68181818181819
105.8139534883721
105.8139534883721
105.88235294117648
105.88235294117648
105.88235294117648
105.95238095238095
106.02409638554218
106.06060606060606
106.17283950617285
106.32911392405062
106.32911392405062
106.32911392405062
106.49350649350649
106.84931506849315
106.89655172413792
106.89655172413792
107.04225352112675
107.2289156626506
107.31707317073172
107.35294117647058
107.46268656716418
107.5268817204301
107.59493670886076
107.6923076923077
107.6923076923077
107.6923076923077
107.79220779220779
108.10810810810811
108.13953488372093
108.21917808219179
108.33333333333333
108.33333333333333
108.42105263157895
108.51063829787233
108.53658536585367
108.64197530864197
108.8235294117647
108.88888888888889
108.88888888888889
108.97435897435896
108.98876404494382
109.09090909090908
109.09090909090908
109.19540229885058
109.19540229885058
109.30232558139534
109.30232558139534
109.33333333333333
109.45945945945945
109.45945945945945
109.52380952380953
109.52380952380953
109.63855421686748
109.72222222222223
109.85915492957747
109.85915492957747
109.87654320987654
110.12658227848102
110.12658227848102
110.29411764705883
110.71428571428572
110.76923076923077
110.8433734939759
110.8433734939759
110.97560975609757
111.11111111111111
111.25
111.49425287356323
111.59420289855073
111.76470588235294
111.76470588235294
111.8421052631579
111.8421052631579
112.00000000000001
112.04819277108433
112.12121212121211
112.19512195121952
112.34567901234568
112.34567901234568
112.5
112.5
112.5
112.65822784810126
112.67605633802818
112.82051282051282
112.94117647058823
112.98701298701299
112.98701298701299
113.1578947368421
113.25301204819279
113.33333333333333
113.33333333333333
113.33333333333333
113.33333333333333
113.41463414634146
113.51351351351352
113.75
113.75
113.88888888888889
113.88888888888889
113.9240506329114
113.9240506329114
114.1025641025641
114.11764705882352
114.28571428571428
114.66666666666667
114.66666666666667
114.81481481481481
114.81481481481481
114.99999999999999
114.99999999999999
115.11627906976744
115.18987341772151
115.27777777777777
115.27777777777777
115.29411764705881
115.29411764705881
115.47619047619047
115.47619047619047
115.49295774647888
115.5844155844156
115.78947368421053
115.78947368421053
115.78947368421053
116.0919540229885
116.21621621621621
116.25000000000001
116.25000000000001
116.27906976744187
116.4179104477612
116.45569620253164
116.88311688311688
117.02127659574468
117.04545454545455
117.33333333333333
117.72151898734178
117.72151898734178
117.85714285714286
117.94871794871796
118.07228915662651
118.57142857142857
118.6046511627907
118.66666666666667
118.75
118.84057971014492
118.9873417721519
119.04761904761905
119.23076923076923
119.27710843373494
119.40298507462686
119.54022988505749
119.54022988505749
119.71830985915493
119.73684210526316
120.0
120.25316455696202
120.54794520547945
120.58823529411764
120.7792207792208
121.17647058823529
121.33333333333334
121.42857142857142
121.51898734177216
121.73913043478262
121.79487179487178
121.83908045977012
121.95121951219512
122.07792207792207
122.22222222222223
122.3529411764706
122.36842105263158
122.38805970149254
122.50000000000001
122.97297297297298
122.97297297297298
122.97297297297298
123.07692307692308
123.18840579710144
123.28767123287672
123.37662337662339
123.52941176470588
123.61111111111111
123.94366197183098
124.0
124.35897435897436
124.35897435897436
124.69135802469135
125.0
125.33333333333334
125.35211267605635
125.35211267605635
125.71428571428571
125.92592592592592
125.97402597402598
126.19047619047619
126.25
126.3157894736842
126.58227848101266
127.3972602739726
127.53623188405795
127.77777777777777
127.84810126582278
128.0
128.23529411764707
128.3783783783784
129.33333333333331
129.76190476190476
130.0
130.3030303030303
130.55555555555557
130.66666666666666
131.50684931506848
131.64556962025316
132.35294117647058
132.43243243243242
132.85714285714286
132.87671232876713
134.21052631578948
134.28571428571428
134.66666666666666
134.7826086956522
135.06493506493507
135.6164383561644
136.48648648648648
136.61971830985914
136.70886075949366
136.8421052631579
136.8421052631579
137.14285714285714
138.46153846153845
138.55421686746988
138.57142857142856
139.1304347826087
140.22988505747128
140.27777777777777
141.1764705882353
141.33333333333334
141.66666666666669
141.89189189189187
142.25352112676057
142.42424242424244
143.28358208955223
143.42105263157893
143.47826086956522
143.66197183098592
144.92753623188406
145.33333333333334
146.26865671641792
146.66666666666666
147.22222222222223
147.36842105263156
147.94520547945206
148.05194805194805
149.33333333333334
149.35064935064935
150.64935064935065
152.17391304347828
152.17391304347828
153.42465753424656
153.73134328358208
155.55555555555557
156.06060606060606
156.16438356164383
156.75675675675674
156.92307692307693
158.8235294117647
159.5505617977528
160.56338028169014
162.5
163.23529411764704
171.6417910447761
176.0
176.13636363636365
236.231884057971
