Number of Runs,5993

Direct 95% Percentile CI Width,586.5740740740741
Direct 95% Percentile CI Lower Bound,-79.16666666666666
Direct 95% Percentile CI Upper Bound,507.40740740740745

Bootstrap 95% Percentile CI Width,4.232804232804234
Bootstrap 95% Percentile CI Lower Bound,14.285714285714285
Bootstrap 95% Percentile CI Upper Bound,18.51851851851852

Percentage Difference (%)
-88.212927756654
-88.16793893129771
-87.8048780487805
-87.15953307392996
-87.08333333333333
-85.77235772357723
-84.98023715415019
-84.90566037735849
-84.21052631578947
-83.9572192513369
-83.87096774193549
-83.5978835978836
-83.51648351648352
-83.42541436464089
-83.42541436464089
-83.41708542713567
-83.24324324324324
-83.13953488372093
-83.13953488372093
-83.06878306878306
-83.05084745762711
-83.05084745762711
-82.97872340425532
-82.95454545454545
-82.94117647058825
-82.85714285714286
-82.85714285714286
-82.85714285714286
-82.68156424581005
-82.65895953757226
-82.65895953757226
-82.63473053892216
-82.55813953488372
-82.48587570621469
-82.45614035087719
-82.38636363636364
-82.38636363636364
-82.35294117647058
-82.32044198895028
-82.32044198895028
-82.28571428571428
-82.26600985221675
-82.24852071005917
-82.18390804597702
-82.14285714285714
-82.08092485549133
-82.08092485549133
-82.03592814371258
-82.01058201058201
-81.97674418604652
-81.97674418604652
-81.97674418604652
-81.9672131147541
-81.92771084337349
-81.92771084337349
-81.92090395480226
-81.81818181818183
-81.81818181818183
-81.81818181818183
-81.76470588235294
-81.76100628930818
-81.76100628930818
-81.70731707317073
-81.70731707317073
-81.66666666666667
-81.65680473372781
-81.60919540229885
-81.56424581005587
-81.54761904761905
-81.52173913043478
-81.5028901734104
-81.5028901734104
-81.48148148148148
-81.437125748503
-81.437125748503
-81.437125748503
-81.36645962732919
-81.36645962732919
-81.35593220338984
-81.25
-81.25
-81.21546961325967
-81.17647058823529
-81.14285714285714
-81.13207547169812
-81.13207547169812
-81.13207547169812
-81.13207547169812
-81.09756097560977
-81.09756097560977
-81.04575163398692
-81.0126582278481
-81.0126582278481
-80.95238095238095
-80.95238095238095
-80.8641975308642
-80.83832335329342
-80.83832335329342
-80.81395348837209
-80.74534161490683
-80.72289156626506
-80.72289156626506
-80.68181818181817
-80.64516129032258
-80.625
-80.60606060606061
-80.60606060606061
-80.48780487804879
-80.4733727810651
-80.45977011494253
-80.3921568627451
-80.26315789473685
-80.2547770700637
-80.2547770700637
-80.24691358024691
-80.23952095808383
-80.23255813953489
-80.12422360248446
-80.12048192771084
-80.12048192771084
-80.11695906432749
-80.0
-80.0
-80.0
-80.0
-79.88165680473372
-79.87421383647799
-79.75460122699386
-79.74683544303798
-79.74683544303798
-79.73856209150327
-79.73856209150327
-79.72972972972973
-79.72027972027972
-79.64071856287424
-79.59183673469387
-79.54545454545455
-79.53667953667953
-79.51807228915662
-79.48717948717949
-79.48717948717949
-79.48717948717949
-79.39393939393939
-79.375
-79.35483870967742
-79.3103448275862
-79.28994082840237
-79.24528301886792
-79.21348314606742
-79.16666666666666
-79.14110429447852
-79.06976744186046
-78.98089171974523
-78.91156462585033
-78.84615384615384
-78.84615384615384
-78.80794701986756
-78.80794701986756
-78.75
-78.75
-78.69822485207101
-78.69822485207101
-78.69822485207101
-78.65853658536585
-78.61635220125787
-78.61271676300578
-78.61271676300578
-78.57142857142857
-78.52760736196319
-78.47222222222221
-78.43137254901961
-78.3882783882784
-78.37837837837837
-78.37837837837837
-78.343949044586
-78.3132530120482
-78.28947368421053
-78.28571428571428
-78.28571428571428
-78.23529411764706
-78.19548872180451
-78.18181818181819
-78.125
-78.10650887573965
-78.1021897810219
-78.1021897810219
-78.08219178082192
-77.9874213836478
-77.96610169491525
-77.94117647058823
-77.91411042944786
-77.91411042944786
-77.85234899328859
-77.84810126582279
-77.84431137724552
-77.77777777777779
-77.77777777777779
-77.77777777777779
-77.7027027027027
-77.44360902255639
-77.35849056603774
-77.27272727272727
-77.16535433070865
-77.14285714285715
-77.10843373493977
-77.07006369426752
-77.01149425287356
-76.97368421052632
-76.96969696969697
-76.92307692307693
-76.92307692307693
-76.878612716763
-76.87074829931973
-76.86567164179104
-76.86567164179104
-76.86567164179104
-76.81159420289855
-76.76056338028168
-76.74418604651163
-76.72955974842768
-76.68711656441718
-76.68711656441718
-76.66666666666667
-76.66666666666667
-76.64233576642336
-76.5625
-76.5432098765432
-76.43312101910828
-76.31578947368422
-76.31578947368422
-76.29629629629629
-76.2135922330097
-76.19047619047619
-76.15384615384615
-76.15384615384615
-76.11940298507463
-76.08695652173914
-76.03305785123968
-76.03305785123968
-76.02739726027397
-76.0
-75.97402597402598
-75.92592592592592
-75.84269662921348
-75.78125
-75.75757575757575
-75.70621468926554
-75.69060773480662
-75.60975609756098
-75.57251908396947
-75.55555555555556
-75.40983606557377
-75.39682539682539
-75.39682539682539
-75.39682539682539
-75.31645569620254
-75.28735632183908
-75.15151515151514
-75.0
-75.0
-75.0
-75.0
-75.0
-75.0
-75.0
-75.0
-75.0
-75.0
-75.0
-74.87179487179488
-74.80314960629921
-74.79674796747967
-74.78260869565217
-74.68354430379746
-74.67532467532467
-74.65753424657534
-74.60317460317461
-74.59016393442623
-74.56140350877193
-74.50980392156863
-74.50980392156863
-74.48275862068967
-74.48275862068967
-74.4
-74.3801652892562
-74.24242424242425
-74.19354838709677
-74.16666666666667
-74.16666666666667
-74.1444866920152
-74.13793103448276
-74.13793103448276
-74.12587412587412
-74.04580152671755
-74.01129943502825
-74.0
-73.98373983739837
-73.94957983193278
-73.94957983193278
-73.8255033557047
-73.80952380952381
-73.77049180327869
-73.72881355932203
-73.64341085271317
-73.63636363636363
-73.6
-73.55371900826447
-73.55371900826447
-73.50427350427351
-73.50427350427351
-73.50427350427351
-73.50427350427351
-73.50427350427351
-73.39449541284404
-73.38709677419355
-73.33333333333333
-73.33333333333333
-73.33333333333333
-73.27586206896551
-73.27586206896551
-73.27586206896551
-73.27586206896551
-73.27586206896551
-73.21428571428571
-73.21428571428571
-73.17073170731707
-73.10924369747899
-73.10924369747899
-73.04347826086956
-73.04347826086956
-73.04347826086956
-73.04347826086956
-73.04347826086956
-72.97297297297297
-72.94117647058823
-72.86821705426357
-72.85714285714285
-72.80701754385966
-72.80701754385966
-72.80701754385966
-72.72727272727273
-72.72727272727273
-72.72727272727273
-72.72727272727273
-72.72727272727273
-72.72727272727273
-72.64957264957265
-72.61146496815286
-72.56637168141593
-72.56637168141593
-72.51908396946564
-72.5
-72.5
-72.5
-72.5
-72.47706422018348
-72.47706422018348
-72.47706422018348
-72.47706422018348
-72.47706422018348
-72.47706422018348
-72.45508982035929
-72.41379310344827
-72.41379310344827
-72.41379310344827
-72.35294117647058
-72.35294117647058
-72.32142857142857
-72.26890756302521
-72.26890756302521
-72.26890756302521
-72.26890756302521
-72.22222222222221
-72.22222222222221
-72.22222222222221
-72.22222222222221
-72.17391304347827
-72.17391304347827
-72.16981132075472
-72.1311475409836
-72.1311475409836
-72.12121212121212
-72.07207207207207
-71.96261682242991
-71.96261682242991
-71.9298245614035
-71.900826446281
-71.875
-71.875
-71.81818181818181
-71.7948717948718
-71.7741935483871
-71.7741935483871
-71.69811320754717
-71.69811320754717
-71.69811320754717
-71.68141592920354
-71.55172413793103
-71.54471544715447
-71.51162790697676
-71.42857142857143
-71.42857142857143
-71.42857142857143
-71.42857142857143
-71.42857142857143
-71.42857142857143
-71.30434782608695
-71.29629629629629
-71.29629629629629
-71.28712871287128
-71.28712871287128
-71.21212121212122
-71.2
-71.1864406779661
-71.1864406779661
-71.1864406779661
-71.17647058823529
-71.17117117117117
-71.15384615384616
-71.15384615384616
-71.15384615384616
-71.10091743119266
-71.09375
-71.05263157894737
-71.02803738317756
-71.02803738317756
-71.02803738317756
-71.01449275362319
-70.94972067039106
-70.94017094017094
-70.92198581560284
-70.9090909090909
-70.83333333333334
-70.75471698113208
-70.75471698113208
-70.75471698113208
-70.6896551724138
-70.68062827225131
-70.64220183486239
-70.63492063492063
-70.62146892655367
-70.58823529411765
-70.58823529411765
-70.58823529411765
-70.58823529411765
-70.58823529411765
-70.53571428571429
-70.53571428571429
-70.53571428571429
-70.47619047619048
-70.47619047619048
-70.47619047619048
-70.43478260869566
-70.41420118343196
-70.37037037037037
-70.37037037037037
-70.29702970297029
-70.27027027027027
-70.27027027027027
-70.24793388429752
-70.1923076923077
-70.1923076923077
-70.1923076923077
-70.1923076923077
-70.1923076923077
-70.17543859649122
-70.09345794392523
-70.0
-70.0
-70.0
-70.0
-70.0
-69.90291262135922
-69.90291262135922
-69.84126984126983
-69.81132075471697
-69.81132075471697
-69.81132075471697
-69.81132075471697
-69.80198019801979
-69.76744186046511
-69.75308641975309
-69.72477064220183
-69.72477064220183
-69.64285714285714
-69.6078431372549
-69.6
-69.56521739130434
-69.56521739130434
-69.52380952380952
-69.52380952380952
-69.52380952380952
-69.44444444444444
-69.38775510204081
-69.38775510204081
-69.3069306930693
-69.23076923076923
-69.23076923076923
-69.23076923076923
-69.23076923076923
-69.1588785046729
-69.10569105691057
-69.0
-69.0
-69.0
-69.0
-68.96551724137932
-68.96551724137932
-68.93203883495146
-68.93203883495146
-68.86792452830188
-68.86792452830188
-68.80733944954129
-68.75
-68.75
-68.75
-68.75
-68.75
-68.75
-68.69565217391305
-68.68686868686868
-68.62745098039215
-68.62745098039215
-68.58974358974359
-68.57142857142857
-68.54838709677419
-68.51851851851852
-68.51851851851852
-68.51851851851852
-68.46846846846847
-68.42105263157895
-68.36734693877551
-68.36734693877551
-68.33333333333333
-68.26923076923077
-68.22429906542055
-68.20809248554913
-68.15286624203821
-68.13186813186813
-68.09815950920245
-68.08510638297872
-68.08510638297872
-68.0672268907563
-68.04123711340206
-67.96116504854369
-67.96116504854369
-67.96116504854369
-67.9245283018868
-67.9245283018868
-67.9245283018868
-67.9245283018868
-67.9245283018868
-67.82608695652173
-67.8082191780822
-67.76859504132231
-67.76315789473685
-67.74193548387096
-67.74193548387096
-67.74193548387096
-67.74193548387096
-67.70186335403726
-67.70186335403726
-67.67676767676768
-67.67676767676768
-67.67676767676768
-67.61904761904762
-67.5392670157068
-67.3913043478261
-67.3913043478261
-67.36842105263158
-67.3469387755102
-67.3076923076923
-67.3076923076923
-67.3076923076923
-67.28971962616822
-67.28971962616822
-67.27272727272727
-67.24137931034483
-67.08860759493672
-67.08074534161491
-67.0103092783505
-66.99029126213593
-66.99029126213593
-66.98113207547169
-66.97247706422019
-66.86390532544378
-66.66666666666666
-66.66666666666666
-66.66666666666666
-66.66666666666666
-66.66666666666666
-66.66666666666666
-66.66666666666666
-66.66666666666666
-66.66666666666666
-66.66666666666666
-66.66666666666666
-66.66666666666666
-66.66666666666666
-66.66666666666666
-66.47058823529412
-66.3716814159292
-66.3265306122449
-66.30434782608695
-66.30434782608695
-66.29213483146067
-66.29213483146067
-66.27218934911244
-66.15384615384615
-66.10169491525424
-66.05504587155964
-66.05504587155964
-66.05504587155964
-66.01941747572816
-66.01941747572816
-66.01941747572816
-65.97938144329896
-65.95744680851064
-65.95744680851064
-65.95744680851064
-65.95744680851064
-65.93406593406593
-65.83333333333333
-65.80645161290323
-65.76576576576578
-65.65656565656566
-65.64885496183206
-65.54054054054053
-65.51724137931035
-65.49707602339181
-65.47619047619048
-65.45454545454545
-65.45454545454545
-65.38461538461539
-65.29411764705883
-65.29411764705883
-65.26315789473685
-65.26315789473685
-65.26315789473685
-65.21739130434783
-65.21739130434783
-65.1685393258427
-65.1685393258427
-65.13761467889908
-65.13761467889908
-65.03067484662577
-64.94845360824742
-64.8936170212766
-64.8936170212766
-64.83516483516483
-64.83516483516483
-64.83516483516483
-64.81481481481481
-64.77272727272727
-64.70588235294117
-64.70588235294117
-64.70588235294117
-64.64646464646465
-64.58333333333334
-64.54545454545455
-64.48598130841121
-64.47368421052632
-64.45783132530121
-64.44444444444444
-64.375
-64.36781609195403
-64.36781609195403
-64.36170212765957
-64.33566433566433
-64.28571428571429
-64.28571428571429
-64.28571428571429
-64.28571428571429
-64.21052631578948
-64.13043478260869
-64.13043478260869
-64.04494382022472
-64.04494382022472
-64.04494382022472
-64.0
-63.91752577319587
-63.91752577319587
-63.888888888888886
-63.725490196078425
-63.63636363636363
-63.52941176470588
-63.52941176470588
-63.49206349206349
-63.46153846153846
-63.44086021505376
-63.41463414634146
-63.366336633663366
-63.29113924050633
-63.2768361581921
-63.23529411764706
-63.2183908045977
-63.190184049079754
-63.1578947368421
-63.06306306306306
-63.005780346820806
-62.96296296296296
-62.92134831460674
-62.88659793814433
-62.874251497005986
-62.7906976744186
-62.7906976744186
-62.745098039215684
-62.732919254658384
-62.65060240963856
-62.643678160919535
-62.57309941520468
-62.5
-62.5
-62.365591397849464
-62.365591397849464
-62.33766233766234
-62.22222222222222
-62.2093023255814
-62.19512195121951
-61.98830409356725
-61.98347107438017
-61.95652173913043
-61.93181818181818
-61.832061068702295
-61.79775280898876
-61.79775280898876
-61.79775280898876
-61.72839506172839
-61.72839506172839
-61.72839506172839
-61.71428571428571
-61.6822429906542
-61.61616161616161
-61.60714285714286
-61.53846153846154
-61.53846153846154
-61.53846153846154
-61.53846153846154
-61.49425287356321
-61.44578313253012
-61.386138613861384
-61.36363636363637
-61.34453781512605
-61.32075471698113
-61.25000000000001
-61.25000000000001
-61.212121212121204
-61.206896551724135
-61.1764705882353
-61.111111111111114
-61.111111111111114
-61.07784431137725
-61.016949152542374
-61.0
-60.97560975609756
-60.83333333333333
-60.824742268041234
-60.824742268041234
-60.810810810810814
-60.810810810810814
-60.78431372549019
-60.78431372549019
-60.75949367088608
-60.75949367088608
-60.71428571428571
-60.71428571428571
-60.71428571428571
-60.689655172413794
-60.63829787234043
-60.526315789473685
-60.526315789473685
-60.526315789473685
-60.509554140127385
-60.49382716049383
-60.49382716049383
-60.49382716049383
-60.483870967741936
-60.46511627906976
-60.416666666666664
-60.416666666666664
-60.36036036036037
-60.36036036036037
-60.256410256410255
-60.256410256410255
-60.256410256410255
-60.204081632653065
-60.19417475728155
-60.130718954248366
-60.12658227848101
-60.0
-60.0
-60.0
-60.0
-60.0
-60.0
-60.0
-60.0
-59.883720930232556
-59.87261146496815
-59.859154929577464
-59.82905982905983
-59.813084112149525
-59.80392156862745
-59.78835978835979
-59.756097560975604
-59.74025974025974
-59.74025974025974
-59.74025974025974
-59.70149253731343
-59.66850828729282
-59.64912280701754
-59.61538461538461
-59.59595959595959
-59.59595959595959
-59.53757225433526
-59.523809523809526
-59.50920245398773
-59.50413223140496
-59.45945945945946
-59.45945945945946
-59.45945945945946
-59.45945945945946
-59.375
-59.34065934065934
-59.25925925925925
-59.25925925925925
-59.210526315789465
-59.195402298850574
-59.01639344262295
-59.006211180124225
-59.0
-58.97435897435898
-58.95953757225434
-58.95953757225434
-58.92857142857143
-58.92857142857143
-58.87850467289719
-58.86075949367089
-58.82352941176471
-58.76288659793815
-58.75
-58.75
-58.67768595041323
-58.666666666666664
-58.666666666666664
-58.666666666666664
-58.65384615384615
-58.620689655172406
-58.59872611464968
-58.55855855855856
-58.50340136054422
-58.44155844155844
-58.38509316770186
-58.333333333333336
-58.333333333333336
-58.27338129496403
-58.26086956521739
-58.252427184466015
-58.21917808219178
-58.12500000000001
-58.0952380952381
-58.08383233532935
-58.08383233532935
-58.06451612903226
-58.03571428571429
-57.943925233644855
-57.92682926829268
-57.89473684210527
-57.89473684210527
-57.74647887323944
-57.738095238095234
-57.71812080536913
-57.692307692307686
-57.65765765765766
-57.65765765765766
-57.647058823529406
-57.534246575342465
-57.534246575342465
-57.534246575342465
-57.534246575342465
-57.534246575342465
-57.377049180327866
-57.377049180327866
-57.35294117647059
-57.35294117647059
-57.333333333333336
-57.333333333333336
-57.333333333333336
-57.324840764331206
-57.30994152046783
-57.22891566265061
-57.14285714285714
-57.14285714285714
-57.14285714285714
-57.14285714285714
-57.14285714285714
-57.14285714285714
-57.14285714285714
-57.14285714285714
-57.02479338842975
-56.9620253164557
-56.94444444444444
-56.92307692307692
-56.8
-56.75675675675676
-56.75675675675676
-56.730769230769226
-56.72514619883041
-56.60377358490566
-56.57894736842105
-56.52173913043478
-56.52173913043478
-56.52173913043478
-56.52173913043478
-56.52173913043478
-56.481481481481474
-56.470588235294116
-56.44171779141104
-56.41025641025641
-56.41025641025641
-56.33802816901409
-56.33802816901409
-56.30252100840336
-56.25
-56.25
-56.25
-56.16438356164384
-56.12903225806451
-56.043956043956044
-56.02094240837696
-56.00000000000001
-55.9748427672956
-55.96330275229357
-55.952380952380956
-55.94405594405595
-55.88235294117647
-55.828220858895705
-55.73770491803278
-55.714285714285715
-55.714285714285715
-55.69620253164557
-55.625
-55.55555555555556
-55.55555555555556
-55.55555555555556
-55.47445255474452
-55.434782608695656
-55.4054054054054
-55.371900826446286
-55.34591194968554
-55.33980582524271
-55.33980582524271
-55.223880597014926
-55.223880597014926
-55.223880597014926
-55.223880597014926
-55.2
-55.140186915887845
-55.140186915887845
-55.12820512820513
-55.072463768115945
-55.072463768115945
-55.072463768115945
-55.02958579881657
-54.95495495495496
-54.929577464788736
-54.861111111111114
-54.761904761904766
-54.71698113207547
-54.71698113207547
-54.71698113207547
-54.629629629629626
-54.629629629629626
-54.54545454545454
-54.54545454545454
-54.54545454545454
-54.54545454545454
-54.54545454545454
-54.48275862068965
-54.44444444444444
-54.43037974683544
-54.41176470588235
-54.41176470588235
-54.400000000000006
-54.36893203883495
-54.32098765432099
-54.285714285714285
-54.285714285714285
-54.285714285714285
-54.263565891472865
-54.23728813559322
-54.23728813559322
-54.21686746987952
-54.166666666666664
-54.09836065573771
-54.054054054054056
-54.037267080745345
-53.94736842105263
-53.94736842105263
-53.89221556886228
-53.84615384615385
-53.84615384615385
-53.84615384615385
-53.84615384615385
-53.84615384615385
-53.73134328358209
-53.73134328358209
-53.73134328358209
-53.70370370370371
-53.62318840579711
-53.6
-53.5483870967742
-53.535353535353536
-53.52112676056338
-53.44827586206896
-53.42465753424658
-53.42465753424658
-53.398058252427184
-53.38983050847458
-53.37423312883436
-53.16455696202531
-53.16455696202531
-53.142857142857146
-53.03030303030303
-53.03030303030303
-53.03030303030303
-53.0
-52.94117647058824
-52.94117647058824
-52.892561983471076
-52.85714285714286
-52.79503105590062
-52.67857142857143
-52.63157894736842
-52.63157894736842
-52.63157894736842
-52.57142857142857
-52.56410256410257
-52.5
-52.46913580246913
-52.459016393442624
-52.459016393442624
-52.459016393442624
-52.42718446601942
-52.38095238095239
-52.38095238095239
-52.307692307692314
-52.307692307692314
-52.307692307692314
-52.307692307692314
-52.293577981651374
-52.28426395939086
-52.25225225225225
-52.25225225225225
-52.23880597014925
-52.17391304347826
-52.17391304347826
-52.054794520547944
-52.054794520547944
-52.03252032520326
-52.0
-51.886792452830186
-51.8796992481203
-51.85185185185185
-51.76470588235295
-51.724137931034484
-51.724137931034484
-51.69491525423729
-51.67785234899329
-51.65562913907284
-51.61290322580645
-51.61290322580645
-51.61290322580645
-51.61290322580645
-51.59235668789809
-51.57232704402516
-51.5625
-51.5625
-51.5625
-51.5625
-51.5625
-51.5625
-51.5625
-51.5625
-51.5625
-51.53846153846153
-51.515151515151516
-51.470588235294116
-51.42857142857142
-51.42857142857142
-51.42857142857142
-51.4018691588785
-51.39664804469274
-51.37614678899083
-51.35135135135135
-51.31578947368421
-51.23456790123457
-51.21951219512195
-51.21951219512195
-51.181102362204726
-50.96153846153846
-50.943396226415096
-50.92592592592593
-50.90909090909091
-50.81967213114754
-50.81967213114754
-50.79365079365079
-50.79365079365079
-50.76923076923077
-50.74626865671642
-50.74626865671642
-50.63291139240506
-50.51020408163265
-50.48543689320388
-50.467289719626166
-50.467289719626166
-50.45045045045045
-50.43478260869565
-50.42016806722689
-50.39370078740157
-50.32258064516129
-50.318471337579616
-50.303030303030305
-50.0
-50.0
-50.0
-50.0
-50.0
-50.0
-50.0
-50.0
-50.0
-50.0
-50.0
-50.0
-50.0
-50.0
-50.0
-50.0
-50.0
-50.0
-50.0
-50.0
-50.0
-50.0
-50.0
-50.0
-50.0
-50.0
-49.572649572649574
-49.557522123893804
-49.54128440366973
-49.532710280373834
-49.523809523809526
-49.48453608247423
-49.45054945054945
-49.382716049382715
-49.36708860759494
-49.333333333333336
-49.29577464788733
-49.275362318840585
-49.2063492063492
-49.18032786885246
-49.142857142857146
-49.09090909090909
-49.09090909090909
-49.06832298136646
-48.95833333333333
-48.888888888888886
-48.78048780487805
-48.78048780487805
-48.75
-48.717948717948715
-48.717948717948715
-48.69565217391305
-48.68421052631579
-48.68421052631579
-48.66666666666667
-48.62385321100918
-48.61111111111111
-48.57142857142857
-48.484848484848484
-48.484848484848484
-48.38709677419355
-48.38709677419355
-48.38709677419355
-48.36065573770492
-48.34437086092716
-48.333333333333336
-48.333333333333336
-48.31460674157304
-48.23529411764706
-48.13084112149533
-48.113207547169814
-48.07692307692308
-48.0
-48.0
-47.94520547945205
-47.89915966386555
-47.88732394366197
-47.78761061946903
-47.69230769230769
-47.61904761904761
-47.61904761904761
-47.540983606557376
-47.540983606557376
-47.540983606557376
-47.5
-47.5
-47.45762711864407
-47.45762711864407
-47.45762711864407
-47.45762711864407
-47.45762711864407
-47.42857142857143
-47.368421052631575
-47.368421052631575
-47.368421052631575
-47.368421052631575
-47.368421052631575
-47.368421052631575
-47.22222222222222
-47.22222222222222
-47.22222222222222
-47.14285714285714
-47.14285714285714
-47.11538461538461
-47.05882352941176
-47.02702702702703
-46.96969696969697
-46.875
-46.875
-46.875
-46.85314685314685
-46.808510638297875
-46.774193548387096
-46.774193548387096
-46.774193548387096
-46.774193548387096
-46.774193548387096
-46.666666666666664
-46.666666666666664
-46.666666666666664
-46.666666666666664
-46.666666666666664
-46.62921348314607
-46.590909090909086
-46.55172413793103
-46.55172413793103
-46.55172413793103
-46.55172413793103
-46.55172413793103
-46.55172413793103
-46.51162790697674
-46.42857142857143
-46.42857142857143
-46.42857142857143
-46.3768115942029
-46.36363636363636
-46.35761589403973
-46.26865671641791
-46.22641509433962
-46.15384615384615
-46.10778443113773
-46.103896103896105
-46.03174603174603
-46.03174603174603
-45.96774193548387
-45.94594594594595
-45.94594594594595
-45.90163934426229
-45.90163934426229
-45.90163934426229
-45.76271186440678
-45.76271186440678
-45.73170731707317
-45.664739884393065
-45.63106796116505
-45.614035087719294
-45.614035087719294
-45.52845528455284
-45.45454545454545
-45.45454545454545
-45.45454545454545
-45.45454545454545
-45.45454545454545
-45.370370370370374
-45.3125
-45.3125
-45.2991452991453
-45.28301886792453
-45.23809523809524
-45.23809523809524
-45.16129032258064
-45.16129032258064
-45.16129032258064
-45.07042253521127
-45.05494505494506
-45.05494505494506
-45.0
-44.85981308411215
-44.827586206896555
-44.827586206896555
-44.79166666666667
-44.785276073619634
-44.66019417475729
-44.642857142857146
-44.642857142857146
-44.61538461538462
-44.5945945945946
-44.565217391304344
-44.44444444444444
-44.44444444444444
-44.44444444444444
-44.44444444444444
-44.34782608695652
-44.285714285714285
-44.24778761061947
-44.15584415584416
-44.11764705882353
-44.06779661016949
-44.06779661016949
-44.06779661016949
-43.96551724137931
-43.96551724137931
-43.93939393939394
-43.859649122807014
-43.859649122807014
-43.83561643835616
-43.80952380952381
-43.75
-43.75
-43.63636363636363
-43.63636363636363
-43.63636363636363
-43.63636363636363
-43.51851851851852
-43.42105263157895
-43.41085271317829
-43.39622641509434
-43.333333333333336
-43.28358208955223
-43.103448275862064
-43.103448275862064
-43.103448275862064
-43.103448275862064
-43.103448275862064
-43.07692307692308
-43.05555555555556
-43.01075268817204
-42.96296296296296
-42.93193717277487
-42.857142857142854
-42.857142857142854
-42.72727272727273
-42.62295081967213
-42.592592592592595
-42.592592592592595
-42.5
-42.47787610619469
-42.42424242424242
-42.3728813559322
-42.30769230769231
-42.30769230769231
-42.30769230769231
-42.201834862385326
-42.10526315789473
-42.10526315789473
-42.06896551724138
-42.05607476635514
-42.01183431952663
-41.988950276243095
-41.9753086419753
-41.935483870967744
-41.935483870967744
-41.81818181818181
-41.76470588235294
-41.66666666666667
-41.66666666666667
-41.57303370786517
-41.53846153846154
-41.52046783625731
-41.52046783625731
-41.509433962264154
-41.509433962264154
-41.509433962264154
-41.509433962264154
-41.46341463414634
-41.44144144144144
-41.42857142857143
-41.37931034482759
-41.37931034482759
-41.34615384615385
-41.269841269841265
-41.23711340206185
-41.17647058823529
-41.14285714285714
-41.104294478527606
-41.0958904109589
-41.07142857142857
-41.07142857142857
-40.993788819875775
-40.993788819875775
-40.86021505376344
-40.833333333333336
-40.816326530612244
-40.816326530612244
-40.78947368421053
-40.78947368421053
-40.74074074074074
-40.74074074074074
-40.69767441860465
-40.67796610169492
-40.65040650406504
-40.625
-40.625
-40.56603773584906
-40.50632911392405
-40.49079754601227
-40.46242774566474
-40.46242774566474
-40.46242774566474
-40.41450777202073
-40.38461538461539
-40.38461538461539
-40.35087719298245
-40.33613445378151
-40.298507462686565
-40.27777777777778
-40.19607843137255
-40.19607843137255
-40.0
-40.0
-40.0
-40.0
-40.0
-40.0
-39.89071038251366
-39.88095238095239
-39.88095238095239
-39.83739837398374
-39.77272727272727
-39.76608187134503
-39.75155279503105
-39.726027397260275
-39.66942148760331
-39.62264150943396
-39.62264150943396
-39.603960396039604
-39.50617283950617
-39.42307692307692
-39.411764705882355
-39.39393939393939
-39.361702127659576
-39.361702127659576
-39.34426229508197
-39.34426229508197
-39.30635838150289
-39.285714285714285
-39.263803680981596
-39.21568627450981
-39.1812865497076
-39.1812865497076
-39.10614525139665
-39.09090909090909
-39.08045977011494
-39.0625
-39.04761904761905
-39.04761904761905
-39.02439024390244
-38.970588235294116
-38.95348837209303
-38.84297520661157
-38.775510204081634
-38.775510204081634
-38.775510204081634
-38.775510204081634
-38.75
-38.70967741935484
-38.70967741935484
-38.46153846153847
-38.46153846153847
-38.46153846153847
-38.46153846153847
-38.46153846153847
-38.46153846153847
-38.36477987421384
-38.35616438356164
-38.333333333333336
-38.333333333333336
-38.20224719101123
-38.13559322033898
-38.095238095238095
-38.06818181818182
-38.05309734513274
-37.93103448275862
-37.93103448275862
-37.93103448275862
-37.80487804878049
-37.735849056603776
-37.72455089820359
-37.704918032786885
-37.640449438202246
-37.57961783439491
-37.5
-37.5
-37.5
-37.5
-37.28813559322034
-37.254901960784316
-37.22222222222222
-37.2093023255814
-37.17948717948718
-37.17948717948718
-37.03703703703704
-37.03703703703704
-37.03703703703704
-37.00787401574803
-36.96969696969697
-36.898395721925134
-36.885245901639344
-36.79245283018868
-36.79245283018868
-36.79245283018868
-36.734693877551024
-36.734693877551024
-36.666666666666664
-36.666666666666664
-36.633663366336634
-36.58536585365854
-36.55913978494624
-36.52173913043478
-36.36363636363637
-36.36363636363637
-36.36363636363637
-36.36363636363637
-36.312849162011176
-36.25730994152047
-36.25730994152047
-36.206896551724135
-36.19631901840491
-36.19631901840491
-36.17021276595745
-36.17021276595745
-36.12903225806451
-36.09467455621302
-36.0
-35.97560975609756
-35.95505617977528
-35.9375
-35.9375
-35.84905660377358
-35.78947368421053
-35.714285714285715
-35.64356435643564
-35.59322033898305
-35.59322033898305
-35.41666666666667
-35.41666666666667
-35.41666666666667
-35.32934131736527
-35.24904214559387
-35.16483516483517
-35.15151515151515
-35.08771929824561
-34.93975903614458
-34.90566037735849
-34.90566037735849
-34.883720930232556
-34.862385321100916
-34.84848484848485
-34.78260869565217
-34.756097560975604
-34.69387755102041
-34.68208092485549
-34.65346534653465
-34.54545454545455
-34.523809523809526
-34.523809523809526
-34.51327433628318
-34.51327433628318
-34.437086092715234
-34.394904458598724
-34.375
-34.33734939759036
-34.32835820895522
-34.32835820895522
-34.30232558139535
-34.285714285714285
-34.234234234234236
-34.146341463414636
-34.04255319148936
-34.04255319148936
-34.04255319148936
-34.02061855670103
-34.0
-33.9622641509434
-33.92857142857143
-33.91812865497076
-33.89830508474576
-33.77483443708609
-33.54430379746836
-33.33333333333333
-33.33333333333333
-33.33333333333333
-33.33333333333333
-33.33333333333333
-33.33333333333333
-33.33333333333333
-33.33333333333333
-33.12883435582822
-33.0
-33.0
-32.967032967032964
-32.947976878612714
-32.92181069958848
-32.91139240506329
-32.795698924731184
-32.78688524590164
-32.748538011695906
-32.743362831858406
-32.73809523809524
-32.72727272727273
-32.6530612244898
-32.6530612244898
-32.6530612244898
-32.55813953488372
-32.53012048192771
-32.53012048192771
-32.515337423312886
-32.467532467532465
-32.460732984293195
-32.38095238095238
-32.35294117647059
-32.323232323232325
-32.31707317073171
-32.30769230769231
-32.29166666666667
-32.18390804597701
-32.16374269005848
-32.098765432098766
-32.075471698113205
-32.03125
-32.02247191011236
-32.0
-31.967213114754102
-31.944444444444443
-31.944444444444443
-31.914893617021278
-31.901840490797547
-31.858407079646017
-31.818181818181817
-31.57894736842105
-31.428571428571427
-31.428571428571427
-31.3953488372093
-31.372549019607842
-31.372549019607842
-31.32530120481928
-31.25
-31.25
-31.25
-31.132075471698112
-31.07344632768362
-31.03448275862069
-31.03448275862069
-31.03448275862069
-30.985915492957744
-30.973451327433626
-30.927835051546392
-30.909090909090907
-30.909090909090907
-30.76923076923077
-30.76923076923077
-30.666666666666664
-30.63583815028902
-30.58823529411765
-30.555555555555557
-30.555555555555557
-30.526315789473685
-30.508474576271187
-30.434782608695656
-30.434782608695656
-30.434782608695656
-30.434782608695656
-30.409356725146196
-30.409356725146196
-30.337078651685395
-30.263157894736842
-30.18867924528302
-30.136986301369863
-30.120481927710845
-30.097087378640776
-30.0
-30.0
-29.914529914529915
-29.82456140350877
-29.78723404255319
-29.78723404255319
-29.78723404255319
-29.78723404255319
-29.761904761904763
-29.68036529680365
-29.629629629629626
-29.545454545454547
-29.47976878612717
-29.444444444444446
-29.375
-29.292929292929294
-29.2817679558011
-29.213483146067414
-29.1970802919708
-29.166666666666668
-29.166666666666668
-29.166666666666668
-29.126213592233007
-29.11392405063291
-29.01234567901235
-28.999999999999996
-28.985507246376812
-28.930817610062892
-28.888888888888886
-28.888888888888886
-28.82882882882883
-28.823529411764703
-28.735632183908045
-28.703703703703702
-28.65853658536585
-28.654970760233915
-28.57142857142857
-28.57142857142857
-28.57142857142857
-28.57142857142857
-28.402366863905325
-28.37837837837838
-28.35820895522388
-28.32369942196532
-28.30188679245283
-28.28282828282828
-28.28282828282828
-28.26086956521739
-28.18181818181818
-28.18181818181818
-28.07017543859649
-28.02547770700637
-28.000000000000004
-28.000000000000004
-27.906976744186046
-27.884615384615387
-27.810650887573964
-27.810650887573964
-27.810650887573964
-27.659574468085108
-27.659574468085108
-27.631578947368425
-27.586206896551722
-27.388535031847134
-27.380952380952383
-27.368421052631582
-27.358490566037734
-27.32919254658385
-27.27272727272727
-27.27272727272727
-27.27272727272727
-27.27272727272727
-27.27272727272727
-27.1523178807947
-27.142857142857142
-27.142857142857142
-27.083333333333332
-27.083333333333332
-27.049180327868854
-27.027027027027028
-27.0
-26.94610778443114
-26.923076923076923
-26.875
-26.82926829268293
-26.785714285714285
-26.775956284153008
-26.666666666666668
-26.623376623376622
-26.582278481012654
-26.446280991735538
-26.436781609195403
-26.42857142857143
-26.41509433962264
-26.356589147286826
-26.31578947368421
-26.190476190476193
-26.08695652173913
-26.060606060606062
-26.041666666666668
-25.862068965517242
-25.773195876288657
-25.757575757575758
-25.64102564102564
-25.595238095238095
-25.590551181102363
-25.581395348837212
-25.581395348837212
-25.581395348837212
-25.53191489361702
-25.49019607843137
-25.465838509316768
-25.423728813559322
-25.31645569620253
-25.274725274725274
-25.217391304347824
-25.0
-25.0
-25.0
-25.0
-25.0
-25.0
-24.85549132947977
-24.84472049689441
-24.84472049689441
-24.637681159420293
-24.59016393442623
-24.528301886792452
-24.528301886792452
-24.509803921568626
-24.444444444444443
-24.444444444444443
-24.427480916030532
-24.418604651162788
-24.390243902439025
-24.285714285714285
-24.242424242424242
-24.22360248447205
-24.175824175824175
-24.096385542168676
-24.074074074074073
-24.050632911392405
-24.0
-23.976608187134502
-23.88059701492537
-23.870967741935484
-23.863636363636363
-23.837209302325583
-23.809523809523807
-23.809523809523807
-23.75
-23.668639053254438
-23.595505617977526
-23.52941176470588
-23.47826086956522
-23.404255319148938
-23.387096774193548
-23.25581395348837
-23.18840579710145
-23.157894736842106
-23.12925170068027
-23.076923076923077
-23.076923076923077
-22.981366459627328
-22.950819672131146
-22.839506172839506
-22.78481012658228
-22.727272727272727
-22.699386503067483
-22.674418604651162
-22.641509433962266
-22.5609756097561
-22.54901960784314
-22.54901960784314
-22.5
-22.5
-22.448979591836736
-22.289156626506024
-22.285714285714285
-22.22222222222222
-22.22222222222222
-22.22222222222222
-22.142857142857142
-22.093023255813954
-22.093023255813954
-22.033898305084744
-22.0
-21.91780821917808
-21.875
-21.85792349726776
-21.794871794871796
-21.794871794871796
-21.73913043478261
-21.666666666666668
-21.62162162162162
-21.62162162162162
-21.58273381294964
-21.568627450980394
-21.50537634408602
-21.49532710280374
-21.428571428571427
-21.34831460674157
-21.296296296296298
-21.27659574468085
-21.27659574468085
-21.27659574468085
-21.052631578947366
-21.052631578947366
-20.930232558139537
-20.915032679738562
-20.88607594936709
-20.833333333333336
-20.833333333333336
-20.833333333333336
-20.833333333333336
-20.77922077922078
-20.754716981132077
-20.754716981132077
-20.73170731707317
-20.54794520547945
-20.51282051282051
-20.481927710843372
-20.481927710843372
-20.454545454545457
-20.408163265306122
-20.37037037037037
-20.27027027027027
-20.121951219512198
-20.0
-20.0
-20.0
-20.0
-19.871794871794872
-19.791666666666664
-19.753086419753085
-19.745222929936308
-19.736842105263158
-19.736842105263158
-19.718309859154928
-19.672131147540984
-19.607843137254903
-19.594594594594593
-19.587628865979383
-19.53125
-19.51219512195122
-19.51219512195122
-19.379844961240313
-19.35483870967742
-19.35483870967742
-19.230769230769234
-19.047619047619047
-19.00826446280992
-18.96551724137931
-18.91891891891892
-18.91891891891892
-18.91891891891892
-18.91891891891892
-18.902439024390244
-18.75
-18.69918699186992
-18.627450980392158
-18.51851851851852
-18.493150684931507
-18.421052631578945
-18.421052631578945
-18.333333333333332
-18.27956989247312
-18.27956989247312
-18.181818181818183
-18.055555555555554
-17.94871794871795
-17.80821917808219
-17.75700934579439
-17.72151898734177
-17.5
-17.5
-17.5
-17.272727272727273
-17.261904761904763
-17.123287671232877
-17.123287671232877
-17.105263157894736
-17.094017094017094
-17.073170731707318
-17.02127659574468
-17.02127659574468
-16.964285714285715
-16.822429906542055
-16.793893129770993
-16.778523489932887
-16.666666666666664
-16.666666666666664
-16.666666666666664
-16.535433070866144
-16.447368421052634
-16.27906976744186
-16.27906976744186
-16.216216216216218
-16.216216216216218
-16.19047619047619
-16.049382716049383
-15.966386554621847
-15.966386554621847
-15.950920245398773
-15.92356687898089
-15.714285714285714
-15.714285714285714
-15.625
-15.584415584415584
-15.517241379310345
-15.492957746478872
-15.384615384615385
-15.384615384615385
-15.384615384615385
-15.254237288135593
-15.238095238095239
-15.217391304347828
-15.18324607329843
-15.068493150684931
-15.04424778761062
-15.0
-15.0
-15.0
-14.960629921259844
-14.925373134328357
-14.912280701754385
-14.864864864864865
-14.705882352941178
-14.666666666666666
-14.545454545454545
-14.545454545454545
-14.516129032258066
-14.473684210526317
-14.37125748502994
-14.285714285714285
-14.285714285714285
-14.150943396226415
-14.0625
-13.953488372093023
-13.88888888888889
-13.88888888888889
-13.636363636363635
-13.559322033898304
-13.559322033898304
-13.513513513513514
-13.513513513513514
-13.385826771653544
-13.23529411764706
-13.20754716981132
-13.157894736842104
-13.157894736842104
-12.941176470588237
-12.82051282051282
-12.745098039215685
-12.727272727272727
-12.727272727272727
-12.698412698412698
-12.631578947368421
-12.5
-12.5
-12.5
-12.5
-12.280701754385964
-12.280701754385964
-12.195121951219512
-12.195121951219512
-12.162162162162163
-12.068965517241379
-12.048192771084338
-12.030075187969924
-12.0
-12.0
-11.965811965811966
-11.864406779661017
-11.864406779661017
-11.842105263157894
-11.811023622047244
-11.805555555555555
-11.76470588235294
-11.76470588235294
-11.76470588235294
-11.728395061728394
-11.711711711711711
-11.688311688311687
-11.650485436893204
-11.510791366906476
-11.475409836065573
-11.475409836065573
-11.475409836065573
-11.428571428571429
-11.428571428571429
-11.363636363636363
-11.304347826086957
-11.29032258064516
-11.214953271028037
-11.18421052631579
-11.016949152542372
-10.989010989010989
-10.909090909090908
-10.909090909090908
-10.81081081081081
-10.759493670886076
-10.619469026548673
-10.526315789473683
-10.526315789473683
-10.483870967741936
-10.483870967741936
-10.416666666666668
-10.344827586206897
-10.32258064516129
-10.294117647058822
-10.2803738317757
-10.16949152542373
-10.0
-10.0
-10.0
-9.821428571428571
-9.75609756097561
-9.722222222222223
-9.62962962962963
-9.6
-9.58904109589041
-9.433962264150944
-9.424083769633508
-9.375
-9.333333333333334
-9.322033898305085
-9.195402298850574
-9.090909090909092
-9.090909090909092
-9.090909090909092
-9.090909090909092
-9.090909090909092
-8.88888888888889
-8.823529411764707
-8.823529411764707
-8.823529411764707
-8.823529411764707
-8.823529411764707
-8.823529411764707
-8.799999999999999
-8.799999999999999
-8.571428571428571
-8.571428571428571
-8.571428571428571
-8.571428571428571
-8.571428571428571
-8.571428571428571
-8.571428571428571
-8.571428571428571
-8.571428571428571
-8.47457627118644
-8.47457627118644
-8.333333333333332
-8.235294117647058
-8.21917808219178
-8.176100628930817
-7.894736842105263
-7.8431372549019605
-7.792207792207792
-7.6923076923076925
-7.627118644067797
-7.608695652173914
-7.59493670886076
-7.476635514018691
-7.4074074074074066
-7.4074074074074066
-7.4074074074074066
-7.386363636363637
-7.352941176470589
-7.317073170731707
-7.2727272727272725
-7.258064516129033
-7.216494845360824
-7.207207207207207
-7.18232044198895
-7.142857142857142
-7.142857142857142
-7.142857142857142
-7.017543859649122
-6.923076923076923
-6.862745098039216
-6.857142857142858
-6.8181818181818175
-6.779661016949152
-6.756756756756757
-6.666666666666667
-6.60377358490566
-6.578947368421052
-6.504065040650407
-6.493506493506493
-6.481481481481481
-6.451612903225806
-6.451612903225806
-6.25
-6.25
-6.25
-6.25
-6.25
-6.132075471698113
-6.097560975609756
-6.0606060606060606
-6.0606060606060606
-6.0606060606060606
-6.0606060606060606
-5.970149253731343
-5.932203389830509
-5.932203389830509
-5.88235294117647
-5.88235294117647
-5.88235294117647
-5.88235294117647
-5.88235294117647
-5.737704918032787
-5.714285714285714
-5.69620253164557
-5.633802816901409
-5.58659217877095
-5.555555555555555
-5.555555555555555
-5.555555555555555
-5.555555555555555
-5.46875
-5.454545454545454
-5.405405405405405
-5.384615384615385
-5.3097345132743365
-5.263157894736842
-5.263157894736842
-5.172413793103448
-5.128205128205128
-5.084745762711865
-5.0
-5.0
-5.0
-5.0
-5.0
-5.0
-4.968944099378882
-4.958677685950414
-4.958677685950414
-4.854368932038835
-4.838709677419355
-4.838709677419355
-4.838709677419355
-4.807692307692308
-4.761904761904762
-4.761904761904762
-4.716981132075472
-4.705882352941177
-4.6875
-4.615384615384616
-4.597701149425287
-4.545454545454546
-4.395604395604396
-4.37956204379562
-4.25531914893617
-4.25531914893617
-4.166666666666666
-4.081632653061225
-4.081632653061225
-4.0650406504065035
-4.0
-3.9473684210526314
-3.9215686274509802
-3.9215686274509802
-3.8834951456310676
-3.8834951456310676
-3.7383177570093453
-3.7037037037037033
-3.6363636363636362
-3.508771929824561
-3.4482758620689653
-3.3333333333333335
-3.3333333333333335
-3.3333333333333335
-3.3333333333333335
-3.278688524590164
-3.278688524590164
-3.278688524590164
-3.278688524590164
-3.2520325203252036
-3.225806451612903
-3.225806451612903
-3.225806451612903
-3.225806451612903
-3.225806451612903
-3.225806451612903
-3.1746031746031744
-3.1746031746031744
-3.1645569620253164
-3.1446540880503147
-3.1413612565445024
-3.125
-3.125
-3.125
-3.125
-3.125
-3.125
-3.0303030303030303
-3.0303030303030303
-3.0303030303030303
-3.0303030303030303
-3.0303030303030303
-3.0120481927710845
-3.0
-2.941176470588235
-2.941176470588235
-2.941176470588235
-2.912621359223301
-2.9069767441860463
-2.857142857142857
-2.8301886792452833
-2.8301886792452833
-2.7777777777777777
-2.7777777777777777
-2.7777777777777777
-2.727272727272727
-2.7027027027027026
-2.6785714285714284
-2.6785714285714284
-2.586206896551724
-2.586206896551724
-2.564102564102564
-2.564102564102564
-2.547770700636943
-2.5
-2.4691358024691357
-2.4539877300613497
-2.4539877300613497
-2.4096385542168677
-2.4096385542168677
-2.3622047244094486
-2.34375
-2.2988505747126435
-2.2222222222222223
-2.083333333333333
-2.0
-1.9230769230769231
-1.9047619047619049
-1.9047619047619049
-1.9047619047619049
-1.9047619047619049
-1.8518518518518516
-1.834862385321101
-1.8072289156626504
-1.7647058823529411
-1.7543859649122806
-1.744186046511628
-1.7241379310344827
-1.6666666666666667
-1.6528925619834711
-1.6129032258064515
-1.6
-1.5873015873015872
-1.5625
-1.5384615384615385
-1.4925373134328357
-1.4925373134328357
-1.4492753623188406
-1.282051282051282
-1.183431952662722
-1.1695906432748537
-1.1627906976744187
-1.1299435028248588
-1.1299435028248588
-1.1173184357541899
-0.9345794392523363
-0.9090909090909091
-0.8695652173913043
0.0
0.0
0.0
0.0
0.0
0.0
0.0
0.0
0.0
0.0
0.0
0.0
0.0
0.0
0.0
0.0
0.0
0.0
0.0
0.0
0.0
0.0
0.0
0.0
0.0
0.0
0.0
0.0
0.0
0.0
0.0
0.0
0.0
0.0
0.0
0.0
0.0
0.0
0.0
0.0
0.0
0.0
0.0
0.0
0.0
0.0
0.0
0.0
0.0
0.0
0.0
0.0
0.0
0.0
0.0
0.0
0.0
0.0
0.6535947712418301
0.7874015748031495
0.8130081300813009
0.8130081300813009
0.8333333333333334
0.9259259259259258
0.9708737864077669
1.0416666666666665
1.0752688172043012
1.0869565217391304
1.1560693641618496
1.2195121951219512
1.36986301369863
1.5037593984962405
1.5037593984962405
1.5873015873015872
1.6129032258064515
1.639344262295082
1.639344262295082
1.6666666666666667
1.694915254237288
1.7094017094017095
1.7241379310344827
1.7241379310344827
1.7543859649122806
1.7857142857142856
1.8181818181818181
1.8181818181818181
1.8691588785046727
1.8867924528301887
1.9047619047619049
1.9417475728155338
2.0
2.0408163265306123
2.127659574468085
2.1739130434782608
2.2598870056497176
2.272727272727273
2.312138728323699
2.312138728323699
2.3391812865497075
2.3529411764705883
2.366863905325444
2.366863905325444
2.380952380952381
2.5
2.5
2.5423728813559325
2.7027027027027026
2.7777777777777777
2.857142857142857
2.857142857142857
2.857142857142857
2.898550724637681
2.923976608187134
2.9940119760479043
3.0
3.0303030303030303
3.0303030303030303
3.0303030303030303
3.0303030303030303
3.0303030303030303
3.076923076923077
3.0864197530864197
3.0927835051546393
3.0927835051546393
3.125
3.125
3.125
3.125
3.125
3.125
3.125
3.125
3.1746031746031744
3.1847133757961785
3.225806451612903
3.225806451612903
3.225806451612903
3.225806451612903
3.225806451612903
3.225806451612903
3.225806451612903
3.225806451612903
3.225806451612903
3.3057851239669422
3.3112582781456954
3.3333333333333335
3.3333333333333335
3.3333333333333335
3.3333333333333335
3.3333333333333335
3.3333333333333335
3.3333333333333335
3.3333333333333335
3.3333333333333335
3.3333333333333335
3.3333333333333335
3.3333333333333335
3.3333333333333335
3.3333333333333335
3.3333333333333335
3.3333333333333335
3.3333333333333335
3.3333333333333335
3.3333333333333335
3.3333333333333335
3.3333333333333335
3.3333333333333335
3.389830508474576
3.418803418803419
3.418803418803419
3.4482758620689653
3.4482758620689653
3.4482758620689653
3.4482758620689653
3.4482758620689653
3.4482758620689653
3.4482758620689653
3.4482758620689653
3.4482758620689653
3.4482758620689653
3.4482758620689653
3.4482758620689653
3.4482758620689653
3.4482758620689653
3.4482758620689653
3.4482758620689653
3.4482758620689653
3.4482758620689653
3.4482758620689653
3.4482758620689653
3.4782608695652173
3.508771929824561
3.571428571428571
3.571428571428571
3.571428571428571
3.571428571428571
3.7383177570093453
3.7383177570093453
3.968253968253968
4.0
4.054054054054054
4.093567251461988
4.166666666666666
4.201680672268908
4.310344827586207
4.444444444444445
4.545454545454546
4.6875
4.705882352941177
4.705882352941177
4.705882352941177
4.761904761904762
4.838709677419355
4.838709677419355
4.848484848484849
4.878048780487805
4.958677685950414
5.0
5.05050505050505
5.063291139240507
5.084745762711865
5.154639175257731
5.217391304347826
5.217391304347826
5.294117647058823
5.325443786982249
5.454545454545454
5.521472392638037
5.590062111801243
5.617977528089887
5.633802816901409
5.780346820809249
5.797101449275362
5.825242718446602
5.88235294117647
5.88235294117647
5.88235294117647
5.88235294117647
6.024096385542169
6.0606060606060606
6.0606060606060606
6.0606060606060606
6.0606060606060606
6.0606060606060606
6.0606060606060606
6.134969325153374
6.25
6.25
6.25
6.25
6.25
6.25
6.25
6.25
6.315789473684211
6.329113924050633
6.382978723404255
6.451612903225806
6.451612903225806
6.451612903225806
6.451612903225806
6.451612903225806
6.5420560747663545
6.547619047619048
6.557377049180328
6.60377358490566
6.666666666666667
6.666666666666667
6.666666666666667
6.666666666666667
6.666666666666667
6.666666666666667
6.666666666666667
6.666666666666667
6.666666666666667
6.666666666666667
6.666666666666667
6.666666666666667
6.790123456790123
6.796116504854369
6.832298136645963
6.896551724137931
6.896551724137931
6.896551724137931
6.896551724137931
6.896551724137931
6.896551724137931
6.896551724137931
6.896551724137931
6.896551724137931
6.896551724137931
6.896551724137931
6.896551724137931
6.896551724137931
6.896551724137931
6.896551724137931
6.896551724137931
6.962025316455696
6.976744186046512
6.976744186046512
6.976744186046512
7.042253521126761
7.142857142857142
7.142857142857142
7.142857142857142
7.142857142857142
7.142857142857142
7.142857142857142
7.142857142857142
7.142857142857142
7.142857142857142
7.142857142857142
7.142857142857142
7.142857142857142
7.142857142857142
7.142857142857142
7.142857142857142
7.142857142857142
7.142857142857142
7.142857142857142
7.142857142857142
7.18562874251497
7.236842105263158
7.2727272727272725
7.377049180327869
7.377049180327869
7.4074074074074066
7.4074074074074066
7.4074074074074066
7.4074074074074066
7.4074074074074066
7.476635514018691
7.5
7.5
7.55813953488372
7.55813953488372
7.6923076923076925
7.8125
7.920792079207921
8.064516129032258
8.064516129032258
8.108108108108109
8.108108108108109
8.19672131147541
8.21917808219178
8.235294117647058
8.280254777070063
8.333333333333332
8.333333333333332
8.333333333333332
8.333333333333332
8.333333333333332
8.49056603773585
8.571428571428571
8.571428571428571
8.571428571428571
8.641975308641975
8.771929824561402
8.799999999999999
8.823529411764707
8.823529411764707
8.849557522123893
9.0
9.090909090909092
9.090909090909092
9.090909090909092
9.090909090909092
9.090909090909092
9.166666666666666
9.166666666666666
9.174311926605505
9.202453987730062
9.210526315789473
9.25925925925926
9.25925925925926
9.316770186335404
9.375
9.375
9.375
9.375
9.433962264150944
9.448818897637794
9.615384615384617
9.67741935483871
9.67741935483871
9.67741935483871
9.67741935483871
9.696969696969697
9.70873786407767
9.70873786407767
9.70873786407767
9.70873786407767
9.75609756097561
9.803921568627452
9.815950920245399
9.821428571428571
9.836065573770492
9.836065573770492
9.868421052631579
9.90990990990991
9.90990990990991
10.0
10.0
10.0
10.0
10.0
10.0
10.0
10.0
10.0
10.091743119266056
10.091743119266056
10.126582278481013
10.126582278481013
10.204081632653061
10.344827586206897
10.344827586206897
10.344827586206897
10.344827586206897
10.344827586206897
10.344827586206897
10.344827586206897
10.344827586206897
10.344827586206897
10.344827586206897
10.344827586206897
10.344827586206897
10.344827586206897
10.344827586206897
10.344827586206897
10.344827586206897
10.344827586206897
10.344827586206897
10.344827586206897
10.344827586206897
10.344827586206897
10.526315789473683
10.526315789473683
10.526315789473683
10.679611650485436
10.714285714285714
10.714285714285714
10.714285714285714
10.714285714285714
10.714285714285714
10.714285714285714
10.714285714285714
10.714285714285714
10.714285714285714
10.714285714285714
10.714285714285714
10.714285714285714
10.714285714285714
10.714285714285714
10.714285714285714
10.714285714285714
10.714285714285714
10.714285714285714
10.743801652892563
10.76923076923077
10.784313725490197
10.891089108910892
10.897435897435898
10.9375
11.023622047244094
11.046511627906977
11.11111111111111
11.11111111111111
11.11111111111111
11.11111111111111
11.11111111111111
11.11111111111111
11.11111111111111
11.11111111111111
11.11111111111111
11.11111111111111
11.11111111111111
11.11111111111111
11.11111111111111
11.11111111111111
11.11111111111111
11.11111111111111
11.11111111111111
11.11111111111111
11.320754716981133
11.458333333333332
11.475409836065573
11.538461538461538
11.538461538461538
11.538461538461538
11.538461538461538
11.594202898550725
11.627906976744185
11.731843575418994
11.76470588235294
11.805555555555555
11.971830985915492
12.068965517241379
12.087912087912088
12.101910828025478
12.121212121212121
12.121212121212121
12.244897959183673
12.337662337662337
12.5
12.5
12.605042016806722
12.676056338028168
12.727272727272727
12.82051282051282
12.82051282051282
12.844036697247708
12.857142857142856
12.871287128712872
12.903225806451612
12.903225806451612
13.0
13.043478260869565
13.157894736842104
13.20754716981132
13.20754716981132
13.253012048192772
13.333333333333334
13.333333333333334
13.333333333333334
13.333333333333334
13.333333333333334
13.333333333333334
13.333333333333334
13.333333333333334
13.333333333333334
13.392857142857142
13.461538461538462
13.461538461538462
13.461538461538462
13.48314606741573
13.541666666666666
13.559322033898304
13.636363636363635
13.725490196078432
13.750000000000002
13.793103448275861
13.793103448275861
13.793103448275861
13.793103448275861
13.793103448275861
13.793103448275861
14.035087719298245
14.150943396226415
14.193548387096774
14.285714285714285
14.285714285714285
14.285714285714285
14.285714285714285
14.285714285714285
14.285714285714285
14.285714285714285
14.285714285714285
14.285714285714285
14.285714285714285
14.285714285714285
14.285714285714285
14.285714285714285
14.285714285714285
14.285714285714285
14.423076923076922
14.563106796116504
14.563106796116504
14.606741573033707
14.655172413793101
14.666666666666666
14.814814814814813
14.814814814814813
14.814814814814813
14.814814814814813
14.814814814814813
14.814814814814813
14.814814814814813
14.814814814814813
14.814814814814813
14.814814814814813
14.814814814814813
14.814814814814813
14.814814814814813
14.814814814814813
14.814814814814813
14.814814814814813
14.814814814814813
14.814814814814813
14.814814814814813
14.814814814814813
14.814814814814813
14.814814814814813
14.814814814814813
14.893617021276595
14.953271028037381
15.0
15.060240963855422
15.09433962264151
15.09433962264151
15.151515151515152
15.238095238095239
15.254237288135593
15.277777777777779
15.294117647058824
15.306122448979592
15.384615384615385
15.384615384615385
15.384615384615385
15.384615384615385
15.384615384615385
15.384615384615385
15.384615384615385
15.384615384615385
15.384615384615385
15.384615384615385
15.384615384615385
15.384615384615385
15.53398058252427
15.625
15.625
15.625
15.723270440251572
15.827338129496402
15.853658536585366
16.071428571428573
16.101694915254235
16.129032258064516
16.216216216216218
16.27906976744186
16.312056737588655
16.3265306122449
16.3265306122449
16.363636363636363
16.363636363636363
16.470588235294116
16.666666666666664
16.666666666666664
16.666666666666664
16.666666666666664
16.666666666666664
16.666666666666664
16.666666666666664
16.666666666666664
16.766467065868262
16.9811320754717
17.045454545454543
17.073170731707318
17.094017094017094
17.24137931034483
17.24137931034483
17.24137931034483
17.24137931034483
17.24137931034483
17.24137931034483
17.24137931034483
17.333333333333336
17.525773195876287
17.543859649122805
17.647058823529413
17.81609195402299
17.857142857142858
17.857142857142858
17.857142857142858
17.857142857142858
17.857142857142858
17.857142857142858
17.857142857142858
17.857142857142858
17.857142857142858
17.857142857142858
17.857142857142858
17.857142857142858
17.857142857142858
17.857142857142858
17.857142857142858
17.894736842105264
17.92452830188679
18.0
18.01801801801802
18.181818181818183
18.181818181818183
18.181818181818183
18.29268292682927
18.354430379746837
18.367346938775512
18.51851851851852
18.51851851851852
18.51851851851852
18.51851851851852
18.51851851851852
18.51851851851852
18.51851851851852
18.51851851851852
18.51851851851852
18.51851851851852
18.51851851851852
18.51851851851852
18.51851851851852
18.51851851851852
18.51851851851852
18.51851851851852
18.51851851851852
18.51851851851852
18.51851851851852
18.51851851851852
18.51851851851852
18.58407079646018
18.69158878504673
18.75
18.75
18.947368421052634
18.947368421052634
18.96551724137931
19.0
19.047619047619047
19.101123595505616
19.148936170212767
19.230769230769234
19.230769230769234
19.230769230769234
19.230769230769234
19.230769230769234
19.230769230769234
19.230769230769234
19.230769230769234
19.230769230769234
19.230769230769234
19.298245614035086
19.298245614035086
19.35483870967742
19.35483870967742
19.41747572815534
19.444444444444446
19.565217391304348
19.594594594594593
19.791666666666664
19.791666666666664
19.801980198019802
19.81132075471698
19.82758620689655
19.863013698630137
20.0
20.0
20.0
20.0
20.0
20.0
20.0
20.0
20.0
20.0
20.0
20.13422818791946
20.2020202020202
20.30075187969925
20.37037037037037
20.37037037037037
20.388349514563107
20.43010752688172
20.481927710843372
20.51282051282051
20.588235294117645
20.588235294117645
20.689655172413794
20.689655172413794
20.689655172413794
20.689655172413794
20.689655172413794
20.689655172413794
20.689655172413794
20.689655172413794
20.689655172413794
20.930232558139537
21.052631578947366
21.084337349397593
21.21212121212121
21.21212121212121
21.428571428571427
21.428571428571427
21.428571428571427
21.428571428571427
21.428571428571427
21.428571428571427
21.428571428571427
21.428571428571427
21.428571428571427
21.428571428571427
21.428571428571427
21.69811320754717
21.782178217821784
21.839080459770116
21.875
21.875
21.91780821917808
21.91780821917808
22.033898305084744
22.093023255813954
22.123893805309734
22.22222222222222
22.22222222222222
22.22222222222222
22.22222222222222
22.22222222222222
22.22222222222222
22.22222222222222
22.22222222222222
22.22222222222222
22.22222222222222
22.22222222222222
22.330097087378643
22.35294117647059
22.54901960784314
22.58064516129032
22.65625
22.68041237113402
22.950819672131146
23.076923076923077
23.076923076923077
23.076923076923077
23.076923076923077
23.076923076923077
23.076923076923077
23.076923076923077
23.076923076923077
23.076923076923077
23.076923076923077
23.076923076923077
23.076923076923077
23.076923076923077
23.076923076923077
23.076923076923077
23.076923076923077
23.18840579710145
23.25581395348837
23.300970873786408
23.333333333333332
23.333333333333332
23.333333333333332
23.333333333333332
23.333333333333332
23.448275862068964
23.58490566037736
23.62204724409449
23.88059701492537
24.0
24.0
24.03846153846154
24.137931034482758
24.137931034482758
24.137931034482758
24.137931034482758
24.137931034482758
24.137931034482758
24.242424242424242
24.242424242424242
24.242424242424242
24.242424242424242
24.271844660194176
24.369747899159663
24.46808510638298
24.509803921568626
24.561403508771928
24.59016393442623
24.615384615384617
24.615384615384617
24.691358024691358
24.719101123595504
24.761904761904763
25.0
25.0
25.0
25.0
25.0
25.0
25.0
25.0
25.0
25.0
25.0
25.0
25.0
25.252525252525253
25.263157894736842
25.301204819277107
25.31645569620253
25.31645569620253
25.352112676056336
25.396825396825395
25.40983606557377
25.454545454545453
25.581395348837212
25.71428571428571
25.806451612903224
25.925925925925924
25.925925925925924
25.925925925925924
25.925925925925924
25.925925925925924
25.925925925925924
25.925925925925924
25.925925925925924
25.984251968503933
26.041666666666668
26.08695652173913
26.08695652173913
26.27118644067797
26.31578947368421
26.666666666666668
26.666666666666668
26.666666666666668
26.666666666666668
26.666666666666668
26.666666666666668
26.804123711340207
26.923076923076923
26.923076923076923
26.923076923076923
26.923076923076923
26.923076923076923
26.923076923076923
26.923076923076923
27.27272727272727
27.27272727272727
27.27272727272727
27.368421052631582
27.380952380952383
27.586206896551722
27.586206896551722
27.586206896551722
27.67295597484277
27.692307692307693
27.86885245901639
27.86885245901639
27.86885245901639
27.927927927927925
28.000000000000004
28.125
28.125
28.333333333333332
28.421052631578945
28.57142857142857
28.57142857142857
28.57142857142857
28.57142857142857
28.57142857142857
28.57142857142857
28.57142857142857
28.57142857142857
28.57142857142857
28.703703703703702
28.723404255319153
28.78787878787879
28.846153846153843
29.03225806451613
29.03225806451613
29.059829059829063
29.230769230769234
29.411764705882355
29.508196721311474
29.545454545454547
29.629629629629626
29.629629629629626
29.629629629629626
29.629629629629626
29.72972972972973
29.75206611570248
29.807692307692307
29.87012987012987
30.0
30.17241379310345
30.23255813953488
30.303030303030305
30.337078651685395
30.357142857142854
30.434782608695656
30.434782608695656
30.508474576271187
30.555555555555557
30.58823529411765
30.76923076923077
30.76923076923077
30.76923076923077
30.76923076923077
30.76923076923077
30.76923076923077
30.82191780821918
30.864197530864196
30.952380952380953
31.03448275862069
31.03448275862069
31.08108108108108
31.25
31.25
31.25
31.343283582089555
31.3953488372093
31.428571428571427
31.57894736842105
31.57894736842105
32.0
32.05128205128205
32.098765432098766
32.142857142857146
32.142857142857146
32.142857142857146
32.142857142857146
32.142857142857146
32.142857142857146
32.142857142857146
32.22222222222222
32.22222222222222
32.29166666666667
32.53012048192771
32.608695652173914
32.72727272727273
32.82442748091603
32.91139240506329
33.0188679245283
33.02752293577982
33.33333333333333
33.33333333333333
33.33333333333333
33.33333333333333
33.33333333333333
33.33333333333333
33.33333333333333
33.33333333333333
33.33333333333333
33.33333333333333
33.33333333333333
33.33333333333333
33.33333333333333
33.33333333333333
33.33333333333333
33.57142857142857
33.68421052631579
33.76623376623377
33.78378378378378
33.80281690140845
33.88429752066116
33.89830508474576
33.9622641509434
34.05797101449276
34.090909090909086
34.12698412698413
34.12698412698413
34.21052631578947
34.21052631578947
34.24657534246575
34.40860215053764
34.40860215053764
34.48275862068966
34.51776649746193
34.523809523809526
34.61538461538461
34.645669291338585
34.65346534653465
34.710743801652896
35.0
35.0
35.13513513513514
35.16483516483517
35.22727272727273
35.294117647058826
35.294117647058826
35.35353535353536
35.483870967741936
35.483870967741936
35.55555555555556
35.55555555555556
35.57692307692308
35.59322033898305
35.714285714285715
35.714285714285715
35.714285714285715
35.714285714285715
35.80246913580247
35.8974358974359
35.9375
36.0
36.11111111111111
36.11111111111111
36.144578313253014
36.17021276595745
36.17021276595745
36.283185840707965
36.45833333333333
36.53846153846153
36.58536585365854
36.666666666666664
36.734693877551024
36.93693693693694
37.03703703703704
37.03703703703704
37.03703703703704
37.5
37.5
37.5
37.704918032786885
37.77777777777778
37.83783783783784
37.89473684210527
37.93103448275862
37.93103448275862
37.93103448275862
37.93103448275862
37.93103448275862
37.93103448275862
37.9746835443038
37.98449612403101
38.15789473684211
38.16793893129771
38.18181818181819
38.18181818181819
38.23529411764706
38.297872340425535
38.311688311688314
38.4
38.46153846153847
38.46153846153847
38.70967741935484
38.83495145631068
38.88888888888889
38.88888888888889
38.983050847457626
39.02439024390244
39.130434782608695
39.166666666666664
39.24050632911392
39.285714285714285
39.285714285714285
39.31623931623932
39.436619718309856
39.44954128440367
39.473684210526315
39.53488372093023
39.58333333333333
39.58333333333333
39.784946236559136
39.80582524271845
40.0
40.35087719298245
40.38461538461539
40.476190476190474
40.54054054054054
40.625
40.69767441860465
40.74074074074074
40.74074074074074
40.74074074074074
40.74074074074074
40.74074074074074
40.78947368421053
40.816326530612244
40.909090909090914
40.909090909090914
40.94488188976378
40.98360655737705
41.02564102564102
41.17647058823529
41.269841269841265
41.284403669724774
41.37931034482759
41.42857142857143
41.66666666666667
41.66666666666667
41.80327868852459
41.86046511627907
41.88034188034188
41.935483870967744
42.0
42.27642276422765
42.30769230769231
42.30769230769231
42.30769230769231
42.30769230769231
42.30769230769231
42.30769230769231
42.34234234234234
42.5287356321839
42.592592592592595
42.592592592592595
42.62295081967213
42.62295081967213
42.857142857142854
42.857142857142854
42.857142857142854
42.98245614035088
42.99065420560748
43.13725490196079
43.28358208955223
43.333333333333336
43.333333333333336
43.58974358974359
43.75
43.75
43.859649122807014
43.859649122807014
43.90243902439025
44.18604651162791
44.21052631578947
44.537815126050425
44.537815126050425
44.57831325301205
44.776119402985074
44.827586206896555
44.827586206896555
44.88636363636363
44.91525423728814
45.0
45.23809523809524
45.28301886792453
45.2991452991453
45.33333333333333
45.45454545454545
45.45454545454545
45.63106796116505
45.67901234567901
45.78313253012048
45.83333333333333
45.87155963302752
45.90163934426229
46.07843137254902
46.15384615384615
46.15384615384615
46.15384615384615
46.15384615384615
46.15384615384615
46.21848739495798
46.464646464646464
46.57534246575342
46.57534246575342
46.61016949152542
46.666666666666664
46.666666666666664
46.774193548387096
46.875
46.902654867256636
46.913580246913575
47.107438016528924
47.14285714285714
47.199999999999996
47.45762711864407
47.540983606557376
47.58064516129033
47.61904761904761
47.61904761904761
47.61904761904761
47.674418604651166
47.82608695652174
47.88732394366197
48.148148148148145
48.148148148148145
48.214285714285715
48.484848484848484
48.598130841121495
48.61111111111111
48.739495798319325
48.78048780487805
48.78048780487805
48.78048780487805
48.93617021276596
48.93617021276596
49.0
49.122807017543856
49.152542372881356
49.18032786885246
49.25373134328358
49.29577464788733
49.31506849315068
49.35064935064935
49.411764705882355
49.42528735632184
49.557522123893804
50.0
50.0
50.0
50.0
50.0
50.0
50.0
50.0
50.0
50.0
50.0
50.0
50.0
50.467289719626166
50.53763440860215
50.56179775280899
50.66666666666667
50.83333333333333
50.847457627118644
50.86206896551724
50.877192982456144
50.92592592592593
50.98039215686274
51.06382978723404
51.21951219512195
51.21951219512195
51.2396694214876
51.32743362831859
51.470588235294116
51.515151515151516
51.515151515151516
51.515151515151516
51.5625
51.5625
51.61290322580645
51.724137931034484
51.724137931034484
51.78571428571429
51.81818181818182
51.85185185185185
51.85185185185185
51.886792452830186
52.0
52.13675213675214
52.17391304347826
52.27272727272727
52.27272727272727
52.307692307692314
52.56410256410257
52.63157894736842
52.67857142857143
52.85714285714286
52.87356321839081
53.086419753086425
53.125
53.125
53.333333333333336
53.333333333333336
53.333333333333336
53.44827586206896
53.57142857142857
53.57142857142857
53.57142857142857
53.62318840579711
53.62318840579711
53.73134328358209
53.75
53.77358490566038
53.84615384615385
53.84615384615385
53.92156862745098
53.94736842105263
54.08163265306123
54.166666666666664
54.285714285714285
54.285714285714285
54.310344827586206
54.32098765432099
54.32098765432099
54.86725663716814
54.86725663716814
54.91803278688525
54.929577464788736
54.95495495495496
55.00000000000001
55.04587155963303
55.172413793103445
55.172413793103445
55.172413793103445
55.172413793103445
55.23809523809524
55.23809523809524
55.23809523809524
55.45454545454545
55.55555555555556
55.55555555555556
55.55555555555556
55.660377358490564
55.670103092783506
55.81395348837209
55.85585585585585
55.85585585585585
55.88235294117647
55.88235294117647
55.96330275229357
56.043956043956044
56.074766355140184
56.09756097560976
56.25
56.25
56.25
56.25
56.25
56.36363636363636
56.41025641025641
56.41025641025641
56.666666666666664
56.71641791044776
56.9620253164557
57.14285714285714
57.14285714285714
57.14285714285714
57.14285714285714
57.27272727272727
57.35294117647059
57.49999999999999
57.57575757575758
57.692307692307686
57.692307692307686
57.74647887323944
57.8125
57.84313725490197
57.89473684210527
57.89473684210527
57.943925233644855
57.943925233644855
57.971014492753625
57.99999999999999
58.0952380952381
58.536585365853654
58.55855855855856
58.55855855855856
58.620689655172406
58.620689655172406
58.730158730158735
58.730158730158735
58.82352941176471
58.87850467289719
58.87850467289719
58.87850467289719
59.01639344262295
59.25925925925925
59.375
59.45945945945946
59.57446808510638
59.61538461538461
59.61538461538461
59.63302752293578
59.67741935483871
59.74025974025974
59.854014598540154
60.0
60.0
60.0
60.0
60.46511627906976
60.56338028169014
60.60606060606061
60.71428571428571
60.75949367088608
60.86956521739131
60.97560975609756
61.111111111111114
61.165048543689316
61.261261261261254
61.29032258064516
61.29032258064516
61.33333333333333
61.53846153846154
61.60714285714286
61.76470588235294
61.8421052631579
61.904761904761905
61.94690265486725
62.06896551724138
62.121212121212125
62.16216216216216
62.31884057971014
62.37623762376238
62.37623762376238
62.5
62.68656716417911
62.7906976744186
62.82051282051282
62.96296296296296
62.96296296296296
62.96296296296296
62.96296296296296
63.10679611650486
63.1578947368421
63.33333333333333
63.33333333333333
63.366336633663366
63.38028169014085
63.46153846153846
63.55140186915887
63.888888888888886
64.0625
64.1025641025641
64.22018348623854
64.22018348623854
64.28571428571429
64.28571428571429
64.38356164383562
64.38356164383562
64.38356164383562
64.51612903225806
64.55696202531645
64.70588235294117
64.70588235294117
64.7887323943662
65.0
65.13761467889908
65.1685393258427
65.27777777777779
65.3061224489796
65.34653465346535
65.38461538461539
65.48672566371681
65.51724137931035
65.51724137931035
65.51724137931035
65.51724137931035
65.625
65.67164179104478
65.71428571428571
65.78947368421053
65.78947368421053
66.0
66.17647058823529
66.23376623376623
66.35514018691589
66.66666666666666
66.66666666666666
66.66666666666666
66.66666666666666
66.66666666666666
66.66666666666666
66.66666666666666
66.66666666666666
66.66666666666666
66.66666666666666
66.66666666666666
66.66666666666666
66.66666666666666
66.98113207547169
66.99029126213593
67.0
67.12328767123287
67.27272727272727
67.3076923076923
67.32673267326733
67.5
67.5
67.5
67.5925925925926
67.61904761904762
67.61904761904762
67.67676767676768
67.6923076923077
67.74193548387096
67.74193548387096
67.79661016949152
67.79661016949152
67.85714285714286
67.85714285714286
68.04123711340206
68.18181818181817
68.26923076923077
68.42105263157895
68.42105263157895
68.42105263157895
68.57142857142857
68.57142857142857
68.75
68.75
68.75
68.96551724137932
68.96551724137932
69.04761904761905
69.14893617021278
69.1588785046729
69.23076923076923
69.23076923076923
69.23076923076923
69.23076923076923
69.2982456140351
69.38775510204081
69.44444444444444
69.44444444444444
69.49152542372882
69.49152542372882
69.51219512195121
69.56521739130434
69.62025316455697
69.79166666666666
69.84126984126983
70.0
70.0
70.0
70.09345794392523
70.27027027027027
70.27027027027027
70.47619047619048
70.6896551724138
70.87378640776699
70.96774193548387
71.01449275362319
71.05263157894737
71.1864406779661
71.1864406779661
71.21212121212122
71.23287671232876
71.28712871287128
71.42857142857143
71.42857142857143
71.42857142857143
71.42857142857143
71.42857142857143
71.66666666666667
71.7948717948718
71.9298245614035
72.0
72.07207207207207
72.22222222222221
72.22222222222221
72.38095238095238
72.41379310344827
72.41379310344827
72.41379310344827
72.41379310344827
72.44897959183673
72.6027397260274
72.63157894736842
72.72727272727273
72.72727272727273
72.72727272727273
73.01587301587301
73.19587628865979
73.23943661971832
73.26732673267327
73.4375
73.46938775510205
73.52941176470588
73.68421052631578
73.7864077669903
73.83177570093457
73.91304347826086
73.91304347826086
74.0
74.19354838709677
74.4186046511628
74.46808510638297
75.0
75.0
75.0
75.0
75.0
75.0
75.0
75.0
75.0
75.23809523809524
75.47169811320755
75.51020408163265
75.86206896551724
75.86206896551724
75.86206896551724
75.86206896551724
75.86206896551724
76.0
76.04166666666666
76.23762376237624
76.28865979381443
76.40449438202246
76.47058823529412
76.52173913043478
76.53061224489795
76.5625
76.57657657657657
76.59574468085107
76.78571428571429
76.92307692307693
76.92307692307693
77.14285714285715
77.47747747747748
77.64705882352942
77.90697674418605
77.96610169491525
78.125
78.26086956521739
78.26086956521739
78.30188679245283
78.57142857142857
78.57142857142857
78.57142857142857
78.57142857142857
78.78787878787878
78.78787878787878
78.94736842105263
79.3103448275862
79.3103448275862
79.41176470588235
79.72972972972973
79.72972972972973
79.81651376146789
80.0
80.0
80.0
80.0
80.0
80.18867924528303
80.28169014084507
80.3030303030303
80.55555555555556
80.64516129032258
80.64516129032258
80.64516129032258
80.76923076923077
80.82191780821918
80.95238095238095
81.15942028985508
81.48148148148148
81.48148148148148
81.48148148148148
81.52173913043478
81.66666666666667
81.81818181818183
81.81818181818183
81.91489361702128
81.9672131147541
82.0
82.14285714285714
82.14285714285714
82.25806451612904
82.35294117647058
82.45614035087719
82.6086956521739
82.75862068965517
82.75862068965517
82.75862068965517
82.85714285714286
83.33333333333334
83.33333333333334
83.33333333333334
83.49514563106796
83.6734693877551
83.80952380952381
83.87096774193549
84.05797101449275
84.375
84.375
84.375
84.375
84.44444444444444
84.44444444444444
84.5360824742268
84.7457627118644
84.76190476190476
84.84848484848484
84.93150684931507
85.18518518518519
85.48387096774194
85.71428571428571
85.71428571428571
85.71428571428571
85.71428571428571
85.91549295774648
85.9375
86.11111111111111
86.17021276595744
86.23853211009175
86.4406779661017
86.56716417910447
86.56716417910447
86.66666666666667
86.88524590163934
87.09677419354838
87.09677419354838
87.09677419354838
87.09677419354838
87.09677419354838
87.3015873015873
87.3015873015873
87.36842105263159
87.5
87.5
87.93103448275862
87.95180722891565
88.13559322033898
88.13559322033898
88.29787234042553
88.33333333333333
88.37209302325581
88.46153846153845
88.49557522123894
88.54166666666666
88.63636363636364
88.67924528301887
88.88888888888889
88.88888888888889
88.88888888888889
88.88888888888889
88.88888888888889
89.01098901098901
89.13043478260869
89.13043478260869
89.1566265060241
89.1891891891892
89.28571428571429
89.28571428571429
89.28571428571429
89.38053097345133
89.47368421052632
89.65517241379311
89.65517241379311
89.65517241379311
89.65517241379311
89.65517241379311
89.65517241379311
89.65517241379311
89.83050847457628
89.85507246376811
90.10989010989012
90.2439024390244
90.32258064516128
90.32258064516128
90.625
90.9090909090909
91.17647058823529
91.75257731958763
91.80327868852459
91.93548387096774
92.0
92.0
92.15686274509804
92.3076923076923
92.3076923076923
92.3076923076923
92.45283018867924
92.53731343283582
92.5925925925926
92.5925925925926
92.5925925925926
92.7536231884058
92.85714285714286
92.85714285714286
92.85714285714286
92.85714285714286
93.10344827586206
93.10344827586206
93.10344827586206
93.10344827586206
93.15068493150685
93.33333333333333
93.33333333333333
93.33333333333333
93.33333333333333
93.54838709677419
93.75
93.75
94.0
94.0
94.11764705882352
94.44444444444444
94.91525423728814
95.38461538461539
95.52238805970148
96.15384615384616
96.29629629629629
96.42857142857143
96.42857142857143
96.42857142857143
96.49122807017544
96.61016949152543
96.62921348314607
96.66666666666667
96.7032967032967
96.72131147540983
97.22222222222221
97.22222222222221
97.2972972972973
97.70114942528735
98.11320754716981
98.18181818181819
98.33333333333333
98.4375
98.4375
98.55072463768117
98.83720930232558
99.03846153846155
99.10714285714286
100.0
100.0
100.0
100.0
100.0
100.0
100.0
100.0
100.0
100.0
100.0
100.0
100.0
100.0
100.0
100.0
100.0
100.0
100.0
100.0
100.0
100.0
100.0
101.17647058823529
102.24719101123596
102.53164556962024
102.63157894736842
102.7027027027027
102.7027027027027
102.77777777777777
103.125
103.125
103.125
103.2258064516129
103.2258064516129
103.33333333333334
103.33333333333334
103.37078651685394
103.44827586206897
103.44827586206897
103.50877192982458
103.57142857142858
103.57142857142858
103.57142857142858
103.57142857142858
103.7037037037037
103.7037037037037
103.7037037037037
103.84615384615385
104.0
104.44444444444446
104.71698113207549
104.76190476190477
105.0
105.17241379310344
105.66037735849056
105.88235294117648
105.88235294117648
106.0
106.02409638554218
106.25
106.25
106.25
106.4516129032258
106.4516129032258
106.66666666666667
106.77966101694916
106.77966101694916
106.89655172413792
106.89655172413792
106.89655172413792
106.89655172413792
107.01754385964912
107.05882352941177
107.14285714285714
107.14285714285714
107.14285714285714
107.14285714285714
107.14285714285714
107.36842105263158
107.40740740740742
107.40740740740742
107.54716981132076
107.6923076923077
107.6923076923077
107.79220779220779
107.93650793650794
108.0
108.26446280991735
108.33333333333333
108.33333333333333
108.49056603773586
108.51063829787233
108.53658536585367
108.6021505376344
108.74999999999999
108.8235294117647
108.97435897435896
109.33333333333333
109.58904109589041
110.00000000000001
110.00000000000001
110.00000000000001
110.4
110.71428571428572
110.71428571428572
110.71428571428572
110.71428571428572
111.34020618556701
111.53846153846155
111.53846153846155
111.62790697674419
111.66666666666667
111.76470588235294
111.8421052631579
111.90476190476191
112.00000000000001
112.12121212121211
112.5
112.74509803921569
113.09523809523809
113.09523809523809
113.33333333333333
113.33333333333333
113.33333333333333
113.33333333333333
113.46153846153845
113.72549019607843
113.79310344827587
113.79310344827587
113.88888888888889
113.99999999999999
114.03508771929825
114.11764705882352
114.28571428571428
114.28571428571428
114.28571428571428
114.28571428571428
114.28571428571428
114.28571428571428
114.81481481481481
114.81481481481481
114.81481481481481
114.81481481481481
115.38461538461537
115.90909090909092
115.99999999999999
116.0493827160494
116.07142857142858
116.45569620253164
116.66666666666667
116.66666666666667
116.66666666666667
116.94915254237289
116.98113207547169
117.02127659574468
117.24137931034481
117.24137931034481
117.72151898734178
117.85714285714286
117.85714285714286
117.85714285714286
117.85714285714286
117.85714285714286
117.85714285714286
117.85714285714286
117.85714285714286
118.33333333333333
118.5185185185185
118.75
118.75
118.75
119.10112359550563
119.17808219178083
119.23076923076923
120.0
120.0
120.0
120.45454545454545
120.51282051282051
120.58823529411764
120.6896551724138
120.6896551724138
120.6896551724138
120.7792207792208
120.83333333333333
121.42857142857142
121.42857142857142
121.42857142857142
121.42857142857142
121.42857142857142
121.51898734177216
121.62162162162163
121.66666666666666
121.79487179487178
121.81818181818183
121.95121951219512
122.22222222222223
122.22222222222223
122.22222222222223
122.22222222222223
122.58064516129032
122.72727272727273
123.07692307692308
123.07692307692308
123.17073170731707
123.33333333333334
123.33333333333334
123.33333333333334
123.61111111111111
123.94366197183098
123.95833333333333
124.0
124.13793103448276
124.13793103448276
124.7191011235955
125.0
125.0
125.0
125.0
125.0
125.31645569620254
125.31645569620254
125.33333333333334
125.45454545454547
125.45454545454547
125.5813953488372
125.64102564102564
125.64102564102564
125.80645161290323
125.92592592592592
125.92592592592592
125.92592592592592
125.92592592592592
126.02739726027397
126.38888888888889
126.53061224489797
126.66666666666666
126.92307692307692
126.92307692307692
127.08333333333333
127.27272727272727
127.27272727272727
127.27272727272727
127.27272727272727
127.3972602739726
127.58620689655173
127.58620689655173
127.58620689655173
127.58620689655173
127.58620689655173
128.0
128.2051282051282
128.3582089552239
128.57142857142858
128.57142857142858
128.57142857142858
128.57142857142858
128.57142857142858
128.57142857142858
128.57142857142858
128.57142857142858
128.57142857142858
128.94736842105263
129.03225806451613
129.23076923076923
129.33333333333331
129.62962962962962
129.62962962962962
129.62962962962962
129.62962962962962
129.62962962962962
129.62962962962962
129.72972972972974
129.72972972972974
129.7872340425532
130.0
130.0
130.0
130.0
130.18867924528303
130.2325581395349
130.3030303030303
130.3030303030303
130.5084745762712
130.55555555555557
130.66666666666666
130.76923076923077
130.88235294117646
130.98591549295776
131.0344827586207
131.0344827586207
131.0344827586207
131.0344827586207
131.25
131.8181818181818
132.0
132.14285714285714
132.14285714285714
132.14285714285714
132.14285714285714
132.3943661971831
132.43243243243242
132.69230769230768
132.72727272727275
132.75862068965517
133.33333333333331
133.33333333333331
133.33333333333331
133.33333333333331
133.33333333333331
133.33333333333331
133.92857142857142
133.92857142857142
134.375
134.48275862068965
134.48275862068965
134.48275862068965
134.48275862068965
134.6153846153846
135.0
135.71428571428572
135.71428571428572
135.71428571428572
135.71428571428572
135.71428571428572
135.8490566037736
135.8490566037736
135.8490566037736
136.36363636363635
136.53846153846155
136.58536585365854
136.66666666666666
136.69724770642202
136.8421052631579
137.03703703703704
137.03703703703704
137.03703703703704
137.03703703703704
137.03703703703704
137.14285714285714
137.5
137.68115942028984
137.73584905660377
137.87878787878788
138.23529411764704
138.46153846153845
138.70967741935485
138.96103896103895
139.28571428571428
139.28571428571428
139.3939393939394
139.44954128440367
139.58333333333331
140.0
140.0
140.0
140.0
140.0
140.2985074626866
140.4255319148936
140.57971014492753
140.74074074074073
140.74074074074073
140.74074074074073
140.74074074074073
141.1764705882353
141.3793103448276
141.3793103448276
141.3793103448276
141.3793103448276
141.3793103448276
141.3793103448276
141.7910447761194
142.42424242424244
142.62295081967213
142.85714285714286
142.85714285714286
142.85714285714286
142.85714285714286
142.85714285714286
143.1818181818182
143.28358208955223
143.33333333333334
143.47826086956522
144.1860465116279
144.44444444444443
144.44444444444443
144.44444444444443
144.44444444444443
144.44444444444443
144.44444444444443
144.82758620689654
144.82758620689654
144.82758620689654
145.0
145.23809523809524
145.23809523809524
145.54455445544554
145.94594594594594
146.15384615384613
146.42857142857142
146.42857142857142
146.42857142857142
146.66666666666666
146.66666666666666
146.66666666666666
146.875
147.14285714285717
147.22222222222223
147.61904761904762
148.14814814814815
148.14814814814815
148.14814814814815
148.27586206896552
148.38709677419354
148.38709677419354
148.38709677419354
148.57142857142858
148.8372093023256
148.93617021276594
149.23076923076923
150.0
150.0
150.0
150.0
150.0
150.0
150.0
150.0
150.0
150.0
150.0
150.0
150.46728971962617
150.70422535211267
150.7462686567164
150.9433962264151
151.11111111111111
151.25
151.28205128205127
151.38888888888889
151.38888888888889
151.42857142857142
151.47058823529412
151.61290322580646
151.72413793103448
151.72413793103448
151.78571428571428
151.85185185185185
151.85185185185185
151.85185185185185
152.08333333333331
152.17391304347828
152.94117647058823
152.94117647058823
153.03030303030303
153.33333333333334
153.57142857142858
153.73134328358208
153.84615384615387
154.05405405405406
154.2857142857143
154.54545454545453
154.6875
154.83870967741936
154.83870967741936
155.12820512820514
155.17241379310346
155.17241379310346
155.3191489361702
155.55555555555557
155.76923076923077
155.88235294117646
156.25
156.43564356435644
156.52173913043478
156.52173913043478
156.66666666666666
156.66666666666666
156.66666666666666
156.71641791044777
157.14285714285714
157.14285714285714
157.14285714285714
157.4468085106383
157.69230769230768
157.8125
157.97101449275362
158.2089552238806
158.6206896551724
158.6206896551724
158.6206896551724
159.18367346938774
159.21052631578948
159.25925925925927
159.25925925925927
159.25925925925927
159.6774193548387
159.81308411214954
160.0
160.0
160.0
160.29411764705884
160.6060606060606
160.65573770491804
160.71428571428572
160.71428571428572
160.71428571428572
160.71428571428572
160.71428571428572
160.71428571428572
160.9375
160.97560975609758
161.53846153846155
161.53846153846155
161.76470588235296
162.06896551724137
162.06896551724137
162.06896551724137
162.06896551724137
162.7906976744186
162.96296296296296
162.96296296296296
163.1578947368421
163.23529411764704
163.76811594202897
164.28571428571428
164.28571428571428
164.28571428571428
164.28571428571428
164.28571428571428
164.28571428571428
164.28571428571428
165.07936507936506
165.3061224489796
165.3846153846154
165.3846153846154
165.51724137931035
165.625
166.10169491525423
166.15384615384616
166.66666666666669
166.66666666666669
166.66666666666669
166.66666666666669
166.66666666666669
166.66666666666669
166.66666666666669
166.66666666666669
166.66666666666669
167.1641791044776
167.6923076923077
167.6923076923077
167.6923076923077
167.79661016949152
167.85714285714286
167.85714285714286
168.33333333333334
168.57142857142858
168.57142857142858
168.75
168.75
168.9655172413793
169.23076923076923
169.44444444444443
169.4915254237288
169.84126984126985
170.0
170.2127659574468
170.37037037037038
170.37037037037038
170.4918032786885
170.58823529411765
170.73170731707316
171.18644067796612
171.21212121212122
171.42857142857142
171.42857142857142
171.42857142857142
172.3404255319149
172.72727272727272
172.91666666666669
172.97297297297297
173.0769230769231
173.0769230769231
173.0769230769231
173.33333333333334
173.4375
173.4375
173.61111111111111
173.80952380952382
174.07407407407408
174.07407407407408
174.07407407407408
174.07407407407408
174.07407407407408
174.35897435897436
174.6031746031746
175.0
175.0
175.40983606557376
175.67567567567568
175.75757575757575
175.80645161290323
176.27118644067795
176.3157894736842
176.47058823529412
176.5625
176.81159420289856
176.9230769230769
176.9230769230769
177.04918032786884
177.19298245614036
177.41935483870967
177.5
177.55102040816325
177.77777777777777
177.77777777777777
177.96610169491524
178.0487804878049
178.48101265822785
178.57142857142858
178.57142857142858
178.57142857142858
179.31034482758622
179.4871794871795
180.327868852459
180.35714285714286
180.64516129032256
180.64516129032256
180.76923076923077
180.76923076923077
180.76923076923077
181.08108108108107
181.25
181.3953488372093
181.3953488372093
181.4814814814815
181.4814814814815
181.4814814814815
181.4814814814815
181.4814814814815
181.66666666666666
181.8181818181818
181.9672131147541
182.14285714285714
182.14285714285714
182.35294117647058
182.35294117647058
182.35294117647058
182.66666666666666
183.33333333333331
183.5820895522388
183.60655737704917
183.60655737704917
183.92857142857142
184.05797101449275
184.12698412698413
184.6153846153846
184.6153846153846
185.0
185.0
185.1851851851852
185.71428571428572
185.71428571428572
185.71428571428572
185.71428571428572
186.15384615384616
186.20689655172413
186.66666666666666
186.66666666666666
188.33333333333334
188.46153846153845
188.46153846153845
188.52459016393445
188.57142857142856
188.7640449438202
188.88888888888889
188.88888888888889
188.88888888888889
189.0909090909091
189.36170212765958
190.0
190.1639344262295
190.3225806451613
191.48936170212767
191.89189189189187
192.10526315789474
192.30769230769232
192.59259259259258
192.59259259259258
192.59259259259258
192.59259259259258
192.85714285714286
192.85714285714286
193.0232558139535
193.10344827586206
193.10344827586206
193.1818181818182
193.33333333333334
194.11764705882354
194.28571428571428
194.73684210526315
194.82758620689654
195.0
196.078431372549
196.15384615384613
196.42857142857142
196.42857142857142
196.49122807017542
196.55172413793102
196.66666666666666
196.66666666666666
196.66666666666666
196.72131147540983
196.7741935483871
196.80851063829786
196.875
196.875
196.96969696969697
198.1818181818182
198.24561403508773
200.0
200.0
200.0
200.0
200.0
200.0
200.0
200.0
200.0
200.0
200.0
200.0
200.0
200.0
201.63934426229505
201.75438596491227
201.85185185185185
201.9230769230769
202.17391304347828
202.38095238095238
202.77777777777777
202.94117647058823
203.03030303030303
203.2258064516129
203.2258064516129
203.2258064516129
203.27868852459017
203.33333333333331
203.57142857142856
203.57142857142856
203.57142857142856
203.70370370370372
203.92156862745097
205.1282051282051
205.35714285714283
205.45454545454547
205.55555555555554
205.88235294117646
205.88235294117646
206.06060606060606
206.66666666666669
207.14285714285717
207.27272727272728
207.27272727272728
207.4074074074074
207.6923076923077
208.69565217391303
208.7719298245614
209.0909090909091
209.0909090909091
209.25925925925927
209.375
210.3448275862069
210.71428571428572
210.71428571428572
210.71428571428572
210.71428571428572
210.9375
211.11111111111111
211.32075471698113
211.42857142857144
212.5
212.5
212.5
212.5
212.82051282051282
213.51351351351352
213.72549019607843
214.28571428571428
214.70588235294116
214.81481481481484
215.0
215.25423728813558
215.25423728813558
215.3846153846154
215.51724137931038
215.625
216.36363636363635
216.66666666666666
216.66666666666666
216.98113207547172
217.02127659574467
217.14285714285714
217.14285714285714
217.24137931034483
217.24137931034483
217.54385964912282
217.6470588235294
217.85714285714283
218.18181818181816
218.5185185185185
218.5185185185185
218.5185185185185
218.5185185185185
219.3548387096774
219.3548387096774
219.64285714285717
220.00000000000003
220.00000000000003
220.00000000000003
220.58823529411765
221.56862745098042
221.875
221.875
221.875
222.22222222222223
222.80701754385964
223.0769230769231
223.33333333333334
223.52941176470588
224.13793103448273
224.24242424242422
224.56140350877192
225.0
225.0
225.0
225.0
225.49019607843138
225.80645161290326
225.99999999999997
226.3157894736842
226.47058823529412
227.27272727272728
227.58620689655174
227.58620689655174
227.58620689655174
228.26086956521738
228.57142857142856
229.03225806451616
229.03225806451616
229.99999999999997
230.43478260869566
230.76923076923075
231.4814814814815
231.99999999999997
232.14285714285717
232.14285714285717
232.25806451612905
232.25806451612905
232.6923076923077
233.33333333333334
233.33333333333334
234.04255319148936
234.2857142857143
234.48275862068962
234.48275862068962
234.48275862068962
234.48275862068962
234.92063492063494
235.0
235.29411764705884
235.59322033898303
235.71428571428572
235.71428571428572
236.0
236.66666666666666
236.66666666666666
236.84210526315786
237.037037037037
237.037037037037
237.14285714285714
237.73584905660377
237.73584905660377
237.93103448275863
238.23529411764704
238.46153846153845
238.70967741935485
239.28571428571428
239.3939393939394
240.0
240.0
240.0
240.0
240.0
240.0
240.74074074074073
240.74074074074073
241.17647058823528
241.3793103448276
241.3793103448276
241.93548387096774
241.93548387096774
241.93548387096774
241.93548387096774
242.0
242.85714285714283
243.33333333333331
243.33333333333331
244.44444444444446
244.44444444444446
244.82758620689654
244.82758620689654
244.82758620689654
244.82758620689654
245.16129032258064
245.16129032258064
245.16129032258064
245.16129032258064
245.16129032258064
245.45454545454547
245.45454545454547
245.45454545454547
245.94594594594597
245.94594594594597
246.0
246.15384615384616
246.42857142857144
246.66666666666669
247.05882352941177
247.3684210526316
248.0
248.14814814814815
248.14814814814815
248.27586206896552
248.27586206896552
248.27586206896552
248.38709677419354
248.8372093023256
249.01960784313727
250.0
250.0
250.0
250.0
250.0
250.0
250.0
250.0
250.0
250.0
250.98039215686273
251.0204081632653
251.06382978723403
251.61290322580646
251.72413793103448
251.72413793103448
251.85185185185185
251.85185185185185
252.83018867924528
252.94117647058823
253.06122448979593
253.125
253.33333333333331
253.57142857142856
253.57142857142856
253.84615384615384
254.16666666666666
254.16666666666666
254.54545454545453
254.54545454545453
254.83870967741936
255.17241379310346
255.17241379310346
255.17241379310346
255.17241379310346
255.55555555555554
256.0
256.25
256.25
256.52173913043475
256.6666666666667
257.14285714285717
257.14285714285717
257.14285714285717
257.4468085106383
257.69230769230774
258.06451612903226
258.62068965517244
258.62068965517244
259.375
259.61538461538464
259.61538461538464
260.0
260.0
260.0
260.0
260.0
260.7142857142857
260.7142857142857
260.7142857142857
261.2903225806451
261.53846153846155
261.7647058823529
262.16216216216213
262.5
263.3333333333333
263.3333333333333
263.4920634920635
264.2857142857143
264.51612903225805
264.70588235294116
265.2173913043478
265.51724137931035
265.51724137931035
265.625
265.7894736842105
265.90909090909093
266.0377358490566
266.66666666666663
266.66666666666663
266.66666666666663
266.66666666666663
267.741935483871
267.741935483871
268.4848484848485
268.8888888888889
268.9655172413793
268.9655172413793
268.9655172413793
268.9655172413793
270.0
270.0
270.3703703703704
271.11111111111114
271.42857142857144
271.42857142857144
271.42857142857144
271.42857142857144
271.875
272.22222222222223
272.3404255319149
272.41379310344826
272.41379310344826
272.7272727272727
272.91666666666663
273.0769230769231
273.3333333333333
273.61111111111114
274.0740740740741
274.0740740740741
274.19354838709677
274.19354838709677
275.0
275.0
275.55555555555554
275.55555555555554
275.86206896551727
275.86206896551727
275.86206896551727
276.4705882352941
276.9230769230769
277.77777777777777
277.77777777777777
278.0
278.57142857142856
278.57142857142856
278.57142857142856
278.72340425531917
279.3103448275862
279.4117647058823
279.4117647058823
279.54545454545456
280.0
280.0
280.0
280.0
280.6451612903226
280.6451612903226
280.88235294117646
281.25
281.48148148148147
281.48148148148147
281.48148148148147
281.48148148148147
281.8181818181818
282.14285714285717
282.14285714285717
282.60869565217394
282.7586206896552
282.7586206896552
282.7586206896552
282.7586206896552
282.7586206896552
282.97872340425533
283.33333333333337
283.33333333333337
283.33333333333337
283.8709677419355
283.8709677419355
284.375
285.1063829787234
285.18518518518516
285.18518518518516
285.18518518518516
285.7142857142857
285.7142857142857
285.7142857142857
285.7142857142857
285.7142857142857
285.7142857142857
285.7142857142857
286.046511627907
286.2068965517241
286.53846153846155
286.6666666666667
287.0967741935484
287.0967741935484
287.5
288.2352941176471
288.88888888888886
288.88888888888886
288.88888888888886
289.2857142857143
289.2857142857143
289.7435897435897
290.0
290.0
290.0
290.0
290.0
290.2439024390244
290.3225806451613
290.6976744186046
292.42424242424244
292.5925925925926
292.5925925925926
292.85714285714283
292.85714285714283
293.0232558139535
293.10344827586204
293.10344827586204
293.10344827586204
293.3333333333333
296.2962962962963
296.2962962962963
296.2962962962963
296.42857142857144
296.42857142857144
296.42857142857144
296.55172413793105
296.55172413793105
296.55172413793105
296.6666666666667
296.6666666666667
296.7741935483871
296.875
297.77777777777777
300.0
300.0
300.0
300.0
300.0
300.0
300.0
300.0
300.0
300.0
300.0
300.0
300.0
300.0
300.0
302.22222222222223
303.125
303.2258064516129
303.2258064516129
303.3333333333333
303.3333333333333
303.44827586206895
303.44827586206895
303.44827586206895
303.57142857142856
303.7037037037037
306.25
306.6666666666667
306.6666666666667
306.89655172413796
306.9767441860465
306.9767441860465
307.14285714285717
307.4074074074074
307.4074074074074
307.4074074074074
307.69230769230774
309.09090909090907
309.6774193548387
309.6774193548387
309.7560975609756
310.0
310.7142857142857
311.11111111111114
311.53846153846155
311.53846153846155
311.53846153846155
312.8205128205128
313.7931034482759
313.7931034482759
313.7931034482759
313.7931034482759
313.88888888888886
314.2857142857143
314.2857142857143
314.6341463414634
314.81481481481484
315.1515151515151
316.1290322580645
317.1428571428571
317.2413793103448
317.2413793103448
317.85714285714283
317.85714285714283
317.85714285714283
317.85714285714283
318.51851851851853
320.0
320.6896551724138
321.0526315789474
321.2121212121212
321.42857142857144
321.42857142857144
321.42857142857144
321.42857142857144
321.42857142857144
322.22222222222223
322.22222222222223
322.22222222222223
322.22222222222223
322.5806451612903
323.0769230769231
323.0769230769231
323.0769230769231
323.3333333333333
324.13793103448273
324.3243243243243
325.0
325.0
325.0
325.0
325.0
326.4705882352941
326.9230769230769
326.9230769230769
328.57142857142856
328.57142857142856
328.57142857142856
328.88888888888886
329.03225806451616
329.6296296296296
329.6296296296296
331.57894736842104
332.14285714285717
332.14285714285717
332.14285714285717
332.14285714285717
332.258064516129
332.4324324324324
333.33333333333337
333.33333333333337
333.33333333333337
333.33333333333337
333.33333333333337
333.33333333333337
334.09090909090907
334.09090909090907
334.61538461538464
335.0
335.7142857142857
336.5853658536585
337.037037037037
337.9310344827586
338.3333333333333
338.46153846153845
338.46153846153845
338.46153846153845
339.2857142857143
339.2857142857143
339.4736842105263
339.4736842105263
340.0
340.74074074074076
341.86046511627904
342.30769230769226
342.85714285714283
342.85714285714283
342.85714285714283
342.85714285714283
343.5897435897436
343.75
344.44444444444446
346.1538461538462
346.1538461538462
346.42857142857144
346.42857142857144
346.8085106382979
347.22222222222223
347.5
348.2758620689655
350.0
350.0
350.0
351.28205128205127
351.42857142857144
351.7241379310345
351.85185185185185
353.3333333333333
353.57142857142856
354.2857142857143
354.34782608695656
355.1724137931035
355.1724137931035
355.55555555555554
355.55555555555554
356.4102564102564
356.6666666666667
358.62068965517244
358.62068965517244
359.25925925925924
359.25925925925924
359.25925925925924
360.6060606060606
360.7142857142857
361.53846153846155
361.53846153846155
361.53846153846155
362.962962962963
362.962962962963
363.88888888888886
364.1025641025641
364.2857142857143
364.70588235294116
365.38461538461536
365.38461538461536
366.66666666666663
366.66666666666663
366.66666666666663
366.66666666666663
366.66666666666663
366.66666666666663
367.2727272727273
370.17543859649123
370.96774193548384
371.1538461538462
371.42857142857144
371.875
372.97297297297297
373.0769230769231
373.5294117647059
374.0740740740741
374.19354838709677
374.35897435897436
375.0
375.0
375.0
375.0
375.6756756756757
377.77777777777777
377.77777777777777
377.77777777777777
377.77777777777777
378.57142857142856
378.57142857142856
379.4117647058823
379.48717948717945
380.0
380.7692307692308
381.48148148148147
382.14285714285717
382.3529411764706
382.8571428571429
384.2105263157895
386.11111111111114
387.5
388.88888888888886
391.1764705882353
391.66666666666663
392.30769230769226
392.85714285714283
392.85714285714283
393.3333333333333
393.93939393939394
394.33962264150944
394.7368421052631
396.6666666666667
396.7741935483871
396.875
397.05882352941177
397.7272727272727
398.03921568627453
400.0
400.0
400.0
402.85714285714283
403.030303030303
403.030303030303
403.7037037037037
403.8461538461538
405.71428571428567
405.88235294117646
405.88235294117646
406.25
407.1428571428571
407.6923076923077
408.10810810810807
408.8235294117647
409.6774193548387
409.6774193548387
410.3448275862069
412.5
412.9032258064516
414.28571428571433
414.7058823529412
414.7058823529412
414.8148148148148
415.625
415.625
415.625
417.14285714285717
417.2413793103448
418.51851851851853
420.5882352941177
423.3333333333333
423.3333333333333
424.13793103448273
424.24242424242425
424.24242424242425
425.0
425.0
425.8064516129032
427.27272727272725
427.5862068965517
428.125
428.57142857142856
428.57142857142856
429.0322580645161
430.0
430.30303030303025
431.03448275862075
431.25
432.0
432.1428571428571
432.1428571428571
433.3333333333333
433.3333333333333
434.375
434.48275862068965
435.2941176470588
435.4838709677419
436.3636363636363
436.3636363636363
436.66666666666663
437.5
437.9310344827586
439.28571428571433
440.00000000000006
440.00000000000006
441.1764705882353
441.37931034482756
441.9354838709677
442.4242424242424
442.8571428571429
443.75
443.75
445.1612903225806
445.1612903225806
445.1612903225806
446.42857142857144
446.42857142857144
446.875
448.1481481481482
448.27586206896547
448.27586206896547
448.27586206896547
450.0
450.0
450.0
451.6129032258065
451.6129032258065
451.8518518518518
451.8518518518518
453.57142857142856
453.57142857142856
454.8387096774194
455.1724137931035
455.1724137931035
455.55555555555554
455.88235294117646
456.25
456.25
456.66666666666663
457.1428571428571
458.0645161290323
459.99999999999994
459.99999999999994
461.2903225806452
462.0689655172414
462.5
462.5
462.962962962963
462.962962962963
464.28571428571433
464.5161290322581
464.5161290322581
465.51724137931035
465.625
466.6666666666667
466.6666666666667
466.6666666666667
468.75
469.2307692307692
470.0
470.0
470.0
470.3703703703703
471.42857142857144
472.4137931034483
473.0769230769231
473.5294117647059
475.0
475.0
475.0
475.75757575757575
476.6666666666667
476.6666666666667
477.4193548387097
477.4193548387097
478.57142857142856
478.57142857142856
479.3103448275862
480.0
482.1428571428571
482.1428571428571
482.1428571428571
482.7586206896552
483.3333333333333
484.6153846153846
485.1851851851852
485.71428571428567
485.71428571428567
486.2068965517241
486.2068965517241
486.2068965517241
486.66666666666663
486.66666666666663
488.8888888888889
489.28571428571433
489.28571428571433
489.28571428571433
489.6551724137931
489.6551724137931
489.6551724137931
490.90909090909093
492.59259259259255
492.59259259259255
492.59259259259255
492.8571428571429
492.8571428571429
493.1034482758621
493.1034482758621
493.75
496.2962962962963
496.42857142857144
496.42857142857144
496.42857142857144
496.42857142857144
496.55172413793105
496.55172413793105
496.55172413793105
496.6666666666667
496.875
496.875
500.0
500.0
500.0
500.0
500.0
500.0
500.0
500.0
500.0
503.44827586206895
503.57142857142856
503.7037037037037
503.7037037037037
503.7037037037037
503.7037037037037
506.8965517241379
506.8965517241379
506.8965517241379
507.1428571428571
507.1428571428571
507.1428571428571
507.40740740740745
508.57142857142856
510.3448275862069
510.71428571428567
510.71428571428567
510.71428571428567
510.71428571428567
511.1111111111111
511.1111111111111
513.7931034482759
514.2857142857143
514.2857142857143
514.2857142857143
514.2857142857143
514.8148148148148
517.2413793103449
517.8571428571429
517.8571428571429
518.5185185185185
518.5185185185185
518.5185185185185
519.2307692307693
519.2307692307693
519.2307692307693
519.3548387096774
521.4285714285714
521.4285714285714
521.4285714285714
521.4285714285714
521.4285714285714
521.4285714285714
521.4285714285714
521.875
522.2222222222223
525.0
525.0
525.0
525.925925925926
525.925925925926
526.6666666666666
530.0
530.0
530.7692307692307
532.1428571428571
532.1428571428571
532.1428571428571
532.1428571428571
532.1428571428571
533.3333333333333
533.3333333333333
533.3333333333333
533.3333333333333
533.3333333333333
533.3333333333333
534.4827586206897
535.7142857142857
535.7142857142857
537.0370370370371
537.5
539.2857142857143
540.7407407407408
540.7407407407408
540.7407407407408
540.7407407407408
542.8571428571429
542.8571428571429
542.8571428571429
542.8571428571429
542.8571428571429
544.4444444444445
548.1481481481482
548.1481481481482
548.1481481481482
548.1481481481482
548.1481481481482
548.1481481481482
548.1481481481482
548.1481481481482
550.0
550.0
550.0
550.0
551.7241379310345
551.8518518518518
551.8518518518518
551.8518518518518
559.2592592592592
559.2592592592592
560.7142857142857
561.5384615384615
562.9629629629629
563.3333333333334
565.3846153846155
566.6666666666667
566.6666666666667
566.6666666666667
569.2307692307693
573.0769230769231
574.074074074074
576.9230769230769
576.9230769230769
582.1428571428571
582.1428571428571
582.7586206896551
584.6153846153845
585.7142857142857
588.4615384615385
588.4615384615385
589.655172413793
592.3076923076924
592.8571428571429
596.2962962962963
596.551724137931
596.6666666666666
600.0
603.3333333333334
603.7037037037037
610.2564102564102
610.7142857142857
614.8148148148148
617.8571428571429
620.0
622.2222222222223
629.6296296296297
642.3076923076924
648.1481481481482
653.5714285714286
653.5714285714286
664.2857142857143
664.7058823529412
671.4285714285714
680.7692307692307
681.4814814814815
682.1428571428571
696.2962962962963
696.4285714285714
700.0
700.0
707.4074074074074
711.5384615384615
762.0689655172414
763.3333333333334
777.7777777777777
779.3103448275862
800.0
825.0
834.4827586206897
851.851851851852
923.076923076923
923.076923076923
