Unique ID: f85ba495-3cbd-497f-9049-55d36c3ecf57,
Billed Duration for Request f85ba495-3cbd-497f-9049-55d36c3ecf57: 100 ms
Input: 1000000,
Cold Start: false
Unique ID: 9a92de3b-838f-4345-a2ec-63616358f23d,
Billed Duration for Request 9a92de3b-838f-4345-a2ec-63616358f23d: 141 ms
Input: 1000000,
Cold Start: false
Unique ID: e8d9dfbc-8138-43e2-9c99-8f0fa3a034c2,
Billed Duration for Request e8d9dfbc-8138-43e2-9c99-8f0fa3a034c2: 71 ms
Input: 1000000,
Cold Start: false
Unique ID: d80ca34e-2595-450e-af7c-5c5d68051fb1,
Billed Duration for Request d80ca34e-2595-450e-af7c-5c5d68051fb1: 123 ms
Input: 1000000,
Cold Start: false
Unique ID: eabb2813-f447-4ce7-8e83-41f6740fc936,
Billed Duration for Request eabb2813-f447-4ce7-8e83-41f6740fc936: 76 ms
Input: 1000000,
Cold Start: false
Unique ID: ed98f4ed-ac00-4f64-b282-ec96b75b7d19,
Billed Duration for Request ed98f4ed-ac00-4f64-b282-ec96b75b7d19: 105 ms
Input: 1000000,
Cold Start: false
Unique ID: bc8ba90d-ddef-4a47-841b-0226e5acdf31,
Billed Duration for Request bc8ba90d-ddef-4a47-841b-0226e5acdf31: 83 ms
Input: 1000000,
Cold Start: false
Unique ID: 3c2c13da-ab66-4ae5-8e92-e5dd4f6ff6ea,
Billed Duration for Request 3c2c13da-ab66-4ae5-8e92-e5dd4f6ff6ea: 106 ms
Input: 1000000,
Cold Start: false
Unique ID: 43327866-424c-4d82-9b02-226abc68fbf8,
Billed Duration for Request 43327866-424c-4d82-9b02-226abc68fbf8: 88 ms
Input: 1000000,
Cold Start: false
Unique ID: dbf12125-c688-47ab-a2ff-766240d21034,
Billed Duration for Request dbf12125-c688-47ab-a2ff-766240d21034: 86 ms
Input: 1000000,
Cold Start: false
Unique ID: 9d171a89-3a73-4c46-a59a-245f3aebbfd8,
Billed Duration for Request 9d171a89-3a73-4c46-a59a-245f3aebbfd8: 83 ms
Input: 1000000,
Cold Start: false
Unique ID: 3a02a16a-7f53-4319-8267-a8547edb993f,
Billed Duration for Request 3a02a16a-7f53-4319-8267-a8547edb993f: 92 ms
Input: 1000000,
Cold Start: false
Unique ID: 8ec61874-3f1e-4591-8d6f-70380479a952,
Billed Duration for Request 8ec61874-3f1e-4591-8d6f-70380479a952: 78 ms
Input: 1000000,
Cold Start: false
Unique ID: b7c43d37-a44b-4dd9-9079-2af0818f448e,
Billed Duration for Request b7c43d37-a44b-4dd9-9079-2af0818f448e: 113 ms
Input: 1000000,
Cold Start: false
Unique ID: e4848c83-4ef2-494a-be4f-e33757eeb725,
Billed Duration for Request e4848c83-4ef2-494a-be4f-e33757eeb725: 81 ms
Input: 1000000,
Cold Start: false
Unique ID: a0666f15-271b-457c-82bc-0c5e82a59d95,
Billed Duration for Request a0666f15-271b-457c-82bc-0c5e82a59d95: 73 ms
Input: 1000000,
Cold Start: false
Unique ID: e4ed0332-b70c-44a2-a940-887b3a409795,
Billed Duration for Request e4ed0332-b70c-44a2-a940-887b3a409795: 119 ms
Input: 1000000,
Cold Start: false
Unique ID: f04c4254-4075-4dc9-974f-46a616d589a4,
Billed Duration for Request f04c4254-4075-4dc9-974f-46a616d589a4: 90 ms
Input: 1000000,
Cold Start: false
Unique ID: 7f15a3e1-0e9d-4a75-9e8d-169f39005445,
Billed Duration for Request 7f15a3e1-0e9d-4a75-9e8d-169f39005445: 89 ms
Input: 1000000,
Cold Start: false
Unique ID: 5023a294-a202-41dd-8995-e6f9848b2493,
Billed Duration for Request 5023a294-a202-41dd-8995-e6f9848b2493: 89 ms
Input: 1000000,
Cold Start: false
Unique ID: c4244c07-6470-48e3-911c-f93c37cf7ece,
Billed Duration for Request c4244c07-6470-48e3-911c-f93c37cf7ece: 75 ms
Input: 1000000,
Cold Start: false
Unique ID: a58c0ce2-3de8-425a-b7fb-d54abd1e5c57,
Billed Duration for Request a58c0ce2-3de8-425a-b7fb-d54abd1e5c57: 156 ms
Input: 1000000,
Cold Start: false
Unique ID: ae4c6743-6a42-459d-b433-cc9f05544dbd,
Billed Duration for Request ae4c6743-6a42-459d-b433-cc9f05544dbd: 83 ms
Input: 1000000,
Cold Start: false
Unique ID: 2df4471c-2b2b-46e6-a31b-d1eb84ba637d,
Billed Duration for Request 2df4471c-2b2b-46e6-a31b-d1eb84ba637d: 137 ms
Input: 1000000,
Cold Start: false
Unique ID: 471102d8-5ca5-4922-b43c-e919e9abd6b2,
Billed Duration for Request 471102d8-5ca5-4922-b43c-e919e9abd6b2: 84 ms
Input: 1000000,
Cold Start: false
Unique ID: 186949e5-6511-4f8f-9c13-db572288904f,
Billed Duration for Request 186949e5-6511-4f8f-9c13-db572288904f: 110 ms
Input: 1000000,
Cold Start: false
Unique ID: 9f7840a7-ae3e-469b-a726-f2bcc85ebbdb,
Billed Duration for Request 9f7840a7-ae3e-469b-a726-f2bcc85ebbdb: 98 ms
Input: 1000000,
Cold Start: false
Unique ID: 8fae8bcd-0e65-49fd-b5b2-2801ad9f10f6,
Billed Duration for Request 8fae8bcd-0e65-49fd-b5b2-2801ad9f10f6: 113 ms
Input: 1000000,
Cold Start: false
Unique ID: fef04806-6766-4b96-af51-c26e3145f76f,
Billed Duration for Request fef04806-6766-4b96-af51-c26e3145f76f: 83 ms
Input: 1000000,
Cold Start: false
Unique ID: 7b258cb7-18e3-4a1b-ab16-f721b803a922,
Billed Duration for Request 7b258cb7-18e3-4a1b-ab16-f721b803a922: 90 ms
Input: 1000000,
Cold Start: false
Unique ID: 10dc6425-2bcf-4cad-9bc6-ab9b5c502525,
Billed Duration for Request 10dc6425-2bcf-4cad-9bc6-ab9b5c502525: 91 ms
Input: 1000000,
Cold Start: false
Unique ID: fb6177f0-bb7f-4e93-bd85-3952ca931455,
Billed Duration for Request fb6177f0-bb7f-4e93-bd85-3952ca931455: 156 ms
Input: 1000000,
Cold Start: false
Unique ID: d8b50e9b-44cd-42c3-b595-b1642c35df37,
Billed Duration for Request d8b50e9b-44cd-42c3-b595-b1642c35df37: 78 ms
Input: 1000000,
Cold Start: false
Unique ID: 2e16773c-cd4c-44c7-914c-72f83a20b89c,
Billed Duration for Request 2e16773c-cd4c-44c7-914c-72f83a20b89c: 73 ms
Input: 1000000,
Cold Start: false
Unique ID: 30bcf2a0-b8fc-4100-ac36-0a73d79096bb,
Billed Duration for Request 30bcf2a0-b8fc-4100-ac36-0a73d79096bb: 111 ms
Input: 1000000,
Cold Start: false
Unique ID: 874f0323-dee4-42de-976d-67eb79c6aeda,
Billed Duration for Request 874f0323-dee4-42de-976d-67eb79c6aeda: 89 ms
Input: 1000000,
Cold Start: false
Unique ID: 1608ff36-d7b0-4c76-a652-04f445111dfb,
Billed Duration for Request 1608ff36-d7b0-4c76-a652-04f445111dfb: 79 ms
Input: 1000000,
Cold Start: false
Unique ID: 922a5c42-7914-4a33-8fea-277768460251,
Billed Duration for Request 922a5c42-7914-4a33-8fea-277768460251: 136 ms
Input: 1000000,
Cold Start: false
Unique ID: 7623e541-99ff-458f-be41-c0f7e15e5b88,
Billed Duration for Request 7623e541-99ff-458f-be41-c0f7e15e5b88: 84 ms
Input: 1000000,
Cold Start: false
Unique ID: f8a501f0-8de2-4db6-8daa-c457cb8ddc99,
Billed Duration for Request f8a501f0-8de2-4db6-8daa-c457cb8ddc99: 89 ms
Input: 1000000,
Cold Start: false
Unique ID: bac66c29-04cf-4cd3-8cc0-fbfbaf0405a5,
Billed Duration for Request bac66c29-04cf-4cd3-8cc0-fbfbaf0405a5: 112 ms
Input: 1000000,
Cold Start: false
Unique ID: 2fcd4e50-5541-4c7e-9e1a-97ab625404c4,
Billed Duration for Request 2fcd4e50-5541-4c7e-9e1a-97ab625404c4: 159 ms
Input: 1000000,
Cold Start: false
Unique ID: a2f51b93-6c70-43e2-a083-e7f15a475533,
Billed Duration for Request a2f51b93-6c70-43e2-a083-e7f15a475533: 83 ms
Input: 1000000,
Cold Start: false
Unique ID: 198b1ea8-fdc0-41bd-8da1-91faaa8a988e,
Billed Duration for Request 198b1ea8-fdc0-41bd-8da1-91faaa8a988e: 108 ms
Input: 1000000,
Cold Start: false
Unique ID: 015097cf-53f8-420a-9f2d-5807cb126ed0,
Billed Duration for Request 015097cf-53f8-420a-9f2d-5807cb126ed0: 96 ms
Input: 1000000,
Cold Start: false
Unique ID: febdc622-adfe-4276-864b-27626898e8d3,
Billed Duration for Request febdc622-adfe-4276-864b-27626898e8d3: 78 ms
Input: 1000000,
Cold Start: false
Unique ID: 5e50add7-ab9b-4efd-976c-5af29474a7f6,
Billed Duration for Request 5e50add7-ab9b-4efd-976c-5af29474a7f6: 79 ms
Input: 1000000,
Cold Start: false
Unique ID: 3909da8d-fca4-4ecd-ada7-8396a92f50af,
Billed Duration for Request 3909da8d-fca4-4ecd-ada7-8396a92f50af: 89 ms
Input: 1000000,
Cold Start: false
Unique ID: 1bdb42f6-81f9-4dac-8473-cfde1100f6dd,
Billed Duration for Request 1bdb42f6-81f9-4dac-8473-cfde1100f6dd: 111 ms
Input: 1000000,
Cold Start: false
Unique ID: dad40dc0-f709-48a3-abc7-5c81bf5e6d5b,
Billed Duration for Request dad40dc0-f709-48a3-abc7-5c81bf5e6d5b: 95 ms
Input: 1000000,
Cold Start: false
Unique ID: aa377c0a-5463-4cd8-9669-bf81f89a9382,
Billed Duration for Request aa377c0a-5463-4cd8-9669-bf81f89a9382: 84 ms
Input: 1000000,
Cold Start: false
Unique ID: 1076c6fc-bb48-482a-93c0-62d80412affa,
Billed Duration for Request 1076c6fc-bb48-482a-93c0-62d80412affa: 108 ms
Input: 1000000,
Cold Start: false
Unique ID: 12f37c3f-9fee-426d-b23f-95032f350cc9,
Billed Duration for Request 12f37c3f-9fee-426d-b23f-95032f350cc9: 77 ms
Input: 1000000,
Cold Start: false
Unique ID: aae6fa0a-fff3-4ff4-9d18-54f9744e8388,
Billed Duration for Request aae6fa0a-fff3-4ff4-9d18-54f9744e8388: 96 ms
Input: 1000000,
Cold Start: false
Unique ID: 60cdd303-c8cf-4661-9f37-b329df4daa0f,
Billed Duration for Request 60cdd303-c8cf-4661-9f37-b329df4daa0f: 99 ms
Input: 1000000,
Cold Start: false
Unique ID: 8e02c020-4ebc-42b0-9278-e0179dc9ec54,
Billed Duration for Request 8e02c020-4ebc-42b0-9278-e0179dc9ec54: 88 ms
Input: 1000000,
Cold Start: false
Unique ID: a0957720-5630-4685-9704-1adb67f48d70,
Billed Duration for Request a0957720-5630-4685-9704-1adb67f48d70: 135 ms
Input: 1000000,
Cold Start: false
Unique ID: df2dcf97-4724-4f05-abc7-4a7bab7f40f9,
Billed Duration for Request df2dcf97-4724-4f05-abc7-4a7bab7f40f9: 94 ms
Input: 1000000,
Cold Start: false
Unique ID: a60d0520-7bf1-4121-afae-bd7470ab2a80,
Billed Duration for Request a60d0520-7bf1-4121-afae-bd7470ab2a80: 78 ms
Input: 1000000,
Cold Start: false
Unique ID: d447c05a-ed8a-461f-bf46-df389ed790dc,
Billed Duration for Request d447c05a-ed8a-461f-bf46-df389ed790dc: 88 ms
Input: 1000000,
Cold Start: false
Unique ID: 8fe52d2e-da71-43ea-8c79-ace4188bc3b4,
Billed Duration for Request 8fe52d2e-da71-43ea-8c79-ace4188bc3b4: 116 ms
Input: 1000000,
Cold Start: false
Unique ID: d7eaaab2-ba75-4fc0-922a-6987724d081e,
Billed Duration for Request d7eaaab2-ba75-4fc0-922a-6987724d081e: 89 ms
Input: 1000000,
Cold Start: false
Unique ID: 21b4978d-f133-484d-939f-8e5c7e659683,
Billed Duration for Request 21b4978d-f133-484d-939f-8e5c7e659683: 80 ms
Input: 1000000,
Cold Start: false
Unique ID: 1650d571-35ef-4230-9ced-156e9b97b948,
Billed Duration for Request 1650d571-35ef-4230-9ced-156e9b97b948: 74 ms
Input: 1000000,
Cold Start: false
Unique ID: a0c0d2c8-c6e7-4c74-b6dd-f0b9a549de71,
Billed Duration for Request a0c0d2c8-c6e7-4c74-b6dd-f0b9a549de71: 103 ms
Input: 1000000,
Cold Start: false
Unique ID: fd98bd25-b3e5-4aa6-8fe2-161f91e17adc,
Billed Duration for Request fd98bd25-b3e5-4aa6-8fe2-161f91e17adc: 90 ms
Input: 1000000,
Cold Start: false
Unique ID: 585b657a-1c6d-4a5f-b3b7-581f30ab2eff,
Billed Duration for Request 585b657a-1c6d-4a5f-b3b7-581f30ab2eff: 99 ms
Input: 1000000,
Cold Start: false
Unique ID: 56608308-c47d-4024-b637-84fc66d0d8b6,
Billed Duration for Request 56608308-c47d-4024-b637-84fc66d0d8b6: 74 ms
Input: 1000000,
Cold Start: false
Unique ID: 4b72cad3-55d3-47be-a854-649c90792f0a,
Billed Duration for Request 4b72cad3-55d3-47be-a854-649c90792f0a: 81 ms
Input: 1000000,
Cold Start: false
Unique ID: 88fc2c40-cb6d-4b34-aa1c-79f506c7283a,
Billed Duration for Request 88fc2c40-cb6d-4b34-aa1c-79f506c7283a: 107 ms
Input: 1000000,
Cold Start: false
Unique ID: 62370b76-d6b2-45f1-8e24-d2309b51d16b,
Billed Duration for Request 62370b76-d6b2-45f1-8e24-d2309b51d16b: 98 ms
Input: 1000000,
Cold Start: false
Unique ID: d89121a4-0f44-4556-bb36-44d33d96ac91,
Billed Duration for Request d89121a4-0f44-4556-bb36-44d33d96ac91: 138 ms
Input: 1000000,
Cold Start: false
Unique ID: 66042f25-2ac4-4815-bc05-c1121d87f821,
Billed Duration for Request 66042f25-2ac4-4815-bc05-c1121d87f821: 83 ms
Input: 1000000,
Cold Start: false
Unique ID: dd01ca2e-8d90-49b5-b334-719cfa396c8c,
Billed Duration for Request dd01ca2e-8d90-49b5-b334-719cfa396c8c: 94 ms
Input: 1000000,
Cold Start: false
Unique ID: eea02bc5-519c-465a-b115-f9ce46c540d5,
Billed Duration for Request eea02bc5-519c-465a-b115-f9ce46c540d5: 76 ms
Input: 1000000,
Cold Start: false
Unique ID: 581dd623-7f95-4688-b5c2-832eb77c8315,
Billed Duration for Request 581dd623-7f95-4688-b5c2-832eb77c8315: 75 ms
Input: 1000000,
Cold Start: false
Unique ID: fdb516fe-bb8e-40fb-84b3-c01d133a2feb,
Billed Duration for Request fdb516fe-bb8e-40fb-84b3-c01d133a2feb: 120 ms
Input: 1000000,
Cold Start: false
Unique ID: 0d6e9f21-9b9c-4975-ac00-1b8b121f5445,
Billed Duration for Request 0d6e9f21-9b9c-4975-ac00-1b8b121f5445: 89 ms
Input: 1000000,
Cold Start: false
Unique ID: 14761275-8fbf-4cfd-9312-6c5864d4a86d,
Billed Duration for Request 14761275-8fbf-4cfd-9312-6c5864d4a86d: 114 ms
Input: 1000000,
Cold Start: false
Unique ID: 9ae54759-8628-4f50-9765-09269a80287d,
Billed Duration for Request 9ae54759-8628-4f50-9765-09269a80287d: 132 ms
Input: 1000000,
Cold Start: false
Unique ID: 905f48ff-cef8-4984-8821-14ec36afd3b6,
Billed Duration for Request 905f48ff-cef8-4984-8821-14ec36afd3b6: 81 ms
Input: 1000000,
Cold Start: false
Unique ID: 84f23e8f-6e33-4f65-844b-4911fb0f2b2d,
Billed Duration for Request 84f23e8f-6e33-4f65-844b-4911fb0f2b2d: 90 ms
Input: 1000000,
Cold Start: false
Unique ID: eba96373-d0b0-4121-93d8-aa829f6bcfde,
Billed Duration for Request eba96373-d0b0-4121-93d8-aa829f6bcfde: 98 ms
Input: 1000000,
Cold Start: false
Unique ID: 0c2670e1-235e-4754-b89c-a4c73f6479de,
Billed Duration for Request 0c2670e1-235e-4754-b89c-a4c73f6479de: 78 ms
Input: 1000000,
Cold Start: false
Unique ID: ac4a0e58-6cab-47a8-a44f-d119aa315719,
Billed Duration for Request ac4a0e58-6cab-47a8-a44f-d119aa315719: 88 ms
Input: 1000000,
Cold Start: false
Unique ID: ad95f209-29ee-44db-9c5c-2e35be093139,
Billed Duration for Request ad95f209-29ee-44db-9c5c-2e35be093139: 95 ms
Input: 1000000,
Cold Start: false
Unique ID: 57d641a0-6420-4453-b948-43c5e3ad6190,
Billed Duration for Request 57d641a0-6420-4453-b948-43c5e3ad6190: 104 ms
Input: 1000000,
Cold Start: false
Unique ID: bab7e8e1-1e66-495a-83a3-5b045b6816ff,
Billed Duration for Request bab7e8e1-1e66-495a-83a3-5b045b6816ff: 91 ms
Input: 1000000,
Cold Start: false
Unique ID: 1ab2982a-c512-407f-ae99-9af935f8a8b8,
Billed Duration for Request 1ab2982a-c512-407f-ae99-9af935f8a8b8: 96 ms
Input: 1000000,
Cold Start: false
Unique ID: 7e2c6687-e654-46bc-98df-04306e6fee9f,
Billed Duration for Request 7e2c6687-e654-46bc-98df-04306e6fee9f: 74 ms
Input: 1000000,
Cold Start: false
Unique ID: 4f1d88cf-4e45-449d-8f92-9b4ed78cdce1,
Billed Duration for Request 4f1d88cf-4e45-449d-8f92-9b4ed78cdce1: 103 ms
Input: 1000000,
Cold Start: false
Unique ID: f523b257-7e10-49bd-8163-2facf106a679,
Billed Duration for Request f523b257-7e10-49bd-8163-2facf106a679: 89 ms
Input: 1000000,
Cold Start: false
Unique ID: 867578f3-39e0-4288-aad8-ae8c91228110,
Billed Duration for Request 867578f3-39e0-4288-aad8-ae8c91228110: 90 ms
Input: 1000000,
Cold Start: false
Unique ID: 3ac0a959-4dfb-43ae-bf2e-5cd8c615a821,
Billed Duration for Request 3ac0a959-4dfb-43ae-bf2e-5cd8c615a821: 71 ms
Input: 1000000,
Cold Start: false
Unique ID: 4c4ddb86-59ca-4205-85d7-61d16ab7f65d,
Billed Duration for Request 4c4ddb86-59ca-4205-85d7-61d16ab7f65d: 97 ms
Input: 1000000,
Cold Start: false
Unique ID: a29ed268-386d-4fbd-bcdb-5c83fa685bc9,
Billed Duration for Request a29ed268-386d-4fbd-bcdb-5c83fa685bc9: 107 ms
Input: 1000000,
Cold Start: false
Unique ID: f8fd964b-a320-4098-90a4-3b5bfb8c71e8,
Billed Duration for Request f8fd964b-a320-4098-90a4-3b5bfb8c71e8: 86 ms
Input: 1000000,
Cold Start: false
Unique ID: f4d9bde0-c234-4a4f-9e85-715331669ccc,
Billed Duration for Request f4d9bde0-c234-4a4f-9e85-715331669ccc: 88 ms
Input: 1000000,
Cold Start: false
Unique ID: 23920dc9-318d-4a90-bcc1-eed5bedfb1b0,
Billed Duration for Request 23920dc9-318d-4a90-bcc1-eed5bedfb1b0: 112 ms
Input: 1000000,
Cold Start: false
Unique ID: c1588a8d-aad2-48ac-865c-7f3bc9dd77a5,
Billed Duration for Request c1588a8d-aad2-48ac-865c-7f3bc9dd77a5: 125 ms
Input: 1000000,
Cold Start: false
Unique ID: a0a924a5-73b1-4ddb-bb37-5e52922b0617,
Billed Duration for Request a0a924a5-73b1-4ddb-bb37-5e52922b0617: 79 ms
Input: 1000000,
Cold Start: false
Unique ID: a1682c0f-4e92-41af-8390-03b3959d08fb,
Billed Duration for Request a1682c0f-4e92-41af-8390-03b3959d08fb: 88 ms
Input: 1000000,
Cold Start: false
Unique ID: bde99ce3-ec3a-4bb8-9d83-08fedd46753c,
Billed Duration for Request bde99ce3-ec3a-4bb8-9d83-08fedd46753c: 83 ms
Input: 1000000,
Cold Start: false
Unique ID: dbb2ad4e-c847-4fa8-a86b-3058f521b858,
Billed Duration for Request dbb2ad4e-c847-4fa8-a86b-3058f521b858: 112 ms
Input: 1000000,
Cold Start: false
Unique ID: 4a3b1517-6d46-47ec-aacb-01b9e29e647f,
Billed Duration for Request 4a3b1517-6d46-47ec-aacb-01b9e29e647f: 78 ms
Input: 1000000,
Cold Start: false
Unique ID: 3b3a907c-e516-4e1b-8b4e-9032365defe4,
Billed Duration for Request 3b3a907c-e516-4e1b-8b4e-9032365defe4: 112 ms
Input: 1000000,
Cold Start: false
Unique ID: e59122cc-ae70-4846-b6be-5c08b562d938,
Billed Duration for Request e59122cc-ae70-4846-b6be-5c08b562d938: 123 ms
Input: 1000000,
Cold Start: false
Unique ID: ffc39526-3878-40bf-9aea-63a546a07ec6,
Billed Duration for Request ffc39526-3878-40bf-9aea-63a546a07ec6: 92 ms
Input: 1000000,
Cold Start: false
Unique ID: 6113706c-e5f1-4ee5-9bc6-c703048db37a,
Billed Duration for Request 6113706c-e5f1-4ee5-9bc6-c703048db37a: 86 ms
Input: 1000000,
Cold Start: false
Unique ID: 07ed4e18-4e7a-4953-8f29-187fc98e5d9f,
Billed Duration for Request 07ed4e18-4e7a-4953-8f29-187fc98e5d9f: 70 ms
Input: 1000000,
Cold Start: false
Unique ID: dc7168e5-d7f9-4ff8-b363-f3c84710fa32,
Billed Duration for Request dc7168e5-d7f9-4ff8-b363-f3c84710fa32: 79 ms
Input: 1000000,
Cold Start: false
Unique ID: b0e45222-f148-4fb3-950a-9e5870ca6dcc,
Billed Duration for Request b0e45222-f148-4fb3-950a-9e5870ca6dcc: 87 ms
Input: 1000000,
Cold Start: false
Unique ID: b769a8cd-187a-4ead-b345-7ab09739d869,
Billed Duration for Request b769a8cd-187a-4ead-b345-7ab09739d869: 116 ms
Input: 1000000,
Cold Start: false
Unique ID: 95ada0bd-ccaa-4ae1-8dfb-af08da5c788e,
Billed Duration for Request 95ada0bd-ccaa-4ae1-8dfb-af08da5c788e: 133 ms
Input: 1000000,
Cold Start: false
Unique ID: f7077a1a-ec4f-4c61-a596-89a0ef2f17e3,
Billed Duration for Request f7077a1a-ec4f-4c61-a596-89a0ef2f17e3: 76 ms
Input: 1000000,
Cold Start: false
Unique ID: 58ebbf43-7722-4e9f-aa4c-2878f668c015,
Billed Duration for Request 58ebbf43-7722-4e9f-aa4c-2878f668c015: 88 ms
Input: 1000000,
Cold Start: false
Unique ID: 790db53b-e17d-4f49-b257-82ea65bebe7f,
Billed Duration for Request 790db53b-e17d-4f49-b257-82ea65bebe7f: 97 ms
Input: 1000000,
Cold Start: false
Unique ID: 7427bd74-6ee3-4c95-9539-ba8034d72644,
Billed Duration for Request 7427bd74-6ee3-4c95-9539-ba8034d72644: 111 ms
Input: 1000000,
Cold Start: false
Unique ID: 2383fee5-544a-4c5b-986b-62c540ef0586,
Billed Duration for Request 2383fee5-544a-4c5b-986b-62c540ef0586: 79 ms
Input: 1000000,
Cold Start: false
Unique ID: e0506765-efba-40c0-a7cf-32424e309c04,
Billed Duration for Request e0506765-efba-40c0-a7cf-32424e309c04: 88 ms
Input: 1000000,
Cold Start: false
Unique ID: 686608a8-f95c-4773-8702-e104d184422e,
Billed Duration for Request 686608a8-f95c-4773-8702-e104d184422e: 87 ms
Input: 1000000,
Cold Start: false
Unique ID: 15a3c110-5a76-4b17-a310-e6614ee82a00,
Billed Duration for Request 15a3c110-5a76-4b17-a310-e6614ee82a00: 95 ms
Input: 1000000,
Cold Start: false
Unique ID: 17cb1b86-f68b-4979-844f-bf06e70f501e,
Billed Duration for Request 17cb1b86-f68b-4979-844f-bf06e70f501e: 80 ms
Input: 1000000,
Cold Start: false
Unique ID: c311196d-d065-4e23-bee4-18a98c32c5c0,
Billed Duration for Request c311196d-d065-4e23-bee4-18a98c32c5c0: 88 ms
Input: 1000000,
Cold Start: false
Unique ID: f4b506df-40a3-45d9-b078-b77bb7a92cae,
Billed Duration for Request f4b506df-40a3-45d9-b078-b77bb7a92cae: 75 ms
Input: 1000000,
Cold Start: false
Unique ID: 7c188d21-7ad4-4d2f-ba1b-fd3ff49ed837,
Billed Duration for Request 7c188d21-7ad4-4d2f-ba1b-fd3ff49ed837: 112 ms
Input: 1000000,
Cold Start: false
Unique ID: 76a2db89-0825-4a85-9873-9fcce2893520,
Billed Duration for Request 76a2db89-0825-4a85-9873-9fcce2893520: 79 ms
Input: 1000000,
Cold Start: false
Unique ID: d04bdfba-435d-4445-8f6d-f178824cbb69,
Billed Duration for Request d04bdfba-435d-4445-8f6d-f178824cbb69: 110 ms
Input: 1000000,
Cold Start: false
Unique ID: 58c3f5fd-d58d-40f1-81f7-d9ff9db41e97,
Billed Duration for Request 58c3f5fd-d58d-40f1-81f7-d9ff9db41e97: 78 ms
Input: 1000000,
Cold Start: false
Unique ID: c90f7e44-3213-4025-9cd6-6e8ca13ecf08,
Billed Duration for Request c90f7e44-3213-4025-9cd6-6e8ca13ecf08: 94 ms
Input: 1000000,
Cold Start: false
Unique ID: 13c8e4ed-2586-4397-ad57-25ab324f68b4,
Billed Duration for Request 13c8e4ed-2586-4397-ad57-25ab324f68b4: 93 ms
Input: 1000000,
Cold Start: false
Unique ID: 0d573da9-cee9-42c9-bbe6-c2bac8f250dc,
Billed Duration for Request 0d573da9-cee9-42c9-bbe6-c2bac8f250dc: 114 ms
Input: 1000000,
Cold Start: false
Unique ID: c3bdafc7-f653-4ddc-8072-df83d6c38a46,
Billed Duration for Request c3bdafc7-f653-4ddc-8072-df83d6c38a46: 93 ms
Input: 1000000,
Cold Start: false
Unique ID: 62798c67-adee-4bc3-a764-25268cb4bbc2,
Billed Duration for Request 62798c67-adee-4bc3-a764-25268cb4bbc2: 75 ms
Input: 1000000,
Cold Start: false
Unique ID: 01281382-3a11-4562-a1b2-70dedefe9c00,
Billed Duration for Request 01281382-3a11-4562-a1b2-70dedefe9c00: 108 ms
Input: 1000000,
Cold Start: false
Unique ID: a9024bc6-5dda-4209-ba82-952d8ebdb049,
Billed Duration for Request a9024bc6-5dda-4209-ba82-952d8ebdb049: 134 ms
Input: 1000000,
Cold Start: false
Unique ID: 21cc3369-6ac1-4d18-9d97-54540831bef9,
Billed Duration for Request 21cc3369-6ac1-4d18-9d97-54540831bef9: 88 ms
Input: 1000000,
Cold Start: false
Unique ID: 60a54fb2-c782-41aa-a8b6-1bbe3ab3c1f5,
Billed Duration for Request 60a54fb2-c782-41aa-a8b6-1bbe3ab3c1f5: 83 ms
Input: 1000000,
Cold Start: false
Unique ID: 1a965072-024a-48ee-9142-eb9808270c60,
Billed Duration for Request 1a965072-024a-48ee-9142-eb9808270c60: 92 ms
Input: 1000000,
Cold Start: false
Unique ID: 39b59f52-0248-492f-a169-896fb932501a,
Billed Duration for Request 39b59f52-0248-492f-a169-896fb932501a: 108 ms
Input: 1000000,
Cold Start: false
Unique ID: 2a366b29-dc9c-47a8-9403-19839f70f4bf,
Billed Duration for Request 2a366b29-dc9c-47a8-9403-19839f70f4bf: 85 ms
Input: 1000000,
Cold Start: false
Unique ID: 1b4cf357-c978-4756-99c0-a45509fb6a93,
Billed Duration for Request 1b4cf357-c978-4756-99c0-a45509fb6a93: 100 ms
Input: 1000000,
Cold Start: false
Unique ID: b6a9fef5-f917-4be1-8ef4-3fa1cf3da342,
Billed Duration for Request b6a9fef5-f917-4be1-8ef4-3fa1cf3da342: 83 ms
Input: 1000000,
Cold Start: false
Unique ID: 94bddee1-17fc-4f79-9967-17cffdab588f,
Billed Duration for Request 94bddee1-17fc-4f79-9967-17cffdab588f: 90 ms
Input: 1000000,
Cold Start: false
Unique ID: 8b816998-78fa-41af-b963-b055c15eeb6e,
Billed Duration for Request 8b816998-78fa-41af-b963-b055c15eeb6e: 112 ms
Input: 1000000,
Cold Start: false
Unique ID: 0c0e3721-f2fc-4091-98e8-448030c61da7,
Billed Duration for Request 0c0e3721-f2fc-4091-98e8-448030c61da7: 136 ms
Input: 1000000,
Cold Start: false
Unique ID: 801c2588-a785-4229-abd3-ab42596eb092,
Billed Duration for Request 801c2588-a785-4229-abd3-ab42596eb092: 76 ms
Input: 1000000,
Cold Start: false
Unique ID: 91ef8230-f2e7-4f13-8847-927ab9892213,
Billed Duration for Request 91ef8230-f2e7-4f13-8847-927ab9892213: 85 ms
Input: 1000000,
Cold Start: false
Unique ID: 29a35fbc-da2f-441e-a468-ff12018fadb6,
Billed Duration for Request 29a35fbc-da2f-441e-a468-ff12018fadb6: 80 ms
Input: 1000000,
Cold Start: false
Unique ID: 2c05e053-a211-4c31-994e-b251d027f1db,
Billed Duration for Request 2c05e053-a211-4c31-994e-b251d027f1db: 111 ms
Input: 1000000,
Cold Start: false
Unique ID: f958bb21-d1bd-4ddf-b24f-c435c2653a63,
Billed Duration for Request f958bb21-d1bd-4ddf-b24f-c435c2653a63: 81 ms
Input: 1000000,
Cold Start: false
Unique ID: c9adddde-46be-489d-8fbf-ae8c72919b57,
Billed Duration for Request c9adddde-46be-489d-8fbf-ae8c72919b57: 146 ms
Input: 1000000,
Cold Start: false
Unique ID: f1ecaa4d-1f2f-4f83-8eaf-28674b66d603,
Billed Duration for Request f1ecaa4d-1f2f-4f83-8eaf-28674b66d603: 112 ms
Input: 1000000,
Cold Start: false
Unique ID: aff69079-adc8-4bc3-848f-6c895883341e,
Billed Duration for Request aff69079-adc8-4bc3-848f-6c895883341e: 93 ms
Input: 1000000,
Cold Start: false
Unique ID: a2b6accb-5f21-4185-b639-56bb959d170d,
Billed Duration for Request a2b6accb-5f21-4185-b639-56bb959d170d: 83 ms
Input: 1000000,
Cold Start: false
Unique ID: 40435eaa-9ecf-42b2-aa61-e2f680a2b8dc,
Billed Duration for Request 40435eaa-9ecf-42b2-aa61-e2f680a2b8dc: 90 ms
Input: 1000000,
Cold Start: false
Unique ID: 065148f2-36f6-4a45-9348-4504ef68195f,
Billed Duration for Request 065148f2-36f6-4a45-9348-4504ef68195f: 97 ms
Input: 1000000,
Cold Start: false
Unique ID: 077f59dc-95aa-4970-9726-fc921f9f2fd9,
Billed Duration for Request 077f59dc-95aa-4970-9726-fc921f9f2fd9: 74 ms
Input: 1000000,
Cold Start: false
Unique ID: bdd02dfa-9d62-4966-bb57-85daabdf9032,
Billed Duration for Request bdd02dfa-9d62-4966-bb57-85daabdf9032: 75 ms
Input: 1000000,
Cold Start: false
Unique ID: 9f11b778-9a06-4155-920e-4744a7452db4,
Billed Duration for Request 9f11b778-9a06-4155-920e-4744a7452db4: 74 ms
Input: 1000000,
Cold Start: false
Unique ID: b67f5880-d184-4849-ba87-5ae51957aae1,
Billed Duration for Request b67f5880-d184-4849-ba87-5ae51957aae1: 114 ms
Input: 1000000,
Cold Start: false
Unique ID: be6416a5-fa89-4ca6-8533-d9f1ae63d33a,
Billed Duration for Request be6416a5-fa89-4ca6-8533-d9f1ae63d33a: 72 ms
Input: 1000000,
Cold Start: false
Unique ID: f5615114-1240-42f4-b26c-2015eff44640,
Billed Duration for Request f5615114-1240-42f4-b26c-2015eff44640: 88 ms
Input: 1000000,
Cold Start: false
Unique ID: cde9b398-96b3-4736-85a8-c0ea031fe3a1,
Billed Duration for Request cde9b398-96b3-4736-85a8-c0ea031fe3a1: 139 ms
Input: 1000000,
Cold Start: false
Unique ID: 472556ec-4f77-4f8d-a825-a8569b49c991,
Billed Duration for Request 472556ec-4f77-4f8d-a825-a8569b49c991: 77 ms
Input: 1000000,
Cold Start: false
Unique ID: efd50fd3-8d25-494b-bb29-445368c2ca41,
Billed Duration for Request efd50fd3-8d25-494b-bb29-445368c2ca41: 85 ms
Input: 1000000,
Cold Start: false
Unique ID: 657952e2-405d-4e55-b43c-c2df6e8b834c,
Billed Duration for Request 657952e2-405d-4e55-b43c-c2df6e8b834c: 117 ms
Input: 1000000,
Cold Start: false
Unique ID: d59571a4-b522-4430-b5c5-b7a8c8595486,
Billed Duration for Request d59571a4-b522-4430-b5c5-b7a8c8595486: 95 ms
Input: 1000000,
Cold Start: false
Unique ID: 513e542c-fb3d-487e-9c1f-91741e16d0a9,
Billed Duration for Request 513e542c-fb3d-487e-9c1f-91741e16d0a9: 87 ms
Input: 1000000,
Cold Start: false
Unique ID: 436ebeba-27a1-47c3-a740-b74087133f00,
Billed Duration for Request 436ebeba-27a1-47c3-a740-b74087133f00: 87 ms
Input: 1000000,
Cold Start: false
Unique ID: c29189c7-f0d2-4db6-ac97-db91ceff23d2,
Billed Duration for Request c29189c7-f0d2-4db6-ac97-db91ceff23d2: 111 ms
Input: 1000000,
Cold Start: false
Unique ID: 88886b26-dee8-4086-8920-93f0097053e8,
Billed Duration for Request 88886b26-dee8-4086-8920-93f0097053e8: 89 ms
Input: 1000000,
Cold Start: false
Unique ID: 4ec94cfc-ae45-49cd-a93a-4aa091bd83ec,
Billed Duration for Request 4ec94cfc-ae45-49cd-a93a-4aa091bd83ec: 119 ms
Input: 1000000,
Cold Start: false
Unique ID: 82619cf0-528c-489f-9f67-f4521d3e5cf2,
Billed Duration for Request 82619cf0-528c-489f-9f67-f4521d3e5cf2: 88 ms
Input: 1000000,
Cold Start: false
Unique ID: d222a5f9-09d0-4ae0-9a34-0f44bca023f5,
Billed Duration for Request d222a5f9-09d0-4ae0-9a34-0f44bca023f5: 90 ms
Input: 1000000,
Cold Start: false
Unique ID: 6f7cc37f-6839-420c-93e2-6b286e6e182e,
Billed Duration for Request 6f7cc37f-6839-420c-93e2-6b286e6e182e: 70 ms
Input: 1000000,
Cold Start: false
Unique ID: 9e1ad3a6-96d8-4b17-8fef-7c3ea41420e4,
Billed Duration for Request 9e1ad3a6-96d8-4b17-8fef-7c3ea41420e4: 118 ms
Input: 1000000,
Cold Start: false
Unique ID: fd46eb0f-3c54-416d-9417-fd1a66ead161,
Billed Duration for Request fd46eb0f-3c54-416d-9417-fd1a66ead161: 132 ms
Input: 1000000,
Cold Start: false
Unique ID: ab7df30d-1129-4b2d-b37e-50fc14c59da9,
Billed Duration for Request ab7df30d-1129-4b2d-b37e-50fc14c59da9: 75 ms
Input: 1000000,
Cold Start: false
Unique ID: ce1d6546-5e2f-464e-9587-1a4eab55ebd4,
Billed Duration for Request ce1d6546-5e2f-464e-9587-1a4eab55ebd4: 70 ms
Input: 1000000,
Cold Start: false
Unique ID: 0e8bc5b5-1f97-4520-9835-74382cde2a60,
Billed Duration for Request 0e8bc5b5-1f97-4520-9835-74382cde2a60: 80 ms
Input: 1000000,
Cold Start: false
Unique ID: 821efc42-f995-4f3b-8f42-24046cf5a99a,
Billed Duration for Request 821efc42-f995-4f3b-8f42-24046cf5a99a: 79 ms
Input: 1000000,
Cold Start: false
Unique ID: e8f18f27-3c59-4b23-a9fd-2694d567d547,
Billed Duration for Request e8f18f27-3c59-4b23-a9fd-2694d567d547: 68 ms
Input: 1000000,
Cold Start: false
Unique ID: 377d0aee-364b-406f-a92a-d23ccfa95d7f,
Billed Duration for Request 377d0aee-364b-406f-a92a-d23ccfa95d7f: 135 ms
Input: 1000000,
Cold Start: false
Unique ID: 658943a9-9355-43b0-b038-042503a03ff7,
Billed Duration for Request 658943a9-9355-43b0-b038-042503a03ff7: 74 ms
Input: 1000000,
Cold Start: false
Unique ID: 3d550f7c-317c-40ca-8739-486aed2a8f0e,
Billed Duration for Request 3d550f7c-317c-40ca-8739-486aed2a8f0e: 71 ms
Input: 1000000,
Cold Start: false
Unique ID: 76a9dd25-6cf7-4699-8176-15930ddaea96,
Billed Duration for Request 76a9dd25-6cf7-4699-8176-15930ddaea96: 120 ms
Input: 1000000,
Cold Start: false
Unique ID: 6cb5d445-46e9-4e4e-82ed-dbc58c7c3528,
Billed Duration for Request 6cb5d445-46e9-4e4e-82ed-dbc58c7c3528: 142 ms
Input: 1000000,
Cold Start: false
Unique ID: 496ad81a-4015-4cf8-ba22-73e2b6c632ac,
Billed Duration for Request 496ad81a-4015-4cf8-ba22-73e2b6c632ac: 89 ms
Input: 1000000,
Cold Start: false
Unique ID: 87cc393b-2483-4f66-9257-3580645ac8d5,
Billed Duration for Request 87cc393b-2483-4f66-9257-3580645ac8d5: 91 ms
Input: 1000000,
Cold Start: false
Unique ID: b51d87c2-2478-4b8d-8b00-e26b70464c58,
Billed Duration for Request b51d87c2-2478-4b8d-8b00-e26b70464c58: 88 ms
Input: 1000000,
Cold Start: false
Unique ID: a8dbdae5-42f1-4bd3-a9e6-c1378ee2879d,
Billed Duration for Request a8dbdae5-42f1-4bd3-a9e6-c1378ee2879d: 143 ms
Input: 1000000,
Cold Start: false
Unique ID: 7cf1e598-0afb-458d-8afd-b526c5c85e7d,
Billed Duration for Request 7cf1e598-0afb-458d-8afd-b526c5c85e7d: 76 ms
Input: 1000000,
Cold Start: false
Unique ID: d514548d-ba4d-4096-856c-b5bd5dea3728,
Billed Duration for Request d514548d-ba4d-4096-856c-b5bd5dea3728: 126 ms
Input: 1000000,
Cold Start: false
Unique ID: f86b30df-ee97-44c9-b49d-7e1ae75aa61e,
Billed Duration for Request f86b30df-ee97-44c9-b49d-7e1ae75aa61e: 80 ms
Input: 1000000,
Cold Start: false
Unique ID: 1609dba8-283c-434c-b1c6-43ca5fd4f66c,
Billed Duration for Request 1609dba8-283c-434c-b1c6-43ca5fd4f66c: 130 ms
Input: 1000000,
Cold Start: false
Unique ID: 82d26771-a3e2-4e2d-a366-347961ff8e8e,
Billed Duration for Request 82d26771-a3e2-4e2d-a366-347961ff8e8e: 94 ms
Input: 1000000,
Cold Start: false
Unique ID: b4189760-129a-426d-9d23-2a313d8ccc2c,
Billed Duration for Request b4189760-129a-426d-9d23-2a313d8ccc2c: 123 ms
Input: 1000000,
Cold Start: false
Unique ID: 3af20b8d-ede1-4c9a-9de4-34cb63ef10c3,
Billed Duration for Request 3af20b8d-ede1-4c9a-9de4-34cb63ef10c3: 83 ms
Input: 1000000,
Cold Start: false
Unique ID: 96f7ddcd-8c6e-45f3-91ac-78e3fc310780,
Billed Duration for Request 96f7ddcd-8c6e-45f3-91ac-78e3fc310780: 92 ms
Input: 1000000,
Cold Start: false
Unique ID: 94c3a936-eab4-4f40-830e-6dad88cd54d4,
Billed Duration for Request 94c3a936-eab4-4f40-830e-6dad88cd54d4: 96 ms
Input: 1000000,
Cold Start: false
Unique ID: 2d8efd53-8559-4ca5-aac7-6c8bf0afb347,
Billed Duration for Request 2d8efd53-8559-4ca5-aac7-6c8bf0afb347: 70 ms
Input: 1000000,
Cold Start: false
Unique ID: 013c704b-39ad-407b-ac78-871b1217fb72,
Billed Duration for Request 013c704b-39ad-407b-ac78-871b1217fb72: 136 ms
Input: 1000000,
Cold Start: false
Unique ID: 0b015c82-6bf6-478c-9973-032a91bddaa4,
Billed Duration for Request 0b015c82-6bf6-478c-9973-032a91bddaa4: 74 ms
Input: 1000000,
Cold Start: false
Unique ID: c34d3ca1-bdc4-4891-927f-d8e2f94d8e15,
Billed Duration for Request c34d3ca1-bdc4-4891-927f-d8e2f94d8e15: 77 ms
Input: 1000000,
Cold Start: false
Unique ID: b3591e6c-20a3-4d24-8c1c-90500da80b17,
Billed Duration for Request b3591e6c-20a3-4d24-8c1c-90500da80b17: 142 ms
Input: 1000000,
Cold Start: false
Unique ID: c93dd632-947a-433f-8ea1-a5b8bf1ca9b5,
Billed Duration for Request c93dd632-947a-433f-8ea1-a5b8bf1ca9b5: 87 ms
Input: 1000000,
Cold Start: false
Unique ID: e8e640de-2064-4651-98c9-d0bf4b507fa4,
Billed Duration for Request e8e640de-2064-4651-98c9-d0bf4b507fa4: 75 ms
Input: 1000000,
Cold Start: false
Unique ID: 0cad8dbb-d6e9-4c6c-a6f0-62158709cb37,
Billed Duration for Request 0cad8dbb-d6e9-4c6c-a6f0-62158709cb37: 76 ms
Input: 1000000,
Cold Start: false
Unique ID: d1e534c3-a26f-4e83-92b4-566bd2b27c81,
Billed Duration for Request d1e534c3-a26f-4e83-92b4-566bd2b27c81: 118 ms
Input: 1000000,
Cold Start: false
Unique ID: 6c4fc265-cb7e-4afb-ab0d-c27323f26df5,
Billed Duration for Request 6c4fc265-cb7e-4afb-ab0d-c27323f26df5: 77 ms
Input: 1000000,
Cold Start: false
Unique ID: bf6dd2c4-4190-471d-afc0-b59f0fcc929d,
Billed Duration for Request bf6dd2c4-4190-471d-afc0-b59f0fcc929d: 109 ms
Input: 1000000,
Cold Start: false
Unique ID: d476e3e1-0065-498c-a76b-f8d37387e450,
Billed Duration for Request d476e3e1-0065-498c-a76b-f8d37387e450: 77 ms
Input: 1000000,
Cold Start: false
Unique ID: adc464b9-ea2b-49d7-8b76-8052ee8b8403,
Billed Duration for Request adc464b9-ea2b-49d7-8b76-8052ee8b8403: 112 ms
Input: 1000000,
Cold Start: false
Unique ID: 076e9f5f-38eb-4e02-b131-f34cb4058449,
Billed Duration for Request 076e9f5f-38eb-4e02-b131-f34cb4058449: 78 ms
Input: 1000000,
Cold Start: false
Unique ID: e7cf7e72-e95b-48e1-a783-a90ec027b0a5,
Billed Duration for Request e7cf7e72-e95b-48e1-a783-a90ec027b0a5: 133 ms
Input: 1000000,
Cold Start: false
Unique ID: 804c9a4b-32b9-4de5-b50d-3ef185164d7a,
Billed Duration for Request 804c9a4b-32b9-4de5-b50d-3ef185164d7a: 75 ms
Input: 1000000,
Cold Start: false
Unique ID: f79d641b-d73b-408a-961f-722f4f4b1d62,
Billed Duration for Request f79d641b-d73b-408a-961f-722f4f4b1d62: 110 ms
Input: 1000000,
Cold Start: false
Unique ID: 4fbe474e-0230-4495-b27d-6a2e50feaf24,
Billed Duration for Request 4fbe474e-0230-4495-b27d-6a2e50feaf24: 90 ms
Input: 1000000,
Cold Start: false
Unique ID: 9ddf0061-5907-41c4-8a4d-4451abd88f86,
Billed Duration for Request 9ddf0061-5907-41c4-8a4d-4451abd88f86: 75 ms
Input: 1000000,
Cold Start: false
Unique ID: 9507a055-f4c5-41fe-a574-4ff91b7fd9fa,
Billed Duration for Request 9507a055-f4c5-41fe-a574-4ff91b7fd9fa: 85 ms
Input: 1000000,
Cold Start: false
Unique ID: ed1c52c1-d075-47da-9627-20f45d109714,
Billed Duration for Request ed1c52c1-d075-47da-9627-20f45d109714: 117 ms
Input: 1000000,
Cold Start: false
Unique ID: 4bfb6fdc-188d-4791-8106-fdac88cbfc91,
Billed Duration for Request 4bfb6fdc-188d-4791-8106-fdac88cbfc91: 93 ms
Input: 1000000,
Cold Start: false
Unique ID: 3c53a7bc-6b14-432a-a47a-0aa192e3a0df,
Billed Duration for Request 3c53a7bc-6b14-432a-a47a-0aa192e3a0df: 75 ms
Input: 1000000,
Cold Start: false
Unique ID: 0ae6f27d-e830-4a0c-b7d0-eef93f20ddcd,
Billed Duration for Request 0ae6f27d-e830-4a0c-b7d0-eef93f20ddcd: 114 ms
Input: 1000000,
Cold Start: false
Unique ID: 910b4606-a0e5-495c-acc2-9deb8de1ec6f,
Billed Duration for Request 910b4606-a0e5-495c-acc2-9deb8de1ec6f: 89 ms
Input: 1000000,
Cold Start: false
Unique ID: 3aae480d-e834-4384-aaf3-4e0d6168ea75,
Billed Duration for Request 3aae480d-e834-4384-aaf3-4e0d6168ea75: 94 ms
Input: 1000000,
Cold Start: false
Unique ID: a232378a-3613-46d7-84dd-dda53dd852a6,
Billed Duration for Request a232378a-3613-46d7-84dd-dda53dd852a6: 72 ms
Input: 1000000,
Cold Start: false
Unique ID: 1888823e-0782-48c8-8b23-cef8cf722d50,
Billed Duration for Request 1888823e-0782-48c8-8b23-cef8cf722d50: 105 ms
Input: 1000000,
Cold Start: false
Unique ID: 0753ee10-0aab-44b9-937a-a54d62432e9d,
Billed Duration for Request 0753ee10-0aab-44b9-937a-a54d62432e9d: 127 ms
Input: 1000000,
Cold Start: false
Unique ID: b0c4b0bf-d3db-467b-b964-359eba0e258b,
Billed Duration for Request b0c4b0bf-d3db-467b-b964-359eba0e258b: 72 ms
Input: 1000000,
Cold Start: false
Unique ID: ea7e0959-faad-4447-bd12-3dd22fad6c49,
Billed Duration for Request ea7e0959-faad-4447-bd12-3dd22fad6c49: 110 ms
Input: 1000000,
Cold Start: false
Unique ID: ea88a80f-eeb8-460f-b2ec-d9f1a39ba17b,
Billed Duration for Request ea88a80f-eeb8-460f-b2ec-d9f1a39ba17b: 93 ms
Input: 1000000,
Cold Start: false
Unique ID: 073afe8f-7020-4a40-ae13-5ee57e7abb00,
Billed Duration for Request 073afe8f-7020-4a40-ae13-5ee57e7abb00: 68 ms
Input: 1000000,
Cold Start: false
Unique ID: bc7c81f3-7843-4450-a027-c993c78cb567,
Billed Duration for Request bc7c81f3-7843-4450-a027-c993c78cb567: 96 ms
Input: 1000000,
Cold Start: false
Unique ID: 5e5c3fff-7f19-49c4-9505-96583d474cfa,
Billed Duration for Request 5e5c3fff-7f19-49c4-9505-96583d474cfa: 108 ms
Input: 1000000,
Cold Start: false
Unique ID: 1b638964-8afe-410a-844d-4ef39e449f03,
Billed Duration for Request 1b638964-8afe-410a-844d-4ef39e449f03: 81 ms
Input: 1000000,
Cold Start: false
Unique ID: 1eb460a5-1814-4cc3-aedc-85bb8be8a695,
Billed Duration for Request 1eb460a5-1814-4cc3-aedc-85bb8be8a695: 75 ms
Input: 1000000,
Cold Start: false
Unique ID: f69f9423-a8b2-4180-b54d-cfbb3a569d2b,
Billed Duration for Request f69f9423-a8b2-4180-b54d-cfbb3a569d2b: 82 ms
Input: 1000000,
Cold Start: false
Unique ID: f7f2424d-e4ac-487b-9ad7-7fb7e7ad49eb,
Billed Duration for Request f7f2424d-e4ac-487b-9ad7-7fb7e7ad49eb: 112 ms
Input: 1000000,
Cold Start: false
Unique ID: 712239af-5288-417b-9de6-88ed9b6c67d1,
Billed Duration for Request 712239af-5288-417b-9de6-88ed9b6c67d1: 85 ms
Input: 1000000,
Cold Start: false
Unique ID: 1ab67a9a-a03a-42a6-9923-6e7a9e25ad15,
Billed Duration for Request 1ab67a9a-a03a-42a6-9923-6e7a9e25ad15: 131 ms
Input: 1000000,
Cold Start: false
Unique ID: a8b0c951-8516-4fbd-8806-8be2a314dd75,
Billed Duration for Request a8b0c951-8516-4fbd-8806-8be2a314dd75: 79 ms
Input: 1000000,
Cold Start: false
Unique ID: f7bdfa03-b962-4476-85ad-fe5b2f7d912c,
Billed Duration for Request f7bdfa03-b962-4476-85ad-fe5b2f7d912c: 110 ms
Input: 1000000,
Cold Start: false
Unique ID: dd2110ce-e289-47c1-9ebd-81e82dd71286,
Billed Duration for Request dd2110ce-e289-47c1-9ebd-81e82dd71286: 73 ms
Input: 1000000,
Cold Start: false
Unique ID: c8d016c4-76c3-4ffe-a82c-017cd4610e99,
Billed Duration for Request c8d016c4-76c3-4ffe-a82c-017cd4610e99: 95 ms
Input: 1000000,
Cold Start: false
Unique ID: 16761487-a8ea-4ce8-925a-4758e728acf6,
Billed Duration for Request 16761487-a8ea-4ce8-925a-4758e728acf6: 82 ms
Input: 1000000,
Cold Start: false
Unique ID: aabed97b-3666-446f-86b7-4c60b841d3f8,
Billed Duration for Request aabed97b-3666-446f-86b7-4c60b841d3f8: 92 ms
Input: 1000000,
Cold Start: false
Unique ID: 104ceea7-744b-415b-8f30-8354fa2bb67c,
Billed Duration for Request 104ceea7-744b-415b-8f30-8354fa2bb67c: 98 ms
Input: 1000000,
Cold Start: false
Unique ID: 04b74502-af9a-4805-9ceb-d67bf8ab9d6a,
Billed Duration for Request 04b74502-af9a-4805-9ceb-d67bf8ab9d6a: 115 ms
Input: 1000000,
Cold Start: false
Unique ID: 7ec1fee0-a1cc-4100-9454-2364efa54f60,
Billed Duration for Request 7ec1fee0-a1cc-4100-9454-2364efa54f60: 79 ms
Input: 1000000,
Cold Start: false
Unique ID: aabc8354-6053-483c-a022-9ddd37a4343d,
Billed Duration for Request aabc8354-6053-483c-a022-9ddd37a4343d: 94 ms
Input: 1000000,
Cold Start: false
Unique ID: a3131f69-6cdd-4805-a46b-c61e77588487,
Billed Duration for Request a3131f69-6cdd-4805-a46b-c61e77588487: 78 ms
Input: 1000000,
Cold Start: false
Unique ID: f2ffb080-49bc-4374-b6c3-ea93a965ee64,
Billed Duration for Request f2ffb080-49bc-4374-b6c3-ea93a965ee64: 90 ms
Input: 1000000,
Cold Start: false
Unique ID: 181c7328-20b5-491a-9f70-8137cef6bc60,
Billed Duration for Request 181c7328-20b5-491a-9f70-8137cef6bc60: 78 ms
Input: 1000000,
Cold Start: false
Unique ID: b8a1d5f4-f622-4265-9252-83d9c70a59db,
Billed Duration for Request b8a1d5f4-f622-4265-9252-83d9c70a59db: 90 ms
Input: 1000000,
Cold Start: false
Unique ID: a1273ec7-b808-4a66-b654-f0166b9e68b0,
Billed Duration for Request a1273ec7-b808-4a66-b654-f0166b9e68b0: 113 ms
Input: 1000000,
Cold Start: false
Unique ID: 30e39461-8704-41ab-ba5a-5e7c1a6cc6fc,
Billed Duration for Request 30e39461-8704-41ab-ba5a-5e7c1a6cc6fc: 76 ms
Input: 1000000,
Cold Start: false
Unique ID: 0d05adf1-e315-444c-ab3e-27c3c631c8a1,
Billed Duration for Request 0d05adf1-e315-444c-ab3e-27c3c631c8a1: 84 ms
Input: 1000000,
Cold Start: false
Unique ID: 046f44fb-4f2c-478b-8d0b-2e86840931ce,
Billed Duration for Request 046f44fb-4f2c-478b-8d0b-2e86840931ce: 86 ms
Input: 1000000,
Cold Start: false
Unique ID: 258bb850-d0f2-4b03-9336-18e60d2172c5,
Billed Duration for Request 258bb850-d0f2-4b03-9336-18e60d2172c5: 102 ms
Input: 1000000,
Cold Start: false
Unique ID: b2001920-8a59-4122-9194-652060ea0af1,
Billed Duration for Request b2001920-8a59-4122-9194-652060ea0af1: 94 ms
Input: 1000000,
Cold Start: false
Unique ID: ff3a1ced-2e6a-41f7-a4e3-6e3ccefb5804,
Billed Duration for Request ff3a1ced-2e6a-41f7-a4e3-6e3ccefb5804: 82 ms
Input: 1000000,
Cold Start: false
Unique ID: d570224a-41f1-42d9-96b0-6a7a5e4202c1,
Billed Duration for Request d570224a-41f1-42d9-96b0-6a7a5e4202c1: 92 ms
Input: 1000000,
Cold Start: false
Unique ID: bd3f8bea-1b98-486f-a103-d6acc78fcb27,
Billed Duration for Request bd3f8bea-1b98-486f-a103-d6acc78fcb27: 74 ms
Input: 1000000,
Cold Start: false
Unique ID: 2afce9f6-4e10-4ece-adf8-c019e07c0541,
Billed Duration for Request 2afce9f6-4e10-4ece-adf8-c019e07c0541: 85 ms
Input: 1000000,
Cold Start: false
Unique ID: a2fe0dfe-1b24-49ff-bd2d-7f96a863eb75,
Billed Duration for Request a2fe0dfe-1b24-49ff-bd2d-7f96a863eb75: 74 ms
Input: 1000000,
Cold Start: false
Unique ID: 2fdd38de-e67c-4cc0-abc9-77882fc47a7d,
Billed Duration for Request 2fdd38de-e67c-4cc0-abc9-77882fc47a7d: 109 ms
Input: 1000000,
Cold Start: false
Unique ID: 37fc1d5a-bb85-465a-b5fc-6be5c98b6fb5,
Billed Duration for Request 37fc1d5a-bb85-465a-b5fc-6be5c98b6fb5: 82 ms
Input: 1000000,
Cold Start: false
Unique ID: 922e3dbf-a7cd-488e-8fc3-5d67296b731e,
Billed Duration for Request 922e3dbf-a7cd-488e-8fc3-5d67296b731e: 72 ms
Input: 1000000,
Cold Start: false
Unique ID: e629cabe-88ad-4c3e-9c9b-b181806e0864,
Billed Duration for Request e629cabe-88ad-4c3e-9c9b-b181806e0864: 95 ms
Input: 1000000,
Cold Start: false
Unique ID: a62408cc-e39e-4763-80d3-c8c9dc4a9bbf,
Billed Duration for Request a62408cc-e39e-4763-80d3-c8c9dc4a9bbf: 97 ms
Input: 1000000,
Cold Start: false
Unique ID: e589016f-0608-4fc8-b2ff-080aa4a01573,
Billed Duration for Request e589016f-0608-4fc8-b2ff-080aa4a01573: 93 ms
Input: 1000000,
Cold Start: false
Unique ID: 3b8e1aa0-7ffa-4c66-9e6e-910d0411351e,
Billed Duration for Request 3b8e1aa0-7ffa-4c66-9e6e-910d0411351e: 127 ms
Input: 1000000,
Cold Start: false
Unique ID: c54a06f2-ec56-4b6e-b465-fcb082fbaf87,
Billed Duration for Request c54a06f2-ec56-4b6e-b465-fcb082fbaf87: 79 ms
Input: 1000000,
Cold Start: false
Unique ID: 6258515c-8268-434e-bff1-f7df30e56ba1,
Billed Duration for Request 6258515c-8268-434e-bff1-f7df30e56ba1: 70 ms
Input: 1000000,
Cold Start: false
Unique ID: a9825248-299b-4855-863c-7b5be5e5e218,
Billed Duration for Request a9825248-299b-4855-863c-7b5be5e5e218: 116 ms
Input: 1000000,
Cold Start: false
Unique ID: 399565e5-ffe5-45af-871b-f99c89bb6380,
Billed Duration for Request 399565e5-ffe5-45af-871b-f99c89bb6380: 107 ms
Input: 1000000,
Cold Start: false
Unique ID: 322bf6c2-8703-420b-87a8-8c750c8f3cd4,
Billed Duration for Request 322bf6c2-8703-420b-87a8-8c750c8f3cd4: 98 ms
Input: 1000000,
Cold Start: false
Unique ID: 3fdf868b-466c-4fad-92d9-145357dda769,
Billed Duration for Request 3fdf868b-466c-4fad-92d9-145357dda769: 86 ms
Input: 1000000,
Cold Start: false
Unique ID: f598373d-b6d4-4c60-9731-17916cdfc20d,
Billed Duration for Request f598373d-b6d4-4c60-9731-17916cdfc20d: 76 ms
Input: 1000000,
Cold Start: false
Unique ID: 6e8189df-9fa3-43bb-8ff1-884b7eb2987f,
Billed Duration for Request 6e8189df-9fa3-43bb-8ff1-884b7eb2987f: 72 ms
Input: 1000000,
Cold Start: false
Unique ID: 17f76685-78c5-4518-b147-2f2b3067236f,
Billed Duration for Request 17f76685-78c5-4518-b147-2f2b3067236f: 75 ms
Input: 1000000,
Cold Start: false
Unique ID: a9f03f0e-1d05-4f25-a530-7fa807049e48,
Billed Duration for Request a9f03f0e-1d05-4f25-a530-7fa807049e48: 93 ms
Input: 1000000,
Cold Start: false
Unique ID: 3b1210af-6eb7-4856-bba3-51d6b5307bee,
Billed Duration for Request 3b1210af-6eb7-4856-bba3-51d6b5307bee: 120 ms
Input: 1000000,
Cold Start: false
Unique ID: beaf7160-97d2-479f-aa1a-1bdf2c3e57f2,
Billed Duration for Request beaf7160-97d2-479f-aa1a-1bdf2c3e57f2: 69 ms
Input: 1000000,
Cold Start: false
Unique ID: d17aef6e-a775-4775-9438-e3c7d976218a,
Billed Duration for Request d17aef6e-a775-4775-9438-e3c7d976218a: 99 ms
Input: 1000000,
Cold Start: false
Unique ID: 6b600768-ae1e-47d9-b694-4c227d266182,
Billed Duration for Request 6b600768-ae1e-47d9-b694-4c227d266182: 90 ms
Input: 1000000,
Cold Start: false
Unique ID: e907261d-0f75-4e46-8822-ef55bc151019,
Billed Duration for Request e907261d-0f75-4e46-8822-ef55bc151019: 74 ms
Input: 1000000,
Cold Start: false
Unique ID: f63ad430-13dd-4eaa-9760-5eead9a3949e,
Billed Duration for Request f63ad430-13dd-4eaa-9760-5eead9a3949e: 92 ms
Input: 1000000,
Cold Start: false
Unique ID: dbbc7da7-65f2-47e1-96c8-76a9da77dfec,
Billed Duration for Request dbbc7da7-65f2-47e1-96c8-76a9da77dfec: 94 ms
Input: 1000000,
Cold Start: false
Unique ID: b06349a2-6ac2-4411-8a20-80e8d5d6b080,
Billed Duration for Request b06349a2-6ac2-4411-8a20-80e8d5d6b080: 131 ms
Input: 1000000,
Cold Start: false
Unique ID: 1aa609a4-1d0a-40c1-a341-21b900f726a4,
Billed Duration for Request 1aa609a4-1d0a-40c1-a341-21b900f726a4: 94 ms
Input: 1000000,
Cold Start: false
Unique ID: ab5e5079-6914-411f-ad3f-a486074c3614,
Billed Duration for Request ab5e5079-6914-411f-ad3f-a486074c3614: 95 ms
Input: 1000000,
Cold Start: false
Unique ID: ac253982-ce79-4414-855f-be4b801db956,
Billed Duration for Request ac253982-ce79-4414-855f-be4b801db956: 76 ms
Input: 1000000,
Cold Start: false
Unique ID: f5e59866-0622-4d02-ae73-e2461f5150d9,
Billed Duration for Request f5e59866-0622-4d02-ae73-e2461f5150d9: 73 ms
Input: 1000000,
Cold Start: false
Unique ID: 1e1900e1-d9ab-4014-b9e5-6bd5f8e549aa,
Billed Duration for Request 1e1900e1-d9ab-4014-b9e5-6bd5f8e549aa: 154 ms
Input: 1000000,
Cold Start: false
Unique ID: 07b8eb87-7d74-4232-99c6-d65100e5d9fb,
Billed Duration for Request 07b8eb87-7d74-4232-99c6-d65100e5d9fb: 134 ms
Input: 1000000,
Cold Start: false
Unique ID: 155c82bf-639a-4922-b42c-3fa1cedf0996,
Billed Duration for Request 155c82bf-639a-4922-b42c-3fa1cedf0996: 71 ms
Input: 1000000,
Cold Start: false
Unique ID: e75a19d5-2f7d-4223-9216-165ee7b6692a,
Billed Duration for Request e75a19d5-2f7d-4223-9216-165ee7b6692a: 107 ms
Input: 1000000,
Cold Start: false
Unique ID: 11952d09-c804-47e8-b8e6-071de318441b,
Billed Duration for Request 11952d09-c804-47e8-b8e6-071de318441b: 113 ms
Input: 1000000,
Cold Start: false
Unique ID: cf4b0999-dee9-40c5-a1f1-58a3fb7f1899,
Billed Duration for Request cf4b0999-dee9-40c5-a1f1-58a3fb7f1899: 90 ms
Input: 1000000,
Cold Start: false
Unique ID: 1233bbd5-f506-45b0-bb58-a021c09893b4,
Billed Duration for Request 1233bbd5-f506-45b0-bb58-a021c09893b4: 99 ms
Input: 1000000,
Cold Start: false
Unique ID: 7d7a3a1d-957b-4e2e-931b-aa21cc44d490,
Billed Duration for Request 7d7a3a1d-957b-4e2e-931b-aa21cc44d490: 114 ms
Input: 1000000,
Cold Start: false
Unique ID: 1c96adfc-93c7-4e22-99b3-acc974e5c0a5,
Billed Duration for Request 1c96adfc-93c7-4e22-99b3-acc974e5c0a5: 117 ms
Input: 1000000,
Cold Start: false
Unique ID: 6573ef6d-a8b2-4fdc-a4ec-83196b493920,
Billed Duration for Request 6573ef6d-a8b2-4fdc-a4ec-83196b493920: 104 ms
Input: 1000000,
Cold Start: false
Unique ID: cf486b62-3939-4462-91cf-f41b983bb824,
Billed Duration for Request cf486b62-3939-4462-91cf-f41b983bb824: 76 ms
Input: 1000000,
Cold Start: false
Unique ID: e846aecd-416b-49eb-b743-6043d613b34e,
Billed Duration for Request e846aecd-416b-49eb-b743-6043d613b34e: 109 ms
Input: 1000000,
Cold Start: false
Unique ID: 417c9885-b2dd-44e2-99cd-473be112759e,
Billed Duration for Request 417c9885-b2dd-44e2-99cd-473be112759e: 78 ms
Input: 1000000,
Cold Start: false
Unique ID: a0706ba8-45e8-4a32-812e-b59d71733681,
Billed Duration for Request a0706ba8-45e8-4a32-812e-b59d71733681: 67 ms
Input: 1000000,
Cold Start: false
Unique ID: e4c2c643-546a-4290-a500-69df70b01ac6,
Billed Duration for Request e4c2c643-546a-4290-a500-69df70b01ac6: 112 ms
Input: 1000000,
Cold Start: false
Unique ID: 5f706202-64ed-4536-8e2d-0d6fc962ed6e,
Billed Duration for Request 5f706202-64ed-4536-8e2d-0d6fc962ed6e: 109 ms
Input: 1000000,
Cold Start: false
Unique ID: 75f67300-f52e-454a-97d9-fc4cda436b1a,
Billed Duration for Request 75f67300-f52e-454a-97d9-fc4cda436b1a: 74 ms
Input: 1000000,
Cold Start: false
Unique ID: 1e1988ba-1b3b-436a-95b0-672eebb61355,
Billed Duration for Request 1e1988ba-1b3b-436a-95b0-672eebb61355: 65 ms
Input: 1000000,
Cold Start: false
Unique ID: 9dd299db-8112-4b12-8775-f04601737e7c,
Billed Duration for Request 9dd299db-8112-4b12-8775-f04601737e7c: 107 ms
Input: 1000000,
Cold Start: false
Unique ID: f2ea0112-9bab-4468-a0e4-ed30ed08253f,
Billed Duration for Request f2ea0112-9bab-4468-a0e4-ed30ed08253f: 112 ms
Input: 1000000,
Cold Start: false
Unique ID: 3d09d5b3-2e6e-4995-83a5-576de4fe7d49,
Billed Duration for Request 3d09d5b3-2e6e-4995-83a5-576de4fe7d49: 89 ms
Input: 1000000,
Cold Start: false
Unique ID: 631edd6c-3452-4ce9-a31f-80d10e20b2df,
Billed Duration for Request 631edd6c-3452-4ce9-a31f-80d10e20b2df: 92 ms
Input: 1000000,
Cold Start: false
Unique ID: 1d86944b-4422-4025-ac18-d542adee3b39,
Billed Duration for Request 1d86944b-4422-4025-ac18-d542adee3b39: 106 ms
Input: 1000000,
Cold Start: false
Unique ID: 47c8a3da-c819-4621-bf53-31549de4d072,
Billed Duration for Request 47c8a3da-c819-4621-bf53-31549de4d072: 131 ms
Input: 1000000,
Cold Start: false
Unique ID: c0dae0c3-6b9e-4c8b-8dcf-f917cdadd1fa,
Billed Duration for Request c0dae0c3-6b9e-4c8b-8dcf-f917cdadd1fa: 95 ms
Input: 1000000,
Cold Start: false
Unique ID: eeee7495-5fc0-4e11-9e4c-16f23ea54c45,
Billed Duration for Request eeee7495-5fc0-4e11-9e4c-16f23ea54c45: 70 ms
Input: 1000000,
Cold Start: false
Unique ID: 1035f1b7-d7cf-4027-b514-486b9b695057,
Billed Duration for Request 1035f1b7-d7cf-4027-b514-486b9b695057: 122 ms
Input: 1000000,
Cold Start: false
Unique ID: cfd2c654-cf8e-41ee-876e-ea3e76ffa7c3,
Billed Duration for Request cfd2c654-cf8e-41ee-876e-ea3e76ffa7c3: 110 ms
Input: 1000000,
Cold Start: false
Unique ID: 144ad489-bd32-4987-9e7c-d4e43b21539e,
Billed Duration for Request 144ad489-bd32-4987-9e7c-d4e43b21539e: 112 ms
Input: 1000000,
Cold Start: false
Unique ID: 18404e58-2fcf-4b52-93da-0c0f07ba9ea5,
Billed Duration for Request 18404e58-2fcf-4b52-93da-0c0f07ba9ea5: 87 ms
Input: 1000000,
Cold Start: false
Unique ID: 8771ffbf-2519-4fca-a167-2f8588bb01a3,
Billed Duration for Request 8771ffbf-2519-4fca-a167-2f8588bb01a3: 113 ms
Input: 1000000,
Cold Start: false
Unique ID: 5661000c-1054-4bb9-8c16-6bee5b7a2af5,
Billed Duration for Request 5661000c-1054-4bb9-8c16-6bee5b7a2af5: 90 ms
Input: 1000000,
Cold Start: false
Unique ID: e7cdf143-c117-42ec-a086-9b3837e4c9a1,
Billed Duration for Request e7cdf143-c117-42ec-a086-9b3837e4c9a1: 121 ms
Input: 1000000,
Cold Start: false
Unique ID: 96612759-8766-4253-8196-82624a4b8a81,
Billed Duration for Request 96612759-8766-4253-8196-82624a4b8a81: 87 ms
Input: 1000000,
Cold Start: false
Unique ID: e4e1d38b-f2cd-4182-aff7-688b732fecf0,
Billed Duration for Request e4e1d38b-f2cd-4182-aff7-688b732fecf0: 92 ms
Input: 1000000,
Cold Start: false
Unique ID: f05fdfeb-685a-4406-9be7-80a84b028081,
Billed Duration for Request f05fdfeb-685a-4406-9be7-80a84b028081: 92 ms
Input: 1000000,
Cold Start: false
Unique ID: b784746a-691b-4a1c-bc2f-f5818632f30e,
Billed Duration for Request b784746a-691b-4a1c-bc2f-f5818632f30e: 78 ms
Input: 1000000,
Cold Start: false
Unique ID: 17acdaad-cbb0-487f-9e72-1a3a6709cdad,
Billed Duration for Request 17acdaad-cbb0-487f-9e72-1a3a6709cdad: 127 ms
Input: 1000000,
Cold Start: false
Unique ID: 7ea9708f-2865-4b25-b0ca-5c258eda2812,
Billed Duration for Request 7ea9708f-2865-4b25-b0ca-5c258eda2812: 115 ms
Input: 1000000,
Cold Start: false
Unique ID: 7ea893df-0725-4264-88a2-efcd3d3b1d3e,
Billed Duration for Request 7ea893df-0725-4264-88a2-efcd3d3b1d3e: 94 ms
Input: 1000000,
Cold Start: false
Unique ID: 72860ff0-06aa-482d-958c-f9916a35e6a7,
Billed Duration for Request 72860ff0-06aa-482d-958c-f9916a35e6a7: 72 ms
Input: 1000000,
Cold Start: false
Unique ID: c361c0b4-5d82-449c-9222-1b611c6a6709,
Billed Duration for Request c361c0b4-5d82-449c-9222-1b611c6a6709: 89 ms
Input: 1000000,
Cold Start: false
Unique ID: 37b86bbe-7b36-4bdd-91cb-14a94d12cf68,
Billed Duration for Request 37b86bbe-7b36-4bdd-91cb-14a94d12cf68: 95 ms
Input: 1000000,
Cold Start: false
Unique ID: 57f50e91-e88f-46d1-9b42-71292b329053,
Billed Duration for Request 57f50e91-e88f-46d1-9b42-71292b329053: 87 ms
Input: 1000000,
Cold Start: false
Unique ID: a5c3d512-f28e-4bd7-a130-3eb16465588e,
Billed Duration for Request a5c3d512-f28e-4bd7-a130-3eb16465588e: 109 ms
Input: 1000000,
Cold Start: false
Unique ID: 23d0346b-2e8a-4c0c-b851-232191c4db54,
Billed Duration for Request 23d0346b-2e8a-4c0c-b851-232191c4db54: 104 ms
Input: 1000000,
Cold Start: false
Unique ID: 7e682669-aab0-4e40-be95-3bcd23849c4e,
Billed Duration for Request 7e682669-aab0-4e40-be95-3bcd23849c4e: 101 ms
Input: 1000000,
Cold Start: false
Unique ID: aa9d62e7-249c-4421-884d-c4f8f8e014cf,
Billed Duration for Request aa9d62e7-249c-4421-884d-c4f8f8e014cf: 80 ms
Input: 1000000,
Cold Start: false
Unique ID: f78e71a9-6c51-44fd-897a-949c686a2d86,
Billed Duration for Request f78e71a9-6c51-44fd-897a-949c686a2d86: 99 ms
Input: 1000000,
Cold Start: false
Unique ID: d1d20940-4936-4c2c-a44f-497bb7d19ed7,
Billed Duration for Request d1d20940-4936-4c2c-a44f-497bb7d19ed7: 89 ms
Input: 1000000,
Cold Start: false
Unique ID: 7757ee19-d9df-4735-ac7f-1653ecefe9ec,
Billed Duration for Request 7757ee19-d9df-4735-ac7f-1653ecefe9ec: 134 ms
Input: 1000000,
Cold Start: false
Unique ID: 30fbb876-b3d3-4c8a-97b5-18089313525a,
Billed Duration for Request 30fbb876-b3d3-4c8a-97b5-18089313525a: 71 ms
Input: 1000000,
Cold Start: false
Unique ID: b6253f54-4177-4775-9ccc-093035c12262,
Billed Duration for Request b6253f54-4177-4775-9ccc-093035c12262: 79 ms
Input: 1000000,
Cold Start: false
Unique ID: e6f9ed27-4114-4f47-a4ed-1deaae16080f,
Billed Duration for Request e6f9ed27-4114-4f47-a4ed-1deaae16080f: 109 ms
Input: 1000000,
Cold Start: false
Unique ID: 2250d3b2-96c6-460e-9af5-2857cdf5bef2,
Billed Duration for Request 2250d3b2-96c6-460e-9af5-2857cdf5bef2: 79 ms
Input: 1000000,
Cold Start: false
Unique ID: 2008a876-026a-4061-a40c-40331110913b,
Billed Duration for Request 2008a876-026a-4061-a40c-40331110913b: 112 ms
Input: 1000000,
Cold Start: false
Unique ID: cfdaf864-f14d-4d1b-aa4f-086387120e5b,
Billed Duration for Request cfdaf864-f14d-4d1b-aa4f-086387120e5b: 79 ms
Input: 1000000,
Cold Start: false
Unique ID: f811d428-d661-450c-bacb-468f1f5c7eea,
Billed Duration for Request f811d428-d661-450c-bacb-468f1f5c7eea: 90 ms
Input: 1000000,
Cold Start: false
Unique ID: e3ea78af-2ebf-48c0-a6e4-568ce8901f3f,
Billed Duration for Request e3ea78af-2ebf-48c0-a6e4-568ce8901f3f: 66 ms
Input: 1000000,
Cold Start: false
Unique ID: e35f37a8-0cb6-41ce-8c3d-70a273cd6198,
Billed Duration for Request e35f37a8-0cb6-41ce-8c3d-70a273cd6198: 77 ms
Input: 1000000,
Cold Start: false
Unique ID: 853e65ad-4d68-4569-9203-20918f28e11d,
Billed Duration for Request 853e65ad-4d68-4569-9203-20918f28e11d: 97 ms
Input: 1000000,
Cold Start: false
Unique ID: ec4024df-5f7c-4d0e-830f-74944ce50d82,
Billed Duration for Request ec4024df-5f7c-4d0e-830f-74944ce50d82: 92 ms
Input: 1000000,
Cold Start: false
Unique ID: ac178bd4-84d1-4235-ae60-5a5fbf84f8ec,
Billed Duration for Request ac178bd4-84d1-4235-ae60-5a5fbf84f8ec: 74 ms
Input: 1000000,
Cold Start: false
Unique ID: 69007588-9836-4b9e-828e-81412684ead1,
Billed Duration for Request 69007588-9836-4b9e-828e-81412684ead1: 130 ms
Input: 1000000,
Cold Start: false
Unique ID: c6230ff2-2ca6-4406-bcc9-ee55d8aca1fa,
Billed Duration for Request c6230ff2-2ca6-4406-bcc9-ee55d8aca1fa: 120 ms
Input: 1000000,
Cold Start: false
Unique ID: eb3bba22-37ce-4968-a84a-c32c22117d2f,
Billed Duration for Request eb3bba22-37ce-4968-a84a-c32c22117d2f: 108 ms
Input: 1000000,
Cold Start: false
Unique ID: 0076cf82-6c15-4572-8922-3e9d95b9b32b,
Billed Duration for Request 0076cf82-6c15-4572-8922-3e9d95b9b32b: 99 ms
Input: 1000000,
Cold Start: false
Unique ID: 2cde6980-863b-47cb-bf6e-ece21cad24cf,
Billed Duration for Request 2cde6980-863b-47cb-bf6e-ece21cad24cf: 70 ms
Input: 1000000,
Cold Start: false
Unique ID: f9cd3764-8d5f-4dab-903e-13900da1e162,
Billed Duration for Request f9cd3764-8d5f-4dab-903e-13900da1e162: 91 ms
Input: 1000000,
Cold Start: false
Unique ID: 2e94985c-e6bf-4187-b051-9d3f8f09852a,
Billed Duration for Request 2e94985c-e6bf-4187-b051-9d3f8f09852a: 138 ms
Input: 1000000,
Cold Start: false
Unique ID: 740c52f8-3a58-4da7-95ef-fb5d4006a7c4,
Billed Duration for Request 740c52f8-3a58-4da7-95ef-fb5d4006a7c4: 78 ms
Input: 1000000,
Cold Start: false
Unique ID: 7d226322-f6ef-4f86-ad3a-d052eebfb2d6,
Billed Duration for Request 7d226322-f6ef-4f86-ad3a-d052eebfb2d6: 90 ms
Input: 1000000,
Cold Start: false
Unique ID: 177390a7-fa83-4e2a-8bb9-5de03614c01e,
Billed Duration for Request 177390a7-fa83-4e2a-8bb9-5de03614c01e: 95 ms
Input: 1000000,
Cold Start: false
Unique ID: efcde3f9-ce2c-48ab-a82c-05d48bec9c41,
Billed Duration for Request efcde3f9-ce2c-48ab-a82c-05d48bec9c41: 66 ms
Input: 1000000,
Cold Start: false
Unique ID: 77ce4033-8a16-4a51-8c29-57fa6678978f,
Billed Duration for Request 77ce4033-8a16-4a51-8c29-57fa6678978f: 136 ms
Input: 1000000,
Cold Start: false
Unique ID: 6a5c2ce0-7bc7-427e-a6bb-f6eac012301d,
Billed Duration for Request 6a5c2ce0-7bc7-427e-a6bb-f6eac012301d: 70 ms
Input: 1000000,
Cold Start: false
Unique ID: 6cd9b40c-2a84-4158-9178-169886b258e4,
Billed Duration for Request 6cd9b40c-2a84-4158-9178-169886b258e4: 95 ms
Input: 1000000,
Cold Start: false
Unique ID: e7d90577-19e6-4547-a4af-69e7ea5aaf3d,
Billed Duration for Request e7d90577-19e6-4547-a4af-69e7ea5aaf3d: 107 ms
Input: 1000000,
Cold Start: false
Unique ID: 47a430ed-7bc9-4f0e-8940-8913d7b07ad0,
Billed Duration for Request 47a430ed-7bc9-4f0e-8940-8913d7b07ad0: 85 ms
Input: 1000000,
Cold Start: false
Unique ID: 557dfd8a-df6d-42b5-a774-1f0eb874eb4e,
Billed Duration for Request 557dfd8a-df6d-42b5-a774-1f0eb874eb4e: 111 ms
Input: 1000000,
Cold Start: false
Unique ID: d3225e6a-ed6f-478c-bc55-3cfecfd92ab9,
Billed Duration for Request d3225e6a-ed6f-478c-bc55-3cfecfd92ab9: 96 ms
Input: 1000000,
Cold Start: false
Unique ID: ced65106-b44b-410a-b899-f10f35af8f47,
Billed Duration for Request ced65106-b44b-410a-b899-f10f35af8f47: 72 ms
Input: 1000000,
Cold Start: false
Unique ID: 2aee1d70-f08c-44fd-9c57-7e468570cb69,
Billed Duration for Request 2aee1d70-f08c-44fd-9c57-7e468570cb69: 86 ms
Input: 1000000,
Cold Start: false
Unique ID: 899dd4ca-96b8-47ff-9530-6aa41ccb0c80,
Billed Duration for Request 899dd4ca-96b8-47ff-9530-6aa41ccb0c80: 86 ms
Input: 1000000,
Cold Start: false
Unique ID: fa20ebb3-e096-4e61-bedf-5d6d44e80563,
Billed Duration for Request fa20ebb3-e096-4e61-bedf-5d6d44e80563: 101 ms
Input: 1000000,
Cold Start: false
Unique ID: 5fbe97fc-d451-4bef-b494-9b041fb012f3,
Billed Duration for Request 5fbe97fc-d451-4bef-b494-9b041fb012f3: 118 ms
Input: 1000000,
Cold Start: false
Unique ID: e65ab502-d8ff-4973-bf79-0111a210e559,
Billed Duration for Request e65ab502-d8ff-4973-bf79-0111a210e559: 78 ms
Input: 1000000,
Cold Start: false
Unique ID: baefe372-08d6-4b08-a201-03b75605b969,
Billed Duration for Request baefe372-08d6-4b08-a201-03b75605b969: 89 ms
Input: 1000000,
Cold Start: false
Unique ID: 3be87f61-827a-4a41-a0d5-44528694c7a0,
Billed Duration for Request 3be87f61-827a-4a41-a0d5-44528694c7a0: 115 ms
Input: 1000000,
Cold Start: false
Unique ID: f593bb68-9abf-4203-9f6c-ce31dbc19c17,
Billed Duration for Request f593bb68-9abf-4203-9f6c-ce31dbc19c17: 128 ms
Input: 1000000,
Cold Start: false
Unique ID: f33aa1a6-837d-41e4-acba-9773802eded2,
Billed Duration for Request f33aa1a6-837d-41e4-acba-9773802eded2: 92 ms
Input: 1000000,
Cold Start: false
Unique ID: e92bda31-79a5-49ca-951e-7da4b69954a7,
Billed Duration for Request e92bda31-79a5-49ca-951e-7da4b69954a7: 89 ms
Input: 1000000,
Cold Start: false
Unique ID: 04e88912-6aad-43bf-ae46-4186b4622b8d,
Billed Duration for Request 04e88912-6aad-43bf-ae46-4186b4622b8d: 137 ms
Input: 1000000,
Cold Start: false
Unique ID: f52e72a6-378b-4eb8-88e7-4d0cbddb4f00,
Billed Duration for Request f52e72a6-378b-4eb8-88e7-4d0cbddb4f00: 88 ms
Input: 1000000,
Cold Start: false
Unique ID: 65976f62-6686-44f8-a226-8ddb271907f6,
Billed Duration for Request 65976f62-6686-44f8-a226-8ddb271907f6: 97 ms
Input: 1000000,
Cold Start: false
Unique ID: d8507e55-1812-45bb-be33-c3d566c611a6,
Billed Duration for Request d8507e55-1812-45bb-be33-c3d566c611a6: 70 ms
Input: 1000000,
Cold Start: false
Unique ID: e89a0e3b-9208-47df-b446-a1d5c3b00906,
Billed Duration for Request e89a0e3b-9208-47df-b446-a1d5c3b00906: 134 ms
Input: 1000000,
Cold Start: false
Unique ID: 63f2ab19-91b1-4918-a23d-db4697f88298,
Billed Duration for Request 63f2ab19-91b1-4918-a23d-db4697f88298: 129 ms
Input: 1000000,
Cold Start: false
Unique ID: 9c2f561c-52e2-44bb-a8d0-8fb0aef28a5c,
Billed Duration for Request 9c2f561c-52e2-44bb-a8d0-8fb0aef28a5c: 73 ms
Input: 1000000,
Cold Start: false
Unique ID: 6435f024-7abf-48a6-bac7-012c4ad6952d,
Billed Duration for Request 6435f024-7abf-48a6-bac7-012c4ad6952d: 109 ms
Input: 1000000,
Cold Start: false
Unique ID: 1436fc0e-2445-473b-9ca6-331b330bf0e6,
Billed Duration for Request 1436fc0e-2445-473b-9ca6-331b330bf0e6: 78 ms
Input: 1000000,
Cold Start: false
Unique ID: 880554e0-bb89-437e-8ab6-fcaeeb1992f5,
Billed Duration for Request 880554e0-bb89-437e-8ab6-fcaeeb1992f5: 107 ms
Input: 1000000,
Cold Start: false
Unique ID: 1b2e68e5-9fb4-4abd-8ec9-15b42aa886b5,
Billed Duration for Request 1b2e68e5-9fb4-4abd-8ec9-15b42aa886b5: 113 ms
Input: 1000000,
Cold Start: false
Unique ID: 09937d79-2975-4830-834f-711eca72a4f6,
Billed Duration for Request 09937d79-2975-4830-834f-711eca72a4f6: 110 ms
Input: 1000000,
Cold Start: false
Unique ID: 2dc06730-16f9-4965-b619-5e2cf00a5018,
Billed Duration for Request 2dc06730-16f9-4965-b619-5e2cf00a5018: 72 ms
Input: 1000000,
Cold Start: false
Unique ID: 79910aaf-fe78-416f-b191-ae41d459387e,
Billed Duration for Request 79910aaf-fe78-416f-b191-ae41d459387e: 66 ms
Input: 1000000,
Cold Start: false
Unique ID: fb629334-d750-4dec-a84b-e683c45034f6,
Billed Duration for Request fb629334-d750-4dec-a84b-e683c45034f6: 106 ms
Input: 1000000,
Cold Start: false
Unique ID: 1ae4f456-ba82-4b59-9f3e-748c380b58f8,
Billed Duration for Request 1ae4f456-ba82-4b59-9f3e-748c380b58f8: 151 ms
Input: 1000000,
Cold Start: false
Unique ID: ee742246-6115-4ede-9671-f7ef3f6bce93,
Billed Duration for Request ee742246-6115-4ede-9671-f7ef3f6bce93: 85 ms
Input: 1000000,
Cold Start: false
Unique ID: d8bcb821-37e8-4bf9-adf9-8fd0a3642ff9,
Billed Duration for Request d8bcb821-37e8-4bf9-adf9-8fd0a3642ff9: 90 ms
Input: 1000000,
Cold Start: false
Unique ID: 61677008-c07d-4b57-a4b8-741909acaa09,
Billed Duration for Request 61677008-c07d-4b57-a4b8-741909acaa09: 75 ms
Input: 1000000,
Cold Start: false
Unique ID: cd83eb74-86a9-461c-a99f-15dc630210ee,
Billed Duration for Request cd83eb74-86a9-461c-a99f-15dc630210ee: 93 ms
Input: 1000000,
Cold Start: false
Unique ID: 54403cf7-7527-462f-9283-0b9cff082d80,
Billed Duration for Request 54403cf7-7527-462f-9283-0b9cff082d80: 116 ms
Input: 1000000,
Cold Start: false
Unique ID: e7412176-ce91-4568-acc9-b4b308f89eac,
Billed Duration for Request e7412176-ce91-4568-acc9-b4b308f89eac: 89 ms
Input: 1000000,
Cold Start: false
Unique ID: 115ab676-be33-483a-af52-868f1fd438f6,
Billed Duration for Request 115ab676-be33-483a-af52-868f1fd438f6: 110 ms
Input: 1000000,
Cold Start: false
Unique ID: ce962216-e930-4a44-8c8a-aa2ae1b5826d,
Billed Duration for Request ce962216-e930-4a44-8c8a-aa2ae1b5826d: 71 ms
Input: 1000000,
Cold Start: false
Unique ID: 1ef58492-495a-4490-8f4c-ab2b14a9fbd2,
Billed Duration for Request 1ef58492-495a-4490-8f4c-ab2b14a9fbd2: 116 ms
Input: 1000000,
Cold Start: false
Unique ID: ed8e2d59-b921-441e-b4c5-3e227a414d14,
Billed Duration for Request ed8e2d59-b921-441e-b4c5-3e227a414d14: 89 ms
Input: 1000000,
Cold Start: false
Unique ID: 36338219-8e59-4b83-b57b-99b30364f2f3,
Billed Duration for Request 36338219-8e59-4b83-b57b-99b30364f2f3: 76 ms
Input: 1000000,
Cold Start: false
Unique ID: 01e5bf9e-7c51-423e-97eb-f8afb40d0c5b,
Billed Duration for Request 01e5bf9e-7c51-423e-97eb-f8afb40d0c5b: 75 ms
Input: 1000000,
Cold Start: false
Unique ID: c06fa2de-3056-4274-bccb-48458721f646,
Billed Duration for Request c06fa2de-3056-4274-bccb-48458721f646: 112 ms
Input: 1000000,
Cold Start: false
Unique ID: 1b353b9e-2143-4abb-b53c-3648eff4b6ad,
Billed Duration for Request 1b353b9e-2143-4abb-b53c-3648eff4b6ad: 126 ms
Input: 1000000,
Cold Start: false
Unique ID: 4402e6b7-93fd-4435-a6af-d9d5cddc7a72,
Billed Duration for Request 4402e6b7-93fd-4435-a6af-d9d5cddc7a72: 88 ms
Input: 1000000,
Cold Start: false
Unique ID: fc1cd620-672f-4b6d-8527-0c10da4cbee9,
Billed Duration for Request fc1cd620-672f-4b6d-8527-0c10da4cbee9: 93 ms
Input: 1000000,
Cold Start: false
Unique ID: 5967c00f-cea6-4a53-8d7b-9f5a2fc49bde,
Billed Duration for Request 5967c00f-cea6-4a53-8d7b-9f5a2fc49bde: 100 ms
Input: 1000000,
Cold Start: false
Unique ID: 7899508c-c341-4651-a5bf-638bdc1165c6,
Billed Duration for Request 7899508c-c341-4651-a5bf-638bdc1165c6: 89 ms
Input: 1000000,
Cold Start: false
Unique ID: 66d6a057-fe73-4285-adfe-a6f42a23f1ec,
Billed Duration for Request 66d6a057-fe73-4285-adfe-a6f42a23f1ec: 75 ms
Input: 1000000,
Cold Start: false
Unique ID: 57406858-824a-41d7-9105-36ae71a9d16d,
Billed Duration for Request 57406858-824a-41d7-9105-36ae71a9d16d: 90 ms
Input: 1000000,
Cold Start: false
Unique ID: 9e7ea02a-bfe3-4030-82e3-b99fdfe56f37,
Billed Duration for Request 9e7ea02a-bfe3-4030-82e3-b99fdfe56f37: 95 ms
Input: 1000000,
Cold Start: false
Unique ID: dbfee53d-b58c-48ad-b3fa-3c318d18d044,
Billed Duration for Request dbfee53d-b58c-48ad-b3fa-3c318d18d044: 121 ms
Input: 1000000,
Cold Start: false
Unique ID: 1efafde9-0066-433b-a74d-ddec0e6ab700,
Billed Duration for Request 1efafde9-0066-433b-a74d-ddec0e6ab700: 75 ms
Input: 1000000,
Cold Start: false
Unique ID: 0150c0ab-2a1b-4f2b-a859-d902bc5850a4,
Billed Duration for Request 0150c0ab-2a1b-4f2b-a859-d902bc5850a4: 110 ms
Input: 1000000,
Cold Start: false
Unique ID: 81714f48-431b-4c7b-9ee1-7afa5bbfcb04,
Billed Duration for Request 81714f48-431b-4c7b-9ee1-7afa5bbfcb04: 73 ms
Input: 1000000,
Cold Start: false
Unique ID: 0ee8e805-3683-40a1-a030-b9aaae57496f,
Billed Duration for Request 0ee8e805-3683-40a1-a030-b9aaae57496f: 104 ms
Input: 1000000,
Cold Start: false
Unique ID: 5f7e5a2a-8a1f-4b3e-9a56-69058c2310cd,
Billed Duration for Request 5f7e5a2a-8a1f-4b3e-9a56-69058c2310cd: 90 ms
Input: 1000000,
Cold Start: false
Unique ID: ac00e2bc-1df4-4028-92de-5102ab8269ce,
Billed Duration for Request ac00e2bc-1df4-4028-92de-5102ab8269ce: 152 ms
Input: 1000000,
Cold Start: false
Unique ID: 8a0ed75c-0f56-456b-880a-977216389cfd,
Billed Duration for Request 8a0ed75c-0f56-456b-880a-977216389cfd: 98 ms
Input: 1000000,
Cold Start: false
Unique ID: 8fa56091-60f8-4d01-be3d-9e936d39bcd7,
Billed Duration for Request 8fa56091-60f8-4d01-be3d-9e936d39bcd7: 104 ms
Input: 1000000,
Cold Start: false
Unique ID: a5d23698-511c-473b-a16d-555d3f61592e,
Billed Duration for Request a5d23698-511c-473b-a16d-555d3f61592e: 75 ms
Input: 1000000,
Cold Start: false
Unique ID: 64c0b9c3-b424-42bd-bf63-c61b42a873bd,
Billed Duration for Request 64c0b9c3-b424-42bd-bf63-c61b42a873bd: 130 ms
Input: 1000000,
Cold Start: false
Unique ID: 6d52e91c-453f-4b48-a245-403edbb4848a,
Billed Duration for Request 6d52e91c-453f-4b48-a245-403edbb4848a: 78 ms
Input: 1000000,
Cold Start: false
Unique ID: 138151ab-a932-41e2-a7df-e27517559e44,
Billed Duration for Request 138151ab-a932-41e2-a7df-e27517559e44: 109 ms
Input: 1000000,
Cold Start: false
Unique ID: b97ce1a0-2d0b-4732-aa6a-2a99e4df5312,
Billed Duration for Request b97ce1a0-2d0b-4732-aa6a-2a99e4df5312: 85 ms
Input: 1000000,
Cold Start: false
Unique ID: 66e3f08e-4a32-4cab-933f-512826c72041,
Billed Duration for Request 66e3f08e-4a32-4cab-933f-512826c72041: 92 ms
Input: 1000000,
Cold Start: false
Unique ID: fff92dda-f351-47f9-9ce2-050b76110b0a,
Billed Duration for Request fff92dda-f351-47f9-9ce2-050b76110b0a: 91 ms
Input: 1000000,
Cold Start: false
Unique ID: 9c52136e-dbd5-48d4-aed3-b28c158b31a3,
Billed Duration for Request 9c52136e-dbd5-48d4-aed3-b28c158b31a3: 113 ms
Input: 1000000,
Cold Start: false
Unique ID: 6be9028e-bd88-4028-b6fd-c07129a10b52,
Billed Duration for Request 6be9028e-bd88-4028-b6fd-c07129a10b52: 75 ms
Input: 1000000,
Cold Start: false
Unique ID: 11b3f78d-4e01-4482-b981-86b0031b58b9,
Billed Duration for Request 11b3f78d-4e01-4482-b981-86b0031b58b9: 90 ms
Input: 1000000,
Cold Start: false
Unique ID: b69acb58-08d9-4c6d-8ec5-1574fac13763,
Billed Duration for Request b69acb58-08d9-4c6d-8ec5-1574fac13763: 76 ms
Input: 1000000,
Cold Start: false
Unique ID: 21c9eb6a-0726-44b0-9400-6fb958b42330,
Billed Duration for Request 21c9eb6a-0726-44b0-9400-6fb958b42330: 135 ms
Input: 1000000,
Cold Start: false
Unique ID: 6b47e386-d7fd-40ad-9191-7d38e2b8b646,
Billed Duration for Request 6b47e386-d7fd-40ad-9191-7d38e2b8b646: 84 ms
Input: 1000000,
Cold Start: false
Unique ID: 24333ded-58c0-4714-b8cd-06c1c552eb8b,
Billed Duration for Request 24333ded-58c0-4714-b8cd-06c1c552eb8b: 137 ms
Input: 1000000,
Cold Start: false
Unique ID: 7b5a2aab-ee05-4149-ba80-88ba9fbde329,
Billed Duration for Request 7b5a2aab-ee05-4149-ba80-88ba9fbde329: 122 ms
Input: 1000000,
Cold Start: false
Unique ID: 25613566-4e27-4363-9802-ef8041fecfba,
Billed Duration for Request 25613566-4e27-4363-9802-ef8041fecfba: 87 ms
Input: 1000000,
Cold Start: false
Unique ID: 507c2d49-fbe3-4a44-a04f-6032c5736380,
Billed Duration for Request 507c2d49-fbe3-4a44-a04f-6032c5736380: 70 ms
Input: 1000000,
Cold Start: false
Unique ID: f6f650d5-987d-4766-8fa3-f8a13fd37e11,
Billed Duration for Request f6f650d5-987d-4766-8fa3-f8a13fd37e11: 139 ms
Input: 1000000,
Cold Start: false
Unique ID: c195554c-f8b7-482c-9090-6c6078f2a9f3,
Billed Duration for Request c195554c-f8b7-482c-9090-6c6078f2a9f3: 83 ms
Input: 1000000,
Cold Start: false
Unique ID: 45fe3447-bb79-412a-99cc-d2d5710ce1e8,
Billed Duration for Request 45fe3447-bb79-412a-99cc-d2d5710ce1e8: 107 ms
Input: 1000000,
Cold Start: false
Unique ID: a594175d-6854-4acc-8819-b62d8e68373c,
Billed Duration for Request a594175d-6854-4acc-8819-b62d8e68373c: 99 ms
Input: 1000000,
Cold Start: false
Unique ID: 79c98ea1-7fb3-4b18-ae2a-bb4b17e16682,
Billed Duration for Request 79c98ea1-7fb3-4b18-ae2a-bb4b17e16682: 109 ms
Input: 1000000,
Cold Start: false
Unique ID: e93a1a28-6b3f-4502-b44c-c16abcd7ba88,
Billed Duration for Request e93a1a28-6b3f-4502-b44c-c16abcd7ba88: 117 ms
Input: 1000000,
Cold Start: false
Unique ID: d31462f6-5923-4148-bc31-8157d2f022ea,
Billed Duration for Request d31462f6-5923-4148-bc31-8157d2f022ea: 72 ms
Input: 1000000,
Cold Start: false
Unique ID: af3524d9-fb88-4d62-9791-047c844f5fc3,
Billed Duration for Request af3524d9-fb88-4d62-9791-047c844f5fc3: 82 ms
Input: 1000000,
Cold Start: false
Unique ID: c4fb81c5-5bd4-4199-b09a-f6a75af60891,
Billed Duration for Request c4fb81c5-5bd4-4199-b09a-f6a75af60891: 130 ms
Input: 1000000,
Cold Start: false
Unique ID: ade85eb2-f217-4972-b1ff-657ed05f70e0,
Billed Duration for Request ade85eb2-f217-4972-b1ff-657ed05f70e0: 78 ms
Input: 1000000,
Cold Start: false
Unique ID: 0ddaa129-ea48-44a3-a3ee-b6e28194be9b,
Billed Duration for Request 0ddaa129-ea48-44a3-a3ee-b6e28194be9b: 118 ms
Input: 1000000,
Cold Start: false
Unique ID: 19df7772-0b35-49fd-8b1c-29072242804c,
Billed Duration for Request 19df7772-0b35-49fd-8b1c-29072242804c: 89 ms
Input: 1000000,
Cold Start: false
Unique ID: b3762f86-1f59-4fd2-a20d-d9edd4c77c7f,
Billed Duration for Request b3762f86-1f59-4fd2-a20d-d9edd4c77c7f: 71 ms
Input: 1000000,
Cold Start: false
Unique ID: 5faabb94-0759-4aac-a2e8-a82f2558fa87,
Billed Duration for Request 5faabb94-0759-4aac-a2e8-a82f2558fa87: 96 ms
Input: 1000000,
Cold Start: false
Unique ID: f71f2b54-f181-40e2-be63-17e007a0fd31,
Billed Duration for Request f71f2b54-f181-40e2-be63-17e007a0fd31: 87 ms
Input: 1000000,
Cold Start: false
Unique ID: af0e16e4-b495-4cb1-a040-84ff5bd20953,
Billed Duration for Request af0e16e4-b495-4cb1-a040-84ff5bd20953: 95 ms
Input: 1000000,
Cold Start: false
Unique ID: ef06ec9f-6daf-44d3-92e5-f1462f177a71,
Billed Duration for Request ef06ec9f-6daf-44d3-92e5-f1462f177a71: 94 ms
Input: 1000000,
Cold Start: false
Unique ID: 0e5cb9b1-f72a-46df-86c1-1fad4652b8d3,
Billed Duration for Request 0e5cb9b1-f72a-46df-86c1-1fad4652b8d3: 97 ms
Input: 1000000,
Cold Start: false
Unique ID: a8ddbaae-f719-471d-a9de-3b9f07ad6ad8,
Billed Duration for Request a8ddbaae-f719-471d-a9de-3b9f07ad6ad8: 91 ms
Input: 1000000,
Cold Start: false
Unique ID: d6a85a7b-d8c1-447e-b2b4-ae87efe36e5e,
Billed Duration for Request d6a85a7b-d8c1-447e-b2b4-ae87efe36e5e: 89 ms
Input: 1000000,
Cold Start: false
Unique ID: 6b84bb34-b3d1-4013-9374-2b361e0922ba,
Billed Duration for Request 6b84bb34-b3d1-4013-9374-2b361e0922ba: 93 ms
Input: 1000000,
Cold Start: false
Unique ID: c2343ec9-b617-42ca-a834-603f71f987fb,
Billed Duration for Request c2343ec9-b617-42ca-a834-603f71f987fb: 92 ms
Input: 1000000,
Cold Start: false
Unique ID: 346915f0-3b5f-4aa9-b77d-9c6f98bdd62a,
Billed Duration for Request 346915f0-3b5f-4aa9-b77d-9c6f98bdd62a: 67 ms
Input: 1000000,
Cold Start: false
Unique ID: ebae8b1e-5d19-4a27-a99e-f9e00354288c,
Billed Duration for Request ebae8b1e-5d19-4a27-a99e-f9e00354288c: 74 ms
Input: 1000000,
Cold Start: false
Unique ID: 3e4a306c-04fb-424e-a2bb-609303a6d14b,
Billed Duration for Request 3e4a306c-04fb-424e-a2bb-609303a6d14b: 111 ms
Input: 1000000,
Cold Start: false
Unique ID: 7da140cb-4603-4d5c-b49d-de8826d2cf75,
Billed Duration for Request 7da140cb-4603-4d5c-b49d-de8826d2cf75: 121 ms
Input: 1000000,
Cold Start: false
Unique ID: 01753dcd-83e7-4b79-b486-c362cf8edd2c,
Billed Duration for Request 01753dcd-83e7-4b79-b486-c362cf8edd2c: 130 ms
Input: 1000000,
Cold Start: false
Unique ID: 4462270d-c02d-4761-85e3-ac155303a0ab,
Billed Duration for Request 4462270d-c02d-4761-85e3-ac155303a0ab: 77 ms
Input: 1000000,
Cold Start: false
Unique ID: 5a2d13aa-34f8-411c-991e-df115622d4b0,
Billed Duration for Request 5a2d13aa-34f8-411c-991e-df115622d4b0: 90 ms
Input: 1000000,
Cold Start: false
Unique ID: 95a1c3bf-a543-47cb-98db-0595c090e726,
Billed Duration for Request 95a1c3bf-a543-47cb-98db-0595c090e726: 116 ms
Input: 1000000,
Cold Start: false
Unique ID: 9b2a1cdc-02d4-41dd-9f46-326515dfb8f9,
Billed Duration for Request 9b2a1cdc-02d4-41dd-9f46-326515dfb8f9: 105 ms
Input: 1000000,
Cold Start: false
Unique ID: 2733d959-3705-421b-b0d6-e8ad677aa71d,
Billed Duration for Request 2733d959-3705-421b-b0d6-e8ad677aa71d: 79 ms
Input: 1000000,
Cold Start: false
Unique ID: 770e2736-9db8-4a40-b12d-b71267339745,
Billed Duration for Request 770e2736-9db8-4a40-b12d-b71267339745: 88 ms
Input: 1000000,
Cold Start: false
Unique ID: 8db39d99-83b7-4407-95cc-f4f7a5e6e558,
Billed Duration for Request 8db39d99-83b7-4407-95cc-f4f7a5e6e558: 77 ms
Input: 1000000,
Cold Start: false
Unique ID: ff0cbb8d-5493-44d5-9d1b-32e0c31b1269,
Billed Duration for Request ff0cbb8d-5493-44d5-9d1b-32e0c31b1269: 72 ms
Input: 1000000,
Cold Start: false
Unique ID: cd41b6d2-859d-458a-a5e7-3d6afb69ea00,
Billed Duration for Request cd41b6d2-859d-458a-a5e7-3d6afb69ea00: 135 ms
Input: 1000000,
Cold Start: false
Unique ID: 180089f8-ceb4-47c1-ba02-4fd487448ce1,
Billed Duration for Request 180089f8-ceb4-47c1-ba02-4fd487448ce1: 148 ms
Input: 1000000,
Cold Start: false
Unique ID: 3513af9e-aa81-4804-8b47-65be167e89c5,
Billed Duration for Request 3513af9e-aa81-4804-8b47-65be167e89c5: 75 ms
Input: 1000000,
Cold Start: false
Unique ID: 87625666-767b-49f8-933a-0fd4f09e652e,
Billed Duration for Request 87625666-767b-49f8-933a-0fd4f09e652e: 66 ms
Input: 1000000,
Cold Start: false
Unique ID: e2fa26a1-5037-451f-971e-fe815675b36f,
Billed Duration for Request e2fa26a1-5037-451f-971e-fe815675b36f: 80 ms
Input: 1000000,
Cold Start: false
Unique ID: c0cc1841-0eaa-4a65-bb80-6312fbd001b4,
Billed Duration for Request c0cc1841-0eaa-4a65-bb80-6312fbd001b4: 94 ms
Input: 1000000,
Cold Start: false
Unique ID: d1a7339a-0af2-40e7-81bc-2605eb4e13d0,
Billed Duration for Request d1a7339a-0af2-40e7-81bc-2605eb4e13d0: 111 ms
Input: 1000000,
Cold Start: false
Unique ID: 146bd57d-7c3f-4290-9708-1e5b8b1dbef3,
Billed Duration for Request 146bd57d-7c3f-4290-9708-1e5b8b1dbef3: 85 ms
Input: 1000000,
Cold Start: false
Unique ID: ee90fa87-b955-460a-9fa7-3ac731bb055d,
Billed Duration for Request ee90fa87-b955-460a-9fa7-3ac731bb055d: 78 ms
Input: 1000000,
Cold Start: false
Unique ID: 85f1ae7a-2281-4643-a467-ff9b1ab0b4d4,
Billed Duration for Request 85f1ae7a-2281-4643-a467-ff9b1ab0b4d4: 100 ms
Input: 1000000,
Cold Start: false
Unique ID: 70c2c2a2-8d63-440f-b22f-37cd4e49c579,
Billed Duration for Request 70c2c2a2-8d63-440f-b22f-37cd4e49c579: 91 ms
Input: 1000000,
Cold Start: false
Unique ID: 4fcb12ca-62e5-47a5-a8a2-1b04e2d2b27e,
Billed Duration for Request 4fcb12ca-62e5-47a5-a8a2-1b04e2d2b27e: 88 ms
Input: 1000000,
Cold Start: false
Unique ID: d7c40763-312f-49d4-93e7-405b092d02b3,
Billed Duration for Request d7c40763-312f-49d4-93e7-405b092d02b3: 71 ms
Input: 1000000,
Cold Start: false
Unique ID: bfa2d885-470f-4a67-9844-bc6d50df1b53,
Billed Duration for Request bfa2d885-470f-4a67-9844-bc6d50df1b53: 109 ms
Input: 1000000,
Cold Start: false
Unique ID: 026688c4-16ee-4749-a84d-93e58f874aed,
Billed Duration for Request 026688c4-16ee-4749-a84d-93e58f874aed: 80 ms
Input: 1000000,
Cold Start: false
Unique ID: 17d769ba-3c7f-44c9-80f9-2ae0a7bd64d7,
Billed Duration for Request 17d769ba-3c7f-44c9-80f9-2ae0a7bd64d7: 130 ms
Input: 1000000,
Cold Start: false
Unique ID: 32c5a643-4b40-4bf0-a814-8e6b44547023,
Billed Duration for Request 32c5a643-4b40-4bf0-a814-8e6b44547023: 74 ms
Input: 1000000,
Cold Start: false
Unique ID: caadb0b5-4540-4c4b-a760-15927e63a742,
Billed Duration for Request caadb0b5-4540-4c4b-a760-15927e63a742: 88 ms
Input: 1000000,
Cold Start: false
Unique ID: 90baaaae-5433-469e-b9cb-e59f7ad4f3c5,
Billed Duration for Request 90baaaae-5433-469e-b9cb-e59f7ad4f3c5: 86 ms
Input: 1000000,
Cold Start: false
Unique ID: 82cb35f1-f30d-4b15-abc3-e5dc8cf373a9,
Billed Duration for Request 82cb35f1-f30d-4b15-abc3-e5dc8cf373a9: 119 ms
Input: 1000000,
Cold Start: false
Unique ID: 9e952a8a-cdcb-4a79-87f2-e765cfb0c78a,
Billed Duration for Request 9e952a8a-cdcb-4a79-87f2-e765cfb0c78a: 77 ms
Input: 1000000,
Cold Start: false
Unique ID: e7a1b353-8c62-42f2-8f86-ec5f6f1547f7,
Billed Duration for Request e7a1b353-8c62-42f2-8f86-ec5f6f1547f7: 91 ms
Input: 1000000,
Cold Start: false
Unique ID: c52ef180-82fe-454a-a364-dc9b90921021,
Billed Duration for Request c52ef180-82fe-454a-a364-dc9b90921021: 90 ms
Input: 1000000,
Cold Start: false
Unique ID: fa3012a7-5a04-4da3-b62a-1101e15638c5,
Billed Duration for Request fa3012a7-5a04-4da3-b62a-1101e15638c5: 91 ms
Input: 1000000,
Cold Start: false
Unique ID: 1b4ace78-89af-4c3c-a178-038dbfe1c662,
Billed Duration for Request 1b4ace78-89af-4c3c-a178-038dbfe1c662: 108 ms
Input: 1000000,
Cold Start: false
Unique ID: 60b5672a-2ddd-4e58-89c5-c90d5ccef94c,
Billed Duration for Request 60b5672a-2ddd-4e58-89c5-c90d5ccef94c: 161 ms
Input: 1000000,
Cold Start: false
Unique ID: c8d2a1b3-f08e-4567-8191-69841b30814d,
Billed Duration for Request c8d2a1b3-f08e-4567-8191-69841b30814d: 82 ms
Input: 1000000,
Cold Start: false
Unique ID: 295c071d-00e7-4cf6-8c8f-648ed0a4596b,
Billed Duration for Request 295c071d-00e7-4cf6-8c8f-648ed0a4596b: 74 ms
Input: 1000000,
Cold Start: false
Unique ID: ce942838-5e60-4cf9-a76b-d0e1ed268bde,
Billed Duration for Request ce942838-5e60-4cf9-a76b-d0e1ed268bde: 90 ms
Input: 1000000,
Cold Start: false
Unique ID: 9d798eae-4290-4856-ae77-977a4eb6fde7,
Billed Duration for Request 9d798eae-4290-4856-ae77-977a4eb6fde7: 70 ms
Input: 1000000,
Cold Start: false
Unique ID: 6db3a061-506b-4f36-9831-2ea0d7360eb8,
Billed Duration for Request 6db3a061-506b-4f36-9831-2ea0d7360eb8: 73 ms
Input: 1000000,
Cold Start: false
Unique ID: 3fd48a96-8aa4-45ca-ae76-586939cca607,
Billed Duration for Request 3fd48a96-8aa4-45ca-ae76-586939cca607: 140 ms
Input: 1000000,
Cold Start: false
Unique ID: be9e6409-9748-4c1f-bfca-5b3f20776e5b,
Billed Duration for Request be9e6409-9748-4c1f-bfca-5b3f20776e5b: 72 ms
Input: 1000000,
Cold Start: false
Unique ID: a7f590db-7871-41f0-8d37-07164c9c88e5,
Billed Duration for Request a7f590db-7871-41f0-8d37-07164c9c88e5: 116 ms
Input: 1000000,
Cold Start: false
Unique ID: 83647267-0df7-4414-96ec-7305b658e63e,
Billed Duration for Request 83647267-0df7-4414-96ec-7305b658e63e: 81 ms
Input: 1000000,
Cold Start: false
Unique ID: 0b4d34ed-5671-46e0-ad04-901e76970399,
Billed Duration for Request 0b4d34ed-5671-46e0-ad04-901e76970399: 89 ms
Input: 1000000,
Cold Start: false
Unique ID: 4ac301c5-da50-48fe-9b28-7d8a1ea8fab8,
Billed Duration for Request 4ac301c5-da50-48fe-9b28-7d8a1ea8fab8: 94 ms
Input: 1000000,
Cold Start: false
Unique ID: 7b5fda98-04e1-42e9-bb94-ebeb292937d2,
Billed Duration for Request 7b5fda98-04e1-42e9-bb94-ebeb292937d2: 90 ms
Input: 1000000,
Cold Start: false
Unique ID: f6da5db3-f721-47a4-965b-e4cad87add1b,
Billed Duration for Request f6da5db3-f721-47a4-965b-e4cad87add1b: 108 ms
Input: 1000000,
Cold Start: false
Unique ID: 3d7b18d5-193f-4d1d-a89e-87535cd1f374,
Billed Duration for Request 3d7b18d5-193f-4d1d-a89e-87535cd1f374: 138 ms
Input: 1000000,
Cold Start: false
Unique ID: 7204faf9-55cb-42ae-b4e1-18ef4d09b981,
Billed Duration for Request 7204faf9-55cb-42ae-b4e1-18ef4d09b981: 72 ms
Input: 1000000,
Cold Start: false
Unique ID: f3e0d802-da11-49a1-9941-8c6b2a01b7a2,
Billed Duration for Request f3e0d802-da11-49a1-9941-8c6b2a01b7a2: 94 ms
Input: 1000000,
Cold Start: false
Unique ID: d67db98b-2d5a-400b-801d-9d4246041b7d,
Billed Duration for Request d67db98b-2d5a-400b-801d-9d4246041b7d: 116 ms
Input: 1000000,
Cold Start: false
Unique ID: ae8774c9-496f-4f3e-9887-c6a0fda2450b,
Billed Duration for Request ae8774c9-496f-4f3e-9887-c6a0fda2450b: 105 ms
Input: 1000000,
Cold Start: false
Unique ID: 0ac755e0-34b0-4401-81f8-9140fb7d01c4,
Billed Duration for Request 0ac755e0-34b0-4401-81f8-9140fb7d01c4: 92 ms
Input: 1000000,
Cold Start: false
Unique ID: f5a10616-1f63-4acb-a689-ca7ea05612ca,
Billed Duration for Request f5a10616-1f63-4acb-a689-ca7ea05612ca: 69 ms
Input: 1000000,
Cold Start: false
Unique ID: 1e39bc5d-ba83-439c-91a3-ead8b52e21a7,
Billed Duration for Request 1e39bc5d-ba83-439c-91a3-ead8b52e21a7: 137 ms
Input: 1000000,
Cold Start: false
Unique ID: af47b129-8227-43a9-8b32-5e9420e50a3d,
Billed Duration for Request af47b129-8227-43a9-8b32-5e9420e50a3d: 117 ms
Input: 1000000,
Cold Start: false
Unique ID: 2f90c3c3-e326-4479-8d61-f8a9e031eb82,
Billed Duration for Request 2f90c3c3-e326-4479-8d61-f8a9e031eb82: 74 ms
Input: 1000000,
Cold Start: false
Unique ID: 79276798-cfeb-42d1-9807-29e9070e87e0,
Billed Duration for Request 79276798-cfeb-42d1-9807-29e9070e87e0: 76 ms
Input: 1000000,
Cold Start: false
Unique ID: f8b8dacc-8ca4-4a69-b8ee-125bb98277a5,
Billed Duration for Request f8b8dacc-8ca4-4a69-b8ee-125bb98277a5: 120 ms
Input: 1000000,
Cold Start: false
Unique ID: 1363e5f0-2ad9-4191-b9c8-d204e3a06e75,
Billed Duration for Request 1363e5f0-2ad9-4191-b9c8-d204e3a06e75: 109 ms
Input: 1000000,
Cold Start: false
Unique ID: 7cc4f90b-95d5-4bb1-9d20-9da798b9f9cb,
Billed Duration for Request 7cc4f90b-95d5-4bb1-9d20-9da798b9f9cb: 70 ms
Input: 1000000,
Cold Start: false
Unique ID: fc6b54aa-47c4-4fe3-b3e8-b8b57be3a254,
Billed Duration for Request fc6b54aa-47c4-4fe3-b3e8-b8b57be3a254: 104 ms
Input: 1000000,
Cold Start: false
Unique ID: 870fb369-bec3-4dbb-bb8c-d0f6571e7464,
Billed Duration for Request 870fb369-bec3-4dbb-bb8c-d0f6571e7464: 85 ms
Input: 1000000,
Cold Start: false
Unique ID: 51b06576-737b-49af-9156-9a715ea72b82,
Billed Duration for Request 51b06576-737b-49af-9156-9a715ea72b82: 94 ms
Input: 1000000,
Cold Start: false
Unique ID: e8adb62b-27cd-4a11-9cde-d43b5846c37b,
Billed Duration for Request e8adb62b-27cd-4a11-9cde-d43b5846c37b: 85 ms
Input: 1000000,
Cold Start: false
Unique ID: 80a098cb-9a0b-49c8-9e95-1d1e8fa4154a,
Billed Duration for Request 80a098cb-9a0b-49c8-9e95-1d1e8fa4154a: 87 ms
Input: 1000000,
Cold Start: false
Unique ID: c11086a0-83fd-4d14-8e69-ddf6eb05d046,
Billed Duration for Request c11086a0-83fd-4d14-8e69-ddf6eb05d046: 77 ms
Input: 1000000,
Cold Start: false
Unique ID: 8e9c2266-d847-49e9-8775-10a2b5c0bd3d,
Billed Duration for Request 8e9c2266-d847-49e9-8775-10a2b5c0bd3d: 111 ms
Input: 1000000,
Cold Start: false
Unique ID: a919b621-fed7-42b7-a505-0d2539201898,
Billed Duration for Request a919b621-fed7-42b7-a505-0d2539201898: 76 ms
Input: 1000000,
Cold Start: false
Unique ID: 4153bf5b-481d-435f-ad0d-c2891656b389,
Billed Duration for Request 4153bf5b-481d-435f-ad0d-c2891656b389: 85 ms
Input: 1000000,
Cold Start: false
Unique ID: 76907106-3130-40ec-864b-1e2111e9299f,
Billed Duration for Request 76907106-3130-40ec-864b-1e2111e9299f: 94 ms
Input: 1000000,
Cold Start: false
Unique ID: 77e10996-6858-4bcc-a353-f8f8d1d6bda5,
Billed Duration for Request 77e10996-6858-4bcc-a353-f8f8d1d6bda5: 89 ms
Input: 1000000,
Cold Start: false
Unique ID: cdc92b70-6d54-42f8-b1ff-5df506bf6562,
Billed Duration for Request cdc92b70-6d54-42f8-b1ff-5df506bf6562: 85 ms
Input: 1000000,
Cold Start: false
Unique ID: 57fdd775-cd3f-4835-b916-f5de80f98266,
Billed Duration for Request 57fdd775-cd3f-4835-b916-f5de80f98266: 126 ms
Input: 1000000,
Cold Start: false
Unique ID: 2dd5d2fd-f548-46a9-9fe1-727c5f418072,
Billed Duration for Request 2dd5d2fd-f548-46a9-9fe1-727c5f418072: 79 ms
Input: 1000000,
Cold Start: false
Unique ID: 815bfc70-5b83-409f-9860-66547fa7676a,
Billed Duration for Request 815bfc70-5b83-409f-9860-66547fa7676a: 68 ms
Input: 1000000,
Cold Start: false
Unique ID: 78096d96-a1c5-4c70-91c9-4a089e429d24,
Billed Duration for Request 78096d96-a1c5-4c70-91c9-4a089e429d24: 115 ms
Input: 1000000,
Cold Start: false
Unique ID: b5970232-53a1-4e93-9e86-de7004d25287,
Billed Duration for Request b5970232-53a1-4e93-9e86-de7004d25287: 90 ms
Input: 1000000,
Cold Start: false
Unique ID: 4d896dff-e550-4b38-849b-a2d1ccdea611,
Billed Duration for Request 4d896dff-e550-4b38-849b-a2d1ccdea611: 113 ms
Input: 1000000,
Cold Start: false
Unique ID: 1ae1d3d1-50be-4095-89ae-acb15f52a297,
Billed Duration for Request 1ae1d3d1-50be-4095-89ae-acb15f52a297: 72 ms
Input: 1000000,
Cold Start: false
Unique ID: 00fa2362-9492-4e80-a9e4-0717b5f8306d,
Billed Duration for Request 00fa2362-9492-4e80-a9e4-0717b5f8306d: 94 ms
Input: 1000000,
Cold Start: false
Unique ID: f6b97a87-7d23-4d81-a533-9617074fb81c,
Billed Duration for Request f6b97a87-7d23-4d81-a533-9617074fb81c: 88 ms
Input: 1000000,
Cold Start: false
Unique ID: e423b104-02b8-4964-9253-f91dfb419cd2,
Billed Duration for Request e423b104-02b8-4964-9253-f91dfb419cd2: 92 ms
Input: 1000000,
Cold Start: false
Unique ID: 92cd217e-6060-4745-8afb-83e934fbcab0,
Billed Duration for Request 92cd217e-6060-4745-8afb-83e934fbcab0: 86 ms
Input: 1000000,
Cold Start: false
Unique ID: 257d9a63-3563-4de8-bee3-5b043da064d3,
Billed Duration for Request 257d9a63-3563-4de8-bee3-5b043da064d3: 124 ms
Input: 1000000,
Cold Start: false
Unique ID: 0da58375-ef9c-4aa0-8415-94666891b12c,
Billed Duration for Request 0da58375-ef9c-4aa0-8415-94666891b12c: 136 ms
Input: 1000000,
Cold Start: false
Unique ID: 26b1fa4f-ceaf-4153-9769-1869214f2a06,
Billed Duration for Request 26b1fa4f-ceaf-4153-9769-1869214f2a06: 71 ms
Input: 1000000,
Cold Start: false
Unique ID: 715aee73-00a5-44e4-b742-321c5cd95bb4,
Billed Duration for Request 715aee73-00a5-44e4-b742-321c5cd95bb4: 91 ms
Input: 1000000,
Cold Start: false
Unique ID: 85441981-1b73-4fc2-9afb-0448e4f4a994,
Billed Duration for Request 85441981-1b73-4fc2-9afb-0448e4f4a994: 81 ms
Input: 1000000,
Cold Start: false
Unique ID: e2c707f5-870d-4f03-9551-15c9008fae48,
Billed Duration for Request e2c707f5-870d-4f03-9551-15c9008fae48: 107 ms
Input: 1000000,
Cold Start: false
Unique ID: 137b180c-9fa5-4c89-a64e-606bd3f6bc02,
Billed Duration for Request 137b180c-9fa5-4c89-a64e-606bd3f6bc02: 75 ms
Input: 1000000,
Cold Start: false
Unique ID: 75a7fd2b-e8b8-49ba-8454-a9b81a63a5a8,
Billed Duration for Request 75a7fd2b-e8b8-49ba-8454-a9b81a63a5a8: 92 ms
Input: 1000000,
Cold Start: false
Unique ID: ba177b83-78c4-4ece-8e2c-6d757b56db50,
Billed Duration for Request ba177b83-78c4-4ece-8e2c-6d757b56db50: 100 ms
Input: 1000000,
Cold Start: false
Unique ID: db32757a-7d44-4a1c-b7a8-245a0f813d0a,
Billed Duration for Request db32757a-7d44-4a1c-b7a8-245a0f813d0a: 79 ms
Input: 1000000,
Cold Start: false
Unique ID: 991dc8da-af6c-4a32-813f-6c5a82c2d41a,
Billed Duration for Request 991dc8da-af6c-4a32-813f-6c5a82c2d41a: 71 ms
Input: 1000000,
Cold Start: false
Unique ID: 0e516be8-29d8-461d-8b80-6a08c02205a0,
Billed Duration for Request 0e516be8-29d8-461d-8b80-6a08c02205a0: 89 ms
Input: 1000000,
Cold Start: false
Unique ID: 9c5e3b0d-7b34-40cf-b522-9ad63302ba0e,
Billed Duration for Request 9c5e3b0d-7b34-40cf-b522-9ad63302ba0e: 81 ms
Input: 1000000,
Cold Start: false
Unique ID: 3a21e263-8ce4-47e5-9d82-37f997175145,
Billed Duration for Request 3a21e263-8ce4-47e5-9d82-37f997175145: 91 ms
Input: 1000000,
Cold Start: false
Unique ID: ce7888ad-217a-4324-ada3-7fe5a3c524cd,
Billed Duration for Request ce7888ad-217a-4324-ada3-7fe5a3c524cd: 73 ms
Input: 1000000,
Cold Start: false
Unique ID: a0ef084b-9b99-4daf-93b8-66522f8d7790,
Billed Duration for Request a0ef084b-9b99-4daf-93b8-66522f8d7790: 90 ms
Input: 1000000,
Cold Start: false
Unique ID: 63351f71-4850-45d7-b14d-1e40561cb785,
Billed Duration for Request 63351f71-4850-45d7-b14d-1e40561cb785: 82 ms
Input: 1000000,
Cold Start: false
Unique ID: ecb50da2-c08a-4161-8078-ca714016923c,
Billed Duration for Request ecb50da2-c08a-4161-8078-ca714016923c: 112 ms
Input: 1000000,
Cold Start: false
Unique ID: 21697989-cd2e-4427-9f7f-f4ad9e9a4200,
Billed Duration for Request 21697989-cd2e-4427-9f7f-f4ad9e9a4200: 74 ms
Input: 1000000,
Cold Start: false
Unique ID: 3fa76414-67a2-4d88-8532-f42695ea0b5a,
Billed Duration for Request 3fa76414-67a2-4d88-8532-f42695ea0b5a: 113 ms
Input: 1000000,
Cold Start: false
Unique ID: f6533097-492a-44e0-bc9a-dfde0f3ea3cd,
Billed Duration for Request f6533097-492a-44e0-bc9a-dfde0f3ea3cd: 99 ms
Input: 1000000,
Cold Start: false
Unique ID: 5c0bb99e-59f5-42b2-9565-83284723f953,
Billed Duration for Request 5c0bb99e-59f5-42b2-9565-83284723f953: 106 ms
Input: 1000000,
Cold Start: false
Unique ID: e286a3d2-0d8b-4f3d-98e3-765cba252595,
Billed Duration for Request e286a3d2-0d8b-4f3d-98e3-765cba252595: 75 ms
Input: 1000000,
Cold Start: false
Unique ID: 6bb83e0e-7586-4949-9f28-8fadd7d77427,
Billed Duration for Request 6bb83e0e-7586-4949-9f28-8fadd7d77427: 114 ms
Input: 1000000,
Cold Start: false
Unique ID: 2d9ba6d2-f9a7-45a1-befc-60e937cc7476,
Billed Duration for Request 2d9ba6d2-f9a7-45a1-befc-60e937cc7476: 84 ms
Input: 1000000,
Cold Start: false
Unique ID: 2044ce6a-5bfa-4103-a7ba-583ac45cef20,
Billed Duration for Request 2044ce6a-5bfa-4103-a7ba-583ac45cef20: 85 ms
Input: 1000000,
Cold Start: false
Unique ID: 1b2fc6f4-4184-4742-a471-14e94f99459f,
Billed Duration for Request 1b2fc6f4-4184-4742-a471-14e94f99459f: 112 ms
Input: 1000000,
Cold Start: false
Unique ID: cbeb60fe-6ee7-474f-9752-e3222cb5c27a,
Billed Duration for Request cbeb60fe-6ee7-474f-9752-e3222cb5c27a: 109 ms
Input: 1000000,
Cold Start: false
Unique ID: 68ad3076-2e55-437d-8a70-80af8e733f09,
Billed Duration for Request 68ad3076-2e55-437d-8a70-80af8e733f09: 99 ms
Input: 1000000,
Cold Start: false
Unique ID: 9ef77460-8775-418c-bd77-6ac91f35dc40,
Billed Duration for Request 9ef77460-8775-418c-bd77-6ac91f35dc40: 69 ms
Input: 1000000,
Cold Start: false
Unique ID: 59e1f2ba-2495-483c-a872-9eaa61209b8d,
Billed Duration for Request 59e1f2ba-2495-483c-a872-9eaa61209b8d: 69 ms
Input: 1000000,
Cold Start: false
Unique ID: ab3f6059-88f3-4296-94c0-014215a77e00,
Billed Duration for Request ab3f6059-88f3-4296-94c0-014215a77e00: 92 ms
Input: 1000000,
Cold Start: false
Unique ID: 4259470c-9433-46be-bae6-504cbdf95149,
Billed Duration for Request 4259470c-9433-46be-bae6-504cbdf95149: 116 ms
Input: 1000000,
Cold Start: false
Unique ID: 1fa4fe64-cc3d-461d-a9ab-67cef9f26b64,
Billed Duration for Request 1fa4fe64-cc3d-461d-a9ab-67cef9f26b64: 89 ms
Input: 1000000,
Cold Start: false
Unique ID: 91d3503e-7643-4d80-b249-b1dfa8b3a21e,
Billed Duration for Request 91d3503e-7643-4d80-b249-b1dfa8b3a21e: 75 ms
Input: 1000000,
Cold Start: false
Unique ID: 0331cb01-b2ac-4c83-bd53-8ae0a0ca6a3f,
Billed Duration for Request 0331cb01-b2ac-4c83-bd53-8ae0a0ca6a3f: 89 ms
Input: 1000000,
Cold Start: false
Unique ID: 217452f9-49d6-4347-9a40-757ba1e731ef,
Billed Duration for Request 217452f9-49d6-4347-9a40-757ba1e731ef: 155 ms
Input: 1000000,
Cold Start: false
Unique ID: f0a69f2c-493a-4b01-91b9-c182a19aa1e9,
Billed Duration for Request f0a69f2c-493a-4b01-91b9-c182a19aa1e9: 99 ms
Input: 1000000,
Cold Start: false
Unique ID: 2c1538cd-ff34-4b62-ae50-a65f423240bf,
Billed Duration for Request 2c1538cd-ff34-4b62-ae50-a65f423240bf: 98 ms
Input: 1000000,
Cold Start: false
Unique ID: 19fc24f0-a816-4674-ad4a-73fdead7d94a,
Billed Duration for Request 19fc24f0-a816-4674-ad4a-73fdead7d94a: 104 ms
Input: 1000000,
Cold Start: false
Unique ID: da2960bd-ce1e-49b2-8957-3f576df2bd2d,
Billed Duration for Request da2960bd-ce1e-49b2-8957-3f576df2bd2d: 71 ms
Input: 1000000,
Cold Start: false
Unique ID: b0e9151d-b2f3-4eda-95ff-dcc0c07c2954,
Billed Duration for Request b0e9151d-b2f3-4eda-95ff-dcc0c07c2954: 91 ms
Input: 1000000,
Cold Start: false
Unique ID: 92079adf-7010-4a07-ba99-26f774600ccf,
Billed Duration for Request 92079adf-7010-4a07-ba99-26f774600ccf: 88 ms
Input: 1000000,
Cold Start: false
Unique ID: 7401826c-8037-4b0f-8c06-08853bc283ee,
Billed Duration for Request 7401826c-8037-4b0f-8c06-08853bc283ee: 126 ms
Input: 1000000,
Cold Start: false
Unique ID: e9347add-a56d-4f42-9a95-cd937b0a64f5,
Billed Duration for Request e9347add-a56d-4f42-9a95-cd937b0a64f5: 70 ms
Input: 1000000,
Cold Start: false
Unique ID: 4b0a1124-154d-4331-8146-ed825a28c7be,
Billed Duration for Request 4b0a1124-154d-4331-8146-ed825a28c7be: 111 ms
Input: 1000000,
Cold Start: false
Unique ID: 4e915e5e-0c67-484e-87d6-3f98439b821d,
Billed Duration for Request 4e915e5e-0c67-484e-87d6-3f98439b821d: 116 ms
Input: 1000000,
Cold Start: false
Unique ID: 3bf6cce1-f5a0-45ed-976f-3149785fd932,
Billed Duration for Request 3bf6cce1-f5a0-45ed-976f-3149785fd932: 101 ms
Input: 1000000,
Cold Start: false
Unique ID: 075fd879-3a1e-4345-a26b-1de39fe88821,
Billed Duration for Request 075fd879-3a1e-4345-a26b-1de39fe88821: 90 ms
Input: 1000000,
Cold Start: false
Unique ID: 4e09fe96-fdcd-456b-961a-f51b218e060c,
Billed Duration for Request 4e09fe96-fdcd-456b-961a-f51b218e060c: 90 ms
Input: 1000000,
Cold Start: false
Unique ID: 1102dc6e-b0ae-4cc4-bf0c-0fa42d45f7b2,
Billed Duration for Request 1102dc6e-b0ae-4cc4-bf0c-0fa42d45f7b2: 118 ms
Input: 1000000,
Cold Start: false
Unique ID: 5f48c1fb-db25-4fae-904b-d137714174c9,
Billed Duration for Request 5f48c1fb-db25-4fae-904b-d137714174c9: 119 ms
Input: 1000000,
Cold Start: false
Unique ID: 3a59e02c-7cee-471a-bf0b-ed808f9a15dc,
Billed Duration for Request 3a59e02c-7cee-471a-bf0b-ed808f9a15dc: 74 ms
Input: 1000000,
Cold Start: false
Unique ID: cec54145-5b60-4091-8807-f28a07b3b71d,
Billed Duration for Request cec54145-5b60-4091-8807-f28a07b3b71d: 88 ms
Input: 1000000,
Cold Start: false
Unique ID: 215f2a86-71a4-45d3-ae4b-11b223431529,
Billed Duration for Request 215f2a86-71a4-45d3-ae4b-11b223431529: 83 ms
Input: 1000000,
Cold Start: false
Unique ID: bd9d45a8-ab1d-4dcd-813d-f37b5ef24712,
Billed Duration for Request bd9d45a8-ab1d-4dcd-813d-f37b5ef24712: 109 ms
Input: 1000000,
Cold Start: false
Unique ID: 94208357-7f09-46fd-8eff-f41e2afdd476,
Billed Duration for Request 94208357-7f09-46fd-8eff-f41e2afdd476: 92 ms
Input: 1000000,
Cold Start: false
Unique ID: db214638-5038-4f71-a222-720b5ba57bef,
Billed Duration for Request db214638-5038-4f71-a222-720b5ba57bef: 137 ms
Input: 1000000,
Cold Start: false
Unique ID: ebf50cec-5f09-468c-9912-9471573c6283,
Billed Duration for Request ebf50cec-5f09-468c-9912-9471573c6283: 79 ms
Input: 1000000,
Cold Start: false
Unique ID: f6aca4fd-2c68-4091-a998-1da087cea030,
Billed Duration for Request f6aca4fd-2c68-4091-a998-1da087cea030: 90 ms
Input: 1000000,
Cold Start: false
Unique ID: 718b89b0-52ce-404d-a36d-4da565ee2343,
Billed Duration for Request 718b89b0-52ce-404d-a36d-4da565ee2343: 95 ms
Input: 1000000,
Cold Start: false
Unique ID: e00b649a-c998-4522-879d-9cfc676cea14,
Billed Duration for Request e00b649a-c998-4522-879d-9cfc676cea14: 73 ms
Input: 1000000,
Cold Start: false
Unique ID: 4b028ed6-0866-4bcd-a970-314eaa677763,
Billed Duration for Request 4b028ed6-0866-4bcd-a970-314eaa677763: 91 ms
Input: 1000000,
Cold Start: false
Unique ID: a46ccf19-2346-4277-ade1-ca3bf862054d,
Billed Duration for Request a46ccf19-2346-4277-ade1-ca3bf862054d: 121 ms
Input: 1000000,
Cold Start: false
Unique ID: 6cc2415d-f952-469b-aab4-439c49850dd0,
Billed Duration for Request 6cc2415d-f952-469b-aab4-439c49850dd0: 91 ms
Input: 1000000,
Cold Start: false
Unique ID: f5292f99-4026-47ff-81d9-6081bc571e42,
Billed Duration for Request f5292f99-4026-47ff-81d9-6081bc571e42: 111 ms
Input: 1000000,
Cold Start: false
Unique ID: 8a6d8c2b-cebd-4373-9e17-e5a84f233112,
Billed Duration for Request 8a6d8c2b-cebd-4373-9e17-e5a84f233112: 98 ms
Input: 1000000,
Cold Start: false
Unique ID: 27971adc-6173-4c91-847c-79a21d61e75a,
Billed Duration for Request 27971adc-6173-4c91-847c-79a21d61e75a: 80 ms
Input: 1000000,
Cold Start: false
Unique ID: 311eaf2b-1e61-49e4-b11c-d3b5690e0f05,
Billed Duration for Request 311eaf2b-1e61-49e4-b11c-d3b5690e0f05: 124 ms
Input: 1000000,
Cold Start: false
Unique ID: e5ab134b-8ff3-4292-b2fe-bf3aefd5696b,
Billed Duration for Request e5ab134b-8ff3-4292-b2fe-bf3aefd5696b: 117 ms
Input: 1000000,
Cold Start: false
Unique ID: 1d6350c6-11b5-4007-834f-5b339b14668e,
Billed Duration for Request 1d6350c6-11b5-4007-834f-5b339b14668e: 66 ms
Input: 1000000,
Cold Start: false
Unique ID: 5982dd84-8302-4a03-bb9a-60eaf514c205,
Billed Duration for Request 5982dd84-8302-4a03-bb9a-60eaf514c205: 77 ms
Input: 1000000,
Cold Start: false
Unique ID: a27e7091-df13-4ba7-9d1e-6b8d0c2a0ffa,
Billed Duration for Request a27e7091-df13-4ba7-9d1e-6b8d0c2a0ffa: 80 ms
Input: 1000000,
Cold Start: false
Unique ID: a25e2c7e-e7ef-484c-b61b-0bed75b03208,
Billed Duration for Request a25e2c7e-e7ef-484c-b61b-0bed75b03208: 126 ms
Input: 1000000,
Cold Start: false
Unique ID: 010b79f1-2be6-4e4f-a86c-3653ae116c2b,
Billed Duration for Request 010b79f1-2be6-4e4f-a86c-3653ae116c2b: 68 ms
Input: 1000000,
Cold Start: false
Unique ID: 4e75e019-caaf-4b64-b85b-c8b7cd18dd7e,
Billed Duration for Request 4e75e019-caaf-4b64-b85b-c8b7cd18dd7e: 90 ms
Input: 1000000,
Cold Start: false
Unique ID: 21699653-eebc-4fb9-a148-a31676688c26,
Billed Duration for Request 21699653-eebc-4fb9-a148-a31676688c26: 103 ms
Input: 1000000,
Cold Start: false
Unique ID: 6a303155-83e7-4620-a467-bc80e43de673,
Billed Duration for Request 6a303155-83e7-4620-a467-bc80e43de673: 71 ms
Input: 1000000,
Cold Start: false
Unique ID: c313f95b-efad-45f7-8076-b1a0b4dc5055,
Billed Duration for Request c313f95b-efad-45f7-8076-b1a0b4dc5055: 95 ms
Input: 1000000,
Cold Start: false
Unique ID: c14942b3-f2c1-4b6a-8934-adfec6b00860,
Billed Duration for Request c14942b3-f2c1-4b6a-8934-adfec6b00860: 87 ms
Input: 1000000,
Cold Start: false
Unique ID: 9efee2eb-acfe-427e-bef2-a43e4e985778,
Billed Duration for Request 9efee2eb-acfe-427e-bef2-a43e4e985778: 106 ms
Input: 1000000,
Cold Start: false
Unique ID: 08489710-eca2-4bab-8691-000d58a0def2,
Billed Duration for Request 08489710-eca2-4bab-8691-000d58a0def2: 107 ms
Input: 1000000,
Cold Start: false
Unique ID: 933bc41f-420e-45ca-854c-eb80a82e8a41,
Billed Duration for Request 933bc41f-420e-45ca-854c-eb80a82e8a41: 75 ms
Input: 1000000,
Cold Start: false
Unique ID: d5b36d78-b47b-4a21-9925-143b0dab0195,
Billed Duration for Request d5b36d78-b47b-4a21-9925-143b0dab0195: 74 ms
Input: 1000000,
Cold Start: false
Unique ID: 50fd333a-5c20-4eda-b696-f5a0287b0077,
Billed Duration for Request 50fd333a-5c20-4eda-b696-f5a0287b0077: 98 ms
Input: 1000000,
Cold Start: false
Unique ID: f252565b-0d93-48c9-981e-cf3995190370,
Billed Duration for Request f252565b-0d93-48c9-981e-cf3995190370: 104 ms
Input: 1000000,
Cold Start: false
Unique ID: 72e02233-626c-4fb5-867d-796b237e4ae6,
Billed Duration for Request 72e02233-626c-4fb5-867d-796b237e4ae6: 82 ms
Input: 1000000,
Cold Start: false
Unique ID: a4d5e4b8-ac50-4048-9841-c2dbf3592e9a,
Billed Duration for Request a4d5e4b8-ac50-4048-9841-c2dbf3592e9a: 94 ms
Input: 1000000,
Cold Start: false
Unique ID: e8082d7a-68a5-4469-92e5-355cdbbff898,
Billed Duration for Request e8082d7a-68a5-4469-92e5-355cdbbff898: 78 ms
Input: 1000000,
Cold Start: false
Unique ID: b2506116-41bd-4f73-8ec2-bbb7eae97186,
Billed Duration for Request b2506116-41bd-4f73-8ec2-bbb7eae97186: 113 ms
Input: 1000000,
Cold Start: false
Unique ID: 0e57f988-51e8-416c-a18c-b4ee4a957d8c,
Billed Duration for Request 0e57f988-51e8-416c-a18c-b4ee4a957d8c: 82 ms
Input: 1000000,
Cold Start: false
Unique ID: 9e2c2d36-7857-48f1-b317-b5b6f957b3b8,
Billed Duration for Request 9e2c2d36-7857-48f1-b317-b5b6f957b3b8: 132 ms
Input: 1000000,
Cold Start: false
Unique ID: c8ce6a49-3a16-4e5a-aed7-24a154b78ddd,
Billed Duration for Request c8ce6a49-3a16-4e5a-aed7-24a154b78ddd: 87 ms
Input: 1000000,
Cold Start: false
Unique ID: 684d364e-969e-4e56-af0a-397c9f91123e,
Billed Duration for Request 684d364e-969e-4e56-af0a-397c9f91123e: 90 ms
Input: 1000000,
Cold Start: false
Unique ID: f3dcca77-5234-4625-8f41-1ffc17f60085,
Billed Duration for Request f3dcca77-5234-4625-8f41-1ffc17f60085: 92 ms
Input: 1000000,
Cold Start: false
Unique ID: 77a04578-b2df-47f3-9f9b-4f72b4e79076,
Billed Duration for Request 77a04578-b2df-47f3-9f9b-4f72b4e79076: 89 ms
Input: 1000000,
Cold Start: false
Unique ID: 1be21fab-21bb-44da-ae3e-3bd0a2f40622,
Billed Duration for Request 1be21fab-21bb-44da-ae3e-3bd0a2f40622: 95 ms
Input: 1000000,
Cold Start: false
Unique ID: b6343df5-2eb9-4f56-a91a-da3b5b898747,
Billed Duration for Request b6343df5-2eb9-4f56-a91a-da3b5b898747: 105 ms
Input: 1000000,
Cold Start: false
Unique ID: 3c34e06c-fef8-41a8-a0b5-3eefa358175d,
Billed Duration for Request 3c34e06c-fef8-41a8-a0b5-3eefa358175d: 83 ms
Input: 1000000,
Cold Start: false
Unique ID: 5d3c8099-9556-4317-83c6-6b0d501c85ad,
Billed Duration for Request 5d3c8099-9556-4317-83c6-6b0d501c85ad: 93 ms
Input: 1000000,
Cold Start: false
Unique ID: 908914f3-fb13-45ff-ab43-a7b9174ba4e6,
Billed Duration for Request 908914f3-fb13-45ff-ab43-a7b9174ba4e6: 86 ms
Input: 1000000,
Cold Start: false
Unique ID: 7cea3dc5-b9b2-46b3-a5df-7f7e05beecdb,
Billed Duration for Request 7cea3dc5-b9b2-46b3-a5df-7f7e05beecdb: 88 ms
Input: 1000000,
Cold Start: false
Unique ID: 49d8dcb3-ed56-4c40-9733-731a21fd7052,
Billed Duration for Request 49d8dcb3-ed56-4c40-9733-731a21fd7052: 104 ms
Input: 1000000,
Cold Start: false
Unique ID: 5ce5f3c6-e59f-4424-b741-4a8a9fd64c5d,
Billed Duration for Request 5ce5f3c6-e59f-4424-b741-4a8a9fd64c5d: 120 ms
Input: 1000000,
Cold Start: false
Unique ID: 01182292-3306-4fa3-8cf7-6df46897b6d4,
Billed Duration for Request 01182292-3306-4fa3-8cf7-6df46897b6d4: 94 ms
Input: 1000000,
Cold Start: false
Unique ID: 77430134-2b8e-46fd-a26a-4abcc4b24c63,
Billed Duration for Request 77430134-2b8e-46fd-a26a-4abcc4b24c63: 160 ms
Input: 1000000,
Cold Start: false
Unique ID: 3219a56d-8dde-4793-91f4-fe6f64d2af6f,
Billed Duration for Request 3219a56d-8dde-4793-91f4-fe6f64d2af6f: 73 ms
Input: 1000000,
Cold Start: false
Unique ID: cb4572ee-ffe2-4440-9591-6fce5e88405e,
Billed Duration for Request cb4572ee-ffe2-4440-9591-6fce5e88405e: 158 ms
Input: 1000000,
Cold Start: false
Unique ID: 49a62ad0-e3f1-4fcf-a006-bab35dffe88f,
Billed Duration for Request 49a62ad0-e3f1-4fcf-a006-bab35dffe88f: 87 ms
Input: 1000000,
Cold Start: false
Unique ID: 0a46b402-2683-439f-9a0c-d3661f557b73,
Billed Duration for Request 0a46b402-2683-439f-9a0c-d3661f557b73: 156 ms
Input: 1000000,
Cold Start: false
Unique ID: 3d44395d-bf18-42fc-b31a-9826e55fd012,
Billed Duration for Request 3d44395d-bf18-42fc-b31a-9826e55fd012: 118 ms
Input: 1000000,
Cold Start: false
Unique ID: ed99908f-dc0d-4e3f-9678-30a023e4b50f,
Billed Duration for Request ed99908f-dc0d-4e3f-9678-30a023e4b50f: 134 ms
Input: 1000000,
Cold Start: false
Unique ID: c27967b1-a071-485e-8d49-25dc14c81af2,
Billed Duration for Request c27967b1-a071-485e-8d49-25dc14c81af2: 74 ms
Input: 1000000,
Cold Start: false
Unique ID: e74048ac-cddf-42ce-84e3-5db801886906,
Billed Duration for Request e74048ac-cddf-42ce-84e3-5db801886906: 72 ms
Input: 1000000,
Cold Start: false
Unique ID: 463c01e2-55bf-4b7e-8dec-ffaacfe48ae9,
Billed Duration for Request 463c01e2-55bf-4b7e-8dec-ffaacfe48ae9: 128 ms
Input: 1000000,
Cold Start: false
Unique ID: 8f32d150-3ffc-43ac-82e1-85a312b17bb3,
Billed Duration for Request 8f32d150-3ffc-43ac-82e1-85a312b17bb3: 112 ms
Input: 1000000,
Cold Start: false
Unique ID: 54c123c3-2149-4db9-9f15-45ad1b83419f,
Billed Duration for Request 54c123c3-2149-4db9-9f15-45ad1b83419f: 103 ms
Input: 1000000,
Cold Start: false
Unique ID: f5ac1246-de65-43a3-bf7c-fdc0576ba532,
Billed Duration for Request f5ac1246-de65-43a3-bf7c-fdc0576ba532: 87 ms
Input: 1000000,
Cold Start: false
Unique ID: 3258d861-9a09-4ab4-b657-f30cc9956ec0,
Billed Duration for Request 3258d861-9a09-4ab4-b657-f30cc9956ec0: 82 ms
Input: 1000000,
Cold Start: false
Unique ID: 261af202-09f3-488f-9429-42b7c6463f6c,
Billed Duration for Request 261af202-09f3-488f-9429-42b7c6463f6c: 112 ms
Input: 1000000,
Cold Start: false
Unique ID: 625b8e4a-d388-4104-83be-e1480bef066e,
Billed Duration for Request 625b8e4a-d388-4104-83be-e1480bef066e: 78 ms
Input: 1000000,
Cold Start: false
Unique ID: 532bac6f-7b0c-4560-8fd4-136c26056eba,
Billed Duration for Request 532bac6f-7b0c-4560-8fd4-136c26056eba: 105 ms
Input: 1000000,
Cold Start: false
Unique ID: e1badd63-e2d7-49f1-9493-062149d96673,
Billed Duration for Request e1badd63-e2d7-49f1-9493-062149d96673: 85 ms
Input: 1000000,
Cold Start: false
Unique ID: d2e17595-ec1f-4b17-b144-9e9cf19b919f,
Billed Duration for Request d2e17595-ec1f-4b17-b144-9e9cf19b919f: 91 ms
Input: 1000000,
Cold Start: false
Unique ID: c56857a2-38a2-49e3-beda-f79bfabe0a76,
Billed Duration for Request c56857a2-38a2-49e3-beda-f79bfabe0a76: 114 ms
Input: 1000000,
Cold Start: false
Unique ID: 3225d3fc-2d29-4196-a0a1-a9c8a68a40cb,
Billed Duration for Request 3225d3fc-2d29-4196-a0a1-a9c8a68a40cb: 107 ms
Input: 1000000,
Cold Start: false
Unique ID: c8696834-83b4-4c6c-8bf2-4810053d1d74,
Billed Duration for Request c8696834-83b4-4c6c-8bf2-4810053d1d74: 103 ms
Input: 1000000,
Cold Start: false
Unique ID: 81a1298e-990e-44de-b44a-3d01d746549c,
Billed Duration for Request 81a1298e-990e-44de-b44a-3d01d746549c: 95 ms
Input: 1000000,
Cold Start: false
Unique ID: 66090d03-883b-493f-be4c-f4abcbb6d738,
Billed Duration for Request 66090d03-883b-493f-be4c-f4abcbb6d738: 125 ms
Input: 1000000,
Cold Start: false
Unique ID: fbb57b14-5a45-48ea-bd98-b803ef5b345a,
Billed Duration for Request fbb57b14-5a45-48ea-bd98-b803ef5b345a: 88 ms
Input: 1000000,
Cold Start: false
Unique ID: c4591aea-c11b-4255-a476-777dd9acfb02,
Billed Duration for Request c4591aea-c11b-4255-a476-777dd9acfb02: 87 ms
Input: 1000000,
Cold Start: false
Unique ID: 26e306cb-5923-4c46-892c-598e3f3debeb,
Billed Duration for Request 26e306cb-5923-4c46-892c-598e3f3debeb: 91 ms
Input: 1000000,
Cold Start: false
Unique ID: df8d54d4-7647-4af1-b382-9a50f0398438,
Billed Duration for Request df8d54d4-7647-4af1-b382-9a50f0398438: 87 ms
Input: 1000000,
Cold Start: false
Unique ID: d7204f7d-4cae-4d45-9297-ce4a664a0353,
Billed Duration for Request d7204f7d-4cae-4d45-9297-ce4a664a0353: 107 ms
Input: 1000000,
Cold Start: false
Unique ID: 007d12c8-9b90-403c-8d0d-d705f0357996,
Billed Duration for Request 007d12c8-9b90-403c-8d0d-d705f0357996: 112 ms
Input: 1000000,
Cold Start: false
Unique ID: b04bae0f-ef1d-49d6-af38-837705657408,
Billed Duration for Request b04bae0f-ef1d-49d6-af38-837705657408: 135 ms
Input: 1000000,
Cold Start: false
Unique ID: 6f76adb2-06ad-4f33-bcd4-f7970d66a0c4,
Billed Duration for Request 6f76adb2-06ad-4f33-bcd4-f7970d66a0c4: 67 ms
Input: 1000000,
Cold Start: false
Unique ID: feae60e7-173f-46de-b5ad-b629ef6bec1a,
Billed Duration for Request feae60e7-173f-46de-b5ad-b629ef6bec1a: 78 ms
Input: 1000000,
Cold Start: false
Unique ID: 298636e9-a9a5-4c09-a260-7454b14e0674,
Billed Duration for Request 298636e9-a9a5-4c09-a260-7454b14e0674: 90 ms
Input: 1000000,
Cold Start: false
Unique ID: f87a6ee9-347d-4503-9cf6-667e54c3f9e7,
Billed Duration for Request f87a6ee9-347d-4503-9cf6-667e54c3f9e7: 91 ms
Input: 1000000,
Cold Start: false
Unique ID: f755547d-ab96-4bb0-93af-d37834990845,
Billed Duration for Request f755547d-ab96-4bb0-93af-d37834990845: 90 ms
Input: 1000000,
Cold Start: false
Unique ID: 58413dd3-0a5e-4d77-9cde-f2a8e3215180,
Billed Duration for Request 58413dd3-0a5e-4d77-9cde-f2a8e3215180: 88 ms
Input: 1000000,
Cold Start: false
Unique ID: 363a17ab-7a33-4d1d-b16f-e346deacad0f,
Billed Duration for Request 363a17ab-7a33-4d1d-b16f-e346deacad0f: 85 ms
Input: 1000000,
Cold Start: false
Unique ID: 34c9e186-539d-4797-ab2b-a86c9861f385,
Billed Duration for Request 34c9e186-539d-4797-ab2b-a86c9861f385: 116 ms
Input: 1000000,
Cold Start: false
Unique ID: 360beead-02c6-4f7d-8499-45978c24490f,
Billed Duration for Request 360beead-02c6-4f7d-8499-45978c24490f: 78 ms
Input: 1000000,
Cold Start: false
Unique ID: f43e6287-689f-4786-b1aa-989da41cfc88,
Billed Duration for Request f43e6287-689f-4786-b1aa-989da41cfc88: 133 ms
Input: 1000000,
Cold Start: false
Unique ID: 15130581-d831-4c49-b3b8-a149b02b4ffd,
Billed Duration for Request 15130581-d831-4c49-b3b8-a149b02b4ffd: 114 ms
Input: 1000000,
Cold Start: false
Unique ID: 18a8d897-5eba-46b4-94eb-23364c4ff7b8,
Billed Duration for Request 18a8d897-5eba-46b4-94eb-23364c4ff7b8: 78 ms
Input: 1000000,
Cold Start: false
Unique ID: c0b4a11e-7d2d-4566-80f0-855ab34ae84f,
Billed Duration for Request c0b4a11e-7d2d-4566-80f0-855ab34ae84f: 88 ms
Input: 1000000,
Cold Start: false
Unique ID: 3987d5c3-9311-4e52-9199-2a260bd540b0,
Billed Duration for Request 3987d5c3-9311-4e52-9199-2a260bd540b0: 140 ms
Input: 1000000,
Cold Start: false
Unique ID: e2cdc03f-32aa-4df5-be66-ebfc7dfe6ae3,
Billed Duration for Request e2cdc03f-32aa-4df5-be66-ebfc7dfe6ae3: 74 ms
Input: 1000000,
Cold Start: false
Unique ID: ec937dda-417d-472e-a3d2-f51dcd86344c,
Billed Duration for Request ec937dda-417d-472e-a3d2-f51dcd86344c: 104 ms
Input: 1000000,
Cold Start: false
Unique ID: 40e339b5-b8e1-48a4-a825-edb20d3f6c8f,
Billed Duration for Request 40e339b5-b8e1-48a4-a825-edb20d3f6c8f: 92 ms
Input: 1000000,
Cold Start: false
Unique ID: d22f59bf-ed30-48dc-a866-0d9c4b46beb1,
Billed Duration for Request d22f59bf-ed30-48dc-a866-0d9c4b46beb1: 91 ms
Input: 1000000,
Cold Start: false
Unique ID: 7af1eb77-da8b-448f-a4f9-3bcdbfe42eea,
Billed Duration for Request 7af1eb77-da8b-448f-a4f9-3bcdbfe42eea: 90 ms
Input: 1000000,
Cold Start: false
Unique ID: 8efb27a6-a90e-4fe1-90e2-0f340fc4200d,
Billed Duration for Request 8efb27a6-a90e-4fe1-90e2-0f340fc4200d: 161 ms
Input: 1000000,
Cold Start: false
Unique ID: 1e41e82b-1ad4-4b0f-8244-82206b814684,
Billed Duration for Request 1e41e82b-1ad4-4b0f-8244-82206b814684: 95 ms
Input: 1000000,
Cold Start: false
Unique ID: b0eeeb2f-7f20-480e-aa98-c86d128026e9,
Billed Duration for Request b0eeeb2f-7f20-480e-aa98-c86d128026e9: 88 ms
Input: 1000000,
Cold Start: false
Unique ID: c9f5b264-f2c4-4717-baf6-bedd2e757cc1,
Billed Duration for Request c9f5b264-f2c4-4717-baf6-bedd2e757cc1: 95 ms
Input: 1000000,
Cold Start: false
Unique ID: 385efe8a-5cff-4102-a83d-2a9d0d54814c,
Billed Duration for Request 385efe8a-5cff-4102-a83d-2a9d0d54814c: 96 ms
Input: 1000000,
Cold Start: false
Unique ID: ffea4d9c-1017-44c8-8da3-565a4496d890,
Billed Duration for Request ffea4d9c-1017-44c8-8da3-565a4496d890: 160 ms
Input: 1000000,
Cold Start: false
Unique ID: d198dcfa-2ea8-47f8-bf5a-ba5111ad3fb3,
Billed Duration for Request d198dcfa-2ea8-47f8-bf5a-ba5111ad3fb3: 89 ms
Input: 1000000,
Cold Start: false
Unique ID: 748ced9f-ef41-457d-b515-225c7bfcf088,
Billed Duration for Request 748ced9f-ef41-457d-b515-225c7bfcf088: 79 ms
Input: 1000000,
Cold Start: false
Unique ID: ad9107d1-d90d-4cd1-a0f7-0656b76d307f,
Billed Duration for Request ad9107d1-d90d-4cd1-a0f7-0656b76d307f: 94 ms
Input: 1000000,
Cold Start: false
Unique ID: 3995d372-4844-4782-89e4-3aa158f79769,
Billed Duration for Request 3995d372-4844-4782-89e4-3aa158f79769: 108 ms
Input: 1000000,
Cold Start: false
Unique ID: a185b85d-47ce-43f5-bc28-893d04425819,
Billed Duration for Request a185b85d-47ce-43f5-bc28-893d04425819: 153 ms
Input: 1000000,
Cold Start: false
Unique ID: 0d684717-d0e2-4718-bdf0-6430cbe01c1a,
Billed Duration for Request 0d684717-d0e2-4718-bdf0-6430cbe01c1a: 78 ms
Input: 1000000,
Cold Start: false
Unique ID: 50252ea1-4730-42ad-ae7b-29fe7c9c557a,
Billed Duration for Request 50252ea1-4730-42ad-ae7b-29fe7c9c557a: 92 ms
Input: 1000000,
Cold Start: false
Unique ID: 5189172f-f67c-4592-97a8-d95b9407648f,
Billed Duration for Request 5189172f-f67c-4592-97a8-d95b9407648f: 123 ms
Input: 1000000,
Cold Start: false
Unique ID: d85e6ad9-2e05-4e56-a208-98d6cdd5e073,
Billed Duration for Request d85e6ad9-2e05-4e56-a208-98d6cdd5e073: 149 ms
Input: 1000000,
Cold Start: false
Unique ID: 0b310782-8816-4ff1-b219-bf945e12bd98,
Billed Duration for Request 0b310782-8816-4ff1-b219-bf945e12bd98: 100 ms
Input: 1000000,
Cold Start: false
Unique ID: 17d6a6b3-0166-4b8e-8829-b6c2d74241e6,
Billed Duration for Request 17d6a6b3-0166-4b8e-8829-b6c2d74241e6: 74 ms
Input: 1000000,
Cold Start: false
Unique ID: ed6cae45-aad4-4fb6-b0ad-cfba9907374d,
Billed Duration for Request ed6cae45-aad4-4fb6-b0ad-cfba9907374d: 124 ms
Input: 1000000,
Cold Start: false
Unique ID: 03b586c7-520b-4678-b56e-e310616aaf0e,
Billed Duration for Request 03b586c7-520b-4678-b56e-e310616aaf0e: 90 ms
Input: 1000000,
Cold Start: false
Unique ID: 77705d85-4298-43c3-b702-69c0a1d52f8c,
Billed Duration for Request 77705d85-4298-43c3-b702-69c0a1d52f8c: 97 ms
Input: 1000000,
Cold Start: false
Unique ID: 70a5fdeb-d784-42ce-80f6-29620551fdff,
Billed Duration for Request 70a5fdeb-d784-42ce-80f6-29620551fdff: 95 ms
Input: 1000000,
Cold Start: false
Unique ID: 3514eb8d-ef1d-4f1b-b2f4-f7261424f445,
Billed Duration for Request 3514eb8d-ef1d-4f1b-b2f4-f7261424f445: 105 ms
Input: 1000000,
Cold Start: false
Unique ID: 3aed2a22-f9a5-4d0c-9695-3db6c19244fa,
Billed Duration for Request 3aed2a22-f9a5-4d0c-9695-3db6c19244fa: 110 ms
Input: 1000000,
Cold Start: false
Unique ID: 50da101c-df7e-4f08-b5a5-e40a926efa22,
Billed Duration for Request 50da101c-df7e-4f08-b5a5-e40a926efa22: 96 ms
Input: 1000000,
Cold Start: false
Unique ID: f7958983-3ded-44df-a127-4d4d6f26baf8,
Billed Duration for Request f7958983-3ded-44df-a127-4d4d6f26baf8: 89 ms
Input: 1000000,
Cold Start: false
Unique ID: 8c75a5c7-e04f-44c5-a63e-72363445d207,
Billed Duration for Request 8c75a5c7-e04f-44c5-a63e-72363445d207: 121 ms
Input: 1000000,
Cold Start: false
Unique ID: 723c352c-a3ca-40ea-9fed-2528f15b39da,
Billed Duration for Request 723c352c-a3ca-40ea-9fed-2528f15b39da: 88 ms
Input: 1000000,
Cold Start: false
Unique ID: a53b1a79-b1aa-4957-9fcc-9472d6e4ef9b,
Billed Duration for Request a53b1a79-b1aa-4957-9fcc-9472d6e4ef9b: 83 ms
Input: 1000000,
Cold Start: false
Unique ID: ceed552e-2cf5-4a80-8012-e56914f1522e,
Billed Duration for Request ceed552e-2cf5-4a80-8012-e56914f1522e: 104 ms
Input: 1000000,
Cold Start: false
Unique ID: 4b760051-fe60-4ad5-a7a3-d454562824aa,
Billed Duration for Request 4b760051-fe60-4ad5-a7a3-d454562824aa: 116 ms
Input: 1000000,
Cold Start: false
Unique ID: 6f281384-bdaa-4b01-8f79-8ac203a936d5,
Billed Duration for Request 6f281384-bdaa-4b01-8f79-8ac203a936d5: 94 ms
Input: 1000000,
Cold Start: false
Unique ID: c34f421f-78d1-41a9-8d2d-1d2d65ab692f,
Billed Duration for Request c34f421f-78d1-41a9-8d2d-1d2d65ab692f: 115 ms
Input: 1000000,
Cold Start: false
Unique ID: 501647cc-3d2f-4ee7-80c9-b6de13a161ff,
Billed Duration for Request 501647cc-3d2f-4ee7-80c9-b6de13a161ff: 68 ms
Input: 1000000,
Cold Start: false
Unique ID: ab895a04-eb12-45ad-be34-505b6eee89f4,
Billed Duration for Request ab895a04-eb12-45ad-be34-505b6eee89f4: 76 ms
Input: 1000000,
Cold Start: false
Unique ID: d66c0468-e5d0-4de7-83d8-4a5d01e80e64,
Billed Duration for Request d66c0468-e5d0-4de7-83d8-4a5d01e80e64: 108 ms
Input: 1000000,
Cold Start: false
Unique ID: 934e6d0f-b29c-488a-a6ba-d7caadf9b062,
Billed Duration for Request 934e6d0f-b29c-488a-a6ba-d7caadf9b062: 85 ms
Input: 1000000,
Cold Start: false
Unique ID: dd19159f-62a2-4896-a661-157bdc593959,
Billed Duration for Request dd19159f-62a2-4896-a661-157bdc593959: 93 ms
Input: 1000000,
Cold Start: false
Unique ID: ea77ef2b-221c-427c-9ee3-564447231dc5,
Billed Duration for Request ea77ef2b-221c-427c-9ee3-564447231dc5: 114 ms
Input: 1000000,
Cold Start: false
Unique ID: 350000dc-d6eb-4e1f-acc5-0440af76a17e,
Billed Duration for Request 350000dc-d6eb-4e1f-acc5-0440af76a17e: 120 ms
Input: 1000000,
Cold Start: false
Unique ID: 5b5a7b32-fdd0-462f-b70c-ecb878c76730,
Billed Duration for Request 5b5a7b32-fdd0-462f-b70c-ecb878c76730: 95 ms
Input: 1000000,
Cold Start: false
Unique ID: cae9b6cf-895c-4c61-9dc0-f42683545925,
Billed Duration for Request cae9b6cf-895c-4c61-9dc0-f42683545925: 72 ms
Input: 1000000,
Cold Start: false
Unique ID: 410c4183-cb29-4f69-81fa-21da99ca7b18,
Billed Duration for Request 410c4183-cb29-4f69-81fa-21da99ca7b18: 78 ms
Input: 1000000,
Cold Start: false
Unique ID: 43502233-6643-4e49-afcc-a7d8c529720c,
Billed Duration for Request 43502233-6643-4e49-afcc-a7d8c529720c: 87 ms
Input: 1000000,
Cold Start: false
Unique ID: 00832ac7-4dce-4f60-bdba-dae0e9db2192,
Billed Duration for Request 00832ac7-4dce-4f60-bdba-dae0e9db2192: 116 ms
Input: 1000000,
Cold Start: false
Unique ID: 9591c61c-e851-4655-9d93-a9fb3faaf722,
Billed Duration for Request 9591c61c-e851-4655-9d93-a9fb3faaf722: 110 ms
Input: 1000000,
Cold Start: false
Unique ID: f53688d8-150e-4254-b899-04a02b9a58b0,
Billed Duration for Request f53688d8-150e-4254-b899-04a02b9a58b0: 120 ms
Input: 1000000,
Cold Start: false
Unique ID: 1b05275a-9928-4392-a85f-0d9badb1c3e3,
Billed Duration for Request 1b05275a-9928-4392-a85f-0d9badb1c3e3: 87 ms
Input: 1000000,
Cold Start: false
Unique ID: 6ca60096-bf91-4b7e-92f0-c53c94c934c2,
Billed Duration for Request 6ca60096-bf91-4b7e-92f0-c53c94c934c2: 91 ms
Input: 1000000,
Cold Start: false
Unique ID: 466e6c32-5b0a-4100-99cf-ed014de51c09,
Billed Duration for Request 466e6c32-5b0a-4100-99cf-ed014de51c09: 94 ms
Input: 1000000,
Cold Start: false
Unique ID: b32ffcab-e894-4a3d-ad7c-b119a7b2e05d,
Billed Duration for Request b32ffcab-e894-4a3d-ad7c-b119a7b2e05d: 117 ms
Input: 1000000,
Cold Start: false
Unique ID: 66db56f5-82df-4c42-93e4-1fab1efc5f88,
Billed Duration for Request 66db56f5-82df-4c42-93e4-1fab1efc5f88: 106 ms
Input: 1000000,
Cold Start: false
Unique ID: b1273483-628f-4805-ae78-cc9db881786c,
Billed Duration for Request b1273483-628f-4805-ae78-cc9db881786c: 88 ms
Input: 1000000,
Cold Start: false
Unique ID: 80a41a41-2b2d-4a9c-bb3d-f805c27d0f51,
Billed Duration for Request 80a41a41-2b2d-4a9c-bb3d-f805c27d0f51: 84 ms
Input: 1000000,
Cold Start: false
Unique ID: 507962a6-21c1-4a4b-a76f-fd501b4c25f6,
Billed Duration for Request 507962a6-21c1-4a4b-a76f-fd501b4c25f6: 89 ms
Input: 1000000,
Cold Start: false
Unique ID: 52efc79a-8df9-4dfe-b57f-5c035ae2a3d0,
Billed Duration for Request 52efc79a-8df9-4dfe-b57f-5c035ae2a3d0: 106 ms
Input: 1000000,
Cold Start: false
Unique ID: 97d4ada3-afdc-4846-b140-aae741281e5f,
Billed Duration for Request 97d4ada3-afdc-4846-b140-aae741281e5f: 114 ms
Input: 1000000,
Cold Start: false
Unique ID: ec3d0279-b6bc-45ed-90ad-9b237e429423,
Billed Duration for Request ec3d0279-b6bc-45ed-90ad-9b237e429423: 136 ms
Input: 1000000,
Cold Start: false
Unique ID: 4e752d0a-8506-4a3c-9d42-cfed05217253,
Billed Duration for Request 4e752d0a-8506-4a3c-9d42-cfed05217253: 86 ms
Input: 1000000,
Cold Start: false
Unique ID: 4d46c959-3ca9-42e2-aae0-e77fb3945686,
Billed Duration for Request 4d46c959-3ca9-42e2-aae0-e77fb3945686: 71 ms
Input: 1000000,
Cold Start: false
Unique ID: 0292e799-1e81-425a-b2a9-6f4bbf8ba944,
Billed Duration for Request 0292e799-1e81-425a-b2a9-6f4bbf8ba944: 93 ms
Input: 1000000,
Cold Start: false
Unique ID: c42eb9b7-6542-449b-b959-b762d9daa6c9,
Billed Duration for Request c42eb9b7-6542-449b-b959-b762d9daa6c9: 110 ms
Input: 1000000,
Cold Start: false
Unique ID: 2b557624-9a92-4b95-8311-eb8237421104,
Billed Duration for Request 2b557624-9a92-4b95-8311-eb8237421104: 94 ms
Input: 1000000,
Cold Start: false
Unique ID: bbc57252-6db9-4981-bf27-5e886c74b141,
Billed Duration for Request bbc57252-6db9-4981-bf27-5e886c74b141: 108 ms
Input: 1000000,
Cold Start: false
Unique ID: 0bdafaf3-fa1a-4d0d-8e58-baf8a76fb25a,
Billed Duration for Request 0bdafaf3-fa1a-4d0d-8e58-baf8a76fb25a: 76 ms
Input: 1000000,
Cold Start: false
Unique ID: a9518687-6325-44a2-8964-c0a0f68fa530,
Billed Duration for Request a9518687-6325-44a2-8964-c0a0f68fa530: 98 ms
Input: 1000000,
Cold Start: false
Unique ID: cecfe320-3ba6-4d98-b427-56f23360b241,
Billed Duration for Request cecfe320-3ba6-4d98-b427-56f23360b241: 96 ms
Input: 1000000,
Cold Start: false
Unique ID: bb0b290f-0384-4c8a-a06a-ee811624e9e7,
Billed Duration for Request bb0b290f-0384-4c8a-a06a-ee811624e9e7: 127 ms
Input: 1000000,
Cold Start: false
Unique ID: 76917c82-e96e-4f9a-ab21-5cf6daa75424,
Billed Duration for Request 76917c82-e96e-4f9a-ab21-5cf6daa75424: 71 ms
Input: 1000000,
Cold Start: false
Unique ID: a3ba62fb-927b-4285-90d4-cdfe0fdf597c,
Billed Duration for Request a3ba62fb-927b-4285-90d4-cdfe0fdf597c: 106 ms
Input: 1000000,
Cold Start: false
Unique ID: 9072f018-4f47-49aa-a6e6-a2c44ae21bdd,
Billed Duration for Request 9072f018-4f47-49aa-a6e6-a2c44ae21bdd: 85 ms
Input: 1000000,
Cold Start: false
Unique ID: 532d3b8a-6af9-4c14-a6d2-793eee8a8f70,
Billed Duration for Request 532d3b8a-6af9-4c14-a6d2-793eee8a8f70: 116 ms
Input: 1000000,
Cold Start: false
Unique ID: 9247810f-3d15-4b3b-a62e-3493c371d95e,
Billed Duration for Request 9247810f-3d15-4b3b-a62e-3493c371d95e: 95 ms
Input: 1000000,
Cold Start: false
Unique ID: 2327db2a-8e32-4d1e-bb34-0dd290dd0d10,
Billed Duration for Request 2327db2a-8e32-4d1e-bb34-0dd290dd0d10: 126 ms
Input: 1000000,
Cold Start: false
Unique ID: 34067429-1999-417d-b1e7-9a9621c6a1d3,
Billed Duration for Request 34067429-1999-417d-b1e7-9a9621c6a1d3: 95 ms
Input: 1000000,
Cold Start: false
Unique ID: d12dacb5-fb59-42c7-b55c-02a4ccba90e6,
Billed Duration for Request d12dacb5-fb59-42c7-b55c-02a4ccba90e6: 120 ms
Input: 1000000,
Cold Start: false
Unique ID: 4e96b14f-6dc3-4112-a119-82bd546a01f0,
Billed Duration for Request 4e96b14f-6dc3-4112-a119-82bd546a01f0: 80 ms
Input: 1000000,
Cold Start: false
Unique ID: 9ee0142e-4a1e-4c8a-bbb5-6a2783168978,
Billed Duration for Request 9ee0142e-4a1e-4c8a-bbb5-6a2783168978: 94 ms
Input: 1000000,
Cold Start: false
Unique ID: 9bf88c0f-483a-4225-85b6-9cb592ff7bdc,
Billed Duration for Request 9bf88c0f-483a-4225-85b6-9cb592ff7bdc: 91 ms
Input: 1000000,
Cold Start: false
Unique ID: 0dbd5bb7-2e06-4ad0-a9ea-ec9b7a1084f0,
Billed Duration for Request 0dbd5bb7-2e06-4ad0-a9ea-ec9b7a1084f0: 68 ms
Input: 1000000,
Cold Start: false
Unique ID: 6835ab97-99c0-40c3-8659-846a9eee8b02,
Billed Duration for Request 6835ab97-99c0-40c3-8659-846a9eee8b02: 117 ms
Input: 1000000,
Cold Start: false
Unique ID: e6964bee-b9e1-49d4-a594-a462322e6ba0,
Billed Duration for Request e6964bee-b9e1-49d4-a594-a462322e6ba0: 110 ms
Input: 1000000,
Cold Start: false
Unique ID: dffbdc40-09fe-4212-9563-a5c0980354be,
Billed Duration for Request dffbdc40-09fe-4212-9563-a5c0980354be: 95 ms
Input: 1000000,
Cold Start: false
Unique ID: 38c94bb5-568d-4c68-b8d7-7007c6e1e7e8,
Billed Duration for Request 38c94bb5-568d-4c68-b8d7-7007c6e1e7e8: 91 ms
Input: 1000000,
Cold Start: false
Unique ID: 02fb7267-4194-481d-ac83-98d702ff1f73,
Billed Duration for Request 02fb7267-4194-481d-ac83-98d702ff1f73: 88 ms
Input: 1000000,
Cold Start: false
Unique ID: 87dbb9fc-b5ea-45d1-bfce-1ea0fb9fe40b,
Billed Duration for Request 87dbb9fc-b5ea-45d1-bfce-1ea0fb9fe40b: 88 ms
Input: 1000000,
Cold Start: false
Unique ID: f30329d6-875f-4b9f-a165-fa72835c5351,
Billed Duration for Request f30329d6-875f-4b9f-a165-fa72835c5351: 92 ms
Input: 1000000,
Cold Start: false
Unique ID: be2992ff-e92c-4286-be85-95304d898b5f,
Billed Duration for Request be2992ff-e92c-4286-be85-95304d898b5f: 110 ms
Input: 1000000,
Cold Start: false
Unique ID: 34b80509-ade0-4349-8556-e44fb3133324,
Billed Duration for Request 34b80509-ade0-4349-8556-e44fb3133324: 92 ms
Input: 1000000,
Cold Start: false
Unique ID: 95507b7c-e9f4-4619-8946-09a8c9a66eec,
Billed Duration for Request 95507b7c-e9f4-4619-8946-09a8c9a66eec: 111 ms
Input: 1000000,
Cold Start: false
Unique ID: ea268c73-6098-4737-9155-79e275e09442,
Billed Duration for Request ea268c73-6098-4737-9155-79e275e09442: 79 ms
Input: 1000000,
Cold Start: false
Unique ID: a77479af-478a-486f-8c1f-3bbc97fd5c35,
Billed Duration for Request a77479af-478a-486f-8c1f-3bbc97fd5c35: 109 ms
Input: 1000000,
Cold Start: false
Unique ID: 02d1d438-d262-442e-930e-eecd86bec8ed,
Billed Duration for Request 02d1d438-d262-442e-930e-eecd86bec8ed: 72 ms
Input: 1000000,
Cold Start: false
Unique ID: 6bebdec8-837b-4d64-80df-1a607525a138,
Billed Duration for Request 6bebdec8-837b-4d64-80df-1a607525a138: 107 ms
Input: 1000000,
Cold Start: false
Unique ID: 13e79fc6-3a42-465b-9a16-6f659cba9dc0,
Billed Duration for Request 13e79fc6-3a42-465b-9a16-6f659cba9dc0: 82 ms
Input: 1000000,
Cold Start: false
Unique ID: 55bcbb6e-b763-4dff-8390-c8ebf3e1b1aa,
Billed Duration for Request 55bcbb6e-b763-4dff-8390-c8ebf3e1b1aa: 90 ms
Input: 1000000,
Cold Start: false
Unique ID: 77b6bac6-5200-4b10-adb2-8ac3c453a80f,
Billed Duration for Request 77b6bac6-5200-4b10-adb2-8ac3c453a80f: 95 ms
Input: 1000000,
Cold Start: false
Unique ID: 4389664a-492e-4e38-a0ae-22574cb3c286,
Billed Duration for Request 4389664a-492e-4e38-a0ae-22574cb3c286: 154 ms
Input: 1000000,
Cold Start: false
Unique ID: 22009d7f-50bc-492f-a305-0bc7bb74511c,
Billed Duration for Request 22009d7f-50bc-492f-a305-0bc7bb74511c: 68 ms
Input: 1000000,
Cold Start: false
Unique ID: 6103a1f0-baf7-478b-bfba-77846faf2402,
Billed Duration for Request 6103a1f0-baf7-478b-bfba-77846faf2402: 89 ms
Input: 1000000,
Cold Start: false
Unique ID: 4101da09-c220-4019-85bf-809261801316,
Billed Duration for Request 4101da09-c220-4019-85bf-809261801316: 106 ms
Input: 1000000,
Cold Start: false
Unique ID: c39d6633-ec41-49af-a8c7-b68d42f1e043,
Billed Duration for Request c39d6633-ec41-49af-a8c7-b68d42f1e043: 121 ms
Input: 1000000,
Cold Start: false
Unique ID: 88ea7772-c409-4cd8-a098-dc7fb7679042,
Billed Duration for Request 88ea7772-c409-4cd8-a098-dc7fb7679042: 76 ms
Input: 1000000,
Cold Start: false
Unique ID: cfe832f0-c454-41e5-9845-9f24a6d715e7,
Billed Duration for Request cfe832f0-c454-41e5-9845-9f24a6d715e7: 90 ms
Input: 1000000,
Cold Start: false
Unique ID: b058d81f-2148-4bfc-810b-991015a01935,
Billed Duration for Request b058d81f-2148-4bfc-810b-991015a01935: 97 ms
Input: 1000000,
Cold Start: false
Unique ID: d24bd59c-828f-496c-8495-3176434c9d9d,
Billed Duration for Request d24bd59c-828f-496c-8495-3176434c9d9d: 85 ms
Input: 1000000,
Cold Start: false
Unique ID: 5868ce14-79ec-464e-ac50-2e7bd5a2294d,
Billed Duration for Request 5868ce14-79ec-464e-ac50-2e7bd5a2294d: 143 ms
Input: 1000000,
Cold Start: false
Unique ID: 71801774-93e1-4924-926a-c17beb21d01f,
Billed Duration for Request 71801774-93e1-4924-926a-c17beb21d01f: 102 ms
Input: 1000000,
Cold Start: false
Unique ID: 698fcda4-5a88-486b-b0d6-1aa5d77da547,
Billed Duration for Request 698fcda4-5a88-486b-b0d6-1aa5d77da547: 98 ms
Input: 1000000,
Cold Start: false
Unique ID: 70a57b0b-192a-4342-ba09-2e3a2623e217,
Billed Duration for Request 70a57b0b-192a-4342-ba09-2e3a2623e217: 71 ms
Input: 1000000,
Cold Start: false
Unique ID: 3497a546-f9eb-448a-881f-0e69c51b74d3,
Billed Duration for Request 3497a546-f9eb-448a-881f-0e69c51b74d3: 114 ms
Input: 1000000,
Cold Start: false
Unique ID: c3c58178-7de5-45e9-b741-31c68604f747,
Billed Duration for Request c3c58178-7de5-45e9-b741-31c68604f747: 87 ms
Input: 1000000,
Cold Start: false
Unique ID: 87c99bf1-3321-4ab4-b791-cd1a9b9968e9,
Billed Duration for Request 87c99bf1-3321-4ab4-b791-cd1a9b9968e9: 138 ms
Input: 1000000,
Cold Start: false
Unique ID: a0399b0d-233d-44b6-8fe4-080e56896268,
Billed Duration for Request a0399b0d-233d-44b6-8fe4-080e56896268: 86 ms
Input: 1000000,
Cold Start: false
Unique ID: 0f258ce5-c416-4905-bc01-7103d91cd6e9,
Billed Duration for Request 0f258ce5-c416-4905-bc01-7103d91cd6e9: 79 ms
Input: 1000000,
Cold Start: false
Unique ID: 2c0e40ad-ecd4-46dc-9dc6-d8291039a854,
Billed Duration for Request 2c0e40ad-ecd4-46dc-9dc6-d8291039a854: 85 ms
Input: 1000000,
Cold Start: false
Unique ID: fdddb963-d2ed-4dd6-8e59-cb0a1c7fab54,
Billed Duration for Request fdddb963-d2ed-4dd6-8e59-cb0a1c7fab54: 89 ms
Input: 1000000,
Cold Start: false
Unique ID: 3848c599-4ff1-4cb2-b4f3-13db72c09536,
Billed Duration for Request 3848c599-4ff1-4cb2-b4f3-13db72c09536: 128 ms
Input: 1000000,
Cold Start: false
Unique ID: aa8a6f43-c3e6-49e5-8182-1afc861957df,
Billed Duration for Request aa8a6f43-c3e6-49e5-8182-1afc861957df: 75 ms
Input: 1000000,
Cold Start: false
Unique ID: 3d9b3779-b56e-401f-aa84-49a5b800f9c8,
Billed Duration for Request 3d9b3779-b56e-401f-aa84-49a5b800f9c8: 107 ms
Input: 1000000,
Cold Start: false
Unique ID: 728abb28-3f94-404e-910a-b218bb6351a8,
Billed Duration for Request 728abb28-3f94-404e-910a-b218bb6351a8: 87 ms
Input: 1000000,
Cold Start: false
Unique ID: f2d42064-2344-45d0-9ec3-4537dff0c577,
Billed Duration for Request f2d42064-2344-45d0-9ec3-4537dff0c577: 92 ms
Input: 1000000,
Cold Start: false
Unique ID: bb88815a-ef4b-45fd-a4be-5c74fb847483,
Billed Duration for Request bb88815a-ef4b-45fd-a4be-5c74fb847483: 95 ms
Input: 1000000,
Cold Start: false
Unique ID: 221d5f65-982c-40c4-848e-eb4161fee305,
Billed Duration for Request 221d5f65-982c-40c4-848e-eb4161fee305: 108 ms
Input: 1000000,
Cold Start: false
Unique ID: 48a0c1e5-7068-4a2b-8c13-b684fd6cff20,
Billed Duration for Request 48a0c1e5-7068-4a2b-8c13-b684fd6cff20: 80 ms
Input: 1000000,
Cold Start: false
Unique ID: 20ebbe9c-839d-4da3-8d1f-214b71c78e5c,
Billed Duration for Request 20ebbe9c-839d-4da3-8d1f-214b71c78e5c: 113 ms
Input: 1000000,
Cold Start: false
Unique ID: fca2715f-f259-479b-b2f4-01819234df0c,
Billed Duration for Request fca2715f-f259-479b-b2f4-01819234df0c: 95 ms
Input: 1000000,
Cold Start: false
Unique ID: 06828e02-805e-4c9a-8b27-604b50ee21d0,
Billed Duration for Request 06828e02-805e-4c9a-8b27-604b50ee21d0: 73 ms
Input: 1000000,
Cold Start: false
Unique ID: 0ebb622a-8818-441c-a330-f9925bb3b7b9,
Billed Duration for Request 0ebb622a-8818-441c-a330-f9925bb3b7b9: 92 ms
Input: 1000000,
Cold Start: false
Unique ID: 7753a31e-3d81-4fed-943e-e414388e9a63,
Billed Duration for Request 7753a31e-3d81-4fed-943e-e414388e9a63: 156 ms
Input: 1000000,
Cold Start: false
Unique ID: 3e209b28-7802-430f-bc32-4aef6a23beab,
Billed Duration for Request 3e209b28-7802-430f-bc32-4aef6a23beab: 116 ms
Input: 1000000,
Cold Start: false
Unique ID: 7801668f-4b9e-41fe-a230-4c1595d4c12d,
Billed Duration for Request 7801668f-4b9e-41fe-a230-4c1595d4c12d: 105 ms
Input: 1000000,
Cold Start: false
Unique ID: 7fe3a534-deda-4eec-aaf1-ef77cfda8098,
Billed Duration for Request 7fe3a534-deda-4eec-aaf1-ef77cfda8098: 94 ms
Input: 1000000,
Cold Start: false
Unique ID: fb9edaf9-f7cb-451a-ab85-3b64a3d3d325,
Billed Duration for Request fb9edaf9-f7cb-451a-ab85-3b64a3d3d325: 86 ms
Input: 1000000,
Cold Start: false
Unique ID: 356b2790-7bd0-4e57-8c3c-b0413e347627,
Billed Duration for Request 356b2790-7bd0-4e57-8c3c-b0413e347627: 96 ms
Input: 1000000,
Cold Start: false
Unique ID: 99aec30c-c289-4870-b8b6-ca39b1025f18,
Billed Duration for Request 99aec30c-c289-4870-b8b6-ca39b1025f18: 94 ms
Input: 1000000,
Cold Start: false
Unique ID: 53b41865-510d-4983-be3b-efd146bc7202,
Billed Duration for Request 53b41865-510d-4983-be3b-efd146bc7202: 98 ms
Input: 1000000,
Cold Start: false
Unique ID: 4a3cf95e-9832-411a-8d7d-01b13e81e082,
Billed Duration for Request 4a3cf95e-9832-411a-8d7d-01b13e81e082: 86 ms
Input: 1000000,
Cold Start: false
Unique ID: 1ddd4c2e-316f-4937-98a8-70fc7f5bea2f,
Billed Duration for Request 1ddd4c2e-316f-4937-98a8-70fc7f5bea2f: 93 ms
Input: 1000000,
Cold Start: false
Unique ID: 4deba419-5ee0-44d4-8350-c498cc3b94c9,
Billed Duration for Request 4deba419-5ee0-44d4-8350-c498cc3b94c9: 95 ms
Input: 1000000,
Cold Start: false
Unique ID: 46addfb9-5341-4547-9996-f339b89498d9,
Billed Duration for Request 46addfb9-5341-4547-9996-f339b89498d9: 101 ms
Input: 1000000,
Cold Start: false
Unique ID: 63c767db-4106-4741-a115-8a4b1e7fe7ed,
Billed Duration for Request 63c767db-4106-4741-a115-8a4b1e7fe7ed: 143 ms
Input: 1000000,
Cold Start: false
Unique ID: 4b5d45c2-e045-43bc-9ffb-aa678abc831f,
Billed Duration for Request 4b5d45c2-e045-43bc-9ffb-aa678abc831f: 83 ms
Input: 1000000,
Cold Start: false
Unique ID: 8f6c2188-38d1-4292-8a68-65c8944f6a4d,
Billed Duration for Request 8f6c2188-38d1-4292-8a68-65c8944f6a4d: 74 ms
Input: 1000000,
Cold Start: false
Unique ID: 28df3753-9fc3-4db6-a2eb-f06ae607cb6d,
Billed Duration for Request 28df3753-9fc3-4db6-a2eb-f06ae607cb6d: 101 ms
Input: 1000000,
Cold Start: false
Unique ID: 5eaf521f-a113-40bd-ae60-fb726dd847a0,
Billed Duration for Request 5eaf521f-a113-40bd-ae60-fb726dd847a0: 88 ms
Input: 1000000,
Cold Start: false
Unique ID: d3b72c77-5ccb-461a-9233-a7d87c3d815a,
Billed Duration for Request d3b72c77-5ccb-461a-9233-a7d87c3d815a: 135 ms
Input: 1000000,
Cold Start: false
Unique ID: 3bed3eed-da1e-414f-996a-ccbfba8861f6,
Billed Duration for Request 3bed3eed-da1e-414f-996a-ccbfba8861f6: 129 ms
Input: 1000000,
Cold Start: false
Unique ID: 4b282eeb-e023-4939-a1bf-ec70de88cdc0,
Billed Duration for Request 4b282eeb-e023-4939-a1bf-ec70de88cdc0: 94 ms
Input: 1000000,
Cold Start: false
Unique ID: c9e3ef73-25ad-480d-8a77-b518be73577c,
Billed Duration for Request c9e3ef73-25ad-480d-8a77-b518be73577c: 93 ms
Input: 1000000,
Cold Start: false
Unique ID: 725a5f0f-8905-4139-909c-a230b1be9772,
Billed Duration for Request 725a5f0f-8905-4139-909c-a230b1be9772: 135 ms
Input: 1000000,
Cold Start: false
Unique ID: 56254d5a-cfa7-4d31-8f7b-e8e2686080ff,
Billed Duration for Request 56254d5a-cfa7-4d31-8f7b-e8e2686080ff: 75 ms
Input: 1000000,
Cold Start: false
Unique ID: 55ac01d8-cfb8-484f-8dd4-c98af2719af2,
Billed Duration for Request 55ac01d8-cfb8-484f-8dd4-c98af2719af2: 106 ms
Input: 1000000,
Cold Start: false
Unique ID: 1519f8dc-aee5-4603-93fe-0f6886f26cfc,
Billed Duration for Request 1519f8dc-aee5-4603-93fe-0f6886f26cfc: 151 ms
Input: 1000000,
Cold Start: false
Unique ID: be06b8af-a850-4d22-955f-822099264b5c,
Billed Duration for Request be06b8af-a850-4d22-955f-822099264b5c: 81 ms
Input: 1000000,
Cold Start: false
Unique ID: 121bec21-073b-487a-a0cc-157486233a88,
Billed Duration for Request 121bec21-073b-487a-a0cc-157486233a88: 106 ms
Input: 1000000,
Cold Start: false
Unique ID: 2cc41eeb-0274-432e-919b-ca4969e0b370,
Billed Duration for Request 2cc41eeb-0274-432e-919b-ca4969e0b370: 81 ms
Input: 1000000,
Cold Start: false
Unique ID: efccccc7-8bbf-4faa-a88d-d98869d107f6,
Billed Duration for Request efccccc7-8bbf-4faa-a88d-d98869d107f6: 75 ms
Input: 1000000,
Cold Start: false
Unique ID: 5e4d9984-b4c2-47eb-ab81-d16bfc3bd533,
Billed Duration for Request 5e4d9984-b4c2-47eb-ab81-d16bfc3bd533: 90 ms
Input: 1000000,
Cold Start: false
Unique ID: 2c2764ac-d141-4844-a870-c6453336c593,
Billed Duration for Request 2c2764ac-d141-4844-a870-c6453336c593: 120 ms
Input: 1000000,
Cold Start: false
Unique ID: 16ca3d3b-a968-45f5-a4a5-c9d5c790f8b0,
Billed Duration for Request 16ca3d3b-a968-45f5-a4a5-c9d5c790f8b0: 92 ms
Input: 1000000,
Cold Start: false
Unique ID: d8734bae-a253-446f-a7f8-b62e2629754a,
Billed Duration for Request d8734bae-a253-446f-a7f8-b62e2629754a: 112 ms
Input: 1000000,
Cold Start: false
Unique ID: 121db575-5ab2-418a-9ab9-60f78e09962a,
Billed Duration for Request 121db575-5ab2-418a-9ab9-60f78e09962a: 82 ms
Input: 1000000,
Cold Start: false
Unique ID: 8e25cd1c-2130-4415-be0c-6e2d66cce763,
Billed Duration for Request 8e25cd1c-2130-4415-be0c-6e2d66cce763: 102 ms
Input: 1000000,
Cold Start: false
Unique ID: de7bb959-730e-4dad-b4f3-14f479ace061,
Billed Duration for Request de7bb959-730e-4dad-b4f3-14f479ace061: 80 ms
Input: 1000000,
Cold Start: false
Unique ID: 8a221edb-649c-4040-8d90-61ba68cbe662,
Billed Duration for Request 8a221edb-649c-4040-8d90-61ba68cbe662: 92 ms
Input: 1000000,
Cold Start: false
Unique ID: 47f9af94-f32c-42af-b8ac-ddc00f337ad4,
Billed Duration for Request 47f9af94-f32c-42af-b8ac-ddc00f337ad4: 103 ms
Input: 1000000,
Cold Start: false
Unique ID: f768fd7d-de5c-450a-86e5-d60ca4d83a27,
Billed Duration for Request f768fd7d-de5c-450a-86e5-d60ca4d83a27: 106 ms
Input: 1000000,
Cold Start: false
Unique ID: 4943ff3c-f06e-4d48-80fd-6acb321c6e02,
Billed Duration for Request 4943ff3c-f06e-4d48-80fd-6acb321c6e02: 75 ms
Input: 1000000,
Cold Start: false
Unique ID: 81875e13-51d4-4866-82fc-53a3c2db771c,
Billed Duration for Request 81875e13-51d4-4866-82fc-53a3c2db771c: 91 ms
Input: 1000000,
Cold Start: false
Unique ID: 628ce2d2-5831-4f54-a8ce-ec1fa0c8eb45,
Billed Duration for Request 628ce2d2-5831-4f54-a8ce-ec1fa0c8eb45: 86 ms
Input: 1000000,
Cold Start: false
Unique ID: 4dcf8340-8497-47df-adf5-0c3d41ab93f7,
Billed Duration for Request 4dcf8340-8497-47df-adf5-0c3d41ab93f7: 158 ms
Input: 1000000,
Cold Start: false
Unique ID: 634577f5-5f83-4406-98af-ccfd90621858,
Billed Duration for Request 634577f5-5f83-4406-98af-ccfd90621858: 92 ms
Input: 1000000,
Cold Start: false
Unique ID: dc8b7289-963a-455d-8610-656da2905129,
Billed Duration for Request dc8b7289-963a-455d-8610-656da2905129: 107 ms
Input: 1000000,
Cold Start: false
Unique ID: 0083e163-116e-4446-adb5-c96a50160244,
Billed Duration for Request 0083e163-116e-4446-adb5-c96a50160244: 114 ms
Input: 1000000,
Cold Start: false
Unique ID: cfe836ca-a0f6-47e6-84fe-afdca47a578a,
Billed Duration for Request cfe836ca-a0f6-47e6-84fe-afdca47a578a: 90 ms
Input: 1000000,
Cold Start: false
Unique ID: 7a91fb4c-2a2a-4be5-8038-b639d247a3f9,
Billed Duration for Request 7a91fb4c-2a2a-4be5-8038-b639d247a3f9: 151 ms
Input: 1000000,
Cold Start: false
Unique ID: 2624bbc1-d313-4550-83c0-6d26eb9bd170,
Billed Duration for Request 2624bbc1-d313-4550-83c0-6d26eb9bd170: 86 ms
Input: 1000000,
Cold Start: false
Unique ID: b92e8264-c689-49da-b877-31d197c5f734,
Billed Duration for Request b92e8264-c689-49da-b877-31d197c5f734: 89 ms
Input: 1000000,
Cold Start: false
Unique ID: 1581fb96-05ff-4a17-91a9-c5aa87cecdcb,
Billed Duration for Request 1581fb96-05ff-4a17-91a9-c5aa87cecdcb: 93 ms
Input: 1000000,
Cold Start: false
Unique ID: 77718559-c098-4c66-b92e-e86974b3aa3c,
Billed Duration for Request 77718559-c098-4c66-b92e-e86974b3aa3c: 95 ms
Input: 1000000,
Cold Start: false
Unique ID: ff558e89-9151-432e-9ecd-6700bb461189,
Billed Duration for Request ff558e89-9151-432e-9ecd-6700bb461189: 91 ms
Input: 1000000,
Cold Start: false
Unique ID: f8c9b1ca-f540-4508-b80f-f78147507f42,
Billed Duration for Request f8c9b1ca-f540-4508-b80f-f78147507f42: 106 ms
Input: 1000000,
Cold Start: false
Unique ID: 541b0efa-eba7-4cf4-ad23-48c129a74da3,
Billed Duration for Request 541b0efa-eba7-4cf4-ad23-48c129a74da3: 137 ms
Input: 1000000,
Cold Start: false
Unique ID: ef6005d7-b525-4a8f-9a85-bb66a3326c67,
Billed Duration for Request ef6005d7-b525-4a8f-9a85-bb66a3326c67: 87 ms
Input: 1000000,
Cold Start: false
Unique ID: f3d4c440-3548-432b-b90d-45fa0cd0b149,
Billed Duration for Request f3d4c440-3548-432b-b90d-45fa0cd0b149: 120 ms
Input: 1000000,
Cold Start: false
Unique ID: ea0d0c89-bbeb-480d-bec2-4ce31f48c40f,
Billed Duration for Request ea0d0c89-bbeb-480d-bec2-4ce31f48c40f: 88 ms
Input: 1000000,
Cold Start: false
Unique ID: 7f490563-a93c-4430-9ac8-c169afedd874,
Billed Duration for Request 7f490563-a93c-4430-9ac8-c169afedd874: 92 ms
Input: 1000000,
Cold Start: false
Unique ID: 73e4a6cb-6471-4499-bc1e-0b91b044b352,
Billed Duration for Request 73e4a6cb-6471-4499-bc1e-0b91b044b352: 107 ms
Input: 1000000,
Cold Start: false
Unique ID: c07d8512-9b5d-46ca-967c-8786d4d08c32,
Billed Duration for Request c07d8512-9b5d-46ca-967c-8786d4d08c32: 122 ms
Input: 1000000,
Cold Start: false
Unique ID: b88a5e75-b060-4e0a-8857-c6cb8817b59c,
Billed Duration for Request b88a5e75-b060-4e0a-8857-c6cb8817b59c: 81 ms
Input: 1000000,
Cold Start: false
Unique ID: 5d7d3c1f-1c0a-4249-b604-f187c65f9dd9,
Billed Duration for Request 5d7d3c1f-1c0a-4249-b604-f187c65f9dd9: 121 ms
Input: 1000000,
Cold Start: false
Unique ID: 40b961c3-f983-42be-afb7-5a84ec238cb2,
Billed Duration for Request 40b961c3-f983-42be-afb7-5a84ec238cb2: 91 ms
Input: 1000000,
Cold Start: false
Unique ID: c34027dd-4a5a-40af-b67e-de47a7e9a026,
Billed Duration for Request c34027dd-4a5a-40af-b67e-de47a7e9a026: 126 ms
Input: 1000000,
Cold Start: false
Unique ID: 6a16ac1a-2ca7-4044-9483-1481d2d89869,
Billed Duration for Request 6a16ac1a-2ca7-4044-9483-1481d2d89869: 77 ms
Input: 1000000,
Cold Start: false
Unique ID: f191f4e6-e281-46c2-8ba8-236a7899db4f,
Billed Duration for Request f191f4e6-e281-46c2-8ba8-236a7899db4f: 88 ms
Input: 1000000,
Cold Start: false
Unique ID: 21456e93-c86b-43da-9cee-caf884011862,
Billed Duration for Request 21456e93-c86b-43da-9cee-caf884011862: 119 ms
Input: 1000000,
Cold Start: false
Unique ID: e1626ba5-5211-4d01-9f88-4b2cb7f31374,
Billed Duration for Request e1626ba5-5211-4d01-9f88-4b2cb7f31374: 73 ms
Input: 1000000,
Cold Start: false
Unique ID: 43b4015a-40e9-41fb-a3d6-9c7cd3946cff,
Billed Duration for Request 43b4015a-40e9-41fb-a3d6-9c7cd3946cff: 100 ms
Input: 1000000,
Cold Start: false
Unique ID: 7395f2ba-b5e1-4bc2-a0ba-77f317f2ad9a,
Billed Duration for Request 7395f2ba-b5e1-4bc2-a0ba-77f317f2ad9a: 89 ms
Input: 1000000,
Cold Start: false
Unique ID: c524c2b9-4059-4591-9552-8de0ad4cc011,
Billed Duration for Request c524c2b9-4059-4591-9552-8de0ad4cc011: 92 ms
Input: 1000000,
Cold Start: false
Unique ID: db29e988-da8f-4ebf-ab15-b73c99735dca,
Billed Duration for Request db29e988-da8f-4ebf-ab15-b73c99735dca: 103 ms
Input: 1000000,
Cold Start: false
Unique ID: 0e5c58f5-473d-42b1-a94d-6a97b68d5502,
Billed Duration for Request 0e5c58f5-473d-42b1-a94d-6a97b68d5502: 90 ms
Input: 1000000,
Cold Start: false
Unique ID: 34a87fc5-1b45-4155-ae53-150674efe49a,
Billed Duration for Request 34a87fc5-1b45-4155-ae53-150674efe49a: 85 ms
Input: 1000000,
Cold Start: false
Unique ID: 992cde67-15f9-480f-95d8-8c7562528755,
Billed Duration for Request 992cde67-15f9-480f-95d8-8c7562528755: 96 ms
Input: 1000000,
Cold Start: false
Unique ID: 6e263473-11a2-4613-8edc-cf655d7f5053,
Billed Duration for Request 6e263473-11a2-4613-8edc-cf655d7f5053: 128 ms
Input: 1000000,
Cold Start: false
Unique ID: 3d21b53c-3eba-433f-8457-6d3028fd28bb,
Billed Duration for Request 3d21b53c-3eba-433f-8457-6d3028fd28bb: 79 ms
Input: 1000000,
Cold Start: false
Unique ID: 2a42b158-ab5c-4931-9ea1-e913d3d8b115,
Billed Duration for Request 2a42b158-ab5c-4931-9ea1-e913d3d8b115: 110 ms
Input: 1000000,
Cold Start: false
Unique ID: 07a5108e-40fe-4455-b0b1-07f216574d75,
Billed Duration for Request 07a5108e-40fe-4455-b0b1-07f216574d75: 76 ms
Input: 1000000,
Cold Start: false
Unique ID: ffa958c2-cbda-4c55-8aec-8d7d18fdd35d,
Billed Duration for Request ffa958c2-cbda-4c55-8aec-8d7d18fdd35d: 109 ms
Input: 1000000,
Cold Start: false
Unique ID: ed1261c7-6ec1-4b14-9d8e-abfeedf6efd6,
Billed Duration for Request ed1261c7-6ec1-4b14-9d8e-abfeedf6efd6: 97 ms
Input: 1000000,
Cold Start: false
Unique ID: 85b760b7-11e3-4e45-8a7e-649a83075e83,
Billed Duration for Request 85b760b7-11e3-4e45-8a7e-649a83075e83: 126 ms
Input: 1000000,
Cold Start: false
Unique ID: fee0e3a3-e9e4-46e8-a3ea-ada3c20d98d4,
Billed Duration for Request fee0e3a3-e9e4-46e8-a3ea-ada3c20d98d4: 82 ms
Input: 1000000,
Cold Start: false
Unique ID: 001d12f3-23db-4995-baca-bce45246117c,
Billed Duration for Request 001d12f3-23db-4995-baca-bce45246117c: 91 ms
Input: 1000000,
Cold Start: false
Unique ID: fde5f42e-708c-4774-9528-d94c8e3b1345,
Billed Duration for Request fde5f42e-708c-4774-9528-d94c8e3b1345: 103 ms
Input: 1000000,
Cold Start: false
Unique ID: afe5e730-0643-4bc9-bddf-fda503710924,
Billed Duration for Request afe5e730-0643-4bc9-bddf-fda503710924: 110 ms
Input: 1000000,
Cold Start: false
Unique ID: 84d39bcd-c65a-41b0-99a9-830a2a496222,
Billed Duration for Request 84d39bcd-c65a-41b0-99a9-830a2a496222: 96 ms
Input: 1000000,
Cold Start: false
Unique ID: 96f4fc22-c756-4e59-9552-fdfb364d5b90,
Billed Duration for Request 96f4fc22-c756-4e59-9552-fdfb364d5b90: 87 ms
Input: 1000000,
Cold Start: false
Unique ID: 312126c0-2fa5-41af-82dc-b4552841a719,
Billed Duration for Request 312126c0-2fa5-41af-82dc-b4552841a719: 88 ms
Input: 1000000,
Cold Start: false
Unique ID: ad875d62-420d-429b-b020-fc965073cf99,
Billed Duration for Request ad875d62-420d-429b-b020-fc965073cf99: 117 ms
Input: 1000000,
Cold Start: false
Unique ID: 43c8eda9-d6f3-4f2d-838c-c66125e07b18,
Billed Duration for Request 43c8eda9-d6f3-4f2d-838c-c66125e07b18: 95 ms
Input: 1000000,
Cold Start: false
Unique ID: f872c62a-6bdf-477f-a658-a720da51aabb,
Billed Duration for Request f872c62a-6bdf-477f-a658-a720da51aabb: 91 ms
Input: 1000000,
Cold Start: false
Unique ID: 0ca02506-0d03-4602-9000-f1f10f82b88f,
Billed Duration for Request 0ca02506-0d03-4602-9000-f1f10f82b88f: 85 ms
Input: 1000000,
Cold Start: false
Unique ID: d8d2157b-53d8-46aa-9d0c-1faf6bb82322,
Billed Duration for Request d8d2157b-53d8-46aa-9d0c-1faf6bb82322: 158 ms
Input: 1000000,
Cold Start: false
Unique ID: c82470e0-dd21-4816-ae42-98c0fb1a066b,
Billed Duration for Request c82470e0-dd21-4816-ae42-98c0fb1a066b: 104 ms
Input: 1000000,
Cold Start: false
Unique ID: 1fefe864-966a-4ff4-9bde-d5de151be70e,
Billed Duration for Request 1fefe864-966a-4ff4-9bde-d5de151be70e: 86 ms
Input: 1000000,
Cold Start: false
Unique ID: c78a0012-cc85-44f3-9688-338dc27d2476,
Billed Duration for Request c78a0012-cc85-44f3-9688-338dc27d2476: 128 ms
Input: 1000000,
Cold Start: false
Unique ID: faefe0c0-055f-47b0-a09c-d6173a26746c,
Billed Duration for Request faefe0c0-055f-47b0-a09c-d6173a26746c: 109 ms
Input: 1000000,
Cold Start: false
Unique ID: 4a5e0126-62e3-4757-96cb-4b78ed35f62a,
Billed Duration for Request 4a5e0126-62e3-4757-96cb-4b78ed35f62a: 120 ms
Input: 1000000,
Cold Start: false
Unique ID: 6c3ddd1e-ef40-477d-b732-1df7321c1198,
Billed Duration for Request 6c3ddd1e-ef40-477d-b732-1df7321c1198: 90 ms
Input: 1000000,
Cold Start: false
Unique ID: 4bc02c04-fcd3-4700-9899-e82c435919d8,
Billed Duration for Request 4bc02c04-fcd3-4700-9899-e82c435919d8: 135 ms
Input: 1000000,
Cold Start: false
Unique ID: a0154fda-da57-4c2e-a91e-1b201360a3cc,
Billed Duration for Request a0154fda-da57-4c2e-a91e-1b201360a3cc: 93 ms
Input: 1000000,
Cold Start: false
Unique ID: dce026a9-db24-4a84-8827-22f43dcf36c7,
Billed Duration for Request dce026a9-db24-4a84-8827-22f43dcf36c7: 102 ms
Input: 1000000,
Cold Start: false
Unique ID: 2ce47926-b91b-40c5-b4d1-dc1a1e79e039,
Billed Duration for Request 2ce47926-b91b-40c5-b4d1-dc1a1e79e039: 87 ms
Input: 1000000,
Cold Start: false
Unique ID: 10503cc5-270e-4f1d-bbe8-973f5956d37c,
Billed Duration for Request 10503cc5-270e-4f1d-bbe8-973f5956d37c: 94 ms
Input: 1000000,
Cold Start: false
Unique ID: ab53bcd9-a7de-403f-a921-7fb4c1da5eba,
Billed Duration for Request ab53bcd9-a7de-403f-a921-7fb4c1da5eba: 133 ms
Input: 1000000,
Cold Start: false
Unique ID: 5031f2d6-a615-4b4c-83bc-a4af77b05bad,
Billed Duration for Request 5031f2d6-a615-4b4c-83bc-a4af77b05bad: 87 ms
Input: 1000000,
Cold Start: false
Unique ID: 21bd9af6-89ac-46ff-9f7f-45340fdd3b09,
Billed Duration for Request 21bd9af6-89ac-46ff-9f7f-45340fdd3b09: 76 ms
Input: 1000000,
Cold Start: false
Unique ID: 83e07e08-21e7-4ac3-a152-75b5ae705e7a,
Billed Duration for Request 83e07e08-21e7-4ac3-a152-75b5ae705e7a: 98 ms
Input: 1000000,
Cold Start: false
Unique ID: a1d80b44-a3dd-4abc-8328-187bacc5fae3,
Billed Duration for Request a1d80b44-a3dd-4abc-8328-187bacc5fae3: 74 ms
Input: 1000000,
Cold Start: false
Unique ID: 221b7d49-46cd-4bec-8466-ec7ffe55d198,
Billed Duration for Request 221b7d49-46cd-4bec-8466-ec7ffe55d198: 125 ms
Input: 1000000,
Cold Start: false
Unique ID: 9e2dddc2-eaa9-422d-8954-38ace4f10b0b,
Billed Duration for Request 9e2dddc2-eaa9-422d-8954-38ace4f10b0b: 112 ms
Input: 1000000,
Cold Start: false
Unique ID: 777e8e35-0587-4cc7-bfce-e1f5b9a1abfa,
Billed Duration for Request 777e8e35-0587-4cc7-bfce-e1f5b9a1abfa: 121 ms
Input: 1000000,
Cold Start: false
Unique ID: bf44664a-2a71-47ae-a6a1-7ca6f2449008,
Billed Duration for Request bf44664a-2a71-47ae-a6a1-7ca6f2449008: 115 ms
Input: 1000000,
Cold Start: false
Unique ID: 9a2f6879-8e18-42ce-9652-7f744828defb,
Billed Duration for Request 9a2f6879-8e18-42ce-9652-7f744828defb: 102 ms
Input: 1000000,
Cold Start: false
Unique ID: 20250a12-8a83-46a7-9928-2959ecf16510,
Billed Duration for Request 20250a12-8a83-46a7-9928-2959ecf16510: 93 ms
Input: 1000000,
Cold Start: false
Unique ID: 05792e60-0f12-4764-865c-653abcd7201c,
Billed Duration for Request 05792e60-0f12-4764-865c-653abcd7201c: 121 ms
Input: 1000000,
Cold Start: false
Unique ID: 5e743b94-576a-4c98-adad-20b7bafea38a,
Billed Duration for Request 5e743b94-576a-4c98-adad-20b7bafea38a: 97 ms
Input: 1000000,
Cold Start: false
Unique ID: efb8c742-1106-46c4-af5c-febb4aa5f0e5,
Billed Duration for Request efb8c742-1106-46c4-af5c-febb4aa5f0e5: 73 ms
Input: 1000000,
Cold Start: false
Unique ID: dc9a00e6-52c4-4bbe-820b-693208091482,
Billed Duration for Request dc9a00e6-52c4-4bbe-820b-693208091482: 73 ms
Input: 1000000,
Cold Start: false
Unique ID: dbd202f5-6c06-4ae2-87f8-a7565df533a2,
Billed Duration for Request dbd202f5-6c06-4ae2-87f8-a7565df533a2: 132 ms
Input: 1000000,
Cold Start: false
Unique ID: a85f0b88-149d-43a7-a9ff-388fea00cca2,
Billed Duration for Request a85f0b88-149d-43a7-a9ff-388fea00cca2: 94 ms
Input: 1000000,
Cold Start: false
Unique ID: 07b5eff2-f7ab-4ef1-8f9e-5092a91985f2,
Billed Duration for Request 07b5eff2-f7ab-4ef1-8f9e-5092a91985f2: 78 ms
Input: 1000000,
Cold Start: false
Unique ID: 7472e833-f377-4bc8-a809-4dbab5ca741b,
Billed Duration for Request 7472e833-f377-4bc8-a809-4dbab5ca741b: 109 ms
Input: 1000000,
Cold Start: false
Unique ID: 5d341e0e-ec5a-458c-94d8-53a6a089e685,
Billed Duration for Request 5d341e0e-ec5a-458c-94d8-53a6a089e685: 76 ms
Input: 1000000,
Cold Start: false
Unique ID: 3dfad1d9-9859-48a2-946a-b159ec63c30f,
Billed Duration for Request 3dfad1d9-9859-48a2-946a-b159ec63c30f: 129 ms
Input: 1000000,
Cold Start: false
Unique ID: 26a38f37-28dc-4cd0-9ea9-37db1d4dc27e,
Billed Duration for Request 26a38f37-28dc-4cd0-9ea9-37db1d4dc27e: 102 ms
Input: 1000000,
Cold Start: false
Unique ID: 2ebdc092-ca0e-4438-8866-b966d1618c41,
Billed Duration for Request 2ebdc092-ca0e-4438-8866-b966d1618c41: 88 ms
Input: 1000000,
Cold Start: false
Unique ID: 409c9cda-43b3-42ff-975b-48bee57d8f2c,
Billed Duration for Request 409c9cda-43b3-42ff-975b-48bee57d8f2c: 123 ms
Input: 1000000,
Cold Start: false
Unique ID: c4778252-8e62-4ccf-84da-325ac6c0bc56,
Billed Duration for Request c4778252-8e62-4ccf-84da-325ac6c0bc56: 88 ms
Input: 1000000,
Cold Start: false
Unique ID: 5457416d-06c8-4a2d-894c-ada776e8b0e5,
Billed Duration for Request 5457416d-06c8-4a2d-894c-ada776e8b0e5: 94 ms
Input: 1000000,
Cold Start: false
Unique ID: 972e2a4c-1145-481f-b3b1-2669f8c5399a,
Billed Duration for Request 972e2a4c-1145-481f-b3b1-2669f8c5399a: 91 ms
Input: 1000000,
Cold Start: false
Unique ID: fce4e364-dbf0-40ea-ae14-8480562e4e62,
Billed Duration for Request fce4e364-dbf0-40ea-ae14-8480562e4e62: 86 ms
Input: 1000000,
Cold Start: false
Unique ID: 09ac1dfd-7b6c-4bc7-b0dc-707d85c4fabd,
Billed Duration for Request 09ac1dfd-7b6c-4bc7-b0dc-707d85c4fabd: 108 ms
Input: 1000000,
Cold Start: false
Unique ID: 3feefd5d-e8d9-4542-945d-b12d0d235ba1,
Billed Duration for Request 3feefd5d-e8d9-4542-945d-b12d0d235ba1: 95 ms
Input: 1000000,
Cold Start: false
Unique ID: 9f2dcebb-c401-42bc-8d45-b38831170b7f,
Billed Duration for Request 9f2dcebb-c401-42bc-8d45-b38831170b7f: 94 ms
Input: 1000000,
Cold Start: false
Unique ID: 90df1d90-2e22-4d02-ba5e-4e24e593d14b,
Billed Duration for Request 90df1d90-2e22-4d02-ba5e-4e24e593d14b: 122 ms
Input: 1000000,
Cold Start: false
Unique ID: 1afcd451-28ed-47ec-a5d7-7f9bbcb4896b,
Billed Duration for Request 1afcd451-28ed-47ec-a5d7-7f9bbcb4896b: 88 ms
Input: 1000000,
Cold Start: false
Unique ID: 1f95bc1c-c52a-4bb8-aa08-e3419073a5aa,
Billed Duration for Request 1f95bc1c-c52a-4bb8-aa08-e3419073a5aa: 98 ms
Input: 1000000,
Cold Start: false
Unique ID: 684ff925-51ed-4724-935a-fca7627bebf4,
Billed Duration for Request 684ff925-51ed-4724-935a-fca7627bebf4: 68 ms
Input: 1000000,
Cold Start: false
Unique ID: ba711724-6a61-4991-919e-5eff36d5474c,
Billed Duration for Request ba711724-6a61-4991-919e-5eff36d5474c: 118 ms
Input: 1000000,
Cold Start: false
Unique ID: 4be554b1-4d92-4acc-9874-63d919872144,
Billed Duration for Request 4be554b1-4d92-4acc-9874-63d919872144: 95 ms
Input: 1000000,
Cold Start: false
Unique ID: 9b764aae-2f21-42f4-8d91-e1c335022993,
Billed Duration for Request 9b764aae-2f21-42f4-8d91-e1c335022993: 98 ms
Input: 1000000,
Cold Start: false
Unique ID: 026667ff-7eca-4688-94a9-1b05c143e899,
Billed Duration for Request 026667ff-7eca-4688-94a9-1b05c143e899: 97 ms
Input: 1000000,
Cold Start: false
Unique ID: 0285331f-50da-4020-9767-b9cbf0f7ff25,
Billed Duration for Request 0285331f-50da-4020-9767-b9cbf0f7ff25: 125 ms
Input: 1000000,
Cold Start: false
Unique ID: 0cf18985-ffbe-4063-a2cf-384acf8035c5,
Billed Duration for Request 0cf18985-ffbe-4063-a2cf-384acf8035c5: 109 ms
Input: 1000000,
Cold Start: false
Unique ID: d0815660-8033-4532-8120-cc5f52f2de3c,
Billed Duration for Request d0815660-8033-4532-8120-cc5f52f2de3c: 79 ms
Input: 1000000,
Cold Start: false
Unique ID: 0a905867-a369-4992-a1f7-5a9a759d7f26,
Billed Duration for Request 0a905867-a369-4992-a1f7-5a9a759d7f26: 99 ms
Input: 1000000,
Cold Start: false
Unique ID: fe919cb6-4ac4-4b90-81c5-18ea70352e64,
Billed Duration for Request fe919cb6-4ac4-4b90-81c5-18ea70352e64: 91 ms
Input: 1000000,
Cold Start: false
Unique ID: 14c92941-fb80-4d1e-b7ed-993766995a73,
Billed Duration for Request 14c92941-fb80-4d1e-b7ed-993766995a73: 97 ms
Input: 1000000,
Cold Start: false
Unique ID: 5812948e-c1d7-41e1-93f5-35b6efb2725f,
Billed Duration for Request 5812948e-c1d7-41e1-93f5-35b6efb2725f: 98 ms
Input: 1000000,
Cold Start: false
Unique ID: c4a239bb-b57b-4e56-9604-606117c03b34,
Billed Duration for Request c4a239bb-b57b-4e56-9604-606117c03b34: 89 ms
Input: 1000000,
Cold Start: false
Unique ID: 8c906093-ce15-40c6-8f05-4d67addbbb36,
Billed Duration for Request 8c906093-ce15-40c6-8f05-4d67addbbb36: 118 ms
Input: 1000000,
Cold Start: false
Unique ID: 7d32ce52-85a6-45df-89af-071cbcd90086,
Billed Duration for Request 7d32ce52-85a6-45df-89af-071cbcd90086: 88 ms
Input: 1000000,
Cold Start: false
