Direct 95% Percentile CI Width,175.31255885378187
Direct 95% Percentile CI Lower Bound,-57.393483709273184
Direct 95% Percentile CI Upper Bound,117.91907514450868

Bootstrap 95% Percentile CI Width,1.9230769230769231
Bootstrap 95% Percentile CI Lower Bound,-1.9230769230769231
Bootstrap 95% Percentile CI Upper Bound,0.0

Percentage Difference (%)
-79.34272300469483
-78.70370370370371
-77.6349614395887
-77.47747747747748
-76.84964200477327
-76.62650602409639
-76.50862068965517
-75.94339622641509
-75.78692493946731
-75.73529411764706
-75.39682539682539
-75.21367521367522
-75.0599520383693
-74.53083109919572
-74.52380952380952
-74.47368421052632
-74.23167848699764
-74.08695652173914
-74.0053050397878
-73.98373983739837
-73.83419689119171
-73.71273712737127
-73.61809045226131
-73.57142857142858
-73.27327327327328
-72.84946236559139
-72.8
-72.5531914893617
-72.45989304812835
-72.13675213675214
-72.12121212121212
-72.02380952380952
-71.89349112426035
-71.64750957854406
-71.61290322580646
-71.56549520766772
-71.37870855148341
-71.36414881623449
-71.33956386292834
-71.29629629629629
-71.27659574468085
-71.23287671232876
-71.17117117117117
-70.99494097807757
-70.34700315457413
-70.18255578093306
-70.16129032258065
-70.03424657534246
-69.93865030674846
-69.93736951983298
-69.83568075117371
-69.7495183044316
-69.48453608247422
-69.29133858267717
-69.20353982300885
-68.89279437609842
-68.58006042296071
-68.4322033898305
-68.26568265682657
-68.12865497076024
-68.09815950920245
-68.0327868852459
-68.02884615384616
-67.93103448275862
-67.8714859437751
-67.66169154228857
-67.62295081967213
-67.4468085106383
-67.27272727272727
-67.21915285451196
-67.14285714285714
-66.84636118598382
-66.2192393736018
-66.18556701030927
-66.17647058823529
-66.13272311212815
-65.88486140724946
-65.70397111913357
-65.63467492260062
-65.49295774647888
-65.45842217484008
-65.26315789473685
-65.15463917525773
-65.13157894736842
-65.11627906976744
-65.0
-64.99133448873484
-64.97695852534562
-64.67780429594272
-64.64646464646465
-64.61267605633803
-64.40281030444966
-64.38053097345133
-64.31535269709543
-64.30205949656751
-64.28571428571429
-64.28571428571429
-64.14342629482071
-64.03712296983758
-64.01515151515152
-63.99132321041214
-63.829787234042556
-63.657407407407405
-63.6568848758465
-63.55353075170843
-63.43283582089553
-63.43115124153499
-63.38912133891213
-63.38028169014085
-63.341067285382834
-63.32046332046332
-63.27543424317618
-63.270142180094794
-63.17016317016317
-62.93706293706294
-62.878787878787875
-62.807017543859644
-62.732919254658384
-62.71604938271606
-62.60504201680672
-62.6
-62.59541984732825
-62.59541984732825
-62.59541984732825
-62.39316239316239
-62.295081967213115
-62.29116945107399
-62.172284644194754
-62.1505376344086
-62.086513994910945
-61.95372750642674
-61.917098445595855
-61.904761904761905
-61.84834123222749
-61.78343949044586
-61.77215189873417
-61.76470588235294
-61.75710594315246
-61.73469387755102
-61.66666666666667
-61.66666666666667
-61.61971830985915
-61.53846153846154
-61.48491879350348
-61.44859813084113
-61.44814090019569
-61.386138613861384
-61.34020618556701
-61.328125
-61.282660332541575
-61.27659574468085
-61.267605633802816
-61.24721603563474
-61.197916666666664
-61.18598382749326
-61.15485564304461
-61.04513064133017
-61.0062893081761
-60.91703056768559
-60.90425531914894
-60.742705570291776
-60.739030023094685
-60.72144288577155
-60.71428571428571
-60.66252587991718
-60.63829787234043
-60.60606060606061
-60.556844547563806
-60.541586073500966
-60.47745358090185
-60.36866359447005
-60.36363636363637
-60.35087719298245
-60.337552742616026
-60.32608695652174
-60.32171581769437
-60.317460317460316
-60.215053763440864
-60.20942408376963
-60.187353629976585
-60.05361930294906
-60.0
-59.95316159250586
-59.95203836930456
-59.899749373433586
-59.893048128342244
-59.891598915989164
-59.855769230769226
-59.80392156862745
-59.74025974025974
-59.72972972972973
-59.72850678733032
-59.7254004576659
-59.67741935483871
-59.64125560538116
-59.63488843813387
-59.62566844919787
-59.610027855153206
-59.55555555555555
-59.523809523809526
-59.5108695652174
-59.45945945945946
-59.45945945945946
-59.44700460829493
-59.383033419023135
-59.217877094972074
-59.154929577464785
-59.103641456582636
-59.09090909090909
-59.04522613065326
-58.90736342042755
-58.81104033970276
-58.802177858439194
-58.78661087866108
-58.778625954198475
-58.730158730158735
-58.71313672922251
-58.62884160756501
-58.59872611464968
-58.595641646489106
-58.58585858585859
-58.543417366946784
-58.5427135678392
-58.52272727272727
-58.51851851851851
-58.51318944844125
-58.46560846560847
-58.448753462603875
-58.35616438356165
-58.28729281767956
-58.02139037433155
-57.96703296703297
-57.95148247978437
-57.95148247978437
-57.88043478260869
-57.86666666666667
-57.85123966942148
-57.84061696658098
-57.81990521327014
-57.78301886792453
-57.62195121951219
-57.59162303664922
-57.58620689655173
-57.48663101604278
-57.45192307692307
-57.41626794258373
-57.39795918367348
-57.393483709273184
-57.393483709273184
-57.37265415549599
-57.37265415549599
-57.340720221606645
-57.33695652173913
-57.33695652173913
-57.27272727272727
-57.17761557177615
-57.14285714285714
-57.103825136612016
-57.10227272727273
-57.05882352941176
-57.02970297029702
-56.986301369863014
-56.96821515892421
-56.932153392330385
-56.86274509803921
-56.837606837606835
-56.779661016949156
-56.75675675675676
-56.74603174603175
-56.71232876712329
-56.69291338582677
-56.68449197860963
-56.67506297229219
-56.56836461126006
-56.52173913043478
-56.50406504065041
-56.496062992125985
-56.486486486486484
-56.473829201101935
-56.451612903225815
-56.424581005586596
-56.41025641025641
-56.39686684073107
-56.32183908045977
-56.315789473684205
-56.2962962962963
-56.289308176100626
-56.268221574344025
-56.25
-56.25
-56.22119815668203
-56.15615615615616
-56.10859728506787
-56.03015075376885
-56.01092896174863
-56.0067681895093
-55.970149253731336
-55.90909090909091
-55.89622641509434
-55.89123867069487
-55.85106382978723
-55.82010582010582
-55.80952380952381
-55.78635014836796
-55.72289156626506
-55.720338983050844
-55.714285714285715
-55.662650602409634
-55.65749235474006
-55.52238805970149
-55.50847457627118
-55.47785547785548
-55.470737913486005
-55.42521994134897
-55.41666666666667
-55.41561712846348
-55.36332179930796
-55.362318840579704
-55.325443786982255
-55.27950310559007
-55.27065527065527
-55.25606469002695
-55.24625267665952
-55.21327014218009
-55.17970401691332
-55.16304347826087
-55.16224188790561
-55.10835913312694
-55.10204081632652
-55.0561797752809
-55.03875968992248
-55.00000000000001
-55.00000000000001
-54.975124378109456
-54.973821989528794
-54.91183879093199
-54.769230769230774
-54.761904761904766
-54.70383275261324
-54.69798657718121
-54.68277945619335
-54.6583850931677
-54.60992907801418
-54.59770114942529
-54.58422174840085
-54.56989247311827
-54.51713395638629
-54.44444444444444
-54.395604395604394
-54.385964912280706
-54.38144329896907
-54.37100213219617
-54.347826086956516
-54.328358208955216
-54.328358208955216
-54.302103250478005
-54.3010752688172
-54.268292682926834
-54.25867507886435
-54.25531914893617
-54.22222222222223
-54.21052631578947
-54.196642685851316
-54.179566563467496
-54.166666666666664
-54.13333333333333
-54.12844036697248
-54.11392405063291
-54.09356725146199
-54.0785498489426
-53.883495145631066
-53.883495145631066
-53.86904761904761
-53.86666666666666
-53.84615384615385
-53.84615384615385
-53.8235294117647
-53.80281690140845
-53.799392097264445
-53.76344086021505
-53.753753753753756
-53.747323340471084
-53.72340425531915
-53.71702637889688
-53.6986301369863
-53.64705882352941
-53.61930294906166
-53.59477124183007
-53.57142857142857
-53.55029585798816
-53.53846153846153
-53.53260869565217
-53.47432024169184
-53.45744680851063
-53.40909090909091
-53.39506172839506
-53.37423312883436
-53.34728033472803
-53.293413173652695
-53.271028037383175
-53.25077399380805
-53.17460317460318
-53.16455696202531
-53.14685314685315
-53.13432835820896
-53.09168443496801
-53.03030303030303
-53.01587301587302
-53.01204819277109
-52.86624203821656
-52.83582089552239
-52.81501340482574
-52.772073921971256
-52.761904761904766
-52.6813880126183
-52.6813880126183
-52.63157894736842
-52.616279069767444
-52.48041775456919
-52.44215938303341
-52.40963855421686
-52.331606217616574
-52.28915662650603
-52.244897959183675
-52.219321148825074
-52.19941348973607
-52.18446601941748
-52.17391304347826
-52.17391304347826
-52.17391304347826
-52.108433734939766
-52.093023255813954
-52.083333333333336
-52.07920792079208
-52.078774617067836
-52.071005917159766
-52.012383900928796
-52.00945626477541
-51.973684210526315
-51.94029850746269
-51.93482688391039
-51.931330472103
-51.92878338278932
-51.81818181818182
-51.78571428571429
-51.7799352750809
-51.75202156334232
-51.75202156334232
-51.75202156334232
-51.681957186544345
-51.65562913907284
-51.627906976744185
-51.621621621621614
-51.60427807486631
-51.57232704402516
-51.53061224489795
-51.53061224489795
-51.49572649572649
-51.490514905149055
-51.488095238095234
-51.39664804469274
-51.393728222996515
-51.39318885448917
-51.38461538461539
-51.37844611528822
-51.34328358208955
-51.3189448441247
-51.288056206088996
-51.28712871287129
-51.26050420168067
-51.257861635220124
-51.24999999999999
-51.24999999999999
-51.22615803814714
-51.204819277108435
-51.18483412322274
-51.17647058823529
-51.17056856187291
-51.17056856187291
-51.06382978723404
-51.05263157894737
-51.051051051051054
-50.96153846153846
-50.93896713615024
-50.93457943925234
-50.931677018633536
-50.91463414634146
-50.90909090909091
-50.90909090909091
-50.89285714285714
-50.8860759493671
-50.83056478405316
-50.80971659919028
-50.76923076923077
-50.750750750750754
-50.70422535211267
-50.68119891008175
-50.66225165562914
-50.63694267515923
-50.62893081761006
-50.625
-50.61349693251533
-50.602409638554214
-50.57736720554272
-50.53003533568905
-50.51282051282051
-50.509164969450104
-50.505050505050505
-50.476190476190474
-50.456621004566216
-50.455927051671736
-50.44776119402985
-50.43859649122807
-50.401606425702816
-50.34246575342466
-50.33783783783784
-50.30487804878049
-50.2906976744186
-50.16611295681063
-50.134048257372655
-50.11933174224343
-50.11547344110855
-50.0
-50.0
-50.0
-50.0
-50.0
-49.896480331262936
-49.88066825775656
-49.87277353689568
-49.852507374631266
-49.848942598187314
-49.8360655737705
-49.828178694158076
-49.796747967479675
-49.76190476190476
-49.760765550239235
-49.75845410628019
-49.71209213051823
-49.707602339181285
-49.691358024691354
-49.68944099378882
-49.668874172185426
-49.66216216216216
-49.62025316455696
-49.60835509138381
-49.56011730205279
-49.55223880597015
-49.532710280373834
-49.5260663507109
-49.497487437185924
-49.48805460750853
-49.48665297741273
-49.48096885813148
-49.473684210526315
-49.40898345153664
-49.4061757719715
-49.385749385749385
-49.382716049382715
-49.37106918238994
-49.36305732484077
-49.29577464788733
-49.282296650717704
-49.244712990936556
-49.23076923076923
-49.21875
-49.158249158249156
-49.09090909090909
-49.06832298136646
-49.06666666666666
-49.06103286384976
-48.97959183673469
-48.97260273972603
-48.97260273972603
-48.95522388059702
-48.95104895104895
-48.94957983193277
-48.93617021276596
-48.837209302325576
-48.82943143812709
-48.795180722891565
-48.76543209876543
-48.74141876430206
-48.717948717948715
-48.717948717948715
-48.69976359338061
-48.63013698630137
-48.59437751004016
-48.5645933014354
-48.47715736040609
-48.47457627118644
-48.46938775510204
-48.466257668711656
-48.46335697399527
-48.46153846153846
-48.43205574912892
-48.379629629629626
-48.333333333333336
-48.32535885167464
-48.31460674157304
-48.282442748091604
-48.25174825174825
-48.23848238482385
-48.23529411764706
-48.18181818181818
-48.175182481751825
-48.15950920245399
-48.148148148148145
-48.13559322033898
-48.08612440191388
-48.028673835125446
-48.01980198019802
-48.01864801864802
-48.01061007957559
-48.0
-47.98850574712644
-47.97979797979798
-47.97979797979798
-47.97136038186158
-47.89915966386555
-47.878787878787875
-47.87644787644788
-47.85276073619632
-47.839506172839506
-47.78947368421053
-47.774480712166174
-47.733333333333334
-47.721822541966425
-47.697974217311234
-47.66355140186916
-47.647058823529406
-47.63860369609856
-47.59206798866856
-47.54797441364605
-47.54521963824289
-47.53363228699551
-47.51552795031056
-47.482014388489205
-47.474747474747474
-47.46376811594203
-47.45762711864407
-47.45762711864407
-47.44744744744745
-47.425474254742554
-47.42268041237113
-47.35729386892177
-47.355769230769226
-47.3551637279597
-47.33542319749217
-47.32824427480916
-47.32620320855615
-47.3186119873817
-47.306791569086656
-47.25536992840095
-47.239263803680984
-47.20496894409938
-47.19334719334719
-47.19101123595505
-47.16981132075472
-47.14285714285714
-47.129909365558916
-47.093023255813954
-47.08029197080292
-47.073170731707314
-47.034764826175866
-47.02702702702703
-47.01195219123506
-47.01030927835051
-46.996466431095406
-46.910755148741416
-46.909090909090914
-46.909090909090914
-46.8944099378882
-46.875
-46.855345911949684
-46.835443037974684
-46.83098591549296
-46.80534918276374
-46.788990825688074
-46.77754677754678
-46.764091858037574
-46.749226006191954
-46.73123486682809
-46.71280276816609
-46.666666666666664
-46.666666666666664
-46.616541353383454
-46.601941747572816
-46.588235294117645
-46.56488549618321
-46.524064171122994
-46.52014652014652
-46.4622641509434
-46.4622641509434
-46.458333333333336
-46.44549763033176
-46.42857142857143
-46.42857142857143
-46.41909814323608
-46.400000000000006
-46.39830508474576
-46.386946386946384
-46.3768115942029
-46.37223974763407
-46.365914786967416
-46.335697399527184
-46.312684365781706
-46.308724832214764
-46.30071599045346
-46.28975265017668
-46.28378378378378
-46.273291925465834
-46.26865671641791
-46.236559139784944
-46.21848739495798
-46.18181818181818
-46.1764705882353
-46.15384615384615
-46.13333333333333
-46.13259668508287
-46.125461254612546
-46.12159329140461
-46.10778443113773
-46.101694915254235
-46.09929078014184
-45.99303135888502
-45.97457627118644
-45.97402597402597
-45.95238095238095
-45.94594594594595
-45.92901878914405
-45.90163934426229
-45.89473684210526
-45.89041095890411
-45.87378640776699
-45.84615384615385
-45.84615384615385
-45.83333333333333
-45.774647887323944
-45.77205882352941
-45.751633986928105
-45.70552147239264
-45.70446735395189
-45.69377990430622
-45.68690095846645
-45.67901234567901
-45.625
-45.588235294117645
-45.588235294117645
-45.56962025316456
-45.55555555555556
-45.55256064690027
-45.546558704453446
-45.54455445544555
-45.539906103286384
-45.53846153846154
-45.52238805970149
-45.51971326164875
-45.51282051282051
-45.51083591331269
-45.45454545454545
-45.45454545454545
-45.43010752688172
-45.426829268292686
-45.39748953974895
-45.3968253968254
-45.36082474226804
-45.34005037783375
-45.32967032967033
-45.30831099195711
-45.289855072463766
-45.287958115183244
-45.27472527472528
-45.22144522144522
-45.220588235294116
-45.14285714285714
-45.11784511784512
-45.11278195488722
-45.093945720250524
-45.08474576271186
-45.04950495049505
-45.04504504504504
-45.03105590062112
-45.03105590062112
-45.023696682464454
-45.01216545012166
-44.984802431610944
-44.98141263940521
-44.97354497354497
-44.936708860759495
-44.936708860759495
-44.88017429193899
-44.85294117647059
-44.827586206896555
-44.75308641975309
-44.730679156908664
-44.72843450479233
-44.71830985915493
-44.71544715447154
-44.70899470899471
-44.68864468864469
-44.64944649446495
-44.64944649446495
-44.642857142857146
-44.626168224299064
-44.5945945945946
-44.559585492227974
-44.528301886792455
-44.52054794520548
-44.518272425249165
-44.50867052023121
-44.50402144772118
-44.50261780104712
-44.48979591836735
-44.47115384615385
-44.44444444444444
-44.44444444444444
-44.417475728155345
-44.36619718309859
-44.35897435897436
-44.345238095238095
-44.333996023856855
-44.32432432432433
-44.285714285714285
-44.25087108013937
-44.24552429667519
-44.21768707482993
-44.20289855072464
-44.19263456090651
-44.17989417989418
-44.16961130742049
-44.13793103448276
-44.12470023980815
-44.11764705882353
-44.1108545034642
-44.10377358490566
-44.09282700421941
-44.0625
-44.0251572327044
-44.01544401544402
-44.01294498381877
-44.01294498381877
-44.0
-43.97394136807817
-43.95973154362416
-43.944636678200695
-43.923240938166316
-43.91752577319588
-43.9080459770115
-43.90243902439025
-43.88646288209607
-43.82022471910113
-43.79947229551451
-43.7888198757764
-43.75
-43.75
-43.75
-43.730886850152906
-43.6950146627566
-43.62017804154303
-43.60189573459716
-43.559718969555036
-43.552311435523116
-43.53448275862069
-43.46733668341709
-43.46289752650176
-43.45403899721448
-43.452380952380956
-43.44473007712082
-43.440233236151606
-43.425076452599384
-43.41637010676156
-43.391521197007485
-43.39080459770115
-43.37662337662337
-43.36917562724014
-43.36734693877551
-43.35664335664335
-43.333333333333336
-43.32425068119891
-43.32129963898917
-43.31065759637188
-43.301435406698566
-43.29896907216495
-43.288590604026844
-43.28703703703704
-43.28358208955223
-43.28358208955223
-43.262411347517734
-43.25068870523416
-43.223443223443226
-43.188405797101446
-43.18181818181818
-43.16546762589928
-43.12267657992565
-43.07304785894207
-43.06569343065693
-43.06049822064057
-43.01994301994302
-43.01075268817204
-43.00699300699301
-42.97872340425532
-42.96028880866426
-42.959427207637226
-42.956120092378754
-42.94736842105264
-42.93628808864266
-42.90657439446367
-42.857142857142854
-42.8235294117647
-42.82115869017632
-42.80821917808219
-42.76457883369331
-42.7536231884058
-42.74193548387097
-42.738589211618255
-42.69662921348314
-42.679127725856695
-42.65232974910394
-42.64150943396226
-42.63565891472868
-42.626728110599075
-42.592592592592595
-42.592592592592595
-42.586750788643535
-42.5531914893617
-42.5531914893617
-42.53164556962025
-42.52199413489736
-42.51968503937008
-42.51968503937008
-42.48366013071895
-42.430703624733475
-42.39543726235742
-42.363112391930834
-42.35294117647059
-42.35294117647059
-42.32558139534884
-42.31678486997636
-42.315369261477045
-42.30769230769231
-42.279411764705884
-42.25352112676056
-42.24924012158054
-42.24924012158054
-42.248062015503876
-42.22222222222222
-42.21698113207547
-42.21453287197232
-42.18009478672986
-42.16216216216216
-42.1602787456446
-42.15384615384615
-42.142857142857146
-42.13592233009709
-42.10526315789473
-42.086330935251794
-42.05816554809844
-42.03655352480418
-42.02127659574468
-41.9811320754717
-41.96642685851319
-41.95804195804196
-41.947565543071164
-41.935483870967744
-41.935483870967744
-41.90981432360743
-41.901408450704224
-41.896024464831804
-41.891891891891895
-41.87082405345212
-41.86746987951807
-41.85185185185185
-41.78403755868544
-41.78403755868544
-41.77897574123989
-41.72932330827068
-41.726618705035975
-41.726618705035975
-41.70854271356784
-41.70616113744076
-41.66666666666667
-41.66666666666667
-41.66666666666667
-41.66666666666667
-41.62162162162162
-41.6
-41.57608695652174
-41.57608695652174
-41.57303370786517
-41.566265060240966
-41.55844155844156
-41.55405405405405
-41.55124653739612
-41.544117647058826
-41.54302670623146
-41.51624548736462
-41.509433962264154
-41.49659863945578
-41.46919431279621
-41.46919431279621
-41.445783132530124
-41.44144144144144
-41.43302180685358
-41.42857142857143
-41.42480211081794
-41.389728096676734
-41.36690647482014
-41.36363636363637
-41.35338345864661
-41.34199134199134
-41.32492113564668
-41.31944444444444
-41.31578947368421
-41.31054131054131
-41.29930394431555
-41.284403669724774
-41.27906976744186
-41.27764127764127
-41.27358490566038
-41.2568306010929
-41.2568306010929
-41.247002398081534
-41.224489795918366
-41.22340425531915
-41.22340425531915
-41.21779859484778
-41.19047619047619
-41.16279069767442
-41.16094986807388
-41.14285714285714
-41.12903225806452
-41.10671936758894
-41.104294478527606
-41.0958904109589
-41.08761329305136
-41.05011933174224
-41.04938271604938
-41.04477611940299
-41.03448275862069
-40.98360655737705
-40.98360655737705
-40.98360655737705
-40.97035040431267
-40.9375
-40.932642487046635
-40.93023255813954
-40.909090909090914
-40.909090909090914
-40.887850467289724
-40.88050314465409
-40.87193460490463
-40.86687306501548
-40.86021505376344
-40.84084084084084
-40.830449826989614
-40.816326530612244
-40.80882352941176
-40.80882352941176
-40.8
-40.8
-40.78431372549019
-40.77922077922078
-40.76433121019109
-40.76433121019109
-40.7514450867052
-40.74074074074074
-40.73107049608355
-40.72289156626506
-40.67278287461774
-40.67278287461774
-40.65934065934066
-40.654205607476634
-40.647482014388494
-40.64039408866995
-40.625
-40.58355437665783
-40.56795131845842
-40.53030303030303
-40.49586776859504
-40.49295774647887
-40.49079754601227
-40.43478260869565
-40.42553191489361
-40.42553191489361
-40.40632054176072
-40.38461538461539
-40.369393139841684
-40.36144578313253
-40.35087719298245
-40.3448275862069
-40.340909090909086
-40.331491712707184
-40.32258064516129
-40.318302387267906
-40.318302387267906
-40.30769230769231
-40.27777777777778
-40.266666666666666
-40.25423728813559
-40.24767801857585
-40.24767801857585
-40.243902439024396
-40.23904382470119
-40.23904382470119
-40.22140221402214
-40.19607843137255
-40.19607843137255
-40.19138755980861
-40.14598540145985
-40.140845070422536
-40.137614678899084
-40.13377926421405
-40.121580547112465
-40.116279069767444
-40.105540897097626
-40.09433962264151
-40.0932400932401
-40.08097165991903
-40.07936507936508
-40.04683840749414
-40.0398406374502
-40.0
-40.0
-40.0
-40.0
-40.0
-40.0
-39.9581589958159
-39.952153110047846
-39.94490358126722
-39.94082840236686
-39.9390243902439
-39.92537313432835
-39.922480620155035
-39.91935483870967
-39.90719257540603
-39.8936170212766
-39.86486486486486
-39.856801909307876
-39.856801909307876
-39.847715736040605
-39.847715736040605
-39.79848866498741
-39.795918367346935
-39.795918367346935
-39.78102189781022
-39.762611275964396
-39.75903614457831
-39.733333333333334
-39.729729729729726
-39.721254355400696
-39.719626168224295
-39.71291866028708
-39.71119133574007
-39.675174013921115
-39.66745843230404
-39.66101694915255
-39.63963963963964
-39.62962962962963
-39.62264150943396
-39.61352657004831
-39.57345971563981
-39.56386292834891
-39.52569169960474
-39.52095808383233
-39.50617283950617
-39.49771689497717
-39.492753623188406
-39.48339483394834
-39.473684210526315
-39.458413926499034
-39.455782312925166
-39.455782312925166
-39.416058394160586
-39.416058394160586
-39.40217391304348
-39.39393939393939
-39.39393939393939
-39.385474860335194
-39.37947494033413
-39.36781609195402
-39.34426229508197
-39.30232558139535
-39.285714285714285
-39.285714285714285
-39.285714285714285
-39.268292682926834
-39.25233644859813
-39.25233644859813
-39.24050632911392
-39.2
-39.189189189189186
-39.14209115281501
-39.130434782608695
-39.12213740458015
-39.119804400978
-39.10034602076124
-39.07692307692307
-39.06810035842294
-39.06810035842294
-39.05109489051095
-39.04494382022472
-39.01234567901234
-39.00990099009901
-39.00523560209424
-38.9937106918239
-38.9937106918239
-38.9920424403183
-38.976377952755904
-38.961038961038966
-38.95486935866984
-38.940809968847354
-38.92045454545455
-38.912133891213394
-38.87147335423197
-38.853503184713375
-38.84297520661157
-38.82063882063882
-38.81019830028329
-38.795180722891565
-38.75338753387534
-38.75338753387534
-38.73873873873874
-38.721804511278194
-38.66090712742981
-38.63080684596577
-38.62928348909657
-38.61003861003861
-38.605898123324394
-38.60369609856263
-38.589211618257266
-38.582677165354326
-38.54961832061068
-38.54166666666667
-38.54166666666667
-38.53658536585366
-38.52459016393443
-38.52040816326531
-38.52040816326531
-38.51851851851852
-38.515901060070675
-38.50806451612903
-38.50746268656716
-38.5
-38.48797250859107
-38.48684210526316
-38.482384823848236
-38.46153846153847
-38.46153846153847
-38.4393063583815
-38.43416370106761
-38.43416370106761
-38.405797101449274
-38.38383838383838
-38.38120104438642
-38.35125448028674
-38.333333333333336
-38.32923832923833
-38.31325301204819
-38.306451612903224
-38.297872340425535
-38.2936507936508
-38.287153652392945
-38.2716049382716
-38.26714801444043
-38.24451410658307
-38.23529411764706
-38.22314049586777
-38.22115384615385
-38.21989528795812
-38.215102974828376
-38.215102974828376
-38.19875776397515
-38.19241982507289
-38.18181818181819
-38.17427385892116
-38.15789473684211
-38.141809290953546
-38.13559322033898
-38.113207547169814
-38.095238095238095
-38.084112149532714
-38.05774278215223
-38.04347826086957
-38.028169014084504
-38.028169014084504
-38.02395209580838
-38.0
-37.9746835443038
-37.96296296296296
-37.95918367346939
-37.94466403162055
-37.94326241134752
-37.922077922077925
-37.916666666666664
-37.88235294117647
-37.88235294117647
-37.82991202346041
-37.81512605042017
-37.75933609958506
-37.73148148148148
-37.708333333333336
-37.704918032786885
-37.704918032786885
-37.70161290322581
-37.69968051118211
-37.67605633802817
-37.64705882352941
-37.64705882352941
-37.63066202090592
-37.61467889908257
-37.61467889908257
-37.59398496240601
-37.59398496240601
-37.56476683937824
-37.552742616033754
-37.54045307443366
-37.5
-37.468982630272954
-37.46835443037975
-37.4485596707819
-37.4468085106383
-37.43169398907104
-37.42802303262956
-37.404580152671755
-37.40157480314961
-37.362637362637365
-37.362637362637365
-37.34177215189873
-37.32394366197183
-37.31958762886598
-37.2972972972973
-37.2960372960373
-37.29372937293729
-37.282229965156795
-37.27272727272727
-37.24137931034483
-37.20136518771331
-37.193763919821826
-37.1900826446281
-37.17948717948718
-37.150837988826815
-37.136929460580916
-37.1244635193133
-37.10691823899371
-37.03703703703704
-37.03703703703704
-37.03703703703704
-37.028824833702885
-37.00980392156863
-36.9928400954654
-36.990595611285265
-36.96275071633238
-36.94915254237288
-36.94779116465863
-36.94117647058823
-36.933797909407666
-36.92946058091287
-36.901408450704224
-36.890243902439025
-36.875
-36.87002652519894
-36.86635944700461
-36.86440677966102
-36.86131386861314
-36.858974358974365
-36.84210526315789
-36.84210526315789
-36.828644501278774
-36.82539682539683
-36.82432432432432
-36.82008368200837
-36.80297397769517
-36.8
-36.78861788617886
-36.77811550151976
-36.75496688741722
-36.75213675213676
-36.72922252010724
-36.72922252010724
-36.71875
-36.705882352941174
-36.69064748201439
-36.666666666666664
-36.666666666666664
-36.666666666666664
-36.666666666666664
-36.65689149560117
-36.64596273291926
-36.63003663003663
-36.62551440329218
-36.61971830985916
-36.61971830985916
-36.61538461538461
-36.59942363112392
-36.59574468085106
-36.59305993690852
-36.58536585365854
-36.55913978494624
-36.55913978494624
-36.5558912386707
-36.55030800821355
-36.54822335025381
-36.53846153846153
-36.52849740932643
-36.52173913043478
-36.51452282157676
-36.50385604113111
-36.43617021276596
-36.434108527131784
-36.42611683848797
-36.39705882352941
-36.38814016172507
-36.36363636363637
-36.36363636363637
-36.339522546419104
-36.3265306122449
-36.29807692307692
-36.26373626373626
-36.25954198473282
-36.24454148471616
-36.23693379790941
-36.235955056179776
-36.231884057971016
-36.227544910179645
-36.22291021671827
-36.19791666666667
-36.19631901840491
-36.193029490616624
-36.19047619047619
-36.17571059431525
-36.17021276595745
-36.17021276595745
-36.13707165109034
-36.13707165109034
-36.134453781512605
-36.12334801762114
-36.103896103896105
-36.059479553903344
-36.05015673981191
-36.043360433604335
-36.029411764705884
-36.029411764705884
-36.0
-35.98971722365039
-35.9882005899705
-35.978835978835974
-35.96491228070175
-35.945945945945944
-35.94132029339853
-35.917312661498705
-35.90425531914894
-35.8974358974359
-35.89108910891089
-35.869565217391305
-35.8600583090379
-35.858585858585855
-35.84905660377358
-35.785953177257525
-35.775862068965516
-35.77235772357724
-35.77023498694517
-35.76642335766424
-35.752688172043015
-35.75
-35.73770491803279
-35.73667711598746
-35.73487031700288
-35.714285714285715
-35.714285714285715
-35.714285714285715
-35.714285714285715
-35.69739952718676
-35.69620253164557
-35.69230769230769
-35.68181818181818
-35.678391959798994
-35.66265060240964
-35.648148148148145
-35.64356435643564
-35.63941299790356
-35.61151079136691
-35.56701030927835
-35.56581986143187
-35.51587301587302
-35.51401869158878
-35.51020408163265
-35.4978354978355
-35.476190476190474
-35.47297297297297
-35.47008547008547
-35.47008547008547
-35.4639175257732
-35.45918367346938
-35.45706371191136
-35.44600938967136
-35.43956043956044
-35.43689320388349
-35.41666666666667
-35.41147132169576
-35.40372670807454
-35.400516795865634
-35.39518900343643
-35.39192399049881
-35.38461538461539
-35.37117903930131
-35.36585365853659
-35.35528596187175
-35.34743202416919
-35.3448275862069
-35.333333333333336
-35.309973045822105
-35.30927835051546
-35.30701754385965
-35.294117647058826
-35.294117647058826
-35.267857142857146
-35.26570048309179
-35.2589641434263
-35.24804177545692
-35.235732009925556
-35.230352303523034
-35.22727272727273
-35.21594684385382
-35.2059925093633
-35.204081632653065
-35.196687370600415
-35.173824130879346
-35.15625
-35.13513513513514
-35.13513513513514
-35.12931034482759
-35.1063829787234
-35.09615384615385
-35.094339622641506
-35.06944444444444
-35.064935064935064
-35.06224066390041
-35.039370078740156
-35.011990407673856
-34.988179669030735
-34.962406015037594
-34.946236559139784
-34.93589743589743
-34.93449781659388
-34.93150684931507
-34.91379310344828
-34.90566037735849
-34.890965732087224
-34.84848484848485
-34.840425531914896
-34.831460674157306
-34.82428115015975
-34.81481481481482
-34.78260869565217
-34.77218225419664
-34.763948497854074
-34.76190476190476
-34.75935828877005
-34.756097560975604
-34.756097560975604
-34.74903474903475
-34.73684210526316
-34.73684210526316
-34.73053892215569
-34.72803347280335
-34.72584856396867
-34.70225872689938
-34.680851063829785
-34.67741935483871
-34.67741935483871
-34.650455927051674
-34.63203463203463
-34.6031746031746
-34.59119496855346
-34.588235294117645
-34.584450402144775
-34.572490706319705
-34.57142857142857
-34.55882352941176
-34.55882352941176
-34.5565749235474
-34.54545454545455
-34.54545454545455
-34.523809523809526
-34.51327433628318
-34.51086956521739
-34.51086956521739
-34.49781659388647
-34.49367088607595
-34.48275862068966
-34.48275862068966
-34.48275862068966
-34.46153846153846
-34.447300771208226
-34.42622950819672
-34.42211055276382
-34.40860215053764
-34.39306358381503
-34.375
-34.36123348017621
-34.34650455927052
-34.34650455927052
-34.33734939759036
-34.32203389830508
-34.293948126801155
-34.26573426573427
-34.25196850393701
-34.24657534246575
-34.23913043478261
-34.234234234234236
-34.23180592991914
-34.226190476190474
-34.22222222222222
-34.217506631299734
-34.217506631299734
-34.21052631578947
-34.21052631578947
-34.19811320754717
-34.19023136246786
-34.18803418803419
-34.1692789968652
-34.166666666666664
-34.146341463414636
-34.146341463414636
-34.13978494623656
-34.13978494623656
-34.13461538461539
-34.13333333333333
-34.11078717201166
-34.048257372654156
-34.04255319148936
-34.04255319148936
-34.031413612565444
-34.02777777777778
-34.024896265560166
-34.02298850574713
-33.97260273972603
-33.96739130434783
-33.95522388059701
-33.95061728395062
-33.933161953727506
-33.91812865497076
-33.910034602076124
-33.87533875338754
-33.87096774193548
-33.87096774193548
-33.86666666666667
-33.85214007782101
-33.83458646616541
-33.82899628252788
-33.82789317507419
-33.81995133819951
-33.81642512077295
-33.81294964028777
-33.791208791208796
-33.75796178343949
-33.75262054507338
-33.73860182370821
-33.734939759036145
-33.70786516853933
-33.692722371967655
-33.691756272401435
-33.68146214099217
-33.68055555555556
-33.64779874213836
-33.6283185840708
-33.6283185840708
-33.61344537815126
-33.603238866396765
-33.60215053763441
-33.5978835978836
-33.5978835978836
-33.59683794466403
-33.57664233576642
-33.57487922705314
-33.573141486810556
-33.56481481481482
-33.56401384083045
-33.560090702947846
-33.559322033898304
-33.5548172757475
-33.54037267080746
-33.54037267080746
-33.5149863760218
-33.51206434316354
-33.50515463917525
-33.4841628959276
-33.47107438016529
-33.457249070631974
-33.45195729537366
-33.44827586206897
-33.44827586206897
-33.443708609271525
-33.433734939759034
-33.433734939759034
-33.43108504398827
-33.42391304347826
-33.42318059299191
-33.42245989304813
-33.42175066312997
-33.42175066312997
-33.421052631578945
-33.421052631578945
-33.421052631578945
-33.41772151898734
-33.415233415233416
-33.41288782816229
-33.33333333333333
-33.33333333333333
-33.33333333333333
-33.33333333333333
-33.33333333333333
-33.33333333333333
-33.33333333333333
-33.33333333333333
-33.33333333333333
-33.25471698113208
-33.2425068119891
-33.24175824175824
-33.21167883211679
-33.15926892950392
-33.155080213903744
-33.153638814016176
-33.13253012048193
-33.09002433090024
-33.08457711442786
-33.07692307692307
-33.06878306878307
-33.06666666666666
-33.06233062330624
-33.054393305439326
-33.04535637149028
-33.033033033033036
-33.03167420814479
-32.983193277310924
-32.95454545454545
-32.945736434108525
-32.93413173652694
-32.926829268292686
-32.91139240506329
-32.904884318766065
-32.90155440414508
-32.89473684210527
-32.88288288288289
-32.86713286713287
-32.831325301204814
-32.82442748091603
-32.8125
-32.78688524590164
-32.7710843373494
-32.7683615819209
-32.76595744680851
-32.758620689655174
-32.7536231884058
-32.7217125382263
-32.71604938271605
-32.71276595744681
-32.69961977186312
-32.698412698412696
-32.69754768392371
-32.69230769230769
-32.6797385620915
-32.637075718015666
-32.61904761904762
-32.61538461538461
-32.61538461538461
-32.602739726027394
-32.592592592592595
-32.55813953488372
-32.55208333333333
-32.54237288135593
-32.53968253968254
-32.515337423312886
-32.51366120218579
-32.50517598343685
-32.49211356466877
-32.47422680412371
-32.47422680412371
-32.467532467532465
-32.46445497630332
-32.463768115942024
-32.4582338902148
-32.44444444444444
-32.43967828418231
-32.432432432432435
-32.432432432432435
-32.432432432432435
-32.42320819112628
-32.421052631578945
-32.407407407407405
-32.4
-32.38770685579196
-32.38341968911917
-32.360742705570296
-32.342007434944236
-32.340425531914896
-32.33695652173913
-32.31197771587744
-32.31132075471698
-32.30769230769231
-32.304038004750595
-32.302405498281786
-32.27990970654628
-32.25806451612903
-32.25806451612903
-32.24932249322493
-32.19895287958115
-32.196969696969695
-32.189973614775724
-32.177263969171484
-32.17213114754098
-32.171581769437
-32.1608040201005
-32.15258855585831
-32.142857142857146
-32.142857142857146
-32.131147540983605
-32.10526315789474
-32.098765432098766
-32.098765432098766
-32.09549071618037
-32.087227414330215
-32.0855614973262
-32.075471698113205
-32.075471698113205
-32.06751054852321
-32.054794520547944
-32.054794520547944
-32.05128205128205
-32.03342618384401
-32.02933985330073
-32.0
-31.985294117647058
-31.98198198198198
-31.97278911564626
-31.971153846153843
-31.971153846153843
-31.964809384164223
-31.963470319634702
-31.958762886597935
-31.952662721893493
-31.948881789137378
-31.948051948051948
-31.944444444444443
-31.932773109243694
-31.914893617021278
-31.887755102040817
-31.88405797101449
-31.851851851851855
-31.818181818181817
-31.818181818181817
-31.80873180873181
-31.805929919137466
-31.804281345565748
-31.798245614035086
-31.76470588235294
-31.753554502369667
-31.746031746031743
-31.721470019342355
-31.713554987212277
-31.70731707317073
-31.70731707317073
-31.666666666666664
-31.65938864628821
-31.640625
-31.63538873994638
-31.626506024096386
-31.594202898550726
-31.57894736842105
-31.57894736842105
-31.57894736842105
-31.56498673740053
-31.56498673740053
-31.55893536121673
-31.557377049180328
-31.54121863799283
-31.515151515151512
-31.515151515151512
-31.5018315018315
-31.5
-31.5
-31.49847094801223
-31.451612903225808
-31.4453125
-31.43631436314363
-31.428571428571427
-31.41891891891892
-31.417624521072796
-31.41025641025641
-31.40794223826715
-31.40495867768595
-31.398416886543533
-31.398416886543533
-31.3953488372093
-31.38888888888889
-31.366459627329192
-31.35593220338983
-31.35593220338983
-31.351351351351354
-31.347962382445143
-31.33514986376022
-31.333333333333336
-31.329113924050635
-31.32075471698113
-31.30434782608696
-31.275720164609055
-31.27413127413127
-31.230283911671926
-31.195840554592717
-31.182795698924732
-31.182795698924732
-31.16883116883117
-31.135531135531135
-31.1178247734139
-31.1178247734139
-31.117021276595747
-31.115879828326182
-31.10236220472441
-31.060606060606062
-31.05590062111801
-31.05022831050228
-31.043956043956044
-31.009615384615387
-30.985915492957744
-30.967741935483872
-30.959752321981426
-30.952380952380953
-30.93220338983051
-30.909090909090907
-30.89430894308943
-30.89430894308943
-30.87557603686636
-30.87071240105541
-30.837004405286343
-30.81761006289308
-30.804597701149426
-30.8
-30.793650793650794
-30.76923076923077
-30.735930735930733
-30.72289156626506
-30.706521739130434
-30.70539419087137
-30.69908814589666
-30.685920577617328
-30.666666666666664
-30.64516129032258
-30.625000000000004
-30.62330623306233
-30.62330623306233
-30.60796645702306
-30.567685589519648
-30.563002680965145
-30.563002680965145
-30.555555555555557
-30.54662379421222
-30.538922155688624
-30.522088353413658
-30.508474576271187
-30.50397877984085
-30.49645390070922
-30.48780487804878
-30.48780487804878
-30.47945205479452
-30.461538461538463
-30.45977011494253
-30.44982698961938
-30.446927374301673
-30.446194225721783
-30.434782608695656
-30.434782608695656
-30.42168674698795
-30.416666666666664
-30.403800475059384
-30.37974683544304
-30.36750483558994
-30.360205831903947
-30.357142857142854
-30.35230352303523
-30.343007915567284
-30.343007915567284
-30.34188034188034
-30.340557275541798
-30.29661016949153
-30.29490616621984
-30.287206266318538
-30.28169014084507
-30.279898218829516
-30.26634382566586
-30.2491103202847
-30.248306997742663
-30.241935483870968
-30.239520958083833
-30.213903743315505
-30.21276595744681
-30.181818181818183
-30.16759776536313
-30.16393442622951
-30.162412993039446
-30.14705882352941
-30.136986301369863
-30.136986301369863
-30.133333333333333
-30.08849557522124
-30.08474576271186
-30.081300813008134
-30.069930069930066
-30.03533568904594
-30.0
-30.0
-30.0
-30.0
-29.98236331569665
-29.971181556195965
-29.96845425867508
-29.962546816479403
-29.959514170040485
-29.919137466307276
-29.910714285714285
-29.906542056074763
-29.894179894179896
-29.878048780487802
-29.87012987012987
-29.863013698630137
-29.86111111111111
-29.856115107913666
-29.836065573770494
-29.836065573770494
-29.832935560859188
-29.830508474576273
-29.81366459627329
-29.81132075471698
-29.797979797979796
-29.793510324483773
-29.780564263322884
-29.775280898876407
-29.75206611570248
-29.73621103117506
-29.72027972027972
-29.69121140142518
-29.69121140142518
-29.646017699115045
-29.64426877470356
-29.64071856287425
-29.599999999999998
-29.577464788732392
-29.523809523809526
-29.51388888888889
-29.496402877697843
-29.48717948717949
-29.47976878612717
-29.460580912863072
-29.45945945945946
-29.454545454545457
-29.439252336448597
-29.432624113475175
-29.432624113475175
-29.42583732057416
-29.39189189189189
-29.380053908355798
-29.365079365079367
-29.360465116279073
-29.357798165137616
-29.355608591885442
-29.347826086956523
-29.3398533007335
-29.314420803782504
-29.313929313929314
-29.305135951661633
-29.289940828402365
-29.287598944591032
-29.268292682926827
-29.261363636363637
-29.257641921397383
-29.25531914893617
-29.247910863509752
-29.245283018867923
-29.21686746987952
-29.205607476635514
-29.19254658385093
-29.18287937743191
-29.17933130699088
-29.156626506024097
-29.15129151291513
-29.09090909090909
-29.086538461538463
-29.06666666666667
-29.06574394463668
-29.06574394463668
-29.062500000000004
-29.03930131004367
-29.03225806451613
-29.03225806451613
-29.024390243902438
-29.015544041450774
-29.01234567901235
-29.003021148036257
-28.975265017667844
-28.95622895622896
-28.930817610062892
-28.91891891891892
-28.91891891891892
-28.91891891891892
-28.915662650602407
-28.915662650602407
-28.912466843501328
-28.903654485049834
-28.888888888888886
-28.882833787465938
-28.87323943661972
-28.84012539184953
-28.834355828220858
-28.83116883116883
-28.82096069868996
-28.799999999999997
-28.767123287671232
-28.75536480686695
-28.735632183908045
-28.71287128712871
-28.690807799442897
-28.686327077747993
-28.686327077747993
-28.651685393258425
-28.64864864864865
-28.617363344051448
-28.614457831325304
-28.61111111111111
-28.609625668449194
-28.60520094562648
-28.57142857142857
-28.538812785388128
-28.530259365994237
-28.51985559566787
-28.49002849002849
-28.421052631578945
-28.415300546448087
-28.398058252427184
-28.342245989304814
-28.342245989304814
-28.341013824884794
-28.337874659400548
-28.337236533957842
-28.333333333333332
-28.333333333333332
-28.31541218637993
-28.306878306878307
-28.285714285714285
-28.27586206896552
-28.26086956521739
-28.26086956521739
-28.255528255528255
-28.246753246753247
-28.2312925170068
-28.22085889570552
-28.21576763485477
-28.21576763485477
-28.214285714285715
-28.205128205128204
-28.191489361702125
-28.18181818181818
-28.169014084507044
-28.14498933901919
-28.134556574923547
-28.125
-28.125
-28.115942028985508
-28.115942028985508
-28.115942028985508
-28.095238095238095
-28.083989501312335
-28.061224489795915
-28.040540540540544
-28.034682080924856
-28.02547770700637
-28.01724137931034
-27.990430622009573
-27.977839335180054
-27.956989247311824
-27.956989247311824
-27.956989247311824
-27.941176470588236
-27.925531914893615
-27.923211169284468
-27.92022792022792
-27.916666666666668
-27.906976744186046
-27.901234567901234
-27.86377708978328
-27.86377708978328
-27.848101265822784
-27.845036319612593
-27.83882783882784
-27.835051546391753
-27.82931354359926
-27.82258064516129
-27.816901408450708
-27.807486631016044
-27.77777777777778
-27.762803234501348
-27.748691099476442
-27.73109243697479
-27.728613569321535
-27.717391304347828
-27.710843373493976
-27.705627705627705
-27.7027027027027
-27.699530516431924
-27.67527675276753
-27.659574468085108
-27.631578947368425
-27.627627627627625
-27.611940298507463
-27.607361963190186
-27.598566308243726
-27.596439169139465
-27.586206896551722
-27.56183745583039
-27.536231884057973
-27.536231884057973
-27.536231884057973
-27.531645569620256
-27.522935779816514
-27.522935779816514
-27.51196172248804
-27.509293680297397
-27.508090614886733
-27.500000000000004
-27.500000000000004
-27.500000000000004
-27.49326145552561
-27.492447129909365
-27.480916030534353
-27.469879518072286
-27.469135802469136
-27.444794952681388
-27.44360902255639
-27.43362831858407
-27.419354838709676
-27.405857740585777
-27.405247813411076
-27.405247813411076
-27.397260273972602
-27.380952380952383
-27.368421052631582
-27.34584450402145
-27.299703264094955
-27.27272727272727
-27.238805970149254
-27.22772277227723
-27.225130890052355
-27.218934911242602
-27.21518987341772
-27.209302325581397
-27.188940092165897
-27.181208053691275
-27.167630057803464
-27.1505376344086
-27.134146341463417
-27.129337539432175
-27.111984282907663
-27.100271002710024
-27.03962703962704
-27.038626609442062
-27.027027027027028
-27.02020202020202
-27.01298701298701
-26.978417266187048
-26.975476839237057
-26.941747572815533
-26.94063926940639
-26.923076923076923
-26.90909090909091
-26.851851851851855
-26.82926829268293
-26.82215743440233
-26.790450928381965
-26.775956284153008
-26.76056338028169
-26.72413793103448
-26.706231454005934
-26.666666666666668
-26.639344262295083
-26.62473794549266
-26.61596958174905
-26.60332541567696
-26.595744680851062
-26.591760299625467
-26.570048309178745
-26.551724137931032
-26.53061224489796
-26.526315789473685
-26.519337016574585
-26.501766784452297
-26.49164677804296
-26.47058823529412
-26.461538461538463
-26.431718061674008
-26.42857142857143
-26.426426426426424
-26.41509433962264
-26.4026402640264
-26.400000000000002
-26.394052044609666
-26.392961876832842
-26.39225181598063
-26.34730538922156
-26.31578947368421
-26.31578947368421
-26.27986348122867
-26.277372262773724
-26.27118644067797
-26.258992805755394
-26.25
-26.23574144486692
-26.221079691516707
-26.18384401114206
-26.181818181818183
-26.179245283018872
-26.176470588235297
-26.176470588235297
-26.176470588235297
-26.16487455197133
-26.15740740740741
-26.146788990825687
-26.139088729016784
-26.129032258064516
-26.126126126126124
-26.099706744868033
-26.099706744868033
-26.06837606837607
-26.062322946175637
-26.036866359447004
-26.03092783505155
-26.024096385542165
-26.022304832713754
-26.01880877742947
-26.013513513513516
-26.006191950464398
-25.995807127882596
-25.961538461538463
-25.943396226415093
-25.925925925925924
-25.925925925925924
-25.925925925925924
-25.918367346938776
-25.91240875912409
-25.90909090909091
-25.906735751295333
-25.90529247910863
-25.882352941176475
-25.872093023255815
-25.85669781931464
-25.853658536585368
-25.847457627118644
-25.837320574162682
-25.818181818181817
-25.766871165644172
-25.748502994011975
-25.74626865671642
-25.7396449704142
-25.735294117647058
-25.72614107883817
-25.723472668810288
-25.721153846153843
-25.70621468926554
-25.694444444444443
-25.688073394495415
-25.630252100840334
-25.6198347107438
-25.6140350877193
-25.6
-25.597269624573375
-25.595238095238095
-25.590551181102363
-25.581395348837212
-25.571725571725572
-25.569620253164555
-25.555555555555554
-25.54517133956386
-25.53191489361702
-25.53191489361702
-25.525525525525527
-25.525525525525527
-25.524475524475527
-25.510204081632654
-25.503355704697988
-25.501432664756447
-25.45931758530184
-25.449101796407188
-25.4416961130742
-25.438596491228072
-25.423728813559322
-25.41966426858513
-25.384615384615383
-25.377643504531722
-25.357142857142854
-25.355450236966824
-25.327510917030565
-25.31017369727047
-25.30612244897959
-25.27881040892193
-25.260416666666668
-25.259515570934255
-25.233644859813083
-25.229357798165136
-25.188916876574307
-25.18248175182482
-25.18248175182482
-25.17814726840855
-25.17241379310345
-25.17241379310345
-25.149700598802394
-25.146198830409354
-25.13089005235602
-25.128205128205128
-25.11013215859031
-25.11013215859031
-25.09090909090909
-25.077399380804955
-25.07462686567164
-25.072886297376094
-25.069637883008355
-25.067385444743934
-25.05263157894737
-25.0
-25.0
-25.0
-25.0
-25.0
-25.0
-24.924924924924923
-24.923076923076923
-24.923076923076923
-24.922118380062305
-24.915824915824917
-24.912280701754387
-24.91103202846975
-24.858757062146893
-24.842767295597483
-24.829931972789115
-24.817518248175183
-24.804177545691903
-24.797843665768195
-24.788732394366196
-24.782608695652176
-24.770642201834864
-24.74916387959866
-24.742268041237114
-24.71042471042471
-24.705882352941178
-24.705882352941178
-24.702380952380953
-24.691358024691358
-24.691358024691358
-24.691358024691358
-24.691358024691358
-24.6875
-24.686192468619247
-24.680851063829788
-24.679487179487182
-24.664879356568363
-24.664879356568363
-24.661246612466126
-24.641833810888254
-24.615384615384617
-24.615384615384617
-24.605678233438486
-24.598930481283425
-24.596774193548388
-24.596774193548388
-24.561403508771928
-24.53416149068323
-24.528301886792452
-24.522292993630572
-24.503311258278146
-24.481327800829874
-24.47257383966245
-24.46555819477435
-24.464831804281346
-24.46043165467626
-24.458204334365323
-24.455205811138015
-24.45141065830721
-24.45141065830721
-24.444444444444443
-24.429967426710096
-24.422442244224424
-24.404761904761905
-24.398625429553263
-24.378109452736318
-24.378109452736318
-24.363636363636363
-24.355971896955502
-24.355300859598856
-24.347826086956523
-24.324324324324326
-24.316109422492403
-24.31077694235589
-24.299065420560748
-24.281984334203656
-24.267782426778243
-24.257425742574256
-24.242424242424242
-24.233128834355828
-24.2320819112628
-24.2320819112628
-24.228028503562946
-24.203821656050955
-24.1869918699187
-24.170616113744074
-24.169184290030213
-24.1635687732342
-24.16267942583732
-24.159021406727827
-24.155844155844157
-24.152542372881356
-24.148606811145513
-24.137931034482758
-24.137931034482758
-24.137931034482758
-24.113475177304963
-24.10958904109589
-24.096385542168676
-24.085365853658537
-24.08026755852843
-24.074074074074073
-24.045801526717558
-24.041811846689896
-24.03560830860534
-24.034334763948497
-24.034334763948497
-24.010554089709764
-24.0
-23.98921832884097
-23.980815347721823
-23.964497041420117
-23.949579831932773
-23.939393939393938
-23.939393939393938
-23.920265780730897
-23.91304347826087
-23.91304347826087
-23.896103896103895
-23.875432525951556
-23.846153846153847
-23.824451410658305
-23.824451410658305
-23.823529411764703
-23.809523809523807
-23.809523809523807
-23.799126637554586
-23.79746835443038
-23.788546255506606
-23.78048780487805
-23.776223776223777
-23.768115942028984
-23.766816143497756
-23.75
-23.74245472837022
-23.741007194244602
-23.70820668693009
-23.692307692307693
-23.684210526315788
-23.64864864864865
-23.642172523961662
-23.636363636363637
-23.636363636363637
-23.61111111111111
-23.605150214592275
-23.600973236009732
-23.58490566037736
-23.582089552238806
-23.555555555555554
-23.547400611620795
-23.547400611620795
-23.52941176470588
-23.52941176470588
-23.511904761904763
-23.510971786833856
-23.510971786833856
-23.480662983425415
-23.47560975609756
-23.46041055718475
-23.459715639810426
-23.456790123456788
-23.456790123456788
-23.456790123456788
-23.45360824742268
-23.451327433628318
-23.44213649851632
-23.4375
-23.426573426573427
-23.417721518987342
-23.417721518987342
-23.384615384615383
-23.376623376623375
-23.376623376623375
-23.35164835164835
-23.35164835164835
-23.34494773519164
-23.333333333333332
-23.28767123287671
-23.283582089552237
-23.272727272727273
-23.270440251572328
-23.26283987915408
-23.26139088729017
-23.247232472324722
-23.24159021406728
-23.214285714285715
-23.214285714285715
-23.173803526448363
-23.16715542521994
-23.155216284987276
-23.14814814814815
-23.140495867768596
-23.134328358208954
-23.12925170068027
-23.123123123123122
-23.106796116504853
-23.076923076923077
-23.076923076923077
-23.05295950155763
-23.05295950155763
-23.04832713754647
-23.03921568627451
-23.035230352303522
-23.0188679245283
-23.006134969325153
-23.006134969325153
-23.003194888178914
-22.99651567944251
-22.994652406417114
-22.988505747126435
-22.981366459627328
-22.972972972972975
-22.950819672131146
-22.946859903381643
-22.946175637393768
-22.92358803986711
-22.916666666666664
-22.910216718266255
-22.910216718266255
-22.90909090909091
-22.90748898678414
-22.87917737789203
-22.863247863247864
-22.857142857142858
-22.839506172839506
-22.83653846153846
-22.83464566929134
-22.831050228310502
-22.815533980582526
-22.802850356294538
-22.796352583586625
-22.794117647058822
-22.790697674418606
-22.779922779922778
-22.77777777777778
-22.75
-22.746781115879827
-22.73972602739726
-22.727272727272727
-22.727272727272727
-22.71062271062271
-22.702702702702705
-22.699386503067483
-22.68041237113402
-22.6775956284153
-22.67080745341615
-22.65625
-22.653721682847898
-22.64808362369338
-22.64808362369338
-22.629969418960243
-22.629969418960243
-22.62773722627737
-22.60536398467433
-22.60061919504644
-22.596153846153847
-22.58064516129032
-22.551928783382788
-22.545454545454547
-22.5
-22.489082969432314
-22.483221476510067
-22.477064220183486
-22.468354430379748
-22.46153846153846
-22.458628841607563
-22.45762711864407
-22.45430809399478
-22.448979591836736
-22.434367541766107
-22.433460076045627
-22.432432432432435
-22.429906542056074
-22.424242424242426
-22.422680412371136
-22.388059701492537
-22.388059701492537
-22.388059701492537
-22.382671480144403
-22.36503856041131
-22.36024844720497
-22.32415902140673
-22.32415902140673
-22.30971128608924
-22.25063938618926
-22.249388753056234
-22.22222222222222
-22.22222222222222
-22.22222222222222
-22.22222222222222
-22.22222222222222
-22.188449848024316
-22.1875
-22.181818181818183
-22.15909090909091
-22.15568862275449
-22.151898734177212
-22.151898734177212
-22.14765100671141
-22.144522144522146
-22.142857142857142
-22.142857142857142
-22.123893805309734
-22.123893805309734
-22.123893805309734
-22.123893805309734
-22.118380062305295
-22.099447513812155
-22.093023255813954
-22.065727699530516
-22.063037249283667
-22.058823529411764
-22.043010752688172
-22.02797202797203
-22.018348623853214
-22.00392927308448
-22.0
-21.981424148606813
-21.981424148606813
-21.978021978021978
-21.978021978021978
-21.978021978021978
-21.973094170403588
-21.958456973293767
-21.958456973293767
-21.958456973293767
-21.94513715710723
-21.942446043165468
-21.937321937321936
-21.935483870967744
-21.92513368983957
-21.91780821917808
-21.91780821917808
-21.908127208480565
-21.899736147757256
-21.890547263681594
-21.88235294117647
-21.875
-21.866666666666667
-21.856287425149702
-21.846153846153847
-21.835443037974684
-21.83406113537118
-21.828908554572273
-21.810699588477366
-21.791044776119403
-21.779141104294478
-21.772151898734176
-21.73913043478261
-21.73913043478261
-21.712538226299692
-21.70818505338078
-21.69811320754717
-21.680216802168022
-21.671826625387
-21.671826625387
-21.671018276762403
-21.671018276762403
-21.670428893905193
-21.666666666666668
-21.662468513853906
-21.62162162162162
-21.62162162162162
-21.62162162162162
-21.588089330024815
-21.5625
-21.561338289962826
-21.53846153846154
-21.52777777777778
-21.515151515151516
-21.511627906976745
-21.492537313432834
-21.476510067114095
-21.465968586387437
-21.463414634146343
-21.45748987854251
-21.453287197231834
-21.451104100946374
-21.45015105740181
-21.448467966573816
-21.428571428571427
-21.428571428571427
-21.41176470588235
-21.39917695473251
-21.391752577319586
-21.38364779874214
-21.38364779874214
-21.38364779874214
-21.364985163204746
-21.36222910216718
-21.32701421800948
-21.31782945736434
-21.311475409836063
-21.311475409836063
-21.305841924398624
-21.301775147928996
-21.298701298701296
-21.296296296296298
-21.296296296296298
-21.27659574468085
-21.22641509433962
-21.21212121212121
-21.19047619047619
-21.182266009852217
-21.164021164021165
-21.144278606965177
-21.140142517814727
-21.12676056338028
-21.11801242236025
-21.108179419525065
-21.108179419525065
-21.100917431192663
-21.09375
-21.08108108108108
-21.0727969348659
-21.06537530266344
-21.036585365853657
-21.036585365853657
-21.03174603174603
-21.005917159763314
-21.00456621004566
-20.99737532808399
-20.955882352941178
-20.954907161803714
-20.9375
-20.9375
-20.909090909090907
-20.905172413793103
-20.87912087912088
-20.87227414330218
-20.869565217391305
-20.84592145015106
-20.844327176781004
-20.843091334894616
-20.833333333333336
-20.822622107969153
-20.812182741116754
-20.809248554913296
-20.8
-20.795107033639145
-20.783132530120483
-20.76271186440678
-20.761245674740483
-20.754716981132077
-20.74074074074074
-20.711974110032365
-20.710059171597635
-20.708446866485016
-20.70063694267516
-20.689655172413794
-20.689655172413794
-20.682730923694777
-20.679012345679013
-20.652173913043477
-20.63953488372093
-20.62937062937063
-20.625
-20.606060606060606
-20.606060606060606
-20.588235294117645
-20.577617328519857
-20.577617328519857
-20.551378446115287
-20.551378446115287
-20.535714285714285
-20.535714285714285
-20.526315789473685
-20.52401746724891
-20.522388059701495
-20.522388059701495
-20.521172638436482
-20.5188679245283
-20.51282051282051
-20.50473186119874
-20.503597122302157
-20.489296636085626
-20.485175202156334
-20.485175202156334
-20.481927710843372
-20.47244094488189
-20.454545454545457
-20.435967302452315
-20.43010752688172
-20.424403183023873
-20.418848167539267
-20.418848167539267
-20.414201183431953
-20.408163265306122
-20.408163265306122
-20.4
-20.388349514563107
-20.384615384615383
-20.382165605095544
-20.380434782608695
-20.37617554858934
-20.37037037037037
-20.37037037037037
-20.365535248041773
-20.364741641337385
-20.318725099601593
-20.316622691292878
-20.3125
-20.294117647058822
-20.28985507246377
-20.28985507246377
-20.27972027972028
-20.27972027972028
-20.27027027027027
-20.27027027027027
-20.263157894736842
-20.25
-20.238095238095237
-20.23575638506876
-20.235294117647058
-20.234604105571847
-20.234604105571847
-20.229007633587788
-20.22058823529412
-20.216606498194945
-20.216606498194945
-20.2020202020202
-20.192307692307693
-20.179372197309416
-20.161290322580644
-20.159151193633953
-20.157068062827225
-20.125786163522015
-20.125786163522015
-20.12012012012012
-20.103092783505154
-20.100502512562816
-20.100502512562816
-20.089285714285715
-20.074349442379184
-20.070422535211268
-20.069204152249135
-20.065789473684212
-20.06269592476489
-20.061728395061728
-20.059880239520957
-20.0
-20.0
-20.0
-20.0
-20.0
-20.0
-20.0
-19.951923076923077
-19.942196531791907
-19.939577039274926
-19.93006993006993
-19.92753623188406
-19.92619926199262
-19.921875
-19.91869918699187
-19.91869918699187
-19.893899204244033
-19.875776397515526
-19.875776397515526
-19.863013698630137
-19.860627177700348
-19.858156028368796
-19.852941176470587
-19.832402234636874
-19.805194805194805
-19.801980198019802
-19.786096256684495
-19.776119402985074
-19.774011299435028
-19.770773638968482
-19.741100323624593
-19.724770642201836
-19.708029197080293
-19.708029197080293
-19.705882352941178
-19.68503937007874
-19.642857142857142
-19.631901840490798
-19.623655913978492
-19.62025316455696
-19.62025316455696
-19.602977667493796
-19.565217391304348
-19.565217391304348
-19.548872180451127
-19.545454545454547
-19.5364238410596
-19.526627218934912
-19.525065963060687
-19.50617283950617
-19.50354609929078
-19.50354609929078
-19.502074688796682
-19.48608137044968
-19.485294117647058
-19.466666666666665
-19.46564885496183
-19.45525291828794
-19.435736677115987
-19.41747572815534
-19.414893617021274
-19.414893617021274
-19.387755102040817
-19.383259911894275
-19.379844961240313
-19.3717277486911
-19.365079365079367
-19.35483870967742
-19.35483870967742
-19.34426229508197
-19.34306569343066
-19.314641744548286
-19.31216931216931
-19.303797468354432
-19.262295081967213
-19.256756756756758
-19.25
-19.248826291079812
-19.245283018867926
-19.230769230769234
-19.20731707317073
-19.202898550724637
-19.18158567774936
-19.17808219178082
-19.174757281553397
-19.148936170212767
-19.141914191419144
-19.141914191419144
-19.137466307277627
-19.1358024691358
-19.133574007220215
-19.12751677852349
-19.12568306010929
-19.12442396313364
-19.122257053291534
-19.12144702842377
-19.10828025477707
-19.10828025477707
-19.101123595505616
-19.093851132686083
-19.08713692946058
-19.07356948228883
-19.06614785992218
-19.06474820143885
-19.047619047619047
-19.047619047619047
-19.047619047619047
-19.018404907975462
-19.01639344262295
-19.014084507042252
-19.014084507042252
-19.005847953216374
-18.996415770609318
-18.991097922848667
-18.9873417721519
-18.971061093247588
-18.97018970189702
-18.96551724137931
-18.954248366013072
-18.944099378881987
-18.930041152263374
-18.925831202046037
-18.91891891891892
-18.90909090909091
-18.89763779527559
-18.89400921658986
-18.89400921658986
-18.88888888888889
-18.885448916408667
-18.882978723404257
-18.867924528301888
-18.84422110552764
-18.84057971014493
-18.823529411764707
-18.81918819188192
-18.817204301075268
-18.781725888324875
-18.76923076923077
-18.75
-18.75
-18.75
-18.75
-18.75
-18.75
-18.75
-18.735362997658083
-18.732782369146005
-18.725099601593627
-18.705035971223023
-18.684210526315788
-18.681318681318682
-18.681318681318682
-18.681318681318682
-18.67469879518072
-18.67469879518072
-18.67321867321867
-18.633540372670808
-18.627450980392158
-18.6046511627907
-18.597560975609756
-18.597560975609756
-18.597560975609756
-18.594104308390023
-18.556701030927837
-18.556701030927837
-18.552036199095024
-18.548387096774192
-18.545454545454547
-18.541033434650455
-18.51851851851852
-18.51851851851852
-18.507462686567163
-18.5
-18.478260869565215
-18.461538461538463
-18.4549356223176
-18.449197860962567
-18.439716312056735
-18.434343434343432
-18.428184281842817
-18.421052631578945
-18.421052631578945
-18.404907975460123
-18.404907975460123
-18.4
-18.4
-18.38235294117647
-18.38235294117647
-18.38235294117647
-18.38006230529595
-18.38006230529595
-18.367346938775512
-18.360655737704917
-18.356164383561644
-18.352059925093634
-18.351063829787233
-18.34862385321101
-18.345323741007196
-18.32298136645963
-18.305084745762713
-18.27956989247312
-18.269230769230766
-18.243243243243242
-18.243243243243242
-18.23204419889503
-18.229166666666664
-18.209876543209877
-18.206521739130434
-18.181818181818183
-18.181818181818183
-18.181818181818183
-18.181818181818183
-18.157894736842106
-18.154761904761905
-18.143459915611814
-18.125
-18.12297734627832
-18.103448275862068
-18.095238095238095
-18.081180811808117
-18.06020066889632
-18.03607214428858
-18.0327868852459
-18.02469135802469
-18.01566579634465
-18.010752688172044
-18.005540166204987
-18.0
-17.99163179916318
-17.990654205607477
-17.966101694915253
-17.964071856287426
-17.92717086834734
-17.91044776119403
-17.902813299232736
-17.88617886178862
-17.88321167883212
-17.870722433460077
-17.86833855799373
-17.857142857142858
-17.846153846153847
-17.846153846153847
-17.842323651452283
-17.839195979899497
-17.8117048346056
-17.796610169491526
-17.794486215538846
-17.794486215538846
-17.793594306049823
-17.793594306049823
-17.791411042944784
-17.75700934579439
-17.74891774891775
-17.741935483870968
-17.72151898734177
-17.715617715617714
-17.70186335403727
-17.69722814498934
-17.694369973190348
-17.684887459807076
-17.674418604651162
-17.67241379310345
-17.67241379310345
-17.670682730923694
-17.6678445229682
-17.647058823529413
-17.647058823529413
-17.62589928057554
-17.616580310880828
-17.599999999999998
-17.59036144578313
-17.586206896551722
-17.578125
-17.57188498402556
-17.56756756756757
-17.562724014336915
-17.559523809523807
-17.549668874172188
-17.543859649122805
-17.522658610271904
-17.52021563342318
-17.51824817518248
-17.51824817518248
-17.5
-17.491749174917494
-17.48633879781421
-17.473118279569892
-17.46031746031746
-17.46031746031746
-17.454545454545457
-17.43869209809264
-17.434210526315788
-17.431192660550458
-17.417417417417415
-17.41424802110818
-17.391304347826086
-17.346938775510203
-17.343173431734318
-17.333333333333336
-17.325227963525837
-17.325227963525837
-17.314487632508836
-17.29957805907173
-17.29957805907173
-17.27941176470588
-17.272727272727273
-17.26027397260274
-17.257683215130022
-17.24137931034483
-17.22488038277512
-17.20430107526882
-17.192982456140353
-17.192982456140353
-17.1875
-17.1875
-17.177914110429448
-17.177914110429448
-17.16867469879518
-17.15399610136452
-17.15210355987055
-17.132867132867133
-17.12538226299694
-17.123287671232877
-17.114093959731544
-17.11229946524064
-17.110266159695815
-17.105263157894736
-17.098445595854923
-17.096018735362996
-17.083333333333332
-17.08185053380783
-17.060367454068242
-17.060367454068242
-17.05685618729097
-17.02898550724638
-17.02127659574468
-17.008797653958943
-17.0
-16.990291262135923
-16.9811320754717
-16.96113074204947
-16.955017301038062
-16.943521594684384
-16.943521594684384
-16.94214876033058
-16.939890710382514
-16.93290734824281
-16.87116564417178
-16.867469879518072
-16.84981684981685
-16.831683168316832
-16.831683168316832
-16.831683168316832
-16.822429906542055
-16.80672268907563
-16.791979949874687
-16.786570743405278
-16.78486997635934
-16.778523489932887
-16.778523489932887
-16.77215189873418
-16.77018633540373
-16.75531914893617
-16.7420814479638
-16.728624535315987
-16.720257234726688
-16.720257234726688
-16.7192429022082
-16.717325227963524
-16.71388101983003
-16.666666666666664
-16.666666666666664
-16.666666666666664
-16.666666666666664
-16.666666666666664
-16.666666666666664
-16.666666666666664
-16.621983914209114
-16.621983914209114
-16.615384615384617
-16.60649819494585
-16.599190283400812
-16.595744680851062
-16.591928251121075
-16.58653846153846
-16.581632653061224
-16.566265060240966
-16.56441717791411
-16.554054054054053
-16.551724137931036
-16.52542372881356
-16.49484536082474
-16.46706586826347
-16.463414634146343
-16.459627329192546
-16.459627329192546
-16.451612903225808
-16.451612903225808
-16.451612903225808
-16.447368421052634
-16.44295302013423
-16.425120772946862
-16.387959866220736
-16.356877323420075
-16.352201257861633
-16.34980988593156
-16.346153846153847
-16.321243523316063
-16.319444444444446
-16.319444444444446
-16.314199395770395
-16.304347826086957
-16.299559471365637
-16.27358490566038
-16.271186440677965
-16.271186440677965
-16.24548736462094
-16.237113402061855
-16.236162361623617
-16.225165562913908
-16.225165562913908
-16.207951070336392
-16.201117318435752
-16.19718309859155
-16.19047619047619
-16.18705035971223
-16.169154228855724
-16.158536585365855
-16.158536585365855
-16.15598885793872
-16.153846153846153
-16.151202749140893
-16.149068322981368
-16.129032258064516
-16.094986807387862
-16.08832807570978
-16.08832807570978
-16.07843137254902
-16.060606060606062
-16.05351170568562
-16.049382716049383
-16.046511627906977
-16.040955631399317
-16.037735849056602
-16.02787456445993
-16.025641025641026
-16.017316017316016
-16.010498687664043
-16.0
-15.985130111524162
-15.976331360946746
-15.96958174904943
-15.957446808510639
-15.948275862068966
-15.946843853820598
-15.942028985507244
-15.937499999999998
-15.936254980079681
-15.929203539823009
-15.925925925925927
-15.92356687898089
-15.921787709497206
-15.915915915915916
-15.902140672782874
-15.887850467289718
-15.878378378378377
-15.86021505376344
-15.85014409221902
-15.846994535519126
-15.844155844155845
-15.841584158415841
-15.833333333333332
-15.8311345646438
-15.827338129496402
-15.81769436997319
-15.81769436997319
-15.804597701149426
-15.789473684210526
-15.789473684210526
-15.776081424936386
-15.775401069518717
-15.760869565217392
-15.753424657534246
-15.75
-15.727002967359049
-15.723270440251572
-15.718157181571815
-15.714285714285714
-15.699658703071673
-15.677966101694915
-15.666666666666668
-15.654952076677317
-15.65217391304348
-15.646258503401361
-15.639810426540285
-15.63517915309446
-15.625
-15.611814345991561
-15.606936416184972
-15.598290598290598
-15.59633027522936
-15.57632398753894
-15.546218487394958
-15.54054054054054
-15.52511415525114
-15.503875968992247
-15.489130434782608
-15.489130434782608
-15.483870967741936
-15.483870967741936
-15.481171548117153
-15.471698113207546
-15.447154471544716
-15.444015444015443
-15.416666666666668
-15.404040404040403
-15.384615384615385
-15.384615384615385
-15.384615384615385
-15.364583333333334
-15.36231884057971
-15.358361774744028
-15.350877192982457
-15.346534653465346
-15.346534653465346
-15.343915343915343
-15.315315315315313
-15.300546448087433
-15.298507462686567
-15.259740259740258
-15.254237288135593
-15.24390243902439
-15.240641711229946
-15.2317880794702
-15.2317880794702
-15.217391304347828
-15.203426124197003
-15.18324607329843
-15.165876777251185
-15.159574468085108
-15.141955835962145
-15.135135135135137
-15.09433962264151
-15.087719298245613
-15.073529411764705
-15.073529411764705
-15.068493150684931
-15.068493150684931
-15.034965034965033
-15.0
-15.0
-14.987080103359174
-14.981273408239701
-14.981273408239701
-14.960629921259844
-14.95601173020528
-14.950166112956811
-14.94661921708185
-14.933333333333335
-14.925373134328357
-14.920634920634921
-14.920634920634921
-14.915254237288137
-14.915254237288137
-14.906832298136646
-14.906832298136646
-14.893617021276595
-14.893617021276595
-14.87603305785124
-14.873417721518987
-14.864864864864865
-14.864864864864865
-14.82889733840304
-14.827586206896552
-14.825581395348838
-14.824120603015075
-14.814814814814813
-14.801444043321299
-14.795918367346939
-14.767932489451477
-14.745308310991955
-14.739884393063585
-14.705882352941178
-14.691943127962084
-14.671814671814673
-14.657210401891252
-14.625850340136054
-14.5985401459854
-14.590747330960854
-14.583333333333334
-14.583333333333334
-14.583333333333334
-14.576271186440678
-14.56953642384106
-14.545454545454545
-14.545454545454545
-14.539007092198581
-14.537444933920703
-14.523809523809526
-14.511873350923482
-14.488636363636365
-14.482758620689657
-14.444444444444443
-14.444444444444443
-14.432989690721648
-14.427860696517413
-14.425427872860636
-14.421252371916509
-14.420062695924765
-14.40677966101695
-14.391143911439114
-14.385964912280702
-14.383561643835616
-14.381270903010032
-14.360313315926893
-14.326647564469914
-14.285714285714285
-14.285714285714285
-14.285714285714285
-14.285714285714285
-14.251781472684085
-14.24731182795699
-14.240506329113925
-14.23611111111111
-14.222222222222221
-14.222222222222221
-14.195583596214512
-14.186851211072666
-14.111922141119221
-14.11042944785276
-14.106583072100312
-14.093959731543624
-14.093959731543624
-14.0893470790378
-14.068441064638785
-14.0625
-14.0625
-14.046822742474916
-14.028776978417264
-14.018691588785046
-14.000000000000002
-13.993174061433447
-13.978494623655912
-13.975155279503104
-13.973799126637553
-13.970588235294118
-13.94736842105263
-13.941018766756033
-13.937282229965156
-13.91941391941392
-13.897280966767372
-13.896457765667575
-13.895781637717123
-13.880126182965299
-13.870967741935484
-13.864306784660767
-13.84083044982699
-13.829787234042554
-13.793103448275861
-13.783783783783784
-13.78299120234604
-13.774104683195592
-13.768115942028986
-13.754646840148698
-13.709677419354838
-13.707165109034266
-13.698630136986301
-13.658536585365855
-13.653136531365314
-13.65079365079365
-13.623978201634879
-13.623188405797102
-13.623188405797102
-13.613861386138614
-13.609467455621301
-13.609467455621301
-13.60544217687075
-13.600000000000001
-13.598326359832635
-13.588850174216027
-13.577023498694519
-13.569321533923304
-13.559322033898304
-13.541666666666666
-13.513513513513514
-13.503649635036496
-13.502109704641349
-13.494809688581316
-13.480392156862745
-13.478260869565217
-13.455657492354739
-13.4375
-13.427561837455832
-13.405797101449277
-13.398692810457517
-13.395638629283487
-13.37386018237082
-13.36405529953917
-13.333333333333334
-13.31521739130435
-13.309352517985612
-13.306451612903224
-13.293051359516618
-13.291139240506327
-13.271604938271606
-13.262599469496022
-13.261648745519713
-13.259668508287293
-13.240418118466899
-13.239436619718308
-13.23529411764706
-13.230769230769232
-13.221153846153847
-13.215859030837004
-13.200000000000001
-13.19796954314721
-13.194444444444445
-13.172043010752688
-13.148788927335639
-13.142857142857142
-13.138686131386862
-13.138686131386862
-13.136729222520108
-13.122171945701359
-13.122171945701359
-13.118811881188119
-13.114754098360656
-13.087248322147651
-13.08139534883721
-13.05732484076433
-13.043478260869565
-13.043478260869565
-13.031161473087819
-13.008130081300814
-13.004484304932735
-12.979351032448378
-12.972972972972974
-12.967581047381547
-12.962962962962962
-12.962962962962962
-12.962962962962962
-12.903225806451612
-12.89198606271777
-12.883435582822086
-12.88135593220339
-12.868632707774799
-12.847222222222221
-12.831858407079647
-12.794612794612794
-12.794612794612794
-12.77258566978193
-12.77258566978193
-12.76595744680851
-12.76595744680851
-12.758620689655173
-12.753623188405797
-12.738853503184714
-12.735849056603774
-12.732919254658384
-12.732919254658384
-12.721893491124261
-12.719298245614036
-12.703583061889251
-12.692307692307692
-12.690355329949238
-12.690355329949238
-12.686567164179104
-12.680115273775217
-12.650602409638553
-12.650602409638553
-12.647058823529411
-12.62135922330097
-12.607449856733524
-12.594458438287154
-12.571428571428573
-12.566844919786096
-12.561576354679804
-12.546125461254611
-12.546125461254611
-12.543554006968641
-12.543554006968641
-12.539184952978054
-12.531328320802004
-12.5
-12.5
-12.5
-12.5
-12.465373961218837
-12.464589235127479
-12.462006079027356
-12.461059190031152
-12.45674740484429
-12.452830188679245
-12.448132780082988
-12.444444444444445
-12.416851441241686
-12.411347517730496
-12.408759124087592
-12.389380530973451
-12.376237623762377
-12.36749116607774
-12.36749116607774
-12.333333333333334
-12.32876712328767
-12.323943661971832
-12.30366492146597
-12.280701754385964
-12.280701754385964
-12.244897959183673
-12.23021582733813
-12.228260869565217
-12.203389830508476
-12.195121951219512
-12.184873949579831
-12.177121771217712
-12.171052631578947
-12.142857142857142
-12.131147540983607
-12.099644128113878
-12.094395280235988
-12.093023255813954
-12.091503267973856
-12.087912087912088
-12.068965517241379
-12.068965517241379
-12.068965517241379
-12.048192771084338
-12.017167381974248
-12.014134275618375
-12.014134275618375
-11.988304093567251
-11.987381703470032
-11.986301369863012
-11.983471074380166
-11.974110032362459
-11.971830985915492
-11.9533527696793
-11.949685534591195
-11.948051948051948
-11.944444444444445
-11.944444444444445
-11.934156378600823
-11.923076923076923
-11.918604651162791
-11.912225705329153
-11.89801699716714
-11.891891891891893
-11.888111888111888
-11.881188118811881
-11.864406779661017
-11.846689895470384
-11.838006230529595
-11.83673469387755
-11.825192802056556
-11.818181818181818
-11.797752808988763
-11.79245283018868
-11.785714285714285
-11.777777777777777
-11.76470588235294
-11.74785100286533
-11.743772241992882
-11.724137931034482
-11.724137931034482
-11.711711711711711
-11.7096018735363
-11.695906432748536
-11.691542288557214
-11.688311688311687
-11.683848797250858
-11.6751269035533
-11.66077738515901
-11.65644171779141
-11.650485436893204
-11.646586345381527
-11.636363636363637
-11.627906976744185
-11.621621621621623
-11.619718309859154
-11.610486891385769
-11.607142857142858
-11.604095563139932
-11.600000000000001
-11.581920903954803
-11.578947368421053
-11.572700296735905
-11.559139784946236
-11.538461538461538
-11.524163568773234
-11.524163568773234
-11.52073732718894
-11.515151515151516
-11.513157894736842
-11.510791366906476
-11.510791366906476
-11.504424778761061
-11.481481481481481
-11.470588235294118
-11.455847255369928
-11.45374449339207
-11.44578313253012
-11.44578313253012
-11.444141689373296
-11.442786069651742
-11.439114391143912
-11.428571428571429
-11.428571428571429
-11.396011396011396
-11.39240506329114
-11.363636363636363
-11.363636363636363
-11.349693251533742
-11.343283582089553
-11.3314447592068
-11.326860841423949
-11.32596685082873
-11.320754716981133
-11.299435028248588
-11.285266457680251
-11.284046692607005
-11.28048780487805
-11.267605633802818
-11.221122112211221
-11.188811188811188
-11.188811188811188
-11.178247734138973
-11.147540983606557
-11.11111111111111
-11.11111111111111
-11.11111111111111
-11.078717201166182
-11.063829787234042
-11.055276381909549
-11.042944785276074
-11.032028469750891
-11.029411764705882
-11.014492753623188
-11.013215859030836
-11.0
-10.989010989010989
-10.989010989010989
-10.980392156862745
-10.967741935483872
-10.954063604240282
-10.951008645533141
-10.909090909090908
-10.894941634241246
-10.884353741496598
-10.87866108786611
-10.876132930513595
-10.869565217391305
-10.852713178294573
-10.846560846560847
-10.8359133126935
-10.830324909747292
-10.826210826210826
-10.819672131147541
-10.81081081081081
-10.802469135802468
-10.7981220657277
-10.787172011661808
-10.784313725490197
-10.76388888888889
-10.739856801909307
-10.714285714285714
-10.70110701107011
-10.69767441860465
-10.666666666666668
-10.655737704918032
-10.64516129032258
-10.638297872340425
-10.638297872340425
-10.638297872340425
-10.622710622710622
-10.622710622710622
-10.606060606060606
-10.60070671378092
-10.597826086956522
-10.588235294117647
-10.572687224669604
-10.543130990415335
-10.54054054054054
-10.526315789473683
-10.504201680672269
-10.469314079422382
-10.437710437710438
-10.434782608695652
-10.431654676258994
-10.416666666666668
-10.416666666666668
-10.416666666666668
-10.407239819004525
-10.39426523297491
-10.392609699769054
-10.377358490566039
-10.37344398340249
-10.37037037037037
-10.365853658536585
-10.355987055016183
-10.355029585798817
-10.33434650455927
-10.333333333333334
-10.320284697508896
-10.309278350515463
-10.299003322259136
-10.294117647058822
-10.273972602739725
-10.267857142857142
-10.264900662251655
-10.256410256410255
-10.256410256410255
-10.256410256410255
-10.24390243902439
-10.240963855421686
-10.240963855421686
-10.240963855421686
-10.232558139534884
-10.227272727272728
-10.21671826625387
-10.21671826625387
-10.204081632653061
-10.204081632653061
-10.181818181818182
-10.16949152542373
-10.15625
-10.150375939849624
-10.14851485148515
-10.144927536231885
-10.13986013986014
-10.13986013986014
-10.080645161290322
-10.077519379844961
-10.074626865671641
-10.052910052910052
-10.038610038610038
-10.03584229390681
-10.034602076124568
-10.031347962382444
-10.030395136778116
-10.029498525073747
-10.027855153203342
-10.025062656641603
-10.0
-10.0
-10.0
-10.0
-10.0
-9.970674486803519
-9.959349593495935
-9.937888198757763
-9.933774834437086
-9.90990990990991
-9.90990990990991
-9.895833333333332
-9.89399293286219
-9.89010989010989
-9.863945578231291
-9.850746268656717
-9.844559585492227
-9.841269841269842
-9.826589595375722
-9.821428571428571
-9.821428571428571
-9.809264305177113
-9.785932721712538
-9.782608695652174
-9.772727272727273
-9.767441860465116
-9.764309764309765
-9.749303621169917
-9.748427672955975
-9.747292418772563
-9.747292418772563
-9.745762711864407
-9.731543624161073
-9.72644376899696
-9.722222222222223
-9.722222222222223
-9.714285714285714
-9.696969696969697
-9.688581314878892
-9.68586387434555
-9.67741935483871
-9.67741935483871
-9.66542750929368
-9.651474530831099
-9.642857142857144
-9.63855421686747
-9.621993127147768
-9.597523219814242
-9.595959595959595
-9.59409594095941
-9.58904109589041
-9.580838323353294
-9.578544061302683
-9.547738693467336
-9.545454545454547
-9.523809523809524
-9.510086455331413
-9.507042253521126
-9.502262443438914
-9.491525423728813
-9.48905109489051
-9.467455621301776
-9.466019417475728
-9.45945945945946
-9.454545454545455
-9.44055944055944
-9.420289855072465
-9.39947780678851
-9.395973154362416
-9.387755102040817
-9.375
-9.375
-9.364548494983277
-9.363295880149813
-9.352517985611511
-9.35064935064935
-9.34959349593496
-9.345794392523365
-9.342560553633218
-9.33734939759036
-9.316770186335404
-9.30232558139535
-9.30232558139535
-9.289617486338798
-9.285714285714286
-9.285714285714286
-9.281437125748502
-9.281437125748502
-9.25925925925926
-9.25925925925926
-9.252669039145907
-9.243697478991598
-9.243697478991598
-9.235668789808917
-9.221902017291066
-9.219858156028367
-9.191176470588236
-9.187279151943462
-9.183673469387756
-9.183673469387756
-9.171597633136095
-9.163346613545817
-9.142857142857142
-9.125475285171103
-9.125475285171103
-9.124087591240876
-9.124087591240876
-9.117647058823529
-9.114583333333332
-9.090909090909092
-9.090909090909092
-9.068627450980392
-9.066666666666666
-9.0625
-9.051724137931034
-9.03954802259887
-9.00900900900901
-9.0
-8.986175115207374
-8.974358974358974
-8.974358974358974
-8.950617283950617
-8.950617283950617
-8.950617283950617
-8.936170212765958
-8.923076923076923
-8.902077151335313
-8.896797153024911
-8.896797153024911
-8.88888888888889
-8.882521489971348
-8.8339222614841
-8.823529411764707
-8.816120906801007
-8.797653958944283
-8.767123287671232
-8.754208754208754
-8.75
-8.745247148288973
-8.734939759036145
-8.710801393728223
-8.695652173913043
-8.695652173913043
-8.67579908675799
-8.656716417910449
-8.60655737704918
-8.60215053763441
-8.597285067873303
-8.590308370044053
-8.587257617728532
-8.56269113149847
-8.55614973262032
-8.547008547008547
-8.536585365853659
-8.527131782945736
-8.518518518518519
-8.518518518518519
-8.517350157728707
-8.51063829787234
-8.493150684931507
-8.487084870848708
-8.47457627118644
-8.466819221967963
-8.455882352941178
-8.455882352941178
-8.455882352941178
-8.450704225352112
-8.450704225352112
-8.445945945945946
-8.438818565400844
-8.430232558139535
-8.417508417508419
-8.411214953271028
-8.403361344537815
-8.383233532934131
-8.363636363636363
-8.333333333333332
-8.307692307692308
-8.304498269896193
-8.30188679245283
-8.26086956521739
-8.256880733944955
-8.24742268041237
-8.24372759856631
-8.235294117647058
-8.235294117647058
-8.211143695014663
-8.187134502923977
-8.176100628930817
-8.171206225680933
-8.148148148148149
-8.125
-8.115942028985506
-8.108108108108109
-8.108108108108109
-8.088235294117647
-8.024691358024691
-8.013937282229964
-8.013937282229964
-8.009708737864079
-8.0
-8.0
-8.0
-8.0
-7.990314769975787
-7.9787234042553195
-7.975460122699387
-7.971014492753622
-7.968127490039841
-7.964601769911504
-7.951070336391437
-7.943925233644859
-7.9422382671480145
-7.9245283018867925
-7.913669064748201
-7.913669064748201
-7.909604519774012
-7.90273556231003
-7.894736842105263
-7.878787878787878
-7.876712328767123
-7.876712328767123
-7.865168539325842
-7.860262008733625
-7.857142857142857
-7.816091954022989
-7.801418439716312
-7.801418439716312
-7.801418439716312
-7.786885245901639
-7.77027027027027
-7.763975155279502
-7.76255707762557
-7.746478873239436
-7.731958762886598
-7.727272727272727
-7.6923076923076925
-7.667731629392971
-7.664233576642336
-7.662835249042145
-7.659574468085106
-7.65661252900232
-7.638888888888889
-7.627118644067797
-7.612456747404845
-7.59493670886076
-7.591623036649215
-7.581227436823104
-7.553956834532374
-7.536231884057972
-7.526881720430108
-7.506702412868632
-7.5
-7.490636704119851
-7.466666666666668
-7.446808510638298
-7.446808510638298
-7.434944237918216
-7.434944237918216
-7.423580786026202
-7.420494699646643
-7.4074074074074066
-7.392996108949417
-7.389162561576355
-7.384615384615385
-7.377049180327869
-7.373271889400922
-7.368421052631578
-7.341269841269842
-7.339449541284404
-7.326007326007327
-7.317073170731707
-7.310704960835509
-7.301587301587302
-7.28744939271255
-7.2727272727272725
-7.267441860465117
-7.26643598615917
-7.255520504731862
-7.246376811594203
-7.234042553191489
-7.228915662650602
-7.219251336898395
-7.210031347962382
-7.199999999999999
-7.197943444730077
-7.196969696969697
-7.18562874251497
-7.164179104477612
-7.142857142857142
-7.120743034055728
-7.120743034055728
-7.118644067796611
-7.11743772241993
-7.098765432098765
-7.086614173228346
-7.083333333333333
-7.076923076923077
-7.06713780918728
-7.052896725440807
-7.046070460704606
-7.037037037037037
-7.033639143730887
-6.993006993006993
-6.990881458966565
-6.968641114982578
-6.962025316455696
-6.926406926406926
-6.926406926406926
-6.923076923076923
-6.920415224913495
-6.909090909090909
-6.906906906906906
-6.896551724137931
-6.887755102040815
-6.88622754491018
-6.8807339449541285
-6.8807339449541285
-6.875000000000001
-6.875000000000001
-6.875000000000001
-6.870229007633588
-6.8493150684931505
-6.8493150684931505
-6.844106463878327
-6.844106463878327
-6.83453237410072
-6.827309236947792
-6.825938566552901
-6.824925816023739
-6.8181818181818175
-6.796116504854369
-6.7934782608695645
-6.7924528301886795
-6.785714285714286
-6.775067750677506
-6.769230769230769
-6.764705882352941
-6.726457399103139
-6.720430107526881
-6.7164179104477615
-6.713780918727916
-6.713780918727916
-6.713780918727916
-6.7114093959731544
-6.705539358600583
-6.690140845070422
-6.688963210702341
-6.666666666666667
-6.666666666666667
-6.666666666666667
-6.666666666666667
-6.606606606606606
-6.606606606606606
-6.593406593406594
-6.583072100313479
-6.5743944636678195
-6.567164179104477
-6.545454545454546
-6.5420560747663545
-6.530612244897959
-6.521739130434782
-6.521739130434782
-6.508875739644971
-6.506024096385541
-6.474820143884892
-6.4593301435406705
-6.451612903225806
-6.4453125
-6.428571428571428
-6.425702811244979
-6.422018348623854
-6.417112299465241
-6.415094339622642
-6.406685236768802
-6.405693950177936
-6.395348837209303
-6.390977443609022
-6.382978723404255
-6.377551020408164
-6.367041198501873
-6.367041198501873
-6.338028169014084
-6.315789473684211
-6.308411214953271
-6.306306306306306
-6.299212598425196
-6.2761506276150625
-6.2717770034843205
-6.269592476489027
-6.26865671641791
-6.228373702422145
-6.224066390041494
-6.222222222222222
-6.206896551724138
-6.182795698924731
-6.172839506172839
-6.166219839142091
-6.153846153846154
-6.137184115523466
-6.130268199233716
-6.117021276595745
-6.116207951070336
-6.097560975609756
-6.093189964157706
-6.049822064056939
-6.048387096774194
-6.037735849056604
-6.031746031746032
-6.030150753768844
-6.028368794326241
-6.012658227848101
-6.0109289617486334
-6.007067137809187
-5.993690851735016
-5.990783410138248
-5.970149253731343
-5.964912280701754
-5.956112852664576
-5.952380952380952
-5.944055944055944
-5.944055944055944
-5.91016548463357
-5.91016548463357
-5.88235294117647
-5.864197530864197
-5.851063829787234
-5.846153846153846
-5.839416058394161
-5.827505827505827
-5.797101449275362
-5.776173285198556
-5.763688760806916
-5.740181268882175
-5.737704918032787
-5.7251908396946565
-5.72289156626506
-5.714285714285714
-5.714285714285714
-5.7034220532319395
-5.681818181818182
-5.678233438485805
-5.673758865248227
-5.673758865248227
-5.673758865248227
-5.6716417910447765
-5.670103092783505
-5.660377358490567
-5.637982195845697
-5.633802816901409
-5.617977528089887
-5.607476635514018
-5.597014925373134
-5.590062111801243
-5.590062111801243
-5.5762081784386615
-5.5762081784386615
-5.571847507331378
-5.527638190954774
-5.521472392638037
-5.514705882352941
-5.4945054945054945
-5.4945054945054945
-5.487804878048781
-5.46448087431694
-5.46218487394958
-5.460750853242321
-5.454545454545454
-5.450236966824645
-5.439330543933055
-5.438066465256798
-5.434782608695652
-5.434782608695652
-5.3977272727272725
-5.394190871369295
-5.392156862745098
-5.387205387205387
-5.381165919282512
-5.376344086021505
-5.376344086021505
-5.376344086021505
-5.361930294906166
-5.357142857142857
-5.347593582887701
-5.347593582887701
-5.345911949685535
-5.333333333333334
-5.329153605015674
-5.3156146179401995
-5.3125
-5.3125
-5.303030303030303
-5.30035335689046
-5.29595015576324
-5.29595015576324
-5.283018867924529
-5.263157894736842
-5.263157894736842
-5.2434456928838955
-5.232558139534884
-5.223880597014925
-5.220883534136546
-5.204460966542751
-5.2
-5.198776758409786
-5.188679245283019
-5.187319884726225
-5.181347150259067
-5.15695067264574
-5.147058823529411
-5.128205128205128
-5.090909090909091
-5.090909090909091
-5.089058524173027
-5.066666666666666
-5.058365758754864
-5.053191489361701
-5.0359712230215825
-5.025125628140704
-5.023923444976076
-5.017921146953405
-5.015673981191222
-5.013192612137203
-5.0
-5.0
-4.98220640569395
-4.98220640569395
-4.980842911877394
-4.976303317535545
-4.972375690607735
-4.972375690607735
-4.941860465116279
-4.935064935064935
-4.932735426008969
-4.929577464788732
-4.905660377358491
-4.901960784313726
-4.887218045112782
-4.867256637168142
-4.83271375464684
-4.825737265415549
-4.81283422459893
-4.797047970479705
-4.784688995215311
-4.779411764705882
-4.779411764705882
-4.761904761904762
-4.761904761904762
-4.761904761904762
-4.761904761904762
-4.749340369393139
-4.746835443037975
-4.733727810650888
-4.7272727272727275
-4.7272727272727275
-4.712041884816754
-4.710144927536232
-4.705882352941177
-4.705882352941177
-4.705882352941177
-4.693140794223827
-4.69208211143695
-4.683840749414521
-4.678362573099415
-4.661016949152542
-4.659498207885305
-4.658385093167702
-4.624277456647398
-4.611650485436893
-4.607046070460704
-4.597701149425287
-4.594594594594595
-4.594594594594595
-4.587155963302752
-4.587155963302752
-4.577464788732395
-4.568527918781726
-4.562737642585551
-4.562737642585551
-4.557640750670242
-4.557640750670242
-4.556962025316456
-4.545454545454546
-4.531722054380665
-4.529616724738676
-4.518072289156627
-4.504504504504505
-4.504504504504505
-4.491725768321513
-4.484304932735426
-4.471544715447155
-4.444444444444445
-4.437869822485207
-4.435483870967742
-4.430379746835443
-4.430379746835443
-4.428044280442804
-4.41988950276243
-4.3999999999999995
-4.398826979472141
-4.385964912280701
-4.385964912280701
-4.375
-4.3604651162790695
-4.35967302452316
-4.3478260869565215
-4.3478260869565215
-4.330708661417323
-4.320987654320987
-4.320987654320987
-4.316546762589928
-4.316546762589928
-4.316546762589928
-4.31266846361186
-4.310344827586207
-4.301075268817205
-4.296875
-4.285714285714286
-4.281345565749235
-4.276315789473684
-4.2682926829268295
-4.230769230769231
-4.195804195804196
-4.195804195804196
-4.191616766467066
-4.191616766467066
-4.147465437788019
-4.147465437788019
-4.135338345864661
-4.128440366972478
-4.123711340206185
-4.1208791208791204
-4.10958904109589
-4.098360655737705
-4.088050314465408
-4.087193460490464
-4.074074074074074
-4.0650406504065035
-4.059040590405904
-4.059040590405904
-4.038004750593824
-4.024767801857585
-4.022988505747127
-4.017857142857143
-4.012345679012346
-4.0
-4.0
-4.0
-4.0
-4.0
-3.9755351681957185
-3.9735099337748347
-3.951367781155015
-3.9473684210526314
-3.943661971830986
-3.942652329749104
-3.932584269662921
-3.9145907473309607
-3.910614525139665
-3.900709219858156
-3.896103896103896
-3.8910505836575875
-3.8554216867469884
-3.8461538461538463
-3.8327526132404177
-3.829787234042553
-3.825136612021858
-3.8147138964577656
-3.804347826086957
-3.79746835443038
-3.7735849056603774
-3.7735849056603774
-3.761755485893417
-3.7453183520599254
-3.7433155080213902
-3.7383177570093453
-3.7383177570093453
-3.7344398340248963
-3.7267080745341614
-3.717472118959108
-3.6809815950920246
-3.6764705882352944
-3.6585365853658534
-3.64741641337386
-3.642384105960265
-3.6290322580645165
-3.6231884057971016
-3.614457831325301
-3.594771241830065
-3.557312252964427
-3.5502958579881656
-3.546099290780142
-3.543307086614173
-3.5422343324250685
-3.5398230088495577
-3.532608695652174
-3.519061583577713
-3.508771929824561
-3.508771929824561
-3.501945525291829
-3.498542274052478
-3.4965034965034967
-3.494623655913978
-3.4934497816593884
-3.488372093023256
-3.4700315457413247
-3.463203463203463
-3.4482758620689653
-3.4482758620689653
-3.4334763948497855
-3.4129692832764507
-3.4055727554179565
-3.3962264150943398
-3.3950617283950617
-3.3846153846153846
-3.3846153846153846
-3.3734939759036147
-3.349282296650718
-3.3457249070631967
-3.3210332103321036
-3.30188679245283
-3.296703296703297
-3.2846715328467155
-3.272727272727273
-3.2640949554896146
-3.211009174311927
-3.205128205128205
-3.2
-3.1914893617021276
-3.1746031746031744
-3.169014084507042
-3.1645569620253164
-3.1578947368421053
-3.14769975786925
-3.146853146853147
-3.1390134529147984
-3.1331592689295036
-3.115264797507788
-3.111111111111111
-3.089887640449438
-3.089887640449438
-3.0837004405286343
-3.080568720379147
-3.076923076923077
-3.0716723549488054
-3.065134099616858
-3.065134099616858
-3.0303030303030303
-3.0172413793103448
-3.003003003003003
-2.9914529914529915
-2.990033222591362
-2.9850746268656714
-2.9850746268656714
-2.976190476190476
-2.941176470588235
-2.9197080291970803
-2.909090909090909
-2.8503562945368173
-2.8469750889679712
-2.8455284552845526
-2.8368794326241136
-2.7777777777777777
-2.7777777777777777
-2.7777777777777777
-2.766798418972332
-2.766798418972332
-2.7607361963190185
-2.73972602739726
-2.7131782945736433
-2.7131782945736433
-2.690582959641256
-2.6881720430107525
-2.682926829268293
-2.6785714285714284
-2.6706231454005933
-2.669902912621359
-2.666666666666667
-2.666666666666667
-2.6455026455026456
-2.6415094339622645
-2.622950819672131
-2.6022304832713754
-2.586206896551724
-2.572347266881029
-2.570694087403599
-2.553191489361702
-2.547770700636943
-2.5454545454545454
-2.5454545454545454
-2.5380710659898478
-2.5236593059936907
-2.5236593059936907
-2.507836990595611
-2.5
-2.5
-2.5
-2.491103202846975
-2.476780185758514
-2.4734982332155475
-2.4691358024691357
-2.4615384615384617
-2.457002457002457
-2.4539877300613497
-2.4489795918367347
-2.43161094224924
-2.42914979757085
-2.405498281786942
-2.3972602739726026
-2.3872679045092835
-2.348993288590604
-2.3474178403755865
-2.34375
-2.3178807947019866
-2.2857142857142856
-2.26537216828479
-2.262443438914027
-2.262443438914027
-2.2556390977443606
-2.247191011235955
-2.2346368715083798
-2.2304832713754648
-2.2222222222222223
-2.2222222222222223
-2.2222222222222223
-2.214022140221402
-2.2058823529411766
-2.20125786163522
-2.197802197802198
-2.1929824561403506
-2.1806853582554515
-2.1739130434782608
-2.1686746987951806
-2.166064981949458
-2.158273381294964
-2.147239263803681
-2.147239263803681
-2.1459227467811157
-2.142857142857143
-2.1406727828746175
-2.1341463414634148
-2.127659574468085
-2.1164021164021163
-2.100840336134454
-2.0895522388059704
-2.0761245674740483
-2.072538860103627
-2.0408163265306123
-2.0338983050847457
-2.0
-2.0
-1.9920318725099602
-1.984126984126984
-1.9607843137254901
-1.937984496124031
-1.937984496124031
-1.9337016574585635
-1.929260450160772
-1.9230769230769231
-1.9230769230769231
-1.9083969465648856
-1.9002375296912115
-1.891891891891892
-1.8808777429467085
-1.8656716417910446
-1.858736059479554
-1.8575851393188854
-1.8518518518518516
-1.8433179723502304
-1.8181818181818181
-1.8018018018018018
-1.7985611510791366
-1.7964071856287425
-1.7721518987341773
-1.7676767676767675
-1.762114537444934
-1.7543859649122806
-1.744186046511628
-1.7412935323383085
-1.7316017316017316
-1.7142857142857144
-1.7123287671232876
-1.7094017094017095
-1.702127659574468
-1.694915254237288
-1.675977653631285
-1.6722408026755853
-1.6666666666666667
-1.6528925619834711
-1.6483516483516485
-1.644736842105263
-1.6339869281045754
-1.6194331983805668
-1.6129032258064515
-1.6129032258064515
-1.6
-1.5873015873015872
-1.5723270440251573
-1.5723270440251573
-1.5673981191222568
-1.5625
-1.5625
-1.5384615384615385
-1.5384615384615385
-1.5337423312883436
-1.532567049808429
-1.5197568389057752
-1.4981273408239701
-1.4981273408239701
-1.4925373134328357
-1.4925373134328357
-1.488095238095238
-1.4814814814814816
-1.4634146341463417
-1.4450867052023122
-1.444043321299639
-1.4354066985645932
-1.4134275618374559
-1.411764705882353
-1.3605442176870748
-1.3333333333333335
-1.3289036544850499
-1.3157894736842104
-1.3157894736842104
-1.3043478260869565
-1.3029315960912053
-1.293103448275862
-1.276595744680851
-1.2658227848101267
-1.2461059190031152
-1.2461059190031152
-1.2422360248447204
-1.2422360248447204
-1.238390092879257
-1.2345679012345678
-1.2345679012345678
-1.2307692307692308
-1.2269938650306749
-1.2244897959183674
-1.214574898785425
-1.214574898785425
-1.1811023622047243
-1.1799410029498525
-1.1764705882352942
-1.1450381679389312
-1.1363636363636365
-1.1299435028248588
-1.1235955056179776
-1.1194029850746268
-1.1111111111111112
-1.107011070110701
-1.094890510948905
-1.0752688172043012
-1.0752688172043012
-1.0676156583629894
-1.0526315789473684
-1.0443864229765014
-1.0309278350515463
-0.9950248756218906
-0.9925558312655087
-0.974025974025974
-0.9375
-0.9259259259259258
-0.9202453987730062
-0.9036144578313252
-0.9009009009009009
-0.8968609865470852
-0.8849557522123894
-0.8620689655172413
-0.8547008547008548
-0.84985835694051
-0.8356545961002786
-0.8310249307479225
-0.8064516129032258
-0.8
-0.8
-0.7556675062972292
-0.7547169811320755
-0.7490636704119851
-0.7434944237918215
-0.7352941176470588
-0.7326007326007326
-0.7272727272727273
-0.7272727272727273
-0.7246376811594203
-0.7142857142857143
-0.7009345794392523
-0.6920415224913495
-0.684931506849315
-0.6666666666666667
-0.6666666666666667
-0.6493506493506493
-0.628930817610063
-0.6269592476489028
-0.6230529595015576
-0.6134969325153374
-0.6116207951070336
-0.6097560975609756
-0.6024096385542169
-0.5952380952380952
-0.544959128065395
-0.5376344086021506
-0.53475935828877
-0.5319148936170213
-0.5181347150259068
-0.4608294930875576
-0.4291845493562232
-0.4048582995951417
-0.398406374501992
-0.390625
-0.38314176245210724
-0.37593984962406013
-0.37593984962406013
-0.37174721189591076
-0.36231884057971014
-0.35211267605633806
-0.35211267605633806
-0.3508771929824561
-0.34843205574912894
-0.33222591362126247
-0.3215434083601286
-0.31545741324921134
-0.3125
-0.30864197530864196
-0.3067484662576687
-0.29940119760479045
-0.2985074626865672
-0.2898550724637681
-0.28735632183908044
-0.24937655860349126
-0.24330900243309003
-0.23696682464454977
0.0
0.0
0.0
0.0
0.0
0.0
0.0
0.0
0.0
0.0
0.0
0.0
0.0
0.0
0.0
0.0
0.0
0.0
0.0
0.0
0.0
0.0
0.0
0.0
0.0
0.0
0.0
0.0
0.0
0.0
0.0
0.0
0.0
0.0
0.0
0.0
0.2403846153846154
0.24390243902439024
0.2570694087403599
0.29239766081871343
0.30120481927710846
0.303951367781155
0.3115264797507788
0.3144654088050315
0.31645569620253167
0.31746031746031744
0.3194888178913738
0.33670033670033667
0.33783783783783783
0.3389830508474576
0.36363636363636365
0.36900369003690037
0.37174721189591076
0.4
0.40650406504065045
0.4149377593360996
0.45662100456621
0.46511627906976744
0.49261083743842365
0.5050505050505051
0.5089058524173028
0.5208333333333333
0.5221932114882507
0.5263157894736842
0.5434782608695652
0.5698005698005698
0.5797101449275363
0.6134969325153374
0.6211180124223602
0.6211180124223602
0.6230529595015576
0.6688963210702341
0.6711409395973155
0.6802721088435374
0.6802721088435374
0.6944444444444444
0.7159904534606205
0.7194244604316548
0.7194244604316548
0.7317073170731708
0.7326007326007326
0.7326007326007326
0.7380073800738007
0.7462686567164178
0.7481296758104738
0.7653061224489796
0.7874015748031495
0.7957559681697612
0.8
0.8032128514056224
0.8064516129032258
0.8064516129032258
0.8333333333333334
0.8333333333333334
0.8438818565400843
0.8670520231213872
0.8771929824561403
0.8797653958944283
0.8928571428571428
0.8928571428571428
0.9230769230769231
0.9345794392523363
0.9375
0.9375
0.9375
0.9615384615384616
0.9803921568627451
0.9803921568627451
0.9966777408637874
0.997506234413965
1.0033444816053512
1.006711409395973
1.0204081632653061
1.0273972602739725
1.0526315789473684
1.078167115902965
1.090909090909091
1.098901098901099
1.098901098901099
1.1627906976744187
1.171875
1.1764705882352942
1.185770750988142
1.2096774193548387
1.2096774193548387
1.2232415902140672
1.2295081967213115
1.2295081967213115
1.2307692307692308
1.2396694214876034
1.2422360248447204
1.2539184952978055
1.2552301255230125
1.257861635220126
1.2618296529968454
1.2658227848101267
1.2722646310432568
1.2779552715654952
1.3100436681222707
1.3215859030837005
1.3377926421404682
1.3377926421404682
1.3513513513513513
1.3513513513513513
1.36986301369863
1.36986301369863
1.3986013986013985
1.4044943820224718
1.4084507042253522
1.4084507042253522
1.4150943396226416
1.4285714285714286
1.4336917562724014
1.4388489208633095
1.465201465201465
1.4925373134328357
1.5151515151515151
1.5444015444015444
1.5686274509803921
1.5686274509803921
1.5723270440251573
1.5789473684210527
1.5873015873015872
1.593625498007968
1.6085790884718498
1.6260162601626018
1.6260162601626018
1.639344262295082
1.646090534979424
1.6528925619834711
1.6611295681063125
1.6867469879518073
1.694915254237288
1.7045454545454544
1.7094017094017095
1.7123287671232876
1.7316017316017316
1.7421602787456445
1.7482517482517483
1.7543859649122806
1.7721518987341773
1.7948717948717947
1.8050541516245486
1.809954751131222
1.812688821752266
1.824817518248175
1.824817518248175
1.8518518518518516
1.858736059479554
1.8604651162790697
1.8633540372670807
1.8796992481203008
1.8867924528301887
1.8957345971563981
1.910828025477707
1.9169329073482428
1.9305019305019304
1.935483870967742
1.9607843137254901
1.9736842105263157
1.984126984126984
2.0080321285140563
2.0161290322580645
2.0161290322580645
2.0202020202020203
2.0338983050847457
2.0408163265306123
2.0408163265306123
2.0408163265306123
2.0491803278688523
2.0588235294117645
2.0771513353115725
2.083333333333333
2.083333333333333
2.097902097902098
2.100840336134454
2.127659574468085
2.1459227467811157
2.1645021645021645
2.1739130434782608
2.19435736677116
2.2058823529411766
2.2222222222222223
2.2304832713754648
2.232142857142857
2.2641509433962264
2.26537216828479
2.272727272727273
2.28310502283105
2.302631578947368
2.31023102310231
2.314814814814815
2.318840579710145
2.3195876288659796
2.359882005899705
2.371541501976284
2.3738872403560833
2.3904382470119523
2.406417112299465
2.413793103448276
2.4390243902439024
2.4464831804281344
2.459016393442623
2.459016393442623
2.479338842975207
2.479338842975207
2.4896265560165975
2.5179856115107913
2.5210084033613445
2.5210084033613445
2.5236593059936907
2.5316455696202533
2.5423728813559325
2.547770700636943
2.564102564102564
2.564102564102564
2.570694087403599
2.572347266881029
2.575107296137339
2.586206896551724
2.586206896551724
2.610966057441253
2.616279069767442
2.6217228464419478
2.6595744680851063
2.666666666666667
2.6737967914438503
2.6785714285714284
2.681992337164751
2.7149321266968327
2.7149321266968327
2.7303754266211606
2.7303754266211606
2.768166089965398
2.7777777777777777
2.788844621513944
2.7906976744186047
2.8112449799196786
2.8268551236749118
2.8391167192429023
2.842377260981912
2.857142857142857
2.857142857142857
2.857142857142857
2.8688524590163933
2.8688524590163933
2.877697841726619
2.888086642599278
2.8925619834710745
2.9166666666666665
2.9315960912052117
2.941176470588235
2.941176470588235
2.9535864978902953
2.9585798816568047
2.9629629629629632
2.973977695167286
2.9850746268656714
2.9850746268656714
3.007518796992481
3.0100334448160537
3.0303030303030303
3.0303030303030303
3.0303030303030303
3.0303030303030303
3.050847457627119
3.065134099616858
3.0821917808219177
3.088803088803089
3.111111111111111
3.125
3.125
3.125
3.125
3.1358885017421603
3.149606299212598
3.1578947368421053
3.1746031746031744
3.1746031746031744
3.1818181818181817
3.187250996015936
3.1914893617021276
3.225806451612903
3.225806451612903
3.2448377581120944
3.2467532467532463
3.2520325203252036
3.2640949554896146
3.2710280373831773
3.273809523809524
3.278688524590164
3.2835820895522385
3.316326530612245
3.319502074688797
3.3444816053511706
3.350515463917526
3.361344537815126
3.3639143730886847
3.3653846153846154
3.3670033670033668
3.3707865168539324
3.375527426160337
3.375527426160337
3.375527426160337
3.389830508474576
3.436426116838488
3.4482758620689653
3.4615384615384617
3.4682080924855487
3.482587064676617
3.484320557491289
3.535353535353535
3.5483870967741935
3.5532994923857872
3.5616438356164384
3.571428571428571
3.571428571428571
3.5856573705179287
3.5897435897435894
3.608247422680412
3.6101083032490973
3.6111111111111107
3.625377643504532
3.6363636363636362
3.6544850498338874
3.6585365853658534
3.6585365853658534
3.664921465968586
3.6666666666666665
3.669724770642202
3.6734693877551026
3.6900369003690034
3.6900369003690034
3.7037037037037033
3.741496598639456
3.7463976945244957
3.7735849056603774
3.787878787878788
3.79746835443038
3.823529411764706
3.8314176245210727
3.8461538461538463
3.8560411311053984
3.862660944206009
3.8910505836575875
3.8922155688622757
3.90625
3.90625
3.9145907473309607
3.926701570680628
3.9525691699604746
3.985507246376811
4.0
4.016064257028113
4.016064257028113
4.032258064516129
4.032258064516129
4.0358744394618835
4.048582995951417
4.048582995951417
4.054054054054054
4.054054054054054
4.0625
4.0625
4.081632653061225
4.113924050632911
4.11522633744856
4.11522633744856
4.119850187265917
4.135338345864661
4.149377593360995
4.1558441558441555
4.166666666666666
4.179104477611941
4.182509505703422
4.191616766467066
4.195804195804196
4.198473282442748
4.216867469879518
4.222222222222222
4.23728813559322
4.245283018867925
4.266666666666667
4.276315789473684
4.3076923076923075
4.310344827586207
4.313725490196078
4.325699745547073
4.329004329004329
4.3478260869565215
4.361370716510903
4.3624161073825505
4.3624161073825505
4.38871473354232
4.391891891891892
4.395604395604396
4.3999999999999995
4.40771349862259
4.411764705882353
4.416403785488959
4.417670682730924
4.430379746835443
4.439252336448598
4.451038575667656
4.477611940298507
4.485488126649076
4.501607717041801
4.504504504504505
4.513888888888888
4.518072289156627
4.526748971193416
4.529616724738676
4.545454545454546
4.545454545454546
4.587155963302752
4.590163934426229
4.593639575971731
4.597701149425287
4.602510460251046
4.610951008645533
4.619565217391304
4.6263345195729535
4.641350210970464
4.641350210970464
4.651162790697675
4.651162790697675
4.66321243523316
4.680851063829787
4.6875
4.6875
4.744525547445255
4.745762711864407
4.782608695652174
4.787234042553192
4.787234042553192
4.787234042553192
4.790419161676647
4.790419161676647
4.810996563573884
4.819277108433735
4.838709677419355
4.878048780487805
4.88599348534202
4.891304347826087
4.8979591836734695
4.9079754601226995
4.918032786885246
4.926108374384237
4.934210526315789
4.942965779467681
4.947916666666666
4.947916666666666
4.9504950495049505
5.0
5.0
5.0
5.0
5.017921146953405
5.0359712230215825
5.053191489361701
5.053191489361701
5.054151624548736
5.056179775280898
5.059523809523809
5.084745762711865
5.099150141643059
5.106382978723404
5.109489051094891
5.111821086261981
5.1194539249146755
5.128205128205128
5.128205128205128
5.128205128205128
5.150214592274678
5.151515151515151
5.151515151515151
5.154639175257731
5.166051660516605
5.172413793103448
5.194805194805195
5.198776758409786
5.211726384364821
5.240174672489083
5.244755244755245
5.246913580246913
5.263157894736842
5.278592375366569
5.30035335689046
5.327868852459016
5.333333333333334
5.336426914153132
5.357142857142857
5.384615384615385
5.405405405405405
5.405405405405405
5.439330543933055
5.447470817120623
5.46218487394958
5.46875
5.47112462006079
5.502392344497608
5.5045871559633035
5.514705882352941
5.514705882352941
5.529953917050691
5.540897097625329
5.555555555555555
5.555555555555555
5.555555555555555
5.574912891986063
5.583756345177665
5.58659217877095
5.592105263157895
5.614035087719298
5.620608899297424
5.622489959839357
5.64516129032258
5.6537102473498235
5.6716417910447765
5.673758865248227
5.684754521963824
5.68561872909699
5.691056910569105
5.699481865284974
5.7057057057057055
5.723905723905724
5.726872246696035
5.726872246696035
5.743243243243244
5.757575757575758
5.775075987841945
5.775075987841945
5.776173285198556
5.787781350482315
5.793450881612091
5.813953488372093
5.821917808219178
5.829596412556054
5.829596412556054
5.859375
5.863192182410423
5.9259259259259265
5.932203389830509
5.9405940594059405
5.957446808510639
5.964912280701754
5.970149253731343
5.9748427672955975
6.0
6.006006006006006
6.006006006006006
6.0109289617486334
6.018518518518518
6.020942408376963
6.0344827586206895
6.0344827586206895
6.046511627906977
6.050955414012739
6.074766355140187
6.083650190114068
6.106870229007633
6.11353711790393
6.115107913669065
6.122448979591836
6.137184115523466
6.140350877192982
6.1688311688311686
6.172839506172839
6.2015503875969
6.224066390041494
6.227106227106227
6.25
6.266318537859007
6.26865671641791
6.270627062706271
6.273062730627306
6.280193236714976
6.315789473684211
6.315789473684211
6.319702602230483
6.329113924050633
6.329113924050633
6.329113924050633
6.329113924050633
6.33245382585752
6.334841628959276
6.343283582089552
6.343283582089552
6.3444108761329305
6.349206349206349
6.36042402826855
6.374501992031872
6.3768115942028984
6.392694063926941
6.392694063926941
6.41025641025641
6.422018348623854
6.461538461538462
6.461538461538462
6.462585034013606
6.4655172413793105
6.493506493506493
6.493506493506493
6.58682634730539
6.607929515418502
6.61764705882353
6.631299734748011
6.637168141592921
6.642066420664207
6.643356643356643
6.666666666666667
6.666666666666667
6.701030927835052
6.7164179104477615
6.738544474393531
6.751054852320674
6.769230769230769
6.7934782608695645
6.806282722513089
6.808510638297872
6.810035842293908
6.832298136645963
6.83453237410072
6.8493150684931505
6.859205776173286
6.865671641791045
6.896551724137931
6.896551724137931
6.914893617021277
6.918238993710692
6.944444444444445
6.951871657754011
6.956521739130435
6.967213114754098
6.993006993006993
6.995884773662551
7.011070110701106
7.01219512195122
7.012987012987012
7.033639143730887
7.033639143730887
7.053941908713693
7.063197026022305
7.086614173228346
7.08955223880597
7.092198581560284
7.1022727272727275
7.142857142857142
7.142857142857142
7.168458781362006
7.171314741035857
7.172995780590717
7.18562874251497
7.194244604316546
7.199999999999999
7.203389830508475
7.207207207207207
7.207207207207207
7.207207207207207
7.219251336898395
7.224334600760455
7.225433526011561
7.228915662650602
7.228915662650602
7.228915662650602
7.277628032345014
7.28744939271255
7.29483282674772
7.296137339055794
7.303370786516854
7.307692307692308
7.308970099667775
7.308970099667775
7.309941520467836
7.317073170731707
7.317073170731707
7.317073170731707
7.317073170731707
7.326007326007327
7.331378299120235
7.3426573426573425
7.368421052631578
7.384615384615385
7.4074074074074066
7.4074074074074066
7.4074074074074066
7.420494699646643
7.423580786026202
7.446808510638298
7.457627118644068
7.466666666666668
7.474226804123711
7.482993197278912
7.4866310160427805
7.526881720430108
7.536231884057972
7.547169811320755
7.547169811320755
7.5718015665796345
7.581227436823104
7.586206896551724
7.59493670886076
7.608695652173914
7.612456747404845
7.6190476190476195
7.630522088353414
7.650273224043716
7.653061224489796
7.662835249042145
7.664233576642336
7.666666666666666
7.669616519174041
7.6923076923076925
7.6923076923076925
7.71513353115727
7.71513353115727
7.716049382716049
7.719298245614035
7.719298245614035
7.720588235294118
7.723577235772358
7.725321888412018
7.725321888412018
7.733333333333333
7.739938080495357
7.755102040816326
7.773851590106007
7.773851590106007
7.795698924731183
7.801418439716312
7.804878048780488
7.8125
7.816711590296496
7.816711590296496
7.836990595611286
7.854984894259818
7.87037037037037
7.876712328767123
7.883817427385892
7.883817427385892
7.894736842105263
7.903780068728522
7.905138339920949
7.929515418502203
7.931034482758621
7.936507936507936
7.949790794979079
7.964601769911504
7.971014492753622
7.975460122699387
7.981220657276995
7.9831932773109235
8.0
8.0
8.0
8.0
8.04953560371517
8.053691275167784
8.064516129032258
8.070175438596491
8.074534161490684
8.086253369272237
8.086253369272237
8.108108108108109
8.11965811965812
8.135593220338983
8.15450643776824
8.16326530612245
8.16326530612245
8.185053380782918
8.19672131147541
8.19672131147541
8.206686930091186
8.225108225108226
8.225108225108226
8.231707317073171
8.26086956521739
8.275862068965518
8.300395256916996
8.303249097472925
8.304498269896193
8.310991957104557
8.310991957104557
8.333333333333332
8.333333333333332
8.333333333333332
8.355795148247978
8.359133126934983
8.362369337979095
8.37696335078534
8.385093167701864
8.385093167701864
8.389261744966444
8.394160583941606
8.4
8.401084010840108
8.403361344537815
8.421052631578947
8.423913043478262
8.433734939759036
8.461538461538462
8.469945355191257
8.488063660477453
8.51063829787234
8.524590163934425
8.532423208191126
8.536585365853659
8.561643835616438
8.571428571428571
8.582089552238806
8.597285067873303
8.60215053763441
8.615384615384615
8.627450980392156
8.633093525179856
8.633093525179856
8.650519031141869
8.650519031141869
8.653846153846153
8.672086720867208
8.673469387755102
8.677685950413224
8.677685950413224
8.695652173913043
8.695652173913043
8.695652173913043
8.695652173913043
8.710801393728223
8.71369294605809
8.715596330275229
8.727272727272728
8.73362445414847
8.755760368663594
8.755760368663594
8.75912408759124
8.799999999999999
8.823529411764707
8.851674641148326
8.856088560885608
8.896797153024911
8.900523560209423
8.921933085501859
8.923884514435695
8.928571428571429
8.936170212765958
8.950617283950617
8.960573476702509
9.0
9.019607843137255
9.027777777777777
9.034267912772584
9.047619047619047
9.060402684563758
9.090909090909092
9.090909090909092
9.090909090909092
9.090909090909092
9.124087591240876
9.130434782608695
9.137055837563452
9.142857142857142
9.166666666666666
9.170305676855897
9.191176470588236
9.195402298850574
9.221902017291066
9.230769230769232
9.239130434782608
9.243697478991598
9.243697478991598
9.243697478991598
9.243697478991598
9.25925925925926
9.29203539823009
9.308510638297872
9.31174089068826
9.316770186335404
9.322033898305085
9.32642487046632
9.345794392523365
9.352517985611511
9.352517985611511
9.361702127659575
9.361702127659575
9.375
9.389671361502346
9.404388714733543
9.40766550522648
9.424083769633508
9.426229508196721
9.44055944055944
9.44055944055944
9.44055944055944
9.448818897637794
9.454545454545455
9.455587392550143
9.473684210526317
9.482758620689655
9.486166007905137
9.5
9.5
9.510869565217392
9.523809523809524
9.53757225433526
9.558823529411764
9.5679012345679
9.569377990430622
9.583333333333334
9.615384615384617
9.621993127147768
9.62962962962963
9.642857142857144
9.649122807017543
9.660574412532636
9.689922480620156
9.70464135021097
9.705882352941178
9.72644376899696
9.72972972972973
9.767441860465116
9.777777777777779
9.782608695652174
9.785932721712538
9.79020979020979
9.795918367346939
9.803921568627452
9.859154929577464
9.876543209876543
9.881422924901186
9.90566037735849
9.907120743034056
9.929078014184398
9.950248756218906
9.968847352024921
9.973045822102426
10.0
10.0
10.0
10.052910052910052
10.1010101010101
10.1010101010101
10.1010101010101
10.121457489878543
10.138248847926267
10.181818181818182
10.185185185185185
10.194174757281553
10.204081632653061
10.212765957446807
10.212765957446807
10.212765957446807
10.218978102189782
10.242587601078167
10.248447204968944
10.256410256410255
10.256410256410255
10.267857142857142
10.2880658436214
10.33210332103321
10.354223433242508
10.367892976588628
10.37037037037037
10.382513661202186
10.38961038961039
10.407239819004525
10.407239819004525
10.42654028436019
10.431654676258994
10.455764075067025
10.46831955922865
10.48951048951049
10.493827160493826
10.507246376811594
10.507246376811594
10.508474576271185
10.526315789473683
10.526315789473683
10.54421768707483
10.550458715596331
10.554089709762533
10.569105691056912
10.572687224669604
10.582010582010582
10.583941605839415
10.588235294117647
10.59322033898305
10.60070671378092
10.616438356164384
10.622710622710622
10.638297872340425
10.666666666666668
10.666666666666668
10.666666666666668
10.684931506849315
10.695187165775401
10.70110701107011
10.714285714285714
10.72961373390558
10.76923076923077
10.76923076923077
10.774410774410773
10.775862068965516
10.78838174273859
10.8
10.81081081081081
10.819672131147541
10.820895522388058
10.833333333333334
10.843373493975903
10.861423220973784
10.86350974930362
10.869565217391305
10.903426791277258
10.909090909090908
10.92436974789916
10.94224924012158
10.954063604240282
10.964912280701753
10.964912280701753
10.982658959537572
10.989010989010989
11.019283746556475
11.03448275862069
11.071428571428571
11.11111111111111
11.11111111111111
11.11111111111111
11.11111111111111
11.11111111111111
11.11111111111111
11.14864864864865
11.149825783972126
11.149825783972126
11.152416356877323
11.158798283261802
11.188811188811188
11.190476190476192
11.206896551724139
11.212121212121213
11.217948717948719
11.24031007751938
11.24031007751938
11.255411255411255
11.26005361930295
11.26126126126126
11.262798634812286
11.29032258064516
11.312217194570136
11.312217194570136
11.313868613138686
11.326860841423949
11.347517730496454
11.370262390670554
11.397058823529411
11.397058823529411
11.400651465798045
11.428571428571429
11.439114391143912
11.481481481481481
11.481481481481481
11.504424778761061
11.515151515151516
11.549295774647888
11.560693641618498
11.560693641618498
11.564625850340136
11.574074074074074
11.578947368421053
11.594202898550725
11.604095563139932
11.618257261410788
11.619718309859154
11.636363636363637
11.637931034482758
11.646586345381527
11.68091168091168
11.684782608695652
11.702127659574469
11.708860759493671
11.748633879781421
11.76470588235294
11.787072243346007
11.797752808988763
11.813186813186812
11.848341232227488
11.851851851851853
11.87214611872146
11.875
11.890243902439025
11.891891891891893
11.894273127753303
11.895910780669144
11.913357400722022
11.914893617021278
11.936339522546419
11.960132890365449
11.981566820276496
12.0
12.0
12.021857923497267
12.041884816753926
12.152777777777777
12.162162162162163
12.217194570135746
12.22707423580786
12.25382932166302
12.26158038147139
12.274368231046932
12.316715542521994
12.318840579710146
12.32876712328767
12.340425531914894
12.345679012345679
12.363636363636363
12.36749116607774
12.368421052631579
12.371134020618557
12.385321100917432
12.386706948640484
12.394366197183098
12.394366197183098
12.416107382550337
12.452830188679245
12.5
12.5
12.5
12.5
12.5
12.535612535612536
12.556053811659194
12.562814070351758
12.602739726027398
12.631578947368421
12.640449438202248
12.67123287671233
12.681159420289855
12.702702702702704
12.711864406779661
12.7208480565371
12.735849056603774
12.757201646090536
12.758620689655173
12.773722627737227
12.773722627737227
12.785388127853881
12.826603325415679
12.835820895522387
12.844036697247708
12.847222222222221
12.852664576802509
12.857142857142856
12.857142857142856
12.867647058823529
12.878787878787879
12.88888888888889
12.89198606271777
12.903225806451612
12.923076923076923
12.923076923076923
12.931034482758621
12.944983818770226
12.962962962962962
12.97071129707113
12.980769230769232
13.011152416356877
13.013698630136986
13.025210084033615
13.043478260869565
13.043478260869565
13.059701492537313
13.068181818181818
13.090909090909092
13.108614232209737
13.122171945701359
13.135593220338984
13.138686131386862
13.157894736842104
13.18181818181818
13.191489361702127
13.194444444444445
13.194444444444445
13.214285714285715
13.253012048192772
13.284132841328415
13.302752293577983
13.306451612903224
13.313609467455622
13.333333333333334
13.333333333333334
13.333333333333334
13.350125944584383
13.357400722021662
13.36206896551724
13.36405529953917
13.375796178343949
13.389121338912133
13.418530351437699
13.41991341991342
13.41991341991342
13.427561837455832
13.432835820895523
13.432835820895523
13.432835820895523
13.432835820895523
13.432835820895523
13.438735177865613
13.454545454545455
13.47517730496454
13.478260869565217
13.48314606741573
13.505747126436782
13.537117903930133
13.551401869158877
13.574660633484163
13.615023474178404
13.618677042801556
13.636363636363635
13.651877133105803
13.656387665198238
13.675213675213676
13.684210526315791
13.688212927756654
13.692946058091287
13.716814159292035
13.718411552346572
13.718411552346572
13.725490196078432
13.732394366197184
13.733905579399142
13.733905579399142
13.750000000000002
13.761467889908257
13.764044943820226
13.768115942028986
13.780918727915195
13.782051282051283
13.82488479262673
13.836477987421384
13.852813852813853
13.86861313868613
13.87900355871886
13.901345291479823
13.91941391941392
13.934426229508196
13.937282229965156
13.937282229965156
13.953488372093023
13.953488372093023
13.96011396011396
13.973799126637553
13.989637305699482
14.027149321266968
14.040114613180515
14.046822742474916
14.068441064638785
14.106583072100312
14.130434782608695
14.130434782608695
14.13793103448276
14.14141414141414
14.14141414141414
14.150943396226415
14.15525114155251
14.181818181818182
14.181818181818182
14.193548387096774
14.220183486238533
14.23076923076923
14.285714285714285
14.285714285714285
14.285714285714285
14.329268292682926
14.336917562724013
14.336917562724013
14.345991561181433
14.351851851851851
14.383561643835616
14.388489208633093
14.391143911439114
14.399999999999999
14.414414414414415
14.414414414414415
14.417177914110429
14.43661971830986
14.440433212996389
14.444444444444443
14.46280991735537
14.473684210526317
14.487632508833922
14.487632508833922
14.534883720930234
14.545454545454545
14.551083591331269
14.55223880597015
14.553990610328638
14.571428571428571
14.5748987854251
14.578005115089516
14.583333333333334
14.5985401459854
14.601769911504425
14.601769911504425
14.624505928853754
14.642857142857144
14.655172413793101
14.661654135338345
14.661654135338345
14.661654135338345
14.705882352941178
14.716981132075471
14.720812182741117
14.728682170542637
14.732142857142858
14.739884393063585
14.767932489451477
14.772727272727273
14.772727272727273
14.785992217898833
14.798206278026907
14.801444043321299
14.814814814814813
14.814814814814813
14.82889733840304
14.83050847457627
14.85148514851485
14.909090909090908
14.939024390243901
14.953271028037381
14.957264957264957
14.960629921259844
15.0
15.011547344110854
15.028901734104046
15.030674846625766
15.040650406504067
15.04424778761062
15.053763440860216
15.068493150684931
15.076923076923077
15.081967213114755
15.107913669064748
15.11111111111111
15.11111111111111
15.11627906976744
15.137614678899084
15.151515151515152
15.151515151515152
15.163934426229508
15.168539325842698
15.17412935323383
15.178571428571427
15.185185185185185
15.19434628975265
15.19434628975265
15.2
15.202702702702704
15.207373271889402
15.217391304347828
15.217391304347828
15.22633744855967
15.246636771300448
15.283842794759824
15.29051987767584
15.335463258785943
15.348837209302326
15.363881401617252
15.384615384615385
15.384615384615385
15.384615384615385
15.413533834586465
15.492957746478872
15.492957746478872
15.492957746478872
15.508021390374333
15.517241379310345
15.517241379310345
15.517241379310345
15.52511415525114
15.530303030303031
15.538847117794486
15.54054054054054
15.555555555555555
15.5893536121673
15.6
15.625
15.639810426540285
15.658362989323843
15.66265060240964
15.699658703071673
15.706806282722512
15.81196581196581
15.853658536585366
15.873015873015872
15.884476534296029
15.897435897435896
15.942028985507244
15.948275862068966
15.96244131455399
15.966386554621847
15.981735159817351
16.0
16.0
16.017316017316016
16.023738872403563
16.037735849056602
16.05351170568562
16.08187134502924
16.101694915254235
16.10486891385768
16.117216117216117
16.138328530259365
16.147308781869686
16.165413533834585
16.170212765957448
16.176470588235293
16.19718309859155
16.22641509433962
16.25
16.25441696113074
16.260162601626014
16.265060240963855
16.296296296296298
16.317991631799163
16.334661354581673
16.356877323420075
16.363636363636363
16.386554621848738
16.400000000000002
16.417910447761194
16.42651296829971
16.444444444444446
16.447368421052634
16.455696202531644
16.479400749063668
16.483516483516482
16.48745519713262
16.4983164983165
16.5016501650165
16.5016501650165
16.50943396226415
16.51376146788991
16.528925619834713
16.535433070866144
16.551724137931036
16.57142857142857
16.574585635359114
16.607773851590103
16.61721068249258
16.619718309859156
16.666666666666664
16.666666666666664
16.666666666666664
16.666666666666664
16.740088105726873
16.7420814479638
16.74418604651163
16.76829268292683
16.783216783216783
16.783216783216783
16.80672268907563
16.810344827586206
16.8141592920354
16.822429906542055
16.822429906542055
16.842105263157894
16.894977168949772
16.894977168949772
16.896551724137932
16.9054441260745
16.93548387096774
16.954022988505745
16.967509025270758
17.01492537313433
17.02127659574468
17.034700315457414
17.050691244239633
17.061611374407583
17.083333333333332
17.10914454277286
17.10914454277286
17.120622568093385
17.120622568093385
17.159763313609467
17.192982456140353
17.201834862385322
17.20430107526882
17.228464419475657
17.24137931034483
17.25663716814159
17.261904761904763
17.26618705035971
17.272727272727273
17.28395061728395
17.293233082706767
17.333333333333336
17.333333333333336
17.35159817351598
17.370892018779344
17.370892018779344
17.391304347826086
17.391304347826086
17.40740740740741
17.431192660550458
17.445482866043612
17.445482866043612
17.452830188679243
17.46031746031746
17.482517482517483
17.5
17.50741839762611
17.51152073732719
17.535545023696685
17.535545023696685
17.587939698492463
17.59656652360515
17.60299625468165
17.60299625468165
17.60299625468165
17.62589928057554
17.647058823529413
17.647058823529413
17.666666666666668
17.699115044247787
17.712177121771216
17.712177121771216
17.77777777777778
17.80821917808219
17.81609195402299
17.842323651452283
17.843866171003718
17.857142857142858
17.872340425531917
17.877094972067038
17.894736842105264
17.916666666666668
17.928286852589643
17.933130699088146
17.941176470588236
17.985611510791365
18.014705882352942
18.01801801801802
18.0327868852459
18.04123711340206
18.04733727810651
18.04733727810651
18.067226890756302
18.076923076923077
18.099547511312217
18.100890207715135
18.11320754716981
18.125
18.181818181818183
18.208955223880597
18.209876543209877
18.21561338289963
18.237082066869302
18.238993710691823
18.243243243243242
18.24561403508772
18.27956989247312
18.29787234042553
18.305084745762713
18.305084745762713
18.33910034602076
18.34862385321101
18.359375
18.367346938775512
18.374558303886925
18.394648829431436
18.39622641509434
18.397626112759642
18.397626112759642
18.397626112759642
18.429003021148034
18.433179723502306
18.442622950819672
18.466898954703833
18.471337579617835
18.51851851851852
18.51851851851852
18.53281853281853
18.536585365853657
18.545454545454547
18.552036199095024
18.59504132231405
18.6046511627907
18.614718614718615
18.636363636363637
18.64406779661017
18.660287081339714
18.672199170124482
18.672199170124482
18.67469879518072
18.69918699186992
18.705035971223023
18.705035971223023
18.72146118721461
18.72340425531915
18.72340425531915
18.75
18.77022653721683
18.777292576419214
18.781725888324875
18.81918819188192
18.823529411764707
18.82716049382716
18.862275449101794
18.877551020408163
18.87905604719764
18.88888888888889
18.88888888888889
18.899521531100476
18.90909090909091
18.90909090909091
18.94273127753304
18.95910780669145
18.96551724137931
18.996415770609318
19.005847953216374
19.047619047619047
19.06614785992218
19.101123595505616
19.11764705882353
19.130434782608695
19.130434782608695
19.186046511627907
19.196428571428573
19.197707736389685
19.245283018867926
19.25925925925926
19.27710843373494
19.292604501607716
19.310344827586206
19.345238095238095
19.35483870967742
19.377162629757784
19.379844961240313
19.383259911894275
19.387755102040817
19.396551724137932
19.413919413919416
19.413919413919416
19.424460431654676
19.431279620853083
19.444444444444446
19.453924914675767
19.45525291828794
19.457013574660635
19.475655430711612
19.494584837545126
19.51219512195122
19.53488372093023
19.54022988505747
19.5906432748538
19.591836734693878
19.607843137254903
19.607843137254903
19.615384615384617
19.626168224299064
19.626168224299064
19.637462235649547
19.637462235649547
19.649122807017545
19.661016949152543
19.661016949152543
19.672131147540984
19.680851063829788
19.69111969111969
19.701492537313435
19.724770642201836
19.730941704035875
19.753086419753085
19.76401179941003
19.786096256684495
19.791666666666664
19.81132075471698
19.844357976653697
19.850187265917604
19.873817034700316
19.883040935672515
19.91701244813278
19.9203187250996
19.92753623188406
19.93243243243243
20.0
20.0
20.0
20.0
20.060790273556233
20.069204152249135
20.11173184357542
20.121951219512198
20.146520146520146
20.149253731343283
20.179372197309416
20.189274447949526
20.194647201946474
20.19704433497537
20.205479452054796
20.234604105571847
20.238095238095237
20.24922118380062
20.253164556962027
20.25862068965517
20.26578073089701
20.28301886792453
20.298507462686565
20.318725099601593
20.32258064516129
20.32520325203252
20.353982300884958
20.363636363636363
20.364741641337385
20.37037037037037
20.380434782608695
20.398009950248756
20.408163265306122
20.42042042042042
20.422535211267608
20.444444444444446
20.481927710843372
20.496894409937887
20.51282051282051
20.52401746724891
20.535714285714285
20.535714285714285
20.552147239263803
20.552147239263803
20.55335968379447
20.5607476635514
20.57142857142857
20.5761316872428
20.588235294117645
20.600858369098713
20.618556701030926
20.642201834862387
20.652173913043477
20.65868263473054
20.66420664206642
20.66420664206642
20.689655172413794
20.699708454810494
20.737327188940093
20.761245674740483
20.784313725490197
20.813397129186605
20.833333333333336
20.863309352517987
20.87378640776699
20.87912087912088
20.883534136546185
20.962199312714777
20.97902097902098
20.983606557377048
21.00456621004566
21.008403361344538
21.030042918454935
21.033210332103323
21.033210332103323
21.03448275862069
21.036585365853657
21.052631578947366
21.052631578947366
21.052631578947366
21.052631578947366
21.069182389937108
21.076233183856502
21.120689655172413
21.142857142857142
21.172638436482085
21.176470588235293
21.180555555555554
21.1864406779661
21.19402985074627
21.20141342756184
21.21212121212121
21.238938053097346
21.25
21.26865671641791
21.26865671641791
21.26984126984127
21.32701421800948
21.341463414634145
21.363636363636363
21.40221402214022
21.407624633431084
21.428571428571427
21.428571428571427
21.428571428571427
21.464646464646464
21.468926553672315
21.50537634408602
21.52777777777778
21.548821548821547
21.55688622754491
21.568627450980394
21.580547112462007
21.58590308370044
21.6
21.608040201005025
21.631205673758867
21.63265306122449
21.646341463414632
21.67487684729064
21.678321678321677
21.68141592920354
21.68141592920354
21.68141592920354
21.72413793103448
21.726190476190478
21.726190476190478
21.75438596491228
21.75925925925926
21.791767554479417
21.810699588477366
21.825396825396826
21.830985915492956
21.875
21.875
21.891891891891895
21.910112359550563
21.910112359550563
21.91358024691358
21.951219512195124
21.951219512195124
21.962616822429908
21.978021978021978
21.98952879581152
22.0
22.0
22.006472491909385
22.040816326530614
22.05128205128205
22.058823529411764
22.064056939501782
22.064056939501782
22.06896551724138
22.085889570552148
22.10144927536232
22.105263157894736
22.118380062305295
22.119815668202765
22.12121212121212
22.127659574468083
22.127659574468083
22.171945701357465
22.171945701357465
22.17391304347826
22.22222222222222
22.270742358078603
22.272727272727273
22.2972972972973
22.321428571428573
22.344322344322347
22.36024844720497
22.422680412371136
22.448979591836736
22.45508982035928
22.45614035087719
22.45614035087719
22.483221476510067
22.491349480968857
22.509225092250922
22.52252252252252
22.530864197530864
22.551928783382788
22.60061919504644
22.60061919504644
22.614840989399294
22.641509433962266
22.672064777327936
22.689075630252102
22.727272727272727
22.74247491638796
22.77580071174377
22.78481012658228
22.818791946308725
22.822822822822822
22.857142857142858
22.869955156950674
22.875816993464053
22.884012539184955
22.90748898678414
22.90748898678414
22.916666666666664
22.92490118577075
22.93577981651376
22.93577981651376
22.943722943722943
22.968197879858657
22.981366459627328
22.99651567944251
23.021582733812952
23.03370786516854
23.04147465437788
23.076923076923077
23.076923076923077
23.076923076923077
23.076923076923077
23.103448275862068
23.11320754716981
23.115577889447238
23.123123123123122
23.134328358208954
23.14814814814815
23.161764705882355
23.18181818181818
23.195876288659793
23.220973782771537
23.247232472324722
23.26530612244898
23.28767123287671
23.297491039426525
23.30508474576271
23.308270676691727
23.3201581027668
23.323615160349853
23.333333333333332
23.348017621145374
23.353293413173652
23.364485981308412
23.369565217391305
23.37278106508876
23.376623376623375
23.381294964028775
23.383084577114428
23.394495412844037
23.404255319148938
23.42007434944238
23.423423423423422
23.426573426573427
23.42857142857143
23.4375
23.444976076555022
23.448275862068964
23.456790123456788
23.47826086956522
23.63013698630137
23.63013698630137
23.636363636363637
23.636363636363637
23.645320197044335
23.655913978494624
23.684210526315788
23.693379790940767
23.694779116465863
23.715415019762844
23.72093023255814
23.728813559322035
23.73540856031128
23.7467018469657
23.75
23.75
23.762376237623762
23.766816143497756
23.770491803278688
23.770491803278688
23.776223776223777
23.78048780487805
23.788546255506606
23.825503355704697
23.939393939393938
23.939393939393938
23.943661971830984
23.949579831932773
23.952095808383234
23.958333333333336
23.970037453183522
24.0
24.0
24.031007751937985
24.050632911392405
24.066390041493776
24.081632653061224
24.09090909090909
24.137931034482758
24.137931034482758
24.148606811145513
24.148606811145513
24.166666666666668
24.188790560471976
24.193548387096776
24.200913242009133
24.210526315789473
24.210526315789473
24.21383647798742
24.22145328719723
24.290220820189273
24.291497975708502
24.305555555555554
24.324324324324326
24.324324324324326
24.352331606217618
24.375
24.382716049382715
24.398625429553263
24.4
24.43438914027149
24.45141065830721
24.46043165467626
24.463519313304722
24.464831804281346
24.46808510638298
24.489795918367346
24.545454545454547
24.550898203592812
24.555160142348754
24.581005586592177
24.583333333333332
24.59016393442623
24.60732984293194
24.610591900311526
24.624624624624623
24.629080118694365
24.651162790697676
24.68354430379747
24.6875
24.6875
24.74916387959866
24.761904761904763
24.76489028213166
24.766355140186917
24.774774774774773
24.776119402985074
24.820143884892087
24.820143884892087
24.822695035460992
24.846625766871167
24.88888888888889
24.894514767932492
24.912280701754387
24.91349480968858
24.922118380062305
24.923076923076923
25.0
25.0
25.0
25.0
25.0
25.0
25.0
25.0
25.0
25.0
25.0
25.087108013937282
25.096525096525095
25.096525096525095
25.099601593625497
25.102880658436217
25.106382978723403
25.106382978723403
25.118483412322274
25.157232704402517
25.177304964539005
25.179856115107913
25.179856115107913
25.206611570247933
25.210084033613445
25.217391304347824
25.233644859813083
25.274725274725274
25.296442687747035
25.311203319502074
25.3125
25.31645569620253
25.321888412017167
25.339366515837103
25.36764705882353
25.37313432835821
25.37313432835821
25.37313432835821
25.382262996941897
25.384615384615383
25.391849529780565
25.40106951871658
25.405405405405407
25.407166123778502
25.416666666666664
25.423728813559322
25.4416961130742
25.44642857142857
25.44642857142857
25.454545454545453
25.454545454545453
25.471698113207548
25.471698113207548
25.477707006369428
25.506072874493928
25.524475524475527
25.541125541125542
25.555555555555554
25.568181818181817
25.589225589225588
25.622775800711743
25.628140703517587
25.64102564102564
25.680933852140075
25.684931506849317
25.705329153605017
25.71428571428571
25.71428571428571
25.71428571428571
25.72614107883817
25.773195876288657
25.806451612903224
25.806451612903224
25.818181818181817
25.830258302583026
25.842696629213485
25.847457627118644
25.85669781931464
25.866666666666667
25.925925925925924
25.937500000000004
25.957446808510635
25.991189427312776
25.992779783393498
26.0
26.00732600732601
26.066350710900476
26.072607260726073
26.08695652173913
26.10294117647059
26.10619469026549
26.132404181184672
26.153846153846157
26.160337552742618
26.160337552742618
26.199261992619927
26.200873362445414
26.200873362445414
26.20481927710843
26.222222222222225
26.223776223776223
26.223776223776223
26.24113475177305
26.245847176079735
26.265822784810126
26.282051282051285
26.31578947368421
26.31578947368421
26.34146341463415
26.359832635983267
26.36363636363636
26.373626373626376
26.373626373626376
26.38888888888889
26.394052044609666
26.406926406926406
26.41509433962264
26.41509433962264
26.422764227642276
26.422764227642276
26.42857142857143
26.431718061674008
26.44927536231884
26.5
26.5
26.5
26.501766784452297
26.521739130434785
26.53061224489796
26.56826568265683
26.635514018691588
26.642335766423358
26.642335766423358
26.666666666666668
26.69491525423729
26.704545454545453
26.714801444043324
26.729559748427672
26.73992673992674
26.756756756756754
26.76056338028169
26.77165354330709
26.80851063829787
26.811594202898554
26.848249027237355
26.90909090909091
26.90909090909091
26.923076923076923
26.94063926940639
26.94300518134715
26.953125
26.970954356846473
26.976744186046513
26.991150442477874
27.0
27.016129032258064
27.037037037037038
27.044025157232703
27.083333333333332
27.083333333333332
27.09677419354839
27.102803738317753
27.10997442455243
27.111111111111114
27.11864406779661
27.125506072874494
27.134146341463417
27.149321266968325
27.173913043478258
27.192982456140353
27.23404255319149
27.237354085603112
27.312775330396477
27.31958762886598
27.358490566037734
27.37226277372263
27.37226277372263
27.391304347826086
27.393617021276594
27.419354838709676
27.419354838709676
27.42616033755274
27.42616033755274
27.47875354107649
27.500000000000004
27.510917030567683
27.51937984496124
27.530364372469634
27.54237288135593
27.54237288135593
27.547169811320753
27.586206896551722
27.586206896551722
27.586206896551722
27.5974025974026
27.604166666666668
27.635327635327634
27.659574468085108
27.692307692307693
27.699530516431924
27.710843373493976
27.722772277227726
27.75330396475771
27.77777777777778
27.77777777777778
27.77777777777778
27.77777777777778
27.82258064516129
27.848101265822784
27.848101265822784
27.86377708978328
27.86885245901639
27.906976744186046
27.92207792207792
27.947598253275107
27.985074626865668
28.000000000000004
28.01418439716312
28.01556420233463
28.037383177570092
28.04232804232804
28.044280442804425
28.044280442804425
28.061224489795915
28.075709779179807
28.085106382978726
28.085106382978726
28.09917355371901
28.125
28.125
28.125
28.169014084507044
28.169014084507044
28.18181818181818
28.205128205128204
28.205128205128204
28.205128205128204
28.26086956521739
28.270042194092827
28.272251308900525
28.278688524590162
28.286852589641438
28.286852589641438
28.29581993569132
28.30188679245283
28.31541218637993
28.34008097165992
28.368794326241137
28.389830508474578
28.41726618705036
28.48101265822785
28.482972136222912
28.484848484848484
28.484848484848484
28.510638297872344
28.52760736196319
28.57142857142857
28.618421052631575
28.671328671328673
28.673835125448026
28.699551569506728
28.703703703703702
28.703703703703702
28.717948717948715
28.719723183391004
28.72727272727273
28.749999999999996
28.77906976744186
28.780487804878046
28.782287822878228
28.792569659442723
28.80658436213992
28.870292887029287
28.880866425992778
28.985507246376812
28.985507246376812
28.985507246376812
29.004329004329005
29.01023890784983
29.02097902097902
29.02208201892745
29.03225806451613
29.044117647058826
29.069767441860467
29.081632653061224
29.08366533864542
29.102167182662537
29.1044776119403
29.13907284768212
29.142857142857142
29.145728643216078
29.166666666666668
29.166666666666668
29.178470254957507
29.184549356223176
29.184549356223176
29.19254658385093
29.2
29.218106995884774
29.230769230769234
29.230769230769234
29.24187725631769
29.245283018867923
29.25170068027211
29.257641921397383
29.283489096573206
29.292929292929294
29.304029304029307
29.38775510204082
29.43722943722944
29.460580912863072
29.476584022038566
29.533678756476682
29.568106312292358
29.583333333333332
29.583333333333332
29.588014981273407
29.588014981273407
29.61672473867596
29.629629629629626
29.629629629629626
29.646017699115045
29.651162790697676
29.67032967032967
29.681978798586574
29.6875
29.69924812030075
29.72972972972973
29.73856209150327
29.74137931034483
29.749103942652326
29.78723404255319
29.78723404255319
29.80392156862745
29.807692307692307
29.81366459627329
29.82456140350877
29.831932773109244
29.84293193717277
29.850746268656714
29.86111111111111
29.86111111111111
29.87012987012987
29.874213836477985
29.87551867219917
29.896907216494846
29.906542056074763
29.906542056074763
29.910714285714285
29.914529914529915
29.957805907172997
29.965156794425084
30.0
30.0
30.036630036630036
30.04115226337449
30.061349693251532
30.061349693251532
30.075187969924812
30.094043887147336
30.097087378640776
30.097087378640776
30.125523012552303
30.132450331125828
30.136986301369863
30.14705882352941
30.14705882352941
30.21276595744681
30.21276595744681
30.238726790450926
30.29045643153527
30.29045643153527
30.303030303030305
30.312499999999996
30.316742081447963
30.327868852459016
30.34188034188034
30.34825870646766
30.357142857142854
30.407523510971785
30.434782608695656
30.45267489711934
30.45267489711934
30.456852791878177
30.508474576271187
30.545454545454547
30.603448275862068
30.672268907563026
30.697674418604652
30.735930735930733
30.74074074074074
30.76923076923077
30.791788856304986
30.798479087452474
30.82191780821918
30.837004405286343
30.87719298245614
30.888030888030887
30.89430894308943
30.94170403587444
30.96446700507614
30.973451327433626
30.973451327433626
30.981595092024538
31.004366812227076
31.004366812227076
31.03448275862069
31.048387096774192
31.06382978723404
31.06382978723404
31.06796116504854
31.137724550898206
31.140350877192986
31.147540983606557
31.155778894472363
31.216931216931215
31.221719457013574
31.225296442687743
31.22923588039867
31.232876712328768
31.25
31.25
31.25
31.25
31.30434782608696
31.313131313131315
31.316725978647685
31.382978723404253
31.386861313868614
31.428571428571427
31.472081218274113
31.4878892733564
31.48936170212766
31.48936170212766
31.547619047619047
31.561461794019934
31.57894736842105
31.57894736842105
31.57894736842105
31.57894736842105
31.59851301115242
31.601731601731604
31.60377358490566
31.666666666666664
31.674208144796378
31.683168316831683
31.785714285714285
31.818181818181817
31.818181818181817
31.835205992509362
31.838565022421523
31.861198738170348
31.914893617021278
31.914893617021278
31.914893617021278
31.92488262910798
31.92771084337349
31.929824561403507
31.93717277486911
31.958762886597935
31.979695431472084
32.0
32.0
32.03125
32.05128205128205
32.075471698113205
32.08955223880597
32.08955223880597
32.098765432098766
32.10702341137124
32.11678832116788
32.121212121212125
32.15258855585831
32.158590308370044
32.158590308370044
32.17665615141956
32.22222222222222
32.23684210526316
32.2463768115942
32.30769230769231
32.314410480349345
32.33333333333333
32.33333333333333
32.33333333333333
32.33830845771145
32.340425531914896
32.35294117647059
32.365145228215766
32.417582417582416
32.432432432432435
32.448377581120944
32.450331125827816
32.475884244372985
32.5
32.5
32.5
32.544378698224854
32.55813953488372
32.589285714285715
32.589285714285715
32.59911894273127
32.60188087774294
32.608695652173914
32.61538461538461
32.61802575107296
32.6530612244898
32.66129032258064
32.663316582914575
32.67326732673268
32.70676691729324
32.7217125382263
32.743362831858406
32.76595744680851
32.76595744680851
32.78688524590164
32.79352226720648
32.80632411067194
32.87671232876712
32.91139240506329
32.91139240506329
33.0
33.004926108374384
33.02752293577982
33.05084745762712
33.12883435582822
33.16326530612245
33.189655172413794
33.189655172413794
33.191489361702125
33.20610687022901
33.22147651006711
33.33333333333333
33.33333333333333
33.33333333333333
33.33333333333333
33.33333333333333
33.33333333333333
33.33333333333333
33.33333333333333
33.42245989304813
33.43465045592705
33.45195729537366
33.45454545454545
33.45454545454545
33.46456692913386
33.47457627118644
33.480176211453745
33.482142857142854
33.50785340314136
33.513513513513516
33.54632587859425
33.57142857142857
33.57142857142857
33.61344537815126
33.6283185840708
33.66834170854271
33.6996336996337
33.7037037037037
33.77483443708609
33.77777777777778
33.77777777777778
33.78839590443686
33.793103448275865
33.7962962962963
33.81294964028777
33.83838383838384
33.86243386243386
33.86454183266932
33.88704318936877
33.89121338912134
33.93665158371041
33.94495412844037
34.02061855670103
34.02061855670103
34.05172413793103
34.08360128617363
34.112149532710276
34.12698412698413
34.19117647058824
34.1991341991342
34.1991341991342
34.21052631578947
34.22222222222222
34.22459893048128
34.23728813559322
34.32203389830508
34.33962264150943
34.34343434343434
34.375
34.385964912280706
34.39153439153439
34.4
34.403669724770644
34.42622950819672
34.46808510638298
34.48275862068966
34.50134770889488
34.51776649746193
34.52914798206278
34.56375838926174
34.5679012345679
34.57943925233645
34.584450402144775
34.5945945945946
34.62897526501767
34.64285714285714
34.65346534653465
34.66135458167331
34.66666666666667
34.66666666666667
34.73282442748092
34.74903474903475
34.765625
34.7972972972973
34.801762114537446
34.801762114537446
34.86486486486486
34.87394957983193
34.883720930232556
34.8936170212766
34.899328859060404
34.899328859060404
34.96503496503497
34.96932515337423
35.0
35.0
35.0
35.01483679525222
35.051546391752574
35.06944444444444
35.13513513513514
35.14492753623188
35.146443514644346
35.15625
35.16949152542373
35.18518518518518
35.204081632653065
35.21739130434783
35.22267206477733
35.22727272727273
35.267857142857146
35.273972602739725
35.32608695652174
35.3356890459364
35.3448275862069
35.3448275862069
35.4054054054054
35.42435424354243
35.43307086614173
35.467980295566505
35.5
35.51401869158878
35.54216867469879
35.55555555555556
35.55555555555556
35.56485355648535
35.622317596566525
35.65217391304348
35.714285714285715
35.714285714285715
35.74660633484163
35.751295336787564
35.76923076923077
35.80645161290323
35.80786026200873
35.80786026200873
35.82887700534759
35.869565217391305
35.880398671096344
35.88516746411483
35.8974358974359
35.8974358974359
35.924932975871315
35.95890410958904
35.973597359735976
36.0
36.05015673981191
36.11111111111111
36.11111111111111
36.12040133779264
36.12565445026178
36.13861386138614
36.18421052631579
36.18421052631579
36.206896551724135
36.206896551724135
36.312849162011176
36.324786324786324
36.36363636363637
36.36363636363637
36.42611683848797
36.44444444444444
36.45833333333333
36.51226158038147
36.53846153846153
36.544850498338874
36.54822335025381
36.554621848739494
36.56387665198238
36.57142857142857
36.59574468085106
36.607142857142854
36.607142857142854
36.637931034482754
36.64383561643836
36.65158371040724
36.68639053254438
36.693548387096776
36.7003367003367
36.708860759493675
36.734693877551024
36.75213675213676
36.771300448430495
36.771300448430495
36.80297397769517
36.82432432432432
36.84210526315789
36.92307692307693
36.95652173913043
36.95652173913043
36.95652173913043
36.986301369863014
36.99186991869919
37.05357142857143
37.05882352941177
37.08206686930091
37.08920187793427
37.10407239819005
37.117903930131
37.15596330275229
37.15596330275229
37.15596330275229
37.16814159292036
37.17948717948718
37.18411552346571
37.18411552346571
37.18411552346571
37.24137931034483
37.244897959183675
37.2972972972973
37.327188940092164
37.32876712328767
37.333333333333336
37.33905579399141
37.38019169329074
37.39837398373984
37.407407407407405
37.44292237442922
37.547892720306514
37.55102040816327
37.58620689655172
37.60217983651226
37.61467889908257
37.634408602150536
37.66233766233766
37.68844221105528
37.714285714285715
37.72727272727273
37.74834437086093
37.76824034334764
37.77089783281733
37.82383419689119
37.82771535580524
37.83783783783784
37.878787878787875
37.89473684210527
37.89954337899543
37.89954337899543
37.93103448275862
37.95379537953795
37.96296296296296
37.98219584569733
37.99126637554585
38.01652892561984
38.05668016194332
38.095238095238095
38.15789473684211
38.15789473684211
38.197424892703864
38.197424892703864
38.21989528795812
38.265306122448976
38.28996282527881
38.31775700934579
38.32116788321168
38.349514563106794
38.35616438356164
38.37638376383764
38.4
38.4
38.4083044982699
38.41269841269842
38.421052631578945
38.435374149659864
38.435374149659864
38.46153846153847
38.46153846153847
38.5
38.54166666666667
38.55421686746988
38.55421686746988
38.559322033898304
38.578680203045685
38.66171003717472
38.67595818815331
38.69969040247678
38.72340425531915
38.72832369942196
38.76651982378855
38.775510204081634
38.775510204081634
38.775510204081634
38.78504672897196
38.79781420765027
38.82783882783883
38.87240356083086
38.88888888888889
38.88888888888889
38.91891891891892
38.94736842105263
38.951310861423224
38.96551724137931
38.96551724137931
38.99082568807339
39.04109589041096
39.053254437869825
39.0625
39.06976744186046
39.07692307692307
39.08450704225352
39.10034602076124
39.11290322580645
39.21568627450981
39.226519337016576
39.23611111111111
39.249146757679185
39.263803680981596
39.27125506072874
39.27272727272727
39.30131004366812
39.30131004366812
39.39393939393939
39.42857142857143
39.44223107569721
39.44636678200692
39.44954128440367
39.46488294314381
39.473684210526315
39.48339483394834
39.54545454545455
39.565217391304344
39.57446808510638
39.57446808510638
39.61038961038961
39.612188365650965
39.62264150943396
39.64497041420118
39.647577092511014
39.66480446927375
39.67611336032389
39.732142857142854
39.735099337748345
39.7887323943662
39.823008849557525
39.86013986013986
39.8876404494382
39.91596638655462
39.91769547325103
39.937106918238996
40.0
40.0
40.0
40.0763358778626
40.10989010989011
40.1840490797546
40.23904382470119
40.27149321266968
40.27149321266968
40.316205533596836
40.35874439461883
40.37267080745342
40.41811846689895
40.42553191489361
40.458015267175576
40.476190476190474
40.484429065743946
40.484429065743946
40.54054054054054
40.55555555555556
40.61302681992337
40.65934065934066
40.70175438596491
40.70175438596491
40.725806451612904
40.76086956521739
40.78014184397163
40.78014184397163
40.78212290502793
40.80882352941176
40.830449826989614
40.830449826989614
40.833333333333336
40.88888888888889
40.89068825910931
40.89219330855018
40.909090909090914
40.909090909090914
40.92526690391459
40.92526690391459
40.92526690391459
40.93023255813954
40.93023255813954
40.94488188976378
40.95744680851064
40.98939929328622
40.99099099099099
41.0
41.01694915254237
41.07142857142857
41.11111111111111
41.15523465703971
41.17647058823529
41.19850187265918
41.25
41.281138790035584
41.281138790035584
41.284403669724774
41.31944444444444
41.3265306122449
41.340782122905026
41.36690647482014
41.40350877192983
41.409691629955944
41.417910447761194
41.452991452991455
41.46341463414634
41.46341463414634
41.48471615720524
41.51624548736462
41.517857142857146
41.522491349480966
41.54929577464789
41.55251141552511
41.5954415954416
41.61490683229814
41.61849710982659
41.62436548223351
41.6289592760181
41.637010676156585
41.66666666666667
41.66666666666667
41.66666666666667
41.69611307420495
41.69611307420495
41.70040485829959
41.72185430463576
41.724137931034484
41.75824175824176
41.76706827309237
41.77777777777778
41.80602006688963
41.81184668989547
41.81818181818181
41.86046511627907
41.891891891891895
41.92139737991266
41.99288256227758
41.99288256227758
42.00913242009132
42.03389830508474
42.05298013245033
42.06896551724138
42.081447963800905
42.083333333333336
42.083333333333336
42.10526315789473
42.10526315789473
42.10526315789473
42.198581560283685
42.21311475409836
42.25352112676056
42.290748898678416
42.32081911262799
42.32365145228216
42.32558139534884
42.32954545454545
42.33870967741936
42.35294117647059
42.40282685512368
42.435424354243544
42.44897959183673
42.45810055865922
42.473118279569896
42.5
42.53393665158371
42.53731343283582
42.54545454545455
42.57425742574257
42.59927797833935
42.608695652173914
42.62295081967213
42.65734265734265
42.6605504587156
42.7027027027027
42.72727272727273
42.73504273504273
42.78350515463917
42.79475982532751
42.79835390946502
42.857142857142854
42.857142857142854
42.93948126801153
42.95774647887324
42.98245614035088
43.003412969283275
43.04347826086957
43.04635761589404
43.05555555555556
43.0635838150289
43.11377245508982
43.127962085308056
43.127962085308056
43.127962085308056
43.17180616740088
43.292682926829265
43.29896907216495
43.31550802139038
43.32129963898917
43.36283185840708
43.389830508474574
43.40277777777778
43.43065693430657
43.47826086956522
43.47826086956522
43.51464435146444
43.55555555555555
43.56846473029046
43.60189573459716
43.61702127659575
43.64406779661017
43.70629370629371
43.71584699453552
43.75
43.77224199288256
43.77880184331797
43.804034582132566
43.82022471910113
43.859649122807014
43.87755102040816
43.92857142857143
43.956043956043956
43.986254295532646
44.0
44.0
44.04145077720207
44.086021505376344
44.128113879003564
44.13145539906103
44.16058394160584
44.18604651162791
44.20289855072464
44.20289855072464
44.20600858369099
44.207317073170735
44.285714285714285
44.29223744292237
44.36619718309859
44.39461883408072
44.4043321299639
44.44444444444444
44.44444444444444
44.44444444444444
44.44444444444444
44.44444444444444
44.44444444444444
44.48529411764706
44.48979591836735
44.4954128440367
44.50261780104712
44.52054794520548
44.52554744525548
44.559585492227974
44.57142857142857
44.651162790697676
44.765342960288805
44.776119402985074
44.79638009049774
44.83985765124555
44.85294117647059
44.86486486486487
44.927536231884055
44.93392070484582
44.93392070484582
45.0
45.018450184501845
45.02923976608187
45.0354609929078
45.07772020725388
45.09090909090909
45.10489510489511
45.11627906976744
45.13888888888889
45.14563106796117
45.14767932489451
45.16129032258064
45.20547945205479
45.21739130434783
45.220588235294116
45.22821576763486
45.258620689655174
45.289855072463766
45.29616724738676
45.32374100719424
45.33898305084746
45.3551912568306
45.40816326530612
45.412844036697244
45.416666666666664
45.45454545454545
45.497630331753555
45.60669456066946
45.65217391304348
45.662100456621005
45.70135746606335
45.714285714285715
45.7286432160804
45.73991031390135
45.73991031390135
45.774647887323944
45.79831932773109
45.83333333333333
45.90747330960854
45.911949685534594
45.94594594594595
45.955882352941174
45.955882352941174
45.95959595959596
45.982142857142854
45.98540145985402
46.058091286307054
46.06413994169096
46.07142857142857
46.15384615384615
46.15384615384615
46.15384615384615
46.206896551724135
46.21513944223107
46.21848739495798
46.28975265017668
46.32352941176471
46.35416666666667
46.35416666666667
46.35568513119534
46.391752577319586
46.391752577319586
46.408839779005525
46.441947565543074
46.44808743169399
46.45390070921986
46.45390070921986
46.45390070921986
46.464646464646464
46.468401486988846
46.47302904564315
46.47302904564315
46.478873239436616
46.50349650349651
46.52014652014652
46.54377880184332
46.59498207885305
46.596858638743456
46.619217081850536
46.62162162162162
46.62921348314607
46.63865546218487
46.647230320699705
46.666666666666664
46.69603524229075
46.7032967032967
46.71814671814672
46.733668341708544
46.766169154228855
46.788990825688074
46.81818181818182
46.81818181818182
46.85314685314685
46.86192468619247
46.88644688644688
46.93877551020408
46.95652173913044
47.008547008547005
47.03196347031963
47.03703703703704
47.03703703703704
47.05882352941176
47.05882352941176
47.08520179372198
47.093023255813954
47.10144927536232
47.23247232472325
47.337278106508876
47.383720930232556
47.385620915032675
47.40740740740741
47.417840375586856
47.44525547445255
47.44744744744745
47.45762711864407
47.45762711864407
47.462686567164184
47.486033519553075
47.53363228699551
47.53521126760563
47.53521126760563
47.58620689655172
47.58620689655172
47.601476014760145
47.601476014760145
47.61904761904761
47.61904761904761
47.63948497854077
47.65957446808511
47.66355140186916
47.674418604651166
47.686832740213525
47.69230769230769
47.69230769230769
47.72727272727273
47.72727272727273
47.73519163763066
47.76119402985074
47.766323024054984
47.794117647058826
47.794117647058826
47.81021897810219
47.863247863247864
47.88732394366197
47.97047970479705
47.983870967741936
48.04270462633452
48.06629834254144
48.11715481171548
48.161764705882355
48.161764705882355
48.17275747508305
48.20717131474104
48.26086956521739
48.275862068965516
48.29059829059829
48.31460674157304
48.3271375464684
48.33948339483395
48.35164835164835
48.473282442748086
48.497854077253216
48.507462686567166
48.507462686567166
48.52320675105485
48.554913294797686
48.58490566037736
48.72727272727273
48.739495798319325
48.75
48.75776397515528
48.76543209876543
48.795180722891565
48.87218045112782
48.888888888888886
48.91304347826087
48.91304347826087
48.95104895104895
48.96142433234421
48.96907216494845
49.01960784313725
49.056603773584904
49.07063197026022
49.159663865546214
49.159663865546214
49.159663865546214
49.16943521594684
49.2063492063492
49.280575539568346
49.47916666666667
49.494949494949495
49.50980392156863
49.56140350877193
49.56896551724138
49.57627118644068
49.57627118644068
49.57983193277311
49.63768115942029
49.65277777777778
49.696969696969695
49.717514124293785
49.75124378109453
49.75609756097561
49.77168949771689
49.775784753363226
49.78354978354979
49.78354978354979
49.812734082397
49.815498154981555
49.815498154981555
49.815498154981555
49.81818181818182
49.82332155477032
50.0
50.0
50.0
50.0
50.0
50.0
50.0
50.0
50.0
50.0
50.17667844522968
50.19607843137255
50.212765957446805
50.22222222222222
50.2262443438914
50.23696682464455
50.308641975308646
50.349650349650354
50.35460992907801
50.36231884057971
50.36764705882353
50.42016806722689
50.42372881355932
50.442477876106196
50.467289719626166
50.49019607843137
50.53003533568905
50.54945054945055
50.56603773584906
50.638297872340424
50.70422535211267
50.71090047393365
50.81967213114754
50.82872928176796
50.89605734767025
51.0548523206751
51.082251082251084
51.14942528735632
51.18483412322274
51.256281407035175
51.256281407035175
51.28205128205128
51.291512915129154
51.31086142322098
51.32743362831859
51.33079847908745
51.33333333333333
51.37614678899083
51.419558359621455
51.438848920863315
51.515151515151516
51.546391752577314
51.5625
51.590106007067135
51.598173515981735
51.63043478260869
51.64319248826291
51.71102661596958
51.78571428571429
51.78571428571429
51.813471502590666
51.81818181818182
51.82481751824818
51.83673469387755
51.85185185185185
51.85185185185185
51.89873417721519
51.903114186851205
51.93798449612403
51.95729537366548
51.963746223564954
51.97568389057751
51.98675496688742
52.012383900928796
52.01793721973094
52.03619909502263
52.04460966542751
52.0618556701031
52.0618556701031
52.07373271889401
52.118644067796616
52.13675213675214
52.1551724137931
52.17391304347826
52.22222222222223
52.25225225225225
52.27272727272727
52.31481481481482
52.32558139534884
52.352941176470594
52.36486486486487
52.38095238095239
52.42290748898678
52.44444444444445
52.48618784530387
52.5
52.55102040816326
52.55102040816326
52.55474452554745
52.57352941176471
52.58620689655172
52.59259259259259
52.65151515151515
52.702702702702695
52.72727272727272
52.742616033755276
52.767527675276746
52.78969957081545
52.83018867924528
52.863436123348016
52.87769784172662
52.88461538461539
52.888888888888886
52.892561983471076
52.9126213592233
52.94117647058824
53.0
53.0
53.04054054054054
53.072625698324025
53.09734513274337
53.11355311355312
53.18352059925093
53.20754716981132
53.230769230769226
53.2608695652174
53.266331658291456
53.299492385786806
53.333333333333336
53.43915343915344
53.47826086956522
53.47826086956522
53.53159851301115
53.535353535353536
53.53982300884957
53.53982300884957
53.53982300884957
53.58361774744027
53.58490566037736
53.61216730038023
53.66795366795367
53.669724770642205
53.714285714285715
53.73134328358209
53.73831775700935
53.75722543352601
53.76712328767124
53.77777777777778
53.84615384615385
53.84615384615385
53.88127853881278
53.8860103626943
53.90334572490706
53.90625
53.93258426966292
53.956834532374096
53.99239543726235
54.01785714285714
54.074074074074076
54.074074074074076
54.12844036697248
54.146341463414636
54.166666666666664
54.21245421245421
54.22222222222223
54.23728813559322
54.25531914893617
54.26008968609865
54.314720812182735
54.339622641509436
54.385964912280706
54.406130268199234
54.421768707483
54.43037974683544
54.437869822485204
54.460093896713616
54.47761194029851
54.49438202247191
54.502369668246445
54.54545454545454
54.54545454545454
54.58515283842795
54.59459459459459
54.61847389558233
54.646840148698885
54.66101694915254
54.666666666666664
54.666666666666664
54.679802955665025
54.741379310344826
54.7486033519553
54.77707006369427
54.81481481481482
54.85436893203883
55.00000000000001
55.02392344497608
55.04587155963303
55.06607929515418
55.140186915887845
55.15151515151515
55.203619909502265
55.208333333333336
55.223880597014926
55.27638190954774
55.28455284552846
55.28846153846154
55.32994923857868
55.38461538461539
55.483870967741936
55.50000000000001
55.55555555555556
55.55555555555556
55.60538116591929
55.61797752808989
55.625
55.63636363636364
55.660377358490564
55.70175438596491
55.75221238938053
55.85106382978723
55.86206896551724
55.88235294117647
55.90909090909091
55.932203389830505
55.952380952380956
55.952380952380956
55.95854922279793
55.96707818930041
55.97826086956522
56.111111111111114
56.12244897959183
56.17021276595745
56.17529880478087
56.287425149700596
56.32183908045977
56.34517766497462
56.36363636363636
56.41025641025641
56.481481481481474
56.53710247349824
56.53846153846154
56.540084388185655
56.56108597285068
56.573705179282875
56.65236051502146
56.69291338582677
56.71641791044776
56.72268907563025
56.72514619883041
56.739811912225704
56.75675675675676
56.75675675675676
56.81818181818182
56.875
56.877323420074354
56.886227544910184
56.888888888888886
56.896551724137936
56.9060773480663
56.99999999999999
57.03422053231939
57.07070707070707
57.14285714285714
57.14285714285714
57.14285714285714
57.21925133689839
57.23270440251572
57.291666666666664
57.36196319018405
57.43589743589743
57.467532467532465
57.476635514018696
57.48987854251012
57.5107296137339
57.52895752895753
57.534246575342465
57.53968253968254
57.56302521008403
57.57575757575758
57.647058823529406
57.67195767195767
57.692307692307686
57.73195876288659
57.77777777777777
57.77777777777777
57.80346820809249
57.826086956521735
57.83582089552238
57.89473684210527
57.91505791505791
57.98816568047337
58.052434456928836
58.06451612903226
58.12500000000001
58.156028368794324
58.204334365325074
58.22222222222222
58.235294117647065
58.282208588957054
58.307210031347964
58.333333333333336
58.36431226765799
58.38509316770186
58.415841584158414
58.44155844155844
58.44748858447488
58.454106280193244
58.46774193548387
58.5
58.515283842794766
58.59375
58.661417322834644
58.68725868725869
58.71559633027523
58.71559633027523
58.730158730158735
58.730158730158735
58.754863813229576
58.77551020408164
58.778625954198475
58.82352941176471
58.82352941176471
58.87850467289719
58.909090909090914
58.94039735099338
59.09090909090909
59.105431309904155
59.11602209944752
59.12698412698413
59.13978494623656
59.183673469387756
59.20398009950249
59.21985815602837
59.27835051546392
59.28853754940712
59.30232558139535
59.43775100401606
59.44444444444444
59.523809523809526
59.53307392996109
59.53757225433526
59.56521739130435
59.589041095890416
59.59595959595959
59.59595959595959
59.62962962962963
59.67741935483871
59.68750000000001
59.693877551020414
59.70149253731343
59.73451327433629
59.756097560975604
59.817351598173516
59.817351598173516
59.84555984555985
59.893048128342244
59.895833333333336
60.0
60.0
60.0
60.0
60.0
60.0
60.0
60.0
60.09174311926605
60.256410256410255
60.26785714285714
60.30150753768844
60.317460317460316
60.37735849056604
60.4
60.553633217993074
60.55776892430279
60.56910569105691
60.588235294117645
60.64814814814815
60.67415730337079
60.691823899371066
60.71428571428571
60.73059360730594
60.75949367088608
60.820895522388064
60.824742268041234
61.03448275862069
61.044176706827315
61.1336032388664
61.16838487972509
61.18421052631579
61.18721461187214
61.199999999999996
61.206896551724135
61.25654450261781
61.261261261261254
61.261261261261254
61.27167630057804
61.29032258064516
61.29032258064516
61.29032258064516
61.33333333333333
61.354581673306775
61.37931034482759
61.42322097378277
61.43497757847533
61.46788990825688
61.53846153846154
61.58536585365854
61.61971830985915
61.6580310880829
61.6822429906542
61.68582375478927
61.711711711711715
61.71875
61.76470588235294
61.76470588235294
61.78861788617886
61.80257510729614
61.81818181818181
61.81818181818181
61.904761904761905
61.963190184049076
61.97183098591549
61.979166666666664
61.98347107438017
62.03208556149733
62.04379562043796
62.10526315789474
62.17391304347826
62.33183856502242
62.33183856502242
62.4031007751938
62.44897959183674
62.5
62.5
62.5
62.56410256410256
62.59842519685039
62.616822429906534
62.616822429906534
62.63157894736842
62.64591439688716
62.71929824561403
62.727272727272734
62.75303643724697
62.857142857142854
62.94642857142857
62.96296296296296
63.10679611650486
63.1578947368421
63.26530612244898
63.30275229357798
63.34661354581673
63.37448559670782
63.42412451361867
63.49206349206349
63.52459016393443
63.594470046082954
63.63636363636363
63.67521367521367
63.72093023255814
63.74999999999999
63.77952755905512
63.8095238095238
63.90041493775933
63.91304347826087
64.07185628742515
64.08163265306122
64.1711229946524
64.21404682274247
64.28571428571429
64.41441441441441
64.43298969072166
64.51612903225806
64.51612903225806
64.5320197044335
64.58333333333334
64.73029045643153
64.73684210526316
64.77732793522267
64.87603305785123
64.87603305785123
64.89795918367346
64.91228070175438
64.93506493506493
64.94845360824742
65.07936507936508
65.07936507936508
65.12820512820512
65.14522821576763
65.26946107784431
65.47085201793722
65.51724137931035
65.51724137931035
65.54621848739495
65.74074074074075
65.77777777777779
65.8119658119658
65.83333333333333
65.88235294117646
65.98360655737704
66.08187134502924
66.10169491525424
66.19718309859155
66.20689655172414
66.2420382165605
66.29834254143645
66.38297872340425
66.39004149377593
66.44518272425249
66.46341463414635
66.48936170212765
66.49214659685863
66.49484536082474
66.66666666666666
66.66666666666666
66.66666666666666
66.66666666666666
66.66666666666666
66.66666666666666
66.80161943319838
66.80327868852459
66.80851063829788
66.85714285714286
66.85714285714286
66.93548387096774
66.97674418604652
67.08074534161491
67.109634551495
67.1875
67.1957671957672
67.2
67.20647773279353
67.22689075630252
67.27272727272727
67.42857142857143
67.43119266055045
67.45762711864407
67.46987951807229
67.47572815533981
67.5
67.51054852320675
67.52767527675276
67.5531914893617
67.56756756756756
67.63636363636364
67.6923076923077
67.77777777777779
67.78242677824268
67.87330316742081
67.87564766839378
67.87878787878789
67.95774647887323
68.0
68.0
68.0161943319838
68.125
68.12749003984064
68.14159292035397
68.18181818181817
68.20083682008368
68.22742474916387
68.27309236947792
68.30357142857143
68.37209302325581
68.48484848484848
68.4873949579832
68.51851851851852
68.58407079646017
68.66359447004609
68.75
68.8
68.84422110552764
68.85245901639344
68.88888888888889
68.92430278884463
69.02356902356902
69.03225806451613
69.0376569037657
69.0909090909091
69.10994764397905
69.1304347826087
69.1358024691358
69.16666666666667
69.31818181818183
69.47368421052632
69.51219512195121
69.5187165775401
69.52789699570815
69.67213114754098
69.83471074380165
70.0
70.05347593582889
70.08547008547008
70.09803921568627
70.11494252873564
70.13574660633483
70.2127659574468
70.24793388429752
70.27027027027027
70.39106145251397
70.4035874439462
70.4035874439462
70.40816326530613
70.44334975369459
70.48458149779736
70.51282051282051
70.53140096618358
70.55555555555556
70.77625570776256
70.78189300411523
70.8
70.81545064377683
70.83333333333334
70.83333333333334
70.94339622641509
70.94594594594594
71.03448275862068
71.05263157894737
71.06382978723404
71.14093959731544
71.2
71.24183006535948
71.36363636363636
71.42857142857143
71.42857142857143
71.42857142857143
71.48288973384031
71.50259067357513
71.54150197628458
71.67381974248927
71.69811320754717
71.72131147540983
71.91489361702128
71.9298245614035
72.08333333333333
72.1030042918455
72.1311475409836
72.15189873417721
72.22222222222221
72.22222222222221
72.22222222222221
72.3076923076923
72.38493723849372
72.41379310344827
72.47191011235955
72.5
72.56637168141593
72.61904761904762
72.68907563025209
72.76995305164318
72.91666666666666
72.91666666666666
72.92817679558011
72.94117647058823
72.96137339055794
73.13432835820896
73.13432835820896
73.24561403508771
73.24561403508771
73.29545454545455
73.33333333333333
73.39055793991416
73.52941176470588
73.52941176470588
73.52941176470588
73.60406091370558
73.61111111111111
73.64016736401673
73.65853658536585
73.68421052631578
73.70689655172413
73.71428571428571
73.77049180327869
73.80952380952381
73.84615384615385
73.87755102040816
73.96694214876032
74.02597402597402
74.02597402597402
74.03314917127072
74.12280701754386
74.12280701754386
74.12587412587412
74.12935323383084
74.235807860262
74.235807860262
74.235807860262
74.24242424242425
74.2489270386266
74.26160337552743
74.26900584795322
74.28571428571429
74.32432432432432
74.32432432432432
74.4186046511628
74.50980392156863
74.54545454545455
74.57627118644068
74.6268656716418
74.66666666666667
74.70930232558139
74.79338842975206
74.8768472906404
74.90196078431373
74.91289198606272
75.0
75.08896797153025
75.0915750915751
75.1111111111111
75.14124293785311
75.21367521367522
75.2988047808765
75.33632286995515
75.36231884057972
75.37688442211056
75.42372881355932
75.43859649122807
75.49407114624506
75.6198347107438
75.63025210084034
75.67567567567568
75.77092511013215
75.78947368421053
75.84745762711864
75.87719298245614
75.87719298245614
75.87719298245614
75.87719298245614
75.92592592592592
75.93582887700535
75.9656652360515
76.15062761506276
76.19047619047619
76.19047619047619
76.24309392265194
76.31578947368422
76.31578947368422
76.33136094674556
76.35467980295566
76.36363636363637
76.41921397379913
76.50273224043715
76.57142857142857
76.59574468085107
76.66666666666667
76.68711656441718
76.75438596491229
76.88442211055276
76.88888888888889
76.92307692307693
76.92307692307693
76.92307692307693
77.05882352941177
77.09251101321586
77.09251101321586
77.10843373493977
77.31958762886599
77.32558139534885
77.33812949640287
77.34806629834254
77.36625514403292
77.38693467336684
77.43362831858407
77.43589743589745
77.57575757575758
77.57575757575758
77.57847533632287
77.57847533632287
77.59562841530054
77.6536312849162
77.67295597484278
77.71739130434783
77.72277227722772
77.72511848341233
77.73584905660378
77.77777777777779
77.87610619469027
77.89473684210526
77.95698924731182
77.97356828193833
78.05907172995781
78.06122448979592
78.08219178082192
78.125
78.125
78.13620071684588
78.31858407079646
78.35051546391753
78.39195979899498
78.44827586206897
78.48101265822784
78.49462365591397
78.51239669421489
78.57142857142857
78.77094972067039
78.8135593220339
78.82882882882883
78.85304659498208
78.94736842105263
78.94736842105263
79.00355871886121
79.01234567901234
79.11111111111111
79.14110429447852
79.16666666666666
79.18552036199095
79.18552036199095
79.18552036199095
79.19463087248322
79.37219730941703
79.44444444444444
79.48717948717949
79.49790794979079
79.51807228915662
79.54545454545455
79.63636363636364
79.67032967032966
79.71014492753623
79.76190476190477
79.76190476190477
79.76878612716763
79.89690721649485
79.90867579908677
79.91071428571429
79.91452991452992
80.0
80.0
80.09049773755656
80.09049773755656
80.18018018018019
80.18433179723502
80.28673835125448
80.3347280334728
80.34934497816593
80.35714285714286
80.35714285714286
80.36529680365297
80.45454545454545
80.45977011494253
80.51282051282051
80.54054054054053
80.57142857142857
80.66666666666666
80.68181818181817
80.71748878923766
80.72727272727272
80.8411214953271
80.88888888888889
80.95238095238095
80.99547511312217
81.02564102564102
81.05726872246696
81.0909090909091
81.11111111111111
81.14035087719299
81.14035087719299
81.15942028985508
81.16591928251121
81.21212121212122
81.22270742358079
81.27853881278538
81.34715025906736
81.437125748503
81.44329896907216
81.45454545454545
81.56424581005587
81.5668202764977
81.69642857142857
81.76100628930818
81.76470588235294
81.81818181818183
81.81818181818183
81.86528497409327
81.89300411522635
82.08092485549133
82.10526315789474
82.11009174311926
82.1917808219178
82.25108225108225
82.27272727272728
82.32558139534883
82.32758620689656
82.41758241758241
82.4468085106383
82.45614035087719
82.53275109170306
82.64462809917356
82.72727272727273
82.73809523809523
82.75862068965517
82.77511961722487
82.87671232876713
82.88288288288288
82.9090909090909
82.94117647058825
83.18181818181817
83.1896551724138
83.2089552238806
83.23353293413174
83.25581395348837
83.33333333333334
83.33333333333334
83.4319526627219
83.52941176470588
83.58974358974359
83.60655737704919
83.69565217391305
83.7037037037037
83.78378378378379
83.85093167701864
83.93782383419689
84.0
84.02366863905326
84.18079096045197
84.21052631578947
84.23913043478261
84.24908424908425
84.29319371727748
84.44444444444444
84.47488584474885
84.47488584474885
84.5679012345679
84.57142857142857
84.61538461538461
84.61538461538461
84.65116279069768
84.7926267281106
84.84848484848484
85.04672897196261
85.13513513513513
85.13513513513513
85.18518518518519
85.18518518518519
85.37549407114624
85.37735849056604
85.41666666666666
85.45454545454545
85.57213930348259
85.71428571428571
85.77235772357723
85.82089552238806
85.84474885844749
85.86956521739131
85.88957055214725
86.0
86.02150537634408
86.36363636363636
86.41975308641975
86.44859813084112
86.50306748466258
86.63101604278076
86.83274021352312
86.8995633187773
86.91983122362869
86.94029850746269
87.05357142857143
87.09677419354838
87.13450292397661
87.20930232558139
87.2340425531915
87.28323699421965
87.30964467005076
87.31343283582089
87.43961352657004
87.61467889908256
87.64044943820225
87.66233766233766
87.71929824561403
87.93103448275862
87.95180722891565
87.96296296296296
88.17204301075269
88.26530612244898
88.34080717488789
88.34080717488789
88.37209302325581
88.37209302325581
88.69047619047619
88.75
88.76404494382022
88.76404494382022
88.8
88.94009216589862
89.13043478260869
89.14027149321268
89.30232558139535
89.41798941798942
89.74358974358975
89.82035928143712
89.8989898989899
89.937106918239
89.95433789954338
90.14084507042254
90.21739130434783
90.23255813953487
90.38461538461539
90.40404040404042
90.42553191489363
90.5027932960894
90.60773480662984
90.64327485380117
90.7949790794979
90.9090909090909
91.14391143911439
91.30434782608695
91.34615384615384
91.3907284768212
91.41104294478528
91.4179104477612
91.58878504672897
91.61676646706587
91.62303664921467
91.82389937106919
91.94915254237289
92.0
92.06349206349206
92.07317073170732
92.13973799126637
92.14659685863874
92.16589861751152
92.2279792746114
92.27642276422763
92.3529411764706
92.3913043478261
92.40506329113924
92.48554913294798
92.5925925925926
92.5925925925926
92.62295081967213
92.66055045871559
92.7927927927928
92.81767955801105
92.95774647887323
92.98245614035088
93.01310043668121
93.07359307359307
93.33333333333333
93.5064935064935
93.64161849710982
93.67816091954023
94.01197604790418
94.05405405405406
94.11764705882352
94.1747572815534
94.24778761061947
94.35028248587571
94.39252336448598
94.41340782122904
94.51219512195121
94.51476793248945
94.76744186046511
94.77911646586345
94.83568075117371
94.95412844036697
95.0920245398773
95.1219512195122
95.16129032258065
95.16129032258065
95.16908212560386
95.19650655021834
95.19999999999999
95.42857142857143
95.48387096774194
95.78947368421052
95.80838323353294
95.81395348837209
95.83333333333334
95.850622406639
95.91836734693877
96.06986899563319
96.09375
96.24413145539906
96.36363636363636
96.53179190751445
96.5909090909091
96.72897196261682
96.81528662420382
96.8503937007874
96.8944099378882
96.98275862068965
97.0
97.04433497536947
97.07112970711297
97.1731448763251
97.27891156462584
97.2972972972973
97.33333333333334
97.3404255319149
97.36842105263158
97.38562091503267
97.54901960784314
97.62845849802372
97.71428571428571
98.0
98.01324503311258
98.0392156862745
98.04878048780488
98.18181818181819
98.29059829059828
98.73417721518987
98.87640449438202
98.98477157360406
99.35897435897436
99.45054945054946
99.5049504950495
99.50738916256158
99.57081545064378
100.0
100.0
100.0
100.0
100.0
100.50251256281406
100.54054054054053
100.8130081300813
101.00502512562815
101.15606936416187
101.21951219512195
101.27659574468085
101.49253731343283
101.49253731343283
101.5228426395939
101.63934426229508
101.67597765363128
102.0
102.3121387283237
102.35294117647058
102.44897959183675
102.48756218905473
103.01204819277108
103.01507537688441
103.04568527918782
103.04568527918782
103.08641975308642
103.09278350515463
103.14465408805032
103.44827586206897
103.55329949238579
103.57142857142858
103.6144578313253
103.72670807453417
103.75586854460094
103.76344086021506
103.86740331491713
103.86740331491713
103.93258426966293
104.06504065040652
104.09356725146199
104.34782608695652
104.44444444444446
104.52488687782807
104.59770114942528
104.73684210526315
104.8780487804878
104.89795918367346
104.95867768595042
105.02793296089385
105.12820512820514
105.33333333333333
105.44217687074831
105.55555555555556
105.59006211180125
105.61224489795917
105.64102564102565
105.88235294117648
106.11111111111111
106.28272251308901
106.73575129533678
106.75675675675676
106.80628272251309
106.81818181818181
107.17948717948718
107.2289156626506
107.36842105263158
107.5
107.5
107.5268817204301
107.65306122448979
107.7720207253886
107.83582089552239
107.95454545454545
107.97872340425532
108.16326530612245
108.24742268041237
108.37696335078535
108.51063829787233
108.75576036866359
108.78661087866108
108.80000000000001
108.91089108910892
108.9171974522293
109.00000000000001
109.03954802259888
109.1324200913242
109.24369747899159
109.34065934065933
109.375
109.47368421052633
109.6638655462185
109.69696969696969
109.72972972972971
109.7872340425532
109.82658959537572
109.85915492957747
109.94764397905759
110.00000000000001
110.00000000000001
110.17964071856288
110.54852320675106
110.63829787234043
110.67415730337078
110.83333333333334
110.8910891089109
111.11111111111111
111.17021276595744
111.5
111.51515151515153
111.55555555555556
111.8279569892473
112.04819277108433
112.38938053097345
112.41830065359477
112.63157894736841
112.78538812785388
112.9251700680272
112.97297297297297
113.02083333333333
113.08411214953271
113.0890052356021
113.1578947368421
113.24786324786325
113.47150259067358
113.51351351351352
113.58024691358024
113.75
113.77245508982037
113.8655462184874
113.90374331550801
113.91304347826087
114.34782608695653
114.5077720207254
114.51612903225808
114.67391304347827
115.05376344086022
115.08379888268156
115.35580524344569
115.5
115.625
116.31578947368422
116.39344262295081
116.45569620253164
116.4835164835165
116.49484536082475
116.55629139072848
116.580310880829
116.66666666666667
117.17171717171718
117.2093023255814
117.4863387978142
117.56756756756756
117.62114537444934
117.67955801104972
117.89473684210525
117.91907514450868
118.01801801801801
118.26086956521739
118.30985915492957
118.33333333333333
118.45238095238095
118.61702127659575
118.62745098039215
118.65284974093264
118.78172588832487
118.80341880341881
119.33333333333334
119.68085106382979
120.0
120.0
120.27027027027026
120.32967032967032
120.54054054054053
120.73170731707317
120.87912087912088
120.88353413654617
121.05263157894737
121.1111111111111
121.31147540983606
121.64948453608247
121.98952879581151
122.28260869565217
122.28915662650604
122.32142857142858
122.75449101796407
122.76785714285714
122.98850574712642
123.121387283237
123.25581395348837
123.34801762114537
123.52941176470588
123.75690607734806
124.15730337078652
124.15730337078652
124.19354838709677
124.29378531073448
124.36548223350255
124.43181818181819
124.59893048128343
124.84848484848486
124.86772486772486
125.0
125.0
125.21008403361344
125.26315789473684
125.33333333333334
125.54347826086956
125.96685082872926
126.36363636363637
126.40449438202248
126.53721682847896
126.54320987654322
126.57657657657657
126.59574468085107
126.60550458715596
126.69683257918551
126.98412698412697
127.17391304347827
127.18894009216591
127.27272727272727
127.68361581920904
127.74193548387096
127.89473684210526
127.96610169491525
128.24858757062148
128.28947368421052
128.3236994219653
128.44036697247708
128.75816993464053
128.97727272727272
129.03225806451613
129.26829268292684
129.2929292929293
129.3785310734463
129.3814432989691
129.72972972972974
129.89690721649484
130.0578034682081
130.21978021978023
130.2857142857143
130.6818181818182
130.69767441860463
131.08108108108107
131.42857142857142
132.1782178217822
132.25806451612902
132.51533742331287
132.71604938271605
133.16326530612247
133.71428571428572
133.90804597701148
133.91812865497076
133.93939393939394
134.14634146341464
134.7058823529412
134.85714285714286
135.1851851851852
135.2112676056338
135.34883720930233
135.48387096774192
136.26373626373626
136.4102564102564
136.51685393258427
136.53846153846155
136.72316384180792
136.73469387755102
136.93693693693695
137.30569948186528
137.4269005847953
137.6543209876543
138.03680981595093
138.0952380952381
138.33333333333334
138.37209302325581
139.1812865497076
139.5744680851064
140.19607843137254
141.05263157894737
141.2621359223301
141.57894736842104
142.4731182795699
142.94117647058823
142.94478527607362
143.63636363636363
144.6601941747573
144.77611940298507
145.08670520231215
145.09803921568627
145.23809523809524
145.65217391304347
145.77114427860695
147.2049689440994
148.24120603015075
148.24120603015075
148.34437086092714
148.35164835164835
148.36065573770492
148.38709677419354
148.95833333333331
148.99598393574297
149.06832298136646
150.25641025641025
150.81967213114754
150.98039215686273
152.4390243902439
152.5
152.76073619631902
152.76073619631902
153.2994923857868
153.46534653465346
153.52941176470588
154.04040404040404
154.14012738853503
154.72972972972974
155.0632911392405
156.84931506849315
157.40740740740742
158.33333333333331
158.33333333333331
158.8235294117647
159.6938775510204
160.20942408376965
162.36559139784944
162.4203821656051
162.85714285714286
163.06306306306305
163.47826086956522
164.0
164.6153846153846
165.54054054054055
165.7718120805369
165.78947368421052
166.34615384615387
167.0212765957447
168.91891891891893
169.17808219178085
169.5121951219512
172.07792207792207
172.77777777777777
172.9281767955801
174.85380116959064
175.69444444444443
177.4390243902439
177.77777777777777
179.20792079207922
179.6116504854369
181.46067415730337
182.183908045977
184.15841584158417
184.18079096045196
187.09677419354838
187.73006134969324
187.87878787878788
188.48484848484847
190.9090909090909
191.27906976744185
193.39622641509433
194.09594095940957
197.05882352941177
200.0
200.9259259259259
204.34782608695653
204.38596491228068
204.62962962962962
204.73372781065086
204.93827160493828
204.99999999999997
205.17241379310346
207.44680851063828
209.9585062240664
213.1868131868132
215.64245810055866
216.07142857142856
225.27472527472528
229.13385826771653
229.52380952380952
231.99999999999997
233.33333333333334
236.48648648648648
238.33333333333334
239.31623931623932
241.1111111111111
250.0
260.6382978723404
275.0
277.66990291262135
280.90909090909093
285.3211009174312
287.73584905660374
292.85714285714283
314.2857142857143
315.625
316.0
332.97872340425533
334.40860215053766
345.0
346.8085106382979
351.3274336283186
363.04347826086956
372.09302325581393
376.1904761904762
422.4489795918367
432.9787234042553
463.4615384615385
