Unique ID: baf087e4-afd3-45ce-bf70-2d65ec6c8ccf,
Billed Duration for Request baf087e4-afd3-45ce-bf70-2d65ec6c8ccf: 109 ms
Cold Start: false
Unique ID: bf372c46-5850-4e29-9859-df05370893fe,
Billed Duration for Request bf372c46-5850-4e29-9859-df05370893fe: 116 ms
Cold Start: false
Unique ID: c8d5b359-48cf-4e7e-8706-c64b86857b87,
Billed Duration for Request c8d5b359-48cf-4e7e-8706-c64b86857b87: 116 ms
Cold Start: false
Unique ID: a9e107cd-3b48-4d02-a87d-6e9bf02d8733,
Billed Duration for Request a9e107cd-3b48-4d02-a87d-6e9bf02d8733: 128 ms
Cold Start: false
Unique ID: a63787c1-788d-4487-a788-fa8004cef067,
Billed Duration for Request a63787c1-788d-4487-a788-fa8004cef067: 101 ms
Cold Start: false
Unique ID: 7ebb25ed-5382-4a4f-8f12-c6bb5b77b5b6,
Billed Duration for Request 7ebb25ed-5382-4a4f-8f12-c6bb5b77b5b6: 88 ms
Cold Start: false
Unique ID: e9a8e3ee-b62b-4237-b629-146dc83e1a2c,
Billed Duration for Request e9a8e3ee-b62b-4237-b629-146dc83e1a2c: 161 ms
Cold Start: false
Unique ID: e7a2b418-49ed-40d2-bcba-047adc93c443,
Billed Duration for Request e7a2b418-49ed-40d2-bcba-047adc93c443: 144 ms
Cold Start: false
Unique ID: 9d98115f-f8a1-4706-963d-2fadb2b97af2,
Billed Duration for Request 9d98115f-f8a1-4706-963d-2fadb2b97af2: 104 ms
Cold Start: false
Unique ID: 6fd2f203-29e8-4456-a228-20e5e943b998,
Billed Duration for Request 6fd2f203-29e8-4456-a228-20e5e943b998: 117 ms
Cold Start: false
Unique ID: 6cc6ba48-5337-4d5f-a70c-13e69e0a1204,
Billed Duration for Request 6cc6ba48-5337-4d5f-a70c-13e69e0a1204: 128 ms
Cold Start: false
Unique ID: 99f8aeec-73c9-4322-9938-528150e9b4db,
Billed Duration for Request 99f8aeec-73c9-4322-9938-528150e9b4db: 164 ms
Cold Start: false
Unique ID: adfa48f8-1d52-4614-a640-6129b6d3dc8b,
Billed Duration for Request adfa48f8-1d52-4614-a640-6129b6d3dc8b: 98 ms
Cold Start: false
Unique ID: fc928ed8-0974-4ac0-ac51-4533a1cc5980,
Billed Duration for Request fc928ed8-0974-4ac0-ac51-4533a1cc5980: 97 ms
Cold Start: false
Unique ID: 5f954223-3f2b-4920-ad16-995655225b23,
Billed Duration for Request 5f954223-3f2b-4920-ad16-995655225b23: 151 ms
Cold Start: false
Unique ID: ec871141-55fe-4a71-9869-3cb0a2efc2bb,
Billed Duration for Request ec871141-55fe-4a71-9869-3cb0a2efc2bb: 163 ms
Cold Start: false
Unique ID: d31f8ddf-80ad-4ac7-8d4d-f58335d56836,
Billed Duration for Request d31f8ddf-80ad-4ac7-8d4d-f58335d56836: 94 ms
Cold Start: false
Unique ID: c9585f0d-15a4-4a18-93af-d4250c8f0866,
Billed Duration for Request c9585f0d-15a4-4a18-93af-d4250c8f0866: 102 ms
Cold Start: false
Unique ID: 4ccdfad5-e220-4bb8-a1d5-32fd8d4ba5e0,
Billed Duration for Request 4ccdfad5-e220-4bb8-a1d5-32fd8d4ba5e0: 131 ms
Cold Start: false
Unique ID: 2c01aeb3-f7b8-46fa-a0a3-6f22608f1f79,
Billed Duration for Request 2c01aeb3-f7b8-46fa-a0a3-6f22608f1f79: 160 ms
Cold Start: false
Unique ID: ffe9f908-bef8-4344-89dc-4a7bfb52ee85,
Billed Duration for Request ffe9f908-bef8-4344-89dc-4a7bfb52ee85: 89 ms
Cold Start: false
Unique ID: 0834678f-b993-4e83-976b-a0cc7aebba34,
Billed Duration for Request 0834678f-b993-4e83-976b-a0cc7aebba34: 140 ms
Cold Start: false
Unique ID: 2dab39a3-8195-43d9-8117-5ff414ed4d4f,
Billed Duration for Request 2dab39a3-8195-43d9-8117-5ff414ed4d4f: 138 ms
Cold Start: false
Unique ID: 013a5a06-986b-42e7-8478-0f6ae00e6a3b,
Billed Duration for Request 013a5a06-986b-42e7-8478-0f6ae00e6a3b: 93 ms
Cold Start: false
Unique ID: e394abc9-af7e-4ce1-b32a-add4c7ee595e,
Billed Duration for Request e394abc9-af7e-4ce1-b32a-add4c7ee595e: 82 ms
Cold Start: false
Unique ID: 4002aabe-acc9-4894-b142-0abcc32f0bf7,
Billed Duration for Request 4002aabe-acc9-4894-b142-0abcc32f0bf7: 137 ms
Cold Start: false
Unique ID: fa9c212c-40f3-45a0-b1b4-aa929c8270b4,
Billed Duration for Request fa9c212c-40f3-45a0-b1b4-aa929c8270b4: 139 ms
Cold Start: false
Unique ID: f98c8a3e-23fc-403d-9a63-41048a6d9400,
Billed Duration for Request f98c8a3e-23fc-403d-9a63-41048a6d9400: 130 ms
Cold Start: false
Unique ID: 00a76867-261f-4bf5-87bd-f74ad7855c2a,
Billed Duration for Request 00a76867-261f-4bf5-87bd-f74ad7855c2a: 99 ms
Cold Start: false
Unique ID: 8f80c789-c088-40f5-b64c-5a6358bbfdae,
Billed Duration for Request 8f80c789-c088-40f5-b64c-5a6358bbfdae: 115 ms
Cold Start: false
Unique ID: 38c68415-d4d9-4f02-b072-04112bdda3af,
Billed Duration for Request 38c68415-d4d9-4f02-b072-04112bdda3af: 143 ms
Cold Start: false
Unique ID: 6a26d0d7-f55f-4745-86d3-9e34b4d228b1,
Billed Duration for Request 6a26d0d7-f55f-4745-86d3-9e34b4d228b1: 162 ms
Cold Start: false
Unique ID: 7427591e-e445-4369-b5e4-39735617793f,
Billed Duration for Request 7427591e-e445-4369-b5e4-39735617793f: 121 ms
Cold Start: false
Unique ID: 3bad6e89-4a1b-45b4-88ac-77dbdf2ad013,
Billed Duration for Request 3bad6e89-4a1b-45b4-88ac-77dbdf2ad013: 78 ms
Cold Start: false
Unique ID: f27a6b5a-f11d-4602-8b58-6adf2e5512cd,
Billed Duration for Request f27a6b5a-f11d-4602-8b58-6adf2e5512cd: 128 ms
Cold Start: false
Unique ID: a94657d6-c85a-4167-a069-a7ebe1621a15,
Billed Duration for Request a94657d6-c85a-4167-a069-a7ebe1621a15: 142 ms
Cold Start: false
Unique ID: 966fcc49-dad6-4367-9043-1845c92c1f7e,
Billed Duration for Request 966fcc49-dad6-4367-9043-1845c92c1f7e: 74 ms
Cold Start: false
Unique ID: f9c63499-2bd9-4be3-a5e8-a940e9ac438c,
Billed Duration for Request f9c63499-2bd9-4be3-a5e8-a940e9ac438c: 135 ms
Cold Start: false
Unique ID: 4a8426f6-3028-474b-89c8-9b18e566f772,
Billed Duration for Request 4a8426f6-3028-474b-89c8-9b18e566f772: 112 ms
Cold Start: false
Unique ID: ce6f868b-1fda-4d64-abc8-b9c88d5cdc68,
Billed Duration for Request ce6f868b-1fda-4d64-abc8-b9c88d5cdc68: 149 ms
Cold Start: false
Unique ID: aa7ba96d-3046-4c18-a856-3a0b104af997,
Billed Duration for Request aa7ba96d-3046-4c18-a856-3a0b104af997: 110 ms
Cold Start: false
Unique ID: 26fbf9c2-ba57-462e-bdde-0507f1fbdcd8,
Billed Duration for Request 26fbf9c2-ba57-462e-bdde-0507f1fbdcd8: 88 ms
Cold Start: false
Unique ID: c0555cf8-c0bc-4bc7-be48-f83be7b01785,
Billed Duration for Request c0555cf8-c0bc-4bc7-be48-f83be7b01785: 108 ms
Cold Start: false
Unique ID: 8296303c-8af7-477f-8ecd-6a1dd491d7cb,
Billed Duration for Request 8296303c-8af7-477f-8ecd-6a1dd491d7cb: 140 ms
Cold Start: false
Unique ID: b4e96001-51e7-41b8-ba3d-bc673a7e92a8,
Billed Duration for Request b4e96001-51e7-41b8-ba3d-bc673a7e92a8: 137 ms
Cold Start: false
Unique ID: d5c34874-eebd-446f-a485-4125b7b51fe9,
Billed Duration for Request d5c34874-eebd-446f-a485-4125b7b51fe9: 109 ms
Cold Start: false
Unique ID: 67d8ae3b-3217-4360-9645-c72d762f0a7a,
Billed Duration for Request 67d8ae3b-3217-4360-9645-c72d762f0a7a: 144 ms
Cold Start: false
Unique ID: 3754c03e-f93d-44e6-a839-c1ef29332b2a,
Billed Duration for Request 3754c03e-f93d-44e6-a839-c1ef29332b2a: 163 ms
Cold Start: false
Unique ID: 555867b0-82e0-47c4-bd97-7d57901ecd6a,
Billed Duration for Request 555867b0-82e0-47c4-bd97-7d57901ecd6a: 116 ms
Cold Start: false
Unique ID: 0b185ad1-a369-472b-947f-b64c02274aca,
Billed Duration for Request 0b185ad1-a369-472b-947f-b64c02274aca: 136 ms
Cold Start: false
Unique ID: 4133cf0a-53cb-43ee-b6a5-2f723a7f42bf,
Billed Duration for Request 4133cf0a-53cb-43ee-b6a5-2f723a7f42bf: 92 ms
Cold Start: false
Unique ID: 0693db6a-a2f2-4684-af96-61750b1b86e9,
Billed Duration for Request 0693db6a-a2f2-4684-af96-61750b1b86e9: 125 ms
Cold Start: false
Unique ID: aabbc460-971b-44cc-89e7-48794c689284,
Billed Duration for Request aabbc460-971b-44cc-89e7-48794c689284: 111 ms
Cold Start: false
Unique ID: 273be360-a236-48eb-aed6-dfbf5d76a63a,
Billed Duration for Request 273be360-a236-48eb-aed6-dfbf5d76a63a: 162 ms
Cold Start: false
Unique ID: 06083f97-186d-45d4-942d-775369b16d7e,
Billed Duration for Request 06083f97-186d-45d4-942d-775369b16d7e: 93 ms
Cold Start: false
Unique ID: 76e393f7-01ec-4a3e-91bc-45c375ef5871,
Billed Duration for Request 76e393f7-01ec-4a3e-91bc-45c375ef5871: 102 ms
Cold Start: false
Unique ID: 108697df-879f-4899-96f6-c122571d8452,
Billed Duration for Request 108697df-879f-4899-96f6-c122571d8452: 124 ms
Cold Start: false
Unique ID: 11fe2a33-5db7-44c1-af4a-5df995edfd77,
Billed Duration for Request 11fe2a33-5db7-44c1-af4a-5df995edfd77: 107 ms
Cold Start: false
Unique ID: 4dd9839d-8ebd-4dc3-a687-58362083a12a,
Billed Duration for Request 4dd9839d-8ebd-4dc3-a687-58362083a12a: 77 ms
Cold Start: false
Unique ID: a46e8b5b-47d6-4227-a41d-91d24b944aea,
Billed Duration for Request a46e8b5b-47d6-4227-a41d-91d24b944aea: 158 ms
Cold Start: false
Unique ID: 0064e14a-7896-4737-9130-5be26bef96d8,
Billed Duration for Request 0064e14a-7896-4737-9130-5be26bef96d8: 140 ms
Cold Start: false
Unique ID: 18aef575-0a4c-46b7-bacd-0f2da75e9c4a,
Billed Duration for Request 18aef575-0a4c-46b7-bacd-0f2da75e9c4a: 114 ms
Cold Start: false
Unique ID: e272caf6-3c20-414b-95d9-f319bb3b213d,
Billed Duration for Request e272caf6-3c20-414b-95d9-f319bb3b213d: 154 ms
Cold Start: false
Unique ID: 8aba95c7-0969-4e66-8586-3357982506d0,
Billed Duration for Request 8aba95c7-0969-4e66-8586-3357982506d0: 151 ms
Cold Start: false
Unique ID: 9efeaacb-eb75-4819-b293-453ec1c4f014,
Billed Duration for Request 9efeaacb-eb75-4819-b293-453ec1c4f014: 106 ms
Cold Start: false
Unique ID: 1af4c0ac-a364-4ab6-a7ab-29c3f3913021,
Billed Duration for Request 1af4c0ac-a364-4ab6-a7ab-29c3f3913021: 98 ms
Cold Start: false
Unique ID: 1f85dd33-2866-4957-b50d-d99532166095,
Billed Duration for Request 1f85dd33-2866-4957-b50d-d99532166095: 105 ms
Cold Start: false
Unique ID: 5ac95e7b-8e24-4d5c-8af2-33a4248bbbe1,
Billed Duration for Request 5ac95e7b-8e24-4d5c-8af2-33a4248bbbe1: 144 ms
Cold Start: false
Unique ID: e83fef61-5ddd-406f-adb1-f58e94c50f63,
Billed Duration for Request e83fef61-5ddd-406f-adb1-f58e94c50f63: 111 ms
Cold Start: false
Unique ID: 98f7c27e-6407-4881-818b-b45bd16d6c9e,
Billed Duration for Request 98f7c27e-6407-4881-818b-b45bd16d6c9e: 149 ms
Cold Start: false
Unique ID: 85b1d368-f750-481d-a6ef-fab613984900,
Billed Duration for Request 85b1d368-f750-481d-a6ef-fab613984900: 92 ms
Cold Start: false
Unique ID: 8baa9311-9e48-4755-bfd1-42a8ab8421e8,
Billed Duration for Request 8baa9311-9e48-4755-bfd1-42a8ab8421e8: 119 ms
Cold Start: false
Unique ID: 85deb928-00ee-46a5-83a0-1342bad2c498,
Billed Duration for Request 85deb928-00ee-46a5-83a0-1342bad2c498: 121 ms
Cold Start: false
Unique ID: 49273406-593b-41b9-b983-e364f745b9e3,
Billed Duration for Request 49273406-593b-41b9-b983-e364f745b9e3: 98 ms
Cold Start: false
Unique ID: 7614c526-43cd-4401-8c58-a9a5b7de9673,
Billed Duration for Request 7614c526-43cd-4401-8c58-a9a5b7de9673: 127 ms
Cold Start: false
Unique ID: 014ef62d-ef1e-4f36-80bc-95a82e944703,
Billed Duration for Request 014ef62d-ef1e-4f36-80bc-95a82e944703: 170 ms
Cold Start: false
Unique ID: 44caa1e0-0eac-4e27-804a-d58184f89c9e,
Billed Duration for Request 44caa1e0-0eac-4e27-804a-d58184f89c9e: 131 ms
Cold Start: false
Unique ID: 829692f9-80b1-4607-9338-55142e2aacb8,
Billed Duration for Request 829692f9-80b1-4607-9338-55142e2aacb8: 85 ms
Cold Start: false
Unique ID: ce61ad48-0172-4282-a5b6-74f72a0db9f2,
Billed Duration for Request ce61ad48-0172-4282-a5b6-74f72a0db9f2: 128 ms
Cold Start: false
Unique ID: c7956114-387f-4dff-a3e0-6e2a5bf212a6,
Billed Duration for Request c7956114-387f-4dff-a3e0-6e2a5bf212a6: 102 ms
Cold Start: false
Unique ID: ff0bcadf-3f49-4099-b203-91c674c58f97,
Billed Duration for Request ff0bcadf-3f49-4099-b203-91c674c58f97: 87 ms
Cold Start: false
Unique ID: 34a5eed6-d7a0-4f48-8bc6-928c3544a2fb,
Billed Duration for Request 34a5eed6-d7a0-4f48-8bc6-928c3544a2fb: 161 ms
Cold Start: false
Unique ID: 129265a3-6eb0-44fa-9422-e91a9cc3eb91,
Billed Duration for Request 129265a3-6eb0-44fa-9422-e91a9cc3eb91: 123 ms
Cold Start: false
Unique ID: 2ef03cf4-265a-4376-a105-6890c083ba8c,
Billed Duration for Request 2ef03cf4-265a-4376-a105-6890c083ba8c: 123 ms
Cold Start: false
Unique ID: d96e17ab-3698-404a-a34b-b4a95e3da86f,
Billed Duration for Request d96e17ab-3698-404a-a34b-b4a95e3da86f: 128 ms
Cold Start: false
Unique ID: a2f1c835-eb62-4b35-b327-567320ec03bc,
Billed Duration for Request a2f1c835-eb62-4b35-b327-567320ec03bc: 127 ms
Cold Start: false
Unique ID: 0c7b8664-9438-4989-ba0a-af165e1597b1,
Billed Duration for Request 0c7b8664-9438-4989-ba0a-af165e1597b1: 98 ms
Cold Start: false
Unique ID: 9edc481f-f5d6-4e77-9d33-089ba0265ba0,
Billed Duration for Request 9edc481f-f5d6-4e77-9d33-089ba0265ba0: 174 ms
Cold Start: false
Unique ID: 7f326e8a-11dd-4609-a814-135bf9905255,
Billed Duration for Request 7f326e8a-11dd-4609-a814-135bf9905255: 99 ms
Cold Start: false
Unique ID: 381cdbc0-8b2f-416f-8349-940b9a3ea297,
Billed Duration for Request 381cdbc0-8b2f-416f-8349-940b9a3ea297: 114 ms
Cold Start: false
Unique ID: 613f332d-8f3b-4314-b891-3451ec7dabb7,
Billed Duration for Request 613f332d-8f3b-4314-b891-3451ec7dabb7: 132 ms
Cold Start: false
Unique ID: 0564c79d-03dc-4ffd-9f57-9c0cbe5d7a30,
Billed Duration for Request 0564c79d-03dc-4ffd-9f57-9c0cbe5d7a30: 155 ms
Cold Start: false
Unique ID: 8143d0d4-e50d-4716-a806-c129ad5e4479,
Billed Duration for Request 8143d0d4-e50d-4716-a806-c129ad5e4479: 116 ms
Cold Start: false
Unique ID: 077a74cb-f46f-49b1-ac1d-30c3eb5a26f5,
Billed Duration for Request 077a74cb-f46f-49b1-ac1d-30c3eb5a26f5: 92 ms
Cold Start: false
Unique ID: 772a617e-f8fe-42d7-9463-a38cc6f0bdd0,
Billed Duration for Request 772a617e-f8fe-42d7-9463-a38cc6f0bdd0: 87 ms
Cold Start: false
Unique ID: 194dc9c4-2d91-4311-8935-88c77e613983,
Billed Duration for Request 194dc9c4-2d91-4311-8935-88c77e613983: 155 ms
Cold Start: false
Unique ID: aa3e7aa2-9f84-41e2-ba88-105001aef4ef,
Billed Duration for Request aa3e7aa2-9f84-41e2-ba88-105001aef4ef: 77 ms
Cold Start: false
Unique ID: ea07f8d2-d0b7-4309-8aa4-e11e8c61e4bd,
Billed Duration for Request ea07f8d2-d0b7-4309-8aa4-e11e8c61e4bd: 177 ms
Cold Start: false
Unique ID: 5d95e15b-fc9d-4755-86b7-7925fdbcd6c6,
Billed Duration for Request 5d95e15b-fc9d-4755-86b7-7925fdbcd6c6: 151 ms
Cold Start: false
Unique ID: 90335fbe-3f3a-46f0-8521-87ef9ee113c4,
Billed Duration for Request 90335fbe-3f3a-46f0-8521-87ef9ee113c4: 86 ms
Cold Start: false
Unique ID: 04ef5972-44b3-4bbe-98ec-4dc5e56c5d09,
Billed Duration for Request 04ef5972-44b3-4bbe-98ec-4dc5e56c5d09: 106 ms
Cold Start: false
Unique ID: fb8909a6-f1af-417f-9e38-2f501a6aa50d,
Billed Duration for Request fb8909a6-f1af-417f-9e38-2f501a6aa50d: 124 ms
Cold Start: false
Unique ID: 2c412aed-d9e5-422f-a65a-084382e5f55c,
Billed Duration for Request 2c412aed-d9e5-422f-a65a-084382e5f55c: 105 ms
Cold Start: false
Unique ID: 3d370611-7b53-4dec-8728-e6f3850a7e92,
Billed Duration for Request 3d370611-7b53-4dec-8728-e6f3850a7e92: 152 ms
Cold Start: false
Unique ID: 05274eff-2d0f-4bdb-8cb8-716623a78845,
Billed Duration for Request 05274eff-2d0f-4bdb-8cb8-716623a78845: 92 ms
Cold Start: false
Unique ID: 74ca5e6f-f005-44f1-8b31-6a95208e3eba,
Billed Duration for Request 74ca5e6f-f005-44f1-8b31-6a95208e3eba: 129 ms
Cold Start: false
Unique ID: 23bdbc81-70c5-4065-b3ea-21a5c79b4175,
Billed Duration for Request 23bdbc81-70c5-4065-b3ea-21a5c79b4175: 110 ms
Cold Start: false
Unique ID: ee4327bd-ebaf-4780-8cfb-1f65bfc804cc,
Billed Duration for Request ee4327bd-ebaf-4780-8cfb-1f65bfc804cc: 92 ms
Cold Start: false
Unique ID: 77cae9fa-4b1c-4b6b-92cc-5ba8df1f6b92,
Billed Duration for Request 77cae9fa-4b1c-4b6b-92cc-5ba8df1f6b92: 125 ms
Cold Start: false
Unique ID: 0510f43e-f226-4c68-aa60-0b12cdcaf4b2,
Billed Duration for Request 0510f43e-f226-4c68-aa60-0b12cdcaf4b2: 121 ms
Cold Start: false
Unique ID: 738ba823-7523-48ec-b75c-92cb0092c8ec,
Billed Duration for Request 738ba823-7523-48ec-b75c-92cb0092c8ec: 120 ms
Cold Start: false
Unique ID: f4d3f1cf-9dc2-4b75-871c-721de373a80c,
Billed Duration for Request f4d3f1cf-9dc2-4b75-871c-721de373a80c: 107 ms
Cold Start: false
Unique ID: b82b10b9-844e-4eb4-8d30-1a9147e3c142,
Billed Duration for Request b82b10b9-844e-4eb4-8d30-1a9147e3c142: 140 ms
Cold Start: false
Unique ID: 1ffa241a-443c-41f1-a9f0-229c20477994,
Billed Duration for Request 1ffa241a-443c-41f1-a9f0-229c20477994: 97 ms
Cold Start: false
Unique ID: dc2127ee-823a-41bf-8456-7f9b5cd163ad,
Billed Duration for Request dc2127ee-823a-41bf-8456-7f9b5cd163ad: 166 ms
Cold Start: false
Unique ID: 8037f383-de8b-427a-8b99-f8b6615196f9,
Billed Duration for Request 8037f383-de8b-427a-8b99-f8b6615196f9: 140 ms
Cold Start: false
Unique ID: bf69f42f-aa96-4c1d-8186-89ad020a39eb,
Billed Duration for Request bf69f42f-aa96-4c1d-8186-89ad020a39eb: 118 ms
Cold Start: false
Unique ID: 47806ac2-d8de-41a9-955f-cc5467f1a433,
Billed Duration for Request 47806ac2-d8de-41a9-955f-cc5467f1a433: 70 ms
Cold Start: false
Unique ID: 33556cec-8c20-4748-b70b-1daa6159d57d,
Billed Duration for Request 33556cec-8c20-4748-b70b-1daa6159d57d: 166 ms
Cold Start: false
Unique ID: 3f1cf9ab-caa3-465b-baae-9bc98a743bb9,
Billed Duration for Request 3f1cf9ab-caa3-465b-baae-9bc98a743bb9: 100 ms
Cold Start: false
Unique ID: 43fd09a1-2ded-4fa0-ba2d-2f4e4ab23385,
Billed Duration for Request 43fd09a1-2ded-4fa0-ba2d-2f4e4ab23385: 114 ms
Cold Start: false
Unique ID: aafe1721-e4d7-47e3-9613-2e00e3ea1882,
Billed Duration for Request aafe1721-e4d7-47e3-9613-2e00e3ea1882: 136 ms
Cold Start: false
Unique ID: b14d3048-df8f-4a25-843c-26e5b473b268,
Billed Duration for Request b14d3048-df8f-4a25-843c-26e5b473b268: 163 ms
Cold Start: false
Unique ID: f8a73032-24a4-42b7-9cda-cdc37de324aa,
Billed Duration for Request f8a73032-24a4-42b7-9cda-cdc37de324aa: 119 ms
Cold Start: false
Unique ID: 65ade410-9a58-4b55-a16c-6981519ced9c,
Billed Duration for Request 65ade410-9a58-4b55-a16c-6981519ced9c: 107 ms
Cold Start: false
Unique ID: 288d1cf2-bb81-4721-9787-35362000dd89,
Billed Duration for Request 288d1cf2-bb81-4721-9787-35362000dd89: 111 ms
Cold Start: false
Unique ID: 6ef94330-e930-41fd-af0c-1d70ae31ba65,
Billed Duration for Request 6ef94330-e930-41fd-af0c-1d70ae31ba65: 124 ms
Cold Start: false
Unique ID: 7f87fe33-82c6-4c23-8b5c-9558ebd4ca34,
Billed Duration for Request 7f87fe33-82c6-4c23-8b5c-9558ebd4ca34: 108 ms
Cold Start: false
Unique ID: 6af4cadc-0090-4782-86cb-ba0547730eaa,
Billed Duration for Request 6af4cadc-0090-4782-86cb-ba0547730eaa: 135 ms
Cold Start: false
Unique ID: c1dc62e7-d471-4018-9537-ac90ded07a8d,
Billed Duration for Request c1dc62e7-d471-4018-9537-ac90ded07a8d: 94 ms
Cold Start: false
Unique ID: 3bf4727a-6379-4340-824b-d4f46cf1992b,
Billed Duration for Request 3bf4727a-6379-4340-824b-d4f46cf1992b: 81 ms
Cold Start: false
Unique ID: 60594343-6361-4202-b0d2-a0983f5f5a55,
Billed Duration for Request 60594343-6361-4202-b0d2-a0983f5f5a55: 154 ms
Cold Start: false
Unique ID: 1fe83239-70e6-4ce7-9996-451b45c7f366,
Billed Duration for Request 1fe83239-70e6-4ce7-9996-451b45c7f366: 87 ms
Cold Start: false
Unique ID: d82f91a7-88e2-4d7d-89c5-9d2d17b16ec5,
Billed Duration for Request d82f91a7-88e2-4d7d-89c5-9d2d17b16ec5: 146 ms
Cold Start: false
Unique ID: 7a570e46-8bf1-4cf8-a3f5-d7230b614d45,
Billed Duration for Request 7a570e46-8bf1-4cf8-a3f5-d7230b614d45: 107 ms
Cold Start: false
Unique ID: 7bfe3427-1882-4ac4-9713-197e4212ea2a,
Billed Duration for Request 7bfe3427-1882-4ac4-9713-197e4212ea2a: 161 ms
Cold Start: false
Unique ID: 27ecb71d-5124-4d6f-9593-46cb6cef806b,
Billed Duration for Request 27ecb71d-5124-4d6f-9593-46cb6cef806b: 86 ms
Cold Start: false
Unique ID: 32959445-88cf-4136-a62c-a851a44342b3,
Billed Duration for Request 32959445-88cf-4136-a62c-a851a44342b3: 139 ms
Cold Start: false
Unique ID: 3e919d9f-125d-4487-96c8-a73f7664dee2,
Billed Duration for Request 3e919d9f-125d-4487-96c8-a73f7664dee2: 131 ms
Cold Start: false
Unique ID: 09bc0585-8638-4e6a-a05f-cf411294abf8,
Billed Duration for Request 09bc0585-8638-4e6a-a05f-cf411294abf8: 155 ms
Cold Start: false
Unique ID: 5cfd0742-ad21-44fd-974e-5d5256894920,
Billed Duration for Request 5cfd0742-ad21-44fd-974e-5d5256894920: 107 ms
Cold Start: false
Unique ID: 78838814-afb7-4222-a7c6-27b8e30bf7e9,
Billed Duration for Request 78838814-afb7-4222-a7c6-27b8e30bf7e9: 97 ms
Cold Start: false
Unique ID: a69c3d57-4c8e-44ea-b1a4-ffa03ff6c8c0,
Billed Duration for Request a69c3d57-4c8e-44ea-b1a4-ffa03ff6c8c0: 155 ms
Cold Start: false
Unique ID: 6dfbc4c9-0c64-4263-9444-ed28aff0aff6,
Billed Duration for Request 6dfbc4c9-0c64-4263-9444-ed28aff0aff6: 128 ms
Cold Start: false
Unique ID: a357a5a2-b5d6-41bb-9f25-2602cc72fe33,
Billed Duration for Request a357a5a2-b5d6-41bb-9f25-2602cc72fe33: 104 ms
Cold Start: false
Unique ID: 2a829e65-ae79-4e7c-b543-9b8d81a0a322,
Billed Duration for Request 2a829e65-ae79-4e7c-b543-9b8d81a0a322: 122 ms
Cold Start: false
Unique ID: 9ad01d2c-9fa5-4273-81ef-6d530a33b9a4,
Billed Duration for Request 9ad01d2c-9fa5-4273-81ef-6d530a33b9a4: 97 ms
Cold Start: false
Unique ID: 08a59082-d9de-458e-a088-1d8968c97d25,
Billed Duration for Request 08a59082-d9de-458e-a088-1d8968c97d25: 111 ms
Cold Start: false
Unique ID: 6ce4a74e-5b69-4ac6-99e0-d144391ce935,
Billed Duration for Request 6ce4a74e-5b69-4ac6-99e0-d144391ce935: 105 ms
Cold Start: false
Unique ID: 5fd7d1b3-7171-4fa5-aeb8-606887a96ae8,
Billed Duration for Request 5fd7d1b3-7171-4fa5-aeb8-606887a96ae8: 161 ms
Cold Start: false
Unique ID: 1257849b-13d2-4594-abfc-6314bb80f525,
Billed Duration for Request 1257849b-13d2-4594-abfc-6314bb80f525: 85 ms
Cold Start: false
Unique ID: 5e3698b5-50f2-4da7-bf28-77d6543deb06,
Billed Duration for Request 5e3698b5-50f2-4da7-bf28-77d6543deb06: 92 ms
Cold Start: false
Unique ID: b7187c1a-a210-40d3-85af-8324ac0cfcfc,
Billed Duration for Request b7187c1a-a210-40d3-85af-8324ac0cfcfc: 123 ms
Cold Start: false
Unique ID: 8be08235-5260-4713-9d4d-ff4e4f7115fc,
Billed Duration for Request 8be08235-5260-4713-9d4d-ff4e4f7115fc: 122 ms
Cold Start: false
Unique ID: 678804bd-bdad-4538-bfe3-c309050b0475,
Billed Duration for Request 678804bd-bdad-4538-bfe3-c309050b0475: 129 ms
Cold Start: false
Unique ID: c819c824-a49b-4d1a-84e4-548a9be12a32,
Billed Duration for Request c819c824-a49b-4d1a-84e4-548a9be12a32: 137 ms
Cold Start: false
Unique ID: 52ba0694-60a8-4c1d-8b52-8a771b96f267,
Billed Duration for Request 52ba0694-60a8-4c1d-8b52-8a771b96f267: 104 ms
Cold Start: false
Unique ID: b9a0711b-065f-46c9-b759-87983c0f9e31,
Billed Duration for Request b9a0711b-065f-46c9-b759-87983c0f9e31: 85 ms
Cold Start: false
Unique ID: e46fa58f-349f-4454-ab0e-b1fa5448ce2a,
Billed Duration for Request e46fa58f-349f-4454-ab0e-b1fa5448ce2a: 103 ms
Cold Start: false
Unique ID: d53990ad-d127-44cc-aa43-5c44b22f649b,
Billed Duration for Request d53990ad-d127-44cc-aa43-5c44b22f649b: 146 ms
Cold Start: false
Unique ID: a70c9998-dad0-4282-a331-893c2ce0dfcc,
Billed Duration for Request a70c9998-dad0-4282-a331-893c2ce0dfcc: 73 ms
Cold Start: false
Unique ID: 9bc867c2-ab5b-49e0-bb31-b229dc3a41b4,
Billed Duration for Request 9bc867c2-ab5b-49e0-bb31-b229dc3a41b4: 88 ms
Cold Start: false
Unique ID: 8c219753-89be-4805-8050-ae59f006bc15,
Billed Duration for Request 8c219753-89be-4805-8050-ae59f006bc15: 153 ms
Cold Start: false
Unique ID: 52e85e09-19d0-4cf1-ae62-033c3b18e5a8,
Billed Duration for Request 52e85e09-19d0-4cf1-ae62-033c3b18e5a8: 152 ms
Cold Start: false
Unique ID: 465c43a3-d36c-4dba-8bae-490a616722ac,
Billed Duration for Request 465c43a3-d36c-4dba-8bae-490a616722ac: 89 ms
Cold Start: false
Unique ID: 23645f93-9454-4cda-ace1-abc5753eb7a8,
Billed Duration for Request 23645f93-9454-4cda-ace1-abc5753eb7a8: 141 ms
Cold Start: false
Unique ID: 59af5bc7-ea72-4d9a-aed4-7a365aa51c76,
Billed Duration for Request 59af5bc7-ea72-4d9a-aed4-7a365aa51c76: 88 ms
Cold Start: false
Unique ID: 4ee34c90-12df-460a-b95c-9d5cf24b909d,
Billed Duration for Request 4ee34c90-12df-460a-b95c-9d5cf24b909d: 110 ms
Cold Start: false
Unique ID: 28676c70-3c52-4799-b4ac-e5153218e0a4,
Billed Duration for Request 28676c70-3c52-4799-b4ac-e5153218e0a4: 107 ms
Cold Start: false
Unique ID: d6f350d7-d87b-4c74-9b32-9ac13cecbe50,
Billed Duration for Request d6f350d7-d87b-4c74-9b32-9ac13cecbe50: 81 ms
Cold Start: false
Unique ID: f3c5dafc-4428-4a20-bb51-0c8b58cccb00,
Billed Duration for Request f3c5dafc-4428-4a20-bb51-0c8b58cccb00: 139 ms
Cold Start: false
Unique ID: e53fdde1-2d85-4f41-8b68-82bd94491056,
Billed Duration for Request e53fdde1-2d85-4f41-8b68-82bd94491056: 145 ms
Cold Start: false
Unique ID: 0ae6b2fd-a091-4e29-ac34-688cd5345518,
Billed Duration for Request 0ae6b2fd-a091-4e29-ac34-688cd5345518: 93 ms
Cold Start: false
Unique ID: 00727388-6439-4165-84f2-81873ee8b041,
Billed Duration for Request 00727388-6439-4165-84f2-81873ee8b041: 106 ms
Cold Start: false
Unique ID: c3451c45-aa52-4053-b946-2a3abd83e53c,
Billed Duration for Request c3451c45-aa52-4053-b946-2a3abd83e53c: 113 ms
Cold Start: false
Unique ID: 4d7a0121-271f-47a8-bcec-95a0896ac281,
Billed Duration for Request 4d7a0121-271f-47a8-bcec-95a0896ac281: 142 ms
Cold Start: false
Unique ID: 84bc23da-9f0f-4ffd-b867-11835baf6378,
Billed Duration for Request 84bc23da-9f0f-4ffd-b867-11835baf6378: 110 ms
Cold Start: false
Unique ID: 9aea6300-f68e-492f-8f82-782b667e9515,
Billed Duration for Request 9aea6300-f68e-492f-8f82-782b667e9515: 107 ms
Cold Start: false
Unique ID: 07b68394-6408-4c80-93b5-eb99dc84d496,
Billed Duration for Request 07b68394-6408-4c80-93b5-eb99dc84d496: 103 ms
Cold Start: false
Unique ID: 0a0ba010-de8a-4679-b8e4-9756df631345,
Billed Duration for Request 0a0ba010-de8a-4679-b8e4-9756df631345: 151 ms
Cold Start: false
Unique ID: 94c617c6-ccf9-478d-8174-66d542ba6880,
Billed Duration for Request 94c617c6-ccf9-478d-8174-66d542ba6880: 95 ms
Cold Start: false
Unique ID: b454cde2-11b9-4445-8522-f3fbabba8d29,
Billed Duration for Request b454cde2-11b9-4445-8522-f3fbabba8d29: 124 ms
Cold Start: false
Unique ID: 5f47fa45-7c70-4221-82c7-85c96f22cccb,
Billed Duration for Request 5f47fa45-7c70-4221-82c7-85c96f22cccb: 100 ms
Cold Start: false
Unique ID: e1df51f0-2047-4205-98a7-833c8659e157,
Billed Duration for Request e1df51f0-2047-4205-98a7-833c8659e157: 149 ms
Cold Start: false
Unique ID: 2ab9236a-9371-4622-a045-35f3481addef,
Billed Duration for Request 2ab9236a-9371-4622-a045-35f3481addef: 131 ms
Cold Start: false
Unique ID: eae2462a-4f8c-4840-9990-8249d2bf363a,
Billed Duration for Request eae2462a-4f8c-4840-9990-8249d2bf363a: 119 ms
Cold Start: false
Unique ID: bdfa00e2-4ec2-4aae-b138-81d5a13f12f0,
Billed Duration for Request bdfa00e2-4ec2-4aae-b138-81d5a13f12f0: 86 ms
Cold Start: false
Unique ID: 72e2ec5b-b1c7-436f-8d0a-1a79f0b23c11,
Billed Duration for Request 72e2ec5b-b1c7-436f-8d0a-1a79f0b23c11: 124 ms
Cold Start: false
Unique ID: 507d223d-a4b0-4798-b6a0-5307c59a8407,
Billed Duration for Request 507d223d-a4b0-4798-b6a0-5307c59a8407: 87 ms
Cold Start: false
Unique ID: 41cb5470-6444-452a-b183-66a2ebbf39fb,
Billed Duration for Request 41cb5470-6444-452a-b183-66a2ebbf39fb: 131 ms
Cold Start: false
Unique ID: 04ee1ace-2bf3-463d-bb31-2931f1ceaea6,
Billed Duration for Request 04ee1ace-2bf3-463d-bb31-2931f1ceaea6: 148 ms
Cold Start: false
Unique ID: 457e18dc-3e99-4e96-b284-fa7b38c56b9e,
Billed Duration for Request 457e18dc-3e99-4e96-b284-fa7b38c56b9e: 160 ms
Cold Start: false
Unique ID: bd2288ac-581c-4299-a125-bc7266f1c5d6,
Billed Duration for Request bd2288ac-581c-4299-a125-bc7266f1c5d6: 115 ms
Cold Start: false
Unique ID: 3be22719-fd43-4699-b620-44fa09bfad24,
Billed Duration for Request 3be22719-fd43-4699-b620-44fa09bfad24: 109 ms
Cold Start: false
Unique ID: 0599dcdb-fea7-4b48-828f-db68e3c445f7,
Billed Duration for Request 0599dcdb-fea7-4b48-828f-db68e3c445f7: 103 ms
Cold Start: false
Unique ID: 7547dfe5-fc20-4c0f-8ff7-405b71f3e42d,
Billed Duration for Request 7547dfe5-fc20-4c0f-8ff7-405b71f3e42d: 122 ms
Cold Start: false
Unique ID: 78d37363-8e28-4987-8d28-98b3dd48fa95,
Billed Duration for Request 78d37363-8e28-4987-8d28-98b3dd48fa95: 118 ms
Cold Start: false
Unique ID: 612f64f1-a19d-48f9-adaf-21a8f0701833,
Billed Duration for Request 612f64f1-a19d-48f9-adaf-21a8f0701833: 133 ms
Cold Start: false
Unique ID: 3940bf06-757d-4845-95f0-600640f8ffea,
Billed Duration for Request 3940bf06-757d-4845-95f0-600640f8ffea: 128 ms
Cold Start: false
Unique ID: 14ed84cd-79a8-46fd-982e-3cb9c3a04b18,
Billed Duration for Request 14ed84cd-79a8-46fd-982e-3cb9c3a04b18: 107 ms
Cold Start: false
Unique ID: 79b65092-418c-43a9-b1db-7bea7cc860b1,
Billed Duration for Request 79b65092-418c-43a9-b1db-7bea7cc860b1: 98 ms
Cold Start: false
Unique ID: 457fa072-df3e-4b2f-ad73-21dbddcca6ee,
Billed Duration for Request 457fa072-df3e-4b2f-ad73-21dbddcca6ee: 162 ms
Cold Start: false
Unique ID: 2d820a68-6191-48a3-b5ce-d6cab20af3a2,
Billed Duration for Request 2d820a68-6191-48a3-b5ce-d6cab20af3a2: 90 ms
Cold Start: false
Unique ID: 6225b8df-ef8b-45ef-b5f1-e7d25a9da24c,
Billed Duration for Request 6225b8df-ef8b-45ef-b5f1-e7d25a9da24c: 161 ms
Cold Start: false
Unique ID: f3439c3a-5757-48d3-92d5-9a8fda3e980e,
Billed Duration for Request f3439c3a-5757-48d3-92d5-9a8fda3e980e: 90 ms
Cold Start: false
Unique ID: 1a855358-dbd9-4410-bd99-1ad1cf8eb2ce,
Billed Duration for Request 1a855358-dbd9-4410-bd99-1ad1cf8eb2ce: 134 ms
Cold Start: false
Unique ID: b413ca91-1767-4e60-8904-131f08c84326,
Billed Duration for Request b413ca91-1767-4e60-8904-131f08c84326: 128 ms
Cold Start: false
Unique ID: 9ebfb160-583a-4ceb-ab3b-ed587e3dad5e,
Billed Duration for Request 9ebfb160-583a-4ceb-ab3b-ed587e3dad5e: 133 ms
Cold Start: false
Unique ID: 857c084c-1f36-4791-9d33-2bb6702697bb,
Billed Duration for Request 857c084c-1f36-4791-9d33-2bb6702697bb: 108 ms
Cold Start: false
Unique ID: 0b03e5b4-b377-4fb1-9582-dca9d4350f94,
Billed Duration for Request 0b03e5b4-b377-4fb1-9582-dca9d4350f94: 107 ms
Cold Start: false
Unique ID: ff11d631-ea3c-401d-a301-6129ad5a6cea,
Billed Duration for Request ff11d631-ea3c-401d-a301-6129ad5a6cea: 116 ms
Cold Start: false
Unique ID: f05d3002-5cbc-43ea-93e8-a7d36818a06e,
Billed Duration for Request f05d3002-5cbc-43ea-93e8-a7d36818a06e: 153 ms
Cold Start: false
Unique ID: 2beba3da-c3d7-46cd-aed3-800a1bae11c4,
Billed Duration for Request 2beba3da-c3d7-46cd-aed3-800a1bae11c4: 143 ms
Cold Start: false
Unique ID: c7e0b070-9ba4-4f01-9e02-441301fd052c,
Billed Duration for Request c7e0b070-9ba4-4f01-9e02-441301fd052c: 129 ms
Cold Start: false
Unique ID: 0bf44ade-2cf1-4f50-be99-e14530c2e2be,
Billed Duration for Request 0bf44ade-2cf1-4f50-be99-e14530c2e2be: 135 ms
Cold Start: false
Unique ID: 68324d76-bd53-4ffd-b8a4-6d772a505211,
Billed Duration for Request 68324d76-bd53-4ffd-b8a4-6d772a505211: 158 ms
Cold Start: false
Unique ID: a3bbb88c-410d-4354-986f-82d3273c6d40,
Billed Duration for Request a3bbb88c-410d-4354-986f-82d3273c6d40: 101 ms
Cold Start: false
Unique ID: 189865fd-71b8-4852-85f3-f86c59d24413,
Billed Duration for Request 189865fd-71b8-4852-85f3-f86c59d24413: 136 ms
Cold Start: false
Unique ID: 2d30fa93-7564-4d12-929c-1d76ce33a306,
Billed Duration for Request 2d30fa93-7564-4d12-929c-1d76ce33a306: 106 ms
Cold Start: false
Unique ID: 7215bf36-22a1-428e-925f-995730f19930,
Billed Duration for Request 7215bf36-22a1-428e-925f-995730f19930: 151 ms
Cold Start: false
Unique ID: 2e4220ff-9f43-4a86-b010-89ca78785dd2,
Billed Duration for Request 2e4220ff-9f43-4a86-b010-89ca78785dd2: 77 ms
Cold Start: false
Unique ID: 7c1919a0-3529-416a-8fcb-2ada810e3a88,
Billed Duration for Request 7c1919a0-3529-416a-8fcb-2ada810e3a88: 90 ms
Cold Start: false
Unique ID: 379e4d8b-ce13-4e8f-bb77-815b51efc44a,
Billed Duration for Request 379e4d8b-ce13-4e8f-bb77-815b51efc44a: 152 ms
Cold Start: false
Unique ID: c3244cde-4584-4833-99b3-41f1f4dc4438,
Billed Duration for Request c3244cde-4584-4833-99b3-41f1f4dc4438: 143 ms
Cold Start: false
Unique ID: b6dfec5d-b440-460c-af9e-666993c1a0f2,
Billed Duration for Request b6dfec5d-b440-460c-af9e-666993c1a0f2: 118 ms
Cold Start: false
Unique ID: 747ce882-4364-45d6-b381-999bc19dfc46,
Billed Duration for Request 747ce882-4364-45d6-b381-999bc19dfc46: 125 ms
Cold Start: false
Unique ID: c7a546a6-2ee7-4daf-a80c-8980f1fe23b7,
Billed Duration for Request c7a546a6-2ee7-4daf-a80c-8980f1fe23b7: 89 ms
Cold Start: false
Unique ID: 5e85f417-58f4-407a-8678-40a089fc2f40,
Billed Duration for Request 5e85f417-58f4-407a-8678-40a089fc2f40: 139 ms
Cold Start: false
Unique ID: 9f1c8262-5433-40e1-b449-19d06b9a2ad7,
Billed Duration for Request 9f1c8262-5433-40e1-b449-19d06b9a2ad7: 139 ms
Cold Start: false
Unique ID: 123826f4-e8cf-4947-858c-3094e0ba8c41,
Billed Duration for Request 123826f4-e8cf-4947-858c-3094e0ba8c41: 147 ms
Cold Start: false
Unique ID: 2529c209-fc91-4ee4-a2e2-f21335b5bde4,
Billed Duration for Request 2529c209-fc91-4ee4-a2e2-f21335b5bde4: 103 ms
Cold Start: false
Unique ID: c548ddbc-1d6a-43a2-a60e-21b5519f6636,
Billed Duration for Request c548ddbc-1d6a-43a2-a60e-21b5519f6636: 142 ms
Cold Start: false
Unique ID: 09e2624d-ced7-4705-bfac-f8c51021a05e,
Billed Duration for Request 09e2624d-ced7-4705-bfac-f8c51021a05e: 106 ms
Cold Start: false
Unique ID: 465f35f3-bc4b-4976-9e4c-f4e9dc4b1878,
Billed Duration for Request 465f35f3-bc4b-4976-9e4c-f4e9dc4b1878: 147 ms
Cold Start: false
Unique ID: f6f7eb55-c82c-45c7-8c40-e35517adaf4b,
Billed Duration for Request f6f7eb55-c82c-45c7-8c40-e35517adaf4b: 123 ms
Cold Start: false
Unique ID: 3457907b-ec77-4bc3-b7db-f766119488ed,
Billed Duration for Request 3457907b-ec77-4bc3-b7db-f766119488ed: 142 ms
Cold Start: false
Unique ID: 19dfcd8b-09bf-4356-8f11-98e79d06d2e2,
Billed Duration for Request 19dfcd8b-09bf-4356-8f11-98e79d06d2e2: 89 ms
Cold Start: false
Unique ID: d31013fe-ab19-462b-9d97-223760d17017,
Billed Duration for Request d31013fe-ab19-462b-9d97-223760d17017: 153 ms
Cold Start: false
Unique ID: acc1e20b-5f32-4365-aa39-a8268f55b919,
Billed Duration for Request acc1e20b-5f32-4365-aa39-a8268f55b919: 148 ms
Cold Start: false
Unique ID: 04e82716-aa15-40a2-afa3-6d6a0e330529,
Billed Duration for Request 04e82716-aa15-40a2-afa3-6d6a0e330529: 140 ms
Cold Start: false
Unique ID: 6625126b-834e-401b-b45c-df7268d6e3b9,
Billed Duration for Request 6625126b-834e-401b-b45c-df7268d6e3b9: 115 ms
Cold Start: false
Unique ID: ab2ff751-950c-4166-8e68-a03b203fa577,
Billed Duration for Request ab2ff751-950c-4166-8e68-a03b203fa577: 98 ms
Cold Start: false
Unique ID: 3779b217-eb43-46fb-a840-b3db66b08f51,
Billed Duration for Request 3779b217-eb43-46fb-a840-b3db66b08f51: 82 ms
Cold Start: false
Unique ID: d93a2e84-c037-44aa-9ace-9a74715e9a6e,
Billed Duration for Request d93a2e84-c037-44aa-9ace-9a74715e9a6e: 124 ms
Cold Start: false
Unique ID: 58c25c3e-a704-4bec-954d-7ec0462fedfd,
Billed Duration for Request 58c25c3e-a704-4bec-954d-7ec0462fedfd: 111 ms
Cold Start: false
Unique ID: b123f315-913a-4b22-ace6-6a009e7663b9,
Billed Duration for Request b123f315-913a-4b22-ace6-6a009e7663b9: 118 ms
Cold Start: false
Unique ID: 2f9d8ad6-e4fd-479d-9507-783d783aa8cd,
Billed Duration for Request 2f9d8ad6-e4fd-479d-9507-783d783aa8cd: 128 ms
Cold Start: false
Unique ID: 34895606-bb8e-4141-8860-526f66c49f36,
Billed Duration for Request 34895606-bb8e-4141-8860-526f66c49f36: 180 ms
Cold Start: false
Unique ID: 336b9da3-df55-4104-9659-ce3e566f5275,
Billed Duration for Request 336b9da3-df55-4104-9659-ce3e566f5275: 88 ms
Cold Start: false
Unique ID: 8be564c6-082c-484d-8b16-cddee1956283,
Billed Duration for Request 8be564c6-082c-484d-8b16-cddee1956283: 86 ms
Cold Start: false
Unique ID: 199c94fa-6e47-4214-8a85-adceb90cedf2,
Billed Duration for Request 199c94fa-6e47-4214-8a85-adceb90cedf2: 165 ms
Cold Start: false
Unique ID: f609a311-ef98-46db-910d-79f21e9d98c4,
Billed Duration for Request f609a311-ef98-46db-910d-79f21e9d98c4: 146 ms
Cold Start: false
Unique ID: 47729a7d-2b48-4cdb-85e2-b27a9bf5e3f1,
Billed Duration for Request 47729a7d-2b48-4cdb-85e2-b27a9bf5e3f1: 131 ms
Cold Start: false
Unique ID: 62ffc508-11e5-4079-b92e-2c6d0d01161e,
Billed Duration for Request 62ffc508-11e5-4079-b92e-2c6d0d01161e: 75 ms
Cold Start: false
Unique ID: c052ddec-aa9f-4c1c-ac69-60aeba7c3fa5,
Billed Duration for Request c052ddec-aa9f-4c1c-ac69-60aeba7c3fa5: 124 ms
Cold Start: false
Unique ID: d3698ca2-c232-4ad8-8964-068636ba4fd0,
Billed Duration for Request d3698ca2-c232-4ad8-8964-068636ba4fd0: 152 ms
Cold Start: false
Unique ID: 8c0baeb8-7ed0-486f-b97e-383bf8b9c151,
Billed Duration for Request 8c0baeb8-7ed0-486f-b97e-383bf8b9c151: 118 ms
Cold Start: false
Unique ID: 37ef3a04-895f-4273-a3a8-d6d6fc78be4d,
Billed Duration for Request 37ef3a04-895f-4273-a3a8-d6d6fc78be4d: 81 ms
Cold Start: false
Unique ID: 5ad7f9b8-bd13-4beb-96a7-72b32ed34339,
Billed Duration for Request 5ad7f9b8-bd13-4beb-96a7-72b32ed34339: 95 ms
Cold Start: false
Unique ID: 88516a29-0316-4fa3-9b7c-cf559404d28b,
Billed Duration for Request 88516a29-0316-4fa3-9b7c-cf559404d28b: 135 ms
Cold Start: false
Unique ID: 6f8d313b-f9e3-42fb-a965-a6b037c68ca7,
Billed Duration for Request 6f8d313b-f9e3-42fb-a965-a6b037c68ca7: 103 ms
Cold Start: false
Unique ID: 9cca5728-a291-4ec0-ab45-75a487eb217c,
Billed Duration for Request 9cca5728-a291-4ec0-ab45-75a487eb217c: 162 ms
Cold Start: false
Unique ID: adce92ce-26a0-4816-824b-e0c55f2d7a36,
Billed Duration for Request adce92ce-26a0-4816-824b-e0c55f2d7a36: 132 ms
Cold Start: false
Unique ID: 657f548e-9e33-4b63-943c-1a6469c4eb37,
Billed Duration for Request 657f548e-9e33-4b63-943c-1a6469c4eb37: 177 ms
Cold Start: false
Unique ID: 15f920e9-6117-4b05-b02a-0d68fec681e7,
Billed Duration for Request 15f920e9-6117-4b05-b02a-0d68fec681e7: 87 ms
Cold Start: false
Unique ID: 8c6b1a95-baa4-484a-8204-452e1c4181d0,
Billed Duration for Request 8c6b1a95-baa4-484a-8204-452e1c4181d0: 94 ms
Cold Start: false
Unique ID: 74c796c3-2b67-46f9-b068-4dbf02b7a737,
Billed Duration for Request 74c796c3-2b67-46f9-b068-4dbf02b7a737: 134 ms
Cold Start: false
Unique ID: 064862c9-d2a4-4d7d-8d14-4c2cc19c9524,
Billed Duration for Request 064862c9-d2a4-4d7d-8d14-4c2cc19c9524: 157 ms
Cold Start: false
Unique ID: b43a021b-ab1f-4cc5-8a79-f8c617082b0c,
Billed Duration for Request b43a021b-ab1f-4cc5-8a79-f8c617082b0c: 90 ms
Cold Start: false
Unique ID: 9f906829-819d-4868-8661-57ba8e433dd4,
Billed Duration for Request 9f906829-819d-4868-8661-57ba8e433dd4: 108 ms
Cold Start: false
Unique ID: 8ce7a40f-b8b8-438c-942d-5b525d3382bd,
Billed Duration for Request 8ce7a40f-b8b8-438c-942d-5b525d3382bd: 137 ms
Cold Start: false
Unique ID: 640cb4a6-ce95-47d6-a048-e81e5d37a425,
Billed Duration for Request 640cb4a6-ce95-47d6-a048-e81e5d37a425: 152 ms
Cold Start: false
Unique ID: d572d8c0-150a-4607-b14c-a3e3e7a2abd1,
Billed Duration for Request d572d8c0-150a-4607-b14c-a3e3e7a2abd1: 121 ms
Cold Start: false
Unique ID: 45994e08-c019-4ac3-b5c7-c84e3a5ea2bb,
Billed Duration for Request 45994e08-c019-4ac3-b5c7-c84e3a5ea2bb: 124 ms
Cold Start: false
Unique ID: dc0f8bc9-27bb-44ce-a5be-7b5ee28947cd,
Billed Duration for Request dc0f8bc9-27bb-44ce-a5be-7b5ee28947cd: 96 ms
Cold Start: false
Unique ID: 9aec4027-4b76-4fe9-ba14-7b0b869c5a5b,
Billed Duration for Request 9aec4027-4b76-4fe9-ba14-7b0b869c5a5b: 172 ms
Cold Start: false
Unique ID: 5e4ddbbf-557a-4045-814f-b85b621cdf23,
Billed Duration for Request 5e4ddbbf-557a-4045-814f-b85b621cdf23: 107 ms
Cold Start: false
Unique ID: 3d32f28e-8e44-4b1a-baf7-bb9af213b823,
Billed Duration for Request 3d32f28e-8e44-4b1a-baf7-bb9af213b823: 68 ms
Cold Start: false
Unique ID: 00a19261-cd68-4c91-bf78-8c8d87771bd5,
Billed Duration for Request 00a19261-cd68-4c91-bf78-8c8d87771bd5: 166 ms
Cold Start: false
Unique ID: 8b12165f-797f-434b-8b84-737f61e675e4,
Billed Duration for Request 8b12165f-797f-434b-8b84-737f61e675e4: 133 ms
Cold Start: false
Unique ID: 001f6894-0de6-46ba-a012-fe649d6a80fc,
Billed Duration for Request 001f6894-0de6-46ba-a012-fe649d6a80fc: 103 ms
Cold Start: false
Unique ID: ec7a32eb-3312-4473-a70b-42005a9c93fc,
Billed Duration for Request ec7a32eb-3312-4473-a70b-42005a9c93fc: 89 ms
Cold Start: false
Unique ID: 7817eba4-663c-4d77-bf8b-2dfff1b48bac,
Billed Duration for Request 7817eba4-663c-4d77-bf8b-2dfff1b48bac: 183 ms
Cold Start: false
Unique ID: b808ffdb-b7d6-43fb-bdfd-34d43ae0c87b,
Billed Duration for Request b808ffdb-b7d6-43fb-bdfd-34d43ae0c87b: 139 ms
Cold Start: false
Unique ID: 21ee9f5a-dd3b-40d5-988b-36e1d5fec3c1,
Billed Duration for Request 21ee9f5a-dd3b-40d5-988b-36e1d5fec3c1: 99 ms
Cold Start: false
Unique ID: 8177e73c-ad5e-45db-81fc-9461703243f3,
Billed Duration for Request 8177e73c-ad5e-45db-81fc-9461703243f3: 85 ms
Cold Start: false
Unique ID: 1c938c1d-b3ba-4ae5-9d4e-4541f6a984d2,
Billed Duration for Request 1c938c1d-b3ba-4ae5-9d4e-4541f6a984d2: 148 ms
Cold Start: false
Unique ID: 05f55a25-d845-44c3-b6d1-bb3a5e8ac1a7,
Billed Duration for Request 05f55a25-d845-44c3-b6d1-bb3a5e8ac1a7: 120 ms
Cold Start: false
Unique ID: 375cadf2-9bd0-41a7-97ad-92da064a73cf,
Billed Duration for Request 375cadf2-9bd0-41a7-97ad-92da064a73cf: 88 ms
Cold Start: false
Unique ID: c786f317-86df-4e28-b2f6-fd2fc7925421,
Billed Duration for Request c786f317-86df-4e28-b2f6-fd2fc7925421: 125 ms
Cold Start: false
Unique ID: 224e50ea-0f4c-47ef-950d-4a832e05c675,
Billed Duration for Request 224e50ea-0f4c-47ef-950d-4a832e05c675: 132 ms
Cold Start: false
Unique ID: 177874e6-70dc-414f-ab7d-cd343e8299ce,
Billed Duration for Request 177874e6-70dc-414f-ab7d-cd343e8299ce: 137 ms
Cold Start: false
Unique ID: c40110ce-09cf-4d1b-818a-fa9cd851c7e1,
Billed Duration for Request c40110ce-09cf-4d1b-818a-fa9cd851c7e1: 133 ms
Cold Start: false
Unique ID: ecc477de-9755-4340-8f70-c0ede40323ad,
Billed Duration for Request ecc477de-9755-4340-8f70-c0ede40323ad: 85 ms
Cold Start: false
Unique ID: d36faa63-895f-477b-b1c0-04b6554e9bd3,
Billed Duration for Request d36faa63-895f-477b-b1c0-04b6554e9bd3: 147 ms
Cold Start: false
Unique ID: e937ffa3-12a4-401e-b879-d8acef53e74b,
Billed Duration for Request e937ffa3-12a4-401e-b879-d8acef53e74b: 133 ms
Cold Start: false
Unique ID: d2bdde57-2718-4e59-93f0-b0fdf1e844ab,
Billed Duration for Request d2bdde57-2718-4e59-93f0-b0fdf1e844ab: 135 ms
Cold Start: false
Unique ID: 35dd7be8-5187-4e72-866f-23d2d5850ce9,
Billed Duration for Request 35dd7be8-5187-4e72-866f-23d2d5850ce9: 106 ms
Cold Start: false
Unique ID: 771ca44a-6f48-4cf4-87c0-6edf854cea5b,
Billed Duration for Request 771ca44a-6f48-4cf4-87c0-6edf854cea5b: 132 ms
Cold Start: false
Unique ID: 9bf3af43-5b54-4570-a32e-84ba4d8d71b7,
Billed Duration for Request 9bf3af43-5b54-4570-a32e-84ba4d8d71b7: 161 ms
Cold Start: false
Unique ID: 3945b0f5-cf52-4167-90e2-b3e04df88f99,
Billed Duration for Request 3945b0f5-cf52-4167-90e2-b3e04df88f99: 111 ms
Cold Start: false
Unique ID: 0fc12c6f-0cf2-4b1b-8392-f8d782692811,
Billed Duration for Request 0fc12c6f-0cf2-4b1b-8392-f8d782692811: 85 ms
Cold Start: false
Unique ID: 817bc4ef-4a39-4e48-a78d-30082430ae89,
Billed Duration for Request 817bc4ef-4a39-4e48-a78d-30082430ae89: 87 ms
Cold Start: false
Unique ID: 46286938-e935-48bf-b5b9-ca715f342559,
Billed Duration for Request 46286938-e935-48bf-b5b9-ca715f342559: 155 ms
Cold Start: false
Unique ID: 7ef69511-fcba-4e9d-b17e-6d038077eb7c,
Billed Duration for Request 7ef69511-fcba-4e9d-b17e-6d038077eb7c: 73 ms
Cold Start: false
Unique ID: da07a8ab-b509-408b-99b0-d88adac721a4,
Billed Duration for Request da07a8ab-b509-408b-99b0-d88adac721a4: 144 ms
Cold Start: false
Unique ID: ee08a806-03a2-4b36-956a-8a7972d2deab,
Billed Duration for Request ee08a806-03a2-4b36-956a-8a7972d2deab: 107 ms
Cold Start: false
Unique ID: af20512b-4017-40a2-a647-cd3c1a611a0e,
Billed Duration for Request af20512b-4017-40a2-a647-cd3c1a611a0e: 171 ms
Cold Start: false
Unique ID: 01dba908-f87c-4f05-ac7e-d400ee291f5f,
Billed Duration for Request 01dba908-f87c-4f05-ac7e-d400ee291f5f: 92 ms
Cold Start: false
Unique ID: aba5771a-fa86-4840-a723-356a999a6c2f,
Billed Duration for Request aba5771a-fa86-4840-a723-356a999a6c2f: 141 ms
Cold Start: false
Unique ID: 2f6d2fdf-b1b8-4e8c-8b0a-51d63b594a96,
Billed Duration for Request 2f6d2fdf-b1b8-4e8c-8b0a-51d63b594a96: 131 ms
Cold Start: false
Unique ID: 30695658-d379-4489-8e72-56688c70abd1,
Billed Duration for Request 30695658-d379-4489-8e72-56688c70abd1: 98 ms
Cold Start: false
Unique ID: 89a3dd0b-f458-4859-860a-94a73bc7a8c8,
Billed Duration for Request 89a3dd0b-f458-4859-860a-94a73bc7a8c8: 149 ms
Cold Start: false
Unique ID: 342605b6-5564-441a-b518-6d93dd2ec4f6,
Billed Duration for Request 342605b6-5564-441a-b518-6d93dd2ec4f6: 123 ms
Cold Start: false
Unique ID: 3da8dd76-94cc-40a6-bfae-06d5ad4932f3,
Billed Duration for Request 3da8dd76-94cc-40a6-bfae-06d5ad4932f3: 111 ms
Cold Start: false
Unique ID: de1f6bd8-28f3-4226-98c6-455d78b38037,
Billed Duration for Request de1f6bd8-28f3-4226-98c6-455d78b38037: 95 ms
Cold Start: false
Unique ID: 7590ccf1-a852-4ef0-ad51-5572afb6eb62,
Billed Duration for Request 7590ccf1-a852-4ef0-ad51-5572afb6eb62: 112 ms
Cold Start: false
Unique ID: db180f38-0e7c-447d-a996-a4319346bd76,
Billed Duration for Request db180f38-0e7c-447d-a996-a4319346bd76: 73 ms
Cold Start: false
Unique ID: 5d3b37ae-6342-4745-a51a-fe2acc844d6d,
Billed Duration for Request 5d3b37ae-6342-4745-a51a-fe2acc844d6d: 148 ms
Cold Start: false
Unique ID: b26d79b5-6711-40ff-b201-14adb7128751,
Billed Duration for Request b26d79b5-6711-40ff-b201-14adb7128751: 159 ms
Cold Start: false
Unique ID: f657a8d1-3a8c-4fa4-b455-d628075a6ea7,
Billed Duration for Request f657a8d1-3a8c-4fa4-b455-d628075a6ea7: 93 ms
Cold Start: false
Unique ID: 5f1552de-0e28-4135-a981-652ca94916f7,
Billed Duration for Request 5f1552de-0e28-4135-a981-652ca94916f7: 86 ms
Cold Start: false
Unique ID: 931d8301-95dc-4f97-b4c9-cfb91a458c53,
Billed Duration for Request 931d8301-95dc-4f97-b4c9-cfb91a458c53: 131 ms
Cold Start: false
Unique ID: a687b279-1aed-4289-b61c-6482ef5ba5da,
Billed Duration for Request a687b279-1aed-4289-b61c-6482ef5ba5da: 164 ms
Cold Start: false
Unique ID: 770961d1-92e6-404b-9c8b-f72ba6d53caa,
Billed Duration for Request 770961d1-92e6-404b-9c8b-f72ba6d53caa: 91 ms
Cold Start: false
Unique ID: c6fe2a9c-6e7a-4549-a956-5c50fa7c533f,
Billed Duration for Request c6fe2a9c-6e7a-4549-a956-5c50fa7c533f: 102 ms
Cold Start: false
Unique ID: 81ffd57e-dc38-4634-84ff-3869b88d82b2,
Billed Duration for Request 81ffd57e-dc38-4634-84ff-3869b88d82b2: 132 ms
Cold Start: false
Unique ID: 1a9d3113-fd63-4ba4-a943-22d3324414ba,
Billed Duration for Request 1a9d3113-fd63-4ba4-a943-22d3324414ba: 163 ms
Cold Start: false
Unique ID: 4edef268-f1ff-4505-8b5e-564c9be01910,
Billed Duration for Request 4edef268-f1ff-4505-8b5e-564c9be01910: 94 ms
Cold Start: false
Unique ID: 89be73a8-d93c-4de4-aeef-3ace07c9070c,
Billed Duration for Request 89be73a8-d93c-4de4-aeef-3ace07c9070c: 108 ms
Cold Start: false
Unique ID: 217a0725-e358-43b2-9fb3-f22e9e17f1c2,
Billed Duration for Request 217a0725-e358-43b2-9fb3-f22e9e17f1c2: 149 ms
Cold Start: false
Unique ID: 3977dc7d-c43e-43c2-a43b-9798014225c1,
Billed Duration for Request 3977dc7d-c43e-43c2-a43b-9798014225c1: 157 ms
Cold Start: false
Unique ID: 6a4ceb27-fc15-463f-8d95-0a0e232b4f1d,
Billed Duration for Request 6a4ceb27-fc15-463f-8d95-0a0e232b4f1d: 78 ms
Cold Start: false
Unique ID: 00d73bde-ae08-49b2-97ca-7835f1b8eb5a,
Billed Duration for Request 00d73bde-ae08-49b2-97ca-7835f1b8eb5a: 101 ms
Cold Start: false
Unique ID: e05f5d8b-6b1d-4b0d-849d-7afcc8ac5729,
Billed Duration for Request e05f5d8b-6b1d-4b0d-849d-7afcc8ac5729: 116 ms
Cold Start: false
Unique ID: df3e470c-1593-4120-8372-ad631d2ec19b,
Billed Duration for Request df3e470c-1593-4120-8372-ad631d2ec19b: 134 ms
Cold Start: false
Unique ID: d621b3ae-177a-4c36-bd2d-197449b70778,
Billed Duration for Request d621b3ae-177a-4c36-bd2d-197449b70778: 166 ms
Cold Start: false
Unique ID: a02aa3dc-0a96-4f82-9220-474086c1e02e,
Billed Duration for Request a02aa3dc-0a96-4f82-9220-474086c1e02e: 162 ms
Cold Start: false
Unique ID: d0909c5c-9821-42e5-bed0-216a532a66ad,
Billed Duration for Request d0909c5c-9821-42e5-bed0-216a532a66ad: 128 ms
Cold Start: false
Unique ID: bb5fac17-aad8-4d9e-81ae-9b4d5647d10d,
Billed Duration for Request bb5fac17-aad8-4d9e-81ae-9b4d5647d10d: 132 ms
Cold Start: false
Unique ID: baaafb92-e13d-4adf-9052-1970a11a2555,
Billed Duration for Request baaafb92-e13d-4adf-9052-1970a11a2555: 125 ms
Cold Start: false
Unique ID: ffc93afc-d4fb-421f-b71d-4878ca2d73a6,
Billed Duration for Request ffc93afc-d4fb-421f-b71d-4878ca2d73a6: 101 ms
Cold Start: false
Unique ID: 93d73929-e2e7-42d2-bb1b-bb4765e4e1c6,
Billed Duration for Request 93d73929-e2e7-42d2-bb1b-bb4765e4e1c6: 140 ms
Cold Start: false
Unique ID: f515a401-9bca-467f-9f60-cf6164ecc8ea,
Billed Duration for Request f515a401-9bca-467f-9f60-cf6164ecc8ea: 143 ms
Cold Start: false
Unique ID: 10bf7656-d97c-44c9-864d-7eeab24ee872,
Billed Duration for Request 10bf7656-d97c-44c9-864d-7eeab24ee872: 77 ms
Cold Start: false
Unique ID: 4142ee40-009f-4e68-8b00-63c08f967052,
Billed Duration for Request 4142ee40-009f-4e68-8b00-63c08f967052: 144 ms
Cold Start: false
Unique ID: 8881e1b6-2d8d-4cf6-8206-39697445bfba,
Billed Duration for Request 8881e1b6-2d8d-4cf6-8206-39697445bfba: 95 ms
Cold Start: false
Unique ID: 5820127e-bdda-49fb-a3df-8d52b05b4d8a,
Billed Duration for Request 5820127e-bdda-49fb-a3df-8d52b05b4d8a: 135 ms
Cold Start: false
Unique ID: 3d36997e-4f49-4c3a-8746-297b639127ab,
Billed Duration for Request 3d36997e-4f49-4c3a-8746-297b639127ab: 91 ms
Cold Start: false
Unique ID: 89d5c20f-1512-4dbc-bf13-7ed0bacec26b,
Billed Duration for Request 89d5c20f-1512-4dbc-bf13-7ed0bacec26b: 111 ms
Cold Start: false
Unique ID: c894b981-8f51-44d8-9a6e-666bfaeac069,
Billed Duration for Request c894b981-8f51-44d8-9a6e-666bfaeac069: 116 ms
Cold Start: false
Unique ID: 0a1fccd2-9834-4167-a133-376061d4d301,
Billed Duration for Request 0a1fccd2-9834-4167-a133-376061d4d301: 86 ms
Cold Start: false
Unique ID: 0a67b37b-c7f6-4b72-9d11-4f558c7e02dd,
Billed Duration for Request 0a67b37b-c7f6-4b72-9d11-4f558c7e02dd: 171 ms
Cold Start: false
Unique ID: d90ca4ec-707f-4aac-ab09-d20d723087b0,
Billed Duration for Request d90ca4ec-707f-4aac-ab09-d20d723087b0: 143 ms
Cold Start: false
Unique ID: 7060c7ac-511e-4207-907c-0631cb8d0447,
Billed Duration for Request 7060c7ac-511e-4207-907c-0631cb8d0447: 132 ms
Cold Start: false
Unique ID: 5e7ca37b-70c6-46d9-a931-d0e6f8fc0a0b,
Billed Duration for Request 5e7ca37b-70c6-46d9-a931-d0e6f8fc0a0b: 100 ms
Cold Start: false
Unique ID: 25cbd7bc-88a4-464f-b4b3-8c06e4659e7a,
Billed Duration for Request 25cbd7bc-88a4-464f-b4b3-8c06e4659e7a: 127 ms
Cold Start: false
Unique ID: f4cb1acc-258f-40a8-b9b9-27525f3371c8,
Billed Duration for Request f4cb1acc-258f-40a8-b9b9-27525f3371c8: 94 ms
Cold Start: false
Unique ID: b99e90e6-4300-41c7-90e6-b937f3fefe13,
Billed Duration for Request b99e90e6-4300-41c7-90e6-b937f3fefe13: 86 ms
Cold Start: false
Unique ID: 084da241-491a-42ea-a0d1-931421711efe,
Billed Duration for Request 084da241-491a-42ea-a0d1-931421711efe: 134 ms
Cold Start: false
Unique ID: f68706fc-20df-4023-a6b3-d8e3a5618ba7,
Billed Duration for Request f68706fc-20df-4023-a6b3-d8e3a5618ba7: 109 ms
Cold Start: false
Unique ID: e8f92e90-18cf-4558-b11c-1dbd7ccdd35b,
Billed Duration for Request e8f92e90-18cf-4558-b11c-1dbd7ccdd35b: 128 ms
Cold Start: false
Unique ID: 2521246e-45b3-450c-bc41-ce1a2f5239f9,
Billed Duration for Request 2521246e-45b3-450c-bc41-ce1a2f5239f9: 163 ms
Cold Start: false
Unique ID: b592a362-8504-4e87-8c7d-257fea25ba78,
Billed Duration for Request b592a362-8504-4e87-8c7d-257fea25ba78: 140 ms
Cold Start: false
Unique ID: 5c1d9ee0-25c4-4c7b-bcba-da688984c4a1,
Billed Duration for Request 5c1d9ee0-25c4-4c7b-bcba-da688984c4a1: 107 ms
Cold Start: false
Unique ID: 1e35e9dd-b3d7-4d19-86b0-ec066490bded,
Billed Duration for Request 1e35e9dd-b3d7-4d19-86b0-ec066490bded: 133 ms
Cold Start: false
Unique ID: 7da1ab47-4c9b-4805-b62a-da449f7d87d4,
Billed Duration for Request 7da1ab47-4c9b-4805-b62a-da449f7d87d4: 88 ms
Cold Start: false
Unique ID: 9e21a794-b165-4e1f-90de-e9e3d4a49b3f,
Billed Duration for Request 9e21a794-b165-4e1f-90de-e9e3d4a49b3f: 134 ms
Cold Start: false
Unique ID: 73e9a955-eeb5-4f60-8eda-5d64997ddd23,
Billed Duration for Request 73e9a955-eeb5-4f60-8eda-5d64997ddd23: 92 ms
Cold Start: false
Unique ID: a61ac1a4-0978-4099-94b9-c8d1515cc096,
Billed Duration for Request a61ac1a4-0978-4099-94b9-c8d1515cc096: 146 ms
Cold Start: false
Unique ID: 673fa1fc-e086-4947-89ca-4007478cfaf6,
Billed Duration for Request 673fa1fc-e086-4947-89ca-4007478cfaf6: 93 ms
Cold Start: false
Unique ID: f24676f2-e1a5-4877-bbce-135c2d3626c3,
Billed Duration for Request f24676f2-e1a5-4877-bbce-135c2d3626c3: 148 ms
Cold Start: false
Unique ID: 701df1de-3bf9-4615-8f5a-14a9cce5793b,
Billed Duration for Request 701df1de-3bf9-4615-8f5a-14a9cce5793b: 113 ms
Cold Start: false
Unique ID: d295e020-8141-4b9c-8292-53df91737b06,
Billed Duration for Request d295e020-8141-4b9c-8292-53df91737b06: 117 ms
Cold Start: false
Unique ID: 654e218a-1025-4a79-9551-b4ab17ef8bb6,
Billed Duration for Request 654e218a-1025-4a79-9551-b4ab17ef8bb6: 91 ms
Cold Start: false
Unique ID: d4299ae6-30d0-4c02-bedd-507f8ae6f2b2,
Billed Duration for Request d4299ae6-30d0-4c02-bedd-507f8ae6f2b2: 104 ms
Cold Start: false
Unique ID: b2a2f997-8334-4885-acc1-8b1111372dd6,
Billed Duration for Request b2a2f997-8334-4885-acc1-8b1111372dd6: 131 ms
Cold Start: false
Unique ID: a37fcc3f-1255-44a9-baa4-e41c4325256c,
Billed Duration for Request a37fcc3f-1255-44a9-baa4-e41c4325256c: 142 ms
Cold Start: false
Unique ID: 35f4366a-8086-4761-a58b-64224ac9500a,
Billed Duration for Request 35f4366a-8086-4761-a58b-64224ac9500a: 141 ms
Cold Start: false
Unique ID: 6357fecb-3564-45a3-9794-b5a7a3222e79,
Billed Duration for Request 6357fecb-3564-45a3-9794-b5a7a3222e79: 85 ms
Cold Start: false
Unique ID: 495f571c-4810-4cce-b8fe-7be83b5d4bce,
Billed Duration for Request 495f571c-4810-4cce-b8fe-7be83b5d4bce: 139 ms
Cold Start: false
Unique ID: 53045d83-a37f-4c2c-9c3b-9caee2d11cae,
Billed Duration for Request 53045d83-a37f-4c2c-9c3b-9caee2d11cae: 159 ms
Cold Start: false
Unique ID: f76570bb-6b77-4e03-b09c-4d9dc260db43,
Billed Duration for Request f76570bb-6b77-4e03-b09c-4d9dc260db43: 100 ms
Cold Start: false
Unique ID: 0d1d8e46-7dc6-4d9c-a4c4-c29635574b5f,
Billed Duration for Request 0d1d8e46-7dc6-4d9c-a4c4-c29635574b5f: 116 ms
Cold Start: false
Unique ID: c233eab8-8dd5-4b0d-a256-55947fce9f07,
Billed Duration for Request c233eab8-8dd5-4b0d-a256-55947fce9f07: 122 ms
Cold Start: false
Unique ID: 28afa9d1-9a19-4669-9929-975d79b693c8,
Billed Duration for Request 28afa9d1-9a19-4669-9929-975d79b693c8: 137 ms
Cold Start: false
Unique ID: 63100242-9b8b-422a-852b-0d9fa324c086,
Billed Duration for Request 63100242-9b8b-422a-852b-0d9fa324c086: 93 ms
Cold Start: false
Unique ID: 8cf378b4-2df6-488a-81f1-3b5f78e3b0b9,
Billed Duration for Request 8cf378b4-2df6-488a-81f1-3b5f78e3b0b9: 110 ms
Cold Start: false
Unique ID: c2a1bc25-376d-45c5-8cb0-3e0da284e9c5,
Billed Duration for Request c2a1bc25-376d-45c5-8cb0-3e0da284e9c5: 97 ms
Cold Start: false
Unique ID: 39021b44-46ce-4c0f-9985-b69b1a81a6b5,
Billed Duration for Request 39021b44-46ce-4c0f-9985-b69b1a81a6b5: 95 ms
Cold Start: false
Unique ID: 9645a212-1fa5-4de4-94c5-b99c3fec9087,
Billed Duration for Request 9645a212-1fa5-4de4-94c5-b99c3fec9087: 162 ms
Cold Start: false
Unique ID: 2269f252-d658-4581-8c22-1c5c9671a28a,
Billed Duration for Request 2269f252-d658-4581-8c22-1c5c9671a28a: 107 ms
Cold Start: false
Unique ID: 704b10a7-60de-47b4-81ef-da3b4ac34885,
Billed Duration for Request 704b10a7-60de-47b4-81ef-da3b4ac34885: 120 ms
Cold Start: false
Unique ID: a4ccc467-7296-459e-8f40-0f388c211408,
Billed Duration for Request a4ccc467-7296-459e-8f40-0f388c211408: 142 ms
Cold Start: false
Unique ID: 3a468656-52f1-4c8d-9cf2-cde3ac150330,
Billed Duration for Request 3a468656-52f1-4c8d-9cf2-cde3ac150330: 133 ms
Cold Start: false
Unique ID: 7292fa2a-09d8-4ac6-9b3c-478ac292f66e,
Billed Duration for Request 7292fa2a-09d8-4ac6-9b3c-478ac292f66e: 95 ms
Cold Start: false
Unique ID: 2301b568-820e-41ec-9a20-5432136ed67e,
Billed Duration for Request 2301b568-820e-41ec-9a20-5432136ed67e: 86 ms
Cold Start: false
Unique ID: 340be6b6-4a76-4dc8-9f01-0635780fd9d1,
Billed Duration for Request 340be6b6-4a76-4dc8-9f01-0635780fd9d1: 159 ms
Cold Start: false
Unique ID: 52f5c819-7a55-405c-a483-9fbe0f56228c,
Billed Duration for Request 52f5c819-7a55-405c-a483-9fbe0f56228c: 109 ms
Cold Start: false
Unique ID: c9b61815-8c2b-4974-b49f-d692122bcc0a,
Billed Duration for Request c9b61815-8c2b-4974-b49f-d692122bcc0a: 92 ms
Cold Start: false
Unique ID: c19404cd-758b-4ee0-9d05-114d2ee17113,
Billed Duration for Request c19404cd-758b-4ee0-9d05-114d2ee17113: 142 ms
Cold Start: false
Unique ID: fce8b383-7692-4c58-86fe-6eeea1c28e35,
Billed Duration for Request fce8b383-7692-4c58-86fe-6eeea1c28e35: 158 ms
Cold Start: false
Unique ID: ba5dc85d-2e1a-4268-a0a1-d15a89717453,
Billed Duration for Request ba5dc85d-2e1a-4268-a0a1-d15a89717453: 136 ms
Cold Start: false
Unique ID: c0400c76-ab28-4804-942c-0203f4cef3b6,
Billed Duration for Request c0400c76-ab28-4804-942c-0203f4cef3b6: 135 ms
Cold Start: false
Unique ID: 3352882e-908d-43ca-bd04-1d712df6994b,
Billed Duration for Request 3352882e-908d-43ca-bd04-1d712df6994b: 122 ms
Cold Start: false
Unique ID: 873e272a-dd24-423b-b793-e90fa8118956,
Billed Duration for Request 873e272a-dd24-423b-b793-e90fa8118956: 100 ms
Cold Start: false
Unique ID: 069fa6e1-835c-4bb3-a111-31ca96d1c855,
Billed Duration for Request 069fa6e1-835c-4bb3-a111-31ca96d1c855: 108 ms
Cold Start: false
Unique ID: 614f81b6-359c-43c2-bfc0-5dc064982920,
Billed Duration for Request 614f81b6-359c-43c2-bfc0-5dc064982920: 156 ms
Cold Start: false
Unique ID: 6aaf3a83-522c-4d99-9302-2e48790dd67a,
Billed Duration for Request 6aaf3a83-522c-4d99-9302-2e48790dd67a: 73 ms
Cold Start: false
Unique ID: 106f612f-b053-4324-acc7-a54a832002e8,
Billed Duration for Request 106f612f-b053-4324-acc7-a54a832002e8: 133 ms
Cold Start: false
Unique ID: 9f8bc9b6-8a3f-4c25-ba2b-9b9eed9cb328,
Billed Duration for Request 9f8bc9b6-8a3f-4c25-ba2b-9b9eed9cb328: 112 ms
Cold Start: false
Unique ID: d708bd83-f81a-4873-ad45-2a8915c9e4c5,
Billed Duration for Request d708bd83-f81a-4873-ad45-2a8915c9e4c5: 162 ms
Cold Start: false
Unique ID: 30dffc87-d366-4c4b-a43e-e93bc0ac0bed,
Billed Duration for Request 30dffc87-d366-4c4b-a43e-e93bc0ac0bed: 89 ms
Cold Start: false
Unique ID: f074e924-0b97-4b4d-a11f-cb07e78bab51,
Billed Duration for Request f074e924-0b97-4b4d-a11f-cb07e78bab51: 101 ms
Cold Start: false
Unique ID: 63a7a9fa-9a38-4449-949e-9dd520f47ca7,
Billed Duration for Request 63a7a9fa-9a38-4449-949e-9dd520f47ca7: 145 ms
Cold Start: false
Unique ID: 57cdef9b-e26c-4536-9838-cb4757ba190a,
Billed Duration for Request 57cdef9b-e26c-4536-9838-cb4757ba190a: 143 ms
Cold Start: false
Unique ID: 4619f347-6da9-4f1f-bc9b-c9dbbb8c97cb,
Billed Duration for Request 4619f347-6da9-4f1f-bc9b-c9dbbb8c97cb: 77 ms
Cold Start: false
Unique ID: a17590da-c971-4151-a9f6-ed5752a959b0,
Billed Duration for Request a17590da-c971-4151-a9f6-ed5752a959b0: 93 ms
Cold Start: false
Unique ID: 3ea8e8e6-1cdc-42ef-bf8f-21dc5bdedf65,
Billed Duration for Request 3ea8e8e6-1cdc-42ef-bf8f-21dc5bdedf65: 118 ms
Cold Start: false
Unique ID: 6b05d2df-120c-4830-b7f3-63251a693f0e,
Billed Duration for Request 6b05d2df-120c-4830-b7f3-63251a693f0e: 155 ms
Cold Start: false
Unique ID: d2436241-3d78-4258-b593-30a62d3a2eeb,
Billed Duration for Request d2436241-3d78-4258-b593-30a62d3a2eeb: 92 ms
Cold Start: false
Unique ID: 6b31b599-9e21-458e-9ba6-127dc68dcbeb,
Billed Duration for Request 6b31b599-9e21-458e-9ba6-127dc68dcbeb: 119 ms
Cold Start: false
Unique ID: 379c95ee-b5dc-4bdf-818b-37b593a594b3,
Billed Duration for Request 379c95ee-b5dc-4bdf-818b-37b593a594b3: 123 ms
Cold Start: false
Unique ID: dbec1933-e802-4372-94c4-da5b4e21fb04,
Billed Duration for Request dbec1933-e802-4372-94c4-da5b4e21fb04: 134 ms
Cold Start: false
Unique ID: b11d380f-ceda-4667-ae2d-ecb11b926fcf,
Billed Duration for Request b11d380f-ceda-4667-ae2d-ecb11b926fcf: 123 ms
Cold Start: false
Unique ID: 11aba458-ece9-45ff-8921-283caebca867,
Billed Duration for Request 11aba458-ece9-45ff-8921-283caebca867: 130 ms
Cold Start: false
Unique ID: 38a85675-fafc-46f3-99a3-faa8b045fac7,
Billed Duration for Request 38a85675-fafc-46f3-99a3-faa8b045fac7: 141 ms
Cold Start: false
Unique ID: 19d17632-dc45-4ada-bbb3-8309a52b1176,
Billed Duration for Request 19d17632-dc45-4ada-bbb3-8309a52b1176: 106 ms
Cold Start: false
Unique ID: efb44f33-87ca-41e6-a0d0-267864801af0,
Billed Duration for Request efb44f33-87ca-41e6-a0d0-267864801af0: 124 ms
Cold Start: false
Unique ID: 15fd299f-f529-49fb-a0c1-708f9a2662b0,
Billed Duration for Request 15fd299f-f529-49fb-a0c1-708f9a2662b0: 142 ms
Cold Start: false
Unique ID: 05bfe424-d22b-435a-8537-244d0d44b4f0,
Billed Duration for Request 05bfe424-d22b-435a-8537-244d0d44b4f0: 88 ms
Cold Start: false
Unique ID: eab18acc-60ae-4f2a-9cd7-8b5e543e9e48,
Billed Duration for Request eab18acc-60ae-4f2a-9cd7-8b5e543e9e48: 89 ms
Cold Start: false
Unique ID: 3a5f7675-87ed-49f6-92fc-ae4efb5da95d,
Billed Duration for Request 3a5f7675-87ed-49f6-92fc-ae4efb5da95d: 147 ms
Cold Start: false
Unique ID: d0f20040-d5b0-41eb-b08a-6ea97ba1b5de,
Billed Duration for Request d0f20040-d5b0-41eb-b08a-6ea97ba1b5de: 121 ms
Cold Start: false
Unique ID: 7d52ff2c-ccf9-4501-bd4b-e405a1b6fda8,
Billed Duration for Request 7d52ff2c-ccf9-4501-bd4b-e405a1b6fda8: 138 ms
Cold Start: false
Unique ID: 4bd0ede9-21bc-47d9-9295-d6b4f07df107,
Billed Duration for Request 4bd0ede9-21bc-47d9-9295-d6b4f07df107: 77 ms
Cold Start: false
Unique ID: c11a2a17-12ee-417e-a0a8-f74b19f0b3a4,
Billed Duration for Request c11a2a17-12ee-417e-a0a8-f74b19f0b3a4: 121 ms
Cold Start: false
Unique ID: 4eda088c-4f17-4150-ba6c-cc44e0752a74,
Billed Duration for Request 4eda088c-4f17-4150-ba6c-cc44e0752a74: 85 ms
Cold Start: false
Unique ID: 0b3dd919-90d9-461f-8f05-11e0a99e755d,
Billed Duration for Request 0b3dd919-90d9-461f-8f05-11e0a99e755d: 109 ms
Cold Start: false
Unique ID: 1defccdb-9b22-4a73-b48f-ce088e8e2cd5,
Billed Duration for Request 1defccdb-9b22-4a73-b48f-ce088e8e2cd5: 122 ms
Cold Start: false
Unique ID: f9e257f4-cf90-4847-8194-855d5208359e,
Billed Duration for Request f9e257f4-cf90-4847-8194-855d5208359e: 155 ms
Cold Start: false
Unique ID: 9fbbe6c0-2cfd-4b4a-ab0c-0b3768efd9ec,
Billed Duration for Request 9fbbe6c0-2cfd-4b4a-ab0c-0b3768efd9ec: 112 ms
Cold Start: false
Unique ID: 145b20ec-5de9-49e3-95f4-3cc1d2fa407a,
Billed Duration for Request 145b20ec-5de9-49e3-95f4-3cc1d2fa407a: 145 ms
Cold Start: false
Unique ID: 4ce04e08-c72f-4673-a7ec-35acbc1f3747,
Billed Duration for Request 4ce04e08-c72f-4673-a7ec-35acbc1f3747: 101 ms
Cold Start: false
Unique ID: db03f4a5-7298-4a9e-8d1f-ff5173ff13ee,
Billed Duration for Request db03f4a5-7298-4a9e-8d1f-ff5173ff13ee: 90 ms
Cold Start: false
Unique ID: c30be20c-1044-45c3-814d-6b71645625c9,
Billed Duration for Request c30be20c-1044-45c3-814d-6b71645625c9: 109 ms
Cold Start: false
Unique ID: fc252bce-8278-4e07-95b7-ebc12512b1cd,
Billed Duration for Request fc252bce-8278-4e07-95b7-ebc12512b1cd: 135 ms
Cold Start: false
Unique ID: 93548d9d-42ad-4a95-8afa-dd5bdcf2e024,
Billed Duration for Request 93548d9d-42ad-4a95-8afa-dd5bdcf2e024: 155 ms
Cold Start: false
Unique ID: e8be3ca3-a8bc-4644-8100-1f7dbd4f0cce,
Billed Duration for Request e8be3ca3-a8bc-4644-8100-1f7dbd4f0cce: 104 ms
Cold Start: false
Unique ID: 2bc185c2-f1a3-4666-8485-4a6dd3722975,
Billed Duration for Request 2bc185c2-f1a3-4666-8485-4a6dd3722975: 85 ms
Cold Start: false
Unique ID: f2da000a-bdde-469a-afba-3b93db72b924,
Billed Duration for Request f2da000a-bdde-469a-afba-3b93db72b924: 116 ms
Cold Start: false
Unique ID: 9b84211a-3e09-4a84-ae1e-247423e49c6b,
Billed Duration for Request 9b84211a-3e09-4a84-ae1e-247423e49c6b: 161 ms
Cold Start: false
Unique ID: 186114f0-2ab8-4e22-8c23-d262b9937d3c,
Billed Duration for Request 186114f0-2ab8-4e22-8c23-d262b9937d3c: 90 ms
Cold Start: false
Unique ID: 8901b79f-9177-4300-94ea-3453c70e506a,
Billed Duration for Request 8901b79f-9177-4300-94ea-3453c70e506a: 94 ms
Cold Start: false
Unique ID: ab9fb664-f105-438f-9816-113190580a28,
Billed Duration for Request ab9fb664-f105-438f-9816-113190580a28: 111 ms
Cold Start: false
Unique ID: 88650dde-66f3-42c6-9bc6-681d37da8221,
Billed Duration for Request 88650dde-66f3-42c6-9bc6-681d37da8221: 143 ms
Cold Start: false
Unique ID: e47c12f1-3ceb-41b0-a686-53939b284781,
Billed Duration for Request e47c12f1-3ceb-41b0-a686-53939b284781: 106 ms
Cold Start: false
Unique ID: 6d177384-78c4-481e-8b00-dcb9c1bdb218,
Billed Duration for Request 6d177384-78c4-481e-8b00-dcb9c1bdb218: 157 ms
Cold Start: false
Unique ID: e7600162-2b32-41dc-a67e-5da1c9b58ff0,
Billed Duration for Request e7600162-2b32-41dc-a67e-5da1c9b58ff0: 118 ms
Cold Start: false
Unique ID: f1403722-bc2c-404f-a642-95ec448a75e3,
Billed Duration for Request f1403722-bc2c-404f-a642-95ec448a75e3: 118 ms
Cold Start: false
Unique ID: ed940e31-3ab1-409f-beb7-1c3e254dbdcc,
Billed Duration for Request ed940e31-3ab1-409f-beb7-1c3e254dbdcc: 89 ms
Cold Start: false
Unique ID: 858819b9-8b69-46ca-b480-3e54300d2f13,
Billed Duration for Request 858819b9-8b69-46ca-b480-3e54300d2f13: 125 ms
Cold Start: false
Unique ID: cad3943b-c99c-4f4e-a58b-e536469a567f,
Billed Duration for Request cad3943b-c99c-4f4e-a58b-e536469a567f: 113 ms
Cold Start: false
Unique ID: 5cfafdd1-ad02-4c4f-9dde-c9ce780595db,
Billed Duration for Request 5cfafdd1-ad02-4c4f-9dde-c9ce780595db: 164 ms
Cold Start: false
Unique ID: 5e5375be-29b7-4d18-882e-a2057ac739e0,
Billed Duration for Request 5e5375be-29b7-4d18-882e-a2057ac739e0: 106 ms
Cold Start: false
Unique ID: ed17a96c-fd4b-46a5-8da1-e47ec94c1a48,
Billed Duration for Request ed17a96c-fd4b-46a5-8da1-e47ec94c1a48: 97 ms
Cold Start: false
Unique ID: 6d031a56-ad69-4e1c-9cd8-e08e5ae76a29,
Billed Duration for Request 6d031a56-ad69-4e1c-9cd8-e08e5ae76a29: 123 ms
Cold Start: false
Unique ID: 89cf33b0-cf19-4035-8de6-4be10925cee5,
Billed Duration for Request 89cf33b0-cf19-4035-8de6-4be10925cee5: 85 ms
Cold Start: false
Unique ID: 0853c09a-3682-40ea-98fc-98b36075a743,
Billed Duration for Request 0853c09a-3682-40ea-98fc-98b36075a743: 94 ms
Cold Start: false
Unique ID: 9ac73939-c87f-4694-a181-7f48c9887af5,
Billed Duration for Request 9ac73939-c87f-4694-a181-7f48c9887af5: 140 ms
Cold Start: false
Unique ID: 7d811b6a-1fd3-4935-8696-ae8677ecb244,
Billed Duration for Request 7d811b6a-1fd3-4935-8696-ae8677ecb244: 157 ms
Cold Start: false
Unique ID: 81d72c32-42ba-4087-a77b-44db5bfd7ab6,
Billed Duration for Request 81d72c32-42ba-4087-a77b-44db5bfd7ab6: 140 ms
Cold Start: false
Unique ID: b07a2230-65d2-46b3-beb0-b4d3385457fa,
Billed Duration for Request b07a2230-65d2-46b3-beb0-b4d3385457fa: 112 ms
Cold Start: false
Unique ID: 2126b6d3-1523-4476-8c26-cece63e39de4,
Billed Duration for Request 2126b6d3-1523-4476-8c26-cece63e39de4: 119 ms
Cold Start: false
Unique ID: ff53c6a2-d03b-41d2-9641-9407bff71773,
Billed Duration for Request ff53c6a2-d03b-41d2-9641-9407bff71773: 93 ms
Cold Start: false
Unique ID: 523780ec-1e50-4bcd-a3f2-14b258674b52,
Billed Duration for Request 523780ec-1e50-4bcd-a3f2-14b258674b52: 121 ms
Cold Start: false
Unique ID: 8b973484-53ef-48c4-b0f7-d0674d092d5f,
Billed Duration for Request 8b973484-53ef-48c4-b0f7-d0674d092d5f: 106 ms
Cold Start: false
Unique ID: 5d9720c2-0693-40cf-b683-375023ca3325,
Billed Duration for Request 5d9720c2-0693-40cf-b683-375023ca3325: 123 ms
Cold Start: false
Unique ID: 7aa02386-7cd6-4218-a9c4-b0ffb52af739,
Billed Duration for Request 7aa02386-7cd6-4218-a9c4-b0ffb52af739: 120 ms
Cold Start: false
Unique ID: 73b6a6d2-f7e6-42e5-b33b-6aec8eb76a4d,
Billed Duration for Request 73b6a6d2-f7e6-42e5-b33b-6aec8eb76a4d: 109 ms
Cold Start: false
Unique ID: 0c195e31-2c85-4e64-a023-a36924e0fb21,
Billed Duration for Request 0c195e31-2c85-4e64-a023-a36924e0fb21: 110 ms
Cold Start: false
Unique ID: ef245f4e-69eb-43a9-8744-428ed26609cf,
Billed Duration for Request ef245f4e-69eb-43a9-8744-428ed26609cf: 134 ms
Cold Start: false
Unique ID: 02616d35-9af0-4da6-8fb7-3ef5749c2ca0,
Billed Duration for Request 02616d35-9af0-4da6-8fb7-3ef5749c2ca0: 124 ms
Cold Start: false
Unique ID: ea4f05b6-ff4e-499b-84ab-b44152d889b0,
Billed Duration for Request ea4f05b6-ff4e-499b-84ab-b44152d889b0: 106 ms
Cold Start: false
Unique ID: 1f79b352-5afa-4612-8b2f-5522e497837c,
Billed Duration for Request 1f79b352-5afa-4612-8b2f-5522e497837c: 85 ms
Cold Start: false
Unique ID: a8ea84f2-50ee-46ec-995a-c194425777b2,
Billed Duration for Request a8ea84f2-50ee-46ec-995a-c194425777b2: 188 ms
Cold Start: false
Unique ID: 2cd19755-d891-4c65-8d20-9738a771caab,
Billed Duration for Request 2cd19755-d891-4c65-8d20-9738a771caab: 133 ms
Cold Start: false
Unique ID: 532bd160-0cc4-4e67-9157-ecd2867e9601,
Billed Duration for Request 532bd160-0cc4-4e67-9157-ecd2867e9601: 88 ms
Cold Start: false
Unique ID: 2ee0d89a-959a-4eae-ba7d-8cb6cbd51af1,
Billed Duration for Request 2ee0d89a-959a-4eae-ba7d-8cb6cbd51af1: 100 ms
Cold Start: false
Unique ID: 2ac2450e-59a1-407d-bb1c-64894a5ded8b,
Billed Duration for Request 2ac2450e-59a1-407d-bb1c-64894a5ded8b: 111 ms
Cold Start: false
Unique ID: 1b151a09-aab5-4b22-958b-fec53385a790,
Billed Duration for Request 1b151a09-aab5-4b22-958b-fec53385a790: 166 ms
Cold Start: false
Unique ID: d5ad5c5e-aca6-4254-8941-7204eed4951c,
Billed Duration for Request d5ad5c5e-aca6-4254-8941-7204eed4951c: 149 ms
Cold Start: false
Unique ID: 80a3cf60-bedf-4664-aa40-b68fb5d23e4c,
Billed Duration for Request 80a3cf60-bedf-4664-aa40-b68fb5d23e4c: 119 ms
Cold Start: false
Unique ID: ea14fd41-51bc-439c-8455-faf5b271481a,
Billed Duration for Request ea14fd41-51bc-439c-8455-faf5b271481a: 124 ms
Cold Start: false
Unique ID: ac8db447-3176-40bd-ab8a-e385c9caf7f7,
Billed Duration for Request ac8db447-3176-40bd-ab8a-e385c9caf7f7: 100 ms
Cold Start: false
Unique ID: 9293ef7f-8e81-4cfe-9513-b623435d5ae4,
Billed Duration for Request 9293ef7f-8e81-4cfe-9513-b623435d5ae4: 143 ms
Cold Start: false
Unique ID: 72ad7a99-1428-49e1-9028-657f582defa4,
Billed Duration for Request 72ad7a99-1428-49e1-9028-657f582defa4: 86 ms
Cold Start: false
Unique ID: 85d3d3f1-e1a1-40b2-bceb-afb330ae3df4,
Billed Duration for Request 85d3d3f1-e1a1-40b2-bceb-afb330ae3df4: 141 ms
Cold Start: false
Unique ID: 6cb3f146-d4b1-4dd2-be97-d94db1ca2125,
Billed Duration for Request 6cb3f146-d4b1-4dd2-be97-d94db1ca2125: 179 ms
Cold Start: false
Unique ID: ff5a7542-0227-4806-ad46-21dbb5758b77,
Billed Duration for Request ff5a7542-0227-4806-ad46-21dbb5758b77: 121 ms
Cold Start: false
Unique ID: 2aa8bfd0-c5f6-450d-9fa6-1d721d8cf845,
Billed Duration for Request 2aa8bfd0-c5f6-450d-9fa6-1d721d8cf845: 159 ms
Cold Start: false
Unique ID: 7820b41a-236a-4ad7-8d81-9efdf7e91eee,
Billed Duration for Request 7820b41a-236a-4ad7-8d81-9efdf7e91eee: 103 ms
Cold Start: false
Unique ID: 279b85e1-def7-45a8-bdb4-280fe178f302,
Billed Duration for Request 279b85e1-def7-45a8-bdb4-280fe178f302: 121 ms
Cold Start: false
Unique ID: 61106363-261a-4ef7-841a-097a30396a7a,
Billed Duration for Request 61106363-261a-4ef7-841a-097a30396a7a: 172 ms
Cold Start: false
Unique ID: 035f45ea-15fb-41d5-bbf4-267f2d6c0047,
Billed Duration for Request 035f45ea-15fb-41d5-bbf4-267f2d6c0047: 132 ms
Cold Start: false
Unique ID: 7b79c2c3-8293-45ce-9e77-3d502d4e5041,
Billed Duration for Request 7b79c2c3-8293-45ce-9e77-3d502d4e5041: 122 ms
Cold Start: false
Unique ID: 4a45782a-57b6-4da0-a7c6-789c9e7d914c,
Billed Duration for Request 4a45782a-57b6-4da0-a7c6-789c9e7d914c: 102 ms
Cold Start: false
Unique ID: 94c8ded1-72d4-472c-aaf5-889a0135a96d,
Billed Duration for Request 94c8ded1-72d4-472c-aaf5-889a0135a96d: 138 ms
Cold Start: false
Unique ID: 6a1ffa21-1b55-44ca-aa26-1b20c2c44184,
Billed Duration for Request 6a1ffa21-1b55-44ca-aa26-1b20c2c44184: 119 ms
Cold Start: false
Unique ID: 5c342d9b-dceb-4c16-8008-89d67a490b9e,
Billed Duration for Request 5c342d9b-dceb-4c16-8008-89d67a490b9e: 176 ms
Cold Start: false
Unique ID: c928b8db-0e00-48ab-86c1-05083bf2f260,
Billed Duration for Request c928b8db-0e00-48ab-86c1-05083bf2f260: 134 ms
Cold Start: false
Unique ID: 9ec2c495-a717-48fb-9c1b-6f7989521c3e,
Billed Duration for Request 9ec2c495-a717-48fb-9c1b-6f7989521c3e: 156 ms
Cold Start: false
Unique ID: 4f9d0258-a2ee-4be0-b130-ce3b38ba726b,
Billed Duration for Request 4f9d0258-a2ee-4be0-b130-ce3b38ba726b: 124 ms
Cold Start: false
Unique ID: e89a7e2f-ca0a-4ea3-88c8-56c004ec5a21,
Billed Duration for Request e89a7e2f-ca0a-4ea3-88c8-56c004ec5a21: 108 ms
Cold Start: false
Unique ID: 1b6e8a89-8202-42f7-a08e-bdd57ad6d800,
Billed Duration for Request 1b6e8a89-8202-42f7-a08e-bdd57ad6d800: 99 ms
Cold Start: false
Unique ID: ec3d2dee-07e9-4612-a1c8-5468182540aa,
Billed Duration for Request ec3d2dee-07e9-4612-a1c8-5468182540aa: 105 ms
Cold Start: false
Unique ID: 8d4af440-2119-4fec-a09b-b6f5c637fd1e,
Billed Duration for Request 8d4af440-2119-4fec-a09b-b6f5c637fd1e: 108 ms
Cold Start: false
Unique ID: cf7298b1-9560-4860-a7eb-92c1b3fb6d92,
Billed Duration for Request cf7298b1-9560-4860-a7eb-92c1b3fb6d92: 149 ms
Cold Start: false
Unique ID: 449c15ba-e46b-4505-a9e8-aaf2df6aacd0,
Billed Duration for Request 449c15ba-e46b-4505-a9e8-aaf2df6aacd0: 88 ms
Cold Start: false
Unique ID: 9d06826a-f626-4f12-8b9c-af4cccc41103,
Billed Duration for Request 9d06826a-f626-4f12-8b9c-af4cccc41103: 162 ms
Cold Start: false
Unique ID: a1d54e5f-529c-453a-8683-5b67b00235cc,
Billed Duration for Request a1d54e5f-529c-453a-8683-5b67b00235cc: 89 ms
Cold Start: false
Unique ID: 0528f2ba-5ffa-4089-ae21-69a56e45a4f6,
Billed Duration for Request 0528f2ba-5ffa-4089-ae21-69a56e45a4f6: 148 ms
Cold Start: false
Unique ID: 15b4ed3a-3fc6-4d2d-a4dc-bc595c6c5835,
Billed Duration for Request 15b4ed3a-3fc6-4d2d-a4dc-bc595c6c5835: 118 ms
Cold Start: false
Unique ID: f1a26471-66c9-4216-89e8-14f9c32fb678,
Billed Duration for Request f1a26471-66c9-4216-89e8-14f9c32fb678: 167 ms
Cold Start: false
Unique ID: 73298740-3457-459c-af4e-3b35d0032fa8,
Billed Duration for Request 73298740-3457-459c-af4e-3b35d0032fa8: 104 ms
Cold Start: false
Unique ID: d59562ee-1870-4b53-9e40-50f45638a4b5,
Billed Duration for Request d59562ee-1870-4b53-9e40-50f45638a4b5: 121 ms
Cold Start: false
Unique ID: cd1c4e44-dad6-47ae-989c-00a633d520b2,
Billed Duration for Request cd1c4e44-dad6-47ae-989c-00a633d520b2: 116 ms
Cold Start: false
Unique ID: 885233d9-94b2-46a9-9aeb-c00b9e89adde,
Billed Duration for Request 885233d9-94b2-46a9-9aeb-c00b9e89adde: 170 ms
Cold Start: false
Unique ID: ee2454aa-6658-4e51-9fe9-2f4206911d68,
Billed Duration for Request ee2454aa-6658-4e51-9fe9-2f4206911d68: 142 ms
Cold Start: false
Unique ID: 5347b0d3-4a6b-4693-ae96-bba99c10d45b,
Billed Duration for Request 5347b0d3-4a6b-4693-ae96-bba99c10d45b: 88 ms
Cold Start: false
Unique ID: 9e4aa983-a809-46e7-8b52-39ef60e4c951,
Billed Duration for Request 9e4aa983-a809-46e7-8b52-39ef60e4c951: 104 ms
Cold Start: false
Unique ID: a0fd253d-b7ca-4a9c-b4c1-602ea539809f,
Billed Duration for Request a0fd253d-b7ca-4a9c-b4c1-602ea539809f: 140 ms
Cold Start: false
Unique ID: 54ee295a-5089-4f50-b9ac-797816dbdfcf,
Billed Duration for Request 54ee295a-5089-4f50-b9ac-797816dbdfcf: 88 ms
Cold Start: false
Unique ID: 7282a1bc-f191-40ae-9179-e540b00a1f17,
Billed Duration for Request 7282a1bc-f191-40ae-9179-e540b00a1f17: 100 ms
Cold Start: false
Unique ID: 946b9c0b-fdd0-4d8b-a219-312e33288f75,
Billed Duration for Request 946b9c0b-fdd0-4d8b-a219-312e33288f75: 120 ms
Cold Start: false
Unique ID: 1268d9a2-40ca-4f76-9b2b-9f14d950cace,
Billed Duration for Request 1268d9a2-40ca-4f76-9b2b-9f14d950cace: 130 ms
Cold Start: false
Unique ID: 3a612b08-6a57-4539-a105-9469a19cfd25,
Billed Duration for Request 3a612b08-6a57-4539-a105-9469a19cfd25: 110 ms
Cold Start: false
Unique ID: cb486ae5-dba5-4362-a86a-a825316f2989,
Billed Duration for Request cb486ae5-dba5-4362-a86a-a825316f2989: 134 ms
Cold Start: false
Unique ID: 96435d91-8b43-45b7-bf85-20e95de4ece9,
Billed Duration for Request 96435d91-8b43-45b7-bf85-20e95de4ece9: 144 ms
Cold Start: false
Unique ID: 18178249-3124-463e-af52-737c7c065522,
Billed Duration for Request 18178249-3124-463e-af52-737c7c065522: 105 ms
Cold Start: false
Unique ID: 686d4626-6a83-4028-a655-55978b41b01c,
Billed Duration for Request 686d4626-6a83-4028-a655-55978b41b01c: 84 ms
Cold Start: false
Unique ID: 338f0a4d-14e8-479e-94fd-3f696dedf1d8,
Billed Duration for Request 338f0a4d-14e8-479e-94fd-3f696dedf1d8: 149 ms
Cold Start: false
Unique ID: 7f814ce6-d52a-4bc9-827a-0747201ad45f,
Billed Duration for Request 7f814ce6-d52a-4bc9-827a-0747201ad45f: 138 ms
Cold Start: false
Unique ID: 418962b9-d053-443f-95e0-a73d4c612898,
Billed Duration for Request 418962b9-d053-443f-95e0-a73d4c612898: 101 ms
Cold Start: false
Unique ID: 2edaa302-b0ab-4616-a889-12e44d0d3466,
Billed Duration for Request 2edaa302-b0ab-4616-a889-12e44d0d3466: 115 ms
Cold Start: false
Unique ID: 43c2308b-e979-4a13-b75e-74594be82cd7,
Billed Duration for Request 43c2308b-e979-4a13-b75e-74594be82cd7: 93 ms
Cold Start: false
Unique ID: 569dc6c9-c479-4286-b872-9482971cce39,
Billed Duration for Request 569dc6c9-c479-4286-b872-9482971cce39: 165 ms
Cold Start: false
Unique ID: d0c6cbb9-3df5-4529-ab1f-c2cc194c5c0f,
Billed Duration for Request d0c6cbb9-3df5-4529-ab1f-c2cc194c5c0f: 170 ms
Cold Start: false
Unique ID: f27b1926-a97b-4542-b6ac-0f78ebbb09a6,
Billed Duration for Request f27b1926-a97b-4542-b6ac-0f78ebbb09a6: 138 ms
Cold Start: false
Unique ID: 604e913d-e455-47fc-b69d-4f1a4330083a,
Billed Duration for Request 604e913d-e455-47fc-b69d-4f1a4330083a: 97 ms
Cold Start: false
Unique ID: 08c5a1c7-6583-41a7-80f9-8bf7d74cfc4b,
Billed Duration for Request 08c5a1c7-6583-41a7-80f9-8bf7d74cfc4b: 110 ms
Cold Start: false
Unique ID: d35f4c03-c38c-49d0-9f37-dc3518d8d02f,
Billed Duration for Request d35f4c03-c38c-49d0-9f37-dc3518d8d02f: 120 ms
Cold Start: false
Unique ID: 7367f945-bc16-4b9c-8b4a-eb3f2244a6a9,
Billed Duration for Request 7367f945-bc16-4b9c-8b4a-eb3f2244a6a9: 110 ms
Cold Start: false
Unique ID: 6c768291-0e86-4af8-a0d6-3550174f9de2,
Billed Duration for Request 6c768291-0e86-4af8-a0d6-3550174f9de2: 76 ms
Cold Start: false
Unique ID: 0db21cdb-2c7e-470c-9ff7-8feccfde911e,
Billed Duration for Request 0db21cdb-2c7e-470c-9ff7-8feccfde911e: 148 ms
Cold Start: false
Unique ID: 2275b2b2-e5c3-4338-be49-faa435fd0f2b,
Billed Duration for Request 2275b2b2-e5c3-4338-be49-faa435fd0f2b: 163 ms
Cold Start: false
Unique ID: 270c8e93-6b27-48d2-8eca-92fa6fa742cf,
Billed Duration for Request 270c8e93-6b27-48d2-8eca-92fa6fa742cf: 86 ms
Cold Start: false
Unique ID: 6e280693-0ebd-4c8e-99b4-36325827a555,
Billed Duration for Request 6e280693-0ebd-4c8e-99b4-36325827a555: 124 ms
Cold Start: false
Unique ID: de3350c5-c86d-4949-9edc-18c6e40a9c62,
Billed Duration for Request de3350c5-c86d-4949-9edc-18c6e40a9c62: 138 ms
Cold Start: false
Unique ID: 273d9f8c-19a4-433a-a0e5-d7971fedb140,
Billed Duration for Request 273d9f8c-19a4-433a-a0e5-d7971fedb140: 150 ms
Cold Start: false
Unique ID: d84f8f28-216e-49c7-bf98-1a4ca6265a87,
Billed Duration for Request d84f8f28-216e-49c7-bf98-1a4ca6265a87: 132 ms
Cold Start: false
Unique ID: a9ee3bc6-e05a-4b9c-a018-91ec2ad747b3,
Billed Duration for Request a9ee3bc6-e05a-4b9c-a018-91ec2ad747b3: 109 ms
Cold Start: false
Unique ID: cb726f5c-0c95-4833-a9a5-f81d60d8baa5,
Billed Duration for Request cb726f5c-0c95-4833-a9a5-f81d60d8baa5: 82 ms
Cold Start: false
Unique ID: 1f763a9d-be4d-4c30-be9a-90f6297bb7d0,
Billed Duration for Request 1f763a9d-be4d-4c30-be9a-90f6297bb7d0: 124 ms
Cold Start: false
Unique ID: 6f1777a8-974d-47ea-92e4-28fd36f80c18,
Billed Duration for Request 6f1777a8-974d-47ea-92e4-28fd36f80c18: 76 ms
Cold Start: false
Unique ID: 0c721e16-356f-4bcf-a04a-f4047187e840,
Billed Duration for Request 0c721e16-356f-4bcf-a04a-f4047187e840: 127 ms
Cold Start: false
Unique ID: a5030213-b3b8-4e3e-b2b9-0789bf4077b0,
Billed Duration for Request a5030213-b3b8-4e3e-b2b9-0789bf4077b0: 140 ms
Cold Start: false
Unique ID: 395016e9-df6f-4e4c-9530-79010324234d,
Billed Duration for Request 395016e9-df6f-4e4c-9530-79010324234d: 147 ms
Cold Start: false
Unique ID: be4c153a-9914-48e8-b035-de6a092848ae,
Billed Duration for Request be4c153a-9914-48e8-b035-de6a092848ae: 114 ms
Cold Start: false
Unique ID: d156d578-413f-4736-8762-ecb9764ccac1,
Billed Duration for Request d156d578-413f-4736-8762-ecb9764ccac1: 128 ms
Cold Start: false
Unique ID: db928354-f714-4bd8-8f92-096261e37078,
Billed Duration for Request db928354-f714-4bd8-8f92-096261e37078: 145 ms
Cold Start: false
Unique ID: efb579e4-3bb0-4782-8d65-c54e9ea2428b,
Billed Duration for Request efb579e4-3bb0-4782-8d65-c54e9ea2428b: 122 ms
Cold Start: false
Unique ID: 8fbfe36a-241d-4dcf-8adf-56e4800ca6ea,
Billed Duration for Request 8fbfe36a-241d-4dcf-8adf-56e4800ca6ea: 110 ms
Cold Start: false
Unique ID: cb708c62-9b4c-44f6-bf91-f30d557f4bf2,
Billed Duration for Request cb708c62-9b4c-44f6-bf91-f30d557f4bf2: 96 ms
Cold Start: false
Unique ID: 62416a9d-a5fc-475e-bfd7-75431e4c0b73,
Billed Duration for Request 62416a9d-a5fc-475e-bfd7-75431e4c0b73: 110 ms
Cold Start: false
Unique ID: 49c5d093-a0c0-459a-afb8-5326f35c18f6,
Billed Duration for Request 49c5d093-a0c0-459a-afb8-5326f35c18f6: 176 ms
Cold Start: false
Unique ID: cd2145b6-25d9-4d11-b145-52347c36e91c,
Billed Duration for Request cd2145b6-25d9-4d11-b145-52347c36e91c: 78 ms
Cold Start: false
Unique ID: e63d7363-f0ea-4d80-b9bc-efb73933ff95,
Billed Duration for Request e63d7363-f0ea-4d80-b9bc-efb73933ff95: 115 ms
Cold Start: false
Unique ID: e048f3f1-6f91-45dc-8e5d-df41b15b897c,
Billed Duration for Request e048f3f1-6f91-45dc-8e5d-df41b15b897c: 108 ms
Cold Start: false
Unique ID: 51175fea-8d25-4793-affd-acf4b3c61513,
Billed Duration for Request 51175fea-8d25-4793-affd-acf4b3c61513: 174 ms
Cold Start: false
Unique ID: f9ed02e7-060a-4fac-a2a0-32fd5c0e531c,
Billed Duration for Request f9ed02e7-060a-4fac-a2a0-32fd5c0e531c: 99 ms
Cold Start: false
Unique ID: efb0286f-24bc-4c76-ab05-2122c41e46ec,
Billed Duration for Request efb0286f-24bc-4c76-ab05-2122c41e46ec: 115 ms
Cold Start: false
Unique ID: a0096e67-6299-4969-8f0c-916a8a7ad858,
Billed Duration for Request a0096e67-6299-4969-8f0c-916a8a7ad858: 162 ms
Cold Start: false
Unique ID: 123f0d09-d5ef-49cb-a901-0b9845681c06,
Billed Duration for Request 123f0d09-d5ef-49cb-a901-0b9845681c06: 137 ms
Cold Start: false
Unique ID: 428299ba-122f-453a-9bc6-3ccb7e2944bb,
Billed Duration for Request 428299ba-122f-453a-9bc6-3ccb7e2944bb: 93 ms
Cold Start: false
Unique ID: afb8df6d-8637-4585-a3b5-a732c8632f23,
Billed Duration for Request afb8df6d-8637-4585-a3b5-a732c8632f23: 122 ms
Cold Start: false
Unique ID: 2c2a6076-3c4c-41b4-8327-3302b8d25f53,
Billed Duration for Request 2c2a6076-3c4c-41b4-8327-3302b8d25f53: 141 ms
Cold Start: false
Unique ID: f337058a-b2e2-43d1-9ccc-d2f609aa3566,
Billed Duration for Request f337058a-b2e2-43d1-9ccc-d2f609aa3566: 145 ms
Cold Start: false
Unique ID: dc29ddcc-4b45-463b-b93a-4871a9c3d980,
Billed Duration for Request dc29ddcc-4b45-463b-b93a-4871a9c3d980: 100 ms
Cold Start: false
Unique ID: 843d7e5d-25af-49de-b69a-7969c0cf41e6,
Billed Duration for Request 843d7e5d-25af-49de-b69a-7969c0cf41e6: 98 ms
Cold Start: false
Unique ID: 61339e12-fc40-44a4-88dd-19dd448327b9,
Billed Duration for Request 61339e12-fc40-44a4-88dd-19dd448327b9: 145 ms
Cold Start: false
Unique ID: 2eaf7d37-9109-49e5-935a-770e2574da6f,
Billed Duration for Request 2eaf7d37-9109-49e5-935a-770e2574da6f: 164 ms
Cold Start: false
Unique ID: faa494b2-f55c-4bfd-bf19-908fe4d6a341,
Billed Duration for Request faa494b2-f55c-4bfd-bf19-908fe4d6a341: 87 ms
Cold Start: false
Unique ID: 5a77dfdd-962e-4278-87d9-0137c8ee46b1,
Billed Duration for Request 5a77dfdd-962e-4278-87d9-0137c8ee46b1: 132 ms
Cold Start: false
Unique ID: 87be4e46-409c-4212-9f84-90ade1f04809,
Billed Duration for Request 87be4e46-409c-4212-9f84-90ade1f04809: 89 ms
Cold Start: false
Unique ID: 9f0526a5-8ac8-4452-9131-61996345877b,
Billed Duration for Request 9f0526a5-8ac8-4452-9131-61996345877b: 154 ms
Cold Start: false
Unique ID: 8c9f56b6-b022-4000-9d8b-833f8fd2df5c,
Billed Duration for Request 8c9f56b6-b022-4000-9d8b-833f8fd2df5c: 109 ms
Cold Start: false
Unique ID: 470d2d02-02bb-45b7-bf25-f0d316c4e538,
Billed Duration for Request 470d2d02-02bb-45b7-bf25-f0d316c4e538: 106 ms
Cold Start: false
Unique ID: a8703adf-42b1-4c26-90ae-3fa4096fbf04,
Billed Duration for Request a8703adf-42b1-4c26-90ae-3fa4096fbf04: 136 ms
Cold Start: false
Unique ID: b4f68add-f603-4a8c-a2c9-1f6fa0a2c2ba,
Billed Duration for Request b4f68add-f603-4a8c-a2c9-1f6fa0a2c2ba: 158 ms
Cold Start: false
Unique ID: 8c3ee28e-ebcc-486a-b966-b74a12ebfe75,
Billed Duration for Request 8c3ee28e-ebcc-486a-b966-b74a12ebfe75: 127 ms
Cold Start: false
Unique ID: f5b3ce7b-f8d7-4ba4-bb81-35fb6acc9f2d,
Billed Duration for Request f5b3ce7b-f8d7-4ba4-bb81-35fb6acc9f2d: 82 ms
Cold Start: false
Unique ID: 0f503751-8d52-40bc-a185-37af778d85c8,
Billed Duration for Request 0f503751-8d52-40bc-a185-37af778d85c8: 144 ms
Cold Start: false
Unique ID: 179c3bf2-ac69-45b0-aa72-d26039057cd7,
Billed Duration for Request 179c3bf2-ac69-45b0-aa72-d26039057cd7: 121 ms
Cold Start: false
Unique ID: a1ba8a44-f308-471a-9e3e-2aba91ac874d,
Billed Duration for Request a1ba8a44-f308-471a-9e3e-2aba91ac874d: 78 ms
Cold Start: false
Unique ID: 7be675e8-4f3c-4f6a-8e10-625c315663c1,
Billed Duration for Request 7be675e8-4f3c-4f6a-8e10-625c315663c1: 72 ms
Cold Start: false
Unique ID: 2a26c44e-d1d0-49e4-a4c8-f3f352b5499f,
Billed Duration for Request 2a26c44e-d1d0-49e4-a4c8-f3f352b5499f: 150 ms
Cold Start: false
Unique ID: 016fc2e6-2447-4a07-8a5d-3c02626b7ccc,
Billed Duration for Request 016fc2e6-2447-4a07-8a5d-3c02626b7ccc: 156 ms
Cold Start: false
Unique ID: 532963ae-f3ac-4e27-9a31-42a2625b1337,
Billed Duration for Request 532963ae-f3ac-4e27-9a31-42a2625b1337: 77 ms
Cold Start: false
Unique ID: f84390ac-23d3-47cc-a4b3-58b51fc7b33a,
Billed Duration for Request f84390ac-23d3-47cc-a4b3-58b51fc7b33a: 140 ms
Cold Start: false
Unique ID: 156e6fcb-c4bb-4390-961f-1d8f527a9111,
Billed Duration for Request 156e6fcb-c4bb-4390-961f-1d8f527a9111: 165 ms
Cold Start: false
Unique ID: d01b03ce-e2bb-44df-908b-f197e2b5dc79,
Billed Duration for Request d01b03ce-e2bb-44df-908b-f197e2b5dc79: 108 ms
Cold Start: false
Unique ID: 70b43000-235c-4c92-b13f-cc19c84f8075,
Billed Duration for Request 70b43000-235c-4c92-b13f-cc19c84f8075: 120 ms
Cold Start: false
Unique ID: 7a64d420-4dfc-4006-898f-c8a02713b5d4,
Billed Duration for Request 7a64d420-4dfc-4006-898f-c8a02713b5d4: 96 ms
Cold Start: false
Unique ID: 2d27e932-7e0d-4d48-95bc-cf0c000d5985,
Billed Duration for Request 2d27e932-7e0d-4d48-95bc-cf0c000d5985: 69 ms
Cold Start: false
Unique ID: 8db85a86-825a-4dde-a910-d47daa85d826,
Billed Duration for Request 8db85a86-825a-4dde-a910-d47daa85d826: 152 ms
Cold Start: false
Unique ID: 28a5e1f9-a5d2-457c-ba31-e4b2985e1ce2,
Billed Duration for Request 28a5e1f9-a5d2-457c-ba31-e4b2985e1ce2: 82 ms
Cold Start: false
Unique ID: cece3bf9-3267-4844-aea7-b6170483e384,
Billed Duration for Request cece3bf9-3267-4844-aea7-b6170483e384: 124 ms
Cold Start: false
Unique ID: 07a8b5c0-e451-4079-843e-a4d8e37a2684,
Billed Duration for Request 07a8b5c0-e451-4079-843e-a4d8e37a2684: 150 ms
Cold Start: false
Unique ID: b6393ce7-f8ae-4d84-8d81-e0bb131e18e7,
Billed Duration for Request b6393ce7-f8ae-4d84-8d81-e0bb131e18e7: 172 ms
Cold Start: false
Unique ID: edcf5c6d-08ce-40d0-a8a8-2f2d50275095,
Billed Duration for Request edcf5c6d-08ce-40d0-a8a8-2f2d50275095: 115 ms
Cold Start: false
Unique ID: 101cd617-0b36-418b-af9d-4ba2c4f8c98a,
Billed Duration for Request 101cd617-0b36-418b-af9d-4ba2c4f8c98a: 127 ms
Cold Start: false
Unique ID: 42db1620-d9e6-4a12-809f-fbfac065eafe,
Billed Duration for Request 42db1620-d9e6-4a12-809f-fbfac065eafe: 96 ms
Cold Start: false
Unique ID: 7ebec4c1-05cd-4a4d-9cdb-df9fb6f7ab02,
Billed Duration for Request 7ebec4c1-05cd-4a4d-9cdb-df9fb6f7ab02: 148 ms
Cold Start: false
Unique ID: b81abb2c-e645-4583-b443-3fd6443ba8b3,
Billed Duration for Request b81abb2c-e645-4583-b443-3fd6443ba8b3: 106 ms
Cold Start: false
Unique ID: 2f50db73-c01c-4b66-a6ce-2f274b63a502,
Billed Duration for Request 2f50db73-c01c-4b66-a6ce-2f274b63a502: 132 ms
Cold Start: false
Unique ID: e3110566-68bc-4c80-b0c7-ecd067781fa0,
Billed Duration for Request e3110566-68bc-4c80-b0c7-ecd067781fa0: 142 ms
Cold Start: false
Unique ID: 79314735-2ea8-4c93-bfa3-5cff5e536681,
Billed Duration for Request 79314735-2ea8-4c93-bfa3-5cff5e536681: 159 ms
Cold Start: false
Unique ID: 79c4aaf6-fdec-4441-8711-b40b286705af,
Billed Duration for Request 79c4aaf6-fdec-4441-8711-b40b286705af: 92 ms
Cold Start: false
Unique ID: 0db5fe0f-d4ed-4bdc-a9e4-0b21165bf30e,
Billed Duration for Request 0db5fe0f-d4ed-4bdc-a9e4-0b21165bf30e: 89 ms
Cold Start: false
Unique ID: dd2d1efc-7c6b-4e60-8cbb-2cf4ae3984f4,
Billed Duration for Request dd2d1efc-7c6b-4e60-8cbb-2cf4ae3984f4: 107 ms
Cold Start: false
Unique ID: 789018c4-caa9-4bd2-ba30-962607c32787,
Billed Duration for Request 789018c4-caa9-4bd2-ba30-962607c32787: 125 ms
Cold Start: false
Unique ID: 4e484150-2928-4048-a8cc-1c39e119affd,
Billed Duration for Request 4e484150-2928-4048-a8cc-1c39e119affd: 111 ms
Cold Start: false
Unique ID: c81daefe-64b5-4e45-a355-d86c73563622,
Billed Duration for Request c81daefe-64b5-4e45-a355-d86c73563622: 110 ms
Cold Start: false
Unique ID: baec92da-9299-4672-b812-8cae773fcb7b,
Billed Duration for Request baec92da-9299-4672-b812-8cae773fcb7b: 106 ms
Cold Start: false
Unique ID: 7832832b-24ee-4a2d-a343-a1fab9aacc43,
Billed Duration for Request 7832832b-24ee-4a2d-a343-a1fab9aacc43: 119 ms
Cold Start: false
Unique ID: a767479b-5408-40f1-846e-12787701bfcc,
Billed Duration for Request a767479b-5408-40f1-846e-12787701bfcc: 145 ms
Cold Start: false
Unique ID: df87ed8c-5403-46d9-a586-bd99c338e9dc,
Billed Duration for Request df87ed8c-5403-46d9-a586-bd99c338e9dc: 128 ms
Cold Start: false
Unique ID: 8489443a-e7a6-4779-af22-5eb77c281e09,
Billed Duration for Request 8489443a-e7a6-4779-af22-5eb77c281e09: 92 ms
Cold Start: false
Unique ID: 91b23456-46c5-449e-82a7-218e24d1e1eb,
Billed Duration for Request 91b23456-46c5-449e-82a7-218e24d1e1eb: 160 ms
Cold Start: false
Unique ID: 8741aa2b-7812-4aac-8ce2-01fa80237390,
Billed Duration for Request 8741aa2b-7812-4aac-8ce2-01fa80237390: 85 ms
Cold Start: false
Unique ID: a1f68898-f74b-41a4-8918-7b1d7300f60a,
Billed Duration for Request a1f68898-f74b-41a4-8918-7b1d7300f60a: 94 ms
Cold Start: false
Unique ID: 9f805f5e-57aa-4d11-8219-389baaaeedf7,
Billed Duration for Request 9f805f5e-57aa-4d11-8219-389baaaeedf7: 135 ms
Cold Start: false
Unique ID: 0bace855-12d7-4ac2-98f7-a13c2654e44d,
Billed Duration for Request 0bace855-12d7-4ac2-98f7-a13c2654e44d: 130 ms
Cold Start: false
Unique ID: d03f9421-6de6-4f6a-8f62-7ac3c17eeead,
Billed Duration for Request d03f9421-6de6-4f6a-8f62-7ac3c17eeead: 147 ms
Cold Start: false
Unique ID: 015bd1e5-024e-448a-862d-ba6a3fb79ee3,
Billed Duration for Request 015bd1e5-024e-448a-862d-ba6a3fb79ee3: 112 ms
Cold Start: false
Unique ID: 147eef39-3b5b-4547-afac-54e757cf6d5c,
Billed Duration for Request 147eef39-3b5b-4547-afac-54e757cf6d5c: 119 ms
Cold Start: false
Unique ID: ebff5111-1156-4e91-81a3-d368eafb1dc2,
Billed Duration for Request ebff5111-1156-4e91-81a3-d368eafb1dc2: 109 ms
Cold Start: false
Unique ID: 80b0b89d-503e-4c19-b51e-7bf7e3d24895,
Billed Duration for Request 80b0b89d-503e-4c19-b51e-7bf7e3d24895: 148 ms
Cold Start: false
Unique ID: dd537571-aa24-459d-b44f-0bfae6949dcf,
Billed Duration for Request dd537571-aa24-459d-b44f-0bfae6949dcf: 108 ms
Cold Start: false
Unique ID: 1945b93b-3bcc-42cc-92ae-6736954cd4d4,
Billed Duration for Request 1945b93b-3bcc-42cc-92ae-6736954cd4d4: 116 ms
Cold Start: false
Unique ID: a2a8811a-00f0-428d-bb46-1d335684d0e2,
Billed Duration for Request a2a8811a-00f0-428d-bb46-1d335684d0e2: 157 ms
Cold Start: false
Unique ID: 486c01eb-9354-45b7-82ea-ab4dfe81d015,
Billed Duration for Request 486c01eb-9354-45b7-82ea-ab4dfe81d015: 140 ms
Cold Start: false
Unique ID: 7951f8d7-0560-4e84-b833-d581d1bdcdb6,
Billed Duration for Request 7951f8d7-0560-4e84-b833-d581d1bdcdb6: 112 ms
Cold Start: false
Unique ID: 87a60532-3ae8-4172-9b1b-f408bd305e61,
Billed Duration for Request 87a60532-3ae8-4172-9b1b-f408bd305e61: 127 ms
Cold Start: false
Unique ID: 93e7537a-152a-4c7b-90a7-573658403ae1,
Billed Duration for Request 93e7537a-152a-4c7b-90a7-573658403ae1: 94 ms
Cold Start: false
Unique ID: f27ec00b-8828-4ad0-8174-df949df0d6a1,
Billed Duration for Request f27ec00b-8828-4ad0-8174-df949df0d6a1: 117 ms
Cold Start: false
Unique ID: 200e5d59-de5e-4af9-89b0-af098710e978,
Billed Duration for Request 200e5d59-de5e-4af9-89b0-af098710e978: 137 ms
Cold Start: false
Unique ID: e9f0e4af-3c50-43e1-9bd8-b0980c65caa5,
Billed Duration for Request e9f0e4af-3c50-43e1-9bd8-b0980c65caa5: 115 ms
Cold Start: false
Unique ID: 7c226f98-3726-4238-9a52-950148eade27,
Billed Duration for Request 7c226f98-3726-4238-9a52-950148eade27: 146 ms
Cold Start: false
Unique ID: c87fb569-c61a-4cdc-abce-a9c86337f6ea,
Billed Duration for Request c87fb569-c61a-4cdc-abce-a9c86337f6ea: 86 ms
Cold Start: false
Unique ID: 960e6b67-d9cd-4053-a749-d5204d932678,
Billed Duration for Request 960e6b67-d9cd-4053-a749-d5204d932678: 105 ms
Cold Start: false
Unique ID: ba7f5536-ff4b-4ec2-8dbe-958b94badae8,
Billed Duration for Request ba7f5536-ff4b-4ec2-8dbe-958b94badae8: 100 ms
Cold Start: false
Unique ID: d3ba122a-2022-4ba5-b014-8823464decdd,
Billed Duration for Request d3ba122a-2022-4ba5-b014-8823464decdd: 114 ms
Cold Start: false
Unique ID: c52e23cf-b767-4212-bd26-a1fcaf9d77d7,
Billed Duration for Request c52e23cf-b767-4212-bd26-a1fcaf9d77d7: 130 ms
Cold Start: false
Unique ID: 3ae563ed-ad52-4038-9124-01c4abb9269d,
Billed Duration for Request 3ae563ed-ad52-4038-9124-01c4abb9269d: 121 ms
Cold Start: false
Unique ID: 7a8ab50d-45f1-4aef-8900-d1bea59c634d,
Billed Duration for Request 7a8ab50d-45f1-4aef-8900-d1bea59c634d: 114 ms
Cold Start: false
Unique ID: 3a6d0dea-7a50-4562-935e-ba0c80618ded,
Billed Duration for Request 3a6d0dea-7a50-4562-935e-ba0c80618ded: 101 ms
Cold Start: false
Unique ID: be91e994-b079-4409-9239-dba2293c02af,
Billed Duration for Request be91e994-b079-4409-9239-dba2293c02af: 112 ms
Cold Start: false
Unique ID: be9df7e7-3822-456b-9d47-f9637ab0847e,
Billed Duration for Request be9df7e7-3822-456b-9d47-f9637ab0847e: 98 ms
Cold Start: false
Unique ID: 61ce5ab7-54e4-4734-a447-591ffc0b65ff,
Billed Duration for Request 61ce5ab7-54e4-4734-a447-591ffc0b65ff: 103 ms
Cold Start: false
Unique ID: 83bfa330-4fb3-4b02-b48f-fce9d3eb1fb2,
Billed Duration for Request 83bfa330-4fb3-4b02-b48f-fce9d3eb1fb2: 122 ms
Cold Start: false
Unique ID: 3d2fbe75-deb0-4cb3-a3d4-3e3b65566841,
Billed Duration for Request 3d2fbe75-deb0-4cb3-a3d4-3e3b65566841: 122 ms
Cold Start: false
Unique ID: 3a1bdb8c-7702-4be3-8e6c-10475a3341a8,
Billed Duration for Request 3a1bdb8c-7702-4be3-8e6c-10475a3341a8: 135 ms
Cold Start: false
Unique ID: 8eaea99d-8b92-4be4-a0a2-961441fc12cb,
Billed Duration for Request 8eaea99d-8b92-4be4-a0a2-961441fc12cb: 121 ms
Cold Start: false
Unique ID: e375b496-c1e7-4637-8265-3f1b7ff88d3e,
Billed Duration for Request e375b496-c1e7-4637-8265-3f1b7ff88d3e: 155 ms
Cold Start: false
Unique ID: badacc35-8f22-4602-b252-154c2d55adcb,
Billed Duration for Request badacc35-8f22-4602-b252-154c2d55adcb: 98 ms
Cold Start: false
Unique ID: a56c35cd-a981-4dc8-a83b-82926901c66b,
Billed Duration for Request a56c35cd-a981-4dc8-a83b-82926901c66b: 105 ms
Cold Start: false
Unique ID: f1c018da-c482-4551-aa6d-d30dbf5644af,
Billed Duration for Request f1c018da-c482-4551-aa6d-d30dbf5644af: 131 ms
Cold Start: false
Unique ID: ae468ff4-4fd0-4055-8b8a-7bd0317640d0,
Billed Duration for Request ae468ff4-4fd0-4055-8b8a-7bd0317640d0: 166 ms
Cold Start: false
Unique ID: dbb658b6-52dd-49ae-bcc5-5e37b300de7a,
Billed Duration for Request dbb658b6-52dd-49ae-bcc5-5e37b300de7a: 115 ms
Cold Start: false
Unique ID: 46f0c1eb-bdb4-4b15-9408-0cb50709d2b5,
Billed Duration for Request 46f0c1eb-bdb4-4b15-9408-0cb50709d2b5: 122 ms
Cold Start: false
Unique ID: e9d97a82-c4f2-4739-b810-b4d23141117a,
Billed Duration for Request e9d97a82-c4f2-4739-b810-b4d23141117a: 107 ms
Cold Start: false
Unique ID: ef391462-6068-458d-8e6c-3c87db33e8a4,
Billed Duration for Request ef391462-6068-458d-8e6c-3c87db33e8a4: 139 ms
Cold Start: false
Unique ID: 846ca236-3dbf-4017-847f-7aa0ceaa2fe0,
Billed Duration for Request 846ca236-3dbf-4017-847f-7aa0ceaa2fe0: 112 ms
Cold Start: false
Unique ID: 385f7b85-618e-4194-bc56-12e4e5882ce8,
Billed Duration for Request 385f7b85-618e-4194-bc56-12e4e5882ce8: 116 ms
Cold Start: false
Unique ID: b5ade6f8-7da8-4156-b87e-66ff9efad773,
Billed Duration for Request b5ade6f8-7da8-4156-b87e-66ff9efad773: 89 ms
Cold Start: false
Unique ID: a1d1351a-a524-4e38-91c7-d13b1ba13ba4,
Billed Duration for Request a1d1351a-a524-4e38-91c7-d13b1ba13ba4: 148 ms
Cold Start: false
Unique ID: 54d3a305-8b23-4c6f-aba9-17275180d51d,
Billed Duration for Request 54d3a305-8b23-4c6f-aba9-17275180d51d: 100 ms
Cold Start: false
Unique ID: 471cea93-ff9d-495c-a922-0814cb792ae6,
Billed Duration for Request 471cea93-ff9d-495c-a922-0814cb792ae6: 123 ms
Cold Start: false
Unique ID: 7b3410d9-390e-412f-a62f-fb6466d625c7,
Billed Duration for Request 7b3410d9-390e-412f-a62f-fb6466d625c7: 150 ms
Cold Start: false
Unique ID: e9f2950c-96c8-4610-8569-993663f5bcba,
Billed Duration for Request e9f2950c-96c8-4610-8569-993663f5bcba: 158 ms
Cold Start: false
Unique ID: 2b058b0f-7e65-42df-9ced-45007c83a29d,
Billed Duration for Request 2b058b0f-7e65-42df-9ced-45007c83a29d: 126 ms
Cold Start: false
Unique ID: fc76178d-9083-4ebc-a79e-52011a47cdd2,
Billed Duration for Request fc76178d-9083-4ebc-a79e-52011a47cdd2: 85 ms
Cold Start: false
Unique ID: 51e0e05c-b6d8-4324-8d0d-2ae7a141ea46,
Billed Duration for Request 51e0e05c-b6d8-4324-8d0d-2ae7a141ea46: 152 ms
Cold Start: false
Unique ID: 4786b698-444c-4bf9-bff3-ac2ba6322aed,
Billed Duration for Request 4786b698-444c-4bf9-bff3-ac2ba6322aed: 84 ms
Cold Start: false
Unique ID: 102090b0-b10b-4955-84bb-e9ac0193e4d9,
Billed Duration for Request 102090b0-b10b-4955-84bb-e9ac0193e4d9: 102 ms
Cold Start: false
Unique ID: 8f71312f-ffe1-44ea-9a89-35a19e9d9b74,
Billed Duration for Request 8f71312f-ffe1-44ea-9a89-35a19e9d9b74: 128 ms
Cold Start: false
Unique ID: e85d7c45-08a1-42b9-af6a-3ec05091427e,
Billed Duration for Request e85d7c45-08a1-42b9-af6a-3ec05091427e: 91 ms
Cold Start: false
Unique ID: b0ac0da6-c543-4d19-80c2-1f42db32cf31,
Billed Duration for Request b0ac0da6-c543-4d19-80c2-1f42db32cf31: 136 ms
Cold Start: false
Unique ID: 54790ec4-6353-4338-a752-60faac497c9f,
Billed Duration for Request 54790ec4-6353-4338-a752-60faac497c9f: 77 ms
Cold Start: false
Unique ID: 52a14b24-3a66-4b1f-97c6-f536dd18b365,
Billed Duration for Request 52a14b24-3a66-4b1f-97c6-f536dd18b365: 137 ms
Cold Start: false
Unique ID: 4ab424e4-ce34-43f4-9f82-f3f8a0abc7c1,
Billed Duration for Request 4ab424e4-ce34-43f4-9f82-f3f8a0abc7c1: 133 ms
Cold Start: false
Unique ID: b7be2f6c-4dc1-4296-9785-0e5c87fe2d11,
Billed Duration for Request b7be2f6c-4dc1-4296-9785-0e5c87fe2d11: 147 ms
Cold Start: false
Unique ID: 52efe0c4-d15e-4358-b632-7429f062f3c7,
Billed Duration for Request 52efe0c4-d15e-4358-b632-7429f062f3c7: 77 ms
Cold Start: false
Unique ID: 31a11c31-346d-45b7-8994-6274da3dad07,
Billed Duration for Request 31a11c31-346d-45b7-8994-6274da3dad07: 97 ms
Cold Start: false
Unique ID: e68d257b-c323-46ff-8e31-f282bbd4996c,
Billed Duration for Request e68d257b-c323-46ff-8e31-f282bbd4996c: 135 ms
Cold Start: false
Unique ID: 4345f55d-2a01-4cf8-84c2-bf70f790f70e,
Billed Duration for Request 4345f55d-2a01-4cf8-84c2-bf70f790f70e: 112 ms
Cold Start: false
Unique ID: 45f7e96e-fbd0-4cfd-9bf4-2fba95b5c34e,
Billed Duration for Request 45f7e96e-fbd0-4cfd-9bf4-2fba95b5c34e: 146 ms
Cold Start: false
Unique ID: c527fac2-344c-4572-811b-0680be982f33,
Billed Duration for Request c527fac2-344c-4572-811b-0680be982f33: 109 ms
Cold Start: false
Unique ID: 27029716-14b6-4e74-affd-0c1d1c4034e6,
Billed Duration for Request 27029716-14b6-4e74-affd-0c1d1c4034e6: 145 ms
Cold Start: false
Unique ID: e2b2f0ca-3085-43fd-8fb8-59682436cedf,
Billed Duration for Request e2b2f0ca-3085-43fd-8fb8-59682436cedf: 86 ms
Cold Start: false
Unique ID: 4972961c-7f05-49db-9620-1403c4b22117,
Billed Duration for Request 4972961c-7f05-49db-9620-1403c4b22117: 99 ms
Cold Start: false
Unique ID: 056a4739-64f4-42e2-87ee-a61ea4d0bbf6,
Billed Duration for Request 056a4739-64f4-42e2-87ee-a61ea4d0bbf6: 157 ms
Cold Start: false
Unique ID: 49ba2365-6954-4507-aae5-093443d67690,
Billed Duration for Request 49ba2365-6954-4507-aae5-093443d67690: 145 ms
Cold Start: false
Unique ID: 3ff1f2ff-1a6f-4421-9a0c-bd79f25ebad8,
Billed Duration for Request 3ff1f2ff-1a6f-4421-9a0c-bd79f25ebad8: 184 ms
Cold Start: false
Unique ID: d546e942-5753-414f-85a5-ff240da7b35c,
Billed Duration for Request d546e942-5753-414f-85a5-ff240da7b35c: 86 ms
Cold Start: false
Unique ID: a9bc9aa9-6731-4a12-9619-882fbd384b64,
Billed Duration for Request a9bc9aa9-6731-4a12-9619-882fbd384b64: 90 ms
Cold Start: false
Unique ID: 24a79a54-09b2-403c-abd3-089dee4e47ba,
Billed Duration for Request 24a79a54-09b2-403c-abd3-089dee4e47ba: 102 ms
Cold Start: false
Unique ID: 241f3b4d-a95e-40c5-82f3-0141b0a17068,
Billed Duration for Request 241f3b4d-a95e-40c5-82f3-0141b0a17068: 158 ms
Cold Start: false
Unique ID: 85292e5c-14f0-4af7-8f68-769c910d6f9f,
Billed Duration for Request 85292e5c-14f0-4af7-8f68-769c910d6f9f: 95 ms
Cold Start: false
Unique ID: 699126dd-9cdf-4692-9d56-8ad5d9abcb3c,
Billed Duration for Request 699126dd-9cdf-4692-9d56-8ad5d9abcb3c: 124 ms
Cold Start: false
Unique ID: 4be43e6d-b991-4a34-9df9-aa20b7eb1573,
Billed Duration for Request 4be43e6d-b991-4a34-9df9-aa20b7eb1573: 158 ms
Cold Start: false
Unique ID: cba08108-279a-4319-af02-c619bdbe5c25,
Billed Duration for Request cba08108-279a-4319-af02-c619bdbe5c25: 137 ms
Cold Start: false
Unique ID: 1561b419-4ac4-4cf5-9e98-a6baf053071b,
Billed Duration for Request 1561b419-4ac4-4cf5-9e98-a6baf053071b: 111 ms
Cold Start: false
Unique ID: fac20e9f-3a06-4706-b8c3-d1465253287d,
Billed Duration for Request fac20e9f-3a06-4706-b8c3-d1465253287d: 120 ms
Cold Start: false
Unique ID: 6e5c388a-d7cb-493e-aaf2-cd3513bf22ca,
Billed Duration for Request 6e5c388a-d7cb-493e-aaf2-cd3513bf22ca: 106 ms
Cold Start: false
Unique ID: da8b2367-34ba-4773-bf76-eea736640c33,
Billed Duration for Request da8b2367-34ba-4773-bf76-eea736640c33: 87 ms
Cold Start: false
Unique ID: e19ba794-bf2d-449d-938e-aaf32bbf5310,
Billed Duration for Request e19ba794-bf2d-449d-938e-aaf32bbf5310: 118 ms
Cold Start: false
Unique ID: 8fe4d1a5-ca75-4120-a66d-54ce0478495f,
Billed Duration for Request 8fe4d1a5-ca75-4120-a66d-54ce0478495f: 153 ms
Cold Start: false
Unique ID: 8fc56805-b7f5-4869-8fea-eebaa8c5dc65,
Billed Duration for Request 8fc56805-b7f5-4869-8fea-eebaa8c5dc65: 90 ms
Cold Start: false
Unique ID: 2a4c1290-61e1-472f-acf9-bfbe8606fc1d,
Billed Duration for Request 2a4c1290-61e1-472f-acf9-bfbe8606fc1d: 138 ms
Cold Start: false
Unique ID: 6cbbd752-16e3-4fd0-8ad5-0a7cce721b23,
Billed Duration for Request 6cbbd752-16e3-4fd0-8ad5-0a7cce721b23: 101 ms
Cold Start: false
Unique ID: e0be5555-0232-493e-b8d4-d87bcf762b9f,
Billed Duration for Request e0be5555-0232-493e-b8d4-d87bcf762b9f: 116 ms
Cold Start: false
Unique ID: 7b01cfa9-9f4c-41a0-a56a-2d048a2e2cb1,
Billed Duration for Request 7b01cfa9-9f4c-41a0-a56a-2d048a2e2cb1: 157 ms
Cold Start: false
Unique ID: 009da756-318d-47ba-a782-9b5a4ffb3d0d,
Billed Duration for Request 009da756-318d-47ba-a782-9b5a4ffb3d0d: 81 ms
Cold Start: false
Unique ID: f46613d4-89b1-4171-be31-41040841f8d1,
Billed Duration for Request f46613d4-89b1-4171-be31-41040841f8d1: 138 ms
Cold Start: false
Unique ID: bf19a5e6-61c3-42f3-992a-8a3d67000e3a,
Billed Duration for Request bf19a5e6-61c3-42f3-992a-8a3d67000e3a: 146 ms
Cold Start: false
Unique ID: 145fdda4-a83c-4b75-b577-84983ca95b50,
Billed Duration for Request 145fdda4-a83c-4b75-b577-84983ca95b50: 160 ms
Cold Start: false
Unique ID: ed349b68-50ea-44c8-95ff-fa679750d5e9,
Billed Duration for Request ed349b68-50ea-44c8-95ff-fa679750d5e9: 143 ms
Cold Start: false
Unique ID: 538c2db3-7c11-4232-a9f9-5313f3c80abf,
Billed Duration for Request 538c2db3-7c11-4232-a9f9-5313f3c80abf: 125 ms
Cold Start: false
Unique ID: 33cc687b-0a55-4081-a8e1-cb30fe7a0c63,
Billed Duration for Request 33cc687b-0a55-4081-a8e1-cb30fe7a0c63: 78 ms
Cold Start: false
Unique ID: 55e29118-5709-4b9f-a0aa-7d78a5ef742a,
Billed Duration for Request 55e29118-5709-4b9f-a0aa-7d78a5ef742a: 90 ms
Cold Start: false
Unique ID: 7fbd4ef5-ea50-4931-8ad8-76d4479cb7d3,
Billed Duration for Request 7fbd4ef5-ea50-4931-8ad8-76d4479cb7d3: 135 ms
Cold Start: false
Unique ID: f9aea380-1cd4-478c-b93b-72cf0b6788ef,
Billed Duration for Request f9aea380-1cd4-478c-b93b-72cf0b6788ef: 116 ms
Cold Start: false
Unique ID: 8c93fe4a-19a5-4a1c-b5c7-e932209c250f,
Billed Duration for Request 8c93fe4a-19a5-4a1c-b5c7-e932209c250f: 140 ms
Cold Start: false
Unique ID: aed31583-ae1c-48ae-9911-2fd6d513b85f,
Billed Duration for Request aed31583-ae1c-48ae-9911-2fd6d513b85f: 133 ms
Cold Start: false
Unique ID: eaa851cc-29b3-4f5a-bfd3-1b1aa6500c16,
Billed Duration for Request eaa851cc-29b3-4f5a-bfd3-1b1aa6500c16: 142 ms
Cold Start: false
Unique ID: 30f3c65a-3764-46ae-929c-9eef4c8c912c,
Billed Duration for Request 30f3c65a-3764-46ae-929c-9eef4c8c912c: 96 ms
Cold Start: false
Unique ID: a9e86c95-b618-4df3-b270-9b4c8812c1b9,
Billed Duration for Request a9e86c95-b618-4df3-b270-9b4c8812c1b9: 96 ms
Cold Start: false
Unique ID: 1a0ce040-237c-4c45-833c-cddb29a13216,
Billed Duration for Request 1a0ce040-237c-4c45-833c-cddb29a13216: 167 ms
Cold Start: false
Unique ID: f1093f4d-9029-4ab4-92c7-5e113e7491fe,
Billed Duration for Request f1093f4d-9029-4ab4-92c7-5e113e7491fe: 111 ms
Cold Start: false
Unique ID: 561b6e25-5215-46bb-8896-629f102606ea,
Billed Duration for Request 561b6e25-5215-46bb-8896-629f102606ea: 86 ms
Cold Start: false
Unique ID: b9762fde-5914-4194-b440-40d7feb84761,
Billed Duration for Request b9762fde-5914-4194-b440-40d7feb84761: 99 ms
Cold Start: false
Unique ID: bb4b41da-d919-4a2c-b850-5adf8f5a7f8a,
Billed Duration for Request bb4b41da-d919-4a2c-b850-5adf8f5a7f8a: 147 ms
Cold Start: false
Unique ID: d84b2e41-5dc3-4b5b-92ac-50c7eaba027c,
Billed Duration for Request d84b2e41-5dc3-4b5b-92ac-50c7eaba027c: 113 ms
Cold Start: false
Unique ID: e38c1f5f-7104-4376-bd22-19da6ad42bfa,
Billed Duration for Request e38c1f5f-7104-4376-bd22-19da6ad42bfa: 103 ms
Cold Start: false
Unique ID: 07e23b28-f879-43ad-8542-c44143848e7d,
Billed Duration for Request 07e23b28-f879-43ad-8542-c44143848e7d: 182 ms
Cold Start: false
Unique ID: 12d10523-d971-414f-aa0e-3ffda6df9349,
Billed Duration for Request 12d10523-d971-414f-aa0e-3ffda6df9349: 114 ms
Cold Start: false
Unique ID: e2a68f69-ccaf-4d47-8d6e-fa2d4d0ee278,
Billed Duration for Request e2a68f69-ccaf-4d47-8d6e-fa2d4d0ee278: 133 ms
Cold Start: false
Unique ID: 94081433-d708-4fdc-a22f-1bfecb403123,
Billed Duration for Request 94081433-d708-4fdc-a22f-1bfecb403123: 115 ms
Cold Start: false
Unique ID: 07017016-b53c-402a-ab75-e8e2f8bf2480,
Billed Duration for Request 07017016-b53c-402a-ab75-e8e2f8bf2480: 117 ms
Cold Start: false
Unique ID: 6c158bd9-a34c-44aa-a010-010a7a0029d4,
Billed Duration for Request 6c158bd9-a34c-44aa-a010-010a7a0029d4: 103 ms
Cold Start: false
Unique ID: 3b6486b2-49cd-4a07-b43f-2ead761577b2,
Billed Duration for Request 3b6486b2-49cd-4a07-b43f-2ead761577b2: 134 ms
Cold Start: false
Unique ID: 6e033f5d-b7d7-48b8-8b33-2231b46299f5,
Billed Duration for Request 6e033f5d-b7d7-48b8-8b33-2231b46299f5: 120 ms
Cold Start: false
Unique ID: 19a6e799-b3ef-4fd9-8072-d6fd79d6a6d5,
Billed Duration for Request 19a6e799-b3ef-4fd9-8072-d6fd79d6a6d5: 143 ms
Cold Start: false
Unique ID: 79f95bcf-4624-4c40-99b1-98e1f4b531ab,
Billed Duration for Request 79f95bcf-4624-4c40-99b1-98e1f4b531ab: 142 ms
Cold Start: false
Unique ID: f537d2e3-3e81-4657-9b30-e4a9c097a59b,
Billed Duration for Request f537d2e3-3e81-4657-9b30-e4a9c097a59b: 140 ms
Cold Start: false
Unique ID: b935dd8b-baa0-4977-8bae-8f6b4cc7fc44,
Billed Duration for Request b935dd8b-baa0-4977-8bae-8f6b4cc7fc44: 69 ms
Cold Start: false
Unique ID: 2a127d12-c036-4920-9bec-f062108ce496,
Billed Duration for Request 2a127d12-c036-4920-9bec-f062108ce496: 123 ms
Cold Start: false
Unique ID: 4ca666f5-8235-49aa-b865-9027e88d9525,
Billed Duration for Request 4ca666f5-8235-49aa-b865-9027e88d9525: 131 ms
Cold Start: false
Unique ID: 73ef1915-f270-4b7a-a0b6-85277b533545,
Billed Duration for Request 73ef1915-f270-4b7a-a0b6-85277b533545: 163 ms
Cold Start: false
Unique ID: 34a87ad4-8d57-4635-926d-a9bc253e1227,
Billed Duration for Request 34a87ad4-8d57-4635-926d-a9bc253e1227: 86 ms
Cold Start: false
Unique ID: acff357a-6e74-48fc-a124-cfb21b8c6b3c,
Billed Duration for Request acff357a-6e74-48fc-a124-cfb21b8c6b3c: 115 ms
Cold Start: false
Unique ID: 8a203d01-9031-46a5-b28f-ed0cac2976ce,
Billed Duration for Request 8a203d01-9031-46a5-b28f-ed0cac2976ce: 135 ms
Cold Start: false
Unique ID: cef0f87c-3b06-405e-a8cb-c4cddde6ac49,
Billed Duration for Request cef0f87c-3b06-405e-a8cb-c4cddde6ac49: 144 ms
Cold Start: false
Unique ID: bc629c87-d98e-41e3-b079-5f2ce41999d3,
Billed Duration for Request bc629c87-d98e-41e3-b079-5f2ce41999d3: 96 ms
Cold Start: false
Unique ID: 9a56a15a-604f-434a-9b02-8e7a03a447a0,
Billed Duration for Request 9a56a15a-604f-434a-9b02-8e7a03a447a0: 126 ms
Cold Start: false
Unique ID: 5a8bfa33-8862-4d0f-b237-85eda554c286,
Billed Duration for Request 5a8bfa33-8862-4d0f-b237-85eda554c286: 116 ms
Cold Start: false
Unique ID: 6b19e34b-5fa6-4164-aa9f-7de9a538b279,
Billed Duration for Request 6b19e34b-5fa6-4164-aa9f-7de9a538b279: 137 ms
Cold Start: false
Unique ID: b2a1f18f-d9ab-4e82-9b21-f05a61e5b42a,
Billed Duration for Request b2a1f18f-d9ab-4e82-9b21-f05a61e5b42a: 137 ms
Cold Start: false
Unique ID: 97722094-e414-4b80-807f-9e702bf690db,
Billed Duration for Request 97722094-e414-4b80-807f-9e702bf690db: 129 ms
Cold Start: false
Unique ID: 32b4ed07-70d1-4650-b514-13a9e6df8856,
Billed Duration for Request 32b4ed07-70d1-4650-b514-13a9e6df8856: 94 ms
Cold Start: false
Unique ID: a6d47f53-9289-4e3f-bc3b-4acd8adcf4af,
Billed Duration for Request a6d47f53-9289-4e3f-bc3b-4acd8adcf4af: 155 ms
Cold Start: false
Unique ID: c4a9da2f-4035-4c7b-aca2-35134d1b3448,
Billed Duration for Request c4a9da2f-4035-4c7b-aca2-35134d1b3448: 126 ms
Cold Start: false
Unique ID: 45f284a4-1113-48d4-9972-2d0c0fd69f20,
Billed Duration for Request 45f284a4-1113-48d4-9972-2d0c0fd69f20: 106 ms
Cold Start: false
Unique ID: 8bdcc434-d4b4-488e-aabd-dbe58afabd06,
Billed Duration for Request 8bdcc434-d4b4-488e-aabd-dbe58afabd06: 136 ms
Cold Start: false
Unique ID: 4840246b-961c-4949-a38a-9d089e5854aa,
Billed Duration for Request 4840246b-961c-4949-a38a-9d089e5854aa: 144 ms
Cold Start: false
Unique ID: aacd97c2-198e-49de-a140-5ec0ab6ab06f,
Billed Duration for Request aacd97c2-198e-49de-a140-5ec0ab6ab06f: 77 ms
Cold Start: false
Unique ID: 3ed1a812-8b10-44c1-a5af-a054c7234017,
Billed Duration for Request 3ed1a812-8b10-44c1-a5af-a054c7234017: 92 ms
Cold Start: false
Unique ID: e09c81a4-c52f-4a69-a5bf-198bf2aea9e7,
Billed Duration for Request e09c81a4-c52f-4a69-a5bf-198bf2aea9e7: 102 ms
Cold Start: false
Unique ID: c79edf32-74a8-4ed0-9003-fad9d904c9cc,
Billed Duration for Request c79edf32-74a8-4ed0-9003-fad9d904c9cc: 129 ms
Cold Start: false
Unique ID: b87a5d77-af43-4621-a27a-df4ecab66e66,
Billed Duration for Request b87a5d77-af43-4621-a27a-df4ecab66e66: 92 ms
Cold Start: false
Unique ID: a93cebbe-b322-49ca-b3f8-13dc6f41b875,
Billed Duration for Request a93cebbe-b322-49ca-b3f8-13dc6f41b875: 139 ms
Cold Start: false
Unique ID: fa1b6e37-fabf-4ef8-bee1-270814b0cf4a,
Billed Duration for Request fa1b6e37-fabf-4ef8-bee1-270814b0cf4a: 153 ms
Cold Start: false
Unique ID: 6e95b2f4-949e-44f0-a60f-98039c006be5,
Billed Duration for Request 6e95b2f4-949e-44f0-a60f-98039c006be5: 122 ms
Cold Start: false
Unique ID: 2f70cb23-d793-4fd3-964e-7a1f0b6d5751,
Billed Duration for Request 2f70cb23-d793-4fd3-964e-7a1f0b6d5751: 97 ms
Cold Start: false
Unique ID: 9f1bbb8a-5a6a-441d-ba35-f5cefdc693b7,
Billed Duration for Request 9f1bbb8a-5a6a-441d-ba35-f5cefdc693b7: 102 ms
Cold Start: false
Unique ID: e88c5f04-00c6-491d-8f93-68da36163e16,
Billed Duration for Request e88c5f04-00c6-491d-8f93-68da36163e16: 131 ms
Cold Start: false
Unique ID: ef0c1d42-9043-4b39-8020-7f9f602b8973,
Billed Duration for Request ef0c1d42-9043-4b39-8020-7f9f602b8973: 124 ms
Cold Start: false
Unique ID: 52c98b8b-571d-4e0e-bf4b-0009eb5b3087,
Billed Duration for Request 52c98b8b-571d-4e0e-bf4b-0009eb5b3087: 149 ms
Cold Start: false
Unique ID: f96f1c36-b631-4cf1-a932-c9b7ab59a3a2,
Billed Duration for Request f96f1c36-b631-4cf1-a932-c9b7ab59a3a2: 98 ms
Cold Start: false
Unique ID: 0ea69467-07c0-4fc8-9cea-c4b2301100cc,
Billed Duration for Request 0ea69467-07c0-4fc8-9cea-c4b2301100cc: 107 ms
Cold Start: false
Unique ID: 39b72607-28dd-4b99-9db7-98bd56e6ecfe,
Billed Duration for Request 39b72607-28dd-4b99-9db7-98bd56e6ecfe: 136 ms
Cold Start: false
Unique ID: 8307973d-ca3a-4631-9a1a-b67fd15744b2,
Billed Duration for Request 8307973d-ca3a-4631-9a1a-b67fd15744b2: 124 ms
Cold Start: false
Unique ID: baf31e90-d367-4dc1-9516-ba5969691c47,
Billed Duration for Request baf31e90-d367-4dc1-9516-ba5969691c47: 122 ms
Cold Start: false
Unique ID: f9e752f8-3476-4e39-b521-dfadf11dcab4,
Billed Duration for Request f9e752f8-3476-4e39-b521-dfadf11dcab4: 125 ms
Cold Start: false
Unique ID: c47b358a-4127-41a5-9b02-b6417e7bf37a,
Billed Duration for Request c47b358a-4127-41a5-9b02-b6417e7bf37a: 162 ms
Cold Start: false
Unique ID: 5b910ccd-c5a5-459c-b739-f62524279516,
Billed Duration for Request 5b910ccd-c5a5-459c-b739-f62524279516: 118 ms
Cold Start: false
Unique ID: cfd27db1-2ab2-4dac-afc6-3b9fb22a98a0,
Billed Duration for Request cfd27db1-2ab2-4dac-afc6-3b9fb22a98a0: 155 ms
Cold Start: false
Unique ID: bf8a7730-1665-4458-bad2-b1d3762ed673,
Billed Duration for Request bf8a7730-1665-4458-bad2-b1d3762ed673: 115 ms
Cold Start: false
Unique ID: 207cda69-e223-4ff7-b3e7-9907f5df67d3,
Billed Duration for Request 207cda69-e223-4ff7-b3e7-9907f5df67d3: 106 ms
Cold Start: false
Unique ID: 3493ad51-d2d7-4f27-b6d1-0a18c13ce716,
Billed Duration for Request 3493ad51-d2d7-4f27-b6d1-0a18c13ce716: 113 ms
Cold Start: false
Unique ID: bd58f2b6-5aab-4004-9ca0-3ae0b6da69e6,
Billed Duration for Request bd58f2b6-5aab-4004-9ca0-3ae0b6da69e6: 162 ms
Cold Start: false
Unique ID: 1e0a1703-14f2-4b18-aab7-15ec5c7bc58d,
Billed Duration for Request 1e0a1703-14f2-4b18-aab7-15ec5c7bc58d: 158 ms
Cold Start: false
Unique ID: 66140304-b07f-4d78-a8ca-01a58f1ded89,
Billed Duration for Request 66140304-b07f-4d78-a8ca-01a58f1ded89: 88 ms
Cold Start: false
Unique ID: 8a7e86c1-9b07-4e17-a854-bf110c9e7ce2,
Billed Duration for Request 8a7e86c1-9b07-4e17-a854-bf110c9e7ce2: 90 ms
Cold Start: false
Unique ID: 40ea4e71-670e-4725-82d9-6920690a969c,
Billed Duration for Request 40ea4e71-670e-4725-82d9-6920690a969c: 124 ms
Cold Start: false
Unique ID: 51c01936-3db0-43be-995f-601ac60f0821,
Billed Duration for Request 51c01936-3db0-43be-995f-601ac60f0821: 156 ms
Cold Start: false
Unique ID: 6614b72d-077f-4f3e-b947-13de672c434f,
Billed Duration for Request 6614b72d-077f-4f3e-b947-13de672c434f: 145 ms
Cold Start: false
Unique ID: 84269cf9-3dac-4704-978f-ae63f9e187cc,
Billed Duration for Request 84269cf9-3dac-4704-978f-ae63f9e187cc: 97 ms
Cold Start: false
Unique ID: dd8a87a3-253b-4ec5-9ec5-106325b8bc11,
Billed Duration for Request dd8a87a3-253b-4ec5-9ec5-106325b8bc11: 92 ms
Cold Start: false
Unique ID: 7000906a-100c-448c-b5fe-6a9fecac7b9d,
Billed Duration for Request 7000906a-100c-448c-b5fe-6a9fecac7b9d: 110 ms
Cold Start: false
Unique ID: 49fc162b-dd4a-4bf2-ae4e-6fda9022a2a0,
Billed Duration for Request 49fc162b-dd4a-4bf2-ae4e-6fda9022a2a0: 146 ms
Cold Start: false
Unique ID: 81021454-e1b6-4ba4-a50c-d9eefba1e2a4,
Billed Duration for Request 81021454-e1b6-4ba4-a50c-d9eefba1e2a4: 96 ms
Cold Start: false
Unique ID: 5fc40ffd-d8c7-49e4-a5eb-a8930daae218,
Billed Duration for Request 5fc40ffd-d8c7-49e4-a5eb-a8930daae218: 104 ms
Cold Start: false
Unique ID: d8b66e93-a5d4-47e6-98a5-876dcb6247e0,
Billed Duration for Request d8b66e93-a5d4-47e6-98a5-876dcb6247e0: 170 ms
Cold Start: false
Unique ID: 09185294-8801-4f8d-b910-8806844b2af1,
Billed Duration for Request 09185294-8801-4f8d-b910-8806844b2af1: 165 ms
Cold Start: false
Unique ID: c9025242-c078-480c-917c-4a5a1ba18fbf,
Billed Duration for Request c9025242-c078-480c-917c-4a5a1ba18fbf: 89 ms
Cold Start: false
Unique ID: e039a67f-868b-4ed2-86fd-3fd389b9f9bb,
Billed Duration for Request e039a67f-868b-4ed2-86fd-3fd389b9f9bb: 81 ms
Cold Start: false
Unique ID: ddcc5617-7312-4e6f-aa52-1f4e4ec28d80,
Billed Duration for Request ddcc5617-7312-4e6f-aa52-1f4e4ec28d80: 128 ms
Cold Start: false
Unique ID: 9cf7de6a-a04a-4bb9-bc69-8b6c6b2c809f,
Billed Duration for Request 9cf7de6a-a04a-4bb9-bc69-8b6c6b2c809f: 154 ms
Cold Start: false
Unique ID: 846259a2-2e34-4884-b710-4a95e22ae051,
Billed Duration for Request 846259a2-2e34-4884-b710-4a95e22ae051: 118 ms
Cold Start: false
Unique ID: 307374b2-82ce-4569-96c4-6fea2e4823c5,
Billed Duration for Request 307374b2-82ce-4569-96c4-6fea2e4823c5: 122 ms
Cold Start: false
Unique ID: 3b2f919e-86b4-4bbc-a476-f523cfc2969d,
Billed Duration for Request 3b2f919e-86b4-4bbc-a476-f523cfc2969d: 136 ms
Cold Start: false
Unique ID: 9e73c8fa-e544-4d3c-8e06-f8aede8a0a19,
Billed Duration for Request 9e73c8fa-e544-4d3c-8e06-f8aede8a0a19: 124 ms
Cold Start: false
Unique ID: a911e870-ddc5-413c-87af-30f5c2400892,
Billed Duration for Request a911e870-ddc5-413c-87af-30f5c2400892: 107 ms
Cold Start: false
Unique ID: 1f6e8d7f-a8e2-4eb9-8c39-9a32d2284c6b,
Billed Duration for Request 1f6e8d7f-a8e2-4eb9-8c39-9a32d2284c6b: 84 ms
Cold Start: false
Unique ID: e4445461-16a4-45e1-a318-4585b0b1c6ff,
Billed Duration for Request e4445461-16a4-45e1-a318-4585b0b1c6ff: 125 ms
Cold Start: false
Unique ID: 5a616178-268b-41ca-bf93-45435d7af647,
Billed Duration for Request 5a616178-268b-41ca-bf93-45435d7af647: 144 ms
Cold Start: false
Unique ID: aecba5b7-acbb-40b7-80ee-092f2ceaf25a,
Billed Duration for Request aecba5b7-acbb-40b7-80ee-092f2ceaf25a: 73 ms
Cold Start: false
Unique ID: a60d4b0b-ac6f-4d54-bbd2-a22ddaddadcd,
Billed Duration for Request a60d4b0b-ac6f-4d54-bbd2-a22ddaddadcd: 119 ms
Cold Start: false
Unique ID: 211c5744-fd5c-41c3-92d0-918ee40ab817,
Billed Duration for Request 211c5744-fd5c-41c3-92d0-918ee40ab817: 131 ms
Cold Start: false
Unique ID: 5d924155-45ca-48eb-b15f-0d14742a409d,
Billed Duration for Request 5d924155-45ca-48eb-b15f-0d14742a409d: 136 ms
Cold Start: false
Unique ID: 50b7f87a-a94b-4bad-bdb0-ee76f034670b,
Billed Duration for Request 50b7f87a-a94b-4bad-bdb0-ee76f034670b: 92 ms
Cold Start: false
Unique ID: 2f6dd111-73eb-4d32-b430-f2bbe00dfbdd,
Billed Duration for Request 2f6dd111-73eb-4d32-b430-f2bbe00dfbdd: 102 ms
Cold Start: false
Unique ID: 8bfc15ed-a09c-4cc5-9a96-8125571e1dbf,
Billed Duration for Request 8bfc15ed-a09c-4cc5-9a96-8125571e1dbf: 148 ms
Cold Start: false
Unique ID: d3a4e485-4e48-45c0-9b2c-14319fef2825,
Billed Duration for Request d3a4e485-4e48-45c0-9b2c-14319fef2825: 148 ms
Cold Start: false
Unique ID: 8f73d40c-fd8d-4556-9e78-9824be07b60d,
Billed Duration for Request 8f73d40c-fd8d-4556-9e78-9824be07b60d: 92 ms
Cold Start: false
Unique ID: 55631b80-44f6-4495-b206-18c2c653d2a1,
Billed Duration for Request 55631b80-44f6-4495-b206-18c2c653d2a1: 149 ms
Cold Start: false
Unique ID: 33622f81-67d3-49a7-916e-b584ddae35ab,
Billed Duration for Request 33622f81-67d3-49a7-916e-b584ddae35ab: 159 ms
Cold Start: false
Unique ID: c9f8661a-75d9-459f-8a64-0832618f18c2,
Billed Duration for Request c9f8661a-75d9-459f-8a64-0832618f18c2: 125 ms
Cold Start: false
Unique ID: cd4e3b35-12f4-45ca-a2ad-6cbacf07dd37,
Billed Duration for Request cd4e3b35-12f4-45ca-a2ad-6cbacf07dd37: 94 ms
Cold Start: false
Unique ID: d7c0d494-e2ac-4f2a-8fd0-1a2274aac671,
Billed Duration for Request d7c0d494-e2ac-4f2a-8fd0-1a2274aac671: 106 ms
Cold Start: false
Unique ID: b6949988-763a-42d2-b6cb-26ff4a3f399d,
Billed Duration for Request b6949988-763a-42d2-b6cb-26ff4a3f399d: 113 ms
Cold Start: false
Unique ID: a5361d59-9771-43fe-add6-0b8371801e2c,
Billed Duration for Request a5361d59-9771-43fe-add6-0b8371801e2c: 160 ms
Cold Start: false
Unique ID: 24d15a93-c8b3-4855-92fa-dbdf86254ec3,
Billed Duration for Request 24d15a93-c8b3-4855-92fa-dbdf86254ec3: 94 ms
Cold Start: false
Unique ID: 71a0d5c2-a787-4ba4-a79f-07b7ceab8836,
Billed Duration for Request 71a0d5c2-a787-4ba4-a79f-07b7ceab8836: 106 ms
Cold Start: false
Unique ID: 93316210-99eb-4535-ac3f-38037d28d932,
Billed Duration for Request 93316210-99eb-4535-ac3f-38037d28d932: 134 ms
Cold Start: false
Unique ID: 52b33d7a-86dc-4d46-a993-cb109e6b9a3e,
Billed Duration for Request 52b33d7a-86dc-4d46-a993-cb109e6b9a3e: 163 ms
Cold Start: false
Unique ID: 20b32613-eb89-43cd-8394-c39aa3737914,
Billed Duration for Request 20b32613-eb89-43cd-8394-c39aa3737914: 113 ms
Cold Start: false
Unique ID: 2daa2db5-e562-4104-a968-7bdda24c1dde,
Billed Duration for Request 2daa2db5-e562-4104-a968-7bdda24c1dde: 85 ms
Cold Start: false
Unique ID: 9bf18a03-b56c-4306-b97b-97bf0c2e3958,
Billed Duration for Request 9bf18a03-b56c-4306-b97b-97bf0c2e3958: 127 ms
Cold Start: false
Unique ID: ab48c906-1ced-4f3b-93d8-37d5da328e1c,
Billed Duration for Request ab48c906-1ced-4f3b-93d8-37d5da328e1c: 137 ms
Cold Start: false
Unique ID: 56e83a55-b2d2-4d30-9408-274edb26178c,
Billed Duration for Request 56e83a55-b2d2-4d30-9408-274edb26178c: 110 ms
Cold Start: false
Unique ID: ad5f7e17-8d48-4cde-ae19-ae0dad4240bb,
Billed Duration for Request ad5f7e17-8d48-4cde-ae19-ae0dad4240bb: 107 ms
Cold Start: false
Unique ID: dbe845fe-6fa9-415c-962a-f4aecfc93b50,
Billed Duration for Request dbe845fe-6fa9-415c-962a-f4aecfc93b50: 107 ms
Cold Start: false
Unique ID: 46b7f669-835b-4491-9603-f952abc30fcb,
Billed Duration for Request 46b7f669-835b-4491-9603-f952abc30fcb: 124 ms
Cold Start: false
Unique ID: a99f7701-8a7d-478d-be82-6c0f4aaaaa72,
Billed Duration for Request a99f7701-8a7d-478d-be82-6c0f4aaaaa72: 72 ms
Cold Start: false
Unique ID: ba41a25e-d0f9-4dc1-b756-673967d32042,
Billed Duration for Request ba41a25e-d0f9-4dc1-b756-673967d32042: 120 ms
Cold Start: false
Unique ID: 7f66f6eb-525a-4cf6-b771-aa5151a47a9b,
Billed Duration for Request 7f66f6eb-525a-4cf6-b771-aa5151a47a9b: 139 ms
Cold Start: false
Unique ID: c65ff694-9fee-47f6-abc5-9a376443e70c,
Billed Duration for Request c65ff694-9fee-47f6-abc5-9a376443e70c: 157 ms
Cold Start: false
Unique ID: 91232f10-b975-4081-b9dc-4425c0882c5a,
Billed Duration for Request 91232f10-b975-4081-b9dc-4425c0882c5a: 113 ms
Cold Start: false
Unique ID: f670bdb2-3600-47b3-a1f5-0728d5bd1e39,
Billed Duration for Request f670bdb2-3600-47b3-a1f5-0728d5bd1e39: 87 ms
Cold Start: false
Unique ID: 80635fd2-eba8-4797-9ebf-a02fd43de5a5,
Billed Duration for Request 80635fd2-eba8-4797-9ebf-a02fd43de5a5: 129 ms
Cold Start: false
Unique ID: 850a51b0-86c4-48b7-a305-f69951058541,
Billed Duration for Request 850a51b0-86c4-48b7-a305-f69951058541: 128 ms
Cold Start: false
Unique ID: 18353c34-4f3e-4741-a037-96e50a1af087,
Billed Duration for Request 18353c34-4f3e-4741-a037-96e50a1af087: 71 ms
Cold Start: false
Unique ID: ff88951f-2363-417e-b9a8-afec689900ba,
Billed Duration for Request ff88951f-2363-417e-b9a8-afec689900ba: 85 ms
Cold Start: false
Unique ID: 785c06f6-50ae-4781-9e35-a03eef5dcce6,
Billed Duration for Request 785c06f6-50ae-4781-9e35-a03eef5dcce6: 126 ms
Cold Start: false
Unique ID: a54160e1-309a-46c5-88dc-7c0b884c7644,
Billed Duration for Request a54160e1-309a-46c5-88dc-7c0b884c7644: 175 ms
Cold Start: false
Unique ID: bd59db49-4f42-4b7d-b61a-4fcdc91dacf1,
Billed Duration for Request bd59db49-4f42-4b7d-b61a-4fcdc91dacf1: 90 ms
Cold Start: false
Unique ID: 404504ef-3c1b-4b04-89c4-881dd0513ea7,
Billed Duration for Request 404504ef-3c1b-4b04-89c4-881dd0513ea7: 125 ms
Cold Start: false
Unique ID: 708dbb89-d62b-487d-b4c8-cfcd290305cb,
Billed Duration for Request 708dbb89-d62b-487d-b4c8-cfcd290305cb: 133 ms
Cold Start: false
Unique ID: 7becdc8c-3c24-48a3-91a6-88e840d12d8d,
Billed Duration for Request 7becdc8c-3c24-48a3-91a6-88e840d12d8d: 122 ms
Cold Start: false
Unique ID: 9b84d92b-0f17-4ee6-bfbd-b08d61da6c5e,
Billed Duration for Request 9b84d92b-0f17-4ee6-bfbd-b08d61da6c5e: 134 ms
Cold Start: false
Unique ID: 32eb5c3e-7212-4188-8cb2-2b302b7286e5,
Billed Duration for Request 32eb5c3e-7212-4188-8cb2-2b302b7286e5: 122 ms
Cold Start: false
Unique ID: 35273d59-3708-4a1a-b15d-cc43faa71753,
Billed Duration for Request 35273d59-3708-4a1a-b15d-cc43faa71753: 108 ms
Cold Start: false
Unique ID: 7be69c94-eb6f-46a2-a153-3466de2258a7,
Billed Duration for Request 7be69c94-eb6f-46a2-a153-3466de2258a7: 100 ms
Cold Start: false
Unique ID: 231ad2e9-1c98-4b93-a2e3-83af2607049d,
Billed Duration for Request 231ad2e9-1c98-4b93-a2e3-83af2607049d: 150 ms
Cold Start: false
Unique ID: 616f40b6-439a-415b-ae0c-898113bad916,
Billed Duration for Request 616f40b6-439a-415b-ae0c-898113bad916: 127 ms
Cold Start: false
Unique ID: 24c5645e-2932-4eff-8759-e396eb17a2a6,
Billed Duration for Request 24c5645e-2932-4eff-8759-e396eb17a2a6: 112 ms
Cold Start: false
Unique ID: 5fe3cc16-26ac-40e0-addf-6c00a8a1e942,
Billed Duration for Request 5fe3cc16-26ac-40e0-addf-6c00a8a1e942: 96 ms
Cold Start: false
Unique ID: 2d751ce7-11ac-4b1e-8a5a-4e79104cb6a4,
Billed Duration for Request 2d751ce7-11ac-4b1e-8a5a-4e79104cb6a4: 129 ms
Cold Start: false
Unique ID: 6466b844-8d3b-4d0a-aa97-2420ba97aa97,
Billed Duration for Request 6466b844-8d3b-4d0a-aa97-2420ba97aa97: 86 ms
Cold Start: false
Unique ID: 91f5547a-9e73-41fd-a135-f0e3a2a28361,
Billed Duration for Request 91f5547a-9e73-41fd-a135-f0e3a2a28361: 104 ms
Cold Start: false
Unique ID: cc4e2071-0fea-450a-b15e-0423a32c27e3,
Billed Duration for Request cc4e2071-0fea-450a-b15e-0423a32c27e3: 130 ms
Cold Start: false
Unique ID: f191de76-dc49-4fad-af6c-a6aec568121b,
Billed Duration for Request f191de76-dc49-4fad-af6c-a6aec568121b: 128 ms
Cold Start: false
Unique ID: d5376ad0-3c19-4c8b-9232-4f4229c48f7d,
Billed Duration for Request d5376ad0-3c19-4c8b-9232-4f4229c48f7d: 127 ms
Cold Start: false
Unique ID: 4d5fa5c0-8dfa-4fc1-a1de-1123b35c448a,
Billed Duration for Request 4d5fa5c0-8dfa-4fc1-a1de-1123b35c448a: 77 ms
Cold Start: false
Unique ID: 7daf820d-fa4a-447f-b994-cebba1770444,
Billed Duration for Request 7daf820d-fa4a-447f-b994-cebba1770444: 141 ms
Cold Start: false
Unique ID: fd74f703-c8f1-48fc-8408-5fabe9293735,
Billed Duration for Request fd74f703-c8f1-48fc-8408-5fabe9293735: 107 ms
Cold Start: false
Unique ID: 4a378a8d-e8d6-4707-9fd5-08536492c68a,
Billed Duration for Request 4a378a8d-e8d6-4707-9fd5-08536492c68a: 123 ms
Cold Start: false
Unique ID: 885fd8f2-fbbd-4bff-ae71-9af4148b636f,
Billed Duration for Request 885fd8f2-fbbd-4bff-ae71-9af4148b636f: 110 ms
Cold Start: false
Unique ID: 8d7be522-40b2-431b-b490-177dfd5913a7,
Billed Duration for Request 8d7be522-40b2-431b-b490-177dfd5913a7: 154 ms
Cold Start: false
Unique ID: e3c60451-d1c7-48bf-b039-a4e49382dade,
Billed Duration for Request e3c60451-d1c7-48bf-b039-a4e49382dade: 109 ms
Cold Start: false
Unique ID: 4853c99b-8d1a-46ed-9aef-3e411089a39a,
Billed Duration for Request 4853c99b-8d1a-46ed-9aef-3e411089a39a: 86 ms
Cold Start: false
Unique ID: 11054f15-f927-4a7a-9769-8d97c9cb14b2,
Billed Duration for Request 11054f15-f927-4a7a-9769-8d97c9cb14b2: 96 ms
Cold Start: false
Unique ID: 5edbbcee-1ab4-403e-8994-02f15ac7e106,
Billed Duration for Request 5edbbcee-1ab4-403e-8994-02f15ac7e106: 103 ms
Cold Start: false
Unique ID: 3f67a010-ea5b-4e97-b0f4-ee5858d237fa,
Billed Duration for Request 3f67a010-ea5b-4e97-b0f4-ee5858d237fa: 133 ms
Cold Start: false
Unique ID: 449d1685-6a54-419c-87e7-113eb752426c,
Billed Duration for Request 449d1685-6a54-419c-87e7-113eb752426c: 141 ms
Cold Start: false
Unique ID: 7a89b738-3328-46e9-8ac6-d989ab5750b2,
Billed Duration for Request 7a89b738-3328-46e9-8ac6-d989ab5750b2: 120 ms
Cold Start: false
Unique ID: 2733bf4d-5e88-42ac-93c5-a76b6dce2235,
Billed Duration for Request 2733bf4d-5e88-42ac-93c5-a76b6dce2235: 110 ms
Cold Start: false
Unique ID: 727607b5-387a-47de-a842-216dda4192c7,
Billed Duration for Request 727607b5-387a-47de-a842-216dda4192c7: 134 ms
Cold Start: false
Unique ID: 006f4477-5897-4aa8-b38c-e9c35f508412,
Billed Duration for Request 006f4477-5897-4aa8-b38c-e9c35f508412: 94 ms
Cold Start: false
Unique ID: d8fc3796-fc5f-4d4c-91d3-2d840e16fa34,
Billed Duration for Request d8fc3796-fc5f-4d4c-91d3-2d840e16fa34: 150 ms
Cold Start: false
Unique ID: 4aa65dcf-8568-4cd7-8822-3a7e79bd40e5,
Billed Duration for Request 4aa65dcf-8568-4cd7-8822-3a7e79bd40e5: 105 ms
Cold Start: false
Unique ID: a69e392c-6db7-4610-9f03-709c0dba36b3,
Billed Duration for Request a69e392c-6db7-4610-9f03-709c0dba36b3: 127 ms
Cold Start: false
Unique ID: ef14db96-4667-4b88-9949-7822c651e2b0,
Billed Duration for Request ef14db96-4667-4b88-9949-7822c651e2b0: 104 ms
Cold Start: false
Unique ID: de35c492-08d7-4ea5-a171-8d613718aa48,
Billed Duration for Request de35c492-08d7-4ea5-a171-8d613718aa48: 131 ms
Cold Start: false
Unique ID: 3612e7ba-8e63-4f26-8690-3aee405252f5,
Billed Duration for Request 3612e7ba-8e63-4f26-8690-3aee405252f5: 145 ms
Cold Start: false
Unique ID: 514b5c7e-b24a-4a2a-a50b-f31103434730,
Billed Duration for Request 514b5c7e-b24a-4a2a-a50b-f31103434730: 96 ms
Cold Start: false
Unique ID: 6334de13-d413-490f-b994-3e662ea42ffb,
Billed Duration for Request 6334de13-d413-490f-b994-3e662ea42ffb: 121 ms
Cold Start: false
Unique ID: 2968fcda-96c0-480d-bbd7-e5b265e073bf,
Billed Duration for Request 2968fcda-96c0-480d-bbd7-e5b265e073bf: 77 ms
Cold Start: false
Unique ID: 3e95189a-0106-4b1b-b48f-5be4f0a4f4a3,
Billed Duration for Request 3e95189a-0106-4b1b-b48f-5be4f0a4f4a3: 145 ms
Cold Start: false
Unique ID: 8a268e15-0cea-4da3-b393-843afb85bf5e,
Billed Duration for Request 8a268e15-0cea-4da3-b393-843afb85bf5e: 132 ms
Cold Start: false
Unique ID: 92e26f1a-2884-4cc6-a041-6f4d1b3fd7b7,
Billed Duration for Request 92e26f1a-2884-4cc6-a041-6f4d1b3fd7b7: 145 ms
Cold Start: false
Unique ID: 65f9885d-4667-4496-a99c-d3c63bfe1665,
Billed Duration for Request 65f9885d-4667-4496-a99c-d3c63bfe1665: 143 ms
Cold Start: false
Unique ID: dd74c6fc-4e12-48bb-bb96-cfd5ca276dab,
Billed Duration for Request dd74c6fc-4e12-48bb-bb96-cfd5ca276dab: 137 ms
Cold Start: false
Unique ID: 6781a951-5d41-4df0-a3c1-0af871008048,
Billed Duration for Request 6781a951-5d41-4df0-a3c1-0af871008048: 132 ms
Cold Start: false
Unique ID: d899212d-d196-4701-82e7-e1e6dad105e4,
Billed Duration for Request d899212d-d196-4701-82e7-e1e6dad105e4: 116 ms
Cold Start: false
Unique ID: 03a21332-20ae-488d-93c7-53f99d68c308,
Billed Duration for Request 03a21332-20ae-488d-93c7-53f99d68c308: 77 ms
Cold Start: false
Unique ID: 5b393a8d-e194-4e15-96a1-88411f7877f3,
Billed Duration for Request 5b393a8d-e194-4e15-96a1-88411f7877f3: 90 ms
Cold Start: false
Unique ID: a132c0c7-5ee3-4eef-9f8f-2611d37eaf88,
Billed Duration for Request a132c0c7-5ee3-4eef-9f8f-2611d37eaf88: 113 ms
Cold Start: false
Unique ID: 59432bc0-926d-4541-84b1-35f133593d7b,
Billed Duration for Request 59432bc0-926d-4541-84b1-35f133593d7b: 134 ms
Cold Start: false
Unique ID: f303fd57-4505-421f-af8e-397eaeb69b54,
Billed Duration for Request f303fd57-4505-421f-af8e-397eaeb69b54: 140 ms
Cold Start: false
Unique ID: 719c9ff5-a1ae-401e-9ee1-f610c03ac0f4,
Billed Duration for Request 719c9ff5-a1ae-401e-9ee1-f610c03ac0f4: 124 ms
Cold Start: false
Unique ID: c8fd3502-ec1f-483a-b7be-cad6baf21c42,
Billed Duration for Request c8fd3502-ec1f-483a-b7be-cad6baf21c42: 133 ms
Cold Start: false
Unique ID: 3d47eb64-948d-4e8c-9e77-cf337a62812f,
Billed Duration for Request 3d47eb64-948d-4e8c-9e77-cf337a62812f: 104 ms
Cold Start: false
Unique ID: 53a4e26f-ff14-4f05-924a-9b1a3c43b878,
Billed Duration for Request 53a4e26f-ff14-4f05-924a-9b1a3c43b878: 118 ms
Cold Start: false
Unique ID: b479f48c-cbf1-4f52-89e6-616c208617c5,
Billed Duration for Request b479f48c-cbf1-4f52-89e6-616c208617c5: 145 ms
Cold Start: false
Unique ID: b91ca30d-1bef-4905-9235-7b672634aa1e,
Billed Duration for Request b91ca30d-1bef-4905-9235-7b672634aa1e: 109 ms
Cold Start: false
Unique ID: abca9636-54e4-4f0f-9866-c67aa3e5bea8,
Billed Duration for Request abca9636-54e4-4f0f-9866-c67aa3e5bea8: 130 ms
Cold Start: false
Unique ID: 553f7b92-58f1-40c7-aa1b-03cc76d6f8a3,
Billed Duration for Request 553f7b92-58f1-40c7-aa1b-03cc76d6f8a3: 107 ms
Cold Start: false
Unique ID: ea9967b5-f176-426d-b9ca-fc3b1750450f,
Billed Duration for Request ea9967b5-f176-426d-b9ca-fc3b1750450f: 97 ms
Cold Start: false
Unique ID: c32b234f-a792-4f22-916d-075fd1857e3c,
Billed Duration for Request c32b234f-a792-4f22-916d-075fd1857e3c: 114 ms
Cold Start: false
Unique ID: 112e8c0f-6bf5-446c-a2b1-ad5c079ed417,
Billed Duration for Request 112e8c0f-6bf5-446c-a2b1-ad5c079ed417: 110 ms
Cold Start: false
Unique ID: 916e1c91-7b4f-4d6f-8102-3543f378bffc,
Billed Duration for Request 916e1c91-7b4f-4d6f-8102-3543f378bffc: 151 ms
Cold Start: false
Unique ID: 3cc3e05a-78e4-4f4c-92ac-ee047247962b,
Billed Duration for Request 3cc3e05a-78e4-4f4c-92ac-ee047247962b: 94 ms
Cold Start: false
Unique ID: 7108ba46-b717-4fa3-b292-b5a962fda627,
Billed Duration for Request 7108ba46-b717-4fa3-b292-b5a962fda627: 134 ms
Cold Start: false
Unique ID: cd180efd-32ba-4d2d-938a-004303f55699,
Billed Duration for Request cd180efd-32ba-4d2d-938a-004303f55699: 133 ms
Cold Start: false
Unique ID: ae007563-356e-4840-b460-f88f64443579,
Billed Duration for Request ae007563-356e-4840-b460-f88f64443579: 104 ms
Cold Start: false
Unique ID: 33003b81-f81e-4bd3-b0ff-a384583c10cf,
Billed Duration for Request 33003b81-f81e-4bd3-b0ff-a384583c10cf: 98 ms
Cold Start: false
Unique ID: 90a0bb79-3abb-4e24-87ab-703b202c8104,
Billed Duration for Request 90a0bb79-3abb-4e24-87ab-703b202c8104: 95 ms
Cold Start: false
Unique ID: 9dc9ed83-45e2-40ee-9ab7-929b1d19da83,
Billed Duration for Request 9dc9ed83-45e2-40ee-9ab7-929b1d19da83: 106 ms
Cold Start: false
Unique ID: 245cf64f-1400-449f-b28d-0e23a28c5eb7,
Billed Duration for Request 245cf64f-1400-449f-b28d-0e23a28c5eb7: 122 ms
Cold Start: false
Unique ID: 351e3125-6410-4754-9614-fd9a614d8f80,
Billed Duration for Request 351e3125-6410-4754-9614-fd9a614d8f80: 161 ms
Cold Start: false
Unique ID: b2b27305-4a02-42fc-9f37-44a0006c14a0,
Billed Duration for Request b2b27305-4a02-42fc-9f37-44a0006c14a0: 87 ms
Cold Start: false
Unique ID: d094c660-9de9-4624-8cc0-09c1e0ab3d70,
Billed Duration for Request d094c660-9de9-4624-8cc0-09c1e0ab3d70: 136 ms
Cold Start: false
Unique ID: 780f6e0a-8c6b-4bc5-a8a3-1b67415c70b2,
Billed Duration for Request 780f6e0a-8c6b-4bc5-a8a3-1b67415c70b2: 95 ms
Cold Start: false
Unique ID: 40607f7a-9849-444a-921a-0db6c7de2329,
Billed Duration for Request 40607f7a-9849-444a-921a-0db6c7de2329: 125 ms
Cold Start: false
Unique ID: 996f3d69-cb79-4f26-aded-ace6a8eb97d3,
Billed Duration for Request 996f3d69-cb79-4f26-aded-ace6a8eb97d3: 155 ms
Cold Start: false
Unique ID: 3490e84d-a083-432c-951c-7d434259ecd3,
Billed Duration for Request 3490e84d-a083-432c-951c-7d434259ecd3: 124 ms
Cold Start: false
Unique ID: 37aa55d4-a7ad-4580-aa7d-4146f570a4fe,
Billed Duration for Request 37aa55d4-a7ad-4580-aa7d-4146f570a4fe: 138 ms
Cold Start: false
Unique ID: 34546f57-2320-4671-819c-7d7a568970af,
Billed Duration for Request 34546f57-2320-4671-819c-7d7a568970af: 104 ms
Cold Start: false
Unique ID: 77e69674-7bc4-4369-b69e-9f133a117da0,
Billed Duration for Request 77e69674-7bc4-4369-b69e-9f133a117da0: 91 ms
Cold Start: false
Unique ID: 7d0da83d-e6ae-432d-a735-75a465e16d64,
Billed Duration for Request 7d0da83d-e6ae-432d-a735-75a465e16d64: 125 ms
Cold Start: false
Unique ID: 4b7886b9-ba9b-49d6-b9ed-010b0e76f479,
Billed Duration for Request 4b7886b9-ba9b-49d6-b9ed-010b0e76f479: 140 ms
Cold Start: false
Unique ID: 0f56b4bb-ae4b-43f2-9455-424f10bd4fb7,
Billed Duration for Request 0f56b4bb-ae4b-43f2-9455-424f10bd4fb7: 150 ms
Cold Start: false
Unique ID: 15b2ab40-f573-484d-8005-d44592ae71ee,
Billed Duration for Request 15b2ab40-f573-484d-8005-d44592ae71ee: 87 ms
Cold Start: false
Unique ID: 70d195b2-d566-442c-b713-e6c3e7d4ce36,
Billed Duration for Request 70d195b2-d566-442c-b713-e6c3e7d4ce36: 104 ms
Cold Start: false
Unique ID: b48440f7-26da-45c2-9b29-d9f43418d175,
Billed Duration for Request b48440f7-26da-45c2-9b29-d9f43418d175: 107 ms
Cold Start: false
Unique ID: 3b83d733-2620-47aa-92c2-38c25363371b,
Billed Duration for Request 3b83d733-2620-47aa-92c2-38c25363371b: 162 ms
Cold Start: false
Unique ID: 74176e70-daee-401b-a9a9-90ab2b88d1f4,
Billed Duration for Request 74176e70-daee-401b-a9a9-90ab2b88d1f4: 124 ms
Cold Start: false
Unique ID: 6ee9900a-6819-453e-a41d-6c8196be7ea2,
Billed Duration for Request 6ee9900a-6819-453e-a41d-6c8196be7ea2: 156 ms
Cold Start: false
Unique ID: 37f752aa-7bc5-496f-be96-764bde0e34fe,
Billed Duration for Request 37f752aa-7bc5-496f-be96-764bde0e34fe: 140 ms
Cold Start: false
Unique ID: d1225556-4bd5-4d00-8aec-358a06390354,
Billed Duration for Request d1225556-4bd5-4d00-8aec-358a06390354: 116 ms
Cold Start: false
Unique ID: ec5d4d93-9856-45a1-953b-e752b3a064be,
Billed Duration for Request ec5d4d93-9856-45a1-953b-e752b3a064be: 111 ms
Cold Start: false
Unique ID: 379d27ee-7db5-4632-9f20-5f0347c5f186,
Billed Duration for Request 379d27ee-7db5-4632-9f20-5f0347c5f186: 121 ms
Cold Start: false
Unique ID: 4cd4769d-49be-42d6-b41e-35e1f8f59184,
Billed Duration for Request 4cd4769d-49be-42d6-b41e-35e1f8f59184: 105 ms
Cold Start: false
Unique ID: 0cc90b81-733a-4d0d-adb6-adb6a436a3a6,
Billed Duration for Request 0cc90b81-733a-4d0d-adb6-adb6a436a3a6: 126 ms
Cold Start: false
Unique ID: 1216f6e5-feb4-4997-b2b5-a7898fa493d3,
Billed Duration for Request 1216f6e5-feb4-4997-b2b5-a7898fa493d3: 94 ms
Cold Start: false
Unique ID: d90d8c85-2586-45a2-aeae-5a3b46700a59,
Billed Duration for Request d90d8c85-2586-45a2-aeae-5a3b46700a59: 154 ms
Cold Start: false
Unique ID: b450e3f5-b9cc-4568-a9e6-90546174667a,
Billed Duration for Request b450e3f5-b9cc-4568-a9e6-90546174667a: 147 ms
Cold Start: false
Unique ID: d22b9743-e580-4396-ae40-620fd604fe59,
Billed Duration for Request d22b9743-e580-4396-ae40-620fd604fe59: 148 ms
Cold Start: false
Unique ID: 853f97ad-c7f5-417f-a9c7-e2d943000b62,
Billed Duration for Request 853f97ad-c7f5-417f-a9c7-e2d943000b62: 91 ms
Cold Start: false
Unique ID: 7108223b-6845-42b7-a888-e0f66e2122a0,
Billed Duration for Request 7108223b-6845-42b7-a888-e0f66e2122a0: 119 ms
Cold Start: false
Unique ID: d5251fb9-b391-40db-96e0-bee8fe29b019,
Billed Duration for Request d5251fb9-b391-40db-96e0-bee8fe29b019: 93 ms
Cold Start: false
Unique ID: 47f174f9-9bad-4237-8414-18352256a482,
Billed Duration for Request 47f174f9-9bad-4237-8414-18352256a482: 174 ms
Cold Start: false
Unique ID: 2e5fcf65-1413-4e81-a372-279f89d7308d,
Billed Duration for Request 2e5fcf65-1413-4e81-a372-279f89d7308d: 90 ms
Cold Start: false
Unique ID: 5257f5fe-000a-4bfa-ae6e-4cb90c94796c,
Billed Duration for Request 5257f5fe-000a-4bfa-ae6e-4cb90c94796c: 138 ms
Cold Start: false
Unique ID: f49f56af-028b-49f2-9a3a-625eae841286,
Billed Duration for Request f49f56af-028b-49f2-9a3a-625eae841286: 136 ms
Cold Start: false
Unique ID: c7776601-5bb7-499a-b174-3c2d407e69f4,
Billed Duration for Request c7776601-5bb7-499a-b174-3c2d407e69f4: 160 ms
Cold Start: false
Unique ID: b95cb9b2-3157-46b4-aada-b2dead66bc92,
Billed Duration for Request b95cb9b2-3157-46b4-aada-b2dead66bc92: 104 ms
Cold Start: false
Unique ID: 8d1a8a83-6be1-414b-9395-616ae55af846,
Billed Duration for Request 8d1a8a83-6be1-414b-9395-616ae55af846: 105 ms
Cold Start: false
Unique ID: 7b1090d6-e067-4d35-a461-562dcc23070f,
Billed Duration for Request 7b1090d6-e067-4d35-a461-562dcc23070f: 145 ms
Cold Start: false
Unique ID: c9326d55-5678-4901-9cfd-e60e7648d9e5,
Billed Duration for Request c9326d55-5678-4901-9cfd-e60e7648d9e5: 164 ms
Cold Start: false
Unique ID: 5db20745-8c52-4548-82c1-220a28336828,
Billed Duration for Request 5db20745-8c52-4548-82c1-220a28336828: 119 ms
Cold Start: false
Unique ID: 04275707-84f5-4e00-826a-9da60d2cc23e,
Billed Duration for Request 04275707-84f5-4e00-826a-9da60d2cc23e: 100 ms
Cold Start: false
Unique ID: e7b2ea04-372a-49cf-bcfb-207bd926383c,
Billed Duration for Request e7b2ea04-372a-49cf-bcfb-207bd926383c: 114 ms
Cold Start: false
Unique ID: f76618e7-db3f-4942-8880-3f9c058da8b9,
Billed Duration for Request f76618e7-db3f-4942-8880-3f9c058da8b9: 123 ms
Cold Start: false
Unique ID: d55415c6-1ffb-43ee-aef3-14cca5f1b2f6,
Billed Duration for Request d55415c6-1ffb-43ee-aef3-14cca5f1b2f6: 127 ms
Cold Start: false
Unique ID: d15c0fa5-8918-417d-a7e0-520e5e5a02a7,
Billed Duration for Request d15c0fa5-8918-417d-a7e0-520e5e5a02a7: 116 ms
Cold Start: false
Unique ID: d31480db-5080-4e1e-bc8e-600257e28a3a,
Billed Duration for Request d31480db-5080-4e1e-bc8e-600257e28a3a: 135 ms
Cold Start: false
Unique ID: d9d2f0ba-7842-4a55-bfd2-018a63104a8a,
Billed Duration for Request d9d2f0ba-7842-4a55-bfd2-018a63104a8a: 117 ms
Cold Start: false
Unique ID: de96ea64-6251-43d2-82e5-c27804d15043,
Billed Duration for Request de96ea64-6251-43d2-82e5-c27804d15043: 127 ms
Cold Start: false
Unique ID: 122c1789-ef0b-419f-86c1-34771d572571,
Billed Duration for Request 122c1789-ef0b-419f-86c1-34771d572571: 123 ms
Cold Start: false
Unique ID: 97fe836d-9f80-4c1e-94e2-2cf5d4b25d4a,
Billed Duration for Request 97fe836d-9f80-4c1e-94e2-2cf5d4b25d4a: 124 ms
Cold Start: false
Unique ID: 748229d1-1130-4827-a488-f8572ea9f6a7,
Billed Duration for Request 748229d1-1130-4827-a488-f8572ea9f6a7: 69 ms
Cold Start: false
Unique ID: de985688-2f46-4d87-b9df-2a9a87416a16,
Billed Duration for Request de985688-2f46-4d87-b9df-2a9a87416a16: 124 ms
Cold Start: false
Unique ID: e4884c63-72aa-499d-bc1b-e762ee447eb0,
Billed Duration for Request e4884c63-72aa-499d-bc1b-e762ee447eb0: 149 ms
Cold Start: false
Unique ID: 22cf2f92-e07e-4fce-8e2d-619529ef7e48,
Billed Duration for Request 22cf2f92-e07e-4fce-8e2d-619529ef7e48: 114 ms
Cold Start: false
Unique ID: 356ad3a6-8374-4d69-b8a1-95ab4eb402a1,
Billed Duration for Request 356ad3a6-8374-4d69-b8a1-95ab4eb402a1: 86 ms
Cold Start: false
Unique ID: d451c2bf-5cef-4099-aea0-6cd593a489c2,
Billed Duration for Request d451c2bf-5cef-4099-aea0-6cd593a489c2: 123 ms
Cold Start: false
Unique ID: 463362ad-4037-4aae-ac10-4c9360b6a21e,
Billed Duration for Request 463362ad-4037-4aae-ac10-4c9360b6a21e: 139 ms
Cold Start: false
Unique ID: 0c7b54f3-4bbb-45d4-82cf-4253cebeba0f,
Billed Duration for Request 0c7b54f3-4bbb-45d4-82cf-4253cebeba0f: 90 ms
Cold Start: false
Unique ID: 5bcf394d-72a1-4697-aabf-00e2850c4c30,
Billed Duration for Request 5bcf394d-72a1-4697-aabf-00e2850c4c30: 94 ms
Cold Start: false
Unique ID: e3bca10b-eb64-463d-bbbe-4b1b782573f4,
Billed Duration for Request e3bca10b-eb64-463d-bbbe-4b1b782573f4: 151 ms
Cold Start: false
Unique ID: 2cb4b346-eaaf-46f6-8ba7-a09fdc7d968e,
Billed Duration for Request 2cb4b346-eaaf-46f6-8ba7-a09fdc7d968e: 114 ms
Cold Start: false
Unique ID: 66b2526e-ae08-445f-a802-ccedb8fe8189,
Billed Duration for Request 66b2526e-ae08-445f-a802-ccedb8fe8189: 152 ms
Cold Start: false
Unique ID: 7e37ffe5-58e0-4887-8e2d-3b6c56415fe0,
Billed Duration for Request 7e37ffe5-58e0-4887-8e2d-3b6c56415fe0: 105 ms
Cold Start: false
Unique ID: 328f6fe1-bb4b-49b5-89fd-b8ec68efc1a9,
Billed Duration for Request 328f6fe1-bb4b-49b5-89fd-b8ec68efc1a9: 107 ms
Cold Start: false
Unique ID: 4a9f810f-0b46-4730-90cc-d7c8b798e940,
Billed Duration for Request 4a9f810f-0b46-4730-90cc-d7c8b798e940: 158 ms
Cold Start: false
Unique ID: bca2c921-f7cc-4087-aaf6-43afee6106ae,
Billed Duration for Request bca2c921-f7cc-4087-aaf6-43afee6106ae: 86 ms
Cold Start: false
Unique ID: 92a5723f-b82d-4ff4-891a-21eba04edf4c,
Billed Duration for Request 92a5723f-b82d-4ff4-891a-21eba04edf4c: 85 ms
Cold Start: false
Unique ID: 19cb2009-7614-48ec-898e-e538e3f3208e,
Billed Duration for Request 19cb2009-7614-48ec-898e-e538e3f3208e: 148 ms
Cold Start: false
Unique ID: 3cada032-1b19-444d-b9ca-5d6b1588d71f,
Billed Duration for Request 3cada032-1b19-444d-b9ca-5d6b1588d71f: 93 ms
Cold Start: false
Unique ID: cadca187-4774-45b6-b4bf-2b3e6afc0e79,
Billed Duration for Request cadca187-4774-45b6-b4bf-2b3e6afc0e79: 138 ms
Cold Start: false
Unique ID: 1aea5d09-2731-419b-b5ee-02312ab52fe6,
Billed Duration for Request 1aea5d09-2731-419b-b5ee-02312ab52fe6: 106 ms
Cold Start: false
Unique ID: 4ead8cd9-21c6-47b4-9976-1a419d3b825f,
Billed Duration for Request 4ead8cd9-21c6-47b4-9976-1a419d3b825f: 109 ms
Cold Start: false
Unique ID: 8147520f-08c4-4899-abfe-e0cd550c0193,
Billed Duration for Request 8147520f-08c4-4899-abfe-e0cd550c0193: 132 ms
Cold Start: false
Unique ID: 685ce949-542a-4300-9352-608f31b7d7e9,
Billed Duration for Request 685ce949-542a-4300-9352-608f31b7d7e9: 125 ms
Cold Start: false
Unique ID: 84fe08f8-3b22-4d02-89f0-0e1e8ddf5b20,
Billed Duration for Request 84fe08f8-3b22-4d02-89f0-0e1e8ddf5b20: 109 ms
Cold Start: false
Unique ID: 29e88b64-3531-465f-8e03-64656d49747e,
Billed Duration for Request 29e88b64-3531-465f-8e03-64656d49747e: 92 ms
Cold Start: false
Unique ID: 57be2518-5ea1-467a-a43f-7a86438a9fce,
Billed Duration for Request 57be2518-5ea1-467a-a43f-7a86438a9fce: 165 ms
Cold Start: false
Unique ID: c4c392c1-e137-4948-9192-a7731a2a880d,
Billed Duration for Request c4c392c1-e137-4948-9192-a7731a2a880d: 93 ms
Cold Start: false
Unique ID: 10b1289f-6ea8-454e-ac7b-04be4af53a9d,
Billed Duration for Request 10b1289f-6ea8-454e-ac7b-04be4af53a9d: 83 ms
Cold Start: false
Unique ID: a8f94b04-e1fb-47d7-b5d3-b24f5daa9748,
Billed Duration for Request a8f94b04-e1fb-47d7-b5d3-b24f5daa9748: 130 ms
Cold Start: false
Unique ID: 3ea7fc2b-6803-4763-8c2a-e3f7627cf221,
Billed Duration for Request 3ea7fc2b-6803-4763-8c2a-e3f7627cf221: 124 ms
Cold Start: false
Unique ID: 69e8b614-204b-447a-b102-5d07987d257a,
Billed Duration for Request 69e8b614-204b-447a-b102-5d07987d257a: 98 ms
Cold Start: false
Unique ID: ffc6e11f-aea8-471f-a113-6eb9f0737381,
Billed Duration for Request ffc6e11f-aea8-471f-a113-6eb9f0737381: 118 ms
Cold Start: false
Unique ID: 13d484e8-caf7-44f3-827c-075c7dde2bfc,
Billed Duration for Request 13d484e8-caf7-44f3-827c-075c7dde2bfc: 93 ms
Cold Start: false
Unique ID: be442737-536f-47de-afde-028e30c24894,
Billed Duration for Request be442737-536f-47de-afde-028e30c24894: 131 ms
Cold Start: false
Unique ID: e410e913-7487-4a4b-bc2a-9004860b53f2,
Billed Duration for Request e410e913-7487-4a4b-bc2a-9004860b53f2: 85 ms
Cold Start: false
Unique ID: 365c239a-e0a3-4e05-86bd-19acc0f58773,
Billed Duration for Request 365c239a-e0a3-4e05-86bd-19acc0f58773: 151 ms
Cold Start: false
Unique ID: ebf4cdae-72f8-47e9-acf0-de05a1a48f03,
Billed Duration for Request ebf4cdae-72f8-47e9-acf0-de05a1a48f03: 73 ms
Cold Start: false
Unique ID: 125ab167-413a-40fa-ab28-d38d2aa2c44d,
Billed Duration for Request 125ab167-413a-40fa-ab28-d38d2aa2c44d: 129 ms
Cold Start: false
Unique ID: 97719583-08b5-4af8-b0cf-e9886fe17881,
Billed Duration for Request 97719583-08b5-4af8-b0cf-e9886fe17881: 114 ms
Cold Start: false
Unique ID: 9d570db9-8aae-4e8b-aa01-dca8641bbd9b,
Billed Duration for Request 9d570db9-8aae-4e8b-aa01-dca8641bbd9b: 148 ms
Cold Start: false
Unique ID: 2dd67152-bfa2-4d01-80d7-194d4fc214c5,
Billed Duration for Request 2dd67152-bfa2-4d01-80d7-194d4fc214c5: 112 ms
Cold Start: false
Unique ID: 26fe526e-2dd5-4dfd-afa2-1d8e82385b49,
Billed Duration for Request 26fe526e-2dd5-4dfd-afa2-1d8e82385b49: 101 ms
Cold Start: false
Unique ID: 30ebb213-3f9f-4013-8a2c-e5ecc2a96121,
Billed Duration for Request 30ebb213-3f9f-4013-8a2c-e5ecc2a96121: 92 ms
Cold Start: false
Unique ID: d1ae919c-c1f2-4e95-b4f5-0d7084ec7c9b,
Billed Duration for Request d1ae919c-c1f2-4e95-b4f5-0d7084ec7c9b: 115 ms
Cold Start: false
Unique ID: c6bf5371-e184-4acb-a92f-78ed12f9e923,
Billed Duration for Request c6bf5371-e184-4acb-a92f-78ed12f9e923: 94 ms
Cold Start: false
Unique ID: f1a0147c-93db-40e6-a7e9-0cbb2e705706,
Billed Duration for Request f1a0147c-93db-40e6-a7e9-0cbb2e705706: 124 ms
Cold Start: false
Unique ID: 90fb0b24-de54-4af2-85be-35f60cc55fe5,
Billed Duration for Request 90fb0b24-de54-4af2-85be-35f60cc55fe5: 155 ms
Cold Start: false
Unique ID: 072bade5-9fa3-4d89-83f2-b01a56c17cb5,
Billed Duration for Request 072bade5-9fa3-4d89-83f2-b01a56c17cb5: 130 ms
Cold Start: false
Unique ID: 6779ac02-52a7-4d09-8fe6-fef1f0601de8,
Billed Duration for Request 6779ac02-52a7-4d09-8fe6-fef1f0601de8: 103 ms
Cold Start: false
Unique ID: 619e6b22-984c-436d-9a70-682ab0e81437,
Billed Duration for Request 619e6b22-984c-436d-9a70-682ab0e81437: 101 ms
Cold Start: false
Unique ID: 7f22262a-62c9-4f54-8965-c5bb8586f4b4,
Billed Duration for Request 7f22262a-62c9-4f54-8965-c5bb8586f4b4: 105 ms
Cold Start: false
Unique ID: ab6a42be-d8b7-48a2-b599-e7662d6bea42,
Billed Duration for Request ab6a42be-d8b7-48a2-b599-e7662d6bea42: 101 ms
Cold Start: false
Unique ID: 801c1b68-dca8-4fad-ba48-8cd260e41a1f,
Billed Duration for Request 801c1b68-dca8-4fad-ba48-8cd260e41a1f: 134 ms
Cold Start: false
Unique ID: 04dc78a0-a17f-45ba-b563-9ea8b0b47b33,
Billed Duration for Request 04dc78a0-a17f-45ba-b563-9ea8b0b47b33: 137 ms
Cold Start: false
Unique ID: 4b1fdb5b-aef3-4d65-b2a1-eefe818cd79e,
Billed Duration for Request 4b1fdb5b-aef3-4d65-b2a1-eefe818cd79e: 101 ms
Cold Start: false
Unique ID: a68b25c5-7a54-41dd-9783-9499aec51529,
Billed Duration for Request a68b25c5-7a54-41dd-9783-9499aec51529: 150 ms
Cold Start: false
Unique ID: d03e747b-28d5-478d-9771-5a976c42bac0,
Billed Duration for Request d03e747b-28d5-478d-9771-5a976c42bac0: 132 ms
Cold Start: false
Unique ID: a7fcb511-8222-4225-9b6c-1de617f3550c,
Billed Duration for Request a7fcb511-8222-4225-9b6c-1de617f3550c: 86 ms
Cold Start: false
Unique ID: cf7d63b0-2a7d-4c11-b847-55c61c2901fc,
Billed Duration for Request cf7d63b0-2a7d-4c11-b847-55c61c2901fc: 85 ms
Cold Start: false
Unique ID: 2508ab7c-5fc0-428e-8c00-000ee0155c02,
Billed Duration for Request 2508ab7c-5fc0-428e-8c00-000ee0155c02: 119 ms
Cold Start: false
Unique ID: 1c2eecd3-1f88-4bc2-b900-28310fef13d2,
Billed Duration for Request 1c2eecd3-1f88-4bc2-b900-28310fef13d2: 89 ms
Cold Start: false
Unique ID: 70cc1c2a-8b2b-4b87-8310-9376833f307e,
Billed Duration for Request 70cc1c2a-8b2b-4b87-8310-9376833f307e: 156 ms
Cold Start: false
Unique ID: f0b0ad85-4d35-41ec-bbfb-f518251fe6dd,
Billed Duration for Request f0b0ad85-4d35-41ec-bbfb-f518251fe6dd: 131 ms
Cold Start: false
Unique ID: e83949c5-ea91-48ac-9db4-33529db66a9e,
Billed Duration for Request e83949c5-ea91-48ac-9db4-33529db66a9e: 150 ms
Cold Start: false
Unique ID: 487abef2-7aa9-45d5-b972-d308ccae7907,
Billed Duration for Request 487abef2-7aa9-45d5-b972-d308ccae7907: 91 ms
Cold Start: false
Unique ID: 5b9c88f3-de78-4174-bad0-0f126002bffe,
Billed Duration for Request 5b9c88f3-de78-4174-bad0-0f126002bffe: 78 ms
Cold Start: false
Unique ID: ef4cc071-4c74-403f-a441-e7f23b52d76f,
Billed Duration for Request ef4cc071-4c74-403f-a441-e7f23b52d76f: 88 ms
Cold Start: false
Unique ID: ffbc2559-fe84-425e-8dbc-d3262113ed4f,
Billed Duration for Request ffbc2559-fe84-425e-8dbc-d3262113ed4f: 130 ms
Cold Start: false
Unique ID: b8b5d878-e7c0-4c6a-bc59-8b7e47872ecf,
Billed Duration for Request b8b5d878-e7c0-4c6a-bc59-8b7e47872ecf: 73 ms
Cold Start: false
Unique ID: 1d0386cb-8edd-46b4-984d-427f5ac20091,
Billed Duration for Request 1d0386cb-8edd-46b4-984d-427f5ac20091: 136 ms
Cold Start: false
Unique ID: 50c02c71-9baa-429f-a20c-b973c978ba62,
Billed Duration for Request 50c02c71-9baa-429f-a20c-b973c978ba62: 148 ms
Cold Start: false
Unique ID: 5adda67e-232e-4b28-b71e-ef5e1f4cb088,
Billed Duration for Request 5adda67e-232e-4b28-b71e-ef5e1f4cb088: 160 ms
Cold Start: false
Unique ID: bb217c5a-509c-435d-9bc1-3fc110a309c2,
Billed Duration for Request bb217c5a-509c-435d-9bc1-3fc110a309c2: 92 ms
Cold Start: false
Unique ID: 24a4c2a6-aaf6-443c-a34b-4909750877a6,
Billed Duration for Request 24a4c2a6-aaf6-443c-a34b-4909750877a6: 87 ms
Cold Start: false
Unique ID: af8c93b7-ee29-479f-b88f-2abea253cf18,
Billed Duration for Request af8c93b7-ee29-479f-b88f-2abea253cf18: 147 ms
Cold Start: false
Unique ID: e79ac0ab-9f6c-48fb-92c9-8841334c918d,
Billed Duration for Request e79ac0ab-9f6c-48fb-92c9-8841334c918d: 164 ms
Cold Start: false
Unique ID: 88fd06a7-a747-4975-ba03-cd5dc1e14ef5,
Billed Duration for Request 88fd06a7-a747-4975-ba03-cd5dc1e14ef5: 116 ms
Cold Start: false
Unique ID: 7e72d395-2a41-4cea-8e72-5c167cdda5c9,
Billed Duration for Request 7e72d395-2a41-4cea-8e72-5c167cdda5c9: 121 ms
Cold Start: false
Unique ID: 8c271b7c-20fc-4bc1-916f-8cfcbec99707,
Billed Duration for Request 8c271b7c-20fc-4bc1-916f-8cfcbec99707: 85 ms
Cold Start: false
Unique ID: 47f5febf-6a48-4ec4-9b69-2cd5eff7c488,
Billed Duration for Request 47f5febf-6a48-4ec4-9b69-2cd5eff7c488: 117 ms
Cold Start: false
Unique ID: 03888ea5-36d2-4b2f-bf97-7071188a3faa,
Billed Duration for Request 03888ea5-36d2-4b2f-bf97-7071188a3faa: 104 ms
Cold Start: false
Unique ID: ac683651-4c74-4150-b1d5-24882c6838a7,
Billed Duration for Request ac683651-4c74-4150-b1d5-24882c6838a7: 124 ms
Cold Start: false
Unique ID: 03269c74-98d9-4314-a62a-9ebf3490a867,
Billed Duration for Request 03269c74-98d9-4314-a62a-9ebf3490a867: 100 ms
Cold Start: false
Unique ID: 07ad446b-8588-447d-b749-69c34483ee0a,
Billed Duration for Request 07ad446b-8588-447d-b749-69c34483ee0a: 103 ms
Cold Start: false
Unique ID: d7dbbb3c-7978-49b2-b4fa-f3c19d75c9ad,
Billed Duration for Request d7dbbb3c-7978-49b2-b4fa-f3c19d75c9ad: 142 ms
Cold Start: false
Unique ID: 160a496d-23be-4018-93a5-b0fbdc1ceb7c,
Billed Duration for Request 160a496d-23be-4018-93a5-b0fbdc1ceb7c: 134 ms
Cold Start: false
Unique ID: 45936f3b-a8fa-4136-b551-d2ad1d5076cf,
Billed Duration for Request 45936f3b-a8fa-4136-b551-d2ad1d5076cf: 93 ms
Cold Start: false
Unique ID: 018384a4-a2ed-4eff-a517-c326c64b373c,
Billed Duration for Request 018384a4-a2ed-4eff-a517-c326c64b373c: 128 ms
Cold Start: false
Unique ID: 8c92b8b1-1c2f-47de-a012-0dc53a24d168,
Billed Duration for Request 8c92b8b1-1c2f-47de-a012-0dc53a24d168: 134 ms
Cold Start: false
Unique ID: 15bd75e0-fb28-4887-b0de-1f14613433fa,
Billed Duration for Request 15bd75e0-fb28-4887-b0de-1f14613433fa: 69 ms
Cold Start: false
Unique ID: ac594308-1376-4d6f-8e59-c664ccf0cae8,
Billed Duration for Request ac594308-1376-4d6f-8e59-c664ccf0cae8: 124 ms
Cold Start: false
Unique ID: e0dde058-697c-43ba-8dd7-e244686e0f71,
Billed Duration for Request e0dde058-697c-43ba-8dd7-e244686e0f71: 184 ms
Cold Start: false
Unique ID: 62575740-d926-4fd4-9907-980a91a427ee,
Billed Duration for Request 62575740-d926-4fd4-9907-980a91a427ee: 131 ms
Cold Start: false
Unique ID: f5ce28ae-7755-4dbe-ac05-5b69a0fad161,
Billed Duration for Request f5ce28ae-7755-4dbe-ac05-5b69a0fad161: 86 ms
Cold Start: false
Unique ID: a2020f01-3b5e-4d8a-a607-bf2cb3dd8970,
Billed Duration for Request a2020f01-3b5e-4d8a-a607-bf2cb3dd8970: 117 ms
Cold Start: false
Unique ID: a22f4302-5891-4049-b37d-f2254d1c9298,
Billed Duration for Request a22f4302-5891-4049-b37d-f2254d1c9298: 131 ms
Cold Start: false
Unique ID: 211c6a43-12aa-4be2-bffe-ddcb4fe50324,
Billed Duration for Request 211c6a43-12aa-4be2-bffe-ddcb4fe50324: 126 ms
Cold Start: false
Unique ID: 69583e5e-f0e8-4f6a-b890-014883838414,
Billed Duration for Request 69583e5e-f0e8-4f6a-b890-014883838414: 99 ms
Cold Start: false
Unique ID: f2edda53-6057-4969-972f-5a317321d24f,
Billed Duration for Request f2edda53-6057-4969-972f-5a317321d24f: 130 ms
Cold Start: false
Unique ID: d955b975-46c9-4391-b52d-200175160bca,
Billed Duration for Request d955b975-46c9-4391-b52d-200175160bca: 100 ms
Cold Start: false
Unique ID: f066defa-f32d-45b8-978c-9f2693b2358a,
Billed Duration for Request f066defa-f32d-45b8-978c-9f2693b2358a: 129 ms
Cold Start: false
Unique ID: aea89039-9207-4c54-bc0c-0c8719d0ca12,
Billed Duration for Request aea89039-9207-4c54-bc0c-0c8719d0ca12: 86 ms
Cold Start: false
Unique ID: 0706b7a4-401c-4be7-b474-8db9a6779992,
Billed Duration for Request 0706b7a4-401c-4be7-b474-8db9a6779992: 141 ms
Cold Start: false
Unique ID: 479ad46d-826c-4bec-8a53-c2112cdc12c5,
Billed Duration for Request 479ad46d-826c-4bec-8a53-c2112cdc12c5: 98 ms
Cold Start: false
Unique ID: 55a7b147-8476-40b5-93ff-4434b7883494,
Billed Duration for Request 55a7b147-8476-40b5-93ff-4434b7883494: 106 ms
Cold Start: false
Unique ID: 0b0f1b2d-b904-44aa-acfa-6f23191a884b,
Billed Duration for Request 0b0f1b2d-b904-44aa-acfa-6f23191a884b: 161 ms
Cold Start: false
Unique ID: ff0ffc2f-0f0c-4363-a896-57a02633a519,
Billed Duration for Request ff0ffc2f-0f0c-4363-a896-57a02633a519: 116 ms
Cold Start: false
Unique ID: 9b577470-4394-4d51-9e2e-50ab3b19da16,
Billed Duration for Request 9b577470-4394-4d51-9e2e-50ab3b19da16: 157 ms
Cold Start: false
Unique ID: f93497a3-1617-49fd-95ac-8deb372740b4,
Billed Duration for Request f93497a3-1617-49fd-95ac-8deb372740b4: 123 ms
Cold Start: false
Unique ID: fef90e4d-816f-4efb-8654-0acc5866b2b5,
Billed Duration for Request fef90e4d-816f-4efb-8654-0acc5866b2b5: 87 ms
Cold Start: false
Unique ID: d96c8c53-3cff-4c58-a2c6-f72a11ef4444,
Billed Duration for Request d96c8c53-3cff-4c58-a2c6-f72a11ef4444: 95 ms
Cold Start: false
Unique ID: c1ca6e56-f61a-437b-92ac-e5ddb83a7d89,
Billed Duration for Request c1ca6e56-f61a-437b-92ac-e5ddb83a7d89: 167 ms
Cold Start: false
Unique ID: e257b32a-1045-4628-a62a-c1e2ba92056c,
Billed Duration for Request e257b32a-1045-4628-a62a-c1e2ba92056c: 73 ms
Cold Start: false
Unique ID: 46803913-3fce-4e5b-8ac7-7a752af31d59,
Billed Duration for Request 46803913-3fce-4e5b-8ac7-7a752af31d59: 142 ms
Cold Start: false
Unique ID: 3dbe62b0-0e63-4211-b46f-19216548456c,
Billed Duration for Request 3dbe62b0-0e63-4211-b46f-19216548456c: 77 ms
Cold Start: false
Unique ID: 99ddf6c1-84f8-479a-9efe-266908eb44c8,
Billed Duration for Request 99ddf6c1-84f8-479a-9efe-266908eb44c8: 155 ms
Cold Start: false
Unique ID: 03b66844-09e1-4cc6-aeb7-9b177b94124e,
Billed Duration for Request 03b66844-09e1-4cc6-aeb7-9b177b94124e: 73 ms
Cold Start: false
Unique ID: 04bcee3c-74aa-4158-9435-3c82492784e7,
Billed Duration for Request 04bcee3c-74aa-4158-9435-3c82492784e7: 88 ms
Cold Start: false
Unique ID: 58d4a265-090e-41e8-92e6-967c89d62b1c,
Billed Duration for Request 58d4a265-090e-41e8-92e6-967c89d62b1c: 143 ms
Cold Start: false
Unique ID: 78b01a62-e6d9-43e7-994a-16efae30e90c,
Billed Duration for Request 78b01a62-e6d9-43e7-994a-16efae30e90c: 143 ms
Cold Start: false
Unique ID: a093fc8d-21f9-4737-9d5e-1894f0dac7a4,
Billed Duration for Request a093fc8d-21f9-4737-9d5e-1894f0dac7a4: 102 ms
Cold Start: false
Unique ID: 5313c27a-789d-447d-a37f-c26d5bf464b2,
Billed Duration for Request 5313c27a-789d-447d-a37f-c26d5bf464b2: 107 ms
Cold Start: false
Unique ID: 26d4c236-a0ff-46d6-861b-47f163878d70,
Billed Duration for Request 26d4c236-a0ff-46d6-861b-47f163878d70: 109 ms
Cold Start: false
Unique ID: 674dc3c7-f255-479c-b1fa-931cbcbc18eb,
Billed Duration for Request 674dc3c7-f255-479c-b1fa-931cbcbc18eb: 89 ms
Cold Start: false
Unique ID: 83b97303-f009-4f68-917a-0b319180087c,
Billed Duration for Request 83b97303-f009-4f68-917a-0b319180087c: 105 ms
Cold Start: false
Unique ID: 61b1367b-fd79-4ca5-9097-78ff3b494770,
Billed Duration for Request 61b1367b-fd79-4ca5-9097-78ff3b494770: 111 ms
Cold Start: false
Unique ID: 33a62c38-f857-4cd6-9e93-07f67d2a19b2,
Billed Duration for Request 33a62c38-f857-4cd6-9e93-07f67d2a19b2: 129 ms
Cold Start: false
Unique ID: 4267424b-5fcc-4399-bcf5-db4e045cb6d8,
Billed Duration for Request 4267424b-5fcc-4399-bcf5-db4e045cb6d8: 132 ms
Cold Start: false
Unique ID: 0885a4cd-91ca-45ce-a03e-53ddcdb08157,
Billed Duration for Request 0885a4cd-91ca-45ce-a03e-53ddcdb08157: 101 ms
Cold Start: false
Unique ID: 8913d961-e85b-48e7-b747-b70f4def5186,
Billed Duration for Request 8913d961-e85b-48e7-b747-b70f4def5186: 106 ms
Cold Start: false
Unique ID: 8f53300c-9c96-472f-ab03-b487e94c08fd,
Billed Duration for Request 8f53300c-9c96-472f-ab03-b487e94c08fd: 126 ms
Cold Start: false
Unique ID: a32a522d-2242-4b44-96e3-3a7416001a49,
Billed Duration for Request a32a522d-2242-4b44-96e3-3a7416001a49: 168 ms
Cold Start: false
Unique ID: 3b48eb45-059c-4948-ba3e-7e155c2683b0,
Billed Duration for Request 3b48eb45-059c-4948-ba3e-7e155c2683b0: 94 ms
Cold Start: false
Unique ID: c584998c-b69f-4642-9f3d-dfc88c496c05,
Billed Duration for Request c584998c-b69f-4642-9f3d-dfc88c496c05: 104 ms
Cold Start: false
Unique ID: 2b096aff-4018-4387-a36e-e0d5bf6bd79c,
Billed Duration for Request 2b096aff-4018-4387-a36e-e0d5bf6bd79c: 129 ms
Cold Start: false
Unique ID: dfacde36-5ef6-4108-9def-b3990d006b86,
Billed Duration for Request dfacde36-5ef6-4108-9def-b3990d006b86: 141 ms
Cold Start: false
Unique ID: 88394a09-64c9-439d-810d-70e1df5247d8,
Billed Duration for Request 88394a09-64c9-439d-810d-70e1df5247d8: 125 ms
Cold Start: false
Unique ID: e197b03a-d925-4aa2-b99b-3738811367b8,
Billed Duration for Request e197b03a-d925-4aa2-b99b-3738811367b8: 98 ms
Cold Start: false
Unique ID: 012e21ac-d63a-4bbb-a946-04b0b2c501d8,
Billed Duration for Request 012e21ac-d63a-4bbb-a946-04b0b2c501d8: 152 ms
Cold Start: false
Unique ID: a797c4c5-d4c6-4607-ad18-ee568c31f424,
Billed Duration for Request a797c4c5-d4c6-4607-ad18-ee568c31f424: 107 ms
Cold Start: false
Unique ID: 5e8f1460-d582-4093-86e9-4ec0a9576c97,
Billed Duration for Request 5e8f1460-d582-4093-86e9-4ec0a9576c97: 116 ms
Cold Start: false
Unique ID: ff15776d-445a-441d-b96b-d0b1a4f42917,
Billed Duration for Request ff15776d-445a-441d-b96b-d0b1a4f42917: 103 ms
Cold Start: false
Unique ID: 71c1d636-29f2-4a80-88ce-e3f438413c0a,
Billed Duration for Request 71c1d636-29f2-4a80-88ce-e3f438413c0a: 135 ms
Cold Start: false
Unique ID: bffea02e-175f-4834-99e3-ace68bc5a558,
Billed Duration for Request bffea02e-175f-4834-99e3-ace68bc5a558: 94 ms
Cold Start: false
Unique ID: 4aca9227-357a-438e-b881-7c196a933e12,
Billed Duration for Request 4aca9227-357a-438e-b881-7c196a933e12: 160 ms
Cold Start: false
Unique ID: e657b478-0b6a-429f-ab25-dbb55d4d20ae,
Billed Duration for Request e657b478-0b6a-429f-ab25-dbb55d4d20ae: 135 ms
Cold Start: false
Unique ID: 04acb36e-e636-4181-a1a8-9ff6dcc4baac,
Billed Duration for Request 04acb36e-e636-4181-a1a8-9ff6dcc4baac: 152 ms
Cold Start: false
Unique ID: 870a8a7c-ffb2-4858-9c33-dc9c6ffedd0c,
Billed Duration for Request 870a8a7c-ffb2-4858-9c33-dc9c6ffedd0c: 77 ms
Cold Start: false
Unique ID: 4cf7ebfe-8119-463f-9949-f04c142dc71f,
Billed Duration for Request 4cf7ebfe-8119-463f-9949-f04c142dc71f: 73 ms
Cold Start: false
Unique ID: 01c04459-73d4-4a6d-9a0b-e13835e1bd96,
Billed Duration for Request 01c04459-73d4-4a6d-9a0b-e13835e1bd96: 154 ms
Cold Start: false
Unique ID: 993723a9-02b2-47c6-b4b6-19a637370adc,
Billed Duration for Request 993723a9-02b2-47c6-b4b6-19a637370adc: 132 ms
Cold Start: false
Unique ID: e8e585ad-f386-4a8c-a56a-0fd264dadc01,
Billed Duration for Request e8e585ad-f386-4a8c-a56a-0fd264dadc01: 132 ms
Cold Start: false
Unique ID: a34bec37-1ecb-401a-9a2b-96490e5c7353,
Billed Duration for Request a34bec37-1ecb-401a-9a2b-96490e5c7353: 133 ms
Cold Start: false
Unique ID: 3adf0cd3-fd07-44fc-976a-d2813620b390,
Billed Duration for Request 3adf0cd3-fd07-44fc-976a-d2813620b390: 87 ms
Cold Start: false
Unique ID: 417a34d7-83fb-4d08-9ec2-966ec6423242,
Billed Duration for Request 417a34d7-83fb-4d08-9ec2-966ec6423242: 85 ms
Cold Start: false
Unique ID: 9cc5fde9-d0ab-4be6-ab55-6d13c4044c87,
Billed Duration for Request 9cc5fde9-d0ab-4be6-ab55-6d13c4044c87: 140 ms
Cold Start: false
Unique ID: 22d68efa-8dfb-4cde-a957-6779c6ab09e1,
Billed Duration for Request 22d68efa-8dfb-4cde-a957-6779c6ab09e1: 112 ms
Cold Start: false
Unique ID: 83e6ad20-bccb-43dd-ae5c-9a8094cfb09f,
Billed Duration for Request 83e6ad20-bccb-43dd-ae5c-9a8094cfb09f: 156 ms
Cold Start: false
Unique ID: 123ae21a-c0c3-42b9-ac72-393ee8b09aae,
Billed Duration for Request 123ae21a-c0c3-42b9-ac72-393ee8b09aae: 123 ms
Cold Start: false
Unique ID: b7273259-2e50-4522-ae40-64f1ff2930a9,
Billed Duration for Request b7273259-2e50-4522-ae40-64f1ff2930a9: 130 ms
Cold Start: false
Unique ID: c08105c5-a06b-466d-a139-bdf78945acb6,
Billed Duration for Request c08105c5-a06b-466d-a139-bdf78945acb6: 146 ms
Cold Start: false
Unique ID: 161dd77b-1888-4f74-b0e8-e1820380107a,
Billed Duration for Request 161dd77b-1888-4f74-b0e8-e1820380107a: 124 ms
Cold Start: false
Unique ID: c2abb5bb-47f7-4d01-a78c-391324ae4e9c,
Billed Duration for Request c2abb5bb-47f7-4d01-a78c-391324ae4e9c: 123 ms
Cold Start: false
Unique ID: 25f89c54-f6af-4f38-923b-17f30c4a4fff,
Billed Duration for Request 25f89c54-f6af-4f38-923b-17f30c4a4fff: 121 ms
Cold Start: false
Unique ID: a534e581-10bc-4357-a29e-200293aa41fd,
Billed Duration for Request a534e581-10bc-4357-a29e-200293aa41fd: 91 ms
Cold Start: false
Unique ID: b3211b4b-a9ae-4282-85f9-31700c7c5a03,
Billed Duration for Request b3211b4b-a9ae-4282-85f9-31700c7c5a03: 112 ms
Cold Start: false
Unique ID: 97a0cc2c-b04c-4d98-9952-4e5c3ce394b9,
Billed Duration for Request 97a0cc2c-b04c-4d98-9952-4e5c3ce394b9: 149 ms
Cold Start: false
Unique ID: 52eb007f-ca56-49a2-9f3d-33d90bdf024f,
Billed Duration for Request 52eb007f-ca56-49a2-9f3d-33d90bdf024f: 106 ms
Cold Start: false
Unique ID: 2dff9bdb-8da7-4a71-9604-79267c1f8b48,
Billed Duration for Request 2dff9bdb-8da7-4a71-9604-79267c1f8b48: 127 ms
Cold Start: false
Unique ID: d4bf4d5e-2589-4706-96c6-67af204c8281,
Billed Duration for Request d4bf4d5e-2589-4706-96c6-67af204c8281: 82 ms
Cold Start: false
Unique ID: 06d5f3cb-826e-4222-a683-e91d03c3be39,
Billed Duration for Request 06d5f3cb-826e-4222-a683-e91d03c3be39: 126 ms
Cold Start: false
Unique ID: c54ee419-929d-402b-9528-447ec0388252,
Billed Duration for Request c54ee419-929d-402b-9528-447ec0388252: 161 ms
Cold Start: false
Unique ID: 3b6c9309-e222-4817-a234-a34e9cb5a13e,
Billed Duration for Request 3b6c9309-e222-4817-a234-a34e9cb5a13e: 91 ms
Cold Start: false
Unique ID: 98824aa1-b863-4419-a03f-b0e627533730,
Billed Duration for Request 98824aa1-b863-4419-a03f-b0e627533730: 115 ms
Cold Start: false
Unique ID: 9ede8107-31b1-4803-a90e-f2df1fc00b92,
Billed Duration for Request 9ede8107-31b1-4803-a90e-f2df1fc00b92: 164 ms
Cold Start: false
Unique ID: 27bee996-6ad9-4dcd-a8a8-d64d372d3a6f,
Billed Duration for Request 27bee996-6ad9-4dcd-a8a8-d64d372d3a6f: 111 ms
Cold Start: false
Unique ID: 723d840a-83dd-4126-b4c6-d1ca6ea43e5a,
Billed Duration for Request 723d840a-83dd-4126-b4c6-d1ca6ea43e5a: 112 ms
Cold Start: false
Unique ID: a256a6a1-1c2b-4a07-a80b-faa1634a0222,
Billed Duration for Request a256a6a1-1c2b-4a07-a80b-faa1634a0222: 151 ms
Cold Start: false
Unique ID: d0cd9e4e-b2b0-4efe-9a61-473f6e0fad9c,
Billed Duration for Request d0cd9e4e-b2b0-4efe-9a61-473f6e0fad9c: 103 ms
Cold Start: false
Unique ID: 04abba88-d3c5-4f7a-80dc-0f9b3af64ea7,
Billed Duration for Request 04abba88-d3c5-4f7a-80dc-0f9b3af64ea7: 146 ms
Cold Start: false
Unique ID: 4dbe2ea6-daef-41ce-99c8-c9407da3dfc3,
Billed Duration for Request 4dbe2ea6-daef-41ce-99c8-c9407da3dfc3: 134 ms
Cold Start: false
Unique ID: 2a048a63-5fd2-448e-886c-37f4ba3ea373,
Billed Duration for Request 2a048a63-5fd2-448e-886c-37f4ba3ea373: 92 ms
Cold Start: false
Unique ID: a91930ae-694c-4743-bdec-b9e5c65d3dbd,
Billed Duration for Request a91930ae-694c-4743-bdec-b9e5c65d3dbd: 132 ms
Cold Start: false
Unique ID: ea49329b-d10f-456a-ab6f-1af4b40e93a5,
Billed Duration for Request ea49329b-d10f-456a-ab6f-1af4b40e93a5: 153 ms
Cold Start: false
Unique ID: 05fb1797-b4bc-48c7-817c-97e7828f8694,
Billed Duration for Request 05fb1797-b4bc-48c7-817c-97e7828f8694: 106 ms
Cold Start: false
Unique ID: edf050eb-420c-4bf8-9c63-1ad6c3ee623a,
Billed Duration for Request edf050eb-420c-4bf8-9c63-1ad6c3ee623a: 117 ms
Cold Start: false
Unique ID: 79b50482-7c24-48a8-b73e-66703c012efd,
Billed Duration for Request 79b50482-7c24-48a8-b73e-66703c012efd: 82 ms
Cold Start: false
Unique ID: 36141f24-1a5d-4ee8-abe1-80a86ed24c82,
Billed Duration for Request 36141f24-1a5d-4ee8-abe1-80a86ed24c82: 144 ms
Cold Start: false
Unique ID: 79388ee1-c470-4ee4-9788-7b6298c4f6dd,
Billed Duration for Request 79388ee1-c470-4ee4-9788-7b6298c4f6dd: 140 ms
Cold Start: false
Unique ID: f2c24bb2-859e-45d3-9b0a-60f7ef55ea4a,
Billed Duration for Request f2c24bb2-859e-45d3-9b0a-60f7ef55ea4a: 144 ms
Cold Start: false
Unique ID: dce4599f-9a30-461f-b6ee-97b0befea40b,
Billed Duration for Request dce4599f-9a30-461f-b6ee-97b0befea40b: 95 ms
Cold Start: false
Unique ID: b29adf0c-25a0-4609-b399-6b292edc52ec,
Billed Duration for Request b29adf0c-25a0-4609-b399-6b292edc52ec: 132 ms
Cold Start: false
