Unique ID: a3e18dc15f9053a610ae0752bd719a8b,
Execution Time for Trace ID a3e18dc15f9053a610ae0752bd719a8b: 77 ms
Cold Start: false
Unique ID: 65479ff189b0eef252f4ce0197ba08cd,
Execution Time for Trace ID 65479ff189b0eef252f4ce0197ba08cd: 197 ms
Cold Start: false
Unique ID: 87ebf4dfc30f23caf71e0072adec8d34,
Execution Time for Trace ID 87ebf4dfc30f23caf71e0072adec8d34: 62 ms
Cold Start: true
Unique ID: 4179d18468fc5a065f3082785646ff66,
Execution Time for Trace ID 4179d18468fc5a065f3082785646ff66: 40 ms
Cold Start: false
Unique ID: e60040e643db96dbab98cbdbf5550120,
Execution Time for Trace ID e60040e643db96dbab98cbdbf5550120: 130 ms
Cold Start: true
Unique ID: 059565778aad0f23254d43eeb5fe35d5,
Execution Time for Trace ID 059565778aad0f23254d43eeb5fe35d5: 114 ms
Cold Start: false
Unique ID: 8144a0bdfcf04bf8f1769ae4fa221b38,
Execution Time for Trace ID 8144a0bdfcf04bf8f1769ae4fa221b38: 130 ms
Cold Start: false
Unique ID: 9d2e0bcaa31ceb3f55a3de293d2a6fbd,
Execution Time for Trace ID 9d2e0bcaa31ceb3f55a3de293d2a6fbd: 36 ms
Cold Start: false
Unique ID: e1fd05c5facce2db57a3e44e976212d4,
Execution Time for Trace ID e1fd05c5facce2db57a3e44e976212d4: 44 ms
Cold Start: false
Unique ID: e9f2e90cece39d1baba7b052a3fdc0f9,
Execution Time for Trace ID e9f2e90cece39d1baba7b052a3fdc0f9: 118 ms
Cold Start: false
Unique ID: d8585e73e972d19aa5e34b4830aa0c9d,
Execution Time for Trace ID d8585e73e972d19aa5e34b4830aa0c9d: 178 ms
Cold Start: false
Unique ID: dbe12a6ca67ef9a965b4a0adbac5dbf9,
Execution Time for Trace ID dbe12a6ca67ef9a965b4a0adbac5dbf9: 183 ms
Cold Start: false
Unique ID: e1139eb11b9521259d24b6b970be7b54,
Execution Time for Trace ID e1139eb11b9521259d24b6b970be7b54: 48 ms
Cold Start: false
Unique ID: 151fb3049bcf1ba4ef9bdfa26f661590,
Execution Time for Trace ID 151fb3049bcf1ba4ef9bdfa26f661590: 100 ms
Cold Start: false
Unique ID: 64a6b0c45652d148da8da1a8698218f2,
Execution Time for Trace ID 64a6b0c45652d148da8da1a8698218f2: 149 ms
Cold Start: true
Unique ID: edbebccd9458115b7a4f369371a7a3f4,
Execution Time for Trace ID edbebccd9458115b7a4f369371a7a3f4: 186 ms
Cold Start: false
Unique ID: ed144122d2e9a90f9a3fb7467ba99f97,
Execution Time for Trace ID ed144122d2e9a90f9a3fb7467ba99f97: 39 ms
Cold Start: false
Unique ID: ad26f66ced471337d0efcf20427a0762,
Execution Time for Trace ID ad26f66ced471337d0efcf20427a0762: 42 ms
Cold Start: false
Unique ID: b06fe65974d86b7c94ae20796e3b54cc,
Execution Time for Trace ID b06fe65974d86b7c94ae20796e3b54cc: 114 ms
Cold Start: false
Unique ID: fe8c01a3c1a492eeb7f4174fc0a00336,
Execution Time for Trace ID fe8c01a3c1a492eeb7f4174fc0a00336: 102 ms
Cold Start: false
Unique ID: 944e0a289b7c3aff5031e45ff24afafb,
Execution Time for Trace ID 944e0a289b7c3aff5031e45ff24afafb: 50 ms
Cold Start: false
Unique ID: 0a3634abe8a204f70b1f31892998402c,
Execution Time for Trace ID 0a3634abe8a204f70b1f31892998402c: 97 ms
Cold Start: false
Unique ID: 8c272ac02537450be3fc2832bf352b1c,
Execution Time for Trace ID 8c272ac02537450be3fc2832bf352b1c: 67 ms
Cold Start: false
Unique ID: 61e79aacca61edf09dc2a1070b51d0c2,
Execution Time for Trace ID 61e79aacca61edf09dc2a1070b51d0c2: 112 ms
Cold Start: false
Unique ID: 583846b1c076c32006e470f72e0fc5ec,
Execution Time for Trace ID 583846b1c076c32006e470f72e0fc5ec: 38 ms
Cold Start: false
Unique ID: bab0585936f73b23b114728e1c57ce99,
Execution Time for Trace ID bab0585936f73b23b114728e1c57ce99: 42 ms
Cold Start: false
Unique ID: 539d229b27cf0def11a9dc7a8fbece8b,
Execution Time for Trace ID 539d229b27cf0def11a9dc7a8fbece8b: 99 ms
Cold Start: false
Unique ID: e9f24ecbb200348419a271303be3a8dc,
Execution Time for Trace ID e9f24ecbb200348419a271303be3a8dc: 188 ms
Cold Start: false
Unique ID: 265877244b23af17caa54c36fd127dc8,
Execution Time for Trace ID 265877244b23af17caa54c36fd127dc8: 57 ms
Cold Start: false
Unique ID: d2b08d29086fb87df31401bfe7bd7867,
Execution Time for Trace ID d2b08d29086fb87df31401bfe7bd7867: 101 ms
Cold Start: false
Unique ID: 7e9059c7c67b49e08f924a32653b22a4,
Execution Time for Trace ID 7e9059c7c67b49e08f924a32653b22a4: 144 ms
Cold Start: false
Unique ID: ff01e4ed9dbfe3259ff1eaec3a0c69aa,
Execution Time for Trace ID ff01e4ed9dbfe3259ff1eaec3a0c69aa: 134 ms
Cold Start: false
Unique ID: 4fe02dbd9f78012f3386c306ac788b4d,
Execution Time for Trace ID 4fe02dbd9f78012f3386c306ac788b4d: 50 ms
Cold Start: false
Unique ID: 43a64f1784e6804b0b7cafb3e77dbfdd,
Execution Time for Trace ID 43a64f1784e6804b0b7cafb3e77dbfdd: 38 ms
Cold Start: false
Unique ID: 9874c75f85d8299f7782982d8c79644d,
Execution Time for Trace ID 9874c75f85d8299f7782982d8c79644d: 196 ms
Cold Start: false
Unique ID: 725d5eedfb267b0c7b45bcf4acf63b3e,
Execution Time for Trace ID 725d5eedfb267b0c7b45bcf4acf63b3e: 190 ms
Cold Start: false
Unique ID: 8f72e541a350199a750e34c1da691554,
Execution Time for Trace ID 8f72e541a350199a750e34c1da691554: 38 ms
Cold Start: false
Unique ID: 86a1a2f6537c524f2813bf91d8f435bd,
Execution Time for Trace ID 86a1a2f6537c524f2813bf91d8f435bd: 34 ms
Cold Start: false
Unique ID: 165d8a9c21b2a67f06c4a922e7751708,
Execution Time for Trace ID 165d8a9c21b2a67f06c4a922e7751708: 182 ms
Cold Start: false
Unique ID: d9522ef8c75b8c4ec598e237b1572136,
Execution Time for Trace ID d9522ef8c75b8c4ec598e237b1572136: 107 ms
Cold Start: false
Unique ID: 45283e31f0d8a38ed3473f915a710d76,
Execution Time for Trace ID 45283e31f0d8a38ed3473f915a710d76: 42 ms
Cold Start: false
Unique ID: 99c9345a02d62a2fc34ac79a08bae271,
Execution Time for Trace ID 99c9345a02d62a2fc34ac79a08bae271: 43 ms
Cold Start: false
Unique ID: d03d1060ec03108b2137dfb3ccab0e54,
Execution Time for Trace ID d03d1060ec03108b2137dfb3ccab0e54: 119 ms
Cold Start: false
Unique ID: 1a203ad7a1ab2f3090856eaa69439d66,
Execution Time for Trace ID 1a203ad7a1ab2f3090856eaa69439d66: 114 ms
Cold Start: false
Unique ID: 421b29156e49680e0489d4d48d025272,
Execution Time for Trace ID 421b29156e49680e0489d4d48d025272: 35 ms
Cold Start: false
Unique ID: 9e526323741b44632371f2bec5877aa5,
Execution Time for Trace ID 9e526323741b44632371f2bec5877aa5: 41 ms
Cold Start: false
Unique ID: b82e762fb89e67da8d3f8974cf99a409,
Execution Time for Trace ID b82e762fb89e67da8d3f8974cf99a409: 112 ms
Cold Start: false
Unique ID: 0281e3bfffb8007c2dccc380ad1d71a9,
Execution Time for Trace ID 0281e3bfffb8007c2dccc380ad1d71a9: 179 ms
Cold Start: false
Unique ID: 9222fe94a6e33d0e8625ac40761a6222,
Execution Time for Trace ID 9222fe94a6e33d0e8625ac40761a6222: 32 ms
Cold Start: false
Unique ID: 330b2a83602228085e01e915f017fc09,
Execution Time for Trace ID 330b2a83602228085e01e915f017fc09: 93 ms
Cold Start: false
Unique ID: 7ccd4bc4af758b9b60bff327eca09431,
Execution Time for Trace ID 7ccd4bc4af758b9b60bff327eca09431: 44 ms
Cold Start: false
Unique ID: f9774733461e0858e22da845f8a9a138,
Execution Time for Trace ID f9774733461e0858e22da845f8a9a138: 100 ms
Cold Start: false
Unique ID: f0e3ce459f3d5b1dbb676cf1ebef7f44,
Execution Time for Trace ID f0e3ce459f3d5b1dbb676cf1ebef7f44: 41 ms
Cold Start: false
Unique ID: 4e209b659ea6f49c78baa15bd4a27371,
Execution Time for Trace ID 4e209b659ea6f49c78baa15bd4a27371: 31 ms
Cold Start: false
Unique ID: c86885f21144db2870f1507d0dfd1b46,
Execution Time for Trace ID c86885f21144db2870f1507d0dfd1b46: 90 ms
Cold Start: false
Unique ID: f9f1cb031e97887d96737cc47d407834,
Execution Time for Trace ID f9f1cb031e97887d96737cc47d407834: 96 ms
Cold Start: false
Unique ID: eac6dc97cb8ef8afeee5676f3c93be78,
Execution Time for Trace ID eac6dc97cb8ef8afeee5676f3c93be78: 33 ms
Cold Start: false
Unique ID: 3da50bddd296559da1c65edc3253105b,
Execution Time for Trace ID 3da50bddd296559da1c65edc3253105b: 43 ms
Cold Start: false
Unique ID: e7a08c9690d247d43fcaa1c953fe1d7e,
Execution Time for Trace ID e7a08c9690d247d43fcaa1c953fe1d7e: 117 ms
Cold Start: false
Unique ID: 1169ae76aa016ce386e439611cf04257,
Execution Time for Trace ID 1169ae76aa016ce386e439611cf04257: 183 ms
Cold Start: false
Unique ID: 8160d705159c8a074b7a241a704c30fc,
Execution Time for Trace ID 8160d705159c8a074b7a241a704c30fc: 38 ms
Cold Start: false
Unique ID: d7bd07923f5f93607451ebab7bb96a89,
Execution Time for Trace ID d7bd07923f5f93607451ebab7bb96a89: 31 ms
Cold Start: false
Unique ID: 4e45901b6e6cd87d1a2ebdffa63281df,
Execution Time for Trace ID 4e45901b6e6cd87d1a2ebdffa63281df: 112 ms
Cold Start: false
Unique ID: 56042a9cf2ee6721971b78cf34443a29,
Execution Time for Trace ID 56042a9cf2ee6721971b78cf34443a29: 102 ms
Cold Start: false
Unique ID: ca3051516223d41312c7a36585debeb0,
Execution Time for Trace ID ca3051516223d41312c7a36585debeb0: 43 ms
Cold Start: false
Unique ID: 295980569232f375834824fac3c91cbc,
Execution Time for Trace ID 295980569232f375834824fac3c91cbc: 54 ms
Cold Start: false
Unique ID: 2eacbc522e20eca5730b94f13f882b0c,
Execution Time for Trace ID 2eacbc522e20eca5730b94f13f882b0c: 188 ms
Cold Start: false
Unique ID: 0011551a387c2cfce741be61829421c7,
Execution Time for Trace ID 0011551a387c2cfce741be61829421c7: 193 ms
Cold Start: true
Unique ID: d1037ebc31ba317365f940334dc5dffc,
Execution Time for Trace ID d1037ebc31ba317365f940334dc5dffc: 110 ms
Cold Start: false
Unique ID: 3f67198db23a3411902d290f26263996,
Execution Time for Trace ID 3f67198db23a3411902d290f26263996: 91 ms
Cold Start: false
Unique ID: 6a87ef8e4732a89a452a4b528e1277be,
Execution Time for Trace ID 6a87ef8e4732a89a452a4b528e1277be: 49 ms
Cold Start: false
Unique ID: 34a9b63707d1cac800ff51ccc272b289,
Execution Time for Trace ID 34a9b63707d1cac800ff51ccc272b289: 102 ms
Cold Start: false
Unique ID: 60bb4c7f46a14a7a8c746b0252c9e985,
Execution Time for Trace ID 60bb4c7f46a14a7a8c746b0252c9e985: 39 ms
Cold Start: false
Unique ID: 68f7dd191b1e0423aa72984408ec7e5e,
Execution Time for Trace ID 68f7dd191b1e0423aa72984408ec7e5e: 44 ms
Cold Start: false
Unique ID: 635f820b9056527786ed3b926929d06e,
Execution Time for Trace ID 635f820b9056527786ed3b926929d06e: 112 ms
Cold Start: false
Unique ID: bce7e8679506feedbddbeb1825036989,
Execution Time for Trace ID bce7e8679506feedbddbeb1825036989: 184 ms
Cold Start: false
Unique ID: ec2e47a9e4b2be57ca9628e53dcbecfd,
Execution Time for Trace ID ec2e47a9e4b2be57ca9628e53dcbecfd: 38 ms
Cold Start: false
Unique ID: b714f356c8d1389838f1de1e2f382212,
Execution Time for Trace ID b714f356c8d1389838f1de1e2f382212: 38 ms
Cold Start: false
Unique ID: 250f017b7cb2b6b734ffa1f9039e468a,
Execution Time for Trace ID 250f017b7cb2b6b734ffa1f9039e468a: 98 ms
Cold Start: false
Unique ID: 0cede7efe6286a1ea2a9fc8f1ebe86ca,
Execution Time for Trace ID 0cede7efe6286a1ea2a9fc8f1ebe86ca: 106 ms
Cold Start: false
Unique ID: 0a2a952fb7a55467f552512890a83e2a,
Execution Time for Trace ID 0a2a952fb7a55467f552512890a83e2a: 34 ms
Cold Start: false
Unique ID: 2fc5197ab4ff906178eda00d0bb73fc6,
Execution Time for Trace ID 2fc5197ab4ff906178eda00d0bb73fc6: 40 ms
Cold Start: false
Unique ID: 3007b105f629a40a773d3af17e07f939,
Execution Time for Trace ID 3007b105f629a40a773d3af17e07f939: 183 ms
Cold Start: false
Unique ID: edb2633de5fdd2044eafdb6fcd337540,
Execution Time for Trace ID edb2633de5fdd2044eafdb6fcd337540: 183 ms
Cold Start: false
Unique ID: 8dd9857eb7c9d5cf3ae8b5b09247d609,
Execution Time for Trace ID 8dd9857eb7c9d5cf3ae8b5b09247d609: 41 ms
Cold Start: false
Unique ID: a65d985a3ac2f8731fc1043345415af0,
Execution Time for Trace ID a65d985a3ac2f8731fc1043345415af0: 43 ms
Cold Start: false
Unique ID: c01ad8c7909205d45da9c22763abf2b0,
Execution Time for Trace ID c01ad8c7909205d45da9c22763abf2b0: 197 ms
Cold Start: false
Unique ID: 74e91c7e8051110614aa4f3526c9c30e,
Execution Time for Trace ID 74e91c7e8051110614aa4f3526c9c30e: 187 ms
Cold Start: false
Unique ID: a3664f574470e16852d8a72ef9009f9d,
Execution Time for Trace ID a3664f574470e16852d8a72ef9009f9d: 86 ms
Cold Start: false
Unique ID: 31752396b28cec93c339a74e5fd99043,
Execution Time for Trace ID 31752396b28cec93c339a74e5fd99043: 124 ms
Cold Start: false
Unique ID: 0a40b78555251367f0ecb3ccae92fb4a,
Execution Time for Trace ID 0a40b78555251367f0ecb3ccae92fb4a: 53 ms
Cold Start: false
Unique ID: d894bf4386f429e688a64adb18d21327,
Execution Time for Trace ID d894bf4386f429e688a64adb18d21327: 104 ms
Cold Start: false
Unique ID: 3f7e1b4d0f69490f2feafd5634921014,
Execution Time for Trace ID 3f7e1b4d0f69490f2feafd5634921014: 36 ms
Cold Start: false
Unique ID: 4e0bbd90ba4d76f28b7aaecbeaaf0be2,
Execution Time for Trace ID 4e0bbd90ba4d76f28b7aaecbeaaf0be2: 37 ms
Cold Start: false
Unique ID: f808b1904a59e25bdc5674f528da5ef7,
Execution Time for Trace ID f808b1904a59e25bdc5674f528da5ef7: 110 ms
Cold Start: false
Unique ID: 29010055767572be19af9b235a0e9a98,
Execution Time for Trace ID 29010055767572be19af9b235a0e9a98: 95 ms
Cold Start: false
Unique ID: 7d4aa779eae111c240264c8671a61675,
Execution Time for Trace ID 7d4aa779eae111c240264c8671a61675: 44 ms
Cold Start: false
Unique ID: ff4cd15653fc9559e6a787b30592e3b7,
Execution Time for Trace ID ff4cd15653fc9559e6a787b30592e3b7: 34 ms
Cold Start: false
Unique ID: a95ccb6dfe98c153e53855853550cdc7,
Execution Time for Trace ID a95ccb6dfe98c153e53855853550cdc7: 89 ms
Cold Start: false
Unique ID: 31a76310293cf4ee5faf06ba2b8cbb8f,
Execution Time for Trace ID 31a76310293cf4ee5faf06ba2b8cbb8f: 199 ms
Cold Start: false
Unique ID: b8f9304e8a5dea0c3f1b689dd8a41c21,
Execution Time for Trace ID b8f9304e8a5dea0c3f1b689dd8a41c21: 45 ms
Cold Start: false
Unique ID: dee444288239b3e9edf28e54042bd6c0,
Execution Time for Trace ID dee444288239b3e9edf28e54042bd6c0: 35 ms
Cold Start: false
Unique ID: accfe42faf15e3737a6ad654835f7cc1,
Execution Time for Trace ID accfe42faf15e3737a6ad654835f7cc1: 112 ms
Cold Start: false
Unique ID: 56abd5ee0f488e16dfb307ba9620449f,
Execution Time for Trace ID 56abd5ee0f488e16dfb307ba9620449f: 86 ms
Cold Start: false
Unique ID: f6a98c35950385e84d1f6be4044f3c33,
Execution Time for Trace ID f6a98c35950385e84d1f6be4044f3c33: 38 ms
Cold Start: false
Unique ID: 41ec7692e3fe172ebc1e1bf4df647aed,
Execution Time for Trace ID 41ec7692e3fe172ebc1e1bf4df647aed: 37 ms
Cold Start: false
Unique ID: 49d9b9941419a53a58e206715a242aab,
Execution Time for Trace ID 49d9b9941419a53a58e206715a242aab: 115 ms
Cold Start: false
Unique ID: a9966d3df890f475e325d2531a60034c,
Execution Time for Trace ID a9966d3df890f475e325d2531a60034c: 89 ms
Cold Start: false
Unique ID: 7acb8bb5e6f56b9a7408cf9aff5e0667,
Execution Time for Trace ID 7acb8bb5e6f56b9a7408cf9aff5e0667: 35 ms
Cold Start: false
Unique ID: 0893c90918f0b28c72c3587f5bc16fe9,
Execution Time for Trace ID 0893c90918f0b28c72c3587f5bc16fe9: 32 ms
Cold Start: false
Unique ID: ddb61d11c8b00127d4c52b2b0f15163a,
Execution Time for Trace ID ddb61d11c8b00127d4c52b2b0f15163a: 159 ms
Cold Start: false
Unique ID: 2ba99c3a143862e2229510ab01d74b2f,
Execution Time for Trace ID 2ba99c3a143862e2229510ab01d74b2f: 89 ms
Cold Start: false
Unique ID: ff0a95413956a5235c962a4ba3900413,
Execution Time for Trace ID ff0a95413956a5235c962a4ba3900413: 29 ms
Cold Start: false
Unique ID: d96957273a0063ed9bb17f512fff08e4,
Execution Time for Trace ID d96957273a0063ed9bb17f512fff08e4: 142 ms
Cold Start: false
Unique ID: c72a3a304bf3c99ade686ba48d630efd,
Execution Time for Trace ID c72a3a304bf3c99ade686ba48d630efd: 146 ms
Cold Start: false
Unique ID: cacec69f0952e1165c60e6713e9206a1,
Execution Time for Trace ID cacec69f0952e1165c60e6713e9206a1: 102 ms
Cold Start: false
Unique ID: 17168f64f4881abe13c47cfacb0061a6,
Execution Time for Trace ID 17168f64f4881abe13c47cfacb0061a6: 47 ms
Cold Start: false
Unique ID: 76914a21f7cb9043eedee38bab16a466,
Execution Time for Trace ID 76914a21f7cb9043eedee38bab16a466: 90 ms
Cold Start: false
Unique ID: 4994fbdc01b9ab65bf32dcab0f9dfb42,
Execution Time for Trace ID 4994fbdc01b9ab65bf32dcab0f9dfb42: 60 ms
Cold Start: false
Unique ID: 2fa1488db82b3300a7becc7a2c2491b6,
Execution Time for Trace ID 2fa1488db82b3300a7becc7a2c2491b6: 179 ms
Cold Start: false
Unique ID: f9d5fce843b9e7b6a7ce9715a7bf3f2b,
Execution Time for Trace ID f9d5fce843b9e7b6a7ce9715a7bf3f2b: 46 ms
Cold Start: false
Unique ID: 99bab3639e36d9b7c6fba41a76ddea34,
Execution Time for Trace ID 99bab3639e36d9b7c6fba41a76ddea34: 108 ms
Cold Start: false
Unique ID: 6d58e05f01ffadfa28be2fa9e7aca1ea,
Execution Time for Trace ID 6d58e05f01ffadfa28be2fa9e7aca1ea: 156 ms
Cold Start: false
Unique ID: dc94ebfcc14b11ffa8dd5f28afaedbea,
Execution Time for Trace ID dc94ebfcc14b11ffa8dd5f28afaedbea: 109 ms
Cold Start: false
Unique ID: 7e231e3f0d6c4f9112b8775b51a8e227,
Execution Time for Trace ID 7e231e3f0d6c4f9112b8775b51a8e227: 44 ms
Cold Start: false
Unique ID: 5bcbeec0b4cb09021c1a96ec1819e408,
Execution Time for Trace ID 5bcbeec0b4cb09021c1a96ec1819e408: 37 ms
Cold Start: false
Unique ID: 8fb2f24b8b0da9bcfb8469a59cf09fd3,
Execution Time for Trace ID 8fb2f24b8b0da9bcfb8469a59cf09fd3: 187 ms
Cold Start: false
Unique ID: 4623d636d700c7066dbd0ca488d3d12b,
Execution Time for Trace ID 4623d636d700c7066dbd0ca488d3d12b: 92 ms
Cold Start: false
Unique ID: 2e97abde68417142d25ab829ac430cd3,
Execution Time for Trace ID 2e97abde68417142d25ab829ac430cd3: 37 ms
Cold Start: false
Unique ID: 18595a79a8be82dc0b28ac3905a68031,
Execution Time for Trace ID 18595a79a8be82dc0b28ac3905a68031: 44 ms
Cold Start: false
Unique ID: 9fb77a176dd948faece83189971a80c4,
Execution Time for Trace ID 9fb77a176dd948faece83189971a80c4: 109 ms
Cold Start: false
Unique ID: 251eed12d2d8aa747cfb1af0a4f8397e,
Execution Time for Trace ID 251eed12d2d8aa747cfb1af0a4f8397e: 185 ms
Cold Start: false
Unique ID: 5561b88b488404571e64b8e8749d7992,
Execution Time for Trace ID 5561b88b488404571e64b8e8749d7992: 38 ms
Cold Start: false
Unique ID: 5e2739b9ec92c8a064c4f61475c3be5a,
Execution Time for Trace ID 5e2739b9ec92c8a064c4f61475c3be5a: 33 ms
Cold Start: false
Unique ID: 58c67ef65f9a89cf004604974e9599c0,
Execution Time for Trace ID 58c67ef65f9a89cf004604974e9599c0: 111 ms
Cold Start: false
Unique ID: fc0b88f538b99bac1886a833f0df0364,
Execution Time for Trace ID fc0b88f538b99bac1886a833f0df0364: 113 ms
Cold Start: false
Unique ID: 7dc82dfab17ffedd0832a3467da5154a,
Execution Time for Trace ID 7dc82dfab17ffedd0832a3467da5154a: 40 ms
Cold Start: false
Unique ID: 9bb265d446f2496f579b845379b6467d,
Execution Time for Trace ID 9bb265d446f2496f579b845379b6467d: 34 ms
Cold Start: false
Unique ID: 1cccad52c55b6bde05cd3676ee4fb7d0,
Execution Time for Trace ID 1cccad52c55b6bde05cd3676ee4fb7d0: 114 ms
Cold Start: false
Unique ID: 94c16027fcacf39efba0daaae3c1419f,
Execution Time for Trace ID 94c16027fcacf39efba0daaae3c1419f: 113 ms
Cold Start: false
Unique ID: 31f009574be9345c91216a4e124652a5,
Execution Time for Trace ID 31f009574be9345c91216a4e124652a5: 39 ms
Cold Start: false
Unique ID: 66bc146667d8c6764cd6e70250def602,
Execution Time for Trace ID 66bc146667d8c6764cd6e70250def602: 35 ms
Cold Start: false
Unique ID: c22e61e0254fc785458857fb7afe31df,
Execution Time for Trace ID c22e61e0254fc785458857fb7afe31df: 101 ms
Cold Start: false
Unique ID: fa8efe415404f27bfacc46e4590e4011,
Execution Time for Trace ID fa8efe415404f27bfacc46e4590e4011: 87 ms
Cold Start: false
Unique ID: 12a68e300c9a0b4ba97f0f70ebf82a5c,
Execution Time for Trace ID 12a68e300c9a0b4ba97f0f70ebf82a5c: 35 ms
Cold Start: false
Unique ID: fb0e263d430d7cc96bdc8371d411cb13,
Execution Time for Trace ID fb0e263d430d7cc96bdc8371d411cb13: 33 ms
Cold Start: false
Unique ID: 3ae6af4565cccbf21625ff1004caff38,
Execution Time for Trace ID 3ae6af4565cccbf21625ff1004caff38: 98 ms
Cold Start: false
Unique ID: b5f01b9e06c5f798b850eadcaced22f0,
Execution Time for Trace ID b5f01b9e06c5f798b850eadcaced22f0: 113 ms
Cold Start: false
Unique ID: 3c37ca4feb79a2d15255b49b53a01cda,
Execution Time for Trace ID 3c37ca4feb79a2d15255b49b53a01cda: 35 ms
Cold Start: false
Unique ID: c149835c43efa43e58a9e74df99e3352,
Execution Time for Trace ID c149835c43efa43e58a9e74df99e3352: 43 ms
Cold Start: false
Unique ID: 324d2f1824f02ff36dd322efde332aed,
Execution Time for Trace ID 324d2f1824f02ff36dd322efde332aed: 117 ms
Cold Start: false
Unique ID: 592890fc4fed1faab37609f2de832983,
Execution Time for Trace ID 592890fc4fed1faab37609f2de832983: 112 ms
Cold Start: false
Unique ID: 9d161bd953d7d3a88d058f6625f1d407,
Execution Time for Trace ID 9d161bd953d7d3a88d058f6625f1d407: 37 ms
Cold Start: false
Unique ID: 22dc9935de456a31c1b3878c008649d1,
Execution Time for Trace ID 22dc9935de456a31c1b3878c008649d1: 47 ms
Cold Start: false
Unique ID: 9b33d65aee78dbf27e54341185314b4f,
Execution Time for Trace ID 9b33d65aee78dbf27e54341185314b4f: 114 ms
Cold Start: false
Unique ID: 814f3973366a846a1d4416fcfade30f7,
Execution Time for Trace ID 814f3973366a846a1d4416fcfade30f7: 186 ms
Cold Start: false
Unique ID: bbd7855b106bbd582339ff87f0ce5a3b,
Execution Time for Trace ID bbd7855b106bbd582339ff87f0ce5a3b: 41 ms
Cold Start: false
Unique ID: 2c31fa9207f50789971558f7c1ac9766,
Execution Time for Trace ID 2c31fa9207f50789971558f7c1ac9766: 110 ms
Cold Start: false
Unique ID: 80c4939dddc95d755e19acf99c9a00d3,
Execution Time for Trace ID 80c4939dddc95d755e19acf99c9a00d3: 138 ms
Cold Start: false
Unique ID: 183aca978beea38b9ac6bdab249e387d,
Execution Time for Trace ID 183aca978beea38b9ac6bdab249e387d: 181 ms
Cold Start: false
Unique ID: c0f1f9b8a4468982cf1a9df281d774c7,
Execution Time for Trace ID c0f1f9b8a4468982cf1a9df281d774c7: 35 ms
Cold Start: false
Unique ID: 66fa42231bde32b767156715814220a8,
Execution Time for Trace ID 66fa42231bde32b767156715814220a8: 47 ms
Cold Start: false
Unique ID: 01f091f915bea43ebf1bac3be9cd831a,
Execution Time for Trace ID 01f091f915bea43ebf1bac3be9cd831a: 192 ms
Cold Start: false
Unique ID: 85ab02b08e89c3b969090b910293c9a7,
Execution Time for Trace ID 85ab02b08e89c3b969090b910293c9a7: 90 ms
Cold Start: false
Unique ID: 692542958633e59b00a5bfc4bd8040d1,
Execution Time for Trace ID 692542958633e59b00a5bfc4bd8040d1: 31 ms
Cold Start: false
Unique ID: 45e8ab0bc8c96aa0a61e992b71418e79,
Execution Time for Trace ID 45e8ab0bc8c96aa0a61e992b71418e79: 33 ms
Cold Start: false
Unique ID: ee4926be9f55957dfc4ca199ed9a154f,
Execution Time for Trace ID ee4926be9f55957dfc4ca199ed9a154f: 109 ms
Cold Start: false
Unique ID: bd2ab02a9d3df66c4788e1f8055c43c5,
Execution Time for Trace ID bd2ab02a9d3df66c4788e1f8055c43c5: 92 ms
Cold Start: false
Unique ID: 7b7ebe4a4014c8c29a2e1c36ac6f5d7c,
Execution Time for Trace ID 7b7ebe4a4014c8c29a2e1c36ac6f5d7c: 36 ms
Cold Start: false
Unique ID: a9a37e20f6045f553279e18171dcafdc,
Execution Time for Trace ID a9a37e20f6045f553279e18171dcafdc: 90 ms
Cold Start: false
Unique ID: f5d75e431f0ed6b13d4aa4c8611fe31b,
Execution Time for Trace ID f5d75e431f0ed6b13d4aa4c8611fe31b: 97 ms
Cold Start: false
Unique ID: 7611ba94bf2686044b2fc8f924610191,
Execution Time for Trace ID 7611ba94bf2686044b2fc8f924610191: 156 ms
Cold Start: false
Unique ID: 1ae761d0725861a2de257c471b0cd3ba,
Execution Time for Trace ID 1ae761d0725861a2de257c471b0cd3ba: 40 ms
Cold Start: false
Unique ID: 5a1b1577b184486554d688bd646ae614,
Execution Time for Trace ID 5a1b1577b184486554d688bd646ae614: 33 ms
Cold Start: false
Unique ID: 47a37a76d1db8ad663cf3f8a5e14c918,
Execution Time for Trace ID 47a37a76d1db8ad663cf3f8a5e14c918: 116 ms
Cold Start: false
Unique ID: 8b56158960cf9dfd9653b7bdbdae3d6f,
Execution Time for Trace ID 8b56158960cf9dfd9653b7bdbdae3d6f: 90 ms
Cold Start: false
Unique ID: 8a6693a7047252c4688bc38c69d03093,
Execution Time for Trace ID 8a6693a7047252c4688bc38c69d03093: 39 ms
Cold Start: false
Unique ID: 73fe3e72ab9b6dcbcbf6dfa364dad8dc,
Execution Time for Trace ID 73fe3e72ab9b6dcbcbf6dfa364dad8dc: 37 ms
Cold Start: false
Unique ID: cf9e0c5619e03ffc3e2ac404dd65440e,
Execution Time for Trace ID cf9e0c5619e03ffc3e2ac404dd65440e: 113 ms
Cold Start: false
Unique ID: 9d5a94c9ba6c6221c98405d6444f9dcd,
Execution Time for Trace ID 9d5a94c9ba6c6221c98405d6444f9dcd: 179 ms
Cold Start: false
Unique ID: a836a0a725a8f3629e83cd28dd1050ff,
Execution Time for Trace ID a836a0a725a8f3629e83cd28dd1050ff: 33 ms
Cold Start: false
Unique ID: 7b7d0fe7840c09a27aeeae9b56ad9215,
Execution Time for Trace ID 7b7d0fe7840c09a27aeeae9b56ad9215: 33 ms
Cold Start: false
Unique ID: ced3bf4775c839ca3e798421cf8b2dda,
Execution Time for Trace ID ced3bf4775c839ca3e798421cf8b2dda: 109 ms
Cold Start: false
Unique ID: 0b3a3f13e6ae5afc5eda604c8cb903ed,
Execution Time for Trace ID 0b3a3f13e6ae5afc5eda604c8cb903ed: 183 ms
Cold Start: false
Unique ID: 103259b6d685eb236b115448b0a62b1e,
Execution Time for Trace ID 103259b6d685eb236b115448b0a62b1e: 41 ms
Cold Start: false
Unique ID: be7f8bba0715cd6871bf51c69e7715a6,
Execution Time for Trace ID be7f8bba0715cd6871bf51c69e7715a6: 48 ms
Cold Start: false
Unique ID: 511ca31e7670638beebb5f7df3c5d5cd,
Execution Time for Trace ID 511ca31e7670638beebb5f7df3c5d5cd: 186 ms
Cold Start: false
Unique ID: 8264b8dc7f83e7747dedccb970c35db2,
Execution Time for Trace ID 8264b8dc7f83e7747dedccb970c35db2: 93 ms
Cold Start: false
Unique ID: bb1f481b2955fd335aba147676789b3e,
Execution Time for Trace ID bb1f481b2955fd335aba147676789b3e: 110 ms
Cold Start: false
Unique ID: 78b1974bee4e5a807b6d00c788c617da,
Execution Time for Trace ID 78b1974bee4e5a807b6d00c788c617da: 31 ms
Cold Start: false
Unique ID: 100abe34d389dd6db9f46077bb78d2cf,
Execution Time for Trace ID 100abe34d389dd6db9f46077bb78d2cf: 71 ms
Cold Start: false
Unique ID: d2891953d8d10894173f45ecd858f6aa,
Execution Time for Trace ID d2891953d8d10894173f45ecd858f6aa: 88 ms
Cold Start: false
Unique ID: 68a8fb94d603e6c3542300cf9f4e31f1,
Execution Time for Trace ID 68a8fb94d603e6c3542300cf9f4e31f1: 36 ms
Cold Start: false
Unique ID: d71fb77fe173b9fd8ed686b5195ad74c,
Execution Time for Trace ID d71fb77fe173b9fd8ed686b5195ad74c: 42 ms
Cold Start: false
Unique ID: feb783533ffdbf78e0396563ccdc0c38,
Execution Time for Trace ID feb783533ffdbf78e0396563ccdc0c38: 106 ms
Cold Start: false
Unique ID: 3866a8c38f61ed923e0470f0c0ca8a19,
Execution Time for Trace ID 3866a8c38f61ed923e0470f0c0ca8a19: 108 ms
Cold Start: false
Unique ID: f5fec51fd8729e06fc461c0d62425ef8,
Execution Time for Trace ID f5fec51fd8729e06fc461c0d62425ef8: 37 ms
Cold Start: false
Unique ID: 63139fcd1cd9d07341f98419a45715ee,
Execution Time for Trace ID 63139fcd1cd9d07341f98419a45715ee: 39 ms
Cold Start: false
Unique ID: c12f2d0e582edd0723d6906001554625,
Execution Time for Trace ID c12f2d0e582edd0723d6906001554625: 117 ms
Cold Start: false
Unique ID: d46c18501f5035ec2f124e5309204c40,
Execution Time for Trace ID d46c18501f5035ec2f124e5309204c40: 109 ms
Cold Start: false
Unique ID: d2272bf0ad9c21536647f385b74300e2,
Execution Time for Trace ID d2272bf0ad9c21536647f385b74300e2: 35 ms
Cold Start: false
Unique ID: f2bd2b4a880186b1fa2b8f81c504373a,
Execution Time for Trace ID f2bd2b4a880186b1fa2b8f81c504373a: 40 ms
Cold Start: false
Unique ID: 584aad887ef251fd257295639304238b,
Execution Time for Trace ID 584aad887ef251fd257295639304238b: 190 ms
Cold Start: false
Unique ID: 19c3ae91c565d0de2eaeb7ac31a9e1ad,
Execution Time for Trace ID 19c3ae91c565d0de2eaeb7ac31a9e1ad: 113 ms
Cold Start: false
Unique ID: dbea8e1fa24913af2996e106f7d4f8ec,
Execution Time for Trace ID dbea8e1fa24913af2996e106f7d4f8ec: 41 ms
Cold Start: false
Unique ID: 7a567b07c43e9a16dc8ac2f609a14840,
Execution Time for Trace ID 7a567b07c43e9a16dc8ac2f609a14840: 41 ms
Cold Start: false
Unique ID: e6c8111cc8a86c372b37f2a3076532bd,
Execution Time for Trace ID e6c8111cc8a86c372b37f2a3076532bd: 114 ms
Cold Start: false
Unique ID: f0f347b2aebfebf26c08eed26f5eb586,
Execution Time for Trace ID f0f347b2aebfebf26c08eed26f5eb586: 185 ms
Cold Start: false
Unique ID: f12907716ac888ab142a616b0e0aa944,
Execution Time for Trace ID f12907716ac888ab142a616b0e0aa944: 41 ms
Cold Start: false
Unique ID: ef448af5c54b6748517fbc3d73aa7fde,
Execution Time for Trace ID ef448af5c54b6748517fbc3d73aa7fde: 36 ms
Cold Start: false
Unique ID: 3886eb44731c5112708e498f7e3a73e7,
Execution Time for Trace ID 3886eb44731c5112708e498f7e3a73e7: 155 ms
Cold Start: false
Unique ID: d0b702b62b59f3bcdee5b9f76f8377e5,
Execution Time for Trace ID d0b702b62b59f3bcdee5b9f76f8377e5: 109 ms
Cold Start: false
Unique ID: c3f0a862946c273f6eebc2b9d77f8f5e,
Execution Time for Trace ID c3f0a862946c273f6eebc2b9d77f8f5e: 39 ms
Cold Start: false
Unique ID: 4738e134875548e38cd96a556a60b676,
Execution Time for Trace ID 4738e134875548e38cd96a556a60b676: 40 ms
Cold Start: false
Unique ID: 64c029adc2fc6ce65b38acb09f25153a,
Execution Time for Trace ID 64c029adc2fc6ce65b38acb09f25153a: 176 ms
Cold Start: false
Unique ID: eb22927a4b4ce6d4c5de0e10f3a7c492,
Execution Time for Trace ID eb22927a4b4ce6d4c5de0e10f3a7c492: 176 ms
Cold Start: false
Unique ID: 03d453709273d6d97569dfb6702605f0,
Execution Time for Trace ID 03d453709273d6d97569dfb6702605f0: 41 ms
Cold Start: false
Unique ID: 4681c48905d0e93faaec0a5cc8b66248,
Execution Time for Trace ID 4681c48905d0e93faaec0a5cc8b66248: 41 ms
Cold Start: false
Unique ID: 93ea4f7076de8840659fb498718063f9,
Execution Time for Trace ID 93ea4f7076de8840659fb498718063f9: 116 ms
Cold Start: false
Unique ID: 3a5a8f0c81ecc4992cc9b82e289e5bd5,
Execution Time for Trace ID 3a5a8f0c81ecc4992cc9b82e289e5bd5: 107 ms
Cold Start: false
Unique ID: 451165c675c2558d393cdce7c5005dd1,
Execution Time for Trace ID 451165c675c2558d393cdce7c5005dd1: 31 ms
Cold Start: false
Unique ID: ac826aeacb4a43a8c49cfd48c080c6a9,
Execution Time for Trace ID ac826aeacb4a43a8c49cfd48c080c6a9: 104 ms
Cold Start: false
Unique ID: 947b4e86c4456b65a2f28ead615a5620,
Execution Time for Trace ID 947b4e86c4456b65a2f28ead615a5620: 138 ms
Cold Start: false
Unique ID: f2833337afdfe9eedbd3c1b31d4db760,
Execution Time for Trace ID f2833337afdfe9eedbd3c1b31d4db760: 188 ms
Cold Start: false
Unique ID: 202668278b35d0b24119fb6c0bbcb7cb,
Execution Time for Trace ID 202668278b35d0b24119fb6c0bbcb7cb: 40 ms
Cold Start: false
Unique ID: 68ade5574338495b3820b6fcafef232c,
Execution Time for Trace ID 68ade5574338495b3820b6fcafef232c: 28 ms
Cold Start: false
Unique ID: 69e357926064ceb3000a715a41ebcb76,
Execution Time for Trace ID 69e357926064ceb3000a715a41ebcb76: 114 ms
Cold Start: false
Unique ID: a3ef267b82b03b95e8c37cf92923e7da,
Execution Time for Trace ID a3ef267b82b03b95e8c37cf92923e7da: 96 ms
Cold Start: false
Unique ID: 2c3d134e9d5046622dcda7b0996db225,
Execution Time for Trace ID 2c3d134e9d5046622dcda7b0996db225: 40 ms
Cold Start: false
Unique ID: e430ad9368424829ce9394c0e759f0fb,
Execution Time for Trace ID e430ad9368424829ce9394c0e759f0fb: 32 ms
Cold Start: false
Unique ID: 2fc68b11ba3c6ed24bc8c6608ed95f73,
Execution Time for Trace ID 2fc68b11ba3c6ed24bc8c6608ed95f73: 110 ms
Cold Start: false
Unique ID: 9598950d2b1aff29cd6e5014eba32f11,
Execution Time for Trace ID 9598950d2b1aff29cd6e5014eba32f11: 76 ms
Cold Start: false
Unique ID: 53877663b646338fdb13c9d1cf5f9eb9,
Execution Time for Trace ID 53877663b646338fdb13c9d1cf5f9eb9: 34 ms
Cold Start: false
Unique ID: 926fee9ac7eeb4514435f9bf169f4d6d,
Execution Time for Trace ID 926fee9ac7eeb4514435f9bf169f4d6d: 34 ms
Cold Start: false
Unique ID: a1e3371d99d840b5ef293f49e4097fe3,
Execution Time for Trace ID a1e3371d99d840b5ef293f49e4097fe3: 113 ms
Cold Start: false
Unique ID: e5c400047b99f0037fca6fbebf553052,
Execution Time for Trace ID e5c400047b99f0037fca6fbebf553052: 95 ms
Cold Start: false
Unique ID: f581208c65dbd3b790b7280fa7ee48c5,
Execution Time for Trace ID f581208c65dbd3b790b7280fa7ee48c5: 39 ms
Cold Start: false
Unique ID: 80f5272ad4e837550bef7352de4658df,
Execution Time for Trace ID 80f5272ad4e837550bef7352de4658df: 34 ms
Cold Start: false
Unique ID: dbd90d978f2151f20bcb1a8bad660bb4,
Execution Time for Trace ID dbd90d978f2151f20bcb1a8bad660bb4: 107 ms
Cold Start: false
Unique ID: e153d9505b3f85b732a35ec6cf55dc39,
Execution Time for Trace ID e153d9505b3f85b732a35ec6cf55dc39: 190 ms
Cold Start: false
Unique ID: 88bef750de89c41aff3222650c643d33,
Execution Time for Trace ID 88bef750de89c41aff3222650c643d33: 39 ms
Cold Start: false
Unique ID: 649d9c2d8fca0f5cdfdff647521bcdfc,
Execution Time for Trace ID 649d9c2d8fca0f5cdfdff647521bcdfc: 38 ms
Cold Start: false
Unique ID: 2af61219079a90f778def4ef79450b97,
Execution Time for Trace ID 2af61219079a90f778def4ef79450b97: 114 ms
Cold Start: false
Unique ID: 26895d16387832d646736300cd285aad,
Execution Time for Trace ID 26895d16387832d646736300cd285aad: 103 ms
Cold Start: false
Unique ID: b792b29898862bb6d3468e65f4e12cc6,
Execution Time for Trace ID b792b29898862bb6d3468e65f4e12cc6: 38 ms
Cold Start: false
Unique ID: 2645617ceab7bca3631c73a5109c21f1,
Execution Time for Trace ID 2645617ceab7bca3631c73a5109c21f1: 33 ms
Cold Start: false
Unique ID: cf237ebb9a3ae9d84a9167c5cf1db82c,
Execution Time for Trace ID cf237ebb9a3ae9d84a9167c5cf1db82c: 105 ms
Cold Start: false
Unique ID: d552ced1dc04a7784d41ff927749d7ac,
Execution Time for Trace ID d552ced1dc04a7784d41ff927749d7ac: 174 ms
Cold Start: false
Unique ID: 62feacb0aee38151cae1f5434abb10df,
Execution Time for Trace ID 62feacb0aee38151cae1f5434abb10df: 37 ms
Cold Start: false
Unique ID: 3f1d87dd1cd44490024d62c8147ed630,
Execution Time for Trace ID 3f1d87dd1cd44490024d62c8147ed630: 38 ms
Cold Start: false
Unique ID: 5bcf25f4dd07d07d16e9310d947baace,
Execution Time for Trace ID 5bcf25f4dd07d07d16e9310d947baace: 88 ms
Cold Start: false
Unique ID: f5b16cbc3872a8d254343b2ce66b62e5,
Execution Time for Trace ID f5b16cbc3872a8d254343b2ce66b62e5: 189 ms
Cold Start: false
Unique ID: ce5dc1a8e8bbb9ad9794c31ccf9c72ed,
Execution Time for Trace ID ce5dc1a8e8bbb9ad9794c31ccf9c72ed: 36 ms
Cold Start: false
Unique ID: 836dde15e883de360b1a255b7ff33850,
Execution Time for Trace ID 836dde15e883de360b1a255b7ff33850: 33 ms
Cold Start: false
Unique ID: cd9cb626a3d07098f767ab19e7b46906,
Execution Time for Trace ID cd9cb626a3d07098f767ab19e7b46906: 190 ms
Cold Start: false
Unique ID: 60f5e2b5415816b90e879d280cc8be2f,
Execution Time for Trace ID 60f5e2b5415816b90e879d280cc8be2f: 175 ms
Cold Start: false
Unique ID: daab6cb77cd244fc81f4d3befbf0bdce,
Execution Time for Trace ID daab6cb77cd244fc81f4d3befbf0bdce: 33 ms
Cold Start: false
Unique ID: 56d0e52ee2dcc0fcf3c255c7c2cc2fba,
Execution Time for Trace ID 56d0e52ee2dcc0fcf3c255c7c2cc2fba: 44 ms
Cold Start: false
Unique ID: 72f39e807b7b53f14db38bdde618c855,
Execution Time for Trace ID 72f39e807b7b53f14db38bdde618c855: 198 ms
Cold Start: false
Unique ID: 7ea4ef803c74e03e3d166fa2814492e4,
Execution Time for Trace ID 7ea4ef803c74e03e3d166fa2814492e4: 185 ms
Cold Start: false
Unique ID: 93ce67bc02ec91d87885661b34a8407f,
Execution Time for Trace ID 93ce67bc02ec91d87885661b34a8407f: 39 ms
Cold Start: false
Unique ID: de8bc49ec5e2f747ec4787f4d37cc440,
Execution Time for Trace ID de8bc49ec5e2f747ec4787f4d37cc440: 39 ms
Cold Start: false
Unique ID: d6c69c12a480d5e39c6ef1d9ac73d4ed,
Execution Time for Trace ID d6c69c12a480d5e39c6ef1d9ac73d4ed: 114 ms
Cold Start: false
Unique ID: 0e35dedaee52a66f154957f926d89a01,
Execution Time for Trace ID 0e35dedaee52a66f154957f926d89a01: 181 ms
Cold Start: false
Unique ID: a306d73c5594649d8565304e081735fd,
Execution Time for Trace ID a306d73c5594649d8565304e081735fd: 36 ms
Cold Start: false
Unique ID: 29b509faf808aabd8507eedff3e91692,
Execution Time for Trace ID 29b509faf808aabd8507eedff3e91692: 50 ms
Cold Start: false
Unique ID: 1e485f2d5539d9f2bfc1a0ae825f5dba,
Execution Time for Trace ID 1e485f2d5539d9f2bfc1a0ae825f5dba: 117 ms
Cold Start: false
Unique ID: 6e78c9fd7345ddfaaba0ccfc4d001803,
Execution Time for Trace ID 6e78c9fd7345ddfaaba0ccfc4d001803: 192 ms
Cold Start: false
Unique ID: 7f4d2538c814320aa25360bbd53f0175,
Execution Time for Trace ID 7f4d2538c814320aa25360bbd53f0175: 44 ms
Cold Start: false
Unique ID: 08692dad625c5aa1d5a739077e7078ed,
Execution Time for Trace ID 08692dad625c5aa1d5a739077e7078ed: 37 ms
Cold Start: false
Unique ID: 6751a31c373b5ad403a460e1681f8740,
Execution Time for Trace ID 6751a31c373b5ad403a460e1681f8740: 126 ms
Cold Start: false
Unique ID: 33da08ac519efc5e7440968aa41fd0d9,
Execution Time for Trace ID 33da08ac519efc5e7440968aa41fd0d9: 110 ms
Cold Start: false
Unique ID: 7f8d123b85c9dc00fd1e7c3a98890cdb,
Execution Time for Trace ID 7f8d123b85c9dc00fd1e7c3a98890cdb: 40 ms
Cold Start: false
Unique ID: 61fe580791876434cf272d90e9cc3be5,
Execution Time for Trace ID 61fe580791876434cf272d90e9cc3be5: 44 ms
Cold Start: false
Unique ID: 7e23360d2faaea3e4b99a1c58675e723,
Execution Time for Trace ID 7e23360d2faaea3e4b99a1c58675e723: 110 ms
Cold Start: false
Unique ID: b3f130db84ab3083318d4e3c673bce67,
Execution Time for Trace ID b3f130db84ab3083318d4e3c673bce67: 185 ms
Cold Start: false
Unique ID: 434786c6fa11008e8363c3f7de75e68e,
Execution Time for Trace ID 434786c6fa11008e8363c3f7de75e68e: 36 ms
Cold Start: false
Unique ID: d7dc2e24b2fe146543ceb750c47042e3,
Execution Time for Trace ID d7dc2e24b2fe146543ceb750c47042e3: 44 ms
Cold Start: false
Unique ID: e89b31a5832be2c17ee982df96174474,
Execution Time for Trace ID e89b31a5832be2c17ee982df96174474: 115 ms
Cold Start: false
Unique ID: b59b28d380816f905725938c0344e3d4,
Execution Time for Trace ID b59b28d380816f905725938c0344e3d4: 188 ms
Cold Start: false
Unique ID: a650af9023cd2e145077c98524c1f0de,
Execution Time for Trace ID a650af9023cd2e145077c98524c1f0de: 42 ms
Cold Start: false
Unique ID: e88cc5f6a493807539863855eafa5628,
Execution Time for Trace ID e88cc5f6a493807539863855eafa5628: 36 ms
Cold Start: false
Unique ID: 32522279c4f85331dcdde4fe59da4b5d,
Execution Time for Trace ID 32522279c4f85331dcdde4fe59da4b5d: 187 ms
Cold Start: false
Unique ID: 6b2a179db5ebfa00432eb0db942eb569,
Execution Time for Trace ID 6b2a179db5ebfa00432eb0db942eb569: 112 ms
Cold Start: false
Unique ID: b8682f95bd2ef89a05387062a7ec921d,
Execution Time for Trace ID b8682f95bd2ef89a05387062a7ec921d: 32 ms
Cold Start: false
Unique ID: a4b7ca150754f71f35b95317f506c4c8,
Execution Time for Trace ID a4b7ca150754f71f35b95317f506c4c8: 44 ms
Cold Start: false
Unique ID: bda88f9f02c2ba8d0af6f80dbf75a019,
Execution Time for Trace ID bda88f9f02c2ba8d0af6f80dbf75a019: 108 ms
Cold Start: false
Unique ID: fcc30c213248094ef1ef95a4f6f3088a,
Execution Time for Trace ID fcc30c213248094ef1ef95a4f6f3088a: 108 ms
Cold Start: false
Unique ID: 5d55e9403d18d164301a5f878e3bd58f,
Execution Time for Trace ID 5d55e9403d18d164301a5f878e3bd58f: 41 ms
Cold Start: false
Unique ID: 801d2b8d207003fbeb9172176f6063bc,
Execution Time for Trace ID 801d2b8d207003fbeb9172176f6063bc: 41 ms
Cold Start: false
Unique ID: f72d4503258f998c3ee6a14dde6c4cc5,
Execution Time for Trace ID f72d4503258f998c3ee6a14dde6c4cc5: 196 ms
Cold Start: false
Unique ID: 3cce83a1c285bc8f2a4da21bbc50dd5a,
Execution Time for Trace ID 3cce83a1c285bc8f2a4da21bbc50dd5a: 93 ms
Cold Start: false
Unique ID: b1d98cf217b9290494308895020a85c1,
Execution Time for Trace ID b1d98cf217b9290494308895020a85c1: 92 ms
Cold Start: false
Unique ID: 49bb7016f88a27b988d3b9016f91ade9,
Execution Time for Trace ID 49bb7016f88a27b988d3b9016f91ade9: 113 ms
Cold Start: false
Unique ID: 879b651b29ced8c22eafe2c6f538c4ea,
Execution Time for Trace ID 879b651b29ced8c22eafe2c6f538c4ea: 127 ms
Cold Start: false
Unique ID: 030e8a25551f3e63ad7d56292c9d8384,
Execution Time for Trace ID 030e8a25551f3e63ad7d56292c9d8384: 180 ms
Cold Start: false
Unique ID: 150a4e277fa2fdebf1257f8abdacca4a,
Execution Time for Trace ID 150a4e277fa2fdebf1257f8abdacca4a: 39 ms
Cold Start: false
Unique ID: 1b36da9ebdab22a4a6f8c28c14afffe0,
Execution Time for Trace ID 1b36da9ebdab22a4a6f8c28c14afffe0: 36 ms
Cold Start: false
Unique ID: bdbd087977e3bd32d8fabcaf802f3cc4,
Execution Time for Trace ID bdbd087977e3bd32d8fabcaf802f3cc4: 117 ms
Cold Start: false
Unique ID: 423a28daec662c8bde2c5dedc48c71b5,
Execution Time for Trace ID 423a28daec662c8bde2c5dedc48c71b5: 78 ms
Cold Start: false
Unique ID: 3fc3dbdc600d8662ab314c3885f53e40,
Execution Time for Trace ID 3fc3dbdc600d8662ab314c3885f53e40: 41 ms
Cold Start: false
Unique ID: c9ce8aef710bef7bcb2b3aae1476eb48,
Execution Time for Trace ID c9ce8aef710bef7bcb2b3aae1476eb48: 37 ms
Cold Start: false
Unique ID: 9ca737b1928c4c61aaf3377339e654f2,
Execution Time for Trace ID 9ca737b1928c4c61aaf3377339e654f2: 192 ms
Cold Start: false
Unique ID: 61532d538f39d9e896cecacea7391c1d,
Execution Time for Trace ID 61532d538f39d9e896cecacea7391c1d: 94 ms
Cold Start: false
Unique ID: bcf76babbd5a05432393f18fe138ee81,
Execution Time for Trace ID bcf76babbd5a05432393f18fe138ee81: 41 ms
Cold Start: false
Unique ID: 84462538e0b120bf8f4faf2ae810ec2f,
Execution Time for Trace ID 84462538e0b120bf8f4faf2ae810ec2f: 38 ms
Cold Start: false
Unique ID: 2b2d2922cabbeb5dcce21a304a373275,
Execution Time for Trace ID 2b2d2922cabbeb5dcce21a304a373275: 115 ms
Cold Start: false
Unique ID: 5198d16c569e382051ec09feb92aa9eb,
Execution Time for Trace ID 5198d16c569e382051ec09feb92aa9eb: 90 ms
Cold Start: false
Unique ID: ef1f4e7eb2de83779aade3b18bf5e8cc,
Execution Time for Trace ID ef1f4e7eb2de83779aade3b18bf5e8cc: 35 ms
Cold Start: false
Unique ID: c6985ce68abfebbb33f530bae1141340,
Execution Time for Trace ID c6985ce68abfebbb33f530bae1141340: 33 ms
Cold Start: false
Unique ID: 96aa6be2b09d16ccea2afdea69e55ac6,
Execution Time for Trace ID 96aa6be2b09d16ccea2afdea69e55ac6: 107 ms
Cold Start: false
Unique ID: cd521e7d49a5a6586da6c8fd8e88e655,
Execution Time for Trace ID cd521e7d49a5a6586da6c8fd8e88e655: 84 ms
Cold Start: false
Unique ID: 1a417284ed59d97882c331ba658736a2,
Execution Time for Trace ID 1a417284ed59d97882c331ba658736a2: 34 ms
Cold Start: false
Unique ID: 48b2efef0847f10bf650d1d65304469e,
Execution Time for Trace ID 48b2efef0847f10bf650d1d65304469e: 37 ms
Cold Start: false
Unique ID: 6094326fbe74895667acb3eb34a11302,
Execution Time for Trace ID 6094326fbe74895667acb3eb34a11302: 115 ms
Cold Start: false
Unique ID: 65f96c6bf045d42fc9542ea931583c68,
Execution Time for Trace ID 65f96c6bf045d42fc9542ea931583c68: 85 ms
Cold Start: false
Unique ID: 7f1ccef7bec8d6eab4fd76fe237d5c3d,
Execution Time for Trace ID 7f1ccef7bec8d6eab4fd76fe237d5c3d: 31 ms
Cold Start: false
Unique ID: 9281af4ef7b3b9397f7f1b78e0366ac8,
Execution Time for Trace ID 9281af4ef7b3b9397f7f1b78e0366ac8: 31 ms
Cold Start: false
Unique ID: f2eb16333ebbcdae43b6371db39a602c,
Execution Time for Trace ID f2eb16333ebbcdae43b6371db39a602c: 120 ms
Cold Start: false
Unique ID: 354bc58fccf4b3fcce3bb6b09409e413,
Execution Time for Trace ID 354bc58fccf4b3fcce3bb6b09409e413: 86 ms
Cold Start: false
Unique ID: 450d1c2b2979a08c092d37cf9fa74ed7,
Execution Time for Trace ID 450d1c2b2979a08c092d37cf9fa74ed7: 39 ms
Cold Start: false
Unique ID: df6159e71313218667af384529d6f045,
Execution Time for Trace ID df6159e71313218667af384529d6f045: 30 ms
Cold Start: false
Unique ID: fa2355ed726e24a5443bd98e2c9d3a20,
Execution Time for Trace ID fa2355ed726e24a5443bd98e2c9d3a20: 116 ms
Cold Start: false
Unique ID: 8b9cbf3693702586b9f9ff39b75dfcc8,
Execution Time for Trace ID 8b9cbf3693702586b9f9ff39b75dfcc8: 90 ms
Cold Start: false
Unique ID: 14929c29014ec008b54fa741e88cb87f,
Execution Time for Trace ID 14929c29014ec008b54fa741e88cb87f: 38 ms
Cold Start: false
Unique ID: 3367620d8f9e69e4e24cbcec904bbc2b,
Execution Time for Trace ID 3367620d8f9e69e4e24cbcec904bbc2b: 33 ms
Cold Start: false
Unique ID: 42b574e72fa6239461ad0fce94defd25,
Execution Time for Trace ID 42b574e72fa6239461ad0fce94defd25: 121 ms
Cold Start: false
Unique ID: 66bfe8fc026ed86fe81da259a189fa48,
Execution Time for Trace ID 66bfe8fc026ed86fe81da259a189fa48: 178 ms
Cold Start: false
Unique ID: 78dfce10484f58a8479d96ec41ce1c2e,
Execution Time for Trace ID 78dfce10484f58a8479d96ec41ce1c2e: 46 ms
Cold Start: false
Unique ID: 96fc0190cb965f78d8ee7a3226a15f20,
Execution Time for Trace ID 96fc0190cb965f78d8ee7a3226a15f20: 42 ms
Cold Start: false
Unique ID: 08f2d8153ecd6c82600fc00c1b4746cc,
Execution Time for Trace ID 08f2d8153ecd6c82600fc00c1b4746cc: 119 ms
Cold Start: false
Unique ID: bf9b92d1edd974654b8f03d8d1968986,
Execution Time for Trace ID bf9b92d1edd974654b8f03d8d1968986: 166 ms
Cold Start: false
Unique ID: 288609e45edbf0c821f739536a141293,
Execution Time for Trace ID 288609e45edbf0c821f739536a141293: 33 ms
Cold Start: false
Unique ID: 31aa7e6ad6de5f3da9c1bd8b1ba133f2,
Execution Time for Trace ID 31aa7e6ad6de5f3da9c1bd8b1ba133f2: 88 ms
Cold Start: false
Unique ID: 48511058f25e2784293c8952a8625ae6,
Execution Time for Trace ID 48511058f25e2784293c8952a8625ae6: 34 ms
Cold Start: false
Unique ID: bb56aac7c4b82db5d1882b67aa0294e1,
Execution Time for Trace ID bb56aac7c4b82db5d1882b67aa0294e1: 107 ms
Cold Start: false
Unique ID: 5b7f329a9c590882032866b35ebfe317,
Execution Time for Trace ID 5b7f329a9c590882032866b35ebfe317: 42 ms
Cold Start: false
Unique ID: 3d2b3e78db9149ebdb576664c03c23cd,
Execution Time for Trace ID 3d2b3e78db9149ebdb576664c03c23cd: 39 ms
Cold Start: false
Unique ID: 5e7d6eb638d3f74a4010b7ff20e71706,
Execution Time for Trace ID 5e7d6eb638d3f74a4010b7ff20e71706: 118 ms
Cold Start: false
Unique ID: 10f0d546b5e5b5ae51a74b8bbf2fde54,
Execution Time for Trace ID 10f0d546b5e5b5ae51a74b8bbf2fde54: 109 ms
Cold Start: false
Unique ID: d9ba61e40776d21feb46436ebceb0617,
Execution Time for Trace ID d9ba61e40776d21feb46436ebceb0617: 37 ms
Cold Start: false
Unique ID: 758f28e34b5301240a8aed985a993b88,
Execution Time for Trace ID 758f28e34b5301240a8aed985a993b88: 33 ms
Cold Start: false
Unique ID: caf12d19b5e84a4ed5f545ca32c9fc3f,
Execution Time for Trace ID caf12d19b5e84a4ed5f545ca32c9fc3f: 113 ms
Cold Start: false
Unique ID: 7769f59d6bdf40cae870a62339b082e5,
Execution Time for Trace ID 7769f59d6bdf40cae870a62339b082e5: 107 ms
Cold Start: false
Unique ID: d52629348954b10d6d83fb21dc493fd9,
Execution Time for Trace ID d52629348954b10d6d83fb21dc493fd9: 82 ms
Cold Start: false
Unique ID: 4cdfab387c6ebc95bfe1c7c38f4994ea,
Execution Time for Trace ID 4cdfab387c6ebc95bfe1c7c38f4994ea: 114 ms
Cold Start: false
Unique ID: 8b4a6cfc8a38efd4b6196d101b9c4139,
Execution Time for Trace ID 8b4a6cfc8a38efd4b6196d101b9c4139: 99 ms
Cold Start: false
Unique ID: 5143e51679c9eea59fc191852a4d3e4e,
Execution Time for Trace ID 5143e51679c9eea59fc191852a4d3e4e: 180 ms
Cold Start: false
Unique ID: e426405a403ced920cf06a319cc6721c,
Execution Time for Trace ID e426405a403ced920cf06a319cc6721c: 37 ms
Cold Start: false
Unique ID: 8c7ca024c263b0d7cd65c08a3a393890,
Execution Time for Trace ID 8c7ca024c263b0d7cd65c08a3a393890: 35 ms
Cold Start: false
Unique ID: 4eb8f5e2f91fe49845cc13d60629b777,
Execution Time for Trace ID 4eb8f5e2f91fe49845cc13d60629b777: 118 ms
Cold Start: false
Unique ID: bfcf544450dcfc874e831c7cc1ade430,
Execution Time for Trace ID bfcf544450dcfc874e831c7cc1ade430: 124 ms
Cold Start: false
Unique ID: b1ae50719c909e4b239b1c4287ed4505,
Execution Time for Trace ID b1ae50719c909e4b239b1c4287ed4505: 33 ms
Cold Start: false
Unique ID: ea96d71e3d80d1babd23f55e88809563,
Execution Time for Trace ID ea96d71e3d80d1babd23f55e88809563: 94 ms
Cold Start: false
Unique ID: ae8c1ad5e4c1879dffd3b72958d9f770,
Execution Time for Trace ID ae8c1ad5e4c1879dffd3b72958d9f770: 40 ms
Cold Start: false
Unique ID: 53c0f709339274c483e56d3888678cbf,
Execution Time for Trace ID 53c0f709339274c483e56d3888678cbf: 192 ms
Cold Start: false
Unique ID: dc6fc26583ef697d165617cde28b0d4b,
Execution Time for Trace ID dc6fc26583ef697d165617cde28b0d4b: 36 ms
Cold Start: false
Unique ID: d98bf6e895a579129489fa907b24de10,
Execution Time for Trace ID d98bf6e895a579129489fa907b24de10: 31 ms
Cold Start: false
Unique ID: bf3c6e45b4e76c2050c5c5e28b465510,
Execution Time for Trace ID bf3c6e45b4e76c2050c5c5e28b465510: 112 ms
Cold Start: false
Unique ID: 20c8da377539fcc427b3e938442d042d,
Execution Time for Trace ID 20c8da377539fcc427b3e938442d042d: 73 ms
Cold Start: false
Unique ID: 9aa2f8820ccc6232fcbaaf4e52b96568,
Execution Time for Trace ID 9aa2f8820ccc6232fcbaaf4e52b96568: 41 ms
Cold Start: false
Unique ID: ec40bd5a887cd6eae09c3d00e6c1b536,
Execution Time for Trace ID ec40bd5a887cd6eae09c3d00e6c1b536: 39 ms
Cold Start: false
Unique ID: a8b9da2a5d5536307108d70a553b77c7,
Execution Time for Trace ID a8b9da2a5d5536307108d70a553b77c7: 117 ms
Cold Start: false
Unique ID: c2623c610d9e2e6fe41dcf1d4481d4a0,
Execution Time for Trace ID c2623c610d9e2e6fe41dcf1d4481d4a0: 95 ms
Cold Start: false
Unique ID: 576c9c819e4bf43da9108f9df82e9da2,
Execution Time for Trace ID 576c9c819e4bf43da9108f9df82e9da2: 37 ms
Cold Start: false
Unique ID: 1d4bb9017ada4ef4c3c2a98dc14a61c9,
Execution Time for Trace ID 1d4bb9017ada4ef4c3c2a98dc14a61c9: 38 ms
Cold Start: false
Unique ID: 5f8cf47fe2f7ddcff01a37bae5e682b4,
Execution Time for Trace ID 5f8cf47fe2f7ddcff01a37bae5e682b4: 112 ms
Cold Start: false
Unique ID: 97846d95606a3d1c58d0b43370070121,
Execution Time for Trace ID 97846d95606a3d1c58d0b43370070121: 179 ms
Cold Start: false
Unique ID: 6ac574980a3f6d025dba227678bb649a,
Execution Time for Trace ID 6ac574980a3f6d025dba227678bb649a: 34 ms
Cold Start: false
Unique ID: f53f3286d02356e1d652b915de285399,
Execution Time for Trace ID f53f3286d02356e1d652b915de285399: 108 ms
Cold Start: false
Unique ID: f9e02c818eb6fd049f7444fb8ea209ba,
Execution Time for Trace ID f9e02c818eb6fd049f7444fb8ea209ba: 151 ms
Cold Start: false
Unique ID: 05022eee15d43fea67f6ebbecc288264,
Execution Time for Trace ID 05022eee15d43fea67f6ebbecc288264: 176 ms
Cold Start: false
Unique ID: 9925c67addce363cbca6a2f22c4f3889,
Execution Time for Trace ID 9925c67addce363cbca6a2f22c4f3889: 43 ms
Cold Start: false
Unique ID: 41a4f3b90e6bf3d5f328032f60634464,
Execution Time for Trace ID 41a4f3b90e6bf3d5f328032f60634464: 32 ms
Cold Start: false
Unique ID: 8cd0e6447c62080e5297fa56e96eec43,
Execution Time for Trace ID 8cd0e6447c62080e5297fa56e96eec43: 195 ms
Cold Start: false
Unique ID: 8744749f8c7e88ae1cfe86fb30fb4472,
Execution Time for Trace ID 8744749f8c7e88ae1cfe86fb30fb4472: 92 ms
Cold Start: false
Unique ID: 1b227c9ba48692ec98e1b32a305fd4c0,
Execution Time for Trace ID 1b227c9ba48692ec98e1b32a305fd4c0: 44 ms
Cold Start: false
Unique ID: 7e5a1439ae1019a426e22b98cb5a7f10,
Execution Time for Trace ID 7e5a1439ae1019a426e22b98cb5a7f10: 34 ms
Cold Start: false
Unique ID: 2671d3334e9d4afb1d212c3d86561578,
Execution Time for Trace ID 2671d3334e9d4afb1d212c3d86561578: 118 ms
Cold Start: false
Unique ID: 0c24491538496e5e41ad165403fc6892,
Execution Time for Trace ID 0c24491538496e5e41ad165403fc6892: 101 ms
Cold Start: false
Unique ID: 6741ecca4fda907c04b0775ee95c2fa8,
Execution Time for Trace ID 6741ecca4fda907c04b0775ee95c2fa8: 42 ms
Cold Start: false
Unique ID: c0538d3032bfbd5e1d1f15e3e1d4659a,
Execution Time for Trace ID c0538d3032bfbd5e1d1f15e3e1d4659a: 36 ms
Cold Start: false
Unique ID: db0e72b017d73880500f6ce3fb5b7422,
Execution Time for Trace ID db0e72b017d73880500f6ce3fb5b7422: 116 ms
Cold Start: false
Unique ID: 4a47b040ef02839fb0dd0726b68afd28,
Execution Time for Trace ID 4a47b040ef02839fb0dd0726b68afd28: 83 ms
Cold Start: false
Unique ID: 3b268653482f89428b97d535a0c7a28a,
Execution Time for Trace ID 3b268653482f89428b97d535a0c7a28a: 38 ms
Cold Start: false
Unique ID: ecaa2ac93b4997aaca2c9e3a2a16de89,
Execution Time for Trace ID ecaa2ac93b4997aaca2c9e3a2a16de89: 47 ms
Cold Start: false
Unique ID: c4aa47b863dc4551602094d84d0bf7ba,
Execution Time for Trace ID c4aa47b863dc4551602094d84d0bf7ba: 110 ms
Cold Start: false
Unique ID: dba11c7b709adc64a9fbcc82d8dcfcbb,
Execution Time for Trace ID dba11c7b709adc64a9fbcc82d8dcfcbb: 91 ms
Cold Start: false
Unique ID: d98e7410980f9eca4621f0ccf4ce4bf8,
Execution Time for Trace ID d98e7410980f9eca4621f0ccf4ce4bf8: 42 ms
Cold Start: false
Unique ID: b40dc8e3c809ec88410a8afd7f40fc82,
Execution Time for Trace ID b40dc8e3c809ec88410a8afd7f40fc82: 38 ms
Cold Start: false
Unique ID: 0d0dac6f749a6a35630400a25e87e36a,
Execution Time for Trace ID 0d0dac6f749a6a35630400a25e87e36a: 114 ms
Cold Start: false
Unique ID: 20e13ded7e371e79e161b2e95d38a449,
Execution Time for Trace ID 20e13ded7e371e79e161b2e95d38a449: 179 ms
Cold Start: false
Unique ID: 8259dd6699fb3fc3d54846bbf5ad276c,
Execution Time for Trace ID 8259dd6699fb3fc3d54846bbf5ad276c: 36 ms
Cold Start: false
Unique ID: ad7c53c6122fa43891e20d6a2749d229,
Execution Time for Trace ID ad7c53c6122fa43891e20d6a2749d229: 92 ms
Cold Start: false
Unique ID: 87859a3c6cccc522789628f5d595fd9f,
Execution Time for Trace ID 87859a3c6cccc522789628f5d595fd9f: 135 ms
Cold Start: false
Unique ID: 6cfce0202b2519ac8a8f19a8201de842,
Execution Time for Trace ID 6cfce0202b2519ac8a8f19a8201de842: 184 ms
Cold Start: false
Unique ID: e78ce8a7239fff7015e5a8b79cfefdc2,
Execution Time for Trace ID e78ce8a7239fff7015e5a8b79cfefdc2: 33 ms
Cold Start: false
Unique ID: b084b1b381dd86d918509553363a86da,
Execution Time for Trace ID b084b1b381dd86d918509553363a86da: 74 ms
Cold Start: false
Unique ID: 29881e6ee4203c774fd1eb856cc45a5b,
Execution Time for Trace ID 29881e6ee4203c774fd1eb856cc45a5b: 32 ms
Cold Start: false
Unique ID: b79b4f2f3770a4df6970a7a36ec0c648,
Execution Time for Trace ID b79b4f2f3770a4df6970a7a36ec0c648: 104 ms
Cold Start: false
Unique ID: cf2d4414869da737a6f912acf9939811,
Execution Time for Trace ID cf2d4414869da737a6f912acf9939811: 95 ms
Cold Start: false
Unique ID: c1f1031f8796cf32bfae6e5515e81ac3,
Execution Time for Trace ID c1f1031f8796cf32bfae6e5515e81ac3: 43 ms
Cold Start: false
Unique ID: 8b5bca32553cbcb57346ff0d03e6b238,
Execution Time for Trace ID 8b5bca32553cbcb57346ff0d03e6b238: 86 ms
Cold Start: false
Unique ID: ccd0fc70b4b2fbab5398ecadb3f85a38,
Execution Time for Trace ID ccd0fc70b4b2fbab5398ecadb3f85a38: 186 ms
Cold Start: false
Unique ID: 4a9a6e7d2ae4d7f28be1cefab08346a6,
Execution Time for Trace ID 4a9a6e7d2ae4d7f28be1cefab08346a6: 43 ms
Cold Start: false
Unique ID: 4c8392250350b51b6e80194cc32ef2f5,
Execution Time for Trace ID 4c8392250350b51b6e80194cc32ef2f5: 39 ms
Cold Start: false
Unique ID: c22302b636ade726e4ef6747ddce98af,
Execution Time for Trace ID c22302b636ade726e4ef6747ddce98af: 109 ms
Cold Start: false
Unique ID: 3611706025221bcfa7fec3f8fb5d26dd,
Execution Time for Trace ID 3611706025221bcfa7fec3f8fb5d26dd: 185 ms
Cold Start: false
Unique ID: 8c593e4c906dee3375b8f913cad0c0f0,
Execution Time for Trace ID 8c593e4c906dee3375b8f913cad0c0f0: 115 ms
Cold Start: false
Unique ID: 2426b362e600642a198b64283a1dfbbd,
Execution Time for Trace ID 2426b362e600642a198b64283a1dfbbd: 41 ms
Cold Start: false
Unique ID: 5f692b5e944be237504b8e0e2ff48c74,
Execution Time for Trace ID 5f692b5e944be237504b8e0e2ff48c74: 91 ms
Cold Start: false
Unique ID: a4ee94af73aac0bf7fb7d7a4fc554990,
Execution Time for Trace ID a4ee94af73aac0bf7fb7d7a4fc554990: 93 ms
Cold Start: false
Unique ID: 147382940ac70806963afe2536e160ba,
Execution Time for Trace ID 147382940ac70806963afe2536e160ba: 51 ms
Cold Start: false
Unique ID: ab8bf61ce82c4a1fce1496d2cb112bcd,
Execution Time for Trace ID ab8bf61ce82c4a1fce1496d2cb112bcd: 92 ms
Cold Start: false
Unique ID: b8570eb2ab2f6db299527d6cdfd452f3,
Execution Time for Trace ID b8570eb2ab2f6db299527d6cdfd452f3: 145 ms
Cold Start: false
Unique ID: 5cf29ba2107910f0ff2be6920c757d72,
Execution Time for Trace ID 5cf29ba2107910f0ff2be6920c757d72: 103 ms
Cold Start: false
Unique ID: efae9bd33d68e3f16679cc0d5dc30fb8,
Execution Time for Trace ID efae9bd33d68e3f16679cc0d5dc30fb8: 38 ms
Cold Start: false
Unique ID: df10aef3fa00138f41eb960d1ca32acd,
Execution Time for Trace ID df10aef3fa00138f41eb960d1ca32acd: 40 ms
Cold Start: false
Unique ID: 6efe3978187ea7aebc75f9d4dd43bc6d,
Execution Time for Trace ID 6efe3978187ea7aebc75f9d4dd43bc6d: 90 ms
Cold Start: false
Unique ID: 82e9648c53fe412717aebffe8c678448,
Execution Time for Trace ID 82e9648c53fe412717aebffe8c678448: 110 ms
Cold Start: false
Unique ID: 034a183c55954510115dab75ff3f643c,
Execution Time for Trace ID 034a183c55954510115dab75ff3f643c: 43 ms
Cold Start: false
Unique ID: d459445dede703045bfc0490e1eeab0d,
Execution Time for Trace ID d459445dede703045bfc0490e1eeab0d: 38 ms
Cold Start: false
Unique ID: 7cd57b50a3c828e7c9f32ce54dc272bb,
Execution Time for Trace ID 7cd57b50a3c828e7c9f32ce54dc272bb: 112 ms
Cold Start: false
Unique ID: 33164ee2e8e8edb31e7ca6b90bd44b1b,
Execution Time for Trace ID 33164ee2e8e8edb31e7ca6b90bd44b1b: 107 ms
Cold Start: false
Unique ID: 028b8028e8578386f9137a5fbb27a633,
Execution Time for Trace ID 028b8028e8578386f9137a5fbb27a633: 54 ms
Cold Start: false
Unique ID: d675a799a6eb3a3fcc0ba9e41b4f403c,
Execution Time for Trace ID d675a799a6eb3a3fcc0ba9e41b4f403c: 97 ms
Cold Start: false
Unique ID: e4988243c47683aa8ed46416278c63cc,
Execution Time for Trace ID e4988243c47683aa8ed46416278c63cc: 151 ms
Cold Start: false
Unique ID: 3320c9e7c3d832c35ff9b0557e878fd1,
Execution Time for Trace ID 3320c9e7c3d832c35ff9b0557e878fd1: 113 ms
Cold Start: false
Unique ID: 2f90139b83d595a2b8c2edc7f4d6bc2b,
Execution Time for Trace ID 2f90139b83d595a2b8c2edc7f4d6bc2b: 42 ms
Cold Start: false
Unique ID: 3bb4318551c254a4c8a9bbb9c689c2cb,
Execution Time for Trace ID 3bb4318551c254a4c8a9bbb9c689c2cb: 33 ms
Cold Start: false
Unique ID: 51416c9a5185899e310c7eb118ec4b88,
Execution Time for Trace ID 51416c9a5185899e310c7eb118ec4b88: 114 ms
Cold Start: false
Unique ID: 42caee36ab157820f6175fc70d899f17,
Execution Time for Trace ID 42caee36ab157820f6175fc70d899f17: 100 ms
Cold Start: false
Unique ID: 6dae655147f40005ebe716d66cd06a55,
Execution Time for Trace ID 6dae655147f40005ebe716d66cd06a55: 38 ms
Cold Start: false
Unique ID: a4cb937d42a2771c1226fa9356137889,
Execution Time for Trace ID a4cb937d42a2771c1226fa9356137889: 36 ms
Cold Start: false
Unique ID: 67c92c8cac116f6c1aa204e83caf6066,
Execution Time for Trace ID 67c92c8cac116f6c1aa204e83caf6066: 187 ms
Cold Start: false
Unique ID: b44e031a2c4c33a2d08265dc58706766,
Execution Time for Trace ID b44e031a2c4c33a2d08265dc58706766: 189 ms
Cold Start: false
Unique ID: bd3ff9516348ff9d190b84fb6e75c07e,
Execution Time for Trace ID bd3ff9516348ff9d190b84fb6e75c07e: 37 ms
Cold Start: false
Unique ID: 4d547a7bdcb291f5dfefb911e47d898f,
Execution Time for Trace ID 4d547a7bdcb291f5dfefb911e47d898f: 106 ms
Cold Start: false
Unique ID: 5144643d16e29be1a5e521bad2f159c9,
Execution Time for Trace ID 5144643d16e29be1a5e521bad2f159c9: 87 ms
Cold Start: false
Unique ID: fac17cea2769fc722ebe48b97b6fd7c3,
Execution Time for Trace ID fac17cea2769fc722ebe48b97b6fd7c3: 117 ms
Cold Start: false
Unique ID: 650f393a1e1d8117d57f53474e759ab9,
Execution Time for Trace ID 650f393a1e1d8117d57f53474e759ab9: 36 ms
Cold Start: false
Unique ID: 7ea053ec6780a64e9cfc4da9b87cdf2c,
Execution Time for Trace ID 7ea053ec6780a64e9cfc4da9b87cdf2c: 35 ms
Cold Start: false
Unique ID: 0d58d0b59d3368a0e46669c1eb52df34,
Execution Time for Trace ID 0d58d0b59d3368a0e46669c1eb52df34: 112 ms
Cold Start: false
Unique ID: 2f7a3df75dcf18f99141716c100b8b87,
Execution Time for Trace ID 2f7a3df75dcf18f99141716c100b8b87: 182 ms
Cold Start: false
Unique ID: 7e8fabe29e8fb9185c46a2429329f57d,
Execution Time for Trace ID 7e8fabe29e8fb9185c46a2429329f57d: 42 ms
Cold Start: false
Unique ID: 84572a49a20252e3003dfd657088512d,
Execution Time for Trace ID 84572a49a20252e3003dfd657088512d: 34 ms
Cold Start: false
Unique ID: d25a20a020a11f04aacddc9daf3ee218,
Execution Time for Trace ID d25a20a020a11f04aacddc9daf3ee218: 113 ms
Cold Start: false
Unique ID: 39f33c2cd8b9ed19121f96239f8d4e10,
Execution Time for Trace ID 39f33c2cd8b9ed19121f96239f8d4e10: 168 ms
Cold Start: false
Unique ID: f833dfa6550791534ef38e7899d782e7,
Execution Time for Trace ID f833dfa6550791534ef38e7899d782e7: 33 ms
Cold Start: false
Unique ID: d2c163ff9055f38a6b8c916cff4c10ae,
Execution Time for Trace ID d2c163ff9055f38a6b8c916cff4c10ae: 41 ms
Cold Start: false
Unique ID: c854c6ed6498acf0e1e555eada3b8253,
Execution Time for Trace ID c854c6ed6498acf0e1e555eada3b8253: 57 ms
Cold Start: false
Unique ID: 868a1617d3f4ee7df5701b0e08cd7517,
Execution Time for Trace ID 868a1617d3f4ee7df5701b0e08cd7517: 104 ms
Cold Start: false
Unique ID: b8f10cdcab9c811a8fb803bdc1c62775,
Execution Time for Trace ID b8f10cdcab9c811a8fb803bdc1c62775: 40 ms
Cold Start: false
Unique ID: 105c8ef3da1c464b5b23158b54f3f4ee,
Execution Time for Trace ID 105c8ef3da1c464b5b23158b54f3f4ee: 49 ms
Cold Start: false
Unique ID: f5b7f16dbcc8150537ab3391d1403e50,
Execution Time for Trace ID f5b7f16dbcc8150537ab3391d1403e50: 113 ms
Cold Start: false
Unique ID: b312bb23f5b97c59e546d815cf190f06,
Execution Time for Trace ID b312bb23f5b97c59e546d815cf190f06: 105 ms
Cold Start: false
Unique ID: 4e68bb1f8adf82737182dfb2438b9706,
Execution Time for Trace ID 4e68bb1f8adf82737182dfb2438b9706: 34 ms
Cold Start: false
Unique ID: c55d2271e2fdd65e47bc11d02e92f288,
Execution Time for Trace ID c55d2271e2fdd65e47bc11d02e92f288: 54 ms
Cold Start: false
Unique ID: 7da5debbb20065f8806be4b4a2c005dc,
Execution Time for Trace ID 7da5debbb20065f8806be4b4a2c005dc: 189 ms
Cold Start: false
Unique ID: 0992330104f8f350330b8fb37513530a,
Execution Time for Trace ID 0992330104f8f350330b8fb37513530a: 186 ms
Cold Start: false
Unique ID: 863cd14be5f371c388f638ed5c173465,
Execution Time for Trace ID 863cd14be5f371c388f638ed5c173465: 39 ms
Cold Start: false
Unique ID: 8e0c2bf58d8d46fb6f35645c5fcca6d7,
Execution Time for Trace ID 8e0c2bf58d8d46fb6f35645c5fcca6d7: 37 ms
Cold Start: false
Unique ID: 2b693835314596e388ae74ef9a3c62cb,
Execution Time for Trace ID 2b693835314596e388ae74ef9a3c62cb: 113 ms
Cold Start: false
Unique ID: cc438896c449207512dd92fdf28e77ca,
Execution Time for Trace ID cc438896c449207512dd92fdf28e77ca: 100 ms
Cold Start: false
Unique ID: 7b84b15aa3c2f9471b8b7e5ffb956676,
Execution Time for Trace ID 7b84b15aa3c2f9471b8b7e5ffb956676: 36 ms
Cold Start: false
Unique ID: 55507c627a15d69f4fb0ab4dcd66111b,
Execution Time for Trace ID 55507c627a15d69f4fb0ab4dcd66111b: 40 ms
Cold Start: false
Unique ID: fe1a403bfcb0d9121cc6e7ff77398927,
Execution Time for Trace ID fe1a403bfcb0d9121cc6e7ff77398927: 106 ms
Cold Start: false
Unique ID: 3059968111724e0d762adcd5f8b740e7,
Execution Time for Trace ID 3059968111724e0d762adcd5f8b740e7: 110 ms
Cold Start: false
Unique ID: 943b0f27e07c368570421b7d79fb17c8,
Execution Time for Trace ID 943b0f27e07c368570421b7d79fb17c8: 38 ms
Cold Start: false
Unique ID: 6c2204c13e6f51b3d8d415522d35d4aa,
Execution Time for Trace ID 6c2204c13e6f51b3d8d415522d35d4aa: 107 ms
Cold Start: false
Unique ID: 9be8cafd3c83435f412be87cfee49f01,
Execution Time for Trace ID 9be8cafd3c83435f412be87cfee49f01: 69 ms
Cold Start: false
Unique ID: a0c20ffa621e94e4836f418fdcd0f497,
Execution Time for Trace ID a0c20ffa621e94e4836f418fdcd0f497: 183 ms
Cold Start: false
Unique ID: ff852e454a6ab09fa3415145ebb67d7f,
Execution Time for Trace ID ff852e454a6ab09fa3415145ebb67d7f: 38 ms
Cold Start: false
Unique ID: 733701baeafeab54e38e9bb3be6db8bb,
Execution Time for Trace ID 733701baeafeab54e38e9bb3be6db8bb: 37 ms
Cold Start: false
Unique ID: f5c128675484a000287c1660dc76da46,
Execution Time for Trace ID f5c128675484a000287c1660dc76da46: 110 ms
Cold Start: false
Unique ID: 497850e6675c47120e490533b341504c,
Execution Time for Trace ID 497850e6675c47120e490533b341504c: 96 ms
Cold Start: false
Unique ID: 24d5a30586675dc0d205f4d2c0515139,
Execution Time for Trace ID 24d5a30586675dc0d205f4d2c0515139: 88 ms
Cold Start: false
Unique ID: 73e47173754fc98f6313be39758a8578,
Execution Time for Trace ID 73e47173754fc98f6313be39758a8578: 117 ms
Cold Start: false
Unique ID: c05194bf79bee714ddb8303e3e4ec803,
Execution Time for Trace ID c05194bf79bee714ddb8303e3e4ec803: 46 ms
Cold Start: false
Unique ID: 869ed2ac572325f6b7b0fe2af1dd2839,
Execution Time for Trace ID 869ed2ac572325f6b7b0fe2af1dd2839: 106 ms
Cold Start: false
Unique ID: 64418cea2f6eb1679feaf74620590f40,
Execution Time for Trace ID 64418cea2f6eb1679feaf74620590f40: 56 ms
Cold Start: false
Unique ID: 12a8cc83b2192305f408188374db6f9a,
Execution Time for Trace ID 12a8cc83b2192305f408188374db6f9a: 89 ms
Cold Start: false
Unique ID: 230da3687e5ae11430cf8dac6084ecbb,
Execution Time for Trace ID 230da3687e5ae11430cf8dac6084ecbb: 52 ms
Cold Start: false
Unique ID: 3bb2964f1b803086561388d762ff7080,
Execution Time for Trace ID 3bb2964f1b803086561388d762ff7080: 95 ms
Cold Start: false
Unique ID: e34ffe39e091d8b9baeaa13fb150058b,
Execution Time for Trace ID e34ffe39e091d8b9baeaa13fb150058b: 29 ms
Cold Start: false
Unique ID: 98469b304d720c1fc68dc847d8f5b1a8,
Execution Time for Trace ID 98469b304d720c1fc68dc847d8f5b1a8: 30 ms
Cold Start: false
Unique ID: 8e784676ef1684f99bb5532d56c72fab,
Execution Time for Trace ID 8e784676ef1684f99bb5532d56c72fab: 113 ms
Cold Start: false
Unique ID: 90b49897c1be092107909ab8c65b28aa,
Execution Time for Trace ID 90b49897c1be092107909ab8c65b28aa: 94 ms
Cold Start: false
Unique ID: 7da8c66766a88ec1337b1084de23d69e,
Execution Time for Trace ID 7da8c66766a88ec1337b1084de23d69e: 35 ms
Cold Start: false
Unique ID: 50f9b9e17e5ef245afd0be524114ecc5,
Execution Time for Trace ID 50f9b9e17e5ef245afd0be524114ecc5: 36 ms
Cold Start: false
Unique ID: e32e406351dd2be4f21d993539c594ae,
Execution Time for Trace ID e32e406351dd2be4f21d993539c594ae: 191 ms
Cold Start: false
Unique ID: 5091fea0103a0cecf3e3e0d813e2b63b,
Execution Time for Trace ID 5091fea0103a0cecf3e3e0d813e2b63b: 108 ms
Cold Start: false
Unique ID: 0e08dc5bb803932549b813b78cdbeb5e,
Execution Time for Trace ID 0e08dc5bb803932549b813b78cdbeb5e: 33 ms
Cold Start: false
Unique ID: dc0d5c9832bce82c80068f0354ce6680,
Execution Time for Trace ID dc0d5c9832bce82c80068f0354ce6680: 97 ms
Cold Start: false
Unique ID: 4f19d260259e750d1517b63932d72e2f,
Execution Time for Trace ID 4f19d260259e750d1517b63932d72e2f: 137 ms
Cold Start: false
Unique ID: e7f7249363c00e1641fc86979709a008,
Execution Time for Trace ID e7f7249363c00e1641fc86979709a008: 112 ms
Cold Start: false
Unique ID: e5389a5b363b6cab491779e2092adf1d,
Execution Time for Trace ID e5389a5b363b6cab491779e2092adf1d: 38 ms
Cold Start: false
Unique ID: 02800b4223f53e64b3d8a5b93750c42d,
Execution Time for Trace ID 02800b4223f53e64b3d8a5b93750c42d: 41 ms
Cold Start: false
Unique ID: 4a0eb764ffbef2301c68168cbab64d76,
Execution Time for Trace ID 4a0eb764ffbef2301c68168cbab64d76: 111 ms
Cold Start: false
Unique ID: 4c858d019147d64d701e59048402306c,
Execution Time for Trace ID 4c858d019147d64d701e59048402306c: 109 ms
Cold Start: false
Unique ID: 9257eb3f44017b6c3468523adc2cae27,
Execution Time for Trace ID 9257eb3f44017b6c3468523adc2cae27: 40 ms
Cold Start: false
Unique ID: c92cd2449586a5b4cdf550042b61631e,
Execution Time for Trace ID c92cd2449586a5b4cdf550042b61631e: 49 ms
Cold Start: false
Unique ID: 6e4fdb2dd555652147d3a9cf794e1a6c,
Execution Time for Trace ID 6e4fdb2dd555652147d3a9cf794e1a6c: 188 ms
Cold Start: false
Unique ID: 839b83f18ee5d442f98bda944731118d,
Execution Time for Trace ID 839b83f18ee5d442f98bda944731118d: 202 ms
Cold Start: false
Unique ID: f3953ba57e9678ef808dfbd41021fa7f,
Execution Time for Trace ID f3953ba57e9678ef808dfbd41021fa7f: 41 ms
Cold Start: false
Unique ID: b06b81407f3f2498f16ba267148fa2c5,
Execution Time for Trace ID b06b81407f3f2498f16ba267148fa2c5: 39 ms
Cold Start: false
Unique ID: 5a99d72d8007eaf0c13198c7903ada6d,
Execution Time for Trace ID 5a99d72d8007eaf0c13198c7903ada6d: 117 ms
Cold Start: false
Unique ID: 5b876e8ca67d14fdbc85400088e7a182,
Execution Time for Trace ID 5b876e8ca67d14fdbc85400088e7a182: 111 ms
Cold Start: false
Unique ID: b8ca28cf83ddd100cf91384afe8538c9,
Execution Time for Trace ID b8ca28cf83ddd100cf91384afe8538c9: 35 ms
Cold Start: false
Unique ID: 7a7c6fccd38360a084cdd2e0ec8a6f5d,
Execution Time for Trace ID 7a7c6fccd38360a084cdd2e0ec8a6f5d: 36 ms
Cold Start: false
Unique ID: 4a6b0e6840d3ba40506e03fc2e1429c9,
Execution Time for Trace ID 4a6b0e6840d3ba40506e03fc2e1429c9: 108 ms
Cold Start: false
Unique ID: 7a074b9790f5f3ab1392fa5a5abfd9b6,
Execution Time for Trace ID 7a074b9790f5f3ab1392fa5a5abfd9b6: 109 ms
Cold Start: false
Unique ID: ac143fb9ab5d0d10f8af8a161f82b4bc,
Execution Time for Trace ID ac143fb9ab5d0d10f8af8a161f82b4bc: 33 ms
Cold Start: false
Unique ID: 13893620fa345f81054b2e03569a50c6,
Execution Time for Trace ID 13893620fa345f81054b2e03569a50c6: 96 ms
Cold Start: false
Unique ID: 615567a5095d2523894584501e5d73d0,
Execution Time for Trace ID 615567a5095d2523894584501e5d73d0: 159 ms
Cold Start: false
Unique ID: 7816a9860d1b2d543876ebdb6c6c271f,
Execution Time for Trace ID 7816a9860d1b2d543876ebdb6c6c271f: 194 ms
Cold Start: false
Unique ID: 7a77eb3c0c4fc7bcd0b844faa3907172,
Execution Time for Trace ID 7a77eb3c0c4fc7bcd0b844faa3907172: 39 ms
Cold Start: false
Unique ID: f6c1a88c14f4110a963c9dc59ba7704b,
Execution Time for Trace ID f6c1a88c14f4110a963c9dc59ba7704b: 46 ms
Cold Start: false
Unique ID: bbeb91419ccd846511c159f286970d4e,
Execution Time for Trace ID bbeb91419ccd846511c159f286970d4e: 110 ms
Cold Start: false
Unique ID: 751c5bc8c04bfc00f4db221bf432b141,
Execution Time for Trace ID 751c5bc8c04bfc00f4db221bf432b141: 184 ms
Cold Start: false
Unique ID: ca41f3118adebeed353bd6d1fb421216,
Execution Time for Trace ID ca41f3118adebeed353bd6d1fb421216: 34 ms
Cold Start: false
Unique ID: ece10cbe6e506e58524973f29905af58,
Execution Time for Trace ID ece10cbe6e506e58524973f29905af58: 40 ms
Cold Start: false
Unique ID: 6da7a1ecb2313c49881d537edac361b3,
Execution Time for Trace ID 6da7a1ecb2313c49881d537edac361b3: 118 ms
Cold Start: false
Unique ID: e46463f64c68097caea197af7a6b5634,
Execution Time for Trace ID e46463f64c68097caea197af7a6b5634: 185 ms
Cold Start: false
Unique ID: b67cdf6619ec14f4d8fcd9d46a444f87,
Execution Time for Trace ID b67cdf6619ec14f4d8fcd9d46a444f87: 35 ms
Cold Start: false
Unique ID: 4af88b3e3af0d50b344a7f824b298549,
Execution Time for Trace ID 4af88b3e3af0d50b344a7f824b298549: 125 ms
Cold Start: false
Unique ID: 31730f37a2c97029b25217472faad0b0,
Execution Time for Trace ID 31730f37a2c97029b25217472faad0b0: 119 ms
Cold Start: false
Unique ID: 011bcd1523020e3a4ff51e9e0028f889,
Execution Time for Trace ID 011bcd1523020e3a4ff51e9e0028f889: 94 ms
Cold Start: false
Unique ID: 4eb5c378584601f6418415621296fe68,
Execution Time for Trace ID 4eb5c378584601f6418415621296fe68: 55 ms
Cold Start: false
Unique ID: 3fa2c3ada292204b973c5b89bff26b1a,
Execution Time for Trace ID 3fa2c3ada292204b973c5b89bff26b1a: 91 ms
Cold Start: false
Unique ID: 2dee7b8e25fd374d78bb6213c78a0b58,
Execution Time for Trace ID 2dee7b8e25fd374d78bb6213c78a0b58: 153 ms
Cold Start: false
Unique ID: 33c770e9c81558950797ede6f744d7ae,
Execution Time for Trace ID 33c770e9c81558950797ede6f744d7ae: 98 ms
Cold Start: false
Unique ID: 925cda480dd72aea436cf4d806477f4f,
Execution Time for Trace ID 925cda480dd72aea436cf4d806477f4f: 39 ms
Cold Start: false
Unique ID: 92b2aac8d9bfb54840f63af7b75e57a1,
Execution Time for Trace ID 92b2aac8d9bfb54840f63af7b75e57a1: 38 ms
Cold Start: false
Unique ID: 948291fc2fefe6d261453e39fb92a386,
Execution Time for Trace ID 948291fc2fefe6d261453e39fb92a386: 106 ms
Cold Start: false
Unique ID: f79f9071cf8bfd9df8cdeb9ebec80d75,
Execution Time for Trace ID f79f9071cf8bfd9df8cdeb9ebec80d75: 82 ms
Cold Start: false
Unique ID: 60037f12dfaef6d9c87f5e1b188df781,
Execution Time for Trace ID 60037f12dfaef6d9c87f5e1b188df781: 39 ms
Cold Start: false
Unique ID: 599229c4b67a3d25c68bbc8ec3b53b67,
Execution Time for Trace ID 599229c4b67a3d25c68bbc8ec3b53b67: 38 ms
Cold Start: false
Unique ID: 98bef23aa62468f84af2221232ac4312,
Execution Time for Trace ID 98bef23aa62468f84af2221232ac4312: 115 ms
Cold Start: false
Unique ID: d8f539cee25ba06c15ad85c1a1de42d9,
Execution Time for Trace ID d8f539cee25ba06c15ad85c1a1de42d9: 86 ms
Cold Start: false
Unique ID: 5115639e86cd190e969aa542e667f73f,
Execution Time for Trace ID 5115639e86cd190e969aa542e667f73f: 39 ms
Cold Start: false
Unique ID: 20a4870e74514fdbb4831850fce2b43d,
Execution Time for Trace ID 20a4870e74514fdbb4831850fce2b43d: 34 ms
Cold Start: false
Unique ID: 8f1be28243c9fc5ad27e89570fb87c23,
Execution Time for Trace ID 8f1be28243c9fc5ad27e89570fb87c23: 113 ms
Cold Start: false
Unique ID: 2485b9beb3426b21abf60a7ef3aa037c,
Execution Time for Trace ID 2485b9beb3426b21abf60a7ef3aa037c: 87 ms
Cold Start: false
Unique ID: 638abc5eb6f180dde7b85545fbf2b184,
Execution Time for Trace ID 638abc5eb6f180dde7b85545fbf2b184: 34 ms
Cold Start: false
Unique ID: 8a09d33fe843ed0b3e9f276a1cd463bd,
Execution Time for Trace ID 8a09d33fe843ed0b3e9f276a1cd463bd: 41 ms
Cold Start: false
Unique ID: 41ed1922bf27dfeebf490754e893a7d3,
Execution Time for Trace ID 41ed1922bf27dfeebf490754e893a7d3: 110 ms
Cold Start: false
Unique ID: 0f16678b94a33f61fec6cef978540e48,
Execution Time for Trace ID 0f16678b94a33f61fec6cef978540e48: 33 ms
Cold Start: false
Unique ID: c085dbbaab8b8aef99d913fb74aa287c,
Execution Time for Trace ID c085dbbaab8b8aef99d913fb74aa287c: 43 ms
Cold Start: false
Unique ID: 174ec091afd531e5ccc046e4ba52c71f,
Execution Time for Trace ID 174ec091afd531e5ccc046e4ba52c71f: 33 ms
Cold Start: false
Unique ID: 1729822409a1483e2050e46fa9717a77,
Execution Time for Trace ID 1729822409a1483e2050e46fa9717a77: 117 ms
Cold Start: false
Unique ID: a72b2e6b0c2eb03ae1cbc25822ce1441,
Execution Time for Trace ID a72b2e6b0c2eb03ae1cbc25822ce1441: 154 ms
Cold Start: false
Unique ID: 9bc370fce9908c15770fc5590ec9bfd1,
Execution Time for Trace ID 9bc370fce9908c15770fc5590ec9bfd1: 38 ms
Cold Start: false
Unique ID: 15302e0a4023c2744ededaeb11831477,
Execution Time for Trace ID 15302e0a4023c2744ededaeb11831477: 41 ms
Cold Start: false
Unique ID: 2262a51cefe0ba9310839e407a382633,
Execution Time for Trace ID 2262a51cefe0ba9310839e407a382633: 102 ms
Cold Start: false
Unique ID: 3f36f0a974953b5f292552bb32659694,
Execution Time for Trace ID 3f36f0a974953b5f292552bb32659694: 109 ms
Cold Start: false
Unique ID: 29623864f63b72e16d705c728800fdf8,
Execution Time for Trace ID 29623864f63b72e16d705c728800fdf8: 35 ms
Cold Start: false
Unique ID: 724752f5d5f02ebebe6719b5e6f9fc1a,
Execution Time for Trace ID 724752f5d5f02ebebe6719b5e6f9fc1a: 36 ms
Cold Start: false
Unique ID: bb585f19bd42cb8cb827b276d79d7d51,
Execution Time for Trace ID bb585f19bd42cb8cb827b276d79d7d51: 78 ms
Cold Start: false
Unique ID: d625e60d0d23b692082526e02f43abd7,
Execution Time for Trace ID d625e60d0d23b692082526e02f43abd7: 112 ms
Cold Start: false
Unique ID: 5e11769d48cb305d299233a46e38165a,
Execution Time for Trace ID 5e11769d48cb305d299233a46e38165a: 35 ms
Cold Start: false
Unique ID: a081fba8079da8cda75a63a296198298,
Execution Time for Trace ID a081fba8079da8cda75a63a296198298: 37 ms
Cold Start: false
Unique ID: b0bf72d63573ee927b73b48192e838c0,
Execution Time for Trace ID b0bf72d63573ee927b73b48192e838c0: 116 ms
Cold Start: false
Unique ID: 47f563c0a6b05939b2c7aa903d924301,
Execution Time for Trace ID 47f563c0a6b05939b2c7aa903d924301: 115 ms
Cold Start: false
Unique ID: e662dffb7fc4c61a367493a87afab896,
Execution Time for Trace ID e662dffb7fc4c61a367493a87afab896: 41 ms
Cold Start: false
Unique ID: 197f62d6b2879bd6fddf18ebb57e55db,
Execution Time for Trace ID 197f62d6b2879bd6fddf18ebb57e55db: 42 ms
Cold Start: false
Unique ID: 29502fbfdfc5db7ce27efb2d68d41304,
Execution Time for Trace ID 29502fbfdfc5db7ce27efb2d68d41304: 117 ms
Cold Start: false
Unique ID: ba5e9284ccd00447b23945768e890cb9,
Execution Time for Trace ID ba5e9284ccd00447b23945768e890cb9: 113 ms
Cold Start: false
Unique ID: 4339ba346d9d499637a5ec9fef0a874e,
Execution Time for Trace ID 4339ba346d9d499637a5ec9fef0a874e: 32 ms
Cold Start: false
Unique ID: 373ab8a65971f03053b680a6eea946e7,
Execution Time for Trace ID 373ab8a65971f03053b680a6eea946e7: 97 ms
Cold Start: false
Unique ID: bd9b5da719e750f5c2c6a7e4bc711b55,
Execution Time for Trace ID bd9b5da719e750f5c2c6a7e4bc711b55: 153 ms
Cold Start: false
Unique ID: 6c4d014b6b7ca45e8160b8aceee694d2,
Execution Time for Trace ID 6c4d014b6b7ca45e8160b8aceee694d2: 108 ms
Cold Start: false
Unique ID: 06398e1e5cc7738b89e78d05334042f9,
Execution Time for Trace ID 06398e1e5cc7738b89e78d05334042f9: 41 ms
Cold Start: false
Unique ID: 97dbf08034241305143725336f549df8,
Execution Time for Trace ID 97dbf08034241305143725336f549df8: 32 ms
Cold Start: false
Unique ID: 9f25ee9ef1f08bd7143725336f5492d5,
Execution Time for Trace ID 9f25ee9ef1f08bd7143725336f5492d5: 112 ms
Cold Start: false
Unique ID: b35af4ea837adf11e25021c9779e1b33,
Execution Time for Trace ID b35af4ea837adf11e25021c9779e1b33: 110 ms
Cold Start: false
Unique ID: b14e2ec7ae727a93afe11aa9f1533a76,
Execution Time for Trace ID b14e2ec7ae727a93afe11aa9f1533a76: 40 ms
Cold Start: false
Unique ID: e736f9da77386dd6c0de3a9324425e64,
Execution Time for Trace ID e736f9da77386dd6c0de3a9324425e64: 42 ms
Cold Start: false
Unique ID: 8fb432be67f931cf4e5ab4a5407c517f,
Execution Time for Trace ID 8fb432be67f931cf4e5ab4a5407c517f: 108 ms
Cold Start: false
Unique ID: a2aaaf862f5dde9cfb9acd84f274e8e2,
Execution Time for Trace ID a2aaaf862f5dde9cfb9acd84f274e8e2: 108 ms
Cold Start: false
Unique ID: 657bb728a4c2ac22ba0a745655685e38,
Execution Time for Trace ID 657bb728a4c2ac22ba0a745655685e38: 39 ms
Cold Start: false
Unique ID: dd987391fd06826194c261341d37c22d,
Execution Time for Trace ID dd987391fd06826194c261341d37c22d: 35 ms
Cold Start: false
Unique ID: ca62f19e289384a135932047aebcfe1b,
Execution Time for Trace ID ca62f19e289384a135932047aebcfe1b: 189 ms
Cold Start: false
Unique ID: 4167af8b170701c299ccb984b4cd2f38,
Execution Time for Trace ID 4167af8b170701c299ccb984b4cd2f38: 102 ms
Cold Start: false
Unique ID: 69c5b6b1a4609fbcaf18bdd2f99505c4,
Execution Time for Trace ID 69c5b6b1a4609fbcaf18bdd2f99505c4: 37 ms
Cold Start: false
Unique ID: 94052a7878a5492b26a1524043fdec73,
Execution Time for Trace ID 94052a7878a5492b26a1524043fdec73: 90 ms
Cold Start: false
Unique ID: 6a7b446e63eb38fadfc6e2cc1dfe1917,
Execution Time for Trace ID 6a7b446e63eb38fadfc6e2cc1dfe1917: 36 ms
Cold Start: false
Unique ID: be01cffb8f6cd1646d0b46e790643a1b,
Execution Time for Trace ID be01cffb8f6cd1646d0b46e790643a1b: 106 ms
Cold Start: false
Unique ID: 2b463f9d3f9e57c20e512f60bd147afa,
Execution Time for Trace ID 2b463f9d3f9e57c20e512f60bd147afa: 41 ms
Cold Start: false
Unique ID: 85db6f77562a302cb11d7efba17f96bd,
Execution Time for Trace ID 85db6f77562a302cb11d7efba17f96bd: 130 ms
Cold Start: false
Unique ID: 8a70f6d3140e0a83cd4cbe476f8f6aae,
Execution Time for Trace ID 8a70f6d3140e0a83cd4cbe476f8f6aae: 200 ms
Cold Start: false
Unique ID: 5f5e693bd5e3784b098d9652e5227d84,
Execution Time for Trace ID 5f5e693bd5e3784b098d9652e5227d84: 107 ms
Cold Start: false
Unique ID: b565a56c9db693a8febfc5d8ebe9e96f,
Execution Time for Trace ID b565a56c9db693a8febfc5d8ebe9e96f: 39 ms
Cold Start: false
Unique ID: cd1ddf3e2424800d857c014b9f34e683,
Execution Time for Trace ID cd1ddf3e2424800d857c014b9f34e683: 36 ms
Cold Start: false
Unique ID: 020e6fa40592ac0e1b3aadbd300c0f9f,
Execution Time for Trace ID 020e6fa40592ac0e1b3aadbd300c0f9f: 122 ms
Cold Start: false
Unique ID: 6b72983d1e8c43de2e2091a87c1479a9,
Execution Time for Trace ID 6b72983d1e8c43de2e2091a87c1479a9: 97 ms
Cold Start: false
Unique ID: 8d81fd1f08bf1250dd18265dfbbcb7ec,
Execution Time for Trace ID 8d81fd1f08bf1250dd18265dfbbcb7ec: 75 ms
Cold Start: false
Unique ID: 5c2a8b2fd5e14f113fe0b1ac762fc65a,
Execution Time for Trace ID 5c2a8b2fd5e14f113fe0b1ac762fc65a: 40 ms
Cold Start: false
Unique ID: 636a3ef735f968fc1d7b1801f6b97405,
Execution Time for Trace ID 636a3ef735f968fc1d7b1801f6b97405: 92 ms
Cold Start: false
Unique ID: 4036c550db0bd04dd224cab557c28bc9,
Execution Time for Trace ID 4036c550db0bd04dd224cab557c28bc9: 87 ms
Cold Start: false
Unique ID: 208a46521d9471c57f6f4a3c9952c05a,
Execution Time for Trace ID 208a46521d9471c57f6f4a3c9952c05a: 32 ms
Cold Start: false
Unique ID: 7261414ddd82cf660854270c29651420,
Execution Time for Trace ID 7261414ddd82cf660854270c29651420: 28 ms
Cold Start: false
Unique ID: 50d30397a86d93d330c2cda473b54db3,
Execution Time for Trace ID 50d30397a86d93d330c2cda473b54db3: 99 ms
Cold Start: false
Unique ID: 597dcb3c35818fd01245a09c0e244fb1,
Execution Time for Trace ID 597dcb3c35818fd01245a09c0e244fb1: 186 ms
Cold Start: false
Unique ID: 3e0417b14f1bb6d9c796da7acbc5239b,
Execution Time for Trace ID 3e0417b14f1bb6d9c796da7acbc5239b: 37 ms
Cold Start: false
Unique ID: e1851508491d30b826daaf258e6c53bd,
Execution Time for Trace ID e1851508491d30b826daaf258e6c53bd: 44 ms
Cold Start: false
Unique ID: fb0bb5828949de781a6b9b9c50220124,
Execution Time for Trace ID fb0bb5828949de781a6b9b9c50220124: 114 ms
Cold Start: false
Unique ID: 92867238772a39943c19f9b04be7674c,
Execution Time for Trace ID 92867238772a39943c19f9b04be7674c: 101 ms
Cold Start: false
Unique ID: 8f7ddb98b0eff9e0df4647b3a314aad8,
Execution Time for Trace ID 8f7ddb98b0eff9e0df4647b3a314aad8: 101 ms
Cold Start: false
Unique ID: 221e9bc28e95b0f5de3cdacdcd72add9,
Execution Time for Trace ID 221e9bc28e95b0f5de3cdacdcd72add9: 170 ms
Cold Start: false
Unique ID: a43413d2c7fc89b2be54cae5bc559370,
Execution Time for Trace ID a43413d2c7fc89b2be54cae5bc559370: 200 ms
Cold Start: false
Unique ID: 6eccddb18389215d83c01de9dbd779ed,
Execution Time for Trace ID 6eccddb18389215d83c01de9dbd779ed: 185 ms
Cold Start: false
Unique ID: 5a61b94012121df7a6dbad3c4f83b19a,
Execution Time for Trace ID 5a61b94012121df7a6dbad3c4f83b19a: 51 ms
Cold Start: false
Unique ID: 8c9b4142aa5cf0086d47efae1c1ee6cf,
Execution Time for Trace ID 8c9b4142aa5cf0086d47efae1c1ee6cf: 48 ms
Cold Start: false
Unique ID: 0006ec123bde2fa536ff430d52a92a0e,
Execution Time for Trace ID 0006ec123bde2fa536ff430d52a92a0e: 195 ms
Cold Start: false
Unique ID: 0c0181e3da11344beb1918b4ed204cc1,
Execution Time for Trace ID 0c0181e3da11344beb1918b4ed204cc1: 198 ms
Cold Start: false
Unique ID: e5848d91755ddee00a8f662cbebd42ac,
Execution Time for Trace ID e5848d91755ddee00a8f662cbebd42ac: 50 ms
Cold Start: false
Unique ID: 259b7ed928e03c633a18b93bfd6b24fe,
Execution Time for Trace ID 259b7ed928e03c633a18b93bfd6b24fe: 105 ms
Cold Start: false
Unique ID: 18fced725091a6abba7c3b9648b536d7,
Execution Time for Trace ID 18fced725091a6abba7c3b9648b536d7: 153 ms
Cold Start: false
Unique ID: 3b9691e5406a5e2462c4e74eb714acb1,
Execution Time for Trace ID 3b9691e5406a5e2462c4e74eb714acb1: 190 ms
Cold Start: false
Unique ID: 46e2b3fdeeb27d69e878269194625b80,
Execution Time for Trace ID 46e2b3fdeeb27d69e878269194625b80: 137 ms
Cold Start: false
Unique ID: 1e373d9e8b1b34b8113025954f42a631,
Execution Time for Trace ID 1e373d9e8b1b34b8113025954f42a631: 40 ms
Cold Start: false
Unique ID: 6080c2acfb4e1e1697534a92459837da,
Execution Time for Trace ID 6080c2acfb4e1e1697534a92459837da: 189 ms
Cold Start: false
Unique ID: 9d3250ad07708bde5d678261aaabf36e,
Execution Time for Trace ID 9d3250ad07708bde5d678261aaabf36e: 99 ms
Cold Start: false
Unique ID: d94e367560ed22c03035286d4c60fcee,
Execution Time for Trace ID d94e367560ed22c03035286d4c60fcee: 40 ms
Cold Start: false
Unique ID: b34bd49099bae4d25d585edcb462a9fc,
Execution Time for Trace ID b34bd49099bae4d25d585edcb462a9fc: 40 ms
Cold Start: false
Unique ID: fbd771cca100f5662837acc665200720,
Execution Time for Trace ID fbd771cca100f5662837acc665200720: 188 ms
Cold Start: false
Unique ID: 4056151d22d2125f9e9d6a13cb85ef47,
Execution Time for Trace ID 4056151d22d2125f9e9d6a13cb85ef47: 108 ms
Cold Start: false
Unique ID: f95d32daac7890a29b5d485567ea2c7b,
Execution Time for Trace ID f95d32daac7890a29b5d485567ea2c7b: 40 ms
Cold Start: false
Unique ID: dbf6ceee098c210399f8504d208a43f5,
Execution Time for Trace ID dbf6ceee098c210399f8504d208a43f5: 58 ms
Cold Start: false
Unique ID: 6e584c0e943d5f8b502d2e6cda2524b8,
Execution Time for Trace ID 6e584c0e943d5f8b502d2e6cda2524b8: 194 ms
Cold Start: false
Unique ID: 977731610e1ceb483fb9e5fe7b544124,
Execution Time for Trace ID 977731610e1ceb483fb9e5fe7b544124: 181 ms
Cold Start: false
Unique ID: 383774e443a3e9d4d706605f6005a3df,
Execution Time for Trace ID 383774e443a3e9d4d706605f6005a3df: 41 ms
Cold Start: false
Unique ID: 24deddff72cf2fc3da43727617cba1c1,
Execution Time for Trace ID 24deddff72cf2fc3da43727617cba1c1: 43 ms
Cold Start: false
Unique ID: a309b1fb25664dd10e5850210e1694c1,
Execution Time for Trace ID a309b1fb25664dd10e5850210e1694c1: 112 ms
Cold Start: false
Unique ID: f2984e70fe0aadb74bc0b76a75388caf,
Execution Time for Trace ID f2984e70fe0aadb74bc0b76a75388caf: 173 ms
Cold Start: false
Unique ID: 90694b2c457bc7be3cdcf329419c333a,
Execution Time for Trace ID 90694b2c457bc7be3cdcf329419c333a: 30 ms
Cold Start: false
Unique ID: 3631c9203d3b85df0ab8f61056e422a2,
Execution Time for Trace ID 3631c9203d3b85df0ab8f61056e422a2: 86 ms
Cold Start: false
Unique ID: d3db9e4c16da0af915bdbc0b49a5a36b,
Execution Time for Trace ID d3db9e4c16da0af915bdbc0b49a5a36b: 31 ms
Cold Start: false
Unique ID: 6d28e27b11f350002cd44c0db4a5b239,
Execution Time for Trace ID 6d28e27b11f350002cd44c0db4a5b239: 102 ms
Cold Start: false
Unique ID: b549f104da698cfb39b3b47781a6aa48,
Execution Time for Trace ID b549f104da698cfb39b3b47781a6aa48: 36 ms
Cold Start: false
Unique ID: be4ddc78a7895320127d01473e55ec40,
Execution Time for Trace ID be4ddc78a7895320127d01473e55ec40: 40 ms
Cold Start: false
Unique ID: e2a9db07e2d711a090e3654d63a7a5c2,
Execution Time for Trace ID e2a9db07e2d711a090e3654d63a7a5c2: 198 ms
Cold Start: false
Unique ID: 4b2431e919d4ed6988cd74b815d2bf09,
Execution Time for Trace ID 4b2431e919d4ed6988cd74b815d2bf09: 187 ms
Cold Start: false
Unique ID: b8b0813e26b669500d9ee7071b4d4fdb,
Execution Time for Trace ID b8b0813e26b669500d9ee7071b4d4fdb: 34 ms
Cold Start: false
Unique ID: effe0fafd5efa8bda55bac9b25c66814,
Execution Time for Trace ID effe0fafd5efa8bda55bac9b25c66814: 34 ms
Cold Start: false
Unique ID: 7c94f7fbe644d294cf5e64902eb23891,
Execution Time for Trace ID 7c94f7fbe644d294cf5e64902eb23891: 113 ms
Cold Start: false
Unique ID: e078e69133b763f69a5b9827fcaaa531,
Execution Time for Trace ID e078e69133b763f69a5b9827fcaaa531: 172 ms
Cold Start: false
Unique ID: d7c375a0a48f16595cb37d1833e63dd8,
Execution Time for Trace ID d7c375a0a48f16595cb37d1833e63dd8: 37 ms
Cold Start: false
Unique ID: c80e4310c9938c826c23837fa991167b,
Execution Time for Trace ID c80e4310c9938c826c23837fa991167b: 47 ms
Cold Start: false
Unique ID: 6a6aafe43ead30fb88b5d7bf5a177f67,
Execution Time for Trace ID 6a6aafe43ead30fb88b5d7bf5a177f67: 97 ms
Cold Start: false
Unique ID: e465ba89eb58d881f088253ed3f51798,
Execution Time for Trace ID e465ba89eb58d881f088253ed3f51798: 101 ms
Cold Start: false
Unique ID: 35b7e57ba59a482c6cc1ccbc14d0230a,
Execution Time for Trace ID 35b7e57ba59a482c6cc1ccbc14d0230a: 30 ms
Cold Start: false
Unique ID: d5e86c85c1724985bcfd1f861caf0a83,
Execution Time for Trace ID d5e86c85c1724985bcfd1f861caf0a83: 30 ms
Cold Start: false
Unique ID: 396a870ef197ce06340e035971c1d53b,
Execution Time for Trace ID 396a870ef197ce06340e035971c1d53b: 183 ms
Cold Start: false
Unique ID: 28c1cc38cd71a1258e37276fd478328a,
Execution Time for Trace ID 28c1cc38cd71a1258e37276fd478328a: 63 ms
Cold Start: false
Unique ID: 6f8fa385033d8d3a52f588ac59b8fd1c,
Execution Time for Trace ID 6f8fa385033d8d3a52f588ac59b8fd1c: 39 ms
Cold Start: false
Unique ID: e8985d92e9a9b533804fa37b1c3460cc,
Execution Time for Trace ID e8985d92e9a9b533804fa37b1c3460cc: 35 ms
Cold Start: false
Unique ID: d40ece7ec7a02ee1e63327fbf4946d6d,
Execution Time for Trace ID d40ece7ec7a02ee1e63327fbf4946d6d: 91 ms
Cold Start: false
Unique ID: ff8cdc15a335bcfdb63b520d7722f14e,
Execution Time for Trace ID ff8cdc15a335bcfdb63b520d7722f14e: 112 ms
Cold Start: false
Unique ID: 21e5cecc0688930f8e27b2083be8a34a,
Execution Time for Trace ID 21e5cecc0688930f8e27b2083be8a34a: 41 ms
Cold Start: false
Unique ID: e21940ef07c825f064d9cbd3d336d6f9,
Execution Time for Trace ID e21940ef07c825f064d9cbd3d336d6f9: 33 ms
Cold Start: false
Unique ID: 1843dfb8ae8d63501ca0f0af12e6a3af,
Execution Time for Trace ID 1843dfb8ae8d63501ca0f0af12e6a3af: 108 ms
Cold Start: false
Unique ID: 5f9fbe48725867206ba9344b7827e4a7,
Execution Time for Trace ID 5f9fbe48725867206ba9344b7827e4a7: 109 ms
Cold Start: false
Unique ID: 96f896c97e40d5b9e8e353d988490962,
Execution Time for Trace ID 96f896c97e40d5b9e8e353d988490962: 49 ms
Cold Start: false
Unique ID: a4a56040f8a278bfa01473c8df85b9ac,
Execution Time for Trace ID a4a56040f8a278bfa01473c8df85b9ac: 104 ms
Cold Start: false
Unique ID: bea89a68b5395e954a196a7f1ecd3b88,
Execution Time for Trace ID bea89a68b5395e954a196a7f1ecd3b88: 134 ms
Cold Start: false
Unique ID: 6ec8775b6faac6bdd64d65b2cd35e71f,
Execution Time for Trace ID 6ec8775b6faac6bdd64d65b2cd35e71f: 98 ms
Cold Start: false
Unique ID: ae28bd45a94cbf95e8a6a9ce0220f82f,
Execution Time for Trace ID ae28bd45a94cbf95e8a6a9ce0220f82f: 39 ms
Cold Start: false
Unique ID: 35dc263bffd408d3860b92decf3e77f5,
Execution Time for Trace ID 35dc263bffd408d3860b92decf3e77f5: 91 ms
Cold Start: false
Unique ID: 2025c5628367d42cbf15beafff251597,
Execution Time for Trace ID 2025c5628367d42cbf15beafff251597: 191 ms
Cold Start: false
Unique ID: a622e5869bf026414a5a9642f6b0098b,
Execution Time for Trace ID a622e5869bf026414a5a9642f6b0098b: 114 ms
Cold Start: false
Unique ID: 372175d58a9bbec5d73c0a30a93fc2cd,
Execution Time for Trace ID 372175d58a9bbec5d73c0a30a93fc2cd: 31 ms
Cold Start: false
Unique ID: de3f49e6c07192096ee4b924c37f0ecd,
Execution Time for Trace ID de3f49e6c07192096ee4b924c37f0ecd: 33 ms
Cold Start: false
Unique ID: f257041fe4240c72d776897d2a866a29,
Execution Time for Trace ID f257041fe4240c72d776897d2a866a29: 204 ms
Cold Start: false
Unique ID: 166ec35c985d222147cbd5cda61373d6,
Execution Time for Trace ID 166ec35c985d222147cbd5cda61373d6: 185 ms
Cold Start: false
Unique ID: 8116bf3321a853ef7b6949d713656b6a,
Execution Time for Trace ID 8116bf3321a853ef7b6949d713656b6a: 45 ms
Cold Start: false
Unique ID: acd2cfcc09979a3e42d7367c69e807d7,
Execution Time for Trace ID acd2cfcc09979a3e42d7367c69e807d7: 188 ms
Cold Start: false
Unique ID: 74c1fdfebf815d57c8797aed1469b9bf,
Execution Time for Trace ID 74c1fdfebf815d57c8797aed1469b9bf: 77 ms
Cold Start: false
Unique ID: 16c10662f0ee065ed004a019d1047d0c,
Execution Time for Trace ID 16c10662f0ee065ed004a019d1047d0c: 114 ms
Cold Start: false
Unique ID: 7d298e519a90d220ecaa0831ead021e2,
Execution Time for Trace ID 7d298e519a90d220ecaa0831ead021e2: 34 ms
Cold Start: false
Unique ID: c14ca6abc4d35f5b78cfd9dd996a3766,
Execution Time for Trace ID c14ca6abc4d35f5b78cfd9dd996a3766: 40 ms
Cold Start: false
Unique ID: 4fd975aaab0fff82ed746c4601e6cee5,
Execution Time for Trace ID 4fd975aaab0fff82ed746c4601e6cee5: 103 ms
Cold Start: false
Unique ID: df5ff08ba120e74a55f9cbe87de1975d,
Execution Time for Trace ID df5ff08ba120e74a55f9cbe87de1975d: 102 ms
Cold Start: false
Unique ID: f582b54bc39da492fa9e8b19702d7298,
Execution Time for Trace ID f582b54bc39da492fa9e8b19702d7298: 36 ms
Cold Start: false
Unique ID: af269fcdbf60d8678d8cbbcf91ad334d,
Execution Time for Trace ID af269fcdbf60d8678d8cbbcf91ad334d: 40 ms
Cold Start: false
Unique ID: 8bf49e5110c11e86f4209fc584371052,
Execution Time for Trace ID 8bf49e5110c11e86f4209fc584371052: 94 ms
Cold Start: false
Unique ID: 9ab8f760658aaeac264824a498c5cc30,
Execution Time for Trace ID 9ab8f760658aaeac264824a498c5cc30: 108 ms
Cold Start: false
Unique ID: acad80028c72113771bb8f62bc8f50cd,
Execution Time for Trace ID acad80028c72113771bb8f62bc8f50cd: 39 ms
Cold Start: false
Unique ID: 3398ef8bbb745201221e2cb22efcbe6f,
Execution Time for Trace ID 3398ef8bbb745201221e2cb22efcbe6f: 31 ms
Cold Start: false
Unique ID: b855577702cfeeca68ec954809dc3d5a,
Execution Time for Trace ID b855577702cfeeca68ec954809dc3d5a: 187 ms
Cold Start: false
Unique ID: f754b4ab8b4910ce087ca1c6facb52b5,
Execution Time for Trace ID f754b4ab8b4910ce087ca1c6facb52b5: 95 ms
Cold Start: false
Unique ID: 340261d16adaad75543ff6719110a092,
Execution Time for Trace ID 340261d16adaad75543ff6719110a092: 33 ms
Cold Start: false
Unique ID: ed8c1b70fdbf0a19b403629aa07e7721,
Execution Time for Trace ID ed8c1b70fdbf0a19b403629aa07e7721: 31 ms
Cold Start: false
Unique ID: 80f1de434a25a06cb7eb29940746468d,
Execution Time for Trace ID 80f1de434a25a06cb7eb29940746468d: 84 ms
Cold Start: false
Unique ID: c7068237f056d0bee523fb1bb69ee981,
Execution Time for Trace ID c7068237f056d0bee523fb1bb69ee981: 194 ms
Cold Start: false
Unique ID: d80704c759498e18de2adb4ac4d06b14,
Execution Time for Trace ID d80704c759498e18de2adb4ac4d06b14: 37 ms
Cold Start: false
Unique ID: 9ed1c1509ae7ebb26c3b31855eeed33d,
Execution Time for Trace ID 9ed1c1509ae7ebb26c3b31855eeed33d: 28 ms
Cold Start: false
Unique ID: fb3d6c92f410607005303969bfb55c32,
Execution Time for Trace ID fb3d6c92f410607005303969bfb55c32: 110 ms
Cold Start: false
Unique ID: 1aba700d7bd58f38756275648fef3098,
Execution Time for Trace ID 1aba700d7bd58f38756275648fef3098: 76 ms
Cold Start: false
Unique ID: b101965e9a93bd599c576d5fd6b6e5af,
Execution Time for Trace ID b101965e9a93bd599c576d5fd6b6e5af: 36 ms
Cold Start: false
Unique ID: 04b02089e9f66f10a91a3d85be8313e4,
Execution Time for Trace ID 04b02089e9f66f10a91a3d85be8313e4: 30 ms
Cold Start: false
Unique ID: 0a64351c3536faa8127dd32912115ee0,
Execution Time for Trace ID 0a64351c3536faa8127dd32912115ee0: 114 ms
Cold Start: false
Unique ID: 12558e39a0310abbe8aeb0a7d06edca4,
Execution Time for Trace ID 12558e39a0310abbe8aeb0a7d06edca4: 93 ms
Cold Start: false
Unique ID: e6569444ea720cd6f7dc9d444bda96af,
Execution Time for Trace ID e6569444ea720cd6f7dc9d444bda96af: 32 ms
Cold Start: false
Unique ID: 4f724236d10c8daac1bb9cabe77e4bf6,
Execution Time for Trace ID 4f724236d10c8daac1bb9cabe77e4bf6: 48 ms
Cold Start: false
Unique ID: 4ef2cab095c37a3b549775ebb1b36323,
Execution Time for Trace ID 4ef2cab095c37a3b549775ebb1b36323: 116 ms
Cold Start: false
Unique ID: bbb6ec94a53101fd3180dee514225209,
Execution Time for Trace ID bbb6ec94a53101fd3180dee514225209: 94 ms
Cold Start: false
Unique ID: 90d8e6fae0c37c9f71e719072eb5b0f6,
Execution Time for Trace ID 90d8e6fae0c37c9f71e719072eb5b0f6: 35 ms
Cold Start: false
Unique ID: ec36c738a851ac83af21d3ca2b99bb4b,
Execution Time for Trace ID ec36c738a851ac83af21d3ca2b99bb4b: 111 ms
Cold Start: false
Unique ID: 9765709a9c599ac73dc87893feb4f353,
Execution Time for Trace ID 9765709a9c599ac73dc87893feb4f353: 103 ms
Cold Start: false
Unique ID: 4f9cf345b3aebe1b6aa08f536b4b9e39,
Execution Time for Trace ID 4f9cf345b3aebe1b6aa08f536b4b9e39: 158 ms
Cold Start: false
Unique ID: 3a00d4f024834cd6a6793d408255d2ad,
Execution Time for Trace ID 3a00d4f024834cd6a6793d408255d2ad: 39 ms
Cold Start: false
Unique ID: 090ee9fdf3b129c4b9d562112dbe51af,
Execution Time for Trace ID 090ee9fdf3b129c4b9d562112dbe51af: 39 ms
Cold Start: false
Unique ID: 4b27e361331e17d820e8d9e6987ed515,
Execution Time for Trace ID 4b27e361331e17d820e8d9e6987ed515: 102 ms
Cold Start: false
Unique ID: 26f363879a3d7b7f8d9ca274b1468fcf,
Execution Time for Trace ID 26f363879a3d7b7f8d9ca274b1468fcf: 205 ms
Cold Start: false
Unique ID: 3b2d1765e03e3008dfeafadc1f3811c9,
Execution Time for Trace ID 3b2d1765e03e3008dfeafadc1f3811c9: 43 ms
Cold Start: false
Unique ID: 5273aabafc1235e742404d7d831629e9,
Execution Time for Trace ID 5273aabafc1235e742404d7d831629e9: 46 ms
Cold Start: false
Unique ID: 109c3d94fd388125ad25890c99ff9b65,
Execution Time for Trace ID 109c3d94fd388125ad25890c99ff9b65: 190 ms
Cold Start: false
Unique ID: b7d6968c8b9a0144f5c29ca33158df53,
Execution Time for Trace ID b7d6968c8b9a0144f5c29ca33158df53: 96 ms
Cold Start: false
Unique ID: 8645525a41e5fe79659e111014e7c611,
Execution Time for Trace ID 8645525a41e5fe79659e111014e7c611: 41 ms
Cold Start: false
Unique ID: a0691f39f9a8dc8854860f8dee892360,
Execution Time for Trace ID a0691f39f9a8dc8854860f8dee892360: 48 ms
Cold Start: false
Unique ID: f55d5246a5565043399a9f595f30e51a,
Execution Time for Trace ID f55d5246a5565043399a9f595f30e51a: 114 ms
Cold Start: false
Unique ID: f3ddc8ebbb18eb1ce8c9b456b5ebff18,
Execution Time for Trace ID f3ddc8ebbb18eb1ce8c9b456b5ebff18: 100 ms
Cold Start: false
Unique ID: dfada8b0952cb1b8573001ec9cad7cb8,
Execution Time for Trace ID dfada8b0952cb1b8573001ec9cad7cb8: 41 ms
Cold Start: false
Unique ID: 58553305845e4adca218eb217316a49f,
Execution Time for Trace ID 58553305845e4adca218eb217316a49f: 30 ms
Cold Start: false
Unique ID: 04d02fd8aee6467c20087446e9663678,
Execution Time for Trace ID 04d02fd8aee6467c20087446e9663678: 105 ms
Cold Start: false
Unique ID: 6b249f74f79466aa83b53068ee122e9f,
Execution Time for Trace ID 6b249f74f79466aa83b53068ee122e9f: 85 ms
Cold Start: false
Unique ID: 5ba9dbd5b3a1361ef59650b62003f3f6,
Execution Time for Trace ID 5ba9dbd5b3a1361ef59650b62003f3f6: 39 ms
Cold Start: false
Unique ID: 5490d7791a8230ae20133d9a34ed6b8a,
Execution Time for Trace ID 5490d7791a8230ae20133d9a34ed6b8a: 29 ms
Cold Start: false
Unique ID: 7b9f3d923c0cddf44b834f3f045a680f,
Execution Time for Trace ID 7b9f3d923c0cddf44b834f3f045a680f: 92 ms
Cold Start: false
Unique ID: e75addd245e665d8c925fe35de3ee13f,
Execution Time for Trace ID e75addd245e665d8c925fe35de3ee13f: 163 ms
Cold Start: false
Unique ID: fb09b7df52bca9541dba99f8bb90477c,
Execution Time for Trace ID fb09b7df52bca9541dba99f8bb90477c: 30 ms
Cold Start: false
Unique ID: e73228714bbee5ae25764fbee8af930f,
Execution Time for Trace ID e73228714bbee5ae25764fbee8af930f: 92 ms
Cold Start: false
Unique ID: b4f861b2b04dd6e83d0c0f8dece4fb20,
Execution Time for Trace ID b4f861b2b04dd6e83d0c0f8dece4fb20: 46 ms
Cold Start: false
Unique ID: df855f3f0e44f2c6eb3919802c87d663,
Execution Time for Trace ID df855f3f0e44f2c6eb3919802c87d663: 98 ms
Cold Start: false
Unique ID: 61edbd93ef2976e38fd7c347147fe67d,
Execution Time for Trace ID 61edbd93ef2976e38fd7c347147fe67d: 39 ms
Cold Start: false
Unique ID: 30716ba47e9ada9a504383f07ea1ac96,
Execution Time for Trace ID 30716ba47e9ada9a504383f07ea1ac96: 39 ms
Cold Start: false
Unique ID: 47be22b396726653451011e08853606b,
Execution Time for Trace ID 47be22b396726653451011e08853606b: 112 ms
Cold Start: false
Unique ID: 5e9392d489158b327e2cc46af07ee581,
Execution Time for Trace ID 5e9392d489158b327e2cc46af07ee581: 93 ms
Cold Start: false
Unique ID: a5298b685876ee7c20b8d8680031b158,
Execution Time for Trace ID a5298b685876ee7c20b8d8680031b158: 42 ms
Cold Start: false
Unique ID: 3234aacd691b2e32c00dc1608da31923,
Execution Time for Trace ID 3234aacd691b2e32c00dc1608da31923: 37 ms
Cold Start: false
Unique ID: 7e0aba64dd5e0e6c2b91ff78c05df83d,
Execution Time for Trace ID 7e0aba64dd5e0e6c2b91ff78c05df83d: 116 ms
Cold Start: false
Unique ID: c989ac5ac09eac265eb310027a43ed3e,
Execution Time for Trace ID c989ac5ac09eac265eb310027a43ed3e: 111 ms
Cold Start: false
Unique ID: 518f22859d8a0f562dd2780095ef8573,
Execution Time for Trace ID 518f22859d8a0f562dd2780095ef8573: 35 ms
Cold Start: false
Unique ID: a5fa2cadf504510dd5ea8c4b9ff24cdd,
Execution Time for Trace ID a5fa2cadf504510dd5ea8c4b9ff24cdd: 45 ms
Cold Start: false
Unique ID: fee69b4ba5843cf54182298b6a717996,
Execution Time for Trace ID fee69b4ba5843cf54182298b6a717996: 122 ms
Cold Start: false
Unique ID: 1e66f38e82543e2a7e64927473055e7d,
Execution Time for Trace ID 1e66f38e82543e2a7e64927473055e7d: 112 ms
Cold Start: false
Unique ID: 60a7237578af463082a1cea828abeff3,
Execution Time for Trace ID 60a7237578af463082a1cea828abeff3: 44 ms
Cold Start: false
Unique ID: 97b864277259980cba260084d43974ad,
Execution Time for Trace ID 97b864277259980cba260084d43974ad: 47 ms
Cold Start: false
Unique ID: 346e11d10198f671a6901a98b16361ef,
Execution Time for Trace ID 346e11d10198f671a6901a98b16361ef: 117 ms
Cold Start: false
Unique ID: 461cd37ae860caf9dd11bab380629dcc,
Execution Time for Trace ID 461cd37ae860caf9dd11bab380629dcc: 168 ms
Cold Start: false
Unique ID: 42534fdf537772c1204630546b382abf,
Execution Time for Trace ID 42534fdf537772c1204630546b382abf: 37 ms
Cold Start: false
Unique ID: de7d69c2b7ac7a1e857249fe41249751,
Execution Time for Trace ID de7d69c2b7ac7a1e857249fe41249751: 36 ms
Cold Start: false
Unique ID: 7862a84aa5994cce2641b57674f0a88f,
Execution Time for Trace ID 7862a84aa5994cce2641b57674f0a88f: 48 ms
Cold Start: false
Unique ID: 2676c51c8cd1b61a274375b4c7e0593a,
Execution Time for Trace ID 2676c51c8cd1b61a274375b4c7e0593a: 96 ms
Cold Start: false
Unique ID: 3730d99f5d8507b2c96bf0c647c0fdcc,
Execution Time for Trace ID 3730d99f5d8507b2c96bf0c647c0fdcc: 40 ms
Cold Start: false
Unique ID: acaf6ff5fcf0a88cb2041eba13985216,
Execution Time for Trace ID acaf6ff5fcf0a88cb2041eba13985216: 35 ms
Cold Start: false
Unique ID: f1d3d4681af5dbc561e723f646491cdf,
Execution Time for Trace ID f1d3d4681af5dbc561e723f646491cdf: 109 ms
Cold Start: false
Unique ID: 5b3c9b2077de398bf6963aac47fcaaae,
Execution Time for Trace ID 5b3c9b2077de398bf6963aac47fcaaae: 97 ms
Cold Start: false
Unique ID: 154bcbf826b7c775c4c5d8baf4312ebc,
Execution Time for Trace ID 154bcbf826b7c775c4c5d8baf4312ebc: 39 ms
Cold Start: false
Unique ID: 84827523ad3b919fdc17d0a45207df66,
Execution Time for Trace ID 84827523ad3b919fdc17d0a45207df66: 93 ms
Cold Start: false
Unique ID: 584f1bb89bd78ac0bbce0e678b13591f,
Execution Time for Trace ID 584f1bb89bd78ac0bbce0e678b13591f: 57 ms
Cold Start: false
Unique ID: 9b35171499ce68528c7fffa1ed39971d,
Execution Time for Trace ID 9b35171499ce68528c7fffa1ed39971d: 201 ms
Cold Start: false
Unique ID: a661e7642d6c3c287ecab723f9391b7b,
Execution Time for Trace ID a661e7642d6c3c287ecab723f9391b7b: 40 ms
Cold Start: false
Unique ID: b195a8575f2e356365d53a8abf4ad06e,
Execution Time for Trace ID b195a8575f2e356365d53a8abf4ad06e: 33 ms
Cold Start: false
Unique ID: 56fb6e07809dc75f4da7b3fd90a94829,
Execution Time for Trace ID 56fb6e07809dc75f4da7b3fd90a94829: 111 ms
Cold Start: false
Unique ID: 51d5dfb447b225bfcb8b6e17c5fc6548,
Execution Time for Trace ID 51d5dfb447b225bfcb8b6e17c5fc6548: 93 ms
Cold Start: false
Unique ID: 6cfde8531a3218ee402b4b9917d3e91a,
Execution Time for Trace ID 6cfde8531a3218ee402b4b9917d3e91a: 34 ms
Cold Start: false
Unique ID: 06b03ef1cbfab051ffbe46cfd505612f,
Execution Time for Trace ID 06b03ef1cbfab051ffbe46cfd505612f: 45 ms
Cold Start: false
Unique ID: 267367a563b08a1d12d5580a5c4871b0,
Execution Time for Trace ID 267367a563b08a1d12d5580a5c4871b0: 114 ms
Cold Start: false
Unique ID: c2fb1fb765da87e2025debd9a257a0d0,
Execution Time for Trace ID c2fb1fb765da87e2025debd9a257a0d0: 100 ms
Cold Start: false
Unique ID: 7448152e343b6fedbef12cea99930baf,
Execution Time for Trace ID 7448152e343b6fedbef12cea99930baf: 37 ms
Cold Start: false
Unique ID: 1d84a806f6a330166e2fe248902853e1,
Execution Time for Trace ID 1d84a806f6a330166e2fe248902853e1: 35 ms
Cold Start: false
Unique ID: 2e3f3ad782003d05531aee65993a4438,
Execution Time for Trace ID 2e3f3ad782003d05531aee65993a4438: 131 ms
Cold Start: false
Unique ID: 2b8fcd316af954fd95a1e878c6d58b96,
Execution Time for Trace ID 2b8fcd316af954fd95a1e878c6d58b96: 87 ms
Cold Start: false
Unique ID: 2a1f961765098bb55bcab3817d8222bb,
Execution Time for Trace ID 2a1f961765098bb55bcab3817d8222bb: 39 ms
Cold Start: false
Unique ID: 50bea571d46fdfcd316ef63ae8eb8061,
Execution Time for Trace ID 50bea571d46fdfcd316ef63ae8eb8061: 43 ms
Cold Start: false
Unique ID: 7e95c3d276b3026ef53c81b34bea131c,
Execution Time for Trace ID 7e95c3d276b3026ef53c81b34bea131c: 116 ms
Cold Start: false
Unique ID: a9509b6c6fede59b84aa23486b82be63,
Execution Time for Trace ID a9509b6c6fede59b84aa23486b82be63: 95 ms
Cold Start: false
Unique ID: 980ef2371bfd1aa66ab95a3ebee52fc6,
Execution Time for Trace ID 980ef2371bfd1aa66ab95a3ebee52fc6: 40 ms
Cold Start: false
Unique ID: 99a8adf4399b6b4bf1201964a210fed1,
Execution Time for Trace ID 99a8adf4399b6b4bf1201964a210fed1: 47 ms
Cold Start: false
Unique ID: 80a42e4c999cd35e512a1c88199473a7,
Execution Time for Trace ID 80a42e4c999cd35e512a1c88199473a7: 121 ms
Cold Start: false
Unique ID: b63661ece2d1ea5bc595072fb8777841,
Execution Time for Trace ID b63661ece2d1ea5bc595072fb8777841: 99 ms
Cold Start: false
Unique ID: 1664cce59dcd9847b371930ae91f0a29,
Execution Time for Trace ID 1664cce59dcd9847b371930ae91f0a29: 39 ms
Cold Start: false
Unique ID: 66c50853c4b6aad524112cd4dd87d987,
Execution Time for Trace ID 66c50853c4b6aad524112cd4dd87d987: 38 ms
Cold Start: false
Unique ID: 3adaa33bc339238c393060dc644a59fa,
Execution Time for Trace ID 3adaa33bc339238c393060dc644a59fa: 112 ms
Cold Start: false
Unique ID: 5b17e2c246807725f95e575f1f3857c4,
Execution Time for Trace ID 5b17e2c246807725f95e575f1f3857c4: 94 ms
Cold Start: false
Unique ID: 631ca0b5c64873f599b6676528c26f18,
Execution Time for Trace ID 631ca0b5c64873f599b6676528c26f18: 42 ms
Cold Start: false
Unique ID: f06396ff460664a612405edcfc0e7304,
Execution Time for Trace ID f06396ff460664a612405edcfc0e7304: 38 ms
Cold Start: false
Unique ID: 2a95d8f3df6291220a1185e9f18d7d43,
Execution Time for Trace ID 2a95d8f3df6291220a1185e9f18d7d43: 102 ms
Cold Start: false
Unique ID: 06dc1ff218b8c5962103bf53bd07cb03,
Execution Time for Trace ID 06dc1ff218b8c5962103bf53bd07cb03: 108 ms
Cold Start: false
Unique ID: 5a2a24726c8ea45b493bdf94228212b8,
Execution Time for Trace ID 5a2a24726c8ea45b493bdf94228212b8: 37 ms
Cold Start: false
Unique ID: e48d6a12a528208de6ba7c045730ac1c,
Execution Time for Trace ID e48d6a12a528208de6ba7c045730ac1c: 100 ms
Cold Start: false
Unique ID: c142ba910d4bad0a55bccef3f59f3684,
Execution Time for Trace ID c142ba910d4bad0a55bccef3f59f3684: 94 ms
Cold Start: false
Unique ID: e1c945aed335d95fdc0cea4306d79816,
Execution Time for Trace ID e1c945aed335d95fdc0cea4306d79816: 111 ms
Cold Start: false
Unique ID: 65f0c440795ea6812d7ac46f44b393f5,
Execution Time for Trace ID 65f0c440795ea6812d7ac46f44b393f5: 36 ms
Cold Start: false
Unique ID: f90210ad2779700c15c6f02c262bb94b,
Execution Time for Trace ID f90210ad2779700c15c6f02c262bb94b: 37 ms
Cold Start: false
Unique ID: d59752b03f9f1e6bd9ab443eb6364610,
Execution Time for Trace ID d59752b03f9f1e6bd9ab443eb6364610: 96 ms
Cold Start: false
Unique ID: 5fdb9d5bff850424e9763cc67a75020d,
Execution Time for Trace ID 5fdb9d5bff850424e9763cc67a75020d: 114 ms
Cold Start: false
Unique ID: 477459f5a0d4a46341b9920b7a42b307,
Execution Time for Trace ID 477459f5a0d4a46341b9920b7a42b307: 34 ms
Cold Start: false
Unique ID: 48161bb0d2ce990d273d28fc04e6c3e5,
Execution Time for Trace ID 48161bb0d2ce990d273d28fc04e6c3e5: 34 ms
Cold Start: false
Unique ID: 3fa41c99c4593c42bb31dd8b428c1782,
Execution Time for Trace ID 3fa41c99c4593c42bb31dd8b428c1782: 110 ms
Cold Start: false
Unique ID: 71508549fdb2d8dfd23c6d2c71412fed,
Execution Time for Trace ID 71508549fdb2d8dfd23c6d2c71412fed: 112 ms
Cold Start: false
Unique ID: 324436c85610138c3f05c4b619363340,
Execution Time for Trace ID 324436c85610138c3f05c4b619363340: 39 ms
Cold Start: false
Unique ID: d9a7f04f4de4030010d0656aee74d09d,
Execution Time for Trace ID d9a7f04f4de4030010d0656aee74d09d: 37 ms
Cold Start: false
Unique ID: e38b622a82c57774b30b4d13124e83a0,
Execution Time for Trace ID e38b622a82c57774b30b4d13124e83a0: 118 ms
Cold Start: false
Unique ID: 44f53aee095944decc8b7b108457cb4e,
Execution Time for Trace ID 44f53aee095944decc8b7b108457cb4e: 113 ms
Cold Start: false
Unique ID: d11c69f2300059ea3acbefc89e5f7e04,
Execution Time for Trace ID d11c69f2300059ea3acbefc89e5f7e04: 39 ms
Cold Start: false
Unique ID: 103ba17542fa83b84c4a5a96b64b8b7b,
Execution Time for Trace ID 103ba17542fa83b84c4a5a96b64b8b7b: 48 ms
Cold Start: false
Unique ID: b98291c81679ff895fdf991edf8e9d7b,
Execution Time for Trace ID b98291c81679ff895fdf991edf8e9d7b: 125 ms
Cold Start: false
Unique ID: b3fb04382f38f1ffa8277fff403afa66,
Execution Time for Trace ID b3fb04382f38f1ffa8277fff403afa66: 188 ms
Cold Start: false
Unique ID: 88b46ae98f677a1b6e0a531a89a15d98,
Execution Time for Trace ID 88b46ae98f677a1b6e0a531a89a15d98: 40 ms
Cold Start: false
Unique ID: e956b1fbdbf12a57edfa3827eb77a954,
Execution Time for Trace ID e956b1fbdbf12a57edfa3827eb77a954: 33 ms
Cold Start: false
Unique ID: 945e2cfdfdc571197c2d89e8a7fb2f6a,
Execution Time for Trace ID 945e2cfdfdc571197c2d89e8a7fb2f6a: 183 ms
Cold Start: false
Unique ID: e1411aeb1378fb7cf3783b27ad4f2b18,
Execution Time for Trace ID e1411aeb1378fb7cf3783b27ad4f2b18: 187 ms
Cold Start: false
Unique ID: 0dfc50153eb5c21f96313cd2c07d1f28,
Execution Time for Trace ID 0dfc50153eb5c21f96313cd2c07d1f28: 92 ms
Cold Start: false
Unique ID: 74f633ddfc289539f3fe0c43f8dc6e0d,
Execution Time for Trace ID 74f633ddfc289539f3fe0c43f8dc6e0d: 142 ms
Cold Start: false
Unique ID: 1ad6fa74899dcd5981a0a731e0ce32b0,
Execution Time for Trace ID 1ad6fa74899dcd5981a0a731e0ce32b0: 49 ms
Cold Start: false
Unique ID: 5bed459c6d224a71087f172ec260b180,
Execution Time for Trace ID 5bed459c6d224a71087f172ec260b180: 109 ms
Cold Start: false
Unique ID: 543f1c36803fdafd198a14257ecb6b71,
Execution Time for Trace ID 543f1c36803fdafd198a14257ecb6b71: 46 ms
Cold Start: false
Unique ID: 08f4ae572ba70a49e54aea33e8016993,
Execution Time for Trace ID 08f4ae572ba70a49e54aea33e8016993: 33 ms
Cold Start: false
Unique ID: 0500a99b52d086bee9f9f9714efa2291,
Execution Time for Trace ID 0500a99b52d086bee9f9f9714efa2291: 74 ms
Cold Start: false
Unique ID: d6f80a7694315390c4ffb48b41a4f75d,
Execution Time for Trace ID d6f80a7694315390c4ffb48b41a4f75d: 194 ms
Cold Start: false
Unique ID: efea0ed26fed219ae40e6d705842856d,
Execution Time for Trace ID efea0ed26fed219ae40e6d705842856d: 40 ms
Cold Start: false
Unique ID: ad4ad44b463c52fff15e39d890c2c97b,
Execution Time for Trace ID ad4ad44b463c52fff15e39d890c2c97b: 40 ms
Cold Start: false
Unique ID: 491d3f7003ddf2d5c86a4596a0c6ed9d,
Execution Time for Trace ID 491d3f7003ddf2d5c86a4596a0c6ed9d: 184 ms
Cold Start: false
Unique ID: c317189a04f2f09911470b730bfd1207,
Execution Time for Trace ID c317189a04f2f09911470b730bfd1207: 88 ms
Cold Start: false
Unique ID: 37306e5915f9d957978a06fbf7e5c0b1,
Execution Time for Trace ID 37306e5915f9d957978a06fbf7e5c0b1: 44 ms
Cold Start: false
Unique ID: e69145dc7a52747b1eb85daba57daa23,
Execution Time for Trace ID e69145dc7a52747b1eb85daba57daa23: 36 ms
Cold Start: false
Unique ID: 9c04d56e655f0f84096bb7f53c4fe0f0,
Execution Time for Trace ID 9c04d56e655f0f84096bb7f53c4fe0f0: 77 ms
Cold Start: false
Unique ID: f357b9ea65141d358da5be00d2c896e3,
Execution Time for Trace ID f357b9ea65141d358da5be00d2c896e3: 190 ms
Cold Start: false
Unique ID: 066909230ee99097dae0bdd3b4d64e36,
Execution Time for Trace ID 066909230ee99097dae0bdd3b4d64e36: 40 ms
Cold Start: false
Unique ID: 6b0a53ab1a42167d90b6f856a9bad836,
Execution Time for Trace ID 6b0a53ab1a42167d90b6f856a9bad836: 119 ms
Cold Start: false
Unique ID: 4fb7b93d6c59333a35488ca163da289a,
Execution Time for Trace ID 4fb7b93d6c59333a35488ca163da289a: 37 ms
Cold Start: false
Unique ID: 7dc6eb3e5b1becae3e3d5a0be0258ef3,
Execution Time for Trace ID 7dc6eb3e5b1becae3e3d5a0be0258ef3: 169 ms
Cold Start: false
Unique ID: f297828036e0d29c0fa6e682c6f79846,
Execution Time for Trace ID f297828036e0d29c0fa6e682c6f79846: 47 ms
Cold Start: false
Unique ID: 6ee8ee2e90c5f4cf4d0b841f89f57532,
Execution Time for Trace ID 6ee8ee2e90c5f4cf4d0b841f89f57532: 103 ms
Cold Start: false
Unique ID: cc14440a3c600a3a08926a41bdd92c20,
Execution Time for Trace ID cc14440a3c600a3a08926a41bdd92c20: 135 ms
Cold Start: false
Unique ID: d4ad8b79941b00980a376f524213ca03,
Execution Time for Trace ID d4ad8b79941b00980a376f524213ca03: 91 ms
Cold Start: false
Unique ID: f6a1738243c269a0a6dbd3ec53ad3597,
Execution Time for Trace ID f6a1738243c269a0a6dbd3ec53ad3597: 41 ms
Cold Start: false
Unique ID: 272283ab715d749c48c026375f3956dc,
Execution Time for Trace ID 272283ab715d749c48c026375f3956dc: 39 ms
Cold Start: false
Unique ID: 9bc104531ccfe28c00e8dca829dcb56b,
Execution Time for Trace ID 9bc104531ccfe28c00e8dca829dcb56b: 93 ms
Cold Start: false
Unique ID: 61d840a4643967b9faa8756e7bc583d4,
Execution Time for Trace ID 61d840a4643967b9faa8756e7bc583d4: 196 ms
Cold Start: false
Unique ID: 77f848f80b43d9bb6fb048ab07ae2180,
Execution Time for Trace ID 77f848f80b43d9bb6fb048ab07ae2180: 43 ms
Cold Start: false
Unique ID: 3439b09b13c86ab9675a5fa55da07150,
Execution Time for Trace ID 3439b09b13c86ab9675a5fa55da07150: 48 ms
Cold Start: false
Unique ID: 45e6ba32ad87c3bcdbffb404967fd68d,
Execution Time for Trace ID 45e6ba32ad87c3bcdbffb404967fd68d: 185 ms
Cold Start: false
Unique ID: 182d40f0e5eaaea82d977b74f51b7883,
Execution Time for Trace ID 182d40f0e5eaaea82d977b74f51b7883: 88 ms
Cold Start: false
Unique ID: dd82cf47bcede6bcfe887548af34c5d2,
Execution Time for Trace ID dd82cf47bcede6bcfe887548af34c5d2: 59 ms
Cold Start: false
Unique ID: 22c841a01f7b3b88179c6bb3c492507e,
Execution Time for Trace ID 22c841a01f7b3b88179c6bb3c492507e: 106 ms
Cold Start: false
Unique ID: 0d95681814104d7a6fb048ab07ae21df,
Execution Time for Trace ID 0d95681814104d7a6fb048ab07ae21df: 163 ms
Cold Start: false
Unique ID: 33681de49285a2e7f7aa95e540f22137,
Execution Time for Trace ID 33681de49285a2e7f7aa95e540f22137: 187 ms
Cold Start: false
Unique ID: acb7dc315469e3a2fd6ae00c7d6033d5,
Execution Time for Trace ID acb7dc315469e3a2fd6ae00c7d6033d5: 48 ms
Cold Start: false
Unique ID: 9dd794b176e5183b9555482e7a14f4ac,
Execution Time for Trace ID 9dd794b176e5183b9555482e7a14f4ac: 36 ms
Cold Start: false
Unique ID: a6c788a26378c24229ad6230971f3c3b,
Execution Time for Trace ID a6c788a26378c24229ad6230971f3c3b: 195 ms
Cold Start: false
Unique ID: f5d4fe1112a3e3a260621ae7a406e59a,
Execution Time for Trace ID f5d4fe1112a3e3a260621ae7a406e59a: 114 ms
Cold Start: false
Unique ID: 076d160a7413275ec05b780ef04513a5,
Execution Time for Trace ID 076d160a7413275ec05b780ef04513a5: 63 ms
Cold Start: false
Unique ID: 78af937212948248f7aa404e408db832,
Execution Time for Trace ID 78af937212948248f7aa404e408db832: 103 ms
Cold Start: false
Unique ID: aee6a5d5c9f9e1ea7f6ad1a7a22e4038,
Execution Time for Trace ID aee6a5d5c9f9e1ea7f6ad1a7a22e4038: 143 ms
Cold Start: false
Unique ID: 68bcf9c860fa92e0913423db2321650a,
Execution Time for Trace ID 68bcf9c860fa92e0913423db2321650a: 195 ms
Cold Start: false
Unique ID: 10af7bbb65b3715a2851d9ad96754e51,
Execution Time for Trace ID 10af7bbb65b3715a2851d9ad96754e51: 38 ms
Cold Start: false
Unique ID: 2efba09ecc2e5638c85c988034e0eb50,
Execution Time for Trace ID 2efba09ecc2e5638c85c988034e0eb50: 34 ms
Cold Start: false
Unique ID: ecad417f6f1d5603c4397090f6d4af4d,
Execution Time for Trace ID ecad417f6f1d5603c4397090f6d4af4d: 114 ms
Cold Start: false
Unique ID: 1c0cece9998016061f1d85fb5e28b40e,
Execution Time for Trace ID 1c0cece9998016061f1d85fb5e28b40e: 104 ms
Cold Start: false
Unique ID: 4d9045c73476f649104a484181b56fa4,
Execution Time for Trace ID 4d9045c73476f649104a484181b56fa4: 40 ms
Cold Start: false
Unique ID: e1601bbbb15670e3288b184a7dbf010b,
Execution Time for Trace ID e1601bbbb15670e3288b184a7dbf010b: 42 ms
Cold Start: false
Unique ID: 761f0442e0d3c0cb8f49679fc158328a,
Execution Time for Trace ID 761f0442e0d3c0cb8f49679fc158328a: 117 ms
Cold Start: false
Unique ID: 14c548025cd3d4a477a259790ed471c4,
Execution Time for Trace ID 14c548025cd3d4a477a259790ed471c4: 110 ms
Cold Start: false
Unique ID: ce394083a887c882a07fb2d24d9a88cf,
Execution Time for Trace ID ce394083a887c882a07fb2d24d9a88cf: 41 ms
Cold Start: false
Unique ID: 852aed1d7205f0681ccc6aa4bc2f5b21,
Execution Time for Trace ID 852aed1d7205f0681ccc6aa4bc2f5b21: 39 ms
Cold Start: false
Unique ID: 68fb72faf1cf719462db2c1c4bb08fb8,
Execution Time for Trace ID 68fb72faf1cf719462db2c1c4bb08fb8: 118 ms
Cold Start: false
Unique ID: 2ed69985364c77a33c27b8897d756070,
Execution Time for Trace ID 2ed69985364c77a33c27b8897d756070: 187 ms
Cold Start: false
Unique ID: a85107a8748f74fbdc352e1f297efba7,
Execution Time for Trace ID a85107a8748f74fbdc352e1f297efba7: 44 ms
Cold Start: false
Unique ID: 4cfba840c652159f1f75aa82b308657e,
Execution Time for Trace ID 4cfba840c652159f1f75aa82b308657e: 64 ms
Cold Start: false
Unique ID: 498ef6e7bd6849de5d99382ee8ca58cb,
Execution Time for Trace ID 498ef6e7bd6849de5d99382ee8ca58cb: 126 ms
Cold Start: false
Unique ID: b7cf5cf9bdc0cf5b01a0bfc5b8d5ffd6,
Execution Time for Trace ID b7cf5cf9bdc0cf5b01a0bfc5b8d5ffd6: 165 ms
Cold Start: false
Unique ID: d68c80bb7ee0dfc2b1df7e9d3672f0b9,
Execution Time for Trace ID d68c80bb7ee0dfc2b1df7e9d3672f0b9: 55 ms
Cold Start: false
Unique ID: 2956557dfdfe03c04879167aeeeff864,
Execution Time for Trace ID 2956557dfdfe03c04879167aeeeff864: 97 ms
Cold Start: false
Unique ID: 017273d94382ffe85e4d09550a4b7fbe,
Execution Time for Trace ID 017273d94382ffe85e4d09550a4b7fbe: 135 ms
Cold Start: false
Unique ID: 9ae46ad680bf677ac4beadf806a12513,
Execution Time for Trace ID 9ae46ad680bf677ac4beadf806a12513: 186 ms
Cold Start: false
Unique ID: 8292994c972a719d668163a1671819bc,
Execution Time for Trace ID 8292994c972a719d668163a1671819bc: 46 ms
Cold Start: false
Unique ID: 038cda5b2e750e49793c6c51ea1603fb,
Execution Time for Trace ID 038cda5b2e750e49793c6c51ea1603fb: 54 ms
Cold Start: false
Unique ID: 91eca55ac8eb1b99a2217e729e012ad9,
Execution Time for Trace ID 91eca55ac8eb1b99a2217e729e012ad9: 192 ms
Cold Start: false
Unique ID: 0cedc7db7fc26ce587c930f43083eb13,
Execution Time for Trace ID 0cedc7db7fc26ce587c930f43083eb13: 90 ms
Cold Start: false
Unique ID: 69b22fcaa270a049926efebe0697bd01,
Execution Time for Trace ID 69b22fcaa270a049926efebe0697bd01: 41 ms
Cold Start: false
Unique ID: 5b5b4b0f6579e2c48b1f9cda1356af32,
Execution Time for Trace ID 5b5b4b0f6579e2c48b1f9cda1356af32: 29 ms
Cold Start: false
Unique ID: ca7d44733f2b883171d235618d88de4e,
Execution Time for Trace ID ca7d44733f2b883171d235618d88de4e: 188 ms
Cold Start: false
Unique ID: 6978b87d44dfd882aed02ebf00a14f60,
Execution Time for Trace ID 6978b87d44dfd882aed02ebf00a14f60: 85 ms
Cold Start: false
Unique ID: 4e2b2883266126601bc68468b76b22d7,
Execution Time for Trace ID 4e2b2883266126601bc68468b76b22d7: 41 ms
Cold Start: false
Unique ID: 5aa0426cae96e265d979b794f24ce2d5,
Execution Time for Trace ID 5aa0426cae96e265d979b794f24ce2d5: 35 ms
Cold Start: false
Unique ID: 8647d78afe2a541bd859c3bc35fa8d47,
Execution Time for Trace ID 8647d78afe2a541bd859c3bc35fa8d47: 186 ms
Cold Start: false
Unique ID: fe7d27fefa0907bc73b9a93b4c9ad8c2,
Execution Time for Trace ID fe7d27fefa0907bc73b9a93b4c9ad8c2: 92 ms
Cold Start: false
Unique ID: d741cbe9f2bfb1d3ba6089951d081d6e,
Execution Time for Trace ID d741cbe9f2bfb1d3ba6089951d081d6e: 48 ms
Cold Start: false
Unique ID: 8c64e68da8b81e26b58b1158eecbf42a,
Execution Time for Trace ID 8c64e68da8b81e26b58b1158eecbf42a: 38 ms
Cold Start: false
Unique ID: 0adfcf5e6ac022dc9da79c7b7aa34419,
Execution Time for Trace ID 0adfcf5e6ac022dc9da79c7b7aa34419: 84 ms
Cold Start: false
Unique ID: dde395028d58fd7ac5783ca223c742bd,
Execution Time for Trace ID dde395028d58fd7ac5783ca223c742bd: 198 ms
Cold Start: false
Unique ID: 05382533711194fac9a79ecaa4d9b04c,
Execution Time for Trace ID 05382533711194fac9a79ecaa4d9b04c: 39 ms
Cold Start: false
Unique ID: 6cf5ee421f38fcf960a9731f9438e36d,
Execution Time for Trace ID 6cf5ee421f38fcf960a9731f9438e36d: 42 ms
Cold Start: false
Unique ID: 5f0ac409e0dc95a6fd84ef6f542f95fa,
Execution Time for Trace ID 5f0ac409e0dc95a6fd84ef6f542f95fa: 187 ms
Cold Start: false
Unique ID: 83e85b4344a8b09e41dea8da10878220,
Execution Time for Trace ID 83e85b4344a8b09e41dea8da10878220: 90 ms
Cold Start: false
Unique ID: 4abb351e99778c2ea1fd219cd1845746,
Execution Time for Trace ID 4abb351e99778c2ea1fd219cd1845746: 44 ms
Cold Start: false
Unique ID: d20a3bd17a144c1cd2cea3b4f5e70368,
Execution Time for Trace ID d20a3bd17a144c1cd2cea3b4f5e70368: 41 ms
Cold Start: false
Unique ID: 7199d0ef96fb645d85bfdc015273852c,
Execution Time for Trace ID 7199d0ef96fb645d85bfdc015273852c: 118 ms
Cold Start: false
Unique ID: 0b9cd5a7d262ff813e0fede266183984,
Execution Time for Trace ID 0b9cd5a7d262ff813e0fede266183984: 95 ms
Cold Start: false
Unique ID: e0783e087a83a26994567f04f10d1b41,
Execution Time for Trace ID e0783e087a83a26994567f04f10d1b41: 90 ms
Cold Start: false
Unique ID: d5dec5917acfdbec698dc688ff67f673,
Execution Time for Trace ID d5dec5917acfdbec698dc688ff67f673: 109 ms
Cold Start: false
Unique ID: 8cb066e7156a2848fa970ab946a2e7a3,
Execution Time for Trace ID 8cb066e7156a2848fa970ab946a2e7a3: 48 ms
Cold Start: false
Unique ID: 66dca2946f4f497b702959b1c6cb187f,
Execution Time for Trace ID 66dca2946f4f497b702959b1c6cb187f: 189 ms
Cold Start: false
Unique ID: 8e20a700d3b5b3ac2f3ae2dc239030ce,
Execution Time for Trace ID 8e20a700d3b5b3ac2f3ae2dc239030ce: 47 ms
Cold Start: false
Unique ID: 8b586a384c503217afa41e5589d3c324,
Execution Time for Trace ID 8b586a384c503217afa41e5589d3c324: 45 ms
Cold Start: false
Unique ID: 27aaf50eaf30eddbb5d40332f608d875,
Execution Time for Trace ID 27aaf50eaf30eddbb5d40332f608d875: 193 ms
Cold Start: false
Unique ID: b4232ec8754196de1d482650101de74c,
Execution Time for Trace ID b4232ec8754196de1d482650101de74c: 178 ms
Cold Start: false
Unique ID: 5f4ebbd7b161505b9536f0c442fbfdd5,
Execution Time for Trace ID 5f4ebbd7b161505b9536f0c442fbfdd5: 45 ms
Cold Start: false
Unique ID: f77705ba594797464897ad46157c7abc,
Execution Time for Trace ID f77705ba594797464897ad46157c7abc: 82 ms
Cold Start: false
Unique ID: 442bad69c3f8becc6c11b1b74a7dba66,
Execution Time for Trace ID 442bad69c3f8becc6c11b1b74a7dba66: 110 ms
Cold Start: false
Unique ID: 30731d2ea377d221a1b1138fbd565239,
Execution Time for Trace ID 30731d2ea377d221a1b1138fbd565239: 116 ms
Cold Start: false
Unique ID: 36269426bd69dc6baf91be5f9f65b973,
Execution Time for Trace ID 36269426bd69dc6baf91be5f9f65b973: 43 ms
Cold Start: false
Unique ID: 640c938e34f3600e5b13860ea0db0b39,
Execution Time for Trace ID 640c938e34f3600e5b13860ea0db0b39: 40 ms
Cold Start: false
Unique ID: 65d6f09c0ec23fde7bcd916e7a8b5b51,
Execution Time for Trace ID 65d6f09c0ec23fde7bcd916e7a8b5b51: 186 ms
Cold Start: false
Unique ID: 2b5264e1048314c58a8ca326855300dc,
Execution Time for Trace ID 2b5264e1048314c58a8ca326855300dc: 62 ms
Cold Start: false
Unique ID: 33bd3c8830cb0fea416347062e8a795f,
Execution Time for Trace ID 33bd3c8830cb0fea416347062e8a795f: 41 ms
Cold Start: false
Unique ID: b4a05ab38a5088d756d806b5ab1a292c,
Execution Time for Trace ID b4a05ab38a5088d756d806b5ab1a292c: 38 ms
Cold Start: false
Unique ID: 609f9743715e2bf80a837942c19483f3,
Execution Time for Trace ID 609f9743715e2bf80a837942c19483f3: 187 ms
Cold Start: false
Unique ID: f23001a66b1190537168b89ef8897e0d,
Execution Time for Trace ID f23001a66b1190537168b89ef8897e0d: 91 ms
Cold Start: false
Unique ID: a38fffb7080f2a744987a168c23468ef,
Execution Time for Trace ID a38fffb7080f2a744987a168c23468ef: 35 ms
Cold Start: false
Unique ID: 537d8182f7a5f78f669527adbe8d3d8e,
Execution Time for Trace ID 537d8182f7a5f78f669527adbe8d3d8e: 36 ms
Cold Start: false
Unique ID: e5abd7a2e81a8c97189b96169ded0fce,
Execution Time for Trace ID e5abd7a2e81a8c97189b96169ded0fce: 112 ms
Cold Start: false
Unique ID: c86239c30db07487d1f57bfbd92a7dd6,
Execution Time for Trace ID c86239c30db07487d1f57bfbd92a7dd6: 89 ms
Cold Start: false
Unique ID: f869f710a6dd6532a5fd6c616eff999d,
Execution Time for Trace ID f869f710a6dd6532a5fd6c616eff999d: 39 ms
Cold Start: false
Unique ID: a3370d19f2d4640c790dc74fc98d4a1d,
Execution Time for Trace ID a3370d19f2d4640c790dc74fc98d4a1d: 34 ms
Cold Start: false
Unique ID: 177913451a541a6905f24ec520723a5b,
Execution Time for Trace ID 177913451a541a6905f24ec520723a5b: 110 ms
Cold Start: false
Unique ID: 2f523f618cdc216af65b0cadadc324cb,
Execution Time for Trace ID 2f523f618cdc216af65b0cadadc324cb: 93 ms
Cold Start: false
Unique ID: 9b994d14651179c2f0154f455eaae900,
Execution Time for Trace ID 9b994d14651179c2f0154f455eaae900: 37 ms
Cold Start: false
Unique ID: e447a89810b8d2d8af412718d54dc7ca,
Execution Time for Trace ID e447a89810b8d2d8af412718d54dc7ca: 31 ms
Cold Start: false
Unique ID: 5e997f9c54091157e3f6387d3917cda0,
Execution Time for Trace ID 5e997f9c54091157e3f6387d3917cda0: 84 ms
Cold Start: false
Unique ID: 5c12cba6f381e8f0f251b54c0ce007d8,
Execution Time for Trace ID 5c12cba6f381e8f0f251b54c0ce007d8: 92 ms
Cold Start: false
Unique ID: 4a4fa58e1a0f10840a436e557e173ac5,
Execution Time for Trace ID 4a4fa58e1a0f10840a436e557e173ac5: 43 ms
Cold Start: false
Unique ID: e7a9e4cb5b9a26c4ca7d24e16b7a9382,
Execution Time for Trace ID e7a9e4cb5b9a26c4ca7d24e16b7a9382: 36 ms
Cold Start: false
Unique ID: e54e84f72b94d63a090ac56f26fedaf0,
Execution Time for Trace ID e54e84f72b94d63a090ac56f26fedaf0: 88 ms
Cold Start: false
Unique ID: 550ac9c852261bc3e2ecd47be75c6436,
Execution Time for Trace ID 550ac9c852261bc3e2ecd47be75c6436: 199 ms
Cold Start: false
Unique ID: e5026c680852af150965ddcf8264ab75,
Execution Time for Trace ID e5026c680852af150965ddcf8264ab75: 39 ms
Cold Start: false
Unique ID: 96d0c704e6566d5a1a1fdb3d469a2cc7,
Execution Time for Trace ID 96d0c704e6566d5a1a1fdb3d469a2cc7: 40 ms
Cold Start: false
Unique ID: ea3287b8388bc28b51075ff457569b77,
Execution Time for Trace ID ea3287b8388bc28b51075ff457569b77: 118 ms
Cold Start: false
Unique ID: 948d799e94c274743bf1488c1a814627,
Execution Time for Trace ID 948d799e94c274743bf1488c1a814627: 88 ms
Cold Start: false
Unique ID: fb48a87bea402cbf25c40ffa9115bea3,
Execution Time for Trace ID fb48a87bea402cbf25c40ffa9115bea3: 37 ms
Cold Start: false
Unique ID: 69012f88745f17fbba2e84757c047fb9,
Execution Time for Trace ID 69012f88745f17fbba2e84757c047fb9: 37 ms
Cold Start: false
Unique ID: 73c222bc0eb42bc9af44e037d727ff97,
Execution Time for Trace ID 73c222bc0eb42bc9af44e037d727ff97: 111 ms
Cold Start: false
Unique ID: 4bbc160ce2177b875ded47ec9211f039,
Execution Time for Trace ID 4bbc160ce2177b875ded47ec9211f039: 87 ms
Cold Start: false
Unique ID: 615947c5d66ab19992b3b10fd7eb59e3,
Execution Time for Trace ID 615947c5d66ab19992b3b10fd7eb59e3: 40 ms
Cold Start: false
Unique ID: 182e4301c1768996f53031a7c2eaab91,
Execution Time for Trace ID 182e4301c1768996f53031a7c2eaab91: 33 ms
Cold Start: false
Unique ID: 9617f7847c32d82914fd860f1f113449,
Execution Time for Trace ID 9617f7847c32d82914fd860f1f113449: 108 ms
Cold Start: false
Unique ID: 551e021d261da160dde7cfb7a2a58fa4,
Execution Time for Trace ID 551e021d261da160dde7cfb7a2a58fa4: 105 ms
Cold Start: false
Unique ID: 0285a58681d6ce9018d39955553343f5,
Execution Time for Trace ID 0285a58681d6ce9018d39955553343f5: 32 ms
Cold Start: false
Unique ID: e18f897449d35321c20bab4f80abf56d,
Execution Time for Trace ID e18f897449d35321c20bab4f80abf56d: 76 ms
Cold Start: false
Unique ID: 6bef5835da9b63b2b7d56d982e39a557,
Execution Time for Trace ID 6bef5835da9b63b2b7d56d982e39a557: 40 ms
Cold Start: false
Unique ID: 389eed0b2c01f327fadfd88df05cfc83,
Execution Time for Trace ID 389eed0b2c01f327fadfd88df05cfc83: 106 ms
Cold Start: false
Unique ID: e5f8753de1c94edca777c0bf0149d628,
Execution Time for Trace ID e5f8753de1c94edca777c0bf0149d628: 39 ms
Cold Start: false
Unique ID: 82dec7c17134f7bb95ecd4dae8313568,
Execution Time for Trace ID 82dec7c17134f7bb95ecd4dae8313568: 38 ms
Cold Start: false
Unique ID: dd036cb9065fbfa4e17c155dc4c5822d,
Execution Time for Trace ID dd036cb9065fbfa4e17c155dc4c5822d: 110 ms
Cold Start: false
Unique ID: 8267705802245dd2ebdbcba4b39309ee,
Execution Time for Trace ID 8267705802245dd2ebdbcba4b39309ee: 184 ms
Cold Start: false
Unique ID: fd9fff7dd2870e3ca34fa81b84a99016,
Execution Time for Trace ID fd9fff7dd2870e3ca34fa81b84a99016: 44 ms
Cold Start: false
Unique ID: bb98fa88c01783a655521006f570e428,
Execution Time for Trace ID bb98fa88c01783a655521006f570e428: 39 ms
Cold Start: false
Unique ID: 70feb3b43b33dce5a5596dff796423ff,
Execution Time for Trace ID 70feb3b43b33dce5a5596dff796423ff: 199 ms
Cold Start: false
Unique ID: f7800b5a8191cdc007ed9fcb5c3d5f77,
Execution Time for Trace ID f7800b5a8191cdc007ed9fcb5c3d5f77: 184 ms
Cold Start: false
Unique ID: ed60b2cdd87490907ce0eb90c51e3d79,
Execution Time for Trace ID ed60b2cdd87490907ce0eb90c51e3d79: 47 ms
Cold Start: false
Unique ID: a92c6d64215eb3bde8d82762f59bd215,
Execution Time for Trace ID a92c6d64215eb3bde8d82762f59bd215: 195 ms
Cold Start: false
Unique ID: b528a44575f75706d4c3da7f8fc7e92a,
Execution Time for Trace ID b528a44575f75706d4c3da7f8fc7e92a: 144 ms
Cold Start: false
Unique ID: 0b4fe287d2d58faa5eb751d3a1b7e8a9,
Execution Time for Trace ID 0b4fe287d2d58faa5eb751d3a1b7e8a9: 106 ms
Cold Start: false
Unique ID: 5af50072b1341b29d7c8ffabc3b74d80,
Execution Time for Trace ID 5af50072b1341b29d7c8ffabc3b74d80: 37 ms
Cold Start: false
Unique ID: 8c5ca6d678c8a0f6a7a4d33ebc15107c,
Execution Time for Trace ID 8c5ca6d678c8a0f6a7a4d33ebc15107c: 33 ms
Cold Start: false
Unique ID: 582538bb359398bc93ea41d56462baff,
Execution Time for Trace ID 582538bb359398bc93ea41d56462baff: 108 ms
Cold Start: false
Unique ID: 15bcd6abb90aca5ffc231c6180427383,
Execution Time for Trace ID 15bcd6abb90aca5ffc231c6180427383: 84 ms
Cold Start: false
Unique ID: 41f87e0b18f8b14f95ef738dd614a804,
Execution Time for Trace ID 41f87e0b18f8b14f95ef738dd614a804: 36 ms
Cold Start: false
Unique ID: fd38435a7433abe029f0478a81924f40,
Execution Time for Trace ID fd38435a7433abe029f0478a81924f40: 33 ms
Cold Start: false
Unique ID: e6918eef2b5a173113be15236c0b42a4,
Execution Time for Trace ID e6918eef2b5a173113be15236c0b42a4: 87 ms
Cold Start: false
Unique ID: d98a5a93a014456d3c9169201cc07145,
Execution Time for Trace ID d98a5a93a014456d3c9169201cc07145: 86 ms
Cold Start: false
Unique ID: ef410a90ecd883d7ccb360d188da12b0,
Execution Time for Trace ID ef410a90ecd883d7ccb360d188da12b0: 43 ms
Cold Start: false
Unique ID: ce4f4ae61b4e7a3e2f3fb33343aa5930,
Execution Time for Trace ID ce4f4ae61b4e7a3e2f3fb33343aa5930: 43 ms
Cold Start: false
Unique ID: 15e5a30289a89cb3ce12ff5a2cbcd6b6,
Execution Time for Trace ID 15e5a30289a89cb3ce12ff5a2cbcd6b6: 198 ms
Cold Start: false
Unique ID: 328cd9d7f1da420b1bdbf6b22ab0dc2c,
Execution Time for Trace ID 328cd9d7f1da420b1bdbf6b22ab0dc2c: 101 ms
Cold Start: false
Unique ID: 49ab16bef31ac1c82499342eaeccb609,
Execution Time for Trace ID 49ab16bef31ac1c82499342eaeccb609: 37 ms
Cold Start: false
Unique ID: f27020595ba63f91e9fec1424f586d89,
Execution Time for Trace ID f27020595ba63f91e9fec1424f586d89: 37 ms
Cold Start: false
Unique ID: b5aabbebeaae6fccf39f1388aaf7202b,
Execution Time for Trace ID b5aabbebeaae6fccf39f1388aaf7202b: 107 ms
Cold Start: false
Unique ID: 38c6b9026781a93b5847bc4fd03530c5,
Execution Time for Trace ID 38c6b9026781a93b5847bc4fd03530c5: 83 ms
Cold Start: false
Unique ID: 3d55318f7e6d3d4ac1a9479e1382abf0,
Execution Time for Trace ID 3d55318f7e6d3d4ac1a9479e1382abf0: 41 ms
Cold Start: false
Unique ID: 395e7c1490d9601119ae3218a9f51dcf,
Execution Time for Trace ID 395e7c1490d9601119ae3218a9f51dcf: 33 ms
Cold Start: false
Unique ID: 8c4fe68eedb210b6526bec3d52e1406f,
Execution Time for Trace ID 8c4fe68eedb210b6526bec3d52e1406f: 119 ms
Cold Start: false
Unique ID: eea42958f37aacbe1cc2a3f0ba80ecb9,
Execution Time for Trace ID eea42958f37aacbe1cc2a3f0ba80ecb9: 84 ms
Cold Start: false
Unique ID: 6f11ee5ac226ba291b857a6b3d786cee,
Execution Time for Trace ID 6f11ee5ac226ba291b857a6b3d786cee: 38 ms
Cold Start: false
Unique ID: f91bdb29ef7c8a48f46ed34691ad56dd,
Execution Time for Trace ID f91bdb29ef7c8a48f46ed34691ad56dd: 44 ms
Cold Start: false
Unique ID: 15c2b72fc0e58225edc1bed34b847e6d,
Execution Time for Trace ID 15c2b72fc0e58225edc1bed34b847e6d: 111 ms
Cold Start: false
Unique ID: f943fac9531bf5267f4699c8e78ef9f6,
Execution Time for Trace ID f943fac9531bf5267f4699c8e78ef9f6: 83 ms
Cold Start: false
Unique ID: c15274b354ac4d556ddcb0b8a026d126,
Execution Time for Trace ID c15274b354ac4d556ddcb0b8a026d126: 38 ms
Cold Start: false
Unique ID: 5318d0c3a35ff225aa37a67f41f84b0e,
Execution Time for Trace ID 5318d0c3a35ff225aa37a67f41f84b0e: 115 ms
Cold Start: false
Unique ID: 7085e62feddd7b60872042d9f6a3382b,
Execution Time for Trace ID 7085e62feddd7b60872042d9f6a3382b: 35 ms
Cold Start: false
Unique ID: 1b0d861d653efa74f8de99e1ce62272f,
Execution Time for Trace ID 1b0d861d653efa74f8de99e1ce62272f: 92 ms
Cold Start: false
Unique ID: bfca0598028dfbb4a4ed053b896cd95f,
Execution Time for Trace ID bfca0598028dfbb4a4ed053b896cd95f: 35 ms
Cold Start: false
Unique ID: 3671eed666d704b76a97e47141be68de,
Execution Time for Trace ID 3671eed666d704b76a97e47141be68de: 34 ms
Cold Start: false
Unique ID: f9d51d6dfab74f9d7278114f46cbf6dd,
Execution Time for Trace ID f9d51d6dfab74f9d7278114f46cbf6dd: 131 ms
Cold Start: false
Unique ID: 3dbd91b11631da5a4cc543d2b1634338,
Execution Time for Trace ID 3dbd91b11631da5a4cc543d2b1634338: 126 ms
Cold Start: false
Unique ID: ddaa3a7159fc77977167c13ff8ca73db,
Execution Time for Trace ID ddaa3a7159fc77977167c13ff8ca73db: 41 ms
Cold Start: false
Unique ID: 9b73af1b69c43f899f002c6ad6eaabf9,
Execution Time for Trace ID 9b73af1b69c43f899f002c6ad6eaabf9: 42 ms
Cold Start: false
Unique ID: 2c630bbdd9641c2745c36fb03964fe2c,
Execution Time for Trace ID 2c630bbdd9641c2745c36fb03964fe2c: 188 ms
Cold Start: false
Unique ID: 9371c1d05b1842521886b34bbff0728e,
Execution Time for Trace ID 9371c1d05b1842521886b34bbff0728e: 102 ms
Cold Start: false
Unique ID: 2a234e2523fd910845cff8565614ad4b,
Execution Time for Trace ID 2a234e2523fd910845cff8565614ad4b: 37 ms
Cold Start: false
Unique ID: 522bdbd5e0ffb3c04b1a98e56bd04ed1,
Execution Time for Trace ID 522bdbd5e0ffb3c04b1a98e56bd04ed1: 42 ms
Cold Start: false
Unique ID: dea060f13f6f257e830d412626fb0bde,
Execution Time for Trace ID dea060f13f6f257e830d412626fb0bde: 116 ms
Cold Start: false
Unique ID: 69cb012e10ceae4c8b18aacae93bdc4e,
Execution Time for Trace ID 69cb012e10ceae4c8b18aacae93bdc4e: 104 ms
Cold Start: false
Unique ID: ee13a5aa77265fc21cd79bfd58855113,
Execution Time for Trace ID ee13a5aa77265fc21cd79bfd58855113: 42 ms
Cold Start: false
Unique ID: d8d0948c2faf83eafa1fbccf70914655,
Execution Time for Trace ID d8d0948c2faf83eafa1fbccf70914655: 41 ms
Cold Start: false
Unique ID: 7f338b2154fd2c3d59ad0378dde92111,
Execution Time for Trace ID 7f338b2154fd2c3d59ad0378dde92111: 189 ms
Cold Start: false
Unique ID: 7da0bde858e37c9f03cb5c0d5e633279,
Execution Time for Trace ID 7da0bde858e37c9f03cb5c0d5e633279: 113 ms
Cold Start: false
Unique ID: c07d4a9b66ae845fa937b28c25036407,
Execution Time for Trace ID c07d4a9b66ae845fa937b28c25036407: 32 ms
Cold Start: false
Unique ID: e493c960ab148b0675daaf86553091a6,
Execution Time for Trace ID e493c960ab148b0675daaf86553091a6: 33 ms
Cold Start: false
Unique ID: 81e8cab7075d601b9a6cf078cfae7bd4,
Execution Time for Trace ID 81e8cab7075d601b9a6cf078cfae7bd4: 116 ms
Cold Start: false
Unique ID: 9628df0262a4dcd91502bba90c970cc4,
Execution Time for Trace ID 9628df0262a4dcd91502bba90c970cc4: 93 ms
Cold Start: false
Unique ID: e12a41e049d80b859a319ae18c8d4ee3,
Execution Time for Trace ID e12a41e049d80b859a319ae18c8d4ee3: 40 ms
Cold Start: false
Unique ID: c5f087e589ee3e599835cddc0ffb282c,
Execution Time for Trace ID c5f087e589ee3e599835cddc0ffb282c: 30 ms
Cold Start: false
Unique ID: 851494b5c8ad6c1308e7d0dea8e21db4,
Execution Time for Trace ID 851494b5c8ad6c1308e7d0dea8e21db4: 85 ms
Cold Start: false
Unique ID: 6aebcba1ff2a65451d06ab8910d36af2,
Execution Time for Trace ID 6aebcba1ff2a65451d06ab8910d36af2: 107 ms
Cold Start: false
Unique ID: 8bc8c52ba1f2ee8eacfde7cf19c2dbdd,
Execution Time for Trace ID 8bc8c52ba1f2ee8eacfde7cf19c2dbdd: 43 ms
Cold Start: false
Unique ID: 120c9f71ca72bce32822d0b5d4ca69a3,
Execution Time for Trace ID 120c9f71ca72bce32822d0b5d4ca69a3: 39 ms
Cold Start: false
Unique ID: 680a04bda553feaf79e29b7a538aacf6,
Execution Time for Trace ID 680a04bda553feaf79e29b7a538aacf6: 187 ms
Cold Start: false
Unique ID: 2b99e07d758c700ddb563c1d2a7493a6,
Execution Time for Trace ID 2b99e07d758c700ddb563c1d2a7493a6: 104 ms
Cold Start: false
Unique ID: bdf75a732a318f6895dd3d938485e1f9,
Execution Time for Trace ID bdf75a732a318f6895dd3d938485e1f9: 39 ms
Cold Start: false
Unique ID: 0ebfdc2d9766483fe85ba6070fdb9216,
Execution Time for Trace ID 0ebfdc2d9766483fe85ba6070fdb9216: 39 ms
Cold Start: false
Unique ID: 4030ac504a3a672d21c7395869d5cb65,
Execution Time for Trace ID 4030ac504a3a672d21c7395869d5cb65: 110 ms
Cold Start: false
Unique ID: de322f06b78762f5af1318baf7de7552,
Execution Time for Trace ID de322f06b78762f5af1318baf7de7552: 107 ms
Cold Start: false
Unique ID: ff6ec33579e7e30e3eb0b5153689ceb1,
Execution Time for Trace ID ff6ec33579e7e30e3eb0b5153689ceb1: 39 ms
Cold Start: false
Unique ID: 79fe687617285d91830ecafedfd5b7db,
Execution Time for Trace ID 79fe687617285d91830ecafedfd5b7db: 34 ms
Cold Start: false
Unique ID: 30799a7d5032437ed4b110db4d3d11d1,
Execution Time for Trace ID 30799a7d5032437ed4b110db4d3d11d1: 121 ms
Cold Start: false
Unique ID: 291b379e67611a1f367cd501c29611c8,
Execution Time for Trace ID 291b379e67611a1f367cd501c29611c8: 188 ms
Cold Start: false
Unique ID: 83904b258bfaace3d2ce1598f4c34827,
Execution Time for Trace ID 83904b258bfaace3d2ce1598f4c34827: 41 ms
Cold Start: false
Unique ID: aaa239bae958d6b3424f21be54b0e2a0,
Execution Time for Trace ID aaa239bae958d6b3424f21be54b0e2a0: 39 ms
Cold Start: false
Unique ID: 459a2ae08adf32100ad054fdee6945dc,
Execution Time for Trace ID 459a2ae08adf32100ad054fdee6945dc: 118 ms
Cold Start: false
Unique ID: 64345f42f2bfc2bb68d95bf427247d3d,
Execution Time for Trace ID 64345f42f2bfc2bb68d95bf427247d3d: 164 ms
Cold Start: false
Unique ID: 4f03d2b665cb933b78851af2e1703854,
Execution Time for Trace ID 4f03d2b665cb933b78851af2e1703854: 37 ms
Cold Start: false
Unique ID: 1e216779160246a13a466907c41b899f,
Execution Time for Trace ID 1e216779160246a13a466907c41b899f: 88 ms
Cold Start: false
Unique ID: 0f9c5d6130523c8b580581e37c444e99,
Execution Time for Trace ID 0f9c5d6130523c8b580581e37c444e99: 36 ms
Cold Start: false
Unique ID: 44a5a15fb8a8e1a94e93c1a14f271d54,
Execution Time for Trace ID 44a5a15fb8a8e1a94e93c1a14f271d54: 105 ms
Cold Start: false
Unique ID: ffdc220b161bd3e46d53a709dc820af3,
Execution Time for Trace ID ffdc220b161bd3e46d53a709dc820af3: 38 ms
Cold Start: false
Unique ID: 4d48d0ba840db6d17f2f07fbecf2befd,
Execution Time for Trace ID 4d48d0ba840db6d17f2f07fbecf2befd: 115 ms
Cold Start: false
Unique ID: 4872aabf8cb75156a1ef83aa03118228,
Execution Time for Trace ID 4872aabf8cb75156a1ef83aa03118228: 188 ms
Cold Start: false
Unique ID: a8d7bd0757e61608006ff494141ea04a,
Execution Time for Trace ID a8d7bd0757e61608006ff494141ea04a: 99 ms
Cold Start: false
Unique ID: ae833f5bba8ade0adb0b970a6807cecf,
Execution Time for Trace ID ae833f5bba8ade0adb0b970a6807cecf: 40 ms
Cold Start: false
Unique ID: 0c28d180cad83b9432cbcb8233c95abf,
Execution Time for Trace ID 0c28d180cad83b9432cbcb8233c95abf: 36 ms
Cold Start: false
Unique ID: abb72c9173b6abb472cb4ae551d8d847,
Execution Time for Trace ID abb72c9173b6abb472cb4ae551d8d847: 120 ms
Cold Start: false
Unique ID: a15dcbffd2038c654ae4fca373b924a5,
Execution Time for Trace ID a15dcbffd2038c654ae4fca373b924a5: 91 ms
Cold Start: false
Unique ID: 898aedadf4f61ffcbc5a0b4f9689d500,
Execution Time for Trace ID 898aedadf4f61ffcbc5a0b4f9689d500: 34 ms
Cold Start: false
Unique ID: 744f5bacd6b786aebfcdfdf39f671d22,
Execution Time for Trace ID 744f5bacd6b786aebfcdfdf39f671d22: 89 ms
Cold Start: false
Unique ID: eb3a41e873c0e91c04990a006bba7357,
Execution Time for Trace ID eb3a41e873c0e91c04990a006bba7357: 134 ms
Cold Start: false
Unique ID: 7d240ae340f8145658cfca64c4628d8b,
Execution Time for Trace ID 7d240ae340f8145658cfca64c4628d8b: 89 ms
Cold Start: false
Unique ID: 23e3646ce74baa7d44424161603168ef,
Execution Time for Trace ID 23e3646ce74baa7d44424161603168ef: 42 ms
Cold Start: false
Unique ID: 3831da32baeaada436f5c61f128b5994,
Execution Time for Trace ID 3831da32baeaada436f5c61f128b5994: 31 ms
Cold Start: false
Unique ID: 608f2aa71212280a253cf4af19f34b91,
Execution Time for Trace ID 608f2aa71212280a253cf4af19f34b91: 188 ms
Cold Start: false
Unique ID: 7119f1d91986bc902a35b5cf0ea9319f,
Execution Time for Trace ID 7119f1d91986bc902a35b5cf0ea9319f: 52 ms
Cold Start: false
Unique ID: a892632bf47473790afd6d88d13bda60,
Execution Time for Trace ID a892632bf47473790afd6d88d13bda60: 43 ms
Cold Start: false
Unique ID: 0753236c66481f1549921ebe6d5264d6,
Execution Time for Trace ID 0753236c66481f1549921ebe6d5264d6: 37 ms
Cold Start: false
Unique ID: ffa2cf80a1211b773a904e4249eceee9,
Execution Time for Trace ID ffa2cf80a1211b773a904e4249eceee9: 184 ms
Cold Start: false
Unique ID: 0aba93c07594aa87b4df9ffd655ce573,
Execution Time for Trace ID 0aba93c07594aa87b4df9ffd655ce573: 92 ms
Cold Start: false
Unique ID: 22fdfd08ecc12a9e8c2cb278b18d95a5,
Execution Time for Trace ID 22fdfd08ecc12a9e8c2cb278b18d95a5: 44 ms
Cold Start: false
Unique ID: b8e6687090d074eff314c2829367499b,
Execution Time for Trace ID b8e6687090d074eff314c2829367499b: 35 ms
Cold Start: false
Unique ID: 8f73268a7642a3e9c3b47845b1a6924a,
Execution Time for Trace ID 8f73268a7642a3e9c3b47845b1a6924a: 119 ms
Cold Start: false
Unique ID: 62e8b3d97008295cd7f624f20800b2af,
Execution Time for Trace ID 62e8b3d97008295cd7f624f20800b2af: 94 ms
Cold Start: false
Unique ID: 9736bab08694cdeb0a05e0e2c270ae4c,
Execution Time for Trace ID 9736bab08694cdeb0a05e0e2c270ae4c: 35 ms
Cold Start: false
Unique ID: 3a1cbd6a63ef7b8f6e8809163dedf86d,
Execution Time for Trace ID 3a1cbd6a63ef7b8f6e8809163dedf86d: 39 ms
Cold Start: false
Unique ID: 6aaadaa6c29f52bb1e541461893275ff,
Execution Time for Trace ID 6aaadaa6c29f52bb1e541461893275ff: 116 ms
Cold Start: false
Unique ID: c3017f0bca99ca0fcd0f71c213c07ffd,
Execution Time for Trace ID c3017f0bca99ca0fcd0f71c213c07ffd: 185 ms
Cold Start: false
Unique ID: fc03f5f28a4ce3470aa9433e1a7b9325,
Execution Time for Trace ID fc03f5f28a4ce3470aa9433e1a7b9325: 36 ms
Cold Start: false
Unique ID: b556c04ee8b3ba6af8f78d7c100020cc,
Execution Time for Trace ID b556c04ee8b3ba6af8f78d7c100020cc: 40 ms
Cold Start: false
Unique ID: 235b03d5e2523367c9000efc74875974,
Execution Time for Trace ID 235b03d5e2523367c9000efc74875974: 116 ms
Cold Start: false
Unique ID: 2572d973c0d30c85ce9087ade068cc72,
Execution Time for Trace ID 2572d973c0d30c85ce9087ade068cc72: 176 ms
Cold Start: false
Unique ID: 60313438eb52bdb271641d77f22c8dcf,
Execution Time for Trace ID 60313438eb52bdb271641d77f22c8dcf: 34 ms
Cold Start: false
Unique ID: 7245e8721843317389bad542c0a511b9,
Execution Time for Trace ID 7245e8721843317389bad542c0a511b9: 95 ms
Cold Start: false
Unique ID: c1c1652111ddc050ecf954159f35c493,
Execution Time for Trace ID c1c1652111ddc050ecf954159f35c493: 151 ms
Cold Start: false
Unique ID: 48b54eedec95c95d1c61c5946a432708,
Execution Time for Trace ID 48b54eedec95c95d1c61c5946a432708: 155 ms
Cold Start: false
Unique ID: 904d7421ac080d99bac3f3c5fa7e8262,
Execution Time for Trace ID 904d7421ac080d99bac3f3c5fa7e8262: 35 ms
Cold Start: false
Unique ID: 0d18a4bb25fac8d67ae118243b8dfb7f,
Execution Time for Trace ID 0d18a4bb25fac8d67ae118243b8dfb7f: 52 ms
Cold Start: false
Unique ID: a75755ee3713a377d9202baf98e85add,
Execution Time for Trace ID a75755ee3713a377d9202baf98e85add: 192 ms
Cold Start: false
Unique ID: 72a73a608c64769b0f8bf0f61d0fc0b5,
Execution Time for Trace ID 72a73a608c64769b0f8bf0f61d0fc0b5: 183 ms
Cold Start: false
Unique ID: 4110c3459ad32f862a0ad1d81e9b0e8f,
Execution Time for Trace ID 4110c3459ad32f862a0ad1d81e9b0e8f: 41 ms
Cold Start: false
Unique ID: 47f737bf43dcbe5001c79b486be0b2df,
Execution Time for Trace ID 47f737bf43dcbe5001c79b486be0b2df: 38 ms
Cold Start: false
Unique ID: 64714c3d41b696125b4cd9116f17ab50,
Execution Time for Trace ID 64714c3d41b696125b4cd9116f17ab50: 191 ms
Cold Start: false
Unique ID: 2ec9f1447288c9ea3491f3fe6f32030d,
Execution Time for Trace ID 2ec9f1447288c9ea3491f3fe6f32030d: 178 ms
Cold Start: false
Unique ID: e8f2e86d45c1503573d66cb8af3da543,
Execution Time for Trace ID e8f2e86d45c1503573d66cb8af3da543: 47 ms
Cold Start: false
Unique ID: 1af95e3c63df7d57fbd8d4e5f0f4f1af,
Execution Time for Trace ID 1af95e3c63df7d57fbd8d4e5f0f4f1af: 50 ms
Cold Start: false
Unique ID: a4e07c0d298d10e68736aad546017372,
Execution Time for Trace ID a4e07c0d298d10e68736aad546017372: 200 ms
Cold Start: false
Unique ID: 3cd87ab8b84bac7d83feacc554596b80,
Execution Time for Trace ID 3cd87ab8b84bac7d83feacc554596b80: 180 ms
Cold Start: false
Unique ID: d8bebc0bd4ed4acc939ec4624c5154c9,
Execution Time for Trace ID d8bebc0bd4ed4acc939ec4624c5154c9: 41 ms
Cold Start: false
Unique ID: 518014b62a8ea21feb6951cb9c114cfd,
Execution Time for Trace ID 518014b62a8ea21feb6951cb9c114cfd: 43 ms
Cold Start: false
Unique ID: a5648b2f21ebf4dfde5e53b977626638,
Execution Time for Trace ID a5648b2f21ebf4dfde5e53b977626638: 186 ms
Cold Start: false
Unique ID: d51845c424faac1527111f24f90d41cd,
Execution Time for Trace ID d51845c424faac1527111f24f90d41cd: 191 ms
Cold Start: false
Unique ID: 746438df2419f73ed16b645fa6700ee8,
Execution Time for Trace ID 746438df2419f73ed16b645fa6700ee8: 40 ms
Cold Start: false
Unique ID: a8b021ad647183856844841b4acb2166,
Execution Time for Trace ID a8b021ad647183856844841b4acb2166: 95 ms
Cold Start: false
Unique ID: 34d9be0a15450e39b3ad6e335318d38d,
Execution Time for Trace ID 34d9be0a15450e39b3ad6e335318d38d: 139 ms
Cold Start: false
Unique ID: d8a2886e1a0bd57ca8b1c8cc332f6f0f,
Execution Time for Trace ID d8a2886e1a0bd57ca8b1c8cc332f6f0f: 102 ms
Cold Start: false
Unique ID: 3f9759b339aec0dc04f028cf2db6942d,
Execution Time for Trace ID 3f9759b339aec0dc04f028cf2db6942d: 41 ms
Cold Start: false
Unique ID: f61bf8dc2b97e8434588a1db2cc508e4,
Execution Time for Trace ID f61bf8dc2b97e8434588a1db2cc508e4: 118 ms
Cold Start: false
Unique ID: 2b7fca22c7a5e5f6736bd80c66e7ae68,
Execution Time for Trace ID 2b7fca22c7a5e5f6736bd80c66e7ae68: 89 ms
Cold Start: false
Unique ID: b5c7eaa7e9daaea7c6ac96e2aca1ed26,
Execution Time for Trace ID b5c7eaa7e9daaea7c6ac96e2aca1ed26: 126 ms
Cold Start: false
Unique ID: f0978b1784d0bc681594c28ca824e31f,
Execution Time for Trace ID f0978b1784d0bc681594c28ca824e31f: 38 ms
Cold Start: false
Unique ID: 35a4d50ef80aa3e0635e0541846e6dd1,
Execution Time for Trace ID 35a4d50ef80aa3e0635e0541846e6dd1: 37 ms
Cold Start: false
Unique ID: b9f42eeee36e6de4417b0c21e3ee998a,
Execution Time for Trace ID b9f42eeee36e6de4417b0c21e3ee998a: 115 ms
Cold Start: false
Unique ID: 80a599da006618a4ed2f3f346822f2d4,
Execution Time for Trace ID 80a599da006618a4ed2f3f346822f2d4: 82 ms
Cold Start: false
Unique ID: 3772eb03033555693f29624251a1dbaf,
Execution Time for Trace ID 3772eb03033555693f29624251a1dbaf: 135 ms
Cold Start: false
Unique ID: 5b719299bd9c5af0150c5d2b9e0342d3,
Execution Time for Trace ID 5b719299bd9c5af0150c5d2b9e0342d3: 91 ms
Cold Start: false
Unique ID: 7f0674c2e695cc2bf0c82b562abc4111,
Execution Time for Trace ID 7f0674c2e695cc2bf0c82b562abc4111: 39 ms
Cold Start: false
Unique ID: 882151245218708592391039f25b716c,
Execution Time for Trace ID 882151245218708592391039f25b716c: 99 ms
Cold Start: false
Unique ID: 1f274e71d308fd899ac0a6533bf8231f,
Execution Time for Trace ID 1f274e71d308fd899ac0a6533bf8231f: 40 ms
Cold Start: false
Unique ID: aae4c7d1aa69b33adb859b125ff4c58a,
Execution Time for Trace ID aae4c7d1aa69b33adb859b125ff4c58a: 55 ms
Cold Start: false
Unique ID: 66c64cf4424e8e7548e36f979d57fe0c,
Execution Time for Trace ID 66c64cf4424e8e7548e36f979d57fe0c: 201 ms
Cold Start: false
Unique ID: db7d713b4e65929bad912f36e1ee3f8f,
Execution Time for Trace ID db7d713b4e65929bad912f36e1ee3f8f: 103 ms
Cold Start: false
Unique ID: 4f5bcd75ba6f720a6c97825fc99373a1,
Execution Time for Trace ID 4f5bcd75ba6f720a6c97825fc99373a1: 115 ms
Cold Start: false
Unique ID: a3b9d12c45cdb9666c777b893dcd3d70,
Execution Time for Trace ID a3b9d12c45cdb9666c777b893dcd3d70: 51 ms
Cold Start: false
Unique ID: 67caedd3356c91e4b41857c7851ea793,
Execution Time for Trace ID 67caedd3356c91e4b41857c7851ea793: 107 ms
Cold Start: false
Unique ID: 299805e02be04732dbc51dfab0e98b0c,
Execution Time for Trace ID 299805e02be04732dbc51dfab0e98b0c: 104 ms
Cold Start: false
Unique ID: b60a33c4fe89680ec5551dd552d972d3,
Execution Time for Trace ID b60a33c4fe89680ec5551dd552d972d3: 41 ms
Cold Start: false
Unique ID: bf1b8000dd1cc99aa9b75b963cb4829d,
Execution Time for Trace ID bf1b8000dd1cc99aa9b75b963cb4829d: 37 ms
Cold Start: false
Unique ID: c463e5f2ae70036c996d1fc5f6891026,
Execution Time for Trace ID c463e5f2ae70036c996d1fc5f6891026: 105 ms
Cold Start: false
Unique ID: 19a03ecec36045c214ba36a25c23dce2,
Execution Time for Trace ID 19a03ecec36045c214ba36a25c23dce2: 148 ms
Cold Start: false
Unique ID: b914a963486c028203fe598fd3044a8f,
Execution Time for Trace ID b914a963486c028203fe598fd3044a8f: 40 ms
Cold Start: false
Unique ID: 2f5748c71c76627601b0592ebb31d547,
Execution Time for Trace ID 2f5748c71c76627601b0592ebb31d547: 41 ms
Cold Start: false
Unique ID: 0f850eacb43e2f472403f7f394bfe27a,
Execution Time for Trace ID 0f850eacb43e2f472403f7f394bfe27a: 204 ms
Cold Start: false
Unique ID: 2972b1191adc031bc7c3aead149e00e7,
Execution Time for Trace ID 2972b1191adc031bc7c3aead149e00e7: 185 ms
Cold Start: false
Unique ID: 046a8796f66f1bd833f13979df7c9c5f,
Execution Time for Trace ID 046a8796f66f1bd833f13979df7c9c5f: 46 ms
Cold Start: false
Unique ID: 967776fa53545e64d7acd48ed2fb61c5,
Execution Time for Trace ID 967776fa53545e64d7acd48ed2fb61c5: 38 ms
Cold Start: false
Unique ID: e9c697dc4316370d2ee70efcf572c167,
Execution Time for Trace ID e9c697dc4316370d2ee70efcf572c167: 195 ms
Cold Start: false
Unique ID: dcd2fda240e17cc650902c674744b6da,
Execution Time for Trace ID dcd2fda240e17cc650902c674744b6da: 183 ms
Cold Start: false
Unique ID: f9e798ee63ed14025b2497327ce764e8,
Execution Time for Trace ID f9e798ee63ed14025b2497327ce764e8: 49 ms
Cold Start: false
Unique ID: b2ec32a4fa2e109328dd7c68346b0540,
Execution Time for Trace ID b2ec32a4fa2e109328dd7c68346b0540: 89 ms
Cold Start: false
Unique ID: 226197bece881864d21e57a5ef6dd77d,
Execution Time for Trace ID 226197bece881864d21e57a5ef6dd77d: 140 ms
Cold Start: false
Unique ID: 5d8e75a4d752f89cec750984245c6715,
Execution Time for Trace ID 5d8e75a4d752f89cec750984245c6715: 116 ms
Cold Start: false
Unique ID: f3916be9a75049c6006dca66a375e72f,
Execution Time for Trace ID f3916be9a75049c6006dca66a375e72f: 36 ms
Cold Start: false
Unique ID: 0614a7b0208357692024b78bd7b4dce5,
Execution Time for Trace ID 0614a7b0208357692024b78bd7b4dce5: 95 ms
Cold Start: false
Unique ID: 805651c454abb9f00eaf6389b5e96ffc,
Execution Time for Trace ID 805651c454abb9f00eaf6389b5e96ffc: 141 ms
Cold Start: false
Unique ID: fb759a6b8474aebecf7aadb3c13406f3,
Execution Time for Trace ID fb759a6b8474aebecf7aadb3c13406f3: 182 ms
Cold Start: false
Unique ID: 030bce8b75fd65b835a1d65dea0addf1,
Execution Time for Trace ID 030bce8b75fd65b835a1d65dea0addf1: 46 ms
Cold Start: false
Unique ID: 38695c51e3c3604937e8ecdccd4f3854,
Execution Time for Trace ID 38695c51e3c3604937e8ecdccd4f3854: 52 ms
Cold Start: false
Unique ID: b79a67fb314502b9dfd3f2ea89b0faa1,
Execution Time for Trace ID b79a67fb314502b9dfd3f2ea89b0faa1: 189 ms
Cold Start: false
Unique ID: e4715eb27d927851947f3ce66cb3d181,
Execution Time for Trace ID e4715eb27d927851947f3ce66cb3d181: 106 ms
Cold Start: false
Unique ID: 675377c0d1629ebeac447fe7c3ff3953,
Execution Time for Trace ID 675377c0d1629ebeac447fe7c3ff3953: 38 ms
Cold Start: false
Unique ID: d1ab37c10acd538491d4274f5a4754c7,
Execution Time for Trace ID d1ab37c10acd538491d4274f5a4754c7: 42 ms
Cold Start: false
Unique ID: b0a3d71d5b5eefc93d163e0e8183e104,
Execution Time for Trace ID b0a3d71d5b5eefc93d163e0e8183e104: 117 ms
Cold Start: false
Unique ID: e5a6e65283a3f8efe6aa25a4173e4b58,
Execution Time for Trace ID e5a6e65283a3f8efe6aa25a4173e4b58: 178 ms
Cold Start: false
Unique ID: 5b42896ac6560046c2e4ad4057288dcb,
Execution Time for Trace ID 5b42896ac6560046c2e4ad4057288dcb: 40 ms
Cold Start: false
Unique ID: 77c93ff1b7e391e666f7abac0573a28c,
Execution Time for Trace ID 77c93ff1b7e391e666f7abac0573a28c: 40 ms
Cold Start: false
Unique ID: a1f60260bc5c603f23ccfd4566acdceb,
Execution Time for Trace ID a1f60260bc5c603f23ccfd4566acdceb: 118 ms
Cold Start: false
Unique ID: 78ca9f9ccd09b8335934db7a6f05ea24,
Execution Time for Trace ID 78ca9f9ccd09b8335934db7a6f05ea24: 110 ms
Cold Start: false
Unique ID: afc9a9e1fe8d616e5fbe43b9aedd38af,
Execution Time for Trace ID afc9a9e1fe8d616e5fbe43b9aedd38af: 39 ms
Cold Start: false
Unique ID: b83b05ab92ced5d44c82540bac2545a9,
Execution Time for Trace ID b83b05ab92ced5d44c82540bac2545a9: 34 ms
Cold Start: false
Unique ID: 9ed9507e8cc0025245c915750b52a71c,
Execution Time for Trace ID 9ed9507e8cc0025245c915750b52a71c: 197 ms
Cold Start: false
Unique ID: a211a576a40e527a31f20c60b126f40f,
Execution Time for Trace ID a211a576a40e527a31f20c60b126f40f: 187 ms
Cold Start: false
Unique ID: 48b32e1e8982cff83fd5ecb521f5ef8b,
Execution Time for Trace ID 48b32e1e8982cff83fd5ecb521f5ef8b: 44 ms
Cold Start: false
Unique ID: 66468bd2b5f86884fd80e205be188c33,
Execution Time for Trace ID 66468bd2b5f86884fd80e205be188c33: 111 ms
Cold Start: false
Unique ID: 0bfaf5c21a549f3588111e8d524872ca,
Execution Time for Trace ID 0bfaf5c21a549f3588111e8d524872ca: 70 ms
Cold Start: false
Unique ID: ca22e97eee43ce978646d37d426bcdd5,
Execution Time for Trace ID ca22e97eee43ce978646d37d426bcdd5: 191 ms
Cold Start: false
Unique ID: 7a8b15274d64de188be365e718ee378b,
Execution Time for Trace ID 7a8b15274d64de188be365e718ee378b: 40 ms
Cold Start: false
Unique ID: 48910a0c16dc9b16bcc45629b36d2240,
Execution Time for Trace ID 48910a0c16dc9b16bcc45629b36d2240: 34 ms
Cold Start: false
Unique ID: be7040c05ab68ec6c4cce921ccb7d1a4,
Execution Time for Trace ID be7040c05ab68ec6c4cce921ccb7d1a4: 90 ms
Cold Start: false
Unique ID: 9fa19f5e5bc716875a7bd377c70cd3eb,
Execution Time for Trace ID 9fa19f5e5bc716875a7bd377c70cd3eb: 192 ms
Cold Start: false
Unique ID: a7dfcc771721874b3d1e5c85bb80c1c8,
Execution Time for Trace ID a7dfcc771721874b3d1e5c85bb80c1c8: 46 ms
Cold Start: false
Unique ID: 155430e010128b2096bf5995f7ca8672,
Execution Time for Trace ID 155430e010128b2096bf5995f7ca8672: 38 ms
Cold Start: false
Unique ID: 92347144ef6c08fc3354c480dd605cdd,
Execution Time for Trace ID 92347144ef6c08fc3354c480dd605cdd: 184 ms
Cold Start: false
Unique ID: 3b8536be5eea1e8d4300309e967173fd,
Execution Time for Trace ID 3b8536be5eea1e8d4300309e967173fd: 93 ms
Cold Start: false
Unique ID: 670f2c1cc173ee426ad7ae6007b1e5e9,
Execution Time for Trace ID 670f2c1cc173ee426ad7ae6007b1e5e9: 50 ms
Cold Start: false
Unique ID: c73ff92bdaf40593835555c8f653d58a,
Execution Time for Trace ID c73ff92bdaf40593835555c8f653d58a: 104 ms
Cold Start: false
Unique ID: d6ecd59970e7045a3fd436631b541a53,
Execution Time for Trace ID d6ecd59970e7045a3fd436631b541a53: 135 ms
Cold Start: false
Unique ID: 67791feeb201c5ff0db05b842b27778f,
Execution Time for Trace ID 67791feeb201c5ff0db05b842b27778f: 98 ms
Cold Start: false
Unique ID: 3e9d2d8df43de3667887ed0e28d8aefc,
Execution Time for Trace ID 3e9d2d8df43de3667887ed0e28d8aefc: 40 ms
Cold Start: false
Unique ID: dd3aaddc5387de713fb6a5475d92e181,
Execution Time for Trace ID dd3aaddc5387de713fb6a5475d92e181: 38 ms
Cold Start: false
Unique ID: f919eaf3eca3d0f85d97842ed37f4ced,
Execution Time for Trace ID f919eaf3eca3d0f85d97842ed37f4ced: 112 ms
Cold Start: false
Unique ID: b319015d717874234145a6b091f97371,
Execution Time for Trace ID b319015d717874234145a6b091f97371: 92 ms
Cold Start: false
Unique ID: aad407ebbec0c077175469179f0d59fa,
Execution Time for Trace ID aad407ebbec0c077175469179f0d59fa: 39 ms
Cold Start: false
Unique ID: 72bca444b6b087eddc1ff89185746735,
Execution Time for Trace ID 72bca444b6b087eddc1ff89185746735: 32 ms
Cold Start: false
Unique ID: 269aa03643fa5384698170a012157768,
Execution Time for Trace ID 269aa03643fa5384698170a012157768: 98 ms
Cold Start: false
Unique ID: f5c9ff940973049eb0bfe93da827675d,
Execution Time for Trace ID f5c9ff940973049eb0bfe93da827675d: 86 ms
Cold Start: false
Unique ID: 15b063e17985d8ba77723af41675df4a,
Execution Time for Trace ID 15b063e17985d8ba77723af41675df4a: 39 ms
Cold Start: false
Unique ID: abd4de859ad42181dbcb3da5a686c3a2,
Execution Time for Trace ID abd4de859ad42181dbcb3da5a686c3a2: 39 ms
Cold Start: false
Unique ID: ac72b35cbc489910b2e1da6f3a501765,
Execution Time for Trace ID ac72b35cbc489910b2e1da6f3a501765: 119 ms
Cold Start: false
Unique ID: 67ccecf1570e897bee41002b049e2d98,
Execution Time for Trace ID 67ccecf1570e897bee41002b049e2d98: 92 ms
Cold Start: false
Unique ID: 5678723cf80646b53f5816d617c9464c,
Execution Time for Trace ID 5678723cf80646b53f5816d617c9464c: 37 ms
Cold Start: false
Unique ID: cd6715ed65455022b5058fc9371dea64,
Execution Time for Trace ID cd6715ed65455022b5058fc9371dea64: 35 ms
Cold Start: false
Unique ID: d44cede25e2ed501b0e2e73343162117,
Execution Time for Trace ID d44cede25e2ed501b0e2e73343162117: 120 ms
Cold Start: false
Unique ID: a73e641074f4ad7a1b8a22b03061fba5,
Execution Time for Trace ID a73e641074f4ad7a1b8a22b03061fba5: 92 ms
Cold Start: false
Unique ID: 3b11698aca4cababebe99e581ccd7efb,
Execution Time for Trace ID 3b11698aca4cababebe99e581ccd7efb: 38 ms
Cold Start: false
Unique ID: 30b2e70dc2222cf7ab49d48b29cf0112,
Execution Time for Trace ID 30b2e70dc2222cf7ab49d48b29cf0112: 35 ms
Cold Start: false
Unique ID: 1b1742d59197467a9ea945f7ac5628a7,
Execution Time for Trace ID 1b1742d59197467a9ea945f7ac5628a7: 113 ms
Cold Start: false
Unique ID: 5678404abb3d8a951c7b176573a07870,
Execution Time for Trace ID 5678404abb3d8a951c7b176573a07870: 95 ms
Cold Start: false
Unique ID: 3b7b24ed188683c5fb53259f360edd33,
Execution Time for Trace ID 3b7b24ed188683c5fb53259f360edd33: 40 ms
Cold Start: false
Unique ID: a562a4f68cbce11431e717511a28eafb,
Execution Time for Trace ID a562a4f68cbce11431e717511a28eafb: 36 ms
Cold Start: false
Unique ID: 95c36c5cacceb33027a91a36bd52f694,
Execution Time for Trace ID 95c36c5cacceb33027a91a36bd52f694: 187 ms
Cold Start: false
Unique ID: 0618049ec17965099350898304d286d2,
Execution Time for Trace ID 0618049ec17965099350898304d286d2: 178 ms
Cold Start: false
Unique ID: 64ae1faa41ae9b9ec7c57aaa23d4ae3a,
Execution Time for Trace ID 64ae1faa41ae9b9ec7c57aaa23d4ae3a: 39 ms
Cold Start: false
Unique ID: d608cef4ccf3cd24615aa4521985f457,
Execution Time for Trace ID d608cef4ccf3cd24615aa4521985f457: 35 ms
Cold Start: false
Unique ID: 3506c44802cdc396abb84569aa464509,
Execution Time for Trace ID 3506c44802cdc396abb84569aa464509: 92 ms
Cold Start: false
Unique ID: f0f9658c69a7569ef765335b3932f063,
Execution Time for Trace ID f0f9658c69a7569ef765335b3932f063: 182 ms
Cold Start: false
Unique ID: c17ceb29862393030ffde824df6f935a,
Execution Time for Trace ID c17ceb29862393030ffde824df6f935a: 40 ms
Cold Start: false
Unique ID: 4d3fc08c81ef671b5914f2a56e5e5641,
Execution Time for Trace ID 4d3fc08c81ef671b5914f2a56e5e5641: 48 ms
Cold Start: false
Unique ID: c5019bb55969eefabeb857527104e0d0,
Execution Time for Trace ID c5019bb55969eefabeb857527104e0d0: 195 ms
Cold Start: false
Unique ID: 0bba48cd905c32b3df84d352935770ba,
Execution Time for Trace ID 0bba48cd905c32b3df84d352935770ba: 182 ms
Cold Start: false
