Unique ID: 4c049c7f-033b-4739-a647-061faaf5c7a0,
Billed Duration for Request 4c049c7f-033b-4739-a647-061faaf5c7a0: 2045 ms
Input: 5000000,
Cold Start: true
Unique ID: db10626e-13b6-401c-bfa7-5d8e02f4b38b,
Billed Duration for Request db10626e-13b6-401c-bfa7-5d8e02f4b38b: 2016 ms
Input: 5000000,
Cold Start: true
Unique ID: fe0ffad3-b944-42a0-9e4c-fb7e6b5013d1,
Billed Duration for Request fe0ffad3-b944-42a0-9e4c-fb7e6b5013d1: 2112 ms
Input: 5000000,
Cold Start: true
Unique ID: c73475a7-001e-4f06-8ed2-78a42a6838f9,
Billed Duration for Request c73475a7-001e-4f06-8ed2-78a42a6838f9: 2139 ms
Input: 5000000,
Cold Start: true
Unique ID: 1fef3640-e3cc-475b-a81e-96f3759ce339,
Billed Duration for Request 1fef3640-e3cc-475b-a81e-96f3759ce339: 2084 ms
Input: 5000000,
Cold Start: true
Unique ID: 0b84b26d-79a3-4e51-82c1-ba196aa3d60f,
Billed Duration for Request 0b84b26d-79a3-4e51-82c1-ba196aa3d60f: 2090 ms
Input: 5000000,
Cold Start: true
Unique ID: 8513ac44-be44-4750-9b60-6c12380300a7,
Billed Duration for Request 8513ac44-be44-4750-9b60-6c12380300a7: 2097 ms
Input: 5000000,
Cold Start: true
Unique ID: 4e6e3f54-5211-4786-b707-0da0759cf2b4,
Billed Duration for Request 4e6e3f54-5211-4786-b707-0da0759cf2b4: 2063 ms
Input: 5000000,
Cold Start: true
Unique ID: c6d36442-368a-4f93-be60-8a858cfd226f,
Billed Duration for Request c6d36442-368a-4f93-be60-8a858cfd226f: 2066 ms
Input: 5000000,
Cold Start: true
Unique ID: 3fa9c6c2-2505-4afd-b452-3938825bd611,
Billed Duration for Request 3fa9c6c2-2505-4afd-b452-3938825bd611: 2058 ms
Input: 5000000,
Cold Start: true
Unique ID: 8e54fc9c-e11d-468c-b287-bca15484dd6a,
Billed Duration for Request 8e54fc9c-e11d-468c-b287-bca15484dd6a: 1949 ms
Input: 5000000,
Cold Start: false
Unique ID: daf0e710-9c6d-436c-9e71-4c5b7d627ad4,
Billed Duration for Request daf0e710-9c6d-436c-9e71-4c5b7d627ad4: 2074 ms
Input: 5000000,
Cold Start: false
Unique ID: 85b2b21c-e978-4b1f-8623-7701011a18d5,
Billed Duration for Request 85b2b21c-e978-4b1f-8623-7701011a18d5: 2006 ms
Input: 5000000,
Cold Start: false
Unique ID: 78522c71-f721-45d4-b379-f56100269367,
Billed Duration for Request 78522c71-f721-45d4-b379-f56100269367: 2103 ms
Input: 5000000,
Cold Start: false
Unique ID: 7ac18083-54ef-4592-b671-68c3879c90b3,
Billed Duration for Request 7ac18083-54ef-4592-b671-68c3879c90b3: 2091 ms
Input: 5000000,
Cold Start: false
Unique ID: 89e77a4e-c119-4780-a358-8f7fd58ade73,
Billed Duration for Request 89e77a4e-c119-4780-a358-8f7fd58ade73: 2042 ms
Input: 5000000,
Cold Start: false
Unique ID: 66fdd35b-370e-460d-824f-a7f0a4c3f354,
Billed Duration for Request 66fdd35b-370e-460d-824f-a7f0a4c3f354: 2031 ms
Input: 5000000,
Cold Start: false
Unique ID: 19fbdb87-cce4-4904-873a-1c52bba9fdde,
Billed Duration for Request 19fbdb87-cce4-4904-873a-1c52bba9fdde: 2012 ms
Input: 5000000,
Cold Start: false
Unique ID: 4046e10d-e456-4db4-8faa-b47e3acf5154,
Billed Duration for Request 4046e10d-e456-4db4-8faa-b47e3acf5154: 2069 ms
Input: 5000000,
Cold Start: false
Unique ID: 12d945de-14fb-4233-a7b7-4d2c1e0b5dd4,
Billed Duration for Request 12d945de-14fb-4233-a7b7-4d2c1e0b5dd4: 2061 ms
Input: 5000000,
Cold Start: false
Unique ID: 26307745-b1d8-4571-8d77-5615be7f4fd3,
Billed Duration for Request 26307745-b1d8-4571-8d77-5615be7f4fd3: 1891 ms
Input: 5000000,
Cold Start: false
Unique ID: f5cb9117-09e6-419d-939a-3dcb1794cc19,
Billed Duration for Request f5cb9117-09e6-419d-939a-3dcb1794cc19: 1929 ms
Input: 5000000,
Cold Start: false
Unique ID: ab707301-4515-4ccd-8ae7-083596641dc4,
Billed Duration for Request ab707301-4515-4ccd-8ae7-083596641dc4: 1900 ms
Input: 5000000,
Cold Start: false
Unique ID: 2c536f59-3327-4d6c-b2a9-27ae449241c1,
Billed Duration for Request 2c536f59-3327-4d6c-b2a9-27ae449241c1: 1899 ms
Input: 5000000,
Cold Start: false
Unique ID: 2d3c4cd0-3b06-4265-a560-346d0d3870a1,
Billed Duration for Request 2d3c4cd0-3b06-4265-a560-346d0d3870a1: 1889 ms
Input: 5000000,
Cold Start: false
Unique ID: 4bb3ff01-fae2-4811-8b84-68e9a444d0ad,
Billed Duration for Request 4bb3ff01-fae2-4811-8b84-68e9a444d0ad: 1886 ms
Input: 5000000,
Cold Start: false
Unique ID: 3e85ec82-77b7-48a6-8c2e-aed0d0375176,
Billed Duration for Request 3e85ec82-77b7-48a6-8c2e-aed0d0375176: 1865 ms
Input: 5000000,
Cold Start: false
Unique ID: cecf9944-7a07-47be-8ff6-62ed914a336a,
Billed Duration for Request cecf9944-7a07-47be-8ff6-62ed914a336a: 1917 ms
Input: 5000000,
Cold Start: false
Unique ID: db7a01f5-d386-4ebf-9031-afbda675ede6,
Billed Duration for Request db7a01f5-d386-4ebf-9031-afbda675ede6: 1810 ms
Input: 5000000,
Cold Start: false
Unique ID: 92e26b0a-38c3-4504-97be-082814fe63f4,
Billed Duration for Request 92e26b0a-38c3-4504-97be-082814fe63f4: 1835 ms
Input: 5000000,
Cold Start: false
Unique ID: d3393fc8-5b75-4630-b78e-1ef54ddb52bb,
Billed Duration for Request d3393fc8-5b75-4630-b78e-1ef54ddb52bb: 2005 ms
Input: 5000000,
Cold Start: false
Unique ID: 73692162-c06c-4bf0-bb4e-699c4a438531,
Billed Duration for Request 73692162-c06c-4bf0-bb4e-699c4a438531: 1749 ms
Input: 5000000,
Cold Start: false
Unique ID: 22128348-c25b-4897-89d7-dea55452588b,
Billed Duration for Request 22128348-c25b-4897-89d7-dea55452588b: 1771 ms
Input: 5000000,
Cold Start: false
Unique ID: 26767ba8-071d-42c2-a479-fed246f732db,
Billed Duration for Request 26767ba8-071d-42c2-a479-fed246f732db: 1808 ms
Input: 5000000,
Cold Start: false
Unique ID: b0ac4252-6eb3-436f-892f-33bcd0c7b8fb,
Billed Duration for Request b0ac4252-6eb3-436f-892f-33bcd0c7b8fb: 1786 ms
Input: 5000000,
Cold Start: false
Unique ID: ededbbe8-50da-4e94-806d-c4b4196f6b97,
Billed Duration for Request ededbbe8-50da-4e94-806d-c4b4196f6b97: 1837 ms
Input: 5000000,
Cold Start: false
Unique ID: 12e8fbfe-f8b3-4280-ac45-1f141ae3c39e,
Billed Duration for Request 12e8fbfe-f8b3-4280-ac45-1f141ae3c39e: 1792 ms
Input: 5000000,
Cold Start: false
Unique ID: 2a4ad2c7-bbd0-4898-adab-6ba1c5b5b65d,
Billed Duration for Request 2a4ad2c7-bbd0-4898-adab-6ba1c5b5b65d: 1846 ms
Input: 5000000,
Cold Start: false
Unique ID: 8d8c8f53-145c-435a-bbf8-b78d28ad6a1f,
Billed Duration for Request 8d8c8f53-145c-435a-bbf8-b78d28ad6a1f: 1723 ms
Input: 5000000,
Cold Start: false
Unique ID: 1dc1f874-0209-4e9e-b2ee-a7853cd07752,
Billed Duration for Request 1dc1f874-0209-4e9e-b2ee-a7853cd07752: 1824 ms
Input: 5000000,
Cold Start: false
Unique ID: e5f59c5c-2def-4971-97ac-06ff4597ffcb,
Billed Duration for Request e5f59c5c-2def-4971-97ac-06ff4597ffcb: 1792 ms
Input: 5000000,
Cold Start: false
Unique ID: 71edbad9-3db5-4a8f-8fa2-8c0d88837a4e,
Billed Duration for Request 71edbad9-3db5-4a8f-8fa2-8c0d88837a4e: 1769 ms
Input: 5000000,
Cold Start: false
Unique ID: 6d532e74-1041-4205-b614-8b0fb19f851f,
Billed Duration for Request 6d532e74-1041-4205-b614-8b0fb19f851f: 1779 ms
Input: 5000000,
Cold Start: false
Unique ID: 47760ec5-d93c-4c36-ae3f-825a1d0d4d14,
Billed Duration for Request 47760ec5-d93c-4c36-ae3f-825a1d0d4d14: 1818 ms
Input: 5000000,
Cold Start: false
Unique ID: 4a7a9050-54ea-49ed-8e68-b0dde7910073,
Billed Duration for Request 4a7a9050-54ea-49ed-8e68-b0dde7910073: 1761 ms
Input: 5000000,
Cold Start: false
Unique ID: ca9a929e-2e56-4024-bbd9-a3064d6907ca,
Billed Duration for Request ca9a929e-2e56-4024-bbd9-a3064d6907ca: 1734 ms
Input: 5000000,
Cold Start: false
Unique ID: 47f890b5-244f-4187-9214-df025d6899d9,
Billed Duration for Request 47f890b5-244f-4187-9214-df025d6899d9: 1858 ms
Input: 5000000,
Cold Start: false
Unique ID: 11add2dd-4d64-4295-acf5-9cf8cb658d78,
Billed Duration for Request 11add2dd-4d64-4295-acf5-9cf8cb658d78: 1715 ms
Input: 5000000,
Cold Start: false
Unique ID: a9b29233-6be9-4efd-8146-464bd5fc5f45,
Billed Duration for Request a9b29233-6be9-4efd-8146-464bd5fc5f45: 1769 ms
Input: 5000000,
Cold Start: false
Unique ID: dc5f7fe5-c8ea-439e-8d15-5138905c9829,
Billed Duration for Request dc5f7fe5-c8ea-439e-8d15-5138905c9829: 1793 ms
Input: 5000000,
Cold Start: false
Unique ID: c1b87132-014b-42e0-adb7-64a474cf0eab,
Billed Duration for Request c1b87132-014b-42e0-adb7-64a474cf0eab: 1835 ms
Input: 5000000,
Cold Start: false
Unique ID: ba2df5eb-8065-4842-9c44-86c094e68da1,
Billed Duration for Request ba2df5eb-8065-4842-9c44-86c094e68da1: 1732 ms
Input: 5000000,
Cold Start: false
Unique ID: 23b1cf1c-1065-4e64-be60-25a24e3fb669,
Billed Duration for Request 23b1cf1c-1065-4e64-be60-25a24e3fb669: 1822 ms
Input: 5000000,
Cold Start: false
Unique ID: 61478ee6-0788-4a8d-bb5a-821eda983fab,
Billed Duration for Request 61478ee6-0788-4a8d-bb5a-821eda983fab: 1766 ms
Input: 5000000,
Cold Start: false
Unique ID: da89d4fd-c8a2-4b5e-ac22-924fa6f5e538,
Billed Duration for Request da89d4fd-c8a2-4b5e-ac22-924fa6f5e538: 1783 ms
Input: 5000000,
Cold Start: false
Unique ID: b2a1e16d-6db2-4bbd-8048-0496634abe1c,
Billed Duration for Request b2a1e16d-6db2-4bbd-8048-0496634abe1c: 1772 ms
Input: 5000000,
Cold Start: false
Unique ID: ddd21f29-107f-477d-94a1-63d182cb9d38,
Billed Duration for Request ddd21f29-107f-477d-94a1-63d182cb9d38: 1810 ms
Input: 5000000,
Cold Start: false
Unique ID: ec8b7574-8045-4322-9e88-7c52815172d2,
Billed Duration for Request ec8b7574-8045-4322-9e88-7c52815172d2: 1825 ms
Input: 5000000,
Cold Start: false
Unique ID: b99f579e-d973-4521-9188-6b61a870cc1b,
Billed Duration for Request b99f579e-d973-4521-9188-6b61a870cc1b: 1733 ms
Input: 5000000,
Cold Start: false
Unique ID: a0a59116-08b7-4f6b-bd10-0da5bf580faa,
Billed Duration for Request a0a59116-08b7-4f6b-bd10-0da5bf580faa: 1767 ms
Input: 5000000,
Cold Start: false
Unique ID: c15dc77c-2de5-4e5f-8fc8-1a858d68249d,
Billed Duration for Request c15dc77c-2de5-4e5f-8fc8-1a858d68249d: 1801 ms
Input: 5000000,
Cold Start: false
Unique ID: b9f3e0a3-da9a-41bd-b93c-d2eff0b6a8c0,
Billed Duration for Request b9f3e0a3-da9a-41bd-b93c-d2eff0b6a8c0: 1764 ms
Input: 5000000,
Cold Start: false
Unique ID: 393f59ef-53b8-446f-9a39-0e3b6b934b98,
Billed Duration for Request 393f59ef-53b8-446f-9a39-0e3b6b934b98: 1767 ms
Input: 5000000,
Cold Start: false
Unique ID: eeca5e6e-4a7d-49ad-ad08-230b199b9687,
Billed Duration for Request eeca5e6e-4a7d-49ad-ad08-230b199b9687: 1770 ms
Input: 5000000,
Cold Start: false
Unique ID: aee753ae-0406-46fe-a25a-06e050118f9b,
Billed Duration for Request aee753ae-0406-46fe-a25a-06e050118f9b: 1738 ms
Input: 5000000,
Cold Start: false
Unique ID: e6dea667-bcc7-41c2-8b60-edc090689ed8,
Billed Duration for Request e6dea667-bcc7-41c2-8b60-edc090689ed8: 1829 ms
Input: 5000000,
Cold Start: false
Unique ID: fe4cc1bb-d9fc-4bbe-b461-19439667be7f,
Billed Duration for Request fe4cc1bb-d9fc-4bbe-b461-19439667be7f: 1823 ms
Input: 5000000,
Cold Start: false
Unique ID: 4b7c8c4f-c408-4c24-87d9-4bdda151101f,
Billed Duration for Request 4b7c8c4f-c408-4c24-87d9-4bdda151101f: 1717 ms
Input: 5000000,
Cold Start: false
Unique ID: 215e7e1c-3743-49ed-b28b-e9a4bfc3d85f,
Billed Duration for Request 215e7e1c-3743-49ed-b28b-e9a4bfc3d85f: 1753 ms
Input: 5000000,
Cold Start: false
Unique ID: ba1fa69b-f068-4850-90f8-f53ef82b4033,
Billed Duration for Request ba1fa69b-f068-4850-90f8-f53ef82b4033: 1805 ms
Input: 5000000,
Cold Start: false
Unique ID: f5b29c03-b696-4919-a363-90bbd88477fd,
Billed Duration for Request f5b29c03-b696-4919-a363-90bbd88477fd: 1808 ms
Input: 5000000,
Cold Start: false
Unique ID: 21230ba9-bb0d-4b8f-bde9-c6434ac5a3c8,
Billed Duration for Request 21230ba9-bb0d-4b8f-bde9-c6434ac5a3c8: 1745 ms
Input: 5000000,
Cold Start: false
Unique ID: 491c4399-9b23-4e65-bfdc-00a3f48e5ca4,
Billed Duration for Request 491c4399-9b23-4e65-bfdc-00a3f48e5ca4: 1813 ms
Input: 5000000,
Cold Start: false
Unique ID: bfd4aa42-4a4e-457e-adeb-7e94ffb598b7,
Billed Duration for Request bfd4aa42-4a4e-457e-adeb-7e94ffb598b7: 1753 ms
Input: 5000000,
Cold Start: false
Unique ID: a5f016cd-d6e6-4449-af71-77950e057444,
Billed Duration for Request a5f016cd-d6e6-4449-af71-77950e057444: 1761 ms
Input: 5000000,
Cold Start: false
Unique ID: bf2ac34f-546a-4024-bf05-249ea2d4c117,
Billed Duration for Request bf2ac34f-546a-4024-bf05-249ea2d4c117: 1775 ms
Input: 5000000,
Cold Start: false
Unique ID: ebc33702-d4ae-40f6-a737-02d95b0fb1de,
Billed Duration for Request ebc33702-d4ae-40f6-a737-02d95b0fb1de: 1800 ms
Input: 5000000,
Cold Start: false
Unique ID: cdb46776-a60f-4d93-b2ea-eee8e6c93777,
Billed Duration for Request cdb46776-a60f-4d93-b2ea-eee8e6c93777: 1828 ms
Input: 5000000,
Cold Start: false
Unique ID: 184dcee8-81bd-41c1-af9d-817c52f989e6,
Billed Duration for Request 184dcee8-81bd-41c1-af9d-817c52f989e6: 1802 ms
Input: 5000000,
Cold Start: false
Unique ID: 6796232e-e900-4ae0-bdc1-63465ff70b5b,
Billed Duration for Request 6796232e-e900-4ae0-bdc1-63465ff70b5b: 1737 ms
Input: 5000000,
Cold Start: false
Unique ID: 404e909b-3655-4eea-9007-5cb0122ec895,
Billed Duration for Request 404e909b-3655-4eea-9007-5cb0122ec895: 1811 ms
Input: 5000000,
Cold Start: false
Unique ID: dbaf3c45-f808-4db0-a069-ea26da4da2d8,
Billed Duration for Request dbaf3c45-f808-4db0-a069-ea26da4da2d8: 1770 ms
Input: 5000000,
Cold Start: false
Unique ID: 2afc8a1b-90e0-4e1c-83a4-3ba486cca98d,
Billed Duration for Request 2afc8a1b-90e0-4e1c-83a4-3ba486cca98d: 1779 ms
Input: 5000000,
Cold Start: false
Unique ID: fad9e2d4-e7f9-40db-8c9c-4eed7292a0e9,
Billed Duration for Request fad9e2d4-e7f9-40db-8c9c-4eed7292a0e9: 1779 ms
Input: 5000000,
Cold Start: false
Unique ID: 6857da53-75da-44b6-acff-617213b4c2c3,
Billed Duration for Request 6857da53-75da-44b6-acff-617213b4c2c3: 1744 ms
Input: 5000000,
Cold Start: false
Unique ID: 6d2f2569-a1b1-4eba-8bb0-85f4f0e73c04,
Billed Duration for Request 6d2f2569-a1b1-4eba-8bb0-85f4f0e73c04: 1839 ms
Input: 5000000,
Cold Start: false
Unique ID: 84e293e4-2a22-44b6-95be-04e2c892a33a,
Billed Duration for Request 84e293e4-2a22-44b6-95be-04e2c892a33a: 1726 ms
Input: 5000000,
Cold Start: false
Unique ID: d6257992-b40f-489f-bfd5-060e59e373f2,
Billed Duration for Request d6257992-b40f-489f-bfd5-060e59e373f2: 1811 ms
Input: 5000000,
Cold Start: false
Unique ID: 579dfe9a-5b70-4544-9a50-9f326bb9fd17,
Billed Duration for Request 579dfe9a-5b70-4544-9a50-9f326bb9fd17: 1762 ms
Input: 5000000,
Cold Start: false
Unique ID: 97e3c715-aa70-4129-84bc-7a217dd1f202,
Billed Duration for Request 97e3c715-aa70-4129-84bc-7a217dd1f202: 1795 ms
Input: 5000000,
Cold Start: false
Unique ID: 69d105da-6789-4b8f-84e8-31458eda1ef4,
Billed Duration for Request 69d105da-6789-4b8f-84e8-31458eda1ef4: 1816 ms
Input: 5000000,
Cold Start: false
Unique ID: c60c7750-dd0d-4289-8721-e15d872f70fb,
Billed Duration for Request c60c7750-dd0d-4289-8721-e15d872f70fb: 1732 ms
Input: 5000000,
Cold Start: false
Unique ID: 3760e1a4-8773-497d-a329-e126fab7f14c,
Billed Duration for Request 3760e1a4-8773-497d-a329-e126fab7f14c: 1778 ms
Input: 5000000,
Cold Start: false
Unique ID: 4d86ab1c-64e0-451d-9286-df91c970a051,
Billed Duration for Request 4d86ab1c-64e0-451d-9286-df91c970a051: 1827 ms
Input: 5000000,
Cold Start: false
Unique ID: 9c325091-7f10-4c7c-af7f-a0356ede16f8,
Billed Duration for Request 9c325091-7f10-4c7c-af7f-a0356ede16f8: 1754 ms
Input: 5000000,
Cold Start: false
Unique ID: 7325c48a-26ce-477f-9bf1-e0aa14daeffb,
Billed Duration for Request 7325c48a-26ce-477f-9bf1-e0aa14daeffb: 1767 ms
Input: 5000000,
Cold Start: false
Unique ID: 2abd1000-2a18-40b8-989a-a8611c549b6b,
Billed Duration for Request 2abd1000-2a18-40b8-989a-a8611c549b6b: 1811 ms
Input: 5000000,
Cold Start: false
Unique ID: 0ef4bf75-e3d5-46b3-b5f6-7052ed074765,
Billed Duration for Request 0ef4bf75-e3d5-46b3-b5f6-7052ed074765: 1796 ms
Input: 5000000,
Cold Start: false
Unique ID: 444a2e01-a45f-4516-aa60-d41333767777,
Billed Duration for Request 444a2e01-a45f-4516-aa60-d41333767777: 1788 ms
Input: 5000000,
Cold Start: false
Unique ID: b3d0daf0-e323-4c0b-850b-9a3bc7900054,
Billed Duration for Request b3d0daf0-e323-4c0b-850b-9a3bc7900054: 1731 ms
Input: 5000000,
Cold Start: false
Unique ID: b8f81cb4-c985-40d6-a72f-bfc74ef6ad42,
Billed Duration for Request b8f81cb4-c985-40d6-a72f-bfc74ef6ad42: 1805 ms
Input: 5000000,
Cold Start: false
Unique ID: a0c4ad8b-7dda-4647-b64e-9f8efd550981,
Billed Duration for Request a0c4ad8b-7dda-4647-b64e-9f8efd550981: 1774 ms
Input: 5000000,
Cold Start: false
Unique ID: 3ff9ac7c-4cdf-4e1f-b48f-44c76f54a240,
Billed Duration for Request 3ff9ac7c-4cdf-4e1f-b48f-44c76f54a240: 1762 ms
Input: 5000000,
Cold Start: false
Unique ID: e7942d2f-f26f-4dcb-8cda-3d516e91d416,
Billed Duration for Request e7942d2f-f26f-4dcb-8cda-3d516e91d416: 1803 ms
Input: 5000000,
Cold Start: false
Unique ID: a2b5e13a-6a46-46cf-a766-ffd6d0c22c00,
Billed Duration for Request a2b5e13a-6a46-46cf-a766-ffd6d0c22c00: 1770 ms
Input: 5000000,
Cold Start: false
Unique ID: 184e2ac5-74cf-4ffe-ae59-5a4c0425f008,
Billed Duration for Request 184e2ac5-74cf-4ffe-ae59-5a4c0425f008: 1743 ms
Input: 5000000,
Cold Start: false
Unique ID: 3e67a1a5-6f4f-4a8f-9bc7-70a29de62420,
Billed Duration for Request 3e67a1a5-6f4f-4a8f-9bc7-70a29de62420: 1717 ms
Input: 5000000,
Cold Start: false
Unique ID: adad3329-33b2-4dfe-bc99-62af53ec8a43,
Billed Duration for Request adad3329-33b2-4dfe-bc99-62af53ec8a43: 1807 ms
Input: 5000000,
Cold Start: false
Unique ID: b8fc0e04-1603-4dd7-8b8e-b51bf3e36b17,
Billed Duration for Request b8fc0e04-1603-4dd7-8b8e-b51bf3e36b17: 1793 ms
Input: 5000000,
Cold Start: false
Unique ID: 36b9f369-0e33-4454-91d9-92f6b0ffd12b,
Billed Duration for Request 36b9f369-0e33-4454-91d9-92f6b0ffd12b: 1775 ms
Input: 5000000,
Cold Start: false
Unique ID: bdf814f9-d723-4ff3-9bd5-096f5e6c979f,
Billed Duration for Request bdf814f9-d723-4ff3-9bd5-096f5e6c979f: 1807 ms
Input: 5000000,
Cold Start: false
Unique ID: a85eebd5-9b30-4ddc-9538-a2f93ff20ccd,
Billed Duration for Request a85eebd5-9b30-4ddc-9538-a2f93ff20ccd: 1726 ms
Input: 5000000,
Cold Start: false
Unique ID: 50222bf1-4353-4540-a006-fdafb05640fc,
Billed Duration for Request 50222bf1-4353-4540-a006-fdafb05640fc: 1776 ms
Input: 5000000,
Cold Start: false
Unique ID: 21170d5d-b243-4754-9790-7c1c6646f37a,
Billed Duration for Request 21170d5d-b243-4754-9790-7c1c6646f37a: 1794 ms
Input: 5000000,
Cold Start: false
Unique ID: bff1a4a0-eaea-4fdb-b873-7e3c8df2fb6f,
Billed Duration for Request bff1a4a0-eaea-4fdb-b873-7e3c8df2fb6f: 1756 ms
Input: 5000000,
Cold Start: false
Unique ID: a9251263-35a1-4ff7-ae3c-f4604dfe7028,
Billed Duration for Request a9251263-35a1-4ff7-ae3c-f4604dfe7028: 1767 ms
Input: 5000000,
Cold Start: false
Unique ID: ad14b85a-250b-4d68-a66e-f9f77577c316,
Billed Duration for Request ad14b85a-250b-4d68-a66e-f9f77577c316: 1792 ms
Input: 5000000,
Cold Start: false
Unique ID: 38444d54-bf02-4418-880b-264e17c8de03,
Billed Duration for Request 38444d54-bf02-4418-880b-264e17c8de03: 1820 ms
Input: 5000000,
Cold Start: false
Unique ID: ac4250e4-016b-4e2f-99f5-e717aa26a150,
Billed Duration for Request ac4250e4-016b-4e2f-99f5-e717aa26a150: 1772 ms
Input: 5000000,
Cold Start: false
Unique ID: 789e1e39-98d1-476e-a4a0-158c715710f4,
Billed Duration for Request 789e1e39-98d1-476e-a4a0-158c715710f4: 1798 ms
Input: 5000000,
Cold Start: false
Unique ID: e0a1139b-6128-4781-ad25-2529d766e9d0,
Billed Duration for Request e0a1139b-6128-4781-ad25-2529d766e9d0: 1716 ms
Input: 5000000,
Cold Start: false
Unique ID: 1b41bb17-717d-43e6-98fe-1de6d0f6e17b,
Billed Duration for Request 1b41bb17-717d-43e6-98fe-1de6d0f6e17b: 1772 ms
Input: 5000000,
Cold Start: false
Unique ID: 4f434b6c-ad1a-42c7-9047-2fae45ed9833,
Billed Duration for Request 4f434b6c-ad1a-42c7-9047-2fae45ed9833: 1749 ms
Input: 5000000,
Cold Start: false
Unique ID: 75e74188-2ee5-4dfe-b2b7-a7e599cab292,
Billed Duration for Request 75e74188-2ee5-4dfe-b2b7-a7e599cab292: 1807 ms
Input: 5000000,
Cold Start: false
Unique ID: 6b9736c0-c51a-44a7-94f4-d8b8be435aad,
Billed Duration for Request 6b9736c0-c51a-44a7-94f4-d8b8be435aad: 1763 ms
Input: 5000000,
Cold Start: false
Unique ID: d557993d-b399-4bca-99c8-a14f4bcbcc92,
Billed Duration for Request d557993d-b399-4bca-99c8-a14f4bcbcc92: 1741 ms
Input: 5000000,
Cold Start: false
Unique ID: f89b8c17-9c2f-4aab-b59b-67a92cc81ee0,
Billed Duration for Request f89b8c17-9c2f-4aab-b59b-67a92cc81ee0: 1686 ms
Input: 5000000,
Cold Start: false
Unique ID: 604305e4-9f8f-41c6-ae2e-0e012151b2c6,
Billed Duration for Request 604305e4-9f8f-41c6-ae2e-0e012151b2c6: 1782 ms
Input: 5000000,
Cold Start: false
Unique ID: 0059ffcb-ab0c-43a6-b8b9-9f3ea8d48f5b,
Billed Duration for Request 0059ffcb-ab0c-43a6-b8b9-9f3ea8d48f5b: 1816 ms
Input: 5000000,
Cold Start: false
Unique ID: e7ba6fc7-562a-4152-aa73-c0cb47165178,
Billed Duration for Request e7ba6fc7-562a-4152-aa73-c0cb47165178: 1811 ms
Input: 5000000,
Cold Start: false
Unique ID: bce9a5c9-a07f-4a8c-bb35-15f957bf04da,
Billed Duration for Request bce9a5c9-a07f-4a8c-bb35-15f957bf04da: 1789 ms
Input: 5000000,
Cold Start: false
Unique ID: 4a83636b-f4ac-49e7-8c50-a720c8c4f179,
Billed Duration for Request 4a83636b-f4ac-49e7-8c50-a720c8c4f179: 1817 ms
Input: 5000000,
Cold Start: false
Unique ID: 7db91d4c-d43f-49a9-bc98-3ed7b2ad58d9,
Billed Duration for Request 7db91d4c-d43f-49a9-bc98-3ed7b2ad58d9: 1798 ms
Input: 5000000,
Cold Start: false
Unique ID: cbcf9018-d635-45d7-a07f-f631fcdd6bf0,
Billed Duration for Request cbcf9018-d635-45d7-a07f-f631fcdd6bf0: 1756 ms
Input: 5000000,
Cold Start: false
Unique ID: 69aa102f-a205-420c-b42a-b0fe87516994,
Billed Duration for Request 69aa102f-a205-420c-b42a-b0fe87516994: 1758 ms
Input: 5000000,
Cold Start: false
Unique ID: 035397bd-8a7d-4460-8699-416f52c18662,
Billed Duration for Request 035397bd-8a7d-4460-8699-416f52c18662: 1802 ms
Input: 5000000,
Cold Start: false
Unique ID: 05a9e0dc-d277-4e8e-821e-41d20dcd55a0,
Billed Duration for Request 05a9e0dc-d277-4e8e-821e-41d20dcd55a0: 1763 ms
Input: 5000000,
Cold Start: false
Unique ID: 272a8610-d176-40b5-a1c5-8acf8d64c150,
Billed Duration for Request 272a8610-d176-40b5-a1c5-8acf8d64c150: 1820 ms
Input: 5000000,
Cold Start: false
Unique ID: 4028e080-a1b0-4c6e-a385-89b17cabf5d4,
Billed Duration for Request 4028e080-a1b0-4c6e-a385-89b17cabf5d4: 1706 ms
Input: 5000000,
Cold Start: false
Unique ID: 9bd8392c-bc6c-40a0-91dd-48e58780bb7f,
Billed Duration for Request 9bd8392c-bc6c-40a0-91dd-48e58780bb7f: 1821 ms
Input: 5000000,
Cold Start: false
Unique ID: 6011672f-3b8c-4ffa-926b-63217eb351f8,
Billed Duration for Request 6011672f-3b8c-4ffa-926b-63217eb351f8: 1755 ms
Input: 5000000,
Cold Start: false
Unique ID: 40be639b-0273-4494-920b-9041599b08ac,
Billed Duration for Request 40be639b-0273-4494-920b-9041599b08ac: 1770 ms
Input: 5000000,
Cold Start: false
Unique ID: 20e65246-9884-472f-8410-9c4eabefd584,
Billed Duration for Request 20e65246-9884-472f-8410-9c4eabefd584: 1784 ms
Input: 5000000,
Cold Start: false
Unique ID: 01123d36-0d03-4f4d-b4aa-f1d37cd5c2ac,
Billed Duration for Request 01123d36-0d03-4f4d-b4aa-f1d37cd5c2ac: 1734 ms
Input: 5000000,
Cold Start: false
Unique ID: b27ca16c-111d-43f6-bfaf-398d9b924eb7,
Billed Duration for Request b27ca16c-111d-43f6-bfaf-398d9b924eb7: 1806 ms
Input: 5000000,
Cold Start: false
Unique ID: b96cc772-4a0b-4a88-8a40-22e04d0b8f66,
Billed Duration for Request b96cc772-4a0b-4a88-8a40-22e04d0b8f66: 1725 ms
Input: 5000000,
Cold Start: false
Unique ID: 083d5131-f27d-4482-b666-f9c39a05ae10,
Billed Duration for Request 083d5131-f27d-4482-b666-f9c39a05ae10: 1824 ms
Input: 5000000,
Cold Start: false
Unique ID: 47d4f4a4-6a89-4242-ab76-71762b888b1c,
Billed Duration for Request 47d4f4a4-6a89-4242-ab76-71762b888b1c: 1802 ms
Input: 5000000,
Cold Start: false
Unique ID: 5e7be84e-67c9-4946-b548-85b2f39f0d7a,
Billed Duration for Request 5e7be84e-67c9-4946-b548-85b2f39f0d7a: 1784 ms
Input: 5000000,
Cold Start: false
Unique ID: eb06f11e-8f9f-44b2-af4b-029312868f84,
Billed Duration for Request eb06f11e-8f9f-44b2-af4b-029312868f84: 1846 ms
Input: 5000000,
Cold Start: false
Unique ID: 59b0fc1c-c7d5-44af-920d-67533de4ab6d,
Billed Duration for Request 59b0fc1c-c7d5-44af-920d-67533de4ab6d: 1821 ms
Input: 5000000,
Cold Start: false
Unique ID: d115d09c-1969-4f10-beb9-27ba10587f03,
Billed Duration for Request d115d09c-1969-4f10-beb9-27ba10587f03: 1732 ms
Input: 5000000,
Cold Start: false
Unique ID: b3426ad8-95bc-4e4b-894c-8a10927b3439,
Billed Duration for Request b3426ad8-95bc-4e4b-894c-8a10927b3439: 1789 ms
Input: 5000000,
Cold Start: false
Unique ID: 0dfed6f1-8a0c-46de-9844-ae53f60cd21b,
Billed Duration for Request 0dfed6f1-8a0c-46de-9844-ae53f60cd21b: 1793 ms
Input: 5000000,
Cold Start: false
Unique ID: 296207b7-c826-4028-861f-1b06abb826f8,
Billed Duration for Request 296207b7-c826-4028-861f-1b06abb826f8: 1754 ms
Input: 5000000,
Cold Start: false
Unique ID: c465bfa2-54e9-4da0-9e58-7c65aa3dcf9f,
Billed Duration for Request c465bfa2-54e9-4da0-9e58-7c65aa3dcf9f: 1772 ms
Input: 5000000,
Cold Start: false
Unique ID: 65c7501a-2ad7-42ce-ab85-6f4db542d04d,
Billed Duration for Request 65c7501a-2ad7-42ce-ab85-6f4db542d04d: 1798 ms
Input: 5000000,
Cold Start: false
Unique ID: 8cf99cbd-228c-4ec5-8a9a-962781616836,
Billed Duration for Request 8cf99cbd-228c-4ec5-8a9a-962781616836: 1801 ms
Input: 5000000,
Cold Start: false
Unique ID: 22746fa2-ab67-4733-94de-db3b30364f08,
Billed Duration for Request 22746fa2-ab67-4733-94de-db3b30364f08: 1822 ms
Input: 5000000,
Cold Start: false
Unique ID: fddc6ccf-3434-418f-b5c9-a765e135ae81,
Billed Duration for Request fddc6ccf-3434-418f-b5c9-a765e135ae81: 1737 ms
Input: 5000000,
Cold Start: false
Unique ID: 41bd25bc-35e5-4994-98f8-cf8463f3cdf5,
Billed Duration for Request 41bd25bc-35e5-4994-98f8-cf8463f3cdf5: 1772 ms
Input: 5000000,
Cold Start: false
Unique ID: 33f280e3-9437-4e8c-9f71-798d46ee28b8,
Billed Duration for Request 33f280e3-9437-4e8c-9f71-798d46ee28b8: 1751 ms
Input: 5000000,
Cold Start: false
Unique ID: 2f739b76-fd3f-4c15-8915-d51e65ef7dca,
Billed Duration for Request 2f739b76-fd3f-4c15-8915-d51e65ef7dca: 1817 ms
Input: 5000000,
Cold Start: false
Unique ID: b71423fc-2c11-4509-af32-aaeadbc34ed1,
Billed Duration for Request b71423fc-2c11-4509-af32-aaeadbc34ed1: 1749 ms
Input: 5000000,
Cold Start: false
Unique ID: e47e0ce7-3dc1-4361-bbc1-2aedf762bc0f,
Billed Duration for Request e47e0ce7-3dc1-4361-bbc1-2aedf762bc0f: 1823 ms
Input: 5000000,
Cold Start: false
Unique ID: b3cc3f99-db90-42a3-a1c5-8b5dcb5b4cfb,
Billed Duration for Request b3cc3f99-db90-42a3-a1c5-8b5dcb5b4cfb: 1716 ms
Input: 5000000,
Cold Start: false
Unique ID: 9f92fe41-d223-479a-bce9-2c452d914a95,
Billed Duration for Request 9f92fe41-d223-479a-bce9-2c452d914a95: 1810 ms
Input: 5000000,
Cold Start: false
Unique ID: 66c314d1-5cc8-468b-b07e-3c28cc342a29,
Billed Duration for Request 66c314d1-5cc8-468b-b07e-3c28cc342a29: 1803 ms
Input: 5000000,
Cold Start: false
Unique ID: fbfab817-b97b-4640-90e0-d8c4d7b77f38,
Billed Duration for Request fbfab817-b97b-4640-90e0-d8c4d7b77f38: 1756 ms
Input: 5000000,
Cold Start: false
Unique ID: 47e59fc9-76ef-4f94-b231-efd52a3ae5fe,
Billed Duration for Request 47e59fc9-76ef-4f94-b231-efd52a3ae5fe: 1785 ms
Input: 5000000,
Cold Start: false
Unique ID: 484fa1a8-f56d-485e-a5c9-e1a4afdd1424,
Billed Duration for Request 484fa1a8-f56d-485e-a5c9-e1a4afdd1424: 1738 ms
Input: 5000000,
Cold Start: false
Unique ID: d755b062-9a57-4a07-abcb-b71fe9c4ad2b,
Billed Duration for Request d755b062-9a57-4a07-abcb-b71fe9c4ad2b: 1795 ms
Input: 5000000,
Cold Start: false
Unique ID: d16ab135-d818-4537-9338-00cc1268c5d3,
Billed Duration for Request d16ab135-d818-4537-9338-00cc1268c5d3: 1777 ms
Input: 5000000,
Cold Start: false
Unique ID: 3487776c-6938-41e0-9053-311da6852df7,
Billed Duration for Request 3487776c-6938-41e0-9053-311da6852df7: 1753 ms
Input: 5000000,
Cold Start: false
Unique ID: c8220cb4-4d29-4f0c-a814-4d109cb62263,
Billed Duration for Request c8220cb4-4d29-4f0c-a814-4d109cb62263: 1786 ms
Input: 5000000,
Cold Start: false
Unique ID: 7e4aabce-5e41-479e-ac62-f86cb103f0b1,
Billed Duration for Request 7e4aabce-5e41-479e-ac62-f86cb103f0b1: 1823 ms
Input: 5000000,
Cold Start: false
Unique ID: bd01494e-afed-4662-9d48-2831d77bc0d2,
Billed Duration for Request bd01494e-afed-4662-9d48-2831d77bc0d2: 1810 ms
Input: 5000000,
Cold Start: false
Unique ID: 10d6a063-f7bd-407c-9144-9aaab6879b9e,
Billed Duration for Request 10d6a063-f7bd-407c-9144-9aaab6879b9e: 1795 ms
Input: 5000000,
Cold Start: false
Unique ID: dadcfb99-812b-48bd-be39-95061363acbc,
Billed Duration for Request dadcfb99-812b-48bd-be39-95061363acbc: 1826 ms
Input: 5000000,
Cold Start: false
Unique ID: 191b17a1-7d3d-4a4e-ba5d-02025b8cc616,
Billed Duration for Request 191b17a1-7d3d-4a4e-ba5d-02025b8cc616: 1746 ms
Input: 5000000,
Cold Start: false
Unique ID: 64c4b555-a41d-4a78-ab90-e67e00f46dbb,
Billed Duration for Request 64c4b555-a41d-4a78-ab90-e67e00f46dbb: 1774 ms
Input: 5000000,
Cold Start: false
Unique ID: 7c1c937f-45ad-4030-82d1-8e69f5886ca9,
Billed Duration for Request 7c1c937f-45ad-4030-82d1-8e69f5886ca9: 1759 ms
Input: 5000000,
Cold Start: false
Unique ID: a3d75f91-4c15-4814-ad74-811eda72a880,
Billed Duration for Request a3d75f91-4c15-4814-ad74-811eda72a880: 1771 ms
Input: 5000000,
Cold Start: false
Unique ID: 268ce341-af64-4b86-93bc-8d6c9562b919,
Billed Duration for Request 268ce341-af64-4b86-93bc-8d6c9562b919: 1795 ms
Input: 5000000,
Cold Start: false
Unique ID: e2862e43-56db-4427-92cd-6a35968e74e7,
Billed Duration for Request e2862e43-56db-4427-92cd-6a35968e74e7: 1713 ms
Input: 5000000,
Cold Start: false
Unique ID: d2c73560-0dd1-4be7-93f5-29fc313b307c,
Billed Duration for Request d2c73560-0dd1-4be7-93f5-29fc313b307c: 1722 ms
Input: 5000000,
Cold Start: false
Unique ID: be390aba-35e5-495d-a1a0-66c7cfb14264,
Billed Duration for Request be390aba-35e5-495d-a1a0-66c7cfb14264: 1816 ms
Input: 5000000,
Cold Start: false
Unique ID: 04f64886-7c75-40b7-a3ff-1538c571ff80,
Billed Duration for Request 04f64886-7c75-40b7-a3ff-1538c571ff80: 1763 ms
Input: 5000000,
Cold Start: false
Unique ID: 4c512707-8d01-4d82-b8de-17e3c4621fe9,
Billed Duration for Request 4c512707-8d01-4d82-b8de-17e3c4621fe9: 1806 ms
Input: 5000000,
Cold Start: false
Unique ID: 045d5f0a-86b3-4bbc-8348-2d05ef46b298,
Billed Duration for Request 045d5f0a-86b3-4bbc-8348-2d05ef46b298: 1808 ms
Input: 5000000,
Cold Start: false
Unique ID: 37d6674e-8bc1-476a-9bba-a0877f83d75b,
Billed Duration for Request 37d6674e-8bc1-476a-9bba-a0877f83d75b: 1792 ms
Input: 5000000,
Cold Start: false
Unique ID: da68607e-d203-4543-bb24-e63799ed4da7,
Billed Duration for Request da68607e-d203-4543-bb24-e63799ed4da7: 1741 ms
Input: 5000000,
Cold Start: false
Unique ID: bb53dbed-d2e8-41c3-ad17-2ad286fdb6a3,
Billed Duration for Request bb53dbed-d2e8-41c3-ad17-2ad286fdb6a3: 1771 ms
Input: 5000000,
Cold Start: false
Unique ID: d823e1a8-0da9-4073-a51e-409c6f81051c,
Billed Duration for Request d823e1a8-0da9-4073-a51e-409c6f81051c: 1768 ms
Input: 5000000,
Cold Start: false
Unique ID: 26cbc054-a5b5-405e-84c7-1b1491eb99bb,
Billed Duration for Request 26cbc054-a5b5-405e-84c7-1b1491eb99bb: 1750 ms
Input: 5000000,
Cold Start: false
Unique ID: dc0fcb15-1105-4948-b779-1989d248102f,
Billed Duration for Request dc0fcb15-1105-4948-b779-1989d248102f: 1791 ms
Input: 5000000,
Cold Start: false
Unique ID: 8ed954ff-2af4-41fb-ab22-bab2e605b9d8,
Billed Duration for Request 8ed954ff-2af4-41fb-ab22-bab2e605b9d8: 1779 ms
Input: 5000000,
Cold Start: false
Unique ID: f7a18eb5-d743-4e53-888f-27356118a5b2,
Billed Duration for Request f7a18eb5-d743-4e53-888f-27356118a5b2: 1803 ms
Input: 5000000,
Cold Start: false
Unique ID: 773f24f0-576d-4061-8ee7-d9310b705fcd,
Billed Duration for Request 773f24f0-576d-4061-8ee7-d9310b705fcd: 1727 ms
Input: 5000000,
Cold Start: false
Unique ID: b7385836-2b7c-4f02-810b-b3449d8973f5,
Billed Duration for Request b7385836-2b7c-4f02-810b-b3449d8973f5: 1804 ms
Input: 5000000,
Cold Start: false
Unique ID: cfabd50a-ed0d-4374-bc08-71a8428b9d22,
Billed Duration for Request cfabd50a-ed0d-4374-bc08-71a8428b9d22: 1784 ms
Input: 5000000,
Cold Start: false
Unique ID: d5f8dee4-f1a5-4e8e-aff3-d465545dd3d2,
Billed Duration for Request d5f8dee4-f1a5-4e8e-aff3-d465545dd3d2: 1759 ms
Input: 5000000,
Cold Start: false
Unique ID: fab29211-c77e-4ff9-911d-e57540f4d806,
Billed Duration for Request fab29211-c77e-4ff9-911d-e57540f4d806: 1772 ms
Input: 5000000,
Cold Start: false
Unique ID: 8946cbd5-7e41-4718-a663-560953d5c2a4,
Billed Duration for Request 8946cbd5-7e41-4718-a663-560953d5c2a4: 1738 ms
Input: 5000000,
Cold Start: false
Unique ID: 87d63ece-c465-4c3c-8624-7b83ef3edc31,
Billed Duration for Request 87d63ece-c465-4c3c-8624-7b83ef3edc31: 1787 ms
Input: 5000000,
Cold Start: false
Unique ID: 52ef9416-7dcf-4b0f-920c-5b0743337791,
Billed Duration for Request 52ef9416-7dcf-4b0f-920c-5b0743337791: 1818 ms
Input: 5000000,
Cold Start: false
Unique ID: 609ac8ac-8b55-4454-88db-f1b3fec86a2e,
Billed Duration for Request 609ac8ac-8b55-4454-88db-f1b3fec86a2e: 1723 ms
Input: 5000000,
Cold Start: false
Unique ID: 331b7fa1-fa42-497e-ae35-e5d022a832ac,
Billed Duration for Request 331b7fa1-fa42-497e-ae35-e5d022a832ac: 1796 ms
Input: 5000000,
Cold Start: false
Unique ID: b379af06-4e62-48de-a4e0-c15c0a7ea561,
Billed Duration for Request b379af06-4e62-48de-a4e0-c15c0a7ea561: 1801 ms
Input: 5000000,
Cold Start: false
Unique ID: 17b86e03-a31c-420a-b55a-cbebc0e646e6,
Billed Duration for Request 17b86e03-a31c-420a-b55a-cbebc0e646e6: 1813 ms
Input: 5000000,
Cold Start: false
Unique ID: df0422c9-0071-4faf-bf6b-a729ac88ad46,
Billed Duration for Request df0422c9-0071-4faf-bf6b-a729ac88ad46: 1724 ms
Input: 5000000,
Cold Start: false
Unique ID: cf055b9f-dcbd-4ecf-98b7-a424812e9965,
Billed Duration for Request cf055b9f-dcbd-4ecf-98b7-a424812e9965: 1788 ms
Input: 5000000,
Cold Start: false
Unique ID: 57aa50cf-13f4-44f0-8027-ebdb47bb157f,
Billed Duration for Request 57aa50cf-13f4-44f0-8027-ebdb47bb157f: 1771 ms
Input: 5000000,
Cold Start: false
Unique ID: 0b92e8cc-478a-4fb3-9565-3b764c83126b,
Billed Duration for Request 0b92e8cc-478a-4fb3-9565-3b764c83126b: 1753 ms
Input: 5000000,
Cold Start: false
Unique ID: 6aaaaa18-63a1-4598-ba25-79cc0cf8aae9,
Billed Duration for Request 6aaaaa18-63a1-4598-ba25-79cc0cf8aae9: 1770 ms
Input: 5000000,
Cold Start: false
Unique ID: b22523d5-7767-4f66-8c61-0a2aabec1815,
Billed Duration for Request b22523d5-7767-4f66-8c61-0a2aabec1815: 1783 ms
Input: 5000000,
Cold Start: false
Unique ID: a5b97eea-5a5f-4578-933c-4e0df7c3bf7a,
Billed Duration for Request a5b97eea-5a5f-4578-933c-4e0df7c3bf7a: 1809 ms
Input: 5000000,
Cold Start: false
Unique ID: 38d39577-15ba-4b52-8de9-0b162cc415e4,
Billed Duration for Request 38d39577-15ba-4b52-8de9-0b162cc415e4: 1822 ms
Input: 5000000,
Cold Start: false
Unique ID: ab17277c-e87f-4663-9d5a-98eeb62c6cf1,
Billed Duration for Request ab17277c-e87f-4663-9d5a-98eeb62c6cf1: 1712 ms
Input: 5000000,
Cold Start: false
Unique ID: b601b5f3-5435-49ab-9e8e-ca03c7e44471,
Billed Duration for Request b601b5f3-5435-49ab-9e8e-ca03c7e44471: 1819 ms
Input: 5000000,
Cold Start: false
Unique ID: 806a3fe7-632a-4114-83af-256ebc765993,
Billed Duration for Request 806a3fe7-632a-4114-83af-256ebc765993: 1769 ms
Input: 5000000,
Cold Start: false
Unique ID: 01ba54ed-15b0-446e-84bc-24cd59795e02,
Billed Duration for Request 01ba54ed-15b0-446e-84bc-24cd59795e02: 1771 ms
Input: 5000000,
Cold Start: false
Unique ID: f15d62df-4011-4bfb-964a-c9f816e1873e,
Billed Duration for Request f15d62df-4011-4bfb-964a-c9f816e1873e: 1782 ms
Input: 5000000,
Cold Start: false
Unique ID: a0358bc2-c83a-43d4-9e80-cd461fe918b2,
Billed Duration for Request a0358bc2-c83a-43d4-9e80-cd461fe918b2: 1728 ms
Input: 5000000,
Cold Start: false
Unique ID: 45faa80d-e45f-41d7-9001-530e53444548,
Billed Duration for Request 45faa80d-e45f-41d7-9001-530e53444548: 1796 ms
Input: 5000000,
Cold Start: false
Unique ID: ffbbfb5e-526b-4252-8ecb-c41457ae4c93,
Billed Duration for Request ffbbfb5e-526b-4252-8ecb-c41457ae4c93: 1725 ms
Input: 5000000,
Cold Start: false
Unique ID: b61bf347-35ec-4a78-ab46-d52222e5887a,
Billed Duration for Request b61bf347-35ec-4a78-ab46-d52222e5887a: 1807 ms
Input: 5000000,
Cold Start: false
Unique ID: 22b6c867-7205-42a6-9d45-c68ad28308a0,
Billed Duration for Request 22b6c867-7205-42a6-9d45-c68ad28308a0: 1816 ms
Input: 5000000,
Cold Start: false
Unique ID: a72f9d70-0a5a-4659-9336-0f05ef2d1288,
Billed Duration for Request a72f9d70-0a5a-4659-9336-0f05ef2d1288: 1809 ms
Input: 5000000,
Cold Start: false
Unique ID: bca132b9-3bc5-4066-8a85-1fc7ad02091d,
Billed Duration for Request bca132b9-3bc5-4066-8a85-1fc7ad02091d: 1791 ms
Input: 5000000,
Cold Start: false
Unique ID: ac75f382-3b9a-4c29-97f2-07a2415fadf2,
Billed Duration for Request ac75f382-3b9a-4c29-97f2-07a2415fadf2: 1724 ms
Input: 5000000,
Cold Start: false
Unique ID: 991ad57d-268f-4286-8436-19cad7ded428,
Billed Duration for Request 991ad57d-268f-4286-8436-19cad7ded428: 1770 ms
Input: 5000000,
Cold Start: false
Unique ID: 6d7197e9-fff6-48db-9b4d-2ca5b288e6d0,
Billed Duration for Request 6d7197e9-fff6-48db-9b4d-2ca5b288e6d0: 1762 ms
Input: 5000000,
Cold Start: false
Unique ID: c0564128-fb19-4403-9b1e-4c8811b911d9,
Billed Duration for Request c0564128-fb19-4403-9b1e-4c8811b911d9: 1759 ms
Input: 5000000,
Cold Start: false
Unique ID: fe03cee5-32f0-4291-9e5f-f97835aa6261,
Billed Duration for Request fe03cee5-32f0-4291-9e5f-f97835aa6261: 1801 ms
Input: 5000000,
Cold Start: false
Unique ID: cc457fb9-8c62-44b0-869f-7ed27b15d771,
Billed Duration for Request cc457fb9-8c62-44b0-869f-7ed27b15d771: 1795 ms
Input: 5000000,
Cold Start: false
Unique ID: a181f183-b67d-4165-b26e-7b2c8b0d3ba2,
Billed Duration for Request a181f183-b67d-4165-b26e-7b2c8b0d3ba2: 1829 ms
Input: 5000000,
Cold Start: false
Unique ID: d288b7e4-5661-4834-8501-198eeaa6187e,
Billed Duration for Request d288b7e4-5661-4834-8501-198eeaa6187e: 1807 ms
Input: 5000000,
Cold Start: false
Unique ID: bb7420c6-a041-4a95-a41d-72ece509cb1d,
Billed Duration for Request bb7420c6-a041-4a95-a41d-72ece509cb1d: 1813 ms
Input: 5000000,
Cold Start: false
Unique ID: 775d13ec-8506-445b-b076-36d4fdc9aadb,
Billed Duration for Request 775d13ec-8506-445b-b076-36d4fdc9aadb: 1733 ms
Input: 5000000,
Cold Start: false
Unique ID: e1173092-92a3-43f1-9b33-784c8fc350ac,
Billed Duration for Request e1173092-92a3-43f1-9b33-784c8fc350ac: 1769 ms
Input: 5000000,
Cold Start: false
Unique ID: 51876a27-37d8-4447-a47b-856a1ea004e9,
Billed Duration for Request 51876a27-37d8-4447-a47b-856a1ea004e9: 1774 ms
Input: 5000000,
Cold Start: false
Unique ID: c8ec4eb7-d546-4a78-9d2c-19040a08574f,
Billed Duration for Request c8ec4eb7-d546-4a78-9d2c-19040a08574f: 1786 ms
Input: 5000000,
Cold Start: false
Unique ID: 98a36dcc-b0d6-490f-8af3-f46471dbb4ae,
Billed Duration for Request 98a36dcc-b0d6-490f-8af3-f46471dbb4ae: 1724 ms
Input: 5000000,
Cold Start: false
Unique ID: d20f8c8e-3307-4402-b511-85a8cdba2735,
Billed Duration for Request d20f8c8e-3307-4402-b511-85a8cdba2735: 1817 ms
Input: 5000000,
Cold Start: false
Unique ID: 5d616cf5-36a8-4f7e-b687-cdd47734238b,
Billed Duration for Request 5d616cf5-36a8-4f7e-b687-cdd47734238b: 1734 ms
Input: 5000000,
Cold Start: false
Unique ID: 04307aac-421c-4238-b544-0ff3a70a531a,
Billed Duration for Request 04307aac-421c-4238-b544-0ff3a70a531a: 1800 ms
Input: 5000000,
Cold Start: false
Unique ID: d8ddbd69-91a3-4126-a923-39fe29c3523c,
Billed Duration for Request d8ddbd69-91a3-4126-a923-39fe29c3523c: 1813 ms
Input: 5000000,
Cold Start: false
Unique ID: 5e472068-c0ec-454d-89ff-2450d9ffddce,
Billed Duration for Request 5e472068-c0ec-454d-89ff-2450d9ffddce: 1787 ms
Input: 5000000,
Cold Start: false
Unique ID: 43b7e302-9eb1-4e9e-b7bf-ccb55b5805e3,
Billed Duration for Request 43b7e302-9eb1-4e9e-b7bf-ccb55b5805e3: 1787 ms
Input: 5000000,
Cold Start: false
Unique ID: de18918b-aebf-4cf6-95b4-236afa999f50,
Billed Duration for Request de18918b-aebf-4cf6-95b4-236afa999f50: 1763 ms
Input: 5000000,
Cold Start: false
Unique ID: 8a3878e8-805f-4eca-a167-64f86438f093,
Billed Duration for Request 8a3878e8-805f-4eca-a167-64f86438f093: 1750 ms
Input: 5000000,
Cold Start: false
Unique ID: 3dbca2af-5e84-43ca-8469-aaaa6fe830d8,
Billed Duration for Request 3dbca2af-5e84-43ca-8469-aaaa6fe830d8: 1787 ms
Input: 5000000,
Cold Start: false
Unique ID: ab03e391-65c8-4c5b-99d2-ff73df7e43c6,
Billed Duration for Request ab03e391-65c8-4c5b-99d2-ff73df7e43c6: 1805 ms
Input: 5000000,
Cold Start: false
Unique ID: a212c3c2-23fb-4215-b629-2baba48c6548,
Billed Duration for Request a212c3c2-23fb-4215-b629-2baba48c6548: 1759 ms
Input: 5000000,
Cold Start: false
Unique ID: df2d8a9e-5fb9-4069-8320-1d86f24427d4,
Billed Duration for Request df2d8a9e-5fb9-4069-8320-1d86f24427d4: 1828 ms
Input: 5000000,
Cold Start: false
Unique ID: 1f942d7b-c27a-49d9-8c11-464c5974cffc,
Billed Duration for Request 1f942d7b-c27a-49d9-8c11-464c5974cffc: 1833 ms
Input: 5000000,
Cold Start: false
Unique ID: 45e7c206-e6a8-4e37-86c3-37d76639523c,
Billed Duration for Request 45e7c206-e6a8-4e37-86c3-37d76639523c: 1788 ms
Input: 5000000,
Cold Start: false
Unique ID: 357d545b-e7ed-4e0f-9836-f90fc19d39b6,
Billed Duration for Request 357d545b-e7ed-4e0f-9836-f90fc19d39b6: 1740 ms
Input: 5000000,
Cold Start: false
Unique ID: ceec554b-da46-4707-ba88-5c6b10cd8eaa,
Billed Duration for Request ceec554b-da46-4707-ba88-5c6b10cd8eaa: 1809 ms
Input: 5000000,
Cold Start: false
Unique ID: 0f9f4193-2f78-4451-acc6-5b201c0efa2a,
Billed Duration for Request 0f9f4193-2f78-4451-acc6-5b201c0efa2a: 1771 ms
Input: 5000000,
Cold Start: false
Unique ID: 8bab10fd-770b-458a-8daa-febeda599918,
Billed Duration for Request 8bab10fd-770b-458a-8daa-febeda599918: 1769 ms
Input: 5000000,
Cold Start: false
Unique ID: 367fd196-d56a-48a9-81dc-c0cbaed6aef5,
Billed Duration for Request 367fd196-d56a-48a9-81dc-c0cbaed6aef5: 1725 ms
Input: 5000000,
Cold Start: false
Unique ID: 57991d3c-30be-4f05-94af-dd858010ef30,
Billed Duration for Request 57991d3c-30be-4f05-94af-dd858010ef30: 1789 ms
Input: 5000000,
Cold Start: false
Unique ID: fbe3361b-c030-429b-968d-35abaac63ff9,
Billed Duration for Request fbe3361b-c030-429b-968d-35abaac63ff9: 1785 ms
Input: 5000000,
Cold Start: false
Unique ID: b7842b93-f2eb-4cc1-9429-9d550013ba5a,
Billed Duration for Request b7842b93-f2eb-4cc1-9429-9d550013ba5a: 1728 ms
Input: 5000000,
Cold Start: false
Unique ID: 2cfe2b3e-e3c0-422b-b588-0e673f60ca30,
Billed Duration for Request 2cfe2b3e-e3c0-422b-b588-0e673f60ca30: 1834 ms
Input: 5000000,
Cold Start: false
Unique ID: 69b5a365-bb74-4b07-903f-e9844ca30fe0,
Billed Duration for Request 69b5a365-bb74-4b07-903f-e9844ca30fe0: 1766 ms
Input: 5000000,
Cold Start: false
Unique ID: 23b713c7-68d6-4305-90cd-944334c69b71,
Billed Duration for Request 23b713c7-68d6-4305-90cd-944334c69b71: 1823 ms
Input: 5000000,
Cold Start: false
Unique ID: 65634a40-b02d-4361-8443-51e637ca0ac6,
Billed Duration for Request 65634a40-b02d-4361-8443-51e637ca0ac6: 1797 ms
Input: 5000000,
Cold Start: false
Unique ID: cb69700b-434c-40a0-ae4d-6f51d712b52f,
Billed Duration for Request cb69700b-434c-40a0-ae4d-6f51d712b52f: 1807 ms
Input: 5000000,
Cold Start: false
Unique ID: 6c95a5ba-99fe-4e76-aeb8-e0aef223edf8,
Billed Duration for Request 6c95a5ba-99fe-4e76-aeb8-e0aef223edf8: 1757 ms
Input: 5000000,
Cold Start: false
Unique ID: 8ed01a64-6bd8-4063-8361-a0e03f267e79,
Billed Duration for Request 8ed01a64-6bd8-4063-8361-a0e03f267e79: 1738 ms
Input: 5000000,
Cold Start: false
Unique ID: 8cdf4683-a43d-42bc-8f3b-5ead3576bd00,
Billed Duration for Request 8cdf4683-a43d-42bc-8f3b-5ead3576bd00: 1758 ms
Input: 5000000,
Cold Start: false
Unique ID: 93541515-5521-4462-ad7d-dc390f282e69,
Billed Duration for Request 93541515-5521-4462-ad7d-dc390f282e69: 1786 ms
Input: 5000000,
Cold Start: false
Unique ID: 1372187f-6855-418e-9066-94aea72415eb,
Billed Duration for Request 1372187f-6855-418e-9066-94aea72415eb: 1800 ms
Input: 5000000,
Cold Start: false
Unique ID: 092cf38a-a138-4bc1-b5c8-f8f843a3384a,
Billed Duration for Request 092cf38a-a138-4bc1-b5c8-f8f843a3384a: 1807 ms
Input: 5000000,
Cold Start: false
Unique ID: b8cb9c6e-70ba-4915-8795-3de721b63eb3,
Billed Duration for Request b8cb9c6e-70ba-4915-8795-3de721b63eb3: 1763 ms
Input: 5000000,
Cold Start: false
Unique ID: 6eb156ef-fb04-4e5a-805b-3c8ec3937a82,
Billed Duration for Request 6eb156ef-fb04-4e5a-805b-3c8ec3937a82: 1729 ms
Input: 5000000,
Cold Start: false
Unique ID: 60bab84e-e6cd-4e89-8678-0f912e412985,
Billed Duration for Request 60bab84e-e6cd-4e89-8678-0f912e412985: 1818 ms
Input: 5000000,
Cold Start: false
Unique ID: 79e914fe-83a3-4191-8551-1455f39b98ac,
Billed Duration for Request 79e914fe-83a3-4191-8551-1455f39b98ac: 1776 ms
Input: 5000000,
Cold Start: false
Unique ID: f07f4b20-2f13-42cb-8dcc-8092b91fa5cc,
Billed Duration for Request f07f4b20-2f13-42cb-8dcc-8092b91fa5cc: 1775 ms
Input: 5000000,
Cold Start: false
Unique ID: 540fa98b-b3dd-4b83-85c2-9a1e6c3aa2d2,
Billed Duration for Request 540fa98b-b3dd-4b83-85c2-9a1e6c3aa2d2: 1808 ms
Input: 5000000,
Cold Start: false
Unique ID: 4d0603df-b145-410c-b7e1-aa477379b1ca,
Billed Duration for Request 4d0603df-b145-410c-b7e1-aa477379b1ca: 1739 ms
Input: 5000000,
Cold Start: false
Unique ID: b359bda9-5ed2-4cce-ac72-456ff98ae2c7,
Billed Duration for Request b359bda9-5ed2-4cce-ac72-456ff98ae2c7: 1773 ms
Input: 5000000,
Cold Start: false
Unique ID: afa4b5ce-a057-406a-9b85-7da1f7a2ef6d,
Billed Duration for Request afa4b5ce-a057-406a-9b85-7da1f7a2ef6d: 1714 ms
Input: 5000000,
Cold Start: false
Unique ID: 3448ab1f-da5c-4791-8c67-66128354c8b1,
Billed Duration for Request 3448ab1f-da5c-4791-8c67-66128354c8b1: 1815 ms
Input: 5000000,
Cold Start: false
Unique ID: 407a1b57-f394-44eb-a11c-18d7e30adaa5,
Billed Duration for Request 407a1b57-f394-44eb-a11c-18d7e30adaa5: 1769 ms
Input: 5000000,
Cold Start: false
Unique ID: b0a45c4d-addd-4654-b6ab-b350d7b02be0,
Billed Duration for Request b0a45c4d-addd-4654-b6ab-b350d7b02be0: 1787 ms
Input: 5000000,
Cold Start: false
Unique ID: 9504edd6-36dc-4baf-9621-b67773c389fe,
Billed Duration for Request 9504edd6-36dc-4baf-9621-b67773c389fe: 1816 ms
Input: 5000000,
Cold Start: false
Unique ID: 7750ff96-3c8f-4ee3-b67f-2443302558be,
Billed Duration for Request 7750ff96-3c8f-4ee3-b67f-2443302558be: 1772 ms
Input: 5000000,
Cold Start: false
Unique ID: 22876b71-f36f-482f-bfd9-1b54032771c7,
Billed Duration for Request 22876b71-f36f-482f-bfd9-1b54032771c7: 1770 ms
Input: 5000000,
Cold Start: false
Unique ID: 026aa81e-b375-4638-adcd-5483035258be,
Billed Duration for Request 026aa81e-b375-4638-adcd-5483035258be: 1793 ms
Input: 5000000,
Cold Start: false
Unique ID: ad8dc5be-6ac4-4c6e-a079-957fe88135dc,
Billed Duration for Request ad8dc5be-6ac4-4c6e-a079-957fe88135dc: 1783 ms
Input: 5000000,
Cold Start: false
Unique ID: 9a6d432d-cacf-4509-97d1-82195bd331f5,
Billed Duration for Request 9a6d432d-cacf-4509-97d1-82195bd331f5: 1760 ms
Input: 5000000,
Cold Start: false
Unique ID: 815a0a29-1d7b-4fe6-a331-24cabe9089c0,
Billed Duration for Request 815a0a29-1d7b-4fe6-a331-24cabe9089c0: 1825 ms
Input: 5000000,
Cold Start: false
Unique ID: 7d126c32-db27-412d-ad4d-717bdd996dc3,
Billed Duration for Request 7d126c32-db27-412d-ad4d-717bdd996dc3: 1796 ms
Input: 5000000,
Cold Start: false
Unique ID: 9bffd9a8-bf9f-4b6e-9a2a-d4465a6ba38d,
Billed Duration for Request 9bffd9a8-bf9f-4b6e-9a2a-d4465a6ba38d: 1765 ms
Input: 5000000,
Cold Start: false
Unique ID: 06ca85b8-58ca-45bb-8b9b-6f6a43d2b324,
Billed Duration for Request 06ca85b8-58ca-45bb-8b9b-6f6a43d2b324: 1728 ms
Input: 5000000,
Cold Start: false
Unique ID: 179d38b7-0d0c-4799-97b8-b8098f525e8d,
Billed Duration for Request 179d38b7-0d0c-4799-97b8-b8098f525e8d: 1827 ms
Input: 5000000,
Cold Start: false
Unique ID: 2825fb57-7258-4525-8fb9-96abe97fd70b,
Billed Duration for Request 2825fb57-7258-4525-8fb9-96abe97fd70b: 1760 ms
Input: 5000000,
Cold Start: false
Unique ID: 8a29aeb8-a1a5-4023-8de4-8d455403d1a9,
Billed Duration for Request 8a29aeb8-a1a5-4023-8de4-8d455403d1a9: 1779 ms
Input: 5000000,
Cold Start: false
Unique ID: 255f895d-90a8-446b-87cc-dd669ab2d82a,
Billed Duration for Request 255f895d-90a8-446b-87cc-dd669ab2d82a: 1766 ms
Input: 5000000,
Cold Start: false
Unique ID: 8142f405-417b-473a-9681-4362934de107,
Billed Duration for Request 8142f405-417b-473a-9681-4362934de107: 1805 ms
Input: 5000000,
Cold Start: false
Unique ID: 0cc31779-9d4b-4d1e-b858-bcf1786a888e,
Billed Duration for Request 0cc31779-9d4b-4d1e-b858-bcf1786a888e: 1764 ms
Input: 5000000,
Cold Start: false
Unique ID: cf68990c-73f3-42a8-9753-4aa1b68c3c27,
Billed Duration for Request cf68990c-73f3-42a8-9753-4aa1b68c3c27: 1727 ms
Input: 5000000,
Cold Start: false
Unique ID: de2c886c-a1a1-420f-9142-d81ba06c783e,
Billed Duration for Request de2c886c-a1a1-420f-9142-d81ba06c783e: 1832 ms
Input: 5000000,
Cold Start: false
Unique ID: a5160b80-7b8a-4af2-8b98-23066c49e8a4,
Billed Duration for Request a5160b80-7b8a-4af2-8b98-23066c49e8a4: 1779 ms
Input: 5000000,
Cold Start: false
Unique ID: 8125d4e4-d219-44b8-944d-45bbd2ccaeb1,
Billed Duration for Request 8125d4e4-d219-44b8-944d-45bbd2ccaeb1: 1804 ms
Input: 5000000,
Cold Start: false
Unique ID: 832bd7fe-cae0-4af4-a11d-961552c2a76a,
Billed Duration for Request 832bd7fe-cae0-4af4-a11d-961552c2a76a: 1818 ms
Input: 5000000,
Cold Start: false
Unique ID: e2277f26-e91f-487b-a5ed-0c1b35db9ba6,
Billed Duration for Request e2277f26-e91f-487b-a5ed-0c1b35db9ba6: 1779 ms
Input: 5000000,
Cold Start: false
Unique ID: e22942ee-2455-421b-8d2b-9b0384f491b1,
Billed Duration for Request e22942ee-2455-421b-8d2b-9b0384f491b1: 1749 ms
Input: 5000000,
Cold Start: false
Unique ID: 26241623-b2b7-4efb-a8c8-a348d874319b,
Billed Duration for Request 26241623-b2b7-4efb-a8c8-a348d874319b: 1783 ms
Input: 5000000,
Cold Start: false
Unique ID: 00354c4a-a3e6-401e-be97-bd5ce5c55c68,
Billed Duration for Request 00354c4a-a3e6-401e-be97-bd5ce5c55c68: 1772 ms
Input: 5000000,
Cold Start: false
Unique ID: 167a345a-3647-4b24-8fa9-a7271358e6c6,
Billed Duration for Request 167a345a-3647-4b24-8fa9-a7271358e6c6: 1786 ms
Input: 5000000,
Cold Start: false
Unique ID: 39dc6f48-db97-4284-ac54-bb62f22c5d8e,
Billed Duration for Request 39dc6f48-db97-4284-ac54-bb62f22c5d8e: 1827 ms
Input: 5000000,
Cold Start: false
Unique ID: a35257f3-67f0-4f97-a12c-cee6a5ad9d91,
Billed Duration for Request a35257f3-67f0-4f97-a12c-cee6a5ad9d91: 1778 ms
Input: 5000000,
Cold Start: false
Unique ID: 5e8a7ece-3dd8-4016-a7f7-5acf30f7af4a,
Billed Duration for Request 5e8a7ece-3dd8-4016-a7f7-5acf30f7af4a: 1834 ms
Input: 5000000,
Cold Start: false
Unique ID: decd5a26-918e-4095-9ca9-4294a2cb5a6d,
Billed Duration for Request decd5a26-918e-4095-9ca9-4294a2cb5a6d: 1731 ms
Input: 5000000,
Cold Start: false
Unique ID: cee0b729-eb95-4fa0-91b9-1542850c3b22,
Billed Duration for Request cee0b729-eb95-4fa0-91b9-1542850c3b22: 1825 ms
Input: 5000000,
Cold Start: false
Unique ID: 80ec123e-548d-48e4-95c6-41388dee22a7,
Billed Duration for Request 80ec123e-548d-48e4-95c6-41388dee22a7: 1774 ms
Input: 5000000,
Cold Start: false
Unique ID: 5a474ce2-276d-4ae6-9835-d3e1f8ba7c82,
Billed Duration for Request 5a474ce2-276d-4ae6-9835-d3e1f8ba7c82: 1796 ms
Input: 5000000,
Cold Start: false
Unique ID: bf31beef-be02-42c9-83cf-179491eed6a6,
Billed Duration for Request bf31beef-be02-42c9-83cf-179491eed6a6: 1727 ms
Input: 5000000,
Cold Start: false
Unique ID: 65be1a87-005b-41b0-a1f5-e8c2de0c32d7,
Billed Duration for Request 65be1a87-005b-41b0-a1f5-e8c2de0c32d7: 1836 ms
Input: 5000000,
Cold Start: false
Unique ID: b9511b98-82a3-494b-af8b-d4f38590307c,
Billed Duration for Request b9511b98-82a3-494b-af8b-d4f38590307c: 1773 ms
Input: 5000000,
Cold Start: false
Unique ID: 05451e70-dea2-4211-9f84-a33a8db37c21,
Billed Duration for Request 05451e70-dea2-4211-9f84-a33a8db37c21: 1730 ms
Input: 5000000,
Cold Start: false
Unique ID: 9adc5f83-9f5c-4f5d-9d43-9bb2391271d5,
Billed Duration for Request 9adc5f83-9f5c-4f5d-9d43-9bb2391271d5: 1831 ms
Input: 5000000,
Cold Start: false
Unique ID: 0bea0d2e-d386-45e6-a4f3-105dd9041d50,
Billed Duration for Request 0bea0d2e-d386-45e6-a4f3-105dd9041d50: 1774 ms
Input: 5000000,
Cold Start: false
Unique ID: 1ca70c59-a8ad-4fe8-b385-65dd8d56e33b,
Billed Duration for Request 1ca70c59-a8ad-4fe8-b385-65dd8d56e33b: 1818 ms
Input: 5000000,
Cold Start: false
Unique ID: 2d65aa3f-d491-473a-92a9-d26ea038da65,
Billed Duration for Request 2d65aa3f-d491-473a-92a9-d26ea038da65: 1799 ms
Input: 5000000,
Cold Start: false
Unique ID: 580d2885-b00b-4d06-94fb-ba34ccd55321,
Billed Duration for Request 580d2885-b00b-4d06-94fb-ba34ccd55321: 1759 ms
Input: 5000000,
Cold Start: false
Unique ID: 30f1f58c-9bd4-402e-b246-5c2b5fbd1f98,
Billed Duration for Request 30f1f58c-9bd4-402e-b246-5c2b5fbd1f98: 1734 ms
Input: 5000000,
Cold Start: false
Unique ID: df2a836f-c173-4cf6-9944-b1ba86c1f7e7,
Billed Duration for Request df2a836f-c173-4cf6-9944-b1ba86c1f7e7: 1800 ms
Input: 5000000,
Cold Start: false
Unique ID: e96fdd36-4b52-4bd4-abfe-305906541da5,
Billed Duration for Request e96fdd36-4b52-4bd4-abfe-305906541da5: 1781 ms
Input: 5000000,
Cold Start: false
Unique ID: 78afd962-c942-4782-95f4-2e13735c8967,
Billed Duration for Request 78afd962-c942-4782-95f4-2e13735c8967: 1767 ms
Input: 5000000,
Cold Start: false
Unique ID: 1931121c-9dd3-42bc-b844-fafef03c1ae6,
Billed Duration for Request 1931121c-9dd3-42bc-b844-fafef03c1ae6: 1774 ms
Input: 5000000,
Cold Start: false
Unique ID: 6bb3fe0b-451d-4ae0-9146-4605e17758e2,
Billed Duration for Request 6bb3fe0b-451d-4ae0-9146-4605e17758e2: 1804 ms
Input: 5000000,
Cold Start: false
Unique ID: 84f08f6f-d7d1-4fa4-ad6b-160750db57e2,
Billed Duration for Request 84f08f6f-d7d1-4fa4-ad6b-160750db57e2: 1709 ms
Input: 5000000,
Cold Start: false
Unique ID: e6af285f-4821-46a2-b6d1-1c4c53e5ac18,
Billed Duration for Request e6af285f-4821-46a2-b6d1-1c4c53e5ac18: 1819 ms
Input: 5000000,
Cold Start: false
Unique ID: 8727a169-4f98-4e01-b39a-70ffcdd8a23d,
Billed Duration for Request 8727a169-4f98-4e01-b39a-70ffcdd8a23d: 1805 ms
Input: 5000000,
Cold Start: false
Unique ID: 091049e6-c13c-4926-8ebf-1b087875c2a9,
Billed Duration for Request 091049e6-c13c-4926-8ebf-1b087875c2a9: 1767 ms
Input: 5000000,
Cold Start: false
Unique ID: 6d8c829e-f976-47d6-acd5-8274756e9a22,
Billed Duration for Request 6d8c829e-f976-47d6-acd5-8274756e9a22: 1761 ms
Input: 5000000,
Cold Start: false
Unique ID: 9754e15f-88aa-47e6-bd86-f6dbba8a7680,
Billed Duration for Request 9754e15f-88aa-47e6-bd86-f6dbba8a7680: 1772 ms
Input: 5000000,
Cold Start: false
Unique ID: 07ac2550-cf32-4d96-af13-ba78c303b0fb,
Billed Duration for Request 07ac2550-cf32-4d96-af13-ba78c303b0fb: 1733 ms
Input: 5000000,
Cold Start: false
Unique ID: 25e67ab0-e830-487d-ae35-185bfe0054fc,
Billed Duration for Request 25e67ab0-e830-487d-ae35-185bfe0054fc: 1752 ms
Input: 5000000,
Cold Start: false
Unique ID: 366b5fff-ab6a-4da5-8103-15b098e64fd5,
Billed Duration for Request 366b5fff-ab6a-4da5-8103-15b098e64fd5: 1814 ms
Input: 5000000,
Cold Start: false
Unique ID: d089653d-0522-417e-8c5d-3dc21f1951c8,
Billed Duration for Request d089653d-0522-417e-8c5d-3dc21f1951c8: 1715 ms
Input: 5000000,
Cold Start: false
Unique ID: 8597c62c-777b-4f93-91c1-6daa53066be9,
Billed Duration for Request 8597c62c-777b-4f93-91c1-6daa53066be9: 1812 ms
Input: 5000000,
Cold Start: false
Unique ID: b94e85cb-85b1-4680-90d5-06d7605ad85c,
Billed Duration for Request b94e85cb-85b1-4680-90d5-06d7605ad85c: 1779 ms
Input: 5000000,
Cold Start: false
Unique ID: 629bd955-c817-4422-bb7a-c2171a7010dc,
Billed Duration for Request 629bd955-c817-4422-bb7a-c2171a7010dc: 1755 ms
Input: 5000000,
Cold Start: false
Unique ID: 79ac5b7c-c1d7-4f35-add8-cdf29725c540,
Billed Duration for Request 79ac5b7c-c1d7-4f35-add8-cdf29725c540: 1760 ms
Input: 5000000,
Cold Start: false
Unique ID: e527b8f2-6373-4a79-9a3e-9f375fe6b10a,
Billed Duration for Request e527b8f2-6373-4a79-9a3e-9f375fe6b10a: 1761 ms
Input: 5000000,
Cold Start: false
Unique ID: 6062f0d0-30c6-4eee-abbb-18d378ebd807,
Billed Duration for Request 6062f0d0-30c6-4eee-abbb-18d378ebd807: 1775 ms
Input: 5000000,
Cold Start: false
Unique ID: 752f523f-cca4-41a3-9b28-6ff783841780,
Billed Duration for Request 752f523f-cca4-41a3-9b28-6ff783841780: 1768 ms
Input: 5000000,
Cold Start: false
Unique ID: dc2bd3e2-ef0a-44e6-b4aa-1449bf26066a,
Billed Duration for Request dc2bd3e2-ef0a-44e6-b4aa-1449bf26066a: 1778 ms
Input: 5000000,
Cold Start: false
Unique ID: 8ce60808-8a14-4a5d-8f56-ff69631c8517,
Billed Duration for Request 8ce60808-8a14-4a5d-8f56-ff69631c8517: 1760 ms
Input: 5000000,
Cold Start: false
Unique ID: 24a71901-96d7-4fd3-90cb-5b41fe5723b0,
Billed Duration for Request 24a71901-96d7-4fd3-90cb-5b41fe5723b0: 1797 ms
Input: 5000000,
Cold Start: false
Unique ID: 57f385f0-5e28-42d6-b3e5-e7109fb585ba,
Billed Duration for Request 57f385f0-5e28-42d6-b3e5-e7109fb585ba: 1724 ms
Input: 5000000,
Cold Start: false
Unique ID: 830f5f01-0a62-45c4-8659-9400437ab2c3,
Billed Duration for Request 830f5f01-0a62-45c4-8659-9400437ab2c3: 1803 ms
Input: 5000000,
Cold Start: false
Unique ID: 98e32219-7083-42a0-bc8d-d221de45b8f9,
Billed Duration for Request 98e32219-7083-42a0-bc8d-d221de45b8f9: 1837 ms
Input: 5000000,
Cold Start: false
Unique ID: f2c69142-67f9-49ea-8df0-b1ed5e7490c5,
Billed Duration for Request f2c69142-67f9-49ea-8df0-b1ed5e7490c5: 1744 ms
Input: 5000000,
Cold Start: false
Unique ID: 1913ece0-6e6d-4d07-94bb-9bdf4fb66648,
Billed Duration for Request 1913ece0-6e6d-4d07-94bb-9bdf4fb66648: 1789 ms
Input: 5000000,
Cold Start: false
Unique ID: b4927120-45a3-4384-bd21-b011a420fe56,
Billed Duration for Request b4927120-45a3-4384-bd21-b011a420fe56: 1745 ms
Input: 5000000,
Cold Start: false
Unique ID: d177af74-7710-4d51-8fa2-e95a08df057c,
Billed Duration for Request d177af74-7710-4d51-8fa2-e95a08df057c: 1773 ms
Input: 5000000,
Cold Start: false
Unique ID: 38ac9d2c-874d-4e33-a4ca-1ba652040dea,
Billed Duration for Request 38ac9d2c-874d-4e33-a4ca-1ba652040dea: 1783 ms
Input: 5000000,
Cold Start: false
Unique ID: 789ff9d7-0256-4122-b0b1-f00e1e23f7f0,
Billed Duration for Request 789ff9d7-0256-4122-b0b1-f00e1e23f7f0: 1821 ms
Input: 5000000,
Cold Start: false
Unique ID: e599f48c-5423-45bb-82e7-04b81b56f8d1,
Billed Duration for Request e599f48c-5423-45bb-82e7-04b81b56f8d1: 1721 ms
Input: 5000000,
Cold Start: false
Unique ID: af2ffbab-d07b-45b5-a129-0b1d51b0cd2f,
Billed Duration for Request af2ffbab-d07b-45b5-a129-0b1d51b0cd2f: 1837 ms
Input: 5000000,
Cold Start: false
Unique ID: 98e40b7c-a42d-4a8e-afce-4a1c797cee68,
Billed Duration for Request 98e40b7c-a42d-4a8e-afce-4a1c797cee68: 1775 ms
Input: 5000000,
Cold Start: false
Unique ID: 85eb1319-276f-4e4a-9676-f58e22444a6c,
Billed Duration for Request 85eb1319-276f-4e4a-9676-f58e22444a6c: 1750 ms
Input: 5000000,
Cold Start: false
Unique ID: 19adf135-8e61-4221-8d22-7595b7393248,
Billed Duration for Request 19adf135-8e61-4221-8d22-7595b7393248: 1738 ms
Input: 5000000,
Cold Start: false
Unique ID: 6386fdd8-855f-4591-afd1-911e4172adb5,
Billed Duration for Request 6386fdd8-855f-4591-afd1-911e4172adb5: 1756 ms
Input: 5000000,
Cold Start: false
Unique ID: dbe29127-5e74-4174-aef5-e2b819ca51a6,
Billed Duration for Request dbe29127-5e74-4174-aef5-e2b819ca51a6: 1787 ms
Input: 5000000,
Cold Start: false
Unique ID: 9f3f012c-9217-4177-bd27-710de04fa8c4,
Billed Duration for Request 9f3f012c-9217-4177-bd27-710de04fa8c4: 1772 ms
Input: 5000000,
Cold Start: false
Unique ID: 182edec4-23d8-4e77-90b2-25fa711f6e7b,
Billed Duration for Request 182edec4-23d8-4e77-90b2-25fa711f6e7b: 1747 ms
Input: 5000000,
Cold Start: false
Unique ID: de5261d2-4f40-4739-a4db-d71f5d3987fa,
Billed Duration for Request de5261d2-4f40-4739-a4db-d71f5d3987fa: 1806 ms
Input: 5000000,
Cold Start: false
Unique ID: b7db8c5b-9135-489e-8614-4d49876ab66a,
Billed Duration for Request b7db8c5b-9135-489e-8614-4d49876ab66a: 1743 ms
Input: 5000000,
Cold Start: false
Unique ID: 9f9cc8a5-66b5-4bea-bc0c-e45f76bb98e4,
Billed Duration for Request 9f9cc8a5-66b5-4bea-bc0c-e45f76bb98e4: 1825 ms
Input: 5000000,
Cold Start: false
Unique ID: d8beffc5-3923-43e6-a010-017b604c098f,
Billed Duration for Request d8beffc5-3923-43e6-a010-017b604c098f: 1723 ms
Input: 5000000,
Cold Start: false
Unique ID: 0ef44df2-9c72-40c3-a570-705bb815c331,
Billed Duration for Request 0ef44df2-9c72-40c3-a570-705bb815c331: 1798 ms
Input: 5000000,
Cold Start: false
Unique ID: fea6bd1e-59de-4e0f-bb4b-cf574ef9a048,
Billed Duration for Request fea6bd1e-59de-4e0f-bb4b-cf574ef9a048: 1767 ms
Input: 5000000,
Cold Start: false
Unique ID: d0049159-0095-41bf-8e46-2ce5d19a4682,
Billed Duration for Request d0049159-0095-41bf-8e46-2ce5d19a4682: 1761 ms
Input: 5000000,
Cold Start: false
Unique ID: 1a6cb810-5e47-4639-afc4-bba5106000c8,
Billed Duration for Request 1a6cb810-5e47-4639-afc4-bba5106000c8: 1754 ms
Input: 5000000,
Cold Start: false
Unique ID: d266e747-de70-4c84-9909-d0f1a0a87368,
Billed Duration for Request d266e747-de70-4c84-9909-d0f1a0a87368: 1806 ms
Input: 5000000,
Cold Start: false
Unique ID: 03f48b21-8265-41c6-9820-581d5906e773,
Billed Duration for Request 03f48b21-8265-41c6-9820-581d5906e773: 1758 ms
Input: 5000000,
Cold Start: false
Unique ID: c1dc08b8-454e-4f3b-a1b5-20dd1284dc49,
Billed Duration for Request c1dc08b8-454e-4f3b-a1b5-20dd1284dc49: 1772 ms
Input: 5000000,
Cold Start: false
Unique ID: 6f9a1096-68be-4cbf-9d31-6080eba6d207,
Billed Duration for Request 6f9a1096-68be-4cbf-9d31-6080eba6d207: 1808 ms
Input: 5000000,
Cold Start: false
Unique ID: 2d1fc469-8fda-44f3-adb6-4fe4a2eb333e,
Billed Duration for Request 2d1fc469-8fda-44f3-adb6-4fe4a2eb333e: 1754 ms
Input: 5000000,
Cold Start: false
Unique ID: b7daa42b-a263-41a4-bb40-99649dc8a2e5,
Billed Duration for Request b7daa42b-a263-41a4-bb40-99649dc8a2e5: 1825 ms
Input: 5000000,
Cold Start: false
Unique ID: 73238b40-58b9-4dc5-a084-35f33136b3ef,
Billed Duration for Request 73238b40-58b9-4dc5-a084-35f33136b3ef: 1793 ms
Input: 5000000,
Cold Start: false
Unique ID: 012b156a-aafc-46cb-aeb7-0449ba8de1ec,
Billed Duration for Request 012b156a-aafc-46cb-aeb7-0449ba8de1ec: 1737 ms
Input: 5000000,
Cold Start: false
Unique ID: 5e209652-c893-499d-b198-3d8790a435c1,
Billed Duration for Request 5e209652-c893-499d-b198-3d8790a435c1: 1803 ms
Input: 5000000,
Cold Start: false
Unique ID: 869a4e45-da50-4cb3-9306-7b43c2777573,
Billed Duration for Request 869a4e45-da50-4cb3-9306-7b43c2777573: 1756 ms
Input: 5000000,
Cold Start: false
Unique ID: 50521b89-6168-4cea-9075-658d3a4b1ca2,
Billed Duration for Request 50521b89-6168-4cea-9075-658d3a4b1ca2: 1779 ms
Input: 5000000,
Cold Start: false
Unique ID: b58bb76b-7ae3-4d4c-a8f3-e3cebcba687d,
Billed Duration for Request b58bb76b-7ae3-4d4c-a8f3-e3cebcba687d: 1757 ms
Input: 5000000,
Cold Start: false
Unique ID: 428c0e16-a1a8-4058-a0fc-7a3abc83b8ca,
Billed Duration for Request 428c0e16-a1a8-4058-a0fc-7a3abc83b8ca: 1802 ms
Input: 5000000,
Cold Start: false
Unique ID: ba7dfa19-b5f9-4400-b40a-5b9b32ca32f7,
Billed Duration for Request ba7dfa19-b5f9-4400-b40a-5b9b32ca32f7: 1782 ms
Input: 5000000,
Cold Start: false
Unique ID: 0c23830e-3b82-4811-8de8-0620e7f92ac6,
Billed Duration for Request 0c23830e-3b82-4811-8de8-0620e7f92ac6: 1821 ms
Input: 5000000,
Cold Start: false
Unique ID: 84dfff85-3b25-4eb0-af70-476b7d0db05c,
Billed Duration for Request 84dfff85-3b25-4eb0-af70-476b7d0db05c: 1716 ms
Input: 5000000,
Cold Start: false
Unique ID: e8a3e309-bc8f-4e7a-b9ef-63cc593a4ffb,
Billed Duration for Request e8a3e309-bc8f-4e7a-b9ef-63cc593a4ffb: 1789 ms
Input: 5000000,
Cold Start: false
Unique ID: 80413ac5-354d-40aa-aefd-622fea9d7fdf,
Billed Duration for Request 80413ac5-354d-40aa-aefd-622fea9d7fdf: 1762 ms
Input: 5000000,
Cold Start: false
Unique ID: 958ee4da-8dc6-47e3-adfb-c427846c07df,
Billed Duration for Request 958ee4da-8dc6-47e3-adfb-c427846c07df: 1772 ms
Input: 5000000,
Cold Start: false
Unique ID: a6b6ab84-9f92-446c-b845-95112d33dbc5,
Billed Duration for Request a6b6ab84-9f92-446c-b845-95112d33dbc5: 1760 ms
Input: 5000000,
Cold Start: false
Unique ID: d9803bee-55a2-4a86-bb52-5368409c3aa0,
Billed Duration for Request d9803bee-55a2-4a86-bb52-5368409c3aa0: 1728 ms
Input: 5000000,
Cold Start: false
Unique ID: 336d9ecd-1e81-4579-a59a-09d818551495,
Billed Duration for Request 336d9ecd-1e81-4579-a59a-09d818551495: 1814 ms
Input: 5000000,
Cold Start: false
Unique ID: 5070ad1f-0434-44c3-a6a5-9db025ab5315,
Billed Duration for Request 5070ad1f-0434-44c3-a6a5-9db025ab5315: 1714 ms
Input: 5000000,
Cold Start: false
Unique ID: 86d3ef3e-f3b0-44d0-9df5-c871e1b282c8,
Billed Duration for Request 86d3ef3e-f3b0-44d0-9df5-c871e1b282c8: 1799 ms
Input: 5000000,
Cold Start: false
Unique ID: bd23d345-bed4-4882-a589-1cd48fc2ee88,
Billed Duration for Request bd23d345-bed4-4882-a589-1cd48fc2ee88: 1761 ms
Input: 5000000,
Cold Start: false
Unique ID: e3117fe9-d2be-4888-bf0f-371f4bf2d343,
Billed Duration for Request e3117fe9-d2be-4888-bf0f-371f4bf2d343: 1796 ms
Input: 5000000,
Cold Start: false
Unique ID: aded0103-724e-4194-86ce-a4bf0e47d7f3,
Billed Duration for Request aded0103-724e-4194-86ce-a4bf0e47d7f3: 1785 ms
Input: 5000000,
Cold Start: false
Unique ID: e278da1f-027c-4086-a1d1-07629f1c3137,
Billed Duration for Request e278da1f-027c-4086-a1d1-07629f1c3137: 1733 ms
Input: 5000000,
Cold Start: false
Unique ID: 9058138b-f76a-4cb4-943c-a71ea1839aae,
Billed Duration for Request 9058138b-f76a-4cb4-943c-a71ea1839aae: 1802 ms
Input: 5000000,
Cold Start: false
Unique ID: 17c46896-55cf-4704-b3e0-a100db6e6041,
Billed Duration for Request 17c46896-55cf-4704-b3e0-a100db6e6041: 1772 ms
Input: 5000000,
Cold Start: false
Unique ID: 47e203e8-bc34-4eb8-bc50-f1247db8f89b,
Billed Duration for Request 47e203e8-bc34-4eb8-bc50-f1247db8f89b: 1772 ms
Input: 5000000,
Cold Start: false
Unique ID: 70bec9b1-0669-4002-b951-2bc476f5a3a5,
Billed Duration for Request 70bec9b1-0669-4002-b951-2bc476f5a3a5: 1758 ms
Input: 5000000,
Cold Start: false
Unique ID: e5e8a55a-980b-4631-a968-c8cf77876831,
Billed Duration for Request e5e8a55a-980b-4631-a968-c8cf77876831: 1836 ms
Input: 5000000,
Cold Start: false
Unique ID: bd47b0b7-0ce5-4653-94f7-c9855a74758d,
Billed Duration for Request bd47b0b7-0ce5-4653-94f7-c9855a74758d: 1763 ms
Input: 5000000,
Cold Start: false
Unique ID: 6060288d-84ac-4642-8b58-2f31adf37194,
Billed Duration for Request 6060288d-84ac-4642-8b58-2f31adf37194: 1714 ms
Input: 5000000,
Cold Start: false
Unique ID: 9a6d714c-fa1e-4c2f-9b0e-203d8da7de83,
Billed Duration for Request 9a6d714c-fa1e-4c2f-9b0e-203d8da7de83: 1815 ms
Input: 5000000,
Cold Start: false
Unique ID: cf9c2a7d-b935-4532-934d-6f8d5217e789,
Billed Duration for Request cf9c2a7d-b935-4532-934d-6f8d5217e789: 2154 ms
Input: 5000000,
Cold Start: true
Unique ID: 41c18c87-d800-4bf8-aca5-985b8fe9eab4,
Billed Duration for Request 41c18c87-d800-4bf8-aca5-985b8fe9eab4: 1759 ms
Input: 5000000,
Cold Start: false
Unique ID: aa2ca010-bdb6-4176-adb6-b9f768ab72a5,
Billed Duration for Request aa2ca010-bdb6-4176-adb6-b9f768ab72a5: 1758 ms
Input: 5000000,
Cold Start: false
Unique ID: edb01fa5-a3cc-4b39-acd6-e491dc57dc68,
Billed Duration for Request edb01fa5-a3cc-4b39-acd6-e491dc57dc68: 1751 ms
Input: 5000000,
Cold Start: false
Unique ID: 3db97353-287e-476f-aae6-5ed4e0df87af,
Billed Duration for Request 3db97353-287e-476f-aae6-5ed4e0df87af: 1737 ms
Input: 5000000,
Cold Start: false
Unique ID: 95343ea7-bfd8-45c0-8997-6aedb15a3d29,
Billed Duration for Request 95343ea7-bfd8-45c0-8997-6aedb15a3d29: 1802 ms
Input: 5000000,
Cold Start: false
Unique ID: bda74639-2251-45f4-97ae-6268895a07c5,
Billed Duration for Request bda74639-2251-45f4-97ae-6268895a07c5: 1776 ms
Input: 5000000,
Cold Start: false
Unique ID: 70df7a2e-d5b6-4a2e-9df5-1fb8f9410859,
Billed Duration for Request 70df7a2e-d5b6-4a2e-9df5-1fb8f9410859: 1720 ms
Input: 5000000,
Cold Start: false
Unique ID: 1b928408-0a80-41e4-abf1-efa593b1ad03,
Billed Duration for Request 1b928408-0a80-41e4-abf1-efa593b1ad03: 1758 ms
Input: 5000000,
Cold Start: false
Unique ID: d6daef13-a24a-48b0-add3-0b04545f2d29,
Billed Duration for Request d6daef13-a24a-48b0-add3-0b04545f2d29: 1818 ms
Input: 5000000,
Cold Start: false
Unique ID: 814df669-8bca-41c0-aaa2-2ead55d84355,
Billed Duration for Request 814df669-8bca-41c0-aaa2-2ead55d84355: 1748 ms
Input: 5000000,
Cold Start: false
Unique ID: 8e79c3a7-8456-4b18-a71f-ddbedbdfbbfd,
Billed Duration for Request 8e79c3a7-8456-4b18-a71f-ddbedbdfbbfd: 1802 ms
Input: 5000000,
Cold Start: false
Unique ID: 406506af-82c7-4967-979e-cdd79699f303,
Billed Duration for Request 406506af-82c7-4967-979e-cdd79699f303: 1774 ms
Input: 5000000,
Cold Start: false
Unique ID: 310cd94e-abdc-433f-b0d6-168ac3ea4fd2,
Billed Duration for Request 310cd94e-abdc-433f-b0d6-168ac3ea4fd2: 1778 ms
Input: 5000000,
Cold Start: false
Unique ID: 11ec188f-f43c-4c4f-b700-b267e890f14f,
Billed Duration for Request 11ec188f-f43c-4c4f-b700-b267e890f14f: 1755 ms
Input: 5000000,
Cold Start: false
Unique ID: 68ed4d15-350f-4711-a1de-e566aff82598,
Billed Duration for Request 68ed4d15-350f-4711-a1de-e566aff82598: 1758 ms
Input: 5000000,
Cold Start: false
Unique ID: 1cef47c4-58c8-4264-bc66-9e5719b65277,
Billed Duration for Request 1cef47c4-58c8-4264-bc66-9e5719b65277: 1820 ms
Input: 5000000,
Cold Start: false
Unique ID: 31d60cab-aa83-438a-bdbd-5181d7458dee,
Billed Duration for Request 31d60cab-aa83-438a-bdbd-5181d7458dee: 1795 ms
Input: 5000000,
Cold Start: false
Unique ID: 2fcb9e9e-bbb3-45dd-81c3-5897e683a1f7,
Billed Duration for Request 2fcb9e9e-bbb3-45dd-81c3-5897e683a1f7: 1723 ms
Input: 5000000,
Cold Start: false
Unique ID: 32d0f3eb-e58b-4361-8795-15c9660c2f7c,
Billed Duration for Request 32d0f3eb-e58b-4361-8795-15c9660c2f7c: 2124 ms
Input: 5000000,
Cold Start: false
Unique ID: 2a94811c-b9a2-42ac-9d3a-e31ce5c9a0c0,
Billed Duration for Request 2a94811c-b9a2-42ac-9d3a-e31ce5c9a0c0: 1757 ms
Input: 5000000,
Cold Start: false
Unique ID: ce0e5fec-bacc-4200-90f3-f8ac18694055,
Billed Duration for Request ce0e5fec-bacc-4200-90f3-f8ac18694055: 1753 ms
Input: 5000000,
Cold Start: false
Unique ID: 9e24cc02-4259-42a8-9a58-504811f0f703,
Billed Duration for Request 9e24cc02-4259-42a8-9a58-504811f0f703: 1751 ms
Input: 5000000,
Cold Start: false
Unique ID: b76aae7d-c754-4888-9799-11dce465d00c,
Billed Duration for Request b76aae7d-c754-4888-9799-11dce465d00c: 1726 ms
Input: 5000000,
Cold Start: false
Unique ID: f3504bc5-2b57-4dec-91cb-248a4bd62df4,
Billed Duration for Request f3504bc5-2b57-4dec-91cb-248a4bd62df4: 1816 ms
Input: 5000000,
Cold Start: false
Unique ID: e5728723-6c3e-4b5b-b804-af948ea3da76,
Billed Duration for Request e5728723-6c3e-4b5b-b804-af948ea3da76: 1711 ms
Input: 5000000,
Cold Start: false
Unique ID: cdb58383-bdfb-40c6-81a5-08f726178051,
Billed Duration for Request cdb58383-bdfb-40c6-81a5-08f726178051: 1807 ms
Input: 5000000,
Cold Start: false
Unique ID: 406cf61d-2274-4be0-a64f-d846e6c93df7,
Billed Duration for Request 406cf61d-2274-4be0-a64f-d846e6c93df7: 1826 ms
Input: 5000000,
Cold Start: false
Unique ID: 4b7c641d-4923-40fb-a8f1-95dfc6c9adc7,
Billed Duration for Request 4b7c641d-4923-40fb-a8f1-95dfc6c9adc7: 1757 ms
Input: 5000000,
Cold Start: false
Unique ID: 5dcd8fad-d956-4fc0-9780-cb06d9057759,
Billed Duration for Request 5dcd8fad-d956-4fc0-9780-cb06d9057759: 1739 ms
Input: 5000000,
Cold Start: false
Unique ID: 96cd0074-a541-4fe1-9c59-96787e584c83,
Billed Duration for Request 96cd0074-a541-4fe1-9c59-96787e584c83: 1806 ms
Input: 5000000,
Cold Start: false
Unique ID: 27f5e2a7-6569-4c63-a7fd-3ac0efe8a2a0,
Billed Duration for Request 27f5e2a7-6569-4c63-a7fd-3ac0efe8a2a0: 1769 ms
Input: 5000000,
Cold Start: false
Unique ID: 72b73d8c-0838-46f1-a10d-9908eea81287,
Billed Duration for Request 72b73d8c-0838-46f1-a10d-9908eea81287: 1775 ms
Input: 5000000,
Cold Start: false
Unique ID: 2da02287-5d89-4a80-a28d-6670080e8f76,
Billed Duration for Request 2da02287-5d89-4a80-a28d-6670080e8f76: 1770 ms
Input: 5000000,
Cold Start: false
Unique ID: 77e0b889-c093-409a-8d7b-2e5546bfaaf3,
Billed Duration for Request 77e0b889-c093-409a-8d7b-2e5546bfaaf3: 1767 ms
Input: 5000000,
Cold Start: false
Unique ID: f0f2a9d6-190c-46be-b955-d8a6f54cc252,
Billed Duration for Request f0f2a9d6-190c-46be-b955-d8a6f54cc252: 1826 ms
Input: 5000000,
Cold Start: false
Unique ID: fd40af83-5738-498b-8c17-f11e42dec2a7,
Billed Duration for Request fd40af83-5738-498b-8c17-f11e42dec2a7: 1800 ms
Input: 5000000,
Cold Start: false
Unique ID: 2653cbcf-a6dc-439e-b9f7-c4221dd10177,
Billed Duration for Request 2653cbcf-a6dc-439e-b9f7-c4221dd10177: 1722 ms
Input: 5000000,
Cold Start: false
Unique ID: 487652fa-9944-4072-81a3-50e99b0beb93,
Billed Duration for Request 487652fa-9944-4072-81a3-50e99b0beb93: 1955 ms
Input: 5000000,
Cold Start: false
Unique ID: 33b8c064-15d2-4924-83f9-4c534f0fadcc,
Billed Duration for Request 33b8c064-15d2-4924-83f9-4c534f0fadcc: 1754 ms
Input: 5000000,
Cold Start: false
Unique ID: 84c74c2b-2784-4dd5-9c21-d234cee99d2b,
Billed Duration for Request 84c74c2b-2784-4dd5-9c21-d234cee99d2b: 1769 ms
Input: 5000000,
Cold Start: false
Unique ID: 5baf5b95-58eb-4e7c-9d50-833376438025,
Billed Duration for Request 5baf5b95-58eb-4e7c-9d50-833376438025: 1759 ms
Input: 5000000,
Cold Start: false
Unique ID: 1c5d64ed-7371-4487-81f0-28c342f4de81,
Billed Duration for Request 1c5d64ed-7371-4487-81f0-28c342f4de81: 1736 ms
Input: 5000000,
Cold Start: false
Unique ID: dc107196-fb27-47ca-8254-629308fc78cd,
Billed Duration for Request dc107196-fb27-47ca-8254-629308fc78cd: 1821 ms
Input: 5000000,
Cold Start: false
Unique ID: 959513c5-150d-47dd-9104-ff12ed8ff850,
Billed Duration for Request 959513c5-150d-47dd-9104-ff12ed8ff850: 1715 ms
Input: 5000000,
Cold Start: false
Unique ID: 13858014-a4f2-47b9-8ae2-6f81cac0a85a,
Billed Duration for Request 13858014-a4f2-47b9-8ae2-6f81cac0a85a: 1803 ms
Input: 5000000,
Cold Start: false
Unique ID: b98e2822-359c-4705-9b76-ae298ad9137f,
Billed Duration for Request b98e2822-359c-4705-9b76-ae298ad9137f: 1764 ms
Input: 5000000,
Cold Start: false
Unique ID: d2847001-3668-4c6b-ad75-467640017bec,
Billed Duration for Request d2847001-3668-4c6b-ad75-467640017bec: 1823 ms
Input: 5000000,
Cold Start: false
Unique ID: 023686f4-77f4-4cf1-b060-7640e5483e56,
Billed Duration for Request 023686f4-77f4-4cf1-b060-7640e5483e56: 1839 ms
Input: 5000000,
Cold Start: false
Unique ID: 041c225d-9e61-4c6e-9b40-eb905c165463,
Billed Duration for Request 041c225d-9e61-4c6e-9b40-eb905c165463: 1726 ms
Input: 5000000,
Cold Start: false
Unique ID: 5b504538-e102-4d80-9df3-d9702fd0e16e,
Billed Duration for Request 5b504538-e102-4d80-9df3-d9702fd0e16e: 1764 ms
Input: 5000000,
Cold Start: false
Unique ID: 85d45327-5cac-4425-bfce-539095a0afb4,
Billed Duration for Request 85d45327-5cac-4425-bfce-539095a0afb4: 1790 ms
Input: 5000000,
Cold Start: false
Unique ID: 8b192924-88c6-4cb8-afb8-c8175dcb109e,
Billed Duration for Request 8b192924-88c6-4cb8-afb8-c8175dcb109e: 1775 ms
Input: 5000000,
Cold Start: false
Unique ID: f7e221a9-5235-49be-b6e7-a8cc7e5716d1,
Billed Duration for Request f7e221a9-5235-49be-b6e7-a8cc7e5716d1: 1780 ms
Input: 5000000,
Cold Start: false
Unique ID: 735d07cd-0d51-454a-baae-11b315298335,
Billed Duration for Request 735d07cd-0d51-454a-baae-11b315298335: 1777 ms
Input: 5000000,
Cold Start: false
Unique ID: 3d4cdd8f-c5c2-49af-951b-1a53e929e52c,
Billed Duration for Request 3d4cdd8f-c5c2-49af-951b-1a53e929e52c: 1820 ms
Input: 5000000,
Cold Start: false
Unique ID: 437d4c88-17a7-4678-8f3f-c9ef814df06f,
Billed Duration for Request 437d4c88-17a7-4678-8f3f-c9ef814df06f: 1778 ms
Input: 5000000,
Cold Start: false
Unique ID: 47649021-6f09-4f13-8277-2dcb9922f570,
Billed Duration for Request 47649021-6f09-4f13-8277-2dcb9922f570: 1849 ms
Input: 5000000,
Cold Start: false
Unique ID: cfcc0d23-b7c1-487d-bb29-09542bab4ed7,
Billed Duration for Request cfcc0d23-b7c1-487d-bb29-09542bab4ed7: 1730 ms
Input: 5000000,
Cold Start: false
Unique ID: d5a0296f-444b-40ff-9932-b735612e4f5e,
Billed Duration for Request d5a0296f-444b-40ff-9932-b735612e4f5e: 1751 ms
Input: 5000000,
Cold Start: false
Unique ID: 9d9adbc8-786b-4cde-83fd-e361fac839f9,
Billed Duration for Request 9d9adbc8-786b-4cde-83fd-e361fac839f9: 1751 ms
Input: 5000000,
Cold Start: false
Unique ID: 5d74a6df-ab54-47a2-a42a-e0424dc6de21,
Billed Duration for Request 5d74a6df-ab54-47a2-a42a-e0424dc6de21: 1795 ms
Input: 5000000,
Cold Start: false
Unique ID: 88b426b1-e9b0-4304-8655-58864a2387d2,
Billed Duration for Request 88b426b1-e9b0-4304-8655-58864a2387d2: 1762 ms
Input: 5000000,
Cold Start: false
Unique ID: abfacf3e-0756-4595-ab40-3a6ef5c2f1c6,
Billed Duration for Request abfacf3e-0756-4595-ab40-3a6ef5c2f1c6: 1726 ms
Input: 5000000,
Cold Start: false
Unique ID: 1dfc9d6b-fb1c-44df-a847-4997ba07d3b5,
Billed Duration for Request 1dfc9d6b-fb1c-44df-a847-4997ba07d3b5: 1728 ms
Input: 5000000,
Cold Start: false
Unique ID: 908c757a-fef1-4005-bfe3-be68f06045a3,
Billed Duration for Request 908c757a-fef1-4005-bfe3-be68f06045a3: 1840 ms
Input: 5000000,
Cold Start: false
Unique ID: 3196f905-42b9-4e6a-aea8-3200e4b212a1,
Billed Duration for Request 3196f905-42b9-4e6a-aea8-3200e4b212a1: 1785 ms
Input: 5000000,
Cold Start: false
Unique ID: f56a6272-a894-4ed5-a1f1-2addd844963d,
Billed Duration for Request f56a6272-a894-4ed5-a1f1-2addd844963d: 1747 ms
Input: 5000000,
Cold Start: false
Unique ID: 6ec7271b-fb3c-4d14-bdb8-aa7c8c39f46d,
Billed Duration for Request 6ec7271b-fb3c-4d14-bdb8-aa7c8c39f46d: 1863 ms
Input: 5000000,
Cold Start: false
Unique ID: 1e8798f4-1971-47b1-8a8b-2ecc224b1746,
Billed Duration for Request 1e8798f4-1971-47b1-8a8b-2ecc224b1746: 1766 ms
Input: 5000000,
Cold Start: false
Unique ID: 3ee44cee-92f4-4b77-9214-27184c471991,
Billed Duration for Request 3ee44cee-92f4-4b77-9214-27184c471991: 1776 ms
Input: 5000000,
Cold Start: false
Unique ID: 3b4b890d-a710-46b3-b07f-aed346b9da2f,
Billed Duration for Request 3b4b890d-a710-46b3-b07f-aed346b9da2f: 1798 ms
Input: 5000000,
Cold Start: false
Unique ID: 69bf1a20-6005-4a0c-a4c5-a2402412861d,
Billed Duration for Request 69bf1a20-6005-4a0c-a4c5-a2402412861d: 1733 ms
Input: 5000000,
Cold Start: false
Unique ID: 24b4fe72-f47e-46a0-af93-7527fd1b5ad8,
Billed Duration for Request 24b4fe72-f47e-46a0-af93-7527fd1b5ad8: 1755 ms
Input: 5000000,
Cold Start: false
Unique ID: a5969c5c-51cb-4879-9596-d0c9cc387d6c,
Billed Duration for Request a5969c5c-51cb-4879-9596-d0c9cc387d6c: 1809 ms
Input: 5000000,
Cold Start: false
Unique ID: 489efe22-a733-4923-9ac7-b0d5b6b6d293,
Billed Duration for Request 489efe22-a733-4923-9ac7-b0d5b6b6d293: 1769 ms
Input: 5000000,
Cold Start: false
Unique ID: 928c243a-91ec-4f8d-81a5-12e56b82ea9a,
Billed Duration for Request 928c243a-91ec-4f8d-81a5-12e56b82ea9a: 1852 ms
Input: 5000000,
Cold Start: false
Unique ID: c080d6a6-2f56-4b6b-bf38-2b8ede1c8bee,
Billed Duration for Request c080d6a6-2f56-4b6b-bf38-2b8ede1c8bee: 1744 ms
Input: 5000000,
Cold Start: false
Unique ID: 4393e14f-9536-4d06-a441-4fdd0ea950bf,
Billed Duration for Request 4393e14f-9536-4d06-a441-4fdd0ea950bf: 1831 ms
Input: 5000000,
Cold Start: false
Unique ID: 7765f74c-7f30-4817-9132-b05664e43e30,
Billed Duration for Request 7765f74c-7f30-4817-9132-b05664e43e30: 1768 ms
Input: 5000000,
Cold Start: false
Unique ID: d753aa5b-a99f-428b-82d2-1f851f2eb0a7,
Billed Duration for Request d753aa5b-a99f-428b-82d2-1f851f2eb0a7: 1751 ms
Input: 5000000,
Cold Start: false
Unique ID: a2bc2d48-544a-4d4f-9f28-526c1d160200,
Billed Duration for Request a2bc2d48-544a-4d4f-9f28-526c1d160200: 1790 ms
Input: 5000000,
Cold Start: false
Unique ID: 14541a82-eab9-4ce5-8743-3e40c4cb7353,
Billed Duration for Request 14541a82-eab9-4ce5-8743-3e40c4cb7353: 1747 ms
Input: 5000000,
Cold Start: false
Unique ID: b84b77b0-61cb-4f1c-b0e2-17d306df4a1d,
Billed Duration for Request b84b77b0-61cb-4f1c-b0e2-17d306df4a1d: 1724 ms
Input: 5000000,
Cold Start: false
Unique ID: 2b32aa7b-8e85-4930-8944-e9326af4ffa2,
Billed Duration for Request 2b32aa7b-8e85-4930-8944-e9326af4ffa2: 1817 ms
Input: 5000000,
Cold Start: false
Unique ID: eeb27fdf-9fcd-4e6a-a40d-701659e783a2,
Billed Duration for Request eeb27fdf-9fcd-4e6a-a40d-701659e783a2: 1750 ms
Input: 5000000,
Cold Start: false
Unique ID: fcf71841-17a4-4bad-9977-fdf25c8ffd7a,
Billed Duration for Request fcf71841-17a4-4bad-9977-fdf25c8ffd7a: 1887 ms
Input: 5000000,
Cold Start: false
Unique ID: f4cb91c5-7717-4021-8f67-1ebdac45c449,
Billed Duration for Request f4cb91c5-7717-4021-8f67-1ebdac45c449: 1772 ms
Input: 5000000,
Cold Start: false
Unique ID: 83d4599c-9299-434e-be33-5e3b4d9682ad,
Billed Duration for Request 83d4599c-9299-434e-be33-5e3b4d9682ad: 1712 ms
Input: 5000000,
Cold Start: false
Unique ID: 3a2c2d3c-d5ae-42e3-8a54-cd1f3723f4a9,
Billed Duration for Request 3a2c2d3c-d5ae-42e3-8a54-cd1f3723f4a9: 1779 ms
Input: 5000000,
Cold Start: false
Unique ID: b6027e28-fa1b-4c14-97bb-dfc7e4393b9d,
Billed Duration for Request b6027e28-fa1b-4c14-97bb-dfc7e4393b9d: 1792 ms
Input: 5000000,
Cold Start: false
Unique ID: aa4e309a-c498-46f4-80d3-16eafa9d262b,
Billed Duration for Request aa4e309a-c498-46f4-80d3-16eafa9d262b: 1777 ms
Input: 5000000,
Cold Start: false
Unique ID: 694a1096-0270-44e5-b9ad-ebcc3092099c,
Billed Duration for Request 694a1096-0270-44e5-b9ad-ebcc3092099c: 1750 ms
Input: 5000000,
Cold Start: false
Unique ID: ed341a7d-8b94-4d98-b736-289fd9b9e38a,
Billed Duration for Request ed341a7d-8b94-4d98-b736-289fd9b9e38a: 1789 ms
Input: 5000000,
Cold Start: false
Unique ID: 73db3433-310c-4faf-8abd-b9b32f46ade1,
Billed Duration for Request 73db3433-310c-4faf-8abd-b9b32f46ade1: 1760 ms
Input: 5000000,
Cold Start: false
Unique ID: a9df7c01-969d-4d5c-a7ab-7b7914e5f60a,
Billed Duration for Request a9df7c01-969d-4d5c-a7ab-7b7914e5f60a: 1857 ms
Input: 5000000,
Cold Start: false
Unique ID: f58e2588-8b3e-4553-bd82-792548f828b2,
Billed Duration for Request f58e2588-8b3e-4553-bd82-792548f828b2: 1814 ms
Input: 5000000,
Cold Start: false
Unique ID: f2cb8602-a7cc-4ae2-ba69-fec5b4a448f5,
Billed Duration for Request f2cb8602-a7cc-4ae2-ba69-fec5b4a448f5: 1726 ms
Input: 5000000,
Cold Start: false
Unique ID: ca5f3fd9-4a4e-4190-b8ff-328f4dcdafab,
Billed Duration for Request ca5f3fd9-4a4e-4190-b8ff-328f4dcdafab: 1749 ms
Input: 5000000,
Cold Start: false
Unique ID: 7e5098c6-7555-4798-b3a6-6593c2ea2295,
Billed Duration for Request 7e5098c6-7555-4798-b3a6-6593c2ea2295: 1761 ms
Input: 5000000,
Cold Start: false
Unique ID: 77474883-c502-4e29-a788-49263ae9a29e,
Billed Duration for Request 77474883-c502-4e29-a788-49263ae9a29e: 1752 ms
Input: 5000000,
Cold Start: false
Unique ID: 81ce23d1-f3d3-4063-bf0d-737ff816b018,
Billed Duration for Request 81ce23d1-f3d3-4063-bf0d-737ff816b018: 1723 ms
Input: 5000000,
Cold Start: false
Unique ID: 4c3abd6b-9366-4c88-bf65-0db1ee2ee73d,
Billed Duration for Request 4c3abd6b-9366-4c88-bf65-0db1ee2ee73d: 1793 ms
Input: 5000000,
Cold Start: false
Unique ID: 79533b2f-faf5-44d9-af50-d6cdbeb7f7f7,
Billed Duration for Request 79533b2f-faf5-44d9-af50-d6cdbeb7f7f7: 1825 ms
Input: 5000000,
Cold Start: false
Unique ID: 9a1581a5-ddcc-4cb9-984c-1ce774265ef2,
Billed Duration for Request 9a1581a5-ddcc-4cb9-984c-1ce774265ef2: 1723 ms
Input: 5000000,
Cold Start: false
Unique ID: 55c440df-9118-4ac5-b8e1-6b6844d0e9c1,
Billed Duration for Request 55c440df-9118-4ac5-b8e1-6b6844d0e9c1: 1751 ms
Input: 5000000,
Cold Start: false
Unique ID: 92a580b8-02f9-4801-8a3f-60641e1b88cc,
Billed Duration for Request 92a580b8-02f9-4801-8a3f-60641e1b88cc: 1841 ms
Input: 5000000,
Cold Start: false
Unique ID: c00bc8d3-180f-4245-8c0e-b4435dbec156,
Billed Duration for Request c00bc8d3-180f-4245-8c0e-b4435dbec156: 1802 ms
Input: 5000000,
Cold Start: false
Unique ID: 2dfbada5-b8da-4d00-8eec-883c732c8ed9,
Billed Duration for Request 2dfbada5-b8da-4d00-8eec-883c732c8ed9: 1816 ms
Input: 5000000,
Cold Start: false
Unique ID: 000a3f32-a2c2-4745-b3d1-3602a3d3e0aa,
Billed Duration for Request 000a3f32-a2c2-4745-b3d1-3602a3d3e0aa: 1729 ms
Input: 5000000,
Cold Start: false
Unique ID: 4575d713-b8a2-4b9c-a42e-b890908377cb,
Billed Duration for Request 4575d713-b8a2-4b9c-a42e-b890908377cb: 1754 ms
Input: 5000000,
Cold Start: false
Unique ID: 9ccdcc13-4f64-4ac8-acad-1d766ee177b8,
Billed Duration for Request 9ccdcc13-4f64-4ac8-acad-1d766ee177b8: 1797 ms
Input: 5000000,
Cold Start: false
Unique ID: 0cb6080e-1a74-407f-a72e-f9df5a44539b,
Billed Duration for Request 0cb6080e-1a74-407f-a72e-f9df5a44539b: 1747 ms
Input: 5000000,
Cold Start: false
Unique ID: ef3eb601-29cf-43a5-baa6-c89a9f27e4af,
Billed Duration for Request ef3eb601-29cf-43a5-baa6-c89a9f27e4af: 1807 ms
Input: 5000000,
Cold Start: false
Unique ID: 3b7a40f2-b68a-4eea-bf75-6c279c542c44,
Billed Duration for Request 3b7a40f2-b68a-4eea-bf75-6c279c542c44: 1778 ms
Input: 5000000,
Cold Start: false
Unique ID: 4488646a-8017-443e-82db-0fb01a104ebc,
Billed Duration for Request 4488646a-8017-443e-82db-0fb01a104ebc: 1733 ms
Input: 5000000,
Cold Start: false
Unique ID: 03099f48-fd08-4e1e-a9a9-fb5262a6f0fa,
Billed Duration for Request 03099f48-fd08-4e1e-a9a9-fb5262a6f0fa: 1833 ms
Input: 5000000,
Cold Start: false
Unique ID: 704dca1a-9e38-4b10-8e22-72d6a935f065,
Billed Duration for Request 704dca1a-9e38-4b10-8e22-72d6a935f065: 1854 ms
Input: 5000000,
Cold Start: false
Unique ID: d6f19c26-dbdd-4228-a41a-a7a83ebb2ab8,
Billed Duration for Request d6f19c26-dbdd-4228-a41a-a7a83ebb2ab8: 1767 ms
Input: 5000000,
Cold Start: false
Unique ID: 48a8cc2d-a091-4dd7-b142-4e5faa56704c,
Billed Duration for Request 48a8cc2d-a091-4dd7-b142-4e5faa56704c: 1783 ms
Input: 5000000,
Cold Start: false
Unique ID: f526a535-016f-4378-80cb-7ce4c0b0d928,
Billed Duration for Request f526a535-016f-4378-80cb-7ce4c0b0d928: 1759 ms
Input: 5000000,
Cold Start: false
Unique ID: cdd66249-753d-4899-a639-7493962a6faa,
Billed Duration for Request cdd66249-753d-4899-a639-7493962a6faa: 1744 ms
Input: 5000000,
Cold Start: false
Unique ID: 5cd11828-d877-42fd-abac-828072484ea4,
Billed Duration for Request 5cd11828-d877-42fd-abac-828072484ea4: 1802 ms
Input: 5000000,
Cold Start: false
Unique ID: fafeebfa-0927-47ed-b0d6-d59b8981f63d,
Billed Duration for Request fafeebfa-0927-47ed-b0d6-d59b8981f63d: 1712 ms
Input: 5000000,
Cold Start: false
Unique ID: 4380acaf-5808-433b-a57b-1f8c7a26b147,
Billed Duration for Request 4380acaf-5808-433b-a57b-1f8c7a26b147: 1835 ms
Input: 5000000,
Cold Start: false
Unique ID: 395ce29c-3113-4bb9-bb3b-9a777f126828,
Billed Duration for Request 395ce29c-3113-4bb9-bb3b-9a777f126828: 1775 ms
Input: 5000000,
Cold Start: false
Unique ID: 7da30c41-f20a-4f54-97b3-23498c6be088,
Billed Duration for Request 7da30c41-f20a-4f54-97b3-23498c6be088: 1826 ms
Input: 5000000,
Cold Start: false
Unique ID: 2986303b-d5d2-43ca-9f0e-37a775bc5677,
Billed Duration for Request 2986303b-d5d2-43ca-9f0e-37a775bc5677: 1819 ms
Input: 5000000,
Cold Start: false
Unique ID: f90ab3d7-f941-4274-a4ab-33353c0ce47d,
Billed Duration for Request f90ab3d7-f941-4274-a4ab-33353c0ce47d: 1712 ms
Input: 5000000,
Cold Start: false
Unique ID: efe81481-fad9-4096-8dc9-e56f29f9a3e6,
Billed Duration for Request efe81481-fad9-4096-8dc9-e56f29f9a3e6: 1768 ms
Input: 5000000,
Cold Start: false
Unique ID: 0733fce3-d8e1-48f8-9b24-b01b1ee800d8,
Billed Duration for Request 0733fce3-d8e1-48f8-9b24-b01b1ee800d8: 1769 ms
Input: 5000000,
Cold Start: false
Unique ID: 157355b8-4adf-401e-b645-e8d6a46df2ea,
Billed Duration for Request 157355b8-4adf-401e-b645-e8d6a46df2ea: 1769 ms
Input: 5000000,
Cold Start: false
Unique ID: 05d1ccd1-c26e-4bd9-9636-5b5282b37a50,
Billed Duration for Request 05d1ccd1-c26e-4bd9-9636-5b5282b37a50: 1755 ms
Input: 5000000,
Cold Start: false
Unique ID: 4bc0b5e3-a901-4401-a4f6-43f175727e2b,
Billed Duration for Request 4bc0b5e3-a901-4401-a4f6-43f175727e2b: 1827 ms
Input: 5000000,
Cold Start: false
Unique ID: 8d701012-eda6-4337-80ab-f27c41607d3a,
Billed Duration for Request 8d701012-eda6-4337-80ab-f27c41607d3a: 1803 ms
Input: 5000000,
Cold Start: false
Unique ID: ef50ea6e-ba6d-4b38-8580-a504c82bd7f4,
Billed Duration for Request ef50ea6e-ba6d-4b38-8580-a504c82bd7f4: 1785 ms
Input: 5000000,
Cold Start: false
Unique ID: d24fe775-63d1-4891-b0ff-e483a7db6c47,
Billed Duration for Request d24fe775-63d1-4891-b0ff-e483a7db6c47: 1716 ms
Input: 5000000,
Cold Start: false
Unique ID: 91a5f7c8-0326-4eb0-ae92-0cc3a6a600ad,
Billed Duration for Request 91a5f7c8-0326-4eb0-ae92-0cc3a6a600ad: 1849 ms
Input: 5000000,
Cold Start: false
Unique ID: 74358ed4-c464-442f-b58b-df484a4b7cb6,
Billed Duration for Request 74358ed4-c464-442f-b58b-df484a4b7cb6: 1761 ms
Input: 5000000,
Cold Start: false
Unique ID: 34d262c8-d3b1-4494-a9cd-29e56fab4d59,
Billed Duration for Request 34d262c8-d3b1-4494-a9cd-29e56fab4d59: 1766 ms
Input: 5000000,
Cold Start: false
Unique ID: 2e716121-27ad-47ca-9149-bd4278f7bfb2,
Billed Duration for Request 2e716121-27ad-47ca-9149-bd4278f7bfb2: 1810 ms
Input: 5000000,
Cold Start: false
Unique ID: 73c8f414-07b6-46db-8c3d-2b2bd27b13ab,
Billed Duration for Request 73c8f414-07b6-46db-8c3d-2b2bd27b13ab: 1759 ms
Input: 5000000,
Cold Start: false
Unique ID: 202c1304-9be3-4bf3-bcb8-7b6682e8c485,
Billed Duration for Request 202c1304-9be3-4bf3-bcb8-7b6682e8c485: 1736 ms
Input: 5000000,
Cold Start: false
Unique ID: cdfa2748-c7c8-4716-af1f-f75452f57f35,
Billed Duration for Request cdfa2748-c7c8-4716-af1f-f75452f57f35: 1715 ms
Input: 5000000,
Cold Start: false
Unique ID: d1fccf63-944d-4359-9ab8-ef288e4126df,
Billed Duration for Request d1fccf63-944d-4359-9ab8-ef288e4126df: 1839 ms
Input: 5000000,
Cold Start: false
Unique ID: c21912dc-7d1e-4757-9195-1e6f95f0d2da,
Billed Duration for Request c21912dc-7d1e-4757-9195-1e6f95f0d2da: 1748 ms
Input: 5000000,
Cold Start: false
Unique ID: 589ca381-c138-4f8b-82c0-5725e175599c,
Billed Duration for Request 589ca381-c138-4f8b-82c0-5725e175599c: 1804 ms
Input: 5000000,
Cold Start: false
Unique ID: 1c9fd1b4-33e4-4651-b540-777816cc09f2,
Billed Duration for Request 1c9fd1b4-33e4-4651-b540-777816cc09f2: 1814 ms
Input: 5000000,
Cold Start: false
Unique ID: 60dc2ff5-6fa1-471e-ad74-80169f7bd33e,
Billed Duration for Request 60dc2ff5-6fa1-471e-ad74-80169f7bd33e: 1738 ms
Input: 5000000,
Cold Start: false
Unique ID: 98d78caf-2e22-4847-8298-a1131610436e,
Billed Duration for Request 98d78caf-2e22-4847-8298-a1131610436e: 1746 ms
Input: 5000000,
Cold Start: false
Unique ID: f4d8c3e5-a6ee-4375-9eb6-679b05757fc9,
Billed Duration for Request f4d8c3e5-a6ee-4375-9eb6-679b05757fc9: 1808 ms
Input: 5000000,
Cold Start: false
Unique ID: a9da1190-b44e-4428-b211-ebfe375469f8,
Billed Duration for Request a9da1190-b44e-4428-b211-ebfe375469f8: 1774 ms
Input: 5000000,
Cold Start: false
Unique ID: e4f49dea-8dc5-4782-ac11-f4da8a6842a4,
Billed Duration for Request e4f49dea-8dc5-4782-ac11-f4da8a6842a4: 1766 ms
Input: 5000000,
Cold Start: false
Unique ID: a4409845-472b-450a-a9f4-69b4ae9da6e1,
Billed Duration for Request a4409845-472b-450a-a9f4-69b4ae9da6e1: 1809 ms
Input: 5000000,
Cold Start: false
Unique ID: 9a0cca61-d460-4878-9bc1-cf546ecdd445,
Billed Duration for Request 9a0cca61-d460-4878-9bc1-cf546ecdd445: 1850 ms
Input: 5000000,
Cold Start: false
Unique ID: 873ca375-4ca8-44fb-b587-c67cef655134,
Billed Duration for Request 873ca375-4ca8-44fb-b587-c67cef655134: 1754 ms
Input: 5000000,
Cold Start: false
Unique ID: 0645fa33-2762-4884-a930-99b04af4c183,
Billed Duration for Request 0645fa33-2762-4884-a930-99b04af4c183: 1712 ms
Input: 5000000,
Cold Start: false
Unique ID: e957fc0b-44cc-4285-b6f8-cebbce9f45b8,
Billed Duration for Request e957fc0b-44cc-4285-b6f8-cebbce9f45b8: 1821 ms
Input: 5000000,
Cold Start: false
Unique ID: e89c2fec-c351-4b26-9bef-0983d5322000,
Billed Duration for Request e89c2fec-c351-4b26-9bef-0983d5322000: 1769 ms
Input: 5000000,
Cold Start: false
Unique ID: 32b5436f-1ea3-465d-a526-eea7611a9f1d,
Billed Duration for Request 32b5436f-1ea3-465d-a526-eea7611a9f1d: 1776 ms
Input: 5000000,
Cold Start: false
Unique ID: 67728780-c19d-4dc4-9dd3-ea5df263a826,
Billed Duration for Request 67728780-c19d-4dc4-9dd3-ea5df263a826: 1800 ms
Input: 5000000,
Cold Start: false
Unique ID: b776f0e8-1fbd-46af-bc33-c3058fb353b4,
Billed Duration for Request b776f0e8-1fbd-46af-bc33-c3058fb353b4: 1741 ms
Input: 5000000,
Cold Start: false
Unique ID: 256870a3-72b7-49be-961a-e067d0dc8c98,
Billed Duration for Request 256870a3-72b7-49be-961a-e067d0dc8c98: 1723 ms
Input: 5000000,
Cold Start: false
Unique ID: 5e4cd58d-d02f-4889-a91e-7d18ca5d5e9b,
Billed Duration for Request 5e4cd58d-d02f-4889-a91e-7d18ca5d5e9b: 1722 ms
Input: 5000000,
Cold Start: false
Unique ID: fa45f8e3-fbb7-4a6f-b44a-7a3616a3df76,
Billed Duration for Request fa45f8e3-fbb7-4a6f-b44a-7a3616a3df76: 1843 ms
Input: 5000000,
Cold Start: false
Unique ID: 3ce4ced0-07fd-400f-9ce8-4b9b8556540b,
Billed Duration for Request 3ce4ced0-07fd-400f-9ce8-4b9b8556540b: 1773 ms
Input: 5000000,
Cold Start: false
Unique ID: 406e03f3-e918-49f2-8270-ebf7eb2d1478,
Billed Duration for Request 406e03f3-e918-49f2-8270-ebf7eb2d1478: 1836 ms
Input: 5000000,
Cold Start: false
Unique ID: 241a8b1f-a688-48a6-a52f-1808f321aa1f,
Billed Duration for Request 241a8b1f-a688-48a6-a52f-1808f321aa1f: 1799 ms
Input: 5000000,
Cold Start: false
Unique ID: 501f0755-3f94-4b54-bc00-d3352b5015a7,
Billed Duration for Request 501f0755-3f94-4b54-bc00-d3352b5015a7: 1731 ms
Input: 5000000,
Cold Start: false
Unique ID: a4dff38c-d8a4-4571-bc1e-350eeac646fb,
Billed Duration for Request a4dff38c-d8a4-4571-bc1e-350eeac646fb: 1786 ms
Input: 5000000,
Cold Start: false
Unique ID: e333835f-440c-447c-83c4-d42bffaa1c65,
Billed Duration for Request e333835f-440c-447c-83c4-d42bffaa1c65: 1768 ms
Input: 5000000,
Cold Start: false
Unique ID: 421b7e3c-6249-411b-a5e3-212dd5bb5709,
Billed Duration for Request 421b7e3c-6249-411b-a5e3-212dd5bb5709: 1777 ms
Input: 5000000,
Cold Start: false
Unique ID: 988929b3-d4b4-4fa8-8037-b9b2786c0b00,
Billed Duration for Request 988929b3-d4b4-4fa8-8037-b9b2786c0b00: 1768 ms
Input: 5000000,
Cold Start: false
Unique ID: 0244901f-c01b-4025-97a5-4121ba1350ef,
Billed Duration for Request 0244901f-c01b-4025-97a5-4121ba1350ef: 1763 ms
Input: 5000000,
Cold Start: false
Unique ID: a81aa27f-61ec-4695-8a44-bddf65fa45ec,
Billed Duration for Request a81aa27f-61ec-4695-8a44-bddf65fa45ec: 1887 ms
Input: 5000000,
Cold Start: false
Unique ID: 277aac5c-ba7b-444e-9a68-87b1265ce7a4,
Billed Duration for Request 277aac5c-ba7b-444e-9a68-87b1265ce7a4: 1708 ms
Input: 5000000,
Cold Start: false
Unique ID: 6cfc080c-553b-4d81-8dd6-820084756c19,
Billed Duration for Request 6cfc080c-553b-4d81-8dd6-820084756c19: 1801 ms
Input: 5000000,
Cold Start: false
Unique ID: fa99d600-ee95-4118-a056-ae915d905b8d,
Billed Duration for Request fa99d600-ee95-4118-a056-ae915d905b8d: 1814 ms
Input: 5000000,
Cold Start: false
Unique ID: 20e66c11-d0db-401c-b7c9-3801f18f797e,
Billed Duration for Request 20e66c11-d0db-401c-b7c9-3801f18f797e: 1757 ms
Input: 5000000,
Cold Start: false
Unique ID: 04da57a4-da56-424c-9162-e9c7496f6999,
Billed Duration for Request 04da57a4-da56-424c-9162-e9c7496f6999: 1808 ms
Input: 5000000,
Cold Start: false
Unique ID: 81a5ac21-df48-43f3-a675-26912037b9ee,
Billed Duration for Request 81a5ac21-df48-43f3-a675-26912037b9ee: 1766 ms
Input: 5000000,
Cold Start: false
Unique ID: 88f36e9c-e99c-4d1f-a5d8-7ddb325eec3e,
Billed Duration for Request 88f36e9c-e99c-4d1f-a5d8-7ddb325eec3e: 1767 ms
Input: 5000000,
Cold Start: false
Unique ID: aaf2857d-93a1-4ef7-8e49-6a278c92b3ca,
Billed Duration for Request aaf2857d-93a1-4ef7-8e49-6a278c92b3ca: 1748 ms
Input: 5000000,
Cold Start: false
Unique ID: 9ac7d2c9-e74a-4429-949e-c63293136cfb,
Billed Duration for Request 9ac7d2c9-e74a-4429-949e-c63293136cfb: 1824 ms
Input: 5000000,
Cold Start: false
Unique ID: 6d2cce72-68a0-40cb-89a4-19cef175ae64,
Billed Duration for Request 6d2cce72-68a0-40cb-89a4-19cef175ae64: 1722 ms
Input: 5000000,
Cold Start: false
Unique ID: c01f2f10-398a-414b-98fa-a3c80b67776d,
Billed Duration for Request c01f2f10-398a-414b-98fa-a3c80b67776d: 1790 ms
Input: 5000000,
Cold Start: false
Unique ID: 6f807240-0763-4239-942f-a12d5ebc8d05,
Billed Duration for Request 6f807240-0763-4239-942f-a12d5ebc8d05: 1889 ms
Input: 5000000,
Cold Start: false
Unique ID: 36f35419-4e61-4cf2-8db9-23071f95ba5f,
Billed Duration for Request 36f35419-4e61-4cf2-8db9-23071f95ba5f: 1778 ms
Input: 5000000,
Cold Start: false
Unique ID: 56102f68-79ea-4b65-95e1-8dbba245ef4b,
Billed Duration for Request 56102f68-79ea-4b65-95e1-8dbba245ef4b: 1804 ms
Input: 5000000,
Cold Start: false
Unique ID: 69ecb7b6-b037-4eec-a1ce-684d6eea6a71,
Billed Duration for Request 69ecb7b6-b037-4eec-a1ce-684d6eea6a71: 1771 ms
Input: 5000000,
Cold Start: false
Unique ID: c0058de6-2e52-4aa0-b1f9-36e4068e32be,
Billed Duration for Request c0058de6-2e52-4aa0-b1f9-36e4068e32be: 1807 ms
Input: 5000000,
Cold Start: false
Unique ID: 50aa2f6a-2c83-4f9f-9028-bae43c871e4e,
Billed Duration for Request 50aa2f6a-2c83-4f9f-9028-bae43c871e4e: 1733 ms
Input: 5000000,
Cold Start: false
Unique ID: 496ed121-575d-4404-8a5d-a36c167f88cd,
Billed Duration for Request 496ed121-575d-4404-8a5d-a36c167f88cd: 1749 ms
Input: 5000000,
Cold Start: false
Unique ID: be7c901d-e360-4d82-afdf-3cc39e106e64,
Billed Duration for Request be7c901d-e360-4d82-afdf-3cc39e106e64: 1827 ms
Input: 5000000,
Cold Start: false
Unique ID: ab6fb118-4e9c-4780-8ec2-1f495e6f82ad,
Billed Duration for Request ab6fb118-4e9c-4780-8ec2-1f495e6f82ad: 1693 ms
Input: 5000000,
Cold Start: false
Unique ID: cea93d21-df7b-4110-9b5d-9c1d9ad17c69,
Billed Duration for Request cea93d21-df7b-4110-9b5d-9c1d9ad17c69: 1879 ms
Input: 5000000,
Cold Start: false
Unique ID: ec416a8c-ef50-405b-b4f7-1e05b59dd4d8,
Billed Duration for Request ec416a8c-ef50-405b-b4f7-1e05b59dd4d8: 1787 ms
Input: 5000000,
Cold Start: false
Unique ID: bd5e859a-c973-4403-9552-24a2cb611e07,
Billed Duration for Request bd5e859a-c973-4403-9552-24a2cb611e07: 1838 ms
Input: 5000000,
Cold Start: false
Unique ID: 13f9621f-a5fb-48c3-98d2-aa7bb4407e07,
Billed Duration for Request 13f9621f-a5fb-48c3-98d2-aa7bb4407e07: 1777 ms
Input: 5000000,
Cold Start: false
Unique ID: 42579f9c-6ff9-4246-82c2-157ea5d2f189,
Billed Duration for Request 42579f9c-6ff9-4246-82c2-157ea5d2f189: 1786 ms
Input: 5000000,
Cold Start: false
Unique ID: bc289bf8-6c12-47b9-af43-1852a29ac57e,
Billed Duration for Request bc289bf8-6c12-47b9-af43-1852a29ac57e: 1801 ms
Input: 5000000,
Cold Start: false
Unique ID: e95da31b-0a51-49ba-83b9-fb48feda90b5,
Billed Duration for Request e95da31b-0a51-49ba-83b9-fb48feda90b5: 1797 ms
Input: 5000000,
Cold Start: false
Unique ID: 40cba423-c223-47b7-a7a1-9a5ff950115c,
Billed Duration for Request 40cba423-c223-47b7-a7a1-9a5ff950115c: 1712 ms
Input: 5000000,
Cold Start: false
Unique ID: 8c8b1b47-b1f5-49aa-b477-defba750dabe,
Billed Duration for Request 8c8b1b47-b1f5-49aa-b477-defba750dabe: 1867 ms
Input: 5000000,
Cold Start: false
Unique ID: b0b1389e-c677-4ae1-b516-fe6cd9f86c43,
Billed Duration for Request b0b1389e-c677-4ae1-b516-fe6cd9f86c43: 1834 ms
Input: 5000000,
Cold Start: false
Unique ID: 88e7c5fa-05f6-4fe3-b586-ad8f237a043f,
Billed Duration for Request 88e7c5fa-05f6-4fe3-b586-ad8f237a043f: 1854 ms
Input: 5000000,
Cold Start: false
Unique ID: ea6c7574-74ac-4b06-8267-3a944bb1d1a6,
Billed Duration for Request ea6c7574-74ac-4b06-8267-3a944bb1d1a6: 1800 ms
Input: 5000000,
Cold Start: false
Unique ID: 9ab5dc71-d654-4aae-a63a-bc2d8e60cbb5,
Billed Duration for Request 9ab5dc71-d654-4aae-a63a-bc2d8e60cbb5: 1767 ms
Input: 5000000,
Cold Start: false
Unique ID: 4f303ff7-c393-42f1-ae85-e7fdb256b88f,
Billed Duration for Request 4f303ff7-c393-42f1-ae85-e7fdb256b88f: 1757 ms
Input: 5000000,
Cold Start: false
Unique ID: 9616093a-e4e9-478d-81d1-f036c906ee88,
Billed Duration for Request 9616093a-e4e9-478d-81d1-f036c906ee88: 1776 ms
Input: 5000000,
Cold Start: false
Unique ID: ef007725-c565-4e8f-9d7b-efaf1de589c1,
Billed Duration for Request ef007725-c565-4e8f-9d7b-efaf1de589c1: 1722 ms
Input: 5000000,
Cold Start: false
Unique ID: 835177ab-95a2-40ff-9a3f-c0c47130d33d,
Billed Duration for Request 835177ab-95a2-40ff-9a3f-c0c47130d33d: 1829 ms
Input: 5000000,
Cold Start: false
Unique ID: fbc88af9-336c-4ab4-8ad1-4fe6c0ee2413,
Billed Duration for Request fbc88af9-336c-4ab4-8ad1-4fe6c0ee2413: 1695 ms
Input: 5000000,
Cold Start: false
Unique ID: 3158baa7-7c92-4f0c-8970-e760226af0b9,
Billed Duration for Request 3158baa7-7c92-4f0c-8970-e760226af0b9: 1901 ms
Input: 5000000,
Cold Start: false
Unique ID: cced2186-3c54-45bf-ba9a-64c37673c83a,
Billed Duration for Request cced2186-3c54-45bf-ba9a-64c37673c83a: 1842 ms
Input: 5000000,
Cold Start: false
Unique ID: d6386e77-10e1-4a52-bfc9-a503ba5f9166,
Billed Duration for Request d6386e77-10e1-4a52-bfc9-a503ba5f9166: 1774 ms
Input: 5000000,
Cold Start: false
Unique ID: d0f252d4-2154-4489-817b-372c8f0c8560,
Billed Duration for Request d0f252d4-2154-4489-817b-372c8f0c8560: 1718 ms
Input: 5000000,
Cold Start: false
Unique ID: 5a6427c7-996f-4b41-8111-478c1a3dc2f9,
Billed Duration for Request 5a6427c7-996f-4b41-8111-478c1a3dc2f9: 1768 ms
Input: 5000000,
Cold Start: false
Unique ID: ec0bbffd-d2fd-4507-bb2b-0e5dd24ae313,
Billed Duration for Request ec0bbffd-d2fd-4507-bb2b-0e5dd24ae313: 1750 ms
Input: 5000000,
Cold Start: false
Unique ID: bfc67ae3-ca30-4202-8959-f63ed1236deb,
Billed Duration for Request bfc67ae3-ca30-4202-8959-f63ed1236deb: 1785 ms
Input: 5000000,
Cold Start: false
Unique ID: 2e91396e-d45e-4a88-8f4c-ea670e6fe997,
Billed Duration for Request 2e91396e-d45e-4a88-8f4c-ea670e6fe997: 1811 ms
Input: 5000000,
Cold Start: false
Unique ID: 714691fc-b410-474f-9c34-8dcdc4e0ed7e,
Billed Duration for Request 714691fc-b410-474f-9c34-8dcdc4e0ed7e: 1776 ms
Input: 5000000,
Cold Start: false
Unique ID: f311544c-1f5d-4d96-af82-6a6b386b98bb,
Billed Duration for Request f311544c-1f5d-4d96-af82-6a6b386b98bb: 1719 ms
Input: 5000000,
Cold Start: false
Unique ID: 47abcb0c-f65c-43f3-93c2-aed864ac720e,
Billed Duration for Request 47abcb0c-f65c-43f3-93c2-aed864ac720e: 1890 ms
Input: 5000000,
Cold Start: false
Unique ID: af6d7a7b-b2e3-4d47-8408-1bb4ab186606,
Billed Duration for Request af6d7a7b-b2e3-4d47-8408-1bb4ab186606: 1821 ms
Input: 5000000,
Cold Start: false
Unique ID: d1832136-4618-4504-97a3-6983f81b8843,
Billed Duration for Request d1832136-4618-4504-97a3-6983f81b8843: 1844 ms
Input: 5000000,
Cold Start: false
Unique ID: 00c8ebe6-1c5f-4d1f-852e-c73df75ad662,
Billed Duration for Request 00c8ebe6-1c5f-4d1f-852e-c73df75ad662: 1785 ms
Input: 5000000,
Cold Start: false
Unique ID: 05fd49c1-fbb8-4191-977b-2725df5e9e47,
Billed Duration for Request 05fd49c1-fbb8-4191-977b-2725df5e9e47: 1752 ms
Input: 5000000,
Cold Start: false
Unique ID: 6290a0d7-7861-40b0-8822-cb0bdc3c40ca,
Billed Duration for Request 6290a0d7-7861-40b0-8822-cb0bdc3c40ca: 1807 ms
Input: 5000000,
Cold Start: false
Unique ID: 371caee2-eeee-47bc-8ca9-1a3f0750c227,
Billed Duration for Request 371caee2-eeee-47bc-8ca9-1a3f0750c227: 1769 ms
Input: 5000000,
Cold Start: false
Unique ID: 2c3b4a8d-9489-4281-bb3e-6e6d90e88cb8,
Billed Duration for Request 2c3b4a8d-9489-4281-bb3e-6e6d90e88cb8: 1747 ms
Input: 5000000,
Cold Start: false
Unique ID: 0157e8cc-2abb-4cc0-9440-e81e411124af,
Billed Duration for Request 0157e8cc-2abb-4cc0-9440-e81e411124af: 1818 ms
Input: 5000000,
Cold Start: false
Unique ID: f5e32118-5bf5-4e16-b54c-3a74ec01daed,
Billed Duration for Request f5e32118-5bf5-4e16-b54c-3a74ec01daed: 1720 ms
Input: 5000000,
Cold Start: false
Unique ID: 38942c89-1ef1-4f63-bb2e-d914697e3163,
Billed Duration for Request 38942c89-1ef1-4f63-bb2e-d914697e3163: 1865 ms
Input: 5000000,
Cold Start: false
Unique ID: 56cf16de-0686-44e0-ba3e-56eccb087fb2,
Billed Duration for Request 56cf16de-0686-44e0-ba3e-56eccb087fb2: 1835 ms
Input: 5000000,
Cold Start: false
Unique ID: bbcf6c34-b80e-4354-ada8-24438169b1c6,
Billed Duration for Request bbcf6c34-b80e-4354-ada8-24438169b1c6: 1776 ms
Input: 5000000,
Cold Start: false
Unique ID: 22b1f87e-ec7f-4485-8992-81111ddd429c,
Billed Duration for Request 22b1f87e-ec7f-4485-8992-81111ddd429c: 1756 ms
Input: 5000000,
Cold Start: false
Unique ID: 182f250a-0d0c-4e89-8861-2492270a3645,
Billed Duration for Request 182f250a-0d0c-4e89-8861-2492270a3645: 1769 ms
Input: 5000000,
Cold Start: false
Unique ID: d168e627-807e-43e7-ac77-ad974b0198a4,
Billed Duration for Request d168e627-807e-43e7-ac77-ad974b0198a4: 1756 ms
Input: 5000000,
Cold Start: false
Unique ID: 08b27e66-f38c-4275-bd5b-252be608053a,
Billed Duration for Request 08b27e66-f38c-4275-bd5b-252be608053a: 1809 ms
Input: 5000000,
Cold Start: false
Unique ID: c84af7e1-9d83-440f-ab8b-69edb17dee7e,
Billed Duration for Request c84af7e1-9d83-440f-ab8b-69edb17dee7e: 1778 ms
Input: 5000000,
Cold Start: false
Unique ID: b4b1a423-ba82-4539-bde4-8c4060bb9f08,
Billed Duration for Request b4b1a423-ba82-4539-bde4-8c4060bb9f08: 1770 ms
Input: 5000000,
Cold Start: false
Unique ID: bfdc7944-0d28-4f2f-bf02-336cc911cd92,
Billed Duration for Request bfdc7944-0d28-4f2f-bf02-336cc911cd92: 1748 ms
Input: 5000000,
Cold Start: false
Unique ID: f2afc5b9-3631-4ac0-a71b-07ddbd4e55c7,
Billed Duration for Request f2afc5b9-3631-4ac0-a71b-07ddbd4e55c7: 1846 ms
Input: 5000000,
Cold Start: false
Unique ID: 979d66a3-33e0-4e2e-873e-f01b07a00c17,
Billed Duration for Request 979d66a3-33e0-4e2e-873e-f01b07a00c17: 1858 ms
Input: 5000000,
Cold Start: false
Unique ID: baeed2bd-4bd8-48de-a554-ce61bb41835a,
Billed Duration for Request baeed2bd-4bd8-48de-a554-ce61bb41835a: 1815 ms
Input: 5000000,
Cold Start: false
Unique ID: d1b94e1b-e1b6-4706-953a-0b7a80abe631,
Billed Duration for Request d1b94e1b-e1b6-4706-953a-0b7a80abe631: 1818 ms
Input: 5000000,
Cold Start: false
Unique ID: 1b2ccc41-5745-48d1-be72-e5a64b52b89a,
Billed Duration for Request 1b2ccc41-5745-48d1-be72-e5a64b52b89a: 1798 ms
Input: 5000000,
Cold Start: false
Unique ID: 0cc3ed8c-3161-4fbd-b4a1-12bc8fb1a31c,
Billed Duration for Request 0cc3ed8c-3161-4fbd-b4a1-12bc8fb1a31c: 1770 ms
Input: 5000000,
Cold Start: false
Unique ID: f841a9cf-9adf-45b7-8156-fa9b24733108,
Billed Duration for Request f841a9cf-9adf-45b7-8156-fa9b24733108: 1752 ms
Input: 5000000,
Cold Start: false
Unique ID: b35f5eba-967f-494f-b672-ee4b076aaa40,
Billed Duration for Request b35f5eba-967f-494f-b672-ee4b076aaa40: 1707 ms
Input: 5000000,
Cold Start: false
Unique ID: a4138a98-8fb0-478c-83a3-0b344db9ab03,
Billed Duration for Request a4138a98-8fb0-478c-83a3-0b344db9ab03: 1856 ms
Input: 5000000,
Cold Start: false
Unique ID: b97027f4-d739-42c8-b220-ca1e6efc0185,
Billed Duration for Request b97027f4-d739-42c8-b220-ca1e6efc0185: 1742 ms
Input: 5000000,
Cold Start: false
Unique ID: 82d4c336-dd24-41bb-9560-f127f03c0969,
Billed Duration for Request 82d4c336-dd24-41bb-9560-f127f03c0969: 1813 ms
Input: 5000000,
Cold Start: false
Unique ID: 59cb76a0-7a55-4631-bdb9-daf8db9d1a7f,
Billed Duration for Request 59cb76a0-7a55-4631-bdb9-daf8db9d1a7f: 1778 ms
Input: 5000000,
Cold Start: false
Unique ID: 94db26e5-4674-4918-a6e2-229fcdb5d337,
Billed Duration for Request 94db26e5-4674-4918-a6e2-229fcdb5d337: 1842 ms
Input: 5000000,
Cold Start: false
Unique ID: 0ae1752d-da3c-41c5-bd4b-aee68fa26a18,
Billed Duration for Request 0ae1752d-da3c-41c5-bd4b-aee68fa26a18: 1744 ms
Input: 5000000,
Cold Start: false
Unique ID: ff7a1289-3170-4359-a764-eb151c744c5d,
Billed Duration for Request ff7a1289-3170-4359-a764-eb151c744c5d: 1774 ms
Input: 5000000,
Cold Start: false
Unique ID: 3f8ef689-84c5-45ee-b24a-caa97d22b2ee,
Billed Duration for Request 3f8ef689-84c5-45ee-b24a-caa97d22b2ee: 1830 ms
Input: 5000000,
Cold Start: false
Unique ID: 08c9fdd2-f589-448e-9e5a-a9a921834bb1,
Billed Duration for Request 08c9fdd2-f589-448e-9e5a-a9a921834bb1: 1794 ms
Input: 5000000,
Cold Start: false
Unique ID: 197823b0-4ae8-4d6d-832d-717127784666,
Billed Duration for Request 197823b0-4ae8-4d6d-832d-717127784666: 1813 ms
Input: 5000000,
Cold Start: false
Unique ID: 7000c047-e3de-4a2a-8554-53aeefc376e4,
Billed Duration for Request 7000c047-e3de-4a2a-8554-53aeefc376e4: 1773 ms
Input: 5000000,
Cold Start: false
Unique ID: 51c303a2-d45f-4b1b-b3b4-e0df0fb8e94c,
Billed Duration for Request 51c303a2-d45f-4b1b-b3b4-e0df0fb8e94c: 1834 ms
Input: 5000000,
Cold Start: false
Unique ID: 404bf0e4-3b80-423a-b5af-f61938dc3eda,
Billed Duration for Request 404bf0e4-3b80-423a-b5af-f61938dc3eda: 1807 ms
Input: 5000000,
Cold Start: false
Unique ID: 160ff007-118a-4647-9e60-e1418fb41f29,
Billed Duration for Request 160ff007-118a-4647-9e60-e1418fb41f29: 1744 ms
Input: 5000000,
Cold Start: false
Unique ID: 8063f077-cef2-470e-acaf-42fb73bdab36,
Billed Duration for Request 8063f077-cef2-470e-acaf-42fb73bdab36: 1836 ms
Input: 5000000,
Cold Start: false
Unique ID: 88fb1e90-aef0-4d8c-8d5b-4bd766d635e3,
Billed Duration for Request 88fb1e90-aef0-4d8c-8d5b-4bd766d635e3: 1796 ms
Input: 5000000,
Cold Start: false
Unique ID: 34b798e1-8601-4611-af5f-7d0735d712bf,
Billed Duration for Request 34b798e1-8601-4611-af5f-7d0735d712bf: 1811 ms
Input: 5000000,
Cold Start: false
Unique ID: a4db5e1d-72d8-4e89-88a7-b536bcee8b5b,
Billed Duration for Request a4db5e1d-72d8-4e89-88a7-b536bcee8b5b: 1770 ms
Input: 5000000,
Cold Start: false
Unique ID: 25888ae7-f688-46a1-bb39-aa48a8bd7a7d,
Billed Duration for Request 25888ae7-f688-46a1-bb39-aa48a8bd7a7d: 1760 ms
Input: 5000000,
Cold Start: false
Unique ID: f00ccf72-3a27-42fe-9bdb-1a30bc93dec3,
Billed Duration for Request f00ccf72-3a27-42fe-9bdb-1a30bc93dec3: 1734 ms
Input: 5000000,
Cold Start: false
Unique ID: 3f194d47-5b3f-4c5e-b735-9505c7f119ff,
Billed Duration for Request 3f194d47-5b3f-4c5e-b735-9505c7f119ff: 1706 ms
Input: 5000000,
Cold Start: false
Unique ID: 448cba94-b9da-44b1-83d6-166fd8d3d10b,
Billed Duration for Request 448cba94-b9da-44b1-83d6-166fd8d3d10b: 1818 ms
Input: 5000000,
Cold Start: false
Unique ID: fa2514f3-0169-4df3-9601-e54d29a2ef1a,
Billed Duration for Request fa2514f3-0169-4df3-9601-e54d29a2ef1a: 1849 ms
Input: 5000000,
Cold Start: false
Unique ID: bb08064d-c396-4e9f-9839-1c4b006d14da,
Billed Duration for Request bb08064d-c396-4e9f-9839-1c4b006d14da: 1788 ms
Input: 5000000,
Cold Start: false
Unique ID: 29151d40-19b0-47da-8710-75de2cf84d6a,
Billed Duration for Request 29151d40-19b0-47da-8710-75de2cf84d6a: 1828 ms
Input: 5000000,
Cold Start: false
Unique ID: fd4503e0-73e5-4305-a0e0-d3f1c265a6e2,
Billed Duration for Request fd4503e0-73e5-4305-a0e0-d3f1c265a6e2: 1718 ms
Input: 5000000,
Cold Start: false
Unique ID: aced7524-9429-4799-acf4-056b3add4ee9,
Billed Duration for Request aced7524-9429-4799-acf4-056b3add4ee9: 1763 ms
Input: 5000000,
Cold Start: false
Unique ID: b4eeff95-7ff5-4c21-b501-15084bd89412,
Billed Duration for Request b4eeff95-7ff5-4c21-b501-15084bd89412: 1761 ms
Input: 5000000,
Cold Start: false
Unique ID: a7476c73-465c-44d6-a8a7-b89abdddcdb5,
Billed Duration for Request a7476c73-465c-44d6-a8a7-b89abdddcdb5: 1803 ms
Input: 5000000,
Cold Start: false
Unique ID: a1340fa3-4f2e-4b64-adac-396968e300a7,
Billed Duration for Request a1340fa3-4f2e-4b64-adac-396968e300a7: 1787 ms
Input: 5000000,
Cold Start: false
Unique ID: cc4470a3-e1b7-4c86-adaa-fd4ce6ccfcae,
Billed Duration for Request cc4470a3-e1b7-4c86-adaa-fd4ce6ccfcae: 1785 ms
Input: 5000000,
Cold Start: false
Unique ID: e3495cc7-33a5-4f17-9e4c-e2784c146640,
Billed Duration for Request e3495cc7-33a5-4f17-9e4c-e2784c146640: 1806 ms
Input: 5000000,
Cold Start: false
Unique ID: ac62007b-eb26-485b-ba16-be4da1194fac,
Billed Duration for Request ac62007b-eb26-485b-ba16-be4da1194fac: 1825 ms
Input: 5000000,
Cold Start: false
Unique ID: 4775adac-98d3-47d6-a8df-97773a3e11a1,
Billed Duration for Request 4775adac-98d3-47d6-a8df-97773a3e11a1: 1695 ms
Input: 5000000,
Cold Start: false
Unique ID: a80b97f4-752c-4beb-b1dc-f4e09b206cdb,
Billed Duration for Request a80b97f4-752c-4beb-b1dc-f4e09b206cdb: 1837 ms
Input: 5000000,
Cold Start: false
Unique ID: 102147e6-bae6-41bd-a728-16581e809bd6,
Billed Duration for Request 102147e6-bae6-41bd-a728-16581e809bd6: 1779 ms
Input: 5000000,
Cold Start: false
Unique ID: ad6485b6-2342-42be-9e0d-a675add229c5,
Billed Duration for Request ad6485b6-2342-42be-9e0d-a675add229c5: 1801 ms
Input: 5000000,
Cold Start: false
Unique ID: e9b25039-9cab-47f3-860d-887ea20aaf02,
Billed Duration for Request e9b25039-9cab-47f3-860d-887ea20aaf02: 1755 ms
Input: 5000000,
Cold Start: false
Unique ID: 3041c55b-4761-4a9e-b3df-81e42d7873df,
Billed Duration for Request 3041c55b-4761-4a9e-b3df-81e42d7873df: 1757 ms
Input: 5000000,
Cold Start: false
Unique ID: 8507a0bd-185d-4cd3-ac10-31df67307329,
Billed Duration for Request 8507a0bd-185d-4cd3-ac10-31df67307329: 1740 ms
Input: 5000000,
Cold Start: false
Unique ID: ddf7f697-4930-4f93-b98c-408e28681fd0,
Billed Duration for Request ddf7f697-4930-4f93-b98c-408e28681fd0: 1737 ms
Input: 5000000,
Cold Start: false
Unique ID: 45fb69e8-9f89-430b-8db2-9bbdf0790ba2,
Billed Duration for Request 45fb69e8-9f89-430b-8db2-9bbdf0790ba2: 1842 ms
Input: 5000000,
Cold Start: false
Unique ID: 25b3e929-e5e5-49f6-b4e4-cf518f458cac,
Billed Duration for Request 25b3e929-e5e5-49f6-b4e4-cf518f458cac: 1803 ms
Input: 5000000,
Cold Start: false
Unique ID: 515fc5d8-95b1-4772-b7b8-0400adaab66c,
Billed Duration for Request 515fc5d8-95b1-4772-b7b8-0400adaab66c: 1811 ms
Input: 5000000,
Cold Start: false
Unique ID: f023d248-7598-4cf2-b1bc-b6ec1eaf93f9,
Billed Duration for Request f023d248-7598-4cf2-b1bc-b6ec1eaf93f9: 1770 ms
Input: 5000000,
Cold Start: false
Unique ID: 3bfd70f7-4c39-4a31-9399-f40101f00425,
Billed Duration for Request 3bfd70f7-4c39-4a31-9399-f40101f00425: 1735 ms
Input: 5000000,
Cold Start: false
Unique ID: 74ef1129-82ba-4ab5-9be3-eef2b53851cf,
Billed Duration for Request 74ef1129-82ba-4ab5-9be3-eef2b53851cf: 1766 ms
Input: 5000000,
Cold Start: false
Unique ID: 602db948-5c1c-4619-8bb2-62d9235fd63d,
Billed Duration for Request 602db948-5c1c-4619-8bb2-62d9235fd63d: 1770 ms
Input: 5000000,
Cold Start: false
Unique ID: 15303af8-91f4-40f8-9f2c-7130c12d99bb,
Billed Duration for Request 15303af8-91f4-40f8-9f2c-7130c12d99bb: 1804 ms
Input: 5000000,
Cold Start: false
Unique ID: aab604d9-af6f-411a-b3e1-8f59b7274782,
Billed Duration for Request aab604d9-af6f-411a-b3e1-8f59b7274782: 1774 ms
Input: 5000000,
Cold Start: false
Unique ID: fdeb2f94-82c1-46f5-9de7-5bbb4a0edd2b,
Billed Duration for Request fdeb2f94-82c1-46f5-9de7-5bbb4a0edd2b: 1815 ms
Input: 5000000,
Cold Start: false
Unique ID: 3fdf5756-af31-4653-b87f-dc4a8264091d,
Billed Duration for Request 3fdf5756-af31-4653-b87f-dc4a8264091d: 1808 ms
Input: 5000000,
Cold Start: false
Unique ID: 06e64a23-617e-40bc-9c69-70acd4cf2894,
Billed Duration for Request 06e64a23-617e-40bc-9c69-70acd4cf2894: 1708 ms
Input: 5000000,
Cold Start: false
Unique ID: 2551fccd-ed39-437c-a3be-4c236d8777c7,
Billed Duration for Request 2551fccd-ed39-437c-a3be-4c236d8777c7: 1827 ms
Input: 5000000,
Cold Start: false
Unique ID: 962dd778-d216-445a-b2d9-342e24790bb7,
Billed Duration for Request 962dd778-d216-445a-b2d9-342e24790bb7: 1771 ms
Input: 5000000,
Cold Start: false
Unique ID: 1db0d992-5286-4f71-b5e5-b5c7a54880a7,
Billed Duration for Request 1db0d992-5286-4f71-b5e5-b5c7a54880a7: 1801 ms
Input: 5000000,
Cold Start: false
Unique ID: eac152a0-ce1b-4869-ad66-815831a4f33c,
Billed Duration for Request eac152a0-ce1b-4869-ad66-815831a4f33c: 1771 ms
Input: 5000000,
Cold Start: false
Unique ID: 82a68da3-58c1-4025-90cf-b2750c72a38c,
Billed Duration for Request 82a68da3-58c1-4025-90cf-b2750c72a38c: 1775 ms
Input: 5000000,
Cold Start: false
Unique ID: b494df87-8785-418d-a321-5246b4557ca6,
Billed Duration for Request b494df87-8785-418d-a321-5246b4557ca6: 1740 ms
Input: 5000000,
Cold Start: false
Unique ID: 1d46470c-b5ce-4ad5-b3fe-47c52f1cb361,
Billed Duration for Request 1d46470c-b5ce-4ad5-b3fe-47c52f1cb361: 1731 ms
Input: 5000000,
Cold Start: false
Unique ID: 34111c62-69b5-4b98-a0c0-1a3ebdc76880,
Billed Duration for Request 34111c62-69b5-4b98-a0c0-1a3ebdc76880: 1839 ms
Input: 5000000,
Cold Start: false
Unique ID: 0469aa7f-34b7-4aa7-aba8-a0032fc40f9e,
Billed Duration for Request 0469aa7f-34b7-4aa7-aba8-a0032fc40f9e: 1836 ms
Input: 5000000,
Cold Start: false
Unique ID: b8679ada-7d69-4b5c-bcd0-93cea3dbe105,
Billed Duration for Request b8679ada-7d69-4b5c-bcd0-93cea3dbe105: 1796 ms
Input: 5000000,
Cold Start: false
Unique ID: 3e2e37e2-7a2a-4fd3-b904-68e368661d23,
Billed Duration for Request 3e2e37e2-7a2a-4fd3-b904-68e368661d23: 1790 ms
Input: 5000000,
Cold Start: false
Unique ID: 582cbf3f-7689-4d45-bdec-ccaa374ee80d,
Billed Duration for Request 582cbf3f-7689-4d45-bdec-ccaa374ee80d: 1759 ms
Input: 5000000,
Cold Start: false
Unique ID: 950fc3fc-30cf-4d04-a2a4-eddbe2fb12ad,
Billed Duration for Request 950fc3fc-30cf-4d04-a2a4-eddbe2fb12ad: 1805 ms
Input: 5000000,
Cold Start: false
Unique ID: ea7fbf3d-fe4d-4190-8e4a-2329ff633066,
Billed Duration for Request ea7fbf3d-fe4d-4190-8e4a-2329ff633066: 1743 ms
Input: 5000000,
Cold Start: false
Unique ID: 20b6b3a1-376d-4e71-859b-79fb9d089ede,
Billed Duration for Request 20b6b3a1-376d-4e71-859b-79fb9d089ede: 1809 ms
Input: 5000000,
Cold Start: false
Unique ID: b41f4ea3-c43b-476d-b48e-4f5ffadabe1d,
Billed Duration for Request b41f4ea3-c43b-476d-b48e-4f5ffadabe1d: 1746 ms
Input: 5000000,
Cold Start: false
Unique ID: 7a73a16d-fd24-41fd-88e3-faf4fe95d6c5,
Billed Duration for Request 7a73a16d-fd24-41fd-88e3-faf4fe95d6c5: 1806 ms
Input: 5000000,
Cold Start: false
Unique ID: 3dbb28f8-202d-4865-a150-48b07eaae477,
Billed Duration for Request 3dbb28f8-202d-4865-a150-48b07eaae477: 1776 ms
Input: 5000000,
Cold Start: false
Unique ID: 257137c3-9ecb-4341-9384-d70bfd0745e7,
Billed Duration for Request 257137c3-9ecb-4341-9384-d70bfd0745e7: 1729 ms
Input: 5000000,
Cold Start: false
Unique ID: 80f07553-fbdc-424e-8a2e-716abd021d91,
Billed Duration for Request 80f07553-fbdc-424e-8a2e-716abd021d91: 1831 ms
Input: 5000000,
Cold Start: false
Unique ID: 538ded2f-56fe-4046-af02-011e37bbc2da,
Billed Duration for Request 538ded2f-56fe-4046-af02-011e37bbc2da: 1811 ms
Input: 5000000,
Cold Start: false
Unique ID: ea612d37-07c2-4a4d-ad49-6d78dd71cd1e,
Billed Duration for Request ea612d37-07c2-4a4d-ad49-6d78dd71cd1e: 1767 ms
Input: 5000000,
Cold Start: false
Unique ID: 77a67c79-f91e-4836-9b52-d93e17da6915,
Billed Duration for Request 77a67c79-f91e-4836-9b52-d93e17da6915: 1787 ms
Input: 5000000,
Cold Start: false
Unique ID: 4cb0d2eb-2932-43be-9551-1b3f5ef4df0e,
Billed Duration for Request 4cb0d2eb-2932-43be-9551-1b3f5ef4df0e: 1740 ms
Input: 5000000,
Cold Start: false
Unique ID: ec7d778c-4b8b-4df3-a7bf-0d42e8b97728,
Billed Duration for Request ec7d778c-4b8b-4df3-a7bf-0d42e8b97728: 1803 ms
Input: 5000000,
Cold Start: false
Unique ID: ea5a412e-06f6-4157-b762-452cf30ef9ee,
Billed Duration for Request ea5a412e-06f6-4157-b762-452cf30ef9ee: 1748 ms
Input: 5000000,
Cold Start: false
Unique ID: 8bf28e70-e2a6-4b45-b60e-20559a9b769c,
Billed Duration for Request 8bf28e70-e2a6-4b45-b60e-20559a9b769c: 1731 ms
Input: 5000000,
Cold Start: false
Unique ID: e30f76b3-6b0f-4a65-abf4-55ac32828e6f,
Billed Duration for Request e30f76b3-6b0f-4a65-abf4-55ac32828e6f: 1820 ms
Input: 5000000,
Cold Start: false
Unique ID: 7b278d8a-121b-4527-ace2-9dd2e2c810e7,
Billed Duration for Request 7b278d8a-121b-4527-ace2-9dd2e2c810e7: 1775 ms
Input: 5000000,
Cold Start: false
Unique ID: dece0295-ccea-4154-89e2-92448706cc5e,
Billed Duration for Request dece0295-ccea-4154-89e2-92448706cc5e: 1831 ms
Input: 5000000,
Cold Start: false
Unique ID: afd42ce5-18b1-42d0-972e-84fe7ac80697,
Billed Duration for Request afd42ce5-18b1-42d0-972e-84fe7ac80697: 1814 ms
Input: 5000000,
Cold Start: false
Unique ID: d99e5dd3-efb3-4265-8a80-a5a4d4c80157,
Billed Duration for Request d99e5dd3-efb3-4265-8a80-a5a4d4c80157: 1780 ms
Input: 5000000,
Cold Start: false
Unique ID: 47d30962-945a-4c1d-add5-7cffbe319da1,
Billed Duration for Request 47d30962-945a-4c1d-add5-7cffbe319da1: 1826 ms
Input: 5000000,
Cold Start: false
Unique ID: d8b81fb4-7a83-4a10-ad42-a4fd3f13007b,
Billed Duration for Request d8b81fb4-7a83-4a10-ad42-a4fd3f13007b: 1752 ms
Input: 5000000,
Cold Start: false
Unique ID: 7a28d0b0-9b1e-4dbd-97b1-f45447287830,
Billed Duration for Request 7a28d0b0-9b1e-4dbd-97b1-f45447287830: 1784 ms
Input: 5000000,
Cold Start: false
Unique ID: b7174396-146d-4a72-a167-10da3210fef3,
Billed Duration for Request b7174396-146d-4a72-a167-10da3210fef3: 1758 ms
Input: 5000000,
Cold Start: false
Unique ID: 4574acbe-3ced-4130-8a83-5e4851153762,
Billed Duration for Request 4574acbe-3ced-4130-8a83-5e4851153762: 1812 ms
Input: 5000000,
Cold Start: false
Unique ID: 634cbd95-91f4-400b-8acb-29402d6c88f0,
Billed Duration for Request 634cbd95-91f4-400b-8acb-29402d6c88f0: 1811 ms
Input: 5000000,
Cold Start: false
Unique ID: 52821d6b-f003-48fe-bdaa-e89b22ac6ebb,
Billed Duration for Request 52821d6b-f003-48fe-bdaa-e89b22ac6ebb: 1758 ms
Input: 5000000,
Cold Start: false
Unique ID: d2400ae9-aa39-4ade-96d9-295b9d6ace70,
Billed Duration for Request d2400ae9-aa39-4ade-96d9-295b9d6ace70: 1713 ms
Input: 5000000,
Cold Start: false
Unique ID: 19d736a7-690b-4fd8-a682-cadfe4e75114,
Billed Duration for Request 19d736a7-690b-4fd8-a682-cadfe4e75114: 1823 ms
Input: 5000000,
Cold Start: false
Unique ID: 41ca6ba4-96ed-42b4-a11d-7af678331d1d,
Billed Duration for Request 41ca6ba4-96ed-42b4-a11d-7af678331d1d: 1755 ms
Input: 5000000,
Cold Start: false
Unique ID: 4a8b1e37-5270-4d5a-b79a-023e2895f01c,
Billed Duration for Request 4a8b1e37-5270-4d5a-b79a-023e2895f01c: 1729 ms
Input: 5000000,
Cold Start: false
Unique ID: e1869c5c-4adf-4d60-a290-7480cf376434,
Billed Duration for Request e1869c5c-4adf-4d60-a290-7480cf376434: 1774 ms
Input: 5000000,
Cold Start: false
Unique ID: e3f36ac2-5420-45db-9ea9-431b252fb19f,
Billed Duration for Request e3f36ac2-5420-45db-9ea9-431b252fb19f: 1774 ms
Input: 5000000,
Cold Start: false
Unique ID: b2b1ce5e-c7ae-449f-a1a0-2362ffc58a00,
Billed Duration for Request b2b1ce5e-c7ae-449f-a1a0-2362ffc58a00: 1767 ms
Input: 5000000,
Cold Start: false
Unique ID: 4054c651-7da6-44f3-94d8-8c73741558a8,
Billed Duration for Request 4054c651-7da6-44f3-94d8-8c73741558a8: 1715 ms
Input: 5000000,
Cold Start: false
Unique ID: b7c1f97a-3d13-4a9c-a4dd-a305df4d9d7f,
Billed Duration for Request b7c1f97a-3d13-4a9c-a4dd-a305df4d9d7f: 1818 ms
Input: 5000000,
Cold Start: false
Unique ID: 6b290e3d-d1ad-442b-a1ae-1356202c688d,
Billed Duration for Request 6b290e3d-d1ad-442b-a1ae-1356202c688d: 1767 ms
Input: 5000000,
Cold Start: false
Unique ID: d2f0388f-4c4e-44f3-9f5d-66d1ed29c62f,
Billed Duration for Request d2f0388f-4c4e-44f3-9f5d-66d1ed29c62f: 1808 ms
Input: 5000000,
Cold Start: false
Unique ID: d08b2b0d-2ddf-40ba-9864-6664e4899b67,
Billed Duration for Request d08b2b0d-2ddf-40ba-9864-6664e4899b67: 1809 ms
Input: 5000000,
Cold Start: false
Unique ID: fc6f841a-7968-4f61-96cc-46dd06610799,
Billed Duration for Request fc6f841a-7968-4f61-96cc-46dd06610799: 1781 ms
Input: 5000000,
Cold Start: false
Unique ID: 51c1963e-baa2-4eaa-b33f-98a9f7e6563f,
Billed Duration for Request 51c1963e-baa2-4eaa-b33f-98a9f7e6563f: 1755 ms
Input: 5000000,
Cold Start: false
Unique ID: 1c90c33b-5be1-4265-ad24-6d6a308ec203,
Billed Duration for Request 1c90c33b-5be1-4265-ad24-6d6a308ec203: 1773 ms
Input: 5000000,
Cold Start: false
Unique ID: d4a1f687-08ee-4da2-9c7a-f6d928e1780a,
Billed Duration for Request d4a1f687-08ee-4da2-9c7a-f6d928e1780a: 1746 ms
Input: 5000000,
Cold Start: false
Unique ID: 2ddb63be-41cc-455b-af38-735e9c47db8b,
Billed Duration for Request 2ddb63be-41cc-455b-af38-735e9c47db8b: 1756 ms
Input: 5000000,
Cold Start: false
Unique ID: aa937016-eec9-401d-a3f1-f6dffea75f88,
Billed Duration for Request aa937016-eec9-401d-a3f1-f6dffea75f88: 1789 ms
Input: 5000000,
Cold Start: false
Unique ID: c3b5b983-2e31-4ffd-a7bc-f13c66d4ddaa,
Billed Duration for Request c3b5b983-2e31-4ffd-a7bc-f13c66d4ddaa: 1753 ms
Input: 5000000,
Cold Start: false
Unique ID: eb3a75db-8273-4b61-9022-8a0c3cfbb1ea,
Billed Duration for Request eb3a75db-8273-4b61-9022-8a0c3cfbb1ea: 1835 ms
Input: 5000000,
Cold Start: false
Unique ID: 67530b44-2359-4522-bf7d-2c199c3dd842,
Billed Duration for Request 67530b44-2359-4522-bf7d-2c199c3dd842: 1686 ms
Input: 5000000,
Cold Start: false
Unique ID: 14092607-5d96-4980-a11b-3297b39bb871,
Billed Duration for Request 14092607-5d96-4980-a11b-3297b39bb871: 1811 ms
Input: 5000000,
Cold Start: false
Unique ID: 3e5f6b65-202b-4366-ad1b-fb5760444542,
Billed Duration for Request 3e5f6b65-202b-4366-ad1b-fb5760444542: 1732 ms
Input: 5000000,
Cold Start: false
Unique ID: 9164276c-a24f-4a95-b348-31a2b5b606bc,
Billed Duration for Request 9164276c-a24f-4a95-b348-31a2b5b606bc: 1767 ms
Input: 5000000,
Cold Start: false
Unique ID: a151615e-eda8-4060-91e0-be9263c5e4f5,
Billed Duration for Request a151615e-eda8-4060-91e0-be9263c5e4f5: 1773 ms
Input: 5000000,
Cold Start: false
Unique ID: d1b89d89-e93a-47ae-ad1e-f7df881a2031,
Billed Duration for Request d1b89d89-e93a-47ae-ad1e-f7df881a2031: 1746 ms
Input: 5000000,
Cold Start: false
Unique ID: 0920de9b-923a-4b9c-bee8-e6991ec4acd6,
Billed Duration for Request 0920de9b-923a-4b9c-bee8-e6991ec4acd6: 1821 ms
Input: 5000000,
Cold Start: false
Unique ID: b90e963f-2e0b-4d6f-bfbe-9d33c75d3792,
Billed Duration for Request b90e963f-2e0b-4d6f-bfbe-9d33c75d3792: 1727 ms
Input: 5000000,
Cold Start: false
Unique ID: cdc810ab-6d61-4dec-8585-3656050ed8cd,
Billed Duration for Request cdc810ab-6d61-4dec-8585-3656050ed8cd: 1810 ms
Input: 5000000,
Cold Start: false
Unique ID: a0b4fd65-8fce-40ba-8590-197ebc628999,
Billed Duration for Request a0b4fd65-8fce-40ba-8590-197ebc628999: 1818 ms
Input: 5000000,
Cold Start: false
Unique ID: d8bde5be-365a-4d64-b23c-9eccfed2d790,
Billed Duration for Request d8bde5be-365a-4d64-b23c-9eccfed2d790: 1751 ms
Input: 5000000,
Cold Start: false
Unique ID: 2be072cb-b2b7-40d3-ac7f-c2353f68794d,
Billed Duration for Request 2be072cb-b2b7-40d3-ac7f-c2353f68794d: 1854 ms
Input: 5000000,
Cold Start: false
Unique ID: 1a7edc7e-11f1-4a34-9538-4b0308867434,
Billed Duration for Request 1a7edc7e-11f1-4a34-9538-4b0308867434: 1750 ms
Input: 5000000,
Cold Start: false
Unique ID: b0c6d695-13ec-4b56-a650-fa939d2bebdf,
Billed Duration for Request b0c6d695-13ec-4b56-a650-fa939d2bebdf: 1769 ms
Input: 5000000,
Cold Start: false
Unique ID: 6d3623ba-ae61-424d-ae72-73a3e3c38e13,
Billed Duration for Request 6d3623ba-ae61-424d-ae72-73a3e3c38e13: 1747 ms
Input: 5000000,
Cold Start: false
Unique ID: 78e16e36-7616-435d-af9c-117f82e0c319,
Billed Duration for Request 78e16e36-7616-435d-af9c-117f82e0c319: 1799 ms
Input: 5000000,
Cold Start: false
Unique ID: 3ec2994e-ab88-47c4-a247-e14566b344aa,
Billed Duration for Request 3ec2994e-ab88-47c4-a247-e14566b344aa: 1774 ms
Input: 5000000,
Cold Start: false
Unique ID: 32e20718-e360-41ec-a35d-dc9fb05fbcf4,
Billed Duration for Request 32e20718-e360-41ec-a35d-dc9fb05fbcf4: 1758 ms
Input: 5000000,
Cold Start: false
Unique ID: 3e12f58f-676e-47b3-acf5-c2e3478e984a,
Billed Duration for Request 3e12f58f-676e-47b3-acf5-c2e3478e984a: 1822 ms
Input: 5000000,
Cold Start: false
Unique ID: 6555fc8e-bb4b-41d7-b1a2-97fddf1b3d50,
Billed Duration for Request 6555fc8e-bb4b-41d7-b1a2-97fddf1b3d50: 1808 ms
Input: 5000000,
Cold Start: false
Unique ID: 925fa590-b717-4286-bcf5-842a6b8f89d9,
Billed Duration for Request 925fa590-b717-4286-bcf5-842a6b8f89d9: 1809 ms
Input: 5000000,
Cold Start: false
Unique ID: 26b77ea8-3c0e-4e5d-aff6-b0925c0c029c,
Billed Duration for Request 26b77ea8-3c0e-4e5d-aff6-b0925c0c029c: 1740 ms
Input: 5000000,
Cold Start: false
Unique ID: c15fdf1a-5ff0-4c07-9706-058245437c04,
Billed Duration for Request c15fdf1a-5ff0-4c07-9706-058245437c04: 1749 ms
Input: 5000000,
Cold Start: false
Unique ID: f78fbba7-814f-4e37-b364-1ccb5d8360b8,
Billed Duration for Request f78fbba7-814f-4e37-b364-1ccb5d8360b8: 1791 ms
Input: 5000000,
Cold Start: false
Unique ID: ebd0d5c2-660e-407d-89c3-a94a72257647,
Billed Duration for Request ebd0d5c2-660e-407d-89c3-a94a72257647: 1743 ms
Input: 5000000,
Cold Start: false
Unique ID: abfc4b08-1aac-45f5-a572-4014fbb85c51,
Billed Duration for Request abfc4b08-1aac-45f5-a572-4014fbb85c51: 1796 ms
Input: 5000000,
Cold Start: false
Unique ID: 730b958e-a2fe-4e76-911e-9856665ba208,
Billed Duration for Request 730b958e-a2fe-4e76-911e-9856665ba208: 1784 ms
Input: 5000000,
Cold Start: false
Unique ID: a3a6b48f-6587-4a3c-bcc3-251bba855c01,
Billed Duration for Request a3a6b48f-6587-4a3c-bcc3-251bba855c01: 1730 ms
Input: 5000000,
Cold Start: false
Unique ID: cb62f90e-7970-4388-a89c-60139a994c9d,
Billed Duration for Request cb62f90e-7970-4388-a89c-60139a994c9d: 1828 ms
Input: 5000000,
Cold Start: false
Unique ID: 99a597ef-de81-42f6-ace4-4138884b8d0c,
Billed Duration for Request 99a597ef-de81-42f6-ace4-4138884b8d0c: 1786 ms
Input: 5000000,
Cold Start: false
Unique ID: be270569-b2c8-4739-9ab9-029337f30713,
Billed Duration for Request be270569-b2c8-4739-9ab9-029337f30713: 1775 ms
Input: 5000000,
Cold Start: false
Unique ID: f27b9655-42cd-400e-b2c8-50bf14310c5b,
Billed Duration for Request f27b9655-42cd-400e-b2c8-50bf14310c5b: 1822 ms
Input: 5000000,
Cold Start: false
Unique ID: 38d08523-e125-4670-852f-210367290901,
Billed Duration for Request 38d08523-e125-4670-852f-210367290901: 1756 ms
Input: 5000000,
Cold Start: false
Unique ID: 59676ae6-e075-4937-ad93-a4e2be6729ad,
Billed Duration for Request 59676ae6-e075-4937-ad93-a4e2be6729ad: 1746 ms
Input: 5000000,
Cold Start: false
Unique ID: 55dccc50-b179-494e-bd18-0949d5cd4c27,
Billed Duration for Request 55dccc50-b179-494e-bd18-0949d5cd4c27: 1777 ms
Input: 5000000,
Cold Start: false
Unique ID: 88fd076a-0424-4368-8074-005909967c12,
Billed Duration for Request 88fd076a-0424-4368-8074-005909967c12: 1802 ms
Input: 5000000,
Cold Start: false
Unique ID: 72be0ca0-56c8-4f0f-8b4d-f086ef3559b2,
Billed Duration for Request 72be0ca0-56c8-4f0f-8b4d-f086ef3559b2: 1773 ms
Input: 5000000,
Cold Start: false
Unique ID: 1f734775-0694-4114-94a7-cd034eef9979,
Billed Duration for Request 1f734775-0694-4114-94a7-cd034eef9979: 1787 ms
Input: 5000000,
Cold Start: false
Unique ID: 9be3f82f-ae06-419e-96a9-4971fe89e0e9,
Billed Duration for Request 9be3f82f-ae06-419e-96a9-4971fe89e0e9: 1839 ms
Input: 5000000,
Cold Start: false
Unique ID: 05801be7-8e94-4bdd-9c86-933c0089f4a1,
Billed Duration for Request 05801be7-8e94-4bdd-9c86-933c0089f4a1: 1714 ms
Input: 5000000,
Cold Start: false
Unique ID: 0174d3e4-43cf-4d8f-8202-7a6972eb4c08,
Billed Duration for Request 0174d3e4-43cf-4d8f-8202-7a6972eb4c08: 1846 ms
Input: 5000000,
Cold Start: false
Unique ID: dd4c93b0-e299-474e-b7d3-f613e0f5c178,
Billed Duration for Request dd4c93b0-e299-474e-b7d3-f613e0f5c178: 1825 ms
Input: 5000000,
Cold Start: false
Unique ID: 33bc0495-bb8f-4624-8005-b6dbfb761833,
Billed Duration for Request 33bc0495-bb8f-4624-8005-b6dbfb761833: 1799 ms
Input: 5000000,
Cold Start: false
Unique ID: f944e106-6b8c-4bd3-8bd4-18f26b18b710,
Billed Duration for Request f944e106-6b8c-4bd3-8bd4-18f26b18b710: 1767 ms
Input: 5000000,
Cold Start: false
Unique ID: b5f4697c-1eef-4f62-b8d3-b9ec8086cdbd,
Billed Duration for Request b5f4697c-1eef-4f62-b8d3-b9ec8086cdbd: 1746 ms
Input: 5000000,
Cold Start: false
Unique ID: f1bd6871-2c01-4f5f-b92c-060baa369f1b,
Billed Duration for Request f1bd6871-2c01-4f5f-b92c-060baa369f1b: 1779 ms
Input: 5000000,
Cold Start: false
Unique ID: 1235b9e5-1bdc-47aa-a385-1bdb43abbb46,
Billed Duration for Request 1235b9e5-1bdc-47aa-a385-1bdb43abbb46: 1749 ms
Input: 5000000,
Cold Start: false
Unique ID: 7fa2812e-5c9e-4c93-914a-1ee0a970f4f7,
Billed Duration for Request 7fa2812e-5c9e-4c93-914a-1ee0a970f4f7: 1740 ms
Input: 5000000,
Cold Start: false
Unique ID: 38cd85d1-9cd7-4c29-9525-9bc805977855,
Billed Duration for Request 38cd85d1-9cd7-4c29-9525-9bc805977855: 1814 ms
Input: 5000000,
Cold Start: false
Unique ID: 2a0c8bfc-c16d-4b2a-a975-12f57458b336,
Billed Duration for Request 2a0c8bfc-c16d-4b2a-a975-12f57458b336: 1826 ms
Input: 5000000,
Cold Start: false
Unique ID: 0ae4b162-6696-4103-9abe-00a550f7d1cf,
Billed Duration for Request 0ae4b162-6696-4103-9abe-00a550f7d1cf: 1837 ms
Input: 5000000,
Cold Start: false
Unique ID: cac2c1f0-a16d-4f90-8276-d6e996a61ab2,
Billed Duration for Request cac2c1f0-a16d-4f90-8276-d6e996a61ab2: 1780 ms
Input: 5000000,
Cold Start: false
Unique ID: 1448507a-0dfe-4b28-b367-5204cbe27b3e,
Billed Duration for Request 1448507a-0dfe-4b28-b367-5204cbe27b3e: 1784 ms
Input: 5000000,
Cold Start: false
Unique ID: 00c0abea-334d-4b7a-969b-6bbaa4e64077,
Billed Duration for Request 00c0abea-334d-4b7a-969b-6bbaa4e64077: 1716 ms
Input: 5000000,
Cold Start: false
Unique ID: 3e86f0c2-0b7d-4feb-85d4-088680c7c4a4,
Billed Duration for Request 3e86f0c2-0b7d-4feb-85d4-088680c7c4a4: 1767 ms
Input: 5000000,
Cold Start: false
Unique ID: eaa44d31-9cd9-4a87-8b46-0b3cd2067c8d,
Billed Duration for Request eaa44d31-9cd9-4a87-8b46-0b3cd2067c8d: 1769 ms
Input: 5000000,
Cold Start: false
Unique ID: 717abda3-5ebe-47ac-934b-70fa5836a689,
Billed Duration for Request 717abda3-5ebe-47ac-934b-70fa5836a689: 1806 ms
Input: 5000000,
Cold Start: false
Unique ID: ed392254-3369-49d8-af9a-a28ebb6464e1,
Billed Duration for Request ed392254-3369-49d8-af9a-a28ebb6464e1: 1758 ms
Input: 5000000,
Cold Start: false
Unique ID: 0f106cc0-373e-43c3-9a53-0e967a064c8b,
Billed Duration for Request 0f106cc0-373e-43c3-9a53-0e967a064c8b: 1829 ms
Input: 5000000,
Cold Start: false
Unique ID: d2fc458e-4929-4b94-a699-60b6564e919f,
Billed Duration for Request d2fc458e-4929-4b94-a699-60b6564e919f: 1863 ms
Input: 5000000,
Cold Start: false
Unique ID: 32aeb4e0-3b4c-4997-88c5-78a13567056a,
Billed Duration for Request 32aeb4e0-3b4c-4997-88c5-78a13567056a: 1812 ms
Input: 5000000,
Cold Start: false
Unique ID: c26267b0-b4bb-456a-a71b-84f8ab408a15,
Billed Duration for Request c26267b0-b4bb-456a-a71b-84f8ab408a15: 1710 ms
Input: 5000000,
Cold Start: false
Unique ID: ea5b762d-adc4-4b12-83e7-3c4d0b2b241e,
Billed Duration for Request ea5b762d-adc4-4b12-83e7-3c4d0b2b241e: 1728 ms
Input: 5000000,
Cold Start: false
Unique ID: 432a4c27-727c-4258-93e8-18a847b1772f,
Billed Duration for Request 432a4c27-727c-4258-93e8-18a847b1772f: 1775 ms
Input: 5000000,
Cold Start: false
Unique ID: 62b04c08-7a1d-4143-8ae2-75fac24f1f17,
Billed Duration for Request 62b04c08-7a1d-4143-8ae2-75fac24f1f17: 1764 ms
Input: 5000000,
Cold Start: false
Unique ID: d685a38b-59b1-4c38-af41-b63a6fbd3583,
Billed Duration for Request d685a38b-59b1-4c38-af41-b63a6fbd3583: 1793 ms
Input: 5000000,
Cold Start: false
Unique ID: 17d2230f-6be3-4977-8160-74bf6343b8a6,
Billed Duration for Request 17d2230f-6be3-4977-8160-74bf6343b8a6: 1796 ms
Input: 5000000,
Cold Start: false
Unique ID: 128146ac-37d7-4cbf-a7b1-d4912e42f3a3,
Billed Duration for Request 128146ac-37d7-4cbf-a7b1-d4912e42f3a3: 1729 ms
Input: 5000000,
Cold Start: false
Unique ID: a8e7b478-ecf4-4136-b566-96ec42ef63c9,
Billed Duration for Request a8e7b478-ecf4-4136-b566-96ec42ef63c9: 1825 ms
Input: 5000000,
Cold Start: false
Unique ID: e6222613-e011-4ead-92c5-bb8890c813b8,
Billed Duration for Request e6222613-e011-4ead-92c5-bb8890c813b8: 1779 ms
Input: 5000000,
Cold Start: false
Unique ID: c7b1835b-1eed-4e3e-91fa-39696453b39d,
Billed Duration for Request c7b1835b-1eed-4e3e-91fa-39696453b39d: 1822 ms
Input: 5000000,
Cold Start: false
Unique ID: eca694a2-7383-4e44-bea3-a97e54963581,
Billed Duration for Request eca694a2-7383-4e44-bea3-a97e54963581: 1777 ms
Input: 5000000,
Cold Start: false
Unique ID: aaf3e8ff-8b14-44e2-b6ee-0c27c3293c7c,
Billed Duration for Request aaf3e8ff-8b14-44e2-b6ee-0c27c3293c7c: 1776 ms
Input: 5000000,
Cold Start: false
Unique ID: 6a5aeff8-03c1-4752-bc55-fba3ff1f128b,
Billed Duration for Request 6a5aeff8-03c1-4752-bc55-fba3ff1f128b: 1734 ms
Input: 5000000,
Cold Start: false
Unique ID: 4a95a7cf-85db-4e46-b723-35c6a07dc05f,
Billed Duration for Request 4a95a7cf-85db-4e46-b723-35c6a07dc05f: 1776 ms
Input: 5000000,
Cold Start: false
Unique ID: c8748530-f0f3-481f-9dab-2870f8cb69fd,
Billed Duration for Request c8748530-f0f3-481f-9dab-2870f8cb69fd: 1816 ms
Input: 5000000,
Cold Start: false
Unique ID: 053d36a2-49e8-46aa-a31f-88edb992705b,
Billed Duration for Request 053d36a2-49e8-46aa-a31f-88edb992705b: 1817 ms
Input: 5000000,
Cold Start: false
Unique ID: 60596727-7990-474b-ab20-e18fbd38e3a3,
Billed Duration for Request 60596727-7990-474b-ab20-e18fbd38e3a3: 1723 ms
Input: 5000000,
Cold Start: false
Unique ID: 914d71d3-d6a0-41ec-82a6-0b761875a0ea,
Billed Duration for Request 914d71d3-d6a0-41ec-82a6-0b761875a0ea: 1819 ms
Input: 5000000,
Cold Start: false
Unique ID: 33842c1d-0203-45ed-9660-5e04efa00ba8,
Billed Duration for Request 33842c1d-0203-45ed-9660-5e04efa00ba8: 1799 ms
Input: 5000000,
Cold Start: false
Unique ID: d8dbd052-5940-499c-bd85-df9bb5973cf1,
Billed Duration for Request d8dbd052-5940-499c-bd85-df9bb5973cf1: 1715 ms
Input: 5000000,
Cold Start: false
Unique ID: a86e58ce-71b2-42bb-bed7-8d135375aaa7,
Billed Duration for Request a86e58ce-71b2-42bb-bed7-8d135375aaa7: 1772 ms
Input: 5000000,
Cold Start: false
Unique ID: 61d6b50f-d83f-4c9f-93d8-beb29f98850f,
Billed Duration for Request 61d6b50f-d83f-4c9f-93d8-beb29f98850f: 1776 ms
Input: 5000000,
Cold Start: false
Unique ID: 787ba840-5ca4-404f-940c-89f0122ad155,
Billed Duration for Request 787ba840-5ca4-404f-940c-89f0122ad155: 1756 ms
Input: 5000000,
Cold Start: false
Unique ID: c87734de-da3d-4ca1-9c0f-09991122af90,
Billed Duration for Request c87734de-da3d-4ca1-9c0f-09991122af90: 1807 ms
Input: 5000000,
Cold Start: false
Unique ID: cb16294e-0db2-44e9-a564-1ee7a4c07263,
Billed Duration for Request cb16294e-0db2-44e9-a564-1ee7a4c07263: 1769 ms
Input: 5000000,
Cold Start: false
Unique ID: b9c9c97f-ad42-4d90-95fc-4e92e53e4df9,
Billed Duration for Request b9c9c97f-ad42-4d90-95fc-4e92e53e4df9: 1724 ms
Input: 5000000,
Cold Start: false
Unique ID: 69206fe8-85ff-46d8-b730-2282c23b6037,
Billed Duration for Request 69206fe8-85ff-46d8-b730-2282c23b6037: 1808 ms
Input: 5000000,
Cold Start: false
Unique ID: b786d255-7b14-4fc2-ac3c-ebfd32201ad7,
Billed Duration for Request b786d255-7b14-4fc2-ac3c-ebfd32201ad7: 1780 ms
Input: 5000000,
Cold Start: false
Unique ID: cd8ffea1-dfec-4fe1-9478-8d2b3d2b2784,
Billed Duration for Request cd8ffea1-dfec-4fe1-9478-8d2b3d2b2784: 1804 ms
Input: 5000000,
Cold Start: false
Unique ID: aaf9b792-8b56-4398-849c-2b57b73c6c32,
Billed Duration for Request aaf9b792-8b56-4398-849c-2b57b73c6c32: 1767 ms
Input: 5000000,
Cold Start: false
Unique ID: 0fc31d42-6c8c-47b5-a536-3a6bbf040d17,
Billed Duration for Request 0fc31d42-6c8c-47b5-a536-3a6bbf040d17: 1793 ms
Input: 5000000,
Cold Start: false
Unique ID: dba8b47b-e8b5-446a-8066-fd1ee0d29f78,
Billed Duration for Request dba8b47b-e8b5-446a-8066-fd1ee0d29f78: 1778 ms
Input: 5000000,
Cold Start: false
Unique ID: 523f7af8-e363-44d8-b13f-22d08313811f,
Billed Duration for Request 523f7af8-e363-44d8-b13f-22d08313811f: 1767 ms
Input: 5000000,
Cold Start: false
Unique ID: fcc74d2b-e569-4c36-8510-ef78095d5bfb,
Billed Duration for Request fcc74d2b-e569-4c36-8510-ef78095d5bfb: 1747 ms
Input: 5000000,
Cold Start: false
Unique ID: 30314c5d-db89-434a-9330-3f3c0b5c231d,
Billed Duration for Request 30314c5d-db89-434a-9330-3f3c0b5c231d: 1766 ms
Input: 5000000,
Cold Start: false
Unique ID: 8115c74e-5764-49ba-a75f-3dd70624d658,
Billed Duration for Request 8115c74e-5764-49ba-a75f-3dd70624d658: 1837 ms
Input: 5000000,
Cold Start: false
Unique ID: 31921b17-60c2-4dbf-a33b-b0b6b4845343,
Billed Duration for Request 31921b17-60c2-4dbf-a33b-b0b6b4845343: 1729 ms
Input: 5000000,
Cold Start: false
Unique ID: 32cbec08-29f6-4428-afd1-1c78aea03908,
Billed Duration for Request 32cbec08-29f6-4428-afd1-1c78aea03908: 1813 ms
Input: 5000000,
Cold Start: false
Unique ID: fe32a565-c9d6-4e6d-a6ea-b338f5df1456,
Billed Duration for Request fe32a565-c9d6-4e6d-a6ea-b338f5df1456: 1815 ms
Input: 5000000,
Cold Start: false
Unique ID: afa4a70d-a54a-409b-830b-464cd55b39cd,
Billed Duration for Request afa4a70d-a54a-409b-830b-464cd55b39cd: 1737 ms
Input: 5000000,
Cold Start: false
Unique ID: 419f065f-c809-47d6-b983-136c436a8c92,
Billed Duration for Request 419f065f-c809-47d6-b983-136c436a8c92: 1771 ms
Input: 5000000,
Cold Start: false
Unique ID: 06d330f3-c924-4a8f-98cd-8a6f81518985,
Billed Duration for Request 06d330f3-c924-4a8f-98cd-8a6f81518985: 1772 ms
Input: 5000000,
Cold Start: false
Unique ID: 24a55710-228a-4ed7-849c-96fc676babc7,
Billed Duration for Request 24a55710-228a-4ed7-849c-96fc676babc7: 1803 ms
Input: 5000000,
Cold Start: false
Unique ID: f37a7797-408b-4f66-b48b-1b507eed4018,
Billed Duration for Request f37a7797-408b-4f66-b48b-1b507eed4018: 1754 ms
Input: 5000000,
Cold Start: false
Unique ID: 55ff00b0-2d5e-4699-b20f-736fdecb9b49,
Billed Duration for Request 55ff00b0-2d5e-4699-b20f-736fdecb9b49: 1731 ms
Input: 5000000,
Cold Start: false
Unique ID: 2b225d07-88b5-48d2-b80e-020c567dbae3,
Billed Duration for Request 2b225d07-88b5-48d2-b80e-020c567dbae3: 1816 ms
Input: 5000000,
Cold Start: false
Unique ID: 78a9ad53-01c2-4b34-8f9c-f9a88a62ca5b,
Billed Duration for Request 78a9ad53-01c2-4b34-8f9c-f9a88a62ca5b: 1805 ms
Input: 5000000,
Cold Start: false
Unique ID: 412a3561-fea1-4b1f-ab07-8ca889e6f2b8,
Billed Duration for Request 412a3561-fea1-4b1f-ab07-8ca889e6f2b8: 1837 ms
Input: 5000000,
Cold Start: false
Unique ID: 708ac376-6ac5-44e1-8ab0-e7488065ac6f,
Billed Duration for Request 708ac376-6ac5-44e1-8ab0-e7488065ac6f: 1775 ms
Input: 5000000,
Cold Start: false
Unique ID: 5705cfd1-b202-43ea-b1ba-9a21d0b558a0,
Billed Duration for Request 5705cfd1-b202-43ea-b1ba-9a21d0b558a0: 1777 ms
Input: 5000000,
Cold Start: false
Unique ID: 0a5e9ea8-16a9-437d-9bbe-3e290eeb06b8,
Billed Duration for Request 0a5e9ea8-16a9-437d-9bbe-3e290eeb06b8: 1838 ms
Input: 5000000,
Cold Start: false
Unique ID: 745f3d93-f547-4886-aff5-de4f6b87e801,
Billed Duration for Request 745f3d93-f547-4886-aff5-de4f6b87e801: 1753 ms
Input: 5000000,
Cold Start: false
Unique ID: f37b3731-2ea1-4818-ba5a-3dd358b58766,
Billed Duration for Request f37b3731-2ea1-4818-ba5a-3dd358b58766: 1761 ms
Input: 5000000,
Cold Start: false
Unique ID: 40e6c94c-c4fb-4527-b4c6-f72425254a52,
Billed Duration for Request 40e6c94c-c4fb-4527-b4c6-f72425254a52: 1740 ms
Input: 5000000,
Cold Start: false
Unique ID: 8ecd7dad-ceb2-44bd-a298-995991ca11b1,
Billed Duration for Request 8ecd7dad-ceb2-44bd-a298-995991ca11b1: 1784 ms
Input: 5000000,
Cold Start: false
Unique ID: e7fca482-4906-4b88-91ee-df4e2b569bfd,
Billed Duration for Request e7fca482-4906-4b88-91ee-df4e2b569bfd: 1827 ms
Input: 5000000,
Cold Start: false
Unique ID: bdf1c63c-c357-4584-9793-5b4a140cb8cb,
Billed Duration for Request bdf1c63c-c357-4584-9793-5b4a140cb8cb: 1825 ms
Input: 5000000,
Cold Start: false
Unique ID: a5b9e43a-02f9-4470-9f8e-fe16d22f4be2,
Billed Duration for Request a5b9e43a-02f9-4470-9f8e-fe16d22f4be2: 1736 ms
Input: 5000000,
Cold Start: false
Unique ID: acfb78f6-4e02-4aa0-a0ad-89ef1def6115,
Billed Duration for Request acfb78f6-4e02-4aa0-a0ad-89ef1def6115: 1845 ms
Input: 5000000,
Cold Start: false
Unique ID: 6c91b52a-50c9-4523-8517-789844e2bcef,
Billed Duration for Request 6c91b52a-50c9-4523-8517-789844e2bcef: 1723 ms
Input: 5000000,
Cold Start: false
Unique ID: 212691bf-9ecc-4fcc-9900-c4b1dde60a1d,
Billed Duration for Request 212691bf-9ecc-4fcc-9900-c4b1dde60a1d: 1770 ms
Input: 5000000,
Cold Start: false
Unique ID: 6e1dd0ff-89e3-4061-9dca-914204b07812,
Billed Duration for Request 6e1dd0ff-89e3-4061-9dca-914204b07812: 1814 ms
Input: 5000000,
Cold Start: false
Unique ID: 2f2f3be6-ce92-4ca3-b2bf-02cba1204795,
Billed Duration for Request 2f2f3be6-ce92-4ca3-b2bf-02cba1204795: 1765 ms
Input: 5000000,
Cold Start: false
Unique ID: f8f8d16c-e03d-4b84-a590-ef33d791a1a4,
Billed Duration for Request f8f8d16c-e03d-4b84-a590-ef33d791a1a4: 1788 ms
Input: 5000000,
Cold Start: false
Unique ID: 6fdd36b7-7a67-4042-8b2a-63271202d434,
Billed Duration for Request 6fdd36b7-7a67-4042-8b2a-63271202d434: 1730 ms
Input: 5000000,
Cold Start: false
Unique ID: dbf34986-2d41-4386-9e76-03cf12f7dd30,
Billed Duration for Request dbf34986-2d41-4386-9e76-03cf12f7dd30: 1833 ms
Input: 5000000,
Cold Start: false
Unique ID: 7136dbe4-a9e9-48c6-ab28-d56905fe8707,
Billed Duration for Request 7136dbe4-a9e9-48c6-ab28-d56905fe8707: 1822 ms
Input: 5000000,
Cold Start: false
Unique ID: 343c0e17-55a6-4756-8608-7b0118dc9b86,
Billed Duration for Request 343c0e17-55a6-4756-8608-7b0118dc9b86: 1778 ms
Input: 5000000,
Cold Start: false
Unique ID: 5c9cbcb9-7228-4727-9e39-c2724fc065bb,
Billed Duration for Request 5c9cbcb9-7228-4727-9e39-c2724fc065bb: 1841 ms
Input: 5000000,
Cold Start: false
Unique ID: c76d7050-6971-4745-bdc3-c31a53f67dd3,
Billed Duration for Request c76d7050-6971-4745-bdc3-c31a53f67dd3: 1763 ms
Input: 5000000,
Cold Start: false
Unique ID: 7346da34-7d6a-4c0c-a993-45e6451805e6,
Billed Duration for Request 7346da34-7d6a-4c0c-a993-45e6451805e6: 1789 ms
Input: 5000000,
Cold Start: false
Unique ID: 7101caae-6643-4e47-b65e-271823e046dd,
Billed Duration for Request 7101caae-6643-4e47-b65e-271823e046dd: 1767 ms
Input: 5000000,
Cold Start: false
Unique ID: b93f628b-4903-47e6-83a4-9238f21672ab,
Billed Duration for Request b93f628b-4903-47e6-83a4-9238f21672ab: 1777 ms
Input: 5000000,
Cold Start: false
Unique ID: b0177b12-8d43-4e64-89c3-83362954d210,
Billed Duration for Request b0177b12-8d43-4e64-89c3-83362954d210: 1731 ms
Input: 5000000,
Cold Start: false
Unique ID: 0293c474-d518-45e8-b475-d0c273403196,
Billed Duration for Request 0293c474-d518-45e8-b475-d0c273403196: 1820 ms
Input: 5000000,
Cold Start: false
Unique ID: d7d42fac-2b8d-4397-9cd4-a54ca52bbbb1,
Billed Duration for Request d7d42fac-2b8d-4397-9cd4-a54ca52bbbb1: 1842 ms
Input: 5000000,
Cold Start: false
Unique ID: 7a28991c-9b02-4cd8-8a59-97e2a3e3c439,
Billed Duration for Request 7a28991c-9b02-4cd8-8a59-97e2a3e3c439: 1766 ms
Input: 5000000,
Cold Start: false
Unique ID: dd1f857b-87b0-4fa4-af7a-d683e48ab01b,
Billed Duration for Request dd1f857b-87b0-4fa4-af7a-d683e48ab01b: 1728 ms
Input: 5000000,
Cold Start: false
Unique ID: ea2dcab5-e52e-47b1-8a47-26ec8281f7da,
Billed Duration for Request ea2dcab5-e52e-47b1-8a47-26ec8281f7da: 1806 ms
Input: 5000000,
Cold Start: false
Unique ID: ffd0a2d2-468d-4c48-bdde-0f9d221f87fc,
Billed Duration for Request ffd0a2d2-468d-4c48-bdde-0f9d221f87fc: 1731 ms
Input: 5000000,
Cold Start: false
Unique ID: d27a3356-3c6f-4d97-bd68-ce6ee1b3931c,
Billed Duration for Request d27a3356-3c6f-4d97-bd68-ce6ee1b3931c: 1766 ms
Input: 5000000,
Cold Start: false
Unique ID: e8ae9f82-d051-4baa-9ef3-a275eed8f0ca,
Billed Duration for Request e8ae9f82-d051-4baa-9ef3-a275eed8f0ca: 1789 ms
Input: 5000000,
Cold Start: false
Unique ID: 0f61d5f2-7139-4440-a629-4012dde4ff4c,
Billed Duration for Request 0f61d5f2-7139-4440-a629-4012dde4ff4c: 1804 ms
Input: 5000000,
Cold Start: false
Unique ID: 372930e1-227c-41fa-a2ef-f8b744b6cda2,
Billed Duration for Request 372930e1-227c-41fa-a2ef-f8b744b6cda2: 1755 ms
Input: 5000000,
Cold Start: false
Unique ID: 775353c0-07a0-462d-b0f2-ea86c62fdc5a,
Billed Duration for Request 775353c0-07a0-462d-b0f2-ea86c62fdc5a: 1732 ms
Input: 5000000,
Cold Start: false
Unique ID: cc374ba1-8786-4a4c-b3ad-ffb9385429c8,
Billed Duration for Request cc374ba1-8786-4a4c-b3ad-ffb9385429c8: 1814 ms
Input: 5000000,
Cold Start: false
Unique ID: 5aa74c3d-0690-48d4-b609-9ff37452b90b,
Billed Duration for Request 5aa74c3d-0690-48d4-b609-9ff37452b90b: 1779 ms
Input: 5000000,
Cold Start: false
Unique ID: 5b3236d7-e254-4cf8-9a35-241fdadc49a6,
Billed Duration for Request 5b3236d7-e254-4cf8-9a35-241fdadc49a6: 1821 ms
Input: 5000000,
Cold Start: false
Unique ID: 07114877-8960-42d3-8fce-4bba61d9d740,
Billed Duration for Request 07114877-8960-42d3-8fce-4bba61d9d740: 1810 ms
Input: 5000000,
Cold Start: false
Unique ID: 501e1295-24fb-4f21-a18f-7c383aadf734,
Billed Duration for Request 501e1295-24fb-4f21-a18f-7c383aadf734: 1769 ms
Input: 5000000,
Cold Start: false
Unique ID: 289b2c5b-66e9-4cfc-8673-e8c43ca8ddda,
Billed Duration for Request 289b2c5b-66e9-4cfc-8673-e8c43ca8ddda: 1837 ms
Input: 5000000,
Cold Start: false
Unique ID: f4b87b68-1061-4603-a24a-1a75c9386988,
Billed Duration for Request f4b87b68-1061-4603-a24a-1a75c9386988: 1770 ms
Input: 5000000,
Cold Start: false
Unique ID: 176f1e84-7a63-4389-accc-99349cbbc095,
Billed Duration for Request 176f1e84-7a63-4389-accc-99349cbbc095: 1748 ms
Input: 5000000,
Cold Start: false
Unique ID: a32e7202-b1f6-404f-924a-672314932b14,
Billed Duration for Request a32e7202-b1f6-404f-924a-672314932b14: 1757 ms
Input: 5000000,
Cold Start: false
Unique ID: 8d6320ff-d97b-40a4-aeef-1e6a99434349,
Billed Duration for Request 8d6320ff-d97b-40a4-aeef-1e6a99434349: 1815 ms
Input: 5000000,
Cold Start: false
Unique ID: d05ac4d7-787c-4a13-8d13-4a73aa8441e7,
Billed Duration for Request d05ac4d7-787c-4a13-8d13-4a73aa8441e7: 1765 ms
Input: 5000000,
Cold Start: false
Unique ID: 26af5785-c5fc-43df-89ed-38297df8fc67,
Billed Duration for Request 26af5785-c5fc-43df-89ed-38297df8fc67: 1833 ms
Input: 5000000,
Cold Start: false
Unique ID: 838a5a28-063b-4695-9e6f-2efba0f03115,
Billed Duration for Request 838a5a28-063b-4695-9e6f-2efba0f03115: 1716 ms
Input: 5000000,
Cold Start: false
Unique ID: b4d1057d-f30c-4082-9c44-71ac2a324013,
Billed Duration for Request b4d1057d-f30c-4082-9c44-71ac2a324013: 1820 ms
Input: 5000000,
Cold Start: false
Unique ID: c66e2c99-2527-4978-87a6-23fb03366794,
Billed Duration for Request c66e2c99-2527-4978-87a6-23fb03366794: 1747 ms
Input: 5000000,
Cold Start: false
Unique ID: 5c67ffe4-9db5-4099-9884-7630cbee31da,
Billed Duration for Request 5c67ffe4-9db5-4099-9884-7630cbee31da: 1757 ms
Input: 5000000,
Cold Start: false
Unique ID: 406e7be5-1f31-4467-98cf-b4c171cbda8c,
Billed Duration for Request 406e7be5-1f31-4467-98cf-b4c171cbda8c: 1782 ms
Input: 5000000,
Cold Start: false
Unique ID: 712c06a0-568f-4f56-991a-09c74fa05b25,
Billed Duration for Request 712c06a0-568f-4f56-991a-09c74fa05b25: 1797 ms
Input: 5000000,
Cold Start: false
Unique ID: 3c69e740-9458-4fe8-b4b3-bb262a7083d7,
Billed Duration for Request 3c69e740-9458-4fe8-b4b3-bb262a7083d7: 1746 ms
Input: 5000000,
Cold Start: false
Unique ID: 9787be57-323d-47e5-b725-806541fbd216,
Billed Duration for Request 9787be57-323d-47e5-b725-806541fbd216: 1732 ms
Input: 5000000,
Cold Start: false
Unique ID: 5f6f6705-7514-46a7-95c3-9a8485fc8485,
Billed Duration for Request 5f6f6705-7514-46a7-95c3-9a8485fc8485: 1815 ms
Input: 5000000,
Cold Start: false
Unique ID: c12641c4-883a-4a2a-8e52-8b9d8b14845e,
Billed Duration for Request c12641c4-883a-4a2a-8e52-8b9d8b14845e: 1787 ms
Input: 5000000,
Cold Start: false
Unique ID: 5adf1e04-6142-4d26-8c58-a54a2c725225,
Billed Duration for Request 5adf1e04-6142-4d26-8c58-a54a2c725225: 1812 ms
Input: 5000000,
Cold Start: false
Unique ID: f51630d9-4b08-4186-b3ef-4d3c71ec5b6f,
Billed Duration for Request f51630d9-4b08-4186-b3ef-4d3c71ec5b6f: 1823 ms
Input: 5000000,
Cold Start: false
Unique ID: 6329c2ec-7700-4711-87f2-95ce417633ba,
Billed Duration for Request 6329c2ec-7700-4711-87f2-95ce417633ba: 1778 ms
Input: 5000000,
Cold Start: false
Unique ID: c8a2b828-ab69-4f75-9e78-c0a9c65599f1,
Billed Duration for Request c8a2b828-ab69-4f75-9e78-c0a9c65599f1: 1772 ms
Input: 5000000,
Cold Start: false
Unique ID: 239ceb0b-b11e-48ca-8fd3-556efd263ae4,
Billed Duration for Request 239ceb0b-b11e-48ca-8fd3-556efd263ae4: 1805 ms
Input: 5000000,
Cold Start: false
Unique ID: 9da2cf8b-a658-4c6c-9b8b-1d96f4072ad0,
Billed Duration for Request 9da2cf8b-a658-4c6c-9b8b-1d96f4072ad0: 1753 ms
Input: 5000000,
Cold Start: false
Unique ID: d1e46581-9a18-43c6-867d-0ec265bab750,
Billed Duration for Request d1e46581-9a18-43c6-867d-0ec265bab750: 1732 ms
Input: 5000000,
Cold Start: false
Unique ID: 6120da2f-83ac-499c-8d96-2f807cf84f09,
Billed Duration for Request 6120da2f-83ac-499c-8d96-2f807cf84f09: 1822 ms
Input: 5000000,
Cold Start: false
Unique ID: 61c04314-d4bf-49c6-a2aa-9426d5d444d1,
Billed Duration for Request 61c04314-d4bf-49c6-a2aa-9426d5d444d1: 1755 ms
Input: 5000000,
Cold Start: false
Unique ID: 1d8c3bad-5cd4-4fdd-90ff-c8eda2b8d629,
Billed Duration for Request 1d8c3bad-5cd4-4fdd-90ff-c8eda2b8d629: 1825 ms
Input: 5000000,
Cold Start: false
Unique ID: 02fd6328-fb99-4a1b-a575-f0b1a645b7c1,
Billed Duration for Request 02fd6328-fb99-4a1b-a575-f0b1a645b7c1: 1819 ms
Input: 5000000,
Cold Start: false
Unique ID: fbabaf1f-e92a-4432-a173-d3d32fe07138,
Billed Duration for Request fbabaf1f-e92a-4432-a173-d3d32fe07138: 1718 ms
Input: 5000000,
Cold Start: false
Unique ID: 4fdcd39d-7777-4c1f-ad77-e06c4268b3d2,
Billed Duration for Request 4fdcd39d-7777-4c1f-ad77-e06c4268b3d2: 1821 ms
Input: 5000000,
Cold Start: false
Unique ID: 28c2be50-8ee8-4578-91b1-d35d574a642c,
Billed Duration for Request 28c2be50-8ee8-4578-91b1-d35d574a642c: 1775 ms
Input: 5000000,
Cold Start: false
Unique ID: 7d5f8c9d-22c7-44d5-a224-d15f9ebae45f,
Billed Duration for Request 7d5f8c9d-22c7-44d5-a224-d15f9ebae45f: 1751 ms
Input: 5000000,
Cold Start: false
Unique ID: 564b12fd-fbd3-491a-ae77-fdbc38f34eb2,
Billed Duration for Request 564b12fd-fbd3-491a-ae77-fdbc38f34eb2: 1776 ms
Input: 5000000,
Cold Start: false
Unique ID: 099350e6-c163-4901-b4cd-98ba9d4ec688,
Billed Duration for Request 099350e6-c163-4901-b4cd-98ba9d4ec688: 1807 ms
Input: 5000000,
Cold Start: false
Unique ID: a4b543fd-0f5f-4865-8575-5475472b2340,
Billed Duration for Request a4b543fd-0f5f-4865-8575-5475472b2340: 1717 ms
Input: 5000000,
Cold Start: false
Unique ID: 771bb2d2-bfdd-42eb-9636-97878c904c93,
Billed Duration for Request 771bb2d2-bfdd-42eb-9636-97878c904c93: 1823 ms
Input: 5000000,
Cold Start: false
Unique ID: f8f9a82b-0d47-453e-8200-e2891b24ab1b,
Billed Duration for Request f8f9a82b-0d47-453e-8200-e2891b24ab1b: 1837 ms
Input: 5000000,
Cold Start: false
Unique ID: 87445eeb-c53f-41ef-922d-d4522ab1ecbc,
Billed Duration for Request 87445eeb-c53f-41ef-922d-d4522ab1ecbc: 1767 ms
Input: 5000000,
Cold Start: false
Unique ID: a5948d8b-1f9d-4572-8bd0-024a0e44874b,
Billed Duration for Request a5948d8b-1f9d-4572-8bd0-024a0e44874b: 1768 ms
Input: 5000000,
Cold Start: false
Unique ID: 79878aa6-14c1-4abb-ab9d-62d98ca7a1bc,
Billed Duration for Request 79878aa6-14c1-4abb-ab9d-62d98ca7a1bc: 1797 ms
Input: 5000000,
Cold Start: false
Unique ID: 96bdcb58-d933-4020-92fb-9ac31c91e28e,
Billed Duration for Request 96bdcb58-d933-4020-92fb-9ac31c91e28e: 1748 ms
Input: 5000000,
Cold Start: false
Unique ID: 4969fd4f-5e0c-4ae1-a3df-ae6191404c9a,
Billed Duration for Request 4969fd4f-5e0c-4ae1-a3df-ae6191404c9a: 1781 ms
Input: 5000000,
Cold Start: false
Unique ID: 7185908d-c304-448f-b240-3c216531f6a6,
Billed Duration for Request 7185908d-c304-448f-b240-3c216531f6a6: 1798 ms
Input: 5000000,
Cold Start: false
Unique ID: 46646ed9-2e8c-41d1-b159-61738a72783c,
Billed Duration for Request 46646ed9-2e8c-41d1-b159-61738a72783c: 1728 ms
Input: 5000000,
Cold Start: false
Unique ID: e7238a22-ebf5-4143-9638-2fbefb1e7e8f,
Billed Duration for Request e7238a22-ebf5-4143-9638-2fbefb1e7e8f: 1859 ms
Input: 5000000,
Cold Start: false
Unique ID: 41af39a6-d87f-445d-ad3f-0a69172958f0,
Billed Duration for Request 41af39a6-d87f-445d-ad3f-0a69172958f0: 1817 ms
Input: 5000000,
Cold Start: false
Unique ID: 5a12fa3c-2fdb-4764-922c-79000853d882,
Billed Duration for Request 5a12fa3c-2fdb-4764-922c-79000853d882: 1785 ms
Input: 5000000,
Cold Start: false
