Unique ID: 1f710ae30db01b11d51f5730993722fb,
Execution Time for Trace ID 1f710ae30db01b11d51f5730993722fb: 140 ms
Input: 1000000,
Cold Start: true
Unique ID: c4a52e1ffb37e6381e0298457bc2e40d,
Execution Time for Trace ID c4a52e1ffb37e6381e0298457bc2e40d: 37 ms
Input: 1000000,
Cold Start: false
Unique ID: 34b2535677b4fec754aa99de41d91806,
Execution Time for Trace ID 34b2535677b4fec754aa99de41d91806: 70 ms
Input: 1000000,
Cold Start: true
Unique ID: 7299aed44e0dc8de4e5b48c8d8fd30e3,
Execution Time for Trace ID 7299aed44e0dc8de4e5b48c8d8fd30e3: 35 ms
Input: 1000000,
Cold Start: false
Unique ID: b4c968989bbb0d55635be97e9e4df059,
Execution Time for Trace ID b4c968989bbb0d55635be97e9e4df059: 39 ms
Input: 1000000,
Cold Start: false
Unique ID: 3aea8dc371b9f909fb6978446fb57640,
Execution Time for Trace ID 3aea8dc371b9f909fb6978446fb57640: 44 ms
Input: 1000000,
Cold Start: false
Unique ID: 56957a38f9c04cd5d29d7b7a5aeb3189,
Execution Time for Trace ID 56957a38f9c04cd5d29d7b7a5aeb3189: 32 ms
Input: 1000000,
Cold Start: false
Unique ID: 8f7f5f5da5e38fad7bd969ede4085c62,
Execution Time for Trace ID 8f7f5f5da5e38fad7bd969ede4085c62: 32 ms
Input: 1000000,
Cold Start: false
Unique ID: 3fc0c0d2779c4d858a1387bc631c9f4c,
Execution Time for Trace ID 3fc0c0d2779c4d858a1387bc631c9f4c: 29 ms
Input: 1000000,
Cold Start: false
Unique ID: 84a4f3f1c07b6e9858e1b613ba7e991c,
Execution Time for Trace ID 84a4f3f1c07b6e9858e1b613ba7e991c: 31 ms
Input: 1000000,
Cold Start: false
Unique ID: 8b49addeddbcfbb7de7e72862a708251,
Execution Time for Trace ID 8b49addeddbcfbb7de7e72862a708251: 36 ms
Input: 1000000,
Cold Start: false
Unique ID: 3c4005baae8e7c077e94f08ee8a47c74,
Execution Time for Trace ID 3c4005baae8e7c077e94f08ee8a47c74: 33 ms
Input: 1000000,
Cold Start: false
Unique ID: 813cd0f25472ae17e0ebf80f86dd3f8e,
Execution Time for Trace ID 813cd0f25472ae17e0ebf80f86dd3f8e: 30 ms
Input: 1000000,
Cold Start: false
Unique ID: d4a4ac58cadf6a80eaae6d5d12dee12e,
Execution Time for Trace ID d4a4ac58cadf6a80eaae6d5d12dee12e: 36 ms
Input: 1000000,
Cold Start: false
Unique ID: 64e37dd64f56f54de604d605fde07108,
Execution Time for Trace ID 64e37dd64f56f54de604d605fde07108: 33 ms
Input: 1000000,
Cold Start: false
Unique ID: 8f6b182fadfd89121511ec9c495edd6d,
Execution Time for Trace ID 8f6b182fadfd89121511ec9c495edd6d: 31 ms
Input: 1000000,
Cold Start: false
Unique ID: 6d32358294c65c3faca7d9c77898129c,
Execution Time for Trace ID 6d32358294c65c3faca7d9c77898129c: 37 ms
Input: 1000000,
Cold Start: false
Unique ID: c930636f3af53efffff7e7a3cbcb5f3e,
Execution Time for Trace ID c930636f3af53efffff7e7a3cbcb5f3e: 33 ms
Input: 1000000,
Cold Start: false
Unique ID: a978dac01e8672afb05ff25e9f74faff,
Execution Time for Trace ID a978dac01e8672afb05ff25e9f74faff: 37 ms
Input: 1000000,
Cold Start: false
Unique ID: 7d6d199c7c5daedd2aed52ac8de6fe52,
Execution Time for Trace ID 7d6d199c7c5daedd2aed52ac8de6fe52: 35 ms
Input: 1000000,
Cold Start: false
Unique ID: c211a5f0ba723cfc7f0f6b6bbe303512,
Execution Time for Trace ID c211a5f0ba723cfc7f0f6b6bbe303512: 30 ms
Input: 1000000,
Cold Start: false
Unique ID: 62e48a08da848c1b16e5e5bc1dde8dc9,
Execution Time for Trace ID 62e48a08da848c1b16e5e5bc1dde8dc9: 39 ms
Input: 1000000,
Cold Start: false
Unique ID: 802f279e10f2c970a48a6c6ea1f0f820,
Execution Time for Trace ID 802f279e10f2c970a48a6c6ea1f0f820: 30 ms
Input: 1000000,
Cold Start: false
Unique ID: 995342e4bdf82920c03a023bc6488a57,
Execution Time for Trace ID 995342e4bdf82920c03a023bc6488a57: 32 ms
Input: 1000000,
Cold Start: false
Unique ID: e5e0571e965276496b2813a97506bff9,
Execution Time for Trace ID e5e0571e965276496b2813a97506bff9: 36 ms
Input: 1000000,
Cold Start: false
Unique ID: 595614bdac018a9df96fa3fea0e09f7e,
Execution Time for Trace ID 595614bdac018a9df96fa3fea0e09f7e: 37 ms
Input: 1000000,
Cold Start: false
Unique ID: fc21fb7a9af97225e6f3aa3ca6eba399,
Execution Time for Trace ID fc21fb7a9af97225e6f3aa3ca6eba399: 37 ms
Input: 1000000,
Cold Start: false
Unique ID: c91e5f54403457e1f5209df2512088a2,
Execution Time for Trace ID c91e5f54403457e1f5209df2512088a2: 33 ms
Input: 1000000,
Cold Start: false
Unique ID: 8d130c2568fc90ef5b41eeb8345d1e4f,
Execution Time for Trace ID 8d130c2568fc90ef5b41eeb8345d1e4f: 31 ms
Input: 1000000,
Cold Start: false
Unique ID: 90db6f1b78d2453b8b10f964597e0f13,
Execution Time for Trace ID 90db6f1b78d2453b8b10f964597e0f13: 31 ms
Input: 1000000,
Cold Start: false
Unique ID: 23cf342b3beb42284984c58f174a3bd1,
Execution Time for Trace ID 23cf342b3beb42284984c58f174a3bd1: 32 ms
Input: 1000000,
Cold Start: false
Unique ID: 2080d280dd7c3c9cac1d6b7657b2c5cd,
Execution Time for Trace ID 2080d280dd7c3c9cac1d6b7657b2c5cd: 31 ms
Input: 1000000,
Cold Start: false
Unique ID: 5b20edb6f5bc17c051895d37b71f5bc7,
Execution Time for Trace ID 5b20edb6f5bc17c051895d37b71f5bc7: 35 ms
Input: 1000000,
Cold Start: false
Unique ID: 25ab56f46616ec25e68e9401e39e2891,
Execution Time for Trace ID 25ab56f46616ec25e68e9401e39e2891: 34 ms
Input: 1000000,
Cold Start: false
Unique ID: 5bc196b9b1c954604ae58c98300761b2,
Execution Time for Trace ID 5bc196b9b1c954604ae58c98300761b2: 42 ms
Input: 1000000,
Cold Start: false
Unique ID: b9a8e2cef87c6b850f7e944351b59ee7,
Execution Time for Trace ID b9a8e2cef87c6b850f7e944351b59ee7: 36 ms
Input: 1000000,
Cold Start: false
Unique ID: bc652504b874f18da8383b3ef520e539,
Execution Time for Trace ID bc652504b874f18da8383b3ef520e539: 39 ms
Input: 1000000,
Cold Start: false
Unique ID: 1853102e4a4b8ef976e809145fb227b5,
Execution Time for Trace ID 1853102e4a4b8ef976e809145fb227b5: 32 ms
Input: 1000000,
Cold Start: false
Unique ID: 290ee7a4b4ca98cb78209d294c515a1e,
Execution Time for Trace ID 290ee7a4b4ca98cb78209d294c515a1e: 35 ms
Input: 1000000,
Cold Start: false
Unique ID: f0c8e6c2a33cbb5e37d5a27bdca0684e,
Execution Time for Trace ID f0c8e6c2a33cbb5e37d5a27bdca0684e: 28 ms
Input: 1000000,
Cold Start: false
Unique ID: d9d774f357ef7d2de17fa318c38a7cb4,
Execution Time for Trace ID d9d774f357ef7d2de17fa318c38a7cb4: 32 ms
Input: 1000000,
Cold Start: false
Unique ID: 6693119e83a0b44fb3ee7ff045e7628c,
Execution Time for Trace ID 6693119e83a0b44fb3ee7ff045e7628c: 32 ms
Input: 1000000,
Cold Start: false
Unique ID: 650cf5b78c5f841192057e7c91a0f758,
Execution Time for Trace ID 650cf5b78c5f841192057e7c91a0f758: 34 ms
Input: 1000000,
Cold Start: false
Unique ID: a63d3bfc3dbc139724fea1bd99ad44dc,
Execution Time for Trace ID a63d3bfc3dbc139724fea1bd99ad44dc: 36 ms
Input: 1000000,
Cold Start: false
Unique ID: 9cfe3b27689bce0d25a4e1e5a5f59087,
Execution Time for Trace ID 9cfe3b27689bce0d25a4e1e5a5f59087: 34 ms
Input: 1000000,
Cold Start: false
Unique ID: 4278e91238ad6abc8a38a326ac291319,
Execution Time for Trace ID 4278e91238ad6abc8a38a326ac291319: 35 ms
Input: 1000000,
Cold Start: false
Unique ID: 733c8214b8efdb71059f6b16a2daf69d,
Execution Time for Trace ID 733c8214b8efdb71059f6b16a2daf69d: 47 ms
Input: 1000000,
Cold Start: false
Unique ID: ede1f97d38de8ab3bddb997edbcc283d,
Execution Time for Trace ID ede1f97d38de8ab3bddb997edbcc283d: 39 ms
Input: 1000000,
Cold Start: false
Unique ID: ed011b0e91f069cdde7fc16ba9e85983,
Execution Time for Trace ID ed011b0e91f069cdde7fc16ba9e85983: 34 ms
Input: 1000000,
Cold Start: false
Unique ID: 60ff69aba69bdd61ba31707424df296c,
Execution Time for Trace ID 60ff69aba69bdd61ba31707424df296c: 36 ms
Input: 1000000,
Cold Start: false
Unique ID: 78206d3a3f6357c5ab731d2e3b57e34d,
Execution Time for Trace ID 78206d3a3f6357c5ab731d2e3b57e34d: 135 ms
Input: 1000000,
Cold Start: false
Unique ID: e9d182800d7e2ee655d7fae5abdc67db,
Execution Time for Trace ID e9d182800d7e2ee655d7fae5abdc67db: 103 ms
Input: 1000000,
Cold Start: false
Unique ID: 20f545c9da84430976be22d5a427e5a2,
Execution Time for Trace ID 20f545c9da84430976be22d5a427e5a2: 98 ms
Input: 1000000,
Cold Start: false
Unique ID: 0af792c90961e1005cdd19ddcc194625,
Execution Time for Trace ID 0af792c90961e1005cdd19ddcc194625: 107 ms
Input: 1000000,
Cold Start: false
Unique ID: 52ebe2df9aa8330fb034a718776527e3,
Execution Time for Trace ID 52ebe2df9aa8330fb034a718776527e3: 33 ms
Input: 1000000,
Cold Start: false
Unique ID: fa34230908a33fa8874985f7c8eff6af,
Execution Time for Trace ID fa34230908a33fa8874985f7c8eff6af: 98 ms
Input: 1000000,
Cold Start: false
Unique ID: f9a35eae970d330f6a66b445092b8e18,
Execution Time for Trace ID f9a35eae970d330f6a66b445092b8e18: 31 ms
Input: 1000000,
Cold Start: false
Unique ID: d25449d03c7dde5049372957fddada92,
Execution Time for Trace ID d25449d03c7dde5049372957fddada92: 36 ms
Input: 1000000,
Cold Start: false
Unique ID: 4d2eb777924910e28abd30c900acecf1,
Execution Time for Trace ID 4d2eb777924910e28abd30c900acecf1: 31 ms
Input: 1000000,
Cold Start: false
Unique ID: 350c1516a8a1d862aab1ee52b5a147a8,
Execution Time for Trace ID 350c1516a8a1d862aab1ee52b5a147a8: 31 ms
Input: 1000000,
Cold Start: false
Unique ID: b8748416e7cd8101b514369c9ff9c222,
Execution Time for Trace ID b8748416e7cd8101b514369c9ff9c222: 33 ms
Input: 1000000,
Cold Start: false
Unique ID: 894b7ca1e8444585ac8c56c481505afd,
Execution Time for Trace ID 894b7ca1e8444585ac8c56c481505afd: 33 ms
Input: 1000000,
Cold Start: false
Unique ID: fef0f730561d0d3e8fd83ce6a6c9be4b,
Execution Time for Trace ID fef0f730561d0d3e8fd83ce6a6c9be4b: 29 ms
Input: 1000000,
Cold Start: false
Unique ID: e888ea0eae0992453ec2a2ed04631e1b,
Execution Time for Trace ID e888ea0eae0992453ec2a2ed04631e1b: 35 ms
Input: 1000000,
Cold Start: false
Unique ID: 85332b85efe89c1dc588764dc56b6e2d,
Execution Time for Trace ID 85332b85efe89c1dc588764dc56b6e2d: 35 ms
Input: 1000000,
Cold Start: false
Unique ID: 38b36ecf974e589816cdff01d6c64386,
Execution Time for Trace ID 38b36ecf974e589816cdff01d6c64386: 40 ms
Input: 1000000,
Cold Start: false
Unique ID: 7dad4b3518cdfac7eba61ed2c49e0b0b,
Execution Time for Trace ID 7dad4b3518cdfac7eba61ed2c49e0b0b: 36 ms
Input: 1000000,
Cold Start: false
Unique ID: 88afdad6e4e895a90713798049190cf5,
Execution Time for Trace ID 88afdad6e4e895a90713798049190cf5: 34 ms
Input: 1000000,
Cold Start: false
Unique ID: ad7906b38d006b149c56ad4b2b4c7144,
Execution Time for Trace ID ad7906b38d006b149c56ad4b2b4c7144: 38 ms
Input: 1000000,
Cold Start: false
Unique ID: 14f16baf94ad1e9da5025ad8eb66c27f,
Execution Time for Trace ID 14f16baf94ad1e9da5025ad8eb66c27f: 44 ms
Input: 1000000,
Cold Start: false
Unique ID: e45278a7e0299a8400c4bce5b668fb2f,
Execution Time for Trace ID e45278a7e0299a8400c4bce5b668fb2f: 31 ms
Input: 1000000,
Cold Start: false
Unique ID: 1af5fda6a036ec610eeaed4a23da1d48,
Execution Time for Trace ID 1af5fda6a036ec610eeaed4a23da1d48: 51 ms
Input: 1000000,
Cold Start: false
Unique ID: 0e503122308190d750e25c492b2423ef,
Execution Time for Trace ID 0e503122308190d750e25c492b2423ef: 30 ms
Input: 1000000,
Cold Start: false
Unique ID: 2ef61fc8e1fc04a0f32cd4caf780dd3e,
Execution Time for Trace ID 2ef61fc8e1fc04a0f32cd4caf780dd3e: 44 ms
Input: 1000000,
Cold Start: false
Unique ID: e1c4c6fdb7d5837b20245cb3dec99c4a,
Execution Time for Trace ID e1c4c6fdb7d5837b20245cb3dec99c4a: 39 ms
Input: 1000000,
Cold Start: false
Unique ID: aa719b654a40061b94ab8ad270aaa064,
Execution Time for Trace ID aa719b654a40061b94ab8ad270aaa064: 37 ms
Input: 1000000,
Cold Start: false
Unique ID: 9e0f984b41fe2c05102e4090c4784211,
Execution Time for Trace ID 9e0f984b41fe2c05102e4090c4784211: 33 ms
Input: 1000000,
Cold Start: false
Unique ID: fd0e57b83b08ab09f30aefda123b4ada,
Execution Time for Trace ID fd0e57b83b08ab09f30aefda123b4ada: 37 ms
Input: 1000000,
Cold Start: false
Unique ID: 26a64df26d5d37017471b7330bc9e3ae,
Execution Time for Trace ID 26a64df26d5d37017471b7330bc9e3ae: 35 ms
Input: 1000000,
Cold Start: false
Unique ID: 51e6198e85a285997a05b062cced7bef,
Execution Time for Trace ID 51e6198e85a285997a05b062cced7bef: 48 ms
Input: 1000000,
Cold Start: false
Unique ID: 8e865ca1028b749565c9d0c8b980beb7,
Execution Time for Trace ID 8e865ca1028b749565c9d0c8b980beb7: 28 ms
Input: 1000000,
Cold Start: false
Unique ID: eb1becc09ac616eb75501fc153c66a3c,
Execution Time for Trace ID eb1becc09ac616eb75501fc153c66a3c: 39 ms
Input: 1000000,
Cold Start: false
Unique ID: aabf710f86403c840c3ced7be05475ed,
Execution Time for Trace ID aabf710f86403c840c3ced7be05475ed: 35 ms
Input: 1000000,
Cold Start: false
Unique ID: 8747c759c0068eb7d71d35b71331fada,
Execution Time for Trace ID 8747c759c0068eb7d71d35b71331fada: 37 ms
Input: 1000000,
Cold Start: false
Unique ID: 3f139d59a140b6a69fc5164b5bdae8fb,
Execution Time for Trace ID 3f139d59a140b6a69fc5164b5bdae8fb: 107 ms
Input: 1000000,
Cold Start: false
Unique ID: 0e71be619f53f09f014032eb711f2f60,
Execution Time for Trace ID 0e71be619f53f09f014032eb711f2f60: 46 ms
Input: 1000000,
Cold Start: false
Unique ID: 3d5eb5fa0d03ea8318b7fb06b51f599d,
Execution Time for Trace ID 3d5eb5fa0d03ea8318b7fb06b51f599d: 38 ms
Input: 1000000,
Cold Start: false
Unique ID: f6bde8874a8325aba18a0778d1f73196,
Execution Time for Trace ID f6bde8874a8325aba18a0778d1f73196: 37 ms
Input: 1000000,
Cold Start: false
Unique ID: 46fb95caa525b2f6a06f8c7076eb53bf,
Execution Time for Trace ID 46fb95caa525b2f6a06f8c7076eb53bf: 42 ms
Input: 1000000,
Cold Start: false
Unique ID: 7a2c12ac14270e080f65fab77aab3253,
Execution Time for Trace ID 7a2c12ac14270e080f65fab77aab3253: 37 ms
Input: 1000000,
Cold Start: false
Unique ID: c203aa45a284af3ea1330bf42fe5bb1a,
Execution Time for Trace ID c203aa45a284af3ea1330bf42fe5bb1a: 30 ms
Input: 1000000,
Cold Start: false
Unique ID: 1d942dfd3e33440daddda7556f3cda8c,
Execution Time for Trace ID 1d942dfd3e33440daddda7556f3cda8c: 36 ms
Input: 1000000,
Cold Start: false
Unique ID: dbdefa5135715a569cd89e1b2a53ec1c,
Execution Time for Trace ID dbdefa5135715a569cd89e1b2a53ec1c: 36 ms
Input: 1000000,
Cold Start: false
Unique ID: 2355740ca09351bbf2b5133aeebab528,
Execution Time for Trace ID 2355740ca09351bbf2b5133aeebab528: 33 ms
Input: 1000000,
Cold Start: false
Unique ID: 6b3be05fbbee8b890a1345c40050c091,
Execution Time for Trace ID 6b3be05fbbee8b890a1345c40050c091: 35 ms
Input: 1000000,
Cold Start: false
Unique ID: d3560cb973ca55344f38d33cc13c4a4f,
Execution Time for Trace ID d3560cb973ca55344f38d33cc13c4a4f: 42 ms
Input: 1000000,
Cold Start: false
Unique ID: bd2a1c1eee30af2acd1348e9703acd5e,
Execution Time for Trace ID bd2a1c1eee30af2acd1348e9703acd5e: 37 ms
Input: 1000000,
Cold Start: false
Unique ID: bca837aa17f11662ee43470663d63d4b,
Execution Time for Trace ID bca837aa17f11662ee43470663d63d4b: 91 ms
Input: 1000000,
Cold Start: false
Unique ID: d63dfaa80a87efe9c680536b11c3ca63,
Execution Time for Trace ID d63dfaa80a87efe9c680536b11c3ca63: 30 ms
Input: 1000000,
Cold Start: false
Unique ID: 0d45aa5afa2282c6971a39e42a575f9c,
Execution Time for Trace ID 0d45aa5afa2282c6971a39e42a575f9c: 36 ms
Input: 1000000,
Cold Start: false
Unique ID: 4406fe1eae3fd2efaf8bbf4d83c9eca3,
Execution Time for Trace ID 4406fe1eae3fd2efaf8bbf4d83c9eca3: 61 ms
Input: 1000000,
Cold Start: false
Unique ID: c416d21312dd64772dda8e75759ecf39,
Execution Time for Trace ID c416d21312dd64772dda8e75759ecf39: 75 ms
Input: 1000000,
Cold Start: false
Unique ID: 01c4dc4b45ee5cea1121861cee406e9d,
Execution Time for Trace ID 01c4dc4b45ee5cea1121861cee406e9d: 57 ms
Input: 1000000,
Cold Start: false
Unique ID: 58dad5a1804f756a48b6eac46b438aa3,
Execution Time for Trace ID 58dad5a1804f756a48b6eac46b438aa3: 77 ms
Input: 1000000,
Cold Start: false
Unique ID: 8aed0b5be845b4804e7481e8f7aa3bdc,
Execution Time for Trace ID 8aed0b5be845b4804e7481e8f7aa3bdc: 36 ms
Input: 1000000,
Cold Start: false
Unique ID: 79007fc916c9ce25052bf4cacc747ac9,
Execution Time for Trace ID 79007fc916c9ce25052bf4cacc747ac9: 29 ms
Input: 1000000,
Cold Start: false
Unique ID: ad13cba92e50c73e40c4a9082b9702cd,
Execution Time for Trace ID ad13cba92e50c73e40c4a9082b9702cd: 125 ms
Input: 1000000,
Cold Start: false
Unique ID: a8da33f03e754a0b2bee25dbc069aa83,
Execution Time for Trace ID a8da33f03e754a0b2bee25dbc069aa83: 36 ms
Input: 1000000,
Cold Start: false
Unique ID: 52565f39d6201a4fb926530905f7da67,
Execution Time for Trace ID 52565f39d6201a4fb926530905f7da67: 44 ms
Input: 1000000,
Cold Start: false
Unique ID: 1a13c680400a675d769b6b252d3eb454,
Execution Time for Trace ID 1a13c680400a675d769b6b252d3eb454: 126 ms
Input: 1000000,
Cold Start: false
Unique ID: 7419a5565edb6d2aca6f3ef0f4e67166,
Execution Time for Trace ID 7419a5565edb6d2aca6f3ef0f4e67166: 46 ms
Input: 1000000,
Cold Start: false
Unique ID: c29ffbbdd69580a72f6d945b8753a8f3,
Execution Time for Trace ID c29ffbbdd69580a72f6d945b8753a8f3: 34 ms
Input: 1000000,
Cold Start: false
Unique ID: 3d856b93f3716ae3c9aea7b33b4163b2,
Execution Time for Trace ID 3d856b93f3716ae3c9aea7b33b4163b2: 75 ms
Input: 1000000,
Cold Start: false
Unique ID: 925ea07e1db4ae14887dfc424355c9a7,
Execution Time for Trace ID 925ea07e1db4ae14887dfc424355c9a7: 35 ms
Input: 1000000,
Cold Start: false
Unique ID: 4770fade2539262cd9ea2a17301626d1,
Execution Time for Trace ID 4770fade2539262cd9ea2a17301626d1: 115 ms
Input: 1000000,
Cold Start: false
Unique ID: 4c11382dd367e7d35782a4abe047b46f,
Execution Time for Trace ID 4c11382dd367e7d35782a4abe047b46f: 39 ms
Input: 1000000,
Cold Start: false
Unique ID: ca45f9e0330891fc564ac550cdca85dc,
Execution Time for Trace ID ca45f9e0330891fc564ac550cdca85dc: 123 ms
Input: 1000000,
Cold Start: false
Unique ID: 2bb2fb035e0ccb29722627c69dca7c7e,
Execution Time for Trace ID 2bb2fb035e0ccb29722627c69dca7c7e: 45 ms
Input: 1000000,
Cold Start: false
Unique ID: 9ade7fa30d318937c6d80abeb75a649a,
Execution Time for Trace ID 9ade7fa30d318937c6d80abeb75a649a: 34 ms
Input: 1000000,
Cold Start: false
Unique ID: d3c3631d0c0d3033bf124d6d04af82ba,
Execution Time for Trace ID d3c3631d0c0d3033bf124d6d04af82ba: 34 ms
Input: 1000000,
Cold Start: false
Unique ID: 23a547a8482f63924a79add5a54cd003,
Execution Time for Trace ID 23a547a8482f63924a79add5a54cd003: 122 ms
Input: 1000000,
Cold Start: false
Unique ID: c8bea6f440df02f02531dbb7dc07a122,
Execution Time for Trace ID c8bea6f440df02f02531dbb7dc07a122: 204 ms
Input: 1000000,
Cold Start: false
Unique ID: 7572bd960c4db848590408935e73a0ff,
Execution Time for Trace ID 7572bd960c4db848590408935e73a0ff: 39 ms
Input: 1000000,
Cold Start: false
Unique ID: 61e8a3a18fefb298c932cf59222a55bd,
Execution Time for Trace ID 61e8a3a18fefb298c932cf59222a55bd: 124 ms
Input: 1000000,
Cold Start: false
Unique ID: b724da05fe6eb9a3f095816d54cba73d,
Execution Time for Trace ID b724da05fe6eb9a3f095816d54cba73d: 32 ms
Input: 1000000,
Cold Start: false
Unique ID: c2a45c0761b6bca50710e7bc07701911,
Execution Time for Trace ID c2a45c0761b6bca50710e7bc07701911: 39 ms
Input: 1000000,
Cold Start: false
Unique ID: 052a8af8b24e51a7848c687245355667,
Execution Time for Trace ID 052a8af8b24e51a7848c687245355667: 212 ms
Input: 1000000,
Cold Start: false
Unique ID: b9902425fc9e62c4046affc10def027d,
Execution Time for Trace ID b9902425fc9e62c4046affc10def027d: 32 ms
Input: 1000000,
Cold Start: false
Unique ID: 5f77ad38188d39ede295bdb8072593fc,
Execution Time for Trace ID 5f77ad38188d39ede295bdb8072593fc: 120 ms
Input: 1000000,
Cold Start: false
Unique ID: 1a9001b2c4943e6d9884d15234174862,
Execution Time for Trace ID 1a9001b2c4943e6d9884d15234174862: 31 ms
Input: 1000000,
Cold Start: false
Unique ID: 8c20f3833a4834967262eef05620ed19,
Execution Time for Trace ID 8c20f3833a4834967262eef05620ed19: 106 ms
Input: 1000000,
Cold Start: false
Unique ID: 3602a9fc0e58ceaf487c13b6b20452e0,
Execution Time for Trace ID 3602a9fc0e58ceaf487c13b6b20452e0: 31 ms
Input: 1000000,
Cold Start: false
Unique ID: 1bb59dbedcc572b18e7d27d25c4225da,
Execution Time for Trace ID 1bb59dbedcc572b18e7d27d25c4225da: 32 ms
Input: 1000000,
Cold Start: false
Unique ID: 56d4285065c1a43f2d6f56c93bf92c9f,
Execution Time for Trace ID 56d4285065c1a43f2d6f56c93bf92c9f: 29 ms
Input: 1000000,
Cold Start: false
Unique ID: a560e050118767ec1a399aaa24a6a1cc,
Execution Time for Trace ID a560e050118767ec1a399aaa24a6a1cc: 32 ms
Input: 1000000,
Cold Start: false
Unique ID: 1f6406438cd430ac594b78fd69efc216,
Execution Time for Trace ID 1f6406438cd430ac594b78fd69efc216: 40 ms
Input: 1000000,
Cold Start: false
Unique ID: 0cfcb4f33d865c9e5832eeaee5644270,
Execution Time for Trace ID 0cfcb4f33d865c9e5832eeaee5644270: 131 ms
Input: 1000000,
Cold Start: false
Unique ID: 41979a701de75a8cc3abe689bda9f61f,
Execution Time for Trace ID 41979a701de75a8cc3abe689bda9f61f: 106 ms
Input: 1000000,
Cold Start: false
Unique ID: 37171d2d2711e1859ef50000d361e848,
Execution Time for Trace ID 37171d2d2711e1859ef50000d361e848: 39 ms
Input: 1000000,
Cold Start: false
Unique ID: d5cde33884db71a73da42e1be0f508d9,
Execution Time for Trace ID d5cde33884db71a73da42e1be0f508d9: 33 ms
Input: 1000000,
Cold Start: false
Unique ID: ea380ee243b0e923fcc2f3479924a5a8,
Execution Time for Trace ID ea380ee243b0e923fcc2f3479924a5a8: 120 ms
Input: 1000000,
Cold Start: false
Unique ID: ae540581aa267ebfede520fe871dd365,
Execution Time for Trace ID ae540581aa267ebfede520fe871dd365: 32 ms
Input: 1000000,
Cold Start: false
Unique ID: 1026edb8bcf2fb2a35dfa6031deafc8d,
Execution Time for Trace ID 1026edb8bcf2fb2a35dfa6031deafc8d: 35 ms
Input: 1000000,
Cold Start: false
Unique ID: ff46a399ab7f1cf55e4d1a33efa6dac7,
Execution Time for Trace ID ff46a399ab7f1cf55e4d1a33efa6dac7: 108 ms
Input: 1000000,
Cold Start: false
Unique ID: 5d372a7920c51950862bd523366b6fe7,
Execution Time for Trace ID 5d372a7920c51950862bd523366b6fe7: 31 ms
Input: 1000000,
Cold Start: false
Unique ID: dfc8fb430802f32e11d5350b1b9501bf,
Execution Time for Trace ID dfc8fb430802f32e11d5350b1b9501bf: 118 ms
Input: 1000000,
Cold Start: false
Unique ID: 402b5b6966769c57014c71306528733b,
Execution Time for Trace ID 402b5b6966769c57014c71306528733b: 32 ms
Input: 1000000,
Cold Start: false
Unique ID: d8f5c287619a4fdfaa2c4e7ae7a0d61b,
Execution Time for Trace ID d8f5c287619a4fdfaa2c4e7ae7a0d61b: 31 ms
Input: 1000000,
Cold Start: false
Unique ID: 1411a7552968daf6d213f86eaf90b038,
Execution Time for Trace ID 1411a7552968daf6d213f86eaf90b038: 109 ms
Input: 1000000,
Cold Start: false
Unique ID: 8f44e8ea906e4d3a38fbaebfc534361d,
Execution Time for Trace ID 8f44e8ea906e4d3a38fbaebfc534361d: 32 ms
Input: 1000000,
Cold Start: false
Unique ID: 991a5ca7eca93997d4ace928f727cb8d,
Execution Time for Trace ID 991a5ca7eca93997d4ace928f727cb8d: 124 ms
Input: 1000000,
Cold Start: false
Unique ID: 0d81e662633eb98387003d0084e64c97,
Execution Time for Trace ID 0d81e662633eb98387003d0084e64c97: 34 ms
Input: 1000000,
Cold Start: false
Unique ID: 2f277fafb14f15fcd31f0389ccaa6228,
Execution Time for Trace ID 2f277fafb14f15fcd31f0389ccaa6228: 98 ms
Input: 1000000,
Cold Start: false
Unique ID: f614deb517ab42c33db9a326d00371d4,
Execution Time for Trace ID f614deb517ab42c33db9a326d00371d4: 31 ms
Input: 1000000,
Cold Start: false
Unique ID: bee4a8f8c25a944851a9944c44e929a4,
Execution Time for Trace ID bee4a8f8c25a944851a9944c44e929a4: 29 ms
Input: 1000000,
Cold Start: false
Unique ID: 84d6a9b69b8e37aee07965d99b176cda,
Execution Time for Trace ID 84d6a9b69b8e37aee07965d99b176cda: 33 ms
Input: 1000000,
Cold Start: false
Unique ID: aa25818488cc2b6b414a9c8829f53091,
Execution Time for Trace ID aa25818488cc2b6b414a9c8829f53091: 33 ms
Input: 1000000,
Cold Start: false
Unique ID: 60f94eee379ffc3abe18d54adbb07e3c,
Execution Time for Trace ID 60f94eee379ffc3abe18d54adbb07e3c: 33 ms
Input: 1000000,
Cold Start: false
Unique ID: a776daf8b75639cd570eb67ce4c28b61,
Execution Time for Trace ID a776daf8b75639cd570eb67ce4c28b61: 29 ms
Input: 1000000,
Cold Start: false
Unique ID: 3f63c5448d9a69f8a074ca4e3c160e98,
Execution Time for Trace ID 3f63c5448d9a69f8a074ca4e3c160e98: 119 ms
Input: 1000000,
Cold Start: false
Unique ID: d6696b72d64ec61c9967c26a1eb2a39f,
Execution Time for Trace ID d6696b72d64ec61c9967c26a1eb2a39f: 31 ms
Input: 1000000,
Cold Start: false
Unique ID: 01310c3fb3eb409ce50f93398ebcebc8,
Execution Time for Trace ID 01310c3fb3eb409ce50f93398ebcebc8: 30 ms
Input: 1000000,
Cold Start: false
Unique ID: bdcab45984a48acd64067772f624bd91,
Execution Time for Trace ID bdcab45984a48acd64067772f624bd91: 33 ms
Input: 1000000,
Cold Start: false
Unique ID: 0348afe179febdf25d8f2841136799cd,
Execution Time for Trace ID 0348afe179febdf25d8f2841136799cd: 30 ms
Input: 1000000,
Cold Start: false
Unique ID: 28a64c3d00fecc1b651bdc4f8d16f444,
Execution Time for Trace ID 28a64c3d00fecc1b651bdc4f8d16f444: 37 ms
Input: 1000000,
Cold Start: false
Unique ID: 3f94717e39c25670e8aab058eef5d466,
Execution Time for Trace ID 3f94717e39c25670e8aab058eef5d466: 30 ms
Input: 1000000,
Cold Start: false
Unique ID: e86b1905810e4b839f4cd004501ddb7f,
Execution Time for Trace ID e86b1905810e4b839f4cd004501ddb7f: 31 ms
Input: 1000000,
Cold Start: false
Unique ID: fac723e4330ede7542204579c5863886,
Execution Time for Trace ID fac723e4330ede7542204579c5863886: 30 ms
Input: 1000000,
Cold Start: false
Unique ID: 0b60a14fdb4edc636c6e42455876f9cc,
Execution Time for Trace ID 0b60a14fdb4edc636c6e42455876f9cc: 120 ms
Input: 1000000,
Cold Start: false
Unique ID: 7ca69d27d215eba790a2e7f13e889816,
Execution Time for Trace ID 7ca69d27d215eba790a2e7f13e889816: 32 ms
Input: 1000000,
Cold Start: false
Unique ID: ebae62e65b436c645d6445322454e77e,
Execution Time for Trace ID ebae62e65b436c645d6445322454e77e: 31 ms
Input: 1000000,
Cold Start: false
Unique ID: cee55afec896510c5194bcf772923294,
Execution Time for Trace ID cee55afec896510c5194bcf772923294: 111 ms
Input: 1000000,
Cold Start: false
Unique ID: 36a094bffad9c46ceb8802c95733f0b7,
Execution Time for Trace ID 36a094bffad9c46ceb8802c95733f0b7: 31 ms
Input: 1000000,
Cold Start: false
Unique ID: 873ea6f92e9cbd3a1d9c2a0f8e901f93,
Execution Time for Trace ID 873ea6f92e9cbd3a1d9c2a0f8e901f93: 104 ms
Input: 1000000,
Cold Start: false
Unique ID: bf05ca818e79721b2ad803a384cb6c94,
Execution Time for Trace ID bf05ca818e79721b2ad803a384cb6c94: 29 ms
Input: 1000000,
Cold Start: false
Unique ID: ec3d34af6c6e87d45dceff2eee6c2b8d,
Execution Time for Trace ID ec3d34af6c6e87d45dceff2eee6c2b8d: 117 ms
Input: 1000000,
Cold Start: false
Unique ID: ba37577c180d2a337bc77ec75ffe72a3,
Execution Time for Trace ID ba37577c180d2a337bc77ec75ffe72a3: 28 ms
Input: 1000000,
Cold Start: false
Unique ID: 9aa7115b26b18c03e7cd8e4be1601035,
Execution Time for Trace ID 9aa7115b26b18c03e7cd8e4be1601035: 29 ms
Input: 1000000,
Cold Start: false
Unique ID: 0d79bd0e0fd609cda03569b28c6380e3,
Execution Time for Trace ID 0d79bd0e0fd609cda03569b28c6380e3: 115 ms
Input: 1000000,
Cold Start: false
Unique ID: 1a8ecc049e3be8d4939c7406523a3cbf,
Execution Time for Trace ID 1a8ecc049e3be8d4939c7406523a3cbf: 30 ms
Input: 1000000,
Cold Start: false
Unique ID: 5917226ec5552f3108f34024c5850a6f,
Execution Time for Trace ID 5917226ec5552f3108f34024c5850a6f: 28 ms
Input: 1000000,
Cold Start: false
Unique ID: 8b25a9ffe3cc5c6aa9a06fb389d8a7ee,
Execution Time for Trace ID 8b25a9ffe3cc5c6aa9a06fb389d8a7ee: 29 ms
Input: 1000000,
Cold Start: false
Unique ID: b8206198d94fd2adf26aa66dfd66f153,
Execution Time for Trace ID b8206198d94fd2adf26aa66dfd66f153: 29 ms
Input: 1000000,
Cold Start: false
Unique ID: 958dabe42aa59e7edeba72c32e243922,
Execution Time for Trace ID 958dabe42aa59e7edeba72c32e243922: 107 ms
Input: 1000000,
Cold Start: false
Unique ID: 67b54e0c4d92de8fee3f5d50c211d501,
Execution Time for Trace ID 67b54e0c4d92de8fee3f5d50c211d501: 30 ms
Input: 1000000,
Cold Start: false
Unique ID: 8ce4017137ed231c37f6573680620616,
Execution Time for Trace ID 8ce4017137ed231c37f6573680620616: 30 ms
Input: 1000000,
Cold Start: false
Unique ID: 660f124047e2fbe15eb2112242b9c6ae,
Execution Time for Trace ID 660f124047e2fbe15eb2112242b9c6ae: 32 ms
Input: 1000000,
Cold Start: false
Unique ID: 8e5b4477bd2ad65c3b871c7af23f5862,
Execution Time for Trace ID 8e5b4477bd2ad65c3b871c7af23f5862: 33 ms
Input: 1000000,
Cold Start: false
Unique ID: 93f2ac5bcb941528d53b29616d5c208b,
Execution Time for Trace ID 93f2ac5bcb941528d53b29616d5c208b: 29 ms
Input: 1000000,
Cold Start: false
Unique ID: f9c3d8818a02f730bc3f3e11bc85106f,
Execution Time for Trace ID f9c3d8818a02f730bc3f3e11bc85106f: 116 ms
Input: 1000000,
Cold Start: false
Unique ID: 67ef07743e14e615b908e3ced7e785d7,
Execution Time for Trace ID 67ef07743e14e615b908e3ced7e785d7: 31 ms
Input: 1000000,
Cold Start: false
Unique ID: e7bf9347f4b6f9e849d4a014ebb1d073,
Execution Time for Trace ID e7bf9347f4b6f9e849d4a014ebb1d073: 31 ms
Input: 1000000,
Cold Start: false
Unique ID: c8e6068759ca38751e44fde58e73c3b8,
Execution Time for Trace ID c8e6068759ca38751e44fde58e73c3b8: 32 ms
Input: 1000000,
Cold Start: false
Unique ID: 24f183ae50fab443954e98b19a6fc2a3,
Execution Time for Trace ID 24f183ae50fab443954e98b19a6fc2a3: 33 ms
Input: 1000000,
Cold Start: false
Unique ID: ff31e8f95a9c5586248de82b34f9bf67,
Execution Time for Trace ID ff31e8f95a9c5586248de82b34f9bf67: 30 ms
Input: 1000000,
Cold Start: false
Unique ID: 182824d733b05b1872af99e5b29444ed,
Execution Time for Trace ID 182824d733b05b1872af99e5b29444ed: 119 ms
Input: 1000000,
Cold Start: false
Unique ID: ed059f3abebc07e1ff63c5ccbf25645c,
Execution Time for Trace ID ed059f3abebc07e1ff63c5ccbf25645c: 33 ms
Input: 1000000,
Cold Start: false
Unique ID: 11c1d5e0b256144eb6ddc8581b1829ee,
Execution Time for Trace ID 11c1d5e0b256144eb6ddc8581b1829ee: 33 ms
Input: 1000000,
Cold Start: false
Unique ID: 19d9b5f2cef97969d6d3e6617b72930e,
Execution Time for Trace ID 19d9b5f2cef97969d6d3e6617b72930e: 33 ms
Input: 1000000,
Cold Start: false
Unique ID: 9099e9bf4c71cec3135e6e7b387d67f5,
Execution Time for Trace ID 9099e9bf4c71cec3135e6e7b387d67f5: 35 ms
Input: 1000000,
Cold Start: false
Unique ID: ace76f8ae726b641a28b1e442e953d76,
Execution Time for Trace ID ace76f8ae726b641a28b1e442e953d76: 62 ms
Input: 1000000,
Cold Start: false
Unique ID: 50f759b3529a18574347b904f8294bcf,
Execution Time for Trace ID 50f759b3529a18574347b904f8294bcf: 32 ms
Input: 1000000,
Cold Start: false
Unique ID: f6fcc2e7935723e427eb7dd859bde13d,
Execution Time for Trace ID f6fcc2e7935723e427eb7dd859bde13d: 30 ms
Input: 1000000,
Cold Start: false
Unique ID: 100de1da0e01d79f5aade86c7c3f584f,
Execution Time for Trace ID 100de1da0e01d79f5aade86c7c3f584f: 33 ms
Input: 1000000,
Cold Start: false
Unique ID: 2112f1cb7436d28b4e928b25db458b13,
Execution Time for Trace ID 2112f1cb7436d28b4e928b25db458b13: 119 ms
Input: 1000000,
Cold Start: false
Unique ID: fa0a6fd62818f12f32b543c1c1ff435a,
Execution Time for Trace ID fa0a6fd62818f12f32b543c1c1ff435a: 29 ms
Input: 1000000,
Cold Start: false
Unique ID: 98520b334b679e66f4772f27316e8180,
Execution Time for Trace ID 98520b334b679e66f4772f27316e8180: 40 ms
Input: 1000000,
Cold Start: false
Unique ID: a1b7d94d468e4dc7cd2d3525cacdca9f,
Execution Time for Trace ID a1b7d94d468e4dc7cd2d3525cacdca9f: 31 ms
Input: 1000000,
Cold Start: false
Unique ID: 5a040a08ab3a9dadb9820609e4932192,
Execution Time for Trace ID 5a040a08ab3a9dadb9820609e4932192: 107 ms
Input: 1000000,
Cold Start: false
Unique ID: 323b3a4c4743c9598bab976144531d49,
Execution Time for Trace ID 323b3a4c4743c9598bab976144531d49: 30 ms
Input: 1000000,
Cold Start: false
Unique ID: 94606a7119626f7ecd0b52aa4c9e8a48,
Execution Time for Trace ID 94606a7119626f7ecd0b52aa4c9e8a48: 33 ms
Input: 1000000,
Cold Start: false
Unique ID: 44c55152a6c51fe29064f467ee68686d,
Execution Time for Trace ID 44c55152a6c51fe29064f467ee68686d: 29 ms
Input: 1000000,
Cold Start: false
Unique ID: 6eabe0bf65fe7bc1753f94374e6aa990,
Execution Time for Trace ID 6eabe0bf65fe7bc1753f94374e6aa990: 117 ms
Input: 1000000,
Cold Start: false
Unique ID: c5006a84d0875997b3e8898ccce4059a,
Execution Time for Trace ID c5006a84d0875997b3e8898ccce4059a: 36 ms
Input: 1000000,
Cold Start: false
Unique ID: 38ada3ec4ef91de8665c0b9f3989da20,
Execution Time for Trace ID 38ada3ec4ef91de8665c0b9f3989da20: 132 ms
Input: 1000000,
Cold Start: false
Unique ID: ebdf2c5f47ecf1755ba4800e06aae1b3,
Execution Time for Trace ID ebdf2c5f47ecf1755ba4800e06aae1b3: 32 ms
Input: 1000000,
Cold Start: false
Unique ID: 8e5b5d048a159e5993586e7b09dc2681,
Execution Time for Trace ID 8e5b5d048a159e5993586e7b09dc2681: 122 ms
Input: 1000000,
Cold Start: false
Unique ID: c92a460d3b0511b55364a2e10f064729,
Execution Time for Trace ID c92a460d3b0511b55364a2e10f064729: 29 ms
Input: 1000000,
Cold Start: false
Unique ID: 79627e7b1046493913c4726003fc10f6,
Execution Time for Trace ID 79627e7b1046493913c4726003fc10f6: 33 ms
Input: 1000000,
Cold Start: false
Unique ID: bdff6e5364c7960ca7f10bf62657392f,
Execution Time for Trace ID bdff6e5364c7960ca7f10bf62657392f: 30 ms
Input: 1000000,
Cold Start: false
Unique ID: ccb70160483379b1154e09bf7f9e34b9,
Execution Time for Trace ID ccb70160483379b1154e09bf7f9e34b9: 38 ms
Input: 1000000,
Cold Start: false
Unique ID: b2ce6c02070811677137a9eab4eb62f7,
Execution Time for Trace ID b2ce6c02070811677137a9eab4eb62f7: 36 ms
Input: 1000000,
Cold Start: false
Unique ID: 1240c34b86685927d39fa2df72e99eff,
Execution Time for Trace ID 1240c34b86685927d39fa2df72e99eff: 111 ms
Input: 1000000,
Cold Start: false
Unique ID: cc444c3e64e9ec462b7655e9a7222acf,
Execution Time for Trace ID cc444c3e64e9ec462b7655e9a7222acf: 31 ms
Input: 1000000,
Cold Start: false
Unique ID: 0317c015d444a139abf6f303166769a8,
Execution Time for Trace ID 0317c015d444a139abf6f303166769a8: 121 ms
Input: 1000000,
Cold Start: false
Unique ID: 4729b63e28387bb95a716b4115432d76,
Execution Time for Trace ID 4729b63e28387bb95a716b4115432d76: 29 ms
Input: 1000000,
Cold Start: false
Unique ID: 7fd8fa615769679d22c834ffd25364a9,
Execution Time for Trace ID 7fd8fa615769679d22c834ffd25364a9: 121 ms
Input: 1000000,
Cold Start: false
Unique ID: d2e9d56cd24d14ffc269b270fef70820,
Execution Time for Trace ID d2e9d56cd24d14ffc269b270fef70820: 30 ms
Input: 1000000,
Cold Start: false
Unique ID: f5bdbb698f187f826d009c09dfb4e5a3,
Execution Time for Trace ID f5bdbb698f187f826d009c09dfb4e5a3: 124 ms
Input: 1000000,
Cold Start: false
Unique ID: 7d35c7e4b836ebb243cad1c644f34554,
Execution Time for Trace ID 7d35c7e4b836ebb243cad1c644f34554: 37 ms
Input: 1000000,
Cold Start: false
Unique ID: ac1d0537978e58000a778a6d25fd52c4,
Execution Time for Trace ID ac1d0537978e58000a778a6d25fd52c4: 40 ms
Input: 1000000,
Cold Start: false
Unique ID: 5dc51928fad0276a81f58bff9b947da8,
Execution Time for Trace ID 5dc51928fad0276a81f58bff9b947da8: 34 ms
Input: 1000000,
Cold Start: false
Unique ID: 89029ac0f513fd31d5906ef902957a86,
Execution Time for Trace ID 89029ac0f513fd31d5906ef902957a86: 30 ms
Input: 1000000,
Cold Start: false
Unique ID: a9b696736682925f65d4e75af8e59552,
Execution Time for Trace ID a9b696736682925f65d4e75af8e59552: 30 ms
Input: 1000000,
Cold Start: false
Unique ID: b95f46ac9b1796483a8070c5902449a1,
Execution Time for Trace ID b95f46ac9b1796483a8070c5902449a1: 29 ms
Input: 1000000,
Cold Start: false
Unique ID: 1be56aca56b8369ba6bc3483c232968a,
Execution Time for Trace ID 1be56aca56b8369ba6bc3483c232968a: 125 ms
Input: 1000000,
Cold Start: false
Unique ID: 4f81012cb97bbb6c84156e4efa3f75de,
Execution Time for Trace ID 4f81012cb97bbb6c84156e4efa3f75de: 34 ms
Input: 1000000,
Cold Start: false
Unique ID: 309b58c9544e25cc4ef53b336cab0293,
Execution Time for Trace ID 309b58c9544e25cc4ef53b336cab0293: 30 ms
Input: 1000000,
Cold Start: false
Unique ID: 2a20d6ddedae2e1d8e76ae09d97b97f7,
Execution Time for Trace ID 2a20d6ddedae2e1d8e76ae09d97b97f7: 31 ms
Input: 1000000,
Cold Start: false
Unique ID: 31baf45418fdf30c0d0be69048abcb25,
Execution Time for Trace ID 31baf45418fdf30c0d0be69048abcb25: 31 ms
Input: 1000000,
Cold Start: false
Unique ID: 639c5a8b4d8b9db0f922244f7222950e,
Execution Time for Trace ID 639c5a8b4d8b9db0f922244f7222950e: 32 ms
Input: 1000000,
Cold Start: false
Unique ID: df5622126d40c4a47d892ae8e2f8f670,
Execution Time for Trace ID df5622126d40c4a47d892ae8e2f8f670: 40 ms
Input: 1000000,
Cold Start: false
Unique ID: 65034aa80fae0bf8dfbeab91a72a8291,
Execution Time for Trace ID 65034aa80fae0bf8dfbeab91a72a8291: 32 ms
Input: 1000000,
Cold Start: false
Unique ID: d7b4575fe9bfab644115de2a9718259e,
Execution Time for Trace ID d7b4575fe9bfab644115de2a9718259e: 45 ms
Input: 1000000,
Cold Start: false
Unique ID: 4f7090b647976e3c667cc5f79f0e0278,
Execution Time for Trace ID 4f7090b647976e3c667cc5f79f0e0278: 35 ms
Input: 1000000,
Cold Start: false
Unique ID: 28d54e4b9225a0af9d2ccba98bb5ddef,
Execution Time for Trace ID 28d54e4b9225a0af9d2ccba98bb5ddef: 89 ms
Input: 1000000,
Cold Start: false
Unique ID: 4c7ec6beee748c20f558bef4fd7ff2f1,
Execution Time for Trace ID 4c7ec6beee748c20f558bef4fd7ff2f1: 33 ms
Input: 1000000,
Cold Start: false
Unique ID: 277f958aba7cac665f852e65f3b2b868,
Execution Time for Trace ID 277f958aba7cac665f852e65f3b2b868: 28 ms
Input: 1000000,
Cold Start: false
Unique ID: 2b056b0089fe36bcbe2184fefa6a3142,
Execution Time for Trace ID 2b056b0089fe36bcbe2184fefa6a3142: 122 ms
Input: 1000000,
Cold Start: false
Unique ID: 6ee65a1a8627a851cedcc53edbc88641,
Execution Time for Trace ID 6ee65a1a8627a851cedcc53edbc88641: 31 ms
Input: 1000000,
Cold Start: false
Unique ID: 1f1c1199c7ad0e93dfb22960bfb5e911,
Execution Time for Trace ID 1f1c1199c7ad0e93dfb22960bfb5e911: 30 ms
Input: 1000000,
Cold Start: false
Unique ID: fd53a1d85839f05c3f6736baec1a31b1,
Execution Time for Trace ID fd53a1d85839f05c3f6736baec1a31b1: 33 ms
Input: 1000000,
Cold Start: false
Unique ID: b02e9459debb22380bbbd6e0719d35cd,
Execution Time for Trace ID b02e9459debb22380bbbd6e0719d35cd: 29 ms
Input: 1000000,
Cold Start: false
Unique ID: f0ed6d77327544404898cc5ec7785024,
Execution Time for Trace ID f0ed6d77327544404898cc5ec7785024: 39 ms
Input: 1000000,
Cold Start: false
Unique ID: 7d64dda17391c21289eefe2bd3229996,
Execution Time for Trace ID 7d64dda17391c21289eefe2bd3229996: 30 ms
Input: 1000000,
Cold Start: false
Unique ID: 6f068f3ae081cc6080f6cda650878001,
Execution Time for Trace ID 6f068f3ae081cc6080f6cda650878001: 30 ms
Input: 1000000,
Cold Start: false
Unique ID: 828aeaf06cb206f09cbb9255938f0adf,
Execution Time for Trace ID 828aeaf06cb206f09cbb9255938f0adf: 33 ms
Input: 1000000,
Cold Start: false
Unique ID: 9c8f3d3a5fd14c2ee6ef8dedc968813d,
Execution Time for Trace ID 9c8f3d3a5fd14c2ee6ef8dedc968813d: 34 ms
Input: 1000000,
Cold Start: false
Unique ID: 66f063ff1a0a4f43703984044a7a71ae,
Execution Time for Trace ID 66f063ff1a0a4f43703984044a7a71ae: 31 ms
Input: 1000000,
Cold Start: false
Unique ID: 54297aa8ab5ab1369d9bc8b3e7792050,
Execution Time for Trace ID 54297aa8ab5ab1369d9bc8b3e7792050: 125 ms
Input: 1000000,
Cold Start: false
Unique ID: 000e1ffef6b6f4de6f7b9f25a3cde248,
Execution Time for Trace ID 000e1ffef6b6f4de6f7b9f25a3cde248: 30 ms
Input: 1000000,
Cold Start: false
Unique ID: 02487d2537e3e81ebd3757df578b7cc0,
Execution Time for Trace ID 02487d2537e3e81ebd3757df578b7cc0: 115 ms
Input: 1000000,
Cold Start: false
Unique ID: e72c671dd64cc530aef9cd36867b9594,
Execution Time for Trace ID e72c671dd64cc530aef9cd36867b9594: 35 ms
Input: 1000000,
Cold Start: false
Unique ID: 7d2b34bc4a9ff68371d29f93bdc2ed37,
Execution Time for Trace ID 7d2b34bc4a9ff68371d29f93bdc2ed37: 34 ms
Input: 1000000,
Cold Start: false
Unique ID: 18d9d4b37c7344eae9498cec9ebde317,
Execution Time for Trace ID 18d9d4b37c7344eae9498cec9ebde317: 30 ms
Input: 1000000,
Cold Start: false
Unique ID: da7a6e6ac6bda5e1c2020915021e9d88,
Execution Time for Trace ID da7a6e6ac6bda5e1c2020915021e9d88: 42 ms
Input: 1000000,
Cold Start: false
Unique ID: 2d23005b4dfcd5f89ead920670354f9a,
Execution Time for Trace ID 2d23005b4dfcd5f89ead920670354f9a: 31 ms
Input: 1000000,
Cold Start: false
Unique ID: 9639a13aa45244aaf91570ce8943d756,
Execution Time for Trace ID 9639a13aa45244aaf91570ce8943d756: 32 ms
Input: 1000000,
Cold Start: false
Unique ID: 483466c5e93b3abece06f99ed7e0fa72,
Execution Time for Trace ID 483466c5e93b3abece06f99ed7e0fa72: 33 ms
Input: 1000000,
Cold Start: false
Unique ID: 1e21bb2e6c69615b68a976f58eef6ee2,
Execution Time for Trace ID 1e21bb2e6c69615b68a976f58eef6ee2: 37 ms
Input: 1000000,
Cold Start: false
Unique ID: 36fdef6e56943584ff1d94d556348ba4,
Execution Time for Trace ID 36fdef6e56943584ff1d94d556348ba4: 36 ms
Input: 1000000,
Cold Start: false
Unique ID: 717e3d6f45aa81c4a66f2242da82a8e3,
Execution Time for Trace ID 717e3d6f45aa81c4a66f2242da82a8e3: 114 ms
Input: 1000000,
Cold Start: false
Unique ID: c6d67e24764d1243b186fccc733abb09,
Execution Time for Trace ID c6d67e24764d1243b186fccc733abb09: 29 ms
Input: 1000000,
Cold Start: false
Unique ID: 71aee1e2be3c9f0a4e3492bd36bb5d68,
Execution Time for Trace ID 71aee1e2be3c9f0a4e3492bd36bb5d68: 31 ms
Input: 1000000,
Cold Start: false
Unique ID: 3231730df0ff69fdc591f134d44fd807,
Execution Time for Trace ID 3231730df0ff69fdc591f134d44fd807: 30 ms
Input: 1000000,
Cold Start: false
Unique ID: 4dd1f3fc740f16a55e61f33b0e1b3cb8,
Execution Time for Trace ID 4dd1f3fc740f16a55e61f33b0e1b3cb8: 34 ms
Input: 1000000,
Cold Start: false
Unique ID: 817a26d5da97c35d817211ad2cefc711,
Execution Time for Trace ID 817a26d5da97c35d817211ad2cefc711: 30 ms
Input: 1000000,
Cold Start: false
Unique ID: acfd045841e91600981cbfb09ec96925,
Execution Time for Trace ID acfd045841e91600981cbfb09ec96925: 30 ms
Input: 1000000,
Cold Start: false
Unique ID: 7ec0dfa0b1420c4023a8f62825c9861c,
Execution Time for Trace ID 7ec0dfa0b1420c4023a8f62825c9861c: 30 ms
Input: 1000000,
Cold Start: false
Unique ID: 74ddd1529188b0b28b94c0b4a7f0a55f,
Execution Time for Trace ID 74ddd1529188b0b28b94c0b4a7f0a55f: 32 ms
Input: 1000000,
Cold Start: false
Unique ID: 9b2088ae0588c9a4d55d953184a62099,
Execution Time for Trace ID 9b2088ae0588c9a4d55d953184a62099: 28 ms
Input: 1000000,
Cold Start: false
Unique ID: 0d8641824c1517d212b1d650361209aa,
Execution Time for Trace ID 0d8641824c1517d212b1d650361209aa: 33 ms
Input: 1000000,
Cold Start: false
Unique ID: d07bb665f1ad72a65b3bfdf9a6353448,
Execution Time for Trace ID d07bb665f1ad72a65b3bfdf9a6353448: 31 ms
Input: 1000000,
Cold Start: false
Unique ID: a779d41acddb11d178cf44f5a535383e,
Execution Time for Trace ID a779d41acddb11d178cf44f5a535383e: 121 ms
Input: 1000000,
Cold Start: false
Unique ID: 45e7c37b242f120e84ae90e0d84bd214,
Execution Time for Trace ID 45e7c37b242f120e84ae90e0d84bd214: 30 ms
Input: 1000000,
Cold Start: false
Unique ID: 748d1d8cbe687eac8f9fcfffebe47a44,
Execution Time for Trace ID 748d1d8cbe687eac8f9fcfffebe47a44: 31 ms
Input: 1000000,
Cold Start: false
Unique ID: f603da6b73175b8b6cd83c3799f7fe28,
Execution Time for Trace ID f603da6b73175b8b6cd83c3799f7fe28: 33 ms
Input: 1000000,
Cold Start: false
Unique ID: e72aa0b1cbb8c01e9fac4f9f6d5ce54b,
Execution Time for Trace ID e72aa0b1cbb8c01e9fac4f9f6d5ce54b: 31 ms
Input: 1000000,
Cold Start: false
Unique ID: 4baa5a477057305b9596adc1edb3d3a4,
Execution Time for Trace ID 4baa5a477057305b9596adc1edb3d3a4: 31 ms
Input: 1000000,
Cold Start: false
Unique ID: 706e04bbd67df39533a63a50b1839573,
Execution Time for Trace ID 706e04bbd67df39533a63a50b1839573: 32 ms
Input: 1000000,
Cold Start: false
Unique ID: 5aaf9cba34377317b2cd11545320d4cb,
Execution Time for Trace ID 5aaf9cba34377317b2cd11545320d4cb: 37 ms
Input: 1000000,
Cold Start: false
Unique ID: 6e6c6e34a4d0b64bdba2d8e8bb562520,
Execution Time for Trace ID 6e6c6e34a4d0b64bdba2d8e8bb562520: 113 ms
Input: 1000000,
Cold Start: false
Unique ID: 823b21adb053d2c1d0b3e8877fbc0072,
Execution Time for Trace ID 823b21adb053d2c1d0b3e8877fbc0072: 37 ms
Input: 1000000,
Cold Start: false
Unique ID: 12cf825fd5bf7477ef28d8b37da0b4f2,
Execution Time for Trace ID 12cf825fd5bf7477ef28d8b37da0b4f2: 59 ms
Input: 1000000,
Cold Start: false
Unique ID: 5c5652403b5cb9b49df5fdbcce7facdc,
Execution Time for Trace ID 5c5652403b5cb9b49df5fdbcce7facdc: 31 ms
Input: 1000000,
Cold Start: false
Unique ID: bb4b6f5afa67418472e6f0fea7edf180,
Execution Time for Trace ID bb4b6f5afa67418472e6f0fea7edf180: 33 ms
Input: 1000000,
Cold Start: false
Unique ID: 69527893597b5a51a10c878097258aa7,
Execution Time for Trace ID 69527893597b5a51a10c878097258aa7: 34 ms
Input: 1000000,
Cold Start: false
Unique ID: 3fed3fe4bb06b4ba2972deccd942bd25,
Execution Time for Trace ID 3fed3fe4bb06b4ba2972deccd942bd25: 33 ms
Input: 1000000,
Cold Start: false
Unique ID: 63d058dafb0b5bb72094b9b582639a95,
Execution Time for Trace ID 63d058dafb0b5bb72094b9b582639a95: 29 ms
Input: 1000000,
Cold Start: false
Unique ID: 77157e2a97490b7b002e9694e0e3aa41,
Execution Time for Trace ID 77157e2a97490b7b002e9694e0e3aa41: 30 ms
Input: 1000000,
Cold Start: false
Unique ID: 26f25fd0fa7cd5bc455b918854e40117,
Execution Time for Trace ID 26f25fd0fa7cd5bc455b918854e40117: 70 ms
Input: 1000000,
Cold Start: false
Unique ID: 26a0a55ee86898e51ec751e7874ab626,
Execution Time for Trace ID 26a0a55ee86898e51ec751e7874ab626: 80 ms
Input: 1000000,
Cold Start: false
Unique ID: e251cd13348c57cc4203421d39593a40,
Execution Time for Trace ID e251cd13348c57cc4203421d39593a40: 34 ms
Input: 1000000,
Cold Start: false
Unique ID: 377ac3e29c92f3e978153a9b514b5554,
Execution Time for Trace ID 377ac3e29c92f3e978153a9b514b5554: 31 ms
Input: 1000000,
Cold Start: false
Unique ID: 6a0a66538eecb6db9680c61d632a0425,
Execution Time for Trace ID 6a0a66538eecb6db9680c61d632a0425: 110 ms
Input: 1000000,
Cold Start: false
Unique ID: 48ef8ff4135aa549713b05b4dd6edd91,
Execution Time for Trace ID 48ef8ff4135aa549713b05b4dd6edd91: 39 ms
Input: 1000000,
Cold Start: false
Unique ID: 46d6b5095c45baa87dd48442f3c13dcd,
Execution Time for Trace ID 46d6b5095c45baa87dd48442f3c13dcd: 41 ms
Input: 1000000,
Cold Start: false
Unique ID: 202b8c67d64447fee81ea2ce4160c575,
Execution Time for Trace ID 202b8c67d64447fee81ea2ce4160c575: 43 ms
Input: 1000000,
Cold Start: false
Unique ID: 1dad3902777739867556cf67f192cb5e,
Execution Time for Trace ID 1dad3902777739867556cf67f192cb5e: 125 ms
Input: 1000000,
Cold Start: false
Unique ID: 09b87cdbac438853acccb2cb60fa604c,
Execution Time for Trace ID 09b87cdbac438853acccb2cb60fa604c: 34 ms
Input: 1000000,
Cold Start: false
Unique ID: 2a41bdb919250d6fcf70fadd82447052,
Execution Time for Trace ID 2a41bdb919250d6fcf70fadd82447052: 36 ms
Input: 1000000,
Cold Start: false
Unique ID: 00ecb2d36be147450ebfd9a93ba6e7af,
Execution Time for Trace ID 00ecb2d36be147450ebfd9a93ba6e7af: 122 ms
Input: 1000000,
Cold Start: false
Unique ID: ca7de764446e2d335ef710ed47297a27,
Execution Time for Trace ID ca7de764446e2d335ef710ed47297a27: 71 ms
Input: 1000000,
Cold Start: false
Unique ID: 544ea78cd0bbc3c815b6e85c0014bb44,
Execution Time for Trace ID 544ea78cd0bbc3c815b6e85c0014bb44: 34 ms
Input: 1000000,
Cold Start: false
Unique ID: 708778d4f086dc28f0b307177e0e0043,
Execution Time for Trace ID 708778d4f086dc28f0b307177e0e0043: 32 ms
Input: 1000000,
Cold Start: false
Unique ID: 334069787544241ae35dc610967d1b35,
Execution Time for Trace ID 334069787544241ae35dc610967d1b35: 41 ms
Input: 1000000,
Cold Start: false
Unique ID: 0720c870c0de605096031b60580e917e,
Execution Time for Trace ID 0720c870c0de605096031b60580e917e: 40 ms
Input: 1000000,
Cold Start: false
Unique ID: 65f607845c4abd3e597bffbe88904284,
Execution Time for Trace ID 65f607845c4abd3e597bffbe88904284: 37 ms
Input: 1000000,
Cold Start: false
Unique ID: d8501040b1313bb73f84e57d26443b9f,
Execution Time for Trace ID d8501040b1313bb73f84e57d26443b9f: 31 ms
Input: 1000000,
Cold Start: false
Unique ID: 175654b2b75d39e93f0a584cc505da8b,
Execution Time for Trace ID 175654b2b75d39e93f0a584cc505da8b: 32 ms
Input: 1000000,
Cold Start: false
Unique ID: a106376c3931ed5acc1de375e408ec86,
Execution Time for Trace ID a106376c3931ed5acc1de375e408ec86: 32 ms
Input: 1000000,
Cold Start: false
Unique ID: e34437643e9b77031a029505b891f978,
Execution Time for Trace ID e34437643e9b77031a029505b891f978: 30 ms
Input: 1000000,
Cold Start: false
Unique ID: 0f8cbdd484b31b47542d2a6797f385d8,
Execution Time for Trace ID 0f8cbdd484b31b47542d2a6797f385d8: 29 ms
Input: 1000000,
Cold Start: false
Unique ID: 32f94e3fcc93b8060ede73d07fd487b4,
Execution Time for Trace ID 32f94e3fcc93b8060ede73d07fd487b4: 31 ms
Input: 1000000,
Cold Start: false
Unique ID: a4a450b9977e807442a9f19b71bd4f21,
Execution Time for Trace ID a4a450b9977e807442a9f19b71bd4f21: 39 ms
Input: 1000000,
Cold Start: false
Unique ID: 6fa8beae1279b79fa42b72fe9d2205c6,
Execution Time for Trace ID 6fa8beae1279b79fa42b72fe9d2205c6: 125 ms
Input: 1000000,
Cold Start: false
Unique ID: 290cf75e54e99a8428f219a4e4ef9ede,
Execution Time for Trace ID 290cf75e54e99a8428f219a4e4ef9ede: 28 ms
Input: 1000000,
Cold Start: false
Unique ID: a3c31c266bedde3be8e3ebb3f08f879e,
Execution Time for Trace ID a3c31c266bedde3be8e3ebb3f08f879e: 29 ms
Input: 1000000,
Cold Start: false
Unique ID: 62ea31c073cd2b53410a404d7d57d73f,
Execution Time for Trace ID 62ea31c073cd2b53410a404d7d57d73f: 30 ms
Input: 1000000,
Cold Start: false
Unique ID: b3d3297c3a52ce457e60e7069a453d1d,
Execution Time for Trace ID b3d3297c3a52ce457e60e7069a453d1d: 30 ms
Input: 1000000,
Cold Start: false
Unique ID: 3091c51eccab4e4a2b0ad51a7c5263cd,
Execution Time for Trace ID 3091c51eccab4e4a2b0ad51a7c5263cd: 30 ms
Input: 1000000,
Cold Start: false
Unique ID: 3833f3ed293ae4f7bc97f8322d6b4101,
Execution Time for Trace ID 3833f3ed293ae4f7bc97f8322d6b4101: 29 ms
Input: 1000000,
Cold Start: false
Unique ID: be8f27ddb7fa691c797d302ba9c2b53c,
Execution Time for Trace ID be8f27ddb7fa691c797d302ba9c2b53c: 33 ms
Input: 1000000,
Cold Start: false
Unique ID: 52d08a8552d28014f71284f17e706877,
Execution Time for Trace ID 52d08a8552d28014f71284f17e706877: 29 ms
Input: 1000000,
Cold Start: false
Unique ID: 8407f5510672c2904230bd3b5bc8f88e,
Execution Time for Trace ID 8407f5510672c2904230bd3b5bc8f88e: 119 ms
Input: 1000000,
Cold Start: false
Unique ID: ebfeb60c99782c045549cf29861548c9,
Execution Time for Trace ID ebfeb60c99782c045549cf29861548c9: 30 ms
Input: 1000000,
Cold Start: false
Unique ID: b8ea4c19be18f2e8315a55f9b832ade4,
Execution Time for Trace ID b8ea4c19be18f2e8315a55f9b832ade4: 33 ms
Input: 1000000,
Cold Start: false
Unique ID: 4bcef5ba9e68a9c7aa023f03c346fa50,
Execution Time for Trace ID 4bcef5ba9e68a9c7aa023f03c346fa50: 30 ms
Input: 1000000,
Cold Start: false
Unique ID: 7000ab986b9ebb455c1b779f26e082dc,
Execution Time for Trace ID 7000ab986b9ebb455c1b779f26e082dc: 32 ms
Input: 1000000,
Cold Start: false
Unique ID: a637ad59396b43b5038196656a93d5de,
Execution Time for Trace ID a637ad59396b43b5038196656a93d5de: 28 ms
Input: 1000000,
Cold Start: false
Unique ID: 13298442416fb4c41343934b72f70ea4,
Execution Time for Trace ID 13298442416fb4c41343934b72f70ea4: 33 ms
Input: 1000000,
Cold Start: false
Unique ID: 0db3ad03dfe512b015694d7553753054,
Execution Time for Trace ID 0db3ad03dfe512b015694d7553753054: 30 ms
Input: 1000000,
Cold Start: false
Unique ID: 0bfcaf5086af95f6352ce9e48c79cb34,
Execution Time for Trace ID 0bfcaf5086af95f6352ce9e48c79cb34: 32 ms
Input: 1000000,
Cold Start: false
Unique ID: 714661debcdbfdeca5cd6858977e5216,
Execution Time for Trace ID 714661debcdbfdeca5cd6858977e5216: 32 ms
Input: 1000000,
Cold Start: false
Unique ID: 96cdcb9775c820ddf1c35f815a8b099b,
Execution Time for Trace ID 96cdcb9775c820ddf1c35f815a8b099b: 35 ms
Input: 1000000,
Cold Start: false
Unique ID: 62c7bffd84d8842cbe9c3552389ef57e,
Execution Time for Trace ID 62c7bffd84d8842cbe9c3552389ef57e: 31 ms
Input: 1000000,
Cold Start: false
Unique ID: 8c7e076139ba0be1f926e106f7132e75,
Execution Time for Trace ID 8c7e076139ba0be1f926e106f7132e75: 31 ms
Input: 1000000,
Cold Start: false
Unique ID: a0eae9def2518cae5f6050c7868574c8,
Execution Time for Trace ID a0eae9def2518cae5f6050c7868574c8: 29 ms
Input: 1000000,
Cold Start: false
Unique ID: 94e19d77c34e0d7629d0430545eccdd5,
Execution Time for Trace ID 94e19d77c34e0d7629d0430545eccdd5: 32 ms
Input: 1000000,
Cold Start: false
Unique ID: de3b5eef52e4ed959079a95bb3718c14,
Execution Time for Trace ID de3b5eef52e4ed959079a95bb3718c14: 30 ms
Input: 1000000,
Cold Start: false
Unique ID: 42deabf36397cb57691eef3b30647fc5,
Execution Time for Trace ID 42deabf36397cb57691eef3b30647fc5: 33 ms
Input: 1000000,
Cold Start: false
Unique ID: 85721da45e922e78d93fcf7e89a8abd4,
Execution Time for Trace ID 85721da45e922e78d93fcf7e89a8abd4: 30 ms
Input: 1000000,
Cold Start: false
Unique ID: 629dd46175b9aef18c110f1ab2331569,
Execution Time for Trace ID 629dd46175b9aef18c110f1ab2331569: 33 ms
Input: 1000000,
Cold Start: false
Unique ID: 19686c1ae089368cfbd962dc9d69a826,
Execution Time for Trace ID 19686c1ae089368cfbd962dc9d69a826: 29 ms
Input: 1000000,
Cold Start: false
Unique ID: e310cba92158b3abaae95441de9c5c01,
Execution Time for Trace ID e310cba92158b3abaae95441de9c5c01: 32 ms
Input: 1000000,
Cold Start: false
Unique ID: 123e829b0817e3352d0139d745c6f554,
Execution Time for Trace ID 123e829b0817e3352d0139d745c6f554: 30 ms
Input: 1000000,
Cold Start: false
Unique ID: 792d0222aa3f34316bdc2abfb9e130bf,
Execution Time for Trace ID 792d0222aa3f34316bdc2abfb9e130bf: 33 ms
Input: 1000000,
Cold Start: false
Unique ID: 84a52ea3af2165cad57b4263c9471158,
Execution Time for Trace ID 84a52ea3af2165cad57b4263c9471158: 31 ms
Input: 1000000,
Cold Start: false
Unique ID: 80f9c10e0d417c22f53d9dfebf977708,
Execution Time for Trace ID 80f9c10e0d417c22f53d9dfebf977708: 30 ms
Input: 1000000,
Cold Start: false
Unique ID: 22ef9664a13040f4c4d0077371661868,
Execution Time for Trace ID 22ef9664a13040f4c4d0077371661868: 33 ms
Input: 1000000,
Cold Start: false
Unique ID: 6762f41a68bf4be418f608e240e0952f,
Execution Time for Trace ID 6762f41a68bf4be418f608e240e0952f: 32 ms
Input: 1000000,
Cold Start: false
Unique ID: 348fa82f96539e179642dea9fb51a3fc,
Execution Time for Trace ID 348fa82f96539e179642dea9fb51a3fc: 29 ms
Input: 1000000,
Cold Start: false
Unique ID: 5e6983b5fe4442133a301855ca6436e3,
Execution Time for Trace ID 5e6983b5fe4442133a301855ca6436e3: 34 ms
Input: 1000000,
Cold Start: false
Unique ID: 5f5a41f7af54961efd6104f36cee7dc4,
Execution Time for Trace ID 5f5a41f7af54961efd6104f36cee7dc4: 30 ms
Input: 1000000,
Cold Start: false
Unique ID: d88ed347165797343d1e368a088c970d,
Execution Time for Trace ID d88ed347165797343d1e368a088c970d: 32 ms
Input: 1000000,
Cold Start: false
Unique ID: e655c92021102bb9b94b3fd0516ca48b,
Execution Time for Trace ID e655c92021102bb9b94b3fd0516ca48b: 30 ms
Input: 1000000,
Cold Start: false
Unique ID: 6fd52571ae5c0cfec70f85f0d1637741,
Execution Time for Trace ID 6fd52571ae5c0cfec70f85f0d1637741: 32 ms
Input: 1000000,
Cold Start: false
Unique ID: 9e94b01b01c3a00f47e9e5f18b74e0fa,
Execution Time for Trace ID 9e94b01b01c3a00f47e9e5f18b74e0fa: 32 ms
Input: 1000000,
Cold Start: false
Unique ID: 2bd88219f6e747e0c961cf6361344984,
Execution Time for Trace ID 2bd88219f6e747e0c961cf6361344984: 30 ms
Input: 1000000,
Cold Start: false
Unique ID: 0914ff628fb6a92bef9a7c2841fb7ccf,
Execution Time for Trace ID 0914ff628fb6a92bef9a7c2841fb7ccf: 30 ms
Input: 1000000,
Cold Start: false
Unique ID: a37cac943e8a6cd5374ac7e048ca9b21,
Execution Time for Trace ID a37cac943e8a6cd5374ac7e048ca9b21: 32 ms
Input: 1000000,
Cold Start: false
Unique ID: 694c1d09234fd2be33c472eb34a96f67,
Execution Time for Trace ID 694c1d09234fd2be33c472eb34a96f67: 29 ms
Input: 1000000,
Cold Start: false
Unique ID: bd63d656fd4b37ac7a5e17966088f1b8,
Execution Time for Trace ID bd63d656fd4b37ac7a5e17966088f1b8: 111 ms
Input: 1000000,
Cold Start: false
Unique ID: cc5f26db6b4591fbf0628e549a63b10e,
Execution Time for Trace ID cc5f26db6b4591fbf0628e549a63b10e: 33 ms
Input: 1000000,
Cold Start: false
Unique ID: 89d3dfa10dafcc71634fbc7ad114029f,
Execution Time for Trace ID 89d3dfa10dafcc71634fbc7ad114029f: 33 ms
Input: 1000000,
Cold Start: false
Unique ID: ed69ca3dd2002917fa1daf69a74a24c9,
Execution Time for Trace ID ed69ca3dd2002917fa1daf69a74a24c9: 29 ms
Input: 1000000,
Cold Start: false
Unique ID: b1b5f070cbf8ccc70b786d4caa94e1bb,
Execution Time for Trace ID b1b5f070cbf8ccc70b786d4caa94e1bb: 32 ms
Input: 1000000,
Cold Start: false
Unique ID: c77c70dca4c0d6e392517a75e6fd1f8b,
Execution Time for Trace ID c77c70dca4c0d6e392517a75e6fd1f8b: 34 ms
Input: 1000000,
Cold Start: false
Unique ID: f1e520644b351845a4caf1ffd0b9e08e,
Execution Time for Trace ID f1e520644b351845a4caf1ffd0b9e08e: 33 ms
Input: 1000000,
Cold Start: false
Unique ID: ef38b4cca1ab28eeb30c9c55a7ceb2e4,
Execution Time for Trace ID ef38b4cca1ab28eeb30c9c55a7ceb2e4: 29 ms
Input: 1000000,
Cold Start: false
Unique ID: 9fc59b7843c2213cdf5e8e74c47f9c25,
Execution Time for Trace ID 9fc59b7843c2213cdf5e8e74c47f9c25: 33 ms
Input: 1000000,
Cold Start: false
Unique ID: b1d892b577fa1202fbdb073a432a5f9c,
Execution Time for Trace ID b1d892b577fa1202fbdb073a432a5f9c: 38 ms
Input: 1000000,
Cold Start: false
Unique ID: 5e5652ccd36b671c6b2d74b57f067bdf,
Execution Time for Trace ID 5e5652ccd36b671c6b2d74b57f067bdf: 35 ms
Input: 1000000,
Cold Start: false
Unique ID: 7780fc24d0b24244ea4c9bc8900d7911,
Execution Time for Trace ID 7780fc24d0b24244ea4c9bc8900d7911: 99 ms
Input: 1000000,
Cold Start: false
Unique ID: 4a8e944c45cfad53ecc0ec29b6494e08,
Execution Time for Trace ID 4a8e944c45cfad53ecc0ec29b6494e08: 123 ms
Input: 1000000,
Cold Start: false
Unique ID: 099bd7327db624ffbdfda1e40fda2e20,
Execution Time for Trace ID 099bd7327db624ffbdfda1e40fda2e20: 29 ms
Input: 1000000,
Cold Start: false
Unique ID: 30da829fef22925451a37e09858bd1c9,
Execution Time for Trace ID 30da829fef22925451a37e09858bd1c9: 32 ms
Input: 1000000,
Cold Start: false
Unique ID: ccd48a7d8a0dcebdd29a3846b64b203e,
Execution Time for Trace ID ccd48a7d8a0dcebdd29a3846b64b203e: 80 ms
Input: 1000000,
Cold Start: false
Unique ID: 24336602e20fbd1192cc62523c36b007,
Execution Time for Trace ID 24336602e20fbd1192cc62523c36b007: 34 ms
Input: 1000000,
Cold Start: false
Unique ID: 3bce41dbb9f6bb8c229091f46c3a5f20,
Execution Time for Trace ID 3bce41dbb9f6bb8c229091f46c3a5f20: 39 ms
Input: 1000000,
Cold Start: false
Unique ID: ee070270c582f67d7a745f434ce828a8,
Execution Time for Trace ID ee070270c582f67d7a745f434ce828a8: 118 ms
Input: 1000000,
Cold Start: false
Unique ID: 49879dc37adb03069db525cb08908467,
Execution Time for Trace ID 49879dc37adb03069db525cb08908467: 30 ms
Input: 1000000,
Cold Start: false
Unique ID: 2d8baeafa1a4226e0b95182d7dcc0bc6,
Execution Time for Trace ID 2d8baeafa1a4226e0b95182d7dcc0bc6: 114 ms
Input: 1000000,
Cold Start: false
Unique ID: 861896272c2ecc56b125d0cf9bcc764a,
Execution Time for Trace ID 861896272c2ecc56b125d0cf9bcc764a: 31 ms
Input: 1000000,
Cold Start: false
Unique ID: 3e08dd521cd7dc44125aeed586a756ae,
Execution Time for Trace ID 3e08dd521cd7dc44125aeed586a756ae: 32 ms
Input: 1000000,
Cold Start: false
Unique ID: 0238a0ae08bd99613d046743bd9734f9,
Execution Time for Trace ID 0238a0ae08bd99613d046743bd9734f9: 33 ms
Input: 1000000,
Cold Start: false
Unique ID: 89486171d645b0d7f3267aa0dd2ba41e,
Execution Time for Trace ID 89486171d645b0d7f3267aa0dd2ba41e: 32 ms
Input: 1000000,
Cold Start: false
Unique ID: feb3affa1502150db8eea7dda651509f,
Execution Time for Trace ID feb3affa1502150db8eea7dda651509f: 31 ms
Input: 1000000,
Cold Start: false
Unique ID: a696bb6f8f775d4eb2785e3d1046fd41,
Execution Time for Trace ID a696bb6f8f775d4eb2785e3d1046fd41: 36 ms
Input: 1000000,
Cold Start: false
Unique ID: 823ff36a7dd1710be43bac8f17f156b1,
Execution Time for Trace ID 823ff36a7dd1710be43bac8f17f156b1: 42 ms
Input: 1000000,
Cold Start: false
Unique ID: bd459e9c076e05b1757d52b6764538ab,
Execution Time for Trace ID bd459e9c076e05b1757d52b6764538ab: 99 ms
Input: 1000000,
Cold Start: false
Unique ID: bb1317d61fd82fd20cf723e9970e6933,
Execution Time for Trace ID bb1317d61fd82fd20cf723e9970e6933: 34 ms
Input: 1000000,
Cold Start: false
Unique ID: c9ca1b5673f07703498eebd0f2ea5973,
Execution Time for Trace ID c9ca1b5673f07703498eebd0f2ea5973: 57 ms
Input: 1000000,
Cold Start: false
Unique ID: d266b52c8b16ee12b73e70bbe504d951,
Execution Time for Trace ID d266b52c8b16ee12b73e70bbe504d951: 47 ms
Input: 1000000,
Cold Start: false
Unique ID: 25b5959ff68ad9ed51d1f4a2473adba7,
Execution Time for Trace ID 25b5959ff68ad9ed51d1f4a2473adba7: 47 ms
Input: 1000000,
Cold Start: false
Unique ID: 6d7160f02aa5039534da4f7c61ccad7d,
Execution Time for Trace ID 6d7160f02aa5039534da4f7c61ccad7d: 62 ms
Input: 1000000,
Cold Start: false
Unique ID: 7c2102083ba0fb8e7ac1d3df9aa137fe,
Execution Time for Trace ID 7c2102083ba0fb8e7ac1d3df9aa137fe: 52 ms
Input: 1000000,
Cold Start: false
Unique ID: 6cd81ec41094db60ad326ba0e8f80592,
Execution Time for Trace ID 6cd81ec41094db60ad326ba0e8f80592: 45 ms
Input: 1000000,
Cold Start: false
Unique ID: 019979e4da914e1890381ea27c4fcee9,
Execution Time for Trace ID 019979e4da914e1890381ea27c4fcee9: 52 ms
Input: 1000000,
Cold Start: false
Unique ID: 1ab3678794486e7dd1f2991cf36855ff,
Execution Time for Trace ID 1ab3678794486e7dd1f2991cf36855ff: 51 ms
Input: 1000000,
Cold Start: false
Unique ID: 4f5780f24a4c85a460bafcaab8035e18,
Execution Time for Trace ID 4f5780f24a4c85a460bafcaab8035e18: 67 ms
Input: 1000000,
Cold Start: false
Unique ID: 0be207f64e842bd9b4581e7ad09d46ff,
Execution Time for Trace ID 0be207f64e842bd9b4581e7ad09d46ff: 62 ms
Input: 1000000,
Cold Start: false
Unique ID: 6f94360211d10f2bf102989d3f3e1674,
Execution Time for Trace ID 6f94360211d10f2bf102989d3f3e1674: 53 ms
Input: 1000000,
Cold Start: false
Unique ID: 098979a4ca5b108af127a4743d8f8eba,
Execution Time for Trace ID 098979a4ca5b108af127a4743d8f8eba: 64 ms
Input: 1000000,
Cold Start: false
Unique ID: 79a3a6af4f52a6ef8e69a590e7a1c9ae,
Execution Time for Trace ID 79a3a6af4f52a6ef8e69a590e7a1c9ae: 52 ms
Input: 1000000,
Cold Start: false
Unique ID: 50b11f773a1f842ae1d5e6fc5facce6a,
Execution Time for Trace ID 50b11f773a1f842ae1d5e6fc5facce6a: 32 ms
Input: 1000000,
Cold Start: false
Unique ID: 774aab1d0e806d8036acbc8993940476,
Execution Time for Trace ID 774aab1d0e806d8036acbc8993940476: 53 ms
Input: 1000000,
Cold Start: false
Unique ID: 774c4b4a96a01279e196fe97a3d2832b,
Execution Time for Trace ID 774c4b4a96a01279e196fe97a3d2832b: 44 ms
Input: 1000000,
Cold Start: false
Unique ID: 96dcb9d5e58740166fda78fc2c7d5a03,
Execution Time for Trace ID 96dcb9d5e58740166fda78fc2c7d5a03: 153 ms
Input: 1000000,
Cold Start: false
Unique ID: 6e87a7f6d8d04f4e28f594f31a8426bb,
Execution Time for Trace ID 6e87a7f6d8d04f4e28f594f31a8426bb: 55 ms
Input: 1000000,
Cold Start: false
Unique ID: 2b2ae230de8784e9dac4697f8edf28a0,
Execution Time for Trace ID 2b2ae230de8784e9dac4697f8edf28a0: 57 ms
Input: 1000000,
Cold Start: false
Unique ID: 0439893f9d274252389eacdc61d260d8,
Execution Time for Trace ID 0439893f9d274252389eacdc61d260d8: 55 ms
Input: 1000000,
Cold Start: false
Unique ID: b538f77e2a47f52db8d09fa9cda409e5,
Execution Time for Trace ID b538f77e2a47f52db8d09fa9cda409e5: 56 ms
Input: 1000000,
Cold Start: false
Unique ID: 24b9fba7c07156dc233aec2588350f1f,
Execution Time for Trace ID 24b9fba7c07156dc233aec2588350f1f: 52 ms
Input: 1000000,
Cold Start: false
Unique ID: 70e20076ce517f27ab54272087f9bc15,
Execution Time for Trace ID 70e20076ce517f27ab54272087f9bc15: 56 ms
Input: 1000000,
Cold Start: false
Unique ID: 0ed60e99cbf62b138ee8ec7ac8b41cec,
Execution Time for Trace ID 0ed60e99cbf62b138ee8ec7ac8b41cec: 58 ms
Input: 1000000,
Cold Start: false
Unique ID: d37d129e7000774bb3777853cacb10d0,
Execution Time for Trace ID d37d129e7000774bb3777853cacb10d0: 158 ms
Input: 1000000,
Cold Start: false
Unique ID: 3dced1e14ec606ffe60e4d0f30000c8c,
Execution Time for Trace ID 3dced1e14ec606ffe60e4d0f30000c8c: 42 ms
Input: 1000000,
Cold Start: false
Unique ID: c0147de6834e5cbff2793964f9d788a2,
Execution Time for Trace ID c0147de6834e5cbff2793964f9d788a2: 50 ms
Input: 1000000,
Cold Start: false
Unique ID: f67d78e9f8228f13b75ef0a44a35c3c2,
Execution Time for Trace ID f67d78e9f8228f13b75ef0a44a35c3c2: 54 ms
Input: 1000000,
Cold Start: false
Unique ID: dc0345d97aa5fd8e2f2b56819c35ef60,
Execution Time for Trace ID dc0345d97aa5fd8e2f2b56819c35ef60: 55 ms
Input: 1000000,
Cold Start: false
Unique ID: fa547637b365dca416e615cbab0b68e2,
Execution Time for Trace ID fa547637b365dca416e615cbab0b68e2: 48 ms
Input: 1000000,
Cold Start: false
Unique ID: 3baae2ef1d2c81ea5dd9b03e2ab140f6,
Execution Time for Trace ID 3baae2ef1d2c81ea5dd9b03e2ab140f6: 59 ms
Input: 1000000,
Cold Start: false
Unique ID: 5f43bc146570e1eb8358c24dd74e4f54,
Execution Time for Trace ID 5f43bc146570e1eb8358c24dd74e4f54: 71 ms
Input: 1000000,
Cold Start: false
Unique ID: d7457e6934ef1efe1b74bed7630eea66,
Execution Time for Trace ID d7457e6934ef1efe1b74bed7630eea66: 46 ms
Input: 1000000,
Cold Start: false
Unique ID: 3d575ca5cd0339a1d2a55721824d0b67,
Execution Time for Trace ID 3d575ca5cd0339a1d2a55721824d0b67: 46 ms
Input: 1000000,
Cold Start: false
Unique ID: d417d119bd94ef7262c913498eab147a,
Execution Time for Trace ID d417d119bd94ef7262c913498eab147a: 41 ms
Input: 1000000,
Cold Start: false
Unique ID: da1ff4e8942791cdfed18e2813f20849,
Execution Time for Trace ID da1ff4e8942791cdfed18e2813f20849: 56 ms
Input: 1000000,
Cold Start: false
Unique ID: f616ca2b9a425313581b44e89f0e25d8,
Execution Time for Trace ID f616ca2b9a425313581b44e89f0e25d8: 57 ms
Input: 1000000,
Cold Start: false
Unique ID: 2f228c5c1cc1649fe1c1b062b0f97662,
Execution Time for Trace ID 2f228c5c1cc1649fe1c1b062b0f97662: 52 ms
Input: 1000000,
Cold Start: false
Unique ID: 11bf4c24b0f230bd4eac5288aeb73143,
Execution Time for Trace ID 11bf4c24b0f230bd4eac5288aeb73143: 29 ms
Input: 1000000,
Cold Start: false
Unique ID: 0d7c3d38d01ea2cd50786b8c4f53af07,
Execution Time for Trace ID 0d7c3d38d01ea2cd50786b8c4f53af07: 70 ms
Input: 1000000,
Cold Start: false
Unique ID: 5cfcf7ae93dcff06de73aab5496f535c,
Execution Time for Trace ID 5cfcf7ae93dcff06de73aab5496f535c: 54 ms
Input: 1000000,
Cold Start: false
Unique ID: c91eda70a7fd261d6c381d859d7bc436,
Execution Time for Trace ID c91eda70a7fd261d6c381d859d7bc436: 49 ms
Input: 1000000,
Cold Start: false
Unique ID: 31734a6cba6bee61e30f2ca7d36b4f26,
Execution Time for Trace ID 31734a6cba6bee61e30f2ca7d36b4f26: 44 ms
Input: 1000000,
Cold Start: false
Unique ID: f0cf7ad73a989c2f5a392af6451a0922,
Execution Time for Trace ID f0cf7ad73a989c2f5a392af6451a0922: 47 ms
Input: 1000000,
Cold Start: false
Unique ID: f8ec47e5a70266b18bbeebb5c7899b2f,
Execution Time for Trace ID f8ec47e5a70266b18bbeebb5c7899b2f: 50 ms
Input: 1000000,
Cold Start: false
Unique ID: a6d1fef6d66dea18fae10ca592513f03,
Execution Time for Trace ID a6d1fef6d66dea18fae10ca592513f03: 49 ms
Input: 1000000,
Cold Start: false
Unique ID: 5410dadfdeda1a84881309d6e248cc7e,
Execution Time for Trace ID 5410dadfdeda1a84881309d6e248cc7e: 29 ms
Input: 1000000,
Cold Start: false
Unique ID: 65c49d404a2f7138912a25105a25228d,
Execution Time for Trace ID 65c49d404a2f7138912a25105a25228d: 50 ms
Input: 1000000,
Cold Start: false
Unique ID: ab5e6826504a4cda8e091bb3a699e1ea,
Execution Time for Trace ID ab5e6826504a4cda8e091bb3a699e1ea: 63 ms
Input: 1000000,
Cold Start: false
Unique ID: 57c246ce11b62d2699db39bc334ace0c,
Execution Time for Trace ID 57c246ce11b62d2699db39bc334ace0c: 58 ms
Input: 1000000,
Cold Start: false
Unique ID: e5c86fb95d4539a4e2a9353ca83aca5a,
Execution Time for Trace ID e5c86fb95d4539a4e2a9353ca83aca5a: 48 ms
Input: 1000000,
Cold Start: false
Unique ID: 31ab0f555727655777f130c74a9d29c2,
Execution Time for Trace ID 31ab0f555727655777f130c74a9d29c2: 52 ms
Input: 1000000,
Cold Start: false
Unique ID: 885d62efff3fe4eecb3af3b6b2f2a8ad,
Execution Time for Trace ID 885d62efff3fe4eecb3af3b6b2f2a8ad: 42 ms
Input: 1000000,
Cold Start: false
Unique ID: 11d5ec9372d3f0990c0099c9df80cb3e,
Execution Time for Trace ID 11d5ec9372d3f0990c0099c9df80cb3e: 58 ms
Input: 1000000,
Cold Start: false
Unique ID: 50115c7daee8acf92b45623a21927fa4,
Execution Time for Trace ID 50115c7daee8acf92b45623a21927fa4: 59 ms
Input: 1000000,
Cold Start: false
Unique ID: 2cc8055ae14e78271e6803e27f09141d,
Execution Time for Trace ID 2cc8055ae14e78271e6803e27f09141d: 51 ms
Input: 1000000,
Cold Start: false
Unique ID: 4a80c853542880e0fdb72f16b3dfb0fa,
Execution Time for Trace ID 4a80c853542880e0fdb72f16b3dfb0fa: 45 ms
Input: 1000000,
Cold Start: false
Unique ID: 909fea937c60cee09a0999c19400330c,
Execution Time for Trace ID 909fea937c60cee09a0999c19400330c: 41 ms
Input: 1000000,
Cold Start: false
Unique ID: 31580b6bf7410c42ea40faabeb1a744e,
Execution Time for Trace ID 31580b6bf7410c42ea40faabeb1a744e: 52 ms
Input: 1000000,
Cold Start: false
Unique ID: 513109b101313f27076c004e60124852,
Execution Time for Trace ID 513109b101313f27076c004e60124852: 53 ms
Input: 1000000,
Cold Start: false
Unique ID: 6c6234ed470833704c3cbf7943b991ac,
Execution Time for Trace ID 6c6234ed470833704c3cbf7943b991ac: 51 ms
Input: 1000000,
Cold Start: false
Unique ID: 3b3e28c7611e1bf672288c5565c7d467,
Execution Time for Trace ID 3b3e28c7611e1bf672288c5565c7d467: 32 ms
Input: 1000000,
Cold Start: false
Unique ID: 00331504295ffab2bb67de08410474be,
Execution Time for Trace ID 00331504295ffab2bb67de08410474be: 49 ms
Input: 1000000,
Cold Start: false
Unique ID: b6f3900167d141715efae015368b0f3b,
Execution Time for Trace ID b6f3900167d141715efae015368b0f3b: 52 ms
Input: 1000000,
Cold Start: false
Unique ID: 8e5b4331c8c2b8b00cf07c779ed81412,
Execution Time for Trace ID 8e5b4331c8c2b8b00cf07c779ed81412: 47 ms
Input: 1000000,
Cold Start: false
Unique ID: 586256c56fd66fab138fd4f26687c756,
Execution Time for Trace ID 586256c56fd66fab138fd4f26687c756: 53 ms
Input: 1000000,
Cold Start: false
Unique ID: 1c92f220ebbb676644c57476640349c6,
Execution Time for Trace ID 1c92f220ebbb676644c57476640349c6: 47 ms
Input: 1000000,
Cold Start: false
Unique ID: cb8d71ef741793dc42a3139037fb2c48,
Execution Time for Trace ID cb8d71ef741793dc42a3139037fb2c48: 43 ms
Input: 1000000,
Cold Start: false
Unique ID: 8a54635c093b1d7c7994b5240e0552e6,
Execution Time for Trace ID 8a54635c093b1d7c7994b5240e0552e6: 50 ms
Input: 1000000,
Cold Start: false
Unique ID: 4b47993875faefe122a799e9f22ad22c,
Execution Time for Trace ID 4b47993875faefe122a799e9f22ad22c: 45 ms
Input: 1000000,
Cold Start: false
Unique ID: 235940bb1f676d1de16461f5559e6b70,
Execution Time for Trace ID 235940bb1f676d1de16461f5559e6b70: 59 ms
Input: 1000000,
Cold Start: false
Unique ID: d9487a11d23f7d82f962a199a882192f,
Execution Time for Trace ID d9487a11d23f7d82f962a199a882192f: 48 ms
Input: 1000000,
Cold Start: false
Unique ID: e61ca0e1d286d108ba00df9fbc4a064b,
Execution Time for Trace ID e61ca0e1d286d108ba00df9fbc4a064b: 43 ms
Input: 1000000,
Cold Start: false
Unique ID: 3d4a985cb68cd744fc19a5bd64375dea,
Execution Time for Trace ID 3d4a985cb68cd744fc19a5bd64375dea: 53 ms
Input: 1000000,
Cold Start: false
Unique ID: 443855c5419500c4215465edcb147396,
Execution Time for Trace ID 443855c5419500c4215465edcb147396: 49 ms
Input: 1000000,
Cold Start: false
Unique ID: ad3682c2600668c57312c5c874df9b36,
Execution Time for Trace ID ad3682c2600668c57312c5c874df9b36: 47 ms
Input: 1000000,
Cold Start: false
Unique ID: 3b7fafa47c125e0592000092a8578e72,
Execution Time for Trace ID 3b7fafa47c125e0592000092a8578e72: 30 ms
Input: 1000000,
Cold Start: false
Unique ID: 68c126b92abd6891bbd2b3f5ad1ba6dd,
Execution Time for Trace ID 68c126b92abd6891bbd2b3f5ad1ba6dd: 44 ms
Input: 1000000,
Cold Start: false
Unique ID: 53420be2c45d1fa60dd891b8dc3c5f43,
Execution Time for Trace ID 53420be2c45d1fa60dd891b8dc3c5f43: 49 ms
Input: 1000000,
Cold Start: false
Unique ID: 8be7ccc41ef6cc461d8fb8b675613ec5,
Execution Time for Trace ID 8be7ccc41ef6cc461d8fb8b675613ec5: 45 ms
Input: 1000000,
Cold Start: false
Unique ID: e0a85c4b08cccadd752a8f15b2c79b17,
Execution Time for Trace ID e0a85c4b08cccadd752a8f15b2c79b17: 28 ms
Input: 1000000,
Cold Start: false
Unique ID: 0aed08cfe58a2de073902b6c0d420030,
Execution Time for Trace ID 0aed08cfe58a2de073902b6c0d420030: 51 ms
Input: 1000000,
Cold Start: false
Unique ID: bbefd56719da28cde034e792fd5009b7,
Execution Time for Trace ID bbefd56719da28cde034e792fd5009b7: 47 ms
Input: 1000000,
Cold Start: false
Unique ID: af5b846155899a2af2c7955cf72cfae9,
Execution Time for Trace ID af5b846155899a2af2c7955cf72cfae9: 43 ms
Input: 1000000,
Cold Start: false
Unique ID: 2cb6d754bdb336f0a327e74be53b8140,
Execution Time for Trace ID 2cb6d754bdb336f0a327e74be53b8140: 28 ms
Input: 1000000,
Cold Start: false
Unique ID: 3eabbda34093ca6929cef16b6ba46035,
Execution Time for Trace ID 3eabbda34093ca6929cef16b6ba46035: 48 ms
Input: 1000000,
Cold Start: false
Unique ID: e14ac8ca057f7ad11510822042fb3b58,
Execution Time for Trace ID e14ac8ca057f7ad11510822042fb3b58: 47 ms
Input: 1000000,
Cold Start: false
Unique ID: 8b77b239f6dbdc5c47324b38588fd3ab,
Execution Time for Trace ID 8b77b239f6dbdc5c47324b38588fd3ab: 48 ms
Input: 1000000,
Cold Start: false
Unique ID: af5c9663db750cb89fb564727796cfa0,
Execution Time for Trace ID af5c9663db750cb89fb564727796cfa0: 45 ms
Input: 1000000,
Cold Start: false
Unique ID: a7c492d50fc7a39a2cd50d8f8124fefa,
Execution Time for Trace ID a7c492d50fc7a39a2cd50d8f8124fefa: 47 ms
Input: 1000000,
Cold Start: false
Unique ID: 0fe3875ce22d79277beaa80d9a24bd12,
Execution Time for Trace ID 0fe3875ce22d79277beaa80d9a24bd12: 47 ms
Input: 1000000,
Cold Start: false
Unique ID: da9db48921dddbe28d30dd390ab7a4a7,
Execution Time for Trace ID da9db48921dddbe28d30dd390ab7a4a7: 49 ms
Input: 1000000,
Cold Start: false
Unique ID: b4a6c96d6ea1f0457832e085b9e4fda6,
Execution Time for Trace ID b4a6c96d6ea1f0457832e085b9e4fda6: 40 ms
Input: 1000000,
Cold Start: false
Unique ID: f3faff6c51941bac624474dc1e80c0a2,
Execution Time for Trace ID f3faff6c51941bac624474dc1e80c0a2: 59 ms
Input: 1000000,
Cold Start: false
Unique ID: 5c2e677a9c7ad5722b885f2ccb0238f7,
Execution Time for Trace ID 5c2e677a9c7ad5722b885f2ccb0238f7: 52 ms
Input: 1000000,
Cold Start: false
Unique ID: 2541bf88e916e85d3929ecc891977443,
Execution Time for Trace ID 2541bf88e916e85d3929ecc891977443: 53 ms
Input: 1000000,
Cold Start: false
Unique ID: e3a75293b37b359c82f11c3fa28d371d,
Execution Time for Trace ID e3a75293b37b359c82f11c3fa28d371d: 53 ms
Input: 1000000,
Cold Start: false
Unique ID: 0e8f6e49fd8405125ccfc3614d665399,
Execution Time for Trace ID 0e8f6e49fd8405125ccfc3614d665399: 49 ms
Input: 1000000,
Cold Start: false
Unique ID: ce0702635f4b5e1ccc7f9928bf5ed495,
Execution Time for Trace ID ce0702635f4b5e1ccc7f9928bf5ed495: 87 ms
Input: 1000000,
Cold Start: false
Unique ID: f704be66cf21df82cee5d23ccbb0256e,
Execution Time for Trace ID f704be66cf21df82cee5d23ccbb0256e: 33 ms
Input: 1000000,
Cold Start: false
Unique ID: 7ebad9dc9a198f6416136969e922e1dc,
Execution Time for Trace ID 7ebad9dc9a198f6416136969e922e1dc: 35 ms
Input: 1000000,
Cold Start: false
Unique ID: 2596c03232f923e7c716dd1e875701fe,
Execution Time for Trace ID 2596c03232f923e7c716dd1e875701fe: 31 ms
Input: 1000000,
Cold Start: false
Unique ID: 55bf2556f28d5c632c63ecd68dc73f59,
Execution Time for Trace ID 55bf2556f28d5c632c63ecd68dc73f59: 34 ms
Input: 1000000,
Cold Start: false
Unique ID: 5c8b6b9a90072896cab212eca8d62d26,
Execution Time for Trace ID 5c8b6b9a90072896cab212eca8d62d26: 32 ms
Input: 1000000,
Cold Start: false
Unique ID: c8ef5f92ac57f33ed913dbaa0e944ed2,
Execution Time for Trace ID c8ef5f92ac57f33ed913dbaa0e944ed2: 32 ms
Input: 1000000,
Cold Start: false
Unique ID: 89821b0ee32f695c28f8496e15725153,
Execution Time for Trace ID 89821b0ee32f695c28f8496e15725153: 28 ms
Input: 1000000,
Cold Start: false
Unique ID: 1636bc5e1137ca8f6ff2e36b653d45eb,
Execution Time for Trace ID 1636bc5e1137ca8f6ff2e36b653d45eb: 34 ms
Input: 1000000,
Cold Start: false
Unique ID: 98736ff129be86ba36fede9ed7aeb1f2,
Execution Time for Trace ID 98736ff129be86ba36fede9ed7aeb1f2: 30 ms
Input: 1000000,
Cold Start: false
Unique ID: 830872b9e464392420753e7b0caac5f3,
Execution Time for Trace ID 830872b9e464392420753e7b0caac5f3: 30 ms
Input: 1000000,
Cold Start: false
Unique ID: 1728d5bf81b2fe2b392edb763f935b51,
Execution Time for Trace ID 1728d5bf81b2fe2b392edb763f935b51: 31 ms
Input: 1000000,
Cold Start: false
Unique ID: a5351676937d4e3155ab0890d44c6b3c,
Execution Time for Trace ID a5351676937d4e3155ab0890d44c6b3c: 35 ms
Input: 1000000,
Cold Start: false
Unique ID: 379a87c937e97317116b9b8754748257,
Execution Time for Trace ID 379a87c937e97317116b9b8754748257: 32 ms
Input: 1000000,
Cold Start: false
Unique ID: 624aa8fc2fd1b382c8678cf71d9cb13f,
Execution Time for Trace ID 624aa8fc2fd1b382c8678cf71d9cb13f: 31 ms
Input: 1000000,
Cold Start: false
Unique ID: 9a504139148cb84ffd43c85e6bf156ed,
Execution Time for Trace ID 9a504139148cb84ffd43c85e6bf156ed: 29 ms
Input: 1000000,
Cold Start: false
Unique ID: 8121eca136d155c28931c1d825cec246,
Execution Time for Trace ID 8121eca136d155c28931c1d825cec246: 36 ms
Input: 1000000,
Cold Start: false
Unique ID: a4d2ed2f582375954930228526ec1acd,
Execution Time for Trace ID a4d2ed2f582375954930228526ec1acd: 32 ms
Input: 1000000,
Cold Start: false
Unique ID: 8e6430e6e67c5357d913dbaa0e944efb,
Execution Time for Trace ID 8e6430e6e67c5357d913dbaa0e944efb: 37 ms
Input: 1000000,
Cold Start: false
Unique ID: 94b22ffa73a427d55ff0ec007e5f7892,
Execution Time for Trace ID 94b22ffa73a427d55ff0ec007e5f7892: 29 ms
Input: 1000000,
Cold Start: false
Unique ID: 88c580472be51bfb118958f31bb05486,
Execution Time for Trace ID 88c580472be51bfb118958f31bb05486: 34 ms
Input: 1000000,
Cold Start: false
Unique ID: 985b9a21315ee27363ffb8dd9e1080c2,
Execution Time for Trace ID 985b9a21315ee27363ffb8dd9e1080c2: 32 ms
Input: 1000000,
Cold Start: false
Unique ID: fc25c542e0ea643799bad719ea7ad7b1,
Execution Time for Trace ID fc25c542e0ea643799bad719ea7ad7b1: 31 ms
Input: 1000000,
Cold Start: false
Unique ID: 8d9658e0ef1b6397f7236111b451fd72,
Execution Time for Trace ID 8d9658e0ef1b6397f7236111b451fd72: 41 ms
Input: 1000000,
Cold Start: false
Unique ID: 9a9115fc0e652cc466e71c24c2330b9f,
Execution Time for Trace ID 9a9115fc0e652cc466e71c24c2330b9f: 32 ms
Input: 1000000,
Cold Start: false
Unique ID: c88c7e69bca16cb57d63553da19eca13,
Execution Time for Trace ID c88c7e69bca16cb57d63553da19eca13: 30 ms
Input: 1000000,
Cold Start: false
Unique ID: b692df878ce79f88ad534ca97220a96e,
Execution Time for Trace ID b692df878ce79f88ad534ca97220a96e: 31 ms
Input: 1000000,
Cold Start: false
Unique ID: 10793e4e3da5b259975f0eed30c14c19,
Execution Time for Trace ID 10793e4e3da5b259975f0eed30c14c19: 29 ms
Input: 1000000,
Cold Start: false
Unique ID: 8cc9616efcd01d874fb519b146451be2,
Execution Time for Trace ID 8cc9616efcd01d874fb519b146451be2: 31 ms
Input: 1000000,
Cold Start: false
Unique ID: 4848e139c48a1e6ce4cfb50b7297fa09,
Execution Time for Trace ID 4848e139c48a1e6ce4cfb50b7297fa09: 35 ms
Input: 1000000,
Cold Start: false
Unique ID: b084c227b8641598b3fb779cd2eb4f9c,
Execution Time for Trace ID b084c227b8641598b3fb779cd2eb4f9c: 33 ms
Input: 1000000,
Cold Start: false
Unique ID: be1914d56b18892792ad491b74d34299,
Execution Time for Trace ID be1914d56b18892792ad491b74d34299: 39 ms
Input: 1000000,
Cold Start: false
Unique ID: 70691571c95d6a652e6737b2d6c57a28,
Execution Time for Trace ID 70691571c95d6a652e6737b2d6c57a28: 33 ms
Input: 1000000,
Cold Start: false
Unique ID: 947eefd0fa7dc01f2eaf6596ce413e04,
Execution Time for Trace ID 947eefd0fa7dc01f2eaf6596ce413e04: 36 ms
Input: 1000000,
Cold Start: false
Unique ID: cf37c2a9fdac914651b324135df63e70,
Execution Time for Trace ID cf37c2a9fdac914651b324135df63e70: 33 ms
Input: 1000000,
Cold Start: false
Unique ID: f71fc4bb8d4cfdec6685243b6d18db2d,
Execution Time for Trace ID f71fc4bb8d4cfdec6685243b6d18db2d: 28 ms
Input: 1000000,
Cold Start: false
Unique ID: 7907f8c9476395575f00c057e9015bb3,
Execution Time for Trace ID 7907f8c9476395575f00c057e9015bb3: 30 ms
Input: 1000000,
Cold Start: false
Unique ID: 0cdd5b12bb48bf60266a2b8957ae7db4,
Execution Time for Trace ID 0cdd5b12bb48bf60266a2b8957ae7db4: 30 ms
Input: 1000000,
Cold Start: false
Unique ID: fc13617e4e690450ea3931fddee9fe0a,
Execution Time for Trace ID fc13617e4e690450ea3931fddee9fe0a: 33 ms
Input: 1000000,
Cold Start: false
Unique ID: e34f51c4faff9de8aac04fbd7cbb3582,
Execution Time for Trace ID e34f51c4faff9de8aac04fbd7cbb3582: 29 ms
Input: 1000000,
Cold Start: false
Unique ID: ee8a10570ca9278f3aa26c474c2e2363,
Execution Time for Trace ID ee8a10570ca9278f3aa26c474c2e2363: 34 ms
Input: 1000000,
Cold Start: false
Unique ID: e8f639ff0916af49882e27128ad0b941,
Execution Time for Trace ID e8f639ff0916af49882e27128ad0b941: 30 ms
Input: 1000000,
Cold Start: false
Unique ID: a98b7c657b89e51d576db9cd17b2fde4,
Execution Time for Trace ID a98b7c657b89e51d576db9cd17b2fde4: 38 ms
Input: 1000000,
Cold Start: false
Unique ID: 583b8894874eec39575a71ab8d2bdf67,
Execution Time for Trace ID 583b8894874eec39575a71ab8d2bdf67: 31 ms
Input: 1000000,
Cold Start: false
Unique ID: 6629df60d45bfee1d1b25feebcdaa58a,
Execution Time for Trace ID 6629df60d45bfee1d1b25feebcdaa58a: 36 ms
Input: 1000000,
Cold Start: false
Unique ID: 0d74f734aaca1edcee6401934952f95c,
Execution Time for Trace ID 0d74f734aaca1edcee6401934952f95c: 31 ms
Input: 1000000,
Cold Start: false
Unique ID: 3fac7cb5c52365437d46e5ed74027f15,
Execution Time for Trace ID 3fac7cb5c52365437d46e5ed74027f15: 98 ms
Input: 1000000,
Cold Start: false
Unique ID: b2a4ae9b3e54bbf1b08d2b07b528b761,
Execution Time for Trace ID b2a4ae9b3e54bbf1b08d2b07b528b761: 32 ms
Input: 1000000,
Cold Start: false
Unique ID: e6d3d8c1c2ccee6419db459ba462cc20,
Execution Time for Trace ID e6d3d8c1c2ccee6419db459ba462cc20: 36 ms
Input: 1000000,
Cold Start: false
Unique ID: 8c688a2926037fbd888df800e5cb909d,
Execution Time for Trace ID 8c688a2926037fbd888df800e5cb909d: 37 ms
Input: 1000000,
Cold Start: false
Unique ID: e251ad9d676aaaad85dc787fa732f30c,
Execution Time for Trace ID e251ad9d676aaaad85dc787fa732f30c: 37 ms
Input: 1000000,
Cold Start: false
Unique ID: 6e829491089cd73d2b7279a468534cce,
Execution Time for Trace ID 6e829491089cd73d2b7279a468534cce: 38 ms
Input: 1000000,
Cold Start: false
Unique ID: 62cc3c1bdd20dc92e9418cd2cb167eea,
Execution Time for Trace ID 62cc3c1bdd20dc92e9418cd2cb167eea: 34 ms
Input: 1000000,
Cold Start: false
Unique ID: b4b9ef3bb1888d1948845ab36823faec,
Execution Time for Trace ID b4b9ef3bb1888d1948845ab36823faec: 32 ms
Input: 1000000,
Cold Start: false
Unique ID: 49c536da8623daa853ad2ad09c675cbb,
Execution Time for Trace ID 49c536da8623daa853ad2ad09c675cbb: 37 ms
Input: 1000000,
Cold Start: false
Unique ID: 4f9aa20ad76360888c4755a0d2f50f52,
Execution Time for Trace ID 4f9aa20ad76360888c4755a0d2f50f52: 28 ms
Input: 1000000,
Cold Start: false
Unique ID: d547b3d9f51c2bf00f7e0a996fff54de,
Execution Time for Trace ID d547b3d9f51c2bf00f7e0a996fff54de: 32 ms
Input: 1000000,
Cold Start: false
Unique ID: 1cfc4087cfac27c3f86bdecb2c2b4d20,
Execution Time for Trace ID 1cfc4087cfac27c3f86bdecb2c2b4d20: 29 ms
Input: 1000000,
Cold Start: false
Unique ID: eb95df313588c067f2b475a4e4c49fa6,
Execution Time for Trace ID eb95df313588c067f2b475a4e4c49fa6: 38 ms
Input: 1000000,
Cold Start: false
Unique ID: 373297b3e5817ce761fa8ae388e0783e,
Execution Time for Trace ID 373297b3e5817ce761fa8ae388e0783e: 35 ms
Input: 1000000,
Cold Start: false
Unique ID: 890531b6da9c0d98c59380ceb36cb1be,
Execution Time for Trace ID 890531b6da9c0d98c59380ceb36cb1be: 30 ms
Input: 1000000,
Cold Start: false
Unique ID: 2385712db80b6b4995b491178543fa38,
Execution Time for Trace ID 2385712db80b6b4995b491178543fa38: 34 ms
Input: 1000000,
Cold Start: false
Unique ID: 4d0c2e15dd7d0c16b09574d015cba2ce,
Execution Time for Trace ID 4d0c2e15dd7d0c16b09574d015cba2ce: 38 ms
Input: 1000000,
Cold Start: false
Unique ID: a425416df3db8d616f9e8799a5f15988,
Execution Time for Trace ID a425416df3db8d616f9e8799a5f15988: 87 ms
Input: 1000000,
Cold Start: false
Unique ID: 813833ab479276c234adb70175a91e00,
Execution Time for Trace ID 813833ab479276c234adb70175a91e00: 49 ms
Input: 1000000,
Cold Start: false
Unique ID: 0f0d85145666dd5e33b0ea35bd6e686a,
Execution Time for Trace ID 0f0d85145666dd5e33b0ea35bd6e686a: 46 ms
Input: 1000000,
Cold Start: false
Unique ID: 2290f7fb5cdbfbc643e91822f3b7383c,
Execution Time for Trace ID 2290f7fb5cdbfbc643e91822f3b7383c: 41 ms
Input: 1000000,
Cold Start: false
Unique ID: 0ea56ef3e0cb13ce18d6044fc340dde4,
Execution Time for Trace ID 0ea56ef3e0cb13ce18d6044fc340dde4: 30 ms
Input: 1000000,
Cold Start: false
Unique ID: f55b0501f53ce07156199868ed46888d,
Execution Time for Trace ID f55b0501f53ce07156199868ed46888d: 32 ms
Input: 1000000,
Cold Start: false
Unique ID: 5d39854ac83b703cd0bc18a784f7a3a7,
Execution Time for Trace ID 5d39854ac83b703cd0bc18a784f7a3a7: 30 ms
Input: 1000000,
Cold Start: false
Unique ID: 56aaac1d7d32706a2a7f93ceb493dbf6,
Execution Time for Trace ID 56aaac1d7d32706a2a7f93ceb493dbf6: 39 ms
Input: 1000000,
Cold Start: false
Unique ID: 211a8e59725a747719b3be22e15041cf,
Execution Time for Trace ID 211a8e59725a747719b3be22e15041cf: 30 ms
Input: 1000000,
Cold Start: false
Unique ID: 484c8fbcdc6226281d560083638a1a58,
Execution Time for Trace ID 484c8fbcdc6226281d560083638a1a58: 37 ms
Input: 1000000,
Cold Start: false
Unique ID: c998a52710791286508509f6afe8269b,
Execution Time for Trace ID c998a52710791286508509f6afe8269b: 34 ms
Input: 1000000,
Cold Start: false
Unique ID: 8843f6ba473ac767e8e24beb3b37b5c3,
Execution Time for Trace ID 8843f6ba473ac767e8e24beb3b37b5c3: 30 ms
Input: 1000000,
Cold Start: false
Unique ID: 150c187c1d60bac5eaea5ea0bee8b411,
Execution Time for Trace ID 150c187c1d60bac5eaea5ea0bee8b411: 30 ms
Input: 1000000,
Cold Start: false
Unique ID: e1218b5fbda2c3360b93db5edb476f6f,
Execution Time for Trace ID e1218b5fbda2c3360b93db5edb476f6f: 87 ms
Input: 1000000,
Cold Start: false
Unique ID: c9f6e50870731deeddb19a7b6dd86511,
Execution Time for Trace ID c9f6e50870731deeddb19a7b6dd86511: 31 ms
Input: 1000000,
Cold Start: false
Unique ID: 7bd17f84c55286f82991d7666efb8f4c,
Execution Time for Trace ID 7bd17f84c55286f82991d7666efb8f4c: 39 ms
Input: 1000000,
Cold Start: false
Unique ID: 3c2916d586592d3a80bcc4213c010e5d,
Execution Time for Trace ID 3c2916d586592d3a80bcc4213c010e5d: 40 ms
Input: 1000000,
Cold Start: false
Unique ID: 6220e1ca32ec9bf7bed57d6eb1b15254,
Execution Time for Trace ID 6220e1ca32ec9bf7bed57d6eb1b15254: 32 ms
Input: 1000000,
Cold Start: false
Unique ID: f3fceabe41db91d66de01baf8171fb84,
Execution Time for Trace ID f3fceabe41db91d66de01baf8171fb84: 32 ms
Input: 1000000,
Cold Start: false
Unique ID: 578006b31fd7eeec4c076618964c0619,
Execution Time for Trace ID 578006b31fd7eeec4c076618964c0619: 37 ms
Input: 1000000,
Cold Start: false
Unique ID: 19cd93e4859f71a6195aa68cc5056725,
Execution Time for Trace ID 19cd93e4859f71a6195aa68cc5056725: 30 ms
Input: 1000000,
Cold Start: false
Unique ID: 419b59d17a319b7a106f3996fe75f3f3,
Execution Time for Trace ID 419b59d17a319b7a106f3996fe75f3f3: 34 ms
Input: 1000000,
Cold Start: false
Unique ID: 6ee0e4e369edfd39894c6620e860c045,
Execution Time for Trace ID 6ee0e4e369edfd39894c6620e860c045: 31 ms
Input: 1000000,
Cold Start: false
Unique ID: 988b692a268875b36eaaef6ce892d809,
Execution Time for Trace ID 988b692a268875b36eaaef6ce892d809: 31 ms
Input: 1000000,
Cold Start: false
Unique ID: f9eb76cd537057c2cd198ce0129f92e2,
Execution Time for Trace ID f9eb76cd537057c2cd198ce0129f92e2: 30 ms
Input: 1000000,
Cold Start: false
Unique ID: f355af577ee7de08d148dd670fbc7b2e,
Execution Time for Trace ID f355af577ee7de08d148dd670fbc7b2e: 32 ms
Input: 1000000,
Cold Start: false
Unique ID: dde86a9cf44486b5742b0a55972076a4,
Execution Time for Trace ID dde86a9cf44486b5742b0a55972076a4: 30 ms
Input: 1000000,
Cold Start: false
Unique ID: 7fa42f1aeaa019dadd266f921020bbe1,
Execution Time for Trace ID 7fa42f1aeaa019dadd266f921020bbe1: 32 ms
Input: 1000000,
Cold Start: false
Unique ID: 4c78587f730d5f9588461cece346d6bd,
Execution Time for Trace ID 4c78587f730d5f9588461cece346d6bd: 30 ms
Input: 1000000,
Cold Start: false
Unique ID: 31eedee1a89c44ee7a2296901ec7cf19,
Execution Time for Trace ID 31eedee1a89c44ee7a2296901ec7cf19: 33 ms
Input: 1000000,
Cold Start: false
Unique ID: 1f757d49688cb5df0efd81ec1de0f99f,
Execution Time for Trace ID 1f757d49688cb5df0efd81ec1de0f99f: 112 ms
Input: 1000000,
Cold Start: false
Unique ID: bdfd528e2c3a32c6dffb45f529062c0b,
Execution Time for Trace ID bdfd528e2c3a32c6dffb45f529062c0b: 36 ms
Input: 1000000,
Cold Start: false
Unique ID: 2ae477d048785f8b530c384cf412da4a,
Execution Time for Trace ID 2ae477d048785f8b530c384cf412da4a: 36 ms
Input: 1000000,
Cold Start: false
Unique ID: 59d87fff2c9c9167be573c0b1f709a86,
Execution Time for Trace ID 59d87fff2c9c9167be573c0b1f709a86: 141 ms
Input: 1000000,
Cold Start: false
Unique ID: 3b05dda37c3fde507ed161ff7f36f77e,
Execution Time for Trace ID 3b05dda37c3fde507ed161ff7f36f77e: 37 ms
Input: 1000000,
Cold Start: false
Unique ID: b3c9c44358f4be0e51d9980b94b93f0d,
Execution Time for Trace ID b3c9c44358f4be0e51d9980b94b93f0d: 31 ms
Input: 1000000,
Cold Start: false
Unique ID: 717dd25a297c18187488dbe6e033b7f9,
Execution Time for Trace ID 717dd25a297c18187488dbe6e033b7f9: 38 ms
Input: 1000000,
Cold Start: false
Unique ID: cd2d45e63ce94ac3cfc5d2043b72c07a,
Execution Time for Trace ID cd2d45e63ce94ac3cfc5d2043b72c07a: 68 ms
Input: 1000000,
Cold Start: false
Unique ID: ec38569dcd3d9d8acae13cb3938b3390,
Execution Time for Trace ID ec38569dcd3d9d8acae13cb3938b3390: 64 ms
Input: 1000000,
Cold Start: false
Unique ID: 9f138ebc68fa6faeb1ef63349aba547c,
Execution Time for Trace ID 9f138ebc68fa6faeb1ef63349aba547c: 89 ms
Input: 1000000,
Cold Start: false
Unique ID: 74689eb40b612771ba7fcd5cd363e8c5,
Execution Time for Trace ID 74689eb40b612771ba7fcd5cd363e8c5: 29 ms
Input: 1000000,
Cold Start: false
Unique ID: baa689179b7aa94e9222c799f83d73a2,
Execution Time for Trace ID baa689179b7aa94e9222c799f83d73a2: 195 ms
Input: 1000000,
Cold Start: false
Unique ID: 119552e205f7eb7ea200e4cdaeb19d9a,
Execution Time for Trace ID 119552e205f7eb7ea200e4cdaeb19d9a: 93 ms
Input: 1000000,
Cold Start: false
Unique ID: 15b6370c9353b0a0668dc4d247e87bd0,
Execution Time for Trace ID 15b6370c9353b0a0668dc4d247e87bd0: 89 ms
Input: 1000000,
Cold Start: false
Unique ID: 651ee3a2ba010fbd1b07644199d06dd7,
Execution Time for Trace ID 651ee3a2ba010fbd1b07644199d06dd7: 87 ms
Input: 1000000,
Cold Start: false
Unique ID: 769e38ab0922977b5a83c7d46ec4c4b8,
Execution Time for Trace ID 769e38ab0922977b5a83c7d46ec4c4b8: 37 ms
Input: 1000000,
Cold Start: false
Unique ID: 40da3a96d969068c6509f3ad518485ec,
Execution Time for Trace ID 40da3a96d969068c6509f3ad518485ec: 85 ms
Input: 1000000,
Cold Start: false
Unique ID: 8dfbce2b42cb1d057df3008b51f29128,
Execution Time for Trace ID 8dfbce2b42cb1d057df3008b51f29128: 188 ms
Input: 1000000,
Cold Start: false
Unique ID: d206a47ee7366fc89f9ca8591a9d62f2,
Execution Time for Trace ID d206a47ee7366fc89f9ca8591a9d62f2: 32 ms
Input: 1000000,
Cold Start: false
Unique ID: 886740fa96f4cc30d63d969892c7f3b8,
Execution Time for Trace ID 886740fa96f4cc30d63d969892c7f3b8: 92 ms
Input: 1000000,
Cold Start: false
Unique ID: 4281515945036b01bebb47b7a1456480,
Execution Time for Trace ID 4281515945036b01bebb47b7a1456480: 30 ms
Input: 1000000,
Cold Start: false
Unique ID: 29d372d62f6944567ed28785e3f71fc2,
Execution Time for Trace ID 29d372d62f6944567ed28785e3f71fc2: 98 ms
Input: 1000000,
Cold Start: false
Unique ID: 1c368bb331aa012806a280af2f293ca9,
Execution Time for Trace ID 1c368bb331aa012806a280af2f293ca9: 91 ms
Input: 1000000,
Cold Start: false
Unique ID: 55f9fdcfde19781d56535446db35ff3a,
Execution Time for Trace ID 55f9fdcfde19781d56535446db35ff3a: 31 ms
Input: 1000000,
Cold Start: false
Unique ID: 5f5c32da155ce3c1ae8da9fe7aff3ff1,
Execution Time for Trace ID 5f5c32da155ce3c1ae8da9fe7aff3ff1: 94 ms
Input: 1000000,
Cold Start: false
Unique ID: 5a719749e5e248796672381cb0c2ce23,
Execution Time for Trace ID 5a719749e5e248796672381cb0c2ce23: 33 ms
Input: 1000000,
Cold Start: false
Unique ID: b24df1ed3e78b75a662ad47089f712a5,
Execution Time for Trace ID b24df1ed3e78b75a662ad47089f712a5: 101 ms
Input: 1000000,
Cold Start: false
Unique ID: 23d2ed47d69ce9412aa346a8bc7049be,
Execution Time for Trace ID 23d2ed47d69ce9412aa346a8bc7049be: 87 ms
Input: 1000000,
Cold Start: false
Unique ID: 868712ef18ec2ea9526bb91c78f7b125,
Execution Time for Trace ID 868712ef18ec2ea9526bb91c78f7b125: 192 ms
Input: 1000000,
Cold Start: false
Unique ID: 21bd80ba84a02384768e91e6ed65d300,
Execution Time for Trace ID 21bd80ba84a02384768e91e6ed65d300: 90 ms
Input: 1000000,
Cold Start: false
Unique ID: 75ca4b319f2cb4525eae73dd43d610ee,
Execution Time for Trace ID 75ca4b319f2cb4525eae73dd43d610ee: 31 ms
Input: 1000000,
Cold Start: false
Unique ID: 5547ba230e23b65ad5905c53da6908a5,
Execution Time for Trace ID 5547ba230e23b65ad5905c53da6908a5: 190 ms
Input: 1000000,
Cold Start: false
Unique ID: a335178474580820c7d240d3a0a31aa4,
Execution Time for Trace ID a335178474580820c7d240d3a0a31aa4: 29 ms
Input: 1000000,
Cold Start: false
Unique ID: 50876633fa4cbb6d250c5337c9d36f66,
Execution Time for Trace ID 50876633fa4cbb6d250c5337c9d36f66: 88 ms
Input: 1000000,
Cold Start: false
Unique ID: 2e59eee0de04a11207a87bafa1956a51,
Execution Time for Trace ID 2e59eee0de04a11207a87bafa1956a51: 91 ms
Input: 1000000,
Cold Start: false
Unique ID: 30e62e31c1fa723e8a9c395c44caa2fa,
Execution Time for Trace ID 30e62e31c1fa723e8a9c395c44caa2fa: 29 ms
Input: 1000000,
Cold Start: false
Unique ID: 083d15cd49dbe01ec5afa19425081d05,
Execution Time for Trace ID 083d15cd49dbe01ec5afa19425081d05: 92 ms
Input: 1000000,
Cold Start: false
Unique ID: a48eb9bf230619d0ecca4bc3ada7e377,
Execution Time for Trace ID a48eb9bf230619d0ecca4bc3ada7e377: 89 ms
Input: 1000000,
Cold Start: false
Unique ID: ba7f9f10e2c60f2fb97c7f6fd421072d,
Execution Time for Trace ID ba7f9f10e2c60f2fb97c7f6fd421072d: 90 ms
Input: 1000000,
Cold Start: false
Unique ID: 0ee87f99f173ae83c0c3d07ddd06cf7e,
Execution Time for Trace ID 0ee87f99f173ae83c0c3d07ddd06cf7e: 99 ms
Input: 1000000,
Cold Start: false
Unique ID: 7d67fc06e8d2da934c83595331926c2d,
Execution Time for Trace ID 7d67fc06e8d2da934c83595331926c2d: 100 ms
Input: 1000000,
Cold Start: false
Unique ID: 184dad972e45639af83e99f7ccde05e3,
Execution Time for Trace ID 184dad972e45639af83e99f7ccde05e3: 89 ms
Input: 1000000,
Cold Start: false
Unique ID: 509e05e971abcfefc8dc0c807beaa916,
Execution Time for Trace ID 509e05e971abcfefc8dc0c807beaa916: 88 ms
Input: 1000000,
Cold Start: false
Unique ID: 4c43bd673402acd9424dbb34cb35dfcc,
Execution Time for Trace ID 4c43bd673402acd9424dbb34cb35dfcc: 103 ms
Input: 1000000,
Cold Start: false
Unique ID: da5b21b4d51443c3ecafaf6121679d3a,
Execution Time for Trace ID da5b21b4d51443c3ecafaf6121679d3a: 89 ms
Input: 1000000,
Cold Start: false
Unique ID: 2eb8beae0d6c11a6bcf328b9b9c133c4,
Execution Time for Trace ID 2eb8beae0d6c11a6bcf328b9b9c133c4: 86 ms
Input: 1000000,
Cold Start: false
Unique ID: eb92ab3306492f02509a081ae7b1b8b4,
Execution Time for Trace ID eb92ab3306492f02509a081ae7b1b8b4: 28 ms
Input: 1000000,
Cold Start: false
Unique ID: 520206f7d53059d60ca21a534cad6339,
Execution Time for Trace ID 520206f7d53059d60ca21a534cad6339: 98 ms
Input: 1000000,
Cold Start: false
Unique ID: 79cb877f874212fd8f7c43e5e9c406c8,
Execution Time for Trace ID 79cb877f874212fd8f7c43e5e9c406c8: 28 ms
Input: 1000000,
Cold Start: false
Unique ID: b3e93c7f04da47bfad6330ef62a4306a,
Execution Time for Trace ID b3e93c7f04da47bfad6330ef62a4306a: 88 ms
Input: 1000000,
Cold Start: false
Unique ID: 1d46ec44c7a236dea8d877a51f7057b6,
Execution Time for Trace ID 1d46ec44c7a236dea8d877a51f7057b6: 29 ms
Input: 1000000,
Cold Start: false
Unique ID: e5121e4e7ac906b1f4163de374d5b5a8,
Execution Time for Trace ID e5121e4e7ac906b1f4163de374d5b5a8: 90 ms
Input: 1000000,
Cold Start: false
Unique ID: 06c0f8c10006344577fe22f0c9550069,
Execution Time for Trace ID 06c0f8c10006344577fe22f0c9550069: 29 ms
Input: 1000000,
Cold Start: false
Unique ID: b9b89dab2bf4e7eddccc2e87b3e34694,
Execution Time for Trace ID b9b89dab2bf4e7eddccc2e87b3e34694: 90 ms
Input: 1000000,
Cold Start: false
Unique ID: dde82eec703c2235f3236d95521159fd,
Execution Time for Trace ID dde82eec703c2235f3236d95521159fd: 87 ms
Input: 1000000,
Cold Start: false
Unique ID: 933dc09a896d348dbaa3fe3f1fdf4527,
Execution Time for Trace ID 933dc09a896d348dbaa3fe3f1fdf4527: 37 ms
Input: 1000000,
Cold Start: false
Unique ID: f1ca3920eca7b99db20edbbd93d38cb9,
Execution Time for Trace ID f1ca3920eca7b99db20edbbd93d38cb9: 86 ms
Input: 1000000,
Cold Start: false
Unique ID: 17842fc41732bddd8c9d9d4a82596b2d,
Execution Time for Trace ID 17842fc41732bddd8c9d9d4a82596b2d: 93 ms
Input: 1000000,
Cold Start: false
Unique ID: 18f18086986b8019a5003ee6ee7ba660,
Execution Time for Trace ID 18f18086986b8019a5003ee6ee7ba660: 87 ms
Input: 1000000,
Cold Start: false
Unique ID: 3af78bcee0c9970ccf4422efd5d74c8d,
Execution Time for Trace ID 3af78bcee0c9970ccf4422efd5d74c8d: 99 ms
Input: 1000000,
Cold Start: false
Unique ID: 07faf140cae9dc447db14e2604ff79d4,
Execution Time for Trace ID 07faf140cae9dc447db14e2604ff79d4: 32 ms
Input: 1000000,
Cold Start: false
Unique ID: b5f8120c29dbc1768093c599a006d75b,
Execution Time for Trace ID b5f8120c29dbc1768093c599a006d75b: 94 ms
Input: 1000000,
Cold Start: false
Unique ID: 044a335eb7ec6fabe114c1e938261bc0,
Execution Time for Trace ID 044a335eb7ec6fabe114c1e938261bc0: 92 ms
Input: 1000000,
Cold Start: false
Unique ID: 939ed02bba11747348135035870c8187,
Execution Time for Trace ID 939ed02bba11747348135035870c8187: 88 ms
Input: 1000000,
Cold Start: false
Unique ID: 1465b4b7edaf280e94b1156e67f3c3a2,
Execution Time for Trace ID 1465b4b7edaf280e94b1156e67f3c3a2: 101 ms
Input: 1000000,
Cold Start: false
Unique ID: 7941682018d5c63bb618611ac8b7e721,
Execution Time for Trace ID 7941682018d5c63bb618611ac8b7e721: 31 ms
Input: 1000000,
Cold Start: false
Unique ID: f9421858cfd33ab7807c1619227ca887,
Execution Time for Trace ID f9421858cfd33ab7807c1619227ca887: 100 ms
Input: 1000000,
Cold Start: false
Unique ID: 417810a5b962278861d3ddcc06cd8b55,
Execution Time for Trace ID 417810a5b962278861d3ddcc06cd8b55: 90 ms
Input: 1000000,
Cold Start: false
Unique ID: 2add520c68fc7c3fd7a54c5ded36d4f5,
Execution Time for Trace ID 2add520c68fc7c3fd7a54c5ded36d4f5: 100 ms
Input: 1000000,
Cold Start: false
Unique ID: cac1106db2630977151a4e35a4eef7cc,
Execution Time for Trace ID cac1106db2630977151a4e35a4eef7cc: 92 ms
Input: 1000000,
Cold Start: false
Unique ID: c1fb6d7627d8c05df19a30382aef66a1,
Execution Time for Trace ID c1fb6d7627d8c05df19a30382aef66a1: 71 ms
Input: 1000000,
Cold Start: false
Unique ID: 3696ccdc74a53ac7222d9d69c07b8698,
Execution Time for Trace ID 3696ccdc74a53ac7222d9d69c07b8698: 89 ms
Input: 1000000,
Cold Start: false
Unique ID: d4a1179988a72e5864bd79d0e3b7fd47,
Execution Time for Trace ID d4a1179988a72e5864bd79d0e3b7fd47: 98 ms
Input: 1000000,
Cold Start: false
Unique ID: 2b3342dc161bb8b3c07d6cbb27e1b452,
Execution Time for Trace ID 2b3342dc161bb8b3c07d6cbb27e1b452: 85 ms
Input: 1000000,
Cold Start: false
Unique ID: 5316b16eb77f16134caae031b91bd1e7,
Execution Time for Trace ID 5316b16eb77f16134caae031b91bd1e7: 91 ms
Input: 1000000,
Cold Start: false
Unique ID: 3de31d716435543a22df902b555da402,
Execution Time for Trace ID 3de31d716435543a22df902b555da402: 29 ms
Input: 1000000,
Cold Start: false
Unique ID: f44770a2849fd2933dda7c1cc590d9f7,
Execution Time for Trace ID f44770a2849fd2933dda7c1cc590d9f7: 94 ms
Input: 1000000,
Cold Start: false
Unique ID: 97459da4611622305dd0e9ad74207879,
Execution Time for Trace ID 97459da4611622305dd0e9ad74207879: 89 ms
Input: 1000000,
Cold Start: false
Unique ID: b70e9e3faccdcfc8066bb40d33a1c05d,
Execution Time for Trace ID b70e9e3faccdcfc8066bb40d33a1c05d: 97 ms
Input: 1000000,
Cold Start: false
Unique ID: 5d32f5ca3e902ddb5276047e19254d03,
Execution Time for Trace ID 5d32f5ca3e902ddb5276047e19254d03: 91 ms
Input: 1000000,
Cold Start: false
Unique ID: 38cd0bf15e5fc06ba55970ded1e956ce,
Execution Time for Trace ID 38cd0bf15e5fc06ba55970ded1e956ce: 97 ms
Input: 1000000,
Cold Start: false
Unique ID: 872f62aeaf300635675a51f097e75e9d,
Execution Time for Trace ID 872f62aeaf300635675a51f097e75e9d: 92 ms
Input: 1000000,
Cold Start: false
Unique ID: b2f4af799ae5d81f95d6f3a834fd6c83,
Execution Time for Trace ID b2f4af799ae5d81f95d6f3a834fd6c83: 87 ms
Input: 1000000,
Cold Start: false
Unique ID: 6e3dcd6ce7a5d67763dabb76044095f3,
Execution Time for Trace ID 6e3dcd6ce7a5d67763dabb76044095f3: 93 ms
Input: 1000000,
Cold Start: false
Unique ID: 2741a456b879e660d54a3f0d11c3e5cb,
Execution Time for Trace ID 2741a456b879e660d54a3f0d11c3e5cb: 86 ms
Input: 1000000,
Cold Start: false
Unique ID: 8ff27d4bd747e0f205fa1f0c76d568b3,
Execution Time for Trace ID 8ff27d4bd747e0f205fa1f0c76d568b3: 96 ms
Input: 1000000,
Cold Start: false
Unique ID: 158ba9cd6863f41a458dc3292937752a,
Execution Time for Trace ID 158ba9cd6863f41a458dc3292937752a: 89 ms
Input: 1000000,
Cold Start: false
Unique ID: be8b1612f2e6a0e7d5fa94ffc0d32d06,
Execution Time for Trace ID be8b1612f2e6a0e7d5fa94ffc0d32d06: 100 ms
Input: 1000000,
Cold Start: false
Unique ID: b5e07e903e0e7afc7456d0431f4a58e4,
Execution Time for Trace ID b5e07e903e0e7afc7456d0431f4a58e4: 95 ms
Input: 1000000,
Cold Start: false
Unique ID: 792e914abfe4fdd07445cd556d68dd6e,
Execution Time for Trace ID 792e914abfe4fdd07445cd556d68dd6e: 99 ms
Input: 1000000,
Cold Start: false
Unique ID: 9afb1bdda74fe73b39acfc8452fd263b,
Execution Time for Trace ID 9afb1bdda74fe73b39acfc8452fd263b: 33 ms
Input: 1000000,
Cold Start: false
Unique ID: d232293854c095a9e20bf289d0e0276d,
Execution Time for Trace ID d232293854c095a9e20bf289d0e0276d: 124 ms
Input: 1000000,
Cold Start: false
Unique ID: 2966d48f4486608ad75464a45b49c54d,
Execution Time for Trace ID 2966d48f4486608ad75464a45b49c54d: 90 ms
Input: 1000000,
Cold Start: false
Unique ID: fa39a0c12f1c91f09129c5009a722db5,
Execution Time for Trace ID fa39a0c12f1c91f09129c5009a722db5: 120 ms
Input: 1000000,
Cold Start: false
Unique ID: d3a57390a70317f47c64bf13691d8912,
Execution Time for Trace ID d3a57390a70317f47c64bf13691d8912: 94 ms
Input: 1000000,
Cold Start: false
Unique ID: 5a64282c07bc8693194ab0fe2681a17d,
Execution Time for Trace ID 5a64282c07bc8693194ab0fe2681a17d: 83 ms
Input: 1000000,
Cold Start: false
Unique ID: b4909397690de67ed995034ba4a3707e,
Execution Time for Trace ID b4909397690de67ed995034ba4a3707e: 99 ms
Input: 1000000,
Cold Start: false
Unique ID: b1472e3e441a1af8934d9f006b9680a5,
Execution Time for Trace ID b1472e3e441a1af8934d9f006b9680a5: 87 ms
Input: 1000000,
Cold Start: false
Unique ID: f6327e39966df4fa8b26f1294230d1c6,
Execution Time for Trace ID f6327e39966df4fa8b26f1294230d1c6: 97 ms
Input: 1000000,
Cold Start: false
Unique ID: c76e004ccd77b30dad195b052d140d43,
Execution Time for Trace ID c76e004ccd77b30dad195b052d140d43: 187 ms
Input: 1000000,
Cold Start: false
Unique ID: 21b2a65a712edcb9cdddd0ffc6238284,
Execution Time for Trace ID 21b2a65a712edcb9cdddd0ffc6238284: 31 ms
Input: 1000000,
Cold Start: false
Unique ID: 9f8feaaaa59b8c67ce54e5e2ea0282b4,
Execution Time for Trace ID 9f8feaaaa59b8c67ce54e5e2ea0282b4: 102 ms
Input: 1000000,
Cold Start: false
Unique ID: 966a772e946fbacf196f66d537af0955,
Execution Time for Trace ID 966a772e946fbacf196f66d537af0955: 98 ms
Input: 1000000,
Cold Start: false
Unique ID: fee6ff39abc03a3f809f8562b5f011d3,
Execution Time for Trace ID fee6ff39abc03a3f809f8562b5f011d3: 195 ms
Input: 1000000,
Cold Start: false
Unique ID: 47200e2c99b8af5b9e249fe3ac3e94cd,
Execution Time for Trace ID 47200e2c99b8af5b9e249fe3ac3e94cd: 106 ms
Input: 1000000,
Cold Start: false
Unique ID: 703481fbdcd0266c225affff4fc0cc2e,
Execution Time for Trace ID 703481fbdcd0266c225affff4fc0cc2e: 105 ms
Input: 1000000,
Cold Start: false
Unique ID: 533207e6b8f99c94177f504687a5199c,
Execution Time for Trace ID 533207e6b8f99c94177f504687a5199c: 94 ms
Input: 1000000,
Cold Start: false
Unique ID: b12ede1a9fbef69467973bec474ff6da,
Execution Time for Trace ID b12ede1a9fbef69467973bec474ff6da: 70 ms
Input: 1000000,
Cold Start: false
Unique ID: ad30218069e4d5a330c0643408ee9039,
Execution Time for Trace ID ad30218069e4d5a330c0643408ee9039: 92 ms
Input: 1000000,
Cold Start: false
Unique ID: cf532bd440725c0189f6cce0ec2f5af0,
Execution Time for Trace ID cf532bd440725c0189f6cce0ec2f5af0: 32 ms
Input: 1000000,
Cold Start: false
Unique ID: ae551abcfe93d48ab2de61edc8848532,
Execution Time for Trace ID ae551abcfe93d48ab2de61edc8848532: 30 ms
Input: 1000000,
Cold Start: false
Unique ID: 3e3b88017ef9ad857006d2542a9ce5fe,
Execution Time for Trace ID 3e3b88017ef9ad857006d2542a9ce5fe: 34 ms
Input: 1000000,
Cold Start: false
Unique ID: eb12be791daacdbf9e39fb42a82bb55b,
Execution Time for Trace ID eb12be791daacdbf9e39fb42a82bb55b: 32 ms
Input: 1000000,
Cold Start: false
Unique ID: 9d27ed9890d33a27d686298ee3dd18e7,
Execution Time for Trace ID 9d27ed9890d33a27d686298ee3dd18e7: 121 ms
Input: 1000000,
Cold Start: false
Unique ID: 407e3214871669c3686fce1c0dbd0fa2,
Execution Time for Trace ID 407e3214871669c3686fce1c0dbd0fa2: 29 ms
Input: 1000000,
Cold Start: false
Unique ID: fdf6a3f6a55c6fd0e4e32afa03ef1590,
Execution Time for Trace ID fdf6a3f6a55c6fd0e4e32afa03ef1590: 30 ms
Input: 1000000,
Cold Start: false
Unique ID: 7c927959bac2d05dcf7f26dcf3a4b209,
Execution Time for Trace ID 7c927959bac2d05dcf7f26dcf3a4b209: 121 ms
Input: 1000000,
Cold Start: false
Unique ID: 2380027d194a8a959aa439d9debcd9c2,
Execution Time for Trace ID 2380027d194a8a959aa439d9debcd9c2: 30 ms
Input: 1000000,
Cold Start: false
Unique ID: 3727e7775c76e0ca0127122903793ec1,
Execution Time for Trace ID 3727e7775c76e0ca0127122903793ec1: 31 ms
Input: 1000000,
Cold Start: false
Unique ID: 7e0e8a9ec0532c513824ce89e9fd7d48,
Execution Time for Trace ID 7e0e8a9ec0532c513824ce89e9fd7d48: 30 ms
Input: 1000000,
Cold Start: false
Unique ID: 86bba0fb75fcb9cacbfae3a954e6e4d5,
Execution Time for Trace ID 86bba0fb75fcb9cacbfae3a954e6e4d5: 33 ms
Input: 1000000,
Cold Start: false
Unique ID: 753568fe5ae80307d7048b5857fc1542,
Execution Time for Trace ID 753568fe5ae80307d7048b5857fc1542: 28 ms
Input: 1000000,
Cold Start: false
Unique ID: 32c2f979e296f0d644002e57a734eec7,
Execution Time for Trace ID 32c2f979e296f0d644002e57a734eec7: 35 ms
Input: 1000000,
Cold Start: false
Unique ID: 4ca2bd9f83274c1c441e7274ada84695,
Execution Time for Trace ID 4ca2bd9f83274c1c441e7274ada84695: 28 ms
Input: 1000000,
Cold Start: false
Unique ID: d82fe14b4601e1d2510e7ce496d420f5,
Execution Time for Trace ID d82fe14b4601e1d2510e7ce496d420f5: 30 ms
Input: 1000000,
Cold Start: false
Unique ID: a461fcbb92dcbf7e562ba2b8a3b4bd33,
Execution Time for Trace ID a461fcbb92dcbf7e562ba2b8a3b4bd33: 29 ms
Input: 1000000,
Cold Start: false
Unique ID: 28b25657f6b8c10cfc80a28f8603e895,
Execution Time for Trace ID 28b25657f6b8c10cfc80a28f8603e895: 31 ms
Input: 1000000,
Cold Start: false
Unique ID: 0a66684c9f0907755b0534f5d11662c7,
Execution Time for Trace ID 0a66684c9f0907755b0534f5d11662c7: 32 ms
Input: 1000000,
Cold Start: false
Unique ID: 99d01fedcd650ee7a424484d2ad40bbd,
Execution Time for Trace ID 99d01fedcd650ee7a424484d2ad40bbd: 31 ms
Input: 1000000,
Cold Start: false
Unique ID: 2ff8b9175c86a0bed9909607aff085fe,
Execution Time for Trace ID 2ff8b9175c86a0bed9909607aff085fe: 109 ms
Input: 1000000,
Cold Start: false
Unique ID: 3a710eb87ab16efeb709db563953f3e9,
Execution Time for Trace ID 3a710eb87ab16efeb709db563953f3e9: 30 ms
Input: 1000000,
Cold Start: false
Unique ID: 6c6bb4b17f84a2eb7d24ad4a7e0546e1,
Execution Time for Trace ID 6c6bb4b17f84a2eb7d24ad4a7e0546e1: 43 ms
Input: 1000000,
Cold Start: false
Unique ID: ff4e523265785bd28a592598fefe67c5,
Execution Time for Trace ID ff4e523265785bd28a592598fefe67c5: 34 ms
Input: 1000000,
Cold Start: false
Unique ID: 20d8ac3eb4c3665f8d5e47a86f7bd199,
Execution Time for Trace ID 20d8ac3eb4c3665f8d5e47a86f7bd199: 32 ms
Input: 1000000,
Cold Start: false
Unique ID: d1ffc2a54c032aabc6baa9b703faaad8,
Execution Time for Trace ID d1ffc2a54c032aabc6baa9b703faaad8: 113 ms
Input: 1000000,
Cold Start: false
Unique ID: 016c5d07a16fa6d378c04dd947b61257,
Execution Time for Trace ID 016c5d07a16fa6d378c04dd947b61257: 35 ms
Input: 1000000,
Cold Start: false
Unique ID: 3b974b8f04b78d626f8cceb1da1beac8,
Execution Time for Trace ID 3b974b8f04b78d626f8cceb1da1beac8: 106 ms
Input: 1000000,
Cold Start: false
Unique ID: 9c7be63507c4fbb043c6698fe62431d3,
Execution Time for Trace ID 9c7be63507c4fbb043c6698fe62431d3: 33 ms
Input: 1000000,
Cold Start: false
Unique ID: cf387c41cda509191831c6bbdf41d993,
Execution Time for Trace ID cf387c41cda509191831c6bbdf41d993: 32 ms
Input: 1000000,
Cold Start: false
Unique ID: c714a17dce3404f9f599640072e05568,
Execution Time for Trace ID c714a17dce3404f9f599640072e05568: 37 ms
Input: 1000000,
Cold Start: false
Unique ID: 90459f98c3c903d31b596d3152954049,
Execution Time for Trace ID 90459f98c3c903d31b596d3152954049: 114 ms
Input: 1000000,
Cold Start: false
Unique ID: de977420a31ab5135074afcdb8b7b0e0,
Execution Time for Trace ID de977420a31ab5135074afcdb8b7b0e0: 30 ms
Input: 1000000,
Cold Start: false
Unique ID: b2f170b3db4f0cf45a4ae530cd01173a,
Execution Time for Trace ID b2f170b3db4f0cf45a4ae530cd01173a: 121 ms
Input: 1000000,
Cold Start: false
Unique ID: 852255b58cdf11c1f931090ceac1c2ba,
Execution Time for Trace ID 852255b58cdf11c1f931090ceac1c2ba: 30 ms
Input: 1000000,
Cold Start: false
Unique ID: 8b96fddebf56181badd46a3dddfde6e8,
Execution Time for Trace ID 8b96fddebf56181badd46a3dddfde6e8: 30 ms
Input: 1000000,
Cold Start: false
Unique ID: 134a984f7545303dc72e2e35233bbd2b,
Execution Time for Trace ID 134a984f7545303dc72e2e35233bbd2b: 30 ms
Input: 1000000,
Cold Start: false
Unique ID: f1c03fa0b858cc0803fca8dbc6bf5272,
Execution Time for Trace ID f1c03fa0b858cc0803fca8dbc6bf5272: 36 ms
Input: 1000000,
Cold Start: false
Unique ID: 9f0f89fe308fc01f276f5951ba86fa97,
Execution Time for Trace ID 9f0f89fe308fc01f276f5951ba86fa97: 37 ms
Input: 1000000,
Cold Start: false
Unique ID: 98eb1a3304c3a00f9bb6534451784cfa,
Execution Time for Trace ID 98eb1a3304c3a00f9bb6534451784cfa: 113 ms
Input: 1000000,
Cold Start: false
Unique ID: e86ae8fa1e5b6dfe87ad6ce6bd38f7df,
Execution Time for Trace ID e86ae8fa1e5b6dfe87ad6ce6bd38f7df: 34 ms
Input: 1000000,
Cold Start: false
Unique ID: 59e62231237fc781bb073bd21e83bb73,
Execution Time for Trace ID 59e62231237fc781bb073bd21e83bb73: 121 ms
Input: 1000000,
Cold Start: false
Unique ID: 916d3fc569496c69a2b0d6c9f5f3f743,
Execution Time for Trace ID 916d3fc569496c69a2b0d6c9f5f3f743: 33 ms
Input: 1000000,
Cold Start: false
Unique ID: d036454c53e32d0bd93781eb18b10567,
Execution Time for Trace ID d036454c53e32d0bd93781eb18b10567: 41 ms
Input: 1000000,
Cold Start: false
Unique ID: 55c607f6542609de3d7a7079220db25a,
Execution Time for Trace ID 55c607f6542609de3d7a7079220db25a: 29 ms
Input: 1000000,
Cold Start: false
Unique ID: 26bada35f475c595f152971c67f01ca5,
Execution Time for Trace ID 26bada35f475c595f152971c67f01ca5: 31 ms
Input: 1000000,
Cold Start: false
Unique ID: 6d868fd227d8c903d4018f860eda2aa2,
Execution Time for Trace ID 6d868fd227d8c903d4018f860eda2aa2: 30 ms
Input: 1000000,
Cold Start: false
Unique ID: 3c011916d0794122bf884811abf2a570,
Execution Time for Trace ID 3c011916d0794122bf884811abf2a570: 31 ms
Input: 1000000,
Cold Start: false
Unique ID: 003cd493eade7dad3f8afb4d16f9d4db,
Execution Time for Trace ID 003cd493eade7dad3f8afb4d16f9d4db: 31 ms
Input: 1000000,
Cold Start: false
Unique ID: 9d4c26e6ffa4e9d714c4add803fcfd6a,
Execution Time for Trace ID 9d4c26e6ffa4e9d714c4add803fcfd6a: 31 ms
Input: 1000000,
Cold Start: false
Unique ID: 7dcb00cee09a98f0c456dc531e5ff6f6,
Execution Time for Trace ID 7dcb00cee09a98f0c456dc531e5ff6f6: 32 ms
Input: 1000000,
Cold Start: false
Unique ID: b4cfad95fc49f02027072f37bf507036,
Execution Time for Trace ID b4cfad95fc49f02027072f37bf507036: 34 ms
Input: 1000000,
Cold Start: false
Unique ID: 8bb585c4fc72fbfc094d3b01dc5461a0,
Execution Time for Trace ID 8bb585c4fc72fbfc094d3b01dc5461a0: 30 ms
Input: 1000000,
Cold Start: false
Unique ID: 1aa86df5ae07abc215ff7ac99f7ac4e7,
Execution Time for Trace ID 1aa86df5ae07abc215ff7ac99f7ac4e7: 129 ms
Input: 1000000,
Cold Start: false
Unique ID: 9bffcdd47002a27351b31590f5c52552,
Execution Time for Trace ID 9bffcdd47002a27351b31590f5c52552: 30 ms
Input: 1000000,
Cold Start: false
Unique ID: 04f9441a98f76498b09b5a82a771a3ae,
Execution Time for Trace ID 04f9441a98f76498b09b5a82a771a3ae: 27 ms
Input: 1000000,
Cold Start: false
Unique ID: 2541b903b524096a030fb186ca138651,
Execution Time for Trace ID 2541b903b524096a030fb186ca138651: 31 ms
Input: 1000000,
Cold Start: false
Unique ID: 23c6d89b1ed0d644464a38e96878e1da,
Execution Time for Trace ID 23c6d89b1ed0d644464a38e96878e1da: 29 ms
Input: 1000000,
Cold Start: false
Unique ID: a1868d27e49b856661b12ba74282b385,
Execution Time for Trace ID a1868d27e49b856661b12ba74282b385: 32 ms
Input: 1000000,
Cold Start: false
Unique ID: 5b07080326110834e3de901171824270,
Execution Time for Trace ID 5b07080326110834e3de901171824270: 29 ms
Input: 1000000,
Cold Start: false
Unique ID: 43df28297598b424aab0331fc6243072,
Execution Time for Trace ID 43df28297598b424aab0331fc6243072: 30 ms
Input: 1000000,
Cold Start: false
Unique ID: 834a5e55a5b9b05dbc58105a48768b61,
Execution Time for Trace ID 834a5e55a5b9b05dbc58105a48768b61: 29 ms
Input: 1000000,
Cold Start: false
Unique ID: 314f4d7b842d24a185cb3c097b43fc80,
Execution Time for Trace ID 314f4d7b842d24a185cb3c097b43fc80: 31 ms
Input: 1000000,
Cold Start: false
Unique ID: aa4a74e51c2c37ac3b5fe75afcbfc2d5,
Execution Time for Trace ID aa4a74e51c2c37ac3b5fe75afcbfc2d5: 34 ms
Input: 1000000,
Cold Start: false
Unique ID: d064fac7720af1f7bf2406fa8cefe182,
Execution Time for Trace ID d064fac7720af1f7bf2406fa8cefe182: 32 ms
Input: 1000000,
Cold Start: false
Unique ID: 330335f22a4b17a7b5d4b658eb1998bd,
Execution Time for Trace ID 330335f22a4b17a7b5d4b658eb1998bd: 31 ms
Input: 1000000,
Cold Start: false
Unique ID: af14c67778c1ab8daa033afa8f0da30b,
Execution Time for Trace ID af14c67778c1ab8daa033afa8f0da30b: 31 ms
Input: 1000000,
Cold Start: false
Unique ID: 1e5bb620c12029fb2f967ce106d7787e,
Execution Time for Trace ID 1e5bb620c12029fb2f967ce106d7787e: 29 ms
Input: 1000000,
Cold Start: false
Unique ID: e073afe5676143e7871311c062f6f03d,
Execution Time for Trace ID e073afe5676143e7871311c062f6f03d: 38 ms
Input: 1000000,
Cold Start: false
Unique ID: ba8abc20b3fea79e24fa7f3628408622,
Execution Time for Trace ID ba8abc20b3fea79e24fa7f3628408622: 43 ms
Input: 1000000,
Cold Start: false
Unique ID: 0d3c45277b66c54aefea4e05865a6f4f,
Execution Time for Trace ID 0d3c45277b66c54aefea4e05865a6f4f: 43 ms
Input: 1000000,
Cold Start: false
Unique ID: 039e68ba19174f33ecef9c28ef9b989d,
Execution Time for Trace ID 039e68ba19174f33ecef9c28ef9b989d: 29 ms
Input: 1000000,
Cold Start: false
Unique ID: 1b06e5f3b212c3355cbb2f14a8ec5131,
Execution Time for Trace ID 1b06e5f3b212c3355cbb2f14a8ec5131: 31 ms
Input: 1000000,
Cold Start: false
Unique ID: 67db63076140ee52ccc5c5bbf4627108,
Execution Time for Trace ID 67db63076140ee52ccc5c5bbf4627108: 41 ms
Input: 1000000,
Cold Start: false
Unique ID: 4eaa6e43047e4f05b3f97cd35f1ce689,
Execution Time for Trace ID 4eaa6e43047e4f05b3f97cd35f1ce689: 114 ms
Input: 1000000,
Cold Start: false
Unique ID: 1a43eda33790c01e5410e20157e5e67b,
Execution Time for Trace ID 1a43eda33790c01e5410e20157e5e67b: 48 ms
Input: 1000000,
Cold Start: false
Unique ID: 3cdce19e8e07807f0ad9c1beb3f79378,
Execution Time for Trace ID 3cdce19e8e07807f0ad9c1beb3f79378: 118 ms
Input: 1000000,
Cold Start: false
Unique ID: 20e563e20fd3976f5baedb2049006e69,
Execution Time for Trace ID 20e563e20fd3976f5baedb2049006e69: 35 ms
Input: 1000000,
Cold Start: false
Unique ID: 50795448f1cf599b79d9fbf6bc085c9b,
Execution Time for Trace ID 50795448f1cf599b79d9fbf6bc085c9b: 111 ms
Input: 1000000,
Cold Start: false
Unique ID: 3260302c6bd5e55abcdfb4e5820169f5,
Execution Time for Trace ID 3260302c6bd5e55abcdfb4e5820169f5: 33 ms
Input: 1000000,
Cold Start: false
Unique ID: 5aa21684df80ce981407b6951bf435f5,
Execution Time for Trace ID 5aa21684df80ce981407b6951bf435f5: 51 ms
Input: 1000000,
Cold Start: false
Unique ID: 86374b85d6bc06c63dd31f7b88af82e6,
Execution Time for Trace ID 86374b85d6bc06c63dd31f7b88af82e6: 36 ms
Input: 1000000,
Cold Start: false
Unique ID: ab66141dbb3d5e930606b3917e75e563,
Execution Time for Trace ID ab66141dbb3d5e930606b3917e75e563: 36 ms
Input: 1000000,
Cold Start: false
Unique ID: 1e372db4954db9d96c7f2ca0e9affdc5,
Execution Time for Trace ID 1e372db4954db9d96c7f2ca0e9affdc5: 30 ms
Input: 1000000,
Cold Start: false
Unique ID: 6ff81e6ef31b09470620d007e0481f01,
Execution Time for Trace ID 6ff81e6ef31b09470620d007e0481f01: 31 ms
Input: 1000000,
Cold Start: false
Unique ID: c504d46ab41c7bd5f795a2fde9d116ab,
Execution Time for Trace ID c504d46ab41c7bd5f795a2fde9d116ab: 30 ms
Input: 1000000,
Cold Start: false
Unique ID: a9f43b3fb064a91750e9de69ba740d92,
Execution Time for Trace ID a9f43b3fb064a91750e9de69ba740d92: 34 ms
Input: 1000000,
Cold Start: false
Unique ID: d09b8f876bcecc47cfbc047760457b2c,
Execution Time for Trace ID d09b8f876bcecc47cfbc047760457b2c: 30 ms
Input: 1000000,
Cold Start: false
Unique ID: cca2ab5e44a290eef24333388644ea2b,
Execution Time for Trace ID cca2ab5e44a290eef24333388644ea2b: 32 ms
Input: 1000000,
Cold Start: false
Unique ID: b2d47918f61c2474967724349752b5f5,
Execution Time for Trace ID b2d47918f61c2474967724349752b5f5: 35 ms
Input: 1000000,
Cold Start: false
Unique ID: eb8158ab605a05cedd5d8e879d23962f,
Execution Time for Trace ID eb8158ab605a05cedd5d8e879d23962f: 38 ms
Input: 1000000,
Cold Start: false
Unique ID: 1430637000d2d6c583ab35a45895f250,
Execution Time for Trace ID 1430637000d2d6c583ab35a45895f250: 35 ms
Input: 1000000,
Cold Start: false
Unique ID: 77d755450eb5366987d72c79bceecced,
Execution Time for Trace ID 77d755450eb5366987d72c79bceecced: 34 ms
Input: 1000000,
Cold Start: false
Unique ID: 533d80cbead3126c62c7405db6d286a8,
Execution Time for Trace ID 533d80cbead3126c62c7405db6d286a8: 44 ms
Input: 1000000,
Cold Start: false
Unique ID: a2e8ed8ab8c7be449de5067e271aa784,
Execution Time for Trace ID a2e8ed8ab8c7be449de5067e271aa784: 125 ms
Input: 1000000,
Cold Start: false
Unique ID: d75b86a239d0d72e79e277fe07ff7455,
Execution Time for Trace ID d75b86a239d0d72e79e277fe07ff7455: 89 ms
Input: 1000000,
Cold Start: false
Unique ID: f29ac86d2836a8bf043705aca5b610f0,
Execution Time for Trace ID f29ac86d2836a8bf043705aca5b610f0: 30 ms
Input: 1000000,
Cold Start: false
Unique ID: 4672a26c06e8e34b11b08be4cdddcd7f,
Execution Time for Trace ID 4672a26c06e8e34b11b08be4cdddcd7f: 32 ms
Input: 1000000,
Cold Start: false
Unique ID: 714f9d93fcf2d6e3bcb79d7ce64ecbe9,
Execution Time for Trace ID 714f9d93fcf2d6e3bcb79d7ce64ecbe9: 115 ms
Input: 1000000,
Cold Start: false
Unique ID: 79708e7f0ddbcb095e05ce0320c12138,
Execution Time for Trace ID 79708e7f0ddbcb095e05ce0320c12138: 34 ms
Input: 1000000,
Cold Start: false
Unique ID: a013e72d57cafa2da61efbc2a62ab301,
Execution Time for Trace ID a013e72d57cafa2da61efbc2a62ab301: 33 ms
Input: 1000000,
Cold Start: false
Unique ID: 597e65c34218fc42c968489d9f61ad84,
Execution Time for Trace ID 597e65c34218fc42c968489d9f61ad84: 33 ms
Input: 1000000,
Cold Start: false
Unique ID: 452e66e8f3e0a1c0bd3565613262b2f2,
Execution Time for Trace ID 452e66e8f3e0a1c0bd3565613262b2f2: 35 ms
Input: 1000000,
Cold Start: false
Unique ID: 77e990e63796edb3a58e1e5b54728070,
Execution Time for Trace ID 77e990e63796edb3a58e1e5b54728070: 37 ms
Input: 1000000,
Cold Start: false
Unique ID: ab2a239abd79871e9ba46ef41f8fae7d,
Execution Time for Trace ID ab2a239abd79871e9ba46ef41f8fae7d: 31 ms
Input: 1000000,
Cold Start: false
Unique ID: ff66f1161e3d6df52078047877133e1b,
Execution Time for Trace ID ff66f1161e3d6df52078047877133e1b: 33 ms
Input: 1000000,
Cold Start: false
Unique ID: ca9ed5715ed62e997a3174ec4006dc33,
Execution Time for Trace ID ca9ed5715ed62e997a3174ec4006dc33: 40 ms
Input: 1000000,
Cold Start: false
Unique ID: 2d12836c2bde4f8972e4352b8c9da476,
Execution Time for Trace ID 2d12836c2bde4f8972e4352b8c9da476: 35 ms
Input: 1000000,
Cold Start: false
Unique ID: f7b47f59af93737abd402ab17d9d1d9c,
Execution Time for Trace ID f7b47f59af93737abd402ab17d9d1d9c: 38 ms
Input: 1000000,
Cold Start: false
Unique ID: 0a462c2d631d558f4944f0edcf27faf5,
Execution Time for Trace ID 0a462c2d631d558f4944f0edcf27faf5: 36 ms
Input: 1000000,
Cold Start: false
Unique ID: 37f1ae8fb659decafc7cdeae8bfd25f7,
Execution Time for Trace ID 37f1ae8fb659decafc7cdeae8bfd25f7: 37 ms
Input: 1000000,
Cold Start: false
Unique ID: 81398ef8a66ef08e8d164a25c3563073,
Execution Time for Trace ID 81398ef8a66ef08e8d164a25c3563073: 27 ms
Input: 1000000,
Cold Start: false
Unique ID: 3fb2e8ed20606f65dab389f579d79adc,
Execution Time for Trace ID 3fb2e8ed20606f65dab389f579d79adc: 48 ms
Input: 1000000,
Cold Start: false
Unique ID: f556e35fe9b1702076117f545b906b80,
Execution Time for Trace ID f556e35fe9b1702076117f545b906b80: 84 ms
Input: 1000000,
Cold Start: false
Unique ID: c012f8e8e502c172634017b0c263aebd,
Execution Time for Trace ID c012f8e8e502c172634017b0c263aebd: 159 ms
Input: 1000000,
Cold Start: false
Unique ID: 6f88c3f428191342b6c05c09aa526b89,
Execution Time for Trace ID 6f88c3f428191342b6c05c09aa526b89: 52 ms
Input: 1000000,
Cold Start: false
Unique ID: 60bfc75b88d40e8fde578be0bdea9235,
Execution Time for Trace ID 60bfc75b88d40e8fde578be0bdea9235: 45 ms
Input: 1000000,
Cold Start: false
Unique ID: 09e5473eae0f2b24bc13d6ee0de14893,
Execution Time for Trace ID 09e5473eae0f2b24bc13d6ee0de14893: 28 ms
Input: 1000000,
Cold Start: false
Unique ID: b84800d955339a678bbd1a45c9a373d4,
Execution Time for Trace ID b84800d955339a678bbd1a45c9a373d4: 38 ms
Input: 1000000,
Cold Start: false
Unique ID: 2f96e32238e1e9fac61fc3eb7e79b436,
Execution Time for Trace ID 2f96e32238e1e9fac61fc3eb7e79b436: 31 ms
Input: 1000000,
Cold Start: false
Unique ID: bed9973485faabe4d925c7c69a0f87f3,
Execution Time for Trace ID bed9973485faabe4d925c7c69a0f87f3: 41 ms
Input: 1000000,
Cold Start: false
Unique ID: 17c7ca64e912325256f89374b8cd328e,
Execution Time for Trace ID 17c7ca64e912325256f89374b8cd328e: 45 ms
Input: 1000000,
Cold Start: false
Unique ID: 11afce3560271eb124f1374f3e16f067,
Execution Time for Trace ID 11afce3560271eb124f1374f3e16f067: 30 ms
Input: 1000000,
Cold Start: false
Unique ID: dbbfebb7969fbb78d8374c49c059ba57,
Execution Time for Trace ID dbbfebb7969fbb78d8374c49c059ba57: 28 ms
Input: 1000000,
Cold Start: false
Unique ID: e81c75d9afb47632eea3d58eb8779137,
Execution Time for Trace ID e81c75d9afb47632eea3d58eb8779137: 35 ms
Input: 1000000,
Cold Start: false
Unique ID: 9898126159f6405cbb6ffdc747a90b8e,
Execution Time for Trace ID 9898126159f6405cbb6ffdc747a90b8e: 39 ms
Input: 1000000,
Cold Start: false
Unique ID: f1c36c81ca4ab285370a6bad056bce6e,
Execution Time for Trace ID f1c36c81ca4ab285370a6bad056bce6e: 40 ms
Input: 1000000,
Cold Start: false
Unique ID: 3d5a20e2ad9198f93f0856dc3f335dd5,
Execution Time for Trace ID 3d5a20e2ad9198f93f0856dc3f335dd5: 28 ms
Input: 1000000,
Cold Start: false
Unique ID: 025e8cbba034edb59d1d23f1f2d30674,
Execution Time for Trace ID 025e8cbba034edb59d1d23f1f2d30674: 43 ms
Input: 1000000,
Cold Start: false
Unique ID: 0af85a3d7282ed699fdadf30c0a62b14,
Execution Time for Trace ID 0af85a3d7282ed699fdadf30c0a62b14: 29 ms
Input: 1000000,
Cold Start: false
Unique ID: 2a3758b534ead38e417088cdc8e3d8a4,
Execution Time for Trace ID 2a3758b534ead38e417088cdc8e3d8a4: 38 ms
Input: 1000000,
Cold Start: false
Unique ID: f253a07f00733934c64678587b89e2e6,
Execution Time for Trace ID f253a07f00733934c64678587b89e2e6: 33 ms
Input: 1000000,
Cold Start: false
Unique ID: 14c442dbddba22dc2649451f5549b914,
Execution Time for Trace ID 14c442dbddba22dc2649451f5549b914: 43 ms
Input: 1000000,
Cold Start: false
Unique ID: 9c1f2ef4e2ca42a82c9f5c43345536e0,
Execution Time for Trace ID 9c1f2ef4e2ca42a82c9f5c43345536e0: 28 ms
Input: 1000000,
Cold Start: false
Unique ID: 21370cb4baaa2e985ce225e42bdbbbc5,
Execution Time for Trace ID 21370cb4baaa2e985ce225e42bdbbbc5: 34 ms
Input: 1000000,
Cold Start: false
Unique ID: ef9b84b1af027f1178b9f5f84552cc07,
Execution Time for Trace ID ef9b84b1af027f1178b9f5f84552cc07: 32 ms
Input: 1000000,
Cold Start: false
Unique ID: 1bb1873a66bd27586bc83fa72ba5ecd0,
Execution Time for Trace ID 1bb1873a66bd27586bc83fa72ba5ecd0: 34 ms
Input: 1000000,
Cold Start: false
Unique ID: 1abbdf0c30e7c12f44e24d384c909b64,
Execution Time for Trace ID 1abbdf0c30e7c12f44e24d384c909b64: 33 ms
Input: 1000000,
Cold Start: false
Unique ID: d8398d33c15fe0f3d663d37f750d5d74,
Execution Time for Trace ID d8398d33c15fe0f3d663d37f750d5d74: 36 ms
Input: 1000000,
Cold Start: false
Unique ID: 1326a693f92f6cbc3023c84c46ac0e90,
Execution Time for Trace ID 1326a693f92f6cbc3023c84c46ac0e90: 33 ms
Input: 1000000,
Cold Start: false
Unique ID: a2795ce5dd8c4c68eef9981143e54c12,
Execution Time for Trace ID a2795ce5dd8c4c68eef9981143e54c12: 32 ms
Input: 1000000,
Cold Start: false
Unique ID: 658ca2cd35e33f72826d0b0a42f074dd,
Execution Time for Trace ID 658ca2cd35e33f72826d0b0a42f074dd: 28 ms
Input: 1000000,
Cold Start: false
Unique ID: 9d71a00b83da3ef0f681d54b5a092ed3,
Execution Time for Trace ID 9d71a00b83da3ef0f681d54b5a092ed3: 41 ms
Input: 1000000,
Cold Start: false
Unique ID: 090c05eb1a0c4277765a4a64ca7adf74,
Execution Time for Trace ID 090c05eb1a0c4277765a4a64ca7adf74: 43 ms
Input: 1000000,
Cold Start: false
Unique ID: a73334131ed472aceca98d341cf02075,
Execution Time for Trace ID a73334131ed472aceca98d341cf02075: 38 ms
Input: 1000000,
Cold Start: false
Unique ID: d58e84554073996765b9d0c7d9a7ee85,
Execution Time for Trace ID d58e84554073996765b9d0c7d9a7ee85: 35 ms
Input: 1000000,
Cold Start: false
Unique ID: 98e1d1c995cac7a04d524c4a68e48904,
Execution Time for Trace ID 98e1d1c995cac7a04d524c4a68e48904: 35 ms
Input: 1000000,
Cold Start: false
Unique ID: b7f95bd82a1d911a52cf4f4f53df6599,
Execution Time for Trace ID b7f95bd82a1d911a52cf4f4f53df6599: 28 ms
Input: 1000000,
Cold Start: false
Unique ID: ecaae86060e8fe05d2e88d512ad460e1,
Execution Time for Trace ID ecaae86060e8fe05d2e88d512ad460e1: 42 ms
Input: 1000000,
Cold Start: false
Unique ID: 5393123bd77f7803a2b8545cd3ed88e1,
Execution Time for Trace ID 5393123bd77f7803a2b8545cd3ed88e1: 34 ms
Input: 1000000,
Cold Start: false
Unique ID: 363c805c4d2bbfe399e3adce84a322ee,
Execution Time for Trace ID 363c805c4d2bbfe399e3adce84a322ee: 42 ms
Input: 1000000,
Cold Start: false
Unique ID: 06cb11f7cf946342c99038a6b63d72d2,
Execution Time for Trace ID 06cb11f7cf946342c99038a6b63d72d2: 27 ms
Input: 1000000,
Cold Start: false
Unique ID: 977e7243dcdc64796a549f6bf4103942,
Execution Time for Trace ID 977e7243dcdc64796a549f6bf4103942: 36 ms
Input: 1000000,
Cold Start: false
Unique ID: 69e5f55964d3ed3a3047e9c40af7c77a,
Execution Time for Trace ID 69e5f55964d3ed3a3047e9c40af7c77a: 41 ms
Input: 1000000,
Cold Start: false
Unique ID: 61f71962f8ae62972fb81450ea1fb98f,
Execution Time for Trace ID 61f71962f8ae62972fb81450ea1fb98f: 32 ms
Input: 1000000,
Cold Start: false
Unique ID: eae2789216d15463968105a6eb0f2b99,
Execution Time for Trace ID eae2789216d15463968105a6eb0f2b99: 28 ms
Input: 1000000,
Cold Start: false
Unique ID: 21c68b6859f8152ceffec135c0a9618e,
Execution Time for Trace ID 21c68b6859f8152ceffec135c0a9618e: 36 ms
Input: 1000000,
Cold Start: false
Unique ID: 42a253715f66e22f2bc14cf176f17a71,
Execution Time for Trace ID 42a253715f66e22f2bc14cf176f17a71: 39 ms
Input: 1000000,
Cold Start: false
Unique ID: 9e690e75668a0daa305da96abd7f221f,
Execution Time for Trace ID 9e690e75668a0daa305da96abd7f221f: 37 ms
Input: 1000000,
Cold Start: false
Unique ID: a04f70682627436f7500d32ced806052,
Execution Time for Trace ID a04f70682627436f7500d32ced806052: 27 ms
Input: 1000000,
Cold Start: false
Unique ID: 06d635a07beb49478f17e9722db1e262,
Execution Time for Trace ID 06d635a07beb49478f17e9722db1e262: 38 ms
Input: 1000000,
Cold Start: false
Unique ID: dfc55e198e205d661675100486637c58,
Execution Time for Trace ID dfc55e198e205d661675100486637c58: 42 ms
Input: 1000000,
Cold Start: false
Unique ID: b800b8fe6ad262ee87827a8c27011c22,
Execution Time for Trace ID b800b8fe6ad262ee87827a8c27011c22: 36 ms
Input: 1000000,
Cold Start: false
Unique ID: 5417851555b79759f56048f368c51bd1,
Execution Time for Trace ID 5417851555b79759f56048f368c51bd1: 29 ms
Input: 1000000,
Cold Start: false
Unique ID: ad7e08e67eff31710df55ef0d6c54026,
Execution Time for Trace ID ad7e08e67eff31710df55ef0d6c54026: 39 ms
Input: 1000000,
Cold Start: false
Unique ID: c22c9de18ea0369fcd7f0d6add49a2d4,
Execution Time for Trace ID c22c9de18ea0369fcd7f0d6add49a2d4: 36 ms
Input: 1000000,
Cold Start: false
Unique ID: 34c6cb936e568f50b875f96510cd9319,
Execution Time for Trace ID 34c6cb936e568f50b875f96510cd9319: 31 ms
Input: 1000000,
Cold Start: false
Unique ID: 577c9cebc5ef1eb5a6af7ab00ea4d491,
Execution Time for Trace ID 577c9cebc5ef1eb5a6af7ab00ea4d491: 70 ms
Input: 1000000,
Cold Start: false
Unique ID: 3d4e42e4779951a74ff0516493b7f317,
Execution Time for Trace ID 3d4e42e4779951a74ff0516493b7f317: 37 ms
Input: 1000000,
Cold Start: false
Unique ID: 9fed76467c21b59697ece73b1da2e965,
Execution Time for Trace ID 9fed76467c21b59697ece73b1da2e965: 28 ms
Input: 1000000,
Cold Start: false
Unique ID: 92abe992061bd950d6e23d1b2111975e,
Execution Time for Trace ID 92abe992061bd950d6e23d1b2111975e: 33 ms
Input: 1000000,
Cold Start: false
Unique ID: 3c5bce2b6b8dad7d5c2a6ccbfd1081bd,
Execution Time for Trace ID 3c5bce2b6b8dad7d5c2a6ccbfd1081bd: 49 ms
Input: 1000000,
Cold Start: false
Unique ID: 122b6324e14a4044350fad82f8a3029f,
Execution Time for Trace ID 122b6324e14a4044350fad82f8a3029f: 41 ms
Input: 1000000,
Cold Start: false
Unique ID: a58961b75559e8730b4812415eca1af1,
Execution Time for Trace ID a58961b75559e8730b4812415eca1af1: 37 ms
Input: 1000000,
Cold Start: false
Unique ID: 149127d8c61a82fb026b021676f51e2d,
Execution Time for Trace ID 149127d8c61a82fb026b021676f51e2d: 36 ms
Input: 1000000,
Cold Start: false
Unique ID: 8b002aca45996cb18658b59cac593934,
Execution Time for Trace ID 8b002aca45996cb18658b59cac593934: 34 ms
Input: 1000000,
Cold Start: false
Unique ID: e97eb5ff173c6e95e28c8fc576580c8e,
Execution Time for Trace ID e97eb5ff173c6e95e28c8fc576580c8e: 34 ms
Input: 1000000,
Cold Start: false
Unique ID: 926846a556756b50970bc6c8eed2f377,
Execution Time for Trace ID 926846a556756b50970bc6c8eed2f377: 37 ms
Input: 1000000,
Cold Start: false
Unique ID: 31cd11560cb6a2008188ca0b95a19b98,
Execution Time for Trace ID 31cd11560cb6a2008188ca0b95a19b98: 29 ms
Input: 1000000,
Cold Start: false
Unique ID: 947950796fae93995bb84575d7c2129c,
Execution Time for Trace ID 947950796fae93995bb84575d7c2129c: 34 ms
Input: 1000000,
Cold Start: false
Unique ID: febcdce99088c8b69eb37c74d02c91b8,
Execution Time for Trace ID febcdce99088c8b69eb37c74d02c91b8: 35 ms
Input: 1000000,
Cold Start: false
Unique ID: 23abfc8ddf269417c695ed88184e8ef0,
Execution Time for Trace ID 23abfc8ddf269417c695ed88184e8ef0: 35 ms
Input: 1000000,
Cold Start: false
Unique ID: eb47f42736ba4414c8bcc759896b675d,
Execution Time for Trace ID eb47f42736ba4414c8bcc759896b675d: 28 ms
Input: 1000000,
Cold Start: false
Unique ID: ca172a1453028d7a1f522ef69bc874fe,
Execution Time for Trace ID ca172a1453028d7a1f522ef69bc874fe: 37 ms
Input: 1000000,
Cold Start: false
Unique ID: 78739603fb74e61920cbdcd9aa2882fc,
Execution Time for Trace ID 78739603fb74e61920cbdcd9aa2882fc: 33 ms
Input: 1000000,
Cold Start: false
Unique ID: 1281b0ee3f4ca41696a608a07659315a,
Execution Time for Trace ID 1281b0ee3f4ca41696a608a07659315a: 34 ms
Input: 1000000,
Cold Start: false
Unique ID: 5259e50a62b532d2b0ada461e3231502,
Execution Time for Trace ID 5259e50a62b532d2b0ada461e3231502: 36 ms
Input: 1000000,
Cold Start: false
Unique ID: a524f84441914e2a84dc345b18b518a0,
Execution Time for Trace ID a524f84441914e2a84dc345b18b518a0: 38 ms
Input: 1000000,
Cold Start: false
Unique ID: 6c91d459be78dbcc92fb76769fb7fc36,
Execution Time for Trace ID 6c91d459be78dbcc92fb76769fb7fc36: 40 ms
Input: 1000000,
Cold Start: false
Unique ID: 18e398930db721629f94ecfde64828a9,
Execution Time for Trace ID 18e398930db721629f94ecfde64828a9: 37 ms
Input: 1000000,
Cold Start: false
Unique ID: 8f26fb82cdeb38672f0481799c9d5b8a,
Execution Time for Trace ID 8f26fb82cdeb38672f0481799c9d5b8a: 37 ms
Input: 1000000,
Cold Start: false
Unique ID: 65cc1f61bfbe4f6391e33977ba0ef523,
Execution Time for Trace ID 65cc1f61bfbe4f6391e33977ba0ef523: 35 ms
Input: 1000000,
Cold Start: false
Unique ID: b2b4520d2e3f64618579bb738da55e7d,
Execution Time for Trace ID b2b4520d2e3f64618579bb738da55e7d: 44 ms
Input: 1000000,
Cold Start: false
Unique ID: 7a858b8d3064815d83526d6c80f4d19e,
Execution Time for Trace ID 7a858b8d3064815d83526d6c80f4d19e: 38 ms
Input: 1000000,
Cold Start: false
Unique ID: b3414aab4924d111a145ab2895bd0123,
Execution Time for Trace ID b3414aab4924d111a145ab2895bd0123: 31 ms
Input: 1000000,
Cold Start: false
Unique ID: 311c5909ca8b7a5bce8f82a2f761bb4b,
Execution Time for Trace ID 311c5909ca8b7a5bce8f82a2f761bb4b: 31 ms
Input: 1000000,
Cold Start: false
Unique ID: e15fead366d5ea3c2ab9b637098f249b,
Execution Time for Trace ID e15fead366d5ea3c2ab9b637098f249b: 31 ms
Input: 1000000,
Cold Start: false
Unique ID: 20b3ae18a47c533d480ee36b56a6f4bf,
Execution Time for Trace ID 20b3ae18a47c533d480ee36b56a6f4bf: 36 ms
Input: 1000000,
Cold Start: false
Unique ID: 64047482152b53187f02f9510b776347,
Execution Time for Trace ID 64047482152b53187f02f9510b776347: 66 ms
Input: 1000000,
Cold Start: false
Unique ID: 7770ec02f6be40a2574951fb09afd5fe,
Execution Time for Trace ID 7770ec02f6be40a2574951fb09afd5fe: 84 ms
Input: 1000000,
Cold Start: false
Unique ID: 0397b699322db2d96c4a1dfe4caf2d43,
Execution Time for Trace ID 0397b699322db2d96c4a1dfe4caf2d43: 32 ms
Input: 1000000,
Cold Start: false
Unique ID: 7f4cf98b8b1c2338ac3307fa9b83ab60,
Execution Time for Trace ID 7f4cf98b8b1c2338ac3307fa9b83ab60: 32 ms
Input: 1000000,
Cold Start: false
Unique ID: 386318a994c9983b56ee2f326b84fa3c,
Execution Time for Trace ID 386318a994c9983b56ee2f326b84fa3c: 110 ms
Input: 1000000,
Cold Start: false
Unique ID: 74a216efecaf3284f2c5d590c0bc1255,
Execution Time for Trace ID 74a216efecaf3284f2c5d590c0bc1255: 29 ms
Input: 1000000,
Cold Start: false
Unique ID: ce814044b161300f97dcfa2c61e9b0ad,
Execution Time for Trace ID ce814044b161300f97dcfa2c61e9b0ad: 31 ms
Input: 1000000,
Cold Start: false
Unique ID: 464a41acea4f1573d3f574f6d48d510b,
Execution Time for Trace ID 464a41acea4f1573d3f574f6d48d510b: 86 ms
Input: 1000000,
Cold Start: false
Unique ID: 33a30179f0e1ee52ff6f443cf5323b4e,
Execution Time for Trace ID 33a30179f0e1ee52ff6f443cf5323b4e: 102 ms
Input: 1000000,
Cold Start: false
Unique ID: a536fda5e859a49d1558bbb0af808129,
Execution Time for Trace ID a536fda5e859a49d1558bbb0af808129: 30 ms
Input: 1000000,
Cold Start: false
Unique ID: 427a12bd5c8320c63a099a65d6fb0c25,
Execution Time for Trace ID 427a12bd5c8320c63a099a65d6fb0c25: 30 ms
Input: 1000000,
Cold Start: false
Unique ID: f4c8fcc3a2a5ad4119f6f8bdd8b0fe05,
Execution Time for Trace ID f4c8fcc3a2a5ad4119f6f8bdd8b0fe05: 97 ms
Input: 1000000,
Cold Start: false
Unique ID: 1f1e31eb6e64379b395251f10ad1c6cb,
Execution Time for Trace ID 1f1e31eb6e64379b395251f10ad1c6cb: 32 ms
Input: 1000000,
Cold Start: false
Unique ID: 1779c419f9b802e29e68de902704d14c,
Execution Time for Trace ID 1779c419f9b802e29e68de902704d14c: 34 ms
Input: 1000000,
Cold Start: false
Unique ID: ec572ebac6b8d589bbffc7b73adcfd87,
Execution Time for Trace ID ec572ebac6b8d589bbffc7b73adcfd87: 40 ms
Input: 1000000,
Cold Start: false
Unique ID: ac2011fadb04cdb87daa7231e8ad585b,
Execution Time for Trace ID ac2011fadb04cdb87daa7231e8ad585b: 32 ms
Input: 1000000,
Cold Start: false
Unique ID: 7f8846f43596d1d460847a0e9dc9ef47,
Execution Time for Trace ID 7f8846f43596d1d460847a0e9dc9ef47: 30 ms
Input: 1000000,
Cold Start: false
Unique ID: 353737a51372070e8b63f826b44efd27,
Execution Time for Trace ID 353737a51372070e8b63f826b44efd27: 31 ms
Input: 1000000,
Cold Start: false
Unique ID: 156e032aa303018575efffa87bf50b0b,
Execution Time for Trace ID 156e032aa303018575efffa87bf50b0b: 30 ms
Input: 1000000,
Cold Start: false
Unique ID: 6b72cbf53925be79531ff0d5b78df086,
Execution Time for Trace ID 6b72cbf53925be79531ff0d5b78df086: 31 ms
Input: 1000000,
Cold Start: false
Unique ID: 3a15f6d1ff376d1ecc9f9f264143bf64,
Execution Time for Trace ID 3a15f6d1ff376d1ecc9f9f264143bf64: 31 ms
Input: 1000000,
Cold Start: false
Unique ID: 03bf2433843dbb22f4485eec197cb895,
Execution Time for Trace ID 03bf2433843dbb22f4485eec197cb895: 36 ms
Input: 1000000,
Cold Start: false
Unique ID: 354b3f20c314c24e4b3a7b0edefe8310,
Execution Time for Trace ID 354b3f20c314c24e4b3a7b0edefe8310: 33 ms
Input: 1000000,
Cold Start: false
Unique ID: fb3f1eff6e771c23c7407652a30ad6aa,
Execution Time for Trace ID fb3f1eff6e771c23c7407652a30ad6aa: 29 ms
Input: 1000000,
Cold Start: false
Unique ID: 4fdbecd0e1d9346bcf10ea657aa30f91,
Execution Time for Trace ID 4fdbecd0e1d9346bcf10ea657aa30f91: 31 ms
Input: 1000000,
Cold Start: false
Unique ID: 68204b1d8c0e674f1130e05fe8b7cf9f,
Execution Time for Trace ID 68204b1d8c0e674f1130e05fe8b7cf9f: 31 ms
Input: 1000000,
Cold Start: false
Unique ID: bce01fefd9e813db69136acae2a804b8,
Execution Time for Trace ID bce01fefd9e813db69136acae2a804b8: 38 ms
Input: 1000000,
Cold Start: false
Unique ID: c53f891da5723cd70c51a584a2a55157,
Execution Time for Trace ID c53f891da5723cd70c51a584a2a55157: 33 ms
Input: 1000000,
Cold Start: false
Unique ID: 2baedb7fbc12f1e16b649cd391530983,
Execution Time for Trace ID 2baedb7fbc12f1e16b649cd391530983: 29 ms
Input: 1000000,
Cold Start: false
Unique ID: a8423e1c091c547eac26b4bcd3ddc293,
Execution Time for Trace ID a8423e1c091c547eac26b4bcd3ddc293: 31 ms
Input: 1000000,
Cold Start: false
Unique ID: dcf3f6ad675e89d14af2d7b5626ab7b4,
Execution Time for Trace ID dcf3f6ad675e89d14af2d7b5626ab7b4: 33 ms
Input: 1000000,
Cold Start: false
Unique ID: bedc65c91f03bd7025fb0b0796ee07dd,
Execution Time for Trace ID bedc65c91f03bd7025fb0b0796ee07dd: 199 ms
Input: 1000000,
Cold Start: false
Unique ID: ed6174ade874ed9825ba17bece25b3b5,
Execution Time for Trace ID ed6174ade874ed9825ba17bece25b3b5: 30 ms
Input: 1000000,
Cold Start: false
Unique ID: f79b22779c58b24c33f2adafb7213add,
Execution Time for Trace ID f79b22779c58b24c33f2adafb7213add: 32 ms
Input: 1000000,
Cold Start: false
Unique ID: a11ba4707f1ac64e508a6d7ac99c1625,
Execution Time for Trace ID a11ba4707f1ac64e508a6d7ac99c1625: 34 ms
Input: 1000000,
Cold Start: false
Unique ID: d450e447e4d42c611841c8d72810058f,
Execution Time for Trace ID d450e447e4d42c611841c8d72810058f: 34 ms
Input: 1000000,
Cold Start: false
Unique ID: da091756f05e0ed7914d61a4635df6fb,
Execution Time for Trace ID da091756f05e0ed7914d61a4635df6fb: 114 ms
Input: 1000000,
Cold Start: false
Unique ID: fea83129e1c9f4e880f25a6b3f607626,
Execution Time for Trace ID fea83129e1c9f4e880f25a6b3f607626: 32 ms
Input: 1000000,
Cold Start: false
Unique ID: e36858c76f6cc8ba77415cc90a20456b,
Execution Time for Trace ID e36858c76f6cc8ba77415cc90a20456b: 38 ms
Input: 1000000,
Cold Start: false
Unique ID: 52153765ca1d46ba90ebaf92c04af562,
Execution Time for Trace ID 52153765ca1d46ba90ebaf92c04af562: 32 ms
Input: 1000000,
Cold Start: false
Unique ID: 41ebd19b9980fc775619b533f50171e0,
Execution Time for Trace ID 41ebd19b9980fc775619b533f50171e0: 34 ms
Input: 1000000,
Cold Start: false
Unique ID: 0535b326241681a8ece20d56437239e3,
Execution Time for Trace ID 0535b326241681a8ece20d56437239e3: 32 ms
Input: 1000000,
Cold Start: false
Unique ID: ca131d49b37db457956ad9bc7f5ff5ab,
Execution Time for Trace ID ca131d49b37db457956ad9bc7f5ff5ab: 117 ms
Input: 1000000,
Cold Start: false
Unique ID: 18417473c65d366f7d21d5a8b32dae72,
Execution Time for Trace ID 18417473c65d366f7d21d5a8b32dae72: 32 ms
Input: 1000000,
Cold Start: false
Unique ID: c4689b42dd135ad9840b7e67bfc7c8b5,
Execution Time for Trace ID c4689b42dd135ad9840b7e67bfc7c8b5: 44 ms
Input: 1000000,
Cold Start: false
Unique ID: 25ab959293c8509d9d7ed58619046c7c,
Execution Time for Trace ID 25ab959293c8509d9d7ed58619046c7c: 29 ms
Input: 1000000,
Cold Start: false
Unique ID: d73d5134065b7961ecac7adedbdaee31,
Execution Time for Trace ID d73d5134065b7961ecac7adedbdaee31: 33 ms
Input: 1000000,
Cold Start: false
Unique ID: 8695c640aea1281a8b5c7cfd401911d2,
Execution Time for Trace ID 8695c640aea1281a8b5c7cfd401911d2: 120 ms
Input: 1000000,
Cold Start: false
Unique ID: 9092a434017937553eb8ea94747896b8,
Execution Time for Trace ID 9092a434017937553eb8ea94747896b8: 37 ms
Input: 1000000,
Cold Start: false
Unique ID: 580896153be4c7f9233f72d829a62dca,
Execution Time for Trace ID 580896153be4c7f9233f72d829a62dca: 33 ms
Input: 1000000,
Cold Start: false
Unique ID: 8626aed38c6a971b06a8735310d80b1d,
Execution Time for Trace ID 8626aed38c6a971b06a8735310d80b1d: 111 ms
Input: 1000000,
Cold Start: false
Unique ID: a99d8c7d8bef3da7f2e3a85b0f36e8f1,
Execution Time for Trace ID a99d8c7d8bef3da7f2e3a85b0f36e8f1: 33 ms
Input: 1000000,
Cold Start: false
Unique ID: 55871fe9e6cc91350fd570f565c225fd,
Execution Time for Trace ID 55871fe9e6cc91350fd570f565c225fd: 117 ms
Input: 1000000,
Cold Start: false
Unique ID: 46ce3890ccf0672d20103a75aae816a8,
Execution Time for Trace ID 46ce3890ccf0672d20103a75aae816a8: 43 ms
Input: 1000000,
Cold Start: false
Unique ID: 363d2835805d14714a827a7a598dca37,
Execution Time for Trace ID 363d2835805d14714a827a7a598dca37: 65 ms
Input: 1000000,
Cold Start: false
Unique ID: a52931bbb9adff51e62d5767b8007525,
Execution Time for Trace ID a52931bbb9adff51e62d5767b8007525: 43 ms
Input: 1000000,
Cold Start: false
Unique ID: a86aba5f7b23f7b71e9a97b72aa3300b,
Execution Time for Trace ID a86aba5f7b23f7b71e9a97b72aa3300b: 124 ms
Input: 1000000,
Cold Start: false
Unique ID: 50c9e4a2fb057373c1c0af2a253b2197,
Execution Time for Trace ID 50c9e4a2fb057373c1c0af2a253b2197: 43 ms
Input: 1000000,
Cold Start: false
Unique ID: de486beace15ccfef3875a0488be5fad,
Execution Time for Trace ID de486beace15ccfef3875a0488be5fad: 51 ms
Input: 1000000,
Cold Start: false
Unique ID: c9b7d00ba46b28a9d03a8c0331e247d6,
Execution Time for Trace ID c9b7d00ba46b28a9d03a8c0331e247d6: 39 ms
Input: 1000000,
Cold Start: false
Unique ID: 24e48f5fcc6a8813ec7289404d8b05a0,
Execution Time for Trace ID 24e48f5fcc6a8813ec7289404d8b05a0: 33 ms
Input: 1000000,
Cold Start: false
Unique ID: 14521b78c1a90eafb461adae9c149dd6,
Execution Time for Trace ID 14521b78c1a90eafb461adae9c149dd6: 38 ms
Input: 1000000,
Cold Start: false
Unique ID: fd40ec156dd3e72ca9e816cde44a653b,
Execution Time for Trace ID fd40ec156dd3e72ca9e816cde44a653b: 32 ms
Input: 1000000,
Cold Start: false
Unique ID: d13e9820d25c8b8ce19eae3f884a0024,
Execution Time for Trace ID d13e9820d25c8b8ce19eae3f884a0024: 36 ms
Input: 1000000,
Cold Start: false
Unique ID: 600713a8b3182a85508e2d48bbd6890f,
Execution Time for Trace ID 600713a8b3182a85508e2d48bbd6890f: 34 ms
Input: 1000000,
Cold Start: false
Unique ID: 29d51ee68e0a136a5410ee7f1f1b519c,
Execution Time for Trace ID 29d51ee68e0a136a5410ee7f1f1b519c: 36 ms
Input: 1000000,
Cold Start: false
Unique ID: 97082c84bcc62a45c3f9add6a9fd7cba,
Execution Time for Trace ID 97082c84bcc62a45c3f9add6a9fd7cba: 35 ms
Input: 1000000,
Cold Start: false
Unique ID: a0bd894a46196c53271af371830f70d7,
Execution Time for Trace ID a0bd894a46196c53271af371830f70d7: 35 ms
Input: 1000000,
Cold Start: false
Unique ID: 94e9527fbfc321cff4730fcfd253deb0,
Execution Time for Trace ID 94e9527fbfc321cff4730fcfd253deb0: 124 ms
Input: 1000000,
Cold Start: false
Unique ID: 90d73c9f7139b8cd3f61a766b75df3b9,
Execution Time for Trace ID 90d73c9f7139b8cd3f61a766b75df3b9: 31 ms
Input: 1000000,
Cold Start: false
Unique ID: ec21fb3f98e183d5667609212ff06cd8,
Execution Time for Trace ID ec21fb3f98e183d5667609212ff06cd8: 33 ms
Input: 1000000,
Cold Start: false
Unique ID: b64eaad6e7ef0c3c0026f223586dbf97,
Execution Time for Trace ID b64eaad6e7ef0c3c0026f223586dbf97: 31 ms
Input: 1000000,
Cold Start: false
Unique ID: ea66f46591a5f450afc25f9439e54659,
Execution Time for Trace ID ea66f46591a5f450afc25f9439e54659: 32 ms
Input: 1000000,
Cold Start: false
Unique ID: 1bb9b57b08c7a4cee2d31f00efa9d239,
Execution Time for Trace ID 1bb9b57b08c7a4cee2d31f00efa9d239: 32 ms
Input: 1000000,
Cold Start: false
Unique ID: f422ac051c6dbe1b668ede44d0f1a69c,
Execution Time for Trace ID f422ac051c6dbe1b668ede44d0f1a69c: 121 ms
Input: 1000000,
Cold Start: false
Unique ID: 30aefcda043a4664ba03a6af0d6244a9,
Execution Time for Trace ID 30aefcda043a4664ba03a6af0d6244a9: 31 ms
Input: 1000000,
Cold Start: false
Unique ID: 6aadf1d654f84bbc0ceeb83d48aea9cc,
Execution Time for Trace ID 6aadf1d654f84bbc0ceeb83d48aea9cc: 125 ms
Input: 1000000,
Cold Start: false
Unique ID: f36e9227e40a7650f013b5c51c1d72ef,
Execution Time for Trace ID f36e9227e40a7650f013b5c51c1d72ef: 33 ms
Input: 1000000,
Cold Start: false
Unique ID: 2e12cf49bfd75f78addf1cd2d018b986,
Execution Time for Trace ID 2e12cf49bfd75f78addf1cd2d018b986: 42 ms
Input: 1000000,
Cold Start: false
Unique ID: 861b697afc78ba4831d295635b31fcb3,
Execution Time for Trace ID 861b697afc78ba4831d295635b31fcb3: 75 ms
Input: 1000000,
Cold Start: false
Unique ID: 033f211ef7019419163ed5eec078884b,
Execution Time for Trace ID 033f211ef7019419163ed5eec078884b: 138 ms
Input: 1000000,
Cold Start: false
Unique ID: 695df522d63de6860e52fc07455dc1a4,
Execution Time for Trace ID 695df522d63de6860e52fc07455dc1a4: 43 ms
Input: 1000000,
Cold Start: false
Unique ID: 30cbe86217bd503a95c8ac365051630a,
Execution Time for Trace ID 30cbe86217bd503a95c8ac365051630a: 39 ms
Input: 1000000,
Cold Start: false
Unique ID: 5fae82a1f56b8019b44bbc711464f2c6,
Execution Time for Trace ID 5fae82a1f56b8019b44bbc711464f2c6: 32 ms
Input: 1000000,
Cold Start: false
Unique ID: 1b78fc96e31f035c371f03c8aab6cc4e,
Execution Time for Trace ID 1b78fc96e31f035c371f03c8aab6cc4e: 40 ms
Input: 1000000,
Cold Start: false
Unique ID: 6d1c094349e3b406a9d67287bd096631,
Execution Time for Trace ID 6d1c094349e3b406a9d67287bd096631: 34 ms
Input: 1000000,
Cold Start: false
Unique ID: fc51aeae439aa93173e067b374ab2bac,
Execution Time for Trace ID fc51aeae439aa93173e067b374ab2bac: 125 ms
Input: 1000000,
Cold Start: false
Unique ID: 7265a7def14565debabdfd74cfe07149,
Execution Time for Trace ID 7265a7def14565debabdfd74cfe07149: 33 ms
Input: 1000000,
Cold Start: false
Unique ID: 51da8f87fca7c75eee6ad0aeb22725ee,
Execution Time for Trace ID 51da8f87fca7c75eee6ad0aeb22725ee: 32 ms
Input: 1000000,
Cold Start: false
Unique ID: fe4919b3d73ca57f03821dbddb645b3d,
Execution Time for Trace ID fe4919b3d73ca57f03821dbddb645b3d: 32 ms
Input: 1000000,
Cold Start: false
Unique ID: e9f19e06205cf7e064889c9508e0965a,
Execution Time for Trace ID e9f19e06205cf7e064889c9508e0965a: 30 ms
Input: 1000000,
Cold Start: false
Unique ID: 233ced73423c1d6ecedc6bdb14027b3e,
Execution Time for Trace ID 233ced73423c1d6ecedc6bdb14027b3e: 32 ms
Input: 1000000,
Cold Start: false
Unique ID: 82880e4ac7b62ba435c96d516e330d4e,
Execution Time for Trace ID 82880e4ac7b62ba435c96d516e330d4e: 32 ms
Input: 1000000,
Cold Start: false
Unique ID: d185e072500fa707b8620e266fa54b08,
Execution Time for Trace ID d185e072500fa707b8620e266fa54b08: 32 ms
Input: 1000000,
Cold Start: false
Unique ID: 2fca842a809116d2aa32bb7e8877f35c,
Execution Time for Trace ID 2fca842a809116d2aa32bb7e8877f35c: 30 ms
Input: 1000000,
Cold Start: false
Unique ID: 6cb6f5b158eda3ceac835430efb2a0e9,
Execution Time for Trace ID 6cb6f5b158eda3ceac835430efb2a0e9: 31 ms
Input: 1000000,
Cold Start: false
Unique ID: a2beea974d5ec49bcf57109f173c428e,
Execution Time for Trace ID a2beea974d5ec49bcf57109f173c428e: 31 ms
Input: 1000000,
Cold Start: false
Unique ID: 180edf0ceb4674ff443fa11894965736,
Execution Time for Trace ID 180edf0ceb4674ff443fa11894965736: 32 ms
Input: 1000000,
Cold Start: false
Unique ID: 315edc11a1a9914df0868250afa02f0f,
Execution Time for Trace ID 315edc11a1a9914df0868250afa02f0f: 32 ms
Input: 1000000,
Cold Start: false
Unique ID: 6b559a88515c5382ea85fc56f2e1fe44,
Execution Time for Trace ID 6b559a88515c5382ea85fc56f2e1fe44: 42 ms
Input: 1000000,
Cold Start: false
Unique ID: f4698f6bfe1f5c729c3fafdfd4306f64,
Execution Time for Trace ID f4698f6bfe1f5c729c3fafdfd4306f64: 107 ms
Input: 1000000,
Cold Start: false
Unique ID: ce5c6bcc613f88b0478b196449cbf2ec,
Execution Time for Trace ID ce5c6bcc613f88b0478b196449cbf2ec: 41 ms
Input: 1000000,
Cold Start: false
Unique ID: 62e16c289a1c47ba5b467472d063dfd1,
Execution Time for Trace ID 62e16c289a1c47ba5b467472d063dfd1: 36 ms
Input: 1000000,
Cold Start: false
Unique ID: cb20e224d287f3de9ad5bc0fed6fc73e,
Execution Time for Trace ID cb20e224d287f3de9ad5bc0fed6fc73e: 31 ms
Input: 1000000,
Cold Start: false
Unique ID: b1711e2b107bd330323e4732a1920761,
Execution Time for Trace ID b1711e2b107bd330323e4732a1920761: 33 ms
Input: 1000000,
Cold Start: false
Unique ID: bef64be7bd3f89fd23c664278f3735a3,
Execution Time for Trace ID bef64be7bd3f89fd23c664278f3735a3: 30 ms
Input: 1000000,
Cold Start: false
Unique ID: a97bc24093bfffc4f0eb8e854382006d,
Execution Time for Trace ID a97bc24093bfffc4f0eb8e854382006d: 32 ms
Input: 1000000,
Cold Start: false
Unique ID: 1fb5149c6bca30c8701561008d01668b,
Execution Time for Trace ID 1fb5149c6bca30c8701561008d01668b: 35 ms
Input: 1000000,
Cold Start: false
Unique ID: c6d32c3ae6fe34183f823083441712e8,
Execution Time for Trace ID c6d32c3ae6fe34183f823083441712e8: 32 ms
Input: 1000000,
Cold Start: false
Unique ID: a79337dec24916f77267faa7e3c7c317,
Execution Time for Trace ID a79337dec24916f77267faa7e3c7c317: 30 ms
Input: 1000000,
Cold Start: false
Unique ID: 8c9ef5bea4e93db243bffebd3bc4c213,
Execution Time for Trace ID 8c9ef5bea4e93db243bffebd3bc4c213: 31 ms
Input: 1000000,
Cold Start: false
Unique ID: 9052768de85bc30b9fdd4de74fd992f6,
Execution Time for Trace ID 9052768de85bc30b9fdd4de74fd992f6: 34 ms
Input: 1000000,
Cold Start: false
Unique ID: f75a3ab42da9d78c85941804d8724941,
Execution Time for Trace ID f75a3ab42da9d78c85941804d8724941: 38 ms
Input: 1000000,
Cold Start: false
Unique ID: 07d42c886e6e0cf41c8a684826c047d9,
Execution Time for Trace ID 07d42c886e6e0cf41c8a684826c047d9: 29 ms
Input: 1000000,
Cold Start: false
Unique ID: 160aec1b64be95d9f5ccc1e0664e6a8b,
Execution Time for Trace ID 160aec1b64be95d9f5ccc1e0664e6a8b: 34 ms
Input: 1000000,
Cold Start: false
Unique ID: 3a915e40ba0f4d9bf05daf9e509adb9e,
Execution Time for Trace ID 3a915e40ba0f4d9bf05daf9e509adb9e: 35 ms
Input: 1000000,
Cold Start: false
Unique ID: 146a9d1a0946fa0cf602915615ed021a,
Execution Time for Trace ID 146a9d1a0946fa0cf602915615ed021a: 34 ms
Input: 1000000,
Cold Start: false
Unique ID: f63450a679f1603dc84be5fe1a64d688,
Execution Time for Trace ID f63450a679f1603dc84be5fe1a64d688: 29 ms
Input: 1000000,
Cold Start: false
Unique ID: 89eca0b35483f45273e9acb26ad718f3,
Execution Time for Trace ID 89eca0b35483f45273e9acb26ad718f3: 31 ms
Input: 1000000,
Cold Start: false
Unique ID: 73b3bb071c40d250d52edf33d923e9b1,
Execution Time for Trace ID 73b3bb071c40d250d52edf33d923e9b1: 29 ms
Input: 1000000,
Cold Start: false
Unique ID: fdd5d6ab8b7f98a35cdadb285b82566b,
Execution Time for Trace ID fdd5d6ab8b7f98a35cdadb285b82566b: 92 ms
Input: 1000000,
Cold Start: false
Unique ID: 36c079fde603f8acfc8160abb027d961,
Execution Time for Trace ID 36c079fde603f8acfc8160abb027d961: 78 ms
Input: 1000000,
Cold Start: false
Unique ID: d4d74c4bb6b2258ba8c782e1a578c8de,
Execution Time for Trace ID d4d74c4bb6b2258ba8c782e1a578c8de: 82 ms
Input: 1000000,
Cold Start: false
Unique ID: a3cc78edda85d8b89a5b7ab7ef3ae075,
Execution Time for Trace ID a3cc78edda85d8b89a5b7ab7ef3ae075: 29 ms
Input: 1000000,
Cold Start: false
Unique ID: 0a5e92b571ae1e6c8fc6113693602d31,
Execution Time for Trace ID 0a5e92b571ae1e6c8fc6113693602d31: 92 ms
Input: 1000000,
Cold Start: false
Unique ID: d2fcf69e3c29a3fc0cffe8ce18d40274,
Execution Time for Trace ID d2fcf69e3c29a3fc0cffe8ce18d40274: 32 ms
Input: 1000000,
Cold Start: false
Unique ID: c36e36d5e14c2e20791fa055e4e484e0,
Execution Time for Trace ID c36e36d5e14c2e20791fa055e4e484e0: 34 ms
Input: 1000000,
Cold Start: false
Unique ID: a63e1dd9b0fa5906a14fa272bbcd8384,
Execution Time for Trace ID a63e1dd9b0fa5906a14fa272bbcd8384: 33 ms
Input: 1000000,
Cold Start: false
Unique ID: 4900433a66a7495eae9cfc02a38e1d54,
Execution Time for Trace ID 4900433a66a7495eae9cfc02a38e1d54: 34 ms
Input: 1000000,
Cold Start: false
Unique ID: 8090c4b5004a8a8e1a2d18e6d5c22617,
Execution Time for Trace ID 8090c4b5004a8a8e1a2d18e6d5c22617: 29 ms
Input: 1000000,
Cold Start: false
Unique ID: e1e32afa3ab6f62eeb4299ce1a87e378,
Execution Time for Trace ID e1e32afa3ab6f62eeb4299ce1a87e378: 34 ms
Input: 1000000,
Cold Start: false
Unique ID: c595b97c80611071026bd425b5d8adfb,
Execution Time for Trace ID c595b97c80611071026bd425b5d8adfb: 29 ms
Input: 1000000,
Cold Start: false
Unique ID: 22bd3b3251f50dd1332d00ca4bd6affa,
Execution Time for Trace ID 22bd3b3251f50dd1332d00ca4bd6affa: 41 ms
Input: 1000000,
Cold Start: false
Unique ID: 6fc483b6ec5b438f4b37a4e78ea1a4ee,
Execution Time for Trace ID 6fc483b6ec5b438f4b37a4e78ea1a4ee: 30 ms
Input: 1000000,
Cold Start: false
Unique ID: c4e407fdd8484ef76aca7a56ea1e20ee,
Execution Time for Trace ID c4e407fdd8484ef76aca7a56ea1e20ee: 35 ms
Input: 1000000,
Cold Start: false
Unique ID: 08695a68fa53c4dd2d87938a6745ac7f,
Execution Time for Trace ID 08695a68fa53c4dd2d87938a6745ac7f: 29 ms
Input: 1000000,
Cold Start: false
Unique ID: c6dc9d7b1b7a9c28983b903993cbc66f,
Execution Time for Trace ID c6dc9d7b1b7a9c28983b903993cbc66f: 34 ms
Input: 1000000,
Cold Start: false
Unique ID: 8b4e221439dcb45903d0ced8b25f1233,
Execution Time for Trace ID 8b4e221439dcb45903d0ced8b25f1233: 29 ms
Input: 1000000,
Cold Start: false
Unique ID: 85bcaf86f7ce171085e2b4de79bccd7e,
Execution Time for Trace ID 85bcaf86f7ce171085e2b4de79bccd7e: 38 ms
Input: 1000000,
Cold Start: false
Unique ID: ae4d8556a60de3e341dd83c9e3eee78c,
Execution Time for Trace ID ae4d8556a60de3e341dd83c9e3eee78c: 33 ms
Input: 1000000,
Cold Start: false
Unique ID: 810e6195bd5aa04e3150141b63f92df2,
Execution Time for Trace ID 810e6195bd5aa04e3150141b63f92df2: 35 ms
Input: 1000000,
Cold Start: false
Unique ID: 0effbafedcfc2f9f66730d3931d1487e,
Execution Time for Trace ID 0effbafedcfc2f9f66730d3931d1487e: 34 ms
Input: 1000000,
Cold Start: false
Unique ID: 9d34d18bcc582775e8458668348e4ed4,
Execution Time for Trace ID 9d34d18bcc582775e8458668348e4ed4: 36 ms
Input: 1000000,
Cold Start: false
Unique ID: 12b882f3abf8469904c320f2bf11d940,
Execution Time for Trace ID 12b882f3abf8469904c320f2bf11d940: 34 ms
Input: 1000000,
Cold Start: false
Unique ID: d423cc9f9961679d6b6578431a5d4e8e,
Execution Time for Trace ID d423cc9f9961679d6b6578431a5d4e8e: 32 ms
Input: 1000000,
Cold Start: false
Unique ID: c4c478bccbf912707087a28e62520a08,
Execution Time for Trace ID c4c478bccbf912707087a28e62520a08: 28 ms
Input: 1000000,
Cold Start: false
Unique ID: 1c74779a40374d0a022a49458339f96f,
Execution Time for Trace ID 1c74779a40374d0a022a49458339f96f: 34 ms
Input: 1000000,
Cold Start: false
Unique ID: 7a117e9ebb924d68527f6011a7b2b64b,
Execution Time for Trace ID 7a117e9ebb924d68527f6011a7b2b64b: 30 ms
Input: 1000000,
Cold Start: false
Unique ID: 65f987fefb49b05fa9e4331cbc075c06,
Execution Time for Trace ID 65f987fefb49b05fa9e4331cbc075c06: 35 ms
Input: 1000000,
Cold Start: false
Unique ID: ca8d229519e051afbd124bdab97918a7,
Execution Time for Trace ID ca8d229519e051afbd124bdab97918a7: 33 ms
Input: 1000000,
Cold Start: false
Unique ID: 66b0230c83dd4edc00d42707d76cb3dc,
Execution Time for Trace ID 66b0230c83dd4edc00d42707d76cb3dc: 30 ms
Input: 1000000,
Cold Start: false
Unique ID: 95a6d992d72b20893922618bd9531533,
Execution Time for Trace ID 95a6d992d72b20893922618bd9531533: 101 ms
Input: 1000000,
Cold Start: false
Unique ID: 3ead40d17909c5523622e4664842c87f,
Execution Time for Trace ID 3ead40d17909c5523622e4664842c87f: 37 ms
Input: 1000000,
Cold Start: false
Unique ID: 56af16c3e66b1485d40b86d2a0ffb4bf,
Execution Time for Trace ID 56af16c3e66b1485d40b86d2a0ffb4bf: 29 ms
Input: 1000000,
Cold Start: false
Unique ID: 91fa757fc97eeb8a44b51d0437950c91,
Execution Time for Trace ID 91fa757fc97eeb8a44b51d0437950c91: 33 ms
Input: 1000000,
Cold Start: false
Unique ID: 8f288f8f9794dbb7e23cf8575bc30003,
Execution Time for Trace ID 8f288f8f9794dbb7e23cf8575bc30003: 30 ms
Input: 1000000,
Cold Start: false
Unique ID: e2557d9fc71121812b331cb8d7dab541,
Execution Time for Trace ID e2557d9fc71121812b331cb8d7dab541: 31 ms
Input: 1000000,
Cold Start: false
Unique ID: fff44933f3a4da0ccb6e5c792e53b33a,
Execution Time for Trace ID fff44933f3a4da0ccb6e5c792e53b33a: 30 ms
Input: 1000000,
Cold Start: false
Unique ID: 7779f7850966d75c9c98340590a135b6,
Execution Time for Trace ID 7779f7850966d75c9c98340590a135b6: 30 ms
Input: 1000000,
Cold Start: false
Unique ID: d57f5f9828206ff55174782e4e16b7a3,
Execution Time for Trace ID d57f5f9828206ff55174782e4e16b7a3: 27 ms
Input: 1000000,
Cold Start: false
Unique ID: 7c1b44435798bca8b3f7aa9b7dcc0fb7,
Execution Time for Trace ID 7c1b44435798bca8b3f7aa9b7dcc0fb7: 37 ms
Input: 1000000,
Cold Start: false
Unique ID: e3a010c950c33b1c86d428d3fd209ab3,
Execution Time for Trace ID e3a010c950c33b1c86d428d3fd209ab3: 30 ms
Input: 1000000,
Cold Start: false
Unique ID: a70488b1638f87896c7491cda6f94d7b,
Execution Time for Trace ID a70488b1638f87896c7491cda6f94d7b: 35 ms
Input: 1000000,
Cold Start: false
Unique ID: 833bac6618ccc5e1d061e795e0bcf37d,
Execution Time for Trace ID 833bac6618ccc5e1d061e795e0bcf37d: 31 ms
Input: 1000000,
Cold Start: false
Unique ID: ecd6dedbf7a356c9f62e14390d6097e7,
Execution Time for Trace ID ecd6dedbf7a356c9f62e14390d6097e7: 35 ms
Input: 1000000,
Cold Start: false
Unique ID: 118cf53cb80f574546158f1bffe15ca8,
Execution Time for Trace ID 118cf53cb80f574546158f1bffe15ca8: 32 ms
Input: 1000000,
Cold Start: false
Unique ID: 93c5d46bc171ea87826447cb74889cbc,
Execution Time for Trace ID 93c5d46bc171ea87826447cb74889cbc: 33 ms
Input: 1000000,
Cold Start: false
Unique ID: 40e97c8a60b96c8e9937c26693283826,
Execution Time for Trace ID 40e97c8a60b96c8e9937c26693283826: 42 ms
Input: 1000000,
Cold Start: false
Unique ID: 93ce921e5dc761ac122505b43c1e7eef,
Execution Time for Trace ID 93ce921e5dc761ac122505b43c1e7eef: 128 ms
Input: 1000000,
Cold Start: false
Unique ID: a6b4479b6c0b7f808e364cb100e9f928,
Execution Time for Trace ID a6b4479b6c0b7f808e364cb100e9f928: 39 ms
Input: 1000000,
Cold Start: false
Unique ID: 268b2925c2635f024a64a8037c71f5cb,
Execution Time for Trace ID 268b2925c2635f024a64a8037c71f5cb: 48 ms
Input: 1000000,
Cold Start: false
Unique ID: 6717bb218b872bfb287408d887486339,
Execution Time for Trace ID 6717bb218b872bfb287408d887486339: 36 ms
Input: 1000000,
Cold Start: false
Unique ID: a6833b68b5ec8002e07b39fb804bbf5e,
Execution Time for Trace ID a6833b68b5ec8002e07b39fb804bbf5e: 57 ms
Input: 1000000,
Cold Start: false
Unique ID: a05667fb942eb8c7a19d17abfa5df497,
Execution Time for Trace ID a05667fb942eb8c7a19d17abfa5df497: 53 ms
Input: 1000000,
Cold Start: false
Unique ID: 764e9f79992cad6863bf298061737c5c,
Execution Time for Trace ID 764e9f79992cad6863bf298061737c5c: 181 ms
Input: 1000000,
Cold Start: false
Unique ID: 76a4f403a210f1dc5d718aa82f0412bd,
Execution Time for Trace ID 76a4f403a210f1dc5d718aa82f0412bd: 36 ms
Input: 1000000,
Cold Start: false
Unique ID: 7f2ce87054ac3d4bf8d42d200fb436e0,
Execution Time for Trace ID 7f2ce87054ac3d4bf8d42d200fb436e0: 55 ms
Input: 1000000,
Cold Start: false
Unique ID: 5c5ac6cc1ce5ca5e4ca72e63c8d93088,
Execution Time for Trace ID 5c5ac6cc1ce5ca5e4ca72e63c8d93088: 51 ms
Input: 1000000,
Cold Start: false
Unique ID: eaef47af1e38f7973a0c607cdd6d3d2a,
Execution Time for Trace ID eaef47af1e38f7973a0c607cdd6d3d2a: 127 ms
Input: 1000000,
Cold Start: false
Unique ID: 4266d6918cc78555587ced31528696a6,
Execution Time for Trace ID 4266d6918cc78555587ced31528696a6: 135 ms
Input: 1000000,
Cold Start: false
Unique ID: b90d08810af35630c7bcef3bfb3d5c6e,
Execution Time for Trace ID b90d08810af35630c7bcef3bfb3d5c6e: 124 ms
Input: 1000000,
Cold Start: false
Unique ID: b3b38ee5d59e4a43ba6007fdb8e4a5ac,
Execution Time for Trace ID b3b38ee5d59e4a43ba6007fdb8e4a5ac: 131 ms
Input: 1000000,
Cold Start: false
Unique ID: 5921e9453a0ef832cd874a8dcbea10aa,
Execution Time for Trace ID 5921e9453a0ef832cd874a8dcbea10aa: 115 ms
Input: 1000000,
Cold Start: false
Unique ID: 7e3ee3296bb19b3fe1666ffc8e34ae98,
Execution Time for Trace ID 7e3ee3296bb19b3fe1666ffc8e34ae98: 110 ms
Input: 1000000,
Cold Start: false
Unique ID: b11ffefe03458054616096f886244214,
Execution Time for Trace ID b11ffefe03458054616096f886244214: 54 ms
Input: 1000000,
Cold Start: false
Unique ID: a6842926da65f6a55dbe7b8146e96b0c,
Execution Time for Trace ID a6842926da65f6a55dbe7b8146e96b0c: 127 ms
Input: 1000000,
Cold Start: false
Unique ID: a41be848211696a5a0c9a6d4ea92d64f,
Execution Time for Trace ID a41be848211696a5a0c9a6d4ea92d64f: 65 ms
Input: 1000000,
Cold Start: false
Unique ID: c6d124c3459988b01b92ea3a31c65c26,
Execution Time for Trace ID c6d124c3459988b01b92ea3a31c65c26: 142 ms
Input: 1000000,
Cold Start: false
Unique ID: 72252c6506e698e246c319493612f974,
Execution Time for Trace ID 72252c6506e698e246c319493612f974: 49 ms
Input: 1000000,
Cold Start: false
Unique ID: 33ff52e04dbe56ba9fcd8c63d021a645,
Execution Time for Trace ID 33ff52e04dbe56ba9fcd8c63d021a645: 149 ms
Input: 1000000,
Cold Start: false
Unique ID: ad5d4e9689f7e164f5527547b9cc3878,
Execution Time for Trace ID ad5d4e9689f7e164f5527547b9cc3878: 58 ms
Input: 1000000,
Cold Start: false
Unique ID: 5ae036c37a9e869109315d5868075454,
Execution Time for Trace ID 5ae036c37a9e869109315d5868075454: 147 ms
Input: 1000000,
Cold Start: false
Unique ID: 59b4faa4aa1133ceb7bd7955f93b6922,
Execution Time for Trace ID 59b4faa4aa1133ceb7bd7955f93b6922: 55 ms
Input: 1000000,
Cold Start: false
Unique ID: c5f711f417b0396a53e1c29ca98c133e,
Execution Time for Trace ID c5f711f417b0396a53e1c29ca98c133e: 152 ms
Input: 1000000,
Cold Start: false
Unique ID: 6bfb4c97fe3c9956e2a5e592fc49784e,
Execution Time for Trace ID 6bfb4c97fe3c9956e2a5e592fc49784e: 40 ms
Input: 1000000,
Cold Start: false
Unique ID: 572e48b745c9a38dd08ab88ee0e4b2e3,
Execution Time for Trace ID 572e48b745c9a38dd08ab88ee0e4b2e3: 38 ms
Input: 1000000,
Cold Start: false
Unique ID: eb0bca6c591199e1480008800d862344,
Execution Time for Trace ID eb0bca6c591199e1480008800d862344: 33 ms
Input: 1000000,
Cold Start: false
Unique ID: 169980d2ac1c5ea6d2468f367eb201df,
Execution Time for Trace ID 169980d2ac1c5ea6d2468f367eb201df: 35 ms
Input: 1000000,
Cold Start: false
Unique ID: e2039938d3e2459497da075a22474124,
Execution Time for Trace ID e2039938d3e2459497da075a22474124: 39 ms
Input: 1000000,
Cold Start: false
Unique ID: 50969427a1360ffeb4705143e7dbf22a,
Execution Time for Trace ID 50969427a1360ffeb4705143e7dbf22a: 35 ms
Input: 1000000,
Cold Start: false
Unique ID: 79d9c9a30894ef972f3a60738ae11963,
Execution Time for Trace ID 79d9c9a30894ef972f3a60738ae11963: 62 ms
Input: 1000000,
Cold Start: false
Unique ID: d2cd1e0e4c55c85a67fe79b1fb8e1696,
Execution Time for Trace ID d2cd1e0e4c55c85a67fe79b1fb8e1696: 98 ms
Input: 1000000,
Cold Start: false
Unique ID: f7c899a49214c012399bb14a3da6a18b,
Execution Time for Trace ID f7c899a49214c012399bb14a3da6a18b: 105 ms
Input: 1000000,
Cold Start: false
Unique ID: daf1fd12de3164cdc33dd98add58d6b4,
Execution Time for Trace ID daf1fd12de3164cdc33dd98add58d6b4: 30 ms
Input: 1000000,
Cold Start: false
Unique ID: f359673380457d2a07e4e79e052e9f33,
Execution Time for Trace ID f359673380457d2a07e4e79e052e9f33: 108 ms
Input: 1000000,
Cold Start: false
Unique ID: fafa992d59bddb2504bfeaa2f8955c57,
Execution Time for Trace ID fafa992d59bddb2504bfeaa2f8955c57: 101 ms
Input: 1000000,
Cold Start: false
Unique ID: 12e64b346eac8339306d6a96867dd84d,
Execution Time for Trace ID 12e64b346eac8339306d6a96867dd84d: 98 ms
Input: 1000000,
Cold Start: false
Unique ID: 96fba5bbd2876aa6911384a59e78b604,
Execution Time for Trace ID 96fba5bbd2876aa6911384a59e78b604: 96 ms
Input: 1000000,
Cold Start: false
Unique ID: 46e31939bced622f2c5012d2ea456e7b,
Execution Time for Trace ID 46e31939bced622f2c5012d2ea456e7b: 100 ms
Input: 1000000,
Cold Start: false
Unique ID: 388b77479f2b2ec79ed07200e37f7327,
Execution Time for Trace ID 388b77479f2b2ec79ed07200e37f7327: 99 ms
Input: 1000000,
Cold Start: false
Unique ID: d3bdb59e2adbc0d8c414256fa3d1538b,
Execution Time for Trace ID d3bdb59e2adbc0d8c414256fa3d1538b: 105 ms
Input: 1000000,
Cold Start: false
Unique ID: fe4a7a31cb57f24c127ac790c0b3a34a,
Execution Time for Trace ID fe4a7a31cb57f24c127ac790c0b3a34a: 106 ms
Input: 1000000,
Cold Start: false
Unique ID: 9186e4fa4beeb3273620aefc2c70c724,
Execution Time for Trace ID 9186e4fa4beeb3273620aefc2c70c724: 104 ms
Input: 1000000,
Cold Start: false
Unique ID: f5022365d31085fadac239ebf498f175,
Execution Time for Trace ID f5022365d31085fadac239ebf498f175: 96 ms
Input: 1000000,
Cold Start: false
Unique ID: d301d2643e1d4bfc349a02310c771e07,
Execution Time for Trace ID d301d2643e1d4bfc349a02310c771e07: 102 ms
Input: 1000000,
Cold Start: false
Unique ID: 09d51b98b7a370d01be2cb3a9ce0a8c1,
Execution Time for Trace ID 09d51b98b7a370d01be2cb3a9ce0a8c1: 99 ms
Input: 1000000,
Cold Start: false
Unique ID: fcf808611c102e12561fa16acc4acfc6,
Execution Time for Trace ID fcf808611c102e12561fa16acc4acfc6: 100 ms
Input: 1000000,
Cold Start: false
Unique ID: dadde831932f57bccee45cd6733b65d2,
Execution Time for Trace ID dadde831932f57bccee45cd6733b65d2: 105 ms
Input: 1000000,
Cold Start: false
Unique ID: 42dd4dc3276144dccfc28c38bd50da04,
Execution Time for Trace ID 42dd4dc3276144dccfc28c38bd50da04: 28 ms
Input: 1000000,
Cold Start: false
Unique ID: cf405e1b3612ae9eb424c966d9beea62,
Execution Time for Trace ID cf405e1b3612ae9eb424c966d9beea62: 101 ms
Input: 1000000,
Cold Start: false
Unique ID: d6245cfe8eabec0fe854c3580af29065,
Execution Time for Trace ID d6245cfe8eabec0fe854c3580af29065: 28 ms
Input: 1000000,
Cold Start: false
Unique ID: 4b8b57af9d89ed671456ae63bb2460ce,
Execution Time for Trace ID 4b8b57af9d89ed671456ae63bb2460ce: 99 ms
Input: 1000000,
Cold Start: false
Unique ID: 9bef6557ce4c66dae1348d8e871e842a,
Execution Time for Trace ID 9bef6557ce4c66dae1348d8e871e842a: 30 ms
Input: 1000000,
Cold Start: false
Unique ID: 6db1746c41da7d12da32d6bdee3a876d,
Execution Time for Trace ID 6db1746c41da7d12da32d6bdee3a876d: 115 ms
Input: 1000000,
Cold Start: false
Unique ID: 74512e6615bef45aa2b8ac20cf51a954,
Execution Time for Trace ID 74512e6615bef45aa2b8ac20cf51a954: 85 ms
Input: 1000000,
Cold Start: false
Unique ID: 7373ad912d5c68336fc2d102cfb6705c,
Execution Time for Trace ID 7373ad912d5c68336fc2d102cfb6705c: 106 ms
Input: 1000000,
Cold Start: false
Unique ID: 2d42daab9f2aeb0ca28901c5f22dc34a,
Execution Time for Trace ID 2d42daab9f2aeb0ca28901c5f22dc34a: 106 ms
Input: 1000000,
Cold Start: false
Unique ID: d364a73e6e8b0aaad1625ae0bacf98d5,
Execution Time for Trace ID d364a73e6e8b0aaad1625ae0bacf98d5: 99 ms
Input: 1000000,
Cold Start: false
Unique ID: 59c2992776fee37a1a97781d2a46ec5f,
Execution Time for Trace ID 59c2992776fee37a1a97781d2a46ec5f: 45 ms
Input: 1000000,
Cold Start: false
Unique ID: 63cc448f8cc8d418da403d095c7b09c7,
Execution Time for Trace ID 63cc448f8cc8d418da403d095c7b09c7: 109 ms
Input: 1000000,
Cold Start: false
Unique ID: 3d40bc0bffc76d957c2187ac084241cd,
Execution Time for Trace ID 3d40bc0bffc76d957c2187ac084241cd: 107 ms
Input: 1000000,
Cold Start: false
Unique ID: 1f75715a1f03ec0002ea608fd0b8b7ee,
Execution Time for Trace ID 1f75715a1f03ec0002ea608fd0b8b7ee: 103 ms
Input: 1000000,
Cold Start: false
Unique ID: 8535fb6954655c222a58e4b8a237bc8b,
Execution Time for Trace ID 8535fb6954655c222a58e4b8a237bc8b: 97 ms
Input: 1000000,
Cold Start: false
Unique ID: a8021e3c6547a6686c0afafc0c7b927b,
Execution Time for Trace ID a8021e3c6547a6686c0afafc0c7b927b: 104 ms
Input: 1000000,
Cold Start: false
Unique ID: d77d2c033d34931553d864f6f665c455,
Execution Time for Trace ID d77d2c033d34931553d864f6f665c455: 95 ms
Input: 1000000,
Cold Start: false
Unique ID: 95502621b46cce5a673ce6b91a8c9373,
Execution Time for Trace ID 95502621b46cce5a673ce6b91a8c9373: 113 ms
Input: 1000000,
Cold Start: false
Unique ID: 6761e9d61c387c29e8f7cc0986077fae,
Execution Time for Trace ID 6761e9d61c387c29e8f7cc0986077fae: 105 ms
Input: 1000000,
Cold Start: false
Unique ID: 8ff733e11d65192244b4145de595a72c,
Execution Time for Trace ID 8ff733e11d65192244b4145de595a72c: 105 ms
Input: 1000000,
Cold Start: false
Unique ID: 2854ac7ae63ed78f24329d6792564c92,
Execution Time for Trace ID 2854ac7ae63ed78f24329d6792564c92: 34 ms
Input: 1000000,
Cold Start: false
Unique ID: 8d57377a5c1c158b45b169d31f7d03ad,
Execution Time for Trace ID 8d57377a5c1c158b45b169d31f7d03ad: 123 ms
Input: 1000000,
Cold Start: false
Unique ID: 9522206c360b7516e8cda580880a28c7,
Execution Time for Trace ID 9522206c360b7516e8cda580880a28c7: 119 ms
Input: 1000000,
Cold Start: false
Unique ID: 0c10dd872a59f9c2f08bb44ad8d97ded,
Execution Time for Trace ID 0c10dd872a59f9c2f08bb44ad8d97ded: 197 ms
Input: 1000000,
Cold Start: false
Unique ID: d96e53e754c57ec22b7f9b414a90aee0,
Execution Time for Trace ID d96e53e754c57ec22b7f9b414a90aee0: 103 ms
Input: 1000000,
Cold Start: false
Unique ID: becd95c99cb35c88b45b9b6854927103,
Execution Time for Trace ID becd95c99cb35c88b45b9b6854927103: 32 ms
Input: 1000000,
Cold Start: false
Unique ID: 4259282cd02ed7fada2d429386194b96,
Execution Time for Trace ID 4259282cd02ed7fada2d429386194b96: 102 ms
Input: 1000000,
Cold Start: false
Unique ID: 7b35841a3d4c607fc3a6683190efaa3e,
Execution Time for Trace ID 7b35841a3d4c607fc3a6683190efaa3e: 107 ms
Input: 1000000,
Cold Start: false
Unique ID: 88530567b579e527e6ae59466e5b6d55,
Execution Time for Trace ID 88530567b579e527e6ae59466e5b6d55: 98 ms
Input: 1000000,
Cold Start: false
Unique ID: 14cc5ec199d23d4e4b2cd6833e6385a2,
Execution Time for Trace ID 14cc5ec199d23d4e4b2cd6833e6385a2: 69 ms
Input: 1000000,
Cold Start: false
Unique ID: 04f1cf01f76ad3bde451fc12179407fd,
Execution Time for Trace ID 04f1cf01f76ad3bde451fc12179407fd: 36 ms
Input: 1000000,
Cold Start: false
Unique ID: 48cd1f54fa2451900e21b6ed60c248f9,
Execution Time for Trace ID 48cd1f54fa2451900e21b6ed60c248f9: 100 ms
Input: 1000000,
Cold Start: false
Unique ID: d17284f637d200c6242226b0df38fc60,
Execution Time for Trace ID d17284f637d200c6242226b0df38fc60: 31 ms
Input: 1000000,
Cold Start: false
Unique ID: 154f9e152513d6c2e4c9be452a10383b,
Execution Time for Trace ID 154f9e152513d6c2e4c9be452a10383b: 36 ms
Input: 1000000,
Cold Start: false
Unique ID: 0b340d7245c31a08dd98b7a7c0e06171,
Execution Time for Trace ID 0b340d7245c31a08dd98b7a7c0e06171: 29 ms
Input: 1000000,
Cold Start: false
Unique ID: ca1f03fc11d0a3d246bd64b76c16a937,
Execution Time for Trace ID ca1f03fc11d0a3d246bd64b76c16a937: 50 ms
Input: 1000000,
Cold Start: false
Unique ID: 612b69f387fd96511f9f09ed9d08bbd0,
Execution Time for Trace ID 612b69f387fd96511f9f09ed9d08bbd0: 40 ms
Input: 1000000,
Cold Start: false
Unique ID: ecfcb8cdd7a4592db46b3efc3aa9b069,
Execution Time for Trace ID ecfcb8cdd7a4592db46b3efc3aa9b069: 99 ms
Input: 1000000,
Cold Start: false
Unique ID: 51b4a52e46e913dd8e002fe78f6d9513,
Execution Time for Trace ID 51b4a52e46e913dd8e002fe78f6d9513: 96 ms
Input: 1000000,
Cold Start: false
Unique ID: fb1b31a2e7494e821f608e80b043a1ab,
Execution Time for Trace ID fb1b31a2e7494e821f608e80b043a1ab: 105 ms
Input: 1000000,
Cold Start: false
Unique ID: 0db3c398022ff2ffab1b957bceecf565,
Execution Time for Trace ID 0db3c398022ff2ffab1b957bceecf565: 34 ms
Input: 1000000,
Cold Start: false
Unique ID: 3f6ac70d6e604acee658125b9f6ef2c6,
Execution Time for Trace ID 3f6ac70d6e604acee658125b9f6ef2c6: 100 ms
Input: 1000000,
Cold Start: false
Unique ID: a25d2e0be79317c2e111f665ee1c06e1,
Execution Time for Trace ID a25d2e0be79317c2e111f665ee1c06e1: 96 ms
Input: 1000000,
Cold Start: false
Unique ID: 7a3d42a1395338e3c4824586d931bf2d,
Execution Time for Trace ID 7a3d42a1395338e3c4824586d931bf2d: 97 ms
Input: 1000000,
Cold Start: false
Unique ID: faab02324bae87720ba107b6c0c4c888,
Execution Time for Trace ID faab02324bae87720ba107b6c0c4c888: 103 ms
Input: 1000000,
Cold Start: false
Unique ID: 196014267f726c99db6fe8dea4f02285,
Execution Time for Trace ID 196014267f726c99db6fe8dea4f02285: 36 ms
Input: 1000000,
Cold Start: false
Unique ID: 7c5445f1452f1bb2c1cb49d51cc666f6,
Execution Time for Trace ID 7c5445f1452f1bb2c1cb49d51cc666f6: 105 ms
Input: 1000000,
Cold Start: false
Unique ID: f617acd69f2127e51fcef0c46376849e,
Execution Time for Trace ID f617acd69f2127e51fcef0c46376849e: 94 ms
Input: 1000000,
Cold Start: false
Unique ID: e512ebe9f79a1b648c8e41eece1f5164,
Execution Time for Trace ID e512ebe9f79a1b648c8e41eece1f5164: 100 ms
Input: 1000000,
Cold Start: false
Unique ID: abd3f1cca003392de8ce13fd95621acd,
Execution Time for Trace ID abd3f1cca003392de8ce13fd95621acd: 94 ms
Input: 1000000,
Cold Start: false
Unique ID: be030dfdc9ed7858bb4d6b0eff4586b0,
Execution Time for Trace ID be030dfdc9ed7858bb4d6b0eff4586b0: 34 ms
Input: 1000000,
Cold Start: false
Unique ID: 94e7df79869e2c89903c930ab045a5d8,
Execution Time for Trace ID 94e7df79869e2c89903c930ab045a5d8: 94 ms
Input: 1000000,
Cold Start: false
Unique ID: 5500c1b4d0690ef5362673e7e7a8e550,
Execution Time for Trace ID 5500c1b4d0690ef5362673e7e7a8e550: 106 ms
Input: 1000000,
Cold Start: false
Unique ID: e39242bbf2f11ce4f083bd66593a4f98,
Execution Time for Trace ID e39242bbf2f11ce4f083bd66593a4f98: 97 ms
Input: 1000000,
Cold Start: false
Unique ID: 3711e46543f054b594e3dee356a41413,
Execution Time for Trace ID 3711e46543f054b594e3dee356a41413: 110 ms
Input: 1000000,
Cold Start: false
Unique ID: 0b3a11d321f8a3588226ec09b04c2267,
Execution Time for Trace ID 0b3a11d321f8a3588226ec09b04c2267: 30 ms
Input: 1000000,
Cold Start: false
Unique ID: d8d563699ce7a0fe7e873ae820bb17fb,
Execution Time for Trace ID d8d563699ce7a0fe7e873ae820bb17fb: 106 ms
Input: 1000000,
Cold Start: false
Unique ID: 7b8e804095f7f9dce452cf7f8c1a8b1a,
Execution Time for Trace ID 7b8e804095f7f9dce452cf7f8c1a8b1a: 92 ms
Input: 1000000,
Cold Start: false
Unique ID: eae7ce1cbaff9587c50a98771bfbe824,
Execution Time for Trace ID eae7ce1cbaff9587c50a98771bfbe824: 103 ms
Input: 1000000,
Cold Start: false
Unique ID: 0d814970ae9152cc313c05691c5cce0c,
Execution Time for Trace ID 0d814970ae9152cc313c05691c5cce0c: 95 ms
Input: 1000000,
Cold Start: false
Unique ID: 56ae4f15bb80b0b212190129d3a3459d,
Execution Time for Trace ID 56ae4f15bb80b0b212190129d3a3459d: 96 ms
Input: 1000000,
Cold Start: false
Unique ID: d704cd8068397195a302e869bfc8399e,
Execution Time for Trace ID d704cd8068397195a302e869bfc8399e: 95 ms
Input: 1000000,
Cold Start: false
Unique ID: 6e76f48d87bc1e9a85c2cf95b898a1b4,
Execution Time for Trace ID 6e76f48d87bc1e9a85c2cf95b898a1b4: 122 ms
Input: 1000000,
Cold Start: false
Unique ID: 4806bd1bd03c9802f23441d4f1281649,
Execution Time for Trace ID 4806bd1bd03c9802f23441d4f1281649: 96 ms
Input: 1000000,
Cold Start: false
Unique ID: 4281ed487eb6d9c310ba8ce215f38c7d,
Execution Time for Trace ID 4281ed487eb6d9c310ba8ce215f38c7d: 105 ms
Input: 1000000,
Cold Start: false
Unique ID: 68c4cea7ac12f3a9307ba29703523734,
Execution Time for Trace ID 68c4cea7ac12f3a9307ba29703523734: 31 ms
Input: 1000000,
Cold Start: false
Unique ID: b8457306a156cd1962980e9a05efb596,
Execution Time for Trace ID b8457306a156cd1962980e9a05efb596: 104 ms
Input: 1000000,
Cold Start: false
Unique ID: c8e11c42c40e71b68ad7ec28d07a2221,
Execution Time for Trace ID c8e11c42c40e71b68ad7ec28d07a2221: 92 ms
Input: 1000000,
Cold Start: false
Unique ID: 01fbce56e6fa7ebf7f0c797d5d60c275,
Execution Time for Trace ID 01fbce56e6fa7ebf7f0c797d5d60c275: 87 ms
Input: 1000000,
Cold Start: false
Unique ID: 057ec7abbac1f98f15e85de7fb1db455,
Execution Time for Trace ID 057ec7abbac1f98f15e85de7fb1db455: 99 ms
Input: 1000000,
Cold Start: false
Unique ID: 043cf04738b25ee594d99e32ff6bb31d,
Execution Time for Trace ID 043cf04738b25ee594d99e32ff6bb31d: 29 ms
Input: 1000000,
Cold Start: false
Unique ID: 177533ccdef7043a83209f31db4a532d,
Execution Time for Trace ID 177533ccdef7043a83209f31db4a532d: 29 ms
Input: 1000000,
Cold Start: false
Unique ID: 1b151e3c6719d34c6e10dffd9dc89a92,
Execution Time for Trace ID 1b151e3c6719d34c6e10dffd9dc89a92: 95 ms
Input: 1000000,
Cold Start: false
Unique ID: 8c8f61c1daf75f0d9136c2f75ea4dbfa,
Execution Time for Trace ID 8c8f61c1daf75f0d9136c2f75ea4dbfa: 100 ms
Input: 1000000,
Cold Start: false
Unique ID: 614625d719b8f7d36de6076234d66bfa,
Execution Time for Trace ID 614625d719b8f7d36de6076234d66bfa: 93 ms
Input: 1000000,
Cold Start: false
Unique ID: 77bdb14bb5702b31a49b4436d5f09daf,
Execution Time for Trace ID 77bdb14bb5702b31a49b4436d5f09daf: 99 ms
Input: 1000000,
Cold Start: false
Unique ID: eb0301058d0c9d0ff03e68d70540b329,
Execution Time for Trace ID eb0301058d0c9d0ff03e68d70540b329: 98 ms
Input: 1000000,
Cold Start: false
Unique ID: d68e60d679dd6c28fd26e61409605cab,
Execution Time for Trace ID d68e60d679dd6c28fd26e61409605cab: 115 ms
Input: 1000000,
Cold Start: false
Unique ID: 158077fd3f443a8a1cbb47616b560d83,
Execution Time for Trace ID 158077fd3f443a8a1cbb47616b560d83: 99 ms
Input: 1000000,
Cold Start: false
Unique ID: cd9fd962313466b4dd06fc4b75d0f813,
Execution Time for Trace ID cd9fd962313466b4dd06fc4b75d0f813: 111 ms
Input: 1000000,
Cold Start: false
Unique ID: 42867e519101d8aab18c25b191fbde45,
Execution Time for Trace ID 42867e519101d8aab18c25b191fbde45: 29 ms
Input: 1000000,
Cold Start: false
Unique ID: 7993d57957155780652705f404d58a03,
Execution Time for Trace ID 7993d57957155780652705f404d58a03: 103 ms
Input: 1000000,
Cold Start: false
Unique ID: c44971817e39745370264d2230d36efd,
Execution Time for Trace ID c44971817e39745370264d2230d36efd: 38 ms
Input: 1000000,
Cold Start: false
Unique ID: 366714f341993d0395462da79435ef34,
Execution Time for Trace ID 366714f341993d0395462da79435ef34: 35 ms
Input: 1000000,
Cold Start: false
Unique ID: 705344ebd9a5b294f1a52382c3ec9974,
Execution Time for Trace ID 705344ebd9a5b294f1a52382c3ec9974: 43 ms
Input: 1000000,
Cold Start: false
Unique ID: a13f0a219d6ff8beba49a430ea31be1d,
Execution Time for Trace ID a13f0a219d6ff8beba49a430ea31be1d: 63 ms
Input: 1000000,
Cold Start: false
Unique ID: 44b53a50542dd152e2f4255da4b9f18b,
Execution Time for Trace ID 44b53a50542dd152e2f4255da4b9f18b: 64 ms
Input: 1000000,
Cold Start: false
Unique ID: 427e76a48d41b7dbae401182839b7c1d,
Execution Time for Trace ID 427e76a48d41b7dbae401182839b7c1d: 28 ms
Input: 1000000,
Cold Start: false
Unique ID: 35ff1c80b402221818487fc0ea1c1563,
Execution Time for Trace ID 35ff1c80b402221818487fc0ea1c1563: 55 ms
Input: 1000000,
Cold Start: false
Unique ID: bdf6d8510e138925e27ddd1c9b088b6b,
Execution Time for Trace ID bdf6d8510e138925e27ddd1c9b088b6b: 62 ms
Input: 1000000,
Cold Start: false
Unique ID: 33504224e03b30d7354d23ff6a157e96,
Execution Time for Trace ID 33504224e03b30d7354d23ff6a157e96: 58 ms
Input: 1000000,
Cold Start: false
Unique ID: e89b8adac1c79113bb741c5fad64e8cf,
Execution Time for Trace ID e89b8adac1c79113bb741c5fad64e8cf: 28 ms
Input: 1000000,
Cold Start: false
Unique ID: 768d181fd8d758c107b121c33972f25f,
Execution Time for Trace ID 768d181fd8d758c107b121c33972f25f: 64 ms
Input: 1000000,
Cold Start: false
Unique ID: ddb8749e58f6f09b4fa320e3e1abe828,
Execution Time for Trace ID ddb8749e58f6f09b4fa320e3e1abe828: 56 ms
Input: 1000000,
Cold Start: false
Unique ID: 1165128101f85a5677bb21cd21660a97,
Execution Time for Trace ID 1165128101f85a5677bb21cd21660a97: 67 ms
Input: 1000000,
Cold Start: false
Unique ID: 246c2bcac0091ad12551f3e50d38ddeb,
Execution Time for Trace ID 246c2bcac0091ad12551f3e50d38ddeb: 29 ms
Input: 1000000,
Cold Start: false
Unique ID: 863618ca28427756e39045f6e15eff8a,
Execution Time for Trace ID 863618ca28427756e39045f6e15eff8a: 56 ms
Input: 1000000,
Cold Start: false
Unique ID: c1b2da2efcf3f3f4fa1f90afc94d2681,
Execution Time for Trace ID c1b2da2efcf3f3f4fa1f90afc94d2681: 30 ms
Input: 1000000,
Cold Start: false
Unique ID: f4e6f59aa91af35432b1291358584a07,
Execution Time for Trace ID f4e6f59aa91af35432b1291358584a07: 59 ms
Input: 1000000,
Cold Start: false
Unique ID: ac43a968374451b31b5c747121ee0bad,
Execution Time for Trace ID ac43a968374451b31b5c747121ee0bad: 29 ms
Input: 1000000,
Cold Start: false
Unique ID: bb36e156c04856b6bf03f86fef83b677,
Execution Time for Trace ID bb36e156c04856b6bf03f86fef83b677: 62 ms
Input: 1000000,
Cold Start: false
Unique ID: bdea7ac59c59c492a128506a5e72a734,
Execution Time for Trace ID bdea7ac59c59c492a128506a5e72a734: 29 ms
Input: 1000000,
Cold Start: false
Unique ID: eac123fa6c140fa6199601138cba4025,
Execution Time for Trace ID eac123fa6c140fa6199601138cba4025: 31 ms
Input: 1000000,
Cold Start: false
Unique ID: 03cfddb0fd2a49106a65e6742a2f0fdc,
Execution Time for Trace ID 03cfddb0fd2a49106a65e6742a2f0fdc: 31 ms
Input: 1000000,
Cold Start: false
Unique ID: b844f98ca91a3ee954b4df98a66c8ded,
Execution Time for Trace ID b844f98ca91a3ee954b4df98a66c8ded: 31 ms
Input: 1000000,
Cold Start: false
Unique ID: ae8c8a568dc14eecc6c5c0f27d270448,
Execution Time for Trace ID ae8c8a568dc14eecc6c5c0f27d270448: 54 ms
Input: 1000000,
Cold Start: false
Unique ID: 00e02e6c2dd50e9bca0d110eeef68c42,
Execution Time for Trace ID 00e02e6c2dd50e9bca0d110eeef68c42: 71 ms
Input: 1000000,
Cold Start: false
Unique ID: 119501650eed3557aff77a0a6ab4a876,
Execution Time for Trace ID 119501650eed3557aff77a0a6ab4a876: 29 ms
Input: 1000000,
Cold Start: false
Unique ID: 3e981ad4e8937f29e98500865aacb02f,
Execution Time for Trace ID 3e981ad4e8937f29e98500865aacb02f: 61 ms
Input: 1000000,
Cold Start: false
Unique ID: e51709cdbaddea72a4844e513f432a05,
Execution Time for Trace ID e51709cdbaddea72a4844e513f432a05: 51 ms
Input: 1000000,
Cold Start: false
Unique ID: 3e285bac0f2ae35ae40595d77f2cabda,
Execution Time for Trace ID 3e285bac0f2ae35ae40595d77f2cabda: 94 ms
Input: 1000000,
Cold Start: false
Unique ID: c9335022c7ba39abeac24d27605c0c7b,
Execution Time for Trace ID c9335022c7ba39abeac24d27605c0c7b: 60 ms
Input: 1000000,
Cold Start: false
Unique ID: 64ecfe6c40f289140cbc81f40043e636,
Execution Time for Trace ID 64ecfe6c40f289140cbc81f40043e636: 56 ms
Input: 1000000,
Cold Start: false
Unique ID: 2e08a54147accb8135db347d41aac778,
Execution Time for Trace ID 2e08a54147accb8135db347d41aac778: 55 ms
Input: 1000000,
Cold Start: false
Unique ID: e800528d92e6b4333d125b83b1a7b759,
Execution Time for Trace ID e800528d92e6b4333d125b83b1a7b759: 59 ms
Input: 1000000,
Cold Start: false
Unique ID: 00a5e071cf4ea12e58bb87c88ad931ee,
Execution Time for Trace ID 00a5e071cf4ea12e58bb87c88ad931ee: 56 ms
Input: 1000000,
Cold Start: false
Unique ID: 9add566956c9ba7ec9a592c1cd2c7331,
Execution Time for Trace ID 9add566956c9ba7ec9a592c1cd2c7331: 60 ms
Input: 1000000,
Cold Start: false
Unique ID: f4a1d832de06fd4030c0641ca0c97e0b,
Execution Time for Trace ID f4a1d832de06fd4030c0641ca0c97e0b: 30 ms
Input: 1000000,
Cold Start: false
Unique ID: 7d4611eaa4d865cf668f542e7f8e75d4,
Execution Time for Trace ID 7d4611eaa4d865cf668f542e7f8e75d4: 72 ms
Input: 1000000,
Cold Start: false
Unique ID: 0117a620307f89e489a3314bca46961c,
Execution Time for Trace ID 0117a620307f89e489a3314bca46961c: 63 ms
Input: 1000000,
Cold Start: false
Unique ID: ca0216574a86dace502468f925db8cfb,
Execution Time for Trace ID ca0216574a86dace502468f925db8cfb: 29 ms
Input: 1000000,
Cold Start: false
Unique ID: 2ed82a0946694644c4057671a1fbc44a,
Execution Time for Trace ID 2ed82a0946694644c4057671a1fbc44a: 59 ms
Input: 1000000,
Cold Start: false
Unique ID: 16391d350f3b525558ada8d779baaf01,
Execution Time for Trace ID 16391d350f3b525558ada8d779baaf01: 59 ms
Input: 1000000,
Cold Start: false
Unique ID: 458bc2f48a3375f0b2dd2443d486e58a,
Execution Time for Trace ID 458bc2f48a3375f0b2dd2443d486e58a: 62 ms
Input: 1000000,
Cold Start: false
Unique ID: 356fa9e18892d7dda0ea8e3ce8f79f6a,
Execution Time for Trace ID 356fa9e18892d7dda0ea8e3ce8f79f6a: 67 ms
Input: 1000000,
Cold Start: false
Unique ID: ea5a10225eb54d5ced150cc746bee06e,
Execution Time for Trace ID ea5a10225eb54d5ced150cc746bee06e: 61 ms
Input: 1000000,
Cold Start: false
Unique ID: 2043a8503a054826e87ec1f442bad7d1,
Execution Time for Trace ID 2043a8503a054826e87ec1f442bad7d1: 64 ms
Input: 1000000,
Cold Start: false
Unique ID: ebf3eb0e8fbac2da49e8d2f4d8eb93ef,
Execution Time for Trace ID ebf3eb0e8fbac2da49e8d2f4d8eb93ef: 35 ms
Input: 1000000,
Cold Start: false
Unique ID: b5ed1b6ddde981a5fc3980d49053fad0,
Execution Time for Trace ID b5ed1b6ddde981a5fc3980d49053fad0: 68 ms
Input: 1000000,
Cold Start: false
Unique ID: f6948d6b7ee1a7e4407dda03e7c50f6c,
Execution Time for Trace ID f6948d6b7ee1a7e4407dda03e7c50f6c: 65 ms
Input: 1000000,
Cold Start: false
Unique ID: 1555be40655f33c43f06a1782789ea5a,
Execution Time for Trace ID 1555be40655f33c43f06a1782789ea5a: 60 ms
Input: 1000000,
Cold Start: false
Unique ID: b832d811d5eadad31cfa023c9e9273c6,
Execution Time for Trace ID b832d811d5eadad31cfa023c9e9273c6: 56 ms
Input: 1000000,
Cold Start: false
Unique ID: 0be84797676b92c7fab85b2097eb9444,
Execution Time for Trace ID 0be84797676b92c7fab85b2097eb9444: 64 ms
Input: 1000000,
Cold Start: false
Unique ID: 92adf006c6813ecab5e89eb8c50c2717,
Execution Time for Trace ID 92adf006c6813ecab5e89eb8c50c2717: 28 ms
Input: 1000000,
Cold Start: false
Unique ID: 2930d4c04917f3730d880e655a4604e7,
Execution Time for Trace ID 2930d4c04917f3730d880e655a4604e7: 60 ms
Input: 1000000,
Cold Start: false
Unique ID: 636a85dd26c55f656583c54cc75652f2,
Execution Time for Trace ID 636a85dd26c55f656583c54cc75652f2: 59 ms
Input: 1000000,
Cold Start: false
Unique ID: 4627a34564ee4599a14c3eec48b6186f,
Execution Time for Trace ID 4627a34564ee4599a14c3eec48b6186f: 64 ms
Input: 1000000,
Cold Start: false
Unique ID: b22e2b17438d143c2dc454785d2ddb8b,
Execution Time for Trace ID b22e2b17438d143c2dc454785d2ddb8b: 30 ms
Input: 1000000,
Cold Start: false
Unique ID: 944df264de2e872168163d4906bbc567,
Execution Time for Trace ID 944df264de2e872168163d4906bbc567: 61 ms
Input: 1000000,
Cold Start: false
Unique ID: e3e3fe81bea80fa3ae5af9d52ed6c430,
Execution Time for Trace ID e3e3fe81bea80fa3ae5af9d52ed6c430: 61 ms
Input: 1000000,
Cold Start: false
Unique ID: f2a30b293fb38407995a5d16520f26ec,
Execution Time for Trace ID f2a30b293fb38407995a5d16520f26ec: 57 ms
Input: 1000000,
Cold Start: false
Unique ID: 686cb58a86fdce84489d20c1e5b3bbe5,
Execution Time for Trace ID 686cb58a86fdce84489d20c1e5b3bbe5: 28 ms
Input: 1000000,
Cold Start: false
Unique ID: 5b609e7d9b2f728f08ca447a4fa55480,
Execution Time for Trace ID 5b609e7d9b2f728f08ca447a4fa55480: 58 ms
Input: 1000000,
Cold Start: false
Unique ID: b4b0338f28d0fbdd7fe3b99ea157c5d0,
Execution Time for Trace ID b4b0338f28d0fbdd7fe3b99ea157c5d0: 30 ms
Input: 1000000,
Cold Start: false
Unique ID: e57c7f74084462a302ca000a9853d999,
Execution Time for Trace ID e57c7f74084462a302ca000a9853d999: 64 ms
Input: 1000000,
Cold Start: false
Unique ID: 6ad62cdbe01521a2b773acddcf276124,
Execution Time for Trace ID 6ad62cdbe01521a2b773acddcf276124: 66 ms
Input: 1000000,
Cold Start: false
Unique ID: 4c53efcf379c88e0483476982b9ad13b,
Execution Time for Trace ID 4c53efcf379c88e0483476982b9ad13b: 71 ms
Input: 1000000,
Cold Start: false
Unique ID: 24964ecd229b8aeeef37d212a040d847,
Execution Time for Trace ID 24964ecd229b8aeeef37d212a040d847: 44 ms
Input: 1000000,
Cold Start: false
Unique ID: f2edc94efa89f47cb1f3d6f1f6383e4a,
Execution Time for Trace ID f2edc94efa89f47cb1f3d6f1f6383e4a: 65 ms
Input: 1000000,
Cold Start: false
Unique ID: a5847685d30dcce6cd4f451e60ace7e0,
Execution Time for Trace ID a5847685d30dcce6cd4f451e60ace7e0: 63 ms
Input: 1000000,
Cold Start: false
Unique ID: 850f0b3efc3fbf186d6a714c4d4168d4,
Execution Time for Trace ID 850f0b3efc3fbf186d6a714c4d4168d4: 72 ms
Input: 1000000,
Cold Start: false
Unique ID: 041003e368e75ea42de975d55fd541f1,
Execution Time for Trace ID 041003e368e75ea42de975d55fd541f1: 59 ms
Input: 1000000,
Cold Start: false
Unique ID: a9d76b56a7ae6b210d52cb886bdbf412,
Execution Time for Trace ID a9d76b56a7ae6b210d52cb886bdbf412: 31 ms
Input: 1000000,
Cold Start: false
Unique ID: f2a6270728fae5e4e8a26cbe9f520936,
Execution Time for Trace ID f2a6270728fae5e4e8a26cbe9f520936: 60 ms
Input: 1000000,
Cold Start: false
Unique ID: cb7163d476f095d096a9a46a899c60a4,
Execution Time for Trace ID cb7163d476f095d096a9a46a899c60a4: 61 ms
Input: 1000000,
Cold Start: false
Unique ID: d8bd99ea412ba5089bb907b24fdc1348,
Execution Time for Trace ID d8bd99ea412ba5089bb907b24fdc1348: 68 ms
Input: 1000000,
Cold Start: false
Unique ID: 649fc02b3e4094258e0c2c5e35f67e3a,
Execution Time for Trace ID 649fc02b3e4094258e0c2c5e35f67e3a: 30 ms
Input: 1000000,
Cold Start: false
Unique ID: d00fcb505c7f11ad0d5862a0460a73b7,
Execution Time for Trace ID d00fcb505c7f11ad0d5862a0460a73b7: 77 ms
Input: 1000000,
Cold Start: false
Unique ID: 4d69aee2c33301706267100a9062772e,
Execution Time for Trace ID 4d69aee2c33301706267100a9062772e: 65 ms
Input: 1000000,
Cold Start: false
Unique ID: 395dc1572852ca7da4869343c6ebe5f5,
Execution Time for Trace ID 395dc1572852ca7da4869343c6ebe5f5: 72 ms
Input: 1000000,
Cold Start: false
Unique ID: c6e20d6c65e59d793e8903801a232d03,
Execution Time for Trace ID c6e20d6c65e59d793e8903801a232d03: 65 ms
Input: 1000000,
Cold Start: false
Unique ID: 08895b5583162ccd2d138253b4e98083,
Execution Time for Trace ID 08895b5583162ccd2d138253b4e98083: 29 ms
Input: 1000000,
Cold Start: false
Unique ID: 7dacb546f0803d284c77dec4d9a57516,
Execution Time for Trace ID 7dacb546f0803d284c77dec4d9a57516: 55 ms
Input: 1000000,
Cold Start: false
Unique ID: 83d1b76856cee0c8514902c2fcfad1e4,
Execution Time for Trace ID 83d1b76856cee0c8514902c2fcfad1e4: 34 ms
Input: 1000000,
Cold Start: false
Unique ID: 85bf675821397a8fb9a9c4516d258361,
Execution Time for Trace ID 85bf675821397a8fb9a9c4516d258361: 33 ms
Input: 1000000,
Cold Start: false
Unique ID: 62b70b57a40e24a044706d5aa6459535,
Execution Time for Trace ID 62b70b57a40e24a044706d5aa6459535: 32 ms
Input: 1000000,
Cold Start: false
Unique ID: 2cd185b0dac5871b54fcda1330aedf33,
Execution Time for Trace ID 2cd185b0dac5871b54fcda1330aedf33: 61 ms
Input: 1000000,
Cold Start: false
Unique ID: f4570e24dee8fe673558decea9f971bc,
Execution Time for Trace ID f4570e24dee8fe673558decea9f971bc: 30 ms
Input: 1000000,
Cold Start: false
Unique ID: 7e6d61b08126f702a967e3081613765d,
Execution Time for Trace ID 7e6d61b08126f702a967e3081613765d: 69 ms
Input: 1000000,
Cold Start: false
Unique ID: 7165e4a5b2bbaedf60342c618489f671,
Execution Time for Trace ID 7165e4a5b2bbaedf60342c618489f671: 60 ms
Input: 1000000,
Cold Start: false
Unique ID: bb2d561647940f241349f1e5c99a614e,
Execution Time for Trace ID bb2d561647940f241349f1e5c99a614e: 63 ms
Input: 1000000,
Cold Start: false
Unique ID: d2b12ea4aa44031acb31dac5bf312766,
Execution Time for Trace ID d2b12ea4aa44031acb31dac5bf312766: 61 ms
Input: 1000000,
Cold Start: false
Unique ID: 1d63613672f78599ef4519243dcf95f9,
Execution Time for Trace ID 1d63613672f78599ef4519243dcf95f9: 66 ms
Input: 1000000,
Cold Start: false
Unique ID: 2d6213a85f62c683bd9189c5df228ca9,
Execution Time for Trace ID 2d6213a85f62c683bd9189c5df228ca9: 61 ms
Input: 1000000,
Cold Start: false
Unique ID: fe51f6746c4534a352698cb27c3aacef,
Execution Time for Trace ID fe51f6746c4534a352698cb27c3aacef: 67 ms
Input: 1000000,
Cold Start: false
Unique ID: 7c81d4393c30162dd8a6894152cdf8fe,
Execution Time for Trace ID 7c81d4393c30162dd8a6894152cdf8fe: 29 ms
Input: 1000000,
Cold Start: false
Unique ID: 631b642d3a8ef83c7071b9fb8a75c65e,
Execution Time for Trace ID 631b642d3a8ef83c7071b9fb8a75c65e: 66 ms
Input: 1000000,
Cold Start: false
Unique ID: b9cea2b862d11c47974c783a8c37d11e,
Execution Time for Trace ID b9cea2b862d11c47974c783a8c37d11e: 30 ms
Input: 1000000,
Cold Start: false
Unique ID: b0bc001b0deec35014241781067deb90,
Execution Time for Trace ID b0bc001b0deec35014241781067deb90: 58 ms
Input: 1000000,
Cold Start: false
Unique ID: c2309332630cb47eb33e70386cc24871,
Execution Time for Trace ID c2309332630cb47eb33e70386cc24871: 59 ms
Input: 1000000,
Cold Start: false
Unique ID: 6e798b0193426979fc776b6f0b1d5f55,
Execution Time for Trace ID 6e798b0193426979fc776b6f0b1d5f55: 60 ms
Input: 1000000,
Cold Start: false
Unique ID: 871e3a4ee91e1c6eac30f92b2c70d4ee,
Execution Time for Trace ID 871e3a4ee91e1c6eac30f92b2c70d4ee: 63 ms
Input: 1000000,
Cold Start: false
Unique ID: eb8f9b69c3fb13344d22d5ca40c16715,
Execution Time for Trace ID eb8f9b69c3fb13344d22d5ca40c16715: 39 ms
Input: 1000000,
Cold Start: false
Unique ID: 9ec71cc0619bc16829d63023ad74cf35,
Execution Time for Trace ID 9ec71cc0619bc16829d63023ad74cf35: 47 ms
Input: 1000000,
Cold Start: false
Unique ID: c521d7e336ea61fe61dca750e4a3e9ca,
Execution Time for Trace ID c521d7e336ea61fe61dca750e4a3e9ca: 50 ms
Input: 1000000,
Cold Start: false
Unique ID: 155aa11614770d760a19b368dc574b24,
Execution Time for Trace ID 155aa11614770d760a19b368dc574b24: 29 ms
Input: 1000000,
Cold Start: false
Unique ID: 355deedd8127538e31971db668b1bbc0,
Execution Time for Trace ID 355deedd8127538e31971db668b1bbc0: 51 ms
Input: 1000000,
Cold Start: false
Unique ID: 577717fcbe881c68d90390dc1585a670,
Execution Time for Trace ID 577717fcbe881c68d90390dc1585a670: 63 ms
Input: 1000000,
Cold Start: false
Unique ID: a65be5357afe5a42c3deaac83448ee57,
Execution Time for Trace ID a65be5357afe5a42c3deaac83448ee57: 55 ms
Input: 1000000,
Cold Start: false
Unique ID: 997338144fa9354e338207c388199071,
Execution Time for Trace ID 997338144fa9354e338207c388199071: 57 ms
Input: 1000000,
Cold Start: false
Unique ID: 75cad9e97404bcdad6aaf4c4a7c692f6,
Execution Time for Trace ID 75cad9e97404bcdad6aaf4c4a7c692f6: 58 ms
Input: 1000000,
Cold Start: false
Unique ID: 9a75f504ccbf38c56e4263c70dcd29b0,
Execution Time for Trace ID 9a75f504ccbf38c56e4263c70dcd29b0: 28 ms
Input: 1000000,
Cold Start: false
Unique ID: fdca1c62f89aa9cfac59d07c61a4cae5,
Execution Time for Trace ID fdca1c62f89aa9cfac59d07c61a4cae5: 70 ms
Input: 1000000,
Cold Start: false
Unique ID: c425ef35481d743dfb6731fae4c3b4cf,
Execution Time for Trace ID c425ef35481d743dfb6731fae4c3b4cf: 63 ms
Input: 1000000,
Cold Start: false
Unique ID: 416cf55c602c3129da21bb49c24abd02,
Execution Time for Trace ID 416cf55c602c3129da21bb49c24abd02: 68 ms
Input: 1000000,
Cold Start: false
Unique ID: 42f0c3d769c56c4bb849c4ea528b9525,
Execution Time for Trace ID 42f0c3d769c56c4bb849c4ea528b9525: 29 ms
Input: 1000000,
Cold Start: false
Unique ID: 34bd9e48f31294002050c95d14d56c5b,
Execution Time for Trace ID 34bd9e48f31294002050c95d14d56c5b: 67 ms
Input: 1000000,
Cold Start: false
Unique ID: 5a2b847b5036fd257bbe381ac992d021,
Execution Time for Trace ID 5a2b847b5036fd257bbe381ac992d021: 63 ms
Input: 1000000,
Cold Start: false
Unique ID: 904b68e0b1f99b5f7ee20cd7974ba7b9,
Execution Time for Trace ID 904b68e0b1f99b5f7ee20cd7974ba7b9: 74 ms
Input: 1000000,
Cold Start: false
Unique ID: c265c4b6e99d2310e8720344b40bda34,
Execution Time for Trace ID c265c4b6e99d2310e8720344b40bda34: 55 ms
Input: 1000000,
Cold Start: false
Unique ID: f637f4b00c671818312872b01554d08c,
Execution Time for Trace ID f637f4b00c671818312872b01554d08c: 58 ms
Input: 1000000,
Cold Start: false
Unique ID: c1a3b9a8de8bf087dc58717531fd9966,
Execution Time for Trace ID c1a3b9a8de8bf087dc58717531fd9966: 70 ms
Input: 1000000,
Cold Start: false
Unique ID: c16260507c6e9913fdc9d225ef3560ba,
Execution Time for Trace ID c16260507c6e9913fdc9d225ef3560ba: 66 ms
Input: 1000000,
Cold Start: false
Unique ID: 8da3c8f854c9548ea0d24e41e97bb3a8,
Execution Time for Trace ID 8da3c8f854c9548ea0d24e41e97bb3a8: 60 ms
Input: 1000000,
Cold Start: false
Unique ID: 19dd2b65a1d26f06a0d24e41e97bbbb9,
Execution Time for Trace ID 19dd2b65a1d26f06a0d24e41e97bbbb9: 61 ms
Input: 1000000,
Cold Start: false
Unique ID: 1a3088c83282f8a3c87272bc3dcddfaf,
Execution Time for Trace ID 1a3088c83282f8a3c87272bc3dcddfaf: 30 ms
Input: 1000000,
Cold Start: false
Unique ID: 6d2e61047e6c1577e2d352f1991aeb37,
Execution Time for Trace ID 6d2e61047e6c1577e2d352f1991aeb37: 58 ms
Input: 1000000,
Cold Start: false
Unique ID: 281ce676028678bdefb69fa3cb3caf6c,
Execution Time for Trace ID 281ce676028678bdefb69fa3cb3caf6c: 53 ms
Input: 1000000,
Cold Start: false
Unique ID: 677750199a221a54bcd0b19ef1283ead,
Execution Time for Trace ID 677750199a221a54bcd0b19ef1283ead: 63 ms
Input: 1000000,
Cold Start: false
Unique ID: 2a352f27939e2c72fdcf9657f5805a23,
Execution Time for Trace ID 2a352f27939e2c72fdcf9657f5805a23: 69 ms
Input: 1000000,
Cold Start: false
Unique ID: e3e1516a2e3a4a6b15ca3e0a2c6e5ce5,
Execution Time for Trace ID e3e1516a2e3a4a6b15ca3e0a2c6e5ce5: 61 ms
Input: 1000000,
Cold Start: false
Unique ID: 145bec44fa0b21e358ab64cb38f0f19f,
Execution Time for Trace ID 145bec44fa0b21e358ab64cb38f0f19f: 60 ms
Input: 1000000,
Cold Start: false
Unique ID: 67b38bbe57fb074e4f3198425869705b,
Execution Time for Trace ID 67b38bbe57fb074e4f3198425869705b: 67 ms
Input: 1000000,
Cold Start: false
Unique ID: 3fd9785ea806d61696edf5d42f43a28c,
Execution Time for Trace ID 3fd9785ea806d61696edf5d42f43a28c: 65 ms
Input: 1000000,
Cold Start: false
Unique ID: 6cacdbc6feb225e88de1d08c822dfc00,
Execution Time for Trace ID 6cacdbc6feb225e88de1d08c822dfc00: 65 ms
Input: 1000000,
Cold Start: false
Unique ID: 7818386065196cfcda1d21d5b0472f0a,
Execution Time for Trace ID 7818386065196cfcda1d21d5b0472f0a: 31 ms
Input: 1000000,
Cold Start: false
Unique ID: c066dd6a24f3dc2068ea5f761b036ca7,
Execution Time for Trace ID c066dd6a24f3dc2068ea5f761b036ca7: 63 ms
Input: 1000000,
Cold Start: false
Unique ID: b22e28240d589e35618cdbada60f875f,
Execution Time for Trace ID b22e28240d589e35618cdbada60f875f: 63 ms
Input: 1000000,
Cold Start: false
Unique ID: dfc453c913c9d152ec6f6725081df624,
Execution Time for Trace ID dfc453c913c9d152ec6f6725081df624: 68 ms
Input: 1000000,
Cold Start: false
Unique ID: 421f9acb376bbc6f10c4c8b989d376b3,
Execution Time for Trace ID 421f9acb376bbc6f10c4c8b989d376b3: 59 ms
Input: 1000000,
Cold Start: false
Unique ID: d96e134f517ae4767ceb08e4ee54b26d,
Execution Time for Trace ID d96e134f517ae4767ceb08e4ee54b26d: 66 ms
Input: 1000000,
Cold Start: false
Unique ID: b331f4557df977053d9aaac7a1cc78e3,
Execution Time for Trace ID b331f4557df977053d9aaac7a1cc78e3: 64 ms
Input: 1000000,
Cold Start: false
Unique ID: c72ba2d2ce68fd186835a2e6ec1f9ff3,
Execution Time for Trace ID c72ba2d2ce68fd186835a2e6ec1f9ff3: 70 ms
Input: 1000000,
Cold Start: false
Unique ID: e33a0cd0f7fe5a03ece43a211f0f009f,
Execution Time for Trace ID e33a0cd0f7fe5a03ece43a211f0f009f: 59 ms
Input: 1000000,
Cold Start: false
Unique ID: 8700a5159282456dc479e15564a659db,
Execution Time for Trace ID 8700a5159282456dc479e15564a659db: 77 ms
Input: 1000000,
Cold Start: false
Unique ID: a7f31bcc0924de2acd7170bfddb2de7f,
Execution Time for Trace ID a7f31bcc0924de2acd7170bfddb2de7f: 30 ms
Input: 1000000,
Cold Start: false
Unique ID: 1f1a4f9fd0ae4f107b5f8b19583e2c89,
Execution Time for Trace ID 1f1a4f9fd0ae4f107b5f8b19583e2c89: 66 ms
Input: 1000000,
Cold Start: false
Unique ID: 2974b09f46311eb1f24db34be7b149f4,
Execution Time for Trace ID 2974b09f46311eb1f24db34be7b149f4: 34 ms
Input: 1000000,
Cold Start: false
Unique ID: b6a0fc48f5a3097b6a276696d3f7a639,
Execution Time for Trace ID b6a0fc48f5a3097b6a276696d3f7a639: 124 ms
Input: 1000000,
Cold Start: false
Unique ID: cf749dc9e1ae85a58893ecf5633ec9e6,
Execution Time for Trace ID cf749dc9e1ae85a58893ecf5633ec9e6: 33 ms
Input: 1000000,
Cold Start: false
Unique ID: e8d7508e0733a9a83111a66fb71ea372,
Execution Time for Trace ID e8d7508e0733a9a83111a66fb71ea372: 37 ms
Input: 1000000,
Cold Start: false
Unique ID: 308c5b7dbaaa22f955c2c5477fe97d9e,
Execution Time for Trace ID 308c5b7dbaaa22f955c2c5477fe97d9e: 67 ms
Input: 1000000,
Cold Start: false
Unique ID: 11f327473befc68cfc00985a720af43a,
Execution Time for Trace ID 11f327473befc68cfc00985a720af43a: 58 ms
Input: 1000000,
Cold Start: false
Unique ID: 79804c37116fa2a84b9bc5d6557f649a,
Execution Time for Trace ID 79804c37116fa2a84b9bc5d6557f649a: 59 ms
Input: 1000000,
Cold Start: false
Unique ID: 9478b6fcd0f7d020457ef99d6a766f2b,
Execution Time for Trace ID 9478b6fcd0f7d020457ef99d6a766f2b: 62 ms
Input: 1000000,
Cold Start: false
Unique ID: 9f2575c68fc4a6b509f13121bf23dc8e,
Execution Time for Trace ID 9f2575c68fc4a6b509f13121bf23dc8e: 62 ms
Input: 1000000,
Cold Start: false
Unique ID: 9dc9b33ff6dc14df12ad67d98aa25dae,
Execution Time for Trace ID 9dc9b33ff6dc14df12ad67d98aa25dae: 71 ms
Input: 1000000,
Cold Start: false
Unique ID: e7990c0a66f25ee20719bcf7a9c8e174,
Execution Time for Trace ID e7990c0a66f25ee20719bcf7a9c8e174: 61 ms
Input: 1000000,
Cold Start: false
Unique ID: 5fcd9d81b2bc4148a1e9944c8604fc66,
Execution Time for Trace ID 5fcd9d81b2bc4148a1e9944c8604fc66: 64 ms
Input: 1000000,
Cold Start: false
Unique ID: a23542e81d0febd3e035859642e0ea5a,
Execution Time for Trace ID a23542e81d0febd3e035859642e0ea5a: 59 ms
Input: 1000000,
Cold Start: false
Unique ID: c7ca471d2d4866873275159e1b3a3e74,
Execution Time for Trace ID c7ca471d2d4866873275159e1b3a3e74: 66 ms
Input: 1000000,
Cold Start: false
Unique ID: 6e2514c96b16a6a09e9dd6811e0081c4,
Execution Time for Trace ID 6e2514c96b16a6a09e9dd6811e0081c4: 63 ms
Input: 1000000,
Cold Start: false
Unique ID: 24509b89771e98743861da7bd9dc252f,
Execution Time for Trace ID 24509b89771e98743861da7bd9dc252f: 66 ms
Input: 1000000,
Cold Start: false
Unique ID: 7ebb7703c4233331c79f6d92626d0acc,
Execution Time for Trace ID 7ebb7703c4233331c79f6d92626d0acc: 29 ms
Input: 1000000,
Cold Start: false
Unique ID: f67f0c3a86edf31897196d492a8cd7c1,
Execution Time for Trace ID f67f0c3a86edf31897196d492a8cd7c1: 60 ms
Input: 1000000,
Cold Start: false
Unique ID: dd0ce7550284a3b2005e5eff43d4dce2,
Execution Time for Trace ID dd0ce7550284a3b2005e5eff43d4dce2: 55 ms
Input: 1000000,
Cold Start: false
Unique ID: 3481df1d9bb91b4f58206ff128a7d024,
Execution Time for Trace ID 3481df1d9bb91b4f58206ff128a7d024: 60 ms
Input: 1000000,
Cold Start: false
Unique ID: f8aef1dbdf63635bac0aeca833595965,
Execution Time for Trace ID f8aef1dbdf63635bac0aeca833595965: 28 ms
Input: 1000000,
Cold Start: false
Unique ID: 1059126216202d73182e94e3f2219a8b,
Execution Time for Trace ID 1059126216202d73182e94e3f2219a8b: 61 ms
Input: 1000000,
Cold Start: false
Unique ID: f4f32a012f634065a4ee67b5dee860ea,
Execution Time for Trace ID f4f32a012f634065a4ee67b5dee860ea: 55 ms
Input: 1000000,
Cold Start: false
Unique ID: 7c4c5327d101af157a8ab54f0e3fb8a1,
Execution Time for Trace ID 7c4c5327d101af157a8ab54f0e3fb8a1: 36 ms
Input: 1000000,
Cold Start: false
Unique ID: 8fcda5a98ac7a55fa2e93691fe71843e,
Execution Time for Trace ID 8fcda5a98ac7a55fa2e93691fe71843e: 64 ms
Input: 1000000,
Cold Start: false
Unique ID: a4155ae37bb93d640bc4fe2f359c0f49,
Execution Time for Trace ID a4155ae37bb93d640bc4fe2f359c0f49: 28 ms
Input: 1000000,
Cold Start: false
Unique ID: f1d3a484604d44a0edb03305932a9fb6,
Execution Time for Trace ID f1d3a484604d44a0edb03305932a9fb6: 71 ms
Input: 1000000,
Cold Start: false
Unique ID: fa0719dce03763ac7bb86c826b5d748b,
Execution Time for Trace ID fa0719dce03763ac7bb86c826b5d748b: 61 ms
Input: 1000000,
Cold Start: false
Unique ID: d4e7036c952bd7c9b56924905aa2c6ee,
Execution Time for Trace ID d4e7036c952bd7c9b56924905aa2c6ee: 63 ms
Input: 1000000,
Cold Start: false
Unique ID: 3f44a8546882868c43f8d8a97bd847b2,
Execution Time for Trace ID 3f44a8546882868c43f8d8a97bd847b2: 55 ms
Input: 1000000,
Cold Start: false
Unique ID: 39800f0f5420d14afe6d486c8db14d2d,
Execution Time for Trace ID 39800f0f5420d14afe6d486c8db14d2d: 63 ms
Input: 1000000,
Cold Start: false
Unique ID: fa2ffcf2d0cc9dfddaf662451d0d1e29,
Execution Time for Trace ID fa2ffcf2d0cc9dfddaf662451d0d1e29: 74 ms
Input: 1000000,
Cold Start: false
Unique ID: 79c13434ff9199a7a9d3f861ea15c2d0,
Execution Time for Trace ID 79c13434ff9199a7a9d3f861ea15c2d0: 169 ms
Input: 1000000,
Cold Start: false
Unique ID: 137960e74c08fb7eac289fd58d3344b8,
Execution Time for Trace ID 137960e74c08fb7eac289fd58d3344b8: 29 ms
Input: 1000000,
Cold Start: false
Unique ID: f1cfd60423dc92a2be9d5fdee8f0171a,
Execution Time for Trace ID f1cfd60423dc92a2be9d5fdee8f0171a: 71 ms
Input: 1000000,
Cold Start: false
Unique ID: d114aa837eda66f2fdd4e5b3f41af584,
Execution Time for Trace ID d114aa837eda66f2fdd4e5b3f41af584: 64 ms
Input: 1000000,
Cold Start: false
Unique ID: 8682132a72ca249612ae713e114be8bf,
Execution Time for Trace ID 8682132a72ca249612ae713e114be8bf: 67 ms
Input: 1000000,
Cold Start: false
Unique ID: 51d86efbfff378674beb6ee4c9e817fa,
Execution Time for Trace ID 51d86efbfff378674beb6ee4c9e817fa: 64 ms
Input: 1000000,
Cold Start: false
Unique ID: 9d11c02d4faf97955bb32920fec24212,
Execution Time for Trace ID 9d11c02d4faf97955bb32920fec24212: 69 ms
Input: 1000000,
Cold Start: false
Unique ID: 56b32ba0c5c825d39cdd0f70e384e295,
Execution Time for Trace ID 56b32ba0c5c825d39cdd0f70e384e295: 59 ms
Input: 1000000,
Cold Start: false
Unique ID: 2d6148757d77388a1e939f2d06d95894,
Execution Time for Trace ID 2d6148757d77388a1e939f2d06d95894: 61 ms
Input: 1000000,
Cold Start: false
Unique ID: 760d2c8b82ca6dfc37a6aab2849710a6,
Execution Time for Trace ID 760d2c8b82ca6dfc37a6aab2849710a6: 61 ms
Input: 1000000,
Cold Start: false
Unique ID: f67197707db4fc7fcfc945a80dcf6598,
Execution Time for Trace ID f67197707db4fc7fcfc945a80dcf6598: 64 ms
Input: 1000000,
Cold Start: false
Unique ID: e009f7d93b4a61aa15b3b2c485d7b0ee,
Execution Time for Trace ID e009f7d93b4a61aa15b3b2c485d7b0ee: 29 ms
Input: 1000000,
Cold Start: false
Unique ID: c489db86c1622e8aca9dc1b08fde7229,
Execution Time for Trace ID c489db86c1622e8aca9dc1b08fde7229: 69 ms
Input: 1000000,
Cold Start: false
Unique ID: 9864f2e3e0d2faada6a07eca8ce9c925,
Execution Time for Trace ID 9864f2e3e0d2faada6a07eca8ce9c925: 67 ms
Input: 1000000,
Cold Start: false
Unique ID: 5db139bf048f48c5f1457f3dd3d5003e,
Execution Time for Trace ID 5db139bf048f48c5f1457f3dd3d5003e: 59 ms
Input: 1000000,
Cold Start: false
Unique ID: 999de8ff57210c03dce22fb35ae9e338,
Execution Time for Trace ID 999de8ff57210c03dce22fb35ae9e338: 65 ms
Input: 1000000,
Cold Start: false
Unique ID: abd4a9c386e4bd8574bb57b7d9e2ecc0,
Execution Time for Trace ID abd4a9c386e4bd8574bb57b7d9e2ecc0: 66 ms
Input: 1000000,
Cold Start: false
Unique ID: 8dedce034afd15bcc4248de822be425c,
Execution Time for Trace ID 8dedce034afd15bcc4248de822be425c: 60 ms
Input: 1000000,
Cold Start: false
Unique ID: f19417813048261274b3e4ba96b25afd,
Execution Time for Trace ID f19417813048261274b3e4ba96b25afd: 64 ms
Input: 1000000,
Cold Start: false
Unique ID: 2099c4860788dd54f4993e89b260d3ad,
Execution Time for Trace ID 2099c4860788dd54f4993e89b260d3ad: 59 ms
Input: 1000000,
Cold Start: false
Unique ID: 5e9632f7facf9a8ad6499e9851e724cb,
Execution Time for Trace ID 5e9632f7facf9a8ad6499e9851e724cb: 63 ms
Input: 1000000,
Cold Start: false
Unique ID: 0f6349e011a05eed1d6cd650a79eb474,
Execution Time for Trace ID 0f6349e011a05eed1d6cd650a79eb474: 31 ms
Input: 1000000,
Cold Start: false
Unique ID: af5e955511de9629a85dd9189c4aa0a9,
Execution Time for Trace ID af5e955511de9629a85dd9189c4aa0a9: 62 ms
Input: 1000000,
Cold Start: false
Unique ID: 18670f673012cdbb32793ebd63bd46e7,
Execution Time for Trace ID 18670f673012cdbb32793ebd63bd46e7: 79 ms
Input: 1000000,
Cold Start: false
Unique ID: 59a448dcab7e8bae4ed1d15511cd4603,
Execution Time for Trace ID 59a448dcab7e8bae4ed1d15511cd4603: 33 ms
Input: 1000000,
Cold Start: false
Unique ID: b2a039d60b6a4de612757a4f664ca9fc,
Execution Time for Trace ID b2a039d60b6a4de612757a4f664ca9fc: 44 ms
Input: 1000000,
Cold Start: false
Unique ID: 7967663167d767aa423e2db67d4974cb,
Execution Time for Trace ID 7967663167d767aa423e2db67d4974cb: 32 ms
Input: 1000000,
Cold Start: false
Unique ID: 1ad159f591549c68694b0002dfcb2611,
Execution Time for Trace ID 1ad159f591549c68694b0002dfcb2611: 35 ms
Input: 1000000,
Cold Start: false
Unique ID: 4b7f74a477a532fa4846b9101400bbb5,
Execution Time for Trace ID 4b7f74a477a532fa4846b9101400bbb5: 29 ms
Input: 1000000,
Cold Start: false
Unique ID: 9df2a049b23dc51fb1dcf9b292463658,
Execution Time for Trace ID 9df2a049b23dc51fb1dcf9b292463658: 31 ms
Input: 1000000,
Cold Start: false
Unique ID: aa9b272ca10e3d09c6c559ddb0fee612,
Execution Time for Trace ID aa9b272ca10e3d09c6c559ddb0fee612: 105 ms
Input: 1000000,
Cold Start: false
Unique ID: e28815b0f5749a86480c4965dc799956,
Execution Time for Trace ID e28815b0f5749a86480c4965dc799956: 85 ms
Input: 1000000,
Cold Start: false
Unique ID: 4d572df3ae7160c2c52d09cae0636124,
Execution Time for Trace ID 4d572df3ae7160c2c52d09cae0636124: 87 ms
Input: 1000000,
Cold Start: false
Unique ID: 5d59148128ddf035200b708b7be2a714,
Execution Time for Trace ID 5d59148128ddf035200b708b7be2a714: 105 ms
Input: 1000000,
Cold Start: false
Unique ID: d19a3c6d876aa455eb2e7584802c54e9,
Execution Time for Trace ID d19a3c6d876aa455eb2e7584802c54e9: 31 ms
Input: 1000000,
Cold Start: false
Unique ID: ae8f497777e81ab7cfd61bd337f00711,
Execution Time for Trace ID ae8f497777e81ab7cfd61bd337f00711: 32 ms
Input: 1000000,
Cold Start: false
Unique ID: d79b5c7ace6c2572759c971ed0b8aec2,
Execution Time for Trace ID d79b5c7ace6c2572759c971ed0b8aec2: 32 ms
Input: 1000000,
Cold Start: false
Unique ID: d2845bf9901cb1eb2b8feebc9432b720,
Execution Time for Trace ID d2845bf9901cb1eb2b8feebc9432b720: 112 ms
Input: 1000000,
Cold Start: false
Unique ID: 15da97073d1ded655c4dcd682bb880b8,
Execution Time for Trace ID 15da97073d1ded655c4dcd682bb880b8: 41 ms
Input: 1000000,
Cold Start: false
Unique ID: f3742c66a703cd7a7e6267454437ea0d,
Execution Time for Trace ID f3742c66a703cd7a7e6267454437ea0d: 125 ms
Input: 1000000,
Cold Start: false
Unique ID: 9ab9304b1194deef76b080d8f25fbded,
Execution Time for Trace ID 9ab9304b1194deef76b080d8f25fbded: 31 ms
Input: 1000000,
Cold Start: false
Unique ID: 16a5ef86ab4d3af791668132f158a607,
Execution Time for Trace ID 16a5ef86ab4d3af791668132f158a607: 108 ms
Input: 1000000,
Cold Start: false
Unique ID: b2421a5d2bb6dc3621e447cefd9b1551,
Execution Time for Trace ID b2421a5d2bb6dc3621e447cefd9b1551: 31 ms
Input: 1000000,
Cold Start: false
Unique ID: b73c1eff416edde25aa2579b69b54182,
Execution Time for Trace ID b73c1eff416edde25aa2579b69b54182: 32 ms
Input: 1000000,
Cold Start: false
Unique ID: 52fc43302e8cb261f5de815e7a039593,
Execution Time for Trace ID 52fc43302e8cb261f5de815e7a039593: 33 ms
Input: 1000000,
Cold Start: false
Unique ID: 763e1c1c4d1b3399fdfaefe2b8d30a02,
Execution Time for Trace ID 763e1c1c4d1b3399fdfaefe2b8d30a02: 123 ms
Input: 1000000,
Cold Start: false
Unique ID: e2e9b97fae997485e51064147cdec747,
Execution Time for Trace ID e2e9b97fae997485e51064147cdec747: 33 ms
Input: 1000000,
Cold Start: false
Unique ID: b4abf3492c31b42cd79d3a3ef3e03e2f,
Execution Time for Trace ID b4abf3492c31b42cd79d3a3ef3e03e2f: 33 ms
Input: 1000000,
Cold Start: false
Unique ID: 03772d29cbce0736bce4c100b53536b5,
Execution Time for Trace ID 03772d29cbce0736bce4c100b53536b5: 31 ms
Input: 1000000,
Cold Start: false
Unique ID: 58ce6ee8f2fac94be11765288ec2e0f6,
Execution Time for Trace ID 58ce6ee8f2fac94be11765288ec2e0f6: 132 ms
Input: 1000000,
Cold Start: false
Unique ID: a1d4a41921397a98c6607f9a74e39f1b,
Execution Time for Trace ID a1d4a41921397a98c6607f9a74e39f1b: 30 ms
Input: 1000000,
Cold Start: false
Unique ID: 225ec42f261a00cd6186a3eb23481c6e,
Execution Time for Trace ID 225ec42f261a00cd6186a3eb23481c6e: 35 ms
Input: 1000000,
Cold Start: false
Unique ID: d0d4a1e456cd82a584c82307b9b00957,
Execution Time for Trace ID d0d4a1e456cd82a584c82307b9b00957: 36 ms
Input: 1000000,
Cold Start: false
Unique ID: 5770842dde48b68b055ce90ddaa651f6,
Execution Time for Trace ID 5770842dde48b68b055ce90ddaa651f6: 111 ms
Input: 1000000,
Cold Start: false
Unique ID: 60786d9d67707d98fec4641cd37e61e3,
Execution Time for Trace ID 60786d9d67707d98fec4641cd37e61e3: 46 ms
Input: 1000000,
Cold Start: false
Unique ID: d75b3204adb44c8075edc163be26018f,
Execution Time for Trace ID d75b3204adb44c8075edc163be26018f: 42 ms
Input: 1000000,
Cold Start: false
Unique ID: 375256e9f010fa43a17363775da9329a,
Execution Time for Trace ID 375256e9f010fa43a17363775da9329a: 30 ms
Input: 1000000,
Cold Start: false
Unique ID: 7fb2fbd311855085a4620bff0e1f98bb,
Execution Time for Trace ID 7fb2fbd311855085a4620bff0e1f98bb: 33 ms
Input: 1000000,
Cold Start: false
Unique ID: 6fea6784ea0925bd0c085624e1cfcd2b,
Execution Time for Trace ID 6fea6784ea0925bd0c085624e1cfcd2b: 29 ms
Input: 1000000,
Cold Start: false
Unique ID: caec4c81a5cb7fa140ef3f33cb2b43e5,
Execution Time for Trace ID caec4c81a5cb7fa140ef3f33cb2b43e5: 30 ms
Input: 1000000,
Cold Start: false
Unique ID: b5e92456c02be5339dce4ee2ff7c8241,
Execution Time for Trace ID b5e92456c02be5339dce4ee2ff7c8241: 30 ms
Input: 1000000,
Cold Start: false
Unique ID: 1cb9d641bac0c564afb882240d461542,
Execution Time for Trace ID 1cb9d641bac0c564afb882240d461542: 124 ms
Input: 1000000,
Cold Start: false
Unique ID: 530171d1aa4df313b9200e8f3d327dbf,
Execution Time for Trace ID 530171d1aa4df313b9200e8f3d327dbf: 34 ms
Input: 1000000,
Cold Start: false
Unique ID: 76055bedfdb7d587aab4c5b26066bcd7,
Execution Time for Trace ID 76055bedfdb7d587aab4c5b26066bcd7: 105 ms
Input: 1000000,
Cold Start: false
Unique ID: 75d2b93ad2e3fa2d7429a93f89d177b6,
Execution Time for Trace ID 75d2b93ad2e3fa2d7429a93f89d177b6: 126 ms
Input: 1000000,
Cold Start: false
Unique ID: bc0d13c8c6ca4e7038bb2827d47b8c28,
Execution Time for Trace ID bc0d13c8c6ca4e7038bb2827d47b8c28: 39 ms
Input: 1000000,
Cold Start: false
Unique ID: 591adec0eecc99786ca17cbdc303e4be,
Execution Time for Trace ID 591adec0eecc99786ca17cbdc303e4be: 44 ms
Input: 1000000,
Cold Start: false
Unique ID: b708626ab72000aa29625e7718cd2548,
Execution Time for Trace ID b708626ab72000aa29625e7718cd2548: 41 ms
Input: 1000000,
Cold Start: false
Unique ID: 1b391d77c97e2658f9c062cac118ef23,
Execution Time for Trace ID 1b391d77c97e2658f9c062cac118ef23: 119 ms
Input: 1000000,
Cold Start: false
Unique ID: ae0884271269d54b669f6a8f677fde36,
Execution Time for Trace ID ae0884271269d54b669f6a8f677fde36: 107 ms
Input: 1000000,
Cold Start: false
Unique ID: 00694b6a6118f0f983253947bd79f294,
Execution Time for Trace ID 00694b6a6118f0f983253947bd79f294: 104 ms
Input: 1000000,
Cold Start: false
Unique ID: 30037b7af6058a07c75c81c5a23468fd,
Execution Time for Trace ID 30037b7af6058a07c75c81c5a23468fd: 32 ms
Input: 1000000,
Cold Start: false
Unique ID: 2edae23e6483bb53f2e7869d0b85767a,
Execution Time for Trace ID 2edae23e6483bb53f2e7869d0b85767a: 119 ms
Input: 1000000,
Cold Start: false
Unique ID: 4794277fe425dd6e51bddbd40c78d929,
Execution Time for Trace ID 4794277fe425dd6e51bddbd40c78d929: 29 ms
Input: 1000000,
Cold Start: false
Unique ID: cb29f8f48e7ca7d0114c38b38b64d7a4,
Execution Time for Trace ID cb29f8f48e7ca7d0114c38b38b64d7a4: 131 ms
Input: 1000000,
Cold Start: false
Unique ID: a2c158b076251abd321e85b8f7786e37,
Execution Time for Trace ID a2c158b076251abd321e85b8f7786e37: 30 ms
Input: 1000000,
Cold Start: false
Unique ID: b52584756c0e3d30e63ebd4de1903f23,
Execution Time for Trace ID b52584756c0e3d30e63ebd4de1903f23: 30 ms
Input: 1000000,
Cold Start: false
Unique ID: eeefc501393ad89b9fff2fdedef692e2,
Execution Time for Trace ID eeefc501393ad89b9fff2fdedef692e2: 36 ms
Input: 1000000,
Cold Start: false
Unique ID: 54e24cbacbd4a2b1459500ee5a3c7d0c,
Execution Time for Trace ID 54e24cbacbd4a2b1459500ee5a3c7d0c: 29 ms
Input: 1000000,
Cold Start: false
Unique ID: d62be9c989ccfae99802bd131ac1cbcc,
Execution Time for Trace ID d62be9c989ccfae99802bd131ac1cbcc: 118 ms
Input: 1000000,
Cold Start: false
Unique ID: 86e0e057e23a943f4f9407234e8d485b,
Execution Time for Trace ID 86e0e057e23a943f4f9407234e8d485b: 30 ms
Input: 1000000,
Cold Start: false
Unique ID: 4b6d24bd4c33342f0aa44a328da810d7,
Execution Time for Trace ID 4b6d24bd4c33342f0aa44a328da810d7: 117 ms
Input: 1000000,
Cold Start: false
Unique ID: 1a805a881603fc364769748795a57814,
Execution Time for Trace ID 1a805a881603fc364769748795a57814: 28 ms
Input: 1000000,
Cold Start: false
Unique ID: b3e81de17d79e37d059cf7437ce14b34,
Execution Time for Trace ID b3e81de17d79e37d059cf7437ce14b34: 120 ms
Input: 1000000,
Cold Start: false
Unique ID: b05a6112b8e691ed0ae954602d1ac3ce,
Execution Time for Trace ID b05a6112b8e691ed0ae954602d1ac3ce: 31 ms
Input: 1000000,
Cold Start: false
Unique ID: c5a9261f4144759d951a0e59584637d4,
Execution Time for Trace ID c5a9261f4144759d951a0e59584637d4: 110 ms
Input: 1000000,
Cold Start: false
Unique ID: a8fe1178eddb7b40a5870b977aa1426d,
Execution Time for Trace ID a8fe1178eddb7b40a5870b977aa1426d: 42 ms
Input: 1000000,
Cold Start: false
Unique ID: b35a0771200137ab0beabe79d41d0319,
Execution Time for Trace ID b35a0771200137ab0beabe79d41d0319: 124 ms
Input: 1000000,
Cold Start: false
Unique ID: ce14aa766ddacc6297c4e98681a797a4,
Execution Time for Trace ID ce14aa766ddacc6297c4e98681a797a4: 32 ms
Input: 1000000,
Cold Start: false
Unique ID: 74a4699489bd78f8829ac06e75cb4ef5,
Execution Time for Trace ID 74a4699489bd78f8829ac06e75cb4ef5: 38 ms
Input: 1000000,
Cold Start: false
Unique ID: 00f6e7d68ebc19cbe76f5edd21037165,
Execution Time for Trace ID 00f6e7d68ebc19cbe76f5edd21037165: 31 ms
Input: 1000000,
Cold Start: false
Unique ID: 1f1b25b312ef6ab0548b2f593d7a23e2,
Execution Time for Trace ID 1f1b25b312ef6ab0548b2f593d7a23e2: 72 ms
Input: 1000000,
Cold Start: false
Unique ID: 4e183daf2fbef3921ef0ca759ea2e696,
Execution Time for Trace ID 4e183daf2fbef3921ef0ca759ea2e696: 78 ms
Input: 1000000,
Cold Start: false
Unique ID: bd183cfda9b54c38d8f973886d8ef52b,
Execution Time for Trace ID bd183cfda9b54c38d8f973886d8ef52b: 28 ms
Input: 1000000,
Cold Start: false
Unique ID: 7f468aae68881384311a0f7155c35d26,
Execution Time for Trace ID 7f468aae68881384311a0f7155c35d26: 32 ms
Input: 1000000,
Cold Start: false
Unique ID: 0ed51cc11bcc42d659fcf69294e25c65,
Execution Time for Trace ID 0ed51cc11bcc42d659fcf69294e25c65: 30 ms
Input: 1000000,
Cold Start: false
Unique ID: adb49bfbf143250ca41ba1ed5c839d82,
Execution Time for Trace ID adb49bfbf143250ca41ba1ed5c839d82: 39 ms
Input: 1000000,
Cold Start: false
Unique ID: 72d09979307678365c8311b083bd4a97,
Execution Time for Trace ID 72d09979307678365c8311b083bd4a97: 30 ms
Input: 1000000,
Cold Start: false
Unique ID: 1d2932930e4ec7575a73dd309f12d817,
Execution Time for Trace ID 1d2932930e4ec7575a73dd309f12d817: 30 ms
Input: 1000000,
Cold Start: false
Unique ID: 6feed6eb5cf99682508ec091cd5834ed,
Execution Time for Trace ID 6feed6eb5cf99682508ec091cd5834ed: 30 ms
Input: 1000000,
Cold Start: false
Unique ID: 80b92c3c76aab275d8ce2b67e2673040,
Execution Time for Trace ID 80b92c3c76aab275d8ce2b67e2673040: 29 ms
Input: 1000000,
Cold Start: false
Unique ID: 0192c36309d756ffded5a61467f0948a,
Execution Time for Trace ID 0192c36309d756ffded5a61467f0948a: 31 ms
Input: 1000000,
Cold Start: false
Unique ID: 8810ab96b2cf0c2af0a92c97b8beac63,
Execution Time for Trace ID 8810ab96b2cf0c2af0a92c97b8beac63: 36 ms
Input: 1000000,
Cold Start: false
Unique ID: e31feef635551411233f270edef8b586,
Execution Time for Trace ID e31feef635551411233f270edef8b586: 40 ms
Input: 1000000,
Cold Start: false
Unique ID: e80b0741720ad289103a2642503a79ba,
Execution Time for Trace ID e80b0741720ad289103a2642503a79ba: 125 ms
Input: 1000000,
Cold Start: false
Unique ID: 97801a2cb56c842ad8ce2b67e2673d05,
Execution Time for Trace ID 97801a2cb56c842ad8ce2b67e2673d05: 31 ms
Input: 1000000,
Cold Start: false
Unique ID: ba404d5e9858b350dd0b730dda7cc337,
Execution Time for Trace ID ba404d5e9858b350dd0b730dda7cc337: 29 ms
Input: 1000000,
Cold Start: false
Unique ID: 43b9be8f8c65b29b7fdf52abf8e1d83d,
Execution Time for Trace ID 43b9be8f8c65b29b7fdf52abf8e1d83d: 128 ms
Input: 1000000,
Cold Start: false
Unique ID: a285f23b5b0dd5c915af69dbc5f5d089,
Execution Time for Trace ID a285f23b5b0dd5c915af69dbc5f5d089: 31 ms
Input: 1000000,
Cold Start: false
Unique ID: c4d9547540a9c8b29efd6f16a10f048c,
Execution Time for Trace ID c4d9547540a9c8b29efd6f16a10f048c: 119 ms
Input: 1000000,
Cold Start: false
Unique ID: 550189f5ba6fd9b918a1d4541d2bd5c0,
Execution Time for Trace ID 550189f5ba6fd9b918a1d4541d2bd5c0: 29 ms
Input: 1000000,
Cold Start: false
Unique ID: 8164e6fbfd6e074349774e4edd34bfeb,
Execution Time for Trace ID 8164e6fbfd6e074349774e4edd34bfeb: 115 ms
Input: 1000000,
Cold Start: false
Unique ID: f769f37992f3e4ccf4ef639e66abcb82,
Execution Time for Trace ID f769f37992f3e4ccf4ef639e66abcb82: 30 ms
Input: 1000000,
Cold Start: false
Unique ID: 47ab529d1c7eb1769d48f1863dab9183,
Execution Time for Trace ID 47ab529d1c7eb1769d48f1863dab9183: 33 ms
Input: 1000000,
Cold Start: false
Unique ID: 667cb1e15b0c2fc0bb89f84486dbc23a,
Execution Time for Trace ID 667cb1e15b0c2fc0bb89f84486dbc23a: 31 ms
Input: 1000000,
Cold Start: false
Unique ID: b7d6396cbf6f5ac97d8c12b517b5b0de,
Execution Time for Trace ID b7d6396cbf6f5ac97d8c12b517b5b0de: 30 ms
Input: 1000000,
Cold Start: false
Unique ID: 4e86dd1a5ccf1368baf48fc6c112f546,
Execution Time for Trace ID 4e86dd1a5ccf1368baf48fc6c112f546: 28 ms
Input: 1000000,
Cold Start: false
Unique ID: 70727ed2a0ed72839df647d4b145b9b1,
Execution Time for Trace ID 70727ed2a0ed72839df647d4b145b9b1: 123 ms
Input: 1000000,
Cold Start: false
Unique ID: bea53190e0d80c2c144d16344c140eb7,
Execution Time for Trace ID bea53190e0d80c2c144d16344c140eb7: 29 ms
Input: 1000000,
Cold Start: false
Unique ID: ccf42475b82fa354026079a6db4943f2,
Execution Time for Trace ID ccf42475b82fa354026079a6db4943f2: 31 ms
Input: 1000000,
Cold Start: false
Unique ID: e17665e569ea1bb35fd41c1246edc486,
Execution Time for Trace ID e17665e569ea1bb35fd41c1246edc486: 123 ms
Input: 1000000,
Cold Start: false
Unique ID: 2b25376882f26f4290f5630d54142ccd,
Execution Time for Trace ID 2b25376882f26f4290f5630d54142ccd: 28 ms
Input: 1000000,
Cold Start: false
Unique ID: f4cf838f8a9e02179c5ab03ba9b8bf20,
Execution Time for Trace ID f4cf838f8a9e02179c5ab03ba9b8bf20: 29 ms
Input: 1000000,
Cold Start: false
Unique ID: 1a5980a32cc4bbf207d673897e819474,
Execution Time for Trace ID 1a5980a32cc4bbf207d673897e819474: 60 ms
Input: 1000000,
Cold Start: false
Unique ID: 0a64e260b72f5c41f09540240f0a0885,
Execution Time for Trace ID 0a64e260b72f5c41f09540240f0a0885: 89 ms
Input: 1000000,
Cold Start: false
Unique ID: 3a66e717f38a479052e4480b835bdd49,
Execution Time for Trace ID 3a66e717f38a479052e4480b835bdd49: 100 ms
Input: 1000000,
Cold Start: false
Unique ID: 195ccd675d6e99d24d47b7cbd0ef67dc,
Execution Time for Trace ID 195ccd675d6e99d24d47b7cbd0ef67dc: 99 ms
Input: 1000000,
Cold Start: false
Unique ID: 65a16767fabf57b8a498602dbd753b30,
Execution Time for Trace ID 65a16767fabf57b8a498602dbd753b30: 112 ms
Input: 1000000,
Cold Start: false
Unique ID: fd3e5f7a44befb669738bec1001378f5,
Execution Time for Trace ID fd3e5f7a44befb669738bec1001378f5: 100 ms
Input: 1000000,
Cold Start: false
Unique ID: b21b5532bf9aa96055e3ecb69e36009f,
Execution Time for Trace ID b21b5532bf9aa96055e3ecb69e36009f: 110 ms
Input: 1000000,
Cold Start: false
Unique ID: a4b7c7db94190f8dddb5b0a77605e601,
Execution Time for Trace ID a4b7c7db94190f8dddb5b0a77605e601: 35 ms
Input: 1000000,
Cold Start: false
Unique ID: 47e3b20ba7d4329ad1b90d49d21183a0,
Execution Time for Trace ID 47e3b20ba7d4329ad1b90d49d21183a0: 109 ms
Input: 1000000,
Cold Start: false
Unique ID: 48dbd8b24f786a0f4512e6e6b0ca4220,
Execution Time for Trace ID 48dbd8b24f786a0f4512e6e6b0ca4220: 100 ms
Input: 1000000,
Cold Start: false
Unique ID: 6d76c20c9369a46f11ac6e2c4465e4ae,
Execution Time for Trace ID 6d76c20c9369a46f11ac6e2c4465e4ae: 104 ms
Input: 1000000,
Cold Start: false
Unique ID: 980e3ee46e7078a113e08ca87e631d1a,
Execution Time for Trace ID 980e3ee46e7078a113e08ca87e631d1a: 104 ms
Input: 1000000,
Cold Start: false
Unique ID: cf975746661de847f319dbf796adf1d6,
Execution Time for Trace ID cf975746661de847f319dbf796adf1d6: 38 ms
Input: 1000000,
Cold Start: false
Unique ID: 5bf33c7cd3e829d35a73b3e3d66104d5,
Execution Time for Trace ID 5bf33c7cd3e829d35a73b3e3d66104d5: 29 ms
Input: 1000000,
Cold Start: false
Unique ID: 438013f692c085ca2e4e5aaa32faefa4,
Execution Time for Trace ID 438013f692c085ca2e4e5aaa32faefa4: 107 ms
Input: 1000000,
Cold Start: false
Unique ID: 8e157d74da393d26ffc464010a740567,
Execution Time for Trace ID 8e157d74da393d26ffc464010a740567: 29 ms
Input: 1000000,
Cold Start: false
Unique ID: 5b722a0e8aaaca23a75131f10052e9a4,
Execution Time for Trace ID 5b722a0e8aaaca23a75131f10052e9a4: 198 ms
Input: 1000000,
Cold Start: false
Unique ID: 1a69565735cd3ea7fe17ad77b02ad53c,
Execution Time for Trace ID 1a69565735cd3ea7fe17ad77b02ad53c: 30 ms
Input: 1000000,
Cold Start: false
Unique ID: c52376b94ecd8b57b0342bbb42a7ecfc,
Execution Time for Trace ID c52376b94ecd8b57b0342bbb42a7ecfc: 105 ms
Input: 1000000,
Cold Start: false
Unique ID: e307fd76f414eca7712655ac47e92cc6,
Execution Time for Trace ID e307fd76f414eca7712655ac47e92cc6: 109 ms
Input: 1000000,
Cold Start: false
Unique ID: 0e44de835129b40662a675d65eadf0c8,
Execution Time for Trace ID 0e44de835129b40662a675d65eadf0c8: 95 ms
Input: 1000000,
Cold Start: false
Unique ID: 882c948a30aff4793d0b2f629171bb60,
Execution Time for Trace ID 882c948a30aff4793d0b2f629171bb60: 96 ms
Input: 1000000,
Cold Start: false
Unique ID: 60ead9e7aebb6300f23966e67e8cb861,
Execution Time for Trace ID 60ead9e7aebb6300f23966e67e8cb861: 33 ms
Input: 1000000,
Cold Start: false
Unique ID: ba68ec0c13ddd83db2f3a4686f8c4499,
Execution Time for Trace ID ba68ec0c13ddd83db2f3a4686f8c4499: 111 ms
Input: 1000000,
Cold Start: false
Unique ID: a3b16ef20517a04e9210f99705874e30,
Execution Time for Trace ID a3b16ef20517a04e9210f99705874e30: 87 ms
Input: 1000000,
Cold Start: false
Unique ID: 44f812f1693722595a37ccea7848a9c7,
Execution Time for Trace ID 44f812f1693722595a37ccea7848a9c7: 100 ms
Input: 1000000,
Cold Start: false
Unique ID: c30718dfd654d8693844200e112fe5e7,
Execution Time for Trace ID c30718dfd654d8693844200e112fe5e7: 29 ms
Input: 1000000,
Cold Start: false
Unique ID: c4ae637c4cface797440dcac6e5690ba,
Execution Time for Trace ID c4ae637c4cface797440dcac6e5690ba: 110 ms
Input: 1000000,
Cold Start: false
Unique ID: 3b0db01c51854e6b29e35281538dd648,
Execution Time for Trace ID 3b0db01c51854e6b29e35281538dd648: 98 ms
Input: 1000000,
Cold Start: false
Unique ID: e57556645dc7276ebdf4717d17e325c4,
Execution Time for Trace ID e57556645dc7276ebdf4717d17e325c4: 71 ms
Input: 1000000,
Cold Start: false
Unique ID: 049b6ba284dcaa73f7c41f5f3222a760,
Execution Time for Trace ID 049b6ba284dcaa73f7c41f5f3222a760: 57 ms
Input: 1000000,
Cold Start: false
Unique ID: 4686af969701943d13f99c86df2acac5,
Execution Time for Trace ID 4686af969701943d13f99c86df2acac5: 106 ms
Input: 1000000,
Cold Start: false
Unique ID: 34950af505b2691bf39f537d29f012df,
Execution Time for Trace ID 34950af505b2691bf39f537d29f012df: 29 ms
Input: 1000000,
Cold Start: false
Unique ID: 181f238ffbdf2f876124982d90dbe2b1,
Execution Time for Trace ID 181f238ffbdf2f876124982d90dbe2b1: 113 ms
Input: 1000000,
Cold Start: false
Unique ID: 4c644b86d0f106d3f0dbda88e17a3ad1,
Execution Time for Trace ID 4c644b86d0f106d3f0dbda88e17a3ad1: 107 ms
Input: 1000000,
Cold Start: false
Unique ID: aa37571d8bf0020b5d22b7c358e4f4b7,
Execution Time for Trace ID aa37571d8bf0020b5d22b7c358e4f4b7: 101 ms
Input: 1000000,
Cold Start: false
Unique ID: cbc69a903dbb4c71adcfee1b8253ed56,
Execution Time for Trace ID cbc69a903dbb4c71adcfee1b8253ed56: 109 ms
Input: 1000000,
Cold Start: false
Unique ID: 06af5f37e22adbb84070c5f74979b082,
Execution Time for Trace ID 06af5f37e22adbb84070c5f74979b082: 35 ms
Input: 1000000,
Cold Start: false
Unique ID: 4da8f321303c7ee015f81ad4c6053967,
Execution Time for Trace ID 4da8f321303c7ee015f81ad4c6053967: 208 ms
Input: 1000000,
Cold Start: false
Unique ID: b929fca5eed2ee3dc910d566e07c3ea7,
Execution Time for Trace ID b929fca5eed2ee3dc910d566e07c3ea7: 111 ms
Input: 1000000,
Cold Start: false
Unique ID: cb5a6618b63472ef90b6e3c0a2bfb4f4,
Execution Time for Trace ID cb5a6618b63472ef90b6e3c0a2bfb4f4: 111 ms
Input: 1000000,
Cold Start: false
Unique ID: 23baf61d848b501a1e6d2a9da23f39d0,
Execution Time for Trace ID 23baf61d848b501a1e6d2a9da23f39d0: 99 ms
Input: 1000000,
Cold Start: false
Unique ID: 24c4fabc289111e141aae32dd36c0113,
Execution Time for Trace ID 24c4fabc289111e141aae32dd36c0113: 111 ms
Input: 1000000,
Cold Start: false
Unique ID: 021539de2c2b9cacac6fee2e1622e608,
Execution Time for Trace ID 021539de2c2b9cacac6fee2e1622e608: 108 ms
Input: 1000000,
Cold Start: false
Unique ID: 527cabac4a2c6a527dab3c0bcc671a73,
Execution Time for Trace ID 527cabac4a2c6a527dab3c0bcc671a73: 52 ms
Input: 1000000,
Cold Start: false
Unique ID: f16352e57cab91d385de5a881051d22b,
Execution Time for Trace ID f16352e57cab91d385de5a881051d22b: 103 ms
Input: 1000000,
Cold Start: false
Unique ID: f6620e0816c15a6eaf1d2987db3d979c,
Execution Time for Trace ID f6620e0816c15a6eaf1d2987db3d979c: 107 ms
Input: 1000000,
Cold Start: false
Unique ID: 9cd7e220767e6487f44c24ef6c5aa8b5,
Execution Time for Trace ID 9cd7e220767e6487f44c24ef6c5aa8b5: 42 ms
Input: 1000000,
Cold Start: false
Unique ID: 21200d548c93c052307380e1f8528e45,
Execution Time for Trace ID 21200d548c93c052307380e1f8528e45: 103 ms
Input: 1000000,
Cold Start: false
Unique ID: 73b45c7b0967ea6b8044c889e00c03e6,
Execution Time for Trace ID 73b45c7b0967ea6b8044c889e00c03e6: 213 ms
Input: 1000000,
Cold Start: false
Unique ID: 0b72b541f6a809f0fa429b467acc2776,
Execution Time for Trace ID 0b72b541f6a809f0fa429b467acc2776: 42 ms
Input: 1000000,
Cold Start: false
Unique ID: 88d6d15d03441ba9e0b0d81468bc3a64,
Execution Time for Trace ID 88d6d15d03441ba9e0b0d81468bc3a64: 111 ms
Input: 1000000,
Cold Start: false
Unique ID: 87e21b407f43ae425ea7800b206322ec,
Execution Time for Trace ID 87e21b407f43ae425ea7800b206322ec: 34 ms
Input: 1000000,
Cold Start: false
Unique ID: e669b9241e79014028b9c72d898e5290,
Execution Time for Trace ID e669b9241e79014028b9c72d898e5290: 103 ms
Input: 1000000,
Cold Start: false
Unique ID: 5bbeb1e787d2e6a7791777b2bcbf3d80,
Execution Time for Trace ID 5bbeb1e787d2e6a7791777b2bcbf3d80: 108 ms
Input: 1000000,
Cold Start: false
Unique ID: 9bd54882a25bc7715f31072c37295e59,
Execution Time for Trace ID 9bd54882a25bc7715f31072c37295e59: 109 ms
Input: 1000000,
Cold Start: false
Unique ID: 8a4a86e41ab115ac4970219e6e404b89,
Execution Time for Trace ID 8a4a86e41ab115ac4970219e6e404b89: 116 ms
Input: 1000000,
Cold Start: false
Unique ID: e0031900ed6c2821ea1a1aff976b1ac0,
Execution Time for Trace ID e0031900ed6c2821ea1a1aff976b1ac0: 35 ms
Input: 1000000,
Cold Start: false
Unique ID: c10a3bd3b2b23266f5a24f448e8e8a18,
Execution Time for Trace ID c10a3bd3b2b23266f5a24f448e8e8a18: 114 ms
Input: 1000000,
Cold Start: false
Unique ID: 4306164c9b9cb3def40dee2d6196c37a,
Execution Time for Trace ID 4306164c9b9cb3def40dee2d6196c37a: 115 ms
Input: 1000000,
Cold Start: false
Unique ID: 83cae4c9acc4438c4c8c6bb810f463b6,
Execution Time for Trace ID 83cae4c9acc4438c4c8c6bb810f463b6: 105 ms
Input: 1000000,
Cold Start: false
Unique ID: 25bd9fd7d7cef6f7631be7e08d4da40e,
Execution Time for Trace ID 25bd9fd7d7cef6f7631be7e08d4da40e: 97 ms
Input: 1000000,
Cold Start: false
Unique ID: 9536b1265f72d03a4f4823952362a2b3,
Execution Time for Trace ID 9536b1265f72d03a4f4823952362a2b3: 103 ms
Input: 1000000,
Cold Start: false
Unique ID: 23822b81e9977d80e20db79d78837b7f,
Execution Time for Trace ID 23822b81e9977d80e20db79d78837b7f: 103 ms
Input: 1000000,
Cold Start: false
Unique ID: da1b44ffa8790dcb2191a0b537af908d,
Execution Time for Trace ID da1b44ffa8790dcb2191a0b537af908d: 101 ms
Input: 1000000,
Cold Start: false
Unique ID: 1435f13168dea94e89bc85eadafeaa30,
Execution Time for Trace ID 1435f13168dea94e89bc85eadafeaa30: 106 ms
Input: 1000000,
Cold Start: false
Unique ID: e0c1fe3c96b0d16103a8f32d345b8c9b,
Execution Time for Trace ID e0c1fe3c96b0d16103a8f32d345b8c9b: 103 ms
Input: 1000000,
Cold Start: false
Unique ID: 1b278093087c72b965533ca4f5c642f8,
Execution Time for Trace ID 1b278093087c72b965533ca4f5c642f8: 31 ms
Input: 1000000,
Cold Start: false
Unique ID: eb654852e5f056e28f57d003111ac585,
Execution Time for Trace ID eb654852e5f056e28f57d003111ac585: 99 ms
Input: 1000000,
Cold Start: false
Unique ID: cca18e2c0a5bc6d0495593ba25e33119,
Execution Time for Trace ID cca18e2c0a5bc6d0495593ba25e33119: 33 ms
Input: 1000000,
Cold Start: false
Unique ID: cc71051c979f1b7a34bcbb8e9e205aae,
Execution Time for Trace ID cc71051c979f1b7a34bcbb8e9e205aae: 110 ms
Input: 1000000,
Cold Start: false
Unique ID: ec44acb73afee3247f1900675f061a2f,
Execution Time for Trace ID ec44acb73afee3247f1900675f061a2f: 110 ms
Input: 1000000,
Cold Start: false
Unique ID: 54da8f9ee748e79df155cb22bfa7a988,
Execution Time for Trace ID 54da8f9ee748e79df155cb22bfa7a988: 102 ms
Input: 1000000,
Cold Start: false
Unique ID: f2c01f5c8fa267f68e567252d02e645a,
Execution Time for Trace ID f2c01f5c8fa267f68e567252d02e645a: 120 ms
Input: 1000000,
Cold Start: false
Unique ID: a774ab0ccf470b89823b4fabc493392e,
Execution Time for Trace ID a774ab0ccf470b89823b4fabc493392e: 101 ms
Input: 1000000,
Cold Start: false
Unique ID: f3d2f372a6e657e45321d07769fb084f,
Execution Time for Trace ID f3d2f372a6e657e45321d07769fb084f: 110 ms
Input: 1000000,
Cold Start: false
Unique ID: 98a79b6dfd7faf4029b776675430d957,
Execution Time for Trace ID 98a79b6dfd7faf4029b776675430d957: 30 ms
Input: 1000000,
Cold Start: false
Unique ID: 7ad778ab653f0d294e7d2bfa0228e0d4,
Execution Time for Trace ID 7ad778ab653f0d294e7d2bfa0228e0d4: 27 ms
Input: 1000000,
Cold Start: false
Unique ID: 0bb167673f99e19ce21ef12040d6b6e9,
Execution Time for Trace ID 0bb167673f99e19ce21ef12040d6b6e9: 107 ms
Input: 1000000,
Cold Start: false
Unique ID: 4a8711a9f183b223681cea79551d0a57,
Execution Time for Trace ID 4a8711a9f183b223681cea79551d0a57: 113 ms
Input: 1000000,
Cold Start: false
Unique ID: ed009486ce0b23f7632850885c9faec4,
Execution Time for Trace ID ed009486ce0b23f7632850885c9faec4: 201 ms
Input: 1000000,
Cold Start: false
Unique ID: 12d0658aa7e01f7746357f914c79f669,
Execution Time for Trace ID 12d0658aa7e01f7746357f914c79f669: 105 ms
Input: 1000000,
Cold Start: false
Unique ID: 60b7767a15f82a152dde73be9fea6e9d,
Execution Time for Trace ID 60b7767a15f82a152dde73be9fea6e9d: 36 ms
Input: 1000000,
Cold Start: false
Unique ID: b8033a46a60391ec41720cbc41747d12,
Execution Time for Trace ID b8033a46a60391ec41720cbc41747d12: 106 ms
Input: 1000000,
Cold Start: false
Unique ID: 40e1533b645842af9ce6603a881131fc,
Execution Time for Trace ID 40e1533b645842af9ce6603a881131fc: 102 ms
Input: 1000000,
Cold Start: false
Unique ID: b0c63e43924b4eef0f3e88b1f83cd86c,
Execution Time for Trace ID b0c63e43924b4eef0f3e88b1f83cd86c: 104 ms
Input: 1000000,
Cold Start: false
Unique ID: 680745e23dba57c4dd67a75a50a0ca37,
Execution Time for Trace ID 680745e23dba57c4dd67a75a50a0ca37: 102 ms
Input: 1000000,
Cold Start: false
Unique ID: 625a0ab594feff7b1d9c645109fc2d62,
Execution Time for Trace ID 625a0ab594feff7b1d9c645109fc2d62: 33 ms
Input: 1000000,
Cold Start: false
Unique ID: 396ddd01ed0e1db0b8a2aa2295e5f895,
Execution Time for Trace ID 396ddd01ed0e1db0b8a2aa2295e5f895: 98 ms
Input: 1000000,
Cold Start: false
Unique ID: 866550d84edacab7ca6b0dd948dd99c6,
Execution Time for Trace ID 866550d84edacab7ca6b0dd948dd99c6: 53 ms
Input: 1000000,
Cold Start: false
Unique ID: df23c25e04c60cba58cfe459031d1c8e,
Execution Time for Trace ID df23c25e04c60cba58cfe459031d1c8e: 76 ms
Input: 1000000,
Cold Start: false
Unique ID: 61c9ceba0ea852326ebfa9569740c55b,
Execution Time for Trace ID 61c9ceba0ea852326ebfa9569740c55b: 101 ms
Input: 1000000,
Cold Start: false
Unique ID: 74553353dad61ff9341d6dd03918fc0e,
Execution Time for Trace ID 74553353dad61ff9341d6dd03918fc0e: 99 ms
Input: 1000000,
Cold Start: false
Unique ID: 92019b42c762457833e09d432cf9f171,
Execution Time for Trace ID 92019b42c762457833e09d432cf9f171: 29 ms
Input: 1000000,
Cold Start: false
Unique ID: 4dc1e257ff3228d3f8ecfd4274e8113d,
Execution Time for Trace ID 4dc1e257ff3228d3f8ecfd4274e8113d: 107 ms
Input: 1000000,
Cold Start: false
Unique ID: 6b39c14164f130c7625cad8432b143c4,
Execution Time for Trace ID 6b39c14164f130c7625cad8432b143c4: 99 ms
Input: 1000000,
Cold Start: false
Unique ID: aaaf97a99183b0c836b36e85376171ba,
Execution Time for Trace ID aaaf97a99183b0c836b36e85376171ba: 109 ms
Input: 1000000,
Cold Start: false
Unique ID: 76ddf1507f12f7d430139a08c6d17aff,
Execution Time for Trace ID 76ddf1507f12f7d430139a08c6d17aff: 29 ms
Input: 1000000,
Cold Start: false
Unique ID: bac4bd9f1c0319f5753ea92d8abe3442,
Execution Time for Trace ID bac4bd9f1c0319f5753ea92d8abe3442: 112 ms
Input: 1000000,
Cold Start: false
Unique ID: 0a0d0d6d02f90dccafa005391f749fb9,
Execution Time for Trace ID 0a0d0d6d02f90dccafa005391f749fb9: 102 ms
Input: 1000000,
Cold Start: false
Unique ID: b3d9630bddbe656ea98fd668ecbe0b3e,
Execution Time for Trace ID b3d9630bddbe656ea98fd668ecbe0b3e: 78 ms
Input: 1000000,
Cold Start: false
Unique ID: bc6ea1d273c8d24d4a6d7046a4a8e431,
Execution Time for Trace ID bc6ea1d273c8d24d4a6d7046a4a8e431: 104 ms
Input: 1000000,
Cold Start: false
Unique ID: 762f8b299312193435d1271d98382ba9,
Execution Time for Trace ID 762f8b299312193435d1271d98382ba9: 32 ms
Input: 1000000,
Cold Start: false
Unique ID: b1e6afb768c03831841baca518257c59,
Execution Time for Trace ID b1e6afb768c03831841baca518257c59: 33 ms
Input: 1000000,
Cold Start: false
Unique ID: 82b54692f0ed734f287d8b887b6624b2,
Execution Time for Trace ID 82b54692f0ed734f287d8b887b6624b2: 30 ms
Input: 1000000,
Cold Start: false
Unique ID: 41c1e96c48c7404c8e1f03504d5bc731,
Execution Time for Trace ID 41c1e96c48c7404c8e1f03504d5bc731: 29 ms
Input: 1000000,
Cold Start: false
Unique ID: a0c2357e95e10b1c6abb8729c894bc1f,
Execution Time for Trace ID a0c2357e95e10b1c6abb8729c894bc1f: 30 ms
Input: 1000000,
Cold Start: false
Unique ID: 6e1a1e79468d1e59074e97c3291e2077,
Execution Time for Trace ID 6e1a1e79468d1e59074e97c3291e2077: 30 ms
Input: 1000000,
Cold Start: false
Unique ID: 0944f32970e3532a55178cce97e06480,
Execution Time for Trace ID 0944f32970e3532a55178cce97e06480: 32 ms
Input: 1000000,
Cold Start: false
Unique ID: 383f4b461bbd5c7bbff161abe7a9d081,
Execution Time for Trace ID 383f4b461bbd5c7bbff161abe7a9d081: 32 ms
Input: 1000000,
Cold Start: false
Unique ID: ea8fcdcee176bfe0c353bf6a82e58081,
Execution Time for Trace ID ea8fcdcee176bfe0c353bf6a82e58081: 31 ms
Input: 1000000,
Cold Start: false
Unique ID: c630111a4e2680fa18ed13646b400cc2,
Execution Time for Trace ID c630111a4e2680fa18ed13646b400cc2: 37 ms
Input: 1000000,
Cold Start: false
Unique ID: bacb9d483c20b25fa258f32c53e61b89,
Execution Time for Trace ID bacb9d483c20b25fa258f32c53e61b89: 38 ms
Input: 1000000,
Cold Start: false
Unique ID: fed7e1e4c20dbd1c952164d9708d33cf,
Execution Time for Trace ID fed7e1e4c20dbd1c952164d9708d33cf: 41 ms
Input: 1000000,
Cold Start: false
Unique ID: 48bf885fecb0df9356f924f676b76e74,
Execution Time for Trace ID 48bf885fecb0df9356f924f676b76e74: 36 ms
Input: 1000000,
Cold Start: false
Unique ID: fd9975a19c7bba34e81a99f8e68fbaad,
Execution Time for Trace ID fd9975a19c7bba34e81a99f8e68fbaad: 29 ms
Input: 1000000,
Cold Start: false
Unique ID: 907e5a0ee080096d0c195d7fb80e00f2,
Execution Time for Trace ID 907e5a0ee080096d0c195d7fb80e00f2: 52 ms
Input: 1000000,
Cold Start: false
Unique ID: ea73f5aa0b6a435982ca3ef34d1c4d3d,
Execution Time for Trace ID ea73f5aa0b6a435982ca3ef34d1c4d3d: 35 ms
Input: 1000000,
Cold Start: false
Unique ID: a739cb54ea34639adbfbdf00bf728619,
Execution Time for Trace ID a739cb54ea34639adbfbdf00bf728619: 35 ms
Input: 1000000,
Cold Start: false
Unique ID: 82290af8dd1120646404d43251054dbf,
Execution Time for Trace ID 82290af8dd1120646404d43251054dbf: 32 ms
Input: 1000000,
Cold Start: false
Unique ID: cb2d2192431cb206e4ad7a5a0b9eb792,
Execution Time for Trace ID cb2d2192431cb206e4ad7a5a0b9eb792: 31 ms
Input: 1000000,
Cold Start: false
Unique ID: ac2b2df9fefafadb27d787c0f24265e4,
Execution Time for Trace ID ac2b2df9fefafadb27d787c0f24265e4: 34 ms
Input: 1000000,
Cold Start: false
Unique ID: 083a761b161d61990b9e48ce027e05c3,
Execution Time for Trace ID 083a761b161d61990b9e48ce027e05c3: 33 ms
Input: 1000000,
Cold Start: false
Unique ID: 33474181c1c766a5d7beac14bddc67da,
Execution Time for Trace ID 33474181c1c766a5d7beac14bddc67da: 33 ms
Input: 1000000,
Cold Start: false
Unique ID: 41e4bdf02e9e715f5e8f84480cfcd227,
Execution Time for Trace ID 41e4bdf02e9e715f5e8f84480cfcd227: 104 ms
Input: 1000000,
Cold Start: false
Unique ID: 8a6364e407c60f39e34685daad94186a,
Execution Time for Trace ID 8a6364e407c60f39e34685daad94186a: 34 ms
Input: 1000000,
Cold Start: false
Unique ID: cdf9469337e9482afb73b97d9daccf4b,
Execution Time for Trace ID cdf9469337e9482afb73b97d9daccf4b: 43 ms
Input: 1000000,
Cold Start: false
Unique ID: 090df9ef298a4d2d056f125b3518cdcc,
Execution Time for Trace ID 090df9ef298a4d2d056f125b3518cdcc: 31 ms
Input: 1000000,
Cold Start: false
Unique ID: 0392222f96f102b5170d771861c3054f,
Execution Time for Trace ID 0392222f96f102b5170d771861c3054f: 123 ms
Input: 1000000,
Cold Start: false
Unique ID: f1acd270b607e03a0cbd5a26e6c70f74,
Execution Time for Trace ID f1acd270b607e03a0cbd5a26e6c70f74: 77 ms
Input: 1000000,
Cold Start: false
Unique ID: 50c6bb24b1b79c0a9b92a5c43be01402,
Execution Time for Trace ID 50c6bb24b1b79c0a9b92a5c43be01402: 124 ms
Input: 1000000,
Cold Start: false
Unique ID: 8d2c01c6a72afa017189d6ae2894546b,
Execution Time for Trace ID 8d2c01c6a72afa017189d6ae2894546b: 30 ms
Input: 1000000,
Cold Start: false
Unique ID: 13ca04066f729f25a94a854a015cd037,
Execution Time for Trace ID 13ca04066f729f25a94a854a015cd037: 34 ms
Input: 1000000,
Cold Start: false
Unique ID: a6073bb1f97dfa82fd1bb2fed6eba6b5,
Execution Time for Trace ID a6073bb1f97dfa82fd1bb2fed6eba6b5: 28 ms
Input: 1000000,
Cold Start: false
Unique ID: 54035e20a6b12123645d72425df2f619,
Execution Time for Trace ID 54035e20a6b12123645d72425df2f619: 32 ms
Input: 1000000,
Cold Start: false
Unique ID: b284ff637dab273abc5f75b156fc96b3,
Execution Time for Trace ID b284ff637dab273abc5f75b156fc96b3: 29 ms
Input: 1000000,
Cold Start: false
Unique ID: ff9c2aa2fbd0ecf790e8865f671c2f66,
Execution Time for Trace ID ff9c2aa2fbd0ecf790e8865f671c2f66: 30 ms
Input: 1000000,
Cold Start: false
Unique ID: 1ccabc025a88cd9dd11f28821464c561,
Execution Time for Trace ID 1ccabc025a88cd9dd11f28821464c561: 30 ms
Input: 1000000,
Cold Start: false
Unique ID: c173bc923fc1bb7e372e7324e9a04216,
Execution Time for Trace ID c173bc923fc1bb7e372e7324e9a04216: 30 ms
Input: 1000000,
Cold Start: false
Unique ID: 5fd6ff96ab93eec78f2ea911d6875787,
Execution Time for Trace ID 5fd6ff96ab93eec78f2ea911d6875787: 29 ms
Input: 1000000,
Cold Start: false
Unique ID: 4183066d888d831926ced076837e7e8e,
Execution Time for Trace ID 4183066d888d831926ced076837e7e8e: 38 ms
Input: 1000000,
Cold Start: false
Unique ID: d5831885349b7321797b27c7901c7f4a,
Execution Time for Trace ID d5831885349b7321797b27c7901c7f4a: 29 ms
Input: 1000000,
Cold Start: false
Unique ID: 854a83e99f14fb45009cb54d5489dd8a,
Execution Time for Trace ID 854a83e99f14fb45009cb54d5489dd8a: 31 ms
Input: 1000000,
Cold Start: false
Unique ID: 2f4ed9e6c8613cd711065136523af690,
Execution Time for Trace ID 2f4ed9e6c8613cd711065136523af690: 30 ms
Input: 1000000,
Cold Start: false
Unique ID: cc93e3fa139fd368a33dd0ccc8d05b14,
Execution Time for Trace ID cc93e3fa139fd368a33dd0ccc8d05b14: 91 ms
Input: 1000000,
Cold Start: false
Unique ID: dde5565775cfdb6011bba6afddd3c750,
Execution Time for Trace ID dde5565775cfdb6011bba6afddd3c750: 81 ms
Input: 1000000,
Cold Start: false
Unique ID: 97a8772a461c222262746d8a6c647c19,
Execution Time for Trace ID 97a8772a461c222262746d8a6c647c19: 116 ms
Input: 1000000,
Cold Start: false
Unique ID: c0bb67a56f7fd9f03eb0d46418e6a548,
Execution Time for Trace ID c0bb67a56f7fd9f03eb0d46418e6a548: 32 ms
Input: 1000000,
Cold Start: false
Unique ID: 7dea64b70ab2958e52dbdaeee07aab86,
Execution Time for Trace ID 7dea64b70ab2958e52dbdaeee07aab86: 39 ms
Input: 1000000,
Cold Start: false
Unique ID: e01c4593366923da5487a1e545613aa1,
Execution Time for Trace ID e01c4593366923da5487a1e545613aa1: 36 ms
Input: 1000000,
Cold Start: false
Unique ID: 74e6d00fb721ada41b42be7236b31337,
Execution Time for Trace ID 74e6d00fb721ada41b42be7236b31337: 31 ms
Input: 1000000,
Cold Start: false
Unique ID: 51a227901972bca51f1f5c75792353ab,
Execution Time for Trace ID 51a227901972bca51f1f5c75792353ab: 35 ms
Input: 1000000,
Cold Start: false
Unique ID: 70972fc617d967fe86053205a4586f51,
Execution Time for Trace ID 70972fc617d967fe86053205a4586f51: 35 ms
Input: 1000000,
Cold Start: false
Unique ID: ba6cc442264135c00b1772e8a2009f0f,
Execution Time for Trace ID ba6cc442264135c00b1772e8a2009f0f: 33 ms
Input: 1000000,
Cold Start: false
Unique ID: 80e389786b0d37d16ff15709d7916472,
Execution Time for Trace ID 80e389786b0d37d16ff15709d7916472: 33 ms
Input: 1000000,
Cold Start: false
Unique ID: 84abc515aba86ad4ebab3b551fa9279f,
Execution Time for Trace ID 84abc515aba86ad4ebab3b551fa9279f: 40 ms
Input: 1000000,
Cold Start: false
Unique ID: ed3df5ca50da19e0b629e10972c4b642,
Execution Time for Trace ID ed3df5ca50da19e0b629e10972c4b642: 33 ms
Input: 1000000,
Cold Start: false
Unique ID: 6e8cf259078468c06d27b60cc2550df6,
Execution Time for Trace ID 6e8cf259078468c06d27b60cc2550df6: 30 ms
Input: 1000000,
Cold Start: false
Unique ID: ef9dfa487808f013fcad8d92b2354724,
Execution Time for Trace ID ef9dfa487808f013fcad8d92b2354724: 34 ms
Input: 1000000,
Cold Start: false
Unique ID: 8e9b7e32b591b7b88ac44ef119ccc109,
Execution Time for Trace ID 8e9b7e32b591b7b88ac44ef119ccc109: 28 ms
Input: 1000000,
Cold Start: false
Unique ID: 7fc02de9cb99248ef709469d9b197f92,
Execution Time for Trace ID 7fc02de9cb99248ef709469d9b197f92: 30 ms
Input: 1000000,
Cold Start: false
Unique ID: 3a5e032f5b314f306d1e67cc1bae68b4,
Execution Time for Trace ID 3a5e032f5b314f306d1e67cc1bae68b4: 31 ms
Input: 1000000,
Cold Start: false
Unique ID: eaeb9cfa80d9355acf38a46096ab5d07,
Execution Time for Trace ID eaeb9cfa80d9355acf38a46096ab5d07: 34 ms
Input: 1000000,
Cold Start: false
Unique ID: 093d9dbc2cf11def293725412b563e3a,
Execution Time for Trace ID 093d9dbc2cf11def293725412b563e3a: 29 ms
Input: 1000000,
Cold Start: false
Unique ID: fa549cb89a431af885e51f4fe7a45162,
Execution Time for Trace ID fa549cb89a431af885e51f4fe7a45162: 32 ms
Input: 1000000,
Cold Start: false
Unique ID: 51857bb50b946b029905e0abf0886369,
Execution Time for Trace ID 51857bb50b946b029905e0abf0886369: 29 ms
Input: 1000000,
Cold Start: false
Unique ID: 477f4537fe3a12f733c7334e26f921d6,
Execution Time for Trace ID 477f4537fe3a12f733c7334e26f921d6: 132 ms
Input: 1000000,
Cold Start: false
Unique ID: 76f4baf2924c44629c5be9c27f6f566f,
Execution Time for Trace ID 76f4baf2924c44629c5be9c27f6f566f: 33 ms
Input: 1000000,
Cold Start: false
Unique ID: ad1e7d13db1e6f90dbb1cf536e8f49cd,
Execution Time for Trace ID ad1e7d13db1e6f90dbb1cf536e8f49cd: 37 ms
Input: 1000000,
Cold Start: false
Unique ID: b988182b78ab1115ed334fb0a8083f47,
Execution Time for Trace ID b988182b78ab1115ed334fb0a8083f47: 27 ms
Input: 1000000,
Cold Start: false
Unique ID: a09d895a813970f4f91e157ef67b32a6,
Execution Time for Trace ID a09d895a813970f4f91e157ef67b32a6: 30 ms
Input: 1000000,
Cold Start: false
Unique ID: f14d93b158c49da756c119ddb4596d61,
Execution Time for Trace ID f14d93b158c49da756c119ddb4596d61: 29 ms
Input: 1000000,
Cold Start: false
Unique ID: 588514dc2ce8479b7b64c652e56d89bb,
Execution Time for Trace ID 588514dc2ce8479b7b64c652e56d89bb: 30 ms
Input: 1000000,
Cold Start: false
Unique ID: bc21d5894d856c7e360e638e17d880ef,
Execution Time for Trace ID bc21d5894d856c7e360e638e17d880ef: 34 ms
Input: 1000000,
Cold Start: false
Unique ID: 536ff7095930aa4670312dd0263885e0,
Execution Time for Trace ID 536ff7095930aa4670312dd0263885e0: 41 ms
Input: 1000000,
Cold Start: false
Unique ID: e8725a7cc19f36a6d2d4ffeb4969a41a,
Execution Time for Trace ID e8725a7cc19f36a6d2d4ffeb4969a41a: 37 ms
Input: 1000000,
Cold Start: false
Unique ID: bc0629965cee8a5afea775403ee87990,
Execution Time for Trace ID bc0629965cee8a5afea775403ee87990: 35 ms
Input: 1000000,
Cold Start: false
Unique ID: 212d8c56fa8d9044f2894f78495966ef,
Execution Time for Trace ID 212d8c56fa8d9044f2894f78495966ef: 29 ms
Input: 1000000,
Cold Start: false
Unique ID: 0d69ab6f7c9910c50b380efb7456f5b4,
Execution Time for Trace ID 0d69ab6f7c9910c50b380efb7456f5b4: 136 ms
Input: 1000000,
Cold Start: false
Unique ID: 4bf1181d7fbeb5bcb165d80eed17104d,
Execution Time for Trace ID 4bf1181d7fbeb5bcb165d80eed17104d: 31 ms
Input: 1000000,
Cold Start: false
Unique ID: ea095db0ac5a0fcba84fc014f89e5f80,
Execution Time for Trace ID ea095db0ac5a0fcba84fc014f89e5f80: 32 ms
Input: 1000000,
Cold Start: false
Unique ID: bc0ad7879687c8be385a7a8f31300ff3,
Execution Time for Trace ID bc0ad7879687c8be385a7a8f31300ff3: 40 ms
Input: 1000000,
Cold Start: false
Unique ID: 88e97a1e998964317e5eb405994993f4,
Execution Time for Trace ID 88e97a1e998964317e5eb405994993f4: 29 ms
Input: 1000000,
Cold Start: false
Unique ID: 25f2ccab36fbde7bdc70cde0e9fe2500,
Execution Time for Trace ID 25f2ccab36fbde7bdc70cde0e9fe2500: 37 ms
Input: 1000000,
Cold Start: false
Unique ID: 7d8105d1495a822dc44c088e9a6967ef,
Execution Time for Trace ID 7d8105d1495a822dc44c088e9a6967ef: 30 ms
Input: 1000000,
Cold Start: false
Unique ID: 7c8e46a841f732a4606849113bfa79b5,
Execution Time for Trace ID 7c8e46a841f732a4606849113bfa79b5: 33 ms
Input: 1000000,
Cold Start: false
Unique ID: 8dd1c0b7eab3c122174bf2af83f1d646,
Execution Time for Trace ID 8dd1c0b7eab3c122174bf2af83f1d646: 28 ms
Input: 1000000,
Cold Start: false
Unique ID: d81a9760782185ce1e605602fae0c071,
Execution Time for Trace ID d81a9760782185ce1e605602fae0c071: 32 ms
Input: 1000000,
Cold Start: false
Unique ID: 8d0ed8febe305a2c5fb23f36ef49c0b3,
Execution Time for Trace ID 8d0ed8febe305a2c5fb23f36ef49c0b3: 27 ms
Input: 1000000,
Cold Start: false
Unique ID: dec4da68bdde1be8bc909b8189158b29,
Execution Time for Trace ID dec4da68bdde1be8bc909b8189158b29: 37 ms
Input: 1000000,
Cold Start: false
Unique ID: 06d79d107343691d97721ffd4364e5ba,
Execution Time for Trace ID 06d79d107343691d97721ffd4364e5ba: 31 ms
Input: 1000000,
Cold Start: false
Unique ID: 9d4eae3f32c84b52e4536bbe0c38c34d,
Execution Time for Trace ID 9d4eae3f32c84b52e4536bbe0c38c34d: 35 ms
Input: 1000000,
Cold Start: false
Unique ID: 4f45d30b311329b2d0a36803fbd95c9a,
Execution Time for Trace ID 4f45d30b311329b2d0a36803fbd95c9a: 30 ms
Input: 1000000,
Cold Start: false
Unique ID: ff0724f506198d768aa5b64a14882b48,
Execution Time for Trace ID ff0724f506198d768aa5b64a14882b48: 32 ms
Input: 1000000,
Cold Start: false
Unique ID: b04e11f3d3062ed38989964e2cc35e17,
Execution Time for Trace ID b04e11f3d3062ed38989964e2cc35e17: 34 ms
Input: 1000000,
Cold Start: false
Unique ID: dd66caca13d3bb0754aebd11c18f801a,
Execution Time for Trace ID dd66caca13d3bb0754aebd11c18f801a: 142 ms
Input: 1000000,
Cold Start: false
Unique ID: b10389b45a18c9cd24e2b5019e9397cf,
Execution Time for Trace ID b10389b45a18c9cd24e2b5019e9397cf: 34 ms
Input: 1000000,
Cold Start: false
Unique ID: c51da9d809ab3a730648fc609ead089b,
Execution Time for Trace ID c51da9d809ab3a730648fc609ead089b: 32 ms
Input: 1000000,
Cold Start: false
Unique ID: 67a6cf94750c66b826826d86c2c6c4fe,
Execution Time for Trace ID 67a6cf94750c66b826826d86c2c6c4fe: 33 ms
Input: 1000000,
Cold Start: false
Unique ID: f5e9b1bb8502a4c07110cf50444a00c6,
Execution Time for Trace ID f5e9b1bb8502a4c07110cf50444a00c6: 28 ms
Input: 1000000,
Cold Start: false
Unique ID: c0dd527f9a69277ab5655ff047d69644,
Execution Time for Trace ID c0dd527f9a69277ab5655ff047d69644: 113 ms
Input: 1000000,
Cold Start: false
Unique ID: 46b356b9b222657b2852b8310ac7fbb3,
Execution Time for Trace ID 46b356b9b222657b2852b8310ac7fbb3: 30 ms
Input: 1000000,
Cold Start: false
Unique ID: efe1a8e0c8266671ff202080006bfced,
Execution Time for Trace ID efe1a8e0c8266671ff202080006bfced: 31 ms
Input: 1000000,
Cold Start: false
Unique ID: e7be3756ebb278c157ad53350d968935,
Execution Time for Trace ID e7be3756ebb278c157ad53350d968935: 29 ms
Input: 1000000,
Cold Start: false
Unique ID: 997478052a1170564d38d16f1c84ac96,
Execution Time for Trace ID 997478052a1170564d38d16f1c84ac96: 76 ms
Input: 1000000,
Cold Start: false
Unique ID: de50d70f06b55a2c68feb0590004e341,
Execution Time for Trace ID de50d70f06b55a2c68feb0590004e341: 29 ms
Input: 1000000,
Cold Start: false
Unique ID: 69133b47f977a2335d1fd16a6106db8f,
Execution Time for Trace ID 69133b47f977a2335d1fd16a6106db8f: 64 ms
Input: 1000000,
Cold Start: false
Unique ID: 3eb2f0e8913c4a68d0f29083d4bf8da6,
Execution Time for Trace ID 3eb2f0e8913c4a68d0f29083d4bf8da6: 63 ms
Input: 1000000,
Cold Start: false
Unique ID: dfe44d06da3676b0bfe958c805b0dc94,
Execution Time for Trace ID dfe44d06da3676b0bfe958c805b0dc94: 70 ms
Input: 1000000,
Cold Start: false
Unique ID: dd8cd9bb4c02e3b5e73b45f1271fe558,
Execution Time for Trace ID dd8cd9bb4c02e3b5e73b45f1271fe558: 61 ms
Input: 1000000,
Cold Start: false
Unique ID: f47c2b73a0b112018a755ff075788eaa,
Execution Time for Trace ID f47c2b73a0b112018a755ff075788eaa: 64 ms
Input: 1000000,
Cold Start: false
Unique ID: c4fa8572c610fd7a48e35e24fc159a55,
Execution Time for Trace ID c4fa8572c610fd7a48e35e24fc159a55: 29 ms
Input: 1000000,
Cold Start: false
Unique ID: 97daafe3baa2f1f9ee32f3caf904447b,
Execution Time for Trace ID 97daafe3baa2f1f9ee32f3caf904447b: 65 ms
Input: 1000000,
Cold Start: false
Unique ID: 0004c1cc4d439b3eb2fa4635c95d6c58,
Execution Time for Trace ID 0004c1cc4d439b3eb2fa4635c95d6c58: 27 ms
Input: 1000000,
Cold Start: false
Unique ID: 04f5e16e88f5d17dc72f9fb9abc55bd9,
Execution Time for Trace ID 04f5e16e88f5d17dc72f9fb9abc55bd9: 67 ms
Input: 1000000,
Cold Start: false
Unique ID: 59d275c5b458c849218c9f7838b9ff64,
Execution Time for Trace ID 59d275c5b458c849218c9f7838b9ff64: 73 ms
Input: 1000000,
Cold Start: false
Unique ID: cd43a07c36e43d313ceaafaa1ab7afe1,
Execution Time for Trace ID cd43a07c36e43d313ceaafaa1ab7afe1: 68 ms
Input: 1000000,
Cold Start: false
Unique ID: 9a815fb820fe6670276ade7fb8c22ba0,
Execution Time for Trace ID 9a815fb820fe6670276ade7fb8c22ba0: 32 ms
Input: 1000000,
Cold Start: false
Unique ID: e0d5b46726ff7e29e8eb35fd671c2005,
Execution Time for Trace ID e0d5b46726ff7e29e8eb35fd671c2005: 66 ms
Input: 1000000,
Cold Start: false
Unique ID: 237b770cb8e2b319769d8d7d8b1f4869,
Execution Time for Trace ID 237b770cb8e2b319769d8d7d8b1f4869: 66 ms
Input: 1000000,
Cold Start: false
Unique ID: 89eeaecd918ca5680ae4749af5837c29,
Execution Time for Trace ID 89eeaecd918ca5680ae4749af5837c29: 65 ms
Input: 1000000,
Cold Start: false
Unique ID: 926a62fa05279bbb782f1d71d9fd207d,
Execution Time for Trace ID 926a62fa05279bbb782f1d71d9fd207d: 29 ms
Input: 1000000,
Cold Start: false
Unique ID: e76281e4e9dec1f44c1e3644e33276f9,
Execution Time for Trace ID e76281e4e9dec1f44c1e3644e33276f9: 65 ms
Input: 1000000,
Cold Start: false
Unique ID: 7d509fb6103320f793a3c5718a3b673f,
Execution Time for Trace ID 7d509fb6103320f793a3c5718a3b673f: 68 ms
Input: 1000000,
Cold Start: false
Unique ID: cb8923d93ab19ff81c12c4cc0da306a7,
Execution Time for Trace ID cb8923d93ab19ff81c12c4cc0da306a7: 69 ms
Input: 1000000,
Cold Start: false
Unique ID: 1059e1d9453e8e6fc542ed62d04ceb6c,
Execution Time for Trace ID 1059e1d9453e8e6fc542ed62d04ceb6c: 64 ms
Input: 1000000,
Cold Start: false
Unique ID: 9c9773a5824fcb1d2bbc1f3f05ece53d,
Execution Time for Trace ID 9c9773a5824fcb1d2bbc1f3f05ece53d: 57 ms
Input: 1000000,
Cold Start: false
Unique ID: 17f88be5c98bebebafd8cfa7948e5ba1,
Execution Time for Trace ID 17f88be5c98bebebafd8cfa7948e5ba1: 29 ms
Input: 1000000,
Cold Start: false
Unique ID: 988248a6c12b853e576a8ab9779372a0,
Execution Time for Trace ID 988248a6c12b853e576a8ab9779372a0: 73 ms
Input: 1000000,
Cold Start: false
Unique ID: 09583fc8400fd76eb0470c9b146fc4ae,
Execution Time for Trace ID 09583fc8400fd76eb0470c9b146fc4ae: 68 ms
Input: 1000000,
Cold Start: false
Unique ID: ce652e8c5d8cab0968caf1e95811a20d,
Execution Time for Trace ID ce652e8c5d8cab0968caf1e95811a20d: 70 ms
Input: 1000000,
Cold Start: false
Unique ID: 63f6d0e842b1b55e99ecfc0ba8db175c,
Execution Time for Trace ID 63f6d0e842b1b55e99ecfc0ba8db175c: 31 ms
Input: 1000000,
Cold Start: false
Unique ID: b36508f2888d21c119af9a9eddda8384,
Execution Time for Trace ID b36508f2888d21c119af9a9eddda8384: 51 ms
Input: 1000000,
Cold Start: false
Unique ID: 755ad2a7f9719ff0b620b1951f3fdcde,
Execution Time for Trace ID 755ad2a7f9719ff0b620b1951f3fdcde: 63 ms
Input: 1000000,
Cold Start: false
Unique ID: 9e14a46d5b0f12b702d373046b129ffa,
Execution Time for Trace ID 9e14a46d5b0f12b702d373046b129ffa: 70 ms
Input: 1000000,
Cold Start: false
Unique ID: 3b933ddcfc0152a13d6dd0b9d41a15bb,
Execution Time for Trace ID 3b933ddcfc0152a13d6dd0b9d41a15bb: 64 ms
Input: 1000000,
Cold Start: false
Unique ID: fb812c30558a33efad1e52636ae07b22,
Execution Time for Trace ID fb812c30558a33efad1e52636ae07b22: 71 ms
Input: 1000000,
Cold Start: false
Unique ID: f6f14d948546b95490370251e81fe4d1,
Execution Time for Trace ID f6f14d948546b95490370251e81fe4d1: 64 ms
Input: 1000000,
Cold Start: false
Unique ID: 16ae528164b01143afbed5d69bfb5094,
Execution Time for Trace ID 16ae528164b01143afbed5d69bfb5094: 65 ms
Input: 1000000,
Cold Start: false
Unique ID: 28b2ca2955ca06c04d28922c13d88ada,
Execution Time for Trace ID 28b2ca2955ca06c04d28922c13d88ada: 60 ms
Input: 1000000,
Cold Start: false
Unique ID: 180c16518da25e60e600d4ff332f6d2a,
Execution Time for Trace ID 180c16518da25e60e600d4ff332f6d2a: 72 ms
Input: 1000000,
Cold Start: false
Unique ID: 9bdb39892ddce0e94e9fd5e10df158fd,
Execution Time for Trace ID 9bdb39892ddce0e94e9fd5e10df158fd: 30 ms
Input: 1000000,
Cold Start: false
Unique ID: 0239c4510148485d6b0e2f16073e178e,
Execution Time for Trace ID 0239c4510148485d6b0e2f16073e178e: 61 ms
Input: 1000000,
Cold Start: false
Unique ID: 615fe858de225f3837c9f152c925644b,
Execution Time for Trace ID 615fe858de225f3837c9f152c925644b: 31 ms
Input: 1000000,
Cold Start: false
Unique ID: addd209a3f0fcc0723ac567d8f4d3880,
Execution Time for Trace ID addd209a3f0fcc0723ac567d8f4d3880: 68 ms
Input: 1000000,
Cold Start: false
Unique ID: 6faebf1e33dc4c14f3b9258d91c14acd,
Execution Time for Trace ID 6faebf1e33dc4c14f3b9258d91c14acd: 28 ms
Input: 1000000,
Cold Start: false
Unique ID: db320cc3a6c2a3101fd20f3ff8faf51e,
Execution Time for Trace ID db320cc3a6c2a3101fd20f3ff8faf51e: 66 ms
Input: 1000000,
Cold Start: false
Unique ID: 8778be0b33ea7bd47108c3d130150ada,
Execution Time for Trace ID 8778be0b33ea7bd47108c3d130150ada: 28 ms
Input: 1000000,
Cold Start: false
Unique ID: d75e34a1c30a2bf0dd110f349fc5778b,
Execution Time for Trace ID d75e34a1c30a2bf0dd110f349fc5778b: 65 ms
Input: 1000000,
Cold Start: false
Unique ID: 4b2b932c3eb4a7cf6cf03dbd87e79417,
Execution Time for Trace ID 4b2b932c3eb4a7cf6cf03dbd87e79417: 74 ms
Input: 1000000,
Cold Start: false
Unique ID: 438ac29957035a40087db34c362ca914,
Execution Time for Trace ID 438ac29957035a40087db34c362ca914: 64 ms
Input: 1000000,
Cold Start: false
Unique ID: eec98a3ac198d02166803891493d9cc9,
Execution Time for Trace ID eec98a3ac198d02166803891493d9cc9: 31 ms
Input: 1000000,
Cold Start: false
Unique ID: cbd7f3c62edde46b9e149a3ec232ce7f,
Execution Time for Trace ID cbd7f3c62edde46b9e149a3ec232ce7f: 65 ms
Input: 1000000,
Cold Start: false
Unique ID: 967647566f352881331d188eaa72922e,
Execution Time for Trace ID 967647566f352881331d188eaa72922e: 60 ms
Input: 1000000,
Cold Start: false
Unique ID: 6fdfe57dc769f6ed63afb0991a7aa4f0,
Execution Time for Trace ID 6fdfe57dc769f6ed63afb0991a7aa4f0: 70 ms
Input: 1000000,
Cold Start: false
Unique ID: 339fee4d837a5d86cb485527f8b1ff6e,
Execution Time for Trace ID 339fee4d837a5d86cb485527f8b1ff6e: 69 ms
Input: 1000000,
Cold Start: false
Unique ID: 578fe151a2fbd1e9121452a0bcdcc7d1,
Execution Time for Trace ID 578fe151a2fbd1e9121452a0bcdcc7d1: 35 ms
Input: 1000000,
Cold Start: false
Unique ID: bd6ea39c2cc795f04a50cda1ad37a89b,
Execution Time for Trace ID bd6ea39c2cc795f04a50cda1ad37a89b: 70 ms
Input: 1000000,
Cold Start: false
Unique ID: 775b5abf303c93e3e389ebb652018d22,
Execution Time for Trace ID 775b5abf303c93e3e389ebb652018d22: 72 ms
Input: 1000000,
Cold Start: false
Unique ID: 988eafa8126b7806c2e9d849f5522095,
Execution Time for Trace ID 988eafa8126b7806c2e9d849f5522095: 72 ms
Input: 1000000,
Cold Start: false
Unique ID: 86bd19463b4ca3f6010e5d3baef16797,
Execution Time for Trace ID 86bd19463b4ca3f6010e5d3baef16797: 34 ms
Input: 1000000,
Cold Start: false
Unique ID: a2308ad5aa1ed7226d4afb5ef2bbcd35,
Execution Time for Trace ID a2308ad5aa1ed7226d4afb5ef2bbcd35: 28 ms
Input: 1000000,
Cold Start: false
Unique ID: 4053b012d7550e015871e0adf880394a,
Execution Time for Trace ID 4053b012d7550e015871e0adf880394a: 31 ms
Input: 1000000,
Cold Start: false
Unique ID: 8dad2d894dcbf379eea8efa222edac52,
Execution Time for Trace ID 8dad2d894dcbf379eea8efa222edac52: 65 ms
Input: 1000000,
Cold Start: false
Unique ID: 064340977e4c8fecc8c39f95d75e8bc0,
Execution Time for Trace ID 064340977e4c8fecc8c39f95d75e8bc0: 71 ms
Input: 1000000,
Cold Start: false
Unique ID: 2c2c6a6f522e351b78de45bc3b91da76,
Execution Time for Trace ID 2c2c6a6f522e351b78de45bc3b91da76: 74 ms
Input: 1000000,
Cold Start: false
Unique ID: 48db9dc7a62b804c5979b22e5e21701f,
Execution Time for Trace ID 48db9dc7a62b804c5979b22e5e21701f: 65 ms
Input: 1000000,
Cold Start: false
Unique ID: 0cca5583843fe096a97fc860c6f1a451,
Execution Time for Trace ID 0cca5583843fe096a97fc860c6f1a451: 66 ms
Input: 1000000,
Cold Start: false
Unique ID: b16e8d2ef7783e1c4df048ee5e42a42b,
Execution Time for Trace ID b16e8d2ef7783e1c4df048ee5e42a42b: 70 ms
Input: 1000000,
Cold Start: false
Unique ID: d41ffc201ec4713b61de02df67c9230c,
Execution Time for Trace ID d41ffc201ec4713b61de02df67c9230c: 27 ms
Input: 1000000,
Cold Start: false
Unique ID: 6644e547dd2e2597952e9f3251ffc9a9,
Execution Time for Trace ID 6644e547dd2e2597952e9f3251ffc9a9: 70 ms
Input: 1000000,
Cold Start: false
Unique ID: d2417854c1e20515ddb21ab0015d8e43,
Execution Time for Trace ID d2417854c1e20515ddb21ab0015d8e43: 29 ms
Input: 1000000,
Cold Start: false
Unique ID: 98f1bca6c0d724dab30ee8f1d9663a06,
Execution Time for Trace ID 98f1bca6c0d724dab30ee8f1d9663a06: 66 ms
Input: 1000000,
Cold Start: false
Unique ID: b928e79c9ab799c1b3dd51c3a1603472,
Execution Time for Trace ID b928e79c9ab799c1b3dd51c3a1603472: 75 ms
Input: 1000000,
Cold Start: false
Unique ID: 3be1c6913b53fa93cb2398aa69c9d5ee,
Execution Time for Trace ID 3be1c6913b53fa93cb2398aa69c9d5ee: 72 ms
Input: 1000000,
Cold Start: false
Unique ID: 868ec7683741b86a5f6603ebba3cf537,
Execution Time for Trace ID 868ec7683741b86a5f6603ebba3cf537: 66 ms
Input: 1000000,
Cold Start: false
Unique ID: 3bd12e0c530fcb58f7ba84dd2c15533a,
Execution Time for Trace ID 3bd12e0c530fcb58f7ba84dd2c15533a: 68 ms
Input: 1000000,
Cold Start: false
Unique ID: 2fcff3445bc383a41c7671de831d906e,
Execution Time for Trace ID 2fcff3445bc383a41c7671de831d906e: 77 ms
Input: 1000000,
Cold Start: false
Unique ID: 26866a584f03e658c126dc68c87dc225,
Execution Time for Trace ID 26866a584f03e658c126dc68c87dc225: 64 ms
Input: 1000000,
Cold Start: false
Unique ID: 7120ff9f7382d5a657545944d8abfba4,
Execution Time for Trace ID 7120ff9f7382d5a657545944d8abfba4: 77 ms
Input: 1000000,
Cold Start: false
Unique ID: 523af39449da4a35663f5870e113619b,
Execution Time for Trace ID 523af39449da4a35663f5870e113619b: 70 ms
Input: 1000000,
Cold Start: false
Unique ID: 9029c21fa2cf256a375be936c3d57a9e,
Execution Time for Trace ID 9029c21fa2cf256a375be936c3d57a9e: 29 ms
Input: 1000000,
Cold Start: false
Unique ID: 6e11c559a7d84607da91b5ba5d95b60a,
Execution Time for Trace ID 6e11c559a7d84607da91b5ba5d95b60a: 79 ms
Input: 1000000,
Cold Start: false
Unique ID: 278d69175cc2a6359c0fb7895f285ee8,
Execution Time for Trace ID 278d69175cc2a6359c0fb7895f285ee8: 73 ms
Input: 1000000,
Cold Start: false
Unique ID: 537b1e13c7ca2597fec21a702437ff22,
Execution Time for Trace ID 537b1e13c7ca2597fec21a702437ff22: 78 ms
Input: 1000000,
Cold Start: false
Unique ID: e7f7ef3a4c86a469e463df7ae96d874f,
Execution Time for Trace ID e7f7ef3a4c86a469e463df7ae96d874f: 64 ms
Input: 1000000,
Cold Start: false
Unique ID: 1b2431d516603d2e3200a0c052ae56ec,
Execution Time for Trace ID 1b2431d516603d2e3200a0c052ae56ec: 64 ms
Input: 1000000,
Cold Start: false
Unique ID: 922b7a4488ca6535223c0678efb51f65,
Execution Time for Trace ID 922b7a4488ca6535223c0678efb51f65: 49 ms
Input: 1000000,
Cold Start: false
Unique ID: 85e3a7ab4e15bf53c8120bcbed18fb72,
Execution Time for Trace ID 85e3a7ab4e15bf53c8120bcbed18fb72: 71 ms
Input: 1000000,
Cold Start: false
Unique ID: 568692758c1af4231fa4e7ef276ae479,
Execution Time for Trace ID 568692758c1af4231fa4e7ef276ae479: 75 ms
Input: 1000000,
Cold Start: false
Unique ID: 72b7a42ebd237476ed3a18cb64b1539c,
Execution Time for Trace ID 72b7a42ebd237476ed3a18cb64b1539c: 65 ms
Input: 1000000,
Cold Start: false
Unique ID: e3f3c4c340819b6dc9580a4f8cfa34d4,
Execution Time for Trace ID e3f3c4c340819b6dc9580a4f8cfa34d4: 29 ms
Input: 1000000,
Cold Start: false
Unique ID: a19273ab4ca94337f2c953468fe01af0,
Execution Time for Trace ID a19273ab4ca94337f2c953468fe01af0: 62 ms
Input: 1000000,
Cold Start: false
Unique ID: fcaebf206616835acbf016c97c06c849,
Execution Time for Trace ID fcaebf206616835acbf016c97c06c849: 63 ms
Input: 1000000,
Cold Start: false
Unique ID: 6503e77cc8708fb430f322e210018d1b,
Execution Time for Trace ID 6503e77cc8708fb430f322e210018d1b: 66 ms
Input: 1000000,
Cold Start: false
Unique ID: 5dd1081aa5f61e766b463b6d0bc201a7,
Execution Time for Trace ID 5dd1081aa5f61e766b463b6d0bc201a7: 74 ms
Input: 1000000,
Cold Start: false
Unique ID: d1e5e42489e0d791011ff200d76520db,
Execution Time for Trace ID d1e5e42489e0d791011ff200d76520db: 65 ms
Input: 1000000,
Cold Start: false
Unique ID: 7f4c4db3a1724625e9fc0b3b526615c7,
Execution Time for Trace ID 7f4c4db3a1724625e9fc0b3b526615c7: 73 ms
Input: 1000000,
Cold Start: false
Unique ID: 21228b572602352dd5fda98aab767bf5,
Execution Time for Trace ID 21228b572602352dd5fda98aab767bf5: 71 ms
Input: 1000000,
Cold Start: false
Unique ID: 257882ea39038fcec21f2b7415c40cd2,
Execution Time for Trace ID 257882ea39038fcec21f2b7415c40cd2: 65 ms
Input: 1000000,
Cold Start: false
Unique ID: cf82555dc95dd2af94ca19c4c3d3405a,
Execution Time for Trace ID cf82555dc95dd2af94ca19c4c3d3405a: 80 ms
Input: 1000000,
Cold Start: false
Unique ID: bf637b3e6b3615d13e2df5653aaea829,
Execution Time for Trace ID bf637b3e6b3615d13e2df5653aaea829: 31 ms
Input: 1000000,
Cold Start: false
Unique ID: fdf56cd4763e228e7d52acd8c6f439cd,
Execution Time for Trace ID fdf56cd4763e228e7d52acd8c6f439cd: 40 ms
Input: 1000000,
Cold Start: false
Unique ID: b23c855a86723c04d42b08b32e9b2922,
Execution Time for Trace ID b23c855a86723c04d42b08b32e9b2922: 30 ms
Input: 1000000,
Cold Start: false
Unique ID: dd21c0b71f93627d61ec335455981062,
Execution Time for Trace ID dd21c0b71f93627d61ec335455981062: 47 ms
Input: 1000000,
Cold Start: false
Unique ID: ccb4a9610217240a9fe04cfdbb799ffc,
Execution Time for Trace ID ccb4a9610217240a9fe04cfdbb799ffc: 41 ms
Input: 1000000,
Cold Start: false
Unique ID: 25dd79b254eb567879ad380ae89a5b30,
Execution Time for Trace ID 25dd79b254eb567879ad380ae89a5b30: 41 ms
Input: 1000000,
Cold Start: false
Unique ID: 3ea346567bcfd2b451f54904acf85641,
Execution Time for Trace ID 3ea346567bcfd2b451f54904acf85641: 47 ms
Input: 1000000,
Cold Start: false
Unique ID: b486d96d95965b23cc32292919c62e3d,
Execution Time for Trace ID b486d96d95965b23cc32292919c62e3d: 44 ms
Input: 1000000,
Cold Start: false
Unique ID: be2e1204698bcf03b22967914632f03d,
Execution Time for Trace ID be2e1204698bcf03b22967914632f03d: 42 ms
Input: 1000000,
Cold Start: false
Unique ID: 3aabe129b188d032db57dc423453f9c8,
Execution Time for Trace ID 3aabe129b188d032db57dc423453f9c8: 56 ms
Input: 1000000,
Cold Start: false
Unique ID: 48e0d9043deccdb00dea4ea15c4c9b20,
Execution Time for Trace ID 48e0d9043deccdb00dea4ea15c4c9b20: 54 ms
Input: 1000000,
Cold Start: false
Unique ID: 96f9ecb3cf36aa3e645ab1b167e9649b,
Execution Time for Trace ID 96f9ecb3cf36aa3e645ab1b167e9649b: 43 ms
Input: 1000000,
Cold Start: false
Unique ID: 3cd6d02536fc5e54569e889f68d907b7,
Execution Time for Trace ID 3cd6d02536fc5e54569e889f68d907b7: 43 ms
Input: 1000000,
Cold Start: false
Unique ID: c268901620b7ef9a0f66ee0ea5441943,
Execution Time for Trace ID c268901620b7ef9a0f66ee0ea5441943: 36 ms
Input: 1000000,
Cold Start: false
Unique ID: b98b0023098bd965c6339854031f5559,
Execution Time for Trace ID b98b0023098bd965c6339854031f5559: 54 ms
Input: 1000000,
Cold Start: false
Unique ID: f8828fc3fc6e82305c2093c4780ec335,
Execution Time for Trace ID f8828fc3fc6e82305c2093c4780ec335: 204 ms
Input: 1000000,
Cold Start: false
Unique ID: 48fdbe21ee4b64d13691ee32f0cfb601,
Execution Time for Trace ID 48fdbe21ee4b64d13691ee32f0cfb601: 31 ms
Input: 1000000,
Cold Start: false
Unique ID: 8f6c596cb57b97315489d87dd0fa0a54,
Execution Time for Trace ID 8f6c596cb57b97315489d87dd0fa0a54: 42 ms
Input: 1000000,
Cold Start: false
Unique ID: 9e4bad83248720326cb11a9da2fe3782,
Execution Time for Trace ID 9e4bad83248720326cb11a9da2fe3782: 46 ms
Input: 1000000,
Cold Start: false
Unique ID: 3f4eb7335d0b972331f2259aa0d73917,
Execution Time for Trace ID 3f4eb7335d0b972331f2259aa0d73917: 48 ms
Input: 1000000,
Cold Start: false
Unique ID: 3723a18ce84f2d54b44514a503885b4e,
Execution Time for Trace ID 3723a18ce84f2d54b44514a503885b4e: 73 ms
Input: 1000000,
Cold Start: false
Unique ID: f0519ae45f0b84dafa8ed49188b0838c,
Execution Time for Trace ID f0519ae45f0b84dafa8ed49188b0838c: 71 ms
Input: 1000000,
Cold Start: false
Unique ID: 747f19c988c17a8f3ae224eb707b4755,
Execution Time for Trace ID 747f19c988c17a8f3ae224eb707b4755: 51 ms
Input: 1000000,
Cold Start: false
Unique ID: ed6585ca7ff0139f78f6340cf511f5af,
Execution Time for Trace ID ed6585ca7ff0139f78f6340cf511f5af: 43 ms
Input: 1000000,
Cold Start: false
Unique ID: ecd1c076e8a5068f23b06cbd288d8811,
Execution Time for Trace ID ecd1c076e8a5068f23b06cbd288d8811: 43 ms
Input: 1000000,
Cold Start: false
Unique ID: 8f41dac6b28e3ded0e47ccf5fb3b98f8,
Execution Time for Trace ID 8f41dac6b28e3ded0e47ccf5fb3b98f8: 38 ms
Input: 1000000,
Cold Start: false
Unique ID: bb4dec7ac1ae68a29b3360e756053ba4,
Execution Time for Trace ID bb4dec7ac1ae68a29b3360e756053ba4: 48 ms
Input: 1000000,
Cold Start: false
Unique ID: 004ff6300e363bdd35c422e5abef501d,
Execution Time for Trace ID 004ff6300e363bdd35c422e5abef501d: 30 ms
Input: 1000000,
Cold Start: false
Unique ID: c5c21b63e0638de9ce5d9280ebc856b5,
Execution Time for Trace ID c5c21b63e0638de9ce5d9280ebc856b5: 47 ms
Input: 1000000,
Cold Start: false
Unique ID: 469f071637523dee47c0af4bb330e0c8,
Execution Time for Trace ID 469f071637523dee47c0af4bb330e0c8: 32 ms
Input: 1000000,
Cold Start: false
Unique ID: fa21e41f0ee61030ddb04430d20c14c4,
Execution Time for Trace ID fa21e41f0ee61030ddb04430d20c14c4: 47 ms
Input: 1000000,
Cold Start: false
Unique ID: 649bc867b3c6f1ece443ef5d6e0058c8,
Execution Time for Trace ID 649bc867b3c6f1ece443ef5d6e0058c8: 48 ms
Input: 1000000,
Cold Start: false
Unique ID: 19bc738aae29ab1a44b092b901804b6f,
Execution Time for Trace ID 19bc738aae29ab1a44b092b901804b6f: 40 ms
Input: 1000000,
Cold Start: false
Unique ID: f2a669cb8984e15f0a0cc32aa12a47e6,
Execution Time for Trace ID f2a669cb8984e15f0a0cc32aa12a47e6: 29 ms
Input: 1000000,
Cold Start: false
Unique ID: aa630051026e12d839ef1d3b8cf878ec,
Execution Time for Trace ID aa630051026e12d839ef1d3b8cf878ec: 49 ms
Input: 1000000,
Cold Start: false
Unique ID: 9d3b9be82623394328662e4ace4185b7,
Execution Time for Trace ID 9d3b9be82623394328662e4ace4185b7: 36 ms
Input: 1000000,
Cold Start: false
Unique ID: 7c34b1c1623fab0bb704d759d500acd3,
Execution Time for Trace ID 7c34b1c1623fab0bb704d759d500acd3: 42 ms
Input: 1000000,
Cold Start: false
Unique ID: c11c0d304fa6b6055142ea6c16d7424d,
Execution Time for Trace ID c11c0d304fa6b6055142ea6c16d7424d: 42 ms
Input: 1000000,
Cold Start: false
Unique ID: d60e01bf0d520dc6c064c46f7be92b6e,
Execution Time for Trace ID d60e01bf0d520dc6c064c46f7be92b6e: 47 ms
Input: 1000000,
Cold Start: false
Unique ID: c20f020d2879826b2d70257754c57349,
Execution Time for Trace ID c20f020d2879826b2d70257754c57349: 44 ms
Input: 1000000,
Cold Start: false
Unique ID: 173df06ca5af57c717a844a19e032280,
Execution Time for Trace ID 173df06ca5af57c717a844a19e032280: 45 ms
Input: 1000000,
Cold Start: false
Unique ID: 09eeab5397bc58633c728b1c3238436f,
Execution Time for Trace ID 09eeab5397bc58633c728b1c3238436f: 31 ms
Input: 1000000,
Cold Start: false
Unique ID: 7b128080cc4c47c7a9e15ba6c4e508d1,
Execution Time for Trace ID 7b128080cc4c47c7a9e15ba6c4e508d1: 45 ms
Input: 1000000,
Cold Start: false
Unique ID: a9392dd91861082f7a5eda0816e24263,
Execution Time for Trace ID a9392dd91861082f7a5eda0816e24263: 49 ms
Input: 1000000,
Cold Start: false
Unique ID: 53c6d3b11b29bdaeff3d3304ae003983,
Execution Time for Trace ID 53c6d3b11b29bdaeff3d3304ae003983: 45 ms
Input: 1000000,
Cold Start: false
Unique ID: 194efaa27e76c6cb75e913495acf5c2c,
Execution Time for Trace ID 194efaa27e76c6cb75e913495acf5c2c: 40 ms
Input: 1000000,
Cold Start: false
Unique ID: 12a7c379c28378e6492e5a7452b690f3,
Execution Time for Trace ID 12a7c379c28378e6492e5a7452b690f3: 49 ms
Input: 1000000,
Cold Start: false
Unique ID: a2758539d3896d007b97d73a53a2f6ba,
Execution Time for Trace ID a2758539d3896d007b97d73a53a2f6ba: 42 ms
Input: 1000000,
Cold Start: false
Unique ID: c810dda45f29a36b23a231b9c8b56296,
Execution Time for Trace ID c810dda45f29a36b23a231b9c8b56296: 47 ms
Input: 1000000,
Cold Start: false
Unique ID: cc00ca807742b7b6cc0f3ed26a92c43f,
Execution Time for Trace ID cc00ca807742b7b6cc0f3ed26a92c43f: 43 ms
Input: 1000000,
Cold Start: false
Unique ID: a2e1027a31c8f32dfbcc9e3ab27558eb,
Execution Time for Trace ID a2e1027a31c8f32dfbcc9e3ab27558eb: 45 ms
Input: 1000000,
Cold Start: false
Unique ID: 4d3ad4d09ea6f3a343f9cad6f46f60ca,
Execution Time for Trace ID 4d3ad4d09ea6f3a343f9cad6f46f60ca: 29 ms
Input: 1000000,
Cold Start: false
Unique ID: eafc41e03febec665c293cb9790ca7f2,
Execution Time for Trace ID eafc41e03febec665c293cb9790ca7f2: 46 ms
Input: 1000000,
Cold Start: false
Unique ID: a92522112108f80ee5d689cdf083b9b0,
Execution Time for Trace ID a92522112108f80ee5d689cdf083b9b0: 45 ms
Input: 1000000,
Cold Start: false
Unique ID: e52a1e9ea4edc81f329e8bf7fd8554cc,
Execution Time for Trace ID e52a1e9ea4edc81f329e8bf7fd8554cc: 45 ms
Input: 1000000,
Cold Start: false
Unique ID: e3c85e4872688db22d7f258f577a6859,
Execution Time for Trace ID e3c85e4872688db22d7f258f577a6859: 39 ms
Input: 1000000,
Cold Start: false
Unique ID: 9fe711515bb695c99a9de9bb10ecbfd4,
Execution Time for Trace ID 9fe711515bb695c99a9de9bb10ecbfd4: 45 ms
Input: 1000000,
Cold Start: false
Unique ID: d0efc200616dc9aa71b6d0317f7844e6,
Execution Time for Trace ID d0efc200616dc9aa71b6d0317f7844e6: 46 ms
Input: 1000000,
Cold Start: false
Unique ID: f9c3fb79271c6d56861b9511be7dacbd,
Execution Time for Trace ID f9c3fb79271c6d56861b9511be7dacbd: 46 ms
Input: 1000000,
Cold Start: false
Unique ID: c138410d30b260d794f1e120baac4ac9,
Execution Time for Trace ID c138410d30b260d794f1e120baac4ac9: 36 ms
Input: 1000000,
Cold Start: false
Unique ID: 4d9aac1fd18946e28cb93008cbf3d5c6,
Execution Time for Trace ID 4d9aac1fd18946e28cb93008cbf3d5c6: 47 ms
Input: 1000000,
Cold Start: false
Unique ID: 12eef7c830317da169e8942b02b88dc7,
Execution Time for Trace ID 12eef7c830317da169e8942b02b88dc7: 39 ms
Input: 1000000,
Cold Start: false
Unique ID: a7bfefa307f93425d9a1c2a22ea07832,
Execution Time for Trace ID a7bfefa307f93425d9a1c2a22ea07832: 43 ms
Input: 1000000,
Cold Start: false
Unique ID: 0d8fa0700f2b86fb615821e8878e2dd1,
Execution Time for Trace ID 0d8fa0700f2b86fb615821e8878e2dd1: 28 ms
Input: 1000000,
Cold Start: false
Unique ID: 3752b9917a3f0456a37b949cfa69c255,
Execution Time for Trace ID 3752b9917a3f0456a37b949cfa69c255: 41 ms
Input: 1000000,
Cold Start: false
Unique ID: 42e13d587026f80c6f47e11777146689,
Execution Time for Trace ID 42e13d587026f80c6f47e11777146689: 43 ms
Input: 1000000,
Cold Start: false
Unique ID: 9c0b64c084a9025b1954aa01afeab982,
Execution Time for Trace ID 9c0b64c084a9025b1954aa01afeab982: 43 ms
Input: 1000000,
Cold Start: false
Unique ID: cfda57fe51b0b31e37ce54e7ca707e26,
Execution Time for Trace ID cfda57fe51b0b31e37ce54e7ca707e26: 29 ms
Input: 1000000,
Cold Start: false
Unique ID: d3b533291c3c2aef5069e92622426d0f,
Execution Time for Trace ID d3b533291c3c2aef5069e92622426d0f: 45 ms
Input: 1000000,
Cold Start: false
Unique ID: c048a524f4dcb9a6c51943a547e1934a,
Execution Time for Trace ID c048a524f4dcb9a6c51943a547e1934a: 45 ms
Input: 1000000,
Cold Start: false
Unique ID: 71dc4269aecda49561a1ff0beaa67dee,
Execution Time for Trace ID 71dc4269aecda49561a1ff0beaa67dee: 52 ms
Input: 1000000,
Cold Start: false
Unique ID: 4a88a14529a33484950a3b4bcac796be,
Execution Time for Trace ID 4a88a14529a33484950a3b4bcac796be: 42 ms
Input: 1000000,
Cold Start: false
Unique ID: c2801b5a5617b28dc3919e4adf9da188,
Execution Time for Trace ID c2801b5a5617b28dc3919e4adf9da188: 31 ms
Input: 1000000,
Cold Start: false
Unique ID: ae1bfaa36806d86557afd81947507a72,
Execution Time for Trace ID ae1bfaa36806d86557afd81947507a72: 29 ms
Input: 1000000,
Cold Start: false
Unique ID: 11e09a47eba5f57ff9c38ed173f45af6,
Execution Time for Trace ID 11e09a47eba5f57ff9c38ed173f45af6: 32 ms
Input: 1000000,
Cold Start: false
Unique ID: fd6c77583095dfe25eee0e6a0cfa5984,
Execution Time for Trace ID fd6c77583095dfe25eee0e6a0cfa5984: 29 ms
Input: 1000000,
Cold Start: false
Unique ID: 6ffb0566cd33e30c6b9ebee73958ae5e,
Execution Time for Trace ID 6ffb0566cd33e30c6b9ebee73958ae5e: 47 ms
Input: 1000000,
Cold Start: false
Unique ID: b4c5c217ae547a2e518971c879d5a5c1,
Execution Time for Trace ID b4c5c217ae547a2e518971c879d5a5c1: 42 ms
Input: 1000000,
Cold Start: false
Unique ID: dfec1e0d6d760ab996dea3a059586405,
Execution Time for Trace ID dfec1e0d6d760ab996dea3a059586405: 36 ms
Input: 1000000,
Cold Start: false
Unique ID: ccfd5eeb78004e6b2b25e674aa3e2857,
Execution Time for Trace ID ccfd5eeb78004e6b2b25e674aa3e2857: 39 ms
Input: 1000000,
Cold Start: false
Unique ID: bdcfde5ccaaaa88b8e9b767b4b1001d2,
Execution Time for Trace ID bdcfde5ccaaaa88b8e9b767b4b1001d2: 38 ms
Input: 1000000,
Cold Start: false
Unique ID: 750fe8eac16f580ea2ae6c44321c7862,
Execution Time for Trace ID 750fe8eac16f580ea2ae6c44321c7862: 30 ms
Input: 1000000,
Cold Start: false
Unique ID: cfe1e5889cd0b36b902b2897ab05423f,
Execution Time for Trace ID cfe1e5889cd0b36b902b2897ab05423f: 48 ms
Input: 1000000,
Cold Start: false
Unique ID: 22387eb543d21e0894d848a9112d72af,
Execution Time for Trace ID 22387eb543d21e0894d848a9112d72af: 29 ms
Input: 1000000,
Cold Start: false
Unique ID: ef9548a68bb3955a9eafd2487caca303,
Execution Time for Trace ID ef9548a68bb3955a9eafd2487caca303: 40 ms
Input: 1000000,
Cold Start: false
Unique ID: e3b9d463fddd7c3f801b805950a85f2f,
Execution Time for Trace ID e3b9d463fddd7c3f801b805950a85f2f: 30 ms
Input: 1000000,
Cold Start: false
Unique ID: ea99aaf136754405b6f96c33280ae208,
Execution Time for Trace ID ea99aaf136754405b6f96c33280ae208: 42 ms
Input: 1000000,
Cold Start: false
Unique ID: 1a279e4fd98448821093bec3bfeec1d5,
Execution Time for Trace ID 1a279e4fd98448821093bec3bfeec1d5: 39 ms
Input: 1000000,
Cold Start: false
Unique ID: efb6084abd35b78f7ca41d3e9b96499e,
Execution Time for Trace ID efb6084abd35b78f7ca41d3e9b96499e: 43 ms
Input: 1000000,
Cold Start: false
Unique ID: 3a82ce7607dd54b15ab0d93d84d04950,
Execution Time for Trace ID 3a82ce7607dd54b15ab0d93d84d04950: 29 ms
Input: 1000000,
Cold Start: false
Unique ID: b9832fbc1d5e0f4d1c65e5bd4697e2f4,
Execution Time for Trace ID b9832fbc1d5e0f4d1c65e5bd4697e2f4: 39 ms
Input: 1000000,
Cold Start: false
Unique ID: cad4eb178b7644ace3725881d4451492,
Execution Time for Trace ID cad4eb178b7644ace3725881d4451492: 40 ms
Input: 1000000,
Cold Start: false
Unique ID: 37fcb0c4a85082c337fef86d5886d594,
Execution Time for Trace ID 37fcb0c4a85082c337fef86d5886d594: 40 ms
Input: 1000000,
Cold Start: false
Unique ID: edd647a1090fae8cf9a59fc894d2b914,
Execution Time for Trace ID edd647a1090fae8cf9a59fc894d2b914: 28 ms
Input: 1000000,
Cold Start: false
Unique ID: da027be09a728d14afe12223e50d5483,
Execution Time for Trace ID da027be09a728d14afe12223e50d5483: 44 ms
Input: 1000000,
Cold Start: false
Unique ID: b4321139e061f885c97b1789d05ded6a,
Execution Time for Trace ID b4321139e061f885c97b1789d05ded6a: 41 ms
Input: 1000000,
Cold Start: false
Unique ID: af3ae1bc8c89451427da4b70029fbf13,
Execution Time for Trace ID af3ae1bc8c89451427da4b70029fbf13: 50 ms
Input: 1000000,
Cold Start: false
Unique ID: 559bdd4f430b13cf28ad30827fba1295,
Execution Time for Trace ID 559bdd4f430b13cf28ad30827fba1295: 41 ms
Input: 1000000,
Cold Start: false
Unique ID: ba10df9f47af11ec976b4c8681dc806a,
Execution Time for Trace ID ba10df9f47af11ec976b4c8681dc806a: 50 ms
Input: 1000000,
Cold Start: false
Unique ID: 2cec13a90f47f442c96468e512691991,
Execution Time for Trace ID 2cec13a90f47f442c96468e512691991: 32 ms
Input: 1000000,
Cold Start: false
Unique ID: b8328449b9e002c83b8bb0ac7d7880d5,
Execution Time for Trace ID b8328449b9e002c83b8bb0ac7d7880d5: 48 ms
Input: 1000000,
Cold Start: false
Unique ID: b46d359dba33989e5f10c5359eb8ebc2,
Execution Time for Trace ID b46d359dba33989e5f10c5359eb8ebc2: 60 ms
Input: 1000000,
Cold Start: false
Unique ID: cd94df6132e9d32d538e282d9a8bb45e,
Execution Time for Trace ID cd94df6132e9d32d538e282d9a8bb45e: 30 ms
Input: 1000000,
Cold Start: false
Unique ID: ff09cfeeb5d73c1dd990d13349d938b0,
Execution Time for Trace ID ff09cfeeb5d73c1dd990d13349d938b0: 73 ms
Input: 1000000,
Cold Start: false
Unique ID: 30b2b9c78d3dd13672c7a10c98a27a91,
Execution Time for Trace ID 30b2b9c78d3dd13672c7a10c98a27a91: 70 ms
Input: 1000000,
Cold Start: false
Unique ID: 65a82cedce7af593785fdf928a8c51b4,
Execution Time for Trace ID 65a82cedce7af593785fdf928a8c51b4: 83 ms
Input: 1000000,
Cold Start: false
Unique ID: 804911af327a12c3b36bd8e68cc79d16,
Execution Time for Trace ID 804911af327a12c3b36bd8e68cc79d16: 81 ms
Input: 1000000,
Cold Start: false
Unique ID: faa85c8b2c19b10b3c713024c2dbdfb0,
Execution Time for Trace ID faa85c8b2c19b10b3c713024c2dbdfb0: 73 ms
Input: 1000000,
Cold Start: false
Unique ID: 04cfe5bb4e0214a04457906ca240e525,
Execution Time for Trace ID 04cfe5bb4e0214a04457906ca240e525: 29 ms
Input: 1000000,
Cold Start: false
Unique ID: ba0d473352ea43d050bd2f9082c4cd62,
Execution Time for Trace ID ba0d473352ea43d050bd2f9082c4cd62: 81 ms
Input: 1000000,
Cold Start: false
Unique ID: 632db466119fa59b74d61fdba7fbf6bf,
Execution Time for Trace ID 632db466119fa59b74d61fdba7fbf6bf: 69 ms
Input: 1000000,
Cold Start: false
Unique ID: 2ce8f29f946b4ed19278701064d08971,
Execution Time for Trace ID 2ce8f29f946b4ed19278701064d08971: 85 ms
Input: 1000000,
Cold Start: false
Unique ID: 5533da89163a4fba673ba483a73c6dfa,
Execution Time for Trace ID 5533da89163a4fba673ba483a73c6dfa: 74 ms
Input: 1000000,
Cold Start: false
Unique ID: 89c0b5413c77197289f02be484c26dd5,
Execution Time for Trace ID 89c0b5413c77197289f02be484c26dd5: 76 ms
Input: 1000000,
Cold Start: false
Unique ID: 2232c73ded217f611ae0948041ce8073,
Execution Time for Trace ID 2232c73ded217f611ae0948041ce8073: 84 ms
Input: 1000000,
Cold Start: false
Unique ID: 32a6fb5511f0ec5954f79d0d93252665,
Execution Time for Trace ID 32a6fb5511f0ec5954f79d0d93252665: 75 ms
Input: 1000000,
Cold Start: false
Unique ID: 57f26073615b44a40990b410eeaa2ff7,
Execution Time for Trace ID 57f26073615b44a40990b410eeaa2ff7: 73 ms
Input: 1000000,
Cold Start: false
Unique ID: 44da54b5a2745e7f1cd8c6c3b87f8c5e,
Execution Time for Trace ID 44da54b5a2745e7f1cd8c6c3b87f8c5e: 80 ms
Input: 1000000,
Cold Start: false
Unique ID: 54a520c55deca1ead72fb9cfcde5a447,
Execution Time for Trace ID 54a520c55deca1ead72fb9cfcde5a447: 31 ms
Input: 1000000,
Cold Start: false
Unique ID: 31c35da94c12ae3863e62d32a2230652,
Execution Time for Trace ID 31c35da94c12ae3863e62d32a2230652: 79 ms
Input: 1000000,
Cold Start: false
Unique ID: 6522c4681e27a7a4c02a53605e90651b,
Execution Time for Trace ID 6522c4681e27a7a4c02a53605e90651b: 79 ms
Input: 1000000,
Cold Start: false
Unique ID: 5a02998aec1cefd1a11a030c5071be55,
Execution Time for Trace ID 5a02998aec1cefd1a11a030c5071be55: 79 ms
Input: 1000000,
Cold Start: false
Unique ID: 5eaf44ef6f0e377749a90a3a3b0fb349,
Execution Time for Trace ID 5eaf44ef6f0e377749a90a3a3b0fb349: 70 ms
Input: 1000000,
Cold Start: false
Unique ID: 8e96d98696dec33c1d31a07da06cd695,
Execution Time for Trace ID 8e96d98696dec33c1d31a07da06cd695: 35 ms
Input: 1000000,
Cold Start: false
Unique ID: f616ae4d0913db26e6e6cb8c780a30f7,
Execution Time for Trace ID f616ae4d0913db26e6e6cb8c780a30f7: 43 ms
Input: 1000000,
Cold Start: false
Unique ID: a0525d36c89d1566b1786c694210b3cb,
Execution Time for Trace ID a0525d36c89d1566b1786c694210b3cb: 30 ms
Input: 1000000,
Cold Start: false
Unique ID: 222aff797cf5bcc4a590b789a68556b0,
Execution Time for Trace ID 222aff797cf5bcc4a590b789a68556b0: 43 ms
Input: 1000000,
Cold Start: false
Unique ID: 71c76ad15a33b67fc99c621236c55a04,
Execution Time for Trace ID 71c76ad15a33b67fc99c621236c55a04: 71 ms
Input: 1000000,
Cold Start: false
Unique ID: ecfa6cd189c0f381e043b37c916797b7,
Execution Time for Trace ID ecfa6cd189c0f381e043b37c916797b7: 72 ms
Input: 1000000,
Cold Start: false
Unique ID: c597ac219319d1b94ed3fbb3fd4b8fda,
Execution Time for Trace ID c597ac219319d1b94ed3fbb3fd4b8fda: 75 ms
Input: 1000000,
Cold Start: false
Unique ID: 030f1b5879c89c18fdc550fafde764dd,
Execution Time for Trace ID 030f1b5879c89c18fdc550fafde764dd: 84 ms
Input: 1000000,
Cold Start: false
Unique ID: 8f29fb17820d591d25bca3d1fa1cf092,
Execution Time for Trace ID 8f29fb17820d591d25bca3d1fa1cf092: 80 ms
Input: 1000000,
Cold Start: false
Unique ID: 40b14ac105d7b5ba0ef19add5d618925,
Execution Time for Trace ID 40b14ac105d7b5ba0ef19add5d618925: 79 ms
Input: 1000000,
Cold Start: false
Unique ID: d8cad70284bafa2ca8f2d0b287d1d562,
Execution Time for Trace ID d8cad70284bafa2ca8f2d0b287d1d562: 30 ms
Input: 1000000,
Cold Start: false
Unique ID: 94c5e773f9fc0b86deefd29a71486523,
Execution Time for Trace ID 94c5e773f9fc0b86deefd29a71486523: 77 ms
Input: 1000000,
Cold Start: false
Unique ID: 36dc7af31ea55017ac62d413f6bbe602,
Execution Time for Trace ID 36dc7af31ea55017ac62d413f6bbe602: 79 ms
Input: 1000000,
Cold Start: false
Unique ID: c8004781b0c995bed2e70baf6dc32425,
Execution Time for Trace ID c8004781b0c995bed2e70baf6dc32425: 78 ms
Input: 1000000,
Cold Start: false
Unique ID: ce4700c2bdef05dfb2c40cf4187e083a,
Execution Time for Trace ID ce4700c2bdef05dfb2c40cf4187e083a: 78 ms
Input: 1000000,
Cold Start: false
Unique ID: 8645679722cc4bd9f51cf197f2d12454,
Execution Time for Trace ID 8645679722cc4bd9f51cf197f2d12454: 69 ms
Input: 1000000,
Cold Start: false
Unique ID: 450c3a3fe6b194c5a39e0ea332df7401,
Execution Time for Trace ID 450c3a3fe6b194c5a39e0ea332df7401: 73 ms
Input: 1000000,
Cold Start: false
Unique ID: c1f1a7062be0ac20283f2c35a68c871c,
Execution Time for Trace ID c1f1a7062be0ac20283f2c35a68c871c: 29 ms
Input: 1000000,
Cold Start: false
Unique ID: 6ea4eebc03d185108e58ebe36f673e94,
Execution Time for Trace ID 6ea4eebc03d185108e58ebe36f673e94: 28 ms
Input: 1000000,
Cold Start: false
Unique ID: 1a170a50ff9efc5a4ab23047d410d682,
Execution Time for Trace ID 1a170a50ff9efc5a4ab23047d410d682: 76 ms
Input: 1000000,
Cold Start: false
Unique ID: d75fcbf94c525bf5a8d26d1ecbbec2f9,
Execution Time for Trace ID d75fcbf94c525bf5a8d26d1ecbbec2f9: 29 ms
Input: 1000000,
Cold Start: false
Unique ID: 38797b73711f4efe2e765bd71a44e102,
Execution Time for Trace ID 38797b73711f4efe2e765bd71a44e102: 81 ms
Input: 1000000,
Cold Start: false
Unique ID: e32f37ebf524bee813d5ffd40a6ebd00,
Execution Time for Trace ID e32f37ebf524bee813d5ffd40a6ebd00: 75 ms
Input: 1000000,
Cold Start: false
Unique ID: 37578403f72a1d9da002ec2d30128914,
Execution Time for Trace ID 37578403f72a1d9da002ec2d30128914: 76 ms
Input: 1000000,
Cold Start: false
Unique ID: 6becf1b931ad2c7cddd7461cf9c2af51,
Execution Time for Trace ID 6becf1b931ad2c7cddd7461cf9c2af51: 73 ms
Input: 1000000,
Cold Start: false
Unique ID: e3b65ddc9110a8348be271c2f1e4bef3,
Execution Time for Trace ID e3b65ddc9110a8348be271c2f1e4bef3: 71 ms
Input: 1000000,
Cold Start: false
Unique ID: ca79d60ed8a0257a4c60a85bd691cbdd,
Execution Time for Trace ID ca79d60ed8a0257a4c60a85bd691cbdd: 71 ms
Input: 1000000,
Cold Start: false
Unique ID: c27162bcc15fe62ac96b9c7ec6cbbf1d,
Execution Time for Trace ID c27162bcc15fe62ac96b9c7ec6cbbf1d: 84 ms
Input: 1000000,
Cold Start: false
Unique ID: 34239d6e9563fe4b6b68221ba8955151,
Execution Time for Trace ID 34239d6e9563fe4b6b68221ba8955151: 86 ms
Input: 1000000,
Cold Start: false
Unique ID: c2ab4264bb2aa1abd3e4ec1316bd00c1,
Execution Time for Trace ID c2ab4264bb2aa1abd3e4ec1316bd00c1: 71 ms
Input: 1000000,
Cold Start: false
Unique ID: 14133d5627bfa392bfd14e62af266cbd,
Execution Time for Trace ID 14133d5627bfa392bfd14e62af266cbd: 28 ms
Input: 1000000,
Cold Start: false
Unique ID: 0a63e3b14d98c52566873d8384ab33f3,
Execution Time for Trace ID 0a63e3b14d98c52566873d8384ab33f3: 73 ms
Input: 1000000,
Cold Start: false
Unique ID: 966a6d953a96f25baff2121d2a2fb831,
Execution Time for Trace ID 966a6d953a96f25baff2121d2a2fb831: 28 ms
Input: 1000000,
Cold Start: false
Unique ID: 06d943f82d037f202428997764c23f15,
Execution Time for Trace ID 06d943f82d037f202428997764c23f15: 78 ms
Input: 1000000,
Cold Start: false
Unique ID: 136a99fc8aff20a47aeb1955b78dac81,
Execution Time for Trace ID 136a99fc8aff20a47aeb1955b78dac81: 28 ms
Input: 1000000,
Cold Start: false
Unique ID: 28b388e0a0a3c230b1c4958dad4720ee,
Execution Time for Trace ID 28b388e0a0a3c230b1c4958dad4720ee: 73 ms
Input: 1000000,
Cold Start: false
Unique ID: fcbe3dcb12f5f70835b754108c3ed65b,
Execution Time for Trace ID fcbe3dcb12f5f70835b754108c3ed65b: 78 ms
Input: 1000000,
Cold Start: false
Unique ID: a84824d2677c47da88aec945e6a8187e,
Execution Time for Trace ID a84824d2677c47da88aec945e6a8187e: 75 ms
Input: 1000000,
Cold Start: false
Unique ID: 1cf1e29fb1383aecc4e490b9bb614d23,
Execution Time for Trace ID 1cf1e29fb1383aecc4e490b9bb614d23: 74 ms
Input: 1000000,
Cold Start: false
Unique ID: 940fbba8680cb60e102bb62d43ca867c,
Execution Time for Trace ID 940fbba8680cb60e102bb62d43ca867c: 87 ms
Input: 1000000,
Cold Start: false
Unique ID: 5009b0293eb37810654be0deb0686ff6,
Execution Time for Trace ID 5009b0293eb37810654be0deb0686ff6: 56 ms
Input: 1000000,
Cold Start: false
Unique ID: bea1e2cd34f9ac1a9070c14a72e622f5,
Execution Time for Trace ID bea1e2cd34f9ac1a9070c14a72e622f5: 74 ms
Input: 1000000,
Cold Start: false
Unique ID: 20053c7d6c254a94b119e7a5b1acfd20,
Execution Time for Trace ID 20053c7d6c254a94b119e7a5b1acfd20: 74 ms
Input: 1000000,
Cold Start: false
Unique ID: cd9a6ee56d8c00efdb71617dd888ed5c,
Execution Time for Trace ID cd9a6ee56d8c00efdb71617dd888ed5c: 77 ms
Input: 1000000,
Cold Start: false
Unique ID: b3e646c4848607e028917421caeee545,
Execution Time for Trace ID b3e646c4848607e028917421caeee545: 75 ms
Input: 1000000,
Cold Start: false
Unique ID: 80be9ac1b403d91f6abd6ce078d1aa4d,
Execution Time for Trace ID 80be9ac1b403d91f6abd6ce078d1aa4d: 78 ms
Input: 1000000,
Cold Start: false
Unique ID: e50d3eba8068540b27a8befa669e1f37,
Execution Time for Trace ID e50d3eba8068540b27a8befa669e1f37: 30 ms
Input: 1000000,
Cold Start: false
Unique ID: 18e9d85af2ffd53689d38caa74fea170,
Execution Time for Trace ID 18e9d85af2ffd53689d38caa74fea170: 71 ms
Input: 1000000,
Cold Start: false
Unique ID: 2b0d7ade14ec4c5d7d73edb2aeedb12c,
Execution Time for Trace ID 2b0d7ade14ec4c5d7d73edb2aeedb12c: 75 ms
Input: 1000000,
Cold Start: false
Unique ID: 94b6e63946e16de0ccc156d98efd15dd,
Execution Time for Trace ID 94b6e63946e16de0ccc156d98efd15dd: 80 ms
Input: 1000000,
Cold Start: false
Unique ID: 583aa1485e32193939603543001d43f6,
Execution Time for Trace ID 583aa1485e32193939603543001d43f6: 30 ms
Input: 1000000,
Cold Start: false
Unique ID: b4b0570fece7959320fa2711c2952b4a,
Execution Time for Trace ID b4b0570fece7959320fa2711c2952b4a: 80 ms
Input: 1000000,
Cold Start: false
Unique ID: 7fdb8caabe9b94ab741fd261b7d38de7,
Execution Time for Trace ID 7fdb8caabe9b94ab741fd261b7d38de7: 28 ms
Input: 1000000,
Cold Start: false
Unique ID: f5622012cdad8dd768d3c95fc2aba9a6,
Execution Time for Trace ID f5622012cdad8dd768d3c95fc2aba9a6: 83 ms
Input: 1000000,
Cold Start: false
Unique ID: 5ee802fe42c22b4ef2d3c7a6920712ca,
Execution Time for Trace ID 5ee802fe42c22b4ef2d3c7a6920712ca: 29 ms
Input: 1000000,
Cold Start: false
Unique ID: 4a28a88687400c0a1112f8800505220a,
Execution Time for Trace ID 4a28a88687400c0a1112f8800505220a: 105 ms
Input: 1000000,
Cold Start: false
Unique ID: 16632b8ebfb7578709043e002415c030,
Execution Time for Trace ID 16632b8ebfb7578709043e002415c030: 75 ms
Input: 1000000,
Cold Start: false
Unique ID: 5a743ba8844e9299409ef0abb4a17ef1,
Execution Time for Trace ID 5a743ba8844e9299409ef0abb4a17ef1: 72 ms
Input: 1000000,
Cold Start: false
Unique ID: 23605ef05ce6b95c2ce804c714af4f8a,
Execution Time for Trace ID 23605ef05ce6b95c2ce804c714af4f8a: 70 ms
Input: 1000000,
Cold Start: false
Unique ID: a93e86a28a9fce145f4dbd41965e8fe5,
Execution Time for Trace ID a93e86a28a9fce145f4dbd41965e8fe5: 73 ms
Input: 1000000,
Cold Start: false
Unique ID: 1e48ff5453c330172a38f0515110c1a2,
Execution Time for Trace ID 1e48ff5453c330172a38f0515110c1a2: 46 ms
Input: 1000000,
Cold Start: false
Unique ID: 84dc8dc4e337630d1d0686c79159e9c5,
Execution Time for Trace ID 84dc8dc4e337630d1d0686c79159e9c5: 48 ms
Input: 1000000,
Cold Start: false
Unique ID: 4533f8529f7e0a547f28975d3fd952cc,
Execution Time for Trace ID 4533f8529f7e0a547f28975d3fd952cc: 81 ms
Input: 1000000,
Cold Start: false
Unique ID: 16a3d5a2028f0a5f6ba33cc35d7b037a,
Execution Time for Trace ID 16a3d5a2028f0a5f6ba33cc35d7b037a: 87 ms
Input: 1000000,
Cold Start: false
Unique ID: f125ef959852fdb4caba999307fe7a7c,
Execution Time for Trace ID f125ef959852fdb4caba999307fe7a7c: 79 ms
Input: 1000000,
Cold Start: false
Unique ID: 5c32c4e98fedd5cf3cdef285952b0fa1,
Execution Time for Trace ID 5c32c4e98fedd5cf3cdef285952b0fa1: 92 ms
Input: 1000000,
Cold Start: false
Unique ID: e4c552fb657593b61f16c0b1ace4d769,
Execution Time for Trace ID e4c552fb657593b61f16c0b1ace4d769: 57 ms
Input: 1000000,
Cold Start: false
Unique ID: ecf471cc31320f637a7db97b24749b68,
Execution Time for Trace ID ecf471cc31320f637a7db97b24749b68: 189 ms
Input: 1000000,
Cold Start: false
Unique ID: 640ed14d1aeaaf34cbbe909fb27d3a06,
Execution Time for Trace ID 640ed14d1aeaaf34cbbe909fb27d3a06: 68 ms
Input: 1000000,
Cold Start: false
Unique ID: 75c231427f30334dc9a0cc6d5ae6bbfe,
Execution Time for Trace ID 75c231427f30334dc9a0cc6d5ae6bbfe: 89 ms
Input: 1000000,
Cold Start: false
Unique ID: 620005ffc911684655c2a929dace64d5,
Execution Time for Trace ID 620005ffc911684655c2a929dace64d5: 35 ms
Input: 1000000,
Cold Start: false
Unique ID: 8b0205d9fca5a0ea78f13e079d687285,
Execution Time for Trace ID 8b0205d9fca5a0ea78f13e079d687285: 91 ms
Input: 1000000,
Cold Start: false
Unique ID: 75d20bf040ba59de06cea63219242295,
Execution Time for Trace ID 75d20bf040ba59de06cea63219242295: 82 ms
Input: 1000000,
Cold Start: false
Unique ID: 04128b00867fe51738b7405edcbf124d,
Execution Time for Trace ID 04128b00867fe51738b7405edcbf124d: 90 ms
Input: 1000000,
Cold Start: false
Unique ID: 6b044af0460805ae355a07b20ea14676,
Execution Time for Trace ID 6b044af0460805ae355a07b20ea14676: 82 ms
Input: 1000000,
Cold Start: false
Unique ID: a9a34477ec57bcc876c14a7ae5e60c8f,
Execution Time for Trace ID a9a34477ec57bcc876c14a7ae5e60c8f: 37 ms
Input: 1000000,
Cold Start: false
