Direct 95% Percentile CI Width,33.9832285115304
Direct 95% Percentile CI Lower Bound,-15.09433962264151
Direct 95% Percentile CI Upper Bound,18.88888888888889

Bootstrap 95% Percentile CI Width,0.8849557522123894
Bootstrap 95% Percentile CI Lower Bound,0.0
Bootstrap 95% Percentile CI Upper Bound,0.8849557522123894

Percentage Difference (%)
-63.22314049586777
-54.773869346733676
-54.08163265306123
-50.0
-49.43820224719101
-48.03921568627451
-45.45454545454545
-43.61702127659575
-43.03030303030303
-40.0
-40.0
-38.50574712643678
-35.86206896551724
-34.285714285714285
-33.81294964028777
-33.80281690140845
-32.83582089552239
-32.592592592592595
-32.38095238095238
-32.35294117647059
-32.11009174311927
-31.132075471698112
-30.82706766917293
-30.597014925373134
-29.577464788732392
-29.457364341085274
-29.457364341085274
-29.45205479452055
-29.32330827067669
-29.230769230769234
-28.68217054263566
-28.676470588235293
-27.956989247311824
-27.81456953642384
-27.77777777777778
-27.77777777777778
-27.586206896551722
-27.480916030534353
-27.131782945736433
-26.984126984126984
-26.797385620915033
-26.666666666666668
-26.61290322580645
-26.277372262773724
-26.027397260273972
-25.899280575539567
-25.806451612903224
-25.581395348837212
-25.210084033613445
-25.0
-24.576271186440678
-24.369747899159663
-24.369747899159663
-24.193548387096776
-24.166666666666668
-24.137931034482758
-24.137931034482758
-24.137931034482758
-23.728813559322035
-23.52941176470588
-23.52941176470588
-23.47826086956522
-23.275862068965516
-23.214285714285715
-23.076923076923077
-23.008849557522122
-22.950819672131146
-22.807017543859647
-22.807017543859647
-22.608695652173914
-22.608695652173914
-22.52252252252252
-22.340425531914892
-22.033898305084744
-22.033898305084744
-22.033898305084744
-22.018348623853214
-21.929824561403507
-21.830985915492956
-21.818181818181817
-21.782178217821784
-21.73913043478261
-21.73913043478261
-21.73913043478261
-21.73913043478261
-21.73913043478261
-21.73913043478261
-21.428571428571427
-21.428571428571427
-21.367521367521366
-21.323529411764707
-21.238938053097346
-21.238938053097346
-21.21212121212121
-21.1864406779661
-21.100917431192663
-21.052631578947366
-21.052631578947366
-21.052631578947366
-20.869565217391305
-20.869565217391305
-20.833333333333336
-20.72072072072072
-20.72072072072072
-20.72072072072072
-20.72072072072072
-20.72072072072072
-20.72072072072072
-20.72072072072072
-20.689655172413794
-20.689655172413794
-20.689655172413794
-20.618556701030926
-20.535714285714285
-20.535714285714285
-20.535714285714285
-20.535714285714285
-20.535714285714285
-20.535714285714285
-20.535714285714285
-20.535714285714285
-20.388349514563107
-20.353982300884958
-20.353982300884958
-20.353982300884958
-20.353982300884958
-20.353982300884958
-20.175438596491226
-20.175438596491226
-20.175438596491226
-20.175438596491226
-20.175438596491226
-20.0
-20.0
-20.0
-20.0
-20.0
-20.0
-20.0
-20.0
-19.82758620689655
-19.81981981981982
-19.81981981981982
-19.81981981981982
-19.81981981981982
-19.81132075471698
-19.642857142857142
-19.642857142857142
-19.642857142857142
-19.642857142857142
-19.642857142857142
-19.642857142857142
-19.642857142857142
-19.642857142857142
-19.642857142857142
-19.642857142857142
-19.642857142857142
-19.642857142857142
-19.642857142857142
-19.642857142857142
-19.642857142857142
-19.53125
-19.469026548672566
-19.469026548672566
-19.469026548672566
-19.298245614035086
-19.298245614035086
-19.298245614035086
-19.298245614035086
-19.298245614035086
-19.298245614035086
-19.298245614035086
-19.298245614035086
-19.298245614035086
-19.26605504587156
-19.26605504587156
-19.26605504587156
-19.26605504587156
-19.26605504587156
-19.26605504587156
-19.26605504587156
-19.130434782608695
-19.090909090909093
-19.090909090909093
-19.090909090909093
-19.090909090909093
-19.090909090909093
-19.090909090909093
-19.047619047619047
-18.96551724137931
-18.947368421052634
-18.91891891891892
-18.91891891891892
-18.91891891891892
-18.91891891891892
-18.91891891891892
-18.91891891891892
-18.91891891891892
-18.91891891891892
-18.91891891891892
-18.91891891891892
-18.91891891891892
-18.803418803418804
-18.75
-18.75
-18.75
-18.75
-18.75
-18.75
-18.75
-18.69158878504673
-18.58407079646018
-18.58407079646018
-18.58407079646018
-18.58407079646018
-18.58407079646018
-18.51851851851852
-18.51851851851852
-18.51851851851852
-18.51851851851852
-18.421052631578945
-18.421052631578945
-18.421052631578945
-18.421052631578945
-18.34862385321101
-18.34862385321101
-18.34862385321101
-18.34862385321101
-18.34862385321101
-18.34862385321101
-18.34862385321101
-18.26086956521739
-18.26086956521739
-18.181818181818183
-18.181818181818183
-18.181818181818183
-18.181818181818183
-18.181818181818183
-18.181818181818183
-18.181818181818183
-18.181818181818183
-18.181818181818183
-18.181818181818183
-18.103448275862068
-18.01801801801802
-18.01801801801802
-18.01801801801802
-18.01801801801802
-18.01801801801802
-17.92452830188679
-17.857142857142858
-17.857142857142858
-17.857142857142858
-17.857142857142858
-17.857142857142858
-17.857142857142858
-17.857142857142858
-17.857142857142858
-17.857142857142858
-17.75700934579439
-17.75700934579439
-17.75700934579439
-17.75700934579439
-17.75700934579439
-17.75700934579439
-17.75700934579439
-17.75700934579439
-17.75700934579439
-17.699115044247787
-17.699115044247787
-17.699115044247787
-17.699115044247787
-17.59259259259259
-17.59259259259259
-17.59259259259259
-17.59259259259259
-17.59259259259259
-17.59259259259259
-17.543859649122805
-17.543859649122805
-17.543859649122805
-17.431192660550458
-17.431192660550458
-17.431192660550458
-17.431192660550458
-17.431192660550458
-17.431192660550458
-17.431192660550458
-17.431192660550458
-17.431192660550458
-17.272727272727273
-17.272727272727273
-17.272727272727273
-17.272727272727273
-17.272727272727273
-17.272727272727273
-17.272727272727273
-17.272727272727273
-17.272727272727273
-17.24137931034483
-17.1875
-17.1875
-17.142857142857142
-17.117117117117118
-17.117117117117118
-17.117117117117118
-17.117117117117118
-17.117117117117118
-17.117117117117118
-17.117117117117118
-17.117117117117118
-17.117117117117118
-17.117117117117118
-17.117117117117118
-17.117117117117118
-17.117117117117118
-17.117117117117118
-17.117117117117118
-17.117117117117118
-17.02127659574468
-16.9811320754717
-16.9811320754717
-16.9811320754717
-16.9811320754717
-16.9811320754717
-16.9811320754717
-16.9811320754717
-16.9811320754717
-16.9811320754717
-16.964285714285715
-16.964285714285715
-16.923076923076923
-16.822429906542055
-16.822429906542055
-16.8141592920354
-16.8141592920354
-16.8141592920354
-16.8141592920354
-16.666666666666664
-16.666666666666664
-16.666666666666664
-16.666666666666664
-16.666666666666664
-16.666666666666664
-16.666666666666664
-16.666666666666664
-16.666666666666664
-16.666666666666664
-16.52173913043478
-16.52173913043478
-16.51376146788991
-16.51376146788991
-16.51376146788991
-16.50485436893204
-16.50485436893204
-16.50485436893204
-16.363636363636363
-16.363636363636363
-16.363636363636363
-16.363636363636363
-16.363636363636363
-16.363636363636363
-16.363636363636363
-16.363636363636363
-16.363636363636363
-16.363636363636363
-16.363636363636363
-16.363636363636363
-16.363636363636363
-16.363636363636363
-16.363636363636363
-16.363636363636363
-16.216216216216218
-16.216216216216218
-16.216216216216218
-16.216216216216218
-16.216216216216218
-16.216216216216218
-16.216216216216218
-16.19047619047619
-16.19047619047619
-16.19047619047619
-16.19047619047619
-16.19047619047619
-16.19047619047619
-16.19047619047619
-16.19047619047619
-16.071428571428573
-16.071428571428573
-16.071428571428573
-16.071428571428573
-16.071428571428573
-16.071428571428573
-16.071428571428573
-16.071428571428573
-16.037735849056602
-16.037735849056602
-16.037735849056602
-16.037735849056602
-16.037735849056602
-16.037735849056602
-16.037735849056602
-16.037735849056602
-16.037735849056602
-16.037735849056602
-15.887850467289718
-15.887850467289718
-15.887850467289718
-15.887850467289718
-15.887850467289718
-15.887850467289718
-15.887850467289718
-15.887850467289718
-15.887850467289718
-15.887850467289718
-15.887850467289718
-15.887850467289718
-15.887850467289718
-15.841584158415841
-15.748031496062993
-15.74074074074074
-15.74074074074074
-15.74074074074074
-15.74074074074074
-15.74074074074074
-15.74074074074074
-15.74074074074074
-15.74074074074074
-15.74074074074074
-15.74074074074074
-15.702479338842975
-15.686274509803921
-15.625
-15.59633027522936
-15.59633027522936
-15.59633027522936
-15.59633027522936
-15.59633027522936
-15.59633027522936
-15.59633027522936
-15.59633027522936
-15.59633027522936
-15.59633027522936
-15.59633027522936
-15.517241379310345
-15.454545454545453
-15.454545454545453
-15.454545454545453
-15.454545454545453
-15.454545454545453
-15.454545454545453
-15.454545454545453
-15.454545454545453
-15.454545454545453
-15.454545454545453
-15.384615384615385
-15.384615384615385
-15.384615384615385
-15.384615384615385
-15.315315315315313
-15.315315315315313
-15.315315315315313
-15.315315315315313
-15.315315315315313
-15.315315315315313
-15.315315315315313
-15.315315315315313
-15.315315315315313
-15.315315315315313
-15.315315315315313
-15.238095238095239
-15.238095238095239
-15.238095238095239
-15.238095238095239
-15.238095238095239
-15.238095238095239
-15.238095238095239
-15.178571428571427
-15.178571428571427
-15.178571428571427
-15.09433962264151
-15.09433962264151
-15.09433962264151
-15.09433962264151
-15.09433962264151
-15.09433962264151
-15.09433962264151
-15.09433962264151
-15.09433962264151
-15.09433962264151
-15.09433962264151
-15.09433962264151
-15.09433962264151
-15.09433962264151
-15.09433962264151
-15.09433962264151
-15.09433962264151
-15.09433962264151
-15.09433962264151
-15.09433962264151
-15.09433962264151
-15.09433962264151
-15.09433962264151
-15.09433962264151
-15.09433962264151
-15.09433962264151
-15.09433962264151
-15.09433962264151
-15.09433962264151
-15.09433962264151
-15.09433962264151
-15.09433962264151
-15.09433962264151
-15.09433962264151
-15.09433962264151
-15.09433962264151
-15.09433962264151
-15.09433962264151
-15.09433962264151
-15.09433962264151
-15.04424778761062
-15.0
-14.953271028037381
-14.953271028037381
-14.953271028037381
-14.953271028037381
-14.953271028037381
-14.953271028037381
-14.953271028037381
-14.85148514851485
-14.814814814814813
-14.814814814814813
-14.814814814814813
-14.814814814814813
-14.814814814814813
-14.814814814814813
-14.814814814814813
-14.814814814814813
-14.814814814814813
-14.814814814814813
-14.814814814814813
-14.814814814814813
-14.814814814814813
-14.814814814814813
-14.814814814814813
-14.814814814814813
-14.782608695652174
-14.705882352941178
-14.705882352941178
-14.705882352941178
-14.678899082568808
-14.678899082568808
-14.678899082568808
-14.678899082568808
-14.678899082568808
-14.678899082568808
-14.563106796116504
-14.563106796116504
-14.563106796116504
-14.563106796116504
-14.563106796116504
-14.563106796116504
-14.563106796116504
-14.563106796116504
-14.545454545454545
-14.545454545454545
-14.545454545454545
-14.545454545454545
-14.545454545454545
-14.545454545454545
-14.545454545454545
-14.545454545454545
-14.545454545454545
-14.545454545454545
-14.423076923076922
-14.423076923076922
-14.423076923076922
-14.423076923076922
-14.423076923076922
-14.423076923076922
-14.423076923076922
-14.423076923076922
-14.423076923076922
-14.414414414414415
-14.414414414414415
-14.285714285714285
-14.285714285714285
-14.285714285714285
-14.285714285714285
-14.285714285714285
-14.285714285714285
-14.285714285714285
-14.285714285714285
-14.285714285714285
-14.285714285714285
-14.285714285714285
-14.285714285714285
-14.285714285714285
-14.285714285714285
-14.285714285714285
-14.285714285714285
-14.285714285714285
-14.285714285714285
-14.285714285714285
-14.285714285714285
-14.285714285714285
-14.285714285714285
-14.150943396226415
-14.150943396226415
-14.150943396226415
-14.150943396226415
-14.150943396226415
-14.150943396226415
-14.150943396226415
-14.150943396226415
-14.150943396226415
-14.150943396226415
-14.150943396226415
-14.150943396226415
-14.150943396226415
-14.150943396226415
-14.150943396226415
-14.150943396226415
-14.150943396226415
-14.150943396226415
-14.150943396226415
-14.150943396226415
-14.150943396226415
-14.150943396226415
-14.150943396226415
-14.150943396226415
-14.14141414141414
-14.14141414141414
-14.035087719298245
-14.035087719298245
-14.018691588785046
-14.018691588785046
-14.018691588785046
-14.018691588785046
-14.018691588785046
-14.018691588785046
-14.018691588785046
-14.018691588785046
-14.018691588785046
-14.018691588785046
-14.018691588785046
-14.018691588785046
-13.88888888888889
-13.88888888888889
-13.88888888888889
-13.88888888888889
-13.88888888888889
-13.88888888888889
-13.88888888888889
-13.88888888888889
-13.88888888888889
-13.861386138613863
-13.861386138613863
-13.761467889908257
-13.761467889908257
-13.761467889908257
-13.761467889908257
-13.761467889908257
-13.761467889908257
-13.761467889908257
-13.761467889908257
-13.761467889908257
-13.761467889908257
-13.761467889908257
-13.761467889908257
-13.761467889908257
-13.725490196078432
-13.725490196078432
-13.725490196078432
-13.725490196078432
-13.725490196078432
-13.725490196078432
-13.725490196078432
-13.725490196078432
-13.725490196078432
-13.725490196078432
-13.725490196078432
-13.725490196078432
-13.725490196078432
-13.725490196078432
-13.725490196078432
-13.725490196078432
-13.725490196078432
-13.725490196078432
-13.725490196078432
-13.725490196078432
-13.725490196078432
-13.725490196078432
-13.636363636363635
-13.636363636363635
-13.636363636363635
-13.636363636363635
-13.636363636363635
-13.592233009708737
-13.592233009708737
-13.592233009708737
-13.592233009708737
-13.592233009708737
-13.592233009708737
-13.592233009708737
-13.592233009708737
-13.592233009708737
-13.592233009708737
-13.592233009708737
-13.592233009708737
-13.592233009708737
-13.592233009708737
-13.559322033898304
-13.513513513513514
-13.513513513513514
-13.513513513513514
-13.513513513513514
-13.513513513513514
-13.461538461538462
-13.461538461538462
-13.461538461538462
-13.461538461538462
-13.461538461538462
-13.461538461538462
-13.461538461538462
-13.461538461538462
-13.461538461538462
-13.461538461538462
-13.461538461538462
-13.461538461538462
-13.333333333333334
-13.333333333333334
-13.333333333333334
-13.333333333333334
-13.333333333333334
-13.333333333333334
-13.333333333333334
-13.274336283185843
-13.274336283185843
-13.274336283185843
-13.274336283185843
-13.20754716981132
-13.20754716981132
-13.20754716981132
-13.20754716981132
-13.20754716981132
-13.20754716981132
-13.20754716981132
-13.20754716981132
-13.20754716981132
-13.20754716981132
-13.20754716981132
-13.20754716981132
-13.20754716981132
-13.20754716981132
-13.20754716981132
-13.20754716981132
-13.20754716981132
-13.20754716981132
-13.20754716981132
-13.20754716981132
-13.20754716981132
-13.20754716981132
-13.20754716981132
-13.20754716981132
-13.20754716981132
-13.20754716981132
-13.20754716981132
-13.20754716981132
-13.20754716981132
-13.20754716981132
-13.157894736842104
-13.131313131313133
-13.084112149532709
-13.084112149532709
-13.084112149532709
-13.084112149532709
-13.084112149532709
-13.043478260869565
-13.008130081300814
-12.962962962962962
-12.962962962962962
-12.962962962962962
-12.962962962962962
-12.962962962962962
-12.962962962962962
-12.962962962962962
-12.962962962962962
-12.931034482758621
-12.871287128712872
-12.871287128712872
-12.871287128712872
-12.871287128712872
-12.844036697247708
-12.844036697247708
-12.844036697247708
-12.844036697247708
-12.844036697247708
-12.844036697247708
-12.745098039215685
-12.745098039215685
-12.745098039215685
-12.745098039215685
-12.745098039215685
-12.745098039215685
-12.745098039215685
-12.745098039215685
-12.745098039215685
-12.745098039215685
-12.745098039215685
-12.745098039215685
-12.745098039215685
-12.745098039215685
-12.745098039215685
-12.745098039215685
-12.745098039215685
-12.745098039215685
-12.745098039215685
-12.745098039215685
-12.745098039215685
-12.745098039215685
-12.745098039215685
-12.745098039215685
-12.745098039215685
-12.745098039215685
-12.727272727272727
-12.727272727272727
-12.62135922330097
-12.62135922330097
-12.62135922330097
-12.62135922330097
-12.62135922330097
-12.62135922330097
-12.62135922330097
-12.62135922330097
-12.62135922330097
-12.62135922330097
-12.62135922330097
-12.62135922330097
-12.62135922330097
-12.62135922330097
-12.62135922330097
-12.62135922330097
-12.62135922330097
-12.62135922330097
-12.62135922330097
-12.62135922330097
-12.62135922330097
-12.62135922330097
-12.62135922330097
-12.62135922330097
-12.62135922330097
-12.62135922330097
-12.62135922330097
-12.62135922330097
-12.62135922330097
-12.62135922330097
-12.62135922330097
-12.62135922330097
-12.62135922330097
-12.62135922330097
-12.62135922330097
-12.612612612612612
-12.612612612612612
-12.612612612612612
-12.5
-12.5
-12.5
-12.5
-12.5
-12.5
-12.5
-12.5
-12.5
-12.5
-12.5
-12.5
-12.5
-12.5
-12.396694214876034
-12.389380530973451
-12.389380530973451
-12.380952380952381
-12.380952380952381
-12.380952380952381
-12.380952380952381
-12.380952380952381
-12.380952380952381
-12.380952380952381
-12.380952380952381
-12.380952380952381
-12.380952380952381
-12.380952380952381
-12.380952380952381
-12.380952380952381
-12.380952380952381
-12.280701754385964
-12.264150943396226
-12.264150943396226
-12.264150943396226
-12.264150943396226
-12.264150943396226
-12.264150943396226
-12.264150943396226
-12.264150943396226
-12.264150943396226
-12.264150943396226
-12.264150943396226
-12.264150943396226
-12.264150943396226
-12.264150943396226
-12.264150943396226
-12.264150943396226
-12.244897959183673
-12.244897959183673
-12.244897959183673
-12.173913043478262
-12.149532710280374
-12.149532710280374
-12.149532710280374
-12.149532710280374
-12.149532710280374
-12.149532710280374
-12.149532710280374
-12.149532710280374
-12.149532710280374
-12.149532710280374
-12.149532710280374
-12.149532710280374
-12.149532710280374
-12.149532710280374
-12.149532710280374
-12.149532710280374
-12.149532710280374
-12.149532710280374
-12.121212121212121
-12.068965517241379
-12.037037037037036
-12.037037037037036
-12.037037037037036
-11.926605504587156
-11.926605504587156
-11.881188118811881
-11.881188118811881
-11.881188118811881
-11.881188118811881
-11.881188118811881
-11.881188118811881
-11.881188118811881
-11.881188118811881
-11.881188118811881
-11.881188118811881
-11.881188118811881
-11.818181818181818
-11.76470588235294
-11.76470588235294
-11.76470588235294
-11.76470588235294
-11.76470588235294
-11.76470588235294
-11.76470588235294
-11.76470588235294
-11.76470588235294
-11.76470588235294
-11.76470588235294
-11.76470588235294
-11.76470588235294
-11.76470588235294
-11.76470588235294
-11.76470588235294
-11.76470588235294
-11.76470588235294
-11.76470588235294
-11.76470588235294
-11.76470588235294
-11.76470588235294
-11.76470588235294
-11.76470588235294
-11.76470588235294
-11.76470588235294
-11.76470588235294
-11.76470588235294
-11.76470588235294
-11.76470588235294
-11.76470588235294
-11.76470588235294
-11.76470588235294
-11.76470588235294
-11.76470588235294
-11.76470588235294
-11.76470588235294
-11.76470588235294
-11.76470588235294
-11.76470588235294
-11.76470588235294
-11.76470588235294
-11.76470588235294
-11.76470588235294
-11.76470588235294
-11.76470588235294
-11.76470588235294
-11.711711711711711
-11.711711711711711
-11.650485436893204
-11.650485436893204
-11.650485436893204
-11.650485436893204
-11.650485436893204
-11.650485436893204
-11.650485436893204
-11.650485436893204
-11.650485436893204
-11.650485436893204
-11.650485436893204
-11.650485436893204
-11.650485436893204
-11.650485436893204
-11.650485436893204
-11.650485436893204
-11.650485436893204
-11.607142857142858
-11.607142857142858
-11.607142857142858
-11.607142857142858
-11.570247933884298
-11.538461538461538
-11.538461538461538
-11.538461538461538
-11.538461538461538
-11.538461538461538
-11.538461538461538
-11.538461538461538
-11.538461538461538
-11.538461538461538
-11.538461538461538
-11.538461538461538
-11.538461538461538
-11.538461538461538
-11.538461538461538
-11.538461538461538
-11.538461538461538
-11.504424778761061
-11.458333333333332
-11.428571428571429
-11.428571428571429
-11.428571428571429
-11.428571428571429
-11.428571428571429
-11.428571428571429
-11.428571428571429
-11.428571428571429
-11.428571428571429
-11.403508771929824
-11.34020618556701
-11.320754716981133
-11.320754716981133
-11.320754716981133
-11.320754716981133
-11.320754716981133
-11.320754716981133
-11.320754716981133
-11.320754716981133
-11.320754716981133
-11.320754716981133
-11.320754716981133
-11.320754716981133
-11.320754716981133
-11.320754716981133
-11.320754716981133
-11.320754716981133
-11.320754716981133
-11.320754716981133
-11.320754716981133
-11.320754716981133
-11.320754716981133
-11.320754716981133
-11.320754716981133
-11.320754716981133
-11.320754716981133
-11.320754716981133
-11.320754716981133
-11.320754716981133
-11.320754716981133
-11.320754716981133
-11.320754716981133
-11.320754716981133
-11.320754716981133
-11.320754716981133
-11.320754716981133
-11.320754716981133
-11.320754716981133
-11.320754716981133
-11.320754716981133
-11.320754716981133
-11.320754716981133
-11.304347826086957
-11.304347826086957
-11.224489795918368
-11.224489795918368
-11.224489795918368
-11.224489795918368
-11.214953271028037
-11.214953271028037
-11.206896551724139
-11.11111111111111
-11.11111111111111
-11.11111111111111
-11.11111111111111
-11.11111111111111
-11.11111111111111
-11.11111111111111
-11.11111111111111
-11.11111111111111
-11.11111111111111
-11.11111111111111
-11.11111111111111
-11.11111111111111
-11.009174311926607
-11.0
-11.0
-10.909090909090908
-10.909090909090908
-10.909090909090908
-10.909090909090908
-10.909090909090908
-10.909090909090908
-10.891089108910892
-10.891089108910892
-10.891089108910892
-10.891089108910892
-10.891089108910892
-10.891089108910892
-10.891089108910892
-10.891089108910892
-10.891089108910892
-10.891089108910892
-10.891089108910892
-10.891089108910892
-10.891089108910892
-10.891089108910892
-10.891089108910892
-10.891089108910892
-10.891089108910892
-10.891089108910892
-10.784313725490197
-10.784313725490197
-10.784313725490197
-10.784313725490197
-10.784313725490197
-10.784313725490197
-10.784313725490197
-10.784313725490197
-10.784313725490197
-10.784313725490197
-10.784313725490197
-10.784313725490197
-10.784313725490197
-10.784313725490197
-10.784313725490197
-10.784313725490197
-10.784313725490197
-10.784313725490197
-10.784313725490197
-10.784313725490197
-10.784313725490197
-10.784313725490197
-10.784313725490197
-10.784313725490197
-10.784313725490197
-10.784313725490197
-10.784313725490197
-10.784313725490197
-10.784313725490197
-10.784313725490197
-10.784313725490197
-10.784313725490197
-10.784313725490197
-10.784313725490197
-10.784313725490197
-10.784313725490197
-10.784313725490197
-10.784313725490197
-10.784313725490197
-10.784313725490197
-10.784313725490197
-10.784313725490197
-10.784313725490197
-10.743801652892563
-10.714285714285714
-10.679611650485436
-10.679611650485436
-10.679611650485436
-10.679611650485436
-10.679611650485436
-10.679611650485436
-10.679611650485436
-10.679611650485436
-10.679611650485436
-10.679611650485436
-10.679611650485436
-10.679611650485436
-10.679611650485436
-10.679611650485436
-10.679611650485436
-10.679611650485436
-10.679611650485436
-10.679611650485436
-10.679611650485436
-10.679611650485436
-10.679611650485436
-10.679611650485436
-10.679611650485436
-10.679611650485436
-10.679611650485436
-10.679611650485436
-10.679611650485436
-10.679611650485436
-10.679611650485436
-10.679611650485436
-10.679611650485436
-10.679611650485436
-10.679611650485436
-10.679611650485436
-10.679611650485436
-10.679611650485436
-10.679611650485436
-10.679611650485436
-10.679611650485436
-10.679611650485436
-10.679611650485436
-10.655737704918032
-10.576923076923077
-10.576923076923077
-10.576923076923077
-10.576923076923077
-10.576923076923077
-10.576923076923077
-10.576923076923077
-10.576923076923077
-10.576923076923077
-10.576923076923077
-10.576923076923077
-10.576923076923077
-10.576923076923077
-10.576923076923077
-10.569105691056912
-10.526315789473683
-10.526315789473683
-10.526315789473683
-10.476190476190476
-10.476190476190476
-10.476190476190476
-10.476190476190476
-10.476190476190476
-10.476190476190476
-10.476190476190476
-10.476190476190476
-10.476190476190476
-10.476190476190476
-10.476190476190476
-10.476190476190476
-10.476190476190476
-10.476190476190476
-10.434782608695652
-10.434782608695652
-10.434782608695652
-10.377358490566039
-10.377358490566039
-10.377358490566039
-10.377358490566039
-10.377358490566039
-10.377358490566039
-10.309278350515463
-10.309278350515463
-10.309278350515463
-10.2803738317757
-10.2803738317757
-10.204081632653061
-10.204081632653061
-10.204081632653061
-10.204081632653061
-10.204081632653061
-10.204081632653061
-10.204081632653061
-10.204081632653061
-10.204081632653061
-10.204081632653061
-10.204081632653061
-10.204081632653061
-10.204081632653061
-10.204081632653061
-10.204081632653061
-10.204081632653061
-10.204081632653061
-10.185185185185185
-10.185185185185185
-10.185185185185185
-10.185185185185185
-10.185185185185185
-10.185185185185185
-10.1010101010101
-10.1010101010101
-10.1010101010101
-10.1010101010101
-10.1010101010101
-10.1010101010101
-10.1010101010101
-10.1010101010101
-10.1010101010101
-10.1010101010101
-10.1010101010101
-10.1010101010101
-10.091743119266056
-10.091743119266056
-10.091743119266056
-10.0
-10.0
-10.0
-10.0
-10.0
-10.0
-10.0
-10.0
-10.0
-10.0
-10.0
-10.0
-10.0
-10.0
-10.0
-10.0
-10.0
-10.0
-10.0
-10.0
-10.0
-10.0
-9.90990990990991
-9.900990099009901
-9.900990099009901
-9.900990099009901
-9.900990099009901
-9.900990099009901
-9.900990099009901
-9.900990099009901
-9.900990099009901
-9.900990099009901
-9.900990099009901
-9.900990099009901
-9.821428571428571
-9.821428571428571
-9.821428571428571
-9.821428571428571
-9.821428571428571
-9.803921568627452
-9.803921568627452
-9.803921568627452
-9.803921568627452
-9.803921568627452
-9.803921568627452
-9.803921568627452
-9.803921568627452
-9.803921568627452
-9.803921568627452
-9.803921568627452
-9.803921568627452
-9.803921568627452
-9.803921568627452
-9.803921568627452
-9.803921568627452
-9.803921568627452
-9.803921568627452
-9.803921568627452
-9.803921568627452
-9.803921568627452
-9.803921568627452
-9.803921568627452
-9.803921568627452
-9.803921568627452
-9.803921568627452
-9.803921568627452
-9.803921568627452
-9.803921568627452
-9.803921568627452
-9.803921568627452
-9.803921568627452
-9.803921568627452
-9.803921568627452
-9.803921568627452
-9.803921568627452
-9.803921568627452
-9.803921568627452
-9.803921568627452
-9.803921568627452
-9.803921568627452
-9.803921568627452
-9.803921568627452
-9.803921568627452
-9.803921568627452
-9.803921568627452
-9.803921568627452
-9.803921568627452
-9.803921568627452
-9.803921568627452
-9.803921568627452
-9.803921568627452
-9.803921568627452
-9.803921568627452
-9.803921568627452
-9.803921568627452
-9.803921568627452
-9.803921568627452
-9.803921568627452
-9.803921568627452
-9.803921568627452
-9.803921568627452
-9.803921568627452
-9.803921568627452
-9.803921568627452
-9.803921568627452
-9.803921568627452
-9.734513274336283
-9.734513274336283
-9.734513274336283
-9.734513274336283
-9.70873786407767
-9.70873786407767
-9.70873786407767
-9.70873786407767
-9.70873786407767
-9.70873786407767
-9.70873786407767
-9.70873786407767
-9.70873786407767
-9.70873786407767
-9.70873786407767
-9.70873786407767
-9.70873786407767
-9.70873786407767
-9.70873786407767
-9.70873786407767
-9.70873786407767
-9.70873786407767
-9.70873786407767
-9.70873786407767
-9.70873786407767
-9.70873786407767
-9.70873786407767
-9.70873786407767
-9.70873786407767
-9.649122807017543
-9.649122807017543
-9.649122807017543
-9.615384615384617
-9.615384615384617
-9.615384615384617
-9.615384615384617
-9.615384615384617
-9.615384615384617
-9.615384615384617
-9.615384615384617
-9.615384615384617
-9.615384615384617
-9.615384615384617
-9.615384615384617
-9.615384615384617
-9.565217391304348
-9.565217391304348
-9.523809523809524
-9.523809523809524
-9.523809523809524
-9.523809523809524
-9.523809523809524
-9.523809523809524
-9.482758620689655
-9.473684210526317
-9.473684210526317
-9.433962264150944
-9.433962264150944
-9.433962264150944
-9.433962264150944
-9.433962264150944
-9.433962264150944
-9.433962264150944
-9.433962264150944
-9.375
-9.375
-9.375
-9.375
-9.375
-9.345794392523365
-9.278350515463918
-9.278350515463918
-9.278350515463918
-9.278350515463918
-9.278350515463918
-9.278350515463918
-9.278350515463918
-9.278350515463918
-9.278350515463918
-9.278350515463918
-9.278350515463918
-9.278350515463918
-9.278350515463918
-9.278350515463918
-9.278350515463918
-9.278350515463918
-9.25925925925926
-9.25925925925926
-9.25925925925926
-9.25925925925926
-9.183673469387756
-9.183673469387756
-9.183673469387756
-9.183673469387756
-9.183673469387756
-9.183673469387756
-9.183673469387756
-9.183673469387756
-9.183673469387756
-9.183673469387756
-9.183673469387756
-9.183673469387756
-9.183673469387756
-9.183673469387756
-9.183673469387756
-9.183673469387756
-9.183673469387756
-9.183673469387756
-9.183673469387756
-9.183673469387756
-9.183673469387756
-9.183673469387756
-9.183673469387756
-9.183673469387756
-9.183673469387756
-9.183673469387756
-9.183673469387756
-9.183673469387756
-9.183673469387756
-9.183673469387756
-9.183673469387756
-9.183673469387756
-9.183673469387756
-9.183673469387756
-9.183673469387756
-9.090909090909092
-9.090909090909092
-9.090909090909092
-9.090909090909092
-9.090909090909092
-9.090909090909092
-9.090909090909092
-9.090909090909092
-9.090909090909092
-9.090909090909092
-9.090909090909092
-9.090909090909092
-9.090909090909092
-9.090909090909092
-9.090909090909092
-9.090909090909092
-9.090909090909092
-9.090909090909092
-9.090909090909092
-9.090909090909092
-9.090909090909092
-9.090909090909092
-9.090909090909092
-9.090909090909092
-9.090909090909092
-9.090909090909092
-9.090909090909092
-9.090909090909092
-9.090909090909092
-9.090909090909092
-9.090909090909092
-9.090909090909092
-9.090909090909092
-9.090909090909092
-9.090909090909092
-9.090909090909092
-9.090909090909092
-9.090909090909092
-9.090909090909092
-9.090909090909092
-9.00900900900901
-9.00900900900901
-9.0
-9.0
-9.0
-9.0
-9.0
-9.0
-9.0
-9.0
-9.0
-9.0
-9.0
-8.928571428571429
-8.928571428571429
-8.928571428571429
-8.928571428571429
-8.928571428571429
-8.928571428571429
-8.91089108910891
-8.91089108910891
-8.91089108910891
-8.91089108910891
-8.91089108910891
-8.91089108910891
-8.91089108910891
-8.91089108910891
-8.91089108910891
-8.91089108910891
-8.91089108910891
-8.91089108910891
-8.91089108910891
-8.91089108910891
-8.91089108910891
-8.91089108910891
-8.91089108910891
-8.91089108910891
-8.91089108910891
-8.91089108910891
-8.91089108910891
-8.91089108910891
-8.91089108910891
-8.91089108910891
-8.91089108910891
-8.91089108910891
-8.91089108910891
-8.91089108910891
-8.91089108910891
-8.849557522123893
-8.849557522123893
-8.849557522123893
-8.823529411764707
-8.823529411764707
-8.823529411764707
-8.823529411764707
-8.823529411764707
-8.823529411764707
-8.823529411764707
-8.823529411764707
-8.823529411764707
-8.823529411764707
-8.823529411764707
-8.823529411764707
-8.823529411764707
-8.823529411764707
-8.823529411764707
-8.823529411764707
-8.823529411764707
-8.823529411764707
-8.823529411764707
-8.823529411764707
-8.823529411764707
-8.823529411764707
-8.823529411764707
-8.823529411764707
-8.823529411764707
-8.771929824561402
-8.737864077669903
-8.737864077669903
-8.737864077669903
-8.737864077669903
-8.737864077669903
-8.737864077669903
-8.737864077669903
-8.737864077669903
-8.737864077669903
-8.737864077669903
-8.737864077669903
-8.737864077669903
-8.737864077669903
-8.737864077669903
-8.737864077669903
-8.737864077669903
-8.737864077669903
-8.737864077669903
-8.737864077669903
-8.737864077669903
-8.737864077669903
-8.737864077669903
-8.737864077669903
-8.737864077669903
-8.737864077669903
-8.737864077669903
-8.737864077669903
-8.737864077669903
-8.737864077669903
-8.737864077669903
-8.737864077669903
-8.737864077669903
-8.737864077669903
-8.737864077669903
-8.737864077669903
-8.737864077669903
-8.695652173913043
-8.695652173913043
-8.695652173913043
-8.695652173913043
-8.695652173913043
-8.653846153846153
-8.653846153846153
-8.653846153846153
-8.653846153846153
-8.653846153846153
-8.620689655172415
-8.620689655172415
-8.620689655172415
-8.60215053763441
-8.571428571428571
-8.571428571428571
-8.571428571428571
-8.51063829787234
-8.51063829787234
-8.49056603773585
-8.49056603773585
-8.49056603773585
-8.49056603773585
-8.421052631578947
-8.411214953271028
-8.411214953271028
-8.411214953271028
-8.411214953271028
-8.411214953271028
-8.411214953271028
-8.411214953271028
-8.411214953271028
-8.411214953271028
-8.411214953271028
-8.411214953271028
-8.333333333333332
-8.333333333333332
-8.333333333333332
-8.333333333333332
-8.333333333333332
-8.333333333333332
-8.333333333333332
-8.333333333333332
-8.333333333333332
-8.333333333333332
-8.333333333333332
-8.333333333333332
-8.333333333333332
-8.256880733944955
-8.24742268041237
-8.24742268041237
-8.24742268041237
-8.24742268041237
-8.24742268041237
-8.24742268041237
-8.24742268041237
-8.24742268041237
-8.24742268041237
-8.24742268041237
-8.24742268041237
-8.24742268041237
-8.24742268041237
-8.24742268041237
-8.24742268041237
-8.24742268041237
-8.24742268041237
-8.24742268041237
-8.24742268041237
-8.24742268041237
-8.181818181818182
-8.181818181818182
-8.181818181818182
-8.181818181818182
-8.181818181818182
-8.16326530612245
-8.16326530612245
-8.16326530612245
-8.16326530612245
-8.16326530612245
-8.16326530612245
-8.16326530612245
-8.16326530612245
-8.16326530612245
-8.16326530612245
-8.16326530612245
-8.16326530612245
-8.16326530612245
-8.16326530612245
-8.16326530612245
-8.16326530612245
-8.16326530612245
-8.16326530612245
-8.16326530612245
-8.16326530612245
-8.16326530612245
-8.16326530612245
-8.16326530612245
-8.16326530612245
-8.16326530612245
-8.16326530612245
-8.16326530612245
-8.16326530612245
-8.16326530612245
-8.16326530612245
-8.16326530612245
-8.16326530612245
-8.16326530612245
-8.16326530612245
-8.16326530612245
-8.16326530612245
-8.16326530612245
-8.16326530612245
-8.16326530612245
-8.16326530612245
-8.16326530612245
-8.16326530612245
-8.16326530612245
-8.16326530612245
-8.16326530612245
-8.16326530612245
-8.16326530612245
-8.16326530612245
-8.16326530612245
-8.16326530612245
-8.16326530612245
-8.16326530612245
-8.16326530612245
-8.16326530612245
-8.16326530612245
-8.16326530612245
-8.16326530612245
-8.16326530612245
-8.16326530612245
-8.108108108108109
-8.108108108108109
-8.108108108108109
-8.108108108108109
-8.108108108108109
-8.108108108108109
-8.108108108108109
-8.108108108108109
-8.080808080808081
-8.080808080808081
-8.080808080808081
-8.080808080808081
-8.080808080808081
-8.080808080808081
-8.080808080808081
-8.080808080808081
-8.080808080808081
-8.080808080808081
-8.080808080808081
-8.080808080808081
-8.080808080808081
-8.080808080808081
-8.080808080808081
-8.080808080808081
-8.080808080808081
-8.080808080808081
-8.080808080808081
-8.080808080808081
-8.080808080808081
-8.080808080808081
-8.080808080808081
-8.080808080808081
-8.035714285714286
-8.035714285714286
-8.0
-8.0
-8.0
-8.0
-8.0
-8.0
-8.0
-8.0
-8.0
-8.0
-8.0
-8.0
-8.0
-8.0
-8.0
-8.0
-8.0
-7.964601769911504
-7.964601769911504
-7.964601769911504
-7.920792079207921
-7.920792079207921
-7.920792079207921
-7.920792079207921
-7.920792079207921
-7.920792079207921
-7.920792079207921
-7.920792079207921
-7.920792079207921
-7.920792079207921
-7.920792079207921
-7.920792079207921
-7.920792079207921
-7.920792079207921
-7.920792079207921
-7.920792079207921
-7.894736842105263
-7.894736842105263
-7.894736842105263
-7.8431372549019605
-7.8431372549019605
-7.8431372549019605
-7.8431372549019605
-7.8431372549019605
-7.8431372549019605
-7.8431372549019605
-7.8431372549019605
-7.8431372549019605
-7.8431372549019605
-7.8431372549019605
-7.8431372549019605
-7.8431372549019605
-7.8431372549019605
-7.8431372549019605
-7.8431372549019605
-7.8431372549019605
-7.8431372549019605
-7.8431372549019605
-7.8431372549019605
-7.8431372549019605
-7.8431372549019605
-7.8431372549019605
-7.8431372549019605
-7.8431372549019605
-7.8431372549019605
-7.8431372549019605
-7.8431372549019605
-7.8431372549019605
-7.8431372549019605
-7.8431372549019605
-7.8431372549019605
-7.8431372549019605
-7.8431372549019605
-7.8431372549019605
-7.8431372549019605
-7.8431372549019605
-7.8431372549019605
-7.8431372549019605
-7.8431372549019605
-7.8431372549019605
-7.8431372549019605
-7.8431372549019605
-7.8431372549019605
-7.8431372549019605
-7.8431372549019605
-7.8431372549019605
-7.8431372549019605
-7.8431372549019605
-7.8431372549019605
-7.8431372549019605
-7.8431372549019605
-7.8431372549019605
-7.8431372549019605
-7.8431372549019605
-7.8431372549019605
-7.8431372549019605
-7.8431372549019605
-7.8431372549019605
-7.8431372549019605
-7.82608695652174
-7.82608695652174
-7.766990291262135
-7.766990291262135
-7.766990291262135
-7.758620689655173
-7.6923076923076925
-7.6923076923076925
-7.6190476190476195
-7.6190476190476195
-7.6190476190476195
-7.6190476190476195
-7.608695652173914
-7.547169811320755
-7.547169811320755
-7.547169811320755
-7.547169811320755
-7.547169811320755
-7.547169811320755
-7.547169811320755
-7.547169811320755
-7.547169811320755
-7.547169811320755
-7.547169811320755
-7.526881720430108
-7.526881720430108
-7.476635514018691
-7.476635514018691
-7.446808510638298
-7.4074074074074066
-7.368421052631578
-7.368421052631578
-7.368421052631578
-7.368421052631578
-7.368421052631578
-7.368421052631578
-7.339449541284404
-7.339449541284404
-7.339449541284404
-7.291666666666667
-7.291666666666667
-7.291666666666667
-7.291666666666667
-7.291666666666667
-7.291666666666667
-7.291666666666667
-7.291666666666667
-7.291666666666667
-7.291666666666667
-7.291666666666667
-7.291666666666667
-7.291666666666667
-7.291666666666667
-7.291666666666667
-7.291666666666667
-7.291666666666667
-7.291666666666667
-7.291666666666667
-7.291666666666667
-7.291666666666667
-7.291666666666667
-7.291666666666667
-7.291666666666667
-7.291666666666667
-7.291666666666667
-7.291666666666667
-7.291666666666667
-7.291666666666667
-7.2727272727272725
-7.2727272727272725
-7.2727272727272725
-7.2727272727272725
-7.2727272727272725
-7.2727272727272725
-7.2727272727272725
-7.2727272727272725
-7.2727272727272725
-7.216494845360824
-7.216494845360824
-7.216494845360824
-7.216494845360824
-7.216494845360824
-7.216494845360824
-7.216494845360824
-7.216494845360824
-7.216494845360824
-7.216494845360824
-7.216494845360824
-7.216494845360824
-7.216494845360824
-7.216494845360824
-7.216494845360824
-7.216494845360824
-7.216494845360824
-7.216494845360824
-7.216494845360824
-7.216494845360824
-7.216494845360824
-7.216494845360824
-7.216494845360824
-7.216494845360824
-7.216494845360824
-7.216494845360824
-7.216494845360824
-7.207207207207207
-7.207207207207207
-7.207207207207207
-7.207207207207207
-7.207207207207207
-7.207207207207207
-7.207207207207207
-7.142857142857142
-7.142857142857142
-7.142857142857142
-7.142857142857142
-7.142857142857142
-7.142857142857142
-7.142857142857142
-7.142857142857142
-7.142857142857142
-7.142857142857142
-7.142857142857142
-7.142857142857142
-7.142857142857142
-7.142857142857142
-7.142857142857142
-7.142857142857142
-7.142857142857142
-7.142857142857142
-7.142857142857142
-7.142857142857142
-7.142857142857142
-7.142857142857142
-7.142857142857142
-7.142857142857142
-7.142857142857142
-7.142857142857142
-7.142857142857142
-7.142857142857142
-7.142857142857142
-7.142857142857142
-7.142857142857142
-7.142857142857142
-7.142857142857142
-7.142857142857142
-7.142857142857142
-7.142857142857142
-7.142857142857142
-7.142857142857142
-7.142857142857142
-7.142857142857142
-7.142857142857142
-7.079646017699115
-7.079646017699115
-7.07070707070707
-7.07070707070707
-7.07070707070707
-7.07070707070707
-7.07070707070707
-7.07070707070707
-7.07070707070707
-7.07070707070707
-7.07070707070707
-7.07070707070707
-7.07070707070707
-7.07070707070707
-7.07070707070707
-7.07070707070707
-7.07070707070707
-7.07070707070707
-7.07070707070707
-7.07070707070707
-7.07070707070707
-7.07070707070707
-7.07070707070707
-7.07070707070707
-7.07070707070707
-7.07070707070707
-7.07070707070707
-7.07070707070707
-7.07070707070707
-7.07070707070707
-7.07070707070707
-7.07070707070707
-7.07070707070707
-7.07070707070707
-7.07070707070707
-7.07070707070707
-7.07070707070707
-7.07070707070707
-7.07070707070707
-7.07070707070707
-7.07070707070707
-7.07070707070707
-7.07070707070707
-7.07070707070707
-7.07070707070707
-7.07070707070707
-7.07070707070707
-7.07070707070707
-7.07070707070707
-7.07070707070707
-7.07070707070707
-7.07070707070707
-7.07070707070707
-7.07070707070707
-7.07070707070707
-7.017543859649122
-7.017543859649122
-7.017543859649122
-7.017543859649122
-7.017543859649122
-7.017543859649122
-7.000000000000001
-7.000000000000001
-7.000000000000001
-7.000000000000001
-7.000000000000001
-7.000000000000001
-7.000000000000001
-7.000000000000001
-7.000000000000001
-6.956521739130435
-6.956521739130435
-6.9306930693069315
-6.9306930693069315
-6.9306930693069315
-6.9306930693069315
-6.9306930693069315
-6.9306930693069315
-6.9306930693069315
-6.9306930693069315
-6.9306930693069315
-6.9306930693069315
-6.9306930693069315
-6.9306930693069315
-6.9306930693069315
-6.9306930693069315
-6.896551724137931
-6.862745098039216
-6.862745098039216
-6.862745098039216
-6.862745098039216
-6.862745098039216
-6.862745098039216
-6.862745098039216
-6.862745098039216
-6.862745098039216
-6.862745098039216
-6.862745098039216
-6.862745098039216
-6.862745098039216
-6.796116504854369
-6.796116504854369
-6.730769230769231
-6.666666666666667
-6.666666666666667
-6.666666666666667
-6.666666666666667
-6.666666666666667
-6.666666666666667
-6.60377358490566
-6.60377358490566
-6.60377358490566
-6.5420560747663545
-6.5420560747663545
-6.521739130434782
-6.481481481481481
-6.481481481481481
-6.451612903225806
-6.451612903225806
-6.422018348623854
-6.422018348623854
-6.422018348623854
-6.422018348623854
-6.422018348623854
-6.422018348623854
-6.382978723404255
-6.382978723404255
-6.382978723404255
-6.382978723404255
-6.382978723404255
-6.382978723404255
-6.382978723404255
-6.382978723404255
-6.382978723404255
-6.382978723404255
-6.382978723404255
-6.382978723404255
-6.363636363636363
-6.363636363636363
-6.363636363636363
-6.363636363636363
-6.363636363636363
-6.363636363636363
-6.363636363636363
-6.363636363636363
-6.363636363636363
-6.315789473684211
-6.315789473684211
-6.315789473684211
-6.315789473684211
-6.315789473684211
-6.315789473684211
-6.315789473684211
-6.315789473684211
-6.315789473684211
-6.315789473684211
-6.315789473684211
-6.315789473684211
-6.315789473684211
-6.315789473684211
-6.315789473684211
-6.315789473684211
-6.306306306306306
-6.25
-6.25
-6.25
-6.25
-6.25
-6.25
-6.25
-6.25
-6.25
-6.25
-6.25
-6.25
-6.25
-6.25
-6.25
-6.25
-6.25
-6.25
-6.25
-6.25
-6.25
-6.25
-6.25
-6.25
-6.25
-6.25
-6.25
-6.25
-6.25
-6.25
-6.25
-6.25
-6.25
-6.25
-6.25
-6.25
-6.25
-6.25
-6.25
-6.25
-6.25
-6.25
-6.25
-6.25
-6.25
-6.25
-6.25
-6.25
-6.1946902654867255
-6.1946902654867255
-6.1946902654867255
-6.1946902654867255
-6.1946902654867255
-6.1946902654867255
-6.1946902654867255
-6.1946902654867255
-6.1946902654867255
-6.1946902654867255
-6.185567010309279
-6.185567010309279
-6.185567010309279
-6.185567010309279
-6.185567010309279
-6.185567010309279
-6.185567010309279
-6.185567010309279
-6.185567010309279
-6.185567010309279
-6.185567010309279
-6.185567010309279
-6.185567010309279
-6.185567010309279
-6.185567010309279
-6.185567010309279
-6.185567010309279
-6.185567010309279
-6.185567010309279
-6.185567010309279
-6.185567010309279
-6.185567010309279
-6.185567010309279
-6.185567010309279
-6.185567010309279
-6.140350877192982
-6.140350877192982
-6.140350877192982
-6.122448979591836
-6.122448979591836
-6.122448979591836
-6.122448979591836
-6.122448979591836
-6.122448979591836
-6.122448979591836
-6.122448979591836
-6.122448979591836
-6.122448979591836
-6.122448979591836
-6.122448979591836
-6.122448979591836
-6.122448979591836
-6.122448979591836
-6.122448979591836
-6.122448979591836
-6.122448979591836
-6.122448979591836
-6.122448979591836
-6.122448979591836
-6.122448979591836
-6.122448979591836
-6.122448979591836
-6.122448979591836
-6.122448979591836
-6.122448979591836
-6.122448979591836
-6.122448979591836
-6.122448979591836
-6.122448979591836
-6.122448979591836
-6.122448979591836
-6.122448979591836
-6.122448979591836
-6.122448979591836
-6.122448979591836
-6.122448979591836
-6.122448979591836
-6.122448979591836
-6.122448979591836
-6.122448979591836
-6.122448979591836
-6.122448979591836
-6.122448979591836
-6.122448979591836
-6.122448979591836
-6.122448979591836
-6.122448979591836
-6.122448979591836
-6.122448979591836
-6.122448979591836
-6.122448979591836
-6.122448979591836
-6.122448979591836
-6.122448979591836
-6.122448979591836
-6.122448979591836
-6.122448979591836
-6.122448979591836
-6.122448979591836
-6.122448979591836
-6.122448979591836
-6.122448979591836
-6.122448979591836
-6.122448979591836
-6.122448979591836
-6.122448979591836
-6.086956521739131
-6.086956521739131
-6.0606060606060606
-6.0606060606060606
-6.0606060606060606
-6.0606060606060606
-6.0606060606060606
-6.0606060606060606
-6.0606060606060606
-6.0606060606060606
-6.0606060606060606
-6.0606060606060606
-6.0606060606060606
-6.0606060606060606
-6.0606060606060606
-6.0606060606060606
-6.0606060606060606
-6.0606060606060606
-6.0606060606060606
-6.0606060606060606
-6.0606060606060606
-6.0606060606060606
-6.0606060606060606
-6.0606060606060606
-6.0606060606060606
-6.0606060606060606
-6.0606060606060606
-6.0606060606060606
-6.0606060606060606
-6.0606060606060606
-6.0606060606060606
-6.0344827586206895
-6.0
-6.0
-6.0
-6.0
-6.0
-6.0
-6.0
-6.0
-6.0
-5.9405940594059405
-5.9405940594059405
-5.9405940594059405
-5.9405940594059405
-5.9405940594059405
-5.9405940594059405
-5.9405940594059405
-5.88235294117647
-5.88235294117647
-5.88235294117647
-5.88235294117647
-5.88235294117647
-5.88235294117647
-5.88235294117647
-5.88235294117647
-5.88235294117647
-5.825242718446602
-5.825242718446602
-5.825242718446602
-5.825242718446602
-5.825242718446602
-5.825242718446602
-5.769230769230769
-5.769230769230769
-5.769230769230769
-5.714285714285714
-5.714285714285714
-5.714285714285714
-5.714285714285714
-5.714285714285714
-5.714285714285714
-5.660377358490567
-5.660377358490567
-5.660377358490567
-5.660377358490567
-5.660377358490567
-5.660377358490567
-5.607476635514018
-5.607476635514018
-5.607476635514018
-5.607476635514018
-5.607476635514018
-5.555555555555555
-5.555555555555555
-5.555555555555555
-5.555555555555555
-5.555555555555555
-5.555555555555555
-5.555555555555555
-5.555555555555555
-5.5045871559633035
-5.5045871559633035
-5.5045871559633035
-5.4945054945054945
-5.454545454545454
-5.454545454545454
-5.454545454545454
-5.434782608695652
-5.434782608695652
-5.434782608695652
-5.434782608695652
-5.434782608695652
-5.405405405405405
-5.405405405405405
-5.405405405405405
-5.405405405405405
-5.405405405405405
-5.376344086021505
-5.376344086021505
-5.376344086021505
-5.376344086021505
-5.376344086021505
-5.376344086021505
-5.376344086021505
-5.376344086021505
-5.376344086021505
-5.376344086021505
-5.376344086021505
-5.376344086021505
-5.376344086021505
-5.376344086021505
-5.376344086021505
-5.376344086021505
-5.376344086021505
-5.376344086021505
-5.376344086021505
-5.376344086021505
-5.376344086021505
-5.376344086021505
-5.376344086021505
-5.376344086021505
-5.376344086021505
-5.376344086021505
-5.376344086021505
-5.376344086021505
-5.357142857142857
-5.357142857142857
-5.357142857142857
-5.357142857142857
-5.357142857142857
-5.357142857142857
-5.357142857142857
-5.357142857142857
-5.357142857142857
-5.357142857142857
-5.319148936170213
-5.319148936170213
-5.319148936170213
-5.319148936170213
-5.319148936170213
-5.319148936170213
-5.319148936170213
-5.319148936170213
-5.319148936170213
-5.319148936170213
-5.319148936170213
-5.319148936170213
-5.319148936170213
-5.319148936170213
-5.319148936170213
-5.319148936170213
-5.319148936170213
-5.319148936170213
-5.319148936170213
-5.319148936170213
-5.319148936170213
-5.319148936170213
-5.319148936170213
-5.319148936170213
-5.319148936170213
-5.319148936170213
-5.319148936170213
-5.319148936170213
-5.319148936170213
-5.319148936170213
-5.3097345132743365
-5.3097345132743365
-5.3097345132743365
-5.3097345132743365
-5.263157894736842
-5.263157894736842
-5.263157894736842
-5.263157894736842
-5.263157894736842
-5.263157894736842
-5.263157894736842
-5.263157894736842
-5.263157894736842
-5.263157894736842
-5.263157894736842
-5.263157894736842
-5.263157894736842
-5.263157894736842
-5.263157894736842
-5.263157894736842
-5.263157894736842
-5.263157894736842
-5.263157894736842
-5.263157894736842
-5.263157894736842
-5.263157894736842
-5.263157894736842
-5.263157894736842
-5.263157894736842
-5.263157894736842
-5.263157894736842
-5.263157894736842
-5.263157894736842
-5.263157894736842
-5.263157894736842
-5.263157894736842
-5.263157894736842
-5.263157894736842
-5.263157894736842
-5.263157894736842
-5.263157894736842
-5.263157894736842
-5.263157894736842
-5.263157894736842
-5.263157894736842
-5.263157894736842
-5.263157894736842
-5.217391304347826
-5.208333333333334
-5.208333333333334
-5.208333333333334
-5.208333333333334
-5.208333333333334
-5.208333333333334
-5.208333333333334
-5.208333333333334
-5.208333333333334
-5.208333333333334
-5.208333333333334
-5.208333333333334
-5.208333333333334
-5.208333333333334
-5.208333333333334
-5.208333333333334
-5.208333333333334
-5.208333333333334
-5.208333333333334
-5.208333333333334
-5.208333333333334
-5.208333333333334
-5.208333333333334
-5.208333333333334
-5.208333333333334
-5.208333333333334
-5.208333333333334
-5.172413793103448
-5.154639175257731
-5.154639175257731
-5.154639175257731
-5.154639175257731
-5.154639175257731
-5.154639175257731
-5.154639175257731
-5.154639175257731
-5.154639175257731
-5.154639175257731
-5.154639175257731
-5.154639175257731
-5.154639175257731
-5.154639175257731
-5.154639175257731
-5.154639175257731
-5.154639175257731
-5.154639175257731
-5.154639175257731
-5.154639175257731
-5.154639175257731
-5.154639175257731
-5.154639175257731
-5.154639175257731
-5.154639175257731
-5.154639175257731
-5.154639175257731
-5.154639175257731
-5.154639175257731
-5.154639175257731
-5.154639175257731
-5.154639175257731
-5.154639175257731
-5.154639175257731
-5.154639175257731
-5.154639175257731
-5.154639175257731
-5.154639175257731
-5.154639175257731
-5.154639175257731
-5.154639175257731
-5.154639175257731
-5.154639175257731
-5.154639175257731
-5.154639175257731
-5.154639175257731
-5.154639175257731
-5.154639175257731
-5.154639175257731
-5.154639175257731
-5.154639175257731
-5.154639175257731
-5.154639175257731
-5.154639175257731
-5.154639175257731
-5.154639175257731
-5.154639175257731
-5.154639175257731
-5.154639175257731
-5.154639175257731
-5.154639175257731
-5.1020408163265305
-5.1020408163265305
-5.1020408163265305
-5.1020408163265305
-5.1020408163265305
-5.1020408163265305
-5.1020408163265305
-5.1020408163265305
-5.1020408163265305
-5.1020408163265305
-5.1020408163265305
-5.1020408163265305
-5.1020408163265305
-5.1020408163265305
-5.1020408163265305
-5.1020408163265305
-5.1020408163265305
-5.1020408163265305
-5.1020408163265305
-5.1020408163265305
-5.1020408163265305
-5.1020408163265305
-5.1020408163265305
-5.1020408163265305
-5.1020408163265305
-5.1020408163265305
-5.1020408163265305
-5.1020408163265305
-5.1020408163265305
-5.1020408163265305
-5.1020408163265305
-5.1020408163265305
-5.1020408163265305
-5.1020408163265305
-5.1020408163265305
-5.1020408163265305
-5.1020408163265305
-5.1020408163265305
-5.1020408163265305
-5.1020408163265305
-5.1020408163265305
-5.1020408163265305
-5.1020408163265305
-5.1020408163265305
-5.1020408163265305
-5.1020408163265305
-5.1020408163265305
-5.1020408163265305
-5.1020408163265305
-5.05050505050505
-5.05050505050505
-5.05050505050505
-5.05050505050505
-5.05050505050505
-5.05050505050505
-5.05050505050505
-5.05050505050505
-5.05050505050505
-5.05050505050505
-5.05050505050505
-5.05050505050505
-5.05050505050505
-5.05050505050505
-5.05050505050505
-5.05050505050505
-5.05050505050505
-5.05050505050505
-5.05050505050505
-5.05050505050505
-5.05050505050505
-5.05050505050505
-5.05050505050505
-5.05050505050505
-5.05050505050505
-5.05050505050505
-5.05050505050505
-5.05050505050505
-5.05050505050505
-5.05050505050505
-5.05050505050505
-5.0
-5.0
-5.0
-5.0
-5.0
-5.0
-4.9504950495049505
-4.9504950495049505
-4.9504950495049505
-4.9504950495049505
-4.901960784313726
-4.901960784313726
-4.901960784313726
-4.901960784313726
-4.901960784313726
-4.901960784313726
-4.901960784313726
-4.854368932038835
-4.854368932038835
-4.854368932038835
-4.854368932038835
-4.854368932038835
-4.854368932038835
-4.854368932038835
-4.854368932038835
-4.854368932038835
-4.854368932038835
-4.854368932038835
-4.854368932038835
-4.807692307692308
-4.807692307692308
-4.807692307692308
-4.807692307692308
-4.807692307692308
-4.807692307692308
-4.761904761904762
-4.761904761904762
-4.716981132075472
-4.716981132075472
-4.716981132075472
-4.716981132075472
-4.716981132075472
-4.716981132075472
-4.716981132075472
-4.716981132075472
-4.716981132075472
-4.716981132075472
-4.672897196261682
-4.672897196261682
-4.672897196261682
-4.672897196261682
-4.672897196261682
-4.672897196261682
-4.672897196261682
-4.672897196261682
-4.672897196261682
-4.672897196261682
-4.672897196261682
-4.672897196261682
-4.62962962962963
-4.62962962962963
-4.62962962962963
-4.62962962962963
-4.587155963302752
-4.587155963302752
-4.587155963302752
-4.587155963302752
-4.587155963302752
-4.545454545454546
-4.545454545454546
-4.545454545454546
-4.545454545454546
-4.545454545454546
-4.545454545454546
-4.545454545454546
-4.545454545454546
-4.545454545454546
-4.545454545454546
-4.545454545454546
-4.545454545454546
-4.504504504504505
-4.504504504504505
-4.504504504504505
-4.504504504504505
-4.504504504504505
-4.504504504504505
-4.504504504504505
-4.504504504504505
-4.504504504504505
-4.504504504504505
-4.504504504504505
-4.504504504504505
-4.504504504504505
-4.504504504504505
-4.504504504504505
-4.504504504504505
-4.504504504504505
-4.504504504504505
-4.504504504504505
-4.464285714285714
-4.464285714285714
-4.464285714285714
-4.464285714285714
-4.464285714285714
-4.444444444444445
-4.424778761061947
-4.424778761061947
-4.424778761061947
-4.395604395604396
-4.385964912280701
-4.385964912280701
-4.3478260869565215
-4.3478260869565215
-4.3478260869565215
-4.3478260869565215
-4.3478260869565215
-4.3478260869565215
-4.3478260869565215
-4.3478260869565215
-4.3478260869565215
-4.3478260869565215
-4.3478260869565215
-4.3478260869565215
-4.3478260869565215
-4.3478260869565215
-4.3478260869565215
-4.3478260869565215
-4.3478260869565215
-4.3478260869565215
-4.3478260869565215
-4.3478260869565215
-4.3478260869565215
-4.3478260869565215
-4.3478260869565215
-4.3478260869565215
-4.3478260869565215
-4.3478260869565215
-4.301075268817205
-4.301075268817205
-4.301075268817205
-4.301075268817205
-4.301075268817205
-4.301075268817205
-4.301075268817205
-4.301075268817205
-4.301075268817205
-4.301075268817205
-4.301075268817205
-4.301075268817205
-4.301075268817205
-4.301075268817205
-4.301075268817205
-4.301075268817205
-4.301075268817205
-4.301075268817205
-4.301075268817205
-4.301075268817205
-4.301075268817205
-4.301075268817205
-4.301075268817205
-4.301075268817205
-4.301075268817205
-4.301075268817205
-4.301075268817205
-4.301075268817205
-4.301075268817205
-4.301075268817205
-4.301075268817205
-4.25531914893617
-4.25531914893617
-4.25531914893617
-4.25531914893617
-4.25531914893617
-4.25531914893617
-4.25531914893617
-4.25531914893617
-4.25531914893617
-4.25531914893617
-4.25531914893617
-4.25531914893617
-4.25531914893617
-4.25531914893617
-4.25531914893617
-4.25531914893617
-4.25531914893617
-4.25531914893617
-4.25531914893617
-4.25531914893617
-4.25531914893617
-4.25531914893617
-4.25531914893617
-4.25531914893617
-4.25531914893617
-4.25531914893617
-4.25531914893617
-4.25531914893617
-4.25531914893617
-4.25531914893617
-4.25531914893617
-4.25531914893617
-4.25531914893617
-4.25531914893617
-4.25531914893617
-4.25531914893617
-4.25531914893617
-4.25531914893617
-4.25531914893617
-4.25531914893617
-4.25531914893617
-4.25531914893617
-4.25531914893617
-4.25531914893617
-4.25531914893617
-4.25531914893617
-4.25531914893617
-4.25531914893617
-4.25531914893617
-4.25531914893617
-4.25531914893617
-4.25531914893617
-4.25531914893617
-4.25531914893617
-4.25531914893617
-4.25531914893617
-4.25531914893617
-4.25531914893617
-4.25531914893617
-4.25531914893617
-4.25531914893617
-4.25531914893617
-4.2105263157894735
-4.2105263157894735
-4.2105263157894735
-4.2105263157894735
-4.2105263157894735
-4.2105263157894735
-4.2105263157894735
-4.2105263157894735
-4.2105263157894735
-4.2105263157894735
-4.2105263157894735
-4.2105263157894735
-4.2105263157894735
-4.2105263157894735
-4.2105263157894735
-4.2105263157894735
-4.2105263157894735
-4.2105263157894735
-4.2105263157894735
-4.2105263157894735
-4.2105263157894735
-4.2105263157894735
-4.166666666666666
-4.166666666666666
-4.166666666666666
-4.166666666666666
-4.166666666666666
-4.166666666666666
-4.166666666666666
-4.166666666666666
-4.166666666666666
-4.166666666666666
-4.166666666666666
-4.166666666666666
-4.166666666666666
-4.166666666666666
-4.166666666666666
-4.166666666666666
-4.166666666666666
-4.166666666666666
-4.166666666666666
-4.166666666666666
-4.166666666666666
-4.166666666666666
-4.166666666666666
-4.166666666666666
-4.166666666666666
-4.166666666666666
-4.166666666666666
-4.166666666666666
-4.166666666666666
-4.166666666666666
-4.166666666666666
-4.166666666666666
-4.166666666666666
-4.166666666666666
-4.166666666666666
-4.166666666666666
-4.166666666666666
-4.166666666666666
-4.166666666666666
-4.166666666666666
-4.166666666666666
-4.166666666666666
-4.166666666666666
-4.166666666666666
-4.166666666666666
-4.166666666666666
-4.166666666666666
-4.166666666666666
-4.166666666666666
-4.166666666666666
-4.166666666666666
-4.166666666666666
-4.166666666666666
-4.166666666666666
-4.166666666666666
-4.166666666666666
-4.166666666666666
-4.166666666666666
-4.166666666666666
-4.166666666666666
-4.166666666666666
-4.166666666666666
-4.166666666666666
-4.166666666666666
-4.166666666666666
-4.123711340206185
-4.123711340206185
-4.123711340206185
-4.123711340206185
-4.123711340206185
-4.123711340206185
-4.123711340206185
-4.123711340206185
-4.123711340206185
-4.123711340206185
-4.123711340206185
-4.123711340206185
-4.123711340206185
-4.123711340206185
-4.123711340206185
-4.123711340206185
-4.123711340206185
-4.123711340206185
-4.123711340206185
-4.123711340206185
-4.123711340206185
-4.123711340206185
-4.123711340206185
-4.123711340206185
-4.123711340206185
-4.123711340206185
-4.123711340206185
-4.123711340206185
-4.123711340206185
-4.081632653061225
-4.081632653061225
-4.081632653061225
-4.081632653061225
-4.081632653061225
-4.081632653061225
-4.081632653061225
-4.081632653061225
-4.081632653061225
-4.081632653061225
-4.081632653061225
-4.081632653061225
-4.081632653061225
-4.081632653061225
-4.081632653061225
-4.081632653061225
-4.081632653061225
-4.081632653061225
-4.081632653061225
-4.081632653061225
-4.081632653061225
-4.081632653061225
-4.081632653061225
-4.081632653061225
-4.081632653061225
-4.081632653061225
-4.081632653061225
-4.081632653061225
-4.081632653061225
-4.081632653061225
-4.081632653061225
-4.081632653061225
-4.081632653061225
-4.081632653061225
-4.081632653061225
-4.081632653061225
-4.081632653061225
-4.081632653061225
-4.081632653061225
-4.081632653061225
-4.081632653061225
-4.081632653061225
-4.081632653061225
-4.081632653061225
-4.081632653061225
-4.081632653061225
-4.081632653061225
-4.081632653061225
-4.081632653061225
-4.040404040404041
-4.040404040404041
-4.040404040404041
-4.040404040404041
-4.0
-4.0
-3.9603960396039604
-3.9215686274509802
-3.9215686274509802
-3.9215686274509802
-3.9215686274509802
-3.9215686274509802
-3.9215686274509802
-3.9215686274509802
-3.9215686274509802
-3.9215686274509802
-3.9215686274509802
-3.9215686274509802
-3.9215686274509802
-3.9215686274509802
-3.9215686274509802
-3.9215686274509802
-3.9215686274509802
-3.9215686274509802
-3.9215686274509802
-3.9215686274509802
-3.9215686274509802
-3.9215686274509802
-3.8834951456310676
-3.8834951456310676
-3.8834951456310676
-3.8834951456310676
-3.8834951456310676
-3.8461538461538463
-3.8461538461538463
-3.8095238095238098
-3.8095238095238098
-3.8095238095238098
-3.8095238095238098
-3.7735849056603774
-3.7735849056603774
-3.7735849056603774
-3.7735849056603774
-3.7735849056603774
-3.7735849056603774
-3.7735849056603774
-3.7735849056603774
-3.7735849056603774
-3.7735849056603774
-3.7735849056603774
-3.7735849056603774
-3.7735849056603774
-3.7735849056603774
-3.7735849056603774
-3.7735849056603774
-3.7735849056603774
-3.7735849056603774
-3.7383177570093453
-3.7383177570093453
-3.7383177570093453
-3.7383177570093453
-3.7383177570093453
-3.7383177570093453
-3.7383177570093453
-3.7383177570093453
-3.7383177570093453
-3.7383177570093453
-3.7383177570093453
-3.7037037037037033
-3.7037037037037033
-3.7037037037037033
-3.7037037037037033
-3.7037037037037033
-3.7037037037037033
-3.669724770642202
-3.669724770642202
-3.669724770642202
-3.669724770642202
-3.669724770642202
-3.669724770642202
-3.6363636363636362
-3.6363636363636362
-3.6363636363636362
-3.6363636363636362
-3.6363636363636362
-3.6363636363636362
-3.6363636363636362
-3.6363636363636362
-3.6363636363636362
-3.6363636363636362
-3.6363636363636362
-3.6363636363636362
-3.6363636363636362
-3.6363636363636362
-3.6363636363636362
-3.6363636363636362
-3.6363636363636362
-3.6363636363636362
-3.6036036036036037
-3.6036036036036037
-3.6036036036036037
-3.6036036036036037
-3.6036036036036037
-3.6036036036036037
-3.6036036036036037
-3.6036036036036037
-3.6036036036036037
-3.6036036036036037
-3.6036036036036037
-3.6036036036036037
-3.6036036036036037
-3.6036036036036037
-3.6036036036036037
-3.6036036036036037
-3.6036036036036037
-3.6036036036036037
-3.6036036036036037
-3.6036036036036037
-3.6036036036036037
-3.571428571428571
-3.571428571428571
-3.571428571428571
-3.5398230088495577
-3.5398230088495577
-3.5398230088495577
-3.508771929824561
-3.508771929824561
-3.4782608695652173
-3.418803418803419
-3.3707865168539324
-3.3333333333333335
-3.3333333333333335
-3.3333333333333335
-3.3333333333333335
-3.3333333333333335
-3.296703296703297
-3.296703296703297
-3.296703296703297
-3.296703296703297
-3.296703296703297
-3.296703296703297
-3.296703296703297
-3.296703296703297
-3.296703296703297
-3.296703296703297
-3.260869565217391
-3.260869565217391
-3.260869565217391
-3.260869565217391
-3.260869565217391
-3.260869565217391
-3.260869565217391
-3.260869565217391
-3.260869565217391
-3.260869565217391
-3.260869565217391
-3.260869565217391
-3.260869565217391
-3.260869565217391
-3.260869565217391
-3.260869565217391
-3.260869565217391
-3.260869565217391
-3.260869565217391
-3.260869565217391
-3.260869565217391
-3.260869565217391
-3.260869565217391
-3.260869565217391
-3.260869565217391
-3.260869565217391
-3.260869565217391
-3.260869565217391
-3.260869565217391
-3.260869565217391
-3.260869565217391
-3.260869565217391
-3.260869565217391
-3.260869565217391
-3.260869565217391
-3.260869565217391
-3.225806451612903
-3.225806451612903
-3.225806451612903
-3.225806451612903
-3.225806451612903
-3.225806451612903
-3.225806451612903
-3.225806451612903
-3.225806451612903
-3.225806451612903
-3.225806451612903
-3.225806451612903
-3.225806451612903
-3.225806451612903
-3.225806451612903
-3.225806451612903
-3.225806451612903
-3.225806451612903
-3.225806451612903
-3.225806451612903
-3.225806451612903
-3.225806451612903
-3.225806451612903
-3.225806451612903
-3.225806451612903
-3.225806451612903
-3.225806451612903
-3.225806451612903
-3.225806451612903
-3.225806451612903
-3.225806451612903
-3.225806451612903
-3.225806451612903
-3.225806451612903
-3.225806451612903
-3.225806451612903
-3.225806451612903
-3.225806451612903
-3.225806451612903
-3.225806451612903
-3.225806451612903
-3.225806451612903
-3.225806451612903
-3.225806451612903
-3.225806451612903
-3.225806451612903
-3.225806451612903
-3.225806451612903
-3.225806451612903
-3.225806451612903
-3.225806451612903
-3.225806451612903
-3.225806451612903
-3.225806451612903
-3.225806451612903
-3.225806451612903
-3.225806451612903
-3.225806451612903
-3.225806451612903
-3.225806451612903
-3.225806451612903
-3.225806451612903
-3.225806451612903
-3.225806451612903
-3.225806451612903
-3.225806451612903
-3.225806451612903
-3.225806451612903
-3.225806451612903
-3.225806451612903
-3.225806451612903
-3.225806451612903
-3.225806451612903
-3.225806451612903
-3.225806451612903
-3.225806451612903
-3.225806451612903
-3.225806451612903
-3.225806451612903
-3.225806451612903
-3.225806451612903
-3.225806451612903
-3.225806451612903
-3.225806451612903
-3.225806451612903
-3.225806451612903
-3.1914893617021276
-3.1914893617021276
-3.1914893617021276
-3.1914893617021276
-3.1914893617021276
-3.1914893617021276
-3.1914893617021276
-3.1914893617021276
-3.1914893617021276
-3.1914893617021276
-3.1914893617021276
-3.1914893617021276
-3.1914893617021276
-3.1914893617021276
-3.1914893617021276
-3.1914893617021276
-3.1914893617021276
-3.1914893617021276
-3.1914893617021276
-3.1914893617021276
-3.1914893617021276
-3.1914893617021276
-3.1914893617021276
-3.1914893617021276
-3.1914893617021276
-3.1914893617021276
-3.1914893617021276
-3.1914893617021276
-3.1914893617021276
-3.1914893617021276
-3.1914893617021276
-3.1914893617021276
-3.1914893617021276
-3.1914893617021276
-3.1914893617021276
-3.1914893617021276
-3.1914893617021276
-3.1914893617021276
-3.1914893617021276
-3.1914893617021276
-3.1578947368421053
-3.1578947368421053
-3.1578947368421053
-3.1578947368421053
-3.1578947368421053
-3.1578947368421053
-3.1578947368421053
-3.1578947368421053
-3.1578947368421053
-3.1578947368421053
-3.1578947368421053
-3.1578947368421053
-3.1578947368421053
-3.1578947368421053
-3.1578947368421053
-3.1578947368421053
-3.1578947368421053
-3.1578947368421053
-3.1578947368421053
-3.1578947368421053
-3.1578947368421053
-3.1578947368421053
-3.1578947368421053
-3.1578947368421053
-3.1578947368421053
-3.1578947368421053
-3.1578947368421053
-3.1578947368421053
-3.1578947368421053
-3.1578947368421053
-3.1578947368421053
-3.1578947368421053
-3.1578947368421053
-3.1578947368421053
-3.1578947368421053
-3.1578947368421053
-3.1578947368421053
-3.1578947368421053
-3.1578947368421053
-3.1578947368421053
-3.1578947368421053
-3.1578947368421053
-3.1578947368421053
-3.1578947368421053
-3.1578947368421053
-3.1578947368421053
-3.1578947368421053
-3.1578947368421053
-3.1578947368421053
-3.1578947368421053
-3.1578947368421053
-3.1578947368421053
-3.1578947368421053
-3.1578947368421053
-3.1578947368421053
-3.125
-3.125
-3.125
-3.125
-3.125
-3.125
-3.125
-3.125
-3.125
-3.125
-3.125
-3.125
-3.125
-3.125
-3.125
-3.125
-3.125
-3.125
-3.125
-3.125
-3.125
-3.125
-3.125
-3.125
-3.125
-3.125
-3.125
-3.125
-3.125
-3.125
-3.0927835051546393
-3.0927835051546393
-3.0927835051546393
-3.0927835051546393
-3.0927835051546393
-3.0927835051546393
-3.0927835051546393
-3.0927835051546393
-3.0927835051546393
-3.0927835051546393
-3.0927835051546393
-3.0927835051546393
-3.0927835051546393
-3.0927835051546393
-3.0927835051546393
-3.0927835051546393
-3.0927835051546393
-3.0927835051546393
-3.0927835051546393
-3.0927835051546393
-3.0927835051546393
-3.0927835051546393
-3.0927835051546393
-3.0927835051546393
-3.0927835051546393
-3.0927835051546393
-3.0927835051546393
-3.0927835051546393
-3.0927835051546393
-3.0927835051546393
-3.0927835051546393
-3.0927835051546393
-3.0927835051546393
-3.0927835051546393
-3.0927835051546393
-3.0927835051546393
-3.0927835051546393
-3.061224489795918
-3.061224489795918
-3.061224489795918
-3.061224489795918
-3.061224489795918
-3.061224489795918
-3.061224489795918
-3.061224489795918
-3.061224489795918
-3.061224489795918
-3.0303030303030303
-3.0303030303030303
-3.0303030303030303
-3.0303030303030303
-3.0
-2.9702970297029703
-2.9702970297029703
-2.9702970297029703
-2.9702970297029703
-2.9702970297029703
-2.9702970297029703
-2.9702970297029703
-2.941176470588235
-2.941176470588235
-2.941176470588235
-2.941176470588235
-2.941176470588235
-2.941176470588235
-2.941176470588235
-2.941176470588235
-2.941176470588235
-2.941176470588235
-2.941176470588235
-2.941176470588235
-2.941176470588235
-2.941176470588235
-2.912621359223301
-2.912621359223301
-2.912621359223301
-2.912621359223301
-2.8846153846153846
-2.8846153846153846
-2.857142857142857
-2.857142857142857
-2.857142857142857
-2.857142857142857
-2.857142857142857
-2.857142857142857
-2.857142857142857
-2.857142857142857
-2.857142857142857
-2.857142857142857
-2.857142857142857
-2.857142857142857
-2.857142857142857
-2.857142857142857
-2.857142857142857
-2.8301886792452833
-2.8301886792452833
-2.8301886792452833
-2.8301886792452833
-2.8301886792452833
-2.8301886792452833
-2.803738317757009
-2.7777777777777777
-2.7777777777777777
-2.7777777777777777
-2.7777777777777777
-2.7777777777777777
-2.7777777777777777
-2.7777777777777777
-2.7777777777777777
-2.7522935779816518
-2.7522935779816518
-2.7522935779816518
-2.7522935779816518
-2.7522935779816518
-2.7522935779816518
-2.7522935779816518
-2.7522935779816518
-2.7522935779816518
-2.7522935779816518
-2.7522935779816518
-2.7522935779816518
-2.727272727272727
-2.727272727272727
-2.727272727272727
-2.727272727272727
-2.727272727272727
-2.727272727272727
-2.727272727272727
-2.727272727272727
-2.7027027027027026
-2.7027027027027026
-2.7027027027027026
-2.7027027027027026
-2.7027027027027026
-2.7027027027027026
-2.6785714285714284
-2.6785714285714284
-2.6785714285714284
-2.6548672566371683
-2.631578947368421
-2.631578947368421
-2.586206896551724
-2.272727272727273
-2.2222222222222223
-2.2222222222222223
-2.2222222222222223
-2.2222222222222223
-2.2222222222222223
-2.2222222222222223
-2.2222222222222223
-2.2222222222222223
-2.2222222222222223
-2.2222222222222223
-2.2222222222222223
-2.197802197802198
-2.197802197802198
-2.197802197802198
-2.197802197802198
-2.197802197802198
-2.197802197802198
-2.197802197802198
-2.197802197802198
-2.197802197802198
-2.197802197802198
-2.197802197802198
-2.197802197802198
-2.197802197802198
-2.197802197802198
-2.197802197802198
-2.1739130434782608
-2.1739130434782608
-2.1739130434782608
-2.1739130434782608
-2.1739130434782608
-2.1739130434782608
-2.1739130434782608
-2.1739130434782608
-2.1739130434782608
-2.1739130434782608
-2.1739130434782608
-2.1739130434782608
-2.1739130434782608
-2.1739130434782608
-2.1739130434782608
-2.1739130434782608
-2.1739130434782608
-2.1739130434782608
-2.1739130434782608
-2.1739130434782608
-2.1739130434782608
-2.1739130434782608
-2.1739130434782608
-2.1739130434782608
-2.1739130434782608
-2.1739130434782608
-2.1739130434782608
-2.1739130434782608
-2.1739130434782608
-2.1739130434782608
-2.1739130434782608
-2.1739130434782608
-2.1739130434782608
-2.1739130434782608
-2.1739130434782608
-2.1739130434782608
-2.1739130434782608
-2.1739130434782608
-2.1739130434782608
-2.1739130434782608
-2.1739130434782608
-2.1739130434782608
-2.1739130434782608
-2.1739130434782608
-2.1739130434782608
-2.1739130434782608
-2.1739130434782608
-2.1739130434782608
-2.1739130434782608
-2.1739130434782608
-2.1739130434782608
-2.1739130434782608
-2.1739130434782608
-2.1739130434782608
-2.1739130434782608
-2.1739130434782608
-2.1739130434782608
-2.1739130434782608
-2.1739130434782608
-2.1739130434782608
-2.1739130434782608
-2.1739130434782608
-2.1739130434782608
-2.1739130434782608
-2.1739130434782608
-2.1739130434782608
-2.1739130434782608
-2.1739130434782608
-2.1739130434782608
-2.1739130434782608
-2.1739130434782608
-2.1739130434782608
-2.1739130434782608
-2.1739130434782608
-2.1739130434782608
-2.1739130434782608
-2.1739130434782608
-2.1739130434782608
-2.1739130434782608
-2.1739130434782608
-2.1739130434782608
-2.1739130434782608
-2.1739130434782608
-2.1739130434782608
-2.1739130434782608
-2.1739130434782608
-2.1739130434782608
-2.1739130434782608
-2.1739130434782608
-2.1739130434782608
-2.1739130434782608
-2.1739130434782608
-2.1739130434782608
-2.1739130434782608
-2.1739130434782608
-2.1739130434782608
-2.1739130434782608
-2.1739130434782608
-2.1505376344086025
-2.1505376344086025
-2.1505376344086025
-2.1505376344086025
-2.1505376344086025
-2.1505376344086025
-2.1505376344086025
-2.1505376344086025
-2.1505376344086025
-2.1505376344086025
-2.1505376344086025
-2.1505376344086025
-2.1505376344086025
-2.1505376344086025
-2.1505376344086025
-2.1505376344086025
-2.1505376344086025
-2.1505376344086025
-2.1505376344086025
-2.1505376344086025
-2.1505376344086025
-2.1505376344086025
-2.1505376344086025
-2.1505376344086025
-2.1505376344086025
-2.1505376344086025
-2.1505376344086025
-2.1505376344086025
-2.1505376344086025
-2.1505376344086025
-2.1505376344086025
-2.1505376344086025
-2.1505376344086025
-2.1505376344086025
-2.1505376344086025
-2.1505376344086025
-2.1505376344086025
-2.1505376344086025
-2.1505376344086025
-2.1505376344086025
-2.1505376344086025
-2.1505376344086025
-2.1505376344086025
-2.1505376344086025
-2.1505376344086025
-2.1505376344086025
-2.1505376344086025
-2.1505376344086025
-2.1505376344086025
-2.127659574468085
-2.127659574468085
-2.127659574468085
-2.127659574468085
-2.127659574468085
-2.127659574468085
-2.127659574468085
-2.127659574468085
-2.127659574468085
-2.127659574468085
-2.127659574468085
-2.127659574468085
-2.127659574468085
-2.127659574468085
-2.127659574468085
-2.127659574468085
-2.127659574468085
-2.127659574468085
-2.127659574468085
-2.127659574468085
-2.127659574468085
-2.127659574468085
-2.127659574468085
-2.127659574468085
-2.127659574468085
-2.127659574468085
-2.127659574468085
-2.127659574468085
-2.127659574468085
-2.127659574468085
-2.127659574468085
-2.127659574468085
-2.127659574468085
-2.127659574468085
-2.127659574468085
-2.127659574468085
-2.127659574468085
-2.127659574468085
-2.127659574468085
-2.127659574468085
-2.127659574468085
-2.127659574468085
-2.127659574468085
-2.127659574468085
-2.127659574468085
-2.127659574468085
-2.127659574468085
-2.127659574468085
-2.127659574468085
-2.127659574468085
-2.127659574468085
-2.127659574468085
-2.127659574468085
-2.127659574468085
-2.127659574468085
-2.127659574468085
-2.127659574468085
-2.127659574468085
-2.127659574468085
-2.127659574468085
-2.127659574468085
-2.127659574468085
-2.127659574468085
-2.127659574468085
-2.127659574468085
-2.127659574468085
-2.127659574468085
-2.127659574468085
-2.127659574468085
-2.127659574468085
-2.127659574468085
-2.127659574468085
-2.127659574468085
-2.127659574468085
-2.127659574468085
-2.127659574468085
-2.1052631578947367
-2.1052631578947367
-2.1052631578947367
-2.1052631578947367
-2.1052631578947367
-2.1052631578947367
-2.1052631578947367
-2.1052631578947367
-2.1052631578947367
-2.1052631578947367
-2.1052631578947367
-2.1052631578947367
-2.1052631578947367
-2.1052631578947367
-2.1052631578947367
-2.1052631578947367
-2.1052631578947367
-2.1052631578947367
-2.1052631578947367
-2.1052631578947367
-2.1052631578947367
-2.1052631578947367
-2.1052631578947367
-2.1052631578947367
-2.1052631578947367
-2.083333333333333
-2.083333333333333
-2.083333333333333
-2.083333333333333
-2.083333333333333
-2.083333333333333
-2.083333333333333
-2.083333333333333
-2.083333333333333
-2.083333333333333
-2.083333333333333
-2.083333333333333
-2.083333333333333
-2.083333333333333
-2.083333333333333
-2.083333333333333
-2.083333333333333
-2.083333333333333
-2.083333333333333
-2.083333333333333
-2.083333333333333
-2.083333333333333
-2.083333333333333
-2.083333333333333
-2.083333333333333
-2.083333333333333
-2.083333333333333
-2.083333333333333
-2.083333333333333
-2.083333333333333
-2.083333333333333
-2.083333333333333
-2.0618556701030926
-2.0618556701030926
-2.0618556701030926
-2.0618556701030926
-2.0618556701030926
-2.0618556701030926
-2.0618556701030926
-2.0618556701030926
-2.0618556701030926
-2.0618556701030926
-2.0618556701030926
-2.0618556701030926
-2.0408163265306123
-2.0408163265306123
-2.0408163265306123
-2.0408163265306123
-2.0408163265306123
-2.0408163265306123
-2.0408163265306123
-2.0408163265306123
-2.0408163265306123
-2.0202020202020203
-2.0202020202020203
-2.0202020202020203
-2.0202020202020203
-2.0
-2.0
-2.0
-2.0
-2.0
-2.0
-2.0
-1.9801980198019802
-1.9801980198019802
-1.9801980198019802
-1.9801980198019802
-1.9801980198019802
-1.9801980198019802
-1.9801980198019802
-1.9801980198019802
-1.9607843137254901
-1.9607843137254901
-1.9607843137254901
-1.9607843137254901
-1.9607843137254901
-1.9607843137254901
-1.9607843137254901
-1.9607843137254901
-1.9607843137254901
-1.9607843137254901
-1.9607843137254901
-1.9607843137254901
-1.9417475728155338
-1.9417475728155338
-1.9417475728155338
-1.9417475728155338
-1.9417475728155338
-1.9417475728155338
-1.9417475728155338
-1.9417475728155338
-1.9417475728155338
-1.9417475728155338
-1.9417475728155338
-1.9417475728155338
-1.9417475728155338
-1.9230769230769231
-1.9230769230769231
-1.9230769230769231
-1.9230769230769231
-1.9230769230769231
-1.9230769230769231
-1.9230769230769231
-1.9230769230769231
-1.9230769230769231
-1.9047619047619049
-1.9047619047619049
-1.9047619047619049
-1.9047619047619049
-1.9047619047619049
-1.9047619047619049
-1.9047619047619049
-1.9047619047619049
-1.8867924528301887
-1.8867924528301887
-1.8867924528301887
-1.8867924528301887
-1.8867924528301887
-1.8867924528301887
-1.8867924528301887
-1.8867924528301887
-1.8867924528301887
-1.8691588785046727
-1.8691588785046727
-1.8691588785046727
-1.8691588785046727
-1.8691588785046727
-1.8691588785046727
-1.8691588785046727
-1.8691588785046727
-1.8691588785046727
-1.8518518518518516
-1.8518518518518516
-1.8518518518518516
-1.8518518518518516
-1.8518518518518516
-1.8518518518518516
-1.8518518518518516
-1.8518518518518516
-1.8518518518518516
-1.8518518518518516
-1.8518518518518516
-1.834862385321101
-1.834862385321101
-1.834862385321101
-1.834862385321101
-1.834862385321101
-1.834862385321101
-1.834862385321101
-1.8181818181818181
-1.8181818181818181
-1.8181818181818181
-1.8018018018018018
-1.8018018018018018
-1.8018018018018018
-1.7857142857142856
-1.7699115044247788
-1.7391304347826086
-1.1235955056179776
-1.1235955056179776
-1.1235955056179776
-1.1235955056179776
-1.1235955056179776
-1.1235955056179776
-1.1235955056179776
-1.1235955056179776
-1.1235955056179776
-1.1111111111111112
-1.1111111111111112
-1.1111111111111112
-1.1111111111111112
-1.1111111111111112
-1.1111111111111112
-1.1111111111111112
-1.1111111111111112
-1.098901098901099
-1.098901098901099
-1.098901098901099
-1.098901098901099
-1.098901098901099
-1.098901098901099
-1.098901098901099
-1.098901098901099
-1.098901098901099
-1.098901098901099
-1.098901098901099
-1.098901098901099
-1.098901098901099
-1.098901098901099
-1.098901098901099
-1.098901098901099
-1.098901098901099
-1.098901098901099
-1.098901098901099
-1.098901098901099
-1.098901098901099
-1.098901098901099
-1.098901098901099
-1.098901098901099
-1.098901098901099
-1.098901098901099
-1.098901098901099
-1.098901098901099
-1.098901098901099
-1.098901098901099
-1.098901098901099
-1.098901098901099
-1.0869565217391304
-1.0869565217391304
-1.0869565217391304
-1.0869565217391304
-1.0869565217391304
-1.0869565217391304
-1.0869565217391304
-1.0869565217391304
-1.0869565217391304
-1.0869565217391304
-1.0869565217391304
-1.0869565217391304
-1.0869565217391304
-1.0869565217391304
-1.0869565217391304
-1.0869565217391304
-1.0869565217391304
-1.0869565217391304
-1.0869565217391304
-1.0869565217391304
-1.0869565217391304
-1.0869565217391304
-1.0869565217391304
-1.0869565217391304
-1.0869565217391304
-1.0869565217391304
-1.0869565217391304
-1.0869565217391304
-1.0869565217391304
-1.0869565217391304
-1.0869565217391304
-1.0869565217391304
-1.0869565217391304
-1.0869565217391304
-1.0869565217391304
-1.0869565217391304
-1.0869565217391304
-1.0869565217391304
-1.0869565217391304
-1.0869565217391304
-1.0869565217391304
-1.0869565217391304
-1.0869565217391304
-1.0869565217391304
-1.0869565217391304
-1.0869565217391304
-1.0869565217391304
-1.0869565217391304
-1.0869565217391304
-1.0869565217391304
-1.0869565217391304
-1.0869565217391304
-1.0869565217391304
-1.0869565217391304
-1.0869565217391304
-1.0869565217391304
-1.0869565217391304
-1.0869565217391304
-1.0869565217391304
-1.0869565217391304
-1.0869565217391304
-1.0869565217391304
-1.0869565217391304
-1.0869565217391304
-1.0869565217391304
-1.0869565217391304
-1.0869565217391304
-1.0752688172043012
-1.0752688172043012
-1.0752688172043012
-1.0752688172043012
-1.0752688172043012
-1.0752688172043012
-1.0752688172043012
-1.0752688172043012
-1.0752688172043012
-1.0752688172043012
-1.0752688172043012
-1.0752688172043012
-1.0752688172043012
-1.0752688172043012
-1.0752688172043012
-1.0752688172043012
-1.0752688172043012
-1.0752688172043012
-1.0752688172043012
-1.0752688172043012
-1.0752688172043012
-1.0752688172043012
-1.0752688172043012
-1.0752688172043012
-1.0752688172043012
-1.0752688172043012
-1.0752688172043012
-1.0752688172043012
-1.0752688172043012
-1.0752688172043012
-1.0752688172043012
-1.0752688172043012
-1.0752688172043012
-1.0752688172043012
-1.0752688172043012
-1.0752688172043012
-1.0752688172043012
-1.0752688172043012
-1.0752688172043012
-1.0752688172043012
-1.0752688172043012
-1.0752688172043012
-1.0752688172043012
-1.0752688172043012
-1.0752688172043012
-1.0752688172043012
-1.0752688172043012
-1.0752688172043012
-1.0752688172043012
-1.0752688172043012
-1.0752688172043012
-1.0752688172043012
-1.0752688172043012
-1.0752688172043012
-1.0752688172043012
-1.0752688172043012
-1.0752688172043012
-1.0752688172043012
-1.0752688172043012
-1.0752688172043012
-1.0752688172043012
-1.0752688172043012
-1.0752688172043012
-1.0752688172043012
-1.0752688172043012
-1.0752688172043012
-1.0752688172043012
-1.0752688172043012
-1.0752688172043012
-1.0752688172043012
-1.0752688172043012
-1.0752688172043012
-1.0752688172043012
-1.0752688172043012
-1.0752688172043012
-1.0752688172043012
-1.0752688172043012
-1.0752688172043012
-1.0752688172043012
-1.0752688172043012
-1.0752688172043012
-1.0752688172043012
-1.0752688172043012
-1.0752688172043012
-1.0752688172043012
-1.0752688172043012
-1.0752688172043012
-1.0752688172043012
-1.0752688172043012
-1.0752688172043012
-1.0752688172043012
-1.0752688172043012
-1.0752688172043012
-1.0752688172043012
-1.0752688172043012
-1.0752688172043012
-1.0752688172043012
-1.0752688172043012
-1.0752688172043012
-1.0752688172043012
-1.0752688172043012
-1.0752688172043012
-1.0752688172043012
-1.0752688172043012
-1.0752688172043012
-1.0752688172043012
-1.0638297872340425
-1.0638297872340425
-1.0638297872340425
-1.0638297872340425
-1.0638297872340425
-1.0638297872340425
-1.0638297872340425
-1.0638297872340425
-1.0638297872340425
-1.0638297872340425
-1.0638297872340425
-1.0638297872340425
-1.0638297872340425
-1.0638297872340425
-1.0638297872340425
-1.0638297872340425
-1.0638297872340425
-1.0638297872340425
-1.0638297872340425
-1.0638297872340425
-1.0638297872340425
-1.0638297872340425
-1.0638297872340425
-1.0638297872340425
-1.0638297872340425
-1.0638297872340425
-1.0638297872340425
-1.0638297872340425
-1.0638297872340425
-1.0638297872340425
-1.0638297872340425
-1.0638297872340425
-1.0638297872340425
-1.0638297872340425
-1.0638297872340425
-1.0638297872340425
-1.0638297872340425
-1.0638297872340425
-1.0526315789473684
-1.0526315789473684
-1.0526315789473684
-1.0526315789473684
-1.0526315789473684
-1.0526315789473684
-1.0526315789473684
-1.0526315789473684
-1.0526315789473684
-1.0526315789473684
-1.0526315789473684
-1.0526315789473684
-1.0526315789473684
-1.0526315789473684
-1.0526315789473684
-1.0526315789473684
-1.0526315789473684
-1.0526315789473684
-1.0526315789473684
-1.0526315789473684
-1.0526315789473684
-1.0526315789473684
-1.0526315789473684
-1.0526315789473684
-1.0526315789473684
-1.0526315789473684
-1.0526315789473684
-1.0526315789473684
-1.0416666666666665
-1.0416666666666665
-1.0416666666666665
-1.0416666666666665
-1.0416666666666665
-1.0416666666666665
-1.0416666666666665
-1.0416666666666665
-1.0416666666666665
-1.0416666666666665
-1.0309278350515463
-1.0309278350515463
-1.0309278350515463
-1.0309278350515463
-1.0309278350515463
-1.0309278350515463
-1.0204081632653061
-1.0204081632653061
-1.0204081632653061
-1.0204081632653061
-1.0204081632653061
-1.0204081632653061
-1.0101010101010102
-1.0101010101010102
-1.0101010101010102
-1.0101010101010102
-1.0101010101010102
-1.0101010101010102
-1.0101010101010102
-1.0101010101010102
-1.0101010101010102
-1.0
-1.0
-1.0
-1.0
-0.9900990099009901
-0.9900990099009901
-0.9803921568627451
-0.9803921568627451
-0.9803921568627451
-0.9803921568627451
-0.9803921568627451
-0.9803921568627451
-0.9803921568627451
-0.9803921568627451
-0.9803921568627451
-0.9803921568627451
-0.9803921568627451
-0.9803921568627451
-0.9803921568627451
-0.9803921568627451
-0.9803921568627451
-0.9803921568627451
-0.9803921568627451
-0.9803921568627451
-0.9803921568627451
-0.9803921568627451
-0.9803921568627451
-0.9708737864077669
-0.9708737864077669
-0.9708737864077669
-0.9708737864077669
-0.9708737864077669
-0.9708737864077669
-0.9708737864077669
-0.9708737864077669
-0.9708737864077669
-0.9708737864077669
-0.9708737864077669
-0.9708737864077669
-0.9708737864077669
-0.9708737864077669
-0.9708737864077669
-0.9708737864077669
-0.9708737864077669
-0.9708737864077669
-0.9708737864077669
-0.9708737864077669
-0.9708737864077669
-0.9708737864077669
-0.9708737864077669
-0.9708737864077669
-0.9615384615384616
-0.9615384615384616
-0.9615384615384616
-0.9615384615384616
-0.9615384615384616
-0.9615384615384616
-0.9615384615384616
-0.9615384615384616
-0.9523809523809524
-0.9523809523809524
-0.9523809523809524
-0.9523809523809524
-0.9523809523809524
-0.9433962264150944
-0.9433962264150944
-0.9433962264150944
-0.9433962264150944
-0.9433962264150944
-0.9433962264150944
-0.9433962264150944
-0.9433962264150944
-0.9433962264150944
-0.9433962264150944
-0.9433962264150944
-0.9433962264150944
-0.9433962264150944
-0.9433962264150944
-0.9433962264150944
-0.9433962264150944
-0.9433962264150944
-0.9433962264150944
-0.9345794392523363
-0.9345794392523363
-0.9345794392523363
-0.9345794392523363
-0.9345794392523363
-0.9345794392523363
-0.9345794392523363
-0.9345794392523363
-0.9345794392523363
-0.9345794392523363
-0.9345794392523363
-0.9345794392523363
-0.9345794392523363
-0.9345794392523363
-0.9345794392523363
-0.9345794392523363
-0.9345794392523363
-0.9345794392523363
-0.9345794392523363
-0.9345794392523363
-0.9345794392523363
-0.9345794392523363
-0.9345794392523363
-0.9259259259259258
-0.9259259259259258
-0.9259259259259258
-0.9259259259259258
-0.9259259259259258
-0.9259259259259258
-0.9259259259259258
-0.9259259259259258
-0.9259259259259258
-0.9174311926605505
-0.9174311926605505
-0.9174311926605505
-0.9174311926605505
-0.9174311926605505
-0.9090909090909091
-0.9090909090909091
-0.9090909090909091
-0.9009009009009009
-0.8771929824561403
-0.8771929824561403
0.0
0.0
0.0
0.0
0.0
0.0
0.0
0.0
0.0
0.0
0.0
0.0
0.0
0.0
0.0
0.0
0.0
0.0
0.0
0.0
0.0
0.0
0.0
0.0
0.0
0.0
0.0
0.0
0.0
0.0
0.0
0.0
0.0
0.0
0.0
0.0
0.0
0.0
0.0
0.0
0.0
0.0
0.0
0.0
0.0
0.0
0.0
0.0
0.0
0.0
0.0
0.0
0.0
0.0
0.0
0.0
0.0
0.0
0.0
0.0
0.0
0.0
0.0
0.0
0.0
0.0
0.0
0.0
0.0
0.0
0.0
0.0
0.0
0.0
0.0
0.0
0.0
0.0
0.0
0.0
0.0
0.0
0.0
0.0
0.0
0.0
0.0
0.0
0.0
0.0
0.0
0.0
0.0
0.0
0.0
0.0
0.0
0.0
0.0
0.0
0.0
0.0
0.0
0.0
0.0
0.0
0.0
0.0
0.0
0.0
0.0
0.0
0.0
0.0
0.0
0.0
0.0
0.0
0.0
0.0
0.0
0.0
0.0
0.0
0.0
0.0
0.0
0.0
0.0
0.0
0.0
0.0
0.0
0.0
0.0
0.0
0.0
0.0
0.0
0.0
0.0
0.0
0.0
0.0
0.0
0.0
0.0
0.0
0.0
0.0
0.0
0.0
0.0
0.0
0.0
0.0
0.0
0.0
0.0
0.0
0.0
0.0
0.0
0.0
0.0
0.0
0.0
0.0
0.0
0.0
0.0
0.0
0.0
0.0
0.0
0.0
0.0
0.0
0.0
0.0
0.0
0.0
0.0
0.0
0.0
0.0
0.0
0.0
0.0
0.0
0.0
0.0
0.0
0.0
0.0
0.0
0.0
0.0
0.0
0.0
0.0
0.0
0.0
0.0
0.0
0.0
0.0
0.0
0.0
0.0
0.0
0.0
0.0
0.0
0.0
0.0
0.0
0.0
0.0
0.0
0.0
0.0
0.0
0.0
0.0
0.0
0.0
0.0
0.0
0.0
0.0
0.0
0.0
0.0
0.0
0.0
0.0
0.0
0.0
0.0
0.0
0.0
0.0
0.0
0.0
0.0
0.0
0.0
0.0
0.0
0.0
0.0
0.0
0.0
0.0
0.0
0.0
0.0
0.0
0.0
0.0
0.0
0.0
0.0
0.0
0.0
0.0
0.0
0.0
0.0
0.0
0.0
0.0
0.0
0.0
0.0
0.0
0.0
0.0
0.0
0.0
0.0
0.0
0.0
0.0
0.0
0.0
0.0
0.0
0.0
0.0
0.0
0.0
0.0
0.0
0.0
0.0
0.0
0.0
0.0
0.0
0.0
0.0
0.0
0.0
0.0
0.0
0.0
0.0
0.0
0.0
0.0
0.0
0.0
0.0
0.0
0.0
0.0
0.0
0.0
0.0
0.0
0.0
0.0
0.0
0.0
0.0
0.0
0.0
0.0
0.0
0.0
0.0
0.0
0.0
0.0
0.0
0.0
0.0
0.0
0.0
0.0
0.0
0.0
0.0
0.0
0.0
0.0
0.0
0.0
0.0
0.0
0.0
0.0
0.0
0.0
0.0
0.0
0.0
0.0
0.0
0.0
0.0
0.0
0.0
0.0
0.0
0.0
0.0
0.0
0.0
0.0
0.0
0.0
0.0
0.0
0.0
0.0
0.0
0.0
0.0
0.0
0.0
0.0
0.0
0.0
0.0
0.0
0.0
0.0
0.0
0.0
0.0
0.0
0.0
0.0
0.0
0.0
0.0
0.0
0.0
0.0
0.0
0.0
0.0
0.0
0.0
0.0
0.0
0.0
0.0
0.0
0.0
0.0
0.0
0.0
0.0
0.0
0.0
0.0
0.0
0.0
0.0
0.0
0.0
0.0
0.0
0.0
0.0
0.0
0.0
0.0
0.0
0.0
0.0
0.0
0.0
0.0
0.0
0.0
0.0
0.0
0.0
0.0
0.0
0.0
0.0
0.0
0.0
0.0
0.0
0.0
0.0
0.0
0.0
0.0
0.0
0.0
0.0
0.0
0.0
0.0
0.0
0.0
0.0
0.0
0.0
0.0
0.0
0.0
0.0
0.0
0.0
0.0
0.0
0.0
0.0
0.0
0.0
0.0
0.0
0.0
0.0
0.0
0.0
0.0
0.0
0.0
0.0
0.0
0.0
0.0
0.0
0.0
0.0
0.8849557522123894
0.9090909090909091
0.9090909090909091
0.9090909090909091
0.9174311926605505
0.9174311926605505
0.9174311926605505
0.9174311926605505
0.9174311926605505
0.9174311926605505
0.9259259259259258
0.9259259259259258
0.9259259259259258
0.9259259259259258
0.9259259259259258
0.9345794392523363
0.9345794392523363
0.9345794392523363
0.9345794392523363
0.9345794392523363
0.9433962264150944
0.9433962264150944
0.9433962264150944
0.9433962264150944
0.9433962264150944
0.9433962264150944
0.9433962264150944
0.9433962264150944
0.9433962264150944
0.9433962264150944
0.9433962264150944
0.9433962264150944
0.9433962264150944
0.9433962264150944
0.9433962264150944
0.9433962264150944
0.9433962264150944
0.9433962264150944
0.9433962264150944
0.9433962264150944
0.9433962264150944
0.9523809523809524
0.9523809523809524
0.9523809523809524
0.9523809523809524
0.9523809523809524
0.9523809523809524
0.9523809523809524
0.9523809523809524
0.9523809523809524
0.9523809523809524
0.9523809523809524
0.9523809523809524
0.9523809523809524
0.9523809523809524
0.9615384615384616
0.9615384615384616
0.9615384615384616
0.9615384615384616
0.9615384615384616
0.9615384615384616
0.9615384615384616
0.9615384615384616
0.9615384615384616
0.9708737864077669
0.9708737864077669
0.9708737864077669
0.9708737864077669
0.9708737864077669
0.9708737864077669
0.9708737864077669
0.9708737864077669
0.9708737864077669
0.9708737864077669
0.9708737864077669
0.9803921568627451
0.9803921568627451
0.9803921568627451
0.9803921568627451
0.9803921568627451
0.9803921568627451
0.9803921568627451
0.9803921568627451
0.9803921568627451
0.9803921568627451
0.9803921568627451
0.9803921568627451
0.9803921568627451
0.9803921568627451
0.9803921568627451
0.9803921568627451
0.9803921568627451
0.9803921568627451
0.9803921568627451
0.9803921568627451
0.9803921568627451
0.9803921568627451
0.9900990099009901
0.9900990099009901
0.9900990099009901
0.9900990099009901
0.9900990099009901
0.9900990099009901
0.9900990099009901
0.9900990099009901
0.9900990099009901
0.9900990099009901
1.0
1.0
1.0101010101010102
1.0101010101010102
1.0101010101010102
1.0101010101010102
1.0101010101010102
1.0101010101010102
1.0204081632653061
1.0204081632653061
1.0204081632653061
1.0204081632653061
1.0204081632653061
1.0204081632653061
1.0204081632653061
1.0204081632653061
1.0204081632653061
1.0204081632653061
1.0204081632653061
1.0204081632653061
1.0204081632653061
1.0309278350515463
1.0309278350515463
1.0309278350515463
1.0309278350515463
1.0309278350515463
1.0309278350515463
1.0309278350515463
1.0309278350515463
1.0309278350515463
1.0309278350515463
1.0309278350515463
1.0309278350515463
1.0309278350515463
1.0416666666666665
1.0416666666666665
1.0416666666666665
1.0416666666666665
1.0416666666666665
1.0416666666666665
1.0416666666666665
1.0526315789473684
1.0526315789473684
1.0526315789473684
1.0526315789473684
1.0526315789473684
1.0526315789473684
1.0638297872340425
1.0638297872340425
1.0638297872340425
1.0638297872340425
1.0638297872340425
1.0638297872340425
1.0638297872340425
1.0638297872340425
1.0638297872340425
1.0638297872340425
1.0638297872340425
1.0638297872340425
1.0638297872340425
1.0638297872340425
1.0638297872340425
1.0752688172043012
1.0752688172043012
1.0752688172043012
1.0752688172043012
1.0752688172043012
1.0752688172043012
1.0752688172043012
1.0752688172043012
1.0752688172043012
1.0752688172043012
1.0752688172043012
1.0752688172043012
1.0752688172043012
1.0752688172043012
1.0752688172043012
1.0752688172043012
1.0752688172043012
1.0752688172043012
1.0752688172043012
1.0752688172043012
1.0752688172043012
1.0752688172043012
1.0752688172043012
1.0752688172043012
1.0752688172043012
1.0752688172043012
1.0752688172043012
1.0752688172043012
1.0752688172043012
1.0752688172043012
1.0752688172043012
1.0752688172043012
1.0752688172043012
1.0752688172043012
1.0752688172043012
1.0752688172043012
1.0752688172043012
1.0752688172043012
1.0752688172043012
1.0752688172043012
1.0752688172043012
1.0752688172043012
1.0752688172043012
1.0752688172043012
1.0752688172043012
1.0752688172043012
1.0752688172043012
1.0752688172043012
1.0752688172043012
1.0752688172043012
1.0752688172043012
1.0752688172043012
1.0752688172043012
1.0752688172043012
1.0752688172043012
1.0752688172043012
1.0752688172043012
1.0752688172043012
1.0752688172043012
1.0752688172043012
1.0752688172043012
1.0752688172043012
1.0869565217391304
1.0869565217391304
1.0869565217391304
1.0869565217391304
1.0869565217391304
1.0869565217391304
1.0869565217391304
1.0869565217391304
1.0869565217391304
1.0869565217391304
1.0869565217391304
1.0869565217391304
1.0869565217391304
1.0869565217391304
1.0869565217391304
1.0869565217391304
1.0869565217391304
1.0869565217391304
1.0869565217391304
1.0869565217391304
1.0869565217391304
1.0869565217391304
1.0869565217391304
1.0869565217391304
1.0869565217391304
1.0869565217391304
1.0869565217391304
1.0869565217391304
1.0869565217391304
1.0869565217391304
1.0869565217391304
1.0869565217391304
1.0869565217391304
1.0869565217391304
1.0869565217391304
1.0869565217391304
1.0869565217391304
1.0869565217391304
1.0869565217391304
1.0869565217391304
1.0869565217391304
1.0869565217391304
1.0869565217391304
1.0869565217391304
1.0869565217391304
1.0869565217391304
1.0869565217391304
1.0869565217391304
1.0869565217391304
1.0869565217391304
1.0869565217391304
1.0869565217391304
1.0869565217391304
1.0869565217391304
1.0869565217391304
1.098901098901099
1.098901098901099
1.098901098901099
1.098901098901099
1.098901098901099
1.098901098901099
1.098901098901099
1.098901098901099
1.098901098901099
1.098901098901099
1.098901098901099
1.098901098901099
1.098901098901099
1.098901098901099
1.098901098901099
1.098901098901099
1.098901098901099
1.098901098901099
1.098901098901099
1.098901098901099
1.098901098901099
1.098901098901099
1.098901098901099
1.098901098901099
1.098901098901099
1.098901098901099
1.098901098901099
1.098901098901099
1.098901098901099
1.098901098901099
1.098901098901099
1.098901098901099
1.098901098901099
1.098901098901099
1.098901098901099
1.098901098901099
1.098901098901099
1.098901098901099
1.098901098901099
1.098901098901099
1.098901098901099
1.098901098901099
1.098901098901099
1.098901098901099
1.098901098901099
1.098901098901099
1.098901098901099
1.098901098901099
1.098901098901099
1.1111111111111112
1.1111111111111112
1.1111111111111112
1.1111111111111112
1.1111111111111112
1.1111111111111112
1.1111111111111112
1.1111111111111112
1.1111111111111112
1.1111111111111112
1.1111111111111112
1.1111111111111112
1.1111111111111112
1.1111111111111112
1.1111111111111112
1.1111111111111112
1.1111111111111112
1.1111111111111112
1.1111111111111112
1.1111111111111112
1.1111111111111112
1.1111111111111112
1.1111111111111112
1.1235955056179776
1.1235955056179776
1.1235955056179776
1.1235955056179776
1.1235955056179776
1.1235955056179776
1.1235955056179776
1.1235955056179776
1.1235955056179776
1.1235955056179776
1.1235955056179776
1.1235955056179776
1.1235955056179776
1.1235955056179776
1.1235955056179776
1.1235955056179776
1.1235955056179776
1.1235955056179776
1.1235955056179776
1.1235955056179776
1.1363636363636365
1.1363636363636365
1.1494252873563218
1.7699115044247788
1.8181818181818181
1.8181818181818181
1.834862385321101
1.8518518518518516
1.8518518518518516
1.8518518518518516
1.8518518518518516
1.8691588785046727
1.8691588785046727
1.8691588785046727
1.8691588785046727
1.8691588785046727
1.8691588785046727
1.8691588785046727
1.8691588785046727
1.8867924528301887
1.8867924528301887
1.8867924528301887
1.8867924528301887
1.8867924528301887
1.8867924528301887
1.8867924528301887
1.8867924528301887
1.8867924528301887
1.8867924528301887
1.8867924528301887
1.8867924528301887
1.9047619047619049
1.9047619047619049
1.9047619047619049
1.9047619047619049
1.9047619047619049
1.9047619047619049
1.9047619047619049
1.9047619047619049
1.9047619047619049
1.9047619047619049
1.9047619047619049
1.9047619047619049
1.9230769230769231
1.9230769230769231
1.9230769230769231
1.9230769230769231
1.9230769230769231
1.9230769230769231
1.9230769230769231
1.9230769230769231
1.9230769230769231
1.9230769230769231
1.9230769230769231
1.9230769230769231
1.9230769230769231
1.9230769230769231
1.9230769230769231
1.9230769230769231
1.9230769230769231
1.9230769230769231
1.9417475728155338
1.9417475728155338
1.9417475728155338
1.9417475728155338
1.9417475728155338
1.9417475728155338
1.9417475728155338
1.9417475728155338
1.9417475728155338
1.9417475728155338
1.9417475728155338
1.9417475728155338
1.9417475728155338
1.9607843137254901
1.9607843137254901
1.9607843137254901
1.9607843137254901
1.9607843137254901
1.9607843137254901
1.9607843137254901
1.9607843137254901
1.9607843137254901
1.9607843137254901
1.9607843137254901
1.9607843137254901
1.9607843137254901
1.9607843137254901
1.9607843137254901
1.9607843137254901
1.9607843137254901
1.9607843137254901
1.9607843137254901
1.9607843137254901
1.9607843137254901
1.9607843137254901
1.9607843137254901
1.9607843137254901
1.9607843137254901
1.9801980198019802
1.9801980198019802
1.9801980198019802
1.9801980198019802
1.9801980198019802
1.9801980198019802
1.9801980198019802
1.9801980198019802
2.0
2.0
2.0
2.0
2.0
2.0
2.0202020202020203
2.0202020202020203
2.0202020202020203
2.0202020202020203
2.0202020202020203
2.0202020202020203
2.0202020202020203
2.0202020202020203
2.0202020202020203
2.0202020202020203
2.0202020202020203
2.0202020202020203
2.0202020202020203
2.0408163265306123
2.0408163265306123
2.0408163265306123
2.0408163265306123
2.0618556701030926
2.0618556701030926
2.0618556701030926
2.0618556701030926
2.0618556701030926
2.0618556701030926
2.083333333333333
2.083333333333333
2.083333333333333
2.083333333333333
2.083333333333333
2.083333333333333
2.083333333333333
2.1052631578947367
2.1052631578947367
2.1052631578947367
2.127659574468085
2.127659574468085
2.127659574468085
2.127659574468085
2.127659574468085
2.127659574468085
2.127659574468085
2.127659574468085
2.127659574468085
2.1505376344086025
2.1505376344086025
2.1505376344086025
2.1505376344086025
2.1505376344086025
2.1505376344086025
2.1505376344086025
2.1505376344086025
2.1505376344086025
2.1505376344086025
2.1505376344086025
2.1505376344086025
2.1505376344086025
2.1505376344086025
2.1505376344086025
2.1505376344086025
2.1505376344086025
2.1505376344086025
2.1505376344086025
2.1739130434782608
2.1739130434782608
2.1739130434782608
2.1739130434782608
2.1739130434782608
2.1739130434782608
2.1739130434782608
2.1739130434782608
2.1739130434782608
2.1739130434782608
2.1739130434782608
2.1739130434782608
2.1739130434782608
2.1739130434782608
2.1739130434782608
2.1739130434782608
2.1739130434782608
2.1739130434782608
2.1739130434782608
2.1739130434782608
2.1739130434782608
2.1739130434782608
2.1739130434782608
2.1739130434782608
2.1739130434782608
2.1739130434782608
2.1739130434782608
2.1739130434782608
2.1739130434782608
2.1739130434782608
2.1739130434782608
2.1739130434782608
2.1739130434782608
2.1739130434782608
2.1739130434782608
2.1739130434782608
2.1739130434782608
2.1739130434782608
2.1739130434782608
2.1739130434782608
2.1739130434782608
2.1739130434782608
2.1739130434782608
2.1739130434782608
2.1739130434782608
2.1739130434782608
2.1739130434782608
2.1739130434782608
2.1739130434782608
2.1739130434782608
2.1739130434782608
2.1739130434782608
2.1739130434782608
2.1739130434782608
2.1739130434782608
2.1739130434782608
2.1739130434782608
2.1739130434782608
2.1739130434782608
2.1739130434782608
2.1739130434782608
2.1739130434782608
2.1739130434782608
2.197802197802198
2.197802197802198
2.197802197802198
2.197802197802198
2.197802197802198
2.197802197802198
2.197802197802198
2.197802197802198
2.197802197802198
2.197802197802198
2.197802197802198
2.197802197802198
2.197802197802198
2.197802197802198
2.197802197802198
2.197802197802198
2.197802197802198
2.197802197802198
2.197802197802198
2.197802197802198
2.197802197802198
2.197802197802198
2.197802197802198
2.197802197802198
2.197802197802198
2.2222222222222223
2.2222222222222223
2.2222222222222223
2.2222222222222223
2.2222222222222223
2.2222222222222223
2.2222222222222223
2.2222222222222223
2.2222222222222223
2.2222222222222223
2.2222222222222223
2.2222222222222223
2.2222222222222223
2.2222222222222223
2.2222222222222223
2.2222222222222223
2.2222222222222223
2.2222222222222223
2.2222222222222223
2.2222222222222223
2.2222222222222223
2.2222222222222223
2.2222222222222223
2.2222222222222223
2.2222222222222223
2.2222222222222223
2.2222222222222223
2.2222222222222223
2.2222222222222223
2.2222222222222223
2.2222222222222223
2.2222222222222223
2.2222222222222223
2.2222222222222223
2.2222222222222223
2.2222222222222223
2.2222222222222223
2.2222222222222223
2.2222222222222223
2.247191011235955
2.247191011235955
2.247191011235955
2.247191011235955
2.247191011235955
2.247191011235955
2.272727272727273
2.272727272727273
2.272727272727273
2.272727272727273
2.272727272727273
2.272727272727273
2.272727272727273
2.272727272727273
2.272727272727273
2.272727272727273
2.272727272727273
2.272727272727273
2.272727272727273
2.272727272727273
2.272727272727273
2.7027027027027026
2.7522935779816518
2.7522935779816518
2.7522935779816518
2.7777777777777777
2.7777777777777777
2.7777777777777777
2.803738317757009
2.803738317757009
2.803738317757009
2.803738317757009
2.8301886792452833
2.8301886792452833
2.8301886792452833
2.8301886792452833
2.8301886792452833
2.8301886792452833
2.8301886792452833
2.8301886792452833
2.8301886792452833
2.8301886792452833
2.8301886792452833
2.8301886792452833
2.8301886792452833
2.857142857142857
2.857142857142857
2.857142857142857
2.857142857142857
2.857142857142857
2.8846153846153846
2.8846153846153846
2.8846153846153846
2.8846153846153846
2.8846153846153846
2.8846153846153846
2.8846153846153846
2.8846153846153846
2.912621359223301
2.912621359223301
2.912621359223301
2.912621359223301
2.912621359223301
2.912621359223301
2.912621359223301
2.912621359223301
2.912621359223301
2.912621359223301
2.912621359223301
2.912621359223301
2.912621359223301
2.912621359223301
2.912621359223301
2.912621359223301
2.912621359223301
2.912621359223301
2.912621359223301
2.912621359223301
2.912621359223301
2.912621359223301
2.912621359223301
2.912621359223301
2.912621359223301
2.912621359223301
2.912621359223301
2.912621359223301
2.912621359223301
2.912621359223301
2.941176470588235
2.941176470588235
2.941176470588235
2.941176470588235
2.941176470588235
2.941176470588235
2.941176470588235
2.941176470588235
2.941176470588235
2.941176470588235
2.941176470588235
2.941176470588235
2.941176470588235
2.941176470588235
2.941176470588235
2.941176470588235
2.941176470588235
2.941176470588235
2.941176470588235
2.941176470588235
2.941176470588235
2.941176470588235
2.941176470588235
2.941176470588235
2.941176470588235
2.941176470588235
2.9702970297029703
2.9702970297029703
2.9702970297029703
2.9702970297029703
3.0
3.0
3.0
3.0
3.0
3.0
3.0
3.0
3.0303030303030303
3.0303030303030303
3.0303030303030303
3.0303030303030303
3.0303030303030303
3.0303030303030303
3.0303030303030303
3.0303030303030303
3.0303030303030303
3.0303030303030303
3.0303030303030303
3.0303030303030303
3.0303030303030303
3.0303030303030303
3.0303030303030303
3.061224489795918
3.061224489795918
3.061224489795918
3.061224489795918
3.061224489795918
3.061224489795918
3.061224489795918
3.061224489795918
3.061224489795918
3.061224489795918
3.061224489795918
3.061224489795918
3.061224489795918
3.061224489795918
3.061224489795918
3.061224489795918
3.0927835051546393
3.0927835051546393
3.0927835051546393
3.0927835051546393
3.125
3.125
3.125
3.125
3.1578947368421053
3.1578947368421053
3.1578947368421053
3.1578947368421053
3.1578947368421053
3.1578947368421053
3.1578947368421053
3.1578947368421053
3.1578947368421053
3.1578947368421053
3.1578947368421053
3.1578947368421053
3.1578947368421053
3.1914893617021276
3.1914893617021276
3.1914893617021276
3.1914893617021276
3.1914893617021276
3.1914893617021276
3.1914893617021276
3.1914893617021276
3.1914893617021276
3.1914893617021276
3.1914893617021276
3.225806451612903
3.225806451612903
3.225806451612903
3.225806451612903
3.225806451612903
3.225806451612903
3.225806451612903
3.225806451612903
3.225806451612903
3.225806451612903
3.225806451612903
3.225806451612903
3.225806451612903
3.225806451612903
3.225806451612903
3.225806451612903
3.225806451612903
3.225806451612903
3.225806451612903
3.225806451612903
3.225806451612903
3.260869565217391
3.260869565217391
3.260869565217391
3.260869565217391
3.260869565217391
3.260869565217391
3.260869565217391
3.260869565217391
3.260869565217391
3.260869565217391
3.260869565217391
3.260869565217391
3.260869565217391
3.260869565217391
3.260869565217391
3.260869565217391
3.260869565217391
3.296703296703297
3.296703296703297
3.296703296703297
3.296703296703297
3.296703296703297
3.296703296703297
3.296703296703297
3.296703296703297
3.296703296703297
3.296703296703297
3.296703296703297
3.296703296703297
3.296703296703297
3.296703296703297
3.296703296703297
3.296703296703297
3.296703296703297
3.296703296703297
3.296703296703297
3.296703296703297
3.296703296703297
3.296703296703297
3.296703296703297
3.296703296703297
3.296703296703297
3.296703296703297
3.3333333333333335
3.3333333333333335
3.3333333333333335
3.3333333333333335
3.3333333333333335
3.3333333333333335
3.3333333333333335
3.3333333333333335
3.3333333333333335
3.3333333333333335
3.3333333333333335
3.3333333333333335
3.3333333333333335
3.3333333333333335
3.3333333333333335
3.3333333333333335
3.3333333333333335
3.3333333333333335
3.3333333333333335
3.3333333333333335
3.3333333333333335
3.3333333333333335
3.3707865168539324
3.3707865168539324
3.3707865168539324
3.3707865168539324
3.3707865168539324
3.3707865168539324
3.3707865168539324
3.3707865168539324
3.3707865168539324
3.3707865168539324
3.3707865168539324
3.3707865168539324
3.3707865168539324
3.3707865168539324
3.3707865168539324
3.3707865168539324
3.3707865168539324
3.3707865168539324
3.3707865168539324
3.3707865168539324
3.3707865168539324
3.3707865168539324
3.4090909090909087
3.4090909090909087
3.4090909090909087
3.4090909090909087
3.4090909090909087
3.4090909090909087
3.4090909090909087
3.418803418803419
3.4482758620689653
3.6363636363636362
3.7037037037037033
3.7037037037037033
3.7383177570093453
3.7383177570093453
3.7383177570093453
3.7383177570093453
3.7383177570093453
3.7735849056603774
3.7735849056603774
3.7735849056603774
3.7735849056603774
3.7735849056603774
3.7735849056603774
3.7735849056603774
3.7735849056603774
3.7735849056603774
3.7735849056603774
3.7735849056603774
3.8095238095238098
3.8095238095238098
3.8095238095238098
3.8095238095238098
3.8095238095238098
3.8095238095238098
3.8461538461538463
3.8461538461538463
3.8461538461538463
3.8461538461538463
3.8461538461538463
3.8834951456310676
3.8834951456310676
3.8834951456310676
3.8834951456310676
3.8834951456310676
3.8834951456310676
3.8834951456310676
3.8834951456310676
3.8834951456310676
3.8834951456310676
3.8834951456310676
3.8834951456310676
3.8834951456310676
3.8834951456310676
3.8834951456310676
3.8834951456310676
3.8834951456310676
3.8834951456310676
3.8834951456310676
3.9215686274509802
3.9215686274509802
3.9215686274509802
3.9215686274509802
3.9215686274509802
3.9215686274509802
3.9215686274509802
3.9215686274509802
3.9215686274509802
3.9215686274509802
3.9215686274509802
3.9215686274509802
3.9215686274509802
3.9215686274509802
3.9215686274509802
3.9215686274509802
3.9215686274509802
3.9215686274509802
3.9215686274509802
3.9215686274509802
3.9215686274509802
3.9215686274509802
3.9215686274509802
3.9215686274509802
3.9215686274509802
3.9215686274509802
3.9215686274509802
3.9215686274509802
3.9215686274509802
3.9215686274509802
3.9215686274509802
3.9215686274509802
3.9215686274509802
3.9215686274509802
3.9215686274509802
3.9215686274509802
3.9215686274509802
3.9215686274509802
3.9215686274509802
3.9215686274509802
3.9215686274509802
3.9215686274509802
3.9215686274509802
3.9215686274509802
3.9215686274509802
3.9215686274509802
3.9215686274509802
3.9215686274509802
3.9215686274509802
3.9215686274509802
3.9215686274509802
3.9215686274509802
3.9603960396039604
3.9603960396039604
3.9603960396039604
3.9603960396039604
3.9603960396039604
4.0
4.0
4.0
4.0
4.0
4.0
4.040404040404041
4.040404040404041
4.040404040404041
4.040404040404041
4.040404040404041
4.040404040404041
4.040404040404041
4.040404040404041
4.081632653061225
4.081632653061225
4.081632653061225
4.081632653061225
4.081632653061225
4.081632653061225
4.081632653061225
4.081632653061225
4.081632653061225
4.081632653061225
4.081632653061225
4.081632653061225
4.081632653061225
4.081632653061225
4.081632653061225
4.081632653061225
4.081632653061225
4.081632653061225
4.081632653061225
4.081632653061225
4.081632653061225
4.081632653061225
4.081632653061225
4.081632653061225
4.081632653061225
4.081632653061225
4.081632653061225
4.081632653061225
4.081632653061225
4.081632653061225
4.081632653061225
4.123711340206185
4.123711340206185
4.123711340206185
4.123711340206185
4.123711340206185
4.166666666666666
4.166666666666666
4.166666666666666
4.166666666666666
4.166666666666666
4.166666666666666
4.166666666666666
4.2105263157894735
4.2105263157894735
4.2105263157894735
4.25531914893617
4.25531914893617
4.25531914893617
4.25531914893617
4.25531914893617
4.25531914893617
4.25531914893617
4.25531914893617
4.25531914893617
4.25531914893617
4.25531914893617
4.25531914893617
4.25531914893617
4.301075268817205
4.301075268817205
4.301075268817205
4.301075268817205
4.301075268817205
4.301075268817205
4.301075268817205
4.301075268817205
4.301075268817205
4.301075268817205
4.301075268817205
4.301075268817205
4.301075268817205
4.301075268817205
4.301075268817205
4.3478260869565215
4.3478260869565215
4.3478260869565215
4.3478260869565215
4.3478260869565215
4.3478260869565215
4.3478260869565215
4.3478260869565215
4.3478260869565215
4.3478260869565215
4.3478260869565215
4.3478260869565215
4.3478260869565215
4.3478260869565215
4.3478260869565215
4.395604395604396
4.395604395604396
4.395604395604396
4.395604395604396
4.395604395604396
4.395604395604396
4.444444444444445
4.444444444444445
4.444444444444445
4.444444444444445
4.444444444444445
4.444444444444445
4.444444444444445
4.444444444444445
4.444444444444445
4.444444444444445
4.444444444444445
4.444444444444445
4.444444444444445
4.444444444444445
4.444444444444445
4.444444444444445
4.444444444444445
4.444444444444445
4.444444444444445
4.444444444444445
4.444444444444445
4.444444444444445
4.444444444444445
4.444444444444445
4.444444444444445
4.444444444444445
4.444444444444445
4.444444444444445
4.444444444444445
4.444444444444445
4.444444444444445
4.444444444444445
4.444444444444445
4.444444444444445
4.444444444444445
4.444444444444445
4.444444444444445
4.444444444444445
4.444444444444445
4.444444444444445
4.444444444444445
4.444444444444445
4.49438202247191
4.49438202247191
4.49438202247191
4.49438202247191
4.49438202247191
4.49438202247191
4.49438202247191
4.49438202247191
4.49438202247191
4.504504504504505
4.545454545454546
4.545454545454546
4.545454545454546
4.545454545454546
4.545454545454546
4.545454545454546
4.545454545454546
4.545454545454546
4.545454545454546
4.545454545454546
4.545454545454546
4.545454545454546
4.545454545454546
4.545454545454546
4.587155963302752
4.672897196261682
4.672897196261682
4.672897196261682
4.716981132075472
4.716981132075472
4.716981132075472
4.716981132075472
4.716981132075472
4.716981132075472
4.716981132075472
4.716981132075472
4.761904761904762
4.761904761904762
4.807692307692308
4.807692307692308
4.854368932038835
4.854368932038835
4.854368932038835
4.854368932038835
4.854368932038835
4.854368932038835
4.854368932038835
4.854368932038835
4.854368932038835
4.901960784313726
4.901960784313726
4.901960784313726
4.901960784313726
4.901960784313726
4.901960784313726
4.901960784313726
4.901960784313726
4.901960784313726
4.901960784313726
4.901960784313726
4.901960784313726
4.901960784313726
4.901960784313726
4.901960784313726
4.901960784313726
4.901960784313726
4.901960784313726
4.901960784313726
4.901960784313726
4.901960784313726
4.901960784313726
4.901960784313726
4.901960784313726
4.901960784313726
4.901960784313726
4.901960784313726
4.901960784313726
4.901960784313726
4.901960784313726
4.901960784313726
4.901960784313726
4.901960784313726
4.901960784313726
4.901960784313726
4.901960784313726
4.901960784313726
4.901960784313726
4.901960784313726
4.901960784313726
4.901960784313726
4.901960784313726
4.901960784313726
4.9504950495049505
4.9504950495049505
4.9504950495049505
4.9504950495049505
4.9504950495049505
4.9504950495049505
4.9504950495049505
4.9504950495049505
4.9504950495049505
4.9504950495049505
4.9504950495049505
4.9504950495049505
4.9504950495049505
4.9504950495049505
4.9504950495049505
4.9504950495049505
4.9504950495049505
4.9504950495049505
5.0
5.0
5.0
5.0
5.0
5.0
5.0
5.0
5.05050505050505
5.05050505050505
5.05050505050505
5.05050505050505
5.05050505050505
5.05050505050505
5.1020408163265305
5.1020408163265305
5.1020408163265305
5.1020408163265305
5.1020408163265305
5.1020408163265305
5.1020408163265305
5.1020408163265305
5.1020408163265305
5.1020408163265305
5.1020408163265305
5.1020408163265305
5.1020408163265305
5.1020408163265305
5.1020408163265305
5.1020408163265305
5.1020408163265305
5.1020408163265305
5.1020408163265305
5.154639175257731
5.154639175257731
5.154639175257731
5.154639175257731
5.154639175257731
5.154639175257731
5.154639175257731
5.154639175257731
5.154639175257731
5.154639175257731
5.154639175257731
5.154639175257731
5.154639175257731
5.154639175257731
5.154639175257731
5.154639175257731
5.154639175257731
5.154639175257731
5.154639175257731
5.154639175257731
5.154639175257731
5.154639175257731
5.154639175257731
5.208333333333334
5.208333333333334
5.208333333333334
5.208333333333334
5.208333333333334
5.208333333333334
5.208333333333334
5.208333333333334
5.208333333333334
5.208333333333334
5.263157894736842
5.263157894736842
5.263157894736842
5.263157894736842
5.319148936170213
5.319148936170213
5.319148936170213
5.319148936170213
5.319148936170213
5.319148936170213
5.319148936170213
5.319148936170213
5.319148936170213
5.376344086021505
5.376344086021505
5.376344086021505
5.376344086021505
5.376344086021505
5.376344086021505
5.376344086021505
5.376344086021505
5.376344086021505
5.376344086021505
5.376344086021505
5.376344086021505
5.376344086021505
5.376344086021505
5.376344086021505
5.376344086021505
5.376344086021505
5.376344086021505
5.376344086021505
5.376344086021505
5.376344086021505
5.376344086021505
5.376344086021505
5.376344086021505
5.434782608695652
5.434782608695652
5.434782608695652
5.434782608695652
5.434782608695652
5.434782608695652
5.434782608695652
5.434782608695652
5.434782608695652
5.434782608695652
5.454545454545454
5.4945054945054945
5.4945054945054945
5.555555555555555
5.555555555555555
5.555555555555555
5.555555555555555
5.555555555555555
5.555555555555555
5.555555555555555
5.555555555555555
5.555555555555555
5.555555555555555
5.555555555555555
5.555555555555555
5.607476635514018
5.607476635514018
5.617977528089887
5.617977528089887
5.617977528089887
5.617977528089887
5.617977528089887
5.617977528089887
5.617977528089887
5.617977528089887
5.617977528089887
5.617977528089887
5.617977528089887
5.617977528089887
5.660377358490567
5.660377358490567
5.660377358490567
5.660377358490567
5.660377358490567
5.660377358490567
5.660377358490567
5.681818181818182
5.681818181818182
5.681818181818182
5.681818181818182
5.681818181818182
5.681818181818182
5.681818181818182
5.681818181818182
5.681818181818182
5.714285714285714
5.714285714285714
5.714285714285714
5.747126436781609
5.747126436781609
5.747126436781609
5.747126436781609
5.747126436781609
5.769230769230769
5.769230769230769
5.769230769230769
5.769230769230769
5.769230769230769
5.769230769230769
5.813953488372093
5.825242718446602
5.825242718446602
5.825242718446602
5.825242718446602
5.825242718446602
5.825242718446602
5.825242718446602
5.825242718446602
5.825242718446602
5.825242718446602
5.825242718446602
5.88235294117647
5.88235294117647
5.88235294117647
5.88235294117647
5.88235294117647
5.88235294117647
5.88235294117647
5.88235294117647
5.88235294117647
5.88235294117647
5.88235294117647
5.88235294117647
5.88235294117647
5.88235294117647
5.88235294117647
5.88235294117647
5.88235294117647
5.88235294117647
5.88235294117647
5.88235294117647
5.88235294117647
5.88235294117647
5.88235294117647
5.88235294117647
5.88235294117647
5.88235294117647
5.88235294117647
5.88235294117647
5.88235294117647
5.88235294117647
5.88235294117647
5.88235294117647
5.9405940594059405
5.9405940594059405
5.9405940594059405
5.9405940594059405
5.9405940594059405
5.9405940594059405
5.9405940594059405
5.9405940594059405
5.9405940594059405
5.9405940594059405
6.0
6.0
6.0
6.0
6.0
6.0
6.0
6.0
6.0
6.0
6.0
6.0
6.0
6.0606060606060606
6.0606060606060606
6.0606060606060606
6.0606060606060606
6.0606060606060606
6.0606060606060606
6.0606060606060606
6.0606060606060606
6.0606060606060606
6.0606060606060606
6.0606060606060606
6.0606060606060606
6.0606060606060606
6.0606060606060606
6.122448979591836
6.122448979591836
6.122448979591836
6.122448979591836
6.122448979591836
6.122448979591836
6.122448979591836
6.122448979591836
6.122448979591836
6.122448979591836
6.122448979591836
6.122448979591836
6.122448979591836
6.122448979591836
6.122448979591836
6.122448979591836
6.122448979591836
6.185567010309279
6.185567010309279
6.185567010309279
6.185567010309279
6.185567010309279
6.185567010309279
6.185567010309279
6.185567010309279
6.185567010309279
6.25
6.25
6.25
6.25
6.25
6.25
6.25
6.25
6.25
6.25
6.25
6.25
6.25
6.25
6.25
6.25
6.25
6.25
6.25
6.25
6.25
6.315789473684211
6.315789473684211
6.315789473684211
6.315789473684211
6.315789473684211
6.315789473684211
6.315789473684211
6.315789473684211
6.382978723404255
6.382978723404255
6.382978723404255
6.382978723404255
6.382978723404255
6.382978723404255
6.382978723404255
6.382978723404255
6.382978723404255
6.451612903225806
6.451612903225806
6.451612903225806
6.451612903225806
6.451612903225806
6.451612903225806
6.451612903225806
6.451612903225806
6.451612903225806
6.451612903225806
6.451612903225806
6.451612903225806
6.451612903225806
6.451612903225806
6.451612903225806
6.451612903225806
6.451612903225806
6.451612903225806
6.481481481481481
6.521739130434782
6.521739130434782
6.521739130434782
6.521739130434782
6.521739130434782
6.521739130434782
6.521739130434782
6.521739130434782
6.521739130434782
6.521739130434782
6.521739130434782
6.521739130434782
6.521739130434782
6.521739130434782
6.521739130434782
6.521739130434782
6.521739130434782
6.521739130434782
6.5420560747663545
6.5420560747663545
6.593406593406594
6.593406593406594
6.593406593406594
6.60377358490566
6.60377358490566
6.666666666666667
6.666666666666667
6.666666666666667
6.666666666666667
6.666666666666667
6.666666666666667
6.666666666666667
6.666666666666667
6.666666666666667
6.666666666666667
6.666666666666667
6.666666666666667
6.730769230769231
6.741573033707865
6.741573033707865
6.741573033707865
6.741573033707865
6.741573033707865
6.741573033707865
6.741573033707865
6.741573033707865
6.741573033707865
6.796116504854369
6.796116504854369
6.796116504854369
6.796116504854369
6.796116504854369
6.796116504854369
6.796116504854369
6.796116504854369
6.796116504854369
6.796116504854369
6.796116504854369
6.796116504854369
6.796116504854369
6.796116504854369
6.796116504854369
6.8181818181818175
6.8181818181818175
6.8181818181818175
6.8181818181818175
6.8181818181818175
6.8181818181818175
6.8181818181818175
6.8181818181818175
6.8181818181818175
6.8181818181818175
6.8181818181818175
6.8181818181818175
6.8181818181818175
6.862745098039216
6.862745098039216
6.862745098039216
6.862745098039216
6.862745098039216
6.862745098039216
6.862745098039216
6.862745098039216
6.862745098039216
6.862745098039216
6.862745098039216
6.862745098039216
6.862745098039216
6.862745098039216
6.862745098039216
6.862745098039216
6.896551724137931
6.9306930693069315
6.9306930693069315
6.9306930693069315
6.9306930693069315
6.9306930693069315
6.9306930693069315
6.9306930693069315
6.9306930693069315
6.9306930693069315
6.9306930693069315
6.9306930693069315
6.976744186046512
7.000000000000001
7.000000000000001
7.000000000000001
7.000000000000001
7.000000000000001
7.000000000000001
7.000000000000001
7.000000000000001
7.000000000000001
7.07070707070707
7.07070707070707
7.07070707070707
7.07070707070707
7.07070707070707
7.07070707070707
7.07070707070707
7.07070707070707
7.07070707070707
7.07070707070707
7.07070707070707
7.07070707070707
7.07070707070707
7.07070707070707
7.07070707070707
7.07070707070707
7.07070707070707
7.07070707070707
7.07070707070707
7.07070707070707
7.07070707070707
7.07070707070707
7.07070707070707
7.07070707070707
7.07070707070707
7.07070707070707
7.07070707070707
7.07070707070707
7.07070707070707
7.07070707070707
7.07070707070707
7.07070707070707
7.07070707070707
7.07070707070707
7.07070707070707
7.07070707070707
7.07070707070707
7.142857142857142
7.142857142857142
7.142857142857142
7.142857142857142
7.142857142857142
7.142857142857142
7.142857142857142
7.142857142857142
7.142857142857142
7.142857142857142
7.142857142857142
7.142857142857142
7.142857142857142
7.142857142857142
7.142857142857142
7.142857142857142
7.142857142857142
7.142857142857142
7.142857142857142
7.142857142857142
7.142857142857142
7.142857142857142
7.142857142857142
7.142857142857142
7.142857142857142
7.142857142857142
7.216494845360824
7.216494845360824
7.216494845360824
7.216494845360824
7.216494845360824
7.216494845360824
7.216494845360824
7.216494845360824
7.216494845360824
7.216494845360824
7.216494845360824
7.216494845360824
7.216494845360824
7.216494845360824
7.216494845360824
7.216494845360824
7.291666666666667
7.291666666666667
7.291666666666667
7.291666666666667
7.291666666666667
7.291666666666667
7.291666666666667
7.291666666666667
7.291666666666667
7.291666666666667
7.291666666666667
7.291666666666667
7.291666666666667
7.291666666666667
7.291666666666667
7.291666666666667
7.291666666666667
7.291666666666667
7.291666666666667
7.368421052631578
7.368421052631578
7.368421052631578
7.368421052631578
7.368421052631578
7.368421052631578
7.368421052631578
7.368421052631578
7.368421052631578
7.368421052631578
7.368421052631578
7.368421052631578
7.368421052631578
7.368421052631578
7.368421052631578
7.368421052631578
7.368421052631578
7.368421052631578
7.4074074074074066
7.4074074074074066
7.446808510638298
7.446808510638298
7.446808510638298
7.446808510638298
7.446808510638298
7.446808510638298
7.446808510638298
7.446808510638298
7.446808510638298
7.446808510638298
7.446808510638298
7.446808510638298
7.446808510638298
7.446808510638298
7.446808510638298
7.446808510638298
7.526881720430108
7.526881720430108
7.526881720430108
7.526881720430108
7.526881720430108
7.526881720430108
7.526881720430108
7.526881720430108
7.526881720430108
7.526881720430108
7.526881720430108
7.526881720430108
7.547169811320755
7.547169811320755
7.547169811320755
7.547169811320755
7.608695652173914
7.608695652173914
7.608695652173914
7.608695652173914
7.608695652173914
7.608695652173914
7.608695652173914
7.608695652173914
7.608695652173914
7.608695652173914
7.608695652173914
7.608695652173914
7.608695652173914
7.608695652173914
7.608695652173914
7.608695652173914
7.6190476190476195
7.6923076923076925
7.6923076923076925
7.6923076923076925
7.6923076923076925
7.6923076923076925
7.6923076923076925
7.6923076923076925
7.6923076923076925
7.6923076923076925
7.6923076923076925
7.6923076923076925
7.766990291262135
7.766990291262135
7.766990291262135
7.766990291262135
7.766990291262135
7.766990291262135
7.766990291262135
7.766990291262135
7.766990291262135
7.766990291262135
7.777777777777778
7.777777777777778
7.777777777777778
7.777777777777778
7.777777777777778
7.777777777777778
7.8431372549019605
7.8431372549019605
7.8431372549019605
7.8431372549019605
7.8431372549019605
7.8431372549019605
7.8431372549019605
7.8431372549019605
7.8431372549019605
7.8431372549019605
7.8431372549019605
7.8431372549019605
7.8431372549019605
7.865168539325842
7.865168539325842
7.920792079207921
7.920792079207921
7.920792079207921
7.920792079207921
7.920792079207921
7.954545454545454
7.954545454545454
8.0
8.0
8.0
8.0
8.0
8.0
8.0
8.0
8.045977011494253
8.080808080808081
8.080808080808081
8.080808080808081
8.080808080808081
8.080808080808081
8.080808080808081
8.080808080808081
8.080808080808081
8.080808080808081
8.080808080808081
8.080808080808081
8.080808080808081
8.080808080808081
8.080808080808081
8.080808080808081
8.080808080808081
8.080808080808081
8.080808080808081
8.080808080808081
8.080808080808081
8.080808080808081
8.080808080808081
8.080808080808081
8.13953488372093
8.16326530612245
8.16326530612245
8.16326530612245
8.16326530612245
8.16326530612245
8.16326530612245
8.16326530612245
8.16326530612245
8.16326530612245
8.16326530612245
8.16326530612245
8.16326530612245
8.16326530612245
8.16326530612245
8.16326530612245
8.16326530612245
8.16326530612245
8.16326530612245
8.16326530612245
8.16326530612245
8.16326530612245
8.16326530612245
8.16326530612245
8.16326530612245
8.16326530612245
8.16326530612245
8.16326530612245
8.16326530612245
8.16326530612245
8.16326530612245
8.16326530612245
8.16326530612245
8.16326530612245
8.16326530612245
8.16326530612245
8.16326530612245
8.16326530612245
8.16326530612245
8.16326530612245
8.16326530612245
8.16326530612245
8.16326530612245
8.16326530612245
8.16326530612245
8.16326530612245
8.16326530612245
8.16326530612245
8.16326530612245
8.16326530612245
8.16326530612245
8.16326530612245
8.16326530612245
8.16326530612245
8.16326530612245
8.16326530612245
8.16326530612245
8.16326530612245
8.16326530612245
8.16326530612245
8.16326530612245
8.16326530612245
8.16326530612245
8.16326530612245
8.16326530612245
8.16326530612245
8.16326530612245
8.16326530612245
8.16326530612245
8.16326530612245
8.24742268041237
8.24742268041237
8.24742268041237
8.24742268041237
8.24742268041237
8.24742268041237
8.24742268041237
8.24742268041237
8.24742268041237
8.24742268041237
8.24742268041237
8.24742268041237
8.24742268041237
8.24742268041237
8.24742268041237
8.24742268041237
8.24742268041237
8.24742268041237
8.24742268041237
8.24742268041237
8.24742268041237
8.333333333333332
8.333333333333332
8.333333333333332
8.333333333333332
8.333333333333332
8.333333333333332
8.333333333333332
8.333333333333332
8.333333333333332
8.333333333333332
8.333333333333332
8.421052631578947
8.421052631578947
8.421052631578947
8.421052631578947
8.421052631578947
8.421052631578947
8.421052631578947
8.421052631578947
8.421052631578947
8.421052631578947
8.421052631578947
8.421052631578947
8.421052631578947
8.421052631578947
8.421052631578947
8.421052631578947
8.421052631578947
8.421052631578947
8.421052631578947
8.421052631578947
8.421052631578947
8.421052631578947
8.421052631578947
8.421052631578947
8.421052631578947
8.421052631578947
8.51063829787234
8.51063829787234
8.51063829787234
8.51063829787234
8.51063829787234
8.51063829787234
8.51063829787234
8.51063829787234
8.51063829787234
8.51063829787234
8.51063829787234
8.51063829787234
8.51063829787234
8.51063829787234
8.51063829787234
8.51063829787234
8.51063829787234
8.51063829787234
8.51063829787234
8.51063829787234
8.51063829787234
8.51063829787234
8.51063829787234
8.51063829787234
8.51063829787234
8.51063829787234
8.51063829787234
8.51063829787234
8.51063829787234
8.51063829787234
8.51063829787234
8.51063829787234
8.51063829787234
8.60215053763441
8.60215053763441
8.60215053763441
8.60215053763441
8.60215053763441
8.60215053763441
8.60215053763441
8.60215053763441
8.60215053763441
8.60215053763441
8.60215053763441
8.60215053763441
8.60215053763441
8.60215053763441
8.60215053763441
8.653846153846153
8.653846153846153
8.695652173913043
8.695652173913043
8.695652173913043
8.695652173913043
8.695652173913043
8.695652173913043
8.695652173913043
8.695652173913043
8.695652173913043
8.695652173913043
8.695652173913043
8.695652173913043
8.695652173913043
8.695652173913043
8.695652173913043
8.695652173913043
8.695652173913043
8.737864077669903
8.737864077669903
8.737864077669903
8.737864077669903
8.737864077669903
8.737864077669903
8.737864077669903
8.737864077669903
8.791208791208792
8.791208791208792
8.791208791208792
8.791208791208792
8.791208791208792
8.791208791208792
8.791208791208792
8.791208791208792
8.791208791208792
8.791208791208792
8.823529411764707
8.823529411764707
8.823529411764707
8.823529411764707
8.823529411764707
8.823529411764707
8.823529411764707
8.823529411764707
8.823529411764707
8.823529411764707
8.88888888888889
8.88888888888889
8.88888888888889
8.88888888888889
8.88888888888889
8.88888888888889
8.88888888888889
8.88888888888889
8.88888888888889
8.88888888888889
8.88888888888889
8.88888888888889
8.91089108910891
8.91089108910891
8.98876404494382
8.98876404494382
9.0
9.0
9.0
9.090909090909092
9.090909090909092
9.090909090909092
9.090909090909092
9.090909090909092
9.090909090909092
9.090909090909092
9.090909090909092
9.090909090909092
9.090909090909092
9.090909090909092
9.090909090909092
9.090909090909092
9.090909090909092
9.090909090909092
9.090909090909092
9.090909090909092
9.183673469387756
9.183673469387756
9.183673469387756
9.183673469387756
9.183673469387756
9.183673469387756
9.183673469387756
9.183673469387756
9.183673469387756
9.183673469387756
9.183673469387756
9.183673469387756
9.183673469387756
9.183673469387756
9.183673469387756
9.183673469387756
9.183673469387756
9.183673469387756
9.183673469387756
9.183673469387756
9.183673469387756
9.183673469387756
9.183673469387756
9.183673469387756
9.183673469387756
9.183673469387756
9.183673469387756
9.183673469387756
9.183673469387756
9.183673469387756
9.183673469387756
9.183673469387756
9.183673469387756
9.183673469387756
9.183673469387756
9.183673469387756
9.183673469387756
9.183673469387756
9.183673469387756
9.183673469387756
9.183673469387756
9.278350515463918
9.278350515463918
9.278350515463918
9.278350515463918
9.278350515463918
9.278350515463918
9.278350515463918
9.278350515463918
9.278350515463918
9.278350515463918
9.278350515463918
9.278350515463918
9.278350515463918
9.278350515463918
9.278350515463918
9.278350515463918
9.278350515463918
9.278350515463918
9.278350515463918
9.278350515463918
9.278350515463918
9.278350515463918
9.278350515463918
9.278350515463918
9.278350515463918
9.278350515463918
9.278350515463918
9.278350515463918
9.278350515463918
9.278350515463918
9.278350515463918
9.278350515463918
9.278350515463918
9.278350515463918
9.278350515463918
9.278350515463918
9.278350515463918
9.278350515463918
9.278350515463918
9.278350515463918
9.278350515463918
9.278350515463918
9.278350515463918
9.375
9.375
9.375
9.375
9.375
9.375
9.375
9.375
9.375
9.375
9.375
9.375
9.375
9.375
9.375
9.375
9.433962264150944
9.473684210526317
9.473684210526317
9.473684210526317
9.473684210526317
9.473684210526317
9.473684210526317
9.473684210526317
9.473684210526317
9.473684210526317
9.473684210526317
9.473684210526317
9.523809523809524
9.574468085106384
9.574468085106384
9.574468085106384
9.574468085106384
9.574468085106384
9.574468085106384
9.574468085106384
9.574468085106384
9.574468085106384
9.574468085106384
9.574468085106384
9.574468085106384
9.574468085106384
9.574468085106384
9.574468085106384
9.574468085106384
9.574468085106384
9.574468085106384
9.574468085106384
9.574468085106384
9.574468085106384
9.574468085106384
9.574468085106384
9.574468085106384
9.574468085106384
9.574468085106384
9.574468085106384
9.67741935483871
9.67741935483871
9.67741935483871
9.67741935483871
9.67741935483871
9.67741935483871
9.67741935483871
9.67741935483871
9.67741935483871
9.67741935483871
9.67741935483871
9.67741935483871
9.67741935483871
9.67741935483871
9.67741935483871
9.67741935483871
9.67741935483871
9.67741935483871
9.67741935483871
9.67741935483871
9.67741935483871
9.67741935483871
9.67741935483871
9.67741935483871
9.67741935483871
9.67741935483871
9.67741935483871
9.67741935483871
9.67741935483871
9.70873786407767
9.70873786407767
9.70873786407767
9.782608695652174
9.782608695652174
9.782608695652174
9.782608695652174
9.782608695652174
9.782608695652174
9.782608695652174
9.782608695652174
9.782608695652174
9.782608695652174
9.782608695652174
9.782608695652174
9.782608695652174
9.782608695652174
9.782608695652174
9.782608695652174
9.782608695652174
9.782608695652174
9.803921568627452
9.803921568627452
9.803921568627452
9.803921568627452
9.803921568627452
9.803921568627452
9.803921568627452
9.89010989010989
9.89010989010989
9.89010989010989
9.89010989010989
9.89010989010989
9.900990099009901
9.900990099009901
9.900990099009901
9.900990099009901
9.900990099009901
10.0
10.0
10.0
10.0
10.0
10.0
10.0
10.0
10.0
10.0
10.0
10.0
10.0
10.0
10.0
10.1010101010101
10.1010101010101
10.1010101010101
10.1010101010101
10.1010101010101
10.1010101010101
10.1010101010101
10.1010101010101
10.1010101010101
10.1010101010101
10.1010101010101
10.1010101010101
10.112359550561797
10.112359550561797
10.112359550561797
10.112359550561797
10.112359550561797
10.112359550561797
10.112359550561797
10.112359550561797
10.112359550561797
10.112359550561797
10.112359550561797
10.204081632653061
10.204081632653061
10.204081632653061
10.204081632653061
10.204081632653061
10.204081632653061
10.204081632653061
10.204081632653061
10.204081632653061
10.204081632653061
10.204081632653061
10.204081632653061
10.204081632653061
10.204081632653061
10.204081632653061
10.204081632653061
10.204081632653061
10.204081632653061
10.204081632653061
10.204081632653061
10.204081632653061
10.204081632653061
10.204081632653061
10.204081632653061
10.204081632653061
10.204081632653061
10.204081632653061
10.204081632653061
10.204081632653061
10.204081632653061
10.204081632653061
10.309278350515463
10.309278350515463
10.309278350515463
10.309278350515463
10.309278350515463
10.309278350515463
10.309278350515463
10.309278350515463
10.309278350515463
10.309278350515463
10.309278350515463
10.309278350515463
10.309278350515463
10.309278350515463
10.309278350515463
10.309278350515463
10.309278350515463
10.309278350515463
10.416666666666668
10.416666666666668
10.416666666666668
10.416666666666668
10.416666666666668
10.416666666666668
10.416666666666668
10.416666666666668
10.416666666666668
10.416666666666668
10.416666666666668
10.416666666666668
10.416666666666668
10.416666666666668
10.416666666666668
10.416666666666668
10.416666666666668
10.416666666666668
10.416666666666668
10.416666666666668
10.416666666666668
10.416666666666668
10.416666666666668
10.416666666666668
10.416666666666668
10.416666666666668
10.416666666666668
10.416666666666668
10.416666666666668
10.416666666666668
10.416666666666668
10.416666666666668
10.416666666666668
10.416666666666668
10.416666666666668
10.416666666666668
10.416666666666668
10.416666666666668
10.416666666666668
10.416666666666668
10.416666666666668
10.416666666666668
10.416666666666668
10.416666666666668
10.416666666666668
10.416666666666668
10.416666666666668
10.416666666666668
10.465116279069768
10.476190476190476
10.476190476190476
10.526315789473683
10.526315789473683
10.526315789473683
10.526315789473683
10.526315789473683
10.526315789473683
10.526315789473683
10.526315789473683
10.526315789473683
10.526315789473683
10.526315789473683
10.526315789473683
10.526315789473683
10.526315789473683
10.526315789473683
10.526315789473683
10.526315789473683
10.638297872340425
10.638297872340425
10.638297872340425
10.638297872340425
10.638297872340425
10.638297872340425
10.638297872340425
10.638297872340425
10.638297872340425
10.638297872340425
10.638297872340425
10.638297872340425
10.638297872340425
10.638297872340425
10.638297872340425
10.638297872340425
10.638297872340425
10.638297872340425
10.638297872340425
10.638297872340425
10.638297872340425
10.638297872340425
10.679611650485436
10.75268817204301
10.75268817204301
10.75268817204301
10.75268817204301
10.75268817204301
10.75268817204301
10.75268817204301
10.75268817204301
10.75268817204301
10.75268817204301
10.75268817204301
10.75268817204301
10.75268817204301
10.75268817204301
10.75268817204301
10.75268817204301
10.75268817204301
10.75268817204301
10.75268817204301
10.75268817204301
10.75268817204301
10.75268817204301
10.75268817204301
10.75268817204301
10.75268817204301
10.75268817204301
10.75268817204301
10.75268817204301
10.75268817204301
10.75268817204301
10.784313725490197
10.784313725490197
10.784313725490197
10.784313725490197
10.784313725490197
10.784313725490197
10.784313725490197
10.784313725490197
10.81081081081081
10.869565217391305
10.869565217391305
10.869565217391305
10.869565217391305
10.869565217391305
10.869565217391305
10.869565217391305
10.869565217391305
10.869565217391305
10.869565217391305
10.869565217391305
10.869565217391305
10.869565217391305
10.869565217391305
10.869565217391305
10.869565217391305
10.869565217391305
10.869565217391305
10.869565217391305
10.869565217391305
10.869565217391305
10.869565217391305
10.869565217391305
10.869565217391305
10.869565217391305
10.869565217391305
10.869565217391305
10.869565217391305
10.869565217391305
10.869565217391305
10.869565217391305
10.869565217391305
10.869565217391305
10.869565217391305
10.869565217391305
10.869565217391305
10.869565217391305
10.869565217391305
10.869565217391305
10.869565217391305
10.869565217391305
10.869565217391305
10.869565217391305
10.869565217391305
10.869565217391305
10.869565217391305
10.869565217391305
10.891089108910892
10.891089108910892
10.891089108910892
10.891089108910892
10.989010989010989
10.989010989010989
10.989010989010989
10.989010989010989
10.989010989010989
10.989010989010989
11.0
11.0
11.0
11.11111111111111
11.11111111111111
11.11111111111111
11.11111111111111
11.11111111111111
11.11111111111111
11.11111111111111
11.11111111111111
11.11111111111111
11.11111111111111
11.11111111111111
11.224489795918368
11.224489795918368
11.224489795918368
11.224489795918368
11.224489795918368
11.224489795918368
11.224489795918368
11.224489795918368
11.224489795918368
11.224489795918368
11.224489795918368
11.224489795918368
11.224489795918368
11.224489795918368
11.224489795918368
11.224489795918368
11.224489795918368
11.224489795918368
11.235955056179774
11.235955056179774
11.34020618556701
11.34020618556701
11.34020618556701
11.34020618556701
11.34020618556701
11.34020618556701
11.34020618556701
11.34020618556701
11.34020618556701
11.34020618556701
11.34020618556701
11.34020618556701
11.34020618556701
11.363636363636363
11.363636363636363
11.363636363636363
11.363636363636363
11.458333333333332
11.458333333333332
11.458333333333332
11.458333333333332
11.458333333333332
11.458333333333332
11.458333333333332
11.458333333333332
11.458333333333332
11.458333333333332
11.458333333333332
11.458333333333332
11.458333333333332
11.458333333333332
11.458333333333332
11.458333333333332
11.458333333333332
11.458333333333332
11.458333333333332
11.458333333333332
11.458333333333332
11.458333333333332
11.458333333333332
11.458333333333332
11.458333333333332
11.458333333333332
11.458333333333332
11.458333333333332
11.458333333333332
11.458333333333332
11.458333333333332
11.458333333333332
11.458333333333332
11.458333333333332
11.494252873563218
11.578947368421053
11.578947368421053
11.578947368421053
11.578947368421053
11.578947368421053
11.578947368421053
11.578947368421053
11.578947368421053
11.578947368421053
11.578947368421053
11.578947368421053
11.578947368421053
11.578947368421053
11.578947368421053
11.578947368421053
11.578947368421053
11.578947368421053
11.578947368421053
11.578947368421053
11.578947368421053
11.578947368421053
11.578947368421053
11.578947368421053
11.578947368421053
11.578947368421053
11.578947368421053
11.578947368421053
11.578947368421053
11.578947368421053
11.578947368421053
11.578947368421053
11.578947368421053
11.578947368421053
11.578947368421053
11.578947368421053
11.578947368421053
11.578947368421053
11.578947368421053
11.578947368421053
11.578947368421053
11.578947368421053
11.578947368421053
11.578947368421053
11.578947368421053
11.578947368421053
11.578947368421053
11.578947368421053
11.578947368421053
11.578947368421053
11.578947368421053
11.578947368421053
11.578947368421053
11.578947368421053
11.578947368421053
11.578947368421053
11.578947368421053
11.702127659574469
11.702127659574469
11.702127659574469
11.702127659574469
11.702127659574469
11.702127659574469
11.702127659574469
11.702127659574469
11.702127659574469
11.702127659574469
11.702127659574469
11.702127659574469
11.702127659574469
11.702127659574469
11.702127659574469
11.702127659574469
11.702127659574469
11.702127659574469
11.702127659574469
11.702127659574469
11.702127659574469
11.702127659574469
11.702127659574469
11.702127659574469
11.76470588235294
11.76470588235294
11.76470588235294
11.76470588235294
11.827956989247312
11.827956989247312
11.827956989247312
11.827956989247312
11.827956989247312
11.827956989247312
11.827956989247312
11.827956989247312
11.827956989247312
11.827956989247312
11.827956989247312
11.827956989247312
11.827956989247312
11.827956989247312
11.827956989247312
11.827956989247312
11.827956989247312
11.827956989247312
11.827956989247312
11.827956989247312
11.827956989247312
11.827956989247312
11.827956989247312
11.827956989247312
11.881188118811881
11.881188118811881
11.881188118811881
11.956521739130435
11.956521739130435
11.956521739130435
11.956521739130435
11.956521739130435
11.956521739130435
11.956521739130435
11.956521739130435
11.956521739130435
11.956521739130435
11.956521739130435
11.956521739130435
11.956521739130435
11.956521739130435
11.956521739130435
11.956521739130435
11.956521739130435
11.956521739130435
11.956521739130435
11.956521739130435
11.956521739130435
11.956521739130435
11.956521739130435
11.956521739130435
11.956521739130435
11.956521739130435
11.956521739130435
11.956521739130435
11.956521739130435
11.956521739130435
11.956521739130435
11.956521739130435
11.956521739130435
11.956521739130435
11.956521739130435
11.956521739130435
11.956521739130435
11.956521739130435
11.956521739130435
11.956521739130435
12.0
12.0
12.037037037037036
12.037037037037036
12.087912087912088
12.087912087912088
12.087912087912088
12.087912087912088
12.087912087912088
12.087912087912088
12.087912087912088
12.087912087912088
12.087912087912088
12.087912087912088
12.222222222222221
12.222222222222221
12.222222222222221
12.222222222222221
12.222222222222221
12.222222222222221
12.222222222222221
12.222222222222221
12.222222222222221
12.222222222222221
12.222222222222221
12.244897959183673
12.244897959183673
12.244897959183673
12.244897959183673
12.244897959183673
12.244897959183673
12.244897959183673
12.244897959183673
12.244897959183673
12.244897959183673
12.244897959183673
12.244897959183673
12.244897959183673
12.244897959183673
12.244897959183673
12.244897959183673
12.244897959183673
12.244897959183673
12.244897959183673
12.359550561797752
12.371134020618557
12.371134020618557
12.371134020618557
12.371134020618557
12.371134020618557
12.371134020618557
12.371134020618557
12.371134020618557
12.371134020618557
12.371134020618557
12.371134020618557
12.371134020618557
12.371134020618557
12.371134020618557
12.371134020618557
12.5
12.5
12.5
12.5
12.5
12.5
12.5
12.5
12.5
12.5
12.5
12.5
12.5
12.5
12.5
12.5
12.5
12.5
12.5
12.5
12.5
12.62135922330097
12.631578947368421
12.631578947368421
12.631578947368421
12.631578947368421
12.631578947368421
12.631578947368421
12.631578947368421
12.631578947368421
12.631578947368421
12.631578947368421
12.631578947368421
12.631578947368421
12.631578947368421
12.631578947368421
12.631578947368421
12.631578947368421
12.631578947368421
12.631578947368421
12.631578947368421
12.631578947368421
12.631578947368421
12.745098039215685
12.745098039215685
12.745098039215685
12.745098039215685
12.76595744680851
12.76595744680851
12.76595744680851
12.76595744680851
12.76595744680851
12.76595744680851
12.76595744680851
12.76595744680851
12.76595744680851
12.76595744680851
12.76595744680851
12.76595744680851
12.76595744680851
12.76595744680851
12.76595744680851
12.76595744680851
12.76595744680851
12.76595744680851
12.76595744680851
12.76595744680851
12.76595744680851
12.76595744680851
12.76595744680851
12.76595744680851
12.76595744680851
12.76595744680851
12.76595744680851
12.76595744680851
12.76595744680851
12.76595744680851
12.76595744680851
12.76595744680851
12.76595744680851
12.76595744680851
12.76595744680851
12.76595744680851
12.76595744680851
12.76595744680851
12.76595744680851
12.76595744680851
12.76595744680851
12.76595744680851
12.76595744680851
12.76595744680851
12.76595744680851
12.76595744680851
12.76595744680851
12.76595744680851
12.76595744680851
12.76595744680851
12.76595744680851
12.76595744680851
12.76595744680851
12.76595744680851
12.76595744680851
12.76595744680851
12.76595744680851
12.76595744680851
12.76595744680851
12.76595744680851
12.76595744680851
12.76595744680851
12.76595744680851
12.76595744680851
12.76595744680851
12.76595744680851
12.76595744680851
12.76595744680851
12.76595744680851
12.76595744680851
12.871287128712872
12.903225806451612
12.903225806451612
12.903225806451612
12.903225806451612
12.903225806451612
12.903225806451612
12.903225806451612
12.903225806451612
12.903225806451612
12.903225806451612
12.903225806451612
12.903225806451612
12.903225806451612
12.903225806451612
12.903225806451612
12.903225806451612
12.903225806451612
12.903225806451612
12.903225806451612
12.903225806451612
12.903225806451612
12.903225806451612
12.903225806451612
12.903225806451612
12.903225806451612
12.903225806451612
12.903225806451612
12.903225806451612
12.903225806451612
12.903225806451612
12.903225806451612
12.903225806451612
12.903225806451612
12.903225806451612
12.903225806451612
12.903225806451612
13.0
13.043478260869565
13.043478260869565
13.043478260869565
13.043478260869565
13.043478260869565
13.043478260869565
13.043478260869565
13.043478260869565
13.043478260869565
13.043478260869565
13.043478260869565
13.043478260869565
13.043478260869565
13.043478260869565
13.043478260869565
13.043478260869565
13.043478260869565
13.043478260869565
13.043478260869565
13.043478260869565
13.043478260869565
13.043478260869565
13.043478260869565
13.043478260869565
13.043478260869565
13.043478260869565
13.043478260869565
13.043478260869565
13.043478260869565
13.043478260869565
13.043478260869565
13.043478260869565
13.043478260869565
13.043478260869565
13.131313131313133
13.131313131313133
13.186813186813188
13.186813186813188
13.186813186813188
13.186813186813188
13.186813186813188
13.186813186813188
13.186813186813188
13.186813186813188
13.186813186813188
13.186813186813188
13.186813186813188
13.186813186813188
13.186813186813188
13.186813186813188
13.186813186813188
13.186813186813188
13.186813186813188
13.186813186813188
13.186813186813188
13.186813186813188
13.186813186813188
13.186813186813188
13.186813186813188
13.26530612244898
13.26530612244898
13.26530612244898
13.26530612244898
13.26530612244898
13.26530612244898
13.26530612244898
13.26530612244898
13.26530612244898
13.26530612244898
13.26530612244898
13.26530612244898
13.26530612244898
13.26530612244898
13.333333333333334
13.333333333333334
13.333333333333334
13.333333333333334
13.333333333333334
13.333333333333334
13.333333333333334
13.333333333333334
13.333333333333334
13.333333333333334
13.333333333333334
13.333333333333334
13.333333333333334
13.333333333333334
13.333333333333334
13.333333333333334
13.333333333333334
13.402061855670103
13.402061855670103
13.402061855670103
13.402061855670103
13.402061855670103
13.402061855670103
13.402061855670103
13.402061855670103
13.402061855670103
13.402061855670103
13.402061855670103
13.48314606741573
13.48314606741573
13.48314606741573
13.48314606741573
13.48314606741573
13.48314606741573
13.48314606741573
13.541666666666666
13.541666666666666
13.541666666666666
13.541666666666666
13.541666666666666
13.541666666666666
13.541666666666666
13.541666666666666
13.541666666666666
13.636363636363635
13.684210526315791
13.684210526315791
13.684210526315791
13.684210526315791
13.684210526315791
13.684210526315791
13.684210526315791
13.684210526315791
13.684210526315791
13.684210526315791
13.684210526315791
13.684210526315791
13.684210526315791
13.684210526315791
13.684210526315791
13.684210526315791
13.684210526315791
13.829787234042554
13.829787234042554
13.829787234042554
13.829787234042554
13.829787234042554
13.829787234042554
13.829787234042554
13.829787234042554
13.829787234042554
13.829787234042554
13.829787234042554
13.829787234042554
13.829787234042554
13.829787234042554
13.829787234042554
13.829787234042554
13.829787234042554
13.829787234042554
13.829787234042554
13.829787234042554
13.829787234042554
13.829787234042554
13.829787234042554
13.829787234042554
13.829787234042554
13.829787234042554
13.829787234042554
13.829787234042554
13.829787234042554
13.829787234042554
13.829787234042554
13.829787234042554
13.829787234042554
13.829787234042554
13.829787234042554
13.829787234042554
13.829787234042554
13.829787234042554
13.829787234042554
13.829787234042554
13.861386138613863
13.978494623655912
13.978494623655912
13.978494623655912
13.978494623655912
13.978494623655912
13.978494623655912
13.978494623655912
13.978494623655912
13.978494623655912
13.978494623655912
13.978494623655912
13.978494623655912
13.978494623655912
13.978494623655912
13.978494623655912
13.978494623655912
13.978494623655912
13.978494623655912
13.978494623655912
13.978494623655912
13.978494623655912
13.978494623655912
13.978494623655912
13.978494623655912
13.978494623655912
13.978494623655912
13.978494623655912
13.978494623655912
13.978494623655912
13.978494623655912
13.978494623655912
13.978494623655912
13.978494623655912
13.978494623655912
13.978494623655912
13.978494623655912
13.978494623655912
13.978494623655912
13.978494623655912
13.978494623655912
13.978494623655912
13.978494623655912
13.978494623655912
13.978494623655912
13.978494623655912
13.978494623655912
13.978494623655912
13.978494623655912
13.978494623655912
13.978494623655912
13.978494623655912
13.978494623655912
13.978494623655912
13.978494623655912
13.978494623655912
13.978494623655912
13.978494623655912
13.978494623655912
13.978494623655912
13.978494623655912
13.978494623655912
13.978494623655912
13.978494623655912
13.978494623655912
13.978494623655912
13.978494623655912
13.978494623655912
13.978494623655912
13.978494623655912
13.978494623655912
13.978494623655912
13.978494623655912
13.978494623655912
13.978494623655912
13.978494623655912
13.978494623655912
13.978494623655912
13.978494623655912
13.978494623655912
13.978494623655912
13.978494623655912
13.978494623655912
13.978494623655912
13.978494623655912
13.978494623655912
13.978494623655912
13.978494623655912
13.978494623655912
13.978494623655912
13.978494623655912
13.978494623655912
13.978494623655912
13.978494623655912
13.978494623655912
13.978494623655912
13.978494623655912
13.978494623655912
13.978494623655912
14.000000000000002
14.130434782608695
14.130434782608695
14.130434782608695
14.130434782608695
14.130434782608695
14.130434782608695
14.130434782608695
14.130434782608695
14.130434782608695
14.130434782608695
14.130434782608695
14.130434782608695
14.130434782608695
14.130434782608695
14.130434782608695
14.130434782608695
14.130434782608695
14.130434782608695
14.130434782608695
14.130434782608695
14.130434782608695
14.130434782608695
14.130434782608695
14.130434782608695
14.130434782608695
14.130434782608695
14.130434782608695
14.130434782608695
14.130434782608695
14.130434782608695
14.130434782608695
14.130434782608695
14.130434782608695
14.130434782608695
14.130434782608695
14.130434782608695
14.130434782608695
14.14141414141414
14.14141414141414
14.14141414141414
14.285714285714285
14.285714285714285
14.285714285714285
14.285714285714285
14.285714285714285
14.285714285714285
14.285714285714285
14.285714285714285
14.285714285714285
14.285714285714285
14.285714285714285
14.285714285714285
14.285714285714285
14.285714285714285
14.285714285714285
14.285714285714285
14.285714285714285
14.285714285714285
14.285714285714285
14.285714285714285
14.285714285714285
14.285714285714285
14.432989690721648
14.432989690721648
14.432989690721648
14.432989690721648
14.432989690721648
14.432989690721648
14.432989690721648
14.432989690721648
14.432989690721648
14.432989690721648
14.432989690721648
14.432989690721648
14.432989690721648
14.444444444444443
14.444444444444443
14.444444444444443
14.444444444444443
14.444444444444443
14.444444444444443
14.444444444444443
14.444444444444443
14.444444444444443
14.444444444444443
14.444444444444443
14.444444444444443
14.444444444444443
14.444444444444443
14.444444444444443
14.583333333333334
14.583333333333334
14.583333333333334
14.583333333333334
14.583333333333334
14.583333333333334
14.583333333333334
14.583333333333334
14.583333333333334
14.606741573033707
14.606741573033707
14.606741573033707
14.606741573033707
14.606741573033707
14.606741573033707
14.606741573033707
14.606741573033707
14.606741573033707
14.606741573033707
14.606741573033707
14.736842105263156
14.736842105263156
14.736842105263156
14.736842105263156
14.736842105263156
14.736842105263156
14.736842105263156
14.736842105263156
14.736842105263156
14.736842105263156
14.736842105263156
14.736842105263156
14.736842105263156
14.772727272727273
14.772727272727273
14.772727272727273
14.772727272727273
14.772727272727273
14.772727272727273
14.85148514851485
14.893617021276595
14.893617021276595
14.893617021276595
14.893617021276595
14.893617021276595
14.893617021276595
14.893617021276595
14.893617021276595
14.893617021276595
14.893617021276595
14.893617021276595
14.893617021276595
14.893617021276595
14.893617021276595
14.893617021276595
14.893617021276595
14.893617021276595
14.893617021276595
14.893617021276595
14.893617021276595
14.893617021276595
14.893617021276595
14.893617021276595
14.893617021276595
14.893617021276595
14.893617021276595
14.893617021276595
14.893617021276595
14.893617021276595
14.893617021276595
14.893617021276595
14.893617021276595
14.893617021276595
14.893617021276595
14.893617021276595
14.893617021276595
14.893617021276595
14.893617021276595
14.893617021276595
15.0
15.053763440860216
15.053763440860216
15.053763440860216
15.053763440860216
15.053763440860216
15.053763440860216
15.053763440860216
15.053763440860216
15.053763440860216
15.053763440860216
15.053763440860216
15.053763440860216
15.053763440860216
15.053763440860216
15.053763440860216
15.053763440860216
15.053763440860216
15.053763440860216
15.053763440860216
15.053763440860216
15.053763440860216
15.053763440860216
15.053763440860216
15.053763440860216
15.053763440860216
15.053763440860216
15.053763440860216
15.053763440860216
15.053763440860216
15.053763440860216
15.053763440860216
15.053763440860216
15.053763440860216
15.053763440860216
15.053763440860216
15.053763440860216
15.053763440860216
15.053763440860216
15.053763440860216
15.053763440860216
15.053763440860216
15.053763440860216
15.053763440860216
15.053763440860216
15.053763440860216
15.053763440860216
15.053763440860216
15.053763440860216
15.053763440860216
15.11627906976744
15.217391304347828
15.217391304347828
15.217391304347828
15.217391304347828
15.217391304347828
15.217391304347828
15.217391304347828
15.217391304347828
15.217391304347828
15.217391304347828
15.217391304347828
15.217391304347828
15.217391304347828
15.217391304347828
15.217391304347828
15.217391304347828
15.217391304347828
15.217391304347828
15.217391304347828
15.217391304347828
15.217391304347828
15.217391304347828
15.217391304347828
15.217391304347828
15.217391304347828
15.217391304347828
15.217391304347828
15.217391304347828
15.217391304347828
15.217391304347828
15.217391304347828
15.217391304347828
15.217391304347828
15.217391304347828
15.217391304347828
15.217391304347828
15.217391304347828
15.217391304347828
15.217391304347828
15.217391304347828
15.217391304347828
15.217391304347828
15.217391304347828
15.217391304347828
15.217391304347828
15.217391304347828
15.217391304347828
15.217391304347828
15.217391304347828
15.217391304347828
15.217391304347828
15.217391304347828
15.217391304347828
15.217391304347828
15.217391304347828
15.217391304347828
15.217391304347828
15.217391304347828
15.217391304347828
15.217391304347828
15.217391304347828
15.217391304347828
15.217391304347828
15.217391304347828
15.217391304347828
15.217391304347828
15.217391304347828
15.217391304347828
15.217391304347828
15.217391304347828
15.217391304347828
15.217391304347828
15.217391304347828
15.217391304347828
15.217391304347828
15.217391304347828
15.217391304347828
15.217391304347828
15.217391304347828
15.217391304347828
15.217391304347828
15.217391304347828
15.217391304347828
15.217391304347828
15.217391304347828
15.217391304347828
15.217391304347828
15.217391304347828
15.217391304347828
15.217391304347828
15.294117647058824
15.306122448979592
15.306122448979592
15.306122448979592
15.306122448979592
15.306122448979592
15.384615384615385
15.384615384615385
15.384615384615385
15.384615384615385
15.384615384615385
15.384615384615385
15.384615384615385
15.384615384615385
15.384615384615385
15.384615384615385
15.463917525773196
15.463917525773196
15.463917525773196
15.555555555555555
15.555555555555555
15.555555555555555
15.555555555555555
15.555555555555555
15.555555555555555
15.555555555555555
15.555555555555555
15.555555555555555
15.555555555555555
15.555555555555555
15.555555555555555
15.555555555555555
15.555555555555555
15.555555555555555
15.555555555555555
15.555555555555555
15.555555555555555
15.555555555555555
15.625
15.625
15.625
15.625
15.625
15.625
15.625
15.625
15.625
15.625
15.625
15.625
15.625
15.625
15.730337078651685
15.730337078651685
15.730337078651685
15.730337078651685
15.730337078651685
15.730337078651685
15.730337078651685
15.730337078651685
15.730337078651685
15.730337078651685
15.730337078651685
15.730337078651685
15.730337078651685
15.730337078651685
15.789473684210526
15.789473684210526
15.789473684210526
15.789473684210526
15.789473684210526
15.789473684210526
15.909090909090908
15.909090909090908
15.909090909090908
15.909090909090908
15.909090909090908
15.909090909090908
15.957446808510639
15.957446808510639
15.957446808510639
15.957446808510639
15.957446808510639
15.957446808510639
15.957446808510639
15.957446808510639
15.957446808510639
15.957446808510639
15.957446808510639
15.957446808510639
15.957446808510639
15.957446808510639
15.957446808510639
15.957446808510639
15.957446808510639
15.957446808510639
15.957446808510639
15.957446808510639
15.957446808510639
16.129032258064516
16.129032258064516
16.129032258064516
16.129032258064516
16.129032258064516
16.129032258064516
16.129032258064516
16.129032258064516
16.129032258064516
16.129032258064516
16.129032258064516
16.129032258064516
16.129032258064516
16.129032258064516
16.129032258064516
16.129032258064516
16.129032258064516
16.129032258064516
16.129032258064516
16.129032258064516
16.129032258064516
16.129032258064516
16.129032258064516
16.129032258064516
16.129032258064516
16.129032258064516
16.129032258064516
16.129032258064516
16.129032258064516
16.129032258064516
16.129032258064516
16.129032258064516
16.129032258064516
16.161616161616163
16.161616161616163
16.304347826086957
16.304347826086957
16.304347826086957
16.304347826086957
16.304347826086957
16.304347826086957
16.304347826086957
16.304347826086957
16.304347826086957
16.304347826086957
16.304347826086957
16.304347826086957
16.304347826086957
16.304347826086957
16.304347826086957
16.304347826086957
16.304347826086957
16.304347826086957
16.304347826086957
16.304347826086957
16.304347826086957
16.304347826086957
16.304347826086957
16.304347826086957
16.304347826086957
16.304347826086957
16.304347826086957
16.304347826086957
16.304347826086957
16.304347826086957
16.304347826086957
16.304347826086957
16.304347826086957
16.304347826086957
16.304347826086957
16.304347826086957
16.304347826086957
16.304347826086957
16.304347826086957
16.304347826086957
16.304347826086957
16.304347826086957
16.304347826086957
16.304347826086957
16.304347826086957
16.304347826086957
16.304347826086957
16.304347826086957
16.304347826086957
16.304347826086957
16.304347826086957
16.304347826086957
16.304347826086957
16.304347826086957
16.304347826086957
16.304347826086957
16.304347826086957
16.304347826086957
16.304347826086957
16.304347826086957
16.3265306122449
16.3265306122449
16.3265306122449
16.3265306122449
16.3265306122449
16.483516483516482
16.483516483516482
16.483516483516482
16.483516483516482
16.483516483516482
16.483516483516482
16.483516483516482
16.483516483516482
16.483516483516482
16.483516483516482
16.483516483516482
16.483516483516482
16.483516483516482
16.483516483516482
16.483516483516482
16.483516483516482
16.483516483516482
16.483516483516482
16.483516483516482
16.483516483516482
16.483516483516482
16.483516483516482
16.483516483516482
16.483516483516482
16.483516483516482
16.483516483516482
16.483516483516482
16.483516483516482
16.483516483516482
16.483516483516482
16.49484536082474
16.49484536082474
16.49484536082474
16.49484536082474
16.666666666666664
16.666666666666664
16.666666666666664
16.666666666666664
16.666666666666664
16.666666666666664
16.666666666666664
16.666666666666664
16.666666666666664
16.666666666666664
16.666666666666664
16.666666666666664
16.666666666666664
16.666666666666664
16.666666666666664
16.666666666666664
16.666666666666664
16.666666666666664
16.666666666666664
16.666666666666664
16.666666666666664
16.666666666666664
16.666666666666664
16.666666666666664
16.666666666666664
16.666666666666664
16.842105263157894
16.842105263157894
16.842105263157894
16.842105263157894
16.842105263157894
16.842105263157894
16.853932584269664
16.853932584269664
16.853932584269664
16.853932584269664
16.853932584269664
16.853932584269664
16.853932584269664
16.853932584269664
16.853932584269664
16.853932584269664
17.02127659574468
17.02127659574468
17.02127659574468
17.02127659574468
17.02127659574468
17.02127659574468
17.02127659574468
17.02127659574468
17.02127659574468
17.02127659574468
17.02127659574468
17.02127659574468
17.02127659574468
17.02127659574468
17.02127659574468
17.02127659574468
17.02127659574468
17.02127659574468
17.045454545454543
17.045454545454543
17.045454545454543
17.045454545454543
17.045454545454543
17.045454545454543
17.20430107526882
17.20430107526882
17.20430107526882
17.20430107526882
17.20430107526882
17.20430107526882
17.20430107526882
17.20430107526882
17.20430107526882
17.20430107526882
17.20430107526882
17.20430107526882
17.20430107526882
17.20430107526882
17.28395061728395
17.333333333333336
17.346938775510203
17.391304347826086
17.391304347826086
17.391304347826086
17.391304347826086
17.391304347826086
17.391304347826086
17.391304347826086
17.391304347826086
17.391304347826086
17.391304347826086
17.391304347826086
17.391304347826086
17.391304347826086
17.391304347826086
17.391304347826086
17.391304347826086
17.391304347826086
17.391304347826086
17.391304347826086
17.391304347826086
17.391304347826086
17.391304347826086
17.391304347826086
17.391304347826086
17.391304347826086
17.391304347826086
17.391304347826086
17.391304347826086
17.391304347826086
17.391304347826086
17.391304347826086
17.391304347826086
17.391304347826086
17.391304347826086
17.391304347826086
17.391304347826086
17.391304347826086
17.391304347826086
17.391304347826086
17.391304347826086
17.391304347826086
17.391304347826086
17.391304347826086
17.391304347826086
17.391304347826086
17.391304347826086
17.391304347826086
17.391304347826086
17.525773195876287
17.525773195876287
17.525773195876287
17.582417582417584
17.582417582417584
17.582417582417584
17.582417582417584
17.582417582417584
17.582417582417584
17.582417582417584
17.582417582417584
17.582417582417584
17.582417582417584
17.582417582417584
17.582417582417584
17.582417582417584
17.582417582417584
17.582417582417584
17.582417582417584
17.582417582417584
17.582417582417584
17.582417582417584
17.582417582417584
17.582417582417584
17.582417582417584
17.582417582417584
17.582417582417584
17.708333333333336
17.708333333333336
17.77777777777778
17.77777777777778
17.77777777777778
17.77777777777778
17.77777777777778
17.77777777777778
17.77777777777778
17.77777777777778
17.77777777777778
17.77777777777778
17.77777777777778
17.77777777777778
17.77777777777778
17.77777777777778
17.77777777777778
17.77777777777778
17.77777777777778
17.77777777777778
17.77777777777778
17.77777777777778
17.77777777777778
17.77777777777778
17.77777777777778
17.77777777777778
17.77777777777778
17.77777777777778
17.77777777777778
17.77777777777778
17.77777777777778
17.77777777777778
17.77777777777778
17.77777777777778
17.77777777777778
17.77777777777778
17.77777777777778
17.77777777777778
17.77777777777778
17.77777777777778
17.77777777777778
17.77777777777778
17.77777777777778
17.77777777777778
17.77777777777778
17.857142857142858
17.894736842105264
17.894736842105264
17.894736842105264
17.894736842105264
17.894736842105264
17.894736842105264
17.894736842105264
17.894736842105264
17.97752808988764
17.97752808988764
17.97752808988764
17.97752808988764
17.97752808988764
17.97752808988764
17.97752808988764
18.085106382978726
18.085106382978726
18.085106382978726
18.085106382978726
18.085106382978726
18.085106382978726
18.085106382978726
18.085106382978726
18.085106382978726
18.085106382978726
18.085106382978726
18.085106382978726
18.085106382978726
18.085106382978726
18.085106382978726
18.085106382978726
18.085106382978726
18.085106382978726
18.085106382978726
18.085106382978726
18.181818181818183
18.181818181818183
18.181818181818183
18.27956989247312
18.27956989247312
18.27956989247312
18.27956989247312
18.27956989247312
18.27956989247312
18.27956989247312
18.27956989247312
18.27956989247312
18.27956989247312
18.27956989247312
18.27956989247312
18.27956989247312
18.27956989247312
18.27956989247312
18.27956989247312
18.27956989247312
18.27956989247312
18.27956989247312
18.27956989247312
18.367346938775512
18.39080459770115
18.478260869565215
18.478260869565215
18.478260869565215
18.478260869565215
18.478260869565215
18.478260869565215
18.478260869565215
18.478260869565215
18.478260869565215
18.478260869565215
18.478260869565215
18.478260869565215
18.478260869565215
18.478260869565215
18.478260869565215
18.478260869565215
18.478260869565215
18.478260869565215
18.478260869565215
18.478260869565215
18.478260869565215
18.478260869565215
18.478260869565215
18.478260869565215
18.478260869565215
18.556701030927837
18.556701030927837
18.681318681318682
18.681318681318682
18.681318681318682
18.681318681318682
18.681318681318682
18.681318681318682
18.681318681318682
18.681318681318682
18.681318681318682
18.681318681318682
18.681318681318682
18.681318681318682
18.681318681318682
18.681318681318682
18.75
18.75
18.88888888888889
18.88888888888889
18.88888888888889
18.88888888888889
18.88888888888889
18.88888888888889
18.88888888888889
18.88888888888889
18.88888888888889
18.88888888888889
18.88888888888889
18.88888888888889
18.88888888888889
18.88888888888889
18.88888888888889
18.88888888888889
18.88888888888889
18.88888888888889
18.88888888888889
18.88888888888889
18.88888888888889
18.88888888888889
18.88888888888889
18.88888888888889
18.88888888888889
18.88888888888889
18.88888888888889
18.88888888888889
18.947368421052634
18.947368421052634
19.101123595505616
19.101123595505616
19.101123595505616
19.101123595505616
19.101123595505616
19.101123595505616
19.101123595505616
19.101123595505616
19.101123595505616
19.101123595505616
19.101123595505616
19.101123595505616
19.101123595505616
19.101123595505616
19.101123595505616
19.101123595505616
19.101123595505616
19.101123595505616
19.101123595505616
19.101123595505616
19.101123595505616
19.101123595505616
19.101123595505616
19.101123595505616
19.101123595505616
19.101123595505616
19.101123595505616
19.101123595505616
19.148936170212767
19.148936170212767
19.148936170212767
19.148936170212767
19.318181818181817
19.318181818181817
19.318181818181817
19.35483870967742
19.35483870967742
19.35483870967742
19.35483870967742
19.35483870967742
19.35483870967742
19.35483870967742
19.35483870967742
19.35483870967742
19.35483870967742
19.35483870967742
19.35483870967742
19.35483870967742
19.35483870967742
19.35483870967742
19.41747572815534
19.565217391304348
19.565217391304348
19.565217391304348
19.565217391304348
19.565217391304348
19.565217391304348
19.565217391304348
19.565217391304348
19.565217391304348
19.565217391304348
19.565217391304348
19.565217391304348
19.565217391304348
19.565217391304348
19.565217391304348
19.565217391304348
19.565217391304348
19.565217391304348
19.565217391304348
19.565217391304348
19.565217391304348
19.565217391304348
19.565217391304348
19.565217391304348
19.565217391304348
19.565217391304348
19.565217391304348
19.565217391304348
19.565217391304348
19.565217391304348
19.565217391304348
19.565217391304348
19.607843137254903
19.607843137254903
19.767441860465116
19.78021978021978
19.78021978021978
19.78021978021978
19.78021978021978
19.78021978021978
19.78021978021978
19.78021978021978
19.78021978021978
19.78021978021978
19.78021978021978
19.78021978021978
19.78021978021978
19.78021978021978
19.78021978021978
19.78021978021978
20.0
20.0
20.0
20.0
20.0
20.0
20.0
20.0
20.0
20.0
20.0
20.0
20.0
20.0
20.0
20.0
20.0
20.0
20.0
20.0
20.0
20.0
20.212765957446805
20.212765957446805
20.212765957446805
20.212765957446805
20.212765957446805
20.212765957446805
20.212765957446805
20.212765957446805
20.224719101123593
20.224719101123593
20.224719101123593
20.224719101123593
20.224719101123593
20.224719101123593
20.224719101123593
20.224719101123593
20.224719101123593
20.224719101123593
20.224719101123593
20.224719101123593
20.224719101123593
20.224719101123593
20.224719101123593
20.224719101123593
20.224719101123593
20.43010752688172
20.43010752688172
20.43010752688172
20.43010752688172
20.43010752688172
20.43010752688172
20.43010752688172
20.43010752688172
20.43010752688172
20.43010752688172
20.43010752688172
20.43010752688172
20.454545454545457
20.454545454545457
20.454545454545457
20.454545454545457
20.454545454545457
20.454545454545457
20.454545454545457
20.454545454545457
20.454545454545457
20.454545454545457
20.454545454545457
20.454545454545457
20.454545454545457
20.454545454545457
20.454545454545457
20.454545454545457
20.652173913043477
20.652173913043477
20.652173913043477
20.652173913043477
20.652173913043477
20.652173913043477
20.652173913043477
20.652173913043477
20.652173913043477
20.652173913043477
20.652173913043477
20.652173913043477
20.652173913043477
20.652173913043477
20.652173913043477
20.652173913043477
20.652173913043477
20.652173913043477
20.652173913043477
20.652173913043477
20.652173913043477
20.652173913043477
20.652173913043477
20.652173913043477
20.689655172413794
20.87912087912088
20.87912087912088
20.87912087912088
20.87912087912088
20.87912087912088
20.87912087912088
20.87912087912088
20.87912087912088
20.87912087912088
21.11111111111111
21.11111111111111
21.11111111111111
21.11111111111111
21.11111111111111
21.11111111111111
21.11111111111111
21.11111111111111
21.11111111111111
21.11111111111111
21.11111111111111
21.11111111111111
21.11111111111111
21.11111111111111
21.11111111111111
21.27659574468085
21.34831460674157
21.34831460674157
21.34831460674157
21.34831460674157
21.34831460674157
21.34831460674157
21.34831460674157
21.34831460674157
21.34831460674157
21.34831460674157
21.50537634408602
21.50537634408602
21.50537634408602
21.50537634408602
21.50537634408602
21.50537634408602
21.50537634408602
21.50537634408602
21.50537634408602
21.50537634408602
21.50537634408602
21.50537634408602
21.50537634408602
21.59090909090909
21.59090909090909
21.59090909090909
21.59090909090909
21.59090909090909
21.59090909090909
21.59090909090909
21.59090909090909
21.59090909090909
21.59090909090909
21.59090909090909
21.59090909090909
21.69811320754717
21.73913043478261
21.73913043478261
21.73913043478261
21.73913043478261
21.73913043478261
21.73913043478261
21.73913043478261
21.73913043478261
21.73913043478261
21.73913043478261
21.73913043478261
21.73913043478261
21.73913043478261
21.73913043478261
21.73913043478261
21.839080459770116
21.978021978021978
21.978021978021978
21.978021978021978
21.978021978021978
21.978021978021978
21.978021978021978
22.105263157894736
22.22222222222222
22.22222222222222
22.22222222222222
22.22222222222222
22.22222222222222
22.22222222222222
22.22222222222222
22.22222222222222
22.448979591836736
22.47191011235955
22.47191011235955
22.47191011235955
22.47191011235955
22.47191011235955
22.47191011235955
22.47191011235955
22.47191011235955
22.47191011235955
22.58064516129032
22.58064516129032
22.58064516129032
22.58064516129032
22.727272727272727
22.727272727272727
22.727272727272727
22.727272727272727
22.727272727272727
22.727272727272727
22.727272727272727
22.82608695652174
22.82608695652174
22.82608695652174
22.82608695652174
22.82608695652174
22.82608695652174
22.82608695652174
22.82608695652174
23.076923076923077
23.076923076923077
23.076923076923077
23.076923076923077
23.076923076923077
23.076923076923077
23.076923076923077
23.076923076923077
23.076923076923077
23.076923076923077
23.28767123287671
23.333333333333332
23.333333333333332
23.333333333333332
23.333333333333332
23.333333333333332
23.46938775510204
23.46938775510204
23.52941176470588
23.52941176470588
23.595505617977526
23.595505617977526
23.595505617977526
23.595505617977526
23.655913978494624
23.655913978494624
23.655913978494624
23.863636363636363
23.863636363636363
23.863636363636363
23.91304347826087
23.91304347826087
23.91304347826087
23.91304347826087
23.91304347826087
24.137931034482758
24.175824175824175
24.175824175824175
24.210526315789473
24.242424242424242
24.444444444444443
24.444444444444443
24.444444444444443
24.444444444444443
24.444444444444443
24.444444444444443
24.444444444444443
24.444444444444443
24.46808510638298
24.46808510638298
24.705882352941178
24.719101123595504
24.719101123595504
24.719101123595504
24.719101123595504
24.719101123595504
24.719101123595504
24.719101123595504
24.731182795698924
24.742268041237114
25.0
25.0
25.0
25.0
25.0
25.0
25.0
25.0
25.0
25.274725274725274
25.274725274725274
25.274725274725274
25.352112676056336
25.555555555555554
25.555555555555554
25.555555555555554
25.555555555555554
25.842696629213485
26.0
26.136363636363637
26.136363636363637
26.136363636363637
26.262626262626267
26.373626373626376
26.53061224489796
26.666666666666668
26.666666666666668
26.666666666666668
26.96629213483146
26.96629213483146
27.27272727272727
27.55102040816326
27.586206896551722
27.586206896551722
27.586206896551722
27.710843373493976
27.77777777777778
27.77777777777778
27.77777777777778
27.835051546391753
28.40909090909091
28.57142857142857
28.865979381443296
28.888888888888886
29.20353982300885
29.213483146067414
29.47368421052631
30.0
30.337078651685395
30.337078651685395
31.182795698924732
31.521739130434785
31.63265306122449
31.868131868131865
31.958762886597935
32.967032967032964
32.97872340425532
33.33333333333333
33.68421052631579
33.69565217391305
34.04255319148936
34.065934065934066
35.1063829787234
35.78947368421053
36.17021276595745
36.27450980392157
36.55913978494624
36.666666666666664
36.95652173913043
36.95652173913043
37.634408602150536
37.77777777777778
38.70967741935484
39.130434782608695
40.44943820224719
40.65934065934066
40.65934065934066
44.230769230769226
44.44444444444444
45.26315789473684
45.94594594594595
46.15384615384615
48.888888888888886
50.0
51.31578947368421
52.85714285714286
53.62318840579711
57.446808510638306
58.88888888888889
63.04347826086957
