Unique ID: 0105f95dc1cd9de8897277ef05338a20,
Execution Time for Trace ID 0105f95dc1cd9de8897277ef05338a20: 97 ms
Input: 1000000,
Cold Start: true
Unique ID: 1e7f0920897b07030001a03b22450311,
Execution Time for Trace ID 1e7f0920897b07030001a03b22450311: 129 ms
Input: 1000000,
Cold Start: true
Unique ID: 5515e7ccaa5da11b782a882ed6cc38c6,
Execution Time for Trace ID 5515e7ccaa5da11b782a882ed6cc38c6: 38 ms
Input: 1000000,
Cold Start: false
Unique ID: c01bf8bdcf95f3c92943ed7a81fe6c07,
Execution Time for Trace ID c01bf8bdcf95f3c92943ed7a81fe6c07: 134 ms
Input: 1000000,
Cold Start: true
Unique ID: e3e77e6b1d7fbc3519b13dbfd6aa2117,
Execution Time for Trace ID e3e77e6b1d7fbc3519b13dbfd6aa2117: 103 ms
Input: 1000000,
Cold Start: false
Unique ID: decedab69abbf5fefe2e020aa1bc6fe7,
Execution Time for Trace ID decedab69abbf5fefe2e020aa1bc6fe7: 97 ms
Input: 1000000,
Cold Start: true
Unique ID: 09259fb0b1997660131dee2b6b569be1,
Execution Time for Trace ID 09259fb0b1997660131dee2b6b569be1: 53 ms
Input: 1000000,
Cold Start: false
Unique ID: 37758d4679a3615f20364d217e54df60,
Execution Time for Trace ID 37758d4679a3615f20364d217e54df60: 30 ms
Input: 1000000,
Cold Start: false
Unique ID: f7bd130354d47ed1b41f4020750d4080,
Execution Time for Trace ID f7bd130354d47ed1b41f4020750d4080: 32 ms
Input: 1000000,
Cold Start: false
Unique ID: 67ca88e13128cc95516b08e0343a8d8f,
Execution Time for Trace ID 67ca88e13128cc95516b08e0343a8d8f: 34 ms
Input: 1000000,
Cold Start: false
Unique ID: 7779de22e28128408ea5757998255def,
Execution Time for Trace ID 7779de22e28128408ea5757998255def: 115 ms
Input: 1000000,
Cold Start: false
Unique ID: 114680158d3822735858824df061a526,
Execution Time for Trace ID 114680158d3822735858824df061a526: 30 ms
Input: 1000000,
Cold Start: false
Unique ID: d853628475f99215227f0cf81b55680e,
Execution Time for Trace ID d853628475f99215227f0cf81b55680e: 117 ms
Input: 1000000,
Cold Start: false
Unique ID: 38c692a0e10b567d997c1b86ec01a9a3,
Execution Time for Trace ID 38c692a0e10b567d997c1b86ec01a9a3: 32 ms
Input: 1000000,
Cold Start: false
Unique ID: 6e41e3d1a1e5ff96c513c6a568cdd78f,
Execution Time for Trace ID 6e41e3d1a1e5ff96c513c6a568cdd78f: 113 ms
Input: 1000000,
Cold Start: false
Unique ID: 47763f00a09c525af48c28c42254370c,
Execution Time for Trace ID 47763f00a09c525af48c28c42254370c: 30 ms
Input: 1000000,
Cold Start: false
Unique ID: 02fed4894a7dd05cd321bd59dde20931,
Execution Time for Trace ID 02fed4894a7dd05cd321bd59dde20931: 118 ms
Input: 1000000,
Cold Start: false
Unique ID: 733cd077d97fa6f9a6d96332e422c5a9,
Execution Time for Trace ID 733cd077d97fa6f9a6d96332e422c5a9: 31 ms
Input: 1000000,
Cold Start: false
Unique ID: d99ba10d19d9301a67b98a2c56c89c6b,
Execution Time for Trace ID d99ba10d19d9301a67b98a2c56c89c6b: 31 ms
Input: 1000000,
Cold Start: false
Unique ID: 25a3261be3808eafa5917bb28fac88c6,
Execution Time for Trace ID 25a3261be3808eafa5917bb28fac88c6: 105 ms
Input: 1000000,
Cold Start: false
Unique ID: e5a1acc5fd35225a6a5323b41948cb66,
Execution Time for Trace ID e5a1acc5fd35225a6a5323b41948cb66: 36 ms
Input: 1000000,
Cold Start: false
Unique ID: 4438749c7738919f08fbfd15e3e83dd9,
Execution Time for Trace ID 4438749c7738919f08fbfd15e3e83dd9: 107 ms
Input: 1000000,
Cold Start: false
Unique ID: 11e86b264abd1c7d245009e9bd7baa81,
Execution Time for Trace ID 11e86b264abd1c7d245009e9bd7baa81: 30 ms
Input: 1000000,
Cold Start: false
Unique ID: 7f27493d3dca69e2c9a128a62a630967,
Execution Time for Trace ID 7f27493d3dca69e2c9a128a62a630967: 38 ms
Input: 1000000,
Cold Start: false
Unique ID: 912d6e3ab8d0fe317d96ddc1570976f1,
Execution Time for Trace ID 912d6e3ab8d0fe317d96ddc1570976f1: 30 ms
Input: 1000000,
Cold Start: false
Unique ID: e5372d1fabaf0c50872932125b2a0741,
Execution Time for Trace ID e5372d1fabaf0c50872932125b2a0741: 106 ms
Input: 1000000,
Cold Start: false
Unique ID: e46f170e842f1df763d5f21996328a50,
Execution Time for Trace ID e46f170e842f1df763d5f21996328a50: 31 ms
Input: 1000000,
Cold Start: false
Unique ID: 0bc1272cb6344e6409b4a6789781f1f3,
Execution Time for Trace ID 0bc1272cb6344e6409b4a6789781f1f3: 112 ms
Input: 1000000,
Cold Start: false
Unique ID: 71ebf6dc03985d2f7cea4740fed835a6,
Execution Time for Trace ID 71ebf6dc03985d2f7cea4740fed835a6: 33 ms
Input: 1000000,
Cold Start: false
Unique ID: 4d24d1f5385b9c38ae72547d8bcadf6a,
Execution Time for Trace ID 4d24d1f5385b9c38ae72547d8bcadf6a: 85 ms
Input: 1000000,
Cold Start: false
Unique ID: 9469b3f5464976d7c8b4bda986af1e39,
Execution Time for Trace ID 9469b3f5464976d7c8b4bda986af1e39: 31 ms
Input: 1000000,
Cold Start: false
Unique ID: c8cc369aa9be9e9becda8c8b0d4aff5a,
Execution Time for Trace ID c8cc369aa9be9e9becda8c8b0d4aff5a: 33 ms
Input: 1000000,
Cold Start: false
Unique ID: 97036350214987b9322d5f71f0271ecd,
Execution Time for Trace ID 97036350214987b9322d5f71f0271ecd: 30 ms
Input: 1000000,
Cold Start: false
Unique ID: 2fce4689982fa918fb5c26ea92fc6771,
Execution Time for Trace ID 2fce4689982fa918fb5c26ea92fc6771: 109 ms
Input: 1000000,
Cold Start: false
Unique ID: c98f51d2218d5031a4a466cbc0e3223e,
Execution Time for Trace ID c98f51d2218d5031a4a466cbc0e3223e: 33 ms
Input: 1000000,
Cold Start: false
Unique ID: 123577534b95072b99f52aea043d6221,
Execution Time for Trace ID 123577534b95072b99f52aea043d6221: 110 ms
Input: 1000000,
Cold Start: false
Unique ID: ac8d333a77b883799fc1a999b36399d5,
Execution Time for Trace ID ac8d333a77b883799fc1a999b36399d5: 31 ms
Input: 1000000,
Cold Start: false
Unique ID: dd80a5b774fc9c7ccf9b34f0b77cb3f4,
Execution Time for Trace ID dd80a5b774fc9c7ccf9b34f0b77cb3f4: 110 ms
Input: 1000000,
Cold Start: false
Unique ID: f4c8aa30e9c839eb32072511bcb1c052,
Execution Time for Trace ID f4c8aa30e9c839eb32072511bcb1c052: 31 ms
Input: 1000000,
Cold Start: false
Unique ID: b6a41ad89e2001fd6f0f0962b04b94e6,
Execution Time for Trace ID b6a41ad89e2001fd6f0f0962b04b94e6: 201 ms
Input: 1000000,
Cold Start: false
Unique ID: 0ca429feeec1b59fdaf40dee21cd8235,
Execution Time for Trace ID 0ca429feeec1b59fdaf40dee21cd8235: 94 ms
Input: 1000000,
Cold Start: false
Unique ID: 9d5a2358aeb9a71376900d65e9dcfff0,
Execution Time for Trace ID 9d5a2358aeb9a71376900d65e9dcfff0: 31 ms
Input: 1000000,
Cold Start: false
Unique ID: 4c2acaeadd1b05e38d7b4dacb2ab7af9,
Execution Time for Trace ID 4c2acaeadd1b05e38d7b4dacb2ab7af9: 33 ms
Input: 1000000,
Cold Start: false
Unique ID: a10af81faf13ffc47633b76ac7b9f47b,
Execution Time for Trace ID a10af81faf13ffc47633b76ac7b9f47b: 33 ms
Input: 1000000,
Cold Start: false
Unique ID: 3c8a3fa5160eddd27b30fd5cf21f0e13,
Execution Time for Trace ID 3c8a3fa5160eddd27b30fd5cf21f0e13: 102 ms
Input: 1000000,
Cold Start: false
Unique ID: 2d1260098b72b8893b1cf19acb46256e,
Execution Time for Trace ID 2d1260098b72b8893b1cf19acb46256e: 118 ms
Input: 1000000,
Cold Start: false
Unique ID: cfc7e1e26ceaf2b9fb899ae5752276ba,
Execution Time for Trace ID cfc7e1e26ceaf2b9fb899ae5752276ba: 33 ms
Input: 1000000,
Cold Start: false
Unique ID: 546827232899dd87d6fa3cb448757f3e,
Execution Time for Trace ID 546827232899dd87d6fa3cb448757f3e: 104 ms
Input: 1000000,
Cold Start: false
Unique ID: 8a1ef5b4d569a4c8a5d055ffa950cd4b,
Execution Time for Trace ID 8a1ef5b4d569a4c8a5d055ffa950cd4b: 30 ms
Input: 1000000,
Cold Start: false
Unique ID: 994d9458ee7a0a1d83f6e7a2d546af37,
Execution Time for Trace ID 994d9458ee7a0a1d83f6e7a2d546af37: 116 ms
Input: 1000000,
Cold Start: false
Unique ID: 9da436f9dbc5b6c05a178d802352abca,
Execution Time for Trace ID 9da436f9dbc5b6c05a178d802352abca: 33 ms
Input: 1000000,
Cold Start: false
Unique ID: d08fa69433697e2e0432a7ebfc115253,
Execution Time for Trace ID d08fa69433697e2e0432a7ebfc115253: 31 ms
Input: 1000000,
Cold Start: false
Unique ID: 4fcc6b56bf6f1bb1365fc9502efa5dfb,
Execution Time for Trace ID 4fcc6b56bf6f1bb1365fc9502efa5dfb: 113 ms
Input: 1000000,
Cold Start: false
Unique ID: 15004a7dedfc2a917877d27cebca1fd2,
Execution Time for Trace ID 15004a7dedfc2a917877d27cebca1fd2: 30 ms
Input: 1000000,
Cold Start: false
Unique ID: 660f204a186c60a407439d064de745cc,
Execution Time for Trace ID 660f204a186c60a407439d064de745cc: 31 ms
Input: 1000000,
Cold Start: false
Unique ID: 108742bba351c26e0e25ac615aa94e5e,
Execution Time for Trace ID 108742bba351c26e0e25ac615aa94e5e: 34 ms
Input: 1000000,
Cold Start: false
Unique ID: 791c907f915c3b2f19445f347816012f,
Execution Time for Trace ID 791c907f915c3b2f19445f347816012f: 31 ms
Input: 1000000,
Cold Start: false
Unique ID: f28b7462ef589b74a5f5aca702ac8fb6,
Execution Time for Trace ID f28b7462ef589b74a5f5aca702ac8fb6: 118 ms
Input: 1000000,
Cold Start: false
Unique ID: 1db49a173fabe219a503f0a7d0ab4185,
Execution Time for Trace ID 1db49a173fabe219a503f0a7d0ab4185: 30 ms
Input: 1000000,
Cold Start: false
Unique ID: 8ca8083ad18c1a84b0a1f5aae651cb90,
Execution Time for Trace ID 8ca8083ad18c1a84b0a1f5aae651cb90: 63 ms
Input: 1000000,
Cold Start: false
Unique ID: c84d78f764691165a193f02fc89379ac,
Execution Time for Trace ID c84d78f764691165a193f02fc89379ac: 116 ms
Input: 1000000,
Cold Start: false
Unique ID: 7921822b280737d900bde5ec956cb5c7,
Execution Time for Trace ID 7921822b280737d900bde5ec956cb5c7: 30 ms
Input: 1000000,
Cold Start: false
Unique ID: 08c81c50d1202c11571a4d25b90ea153,
Execution Time for Trace ID 08c81c50d1202c11571a4d25b90ea153: 32 ms
Input: 1000000,
Cold Start: false
Unique ID: 3bd0e54c016aaf583ba9c533ea6c1d5b,
Execution Time for Trace ID 3bd0e54c016aaf583ba9c533ea6c1d5b: 146 ms
Input: 1000000,
Cold Start: false
Unique ID: 4ce8e46e8121a396c8575e8e616b6f1a,
Execution Time for Trace ID 4ce8e46e8121a396c8575e8e616b6f1a: 52 ms
Input: 1000000,
Cold Start: false
Unique ID: 1563d56fb4b4cbcc9cc8e20e1e79956e,
Execution Time for Trace ID 1563d56fb4b4cbcc9cc8e20e1e79956e: 126 ms
Input: 1000000,
Cold Start: false
Unique ID: 57f47734a7011124e224f38c654679fc,
Execution Time for Trace ID 57f47734a7011124e224f38c654679fc: 111 ms
Input: 1000000,
Cold Start: false
Unique ID: 75fd3b0755e90026a5c7795def8b32dc,
Execution Time for Trace ID 75fd3b0755e90026a5c7795def8b32dc: 38 ms
Input: 1000000,
Cold Start: false
Unique ID: 7c4b507b359ed29f7e7c51fb9f3a6fd8,
Execution Time for Trace ID 7c4b507b359ed29f7e7c51fb9f3a6fd8: 35 ms
Input: 1000000,
Cold Start: false
Unique ID: a615ced5864a1d0810bb38655af6a020,
Execution Time for Trace ID a615ced5864a1d0810bb38655af6a020: 112 ms
Input: 1000000,
Cold Start: false
Unique ID: 7c298bd93e230583bcac21563debd2ef,
Execution Time for Trace ID 7c298bd93e230583bcac21563debd2ef: 41 ms
Input: 1000000,
Cold Start: false
Unique ID: f8b2d75e11c0f2cf988850044d655dd9,
Execution Time for Trace ID f8b2d75e11c0f2cf988850044d655dd9: 105 ms
Input: 1000000,
Cold Start: false
Unique ID: 34c0ce691a981de17d87eb2dd007251a,
Execution Time for Trace ID 34c0ce691a981de17d87eb2dd007251a: 107 ms
Input: 1000000,
Cold Start: false
Unique ID: 4149c2d3001473ded91cab30c685b6e2,
Execution Time for Trace ID 4149c2d3001473ded91cab30c685b6e2: 35 ms
Input: 1000000,
Cold Start: false
Unique ID: ee957eeee99add12525f1ca71b9c83f2,
Execution Time for Trace ID ee957eeee99add12525f1ca71b9c83f2: 119 ms
Input: 1000000,
Cold Start: false
Unique ID: 172687e2dc40b908e5d129963131b044,
Execution Time for Trace ID 172687e2dc40b908e5d129963131b044: 34 ms
Input: 1000000,
Cold Start: false
Unique ID: 705c174aff7ea6318105d668ef34fd48,
Execution Time for Trace ID 705c174aff7ea6318105d668ef34fd48: 30 ms
Input: 1000000,
Cold Start: false
Unique ID: b6ff2bc558f3ff669ac67e307eef8574,
Execution Time for Trace ID b6ff2bc558f3ff669ac67e307eef8574: 34 ms
Input: 1000000,
Cold Start: false
Unique ID: c1eab498b34eccbc7213eb02f5c96637,
Execution Time for Trace ID c1eab498b34eccbc7213eb02f5c96637: 33 ms
Input: 1000000,
Cold Start: false
Unique ID: ae9587235eb38d12f0ef8d31bfe2983c,
Execution Time for Trace ID ae9587235eb38d12f0ef8d31bfe2983c: 63 ms
Input: 1000000,
Cold Start: false
Unique ID: 0738d618ea16e8da361b0c07d836f219,
Execution Time for Trace ID 0738d618ea16e8da361b0c07d836f219: 29 ms
Input: 1000000,
Cold Start: false
Unique ID: 9461cb49bb9dbaf78eef4b2ede78cb7b,
Execution Time for Trace ID 9461cb49bb9dbaf78eef4b2ede78cb7b: 32 ms
Input: 1000000,
Cold Start: false
Unique ID: 654eb94ad0b0261eb38a15cfd62f9a65,
Execution Time for Trace ID 654eb94ad0b0261eb38a15cfd62f9a65: 31 ms
Input: 1000000,
Cold Start: false
Unique ID: cf8202ba329806c54b728f6653d4aed9,
Execution Time for Trace ID cf8202ba329806c54b728f6653d4aed9: 32 ms
Input: 1000000,
Cold Start: false
Unique ID: ab53a3434692903d02f5e48c3321dd35,
Execution Time for Trace ID ab53a3434692903d02f5e48c3321dd35: 33 ms
Input: 1000000,
Cold Start: false
Unique ID: a512c2713b709adca0740faffcbdefd1,
Execution Time for Trace ID a512c2713b709adca0740faffcbdefd1: 109 ms
Input: 1000000,
Cold Start: false
Unique ID: 9a303904c1017a3dde2eaf86414b3952,
Execution Time for Trace ID 9a303904c1017a3dde2eaf86414b3952: 111 ms
Input: 1000000,
Cold Start: false
Unique ID: 4e057feff175624e899bd785d2cae43e,
Execution Time for Trace ID 4e057feff175624e899bd785d2cae43e: 34 ms
Input: 1000000,
Cold Start: false
Unique ID: 5d9ae7595d4caaaafc24a67a4b6d0131,
Execution Time for Trace ID 5d9ae7595d4caaaafc24a67a4b6d0131: 36 ms
Input: 1000000,
Cold Start: false
Unique ID: 160b358713f2fc6d75e8365edd390fcb,
Execution Time for Trace ID 160b358713f2fc6d75e8365edd390fcb: 34 ms
Input: 1000000,
Cold Start: false
Unique ID: fdc3de7cf37ed03df15228704220d4e5,
Execution Time for Trace ID fdc3de7cf37ed03df15228704220d4e5: 30 ms
Input: 1000000,
Cold Start: false
Unique ID: ded880b1a1b3f8bde9bcd256f750a49f,
Execution Time for Trace ID ded880b1a1b3f8bde9bcd256f750a49f: 99 ms
Input: 1000000,
Cold Start: false
Unique ID: 2fa79b314d185fa2f6e1871c2dd0a5b3,
Execution Time for Trace ID 2fa79b314d185fa2f6e1871c2dd0a5b3: 31 ms
Input: 1000000,
Cold Start: false
Unique ID: 95decb4ccdd1226f4bd2c09cf91d1153,
Execution Time for Trace ID 95decb4ccdd1226f4bd2c09cf91d1153: 31 ms
Input: 1000000,
Cold Start: false
Unique ID: d5588ae75047e5944b54a5f7f244d4d3,
Execution Time for Trace ID d5588ae75047e5944b54a5f7f244d4d3: 30 ms
Input: 1000000,
Cold Start: false
Unique ID: 9153c2aad7b8b6d1378251a39825bb7b,
Execution Time for Trace ID 9153c2aad7b8b6d1378251a39825bb7b: 30 ms
Input: 1000000,
Cold Start: false
Unique ID: c83a1157d8af0e923be23d20eb5a3aca,
Execution Time for Trace ID c83a1157d8af0e923be23d20eb5a3aca: 31 ms
Input: 1000000,
Cold Start: false
Unique ID: 01cf3f84f1aa1cf77772a7469bb3974d,
Execution Time for Trace ID 01cf3f84f1aa1cf77772a7469bb3974d: 34 ms
Input: 1000000,
Cold Start: false
Unique ID: f7be1ea66ea0051b63b3c70851d5cd05,
Execution Time for Trace ID f7be1ea66ea0051b63b3c70851d5cd05: 30 ms
Input: 1000000,
Cold Start: false
Unique ID: 1a6e4b4e61727d246c4f30e01de36969,
Execution Time for Trace ID 1a6e4b4e61727d246c4f30e01de36969: 31 ms
Input: 1000000,
Cold Start: false
Unique ID: 735ede11fb333ec7a013d468ad12c783,
Execution Time for Trace ID 735ede11fb333ec7a013d468ad12c783: 32 ms
Input: 1000000,
Cold Start: false
Unique ID: 1f6333eeae03c7364460e9bbe074856f,
Execution Time for Trace ID 1f6333eeae03c7364460e9bbe074856f: 30 ms
Input: 1000000,
Cold Start: false
Unique ID: 3ef1fe75fc325aa3d09a984b5fb81d9c,
Execution Time for Trace ID 3ef1fe75fc325aa3d09a984b5fb81d9c: 30 ms
Input: 1000000,
Cold Start: false
Unique ID: 6bf712bf4f9fca5c6574df7561dff189,
Execution Time for Trace ID 6bf712bf4f9fca5c6574df7561dff189: 117 ms
Input: 1000000,
Cold Start: false
Unique ID: ace28e8c682f3f36bc7fcd6e629c724f,
Execution Time for Trace ID ace28e8c682f3f36bc7fcd6e629c724f: 32 ms
Input: 1000000,
Cold Start: false
Unique ID: 55c77299bdb1c26e39f06b534ef9d6b8,
Execution Time for Trace ID 55c77299bdb1c26e39f06b534ef9d6b8: 29 ms
Input: 1000000,
Cold Start: false
Unique ID: fb71de11aa0886d4338cef30784d2ad9,
Execution Time for Trace ID fb71de11aa0886d4338cef30784d2ad9: 33 ms
Input: 1000000,
Cold Start: false
Unique ID: c1a9c8ebec73a3aa0c8f7d27a4ecbad0,
Execution Time for Trace ID c1a9c8ebec73a3aa0c8f7d27a4ecbad0: 31 ms
Input: 1000000,
Cold Start: false
Unique ID: 69792c2fc32ec3f0f98c84a974e89dcd,
Execution Time for Trace ID 69792c2fc32ec3f0f98c84a974e89dcd: 37 ms
Input: 1000000,
Cold Start: false
Unique ID: 7867ca5b23ed132ae95d321873695626,
Execution Time for Trace ID 7867ca5b23ed132ae95d321873695626: 106 ms
Input: 1000000,
Cold Start: false
Unique ID: 71efda6f043a8990eaa07d85e535f874,
Execution Time for Trace ID 71efda6f043a8990eaa07d85e535f874: 110 ms
Input: 1000000,
Cold Start: false
Unique ID: 1faf0caf77739399a1ee94efca63046b,
Execution Time for Trace ID 1faf0caf77739399a1ee94efca63046b: 30 ms
Input: 1000000,
Cold Start: false
Unique ID: e14aa7a187922158c5ea80fc48f9c6a2,
Execution Time for Trace ID e14aa7a187922158c5ea80fc48f9c6a2: 116 ms
Input: 1000000,
Cold Start: false
Unique ID: bb69d8f5896560741f71f9e1b521d5a8,
Execution Time for Trace ID bb69d8f5896560741f71f9e1b521d5a8: 34 ms
Input: 1000000,
Cold Start: false
Unique ID: dc25a002b96c73a55c601c7f50f92c9d,
Execution Time for Trace ID dc25a002b96c73a55c601c7f50f92c9d: 38 ms
Input: 1000000,
Cold Start: false
Unique ID: 8ab4d43dad0a0a6e042e79b998972352,
Execution Time for Trace ID 8ab4d43dad0a0a6e042e79b998972352: 35 ms
Input: 1000000,
Cold Start: false
Unique ID: 49389182cc8b2127918d2a16940d8788,
Execution Time for Trace ID 49389182cc8b2127918d2a16940d8788: 116 ms
Input: 1000000,
Cold Start: false
Unique ID: ad37cba0d7fac41b001a6927dd8f6a89,
Execution Time for Trace ID ad37cba0d7fac41b001a6927dd8f6a89: 29 ms
Input: 1000000,
Cold Start: false
Unique ID: 7d1d060dab80f419db92f52956b5ad41,
Execution Time for Trace ID 7d1d060dab80f419db92f52956b5ad41: 117 ms
Input: 1000000,
Cold Start: false
Unique ID: 6585f274a8decb05fdcaa4cc2d34f948,
Execution Time for Trace ID 6585f274a8decb05fdcaa4cc2d34f948: 30 ms
Input: 1000000,
Cold Start: false
Unique ID: 93e5e3f077543b5473eb05560edcf3e9,
Execution Time for Trace ID 93e5e3f077543b5473eb05560edcf3e9: 33 ms
Input: 1000000,
Cold Start: false
Unique ID: f69ecab49db2566a74586aceb95d9e08,
Execution Time for Trace ID f69ecab49db2566a74586aceb95d9e08: 30 ms
Input: 1000000,
Cold Start: false
Unique ID: 999ea7b1d91cc8af882e099b4a1e13cb,
Execution Time for Trace ID 999ea7b1d91cc8af882e099b4a1e13cb: 77 ms
Input: 1000000,
Cold Start: false
Unique ID: c19ee79844792d87882e099b4a1e1fc6,
Execution Time for Trace ID c19ee79844792d87882e099b4a1e1fc6: 30 ms
Input: 1000000,
Cold Start: false
Unique ID: e5cd3d3ebab557a2f1595d2e14944c8c,
Execution Time for Trace ID e5cd3d3ebab557a2f1595d2e14944c8c: 31 ms
Input: 1000000,
Cold Start: false
Unique ID: 73e076aa15501903f68d412d327ae6cf,
Execution Time for Trace ID 73e076aa15501903f68d412d327ae6cf: 33 ms
Input: 1000000,
Cold Start: false
Unique ID: 1296ce874745ebf50bd8c8fc5d6de22f,
Execution Time for Trace ID 1296ce874745ebf50bd8c8fc5d6de22f: 38 ms
Input: 1000000,
Cold Start: false
Unique ID: 136d68e3bc69691025de1e6b2e6822fd,
Execution Time for Trace ID 136d68e3bc69691025de1e6b2e6822fd: 32 ms
Input: 1000000,
Cold Start: false
Unique ID: e816b79ecb9d62824e824f3d1e6533d3,
Execution Time for Trace ID e816b79ecb9d62824e824f3d1e6533d3: 32 ms
Input: 1000000,
Cold Start: false
Unique ID: a68a1d969e9de5654f31e602c09d5eec,
Execution Time for Trace ID a68a1d969e9de5654f31e602c09d5eec: 30 ms
Input: 1000000,
Cold Start: false
Unique ID: d64c25c72be164e219914f9d25b9e4bb,
Execution Time for Trace ID d64c25c72be164e219914f9d25b9e4bb: 33 ms
Input: 1000000,
Cold Start: false
Unique ID: 9b53f6cffe3569f1c07eb1c7b7faad6e,
Execution Time for Trace ID 9b53f6cffe3569f1c07eb1c7b7faad6e: 30 ms
Input: 1000000,
Cold Start: false
Unique ID: 164dd0f58514d2503d71614fa6ecda16,
Execution Time for Trace ID 164dd0f58514d2503d71614fa6ecda16: 31 ms
Input: 1000000,
Cold Start: false
Unique ID: eb0bd9a2cf3397c8b53cfcda26f8ab71,
Execution Time for Trace ID eb0bd9a2cf3397c8b53cfcda26f8ab71: 30 ms
Input: 1000000,
Cold Start: false
Unique ID: 84ddf9ed3ab4cee19f63310297a6bd19,
Execution Time for Trace ID 84ddf9ed3ab4cee19f63310297a6bd19: 35 ms
Input: 1000000,
Cold Start: false
Unique ID: 5a34d7c79c006ca012cbe3d3aed75ca4,
Execution Time for Trace ID 5a34d7c79c006ca012cbe3d3aed75ca4: 30 ms
Input: 1000000,
Cold Start: false
Unique ID: d835535fee41542061ea868beb1ad889,
Execution Time for Trace ID d835535fee41542061ea868beb1ad889: 125 ms
Input: 1000000,
Cold Start: false
Unique ID: 420a2afd75a53777ae844ee34e61d196,
Execution Time for Trace ID 420a2afd75a53777ae844ee34e61d196: 121 ms
Input: 1000000,
Cold Start: false
Unique ID: bb69db5bec0a200418ad61799f1be782,
Execution Time for Trace ID bb69db5bec0a200418ad61799f1be782: 114 ms
Input: 1000000,
Cold Start: false
Unique ID: 5cbaeadc8362c0fc6cb5d27482786c39,
Execution Time for Trace ID 5cbaeadc8362c0fc6cb5d27482786c39: 31 ms
Input: 1000000,
Cold Start: false
Unique ID: f81df9251bf660470f1582eb265ea776,
Execution Time for Trace ID f81df9251bf660470f1582eb265ea776: 32 ms
Input: 1000000,
Cold Start: false
Unique ID: bd3075dcf6daca12b2a82ba2424abc7d,
Execution Time for Trace ID bd3075dcf6daca12b2a82ba2424abc7d: 34 ms
Input: 1000000,
Cold Start: false
Unique ID: e22b8458115e05197c9441852dd08e08,
Execution Time for Trace ID e22b8458115e05197c9441852dd08e08: 31 ms
Input: 1000000,
Cold Start: false
Unique ID: f4a98ffc97c21c484c09cd5bb73ef122,
Execution Time for Trace ID f4a98ffc97c21c484c09cd5bb73ef122: 30 ms
Input: 1000000,
Cold Start: false
Unique ID: bd8c8f66983e289a2870a8f802eac96d,
Execution Time for Trace ID bd8c8f66983e289a2870a8f802eac96d: 29 ms
Input: 1000000,
Cold Start: false
Unique ID: 618743ebabebf3bbeed1736abed473a2,
Execution Time for Trace ID 618743ebabebf3bbeed1736abed473a2: 29 ms
Input: 1000000,
Cold Start: false
Unique ID: e583a0b2ed6332c881d5cccea664d087,
Execution Time for Trace ID e583a0b2ed6332c881d5cccea664d087: 32 ms
Input: 1000000,
Cold Start: false
Unique ID: 88b736e77554eb84f2a8a493016d917e,
Execution Time for Trace ID 88b736e77554eb84f2a8a493016d917e: 33 ms
Input: 1000000,
Cold Start: false
Unique ID: 20b86d45def14c9a619e2defbff060a3,
Execution Time for Trace ID 20b86d45def14c9a619e2defbff060a3: 28 ms
Input: 1000000,
Cold Start: false
Unique ID: 3040d7e17167c4d4dfe380a8073f8587,
Execution Time for Trace ID 3040d7e17167c4d4dfe380a8073f8587: 91 ms
Input: 1000000,
Cold Start: false
Unique ID: 6f5365fdabcf4a39fc16c722aa6e796a,
Execution Time for Trace ID 6f5365fdabcf4a39fc16c722aa6e796a: 31 ms
Input: 1000000,
Cold Start: false
Unique ID: 277cf2f189aa256b83094a1d76cde126,
Execution Time for Trace ID 277cf2f189aa256b83094a1d76cde126: 32 ms
Input: 1000000,
Cold Start: false
Unique ID: 05ba31ee98a1c0a6d22656da8ff85d8a,
Execution Time for Trace ID 05ba31ee98a1c0a6d22656da8ff85d8a: 33 ms
Input: 1000000,
Cold Start: false
Unique ID: 4b7cb4cbc54b24125ff4322aa0c635f5,
Execution Time for Trace ID 4b7cb4cbc54b24125ff4322aa0c635f5: 31 ms
Input: 1000000,
Cold Start: false
Unique ID: 227c16f9182acffa0bfab0c4f3a284d9,
Execution Time for Trace ID 227c16f9182acffa0bfab0c4f3a284d9: 60 ms
Input: 1000000,
Cold Start: false
Unique ID: ec7014d9b83e530f0a18bf35ced7fcdf,
Execution Time for Trace ID ec7014d9b83e530f0a18bf35ced7fcdf: 30 ms
Input: 1000000,
Cold Start: false
Unique ID: cc3670406c5d82c986dcdaccf812f721,
Execution Time for Trace ID cc3670406c5d82c986dcdaccf812f721: 58 ms
Input: 1000000,
Cold Start: false
Unique ID: f8f5f58c7f693eae384673dd79f11b55,
Execution Time for Trace ID f8f5f58c7f693eae384673dd79f11b55: 30 ms
Input: 1000000,
Cold Start: false
Unique ID: 01f12c3f782517c24ec3f3b8b2b8458c,
Execution Time for Trace ID 01f12c3f782517c24ec3f3b8b2b8458c: 53 ms
Input: 1000000,
Cold Start: false
Unique ID: 8f1334de94ca30e17e0468ece74cd1b1,
Execution Time for Trace ID 8f1334de94ca30e17e0468ece74cd1b1: 58 ms
Input: 1000000,
Cold Start: false
Unique ID: 68c271ab92d490a6357855702e26586f,
Execution Time for Trace ID 68c271ab92d490a6357855702e26586f: 36 ms
Input: 1000000,
Cold Start: false
Unique ID: ede9d052e364bb1ee77bd5a065684f9f,
Execution Time for Trace ID ede9d052e364bb1ee77bd5a065684f9f: 33 ms
Input: 1000000,
Cold Start: false
Unique ID: c3d30269f280c924025b5bd60c635e40,
Execution Time for Trace ID c3d30269f280c924025b5bd60c635e40: 62 ms
Input: 1000000,
Cold Start: false
Unique ID: 92b4fad70294515c66add8d7f1622461,
Execution Time for Trace ID 92b4fad70294515c66add8d7f1622461: 30 ms
Input: 1000000,
Cold Start: false
Unique ID: c4571d0f1f0ea517380a39a4966732a0,
Execution Time for Trace ID c4571d0f1f0ea517380a39a4966732a0: 67 ms
Input: 1000000,
Cold Start: false
Unique ID: 39f96101c97febcecd1ef120a0b7a4ff,
Execution Time for Trace ID 39f96101c97febcecd1ef120a0b7a4ff: 30 ms
Input: 1000000,
Cold Start: false
Unique ID: 1acd13399b313e204af8168409098ee4,
Execution Time for Trace ID 1acd13399b313e204af8168409098ee4: 61 ms
Input: 1000000,
Cold Start: false
Unique ID: a45e836cefa92460d9ea7f871bd9c401,
Execution Time for Trace ID a45e836cefa92460d9ea7f871bd9c401: 30 ms
Input: 1000000,
Cold Start: false
Unique ID: a3668d3dfb390d3f389e6826c41d7321,
Execution Time for Trace ID a3668d3dfb390d3f389e6826c41d7321: 37 ms
Input: 1000000,
Cold Start: false
Unique ID: eeb3444a393a8c1cb34f6efde2722c3f,
Execution Time for Trace ID eeb3444a393a8c1cb34f6efde2722c3f: 69 ms
Input: 1000000,
Cold Start: false
Unique ID: 8aad725d32252ecf6eb5beadfdb1b654,
Execution Time for Trace ID 8aad725d32252ecf6eb5beadfdb1b654: 51 ms
Input: 1000000,
Cold Start: false
Unique ID: fc90c236eb2848b344af723a136d22dc,
Execution Time for Trace ID fc90c236eb2848b344af723a136d22dc: 33 ms
Input: 1000000,
Cold Start: false
Unique ID: cdfa95237243944a048459bea270a928,
Execution Time for Trace ID cdfa95237243944a048459bea270a928: 33 ms
Input: 1000000,
Cold Start: false
Unique ID: 394544fdfc483e0cad84ed86efd49523,
Execution Time for Trace ID 394544fdfc483e0cad84ed86efd49523: 33 ms
Input: 1000000,
Cold Start: false
Unique ID: 548521f290be3bfa187d799c708fc765,
Execution Time for Trace ID 548521f290be3bfa187d799c708fc765: 50 ms
Input: 1000000,
Cold Start: false
Unique ID: a5a1eb83dc7be6e489ac029cd8623e5a,
Execution Time for Trace ID a5a1eb83dc7be6e489ac029cd8623e5a: 29 ms
Input: 1000000,
Cold Start: false
Unique ID: ae65b2b7407a05f16f63ae7013cca439,
Execution Time for Trace ID ae65b2b7407a05f16f63ae7013cca439: 36 ms
Input: 1000000,
Cold Start: false
Unique ID: 4b03fe473914258e8e0e15ce9a4bb27d,
Execution Time for Trace ID 4b03fe473914258e8e0e15ce9a4bb27d: 30 ms
Input: 1000000,
Cold Start: false
Unique ID: 8c0afaf972c56f0b961b1afb9b3f962c,
Execution Time for Trace ID 8c0afaf972c56f0b961b1afb9b3f962c: 62 ms
Input: 1000000,
Cold Start: false
Unique ID: 6c1240ed40828e45e92f135ae1737766,
Execution Time for Trace ID 6c1240ed40828e45e92f135ae1737766: 32 ms
Input: 1000000,
Cold Start: false
Unique ID: 11271d060ef4fb49e0d064db117f5575,
Execution Time for Trace ID 11271d060ef4fb49e0d064db117f5575: 62 ms
Input: 1000000,
Cold Start: false
Unique ID: 3cf3c282e72100b78d2079ca6063de55,
Execution Time for Trace ID 3cf3c282e72100b78d2079ca6063de55: 29 ms
Input: 1000000,
Cold Start: false
Unique ID: a0df061c34bb04816fb57d0b79703d46,
Execution Time for Trace ID a0df061c34bb04816fb57d0b79703d46: 53 ms
Input: 1000000,
Cold Start: false
Unique ID: 500c03e88f395feb27361f9873a972c0,
Execution Time for Trace ID 500c03e88f395feb27361f9873a972c0: 37 ms
Input: 1000000,
Cold Start: false
Unique ID: 127df44d6c40900d72ae022447191506,
Execution Time for Trace ID 127df44d6c40900d72ae022447191506: 63 ms
Input: 1000000,
Cold Start: false
Unique ID: fcb0011920d8993dd7e755de10203d70,
Execution Time for Trace ID fcb0011920d8993dd7e755de10203d70: 59 ms
Input: 1000000,
Cold Start: false
Unique ID: 82b3f1bc4ac22aeeeb203d4ba5cb63d9,
Execution Time for Trace ID 82b3f1bc4ac22aeeeb203d4ba5cb63d9: 33 ms
Input: 1000000,
Cold Start: false
Unique ID: dff93cfd0f142411890a9b2613bc559f,
Execution Time for Trace ID dff93cfd0f142411890a9b2613bc559f: 31 ms
Input: 1000000,
Cold Start: false
Unique ID: ad92d944fb2b0360d5a3ab855e0a7839,
Execution Time for Trace ID ad92d944fb2b0360d5a3ab855e0a7839: 62 ms
Input: 1000000,
Cold Start: false
Unique ID: 0da38ec51cd6beab38261efe2d9029c0,
Execution Time for Trace ID 0da38ec51cd6beab38261efe2d9029c0: 61 ms
Input: 1000000,
Cold Start: false
Unique ID: c0b9b93ae2a6cfa8141223fe7fc83942,
Execution Time for Trace ID c0b9b93ae2a6cfa8141223fe7fc83942: 58 ms
Input: 1000000,
Cold Start: false
Unique ID: b9ac5326cc57f98b5b5da29c05af934b,
Execution Time for Trace ID b9ac5326cc57f98b5b5da29c05af934b: 32 ms
Input: 1000000,
Cold Start: false
Unique ID: 4caea83ed492a91fa537d1858e3771cf,
Execution Time for Trace ID 4caea83ed492a91fa537d1858e3771cf: 63 ms
Input: 1000000,
Cold Start: false
Unique ID: 3dc71be9fa4c3ecf1d10ba7bccab9e89,
Execution Time for Trace ID 3dc71be9fa4c3ecf1d10ba7bccab9e89: 34 ms
Input: 1000000,
Cold Start: false
Unique ID: d3a83bf2f8d176f3c8df4e51215c733d,
Execution Time for Trace ID d3a83bf2f8d176f3c8df4e51215c733d: 64 ms
Input: 1000000,
Cold Start: false
Unique ID: 04b874a718be7bd070bc668d7ed1069a,
Execution Time for Trace ID 04b874a718be7bd070bc668d7ed1069a: 33 ms
Input: 1000000,
Cold Start: false
Unique ID: 59a49b944f9cac7c23dbdcb8aaec58d3,
Execution Time for Trace ID 59a49b944f9cac7c23dbdcb8aaec58d3: 32 ms
Input: 1000000,
Cold Start: false
Unique ID: ce537ded5e784030c5d4bcdd1f03661d,
Execution Time for Trace ID ce537ded5e784030c5d4bcdd1f03661d: 28 ms
Input: 1000000,
Cold Start: false
Unique ID: 6fe781f3cda052be854be4ded9374242,
Execution Time for Trace ID 6fe781f3cda052be854be4ded9374242: 63 ms
Input: 1000000,
Cold Start: false
Unique ID: d8d184244f4743904925d57ed7897c41,
Execution Time for Trace ID d8d184244f4743904925d57ed7897c41: 56 ms
Input: 1000000,
Cold Start: false
Unique ID: 6f83ad376f75f880bacc6cbe6f679298,
Execution Time for Trace ID 6f83ad376f75f880bacc6cbe6f679298: 63 ms
Input: 1000000,
Cold Start: false
Unique ID: d7a7d1cc6a8e7dc44cdfe82531f9b8aa,
Execution Time for Trace ID d7a7d1cc6a8e7dc44cdfe82531f9b8aa: 35 ms
Input: 1000000,
Cold Start: false
Unique ID: b753755742578d6469242e3343d2cde0,
Execution Time for Trace ID b753755742578d6469242e3343d2cde0: 58 ms
Input: 1000000,
Cold Start: false
Unique ID: bedf8b1c643be2a572943af804a03af0,
Execution Time for Trace ID bedf8b1c643be2a572943af804a03af0: 33 ms
Input: 1000000,
Cold Start: false
Unique ID: 79825f860631abaf5046e68d7ef7c58e,
Execution Time for Trace ID 79825f860631abaf5046e68d7ef7c58e: 61 ms
Input: 1000000,
Cold Start: false
Unique ID: 69a2be1906cd8b7e2e6548d06a9d5aab,
Execution Time for Trace ID 69a2be1906cd8b7e2e6548d06a9d5aab: 30 ms
Input: 1000000,
Cold Start: false
Unique ID: ebde3860484d6227413bfd241be99868,
Execution Time for Trace ID ebde3860484d6227413bfd241be99868: 30 ms
Input: 1000000,
Cold Start: false
Unique ID: 2285f003cffd62dc25e8b7f61448de1c,
Execution Time for Trace ID 2285f003cffd62dc25e8b7f61448de1c: 29 ms
Input: 1000000,
Cold Start: false
Unique ID: 6a933990b6a68b3a5626ccf60ddc2943,
Execution Time for Trace ID 6a933990b6a68b3a5626ccf60ddc2943: 62 ms
Input: 1000000,
Cold Start: false
Unique ID: 530057a99ac991b868a941a412189220,
Execution Time for Trace ID 530057a99ac991b868a941a412189220: 63 ms
Input: 1000000,
Cold Start: false
Unique ID: 90caccf36c5c1c2c859f4e3239e823c3,
Execution Time for Trace ID 90caccf36c5c1c2c859f4e3239e823c3: 30 ms
Input: 1000000,
Cold Start: false
Unique ID: cadc03a7d7c19259f6eecb7c60827503,
Execution Time for Trace ID cadc03a7d7c19259f6eecb7c60827503: 30 ms
Input: 1000000,
Cold Start: false
Unique ID: 60154e2fafc602a787e1256837e96cd9,
Execution Time for Trace ID 60154e2fafc602a787e1256837e96cd9: 59 ms
Input: 1000000,
Cold Start: false
Unique ID: c5eb9a6d31db4b17cc98635351f5fa4e,
Execution Time for Trace ID c5eb9a6d31db4b17cc98635351f5fa4e: 32 ms
Input: 1000000,
Cold Start: false
Unique ID: 04ce841e246b720f4575fdbc9fa208e0,
Execution Time for Trace ID 04ce841e246b720f4575fdbc9fa208e0: 61 ms
Input: 1000000,
Cold Start: false
Unique ID: 9773a82f3f864f9731c559fb4ac6afb6,
Execution Time for Trace ID 9773a82f3f864f9731c559fb4ac6afb6: 30 ms
Input: 1000000,
Cold Start: false
Unique ID: 43c09c76ef5e30d68e26eeffe130adcf,
Execution Time for Trace ID 43c09c76ef5e30d68e26eeffe130adcf: 33 ms
Input: 1000000,
Cold Start: false
Unique ID: f03456a1a20f3a1ae1e07fbaee0b8bf9,
Execution Time for Trace ID f03456a1a20f3a1ae1e07fbaee0b8bf9: 30 ms
Input: 1000000,
Cold Start: false
Unique ID: 3acec03cd9b43c535c408ab28eb6deb2,
Execution Time for Trace ID 3acec03cd9b43c535c408ab28eb6deb2: 55 ms
Input: 1000000,
Cold Start: false
Unique ID: 4e7cbb799be4d6d533ff3f33af7dec39,
Execution Time for Trace ID 4e7cbb799be4d6d533ff3f33af7dec39: 66 ms
Input: 1000000,
Cold Start: false
Unique ID: 756ffc00d38a79be48ddfd9dc855227b,
Execution Time for Trace ID 756ffc00d38a79be48ddfd9dc855227b: 59 ms
Input: 1000000,
Cold Start: false
Unique ID: b4520d1ca360f567ea9c6591306d5eb1,
Execution Time for Trace ID b4520d1ca360f567ea9c6591306d5eb1: 32 ms
Input: 1000000,
Cold Start: false
Unique ID: dfe3c488640e9f701ba384e5593dc977,
Execution Time for Trace ID dfe3c488640e9f701ba384e5593dc977: 58 ms
Input: 1000000,
Cold Start: false
Unique ID: dccda577d03076c6b456cd5b269c25ea,
Execution Time for Trace ID dccda577d03076c6b456cd5b269c25ea: 30 ms
Input: 1000000,
Cold Start: false
Unique ID: 9eed273bb45b7fa2587c0d04e20dc8a5,
Execution Time for Trace ID 9eed273bb45b7fa2587c0d04e20dc8a5: 31 ms
Input: 1000000,
Cold Start: false
Unique ID: 7155bd67075176e53e66a81690257685,
Execution Time for Trace ID 7155bd67075176e53e66a81690257685: 30 ms
Input: 1000000,
Cold Start: false
Unique ID: 4f932eb46bd18234aaff7e0dfea36c5f,
Execution Time for Trace ID 4f932eb46bd18234aaff7e0dfea36c5f: 31 ms
Input: 1000000,
Cold Start: false
Unique ID: 113109f7e239fd9cdf0058daab8e796d,
Execution Time for Trace ID 113109f7e239fd9cdf0058daab8e796d: 35 ms
Input: 1000000,
Cold Start: false
Unique ID: 1078a102a8c25c071ab147e76e5523b3,
Execution Time for Trace ID 1078a102a8c25c071ab147e76e5523b3: 65 ms
Input: 1000000,
Cold Start: false
Unique ID: b735a97506480ac651742e480d8eb6a0,
Execution Time for Trace ID b735a97506480ac651742e480d8eb6a0: 35 ms
Input: 1000000,
Cold Start: false
Unique ID: b31baad78069b7b02961b17d47b5eeb3,
Execution Time for Trace ID b31baad78069b7b02961b17d47b5eeb3: 41 ms
Input: 1000000,
Cold Start: false
Unique ID: eb89102a46473eadf3781be71098869c,
Execution Time for Trace ID eb89102a46473eadf3781be71098869c: 34 ms
Input: 1000000,
Cold Start: false
Unique ID: 2621125b8f29d8bfee540638f6a4a01a,
Execution Time for Trace ID 2621125b8f29d8bfee540638f6a4a01a: 37 ms
Input: 1000000,
Cold Start: false
Unique ID: 51c18f0355536d745690812a351d8994,
Execution Time for Trace ID 51c18f0355536d745690812a351d8994: 32 ms
Input: 1000000,
Cold Start: false
Unique ID: 020350d56fba5dc39db6663b60c6e597,
Execution Time for Trace ID 020350d56fba5dc39db6663b60c6e597: 66 ms
Input: 1000000,
Cold Start: false
Unique ID: 9681c1dd9ff116519ded3c138143c1f0,
Execution Time for Trace ID 9681c1dd9ff116519ded3c138143c1f0: 61 ms
Input: 1000000,
Cold Start: false
Unique ID: 2b4b562b231107f1201f4600ddbbe0de,
Execution Time for Trace ID 2b4b562b231107f1201f4600ddbbe0de: 63 ms
Input: 1000000,
Cold Start: false
Unique ID: a5a402a43d460625d3f5cd9808d77899,
Execution Time for Trace ID a5a402a43d460625d3f5cd9808d77899: 30 ms
Input: 1000000,
Cold Start: false
Unique ID: ffc80d8586176786a9bc022acdb3be9d,
Execution Time for Trace ID ffc80d8586176786a9bc022acdb3be9d: 56 ms
Input: 1000000,
Cold Start: false
Unique ID: 493dbff48cd9985d0c75f1e4ca77816b,
Execution Time for Trace ID 493dbff48cd9985d0c75f1e4ca77816b: 60 ms
Input: 1000000,
Cold Start: false
Unique ID: 88506a033361e611dddcfd757b647b32,
Execution Time for Trace ID 88506a033361e611dddcfd757b647b32: 65 ms
Input: 1000000,
Cold Start: false
Unique ID: 4096fad75f726e08bfa4b43226651657,
Execution Time for Trace ID 4096fad75f726e08bfa4b43226651657: 32 ms
Input: 1000000,
Cold Start: false
Unique ID: 6779c837e8919dc8353f5342e40240e5,
Execution Time for Trace ID 6779c837e8919dc8353f5342e40240e5: 33 ms
Input: 1000000,
Cold Start: false
Unique ID: 1addeea47bd1805b882dbed2346a8208,
Execution Time for Trace ID 1addeea47bd1805b882dbed2346a8208: 63 ms
Input: 1000000,
Cold Start: false
Unique ID: 81720147ee79d0920c8b888f57eb0142,
Execution Time for Trace ID 81720147ee79d0920c8b888f57eb0142: 61 ms
Input: 1000000,
Cold Start: false
Unique ID: 5eb6d13bf6b4b3f097ea8bceb465b911,
Execution Time for Trace ID 5eb6d13bf6b4b3f097ea8bceb465b911: 32 ms
Input: 1000000,
Cold Start: false
Unique ID: 40817b19d2e665c7d07b96ed84030e1e,
Execution Time for Trace ID 40817b19d2e665c7d07b96ed84030e1e: 60 ms
Input: 1000000,
Cold Start: false
Unique ID: 914fc95101dc8b251f8f562954d339c5,
Execution Time for Trace ID 914fc95101dc8b251f8f562954d339c5: 34 ms
Input: 1000000,
Cold Start: false
Unique ID: 3b3d446248c9948f1842a4c90420ee24,
Execution Time for Trace ID 3b3d446248c9948f1842a4c90420ee24: 32 ms
Input: 1000000,
Cold Start: false
Unique ID: 9d48f12aacd3309c913422e384ead1b0,
Execution Time for Trace ID 9d48f12aacd3309c913422e384ead1b0: 59 ms
Input: 1000000,
Cold Start: false
Unique ID: a0d13252597e683fd196b0e98c5b44dd,
Execution Time for Trace ID a0d13252597e683fd196b0e98c5b44dd: 56 ms
Input: 1000000,
Cold Start: false
Unique ID: 3102f22c580cb030cd9661713407c502,
Execution Time for Trace ID 3102f22c580cb030cd9661713407c502: 29 ms
Input: 1000000,
Cold Start: false
Unique ID: bbfeb84391489447a82eac699d13c444,
Execution Time for Trace ID bbfeb84391489447a82eac699d13c444: 64 ms
Input: 1000000,
Cold Start: false
Unique ID: 609b3b98219f830991bfe840a83a17dd,
Execution Time for Trace ID 609b3b98219f830991bfe840a83a17dd: 28 ms
Input: 1000000,
Cold Start: false
Unique ID: 4f98b942afeafa0aa8f0fda80c14d4e5,
Execution Time for Trace ID 4f98b942afeafa0aa8f0fda80c14d4e5: 62 ms
Input: 1000000,
Cold Start: false
Unique ID: 33c0735b3760563cd05c069bf095e36d,
Execution Time for Trace ID 33c0735b3760563cd05c069bf095e36d: 30 ms
Input: 1000000,
Cold Start: false
Unique ID: 1448ac878337a75984ed31dcdd48467e,
Execution Time for Trace ID 1448ac878337a75984ed31dcdd48467e: 35 ms
Input: 1000000,
Cold Start: false
Unique ID: 1ca1d7a16a419389c97e1500dcc28b32,
Execution Time for Trace ID 1ca1d7a16a419389c97e1500dcc28b32: 29 ms
Input: 1000000,
Cold Start: false
Unique ID: cf64e64f23a2179796c018fe911cb581,
Execution Time for Trace ID cf64e64f23a2179796c018fe911cb581: 30 ms
Input: 1000000,
Cold Start: false
Unique ID: 7a6c7191eaed58f2acdb2d7f0a620a20,
Execution Time for Trace ID 7a6c7191eaed58f2acdb2d7f0a620a20: 28 ms
Input: 1000000,
Cold Start: false
Unique ID: bda8005d1bce40107a3714fbec26a269,
Execution Time for Trace ID bda8005d1bce40107a3714fbec26a269: 58 ms
Input: 1000000,
Cold Start: false
Unique ID: bf5c79d31af17ed1153e5ca12a470b37,
Execution Time for Trace ID bf5c79d31af17ed1153e5ca12a470b37: 32 ms
Input: 1000000,
Cold Start: false
Unique ID: 907f47449ced25de051fc6cc86e1e63f,
Execution Time for Trace ID 907f47449ced25de051fc6cc86e1e63f: 59 ms
Input: 1000000,
Cold Start: false
Unique ID: 7eb1a0604f66220e1a6d17a71a5bc536,
Execution Time for Trace ID 7eb1a0604f66220e1a6d17a71a5bc536: 58 ms
Input: 1000000,
Cold Start: false
Unique ID: 3dfc76960db2b89dde5c4f465cc01827,
Execution Time for Trace ID 3dfc76960db2b89dde5c4f465cc01827: 65 ms
Input: 1000000,
Cold Start: false
Unique ID: 1f508f2ed2db0a975da5f51088a7088b,
Execution Time for Trace ID 1f508f2ed2db0a975da5f51088a7088b: 48 ms
Input: 1000000,
Cold Start: false
Unique ID: effd6d9e06a899b8220c1557838d26e1,
Execution Time for Trace ID effd6d9e06a899b8220c1557838d26e1: 61 ms
Input: 1000000,
Cold Start: false
Unique ID: c7132a6dcad0d87d623ce573ee22c9bf,
Execution Time for Trace ID c7132a6dcad0d87d623ce573ee22c9bf: 30 ms
Input: 1000000,
Cold Start: false
Unique ID: 4effdf95065ad70114561cdf2cfd3198,
Execution Time for Trace ID 4effdf95065ad70114561cdf2cfd3198: 43 ms
Input: 1000000,
Cold Start: false
Unique ID: eb1852921e985d7e96a646a4586df6dd,
Execution Time for Trace ID eb1852921e985d7e96a646a4586df6dd: 64 ms
Input: 1000000,
Cold Start: false
Unique ID: 57ed132fb2524ce886219f3f7f2ea6b0,
Execution Time for Trace ID 57ed132fb2524ce886219f3f7f2ea6b0: 39 ms
Input: 1000000,
Cold Start: false
Unique ID: dba634b2471b90d8f23f5cbc76457913,
Execution Time for Trace ID dba634b2471b90d8f23f5cbc76457913: 59 ms
Input: 1000000,
Cold Start: false
Unique ID: 9f1d50b30cf7649b0e368d1c5564682c,
Execution Time for Trace ID 9f1d50b30cf7649b0e368d1c5564682c: 57 ms
Input: 1000000,
Cold Start: false
Unique ID: 56a46e51157b0d8de5a075c94998d584,
Execution Time for Trace ID 56a46e51157b0d8de5a075c94998d584: 30 ms
Input: 1000000,
Cold Start: false
Unique ID: 43673d9642a058d49838f24c83bf38cd,
Execution Time for Trace ID 43673d9642a058d49838f24c83bf38cd: 60 ms
Input: 1000000,
Cold Start: false
Unique ID: ce0725dfe171c4e663317154a03ee80b,
Execution Time for Trace ID ce0725dfe171c4e663317154a03ee80b: 32 ms
Input: 1000000,
Cold Start: false
Unique ID: b4a0d0e3c61c7b20ec852a69150df4c9,
Execution Time for Trace ID b4a0d0e3c61c7b20ec852a69150df4c9: 63 ms
Input: 1000000,
Cold Start: false
Unique ID: 342336c94510953534fa92288d3cc697,
Execution Time for Trace ID 342336c94510953534fa92288d3cc697: 29 ms
Input: 1000000,
Cold Start: false
Unique ID: a47b64a28811de3869cfa8003b6dfa7f,
Execution Time for Trace ID a47b64a28811de3869cfa8003b6dfa7f: 57 ms
Input: 1000000,
Cold Start: false
Unique ID: f6e539a64b702c3c20bfc075782fb520,
Execution Time for Trace ID f6e539a64b702c3c20bfc075782fb520: 28 ms
Input: 1000000,
Cold Start: false
Unique ID: bf4dd3b3e4f0c205aa646557658c2a72,
Execution Time for Trace ID bf4dd3b3e4f0c205aa646557658c2a72: 54 ms
Input: 1000000,
Cold Start: false
Unique ID: 90ff7a59a99ebf2cc69b3666d3b5f73b,
Execution Time for Trace ID 90ff7a59a99ebf2cc69b3666d3b5f73b: 31 ms
Input: 1000000,
Cold Start: false
Unique ID: 4a6889845106d8a6eff5309a4273eedb,
Execution Time for Trace ID 4a6889845106d8a6eff5309a4273eedb: 62 ms
Input: 1000000,
Cold Start: false
Unique ID: c21cb0bfb97175bd35a48b0a0887fb3d,
Execution Time for Trace ID c21cb0bfb97175bd35a48b0a0887fb3d: 32 ms
Input: 1000000,
Cold Start: false
Unique ID: 0f7e5ccaa1c2d436c66971ac3e0584c1,
Execution Time for Trace ID 0f7e5ccaa1c2d436c66971ac3e0584c1: 61 ms
Input: 1000000,
Cold Start: false
Unique ID: d1685c554d533aa424398b16bb11e829,
Execution Time for Trace ID d1685c554d533aa424398b16bb11e829: 30 ms
Input: 1000000,
Cold Start: false
Unique ID: 27611d735019023306596f0c2f29cb84,
Execution Time for Trace ID 27611d735019023306596f0c2f29cb84: 60 ms
Input: 1000000,
Cold Start: false
Unique ID: d1b9c0f8e2642d6b254903827513e1e4,
Execution Time for Trace ID d1b9c0f8e2642d6b254903827513e1e4: 28 ms
Input: 1000000,
Cold Start: false
Unique ID: 1697b94771d206eaaf77f2203016553b,
Execution Time for Trace ID 1697b94771d206eaaf77f2203016553b: 61 ms
Input: 1000000,
Cold Start: false
Unique ID: caafa7f659b92b23e997ea8c801b1d8e,
Execution Time for Trace ID caafa7f659b92b23e997ea8c801b1d8e: 62 ms
Input: 1000000,
Cold Start: false
Unique ID: 8254e6b7864bb7749faad86f1ef1e04e,
Execution Time for Trace ID 8254e6b7864bb7749faad86f1ef1e04e: 58 ms
Input: 1000000,
Cold Start: false
Unique ID: de69d2d14decdeb31bbc3eecc802f32b,
Execution Time for Trace ID de69d2d14decdeb31bbc3eecc802f32b: 32 ms
Input: 1000000,
Cold Start: false
Unique ID: 85255c94e1111d295757c02410c34569,
Execution Time for Trace ID 85255c94e1111d295757c02410c34569: 68 ms
Input: 1000000,
Cold Start: false
Unique ID: 06f7d3a693c0a58bddce570b7b22c2f3,
Execution Time for Trace ID 06f7d3a693c0a58bddce570b7b22c2f3: 30 ms
Input: 1000000,
Cold Start: false
Unique ID: 26f8674fcab812cd78117d0a99c25929,
Execution Time for Trace ID 26f8674fcab812cd78117d0a99c25929: 66 ms
Input: 1000000,
Cold Start: false
Unique ID: ad90da819236e4b9a4ced5ae3a8c1a65,
Execution Time for Trace ID ad90da819236e4b9a4ced5ae3a8c1a65: 34 ms
Input: 1000000,
Cold Start: false
Unique ID: 35c3a5308b2f8c27b66e70182e347e78,
Execution Time for Trace ID 35c3a5308b2f8c27b66e70182e347e78: 39 ms
Input: 1000000,
Cold Start: false
Unique ID: 0be96e68bc8d589522474e757e4cf0e8,
Execution Time for Trace ID 0be96e68bc8d589522474e757e4cf0e8: 30 ms
Input: 1000000,
Cold Start: false
Unique ID: 8d6ede8f7c14d510c8b4cba992bf23e7,
Execution Time for Trace ID 8d6ede8f7c14d510c8b4cba992bf23e7: 60 ms
Input: 1000000,
Cold Start: false
Unique ID: 937334d3771b8c6160338c4304eacfd1,
Execution Time for Trace ID 937334d3771b8c6160338c4304eacfd1: 40 ms
Input: 1000000,
Cold Start: false
Unique ID: 55a2aa5ae43342e8c4c02ed771273235,
Execution Time for Trace ID 55a2aa5ae43342e8c4c02ed771273235: 42 ms
Input: 1000000,
Cold Start: false
Unique ID: 59bd19e26899525bd8402d1d4b22e979,
Execution Time for Trace ID 59bd19e26899525bd8402d1d4b22e979: 31 ms
Input: 1000000,
Cold Start: false
Unique ID: 72bb458365ef2a4af5de1ea32a2d12bb,
Execution Time for Trace ID 72bb458365ef2a4af5de1ea32a2d12bb: 99 ms
Input: 1000000,
Cold Start: false
Unique ID: 9178edd56fd91ed7a7f1de50ea86f564,
Execution Time for Trace ID 9178edd56fd91ed7a7f1de50ea86f564: 36 ms
Input: 1000000,
Cold Start: false
Unique ID: 1673a7545b0e576b2786a25bf524f08e,
Execution Time for Trace ID 1673a7545b0e576b2786a25bf524f08e: 106 ms
Input: 1000000,
Cold Start: false
Unique ID: 9b01e6f367a59905c5b803dd4556391a,
Execution Time for Trace ID 9b01e6f367a59905c5b803dd4556391a: 35 ms
Input: 1000000,
Cold Start: false
Unique ID: 45cb0899a22be3d70294b5bc46050582,
Execution Time for Trace ID 45cb0899a22be3d70294b5bc46050582: 33 ms
Input: 1000000,
Cold Start: false
Unique ID: 5d06cfdc78517564c75dc80a0738769c,
Execution Time for Trace ID 5d06cfdc78517564c75dc80a0738769c: 104 ms
Input: 1000000,
Cold Start: false
Unique ID: 98e0a1d342da50e288922e01e3be2b49,
Execution Time for Trace ID 98e0a1d342da50e288922e01e3be2b49: 29 ms
Input: 1000000,
Cold Start: false
Unique ID: 3d4a886f4a0d996c1347249641f838e7,
Execution Time for Trace ID 3d4a886f4a0d996c1347249641f838e7: 33 ms
Input: 1000000,
Cold Start: false
Unique ID: 02ec74000504385784c209180b7ae699,
Execution Time for Trace ID 02ec74000504385784c209180b7ae699: 29 ms
Input: 1000000,
Cold Start: false
Unique ID: f29e6ec027c28e5c85f13ae4a2fac107,
Execution Time for Trace ID f29e6ec027c28e5c85f13ae4a2fac107: 72 ms
Input: 1000000,
Cold Start: false
Unique ID: bc9559239fea3b7965635cbd666bbd38,
Execution Time for Trace ID bc9559239fea3b7965635cbd666bbd38: 30 ms
Input: 1000000,
Cold Start: false
Unique ID: 57338ffebd91705d84ca3c3ab5590be6,
Execution Time for Trace ID 57338ffebd91705d84ca3c3ab5590be6: 109 ms
Input: 1000000,
Cold Start: false
Unique ID: ba759f9f7fd46dc6108286cd8078225a,
Execution Time for Trace ID ba759f9f7fd46dc6108286cd8078225a: 32 ms
Input: 1000000,
Cold Start: false
Unique ID: 0471ab75fa5fe08c3e5ac10e5234df42,
Execution Time for Trace ID 0471ab75fa5fe08c3e5ac10e5234df42: 32 ms
Input: 1000000,
Cold Start: false
Unique ID: 3a8809af9a10212168cf15d46249d7cc,
Execution Time for Trace ID 3a8809af9a10212168cf15d46249d7cc: 34 ms
Input: 1000000,
Cold Start: false
Unique ID: d55020ba8adb7a9d58365b127482ffe4,
Execution Time for Trace ID d55020ba8adb7a9d58365b127482ffe4: 103 ms
Input: 1000000,
Cold Start: false
Unique ID: 74847bcd1346b4e73ad4a534f28e3a90,
Execution Time for Trace ID 74847bcd1346b4e73ad4a534f28e3a90: 108 ms
Input: 1000000,
Cold Start: false
Unique ID: 128069ba03a95c9787b7ed81bd1e94cd,
Execution Time for Trace ID 128069ba03a95c9787b7ed81bd1e94cd: 30 ms
Input: 1000000,
Cold Start: false
Unique ID: ad048afd7eba6d52e8d094e84f501746,
Execution Time for Trace ID ad048afd7eba6d52e8d094e84f501746: 34 ms
Input: 1000000,
Cold Start: false
Unique ID: 25aabbf53d8b3dd1d879879a4f02ba87,
Execution Time for Trace ID 25aabbf53d8b3dd1d879879a4f02ba87: 105 ms
Input: 1000000,
Cold Start: false
Unique ID: 0102ad885e1760be3fa98797984a2099,
Execution Time for Trace ID 0102ad885e1760be3fa98797984a2099: 34 ms
Input: 1000000,
Cold Start: false
Unique ID: 4d6a5d9b1c3c39cd3616eac163291982,
Execution Time for Trace ID 4d6a5d9b1c3c39cd3616eac163291982: 33 ms
Input: 1000000,
Cold Start: false
Unique ID: c10667a68566b65c4a59d6748db9d59a,
Execution Time for Trace ID c10667a68566b65c4a59d6748db9d59a: 109 ms
Input: 1000000,
Cold Start: false
Unique ID: 08d012841cf411954692496e7292f2b1,
Execution Time for Trace ID 08d012841cf411954692496e7292f2b1: 30 ms
Input: 1000000,
Cold Start: false
Unique ID: 5da7d08dec26f59db7e10db9193a23a8,
Execution Time for Trace ID 5da7d08dec26f59db7e10db9193a23a8: 95 ms
Input: 1000000,
Cold Start: false
Unique ID: 2445d762b20a159e0ffe841f912675c8,
Execution Time for Trace ID 2445d762b20a159e0ffe841f912675c8: 29 ms
Input: 1000000,
Cold Start: false
Unique ID: ecb5bc9fe1aaff2397c3dade462184d4,
Execution Time for Trace ID ecb5bc9fe1aaff2397c3dade462184d4: 108 ms
Input: 1000000,
Cold Start: false
Unique ID: b78823dca05e7510a7bcc005ad614d43,
Execution Time for Trace ID b78823dca05e7510a7bcc005ad614d43: 31 ms
Input: 1000000,
Cold Start: false
Unique ID: 04c3a1b00b6cefcf5277580665b95b9c,
Execution Time for Trace ID 04c3a1b00b6cefcf5277580665b95b9c: 31 ms
Input: 1000000,
Cold Start: false
Unique ID: c1efb3ef6c02a3c51949768e28272e40,
Execution Time for Trace ID c1efb3ef6c02a3c51949768e28272e40: 104 ms
Input: 1000000,
Cold Start: false
Unique ID: 1996cc4be749ec15ac9a5177d15c3be8,
Execution Time for Trace ID 1996cc4be749ec15ac9a5177d15c3be8: 31 ms
Input: 1000000,
Cold Start: false
Unique ID: a88daec9f432ddb192041d49b0d9e2f1,
Execution Time for Trace ID a88daec9f432ddb192041d49b0d9e2f1: 30 ms
Input: 1000000,
Cold Start: false
Unique ID: 0a3c8677a42d110496f4770a65837acd,
Execution Time for Trace ID 0a3c8677a42d110496f4770a65837acd: 107 ms
Input: 1000000,
Cold Start: false
Unique ID: e62fffe4e988ee6eedc0214b8900aa87,
Execution Time for Trace ID e62fffe4e988ee6eedc0214b8900aa87: 31 ms
Input: 1000000,
Cold Start: false
Unique ID: a12037ebbc250eb73f75c47aa82d1d6a,
Execution Time for Trace ID a12037ebbc250eb73f75c47aa82d1d6a: 28 ms
Input: 1000000,
Cold Start: false
Unique ID: d3827080d359b9dfa51add3ca8a09d51,
Execution Time for Trace ID d3827080d359b9dfa51add3ca8a09d51: 107 ms
Input: 1000000,
Cold Start: false
Unique ID: fdae16839027fa6e004c0cdb0338547c,
Execution Time for Trace ID fdae16839027fa6e004c0cdb0338547c: 29 ms
Input: 1000000,
Cold Start: false
Unique ID: e0b40b30b33252cd53d60da4caa75cf5,
Execution Time for Trace ID e0b40b30b33252cd53d60da4caa75cf5: 98 ms
Input: 1000000,
Cold Start: false
Unique ID: c6c18eb38707e6ca0275c919490c2111,
Execution Time for Trace ID c6c18eb38707e6ca0275c919490c2111: 32 ms
Input: 1000000,
Cold Start: false
Unique ID: bcd74ff6f825e4364f51e9eb17d69d5d,
Execution Time for Trace ID bcd74ff6f825e4364f51e9eb17d69d5d: 31 ms
Input: 1000000,
Cold Start: false
Unique ID: 007e8da8ffafdf40202420c2bfa6d3b9,
Execution Time for Trace ID 007e8da8ffafdf40202420c2bfa6d3b9: 98 ms
Input: 1000000,
Cold Start: false
Unique ID: 26500e6dde36383d4ad447d1abcd247c,
Execution Time for Trace ID 26500e6dde36383d4ad447d1abcd247c: 31 ms
Input: 1000000,
Cold Start: false
Unique ID: 147e3648807d03228ab9e2d4f821b48b,
Execution Time for Trace ID 147e3648807d03228ab9e2d4f821b48b: 29 ms
Input: 1000000,
Cold Start: false
Unique ID: 9568a4468875d9ded379be2bd69e4896,
Execution Time for Trace ID 9568a4468875d9ded379be2bd69e4896: 36 ms
Input: 1000000,
Cold Start: false
Unique ID: 18dea72d61701745073c3b852516ae4a,
Execution Time for Trace ID 18dea72d61701745073c3b852516ae4a: 31 ms
Input: 1000000,
Cold Start: false
Unique ID: 02b4fc9fd85e560e2efdabf31da246b4,
Execution Time for Trace ID 02b4fc9fd85e560e2efdabf31da246b4: 36 ms
Input: 1000000,
Cold Start: false
Unique ID: fdc460e2fd3aa78225bc2bfaed8c804f,
Execution Time for Trace ID fdc460e2fd3aa78225bc2bfaed8c804f: 31 ms
Input: 1000000,
Cold Start: false
Unique ID: fa7930ce04609e8d5cb04b1dab410b13,
Execution Time for Trace ID fa7930ce04609e8d5cb04b1dab410b13: 96 ms
Input: 1000000,
Cold Start: false
Unique ID: 0bd8adc7110a182fb4c1f4e17e40a3cb,
Execution Time for Trace ID 0bd8adc7110a182fb4c1f4e17e40a3cb: 31 ms
Input: 1000000,
Cold Start: false
Unique ID: 9f160ee75aa20c93a417e9244c409f92,
Execution Time for Trace ID 9f160ee75aa20c93a417e9244c409f92: 29 ms
Input: 1000000,
Cold Start: false
Unique ID: f962e13b142a51e563846997e54df118,
Execution Time for Trace ID f962e13b142a51e563846997e54df118: 111 ms
Input: 1000000,
Cold Start: false
Unique ID: 71d1ff0262cecaa0d9e1ff8337927009,
Execution Time for Trace ID 71d1ff0262cecaa0d9e1ff8337927009: 33 ms
Input: 1000000,
Cold Start: false
Unique ID: a02fc4b20e9a382dabef4c5e306a63d4,
Execution Time for Trace ID a02fc4b20e9a382dabef4c5e306a63d4: 48 ms
Input: 1000000,
Cold Start: false
Unique ID: 0df74ae1031d07b5d4e92b8df0fe07f5,
Execution Time for Trace ID 0df74ae1031d07b5d4e92b8df0fe07f5: 40 ms
Input: 1000000,
Cold Start: false
Unique ID: ab32ecd294df45ad09fe226008525a62,
Execution Time for Trace ID ab32ecd294df45ad09fe226008525a62: 113 ms
Input: 1000000,
Cold Start: false
Unique ID: a99a9babc30682f0bb9e5d9922ccf291,
Execution Time for Trace ID a99a9babc30682f0bb9e5d9922ccf291: 32 ms
Input: 1000000,
Cold Start: false
Unique ID: 9e1066f5c6e43cf3014919c51156e341,
Execution Time for Trace ID 9e1066f5c6e43cf3014919c51156e341: 69 ms
Input: 1000000,
Cold Start: false
Unique ID: 13b89771b425ec05c25c0cc59309111c,
Execution Time for Trace ID 13b89771b425ec05c25c0cc59309111c: 71 ms
Input: 1000000,
Cold Start: false
Unique ID: 8ca97b7153a45ad3efb5379cefa7d66a,
Execution Time for Trace ID 8ca97b7153a45ad3efb5379cefa7d66a: 32 ms
Input: 1000000,
Cold Start: false
Unique ID: 6dbdf05eba42e4d32512f0038ff80bef,
Execution Time for Trace ID 6dbdf05eba42e4d32512f0038ff80bef: 32 ms
Input: 1000000,
Cold Start: false
Unique ID: 349b67f22818a6daa315ef00101c4644,
Execution Time for Trace ID 349b67f22818a6daa315ef00101c4644: 100 ms
Input: 1000000,
Cold Start: false
Unique ID: 10d39956efd340cf2f76132744c1b904,
Execution Time for Trace ID 10d39956efd340cf2f76132744c1b904: 110 ms
Input: 1000000,
Cold Start: false
Unique ID: bc34fe7fd75b785839aef00b237543ca,
Execution Time for Trace ID bc34fe7fd75b785839aef00b237543ca: 31 ms
Input: 1000000,
Cold Start: false
Unique ID: 81a039aa5d21603a853431f3f013d93d,
Execution Time for Trace ID 81a039aa5d21603a853431f3f013d93d: 30 ms
Input: 1000000,
Cold Start: false
Unique ID: a236332cb5757686afac3e62a6204c43,
Execution Time for Trace ID a236332cb5757686afac3e62a6204c43: 99 ms
Input: 1000000,
Cold Start: false
Unique ID: 69de9dff8babb0e83a6436c7d137694b,
Execution Time for Trace ID 69de9dff8babb0e83a6436c7d137694b: 31 ms
Input: 1000000,
Cold Start: false
Unique ID: 86b11de45b6ab31965fba9b2513a32d4,
Execution Time for Trace ID 86b11de45b6ab31965fba9b2513a32d4: 102 ms
Input: 1000000,
Cold Start: false
Unique ID: 389af66803216a6060a43dd67965c83d,
Execution Time for Trace ID 389af66803216a6060a43dd67965c83d: 30 ms
Input: 1000000,
Cold Start: false
Unique ID: 3b57b8c4488d7e638448b0fde13528b0,
Execution Time for Trace ID 3b57b8c4488d7e638448b0fde13528b0: 100 ms
Input: 1000000,
Cold Start: false
Unique ID: baa81d2178a9d1a99b5d77d795f73ab5,
Execution Time for Trace ID baa81d2178a9d1a99b5d77d795f73ab5: 29 ms
Input: 1000000,
Cold Start: false
Unique ID: 23ebcb2d9a11771b65eaf7ad197ceaf6,
Execution Time for Trace ID 23ebcb2d9a11771b65eaf7ad197ceaf6: 104 ms
Input: 1000000,
Cold Start: false
Unique ID: 658d1863d919e06ce88e019737b74ff5,
Execution Time for Trace ID 658d1863d919e06ce88e019737b74ff5: 97 ms
Input: 1000000,
Cold Start: false
Unique ID: 29c070f7849e8f10fb2d6ca485a199f2,
Execution Time for Trace ID 29c070f7849e8f10fb2d6ca485a199f2: 107 ms
Input: 1000000,
Cold Start: false
Unique ID: ec7c3074e6fb93ea4ff2407b16b878dc,
Execution Time for Trace ID ec7c3074e6fb93ea4ff2407b16b878dc: 39 ms
Input: 1000000,
Cold Start: false
Unique ID: 492770ca304591a638beed5598420cee,
Execution Time for Trace ID 492770ca304591a638beed5598420cee: 32 ms
Input: 1000000,
Cold Start: false
Unique ID: 26c332ecebfa326fd6a1eedd44323c19,
Execution Time for Trace ID 26c332ecebfa326fd6a1eedd44323c19: 106 ms
Input: 1000000,
Cold Start: false
Unique ID: 97fa15eb8cf94f3774b2e973714b04ba,
Execution Time for Trace ID 97fa15eb8cf94f3774b2e973714b04ba: 32 ms
Input: 1000000,
Cold Start: false
Unique ID: 5a05de2ccf37d4ee3da61ed6d1631490,
Execution Time for Trace ID 5a05de2ccf37d4ee3da61ed6d1631490: 34 ms
Input: 1000000,
Cold Start: false
Unique ID: 8b4cdebc62f2564a14b8d29d00f24f51,
Execution Time for Trace ID 8b4cdebc62f2564a14b8d29d00f24f51: 30 ms
Input: 1000000,
Cold Start: false
Unique ID: 7a8e50313b74e6d71b5a426f8a1934a9,
Execution Time for Trace ID 7a8e50313b74e6d71b5a426f8a1934a9: 28 ms
Input: 1000000,
Cold Start: false
Unique ID: 4d68b5d745b8693408d5b9a6c4f48ecc,
Execution Time for Trace ID 4d68b5d745b8693408d5b9a6c4f48ecc: 110 ms
Input: 1000000,
Cold Start: false
Unique ID: 4f5c0a0218e1ad106b520e8dd6830f44,
Execution Time for Trace ID 4f5c0a0218e1ad106b520e8dd6830f44: 30 ms
Input: 1000000,
Cold Start: false
Unique ID: e5f5f766b38c1e3a111eeae370b6f32f,
Execution Time for Trace ID e5f5f766b38c1e3a111eeae370b6f32f: 31 ms
Input: 1000000,
Cold Start: false
Unique ID: 43804d013d367809e285e24059eaed1b,
Execution Time for Trace ID 43804d013d367809e285e24059eaed1b: 48 ms
Input: 1000000,
Cold Start: false
Unique ID: da7d421a441ae1172934db3e645e9193,
Execution Time for Trace ID da7d421a441ae1172934db3e645e9193: 38 ms
Input: 1000000,
Cold Start: false
Unique ID: 8fcb78f3c278682e85a98e6d025d804e,
Execution Time for Trace ID 8fcb78f3c278682e85a98e6d025d804e: 120 ms
Input: 1000000,
Cold Start: false
Unique ID: 32796a27947e9bc093a257672d5f2ce1,
Execution Time for Trace ID 32796a27947e9bc093a257672d5f2ce1: 48 ms
Input: 1000000,
Cold Start: false
Unique ID: bad46329c31739960cd63af69332c514,
Execution Time for Trace ID bad46329c31739960cd63af69332c514: 36 ms
Input: 1000000,
Cold Start: false
Unique ID: 3071091939dadd370046cfa4f6e3cbc9,
Execution Time for Trace ID 3071091939dadd370046cfa4f6e3cbc9: 35 ms
Input: 1000000,
Cold Start: false
Unique ID: 09efd4401aea7da17a02f923ee2a1fbb,
Execution Time for Trace ID 09efd4401aea7da17a02f923ee2a1fbb: 98 ms
Input: 1000000,
Cold Start: false
Unique ID: 366ce388d9566cc34741ee130f4ab719,
Execution Time for Trace ID 366ce388d9566cc34741ee130f4ab719: 32 ms
Input: 1000000,
Cold Start: false
Unique ID: 0e712c36ed10fcb0b556af89b38e6623,
Execution Time for Trace ID 0e712c36ed10fcb0b556af89b38e6623: 104 ms
Input: 1000000,
Cold Start: false
Unique ID: eec60b2d3a9d286bbf1a9691e63ce621,
Execution Time for Trace ID eec60b2d3a9d286bbf1a9691e63ce621: 29 ms
Input: 1000000,
Cold Start: false
Unique ID: 18547d8df002a749f3158d9f6fcfa929,
Execution Time for Trace ID 18547d8df002a749f3158d9f6fcfa929: 35 ms
Input: 1000000,
Cold Start: false
Unique ID: bf3dca19d03b2ca13f806691d1acca53,
Execution Time for Trace ID bf3dca19d03b2ca13f806691d1acca53: 35 ms
Input: 1000000,
Cold Start: false
Unique ID: fb6b7340a012dcf28b484da27a93122d,
Execution Time for Trace ID fb6b7340a012dcf28b484da27a93122d: 110 ms
Input: 1000000,
Cold Start: false
Unique ID: 0a719b28d6536bdf54273e04c93f2a76,
Execution Time for Trace ID 0a719b28d6536bdf54273e04c93f2a76: 38 ms
Input: 1000000,
Cold Start: false
Unique ID: 6174010b3279f642ba7df9e8a1a06432,
Execution Time for Trace ID 6174010b3279f642ba7df9e8a1a06432: 29 ms
Input: 1000000,
Cold Start: false
Unique ID: d24c1c151cafaef82258bec5dacc7d16,
Execution Time for Trace ID d24c1c151cafaef82258bec5dacc7d16: 39 ms
Input: 1000000,
Cold Start: false
Unique ID: f5bb657af8e9fb9a2706931b41c6bdaa,
Execution Time for Trace ID f5bb657af8e9fb9a2706931b41c6bdaa: 32 ms
Input: 1000000,
Cold Start: false
Unique ID: ac0bb414f6535f2a97c52e32442796d4,
Execution Time for Trace ID ac0bb414f6535f2a97c52e32442796d4: 107 ms
Input: 1000000,
Cold Start: false
Unique ID: 837ddc2352a522f808c30f8b5f97c324,
Execution Time for Trace ID 837ddc2352a522f808c30f8b5f97c324: 30 ms
Input: 1000000,
Cold Start: false
Unique ID: afe7df55a2f94c3ac07a3713a73bec50,
Execution Time for Trace ID afe7df55a2f94c3ac07a3713a73bec50: 34 ms
Input: 1000000,
Cold Start: false
Unique ID: da7ee2cd1476c29b5534cf57893f4a96,
Execution Time for Trace ID da7ee2cd1476c29b5534cf57893f4a96: 31 ms
Input: 1000000,
Cold Start: false
Unique ID: 3ce6b18d4f79b4711420d88f6feba008,
Execution Time for Trace ID 3ce6b18d4f79b4711420d88f6feba008: 105 ms
Input: 1000000,
Cold Start: false
Unique ID: 627393720d6f11b4526bc9ac34e49108,
Execution Time for Trace ID 627393720d6f11b4526bc9ac34e49108: 28 ms
Input: 1000000,
Cold Start: false
Unique ID: 112810c863cccba310a76fed5e65c98e,
Execution Time for Trace ID 112810c863cccba310a76fed5e65c98e: 46 ms
Input: 1000000,
Cold Start: false
Unique ID: 0afa4f6c9b2f3faf6d795942d7b1ce2f,
Execution Time for Trace ID 0afa4f6c9b2f3faf6d795942d7b1ce2f: 28 ms
Input: 1000000,
Cold Start: false
Unique ID: 6c76164ead298f2b27e1c52f10a6dc6f,
Execution Time for Trace ID 6c76164ead298f2b27e1c52f10a6dc6f: 97 ms
Input: 1000000,
Cold Start: false
Unique ID: 6369f59cb821e862145376a6277fa6c9,
Execution Time for Trace ID 6369f59cb821e862145376a6277fa6c9: 32 ms
Input: 1000000,
Cold Start: false
Unique ID: ae3f6f105ca79ac840c0e7cb98853651,
Execution Time for Trace ID ae3f6f105ca79ac840c0e7cb98853651: 108 ms
Input: 1000000,
Cold Start: false
Unique ID: 6460937941c22a0a2f77343be5e213b3,
Execution Time for Trace ID 6460937941c22a0a2f77343be5e213b3: 98 ms
Input: 1000000,
Cold Start: false
Unique ID: d6401255d3aed3fd69ee897d69b9e5a9,
Execution Time for Trace ID d6401255d3aed3fd69ee897d69b9e5a9: 99 ms
Input: 1000000,
Cold Start: false
Unique ID: a7af1ebff11cd22f014b827fd5c48abd,
Execution Time for Trace ID a7af1ebff11cd22f014b827fd5c48abd: 30 ms
Input: 1000000,
Cold Start: false
Unique ID: d73af6a8849e1eb4964dafc55fca386c,
Execution Time for Trace ID d73af6a8849e1eb4964dafc55fca386c: 31 ms
Input: 1000000,
Cold Start: false
Unique ID: abf2225b5f2ba006bd06f35aa9ffebf2,
Execution Time for Trace ID abf2225b5f2ba006bd06f35aa9ffebf2: 105 ms
Input: 1000000,
Cold Start: false
Unique ID: 8d3d7e60638773543d014e7cbb6ea37a,
Execution Time for Trace ID 8d3d7e60638773543d014e7cbb6ea37a: 108 ms
Input: 1000000,
Cold Start: false
Unique ID: b005fe61bc4a6cbc0747c29d8cc8e795,
Execution Time for Trace ID b005fe61bc4a6cbc0747c29d8cc8e795: 34 ms
Input: 1000000,
Cold Start: false
Unique ID: ad1c1d6015fe5eb48e36a5ed5acea03f,
Execution Time for Trace ID ad1c1d6015fe5eb48e36a5ed5acea03f: 30 ms
Input: 1000000,
Cold Start: false
Unique ID: 21512d9eb447717e6b5035b2a0d2401a,
Execution Time for Trace ID 21512d9eb447717e6b5035b2a0d2401a: 103 ms
Input: 1000000,
Cold Start: false
Unique ID: a0efa5e1d26357fede01d69515f1a6b6,
Execution Time for Trace ID a0efa5e1d26357fede01d69515f1a6b6: 32 ms
Input: 1000000,
Cold Start: false
Unique ID: 350a5bde8ba4165b0fb9af3a70775a8c,
Execution Time for Trace ID 350a5bde8ba4165b0fb9af3a70775a8c: 33 ms
Input: 1000000,
Cold Start: false
Unique ID: b644fb02c77dadb923033a98cac52815,
Execution Time for Trace ID b644fb02c77dadb923033a98cac52815: 104 ms
Input: 1000000,
Cold Start: false
Unique ID: e88290196b78b0400fdbbfcaa73cabae,
Execution Time for Trace ID e88290196b78b0400fdbbfcaa73cabae: 33 ms
Input: 1000000,
Cold Start: false
Unique ID: 1db9d8deb5131ea030fad34340501923,
Execution Time for Trace ID 1db9d8deb5131ea030fad34340501923: 104 ms
Input: 1000000,
Cold Start: false
Unique ID: 58bd8b9ca5779c66b3291ce30bdd0c1d,
Execution Time for Trace ID 58bd8b9ca5779c66b3291ce30bdd0c1d: 31 ms
Input: 1000000,
Cold Start: false
Unique ID: f28c986c5e110e1b301ece949debb248,
Execution Time for Trace ID f28c986c5e110e1b301ece949debb248: 30 ms
Input: 1000000,
Cold Start: false
Unique ID: fe002e56c8ec59cc5c194a0e033a3d78,
Execution Time for Trace ID fe002e56c8ec59cc5c194a0e033a3d78: 31 ms
Input: 1000000,
Cold Start: false
Unique ID: 8e0a2f84fa0717b7b37f31ba5f3af11e,
Execution Time for Trace ID 8e0a2f84fa0717b7b37f31ba5f3af11e: 100 ms
Input: 1000000,
Cold Start: false
Unique ID: a6f4afe56f957d3ca3bd6f066de2f2c7,
Execution Time for Trace ID a6f4afe56f957d3ca3bd6f066de2f2c7: 31 ms
Input: 1000000,
Cold Start: false
Unique ID: 30b76399abc64d16308f5170672a0981,
Execution Time for Trace ID 30b76399abc64d16308f5170672a0981: 100 ms
Input: 1000000,
Cold Start: false
Unique ID: 18a49b5b3d5970bef59b0db61633f766,
Execution Time for Trace ID 18a49b5b3d5970bef59b0db61633f766: 30 ms
Input: 1000000,
Cold Start: false
Unique ID: 63e8a8eddea9914c9b315c684b43093f,
Execution Time for Trace ID 63e8a8eddea9914c9b315c684b43093f: 102 ms
Input: 1000000,
Cold Start: false
Unique ID: 70b8278f28eb28977767e2b6e2abb399,
Execution Time for Trace ID 70b8278f28eb28977767e2b6e2abb399: 29 ms
Input: 1000000,
Cold Start: false
Unique ID: 8213d0f98b0cd7a3ac839c487167291a,
Execution Time for Trace ID 8213d0f98b0cd7a3ac839c487167291a: 104 ms
Input: 1000000,
Cold Start: false
Unique ID: e411cf0921bbf2d4f57eb932753686bd,
Execution Time for Trace ID e411cf0921bbf2d4f57eb932753686bd: 33 ms
Input: 1000000,
Cold Start: false
Unique ID: 3f32d533d554fa1c268a32e25485670f,
Execution Time for Trace ID 3f32d533d554fa1c268a32e25485670f: 34 ms
Input: 1000000,
Cold Start: false
Unique ID: d28ecd51d0b5b892c512f44cddb76386,
Execution Time for Trace ID d28ecd51d0b5b892c512f44cddb76386: 29 ms
Input: 1000000,
Cold Start: false
Unique ID: afe86868f0ad1c7bd9a6f1821f96a8dd,
Execution Time for Trace ID afe86868f0ad1c7bd9a6f1821f96a8dd: 99 ms
Input: 1000000,
Cold Start: false
Unique ID: 47baa44478a61eaf9118f2167dacf2d1,
Execution Time for Trace ID 47baa44478a61eaf9118f2167dacf2d1: 31 ms
Input: 1000000,
Cold Start: false
Unique ID: bc124ba88093d8890823e619ddd12d00,
Execution Time for Trace ID bc124ba88093d8890823e619ddd12d00: 109 ms
Input: 1000000,
Cold Start: false
Unique ID: a812a304847cd3067a638a49dd2149d4,
Execution Time for Trace ID a812a304847cd3067a638a49dd2149d4: 32 ms
Input: 1000000,
Cold Start: false
Unique ID: ccad519510bf6dc381cdc66bba0533b6,
Execution Time for Trace ID ccad519510bf6dc381cdc66bba0533b6: 95 ms
Input: 1000000,
Cold Start: false
Unique ID: a72b23b9b3a1c16fbb39c34c4a30fdd2,
Execution Time for Trace ID a72b23b9b3a1c16fbb39c34c4a30fdd2: 32 ms
Input: 1000000,
Cold Start: false
Unique ID: 67abefe0db8059f6f085a8fc90f7f5d1,
Execution Time for Trace ID 67abefe0db8059f6f085a8fc90f7f5d1: 104 ms
Input: 1000000,
Cold Start: false
Unique ID: 0c3bf672f1f668847858d4c4abfefdd3,
Execution Time for Trace ID 0c3bf672f1f668847858d4c4abfefdd3: 53 ms
Input: 1000000,
Cold Start: false
Unique ID: efaa4bbd6fc8d36779bc96443a88c3d4,
Execution Time for Trace ID efaa4bbd6fc8d36779bc96443a88c3d4: 36 ms
Input: 1000000,
Cold Start: false
Unique ID: 251533bd5837b035e000d367c010ef45,
Execution Time for Trace ID 251533bd5837b035e000d367c010ef45: 33 ms
Input: 1000000,
Cold Start: false
Unique ID: 76723701465b826f1a3bfbb7c3d3d341,
Execution Time for Trace ID 76723701465b826f1a3bfbb7c3d3d341: 36 ms
Input: 1000000,
Cold Start: false
Unique ID: cd5d174e20e6db081c27f064ad1090b1,
Execution Time for Trace ID cd5d174e20e6db081c27f064ad1090b1: 57 ms
Input: 1000000,
Cold Start: false
Unique ID: 80d73671740617883ca45378049c2641,
Execution Time for Trace ID 80d73671740617883ca45378049c2641: 62 ms
Input: 1000000,
Cold Start: false
Unique ID: fc36cb28aacc2d708bbc486de5fac7ae,
Execution Time for Trace ID fc36cb28aacc2d708bbc486de5fac7ae: 31 ms
Input: 1000000,
Cold Start: false
Unique ID: 831c11e2ac57f6da9cc1b4ab69b0916c,
Execution Time for Trace ID 831c11e2ac57f6da9cc1b4ab69b0916c: 61 ms
Input: 1000000,
Cold Start: false
Unique ID: b612ab75009a809d0f6ff98c147ea0d1,
Execution Time for Trace ID b612ab75009a809d0f6ff98c147ea0d1: 58 ms
Input: 1000000,
Cold Start: false
Unique ID: 91964d7261383e8adc8b1e00d6cb94be,
Execution Time for Trace ID 91964d7261383e8adc8b1e00d6cb94be: 42 ms
Input: 1000000,
Cold Start: false
Unique ID: 6181792b2caf36b79180ad7407cd5b0f,
Execution Time for Trace ID 6181792b2caf36b79180ad7407cd5b0f: 31 ms
Input: 1000000,
Cold Start: false
Unique ID: 1d868af80c3ce1e0a146adf365044ee6,
Execution Time for Trace ID 1d868af80c3ce1e0a146adf365044ee6: 33 ms
Input: 1000000,
Cold Start: false
Unique ID: 8f95119f3c0d4981eea98fe9cdec794a,
Execution Time for Trace ID 8f95119f3c0d4981eea98fe9cdec794a: 77 ms
Input: 1000000,
Cold Start: false
Unique ID: 318a5282e8fea639b1a20ad95bb0165c,
Execution Time for Trace ID 318a5282e8fea639b1a20ad95bb0165c: 57 ms
Input: 1000000,
Cold Start: false
Unique ID: 8730bf9803ce23021d0e7f080d655dac,
Execution Time for Trace ID 8730bf9803ce23021d0e7f080d655dac: 31 ms
Input: 1000000,
Cold Start: false
Unique ID: 034120b1745d6d7727e2dbb00f1411d9,
Execution Time for Trace ID 034120b1745d6d7727e2dbb00f1411d9: 34 ms
Input: 1000000,
Cold Start: false
Unique ID: 8e1a3e15fe453bc0a8853b125d60c1c9,
Execution Time for Trace ID 8e1a3e15fe453bc0a8853b125d60c1c9: 31 ms
Input: 1000000,
Cold Start: false
Unique ID: 47013694c772c61e3f10c2fbbfeb2d91,
Execution Time for Trace ID 47013694c772c61e3f10c2fbbfeb2d91: 56 ms
Input: 1000000,
Cold Start: false
Unique ID: 7a5590a1825e467e8514a7bfba72efed,
Execution Time for Trace ID 7a5590a1825e467e8514a7bfba72efed: 54 ms
Input: 1000000,
Cold Start: false
Unique ID: 40643b89a2bfd44ce426adddd1fa6bfa,
Execution Time for Trace ID 40643b89a2bfd44ce426adddd1fa6bfa: 39 ms
Input: 1000000,
Cold Start: false
Unique ID: 4199fb538361ef604e7c8b5092bc2328,
Execution Time for Trace ID 4199fb538361ef604e7c8b5092bc2328: 41 ms
Input: 1000000,
Cold Start: false
Unique ID: 5e8c567793cc749c77d413da34338f37,
Execution Time for Trace ID 5e8c567793cc749c77d413da34338f37: 36 ms
Input: 1000000,
Cold Start: false
Unique ID: e5ca2f7f25e4390c7853f066a1a3444a,
Execution Time for Trace ID e5ca2f7f25e4390c7853f066a1a3444a: 31 ms
Input: 1000000,
Cold Start: false
Unique ID: a0008911a1a5d40cd3524f71ee4d4706,
Execution Time for Trace ID a0008911a1a5d40cd3524f71ee4d4706: 57 ms
Input: 1000000,
Cold Start: false
Unique ID: 7ae39281716bab465a87312ef5f5e72c,
Execution Time for Trace ID 7ae39281716bab465a87312ef5f5e72c: 31 ms
Input: 1000000,
Cold Start: false
Unique ID: 89be809cc0f938f0c25558c5ae88f48e,
Execution Time for Trace ID 89be809cc0f938f0c25558c5ae88f48e: 61 ms
Input: 1000000,
Cold Start: false
Unique ID: 54f3cb8ff0e0cdf5ca1cc9efa4050eb0,
Execution Time for Trace ID 54f3cb8ff0e0cdf5ca1cc9efa4050eb0: 29 ms
Input: 1000000,
Cold Start: false
Unique ID: ba9881b2c11e76c1957431567ddeb421,
Execution Time for Trace ID ba9881b2c11e76c1957431567ddeb421: 60 ms
Input: 1000000,
Cold Start: false
Unique ID: 86b007e7067865d22fd1a16d5609857c,
Execution Time for Trace ID 86b007e7067865d22fd1a16d5609857c: 28 ms
Input: 1000000,
Cold Start: false
Unique ID: 4e3740c8c539c0dafc8a8644b2266936,
Execution Time for Trace ID 4e3740c8c539c0dafc8a8644b2266936: 57 ms
Input: 1000000,
Cold Start: false
Unique ID: 48bcd1d4a06a8ea0dde619c611f8cc35,
Execution Time for Trace ID 48bcd1d4a06a8ea0dde619c611f8cc35: 34 ms
Input: 1000000,
Cold Start: false
Unique ID: d7bf8ca2a6c512a5abdd981dffc83b3a,
Execution Time for Trace ID d7bf8ca2a6c512a5abdd981dffc83b3a: 61 ms
Input: 1000000,
Cold Start: false
Unique ID: 73b5e8d9479b82f1c9d5e511639c1881,
Execution Time for Trace ID 73b5e8d9479b82f1c9d5e511639c1881: 29 ms
Input: 1000000,
Cold Start: false
Unique ID: 974ae1cb72d3bd4cb2bcf803e6f9c6cf,
Execution Time for Trace ID 974ae1cb72d3bd4cb2bcf803e6f9c6cf: 65 ms
Input: 1000000,
Cold Start: false
Unique ID: 6ad9c6632bc386c53d0303408040366c,
Execution Time for Trace ID 6ad9c6632bc386c53d0303408040366c: 31 ms
Input: 1000000,
Cold Start: false
Unique ID: 40986c06ee1fa958b1e520a6342ee84d,
Execution Time for Trace ID 40986c06ee1fa958b1e520a6342ee84d: 62 ms
Input: 1000000,
Cold Start: false
Unique ID: 87950026e570a03ac179209ac3e46cbd,
Execution Time for Trace ID 87950026e570a03ac179209ac3e46cbd: 28 ms
Input: 1000000,
Cold Start: false
Unique ID: ac7d1ca2d075054f014f96e3aa19d535,
Execution Time for Trace ID ac7d1ca2d075054f014f96e3aa19d535: 38 ms
Input: 1000000,
Cold Start: false
Unique ID: 3fdf9f9e9210a0e3d128e176e1657fdb,
Execution Time for Trace ID 3fdf9f9e9210a0e3d128e176e1657fdb: 71 ms
Input: 1000000,
Cold Start: false
Unique ID: 0c4fa8e85652bfce9e04068894d92926,
Execution Time for Trace ID 0c4fa8e85652bfce9e04068894d92926: 122 ms
Input: 1000000,
Cold Start: false
Unique ID: a1e584a2968e8139ac7b956c1fc11d97,
Execution Time for Trace ID a1e584a2968e8139ac7b956c1fc11d97: 49 ms
Input: 1000000,
Cold Start: false
Unique ID: 0bf379e777953306b0c4c3e03bb651b4,
Execution Time for Trace ID 0bf379e777953306b0c4c3e03bb651b4: 35 ms
Input: 1000000,
Cold Start: false
Unique ID: cd36b6ccae368abccf34a1495c080b9f,
Execution Time for Trace ID cd36b6ccae368abccf34a1495c080b9f: 88 ms
Input: 1000000,
Cold Start: false
Unique ID: 2a15d3e6706049ab6a1ab941bfc8bab1,
Execution Time for Trace ID 2a15d3e6706049ab6a1ab941bfc8bab1: 90 ms
Input: 1000000,
Cold Start: false
Unique ID: 62bc2cc502aa2ae48f3625f2b623785b,
Execution Time for Trace ID 62bc2cc502aa2ae48f3625f2b623785b: 68 ms
Input: 1000000,
Cold Start: false
Unique ID: d0756280c1ae89f8f9511e03447d3bfc,
Execution Time for Trace ID d0756280c1ae89f8f9511e03447d3bfc: 43 ms
Input: 1000000,
Cold Start: false
Unique ID: 576293e81de7f27da714ae328890fdd7,
Execution Time for Trace ID 576293e81de7f27da714ae328890fdd7: 61 ms
Input: 1000000,
Cold Start: false
Unique ID: dc26086dcdd2d1bc1524c5761ecadbf3,
Execution Time for Trace ID dc26086dcdd2d1bc1524c5761ecadbf3: 30 ms
Input: 1000000,
Cold Start: false
Unique ID: 1c25d951167884d4ec24e2296e75fb65,
Execution Time for Trace ID 1c25d951167884d4ec24e2296e75fb65: 48 ms
Input: 1000000,
Cold Start: false
Unique ID: d773f109068fdf3ce644a16b649c48ce,
Execution Time for Trace ID d773f109068fdf3ce644a16b649c48ce: 40 ms
Input: 1000000,
Cold Start: false
Unique ID: 451f82be82bb1309bd3250a082a795e7,
Execution Time for Trace ID 451f82be82bb1309bd3250a082a795e7: 63 ms
Input: 1000000,
Cold Start: false
Unique ID: 717c4daa1021fa744fe5cbd4ef1beb75,
Execution Time for Trace ID 717c4daa1021fa744fe5cbd4ef1beb75: 32 ms
Input: 1000000,
Cold Start: false
Unique ID: e2e170c8ff8b4f228ca388a64ebfec5a,
Execution Time for Trace ID e2e170c8ff8b4f228ca388a64ebfec5a: 27 ms
Input: 1000000,
Cold Start: false
Unique ID: dbfb440e99e56d87aeed41ccdbed2c38,
Execution Time for Trace ID dbfb440e99e56d87aeed41ccdbed2c38: 32 ms
Input: 1000000,
Cold Start: false
Unique ID: 061cfe2ac67b0800071e6285b51c4397,
Execution Time for Trace ID 061cfe2ac67b0800071e6285b51c4397: 122 ms
Input: 1000000,
Cold Start: false
Unique ID: fb838ca1d56ddd7ae88107505275601d,
Execution Time for Trace ID fb838ca1d56ddd7ae88107505275601d: 29 ms
Input: 1000000,
Cold Start: false
Unique ID: 24c0153cb8b2404d35ae94d2fc3b4b69,
Execution Time for Trace ID 24c0153cb8b2404d35ae94d2fc3b4b69: 90 ms
Input: 1000000,
Cold Start: false
Unique ID: 78970ec56575de12d70a1141effb2b0d,
Execution Time for Trace ID 78970ec56575de12d70a1141effb2b0d: 55 ms
Input: 1000000,
Cold Start: false
Unique ID: b293c231fa68af64d76f77aaf9a2c6a0,
Execution Time for Trace ID b293c231fa68af64d76f77aaf9a2c6a0: 41 ms
Input: 1000000,
Cold Start: false
Unique ID: e81877a36db800235feecc8105d18fc5,
Execution Time for Trace ID e81877a36db800235feecc8105d18fc5: 111 ms
Input: 1000000,
Cold Start: false
Unique ID: 088d54aa019c158bfe6e94094252ebb8,
Execution Time for Trace ID 088d54aa019c158bfe6e94094252ebb8: 26 ms
Input: 1000000,
Cold Start: false
Unique ID: bc349b4c6c084c4c0ecf0420086f73a3,
Execution Time for Trace ID bc349b4c6c084c4c0ecf0420086f73a3: 32 ms
Input: 1000000,
Cold Start: false
Unique ID: a6ee2e4b2b4bb2bc551ba8588c47d0c5,
Execution Time for Trace ID a6ee2e4b2b4bb2bc551ba8588c47d0c5: 175 ms
Input: 1000000,
Cold Start: false
Unique ID: 6753843fa1d1fb63d31186e3cae7865e,
Execution Time for Trace ID 6753843fa1d1fb63d31186e3cae7865e: 40 ms
Input: 1000000,
Cold Start: false
Unique ID: 4a7bef952997a92dccbbb360f5f361d3,
Execution Time for Trace ID 4a7bef952997a92dccbbb360f5f361d3: 87 ms
Input: 1000000,
Cold Start: false
Unique ID: 243fcb5a0ab512d709b5c185ace8134a,
Execution Time for Trace ID 243fcb5a0ab512d709b5c185ace8134a: 47 ms
Input: 1000000,
Cold Start: false
Unique ID: 8043712ee728205d556754a1cacd43a6,
Execution Time for Trace ID 8043712ee728205d556754a1cacd43a6: 64 ms
Input: 1000000,
Cold Start: false
Unique ID: e60f776fa934210d80c12138c93f4889,
Execution Time for Trace ID e60f776fa934210d80c12138c93f4889: 85 ms
Input: 1000000,
Cold Start: false
Unique ID: 3f254243fe592e512b839749e3254acb,
Execution Time for Trace ID 3f254243fe592e512b839749e3254acb: 32 ms
Input: 1000000,
Cold Start: false
Unique ID: b2a73119916f3bc1128d813e1756aa02,
Execution Time for Trace ID b2a73119916f3bc1128d813e1756aa02: 73 ms
Input: 1000000,
Cold Start: false
Unique ID: f39ad83ea1f855ffb728b3a0d18d7f7e,
Execution Time for Trace ID f39ad83ea1f855ffb728b3a0d18d7f7e: 44 ms
Input: 1000000,
Cold Start: false
Unique ID: 6f715f343048fa2315dfc0d730fe062d,
Execution Time for Trace ID 6f715f343048fa2315dfc0d730fe062d: 100 ms
Input: 1000000,
Cold Start: false
Unique ID: 459c8cdd4be274447986428e56f6cbe0,
Execution Time for Trace ID 459c8cdd4be274447986428e56f6cbe0: 51 ms
Input: 1000000,
Cold Start: false
Unique ID: 5c056ad3e00b8cfb7f9684ae6cef27a5,
Execution Time for Trace ID 5c056ad3e00b8cfb7f9684ae6cef27a5: 28 ms
Input: 1000000,
Cold Start: false
Unique ID: df550b37e9c995198fa1196609aa2c77,
Execution Time for Trace ID df550b37e9c995198fa1196609aa2c77: 72 ms
Input: 1000000,
Cold Start: false
Unique ID: 3b0982db0c4b0907e5b12b05fb8c404b,
Execution Time for Trace ID 3b0982db0c4b0907e5b12b05fb8c404b: 34 ms
Input: 1000000,
Cold Start: false
Unique ID: 91d0afe84bb06257b1a192f44950e212,
Execution Time for Trace ID 91d0afe84bb06257b1a192f44950e212: 71 ms
Input: 1000000,
Cold Start: false
Unique ID: 4ecf9091c4990f367cb87e35a19642e2,
Execution Time for Trace ID 4ecf9091c4990f367cb87e35a19642e2: 28 ms
Input: 1000000,
Cold Start: false
Unique ID: c9e76f9ba0e5b9c1fa4fe1530f7d3b13,
Execution Time for Trace ID c9e76f9ba0e5b9c1fa4fe1530f7d3b13: 34 ms
Input: 1000000,
Cold Start: false
Unique ID: 20794879cc164598de6bc04ba2ee4690,
Execution Time for Trace ID 20794879cc164598de6bc04ba2ee4690: 29 ms
Input: 1000000,
Cold Start: false
Unique ID: d923e2e2db6e7b3163d32fb0561d7952,
Execution Time for Trace ID d923e2e2db6e7b3163d32fb0561d7952: 30 ms
Input: 1000000,
Cold Start: false
Unique ID: ba8da32e52993537bba7e164dd9b18eb,
Execution Time for Trace ID ba8da32e52993537bba7e164dd9b18eb: 28 ms
Input: 1000000,
Cold Start: false
Unique ID: dd0a296bbc5ff30e0131536aa6906ccf,
Execution Time for Trace ID dd0a296bbc5ff30e0131536aa6906ccf: 70 ms
Input: 1000000,
Cold Start: false
Unique ID: fcae31f288417f029278e0eee44b7eab,
Execution Time for Trace ID fcae31f288417f029278e0eee44b7eab: 30 ms
Input: 1000000,
Cold Start: false
Unique ID: 800533446ab71967f7c2d0ca0118d0a9,
Execution Time for Trace ID 800533446ab71967f7c2d0ca0118d0a9: 77 ms
Input: 1000000,
Cold Start: false
Unique ID: 5306bf73afc23f54ad0d61f2000acb65,
Execution Time for Trace ID 5306bf73afc23f54ad0d61f2000acb65: 34 ms
Input: 1000000,
Cold Start: false
Unique ID: e2b0b4ac724735909ad96cf7b5c9cb09,
Execution Time for Trace ID e2b0b4ac724735909ad96cf7b5c9cb09: 59 ms
Input: 1000000,
Cold Start: false
Unique ID: 66c53683ccd4fb1bedbdd860b2400422,
Execution Time for Trace ID 66c53683ccd4fb1bedbdd860b2400422: 29 ms
Input: 1000000,
Cold Start: false
Unique ID: 3079022403312343580e70874db0d7e5,
Execution Time for Trace ID 3079022403312343580e70874db0d7e5: 63 ms
Input: 1000000,
Cold Start: false
Unique ID: eeab4c88e3b57be80079ffb84cc5cf08,
Execution Time for Trace ID eeab4c88e3b57be80079ffb84cc5cf08: 64 ms
Input: 1000000,
Cold Start: false
Unique ID: c6cd17b845ef1e66eb8e03e666ae398e,
Execution Time for Trace ID c6cd17b845ef1e66eb8e03e666ae398e: 89 ms
Input: 1000000,
Cold Start: false
Unique ID: 56f2a4503ac3d4d80e03bf782ad7cd0c,
Execution Time for Trace ID 56f2a4503ac3d4d80e03bf782ad7cd0c: 83 ms
Input: 1000000,
Cold Start: false
Unique ID: 6415d683b1163a41142afcbc7b640017,
Execution Time for Trace ID 6415d683b1163a41142afcbc7b640017: 30 ms
Input: 1000000,
Cold Start: false
Unique ID: 0f1a30ac2dc1efe484dbebc38d52bd3e,
Execution Time for Trace ID 0f1a30ac2dc1efe484dbebc38d52bd3e: 30 ms
Input: 1000000,
Cold Start: false
Unique ID: 454a07071ebbfe7161b7d5bc7d4c5bc2,
Execution Time for Trace ID 454a07071ebbfe7161b7d5bc7d4c5bc2: 63 ms
Input: 1000000,
Cold Start: false
Unique ID: 1e2d89703734c7992ca12696ade0c1d5,
Execution Time for Trace ID 1e2d89703734c7992ca12696ade0c1d5: 31 ms
Input: 1000000,
Cold Start: false
Unique ID: 4297c985bb420756b981d3abbc99c939,
Execution Time for Trace ID 4297c985bb420756b981d3abbc99c939: 58 ms
Input: 1000000,
Cold Start: false
Unique ID: eaf5d87ed30880434551b477f5e81ee7,
Execution Time for Trace ID eaf5d87ed30880434551b477f5e81ee7: 28 ms
Input: 1000000,
Cold Start: false
Unique ID: f3978001655fb1e8df550520cfbe9581,
Execution Time for Trace ID f3978001655fb1e8df550520cfbe9581: 94 ms
Input: 1000000,
Cold Start: false
Unique ID: 0387107708ce66ff299001e508e45ea5,
Execution Time for Trace ID 0387107708ce66ff299001e508e45ea5: 86 ms
Input: 1000000,
Cold Start: false
Unique ID: bb45dd5875b1848a2e786b2655001806,
Execution Time for Trace ID bb45dd5875b1848a2e786b2655001806: 30 ms
Input: 1000000,
Cold Start: false
Unique ID: e22fca75d44671b36c8c64af7f730783,
Execution Time for Trace ID e22fca75d44671b36c8c64af7f730783: 29 ms
Input: 1000000,
Cold Start: false
Unique ID: 9bee10cf0b906099b3520ab48be0fb57,
Execution Time for Trace ID 9bee10cf0b906099b3520ab48be0fb57: 30 ms
Input: 1000000,
Cold Start: false
Unique ID: e31de711a62ee18eef3113cd5578bbfe,
Execution Time for Trace ID e31de711a62ee18eef3113cd5578bbfe: 65 ms
Input: 1000000,
Cold Start: false
Unique ID: abfa674ad1f19404251c36aee4a9978b,
Execution Time for Trace ID abfa674ad1f19404251c36aee4a9978b: 29 ms
Input: 1000000,
Cold Start: false
Unique ID: 433062092864555a5df9fa768ae8a756,
Execution Time for Trace ID 433062092864555a5df9fa768ae8a756: 31 ms
Input: 1000000,
Cold Start: false
Unique ID: fd2151b54e804e2536dff66fa8333896,
Execution Time for Trace ID fd2151b54e804e2536dff66fa8333896: 86 ms
Input: 1000000,
Cold Start: false
Unique ID: 1867f9296fbdc917d75344040886e7e1,
Execution Time for Trace ID 1867f9296fbdc917d75344040886e7e1: 72 ms
Input: 1000000,
Cold Start: false
Unique ID: 5ebbe9f895ecbbdda87e9c628f20217d,
Execution Time for Trace ID 5ebbe9f895ecbbdda87e9c628f20217d: 67 ms
Input: 1000000,
Cold Start: false
Unique ID: 50fc512d867581faa871549ba5db1772,
Execution Time for Trace ID 50fc512d867581faa871549ba5db1772: 30 ms
Input: 1000000,
Cold Start: false
Unique ID: d41df4a3013a114423d0fb1a6328add7,
Execution Time for Trace ID d41df4a3013a114423d0fb1a6328add7: 78 ms
Input: 1000000,
Cold Start: false
Unique ID: 61a17360224dcd6e49b7fd245d33ddd3,
Execution Time for Trace ID 61a17360224dcd6e49b7fd245d33ddd3: 29 ms
Input: 1000000,
Cold Start: false
Unique ID: ecb491b15dc72f6918443ee2e7d61273,
Execution Time for Trace ID ecb491b15dc72f6918443ee2e7d61273: 58 ms
Input: 1000000,
Cold Start: false
Unique ID: d2e233ffff785863787065e0fb0a0588,
Execution Time for Trace ID d2e233ffff785863787065e0fb0a0588: 30 ms
Input: 1000000,
Cold Start: false
Unique ID: 4ae4aa642d543be2a96d7c901973ce02,
Execution Time for Trace ID 4ae4aa642d543be2a96d7c901973ce02: 39 ms
Input: 1000000,
Cold Start: false
Unique ID: 6ed5eff7bb386f784467ccc16b8de4f7,
Execution Time for Trace ID 6ed5eff7bb386f784467ccc16b8de4f7: 77 ms
Input: 1000000,
Cold Start: false
Unique ID: 5fd12d36a8cb1ba75679a55ff0e82306,
Execution Time for Trace ID 5fd12d36a8cb1ba75679a55ff0e82306: 98 ms
Input: 1000000,
Cold Start: false
Unique ID: 34152256b96f52b3de38a79e57ade554,
Execution Time for Trace ID 34152256b96f52b3de38a79e57ade554: 26 ms
Input: 1000000,
Cold Start: false
Unique ID: b149ebf1f54b29e1391aa5be91939515,
Execution Time for Trace ID b149ebf1f54b29e1391aa5be91939515: 28 ms
Input: 1000000,
Cold Start: false
Unique ID: 4f390461577cf35c538b50f85879506c,
Execution Time for Trace ID 4f390461577cf35c538b50f85879506c: 98 ms
Input: 1000000,
Cold Start: false
Unique ID: 5970757e0db054d1450d5125b427efd3,
Execution Time for Trace ID 5970757e0db054d1450d5125b427efd3: 87 ms
Input: 1000000,
Cold Start: false
Unique ID: b4bcd68f4296f48c872eb06c82010a55,
Execution Time for Trace ID b4bcd68f4296f48c872eb06c82010a55: 29 ms
Input: 1000000,
Cold Start: false
Unique ID: 784d31e5fcadcbd661f74ca6073d46dc,
Execution Time for Trace ID 784d31e5fcadcbd661f74ca6073d46dc: 50 ms
Input: 1000000,
Cold Start: false
Unique ID: fefc7355c180ff651109f74d995ef9a0,
Execution Time for Trace ID fefc7355c180ff651109f74d995ef9a0: 28 ms
Input: 1000000,
Cold Start: false
Unique ID: 96d2b8743ed89f777b2fb3558c3c87ce,
Execution Time for Trace ID 96d2b8743ed89f777b2fb3558c3c87ce: 82 ms
Input: 1000000,
Cold Start: false
Unique ID: 0340865b6478b4be0cf8fd1cc9479390,
Execution Time for Trace ID 0340865b6478b4be0cf8fd1cc9479390: 59 ms
Input: 1000000,
Cold Start: false
Unique ID: 0bbbb868c807b5d564c26fdf4f87814a,
Execution Time for Trace ID 0bbbb868c807b5d564c26fdf4f87814a: 28 ms
Input: 1000000,
Cold Start: false
Unique ID: 6457cadebc1d350ee6117f199f039614,
Execution Time for Trace ID 6457cadebc1d350ee6117f199f039614: 115 ms
Input: 1000000,
Cold Start: false
Unique ID: 32f39fd1eea547fc5d353061b23c4a41,
Execution Time for Trace ID 32f39fd1eea547fc5d353061b23c4a41: 30 ms
Input: 1000000,
Cold Start: false
Unique ID: 7d5cc751a0c4b58ff96fc45fa819e5f0,
Execution Time for Trace ID 7d5cc751a0c4b58ff96fc45fa819e5f0: 49 ms
Input: 1000000,
Cold Start: false
Unique ID: 0b6bab5ab7d57db9c57f1f3092560b93,
Execution Time for Trace ID 0b6bab5ab7d57db9c57f1f3092560b93: 83 ms
Input: 1000000,
Cold Start: false
Unique ID: cb4055b4edca27f8d6d7f6d19ad4b07b,
Execution Time for Trace ID cb4055b4edca27f8d6d7f6d19ad4b07b: 28 ms
Input: 1000000,
Cold Start: false
Unique ID: 9c066af18bfebfb52acf9e6870fcfdfe,
Execution Time for Trace ID 9c066af18bfebfb52acf9e6870fcfdfe: 27 ms
Input: 1000000,
Cold Start: false
Unique ID: 5aa6afdf33023023817de1293bdcf0ba,
Execution Time for Trace ID 5aa6afdf33023023817de1293bdcf0ba: 30 ms
Input: 1000000,
Cold Start: false
Unique ID: a574a9dbe475becf3a3d1784cbcbb3fc,
Execution Time for Trace ID a574a9dbe475becf3a3d1784cbcbb3fc: 136 ms
Input: 1000000,
Cold Start: false
Unique ID: 21236122a4a33a5bf7302308ff2c5bf1,
Execution Time for Trace ID 21236122a4a33a5bf7302308ff2c5bf1: 58 ms
Input: 1000000,
Cold Start: false
Unique ID: b1551604aa6586f2c96b484cfd00c2ea,
Execution Time for Trace ID b1551604aa6586f2c96b484cfd00c2ea: 29 ms
Input: 1000000,
Cold Start: false
Unique ID: 8462f7ddd0df64794f4444ed7447007d,
Execution Time for Trace ID 8462f7ddd0df64794f4444ed7447007d: 82 ms
Input: 1000000,
Cold Start: false
Unique ID: 0720f1379bcaedf27fdbaa1ec2e329bd,
Execution Time for Trace ID 0720f1379bcaedf27fdbaa1ec2e329bd: 70 ms
Input: 1000000,
Cold Start: false
Unique ID: 1dba0c5acc3a3b89c8becf4148d470b5,
Execution Time for Trace ID 1dba0c5acc3a3b89c8becf4148d470b5: 75 ms
Input: 1000000,
Cold Start: false
Unique ID: 80ccb5746c98faf366702ee9ca09a337,
Execution Time for Trace ID 80ccb5746c98faf366702ee9ca09a337: 86 ms
Input: 1000000,
Cold Start: false
Unique ID: b9b5b3966cbe5afaab84a81649efea63,
Execution Time for Trace ID b9b5b3966cbe5afaab84a81649efea63: 66 ms
Input: 1000000,
Cold Start: false
Unique ID: 1523febb5460df96d3da1a0370de3607,
Execution Time for Trace ID 1523febb5460df96d3da1a0370de3607: 28 ms
Input: 1000000,
Cold Start: false
Unique ID: 82cad9e448ce7708f5c032ca5732759a,
Execution Time for Trace ID 82cad9e448ce7708f5c032ca5732759a: 65 ms
Input: 1000000,
Cold Start: false
Unique ID: c60eea83eff84cb6e238d57621f8b351,
Execution Time for Trace ID c60eea83eff84cb6e238d57621f8b351: 29 ms
Input: 1000000,
Cold Start: false
Unique ID: 4a7428323f13279f6d85ad314746963c,
Execution Time for Trace ID 4a7428323f13279f6d85ad314746963c: 95 ms
Input: 1000000,
Cold Start: false
Unique ID: b8145288677fd73d5a5427485b245f96,
Execution Time for Trace ID b8145288677fd73d5a5427485b245f96: 62 ms
Input: 1000000,
Cold Start: false
Unique ID: 96d7aaf89eb5c367d5dcee70b9c771d9,
Execution Time for Trace ID 96d7aaf89eb5c367d5dcee70b9c771d9: 30 ms
Input: 1000000,
Cold Start: false
Unique ID: b3bf9db4697f000aa8f8027c3d7185d0,
Execution Time for Trace ID b3bf9db4697f000aa8f8027c3d7185d0: 52 ms
Input: 1000000,
Cold Start: false
Unique ID: f3e05788a920119ef1eed3279bebcb3f,
Execution Time for Trace ID f3e05788a920119ef1eed3279bebcb3f: 28 ms
Input: 1000000,
Cold Start: false
Unique ID: c9298f238bb59f50b1079418ab6fd648,
Execution Time for Trace ID c9298f238bb59f50b1079418ab6fd648: 28 ms
Input: 1000000,
Cold Start: false
Unique ID: 90fc0eb43b7623142efe6ea49183ca5f,
Execution Time for Trace ID 90fc0eb43b7623142efe6ea49183ca5f: 43 ms
Input: 1000000,
Cold Start: false
Unique ID: 2f6068bbbe766fcd2d8e488977ae4a3d,
Execution Time for Trace ID 2f6068bbbe766fcd2d8e488977ae4a3d: 30 ms
Input: 1000000,
Cold Start: false
Unique ID: 7f0894d027ac6eb64c04ccf07e5d7586,
Execution Time for Trace ID 7f0894d027ac6eb64c04ccf07e5d7586: 65 ms
Input: 1000000,
Cold Start: false
Unique ID: fac8088c750f86894719678f916326f2,
Execution Time for Trace ID fac8088c750f86894719678f916326f2: 32 ms
Input: 1000000,
Cold Start: false
Unique ID: db580f0ab7ad15490d2e0941fe41b286,
Execution Time for Trace ID db580f0ab7ad15490d2e0941fe41b286: 33 ms
Input: 1000000,
Cold Start: false
Unique ID: 3fff526c8c7d2bf43a89b3a6d9146613,
Execution Time for Trace ID 3fff526c8c7d2bf43a89b3a6d9146613: 102 ms
Input: 1000000,
Cold Start: false
Unique ID: 1c45890c1bb7f263aadaa1b150da8e76,
Execution Time for Trace ID 1c45890c1bb7f263aadaa1b150da8e76: 33 ms
Input: 1000000,
Cold Start: false
Unique ID: 5319bb6f6a98a5421f411cd1834708a5,
Execution Time for Trace ID 5319bb6f6a98a5421f411cd1834708a5: 29 ms
Input: 1000000,
Cold Start: false
Unique ID: de418071598faa9e9a049b7ce1f86e87,
Execution Time for Trace ID de418071598faa9e9a049b7ce1f86e87: 35 ms
Input: 1000000,
Cold Start: false
Unique ID: 33005a6237f2ee3fd41571c630b450f8,
Execution Time for Trace ID 33005a6237f2ee3fd41571c630b450f8: 28 ms
Input: 1000000,
Cold Start: false
Unique ID: d4a1c0ff11e46472e6841bc889c2feb7,
Execution Time for Trace ID d4a1c0ff11e46472e6841bc889c2feb7: 106 ms
Input: 1000000,
Cold Start: false
Unique ID: 0724a39018b894453cbd6588cf88400c,
Execution Time for Trace ID 0724a39018b894453cbd6588cf88400c: 32 ms
Input: 1000000,
Cold Start: false
Unique ID: 17171d6b98967a6a0a31e06abdf0d37d,
Execution Time for Trace ID 17171d6b98967a6a0a31e06abdf0d37d: 116 ms
Input: 1000000,
Cold Start: false
Unique ID: 284bf1aad5541ac4cf0d3934ab6d0adb,
Execution Time for Trace ID 284bf1aad5541ac4cf0d3934ab6d0adb: 29 ms
Input: 1000000,
Cold Start: false
Unique ID: 2df71e38b4eb84155b125648b5936aec,
Execution Time for Trace ID 2df71e38b4eb84155b125648b5936aec: 30 ms
Input: 1000000,
Cold Start: false
Unique ID: 6417d6770dc8698a5d7ef3fe257714a5,
Execution Time for Trace ID 6417d6770dc8698a5d7ef3fe257714a5: 33 ms
Input: 1000000,
Cold Start: false
Unique ID: 7e7cd47daf0926f54d30af1d3517770a,
Execution Time for Trace ID 7e7cd47daf0926f54d30af1d3517770a: 29 ms
Input: 1000000,
Cold Start: false
Unique ID: dbfc9b18744e840a97f5aeb44e31c924,
Execution Time for Trace ID dbfc9b18744e840a97f5aeb44e31c924: 30 ms
Input: 1000000,
Cold Start: false
Unique ID: 0d1398687e5f7726a6ca91aabfe39336,
Execution Time for Trace ID 0d1398687e5f7726a6ca91aabfe39336: 30 ms
Input: 1000000,
Cold Start: false
Unique ID: 9f35b8a5675c522adec32ee894e6879c,
Execution Time for Trace ID 9f35b8a5675c522adec32ee894e6879c: 30 ms
Input: 1000000,
Cold Start: false
Unique ID: 84f9caca9b754e4958a1d0c69589a4af,
Execution Time for Trace ID 84f9caca9b754e4958a1d0c69589a4af: 90 ms
Input: 1000000,
Cold Start: false
Unique ID: 0fba2ab4c4e64916bbff61027c8f3699,
Execution Time for Trace ID 0fba2ab4c4e64916bbff61027c8f3699: 110 ms
Input: 1000000,
Cold Start: false
Unique ID: c55784d42538bc2843572e0679e7d516,
Execution Time for Trace ID c55784d42538bc2843572e0679e7d516: 29 ms
Input: 1000000,
Cold Start: false
Unique ID: 5d30e3fce34c836befb64a825a6ed46d,
Execution Time for Trace ID 5d30e3fce34c836befb64a825a6ed46d: 30 ms
Input: 1000000,
Cold Start: false
Unique ID: 62466b8efb89e55312b1296f978a00e7,
Execution Time for Trace ID 62466b8efb89e55312b1296f978a00e7: 27 ms
Input: 1000000,
Cold Start: false
Unique ID: 544b5a528f985c76ab0d0954c644f577,
Execution Time for Trace ID 544b5a528f985c76ab0d0954c644f577: 104 ms
Input: 1000000,
Cold Start: false
Unique ID: c0f1d410fe4a1b6a88c3c745d07fd6cb,
Execution Time for Trace ID c0f1d410fe4a1b6a88c3c745d07fd6cb: 35 ms
Input: 1000000,
Cold Start: false
Unique ID: 04194438ebf2c9a8c902d748261c9641,
Execution Time for Trace ID 04194438ebf2c9a8c902d748261c9641: 31 ms
Input: 1000000,
Cold Start: false
Unique ID: 25fd09a3dd978b64774d78a65b8aa7af,
Execution Time for Trace ID 25fd09a3dd978b64774d78a65b8aa7af: 31 ms
Input: 1000000,
Cold Start: false
Unique ID: 32924afc0fc371b4159e2ac8f5457680,
Execution Time for Trace ID 32924afc0fc371b4159e2ac8f5457680: 96 ms
Input: 1000000,
Cold Start: false
Unique ID: 806d1e533f8fcb190d29a8a197bd637f,
Execution Time for Trace ID 806d1e533f8fcb190d29a8a197bd637f: 31 ms
Input: 1000000,
Cold Start: false
Unique ID: 69efcb79ff4fff872dbf8f1cf9af4927,
Execution Time for Trace ID 69efcb79ff4fff872dbf8f1cf9af4927: 116 ms
Input: 1000000,
Cold Start: false
Unique ID: 8a515198fcc86971b0b3a87e1ab52b60,
Execution Time for Trace ID 8a515198fcc86971b0b3a87e1ab52b60: 29 ms
Input: 1000000,
Cold Start: false
Unique ID: 0615d4637b00989714b1a905cd723aac,
Execution Time for Trace ID 0615d4637b00989714b1a905cd723aac: 30 ms
Input: 1000000,
Cold Start: false
Unique ID: 84beeccbd1673df8a813908aad34a8f2,
Execution Time for Trace ID 84beeccbd1673df8a813908aad34a8f2: 32 ms
Input: 1000000,
Cold Start: false
Unique ID: 387ebf7b269b5c881f0505c7d9d39f1e,
Execution Time for Trace ID 387ebf7b269b5c881f0505c7d9d39f1e: 109 ms
Input: 1000000,
Cold Start: false
Unique ID: 1bb1b361f7699a62cdc85f134b1e0860,
Execution Time for Trace ID 1bb1b361f7699a62cdc85f134b1e0860: 34 ms
Input: 1000000,
Cold Start: false
Unique ID: 7481e68884dc026ee916901749c00156,
Execution Time for Trace ID 7481e68884dc026ee916901749c00156: 105 ms
Input: 1000000,
Cold Start: false
Unique ID: 4c36b464ae863db37961153910c727ec,
Execution Time for Trace ID 4c36b464ae863db37961153910c727ec: 29 ms
Input: 1000000,
Cold Start: false
Unique ID: 1a549c3764d400a5dfb286761eb15967,
Execution Time for Trace ID 1a549c3764d400a5dfb286761eb15967: 120 ms
Input: 1000000,
Cold Start: false
Unique ID: ee3dd97f3caa8808a01e33f5ee25a0d9,
Execution Time for Trace ID ee3dd97f3caa8808a01e33f5ee25a0d9: 29 ms
Input: 1000000,
Cold Start: false
Unique ID: c54b65c81ffe6fc64e5eec5b7a924669,
Execution Time for Trace ID c54b65c81ffe6fc64e5eec5b7a924669: 31 ms
Input: 1000000,
Cold Start: false
Unique ID: e6c20b4bd8dfdadbb645cdd9c33b01f6,
Execution Time for Trace ID e6c20b4bd8dfdadbb645cdd9c33b01f6: 30 ms
Input: 1000000,
Cold Start: false
Unique ID: 172c83d131b1d04ba441150c496619f9,
Execution Time for Trace ID 172c83d131b1d04ba441150c496619f9: 29 ms
Input: 1000000,
Cold Start: false
Unique ID: 4412b2e8a457728c7628016ca5eb2894,
Execution Time for Trace ID 4412b2e8a457728c7628016ca5eb2894: 95 ms
Input: 1000000,
Cold Start: false
Unique ID: 247d3365c48bb29aaab4400f1bc35f22,
Execution Time for Trace ID 247d3365c48bb29aaab4400f1bc35f22: 30 ms
Input: 1000000,
Cold Start: false
Unique ID: 8951d3584d6bad990b820fc4b4156af1,
Execution Time for Trace ID 8951d3584d6bad990b820fc4b4156af1: 104 ms
Input: 1000000,
Cold Start: false
Unique ID: 0cfbd14df264bf5112f626fa5e45f6d8,
Execution Time for Trace ID 0cfbd14df264bf5112f626fa5e45f6d8: 30 ms
Input: 1000000,
Cold Start: false
Unique ID: 146a805280fc9677ef8098d98b2ffa27,
Execution Time for Trace ID 146a805280fc9677ef8098d98b2ffa27: 32 ms
Input: 1000000,
Cold Start: false
Unique ID: d8e01a89041031a16d08e21b7c44b3d1,
Execution Time for Trace ID d8e01a89041031a16d08e21b7c44b3d1: 32 ms
Input: 1000000,
Cold Start: false
Unique ID: 76811d5932953b1cdcc66cdbf5694194,
Execution Time for Trace ID 76811d5932953b1cdcc66cdbf5694194: 103 ms
Input: 1000000,
Cold Start: false
Unique ID: 86e0bb16997e4222733fc42bee46a898,
Execution Time for Trace ID 86e0bb16997e4222733fc42bee46a898: 32 ms
Input: 1000000,
Cold Start: false
Unique ID: 3c3c3044e8512f6341d616719149aa28,
Execution Time for Trace ID 3c3c3044e8512f6341d616719149aa28: 103 ms
Input: 1000000,
Cold Start: false
Unique ID: b11aa91c3333891349a00a74dea44c78,
Execution Time for Trace ID b11aa91c3333891349a00a74dea44c78: 34 ms
Input: 1000000,
Cold Start: false
Unique ID: 7512665e055ab03eab3712061742409e,
Execution Time for Trace ID 7512665e055ab03eab3712061742409e: 30 ms
Input: 1000000,
Cold Start: false
Unique ID: 3f457386782a4dd0a41c5def87b1081c,
Execution Time for Trace ID 3f457386782a4dd0a41c5def87b1081c: 31 ms
Input: 1000000,
Cold Start: false
Unique ID: 99a3af9c56d3df24276faf7b6fc02edc,
Execution Time for Trace ID 99a3af9c56d3df24276faf7b6fc02edc: 34 ms
Input: 1000000,
Cold Start: false
Unique ID: 7e8067621d9b8b9d017f17a1ac7bce48,
Execution Time for Trace ID 7e8067621d9b8b9d017f17a1ac7bce48: 32 ms
Input: 1000000,
Cold Start: false
Unique ID: 22cf5ef2289150e98cbf2356fa9819d2,
Execution Time for Trace ID 22cf5ef2289150e98cbf2356fa9819d2: 31 ms
Input: 1000000,
Cold Start: false
Unique ID: e673671806a10fbb71f89358c4126722,
Execution Time for Trace ID e673671806a10fbb71f89358c4126722: 29 ms
Input: 1000000,
Cold Start: false
Unique ID: fb60c5bc34ae3463e4d4824f347b60cf,
Execution Time for Trace ID fb60c5bc34ae3463e4d4824f347b60cf: 111 ms
Input: 1000000,
Cold Start: false
Unique ID: 0c42100fd876f3a1501a7b913ebfe96a,
Execution Time for Trace ID 0c42100fd876f3a1501a7b913ebfe96a: 29 ms
Input: 1000000,
Cold Start: false
Unique ID: cf061677154471ecb9a1f9f678968f52,
Execution Time for Trace ID cf061677154471ecb9a1f9f678968f52: 30 ms
Input: 1000000,
Cold Start: false
Unique ID: 5d97b0cb5d2c41e02569d51691156135,
Execution Time for Trace ID 5d97b0cb5d2c41e02569d51691156135: 32 ms
Input: 1000000,
Cold Start: false
Unique ID: 232dbbd4fdf7b9a5af2e467d79c5b093,
Execution Time for Trace ID 232dbbd4fdf7b9a5af2e467d79c5b093: 39 ms
Input: 1000000,
Cold Start: false
Unique ID: 5b55843fb8bf432dae6bf4a439deb81b,
Execution Time for Trace ID 5b55843fb8bf432dae6bf4a439deb81b: 31 ms
Input: 1000000,
Cold Start: false
Unique ID: 469c54ffab78f71eabf566846444d317,
Execution Time for Trace ID 469c54ffab78f71eabf566846444d317: 32 ms
Input: 1000000,
Cold Start: false
Unique ID: b3004e4add900c48eea9eb891a6b62c9,
Execution Time for Trace ID b3004e4add900c48eea9eb891a6b62c9: 32 ms
Input: 1000000,
Cold Start: false
Unique ID: b3628be379f84cefd17affdce974296d,
Execution Time for Trace ID b3628be379f84cefd17affdce974296d: 83 ms
Input: 1000000,
Cold Start: false
Unique ID: 03678cb61440d4f2bc27fcd6d0dfcced,
Execution Time for Trace ID 03678cb61440d4f2bc27fcd6d0dfcced: 31 ms
Input: 1000000,
Cold Start: false
Unique ID: fa3521b7ade0390d80ccf7ff6843b091,
Execution Time for Trace ID fa3521b7ade0390d80ccf7ff6843b091: 30 ms
Input: 1000000,
Cold Start: false
Unique ID: ee17cc1c397c923186a03b8fcab1e6e8,
Execution Time for Trace ID ee17cc1c397c923186a03b8fcab1e6e8: 29 ms
Input: 1000000,
Cold Start: false
Unique ID: dcc2b43283926e6da3eaddf7ca657870,
Execution Time for Trace ID dcc2b43283926e6da3eaddf7ca657870: 109 ms
Input: 1000000,
Cold Start: false
Unique ID: 3094dce354e9c97f165585fc70b677ef,
Execution Time for Trace ID 3094dce354e9c97f165585fc70b677ef: 34 ms
Input: 1000000,
Cold Start: false
Unique ID: a4cde99c6365b9528b12a895825d8bee,
Execution Time for Trace ID a4cde99c6365b9528b12a895825d8bee: 34 ms
Input: 1000000,
Cold Start: false
Unique ID: 792e459b876271a1619a58ea8d0f0ae9,
Execution Time for Trace ID 792e459b876271a1619a58ea8d0f0ae9: 30 ms
Input: 1000000,
Cold Start: false
Unique ID: d3882b20b44988520e83a7470028a893,
Execution Time for Trace ID d3882b20b44988520e83a7470028a893: 104 ms
Input: 1000000,
Cold Start: false
Unique ID: 96baf3e3900a07d5b83b295da23efdf0,
Execution Time for Trace ID 96baf3e3900a07d5b83b295da23efdf0: 31 ms
Input: 1000000,
Cold Start: false
Unique ID: 3284ab4d2339c3224f5a5bc82f29c11a,
Execution Time for Trace ID 3284ab4d2339c3224f5a5bc82f29c11a: 33 ms
Input: 1000000,
Cold Start: false
Unique ID: b631effdb829ecff9313a18a20ff7316,
Execution Time for Trace ID b631effdb829ecff9313a18a20ff7316: 28 ms
Input: 1000000,
Cold Start: false
Unique ID: 09e9020461be155c56df8ce10cdc5484,
Execution Time for Trace ID 09e9020461be155c56df8ce10cdc5484: 37 ms
Input: 1000000,
Cold Start: false
Unique ID: 7eb0f05a8a95c844ab6f8a17350bc877,
Execution Time for Trace ID 7eb0f05a8a95c844ab6f8a17350bc877: 29 ms
Input: 1000000,
Cold Start: false
Unique ID: e1a793008175cd2c9ab79483e2d5f02a,
Execution Time for Trace ID e1a793008175cd2c9ab79483e2d5f02a: 30 ms
Input: 1000000,
Cold Start: false
Unique ID: d517c0220684fd062cd8778d13bfe6e0,
Execution Time for Trace ID d517c0220684fd062cd8778d13bfe6e0: 33 ms
Input: 1000000,
Cold Start: false
Unique ID: 366eb29f7f02a9d21b64c1a6d35dbf73,
Execution Time for Trace ID 366eb29f7f02a9d21b64c1a6d35dbf73: 100 ms
Input: 1000000,
Cold Start: false
Unique ID: f43e34f581f80ac3e20390c2f97840c1,
Execution Time for Trace ID f43e34f581f80ac3e20390c2f97840c1: 30 ms
Input: 1000000,
Cold Start: false
Unique ID: e016ef8cc94437bdd11ae6ee62c67567,
Execution Time for Trace ID e016ef8cc94437bdd11ae6ee62c67567: 30 ms
Input: 1000000,
Cold Start: false
Unique ID: f0fd5376ee9928d8f55bcc94d5c7eba5,
Execution Time for Trace ID f0fd5376ee9928d8f55bcc94d5c7eba5: 104 ms
Input: 1000000,
Cold Start: false
Unique ID: 5451e435abe8e0e0681165e41a4bb363,
Execution Time for Trace ID 5451e435abe8e0e0681165e41a4bb363: 33 ms
Input: 1000000,
Cold Start: false
Unique ID: 0a94f57d1d458bee4f4a84a87f379eed,
Execution Time for Trace ID 0a94f57d1d458bee4f4a84a87f379eed: 114 ms
Input: 1000000,
Cold Start: false
Unique ID: cd57649b9cf8bb64e356618f1b68e308,
Execution Time for Trace ID cd57649b9cf8bb64e356618f1b68e308: 30 ms
Input: 1000000,
Cold Start: false
Unique ID: fef63f03045349b79ab79483e2d5fb0e,
Execution Time for Trace ID fef63f03045349b79ab79483e2d5fb0e: 31 ms
Input: 1000000,
Cold Start: false
Unique ID: ffb89881e244103fc01f351ef8c60de6,
Execution Time for Trace ID ffb89881e244103fc01f351ef8c60de6: 85 ms
Input: 1000000,
Cold Start: false
Unique ID: 22005ee474dccff9cf1cb54abd8d6fb9,
Execution Time for Trace ID 22005ee474dccff9cf1cb54abd8d6fb9: 31 ms
Input: 1000000,
Cold Start: false
Unique ID: a0efb4562a5f76fb9a8538851555cdec,
Execution Time for Trace ID a0efb4562a5f76fb9a8538851555cdec: 111 ms
Input: 1000000,
Cold Start: false
Unique ID: 58d8130711b1835408adc32afcbdce9e,
Execution Time for Trace ID 58d8130711b1835408adc32afcbdce9e: 31 ms
Input: 1000000,
Cold Start: false
Unique ID: 6472c3a4451f2678cbd7e1630977431a,
Execution Time for Trace ID 6472c3a4451f2678cbd7e1630977431a: 105 ms
Input: 1000000,
Cold Start: false
Unique ID: 372ff9880aaa18882f89eeb32379d307,
Execution Time for Trace ID 372ff9880aaa18882f89eeb32379d307: 28 ms
Input: 1000000,
Cold Start: false
Unique ID: cf106506738665b5a7fecb3051debe53,
Execution Time for Trace ID cf106506738665b5a7fecb3051debe53: 108 ms
Input: 1000000,
Cold Start: false
Unique ID: 9292c0a959826eccfe8e37fddd0f9075,
Execution Time for Trace ID 9292c0a959826eccfe8e37fddd0f9075: 32 ms
Input: 1000000,
Cold Start: false
Unique ID: a90079d997783a4856c5f8f51b9d9b1c,
Execution Time for Trace ID a90079d997783a4856c5f8f51b9d9b1c: 118 ms
Input: 1000000,
Cold Start: false
Unique ID: 6e868ee33b5b5ece6c5a7bbad478a5d6,
Execution Time for Trace ID 6e868ee33b5b5ece6c5a7bbad478a5d6: 105 ms
Input: 1000000,
Cold Start: false
Unique ID: 5c14255fb1290edc2d893b4a0f3793e5,
Execution Time for Trace ID 5c14255fb1290edc2d893b4a0f3793e5: 32 ms
Input: 1000000,
Cold Start: false
Unique ID: 71552d34cd0bb8ac3f2119d76a880299,
Execution Time for Trace ID 71552d34cd0bb8ac3f2119d76a880299: 38 ms
Input: 1000000,
Cold Start: false
Unique ID: 01207537af7139606f53659257793309,
Execution Time for Trace ID 01207537af7139606f53659257793309: 113 ms
Input: 1000000,
Cold Start: false
Unique ID: ba8b9bd20d22812b6fd8f7725d8438e3,
Execution Time for Trace ID ba8b9bd20d22812b6fd8f7725d8438e3: 33 ms
Input: 1000000,
Cold Start: false
Unique ID: 2e88abda04132acd9ceb07e7c2c7d23f,
Execution Time for Trace ID 2e88abda04132acd9ceb07e7c2c7d23f: 108 ms
Input: 1000000,
Cold Start: false
Unique ID: 37c1865294210154e133511593b6d46d,
Execution Time for Trace ID 37c1865294210154e133511593b6d46d: 31 ms
Input: 1000000,
Cold Start: false
Unique ID: acdfa701896c74e46d4d6f705b485aed,
Execution Time for Trace ID acdfa701896c74e46d4d6f705b485aed: 37 ms
Input: 1000000,
Cold Start: false
Unique ID: 6fd8b75845d58a06a519311e921433cb,
Execution Time for Trace ID 6fd8b75845d58a06a519311e921433cb: 32 ms
Input: 1000000,
Cold Start: false
Unique ID: ccd7442c63215349ae8c9a49b60e1bc8,
Execution Time for Trace ID ccd7442c63215349ae8c9a49b60e1bc8: 104 ms
Input: 1000000,
Cold Start: false
Unique ID: f4d70c75cc549975a09cb55e0764644f,
Execution Time for Trace ID f4d70c75cc549975a09cb55e0764644f: 35 ms
Input: 1000000,
Cold Start: false
Unique ID: 6d060111db71b70db46fb4ae654b33ce,
Execution Time for Trace ID 6d060111db71b70db46fb4ae654b33ce: 105 ms
Input: 1000000,
Cold Start: false
Unique ID: 20e98b26d4fb600bb4625fac19639b7d,
Execution Time for Trace ID 20e98b26d4fb600bb4625fac19639b7d: 32 ms
Input: 1000000,
Cold Start: false
Unique ID: 7fde4fdc8f68bf29929bce7886b833a5,
Execution Time for Trace ID 7fde4fdc8f68bf29929bce7886b833a5: 46 ms
Input: 1000000,
Cold Start: false
Unique ID: b0c70493000fc5c1732712e459ca23c7,
Execution Time for Trace ID b0c70493000fc5c1732712e459ca23c7: 35 ms
Input: 1000000,
Cold Start: false
Unique ID: 3395a958e0f6d4914f2f5b55d6d8f6de,
Execution Time for Trace ID 3395a958e0f6d4914f2f5b55d6d8f6de: 34 ms
Input: 1000000,
Cold Start: false
Unique ID: 911e00d194f1bc9355330e6afb79eb5e,
Execution Time for Trace ID 911e00d194f1bc9355330e6afb79eb5e: 34 ms
Input: 1000000,
Cold Start: false
Unique ID: bb14ffc9797a8f36c91e71adac9ae733,
Execution Time for Trace ID bb14ffc9797a8f36c91e71adac9ae733: 34 ms
Input: 1000000,
Cold Start: false
Unique ID: 2b2bc4d647ae8964279040bdac3b737c,
Execution Time for Trace ID 2b2bc4d647ae8964279040bdac3b737c: 32 ms
Input: 1000000,
Cold Start: false
Unique ID: f59e3e6d0b3d69db8423eb7901f90a98,
Execution Time for Trace ID f59e3e6d0b3d69db8423eb7901f90a98: 110 ms
Input: 1000000,
Cold Start: false
Unique ID: c3aea5eff4632fc1319e87989966360c,
Execution Time for Trace ID c3aea5eff4632fc1319e87989966360c: 39 ms
Input: 1000000,
Cold Start: false
Unique ID: d94e39033d9b58c4774ff1f27588fcaa,
Execution Time for Trace ID d94e39033d9b58c4774ff1f27588fcaa: 44 ms
Input: 1000000,
Cold Start: false
Unique ID: 538017aa00a399c1cf72498d87f35c03,
Execution Time for Trace ID 538017aa00a399c1cf72498d87f35c03: 34 ms
Input: 1000000,
Cold Start: false
Unique ID: bec1250668537e91c7dede4e7860c585,
Execution Time for Trace ID bec1250668537e91c7dede4e7860c585: 108 ms
Input: 1000000,
Cold Start: false
Unique ID: b5128cdb0b37211bb463f240028e5222,
Execution Time for Trace ID b5128cdb0b37211bb463f240028e5222: 32 ms
Input: 1000000,
Cold Start: false
Unique ID: a8c9b1699f4b5d62915adb61f077f1eb,
Execution Time for Trace ID a8c9b1699f4b5d62915adb61f077f1eb: 38 ms
Input: 1000000,
Cold Start: false
Unique ID: 1865da32904e9d7d026b6f686247e87b,
Execution Time for Trace ID 1865da32904e9d7d026b6f686247e87b: 40 ms
Input: 1000000,
Cold Start: false
Unique ID: 53647b7e59c6b887715da794276e130e,
Execution Time for Trace ID 53647b7e59c6b887715da794276e130e: 114 ms
Input: 1000000,
Cold Start: false
Unique ID: c6bf7f6fe05911c86d656550732d353e,
Execution Time for Trace ID c6bf7f6fe05911c86d656550732d353e: 33 ms
Input: 1000000,
Cold Start: false
Unique ID: 56cc7a09d0ddce238cf37cd23b884040,
Execution Time for Trace ID 56cc7a09d0ddce238cf37cd23b884040: 33 ms
Input: 1000000,
Cold Start: false
Unique ID: 27eb1cd5e25e05d1092ebdd20abe0596,
Execution Time for Trace ID 27eb1cd5e25e05d1092ebdd20abe0596: 34 ms
Input: 1000000,
Cold Start: false
Unique ID: 7c1f06ecfa7212b61b1a001137257d4d,
Execution Time for Trace ID 7c1f06ecfa7212b61b1a001137257d4d: 33 ms
Input: 1000000,
Cold Start: false
Unique ID: a80f625c973cdc8984c4e53e15609dda,
Execution Time for Trace ID a80f625c973cdc8984c4e53e15609dda: 33 ms
Input: 1000000,
Cold Start: false
Unique ID: 401aca84dbdbb3743e60d58c061f11f6,
Execution Time for Trace ID 401aca84dbdbb3743e60d58c061f11f6: 108 ms
Input: 1000000,
Cold Start: false
Unique ID: d7fa01340404cc6e1ccd1b6ea423d66d,
Execution Time for Trace ID d7fa01340404cc6e1ccd1b6ea423d66d: 30 ms
Input: 1000000,
Cold Start: false
Unique ID: bac8375a86b4f30cd35361078631dd40,
Execution Time for Trace ID bac8375a86b4f30cd35361078631dd40: 30 ms
Input: 1000000,
Cold Start: false
Unique ID: 4666b5d9f8a84378ad533d3a7aceaf54,
Execution Time for Trace ID 4666b5d9f8a84378ad533d3a7aceaf54: 29 ms
Input: 1000000,
Cold Start: false
Unique ID: e1cb5f459a83a4756f04728c516b5708,
Execution Time for Trace ID e1cb5f459a83a4756f04728c516b5708: 32 ms
Input: 1000000,
Cold Start: false
Unique ID: 35e3d2799780dc0758f8ac1b27b19468,
Execution Time for Trace ID 35e3d2799780dc0758f8ac1b27b19468: 34 ms
Input: 1000000,
Cold Start: false
Unique ID: f9a1cfb6fd231d264d4ed9e4475942d3,
Execution Time for Trace ID f9a1cfb6fd231d264d4ed9e4475942d3: 98 ms
Input: 1000000,
Cold Start: false
Unique ID: c797eee645b57f719472137f8ce7cc85,
Execution Time for Trace ID c797eee645b57f719472137f8ce7cc85: 39 ms
Input: 1000000,
Cold Start: false
Unique ID: 36a6196045e99be4a5bdb8d716ab27f9,
Execution Time for Trace ID 36a6196045e99be4a5bdb8d716ab27f9: 106 ms
Input: 1000000,
Cold Start: false
Unique ID: 27804af7ee3f6955800b4208f4022234,
Execution Time for Trace ID 27804af7ee3f6955800b4208f4022234: 29 ms
Input: 1000000,
Cold Start: false
Unique ID: ad096625634a06711be3390c63ee47fe,
Execution Time for Trace ID ad096625634a06711be3390c63ee47fe: 105 ms
Input: 1000000,
Cold Start: false
Unique ID: 3d43ca8b2e2a339d8bdf5f352cb36517,
Execution Time for Trace ID 3d43ca8b2e2a339d8bdf5f352cb36517: 29 ms
Input: 1000000,
Cold Start: false
Unique ID: bb00b19e59ba9a70c87dc36c9a814454,
Execution Time for Trace ID bb00b19e59ba9a70c87dc36c9a814454: 107 ms
Input: 1000000,
Cold Start: false
Unique ID: 24dc7dfd7325c9a7bc985826fa2b15e8,
Execution Time for Trace ID 24dc7dfd7325c9a7bc985826fa2b15e8: 29 ms
Input: 1000000,
Cold Start: false
Unique ID: 0c53c68562a2c366c6ba96158c3cec77,
Execution Time for Trace ID 0c53c68562a2c366c6ba96158c3cec77: 108 ms
Input: 1000000,
Cold Start: false
Unique ID: d52649d66d1072141b80788a7b586b5c,
Execution Time for Trace ID d52649d66d1072141b80788a7b586b5c: 31 ms
Input: 1000000,
Cold Start: false
Unique ID: 54a19d58f5f345689286b1446216d6d7,
Execution Time for Trace ID 54a19d58f5f345689286b1446216d6d7: 106 ms
Input: 1000000,
Cold Start: false
Unique ID: 0619919f2437c67dfba1e2a35a0ef53b,
Execution Time for Trace ID 0619919f2437c67dfba1e2a35a0ef53b: 32 ms
Input: 1000000,
Cold Start: false
Unique ID: cb4827c9bd1ccd0d38cf7b97f011a374,
Execution Time for Trace ID cb4827c9bd1ccd0d38cf7b97f011a374: 30 ms
Input: 1000000,
Cold Start: false
Unique ID: 792c69964f1bbf4bdc73cc6fbe9866a1,
Execution Time for Trace ID 792c69964f1bbf4bdc73cc6fbe9866a1: 31 ms
Input: 1000000,
Cold Start: false
Unique ID: bffe2df70f963db66bcc9c6080a0a3ae,
Execution Time for Trace ID bffe2df70f963db66bcc9c6080a0a3ae: 30 ms
Input: 1000000,
Cold Start: false
Unique ID: 06aa6cfa2be2bdd919b657e53e72b70e,
Execution Time for Trace ID 06aa6cfa2be2bdd919b657e53e72b70e: 30 ms
Input: 1000000,
Cold Start: false
Unique ID: c2636c2128609c363ff109114bab177d,
Execution Time for Trace ID c2636c2128609c363ff109114bab177d: 29 ms
Input: 1000000,
Cold Start: false
Unique ID: e57ebf4e0751e6bd472b2a71bd82f2e6,
Execution Time for Trace ID e57ebf4e0751e6bd472b2a71bd82f2e6: 30 ms
Input: 1000000,
Cold Start: false
Unique ID: ff422beb6690b68812d6fc57818039df,
Execution Time for Trace ID ff422beb6690b68812d6fc57818039df: 30 ms
Input: 1000000,
Cold Start: false
Unique ID: 5a977badd5cd083681e98a698fa87ac9,
Execution Time for Trace ID 5a977badd5cd083681e98a698fa87ac9: 29 ms
Input: 1000000,
Cold Start: false
Unique ID: 1d59f670a20d637ba568fae72f5a507e,
Execution Time for Trace ID 1d59f670a20d637ba568fae72f5a507e: 55 ms
Input: 1000000,
Cold Start: false
Unique ID: fc15c6508480070dceeb5b93a3838625,
Execution Time for Trace ID fc15c6508480070dceeb5b93a3838625: 28 ms
Input: 1000000,
Cold Start: false
Unique ID: c66fdc64a8db105c902f3f3fdba4c291,
Execution Time for Trace ID c66fdc64a8db105c902f3f3fdba4c291: 30 ms
Input: 1000000,
Cold Start: false
Unique ID: 2cdcf36eb8214a56b90a956ff5784be9,
Execution Time for Trace ID 2cdcf36eb8214a56b90a956ff5784be9: 29 ms
Input: 1000000,
Cold Start: false
Unique ID: 639b0b852d8112143fced048a571c16d,
Execution Time for Trace ID 639b0b852d8112143fced048a571c16d: 33 ms
Input: 1000000,
Cold Start: false
Unique ID: bfb7ae30e1820c22642e9ffe8f8c7ace,
Execution Time for Trace ID bfb7ae30e1820c22642e9ffe8f8c7ace: 29 ms
Input: 1000000,
Cold Start: false
Unique ID: 9c576e7365aa2d4e0e3e3e4472181ff5,
Execution Time for Trace ID 9c576e7365aa2d4e0e3e3e4472181ff5: 29 ms
Input: 1000000,
Cold Start: false
Unique ID: a1cc7fec4e32dbae53704d94afe5caf6,
Execution Time for Trace ID a1cc7fec4e32dbae53704d94afe5caf6: 29 ms
Input: 1000000,
Cold Start: false
Unique ID: 68cc7d06923c6d8fb743f2dd34b10c71,
Execution Time for Trace ID 68cc7d06923c6d8fb743f2dd34b10c71: 54 ms
Input: 1000000,
Cold Start: false
Unique ID: abb6e9f4fc3aef5c9dc3ab65a1284c1a,
Execution Time for Trace ID abb6e9f4fc3aef5c9dc3ab65a1284c1a: 29 ms
Input: 1000000,
Cold Start: false
Unique ID: b9058d3f75d7d1185b45f61b3cffb8c0,
Execution Time for Trace ID b9058d3f75d7d1185b45f61b3cffb8c0: 31 ms
Input: 1000000,
Cold Start: false
Unique ID: 0a5a212ce1c1a37cff0a9b1c2bec1668,
Execution Time for Trace ID 0a5a212ce1c1a37cff0a9b1c2bec1668: 58 ms
Input: 1000000,
Cold Start: false
Unique ID: 9760c7cafcde77fe1d3871ecba728bc6,
Execution Time for Trace ID 9760c7cafcde77fe1d3871ecba728bc6: 53 ms
Input: 1000000,
Cold Start: false
Unique ID: 2fab5c2e8fcc8971deda899fe2987881,
Execution Time for Trace ID 2fab5c2e8fcc8971deda899fe2987881: 29 ms
Input: 1000000,
Cold Start: false
Unique ID: 78cc08e2b4800f198058a157a897e293,
Execution Time for Trace ID 78cc08e2b4800f198058a157a897e293: 31 ms
Input: 1000000,
Cold Start: false
Unique ID: e3850cf5ee06342ec45070025f31f262,
Execution Time for Trace ID e3850cf5ee06342ec45070025f31f262: 28 ms
Input: 1000000,
Cold Start: false
Unique ID: 7131b8e1b0a0033748698b10fd8dd562,
Execution Time for Trace ID 7131b8e1b0a0033748698b10fd8dd562: 48 ms
Input: 1000000,
Cold Start: false
Unique ID: 164d9bdec24c322ac9bd05a564c1e6f4,
Execution Time for Trace ID 164d9bdec24c322ac9bd05a564c1e6f4: 54 ms
Input: 1000000,
Cold Start: false
Unique ID: 9706ff49eb0ece6d9adf39c712b32129,
Execution Time for Trace ID 9706ff49eb0ece6d9adf39c712b32129: 32 ms
Input: 1000000,
Cold Start: false
Unique ID: b24c828d8d0f889b3f7caff64dc7539f,
Execution Time for Trace ID b24c828d8d0f889b3f7caff64dc7539f: 30 ms
Input: 1000000,
Cold Start: false
Unique ID: 02fd6cc908404f7955417ba540b63323,
Execution Time for Trace ID 02fd6cc908404f7955417ba540b63323: 29 ms
Input: 1000000,
Cold Start: false
Unique ID: 7f0b16c0044ed4354052c21ea82b5317,
Execution Time for Trace ID 7f0b16c0044ed4354052c21ea82b5317: 29 ms
Input: 1000000,
Cold Start: false
Unique ID: ee949205101e167f47f2770587290ca6,
Execution Time for Trace ID ee949205101e167f47f2770587290ca6: 54 ms
Input: 1000000,
Cold Start: false
Unique ID: 508d0e8271fbf84ea091244ffe7d56e3,
Execution Time for Trace ID 508d0e8271fbf84ea091244ffe7d56e3: 29 ms
Input: 1000000,
Cold Start: false
Unique ID: 68783d85d091f7bc16d7c95780516d5f,
Execution Time for Trace ID 68783d85d091f7bc16d7c95780516d5f: 49 ms
Input: 1000000,
Cold Start: false
Unique ID: 3caa02aeb35ef76c53e2d76d7a937033,
Execution Time for Trace ID 3caa02aeb35ef76c53e2d76d7a937033: 28 ms
Input: 1000000,
Cold Start: false
Unique ID: dd274c88537d35f566d8db2c0d4efdb5,
Execution Time for Trace ID dd274c88537d35f566d8db2c0d4efdb5: 53 ms
Input: 1000000,
Cold Start: false
Unique ID: eab805039a0c3f12be428b4e204641d1,
Execution Time for Trace ID eab805039a0c3f12be428b4e204641d1: 50 ms
Input: 1000000,
Cold Start: false
Unique ID: 9925bb10d9b0093c3fd4e6fc93816b75,
Execution Time for Trace ID 9925bb10d9b0093c3fd4e6fc93816b75: 32 ms
Input: 1000000,
Cold Start: false
Unique ID: 196eba37aa46c3b5a3004f5b016c4f80,
Execution Time for Trace ID 196eba37aa46c3b5a3004f5b016c4f80: 31 ms
Input: 1000000,
Cold Start: false
Unique ID: 995e3c6fb9efcf8c86547d0ded66d98a,
Execution Time for Trace ID 995e3c6fb9efcf8c86547d0ded66d98a: 54 ms
Input: 1000000,
Cold Start: false
Unique ID: db9ea2c337f65eade052bf6f8d5cab1c,
Execution Time for Trace ID db9ea2c337f65eade052bf6f8d5cab1c: 29 ms
Input: 1000000,
Cold Start: false
Unique ID: f59b0d033c5c0badf79172aa237fcfc1,
Execution Time for Trace ID f59b0d033c5c0badf79172aa237fcfc1: 56 ms
Input: 1000000,
Cold Start: false
Unique ID: 46bc724e3d3d0fd61d7584278d6fe55c,
Execution Time for Trace ID 46bc724e3d3d0fd61d7584278d6fe55c: 34 ms
Input: 1000000,
Cold Start: false
Unique ID: d712c20fc5eca585c49118d2c3f47a19,
Execution Time for Trace ID d712c20fc5eca585c49118d2c3f47a19: 33 ms
Input: 1000000,
Cold Start: false
Unique ID: 34e587a003226c84d56bfc2ce73c0783,
Execution Time for Trace ID 34e587a003226c84d56bfc2ce73c0783: 29 ms
Input: 1000000,
Cold Start: false
Unique ID: 8761866691e80f60f102e521e90e7377,
Execution Time for Trace ID 8761866691e80f60f102e521e90e7377: 59 ms
Input: 1000000,
Cold Start: false
Unique ID: 4ba27af38f3cffd74995c653ba3b62ef,
Execution Time for Trace ID 4ba27af38f3cffd74995c653ba3b62ef: 31 ms
Input: 1000000,
Cold Start: false
Unique ID: aa0962c85291276ec7d70105692d686d,
Execution Time for Trace ID aa0962c85291276ec7d70105692d686d: 50 ms
Input: 1000000,
Cold Start: false
Unique ID: b79b754b6b4de2f182d209a15715a6b1,
Execution Time for Trace ID b79b754b6b4de2f182d209a15715a6b1: 29 ms
Input: 1000000,
Cold Start: false
Unique ID: e4f8a13eee730eca4d86623fa7d07a2f,
Execution Time for Trace ID e4f8a13eee730eca4d86623fa7d07a2f: 54 ms
Input: 1000000,
Cold Start: false
Unique ID: e3cd095488849f85fef6813199121cf0,
Execution Time for Trace ID e3cd095488849f85fef6813199121cf0: 27 ms
Input: 1000000,
Cold Start: false
Unique ID: 3e02d10f1395b6bfa9aed0cf591875ab,
Execution Time for Trace ID 3e02d10f1395b6bfa9aed0cf591875ab: 52 ms
Input: 1000000,
Cold Start: false
Unique ID: de9304b9e0f73447a8577d673d17bd4c,
Execution Time for Trace ID de9304b9e0f73447a8577d673d17bd4c: 28 ms
Input: 1000000,
Cold Start: false
Unique ID: afc5a992f6d96cc57787ae157b68e8f8,
Execution Time for Trace ID afc5a992f6d96cc57787ae157b68e8f8: 36 ms
Input: 1000000,
Cold Start: false
Unique ID: b53d83034fe5320fcf7e38a7e7adac1d,
Execution Time for Trace ID b53d83034fe5320fcf7e38a7e7adac1d: 29 ms
Input: 1000000,
Cold Start: false
Unique ID: e550e4f3de0c84efb36ffdaa1c9bd9fe,
Execution Time for Trace ID e550e4f3de0c84efb36ffdaa1c9bd9fe: 61 ms
Input: 1000000,
Cold Start: false
Unique ID: eb8951608e75235b14c7cc296fd5951e,
Execution Time for Trace ID eb8951608e75235b14c7cc296fd5951e: 53 ms
Input: 1000000,
Cold Start: false
Unique ID: bab286ebd9f1ba44dddaf24863bb3212,
Execution Time for Trace ID bab286ebd9f1ba44dddaf24863bb3212: 54 ms
Input: 1000000,
Cold Start: false
Unique ID: 5ed80047d9fcb4cc4b0a05cb9c465584,
Execution Time for Trace ID 5ed80047d9fcb4cc4b0a05cb9c465584: 29 ms
Input: 1000000,
Cold Start: false
Unique ID: 77a630c4a84e4da4062ea4a52ec7086b,
Execution Time for Trace ID 77a630c4a84e4da4062ea4a52ec7086b: 31 ms
Input: 1000000,
Cold Start: false
Unique ID: 3138c241e560f6fdb45c056ef6281b2e,
Execution Time for Trace ID 3138c241e560f6fdb45c056ef6281b2e: 28 ms
Input: 1000000,
Cold Start: false
Unique ID: d55533d34c690eb32c5c2672247a86b1,
Execution Time for Trace ID d55533d34c690eb32c5c2672247a86b1: 61 ms
Input: 1000000,
Cold Start: false
Unique ID: 5ad204f4e4e7af856be05f4b3f4e81d9,
Execution Time for Trace ID 5ad204f4e4e7af856be05f4b3f4e81d9: 30 ms
Input: 1000000,
Cold Start: false
Unique ID: c17e4ee4b87cc88abb95f30590bc9809,
Execution Time for Trace ID c17e4ee4b87cc88abb95f30590bc9809: 32 ms
Input: 1000000,
Cold Start: false
Unique ID: 7b45a409aecd247f9925d9ace6711c4f,
Execution Time for Trace ID 7b45a409aecd247f9925d9ace6711c4f: 28 ms
Input: 1000000,
Cold Start: false
Unique ID: 03ed22f3a271a07cb9c1eff31f038b5d,
Execution Time for Trace ID 03ed22f3a271a07cb9c1eff31f038b5d: 60 ms
Input: 1000000,
Cold Start: false
Unique ID: 4796340c09674318030f4a555033eae5,
Execution Time for Trace ID 4796340c09674318030f4a555033eae5: 50 ms
Input: 1000000,
Cold Start: false
Unique ID: e38a3898b80f993a7f4a4f65270b3889,
Execution Time for Trace ID e38a3898b80f993a7f4a4f65270b3889: 60 ms
Input: 1000000,
Cold Start: false
Unique ID: a2108dd65a8b2c859360694dcc65c511,
Execution Time for Trace ID a2108dd65a8b2c859360694dcc65c511: 33 ms
Input: 1000000,
Cold Start: false
Unique ID: 5263da8457d0b43ff744b38f8826a27f,
Execution Time for Trace ID 5263da8457d0b43ff744b38f8826a27f: 57 ms
Input: 1000000,
Cold Start: false
Unique ID: 69363ceef3e35d4c9c9ad3f305832f5d,
Execution Time for Trace ID 69363ceef3e35d4c9c9ad3f305832f5d: 30 ms
Input: 1000000,
Cold Start: false
Unique ID: 06ef999ee25adb978685bf294acc2a5f,
Execution Time for Trace ID 06ef999ee25adb978685bf294acc2a5f: 59 ms
Input: 1000000,
Cold Start: false
Unique ID: a335dc0d2334fd3bf2cc08f39ee4c140,
Execution Time for Trace ID a335dc0d2334fd3bf2cc08f39ee4c140: 29 ms
Input: 1000000,
Cold Start: false
Unique ID: 3d4a8117ff12384e7f1ae8648fb01318,
Execution Time for Trace ID 3d4a8117ff12384e7f1ae8648fb01318: 35 ms
Input: 1000000,
Cold Start: false
Unique ID: b0cfeb2b207f135f8a9b6d29bcc7b9b5,
Execution Time for Trace ID b0cfeb2b207f135f8a9b6d29bcc7b9b5: 29 ms
Input: 1000000,
Cold Start: false
Unique ID: 44c1d8c578bbf141464a927a499cf12b,
Execution Time for Trace ID 44c1d8c578bbf141464a927a499cf12b: 57 ms
Input: 1000000,
Cold Start: false
Unique ID: a0a43f0078ed2c49ee466aae122773ff,
Execution Time for Trace ID a0a43f0078ed2c49ee466aae122773ff: 29 ms
Input: 1000000,
Cold Start: false
Unique ID: 49cc60d31223a8ae5af3f87761bb88c6,
Execution Time for Trace ID 49cc60d31223a8ae5af3f87761bb88c6: 30 ms
Input: 1000000,
Cold Start: false
Unique ID: c41721f3d22c810f92643478c2f02d30,
Execution Time for Trace ID c41721f3d22c810f92643478c2f02d30: 29 ms
Input: 1000000,
Cold Start: false
Unique ID: cc2d6a5cf77ca63888a9dea263cbed2f,
Execution Time for Trace ID cc2d6a5cf77ca63888a9dea263cbed2f: 30 ms
Input: 1000000,
Cold Start: false
Unique ID: b594c02ceb37996f9bba4fcba358d0bd,
Execution Time for Trace ID b594c02ceb37996f9bba4fcba358d0bd: 29 ms
Input: 1000000,
Cold Start: false
Unique ID: d76d7ef28fd1b6ed9aeae1e76dee3f0c,
Execution Time for Trace ID d76d7ef28fd1b6ed9aeae1e76dee3f0c: 65 ms
Input: 1000000,
Cold Start: false
Unique ID: 1c237a9584799a83d2bccfbbd3b58cc9,
Execution Time for Trace ID 1c237a9584799a83d2bccfbbd3b58cc9: 59 ms
Input: 1000000,
Cold Start: false
Unique ID: e2dcda08da71091fa61bbb7d40df4757,
Execution Time for Trace ID e2dcda08da71091fa61bbb7d40df4757: 56 ms
Input: 1000000,
Cold Start: false
Unique ID: 91e6f659bfc85b5769b6ec07aa4fbaa6,
Execution Time for Trace ID 91e6f659bfc85b5769b6ec07aa4fbaa6: 30 ms
Input: 1000000,
Cold Start: false
Unique ID: c8a12153629ac7de97aca6db1959dcf3,
Execution Time for Trace ID c8a12153629ac7de97aca6db1959dcf3: 58 ms
Input: 1000000,
Cold Start: false
Unique ID: f0839ac4edab7e8a4b87ff399b0f82ce,
Execution Time for Trace ID f0839ac4edab7e8a4b87ff399b0f82ce: 28 ms
Input: 1000000,
Cold Start: false
Unique ID: 80912e9b9b605893bf97ed7f36a6f2c7,
Execution Time for Trace ID 80912e9b9b605893bf97ed7f36a6f2c7: 56 ms
Input: 1000000,
Cold Start: false
Unique ID: 741b382209a6804eb37011b26ebc8092,
Execution Time for Trace ID 741b382209a6804eb37011b26ebc8092: 30 ms
Input: 1000000,
Cold Start: false
Unique ID: bb000ca8cd64bf50809af5d7ad89ca2e,
Execution Time for Trace ID bb000ca8cd64bf50809af5d7ad89ca2e: 30 ms
Input: 1000000,
Cold Start: false
Unique ID: 06f839f7e248cd19c17018e37db2c861,
Execution Time for Trace ID 06f839f7e248cd19c17018e37db2c861: 28 ms
Input: 1000000,
Cold Start: false
Unique ID: f5246d3f07dd23e8bdeb7257d604aff0,
Execution Time for Trace ID f5246d3f07dd23e8bdeb7257d604aff0: 56 ms
Input: 1000000,
Cold Start: false
Unique ID: e8aedc52765abc6202d2628f9a78cc63,
Execution Time for Trace ID e8aedc52765abc6202d2628f9a78cc63: 52 ms
Input: 1000000,
Cold Start: false
Unique ID: e6cd10de35529100f0cda350eb6273d0,
Execution Time for Trace ID e6cd10de35529100f0cda350eb6273d0: 38 ms
Input: 1000000,
Cold Start: false
Unique ID: d0104725aed7d7c83540e150bc3ecd92,
Execution Time for Trace ID d0104725aed7d7c83540e150bc3ecd92: 28 ms
Input: 1000000,
Cold Start: false
Unique ID: 1bd5dd1ff1a4ce5fed448f0c95d3dfeb,
Execution Time for Trace ID 1bd5dd1ff1a4ce5fed448f0c95d3dfeb: 58 ms
Input: 1000000,
Cold Start: false
Unique ID: 39787ba7c93f2304764bb3be66c095c2,
Execution Time for Trace ID 39787ba7c93f2304764bb3be66c095c2: 57 ms
Input: 1000000,
Cold Start: false
Unique ID: 37f1cef4df61af329a2c58c486852fe4,
Execution Time for Trace ID 37f1cef4df61af329a2c58c486852fe4: 51 ms
Input: 1000000,
Cold Start: false
Unique ID: 4300acc32e4e37fb5f848fb273dcb988,
Execution Time for Trace ID 4300acc32e4e37fb5f848fb273dcb988: 31 ms
Input: 1000000,
Cold Start: false
Unique ID: 086422ab1b0ff0c34b0f2061b777298e,
Execution Time for Trace ID 086422ab1b0ff0c34b0f2061b777298e: 54 ms
Input: 1000000,
Cold Start: false
Unique ID: 5736a0e9082a38a03f5496233207a497,
Execution Time for Trace ID 5736a0e9082a38a03f5496233207a497: 31 ms
Input: 1000000,
Cold Start: false
Unique ID: 5bb822747f3e7c705900c306accdcfa6,
Execution Time for Trace ID 5bb822747f3e7c705900c306accdcfa6: 57 ms
Input: 1000000,
Cold Start: false
Unique ID: 4aa21f8d2ddfabf1373f29ffa6c90b4f,
Execution Time for Trace ID 4aa21f8d2ddfabf1373f29ffa6c90b4f: 32 ms
Input: 1000000,
Cold Start: false
Unique ID: c21f30e852dce6b51ac3e6cf3b68ba96,
Execution Time for Trace ID c21f30e852dce6b51ac3e6cf3b68ba96: 29 ms
Input: 1000000,
Cold Start: false
Unique ID: bf798ea6ce0f340668ad6efa14e3ff53,
Execution Time for Trace ID bf798ea6ce0f340668ad6efa14e3ff53: 29 ms
Input: 1000000,
Cold Start: false
Unique ID: fe55e272270822fc0b41fe5c4933639f,
Execution Time for Trace ID fe55e272270822fc0b41fe5c4933639f: 55 ms
Input: 1000000,
Cold Start: false
Unique ID: 343f93d2e6da6a23651f2dd3c9403a41,
Execution Time for Trace ID 343f93d2e6da6a23651f2dd3c9403a41: 29 ms
Input: 1000000,
Cold Start: false
Unique ID: 9c71971e7f9ed25f6681de79562ca540,
Execution Time for Trace ID 9c71971e7f9ed25f6681de79562ca540: 30 ms
Input: 1000000,
Cold Start: false
Unique ID: 2f2e5f4bb29d41b319fbf6d90ddd62ac,
Execution Time for Trace ID 2f2e5f4bb29d41b319fbf6d90ddd62ac: 29 ms
Input: 1000000,
Cold Start: false
Unique ID: 40adc809ead2d4ee79003838b8fcf1cb,
Execution Time for Trace ID 40adc809ead2d4ee79003838b8fcf1cb: 53 ms
Input: 1000000,
Cold Start: false
Unique ID: 03cdce4378337cb121d0643dadc35e02,
Execution Time for Trace ID 03cdce4378337cb121d0643dadc35e02: 30 ms
Input: 1000000,
Cold Start: false
Unique ID: d9cf7bee66ccfbea821ab556aa9d865f,
Execution Time for Trace ID d9cf7bee66ccfbea821ab556aa9d865f: 58 ms
Input: 1000000,
Cold Start: false
Unique ID: 7fc9fe503f35e48b0bca558897292959,
Execution Time for Trace ID 7fc9fe503f35e48b0bca558897292959: 28 ms
Input: 1000000,
Cold Start: false
Unique ID: 45232f28ddfdf7a73337d0798a8394e8,
Execution Time for Trace ID 45232f28ddfdf7a73337d0798a8394e8: 33 ms
Input: 1000000,
Cold Start: false
Unique ID: 867081cfea02388d3211179e75c3a7d4,
Execution Time for Trace ID 867081cfea02388d3211179e75c3a7d4: 27 ms
Input: 1000000,
Cold Start: false
Unique ID: 91635649256958ff1ebabb242c5c93d3,
Execution Time for Trace ID 91635649256958ff1ebabb242c5c93d3: 53 ms
Input: 1000000,
Cold Start: false
Unique ID: 208f39d2b025dd4698a0c95cbfc0bd8a,
Execution Time for Trace ID 208f39d2b025dd4698a0c95cbfc0bd8a: 55 ms
Input: 1000000,
Cold Start: false
Unique ID: 90ad2b77f32d14f6cceb2b13ad1a279c,
Execution Time for Trace ID 90ad2b77f32d14f6cceb2b13ad1a279c: 29 ms
Input: 1000000,
Cold Start: false
Unique ID: 0ade2d946d88180d33c9a5158182864b,
Execution Time for Trace ID 0ade2d946d88180d33c9a5158182864b: 29 ms
Input: 1000000,
Cold Start: false
Unique ID: db2a16c03686fd398efed4b84fb168f2,
Execution Time for Trace ID db2a16c03686fd398efed4b84fb168f2: 30 ms
Input: 1000000,
Cold Start: false
Unique ID: 9e9182728b79efbfaafd300d939012ca,
Execution Time for Trace ID 9e9182728b79efbfaafd300d939012ca: 29 ms
Input: 1000000,
Cold Start: false
Unique ID: b6f2662b778e0b3a0a93c2fd9e7dee79,
Execution Time for Trace ID b6f2662b778e0b3a0a93c2fd9e7dee79: 60 ms
Input: 1000000,
Cold Start: false
Unique ID: 94ba38766bbceba01843293c75fa6c27,
Execution Time for Trace ID 94ba38766bbceba01843293c75fa6c27: 29 ms
Input: 1000000,
Cold Start: false
Unique ID: 7ddbc2f6836dacede5f6ded925e7d790,
Execution Time for Trace ID 7ddbc2f6836dacede5f6ded925e7d790: 54 ms
Input: 1000000,
Cold Start: false
Unique ID: aa14efbac91ce65430da4ddae23c5fdb,
Execution Time for Trace ID aa14efbac91ce65430da4ddae23c5fdb: 29 ms
Input: 1000000,
Cold Start: false
Unique ID: 4fe4cbc63124637f92b896a991c5ab58,
Execution Time for Trace ID 4fe4cbc63124637f92b896a991c5ab58: 52 ms
Input: 1000000,
Cold Start: false
Unique ID: dd18817e6c0d158cd31ed5a783992721,
Execution Time for Trace ID dd18817e6c0d158cd31ed5a783992721: 54 ms
Input: 1000000,
Cold Start: false
Unique ID: cddb417434afabc127259d7bff929c1c,
Execution Time for Trace ID cddb417434afabc127259d7bff929c1c: 35 ms
Input: 1000000,
Cold Start: false
Unique ID: fb4431651157c01933d26eb9a27db10c,
Execution Time for Trace ID fb4431651157c01933d26eb9a27db10c: 29 ms
Input: 1000000,
Cold Start: false
Unique ID: 00ce68b24e1b681a594904ffb1fd032b,
Execution Time for Trace ID 00ce68b24e1b681a594904ffb1fd032b: 60 ms
Input: 1000000,
Cold Start: false
Unique ID: 2a944fad2727b8e770277c03e00765d4,
Execution Time for Trace ID 2a944fad2727b8e770277c03e00765d4: 33 ms
Input: 1000000,
Cold Start: false
Unique ID: 12ca6410f627f91fb219118928314063,
Execution Time for Trace ID 12ca6410f627f91fb219118928314063: 57 ms
Input: 1000000,
Cold Start: false
Unique ID: 69487ba4c451a319e8628b37d0f5df85,
Execution Time for Trace ID 69487ba4c451a319e8628b37d0f5df85: 31 ms
Input: 1000000,
Cold Start: false
Unique ID: a79244ad6a43ceb284872acd2d9309a4,
Execution Time for Trace ID a79244ad6a43ceb284872acd2d9309a4: 56 ms
Input: 1000000,
Cold Start: false
Unique ID: 08bbae074e2ae7f13005a6ab41fa8cac,
Execution Time for Trace ID 08bbae074e2ae7f13005a6ab41fa8cac: 29 ms
Input: 1000000,
Cold Start: false
Unique ID: 0afa9e751e5268ce7f380639cd6e8926,
Execution Time for Trace ID 0afa9e751e5268ce7f380639cd6e8926: 51 ms
Input: 1000000,
Cold Start: false
Unique ID: 4c0e2dc46d1ecce4fbbd9f36d8dc079b,
Execution Time for Trace ID 4c0e2dc46d1ecce4fbbd9f36d8dc079b: 30 ms
Input: 1000000,
Cold Start: false
Unique ID: 8aeae55398ea5a540410df7dcf4ea90d,
Execution Time for Trace ID 8aeae55398ea5a540410df7dcf4ea90d: 53 ms
Input: 1000000,
Cold Start: false
Unique ID: 8a4ba080ff843ab934778ad52cffb9de,
Execution Time for Trace ID 8a4ba080ff843ab934778ad52cffb9de: 29 ms
Input: 1000000,
Cold Start: false
Unique ID: f2679dfa687c9db5fe0a11b2ee1efe20,
Execution Time for Trace ID f2679dfa687c9db5fe0a11b2ee1efe20: 53 ms
Input: 1000000,
Cold Start: false
Unique ID: 48d951d2cb252f14d9b5b7b7278b3cea,
Execution Time for Trace ID 48d951d2cb252f14d9b5b7b7278b3cea: 29 ms
Input: 1000000,
Cold Start: false
Unique ID: 8ad3e793c1c2ea23cacd07d78c7713e1,
Execution Time for Trace ID 8ad3e793c1c2ea23cacd07d78c7713e1: 49 ms
Input: 1000000,
Cold Start: false
Unique ID: f5ba98d22e2af032ba991c1fdc13a09e,
Execution Time for Trace ID f5ba98d22e2af032ba991c1fdc13a09e: 28 ms
Input: 1000000,
Cold Start: false
Unique ID: 2f7782d04ed4748ac3ba7112e2ace1de,
Execution Time for Trace ID 2f7782d04ed4748ac3ba7112e2ace1de: 120 ms
Input: 1000000,
Cold Start: false
Unique ID: ef6a10747b5579ca706a6bae93248269,
Execution Time for Trace ID ef6a10747b5579ca706a6bae93248269: 61 ms
Input: 1000000,
Cold Start: false
Unique ID: e39d647e8f5a4184201868c8e0c19840,
Execution Time for Trace ID e39d647e8f5a4184201868c8e0c19840: 46 ms
Input: 1000000,
Cold Start: false
Unique ID: ffa0c0adb49f2cd92d3cc2d43a901436,
Execution Time for Trace ID ffa0c0adb49f2cd92d3cc2d43a901436: 49 ms
Input: 1000000,
Cold Start: false
Unique ID: 6cb6bb570e770c5bf4abaaec4968b19b,
Execution Time for Trace ID 6cb6bb570e770c5bf4abaaec4968b19b: 39 ms
Input: 1000000,
Cold Start: false
Unique ID: 8a3657812879ed1d04c81770eaf16905,
Execution Time for Trace ID 8a3657812879ed1d04c81770eaf16905: 32 ms
Input: 1000000,
Cold Start: false
Unique ID: 4e2efcd4dd131b92e12820c27033e1ee,
Execution Time for Trace ID 4e2efcd4dd131b92e12820c27033e1ee: 32 ms
Input: 1000000,
Cold Start: false
Unique ID: 553ccd24dc3f16d65cefd5f7f3297a22,
Execution Time for Trace ID 553ccd24dc3f16d65cefd5f7f3297a22: 52 ms
Input: 1000000,
Cold Start: false
Unique ID: c6b318eb3394f88113cbccf253f9bf52,
Execution Time for Trace ID c6b318eb3394f88113cbccf253f9bf52: 80 ms
Input: 1000000,
Cold Start: false
Unique ID: 5b8c48b421a25125b416c285aa58d5ba,
Execution Time for Trace ID 5b8c48b421a25125b416c285aa58d5ba: 33 ms
Input: 1000000,
Cold Start: false
Unique ID: 1439899bdb2292a27c14b822c4a684c7,
Execution Time for Trace ID 1439899bdb2292a27c14b822c4a684c7: 35 ms
Input: 1000000,
Cold Start: false
Unique ID: 52f0649a344bafe876a00c0734ceb43f,
Execution Time for Trace ID 52f0649a344bafe876a00c0734ceb43f: 30 ms
Input: 1000000,
Cold Start: false
Unique ID: 545cf2a2adc58cebfaca5f584dfdd408,
Execution Time for Trace ID 545cf2a2adc58cebfaca5f584dfdd408: 119 ms
Input: 1000000,
Cold Start: false
Unique ID: c886e28bed4658ec332092aeee33dabc,
Execution Time for Trace ID c886e28bed4658ec332092aeee33dabc: 33 ms
Input: 1000000,
Cold Start: false
Unique ID: 1974818123fa575658d15fe366048059,
Execution Time for Trace ID 1974818123fa575658d15fe366048059: 33 ms
Input: 1000000,
Cold Start: false
Unique ID: 53c9dddb8904b1a4d04a8902c524043c,
Execution Time for Trace ID 53c9dddb8904b1a4d04a8902c524043c: 31 ms
Input: 1000000,
Cold Start: false
Unique ID: 0109d83203f2ad5c546beeb7851e53a6,
Execution Time for Trace ID 0109d83203f2ad5c546beeb7851e53a6: 116 ms
Input: 1000000,
Cold Start: false
Unique ID: 24dac064a3d1df37947ca47d2f095c0a,
Execution Time for Trace ID 24dac064a3d1df37947ca47d2f095c0a: 34 ms
Input: 1000000,
Cold Start: false
Unique ID: b346a56c3c4f321f181e16c05ac17b63,
Execution Time for Trace ID b346a56c3c4f321f181e16c05ac17b63: 119 ms
Input: 1000000,
Cold Start: false
Unique ID: f12d6fa05b5151c21176927b3293f8f1,
Execution Time for Trace ID f12d6fa05b5151c21176927b3293f8f1: 30 ms
Input: 1000000,
Cold Start: false
Unique ID: 136cd4f63821dc39fb818250b3480c85,
Execution Time for Trace ID 136cd4f63821dc39fb818250b3480c85: 119 ms
Input: 1000000,
Cold Start: false
Unique ID: d614536f9c27a3bbcfb7a7bea1a4ddd4,
Execution Time for Trace ID d614536f9c27a3bbcfb7a7bea1a4ddd4: 35 ms
Input: 1000000,
Cold Start: false
Unique ID: 2b09f0cdf0eaeaba1573afbd663184e0,
Execution Time for Trace ID 2b09f0cdf0eaeaba1573afbd663184e0: 31 ms
Input: 1000000,
Cold Start: false
Unique ID: be0760f34224fa4e74a710320b41d656,
Execution Time for Trace ID be0760f34224fa4e74a710320b41d656: 32 ms
Input: 1000000,
Cold Start: false
Unique ID: 862c041824507bd376394bf60c45cf56,
Execution Time for Trace ID 862c041824507bd376394bf60c45cf56: 31 ms
Input: 1000000,
Cold Start: false
Unique ID: 277cdcda106882891561d7b4012ca53a,
Execution Time for Trace ID 277cdcda106882891561d7b4012ca53a: 32 ms
Input: 1000000,
Cold Start: false
Unique ID: 7c2ba2073d5e7483ddaface25f150d9d,
Execution Time for Trace ID 7c2ba2073d5e7483ddaface25f150d9d: 34 ms
Input: 1000000,
Cold Start: false
Unique ID: 0a032a1af3b82419d79846a5c5b9a1b1,
Execution Time for Trace ID 0a032a1af3b82419d79846a5c5b9a1b1: 31 ms
Input: 1000000,
Cold Start: false
Unique ID: 3013297212faed204e061e99d7fab55b,
Execution Time for Trace ID 3013297212faed204e061e99d7fab55b: 31 ms
Input: 1000000,
Cold Start: false
Unique ID: ac82eb7984c6e56bb0d5594455873c55,
Execution Time for Trace ID ac82eb7984c6e56bb0d5594455873c55: 36 ms
Input: 1000000,
Cold Start: false
Unique ID: fb1e72d76256047972e107d753e6d828,
Execution Time for Trace ID fb1e72d76256047972e107d753e6d828: 35 ms
Input: 1000000,
Cold Start: false
Unique ID: 3cb488b6f72c5b4a075580a0722a684e,
Execution Time for Trace ID 3cb488b6f72c5b4a075580a0722a684e: 36 ms
Input: 1000000,
Cold Start: false
Unique ID: 191914321df7f1610237215b145e1d27,
Execution Time for Trace ID 191914321df7f1610237215b145e1d27: 34 ms
Input: 1000000,
Cold Start: false
Unique ID: 906bcd9856fbef0a4a6fb1be75759403,
Execution Time for Trace ID 906bcd9856fbef0a4a6fb1be75759403: 40 ms
Input: 1000000,
Cold Start: false
Unique ID: 10e3f07a4dca434b88964e07d8c0705f,
Execution Time for Trace ID 10e3f07a4dca434b88964e07d8c0705f: 94 ms
Input: 1000000,
Cold Start: false
Unique ID: 5e5e52ec0e046b20c277d49fafc86d2b,
Execution Time for Trace ID 5e5e52ec0e046b20c277d49fafc86d2b: 40 ms
Input: 1000000,
Cold Start: false
Unique ID: fa9c719dafe9c0b92d0858710908c300,
Execution Time for Trace ID fa9c719dafe9c0b92d0858710908c300: 31 ms
Input: 1000000,
Cold Start: false
Unique ID: 668469fa1999ed91245e69449db3db5d,
Execution Time for Trace ID 668469fa1999ed91245e69449db3db5d: 36 ms
Input: 1000000,
Cold Start: false
Unique ID: 38982daf8f5b04b18bd36901d065252f,
Execution Time for Trace ID 38982daf8f5b04b18bd36901d065252f: 29 ms
Input: 1000000,
Cold Start: false
Unique ID: 81f192b53134b4301ae8e18427227dcb,
Execution Time for Trace ID 81f192b53134b4301ae8e18427227dcb: 117 ms
Input: 1000000,
Cold Start: false
Unique ID: 042810006fd4e29cedf5c08641837723,
Execution Time for Trace ID 042810006fd4e29cedf5c08641837723: 33 ms
Input: 1000000,
Cold Start: false
Unique ID: 74a3cafffdafd4e1fce1a389389a472c,
Execution Time for Trace ID 74a3cafffdafd4e1fce1a389389a472c: 120 ms
Input: 1000000,
Cold Start: false
Unique ID: 5f07b492e05be6ad478b02174b7574c5,
Execution Time for Trace ID 5f07b492e05be6ad478b02174b7574c5: 35 ms
Input: 1000000,
Cold Start: false
Unique ID: fd2caf5c04d74ec83de2475f3fa8ee5d,
Execution Time for Trace ID fd2caf5c04d74ec83de2475f3fa8ee5d: 40 ms
Input: 1000000,
Cold Start: false
Unique ID: be39a892c965cb93303c0f7f96845ca8,
Execution Time for Trace ID be39a892c965cb93303c0f7f96845ca8: 36 ms
Input: 1000000,
Cold Start: false
Unique ID: 17a011fd3f728ae8c5afd88c201a36df,
Execution Time for Trace ID 17a011fd3f728ae8c5afd88c201a36df: 118 ms
Input: 1000000,
Cold Start: false
Unique ID: 5991e0dfc0ca1537a375eb6c867d6a72,
Execution Time for Trace ID 5991e0dfc0ca1537a375eb6c867d6a72: 36 ms
Input: 1000000,
Cold Start: false
Unique ID: 2e394460580ed6a664e0f00d1aff3eb8,
Execution Time for Trace ID 2e394460580ed6a664e0f00d1aff3eb8: 32 ms
Input: 1000000,
Cold Start: false
Unique ID: 4764da6b31cc036638e2a8710c7b21ac,
Execution Time for Trace ID 4764da6b31cc036638e2a8710c7b21ac: 31 ms
Input: 1000000,
Cold Start: false
Unique ID: 73164362e91ec311beb54d2daac1d52c,
Execution Time for Trace ID 73164362e91ec311beb54d2daac1d52c: 122 ms
Input: 1000000,
Cold Start: false
Unique ID: b1b6888c630d20915aa552fd7e68f6c6,
Execution Time for Trace ID b1b6888c630d20915aa552fd7e68f6c6: 34 ms
Input: 1000000,
Cold Start: false
Unique ID: 39e7c250fa55f88c37460e84a3b8c10d,
Execution Time for Trace ID 39e7c250fa55f88c37460e84a3b8c10d: 31 ms
Input: 1000000,
Cold Start: false
Unique ID: 6f172bb0fb7e2329978d1f0dfefe38ea,
Execution Time for Trace ID 6f172bb0fb7e2329978d1f0dfefe38ea: 33 ms
Input: 1000000,
Cold Start: false
Unique ID: f874bf85cce54061d92c9de070686c36,
Execution Time for Trace ID f874bf85cce54061d92c9de070686c36: 29 ms
Input: 1000000,
Cold Start: false
Unique ID: 2074029b884d3fc43226674516169ca2,
Execution Time for Trace ID 2074029b884d3fc43226674516169ca2: 33 ms
Input: 1000000,
Cold Start: false
Unique ID: 207745c849a75589760ef294e6402bd1,
Execution Time for Trace ID 207745c849a75589760ef294e6402bd1: 31 ms
Input: 1000000,
Cold Start: false
Unique ID: 8059b8de385dcb9b904cd3b391b1e3c5,
Execution Time for Trace ID 8059b8de385dcb9b904cd3b391b1e3c5: 107 ms
Input: 1000000,
Cold Start: false
Unique ID: 71496e87fcd07cf04852014d926b24ec,
Execution Time for Trace ID 71496e87fcd07cf04852014d926b24ec: 31 ms
Input: 1000000,
Cold Start: false
Unique ID: 7dc94b7f93a8da4ebdbd56ff22e57367,
Execution Time for Trace ID 7dc94b7f93a8da4ebdbd56ff22e57367: 34 ms
Input: 1000000,
Cold Start: false
Unique ID: 5eb96cdce1d0ade239e0bbfaed638c39,
Execution Time for Trace ID 5eb96cdce1d0ade239e0bbfaed638c39: 30 ms
Input: 1000000,
Cold Start: false
Unique ID: b2d5c060c2e5f716258b50b59f6b2d00,
Execution Time for Trace ID b2d5c060c2e5f716258b50b59f6b2d00: 32 ms
Input: 1000000,
Cold Start: false
Unique ID: f71eb9046b3a799870b34144744d7c2f,
Execution Time for Trace ID f71eb9046b3a799870b34144744d7c2f: 32 ms
Input: 1000000,
Cold Start: false
Unique ID: a9b491ac7427e429433e522bfbe50b45,
Execution Time for Trace ID a9b491ac7427e429433e522bfbe50b45: 31 ms
Input: 1000000,
Cold Start: false
Unique ID: e4482106f0c67d672bf5f3f8d3bcc2aa,
Execution Time for Trace ID e4482106f0c67d672bf5f3f8d3bcc2aa: 31 ms
Input: 1000000,
Cold Start: false
Unique ID: 302f6b74669ff4565999f72fb82ca8a4,
Execution Time for Trace ID 302f6b74669ff4565999f72fb82ca8a4: 120 ms
Input: 1000000,
Cold Start: false
Unique ID: f79e68c5236f3855cb354616ccd6ab1e,
Execution Time for Trace ID f79e68c5236f3855cb354616ccd6ab1e: 31 ms
Input: 1000000,
Cold Start: false
Unique ID: 3a79a814ec2ec862f32e7d2c42f1c89c,
Execution Time for Trace ID 3a79a814ec2ec862f32e7d2c42f1c89c: 32 ms
Input: 1000000,
Cold Start: false
Unique ID: 65ea1608524e323e4f9644b60a27ac7b,
Execution Time for Trace ID 65ea1608524e323e4f9644b60a27ac7b: 29 ms
Input: 1000000,
Cold Start: false
Unique ID: a9cecc635832df7e72406cdc70dd21a9,
Execution Time for Trace ID a9cecc635832df7e72406cdc70dd21a9: 121 ms
Input: 1000000,
Cold Start: false
Unique ID: 098a9c012f72eb3cbf9c288f7514cf0c,
Execution Time for Trace ID 098a9c012f72eb3cbf9c288f7514cf0c: 31 ms
Input: 1000000,
Cold Start: false
Unique ID: 4d30543b573e7f6907090250835216d8,
Execution Time for Trace ID 4d30543b573e7f6907090250835216d8: 33 ms
Input: 1000000,
Cold Start: false
Unique ID: f6fdea38debba5d31edca8bd34e142ed,
Execution Time for Trace ID f6fdea38debba5d31edca8bd34e142ed: 122 ms
Input: 1000000,
Cold Start: false
Unique ID: 2546afc8ab3812db5033e3b806806312,
Execution Time for Trace ID 2546afc8ab3812db5033e3b806806312: 32 ms
Input: 1000000,
Cold Start: false
Unique ID: 0487af01a7b1dfade808846cfba67c7c,
Execution Time for Trace ID 0487af01a7b1dfade808846cfba67c7c: 31 ms
Input: 1000000,
Cold Start: false
Unique ID: b1521c85709082be299fa90c1d4ba4af,
Execution Time for Trace ID b1521c85709082be299fa90c1d4ba4af: 29 ms
Input: 1000000,
Cold Start: false
Unique ID: dca1e47462079ae8e7ee97ae4bd99cb7,
Execution Time for Trace ID dca1e47462079ae8e7ee97ae4bd99cb7: 34 ms
Input: 1000000,
Cold Start: false
Unique ID: cf154eaca693e954f9137d76c1a2aa6e,
Execution Time for Trace ID cf154eaca693e954f9137d76c1a2aa6e: 38 ms
Input: 1000000,
Cold Start: false
Unique ID: fc095f4a401cf0f4948b92379069c674,
Execution Time for Trace ID fc095f4a401cf0f4948b92379069c674: 31 ms
Input: 1000000,
Cold Start: false
Unique ID: f2e6caf9fb1d1db54fe4ab90158d6ac7,
Execution Time for Trace ID f2e6caf9fb1d1db54fe4ab90158d6ac7: 31 ms
Input: 1000000,
Cold Start: false
Unique ID: aebd7754a5a87a8d91c0a552be94fac0,
Execution Time for Trace ID aebd7754a5a87a8d91c0a552be94fac0: 32 ms
Input: 1000000,
Cold Start: false
Unique ID: 0cde8f199859f83dd222df82ab159a30,
Execution Time for Trace ID 0cde8f199859f83dd222df82ab159a30: 32 ms
Input: 1000000,
Cold Start: false
Unique ID: 91fb2475dd5ffbd247ceaf182952f564,
Execution Time for Trace ID 91fb2475dd5ffbd247ceaf182952f564: 29 ms
Input: 1000000,
Cold Start: false
Unique ID: fdeb4fcda11b028d3869e49f790a3222,
Execution Time for Trace ID fdeb4fcda11b028d3869e49f790a3222: 31 ms
Input: 1000000,
Cold Start: false
Unique ID: 1177b515bc5b5c6b323f53833123d75c,
Execution Time for Trace ID 1177b515bc5b5c6b323f53833123d75c: 32 ms
Input: 1000000,
Cold Start: false
Unique ID: a2eda293c45766d2acb6a74b50c6e7dc,
Execution Time for Trace ID a2eda293c45766d2acb6a74b50c6e7dc: 30 ms
Input: 1000000,
Cold Start: false
Unique ID: 54fc7dc8df9b3031d97bb8f7f4d16d24,
Execution Time for Trace ID 54fc7dc8df9b3031d97bb8f7f4d16d24: 122 ms
Input: 1000000,
Cold Start: false
Unique ID: e2f78bd022efb552515f17fcd4eca0cf,
Execution Time for Trace ID e2f78bd022efb552515f17fcd4eca0cf: 29 ms
Input: 1000000,
Cold Start: false
Unique ID: bb02700e5963c5e65232e8798c1f364e,
Execution Time for Trace ID bb02700e5963c5e65232e8798c1f364e: 30 ms
Input: 1000000,
Cold Start: false
Unique ID: 60853c08dfab974b2533e76e86e56dad,
Execution Time for Trace ID 60853c08dfab974b2533e76e86e56dad: 109 ms
Input: 1000000,
Cold Start: false
Unique ID: 80a77ebd027d4a6c7d572dcbf2b22538,
Execution Time for Trace ID 80a77ebd027d4a6c7d572dcbf2b22538: 29 ms
Input: 1000000,
Cold Start: false
Unique ID: 8412300b426f031d2533e76e86e56ffb,
Execution Time for Trace ID 8412300b426f031d2533e76e86e56ffb: 121 ms
Input: 1000000,
Cold Start: false
Unique ID: 6c871677bc97313dab162d58c8d7b770,
Execution Time for Trace ID 6c871677bc97313dab162d58c8d7b770: 30 ms
Input: 1000000,
Cold Start: false
Unique ID: 229b7d857a56f3a2c4b21b165ebfe5b4,
Execution Time for Trace ID 229b7d857a56f3a2c4b21b165ebfe5b4: 119 ms
Input: 1000000,
Cold Start: false
Unique ID: 42d044d248c174d5987e638be29b014a,
Execution Time for Trace ID 42d044d248c174d5987e638be29b014a: 38 ms
Input: 1000000,
Cold Start: false
Unique ID: a00cfc9c1381492a88db119d3b52c624,
Execution Time for Trace ID a00cfc9c1381492a88db119d3b52c624: 30 ms
Input: 1000000,
Cold Start: false
Unique ID: 0b3ebecdd7260e434595cdea6249e17a,
Execution Time for Trace ID 0b3ebecdd7260e434595cdea6249e17a: 38 ms
Input: 1000000,
Cold Start: false
Unique ID: 0298d11f16d470727e7b3e7f733a17b3,
Execution Time for Trace ID 0298d11f16d470727e7b3e7f733a17b3: 32 ms
Input: 1000000,
Cold Start: false
Unique ID: 58dd3af5de0de072ca5000ad62d2bf37,
Execution Time for Trace ID 58dd3af5de0de072ca5000ad62d2bf37: 30 ms
Input: 1000000,
Cold Start: false
Unique ID: 7bd7c93270e7b9e3e3df10bb158dbb04,
Execution Time for Trace ID 7bd7c93270e7b9e3e3df10bb158dbb04: 29 ms
Input: 1000000,
Cold Start: false
Unique ID: 50cb41caafea4832e285c20bced77e55,
Execution Time for Trace ID 50cb41caafea4832e285c20bced77e55: 111 ms
Input: 1000000,
Cold Start: false
Unique ID: 7a3c9b8954aba6c16862a3a9fa4f5e98,
Execution Time for Trace ID 7a3c9b8954aba6c16862a3a9fa4f5e98: 31 ms
Input: 1000000,
Cold Start: false
Unique ID: 55d8a3fc393e2641bd9535e87e73785d,
Execution Time for Trace ID 55d8a3fc393e2641bd9535e87e73785d: 103 ms
Input: 1000000,
Cold Start: false
Unique ID: 74237a20c602b55de0aa80d4decc3829,
Execution Time for Trace ID 74237a20c602b55de0aa80d4decc3829: 36 ms
Input: 1000000,
Cold Start: false
Unique ID: 3d11a5bd3920e9f7f06642b46df80eb0,
Execution Time for Trace ID 3d11a5bd3920e9f7f06642b46df80eb0: 114 ms
Input: 1000000,
Cold Start: false
Unique ID: bb3d88333b00496e74007c9094134758,
Execution Time for Trace ID bb3d88333b00496e74007c9094134758: 30 ms
Input: 1000000,
Cold Start: false
Unique ID: f3619616bcca229a37468fedd76e2cf1,
Execution Time for Trace ID f3619616bcca229a37468fedd76e2cf1: 108 ms
Input: 1000000,
Cold Start: false
Unique ID: 1063abec351c6fac6d4cac8ca76411c1,
Execution Time for Trace ID 1063abec351c6fac6d4cac8ca76411c1: 31 ms
Input: 1000000,
Cold Start: false
Unique ID: 917c4e26cc661fc4680d19b8dcb9e094,
Execution Time for Trace ID 917c4e26cc661fc4680d19b8dcb9e094: 83 ms
Input: 1000000,
Cold Start: false
Unique ID: 480f65c39c14f9f1f91402831c77f613,
Execution Time for Trace ID 480f65c39c14f9f1f91402831c77f613: 31 ms
Input: 1000000,
Cold Start: false
Unique ID: bc7704cf1f77f1f5bf277d3248f315ba,
Execution Time for Trace ID bc7704cf1f77f1f5bf277d3248f315ba: 35 ms
Input: 1000000,
Cold Start: false
Unique ID: d65e2f70474372e1ec0c5ac601041a51,
Execution Time for Trace ID d65e2f70474372e1ec0c5ac601041a51: 83 ms
Input: 1000000,
Cold Start: false
Unique ID: aa93e804c48e67074b548a28c8ce5729,
Execution Time for Trace ID aa93e804c48e67074b548a28c8ce5729: 99 ms
Input: 1000000,
Cold Start: false
Unique ID: a0f8142c672af079ddeb95f2ff4a2d2c,
Execution Time for Trace ID a0f8142c672af079ddeb95f2ff4a2d2c: 33 ms
Input: 1000000,
Cold Start: false
Unique ID: 553b9e460108349fce8e755b9bd5610c,
Execution Time for Trace ID 553b9e460108349fce8e755b9bd5610c: 123 ms
Input: 1000000,
Cold Start: false
Unique ID: 9a7506689d3b83182cb47248544342ec,
Execution Time for Trace ID 9a7506689d3b83182cb47248544342ec: 30 ms
Input: 1000000,
Cold Start: false
Unique ID: 25d3066705a9c53fd913fa92a0cb720b,
Execution Time for Trace ID 25d3066705a9c53fd913fa92a0cb720b: 30 ms
Input: 1000000,
Cold Start: false
Unique ID: a9816bafa5827670a77eb294c3a2fff5,
Execution Time for Trace ID a9816bafa5827670a77eb294c3a2fff5: 118 ms
Input: 1000000,
Cold Start: false
Unique ID: caa3627d9f8f3d8b5304378c813f94bb,
Execution Time for Trace ID caa3627d9f8f3d8b5304378c813f94bb: 33 ms
Input: 1000000,
Cold Start: false
Unique ID: f198bae5a36f9410a6ae77054689c70f,
Execution Time for Trace ID f198bae5a36f9410a6ae77054689c70f: 29 ms
Input: 1000000,
Cold Start: false
Unique ID: f4ba6e1d718ffa955d9bc00315bd8645,
Execution Time for Trace ID f4ba6e1d718ffa955d9bc00315bd8645: 105 ms
Input: 1000000,
Cold Start: false
Unique ID: e6962277357d465be377ae5540246e8a,
Execution Time for Trace ID e6962277357d465be377ae5540246e8a: 30 ms
Input: 1000000,
Cold Start: false
Unique ID: 3a1f90cfe1637fd108c4210fa75c057e,
Execution Time for Trace ID 3a1f90cfe1637fd108c4210fa75c057e: 121 ms
Input: 1000000,
Cold Start: false
Unique ID: 111ccd7bc128fd3621aa0e65dc10295e,
Execution Time for Trace ID 111ccd7bc128fd3621aa0e65dc10295e: 35 ms
Input: 1000000,
Cold Start: false
Unique ID: 0d3b9c63ca093c266288dd3a402261af,
Execution Time for Trace ID 0d3b9c63ca093c266288dd3a402261af: 36 ms
Input: 1000000,
Cold Start: false
Unique ID: ea1244c9d51bb5bdd9cf0de7bd9f7aa3,
Execution Time for Trace ID ea1244c9d51bb5bdd9cf0de7bd9f7aa3: 35 ms
Input: 1000000,
Cold Start: false
Unique ID: bd48c63b57af9de6e8e58338116a8c12,
Execution Time for Trace ID bd48c63b57af9de6e8e58338116a8c12: 112 ms
Input: 1000000,
Cold Start: false
Unique ID: 8886e58c256f7096b029b23a8d406bab,
Execution Time for Trace ID 8886e58c256f7096b029b23a8d406bab: 36 ms
Input: 1000000,
Cold Start: false
Unique ID: c64ef0d96dfaeaa6e7ff23a0efb8e6a2,
Execution Time for Trace ID c64ef0d96dfaeaa6e7ff23a0efb8e6a2: 38 ms
Input: 1000000,
Cold Start: false
Unique ID: 7870cd7a242514c527507f43a3844728,
Execution Time for Trace ID 7870cd7a242514c527507f43a3844728: 34 ms
Input: 1000000,
Cold Start: false
Unique ID: 149d94fe7bfb2e3f6c580f2bf28cdf6f,
Execution Time for Trace ID 149d94fe7bfb2e3f6c580f2bf28cdf6f: 36 ms
Input: 1000000,
Cold Start: false
Unique ID: 5cae8265ac1ea014ab486f5e66292f7e,
Execution Time for Trace ID 5cae8265ac1ea014ab486f5e66292f7e: 37 ms
Input: 1000000,
Cold Start: false
Unique ID: 2bfb2ebb198004f97d111600b67d2e32,
Execution Time for Trace ID 2bfb2ebb198004f97d111600b67d2e32: 91 ms
Input: 1000000,
Cold Start: false
Unique ID: 58ef007b6ed963f38cc04cf8b8530ab3,
Execution Time for Trace ID 58ef007b6ed963f38cc04cf8b8530ab3: 52 ms
Input: 1000000,
Cold Start: false
Unique ID: 77da3ffe21ecef4cb328cdaa2b486387,
Execution Time for Trace ID 77da3ffe21ecef4cb328cdaa2b486387: 110 ms
Input: 1000000,
Cold Start: false
Unique ID: 0e79aa3da85a38389548988daca7d6df,
Execution Time for Trace ID 0e79aa3da85a38389548988daca7d6df: 115 ms
Input: 1000000,
Cold Start: false
Unique ID: eff754702b1018b08d55a741b2029de7,
Execution Time for Trace ID eff754702b1018b08d55a741b2029de7: 80 ms
Input: 1000000,
Cold Start: false
Unique ID: d42a3ec43462bf049e8f56d5e4aa7ffe,
Execution Time for Trace ID d42a3ec43462bf049e8f56d5e4aa7ffe: 48 ms
Input: 1000000,
Cold Start: false
Unique ID: 34f24c5d7ee65b09b89272560ca62ae0,
Execution Time for Trace ID 34f24c5d7ee65b09b89272560ca62ae0: 120 ms
Input: 1000000,
Cold Start: false
Unique ID: 4787603fb001abae0210e819962694b4,
Execution Time for Trace ID 4787603fb001abae0210e819962694b4: 38 ms
Input: 1000000,
Cold Start: false
Unique ID: a41f29577a7e0c10475dacc76bd8538e,
Execution Time for Trace ID a41f29577a7e0c10475dacc76bd8538e: 32 ms
Input: 1000000,
Cold Start: false
Unique ID: 661820a04973327e0e8a1dfda2498c01,
Execution Time for Trace ID 661820a04973327e0e8a1dfda2498c01: 37 ms
Input: 1000000,
Cold Start: false
Unique ID: 3e8250130f88742324a5350032f72a1b,
Execution Time for Trace ID 3e8250130f88742324a5350032f72a1b: 30 ms
Input: 1000000,
Cold Start: false
Unique ID: e05308283dc1fa0e2d0be89117d693ff,
Execution Time for Trace ID e05308283dc1fa0e2d0be89117d693ff: 115 ms
Input: 1000000,
Cold Start: false
Unique ID: 564d824b9d8f4cf5f04f6e326dcdee6f,
Execution Time for Trace ID 564d824b9d8f4cf5f04f6e326dcdee6f: 49 ms
Input: 1000000,
Cold Start: false
Unique ID: c1213ad46f893aa083000023782127a4,
Execution Time for Trace ID c1213ad46f893aa083000023782127a4: 35 ms
Input: 1000000,
Cold Start: false
Unique ID: 03b4c1055af1b17f7f857973425db011,
Execution Time for Trace ID 03b4c1055af1b17f7f857973425db011: 28 ms
Input: 1000000,
Cold Start: false
Unique ID: 404b4166625772d1b8f46ddfbf7de4e0,
Execution Time for Trace ID 404b4166625772d1b8f46ddfbf7de4e0: 35 ms
Input: 1000000,
Cold Start: false
Unique ID: a1a62c37b0bbcef6d2d324b5f32398cd,
Execution Time for Trace ID a1a62c37b0bbcef6d2d324b5f32398cd: 32 ms
Input: 1000000,
Cold Start: false
Unique ID: d96944bc169b1381041a4d73ff4c01b0,
Execution Time for Trace ID d96944bc169b1381041a4d73ff4c01b0: 111 ms
Input: 1000000,
Cold Start: false
Unique ID: 3259c860e9c7178cb4b2b17d2211107e,
Execution Time for Trace ID 3259c860e9c7178cb4b2b17d2211107e: 39 ms
Input: 1000000,
Cold Start: false
Unique ID: fbb5797c7d3dddaf3ac8985848c39458,
Execution Time for Trace ID fbb5797c7d3dddaf3ac8985848c39458: 37 ms
Input: 1000000,
Cold Start: false
Unique ID: 051f01d61bdc222961356cfa0af5aaac,
Execution Time for Trace ID 051f01d61bdc222961356cfa0af5aaac: 32 ms
Input: 1000000,
Cold Start: false
Unique ID: 65a73bc55c66b68f092e69074c1ddd33,
Execution Time for Trace ID 65a73bc55c66b68f092e69074c1ddd33: 31 ms
Input: 1000000,
Cold Start: false
Unique ID: beaae2f9bf20fad4a4811547a050d300,
Execution Time for Trace ID beaae2f9bf20fad4a4811547a050d300: 33 ms
Input: 1000000,
Cold Start: false
Unique ID: 13af35550610eaff8264b0f09f3afa5e,
Execution Time for Trace ID 13af35550610eaff8264b0f09f3afa5e: 28 ms
Input: 1000000,
Cold Start: false
Unique ID: 881a523c52a3c571be3672a3689c7b83,
Execution Time for Trace ID 881a523c52a3c571be3672a3689c7b83: 32 ms
Input: 1000000,
Cold Start: false
Unique ID: cb76d5b3b1e826e61fabc7cb3ef841b5,
Execution Time for Trace ID cb76d5b3b1e826e61fabc7cb3ef841b5: 31 ms
Input: 1000000,
Cold Start: false
Unique ID: dc0f8946070116522aacb48b8ab5168d,
Execution Time for Trace ID dc0f8946070116522aacb48b8ab5168d: 28 ms
Input: 1000000,
Cold Start: false
Unique ID: b3b547499c9b69095cbe9d4be4c815ad,
Execution Time for Trace ID b3b547499c9b69095cbe9d4be4c815ad: 70 ms
Input: 1000000,
Cold Start: false
Unique ID: d19ba40f15ba33c10d5f86ace860f52e,
Execution Time for Trace ID d19ba40f15ba33c10d5f86ace860f52e: 28 ms
Input: 1000000,
Cold Start: false
Unique ID: 40a6b763dadb9fe22a4fd6d3d33b8ed0,
Execution Time for Trace ID 40a6b763dadb9fe22a4fd6d3d33b8ed0: 100 ms
Input: 1000000,
Cold Start: false
Unique ID: 37b83e0510e24b6f73c6a386c17e915a,
Execution Time for Trace ID 37b83e0510e24b6f73c6a386c17e915a: 31 ms
Input: 1000000,
Cold Start: false
Unique ID: 179b2d0ee8e867dedeead4b559a3966d,
Execution Time for Trace ID 179b2d0ee8e867dedeead4b559a3966d: 30 ms
Input: 1000000,
Cold Start: false
Unique ID: fb649ea85ba6b62e7acdcffd1f519029,
Execution Time for Trace ID fb649ea85ba6b62e7acdcffd1f519029: 31 ms
Input: 1000000,
Cold Start: false
Unique ID: e77996eac732fda6e81555fa43450ce0,
Execution Time for Trace ID e77996eac732fda6e81555fa43450ce0: 90 ms
Input: 1000000,
Cold Start: false
Unique ID: 9579f667825e9fdf37abd074d1805005,
Execution Time for Trace ID 9579f667825e9fdf37abd074d1805005: 30 ms
Input: 1000000,
Cold Start: false
Unique ID: c13fe9121172034a2b3229c1aaec4346,
Execution Time for Trace ID c13fe9121172034a2b3229c1aaec4346: 104 ms
Input: 1000000,
Cold Start: false
Unique ID: 2230b35069b9a6d5c4d0427150237454,
Execution Time for Trace ID 2230b35069b9a6d5c4d0427150237454: 32 ms
Input: 1000000,
Cold Start: false
Unique ID: 8a7e49b96e66a7e8f698d07490210bc3,
Execution Time for Trace ID 8a7e49b96e66a7e8f698d07490210bc3: 92 ms
Input: 1000000,
Cold Start: false
Unique ID: 5d635070fdf45200974ab37c23926b8f,
Execution Time for Trace ID 5d635070fdf45200974ab37c23926b8f: 33 ms
Input: 1000000,
Cold Start: false
Unique ID: 601d8026d833efeb783aa74b88603e09,
Execution Time for Trace ID 601d8026d833efeb783aa74b88603e09: 104 ms
Input: 1000000,
Cold Start: false
Unique ID: 933a84ef689338a29a128e5bb73a317e,
Execution Time for Trace ID 933a84ef689338a29a128e5bb73a317e: 31 ms
Input: 1000000,
Cold Start: false
Unique ID: c2e2ed39f669de920eaeaacc8bb415ed,
Execution Time for Trace ID c2e2ed39f669de920eaeaacc8bb415ed: 100 ms
Input: 1000000,
Cold Start: false
Unique ID: ef9bd9bf70fc0627164328910ceb50a5,
Execution Time for Trace ID ef9bd9bf70fc0627164328910ceb50a5: 32 ms
Input: 1000000,
Cold Start: false
Unique ID: df301090ca564445ddbc22232e33171a,
Execution Time for Trace ID df301090ca564445ddbc22232e33171a: 115 ms
Input: 1000000,
Cold Start: false
Unique ID: 0fb6622a24e692c11c8eed863d630180,
Execution Time for Trace ID 0fb6622a24e692c11c8eed863d630180: 33 ms
Input: 1000000,
Cold Start: false
Unique ID: ef33d232b167b4dd4127b804376b77ad,
Execution Time for Trace ID ef33d232b167b4dd4127b804376b77ad: 107 ms
Input: 1000000,
Cold Start: false
Unique ID: f2715a474b2480e88af0bc38f6e0b213,
Execution Time for Trace ID f2715a474b2480e88af0bc38f6e0b213: 31 ms
Input: 1000000,
Cold Start: false
Unique ID: 9c68ed2669dae878acf1ce7d09a3131a,
Execution Time for Trace ID 9c68ed2669dae878acf1ce7d09a3131a: 102 ms
Input: 1000000,
Cold Start: false
Unique ID: d0defecbe01b7daddc6f63ba6858d8a2,
Execution Time for Trace ID d0defecbe01b7daddc6f63ba6858d8a2: 33 ms
Input: 1000000,
Cold Start: false
Unique ID: aaa0476ff902d56188623fae2da8ea0e,
Execution Time for Trace ID aaa0476ff902d56188623fae2da8ea0e: 108 ms
Input: 1000000,
Cold Start: false
Unique ID: c67d6a72e21bfe7cd480d2c756398139,
Execution Time for Trace ID c67d6a72e21bfe7cd480d2c756398139: 30 ms
Input: 1000000,
Cold Start: false
Unique ID: 968ad57ecb6fd20c177ff606d9da0b02,
Execution Time for Trace ID 968ad57ecb6fd20c177ff606d9da0b02: 99 ms
Input: 1000000,
Cold Start: false
Unique ID: 398b3dac438e45ca77a1f59fe71ed6c4,
Execution Time for Trace ID 398b3dac438e45ca77a1f59fe71ed6c4: 30 ms
Input: 1000000,
Cold Start: false
Unique ID: bf5ecfc83c2d1478803ee50b194277fa,
Execution Time for Trace ID bf5ecfc83c2d1478803ee50b194277fa: 32 ms
Input: 1000000,
Cold Start: false
Unique ID: bd5a54308af6926a1d8c838f0c350756,
Execution Time for Trace ID bd5a54308af6926a1d8c838f0c350756: 103 ms
Input: 1000000,
Cold Start: false
Unique ID: a394ac741155aa0abf452afbcfc7baec,
Execution Time for Trace ID a394ac741155aa0abf452afbcfc7baec: 112 ms
Input: 1000000,
Cold Start: false
Unique ID: 78a3251ad8b8094495730d5c6775e8f6,
Execution Time for Trace ID 78a3251ad8b8094495730d5c6775e8f6: 29 ms
Input: 1000000,
Cold Start: false
Unique ID: af8a14d9761fd522119deccb0ff63e89,
Execution Time for Trace ID af8a14d9761fd522119deccb0ff63e89: 28 ms
Input: 1000000,
Cold Start: false
Unique ID: a6628629626a6b1a86144c905613d588,
Execution Time for Trace ID a6628629626a6b1a86144c905613d588: 86 ms
Input: 1000000,
Cold Start: false
Unique ID: 4918c83c852f456065f2518d800c02a6,
Execution Time for Trace ID 4918c83c852f456065f2518d800c02a6: 39 ms
Input: 1000000,
Cold Start: false
Unique ID: 9f945369da91072b221182e078618e4a,
Execution Time for Trace ID 9f945369da91072b221182e078618e4a: 104 ms
Input: 1000000,
Cold Start: false
Unique ID: 90ae76430b154a61f1ac82af633211dc,
Execution Time for Trace ID 90ae76430b154a61f1ac82af633211dc: 29 ms
Input: 1000000,
Cold Start: false
Unique ID: 487627daec58f71717953b9f0b92d7f7,
Execution Time for Trace ID 487627daec58f71717953b9f0b92d7f7: 113 ms
Input: 1000000,
Cold Start: false
Unique ID: ac3e34b3920022941317c5871d03e568,
Execution Time for Trace ID ac3e34b3920022941317c5871d03e568: 31 ms
Input: 1000000,
Cold Start: false
Unique ID: 91c126946b7b0f8702fd6fb2e2fc4e98,
Execution Time for Trace ID 91c126946b7b0f8702fd6fb2e2fc4e98: 28 ms
Input: 1000000,
Cold Start: false
Unique ID: 7aef895ea3232c1335c001b40c80951a,
Execution Time for Trace ID 7aef895ea3232c1335c001b40c80951a: 112 ms
Input: 1000000,
Cold Start: false
Unique ID: 437a600fc9d63f433014051cfd2235c9,
Execution Time for Trace ID 437a600fc9d63f433014051cfd2235c9: 30 ms
Input: 1000000,
Cold Start: false
Unique ID: a8bb537da838bf3a1893c9920f4ee9ec,
Execution Time for Trace ID a8bb537da838bf3a1893c9920f4ee9ec: 29 ms
Input: 1000000,
Cold Start: false
Unique ID: f5b420260173cbc154cb6dea0b3f65a4,
Execution Time for Trace ID f5b420260173cbc154cb6dea0b3f65a4: 31 ms
Input: 1000000,
Cold Start: false
Unique ID: a940f72fa557bd103dabf8ccb823de72,
Execution Time for Trace ID a940f72fa557bd103dabf8ccb823de72: 31 ms
Input: 1000000,
Cold Start: false
Unique ID: 54ccbda43876a9daf9f13a7b13ee4e93,
Execution Time for Trace ID 54ccbda43876a9daf9f13a7b13ee4e93: 104 ms
Input: 1000000,
Cold Start: false
Unique ID: 3b0ba4d08f3b0134434d2646cfd6128e,
Execution Time for Trace ID 3b0ba4d08f3b0134434d2646cfd6128e: 29 ms
Input: 1000000,
Cold Start: false
Unique ID: e242b417a0e7ad309a120cbccae6f4fe,
Execution Time for Trace ID e242b417a0e7ad309a120cbccae6f4fe: 113 ms
Input: 1000000,
Cold Start: false
Unique ID: 4d7a8546c741940249d13eafe7d44127,
Execution Time for Trace ID 4d7a8546c741940249d13eafe7d44127: 30 ms
Input: 1000000,
Cold Start: false
Unique ID: 158f59caf079c7a27166fc44cc8d169b,
Execution Time for Trace ID 158f59caf079c7a27166fc44cc8d169b: 103 ms
Input: 1000000,
Cold Start: false
Unique ID: 05020019628853778b8ee1b3450f18be,
Execution Time for Trace ID 05020019628853778b8ee1b3450f18be: 30 ms
Input: 1000000,
Cold Start: false
Unique ID: 9287b23fd77bb6bb98ee847445e976e2,
Execution Time for Trace ID 9287b23fd77bb6bb98ee847445e976e2: 87 ms
Input: 1000000,
Cold Start: false
Unique ID: a5628bcbfa3080f922db1c9582b56c76,
Execution Time for Trace ID a5628bcbfa3080f922db1c9582b56c76: 31 ms
Input: 1000000,
Cold Start: false
Unique ID: 17a9897edf8549569ed16436d0b374c1,
Execution Time for Trace ID 17a9897edf8549569ed16436d0b374c1: 109 ms
Input: 1000000,
Cold Start: false
Unique ID: dc17496fd98f60eee27dfa2ea2320bf9,
Execution Time for Trace ID dc17496fd98f60eee27dfa2ea2320bf9: 36 ms
Input: 1000000,
Cold Start: false
Unique ID: c27ec9253fc7e31ae4b016c0332b50b5,
Execution Time for Trace ID c27ec9253fc7e31ae4b016c0332b50b5: 76 ms
Input: 1000000,
Cold Start: false
Unique ID: a12f04bd7ef13163d764a29f610471ad,
Execution Time for Trace ID a12f04bd7ef13163d764a29f610471ad: 28 ms
Input: 1000000,
Cold Start: false
Unique ID: d43e0034f03c6e5b99f0c563eb3f9034,
Execution Time for Trace ID d43e0034f03c6e5b99f0c563eb3f9034: 95 ms
Input: 1000000,
Cold Start: false
Unique ID: cae968af24497694d571b8a340b15dd3,
Execution Time for Trace ID cae968af24497694d571b8a340b15dd3: 29 ms
Input: 1000000,
Cold Start: false
Unique ID: ca6c7b0dd89c0e1fc43f4e3f33e34e7e,
Execution Time for Trace ID ca6c7b0dd89c0e1fc43f4e3f33e34e7e: 31 ms
Input: 1000000,
Cold Start: false
Unique ID: d5ebc1f448ac762ac222d04731ea3b9b,
Execution Time for Trace ID d5ebc1f448ac762ac222d04731ea3b9b: 111 ms
Input: 1000000,
Cold Start: false
Unique ID: 97b79cff44f421393d5f69d81f4f9495,
Execution Time for Trace ID 97b79cff44f421393d5f69d81f4f9495: 29 ms
Input: 1000000,
Cold Start: false
Unique ID: 255e207d1d2b22920adacb9ac6a09d08,
Execution Time for Trace ID 255e207d1d2b22920adacb9ac6a09d08: 98 ms
Input: 1000000,
Cold Start: false
Unique ID: 327def378e5a15e4cc0176c87b16ebfc,
Execution Time for Trace ID 327def378e5a15e4cc0176c87b16ebfc: 30 ms
Input: 1000000,
Cold Start: false
Unique ID: 8f94639852f8bb3337c97984c5568c9a,
Execution Time for Trace ID 8f94639852f8bb3337c97984c5568c9a: 105 ms
Input: 1000000,
Cold Start: false
Unique ID: 798c4999b8bd6da5c5936fbd68364476,
Execution Time for Trace ID 798c4999b8bd6da5c5936fbd68364476: 104 ms
Input: 1000000,
Cold Start: false
Unique ID: 1a4161562e3f27f34a121e2aee75d7b5,
Execution Time for Trace ID 1a4161562e3f27f34a121e2aee75d7b5: 85 ms
Input: 1000000,
Cold Start: false
Unique ID: 718798f0c7e46010e66c449dca5ba407,
Execution Time for Trace ID 718798f0c7e46010e66c449dca5ba407: 95 ms
Input: 1000000,
Cold Start: false
Unique ID: b03733429c2198abe68b66221a34bc40,
Execution Time for Trace ID b03733429c2198abe68b66221a34bc40: 29 ms
Input: 1000000,
Cold Start: false
Unique ID: 7a662889559e4465b1593dc9ec9e451e,
Execution Time for Trace ID 7a662889559e4465b1593dc9ec9e451e: 37 ms
Input: 1000000,
Cold Start: false
Unique ID: 1d5d353162a21fb123cfcc6012829ff0,
Execution Time for Trace ID 1d5d353162a21fb123cfcc6012829ff0: 30 ms
Input: 1000000,
Cold Start: false
Unique ID: 6143915d915bc281338dcb5fac6b5554,
Execution Time for Trace ID 6143915d915bc281338dcb5fac6b5554: 39 ms
Input: 1000000,
Cold Start: false
Unique ID: b4a4a7712cfb5efe187a8a48dbb893e8,
Execution Time for Trace ID b4a4a7712cfb5efe187a8a48dbb893e8: 30 ms
Input: 1000000,
Cold Start: false
Unique ID: 40fef40fe0520e9338c8bfe9591acfc3,
Execution Time for Trace ID 40fef40fe0520e9338c8bfe9591acfc3: 106 ms
Input: 1000000,
Cold Start: false
Unique ID: 2f385961356144fd3dd889815e52fa6a,
Execution Time for Trace ID 2f385961356144fd3dd889815e52fa6a: 34 ms
Input: 1000000,
Cold Start: false
Unique ID: e3808bfdccd247f9eebbfbf2bda0cf9a,
Execution Time for Trace ID e3808bfdccd247f9eebbfbf2bda0cf9a: 108 ms
Input: 1000000,
Cold Start: false
Unique ID: 60912c536e3fdc0a930c6ad7dc985792,
Execution Time for Trace ID 60912c536e3fdc0a930c6ad7dc985792: 37 ms
Input: 1000000,
Cold Start: false
Unique ID: 69d548b6b25db92aeec83d788e2bd015,
Execution Time for Trace ID 69d548b6b25db92aeec83d788e2bd015: 104 ms
Input: 1000000,
Cold Start: false
Unique ID: 9a086aeab0d51bdb65fdc91ea6d09394,
Execution Time for Trace ID 9a086aeab0d51bdb65fdc91ea6d09394: 29 ms
Input: 1000000,
Cold Start: false
Unique ID: bc55c7847ed5bdbcdc4988edbe9b6928,
Execution Time for Trace ID bc55c7847ed5bdbcdc4988edbe9b6928: 30 ms
Input: 1000000,
Cold Start: false
Unique ID: 55177470231b5f5110dec5349239604c,
Execution Time for Trace ID 55177470231b5f5110dec5349239604c: 95 ms
Input: 1000000,
Cold Start: false
Unique ID: 9a8a9af36908d0f6894d5e47923d6293,
Execution Time for Trace ID 9a8a9af36908d0f6894d5e47923d6293: 33 ms
Input: 1000000,
Cold Start: false
Unique ID: 10226693de04f2c47d975a789f833a4c,
Execution Time for Trace ID 10226693de04f2c47d975a789f833a4c: 112 ms
Input: 1000000,
Cold Start: false
Unique ID: f8d72fb149e680007a400ab2d98844ad,
Execution Time for Trace ID f8d72fb149e680007a400ab2d98844ad: 30 ms
Input: 1000000,
Cold Start: false
Unique ID: 9e4fecb9940d34580ca3bee37ba7b89e,
Execution Time for Trace ID 9e4fecb9940d34580ca3bee37ba7b89e: 31 ms
Input: 1000000,
Cold Start: false
Unique ID: aa20ffe895f5723d1c092e105e6b31ea,
Execution Time for Trace ID aa20ffe895f5723d1c092e105e6b31ea: 102 ms
Input: 1000000,
Cold Start: false
Unique ID: 773df1e92bb32cbe9ee768562b9edb00,
Execution Time for Trace ID 773df1e92bb32cbe9ee768562b9edb00: 100 ms
Input: 1000000,
Cold Start: false
Unique ID: 70a49c9315a358b17d6f3fbcbd85e32c,
Execution Time for Trace ID 70a49c9315a358b17d6f3fbcbd85e32c: 30 ms
Input: 1000000,
Cold Start: false
Unique ID: f989b2d9db4422737add6096fdda34f2,
Execution Time for Trace ID f989b2d9db4422737add6096fdda34f2: 109 ms
Input: 1000000,
Cold Start: false
Unique ID: 8c95ffdfe6f8e580123ec6dcabddfe1f,
Execution Time for Trace ID 8c95ffdfe6f8e580123ec6dcabddfe1f: 31 ms
Input: 1000000,
Cold Start: false
Unique ID: 6e39f49792acfd676396729cdbb4c6f6,
Execution Time for Trace ID 6e39f49792acfd676396729cdbb4c6f6: 30 ms
Input: 1000000,
Cold Start: false
Unique ID: 8d727ecb2c058f0426b0c5e678b9825f,
Execution Time for Trace ID 8d727ecb2c058f0426b0c5e678b9825f: 102 ms
Input: 1000000,
Cold Start: false
Unique ID: fc45f102a61084a846395ba6720512d8,
Execution Time for Trace ID fc45f102a61084a846395ba6720512d8: 32 ms
Input: 1000000,
Cold Start: false
Unique ID: 5bc5126dc6439d684efbaa8ed4b754c9,
Execution Time for Trace ID 5bc5126dc6439d684efbaa8ed4b754c9: 34 ms
Input: 1000000,
Cold Start: false
Unique ID: 2c1a3e82b56583cb46dba85f55553ad6,
Execution Time for Trace ID 2c1a3e82b56583cb46dba85f55553ad6: 102 ms
Input: 1000000,
Cold Start: false
Unique ID: c879654a23be21515c7e0d7913ca6749,
Execution Time for Trace ID c879654a23be21515c7e0d7913ca6749: 111 ms
Input: 1000000,
Cold Start: false
Unique ID: 5dec07ca28936d05f7c69764ac672dc1,
Execution Time for Trace ID 5dec07ca28936d05f7c69764ac672dc1: 32 ms
Input: 1000000,
Cold Start: false
Unique ID: 1c68953c1efbcf14c48b7c57b62bfa4d,
Execution Time for Trace ID 1c68953c1efbcf14c48b7c57b62bfa4d: 29 ms
Input: 1000000,
Cold Start: false
Unique ID: 8a1329ccd2e0d64906e9679638576a98,
Execution Time for Trace ID 8a1329ccd2e0d64906e9679638576a98: 34 ms
Input: 1000000,
Cold Start: false
Unique ID: f88e6303a07cfec90741a6f0bbad9d67,
Execution Time for Trace ID f88e6303a07cfec90741a6f0bbad9d67: 101 ms
Input: 1000000,
Cold Start: false
Unique ID: eaa65f441d5f7a0d08d9767c1b9a0f77,
Execution Time for Trace ID eaa65f441d5f7a0d08d9767c1b9a0f77: 110 ms
Input: 1000000,
Cold Start: false
Unique ID: 1d9eb837ae4b4ab75c46f4a5bf33e7dd,
Execution Time for Trace ID 1d9eb837ae4b4ab75c46f4a5bf33e7dd: 33 ms
Input: 1000000,
Cold Start: false
Unique ID: 32a8ce48b8aeb2423fb48f62f1e90835,
Execution Time for Trace ID 32a8ce48b8aeb2423fb48f62f1e90835: 31 ms
Input: 1000000,
Cold Start: false
Unique ID: 5fd1b8d26cb3ca99c02ffb0325ccebe9,
Execution Time for Trace ID 5fd1b8d26cb3ca99c02ffb0325ccebe9: 86 ms
Input: 1000000,
Cold Start: false
Unique ID: f846c593dfba1bb97724db3d7353b847,
Execution Time for Trace ID f846c593dfba1bb97724db3d7353b847: 32 ms
Input: 1000000,
Cold Start: false
Unique ID: 3302e55051b46cb04f2c1e0424e28d15,
Execution Time for Trace ID 3302e55051b46cb04f2c1e0424e28d15: 86 ms
Input: 1000000,
Cold Start: false
Unique ID: 6ebb13e928cec216807ff4f4f2e7cfa8,
Execution Time for Trace ID 6ebb13e928cec216807ff4f4f2e7cfa8: 29 ms
Input: 1000000,
Cold Start: false
Unique ID: 84e63100e66d79cfcef319715873e4a2,
Execution Time for Trace ID 84e63100e66d79cfcef319715873e4a2: 35 ms
Input: 1000000,
Cold Start: false
Unique ID: c0d7eecfefec72dbaa0467a8a394174c,
Execution Time for Trace ID c0d7eecfefec72dbaa0467a8a394174c: 30 ms
Input: 1000000,
Cold Start: false
Unique ID: 880e4537059098ca232cf4eb0fabacde,
Execution Time for Trace ID 880e4537059098ca232cf4eb0fabacde: 107 ms
Input: 1000000,
Cold Start: false
Unique ID: e8767c955e0c8675c9c8ba4f9e173a6c,
Execution Time for Trace ID e8767c955e0c8675c9c8ba4f9e173a6c: 30 ms
Input: 1000000,
Cold Start: false
Unique ID: 62d6ffda64daf694746b499ef950ab6d,
Execution Time for Trace ID 62d6ffda64daf694746b499ef950ab6d: 112 ms
Input: 1000000,
Cold Start: false
Unique ID: bfc2e7488bb1a6527b182a0da168c4c4,
Execution Time for Trace ID bfc2e7488bb1a6527b182a0da168c4c4: 31 ms
Input: 1000000,
Cold Start: false
Unique ID: c978aefa9ab41d017e32c840a5fc48db,
Execution Time for Trace ID c978aefa9ab41d017e32c840a5fc48db: 46 ms
Input: 1000000,
Cold Start: false
Unique ID: e8e6e6131024638f197b3cf6708a6905,
Execution Time for Trace ID e8e6e6131024638f197b3cf6708a6905: 110 ms
Input: 1000000,
Cold Start: false
Unique ID: 0c29ef633c2cbf10daf68fb6480c1554,
Execution Time for Trace ID 0c29ef633c2cbf10daf68fb6480c1554: 30 ms
Input: 1000000,
Cold Start: false
Unique ID: 583ba79a9a193c9df6e36e9f2767cba4,
Execution Time for Trace ID 583ba79a9a193c9df6e36e9f2767cba4: 31 ms
Input: 1000000,
Cold Start: false
Unique ID: 1140d64f0c14bbbac103f0eabbffeee6,
Execution Time for Trace ID 1140d64f0c14bbbac103f0eabbffeee6: 31 ms
Input: 1000000,
Cold Start: false
Unique ID: 06f53bd3bd798018462d25834c500d57,
Execution Time for Trace ID 06f53bd3bd798018462d25834c500d57: 30 ms
Input: 1000000,
Cold Start: false
Unique ID: e071f377444d1d898a37ddcbaf6d8b71,
Execution Time for Trace ID e071f377444d1d898a37ddcbaf6d8b71: 110 ms
Input: 1000000,
Cold Start: false
Unique ID: 6028cb279be46031efe6864293fc5261,
Execution Time for Trace ID 6028cb279be46031efe6864293fc5261: 33 ms
Input: 1000000,
Cold Start: false
Unique ID: f7622a5d1de82ae2ca7f014d04107e9e,
Execution Time for Trace ID f7622a5d1de82ae2ca7f014d04107e9e: 32 ms
Input: 1000000,
Cold Start: false
Unique ID: 70926e97a27eb883afc1f9726e5e3047,
Execution Time for Trace ID 70926e97a27eb883afc1f9726e5e3047: 99 ms
Input: 1000000,
Cold Start: false
Unique ID: 60820a65e2cf69913f80676c4d1051c7,
Execution Time for Trace ID 60820a65e2cf69913f80676c4d1051c7: 29 ms
Input: 1000000,
Cold Start: false
Unique ID: b29d96b0c5b8376edb4cd0598c7cb3eb,
Execution Time for Trace ID b29d96b0c5b8376edb4cd0598c7cb3eb: 105 ms
Input: 1000000,
Cold Start: false
Unique ID: 6f2e025e324bb48ef16ea4db4c105858,
Execution Time for Trace ID 6f2e025e324bb48ef16ea4db4c105858: 32 ms
Input: 1000000,
Cold Start: false
Unique ID: 912419da95e23f6cb3e4289f2dd37107,
Execution Time for Trace ID 912419da95e23f6cb3e4289f2dd37107: 106 ms
Input: 1000000,
Cold Start: false
Unique ID: 4b9e957f859ff4708dbeeae09109d9a2,
Execution Time for Trace ID 4b9e957f859ff4708dbeeae09109d9a2: 29 ms
Input: 1000000,
Cold Start: false
Unique ID: 1a2f316f8bd971f1060b8f317dc1a5e3,
Execution Time for Trace ID 1a2f316f8bd971f1060b8f317dc1a5e3: 79 ms
Input: 1000000,
Cold Start: false
Unique ID: 6e2927646758a874f4be6da0831dbe58,
Execution Time for Trace ID 6e2927646758a874f4be6da0831dbe58: 35 ms
Input: 1000000,
Cold Start: false
Unique ID: 5d355ec699cd6fdfc798a0e6bef4b23e,
Execution Time for Trace ID 5d355ec699cd6fdfc798a0e6bef4b23e: 111 ms
Input: 1000000,
Cold Start: false
Unique ID: 497135891366e4e2d37794e6ba1e8516,
Execution Time for Trace ID 497135891366e4e2d37794e6ba1e8516: 28 ms
Input: 1000000,
Cold Start: false
Unique ID: c6e991f0d383faae46d4e7296b92eb5c,
Execution Time for Trace ID c6e991f0d383faae46d4e7296b92eb5c: 29 ms
Input: 1000000,
Cold Start: false
Unique ID: de58ecb3040bcdfcd43248774e925ab5,
Execution Time for Trace ID de58ecb3040bcdfcd43248774e925ab5: 102 ms
Input: 1000000,
Cold Start: false
Unique ID: 69269277efe0c1e60bdfab68b1913f00,
Execution Time for Trace ID 69269277efe0c1e60bdfab68b1913f00: 36 ms
Input: 1000000,
Cold Start: false
Unique ID: 3854c0ee13a0325d4fa5215966a6734e,
Execution Time for Trace ID 3854c0ee13a0325d4fa5215966a6734e: 99 ms
Input: 1000000,
Cold Start: false
Unique ID: 9dea5520796edd4143e4d9ef508c2595,
Execution Time for Trace ID 9dea5520796edd4143e4d9ef508c2595: 28 ms
Input: 1000000,
Cold Start: false
Unique ID: c381418b487c1f9f3bf033f81ea5d7db,
Execution Time for Trace ID c381418b487c1f9f3bf033f81ea5d7db: 31 ms
Input: 1000000,
Cold Start: false
Unique ID: 40ede310fb38604888f7814ca582737a,
Execution Time for Trace ID 40ede310fb38604888f7814ca582737a: 29 ms
Input: 1000000,
Cold Start: false
Unique ID: dcf28499488eb4327aad90b5f42f4a67,
Execution Time for Trace ID dcf28499488eb4327aad90b5f42f4a67: 102 ms
Input: 1000000,
Cold Start: false
Unique ID: ffe7dd56e18d7709082cbd3c9d28ff53,
Execution Time for Trace ID ffe7dd56e18d7709082cbd3c9d28ff53: 32 ms
Input: 1000000,
Cold Start: false
Unique ID: 0a6def285d78cdc066e353a5e7f1b8fc,
Execution Time for Trace ID 0a6def285d78cdc066e353a5e7f1b8fc: 113 ms
Input: 1000000,
Cold Start: false
Unique ID: d5b04b682c3630e56183157d6dcdb8bd,
Execution Time for Trace ID d5b04b682c3630e56183157d6dcdb8bd: 42 ms
Input: 1000000,
Cold Start: false
Unique ID: 2eba4466ae943cee785606a5b33dc6e6,
Execution Time for Trace ID 2eba4466ae943cee785606a5b33dc6e6: 29 ms
Input: 1000000,
Cold Start: false
Unique ID: b7dc8c1e288a0db8b5fda195a44232fb,
Execution Time for Trace ID b7dc8c1e288a0db8b5fda195a44232fb: 104 ms
Input: 1000000,
Cold Start: false
Unique ID: 63f1e13b2d8af0db2700f1fc27f968d3,
Execution Time for Trace ID 63f1e13b2d8af0db2700f1fc27f968d3: 29 ms
Input: 1000000,
Cold Start: false
Unique ID: b793c1b147b8ba5cafe39ff1c3289765,
Execution Time for Trace ID b793c1b147b8ba5cafe39ff1c3289765: 102 ms
Input: 1000000,
Cold Start: false
Unique ID: f17970876d4ff743282cbe2b23363a6c,
Execution Time for Trace ID f17970876d4ff743282cbe2b23363a6c: 101 ms
Input: 1000000,
Cold Start: false
Unique ID: fe81c36476a527e186d085bf07033081,
Execution Time for Trace ID fe81c36476a527e186d085bf07033081: 100 ms
Input: 1000000,
Cold Start: false
Unique ID: 8020e4f4844f8d0534bfe14997d62950,
Execution Time for Trace ID 8020e4f4844f8d0534bfe14997d62950: 98 ms
Input: 1000000,
Cold Start: false
Unique ID: f474b9a8fa769535a1c8efbca5c4c475,
Execution Time for Trace ID f474b9a8fa769535a1c8efbca5c4c475: 109 ms
Input: 1000000,
Cold Start: false
Unique ID: 48a24dff05b43eef07c5103f52a87fc5,
Execution Time for Trace ID 48a24dff05b43eef07c5103f52a87fc5: 35 ms
Input: 1000000,
Cold Start: false
Unique ID: de9f7d4bb5d5fe4b8c48ba82a9e06fec,
Execution Time for Trace ID de9f7d4bb5d5fe4b8c48ba82a9e06fec: 34 ms
Input: 1000000,
Cold Start: false
Unique ID: 666363ed35f427a9f3b1f4b9116a4503,
Execution Time for Trace ID 666363ed35f427a9f3b1f4b9116a4503: 53 ms
Input: 1000000,
Cold Start: false
Unique ID: 77e570fa448f7cbeacb099e965504738,
Execution Time for Trace ID 77e570fa448f7cbeacb099e965504738: 52 ms
Input: 1000000,
Cold Start: false
Unique ID: 61e917be4a795ad90830d20afc6eab35,
Execution Time for Trace ID 61e917be4a795ad90830d20afc6eab35: 31 ms
Input: 1000000,
Cold Start: false
Unique ID: 13c935e8a93e216de7334c3a47c90a62,
Execution Time for Trace ID 13c935e8a93e216de7334c3a47c90a62: 29 ms
Input: 1000000,
Cold Start: false
Unique ID: e7bfad6fa92096903ec144cc6edcd779,
Execution Time for Trace ID e7bfad6fa92096903ec144cc6edcd779: 44 ms
Input: 1000000,
Cold Start: false
Unique ID: 5dacc20acb0281dd66d4913338d96783,
Execution Time for Trace ID 5dacc20acb0281dd66d4913338d96783: 29 ms
Input: 1000000,
Cold Start: false
Unique ID: a2020f652f1693b2048e41e2e3dff216,
Execution Time for Trace ID a2020f652f1693b2048e41e2e3dff216: 56 ms
Input: 1000000,
Cold Start: false
Unique ID: 56cc208a75ef6c5e679cf86e4a8c8b89,
Execution Time for Trace ID 56cc208a75ef6c5e679cf86e4a8c8b89: 50 ms
Input: 1000000,
Cold Start: false
Unique ID: ad9b289cac210907017eb04ba44679c0,
Execution Time for Trace ID ad9b289cac210907017eb04ba44679c0: 33 ms
Input: 1000000,
Cold Start: false
Unique ID: 7a20f5096c2503f603285ab8d724186b,
Execution Time for Trace ID 7a20f5096c2503f603285ab8d724186b: 28 ms
Input: 1000000,
Cold Start: false
Unique ID: 80288ad12d60c6cdeb1cbb18557923d8,
Execution Time for Trace ID 80288ad12d60c6cdeb1cbb18557923d8: 48 ms
Input: 1000000,
Cold Start: false
Unique ID: fa180c3966cb81ea1a3271207f20ce8b,
Execution Time for Trace ID fa180c3966cb81ea1a3271207f20ce8b: 27 ms
Input: 1000000,
Cold Start: false
Unique ID: b929dd23202caff25923d571171e2bd2,
Execution Time for Trace ID b929dd23202caff25923d571171e2bd2: 58 ms
Input: 1000000,
Cold Start: false
Unique ID: b093dfb87916fb808ccd056495f157c5,
Execution Time for Trace ID b093dfb87916fb808ccd056495f157c5: 30 ms
Input: 1000000,
Cold Start: false
Unique ID: 48ad1abe0c8b8526964c56776653937a,
Execution Time for Trace ID 48ad1abe0c8b8526964c56776653937a: 116 ms
Input: 1000000,
Cold Start: false
Unique ID: 4d04881ccf8b6c855be1193ff721c039,
Execution Time for Trace ID 4d04881ccf8b6c855be1193ff721c039: 58 ms
Input: 1000000,
Cold Start: false
Unique ID: fb1ecfef0bf6415d5e51e4b39b2a739a,
Execution Time for Trace ID fb1ecfef0bf6415d5e51e4b39b2a739a: 60 ms
Input: 1000000,
Cold Start: false
Unique ID: f487f55fabb3eafc60257d6fc52c8a8d,
Execution Time for Trace ID f487f55fabb3eafc60257d6fc52c8a8d: 53 ms
Input: 1000000,
Cold Start: false
Unique ID: b34617fe4747d5c8669ebf6640b00776,
Execution Time for Trace ID b34617fe4747d5c8669ebf6640b00776: 31 ms
Input: 1000000,
Cold Start: false
Unique ID: 2ae50b8765fa5e64b46d0225ec261e50,
Execution Time for Trace ID 2ae50b8765fa5e64b46d0225ec261e50: 51 ms
Input: 1000000,
Cold Start: false
Unique ID: 67454529279eb1334a3656b35b378442,
Execution Time for Trace ID 67454529279eb1334a3656b35b378442: 29 ms
Input: 1000000,
Cold Start: false
Unique ID: 0b7e998531caac9431422934d3f7b685,
Execution Time for Trace ID 0b7e998531caac9431422934d3f7b685: 57 ms
Input: 1000000,
Cold Start: false
Unique ID: d3f7b0e2962e165df413868e1557c1eb,
Execution Time for Trace ID d3f7b0e2962e165df413868e1557c1eb: 33 ms
Input: 1000000,
Cold Start: false
Unique ID: 9829c9ebd5479b92727d8c5b36ad10ae,
Execution Time for Trace ID 9829c9ebd5479b92727d8c5b36ad10ae: 50 ms
Input: 1000000,
Cold Start: false
Unique ID: 15d9bcce4c015de9177f1afe2a8445b2,
Execution Time for Trace ID 15d9bcce4c015de9177f1afe2a8445b2: 30 ms
Input: 1000000,
Cold Start: false
Unique ID: 83d593ab70d94394119ced9ca80c04df,
Execution Time for Trace ID 83d593ab70d94394119ced9ca80c04df: 30 ms
Input: 1000000,
Cold Start: false
Unique ID: 588afd389e5be46f1c100d7084cddbb3,
Execution Time for Trace ID 588afd389e5be46f1c100d7084cddbb3: 58 ms
Input: 1000000,
Cold Start: false
Unique ID: f23ec821bed98f08eba5df78e57afbcd,
Execution Time for Trace ID f23ec821bed98f08eba5df78e57afbcd: 55 ms
Input: 1000000,
Cold Start: false
Unique ID: c0f105c6e7d1fa94adf65c3b22ff6631,
Execution Time for Trace ID c0f105c6e7d1fa94adf65c3b22ff6631: 31 ms
Input: 1000000,
Cold Start: false
Unique ID: 6fcc94a176a3f4f35cd3679c5249d0fe,
Execution Time for Trace ID 6fcc94a176a3f4f35cd3679c5249d0fe: 30 ms
Input: 1000000,
Cold Start: false
Unique ID: 06b54a911c002393300828a2cf47a195,
Execution Time for Trace ID 06b54a911c002393300828a2cf47a195: 38 ms
Input: 1000000,
Cold Start: false
Unique ID: f12d46420b9c6dccd2306a4ef9a9312b,
Execution Time for Trace ID f12d46420b9c6dccd2306a4ef9a9312b: 55 ms
Input: 1000000,
Cold Start: false
Unique ID: 365766ab5ac3b41cc187c7d9a36bf66d,
Execution Time for Trace ID 365766ab5ac3b41cc187c7d9a36bf66d: 32 ms
Input: 1000000,
Cold Start: false
Unique ID: 6159c992b1d84513854e72ccba038130,
Execution Time for Trace ID 6159c992b1d84513854e72ccba038130: 52 ms
Input: 1000000,
Cold Start: false
Unique ID: e89f542fa057f1698fedb30a0a013adc,
Execution Time for Trace ID e89f542fa057f1698fedb30a0a013adc: 31 ms
Input: 1000000,
Cold Start: false
Unique ID: db09b401ef15abef08d8024fc7ecea56,
Execution Time for Trace ID db09b401ef15abef08d8024fc7ecea56: 51 ms
Input: 1000000,
Cold Start: false
Unique ID: 2f43e0ed3735a20ec900d35bf096361e,
Execution Time for Trace ID 2f43e0ed3735a20ec900d35bf096361e: 55 ms
Input: 1000000,
Cold Start: false
Unique ID: 564529028f160077c6d3b2dfc2ec974d,
Execution Time for Trace ID 564529028f160077c6d3b2dfc2ec974d: 53 ms
Input: 1000000,
Cold Start: false
Unique ID: d344c6b239b32d374746cb5a3e6f05ad,
Execution Time for Trace ID d344c6b239b32d374746cb5a3e6f05ad: 28 ms
Input: 1000000,
Cold Start: false
Unique ID: a0a44815ba4a5c0016d5944ecd5834e6,
Execution Time for Trace ID a0a44815ba4a5c0016d5944ecd5834e6: 50 ms
Input: 1000000,
Cold Start: false
Unique ID: 32f2ee7a095bb21ceba5df78e57af29d,
Execution Time for Trace ID 32f2ee7a095bb21ceba5df78e57af29d: 30 ms
Input: 1000000,
Cold Start: false
Unique ID: d1daaf46c9fcad6ca67167005e0a81ac,
Execution Time for Trace ID d1daaf46c9fcad6ca67167005e0a81ac: 34 ms
Input: 1000000,
Cold Start: false
Unique ID: d58ea31ca5082077a2e1772865363112,
Execution Time for Trace ID d58ea31ca5082077a2e1772865363112: 30 ms
Input: 1000000,
Cold Start: false
Unique ID: 587261efcb571c71a1eb831553a122c1,
Execution Time for Trace ID 587261efcb571c71a1eb831553a122c1: 53 ms
Input: 1000000,
Cold Start: false
Unique ID: cadf70d6ac0b1267585403efe3856783,
Execution Time for Trace ID cadf70d6ac0b1267585403efe3856783: 29 ms
Input: 1000000,
Cold Start: false
Unique ID: f8179535389c5de0859e3a324c8734f6,
Execution Time for Trace ID f8179535389c5de0859e3a324c8734f6: 52 ms
Input: 1000000,
Cold Start: false
Unique ID: 22e0d31f55d11bdf4ea92e851ddc2325,
Execution Time for Trace ID 22e0d31f55d11bdf4ea92e851ddc2325: 28 ms
Input: 1000000,
Cold Start: false
Unique ID: 6ac3a6588917000c743b0b3ea42aaa86,
Execution Time for Trace ID 6ac3a6588917000c743b0b3ea42aaa86: 56 ms
Input: 1000000,
Cold Start: false
Unique ID: ab288017e04e39f44a2230fba2d54df0,
Execution Time for Trace ID ab288017e04e39f44a2230fba2d54df0: 29 ms
Input: 1000000,
Cold Start: false
Unique ID: 5a9952e1c777aabd899083dfa9ff9a27,
Execution Time for Trace ID 5a9952e1c777aabd899083dfa9ff9a27: 49 ms
Input: 1000000,
Cold Start: false
Unique ID: af4f074bb81e21b8b5c3102db41b5941,
Execution Time for Trace ID af4f074bb81e21b8b5c3102db41b5941: 29 ms
Input: 1000000,
Cold Start: false
Unique ID: 25913377913f31f605671f1d3ff56449,
Execution Time for Trace ID 25913377913f31f605671f1d3ff56449: 53 ms
Input: 1000000,
Cold Start: false
Unique ID: ac1af6db6e8a3198f1b371dfdd54715e,
Execution Time for Trace ID ac1af6db6e8a3198f1b371dfdd54715e: 53 ms
Input: 1000000,
Cold Start: false
Unique ID: 1482e690f409b164e30ce555cb9eef3d,
Execution Time for Trace ID 1482e690f409b164e30ce555cb9eef3d: 44 ms
Input: 1000000,
Cold Start: false
Unique ID: d7253b02c7fa7aab483b3afd5ec108a5,
Execution Time for Trace ID d7253b02c7fa7aab483b3afd5ec108a5: 28 ms
Input: 1000000,
Cold Start: false
Unique ID: 5fd43cc841e5a673bc2569caa2be93aa,
Execution Time for Trace ID 5fd43cc841e5a673bc2569caa2be93aa: 52 ms
Input: 1000000,
Cold Start: false
Unique ID: b83306f801af1885d7f39562fcb508ad,
Execution Time for Trace ID b83306f801af1885d7f39562fcb508ad: 44 ms
Input: 1000000,
Cold Start: false
Unique ID: 4296bfc1136eca1f380f60ac5107cede,
Execution Time for Trace ID 4296bfc1136eca1f380f60ac5107cede: 52 ms
Input: 1000000,
Cold Start: false
Unique ID: 8b37b6687899672b84cff77fec3b4e94,
Execution Time for Trace ID 8b37b6687899672b84cff77fec3b4e94: 61 ms
Input: 1000000,
Cold Start: false
Unique ID: 84a310c10981ba7139c67cd52977fafb,
Execution Time for Trace ID 84a310c10981ba7139c67cd52977fafb: 60 ms
Input: 1000000,
Cold Start: false
Unique ID: 0999c70bfd19ab5a19a4fb764f080c0a,
Execution Time for Trace ID 0999c70bfd19ab5a19a4fb764f080c0a: 31 ms
Input: 1000000,
Cold Start: false
Unique ID: c20e5425229e9057fb916d0e051b4c18,
Execution Time for Trace ID c20e5425229e9057fb916d0e051b4c18: 57 ms
Input: 1000000,
Cold Start: false
Unique ID: 529d7f199e11b6c854d6fd686ec32c89,
Execution Time for Trace ID 529d7f199e11b6c854d6fd686ec32c89: 33 ms
Input: 1000000,
Cold Start: false
Unique ID: 62a44cf14f2c3e58db168947d2550308,
Execution Time for Trace ID 62a44cf14f2c3e58db168947d2550308: 32 ms
Input: 1000000,
Cold Start: false
Unique ID: b6eb0c6b46defa2f2d0836f483056f66,
Execution Time for Trace ID b6eb0c6b46defa2f2d0836f483056f66: 29 ms
Input: 1000000,
Cold Start: false
Unique ID: ba2eb7f27eb8b15bec5c0732fafced6b,
Execution Time for Trace ID ba2eb7f27eb8b15bec5c0732fafced6b: 34 ms
Input: 1000000,
Cold Start: false
Unique ID: bcc9959878eabb681ca0d50389fa8e94,
Execution Time for Trace ID bcc9959878eabb681ca0d50389fa8e94: 51 ms
Input: 1000000,
Cold Start: false
Unique ID: 978bf207afeeb93f9b1e20b83f9c1396,
Execution Time for Trace ID 978bf207afeeb93f9b1e20b83f9c1396: 54 ms
Input: 1000000,
Cold Start: false
Unique ID: 5f087cf940df5c4cef814cb10eb774f1,
Execution Time for Trace ID 5f087cf940df5c4cef814cb10eb774f1: 30 ms
Input: 1000000,
Cold Start: false
Unique ID: 2d9e7c465a183e6a743b0b3ea42aa693,
Execution Time for Trace ID 2d9e7c465a183e6a743b0b3ea42aa693: 31 ms
Input: 1000000,
Cold Start: false
Unique ID: bce4789847f3b767a2c37ffc5818c48c,
Execution Time for Trace ID bce4789847f3b767a2c37ffc5818c48c: 31 ms
Input: 1000000,
Cold Start: false
Unique ID: 3d45c4a1a8d723e5e96734c83f136d39,
Execution Time for Trace ID 3d45c4a1a8d723e5e96734c83f136d39: 60 ms
Input: 1000000,
Cold Start: false
Unique ID: f2d481c9e841a8d9ea5c53355879cfb7,
Execution Time for Trace ID f2d481c9e841a8d9ea5c53355879cfb7: 56 ms
Input: 1000000,
Cold Start: false
Unique ID: f8fd55125f8d27c26a389a2e1af01d88,
Execution Time for Trace ID f8fd55125f8d27c26a389a2e1af01d88: 50 ms
Input: 1000000,
Cold Start: false
Unique ID: a205e789bc18f2c98371169469188038,
Execution Time for Trace ID a205e789bc18f2c98371169469188038: 30 ms
Input: 1000000,
Cold Start: false
Unique ID: 1ba726636427192936fb6e6fb6adf763,
Execution Time for Trace ID 1ba726636427192936fb6e6fb6adf763: 53 ms
Input: 1000000,
Cold Start: false
Unique ID: 22db7312847736ab2b2a4281d32a315e,
Execution Time for Trace ID 22db7312847736ab2b2a4281d32a315e: 28 ms
Input: 1000000,
Cold Start: false
Unique ID: 1382a24adb5133461aa89cc121cc2fdb,
Execution Time for Trace ID 1382a24adb5133461aa89cc121cc2fdb: 34 ms
Input: 1000000,
Cold Start: false
Unique ID: a272ba14595e5a6277f80be792368544,
Execution Time for Trace ID a272ba14595e5a6277f80be792368544: 29 ms
Input: 1000000,
Cold Start: false
Unique ID: f63014ac62952eed582f1cda4290c9e2,
Execution Time for Trace ID f63014ac62952eed582f1cda4290c9e2: 55 ms
Input: 1000000,
Cold Start: false
Unique ID: f6d11e1fc701bbb474b7383846a73dcc,
Execution Time for Trace ID f6d11e1fc701bbb474b7383846a73dcc: 31 ms
Input: 1000000,
Cold Start: false
Unique ID: 9e4c206bf7aa8aa12b02084c4fd440b3,
Execution Time for Trace ID 9e4c206bf7aa8aa12b02084c4fd440b3: 56 ms
Input: 1000000,
Cold Start: false
Unique ID: 4d71224ec9f57caf90b3d00cee9e22bf,
Execution Time for Trace ID 4d71224ec9f57caf90b3d00cee9e22bf: 31 ms
Input: 1000000,
Cold Start: false
Unique ID: 45a22db2baa87d5d74343a3d810b4122,
Execution Time for Trace ID 45a22db2baa87d5d74343a3d810b4122: 52 ms
Input: 1000000,
Cold Start: false
Unique ID: 54af03ab27a3798f83d508b3053b8a88,
Execution Time for Trace ID 54af03ab27a3798f83d508b3053b8a88: 30 ms
Input: 1000000,
Cold Start: false
Unique ID: 278c106fb3fc8487b3392971b75479c4,
Execution Time for Trace ID 278c106fb3fc8487b3392971b75479c4: 62 ms
Input: 1000000,
Cold Start: false
Unique ID: c4c3719fd48fdea032dc01e0c3e02685,
Execution Time for Trace ID c4c3719fd48fdea032dc01e0c3e02685: 48 ms
Input: 1000000,
Cold Start: false
Unique ID: f67f93a64d123f656271c613648ce2d8,
Execution Time for Trace ID f67f93a64d123f656271c613648ce2d8: 53 ms
Input: 1000000,
Cold Start: false
Unique ID: 1a93aa41e1e253b7303ab8822399788d,
Execution Time for Trace ID 1a93aa41e1e253b7303ab8822399788d: 29 ms
Input: 1000000,
Cold Start: false
Unique ID: 3c2c5546e319379c2c527b9b03a1a749,
Execution Time for Trace ID 3c2c5546e319379c2c527b9b03a1a749: 52 ms
Input: 1000000,
Cold Start: false
Unique ID: e5ae02fee62d7206c1dcee646a9afd55,
Execution Time for Trace ID e5ae02fee62d7206c1dcee646a9afd55: 28 ms
Input: 1000000,
Cold Start: false
Unique ID: bdd29a45f6bd4a2ab7487068a9631dbe,
Execution Time for Trace ID bdd29a45f6bd4a2ab7487068a9631dbe: 50 ms
Input: 1000000,
Cold Start: false
Unique ID: 2fe3160b8e7eb1874ba93a904bb3efa8,
Execution Time for Trace ID 2fe3160b8e7eb1874ba93a904bb3efa8: 30 ms
Input: 1000000,
Cold Start: false
Unique ID: b4f39b3b93697fc18751c7b1af3ea8df,
Execution Time for Trace ID b4f39b3b93697fc18751c7b1af3ea8df: 30 ms
Input: 1000000,
Cold Start: false
Unique ID: c3d3d63fcf4476054bb8e381f895443c,
Execution Time for Trace ID c3d3d63fcf4476054bb8e381f895443c: 29 ms
Input: 1000000,
Cold Start: false
Unique ID: fc5ff0ed44907a19dede5285afbc62dd,
Execution Time for Trace ID fc5ff0ed44907a19dede5285afbc62dd: 51 ms
Input: 1000000,
Cold Start: false
Unique ID: b648614a84589991d0c69a6e5cd60ca4,
Execution Time for Trace ID b648614a84589991d0c69a6e5cd60ca4: 33 ms
Input: 1000000,
Cold Start: false
Unique ID: 29079fe2b586f6cb7763b43a0a22ea26,
Execution Time for Trace ID 29079fe2b586f6cb7763b43a0a22ea26: 51 ms
Input: 1000000,
Cold Start: false
Unique ID: 0878cc39804154772c527b9b03a1ad1b,
Execution Time for Trace ID 0878cc39804154772c527b9b03a1ad1b: 34 ms
Input: 1000000,
Cold Start: false
Unique ID: 13f2d540564794c9363ddaf3c640a29b,
Execution Time for Trace ID 13f2d540564794c9363ddaf3c640a29b: 34 ms
Input: 1000000,
Cold Start: false
Unique ID: 7bf72d6e4c7cc818ae8a72fca9344d71,
Execution Time for Trace ID 7bf72d6e4c7cc818ae8a72fca9344d71: 30 ms
Input: 1000000,
Cold Start: false
Unique ID: 9225016964d99771137657dc720320df,
Execution Time for Trace ID 9225016964d99771137657dc720320df: 52 ms
Input: 1000000,
Cold Start: false
Unique ID: dcec5b5b1efb8dd3f1a66731f428647f,
Execution Time for Trace ID dcec5b5b1efb8dd3f1a66731f428647f: 31 ms
Input: 1000000,
Cold Start: false
Unique ID: 93f7e2c8d0ed8eedb004296f6e22d09f,
Execution Time for Trace ID 93f7e2c8d0ed8eedb004296f6e22d09f: 32 ms
Input: 1000000,
Cold Start: false
Unique ID: 7136d753331ebe59ac04a2f41559db5a,
Execution Time for Trace ID 7136d753331ebe59ac04a2f41559db5a: 30 ms
Input: 1000000,
Cold Start: false
Unique ID: 4d1a8dc35ee35aa11aa66ccf7c0d0dc6,
Execution Time for Trace ID 4d1a8dc35ee35aa11aa66ccf7c0d0dc6: 33 ms
Input: 1000000,
Cold Start: false
Unique ID: d4d6cb0f0ecf916d61da07f87d973bb6,
Execution Time for Trace ID d4d6cb0f0ecf916d61da07f87d973bb6: 28 ms
Input: 1000000,
Cold Start: false
Unique ID: eb24f6d37a0bbfec473c500b454435bb,
Execution Time for Trace ID eb24f6d37a0bbfec473c500b454435bb: 63 ms
Input: 1000000,
Cold Start: false
Unique ID: 4bd4f1aa3da2e0462e03a044ce0fa9ad,
Execution Time for Trace ID 4bd4f1aa3da2e0462e03a044ce0fa9ad: 27 ms
Input: 1000000,
Cold Start: false
Unique ID: 160f59a06ea9791f4e1d8219bbd8e7ef,
Execution Time for Trace ID 160f59a06ea9791f4e1d8219bbd8e7ef: 30 ms
Input: 1000000,
Cold Start: false
Unique ID: a9f6aae4ad8f652d50ff380fb3080468,
Execution Time for Trace ID a9f6aae4ad8f652d50ff380fb3080468: 30 ms
Input: 1000000,
Cold Start: false
Unique ID: b0382526270769eedb6a0d99526bc5bb,
Execution Time for Trace ID b0382526270769eedb6a0d99526bc5bb: 55 ms
Input: 1000000,
Cold Start: false
Unique ID: 67eaa8ad9648313639b4ac89121b3b0f,
Execution Time for Trace ID 67eaa8ad9648313639b4ac89121b3b0f: 31 ms
Input: 1000000,
Cold Start: false
Unique ID: 4513c3e14278153d5ee4ea9806bc5df5,
Execution Time for Trace ID 4513c3e14278153d5ee4ea9806bc5df5: 30 ms
Input: 1000000,
Cold Start: false
Unique ID: cf0416495f1d3fa39af78bb75ac750c5,
Execution Time for Trace ID cf0416495f1d3fa39af78bb75ac750c5: 29 ms
Input: 1000000,
Cold Start: false
Unique ID: 9d30837834d2367c7f5d733c404c18f6,
Execution Time for Trace ID 9d30837834d2367c7f5d733c404c18f6: 57 ms
Input: 1000000,
Cold Start: false
Unique ID: 02238b0a6ea392c498b2943b4ae06e30,
Execution Time for Trace ID 02238b0a6ea392c498b2943b4ae06e30: 28 ms
Input: 1000000,
Cold Start: false
Unique ID: 54a309d4e86dc5e9b667877dc7ad19c7,
Execution Time for Trace ID 54a309d4e86dc5e9b667877dc7ad19c7: 51 ms
Input: 1000000,
Cold Start: false
Unique ID: cb9b49d609af93bd25647e508d4882e9,
Execution Time for Trace ID cb9b49d609af93bd25647e508d4882e9: 29 ms
Input: 1000000,
Cold Start: false
Unique ID: e0fe8b08028dd0728c5de7c792882f9c,
Execution Time for Trace ID e0fe8b08028dd0728c5de7c792882f9c: 51 ms
Input: 1000000,
Cold Start: false
Unique ID: e7c2ae99af73efc9bc9730fa79a855c0,
Execution Time for Trace ID e7c2ae99af73efc9bc9730fa79a855c0: 30 ms
Input: 1000000,
Cold Start: false
Unique ID: 94445c35d89de63dac47a64b9912f000,
Execution Time for Trace ID 94445c35d89de63dac47a64b9912f000: 57 ms
Input: 1000000,
Cold Start: false
Unique ID: 61a7b6bf3060d324c294192a61e760c4,
Execution Time for Trace ID 61a7b6bf3060d324c294192a61e760c4: 31 ms
Input: 1000000,
Cold Start: false
Unique ID: fb3eea363831131c4a1d807e319124d8,
Execution Time for Trace ID fb3eea363831131c4a1d807e319124d8: 34 ms
Input: 1000000,
Cold Start: false
Unique ID: 36344a789b004dfb0bb10c4967e6b05d,
Execution Time for Trace ID 36344a789b004dfb0bb10c4967e6b05d: 37 ms
Input: 1000000,
Cold Start: false
Unique ID: 9ded2a2aff081310e2a4051ca23b4241,
Execution Time for Trace ID 9ded2a2aff081310e2a4051ca23b4241: 30 ms
Input: 1000000,
Cold Start: false
Unique ID: 7239a81b68be89da1278618814f8b83a,
Execution Time for Trace ID 7239a81b68be89da1278618814f8b83a: 55 ms
Input: 1000000,
Cold Start: false
Unique ID: 6be589176d50f4c9cb895308df8e46c4,
Execution Time for Trace ID 6be589176d50f4c9cb895308df8e46c4: 54 ms
Input: 1000000,
Cold Start: false
Unique ID: 47d1c5d46cb498d0b0451777ace1ebb0,
Execution Time for Trace ID 47d1c5d46cb498d0b0451777ace1ebb0: 30 ms
Input: 1000000,
Cold Start: false
Unique ID: 96a1654733b37f61dec209a965756c03,
Execution Time for Trace ID 96a1654733b37f61dec209a965756c03: 32 ms
Input: 1000000,
Cold Start: false
Unique ID: 1baf5f52ee06895cdeab3f1ee838b163,
Execution Time for Trace ID 1baf5f52ee06895cdeab3f1ee838b163: 31 ms
Input: 1000000,
Cold Start: false
Unique ID: a2a2fade065cf5714d26c4c297a5b174,
Execution Time for Trace ID a2a2fade065cf5714d26c4c297a5b174: 53 ms
Input: 1000000,
Cold Start: false
Unique ID: 592813ee271845eae566b531676451f6,
Execution Time for Trace ID 592813ee271845eae566b531676451f6: 30 ms
Input: 1000000,
Cold Start: false
Unique ID: 136dd5582f0697461cb63c7d70ee3e65,
Execution Time for Trace ID 136dd5582f0697461cb63c7d70ee3e65: 31 ms
Input: 1000000,
Cold Start: false
Unique ID: 0b4dc2aa31ed299010359ef03d524a1a,
Execution Time for Trace ID 0b4dc2aa31ed299010359ef03d524a1a: 29 ms
Input: 1000000,
Cold Start: false
Unique ID: 618afd653817856d395156d51b33261e,
Execution Time for Trace ID 618afd653817856d395156d51b33261e: 49 ms
Input: 1000000,
Cold Start: false
Unique ID: 189feb599ded793c398ba21c396d4141,
Execution Time for Trace ID 189feb599ded793c398ba21c396d4141: 34 ms
Input: 1000000,
Cold Start: false
Unique ID: 31f4ae633d3629b8aac81de3ed25ef47,
Execution Time for Trace ID 31f4ae633d3629b8aac81de3ed25ef47: 51 ms
Input: 1000000,
Cold Start: false
Unique ID: 4dd428ab7669d4a48f626228d37fa765,
Execution Time for Trace ID 4dd428ab7669d4a48f626228d37fa765: 30 ms
Input: 1000000,
Cold Start: false
Unique ID: f3764aee74c8299ad8f1bdf65e0f27af,
Execution Time for Trace ID f3764aee74c8299ad8f1bdf65e0f27af: 52 ms
Input: 1000000,
Cold Start: false
Unique ID: 5bfc1da2c15c24e5a34e3b5b96c7c5ca,
Execution Time for Trace ID 5bfc1da2c15c24e5a34e3b5b96c7c5ca: 31 ms
Input: 1000000,
Cold Start: false
Unique ID: c65b8acd8f7fd6bb27ae0ed31e13b2a7,
Execution Time for Trace ID c65b8acd8f7fd6bb27ae0ed31e13b2a7: 49 ms
Input: 1000000,
Cold Start: false
Unique ID: e3cd143e5270be37c304887bc95c701e,
Execution Time for Trace ID e3cd143e5270be37c304887bc95c701e: 30 ms
Input: 1000000,
Cold Start: false
Unique ID: ecb3c1ccdccc934f57023884598dc911,
Execution Time for Trace ID ecb3c1ccdccc934f57023884598dc911: 54 ms
Input: 1000000,
Cold Start: false
Unique ID: f768d76d89e51a87503cb88a973ff855,
Execution Time for Trace ID f768d76d89e51a87503cb88a973ff855: 29 ms
Input: 1000000,
Cold Start: false
Unique ID: 5f131c5ff39214193fa285b05a6a4bbe,
Execution Time for Trace ID 5f131c5ff39214193fa285b05a6a4bbe: 32 ms
Input: 1000000,
Cold Start: false
Unique ID: 4f06ed25791d0588781bec5582a19676,
Execution Time for Trace ID 4f06ed25791d0588781bec5582a19676: 29 ms
Input: 1000000,
Cold Start: false
Unique ID: b6327017e4d1f84d2e60e9df96f073d8,
Execution Time for Trace ID b6327017e4d1f84d2e60e9df96f073d8: 30 ms
Input: 1000000,
Cold Start: false
Unique ID: ec0dc57df69cecce7be7542bed9efb6a,
Execution Time for Trace ID ec0dc57df69cecce7be7542bed9efb6a: 29 ms
Input: 1000000,
Cold Start: false
Unique ID: 1912378a3ceb921f4b42bc1cc0c8ae98,
Execution Time for Trace ID 1912378a3ceb921f4b42bc1cc0c8ae98: 37 ms
Input: 1000000,
Cold Start: false
Unique ID: c9c70358d5c95d3eff09ed660002d2ee,
Execution Time for Trace ID c9c70358d5c95d3eff09ed660002d2ee: 33 ms
Input: 1000000,
Cold Start: false
Unique ID: 590c31991a2cd91193a52b94e2a69f4d,
Execution Time for Trace ID 590c31991a2cd91193a52b94e2a69f4d: 31 ms
Input: 1000000,
Cold Start: false
Unique ID: bbcc1f93598065acca7475b1998ddfe8,
Execution Time for Trace ID bbcc1f93598065acca7475b1998ddfe8: 29 ms
Input: 1000000,
Cold Start: false
Unique ID: e0e409adcddeefd59c598911ff132d35,
Execution Time for Trace ID e0e409adcddeefd59c598911ff132d35: 80 ms
Input: 1000000,
Cold Start: false
Unique ID: 72b9da81f81c0b652a10e6c197869712,
Execution Time for Trace ID 72b9da81f81c0b652a10e6c197869712: 29 ms
Input: 1000000,
Cold Start: false
Unique ID: d5d4510ed48112808b890cedfbf70c2a,
Execution Time for Trace ID d5d4510ed48112808b890cedfbf70c2a: 74 ms
Input: 1000000,
Cold Start: false
Unique ID: ae1629ae45a80370433837c5a9d0f8a3,
Execution Time for Trace ID ae1629ae45a80370433837c5a9d0f8a3: 29 ms
Input: 1000000,
Cold Start: false
Unique ID: feed3cef7bfbf78788e4f7571067e317,
Execution Time for Trace ID feed3cef7bfbf78788e4f7571067e317: 76 ms
Input: 1000000,
Cold Start: false
Unique ID: b1e4ea63c62d9e093a71caed7557746b,
Execution Time for Trace ID b1e4ea63c62d9e093a71caed7557746b: 29 ms
Input: 1000000,
Cold Start: false
Unique ID: ecafd326a2209708f02c84396185a31e,
Execution Time for Trace ID ecafd326a2209708f02c84396185a31e: 31 ms
Input: 1000000,
Cold Start: false
Unique ID: 86b225465ef9e642a4a1d271447c838f,
Execution Time for Trace ID 86b225465ef9e642a4a1d271447c838f: 28 ms
Input: 1000000,
Cold Start: false
Unique ID: 9b70d2024c5c01ea1e610ce252465b1d,
Execution Time for Trace ID 9b70d2024c5c01ea1e610ce252465b1d: 66 ms
Input: 1000000,
Cold Start: false
Unique ID: 811d05c0cf89dbc56432159add8185f1,
Execution Time for Trace ID 811d05c0cf89dbc56432159add8185f1: 29 ms
Input: 1000000,
Cold Start: false
Unique ID: 8604fce004363252f312e4d84b3b5a38,
Execution Time for Trace ID 8604fce004363252f312e4d84b3b5a38: 75 ms
Input: 1000000,
Cold Start: false
Unique ID: eaf9eac7645fc7b447057dcc7508cbed,
Execution Time for Trace ID eaf9eac7645fc7b447057dcc7508cbed: 30 ms
Input: 1000000,
Cold Start: false
Unique ID: 1d9dbb235517ac7fb80af60da98e3273,
Execution Time for Trace ID 1d9dbb235517ac7fb80af60da98e3273: 70 ms
Input: 1000000,
Cold Start: false
Unique ID: 4bcdb9008dd6cff9f4e06a575859f38f,
Execution Time for Trace ID 4bcdb9008dd6cff9f4e06a575859f38f: 32 ms
Input: 1000000,
Cold Start: false
Unique ID: d1991d30e8e096572a880bbf85e8028b,
Execution Time for Trace ID d1991d30e8e096572a880bbf85e8028b: 73 ms
Input: 1000000,
Cold Start: false
Unique ID: 25e3271f5ec2f82b08dfb658a8e41dee,
Execution Time for Trace ID 25e3271f5ec2f82b08dfb658a8e41dee: 69 ms
Input: 1000000,
Cold Start: false
Unique ID: 2591f9a626b6bf3e994dcabc0fc7382a,
Execution Time for Trace ID 2591f9a626b6bf3e994dcabc0fc7382a: 72 ms
Input: 1000000,
Cold Start: false
Unique ID: f30c37c15f7d6668d0edf3cb76ad7f89,
Execution Time for Trace ID f30c37c15f7d6668d0edf3cb76ad7f89: 29 ms
Input: 1000000,
Cold Start: false
Unique ID: 15187c740bdc3ef7bfdc76c036f05934,
Execution Time for Trace ID 15187c740bdc3ef7bfdc76c036f05934: 71 ms
Input: 1000000,
Cold Start: false
Unique ID: 79e3299ced993f1d91d92ae10689f0e3,
Execution Time for Trace ID 79e3299ced993f1d91d92ae10689f0e3: 28 ms
Input: 1000000,
Cold Start: false
Unique ID: 010731251f15f0b2205af86a088b5905,
Execution Time for Trace ID 010731251f15f0b2205af86a088b5905: 67 ms
Input: 1000000,
Cold Start: false
Unique ID: bbff2fcee9316fa3cf550adfa59fd938,
Execution Time for Trace ID bbff2fcee9316fa3cf550adfa59fd938: 38 ms
Input: 1000000,
Cold Start: false
Unique ID: 49930673b2fa11a929d4de532a78669f,
Execution Time for Trace ID 49930673b2fa11a929d4de532a78669f: 77 ms
Input: 1000000,
Cold Start: false
Unique ID: 561803325c4dbb6358886ffc55ef7879,
Execution Time for Trace ID 561803325c4dbb6358886ffc55ef7879: 30 ms
Input: 1000000,
Cold Start: false
Unique ID: f4a38e1ded82e3adb5b7e5820679820f,
Execution Time for Trace ID f4a38e1ded82e3adb5b7e5820679820f: 30 ms
Input: 1000000,
Cold Start: false
Unique ID: e88338e1aa49d03a9386ee85a6bd89a5,
Execution Time for Trace ID e88338e1aa49d03a9386ee85a6bd89a5: 76 ms
Input: 1000000,
Cold Start: false
Unique ID: 3bf2957424a449a4b176a7e806bcbf80,
Execution Time for Trace ID 3bf2957424a449a4b176a7e806bcbf80: 30 ms
Input: 1000000,
Cold Start: false
Unique ID: 1c68f5575ceb031f03863e9a4c369ee4,
Execution Time for Trace ID 1c68f5575ceb031f03863e9a4c369ee4: 31 ms
Input: 1000000,
Cold Start: false
Unique ID: fc6bc82f9f4c3e5e54b95ca0c5c16ff6,
Execution Time for Trace ID fc6bc82f9f4c3e5e54b95ca0c5c16ff6: 74 ms
Input: 1000000,
Cold Start: false
Unique ID: 5ffd43549906615d1bc57d20bb4bb162,
Execution Time for Trace ID 5ffd43549906615d1bc57d20bb4bb162: 30 ms
Input: 1000000,
Cold Start: false
Unique ID: 667383d368e91963cbb159d9fdc74344,
Execution Time for Trace ID 667383d368e91963cbb159d9fdc74344: 76 ms
Input: 1000000,
Cold Start: false
Unique ID: 771347fe407a2a014290d4c1531c2d0b,
Execution Time for Trace ID 771347fe407a2a014290d4c1531c2d0b: 30 ms
Input: 1000000,
Cold Start: false
Unique ID: 86e1f94215af94a6d49a2ce0739b9733,
Execution Time for Trace ID 86e1f94215af94a6d49a2ce0739b9733: 33 ms
Input: 1000000,
Cold Start: false
Unique ID: 5bb9673871a73a7f536f552ba416782f,
Execution Time for Trace ID 5bb9673871a73a7f536f552ba416782f: 31 ms
Input: 1000000,
Cold Start: false
Unique ID: e097f0bc7db1e53156e4ed631964eedb,
Execution Time for Trace ID e097f0bc7db1e53156e4ed631964eedb: 74 ms
Input: 1000000,
Cold Start: false
Unique ID: ee2817773c747a96f241007680d26a62,
Execution Time for Trace ID ee2817773c747a96f241007680d26a62: 65 ms
Input: 1000000,
Cold Start: false
Unique ID: 8a6254304adb3b24b6f732b7b14a4dff,
Execution Time for Trace ID 8a6254304adb3b24b6f732b7b14a4dff: 74 ms
Input: 1000000,
Cold Start: false
Unique ID: 60e1d49aeb2c8b2a249b763ac299c3be,
Execution Time for Trace ID 60e1d49aeb2c8b2a249b763ac299c3be: 31 ms
Input: 1000000,
Cold Start: false
Unique ID: c706954f37c3dceb3157527ebd4a2eee,
Execution Time for Trace ID c706954f37c3dceb3157527ebd4a2eee: 77 ms
Input: 1000000,
Cold Start: false
Unique ID: d6b1e5fe1cc0348e6ffb694c09aeb920,
Execution Time for Trace ID d6b1e5fe1cc0348e6ffb694c09aeb920: 32 ms
Input: 1000000,
Cold Start: false
Unique ID: dc6be4b907e96c706158f7090446c495,
Execution Time for Trace ID dc6be4b907e96c706158f7090446c495: 81 ms
Input: 1000000,
Cold Start: false
Unique ID: 802ae633a18e0fd1bc071b3985dc4c74,
Execution Time for Trace ID 802ae633a18e0fd1bc071b3985dc4c74: 30 ms
Input: 1000000,
Cold Start: false
Unique ID: 4ab5a002cc0849fb163a6df1b22c0037,
Execution Time for Trace ID 4ab5a002cc0849fb163a6df1b22c0037: 30 ms
Input: 1000000,
Cold Start: false
Unique ID: cb5be4bc5972870143c12f1b52e2c505,
Execution Time for Trace ID cb5be4bc5972870143c12f1b52e2c505: 32 ms
Input: 1000000,
Cold Start: false
Unique ID: db706fa3a5c18e1a07b03453b7ac39de,
Execution Time for Trace ID db706fa3a5c18e1a07b03453b7ac39de: 75 ms
Input: 1000000,
Cold Start: false
Unique ID: 0c66dfb667a1551736ac0c2cb95176f6,
Execution Time for Trace ID 0c66dfb667a1551736ac0c2cb95176f6: 30 ms
Input: 1000000,
Cold Start: false
Unique ID: 2431cccf07f30984e9c4e4878fe8ddd1,
Execution Time for Trace ID 2431cccf07f30984e9c4e4878fe8ddd1: 75 ms
Input: 1000000,
Cold Start: false
Unique ID: 824549ed9fab43d8f2fd37009c2fb967,
Execution Time for Trace ID 824549ed9fab43d8f2fd37009c2fb967: 30 ms
Input: 1000000,
Cold Start: false
Unique ID: c9ac62721d42e2d09b5d14e0907b896f,
Execution Time for Trace ID c9ac62721d42e2d09b5d14e0907b896f: 34 ms
Input: 1000000,
Cold Start: false
Unique ID: cfc90b86c54bb062c1772fa32a29362e,
Execution Time for Trace ID cfc90b86c54bb062c1772fa32a29362e: 30 ms
Input: 1000000,
Cold Start: false
Unique ID: bc2537577796f705190017c6c9a063ec,
Execution Time for Trace ID bc2537577796f705190017c6c9a063ec: 85 ms
Input: 1000000,
Cold Start: false
Unique ID: ae276b7c405ec0fade051eca0013aa89,
Execution Time for Trace ID ae276b7c405ec0fade051eca0013aa89: 31 ms
Input: 1000000,
Cold Start: false
Unique ID: 44bb00c261bd3635fa3d4d573e53662c,
Execution Time for Trace ID 44bb00c261bd3635fa3d4d573e53662c: 36 ms
Input: 1000000,
Cold Start: false
Unique ID: a6429450c91900e9babbd36c7481998b,
Execution Time for Trace ID a6429450c91900e9babbd36c7481998b: 33 ms
Input: 1000000,
Cold Start: false
Unique ID: c1191e08166b27fc5a0f1a68c7cda9c9,
Execution Time for Trace ID c1191e08166b27fc5a0f1a68c7cda9c9: 72 ms
Input: 1000000,
Cold Start: false
Unique ID: e923c11f86eedd7dc5bab5306e093920,
Execution Time for Trace ID e923c11f86eedd7dc5bab5306e093920: 65 ms
Input: 1000000,
Cold Start: false
Unique ID: 015dd744d470e510cea46dd626bc8c64,
Execution Time for Trace ID 015dd744d470e510cea46dd626bc8c64: 68 ms
Input: 1000000,
Cold Start: false
Unique ID: 1667b4c1894e14027a06f3e154c84aea,
Execution Time for Trace ID 1667b4c1894e14027a06f3e154c84aea: 35 ms
Input: 1000000,
Cold Start: false
Unique ID: f8480d2912467ecb9c8953e3d8a89464,
Execution Time for Trace ID f8480d2912467ecb9c8953e3d8a89464: 40 ms
Input: 1000000,
Cold Start: false
Unique ID: 92f01faaa40ad581cf85f11843314a58,
Execution Time for Trace ID 92f01faaa40ad581cf85f11843314a58: 41 ms
Input: 1000000,
Cold Start: false
Unique ID: 9b7a81035e304c0e511fe9da01115109,
Execution Time for Trace ID 9b7a81035e304c0e511fe9da01115109: 78 ms
Input: 1000000,
Cold Start: false
Unique ID: 6884cb02c3fe6f62cf8e35fc7b46cf2f,
Execution Time for Trace ID 6884cb02c3fe6f62cf8e35fc7b46cf2f: 38 ms
Input: 1000000,
Cold Start: false
Unique ID: bca9a305d83d9c2d6887590eed5164f8,
Execution Time for Trace ID bca9a305d83d9c2d6887590eed5164f8: 32 ms
Input: 1000000,
Cold Start: false
Unique ID: 4010f0cef82e404c833f7429fe120894,
Execution Time for Trace ID 4010f0cef82e404c833f7429fe120894: 37 ms
Input: 1000000,
Cold Start: false
Unique ID: 8920d5656456fa18054df4ea4daf8648,
Execution Time for Trace ID 8920d5656456fa18054df4ea4daf8648: 40 ms
Input: 1000000,
Cold Start: false
Unique ID: fb3de77c306994cf178201fcdfe65182,
Execution Time for Trace ID fb3de77c306994cf178201fcdfe65182: 79 ms
Input: 1000000,
Cold Start: false
Unique ID: 71461686083b44ebe2eccc21780a5708,
Execution Time for Trace ID 71461686083b44ebe2eccc21780a5708: 38 ms
Input: 1000000,
Cold Start: false
Unique ID: 91bbe375421b55ea5fea05f2a28bb7cd,
Execution Time for Trace ID 91bbe375421b55ea5fea05f2a28bb7cd: 37 ms
Input: 1000000,
Cold Start: false
Unique ID: 8adfbcf54f198e5b190564bead803553,
Execution Time for Trace ID 8adfbcf54f198e5b190564bead803553: 78 ms
Input: 1000000,
Cold Start: false
Unique ID: a0b42fd55599f69edb1f9521477f6a1d,
Execution Time for Trace ID a0b42fd55599f69edb1f9521477f6a1d: 29 ms
Input: 1000000,
Cold Start: false
Unique ID: e04e843e0bd9d011a59744d2703a3b1e,
Execution Time for Trace ID e04e843e0bd9d011a59744d2703a3b1e: 73 ms
Input: 1000000,
Cold Start: false
Unique ID: c804226e48d08e18aa807174172a655c,
Execution Time for Trace ID c804226e48d08e18aa807174172a655c: 30 ms
Input: 1000000,
Cold Start: false
Unique ID: bf062eaa020eb16f3677399ecc7ac377,
Execution Time for Trace ID bf062eaa020eb16f3677399ecc7ac377: 37 ms
Input: 1000000,
Cold Start: false
Unique ID: 667c1b8b159be465abaa7658f084642b,
Execution Time for Trace ID 667c1b8b159be465abaa7658f084642b: 33 ms
Input: 1000000,
Cold Start: false
Unique ID: 5023199d38d5e4e645a3cadd5ce584cb,
Execution Time for Trace ID 5023199d38d5e4e645a3cadd5ce584cb: 60 ms
Input: 1000000,
Cold Start: false
Unique ID: afe620218b3df3589154a4c74c26caa3,
Execution Time for Trace ID afe620218b3df3589154a4c74c26caa3: 32 ms
Input: 1000000,
Cold Start: false
Unique ID: c246444f5c6643ca3f60b3994946c8b2,
Execution Time for Trace ID c246444f5c6643ca3f60b3994946c8b2: 86 ms
Input: 1000000,
Cold Start: false
Unique ID: f28c32dad3e7fd4ab20af7d3b8281c58,
Execution Time for Trace ID f28c32dad3e7fd4ab20af7d3b8281c58: 33 ms
Input: 1000000,
Cold Start: false
Unique ID: 7ebf76aecbfc3a9a023a8843c8d5819f,
Execution Time for Trace ID 7ebf76aecbfc3a9a023a8843c8d5819f: 77 ms
Input: 1000000,
Cold Start: false
Unique ID: e99116dbbf7e5f6774afad4826249b36,
Execution Time for Trace ID e99116dbbf7e5f6774afad4826249b36: 30 ms
Input: 1000000,
Cold Start: false
Unique ID: d5dbee34d68292d66ce10c11c098aef6,
Execution Time for Trace ID d5dbee34d68292d66ce10c11c098aef6: 76 ms
Input: 1000000,
Cold Start: false
Unique ID: c359b21e39a9360a8f1bc3bdc8c3e79c,
Execution Time for Trace ID c359b21e39a9360a8f1bc3bdc8c3e79c: 35 ms
Input: 1000000,
Cold Start: false
Unique ID: 756e502a28a03fb297ab0d1a635bc34a,
Execution Time for Trace ID 756e502a28a03fb297ab0d1a635bc34a: 37 ms
Input: 1000000,
Cold Start: false
Unique ID: 87367517a9cf3cae29f8cefeeb1cad74,
Execution Time for Trace ID 87367517a9cf3cae29f8cefeeb1cad74: 32 ms
Input: 1000000,
Cold Start: false
Unique ID: 4ac6fc5031e57acbb63fcffc42a39253,
Execution Time for Trace ID 4ac6fc5031e57acbb63fcffc42a39253: 75 ms
Input: 1000000,
Cold Start: false
Unique ID: a3a9a23aa2f840fb535914354b870c5f,
Execution Time for Trace ID a3a9a23aa2f840fb535914354b870c5f: 67 ms
Input: 1000000,
Cold Start: false
Unique ID: c3288a1061bae65b64e498d28fbab91c,
Execution Time for Trace ID c3288a1061bae65b64e498d28fbab91c: 36 ms
Input: 1000000,
Cold Start: false
Unique ID: 6a5c81aeeefb8f14b5fd683d0de25175,
Execution Time for Trace ID 6a5c81aeeefb8f14b5fd683d0de25175: 38 ms
Input: 1000000,
Cold Start: false
Unique ID: 8979cde36ccfde80b8d1d83a3b89c58c,
Execution Time for Trace ID 8979cde36ccfde80b8d1d83a3b89c58c: 77 ms
Input: 1000000,
Cold Start: false
Unique ID: eec4d247dac18e3d8cfd90cde8067a64,
Execution Time for Trace ID eec4d247dac18e3d8cfd90cde8067a64: 31 ms
Input: 1000000,
Cold Start: false
Unique ID: 9beea2e6f5671cdcda799904e6f14ba6,
Execution Time for Trace ID 9beea2e6f5671cdcda799904e6f14ba6: 77 ms
Input: 1000000,
Cold Start: false
Unique ID: 92ec50cb28f8f938c8b76e9cf264849c,
Execution Time for Trace ID 92ec50cb28f8f938c8b76e9cf264849c: 34 ms
Input: 1000000,
Cold Start: false
Unique ID: 1325734ddd4e6865fe6b51e2ae8dc81d,
Execution Time for Trace ID 1325734ddd4e6865fe6b51e2ae8dc81d: 77 ms
Input: 1000000,
Cold Start: false
Unique ID: 46eb68859f147400dddc2bec2a2d223b,
Execution Time for Trace ID 46eb68859f147400dddc2bec2a2d223b: 32 ms
Input: 1000000,
Cold Start: false
Unique ID: 4dd28607a8e963d606dc3e94bb30e507,
Execution Time for Trace ID 4dd28607a8e963d606dc3e94bb30e507: 77 ms
Input: 1000000,
Cold Start: false
Unique ID: 2c01876a2214abc2464f08e0a533f71d,
Execution Time for Trace ID 2c01876a2214abc2464f08e0a533f71d: 75 ms
Input: 1000000,
Cold Start: false
Unique ID: 7a270051521c2d8640fa0776b6d845e4,
Execution Time for Trace ID 7a270051521c2d8640fa0776b6d845e4: 34 ms
Input: 1000000,
Cold Start: false
Unique ID: 7663bbbeafd73b484810745617f10e46,
Execution Time for Trace ID 7663bbbeafd73b484810745617f10e46: 31 ms
Input: 1000000,
Cold Start: false
Unique ID: 7d5c2b2c6513f561cce62be237107733,
Execution Time for Trace ID 7d5c2b2c6513f561cce62be237107733: 31 ms
Input: 1000000,
Cold Start: false
Unique ID: d90ff63c090b66c5d9cac57defa54c4c,
Execution Time for Trace ID d90ff63c090b66c5d9cac57defa54c4c: 32 ms
Input: 1000000,
Cold Start: false
Unique ID: 40bfcdf59be6a93e1e67a53ed2f9b0de,
Execution Time for Trace ID 40bfcdf59be6a93e1e67a53ed2f9b0de: 91 ms
Input: 1000000,
Cold Start: false
Unique ID: e9c913eed000a35b33cf81c44df2ec94,
Execution Time for Trace ID e9c913eed000a35b33cf81c44df2ec94: 76 ms
Input: 1000000,
Cold Start: false
Unique ID: 87ba55f8ad085febc974c2c7950324d6,
Execution Time for Trace ID 87ba55f8ad085febc974c2c7950324d6: 79 ms
Input: 1000000,
Cold Start: false
Unique ID: 1aef85991c273f8dbeb5a6ab23e3b37f,
Execution Time for Trace ID 1aef85991c273f8dbeb5a6ab23e3b37f: 37 ms
Input: 1000000,
Cold Start: false
Unique ID: 7faa8938d72486bce74d63352222d61a,
Execution Time for Trace ID 7faa8938d72486bce74d63352222d61a: 80 ms
Input: 1000000,
Cold Start: false
Unique ID: 6f93948753820f37963fd236591b8df6,
Execution Time for Trace ID 6f93948753820f37963fd236591b8df6: 32 ms
Input: 1000000,
Cold Start: false
Unique ID: bacf34205e1a9e740148f098d4ebc1ac,
Execution Time for Trace ID bacf34205e1a9e740148f098d4ebc1ac: 72 ms
Input: 1000000,
Cold Start: false
Unique ID: b3c0b7f14e456dae557d8346980505e3,
Execution Time for Trace ID b3c0b7f14e456dae557d8346980505e3: 28 ms
Input: 1000000,
Cold Start: false
Unique ID: 62ef2d492d8f28daf2b2a275d4795d02,
Execution Time for Trace ID 62ef2d492d8f28daf2b2a275d4795d02: 72 ms
Input: 1000000,
Cold Start: false
Unique ID: 1ee1505a55303a8f2965582b50e9d06a,
Execution Time for Trace ID 1ee1505a55303a8f2965582b50e9d06a: 29 ms
Input: 1000000,
Cold Start: false
Unique ID: 87125927772b6b0e8b3f6e144c510ab2,
Execution Time for Trace ID 87125927772b6b0e8b3f6e144c510ab2: 81 ms
Input: 1000000,
Cold Start: false
Unique ID: 379ccd0af1002ea60a50fa14abc7819b,
Execution Time for Trace ID 379ccd0af1002ea60a50fa14abc7819b: 30 ms
Input: 1000000,
Cold Start: false
Unique ID: 2145777d0fdbc8cbe79e4537e530b317,
Execution Time for Trace ID 2145777d0fdbc8cbe79e4537e530b317: 73 ms
Input: 1000000,
Cold Start: false
Unique ID: 85025517d0d4985bf940a535055a6c17,
Execution Time for Trace ID 85025517d0d4985bf940a535055a6c17: 29 ms
Input: 1000000,
Cold Start: false
Unique ID: 4493e2103513102ca70a326f44fde141,
Execution Time for Trace ID 4493e2103513102ca70a326f44fde141: 78 ms
Input: 1000000,
Cold Start: false
Unique ID: ca85b01a67fe55b51b556fa313ffda5b,
Execution Time for Trace ID ca85b01a67fe55b51b556fa313ffda5b: 29 ms
Input: 1000000,
Cold Start: false
Unique ID: b058650af13e4729242a59bcb5880c36,
Execution Time for Trace ID b058650af13e4729242a59bcb5880c36: 72 ms
Input: 1000000,
Cold Start: false
Unique ID: 0d4ecb535f399ba73ecc295cf044b9af,
Execution Time for Trace ID 0d4ecb535f399ba73ecc295cf044b9af: 30 ms
Input: 1000000,
Cold Start: false
Unique ID: 02d8dffadf6d3cfc724a434a204f2e87,
Execution Time for Trace ID 02d8dffadf6d3cfc724a434a204f2e87: 32 ms
Input: 1000000,
Cold Start: false
Unique ID: 2ed5eec04a72c8d5dff20bbf896dc5aa,
Execution Time for Trace ID 2ed5eec04a72c8d5dff20bbf896dc5aa: 77 ms
Input: 1000000,
Cold Start: false
Unique ID: b94457084d4f04e050ec6d02337492f6,
Execution Time for Trace ID b94457084d4f04e050ec6d02337492f6: 77 ms
Input: 1000000,
Cold Start: false
Unique ID: 097560645ee989ae6080220d969c9464,
Execution Time for Trace ID 097560645ee989ae6080220d969c9464: 28 ms
Input: 1000000,
Cold Start: false
Unique ID: 1eadc7444c1850758f8c6b277e1116b9,
Execution Time for Trace ID 1eadc7444c1850758f8c6b277e1116b9: 76 ms
Input: 1000000,
Cold Start: false
Unique ID: 1e11b5253dcaaaf440fa0776b6d846f2,
Execution Time for Trace ID 1e11b5253dcaaaf440fa0776b6d846f2: 77 ms
Input: 1000000,
Cold Start: false
Unique ID: 0d0f48bcc02f9a873653a68023c2839d,
Execution Time for Trace ID 0d0f48bcc02f9a873653a68023c2839d: 83 ms
Input: 1000000,
Cold Start: false
Unique ID: 2ce5e45977ad1ab4fc1dfdd391e8dda9,
Execution Time for Trace ID 2ce5e45977ad1ab4fc1dfdd391e8dda9: 30 ms
Input: 1000000,
Cold Start: false
Unique ID: ba1b69b68cb9f67fb0f3824edceab6f1,
Execution Time for Trace ID ba1b69b68cb9f67fb0f3824edceab6f1: 64 ms
Input: 1000000,
Cold Start: false
Unique ID: 323535eb3a416342b7d0137bef68b4ec,
Execution Time for Trace ID 323535eb3a416342b7d0137bef68b4ec: 30 ms
Input: 1000000,
Cold Start: false
Unique ID: 5e8f7e0f6f21efa11024b2bc024c0f12,
Execution Time for Trace ID 5e8f7e0f6f21efa11024b2bc024c0f12: 76 ms
Input: 1000000,
Cold Start: false
Unique ID: 2c5b621985d5942719de14dc129a7440,
Execution Time for Trace ID 2c5b621985d5942719de14dc129a7440: 31 ms
Input: 1000000,
Cold Start: false
Unique ID: 2a21a494c9380b6c323c1d08166c393a,
Execution Time for Trace ID 2a21a494c9380b6c323c1d08166c393a: 73 ms
Input: 1000000,
Cold Start: false
Unique ID: 99da2b2f2097cfad39def8ee5bc4566e,
Execution Time for Trace ID 99da2b2f2097cfad39def8ee5bc4566e: 28 ms
Input: 1000000,
Cold Start: false
Unique ID: 70a11735da46f770f490769d6aadab46,
Execution Time for Trace ID 70a11735da46f770f490769d6aadab46: 33 ms
Input: 1000000,
Cold Start: false
Unique ID: d7f08d8d844977fb5059f4b5333fd370,
Execution Time for Trace ID d7f08d8d844977fb5059f4b5333fd370: 30 ms
Input: 1000000,
Cold Start: false
Unique ID: ff3ad6507251e74986d704e791174f62,
Execution Time for Trace ID ff3ad6507251e74986d704e791174f62: 33 ms
Input: 1000000,
Cold Start: false
Unique ID: 773613e3829a829b74ff57aef2bd0942,
Execution Time for Trace ID 773613e3829a829b74ff57aef2bd0942: 73 ms
Input: 1000000,
Cold Start: false
Unique ID: 2ec8578f506a858d094a4d1b4bdc91bb,
Execution Time for Trace ID 2ec8578f506a858d094a4d1b4bdc91bb: 78 ms
Input: 1000000,
Cold Start: false
Unique ID: d96462836d4726661be314d968edd070,
Execution Time for Trace ID d96462836d4726661be314d968edd070: 29 ms
Input: 1000000,
Cold Start: false
Unique ID: aab20ce5b6b28b543f41d89e1e534063,
Execution Time for Trace ID aab20ce5b6b28b543f41d89e1e534063: 32 ms
Input: 1000000,
Cold Start: false
Unique ID: 01d20e939ad65ce83448ff960bd7f981,
Execution Time for Trace ID 01d20e939ad65ce83448ff960bd7f981: 28 ms
Input: 1000000,
Cold Start: false
Unique ID: df26d812f6ff00ccae700851fb3e3b4b,
Execution Time for Trace ID df26d812f6ff00ccae700851fb3e3b4b: 33 ms
Input: 1000000,
Cold Start: false
Unique ID: 636aed066ba9ebe909f9db6291df1a80,
Execution Time for Trace ID 636aed066ba9ebe909f9db6291df1a80: 34 ms
Input: 1000000,
Cold Start: false
Unique ID: 8d390fb4d7c38d06598c3b71484599a9,
Execution Time for Trace ID 8d390fb4d7c38d06598c3b71484599a9: 71 ms
Input: 1000000,
Cold Start: false
Unique ID: a473e8877e9b863718ee454c296b0b15,
Execution Time for Trace ID a473e8877e9b863718ee454c296b0b15: 32 ms
Input: 1000000,
Cold Start: false
Unique ID: 17e9d846e463a0801eb902903d199591,
Execution Time for Trace ID 17e9d846e463a0801eb902903d199591: 73 ms
Input: 1000000,
Cold Start: false
Unique ID: 5fe4a8eedb5bb3f768a3db5c71b89147,
Execution Time for Trace ID 5fe4a8eedb5bb3f768a3db5c71b89147: 58 ms
Input: 1000000,
Cold Start: false
Unique ID: 66fbc5a6f34f223da164141a3dbcf84f,
Execution Time for Trace ID 66fbc5a6f34f223da164141a3dbcf84f: 32 ms
Input: 1000000,
Cold Start: false
Unique ID: f66cb89c1bd866f10ed8e7bca4f027ea,
Execution Time for Trace ID f66cb89c1bd866f10ed8e7bca4f027ea: 43 ms
Input: 1000000,
Cold Start: false
Unique ID: 764afe17abc468f1afa99b27e251b038,
Execution Time for Trace ID 764afe17abc468f1afa99b27e251b038: 31 ms
Input: 1000000,
Cold Start: false
Unique ID: e8ab892dae03fc8d46d90fdd2d650a7a,
Execution Time for Trace ID e8ab892dae03fc8d46d90fdd2d650a7a: 61 ms
Input: 1000000,
Cold Start: false
Unique ID: 3e7586e758d3dc93a36c0cfa5766f630,
Execution Time for Trace ID 3e7586e758d3dc93a36c0cfa5766f630: 37 ms
Input: 1000000,
Cold Start: false
Unique ID: 6996d68b4ca2cd7621f7ebd73f2f7e99,
Execution Time for Trace ID 6996d68b4ca2cd7621f7ebd73f2f7e99: 60 ms
Input: 1000000,
Cold Start: false
Unique ID: f251106a6ce783070aa8ec821773cbb1,
Execution Time for Trace ID f251106a6ce783070aa8ec821773cbb1: 61 ms
Input: 1000000,
Cold Start: false
Unique ID: 36a67a90b1dee94222d89d9e195e7b1c,
Execution Time for Trace ID 36a67a90b1dee94222d89d9e195e7b1c: 57 ms
Input: 1000000,
Cold Start: false
Unique ID: 98f174148b22ed1d19e28cd837cf308a,
Execution Time for Trace ID 98f174148b22ed1d19e28cd837cf308a: 39 ms
Input: 1000000,
Cold Start: false
Unique ID: 8e02b9249114342a2f7678a356fa69c7,
Execution Time for Trace ID 8e02b9249114342a2f7678a356fa69c7: 62 ms
Input: 1000000,
Cold Start: false
Unique ID: 61e76fa447c5feaa72f0eca33e36e323,
Execution Time for Trace ID 61e76fa447c5feaa72f0eca33e36e323: 31 ms
Input: 1000000,
Cold Start: false
Unique ID: 5ea0c66de890412442f2414218c088ec,
Execution Time for Trace ID 5ea0c66de890412442f2414218c088ec: 62 ms
Input: 1000000,
Cold Start: false
Unique ID: 7662c19a4f9e82a5873518934ec7a013,
Execution Time for Trace ID 7662c19a4f9e82a5873518934ec7a013: 28 ms
Input: 1000000,
Cold Start: false
Unique ID: 56b226c80b8795cda4bc47984beb07ca,
Execution Time for Trace ID 56b226c80b8795cda4bc47984beb07ca: 41 ms
Input: 1000000,
Cold Start: false
Unique ID: 3cb514de4bdadd41567b87dc4e825c1d,
Execution Time for Trace ID 3cb514de4bdadd41567b87dc4e825c1d: 33 ms
Input: 1000000,
Cold Start: false
Unique ID: af35386bfa42c9f97abe6cf24c8d09bd,
Execution Time for Trace ID af35386bfa42c9f97abe6cf24c8d09bd: 57 ms
Input: 1000000,
Cold Start: false
Unique ID: c762564f6fc9a2c67bd62b6f8adf9ad9,
Execution Time for Trace ID c762564f6fc9a2c67bd62b6f8adf9ad9: 27 ms
Input: 1000000,
Cold Start: false
Unique ID: 0eaba85936f0ec857a649680c35e8345,
Execution Time for Trace ID 0eaba85936f0ec857a649680c35e8345: 62 ms
Input: 1000000,
Cold Start: false
Unique ID: d3726d495e2a86cdd71a079a689547bd,
Execution Time for Trace ID d3726d495e2a86cdd71a079a689547bd: 29 ms
Input: 1000000,
Cold Start: false
Unique ID: efa24e06a4657710ce77365c3f36d107,
Execution Time for Trace ID efa24e06a4657710ce77365c3f36d107: 65 ms
Input: 1000000,
Cold Start: false
Unique ID: 81d8b48e07616561af7045320a335f3e,
Execution Time for Trace ID 81d8b48e07616561af7045320a335f3e: 30 ms
Input: 1000000,
Cold Start: false
Unique ID: 5bd7fcf81e9acd27ce5b3533b9cd159e,
Execution Time for Trace ID 5bd7fcf81e9acd27ce5b3533b9cd159e: 47 ms
Input: 1000000,
Cold Start: false
Unique ID: 4659710f8f54b321c72879f93718a15e,
Execution Time for Trace ID 4659710f8f54b321c72879f93718a15e: 29 ms
Input: 1000000,
Cold Start: false
Unique ID: 0f2727a3ce7f3decc5fda43dea951d96,
Execution Time for Trace ID 0f2727a3ce7f3decc5fda43dea951d96: 64 ms
Input: 1000000,
Cold Start: false
Unique ID: 893ea8b31c326bfbab6b78f01ce5cd9c,
Execution Time for Trace ID 893ea8b31c326bfbab6b78f01ce5cd9c: 30 ms
Input: 1000000,
Cold Start: false
Unique ID: 958bff38756937b65abd212c9ee94c92,
Execution Time for Trace ID 958bff38756937b65abd212c9ee94c92: 67 ms
Input: 1000000,
Cold Start: false
Unique ID: e2184a24874f04ceef3fe875cb5e14b3,
Execution Time for Trace ID e2184a24874f04ceef3fe875cb5e14b3: 65 ms
Input: 1000000,
Cold Start: false
Unique ID: 3653ff73548978722ed0489cd59c0a8c,
Execution Time for Trace ID 3653ff73548978722ed0489cd59c0a8c: 31 ms
Input: 1000000,
Cold Start: false
Unique ID: 4ba6d6df6fc3f6a811280d91d41dab69,
Execution Time for Trace ID 4ba6d6df6fc3f6a811280d91d41dab69: 32 ms
Input: 1000000,
Cold Start: false
Unique ID: 906e237c92c508ea5c410f749038e543,
Execution Time for Trace ID 906e237c92c508ea5c410f749038e543: 74 ms
Input: 1000000,
Cold Start: false
Unique ID: 8fbd9daeac0e1e54b937ae42e41a0d8f,
Execution Time for Trace ID 8fbd9daeac0e1e54b937ae42e41a0d8f: 30 ms
Input: 1000000,
Cold Start: false
Unique ID: 6034ea21bf59021f995d8667f4377dca,
Execution Time for Trace ID 6034ea21bf59021f995d8667f4377dca: 51 ms
Input: 1000000,
Cold Start: false
Unique ID: b372d403c00466cbcf8133cef57afaaa,
Execution Time for Trace ID b372d403c00466cbcf8133cef57afaaa: 29 ms
Input: 1000000,
Cold Start: false
Unique ID: 6e6ad638d59e15401d49c092a208c88d,
Execution Time for Trace ID 6e6ad638d59e15401d49c092a208c88d: 65 ms
Input: 1000000,
Cold Start: false
Unique ID: 164523e08601c2f2ed6671a59ad2e2e6,
Execution Time for Trace ID 164523e08601c2f2ed6671a59ad2e2e6: 30 ms
Input: 1000000,
Cold Start: false
Unique ID: 73423e9812ab3d4471f2c9462352bbbf,
Execution Time for Trace ID 73423e9812ab3d4471f2c9462352bbbf: 36 ms
Input: 1000000,
Cold Start: false
Unique ID: 2a00ba9f8ae885cc00c63093a0e92a7e,
Execution Time for Trace ID 2a00ba9f8ae885cc00c63093a0e92a7e: 68 ms
Input: 1000000,
Cold Start: false
Unique ID: db17a67678077f32361e2f76f9b47dc2,
Execution Time for Trace ID db17a67678077f32361e2f76f9b47dc2: 70 ms
Input: 1000000,
Cold Start: false
Unique ID: 834106cac914597f081b0e3f3f1cc027,
Execution Time for Trace ID 834106cac914597f081b0e3f3f1cc027: 36 ms
Input: 1000000,
Cold Start: false
Unique ID: 04dddb26bcd9e70c2b6cc89b3d280a36,
Execution Time for Trace ID 04dddb26bcd9e70c2b6cc89b3d280a36: 70 ms
Input: 1000000,
Cold Start: false
Unique ID: c9f2acc230a344313e47272da9457769,
Execution Time for Trace ID c9f2acc230a344313e47272da9457769: 30 ms
Input: 1000000,
Cold Start: false
Unique ID: 285ad11bad689cb903c63af8887cb52d,
Execution Time for Trace ID 285ad11bad689cb903c63af8887cb52d: 65 ms
Input: 1000000,
Cold Start: false
Unique ID: ff149e2b8c22f9cc13ea3febfc6a0359,
Execution Time for Trace ID ff149e2b8c22f9cc13ea3febfc6a0359: 29 ms
Input: 1000000,
Cold Start: false
Unique ID: 4399dc08cd0caa5f33624ab6e3f67197,
Execution Time for Trace ID 4399dc08cd0caa5f33624ab6e3f67197: 32 ms
Input: 1000000,
Cold Start: false
Unique ID: 106b5dbc384998ec0e2d3a7ba6146a77,
Execution Time for Trace ID 106b5dbc384998ec0e2d3a7ba6146a77: 33 ms
Input: 1000000,
Cold Start: false
Unique ID: f17d34beca44b8627e607f6f6a231a0e,
Execution Time for Trace ID f17d34beca44b8627e607f6f6a231a0e: 42 ms
Input: 1000000,
Cold Start: false
Unique ID: 2fef7cd7a6a8ed40767ea5ac39493562,
Execution Time for Trace ID 2fef7cd7a6a8ed40767ea5ac39493562: 31 ms
Input: 1000000,
Cold Start: false
Unique ID: 65ef2ea22c0ad1d859028a1949ea210d,
Execution Time for Trace ID 65ef2ea22c0ad1d859028a1949ea210d: 61 ms
Input: 1000000,
Cold Start: false
Unique ID: dde56ad5888c3ed1c1006b00709f7f33,
Execution Time for Trace ID dde56ad5888c3ed1c1006b00709f7f33: 30 ms
Input: 1000000,
Cold Start: false
Unique ID: c6b82db5b3f64afe1b150aefb8189540,
Execution Time for Trace ID c6b82db5b3f64afe1b150aefb8189540: 33 ms
Input: 1000000,
Cold Start: false
Unique ID: c73d9a0546ebe9190484cb6127c5f584,
Execution Time for Trace ID c73d9a0546ebe9190484cb6127c5f584: 29 ms
Input: 1000000,
Cold Start: false
Unique ID: 18fa42223a5dd35d7dc6100a9606076e,
Execution Time for Trace ID 18fa42223a5dd35d7dc6100a9606076e: 58 ms
Input: 1000000,
Cold Start: false
Unique ID: 62cd485beff0cc91d45875f035c075ac,
Execution Time for Trace ID 62cd485beff0cc91d45875f035c075ac: 31 ms
Input: 1000000,
Cold Start: false
Unique ID: 81101bb30b59301910e76a9d1f62d520,
Execution Time for Trace ID 81101bb30b59301910e76a9d1f62d520: 70 ms
Input: 1000000,
Cold Start: false
Unique ID: 593690af239ecc859cfd95ceef0871bf,
Execution Time for Trace ID 593690af239ecc859cfd95ceef0871bf: 35 ms
Input: 1000000,
Cold Start: false
Unique ID: ded045636426c74c3ebdb056ebe58eb4,
Execution Time for Trace ID ded045636426c74c3ebdb056ebe58eb4: 64 ms
Input: 1000000,
Cold Start: false
Unique ID: 71428c27bbe9d90ad58eacc4449e8a29,
Execution Time for Trace ID 71428c27bbe9d90ad58eacc4449e8a29: 29 ms
Input: 1000000,
Cold Start: false
Unique ID: c7e2d32ccef68b73ea2dbb6758d6e300,
Execution Time for Trace ID c7e2d32ccef68b73ea2dbb6758d6e300: 37 ms
Input: 1000000,
Cold Start: false
Unique ID: bf69163b15d5feca02a8d8ab95cc18c8,
Execution Time for Trace ID bf69163b15d5feca02a8d8ab95cc18c8: 29 ms
Input: 1000000,
Cold Start: false
Unique ID: 8636558aa1badd62cd3ed83a29004d9b,
Execution Time for Trace ID 8636558aa1badd62cd3ed83a29004d9b: 66 ms
Input: 1000000,
Cold Start: false
Unique ID: d7bea4a1e323d911cb2794acfcaae285,
Execution Time for Trace ID d7bea4a1e323d911cb2794acfcaae285: 31 ms
Input: 1000000,
Cold Start: false
Unique ID: 0b8825ca24e0f4f2f6040cce2e462c80,
Execution Time for Trace ID 0b8825ca24e0f4f2f6040cce2e462c80: 67 ms
Input: 1000000,
Cold Start: false
Unique ID: af7a789916d08911a5a41f91c1397aa3,
Execution Time for Trace ID af7a789916d08911a5a41f91c1397aa3: 33 ms
Input: 1000000,
Cold Start: false
Unique ID: 706bc010c8f081c470f28b1dfec3c6be,
Execution Time for Trace ID 706bc010c8f081c470f28b1dfec3c6be: 65 ms
Input: 1000000,
Cold Start: false
Unique ID: 46c11c0fa4d23b5f507cd3b973da92c5,
Execution Time for Trace ID 46c11c0fa4d23b5f507cd3b973da92c5: 32 ms
Input: 1000000,
Cold Start: false
Unique ID: 8599ae3bcb1ea78e78fe09eb308c3a9c,
Execution Time for Trace ID 8599ae3bcb1ea78e78fe09eb308c3a9c: 65 ms
Input: 1000000,
Cold Start: false
Unique ID: a32ce7d729f502c4115c1f7a4c314e46,
Execution Time for Trace ID a32ce7d729f502c4115c1f7a4c314e46: 29 ms
Input: 1000000,
Cold Start: false
Unique ID: bb67dd8dc9195afc2b8321ea286a45d3,
Execution Time for Trace ID bb67dd8dc9195afc2b8321ea286a45d3: 51 ms
Input: 1000000,
Cold Start: false
Unique ID: 1fbdc8c90819365536cd986738543a19,
Execution Time for Trace ID 1fbdc8c90819365536cd986738543a19: 33 ms
Input: 1000000,
Cold Start: false
Unique ID: 314c949d7cc2ffb366b1bf3856c04a2c,
Execution Time for Trace ID 314c949d7cc2ffb366b1bf3856c04a2c: 44 ms
Input: 1000000,
Cold Start: false
Unique ID: 2a241aca0f7ccfdb51bd712e90a53580,
Execution Time for Trace ID 2a241aca0f7ccfdb51bd712e90a53580: 29 ms
Input: 1000000,
Cold Start: false
Unique ID: 2b9b8557b83476c3fea01bd1eee1afab,
Execution Time for Trace ID 2b9b8557b83476c3fea01bd1eee1afab: 64 ms
Input: 1000000,
Cold Start: false
Unique ID: ad453e167e4b8daed4657187b9e270ff,
Execution Time for Trace ID ad453e167e4b8daed4657187b9e270ff: 31 ms
Input: 1000000,
Cold Start: false
Unique ID: e0802c0221fef6faa3f4b2c0453c6691,
Execution Time for Trace ID e0802c0221fef6faa3f4b2c0453c6691: 31 ms
Input: 1000000,
Cold Start: false
Unique ID: 53360b95ee2c4f55fee926b27fb88284,
Execution Time for Trace ID 53360b95ee2c4f55fee926b27fb88284: 33 ms
Input: 1000000,
Cold Start: false
Unique ID: 89c8c69b5e935f5d8d68fd14e7f6c08c,
Execution Time for Trace ID 89c8c69b5e935f5d8d68fd14e7f6c08c: 51 ms
Input: 1000000,
Cold Start: false
Unique ID: b8815a2e65522dcf1b4f71b0023acd19,
Execution Time for Trace ID b8815a2e65522dcf1b4f71b0023acd19: 68 ms
Input: 1000000,
Cold Start: false
Unique ID: fcd13635e9c2758cd4657187b9e2755d,
Execution Time for Trace ID fcd13635e9c2758cd4657187b9e2755d: 32 ms
Input: 1000000,
Cold Start: false
Unique ID: 306ca241c0fce7d8fe59c512e6452488,
Execution Time for Trace ID 306ca241c0fce7d8fe59c512e6452488: 29 ms
Input: 1000000,
Cold Start: false
Unique ID: 6b08591c408c875e79fdc725f35918d9,
Execution Time for Trace ID 6b08591c408c875e79fdc725f35918d9: 31 ms
Input: 1000000,
Cold Start: false
Unique ID: 06fccabda3464d27b584d90f28080cbb,
Execution Time for Trace ID 06fccabda3464d27b584d90f28080cbb: 29 ms
Input: 1000000,
Cold Start: false
Unique ID: 4f1b41e6c5765b9309d534b2afb591ac,
Execution Time for Trace ID 4f1b41e6c5765b9309d534b2afb591ac: 57 ms
Input: 1000000,
Cold Start: false
Unique ID: 8dd5b98de64c26bc638342cb5b596ac0,
Execution Time for Trace ID 8dd5b98de64c26bc638342cb5b596ac0: 29 ms
Input: 1000000,
Cold Start: false
Unique ID: 6923e1407a71e1d2179b4e6eea696044,
Execution Time for Trace ID 6923e1407a71e1d2179b4e6eea696044: 35 ms
Input: 1000000,
Cold Start: false
Unique ID: 2fa8dc0a28a84393ad3bf803f9dd3029,
Execution Time for Trace ID 2fa8dc0a28a84393ad3bf803f9dd3029: 31 ms
Input: 1000000,
Cold Start: false
Unique ID: 63d801ecf32dd259bdad3395f0c1794f,
Execution Time for Trace ID 63d801ecf32dd259bdad3395f0c1794f: 35 ms
Input: 1000000,
Cold Start: false
Unique ID: ae0ee15bddb9fc0443ef8c536f653ae3,
Execution Time for Trace ID ae0ee15bddb9fc0443ef8c536f653ae3: 87 ms
Input: 1000000,
Cold Start: false
Unique ID: 19bcfb1aede00a47d7d66d9e250480e9,
Execution Time for Trace ID 19bcfb1aede00a47d7d66d9e250480e9: 70 ms
Input: 1000000,
Cold Start: false
Unique ID: 15ea3b433a8d3ddad84ba965031450af,
Execution Time for Trace ID 15ea3b433a8d3ddad84ba965031450af: 30 ms
Input: 1000000,
Cold Start: false
Unique ID: 89fcfbea9687b0abb01d4893e155cf30,
Execution Time for Trace ID 89fcfbea9687b0abb01d4893e155cf30: 36 ms
Input: 1000000,
Cold Start: false
Unique ID: 7158f40d41671d89f09237abdbd96ed4,
Execution Time for Trace ID 7158f40d41671d89f09237abdbd96ed4: 33 ms
Input: 1000000,
Cold Start: false
Unique ID: a713b31e78afafccbbf6e382d2b67f0f,
Execution Time for Trace ID a713b31e78afafccbbf6e382d2b67f0f: 67 ms
Input: 1000000,
Cold Start: false
Unique ID: 8be1c617040b295597b456afc56b24cf,
Execution Time for Trace ID 8be1c617040b295597b456afc56b24cf: 28 ms
Input: 1000000,
Cold Start: false
Unique ID: 48d6eaec9f81910f7de5965619dd7c28,
Execution Time for Trace ID 48d6eaec9f81910f7de5965619dd7c28: 39 ms
Input: 1000000,
Cold Start: false
Unique ID: acf3929274a1b339a2719c8ca5b6569c,
Execution Time for Trace ID acf3929274a1b339a2719c8ca5b6569c: 33 ms
Input: 1000000,
Cold Start: false
Unique ID: 770cf7ace4fd5452a97bb59c223cf8a6,
Execution Time for Trace ID 770cf7ace4fd5452a97bb59c223cf8a6: 68 ms
Input: 1000000,
Cold Start: false
Unique ID: 7daf60c3ec04aa32d4b68f4998cca570,
Execution Time for Trace ID 7daf60c3ec04aa32d4b68f4998cca570: 67 ms
Input: 1000000,
Cold Start: false
Unique ID: 26bbc3f387fb06edc582944480435740,
Execution Time for Trace ID 26bbc3f387fb06edc582944480435740: 71 ms
Input: 1000000,
Cold Start: false
Unique ID: c16dc643a03758a9192a9451299895e5,
Execution Time for Trace ID c16dc643a03758a9192a9451299895e5: 33 ms
Input: 1000000,
Cold Start: false
Unique ID: 1cc9ef15f36bdfd7b18bd6b87e4c8a5c,
Execution Time for Trace ID 1cc9ef15f36bdfd7b18bd6b87e4c8a5c: 77 ms
Input: 1000000,
Cold Start: false
Unique ID: 40e8e27af4182f702375d53bf7c9ede5,
Execution Time for Trace ID 40e8e27af4182f702375d53bf7c9ede5: 37 ms
Input: 1000000,
Cold Start: false
Unique ID: 26dfe37e9539356d588dfdddf9c1a1fe,
Execution Time for Trace ID 26dfe37e9539356d588dfdddf9c1a1fe: 36 ms
Input: 1000000,
Cold Start: false
Unique ID: 4183537174c41fa9dec49f7cef6d6bc4,
Execution Time for Trace ID 4183537174c41fa9dec49f7cef6d6bc4: 29 ms
Input: 1000000,
Cold Start: false
Unique ID: 8533f8d1450c4ad2a61af7530cbfb579,
Execution Time for Trace ID 8533f8d1450c4ad2a61af7530cbfb579: 54 ms
Input: 1000000,
Cold Start: false
Unique ID: b427a1600a7e5fbf7c271b090e9163f0,
Execution Time for Trace ID b427a1600a7e5fbf7c271b090e9163f0: 31 ms
Input: 1000000,
Cold Start: false
Unique ID: 1d455bfdbd0f2ea206ffd1b717618723,
Execution Time for Trace ID 1d455bfdbd0f2ea206ffd1b717618723: 63 ms
Input: 1000000,
Cold Start: false
Unique ID: 7c115a2abcbc34d7fe4fa2ab3a200d14,
Execution Time for Trace ID 7c115a2abcbc34d7fe4fa2ab3a200d14: 69 ms
Input: 1000000,
Cold Start: false
Unique ID: 1f53173a6bc4f2209df888bddbae8955,
Execution Time for Trace ID 1f53173a6bc4f2209df888bddbae8955: 31 ms
Input: 1000000,
Cold Start: false
Unique ID: 3c7d00fa7e348a913fc9d2a20664b797,
Execution Time for Trace ID 3c7d00fa7e348a913fc9d2a20664b797: 31 ms
Input: 1000000,
Cold Start: false
Unique ID: 568bfb043004b7e68d9aebf12a314fd8,
Execution Time for Trace ID 568bfb043004b7e68d9aebf12a314fd8: 61 ms
Input: 1000000,
Cold Start: false
Unique ID: fee4371a7b917912ba272f3e53e28080,
Execution Time for Trace ID fee4371a7b917912ba272f3e53e28080: 29 ms
Input: 1000000,
Cold Start: false
Unique ID: 63f4751b6733c0163f16b71f6a3c9775,
Execution Time for Trace ID 63f4751b6733c0163f16b71f6a3c9775: 69 ms
Input: 1000000,
Cold Start: false
Unique ID: 0df1675f5ec51753a0af1507de4cf005,
Execution Time for Trace ID 0df1675f5ec51753a0af1507de4cf005: 29 ms
Input: 1000000,
Cold Start: false
Unique ID: b115be055fd15ac955394416c9ec8598,
Execution Time for Trace ID b115be055fd15ac955394416c9ec8598: 62 ms
Input: 1000000,
Cold Start: false
Unique ID: e98f11dbdc18968e22be081f9e1244bd,
Execution Time for Trace ID e98f11dbdc18968e22be081f9e1244bd: 30 ms
Input: 1000000,
Cold Start: false
Unique ID: f7dabc066941fd57b6bed2f7a4711d70,
Execution Time for Trace ID f7dabc066941fd57b6bed2f7a4711d70: 29 ms
Input: 1000000,
Cold Start: false
Unique ID: 3895e110e1561189d098c13388229bf6,
Execution Time for Trace ID 3895e110e1561189d098c13388229bf6: 29 ms
Input: 1000000,
Cold Start: false
Unique ID: 61ffed3bf8783350eb2be983ea2e23d5,
Execution Time for Trace ID 61ffed3bf8783350eb2be983ea2e23d5: 30 ms
Input: 1000000,
Cold Start: false
Unique ID: e353e186c04f5c492481fc69b5d37e79,
Execution Time for Trace ID e353e186c04f5c492481fc69b5d37e79: 30 ms
Input: 1000000,
Cold Start: false
Unique ID: 6ce866233369086453562cd034d5d849,
Execution Time for Trace ID 6ce866233369086453562cd034d5d849: 31 ms
Input: 1000000,
Cold Start: false
Unique ID: 174b6c7f46b78f5757bc4f61e8d0c74e,
Execution Time for Trace ID 174b6c7f46b78f5757bc4f61e8d0c74e: 28 ms
Input: 1000000,
Cold Start: false
Unique ID: 6e47e3c147066fc396751bf1f1e7698e,
Execution Time for Trace ID 6e47e3c147066fc396751bf1f1e7698e: 69 ms
Input: 1000000,
Cold Start: false
Unique ID: 8e14e6c2e0924a24d6fbb188b2222236,
Execution Time for Trace ID 8e14e6c2e0924a24d6fbb188b2222236: 31 ms
Input: 1000000,
Cold Start: false
Unique ID: 10bfe33fcfa0965a06aef55035c7c292,
Execution Time for Trace ID 10bfe33fcfa0965a06aef55035c7c292: 40 ms
Input: 1000000,
Cold Start: false
Unique ID: 47886bb1745b06860177e228962ec575,
Execution Time for Trace ID 47886bb1745b06860177e228962ec575: 29 ms
Input: 1000000,
Cold Start: false
Unique ID: afdc24bc33803ce061e0f58b18f3a934,
Execution Time for Trace ID afdc24bc33803ce061e0f58b18f3a934: 31 ms
Input: 1000000,
Cold Start: false
Unique ID: 6bdcb28cc1e2390389d35d08a94c5de1,
Execution Time for Trace ID 6bdcb28cc1e2390389d35d08a94c5de1: 67 ms
Input: 1000000,
Cold Start: false
Unique ID: 93f4457ffdc2013760826fb786aaeb76,
Execution Time for Trace ID 93f4457ffdc2013760826fb786aaeb76: 65 ms
Input: 1000000,
Cold Start: false
Unique ID: 1c39756a828a7d38dbbc72bc80aa705f,
Execution Time for Trace ID 1c39756a828a7d38dbbc72bc80aa705f: 28 ms
Input: 1000000,
Cold Start: false
Unique ID: 92f189a0b4b707a99a22ab765b262a45,
Execution Time for Trace ID 92f189a0b4b707a99a22ab765b262a45: 33 ms
Input: 1000000,
Cold Start: false
Unique ID: e678a94003c5cbbb57b50e7f5109456e,
Execution Time for Trace ID e678a94003c5cbbb57b50e7f5109456e: 30 ms
Input: 1000000,
Cold Start: false
Unique ID: e1ed2b155d9649ad180dd75c984e2b51,
Execution Time for Trace ID e1ed2b155d9649ad180dd75c984e2b51: 61 ms
Input: 1000000,
Cold Start: false
Unique ID: d9408f9e1ca293a077d3fd044b7c7568,
Execution Time for Trace ID d9408f9e1ca293a077d3fd044b7c7568: 27 ms
Input: 1000000,
Cold Start: false
Unique ID: bdb05ef9a8753d5f9251795c2809cad8,
Execution Time for Trace ID bdb05ef9a8753d5f9251795c2809cad8: 30 ms
Input: 1000000,
Cold Start: false
Unique ID: 1d62fb1ddc147894f4dd1a493cb7ddfb,
Execution Time for Trace ID 1d62fb1ddc147894f4dd1a493cb7ddfb: 61 ms
Input: 1000000,
Cold Start: false
Unique ID: 1fed9b12960e14cebde8251d48194f96,
Execution Time for Trace ID 1fed9b12960e14cebde8251d48194f96: 50 ms
Input: 1000000,
Cold Start: false
Unique ID: 77b95a198ec44a4bf08902a5d8d496f5,
Execution Time for Trace ID 77b95a198ec44a4bf08902a5d8d496f5: 30 ms
Input: 1000000,
Cold Start: false
Unique ID: bb0aa719fc068441e325a1fcbfa6ff84,
Execution Time for Trace ID bb0aa719fc068441e325a1fcbfa6ff84: 66 ms
Input: 1000000,
Cold Start: false
Unique ID: 5d31c31ceaab5ad8d668d150b496974f,
Execution Time for Trace ID 5d31c31ceaab5ad8d668d150b496974f: 32 ms
Input: 1000000,
Cold Start: false
Unique ID: 7b798b95b0907be9d4444aa5248fabdd,
Execution Time for Trace ID 7b798b95b0907be9d4444aa5248fabdd: 42 ms
Input: 1000000,
Cold Start: false
Unique ID: 459dd00bb9ad7b1ad504d338b0bf559d,
Execution Time for Trace ID 459dd00bb9ad7b1ad504d338b0bf559d: 30 ms
Input: 1000000,
Cold Start: false
Unique ID: 5a7c96281223c7bae61c7a1c0f5c590b,
Execution Time for Trace ID 5a7c96281223c7bae61c7a1c0f5c590b: 67 ms
Input: 1000000,
Cold Start: false
Unique ID: f534f0a31420fdadecb448785fc9600d,
Execution Time for Trace ID f534f0a31420fdadecb448785fc9600d: 29 ms
Input: 1000000,
Cold Start: false
Unique ID: bedd6b2974c97986b2d4f5f1ad21561b,
Execution Time for Trace ID bedd6b2974c97986b2d4f5f1ad21561b: 32 ms
Input: 1000000,
Cold Start: false
Unique ID: 860769e32eb8f605025600dfa31f279a,
Execution Time for Trace ID 860769e32eb8f605025600dfa31f279a: 30 ms
Input: 1000000,
Cold Start: false
Unique ID: 29c5f3ef0952008055a9aeb740396a8a,
Execution Time for Trace ID 29c5f3ef0952008055a9aeb740396a8a: 37 ms
Input: 1000000,
Cold Start: false
Unique ID: 0d66a7d8fee188635ab634e9ddbaceb6,
Execution Time for Trace ID 0d66a7d8fee188635ab634e9ddbaceb6: 65 ms
Input: 1000000,
Cold Start: false
Unique ID: 7dff591a075ebc3d68497c54206dc516,
Execution Time for Trace ID 7dff591a075ebc3d68497c54206dc516: 63 ms
Input: 1000000,
Cold Start: false
Unique ID: ab521e212d6dbafd48d2f27565c29cfa,
Execution Time for Trace ID ab521e212d6dbafd48d2f27565c29cfa: 29 ms
Input: 1000000,
Cold Start: false
Unique ID: e7e06417edabc31d178cba8eed8fd834,
Execution Time for Trace ID e7e06417edabc31d178cba8eed8fd834: 69 ms
Input: 1000000,
Cold Start: false
Unique ID: 040ea8ca4aaf23b2c653f808315ac9ec,
Execution Time for Trace ID 040ea8ca4aaf23b2c653f808315ac9ec: 30 ms
Input: 1000000,
Cold Start: false
Unique ID: e8a4de65321003f6383df7d87e211345,
Execution Time for Trace ID e8a4de65321003f6383df7d87e211345: 53 ms
Input: 1000000,
Cold Start: false
Unique ID: cda5bb9fa2b41165f27b34ded47f734a,
Execution Time for Trace ID cda5bb9fa2b41165f27b34ded47f734a: 31 ms
Input: 1000000,
Cold Start: false
Unique ID: e22b31f550aba5e28561b3b8f4f95950,
Execution Time for Trace ID e22b31f550aba5e28561b3b8f4f95950: 33 ms
Input: 1000000,
Cold Start: false
Unique ID: 69dbb295d0d34db7aa671e4aa7cc38b3,
Execution Time for Trace ID 69dbb295d0d34db7aa671e4aa7cc38b3: 61 ms
Input: 1000000,
Cold Start: false
Unique ID: 095fcce30eed2703a2972fb70b62fdc9,
Execution Time for Trace ID 095fcce30eed2703a2972fb70b62fdc9: 32 ms
Input: 1000000,
Cold Start: false
Unique ID: 0b7f77e6ab8b5f32f7d4a1856a7164af,
Execution Time for Trace ID 0b7f77e6ab8b5f32f7d4a1856a7164af: 59 ms
Input: 1000000,
Cold Start: false
Unique ID: e6fc0f4a77a1eb5997aaa6076aa91783,
Execution Time for Trace ID e6fc0f4a77a1eb5997aaa6076aa91783: 29 ms
Input: 1000000,
Cold Start: false
Unique ID: 8d31241291b9050df53b6604a7c4edf6,
Execution Time for Trace ID 8d31241291b9050df53b6604a7c4edf6: 33 ms
Input: 1000000,
Cold Start: false
Unique ID: a3ffb19edd61fe2d1bf93b0d2c688a85,
Execution Time for Trace ID a3ffb19edd61fe2d1bf93b0d2c688a85: 29 ms
Input: 1000000,
Cold Start: false
Unique ID: b291e311a2696653131506c16036e498,
Execution Time for Trace ID b291e311a2696653131506c16036e498: 41 ms
Input: 1000000,
Cold Start: false
Unique ID: 203dc8947dcc019ef7fbed4bac6ab5f1,
Execution Time for Trace ID 203dc8947dcc019ef7fbed4bac6ab5f1: 58 ms
Input: 1000000,
Cold Start: false
Unique ID: fa1c618e4023a0e404ed146c977c8a68,
Execution Time for Trace ID fa1c618e4023a0e404ed146c977c8a68: 60 ms
Input: 1000000,
Cold Start: false
Unique ID: 589b8126ab36cd36b152116bf2fc669b,
Execution Time for Trace ID 589b8126ab36cd36b152116bf2fc669b: 31 ms
Input: 1000000,
Cold Start: false
Unique ID: e6bbc61a6ba71d236de20d0bdda4df83,
Execution Time for Trace ID e6bbc61a6ba71d236de20d0bdda4df83: 31 ms
Input: 1000000,
Cold Start: false
Unique ID: 570e1116a551d0e4bce6d33dac399233,
Execution Time for Trace ID 570e1116a551d0e4bce6d33dac399233: 35 ms
Input: 1000000,
Cold Start: false
Unique ID: 2082ee18c647041ec876c965d9ca4dc3,
Execution Time for Trace ID 2082ee18c647041ec876c965d9ca4dc3: 63 ms
Input: 1000000,
Cold Start: false
Unique ID: 3c8a5ae24b094375c105e647f179772a,
Execution Time for Trace ID 3c8a5ae24b094375c105e647f179772a: 31 ms
Input: 1000000,
Cold Start: false
Unique ID: 548fdeca9a71593ace1d1f81f5f837ee,
Execution Time for Trace ID 548fdeca9a71593ace1d1f81f5f837ee: 33 ms
Input: 1000000,
Cold Start: false
Unique ID: e46445d2cd509051eb73c695c16421a9,
Execution Time for Trace ID e46445d2cd509051eb73c695c16421a9: 30 ms
Input: 1000000,
Cold Start: false
Unique ID: 162734edb08d63ca2f5a8abb869163f8,
Execution Time for Trace ID 162734edb08d63ca2f5a8abb869163f8: 59 ms
Input: 1000000,
Cold Start: false
Unique ID: ee3117afc44716790810f25848eca081,
Execution Time for Trace ID ee3117afc44716790810f25848eca081: 30 ms
Input: 1000000,
Cold Start: false
Unique ID: c57d969a6938da6b49be9ab41fb6d4bc,
Execution Time for Trace ID c57d969a6938da6b49be9ab41fb6d4bc: 61 ms
Input: 1000000,
Cold Start: false
Unique ID: f75d87e55d2fd5642fe98cf37add355b,
Execution Time for Trace ID f75d87e55d2fd5642fe98cf37add355b: 30 ms
Input: 1000000,
Cold Start: false
Unique ID: 99478afff373456eaa751b008e361000,
Execution Time for Trace ID 99478afff373456eaa751b008e361000: 35 ms
Input: 1000000,
Cold Start: false
Unique ID: b2176115474436d78f4614f0dcd0b572,
Execution Time for Trace ID b2176115474436d78f4614f0dcd0b572: 31 ms
Input: 1000000,
Cold Start: false
Unique ID: e729a68e9253303d3c2a841f4777974e,
Execution Time for Trace ID e729a68e9253303d3c2a841f4777974e: 65 ms
Input: 1000000,
Cold Start: false
Unique ID: a0fcf1c1e23b3b37232f79d56655f344,
Execution Time for Trace ID a0fcf1c1e23b3b37232f79d56655f344: 29 ms
Input: 1000000,
Cold Start: false
Unique ID: 75c1b2f19fa604115f983cac53bbde26,
Execution Time for Trace ID 75c1b2f19fa604115f983cac53bbde26: 31 ms
Input: 1000000,
Cold Start: false
Unique ID: 1a875bcb137aad49167d5b29c36aee94,
Execution Time for Trace ID 1a875bcb137aad49167d5b29c36aee94: 30 ms
Input: 1000000,
Cold Start: false
Unique ID: 8331b263ffaa35e50340c1145cc7f870,
Execution Time for Trace ID 8331b263ffaa35e50340c1145cc7f870: 31 ms
Input: 1000000,
Cold Start: false
Unique ID: b9e6fb57e7a043b98ce8b5ad38ee1035,
Execution Time for Trace ID b9e6fb57e7a043b98ce8b5ad38ee1035: 64 ms
Input: 1000000,
Cold Start: false
Unique ID: f91fc1625dfa8368392ef2acdb6d9ce0,
Execution Time for Trace ID f91fc1625dfa8368392ef2acdb6d9ce0: 31 ms
Input: 1000000,
Cold Start: false
Unique ID: a9641b605353c6f7b3288bfc40ceeda9,
Execution Time for Trace ID a9641b605353c6f7b3288bfc40ceeda9: 31 ms
Input: 1000000,
Cold Start: false
Unique ID: 2c51a86adee91849b4b56fe5636c1a5a,
Execution Time for Trace ID 2c51a86adee91849b4b56fe5636c1a5a: 51 ms
Input: 1000000,
Cold Start: false
Unique ID: 21f9957057dfb9d39cb7c7113524659c,
Execution Time for Trace ID 21f9957057dfb9d39cb7c7113524659c: 31 ms
Input: 1000000,
Cold Start: false
Unique ID: 9b1907745b787908edbb93915b4796a7,
Execution Time for Trace ID 9b1907745b787908edbb93915b4796a7: 61 ms
Input: 1000000,
Cold Start: false
Unique ID: e3ae4f6d8c745e1016d546ac60658b31,
Execution Time for Trace ID e3ae4f6d8c745e1016d546ac60658b31: 29 ms
Input: 1000000,
Cold Start: false
Unique ID: 2d1f961489cccf046e1554757f384c8c,
Execution Time for Trace ID 2d1f961489cccf046e1554757f384c8c: 59 ms
Input: 1000000,
Cold Start: false
Unique ID: a98f48747742b0bc09369e0d3e5bd72f,
Execution Time for Trace ID a98f48747742b0bc09369e0d3e5bd72f: 28 ms
Input: 1000000,
Cold Start: false
Unique ID: 616060764007830d05bcced8c55c2bff,
Execution Time for Trace ID 616060764007830d05bcced8c55c2bff: 59 ms
Input: 1000000,
Cold Start: false
Unique ID: a17d6d3cdfdba3080af2984a1d9b1d7c,
Execution Time for Trace ID a17d6d3cdfdba3080af2984a1d9b1d7c: 29 ms
Input: 1000000,
Cold Start: false
Unique ID: 7b5ac5dbaf8ee0af2accdbd7b11433e1,
Execution Time for Trace ID 7b5ac5dbaf8ee0af2accdbd7b11433e1: 31 ms
Input: 1000000,
Cold Start: false
Unique ID: e1cc528c60b2679d1b4d239ca7500365,
Execution Time for Trace ID e1cc528c60b2679d1b4d239ca7500365: 28 ms
Input: 1000000,
Cold Start: false
Unique ID: 5c3cddb6ec0e11fa0b288fb48edba260,
Execution Time for Trace ID 5c3cddb6ec0e11fa0b288fb48edba260: 34 ms
Input: 1000000,
Cold Start: false
Unique ID: 4ab97f421e117d2bdebe5e281157c1a7,
Execution Time for Trace ID 4ab97f421e117d2bdebe5e281157c1a7: 29 ms
Input: 1000000,
Cold Start: false
Unique ID: a063ae2a663a7e59f77c07b1a2b54aaf,
Execution Time for Trace ID a063ae2a663a7e59f77c07b1a2b54aaf: 59 ms
Input: 1000000,
Cold Start: false
Unique ID: d0eaf578ba2a5d97b0bb60abd37ee172,
Execution Time for Trace ID d0eaf578ba2a5d97b0bb60abd37ee172: 31 ms
Input: 1000000,
Cold Start: false
Unique ID: 54fd9b6cfc6b4eece721f42f34eb8234,
Execution Time for Trace ID 54fd9b6cfc6b4eece721f42f34eb8234: 65 ms
Input: 1000000,
Cold Start: false
Unique ID: be3173bfb1fd4661d84e113a5a0167d2,
Execution Time for Trace ID be3173bfb1fd4661d84e113a5a0167d2: 30 ms
Input: 1000000,
Cold Start: false
Unique ID: c2499edfbf4340da698dafb2320dd847,
Execution Time for Trace ID c2499edfbf4340da698dafb2320dd847: 57 ms
Input: 1000000,
Cold Start: false
Unique ID: 7e74ffe3123cbf01254b183b3e55196c,
Execution Time for Trace ID 7e74ffe3123cbf01254b183b3e55196c: 62 ms
Input: 1000000,
Cold Start: false
Unique ID: 912e707a4a71b229833e9cca116c0c6d,
Execution Time for Trace ID 912e707a4a71b229833e9cca116c0c6d: 57 ms
Input: 1000000,
Cold Start: false
Unique ID: 585e81dc62eea6a6c93259fe2453f986,
Execution Time for Trace ID 585e81dc62eea6a6c93259fe2453f986: 33 ms
Input: 1000000,
Cold Start: false
Unique ID: ca3cfc092bfc21fde0ac085f1c15c562,
Execution Time for Trace ID ca3cfc092bfc21fde0ac085f1c15c562: 61 ms
Input: 1000000,
Cold Start: false
Unique ID: dad7e738ff6fe1aeebca90d0c74fa4e8,
Execution Time for Trace ID dad7e738ff6fe1aeebca90d0c74fa4e8: 29 ms
Input: 1000000,
Cold Start: false
Unique ID: acd0210597e26bafc52238e9364038cc,
Execution Time for Trace ID acd0210597e26bafc52238e9364038cc: 63 ms
Input: 1000000,
Cold Start: false
Unique ID: 4845ac6bed1fbd4471af7a2a684c3a81,
Execution Time for Trace ID 4845ac6bed1fbd4471af7a2a684c3a81: 33 ms
Input: 1000000,
Cold Start: false
Unique ID: 4e86e371a279e113b7cd4fc10f1f2d75,
Execution Time for Trace ID 4e86e371a279e113b7cd4fc10f1f2d75: 62 ms
Input: 1000000,
Cold Start: false
Unique ID: 22ca72eff336d9be302930c717c0b1ef,
Execution Time for Trace ID 22ca72eff336d9be302930c717c0b1ef: 37 ms
Input: 1000000,
Cold Start: false
Unique ID: 15f69fc61e53aba28aa4e0e27f41bf92,
Execution Time for Trace ID 15f69fc61e53aba28aa4e0e27f41bf92: 37 ms
Input: 1000000,
Cold Start: false
Unique ID: ce6f90924daa4004ca0af80b1caececb,
Execution Time for Trace ID ce6f90924daa4004ca0af80b1caececb: 61 ms
Input: 1000000,
Cold Start: false
Unique ID: 9ede5beb16e1dc35cba6f61870e8c089,
Execution Time for Trace ID 9ede5beb16e1dc35cba6f61870e8c089: 58 ms
Input: 1000000,
Cold Start: false
Unique ID: 1c29dadebd896c232668d283f018f83a,
Execution Time for Trace ID 1c29dadebd896c232668d283f018f83a: 31 ms
Input: 1000000,
Cold Start: false
Unique ID: 99b61e0eb1f93a84934f2f26ddd56108,
Execution Time for Trace ID 99b61e0eb1f93a84934f2f26ddd56108: 57 ms
Input: 1000000,
Cold Start: false
Unique ID: d49c3b42ae92fa5200c9c9689f1c8cb7,
Execution Time for Trace ID d49c3b42ae92fa5200c9c9689f1c8cb7: 30 ms
Input: 1000000,
Cold Start: false
Unique ID: d3268d1c43133c0878300d1442cbaac1,
Execution Time for Trace ID d3268d1c43133c0878300d1442cbaac1: 41 ms
Input: 1000000,
Cold Start: false
Unique ID: 10b2d7e3f5a769b2f5e8a6513435a9a4,
Execution Time for Trace ID 10b2d7e3f5a769b2f5e8a6513435a9a4: 31 ms
Input: 1000000,
Cold Start: false
Unique ID: fae6830e82541b96d65c73eb14e22779,
Execution Time for Trace ID fae6830e82541b96d65c73eb14e22779: 31 ms
Input: 1000000,
Cold Start: false
Unique ID: aba8089969481e6993f1441c179e4a86,
Execution Time for Trace ID aba8089969481e6993f1441c179e4a86: 34 ms
Input: 1000000,
Cold Start: false
Unique ID: af8a80ec6deffd431c12ddb70d1fe417,
Execution Time for Trace ID af8a80ec6deffd431c12ddb70d1fe417: 59 ms
Input: 1000000,
Cold Start: false
Unique ID: 3b7f45e414f389f59a6a064045c9c2d3,
Execution Time for Trace ID 3b7f45e414f389f59a6a064045c9c2d3: 61 ms
Input: 1000000,
Cold Start: false
Unique ID: e340d81ecbc624b7b57dd6be45aa6a9c,
Execution Time for Trace ID e340d81ecbc624b7b57dd6be45aa6a9c: 34 ms
Input: 1000000,
Cold Start: false
Unique ID: 6d81b17cdb949be37532db6e73088edf,
Execution Time for Trace ID 6d81b17cdb949be37532db6e73088edf: 30 ms
Input: 1000000,
Cold Start: false
Unique ID: 41a8cbde6b1c4d66f7ddea66c7c493ce,
Execution Time for Trace ID 41a8cbde6b1c4d66f7ddea66c7c493ce: 61 ms
Input: 1000000,
Cold Start: false
Unique ID: 9d2fd558ceeae6cd9780c60e87ebde06,
Execution Time for Trace ID 9d2fd558ceeae6cd9780c60e87ebde06: 30 ms
Input: 1000000,
Cold Start: false
Unique ID: fd534108bd9aa1fa779267c33cd94a18,
Execution Time for Trace ID fd534108bd9aa1fa779267c33cd94a18: 61 ms
Input: 1000000,
Cold Start: false
Unique ID: bf9d17ba240bd6f14dc2a9b3ae66ebd8,
Execution Time for Trace ID bf9d17ba240bd6f14dc2a9b3ae66ebd8: 29 ms
Input: 1000000,
Cold Start: false
Unique ID: d403d92251df28ed1bb5f9eff58cfbeb,
Execution Time for Trace ID d403d92251df28ed1bb5f9eff58cfbeb: 34 ms
Input: 1000000,
Cold Start: false
Unique ID: f7346cbf23f8f0c69ec035e762f5926e,
Execution Time for Trace ID f7346cbf23f8f0c69ec035e762f5926e: 30 ms
Input: 1000000,
Cold Start: false
Unique ID: 96a6ea1fba84fe4968f1d87b837650e3,
Execution Time for Trace ID 96a6ea1fba84fe4968f1d87b837650e3: 64 ms
Input: 1000000,
Cold Start: false
Unique ID: 24194910b6fba556b9192695211a7645,
Execution Time for Trace ID 24194910b6fba556b9192695211a7645: 63 ms
Input: 1000000,
Cold Start: false
Unique ID: c5acd3e93e2097b15b25c2d40dd11cf5,
Execution Time for Trace ID c5acd3e93e2097b15b25c2d40dd11cf5: 31 ms
Input: 1000000,
Cold Start: false
Unique ID: 418e59324d7d792aa50c3afabbc91392,
Execution Time for Trace ID 418e59324d7d792aa50c3afabbc91392: 30 ms
Input: 1000000,
Cold Start: false
Unique ID: 91eaa1b18e098d7304211234c6919672,
Execution Time for Trace ID 91eaa1b18e098d7304211234c6919672: 34 ms
Input: 1000000,
Cold Start: false
Unique ID: f19ba0ae93a3b87f0892016d3ec5ea32,
Execution Time for Trace ID f19ba0ae93a3b87f0892016d3ec5ea32: 29 ms
Input: 1000000,
Cold Start: false
Unique ID: 92ce59e29a58fbefa9d538e4bebed57d,
Execution Time for Trace ID 92ce59e29a58fbefa9d538e4bebed57d: 64 ms
Input: 1000000,
Cold Start: false
Unique ID: 0358eb8264226e56562ca629748c05ad,
Execution Time for Trace ID 0358eb8264226e56562ca629748c05ad: 31 ms
Input: 1000000,
Cold Start: false
Unique ID: 1395dc390e70b4bc40ecdcc80961df8a,
Execution Time for Trace ID 1395dc390e70b4bc40ecdcc80961df8a: 36 ms
Input: 1000000,
Cold Start: false
Unique ID: 8c7f7eb202b44012e83aeb4866c55378,
Execution Time for Trace ID 8c7f7eb202b44012e83aeb4866c55378: 30 ms
Input: 1000000,
Cold Start: false
Unique ID: cab3354da5f918364e4e01355a9ad6b2,
Execution Time for Trace ID cab3354da5f918364e4e01355a9ad6b2: 60 ms
Input: 1000000,
Cold Start: false
Unique ID: 968e9350afb8d8600c4df84873814f63,
Execution Time for Trace ID 968e9350afb8d8600c4df84873814f63: 30 ms
Input: 1000000,
Cold Start: false
Unique ID: cc4f60254b65ac1486d16cb5cf338ceb,
Execution Time for Trace ID cc4f60254b65ac1486d16cb5cf338ceb: 62 ms
Input: 1000000,
Cold Start: false
Unique ID: ddfd0398209cb37e96273c22d244c95e,
Execution Time for Trace ID ddfd0398209cb37e96273c22d244c95e: 31 ms
Input: 1000000,
Cold Start: false
Unique ID: ef09cbd02750715f7c9a43c805b04d84,
Execution Time for Trace ID ef09cbd02750715f7c9a43c805b04d84: 31 ms
Input: 1000000,
Cold Start: false
Unique ID: 555fbd6ecb9853dbf1702f25c285fbf9,
Execution Time for Trace ID 555fbd6ecb9853dbf1702f25c285fbf9: 30 ms
Input: 1000000,
Cold Start: false
Unique ID: 759a7e2c8a07f96fbe36b30f4562d013,
Execution Time for Trace ID 759a7e2c8a07f96fbe36b30f4562d013: 64 ms
Input: 1000000,
Cold Start: false
Unique ID: 8cdc850038ed697429c645ee243b6326,
Execution Time for Trace ID 8cdc850038ed697429c645ee243b6326: 30 ms
Input: 1000000,
Cold Start: false
Unique ID: 3fcff220dab6a8c280e21aac849c532e,
Execution Time for Trace ID 3fcff220dab6a8c280e21aac849c532e: 64 ms
Input: 1000000,
Cold Start: false
Unique ID: a4789dc7c341fadef3bb2e5338b40b96,
Execution Time for Trace ID a4789dc7c341fadef3bb2e5338b40b96: 32 ms
Input: 1000000,
Cold Start: false
Unique ID: a49faecb95a1840f6fd7aff6d631e114,
Execution Time for Trace ID a49faecb95a1840f6fd7aff6d631e114: 31 ms
Input: 1000000,
Cold Start: false
Unique ID: be2ecab43c5aca96cfab21a7f4c2a6f3,
Execution Time for Trace ID be2ecab43c5aca96cfab21a7f4c2a6f3: 28 ms
Input: 1000000,
Cold Start: false
Unique ID: 5f485b63382bfab298e8fb9860e9594b,
Execution Time for Trace ID 5f485b63382bfab298e8fb9860e9594b: 58 ms
Input: 1000000,
Cold Start: false
Unique ID: fef6c94fa0c152a1674267f1f504dabf,
Execution Time for Trace ID fef6c94fa0c152a1674267f1f504dabf: 31 ms
Input: 1000000,
Cold Start: false
Unique ID: a99c21395ee8f6f0f2573df820dfebf0,
Execution Time for Trace ID a99c21395ee8f6f0f2573df820dfebf0: 56 ms
Input: 1000000,
Cold Start: false
Unique ID: 8a9f1757f87ba5e41578dd1d420124c1,
Execution Time for Trace ID 8a9f1757f87ba5e41578dd1d420124c1: 39 ms
Input: 1000000,
Cold Start: false
Unique ID: c443aa04bb4123cc7597fb270d28b438,
Execution Time for Trace ID c443aa04bb4123cc7597fb270d28b438: 64 ms
Input: 1000000,
Cold Start: false
Unique ID: 930b13fc2bf645209cd0d7e905c1b0c9,
Execution Time for Trace ID 930b13fc2bf645209cd0d7e905c1b0c9: 32 ms
Input: 1000000,
Cold Start: false
Unique ID: dfbcf41cf9b5059471d28d9f5eb47853,
Execution Time for Trace ID dfbcf41cf9b5059471d28d9f5eb47853: 38 ms
Input: 1000000,
Cold Start: false
Unique ID: 6b9fb5232159f1117c9b4b408281f7d5,
Execution Time for Trace ID 6b9fb5232159f1117c9b4b408281f7d5: 34 ms
Input: 1000000,
Cold Start: false
Unique ID: 6edac93cfbc924515e5b14f8bcaa1538,
Execution Time for Trace ID 6edac93cfbc924515e5b14f8bcaa1538: 64 ms
Input: 1000000,
Cold Start: false
Unique ID: c7bb532bdad37b2976d3efc26197a776,
Execution Time for Trace ID c7bb532bdad37b2976d3efc26197a776: 61 ms
Input: 1000000,
Cold Start: false
Unique ID: 4f44cd5fb9a969848e073197337afa43,
Execution Time for Trace ID 4f44cd5fb9a969848e073197337afa43: 38 ms
Input: 1000000,
Cold Start: false
Unique ID: ccd6a9a59de52e398f00ab208266361c,
Execution Time for Trace ID ccd6a9a59de52e398f00ab208266361c: 34 ms
Input: 1000000,
Cold Start: false
Unique ID: 56e4d313aadce8f1f4da318a618c9dbf,
Execution Time for Trace ID 56e4d313aadce8f1f4da318a618c9dbf: 32 ms
Input: 1000000,
Cold Start: false
Unique ID: bc50187cfdf07a18659474aef469bc08,
Execution Time for Trace ID bc50187cfdf07a18659474aef469bc08: 33 ms
Input: 1000000,
Cold Start: false
Unique ID: ec546f78be2040ad21ab03ca59760527,
Execution Time for Trace ID ec546f78be2040ad21ab03ca59760527: 66 ms
Input: 1000000,
Cold Start: false
Unique ID: 57dc239f32d33fb94dda67ba837fa720,
Execution Time for Trace ID 57dc239f32d33fb94dda67ba837fa720: 31 ms
Input: 1000000,
Cold Start: false
Unique ID: 50b754c5199340762abb5b363196ef7d,
Execution Time for Trace ID 50b754c5199340762abb5b363196ef7d: 34 ms
Input: 1000000,
Cold Start: false
Unique ID: bd91a42bdfc43ba1ee24d13fe5042f6b,
Execution Time for Trace ID bd91a42bdfc43ba1ee24d13fe5042f6b: 37 ms
Input: 1000000,
Cold Start: false
Unique ID: 384ffcf7d55a085662235bf14d429865,
Execution Time for Trace ID 384ffcf7d55a085662235bf14d429865: 37 ms
Input: 1000000,
Cold Start: false
Unique ID: 53e1169a1307df453f1e9a6ab50721e7,
Execution Time for Trace ID 53e1169a1307df453f1e9a6ab50721e7: 31 ms
Input: 1000000,
Cold Start: false
Unique ID: 3fc8c9d84dfa6fa6e0041b1684c3dfe5,
Execution Time for Trace ID 3fc8c9d84dfa6fa6e0041b1684c3dfe5: 61 ms
Input: 1000000,
Cold Start: false
Unique ID: 26e69548a6cd61b5f15b5f0ebd4992be,
Execution Time for Trace ID 26e69548a6cd61b5f15b5f0ebd4992be: 43 ms
Input: 1000000,
Cold Start: false
Unique ID: 5b96fcba5333099152abd4a04786417c,
Execution Time for Trace ID 5b96fcba5333099152abd4a04786417c: 49 ms
Input: 1000000,
Cold Start: false
Unique ID: dab9b8691a4dbae58c1924441a1ca032,
Execution Time for Trace ID dab9b8691a4dbae58c1924441a1ca032: 33 ms
Input: 1000000,
Cold Start: false
Unique ID: 0a0167116ec3a0bade163c8e84e6702e,
Execution Time for Trace ID 0a0167116ec3a0bade163c8e84e6702e: 57 ms
Input: 1000000,
Cold Start: false
Unique ID: 701f2d1f782769e5ec41086799779e24,
Execution Time for Trace ID 701f2d1f782769e5ec41086799779e24: 31 ms
Input: 1000000,
Cold Start: false
Unique ID: f89e9c91e202cd7a71d78f85d9ca6474,
Execution Time for Trace ID f89e9c91e202cd7a71d78f85d9ca6474: 57 ms
Input: 1000000,
Cold Start: false
Unique ID: e7824837286080a4a7bf9be242db7ee7,
Execution Time for Trace ID e7824837286080a4a7bf9be242db7ee7: 29 ms
Input: 1000000,
Cold Start: false
Unique ID: 8aacdbe188342d9ea48e074c2f0a3d70,
Execution Time for Trace ID 8aacdbe188342d9ea48e074c2f0a3d70: 61 ms
Input: 1000000,
Cold Start: false
Unique ID: c77f0b58fa519ae2fdcdec725cd8f97c,
Execution Time for Trace ID c77f0b58fa519ae2fdcdec725cd8f97c: 30 ms
Input: 1000000,
Cold Start: false
Unique ID: af9259259e4fc78364226a054ebec787,
Execution Time for Trace ID af9259259e4fc78364226a054ebec787: 62 ms
Input: 1000000,
Cold Start: false
Unique ID: c2b5813b0ab1fed5b079362712eab884,
Execution Time for Trace ID c2b5813b0ab1fed5b079362712eab884: 31 ms
Input: 1000000,
Cold Start: false
Unique ID: 8722c18a9a3015f0acda53e4eb3c9a6d,
Execution Time for Trace ID 8722c18a9a3015f0acda53e4eb3c9a6d: 57 ms
Input: 1000000,
Cold Start: false
Unique ID: 67b78fe0625b241e1f946065c9dbacac,
Execution Time for Trace ID 67b78fe0625b241e1f946065c9dbacac: 28 ms
Input: 1000000,
Cold Start: false
Unique ID: cceb178e5c9a2f217f235b27aeb8541c,
Execution Time for Trace ID cceb178e5c9a2f217f235b27aeb8541c: 51 ms
Input: 1000000,
Cold Start: false
Unique ID: 784f92631ee125a96a0b61832c3be56e,
Execution Time for Trace ID 784f92631ee125a96a0b61832c3be56e: 31 ms
Input: 1000000,
Cold Start: false
Unique ID: ecd59e3ff5b4386e7c3185a4cd9d0115,
Execution Time for Trace ID ecd59e3ff5b4386e7c3185a4cd9d0115: 37 ms
Input: 1000000,
Cold Start: false
Unique ID: 08bc3f9bac331d42e15f17cf1df26235,
Execution Time for Trace ID 08bc3f9bac331d42e15f17cf1df26235: 31 ms
Input: 1000000,
Cold Start: false
Unique ID: a8ddb84642caf22a3389d894b1474141,
Execution Time for Trace ID a8ddb84642caf22a3389d894b1474141: 29 ms
Input: 1000000,
Cold Start: false
Unique ID: fbe7c1e103218775a034a6927f0a0232,
Execution Time for Trace ID fbe7c1e103218775a034a6927f0a0232: 63 ms
Input: 1000000,
Cold Start: false
Unique ID: 5dd92ad3901136cf28636c465707f21d,
Execution Time for Trace ID 5dd92ad3901136cf28636c465707f21d: 31 ms
Input: 1000000,
Cold Start: false
Unique ID: a5dd3cca2ec1bb6feb4e7ff5eb23c1f9,
Execution Time for Trace ID a5dd3cca2ec1bb6feb4e7ff5eb23c1f9: 32 ms
Input: 1000000,
Cold Start: false
Unique ID: 8e940b3cb31870e3ff407dba85d8879c,
Execution Time for Trace ID 8e940b3cb31870e3ff407dba85d8879c: 60 ms
Input: 1000000,
Cold Start: false
Unique ID: 0b2affa3b4fb32e1d39088786a9dcd60,
Execution Time for Trace ID 0b2affa3b4fb32e1d39088786a9dcd60: 32 ms
Input: 1000000,
Cold Start: false
Unique ID: 82d44d7a31b6e553e0e2fc6922c2d44c,
Execution Time for Trace ID 82d44d7a31b6e553e0e2fc6922c2d44c: 62 ms
Input: 1000000,
Cold Start: false
Unique ID: a2155908f615f58439406931640fc5dc,
Execution Time for Trace ID a2155908f615f58439406931640fc5dc: 28 ms
Input: 1000000,
Cold Start: false
Unique ID: 80dd5a309a2ccb5a38defff1ce1890cf,
Execution Time for Trace ID 80dd5a309a2ccb5a38defff1ce1890cf: 62 ms
Input: 1000000,
Cold Start: false
Unique ID: 0e983e931065215da846336219dff04c,
Execution Time for Trace ID 0e983e931065215da846336219dff04c: 63 ms
Input: 1000000,
Cold Start: false
Unique ID: ee3ca3933600d42fa024493f2415e397,
Execution Time for Trace ID ee3ca3933600d42fa024493f2415e397: 30 ms
Input: 1000000,
Cold Start: false
Unique ID: b2797f0fc176a72993bc89273f457afd,
Execution Time for Trace ID b2797f0fc176a72993bc89273f457afd: 32 ms
Input: 1000000,
Cold Start: false
Unique ID: ea1c8c61d89515d5992f13c8c42c4fc7,
Execution Time for Trace ID ea1c8c61d89515d5992f13c8c42c4fc7: 31 ms
Input: 1000000,
Cold Start: false
Unique ID: 5ce7c8ec90abb592768ba29feedfbe84,
Execution Time for Trace ID 5ce7c8ec90abb592768ba29feedfbe84: 41 ms
Input: 1000000,
Cold Start: false
Unique ID: bc4681c0570f80aae3dfc922f7867da0,
Execution Time for Trace ID bc4681c0570f80aae3dfc922f7867da0: 43 ms
Input: 1000000,
Cold Start: false
Unique ID: c3bc39d385559795d2c992fb243dbf0f,
Execution Time for Trace ID c3bc39d385559795d2c992fb243dbf0f: 31 ms
Input: 1000000,
Cold Start: false
Unique ID: 8009bea08925008e856ebd8e0e72b817,
Execution Time for Trace ID 8009bea08925008e856ebd8e0e72b817: 37 ms
Input: 1000000,
Cold Start: false
Unique ID: c94601f2b3fb0c87b4298a461f212d7e,
Execution Time for Trace ID c94601f2b3fb0c87b4298a461f212d7e: 33 ms
Input: 1000000,
Cold Start: false
Unique ID: 421645ca808663b762f8d679ec589756,
Execution Time for Trace ID 421645ca808663b762f8d679ec589756: 36 ms
Input: 1000000,
Cold Start: false
Unique ID: 6fd184ffbf20cd985957b286a9ceeb3b,
Execution Time for Trace ID 6fd184ffbf20cd985957b286a9ceeb3b: 31 ms
Input: 1000000,
Cold Start: false
Unique ID: 4649051c7e2426a3f1dc1ec9d667fec1,
Execution Time for Trace ID 4649051c7e2426a3f1dc1ec9d667fec1: 38 ms
Input: 1000000,
Cold Start: false
Unique ID: 37891c8153aa57834ee909a45f21e2b9,
Execution Time for Trace ID 37891c8153aa57834ee909a45f21e2b9: 28 ms
Input: 1000000,
Cold Start: false
Unique ID: 7da6b2e3ab9545819791b5e39336d29c,
Execution Time for Trace ID 7da6b2e3ab9545819791b5e39336d29c: 34 ms
Input: 1000000,
Cold Start: false
Unique ID: 5eeb7d1564ec7612b15c8d325342a2b8,
Execution Time for Trace ID 5eeb7d1564ec7612b15c8d325342a2b8: 31 ms
Input: 1000000,
Cold Start: false
Unique ID: 675a7268f978e022f274206e8ceaf041,
Execution Time for Trace ID 675a7268f978e022f274206e8ceaf041: 39 ms
Input: 1000000,
Cold Start: false
Unique ID: ac55c6c2fd08fc96aeca6536ad38ef7b,
Execution Time for Trace ID ac55c6c2fd08fc96aeca6536ad38ef7b: 32 ms
Input: 1000000,
Cold Start: false
Unique ID: 4a13ae2e32140e0dae761ce29938205c,
Execution Time for Trace ID 4a13ae2e32140e0dae761ce29938205c: 40 ms
Input: 1000000,
Cold Start: false
Unique ID: 2c78b3921c1cfaf6d3586064298bf572,
Execution Time for Trace ID 2c78b3921c1cfaf6d3586064298bf572: 34 ms
Input: 1000000,
Cold Start: false
Unique ID: 9f0c2710bfe762ed9a88cd2ba488223b,
Execution Time for Trace ID 9f0c2710bfe762ed9a88cd2ba488223b: 40 ms
Input: 1000000,
Cold Start: false
Unique ID: e81fb2f2d8348ef8ccfb5d75cd5c2298,
Execution Time for Trace ID e81fb2f2d8348ef8ccfb5d75cd5c2298: 32 ms
Input: 1000000,
Cold Start: false
Unique ID: 9c6aa6beae6ec9948ddd7f0b6fe4097b,
Execution Time for Trace ID 9c6aa6beae6ec9948ddd7f0b6fe4097b: 41 ms
Input: 1000000,
Cold Start: false
Unique ID: 026f99e0746736befedd269e5a2fd60e,
Execution Time for Trace ID 026f99e0746736befedd269e5a2fd60e: 32 ms
Input: 1000000,
Cold Start: false
Unique ID: 45a7ac4b9796f0e574952718951abc67,
Execution Time for Trace ID 45a7ac4b9796f0e574952718951abc67: 37 ms
Input: 1000000,
Cold Start: false
Unique ID: 36c1f6811160503d99213970eaffe875,
Execution Time for Trace ID 36c1f6811160503d99213970eaffe875: 32 ms
Input: 1000000,
Cold Start: false
Unique ID: 748eb7dc353983d85260c97ba1aab437,
Execution Time for Trace ID 748eb7dc353983d85260c97ba1aab437: 34 ms
Input: 1000000,
Cold Start: false
Unique ID: 63ff154110f740ab01c9bfbb72dbfb28,
Execution Time for Trace ID 63ff154110f740ab01c9bfbb72dbfb28: 33 ms
Input: 1000000,
Cold Start: false
Unique ID: bb4f5399dcb6bbd9cd792ce988619bcb,
Execution Time for Trace ID bb4f5399dcb6bbd9cd792ce988619bcb: 33 ms
Input: 1000000,
Cold Start: false
Unique ID: e2baf1d8c442162c1aa8e9a41195cd83,
Execution Time for Trace ID e2baf1d8c442162c1aa8e9a41195cd83: 33 ms
Input: 1000000,
Cold Start: false
Unique ID: 9700a88abf83b0573f17582c600458fe,
Execution Time for Trace ID 9700a88abf83b0573f17582c600458fe: 33 ms
Input: 1000000,
Cold Start: false
Unique ID: 6f865e42f1fa51691d3cc62bf45647cc,
Execution Time for Trace ID 6f865e42f1fa51691d3cc62bf45647cc: 29 ms
Input: 1000000,
Cold Start: false
Unique ID: 7b3921cc467ae08cfd33a08d89ccfb3b,
Execution Time for Trace ID 7b3921cc467ae08cfd33a08d89ccfb3b: 41 ms
Input: 1000000,
Cold Start: false
Unique ID: 4f2eec9d91a0b9205ba0897bafb06fcb,
Execution Time for Trace ID 4f2eec9d91a0b9205ba0897bafb06fcb: 30 ms
Input: 1000000,
Cold Start: false
Unique ID: a3dd0ba098a89a71a4afa91fbcd43d22,
Execution Time for Trace ID a3dd0ba098a89a71a4afa91fbcd43d22: 33 ms
Input: 1000000,
Cold Start: false
Unique ID: a2a93384cd681ee739ee011670dfa87a,
Execution Time for Trace ID a2a93384cd681ee739ee011670dfa87a: 34 ms
Input: 1000000,
Cold Start: false
Unique ID: 2cb68d12961e0a7f586a5deac633ca1e,
Execution Time for Trace ID 2cb68d12961e0a7f586a5deac633ca1e: 40 ms
Input: 1000000,
Cold Start: false
Unique ID: 5621fb0872457bdf2be5fa9167b4fb5e,
Execution Time for Trace ID 5621fb0872457bdf2be5fa9167b4fb5e: 32 ms
Input: 1000000,
Cold Start: false
Unique ID: 4401050eccb9a49a076e97239c4909e0,
Execution Time for Trace ID 4401050eccb9a49a076e97239c4909e0: 35 ms
Input: 1000000,
Cold Start: false
Unique ID: 9afc9e726a4ccc0cb4726d5130f74cab,
Execution Time for Trace ID 9afc9e726a4ccc0cb4726d5130f74cab: 32 ms
Input: 1000000,
Cold Start: false
Unique ID: 0a6cc4f7e1facf456389587d37e0895f,
Execution Time for Trace ID 0a6cc4f7e1facf456389587d37e0895f: 35 ms
Input: 1000000,
Cold Start: false
Unique ID: 88144cc8cbc2aa51138c0118205ab9dd,
Execution Time for Trace ID 88144cc8cbc2aa51138c0118205ab9dd: 29 ms
Input: 1000000,
Cold Start: false
Unique ID: 98e6d9a296daf22679f6b889a1267565,
Execution Time for Trace ID 98e6d9a296daf22679f6b889a1267565: 38 ms
Input: 1000000,
Cold Start: false
Unique ID: eb2cfc938f05b787b6595f664a534e26,
Execution Time for Trace ID eb2cfc938f05b787b6595f664a534e26: 38 ms
Input: 1000000,
Cold Start: false
Unique ID: f168d5c48b8c2e6507b1d05dd5e11869,
Execution Time for Trace ID f168d5c48b8c2e6507b1d05dd5e11869: 44 ms
Input: 1000000,
Cold Start: false
Unique ID: f7f14b933cd6fd67700c824226a83081,
Execution Time for Trace ID f7f14b933cd6fd67700c824226a83081: 31 ms
Input: 1000000,
Cold Start: false
Unique ID: 8a8d813caaa356b50ba6bfa72ffacbcf,
Execution Time for Trace ID 8a8d813caaa356b50ba6bfa72ffacbcf: 44 ms
Input: 1000000,
Cold Start: false
Unique ID: 5785c5e32a07a14b7e7e7af1e9f93829,
Execution Time for Trace ID 5785c5e32a07a14b7e7e7af1e9f93829: 30 ms
Input: 1000000,
Cold Start: false
Unique ID: e0df1ee3afceeb06d8b47ffd517ab58d,
Execution Time for Trace ID e0df1ee3afceeb06d8b47ffd517ab58d: 39 ms
Input: 1000000,
Cold Start: false
Unique ID: 6dbef8b2b76a6d006b955bd693f49f20,
Execution Time for Trace ID 6dbef8b2b76a6d006b955bd693f49f20: 35 ms
Input: 1000000,
Cold Start: false
Unique ID: 2f9738610a62a7e88ee5a8e4f7948471,
Execution Time for Trace ID 2f9738610a62a7e88ee5a8e4f7948471: 41 ms
Input: 1000000,
Cold Start: false
Unique ID: 6693059972cdfc3076d027a0c9182731,
Execution Time for Trace ID 6693059972cdfc3076d027a0c9182731: 37 ms
Input: 1000000,
Cold Start: false
Unique ID: 47dc20ce6eaa8211f685897378ded8ed,
Execution Time for Trace ID 47dc20ce6eaa8211f685897378ded8ed: 114 ms
Input: 1000000,
Cold Start: false
Unique ID: 4c038370798c61bea7fe4648cb767c9f,
Execution Time for Trace ID 4c038370798c61bea7fe4648cb767c9f: 55 ms
Input: 1000000,
Cold Start: false
Unique ID: c48248a2332c48e3551a832010770113,
Execution Time for Trace ID c48248a2332c48e3551a832010770113: 39 ms
Input: 1000000,
Cold Start: false
Unique ID: 96ce278ded77f217771ee14b57cefeb7,
Execution Time for Trace ID 96ce278ded77f217771ee14b57cefeb7: 30 ms
Input: 1000000,
Cold Start: false
Unique ID: 3276e86fccccdc58551a832010770911,
Execution Time for Trace ID 3276e86fccccdc58551a832010770911: 46 ms
Input: 1000000,
Cold Start: false
Unique ID: e00fca7a712dd3913f970f9e9c490dd0,
Execution Time for Trace ID e00fca7a712dd3913f970f9e9c490dd0: 32 ms
Input: 1000000,
Cold Start: false
Unique ID: d37202477321a605ef35da27d23a2681,
Execution Time for Trace ID d37202477321a605ef35da27d23a2681: 43 ms
Input: 1000000,
Cold Start: false
Unique ID: 671412ec2375f3d60e3c6431ea41f6a3,
Execution Time for Trace ID 671412ec2375f3d60e3c6431ea41f6a3: 33 ms
Input: 1000000,
Cold Start: false
Unique ID: e5de66e8f21d452e91ceef83bacfbd65,
Execution Time for Trace ID e5de66e8f21d452e91ceef83bacfbd65: 31 ms
Input: 1000000,
Cold Start: false
Unique ID: dac4502285f4976ba281ced920afc3c4,
Execution Time for Trace ID dac4502285f4976ba281ced920afc3c4: 31 ms
Input: 1000000,
Cold Start: false
Unique ID: 67bd4806173cdfccded0057c0c3dd413,
Execution Time for Trace ID 67bd4806173cdfccded0057c0c3dd413: 36 ms
Input: 1000000,
Cold Start: false
Unique ID: 50490616ee07f4e3d257e588b5643b49,
Execution Time for Trace ID 50490616ee07f4e3d257e588b5643b49: 29 ms
Input: 1000000,
Cold Start: false
Unique ID: 26c745f26726c318e7a367d490168b93,
Execution Time for Trace ID 26c745f26726c318e7a367d490168b93: 45 ms
Input: 1000000,
Cold Start: false
Unique ID: ee2ad6332625f75eab60a00722c86439,
Execution Time for Trace ID ee2ad6332625f75eab60a00722c86439: 29 ms
Input: 1000000,
Cold Start: false
Unique ID: 08ac2844555a1b4190e9dfebb740aa98,
Execution Time for Trace ID 08ac2844555a1b4190e9dfebb740aa98: 46 ms
Input: 1000000,
Cold Start: false
Unique ID: 35a1eb7252528a98ac900d87d1db5e3b,
Execution Time for Trace ID 35a1eb7252528a98ac900d87d1db5e3b: 37 ms
Input: 1000000,
Cold Start: false
Unique ID: 47d4dadd8b5ba09d3597f7e8fa19714b,
Execution Time for Trace ID 47d4dadd8b5ba09d3597f7e8fa19714b: 32 ms
Input: 1000000,
Cold Start: false
Unique ID: b08a1904f7f5345db71b3af2dffc156f,
Execution Time for Trace ID b08a1904f7f5345db71b3af2dffc156f: 37 ms
Input: 1000000,
Cold Start: false
Unique ID: 56e226f5688f54d61a5603adb945b4e5,
Execution Time for Trace ID 56e226f5688f54d61a5603adb945b4e5: 40 ms
Input: 1000000,
Cold Start: false
Unique ID: 2544501e165ae7be3e801e1fa035b407,
Execution Time for Trace ID 2544501e165ae7be3e801e1fa035b407: 34 ms
Input: 1000000,
Cold Start: false
Unique ID: 50448037687b29e9f100bf33469fb021,
Execution Time for Trace ID 50448037687b29e9f100bf33469fb021: 39 ms
Input: 1000000,
Cold Start: false
Unique ID: e0ffebe60c7205ff8c46ccffe2d41514,
Execution Time for Trace ID e0ffebe60c7205ff8c46ccffe2d41514: 39 ms
Input: 1000000,
Cold Start: false
Unique ID: 3147b5c2f14f0773341f76212fe73dd7,
Execution Time for Trace ID 3147b5c2f14f0773341f76212fe73dd7: 30 ms
Input: 1000000,
Cold Start: false
Unique ID: b8e31cc59a591af4db3660b771f856dc,
Execution Time for Trace ID b8e31cc59a591af4db3660b771f856dc: 33 ms
Input: 1000000,
Cold Start: false
Unique ID: 250efc19cf47ca8035634aaf60a1f17b,
Execution Time for Trace ID 250efc19cf47ca8035634aaf60a1f17b: 36 ms
Input: 1000000,
Cold Start: false
Unique ID: bf42380b83a24122a0f2f657aea99b9c,
Execution Time for Trace ID bf42380b83a24122a0f2f657aea99b9c: 96 ms
Input: 1000000,
Cold Start: false
Unique ID: abc74f924c00bb10e5cb48e7773a7196,
Execution Time for Trace ID abc74f924c00bb10e5cb48e7773a7196: 38 ms
Input: 1000000,
Cold Start: false
Unique ID: 982d175f75eec5043792bebc23847602,
Execution Time for Trace ID 982d175f75eec5043792bebc23847602: 33 ms
Input: 1000000,
Cold Start: false
Unique ID: dd63d8d2a2f48e419b280f5b2409bd01,
Execution Time for Trace ID dd63d8d2a2f48e419b280f5b2409bd01: 36 ms
Input: 1000000,
Cold Start: false
Unique ID: a384f4afffdfddbeef52ff67c7534ad7,
Execution Time for Trace ID a384f4afffdfddbeef52ff67c7534ad7: 29 ms
Input: 1000000,
Cold Start: false
Unique ID: e9e121409397790ca7c38db2620c5e99,
Execution Time for Trace ID e9e121409397790ca7c38db2620c5e99: 32 ms
Input: 1000000,
Cold Start: false
Unique ID: 32380d0c12b98071a26383917f50f175,
Execution Time for Trace ID 32380d0c12b98071a26383917f50f175: 30 ms
Input: 1000000,
Cold Start: false
Unique ID: 32e41b9d831bad53f683b71797c18312,
Execution Time for Trace ID 32e41b9d831bad53f683b71797c18312: 31 ms
Input: 1000000,
Cold Start: false
Unique ID: 292089297a0f15ea2cf1405bab3c9c64,
Execution Time for Trace ID 292089297a0f15ea2cf1405bab3c9c64: 29 ms
Input: 1000000,
Cold Start: false
Unique ID: e04877105f1a0393966782ea3c4c7c72,
Execution Time for Trace ID e04877105f1a0393966782ea3c4c7c72: 47 ms
Input: 1000000,
Cold Start: false
Unique ID: 5dbe61d8f7f22c42be712977fd985f1d,
Execution Time for Trace ID 5dbe61d8f7f22c42be712977fd985f1d: 39 ms
Input: 1000000,
Cold Start: false
Unique ID: 63e40555c2fd35fecb7a12df3901ad05,
Execution Time for Trace ID 63e40555c2fd35fecb7a12df3901ad05: 35 ms
Input: 1000000,
Cold Start: false
Unique ID: f8b6010d2ca6a60adf80b1c802c48506,
Execution Time for Trace ID f8b6010d2ca6a60adf80b1c802c48506: 30 ms
Input: 1000000,
Cold Start: false
Unique ID: 3567802b5007d5fe02bd775cd7557bbd,
Execution Time for Trace ID 3567802b5007d5fe02bd775cd7557bbd: 36 ms
Input: 1000000,
Cold Start: false
Unique ID: 94dbdda931cffdaa3836da29ea0a5425,
Execution Time for Trace ID 94dbdda931cffdaa3836da29ea0a5425: 29 ms
Input: 1000000,
Cold Start: false
Unique ID: db40c19a195e740c430579184d457a4e,
Execution Time for Trace ID db40c19a195e740c430579184d457a4e: 36 ms
Input: 1000000,
Cold Start: false
Unique ID: 88b891de0d33d30eba7c93ccfb7d9150,
Execution Time for Trace ID 88b891de0d33d30eba7c93ccfb7d9150: 30 ms
Input: 1000000,
Cold Start: false
Unique ID: 05e21633a43d8ff63b6a265cefa5a0c8,
Execution Time for Trace ID 05e21633a43d8ff63b6a265cefa5a0c8: 31 ms
Input: 1000000,
Cold Start: false
Unique ID: fd37a1794b0a102593e8ab6cdecfab80,
Execution Time for Trace ID fd37a1794b0a102593e8ab6cdecfab80: 28 ms
Input: 1000000,
Cold Start: false
Unique ID: 4d8b36b425861886efc882e674a6f5b6,
Execution Time for Trace ID 4d8b36b425861886efc882e674a6f5b6: 44 ms
Input: 1000000,
Cold Start: false
Unique ID: 81de9110561361fbd357d7ba4bf72c29,
Execution Time for Trace ID 81de9110561361fbd357d7ba4bf72c29: 32 ms
Input: 1000000,
Cold Start: false
Unique ID: d8316b99af13d34ef37768bf0bee457a,
Execution Time for Trace ID d8316b99af13d34ef37768bf0bee457a: 31 ms
Input: 1000000,
Cold Start: false
Unique ID: 747e9da0027819554628f7b6392fdaa9,
Execution Time for Trace ID 747e9da0027819554628f7b6392fdaa9: 31 ms
Input: 1000000,
Cold Start: false
Unique ID: ea49949c7b5fd3c3182d7ac99e42ee83,
Execution Time for Trace ID ea49949c7b5fd3c3182d7ac99e42ee83: 41 ms
Input: 1000000,
Cold Start: false
Unique ID: 55ae15030a74c72a9dffbba3a300b337,
Execution Time for Trace ID 55ae15030a74c72a9dffbba3a300b337: 33 ms
Input: 1000000,
Cold Start: false
Unique ID: ee108f03eebb208e01be0860e6734240,
Execution Time for Trace ID ee108f03eebb208e01be0860e6734240: 44 ms
Input: 1000000,
Cold Start: false
Unique ID: b82bf2aab95b5a934092a6274a7b3c1e,
Execution Time for Trace ID b82bf2aab95b5a934092a6274a7b3c1e: 30 ms
Input: 1000000,
Cold Start: false
Unique ID: d2b9265ad8611065751550e9615a9bc1,
Execution Time for Trace ID d2b9265ad8611065751550e9615a9bc1: 36 ms
Input: 1000000,
Cold Start: false
Unique ID: a29feae4efce243d2d83f765ebff07c5,
Execution Time for Trace ID a29feae4efce243d2d83f765ebff07c5: 31 ms
Input: 1000000,
Cold Start: false
Unique ID: 54e6716fc7cb2c58eadabb976551cbe4,
Execution Time for Trace ID 54e6716fc7cb2c58eadabb976551cbe4: 30 ms
Input: 1000000,
Cold Start: false
Unique ID: 77d5f44187dcb31398e0008276d7167c,
Execution Time for Trace ID 77d5f44187dcb31398e0008276d7167c: 31 ms
Input: 1000000,
Cold Start: false
Unique ID: d48d66ab2233d7fdbf73250bd97c33d7,
Execution Time for Trace ID d48d66ab2233d7fdbf73250bd97c33d7: 37 ms
Input: 1000000,
Cold Start: false
Unique ID: 775b7ca2d7e274ea599556af32446e98,
Execution Time for Trace ID 775b7ca2d7e274ea599556af32446e98: 29 ms
Input: 1000000,
Cold Start: false
Unique ID: c6f2afa6de13835a4b66bdc2af4f5832,
Execution Time for Trace ID c6f2afa6de13835a4b66bdc2af4f5832: 39 ms
Input: 1000000,
Cold Start: false
Unique ID: 5f58b152d46612c399cb2c5ce4dc3bb7,
Execution Time for Trace ID 5f58b152d46612c399cb2c5ce4dc3bb7: 32 ms
Input: 1000000,
Cold Start: false
Unique ID: b6feec309c53206aafb6791acafe8cf4,
Execution Time for Trace ID b6feec309c53206aafb6791acafe8cf4: 41 ms
Input: 1000000,
Cold Start: false
Unique ID: a6f8fba5047bcf5272f793aa9a5756ad,
Execution Time for Trace ID a6f8fba5047bcf5272f793aa9a5756ad: 29 ms
Input: 1000000,
Cold Start: false
Unique ID: 61fd99bf601c06ee88d6a7ef8c0379b2,
Execution Time for Trace ID 61fd99bf601c06ee88d6a7ef8c0379b2: 31 ms
Input: 1000000,
Cold Start: false
Unique ID: 8609a7527bbbf97e10a561e926b381dc,
Execution Time for Trace ID 8609a7527bbbf97e10a561e926b381dc: 30 ms
Input: 1000000,
Cold Start: false
Unique ID: 35e8f4a640da521f7ac7cc7f074a7490,
Execution Time for Trace ID 35e8f4a640da521f7ac7cc7f074a7490: 35 ms
Input: 1000000,
Cold Start: false
Unique ID: 4a791a3267a823050ff2dc650f10ab04,
Execution Time for Trace ID 4a791a3267a823050ff2dc650f10ab04: 35 ms
Input: 1000000,
Cold Start: false
Unique ID: 85ae912234461d370eebf86b520efe51,
Execution Time for Trace ID 85ae912234461d370eebf86b520efe51: 31 ms
Input: 1000000,
Cold Start: false
Unique ID: 95513fa305ed6c43a93c9126fd9c5df1,
Execution Time for Trace ID 95513fa305ed6c43a93c9126fd9c5df1: 31 ms
Input: 1000000,
Cold Start: false
Unique ID: 69da867baf7852da39ba02f7afc2166b,
Execution Time for Trace ID 69da867baf7852da39ba02f7afc2166b: 32 ms
Input: 1000000,
Cold Start: false
Unique ID: 486791d51cf50c47661b3a097abe9b9f,
Execution Time for Trace ID 486791d51cf50c47661b3a097abe9b9f: 39 ms
Input: 1000000,
Cold Start: false
Unique ID: 38cd2e838378c859fb9e191e81234e24,
Execution Time for Trace ID 38cd2e838378c859fb9e191e81234e24: 40 ms
Input: 1000000,
Cold Start: false
Unique ID: e5875ac225df63db6c90bf7763e54bd6,
Execution Time for Trace ID e5875ac225df63db6c90bf7763e54bd6: 29 ms
Input: 1000000,
Cold Start: false
Unique ID: c9d97a8b3928951b4282dad30a27e16f,
Execution Time for Trace ID c9d97a8b3928951b4282dad30a27e16f: 40 ms
Input: 1000000,
Cold Start: false
Unique ID: da775c6d07385be47fb12cadcfe28eee,
Execution Time for Trace ID da775c6d07385be47fb12cadcfe28eee: 37 ms
Input: 1000000,
Cold Start: false
Unique ID: 5c8fa2a27c809501ce785fa0d57b09bf,
Execution Time for Trace ID 5c8fa2a27c809501ce785fa0d57b09bf: 41 ms
Input: 1000000,
Cold Start: false
Unique ID: 215f0df4b428759c121771653c6f54ad,
Execution Time for Trace ID 215f0df4b428759c121771653c6f54ad: 28 ms
Input: 1000000,
Cold Start: false
Unique ID: 56aaf299296f1d5fc2475a5d22fe04b7,
Execution Time for Trace ID 56aaf299296f1d5fc2475a5d22fe04b7: 35 ms
Input: 1000000,
Cold Start: false
Unique ID: f93428b1e6cfc496ad81558a13855e7d,
Execution Time for Trace ID f93428b1e6cfc496ad81558a13855e7d: 29 ms
Input: 1000000,
Cold Start: false
Unique ID: 77c5de213a3af45ef8561991c0dad313,
Execution Time for Trace ID 77c5de213a3af45ef8561991c0dad313: 45 ms
Input: 1000000,
Cold Start: false
Unique ID: 0c390c06b3503dc0c1a8ea720bfe367c,
Execution Time for Trace ID 0c390c06b3503dc0c1a8ea720bfe367c: 33 ms
Input: 1000000,
Cold Start: false
Unique ID: 881bb8388675603ba36e05ffad486e56,
Execution Time for Trace ID 881bb8388675603ba36e05ffad486e56: 34 ms
Input: 1000000,
Cold Start: false
Unique ID: f40c7760d9709a7852008c4ca3fa2807,
Execution Time for Trace ID f40c7760d9709a7852008c4ca3fa2807: 31 ms
Input: 1000000,
Cold Start: false
Unique ID: a8e79812e5c17055baa0d1e6c49616c6,
Execution Time for Trace ID a8e79812e5c17055baa0d1e6c49616c6: 41 ms
Input: 1000000,
Cold Start: false
Unique ID: 81d9176de033445133b7e83c9d9c7bfc,
Execution Time for Trace ID 81d9176de033445133b7e83c9d9c7bfc: 30 ms
Input: 1000000,
Cold Start: false
Unique ID: d359f32a9ad0c9f449a760624d9ca8a1,
Execution Time for Trace ID d359f32a9ad0c9f449a760624d9ca8a1: 44 ms
Input: 1000000,
Cold Start: false
Unique ID: ff4064a168050a4d855ddfaa30e556b1,
Execution Time for Trace ID ff4064a168050a4d855ddfaa30e556b1: 29 ms
Input: 1000000,
Cold Start: false
Unique ID: 8aa6de0ba257f42776dff356fd395872,
Execution Time for Trace ID 8aa6de0ba257f42776dff356fd395872: 34 ms
Input: 1000000,
Cold Start: false
Unique ID: d7ad02cb24e18651988ba4d86df52c43,
Execution Time for Trace ID d7ad02cb24e18651988ba4d86df52c43: 29 ms
Input: 1000000,
Cold Start: false
Unique ID: 25ced0770f409f27d2153164d7044e5d,
Execution Time for Trace ID 25ced0770f409f27d2153164d7044e5d: 31 ms
Input: 1000000,
Cold Start: false
Unique ID: 6201b3a5bae8049d87995f5bfb211de1,
Execution Time for Trace ID 6201b3a5bae8049d87995f5bfb211de1: 34 ms
Input: 1000000,
Cold Start: false
Unique ID: 50d4a5cd07fff3cc510d3fdaf208307d,
Execution Time for Trace ID 50d4a5cd07fff3cc510d3fdaf208307d: 36 ms
Input: 1000000,
Cold Start: false
Unique ID: b14df42645ffd5d58471178031771f70,
Execution Time for Trace ID b14df42645ffd5d58471178031771f70: 30 ms
Input: 1000000,
Cold Start: false
Unique ID: 3ecf34ce10cdf2b10126618e9033dea0,
Execution Time for Trace ID 3ecf34ce10cdf2b10126618e9033dea0: 33 ms
Input: 1000000,
Cold Start: false
Unique ID: 1a9b42790613b75239d29d7a71c1948f,
Execution Time for Trace ID 1a9b42790613b75239d29d7a71c1948f: 30 ms
Input: 1000000,
Cold Start: false
Unique ID: 3c2f7eb4bd27209c0b10233819e070a1,
Execution Time for Trace ID 3c2f7eb4bd27209c0b10233819e070a1: 43 ms
Input: 1000000,
Cold Start: false
Unique ID: 8350e20c3bb75174a6c536a80d4d55f9,
Execution Time for Trace ID 8350e20c3bb75174a6c536a80d4d55f9: 30 ms
Input: 1000000,
Cold Start: false
Unique ID: b4f79632cea185465149d3272db588f3,
Execution Time for Trace ID b4f79632cea185465149d3272db588f3: 37 ms
Input: 1000000,
Cold Start: false
Unique ID: eeaf19be0560eb5367fc2763b928d2e4,
Execution Time for Trace ID eeaf19be0560eb5367fc2763b928d2e4: 29 ms
Input: 1000000,
Cold Start: false
Unique ID: 3170dbfd0e4bc775474dda6c9a89d83a,
Execution Time for Trace ID 3170dbfd0e4bc775474dda6c9a89d83a: 31 ms
Input: 1000000,
Cold Start: false
Unique ID: ed0af08a7310aacb7d18e7fe5a43f13f,
Execution Time for Trace ID ed0af08a7310aacb7d18e7fe5a43f13f: 33 ms
Input: 1000000,
Cold Start: false
