Unique ID: 52b24bbe328619f4375655328cef22db,
Execution Time for Trace ID 52b24bbe328619f4375655328cef22db: 74 ms
Cold Start: false
Unique ID: 9fc8da45636ac9e116b6080b7b2c9181,
Execution Time for Trace ID 9fc8da45636ac9e116b6080b7b2c9181: 106 ms
Cold Start: false
Unique ID: b9aeeeac16adb9255cf392033064a2ea,
Execution Time for Trace ID b9aeeeac16adb9255cf392033064a2ea: 58 ms
Cold Start: false
Unique ID: 32af248962889264120ff8945af19733,
Execution Time for Trace ID 32af248962889264120ff8945af19733: 69 ms
Cold Start: false
Unique ID: 039d67a0c8cb8b4a8088f30a9e6ae855,
Execution Time for Trace ID 039d67a0c8cb8b4a8088f30a9e6ae855: 31 ms
Cold Start: false
Unique ID: aed910dac8dd3d661e04eea3ff538cc3,
Execution Time for Trace ID aed910dac8dd3d661e04eea3ff538cc3: 101 ms
Cold Start: false
Unique ID: 5d329ff8da6987cf474b1269054ae416,
Execution Time for Trace ID 5d329ff8da6987cf474b1269054ae416: 90 ms
Cold Start: false
Unique ID: a204f61e8c0e71c9e9e07ed9174caefe,
Execution Time for Trace ID a204f61e8c0e71c9e9e07ed9174caefe: 87 ms
Cold Start: false
Unique ID: 2b43eea6a39c9bc390c3ecfdfa717c9f,
Execution Time for Trace ID 2b43eea6a39c9bc390c3ecfdfa717c9f: 38 ms
Cold Start: false
Unique ID: 61848cebb579344b6327ec7673c8a096,
Execution Time for Trace ID 61848cebb579344b6327ec7673c8a096: 70 ms
Cold Start: false
Unique ID: 528319fe54cb20a37ff7f60c08a48bf1,
Execution Time for Trace ID 528319fe54cb20a37ff7f60c08a48bf1: 57 ms
Cold Start: false
Unique ID: 19f126080265966713d43b0e54ed1b5a,
Execution Time for Trace ID 19f126080265966713d43b0e54ed1b5a: 183 ms
Cold Start: false
Unique ID: 650141876f423702ab47ebdb5a5cd790,
Execution Time for Trace ID 650141876f423702ab47ebdb5a5cd790: 36 ms
Cold Start: false
Unique ID: 1496fd7a7965fdd8dfec534dac62de15,
Execution Time for Trace ID 1496fd7a7965fdd8dfec534dac62de15: 119 ms
Cold Start: false
Unique ID: e0469598ef201d35dbf5010585f49321,
Execution Time for Trace ID e0469598ef201d35dbf5010585f49321: 184 ms
Cold Start: false
Unique ID: 2ddc3813c5f0ac5c63fbc7d9e8ca994f,
Execution Time for Trace ID 2ddc3813c5f0ac5c63fbc7d9e8ca994f: 258 ms
Cold Start: true
Unique ID: d32cd20a503249743b225bd05a5e354f,
Execution Time for Trace ID d32cd20a503249743b225bd05a5e354f: 49 ms
Cold Start: false
Unique ID: 698799af61e3bb56dd3ca7b62998b9c4,
Execution Time for Trace ID 698799af61e3bb56dd3ca7b62998b9c4: 56 ms
Cold Start: false
Unique ID: c8a2e68662938143d1ecbc0b0a6be659,
Execution Time for Trace ID c8a2e68662938143d1ecbc0b0a6be659: 27 ms
Cold Start: false
Unique ID: 69abd15b2b6156655e1db8ecab340e4a,
Execution Time for Trace ID 69abd15b2b6156655e1db8ecab340e4a: 142 ms
Cold Start: false
Unique ID: 55d1c1023dd72a25c22cbc5a104a48cd,
Execution Time for Trace ID 55d1c1023dd72a25c22cbc5a104a48cd: 44 ms
Cold Start: false
Unique ID: d618c37cbfa7fa66018394f2e1a7e6fb,
Execution Time for Trace ID d618c37cbfa7fa66018394f2e1a7e6fb: 33 ms
Cold Start: false
Unique ID: 8acc640890ffc314240536eba9fba203,
Execution Time for Trace ID 8acc640890ffc314240536eba9fba203: 63 ms
Cold Start: false
Unique ID: d28228790ddecd829fb34948d38c7c76,
Execution Time for Trace ID d28228790ddecd829fb34948d38c7c76: 139 ms
Cold Start: false
Unique ID: d9cff7e98fd954b4dcb1741ddad2babe,
Execution Time for Trace ID d9cff7e98fd954b4dcb1741ddad2babe: 39 ms
Cold Start: false
Unique ID: b59ba269fa83dadad927bd9a88fd4b0b,
Execution Time for Trace ID b59ba269fa83dadad927bd9a88fd4b0b: 29 ms
Cold Start: false
Unique ID: f08ab942249a5a05a0fdb3673c903c67,
Execution Time for Trace ID f08ab942249a5a05a0fdb3673c903c67: 185 ms
Cold Start: false
Unique ID: d3f3b3e7cc845585f9709356b6059948,
Execution Time for Trace ID d3f3b3e7cc845585f9709356b6059948: 72 ms
Cold Start: false
Unique ID: 0c30e9861e8500ab4600b18ace54c031,
Execution Time for Trace ID 0c30e9861e8500ab4600b18ace54c031: 40 ms
Cold Start: false
Unique ID: a3116710c97bed74f82aac42bf3e12fc,
Execution Time for Trace ID a3116710c97bed74f82aac42bf3e12fc: 73 ms
Cold Start: false
Unique ID: de1684964dcc3fb2da16b4ad83532f96,
Execution Time for Trace ID de1684964dcc3fb2da16b4ad83532f96: 56 ms
Cold Start: false
Unique ID: 28079f43b15aab64c1795c03bd2425f7,
Execution Time for Trace ID 28079f43b15aab64c1795c03bd2425f7: 178 ms
Cold Start: false
Unique ID: 9f4c453f4572b58bd60978110fad9c96,
Execution Time for Trace ID 9f4c453f4572b58bd60978110fad9c96: 40 ms
Cold Start: false
Unique ID: 6d3760e76f1f656aa396b4af3be16719,
Execution Time for Trace ID 6d3760e76f1f656aa396b4af3be16719: 28 ms
Cold Start: false
Unique ID: 8149f180c88cad6d2a640de559b22ef5,
Execution Time for Trace ID 8149f180c88cad6d2a640de559b22ef5: 187 ms
Cold Start: false
Unique ID: a3ccb1e7bc081a503ab80d9df33e28ba,
Execution Time for Trace ID a3ccb1e7bc081a503ab80d9df33e28ba: 172 ms
Cold Start: false
Unique ID: 5977066e10b95460566f1b3e40e4e848,
Execution Time for Trace ID 5977066e10b95460566f1b3e40e4e848: 36 ms
Cold Start: false
Unique ID: fe413bda212ee6a317744d699807e71c,
Execution Time for Trace ID fe413bda212ee6a317744d699807e71c: 73 ms
Cold Start: false
Unique ID: 04c7a3da55934a4750fbbfc9245f5ac7,
Execution Time for Trace ID 04c7a3da55934a4750fbbfc9245f5ac7: 184 ms
Cold Start: false
Unique ID: daa2456f193170602a5b062e59a19c78,
Execution Time for Trace ID daa2456f193170602a5b062e59a19c78: 83 ms
Cold Start: false
Unique ID: 87ed750e29acd78e61fdaa4b39a1da95,
Execution Time for Trace ID 87ed750e29acd78e61fdaa4b39a1da95: 37 ms
Cold Start: false
Unique ID: 9799d926f4edaee2abc616eb58fdb895,
Execution Time for Trace ID 9799d926f4edaee2abc616eb58fdb895: 28 ms
Cold Start: false
Unique ID: f20a1c23a1a54b4e26cc85f9a06a056b,
Execution Time for Trace ID f20a1c23a1a54b4e26cc85f9a06a056b: 30 ms
Cold Start: false
Unique ID: 7141b7f1330a72d6463cd27d888ff439,
Execution Time for Trace ID 7141b7f1330a72d6463cd27d888ff439: 181 ms
Cold Start: false
Unique ID: a6e135acd69148af87fc3d9e25206b54,
Execution Time for Trace ID a6e135acd69148af87fc3d9e25206b54: 34 ms
Cold Start: false
Unique ID: a1c704f138516fa44c273688c0de7626,
Execution Time for Trace ID a1c704f138516fa44c273688c0de7626: 29 ms
Cold Start: false
Unique ID: e879a30853527544f64d5990ff24d4ec,
Execution Time for Trace ID e879a30853527544f64d5990ff24d4ec: 181 ms
Cold Start: false
Unique ID: dde333390c4ca54195ca236a22256223,
Execution Time for Trace ID dde333390c4ca54195ca236a22256223: 141 ms
Cold Start: false
Unique ID: a12d82d057d616206eaa616f4f9f86e7,
Execution Time for Trace ID a12d82d057d616206eaa616f4f9f86e7: 31 ms
Cold Start: false
Unique ID: f5382a7c89052ec03e16400565cc8e3c,
Execution Time for Trace ID f5382a7c89052ec03e16400565cc8e3c: 31 ms
Cold Start: false
Unique ID: 17cc17f82ba8a64bdff5527ad2359cdd,
Execution Time for Trace ID 17cc17f82ba8a64bdff5527ad2359cdd: 92 ms
Cold Start: false
Unique ID: 5c93840d8d1d1f205f312f7dd9456264,
Execution Time for Trace ID 5c93840d8d1d1f205f312f7dd9456264: 186 ms
Cold Start: false
Unique ID: 7987d59988f0e598c0b5d1413d9ab823,
Execution Time for Trace ID 7987d59988f0e598c0b5d1413d9ab823: 32 ms
Cold Start: false
Unique ID: a5a6942220dc6946f4e23df629cb2ec3,
Execution Time for Trace ID a5a6942220dc6946f4e23df629cb2ec3: 50 ms
Cold Start: false
Unique ID: 8976cd7ea4a9bc9e42c286f662b43f2c,
Execution Time for Trace ID 8976cd7ea4a9bc9e42c286f662b43f2c: 94 ms
Cold Start: false
Unique ID: 21dbee8b5fe033afd2f6d2d58c5a34ed,
Execution Time for Trace ID 21dbee8b5fe033afd2f6d2d58c5a34ed: 121 ms
Cold Start: false
Unique ID: 1acf8c90f487ef7ac55941f3b1ccc8f1,
Execution Time for Trace ID 1acf8c90f487ef7ac55941f3b1ccc8f1: 39 ms
Cold Start: false
Unique ID: 9698e446a14fffc6df2eb229c54a22c8,
Execution Time for Trace ID 9698e446a14fffc6df2eb229c54a22c8: 27 ms
Cold Start: false
Unique ID: f33baa30fa582c4e8c133aeaacdb4597,
Execution Time for Trace ID f33baa30fa582c4e8c133aeaacdb4597: 30 ms
Cold Start: false
Unique ID: 3686cd3226283d8e343a8acb08f42b37,
Execution Time for Trace ID 3686cd3226283d8e343a8acb08f42b37: 142 ms
Cold Start: false
Unique ID: e60c857a2283794d90522a50f8d29b78,
Execution Time for Trace ID e60c857a2283794d90522a50f8d29b78: 32 ms
Cold Start: false
Unique ID: 5fe61e5f481de96b0c786e8fbdb18eaf,
Execution Time for Trace ID 5fe61e5f481de96b0c786e8fbdb18eaf: 75 ms
Cold Start: false
Unique ID: 36088d5fa0d62144a8f99d0d281fd5fe,
Execution Time for Trace ID 36088d5fa0d62144a8f99d0d281fd5fe: 27 ms
Cold Start: false
Unique ID: 05ba4bd6f6148ad86ebcc8932d22fd5d,
Execution Time for Trace ID 05ba4bd6f6148ad86ebcc8932d22fd5d: 180 ms
Cold Start: false
Unique ID: 1325ca62180afb67d1e77d6097a2944d,
Execution Time for Trace ID 1325ca62180afb67d1e77d6097a2944d: 35 ms
Cold Start: false
Unique ID: ce667b95d206ba0a73bd8ee76ab67f48,
Execution Time for Trace ID ce667b95d206ba0a73bd8ee76ab67f48: 27 ms
Cold Start: false
Unique ID: 0bd85034d97e75830b4af0f4d4a70e8b,
Execution Time for Trace ID 0bd85034d97e75830b4af0f4d4a70e8b: 88 ms
Cold Start: false
Unique ID: c15a382ccbda845353a232e843f1bfbf,
Execution Time for Trace ID c15a382ccbda845353a232e843f1bfbf: 162 ms
Cold Start: false
Unique ID: 997c59448158cb91398432b9636d23f6,
Execution Time for Trace ID 997c59448158cb91398432b9636d23f6: 39 ms
Cold Start: false
Unique ID: d8d7df9ab64947663cc2be446d5b8ddc,
Execution Time for Trace ID d8d7df9ab64947663cc2be446d5b8ddc: 31 ms
Cold Start: false
Unique ID: 967dc9fef83b5c9f2e0e3431cc62ec62,
Execution Time for Trace ID 967dc9fef83b5c9f2e0e3431cc62ec62: 176 ms
Cold Start: false
Unique ID: a503504d665d58adf36f06e4dbf19288,
Execution Time for Trace ID a503504d665d58adf36f06e4dbf19288: 143 ms
Cold Start: false
Unique ID: ef87c57fd9914daaf1df34ef01f5fda1,
Execution Time for Trace ID ef87c57fd9914daaf1df34ef01f5fda1: 34 ms
Cold Start: false
Unique ID: e239d7881ac5d853ce0922a01f130c44,
Execution Time for Trace ID e239d7881ac5d853ce0922a01f130c44: 30 ms
Cold Start: false
Unique ID: d8300564a1581c4c31e2c1daeb7af6bb,
Execution Time for Trace ID d8300564a1581c4c31e2c1daeb7af6bb: 179 ms
Cold Start: false
Unique ID: 340962faf5fb6df6333784f59fc41710,
Execution Time for Trace ID 340962faf5fb6df6333784f59fc41710: 96 ms
Cold Start: false
Unique ID: a755dec31f935620513ae25bd6744258,
Execution Time for Trace ID a755dec31f935620513ae25bd6744258: 33 ms
Cold Start: false
Unique ID: f720dba6850c43fed4a97b2808aeb11b,
Execution Time for Trace ID f720dba6850c43fed4a97b2808aeb11b: 100 ms
Cold Start: false
Unique ID: 5c82a7aa8d197e2af061a18b05bf6569,
Execution Time for Trace ID 5c82a7aa8d197e2af061a18b05bf6569: 27 ms
Cold Start: false
Unique ID: 58804bab9db222e1e0d788bf2c596733,
Execution Time for Trace ID 58804bab9db222e1e0d788bf2c596733: 183 ms
Cold Start: false
Unique ID: 1d570b4bf7482cff2c922dafd4fb3403,
Execution Time for Trace ID 1d570b4bf7482cff2c922dafd4fb3403: 34 ms
Cold Start: false
Unique ID: 96d65ea8b2e52a77d96a31083e132b23,
Execution Time for Trace ID 96d65ea8b2e52a77d96a31083e132b23: 27 ms
Cold Start: false
Unique ID: 702417b50674c3a8f3234b0a67fafeac,
Execution Time for Trace ID 702417b50674c3a8f3234b0a67fafeac: 161 ms
Cold Start: false
Unique ID: 4909cf2749af45140682d2bd57803667,
Execution Time for Trace ID 4909cf2749af45140682d2bd57803667: 105 ms
Cold Start: false
Unique ID: fb10bfae22d42b91503bb98fdb4b2ffb,
Execution Time for Trace ID fb10bfae22d42b91503bb98fdb4b2ffb: 27 ms
Cold Start: false
Unique ID: ea6ad87604454011f1af936571f91d93,
Execution Time for Trace ID ea6ad87604454011f1af936571f91d93: 105 ms
Cold Start: false
Unique ID: e4b6c45d44bf1bc93007a903d6f508af,
Execution Time for Trace ID e4b6c45d44bf1bc93007a903d6f508af: 84 ms
Cold Start: false
Unique ID: bbfe2c872546e8b75f38cfc53fb8f599,
Execution Time for Trace ID bbfe2c872546e8b75f38cfc53fb8f599: 149 ms
Cold Start: false
Unique ID: 223032432e4fcdfab4c220cb97867424,
Execution Time for Trace ID 223032432e4fcdfab4c220cb97867424: 35 ms
Cold Start: false
Unique ID: 0dbf120ef637a7d1bd0e56e02c1df7d3,
Execution Time for Trace ID 0dbf120ef637a7d1bd0e56e02c1df7d3: 28 ms
Cold Start: false
Unique ID: a9fad67d6dbfa088c69da35c0b035a89,
Execution Time for Trace ID a9fad67d6dbfa088c69da35c0b035a89: 178 ms
Cold Start: false
Unique ID: 3a214494c088d6b34bf9d61a84538408,
Execution Time for Trace ID 3a214494c088d6b34bf9d61a84538408: 180 ms
Cold Start: false
Unique ID: 956f025ae0c45a71318064554aadfb72,
Execution Time for Trace ID 956f025ae0c45a71318064554aadfb72: 44 ms
Cold Start: false
Unique ID: 583ff5ca5b4d470298e9d203a350aaf9,
Execution Time for Trace ID 583ff5ca5b4d470298e9d203a350aaf9: 41 ms
Cold Start: false
Unique ID: 4ef2411646e86b3e0217ec226932a939,
Execution Time for Trace ID 4ef2411646e86b3e0217ec226932a939: 134 ms
Cold Start: false
Unique ID: 12b35e714be5dbcd802a53e4054f9d2a,
Execution Time for Trace ID 12b35e714be5dbcd802a53e4054f9d2a: 129 ms
Cold Start: false
Unique ID: f3e1c1c91b60d40f8dbb43f6edf58fdb,
Execution Time for Trace ID f3e1c1c91b60d40f8dbb43f6edf58fdb: 33 ms
Cold Start: false
Unique ID: ff9f14bbbcb68b96ef6e7e860ba0c091,
Execution Time for Trace ID ff9f14bbbcb68b96ef6e7e860ba0c091: 29 ms
Cold Start: false
Unique ID: 2879eae6640cb60050060bf52e31816b,
Execution Time for Trace ID 2879eae6640cb60050060bf52e31816b: 38 ms
Cold Start: false
Unique ID: 5168670d846e1b46ae1634560e6dc9fc,
Execution Time for Trace ID 5168670d846e1b46ae1634560e6dc9fc: 179 ms
Cold Start: false
Unique ID: 18e63cdce86a6ddd9439130c7974a1a9,
Execution Time for Trace ID 18e63cdce86a6ddd9439130c7974a1a9: 30 ms
Cold Start: false
Unique ID: 3dc4b4f33fa324e643eecac4dca19902,
Execution Time for Trace ID 3dc4b4f33fa324e643eecac4dca19902: 30 ms
Cold Start: false
Unique ID: 4932ea79db78dcae263ad74f7975b6a8,
Execution Time for Trace ID 4932ea79db78dcae263ad74f7975b6a8: 85 ms
Cold Start: false
Unique ID: 8243927379501b932b4921e3c38be165,
Execution Time for Trace ID 8243927379501b932b4921e3c38be165: 173 ms
Cold Start: false
Unique ID: 9adc965c932e23999c17e2aa93a7adaa,
Execution Time for Trace ID 9adc965c932e23999c17e2aa93a7adaa: 35 ms
Cold Start: false
Unique ID: f6dab803f61fc0f70981e9597e7a344a,
Execution Time for Trace ID f6dab803f61fc0f70981e9597e7a344a: 27 ms
Cold Start: false
Unique ID: f37fb7b24130c4615e791990a5da919b,
Execution Time for Trace ID f37fb7b24130c4615e791990a5da919b: 58 ms
Cold Start: false
Unique ID: fa6f90d3b71eb1ee8d0957ddbf5bfc7f,
Execution Time for Trace ID fa6f90d3b71eb1ee8d0957ddbf5bfc7f: 180 ms
Cold Start: false
Unique ID: 4fad9e8f0760b058505c21f5b480ed02,
Execution Time for Trace ID 4fad9e8f0760b058505c21f5b480ed02: 33 ms
Cold Start: false
Unique ID: 0170ea37e2731c33c4f9b0913a272074,
Execution Time for Trace ID 0170ea37e2731c33c4f9b0913a272074: 29 ms
Cold Start: false
Unique ID: 233faebabc19d0e20e0da15b0218d0bf,
Execution Time for Trace ID 233faebabc19d0e20e0da15b0218d0bf: 49 ms
Cold Start: false
Unique ID: 1e215b22a1213750103fc33dffae6ed7,
Execution Time for Trace ID 1e215b22a1213750103fc33dffae6ed7: 175 ms
Cold Start: false
Unique ID: 5312834992c92b7046f1e2ac215b9819,
Execution Time for Trace ID 5312834992c92b7046f1e2ac215b9819: 38 ms
Cold Start: false
Unique ID: 230ea96a914453993d554da78b07bbe9,
Execution Time for Trace ID 230ea96a914453993d554da78b07bbe9: 28 ms
Cold Start: false
Unique ID: f32200d7b2d6d7e6959beb92130242c6,
Execution Time for Trace ID f32200d7b2d6d7e6959beb92130242c6: 28 ms
Cold Start: false
Unique ID: 0f1655ed2b7ae435d60ecdbeb29e9ec2,
Execution Time for Trace ID 0f1655ed2b7ae435d60ecdbeb29e9ec2: 169 ms
Cold Start: false
Unique ID: 027c46a65c146e2bd420420a1532e5e7,
Execution Time for Trace ID 027c46a65c146e2bd420420a1532e5e7: 36 ms
Cold Start: false
Unique ID: 2746a274ab22b6e38ab631340ab60597,
Execution Time for Trace ID 2746a274ab22b6e38ab631340ab60597: 49 ms
Cold Start: false
Unique ID: fc0d30c7d30abd425e33143ede2bb9b1,
Execution Time for Trace ID fc0d30c7d30abd425e33143ede2bb9b1: 75 ms
Cold Start: false
Unique ID: a2df0de9373e56c08447d13b5fc21d1b,
Execution Time for Trace ID a2df0de9373e56c08447d13b5fc21d1b: 142 ms
Cold Start: false
Unique ID: d5125eafae961817b390a6622a679fa7,
Execution Time for Trace ID d5125eafae961817b390a6622a679fa7: 43 ms
Cold Start: false
Unique ID: b63c793aa9c7a2858c7e1fd628d126a6,
Execution Time for Trace ID b63c793aa9c7a2858c7e1fd628d126a6: 30 ms
Cold Start: false
Unique ID: 095264b8176161f206474cd35ffc3df2,
Execution Time for Trace ID 095264b8176161f206474cd35ffc3df2: 27 ms
Cold Start: false
Unique ID: b74f9a4cf0fc8dca8c26fe1718a885da,
Execution Time for Trace ID b74f9a4cf0fc8dca8c26fe1718a885da: 193 ms
Cold Start: false
Unique ID: ffaffb9d3a502ae22dfb8c10a8963f5f,
Execution Time for Trace ID ffaffb9d3a502ae22dfb8c10a8963f5f: 33 ms
Cold Start: false
Unique ID: 6dc81b98c8fa07faaf7ed6cf793e50ea,
Execution Time for Trace ID 6dc81b98c8fa07faaf7ed6cf793e50ea: 28 ms
Cold Start: false
Unique ID: 189c854e29c4262f293cad3d19fe9b80,
Execution Time for Trace ID 189c854e29c4262f293cad3d19fe9b80: 29 ms
Cold Start: false
Unique ID: a69a77f6081903e6c65f76066bb292b8,
Execution Time for Trace ID a69a77f6081903e6c65f76066bb292b8: 177 ms
Cold Start: false
Unique ID: ceb3bcf2033e77784a86f42383c15e13,
Execution Time for Trace ID ceb3bcf2033e77784a86f42383c15e13: 40 ms
Cold Start: false
Unique ID: a63027c662547a7996f6485571b5ec8d,
Execution Time for Trace ID a63027c662547a7996f6485571b5ec8d: 27 ms
Cold Start: false
Unique ID: 652782c2a7533aa3d6230d76e9a51b6d,
Execution Time for Trace ID 652782c2a7533aa3d6230d76e9a51b6d: 79 ms
Cold Start: false
Unique ID: 66f59b0866fbd2ad11dde2314cd4d647,
Execution Time for Trace ID 66f59b0866fbd2ad11dde2314cd4d647: 188 ms
Cold Start: false
Unique ID: 36db0852e3c032864f27a8c7059b3452,
Execution Time for Trace ID 36db0852e3c032864f27a8c7059b3452: 37 ms
Cold Start: false
Unique ID: 776c04b5e3a5a1c05a47ae4f713e5360,
Execution Time for Trace ID 776c04b5e3a5a1c05a47ae4f713e5360: 28 ms
Cold Start: false
Unique ID: 7824575e4c7963d4d20726debc968c75,
Execution Time for Trace ID 7824575e4c7963d4d20726debc968c75: 108 ms
Cold Start: false
Unique ID: d7bfa85b4de56d51eec94e28392ea152,
Execution Time for Trace ID d7bfa85b4de56d51eec94e28392ea152: 185 ms
Cold Start: false
Unique ID: eadcde31236fcfdbe327b5f5a7b24c3f,
Execution Time for Trace ID eadcde31236fcfdbe327b5f5a7b24c3f: 27 ms
Cold Start: false
Unique ID: 71eb3e6bdcf71b5514dc40539c212d4e,
Execution Time for Trace ID 71eb3e6bdcf71b5514dc40539c212d4e: 102 ms
Cold Start: false
Unique ID: 2f201ce08a77225975d7d9606077d997,
Execution Time for Trace ID 2f201ce08a77225975d7d9606077d997: 83 ms
Cold Start: false
Unique ID: c045b341b9ec011d5d0094e0a1398fd8,
Execution Time for Trace ID c045b341b9ec011d5d0094e0a1398fd8: 150 ms
Cold Start: false
Unique ID: 58c35acc49436620d86a5ef071364a33,
Execution Time for Trace ID 58c35acc49436620d86a5ef071364a33: 36 ms
Cold Start: false
Unique ID: 6d4a04cc9cc893c31ad04c0d1a172bdf,
Execution Time for Trace ID 6d4a04cc9cc893c31ad04c0d1a172bdf: 27 ms
Cold Start: false
Unique ID: 2e28a7de7c967e11d7960ebb29d27dcc,
Execution Time for Trace ID 2e28a7de7c967e11d7960ebb29d27dcc: 27 ms
Cold Start: false
Unique ID: ba59b02a58797a844d3c7119d1a858a7,
Execution Time for Trace ID ba59b02a58797a844d3c7119d1a858a7: 187 ms
Cold Start: false
Unique ID: dfe3028fce317bd4a9c1bb1f35183542,
Execution Time for Trace ID dfe3028fce317bd4a9c1bb1f35183542: 33 ms
Cold Start: false
Unique ID: e4f2340135a92449d3b3e8aeba5cbd4d,
Execution Time for Trace ID e4f2340135a92449d3b3e8aeba5cbd4d: 61 ms
Cold Start: false
Unique ID: e0067fa90fe461d6afd052270582733c,
Execution Time for Trace ID e0067fa90fe461d6afd052270582733c: 28 ms
Cold Start: false
Unique ID: be27648c60ae17fb01e4887b2ca5894d,
Execution Time for Trace ID be27648c60ae17fb01e4887b2ca5894d: 183 ms
Cold Start: false
Unique ID: 4ee2c34bf447f66b45741ce46b218472,
Execution Time for Trace ID 4ee2c34bf447f66b45741ce46b218472: 37 ms
Cold Start: false
Unique ID: 4652fa841c90c6f7bc3460a0a0f1e77b,
Execution Time for Trace ID 4652fa841c90c6f7bc3460a0a0f1e77b: 27 ms
Cold Start: false
Unique ID: 45020fa07f75c4be13eea9b78400726a,
Execution Time for Trace ID 45020fa07f75c4be13eea9b78400726a: 27 ms
Cold Start: false
Unique ID: 0139fdb5b1cc965235654ecf52bd6455,
Execution Time for Trace ID 0139fdb5b1cc965235654ecf52bd6455: 172 ms
Cold Start: false
Unique ID: c819df3a28de505739d094500c81ac48,
Execution Time for Trace ID c819df3a28de505739d094500c81ac48: 35 ms
Cold Start: false
Unique ID: 8ec7c8daae90eabb087cbcfb29acb888,
Execution Time for Trace ID 8ec7c8daae90eabb087cbcfb29acb888: 27 ms
Cold Start: false
Unique ID: be037fa9227fca7ddb7985ffa5770702,
Execution Time for Trace ID be037fa9227fca7ddb7985ffa5770702: 178 ms
Cold Start: false
Unique ID: d3648deb6f12099f09857bcd4438b7c9,
Execution Time for Trace ID d3648deb6f12099f09857bcd4438b7c9: 81 ms
Cold Start: false
Unique ID: e8cf8435e3cef3b642b4a95b5353b0ba,
Execution Time for Trace ID e8cf8435e3cef3b642b4a95b5353b0ba: 30 ms
Cold Start: false
Unique ID: 53130f322d4e0cc7e9a39d8e9bcf2694,
Execution Time for Trace ID 53130f322d4e0cc7e9a39d8e9bcf2694: 29 ms
Cold Start: false
Unique ID: 1e511b185c497c2c15062cc4445c9402,
Execution Time for Trace ID 1e511b185c497c2c15062cc4445c9402: 106 ms
Cold Start: false
Unique ID: d2c08fd3b041ffd8b02d5178b5a88fde,
Execution Time for Trace ID d2c08fd3b041ffd8b02d5178b5a88fde: 146 ms
Cold Start: false
Unique ID: aa67be6821f50c14641c3a5c794af4a1,
Execution Time for Trace ID aa67be6821f50c14641c3a5c794af4a1: 36 ms
Cold Start: false
Unique ID: 830716dd28e0aacfa52281a2f981fce6,
Execution Time for Trace ID 830716dd28e0aacfa52281a2f981fce6: 104 ms
Cold Start: false
Unique ID: 4cf30e4d5da26751439939af833bab98,
Execution Time for Trace ID 4cf30e4d5da26751439939af833bab98: 180 ms
Cold Start: false
Unique ID: adf572c023b5cf4b3a0013d0fb631f43,
Execution Time for Trace ID adf572c023b5cf4b3a0013d0fb631f43: 145 ms
Cold Start: false
Unique ID: 365567226f439b17999dbcc0fd6fdb9c,
Execution Time for Trace ID 365567226f439b17999dbcc0fd6fdb9c: 39 ms
Cold Start: false
Unique ID: b7f5b8af9d923917028ea7acb516e468,
Execution Time for Trace ID b7f5b8af9d923917028ea7acb516e468: 30 ms
Cold Start: false
Unique ID: 71c4f9cb67b8346c209061883fffd84c,
Execution Time for Trace ID 71c4f9cb67b8346c209061883fffd84c: 105 ms
Cold Start: false
Unique ID: c8c5d9fc0277d1db44b21190c7b8609c,
Execution Time for Trace ID c8c5d9fc0277d1db44b21190c7b8609c: 183 ms
Cold Start: false
Unique ID: 0d22d3ebff850cac89ffccdff9394a44,
Execution Time for Trace ID 0d22d3ebff850cac89ffccdff9394a44: 34 ms
Cold Start: false
Unique ID: c079498f8da37e1901d98e7aa0bd2644,
Execution Time for Trace ID c079498f8da37e1901d98e7aa0bd2644: 27 ms
Cold Start: false
Unique ID: d5b5cf880d80fb511f317c4ab52f5660,
Execution Time for Trace ID d5b5cf880d80fb511f317c4ab52f5660: 30 ms
Cold Start: false
Unique ID: e6c2edb32b62783f02faf50a17bae72d,
Execution Time for Trace ID e6c2edb32b62783f02faf50a17bae72d: 180 ms
Cold Start: false
Unique ID: 2f83697e2193a224ddc76447ef4fe549,
Execution Time for Trace ID 2f83697e2193a224ddc76447ef4fe549: 31 ms
Cold Start: false
Unique ID: 080b4d58e642c23200712b9cd356775f,
Execution Time for Trace ID 080b4d58e642c23200712b9cd356775f: 27 ms
Cold Start: false
Unique ID: 18764fa381bbb5f8b1a6b54196dfe712,
Execution Time for Trace ID 18764fa381bbb5f8b1a6b54196dfe712: 171 ms
Cold Start: false
Unique ID: 8d1da65e0ddb6e38a3d1bc281935419b,
Execution Time for Trace ID 8d1da65e0ddb6e38a3d1bc281935419b: 95 ms
Cold Start: false
Unique ID: 688d28495323b1d6a41e00aa001b28f6,
Execution Time for Trace ID 688d28495323b1d6a41e00aa001b28f6: 32 ms
Cold Start: false
Unique ID: de6d37b0161b59f790d313ef6691204f,
Execution Time for Trace ID de6d37b0161b59f790d313ef6691204f: 27 ms
Cold Start: false
Unique ID: 8412e00b6aeee0a1e6d85e5a8dd9b5a0,
Execution Time for Trace ID 8412e00b6aeee0a1e6d85e5a8dd9b5a0: 31 ms
Cold Start: false
Unique ID: accf73533cfbaad789d4ed4199704a01,
Execution Time for Trace ID accf73533cfbaad789d4ed4199704a01: 140 ms
Cold Start: false
Unique ID: 4f1540913957a0a9f7349649ea50e9d5,
Execution Time for Trace ID 4f1540913957a0a9f7349649ea50e9d5: 35 ms
Cold Start: false
Unique ID: 8bdb51fd06b04544bac32489754e31ad,
Execution Time for Trace ID 8bdb51fd06b04544bac32489754e31ad: 70 ms
Cold Start: false
Unique ID: 34a92364ff37fd712a825e9d4dd796fa,
Execution Time for Trace ID 34a92364ff37fd712a825e9d4dd796fa: 27 ms
Cold Start: false
Unique ID: 5070874d71427020098cd954a22f2e39,
Execution Time for Trace ID 5070874d71427020098cd954a22f2e39: 180 ms
Cold Start: false
Unique ID: a13426b8c95a9bc1911e1adc0cffb45e,
Execution Time for Trace ID a13426b8c95a9bc1911e1adc0cffb45e: 38 ms
Cold Start: false
Unique ID: cd10fadd711651bb239dfc21bcc1173f,
Execution Time for Trace ID cd10fadd711651bb239dfc21bcc1173f: 27 ms
Cold Start: false
Unique ID: ff5e540c261b8e9e4ea27c61f04b86b0,
Execution Time for Trace ID ff5e540c261b8e9e4ea27c61f04b86b0: 29 ms
Cold Start: false
Unique ID: fdb145bad4b0ab452dd14a5b5176d443,
Execution Time for Trace ID fdb145bad4b0ab452dd14a5b5176d443: 176 ms
Cold Start: false
Unique ID: 0f5a4ea0b3b6db8ec1fb21927d2c7cdf,
Execution Time for Trace ID 0f5a4ea0b3b6db8ec1fb21927d2c7cdf: 32 ms
Cold Start: false
Unique ID: d140776a04c41454faf366c86c47e73b,
Execution Time for Trace ID d140776a04c41454faf366c86c47e73b: 33 ms
Cold Start: false
Unique ID: 9000d11d887c59f66cf43dd04bc8103f,
Execution Time for Trace ID 9000d11d887c59f66cf43dd04bc8103f: 104 ms
Cold Start: false
Unique ID: 1edbeb0847939f94050946c59a4719b5,
Execution Time for Trace ID 1edbeb0847939f94050946c59a4719b5: 181 ms
Cold Start: false
Unique ID: d2b0ccbc742444a16326eb9ed26adbb9,
Execution Time for Trace ID d2b0ccbc742444a16326eb9ed26adbb9: 37 ms
Cold Start: false
Unique ID: c780445f30df5e103d97b099e82347b1,
Execution Time for Trace ID c780445f30df5e103d97b099e82347b1: 70 ms
Cold Start: false
Unique ID: e3288937ca28f6d982f86e6179403c7d,
Execution Time for Trace ID e3288937ca28f6d982f86e6179403c7d: 27 ms
Cold Start: false
Unique ID: cb56acc68adaa24706d6543b8ce81ed9,
Execution Time for Trace ID cb56acc68adaa24706d6543b8ce81ed9: 186 ms
Cold Start: false
Unique ID: 1637ec67f67ec7a31eacf34b96bd157a,
Execution Time for Trace ID 1637ec67f67ec7a31eacf34b96bd157a: 33 ms
Cold Start: false
Unique ID: 2b8b24a9b563c616ec6904fc85938119,
Execution Time for Trace ID 2b8b24a9b563c616ec6904fc85938119: 27 ms
Cold Start: false
Unique ID: 9c056b16fa3df03228cad64654fa5282,
Execution Time for Trace ID 9c056b16fa3df03228cad64654fa5282: 98 ms
Cold Start: false
Unique ID: 5e282adb6a3871a27fdce5a7523260d9,
Execution Time for Trace ID 5e282adb6a3871a27fdce5a7523260d9: 171 ms
Cold Start: false
Unique ID: 362fde6df63b789a36a75e718103b9e5,
Execution Time for Trace ID 362fde6df63b789a36a75e718103b9e5: 43 ms
Cold Start: false
Unique ID: 7e514f41f25ce9976748b8303e06a244,
Execution Time for Trace ID 7e514f41f25ce9976748b8303e06a244: 60 ms
Cold Start: false
Unique ID: 742b680b0aea906989373c0e784b4815,
Execution Time for Trace ID 742b680b0aea906989373c0e784b4815: 39 ms
Cold Start: false
Unique ID: ab4f427e63f9413aab652f2579c69009,
Execution Time for Trace ID ab4f427e63f9413aab652f2579c69009: 184 ms
Cold Start: false
Unique ID: 39b2090ea9052d485f89cb04c00b5447,
Execution Time for Trace ID 39b2090ea9052d485f89cb04c00b5447: 31 ms
Cold Start: false
Unique ID: e691a92815fbe27421204019fa82ac50,
Execution Time for Trace ID e691a92815fbe27421204019fa82ac50: 27 ms
Cold Start: false
Unique ID: bc417891bfd0a5b28ba9128c7283dcc9,
Execution Time for Trace ID bc417891bfd0a5b28ba9128c7283dcc9: 29 ms
Cold Start: false
Unique ID: 42c52ac6bed388b084b3b1fdfffe18dd,
Execution Time for Trace ID 42c52ac6bed388b084b3b1fdfffe18dd: 170 ms
Cold Start: false
Unique ID: 78bfb205cbbd18a567afb271af39b240,
Execution Time for Trace ID 78bfb205cbbd18a567afb271af39b240: 34 ms
Cold Start: false
Unique ID: 2426b4f28bf088c3723dfec92086203f,
Execution Time for Trace ID 2426b4f28bf088c3723dfec92086203f: 28 ms
Cold Start: false
Unique ID: 69b7bcc7d26def118410da15ed9137c1,
Execution Time for Trace ID 69b7bcc7d26def118410da15ed9137c1: 31 ms
Cold Start: false
Unique ID: d5f43cde50c8cba3c9bd84a478172375,
Execution Time for Trace ID d5f43cde50c8cba3c9bd84a478172375: 166 ms
Cold Start: false
Unique ID: 4d82888e46c0662771de60ac8427a4a8,
Execution Time for Trace ID 4d82888e46c0662771de60ac8427a4a8: 33 ms
Cold Start: false
Unique ID: dbded747ca5cc81681fb2f4a65502f7f,
Execution Time for Trace ID dbded747ca5cc81681fb2f4a65502f7f: 68 ms
Cold Start: false
Unique ID: 5a1bc5ee462a17f8ae3e346fc9d5199f,
Execution Time for Trace ID 5a1bc5ee462a17f8ae3e346fc9d5199f: 27 ms
Cold Start: false
Unique ID: 13242a73b6d5a20f3640dd7e6c6ac062,
Execution Time for Trace ID 13242a73b6d5a20f3640dd7e6c6ac062: 186 ms
Cold Start: false
Unique ID: 72085912e324d1ffbb9301a315b623c7,
Execution Time for Trace ID 72085912e324d1ffbb9301a315b623c7: 34 ms
Cold Start: false
Unique ID: e864c4af2cac2b4c8fef034c7630c9ad,
Execution Time for Trace ID e864c4af2cac2b4c8fef034c7630c9ad: 67 ms
Cold Start: false
Unique ID: dec19575d735754db7752f5b705d29a0,
Execution Time for Trace ID dec19575d735754db7752f5b705d29a0: 33 ms
Cold Start: false
Unique ID: 276eb1e88dea66b5d172a20d458de025,
Execution Time for Trace ID 276eb1e88dea66b5d172a20d458de025: 180 ms
Cold Start: false
Unique ID: d55c3a17493798d0b8c56cc1d97b31c8,
Execution Time for Trace ID d55c3a17493798d0b8c56cc1d97b31c8: 30 ms
Cold Start: false
Unique ID: 367c4905665460b7e1e8d23a297dacbf,
Execution Time for Trace ID 367c4905665460b7e1e8d23a297dacbf: 27 ms
Cold Start: false
Unique ID: 78db441cc67ef47280bf7a1668160d1d,
Execution Time for Trace ID 78db441cc67ef47280bf7a1668160d1d: 31 ms
Cold Start: false
Unique ID: 064ac66e06b4550c75678eaf1064763e,
Execution Time for Trace ID 064ac66e06b4550c75678eaf1064763e: 177 ms
Cold Start: false
Unique ID: 30c2d8c251d05ba0d55de57d625e57bd,
Execution Time for Trace ID 30c2d8c251d05ba0d55de57d625e57bd: 34 ms
Cold Start: false
Unique ID: 2c2f62972c7ec3c65aafb5034c3a6e27,
Execution Time for Trace ID 2c2f62972c7ec3c65aafb5034c3a6e27: 32 ms
Cold Start: false
Unique ID: 3f654dc2499fb1c7a8e615b4548c0d50,
Execution Time for Trace ID 3f654dc2499fb1c7a8e615b4548c0d50: 107 ms
Cold Start: false
Unique ID: fdaf704ff5b70158c56119daae05a53e,
Execution Time for Trace ID fdaf704ff5b70158c56119daae05a53e: 184 ms
Cold Start: false
Unique ID: 423d762209d01c21d68fb3c65d4ddc82,
Execution Time for Trace ID 423d762209d01c21d68fb3c65d4ddc82: 34 ms
Cold Start: false
Unique ID: fe3dd446c5debe4c4f37cb01fb5938c7,
Execution Time for Trace ID fe3dd446c5debe4c4f37cb01fb5938c7: 28 ms
Cold Start: false
Unique ID: 7f522ec7ec13a7c79629c56714341fb8,
Execution Time for Trace ID 7f522ec7ec13a7c79629c56714341fb8: 29 ms
Cold Start: false
Unique ID: dc8ec97dff0244318965188a09c40b6e,
Execution Time for Trace ID dc8ec97dff0244318965188a09c40b6e: 180 ms
Cold Start: false
Unique ID: 362f9ee3010642051770257448c8c615,
Execution Time for Trace ID 362f9ee3010642051770257448c8c615: 34 ms
Cold Start: false
Unique ID: 96368609b82830a27c64bb1c0e7d6764,
Execution Time for Trace ID 96368609b82830a27c64bb1c0e7d6764: 99 ms
Cold Start: false
Unique ID: a1b59e9399fee8141a1cd5a3542a575a,
Execution Time for Trace ID a1b59e9399fee8141a1cd5a3542a575a: 51 ms
Cold Start: false
Unique ID: 814f05381a996fa2b0e4e53ba930bbd3,
Execution Time for Trace ID 814f05381a996fa2b0e4e53ba930bbd3: 187 ms
Cold Start: false
Unique ID: 8f6081c64c6c8eb6fe57b4c625a6c8a6,
Execution Time for Trace ID 8f6081c64c6c8eb6fe57b4c625a6c8a6: 33 ms
Cold Start: false
Unique ID: d85f9fe3bde53f7f70db774ab7c86920,
Execution Time for Trace ID d85f9fe3bde53f7f70db774ab7c86920: 29 ms
Cold Start: false
Unique ID: 97a20fa42d6428fa610641432c7929eb,
Execution Time for Trace ID 97a20fa42d6428fa610641432c7929eb: 30 ms
Cold Start: false
Unique ID: 697b9c58c75c27d88255197eead0150b,
Execution Time for Trace ID 697b9c58c75c27d88255197eead0150b: 171 ms
Cold Start: false
Unique ID: 5ccbd625d5c518b35c54dbeb246689fd,
Execution Time for Trace ID 5ccbd625d5c518b35c54dbeb246689fd: 38 ms
Cold Start: false
Unique ID: be7a311abb2e27c9aaf97c156c83a869,
Execution Time for Trace ID be7a311abb2e27c9aaf97c156c83a869: 26 ms
Cold Start: false
Unique ID: d6afa0fc8334d1da4ea1884f95968736,
Execution Time for Trace ID d6afa0fc8334d1da4ea1884f95968736: 182 ms
Cold Start: false
Unique ID: b0fa8629b7901042e485ce34a89abe28,
Execution Time for Trace ID b0fa8629b7901042e485ce34a89abe28: 94 ms
Cold Start: false
Unique ID: 863cc252308ad14c088213e38fd5b698,
Execution Time for Trace ID 863cc252308ad14c088213e38fd5b698: 32 ms
Cold Start: false
Unique ID: 26197df741361d3e78906c36f6022461,
Execution Time for Trace ID 26197df741361d3e78906c36f6022461: 72 ms
Cold Start: false
Unique ID: d0462afcfe2ae4a0a80e756c8845fa0d,
Execution Time for Trace ID d0462afcfe2ae4a0a80e756c8845fa0d: 34 ms
Cold Start: false
Unique ID: aae78e7bb4085e7e7f7e808061daa86d,
Execution Time for Trace ID aae78e7bb4085e7e7f7e808061daa86d: 182 ms
Cold Start: false
Unique ID: 8954b5ec5f0681d8c20d5d5fecd7041a,
Execution Time for Trace ID 8954b5ec5f0681d8c20d5d5fecd7041a: 43 ms
Cold Start: false
Unique ID: 321a672649a7cd52354e50cd2d6d3f4f,
Execution Time for Trace ID 321a672649a7cd52354e50cd2d6d3f4f: 28 ms
Cold Start: false
Unique ID: b5bc202d9b98bfc517ac66e4f1339044,
Execution Time for Trace ID b5bc202d9b98bfc517ac66e4f1339044: 29 ms
Cold Start: false
Unique ID: df38b485b089e9a4323c96062958356d,
Execution Time for Trace ID df38b485b089e9a4323c96062958356d: 201 ms
Cold Start: false
Unique ID: 8426bdafc22eddf7c8e620a6c6005014,
Execution Time for Trace ID 8426bdafc22eddf7c8e620a6c6005014: 53 ms
Cold Start: false
Unique ID: 833cf7b284cc2e9f9056e243fe71dd5b,
Execution Time for Trace ID 833cf7b284cc2e9f9056e243fe71dd5b: 62 ms
Cold Start: false
Unique ID: ed5070d838e68c1c788d0bc7eb6935f2,
Execution Time for Trace ID ed5070d838e68c1c788d0bc7eb6935f2: 63 ms
Cold Start: false
Unique ID: ade8a5d459db5159629c72b05fe061ee,
Execution Time for Trace ID ade8a5d459db5159629c72b05fe061ee: 168 ms
Cold Start: false
Unique ID: b8638a3a7295f0caa67348a522bb7ed0,
Execution Time for Trace ID b8638a3a7295f0caa67348a522bb7ed0: 37 ms
Cold Start: false
Unique ID: 8d40ef4959b5a766dc0759050481d902,
Execution Time for Trace ID 8d40ef4959b5a766dc0759050481d902: 103 ms
Cold Start: false
Unique ID: 6c4e02ea16b3eb06f61b924263c8aa5b,
Execution Time for Trace ID 6c4e02ea16b3eb06f61b924263c8aa5b: 27 ms
Cold Start: false
Unique ID: 901cd4fb4622cb02f49f3e9cd37cb688,
Execution Time for Trace ID 901cd4fb4622cb02f49f3e9cd37cb688: 177 ms
Cold Start: false
Unique ID: e2821b99eeb10fbe640cbf6a9d2e63db,
Execution Time for Trace ID e2821b99eeb10fbe640cbf6a9d2e63db: 36 ms
Cold Start: false
Unique ID: fe0d5cc90d01abd8860237c0897099a7,
Execution Time for Trace ID fe0d5cc90d01abd8860237c0897099a7: 27 ms
Cold Start: false
Unique ID: 7e5d3e981e8949f6d26d665fda81b9d2,
Execution Time for Trace ID 7e5d3e981e8949f6d26d665fda81b9d2: 30 ms
Cold Start: false
Unique ID: 72330d59d19b9c63b226fbc09be8f8fd,
Execution Time for Trace ID 72330d59d19b9c63b226fbc09be8f8fd: 187 ms
Cold Start: false
Unique ID: 390bc90550e021d362abf07b67cf28db,
Execution Time for Trace ID 390bc90550e021d362abf07b67cf28db: 32 ms
Cold Start: false
Unique ID: d560614cf36c6916ed485724cc25b94d,
Execution Time for Trace ID d560614cf36c6916ed485724cc25b94d: 27 ms
Cold Start: false
Unique ID: d39fd0699d3c34554510b8a052669fb3,
Execution Time for Trace ID d39fd0699d3c34554510b8a052669fb3: 177 ms
Cold Start: false
Unique ID: 2a8590f966f0a96673108e6833b94f80,
Execution Time for Trace ID 2a8590f966f0a96673108e6833b94f80: 88 ms
Cold Start: false
Unique ID: 039a1a329bed4da624e6101325e50235,
Execution Time for Trace ID 039a1a329bed4da624e6101325e50235: 34 ms
Cold Start: false
Unique ID: 4de62bd0ccfb0b0f9a291bc50991047a,
Execution Time for Trace ID 4de62bd0ccfb0b0f9a291bc50991047a: 27 ms
Cold Start: false
Unique ID: bb8f794d5356a95f709d3ba35e108cb0,
Execution Time for Trace ID bb8f794d5356a95f709d3ba35e108cb0: 169 ms
Cold Start: false
Unique ID: aad0e19d0019f63979e56e18ece10aef,
Execution Time for Trace ID aad0e19d0019f63979e56e18ece10aef: 100 ms
Cold Start: false
Unique ID: c10d6fe8d10c4c6c3a063113781c797d,
Execution Time for Trace ID c10d6fe8d10c4c6c3a063113781c797d: 32 ms
Cold Start: false
Unique ID: 539f7dc200696c6247d806e9c099591c,
Execution Time for Trace ID 539f7dc200696c6247d806e9c099591c: 29 ms
Cold Start: false
Unique ID: 1662e60ac30cbdd2ec3d570d043ecffb,
Execution Time for Trace ID 1662e60ac30cbdd2ec3d570d043ecffb: 30 ms
Cold Start: false
Unique ID: d3f6312dd4b727ec58538b1f05509878,
Execution Time for Trace ID d3f6312dd4b727ec58538b1f05509878: 166 ms
Cold Start: false
Unique ID: 3552e4015c0a860d4cb15cedad2d1b47,
Execution Time for Trace ID 3552e4015c0a860d4cb15cedad2d1b47: 34 ms
Cold Start: false
Unique ID: 8cf24b9bf51959a8cee7cb0e7a1acaa8,
Execution Time for Trace ID 8cf24b9bf51959a8cee7cb0e7a1acaa8: 70 ms
Cold Start: false
Unique ID: 0d9f255e15f4bc241099f59ed11365d6,
Execution Time for Trace ID 0d9f255e15f4bc241099f59ed11365d6: 177 ms
Cold Start: false
Unique ID: 549cff24d08b5154a7f15f91d87b45b4,
Execution Time for Trace ID 549cff24d08b5154a7f15f91d87b45b4: 44 ms
Cold Start: false
Unique ID: 2d9bc5c8bafe56aca937d57baee4e47e,
Execution Time for Trace ID 2d9bc5c8bafe56aca937d57baee4e47e: 34 ms
Cold Start: false
Unique ID: 9497e48766f56f43289d57f6d77f145d,
Execution Time for Trace ID 9497e48766f56f43289d57f6d77f145d: 27 ms
Cold Start: false
Unique ID: 3b0f87f5ac3f9d382cccbeb4c3cd30e7,
Execution Time for Trace ID 3b0f87f5ac3f9d382cccbeb4c3cd30e7: 30 ms
Cold Start: false
Unique ID: f65fa9d3c2b67da563c2919a3d35d71f,
Execution Time for Trace ID f65fa9d3c2b67da563c2919a3d35d71f: 177 ms
Cold Start: false
Unique ID: bd156950129844e54dc46fa4057223be,
Execution Time for Trace ID bd156950129844e54dc46fa4057223be: 32 ms
Cold Start: false
Unique ID: 147ed3dfa4c726c3ff9c61cce987c743,
Execution Time for Trace ID 147ed3dfa4c726c3ff9c61cce987c743: 30 ms
Cold Start: false
Unique ID: 8cbd521e20980c9a2c62b6912923125a,
Execution Time for Trace ID 8cbd521e20980c9a2c62b6912923125a: 108 ms
Cold Start: false
Unique ID: 12b6e4d1940f6530e82c503ba812d143,
Execution Time for Trace ID 12b6e4d1940f6530e82c503ba812d143: 176 ms
Cold Start: false
Unique ID: ba740a645dba4ad61ac1b9dc39523884,
Execution Time for Trace ID ba740a645dba4ad61ac1b9dc39523884: 33 ms
Cold Start: false
Unique ID: f06c92d6a3e74de5d8588e906097a753,
Execution Time for Trace ID f06c92d6a3e74de5d8588e906097a753: 73 ms
Cold Start: false
Unique ID: e40dca527ff54d4ac6300165a67675a4,
Execution Time for Trace ID e40dca527ff54d4ac6300165a67675a4: 38 ms
Cold Start: false
Unique ID: 560cbe3710badd8d118bdfe2845b35cb,
Execution Time for Trace ID 560cbe3710badd8d118bdfe2845b35cb: 177 ms
Cold Start: false
Unique ID: e74e7110a971b217ce9f0932bbdfaa74,
Execution Time for Trace ID e74e7110a971b217ce9f0932bbdfaa74: 31 ms
Cold Start: false
Unique ID: 4833ce027799b79b08c402ce25fd0691,
Execution Time for Trace ID 4833ce027799b79b08c402ce25fd0691: 27 ms
Cold Start: false
Unique ID: 09eb164d9203263e3fde62eb2a635926,
Execution Time for Trace ID 09eb164d9203263e3fde62eb2a635926: 174 ms
Cold Start: false
Unique ID: 5ede2869dd1053380e36d840636a8766,
Execution Time for Trace ID 5ede2869dd1053380e36d840636a8766: 164 ms
Cold Start: false
Unique ID: e10f309bd4f374693a88ec71e012a7f0,
Execution Time for Trace ID e10f309bd4f374693a88ec71e012a7f0: 30 ms
Cold Start: false
Unique ID: 4f1fe497744b797ee2b150c90f22bc36,
Execution Time for Trace ID 4f1fe497744b797ee2b150c90f22bc36: 61 ms
Cold Start: false
Unique ID: b59c003f570d0677b2b3e5262fc0f892,
Execution Time for Trace ID b59c003f570d0677b2b3e5262fc0f892: 51 ms
Cold Start: false
Unique ID: b3944d469a8f5911c1d5f32710baef32,
Execution Time for Trace ID b3944d469a8f5911c1d5f32710baef32: 186 ms
Cold Start: false
Unique ID: bf366e76476feff5eb71fa692ffdd491,
Execution Time for Trace ID bf366e76476feff5eb71fa692ffdd491: 32 ms
Cold Start: false
Unique ID: eea96ec329f2094cea3912252f64d262,
Execution Time for Trace ID eea96ec329f2094cea3912252f64d262: 30 ms
Cold Start: false
Unique ID: 55d27787ff41d2e6a17fc9ff635a5ec8,
Execution Time for Trace ID 55d27787ff41d2e6a17fc9ff635a5ec8: 108 ms
Cold Start: false
Unique ID: a9954a5bed7fda0b323e0c86390c4504,
Execution Time for Trace ID a9954a5bed7fda0b323e0c86390c4504: 184 ms
Cold Start: false
Unique ID: 55c8cada27ccae0f89ae39816d1db11e,
Execution Time for Trace ID 55c8cada27ccae0f89ae39816d1db11e: 41 ms
Cold Start: false
Unique ID: 834d62ac262c66859399c6bee8af9aa9,
Execution Time for Trace ID 834d62ac262c66859399c6bee8af9aa9: 56 ms
Cold Start: false
Unique ID: c9966d26f56ab194fa56fb16f6115bb6,
Execution Time for Trace ID c9966d26f56ab194fa56fb16f6115bb6: 30 ms
Cold Start: false
Unique ID: 4a9e81b81027ec907e55c5e415e76b60,
Execution Time for Trace ID 4a9e81b81027ec907e55c5e415e76b60: 125 ms
Cold Start: false
Unique ID: 6e86f856a7d30016ba7565f82231afcb,
Execution Time for Trace ID 6e86f856a7d30016ba7565f82231afcb: 33 ms
Cold Start: false
Unique ID: 3a954974669e7317952f65ee6bae8fbc,
Execution Time for Trace ID 3a954974669e7317952f65ee6bae8fbc: 30 ms
Cold Start: false
Unique ID: ea365e99dc7451efee82bfbfc9c85b16,
Execution Time for Trace ID ea365e99dc7451efee82bfbfc9c85b16: 109 ms
Cold Start: false
Unique ID: 06f288c68c492301652a859b54e744f2,
Execution Time for Trace ID 06f288c68c492301652a859b54e744f2: 171 ms
Cold Start: false
Unique ID: 21e9dbc3367c8cf25cad2abe8aa4e200,
Execution Time for Trace ID 21e9dbc3367c8cf25cad2abe8aa4e200: 31 ms
Cold Start: false
Unique ID: 7be1be4281fc97bea7060ab7fc22dff7,
Execution Time for Trace ID 7be1be4281fc97bea7060ab7fc22dff7: 71 ms
Cold Start: false
Unique ID: 0f9060584c7dc3a070de31cab098d4d5,
Execution Time for Trace ID 0f9060584c7dc3a070de31cab098d4d5: 171 ms
Cold Start: false
Unique ID: 854d6ea403bdc592fe77e38408dd8231,
Execution Time for Trace ID 854d6ea403bdc592fe77e38408dd8231: 60 ms
Cold Start: false
Unique ID: e53bab4ef8f8c9e0b1c40b8d9788dc66,
Execution Time for Trace ID e53bab4ef8f8c9e0b1c40b8d9788dc66: 32 ms
Cold Start: false
Unique ID: 72f39fb5dfebc898aec7067dcb2802d2,
Execution Time for Trace ID 72f39fb5dfebc898aec7067dcb2802d2: 97 ms
Cold Start: false
Unique ID: 54d98bc520c736bdbb0bdd288c57e64c,
Execution Time for Trace ID 54d98bc520c736bdbb0bdd288c57e64c: 94 ms
Cold Start: false
Unique ID: 25e849a6c32cdd5cb243088235a7653a,
Execution Time for Trace ID 25e849a6c32cdd5cb243088235a7653a: 86 ms
Cold Start: false
Unique ID: 32db5f86d92b5ee877c0a9ab8aa4102c,
Execution Time for Trace ID 32db5f86d92b5ee877c0a9ab8aa4102c: 36 ms
Cold Start: false
Unique ID: b92c0885b27ad21b563dd049e67ae179,
Execution Time for Trace ID b92c0885b27ad21b563dd049e67ae179: 33 ms
Cold Start: false
Unique ID: 0f700e90e9a44dc10abed37afd5f8b9f,
Execution Time for Trace ID 0f700e90e9a44dc10abed37afd5f8b9f: 31 ms
Cold Start: false
Unique ID: 9911883e3688d9296e468bd2e9707599,
Execution Time for Trace ID 9911883e3688d9296e468bd2e9707599: 180 ms
Cold Start: false
Unique ID: 87dadf0f092c95227e7ed3c489492184,
Execution Time for Trace ID 87dadf0f092c95227e7ed3c489492184: 30 ms
Cold Start: false
Unique ID: 7342929ce03dd5dec6a5f87a8d9841e4,
Execution Time for Trace ID 7342929ce03dd5dec6a5f87a8d9841e4: 28 ms
Cold Start: false
Unique ID: 22b820e4fb83cc04186afa34a653421b,
Execution Time for Trace ID 22b820e4fb83cc04186afa34a653421b: 176 ms
Cold Start: false
Unique ID: b49d04037d334b676ebe02f35b16ec41,
Execution Time for Trace ID b49d04037d334b676ebe02f35b16ec41: 95 ms
Cold Start: false
Unique ID: f9bd9b5d8e109111db633b76b6da851f,
Execution Time for Trace ID f9bd9b5d8e109111db633b76b6da851f: 32 ms
Cold Start: false
Unique ID: 7ee4fb353fd1904d898468c8d23e1085,
Execution Time for Trace ID 7ee4fb353fd1904d898468c8d23e1085: 27 ms
Cold Start: false
Unique ID: 38badf63da26a7e3fb16cbcb7858dc7f,
Execution Time for Trace ID 38badf63da26a7e3fb16cbcb7858dc7f: 93 ms
Cold Start: false
Unique ID: 4c1943820828b3f9c2b171eb665d0235,
Execution Time for Trace ID 4c1943820828b3f9c2b171eb665d0235: 175 ms
Cold Start: false
Unique ID: adfb6a6c60595779ef9f05fc5fbd1cfb,
Execution Time for Trace ID adfb6a6c60595779ef9f05fc5fbd1cfb: 31 ms
Cold Start: false
Unique ID: 185bdab5b9ff65f40abed37afd5f83e2,
Execution Time for Trace ID 185bdab5b9ff65f40abed37afd5f83e2: 27 ms
Cold Start: false
Unique ID: 0ce57ed5d3e3c666bfd37150712ff462,
Execution Time for Trace ID 0ce57ed5d3e3c666bfd37150712ff462: 30 ms
Cold Start: false
Unique ID: f78895eaeaaff16906a2495d813a5f09,
Execution Time for Trace ID f78895eaeaaff16906a2495d813a5f09: 170 ms
Cold Start: false
Unique ID: 67f0ab65c8b9cae716c34e2f42326747,
Execution Time for Trace ID 67f0ab65c8b9cae716c34e2f42326747: 53 ms
Cold Start: false
Unique ID: f4c3fa16d0895bf8b6eafc2ddbccd557,
Execution Time for Trace ID f4c3fa16d0895bf8b6eafc2ddbccd557: 96 ms
Cold Start: false
Unique ID: 129cad9023cac2859df1d7f6a43cb473,
Execution Time for Trace ID 129cad9023cac2859df1d7f6a43cb473: 62 ms
Cold Start: false
Unique ID: da286e48c7480846e1735dafc70255d7,
Execution Time for Trace ID da286e48c7480846e1735dafc70255d7: 80 ms
Cold Start: false
Unique ID: 831215bb37fb5786b09c9fdfe1b4342b,
Execution Time for Trace ID 831215bb37fb5786b09c9fdfe1b4342b: 30 ms
Cold Start: false
Unique ID: 80051ad81942937f8b5a01586109053f,
Execution Time for Trace ID 80051ad81942937f8b5a01586109053f: 31 ms
Cold Start: false
Unique ID: aaede9fabfc30729e66b7a720bda026a,
Execution Time for Trace ID aaede9fabfc30729e66b7a720bda026a: 184 ms
Cold Start: false
Unique ID: 749f663a5f91ad9774d9a83ae36c62de,
Execution Time for Trace ID 749f663a5f91ad9774d9a83ae36c62de: 143 ms
Cold Start: false
Unique ID: 1bb9d29cf1a2868a0ee80789429ae854,
Execution Time for Trace ID 1bb9d29cf1a2868a0ee80789429ae854: 33 ms
Cold Start: false
Unique ID: 5d29dca0038df41c1f80ae266443d242,
Execution Time for Trace ID 5d29dca0038df41c1f80ae266443d242: 27 ms
Cold Start: false
Unique ID: aabf8e13b100e89b0d2a2213dfd50e6a,
Execution Time for Trace ID aabf8e13b100e89b0d2a2213dfd50e6a: 177 ms
Cold Start: false
Unique ID: 6389bbf8e99a9ac6d8ccfd5fe102ac9d,
Execution Time for Trace ID 6389bbf8e99a9ac6d8ccfd5fe102ac9d: 94 ms
Cold Start: false
Unique ID: b4e96e878c6f0a68b8dd0bfcb4cf1698,
Execution Time for Trace ID b4e96e878c6f0a68b8dd0bfcb4cf1698: 31 ms
Cold Start: false
Unique ID: 000fbbd06e81cd31ea342ee34c3cf8a4,
Execution Time for Trace ID 000fbbd06e81cd31ea342ee34c3cf8a4: 30 ms
Cold Start: false
Unique ID: 22d7a247171520f5874d12de7af23cb1,
Execution Time for Trace ID 22d7a247171520f5874d12de7af23cb1: 100 ms
Cold Start: false
Unique ID: 7d6e96d302e8420ec606978db798ea65,
Execution Time for Trace ID 7d6e96d302e8420ec606978db798ea65: 182 ms
Cold Start: false
Unique ID: 3147b1c9177f25f7c6e844ba5f032e69,
Execution Time for Trace ID 3147b1c9177f25f7c6e844ba5f032e69: 30 ms
Cold Start: false
Unique ID: 08cffa5e4715878c590d24d9558989a1,
Execution Time for Trace ID 08cffa5e4715878c590d24d9558989a1: 28 ms
Cold Start: false
Unique ID: a8759c98cdba993f11d5b781ffb07cd0,
Execution Time for Trace ID a8759c98cdba993f11d5b781ffb07cd0: 29 ms
Cold Start: false
Unique ID: 3e66fa528801cff8ead6cff6531f09a9,
Execution Time for Trace ID 3e66fa528801cff8ead6cff6531f09a9: 173 ms
Cold Start: false
Unique ID: 938fe32ea48169353e7e5f27f5fff5a5,
Execution Time for Trace ID 938fe32ea48169353e7e5f27f5fff5a5: 30 ms
Cold Start: false
Unique ID: 5e1915e0abea35a16f45c19aea6c6b97,
Execution Time for Trace ID 5e1915e0abea35a16f45c19aea6c6b97: 81 ms
Cold Start: false
Unique ID: 8c9abb6b962dd4abda2660341e655811,
Execution Time for Trace ID 8c9abb6b962dd4abda2660341e655811: 28 ms
Cold Start: false
Unique ID: b73213680a01f1269c2c800f37378507,
Execution Time for Trace ID b73213680a01f1269c2c800f37378507: 89 ms
Cold Start: false
Unique ID: bb8b258e657b1f30348a5cd2c6897104,
Execution Time for Trace ID bb8b258e657b1f30348a5cd2c6897104: 36 ms
Cold Start: false
Unique ID: 0eafe8fcbb19efed6df12730ed55441d,
Execution Time for Trace ID 0eafe8fcbb19efed6df12730ed55441d: 63 ms
Cold Start: false
Unique ID: fba5d680ef748bf522b75c89f9f1900f,
Execution Time for Trace ID fba5d680ef748bf522b75c89f9f1900f: 27 ms
Cold Start: false
Unique ID: 533df18691a7a6d57cb8c6c5d987ea76,
Execution Time for Trace ID 533df18691a7a6d57cb8c6c5d987ea76: 179 ms
Cold Start: false
Unique ID: d3dc61dd24547dd7de64c0a8b310f0a9,
Execution Time for Trace ID d3dc61dd24547dd7de64c0a8b310f0a9: 30 ms
Cold Start: false
Unique ID: 886406755e2548868e8a3fd33ab024d7,
Execution Time for Trace ID 886406755e2548868e8a3fd33ab024d7: 73 ms
Cold Start: false
Unique ID: dafa2afae475a44b16149e7206e0f529,
Execution Time for Trace ID dafa2afae475a44b16149e7206e0f529: 35 ms
Cold Start: false
Unique ID: 63542e1657403cb3b68c550182fdfebb,
Execution Time for Trace ID 63542e1657403cb3b68c550182fdfebb: 173 ms
Cold Start: false
Unique ID: 1040bfaa44a0c9032c003f4ead4568a1,
Execution Time for Trace ID 1040bfaa44a0c9032c003f4ead4568a1: 32 ms
Cold Start: false
Unique ID: 8ab9c570923ad5f9c6e9b69cfbfb875b,
Execution Time for Trace ID 8ab9c570923ad5f9c6e9b69cfbfb875b: 102 ms
Cold Start: false
Unique ID: 4efd8700c1754c48fac2c6856ce6f15c,
Execution Time for Trace ID 4efd8700c1754c48fac2c6856ce6f15c: 70 ms
Cold Start: false
Unique ID: 959d14dfca3bf5ac3e05949e0b054284,
Execution Time for Trace ID 959d14dfca3bf5ac3e05949e0b054284: 177 ms
Cold Start: false
Unique ID: 926224e3a39b8b342091124d786f7ae6,
Execution Time for Trace ID 926224e3a39b8b342091124d786f7ae6: 34 ms
Cold Start: false
Unique ID: 8ef29b1990a044f1bb6a05de6c034f8c,
Execution Time for Trace ID 8ef29b1990a044f1bb6a05de6c034f8c: 70 ms
Cold Start: false
Unique ID: dd2076f5e8af8becd7eb8a7e56fa55a8,
Execution Time for Trace ID dd2076f5e8af8becd7eb8a7e56fa55a8: 32 ms
Cold Start: false
Unique ID: 1498a6ef717dbf528681278903d46423,
Execution Time for Trace ID 1498a6ef717dbf528681278903d46423: 177 ms
Cold Start: false
Unique ID: 5cd7478ac5419498586c63deb4cc9d1b,
Execution Time for Trace ID 5cd7478ac5419498586c63deb4cc9d1b: 30 ms
Cold Start: false
Unique ID: 28e331b2694c819d1a0ef1fba013af2c,
Execution Time for Trace ID 28e331b2694c819d1a0ef1fba013af2c: 27 ms
Cold Start: false
Unique ID: aa5d6739a84b27b32d1bed5f64c511ac,
Execution Time for Trace ID aa5d6739a84b27b32d1bed5f64c511ac: 96 ms
Cold Start: false
Unique ID: 3aad3ae076bc2db7e7b39c72bdb17a24,
Execution Time for Trace ID 3aad3ae076bc2db7e7b39c72bdb17a24: 178 ms
Cold Start: false
Unique ID: 609351a6c9aac02e03ee48be7529c359,
Execution Time for Trace ID 609351a6c9aac02e03ee48be7529c359: 30 ms
Cold Start: false
Unique ID: 1fccc82da9fe2ed91c50e9a5578e6151,
Execution Time for Trace ID 1fccc82da9fe2ed91c50e9a5578e6151: 30 ms
Cold Start: false
Unique ID: c7f8fd65b390822749137d798a77e67e,
Execution Time for Trace ID c7f8fd65b390822749137d798a77e67e: 30 ms
Cold Start: false
Unique ID: b28e834c1e71bfeee03160ace890f761,
Execution Time for Trace ID b28e834c1e71bfeee03160ace890f761: 180 ms
Cold Start: false
Unique ID: 5fdd026f68824d10b8c1470cd66f892d,
Execution Time for Trace ID 5fdd026f68824d10b8c1470cd66f892d: 32 ms
Cold Start: false
Unique ID: bd177255f83bbf8b265077fa1838528d,
Execution Time for Trace ID bd177255f83bbf8b265077fa1838528d: 27 ms
Cold Start: false
Unique ID: e80773c139bc87fcf0ba925b8dc90a4a,
Execution Time for Trace ID e80773c139bc87fcf0ba925b8dc90a4a: 31 ms
Cold Start: false
Unique ID: eef6a891c69f22ceef902fd176e468e1,
Execution Time for Trace ID eef6a891c69f22ceef902fd176e468e1: 175 ms
Cold Start: false
Unique ID: e4dc01917577fd9f9a27f646fb08ac5f,
Execution Time for Trace ID e4dc01917577fd9f9a27f646fb08ac5f: 31 ms
Cold Start: false
Unique ID: 7b808d049a98ae35b978cda35ff66e16,
Execution Time for Trace ID 7b808d049a98ae35b978cda35ff66e16: 26 ms
Cold Start: false
Unique ID: 3318c60189eaa36d86fc38d6cba6de1a,
Execution Time for Trace ID 3318c60189eaa36d86fc38d6cba6de1a: 27 ms
Cold Start: false
Unique ID: 613f1670d9ad4f98e94b437ffb3906f9,
Execution Time for Trace ID 613f1670d9ad4f98e94b437ffb3906f9: 172 ms
Cold Start: false
Unique ID: 534078ac253d7ef06fdfe699d582388a,
Execution Time for Trace ID 534078ac253d7ef06fdfe699d582388a: 33 ms
Cold Start: false
Unique ID: 100e15cc19c9f41bcb891b712077666e,
Execution Time for Trace ID 100e15cc19c9f41bcb891b712077666e: 76 ms
Cold Start: false
Unique ID: 584fc473eb15ae6b1cf3a3084a2bc2f5,
Execution Time for Trace ID 584fc473eb15ae6b1cf3a3084a2bc2f5: 30 ms
Cold Start: false
Unique ID: 5dbebce818ac8d5eb5b568de47450290,
Execution Time for Trace ID 5dbebce818ac8d5eb5b568de47450290: 163 ms
Cold Start: false
Unique ID: 4eac5d5a3f2c1a3cc3bb67f05f1505a8,
Execution Time for Trace ID 4eac5d5a3f2c1a3cc3bb67f05f1505a8: 37 ms
Cold Start: false
Unique ID: 8d88db13d5783eff2d16793705f1d2dc,
Execution Time for Trace ID 8d88db13d5783eff2d16793705f1d2dc: 26 ms
Cold Start: false
Unique ID: 7ca316a32de3ee9219cfdb0c41a09a50,
Execution Time for Trace ID 7ca316a32de3ee9219cfdb0c41a09a50: 47 ms
Cold Start: false
Unique ID: 24340a3e8009159bf1e620c943a8d72a,
Execution Time for Trace ID 24340a3e8009159bf1e620c943a8d72a: 152 ms
Cold Start: false
Unique ID: fea540d4f04e918afea89f4decee82b7,
Execution Time for Trace ID fea540d4f04e918afea89f4decee82b7: 30 ms
Cold Start: false
Unique ID: 1296046feb6974fbb7e4670cd6ac3091,
Execution Time for Trace ID 1296046feb6974fbb7e4670cd6ac3091: 36 ms
Cold Start: false
Unique ID: a3e1de2fce4eeba770b1298ecc80b713,
Execution Time for Trace ID a3e1de2fce4eeba770b1298ecc80b713: 32 ms
Cold Start: false
Unique ID: 5d3a3f67f6742fcd47f3daecb9d556a1,
Execution Time for Trace ID 5d3a3f67f6742fcd47f3daecb9d556a1: 187 ms
Cold Start: false
Unique ID: d16ff90161d923b3af5e38690a6b3093,
Execution Time for Trace ID d16ff90161d923b3af5e38690a6b3093: 32 ms
Cold Start: false
Unique ID: 75ea9363bd2a460fe2ac7bd0a32a0fa5,
Execution Time for Trace ID 75ea9363bd2a460fe2ac7bd0a32a0fa5: 28 ms
Cold Start: false
Unique ID: a5a887c6614ae306f4f70fa330476dc0,
Execution Time for Trace ID a5a887c6614ae306f4f70fa330476dc0: 28 ms
Cold Start: false
Unique ID: f89b20b3a9cb89403186b96871be0a5e,
Execution Time for Trace ID f89b20b3a9cb89403186b96871be0a5e: 169 ms
Cold Start: false
Unique ID: 09cc5cb42d67ef9a814d742cbb421967,
Execution Time for Trace ID 09cc5cb42d67ef9a814d742cbb421967: 33 ms
Cold Start: false
Unique ID: d3695c7f05e4d6db0e9ed367bc4d0421,
Execution Time for Trace ID d3695c7f05e4d6db0e9ed367bc4d0421: 69 ms
Cold Start: false
Unique ID: 57ca5653738a6584c133bbe1bf631ff0,
Execution Time for Trace ID 57ca5653738a6584c133bbe1bf631ff0: 35 ms
Cold Start: false
Unique ID: fe8eb47b4b51a69681ebb7b6f4c4004f,
Execution Time for Trace ID fe8eb47b4b51a69681ebb7b6f4c4004f: 197 ms
Cold Start: false
Unique ID: a6d16d60981b71147ac41532d7feebf8,
Execution Time for Trace ID a6d16d60981b71147ac41532d7feebf8: 45 ms
Cold Start: false
Unique ID: 863e22b98388c3b838dfdf14ef1ba0aa,
Execution Time for Trace ID 863e22b98388c3b838dfdf14ef1ba0aa: 76 ms
Cold Start: false
Unique ID: 7f0fc010858b25299bffbc2715dcb57a,
Execution Time for Trace ID 7f0fc010858b25299bffbc2715dcb57a: 27 ms
Cold Start: false
Unique ID: 7f64fd2c4f5c976415c74ab52986bfa6,
Execution Time for Trace ID 7f64fd2c4f5c976415c74ab52986bfa6: 188 ms
Cold Start: false
Unique ID: 5ecb41f18ec56a2577ff6ea0d28bcabf,
Execution Time for Trace ID 5ecb41f18ec56a2577ff6ea0d28bcabf: 32 ms
Cold Start: false
Unique ID: f12d68c412e7f0a3796f7fbc4193ab85,
Execution Time for Trace ID f12d68c412e7f0a3796f7fbc4193ab85: 30 ms
Cold Start: false
Unique ID: d43e8f974edc64f713037bd8b5bf96c6,
Execution Time for Trace ID d43e8f974edc64f713037bd8b5bf96c6: 26 ms
Cold Start: false
Unique ID: 7daab5bdd63042959f6c71c761338f33,
Execution Time for Trace ID 7daab5bdd63042959f6c71c761338f33: 189 ms
Cold Start: false
Unique ID: 7f07f2b26bd73fae720f1f277fa4d7aa,
Execution Time for Trace ID 7f07f2b26bd73fae720f1f277fa4d7aa: 27 ms
Cold Start: false
Unique ID: 5d2b555f8bf634de0f4b82b94a5db34b,
Execution Time for Trace ID 5d2b555f8bf634de0f4b82b94a5db34b: 102 ms
Cold Start: false
Unique ID: 5727784fef0c0f670feedd3084e22606,
Execution Time for Trace ID 5727784fef0c0f670feedd3084e22606: 27 ms
Cold Start: false
Unique ID: c01788153a9cb471e669343d487ac9f5,
Execution Time for Trace ID c01788153a9cb471e669343d487ac9f5: 91 ms
Cold Start: false
Unique ID: 23dc461b0b2ca821e2448c6c63411846,
Execution Time for Trace ID 23dc461b0b2ca821e2448c6c63411846: 36 ms
Cold Start: false
Unique ID: ed8d5530c7104908b063fcce3830165a,
Execution Time for Trace ID ed8d5530c7104908b063fcce3830165a: 27 ms
Cold Start: false
Unique ID: cf5c6f249b561b9b3d7acd24993123d8,
Execution Time for Trace ID cf5c6f249b561b9b3d7acd24993123d8: 42 ms
Cold Start: false
Unique ID: 6d48bdfd6950064378e580617175e9b5,
Execution Time for Trace ID 6d48bdfd6950064378e580617175e9b5: 183 ms
Cold Start: false
Unique ID: 6de93de809a56f7ee6f48fab9168ee24,
Execution Time for Trace ID 6de93de809a56f7ee6f48fab9168ee24: 32 ms
Cold Start: false
Unique ID: 997cf92fb5dc9917b063fcce3830176a,
Execution Time for Trace ID 997cf92fb5dc9917b063fcce3830176a: 27 ms
Cold Start: false
Unique ID: 742083c073ff8b765a953ffe8f114672,
Execution Time for Trace ID 742083c073ff8b765a953ffe8f114672: 174 ms
Cold Start: false
Unique ID: 3b73c2eba7e97e8f761db652a3b82f8f,
Execution Time for Trace ID 3b73c2eba7e97e8f761db652a3b82f8f: 86 ms
Cold Start: false
Unique ID: fbb787ed44d646dfed0104b1cf7d45e0,
Execution Time for Trace ID fbb787ed44d646dfed0104b1cf7d45e0: 31 ms
Cold Start: false
Unique ID: 4cd0d8744c96be1b7c3a9ee4ee645afa,
Execution Time for Trace ID 4cd0d8744c96be1b7c3a9ee4ee645afa: 31 ms
Cold Start: false
Unique ID: b32d3bbd95aa9aa434d82ffe3fac75f1,
Execution Time for Trace ID b32d3bbd95aa9aa434d82ffe3fac75f1: 27 ms
Cold Start: false
Unique ID: 631d2fe07c502be29feebfcbc6627057,
Execution Time for Trace ID 631d2fe07c502be29feebfcbc6627057: 185 ms
Cold Start: false
Unique ID: e2e7b6ca683d7ad621afca14e8f63650,
Execution Time for Trace ID e2e7b6ca683d7ad621afca14e8f63650: 29 ms
Cold Start: false
Unique ID: 6f905a1bcea44c1af6e22ead3a722ea1,
Execution Time for Trace ID 6f905a1bcea44c1af6e22ead3a722ea1: 26 ms
Cold Start: false
Unique ID: 89e3ab322b6ea114492a2305ca6b290d,
Execution Time for Trace ID 89e3ab322b6ea114492a2305ca6b290d: 177 ms
Cold Start: false
Unique ID: f940bbc8f49918ab1e0b60344d757f56,
Execution Time for Trace ID f940bbc8f49918ab1e0b60344d757f56: 92 ms
Cold Start: false
Unique ID: 06e7c09fdcd625a8a22cb4b34b67ddbb,
Execution Time for Trace ID 06e7c09fdcd625a8a22cb4b34b67ddbb: 27 ms
Cold Start: false
Unique ID: 1778fc13432c8704f87634d279a42a03,
Execution Time for Trace ID 1778fc13432c8704f87634d279a42a03: 99 ms
Cold Start: false
Unique ID: fbf48df900c41d140c22268919df7b74,
Execution Time for Trace ID fbf48df900c41d140c22268919df7b74: 72 ms
Cold Start: false
Unique ID: cef3484dd6ffe8b770d61ee7a22417ab,
Execution Time for Trace ID cef3484dd6ffe8b770d61ee7a22417ab: 90 ms
Cold Start: false
Unique ID: 096fc8f47ef26304642c74bef5e774e5,
Execution Time for Trace ID 096fc8f47ef26304642c74bef5e774e5: 30 ms
Cold Start: false
Unique ID: f6aec5d2fc5e74e2ad3d4d4da6048e38,
Execution Time for Trace ID f6aec5d2fc5e74e2ad3d4d4da6048e38: 69 ms
Cold Start: false
Unique ID: b89af46d154b113b9191b7f856eb7e7e,
Execution Time for Trace ID b89af46d154b113b9191b7f856eb7e7e: 58 ms
Cold Start: false
Unique ID: 2ea85496cde0e34d6c590a288476484b,
Execution Time for Trace ID 2ea85496cde0e34d6c590a288476484b: 169 ms
Cold Start: false
Unique ID: 21fa102c5cfe43a4375110ddd28cf146,
Execution Time for Trace ID 21fa102c5cfe43a4375110ddd28cf146: 30 ms
Cold Start: false
Unique ID: 667a722a00f9f783c88fbf8106fcaaeb,
Execution Time for Trace ID 667a722a00f9f783c88fbf8106fcaaeb: 67 ms
Cold Start: false
Unique ID: 58e54864c09d8db01a199be873ab89b6,
Execution Time for Trace ID 58e54864c09d8db01a199be873ab89b6: 27 ms
Cold Start: false
Unique ID: 6252cd7c6096c58f32f2f51c9d510b6f,
Execution Time for Trace ID 6252cd7c6096c58f32f2f51c9d510b6f: 172 ms
Cold Start: false
Unique ID: 47d53be1636a0578fc18035fdf9c3b9a,
Execution Time for Trace ID 47d53be1636a0578fc18035fdf9c3b9a: 31 ms
Cold Start: false
Unique ID: ed49433f09d9b924d593319ad12883dd,
Execution Time for Trace ID ed49433f09d9b924d593319ad12883dd: 28 ms
Cold Start: false
Unique ID: df05c976d09a1f3fcbd04948b4c4a494,
Execution Time for Trace ID df05c976d09a1f3fcbd04948b4c4a494: 99 ms
Cold Start: false
Unique ID: bf0d1d0191a2b05df3efa67ea9a5ae66,
Execution Time for Trace ID bf0d1d0191a2b05df3efa67ea9a5ae66: 184 ms
Cold Start: false
Unique ID: c2d6b7aa5e803615872999f0bb586468,
Execution Time for Trace ID c2d6b7aa5e803615872999f0bb586468: 30 ms
Cold Start: false
Unique ID: 7ddd5e1f061ebb1be100c8b9822deca0,
Execution Time for Trace ID 7ddd5e1f061ebb1be100c8b9822deca0: 27 ms
Cold Start: false
Unique ID: fc0b3e4bb562b7b6083586b500d6ce95,
Execution Time for Trace ID fc0b3e4bb562b7b6083586b500d6ce95: 151 ms
Cold Start: false
Unique ID: dc1f17b7259afac7f3fa750f3072bfba,
Execution Time for Trace ID dc1f17b7259afac7f3fa750f3072bfba: 105 ms
Cold Start: false
Unique ID: 71e418cd4ddfe575bd1db3552117a25b,
Execution Time for Trace ID 71e418cd4ddfe575bd1db3552117a25b: 29 ms
Cold Start: false
Unique ID: ed2a8f5e3be4653701bbf511be11015c,
Execution Time for Trace ID ed2a8f5e3be4653701bbf511be11015c: 31 ms
Cold Start: false
Unique ID: c656eef37cbda9e66739b6769b6f0496,
Execution Time for Trace ID c656eef37cbda9e66739b6769b6f0496: 38 ms
Cold Start: false
Unique ID: 4f04442907d68be27bf4f3252e994022,
Execution Time for Trace ID 4f04442907d68be27bf4f3252e994022: 127 ms
Cold Start: false
Unique ID: 25712375e3bcd88f5c7f94354795fa61,
Execution Time for Trace ID 25712375e3bcd88f5c7f94354795fa61: 29 ms
Cold Start: false
Unique ID: 4ef461bfa4d3ca1fab67c1dc8bc316d1,
Execution Time for Trace ID 4ef461bfa4d3ca1fab67c1dc8bc316d1: 98 ms
Cold Start: false
Unique ID: c9300df599ef8b29ef4ff6239c5aba28,
Execution Time for Trace ID c9300df599ef8b29ef4ff6239c5aba28: 107 ms
Cold Start: false
Unique ID: 8886b3825196ddc2ec9172f5d5594639,
Execution Time for Trace ID 8886b3825196ddc2ec9172f5d5594639: 116 ms
Cold Start: false
Unique ID: 3cc8e0c7bc8cb324b19d0ed4cbf7c119,
Execution Time for Trace ID 3cc8e0c7bc8cb324b19d0ed4cbf7c119: 64 ms
Cold Start: false
Unique ID: 50e25361fed89b5fcc7cb062a4ebb162,
Execution Time for Trace ID 50e25361fed89b5fcc7cb062a4ebb162: 27 ms
Cold Start: false
Unique ID: 9bcba5d6d70752554ef892dd83849f6d,
Execution Time for Trace ID 9bcba5d6d70752554ef892dd83849f6d: 32 ms
Cold Start: false
Unique ID: 7c6ec79bf97cc98de67782ed1191e4f1,
Execution Time for Trace ID 7c6ec79bf97cc98de67782ed1191e4f1: 93 ms
Cold Start: false
Unique ID: 7f0c8d621ce8b88166635d4a053d41d6,
Execution Time for Trace ID 7f0c8d621ce8b88166635d4a053d41d6: 89 ms
Cold Start: false
Unique ID: 1a27a7316bbea1cd019a2643e81a3fa7,
Execution Time for Trace ID 1a27a7316bbea1cd019a2643e81a3fa7: 27 ms
Cold Start: false
Unique ID: e80fd0ff5fd394947b79d115a8286348,
Execution Time for Trace ID e80fd0ff5fd394947b79d115a8286348: 103 ms
Cold Start: false
Unique ID: 62a43a29be57519a15ac6162d5bb0177,
Execution Time for Trace ID 62a43a29be57519a15ac6162d5bb0177: 67 ms
Cold Start: false
Unique ID: 5fca0240d35f46db16d3036affa7eeff,
Execution Time for Trace ID 5fca0240d35f46db16d3036affa7eeff: 27 ms
Cold Start: false
Unique ID: fb54d2f10bc70977856540130cc37b1c,
Execution Time for Trace ID fb54d2f10bc70977856540130cc37b1c: 82 ms
Cold Start: false
Unique ID: dca835daea443ba09682fb0ffd23d015,
Execution Time for Trace ID dca835daea443ba09682fb0ffd23d015: 104 ms
Cold Start: false
Unique ID: 2bdc847c0caac3d3ea32e45a4d76d8e1,
Execution Time for Trace ID 2bdc847c0caac3d3ea32e45a4d76d8e1: 59 ms
Cold Start: false
Unique ID: a5cd861f5b9272bdb6b7195f8c887fc6,
Execution Time for Trace ID a5cd861f5b9272bdb6b7195f8c887fc6: 34 ms
Cold Start: false
Unique ID: 8cc60aeef728bdcc45d172a8356cf879,
Execution Time for Trace ID 8cc60aeef728bdcc45d172a8356cf879: 32 ms
Cold Start: false
Unique ID: 814ff08d5621c7504d79aaf2f09da47d,
Execution Time for Trace ID 814ff08d5621c7504d79aaf2f09da47d: 29 ms
Cold Start: false
Unique ID: 7c59b8bdf32ae00ab68b46f83bba12e1,
Execution Time for Trace ID 7c59b8bdf32ae00ab68b46f83bba12e1: 191 ms
Cold Start: false
Unique ID: d3be26c49cd4aa7f44a4cda58c834373,
Execution Time for Trace ID d3be26c49cd4aa7f44a4cda58c834373: 95 ms
Cold Start: false
Unique ID: 94b8a59442e7e1253ec001c3e6c37d7f,
Execution Time for Trace ID 94b8a59442e7e1253ec001c3e6c37d7f: 40 ms
Cold Start: false
Unique ID: 4407ffa0dc8fe79452382a9241ef1bca,
Execution Time for Trace ID 4407ffa0dc8fe79452382a9241ef1bca: 28 ms
Cold Start: false
Unique ID: fb96bf519b0ae69505b20efdb3e385da,
Execution Time for Trace ID fb96bf519b0ae69505b20efdb3e385da: 116 ms
Cold Start: false
Unique ID: df12367963cd35bd0b339490a4cb3e85,
Execution Time for Trace ID df12367963cd35bd0b339490a4cb3e85: 27 ms
Cold Start: false
Unique ID: ffef2b165b9de5b899b97401669dab2a,
Execution Time for Trace ID ffef2b165b9de5b899b97401669dab2a: 85 ms
Cold Start: false
Unique ID: ce3e1f28e18fe4906363199b30b91850,
Execution Time for Trace ID ce3e1f28e18fe4906363199b30b91850: 27 ms
Cold Start: false
Unique ID: 660f21f64a75659bd1601bf923c9f963,
Execution Time for Trace ID 660f21f64a75659bd1601bf923c9f963: 110 ms
Cold Start: false
Unique ID: 89f9637848e3ffb57b04458ea6b47689,
Execution Time for Trace ID 89f9637848e3ffb57b04458ea6b47689: 91 ms
Cold Start: false
Unique ID: 3dce83e7a9d28366849a4dda53bb83d4,
Execution Time for Trace ID 3dce83e7a9d28366849a4dda53bb83d4: 39 ms
Cold Start: false
Unique ID: d08a135208b806f736d9d5dd05518399,
Execution Time for Trace ID d08a135208b806f736d9d5dd05518399: 27 ms
Cold Start: false
Unique ID: 0f6b988eba69601a0323539733a86d8d,
Execution Time for Trace ID 0f6b988eba69601a0323539733a86d8d: 192 ms
Cold Start: false
Unique ID: 12056b08f3a7430569545037223a8e27,
Execution Time for Trace ID 12056b08f3a7430569545037223a8e27: 27 ms
Cold Start: false
Unique ID: 27b36572fe2de50a38b0c1e263a2c46c,
Execution Time for Trace ID 27b36572fe2de50a38b0c1e263a2c46c: 113 ms
Cold Start: false
Unique ID: b953a75f7db946133ae2de96cee5e065,
Execution Time for Trace ID b953a75f7db946133ae2de96cee5e065: 28 ms
Cold Start: false
Unique ID: 05fda44b7755b6d4aa4ebe2c149da4c9,
Execution Time for Trace ID 05fda44b7755b6d4aa4ebe2c149da4c9: 152 ms
Cold Start: false
Unique ID: 1f42297aa3bb222a47822efe3a88036c,
Execution Time for Trace ID 1f42297aa3bb222a47822efe3a88036c: 101 ms
Cold Start: false
Unique ID: 6cbe76bc3be3eb4bacd207cf33aadcd4,
Execution Time for Trace ID 6cbe76bc3be3eb4bacd207cf33aadcd4: 48 ms
Cold Start: false
Unique ID: 7d82100afe91f6aec420e7acd44594e4,
Execution Time for Trace ID 7d82100afe91f6aec420e7acd44594e4: 27 ms
Cold Start: false
Unique ID: dfcbaf45618de92f5d5cbadab2d51df9,
Execution Time for Trace ID dfcbaf45618de92f5d5cbadab2d51df9: 172 ms
Cold Start: false
Unique ID: f64a99e120e0513ec93716411ed8655a,
Execution Time for Trace ID f64a99e120e0513ec93716411ed8655a: 96 ms
Cold Start: false
Unique ID: 1e59d9924950e0b537cfed95284f54bf,
Execution Time for Trace ID 1e59d9924950e0b537cfed95284f54bf: 114 ms
Cold Start: false
Unique ID: 50b67587b85d901b78767f989ada3364,
Execution Time for Trace ID 50b67587b85d901b78767f989ada3364: 27 ms
Cold Start: false
Unique ID: 16ba83b3e5034268d15e210fcdeeca47,
Execution Time for Trace ID 16ba83b3e5034268d15e210fcdeeca47: 182 ms
Cold Start: false
Unique ID: 937087ddc2e3065f632f5d64e714598a,
Execution Time for Trace ID 937087ddc2e3065f632f5d64e714598a: 82 ms
Cold Start: false
Unique ID: 8b5aa5db9f8c104ef00add3b272b8503,
Execution Time for Trace ID 8b5aa5db9f8c104ef00add3b272b8503: 95 ms
Cold Start: false
Unique ID: 5d06b69db60e8edbb389e48956b0493d,
Execution Time for Trace ID 5d06b69db60e8edbb389e48956b0493d: 34 ms
Cold Start: false
Unique ID: f7292c0fb3e3a656ea5e81661b594599,
Execution Time for Trace ID f7292c0fb3e3a656ea5e81661b594599: 114 ms
Cold Start: false
Unique ID: dafcba35c9ea397e3787c064a570bab1,
Execution Time for Trace ID dafcba35c9ea397e3787c064a570bab1: 27 ms
Cold Start: false
Unique ID: 9bace111b89b1138017a4083481e8fcd,
Execution Time for Trace ID 9bace111b89b1138017a4083481e8fcd: 87 ms
Cold Start: false
Unique ID: 53edf83976a738767dfe22c79ed56ab8,
Execution Time for Trace ID 53edf83976a738767dfe22c79ed56ab8: 108 ms
Cold Start: false
Unique ID: bc0338f8ccf8468ee52acff1762ecd88,
Execution Time for Trace ID bc0338f8ccf8468ee52acff1762ecd88: 82 ms
Cold Start: false
Unique ID: 77c02c0d460ab92479acc36d8884802a,
Execution Time for Trace ID 77c02c0d460ab92479acc36d8884802a: 37 ms
Cold Start: false
Unique ID: fbabbc40464b1a7deb8fe502f9d4c88d,
Execution Time for Trace ID fbabbc40464b1a7deb8fe502f9d4c88d: 73 ms
Cold Start: false
Unique ID: 58d2256598519fd1bf638a2037a2b083,
Execution Time for Trace ID 58d2256598519fd1bf638a2037a2b083: 68 ms
Cold Start: false
Unique ID: 69b6fcc112d217b551f9496ac749aab6,
Execution Time for Trace ID 69b6fcc112d217b551f9496ac749aab6: 193 ms
Cold Start: false
Unique ID: 2a60088b0b562f54afb3d0ea11093d0e,
Execution Time for Trace ID 2a60088b0b562f54afb3d0ea11093d0e: 78 ms
Cold Start: false
Unique ID: ae956815c81bf26bc1015dfb4eecd17e,
Execution Time for Trace ID ae956815c81bf26bc1015dfb4eecd17e: 117 ms
Cold Start: false
Unique ID: 75f4a597389c1ae2201d5bd0f5940e95,
Execution Time for Trace ID 75f4a597389c1ae2201d5bd0f5940e95: 99 ms
Cold Start: false
Unique ID: ba77f6ed874acdb66a87344b93afa1a8,
Execution Time for Trace ID ba77f6ed874acdb66a87344b93afa1a8: 96 ms
Cold Start: false
Unique ID: 5e1d5727dec00f446b91ce34ff9fb8b9,
Execution Time for Trace ID 5e1d5727dec00f446b91ce34ff9fb8b9: 27 ms
Cold Start: false
Unique ID: c1ad2ec8c891edb5d918d2c70afbaad1,
Execution Time for Trace ID c1ad2ec8c891edb5d918d2c70afbaad1: 96 ms
Cold Start: false
Unique ID: 672b94b58e53dc69135622cea3986155,
Execution Time for Trace ID 672b94b58e53dc69135622cea3986155: 114 ms
Cold Start: false
Unique ID: 6c5b44ed4a649d4a6039eb468cc62637,
Execution Time for Trace ID 6c5b44ed4a649d4a6039eb468cc62637: 64 ms
Cold Start: false
Unique ID: a2b77d2f24cf2afc59199d6ba2943077,
Execution Time for Trace ID a2b77d2f24cf2afc59199d6ba2943077: 89 ms
Cold Start: false
Unique ID: db984c9c56e87508331d7c5013b87d4c,
Execution Time for Trace ID db984c9c56e87508331d7c5013b87d4c: 47 ms
Cold Start: false
Unique ID: 5da1b29c6e4106212f0689d3c35585c6,
Execution Time for Trace ID 5da1b29c6e4106212f0689d3c35585c6: 115 ms
Cold Start: false
Unique ID: 952aebeb31107a94a6b57685feee469a,
Execution Time for Trace ID 952aebeb31107a94a6b57685feee469a: 82 ms
Cold Start: false
Unique ID: 06ab13e5854f5e151b1c99984cc251ce,
Execution Time for Trace ID 06ab13e5854f5e151b1c99984cc251ce: 99 ms
Cold Start: false
Unique ID: 25c6cf022413eac4b0f3be7bbe136184,
Execution Time for Trace ID 25c6cf022413eac4b0f3be7bbe136184: 97 ms
Cold Start: false
Unique ID: 46f0a08e70f30ba26a3db1885647ed57,
Execution Time for Trace ID 46f0a08e70f30ba26a3db1885647ed57: 29 ms
Cold Start: false
Unique ID: 10a9b890d73b5173ffc248b5d008b609,
Execution Time for Trace ID 10a9b890d73b5173ffc248b5d008b609: 102 ms
Cold Start: false
Unique ID: ab98cb1805885cca7d62eb702dbf6e82,
Execution Time for Trace ID ab98cb1805885cca7d62eb702dbf6e82: 52 ms
Cold Start: false
Unique ID: fefee491cb9fb4a7854e0299eac9ce3d,
Execution Time for Trace ID fefee491cb9fb4a7854e0299eac9ce3d: 58 ms
Cold Start: false
Unique ID: ecb3da0a53a270d6731bec8a6f7709a0,
Execution Time for Trace ID ecb3da0a53a270d6731bec8a6f7709a0: 117 ms
Cold Start: false
Unique ID: 55cd1a69222f0bc336ea000460ec0d84,
Execution Time for Trace ID 55cd1a69222f0bc336ea000460ec0d84: 60 ms
Cold Start: false
Unique ID: b3affe08ed065e535c45ab3f086fc02b,
Execution Time for Trace ID b3affe08ed065e535c45ab3f086fc02b: 28 ms
Cold Start: false
Unique ID: 3a3113568a59c3bb7d85f560802d7d57,
Execution Time for Trace ID 3a3113568a59c3bb7d85f560802d7d57: 31 ms
Cold Start: false
Unique ID: 76b1c8eb3b66318704fb4793513db880,
Execution Time for Trace ID 76b1c8eb3b66318704fb4793513db880: 31 ms
Cold Start: false
Unique ID: bbe4daf5062e8fbc9bad1632bc4fb61f,
Execution Time for Trace ID bbe4daf5062e8fbc9bad1632bc4fb61f: 129 ms
Cold Start: false
Unique ID: 5addae52985b7a7a477b40ac2e65b522,
Execution Time for Trace ID 5addae52985b7a7a477b40ac2e65b522: 28 ms
Cold Start: false
Unique ID: 802ab2cdbf92e0a98ba6c81cfe324b27,
Execution Time for Trace ID 802ab2cdbf92e0a98ba6c81cfe324b27: 91 ms
Cold Start: false
Unique ID: eec12a7f9ab7ba4563200f28a23737a0,
Execution Time for Trace ID eec12a7f9ab7ba4563200f28a23737a0: 37 ms
Cold Start: false
Unique ID: 9940f3d3c3a66fe9b087e4971236f1d8,
Execution Time for Trace ID 9940f3d3c3a66fe9b087e4971236f1d8: 191 ms
Cold Start: false
Unique ID: 27798ca3c0bb436d0bca9270b47a8cd9,
Execution Time for Trace ID 27798ca3c0bb436d0bca9270b47a8cd9: 92 ms
Cold Start: false
Unique ID: 63c8707813c8b0fa9f2aa5bf703f677d,
Execution Time for Trace ID 63c8707813c8b0fa9f2aa5bf703f677d: 102 ms
Cold Start: false
Unique ID: 2dd10a0061938ffc1bd689999f38d72c,
Execution Time for Trace ID 2dd10a0061938ffc1bd689999f38d72c: 109 ms
Cold Start: false
Unique ID: 75c467d05f62d61822dcaa9bec79340d,
Execution Time for Trace ID 75c467d05f62d61822dcaa9bec79340d: 122 ms
Cold Start: false
Unique ID: b2578eeb55453bc1e417bcd5b8f52a27,
Execution Time for Trace ID b2578eeb55453bc1e417bcd5b8f52a27: 28 ms
Cold Start: false
Unique ID: a37b7c2679ffbc4006de7ebccd3f9e11,
Execution Time for Trace ID a37b7c2679ffbc4006de7ebccd3f9e11: 103 ms
Cold Start: false
Unique ID: ec1d81e8fb10d07d0ecdf934b114c22d,
Execution Time for Trace ID ec1d81e8fb10d07d0ecdf934b114c22d: 43 ms
Cold Start: false
Unique ID: eadd66aaabe56d1a65a29d1913bd7bfe,
Execution Time for Trace ID eadd66aaabe56d1a65a29d1913bd7bfe: 183 ms
Cold Start: false
Unique ID: 52621d67d820d4f0695c5cf413ebc4a2,
Execution Time for Trace ID 52621d67d820d4f0695c5cf413ebc4a2: 56 ms
Cold Start: false
Unique ID: d905e11b8a2680609caae6e5d16d38e8,
Execution Time for Trace ID d905e11b8a2680609caae6e5d16d38e8: 27 ms
Cold Start: false
Unique ID: f5c60bdf1d68869485c111f749f7e3a2,
Execution Time for Trace ID f5c60bdf1d68869485c111f749f7e3a2: 76 ms
Cold Start: false
Unique ID: 30434fc28ceb45902fa252c680874f7e,
Execution Time for Trace ID 30434fc28ceb45902fa252c680874f7e: 74 ms
Cold Start: false
Unique ID: a1b2ef5be51850399cbe00398dbf48a8,
Execution Time for Trace ID a1b2ef5be51850399cbe00398dbf48a8: 84 ms
Cold Start: false
Unique ID: 4c58a1d5171821621c45d6355fa20bb5,
Execution Time for Trace ID 4c58a1d5171821621c45d6355fa20bb5: 110 ms
Cold Start: false
Unique ID: 8dcbffcdd8ed89ffe9c9c7313f160b9c,
Execution Time for Trace ID 8dcbffcdd8ed89ffe9c9c7313f160b9c: 90 ms
Cold Start: false
Unique ID: a46a02e0620fd159dd121f3dbc2e6658,
Execution Time for Trace ID a46a02e0620fd159dd121f3dbc2e6658: 187 ms
Cold Start: false
Unique ID: 60e7433b985c503680096218cdddb5d9,
Execution Time for Trace ID 60e7433b985c503680096218cdddb5d9: 31 ms
Cold Start: false
Unique ID: 2dc209332ecb1a9f1fdc020368971ea8,
Execution Time for Trace ID 2dc209332ecb1a9f1fdc020368971ea8: 30 ms
Cold Start: false
Unique ID: d5b66995681f3aa0b0e1dffb17642cc2,
Execution Time for Trace ID d5b66995681f3aa0b0e1dffb17642cc2: 156 ms
Cold Start: false
Unique ID: 7a8b8c93d5b6c219300416a61a8fd8dc,
Execution Time for Trace ID 7a8b8c93d5b6c219300416a61a8fd8dc: 156 ms
Cold Start: false
Unique ID: eafb490e365d230dbe049b90aabcf329,
Execution Time for Trace ID eafb490e365d230dbe049b90aabcf329: 32 ms
Cold Start: false
Unique ID: daeb6c4bd555d259129a7e7614e1adc4,
Execution Time for Trace ID daeb6c4bd555d259129a7e7614e1adc4: 107 ms
Cold Start: false
Unique ID: b13a4c282f50ceb5df2c9fbaf5e4fbbe,
Execution Time for Trace ID b13a4c282f50ceb5df2c9fbaf5e4fbbe: 29 ms
Cold Start: false
Unique ID: 68f6757f9244c49bf5a9e21f938a7e2f,
Execution Time for Trace ID 68f6757f9244c49bf5a9e21f938a7e2f: 56 ms
Cold Start: false
Unique ID: 99513cb7c8cbc683f7628229d04db304,
Execution Time for Trace ID 99513cb7c8cbc683f7628229d04db304: 27 ms
Cold Start: false
Unique ID: 677252d0a7afa6ae6ce98adc128128da,
Execution Time for Trace ID 677252d0a7afa6ae6ce98adc128128da: 94 ms
Cold Start: false
Unique ID: 463aba5f46189627158537c0b4b6bc16,
Execution Time for Trace ID 463aba5f46189627158537c0b4b6bc16: 28 ms
Cold Start: false
Unique ID: dc74b8b9f65f268e06a76c586b4728fd,
Execution Time for Trace ID dc74b8b9f65f268e06a76c586b4728fd: 153 ms
Cold Start: false
Unique ID: 8a8e5f10e4b7c28a9e80f03bc8106ed7,
Execution Time for Trace ID 8a8e5f10e4b7c28a9e80f03bc8106ed7: 31 ms
Cold Start: false
Unique ID: 2cd870bf0d9594a261f2be99ab1dc2f2,
Execution Time for Trace ID 2cd870bf0d9594a261f2be99ab1dc2f2: 41 ms
Cold Start: false
Unique ID: 6a90294245e6b00f1b66f55964a3bab0,
Execution Time for Trace ID 6a90294245e6b00f1b66f55964a3bab0: 32 ms
Cold Start: false
Unique ID: 03d513b2730fc112eab08916af45a619,
Execution Time for Trace ID 03d513b2730fc112eab08916af45a619: 148 ms
Cold Start: false
Unique ID: 2a6c60a74e767ede36a72850724d864a,
Execution Time for Trace ID 2a6c60a74e767ede36a72850724d864a: 27 ms
Cold Start: false
Unique ID: 4f62c198f39ea889ef530f780c560ae8,
Execution Time for Trace ID 4f62c198f39ea889ef530f780c560ae8: 93 ms
Cold Start: false
Unique ID: c6e51f02b3f6ba15b9c0bcef17556d25,
Execution Time for Trace ID c6e51f02b3f6ba15b9c0bcef17556d25: 28 ms
Cold Start: false
Unique ID: 15a46df9102d2dcc428366526e7ad7b9,
Execution Time for Trace ID 15a46df9102d2dcc428366526e7ad7b9: 118 ms
Cold Start: false
Unique ID: c93ed74e9d87055b8bb03e5c4963b394,
Execution Time for Trace ID c93ed74e9d87055b8bb03e5c4963b394: 29 ms
Cold Start: false
Unique ID: a536da9c2cc411acd5ac7604f8906899,
Execution Time for Trace ID a536da9c2cc411acd5ac7604f8906899: 27 ms
Cold Start: false
Unique ID: 8e3e14a3caff38fbe627682e6cbbe0d5,
Execution Time for Trace ID 8e3e14a3caff38fbe627682e6cbbe0d5: 155 ms
Cold Start: false
Unique ID: 0bf152fcfb5b1382ed49b09d021cefeb,
Execution Time for Trace ID 0bf152fcfb5b1382ed49b09d021cefeb: 69 ms
Cold Start: false
Unique ID: da774a11feb92baba4b485446edb7a9a,
Execution Time for Trace ID da774a11feb92baba4b485446edb7a9a: 89 ms
Cold Start: false
Unique ID: 89034e8c58fe23dc32706effc2c96a52,
Execution Time for Trace ID 89034e8c58fe23dc32706effc2c96a52: 45 ms
Cold Start: false
Unique ID: 64ccbf75115335650a5a0e086005a300,
Execution Time for Trace ID 64ccbf75115335650a5a0e086005a300: 28 ms
Cold Start: false
Unique ID: ab7e2b369ed0f6e415e1a10bb9d7cd7b,
Execution Time for Trace ID ab7e2b369ed0f6e415e1a10bb9d7cd7b: 189 ms
Cold Start: false
Unique ID: 8c2bc637f3834fb3d559b01d1480ad1d,
Execution Time for Trace ID 8c2bc637f3834fb3d559b01d1480ad1d: 30 ms
Cold Start: false
Unique ID: 15177d45cb4c0d3750d621c1181e8e36,
Execution Time for Trace ID 15177d45cb4c0d3750d621c1181e8e36: 89 ms
Cold Start: false
Unique ID: c520ba64408108aa76fbb0535dee1541,
Execution Time for Trace ID c520ba64408108aa76fbb0535dee1541: 27 ms
Cold Start: false
Unique ID: c80bfbfd657d6d938ae9c05e88d25810,
Execution Time for Trace ID c80bfbfd657d6d938ae9c05e88d25810: 97 ms
Cold Start: false
Unique ID: ca09aaaeca4f0a0b54f63453299cb61c,
Execution Time for Trace ID ca09aaaeca4f0a0b54f63453299cb61c: 79 ms
Cold Start: false
Unique ID: 97f732719f9fff63d8782738a462079e,
Execution Time for Trace ID 97f732719f9fff63d8782738a462079e: 29 ms
Cold Start: false
Unique ID: e3d9e757a2c01de4ba765031c36fabeb,
Execution Time for Trace ID e3d9e757a2c01de4ba765031c36fabeb: 103 ms
Cold Start: false
Unique ID: 82c6cde66dc6b92783254cb8ea1d4621,
Execution Time for Trace ID 82c6cde66dc6b92783254cb8ea1d4621: 138 ms
Cold Start: false
Unique ID: cc7473d1d0ec0eae6ae7602cd8fffb56,
Execution Time for Trace ID cc7473d1d0ec0eae6ae7602cd8fffb56: 27 ms
Cold Start: false
Unique ID: 742d3547d1ce88e0951d644e9840a202,
Execution Time for Trace ID 742d3547d1ce88e0951d644e9840a202: 93 ms
Cold Start: false
Unique ID: 735b9a995d7c5ad88e432b513aeb16a8,
Execution Time for Trace ID 735b9a995d7c5ad88e432b513aeb16a8: 65 ms
Cold Start: false
Unique ID: 194df7ca7fb5ac8a2c2fc09429a67922,
Execution Time for Trace ID 194df7ca7fb5ac8a2c2fc09429a67922: 168 ms
Cold Start: false
Unique ID: 3b6611ef0543d5b6663a92a2d7343c7a,
Execution Time for Trace ID 3b6611ef0543d5b6663a92a2d7343c7a: 78 ms
Cold Start: false
Unique ID: fbeb8ecefe4238bb0d9422441baf5b1e,
Execution Time for Trace ID fbeb8ecefe4238bb0d9422441baf5b1e: 27 ms
Cold Start: false
Unique ID: b5f3bbb9c903457ddcc1d330e040eb26,
Execution Time for Trace ID b5f3bbb9c903457ddcc1d330e040eb26: 100 ms
Cold Start: false
Unique ID: c57cffaf2c2519fe835dc509a26c4753,
Execution Time for Trace ID c57cffaf2c2519fe835dc509a26c4753: 84 ms
Cold Start: false
Unique ID: 65808b67508aef488a80ed394527f673,
Execution Time for Trace ID 65808b67508aef488a80ed394527f673: 85 ms
Cold Start: false
Unique ID: e3f14378ddf3b2b62eaf9695997d9f85,
Execution Time for Trace ID e3f14378ddf3b2b62eaf9695997d9f85: 83 ms
Cold Start: false
Unique ID: 61d53e2452f1222da55163781f05a34f,
Execution Time for Trace ID 61d53e2452f1222da55163781f05a34f: 27 ms
Cold Start: false
Unique ID: 5c2499bb1df4a3ce31fbe5a0953cc0a2,
Execution Time for Trace ID 5c2499bb1df4a3ce31fbe5a0953cc0a2: 105 ms
Cold Start: false
Unique ID: ede309bdc3c7535db94ef8b670c289bc,
Execution Time for Trace ID ede309bdc3c7535db94ef8b670c289bc: 31 ms
Cold Start: false
Unique ID: 8360fa0ea3fd91bf11dcf2938b0108d1,
Execution Time for Trace ID 8360fa0ea3fd91bf11dcf2938b0108d1: 26 ms
Cold Start: false
Unique ID: a5421bfdd0ee49210e29bdacd93d5a00,
Execution Time for Trace ID a5421bfdd0ee49210e29bdacd93d5a00: 41 ms
Cold Start: false
Unique ID: 57818b41ee9748e072d1987c76d40bc6,
Execution Time for Trace ID 57818b41ee9748e072d1987c76d40bc6: 133 ms
Cold Start: false
Unique ID: ed2082b7b589bb799480e4a778bf7e01,
Execution Time for Trace ID ed2082b7b589bb799480e4a778bf7e01: 35 ms
Cold Start: false
Unique ID: 35019ae8e9c58be9d10e385d329a8eb3,
Execution Time for Trace ID 35019ae8e9c58be9d10e385d329a8eb3: 86 ms
Cold Start: false
Unique ID: 6c80573b082c146c62628be57cdbbf75,
Execution Time for Trace ID 6c80573b082c146c62628be57cdbbf75: 27 ms
Cold Start: false
Unique ID: 4508c07f1632829575ecbb75255d3f4e,
Execution Time for Trace ID 4508c07f1632829575ecbb75255d3f4e: 57 ms
Cold Start: false
Unique ID: 169ca7f54d3e77887740790830f541e4,
Execution Time for Trace ID 169ca7f54d3e77887740790830f541e4: 27 ms
Cold Start: false
Unique ID: ccdbb0e62ee104605d1bda2abfe51bad,
Execution Time for Trace ID ccdbb0e62ee104605d1bda2abfe51bad: 79 ms
Cold Start: false
Unique ID: 27e4f478d007aaea2ccc1a5e8fa1bcb3,
Execution Time for Trace ID 27e4f478d007aaea2ccc1a5e8fa1bcb3: 70 ms
Cold Start: false
Unique ID: 480f5e16c233ac7ca93b7308a3e8d86b,
Execution Time for Trace ID 480f5e16c233ac7ca93b7308a3e8d86b: 82 ms
Cold Start: false
Unique ID: e5b51ab60e4b4decc61786c3665495aa,
Execution Time for Trace ID e5b51ab60e4b4decc61786c3665495aa: 34 ms
Cold Start: false
Unique ID: 0935ef20a688e5a371c634a704656e97,
Execution Time for Trace ID 0935ef20a688e5a371c634a704656e97: 90 ms
Cold Start: false
Unique ID: 0e14c9d00aff4c51d9bc89a6346049a4,
Execution Time for Trace ID 0e14c9d00aff4c51d9bc89a6346049a4: 105 ms
Cold Start: false
Unique ID: 11bcc6336f9a4f4b226a42bd232ae4ca,
Execution Time for Trace ID 11bcc6336f9a4f4b226a42bd232ae4ca: 94 ms
Cold Start: false
Unique ID: d48f8b0b9731530c50338d5a6e1cebbc,
Execution Time for Trace ID d48f8b0b9731530c50338d5a6e1cebbc: 26 ms
Cold Start: false
Unique ID: 89286f10d289fa6645ee323410439727,
Execution Time for Trace ID 89286f10d289fa6645ee323410439727: 86 ms
Cold Start: false
Unique ID: 205efe360425f405e997ebad61663b68,
Execution Time for Trace ID 205efe360425f405e997ebad61663b68: 28 ms
Cold Start: false
Unique ID: 17c83b81799eca398bd5cecf4cfd37ce,
Execution Time for Trace ID 17c83b81799eca398bd5cecf4cfd37ce: 83 ms
Cold Start: false
Unique ID: a0f1e49444d3ab5a62b1f0aad86a895f,
Execution Time for Trace ID a0f1e49444d3ab5a62b1f0aad86a895f: 28 ms
Cold Start: false
Unique ID: a9f3672c0ce4b83cd4ff0dd078fec0e7,
Execution Time for Trace ID a9f3672c0ce4b83cd4ff0dd078fec0e7: 92 ms
Cold Start: false
Unique ID: d99d7926ec9bcfb6f2ed1387210dd4d6,
Execution Time for Trace ID d99d7926ec9bcfb6f2ed1387210dd4d6: 27 ms
Cold Start: false
Unique ID: 23eebc217be24b5a5b0ace2bbdb2d642,
Execution Time for Trace ID 23eebc217be24b5a5b0ace2bbdb2d642: 113 ms
Cold Start: false
Unique ID: 177cb68c85e1e17e08dcde5969c2f374,
Execution Time for Trace ID 177cb68c85e1e17e08dcde5969c2f374: 30 ms
Cold Start: false
Unique ID: 28587e53cbba11a9d3b6aa21479570fe,
Execution Time for Trace ID 28587e53cbba11a9d3b6aa21479570fe: 98 ms
Cold Start: false
Unique ID: 9d9ec9f8a7549fc57795735bf43d4db9,
Execution Time for Trace ID 9d9ec9f8a7549fc57795735bf43d4db9: 31 ms
Cold Start: false
Unique ID: fca80d5fff6f4c642c5ed647999f87bf,
Execution Time for Trace ID fca80d5fff6f4c642c5ed647999f87bf: 97 ms
Cold Start: false
Unique ID: ab1b681d28f87cfe9207fc9830b5f953,
Execution Time for Trace ID ab1b681d28f87cfe9207fc9830b5f953: 36 ms
Cold Start: false
Unique ID: 27b6a2e238958203e75d0b988f07ddfa,
Execution Time for Trace ID 27b6a2e238958203e75d0b988f07ddfa: 29 ms
Cold Start: false
Unique ID: bd90db704fdab72d545ea7d5201112e2,
Execution Time for Trace ID bd90db704fdab72d545ea7d5201112e2: 89 ms
Cold Start: false
Unique ID: d58ed13cf24cc7a5bfbb9ad47f2cb45a,
Execution Time for Trace ID d58ed13cf24cc7a5bfbb9ad47f2cb45a: 262 ms
Cold Start: false
Unique ID: 97d308e7981ce1d729ce5117a1c7969d,
Execution Time for Trace ID 97d308e7981ce1d729ce5117a1c7969d: 27 ms
Cold Start: false
Unique ID: b9e0b38d6356f220d4cf4184264a2527,
Execution Time for Trace ID b9e0b38d6356f220d4cf4184264a2527: 31 ms
Cold Start: false
Unique ID: 13bb52af50f8cc29f59c8a26b437b7b1,
Execution Time for Trace ID 13bb52af50f8cc29f59c8a26b437b7b1: 171 ms
Cold Start: false
Unique ID: 2b7b6d840f731ed51a15aa054cd35207,
Execution Time for Trace ID 2b7b6d840f731ed51a15aa054cd35207: 35 ms
Cold Start: false
Unique ID: 4b8a0fc450566f302b3eb8bebfda2c2b,
Execution Time for Trace ID 4b8a0fc450566f302b3eb8bebfda2c2b: 31 ms
Cold Start: false
Unique ID: dcec8554866e770dd953dcfc8b00534a,
Execution Time for Trace ID dcec8554866e770dd953dcfc8b00534a: 27 ms
Cold Start: false
Unique ID: b0676ebd747909c6429f926af63ffa21,
Execution Time for Trace ID b0676ebd747909c6429f926af63ffa21: 166 ms
Cold Start: false
Unique ID: e506b1f99c9df468e68d6cdbc6772fb7,
Execution Time for Trace ID e506b1f99c9df468e68d6cdbc6772fb7: 149 ms
Cold Start: false
Unique ID: 423643a9cbb10b7ffb58d57e961c6c4a,
Execution Time for Trace ID 423643a9cbb10b7ffb58d57e961c6c4a: 70 ms
Cold Start: false
Unique ID: 5c9dac43e06071b0bc16911c3680fe25,
Execution Time for Trace ID 5c9dac43e06071b0bc16911c3680fe25: 98 ms
Cold Start: false
Unique ID: b79e64ca3a5a5e4a219323874d65e661,
Execution Time for Trace ID b79e64ca3a5a5e4a219323874d65e661: 89 ms
Cold Start: false
Unique ID: e9e9584eeee6e37dd693e6dd7d017d3d,
Execution Time for Trace ID e9e9584eeee6e37dd693e6dd7d017d3d: 64 ms
Cold Start: false
Unique ID: 890682b4f85e17479740926acdd2b39c,
Execution Time for Trace ID 890682b4f85e17479740926acdd2b39c: 60 ms
Cold Start: false
Unique ID: 2f397d1220d0e2eb64e83ec76fcb815f,
Execution Time for Trace ID 2f397d1220d0e2eb64e83ec76fcb815f: 83 ms
Cold Start: false
Unique ID: 4efb30285ee53dba980a5effb1c168a9,
Execution Time for Trace ID 4efb30285ee53dba980a5effb1c168a9: 27 ms
Cold Start: false
Unique ID: c4123c1cc4859a28bb4897d6d7bd7bbb,
Execution Time for Trace ID c4123c1cc4859a28bb4897d6d7bd7bbb: 118 ms
Cold Start: false
Unique ID: 078154f23c445e634a1398da7851a541,
Execution Time for Trace ID 078154f23c445e634a1398da7851a541: 30 ms
Cold Start: false
Unique ID: 79bc7a3fa1a5026ac2aa6b652add7436,
Execution Time for Trace ID 79bc7a3fa1a5026ac2aa6b652add7436: 28 ms
Cold Start: false
Unique ID: 0a35d09d15865a447196a06e561d7e92,
Execution Time for Trace ID 0a35d09d15865a447196a06e561d7e92: 115 ms
Cold Start: false
Unique ID: 40b6593d476eea405d3812fcc631949c,
Execution Time for Trace ID 40b6593d476eea405d3812fcc631949c: 81 ms
Cold Start: false
Unique ID: 8e8cbe7a1d5a2492edab18185406f01c,
Execution Time for Trace ID 8e8cbe7a1d5a2492edab18185406f01c: 81 ms
Cold Start: false
Unique ID: 7fe84e664abdd91a3b29ef623f169336,
Execution Time for Trace ID 7fe84e664abdd91a3b29ef623f169336: 30 ms
Cold Start: false
Unique ID: cc896384686548d4e2afcd5e62f88d35,
Execution Time for Trace ID cc896384686548d4e2afcd5e62f88d35: 27 ms
Cold Start: false
Unique ID: 8cea5057f94b9868c64d483f42088f6d,
Execution Time for Trace ID 8cea5057f94b9868c64d483f42088f6d: 118 ms
Cold Start: false
Unique ID: 081c80fb065dbaf42d6a221477de4ead,
Execution Time for Trace ID 081c80fb065dbaf42d6a221477de4ead: 65 ms
Cold Start: false
Unique ID: 0039a722abfc3b4b49186e236a653a23,
Execution Time for Trace ID 0039a722abfc3b4b49186e236a653a23: 27 ms
Cold Start: false
Unique ID: 2e4df825242e0dbee4ed71d29b93bccd,
Execution Time for Trace ID 2e4df825242e0dbee4ed71d29b93bccd: 99 ms
Cold Start: false
Unique ID: 633c2ec3d06c410f081308e5c5665b96,
Execution Time for Trace ID 633c2ec3d06c410f081308e5c5665b96: 47 ms
Cold Start: false
Unique ID: 29c4d37303469706a827506469b2de50,
Execution Time for Trace ID 29c4d37303469706a827506469b2de50: 32 ms
Cold Start: false
Unique ID: 09575cbf3dc3fadbc2a1e911c1693aec,
Execution Time for Trace ID 09575cbf3dc3fadbc2a1e911c1693aec: 105 ms
Cold Start: false
Unique ID: 85611e00533d693c42faf3849332d214,
Execution Time for Trace ID 85611e00533d693c42faf3849332d214: 55 ms
Cold Start: false
Unique ID: ab2f38a9b99338529b90a22f2d091343,
Execution Time for Trace ID ab2f38a9b99338529b90a22f2d091343: 159 ms
Cold Start: false
Unique ID: cdc6259ed6eb2e2e61491efbf5cd727e,
Execution Time for Trace ID cdc6259ed6eb2e2e61491efbf5cd727e: 79 ms
Cold Start: false
Unique ID: f362701bde8f7ad2154ff14af4d31e14,
Execution Time for Trace ID f362701bde8f7ad2154ff14af4d31e14: 27 ms
Cold Start: false
Unique ID: 67d2bafa4e37b4ee33027d09231607bb,
Execution Time for Trace ID 67d2bafa4e37b4ee33027d09231607bb: 96 ms
Cold Start: false
Unique ID: 45f5c6a349131e677d5de44d1617b86f,
Execution Time for Trace ID 45f5c6a349131e677d5de44d1617b86f: 105 ms
Cold Start: false
Unique ID: bb7593bb475ed804eed780f531b8f132,
Execution Time for Trace ID bb7593bb475ed804eed780f531b8f132: 29 ms
Cold Start: false
Unique ID: 04236809647619fe5bd82f5aa90352db,
Execution Time for Trace ID 04236809647619fe5bd82f5aa90352db: 29 ms
Cold Start: false
Unique ID: 17c2a8d8f781bc06fed93589adf72be1,
Execution Time for Trace ID 17c2a8d8f781bc06fed93589adf72be1: 109 ms
Cold Start: false
Unique ID: ee4e570bf8b950b62f6ad4dae36e25bf,
Execution Time for Trace ID ee4e570bf8b950b62f6ad4dae36e25bf: 117 ms
Cold Start: false
Unique ID: 774d66176ed532226d5000e2a6285e28,
Execution Time for Trace ID 774d66176ed532226d5000e2a6285e28: 83 ms
Cold Start: false
Unique ID: cc733a4c41a02d02110975fe5ee17a08,
Execution Time for Trace ID cc733a4c41a02d02110975fe5ee17a08: 27 ms
Cold Start: false
Unique ID: 9a1bc42777a83072ca13c05aee811b57,
Execution Time for Trace ID 9a1bc42777a83072ca13c05aee811b57: 96 ms
Cold Start: false
Unique ID: 1856487a98bfce973f9bb7ab4ceeec10,
Execution Time for Trace ID 1856487a98bfce973f9bb7ab4ceeec10: 98 ms
Cold Start: false
Unique ID: 8eaa92b08e5edd63a1b0523eee4fc985,
Execution Time for Trace ID 8eaa92b08e5edd63a1b0523eee4fc985: 67 ms
Cold Start: false
Unique ID: 1bd3e2a830f0b950ce2086607bc9d385,
Execution Time for Trace ID 1bd3e2a830f0b950ce2086607bc9d385: 28 ms
Cold Start: false
Unique ID: e2db6e331b1ac149e5ab56faeda4bdbb,
Execution Time for Trace ID e2db6e331b1ac149e5ab56faeda4bdbb: 27 ms
Cold Start: false
Unique ID: 6e2acb4e45f4e9dd1242ad1120c6fd6c,
Execution Time for Trace ID 6e2acb4e45f4e9dd1242ad1120c6fd6c: 91 ms
Cold Start: false
Unique ID: cc245d691867a0191ce021dafdfdd7dc,
Execution Time for Trace ID cc245d691867a0191ce021dafdfdd7dc: 82 ms
Cold Start: false
Unique ID: 5c5004bbd91685d3f13ff98a724645e9,
Execution Time for Trace ID 5c5004bbd91685d3f13ff98a724645e9: 27 ms
Cold Start: false
Unique ID: 33c6e628660702c8479560302dfa4165,
Execution Time for Trace ID 33c6e628660702c8479560302dfa4165: 38 ms
Cold Start: false
Unique ID: a66ac67e8c6eaee8ea25f0e8078b1e2d,
Execution Time for Trace ID a66ac67e8c6eaee8ea25f0e8078b1e2d: 97 ms
Cold Start: false
Unique ID: d2a9989664f71161dee261d80276c8c1,
Execution Time for Trace ID d2a9989664f71161dee261d80276c8c1: 30 ms
Cold Start: false
Unique ID: 2229cbb6dfa991077851b06dd44cba4e,
Execution Time for Trace ID 2229cbb6dfa991077851b06dd44cba4e: 92 ms
Cold Start: false
Unique ID: 22b4b4742d6f740027d2d5394bc5e515,
Execution Time for Trace ID 22b4b4742d6f740027d2d5394bc5e515: 26 ms
Cold Start: false
Unique ID: 45159d87e72a8569906e557941b5c10f,
Execution Time for Trace ID 45159d87e72a8569906e557941b5c10f: 106 ms
Cold Start: false
Unique ID: 09be77753cc68a89834f76456f0faa29,
Execution Time for Trace ID 09be77753cc68a89834f76456f0faa29: 86 ms
Cold Start: false
Unique ID: 1bf953ebc2b5d2587c60899a91f758c5,
Execution Time for Trace ID 1bf953ebc2b5d2587c60899a91f758c5: 26 ms
Cold Start: false
Unique ID: 89bc66d92f8fafe1bcdc8af5f30f0942,
Execution Time for Trace ID 89bc66d92f8fafe1bcdc8af5f30f0942: 90 ms
Cold Start: false
Unique ID: f8ed2e719a3bd233a10be3a35064e41e,
Execution Time for Trace ID f8ed2e719a3bd233a10be3a35064e41e: 100 ms
Cold Start: false
Unique ID: c9e80a80d3c86ac92632995f53e9dc07,
Execution Time for Trace ID c9e80a80d3c86ac92632995f53e9dc07: 32 ms
Cold Start: false
Unique ID: 5200b70617af3a4e8e638d31c99f1cea,
Execution Time for Trace ID 5200b70617af3a4e8e638d31c99f1cea: 45 ms
Cold Start: false
Unique ID: 8c5c7255923d1898cb4d9824dcaf8197,
Execution Time for Trace ID 8c5c7255923d1898cb4d9824dcaf8197: 161 ms
Cold Start: false
Unique ID: 8cc9a7ef894226a4442cf80dbe63c3b7,
Execution Time for Trace ID 8cc9a7ef894226a4442cf80dbe63c3b7: 27 ms
Cold Start: false
Unique ID: 0e3aaad2c06d952d6d2933351c38178d,
Execution Time for Trace ID 0e3aaad2c06d952d6d2933351c38178d: 27 ms
Cold Start: false
Unique ID: 5ef2f217c92fe5c3a2f7f56838d59cb5,
Execution Time for Trace ID 5ef2f217c92fe5c3a2f7f56838d59cb5: 103 ms
Cold Start: false
Unique ID: 4671b02e8c2b0809272c42a790f86a8e,
Execution Time for Trace ID 4671b02e8c2b0809272c42a790f86a8e: 107 ms
Cold Start: false
Unique ID: 9abed267cc59435015d5cbd88f292bd9,
Execution Time for Trace ID 9abed267cc59435015d5cbd88f292bd9: 80 ms
Cold Start: false
Unique ID: 5cd2cb982eaa5c6675994ddd9e637d3e,
Execution Time for Trace ID 5cd2cb982eaa5c6675994ddd9e637d3e: 83 ms
Cold Start: false
Unique ID: 59fd8c5075081721639987670638c80d,
Execution Time for Trace ID 59fd8c5075081721639987670638c80d: 90 ms
Cold Start: false
Unique ID: bca98bc96f0b678aaeb4c159a572e0c6,
Execution Time for Trace ID bca98bc96f0b678aaeb4c159a572e0c6: 27 ms
Cold Start: false
Unique ID: 616f5ac93d528471d75f94e38cc143b7,
Execution Time for Trace ID 616f5ac93d528471d75f94e38cc143b7: 96 ms
Cold Start: false
Unique ID: 822d61631ef0adf3cfd3c3cac21e88ed,
Execution Time for Trace ID 822d61631ef0adf3cfd3c3cac21e88ed: 78 ms
Cold Start: false
Unique ID: 690f0c697a6434498a7f55c7679da89f,
Execution Time for Trace ID 690f0c697a6434498a7f55c7679da89f: 83 ms
Cold Start: false
Unique ID: 5daed2d3315711b5f460aaa0869c5c2c,
Execution Time for Trace ID 5daed2d3315711b5f460aaa0869c5c2c: 27 ms
Cold Start: false
Unique ID: 5f4b2951b0e0d8ca16881ca4392b689d,
Execution Time for Trace ID 5f4b2951b0e0d8ca16881ca4392b689d: 108 ms
Cold Start: false
Unique ID: 0d001bc3d2b79f27466b1ba651e69ca0,
Execution Time for Trace ID 0d001bc3d2b79f27466b1ba651e69ca0: 37 ms
Cold Start: false
Unique ID: 59e9fffe169718d5e16528209d3d6f55,
Execution Time for Trace ID 59e9fffe169718d5e16528209d3d6f55: 75 ms
Cold Start: false
Unique ID: 6a811d32bbd2807f4d4aa894985d0c90,
Execution Time for Trace ID 6a811d32bbd2807f4d4aa894985d0c90: 85 ms
Cold Start: false
Unique ID: 946ae2c4ea32b40e76f0ba33fc97d2e1,
Execution Time for Trace ID 946ae2c4ea32b40e76f0ba33fc97d2e1: 27 ms
Cold Start: false
Unique ID: 3bd909eb2343429bc0309a2fabb0f6b9,
Execution Time for Trace ID 3bd909eb2343429bc0309a2fabb0f6b9: 64 ms
Cold Start: false
Unique ID: ad3906fa4fb13d2ee8370a2361c7f016,
Execution Time for Trace ID ad3906fa4fb13d2ee8370a2361c7f016: 28 ms
Cold Start: false
Unique ID: e4e484137d896df5effaec4d9967ea15,
Execution Time for Trace ID e4e484137d896df5effaec4d9967ea15: 54 ms
Cold Start: false
Unique ID: aee176582cdf7cb1e1740a6fdbd75b68,
Execution Time for Trace ID aee176582cdf7cb1e1740a6fdbd75b68: 174 ms
Cold Start: false
Unique ID: c0c5b6eecd3cbaeaac1cca29c395000d,
Execution Time for Trace ID c0c5b6eecd3cbaeaac1cca29c395000d: 101 ms
Cold Start: false
Unique ID: e5e5deb7337cf549b804d5837a4db612,
Execution Time for Trace ID e5e5deb7337cf549b804d5837a4db612: 151 ms
Cold Start: false
Unique ID: 6fc05b855d2f66c80a903666dfad63ef,
Execution Time for Trace ID 6fc05b855d2f66c80a903666dfad63ef: 189 ms
Cold Start: false
Unique ID: 233b535299e2459ee78fc4035887af38,
Execution Time for Trace ID 233b535299e2459ee78fc4035887af38: 178 ms
Cold Start: false
Unique ID: 98dce4f0883043518eb485e3d6e70ff5,
Execution Time for Trace ID 98dce4f0883043518eb485e3d6e70ff5: 30 ms
Cold Start: false
Unique ID: 1e3ae4520bf8d1fdb1fe4e48a5053b85,
Execution Time for Trace ID 1e3ae4520bf8d1fdb1fe4e48a5053b85: 106 ms
Cold Start: false
Unique ID: 85b2b2c6435293fac9f0aa0430d2e647,
Execution Time for Trace ID 85b2b2c6435293fac9f0aa0430d2e647: 112 ms
Cold Start: false
Unique ID: 9336973bbe5af1bb21b3639b34e36523,
Execution Time for Trace ID 9336973bbe5af1bb21b3639b34e36523: 142 ms
Cold Start: false
Unique ID: d3a7a0d510c84682f094cb31211811af,
Execution Time for Trace ID d3a7a0d510c84682f094cb31211811af: 64 ms
Cold Start: false
Unique ID: 54ab32f93512ed6c10e6d69561615435,
Execution Time for Trace ID 54ab32f93512ed6c10e6d69561615435: 27 ms
Cold Start: false
Unique ID: 16b678ac2880a17f9276ba63f68fab06,
Execution Time for Trace ID 16b678ac2880a17f9276ba63f68fab06: 50 ms
Cold Start: false
Unique ID: f90a27edc60b4944cc5f3275256b78b3,
Execution Time for Trace ID f90a27edc60b4944cc5f3275256b78b3: 103 ms
Cold Start: false
Unique ID: 6d7ac61651199c218fd1e111c1bea4bb,
Execution Time for Trace ID 6d7ac61651199c218fd1e111c1bea4bb: 51 ms
Cold Start: false
Unique ID: 195a378b1f5d0e464d6a2ef9b3c457e2,
Execution Time for Trace ID 195a378b1f5d0e464d6a2ef9b3c457e2: 88 ms
Cold Start: false
Unique ID: 23bc2854584bb2f9c53193c66a47b7b5,
Execution Time for Trace ID 23bc2854584bb2f9c53193c66a47b7b5: 69 ms
Cold Start: false
Unique ID: 38f677985ef49b8adfa6aa968c5993b8,
Execution Time for Trace ID 38f677985ef49b8adfa6aa968c5993b8: 42 ms
Cold Start: false
Unique ID: a9de4ea45ccf0bd66632691621c9119a,
Execution Time for Trace ID a9de4ea45ccf0bd66632691621c9119a: 82 ms
Cold Start: false
Unique ID: 7782a44336598616316d0ebb88e3d1b3,
Execution Time for Trace ID 7782a44336598616316d0ebb88e3d1b3: 96 ms
Cold Start: false
Unique ID: b7fcfa425d8a38ad871518dc0847cdef,
Execution Time for Trace ID b7fcfa425d8a38ad871518dc0847cdef: 28 ms
Cold Start: false
Unique ID: b20b7134e23c3ec7e0230c6904d14c0c,
Execution Time for Trace ID b20b7134e23c3ec7e0230c6904d14c0c: 107 ms
Cold Start: false
Unique ID: 45145f16c74ad9316f2a9bf1bac41c89,
Execution Time for Trace ID 45145f16c74ad9316f2a9bf1bac41c89: 104 ms
Cold Start: false
Unique ID: 61c364fd54c5ccd362be59f89739ca14,
Execution Time for Trace ID 61c364fd54c5ccd362be59f89739ca14: 103 ms
Cold Start: false
Unique ID: 4fdf9fae07304397522b264f039d6bc7,
Execution Time for Trace ID 4fdf9fae07304397522b264f039d6bc7: 27 ms
Cold Start: false
Unique ID: b0e8e1b36febadf0993b8ba3c41697f7,
Execution Time for Trace ID b0e8e1b36febadf0993b8ba3c41697f7: 146 ms
Cold Start: false
Unique ID: 4d23c60e178a5efd02a31b59146db906,
Execution Time for Trace ID 4d23c60e178a5efd02a31b59146db906: 32 ms
Cold Start: false
Unique ID: 3a2be98f09b620b35cb538b5e0a2179f,
Execution Time for Trace ID 3a2be98f09b620b35cb538b5e0a2179f: 27 ms
Cold Start: false
Unique ID: 978f8d8f41f748e965a197c9afda8589,
Execution Time for Trace ID 978f8d8f41f748e965a197c9afda8589: 171 ms
Cold Start: false
Unique ID: 7b48eb71d9bfb9f8c1881d157d9aa374,
Execution Time for Trace ID 7b48eb71d9bfb9f8c1881d157d9aa374: 86 ms
Cold Start: false
Unique ID: d96b7cec22f1fa4e2148b3e371886e83,
Execution Time for Trace ID d96b7cec22f1fa4e2148b3e371886e83: 81 ms
Cold Start: false
Unique ID: 728bd72ab1dd7a43c8b9936bc6ea16f3,
Execution Time for Trace ID 728bd72ab1dd7a43c8b9936bc6ea16f3: 50 ms
Cold Start: false
Unique ID: 668466074b2721017b5f5eddff7a31df,
Execution Time for Trace ID 668466074b2721017b5f5eddff7a31df: 102 ms
Cold Start: false
Unique ID: 1cd58f33fb1fe1ec80eaabefdb0e1ce9,
Execution Time for Trace ID 1cd58f33fb1fe1ec80eaabefdb0e1ce9: 89 ms
Cold Start: false
Unique ID: ef8d41e92dfa7fabb26767c3c02af4ed,
Execution Time for Trace ID ef8d41e92dfa7fabb26767c3c02af4ed: 81 ms
Cold Start: false
Unique ID: 76d50ede1d17cd6f5ebe865d494b0cce,
Execution Time for Trace ID 76d50ede1d17cd6f5ebe865d494b0cce: 111 ms
Cold Start: false
Unique ID: f610154f6359d847337e5e7bd2748d7b,
Execution Time for Trace ID f610154f6359d847337e5e7bd2748d7b: 93 ms
Cold Start: false
Unique ID: 8bcdff59a26b1294c9de4162ad53b050,
Execution Time for Trace ID 8bcdff59a26b1294c9de4162ad53b050: 57 ms
Cold Start: false
Unique ID: 43ca5804011ac61755f11f173e6fcbfc,
Execution Time for Trace ID 43ca5804011ac61755f11f173e6fcbfc: 57 ms
Cold Start: false
Unique ID: 44b7f0562ccdde8f55826d92d7de0333,
Execution Time for Trace ID 44b7f0562ccdde8f55826d92d7de0333: 54 ms
Cold Start: false
Unique ID: c0f45d4b0504e20530b747193bec5ee3,
Execution Time for Trace ID c0f45d4b0504e20530b747193bec5ee3: 27 ms
Cold Start: false
Unique ID: e84dbe40630d0a9b930f0360d851f203,
Execution Time for Trace ID e84dbe40630d0a9b930f0360d851f203: 147 ms
Cold Start: false
Unique ID: 40d45753a7f1aee708753d78801d3faa,
Execution Time for Trace ID 40d45753a7f1aee708753d78801d3faa: 32 ms
Cold Start: false
Unique ID: 49c9e5036466c924a299e9a13d4c8cfc,
Execution Time for Trace ID 49c9e5036466c924a299e9a13d4c8cfc: 94 ms
Cold Start: false
Unique ID: 9889f1ae6eba796f59cbcacd8c67decc,
Execution Time for Trace ID 9889f1ae6eba796f59cbcacd8c67decc: 34 ms
Cold Start: false
Unique ID: 602b563cc06073dbd40c77eb8097c985,
Execution Time for Trace ID 602b563cc06073dbd40c77eb8097c985: 195 ms
Cold Start: false
Unique ID: 35cf89bb96e37dc72b88067c02113921,
Execution Time for Trace ID 35cf89bb96e37dc72b88067c02113921: 30 ms
Cold Start: false
Unique ID: 9cda216634fa02fca05a18f16907325e,
Execution Time for Trace ID 9cda216634fa02fca05a18f16907325e: 112 ms
Cold Start: false
Unique ID: 76267315ec7daca267dffc1c8139c011,
Execution Time for Trace ID 76267315ec7daca267dffc1c8139c011: 93 ms
Cold Start: false
Unique ID: 0ed6350916f46927da888125ccdcf2c7,
Execution Time for Trace ID 0ed6350916f46927da888125ccdcf2c7: 81 ms
Cold Start: false
Unique ID: dd29c221a86ab795eb6d60b8bc22d0ef,
Execution Time for Trace ID dd29c221a86ab795eb6d60b8bc22d0ef: 84 ms
Cold Start: false
Unique ID: 67ad95b6d351285c9651881a1b4d81f6,
Execution Time for Trace ID 67ad95b6d351285c9651881a1b4d81f6: 27 ms
Cold Start: false
Unique ID: 56f5f632c7d4874007d58249662eb066,
Execution Time for Trace ID 56f5f632c7d4874007d58249662eb066: 44 ms
Cold Start: false
Unique ID: 2abd4837dac0e7e478749789854600a6,
Execution Time for Trace ID 2abd4837dac0e7e478749789854600a6: 100 ms
Cold Start: false
Unique ID: e56ab5cf2c4c3649eccb8a9d5107cb6c,
Execution Time for Trace ID e56ab5cf2c4c3649eccb8a9d5107cb6c: 27 ms
Cold Start: false
Unique ID: 35d85ea8310f4e29f5ef70522241a76f,
Execution Time for Trace ID 35d85ea8310f4e29f5ef70522241a76f: 109 ms
Cold Start: false
Unique ID: 7b9fddd9438b49f750909120d931c82a,
Execution Time for Trace ID 7b9fddd9438b49f750909120d931c82a: 113 ms
Cold Start: false
Unique ID: 4fee90dbed460f10a23dc8247012cd40,
Execution Time for Trace ID 4fee90dbed460f10a23dc8247012cd40: 30 ms
Cold Start: false
Unique ID: 0d615b687e4ae0ec8f9bc2588f1860cf,
Execution Time for Trace ID 0d615b687e4ae0ec8f9bc2588f1860cf: 62 ms
Cold Start: false
Unique ID: b071b9096ed1f1cac8747a4d47397ae2,
Execution Time for Trace ID b071b9096ed1f1cac8747a4d47397ae2: 32 ms
Cold Start: false
Unique ID: 46f0cacca57b5a515b00191a7107cc0e,
Execution Time for Trace ID 46f0cacca57b5a515b00191a7107cc0e: 52 ms
Cold Start: false
Unique ID: d9fb183a367b5a9f6a4db5ae01731263,
Execution Time for Trace ID d9fb183a367b5a9f6a4db5ae01731263: 114 ms
Cold Start: false
Unique ID: be42a39cec00455d9bd7d00afb9b47cc,
Execution Time for Trace ID be42a39cec00455d9bd7d00afb9b47cc: 29 ms
Cold Start: false
Unique ID: 05e24624630567c865a4ad99e891c096,
Execution Time for Trace ID 05e24624630567c865a4ad99e891c096: 33 ms
Cold Start: false
Unique ID: 1d9935bd6f04547d71853af7d35c85be,
Execution Time for Trace ID 1d9935bd6f04547d71853af7d35c85be: 104 ms
Cold Start: false
Unique ID: 20bc7ce034c7cb032a32d8b111a24d03,
Execution Time for Trace ID 20bc7ce034c7cb032a32d8b111a24d03: 101 ms
Cold Start: false
Unique ID: 9bb05f8e7a0c22404214804abaf02ee2,
Execution Time for Trace ID 9bb05f8e7a0c22404214804abaf02ee2: 84 ms
Cold Start: false
Unique ID: 9257f1c05c6522edd9225baca13ac100,
Execution Time for Trace ID 9257f1c05c6522edd9225baca13ac100: 45 ms
Cold Start: false
Unique ID: 7220c17f9c3d952c9a65e4e44ee4aeab,
Execution Time for Trace ID 7220c17f9c3d952c9a65e4e44ee4aeab: 28 ms
Cold Start: false
Unique ID: 56b8ad61030ee4d8a5fc0127308fa9a5,
Execution Time for Trace ID 56b8ad61030ee4d8a5fc0127308fa9a5: 72 ms
Cold Start: false
Unique ID: e045da9546631c3e0254bf41cf347a87,
Execution Time for Trace ID e045da9546631c3e0254bf41cf347a87: 29 ms
Cold Start: false
Unique ID: 6988fa0617aad370aeef2cad1e4d3d03,
Execution Time for Trace ID 6988fa0617aad370aeef2cad1e4d3d03: 71 ms
Cold Start: false
Unique ID: f8d35ea194b6e86324674a5be6c460e9,
Execution Time for Trace ID f8d35ea194b6e86324674a5be6c460e9: 180 ms
Cold Start: false
Unique ID: 283187b5159ec0c0459f8cf9fa516734,
Execution Time for Trace ID 283187b5159ec0c0459f8cf9fa516734: 82 ms
Cold Start: false
Unique ID: f951cc268f25ae5587e10af8f6fef2b7,
Execution Time for Trace ID f951cc268f25ae5587e10af8f6fef2b7: 98 ms
Cold Start: false
Unique ID: bc05e1a79be3477e3ae3fc2656d832ea,
Execution Time for Trace ID bc05e1a79be3477e3ae3fc2656d832ea: 49 ms
Cold Start: false
Unique ID: 9f64e5f15f089617289db01035497d55,
Execution Time for Trace ID 9f64e5f15f089617289db01035497d55: 62 ms
Cold Start: false
Unique ID: 876dd81a5db24bd521ceae93b5a34c5d,
Execution Time for Trace ID 876dd81a5db24bd521ceae93b5a34c5d: 72 ms
Cold Start: false
Unique ID: b5ad2cbee1072c5daa942d4ff2f010ec,
Execution Time for Trace ID b5ad2cbee1072c5daa942d4ff2f010ec: 109 ms
Cold Start: false
Unique ID: c9ab4dab3367cdf6cf73fcb5f952a753,
Execution Time for Trace ID c9ab4dab3367cdf6cf73fcb5f952a753: 83 ms
Cold Start: false
Unique ID: 522db3fbb78dabd5ef16d464109644e8,
Execution Time for Trace ID 522db3fbb78dabd5ef16d464109644e8: 37 ms
Cold Start: false
Unique ID: 21a64e56ff5e5b9de128f7acd65f467c,
Execution Time for Trace ID 21a64e56ff5e5b9de128f7acd65f467c: 117 ms
Cold Start: false
Unique ID: 30ff2fa8da9e00c157ee2e15a6ee78cd,
Execution Time for Trace ID 30ff2fa8da9e00c157ee2e15a6ee78cd: 76 ms
Cold Start: false
Unique ID: 65b4ecc16d0abbc49ec2f314a5f7ca4b,
Execution Time for Trace ID 65b4ecc16d0abbc49ec2f314a5f7ca4b: 112 ms
Cold Start: false
Unique ID: fd973ef8114ba1d5b497a24f5a23e8a3,
Execution Time for Trace ID fd973ef8114ba1d5b497a24f5a23e8a3: 64 ms
Cold Start: false
Unique ID: 91abc85d40eb46295f282003866e374f,
Execution Time for Trace ID 91abc85d40eb46295f282003866e374f: 165 ms
Cold Start: false
Unique ID: 8062cd38e8c558e90dd6799b2f83e608,
Execution Time for Trace ID 8062cd38e8c558e90dd6799b2f83e608: 36 ms
Cold Start: false
Unique ID: 85f9be780f191576c611b1b25758a7d2,
Execution Time for Trace ID 85f9be780f191576c611b1b25758a7d2: 105 ms
Cold Start: false
Unique ID: ef2e854314c45818f184f1e8e4325c32,
Execution Time for Trace ID ef2e854314c45818f184f1e8e4325c32: 182 ms
Cold Start: false
Unique ID: f1d967adc34612610816601cb081da4d,
Execution Time for Trace ID f1d967adc34612610816601cb081da4d: 77 ms
Cold Start: false
Unique ID: fc7f7352d63f9f4c89da582122cdfada,
Execution Time for Trace ID fc7f7352d63f9f4c89da582122cdfada: 106 ms
Cold Start: false
Unique ID: e1a48610ee93c6a4100691ca28a7973f,
Execution Time for Trace ID e1a48610ee93c6a4100691ca28a7973f: 33 ms
Cold Start: false
Unique ID: 0f9a83c3a5f1e72dd47bd9d37d9ab44f,
Execution Time for Trace ID 0f9a83c3a5f1e72dd47bd9d37d9ab44f: 41 ms
Cold Start: false
Unique ID: ad6e42c1927a18870e3f62c70b782a9b,
Execution Time for Trace ID ad6e42c1927a18870e3f62c70b782a9b: 147 ms
Cold Start: false
Unique ID: 03b111583bb449c355b23252da00603d,
Execution Time for Trace ID 03b111583bb449c355b23252da00603d: 34 ms
Cold Start: false
Unique ID: 220f35f1ea9967540c3045298fb8fc09,
Execution Time for Trace ID 220f35f1ea9967540c3045298fb8fc09: 99 ms
Cold Start: false
Unique ID: e47490ef76369fdc73899f8bb0ad47c3,
Execution Time for Trace ID e47490ef76369fdc73899f8bb0ad47c3: 82 ms
Cold Start: false
Unique ID: cfbb9123e72cab1e20f941361760336f,
Execution Time for Trace ID cfbb9123e72cab1e20f941361760336f: 187 ms
Cold Start: false
Unique ID: 52ea4f46e0206d0cbefa87f98a3c9a8f,
Execution Time for Trace ID 52ea4f46e0206d0cbefa87f98a3c9a8f: 60 ms
Cold Start: false
Unique ID: aa54248a3d06c527f679e6a3098ab08f,
Execution Time for Trace ID aa54248a3d06c527f679e6a3098ab08f: 28 ms
Cold Start: false
Unique ID: 29f9686ec8dce6f7d6e9382ce993385f,
Execution Time for Trace ID 29f9686ec8dce6f7d6e9382ce993385f: 39 ms
Cold Start: false
Unique ID: 5d2957bb1dd1c8f5dd6ad4d7aaa5a853,
Execution Time for Trace ID 5d2957bb1dd1c8f5dd6ad4d7aaa5a853: 171 ms
Cold Start: false
Unique ID: 3c090e5b6eeb01c1300d4aedd40d466d,
Execution Time for Trace ID 3c090e5b6eeb01c1300d4aedd40d466d: 40 ms
Cold Start: false
Unique ID: 7b7e83f210c63fec09459f6aa9498cdc,
Execution Time for Trace ID 7b7e83f210c63fec09459f6aa9498cdc: 26 ms
Cold Start: false
Unique ID: ccc3d8a44ee90d52c3feb2bdd0c1dbc3,
Execution Time for Trace ID ccc3d8a44ee90d52c3feb2bdd0c1dbc3: 49 ms
Cold Start: false
Unique ID: 45062d8215a7f850913b8ce28010aae2,
Execution Time for Trace ID 45062d8215a7f850913b8ce28010aae2: 178 ms
Cold Start: false
Unique ID: ba7b570b1d5e178ac636f8b4a060ce1c,
Execution Time for Trace ID ba7b570b1d5e178ac636f8b4a060ce1c: 31 ms
Cold Start: false
Unique ID: fc4f266bc9070d2d66123620b7b45904,
Execution Time for Trace ID fc4f266bc9070d2d66123620b7b45904: 27 ms
Cold Start: false
Unique ID: cb79edac9a27d49c6084a55149a37bf8,
Execution Time for Trace ID cb79edac9a27d49c6084a55149a37bf8: 30 ms
Cold Start: false
Unique ID: 3eca5c810d6caf2af4e80b76d98f05e8,
Execution Time for Trace ID 3eca5c810d6caf2af4e80b76d98f05e8: 170 ms
Cold Start: false
Unique ID: c8985f1dc10f9c87fcb93359c8d4bbca,
Execution Time for Trace ID c8985f1dc10f9c87fcb93359c8d4bbca: 27 ms
Cold Start: false
Unique ID: edfc6d0b88a8187c1dba54326fbdc542,
Execution Time for Trace ID edfc6d0b88a8187c1dba54326fbdc542: 52 ms
Cold Start: false
Unique ID: 4b18ad85b8cee4b77d682bf9e4fd0b34,
Execution Time for Trace ID 4b18ad85b8cee4b77d682bf9e4fd0b34: 27 ms
Cold Start: false
Unique ID: 6d3a3fcf349e832fa8c63b253757d8c9,
Execution Time for Trace ID 6d3a3fcf349e832fa8c63b253757d8c9: 161 ms
Cold Start: false
Unique ID: 3fc68c2f799ae749356a62de59622b43,
Execution Time for Trace ID 3fc68c2f799ae749356a62de59622b43: 38 ms
Cold Start: false
Unique ID: 44274d8acc0232ddd30b3a293b43906c,
Execution Time for Trace ID 44274d8acc0232ddd30b3a293b43906c: 29 ms
Cold Start: false
Unique ID: 9672d1d5fe578b1dd6f4c300440b734f,
Execution Time for Trace ID 9672d1d5fe578b1dd6f4c300440b734f: 89 ms
Cold Start: false
Unique ID: 229a3502cde3b5cdc825322a27a6f656,
Execution Time for Trace ID 229a3502cde3b5cdc825322a27a6f656: 175 ms
Cold Start: false
Unique ID: cd9e30ad866cce84298a1dbe4f0653d3,
Execution Time for Trace ID cd9e30ad866cce84298a1dbe4f0653d3: 30 ms
Cold Start: false
Unique ID: f7ef5a593ab14f548476f2df9a8d62b2,
Execution Time for Trace ID f7ef5a593ab14f548476f2df9a8d62b2: 27 ms
Cold Start: false
Unique ID: 7c65bdb9556decd571da16108395a330,
Execution Time for Trace ID 7c65bdb9556decd571da16108395a330: 136 ms
Cold Start: false
Unique ID: 5ab3696bed4b7483ec3074435c2c76dc,
Execution Time for Trace ID 5ab3696bed4b7483ec3074435c2c76dc: 57 ms
Cold Start: false
Unique ID: d0efd88c03ac1ccbe5777dff288b51eb,
Execution Time for Trace ID d0efd88c03ac1ccbe5777dff288b51eb: 31 ms
Cold Start: false
Unique ID: cec9ec728cc8a2e5d90a88781600aedb,
Execution Time for Trace ID cec9ec728cc8a2e5d90a88781600aedb: 29 ms
Cold Start: false
Unique ID: 1de3975bb21b864f87cc6b9a3c58772a,
Execution Time for Trace ID 1de3975bb21b864f87cc6b9a3c58772a: 63 ms
Cold Start: false
Unique ID: 4168541d5eb1db56f10e77b79f2a61bd,
Execution Time for Trace ID 4168541d5eb1db56f10e77b79f2a61bd: 183 ms
Cold Start: false
Unique ID: a6b264abff61ff36da70e6ed4ba7f51e,
Execution Time for Trace ID a6b264abff61ff36da70e6ed4ba7f51e: 37 ms
Cold Start: false
Unique ID: 40ae34316bca6ac0887dca52d28c3c35,
Execution Time for Trace ID 40ae34316bca6ac0887dca52d28c3c35: 51 ms
Cold Start: false
Unique ID: f1996b57a666b2c0c99c8d01ae164d6e,
Execution Time for Trace ID f1996b57a666b2c0c99c8d01ae164d6e: 74 ms
Cold Start: false
Unique ID: 2cfdd9e26e6bf8291fdfe3e3cc4e0fc9,
Execution Time for Trace ID 2cfdd9e26e6bf8291fdfe3e3cc4e0fc9: 171 ms
Cold Start: false
Unique ID: 67494f8fc9b9716fef8922c69769a2e5,
Execution Time for Trace ID 67494f8fc9b9716fef8922c69769a2e5: 30 ms
Cold Start: false
Unique ID: df21f9b6046184c635ff14ed6a4b8524,
Execution Time for Trace ID df21f9b6046184c635ff14ed6a4b8524: 29 ms
Cold Start: false
Unique ID: 3ef2121706337dcc465762e0d4c8cede,
Execution Time for Trace ID 3ef2121706337dcc465762e0d4c8cede: 154 ms
Cold Start: false
Unique ID: 6ce62921fdcb404f66e1afd23fd80bd0,
Execution Time for Trace ID 6ce62921fdcb404f66e1afd23fd80bd0: 166 ms
Cold Start: false
Unique ID: e838515bac4ab21a65fb038a91830848,
Execution Time for Trace ID e838515bac4ab21a65fb038a91830848: 30 ms
Cold Start: false
Unique ID: 633d25ab537e44c1ad1b30a8582a6093,
Execution Time for Trace ID 633d25ab537e44c1ad1b30a8582a6093: 30 ms
Cold Start: false
Unique ID: 9781b6e2f0e28b4e6cfe7d0b33278e21,
Execution Time for Trace ID 9781b6e2f0e28b4e6cfe7d0b33278e21: 177 ms
Cold Start: false
Unique ID: 2f63bb39e6234e1926bf139d1ea2ea02,
Execution Time for Trace ID 2f63bb39e6234e1926bf139d1ea2ea02: 35 ms
Cold Start: false
Unique ID: 361b9bef5627bb148da0c7379d209c45,
Execution Time for Trace ID 361b9bef5627bb148da0c7379d209c45: 68 ms
Cold Start: false
Unique ID: 4114e5553708153aa350f1642e1cf962,
Execution Time for Trace ID 4114e5553708153aa350f1642e1cf962: 28 ms
Cold Start: false
Unique ID: 7256bf0da13304d8f72ef84115663f61,
Execution Time for Trace ID 7256bf0da13304d8f72ef84115663f61: 38 ms
Cold Start: false
Unique ID: 462b8e00473aa4843c26f4528ac73a64,
Execution Time for Trace ID 462b8e00473aa4843c26f4528ac73a64: 68 ms
Cold Start: false
Unique ID: 6fa36c6ee5f20b7de76375d5c953ffc6,
Execution Time for Trace ID 6fa36c6ee5f20b7de76375d5c953ffc6: 30 ms
Cold Start: false
Unique ID: 439d01988a0ad75156f94a52b57d61a9,
Execution Time for Trace ID 439d01988a0ad75156f94a52b57d61a9: 30 ms
Cold Start: false
Unique ID: e8095ed13c8dcd2702a2a7b66dfbda91,
Execution Time for Trace ID e8095ed13c8dcd2702a2a7b66dfbda91: 99 ms
Cold Start: false
Unique ID: 575477d33e0785f4296e8124a434b316,
Execution Time for Trace ID 575477d33e0785f4296e8124a434b316: 182 ms
Cold Start: false
Unique ID: 1f44630390d4a181b51ac1107e875934,
Execution Time for Trace ID 1f44630390d4a181b51ac1107e875934: 106 ms
Cold Start: false
Unique ID: 44c0c2a6294cef06b46b0e6c420191e0,
Execution Time for Trace ID 44c0c2a6294cef06b46b0e6c420191e0: 94 ms
Cold Start: false
Unique ID: dc28e788424fe84eaa04effb7aa5e5ae,
Execution Time for Trace ID dc28e788424fe84eaa04effb7aa5e5ae: 99 ms
Cold Start: false
Unique ID: 2f2938469deafa25aca6de96571bc086,
Execution Time for Trace ID 2f2938469deafa25aca6de96571bc086: 115 ms
Cold Start: false
Unique ID: c7efb0e9d0fc144d846e863ce19c7470,
Execution Time for Trace ID c7efb0e9d0fc144d846e863ce19c7470: 33 ms
Cold Start: false
Unique ID: 6ef13f58f303d9e6a4bfd503f02b6ffe,
Execution Time for Trace ID 6ef13f58f303d9e6a4bfd503f02b6ffe: 72 ms
Cold Start: false
Unique ID: 21c503cc76442b5de2d9fde25f6bc31c,
Execution Time for Trace ID 21c503cc76442b5de2d9fde25f6bc31c: 34 ms
Cold Start: false
Unique ID: 6c2c96ab7cd4a21e8281e733bde2a0c6,
Execution Time for Trace ID 6c2c96ab7cd4a21e8281e733bde2a0c6: 168 ms
Cold Start: false
Unique ID: 493605e80126f9c4193e1185326af43d,
Execution Time for Trace ID 493605e80126f9c4193e1185326af43d: 31 ms
Cold Start: false
Unique ID: b3d6f1e8a35a562bc833bfade34c2b7f,
Execution Time for Trace ID b3d6f1e8a35a562bc833bfade34c2b7f: 26 ms
Cold Start: false
Unique ID: f7867645a049a4fbe2549788daff53d2,
Execution Time for Trace ID f7867645a049a4fbe2549788daff53d2: 163 ms
Cold Start: false
Unique ID: c326c6c252f19a1ca88632c7ac59a9cd,
Execution Time for Trace ID c326c6c252f19a1ca88632c7ac59a9cd: 95 ms
Cold Start: false
Unique ID: ab086afdd63f56124d7532ac1dc5a37e,
Execution Time for Trace ID ab086afdd63f56124d7532ac1dc5a37e: 32 ms
Cold Start: false
Unique ID: e946a53f46295e18b7510b4b5b938dd0,
Execution Time for Trace ID e946a53f46295e18b7510b4b5b938dd0: 29 ms
Cold Start: false
Unique ID: 1ac79ad7cea2a1530f5db99130a00788,
Execution Time for Trace ID 1ac79ad7cea2a1530f5db99130a00788: 170 ms
Cold Start: false
Unique ID: 8c9679d0a6aecb9993d8bbd7cab8dea0,
Execution Time for Trace ID 8c9679d0a6aecb9993d8bbd7cab8dea0: 79 ms
Cold Start: false
Unique ID: a9c02818e41b27a5782def307bbbb020,
Execution Time for Trace ID a9c02818e41b27a5782def307bbbb020: 32 ms
Cold Start: false
Unique ID: ade5b5ea305d680270935e4b06b3bea9,
Execution Time for Trace ID ade5b5ea305d680270935e4b06b3bea9: 43 ms
Cold Start: false
Unique ID: 9ca998bdf58798f279d27315f83df7c6,
Execution Time for Trace ID 9ca998bdf58798f279d27315f83df7c6: 28 ms
Cold Start: false
Unique ID: 70071fefab3a53480f2e217066e3dfe7,
Execution Time for Trace ID 70071fefab3a53480f2e217066e3dfe7: 170 ms
Cold Start: false
Unique ID: d205ca98e7ac78cdd583cd228dffd7c2,
Execution Time for Trace ID d205ca98e7ac78cdd583cd228dffd7c2: 45 ms
Cold Start: false
Unique ID: c7b726ac40ed2b7a511e228d82b6a620,
Execution Time for Trace ID c7b726ac40ed2b7a511e228d82b6a620: 30 ms
Cold Start: false
Unique ID: 6299be617b7d596090888300811c8d7b,
Execution Time for Trace ID 6299be617b7d596090888300811c8d7b: 59 ms
Cold Start: false
Unique ID: 163052d585b74cfea098b67e611a7610,
Execution Time for Trace ID 163052d585b74cfea098b67e611a7610: 213 ms
Cold Start: false
Unique ID: 056c2fcc6bc86793efdc7e854b9c66c4,
Execution Time for Trace ID 056c2fcc6bc86793efdc7e854b9c66c4: 34 ms
Cold Start: false
Unique ID: 0e81cfdc5881ce23594fd534eab31e1f,
Execution Time for Trace ID 0e81cfdc5881ce23594fd534eab31e1f: 30 ms
Cold Start: false
Unique ID: 3a3b093f5b11a8d3283eacd103c542a9,
Execution Time for Trace ID 3a3b093f5b11a8d3283eacd103c542a9: 183 ms
Cold Start: false
Unique ID: 546213a6aeab58c792abe90bce6f2420,
Execution Time for Trace ID 546213a6aeab58c792abe90bce6f2420: 85 ms
Cold Start: false
Unique ID: 458b61670b85deb1bfd1b7ed0eda9a04,
Execution Time for Trace ID 458b61670b85deb1bfd1b7ed0eda9a04: 30 ms
Cold Start: false
Unique ID: 2a2bf70d0486a3c38e5f49cb09e73a7b,
Execution Time for Trace ID 2a2bf70d0486a3c38e5f49cb09e73a7b: 27 ms
Cold Start: false
Unique ID: 9d4d3f593b0000f2f158585be5463baa,
Execution Time for Trace ID 9d4d3f593b0000f2f158585be5463baa: 118 ms
Cold Start: false
Unique ID: d1e42a2477dca95c885d2beb6bb8951f,
Execution Time for Trace ID d1e42a2477dca95c885d2beb6bb8951f: 170 ms
Cold Start: false
Unique ID: 27b58913570c7ad2164c68d1cad3750f,
Execution Time for Trace ID 27b58913570c7ad2164c68d1cad3750f: 31 ms
Cold Start: false
Unique ID: d5f076e80fcb4d0509f003fc14e4fc5c,
Execution Time for Trace ID d5f076e80fcb4d0509f003fc14e4fc5c: 27 ms
Cold Start: false
Unique ID: 13a89399d0cbc07ccabf52a929cbcb27,
Execution Time for Trace ID 13a89399d0cbc07ccabf52a929cbcb27: 29 ms
Cold Start: false
Unique ID: 6170fe56feddbd1645ed33d732366c42,
Execution Time for Trace ID 6170fe56feddbd1645ed33d732366c42: 172 ms
Cold Start: false
Unique ID: 1fe5888705ac56fd57e59caece77bf04,
Execution Time for Trace ID 1fe5888705ac56fd57e59caece77bf04: 31 ms
Cold Start: false
Unique ID: d1b03d3b7fe48e8e4ddf726aaa72a0f7,
Execution Time for Trace ID d1b03d3b7fe48e8e4ddf726aaa72a0f7: 33 ms
Cold Start: false
Unique ID: c5051b80474b348842bcc131b6db5a4a,
Execution Time for Trace ID c5051b80474b348842bcc131b6db5a4a: 172 ms
Cold Start: false
Unique ID: adcf5701a9f549fe4c369c98cacedf38,
Execution Time for Trace ID adcf5701a9f549fe4c369c98cacedf38: 99 ms
Cold Start: false
Unique ID: 6d59c2c2c5e5d9384a33d5b35d458acb,
Execution Time for Trace ID 6d59c2c2c5e5d9384a33d5b35d458acb: 31 ms
Cold Start: false
Unique ID: bb0473c1f3cd934c2c7d64407d464f5e,
Execution Time for Trace ID bb0473c1f3cd934c2c7d64407d464f5e: 91 ms
Cold Start: false
Unique ID: 8a1583c037db2d8f144043422ce19f10,
Execution Time for Trace ID 8a1583c037db2d8f144043422ce19f10: 27 ms
Cold Start: false
Unique ID: 6da564d507939b1f8292ac114ef1744a,
Execution Time for Trace ID 6da564d507939b1f8292ac114ef1744a: 172 ms
Cold Start: false
Unique ID: 5e828180723897cec0fada37c8544042,
Execution Time for Trace ID 5e828180723897cec0fada37c8544042: 32 ms
Cold Start: false
Unique ID: 8ac31111815a5bb2445e13a00c74b9b4,
Execution Time for Trace ID 8ac31111815a5bb2445e13a00c74b9b4: 94 ms
Cold Start: false
Unique ID: 119086b6819a50f8ce5360fa045f6fee,
Execution Time for Trace ID 119086b6819a50f8ce5360fa045f6fee: 37 ms
Cold Start: false
Unique ID: bcb31e5143784c01ae8f401cb65956f3,
Execution Time for Trace ID bcb31e5143784c01ae8f401cb65956f3: 160 ms
Cold Start: false
Unique ID: 4afde9ae176372525d85348e45e0fa37,
Execution Time for Trace ID 4afde9ae176372525d85348e45e0fa37: 31 ms
Cold Start: false
Unique ID: 769cfff583472fc9ad2072513229f5d6,
Execution Time for Trace ID 769cfff583472fc9ad2072513229f5d6: 28 ms
Cold Start: false
Unique ID: fc28c619f9795841ad279bb9494c0214,
Execution Time for Trace ID fc28c619f9795841ad279bb9494c0214: 104 ms
Cold Start: false
Unique ID: f278ea3f9e584f28abbfd98c25f0f3f9,
Execution Time for Trace ID f278ea3f9e584f28abbfd98c25f0f3f9: 191 ms
Cold Start: false
Unique ID: b8f077a8776a6ae1cd65d261b0e54b97,
Execution Time for Trace ID b8f077a8776a6ae1cd65d261b0e54b97: 34 ms
Cold Start: false
Unique ID: fcbdbaaddac08aae899eb1b18dfae8a3,
Execution Time for Trace ID fcbdbaaddac08aae899eb1b18dfae8a3: 29 ms
Cold Start: false
Unique ID: 262e8fac1b26332add9ded3492a1584d,
Execution Time for Trace ID 262e8fac1b26332add9ded3492a1584d: 27 ms
Cold Start: false
Unique ID: 07ed3211b0e6d7db7bfc1190cb26fce3,
Execution Time for Trace ID 07ed3211b0e6d7db7bfc1190cb26fce3: 171 ms
Cold Start: false
Unique ID: 61e195f35241c53e18880b3e1026c00d,
Execution Time for Trace ID 61e195f35241c53e18880b3e1026c00d: 30 ms
Cold Start: false
Unique ID: 2592665a2808d48c2038a19756a6b5e1,
Execution Time for Trace ID 2592665a2808d48c2038a19756a6b5e1: 28 ms
Cold Start: false
Unique ID: 663dc822c509957d0302992d5ffaf7f8,
Execution Time for Trace ID 663dc822c509957d0302992d5ffaf7f8: 40 ms
Cold Start: false
Unique ID: a7271a1b40b0613e37b0d4eb4848a729,
Execution Time for Trace ID a7271a1b40b0613e37b0d4eb4848a729: 179 ms
Cold Start: false
Unique ID: 8cbefc6b10cdab86333a3da8e4d9c052,
Execution Time for Trace ID 8cbefc6b10cdab86333a3da8e4d9c052: 31 ms
Cold Start: false
Unique ID: c398b642adef850c5138135160d11d16,
Execution Time for Trace ID c398b642adef850c5138135160d11d16: 68 ms
Cold Start: false
Unique ID: 10bfc27abe6eb9a518045d082ea0adb3,
Execution Time for Trace ID 10bfc27abe6eb9a518045d082ea0adb3: 165 ms
Cold Start: false
Unique ID: 649e432f56dfb9ba89826e5fb0c7d719,
Execution Time for Trace ID 649e432f56dfb9ba89826e5fb0c7d719: 42 ms
Cold Start: false
Unique ID: d1f66ceba289b2120e6fdd59a9d3c822,
Execution Time for Trace ID d1f66ceba289b2120e6fdd59a9d3c822: 31 ms
Cold Start: false
Unique ID: db6229a287d76ec06581fa1e513612bd,
Execution Time for Trace ID db6229a287d76ec06581fa1e513612bd: 35 ms
Cold Start: false
Unique ID: 3b398c82d0c1216a3704e931689493d5,
Execution Time for Trace ID 3b398c82d0c1216a3704e931689493d5: 95 ms
Cold Start: false
Unique ID: f162202a99e5bbd4c2397ace69fcf09d,
Execution Time for Trace ID f162202a99e5bbd4c2397ace69fcf09d: 191 ms
Cold Start: false
Unique ID: 3a65cdd724d90dbed2a8b0445380b069,
Execution Time for Trace ID 3a65cdd724d90dbed2a8b0445380b069: 32 ms
Cold Start: false
Unique ID: 42756cf68f1e08b8db71dc153ced9545,
Execution Time for Trace ID 42756cf68f1e08b8db71dc153ced9545: 99 ms
Cold Start: false
Unique ID: eff551a23a41be5fb9c49e7f614764bf,
Execution Time for Trace ID eff551a23a41be5fb9c49e7f614764bf: 102 ms
Cold Start: false
Unique ID: cbc6a0b77ad9746e9d0faf5bbadf1652,
Execution Time for Trace ID cbc6a0b77ad9746e9d0faf5bbadf1652: 88 ms
Cold Start: false
Unique ID: f204df362e755b44eb8d334cd1dfe344,
Execution Time for Trace ID f204df362e755b44eb8d334cd1dfe344: 33 ms
Cold Start: false
Unique ID: 6da0b88b31f758f1960ebb7fb4a6a657,
Execution Time for Trace ID 6da0b88b31f758f1960ebb7fb4a6a657: 95 ms
Cold Start: false
Unique ID: 8916cef184a04c63e3b7717316555a7f,
Execution Time for Trace ID 8916cef184a04c63e3b7717316555a7f: 107 ms
Cold Start: false
Unique ID: 9c58bc6c60818f1ac8a2d066dc01182d,
Execution Time for Trace ID 9c58bc6c60818f1ac8a2d066dc01182d: 178 ms
Cold Start: false
Unique ID: 56675e9c1a975a51c542d90abb22fb39,
Execution Time for Trace ID 56675e9c1a975a51c542d90abb22fb39: 32 ms
Cold Start: false
Unique ID: 95e60ef9f20870bfee6a1cb8ad2d8bc9,
Execution Time for Trace ID 95e60ef9f20870bfee6a1cb8ad2d8bc9: 28 ms
Cold Start: false
Unique ID: 87fc8dbe0929468d0e8406c7d28d66fa,
Execution Time for Trace ID 87fc8dbe0929468d0e8406c7d28d66fa: 118 ms
Cold Start: false
Unique ID: 3f74f98f0b242bb57e7365437a111322,
Execution Time for Trace ID 3f74f98f0b242bb57e7365437a111322: 180 ms
Cold Start: false
Unique ID: a7f0668749a55a43974828a1a359f3b7,
Execution Time for Trace ID a7f0668749a55a43974828a1a359f3b7: 38 ms
Cold Start: false
Unique ID: 6359371deb42297e4433a6ea31888638,
Execution Time for Trace ID 6359371deb42297e4433a6ea31888638: 29 ms
Cold Start: false
Unique ID: 0ef1ab6905dda1c173d573f4ceef3f5a,
Execution Time for Trace ID 0ef1ab6905dda1c173d573f4ceef3f5a: 184 ms
Cold Start: false
Unique ID: b7c0b0d6b4d808a766316b5c9ca65fb3,
Execution Time for Trace ID b7c0b0d6b4d808a766316b5c9ca65fb3: 87 ms
Cold Start: false
Unique ID: c4adb892441f8b1124f0b3c3e9189916,
Execution Time for Trace ID c4adb892441f8b1124f0b3c3e9189916: 32 ms
Cold Start: false
Unique ID: ff3e19c047f168b4ecdc44e87f4b4818,
Execution Time for Trace ID ff3e19c047f168b4ecdc44e87f4b4818: 30 ms
Cold Start: false
Unique ID: dcdaff7780a25673ba149da387812021,
Execution Time for Trace ID dcdaff7780a25673ba149da387812021: 171 ms
Cold Start: false
Unique ID: 33d0cd814801d54eeda631fc34f78f45,
Execution Time for Trace ID 33d0cd814801d54eeda631fc34f78f45: 93 ms
Cold Start: false
Unique ID: 803c1d30739afb718737d2608810e124,
Execution Time for Trace ID 803c1d30739afb718737d2608810e124: 32 ms
Cold Start: false
Unique ID: f08ecb4ebecd2075fd23dffa66344fce,
Execution Time for Trace ID f08ecb4ebecd2075fd23dffa66344fce: 76 ms
Cold Start: false
Unique ID: 75dbb107a63a1c1557c698b6e2cc6a23,
Execution Time for Trace ID 75dbb107a63a1c1557c698b6e2cc6a23: 177 ms
Cold Start: false
Unique ID: ac00fe2b3b44c414eee67b33cc8e3bcd,
Execution Time for Trace ID ac00fe2b3b44c414eee67b33cc8e3bcd: 66 ms
Cold Start: false
Unique ID: 0e43c40f606f0ebed76237799a0459ee,
Execution Time for Trace ID 0e43c40f606f0ebed76237799a0459ee: 31 ms
Cold Start: false
Unique ID: 2c27070a50b14e09997caf750445d0d0,
Execution Time for Trace ID 2c27070a50b14e09997caf750445d0d0: 28 ms
Cold Start: false
Unique ID: 142e15f084ffaa96621a5e4bb10f98e0,
Execution Time for Trace ID 142e15f084ffaa96621a5e4bb10f98e0: 33 ms
Cold Start: false
Unique ID: 5e81966b009f3fcc8a31047dbd86362c,
Execution Time for Trace ID 5e81966b009f3fcc8a31047dbd86362c: 184 ms
Cold Start: false
Unique ID: 6e00ae55a68b407076176f03e4b2f740,
Execution Time for Trace ID 6e00ae55a68b407076176f03e4b2f740: 35 ms
Cold Start: false
Unique ID: 231c7502f3907d49f3dc1d7964342717,
Execution Time for Trace ID 231c7502f3907d49f3dc1d7964342717: 36 ms
Cold Start: false
Unique ID: 8efaeb0526130717ae1881474732e2cf,
Execution Time for Trace ID 8efaeb0526130717ae1881474732e2cf: 40 ms
Cold Start: false
Unique ID: b29f803873108a3c36b257d1aa311cc0,
Execution Time for Trace ID b29f803873108a3c36b257d1aa311cc0: 173 ms
Cold Start: false
Unique ID: eb660973f5143e04681536f98190f697,
Execution Time for Trace ID eb660973f5143e04681536f98190f697: 36 ms
Cold Start: false
Unique ID: db038e1d644264bb5dde511bec49a311,
Execution Time for Trace ID db038e1d644264bb5dde511bec49a311: 56 ms
Cold Start: false
Unique ID: 41fb079b216b3402918f85cfaad48236,
Execution Time for Trace ID 41fb079b216b3402918f85cfaad48236: 119 ms
Cold Start: false
Unique ID: 29879173938078e1928ece5858c0f15f,
Execution Time for Trace ID 29879173938078e1928ece5858c0f15f: 184 ms
Cold Start: false
Unique ID: ef1d8f4faf59c23cf6e778fea08a4f4f,
Execution Time for Trace ID ef1d8f4faf59c23cf6e778fea08a4f4f: 31 ms
Cold Start: false
Unique ID: 648692a45394db6c7dae8d6dd941170e,
Execution Time for Trace ID 648692a45394db6c7dae8d6dd941170e: 44 ms
Cold Start: false
Unique ID: 30ec7d825a0c38b0326d2eafa7c9eeb5,
Execution Time for Trace ID 30ec7d825a0c38b0326d2eafa7c9eeb5: 27 ms
Cold Start: false
Unique ID: fbb5f792cb77d21ed85aaf4f8f5587cb,
Execution Time for Trace ID fbb5f792cb77d21ed85aaf4f8f5587cb: 141 ms
Cold Start: false
Unique ID: a2af246ba9312c498b89259028ae8151,
Execution Time for Trace ID a2af246ba9312c498b89259028ae8151: 36 ms
Cold Start: false
Unique ID: c8faf7af9a398b59c537e067644abbf6,
Execution Time for Trace ID c8faf7af9a398b59c537e067644abbf6: 68 ms
Cold Start: false
Unique ID: 22b633b67eb62cbb97fc0fc952de6562,
Execution Time for Trace ID 22b633b67eb62cbb97fc0fc952de6562: 38 ms
Cold Start: false
Unique ID: de24eafefbc94cfb51bbaf1d37d3653b,
Execution Time for Trace ID de24eafefbc94cfb51bbaf1d37d3653b: 152 ms
Cold Start: false
Unique ID: 0cf503d6a36b99e3388cdb6e1a95d01d,
Execution Time for Trace ID 0cf503d6a36b99e3388cdb6e1a95d01d: 32 ms
Cold Start: false
Unique ID: 7cfe1322d9ad2a9aa638847f7874b105,
Execution Time for Trace ID 7cfe1322d9ad2a9aa638847f7874b105: 71 ms
Cold Start: false
Unique ID: 0b0f7b4c0f2bcb569f9f1e3657cffdb9,
Execution Time for Trace ID 0b0f7b4c0f2bcb569f9f1e3657cffdb9: 28 ms
Cold Start: false
Unique ID: d902681a495782607ef50c2f74780ffa,
Execution Time for Trace ID d902681a495782607ef50c2f74780ffa: 174 ms
Cold Start: false
Unique ID: 9329f6b57a40e7b15061a6a1b8007195,
Execution Time for Trace ID 9329f6b57a40e7b15061a6a1b8007195: 32 ms
Cold Start: false
Unique ID: a1233411709a760bcfb135729881ff6d,
Execution Time for Trace ID a1233411709a760bcfb135729881ff6d: 67 ms
Cold Start: false
Unique ID: 533a9904d25767d5583816a2bdbe8487,
Execution Time for Trace ID 533a9904d25767d5583816a2bdbe8487: 34 ms
Cold Start: false
Unique ID: fbb24b2baeec57e2b749d25daf8e80c2,
Execution Time for Trace ID fbb24b2baeec57e2b749d25daf8e80c2: 174 ms
Cold Start: false
Unique ID: a1e194f125cc73e3f515fb981325ee2d,
Execution Time for Trace ID a1e194f125cc73e3f515fb981325ee2d: 32 ms
Cold Start: false
Unique ID: d3e496519a35ca93d1a8e467fa5baf01,
Execution Time for Trace ID d3e496519a35ca93d1a8e467fa5baf01: 29 ms
Cold Start: false
Unique ID: 3559999b234d2fdbe9dc40dac20f2f45,
Execution Time for Trace ID 3559999b234d2fdbe9dc40dac20f2f45: 104 ms
Cold Start: false
Unique ID: 2d8b34c431cfc39e176eeebbfe18a514,
Execution Time for Trace ID 2d8b34c431cfc39e176eeebbfe18a514: 172 ms
Cold Start: false
Unique ID: d28f46a6d817be6e645c1d44a8baf957,
Execution Time for Trace ID d28f46a6d817be6e645c1d44a8baf957: 35 ms
Cold Start: false
Unique ID: c7f4f15d7dbc0a44fe76a8803d53164b,
Execution Time for Trace ID c7f4f15d7dbc0a44fe76a8803d53164b: 62 ms
Cold Start: false
Unique ID: 305730f9d76017812852afd1b5c94823,
Execution Time for Trace ID 305730f9d76017812852afd1b5c94823: 61 ms
Cold Start: false
Unique ID: 714666e6387daf5e381d7ef9947d1ad0,
Execution Time for Trace ID 714666e6387daf5e381d7ef9947d1ad0: 172 ms
Cold Start: false
