Unique ID: e4fdd7d9-17fe-4f36-a03e-d1670854f75c,
Billed Duration for Request e4fdd7d9-17fe-4f36-a03e-d1670854f75c: 570 ms
Input: 5000000,
Cold Start: true
Unique ID: bef89e4b-eda8-4f95-a7e6-f5facdf74c8c,
Billed Duration for Request bef89e4b-eda8-4f95-a7e6-f5facdf74c8c: 598 ms
Input: 5000000,
Cold Start: true
Unique ID: 20056e43-0960-4051-8a72-a932720b71e8,
Billed Duration for Request 20056e43-0960-4051-8a72-a932720b71e8: 589 ms
Input: 5000000,
Cold Start: true
Unique ID: 86f4124d-e6a1-471b-ad8e-d8a8b3d7e664,
Billed Duration for Request 86f4124d-e6a1-471b-ad8e-d8a8b3d7e664: 614 ms
Input: 5000000,
Cold Start: true
Unique ID: 7d1c1b93-dd51-47e9-82bc-6f8ca42ba262,
Billed Duration for Request 7d1c1b93-dd51-47e9-82bc-6f8ca42ba262: 579 ms
Input: 5000000,
Cold Start: true
Unique ID: 661d933c-e919-4dc1-af9e-6125c083c985,
Billed Duration for Request 661d933c-e919-4dc1-af9e-6125c083c985: 556 ms
Input: 5000000,
Cold Start: false
Unique ID: c39352bf-f97a-4db0-99b2-a0093da16c77,
Billed Duration for Request c39352bf-f97a-4db0-99b2-a0093da16c77: 555 ms
Input: 5000000,
Cold Start: false
Unique ID: 5359a9e8-c043-4331-b31a-cc001b5389f8,
Billed Duration for Request 5359a9e8-c043-4331-b31a-cc001b5389f8: 560 ms
Input: 5000000,
Cold Start: false
Unique ID: c000375e-1579-4e98-a266-752260e0998e,
Billed Duration for Request c000375e-1579-4e98-a266-752260e0998e: 553 ms
Input: 5000000,
Cold Start: false
Unique ID: aa257a6b-cff5-428b-8f11-32369d6192e7,
Billed Duration for Request aa257a6b-cff5-428b-8f11-32369d6192e7: 550 ms
Input: 5000000,
Cold Start: false
Unique ID: 7486f065-6ba8-4118-ba4a-567647b01e7f,
Billed Duration for Request 7486f065-6ba8-4118-ba4a-567647b01e7f: 522 ms
Input: 5000000,
Cold Start: false
Unique ID: 82d30462-cf2e-402d-88b1-05367383c8f3,
Billed Duration for Request 82d30462-cf2e-402d-88b1-05367383c8f3: 546 ms
Input: 5000000,
Cold Start: false
Unique ID: 7cb9988d-4bcf-476f-8bd1-19721ed09b42,
Billed Duration for Request 7cb9988d-4bcf-476f-8bd1-19721ed09b42: 533 ms
Input: 5000000,
Cold Start: false
Unique ID: 28815f8a-2a34-4d1c-84d0-15a4e1f388ed,
Billed Duration for Request 28815f8a-2a34-4d1c-84d0-15a4e1f388ed: 543 ms
Input: 5000000,
Cold Start: false
Unique ID: f23327ae-1c08-4d09-b0fe-7576cda41044,
Billed Duration for Request f23327ae-1c08-4d09-b0fe-7576cda41044: 544 ms
Input: 5000000,
Cold Start: false
Unique ID: 483c5522-b217-4189-af8f-441e5a7ddf41,
Billed Duration for Request 483c5522-b217-4189-af8f-441e5a7ddf41: 535 ms
Input: 5000000,
Cold Start: false
Unique ID: 4776dba2-bc87-44f6-a7f1-99c4d07736b8,
Billed Duration for Request 4776dba2-bc87-44f6-a7f1-99c4d07736b8: 545 ms
Input: 5000000,
Cold Start: false
Unique ID: 3e0f92b1-30bc-4a9d-9eb3-e8f58bdcd464,
Billed Duration for Request 3e0f92b1-30bc-4a9d-9eb3-e8f58bdcd464: 541 ms
Input: 5000000,
Cold Start: false
Unique ID: d5f1aebd-51ef-4d2d-bae8-542ec31ed869,
Billed Duration for Request d5f1aebd-51ef-4d2d-bae8-542ec31ed869: 538 ms
Input: 5000000,
Cold Start: false
Unique ID: 4cc03fe2-f972-4e49-a98b-8ad0fcc13336,
Billed Duration for Request 4cc03fe2-f972-4e49-a98b-8ad0fcc13336: 529 ms
Input: 5000000,
Cold Start: false
Unique ID: 1597dbb4-4712-42ea-84a5-3524c3edca75,
Billed Duration for Request 1597dbb4-4712-42ea-84a5-3524c3edca75: 513 ms
Input: 5000000,
Cold Start: false
Unique ID: 2f4dcb92-99cb-4349-ac79-a798c92f9961,
Billed Duration for Request 2f4dcb92-99cb-4349-ac79-a798c92f9961: 541 ms
Input: 5000000,
Cold Start: false
Unique ID: 4e94f645-ff47-4296-9385-a44bb54f77ac,
Billed Duration for Request 4e94f645-ff47-4296-9385-a44bb54f77ac: 537 ms
Input: 5000000,
Cold Start: false
Unique ID: 0fadb9b3-df10-425e-8e78-73c29e6d46f7,
Billed Duration for Request 0fadb9b3-df10-425e-8e78-73c29e6d46f7: 529 ms
Input: 5000000,
Cold Start: false
Unique ID: 819f8bda-1fe7-4b7a-a058-210b1d644306,
Billed Duration for Request 819f8bda-1fe7-4b7a-a058-210b1d644306: 548 ms
Input: 5000000,
Cold Start: false
Unique ID: d7d9d1ed-dc8d-4b7c-ad2a-e6c900d55f01,
Billed Duration for Request d7d9d1ed-dc8d-4b7c-ad2a-e6c900d55f01: 522 ms
Input: 5000000,
Cold Start: false
Unique ID: 80a77315-7ffc-4f23-b975-1dcb7d052442,
Billed Duration for Request 80a77315-7ffc-4f23-b975-1dcb7d052442: 535 ms
Input: 5000000,
Cold Start: false
Unique ID: 3da9ed1a-4d52-4639-882f-975f7ae2b443,
Billed Duration for Request 3da9ed1a-4d52-4639-882f-975f7ae2b443: 537 ms
Input: 5000000,
Cold Start: false
Unique ID: a97560ef-4255-4f55-9a9f-b368276bb2d5,
Billed Duration for Request a97560ef-4255-4f55-9a9f-b368276bb2d5: 542 ms
Input: 5000000,
Cold Start: false
Unique ID: 9a260b61-8183-4a60-9b13-be01853f959b,
Billed Duration for Request 9a260b61-8183-4a60-9b13-be01853f959b: 513 ms
Input: 5000000,
Cold Start: false
Unique ID: 5418082a-f18a-4347-a214-1b94c5ffa5a8,
Billed Duration for Request 5418082a-f18a-4347-a214-1b94c5ffa5a8: 513 ms
Input: 5000000,
Cold Start: false
Unique ID: 51f0e7f7-286e-4ecc-a8c0-682f4b97e47c,
Billed Duration for Request 51f0e7f7-286e-4ecc-a8c0-682f4b97e47c: 534 ms
Input: 5000000,
Cold Start: false
Unique ID: 8063950b-1ba7-4141-a305-cdfcbef769a3,
Billed Duration for Request 8063950b-1ba7-4141-a305-cdfcbef769a3: 541 ms
Input: 5000000,
Cold Start: false
Unique ID: 5220c377-b415-43bb-abc9-429d62e9f44a,
Billed Duration for Request 5220c377-b415-43bb-abc9-429d62e9f44a: 548 ms
Input: 5000000,
Cold Start: false
Unique ID: 0d6ba378-a18a-4f71-ac4c-5a5e11244edd,
Billed Duration for Request 0d6ba378-a18a-4f71-ac4c-5a5e11244edd: 533 ms
Input: 5000000,
Cold Start: false
Unique ID: 1b7eaa18-d707-4c21-9116-7feebac86c0c,
Billed Duration for Request 1b7eaa18-d707-4c21-9116-7feebac86c0c: 535 ms
Input: 5000000,
Cold Start: false
Unique ID: 956780dc-137b-4425-94cc-bdded01835cc,
Billed Duration for Request 956780dc-137b-4425-94cc-bdded01835cc: 541 ms
Input: 5000000,
Cold Start: false
Unique ID: 48429ef2-22e5-4d37-8d13-73955d17ccd2,
Billed Duration for Request 48429ef2-22e5-4d37-8d13-73955d17ccd2: 541 ms
Input: 5000000,
Cold Start: false
Unique ID: 5e0e828f-ea41-4efd-94c1-18f284cbe31d,
Billed Duration for Request 5e0e828f-ea41-4efd-94c1-18f284cbe31d: 546 ms
Input: 5000000,
Cold Start: false
Unique ID: 8f72463c-14ae-468c-8517-d579cc93a088,
Billed Duration for Request 8f72463c-14ae-468c-8517-d579cc93a088: 536 ms
Input: 5000000,
Cold Start: false
Unique ID: fa153b9d-2f88-4b92-896d-daff3db90511,
Billed Duration for Request fa153b9d-2f88-4b92-896d-daff3db90511: 532 ms
Input: 5000000,
Cold Start: false
Unique ID: 31e696b0-4e3f-4846-b332-5a40b6068418,
Billed Duration for Request 31e696b0-4e3f-4846-b332-5a40b6068418: 541 ms
Input: 5000000,
Cold Start: false
Unique ID: a339e1f7-4297-4b02-ba9c-45ff4d1c856e,
Billed Duration for Request a339e1f7-4297-4b02-ba9c-45ff4d1c856e: 526 ms
Input: 5000000,
Cold Start: false
Unique ID: 864191d4-e1e0-4f7b-ac25-cfd6fd92b107,
Billed Duration for Request 864191d4-e1e0-4f7b-ac25-cfd6fd92b107: 549 ms
Input: 5000000,
Cold Start: false
Unique ID: ce7a7619-64b6-4b8c-b6fe-c469be45c594,
Billed Duration for Request ce7a7619-64b6-4b8c-b6fe-c469be45c594: 532 ms
Input: 5000000,
Cold Start: false
Unique ID: 0e5dea8c-128f-4ea4-a313-8a3b7880be79,
Billed Duration for Request 0e5dea8c-128f-4ea4-a313-8a3b7880be79: 539 ms
Input: 5000000,
Cold Start: false
Unique ID: 3b9c3b4c-c4c8-4e42-b939-66648e2ed9d8,
Billed Duration for Request 3b9c3b4c-c4c8-4e42-b939-66648e2ed9d8: 538 ms
Input: 5000000,
Cold Start: false
Unique ID: 981e19a6-d8ae-4bc7-b84b-8eae96f83ffd,
Billed Duration for Request 981e19a6-d8ae-4bc7-b84b-8eae96f83ffd: 537 ms
Input: 5000000,
Cold Start: false
Unique ID: 9d75b380-ede2-411d-accb-4a4242a31efd,
Billed Duration for Request 9d75b380-ede2-411d-accb-4a4242a31efd: 536 ms
Input: 5000000,
Cold Start: false
Unique ID: fd19bea2-1398-43ca-8333-0dfe1f477bde,
Billed Duration for Request fd19bea2-1398-43ca-8333-0dfe1f477bde: 528 ms
Input: 5000000,
Cold Start: false
Unique ID: 904bc549-77b2-478f-a56c-b0531e0cf087,
Billed Duration for Request 904bc549-77b2-478f-a56c-b0531e0cf087: 532 ms
Input: 5000000,
Cold Start: false
Unique ID: 2c9ea12e-4356-46d9-8498-bff2605d59c1,
Billed Duration for Request 2c9ea12e-4356-46d9-8498-bff2605d59c1: 540 ms
Input: 5000000,
Cold Start: false
Unique ID: 8152c935-351e-43d4-bb0f-50bbba76d0ba,
Billed Duration for Request 8152c935-351e-43d4-bb0f-50bbba76d0ba: 535 ms
Input: 5000000,
Cold Start: false
Unique ID: 80ace13d-0cda-4977-ae69-b24f74fb0ec2,
Billed Duration for Request 80ace13d-0cda-4977-ae69-b24f74fb0ec2: 547 ms
Input: 5000000,
Cold Start: false
Unique ID: c41b8925-48f8-45d9-bc4e-97fd314ba8b6,
Billed Duration for Request c41b8925-48f8-45d9-bc4e-97fd314ba8b6: 529 ms
Input: 5000000,
Cold Start: false
Unique ID: 74fdc30d-0f76-431e-b1e0-79d63caad9c5,
Billed Duration for Request 74fdc30d-0f76-431e-b1e0-79d63caad9c5: 541 ms
Input: 5000000,
Cold Start: false
Unique ID: 6181dd2d-0a90-4726-abc8-dea70c7342d1,
Billed Duration for Request 6181dd2d-0a90-4726-abc8-dea70c7342d1: 545 ms
Input: 5000000,
Cold Start: false
Unique ID: 70a1253f-f575-4ea7-9da7-7f98e21318f2,
Billed Duration for Request 70a1253f-f575-4ea7-9da7-7f98e21318f2: 534 ms
Input: 5000000,
Cold Start: false
Unique ID: 5b0b004a-684e-44b1-af5c-31181ca653fd,
Billed Duration for Request 5b0b004a-684e-44b1-af5c-31181ca653fd: 534 ms
Input: 5000000,
Cold Start: false
Unique ID: a7059680-d748-4452-801b-fa8de2a0d84f,
Billed Duration for Request a7059680-d748-4452-801b-fa8de2a0d84f: 523 ms
Input: 5000000,
Cold Start: false
Unique ID: 7ba4e8f6-f20a-45ba-838f-5b155ed7af12,
Billed Duration for Request 7ba4e8f6-f20a-45ba-838f-5b155ed7af12: 542 ms
Input: 5000000,
Cold Start: false
Unique ID: 1166d68a-8053-499c-a0cc-854d112f9b11,
Billed Duration for Request 1166d68a-8053-499c-a0cc-854d112f9b11: 538 ms
Input: 5000000,
Cold Start: false
Unique ID: 7ab028c0-cd78-4cc5-9af3-adee299a137c,
Billed Duration for Request 7ab028c0-cd78-4cc5-9af3-adee299a137c: 540 ms
Input: 5000000,
Cold Start: false
Unique ID: 43eb7569-32e2-4a73-9f20-3b827f9929e8,
Billed Duration for Request 43eb7569-32e2-4a73-9f20-3b827f9929e8: 546 ms
Input: 5000000,
Cold Start: false
Unique ID: 92ec98b2-05b2-4689-bb42-84bf3f859364,
Billed Duration for Request 92ec98b2-05b2-4689-bb42-84bf3f859364: 528 ms
Input: 5000000,
Cold Start: false
Unique ID: c81adf5c-77ad-43ae-89f7-557cbb258e42,
Billed Duration for Request c81adf5c-77ad-43ae-89f7-557cbb258e42: 535 ms
Input: 5000000,
Cold Start: false
Unique ID: 56558778-f538-4eab-b547-d6caf63c971a,
Billed Duration for Request 56558778-f538-4eab-b547-d6caf63c971a: 546 ms
Input: 5000000,
Cold Start: false
Unique ID: 63b1b838-26cc-4a42-b82e-6b2ab6c9ecfc,
Billed Duration for Request 63b1b838-26cc-4a42-b82e-6b2ab6c9ecfc: 540 ms
Input: 5000000,
Cold Start: false
Unique ID: e698f40f-acfc-4c7d-af9e-4639337124e4,
Billed Duration for Request e698f40f-acfc-4c7d-af9e-4639337124e4: 538 ms
Input: 5000000,
Cold Start: false
Unique ID: 9fa86589-b73c-4044-887d-8ea37b899a3e,
Billed Duration for Request 9fa86589-b73c-4044-887d-8ea37b899a3e: 530 ms
Input: 5000000,
Cold Start: false
Unique ID: 9a71e7b9-73be-42f4-b2ce-9759d6d58046,
Billed Duration for Request 9a71e7b9-73be-42f4-b2ce-9759d6d58046: 511 ms
Input: 5000000,
Cold Start: false
Unique ID: 3ebe9710-9b6d-4e10-9659-33ea49005c82,
Billed Duration for Request 3ebe9710-9b6d-4e10-9659-33ea49005c82: 539 ms
Input: 5000000,
Cold Start: false
Unique ID: 68d00ba3-549a-4478-891f-9c57e497b157,
Billed Duration for Request 68d00ba3-549a-4478-891f-9c57e497b157: 527 ms
Input: 5000000,
Cold Start: false
Unique ID: b41c91c9-32c5-4e41-bfc1-8219990e1755,
Billed Duration for Request b41c91c9-32c5-4e41-bfc1-8219990e1755: 527 ms
Input: 5000000,
Cold Start: false
Unique ID: 2cb81541-f445-4447-a3d5-4c9d6728ba8b,
Billed Duration for Request 2cb81541-f445-4447-a3d5-4c9d6728ba8b: 513 ms
Input: 5000000,
Cold Start: false
Unique ID: 10e4115a-896d-486b-88be-99225e93bf98,
Billed Duration for Request 10e4115a-896d-486b-88be-99225e93bf98: 518 ms
Input: 5000000,
Cold Start: false
Unique ID: a1cb2aca-3c34-44fc-9aa7-f7a01019f0f9,
Billed Duration for Request a1cb2aca-3c34-44fc-9aa7-f7a01019f0f9: 532 ms
Input: 5000000,
Cold Start: false
Unique ID: be8a7806-b98c-4b69-acb3-3ddf719d36b1,
Billed Duration for Request be8a7806-b98c-4b69-acb3-3ddf719d36b1: 520 ms
Input: 5000000,
Cold Start: false
Unique ID: 0e732cd8-79e6-46f7-bcd9-81fbaaf72661,
Billed Duration for Request 0e732cd8-79e6-46f7-bcd9-81fbaaf72661: 519 ms
Input: 5000000,
Cold Start: false
Unique ID: df9238ca-3cac-4c0f-bb55-59c456a28521,
Billed Duration for Request df9238ca-3cac-4c0f-bb55-59c456a28521: 511 ms
Input: 5000000,
Cold Start: false
Unique ID: 9dd0a13c-63e7-448a-80b2-9424c48c52d7,
Billed Duration for Request 9dd0a13c-63e7-448a-80b2-9424c48c52d7: 514 ms
Input: 5000000,
Cold Start: false
Unique ID: b80d0ff8-d84e-474a-ae70-c595924208e2,
Billed Duration for Request b80d0ff8-d84e-474a-ae70-c595924208e2: 521 ms
Input: 5000000,
Cold Start: false
Unique ID: 01181921-de15-49a6-853f-66914a4e5326,
Billed Duration for Request 01181921-de15-49a6-853f-66914a4e5326: 521 ms
Input: 5000000,
Cold Start: false
Unique ID: 35e973ff-8855-436d-a7c5-33d4b5413a34,
Billed Duration for Request 35e973ff-8855-436d-a7c5-33d4b5413a34: 526 ms
Input: 5000000,
Cold Start: false
Unique ID: 365c1681-5137-42da-9432-c5b30180b30c,
Billed Duration for Request 365c1681-5137-42da-9432-c5b30180b30c: 513 ms
Input: 5000000,
Cold Start: false
Unique ID: 80bd8ebd-5edb-431f-bcd7-c8299de509a8,
Billed Duration for Request 80bd8ebd-5edb-431f-bcd7-c8299de509a8: 527 ms
Input: 5000000,
Cold Start: false
Unique ID: 108c2364-5ab6-43c0-93d3-1a8bafb5c9fe,
Billed Duration for Request 108c2364-5ab6-43c0-93d3-1a8bafb5c9fe: 531 ms
Input: 5000000,
Cold Start: false
Unique ID: bee68b27-af35-4807-8eb9-24703533a1b2,
Billed Duration for Request bee68b27-af35-4807-8eb9-24703533a1b2: 529 ms
Input: 5000000,
Cold Start: false
Unique ID: bf7d46a0-4e01-43c8-bb48-77d94c667b7a,
Billed Duration for Request bf7d46a0-4e01-43c8-bb48-77d94c667b7a: 528 ms
Input: 5000000,
Cold Start: false
Unique ID: 724a78f0-a45c-4093-872f-98dab83ff602,
Billed Duration for Request 724a78f0-a45c-4093-872f-98dab83ff602: 524 ms
Input: 5000000,
Cold Start: false
Unique ID: e5549709-6a80-4fcb-b501-d4ccd3869f5c,
Billed Duration for Request e5549709-6a80-4fcb-b501-d4ccd3869f5c: 513 ms
Input: 5000000,
Cold Start: false
Unique ID: 4ab07a8d-2048-493b-90de-8d1cdfba9fa7,
Billed Duration for Request 4ab07a8d-2048-493b-90de-8d1cdfba9fa7: 526 ms
Input: 5000000,
Cold Start: false
Unique ID: 39265ba5-d111-4d37-8e05-4ec9c2eb5b79,
Billed Duration for Request 39265ba5-d111-4d37-8e05-4ec9c2eb5b79: 527 ms
Input: 5000000,
Cold Start: false
Unique ID: 10898fac-5c45-425b-a018-e85a44ee80f5,
Billed Duration for Request 10898fac-5c45-425b-a018-e85a44ee80f5: 539 ms
Input: 5000000,
Cold Start: false
Unique ID: dc799ba4-792e-41db-973d-b80d33e4b9ef,
Billed Duration for Request dc799ba4-792e-41db-973d-b80d33e4b9ef: 522 ms
Input: 5000000,
Cold Start: false
Unique ID: 6335ddfe-9ac9-4d23-a55d-d666fa4c94fd,
Billed Duration for Request 6335ddfe-9ac9-4d23-a55d-d666fa4c94fd: 530 ms
Input: 5000000,
Cold Start: false
Unique ID: e8dc80a4-5aa3-4ad8-82a7-ce60500452e4,
Billed Duration for Request e8dc80a4-5aa3-4ad8-82a7-ce60500452e4: 532 ms
Input: 5000000,
Cold Start: false
Unique ID: 877c8005-c954-48e8-8608-00ada88d4253,
Billed Duration for Request 877c8005-c954-48e8-8608-00ada88d4253: 519 ms
Input: 5000000,
Cold Start: false
Unique ID: 58eb4c3a-9ab9-475c-af41-486b417b6b8d,
Billed Duration for Request 58eb4c3a-9ab9-475c-af41-486b417b6b8d: 517 ms
Input: 5000000,
Cold Start: false
Unique ID: 3d09a931-dd0d-4b50-a145-82b4ca3ce07c,
Billed Duration for Request 3d09a931-dd0d-4b50-a145-82b4ca3ce07c: 512 ms
Input: 5000000,
Cold Start: false
Unique ID: 5539bb56-7de1-4084-8d7c-a7338a14405b,
Billed Duration for Request 5539bb56-7de1-4084-8d7c-a7338a14405b: 518 ms
Input: 5000000,
Cold Start: false
Unique ID: 57a0392d-e7e5-49b4-b69f-71ef3be5ce5b,
Billed Duration for Request 57a0392d-e7e5-49b4-b69f-71ef3be5ce5b: 513 ms
Input: 5000000,
Cold Start: false
Unique ID: 9a3ea6cd-3ae6-4ad3-8259-c68062d811ae,
Billed Duration for Request 9a3ea6cd-3ae6-4ad3-8259-c68062d811ae: 508 ms
Input: 5000000,
Cold Start: false
Unique ID: 6556ee9d-cc78-4f8d-a1e1-44382caa0548,
Billed Duration for Request 6556ee9d-cc78-4f8d-a1e1-44382caa0548: 530 ms
Input: 5000000,
Cold Start: false
Unique ID: 1363cae6-a3ce-46c5-b762-d7beb8c61be6,
Billed Duration for Request 1363cae6-a3ce-46c5-b762-d7beb8c61be6: 516 ms
Input: 5000000,
Cold Start: false
Unique ID: 955df2d3-251d-46b1-997a-9aee7b7bcf1c,
Billed Duration for Request 955df2d3-251d-46b1-997a-9aee7b7bcf1c: 515 ms
Input: 5000000,
Cold Start: false
Unique ID: 4ffad5b7-0ca8-46d5-bc3e-a2933c4daf17,
Billed Duration for Request 4ffad5b7-0ca8-46d5-bc3e-a2933c4daf17: 515 ms
Input: 5000000,
Cold Start: false
Unique ID: 29a8ac2d-0e29-43f1-8d65-ef88156050f4,
Billed Duration for Request 29a8ac2d-0e29-43f1-8d65-ef88156050f4: 513 ms
Input: 5000000,
Cold Start: false
Unique ID: e7a6d32e-9b5e-42e1-a00f-53b3eed649b9,
Billed Duration for Request e7a6d32e-9b5e-42e1-a00f-53b3eed649b9: 520 ms
Input: 5000000,
Cold Start: false
Unique ID: 7c74423f-cf6f-49e5-b6d0-9dd51060c74d,
Billed Duration for Request 7c74423f-cf6f-49e5-b6d0-9dd51060c74d: 528 ms
Input: 5000000,
Cold Start: false
Unique ID: fa4a75ef-5ddf-43c3-9f95-f8dc3c55367f,
Billed Duration for Request fa4a75ef-5ddf-43c3-9f95-f8dc3c55367f: 511 ms
Input: 5000000,
Cold Start: false
Unique ID: a1548b25-dcdd-4c49-aaf6-8d45ed2a96cc,
Billed Duration for Request a1548b25-dcdd-4c49-aaf6-8d45ed2a96cc: 516 ms
Input: 5000000,
Cold Start: false
Unique ID: 6141ecb4-07dd-447c-ad1b-5513acebb325,
Billed Duration for Request 6141ecb4-07dd-447c-ad1b-5513acebb325: 541 ms
Input: 5000000,
Cold Start: false
Unique ID: bea47fdf-c7d5-4373-bf84-90a0e1b7466d,
Billed Duration for Request bea47fdf-c7d5-4373-bf84-90a0e1b7466d: 513 ms
Input: 5000000,
Cold Start: false
Unique ID: ad7ed0b8-9946-49b3-b2aa-681fd5e760a1,
Billed Duration for Request ad7ed0b8-9946-49b3-b2aa-681fd5e760a1: 518 ms
Input: 5000000,
Cold Start: false
Unique ID: a15f2df0-4579-4956-a7f2-5fbc2478f091,
Billed Duration for Request a15f2df0-4579-4956-a7f2-5fbc2478f091: 517 ms
Input: 5000000,
Cold Start: false
Unique ID: 786983be-25f0-438d-9e73-ffa8ab43b331,
Billed Duration for Request 786983be-25f0-438d-9e73-ffa8ab43b331: 530 ms
Input: 5000000,
Cold Start: false
Unique ID: d1b9cdcb-7b24-4afa-aaea-2e96329c2542,
Billed Duration for Request d1b9cdcb-7b24-4afa-aaea-2e96329c2542: 518 ms
Input: 5000000,
Cold Start: false
Unique ID: 72b71bcc-1f24-4051-884f-a8d6b79dd337,
Billed Duration for Request 72b71bcc-1f24-4051-884f-a8d6b79dd337: 519 ms
Input: 5000000,
Cold Start: false
Unique ID: 00dbbab8-9f2b-435c-aa38-8ad599e062e7,
Billed Duration for Request 00dbbab8-9f2b-435c-aa38-8ad599e062e7: 522 ms
Input: 5000000,
Cold Start: false
Unique ID: dbfbc771-9631-4626-935e-e6e9d7379c4c,
Billed Duration for Request dbfbc771-9631-4626-935e-e6e9d7379c4c: 515 ms
Input: 5000000,
Cold Start: false
Unique ID: b6b318b5-7750-4558-946b-7d512d02ff32,
Billed Duration for Request b6b318b5-7750-4558-946b-7d512d02ff32: 515 ms
Input: 5000000,
Cold Start: false
Unique ID: e3fdf96a-934b-4cc1-9424-a9deba13dbce,
Billed Duration for Request e3fdf96a-934b-4cc1-9424-a9deba13dbce: 519 ms
Input: 5000000,
Cold Start: false
Unique ID: 331de686-3318-4b98-b584-5e2303b10942,
Billed Duration for Request 331de686-3318-4b98-b584-5e2303b10942: 525 ms
Input: 5000000,
Cold Start: false
Unique ID: f53d6f8c-9d03-4b56-9a6f-14dfe9a812af,
Billed Duration for Request f53d6f8c-9d03-4b56-9a6f-14dfe9a812af: 517 ms
Input: 5000000,
Cold Start: false
Unique ID: b0b26a9b-088e-41e7-b8f1-e3d6563d1551,
Billed Duration for Request b0b26a9b-088e-41e7-b8f1-e3d6563d1551: 512 ms
Input: 5000000,
Cold Start: false
Unique ID: af9a7daf-014f-4852-a2f3-6660568323d3,
Billed Duration for Request af9a7daf-014f-4852-a2f3-6660568323d3: 539 ms
Input: 5000000,
Cold Start: false
Unique ID: d7628084-016c-4f14-ad59-5e11b3c256b8,
Billed Duration for Request d7628084-016c-4f14-ad59-5e11b3c256b8: 521 ms
Input: 5000000,
Cold Start: false
Unique ID: a13dc31d-a3b1-4671-8898-39add55b6a55,
Billed Duration for Request a13dc31d-a3b1-4671-8898-39add55b6a55: 517 ms
Input: 5000000,
Cold Start: false
Unique ID: 1d335cba-9aa3-4107-95f2-8d1937f77cb4,
Billed Duration for Request 1d335cba-9aa3-4107-95f2-8d1937f77cb4: 511 ms
Input: 5000000,
Cold Start: false
Unique ID: 8683b7bf-ef6a-4318-8c56-f21e7987c619,
Billed Duration for Request 8683b7bf-ef6a-4318-8c56-f21e7987c619: 513 ms
Input: 5000000,
Cold Start: false
Unique ID: 63b4ef05-58f4-4983-8805-c35464a286e5,
Billed Duration for Request 63b4ef05-58f4-4983-8805-c35464a286e5: 522 ms
Input: 5000000,
Cold Start: false
Unique ID: 8bce007b-dc8c-415f-b9da-05c462fd79fd,
Billed Duration for Request 8bce007b-dc8c-415f-b9da-05c462fd79fd: 516 ms
Input: 5000000,
Cold Start: false
Unique ID: 8d9a7d59-06e6-4e71-98d8-0a3253ad1e3d,
Billed Duration for Request 8d9a7d59-06e6-4e71-98d8-0a3253ad1e3d: 527 ms
Input: 5000000,
Cold Start: false
Unique ID: 0ff7aa97-e870-4876-b1b4-9665d053c961,
Billed Duration for Request 0ff7aa97-e870-4876-b1b4-9665d053c961: 516 ms
Input: 5000000,
Cold Start: false
Unique ID: ceef53dd-b30c-4e0f-81eb-43b82f2650ed,
Billed Duration for Request ceef53dd-b30c-4e0f-81eb-43b82f2650ed: 514 ms
Input: 5000000,
Cold Start: false
Unique ID: ae4967a8-8835-4b45-a470-07ad085f38fc,
Billed Duration for Request ae4967a8-8835-4b45-a470-07ad085f38fc: 544 ms
Input: 5000000,
Cold Start: false
Unique ID: 1515adec-6f15-4b9f-9ac8-c6860ebf0fa4,
Billed Duration for Request 1515adec-6f15-4b9f-9ac8-c6860ebf0fa4: 513 ms
Input: 5000000,
Cold Start: false
Unique ID: efd06252-5318-4a03-8f59-db7c2c0753b2,
Billed Duration for Request efd06252-5318-4a03-8f59-db7c2c0753b2: 518 ms
Input: 5000000,
Cold Start: false
Unique ID: a23aeb18-5160-49dc-ad71-b5612596ae63,
Billed Duration for Request a23aeb18-5160-49dc-ad71-b5612596ae63: 512 ms
Input: 5000000,
Cold Start: false
Unique ID: b7a15916-ab4f-40da-9137-5028f172030a,
Billed Duration for Request b7a15916-ab4f-40da-9137-5028f172030a: 512 ms
Input: 5000000,
Cold Start: false
Unique ID: 571b7087-a579-4ff6-9c3c-82a313a77954,
Billed Duration for Request 571b7087-a579-4ff6-9c3c-82a313a77954: 522 ms
Input: 5000000,
Cold Start: false
Unique ID: f7d98835-6746-4e28-95f2-d5f4cad9624c,
Billed Duration for Request f7d98835-6746-4e28-95f2-d5f4cad9624c: 542 ms
Input: 5000000,
Cold Start: false
Unique ID: 1fea739d-f68a-4d78-a490-492ab655f6f3,
Billed Duration for Request 1fea739d-f68a-4d78-a490-492ab655f6f3: 525 ms
Input: 5000000,
Cold Start: false
Unique ID: 12538e3c-5740-498b-85b4-bc9c7a1550f2,
Billed Duration for Request 12538e3c-5740-498b-85b4-bc9c7a1550f2: 512 ms
Input: 5000000,
Cold Start: false
Unique ID: 704e6784-97c7-43a2-bd42-c227f8540ec7,
Billed Duration for Request 704e6784-97c7-43a2-bd42-c227f8540ec7: 513 ms
Input: 5000000,
Cold Start: false
Unique ID: 40ca0349-5390-4553-8e17-7ab9fdf77790,
Billed Duration for Request 40ca0349-5390-4553-8e17-7ab9fdf77790: 530 ms
Input: 5000000,
Cold Start: false
Unique ID: 498f83f5-4fb0-49f9-b836-076e82bee046,
Billed Duration for Request 498f83f5-4fb0-49f9-b836-076e82bee046: 522 ms
Input: 5000000,
Cold Start: false
Unique ID: 9f6e2897-58e6-4888-8f8e-9780f78653a8,
Billed Duration for Request 9f6e2897-58e6-4888-8f8e-9780f78653a8: 521 ms
Input: 5000000,
Cold Start: false
Unique ID: 19853903-188a-4b1b-b258-8f731bb494af,
Billed Duration for Request 19853903-188a-4b1b-b258-8f731bb494af: 511 ms
Input: 5000000,
Cold Start: false
Unique ID: f205f282-d97a-4af5-a17d-a4cd1a616c69,
Billed Duration for Request f205f282-d97a-4af5-a17d-a4cd1a616c69: 515 ms
Input: 5000000,
Cold Start: false
Unique ID: 42becf91-cf26-4aa1-a4a1-5d3c92e6d746,
Billed Duration for Request 42becf91-cf26-4aa1-a4a1-5d3c92e6d746: 540 ms
Input: 5000000,
Cold Start: false
Unique ID: 89e52614-d15e-4e22-abba-a93ead40e10a,
Billed Duration for Request 89e52614-d15e-4e22-abba-a93ead40e10a: 521 ms
Input: 5000000,
Cold Start: false
Unique ID: c3dafa1c-4523-4314-a55f-d1ba674978bb,
Billed Duration for Request c3dafa1c-4523-4314-a55f-d1ba674978bb: 531 ms
Input: 5000000,
Cold Start: false
Unique ID: d40074ba-67bf-45d1-8603-ece504b2d555,
Billed Duration for Request d40074ba-67bf-45d1-8603-ece504b2d555: 513 ms
Input: 5000000,
Cold Start: false
Unique ID: cd2b1913-b36a-46bb-ac9b-3b3ced46952a,
Billed Duration for Request cd2b1913-b36a-46bb-ac9b-3b3ced46952a: 518 ms
Input: 5000000,
Cold Start: false
Unique ID: 205d8125-077a-4a43-a0fd-d2c991c89adf,
Billed Duration for Request 205d8125-077a-4a43-a0fd-d2c991c89adf: 531 ms
Input: 5000000,
Cold Start: false
Unique ID: d8c95985-a77a-4bd5-8546-7d5f81e353ca,
Billed Duration for Request d8c95985-a77a-4bd5-8546-7d5f81e353ca: 517 ms
Input: 5000000,
Cold Start: false
Unique ID: df4c2664-b8ea-48fe-9a27-f6471fd13c39,
Billed Duration for Request df4c2664-b8ea-48fe-9a27-f6471fd13c39: 516 ms
Input: 5000000,
Cold Start: false
Unique ID: eb7bc0b6-7d60-49af-a5ad-0cd32abd05c7,
Billed Duration for Request eb7bc0b6-7d60-49af-a5ad-0cd32abd05c7: 532 ms
Input: 5000000,
Cold Start: false
Unique ID: 194f5641-8dbd-4866-8953-c8432d12e94b,
Billed Duration for Request 194f5641-8dbd-4866-8953-c8432d12e94b: 519 ms
Input: 5000000,
Cold Start: false
Unique ID: 6e04b683-cd0d-48ee-9c2d-cca9e22aba82,
Billed Duration for Request 6e04b683-cd0d-48ee-9c2d-cca9e22aba82: 509 ms
Input: 5000000,
Cold Start: false
Unique ID: a2e22f9f-c887-49b0-92cb-5007d7d2543e,
Billed Duration for Request a2e22f9f-c887-49b0-92cb-5007d7d2543e: 526 ms
Input: 5000000,
Cold Start: false
Unique ID: ff032012-302b-4569-b002-a86907c7044e,
Billed Duration for Request ff032012-302b-4569-b002-a86907c7044e: 539 ms
Input: 5000000,
Cold Start: false
Unique ID: 3c518553-861f-4e89-9c8e-96a9db4dd66d,
Billed Duration for Request 3c518553-861f-4e89-9c8e-96a9db4dd66d: 511 ms
Input: 5000000,
Cold Start: false
Unique ID: a0640425-1876-44a2-8484-aa5b17aef9c0,
Billed Duration for Request a0640425-1876-44a2-8484-aa5b17aef9c0: 513 ms
Input: 5000000,
Cold Start: false
Unique ID: 84810310-0a84-4120-85ba-fd5e12d5d34e,
Billed Duration for Request 84810310-0a84-4120-85ba-fd5e12d5d34e: 530 ms
Input: 5000000,
Cold Start: false
Unique ID: a6b060d4-ade3-46e0-b7ba-79524088de15,
Billed Duration for Request a6b060d4-ade3-46e0-b7ba-79524088de15: 520 ms
Input: 5000000,
Cold Start: false
Unique ID: 94ba200e-0c37-4ad1-85b6-779924d6a5b4,
Billed Duration for Request 94ba200e-0c37-4ad1-85b6-779924d6a5b4: 516 ms
Input: 5000000,
Cold Start: false
Unique ID: fa18d99e-e7c5-4108-be45-ffef6c11c17f,
Billed Duration for Request fa18d99e-e7c5-4108-be45-ffef6c11c17f: 515 ms
Input: 5000000,
Cold Start: false
Unique ID: b5e42747-390f-4976-9ff0-f437e1c4bb40,
Billed Duration for Request b5e42747-390f-4976-9ff0-f437e1c4bb40: 513 ms
Input: 5000000,
Cold Start: false
Unique ID: a4de5ddd-0bf5-4e9d-a8ad-f3c7681a038a,
Billed Duration for Request a4de5ddd-0bf5-4e9d-a8ad-f3c7681a038a: 525 ms
Input: 5000000,
Cold Start: false
Unique ID: c00098fc-3236-4920-8559-4cbcf5cc980e,
Billed Duration for Request c00098fc-3236-4920-8559-4cbcf5cc980e: 514 ms
Input: 5000000,
Cold Start: false
Unique ID: a7a08acf-8b8c-4454-b283-b84b7408eefb,
Billed Duration for Request a7a08acf-8b8c-4454-b283-b84b7408eefb: 535 ms
Input: 5000000,
Cold Start: false
Unique ID: 0b5bb451-b8af-40bb-b3e8-aaaa5e51c7ab,
Billed Duration for Request 0b5bb451-b8af-40bb-b3e8-aaaa5e51c7ab: 511 ms
Input: 5000000,
Cold Start: false
Unique ID: 112a03b9-9555-4f66-aa70-461f3d738f79,
Billed Duration for Request 112a03b9-9555-4f66-aa70-461f3d738f79: 513 ms
Input: 5000000,
Cold Start: false
Unique ID: ede88732-8c8a-4482-bb72-1f66eb816345,
Billed Duration for Request ede88732-8c8a-4482-bb72-1f66eb816345: 543 ms
Input: 5000000,
Cold Start: false
Unique ID: abc371e0-d80e-4069-bf37-c51f041dd3a7,
Billed Duration for Request abc371e0-d80e-4069-bf37-c51f041dd3a7: 512 ms
Input: 5000000,
Cold Start: false
Unique ID: c0acde5f-636c-468a-9f19-936214b05bfd,
Billed Duration for Request c0acde5f-636c-468a-9f19-936214b05bfd: 509 ms
Input: 5000000,
Cold Start: false
Unique ID: 4affa63e-3ece-4534-97a2-853d265e0e7d,
Billed Duration for Request 4affa63e-3ece-4534-97a2-853d265e0e7d: 520 ms
Input: 5000000,
Cold Start: false
Unique ID: 11114491-cd0e-4475-a199-7b52c1a2f5e8,
Billed Duration for Request 11114491-cd0e-4475-a199-7b52c1a2f5e8: 512 ms
Input: 5000000,
Cold Start: false
Unique ID: 154426b9-c6ec-47d8-bee6-1ac55c398d5f,
Billed Duration for Request 154426b9-c6ec-47d8-bee6-1ac55c398d5f: 515 ms
Input: 5000000,
Cold Start: false
Unique ID: 8a7992f6-8fd9-44b0-a9c1-0285e72a6069,
Billed Duration for Request 8a7992f6-8fd9-44b0-a9c1-0285e72a6069: 555 ms
Input: 5000000,
Cold Start: false
Unique ID: 49ce1848-48d6-480a-bd83-0b09f5eb6996,
Billed Duration for Request 49ce1848-48d6-480a-bd83-0b09f5eb6996: 531 ms
Input: 5000000,
Cold Start: false
Unique ID: a1ab881a-c867-4790-be6f-317042964142,
Billed Duration for Request a1ab881a-c867-4790-be6f-317042964142: 528 ms
Input: 5000000,
Cold Start: false
Unique ID: 1510330f-2f39-49b3-8ed3-3a6c33095b7f,
Billed Duration for Request 1510330f-2f39-49b3-8ed3-3a6c33095b7f: 513 ms
Input: 5000000,
Cold Start: false
Unique ID: cb050e07-fda5-4c1b-89e6-c84f50d4ed4a,
Billed Duration for Request cb050e07-fda5-4c1b-89e6-c84f50d4ed4a: 543 ms
Input: 5000000,
Cold Start: false
Unique ID: fcde815f-d7de-4b72-ad50-e2937b630027,
Billed Duration for Request fcde815f-d7de-4b72-ad50-e2937b630027: 530 ms
Input: 5000000,
Cold Start: false
Unique ID: 5b1fad52-676e-412e-a2a9-adb7a3f014f3,
Billed Duration for Request 5b1fad52-676e-412e-a2a9-adb7a3f014f3: 520 ms
Input: 5000000,
Cold Start: false
Unique ID: 872e629e-0c07-46e3-920a-bdba5f580094,
Billed Duration for Request 872e629e-0c07-46e3-920a-bdba5f580094: 519 ms
Input: 5000000,
Cold Start: false
Unique ID: effbb53b-76f8-4120-a23f-31734c945b34,
Billed Duration for Request effbb53b-76f8-4120-a23f-31734c945b34: 512 ms
Input: 5000000,
Cold Start: false
Unique ID: f6d1c0f4-f74f-4425-b559-8b5cd3f5d642,
Billed Duration for Request f6d1c0f4-f74f-4425-b559-8b5cd3f5d642: 527 ms
Input: 5000000,
Cold Start: false
Unique ID: 40e4319a-cd1b-477b-974d-4f8b94a62394,
Billed Duration for Request 40e4319a-cd1b-477b-974d-4f8b94a62394: 526 ms
Input: 5000000,
Cold Start: false
Unique ID: f6265b9f-18a2-4bf1-8c43-b0d2e8f7da12,
Billed Duration for Request f6265b9f-18a2-4bf1-8c43-b0d2e8f7da12: 518 ms
Input: 5000000,
Cold Start: false
Unique ID: 0ebcf4df-8d26-4710-b392-f6f58a3903da,
Billed Duration for Request 0ebcf4df-8d26-4710-b392-f6f58a3903da: 525 ms
Input: 5000000,
Cold Start: false
Unique ID: 12cb4eba-5bc2-4ec0-99f2-ac8129745ac8,
Billed Duration for Request 12cb4eba-5bc2-4ec0-99f2-ac8129745ac8: 517 ms
Input: 5000000,
Cold Start: false
Unique ID: 6c668fc0-81aa-4aa4-9bff-aac10b77de13,
Billed Duration for Request 6c668fc0-81aa-4aa4-9bff-aac10b77de13: 529 ms
Input: 5000000,
Cold Start: false
Unique ID: 0c46590b-3637-4ffc-92c1-36089f8d0d50,
Billed Duration for Request 0c46590b-3637-4ffc-92c1-36089f8d0d50: 515 ms
Input: 5000000,
Cold Start: false
Unique ID: f4c6d969-1bea-4294-9283-9c39c1e21d6b,
Billed Duration for Request f4c6d969-1bea-4294-9283-9c39c1e21d6b: 522 ms
Input: 5000000,
Cold Start: false
Unique ID: 2811e8a6-bf3e-4939-b107-6344a7327926,
Billed Duration for Request 2811e8a6-bf3e-4939-b107-6344a7327926: 519 ms
Input: 5000000,
Cold Start: false
Unique ID: a9d0d0cf-a877-4906-a901-e8dc6769a947,
Billed Duration for Request a9d0d0cf-a877-4906-a901-e8dc6769a947: 516 ms
Input: 5000000,
Cold Start: false
Unique ID: 5e5f1254-b883-4311-afbf-cf577c915d5a,
Billed Duration for Request 5e5f1254-b883-4311-afbf-cf577c915d5a: 512 ms
Input: 5000000,
Cold Start: false
Unique ID: b49714e7-3fe2-48b6-a9c2-bcf44bfa41ee,
Billed Duration for Request b49714e7-3fe2-48b6-a9c2-bcf44bfa41ee: 516 ms
Input: 5000000,
Cold Start: false
Unique ID: 72b664fe-e53e-4fd0-8eb8-4df37bf48bd9,
Billed Duration for Request 72b664fe-e53e-4fd0-8eb8-4df37bf48bd9: 536 ms
Input: 5000000,
Cold Start: false
Unique ID: cc8e5914-08f4-41c0-b8f6-04ac7c3ef327,
Billed Duration for Request cc8e5914-08f4-41c0-b8f6-04ac7c3ef327: 512 ms
Input: 5000000,
Cold Start: false
Unique ID: 0474b894-ec84-4a67-847e-14c535ec6acc,
Billed Duration for Request 0474b894-ec84-4a67-847e-14c535ec6acc: 516 ms
Input: 5000000,
Cold Start: false
Unique ID: 500ffad2-d8b0-4a63-91fa-81205079ae16,
Billed Duration for Request 500ffad2-d8b0-4a63-91fa-81205079ae16: 530 ms
Input: 5000000,
Cold Start: false
Unique ID: 89994e5b-3b99-427e-801b-dee3b3fb6814,
Billed Duration for Request 89994e5b-3b99-427e-801b-dee3b3fb6814: 525 ms
Input: 5000000,
Cold Start: false
Unique ID: 5edaae1d-3b35-4e1a-b83e-6a6bdf097f46,
Billed Duration for Request 5edaae1d-3b35-4e1a-b83e-6a6bdf097f46: 530 ms
Input: 5000000,
Cold Start: false
Unique ID: dc0d4294-e1de-4a67-8367-1213d3dabb21,
Billed Duration for Request dc0d4294-e1de-4a67-8367-1213d3dabb21: 507 ms
Input: 5000000,
Cold Start: false
Unique ID: 7a2e744a-c4ef-4586-8656-877df9b460b0,
Billed Duration for Request 7a2e744a-c4ef-4586-8656-877df9b460b0: 519 ms
Input: 5000000,
Cold Start: false
Unique ID: 78dcb98b-f513-4a12-8b0c-0fd3bb4b7194,
Billed Duration for Request 78dcb98b-f513-4a12-8b0c-0fd3bb4b7194: 533 ms
Input: 5000000,
Cold Start: false
Unique ID: ef9bb55e-0f72-4d76-b191-41ef1b667bec,
Billed Duration for Request ef9bb55e-0f72-4d76-b191-41ef1b667bec: 526 ms
Input: 5000000,
Cold Start: false
Unique ID: 39d0541d-0572-4edb-95a6-63143a9605a5,
Billed Duration for Request 39d0541d-0572-4edb-95a6-63143a9605a5: 525 ms
Input: 5000000,
Cold Start: false
Unique ID: a7bc9f47-ae56-4258-8a12-df6e8144acef,
Billed Duration for Request a7bc9f47-ae56-4258-8a12-df6e8144acef: 520 ms
Input: 5000000,
Cold Start: false
Unique ID: 459d9d87-0aac-40de-afcc-b97dbeefda13,
Billed Duration for Request 459d9d87-0aac-40de-afcc-b97dbeefda13: 515 ms
Input: 5000000,
Cold Start: false
Unique ID: cb55cbf0-17e2-4701-9d5f-0833cd501173,
Billed Duration for Request cb55cbf0-17e2-4701-9d5f-0833cd501173: 526 ms
Input: 5000000,
Cold Start: false
Unique ID: 0dd3752b-d8a5-4cc8-8533-c71f34fb58e7,
Billed Duration for Request 0dd3752b-d8a5-4cc8-8533-c71f34fb58e7: 510 ms
Input: 5000000,
Cold Start: false
Unique ID: db468b4d-60b4-4a2f-9dce-0d9569f2534e,
Billed Duration for Request db468b4d-60b4-4a2f-9dce-0d9569f2534e: 527 ms
Input: 5000000,
Cold Start: false
Unique ID: 00fc59d8-6b8e-4e3f-8657-0e05bb2a5e73,
Billed Duration for Request 00fc59d8-6b8e-4e3f-8657-0e05bb2a5e73: 519 ms
Input: 5000000,
Cold Start: false
Unique ID: f1392e3b-0835-4fc7-85e9-0f82f758065e,
Billed Duration for Request f1392e3b-0835-4fc7-85e9-0f82f758065e: 521 ms
Input: 5000000,
Cold Start: false
Unique ID: 5178f3ea-d530-42cf-8998-008efc16d79f,
Billed Duration for Request 5178f3ea-d530-42cf-8998-008efc16d79f: 514 ms
Input: 5000000,
Cold Start: false
Unique ID: 31d52616-d3a5-4aa7-ab86-73bec8807c6f,
Billed Duration for Request 31d52616-d3a5-4aa7-ab86-73bec8807c6f: 521 ms
Input: 5000000,
Cold Start: false
Unique ID: 663dbf55-c5a0-4e84-ae39-1f1c6b092de4,
Billed Duration for Request 663dbf55-c5a0-4e84-ae39-1f1c6b092de4: 524 ms
Input: 5000000,
Cold Start: false
Unique ID: 2091de0e-bf90-48ea-a8c2-cd4ba434afda,
Billed Duration for Request 2091de0e-bf90-48ea-a8c2-cd4ba434afda: 525 ms
Input: 5000000,
Cold Start: false
Unique ID: 5e99cfa8-d1b1-4bab-9f9f-b1b6444e7de4,
Billed Duration for Request 5e99cfa8-d1b1-4bab-9f9f-b1b6444e7de4: 513 ms
Input: 5000000,
Cold Start: false
Unique ID: 6d9b1b71-c9fe-4987-ba7d-f40c9fa083f5,
Billed Duration for Request 6d9b1b71-c9fe-4987-ba7d-f40c9fa083f5: 548 ms
Input: 5000000,
Cold Start: false
Unique ID: 1a444d59-f9dd-4b9a-82e3-f4132dd7560c,
Billed Duration for Request 1a444d59-f9dd-4b9a-82e3-f4132dd7560c: 513 ms
Input: 5000000,
Cold Start: false
Unique ID: 3b3a61a9-b578-47c6-a644-980d1b1291d7,
Billed Duration for Request 3b3a61a9-b578-47c6-a644-980d1b1291d7: 526 ms
Input: 5000000,
Cold Start: false
Unique ID: 25fa18b6-b2b9-460a-bf01-49d2ee7296f2,
Billed Duration for Request 25fa18b6-b2b9-460a-bf01-49d2ee7296f2: 512 ms
Input: 5000000,
Cold Start: false
Unique ID: 69c8d26a-a1ab-42ca-b8ba-1503e40c56a2,
Billed Duration for Request 69c8d26a-a1ab-42ca-b8ba-1503e40c56a2: 516 ms
Input: 5000000,
Cold Start: false
Unique ID: 1397cb37-80fa-461c-9579-b7abc9acc8c7,
Billed Duration for Request 1397cb37-80fa-461c-9579-b7abc9acc8c7: 512 ms
Input: 5000000,
Cold Start: false
Unique ID: b5aadd9a-893b-4d65-a57d-b3e20fd4aa53,
Billed Duration for Request b5aadd9a-893b-4d65-a57d-b3e20fd4aa53: 527 ms
Input: 5000000,
Cold Start: false
Unique ID: a83e9039-a770-4728-aca3-862e69ca2873,
Billed Duration for Request a83e9039-a770-4728-aca3-862e69ca2873: 521 ms
Input: 5000000,
Cold Start: false
Unique ID: 52815df0-105a-4cb5-8cda-877475253350,
Billed Duration for Request 52815df0-105a-4cb5-8cda-877475253350: 512 ms
Input: 5000000,
Cold Start: false
Unique ID: 461c92d9-6c3f-4592-95d0-bfa4879c5e12,
Billed Duration for Request 461c92d9-6c3f-4592-95d0-bfa4879c5e12: 519 ms
Input: 5000000,
Cold Start: false
Unique ID: 7bfb86fd-9a1c-4f24-9823-d1c38ba5717a,
Billed Duration for Request 7bfb86fd-9a1c-4f24-9823-d1c38ba5717a: 531 ms
Input: 5000000,
Cold Start: false
Unique ID: d886b656-e0ca-4c81-81d8-ea9ffc5c2554,
Billed Duration for Request d886b656-e0ca-4c81-81d8-ea9ffc5c2554: 508 ms
Input: 5000000,
Cold Start: false
Unique ID: 1a664326-8f87-4fb9-ae75-be545e3c8550,
Billed Duration for Request 1a664326-8f87-4fb9-ae75-be545e3c8550: 520 ms
Input: 5000000,
Cold Start: false
Unique ID: c5f14f91-45f9-423f-9eb4-292bcadcd67f,
Billed Duration for Request c5f14f91-45f9-423f-9eb4-292bcadcd67f: 510 ms
Input: 5000000,
Cold Start: false
Unique ID: 5f1b240f-d870-4e26-9319-6a79085672c1,
Billed Duration for Request 5f1b240f-d870-4e26-9319-6a79085672c1: 512 ms
Input: 5000000,
Cold Start: false
Unique ID: 465e8053-be13-42cd-b61b-b8ffff913341,
Billed Duration for Request 465e8053-be13-42cd-b61b-b8ffff913341: 512 ms
Input: 5000000,
Cold Start: false
Unique ID: d1a48f57-dfc7-4997-8b57-46609877323b,
Billed Duration for Request d1a48f57-dfc7-4997-8b57-46609877323b: 518 ms
Input: 5000000,
Cold Start: false
Unique ID: 553a9e11-a4ea-47fb-9e7c-d08a7f96dcd7,
Billed Duration for Request 553a9e11-a4ea-47fb-9e7c-d08a7f96dcd7: 523 ms
Input: 5000000,
Cold Start: false
Unique ID: 3b361404-9cdc-48e8-b803-e471b861a02f,
Billed Duration for Request 3b361404-9cdc-48e8-b803-e471b861a02f: 521 ms
Input: 5000000,
Cold Start: false
Unique ID: 6a19931a-1240-4c4e-aa37-a6711a09f8a7,
Billed Duration for Request 6a19931a-1240-4c4e-aa37-a6711a09f8a7: 514 ms
Input: 5000000,
Cold Start: false
Unique ID: 08e651bc-74ad-42fa-bca8-baf951af6728,
Billed Duration for Request 08e651bc-74ad-42fa-bca8-baf951af6728: 514 ms
Input: 5000000,
Cold Start: false
Unique ID: 39468085-59d7-4c9a-91c0-d64513bbbaa2,
Billed Duration for Request 39468085-59d7-4c9a-91c0-d64513bbbaa2: 528 ms
Input: 5000000,
Cold Start: false
Unique ID: 736dda78-f15f-468c-98b7-2ec1df351ff3,
Billed Duration for Request 736dda78-f15f-468c-98b7-2ec1df351ff3: 509 ms
Input: 5000000,
Cold Start: false
Unique ID: ac7d063e-712c-40fd-9c2b-51906091d427,
Billed Duration for Request ac7d063e-712c-40fd-9c2b-51906091d427: 508 ms
Input: 5000000,
Cold Start: false
Unique ID: 8d770ece-e44a-458b-93e6-0110a4188147,
Billed Duration for Request 8d770ece-e44a-458b-93e6-0110a4188147: 516 ms
Input: 5000000,
Cold Start: false
Unique ID: e5dfa919-3dd1-4303-8e4a-85de5a4a552c,
Billed Duration for Request e5dfa919-3dd1-4303-8e4a-85de5a4a552c: 528 ms
Input: 5000000,
Cold Start: false
Unique ID: 76573e80-6504-4ffb-99e2-ca18b43e67bd,
Billed Duration for Request 76573e80-6504-4ffb-99e2-ca18b43e67bd: 508 ms
Input: 5000000,
Cold Start: false
Unique ID: 22c568ba-696e-4964-a392-2d4b9f678ac8,
Billed Duration for Request 22c568ba-696e-4964-a392-2d4b9f678ac8: 527 ms
Input: 5000000,
Cold Start: false
Unique ID: 0c34df04-697a-46ff-b3b4-5b85cc65f7b6,
Billed Duration for Request 0c34df04-697a-46ff-b3b4-5b85cc65f7b6: 507 ms
Input: 5000000,
Cold Start: false
Unique ID: 4ab61c41-df95-4ae4-afa7-dcf4eb100cf6,
Billed Duration for Request 4ab61c41-df95-4ae4-afa7-dcf4eb100cf6: 515 ms
Input: 5000000,
Cold Start: false
Unique ID: ecdba205-6948-4f8c-bdda-c6c3bc4c530f,
Billed Duration for Request ecdba205-6948-4f8c-bdda-c6c3bc4c530f: 513 ms
Input: 5000000,
Cold Start: false
Unique ID: d21f49e3-139e-4ee2-9eaa-ffda72d698fa,
Billed Duration for Request d21f49e3-139e-4ee2-9eaa-ffda72d698fa: 523 ms
Input: 5000000,
Cold Start: false
Unique ID: a9206b40-ab15-4085-b39d-d27caa095c25,
Billed Duration for Request a9206b40-ab15-4085-b39d-d27caa095c25: 542 ms
Input: 5000000,
Cold Start: false
Unique ID: cbff8370-8839-4d6d-b18f-57183752e11b,
Billed Duration for Request cbff8370-8839-4d6d-b18f-57183752e11b: 514 ms
Input: 5000000,
Cold Start: false
Unique ID: c52a9758-f520-4280-bfc4-7d1d173c8c47,
Billed Duration for Request c52a9758-f520-4280-bfc4-7d1d173c8c47: 510 ms
Input: 5000000,
Cold Start: false
Unique ID: eda4cc76-edab-4ddd-b6f3-404bd16f88dc,
Billed Duration for Request eda4cc76-edab-4ddd-b6f3-404bd16f88dc: 511 ms
Input: 5000000,
Cold Start: false
Unique ID: d863e432-960b-46d9-aa6b-9e0b6ccad33f,
Billed Duration for Request d863e432-960b-46d9-aa6b-9e0b6ccad33f: 511 ms
Input: 5000000,
Cold Start: false
Unique ID: dec67084-786b-4009-be6a-4fb18dffdae0,
Billed Duration for Request dec67084-786b-4009-be6a-4fb18dffdae0: 510 ms
Input: 5000000,
Cold Start: false
Unique ID: 252c9b23-8538-4b1b-b2cc-664ae50a17c9,
Billed Duration for Request 252c9b23-8538-4b1b-b2cc-664ae50a17c9: 511 ms
Input: 5000000,
Cold Start: false
Unique ID: f4dae5d0-8ef1-420e-a176-9b305703ee4e,
Billed Duration for Request f4dae5d0-8ef1-420e-a176-9b305703ee4e: 519 ms
Input: 5000000,
Cold Start: false
Unique ID: 2682eb36-4fd6-4e69-854a-5b62dd6b6055,
Billed Duration for Request 2682eb36-4fd6-4e69-854a-5b62dd6b6055: 508 ms
Input: 5000000,
Cold Start: false
Unique ID: 9ed8b6ee-b78c-490a-b875-8d7ab28013f9,
Billed Duration for Request 9ed8b6ee-b78c-490a-b875-8d7ab28013f9: 515 ms
Input: 5000000,
Cold Start: false
Unique ID: 567400bf-076f-4ba7-a580-e486ab6da22a,
Billed Duration for Request 567400bf-076f-4ba7-a580-e486ab6da22a: 518 ms
Input: 5000000,
Cold Start: false
Unique ID: f0b000ca-1b9c-4e31-be8b-9a09f40e1010,
Billed Duration for Request f0b000ca-1b9c-4e31-be8b-9a09f40e1010: 515 ms
Input: 5000000,
Cold Start: false
Unique ID: 80b595f9-093a-4267-8062-c53b6612fe35,
Billed Duration for Request 80b595f9-093a-4267-8062-c53b6612fe35: 512 ms
Input: 5000000,
Cold Start: false
Unique ID: 7f6421a8-0518-4a1c-8677-33bafc3f73ab,
Billed Duration for Request 7f6421a8-0518-4a1c-8677-33bafc3f73ab: 511 ms
Input: 5000000,
Cold Start: false
Unique ID: 3672267f-7107-4926-b523-a247b304197c,
Billed Duration for Request 3672267f-7107-4926-b523-a247b304197c: 527 ms
Input: 5000000,
Cold Start: false
Unique ID: 9a7881aa-1f61-402b-a8f8-ffefaa69bc8a,
Billed Duration for Request 9a7881aa-1f61-402b-a8f8-ffefaa69bc8a: 529 ms
Input: 5000000,
Cold Start: false
Unique ID: 1e70ddab-1c43-43ed-861f-317bcf4a0ed1,
Billed Duration for Request 1e70ddab-1c43-43ed-861f-317bcf4a0ed1: 510 ms
Input: 5000000,
Cold Start: false
Unique ID: 968cb9e4-a3ea-497c-94d8-2a4a86279537,
Billed Duration for Request 968cb9e4-a3ea-497c-94d8-2a4a86279537: 515 ms
Input: 5000000,
Cold Start: false
Unique ID: ed3da332-53c8-4a30-bc0a-fbd142a030d6,
Billed Duration for Request ed3da332-53c8-4a30-bc0a-fbd142a030d6: 509 ms
Input: 5000000,
Cold Start: false
Unique ID: 2960e5ff-c38f-4345-be97-4edc35e90c5b,
Billed Duration for Request 2960e5ff-c38f-4345-be97-4edc35e90c5b: 507 ms
Input: 5000000,
Cold Start: false
Unique ID: 7f990fc6-a150-4776-9829-f034a24741ea,
Billed Duration for Request 7f990fc6-a150-4776-9829-f034a24741ea: 528 ms
Input: 5000000,
Cold Start: false
Unique ID: 2ffa4a43-3a53-4a65-ae19-c2a328e2aaf5,
Billed Duration for Request 2ffa4a43-3a53-4a65-ae19-c2a328e2aaf5: 511 ms
Input: 5000000,
Cold Start: false
Unique ID: 2bd25399-295d-40b4-a1f3-03cf279490dd,
Billed Duration for Request 2bd25399-295d-40b4-a1f3-03cf279490dd: 519 ms
Input: 5000000,
Cold Start: false
Unique ID: e384a263-d479-4d99-998c-e12653448859,
Billed Duration for Request e384a263-d479-4d99-998c-e12653448859: 528 ms
Input: 5000000,
Cold Start: false
Unique ID: 4808de7d-776d-4e63-bfa7-b8eb4bcfb12c,
Billed Duration for Request 4808de7d-776d-4e63-bfa7-b8eb4bcfb12c: 512 ms
Input: 5000000,
Cold Start: false
Unique ID: a6d0248c-165f-4336-abed-7f13d8e6d973,
Billed Duration for Request a6d0248c-165f-4336-abed-7f13d8e6d973: 512 ms
Input: 5000000,
Cold Start: false
Unique ID: 133d947a-dce2-4fdd-8129-5af935feab2a,
Billed Duration for Request 133d947a-dce2-4fdd-8129-5af935feab2a: 508 ms
Input: 5000000,
Cold Start: false
Unique ID: 9e6d6829-26a4-495b-b661-ff760f6846f9,
Billed Duration for Request 9e6d6829-26a4-495b-b661-ff760f6846f9: 519 ms
Input: 5000000,
Cold Start: false
Unique ID: bf829b25-1671-432a-b070-9061a205ce0c,
Billed Duration for Request bf829b25-1671-432a-b070-9061a205ce0c: 532 ms
Input: 5000000,
Cold Start: false
Unique ID: 7b6b19e9-ffed-43b4-98e0-960b0cc6a300,
Billed Duration for Request 7b6b19e9-ffed-43b4-98e0-960b0cc6a300: 518 ms
Input: 5000000,
Cold Start: false
Unique ID: e668c8e0-37e6-41c0-8e21-8f3ddd8dc6d1,
Billed Duration for Request e668c8e0-37e6-41c0-8e21-8f3ddd8dc6d1: 523 ms
Input: 5000000,
Cold Start: false
Unique ID: e0647891-e901-4f7c-a90e-7ae0c7f13272,
Billed Duration for Request e0647891-e901-4f7c-a90e-7ae0c7f13272: 521 ms
Input: 5000000,
Cold Start: false
Unique ID: c1a4f294-7fb4-4a1b-8bc2-c9705b052f4a,
Billed Duration for Request c1a4f294-7fb4-4a1b-8bc2-c9705b052f4a: 516 ms
Input: 5000000,
Cold Start: false
Unique ID: 02a8e496-6434-4786-a03d-0fc431703f3a,
Billed Duration for Request 02a8e496-6434-4786-a03d-0fc431703f3a: 513 ms
Input: 5000000,
Cold Start: false
Unique ID: 118ac3c3-a4ce-4e3f-b138-672ee33c1e5e,
Billed Duration for Request 118ac3c3-a4ce-4e3f-b138-672ee33c1e5e: 527 ms
Input: 5000000,
Cold Start: false
Unique ID: f5561830-89f7-4827-9dc1-fec8f81f4a24,
Billed Duration for Request f5561830-89f7-4827-9dc1-fec8f81f4a24: 529 ms
Input: 5000000,
Cold Start: false
Unique ID: ee55c992-1826-4a11-a16b-c9508a3b7173,
Billed Duration for Request ee55c992-1826-4a11-a16b-c9508a3b7173: 502 ms
Input: 5000000,
Cold Start: false
Unique ID: 5e75a1c9-022e-4992-9205-b23159ea345b,
Billed Duration for Request 5e75a1c9-022e-4992-9205-b23159ea345b: 512 ms
Input: 5000000,
Cold Start: false
Unique ID: 5003473f-2025-47a4-b0ad-2838f9a09b55,
Billed Duration for Request 5003473f-2025-47a4-b0ad-2838f9a09b55: 529 ms
Input: 5000000,
Cold Start: false
Unique ID: 69845cfb-7233-441f-b5f3-7e206d0ff831,
Billed Duration for Request 69845cfb-7233-441f-b5f3-7e206d0ff831: 527 ms
Input: 5000000,
Cold Start: false
Unique ID: 619f47ae-4464-498b-ac54-92ecb1f6fd29,
Billed Duration for Request 619f47ae-4464-498b-ac54-92ecb1f6fd29: 522 ms
Input: 5000000,
Cold Start: false
Unique ID: 86d563db-2be8-4b8d-9448-d824f55d2c6d,
Billed Duration for Request 86d563db-2be8-4b8d-9448-d824f55d2c6d: 524 ms
Input: 5000000,
Cold Start: false
Unique ID: 8d6565b5-1c22-4e2c-a053-93a407b6f488,
Billed Duration for Request 8d6565b5-1c22-4e2c-a053-93a407b6f488: 515 ms
Input: 5000000,
Cold Start: false
Unique ID: 6d49d07e-2f2d-4f85-8d67-8b70fcfae114,
Billed Duration for Request 6d49d07e-2f2d-4f85-8d67-8b70fcfae114: 529 ms
Input: 5000000,
Cold Start: false
Unique ID: bf09011b-ba25-47de-aa6e-29cf93040508,
Billed Duration for Request bf09011b-ba25-47de-aa6e-29cf93040508: 528 ms
Input: 5000000,
Cold Start: false
Unique ID: a205d707-2fc4-4048-b4db-7a2f5ae4f888,
Billed Duration for Request a205d707-2fc4-4048-b4db-7a2f5ae4f888: 525 ms
Input: 5000000,
Cold Start: false
Unique ID: bda73213-956e-4fb3-b8e7-57c1ebf5fde9,
Billed Duration for Request bda73213-956e-4fb3-b8e7-57c1ebf5fde9: 510 ms
Input: 5000000,
Cold Start: false
Unique ID: f24cbf89-e235-42f4-8e5b-41a2f22ecca8,
Billed Duration for Request f24cbf89-e235-42f4-8e5b-41a2f22ecca8: 528 ms
Input: 5000000,
Cold Start: false
Unique ID: 9210283c-74c4-4794-be69-1c0019d4dfbe,
Billed Duration for Request 9210283c-74c4-4794-be69-1c0019d4dfbe: 526 ms
Input: 5000000,
Cold Start: false
Unique ID: 51b53122-8fa6-4e7f-876a-07296cbaff39,
Billed Duration for Request 51b53122-8fa6-4e7f-876a-07296cbaff39: 509 ms
Input: 5000000,
Cold Start: false
Unique ID: d7b977a0-5de0-488c-a482-f1935ce3acb3,
Billed Duration for Request d7b977a0-5de0-488c-a482-f1935ce3acb3: 517 ms
Input: 5000000,
Cold Start: false
Unique ID: ca231b20-742c-46bb-be24-0a9ef3ce78cf,
Billed Duration for Request ca231b20-742c-46bb-be24-0a9ef3ce78cf: 506 ms
Input: 5000000,
Cold Start: false
Unique ID: d13e2711-3224-42e8-b1cb-1120006cb0bc,
Billed Duration for Request d13e2711-3224-42e8-b1cb-1120006cb0bc: 515 ms
Input: 5000000,
Cold Start: false
Unique ID: df5958ed-7aa4-4628-bb1e-23eac39e30d0,
Billed Duration for Request df5958ed-7aa4-4628-bb1e-23eac39e30d0: 516 ms
Input: 5000000,
Cold Start: false
Unique ID: f60080e3-efbb-4e5c-bebd-6257dcf378a5,
Billed Duration for Request f60080e3-efbb-4e5c-bebd-6257dcf378a5: 515 ms
Input: 5000000,
Cold Start: false
Unique ID: 3998d0d3-3458-4827-8776-0b6be823f272,
Billed Duration for Request 3998d0d3-3458-4827-8776-0b6be823f272: 526 ms
Input: 5000000,
Cold Start: false
Unique ID: 2d674ce6-5295-4587-a45b-a293985d7ed9,
Billed Duration for Request 2d674ce6-5295-4587-a45b-a293985d7ed9: 513 ms
Input: 5000000,
Cold Start: false
Unique ID: 7466bd85-7e01-476e-80be-7bb3f8230286,
Billed Duration for Request 7466bd85-7e01-476e-80be-7bb3f8230286: 507 ms
Input: 5000000,
Cold Start: false
Unique ID: 6622b983-0586-49b6-bb8a-20103b6db878,
Billed Duration for Request 6622b983-0586-49b6-bb8a-20103b6db878: 512 ms
Input: 5000000,
Cold Start: false
Unique ID: a0ef508f-9ef3-4440-9b08-38116f9224bb,
Billed Duration for Request a0ef508f-9ef3-4440-9b08-38116f9224bb: 512 ms
Input: 5000000,
Cold Start: false
Unique ID: 71bd0d75-834b-4bcf-84d5-59f05f2303fe,
Billed Duration for Request 71bd0d75-834b-4bcf-84d5-59f05f2303fe: 529 ms
Input: 5000000,
Cold Start: false
Unique ID: 4d6d7545-69dc-4aa2-8d5e-460e8ee4d1ca,
Billed Duration for Request 4d6d7545-69dc-4aa2-8d5e-460e8ee4d1ca: 510 ms
Input: 5000000,
Cold Start: false
Unique ID: 7a048c49-f790-4751-b1a0-d2756937a0ad,
Billed Duration for Request 7a048c49-f790-4751-b1a0-d2756937a0ad: 513 ms
Input: 5000000,
Cold Start: false
Unique ID: 4fd8c460-2ab9-41e4-afd0-d48998681c63,
Billed Duration for Request 4fd8c460-2ab9-41e4-afd0-d48998681c63: 525 ms
Input: 5000000,
Cold Start: false
Unique ID: aa09df45-a63e-4110-b5ec-d82510fd23a1,
Billed Duration for Request aa09df45-a63e-4110-b5ec-d82510fd23a1: 511 ms
Input: 5000000,
Cold Start: false
Unique ID: 1ecc97dc-654c-46a3-9fea-29fada5074db,
Billed Duration for Request 1ecc97dc-654c-46a3-9fea-29fada5074db: 508 ms
Input: 5000000,
Cold Start: false
Unique ID: 46dd8907-5b0e-4f97-9df3-ff91dd59d3d5,
Billed Duration for Request 46dd8907-5b0e-4f97-9df3-ff91dd59d3d5: 513 ms
Input: 5000000,
Cold Start: false
Unique ID: ae0018e7-a199-4d65-97ca-3e4f54a7db4b,
Billed Duration for Request ae0018e7-a199-4d65-97ca-3e4f54a7db4b: 518 ms
Input: 5000000,
Cold Start: false
Unique ID: e6a4e0c0-582f-4e40-aceb-8179a0e9d41f,
Billed Duration for Request e6a4e0c0-582f-4e40-aceb-8179a0e9d41f: 526 ms
Input: 5000000,
Cold Start: false
Unique ID: 99970f7b-2d58-419f-aa03-7e055771eca0,
Billed Duration for Request 99970f7b-2d58-419f-aa03-7e055771eca0: 520 ms
Input: 5000000,
Cold Start: false
Unique ID: 0980127c-2e31-41dd-a691-2838ed400a83,
Billed Duration for Request 0980127c-2e31-41dd-a691-2838ed400a83: 508 ms
Input: 5000000,
Cold Start: false
Unique ID: 3a6489fc-c7a0-4f73-aa7b-9d9ee95ddf61,
Billed Duration for Request 3a6489fc-c7a0-4f73-aa7b-9d9ee95ddf61: 510 ms
Input: 5000000,
Cold Start: false
Unique ID: def38e38-2052-46da-9141-22f60b587015,
Billed Duration for Request def38e38-2052-46da-9141-22f60b587015: 527 ms
Input: 5000000,
Cold Start: false
Unique ID: 3fac4a7a-77d9-4e72-9965-59bb266d20f4,
Billed Duration for Request 3fac4a7a-77d9-4e72-9965-59bb266d20f4: 508 ms
Input: 5000000,
Cold Start: false
Unique ID: f5db3892-139e-4006-85a6-cf53353f7d43,
Billed Duration for Request f5db3892-139e-4006-85a6-cf53353f7d43: 517 ms
Input: 5000000,
Cold Start: false
Unique ID: c4c87f42-d0b1-424e-a4d3-8a87d7fc5f31,
Billed Duration for Request c4c87f42-d0b1-424e-a4d3-8a87d7fc5f31: 530 ms
Input: 5000000,
Cold Start: false
Unique ID: 5e46c8ae-fd0a-4873-a8a9-45444653e996,
Billed Duration for Request 5e46c8ae-fd0a-4873-a8a9-45444653e996: 513 ms
Input: 5000000,
Cold Start: false
Unique ID: f3a6acfe-4e35-416d-8581-ccb340885e3e,
Billed Duration for Request f3a6acfe-4e35-416d-8581-ccb340885e3e: 511 ms
Input: 5000000,
Cold Start: false
Unique ID: 4f9e888f-6e68-4a92-9301-0d959fcc114a,
Billed Duration for Request 4f9e888f-6e68-4a92-9301-0d959fcc114a: 515 ms
Input: 5000000,
Cold Start: false
Unique ID: f27347bc-9bbd-44f5-901e-d82dbdf76d54,
Billed Duration for Request f27347bc-9bbd-44f5-901e-d82dbdf76d54: 515 ms
Input: 5000000,
Cold Start: false
Unique ID: 22cb3d02-c185-4c2b-917c-372fc606e2a9,
Billed Duration for Request 22cb3d02-c185-4c2b-917c-372fc606e2a9: 511 ms
Input: 5000000,
Cold Start: false
Unique ID: 056629c4-bfff-4389-82bc-246dc363157f,
Billed Duration for Request 056629c4-bfff-4389-82bc-246dc363157f: 511 ms
Input: 5000000,
Cold Start: false
Unique ID: ac1338d7-ad6d-4656-8d50-7872d356c13c,
Billed Duration for Request ac1338d7-ad6d-4656-8d50-7872d356c13c: 515 ms
Input: 5000000,
Cold Start: false
Unique ID: f6cad35a-f49d-4b8b-8971-d07eae5f2448,
Billed Duration for Request f6cad35a-f49d-4b8b-8971-d07eae5f2448: 521 ms
Input: 5000000,
Cold Start: false
Unique ID: 4d23993c-1afb-4292-9add-b9357d944209,
Billed Duration for Request 4d23993c-1afb-4292-9add-b9357d944209: 511 ms
Input: 5000000,
Cold Start: false
Unique ID: 6c528dc4-dd71-4ed2-af01-cd6d41accae9,
Billed Duration for Request 6c528dc4-dd71-4ed2-af01-cd6d41accae9: 530 ms
Input: 5000000,
Cold Start: false
Unique ID: 1c678817-a477-4e13-a078-d0b294fbf06d,
Billed Duration for Request 1c678817-a477-4e13-a078-d0b294fbf06d: 512 ms
Input: 5000000,
Cold Start: false
Unique ID: 2a405920-262e-4f8d-a4aa-57cd343ab417,
Billed Duration for Request 2a405920-262e-4f8d-a4aa-57cd343ab417: 513 ms
Input: 5000000,
Cold Start: false
Unique ID: 01df974b-8c52-4380-b826-e88eb7458305,
Billed Duration for Request 01df974b-8c52-4380-b826-e88eb7458305: 532 ms
Input: 5000000,
Cold Start: false
Unique ID: 8af88fe0-5a4d-44a1-8d22-db7ad692e66f,
Billed Duration for Request 8af88fe0-5a4d-44a1-8d22-db7ad692e66f: 512 ms
Input: 5000000,
Cold Start: false
Unique ID: 07eed79c-5ce6-4e15-9ffa-5f0f1d76b5d7,
Billed Duration for Request 07eed79c-5ce6-4e15-9ffa-5f0f1d76b5d7: 511 ms
Input: 5000000,
Cold Start: false
Unique ID: c33a22f5-24e9-4e73-a85c-cbcb105bb383,
Billed Duration for Request c33a22f5-24e9-4e73-a85c-cbcb105bb383: 510 ms
Input: 5000000,
Cold Start: false
Unique ID: 776aef39-128b-4f29-89d5-5f5d6a411061,
Billed Duration for Request 776aef39-128b-4f29-89d5-5f5d6a411061: 511 ms
Input: 5000000,
Cold Start: false
Unique ID: a0ddb3c4-067a-4e8e-a8cb-ad3c71e13d33,
Billed Duration for Request a0ddb3c4-067a-4e8e-a8cb-ad3c71e13d33: 513 ms
Input: 5000000,
Cold Start: false
Unique ID: db355dae-91ab-454e-ab2a-c1e8c13bab9a,
Billed Duration for Request db355dae-91ab-454e-ab2a-c1e8c13bab9a: 524 ms
Input: 5000000,
Cold Start: false
Unique ID: 25e2e963-724a-4f26-9839-3c120ea92c86,
Billed Duration for Request 25e2e963-724a-4f26-9839-3c120ea92c86: 527 ms
Input: 5000000,
Cold Start: false
Unique ID: 10a4a0b3-742a-4cae-a145-fedb8fa9d1b3,
Billed Duration for Request 10a4a0b3-742a-4cae-a145-fedb8fa9d1b3: 511 ms
Input: 5000000,
Cold Start: false
Unique ID: ce72e24a-66d7-4078-9a15-352674c0e5f8,
Billed Duration for Request ce72e24a-66d7-4078-9a15-352674c0e5f8: 532 ms
Input: 5000000,
Cold Start: false
Unique ID: 6d96993e-f13e-4a16-8ca4-7b629fcfd785,
Billed Duration for Request 6d96993e-f13e-4a16-8ca4-7b629fcfd785: 514 ms
Input: 5000000,
Cold Start: false
Unique ID: 2281dda6-2e61-4517-af29-b54ab96f7d28,
Billed Duration for Request 2281dda6-2e61-4517-af29-b54ab96f7d28: 512 ms
Input: 5000000,
Cold Start: false
Unique ID: 4755e7b7-ddf8-41a5-8409-086b4812f4c8,
Billed Duration for Request 4755e7b7-ddf8-41a5-8409-086b4812f4c8: 526 ms
Input: 5000000,
Cold Start: false
Unique ID: b911781d-1f20-4cc8-a237-2c435ae1d30c,
Billed Duration for Request b911781d-1f20-4cc8-a237-2c435ae1d30c: 510 ms
Input: 5000000,
Cold Start: false
Unique ID: 65d47d19-9ed8-494f-89b9-d05d0c56c54d,
Billed Duration for Request 65d47d19-9ed8-494f-89b9-d05d0c56c54d: 515 ms
Input: 5000000,
Cold Start: false
Unique ID: 70f11827-d8a3-4fc1-a4f3-75bc030cfec5,
Billed Duration for Request 70f11827-d8a3-4fc1-a4f3-75bc030cfec5: 512 ms
Input: 5000000,
Cold Start: false
Unique ID: 53b2dcfe-e41a-4660-9f15-75a0a166d6d8,
Billed Duration for Request 53b2dcfe-e41a-4660-9f15-75a0a166d6d8: 513 ms
Input: 5000000,
Cold Start: false
Unique ID: 61de0265-019b-4d63-ad45-8b157dfb44cf,
Billed Duration for Request 61de0265-019b-4d63-ad45-8b157dfb44cf: 529 ms
Input: 5000000,
Cold Start: false
Unique ID: f48759e2-7d38-464c-9ac4-002db3d60897,
Billed Duration for Request f48759e2-7d38-464c-9ac4-002db3d60897: 512 ms
Input: 5000000,
Cold Start: false
Unique ID: ab97d485-1afc-4244-a35d-145d12d0a644,
Billed Duration for Request ab97d485-1afc-4244-a35d-145d12d0a644: 521 ms
Input: 5000000,
Cold Start: false
Unique ID: f54d65df-bcab-48e5-abc5-70af73c7158a,
Billed Duration for Request f54d65df-bcab-48e5-abc5-70af73c7158a: 518 ms
Input: 5000000,
Cold Start: false
Unique ID: 48b67e17-35d4-41fa-9c4e-a8346719ebab,
Billed Duration for Request 48b67e17-35d4-41fa-9c4e-a8346719ebab: 512 ms
Input: 5000000,
Cold Start: false
Unique ID: 6ff5b124-1f24-4405-abb0-affac04342dd,
Billed Duration for Request 6ff5b124-1f24-4405-abb0-affac04342dd: 513 ms
Input: 5000000,
Cold Start: false
Unique ID: 802efa96-1965-431e-98e4-c5f4963f6af6,
Billed Duration for Request 802efa96-1965-431e-98e4-c5f4963f6af6: 510 ms
Input: 5000000,
Cold Start: false
Unique ID: 92e559f5-309a-4b6b-9f4c-b0a964c29292,
Billed Duration for Request 92e559f5-309a-4b6b-9f4c-b0a964c29292: 514 ms
Input: 5000000,
Cold Start: false
Unique ID: 9b79fca3-6437-4513-bb72-b740070c178e,
Billed Duration for Request 9b79fca3-6437-4513-bb72-b740070c178e: 513 ms
Input: 5000000,
Cold Start: false
Unique ID: 1c0790a5-acd3-4203-ad3f-ae13c23eabef,
Billed Duration for Request 1c0790a5-acd3-4203-ad3f-ae13c23eabef: 512 ms
Input: 5000000,
Cold Start: false
Unique ID: c3dbc71c-98b8-4c2b-8345-f4e84716f36e,
Billed Duration for Request c3dbc71c-98b8-4c2b-8345-f4e84716f36e: 513 ms
Input: 5000000,
Cold Start: false
Unique ID: 55295207-eec2-4e56-8946-a2121ee4fc3d,
Billed Duration for Request 55295207-eec2-4e56-8946-a2121ee4fc3d: 511 ms
Input: 5000000,
Cold Start: false
Unique ID: 6569a3ba-4c68-483b-95eb-6ad349eaed32,
Billed Duration for Request 6569a3ba-4c68-483b-95eb-6ad349eaed32: 514 ms
Input: 5000000,
Cold Start: false
Unique ID: 45515623-fbb5-4cb7-b2bc-a26efe676d53,
Billed Duration for Request 45515623-fbb5-4cb7-b2bc-a26efe676d53: 537 ms
Input: 5000000,
Cold Start: false
Unique ID: d5a961dc-7b25-4a91-8cf8-46fafd59378f,
Billed Duration for Request d5a961dc-7b25-4a91-8cf8-46fafd59378f: 538 ms
Input: 5000000,
Cold Start: false
Unique ID: f49bc4c6-0d45-435e-a057-cec537f8cbb0,
Billed Duration for Request f49bc4c6-0d45-435e-a057-cec537f8cbb0: 517 ms
Input: 5000000,
Cold Start: false
Unique ID: 1dc8c927-66de-4f5e-b5d9-f3bc4f730e1f,
Billed Duration for Request 1dc8c927-66de-4f5e-b5d9-f3bc4f730e1f: 509 ms
Input: 5000000,
Cold Start: false
Unique ID: f8a1b540-defc-4490-b86b-789de496fedf,
Billed Duration for Request f8a1b540-defc-4490-b86b-789de496fedf: 516 ms
Input: 5000000,
Cold Start: false
Unique ID: 44ca8035-c046-44d5-a362-858a75bd45d2,
Billed Duration for Request 44ca8035-c046-44d5-a362-858a75bd45d2: 511 ms
Input: 5000000,
Cold Start: false
Unique ID: 4dd421f7-6789-4f6b-8992-a171189bd5a2,
Billed Duration for Request 4dd421f7-6789-4f6b-8992-a171189bd5a2: 525 ms
Input: 5000000,
Cold Start: false
Unique ID: fc98f3d1-316c-4e54-be9d-6ea86459ce48,
Billed Duration for Request fc98f3d1-316c-4e54-be9d-6ea86459ce48: 531 ms
Input: 5000000,
Cold Start: false
Unique ID: 20d61629-8243-4ec6-a41b-e296f93cd816,
Billed Duration for Request 20d61629-8243-4ec6-a41b-e296f93cd816: 514 ms
Input: 5000000,
Cold Start: false
Unique ID: bc4d519c-71cf-4dc7-9ba5-8ce1c533ae17,
Billed Duration for Request bc4d519c-71cf-4dc7-9ba5-8ce1c533ae17: 516 ms
Input: 5000000,
Cold Start: false
Unique ID: 131a37b1-13f9-4094-b67d-302854e62333,
Billed Duration for Request 131a37b1-13f9-4094-b67d-302854e62333: 530 ms
Input: 5000000,
Cold Start: false
Unique ID: fa85270a-1ca2-4095-9171-1d068b608a10,
Billed Duration for Request fa85270a-1ca2-4095-9171-1d068b608a10: 528 ms
Input: 5000000,
Cold Start: false
Unique ID: 5f95e797-f037-4386-8450-c03697a6b940,
Billed Duration for Request 5f95e797-f037-4386-8450-c03697a6b940: 511 ms
Input: 5000000,
Cold Start: false
Unique ID: 574b571f-981b-48d4-9e1e-6c2648c320b3,
Billed Duration for Request 574b571f-981b-48d4-9e1e-6c2648c320b3: 506 ms
Input: 5000000,
Cold Start: false
Unique ID: 4d73f4f7-ca29-433b-acc3-7939a250157e,
Billed Duration for Request 4d73f4f7-ca29-433b-acc3-7939a250157e: 511 ms
Input: 5000000,
Cold Start: false
Unique ID: 49c6146a-2f47-4e24-b879-399cb5476586,
Billed Duration for Request 49c6146a-2f47-4e24-b879-399cb5476586: 525 ms
Input: 5000000,
Cold Start: false
Unique ID: 310bb258-72d0-403f-b81c-d5ded25ae2e5,
Billed Duration for Request 310bb258-72d0-403f-b81c-d5ded25ae2e5: 512 ms
Input: 5000000,
Cold Start: false
Unique ID: 30cddaed-fc37-4f3b-9332-d4c2f25308e8,
Billed Duration for Request 30cddaed-fc37-4f3b-9332-d4c2f25308e8: 522 ms
Input: 5000000,
Cold Start: false
Unique ID: b9f39081-572c-4516-aecd-2c2782e54f37,
Billed Duration for Request b9f39081-572c-4516-aecd-2c2782e54f37: 511 ms
Input: 5000000,
Cold Start: false
Unique ID: 2733d99a-1e90-4558-ab05-ff601a54e0c0,
Billed Duration for Request 2733d99a-1e90-4558-ab05-ff601a54e0c0: 517 ms
Input: 5000000,
Cold Start: false
Unique ID: 303aed47-ecc0-44b1-8bad-dbd76fc05ff2,
Billed Duration for Request 303aed47-ecc0-44b1-8bad-dbd76fc05ff2: 529 ms
Input: 5000000,
Cold Start: false
Unique ID: 83c8198e-28fc-45d9-9e5f-0773fc0967d6,
Billed Duration for Request 83c8198e-28fc-45d9-9e5f-0773fc0967d6: 524 ms
Input: 5000000,
Cold Start: false
Unique ID: 64680a57-47fd-4e79-988a-fbb0007bc3a6,
Billed Duration for Request 64680a57-47fd-4e79-988a-fbb0007bc3a6: 509 ms
Input: 5000000,
Cold Start: false
Unique ID: 789ac7f5-05e6-4bdf-96a6-4003a7f4562e,
Billed Duration for Request 789ac7f5-05e6-4bdf-96a6-4003a7f4562e: 512 ms
Input: 5000000,
Cold Start: false
Unique ID: 40c86c8a-60cf-4b0c-824c-548ce5332c68,
Billed Duration for Request 40c86c8a-60cf-4b0c-824c-548ce5332c68: 512 ms
Input: 5000000,
Cold Start: false
Unique ID: e65a3b45-826f-40ee-aae0-443d619a02e0,
Billed Duration for Request e65a3b45-826f-40ee-aae0-443d619a02e0: 524 ms
Input: 5000000,
Cold Start: false
Unique ID: 03069d1e-ca28-4f70-842a-2666cef8b8d0,
Billed Duration for Request 03069d1e-ca28-4f70-842a-2666cef8b8d0: 530 ms
Input: 5000000,
Cold Start: false
Unique ID: 94ba196d-e313-4b02-ae08-a0bbc0d3e43d,
Billed Duration for Request 94ba196d-e313-4b02-ae08-a0bbc0d3e43d: 511 ms
Input: 5000000,
Cold Start: false
Unique ID: f73a01e0-6bc0-4bb6-b75e-5e3d229b2375,
Billed Duration for Request f73a01e0-6bc0-4bb6-b75e-5e3d229b2375: 512 ms
Input: 5000000,
Cold Start: false
Unique ID: 0385f33a-8304-45bd-8f7b-baa9392aac50,
Billed Duration for Request 0385f33a-8304-45bd-8f7b-baa9392aac50: 510 ms
Input: 5000000,
Cold Start: false
Unique ID: f28c1f62-9402-418e-84b2-909821a16228,
Billed Duration for Request f28c1f62-9402-418e-84b2-909821a16228: 530 ms
Input: 5000000,
Cold Start: false
Unique ID: 90cd15c9-863e-49f0-83ed-c6aa5f95fcfe,
Billed Duration for Request 90cd15c9-863e-49f0-83ed-c6aa5f95fcfe: 512 ms
Input: 5000000,
Cold Start: false
Unique ID: 23e4ebe2-5b65-4d85-8ecf-b75b3100a356,
Billed Duration for Request 23e4ebe2-5b65-4d85-8ecf-b75b3100a356: 526 ms
Input: 5000000,
Cold Start: false
Unique ID: 5d58f49a-b28b-4f87-9592-b8223efcd8f6,
Billed Duration for Request 5d58f49a-b28b-4f87-9592-b8223efcd8f6: 521 ms
Input: 5000000,
Cold Start: false
Unique ID: a22067bc-4965-419c-80ee-70a46128fcfb,
Billed Duration for Request a22067bc-4965-419c-80ee-70a46128fcfb: 513 ms
Input: 5000000,
Cold Start: false
Unique ID: fe515592-9285-4a06-96c2-1de217695e96,
Billed Duration for Request fe515592-9285-4a06-96c2-1de217695e96: 524 ms
Input: 5000000,
Cold Start: false
Unique ID: 60fa359f-f511-4a75-bf74-cfbcd3e8a126,
Billed Duration for Request 60fa359f-f511-4a75-bf74-cfbcd3e8a126: 509 ms
Input: 5000000,
Cold Start: false
Unique ID: d58aa098-f7af-438c-b7c2-05ad7914ec52,
Billed Duration for Request d58aa098-f7af-438c-b7c2-05ad7914ec52: 514 ms
Input: 5000000,
Cold Start: false
Unique ID: 56e7a98b-f036-41cb-bc32-3caf06033a8b,
Billed Duration for Request 56e7a98b-f036-41cb-bc32-3caf06033a8b: 523 ms
Input: 5000000,
Cold Start: false
Unique ID: cdefb723-5ed7-4f72-aabc-154ac00b3e2a,
Billed Duration for Request cdefb723-5ed7-4f72-aabc-154ac00b3e2a: 515 ms
Input: 5000000,
Cold Start: false
Unique ID: aab90f23-1ae4-4d1b-958d-dbb511ddaa9d,
Billed Duration for Request aab90f23-1ae4-4d1b-958d-dbb511ddaa9d: 514 ms
Input: 5000000,
Cold Start: false
Unique ID: 083f79fc-5cb3-4bd7-adba-94a740f59c14,
Billed Duration for Request 083f79fc-5cb3-4bd7-adba-94a740f59c14: 511 ms
Input: 5000000,
Cold Start: false
Unique ID: 989755ac-1577-40c4-9755-34530b318f46,
Billed Duration for Request 989755ac-1577-40c4-9755-34530b318f46: 506 ms
Input: 5000000,
Cold Start: false
Unique ID: 991bc257-7573-4fdc-ac1d-cefdaeb6f2b6,
Billed Duration for Request 991bc257-7573-4fdc-ac1d-cefdaeb6f2b6: 511 ms
Input: 5000000,
Cold Start: false
Unique ID: 0e64742a-c949-4d56-acd9-1fdbd1f6166e,
Billed Duration for Request 0e64742a-c949-4d56-acd9-1fdbd1f6166e: 526 ms
Input: 5000000,
Cold Start: false
Unique ID: c295eec6-5ce6-422b-b3d1-876de0894712,
Billed Duration for Request c295eec6-5ce6-422b-b3d1-876de0894712: 507 ms
Input: 5000000,
Cold Start: false
Unique ID: 5552286b-e797-432b-96f5-962bf27a56fa,
Billed Duration for Request 5552286b-e797-432b-96f5-962bf27a56fa: 515 ms
Input: 5000000,
Cold Start: false
Unique ID: d300a86c-8012-4eec-a528-ddb9c0a3a45d,
Billed Duration for Request d300a86c-8012-4eec-a528-ddb9c0a3a45d: 510 ms
Input: 5000000,
Cold Start: false
Unique ID: bd77e0bb-c8f0-4458-bc6b-b2b3b66b5b07,
Billed Duration for Request bd77e0bb-c8f0-4458-bc6b-b2b3b66b5b07: 530 ms
Input: 5000000,
Cold Start: false
Unique ID: 0cc15f22-16b2-4bb6-a96b-93776c3ae8af,
Billed Duration for Request 0cc15f22-16b2-4bb6-a96b-93776c3ae8af: 514 ms
Input: 5000000,
Cold Start: false
Unique ID: e8de9986-57af-4c72-9be0-32b34b9ec976,
Billed Duration for Request e8de9986-57af-4c72-9be0-32b34b9ec976: 511 ms
Input: 5000000,
Cold Start: false
Unique ID: a0a3551a-d988-496e-a9e1-9aae62da3906,
Billed Duration for Request a0a3551a-d988-496e-a9e1-9aae62da3906: 527 ms
Input: 5000000,
Cold Start: false
Unique ID: 6c215a44-6839-49f9-ae2c-f4e648ed3e71,
Billed Duration for Request 6c215a44-6839-49f9-ae2c-f4e648ed3e71: 510 ms
Input: 5000000,
Cold Start: false
Unique ID: d28f434f-eac5-4e1d-a1eb-e73214f956dd,
Billed Duration for Request d28f434f-eac5-4e1d-a1eb-e73214f956dd: 507 ms
Input: 5000000,
Cold Start: false
Unique ID: 1538cc96-78ec-4b88-95c3-0fa0522e7ef9,
Billed Duration for Request 1538cc96-78ec-4b88-95c3-0fa0522e7ef9: 496 ms
Input: 5000000,
Cold Start: false
Unique ID: ec59cc76-dc97-44bb-b2f5-3742f917584e,
Billed Duration for Request ec59cc76-dc97-44bb-b2f5-3742f917584e: 527 ms
Input: 5000000,
Cold Start: false
Unique ID: 8a7d25d3-9ccb-4933-ad4d-be8cc434d621,
Billed Duration for Request 8a7d25d3-9ccb-4933-ad4d-be8cc434d621: 527 ms
Input: 5000000,
Cold Start: false
Unique ID: 707ef308-cc75-46ed-b6ae-47ea348a0ba7,
Billed Duration for Request 707ef308-cc75-46ed-b6ae-47ea348a0ba7: 510 ms
Input: 5000000,
Cold Start: false
Unique ID: c5b972b2-2356-4bcb-8b9a-220c20534d05,
Billed Duration for Request c5b972b2-2356-4bcb-8b9a-220c20534d05: 510 ms
Input: 5000000,
Cold Start: false
Unique ID: 0f0c3f36-351b-4fbe-886e-05f31be0c50c,
Billed Duration for Request 0f0c3f36-351b-4fbe-886e-05f31be0c50c: 516 ms
Input: 5000000,
Cold Start: false
Unique ID: aac9420e-1168-4e2d-a39c-45661444317e,
Billed Duration for Request aac9420e-1168-4e2d-a39c-45661444317e: 505 ms
Input: 5000000,
Cold Start: false
Unique ID: aa25e66a-6a06-4f18-b714-1d0126837bf5,
Billed Duration for Request aa25e66a-6a06-4f18-b714-1d0126837bf5: 526 ms
Input: 5000000,
Cold Start: false
Unique ID: aa573684-729c-47ac-8443-84dc2afc93e9,
Billed Duration for Request aa573684-729c-47ac-8443-84dc2afc93e9: 508 ms
Input: 5000000,
Cold Start: false
Unique ID: f7d50f5a-04ca-49fd-9951-9f109a3f3885,
Billed Duration for Request f7d50f5a-04ca-49fd-9951-9f109a3f3885: 520 ms
Input: 5000000,
Cold Start: false
Unique ID: d2d6b38f-91af-4443-9c2d-aaa4cf016d3e,
Billed Duration for Request d2d6b38f-91af-4443-9c2d-aaa4cf016d3e: 509 ms
Input: 5000000,
Cold Start: false
Unique ID: e2722a3e-8d92-4edc-820a-de34b18adb92,
Billed Duration for Request e2722a3e-8d92-4edc-820a-de34b18adb92: 512 ms
Input: 5000000,
Cold Start: false
Unique ID: 47f8ba18-e2ea-4f83-a26f-d8cf12142879,
Billed Duration for Request 47f8ba18-e2ea-4f83-a26f-d8cf12142879: 529 ms
Input: 5000000,
Cold Start: false
Unique ID: fdc7f381-ebf9-4c0b-9de1-f0cb64150ded,
Billed Duration for Request fdc7f381-ebf9-4c0b-9de1-f0cb64150ded: 531 ms
Input: 5000000,
Cold Start: false
Unique ID: a07c4703-2287-49e1-8322-6ef6450a9276,
Billed Duration for Request a07c4703-2287-49e1-8322-6ef6450a9276: 514 ms
Input: 5000000,
Cold Start: false
Unique ID: 2367562a-88c5-4d31-bac4-963336fec12c,
Billed Duration for Request 2367562a-88c5-4d31-bac4-963336fec12c: 516 ms
Input: 5000000,
Cold Start: false
Unique ID: 486be18c-c6ea-4cd9-a5c4-4166c4ffc6df,
Billed Duration for Request 486be18c-c6ea-4cd9-a5c4-4166c4ffc6df: 534 ms
Input: 5000000,
Cold Start: false
Unique ID: 52619586-de77-457f-af81-478604366ac1,
Billed Duration for Request 52619586-de77-457f-af81-478604366ac1: 524 ms
Input: 5000000,
Cold Start: false
Unique ID: 37adeca0-0272-4148-bd67-ac29bb09876f,
Billed Duration for Request 37adeca0-0272-4148-bd67-ac29bb09876f: 522 ms
Input: 5000000,
Cold Start: false
Unique ID: 53678d90-04a1-4f85-a661-9ec8b234e33b,
Billed Duration for Request 53678d90-04a1-4f85-a661-9ec8b234e33b: 505 ms
Input: 5000000,
Cold Start: false
Unique ID: 83570304-ded9-4e48-8777-a46735a29550,
Billed Duration for Request 83570304-ded9-4e48-8777-a46735a29550: 524 ms
Input: 5000000,
Cold Start: false
Unique ID: e143fade-3e2e-4745-b5b8-e76a0fae01b6,
Billed Duration for Request e143fade-3e2e-4745-b5b8-e76a0fae01b6: 516 ms
Input: 5000000,
Cold Start: false
Unique ID: 89bd2089-c98a-40e1-9e77-ebc476569ca5,
Billed Duration for Request 89bd2089-c98a-40e1-9e77-ebc476569ca5: 543 ms
Input: 5000000,
Cold Start: false
Unique ID: 08021310-7397-4af4-8703-bb736cb15423,
Billed Duration for Request 08021310-7397-4af4-8703-bb736cb15423: 511 ms
Input: 5000000,
Cold Start: false
Unique ID: 535f0c6f-ca96-4005-8a45-ec16ac1eebd8,
Billed Duration for Request 535f0c6f-ca96-4005-8a45-ec16ac1eebd8: 513 ms
Input: 5000000,
Cold Start: false
Unique ID: 0fbeb01f-3c2f-4147-a1b1-7a7fd37404c8,
Billed Duration for Request 0fbeb01f-3c2f-4147-a1b1-7a7fd37404c8: 515 ms
Input: 5000000,
Cold Start: false
Unique ID: c52edf8e-dbee-4509-b7a0-7d04e66b4290,
Billed Duration for Request c52edf8e-dbee-4509-b7a0-7d04e66b4290: 528 ms
Input: 5000000,
Cold Start: false
Unique ID: 88e1f394-38e5-4fff-9f68-c8b667d61d65,
Billed Duration for Request 88e1f394-38e5-4fff-9f68-c8b667d61d65: 525 ms
Input: 5000000,
Cold Start: false
Unique ID: b180cb99-6ed1-4003-902e-3a1b92677441,
Billed Duration for Request b180cb99-6ed1-4003-902e-3a1b92677441: 531 ms
Input: 5000000,
Cold Start: false
Unique ID: db4eea85-d921-41bd-ae39-a8d0038ad898,
Billed Duration for Request db4eea85-d921-41bd-ae39-a8d0038ad898: 512 ms
Input: 5000000,
Cold Start: false
Unique ID: 53323528-7d58-4504-a63b-ae8dad0f8494,
Billed Duration for Request 53323528-7d58-4504-a63b-ae8dad0f8494: 513 ms
Input: 5000000,
Cold Start: false
Unique ID: 357f8c91-8095-4c9c-b573-a65632d4d073,
Billed Duration for Request 357f8c91-8095-4c9c-b573-a65632d4d073: 527 ms
Input: 5000000,
Cold Start: false
Unique ID: 7f41dc67-a6ab-42d4-aa70-a832fe57a307,
Billed Duration for Request 7f41dc67-a6ab-42d4-aa70-a832fe57a307: 508 ms
Input: 5000000,
Cold Start: false
Unique ID: a3cba257-5da6-4837-8b0d-dfd4adea0d59,
Billed Duration for Request a3cba257-5da6-4837-8b0d-dfd4adea0d59: 529 ms
Input: 5000000,
Cold Start: false
Unique ID: 30eab0d0-7aa9-49f2-8640-0aa1ac9b454d,
Billed Duration for Request 30eab0d0-7aa9-49f2-8640-0aa1ac9b454d: 513 ms
Input: 5000000,
Cold Start: false
Unique ID: 6c36f2a4-5ff8-46f8-b4bc-05dda40727e0,
Billed Duration for Request 6c36f2a4-5ff8-46f8-b4bc-05dda40727e0: 517 ms
Input: 5000000,
Cold Start: false
Unique ID: 2655e814-292c-477c-9b20-aee5b59d2b8c,
Billed Duration for Request 2655e814-292c-477c-9b20-aee5b59d2b8c: 530 ms
Input: 5000000,
Cold Start: false
Unique ID: b3caab39-d807-4343-bcf4-d55b6085c262,
Billed Duration for Request b3caab39-d807-4343-bcf4-d55b6085c262: 521 ms
Input: 5000000,
Cold Start: false
Unique ID: 9d4d90e0-8af3-4db7-8dd3-fc2d83881450,
Billed Duration for Request 9d4d90e0-8af3-4db7-8dd3-fc2d83881450: 528 ms
Input: 5000000,
Cold Start: false
Unique ID: f2fcc31c-a744-4d37-b68d-50d37d1fd1e6,
Billed Duration for Request f2fcc31c-a744-4d37-b68d-50d37d1fd1e6: 505 ms
Input: 5000000,
Cold Start: false
Unique ID: 4247f636-642f-4e9a-9280-1ce53aa43e3a,
Billed Duration for Request 4247f636-642f-4e9a-9280-1ce53aa43e3a: 509 ms
Input: 5000000,
Cold Start: false
Unique ID: 4d30f61c-f463-4b85-a9a2-f6632f712ce1,
Billed Duration for Request 4d30f61c-f463-4b85-a9a2-f6632f712ce1: 514 ms
Input: 5000000,
Cold Start: false
Unique ID: 1bab4af5-4bc4-4846-97fe-43f3e6192afb,
Billed Duration for Request 1bab4af5-4bc4-4846-97fe-43f3e6192afb: 523 ms
Input: 5000000,
Cold Start: false
Unique ID: 14ff0773-9265-492e-8fe4-2d406f7b00fc,
Billed Duration for Request 14ff0773-9265-492e-8fe4-2d406f7b00fc: 526 ms
Input: 5000000,
Cold Start: false
Unique ID: 56e87c8c-120c-4953-9f9c-485a17745aac,
Billed Duration for Request 56e87c8c-120c-4953-9f9c-485a17745aac: 511 ms
Input: 5000000,
Cold Start: false
Unique ID: d3a3ca04-3e5b-4fdb-82de-dac77b9c2e81,
Billed Duration for Request d3a3ca04-3e5b-4fdb-82de-dac77b9c2e81: 516 ms
Input: 5000000,
Cold Start: false
Unique ID: 05022823-f19c-4410-83ca-c6d631cf9779,
Billed Duration for Request 05022823-f19c-4410-83ca-c6d631cf9779: 513 ms
Input: 5000000,
Cold Start: false
Unique ID: edf8f9c6-7a45-4bf5-9c53-69c2f34f7277,
Billed Duration for Request edf8f9c6-7a45-4bf5-9c53-69c2f34f7277: 533 ms
Input: 5000000,
Cold Start: false
Unique ID: f8d30d99-0e96-4635-b54a-1e9058f11bcd,
Billed Duration for Request f8d30d99-0e96-4635-b54a-1e9058f11bcd: 512 ms
Input: 5000000,
Cold Start: false
Unique ID: f75a4774-7ff6-47c4-ac06-c29bdb3e4964,
Billed Duration for Request f75a4774-7ff6-47c4-ac06-c29bdb3e4964: 510 ms
Input: 5000000,
Cold Start: false
Unique ID: ba3ca751-2344-4bd8-ae85-27e89325ad0b,
Billed Duration for Request ba3ca751-2344-4bd8-ae85-27e89325ad0b: 510 ms
Input: 5000000,
Cold Start: false
Unique ID: 64c93741-7a42-4030-9027-1f7e2fc18b03,
Billed Duration for Request 64c93741-7a42-4030-9027-1f7e2fc18b03: 525 ms
Input: 5000000,
Cold Start: false
Unique ID: 0bcbf73d-b725-4c2d-8c87-4e8b214ee5ed,
Billed Duration for Request 0bcbf73d-b725-4c2d-8c87-4e8b214ee5ed: 521 ms
Input: 5000000,
Cold Start: false
Unique ID: 47dd8097-693a-4caa-9b61-43808de9b228,
Billed Duration for Request 47dd8097-693a-4caa-9b61-43808de9b228: 513 ms
Input: 5000000,
Cold Start: false
Unique ID: 4367d677-0a93-49cf-82b5-770050d2adc5,
Billed Duration for Request 4367d677-0a93-49cf-82b5-770050d2adc5: 512 ms
Input: 5000000,
Cold Start: false
Unique ID: a2e313ed-2f49-431e-b2e5-91b57b95776f,
Billed Duration for Request a2e313ed-2f49-431e-b2e5-91b57b95776f: 537 ms
Input: 5000000,
Cold Start: false
Unique ID: ea2dccf1-42ac-4eef-b871-01d6edd17b73,
Billed Duration for Request ea2dccf1-42ac-4eef-b871-01d6edd17b73: 529 ms
Input: 5000000,
Cold Start: false
Unique ID: 2d581293-2d10-4910-b20c-0f95e208c1ac,
Billed Duration for Request 2d581293-2d10-4910-b20c-0f95e208c1ac: 543 ms
Input: 5000000,
Cold Start: false
Unique ID: 95a39de0-4a37-4ecb-95c9-1a680a0388ce,
Billed Duration for Request 95a39de0-4a37-4ecb-95c9-1a680a0388ce: 510 ms
Input: 5000000,
Cold Start: false
Unique ID: 66364239-84f6-482a-8655-58e054ce2ed0,
Billed Duration for Request 66364239-84f6-482a-8655-58e054ce2ed0: 527 ms
Input: 5000000,
Cold Start: false
Unique ID: e517a238-f385-40e2-a923-411094af987d,
Billed Duration for Request e517a238-f385-40e2-a923-411094af987d: 511 ms
Input: 5000000,
Cold Start: false
Unique ID: a7acdfe6-95f0-4b05-8f1d-deb08804e844,
Billed Duration for Request a7acdfe6-95f0-4b05-8f1d-deb08804e844: 513 ms
Input: 5000000,
Cold Start: false
Unique ID: ae63c472-efa8-40e3-8ec7-54dff0dd1e6d,
Billed Duration for Request ae63c472-efa8-40e3-8ec7-54dff0dd1e6d: 525 ms
Input: 5000000,
Cold Start: false
Unique ID: 8c2ec76c-5fcb-47fb-b513-30202f25ba4a,
Billed Duration for Request 8c2ec76c-5fcb-47fb-b513-30202f25ba4a: 530 ms
Input: 5000000,
Cold Start: false
Unique ID: 5f14daf3-cd15-44b3-b2d3-d45989f7cd32,
Billed Duration for Request 5f14daf3-cd15-44b3-b2d3-d45989f7cd32: 512 ms
Input: 5000000,
Cold Start: false
Unique ID: f02dce4f-e24a-42a6-b3f3-96add6f96e00,
Billed Duration for Request f02dce4f-e24a-42a6-b3f3-96add6f96e00: 516 ms
Input: 5000000,
Cold Start: false
Unique ID: b07064b9-3e4f-4142-a2dc-7434996a54a7,
Billed Duration for Request b07064b9-3e4f-4142-a2dc-7434996a54a7: 512 ms
Input: 5000000,
Cold Start: false
Unique ID: c03dcd2d-b9a1-4504-91ad-1e53492c9a44,
Billed Duration for Request c03dcd2d-b9a1-4504-91ad-1e53492c9a44: 525 ms
Input: 5000000,
Cold Start: false
Unique ID: 3718e154-cd70-40ed-be9c-53d9e60094fd,
Billed Duration for Request 3718e154-cd70-40ed-be9c-53d9e60094fd: 512 ms
Input: 5000000,
Cold Start: false
Unique ID: 70b69e57-bcea-4d29-ba22-27d02bda88e7,
Billed Duration for Request 70b69e57-bcea-4d29-ba22-27d02bda88e7: 511 ms
Input: 5000000,
Cold Start: false
Unique ID: a860b26c-a814-48cf-843c-81263b140a9e,
Billed Duration for Request a860b26c-a814-48cf-843c-81263b140a9e: 515 ms
Input: 5000000,
Cold Start: false
Unique ID: 9038ffd2-7d89-45ca-ba1d-6a51d9e82659,
Billed Duration for Request 9038ffd2-7d89-45ca-ba1d-6a51d9e82659: 528 ms
Input: 5000000,
Cold Start: false
Unique ID: 15ecc45b-97a7-48d5-8ecc-42417cfc8c84,
Billed Duration for Request 15ecc45b-97a7-48d5-8ecc-42417cfc8c84: 510 ms
Input: 5000000,
Cold Start: false
Unique ID: 1333e586-2d44-4665-98c2-82b30301ba59,
Billed Duration for Request 1333e586-2d44-4665-98c2-82b30301ba59: 513 ms
Input: 5000000,
Cold Start: false
Unique ID: 2e920631-24ff-4857-92bf-92dd479e0ee6,
Billed Duration for Request 2e920631-24ff-4857-92bf-92dd479e0ee6: 512 ms
Input: 5000000,
Cold Start: false
Unique ID: 5031cf3b-3bd6-491f-a058-120913d789d9,
Billed Duration for Request 5031cf3b-3bd6-491f-a058-120913d789d9: 516 ms
Input: 5000000,
Cold Start: false
Unique ID: 88a7e784-c0f1-4124-b84f-e67b0d5c32df,
Billed Duration for Request 88a7e784-c0f1-4124-b84f-e67b0d5c32df: 513 ms
Input: 5000000,
Cold Start: false
Unique ID: 4cd08314-7373-4f6d-af75-061f579e3035,
Billed Duration for Request 4cd08314-7373-4f6d-af75-061f579e3035: 514 ms
Input: 5000000,
Cold Start: false
Unique ID: 1407ac98-3035-424d-be5f-5a5df6e505a1,
Billed Duration for Request 1407ac98-3035-424d-be5f-5a5df6e505a1: 512 ms
Input: 5000000,
Cold Start: false
Unique ID: b174d0b5-3003-44f8-afc5-3c31c837f99c,
Billed Duration for Request b174d0b5-3003-44f8-afc5-3c31c837f99c: 511 ms
Input: 5000000,
Cold Start: false
Unique ID: 92409b5b-3b2f-466a-92c8-0c93ccb67aca,
Billed Duration for Request 92409b5b-3b2f-466a-92c8-0c93ccb67aca: 516 ms
Input: 5000000,
Cold Start: false
Unique ID: 07d303c9-84e0-479c-8e44-00e47a7af262,
Billed Duration for Request 07d303c9-84e0-479c-8e44-00e47a7af262: 516 ms
Input: 5000000,
Cold Start: false
Unique ID: 0e4dddca-45ee-4478-b30c-2f6a9f76ec9b,
Billed Duration for Request 0e4dddca-45ee-4478-b30c-2f6a9f76ec9b: 514 ms
Input: 5000000,
Cold Start: false
Unique ID: 4923e469-a537-4398-900c-4ffb142cbdfe,
Billed Duration for Request 4923e469-a537-4398-900c-4ffb142cbdfe: 530 ms
Input: 5000000,
Cold Start: false
Unique ID: 2fda8262-cf76-450e-8f4d-bc10557b1363,
Billed Duration for Request 2fda8262-cf76-450e-8f4d-bc10557b1363: 515 ms
Input: 5000000,
Cold Start: false
Unique ID: a4f7524b-7179-4481-a1d4-b0c58e6be66a,
Billed Duration for Request a4f7524b-7179-4481-a1d4-b0c58e6be66a: 518 ms
Input: 5000000,
Cold Start: false
Unique ID: 6641859f-1328-4151-9dba-264919cd705d,
Billed Duration for Request 6641859f-1328-4151-9dba-264919cd705d: 534 ms
Input: 5000000,
Cold Start: false
Unique ID: 3773ca7a-30bf-4eec-aed6-937062fe6104,
Billed Duration for Request 3773ca7a-30bf-4eec-aed6-937062fe6104: 531 ms
Input: 5000000,
Cold Start: false
Unique ID: d096fabe-1a13-44fd-a32b-617d4a61bdca,
Billed Duration for Request d096fabe-1a13-44fd-a32b-617d4a61bdca: 524 ms
Input: 5000000,
Cold Start: false
Unique ID: 42ba9f96-cf39-4aee-af41-b790c926a8f2,
Billed Duration for Request 42ba9f96-cf39-4aee-af41-b790c926a8f2: 511 ms
Input: 5000000,
Cold Start: false
Unique ID: 97281578-305e-452b-9723-181644d6ec8e,
Billed Duration for Request 97281578-305e-452b-9723-181644d6ec8e: 509 ms
Input: 5000000,
Cold Start: false
Unique ID: 8ef6dfe4-f465-4cdd-87c2-0ebd3d8183a4,
Billed Duration for Request 8ef6dfe4-f465-4cdd-87c2-0ebd3d8183a4: 546 ms
Input: 5000000,
Cold Start: false
Unique ID: ce0a1b5f-a546-4d37-84da-0f329f809b5d,
Billed Duration for Request ce0a1b5f-a546-4d37-84da-0f329f809b5d: 510 ms
Input: 5000000,
Cold Start: false
Unique ID: 357ec1c0-6edf-4b28-b3a4-bb1e6a0cd23c,
Billed Duration for Request 357ec1c0-6edf-4b28-b3a4-bb1e6a0cd23c: 514 ms
Input: 5000000,
Cold Start: false
Unique ID: b01bb861-bea7-4583-8d26-f3730d31363d,
Billed Duration for Request b01bb861-bea7-4583-8d26-f3730d31363d: 513 ms
Input: 5000000,
Cold Start: false
Unique ID: cbc246f3-c397-4133-8832-b697e3174e8e,
Billed Duration for Request cbc246f3-c397-4133-8832-b697e3174e8e: 514 ms
Input: 5000000,
Cold Start: false
Unique ID: 37cb6cfd-5626-48e4-b7f6-0cd10ae5cb66,
Billed Duration for Request 37cb6cfd-5626-48e4-b7f6-0cd10ae5cb66: 518 ms
Input: 5000000,
Cold Start: false
Unique ID: 8ea11a18-f3f5-4bfc-ae86-b7f07af565d2,
Billed Duration for Request 8ea11a18-f3f5-4bfc-ae86-b7f07af565d2: 527 ms
Input: 5000000,
Cold Start: false
Unique ID: 0dee04dc-4ad2-4744-8e4d-3e29ce8864dd,
Billed Duration for Request 0dee04dc-4ad2-4744-8e4d-3e29ce8864dd: 513 ms
Input: 5000000,
Cold Start: false
Unique ID: bd073d5a-d40f-42d4-81fa-24a20ee01597,
Billed Duration for Request bd073d5a-d40f-42d4-81fa-24a20ee01597: 523 ms
Input: 5000000,
Cold Start: false
Unique ID: 87085133-4e36-4991-a9fd-0b55d22f5ec6,
Billed Duration for Request 87085133-4e36-4991-a9fd-0b55d22f5ec6: 511 ms
Input: 5000000,
Cold Start: false
Unique ID: c7c16e61-4702-47f7-b86a-746fff061760,
Billed Duration for Request c7c16e61-4702-47f7-b86a-746fff061760: 513 ms
Input: 5000000,
Cold Start: false
Unique ID: 33cb660e-b518-49b5-8fa4-9a3c502cf99a,
Billed Duration for Request 33cb660e-b518-49b5-8fa4-9a3c502cf99a: 527 ms
Input: 5000000,
Cold Start: false
Unique ID: 05e62499-e676-4abc-8fd4-71bac67e97ff,
Billed Duration for Request 05e62499-e676-4abc-8fd4-71bac67e97ff: 515 ms
Input: 5000000,
Cold Start: false
Unique ID: cb070705-2464-424b-8e56-ac8a53bbfe1a,
Billed Duration for Request cb070705-2464-424b-8e56-ac8a53bbfe1a: 510 ms
Input: 5000000,
Cold Start: false
Unique ID: accfc7d1-5da8-4eb0-a208-a24bfcbd01ba,
Billed Duration for Request accfc7d1-5da8-4eb0-a208-a24bfcbd01ba: 515 ms
Input: 5000000,
Cold Start: false
Unique ID: 05e58a2a-620b-4f75-90f3-1047e87b452d,
Billed Duration for Request 05e58a2a-620b-4f75-90f3-1047e87b452d: 514 ms
Input: 5000000,
Cold Start: false
Unique ID: c3d39eff-7675-42bf-a664-f9edbc781276,
Billed Duration for Request c3d39eff-7675-42bf-a664-f9edbc781276: 528 ms
Input: 5000000,
Cold Start: false
Unique ID: baa2701e-3e26-4be7-b678-e37704e567a4,
Billed Duration for Request baa2701e-3e26-4be7-b678-e37704e567a4: 526 ms
Input: 5000000,
Cold Start: false
Unique ID: 39c7c6e4-0ac7-40b5-966f-10f4000f128a,
Billed Duration for Request 39c7c6e4-0ac7-40b5-966f-10f4000f128a: 512 ms
Input: 5000000,
Cold Start: false
Unique ID: cb556b99-228b-4e89-a063-7ca760ce5a2a,
Billed Duration for Request cb556b99-228b-4e89-a063-7ca760ce5a2a: 514 ms
Input: 5000000,
Cold Start: false
Unique ID: 3427a271-e1df-4bdb-b969-86da31062666,
Billed Duration for Request 3427a271-e1df-4bdb-b969-86da31062666: 516 ms
Input: 5000000,
Cold Start: false
Unique ID: 79ed3d5a-42d8-4b33-8d1f-b0fe9f8429ba,
Billed Duration for Request 79ed3d5a-42d8-4b33-8d1f-b0fe9f8429ba: 529 ms
Input: 5000000,
Cold Start: false
Unique ID: 518484e1-3f9c-443d-8b95-2c16293525cd,
Billed Duration for Request 518484e1-3f9c-443d-8b95-2c16293525cd: 530 ms
Input: 5000000,
Cold Start: false
Unique ID: b596a4a7-d871-4e19-9cce-5c27d2b17aa6,
Billed Duration for Request b596a4a7-d871-4e19-9cce-5c27d2b17aa6: 512 ms
Input: 5000000,
Cold Start: false
Unique ID: 5fcbdbb7-7350-4359-8004-638b436528bf,
Billed Duration for Request 5fcbdbb7-7350-4359-8004-638b436528bf: 512 ms
Input: 5000000,
Cold Start: false
Unique ID: d40baed3-b6d0-4655-8e59-02f12afc5624,
Billed Duration for Request d40baed3-b6d0-4655-8e59-02f12afc5624: 513 ms
Input: 5000000,
Cold Start: false
Unique ID: a20a0868-ff59-4429-b48b-396a18772c66,
Billed Duration for Request a20a0868-ff59-4429-b48b-396a18772c66: 512 ms
Input: 5000000,
Cold Start: false
Unique ID: 7723e36f-e4f0-44db-8238-0400821c4db9,
Billed Duration for Request 7723e36f-e4f0-44db-8238-0400821c4db9: 526 ms
Input: 5000000,
Cold Start: false
Unique ID: 548b9705-37e6-4c3d-872f-4da5b7ba6c49,
Billed Duration for Request 548b9705-37e6-4c3d-872f-4da5b7ba6c49: 511 ms
Input: 5000000,
Cold Start: false
Unique ID: 5eec5004-9182-4320-a1de-f703629734e6,
Billed Duration for Request 5eec5004-9182-4320-a1de-f703629734e6: 513 ms
Input: 5000000,
Cold Start: false
Unique ID: 161d9da6-f1f1-416d-92ce-fe4fcd42fb2c,
Billed Duration for Request 161d9da6-f1f1-416d-92ce-fe4fcd42fb2c: 512 ms
Input: 5000000,
Cold Start: false
Unique ID: 8844d9d3-8b90-45ec-bd6c-bedac86386b4,
Billed Duration for Request 8844d9d3-8b90-45ec-bd6c-bedac86386b4: 513 ms
Input: 5000000,
Cold Start: false
Unique ID: 7a307243-ebbc-49f6-a953-addf24e45f89,
Billed Duration for Request 7a307243-ebbc-49f6-a953-addf24e45f89: 528 ms
Input: 5000000,
Cold Start: false
Unique ID: 67f8812c-43d7-4b7f-a1d2-29493a67e086,
Billed Duration for Request 67f8812c-43d7-4b7f-a1d2-29493a67e086: 512 ms
Input: 5000000,
Cold Start: false
Unique ID: 8a12fdff-8f05-48ad-bb19-68d2ba70b140,
Billed Duration for Request 8a12fdff-8f05-48ad-bb19-68d2ba70b140: 513 ms
Input: 5000000,
Cold Start: false
Unique ID: 4eec620c-9ff3-4b91-8391-1fc7decca46f,
Billed Duration for Request 4eec620c-9ff3-4b91-8391-1fc7decca46f: 514 ms
Input: 5000000,
Cold Start: false
Unique ID: fbfe8895-046b-4441-84db-bede65483b2a,
Billed Duration for Request fbfe8895-046b-4441-84db-bede65483b2a: 552 ms
Input: 5000000,
Cold Start: false
Unique ID: 920e0702-01ef-4f63-8363-4a80684db2d1,
Billed Duration for Request 920e0702-01ef-4f63-8363-4a80684db2d1: 506 ms
Input: 5000000,
Cold Start: false
Unique ID: c5bd322e-865f-4f60-ab3e-46d8237b0759,
Billed Duration for Request c5bd322e-865f-4f60-ab3e-46d8237b0759: 510 ms
Input: 5000000,
Cold Start: false
Unique ID: 49a7e4a6-3451-4cc2-85fb-ffe68e8b8f1a,
Billed Duration for Request 49a7e4a6-3451-4cc2-85fb-ffe68e8b8f1a: 509 ms
Input: 5000000,
Cold Start: false
Unique ID: b1ea83ab-7d33-4abf-b878-75d74ed40df3,
Billed Duration for Request b1ea83ab-7d33-4abf-b878-75d74ed40df3: 510 ms
Input: 5000000,
Cold Start: false
Unique ID: 63fa3dd8-8e47-45f5-adb8-1c0b27a6e881,
Billed Duration for Request 63fa3dd8-8e47-45f5-adb8-1c0b27a6e881: 513 ms
Input: 5000000,
Cold Start: false
Unique ID: c23607c3-5b11-4d2e-9efd-459d744c8219,
Billed Duration for Request c23607c3-5b11-4d2e-9efd-459d744c8219: 528 ms
Input: 5000000,
Cold Start: false
Unique ID: 6efda612-4a5f-4267-9611-5c9971969b1b,
Billed Duration for Request 6efda612-4a5f-4267-9611-5c9971969b1b: 514 ms
Input: 5000000,
Cold Start: false
Unique ID: ca7c3c5f-7ced-4417-bcd3-e209bb5c3865,
Billed Duration for Request ca7c3c5f-7ced-4417-bcd3-e209bb5c3865: 511 ms
Input: 5000000,
Cold Start: false
Unique ID: 1bf63cc1-7b9f-46a9-85a5-75371efc6ee0,
Billed Duration for Request 1bf63cc1-7b9f-46a9-85a5-75371efc6ee0: 516 ms
Input: 5000000,
Cold Start: false
Unique ID: 7a934343-17f9-4956-bfa7-4b18266419ac,
Billed Duration for Request 7a934343-17f9-4956-bfa7-4b18266419ac: 534 ms
Input: 5000000,
Cold Start: false
Unique ID: 63e0f751-4b4a-4554-850e-53952c80b295,
Billed Duration for Request 63e0f751-4b4a-4554-850e-53952c80b295: 508 ms
Input: 5000000,
Cold Start: false
Unique ID: a5e92f2d-0574-4a46-9180-49dc9db6e3a4,
Billed Duration for Request a5e92f2d-0574-4a46-9180-49dc9db6e3a4: 519 ms
Input: 5000000,
Cold Start: false
Unique ID: 83ca10d7-68e8-4bce-b38b-dbdcb42f5a47,
Billed Duration for Request 83ca10d7-68e8-4bce-b38b-dbdcb42f5a47: 510 ms
Input: 5000000,
Cold Start: false
Unique ID: da34fc35-2b36-4963-adb3-7334fced5286,
Billed Duration for Request da34fc35-2b36-4963-adb3-7334fced5286: 511 ms
Input: 5000000,
Cold Start: false
Unique ID: 9dba8158-7f95-477c-b5dd-a5e8980b4db0,
Billed Duration for Request 9dba8158-7f95-477c-b5dd-a5e8980b4db0: 531 ms
Input: 5000000,
Cold Start: false
Unique ID: 516a9c54-796b-4b61-808a-6030cb39126c,
Billed Duration for Request 516a9c54-796b-4b61-808a-6030cb39126c: 531 ms
Input: 5000000,
Cold Start: false
Unique ID: cd4de64e-2346-4977-9285-836c4b1c2c67,
Billed Duration for Request cd4de64e-2346-4977-9285-836c4b1c2c67: 515 ms
Input: 5000000,
Cold Start: false
Unique ID: f507cec3-c7b2-4a6c-9569-acf8fa2224fb,
Billed Duration for Request f507cec3-c7b2-4a6c-9569-acf8fa2224fb: 515 ms
Input: 5000000,
Cold Start: false
Unique ID: 99cf63b0-4dd9-4c7b-b16b-2b4af9df9b69,
Billed Duration for Request 99cf63b0-4dd9-4c7b-b16b-2b4af9df9b69: 526 ms
Input: 5000000,
Cold Start: false
Unique ID: 5adca8c0-0b76-4b1c-a519-bde7bacfc5f7,
Billed Duration for Request 5adca8c0-0b76-4b1c-a519-bde7bacfc5f7: 526 ms
Input: 5000000,
Cold Start: false
Unique ID: 7e19cd15-081e-4809-9b3f-c8e680d47cd3,
Billed Duration for Request 7e19cd15-081e-4809-9b3f-c8e680d47cd3: 527 ms
Input: 5000000,
Cold Start: false
Unique ID: 263951b9-03f9-4647-b032-797f95aeb705,
Billed Duration for Request 263951b9-03f9-4647-b032-797f95aeb705: 511 ms
Input: 5000000,
Cold Start: false
Unique ID: 6bb95642-be71-4fe1-b980-660234ba02ff,
Billed Duration for Request 6bb95642-be71-4fe1-b980-660234ba02ff: 485 ms
Input: 5000000,
Cold Start: false
Unique ID: fdf48f82-13cf-4d3c-aa61-39ba1aea47c7,
Billed Duration for Request fdf48f82-13cf-4d3c-aa61-39ba1aea47c7: 517 ms
Input: 5000000,
Cold Start: false
Unique ID: a4e952ee-582c-4a9a-8c84-86aa3095ef2c,
Billed Duration for Request a4e952ee-582c-4a9a-8c84-86aa3095ef2c: 509 ms
Input: 5000000,
Cold Start: false
Unique ID: df885005-e7c5-4679-9438-fddd1a1a8fa5,
Billed Duration for Request df885005-e7c5-4679-9438-fddd1a1a8fa5: 526 ms
Input: 5000000,
Cold Start: false
Unique ID: 0205eee5-f492-47c8-abcb-a0373483b842,
Billed Duration for Request 0205eee5-f492-47c8-abcb-a0373483b842: 511 ms
Input: 5000000,
Cold Start: false
Unique ID: 8fc069c8-fa47-48e0-bedf-3dcf311c9aff,
Billed Duration for Request 8fc069c8-fa47-48e0-bedf-3dcf311c9aff: 513 ms
Input: 5000000,
Cold Start: false
Unique ID: aedbcb28-5ebd-431c-82f0-63a3f81221bc,
Billed Duration for Request aedbcb28-5ebd-431c-82f0-63a3f81221bc: 529 ms
Input: 5000000,
Cold Start: false
Unique ID: be4a3337-4176-4a83-841c-6852b90e6f56,
Billed Duration for Request be4a3337-4176-4a83-841c-6852b90e6f56: 526 ms
Input: 5000000,
Cold Start: false
Unique ID: 20b9257c-c3c7-4531-b7e3-73c6f4c99285,
Billed Duration for Request 20b9257c-c3c7-4531-b7e3-73c6f4c99285: 520 ms
Input: 5000000,
Cold Start: false
Unique ID: 08e90dd8-3e72-490c-a745-5071b8bf1a8c,
Billed Duration for Request 08e90dd8-3e72-490c-a745-5071b8bf1a8c: 516 ms
Input: 5000000,
Cold Start: false
Unique ID: b04fa4c6-ba27-4aaf-9eee-2fe3856be594,
Billed Duration for Request b04fa4c6-ba27-4aaf-9eee-2fe3856be594: 520 ms
Input: 5000000,
Cold Start: false
Unique ID: 2c1929b1-1926-431c-ba5d-58ba98ae02af,
Billed Duration for Request 2c1929b1-1926-431c-ba5d-58ba98ae02af: 506 ms
Input: 5000000,
Cold Start: false
Unique ID: af7477f0-4164-4a68-951f-02a062629d37,
Billed Duration for Request af7477f0-4164-4a68-951f-02a062629d37: 527 ms
Input: 5000000,
Cold Start: false
Unique ID: 86846016-c0d1-4f1b-a43e-f2d71e2ac939,
Billed Duration for Request 86846016-c0d1-4f1b-a43e-f2d71e2ac939: 512 ms
Input: 5000000,
Cold Start: false
Unique ID: 7cf75bac-e175-4fe4-9b97-876aff7f413e,
Billed Duration for Request 7cf75bac-e175-4fe4-9b97-876aff7f413e: 506 ms
Input: 5000000,
Cold Start: false
Unique ID: 210bceab-c455-43ed-9201-aec9d014ac86,
Billed Duration for Request 210bceab-c455-43ed-9201-aec9d014ac86: 512 ms
Input: 5000000,
Cold Start: false
Unique ID: de20839e-8822-4af9-90ca-65494b0a871e,
Billed Duration for Request de20839e-8822-4af9-90ca-65494b0a871e: 533 ms
Input: 5000000,
Cold Start: false
Unique ID: 7054e98f-b7db-4315-bbed-6a1e7791816e,
Billed Duration for Request 7054e98f-b7db-4315-bbed-6a1e7791816e: 513 ms
Input: 5000000,
Cold Start: false
Unique ID: 25620188-f587-43d5-8506-18d934e11c72,
Billed Duration for Request 25620188-f587-43d5-8506-18d934e11c72: 519 ms
Input: 5000000,
Cold Start: false
Unique ID: c1080aa6-b86d-4b1b-a751-2e6f592668b4,
Billed Duration for Request c1080aa6-b86d-4b1b-a751-2e6f592668b4: 519 ms
Input: 5000000,
Cold Start: false
Unique ID: d0d679b8-deb8-43bb-92b0-f1425904e388,
Billed Duration for Request d0d679b8-deb8-43bb-92b0-f1425904e388: 518 ms
Input: 5000000,
Cold Start: false
Unique ID: f79f1428-8ba5-4ccd-b403-f4c36a2d048c,
Billed Duration for Request f79f1428-8ba5-4ccd-b403-f4c36a2d048c: 505 ms
Input: 5000000,
Cold Start: false
Unique ID: 3f3afd6c-3753-464b-bcd5-5410e4cb3f3c,
Billed Duration for Request 3f3afd6c-3753-464b-bcd5-5410e4cb3f3c: 527 ms
Input: 5000000,
Cold Start: false
Unique ID: e027250e-6bab-4b42-9b91-06f8172858a7,
Billed Duration for Request e027250e-6bab-4b42-9b91-06f8172858a7: 530 ms
Input: 5000000,
Cold Start: false
Unique ID: 13c42d3a-896e-4894-9b57-525965a87d7d,
Billed Duration for Request 13c42d3a-896e-4894-9b57-525965a87d7d: 496 ms
Input: 5000000,
Cold Start: false
Unique ID: e54a71bb-2746-4166-8490-bc88cbcc4cd9,
Billed Duration for Request e54a71bb-2746-4166-8490-bc88cbcc4cd9: 514 ms
Input: 5000000,
Cold Start: false
Unique ID: fb95a1f1-76ce-49ec-a8db-b40b10fbe19e,
Billed Duration for Request fb95a1f1-76ce-49ec-a8db-b40b10fbe19e: 535 ms
Input: 5000000,
Cold Start: false
Unique ID: 0dc6990b-1533-4f3c-ad6c-174e4304ab9c,
Billed Duration for Request 0dc6990b-1533-4f3c-ad6c-174e4304ab9c: 530 ms
Input: 5000000,
Cold Start: false
Unique ID: 7c2ea860-580f-45a7-b07d-22c4c084432d,
Billed Duration for Request 7c2ea860-580f-45a7-b07d-22c4c084432d: 525 ms
Input: 5000000,
Cold Start: false
Unique ID: 6e9bd3d1-0b8c-489e-a70b-4c484c6cb0a7,
Billed Duration for Request 6e9bd3d1-0b8c-489e-a70b-4c484c6cb0a7: 546 ms
Input: 5000000,
Cold Start: false
Unique ID: fdf7c985-7908-48de-ae76-6a356a0349b6,
Billed Duration for Request fdf7c985-7908-48de-ae76-6a356a0349b6: 520 ms
Input: 5000000,
Cold Start: false
Unique ID: 1be4f2fd-7fb3-468a-825d-4a358d7aa648,
Billed Duration for Request 1be4f2fd-7fb3-468a-825d-4a358d7aa648: 505 ms
Input: 5000000,
Cold Start: false
Unique ID: b17c425b-3312-4de4-9321-aa62d3c36de2,
Billed Duration for Request b17c425b-3312-4de4-9321-aa62d3c36de2: 510 ms
Input: 5000000,
Cold Start: false
Unique ID: ee525314-d382-43ee-9f46-c26f9e2f5dbe,
Billed Duration for Request ee525314-d382-43ee-9f46-c26f9e2f5dbe: 511 ms
Input: 5000000,
Cold Start: false
Unique ID: 89139467-a5f6-442e-be3a-e17537ad96be,
Billed Duration for Request 89139467-a5f6-442e-be3a-e17537ad96be: 496 ms
Input: 5000000,
Cold Start: false
Unique ID: a6e46e58-2053-4db1-b4e2-58af5b53c845,
Billed Duration for Request a6e46e58-2053-4db1-b4e2-58af5b53c845: 498 ms
Input: 5000000,
Cold Start: false
Unique ID: 74af67ef-d4a0-4878-b7ed-10828c4fcc67,
Billed Duration for Request 74af67ef-d4a0-4878-b7ed-10828c4fcc67: 510 ms
Input: 5000000,
Cold Start: false
Unique ID: 36e67a75-e47c-4453-8f51-2513223310d9,
Billed Duration for Request 36e67a75-e47c-4453-8f51-2513223310d9: 510 ms
Input: 5000000,
Cold Start: false
Unique ID: bb3af4ed-0119-4db7-8dab-3c18132b2b70,
Billed Duration for Request bb3af4ed-0119-4db7-8dab-3c18132b2b70: 507 ms
Input: 5000000,
Cold Start: false
Unique ID: 2f528add-a1ae-45b2-98d0-1b83d64361a3,
Billed Duration for Request 2f528add-a1ae-45b2-98d0-1b83d64361a3: 496 ms
Input: 5000000,
Cold Start: false
Unique ID: 9f9f0fe7-1ee8-41dc-8d04-8c661af9eb04,
Billed Duration for Request 9f9f0fe7-1ee8-41dc-8d04-8c661af9eb04: 519 ms
Input: 5000000,
Cold Start: false
Unique ID: 17d786c4-5980-4572-9858-1612a86909b9,
Billed Duration for Request 17d786c4-5980-4572-9858-1612a86909b9: 504 ms
Input: 5000000,
Cold Start: false
Unique ID: d76e16a4-3a0d-40e9-9517-1266efc9650f,
Billed Duration for Request d76e16a4-3a0d-40e9-9517-1266efc9650f: 491 ms
Input: 5000000,
Cold Start: false
Unique ID: 6db61698-a376-4699-afcf-286c94c33943,
Billed Duration for Request 6db61698-a376-4699-afcf-286c94c33943: 522 ms
Input: 5000000,
Cold Start: false
Unique ID: 8057938d-d184-4b71-a300-dbe00881bf64,
Billed Duration for Request 8057938d-d184-4b71-a300-dbe00881bf64: 507 ms
Input: 5000000,
Cold Start: false
Unique ID: 18f9448e-1e80-4a6e-afbf-b0e88fe18f51,
Billed Duration for Request 18f9448e-1e80-4a6e-afbf-b0e88fe18f51: 495 ms
Input: 5000000,
Cold Start: false
Unique ID: dda52595-a109-4d02-9980-5bc05c0c84a3,
Billed Duration for Request dda52595-a109-4d02-9980-5bc05c0c84a3: 512 ms
Input: 5000000,
Cold Start: false
Unique ID: c7258f67-103f-452b-bebd-888bd5eccc67,
Billed Duration for Request c7258f67-103f-452b-bebd-888bd5eccc67: 508 ms
Input: 5000000,
Cold Start: false
Unique ID: 7423778b-0a04-47fe-9776-b4a83be47378,
Billed Duration for Request 7423778b-0a04-47fe-9776-b4a83be47378: 497 ms
Input: 5000000,
Cold Start: false
Unique ID: 3d514f66-c155-436b-9ac6-b1c633ebfc27,
Billed Duration for Request 3d514f66-c155-436b-9ac6-b1c633ebfc27: 501 ms
Input: 5000000,
Cold Start: false
Unique ID: 1f9e7e6a-8b5f-44b2-acdf-b1e8c3d68bae,
Billed Duration for Request 1f9e7e6a-8b5f-44b2-acdf-b1e8c3d68bae: 516 ms
Input: 5000000,
Cold Start: false
Unique ID: 9a076e4a-bb41-4b09-aaa8-8272b4db58bb,
Billed Duration for Request 9a076e4a-bb41-4b09-aaa8-8272b4db58bb: 506 ms
Input: 5000000,
Cold Start: false
Unique ID: d19d2272-9d80-42cb-900f-80ade22cf079,
Billed Duration for Request d19d2272-9d80-42cb-900f-80ade22cf079: 511 ms
Input: 5000000,
Cold Start: false
Unique ID: 58e153a6-82fa-4d64-831e-d2df7ac512b5,
Billed Duration for Request 58e153a6-82fa-4d64-831e-d2df7ac512b5: 509 ms
Input: 5000000,
Cold Start: false
Unique ID: 143b46cb-8180-4d8e-b37b-e7ad394c34df,
Billed Duration for Request 143b46cb-8180-4d8e-b37b-e7ad394c34df: 504 ms
Input: 5000000,
Cold Start: false
Unique ID: 1e103c31-9473-4cfd-b643-059902f8e29a,
Billed Duration for Request 1e103c31-9473-4cfd-b643-059902f8e29a: 495 ms
Input: 5000000,
Cold Start: false
Unique ID: 55bbbe0c-3fe0-4da6-8386-816822b44d9a,
Billed Duration for Request 55bbbe0c-3fe0-4da6-8386-816822b44d9a: 515 ms
Input: 5000000,
Cold Start: false
Unique ID: 05197081-c880-4a2e-b9d6-3f13aa21495d,
Billed Duration for Request 05197081-c880-4a2e-b9d6-3f13aa21495d: 544 ms
Input: 5000000,
Cold Start: false
Unique ID: 20628d5d-338c-4373-83df-6a9dbd1fac4f,
Billed Duration for Request 20628d5d-338c-4373-83df-6a9dbd1fac4f: 503 ms
Input: 5000000,
Cold Start: false
Unique ID: 6c2c948d-768a-43ef-ba30-7f2569871938,
Billed Duration for Request 6c2c948d-768a-43ef-ba30-7f2569871938: 501 ms
Input: 5000000,
Cold Start: false
Unique ID: 6230ade2-e0c8-4c1b-82e7-96d2e9e60dc4,
Billed Duration for Request 6230ade2-e0c8-4c1b-82e7-96d2e9e60dc4: 514 ms
Input: 5000000,
Cold Start: false
Unique ID: 1afa1490-168c-4a82-82e1-89ec7c6c76f3,
Billed Duration for Request 1afa1490-168c-4a82-82e1-89ec7c6c76f3: 507 ms
Input: 5000000,
Cold Start: false
Unique ID: c8737247-7a0f-40d6-829c-dece414f943f,
Billed Duration for Request c8737247-7a0f-40d6-829c-dece414f943f: 511 ms
Input: 5000000,
Cold Start: false
Unique ID: 9d465ec3-9781-4ed6-82e1-9461a4d52d76,
Billed Duration for Request 9d465ec3-9781-4ed6-82e1-9461a4d52d76: 511 ms
Input: 5000000,
Cold Start: false
Unique ID: 24cec2d9-83cf-4ea4-9a87-e0901e99c927,
Billed Duration for Request 24cec2d9-83cf-4ea4-9a87-e0901e99c927: 492 ms
Input: 5000000,
Cold Start: false
Unique ID: 206821fa-3fb9-4e76-b0db-e776ffbeee91,
Billed Duration for Request 206821fa-3fb9-4e76-b0db-e776ffbeee91: 508 ms
Input: 5000000,
Cold Start: false
Unique ID: 2998019f-5025-4bb7-84cc-ccaa5f891b81,
Billed Duration for Request 2998019f-5025-4bb7-84cc-ccaa5f891b81: 500 ms
Input: 5000000,
Cold Start: false
Unique ID: 6ef8806c-3e92-43e1-b2f0-2b7a17e6dc1e,
Billed Duration for Request 6ef8806c-3e92-43e1-b2f0-2b7a17e6dc1e: 524 ms
Input: 5000000,
Cold Start: false
Unique ID: dee89bba-dc49-4d67-88a7-209f57bb27bb,
Billed Duration for Request dee89bba-dc49-4d67-88a7-209f57bb27bb: 503 ms
Input: 5000000,
Cold Start: false
Unique ID: 0ebdb448-e45c-48a4-bdcf-427dddfaaa59,
Billed Duration for Request 0ebdb448-e45c-48a4-bdcf-427dddfaaa59: 515 ms
Input: 5000000,
Cold Start: false
Unique ID: 44c99d5a-9b85-4679-b70d-248d50f3afd4,
Billed Duration for Request 44c99d5a-9b85-4679-b70d-248d50f3afd4: 516 ms
Input: 5000000,
Cold Start: false
Unique ID: 5d347884-14db-4eb5-93bf-33962b38e4b5,
Billed Duration for Request 5d347884-14db-4eb5-93bf-33962b38e4b5: 507 ms
Input: 5000000,
Cold Start: false
Unique ID: 9fb9a097-e1bd-4c5e-b6ad-0c1f5d88303a,
Billed Duration for Request 9fb9a097-e1bd-4c5e-b6ad-0c1f5d88303a: 511 ms
Input: 5000000,
Cold Start: false
Unique ID: 42d11c4c-be0a-4fe0-a796-b9e117d9779b,
Billed Duration for Request 42d11c4c-be0a-4fe0-a796-b9e117d9779b: 512 ms
Input: 5000000,
Cold Start: false
Unique ID: bc1fbe5f-49e9-40fa-b920-10ff101b1048,
Billed Duration for Request bc1fbe5f-49e9-40fa-b920-10ff101b1048: 495 ms
Input: 5000000,
Cold Start: false
Unique ID: addcb025-4c60-453a-92a5-505eadce5e57,
Billed Duration for Request addcb025-4c60-453a-92a5-505eadce5e57: 500 ms
Input: 5000000,
Cold Start: false
Unique ID: d8014767-3849-42e3-a426-c0a3635f1562,
Billed Duration for Request d8014767-3849-42e3-a426-c0a3635f1562: 513 ms
Input: 5000000,
Cold Start: false
Unique ID: a16c20c3-170e-49fd-92c1-bc1de59df9bc,
Billed Duration for Request a16c20c3-170e-49fd-92c1-bc1de59df9bc: 510 ms
Input: 5000000,
Cold Start: false
Unique ID: 5ca3de1d-3405-47b8-a61c-0e33ae746287,
Billed Duration for Request 5ca3de1d-3405-47b8-a61c-0e33ae746287: 508 ms
Input: 5000000,
Cold Start: false
Unique ID: b715f223-332b-4958-8d85-3207ae0091f0,
Billed Duration for Request b715f223-332b-4958-8d85-3207ae0091f0: 518 ms
Input: 5000000,
Cold Start: false
Unique ID: 2e937e19-3d7e-412e-a91e-bbd8e0434162,
Billed Duration for Request 2e937e19-3d7e-412e-a91e-bbd8e0434162: 517 ms
Input: 5000000,
Cold Start: false
Unique ID: 4bdbefed-ca9e-44e8-8c76-3bdc3812ebc1,
Billed Duration for Request 4bdbefed-ca9e-44e8-8c76-3bdc3812ebc1: 504 ms
Input: 5000000,
Cold Start: false
Unique ID: c119ac51-9f76-4a65-a97f-caf44589a178,
Billed Duration for Request c119ac51-9f76-4a65-a97f-caf44589a178: 510 ms
Input: 5000000,
Cold Start: false
Unique ID: 0f115a0d-4924-4084-83cf-69bb4b26d71f,
Billed Duration for Request 0f115a0d-4924-4084-83cf-69bb4b26d71f: 507 ms
Input: 5000000,
Cold Start: false
Unique ID: 89a8c1d8-0c72-440a-ae1f-611cab743987,
Billed Duration for Request 89a8c1d8-0c72-440a-ae1f-611cab743987: 496 ms
Input: 5000000,
Cold Start: false
Unique ID: 701bce99-ba4c-470e-b722-892f4e4682ba,
Billed Duration for Request 701bce99-ba4c-470e-b722-892f4e4682ba: 497 ms
Input: 5000000,
Cold Start: false
Unique ID: 6afa2fb0-9f15-41ed-ade7-98489ce0dd50,
Billed Duration for Request 6afa2fb0-9f15-41ed-ade7-98489ce0dd50: 508 ms
Input: 5000000,
Cold Start: false
Unique ID: c9b81b0c-9f1c-46fa-8516-417dbb24e29e,
Billed Duration for Request c9b81b0c-9f1c-46fa-8516-417dbb24e29e: 512 ms
Input: 5000000,
Cold Start: false
Unique ID: bbb2b127-a6e5-4e91-9834-de18a5fc1e95,
Billed Duration for Request bbb2b127-a6e5-4e91-9834-de18a5fc1e95: 505 ms
Input: 5000000,
Cold Start: false
Unique ID: 74032f9a-388d-44aa-adac-a0072090ac47,
Billed Duration for Request 74032f9a-388d-44aa-adac-a0072090ac47: 516 ms
Input: 5000000,
Cold Start: false
Unique ID: 6bb34a6a-7548-4fee-a1ed-0a99cf578b79,
Billed Duration for Request 6bb34a6a-7548-4fee-a1ed-0a99cf578b79: 518 ms
Input: 5000000,
Cold Start: false
Unique ID: d17f31eb-d7f3-442e-9dac-ca33ea563415,
Billed Duration for Request d17f31eb-d7f3-442e-9dac-ca33ea563415: 504 ms
Input: 5000000,
Cold Start: false
Unique ID: c62b5f4f-400b-4bca-acf7-64a6003d803d,
Billed Duration for Request c62b5f4f-400b-4bca-acf7-64a6003d803d: 510 ms
Input: 5000000,
Cold Start: false
Unique ID: 54d15598-9205-4d81-847f-49f0b54347c5,
Billed Duration for Request 54d15598-9205-4d81-847f-49f0b54347c5: 512 ms
Input: 5000000,
Cold Start: false
Unique ID: 3a52e22a-18e4-40a4-a523-9ff3f042c5d3,
Billed Duration for Request 3a52e22a-18e4-40a4-a523-9ff3f042c5d3: 496 ms
Input: 5000000,
Cold Start: false
Unique ID: 2dfec0c9-fb4c-4da2-8a55-1d055bf2507d,
Billed Duration for Request 2dfec0c9-fb4c-4da2-8a55-1d055bf2507d: 496 ms
Input: 5000000,
Cold Start: false
Unique ID: f9be1a41-700c-4495-88a6-1f4c85c3b6e7,
Billed Duration for Request f9be1a41-700c-4495-88a6-1f4c85c3b6e7: 506 ms
Input: 5000000,
Cold Start: false
Unique ID: 2b8d2742-34d4-4096-bc00-4a80776c60be,
Billed Duration for Request 2b8d2742-34d4-4096-bc00-4a80776c60be: 507 ms
Input: 5000000,
Cold Start: false
Unique ID: 2f7084f5-0f3c-4c23-9c25-87fdd679cfe8,
Billed Duration for Request 2f7084f5-0f3c-4c23-9c25-87fdd679cfe8: 504 ms
Input: 5000000,
Cold Start: false
Unique ID: 15f367b5-f768-4e88-a093-ef48785797d3,
Billed Duration for Request 15f367b5-f768-4e88-a093-ef48785797d3: 516 ms
Input: 5000000,
Cold Start: false
Unique ID: 42fd63f8-69b6-46e6-8500-9e6a7e24c49e,
Billed Duration for Request 42fd63f8-69b6-46e6-8500-9e6a7e24c49e: 519 ms
Input: 5000000,
Cold Start: false
Unique ID: bb64d664-bc84-4533-abe4-43c490517548,
Billed Duration for Request bb64d664-bc84-4533-abe4-43c490517548: 507 ms
Input: 5000000,
Cold Start: false
Unique ID: 67974314-34c4-4817-bd10-36e38e89fc59,
Billed Duration for Request 67974314-34c4-4817-bd10-36e38e89fc59: 515 ms
Input: 5000000,
Cold Start: false
Unique ID: 701d26ad-21c5-4d41-9f96-04e9ba2f8233,
Billed Duration for Request 701d26ad-21c5-4d41-9f96-04e9ba2f8233: 512 ms
Input: 5000000,
Cold Start: false
Unique ID: 07aeac52-4572-45a3-af09-b04eef9e1f88,
Billed Duration for Request 07aeac52-4572-45a3-af09-b04eef9e1f88: 497 ms
Input: 5000000,
Cold Start: false
Unique ID: c7be7804-f865-4e04-b16f-45fbd1b2b813,
Billed Duration for Request c7be7804-f865-4e04-b16f-45fbd1b2b813: 496 ms
Input: 5000000,
Cold Start: false
Unique ID: b6c0d8d4-c403-4cf6-b34f-f54b2a37cbc4,
Billed Duration for Request b6c0d8d4-c403-4cf6-b34f-f54b2a37cbc4: 512 ms
Input: 5000000,
Cold Start: false
Unique ID: a4e12710-3dc3-454c-a21e-279805f8bf1f,
Billed Duration for Request a4e12710-3dc3-454c-a21e-279805f8bf1f: 510 ms
Input: 5000000,
Cold Start: false
Unique ID: 4a7fe13a-f5c7-4975-bb4d-c139faa4ca5c,
Billed Duration for Request 4a7fe13a-f5c7-4975-bb4d-c139faa4ca5c: 496 ms
Input: 5000000,
Cold Start: false
Unique ID: 489fdd57-0b4e-4852-ac45-8722ed427bf4,
Billed Duration for Request 489fdd57-0b4e-4852-ac45-8722ed427bf4: 497 ms
Input: 5000000,
Cold Start: false
Unique ID: 65c48ff6-b92f-4b6d-ae1a-18e20664653d,
Billed Duration for Request 65c48ff6-b92f-4b6d-ae1a-18e20664653d: 505 ms
Input: 5000000,
Cold Start: false
Unique ID: d0d2fd90-bc10-4ddf-99d9-759573b4de52,
Billed Duration for Request d0d2fd90-bc10-4ddf-99d9-759573b4de52: 518 ms
Input: 5000000,
Cold Start: false
Unique ID: 3fb4b002-b9ff-4c9a-a48c-eb878e616e28,
Billed Duration for Request 3fb4b002-b9ff-4c9a-a48c-eb878e616e28: 511 ms
Input: 5000000,
Cold Start: false
Unique ID: 2caf6848-6c5f-47e8-9a1c-19a17e32f6f7,
Billed Duration for Request 2caf6848-6c5f-47e8-9a1c-19a17e32f6f7: 509 ms
Input: 5000000,
Cold Start: false
Unique ID: 5e2b46f2-a213-4474-aad4-680f34fe3183,
Billed Duration for Request 5e2b46f2-a213-4474-aad4-680f34fe3183: 503 ms
Input: 5000000,
Cold Start: false
Unique ID: b2557ee3-7a5c-46a2-a60a-0ec7f04168fb,
Billed Duration for Request b2557ee3-7a5c-46a2-a60a-0ec7f04168fb: 505 ms
Input: 5000000,
Cold Start: false
Unique ID: 8fd0c4fa-dfd5-41a1-bfe0-147481b30e1a,
Billed Duration for Request 8fd0c4fa-dfd5-41a1-bfe0-147481b30e1a: 512 ms
Input: 5000000,
Cold Start: false
Unique ID: 6f9305ae-2a55-468b-842e-081c8576079d,
Billed Duration for Request 6f9305ae-2a55-468b-842e-081c8576079d: 527 ms
Input: 5000000,
Cold Start: false
Unique ID: c9dafcd4-41f8-46d8-b467-a27da60c89d2,
Billed Duration for Request c9dafcd4-41f8-46d8-b467-a27da60c89d2: 505 ms
Input: 5000000,
Cold Start: false
Unique ID: 43c3118e-c22a-4d4c-8717-b8a21fd79720,
Billed Duration for Request 43c3118e-c22a-4d4c-8717-b8a21fd79720: 514 ms
Input: 5000000,
Cold Start: false
Unique ID: 018edd11-038b-4f18-9fb5-1402f999adf0,
Billed Duration for Request 018edd11-038b-4f18-9fb5-1402f999adf0: 521 ms
Input: 5000000,
Cold Start: false
Unique ID: c3f0b3bb-770d-494b-80d7-f22f312432b7,
Billed Duration for Request c3f0b3bb-770d-494b-80d7-f22f312432b7: 503 ms
Input: 5000000,
Cold Start: false
Unique ID: e27b9b5c-03c5-4776-93a6-f8cdba8e06a4,
Billed Duration for Request e27b9b5c-03c5-4776-93a6-f8cdba8e06a4: 514 ms
Input: 5000000,
Cold Start: false
Unique ID: 9cbe0391-b548-4d77-8bd9-58a8fef729fa,
Billed Duration for Request 9cbe0391-b548-4d77-8bd9-58a8fef729fa: 510 ms
Input: 5000000,
Cold Start: false
Unique ID: b62bf916-cd1c-407e-8757-50b745395785,
Billed Duration for Request b62bf916-cd1c-407e-8757-50b745395785: 493 ms
Input: 5000000,
Cold Start: false
Unique ID: b447ac1c-dc39-4ec7-87db-1bb08f3da146,
Billed Duration for Request b447ac1c-dc39-4ec7-87db-1bb08f3da146: 502 ms
Input: 5000000,
Cold Start: false
Unique ID: 4de8250e-289e-4673-af0e-fd315652e23c,
Billed Duration for Request 4de8250e-289e-4673-af0e-fd315652e23c: 512 ms
Input: 5000000,
Cold Start: false
Unique ID: d0d18ae7-00e3-43d4-b58b-dd95f60d71c9,
Billed Duration for Request d0d18ae7-00e3-43d4-b58b-dd95f60d71c9: 511 ms
Input: 5000000,
Cold Start: false
Unique ID: 9cdfae54-79ba-4d53-a9b0-a6ead52905d8,
Billed Duration for Request 9cdfae54-79ba-4d53-a9b0-a6ead52905d8: 503 ms
Input: 5000000,
Cold Start: false
Unique ID: 4c3b03e5-3718-4d0a-aae4-c39017a23858,
Billed Duration for Request 4c3b03e5-3718-4d0a-aae4-c39017a23858: 512 ms
Input: 5000000,
Cold Start: false
Unique ID: 833fcd89-e25c-471a-86ad-65114a8d58b5,
Billed Duration for Request 833fcd89-e25c-471a-86ad-65114a8d58b5: 520 ms
Input: 5000000,
Cold Start: false
Unique ID: 45c53ef6-d0a6-4c5c-84d7-a9333a0d4cf9,
Billed Duration for Request 45c53ef6-d0a6-4c5c-84d7-a9333a0d4cf9: 507 ms
Input: 5000000,
Cold Start: false
Unique ID: 0917bf3b-74a2-425f-8335-96139409fb76,
Billed Duration for Request 0917bf3b-74a2-425f-8335-96139409fb76: 512 ms
Input: 5000000,
Cold Start: false
Unique ID: 205d14c9-59b2-4226-9532-89c5be8b654c,
Billed Duration for Request 205d14c9-59b2-4226-9532-89c5be8b654c: 507 ms
Input: 5000000,
Cold Start: false
Unique ID: dcf656cc-0db3-4619-99dc-6aa9b801d203,
Billed Duration for Request dcf656cc-0db3-4619-99dc-6aa9b801d203: 491 ms
Input: 5000000,
Cold Start: false
Unique ID: 45c81681-0cde-41fc-930e-7be34c0f9f36,
Billed Duration for Request 45c81681-0cde-41fc-930e-7be34c0f9f36: 496 ms
Input: 5000000,
Cold Start: false
Unique ID: 48a85517-fa43-4d35-8fda-3b77c08030a6,
Billed Duration for Request 48a85517-fa43-4d35-8fda-3b77c08030a6: 511 ms
Input: 5000000,
Cold Start: false
Unique ID: e3bf5fe6-6ed1-4bc2-84dc-63146f66ca20,
Billed Duration for Request e3bf5fe6-6ed1-4bc2-84dc-63146f66ca20: 510 ms
Input: 5000000,
Cold Start: false
Unique ID: 905228cb-2149-4bb2-8f71-a7384d2c6856,
Billed Duration for Request 905228cb-2149-4bb2-8f71-a7384d2c6856: 502 ms
Input: 5000000,
Cold Start: false
Unique ID: d8327553-9560-4821-ad88-2326769149ed,
Billed Duration for Request d8327553-9560-4821-ad88-2326769149ed: 513 ms
Input: 5000000,
Cold Start: false
Unique ID: d5ff162d-88b2-459d-af0f-cfd8caa33362,
Billed Duration for Request d5ff162d-88b2-459d-af0f-cfd8caa33362: 520 ms
Input: 5000000,
Cold Start: false
Unique ID: 2220c9a9-d8af-4af6-aa86-834442fa965b,
Billed Duration for Request 2220c9a9-d8af-4af6-aa86-834442fa965b: 503 ms
Input: 5000000,
Cold Start: false
Unique ID: 805f0fb8-59f2-4a35-92c7-40270a2fd565,
Billed Duration for Request 805f0fb8-59f2-4a35-92c7-40270a2fd565: 511 ms
Input: 5000000,
Cold Start: false
Unique ID: 0e5c2e0f-4425-4ddf-b623-0358c75766d9,
Billed Duration for Request 0e5c2e0f-4425-4ddf-b623-0358c75766d9: 511 ms
Input: 5000000,
Cold Start: false
Unique ID: ce0bbe33-9d36-4176-ae90-ad354b899481,
Billed Duration for Request ce0bbe33-9d36-4176-ae90-ad354b899481: 509 ms
Input: 5000000,
Cold Start: false
Unique ID: e5350395-62fa-486a-a1ca-4157569e5262,
Billed Duration for Request e5350395-62fa-486a-a1ca-4157569e5262: 516 ms
Input: 5000000,
Cold Start: false
Unique ID: 1f1fcccc-37dd-4eb3-be22-94c798a76d61,
Billed Duration for Request 1f1fcccc-37dd-4eb3-be22-94c798a76d61: 512 ms
Input: 5000000,
Cold Start: false
Unique ID: 3deaffc1-f8a9-4542-9c93-94cab58e68fc,
Billed Duration for Request 3deaffc1-f8a9-4542-9c93-94cab58e68fc: 507 ms
Input: 5000000,
Cold Start: false
Unique ID: d392dd04-76e2-453a-a70e-bce215d2661d,
Billed Duration for Request d392dd04-76e2-453a-a70e-bce215d2661d: 506 ms
Input: 5000000,
Cold Start: false
Unique ID: ed13e9a9-7adf-4ecf-9c1b-030d370635e4,
Billed Duration for Request ed13e9a9-7adf-4ecf-9c1b-030d370635e4: 498 ms
Input: 5000000,
Cold Start: false
Unique ID: 4168aa22-f2c7-4de3-a8b1-5e9b18ae5d1c,
Billed Duration for Request 4168aa22-f2c7-4de3-a8b1-5e9b18ae5d1c: 519 ms
Input: 5000000,
Cold Start: false
Unique ID: 552b48ad-2882-4edd-836e-81e125246362,
Billed Duration for Request 552b48ad-2882-4edd-836e-81e125246362: 491 ms
Input: 5000000,
Cold Start: false
Unique ID: 9f1d5719-7444-4789-b237-c2d1cdc05560,
Billed Duration for Request 9f1d5719-7444-4789-b237-c2d1cdc05560: 512 ms
Input: 5000000,
Cold Start: false
Unique ID: 789d76be-183b-43cf-b549-26cf376e58b5,
Billed Duration for Request 789d76be-183b-43cf-b549-26cf376e58b5: 509 ms
Input: 5000000,
Cold Start: false
Unique ID: 6c122159-a9cb-4367-982c-883818e7e970,
Billed Duration for Request 6c122159-a9cb-4367-982c-883818e7e970: 514 ms
Input: 5000000,
Cold Start: false
Unique ID: b250d351-50ca-4d70-b8b3-20b88b59afae,
Billed Duration for Request b250d351-50ca-4d70-b8b3-20b88b59afae: 517 ms
Input: 5000000,
Cold Start: false
Unique ID: ad711231-7c68-49c3-ba97-4f81ca21a776,
Billed Duration for Request ad711231-7c68-49c3-ba97-4f81ca21a776: 512 ms
Input: 5000000,
Cold Start: false
Unique ID: 72858774-b714-4a70-8270-1c40094c6ef3,
Billed Duration for Request 72858774-b714-4a70-8270-1c40094c6ef3: 512 ms
Input: 5000000,
Cold Start: false
Unique ID: 8c307dab-44b6-4739-8daa-ffd18f09eec5,
Billed Duration for Request 8c307dab-44b6-4739-8daa-ffd18f09eec5: 504 ms
Input: 5000000,
Cold Start: false
Unique ID: 0597653c-e444-4c01-9d0e-6c521e7b87d5,
Billed Duration for Request 0597653c-e444-4c01-9d0e-6c521e7b87d5: 518 ms
Input: 5000000,
Cold Start: false
Unique ID: 768e7b36-b5de-4eeb-82c3-643605bbc577,
Billed Duration for Request 768e7b36-b5de-4eeb-82c3-643605bbc577: 524 ms
Input: 5000000,
Cold Start: false
Unique ID: 17024dc3-f850-4ae4-9880-85344b4fc709,
Billed Duration for Request 17024dc3-f850-4ae4-9880-85344b4fc709: 508 ms
Input: 5000000,
Cold Start: false
Unique ID: 6229a738-d5c2-4010-ba1d-eac8fbf06d21,
Billed Duration for Request 6229a738-d5c2-4010-ba1d-eac8fbf06d21: 509 ms
Input: 5000000,
Cold Start: false
Unique ID: 7a65f7fa-13d6-4cb3-b5ab-97d9f818d72e,
Billed Duration for Request 7a65f7fa-13d6-4cb3-b5ab-97d9f818d72e: 512 ms
Input: 5000000,
Cold Start: false
Unique ID: 35516dc5-6245-41e0-87a9-4b494b63d1e0,
Billed Duration for Request 35516dc5-6245-41e0-87a9-4b494b63d1e0: 507 ms
Input: 5000000,
Cold Start: false
Unique ID: f0d7aacc-3f1e-44e5-bcb3-50b52b5b62d3,
Billed Duration for Request f0d7aacc-3f1e-44e5-bcb3-50b52b5b62d3: 514 ms
Input: 5000000,
Cold Start: false
Unique ID: c6dfa242-8e5f-4d6a-8146-4b0096168d40,
Billed Duration for Request c6dfa242-8e5f-4d6a-8146-4b0096168d40: 513 ms
Input: 5000000,
Cold Start: false
Unique ID: ef74cda8-b57a-4de8-af91-427c174a8d39,
Billed Duration for Request ef74cda8-b57a-4de8-af91-427c174a8d39: 526 ms
Input: 5000000,
Cold Start: false
Unique ID: 77a75281-5500-4cb7-9bad-0d42f9f91bc4,
Billed Duration for Request 77a75281-5500-4cb7-9bad-0d42f9f91bc4: 503 ms
Input: 5000000,
Cold Start: false
Unique ID: 7765f1e4-3b25-493f-a678-967716be541b,
Billed Duration for Request 7765f1e4-3b25-493f-a678-967716be541b: 517 ms
Input: 5000000,
Cold Start: false
Unique ID: 78d94765-8f91-4fce-9306-48d0078cccaf,
Billed Duration for Request 78d94765-8f91-4fce-9306-48d0078cccaf: 539 ms
Input: 5000000,
Cold Start: false
Unique ID: 4fa6105d-1452-4426-b70b-c7c01a6e6c89,
Billed Duration for Request 4fa6105d-1452-4426-b70b-c7c01a6e6c89: 503 ms
Input: 5000000,
Cold Start: false
Unique ID: dbaee128-08bc-46a8-bb5c-07305ea87615,
Billed Duration for Request dbaee128-08bc-46a8-bb5c-07305ea87615: 509 ms
Input: 5000000,
Cold Start: false
Unique ID: 1ec4e642-1d33-454b-a5b8-136a3d428d37,
Billed Duration for Request 1ec4e642-1d33-454b-a5b8-136a3d428d37: 527 ms
Input: 5000000,
Cold Start: false
Unique ID: d1d20d42-16df-49ef-b819-3809c262c3dc,
Billed Duration for Request d1d20d42-16df-49ef-b819-3809c262c3dc: 494 ms
Input: 5000000,
Cold Start: false
Unique ID: e511b494-1204-418b-9d1a-8bf7a512e166,
Billed Duration for Request e511b494-1204-418b-9d1a-8bf7a512e166: 518 ms
Input: 5000000,
Cold Start: false
Unique ID: 84b98ead-28a8-4e04-abec-f22f6808879d,
Billed Duration for Request 84b98ead-28a8-4e04-abec-f22f6808879d: 511 ms
Input: 5000000,
Cold Start: false
Unique ID: badf2231-c0eb-4b59-b92d-5c1acc4ba0bb,
Billed Duration for Request badf2231-c0eb-4b59-b92d-5c1acc4ba0bb: 527 ms
Input: 5000000,
Cold Start: false
Unique ID: 3d484899-0c78-467c-a344-00f818fd90f7,
Billed Duration for Request 3d484899-0c78-467c-a344-00f818fd90f7: 500 ms
Input: 5000000,
Cold Start: false
Unique ID: 9b179ced-4ed4-432f-8081-858889973b2d,
Billed Duration for Request 9b179ced-4ed4-432f-8081-858889973b2d: 515 ms
Input: 5000000,
Cold Start: false
Unique ID: e588417c-252c-42aa-b733-4efed40688ca,
Billed Duration for Request e588417c-252c-42aa-b733-4efed40688ca: 518 ms
Input: 5000000,
Cold Start: false
Unique ID: a936f010-7728-4070-a628-1971f3ef2cea,
Billed Duration for Request a936f010-7728-4070-a628-1971f3ef2cea: 487 ms
Input: 5000000,
Cold Start: false
Unique ID: d2bf2e52-c0d8-43a4-8deb-51a7e7ac507a,
Billed Duration for Request d2bf2e52-c0d8-43a4-8deb-51a7e7ac507a: 508 ms
Input: 5000000,
Cold Start: false
Unique ID: 0340e2cf-313d-459d-81e6-42b637c66778,
Billed Duration for Request 0340e2cf-313d-459d-81e6-42b637c66778: 528 ms
Input: 5000000,
Cold Start: false
Unique ID: bdfcc4bd-59ab-42da-aa78-3f228b21d65a,
Billed Duration for Request bdfcc4bd-59ab-42da-aa78-3f228b21d65a: 511 ms
Input: 5000000,
Cold Start: false
Unique ID: 234e48c1-1cb6-4324-b101-18104398695d,
Billed Duration for Request 234e48c1-1cb6-4324-b101-18104398695d: 515 ms
Input: 5000000,
Cold Start: false
Unique ID: cd810a14-5bf8-443b-a3e3-adb50cc1d495,
Billed Duration for Request cd810a14-5bf8-443b-a3e3-adb50cc1d495: 515 ms
Input: 5000000,
Cold Start: false
Unique ID: 9027e2b0-315c-4f2d-9e0b-50f75a32e447,
Billed Duration for Request 9027e2b0-315c-4f2d-9e0b-50f75a32e447: 509 ms
Input: 5000000,
Cold Start: false
Unique ID: a7f3e031-9c23-421d-bdbf-8fc2ae276d9d,
Billed Duration for Request a7f3e031-9c23-421d-bdbf-8fc2ae276d9d: 503 ms
Input: 5000000,
Cold Start: false
Unique ID: d32dbacf-7ca7-4f7a-9158-a4055bb23a0e,
Billed Duration for Request d32dbacf-7ca7-4f7a-9158-a4055bb23a0e: 511 ms
Input: 5000000,
Cold Start: false
Unique ID: f02db298-4fe2-4661-937a-9cdc375df38c,
Billed Duration for Request f02db298-4fe2-4661-937a-9cdc375df38c: 499 ms
Input: 5000000,
Cold Start: false
Unique ID: a359d30a-d00a-41d8-a2ad-ac8f5c9778e1,
Billed Duration for Request a359d30a-d00a-41d8-a2ad-ac8f5c9778e1: 507 ms
Input: 5000000,
Cold Start: false
Unique ID: 221c03df-22db-43b2-8984-d16dddc6dfad,
Billed Duration for Request 221c03df-22db-43b2-8984-d16dddc6dfad: 507 ms
Input: 5000000,
Cold Start: false
Unique ID: ba02dded-b20c-402b-9b6a-f1f2419643df,
Billed Duration for Request ba02dded-b20c-402b-9b6a-f1f2419643df: 522 ms
Input: 5000000,
Cold Start: false
Unique ID: 6c2bfefe-f9c8-40c3-809c-3b4e9e2d1dc4,
Billed Duration for Request 6c2bfefe-f9c8-40c3-809c-3b4e9e2d1dc4: 510 ms
Input: 5000000,
Cold Start: false
Unique ID: 83132a98-f782-49b1-8206-e98bed9389c2,
Billed Duration for Request 83132a98-f782-49b1-8206-e98bed9389c2: 498 ms
Input: 5000000,
Cold Start: false
Unique ID: 640b94db-de8b-4ef3-a7c9-e0f1550cae91,
Billed Duration for Request 640b94db-de8b-4ef3-a7c9-e0f1550cae91: 524 ms
Input: 5000000,
Cold Start: false
Unique ID: 2be087ac-bd10-4b44-85cd-e505c10b6894,
Billed Duration for Request 2be087ac-bd10-4b44-85cd-e505c10b6894: 518 ms
Input: 5000000,
Cold Start: false
Unique ID: 8359fb00-b70e-4720-bc17-97326546a4d8,
Billed Duration for Request 8359fb00-b70e-4720-bc17-97326546a4d8: 500 ms
Input: 5000000,
Cold Start: false
Unique ID: d4410807-1ba0-4802-98f2-04470361f431,
Billed Duration for Request d4410807-1ba0-4802-98f2-04470361f431: 507 ms
Input: 5000000,
Cold Start: false
Unique ID: 903385f7-b76c-49d4-819b-e0b256355c66,
Billed Duration for Request 903385f7-b76c-49d4-819b-e0b256355c66: 518 ms
Input: 5000000,
Cold Start: false
Unique ID: 45d56c25-293a-4bf0-a46b-e8e5bec55351,
Billed Duration for Request 45d56c25-293a-4bf0-a46b-e8e5bec55351: 505 ms
Input: 5000000,
Cold Start: false
Unique ID: f7fa52e3-0cb7-4dc7-a02a-fd189e2e6a34,
Billed Duration for Request f7fa52e3-0cb7-4dc7-a02a-fd189e2e6a34: 526 ms
Input: 5000000,
Cold Start: false
Unique ID: 39db7573-071a-4faa-b29d-b7122b62e4a2,
Billed Duration for Request 39db7573-071a-4faa-b29d-b7122b62e4a2: 509 ms
Input: 5000000,
Cold Start: false
Unique ID: 67db5350-c25b-4368-a9fe-e645a2f7436e,
Billed Duration for Request 67db5350-c25b-4368-a9fe-e645a2f7436e: 494 ms
Input: 5000000,
Cold Start: false
Unique ID: 4224cc37-05d6-4090-ade6-54cc0aaf44ba,
Billed Duration for Request 4224cc37-05d6-4090-ade6-54cc0aaf44ba: 509 ms
Input: 5000000,
Cold Start: false
Unique ID: 5893a526-3a35-454e-a76f-96279817b917,
Billed Duration for Request 5893a526-3a35-454e-a76f-96279817b917: 514 ms
Input: 5000000,
Cold Start: false
Unique ID: 80928d9c-79a8-4a61-8c0d-128bbfd23e6c,
Billed Duration for Request 80928d9c-79a8-4a61-8c0d-128bbfd23e6c: 512 ms
Input: 5000000,
Cold Start: false
Unique ID: ba8f05c8-f070-4fd2-87a5-15f1c07da965,
Billed Duration for Request ba8f05c8-f070-4fd2-87a5-15f1c07da965: 503 ms
Input: 5000000,
Cold Start: false
Unique ID: ee130906-2c65-4340-9d9d-e73e566c6a6d,
Billed Duration for Request ee130906-2c65-4340-9d9d-e73e566c6a6d: 518 ms
Input: 5000000,
Cold Start: false
Unique ID: 91621cd7-8288-4abe-934a-5159437aa380,
Billed Duration for Request 91621cd7-8288-4abe-934a-5159437aa380: 522 ms
Input: 5000000,
Cold Start: false
Unique ID: 14eff612-0381-4e55-b4a0-4e50e76010d8,
Billed Duration for Request 14eff612-0381-4e55-b4a0-4e50e76010d8: 508 ms
Input: 5000000,
Cold Start: false
Unique ID: 6c923730-ffe3-4944-816d-e4cb8510a621,
Billed Duration for Request 6c923730-ffe3-4944-816d-e4cb8510a621: 517 ms
Input: 5000000,
Cold Start: false
Unique ID: 5c90b777-1f99-4f1b-af44-bc2f2679c5bd,
Billed Duration for Request 5c90b777-1f99-4f1b-af44-bc2f2679c5bd: 511 ms
Input: 5000000,
Cold Start: false
Unique ID: 0650b445-9346-4764-b370-fbbd4899d8c2,
Billed Duration for Request 0650b445-9346-4764-b370-fbbd4899d8c2: 511 ms
Input: 5000000,
Cold Start: false
Unique ID: ad8909a6-80ff-42a3-9381-e29b3bf163f7,
Billed Duration for Request ad8909a6-80ff-42a3-9381-e29b3bf163f7: 502 ms
Input: 5000000,
Cold Start: false
Unique ID: 7c2a63c3-1f8c-4df8-a788-63f89e578c49,
Billed Duration for Request 7c2a63c3-1f8c-4df8-a788-63f89e578c49: 520 ms
Input: 5000000,
Cold Start: false
Unique ID: f2ca23f4-0569-4dc1-8db2-c408365ffcaa,
Billed Duration for Request f2ca23f4-0569-4dc1-8db2-c408365ffcaa: 521 ms
Input: 5000000,
Cold Start: false
Unique ID: 91800924-74c6-4eb6-931b-9a610fc3ebff,
Billed Duration for Request 91800924-74c6-4eb6-931b-9a610fc3ebff: 497 ms
Input: 5000000,
Cold Start: false
Unique ID: 926e713c-7875-4f5a-9b7b-cf6890c1811c,
Billed Duration for Request 926e713c-7875-4f5a-9b7b-cf6890c1811c: 515 ms
Input: 5000000,
Cold Start: false
Unique ID: a93784b1-fa70-4fa7-8dbb-4912de3f4b47,
Billed Duration for Request a93784b1-fa70-4fa7-8dbb-4912de3f4b47: 518 ms
Input: 5000000,
Cold Start: false
Unique ID: a661228e-634e-4a71-a116-67b80426d227,
Billed Duration for Request a661228e-634e-4a71-a116-67b80426d227: 487 ms
Input: 5000000,
Cold Start: false
Unique ID: 2a089cac-7cb1-44a8-a9eb-f24f3cb5393b,
Billed Duration for Request 2a089cac-7cb1-44a8-a9eb-f24f3cb5393b: 512 ms
Input: 5000000,
Cold Start: false
Unique ID: 8780b7bd-f385-44c9-bdcf-d1bf32185ea5,
Billed Duration for Request 8780b7bd-f385-44c9-bdcf-d1bf32185ea5: 514 ms
Input: 5000000,
Cold Start: false
Unique ID: cb2a5c43-dcb1-4fae-ac34-b2b286466b0a,
Billed Duration for Request cb2a5c43-dcb1-4fae-ac34-b2b286466b0a: 512 ms
Input: 5000000,
Cold Start: false
Unique ID: 312881f5-41ca-437f-94c6-af50aea9c46a,
Billed Duration for Request 312881f5-41ca-437f-94c6-af50aea9c46a: 518 ms
Input: 5000000,
Cold Start: false
Unique ID: 25e3fc59-025e-4500-88f2-e520c80b074e,
Billed Duration for Request 25e3fc59-025e-4500-88f2-e520c80b074e: 522 ms
Input: 5000000,
Cold Start: false
Unique ID: 3c2a5523-e1e3-46f1-8d60-a83d6b2d3a98,
Billed Duration for Request 3c2a5523-e1e3-46f1-8d60-a83d6b2d3a98: 521 ms
Input: 5000000,
Cold Start: false
Unique ID: 6bd17b16-841c-4a1f-948b-2ac97cad9525,
Billed Duration for Request 6bd17b16-841c-4a1f-948b-2ac97cad9525: 504 ms
Input: 5000000,
Cold Start: false
Unique ID: 1c6151ae-22be-4f47-9279-d89777da079d,
Billed Duration for Request 1c6151ae-22be-4f47-9279-d89777da079d: 522 ms
Input: 5000000,
Cold Start: false
Unique ID: 8b9dea18-6874-4b0d-a87f-7b277c675701,
Billed Duration for Request 8b9dea18-6874-4b0d-a87f-7b277c675701: 504 ms
Input: 5000000,
Cold Start: false
Unique ID: 58eb563d-49a7-474f-bb68-e9d7accfcb8d,
Billed Duration for Request 58eb563d-49a7-474f-bb68-e9d7accfcb8d: 534 ms
Input: 5000000,
Cold Start: false
Unique ID: 584ac9ca-fcf6-4e69-96a9-7a5e034f5460,
Billed Duration for Request 584ac9ca-fcf6-4e69-96a9-7a5e034f5460: 510 ms
Input: 5000000,
Cold Start: false
Unique ID: 7697328c-27ab-4a5d-a7e9-922d1b118a23,
Billed Duration for Request 7697328c-27ab-4a5d-a7e9-922d1b118a23: 511 ms
Input: 5000000,
Cold Start: false
Unique ID: 8e4c2926-1c58-4a49-9776-d8a47ebad409,
Billed Duration for Request 8e4c2926-1c58-4a49-9776-d8a47ebad409: 517 ms
Input: 5000000,
Cold Start: false
Unique ID: f6356333-4706-4abe-94e9-183ae5ad32c7,
Billed Duration for Request f6356333-4706-4abe-94e9-183ae5ad32c7: 497 ms
Input: 5000000,
Cold Start: false
Unique ID: eef7f35d-529d-40db-8d9d-ad0416217291,
Billed Duration for Request eef7f35d-529d-40db-8d9d-ad0416217291: 511 ms
Input: 5000000,
Cold Start: false
Unique ID: 8ab651f5-7daf-4c49-963c-18f595ade414,
Billed Duration for Request 8ab651f5-7daf-4c49-963c-18f595ade414: 509 ms
Input: 5000000,
Cold Start: false
Unique ID: 34117b3e-e673-4c8e-afaf-a7e33fa1672d,
Billed Duration for Request 34117b3e-e673-4c8e-afaf-a7e33fa1672d: 508 ms
Input: 5000000,
Cold Start: false
Unique ID: e26e9859-61f9-4b0d-ae8c-996da0d32e08,
Billed Duration for Request e26e9859-61f9-4b0d-ae8c-996da0d32e08: 494 ms
Input: 5000000,
Cold Start: false
Unique ID: 4afc7d5c-9129-458d-a44b-bad510ce2c3a,
Billed Duration for Request 4afc7d5c-9129-458d-a44b-bad510ce2c3a: 496 ms
Input: 5000000,
Cold Start: false
Unique ID: 161e32cd-414a-466e-92f5-7fcc77544e29,
Billed Duration for Request 161e32cd-414a-466e-92f5-7fcc77544e29: 509 ms
Input: 5000000,
Cold Start: false
Unique ID: a2e30532-1f3e-40c9-a853-f84b7f67110e,
Billed Duration for Request a2e30532-1f3e-40c9-a853-f84b7f67110e: 510 ms
Input: 5000000,
Cold Start: false
Unique ID: 529ab0d7-8f43-4e17-bda0-5020c3afa047,
Billed Duration for Request 529ab0d7-8f43-4e17-bda0-5020c3afa047: 528 ms
Input: 5000000,
Cold Start: false
Unique ID: de18b931-83d0-445c-88e8-e0354964c9dc,
Billed Duration for Request de18b931-83d0-445c-88e8-e0354964c9dc: 509 ms
Input: 5000000,
Cold Start: false
Unique ID: 7f32ab75-e472-4333-ae6d-f154540dfe32,
Billed Duration for Request 7f32ab75-e472-4333-ae6d-f154540dfe32: 506 ms
Input: 5000000,
Cold Start: false
Unique ID: e763f7f5-7623-45de-bbb1-68c8b8907f95,
Billed Duration for Request e763f7f5-7623-45de-bbb1-68c8b8907f95: 516 ms
Input: 5000000,
Cold Start: false
Unique ID: e2651777-858a-4a04-8dab-08374348f338,
Billed Duration for Request e2651777-858a-4a04-8dab-08374348f338: 511 ms
Input: 5000000,
Cold Start: false
Unique ID: e2d1ebe2-fcbc-4554-a216-f16fa087d678,
Billed Duration for Request e2d1ebe2-fcbc-4554-a216-f16fa087d678: 508 ms
Input: 5000000,
Cold Start: false
Unique ID: e5497d80-b052-493d-a322-386ab849f28d,
Billed Duration for Request e5497d80-b052-493d-a322-386ab849f28d: 507 ms
Input: 5000000,
Cold Start: false
Unique ID: 9aa53f71-e42c-445e-b7cc-72b77fda726b,
Billed Duration for Request 9aa53f71-e42c-445e-b7cc-72b77fda726b: 497 ms
Input: 5000000,
Cold Start: false
Unique ID: c43b6eba-650b-4f26-b691-5d18e7829780,
Billed Duration for Request c43b6eba-650b-4f26-b691-5d18e7829780: 509 ms
Input: 5000000,
Cold Start: false
Unique ID: 5f5440ae-6ae3-4f34-9eb8-cfefad2cbeed,
Billed Duration for Request 5f5440ae-6ae3-4f34-9eb8-cfefad2cbeed: 512 ms
Input: 5000000,
Cold Start: false
Unique ID: d0d9e5f6-00a4-45b0-886b-dcf596187b44,
Billed Duration for Request d0d9e5f6-00a4-45b0-886b-dcf596187b44: 529 ms
Input: 5000000,
Cold Start: false
Unique ID: b1ce4a4b-a280-4430-8cd9-9a8536bcc0ef,
Billed Duration for Request b1ce4a4b-a280-4430-8cd9-9a8536bcc0ef: 511 ms
Input: 5000000,
Cold Start: false
Unique ID: 3c0cb974-8609-4bb5-9b8c-378bbcf5fe1f,
Billed Duration for Request 3c0cb974-8609-4bb5-9b8c-378bbcf5fe1f: 516 ms
Input: 5000000,
Cold Start: false
Unique ID: e4193a7c-7288-49f2-b65d-f1c9b860f70a,
Billed Duration for Request e4193a7c-7288-49f2-b65d-f1c9b860f70a: 515 ms
Input: 5000000,
Cold Start: false
Unique ID: 170308a7-0dca-4268-9589-f82fffa5eddd,
Billed Duration for Request 170308a7-0dca-4268-9589-f82fffa5eddd: 510 ms
Input: 5000000,
Cold Start: false
Unique ID: 5ef12218-548b-4033-add0-3bafb59f618b,
Billed Duration for Request 5ef12218-548b-4033-add0-3bafb59f618b: 523 ms
Input: 5000000,
Cold Start: false
Unique ID: 149a63bd-9c0b-4606-bfe9-6bc5a76055f9,
Billed Duration for Request 149a63bd-9c0b-4606-bfe9-6bc5a76055f9: 492 ms
Input: 5000000,
Cold Start: false
Unique ID: 890cb2df-4548-48fc-a6ab-4a562b657664,
Billed Duration for Request 890cb2df-4548-48fc-a6ab-4a562b657664: 516 ms
Input: 5000000,
Cold Start: false
Unique ID: 912dbce5-2853-41f3-8ada-d71a81aa7026,
Billed Duration for Request 912dbce5-2853-41f3-8ada-d71a81aa7026: 502 ms
Input: 5000000,
Cold Start: false
Unique ID: 71f9a8de-bf1f-4c9d-86bf-2b289af2e74a,
Billed Duration for Request 71f9a8de-bf1f-4c9d-86bf-2b289af2e74a: 513 ms
Input: 5000000,
Cold Start: false
Unique ID: b445f1e5-94b6-439f-ba48-1fbcc27f6d96,
Billed Duration for Request b445f1e5-94b6-439f-ba48-1fbcc27f6d96: 512 ms
Input: 5000000,
Cold Start: false
Unique ID: dfc7949d-5a51-450c-9775-9ae3fb84b4db,
Billed Duration for Request dfc7949d-5a51-450c-9775-9ae3fb84b4db: 510 ms
Input: 5000000,
Cold Start: false
Unique ID: ac1a051f-178c-4ef7-9e9c-a5fb476c4751,
Billed Duration for Request ac1a051f-178c-4ef7-9e9c-a5fb476c4751: 500 ms
Input: 5000000,
Cold Start: false
Unique ID: b4e3671c-64ce-4354-b099-5584b760feee,
Billed Duration for Request b4e3671c-64ce-4354-b099-5584b760feee: 516 ms
Input: 5000000,
Cold Start: false
Unique ID: dcf5c5bb-0d06-4c90-bb16-21459ae12b67,
Billed Duration for Request dcf5c5bb-0d06-4c90-bb16-21459ae12b67: 513 ms
Input: 5000000,
Cold Start: false
Unique ID: 28b72a76-36f0-4125-9dfd-14b4645c00eb,
Billed Duration for Request 28b72a76-36f0-4125-9dfd-14b4645c00eb: 503 ms
Input: 5000000,
Cold Start: false
Unique ID: 2308d20c-bed6-48a4-8542-823c78102b07,
Billed Duration for Request 2308d20c-bed6-48a4-8542-823c78102b07: 512 ms
Input: 5000000,
Cold Start: false
Unique ID: b48d7c58-f12b-48a5-bcf7-a5e372433156,
Billed Duration for Request b48d7c58-f12b-48a5-bcf7-a5e372433156: 518 ms
Input: 5000000,
Cold Start: false
Unique ID: 7eebc32c-5828-4c0a-8727-a6ba716f4b6e,
Billed Duration for Request 7eebc32c-5828-4c0a-8727-a6ba716f4b6e: 496 ms
Input: 5000000,
Cold Start: false
Unique ID: 454983db-dc14-4f13-bdbd-c565e8be8c3d,
Billed Duration for Request 454983db-dc14-4f13-bdbd-c565e8be8c3d: 510 ms
Input: 5000000,
Cold Start: false
Unique ID: 486a24b6-f7ed-43e8-9834-089c99a6ed45,
Billed Duration for Request 486a24b6-f7ed-43e8-9834-089c99a6ed45: 510 ms
Input: 5000000,
Cold Start: false
Unique ID: b10274ec-42b7-479f-8e14-53ad17e03d09,
Billed Duration for Request b10274ec-42b7-479f-8e14-53ad17e03d09: 499 ms
Input: 5000000,
Cold Start: false
Unique ID: 70335075-b75e-4d10-ab62-1cc1b975cd49,
Billed Duration for Request 70335075-b75e-4d10-ab62-1cc1b975cd49: 497 ms
Input: 5000000,
Cold Start: false
Unique ID: 339e969b-701e-47f0-92ff-78e850e51ce9,
Billed Duration for Request 339e969b-701e-47f0-92ff-78e850e51ce9: 512 ms
Input: 5000000,
Cold Start: false
Unique ID: e9c9427f-0fc1-424f-8199-466d8c6ec880,
Billed Duration for Request e9c9427f-0fc1-424f-8199-466d8c6ec880: 519 ms
Input: 5000000,
Cold Start: false
Unique ID: c985358c-5a5c-4027-8452-37b222dfa63b,
Billed Duration for Request c985358c-5a5c-4027-8452-37b222dfa63b: 507 ms
Input: 5000000,
Cold Start: false
Unique ID: 80f6bb64-7b8f-4e5d-ac00-811ae542c6ac,
Billed Duration for Request 80f6bb64-7b8f-4e5d-ac00-811ae542c6ac: 517 ms
Input: 5000000,
Cold Start: false
Unique ID: 0095380a-8726-448c-99f8-025818a02f6b,
Billed Duration for Request 0095380a-8726-448c-99f8-025818a02f6b: 517 ms
Input: 5000000,
Cold Start: false
Unique ID: 6a49d92b-b6ad-4fa8-b216-91485c996691,
Billed Duration for Request 6a49d92b-b6ad-4fa8-b216-91485c996691: 491 ms
Input: 5000000,
Cold Start: false
Unique ID: 68d5ab91-9928-40d9-9aa3-b477cfdfca7c,
Billed Duration for Request 68d5ab91-9928-40d9-9aa3-b477cfdfca7c: 511 ms
Input: 5000000,
Cold Start: false
Unique ID: 278fd82d-93d5-4fc0-ab7a-c73a531f354a,
Billed Duration for Request 278fd82d-93d5-4fc0-ab7a-c73a531f354a: 512 ms
Input: 5000000,
Cold Start: false
Unique ID: eaeb08c4-6a7e-4d6e-b84b-463546e90c37,
Billed Duration for Request eaeb08c4-6a7e-4d6e-b84b-463546e90c37: 495 ms
Input: 5000000,
Cold Start: false
Unique ID: 63a85f61-7872-4ca5-ba93-10e8284eddbb,
Billed Duration for Request 63a85f61-7872-4ca5-ba93-10e8284eddbb: 497 ms
Input: 5000000,
Cold Start: false
Unique ID: 6276cde3-215e-4bbf-969f-6c2528fdd27a,
Billed Duration for Request 6276cde3-215e-4bbf-969f-6c2528fdd27a: 512 ms
Input: 5000000,
Cold Start: false
Unique ID: e5d4211d-37de-46c6-9db9-7d196a07ce57,
Billed Duration for Request e5d4211d-37de-46c6-9db9-7d196a07ce57: 515 ms
Input: 5000000,
Cold Start: false
Unique ID: fc139b1c-b198-47b7-9d86-5171bb96d6e7,
Billed Duration for Request fc139b1c-b198-47b7-9d86-5171bb96d6e7: 504 ms
Input: 5000000,
Cold Start: false
Unique ID: 412fe961-baf9-453b-b3af-2dbb7da310b3,
Billed Duration for Request 412fe961-baf9-453b-b3af-2dbb7da310b3: 514 ms
Input: 5000000,
Cold Start: false
Unique ID: 28476e7e-0446-467c-b431-1b6c3e3adc00,
Billed Duration for Request 28476e7e-0446-467c-b431-1b6c3e3adc00: 520 ms
Input: 5000000,
Cold Start: false
Unique ID: 40e95496-9a90-4079-bc43-11881593f6f1,
Billed Duration for Request 40e95496-9a90-4079-bc43-11881593f6f1: 504 ms
Input: 5000000,
Cold Start: false
Unique ID: 1fc4a0fe-f7a8-48f8-9e68-a3de767ff2db,
Billed Duration for Request 1fc4a0fe-f7a8-48f8-9e68-a3de767ff2db: 509 ms
Input: 5000000,
Cold Start: false
Unique ID: 42b7879a-c5f4-4469-92d4-7bad5e08240a,
Billed Duration for Request 42b7879a-c5f4-4469-92d4-7bad5e08240a: 507 ms
Input: 5000000,
Cold Start: false
Unique ID: d1dea900-5a49-458a-ac7d-e6c33737a23d,
Billed Duration for Request d1dea900-5a49-458a-ac7d-e6c33737a23d: 500 ms
Input: 5000000,
Cold Start: false
Unique ID: 97fde4e8-39ee-453b-8b8c-76ea24754bdf,
Billed Duration for Request 97fde4e8-39ee-453b-8b8c-76ea24754bdf: 503 ms
Input: 5000000,
Cold Start: false
Unique ID: 2ffdd946-ab70-4c76-89b3-c98fa65ecf86,
Billed Duration for Request 2ffdd946-ab70-4c76-89b3-c98fa65ecf86: 516 ms
Input: 5000000,
Cold Start: false
Unique ID: 9c60b52b-b5e2-4b23-82d0-0b04e2218f9f,
Billed Duration for Request 9c60b52b-b5e2-4b23-82d0-0b04e2218f9f: 525 ms
Input: 5000000,
Cold Start: false
Unique ID: 35181f5f-90c2-4e64-af95-0ca8375e054d,
Billed Duration for Request 35181f5f-90c2-4e64-af95-0ca8375e054d: 502 ms
Input: 5000000,
Cold Start: false
Unique ID: 27d259bb-8f51-41d3-b668-d6417bcaa622,
Billed Duration for Request 27d259bb-8f51-41d3-b668-d6417bcaa622: 498 ms
Input: 5000000,
Cold Start: false
Unique ID: 0fac18a6-4b10-47d7-a2a8-d33caedeebcd,
Billed Duration for Request 0fac18a6-4b10-47d7-a2a8-d33caedeebcd: 519 ms
Input: 5000000,
Cold Start: false
Unique ID: ec64262a-b453-447c-bf0f-7fde05f8f967,
Billed Duration for Request ec64262a-b453-447c-bf0f-7fde05f8f967: 504 ms
Input: 5000000,
Cold Start: false
Unique ID: 345f15b9-8c5e-414b-8b15-cadf6d22e3ca,
Billed Duration for Request 345f15b9-8c5e-414b-8b15-cadf6d22e3ca: 513 ms
Input: 5000000,
Cold Start: false
Unique ID: acf861c9-520c-4e08-a838-27e1d83127af,
Billed Duration for Request acf861c9-520c-4e08-a838-27e1d83127af: 508 ms
Input: 5000000,
Cold Start: false
Unique ID: 7383e0ed-0074-4ecc-8c0b-ba9bcd70fa27,
Billed Duration for Request 7383e0ed-0074-4ecc-8c0b-ba9bcd70fa27: 508 ms
Input: 5000000,
Cold Start: false
Unique ID: 6f9c1c68-4637-4dab-8495-762130f745e0,
Billed Duration for Request 6f9c1c68-4637-4dab-8495-762130f745e0: 499 ms
Input: 5000000,
Cold Start: false
Unique ID: 1f063d10-b8ea-4998-a1f2-1aa656ae7fa7,
Billed Duration for Request 1f063d10-b8ea-4998-a1f2-1aa656ae7fa7: 513 ms
Input: 5000000,
Cold Start: false
Unique ID: 2e809e91-abab-49ae-ad19-d4ad04608e2d,
Billed Duration for Request 2e809e91-abab-49ae-ad19-d4ad04608e2d: 511 ms
Input: 5000000,
Cold Start: false
Unique ID: 9cc14e91-ec53-4a8b-a918-26f62b7bb4b7,
Billed Duration for Request 9cc14e91-ec53-4a8b-a918-26f62b7bb4b7: 503 ms
Input: 5000000,
Cold Start: false
Unique ID: 9ef91344-313c-439f-a018-110b7ddfa141,
Billed Duration for Request 9ef91344-313c-439f-a018-110b7ddfa141: 516 ms
Input: 5000000,
Cold Start: false
Unique ID: 73fd5d31-12ee-4da2-b6f1-4cf5768c9236,
Billed Duration for Request 73fd5d31-12ee-4da2-b6f1-4cf5768c9236: 519 ms
Input: 5000000,
Cold Start: false
Unique ID: f9024307-d33f-4822-bf0d-8195b44043f8,
Billed Duration for Request f9024307-d33f-4822-bf0d-8195b44043f8: 508 ms
Input: 5000000,
Cold Start: false
Unique ID: c07eb09e-f1f9-4c9d-95e1-5f7d1228770b,
Billed Duration for Request c07eb09e-f1f9-4c9d-95e1-5f7d1228770b: 513 ms
Input: 5000000,
Cold Start: false
Unique ID: d9b0a711-2077-4eb2-b873-f537304bd771,
Billed Duration for Request d9b0a711-2077-4eb2-b873-f537304bd771: 510 ms
Input: 5000000,
Cold Start: false
Unique ID: 670d9c35-d593-43c0-ac35-1bd553906c72,
Billed Duration for Request 670d9c35-d593-43c0-ac35-1bd553906c72: 495 ms
Input: 5000000,
Cold Start: false
Unique ID: 847d4389-fb1a-4b3e-b3d0-06b621324b62,
Billed Duration for Request 847d4389-fb1a-4b3e-b3d0-06b621324b62: 503 ms
Input: 5000000,
Cold Start: false
Unique ID: 470878c8-336c-4d73-9b86-6a1c171852d9,
Billed Duration for Request 470878c8-336c-4d73-9b86-6a1c171852d9: 516 ms
Input: 5000000,
Cold Start: false
Unique ID: b68020c4-a4ea-482e-9384-58471c1eeff6,
Billed Duration for Request b68020c4-a4ea-482e-9384-58471c1eeff6: 512 ms
Input: 5000000,
Cold Start: false
Unique ID: c9a3dd0e-3cb2-4c33-8d34-18e12174983a,
Billed Duration for Request c9a3dd0e-3cb2-4c33-8d34-18e12174983a: 503 ms
Input: 5000000,
Cold Start: false
Unique ID: f70e65f2-d130-4674-86b1-cd0ada57e267,
Billed Duration for Request f70e65f2-d130-4674-86b1-cd0ada57e267: 521 ms
Input: 5000000,
Cold Start: false
Unique ID: 8fa393eb-e62b-4618-8ec6-8212758eaac8,
Billed Duration for Request 8fa393eb-e62b-4618-8ec6-8212758eaac8: 519 ms
Input: 5000000,
Cold Start: false
Unique ID: 0d806a4d-14fb-45ba-930d-64d545a01c2a,
Billed Duration for Request 0d806a4d-14fb-45ba-930d-64d545a01c2a: 507 ms
Input: 5000000,
Cold Start: false
Unique ID: 1dc923dd-2480-4580-9373-2f6403722cd1,
Billed Duration for Request 1dc923dd-2480-4580-9373-2f6403722cd1: 511 ms
Input: 5000000,
Cold Start: false
Unique ID: b28d25a4-2d97-4334-87f7-80c32d0ad41a,
Billed Duration for Request b28d25a4-2d97-4334-87f7-80c32d0ad41a: 524 ms
Input: 5000000,
Cold Start: false
Unique ID: 38f5ae99-261c-4323-9984-bd49fbdbe018,
Billed Duration for Request 38f5ae99-261c-4323-9984-bd49fbdbe018: 499 ms
Input: 5000000,
Cold Start: false
Unique ID: 2eed69ec-e882-41af-909d-a98c339ce253,
Billed Duration for Request 2eed69ec-e882-41af-909d-a98c339ce253: 500 ms
Input: 5000000,
Cold Start: false
Unique ID: 842d1baa-805c-4fb8-9fa5-b0cdf5910d85,
Billed Duration for Request 842d1baa-805c-4fb8-9fa5-b0cdf5910d85: 512 ms
Input: 5000000,
Cold Start: false
Unique ID: 094d7fe6-1c76-479f-8382-9025d2bb3dd1,
Billed Duration for Request 094d7fe6-1c76-479f-8382-9025d2bb3dd1: 526 ms
Input: 5000000,
Cold Start: false
Unique ID: b375a014-f2d5-4493-852a-90ee545c975d,
Billed Duration for Request b375a014-f2d5-4493-852a-90ee545c975d: 499 ms
Input: 5000000,
Cold Start: false
Unique ID: da6020b6-72e7-4c71-8f6f-c7ae30875988,
Billed Duration for Request da6020b6-72e7-4c71-8f6f-c7ae30875988: 514 ms
Input: 5000000,
Cold Start: false
Unique ID: 016d242b-2c66-4a9d-8124-a0fc3bfaa7e3,
Billed Duration for Request 016d242b-2c66-4a9d-8124-a0fc3bfaa7e3: 500 ms
Input: 5000000,
Cold Start: false
Unique ID: 32ba3a6c-c45a-4c7f-8c36-6906e926025d,
Billed Duration for Request 32ba3a6c-c45a-4c7f-8c36-6906e926025d: 506 ms
Input: 5000000,
Cold Start: false
Unique ID: 32f2ba3c-8049-4375-b821-8ad8fc291c87,
Billed Duration for Request 32f2ba3c-8049-4375-b821-8ad8fc291c87: 511 ms
Input: 5000000,
Cold Start: false
Unique ID: 829c2ff0-bc21-4655-8ac8-2789139fda91,
Billed Duration for Request 829c2ff0-bc21-4655-8ac8-2789139fda91: 512 ms
Input: 5000000,
Cold Start: false
Unique ID: bcd78cbd-9288-49dc-8c70-6989323b54c4,
Billed Duration for Request bcd78cbd-9288-49dc-8c70-6989323b54c4: 495 ms
Input: 5000000,
Cold Start: false
Unique ID: f288bccf-71aa-47ee-9022-ea5f8dd7d18a,
Billed Duration for Request f288bccf-71aa-47ee-9022-ea5f8dd7d18a: 496 ms
Input: 5000000,
Cold Start: false
Unique ID: 568bbec7-195b-49a9-b4c8-57627e3f5c1c,
Billed Duration for Request 568bbec7-195b-49a9-b4c8-57627e3f5c1c: 513 ms
Input: 5000000,
Cold Start: false
Unique ID: f9bb337b-470e-4b35-b005-6d70d9af6d96,
Billed Duration for Request f9bb337b-470e-4b35-b005-6d70d9af6d96: 508 ms
Input: 5000000,
Cold Start: false
Unique ID: 1d668c57-ebfa-40ea-9234-3c021187e873,
Billed Duration for Request 1d668c57-ebfa-40ea-9234-3c021187e873: 500 ms
Input: 5000000,
Cold Start: false
Unique ID: 3011dc87-4a16-4311-acd8-1f3cf88445a5,
Billed Duration for Request 3011dc87-4a16-4311-acd8-1f3cf88445a5: 514 ms
Input: 5000000,
Cold Start: false
Unique ID: 8ec9e4b0-5de2-4984-8e03-19e0b323885d,
Billed Duration for Request 8ec9e4b0-5de2-4984-8e03-19e0b323885d: 500 ms
Input: 5000000,
Cold Start: false
Unique ID: 5651ae23-a4e2-4275-92e3-81faed1a05e7,
Billed Duration for Request 5651ae23-a4e2-4275-92e3-81faed1a05e7: 503 ms
Input: 5000000,
Cold Start: false
Unique ID: 3aaeb214-9de4-46d6-8884-c704ba4245b4,
Billed Duration for Request 3aaeb214-9de4-46d6-8884-c704ba4245b4: 509 ms
Input: 5000000,
Cold Start: false
Unique ID: 7e9db35a-26fa-400d-8640-a7084831d49c,
Billed Duration for Request 7e9db35a-26fa-400d-8640-a7084831d49c: 512 ms
Input: 5000000,
Cold Start: false
Unique ID: f9ee51c3-ba73-4fa8-b9ba-8bef116e7b1a,
Billed Duration for Request f9ee51c3-ba73-4fa8-b9ba-8bef116e7b1a: 494 ms
Input: 5000000,
Cold Start: false
Unique ID: ffe10d24-ab34-436b-b147-7d1afa92d9e3,
Billed Duration for Request ffe10d24-ab34-436b-b147-7d1afa92d9e3: 496 ms
Input: 5000000,
Cold Start: false
Unique ID: 3ee951c0-114a-4fa4-9951-79792984f9d8,
Billed Duration for Request 3ee951c0-114a-4fa4-9951-79792984f9d8: 524 ms
Input: 5000000,
Cold Start: false
Unique ID: b41d3c75-48df-4c0e-9a07-b6e73df4a2bc,
Billed Duration for Request b41d3c75-48df-4c0e-9a07-b6e73df4a2bc: 515 ms
Input: 5000000,
Cold Start: false
Unique ID: 28ce7463-df56-4316-8b63-a31e714b9944,
Billed Duration for Request 28ce7463-df56-4316-8b63-a31e714b9944: 499 ms
Input: 5000000,
Cold Start: false
Unique ID: 426faa12-d9be-4b04-9245-585f2256108d,
Billed Duration for Request 426faa12-d9be-4b04-9245-585f2256108d: 510 ms
Input: 5000000,
Cold Start: false
Unique ID: 8f609c35-8e14-4f23-8d5d-98c56fde2018,
Billed Duration for Request 8f609c35-8e14-4f23-8d5d-98c56fde2018: 521 ms
Input: 5000000,
Cold Start: false
Unique ID: 617de4dc-fecc-4b85-9ef0-108dab0c69c5,
Billed Duration for Request 617de4dc-fecc-4b85-9ef0-108dab0c69c5: 490 ms
Input: 5000000,
Cold Start: false
Unique ID: 79aa2c17-0bca-462a-8e14-6df5355842db,
Billed Duration for Request 79aa2c17-0bca-462a-8e14-6df5355842db: 510 ms
Input: 5000000,
Cold Start: false
Unique ID: 42dce736-c89c-47f4-b237-dc31a04f6cb7,
Billed Duration for Request 42dce736-c89c-47f4-b237-dc31a04f6cb7: 529 ms
Input: 5000000,
Cold Start: false
Unique ID: 165bd2fb-b98f-481e-a9ba-4f06af34bcda,
Billed Duration for Request 165bd2fb-b98f-481e-a9ba-4f06af34bcda: 494 ms
Input: 5000000,
Cold Start: false
Unique ID: 656351f6-9836-445a-a29f-ed6924b80862,
Billed Duration for Request 656351f6-9836-445a-a29f-ed6924b80862: 498 ms
Input: 5000000,
Cold Start: false
Unique ID: 82f8c4f9-41d9-4134-8a15-0eb96e8c83aa,
Billed Duration for Request 82f8c4f9-41d9-4134-8a15-0eb96e8c83aa: 515 ms
Input: 5000000,
Cold Start: false
Unique ID: b78b1609-b343-43eb-a6cc-d25017ed4fe0,
Billed Duration for Request b78b1609-b343-43eb-a6cc-d25017ed4fe0: 522 ms
Input: 5000000,
Cold Start: false
Unique ID: 3c4bfbb0-85df-46aa-9f07-3f9347373b5e,
Billed Duration for Request 3c4bfbb0-85df-46aa-9f07-3f9347373b5e: 498 ms
Input: 5000000,
Cold Start: false
Unique ID: 97cd05af-faab-40aa-8943-a852c2ce2bee,
Billed Duration for Request 97cd05af-faab-40aa-8943-a852c2ce2bee: 512 ms
Input: 5000000,
Cold Start: false
Unique ID: 5dc18905-f343-4490-b35c-7d47bf865551,
Billed Duration for Request 5dc18905-f343-4490-b35c-7d47bf865551: 503 ms
Input: 5000000,
Cold Start: false
Unique ID: 5b84b99f-0385-43e0-9d31-93d6f5e62250,
Billed Duration for Request 5b84b99f-0385-43e0-9d31-93d6f5e62250: 487 ms
Input: 5000000,
Cold Start: false
Unique ID: a32fc3b5-79c4-486c-bba9-50350e59a8ee,
Billed Duration for Request a32fc3b5-79c4-486c-bba9-50350e59a8ee: 530 ms
Input: 5000000,
Cold Start: false
Unique ID: cb1a2a1e-f346-4ffc-ada1-fb173525eee6,
Billed Duration for Request cb1a2a1e-f346-4ffc-ada1-fb173525eee6: 511 ms
Input: 5000000,
Cold Start: false
Unique ID: 05cd9b5c-0afa-48c3-8487-67b28d461b8a,
Billed Duration for Request 05cd9b5c-0afa-48c3-8487-67b28d461b8a: 495 ms
Input: 5000000,
Cold Start: false
Unique ID: 147d5745-4d76-425b-9cb8-35ab2993e423,
Billed Duration for Request 147d5745-4d76-425b-9cb8-35ab2993e423: 499 ms
Input: 5000000,
Cold Start: false
Unique ID: 7fc11bbe-ffe2-4ed6-96d1-08d39f995537,
Billed Duration for Request 7fc11bbe-ffe2-4ed6-96d1-08d39f995537: 512 ms
Input: 5000000,
Cold Start: false
Unique ID: c0726ae1-d594-47bd-b9d7-bc9046630152,
Billed Duration for Request c0726ae1-d594-47bd-b9d7-bc9046630152: 510 ms
Input: 5000000,
Cold Start: false
Unique ID: 13dbedcb-1926-4acb-b704-d0587de87398,
Billed Duration for Request 13dbedcb-1926-4acb-b704-d0587de87398: 522 ms
Input: 5000000,
Cold Start: false
Unique ID: 3e6202a1-a64c-417c-b45b-2f97f4e7262b,
Billed Duration for Request 3e6202a1-a64c-417c-b45b-2f97f4e7262b: 513 ms
Input: 5000000,
Cold Start: false
Unique ID: 1ba3fcbf-6e81-472a-998a-5b3f80016993,
Billed Duration for Request 1ba3fcbf-6e81-472a-998a-5b3f80016993: 518 ms
Input: 5000000,
Cold Start: false
Unique ID: 5edb18bb-717d-4cbc-b943-099cbe633983,
Billed Duration for Request 5edb18bb-717d-4cbc-b943-099cbe633983: 503 ms
Input: 5000000,
Cold Start: false
Unique ID: 811eb278-ea5d-435c-9198-99b976c43074,
Billed Duration for Request 811eb278-ea5d-435c-9198-99b976c43074: 510 ms
Input: 5000000,
Cold Start: false
Unique ID: cd74f557-18fb-4e88-b6f8-be07328c9053,
Billed Duration for Request cd74f557-18fb-4e88-b6f8-be07328c9053: 511 ms
Input: 5000000,
Cold Start: false
Unique ID: a07dada8-9320-4ece-b798-98667e1c1c1e,
Billed Duration for Request a07dada8-9320-4ece-b798-98667e1c1c1e: 509 ms
Input: 5000000,
Cold Start: false
Unique ID: 57f6ea33-d1ea-4fea-a038-e0d44d3d8035,
Billed Duration for Request 57f6ea33-d1ea-4fea-a038-e0d44d3d8035: 514 ms
Input: 5000000,
Cold Start: false
Unique ID: 4379779b-9f1f-4cdd-a7d8-758ecfbf3f62,
Billed Duration for Request 4379779b-9f1f-4cdd-a7d8-758ecfbf3f62: 516 ms
Input: 5000000,
Cold Start: false
Unique ID: 081e44f0-bec5-4b1f-a671-5a6fdb93415f,
Billed Duration for Request 081e44f0-bec5-4b1f-a671-5a6fdb93415f: 512 ms
Input: 5000000,
Cold Start: false
Unique ID: b80d1fee-6430-4046-a018-d2a72d9b3c4f,
Billed Duration for Request b80d1fee-6430-4046-a018-d2a72d9b3c4f: 500 ms
Input: 5000000,
Cold Start: false
Unique ID: bb62caf4-fa98-4055-b8e8-3616fe677bf0,
Billed Duration for Request bb62caf4-fa98-4055-b8e8-3616fe677bf0: 497 ms
Input: 5000000,
Cold Start: false
Unique ID: f2326e32-6a03-42b0-bfc3-bad7a8e609bc,
Billed Duration for Request f2326e32-6a03-42b0-bfc3-bad7a8e609bc: 508 ms
Input: 5000000,
Cold Start: false
Unique ID: 25fd54fc-01ed-4ba3-ba58-488705d8ba06,
Billed Duration for Request 25fd54fc-01ed-4ba3-ba58-488705d8ba06: 503 ms
Input: 5000000,
Cold Start: false
Unique ID: 92ae7144-41fe-4e34-9716-4e4941c3e828,
Billed Duration for Request 92ae7144-41fe-4e34-9716-4e4941c3e828: 509 ms
Input: 5000000,
Cold Start: false
Unique ID: d14fb1d8-f7bb-485b-b3e3-481419b35b28,
Billed Duration for Request d14fb1d8-f7bb-485b-b3e3-481419b35b28: 507 ms
Input: 5000000,
Cold Start: false
Unique ID: 4ad105da-7bbf-4385-8d38-447d1f786cf4,
Billed Duration for Request 4ad105da-7bbf-4385-8d38-447d1f786cf4: 510 ms
Input: 5000000,
Cold Start: false
Unique ID: eb07fc2e-2aea-4b58-9c26-767e7cc8ba1d,
Billed Duration for Request eb07fc2e-2aea-4b58-9c26-767e7cc8ba1d: 501 ms
Input: 5000000,
Cold Start: false
Unique ID: 882fc78e-0974-4cb3-ad90-059c551c801e,
Billed Duration for Request 882fc78e-0974-4cb3-ad90-059c551c801e: 508 ms
Input: 5000000,
Cold Start: false
Unique ID: 96272657-fe20-4500-9fdc-707281ab6bc0,
Billed Duration for Request 96272657-fe20-4500-9fdc-707281ab6bc0: 510 ms
Input: 5000000,
Cold Start: false
Unique ID: 0bd83be2-7a86-4dc3-ab89-8ff1112b65e9,
Billed Duration for Request 0bd83be2-7a86-4dc3-ab89-8ff1112b65e9: 502 ms
Input: 5000000,
Cold Start: false
Unique ID: 320bca26-6520-4598-899f-b1400acb8499,
Billed Duration for Request 320bca26-6520-4598-899f-b1400acb8499: 500 ms
Input: 5000000,
Cold Start: false
Unique ID: 7ed25364-8633-4cd8-98ee-279c2da226b3,
Billed Duration for Request 7ed25364-8633-4cd8-98ee-279c2da226b3: 518 ms
Input: 5000000,
Cold Start: false
Unique ID: b86bab4f-e564-4f93-a482-351d041a2959,
Billed Duration for Request b86bab4f-e564-4f93-a482-351d041a2959: 504 ms
Input: 5000000,
Cold Start: false
Unique ID: d7f3249c-3f20-47ce-9daf-088684cf4700,
Billed Duration for Request d7f3249c-3f20-47ce-9daf-088684cf4700: 510 ms
Input: 5000000,
Cold Start: false
Unique ID: fd4984d1-7e14-434e-832b-956629cc47dc,
Billed Duration for Request fd4984d1-7e14-434e-832b-956629cc47dc: 527 ms
Input: 5000000,
Cold Start: false
Unique ID: bc1ef6d2-cd7a-4d08-949b-245f6bbdddb8,
Billed Duration for Request bc1ef6d2-cd7a-4d08-949b-245f6bbdddb8: 513 ms
Input: 5000000,
Cold Start: false
Unique ID: 7834891e-6588-4874-a682-44103a81d41d,
Billed Duration for Request 7834891e-6588-4874-a682-44103a81d41d: 500 ms
Input: 5000000,
Cold Start: false
Unique ID: 16c25c3d-85c0-41fa-9f2d-33a04fdb8b14,
Billed Duration for Request 16c25c3d-85c0-41fa-9f2d-33a04fdb8b14: 512 ms
Input: 5000000,
Cold Start: false
Unique ID: 948c5702-ea5e-4ec8-8de2-0927b4b2c31e,
Billed Duration for Request 948c5702-ea5e-4ec8-8de2-0927b4b2c31e: 510 ms
Input: 5000000,
Cold Start: false
Unique ID: 8eb30958-2132-4a84-b38c-0e57503278f9,
Billed Duration for Request 8eb30958-2132-4a84-b38c-0e57503278f9: 500 ms
Input: 5000000,
Cold Start: false
Unique ID: 2a607373-a5f2-4dd2-b80c-1c52fba7c2da,
Billed Duration for Request 2a607373-a5f2-4dd2-b80c-1c52fba7c2da: 515 ms
Input: 5000000,
Cold Start: false
Unique ID: 71e8740e-5d33-445c-ba48-0abb1f0399eb,
Billed Duration for Request 71e8740e-5d33-445c-ba48-0abb1f0399eb: 518 ms
Input: 5000000,
Cold Start: false
Unique ID: 1c135656-8993-4ac0-8a57-57cd920cbb0e,
Billed Duration for Request 1c135656-8993-4ac0-8a57-57cd920cbb0e: 505 ms
Input: 5000000,
Cold Start: false
Unique ID: 925ee3ca-2abf-4e5a-aaa3-90c3d19c2e08,
Billed Duration for Request 925ee3ca-2abf-4e5a-aaa3-90c3d19c2e08: 510 ms
Input: 5000000,
Cold Start: false
Unique ID: e74cefa9-1a50-4c82-8c7c-80b64dc6bb3e,
Billed Duration for Request e74cefa9-1a50-4c82-8c7c-80b64dc6bb3e: 517 ms
Input: 5000000,
Cold Start: false
Unique ID: aeacd76c-a1cd-4361-ab1a-1eef64163d54,
Billed Duration for Request aeacd76c-a1cd-4361-ab1a-1eef64163d54: 511 ms
Input: 5000000,
Cold Start: false
Unique ID: b2302d7f-a4a0-428d-92c1-c3a7e422150c,
Billed Duration for Request b2302d7f-a4a0-428d-92c1-c3a7e422150c: 497 ms
Input: 5000000,
Cold Start: false
Unique ID: 9baf84b8-ae7b-400f-b8f5-fbf7ce27e1cb,
Billed Duration for Request 9baf84b8-ae7b-400f-b8f5-fbf7ce27e1cb: 514 ms
Input: 5000000,
Cold Start: false
Unique ID: fdcea694-1075-4cd1-a98d-87fb5e62061e,
Billed Duration for Request fdcea694-1075-4cd1-a98d-87fb5e62061e: 508 ms
Input: 5000000,
Cold Start: false
Unique ID: 6de47570-d343-4819-ac5d-117d27c569f6,
Billed Duration for Request 6de47570-d343-4819-ac5d-117d27c569f6: 503 ms
Input: 5000000,
Cold Start: false
Unique ID: c867f218-50be-4ac2-9133-9c17917114a1,
Billed Duration for Request c867f218-50be-4ac2-9133-9c17917114a1: 518 ms
Input: 5000000,
Cold Start: false
Unique ID: c9d58056-2eb6-4037-a594-fcc77a219059,
Billed Duration for Request c9d58056-2eb6-4037-a594-fcc77a219059: 521 ms
Input: 5000000,
Cold Start: false
Unique ID: 2a4adda5-8a1c-464f-ad34-b77cc02e8f64,
Billed Duration for Request 2a4adda5-8a1c-464f-ad34-b77cc02e8f64: 496 ms
Input: 5000000,
Cold Start: false
Unique ID: d8c17ae2-583e-406d-986e-2a5ef2af9a33,
Billed Duration for Request d8c17ae2-583e-406d-986e-2a5ef2af9a33: 509 ms
Input: 5000000,
Cold Start: false
Unique ID: 4d85c3b9-2f8c-4657-ae85-bf885a0689b7,
Billed Duration for Request 4d85c3b9-2f8c-4657-ae85-bf885a0689b7: 519 ms
Input: 5000000,
Cold Start: false
Unique ID: 79a11091-99af-4e0b-ba3d-545a66e88230,
Billed Duration for Request 79a11091-99af-4e0b-ba3d-545a66e88230: 509 ms
Input: 5000000,
Cold Start: false
Unique ID: 07c0d0df-f436-408f-af2e-04dd08713d7a,
Billed Duration for Request 07c0d0df-f436-408f-af2e-04dd08713d7a: 516 ms
Input: 5000000,
Cold Start: false
Unique ID: 0ccbd079-16a3-4017-be5f-d17e9c6010c1,
Billed Duration for Request 0ccbd079-16a3-4017-be5f-d17e9c6010c1: 513 ms
Input: 5000000,
Cold Start: false
Unique ID: 2e19bb85-042c-422b-9585-f65a4507e19e,
Billed Duration for Request 2e19bb85-042c-422b-9585-f65a4507e19e: 511 ms
Input: 5000000,
Cold Start: false
Unique ID: cf709bc7-7664-4e80-9858-d2eddee3528c,
Billed Duration for Request cf709bc7-7664-4e80-9858-d2eddee3528c: 502 ms
Input: 5000000,
Cold Start: false
Unique ID: b4f5c912-2fe3-415c-aeba-ffded8ae840c,
Billed Duration for Request b4f5c912-2fe3-415c-aeba-ffded8ae840c: 515 ms
Input: 5000000,
Cold Start: false
