Unique ID: 0029f390-9909-42f5-922f-a9af06986e4d,
Billed Duration for Request 0029f390-9909-42f5-922f-a9af06986e4d: 586 ms
Input: 5500000,
Cold Start: false
Unique ID: dd3622dc-eca0-4766-a5d1-7ab50e98d5c8,
Billed Duration for Request dd3622dc-eca0-4766-a5d1-7ab50e98d5c8: 539 ms
Input: 5500000,
Cold Start: false
Unique ID: db21435b-2d4e-4adb-a4a4-f4f56b52b8d3,
Billed Duration for Request db21435b-2d4e-4adb-a4a4-f4f56b52b8d3: 564 ms
Input: 5500000,
Cold Start: false
Unique ID: f5884ae9-9f86-47ef-8d68-79dc9720389f,
Billed Duration for Request f5884ae9-9f86-47ef-8d68-79dc9720389f: 560 ms
Input: 5500000,
Cold Start: false
Unique ID: 56e48174-5c0f-494d-8704-cffd2b10ff1a,
Billed Duration for Request 56e48174-5c0f-494d-8704-cffd2b10ff1a: 531 ms
Input: 5500000,
Cold Start: false
Unique ID: 65c1890a-9386-4da7-b514-4afed1a871a4,
Billed Duration for Request 65c1890a-9386-4da7-b514-4afed1a871a4: 541 ms
Input: 5500000,
Cold Start: false
Unique ID: 45b08614-e4fa-4eaf-af2a-c8c67b84ed35,
Billed Duration for Request 45b08614-e4fa-4eaf-af2a-c8c67b84ed35: 552 ms
Input: 5500000,
Cold Start: false
Unique ID: b3891fcb-f513-46f8-8e57-91d4cf698801,
Billed Duration for Request b3891fcb-f513-46f8-8e57-91d4cf698801: 552 ms
Input: 5500000,
Cold Start: false
Unique ID: ac0f537b-8b9a-4b24-b633-c6df210292d3,
Billed Duration for Request ac0f537b-8b9a-4b24-b633-c6df210292d3: 533 ms
Input: 5500000,
Cold Start: false
Unique ID: 79a013af-5b92-46fa-b1c4-0d2a80a72909,
Billed Duration for Request 79a013af-5b92-46fa-b1c4-0d2a80a72909: 556 ms
Input: 5500000,
Cold Start: false
Unique ID: 6892c2c2-fb94-4c1e-a98d-b5e7da3381cd,
Billed Duration for Request 6892c2c2-fb94-4c1e-a98d-b5e7da3381cd: 572 ms
Input: 5500000,
Cold Start: false
Unique ID: b18f4d62-86c0-495c-96dd-39f0528e7377,
Billed Duration for Request b18f4d62-86c0-495c-96dd-39f0528e7377: 529 ms
Input: 5500000,
Cold Start: false
Unique ID: 0da327dd-d52a-4440-b3f9-6c8bbd2f19a0,
Billed Duration for Request 0da327dd-d52a-4440-b3f9-6c8bbd2f19a0: 551 ms
Input: 5500000,
Cold Start: false
Unique ID: 26d574ac-6844-4796-9f3a-3944792b07b1,
Billed Duration for Request 26d574ac-6844-4796-9f3a-3944792b07b1: 547 ms
Input: 5500000,
Cold Start: false
Unique ID: f95a005e-25b4-4f2f-b9f5-f7a692fcded9,
Billed Duration for Request f95a005e-25b4-4f2f-b9f5-f7a692fcded9: 538 ms
Input: 5500000,
Cold Start: false
Unique ID: b6684133-0eb6-4a63-bcee-3ebb8847c0e3,
Billed Duration for Request b6684133-0eb6-4a63-bcee-3ebb8847c0e3: 530 ms
Input: 5500000,
Cold Start: false
Unique ID: 6873d524-df02-4fb3-831d-4233e01db49e,
Billed Duration for Request 6873d524-df02-4fb3-831d-4233e01db49e: 554 ms
Input: 5500000,
Cold Start: false
Unique ID: 9855d022-1c01-4190-90e2-0431de537c11,
Billed Duration for Request 9855d022-1c01-4190-90e2-0431de537c11: 553 ms
Input: 5500000,
Cold Start: false
Unique ID: 332a186c-7a92-4380-8562-59d02185f223,
Billed Duration for Request 332a186c-7a92-4380-8562-59d02185f223: 526 ms
Input: 5500000,
Cold Start: false
Unique ID: 32b57619-e3ff-47d3-b13b-9111ab1bc0d0,
Billed Duration for Request 32b57619-e3ff-47d3-b13b-9111ab1bc0d0: 571 ms
Input: 5500000,
Cold Start: false
Unique ID: d9ffe115-e5db-474d-b627-0e954f7925b5,
Billed Duration for Request d9ffe115-e5db-474d-b627-0e954f7925b5: 582 ms
Input: 5500000,
Cold Start: false
Unique ID: 20970dc2-22a0-4d6e-a585-bf59a54719d3,
Billed Duration for Request 20970dc2-22a0-4d6e-a585-bf59a54719d3: 528 ms
Input: 5500000,
Cold Start: false
Unique ID: 2027be1e-709e-43cc-aafd-4a724dbb1803,
Billed Duration for Request 2027be1e-709e-43cc-aafd-4a724dbb1803: 564 ms
Input: 5500000,
Cold Start: false
Unique ID: 92c9fea0-615e-437a-b097-2ee86076f6ac,
Billed Duration for Request 92c9fea0-615e-437a-b097-2ee86076f6ac: 545 ms
Input: 5500000,
Cold Start: false
Unique ID: 60f44cc7-61b1-44d9-a500-1f2cc1553ce8,
Billed Duration for Request 60f44cc7-61b1-44d9-a500-1f2cc1553ce8: 537 ms
Input: 5500000,
Cold Start: false
Unique ID: 8c23f420-138e-466e-8a78-9e5e9975f577,
Billed Duration for Request 8c23f420-138e-466e-8a78-9e5e9975f577: 529 ms
Input: 5500000,
Cold Start: false
Unique ID: 3d008673-85c2-4645-835d-5be9f5ce056f,
Billed Duration for Request 3d008673-85c2-4645-835d-5be9f5ce056f: 550 ms
Input: 5500000,
Cold Start: false
Unique ID: 940586b1-9e1b-44a2-a8a3-2479eb342c5e,
Billed Duration for Request 940586b1-9e1b-44a2-a8a3-2479eb342c5e: 552 ms
Input: 5500000,
Cold Start: false
Unique ID: d47fbc0f-f9e6-4829-b65c-c18705d2b3e9,
Billed Duration for Request d47fbc0f-f9e6-4829-b65c-c18705d2b3e9: 526 ms
Input: 5500000,
Cold Start: false
Unique ID: ddc7525a-97e5-4dca-8aef-3017fabe8b0e,
Billed Duration for Request ddc7525a-97e5-4dca-8aef-3017fabe8b0e: 577 ms
Input: 5500000,
Cold Start: false
Unique ID: cf45d2f0-0c10-4a64-b083-c6abf2478c39,
Billed Duration for Request cf45d2f0-0c10-4a64-b083-c6abf2478c39: 516 ms
Input: 5500000,
Cold Start: false
Unique ID: 64afbf97-1844-485f-b894-7e0f7ecd15ae,
Billed Duration for Request 64afbf97-1844-485f-b894-7e0f7ecd15ae: 578 ms
Input: 5500000,
Cold Start: false
Unique ID: e800fbe3-1568-404c-a010-764987a6271c,
Billed Duration for Request e800fbe3-1568-404c-a010-764987a6271c: 552 ms
Input: 5500000,
Cold Start: false
Unique ID: d6309b83-c044-43cb-b29f-0ca5149e08a6,
Billed Duration for Request d6309b83-c044-43cb-b29f-0ca5149e08a6: 561 ms
Input: 5500000,
Cold Start: false
Unique ID: 2a282a64-89ef-4af1-9d81-85a1df8a3ec2,
Billed Duration for Request 2a282a64-89ef-4af1-9d81-85a1df8a3ec2: 540 ms
Input: 5500000,
Cold Start: false
Unique ID: 2d58d806-5a0b-48c3-950a-34769eddd2fa,
Billed Duration for Request 2d58d806-5a0b-48c3-950a-34769eddd2fa: 530 ms
Input: 5500000,
Cold Start: false
Unique ID: d0f9a6d8-8960-4bf7-8d92-4422c717540d,
Billed Duration for Request d0f9a6d8-8960-4bf7-8d92-4422c717540d: 556 ms
Input: 5500000,
Cold Start: false
Unique ID: 2688f792-33c2-4c3b-b107-e4d88271ca83,
Billed Duration for Request 2688f792-33c2-4c3b-b107-e4d88271ca83: 568 ms
Input: 5500000,
Cold Start: false
Unique ID: 31fb7900-5002-4086-82db-ec5d207af10a,
Billed Duration for Request 31fb7900-5002-4086-82db-ec5d207af10a: 553 ms
Input: 5500000,
Cold Start: false
Unique ID: d6b83037-6629-49e2-9e4c-ad44105c8bea,
Billed Duration for Request d6b83037-6629-49e2-9e4c-ad44105c8bea: 517 ms
Input: 5500000,
Cold Start: false
Unique ID: 35ccbd25-4b0c-4de7-8c43-60d3f998c0fb,
Billed Duration for Request 35ccbd25-4b0c-4de7-8c43-60d3f998c0fb: 542 ms
Input: 5500000,
Cold Start: false
Unique ID: 5f6b5bd4-4517-4c05-8925-8ad5a86f3250,
Billed Duration for Request 5f6b5bd4-4517-4c05-8925-8ad5a86f3250: 566 ms
Input: 5500000,
Cold Start: false
Unique ID: feafb1db-7b28-4c47-95a9-9fb2f8f45918,
Billed Duration for Request feafb1db-7b28-4c47-95a9-9fb2f8f45918: 554 ms
Input: 5500000,
Cold Start: false
Unique ID: 52c8d9ef-9d7d-442b-8eb9-c2e0d99544f5,
Billed Duration for Request 52c8d9ef-9d7d-442b-8eb9-c2e0d99544f5: 550 ms
Input: 5500000,
Cold Start: false
Unique ID: 7544ddc5-c6c1-49e2-b920-cfdc8faa019e,
Billed Duration for Request 7544ddc5-c6c1-49e2-b920-cfdc8faa019e: 540 ms
Input: 5500000,
Cold Start: false
Unique ID: 126e9d0a-84db-496b-bce6-a0973769095d,
Billed Duration for Request 126e9d0a-84db-496b-bce6-a0973769095d: 525 ms
Input: 5500000,
Cold Start: false
Unique ID: 93a3e527-1644-416a-9f41-04fa2f9658b8,
Billed Duration for Request 93a3e527-1644-416a-9f41-04fa2f9658b8: 556 ms
Input: 5500000,
Cold Start: false
Unique ID: e97c0e3a-9a23-4416-a064-08ed44cd2bea,
Billed Duration for Request e97c0e3a-9a23-4416-a064-08ed44cd2bea: 552 ms
Input: 5500000,
Cold Start: false
Unique ID: a864948b-d4fa-4b41-930f-21669ecae798,
Billed Duration for Request a864948b-d4fa-4b41-930f-21669ecae798: 530 ms
Input: 5500000,
Cold Start: false
Unique ID: 8d6b5710-91b7-48b7-91a0-57cf4fab39f3,
Billed Duration for Request 8d6b5710-91b7-48b7-91a0-57cf4fab39f3: 565 ms
Input: 5500000,
Cold Start: false
Unique ID: a13d60b5-60c4-477a-bb3e-97504aa990ab,
Billed Duration for Request a13d60b5-60c4-477a-bb3e-97504aa990ab: 565 ms
Input: 5500000,
Cold Start: false
Unique ID: 285c867b-5ca1-4fd4-9d9d-b3ea47a043bd,
Billed Duration for Request 285c867b-5ca1-4fd4-9d9d-b3ea47a043bd: 532 ms
Input: 5500000,
Cold Start: false
Unique ID: c254fe19-bee4-4030-acab-57f0f8dd5790,
Billed Duration for Request c254fe19-bee4-4030-acab-57f0f8dd5790: 552 ms
Input: 5500000,
Cold Start: false
Unique ID: 53d0bf82-df2a-4c11-8fa2-2c6ac7f1dcc4,
Billed Duration for Request 53d0bf82-df2a-4c11-8fa2-2c6ac7f1dcc4: 559 ms
Input: 5500000,
Cold Start: false
Unique ID: 3283edca-8937-4c9c-a347-81cff4393d1b,
Billed Duration for Request 3283edca-8937-4c9c-a347-81cff4393d1b: 535 ms
Input: 5500000,
Cold Start: false
Unique ID: b731be32-76f3-41a3-8328-96ccbe3fb408,
Billed Duration for Request b731be32-76f3-41a3-8328-96ccbe3fb408: 528 ms
Input: 5500000,
Cold Start: false
Unique ID: 3bc9e742-58b5-4662-8dea-0ac927882ca2,
Billed Duration for Request 3bc9e742-58b5-4662-8dea-0ac927882ca2: 554 ms
Input: 5500000,
Cold Start: false
Unique ID: d7ffabd3-e308-460d-b83f-c2fc383d2c6c,
Billed Duration for Request d7ffabd3-e308-460d-b83f-c2fc383d2c6c: 552 ms
Input: 5500000,
Cold Start: false
Unique ID: 5c99da90-72d2-432a-beb5-5475741d6132,
Billed Duration for Request 5c99da90-72d2-432a-beb5-5475741d6132: 525 ms
Input: 5500000,
Cold Start: false
Unique ID: 9a04e3cc-2532-4371-8a06-85434c2889fd,
Billed Duration for Request 9a04e3cc-2532-4371-8a06-85434c2889fd: 553 ms
Input: 5500000,
Cold Start: false
Unique ID: 01e3f3a5-be49-4f43-9e51-4d91bdfcd0dc,
Billed Duration for Request 01e3f3a5-be49-4f43-9e51-4d91bdfcd0dc: 564 ms
Input: 5500000,
Cold Start: false
Unique ID: 28b13911-fa49-409a-9b2c-2f5db97d4050,
Billed Duration for Request 28b13911-fa49-409a-9b2c-2f5db97d4050: 531 ms
Input: 5500000,
Cold Start: false
Unique ID: 434fd14e-959c-4764-8a5a-6bc1996a2133,
Billed Duration for Request 434fd14e-959c-4764-8a5a-6bc1996a2133: 569 ms
Input: 5500000,
Cold Start: false
Unique ID: 1c4c1431-73f9-47ba-827b-e71e277f1e9c,
Billed Duration for Request 1c4c1431-73f9-47ba-827b-e71e277f1e9c: 562 ms
Input: 5500000,
Cold Start: false
Unique ID: d0797666-367f-4140-9776-e0bcf4dfd06b,
Billed Duration for Request d0797666-367f-4140-9776-e0bcf4dfd06b: 536 ms
Input: 5500000,
Cold Start: false
Unique ID: 597ea001-30bc-4cd1-acf5-c86da9d3052f,
Billed Duration for Request 597ea001-30bc-4cd1-acf5-c86da9d3052f: 545 ms
Input: 5500000,
Cold Start: false
Unique ID: 4f8fa451-2e7f-4e6a-a633-2765a3c0d3ee,
Billed Duration for Request 4f8fa451-2e7f-4e6a-a633-2765a3c0d3ee: 553 ms
Input: 5500000,
Cold Start: false
Unique ID: f773dbbf-626d-4f3a-8572-e2fc8be28ee3,
Billed Duration for Request f773dbbf-626d-4f3a-8572-e2fc8be28ee3: 564 ms
Input: 5500000,
Cold Start: false
Unique ID: e0cba431-7273-4d7e-a270-07a01163c1f2,
Billed Duration for Request e0cba431-7273-4d7e-a270-07a01163c1f2: 543 ms
Input: 5500000,
Cold Start: false
Unique ID: 326dcb59-c29e-4286-a554-36c6fb039f71,
Billed Duration for Request 326dcb59-c29e-4286-a554-36c6fb039f71: 570 ms
Input: 5500000,
Cold Start: false
Unique ID: 5b391832-e367-43c5-9371-7985129012b9,
Billed Duration for Request 5b391832-e367-43c5-9371-7985129012b9: 568 ms
Input: 5500000,
Cold Start: false
Unique ID: 1a13fe78-12c0-4f42-9688-7606f9e5eb15,
Billed Duration for Request 1a13fe78-12c0-4f42-9688-7606f9e5eb15: 536 ms
Input: 5500000,
Cold Start: false
Unique ID: 77798067-c068-4a19-acc7-7ef2991cb849,
Billed Duration for Request 77798067-c068-4a19-acc7-7ef2991cb849: 555 ms
Input: 5500000,
Cold Start: false
Unique ID: 98011548-8c11-495b-9a8d-bb0151ca6eb2,
Billed Duration for Request 98011548-8c11-495b-9a8d-bb0151ca6eb2: 559 ms
Input: 5500000,
Cold Start: false
Unique ID: df6e0d7e-694d-4d87-b93d-d5d6f6177764,
Billed Duration for Request df6e0d7e-694d-4d87-b93d-d5d6f6177764: 539 ms
Input: 5500000,
Cold Start: false
Unique ID: 3f85ae8c-c7b8-4c21-b8d6-938f2298afe0,
Billed Duration for Request 3f85ae8c-c7b8-4c21-b8d6-938f2298afe0: 526 ms
Input: 5500000,
Cold Start: false
Unique ID: 458e7220-8641-475e-b719-9eb617a942e7,
Billed Duration for Request 458e7220-8641-475e-b719-9eb617a942e7: 554 ms
Input: 5500000,
Cold Start: false
Unique ID: c7a8038a-fcde-4c9d-9b1a-5cb197bcb4c2,
Billed Duration for Request c7a8038a-fcde-4c9d-9b1a-5cb197bcb4c2: 555 ms
Input: 5500000,
Cold Start: false
Unique ID: 447263e2-7f7f-4802-8a90-2c0785cc7013,
Billed Duration for Request 447263e2-7f7f-4802-8a90-2c0785cc7013: 546 ms
Input: 5500000,
Cold Start: false
Unique ID: a2856548-e084-4c65-9542-384f43fd316b,
Billed Duration for Request a2856548-e084-4c65-9542-384f43fd316b: 552 ms
Input: 5500000,
Cold Start: false
Unique ID: f3a11f35-2dec-43b6-a494-c8dbd1038cd0,
Billed Duration for Request f3a11f35-2dec-43b6-a494-c8dbd1038cd0: 566 ms
Input: 5500000,
Cold Start: false
Unique ID: 7dc679bc-675c-491a-86bd-16fcd2f6c21a,
Billed Duration for Request 7dc679bc-675c-491a-86bd-16fcd2f6c21a: 530 ms
Input: 5500000,
Cold Start: false
Unique ID: e1272cae-9fc2-48e2-9156-9964f040fe84,
Billed Duration for Request e1272cae-9fc2-48e2-9156-9964f040fe84: 546 ms
Input: 5500000,
Cold Start: false
Unique ID: a53a2209-9af2-4728-b4d8-0991a8cc3b70,
Billed Duration for Request a53a2209-9af2-4728-b4d8-0991a8cc3b70: 560 ms
Input: 5500000,
Cold Start: false
Unique ID: 9fd5cf21-3bd0-458d-b4a0-12836604bff2,
Billed Duration for Request 9fd5cf21-3bd0-458d-b4a0-12836604bff2: 538 ms
Input: 5500000,
Cold Start: false
Unique ID: 9978f081-9fa9-47c1-837c-534796cc3691,
Billed Duration for Request 9978f081-9fa9-47c1-837c-534796cc3691: 531 ms
Input: 5500000,
Cold Start: false
Unique ID: 7465bdee-778d-4744-b907-3935f8a2d2e0,
Billed Duration for Request 7465bdee-778d-4744-b907-3935f8a2d2e0: 554 ms
Input: 5500000,
Cold Start: false
Unique ID: ad09e7d9-84c5-4e4a-90e1-92bef8aafcd0,
Billed Duration for Request ad09e7d9-84c5-4e4a-90e1-92bef8aafcd0: 530 ms
Input: 5500000,
Cold Start: false
Unique ID: baa42be4-01a5-4100-bdc1-a64e873f89a9,
Billed Duration for Request baa42be4-01a5-4100-bdc1-a64e873f89a9: 556 ms
Input: 5500000,
Cold Start: false
Unique ID: ff1e9111-5da2-41c8-9f44-687f51fb7f52,
Billed Duration for Request ff1e9111-5da2-41c8-9f44-687f51fb7f52: 556 ms
Input: 5500000,
Cold Start: false
Unique ID: 155f7a27-fde1-4b6e-88f5-7bf7775ab357,
Billed Duration for Request 155f7a27-fde1-4b6e-88f5-7bf7775ab357: 547 ms
Input: 5500000,
Cold Start: false
Unique ID: cce7aeaa-4ad4-4eee-ad10-90c2798f4529,
Billed Duration for Request cce7aeaa-4ad4-4eee-ad10-90c2798f4529: 535 ms
Input: 5500000,
Cold Start: false
Unique ID: 0dc62e3c-3bfb-44f5-aa76-6ae9ab04d4b1,
Billed Duration for Request 0dc62e3c-3bfb-44f5-aa76-6ae9ab04d4b1: 551 ms
Input: 5500000,
Cold Start: false
Unique ID: 3af3d2f5-587e-4f96-9fba-c37726bd88fe,
Billed Duration for Request 3af3d2f5-587e-4f96-9fba-c37726bd88fe: 551 ms
Input: 5500000,
Cold Start: false
Unique ID: c37a1078-759f-4fc2-b6a1-f4a2b48bc506,
Billed Duration for Request c37a1078-759f-4fc2-b6a1-f4a2b48bc506: 538 ms
Input: 5500000,
Cold Start: false
Unique ID: 51312c1d-8798-45d9-b42e-45538c6dde8d,
Billed Duration for Request 51312c1d-8798-45d9-b42e-45538c6dde8d: 529 ms
Input: 5500000,
Cold Start: false
Unique ID: 785e41ae-30f4-4d45-89cc-b3eca107a9fb,
Billed Duration for Request 785e41ae-30f4-4d45-89cc-b3eca107a9fb: 551 ms
Input: 5500000,
Cold Start: false
Unique ID: c5f81900-8a7d-4547-8f1d-356978347d02,
Billed Duration for Request c5f81900-8a7d-4547-8f1d-356978347d02: 554 ms
Input: 5500000,
Cold Start: false
Unique ID: 3c0bb184-c13d-4d80-a63b-9d3b82448489,
Billed Duration for Request 3c0bb184-c13d-4d80-a63b-9d3b82448489: 539 ms
Input: 5500000,
Cold Start: false
Unique ID: bebec943-b0bf-4d37-a6ce-d8801c798f16,
Billed Duration for Request bebec943-b0bf-4d37-a6ce-d8801c798f16: 564 ms
Input: 5500000,
Cold Start: false
Unique ID: 70b102e2-7a4c-4977-84bb-1383175980a1,
Billed Duration for Request 70b102e2-7a4c-4977-84bb-1383175980a1: 565 ms
Input: 5500000,
Cold Start: false
Unique ID: a6eec456-34c9-410f-a36b-b8710fe81db3,
Billed Duration for Request a6eec456-34c9-410f-a36b-b8710fe81db3: 532 ms
Input: 5500000,
Cold Start: false
Unique ID: 5717c39d-b115-4c3d-9975-ff53190a9079,
Billed Duration for Request 5717c39d-b115-4c3d-9975-ff53190a9079: 545 ms
Input: 5500000,
Cold Start: false
Unique ID: 1822671c-a25e-4726-bc74-9fad36c06b03,
Billed Duration for Request 1822671c-a25e-4726-bc74-9fad36c06b03: 537 ms
Input: 5500000,
Cold Start: false
Unique ID: f9df5749-24cf-43bc-8543-fd98a40bf495,
Billed Duration for Request f9df5749-24cf-43bc-8543-fd98a40bf495: 560 ms
Input: 5500000,
Cold Start: false
Unique ID: 1185a897-337c-4983-9f9c-544f9bf09896,
Billed Duration for Request 1185a897-337c-4983-9f9c-544f9bf09896: 528 ms
Input: 5500000,
Cold Start: false
Unique ID: c010f216-0e7b-44a1-a5e2-24264a27aa85,
Billed Duration for Request c010f216-0e7b-44a1-a5e2-24264a27aa85: 554 ms
Input: 5500000,
Cold Start: false
Unique ID: ce788394-5194-47db-9566-b60d4a01eedb,
Billed Duration for Request ce788394-5194-47db-9566-b60d4a01eedb: 554 ms
Input: 5500000,
Cold Start: false
Unique ID: 4a73193d-3975-4f5a-96c9-5200a7131ac4,
Billed Duration for Request 4a73193d-3975-4f5a-96c9-5200a7131ac4: 526 ms
Input: 5500000,
Cold Start: false
Unique ID: 0c638efc-419f-480c-88c2-039c73d1b132,
Billed Duration for Request 0c638efc-419f-480c-88c2-039c73d1b132: 554 ms
Input: 5500000,
Cold Start: false
Unique ID: 9c1d63f6-aa0a-487b-b64a-2d00db0f0b03,
Billed Duration for Request 9c1d63f6-aa0a-487b-b64a-2d00db0f0b03: 566 ms
Input: 5500000,
Cold Start: false
Unique ID: 215a6e2f-3127-451c-a6cd-8fe54245d193,
Billed Duration for Request 215a6e2f-3127-451c-a6cd-8fe54245d193: 534 ms
Input: 5500000,
Cold Start: false
Unique ID: 24506980-8cc1-4b79-bad8-87ab8178eb7c,
Billed Duration for Request 24506980-8cc1-4b79-bad8-87ab8178eb7c: 557 ms
Input: 5500000,
Cold Start: false
Unique ID: 597eedb4-a7f6-44d6-9c34-bc25bbf06828,
Billed Duration for Request 597eedb4-a7f6-44d6-9c34-bc25bbf06828: 563 ms
Input: 5500000,
Cold Start: false
Unique ID: 7d44be4c-e905-4924-a2c0-698ccc4d08cd,
Billed Duration for Request 7d44be4c-e905-4924-a2c0-698ccc4d08cd: 529 ms
Input: 5500000,
Cold Start: false
Unique ID: 8ade6d46-157c-401f-ada5-4989fdc57a4e,
Billed Duration for Request 8ade6d46-157c-401f-ada5-4989fdc57a4e: 531 ms
Input: 5500000,
Cold Start: false
Unique ID: 892c5b7d-1a31-42dc-9b7d-2dadfd0b1331,
Billed Duration for Request 892c5b7d-1a31-42dc-9b7d-2dadfd0b1331: 557 ms
Input: 5500000,
Cold Start: false
Unique ID: 23d5aed0-af09-4718-aa00-ac167dcc400e,
Billed Duration for Request 23d5aed0-af09-4718-aa00-ac167dcc400e: 555 ms
Input: 5500000,
Cold Start: false
Unique ID: 139f5ed1-f953-46d5-8e2f-bc53e3d7739a,
Billed Duration for Request 139f5ed1-f953-46d5-8e2f-bc53e3d7739a: 526 ms
Input: 5500000,
Cold Start: false
Unique ID: 60ab90de-570b-4575-8a30-b5419fef9cc6,
Billed Duration for Request 60ab90de-570b-4575-8a30-b5419fef9cc6: 557 ms
Input: 5500000,
Cold Start: false
Unique ID: 5681472d-62bd-4baf-b882-4a23edf76ea5,
Billed Duration for Request 5681472d-62bd-4baf-b882-4a23edf76ea5: 533 ms
Input: 5500000,
Cold Start: false
Unique ID: bdbc20e9-2164-4156-9ccf-5ef890d0ebf9,
Billed Duration for Request bdbc20e9-2164-4156-9ccf-5ef890d0ebf9: 576 ms
Input: 5500000,
Cold Start: false
Unique ID: 707fb55c-1a92-4e74-99a2-1d3968c61a36,
Billed Duration for Request 707fb55c-1a92-4e74-99a2-1d3968c61a36: 549 ms
Input: 5500000,
Cold Start: false
Unique ID: b6dc113c-4021-4335-93c2-30df17bc5eb1,
Billed Duration for Request b6dc113c-4021-4335-93c2-30df17bc5eb1: 560 ms
Input: 5500000,
Cold Start: false
Unique ID: bf3c5a84-e9da-4b94-9685-5eb7cbfaa644,
Billed Duration for Request bf3c5a84-e9da-4b94-9685-5eb7cbfaa644: 530 ms
Input: 5500000,
Cold Start: false
Unique ID: 486539cc-6696-4c60-8bd5-9cfae6ddba56,
Billed Duration for Request 486539cc-6696-4c60-8bd5-9cfae6ddba56: 530 ms
Input: 5500000,
Cold Start: false
Unique ID: 5a89101c-f156-4de6-910f-0e044c95130c,
Billed Duration for Request 5a89101c-f156-4de6-910f-0e044c95130c: 553 ms
Input: 5500000,
Cold Start: false
Unique ID: e8311ad6-a37a-4bd1-ab53-31aaeaad2de8,
Billed Duration for Request e8311ad6-a37a-4bd1-ab53-31aaeaad2de8: 557 ms
Input: 5500000,
Cold Start: false
Unique ID: b19d8d95-0a02-4eae-a35a-36c077dad312,
Billed Duration for Request b19d8d95-0a02-4eae-a35a-36c077dad312: 536 ms
Input: 5500000,
Cold Start: false
Unique ID: 04ce1b54-7d6a-4a50-804f-5d92e75f7b2d,
Billed Duration for Request 04ce1b54-7d6a-4a50-804f-5d92e75f7b2d: 586 ms
Input: 5500000,
Cold Start: false
Unique ID: 4352a5b9-07db-4cc3-86cd-f87e519af275,
Billed Duration for Request 4352a5b9-07db-4cc3-86cd-f87e519af275: 582 ms
Input: 5500000,
Cold Start: false
Unique ID: 5a3d299c-a1ae-434d-8fdb-79d03281d8ce,
Billed Duration for Request 5a3d299c-a1ae-434d-8fdb-79d03281d8ce: 531 ms
Input: 5500000,
Cold Start: false
Unique ID: 1df616fe-c9d1-4c9d-b7c1-c74b7f46e590,
Billed Duration for Request 1df616fe-c9d1-4c9d-b7c1-c74b7f46e590: 555 ms
Input: 5500000,
Cold Start: false
Unique ID: 28e23e0e-0c2c-41b1-a3fa-cc7db7062756,
Billed Duration for Request 28e23e0e-0c2c-41b1-a3fa-cc7db7062756: 558 ms
Input: 5500000,
Cold Start: false
Unique ID: fe74cce5-b407-476b-a02c-a92429fe045b,
Billed Duration for Request fe74cce5-b407-476b-a02c-a92429fe045b: 534 ms
Input: 5500000,
Cold Start: false
Unique ID: 3a60bbc0-29d3-408d-baa4-19c29b95a1b6,
Billed Duration for Request 3a60bbc0-29d3-408d-baa4-19c29b95a1b6: 546 ms
Input: 5500000,
Cold Start: false
Unique ID: 91a9e96c-3058-47ce-9f21-6adbf115492b,
Billed Duration for Request 91a9e96c-3058-47ce-9f21-6adbf115492b: 567 ms
Input: 5500000,
Cold Start: false
Unique ID: 3e270590-4688-4d85-8f63-b6082af583a0,
Billed Duration for Request 3e270590-4688-4d85-8f63-b6082af583a0: 564 ms
Input: 5500000,
Cold Start: false
Unique ID: 952b50d4-ee69-42f8-afc6-7636b6bd9830,
Billed Duration for Request 952b50d4-ee69-42f8-afc6-7636b6bd9830: 569 ms
Input: 5500000,
Cold Start: false
Unique ID: 9d841521-9d9d-4328-a267-a8c82e0eb619,
Billed Duration for Request 9d841521-9d9d-4328-a267-a8c82e0eb619: 534 ms
Input: 5500000,
Cold Start: false
Unique ID: 1b095dba-8d6e-4ad1-ba0f-84982cad0848,
Billed Duration for Request 1b095dba-8d6e-4ad1-ba0f-84982cad0848: 542 ms
Input: 5500000,
Cold Start: false
Unique ID: de4c825f-14df-4c2c-ad67-19239128b630,
Billed Duration for Request de4c825f-14df-4c2c-ad67-19239128b630: 569 ms
Input: 5500000,
Cold Start: false
Unique ID: 8b7a4075-f16b-4d23-a3ae-7eb6f8c3beee,
Billed Duration for Request 8b7a4075-f16b-4d23-a3ae-7eb6f8c3beee: 550 ms
Input: 5500000,
Cold Start: false
Unique ID: 1c54c652-de4a-4433-80fd-6749666dd7e4,
Billed Duration for Request 1c54c652-de4a-4433-80fd-6749666dd7e4: 558 ms
Input: 5500000,
Cold Start: false
Unique ID: ed0c739c-1198-43f2-b909-6d6513352323,
Billed Duration for Request ed0c739c-1198-43f2-b909-6d6513352323: 543 ms
Input: 5500000,
Cold Start: false
Unique ID: 804e89f8-1c8f-454a-9c6f-7fe18c61f1e8,
Billed Duration for Request 804e89f8-1c8f-454a-9c6f-7fe18c61f1e8: 538 ms
Input: 5500000,
Cold Start: false
Unique ID: 0ab60732-3928-4f8e-a05b-ab9a417dd49f,
Billed Duration for Request 0ab60732-3928-4f8e-a05b-ab9a417dd49f: 556 ms
Input: 5500000,
Cold Start: false
Unique ID: 642155c7-ec7a-4d9b-84df-28977ca99b94,
Billed Duration for Request 642155c7-ec7a-4d9b-84df-28977ca99b94: 555 ms
Input: 5500000,
Cold Start: false
Unique ID: 2a009369-91b2-4696-b3b5-bb81c014e947,
Billed Duration for Request 2a009369-91b2-4696-b3b5-bb81c014e947: 566 ms
Input: 5500000,
Cold Start: false
Unique ID: 8c256488-ca8b-49f8-9df4-12c2c0958b11,
Billed Duration for Request 8c256488-ca8b-49f8-9df4-12c2c0958b11: 540 ms
Input: 5500000,
Cold Start: false
Unique ID: 6451e03f-6eb6-4daa-b2d4-abaea5711191,
Billed Duration for Request 6451e03f-6eb6-4daa-b2d4-abaea5711191: 530 ms
Input: 5500000,
Cold Start: false
Unique ID: 3b4426ac-f929-4299-ac4c-651f691b1f50,
Billed Duration for Request 3b4426ac-f929-4299-ac4c-651f691b1f50: 567 ms
Input: 5500000,
Cold Start: false
Unique ID: f258b331-2d82-4e6d-b987-8123b1da3257,
Billed Duration for Request f258b331-2d82-4e6d-b987-8123b1da3257: 557 ms
Input: 5500000,
Cold Start: false
Unique ID: 0d0b9407-41db-416b-a507-a67c4defa115,
Billed Duration for Request 0d0b9407-41db-416b-a507-a67c4defa115: 563 ms
Input: 5500000,
Cold Start: false
Unique ID: e2c4cc0a-cdce-42ee-af79-921844164e31,
Billed Duration for Request e2c4cc0a-cdce-42ee-af79-921844164e31: 531 ms
Input: 5500000,
Cold Start: false
Unique ID: bcbbd495-c189-4e39-b61c-434b5b3e869d,
Billed Duration for Request bcbbd495-c189-4e39-b61c-434b5b3e869d: 529 ms
Input: 5500000,
Cold Start: false
Unique ID: 8d0befea-6a21-42fb-bb35-bdf5df340c0f,
Billed Duration for Request 8d0befea-6a21-42fb-bb35-bdf5df340c0f: 555 ms
Input: 5500000,
Cold Start: false
Unique ID: a8539eb6-276c-4348-b6e4-e5b67c967dae,
Billed Duration for Request a8539eb6-276c-4348-b6e4-e5b67c967dae: 555 ms
Input: 5500000,
Cold Start: false
Unique ID: 5b270d22-c53e-4eb3-881c-a825bf8f9eaa,
Billed Duration for Request 5b270d22-c53e-4eb3-881c-a825bf8f9eaa: 571 ms
Input: 5500000,
Cold Start: false
Unique ID: afe183ec-8c60-423b-a2be-ebc0fd8b418e,
Billed Duration for Request afe183ec-8c60-423b-a2be-ebc0fd8b418e: 517 ms
Input: 5500000,
Cold Start: false
Unique ID: cd63c6eb-fde2-46d7-ae3f-73ec2e1dae97,
Billed Duration for Request cd63c6eb-fde2-46d7-ae3f-73ec2e1dae97: 526 ms
Input: 5500000,
Cold Start: false
Unique ID: 7d69135a-814d-48e9-b3cd-b1d5df567f19,
Billed Duration for Request 7d69135a-814d-48e9-b3cd-b1d5df567f19: 554 ms
Input: 5500000,
Cold Start: false
Unique ID: 5ac1e5d9-66f1-4d77-a6b4-469c6affa23b,
Billed Duration for Request 5ac1e5d9-66f1-4d77-a6b4-469c6affa23b: 553 ms
Input: 5500000,
Cold Start: false
Unique ID: f6dbe6b0-fb52-46a9-a094-be573294ce0d,
Billed Duration for Request f6dbe6b0-fb52-46a9-a094-be573294ce0d: 567 ms
Input: 5500000,
Cold Start: false
Unique ID: 5e096c1d-1695-4b1a-b742-f1bd9732f4b7,
Billed Duration for Request 5e096c1d-1695-4b1a-b742-f1bd9732f4b7: 538 ms
Input: 5500000,
Cold Start: false
Unique ID: a3a71eda-f029-4d0b-9f76-6c5b218ea6c3,
Billed Duration for Request a3a71eda-f029-4d0b-9f76-6c5b218ea6c3: 529 ms
Input: 5500000,
Cold Start: false
Unique ID: 2f070191-1513-464e-8346-fdc0334711c7,
Billed Duration for Request 2f070191-1513-464e-8346-fdc0334711c7: 556 ms
Input: 5500000,
Cold Start: false
Unique ID: cee37d20-90d0-494b-af12-ccd97edca1d8,
Billed Duration for Request cee37d20-90d0-494b-af12-ccd97edca1d8: 559 ms
Input: 5500000,
Cold Start: false
Unique ID: 77f6109f-4dbf-4a7a-97ea-1a878678a48e,
Billed Duration for Request 77f6109f-4dbf-4a7a-97ea-1a878678a48e: 569 ms
Input: 5500000,
Cold Start: false
Unique ID: 4f7e5b1a-1d96-45c9-bb6c-b25c55dfaa88,
Billed Duration for Request 4f7e5b1a-1d96-45c9-bb6c-b25c55dfaa88: 521 ms
Input: 5500000,
Cold Start: false
Unique ID: 23c1adb8-d8e6-47d8-99e4-95c8d04987be,
Billed Duration for Request 23c1adb8-d8e6-47d8-99e4-95c8d04987be: 543 ms
Input: 5500000,
Cold Start: false
Unique ID: 30999e23-7023-48b4-84d4-83af673e252c,
Billed Duration for Request 30999e23-7023-48b4-84d4-83af673e252c: 561 ms
Input: 5500000,
Cold Start: false
Unique ID: 71d263b7-221a-41b4-b936-9aa46fb49bc6,
Billed Duration for Request 71d263b7-221a-41b4-b936-9aa46fb49bc6: 551 ms
Input: 5500000,
Cold Start: false
Unique ID: 45e55b0b-4d63-4a8b-9db3-810b5ad8957e,
Billed Duration for Request 45e55b0b-4d63-4a8b-9db3-810b5ad8957e: 546 ms
Input: 5500000,
Cold Start: false
Unique ID: aaeb8062-458f-484e-bae6-ccd2e767d8de,
Billed Duration for Request aaeb8062-458f-484e-bae6-ccd2e767d8de: 531 ms
Input: 5500000,
Cold Start: false
Unique ID: 18b93cc0-7ec5-46d6-803b-a0062fa8695e,
Billed Duration for Request 18b93cc0-7ec5-46d6-803b-a0062fa8695e: 529 ms
Input: 5500000,
Cold Start: false
Unique ID: 5cd3c8fe-3edb-4eeb-8a6b-623ac00521e2,
Billed Duration for Request 5cd3c8fe-3edb-4eeb-8a6b-623ac00521e2: 554 ms
Input: 5500000,
Cold Start: false
Unique ID: 82a5dc1b-be37-4c2b-a468-4be2cbaa9dbc,
Billed Duration for Request 82a5dc1b-be37-4c2b-a468-4be2cbaa9dbc: 556 ms
Input: 5500000,
Cold Start: false
Unique ID: aa615216-88af-45f5-8f00-e4a22c7ca4d6,
Billed Duration for Request aa615216-88af-45f5-8f00-e4a22c7ca4d6: 566 ms
Input: 5500000,
Cold Start: false
Unique ID: f64e5ebf-c81a-4137-9eaa-cdbd29f4f525,
Billed Duration for Request f64e5ebf-c81a-4137-9eaa-cdbd29f4f525: 536 ms
Input: 5500000,
Cold Start: false
Unique ID: 47d733fd-0503-4ad1-bce0-1f097a742fd3,
Billed Duration for Request 47d733fd-0503-4ad1-bce0-1f097a742fd3: 527 ms
Input: 5500000,
Cold Start: false
Unique ID: 9fa4ec50-3ea7-464f-9ba7-63aa3ba3bac4,
Billed Duration for Request 9fa4ec50-3ea7-464f-9ba7-63aa3ba3bac4: 562 ms
Input: 5500000,
Cold Start: false
Unique ID: 0fe0f9de-af24-4f42-9c7f-a09e4494bbc3,
Billed Duration for Request 0fe0f9de-af24-4f42-9c7f-a09e4494bbc3: 553 ms
Input: 5500000,
Cold Start: false
Unique ID: 61a447eb-7a64-4abb-99c4-84bc8d029c96,
Billed Duration for Request 61a447eb-7a64-4abb-99c4-84bc8d029c96: 559 ms
Input: 5500000,
Cold Start: false
Unique ID: 59eb53eb-703c-4c6b-b656-2138e95ad25e,
Billed Duration for Request 59eb53eb-703c-4c6b-b656-2138e95ad25e: 539 ms
Input: 5500000,
Cold Start: false
Unique ID: d4681098-8eea-4387-bc5b-498b8bff9ca7,
Billed Duration for Request d4681098-8eea-4387-bc5b-498b8bff9ca7: 534 ms
Input: 5500000,
Cold Start: false
Unique ID: 0ccc99b3-ebe6-47a1-b882-14fb073f8629,
Billed Duration for Request 0ccc99b3-ebe6-47a1-b882-14fb073f8629: 558 ms
Input: 5500000,
Cold Start: false
Unique ID: 4024473b-5a68-4983-8e36-f62c7e2b7b30,
Billed Duration for Request 4024473b-5a68-4983-8e36-f62c7e2b7b30: 560 ms
Input: 5500000,
Cold Start: false
Unique ID: 10b0429c-cb6a-4095-994f-2fb1ff4c427d,
Billed Duration for Request 10b0429c-cb6a-4095-994f-2fb1ff4c427d: 516 ms
Input: 5500000,
Cold Start: false
Unique ID: f66f4eb2-5987-4a38-a5a2-5b6567325ad5,
Billed Duration for Request f66f4eb2-5987-4a38-a5a2-5b6567325ad5: 561 ms
Input: 5500000,
Cold Start: false
Unique ID: fdb5f6e8-1088-41d4-a30a-d9aeae690e96,
Billed Duration for Request fdb5f6e8-1088-41d4-a30a-d9aeae690e96: 517 ms
Input: 5500000,
Cold Start: false
Unique ID: 84e6bc82-8601-43c9-98e8-e3e14e5d279e,
Billed Duration for Request 84e6bc82-8601-43c9-98e8-e3e14e5d279e: 564 ms
Input: 5500000,
Cold Start: false
Unique ID: 6ac1141f-5562-4285-9e8f-46ce5ee3830f,
Billed Duration for Request 6ac1141f-5562-4285-9e8f-46ce5ee3830f: 567 ms
Input: 5500000,
Cold Start: false
Unique ID: 9c9dfdb7-f724-4574-a2cb-17628cc3048d,
Billed Duration for Request 9c9dfdb7-f724-4574-a2cb-17628cc3048d: 539 ms
Input: 5500000,
Cold Start: false
Unique ID: 481100f3-ab1b-43de-a041-89e354fa3de0,
Billed Duration for Request 481100f3-ab1b-43de-a041-89e354fa3de0: 556 ms
Input: 5500000,
Cold Start: false
Unique ID: eba93fb7-2548-48be-a2cc-eeeab7102886,
Billed Duration for Request eba93fb7-2548-48be-a2cc-eeeab7102886: 540 ms
Input: 5500000,
Cold Start: false
Unique ID: 4ecee556-80e9-4f9e-9f63-8197d2d42e6e,
Billed Duration for Request 4ecee556-80e9-4f9e-9f63-8197d2d42e6e: 552 ms
Input: 5500000,
Cold Start: false
Unique ID: 31302ec4-97df-4971-92dc-be6b120f2916,
Billed Duration for Request 31302ec4-97df-4971-92dc-be6b120f2916: 555 ms
Input: 5500000,
Cold Start: false
Unique ID: 305dea4d-2620-4945-b740-311440ff1a62,
Billed Duration for Request 305dea4d-2620-4945-b740-311440ff1a62: 571 ms
Input: 5500000,
Cold Start: false
Unique ID: 6070603e-2dde-4460-8c12-557ba5fb0003,
Billed Duration for Request 6070603e-2dde-4460-8c12-557ba5fb0003: 536 ms
Input: 5500000,
Cold Start: false
Unique ID: 18d64e2e-b907-489b-8a52-617d068491ce,
Billed Duration for Request 18d64e2e-b907-489b-8a52-617d068491ce: 566 ms
Input: 5500000,
Cold Start: false
Unique ID: 58946f75-d9bb-49a9-94f2-d54c291772b9,
Billed Duration for Request 58946f75-d9bb-49a9-94f2-d54c291772b9: 531 ms
Input: 5500000,
Cold Start: false
Unique ID: e4f5c2b8-6b22-4762-8c36-ec1791752be2,
Billed Duration for Request e4f5c2b8-6b22-4762-8c36-ec1791752be2: 555 ms
Input: 5500000,
Cold Start: false
Unique ID: 52976c5b-b9f7-4c4f-945a-0bbb56fd82ed,
Billed Duration for Request 52976c5b-b9f7-4c4f-945a-0bbb56fd82ed: 551 ms
Input: 5500000,
Cold Start: false
Unique ID: 1285fd7a-e31f-436d-8fd0-033661b2ebf1,
Billed Duration for Request 1285fd7a-e31f-436d-8fd0-033661b2ebf1: 541 ms
Input: 5500000,
Cold Start: false
Unique ID: 816b6193-0ad0-4325-918b-5d3ebe2ff81c,
Billed Duration for Request 816b6193-0ad0-4325-918b-5d3ebe2ff81c: 530 ms
Input: 5500000,
Cold Start: false
Unique ID: 8567da81-a1a9-48ed-b95d-60d4ab67a4d8,
Billed Duration for Request 8567da81-a1a9-48ed-b95d-60d4ab67a4d8: 560 ms
Input: 5500000,
Cold Start: false
Unique ID: 4f347d6a-0a5b-4565-8f60-ca24cfde58d8,
Billed Duration for Request 4f347d6a-0a5b-4565-8f60-ca24cfde58d8: 556 ms
Input: 5500000,
Cold Start: false
Unique ID: 8da77b51-5425-4284-987c-b1a18d92e6ec,
Billed Duration for Request 8da77b51-5425-4284-987c-b1a18d92e6ec: 527 ms
Input: 5500000,
Cold Start: false
Unique ID: 1bef7d79-b672-4b2b-a76e-6ff23d55a6b4,
Billed Duration for Request 1bef7d79-b672-4b2b-a76e-6ff23d55a6b4: 559 ms
Input: 5500000,
Cold Start: false
Unique ID: 476d0761-4be5-401e-8627-a2c023ee720a,
Billed Duration for Request 476d0761-4be5-401e-8627-a2c023ee720a: 564 ms
Input: 5500000,
Cold Start: false
Unique ID: 8985cd6b-f519-4620-a7f1-642d2daaa09b,
Billed Duration for Request 8985cd6b-f519-4620-a7f1-642d2daaa09b: 529 ms
Input: 5500000,
Cold Start: false
Unique ID: f70dcb38-54de-4fa7-85cb-dc222201459d,
Billed Duration for Request f70dcb38-54de-4fa7-85cb-dc222201459d: 551 ms
Input: 5500000,
Cold Start: false
Unique ID: c2880c5d-0ade-4029-9cf8-7edaf19aa181,
Billed Duration for Request c2880c5d-0ade-4029-9cf8-7edaf19aa181: 551 ms
Input: 5500000,
Cold Start: false
Unique ID: 313bfea9-add3-45e9-a98c-8872c966b199,
Billed Duration for Request 313bfea9-add3-45e9-a98c-8872c966b199: 536 ms
Input: 5500000,
Cold Start: false
Unique ID: 2227e7dc-9e33-4b9b-8d85-4ffdfd533659,
Billed Duration for Request 2227e7dc-9e33-4b9b-8d85-4ffdfd533659: 512 ms
Input: 5500000,
Cold Start: false
Unique ID: 5386194f-6254-4e86-aba2-01ed72c3e6aa,
Billed Duration for Request 5386194f-6254-4e86-aba2-01ed72c3e6aa: 555 ms
Input: 5500000,
Cold Start: false
Unique ID: 9a824d2e-7e9e-4766-ad67-73cb449824c7,
Billed Duration for Request 9a824d2e-7e9e-4766-ad67-73cb449824c7: 555 ms
Input: 5500000,
Cold Start: false
Unique ID: feead98f-bb98-4ff1-a58f-3b9ea3b55483,
Billed Duration for Request feead98f-bb98-4ff1-a58f-3b9ea3b55483: 516 ms
Input: 5500000,
Cold Start: false
Unique ID: 0c1f2fa1-d1af-4c7f-9fc7-ca3832c38b81,
Billed Duration for Request 0c1f2fa1-d1af-4c7f-9fc7-ca3832c38b81: 566 ms
Input: 5500000,
Cold Start: false
Unique ID: 0c596512-b8a0-48ee-956b-1ef4ade6735e,
Billed Duration for Request 0c596512-b8a0-48ee-956b-1ef4ade6735e: 534 ms
Input: 5500000,
Cold Start: false
Unique ID: 18a39487-2629-418d-b11f-d520454a1c36,
Billed Duration for Request 18a39487-2629-418d-b11f-d520454a1c36: 566 ms
Input: 5500000,
Cold Start: false
Unique ID: a425e52d-93fb-48bc-b843-979199dacda4,
Billed Duration for Request a425e52d-93fb-48bc-b843-979199dacda4: 554 ms
Input: 5500000,
Cold Start: false
Unique ID: 47a1ddf2-1d75-4f75-ba56-72e205c1473f,
Billed Duration for Request 47a1ddf2-1d75-4f75-ba56-72e205c1473f: 551 ms
Input: 5500000,
Cold Start: false
Unique ID: d08c1508-28ec-4ff6-9e96-cb95211da219,
Billed Duration for Request d08c1508-28ec-4ff6-9e96-cb95211da219: 541 ms
Input: 5500000,
Cold Start: false
Unique ID: 8aea4cc0-e832-43f6-b046-2f6c528c3907,
Billed Duration for Request 8aea4cc0-e832-43f6-b046-2f6c528c3907: 528 ms
Input: 5500000,
Cold Start: false
Unique ID: 09c10153-f235-48a0-b4b2-5ce59608eff9,
Billed Duration for Request 09c10153-f235-48a0-b4b2-5ce59608eff9: 551 ms
Input: 5500000,
Cold Start: false
Unique ID: 0c5c4c51-5ac4-415a-9cf0-83a3014f4903,
Billed Duration for Request 0c5c4c51-5ac4-415a-9cf0-83a3014f4903: 553 ms
Input: 5500000,
Cold Start: false
Unique ID: 299c6942-435a-43d1-97c6-c425eb9bc66f,
Billed Duration for Request 299c6942-435a-43d1-97c6-c425eb9bc66f: 565 ms
Input: 5500000,
Cold Start: false
Unique ID: af6700be-e0db-4a77-9a21-778621fd271e,
Billed Duration for Request af6700be-e0db-4a77-9a21-778621fd271e: 535 ms
Input: 5500000,
Cold Start: false
Unique ID: f14ae6bb-7ed6-45f8-9af1-89524618dba1,
Billed Duration for Request f14ae6bb-7ed6-45f8-9af1-89524618dba1: 537 ms
Input: 5500000,
Cold Start: false
Unique ID: e61894f2-c1ee-492f-8451-3bd3332a8b94,
Billed Duration for Request e61894f2-c1ee-492f-8451-3bd3332a8b94: 557 ms
Input: 5500000,
Cold Start: false
Unique ID: 7280fc74-deaf-47f9-96c1-38352513fa9f,
Billed Duration for Request 7280fc74-deaf-47f9-96c1-38352513fa9f: 552 ms
Input: 5500000,
Cold Start: false
Unique ID: b0968e8c-a5a7-4208-b7fe-7b698b9262c7,
Billed Duration for Request b0968e8c-a5a7-4208-b7fe-7b698b9262c7: 567 ms
Input: 5500000,
Cold Start: false
Unique ID: e1563ba3-505d-4ade-8828-7bc3c28fa941,
Billed Duration for Request e1563ba3-505d-4ade-8828-7bc3c28fa941: 538 ms
Input: 5500000,
Cold Start: false
Unique ID: ee1ceb07-8bc1-47f5-9e2b-5e960dc3187e,
Billed Duration for Request ee1ceb07-8bc1-47f5-9e2b-5e960dc3187e: 530 ms
Input: 5500000,
Cold Start: false
Unique ID: 1f06b5a1-d61c-4c4d-854f-9b04b5d8a3b0,
Billed Duration for Request 1f06b5a1-d61c-4c4d-854f-9b04b5d8a3b0: 550 ms
Input: 5500000,
Cold Start: false
Unique ID: 85858683-69c3-4227-96e2-97fbef2dc7b0,
Billed Duration for Request 85858683-69c3-4227-96e2-97fbef2dc7b0: 550 ms
Input: 5500000,
Cold Start: false
Unique ID: 9d3a1813-c1b6-4aeb-8a06-5c750282eaf0,
Billed Duration for Request 9d3a1813-c1b6-4aeb-8a06-5c750282eaf0: 567 ms
Input: 5500000,
Cold Start: false
Unique ID: 44e4a9a0-fdb9-4e06-86c9-e1886555776c,
Billed Duration for Request 44e4a9a0-fdb9-4e06-86c9-e1886555776c: 530 ms
Input: 5500000,
Cold Start: false
Unique ID: 6ac1be85-6133-44a8-b688-1b726028d6f9,
Billed Duration for Request 6ac1be85-6133-44a8-b688-1b726028d6f9: 542 ms
Input: 5500000,
Cold Start: false
Unique ID: b16cdc71-97f1-48fa-a83a-7ed3786df59a,
Billed Duration for Request b16cdc71-97f1-48fa-a83a-7ed3786df59a: 554 ms
Input: 5500000,
Cold Start: false
Unique ID: de356963-51c4-4bac-8f30-14532e09b9fd,
Billed Duration for Request de356963-51c4-4bac-8f30-14532e09b9fd: 548 ms
Input: 5500000,
Cold Start: false
Unique ID: 9b0979ee-cd42-4eb4-b162-73dee49b3c1c,
Billed Duration for Request 9b0979ee-cd42-4eb4-b162-73dee49b3c1c: 563 ms
Input: 5500000,
Cold Start: false
Unique ID: 19b89ec9-2e1d-4ec0-bf1a-1180b6ec6fb2,
Billed Duration for Request 19b89ec9-2e1d-4ec0-bf1a-1180b6ec6fb2: 530 ms
Input: 5500000,
Cold Start: false
Unique ID: 8d6ab8a8-9044-4899-8079-e3b7b996c7fa,
Billed Duration for Request 8d6ab8a8-9044-4899-8079-e3b7b996c7fa: 530 ms
Input: 5500000,
Cold Start: false
Unique ID: ca81b99e-eb47-4190-aaaf-eb4f387dc2f3,
Billed Duration for Request ca81b99e-eb47-4190-aaaf-eb4f387dc2f3: 556 ms
Input: 5500000,
Cold Start: false
Unique ID: 5ffd5699-c1b1-4aaf-9259-f260bd735a64,
Billed Duration for Request 5ffd5699-c1b1-4aaf-9259-f260bd735a64: 555 ms
Input: 5500000,
Cold Start: false
Unique ID: d3b88553-d7a2-46d9-b89c-231f0c312838,
Billed Duration for Request d3b88553-d7a2-46d9-b89c-231f0c312838: 568 ms
Input: 5500000,
Cold Start: false
Unique ID: 8f225d1a-e828-4489-bd8a-45d83e9f4cad,
Billed Duration for Request 8f225d1a-e828-4489-bd8a-45d83e9f4cad: 513 ms
Input: 5500000,
Cold Start: false
Unique ID: e1a96ea4-d59a-4e01-b541-1d95de420426,
Billed Duration for Request e1a96ea4-d59a-4e01-b541-1d95de420426: 525 ms
Input: 5500000,
Cold Start: false
Unique ID: 17fca4f4-bce5-4108-afd6-c9d7a42dfa01,
Billed Duration for Request 17fca4f4-bce5-4108-afd6-c9d7a42dfa01: 553 ms
Input: 5500000,
Cold Start: false
Unique ID: 47ad70c7-eb32-4811-9f29-c05dba0669ba,
Billed Duration for Request 47ad70c7-eb32-4811-9f29-c05dba0669ba: 552 ms
Input: 5500000,
Cold Start: false
Unique ID: 8c162ca0-8c69-47d9-81bd-eb2182904c9c,
Billed Duration for Request 8c162ca0-8c69-47d9-81bd-eb2182904c9c: 555 ms
Input: 5500000,
Cold Start: false
Unique ID: 8c705c55-be14-4f66-b10d-fc86f872191f,
Billed Duration for Request 8c705c55-be14-4f66-b10d-fc86f872191f: 529 ms
Input: 5500000,
Cold Start: false
Unique ID: 26bc5dd4-ab98-4d0a-b3d9-6bfe859f4104,
Billed Duration for Request 26bc5dd4-ab98-4d0a-b3d9-6bfe859f4104: 528 ms
Input: 5500000,
Cold Start: false
Unique ID: 450ad1fd-2144-4056-ab37-9bad1e7b2f54,
Billed Duration for Request 450ad1fd-2144-4056-ab37-9bad1e7b2f54: 556 ms
Input: 5500000,
Cold Start: false
Unique ID: 668e8e83-47b5-443e-a0a1-65da19ad7f37,
Billed Duration for Request 668e8e83-47b5-443e-a0a1-65da19ad7f37: 555 ms
Input: 5500000,
Cold Start: false
Unique ID: c3ddaf81-36da-4664-b402-e8426cd493ca,
Billed Duration for Request c3ddaf81-36da-4664-b402-e8426cd493ca: 535 ms
Input: 5500000,
Cold Start: false
Unique ID: 88fa0a59-b1bb-41eb-acdc-e3e662a256c5,
Billed Duration for Request 88fa0a59-b1bb-41eb-acdc-e3e662a256c5: 569 ms
Input: 5500000,
Cold Start: false
Unique ID: 982d0b2c-cfe8-4082-80ea-5a63990553b1,
Billed Duration for Request 982d0b2c-cfe8-4082-80ea-5a63990553b1: 534 ms
Input: 5500000,
Cold Start: false
Unique ID: d5f9e6a1-cedc-49ff-bc90-0b1dc4815294,
Billed Duration for Request d5f9e6a1-cedc-49ff-bc90-0b1dc4815294: 566 ms
Input: 5500000,
Cold Start: false
Unique ID: 44863124-d3f9-422e-89d2-6f438982a6cc,
Billed Duration for Request 44863124-d3f9-422e-89d2-6f438982a6cc: 563 ms
Input: 5500000,
Cold Start: false
Unique ID: 16f0dca0-e624-4a4a-ab2e-59edcdb8aef2,
Billed Duration for Request 16f0dca0-e624-4a4a-ab2e-59edcdb8aef2: 560 ms
Input: 5500000,
Cold Start: false
Unique ID: a8c7d7ce-7a41-4865-bfc5-470f70ef7188,
Billed Duration for Request a8c7d7ce-7a41-4865-bfc5-470f70ef7188: 535 ms
Input: 5500000,
Cold Start: false
Unique ID: 9041d13c-fbcb-43b9-a51d-92926d209c81,
Billed Duration for Request 9041d13c-fbcb-43b9-a51d-92926d209c81: 539 ms
Input: 5500000,
Cold Start: false
Unique ID: aa358645-7940-4a4a-9bcb-ec80a04346ab,
Billed Duration for Request aa358645-7940-4a4a-9bcb-ec80a04346ab: 555 ms
Input: 5500000,
Cold Start: false
Unique ID: 60721d14-1227-4ec7-ab12-5c1cd8986864,
Billed Duration for Request 60721d14-1227-4ec7-ab12-5c1cd8986864: 555 ms
Input: 5500000,
Cold Start: false
Unique ID: bfda75a4-e6d9-4d7b-82a9-32f7a13e9868,
Billed Duration for Request bfda75a4-e6d9-4d7b-82a9-32f7a13e9868: 572 ms
Input: 5500000,
Cold Start: false
Unique ID: 5702d922-310a-40ea-ac58-0fe19e7705ae,
Billed Duration for Request 5702d922-310a-40ea-ac58-0fe19e7705ae: 535 ms
Input: 5500000,
Cold Start: false
Unique ID: 1eefe9c1-ea42-4567-982a-2827667ccd58,
Billed Duration for Request 1eefe9c1-ea42-4567-982a-2827667ccd58: 526 ms
Input: 5500000,
Cold Start: false
Unique ID: f0a05b55-ca38-4445-9b00-82da32e82642,
Billed Duration for Request f0a05b55-ca38-4445-9b00-82da32e82642: 552 ms
Input: 5500000,
Cold Start: false
Unique ID: 341a15b5-39af-4404-8b95-494d57d163c7,
Billed Duration for Request 341a15b5-39af-4404-8b95-494d57d163c7: 555 ms
Input: 5500000,
Cold Start: false
Unique ID: 50efebf9-d35d-4bd1-80be-2c7e23913692,
Billed Duration for Request 50efebf9-d35d-4bd1-80be-2c7e23913692: 560 ms
Input: 5500000,
Cold Start: false
Unique ID: 1bddf44c-dd13-4ae5-a572-5af22223e96d,
Billed Duration for Request 1bddf44c-dd13-4ae5-a572-5af22223e96d: 538 ms
Input: 5500000,
Cold Start: false
Unique ID: d13a1005-8f27-45b3-ae9c-8ecad2a1e4b7,
Billed Duration for Request d13a1005-8f27-45b3-ae9c-8ecad2a1e4b7: 529 ms
Input: 5500000,
Cold Start: false
Unique ID: 3f9461e9-2e08-428b-b4d2-86c59548048d,
Billed Duration for Request 3f9461e9-2e08-428b-b4d2-86c59548048d: 556 ms
Input: 5500000,
Cold Start: false
Unique ID: 69e54945-d8e3-4ec4-b826-713f6df165d7,
Billed Duration for Request 69e54945-d8e3-4ec4-b826-713f6df165d7: 551 ms
Input: 5500000,
Cold Start: false
Unique ID: a5f1b8ea-6fe7-4c1d-8889-1568504e0360,
Billed Duration for Request a5f1b8ea-6fe7-4c1d-8889-1568504e0360: 567 ms
Input: 5500000,
Cold Start: false
Unique ID: 36393204-2831-4ad9-9197-9c02c61fb696,
Billed Duration for Request 36393204-2831-4ad9-9197-9c02c61fb696: 534 ms
Input: 5500000,
Cold Start: false
Unique ID: 841acda4-3120-48a1-80ea-77c7a4d53583,
Billed Duration for Request 841acda4-3120-48a1-80ea-77c7a4d53583: 544 ms
Input: 5500000,
Cold Start: false
Unique ID: 4248d3cf-4abc-4ee0-81d1-9f352edfdde5,
Billed Duration for Request 4248d3cf-4abc-4ee0-81d1-9f352edfdde5: 576 ms
Input: 5500000,
Cold Start: false
Unique ID: 0cf19987-bb79-4950-a374-1f65afee77ff,
Billed Duration for Request 0cf19987-bb79-4950-a374-1f65afee77ff: 551 ms
Input: 5500000,
Cold Start: false
Unique ID: c57345d4-7ca7-4199-81ee-c361e726a3c5,
Billed Duration for Request c57345d4-7ca7-4199-81ee-c361e726a3c5: 555 ms
Input: 5500000,
Cold Start: false
Unique ID: 18b5789a-7018-41d5-b4a7-864319160df3,
Billed Duration for Request 18b5789a-7018-41d5-b4a7-864319160df3: 539 ms
Input: 5500000,
Cold Start: false
Unique ID: 30501c37-80ee-492d-81b4-c27b2ca9b79b,
Billed Duration for Request 30501c37-80ee-492d-81b4-c27b2ca9b79b: 543 ms
Input: 5500000,
Cold Start: false
Unique ID: 0af83397-1a46-4be3-aab5-85b906b02d13,
Billed Duration for Request 0af83397-1a46-4be3-aab5-85b906b02d13: 562 ms
Input: 5500000,
Cold Start: false
Unique ID: 3f4add02-3750-41dc-9972-738cb90cf111,
Billed Duration for Request 3f4add02-3750-41dc-9972-738cb90cf111: 555 ms
Input: 5500000,
Cold Start: false
Unique ID: 30e6c082-f0d7-495c-908b-7d620d51cc7d,
Billed Duration for Request 30e6c082-f0d7-495c-908b-7d620d51cc7d: 581 ms
Input: 5500000,
Cold Start: false
Unique ID: d53752d1-0bda-41c0-9ea5-1b74574b7359,
Billed Duration for Request d53752d1-0bda-41c0-9ea5-1b74574b7359: 535 ms
Input: 5500000,
Cold Start: false
Unique ID: 0e9b9d9a-333e-4a10-b067-9cf40200e537,
Billed Duration for Request 0e9b9d9a-333e-4a10-b067-9cf40200e537: 543 ms
Input: 5500000,
Cold Start: false
Unique ID: b2ec1747-c60a-4933-8133-d53b17dc6872,
Billed Duration for Request b2ec1747-c60a-4933-8133-d53b17dc6872: 571 ms
Input: 5500000,
Cold Start: false
Unique ID: 3a21ba48-baff-4bc0-967b-47230d07b56d,
Billed Duration for Request 3a21ba48-baff-4bc0-967b-47230d07b56d: 552 ms
Input: 5500000,
Cold Start: false
Unique ID: 280f11ad-c213-4d27-ac92-e435c6d4c5bb,
Billed Duration for Request 280f11ad-c213-4d27-ac92-e435c6d4c5bb: 560 ms
Input: 5500000,
Cold Start: false
Unique ID: f9073e67-a3cc-417f-bee5-cb8a894da118,
Billed Duration for Request f9073e67-a3cc-417f-bee5-cb8a894da118: 538 ms
Input: 5500000,
Cold Start: false
Unique ID: fe4c5a21-d809-45d7-b727-a7b90d35a5d5,
Billed Duration for Request fe4c5a21-d809-45d7-b727-a7b90d35a5d5: 533 ms
Input: 5500000,
Cold Start: false
Unique ID: da427685-d4ae-47e3-bd32-c17e775df1b1,
Billed Duration for Request da427685-d4ae-47e3-bd32-c17e775df1b1: 556 ms
Input: 5500000,
Cold Start: false
Unique ID: 5efac01e-a2c1-413a-bed0-2650a854c8d9,
Billed Duration for Request 5efac01e-a2c1-413a-bed0-2650a854c8d9: 551 ms
Input: 5500000,
Cold Start: false
Unique ID: c0490c56-04c8-4d0e-8d05-f7056b4c1d30,
Billed Duration for Request c0490c56-04c8-4d0e-8d05-f7056b4c1d30: 534 ms
Input: 5500000,
Cold Start: false
Unique ID: 3be20012-fa02-4761-a5c3-3666fe23c97f,
Billed Duration for Request 3be20012-fa02-4761-a5c3-3666fe23c97f: 553 ms
Input: 5500000,
Cold Start: false
Unique ID: 6d72f227-dbcc-4a8a-bf98-6157eceae9c5,
Billed Duration for Request 6d72f227-dbcc-4a8a-bf98-6157eceae9c5: 581 ms
Input: 5500000,
Cold Start: false
Unique ID: 7eca7fde-438f-4672-9e69-890ebdb2949a,
Billed Duration for Request 7eca7fde-438f-4672-9e69-890ebdb2949a: 529 ms
Input: 5500000,
Cold Start: false
Unique ID: b9ebaa66-9b8d-4b96-993f-d96005850324,
Billed Duration for Request b9ebaa66-9b8d-4b96-993f-d96005850324: 555 ms
Input: 5500000,
Cold Start: false
Unique ID: 8892fd19-17f0-4e71-9098-ced7986ca5bb,
Billed Duration for Request 8892fd19-17f0-4e71-9098-ced7986ca5bb: 566 ms
Input: 5500000,
Cold Start: false
Unique ID: 87e2a8c6-f227-4948-9347-eac48a16a3b6,
Billed Duration for Request 87e2a8c6-f227-4948-9347-eac48a16a3b6: 535 ms
Input: 5500000,
Cold Start: false
Unique ID: e49685c0-6e87-445b-bc9e-d28542fef3e9,
Billed Duration for Request e49685c0-6e87-445b-bc9e-d28542fef3e9: 530 ms
Input: 5500000,
Cold Start: false
Unique ID: 5818b6be-e0f6-427c-9f10-1027851b6e22,
Billed Duration for Request 5818b6be-e0f6-427c-9f10-1027851b6e22: 555 ms
Input: 5500000,
Cold Start: false
Unique ID: 9b2c0032-eb11-4932-b2bd-3c432a6be62e,
Billed Duration for Request 9b2c0032-eb11-4932-b2bd-3c432a6be62e: 554 ms
Input: 5500000,
Cold Start: false
Unique ID: 9ef08777-3bae-46a9-bcf8-aa2ea122f569,
Billed Duration for Request 9ef08777-3bae-46a9-bcf8-aa2ea122f569: 527 ms
Input: 5500000,
Cold Start: false
Unique ID: ee7b274d-0706-4805-8643-0bcfc6872e33,
Billed Duration for Request ee7b274d-0706-4805-8643-0bcfc6872e33: 572 ms
Input: 5500000,
Cold Start: false
Unique ID: 80930624-f9b5-4f81-94a7-fd228c9d58b5,
Billed Duration for Request 80930624-f9b5-4f81-94a7-fd228c9d58b5: 565 ms
Input: 5500000,
Cold Start: false
Unique ID: 2c6804a8-4cc7-4dd2-80b3-8fdbef44fdef,
Billed Duration for Request 2c6804a8-4cc7-4dd2-80b3-8fdbef44fdef: 535 ms
Input: 5500000,
Cold Start: false
Unique ID: fc088f90-1f5a-44ef-8c56-4b3dd58cc3e3,
Billed Duration for Request fc088f90-1f5a-44ef-8c56-4b3dd58cc3e3: 551 ms
Input: 5500000,
Cold Start: false
Unique ID: 6d21c1d9-15fe-4da1-9437-dbfa58ab0e4a,
Billed Duration for Request 6d21c1d9-15fe-4da1-9437-dbfa58ab0e4a: 565 ms
Input: 5500000,
Cold Start: false
Unique ID: 5f25fb1d-09fb-4532-a41e-36c174e1abcf,
Billed Duration for Request 5f25fb1d-09fb-4532-a41e-36c174e1abcf: 542 ms
Input: 5500000,
Cold Start: false
Unique ID: 34b61c30-1d00-468d-bf31-4360e27a6e1e,
Billed Duration for Request 34b61c30-1d00-468d-bf31-4360e27a6e1e: 548 ms
Input: 5500000,
Cold Start: false
Unique ID: 5277a8cc-4925-4fa6-ad48-66da00146d47,
Billed Duration for Request 5277a8cc-4925-4fa6-ad48-66da00146d47: 554 ms
Input: 5500000,
Cold Start: false
Unique ID: 3d574216-75b4-4586-b110-b03f01c83e35,
Billed Duration for Request 3d574216-75b4-4586-b110-b03f01c83e35: 556 ms
Input: 5500000,
Cold Start: false
Unique ID: 6c60df1b-c462-40c8-a489-bec50c0a4cfe,
Billed Duration for Request 6c60df1b-c462-40c8-a489-bec50c0a4cfe: 547 ms
Input: 5500000,
Cold Start: false
Unique ID: 053a4e82-e881-4c18-bf6a-a936745c68a7,
Billed Duration for Request 053a4e82-e881-4c18-bf6a-a936745c68a7: 556 ms
Input: 5500000,
Cold Start: false
Unique ID: d1495f81-240c-44f4-bd21-7fbcea3748c7,
Billed Duration for Request d1495f81-240c-44f4-bd21-7fbcea3748c7: 565 ms
Input: 5500000,
Cold Start: false
Unique ID: 7fb4f9de-95d0-4cc2-bc4b-6186a3b609bc,
Billed Duration for Request 7fb4f9de-95d0-4cc2-bc4b-6186a3b609bc: 533 ms
Input: 5500000,
Cold Start: false
Unique ID: 16fa9801-f06e-4184-9495-b0f65bd117d8,
Billed Duration for Request 16fa9801-f06e-4184-9495-b0f65bd117d8: 551 ms
Input: 5500000,
Cold Start: false
Unique ID: 6c6a07b7-98d3-4276-be64-d3adda5c37d5,
Billed Duration for Request 6c6a07b7-98d3-4276-be64-d3adda5c37d5: 534 ms
Input: 5500000,
Cold Start: false
Unique ID: 471e4c10-29f1-4406-98a5-824f2f53a613,
Billed Duration for Request 471e4c10-29f1-4406-98a5-824f2f53a613: 557 ms
Input: 5500000,
Cold Start: false
Unique ID: 3bd5dfee-d36e-4429-a4b1-5346e7c405a8,
Billed Duration for Request 3bd5dfee-d36e-4429-a4b1-5346e7c405a8: 547 ms
Input: 5500000,
Cold Start: false
Unique ID: 5f2b1b62-7408-44ec-b442-ac0c0942b364,
Billed Duration for Request 5f2b1b62-7408-44ec-b442-ac0c0942b364: 556 ms
Input: 5500000,
Cold Start: false
Unique ID: 97789244-c696-49a1-adf0-84298b934255,
Billed Duration for Request 97789244-c696-49a1-adf0-84298b934255: 554 ms
Input: 5500000,
Cold Start: false
Unique ID: 709fb1db-f368-482a-957f-7929eda3ee31,
Billed Duration for Request 709fb1db-f368-482a-957f-7929eda3ee31: 539 ms
Input: 5500000,
Cold Start: false
Unique ID: 3eaa8bcd-ae2e-4144-8fff-ee581fe5df72,
Billed Duration for Request 3eaa8bcd-ae2e-4144-8fff-ee581fe5df72: 557 ms
Input: 5500000,
Cold Start: false
Unique ID: 8f08cbbd-06a4-436f-9f2c-e8bb40bbb5d3,
Billed Duration for Request 8f08cbbd-06a4-436f-9f2c-e8bb40bbb5d3: 554 ms
Input: 5500000,
Cold Start: false
Unique ID: 92a29c7c-7cc4-4c51-a2d4-e009d56c65ee,
Billed Duration for Request 92a29c7c-7cc4-4c51-a2d4-e009d56c65ee: 531 ms
Input: 5500000,
Cold Start: false
Unique ID: d41640d2-dd5e-40fa-8b17-043db6473648,
Billed Duration for Request d41640d2-dd5e-40fa-8b17-043db6473648: 553 ms
Input: 5500000,
Cold Start: false
Unique ID: 0ca1d83d-6b9d-4ecf-9313-55ee0eab6624,
Billed Duration for Request 0ca1d83d-6b9d-4ecf-9313-55ee0eab6624: 568 ms
Input: 5500000,
Cold Start: false
Unique ID: 4acba110-9ef3-4d4f-b177-1d5ec552dcae,
Billed Duration for Request 4acba110-9ef3-4d4f-b177-1d5ec552dcae: 536 ms
Input: 5500000,
Cold Start: false
Unique ID: 6cfbe8f8-1df3-4df9-a0ff-7b1d2019dd14,
Billed Duration for Request 6cfbe8f8-1df3-4df9-a0ff-7b1d2019dd14: 543 ms
Input: 5500000,
Cold Start: false
Unique ID: 53663749-e1de-476f-9981-3cb25cc33696,
Billed Duration for Request 53663749-e1de-476f-9981-3cb25cc33696: 564 ms
Input: 5500000,
Cold Start: false
Unique ID: 3f96f8e2-69bd-4a35-9afe-61ef8174879f,
Billed Duration for Request 3f96f8e2-69bd-4a35-9afe-61ef8174879f: 556 ms
Input: 5500000,
Cold Start: false
Unique ID: c0cc304c-30cc-4d03-a29a-e0be286e6d14,
Billed Duration for Request c0cc304c-30cc-4d03-a29a-e0be286e6d14: 527 ms
Input: 5500000,
Cold Start: false
Unique ID: 408e053d-b52f-4921-b3cb-34d495e11cdc,
Billed Duration for Request 408e053d-b52f-4921-b3cb-34d495e11cdc: 572 ms
Input: 5500000,
Cold Start: false
Unique ID: 0b1cf00f-1a23-45a5-971c-2256e7eca198,
Billed Duration for Request 0b1cf00f-1a23-45a5-971c-2256e7eca198: 566 ms
Input: 5500000,
Cold Start: false
Unique ID: dab3e850-064c-4977-9884-f7364b7efbe7,
Billed Duration for Request dab3e850-064c-4977-9884-f7364b7efbe7: 534 ms
Input: 5500000,
Cold Start: false
Unique ID: d9773d71-a76c-46f9-aad6-43cb49645495,
Billed Duration for Request d9773d71-a76c-46f9-aad6-43cb49645495: 567 ms
Input: 5500000,
Cold Start: false
Unique ID: 3ef66460-d02c-4842-b9e8-b4985624a7ad,
Billed Duration for Request 3ef66460-d02c-4842-b9e8-b4985624a7ad: 563 ms
Input: 5500000,
Cold Start: false
Unique ID: 61415bfc-8ab3-4261-ac54-555bde27104e,
Billed Duration for Request 61415bfc-8ab3-4261-ac54-555bde27104e: 531 ms
Input: 5500000,
Cold Start: false
Unique ID: 93f9c5bf-f241-4416-b177-2ee905875fcc,
Billed Duration for Request 93f9c5bf-f241-4416-b177-2ee905875fcc: 531 ms
Input: 5500000,
Cold Start: false
Unique ID: 5e3af6e6-b184-40db-8501-b0af690ae981,
Billed Duration for Request 5e3af6e6-b184-40db-8501-b0af690ae981: 555 ms
Input: 5500000,
Cold Start: false
Unique ID: 7e561ba2-dff6-4472-bcd8-9d282349d329,
Billed Duration for Request 7e561ba2-dff6-4472-bcd8-9d282349d329: 552 ms
Input: 5500000,
Cold Start: false
Unique ID: b0e4b321-e1cf-4135-93e5-69d0ff1dcc7c,
Billed Duration for Request b0e4b321-e1cf-4135-93e5-69d0ff1dcc7c: 537 ms
Input: 5500000,
Cold Start: false
Unique ID: 05ff81c5-a7cc-41a2-8ea4-8048cacfbd53,
Billed Duration for Request 05ff81c5-a7cc-41a2-8ea4-8048cacfbd53: 557 ms
Input: 5500000,
Cold Start: false
Unique ID: 8a41e93f-c94a-49ab-87d8-fed45c0a8a3d,
Billed Duration for Request 8a41e93f-c94a-49ab-87d8-fed45c0a8a3d: 534 ms
Input: 5500000,
Cold Start: false
Unique ID: 85d87c9d-d0ec-4934-91f7-df9ed57fcb65,
Billed Duration for Request 85d87c9d-d0ec-4934-91f7-df9ed57fcb65: 585 ms
Input: 5500000,
Cold Start: false
Unique ID: 17a324a9-a590-4868-9fd1-241f22d156e6,
Billed Duration for Request 17a324a9-a590-4868-9fd1-241f22d156e6: 556 ms
Input: 5500000,
Cold Start: false
Unique ID: 6d15373b-f106-4873-ab60-831c5487cd43,
Billed Duration for Request 6d15373b-f106-4873-ab60-831c5487cd43: 555 ms
Input: 5500000,
Cold Start: false
Unique ID: 765e00d3-6d01-4977-83b6-f4b8dbda446d,
Billed Duration for Request 765e00d3-6d01-4977-83b6-f4b8dbda446d: 535 ms
Input: 5500000,
Cold Start: false
Unique ID: 6d963c53-4d69-429c-9757-b498fa98ccd4,
Billed Duration for Request 6d963c53-4d69-429c-9757-b498fa98ccd4: 549 ms
Input: 5500000,
Cold Start: false
Unique ID: 8062abf6-a3fa-4d48-9bf0-896b7728bb36,
Billed Duration for Request 8062abf6-a3fa-4d48-9bf0-896b7728bb36: 552 ms
Input: 5500000,
Cold Start: false
Unique ID: eced26ad-30a9-49bf-b475-6ef4473c4c97,
Billed Duration for Request eced26ad-30a9-49bf-b475-6ef4473c4c97: 556 ms
Input: 5500000,
Cold Start: false
Unique ID: 267cdc80-9eea-4560-9926-737be425353e,
Billed Duration for Request 267cdc80-9eea-4560-9926-737be425353e: 568 ms
Input: 5500000,
Cold Start: false
Unique ID: 32154923-4790-4ac1-8826-9c18924f272b,
Billed Duration for Request 32154923-4790-4ac1-8826-9c18924f272b: 526 ms
Input: 5500000,
Cold Start: false
Unique ID: e742100c-6d13-4936-a967-003176236638,
Billed Duration for Request e742100c-6d13-4936-a967-003176236638: 539 ms
Input: 5500000,
Cold Start: false
Unique ID: f8a8047d-c92a-40b5-8feb-14cd00df158a,
Billed Duration for Request f8a8047d-c92a-40b5-8feb-14cd00df158a: 574 ms
Input: 5500000,
Cold Start: false
Unique ID: 09659230-db41-4717-abc7-98872b2eedd1,
Billed Duration for Request 09659230-db41-4717-abc7-98872b2eedd1: 569 ms
Input: 5500000,
Cold Start: false
Unique ID: c2f111d0-0021-4154-b36d-dba73c459c1b,
Billed Duration for Request c2f111d0-0021-4154-b36d-dba73c459c1b: 566 ms
Input: 5500000,
Cold Start: false
Unique ID: 32bb021f-f7ef-4a7b-b531-7370f236e278,
Billed Duration for Request 32bb021f-f7ef-4a7b-b531-7370f236e278: 539 ms
Input: 5500000,
Cold Start: false
Unique ID: 4ed80c81-c480-47ed-949a-cb712103fd3b,
Billed Duration for Request 4ed80c81-c480-47ed-949a-cb712103fd3b: 530 ms
Input: 5500000,
Cold Start: false
Unique ID: 192c219f-7679-43e0-bf1e-efa53ec06f4b,
Billed Duration for Request 192c219f-7679-43e0-bf1e-efa53ec06f4b: 554 ms
Input: 5500000,
Cold Start: false
Unique ID: 182081c3-a24c-4952-b9ef-d1d890ae43df,
Billed Duration for Request 182081c3-a24c-4952-b9ef-d1d890ae43df: 555 ms
Input: 5500000,
Cold Start: false
Unique ID: 483a8751-4d25-4c89-a4de-859f66df2ad9,
Billed Duration for Request 483a8751-4d25-4c89-a4de-859f66df2ad9: 585 ms
Input: 5500000,
Cold Start: false
Unique ID: 0adddc49-00f3-4a29-b2ae-c6b8c38c33c2,
Billed Duration for Request 0adddc49-00f3-4a29-b2ae-c6b8c38c33c2: 531 ms
Input: 5500000,
Cold Start: false
Unique ID: 99a20370-ab04-47cf-8e46-8053af6a47a4,
Billed Duration for Request 99a20370-ab04-47cf-8e46-8053af6a47a4: 534 ms
Input: 5500000,
Cold Start: false
Unique ID: 2a571fee-d4c2-40b7-8c0d-625e5fd26e89,
Billed Duration for Request 2a571fee-d4c2-40b7-8c0d-625e5fd26e89: 554 ms
Input: 5500000,
Cold Start: false
Unique ID: 8d2ffcb8-7df5-4ca5-b9fb-55482b694641,
Billed Duration for Request 8d2ffcb8-7df5-4ca5-b9fb-55482b694641: 552 ms
Input: 5500000,
Cold Start: false
Unique ID: 391554ba-c2a7-460e-88c5-85c66cb4a287,
Billed Duration for Request 391554ba-c2a7-460e-88c5-85c66cb4a287: 550 ms
Input: 5500000,
Cold Start: false
Unique ID: 841ba6fe-559b-41cd-8af7-329f43b9d0ab,
Billed Duration for Request 841ba6fe-559b-41cd-8af7-329f43b9d0ab: 540 ms
Input: 5500000,
Cold Start: false
Unique ID: f6a2c555-480d-4d0c-bb4d-bc79edb8e241,
Billed Duration for Request f6a2c555-480d-4d0c-bb4d-bc79edb8e241: 528 ms
Input: 5500000,
Cold Start: false
Unique ID: d997915f-6ee2-47f3-8037-706b709a9a1d,
Billed Duration for Request d997915f-6ee2-47f3-8037-706b709a9a1d: 555 ms
Input: 5500000,
Cold Start: false
Unique ID: 9c1909d4-aabd-4eff-8ad9-3624720d1088,
Billed Duration for Request 9c1909d4-aabd-4eff-8ad9-3624720d1088: 556 ms
Input: 5500000,
Cold Start: false
Unique ID: e0fc1d14-e06b-434d-813c-5c3d97f0e307,
Billed Duration for Request e0fc1d14-e06b-434d-813c-5c3d97f0e307: 564 ms
Input: 5500000,
Cold Start: false
Unique ID: 62bd9bbe-b97e-4534-b87d-08c1568b3b4b,
Billed Duration for Request 62bd9bbe-b97e-4534-b87d-08c1568b3b4b: 532 ms
Input: 5500000,
Cold Start: false
Unique ID: 19cdbbaa-9aff-45b4-85c1-89f6d0218863,
Billed Duration for Request 19cdbbaa-9aff-45b4-85c1-89f6d0218863: 526 ms
Input: 5500000,
Cold Start: false
Unique ID: dbd787b5-5f23-4b6d-aaca-e55dd5a1a817,
Billed Duration for Request dbd787b5-5f23-4b6d-aaca-e55dd5a1a817: 558 ms
Input: 5500000,
Cold Start: false
Unique ID: 8bea3e92-1d19-4350-bf33-16288d23a7b3,
Billed Duration for Request 8bea3e92-1d19-4350-bf33-16288d23a7b3: 552 ms
Input: 5500000,
Cold Start: false
Unique ID: a6b67951-c65f-4ad2-ba53-1c9491f988ff,
Billed Duration for Request a6b67951-c65f-4ad2-ba53-1c9491f988ff: 555 ms
Input: 5500000,
Cold Start: false
Unique ID: 6286ea0d-d9ac-4445-9a90-0bab4e3d31db,
Billed Duration for Request 6286ea0d-d9ac-4445-9a90-0bab4e3d31db: 543 ms
Input: 5500000,
Cold Start: false
Unique ID: ee568858-e357-44f9-901c-cc190d767a8e,
Billed Duration for Request ee568858-e357-44f9-901c-cc190d767a8e: 540 ms
Input: 5500000,
Cold Start: false
Unique ID: 5f42b21b-c29c-4ec3-aeb9-573ed501344d,
Billed Duration for Request 5f42b21b-c29c-4ec3-aeb9-573ed501344d: 554 ms
Input: 5500000,
Cold Start: false
Unique ID: e1651fea-612c-422f-a785-54afc8d37545,
Billed Duration for Request e1651fea-612c-422f-a785-54afc8d37545: 555 ms
Input: 5500000,
Cold Start: false
Unique ID: 21488dee-9762-462e-910d-5f22fc90bd6c,
Billed Duration for Request 21488dee-9762-462e-910d-5f22fc90bd6c: 534 ms
Input: 5500000,
Cold Start: false
Unique ID: 7d58ea39-1680-4a20-b4c7-89c35a3dbaa0,
Billed Duration for Request 7d58ea39-1680-4a20-b4c7-89c35a3dbaa0: 582 ms
Input: 5500000,
Cold Start: false
Unique ID: 55c63b59-5953-4e44-be74-dbc7179ecfe0,
Billed Duration for Request 55c63b59-5953-4e44-be74-dbc7179ecfe0: 565 ms
Input: 5500000,
Cold Start: false
Unique ID: 1ea7c31d-92d5-40de-8245-74b1b6457c7f,
Billed Duration for Request 1ea7c31d-92d5-40de-8245-74b1b6457c7f: 530 ms
Input: 5500000,
Cold Start: false
Unique ID: b492f7e8-8c90-4fae-82bd-e08453d1e809,
Billed Duration for Request b492f7e8-8c90-4fae-82bd-e08453d1e809: 552 ms
Input: 5500000,
Cold Start: false
Unique ID: a7680974-f9ac-42aa-be14-f01c1e0318c4,
Billed Duration for Request a7680974-f9ac-42aa-be14-f01c1e0318c4: 556 ms
Input: 5500000,
Cold Start: false
Unique ID: 35501e46-6aa1-4c15-a323-747834d5d1c9,
Billed Duration for Request 35501e46-6aa1-4c15-a323-747834d5d1c9: 539 ms
Input: 5500000,
Cold Start: false
Unique ID: 33de9587-6357-4c71-941a-66feaf02bf6d,
Billed Duration for Request 33de9587-6357-4c71-941a-66feaf02bf6d: 529 ms
Input: 5500000,
Cold Start: false
Unique ID: df6b77b0-2cdd-43d0-ac73-a4527ef0099d,
Billed Duration for Request df6b77b0-2cdd-43d0-ac73-a4527ef0099d: 554 ms
Input: 5500000,
Cold Start: false
Unique ID: a9a7c707-a360-4690-ad0f-5237b76d243c,
Billed Duration for Request a9a7c707-a360-4690-ad0f-5237b76d243c: 551 ms
Input: 5500000,
Cold Start: false
Unique ID: 62af87bd-3e33-4ad7-8fd4-fef54e15e9ae,
Billed Duration for Request 62af87bd-3e33-4ad7-8fd4-fef54e15e9ae: 526 ms
Input: 5500000,
Cold Start: false
Unique ID: bf9bbd65-0b1d-4d1d-9a3e-bfa7e02006a7,
Billed Duration for Request bf9bbd65-0b1d-4d1d-9a3e-bfa7e02006a7: 554 ms
Input: 5500000,
Cold Start: false
Unique ID: 8d31bab6-a16f-40cb-bfde-4640ec3f3cae,
Billed Duration for Request 8d31bab6-a16f-40cb-bfde-4640ec3f3cae: 582 ms
Input: 5500000,
Cold Start: false
Unique ID: cb17d7d0-5b5b-48e7-b7b8-3b588fa0ea99,
Billed Duration for Request cb17d7d0-5b5b-48e7-b7b8-3b588fa0ea99: 530 ms
Input: 5500000,
Cold Start: false
Unique ID: f2844cea-e662-4452-89ca-8fb41c0d48ef,
Billed Duration for Request f2844cea-e662-4452-89ca-8fb41c0d48ef: 563 ms
Input: 5500000,
Cold Start: false
Unique ID: 2c7dbf9f-5d75-4996-8b28-bf1f8992f57a,
Billed Duration for Request 2c7dbf9f-5d75-4996-8b28-bf1f8992f57a: 560 ms
Input: 5500000,
Cold Start: false
Unique ID: cc47ec18-2cd1-43c6-b4db-13ea91abedd4,
Billed Duration for Request cc47ec18-2cd1-43c6-b4db-13ea91abedd4: 539 ms
Input: 5500000,
Cold Start: false
Unique ID: e187ba63-4c84-467f-8f21-93d95c42b40f,
Billed Duration for Request e187ba63-4c84-467f-8f21-93d95c42b40f: 540 ms
Input: 5500000,
Cold Start: false
Unique ID: b5e1daf8-077c-4f0a-9c8a-85114d5059c4,
Billed Duration for Request b5e1daf8-077c-4f0a-9c8a-85114d5059c4: 556 ms
Input: 5500000,
Cold Start: false
Unique ID: f20031b3-aabb-4514-978a-83148bae337c,
Billed Duration for Request f20031b3-aabb-4514-978a-83148bae337c: 552 ms
Input: 5500000,
Cold Start: false
Unique ID: 21bfa321-b96b-4057-b5f2-6df21c5ed4db,
Billed Duration for Request 21bfa321-b96b-4057-b5f2-6df21c5ed4db: 540 ms
Input: 5500000,
Cold Start: false
Unique ID: 8ea90e06-09ec-4d73-86ea-d7760e6f57f0,
Billed Duration for Request 8ea90e06-09ec-4d73-86ea-d7760e6f57f0: 564 ms
Input: 5500000,
Cold Start: false
Unique ID: 5e53069f-c3d0-444a-a93a-2d92358fd89d,
Billed Duration for Request 5e53069f-c3d0-444a-a93a-2d92358fd89d: 565 ms
Input: 5500000,
Cold Start: false
Unique ID: 95bcfb68-3fee-450e-92ed-05007b508058,
Billed Duration for Request 95bcfb68-3fee-450e-92ed-05007b508058: 535 ms
Input: 5500000,
Cold Start: false
Unique ID: 297d13f1-b6a3-4686-be9e-47022fe6c90f,
Billed Duration for Request 297d13f1-b6a3-4686-be9e-47022fe6c90f: 549 ms
Input: 5500000,
Cold Start: false
Unique ID: 513b3802-4e17-45da-b3af-c087352ba01a,
Billed Duration for Request 513b3802-4e17-45da-b3af-c087352ba01a: 560 ms
Input: 5500000,
Cold Start: false
Unique ID: bfcafd23-e440-4464-aa7c-2b48643e052b,
Billed Duration for Request bfcafd23-e440-4464-aa7c-2b48643e052b: 530 ms
Input: 5500000,
Cold Start: false
Unique ID: fcb8d772-c920-40b3-bd20-c9fc1d3fcd66,
Billed Duration for Request fcb8d772-c920-40b3-bd20-c9fc1d3fcd66: 528 ms
Input: 5500000,
Cold Start: false
Unique ID: aa2a04fa-f533-4d8f-9f3c-8fc4440a9c91,
Billed Duration for Request aa2a04fa-f533-4d8f-9f3c-8fc4440a9c91: 553 ms
Input: 5500000,
Cold Start: false
Unique ID: d49140af-0e7e-4d86-84a7-94034ee2cfd0,
Billed Duration for Request d49140af-0e7e-4d86-84a7-94034ee2cfd0: 552 ms
Input: 5500000,
Cold Start: false
Unique ID: 22ebe16c-e28f-4625-aefa-84bb186c60af,
Billed Duration for Request 22ebe16c-e28f-4625-aefa-84bb186c60af: 531 ms
Input: 5500000,
Cold Start: false
Unique ID: 68eddd72-e97a-4464-933d-4619b167d525,
Billed Duration for Request 68eddd72-e97a-4464-933d-4619b167d525: 573 ms
Input: 5500000,
Cold Start: false
Unique ID: 2a6a6a78-d1d8-47ad-91ec-e0aa62c638f1,
Billed Duration for Request 2a6a6a78-d1d8-47ad-91ec-e0aa62c638f1: 530 ms
Input: 5500000,
Cold Start: false
Unique ID: 832e17f2-87de-48a3-ac36-badd34835f06,
Billed Duration for Request 832e17f2-87de-48a3-ac36-badd34835f06: 569 ms
Input: 5500000,
Cold Start: false
Unique ID: d983033d-d43f-4d52-8a0e-5ed37ac6b0eb,
Billed Duration for Request d983033d-d43f-4d52-8a0e-5ed37ac6b0eb: 556 ms
Input: 5500000,
Cold Start: false
Unique ID: eaded31d-d67e-421d-8daf-878ce5203377,
Billed Duration for Request eaded31d-d67e-421d-8daf-878ce5203377: 564 ms
Input: 5500000,
Cold Start: false
Unique ID: 2d56d9a2-6514-4d91-bc1f-70951c93adf0,
Billed Duration for Request 2d56d9a2-6514-4d91-bc1f-70951c93adf0: 533 ms
Input: 5500000,
Cold Start: false
Unique ID: 2964ceb1-7e63-49aa-a3f6-3203750d2d68,
Billed Duration for Request 2964ceb1-7e63-49aa-a3f6-3203750d2d68: 534 ms
Input: 5500000,
Cold Start: false
Unique ID: 21c4840d-e31b-48b0-94b4-ca7807842dcc,
Billed Duration for Request 21c4840d-e31b-48b0-94b4-ca7807842dcc: 556 ms
Input: 5500000,
Cold Start: false
Unique ID: a3fa1edd-b62c-48ec-800c-4f57e2d28c83,
Billed Duration for Request a3fa1edd-b62c-48ec-800c-4f57e2d28c83: 551 ms
Input: 5500000,
Cold Start: false
Unique ID: 15bc63db-17ff-4c4f-a4f7-197f56ddbc3d,
Billed Duration for Request 15bc63db-17ff-4c4f-a4f7-197f56ddbc3d: 569 ms
Input: 5500000,
Cold Start: false
Unique ID: 8d0a7930-62d7-4a96-8dae-d6cc1bc0364b,
Billed Duration for Request 8d0a7930-62d7-4a96-8dae-d6cc1bc0364b: 534 ms
Input: 5500000,
Cold Start: false
Unique ID: 8ee6f742-5e22-4c30-aab8-c2b4b58ecd42,
Billed Duration for Request 8ee6f742-5e22-4c30-aab8-c2b4b58ecd42: 540 ms
Input: 5500000,
Cold Start: false
Unique ID: 6e9331c5-5707-46a6-9b8d-b18c3e8b4bef,
Billed Duration for Request 6e9331c5-5707-46a6-9b8d-b18c3e8b4bef: 553 ms
Input: 5500000,
Cold Start: false
Unique ID: e2623cce-2643-4dcf-b838-3e26869158fc,
Billed Duration for Request e2623cce-2643-4dcf-b838-3e26869158fc: 561 ms
Input: 5500000,
Cold Start: false
Unique ID: c5a9f8cb-9c84-4c82-8591-4f1da355086a,
Billed Duration for Request c5a9f8cb-9c84-4c82-8591-4f1da355086a: 563 ms
Input: 5500000,
Cold Start: false
Unique ID: fe0e219d-f017-4443-88a5-ac5742f631d6,
Billed Duration for Request fe0e219d-f017-4443-88a5-ac5742f631d6: 540 ms
Input: 5500000,
Cold Start: false
Unique ID: 9e91febc-035d-4402-b1b6-13d6168cbf7d,
Billed Duration for Request 9e91febc-035d-4402-b1b6-13d6168cbf7d: 529 ms
Input: 5500000,
Cold Start: false
Unique ID: 0d79c529-0b6b-41e3-a9a5-c347134f1f83,
Billed Duration for Request 0d79c529-0b6b-41e3-a9a5-c347134f1f83: 554 ms
Input: 5500000,
Cold Start: false
Unique ID: ad5197fc-585d-4e86-bf4b-48ac4ea7a466,
Billed Duration for Request ad5197fc-585d-4e86-bf4b-48ac4ea7a466: 555 ms
Input: 5500000,
Cold Start: false
Unique ID: ca0b5d3a-ee2d-4eee-b71f-e3a984457b52,
Billed Duration for Request ca0b5d3a-ee2d-4eee-b71f-e3a984457b52: 566 ms
Input: 5500000,
Cold Start: false
Unique ID: 2088e2b7-f06b-412e-9fdc-10a041d211cd,
Billed Duration for Request 2088e2b7-f06b-412e-9fdc-10a041d211cd: 535 ms
Input: 5500000,
Cold Start: false
Unique ID: 296a2399-f848-413d-91a4-2cef0667d78c,
Billed Duration for Request 296a2399-f848-413d-91a4-2cef0667d78c: 526 ms
Input: 5500000,
Cold Start: false
Unique ID: 17a91c09-a063-4218-bf8e-0fec2cf84438,
Billed Duration for Request 17a91c09-a063-4218-bf8e-0fec2cf84438: 565 ms
Input: 5500000,
Cold Start: false
Unique ID: 28f41b7b-74f4-466a-a667-8d2ea408c227,
Billed Duration for Request 28f41b7b-74f4-466a-a667-8d2ea408c227: 563 ms
Input: 5500000,
Cold Start: false
Unique ID: fa703103-b2c5-4ab1-a424-18e4921437e0,
Billed Duration for Request fa703103-b2c5-4ab1-a424-18e4921437e0: 564 ms
Input: 5500000,
Cold Start: false
Unique ID: ac1702b5-b801-4f8b-aa77-e06128e16263,
Billed Duration for Request ac1702b5-b801-4f8b-aa77-e06128e16263: 539 ms
Input: 5500000,
Cold Start: false
Unique ID: 23fd935a-316b-433b-9e81-d98567984b40,
Billed Duration for Request 23fd935a-316b-433b-9e81-d98567984b40: 528 ms
Input: 5500000,
Cold Start: false
Unique ID: 9e9680a3-99cb-41ff-a3d7-d8513e4ce862,
Billed Duration for Request 9e9680a3-99cb-41ff-a3d7-d8513e4ce862: 561 ms
Input: 5500000,
Cold Start: false
Unique ID: a2b65fd7-b88c-44d9-8e21-fd66192445ff,
Billed Duration for Request a2b65fd7-b88c-44d9-8e21-fd66192445ff: 551 ms
Input: 5500000,
Cold Start: false
Unique ID: 34a8e84c-306c-474c-a3fb-b89816a7b4ee,
Billed Duration for Request 34a8e84c-306c-474c-a3fb-b89816a7b4ee: 566 ms
Input: 5500000,
Cold Start: false
Unique ID: ecdcaf3b-d982-4350-bd2a-cff20734d2c5,
Billed Duration for Request ecdcaf3b-d982-4350-bd2a-cff20734d2c5: 532 ms
Input: 5500000,
Cold Start: false
Unique ID: 0e7bdb7f-9598-43d1-8c48-a75894788aca,
Billed Duration for Request 0e7bdb7f-9598-43d1-8c48-a75894788aca: 526 ms
Input: 5500000,
Cold Start: false
Unique ID: 8af810f4-d567-4aef-9a6b-91f4fff294f5,
Billed Duration for Request 8af810f4-d567-4aef-9a6b-91f4fff294f5: 557 ms
Input: 5500000,
Cold Start: false
Unique ID: 376fd085-d837-4e97-9b99-a727bc7d4f30,
Billed Duration for Request 376fd085-d837-4e97-9b99-a727bc7d4f30: 553 ms
Input: 5500000,
Cold Start: false
Unique ID: 72c7c409-ed95-4abd-b178-60f18fb28ff8,
Billed Duration for Request 72c7c409-ed95-4abd-b178-60f18fb28ff8: 564 ms
Input: 5500000,
Cold Start: false
Unique ID: d805f920-e884-46da-83be-fd52ce0ee814,
Billed Duration for Request d805f920-e884-46da-83be-fd52ce0ee814: 536 ms
Input: 5500000,
Cold Start: false
Unique ID: f76b422f-f7c7-432d-9566-e151f07244e4,
Billed Duration for Request f76b422f-f7c7-432d-9566-e151f07244e4: 526 ms
Input: 5500000,
Cold Start: false
Unique ID: 73c6d559-08d0-45cb-ac05-313992def000,
Billed Duration for Request 73c6d559-08d0-45cb-ac05-313992def000: 550 ms
Input: 5500000,
Cold Start: false
Unique ID: 7c7d7d63-8866-4a8d-a302-2e2d930d9b5f,
Billed Duration for Request 7c7d7d63-8866-4a8d-a302-2e2d930d9b5f: 552 ms
Input: 5500000,
Cold Start: false
Unique ID: 7852e5e4-b62c-4068-943a-5f71034ed4e3,
Billed Duration for Request 7852e5e4-b62c-4068-943a-5f71034ed4e3: 567 ms
Input: 5500000,
Cold Start: false
Unique ID: 66a64b80-76f2-45fc-a589-471b3f117d61,
Billed Duration for Request 66a64b80-76f2-45fc-a589-471b3f117d61: 536 ms
Input: 5500000,
Cold Start: false
Unique ID: 52327b8a-cf36-4dfe-b618-b9cb0e51d109,
Billed Duration for Request 52327b8a-cf36-4dfe-b618-b9cb0e51d109: 540 ms
Input: 5500000,
Cold Start: false
Unique ID: c0fc2a26-0f8f-4de9-a4eb-b4399ab46073,
Billed Duration for Request c0fc2a26-0f8f-4de9-a4eb-b4399ab46073: 551 ms
Input: 5500000,
Cold Start: false
Unique ID: b0c3765b-dfe1-44b2-84af-45a6fad7915b,
Billed Duration for Request b0c3765b-dfe1-44b2-84af-45a6fad7915b: 567 ms
Input: 5500000,
Cold Start: false
Unique ID: eb6dd90d-9ed0-4585-a479-339dd9efcd6c,
Billed Duration for Request eb6dd90d-9ed0-4585-a479-339dd9efcd6c: 557 ms
Input: 5500000,
Cold Start: false
Unique ID: 6ecb45c3-8b44-430d-a14b-3ad089c49b35,
Billed Duration for Request 6ecb45c3-8b44-430d-a14b-3ad089c49b35: 538 ms
Input: 5500000,
Cold Start: false
Unique ID: 58907a0e-b99f-4d60-b184-40fe07f2330e,
Billed Duration for Request 58907a0e-b99f-4d60-b184-40fe07f2330e: 530 ms
Input: 5500000,
Cold Start: false
Unique ID: 44253b19-e88f-4c1b-8ad2-e4fe15f21171,
Billed Duration for Request 44253b19-e88f-4c1b-8ad2-e4fe15f21171: 555 ms
Input: 5500000,
Cold Start: false
Unique ID: 74f0a452-c5b2-4dc2-8ec8-b8e1f12a7dc9,
Billed Duration for Request 74f0a452-c5b2-4dc2-8ec8-b8e1f12a7dc9: 552 ms
Input: 5500000,
Cold Start: false
Unique ID: 9b97d939-e68f-4d7a-b61d-43984da6077e,
Billed Duration for Request 9b97d939-e68f-4d7a-b61d-43984da6077e: 567 ms
Input: 5500000,
Cold Start: false
Unique ID: 089a5130-086f-4c0f-819d-bc7a088e2c13,
Billed Duration for Request 089a5130-086f-4c0f-819d-bc7a088e2c13: 535 ms
Input: 5500000,
Cold Start: false
Unique ID: d96ca26b-5ac4-4ba9-ab2e-584dbb705827,
Billed Duration for Request d96ca26b-5ac4-4ba9-ab2e-584dbb705827: 543 ms
Input: 5500000,
Cold Start: false
Unique ID: ebf77893-7acb-4cc6-9c7d-86b378a9d5c2,
Billed Duration for Request ebf77893-7acb-4cc6-9c7d-86b378a9d5c2: 569 ms
Input: 5500000,
Cold Start: false
Unique ID: e017ba74-821a-4bde-b5c1-fba90e08974a,
Billed Duration for Request e017ba74-821a-4bde-b5c1-fba90e08974a: 553 ms
Input: 5500000,
Cold Start: false
Unique ID: c9f04b5c-1105-4033-946c-87b234a3286a,
Billed Duration for Request c9f04b5c-1105-4033-946c-87b234a3286a: 547 ms
Input: 5500000,
Cold Start: false
Unique ID: 0b57a31f-0236-4cc9-943d-fdf41c5ad191,
Billed Duration for Request 0b57a31f-0236-4cc9-943d-fdf41c5ad191: 538 ms
Input: 5500000,
Cold Start: false
Unique ID: a06758f6-7dfd-4584-922e-f7af6c3c3f4b,
Billed Duration for Request a06758f6-7dfd-4584-922e-f7af6c3c3f4b: 528 ms
Input: 5500000,
Cold Start: false
Unique ID: 8399d111-ce4f-4eba-ba4b-34ccc0e96aaa,
Billed Duration for Request 8399d111-ce4f-4eba-ba4b-34ccc0e96aaa: 556 ms
Input: 5500000,
Cold Start: false
Unique ID: fd4c49fe-cec5-490d-8520-56787f37049f,
Billed Duration for Request fd4c49fe-cec5-490d-8520-56787f37049f: 552 ms
Input: 5500000,
Cold Start: false
Unique ID: 94216312-781d-4ccc-af6d-f4aec78f2def,
Billed Duration for Request 94216312-781d-4ccc-af6d-f4aec78f2def: 569 ms
Input: 5500000,
Cold Start: false
Unique ID: 2c4c3547-3cbd-4064-8f89-702a0a0a077e,
Billed Duration for Request 2c4c3547-3cbd-4064-8f89-702a0a0a077e: 533 ms
Input: 5500000,
Cold Start: false
Unique ID: c7f551ac-1fff-47d8-8342-de77ba2832c5,
Billed Duration for Request c7f551ac-1fff-47d8-8342-de77ba2832c5: 543 ms
Input: 5500000,
Cold Start: false
Unique ID: 7eda25b7-e22e-4374-b440-c050811f15b8,
Billed Duration for Request 7eda25b7-e22e-4374-b440-c050811f15b8: 567 ms
Input: 5500000,
Cold Start: false
Unique ID: 24205a72-abd1-4255-a5a2-717ab8b8c1fc,
Billed Duration for Request 24205a72-abd1-4255-a5a2-717ab8b8c1fc: 561 ms
Input: 5500000,
Cold Start: false
Unique ID: 39204537-4929-4c5e-849d-c7fec9fae1eb,
Billed Duration for Request 39204537-4929-4c5e-849d-c7fec9fae1eb: 535 ms
Input: 5500000,
Cold Start: false
Unique ID: 1ca50143-9974-4782-b219-322fa56d466a,
Billed Duration for Request 1ca50143-9974-4782-b219-322fa56d466a: 564 ms
Input: 5500000,
Cold Start: false
Unique ID: 277c29d2-e7f4-4712-9dc0-e0365bc76088,
Billed Duration for Request 277c29d2-e7f4-4712-9dc0-e0365bc76088: 529 ms
Input: 5500000,
Cold Start: false
Unique ID: b5fbb9f5-f239-4fb8-8d4f-80145260ac20,
Billed Duration for Request b5fbb9f5-f239-4fb8-8d4f-80145260ac20: 556 ms
Input: 5500000,
Cold Start: false
Unique ID: 054bcbb9-7cad-413b-bf3e-e8816959828d,
Billed Duration for Request 054bcbb9-7cad-413b-bf3e-e8816959828d: 551 ms
Input: 5500000,
Cold Start: false
Unique ID: 7aecadb2-4baf-4156-a123-d94826e21589,
Billed Duration for Request 7aecadb2-4baf-4156-a123-d94826e21589: 567 ms
Input: 5500000,
Cold Start: false
Unique ID: 0ae1e548-f35b-4d38-b99f-578c13ed2f28,
Billed Duration for Request 0ae1e548-f35b-4d38-b99f-578c13ed2f28: 530 ms
Input: 5500000,
Cold Start: false
Unique ID: 7eee515d-f007-4131-8a03-92ca01410331,
Billed Duration for Request 7eee515d-f007-4131-8a03-92ca01410331: 530 ms
Input: 5500000,
Cold Start: false
Unique ID: 473b48dc-b458-4610-8968-edc22bb23fc7,
Billed Duration for Request 473b48dc-b458-4610-8968-edc22bb23fc7: 553 ms
Input: 5500000,
Cold Start: false
Unique ID: 565ed764-34cf-41a0-bb18-334fbc1f5979,
Billed Duration for Request 565ed764-34cf-41a0-bb18-334fbc1f5979: 552 ms
Input: 5500000,
Cold Start: false
Unique ID: b6a06ded-aca1-4169-bb11-7146493aaadb,
Billed Duration for Request b6a06ded-aca1-4169-bb11-7146493aaadb: 562 ms
Input: 5500000,
Cold Start: false
Unique ID: 86b24e34-b2ab-4918-b9ea-f54eadba5d74,
Billed Duration for Request 86b24e34-b2ab-4918-b9ea-f54eadba5d74: 527 ms
Input: 5500000,
Cold Start: false
Unique ID: 2463db91-7b01-4f98-813b-a21a009139a8,
Billed Duration for Request 2463db91-7b01-4f98-813b-a21a009139a8: 531 ms
Input: 5500000,
Cold Start: false
Unique ID: 9bac5513-8237-478f-af16-e4d1b9a770bb,
Billed Duration for Request 9bac5513-8237-478f-af16-e4d1b9a770bb: 556 ms
Input: 5500000,
Cold Start: false
Unique ID: 4307c9ee-63c6-43cf-8d10-23d988e1638d,
Billed Duration for Request 4307c9ee-63c6-43cf-8d10-23d988e1638d: 567 ms
Input: 5500000,
Cold Start: false
Unique ID: 0b4275b1-ee15-4ef4-9072-82da8783d99b,
Billed Duration for Request 0b4275b1-ee15-4ef4-9072-82da8783d99b: 566 ms
Input: 5500000,
Cold Start: false
Unique ID: 035440e7-9cb7-4aed-bd19-473d8a379781,
Billed Duration for Request 035440e7-9cb7-4aed-bd19-473d8a379781: 532 ms
Input: 5500000,
Cold Start: false
Unique ID: 2172b8a2-e97a-4b62-a53b-6e32c092f2a9,
Billed Duration for Request 2172b8a2-e97a-4b62-a53b-6e32c092f2a9: 567 ms
Input: 5500000,
Cold Start: false
Unique ID: e9ff162b-1b59-46eb-994d-33a7b5fbc20e,
Billed Duration for Request e9ff162b-1b59-46eb-994d-33a7b5fbc20e: 531 ms
Input: 5500000,
Cold Start: false
Unique ID: bb0879f0-68c8-4c8b-a376-dc67c34b2aaa,
Billed Duration for Request bb0879f0-68c8-4c8b-a376-dc67c34b2aaa: 550 ms
Input: 5500000,
Cold Start: false
Unique ID: a6e78d83-8f4a-4e0e-9afe-3f91d7566d5e,
Billed Duration for Request a6e78d83-8f4a-4e0e-9afe-3f91d7566d5e: 567 ms
Input: 5500000,
Cold Start: false
Unique ID: 07d51467-1c5c-417c-b504-b0d29a6346b2,
Billed Duration for Request 07d51467-1c5c-417c-b504-b0d29a6346b2: 537 ms
Input: 5500000,
Cold Start: false
Unique ID: 337d1c04-a7e9-4071-a0f5-d6af6b5d7845,
Billed Duration for Request 337d1c04-a7e9-4071-a0f5-d6af6b5d7845: 537 ms
Input: 5500000,
Cold Start: false
Unique ID: 0672f09a-5103-4356-be54-37dddeb0dbdf,
Billed Duration for Request 0672f09a-5103-4356-be54-37dddeb0dbdf: 564 ms
Input: 5500000,
Cold Start: false
Unique ID: 60ca5a07-465b-4639-a6ac-e41ec654e546,
Billed Duration for Request 60ca5a07-465b-4639-a6ac-e41ec654e546: 565 ms
Input: 5500000,
Cold Start: false
Unique ID: 0316300e-24e2-47e5-b259-ba75e2473f10,
Billed Duration for Request 0316300e-24e2-47e5-b259-ba75e2473f10: 527 ms
Input: 5500000,
Cold Start: false
Unique ID: bf000d2e-b805-4dbb-8a2d-45912976161e,
Billed Duration for Request bf000d2e-b805-4dbb-8a2d-45912976161e: 558 ms
Input: 5500000,
Cold Start: false
Unique ID: 0c45df91-667b-46f5-9590-a75deebebe24,
Billed Duration for Request 0c45df91-667b-46f5-9590-a75deebebe24: 583 ms
Input: 5500000,
Cold Start: false
Unique ID: 9c1ff575-f033-423b-b401-56d762757d6b,
Billed Duration for Request 9c1ff575-f033-423b-b401-56d762757d6b: 531 ms
Input: 5500000,
Cold Start: false
Unique ID: 99ad49a0-e6c0-4e4f-92bb-111a719efb75,
Billed Duration for Request 99ad49a0-e6c0-4e4f-92bb-111a719efb75: 551 ms
Input: 5500000,
Cold Start: false
Unique ID: 627c8e0d-ec09-4ccf-bdd1-12688e37e4d1,
Billed Duration for Request 627c8e0d-ec09-4ccf-bdd1-12688e37e4d1: 568 ms
Input: 5500000,
Cold Start: false
Unique ID: bc705518-7701-4461-9582-6a5d55d95af7,
Billed Duration for Request bc705518-7701-4461-9582-6a5d55d95af7: 543 ms
Input: 5500000,
Cold Start: false
Unique ID: 8e073a5c-81cc-4900-92e4-6e4932899c34,
Billed Duration for Request 8e073a5c-81cc-4900-92e4-6e4932899c34: 530 ms
Input: 5500000,
Cold Start: false
Unique ID: 80de62e3-01fb-4da6-a911-05f5095035f9,
Billed Duration for Request 80de62e3-01fb-4da6-a911-05f5095035f9: 556 ms
Input: 5500000,
Cold Start: false
Unique ID: cbe83ea7-de23-416c-830f-d8a0715c2002,
Billed Duration for Request cbe83ea7-de23-416c-830f-d8a0715c2002: 552 ms
Input: 5500000,
Cold Start: false
Unique ID: d200853b-90d6-4f0b-90aa-003b9c3f5f0d,
Billed Duration for Request d200853b-90d6-4f0b-90aa-003b9c3f5f0d: 535 ms
Input: 5500000,
Cold Start: false
Unique ID: d8f4488a-6254-4c78-93b9-9dfaadd8b2a8,
Billed Duration for Request d8f4488a-6254-4c78-93b9-9dfaadd8b2a8: 566 ms
Input: 5500000,
Cold Start: false
Unique ID: 1ecf02de-32e8-4cec-8b1e-ea2d1bf57452,
Billed Duration for Request 1ecf02de-32e8-4cec-8b1e-ea2d1bf57452: 566 ms
Input: 5500000,
Cold Start: false
Unique ID: 7d01feb7-27d5-4504-8d12-6e969b6c2194,
Billed Duration for Request 7d01feb7-27d5-4504-8d12-6e969b6c2194: 532 ms
Input: 5500000,
Cold Start: false
Unique ID: 9b19d243-c359-4f3d-b96a-c22a15e36fd3,
Billed Duration for Request 9b19d243-c359-4f3d-b96a-c22a15e36fd3: 550 ms
Input: 5500000,
Cold Start: false
Unique ID: 62d244a8-53d4-45db-8f9a-8afce75d3999,
Billed Duration for Request 62d244a8-53d4-45db-8f9a-8afce75d3999: 529 ms
Input: 5500000,
Cold Start: false
Unique ID: e84dae95-75c0-4d0d-9363-5e476a23d8ca,
Billed Duration for Request e84dae95-75c0-4d0d-9363-5e476a23d8ca: 565 ms
Input: 5500000,
Cold Start: false
Unique ID: 8d989274-dcb5-4287-9014-2e3e54d47ddf,
Billed Duration for Request 8d989274-dcb5-4287-9014-2e3e54d47ddf: 565 ms
Input: 5500000,
Cold Start: false
Unique ID: a222d941-94d2-4373-b462-46ff354f06e3,
Billed Duration for Request a222d941-94d2-4373-b462-46ff354f06e3: 540 ms
Input: 5500000,
Cold Start: false
Unique ID: da916801-352a-4aac-a5fc-af6580a64ae8,
Billed Duration for Request da916801-352a-4aac-a5fc-af6580a64ae8: 552 ms
Input: 5500000,
Cold Start: false
Unique ID: 6440dcf2-d770-48e1-9671-4b19bf54a497,
Billed Duration for Request 6440dcf2-d770-48e1-9671-4b19bf54a497: 526 ms
Input: 5500000,
Cold Start: false
Unique ID: ceec1530-40f2-4e8b-a428-0c725cb6045d,
Billed Duration for Request ceec1530-40f2-4e8b-a428-0c725cb6045d: 573 ms
Input: 5500000,
Cold Start: false
Unique ID: e0ea8aab-ff2a-43c0-9326-f719bac9ffa0,
Billed Duration for Request e0ea8aab-ff2a-43c0-9326-f719bac9ffa0: 582 ms
Input: 5500000,
Cold Start: false
Unique ID: 6c0f9e18-b04d-428d-acb4-794157ccb2a3,
Billed Duration for Request 6c0f9e18-b04d-428d-acb4-794157ccb2a3: 531 ms
Input: 5500000,
Cold Start: false
Unique ID: 53d47ab2-c4c5-40d9-9e3c-419d3c39cdb7,
Billed Duration for Request 53d47ab2-c4c5-40d9-9e3c-419d3c39cdb7: 555 ms
Input: 5500000,
Cold Start: false
Unique ID: 79ef934c-bb6f-4f5b-9a7d-86122925d29b,
Billed Duration for Request 79ef934c-bb6f-4f5b-9a7d-86122925d29b: 542 ms
Input: 5500000,
Cold Start: false
Unique ID: 553e775d-e503-42b7-853a-2bad7b2a04eb,
Billed Duration for Request 553e775d-e503-42b7-853a-2bad7b2a04eb: 556 ms
Input: 5500000,
Cold Start: false
Unique ID: 50990403-fe1b-4a62-82e8-2e0324fef0d4,
Billed Duration for Request 50990403-fe1b-4a62-82e8-2e0324fef0d4: 565 ms
Input: 5500000,
Cold Start: false
Unique ID: 32b0fcde-2ec9-49cb-ab95-dd7e46d8e1be,
Billed Duration for Request 32b0fcde-2ec9-49cb-ab95-dd7e46d8e1be: 539 ms
Input: 5500000,
Cold Start: false
Unique ID: c8cb28ca-201a-4340-9c19-ef7ca32ebd84,
Billed Duration for Request c8cb28ca-201a-4340-9c19-ef7ca32ebd84: 552 ms
Input: 5500000,
Cold Start: false
Unique ID: 17b79aca-149e-4d56-9072-5cac8adffd12,
Billed Duration for Request 17b79aca-149e-4d56-9072-5cac8adffd12: 530 ms
Input: 5500000,
Cold Start: false
Unique ID: 31165557-252f-4bd1-a440-1fcb7c5ce277,
Billed Duration for Request 31165557-252f-4bd1-a440-1fcb7c5ce277: 564 ms
Input: 5500000,
Cold Start: false
Unique ID: ef954f7d-ce11-4863-af0f-4bad06a7a1dd,
Billed Duration for Request ef954f7d-ce11-4863-af0f-4bad06a7a1dd: 565 ms
Input: 5500000,
Cold Start: false
Unique ID: 91355157-57ed-4383-9d0a-13361dcd3df2,
Billed Duration for Request 91355157-57ed-4383-9d0a-13361dcd3df2: 535 ms
Input: 5500000,
Cold Start: false
Unique ID: 87b9fdbb-52d2-4da4-a03f-9108d264acde,
Billed Duration for Request 87b9fdbb-52d2-4da4-a03f-9108d264acde: 551 ms
Input: 5500000,
Cold Start: false
Unique ID: fca33446-7cc8-408e-8758-a5b73dda23c4,
Billed Duration for Request fca33446-7cc8-408e-8758-a5b73dda23c4: 535 ms
Input: 5500000,
Cold Start: false
Unique ID: 7485f352-e4a1-4890-8a3c-cbe767e03ddf,
Billed Duration for Request 7485f352-e4a1-4890-8a3c-cbe767e03ddf: 555 ms
Input: 5500000,
Cold Start: false
Unique ID: bddc148f-c07c-4a44-99df-0f34069e0c82,
Billed Duration for Request bddc148f-c07c-4a44-99df-0f34069e0c82: 567 ms
Input: 5500000,
Cold Start: false
Unique ID: 61a39c6b-6d3d-410e-835a-05c4c79a67e3,
Billed Duration for Request 61a39c6b-6d3d-410e-835a-05c4c79a67e3: 534 ms
Input: 5500000,
Cold Start: false
Unique ID: 5cbc27c0-139f-46f1-aa4f-25b2f91baa96,
Billed Duration for Request 5cbc27c0-139f-46f1-aa4f-25b2f91baa96: 556 ms
Input: 5500000,
Cold Start: false
Unique ID: 8982f67a-1acd-443f-ae1c-de9562079be0,
Billed Duration for Request 8982f67a-1acd-443f-ae1c-de9562079be0: 539 ms
Input: 5500000,
Cold Start: false
Unique ID: 5a751ce6-3ea0-4e66-8dc0-16085710010f,
Billed Duration for Request 5a751ce6-3ea0-4e66-8dc0-16085710010f: 561 ms
Input: 5500000,
Cold Start: false
Unique ID: 4dac04a1-5b67-436e-a6b4-22e11e994a9e,
Billed Duration for Request 4dac04a1-5b67-436e-a6b4-22e11e994a9e: 516 ms
Input: 5500000,
Cold Start: false
Unique ID: 366bbae2-7c0a-4de5-a687-42ec0768bb3b,
Billed Duration for Request 366bbae2-7c0a-4de5-a687-42ec0768bb3b: 568 ms
Input: 5500000,
Cold Start: false
Unique ID: 890ea7d6-6b04-4d77-9764-77abb423dfe1,
Billed Duration for Request 890ea7d6-6b04-4d77-9764-77abb423dfe1: 568 ms
Input: 5500000,
Cold Start: false
Unique ID: 30dc5b9d-bac5-4e56-882e-1943c0c0da3c,
Billed Duration for Request 30dc5b9d-bac5-4e56-882e-1943c0c0da3c: 538 ms
Input: 5500000,
Cold Start: false
Unique ID: 9da839bc-92af-4c1e-acfa-002a443b9ecd,
Billed Duration for Request 9da839bc-92af-4c1e-acfa-002a443b9ecd: 561 ms
Input: 5500000,
Cold Start: false
Unique ID: 87d40b3b-e742-43f5-a182-bc77a4fcce3f,
Billed Duration for Request 87d40b3b-e742-43f5-a182-bc77a4fcce3f: 547 ms
Input: 5500000,
Cold Start: false
Unique ID: 97a83947-b2a6-4ddf-8841-c647845e46f2,
Billed Duration for Request 97a83947-b2a6-4ddf-8841-c647845e46f2: 529 ms
Input: 5500000,
Cold Start: false
Unique ID: a888cba3-06d8-4166-923f-7f7cb907146a,
Billed Duration for Request a888cba3-06d8-4166-923f-7f7cb907146a: 551 ms
Input: 5500000,
Cold Start: false
Unique ID: 49003e1b-4c97-4132-9c43-a6f951ccd68e,
Billed Duration for Request 49003e1b-4c97-4132-9c43-a6f951ccd68e: 567 ms
Input: 5500000,
Cold Start: false
Unique ID: 1fb3342a-1e2c-4af5-ad12-3a0cc59022da,
Billed Duration for Request 1fb3342a-1e2c-4af5-ad12-3a0cc59022da: 534 ms
Input: 5500000,
Cold Start: false
Unique ID: c046d64e-ca42-4a37-b442-33bffd01372c,
Billed Duration for Request c046d64e-ca42-4a37-b442-33bffd01372c: 530 ms
Input: 5500000,
Cold Start: false
Unique ID: db0f3046-367a-4a90-bcd9-924fc5351b40,
Billed Duration for Request db0f3046-367a-4a90-bcd9-924fc5351b40: 580 ms
Input: 5500000,
Cold Start: false
Unique ID: 141dd903-2220-417b-9d8a-c54b37c0c4a7,
Billed Duration for Request 141dd903-2220-417b-9d8a-c54b37c0c4a7: 550 ms
Input: 5500000,
Cold Start: false
Unique ID: dcf0bf20-f749-4fa9-98ee-23ce4ace01a0,
Billed Duration for Request dcf0bf20-f749-4fa9-98ee-23ce4ace01a0: 529 ms
Input: 5500000,
Cold Start: false
Unique ID: 900713c4-0389-4af0-828b-94b4ff8f9ed0,
Billed Duration for Request 900713c4-0389-4af0-828b-94b4ff8f9ed0: 555 ms
Input: 5500000,
Cold Start: false
Unique ID: aaf338ec-e82a-4fa6-96f1-0cc202d5eee1,
Billed Duration for Request aaf338ec-e82a-4fa6-96f1-0cc202d5eee1: 568 ms
Input: 5500000,
Cold Start: false
Unique ID: db5e4535-529b-4cfb-be91-81ec31e05142,
Billed Duration for Request db5e4535-529b-4cfb-be91-81ec31e05142: 542 ms
Input: 5500000,
Cold Start: false
Unique ID: 33cb396e-358b-43f3-99a9-c58e74907f47,
Billed Duration for Request 33cb396e-358b-43f3-99a9-c58e74907f47: 551 ms
Input: 5500000,
Cold Start: false
Unique ID: 90b261cc-0ba5-42e4-adf2-659e850e9f97,
Billed Duration for Request 90b261cc-0ba5-42e4-adf2-659e850e9f97: 571 ms
Input: 5500000,
Cold Start: false
Unique ID: ed669008-d003-417a-8150-be1d90e43b67,
Billed Duration for Request ed669008-d003-417a-8150-be1d90e43b67: 533 ms
Input: 5500000,
Cold Start: false
Unique ID: dc3f58f9-4beb-4cdf-b529-ef6361b4a180,
Billed Duration for Request dc3f58f9-4beb-4cdf-b529-ef6361b4a180: 544 ms
Input: 5500000,
Cold Start: false
Unique ID: 11444f85-f60d-48cb-8174-a38e3062b086,
Billed Duration for Request 11444f85-f60d-48cb-8174-a38e3062b086: 573 ms
Input: 5500000,
Cold Start: false
Unique ID: 4272ff10-0854-4ddb-bf60-024d9fa35bf8,
Billed Duration for Request 4272ff10-0854-4ddb-bf60-024d9fa35bf8: 567 ms
Input: 5500000,
Cold Start: false
Unique ID: 0996b511-cf63-400c-8c30-3160c28c7f19,
Billed Duration for Request 0996b511-cf63-400c-8c30-3160c28c7f19: 530 ms
Input: 5500000,
Cold Start: false
Unique ID: b185e688-12d0-4939-9050-579930a90da2,
Billed Duration for Request b185e688-12d0-4939-9050-579930a90da2: 556 ms
Input: 5500000,
Cold Start: false
Unique ID: a0f969ac-113a-4d6b-abd6-5ccc7ac35e8a,
Billed Duration for Request a0f969ac-113a-4d6b-abd6-5ccc7ac35e8a: 559 ms
Input: 5500000,
Cold Start: false
Unique ID: 716566c7-4e48-485a-b09b-27e2262325c0,
Billed Duration for Request 716566c7-4e48-485a-b09b-27e2262325c0: 548 ms
Input: 5500000,
Cold Start: false
Unique ID: 45b0ef57-39e1-41a4-b91d-641e55e58ee7,
Billed Duration for Request 45b0ef57-39e1-41a4-b91d-641e55e58ee7: 543 ms
Input: 5500000,
Cold Start: false
Unique ID: 54b00b11-a6d5-486f-a4cb-542756891e00,
Billed Duration for Request 54b00b11-a6d5-486f-a4cb-542756891e00: 584 ms
Input: 5500000,
Cold Start: false
Unique ID: 071e61b1-3936-43f8-b3a4-a4ed14f85fbb,
Billed Duration for Request 071e61b1-3936-43f8-b3a4-a4ed14f85fbb: 533 ms
Input: 5500000,
Cold Start: false
Unique ID: 5afaf8e3-d007-4545-a3ea-0be8c6ad17cc,
Billed Duration for Request 5afaf8e3-d007-4545-a3ea-0be8c6ad17cc: 526 ms
Input: 5500000,
Cold Start: false
Unique ID: 1b629a3a-27c9-4cb0-b315-0fea8c829378,
Billed Duration for Request 1b629a3a-27c9-4cb0-b315-0fea8c829378: 571 ms
Input: 5500000,
Cold Start: false
Unique ID: e0a5a536-fd7b-4047-adfc-de7c5faf8fd8,
Billed Duration for Request e0a5a536-fd7b-4047-adfc-de7c5faf8fd8: 539 ms
Input: 5500000,
Cold Start: false
Unique ID: 6d21aaef-f166-4082-ba31-c15aecae2be0,
Billed Duration for Request 6d21aaef-f166-4082-ba31-c15aecae2be0: 555 ms
Input: 5500000,
Cold Start: false
Unique ID: 87321d14-88a9-430f-bd73-c760a106dfdb,
Billed Duration for Request 87321d14-88a9-430f-bd73-c760a106dfdb: 556 ms
Input: 5500000,
Cold Start: false
Unique ID: e64a2a5a-46f1-438d-982b-a79bfeed5ad8,
Billed Duration for Request e64a2a5a-46f1-438d-982b-a79bfeed5ad8: 565 ms
Input: 5500000,
Cold Start: false
Unique ID: 00b5f970-2f13-42de-8c59-974e7147dd4f,
Billed Duration for Request 00b5f970-2f13-42de-8c59-974e7147dd4f: 563 ms
Input: 5500000,
Cold Start: false
Unique ID: 3801cd1a-8fd0-4e55-bfdf-d812c0bcd24c,
Billed Duration for Request 3801cd1a-8fd0-4e55-bfdf-d812c0bcd24c: 543 ms
Input: 5500000,
Cold Start: false
Unique ID: a1403609-aa82-4f29-aaf2-29a77abd66c5,
Billed Duration for Request a1403609-aa82-4f29-aaf2-29a77abd66c5: 570 ms
Input: 5500000,
Cold Start: false
Unique ID: 49247c36-05a9-4431-bbdb-ecca571554bf,
Billed Duration for Request 49247c36-05a9-4431-bbdb-ecca571554bf: 536 ms
Input: 5500000,
Cold Start: false
Unique ID: d4dbab52-71c1-4d31-b2fc-c222c9383976,
Billed Duration for Request d4dbab52-71c1-4d31-b2fc-c222c9383976: 526 ms
Input: 5500000,
Cold Start: false
Unique ID: efa01ac2-622b-4967-9f2c-1e3884d89fd9,
Billed Duration for Request efa01ac2-622b-4967-9f2c-1e3884d89fd9: 561 ms
Input: 5500000,
Cold Start: false
Unique ID: 1dd33252-b31f-446f-bcee-0ecafe40c4f1,
Billed Duration for Request 1dd33252-b31f-446f-bcee-0ecafe40c4f1: 536 ms
Input: 5500000,
Cold Start: false
Unique ID: c1215afa-1802-4874-ba9f-a6fc50c6da27,
Billed Duration for Request c1215afa-1802-4874-ba9f-a6fc50c6da27: 564 ms
Input: 5500000,
Cold Start: false
Unique ID: 65d0c752-340e-4358-9bfe-e3337d0ac672,
Billed Duration for Request 65d0c752-340e-4358-9bfe-e3337d0ac672: 556 ms
Input: 5500000,
Cold Start: false
Unique ID: 67a12a70-72b7-41db-9590-1ec00995c6aa,
Billed Duration for Request 67a12a70-72b7-41db-9590-1ec00995c6aa: 548 ms
Input: 5500000,
Cold Start: false
Unique ID: 112ce20c-1a5a-42f2-8875-5ebbbf9c28bc,
Billed Duration for Request 112ce20c-1a5a-42f2-8875-5ebbbf9c28bc: 564 ms
Input: 5500000,
Cold Start: false
Unique ID: 93ae0c87-5d10-4d7c-b2dc-94d8ae442e28,
Billed Duration for Request 93ae0c87-5d10-4d7c-b2dc-94d8ae442e28: 537 ms
Input: 5500000,
Cold Start: false
Unique ID: e52c8d92-7d75-4154-a4d2-a10e4ad3857d,
Billed Duration for Request e52c8d92-7d75-4154-a4d2-a10e4ad3857d: 549 ms
Input: 5500000,
Cold Start: false
Unique ID: d1ad3c9e-76dc-4956-8a48-1d22e516d9e4,
Billed Duration for Request d1ad3c9e-76dc-4956-8a48-1d22e516d9e4: 529 ms
Input: 5500000,
Cold Start: false
Unique ID: 6696285c-890c-481e-a39e-0430735ece65,
Billed Duration for Request 6696285c-890c-481e-a39e-0430735ece65: 529 ms
Input: 5500000,
Cold Start: false
Unique ID: 3845de97-4c7d-4f64-a3a0-5ec6dbd7de53,
Billed Duration for Request 3845de97-4c7d-4f64-a3a0-5ec6dbd7de53: 556 ms
Input: 5500000,
Cold Start: false
Unique ID: af491273-82cb-4dd2-b033-1512a9925c7a,
Billed Duration for Request af491273-82cb-4dd2-b033-1512a9925c7a: 529 ms
Input: 5500000,
Cold Start: false
Unique ID: 6196c8f3-c56e-46e3-87f5-da7ad27d3cc6,
Billed Duration for Request 6196c8f3-c56e-46e3-87f5-da7ad27d3cc6: 563 ms
Input: 5500000,
Cold Start: false
Unique ID: cdc982b0-8ef2-40cd-9cc2-aabdc15d9747,
Billed Duration for Request cdc982b0-8ef2-40cd-9cc2-aabdc15d9747: 564 ms
Input: 5500000,
Cold Start: false
Unique ID: b9c4fea4-3b80-4654-af74-248e625a18f7,
Billed Duration for Request b9c4fea4-3b80-4654-af74-248e625a18f7: 560 ms
Input: 5500000,
Cold Start: false
Unique ID: c0fc8178-eb38-49fd-b0b0-39cdd8c44bea,
Billed Duration for Request c0fc8178-eb38-49fd-b0b0-39cdd8c44bea: 548 ms
Input: 5500000,
Cold Start: false
Unique ID: 186c7b98-6b09-4baa-ab51-90e770b9e7ae,
Billed Duration for Request 186c7b98-6b09-4baa-ab51-90e770b9e7ae: 530 ms
Input: 5500000,
Cold Start: false
Unique ID: 2778d210-3461-4634-a12b-6c60241147af,
Billed Duration for Request 2778d210-3461-4634-a12b-6c60241147af: 567 ms
Input: 5500000,
Cold Start: false
Unique ID: 928e2c7d-af51-49d7-95f9-5e15b81756dd,
Billed Duration for Request 928e2c7d-af51-49d7-95f9-5e15b81756dd: 531 ms
Input: 5500000,
Cold Start: false
Unique ID: 21d5c5e3-ed1a-461a-a0e8-065c4b1a1846,
Billed Duration for Request 21d5c5e3-ed1a-461a-a0e8-065c4b1a1846: 526 ms
Input: 5500000,
Cold Start: false
Unique ID: 7a5c1150-7a4a-483e-b48f-6ae9f93872a3,
Billed Duration for Request 7a5c1150-7a4a-483e-b48f-6ae9f93872a3: 553 ms
Input: 5500000,
Cold Start: false
Unique ID: 74228455-3165-4f45-aaea-334abab2b40b,
Billed Duration for Request 74228455-3165-4f45-aaea-334abab2b40b: 537 ms
Input: 5500000,
Cold Start: false
Unique ID: c642bba8-5a72-4090-a334-ea947c269a80,
Billed Duration for Request c642bba8-5a72-4090-a334-ea947c269a80: 551 ms
Input: 5500000,
Cold Start: false
Unique ID: 34709c8b-5ca1-43ee-93db-6794cb4f9903,
Billed Duration for Request 34709c8b-5ca1-43ee-93db-6794cb4f9903: 564 ms
Input: 5500000,
Cold Start: false
Unique ID: 414dde9a-b635-45a8-a590-c909a51fdd0a,
Billed Duration for Request 414dde9a-b635-45a8-a590-c909a51fdd0a: 563 ms
Input: 5500000,
Cold Start: false
Unique ID: cc513bc0-d56e-4932-b5a1-5c4cb30bbdd3,
Billed Duration for Request cc513bc0-d56e-4932-b5a1-5c4cb30bbdd3: 549 ms
Input: 5500000,
Cold Start: false
Unique ID: 0d02e142-6732-4c48-ab95-6bea71592677,
Billed Duration for Request 0d02e142-6732-4c48-ab95-6bea71592677: 538 ms
Input: 5500000,
Cold Start: false
Unique ID: 1df8464d-bd54-4ec5-a8f4-b660f7ddd935,
Billed Duration for Request 1df8464d-bd54-4ec5-a8f4-b660f7ddd935: 566 ms
Input: 5500000,
Cold Start: false
Unique ID: f81e14e3-6119-4bd4-9c41-d1158091b8de,
Billed Duration for Request f81e14e3-6119-4bd4-9c41-d1158091b8de: 536 ms
Input: 5500000,
Cold Start: false
Unique ID: 46b85bf2-2c7b-434a-9f53-11206c36b744,
Billed Duration for Request 46b85bf2-2c7b-434a-9f53-11206c36b744: 541 ms
Input: 5500000,
Cold Start: false
Unique ID: 25155adc-5a83-4b5f-9f60-35338fcc47cf,
Billed Duration for Request 25155adc-5a83-4b5f-9f60-35338fcc47cf: 575 ms
Input: 5500000,
Cold Start: false
Unique ID: 3aa7e25f-5c29-46fd-a656-8f8a264a2bb7,
Billed Duration for Request 3aa7e25f-5c29-46fd-a656-8f8a264a2bb7: 542 ms
Input: 5500000,
Cold Start: false
Unique ID: e4403a05-6996-4ff6-aaa6-bbcecb605903,
Billed Duration for Request e4403a05-6996-4ff6-aaa6-bbcecb605903: 548 ms
Input: 5500000,
Cold Start: false
Unique ID: 4f5b4def-390d-4175-8ccc-f7619dc4e812,
Billed Duration for Request 4f5b4def-390d-4175-8ccc-f7619dc4e812: 559 ms
Input: 5500000,
Cold Start: false
Unique ID: 623897eb-4c69-4e0b-b9a4-9a7b1a733039,
Billed Duration for Request 623897eb-4c69-4e0b-b9a4-9a7b1a733039: 567 ms
Input: 5500000,
Cold Start: false
Unique ID: 08642bed-c9e8-4f62-9a24-c5817b588403,
Billed Duration for Request 08642bed-c9e8-4f62-9a24-c5817b588403: 526 ms
Input: 5500000,
Cold Start: false
Unique ID: edd3a25d-7438-4bb0-a608-0cf2cab6ae88,
Billed Duration for Request edd3a25d-7438-4bb0-a608-0cf2cab6ae88: 566 ms
Input: 5500000,
Cold Start: false
Unique ID: 0b6cad43-36c9-4c17-b2a6-25883b7419fe,
Billed Duration for Request 0b6cad43-36c9-4c17-b2a6-25883b7419fe: 567 ms
Input: 5500000,
Cold Start: false
Unique ID: ff8a2a1a-faa3-49eb-9a3c-1a91e4edbff2,
Billed Duration for Request ff8a2a1a-faa3-49eb-9a3c-1a91e4edbff2: 537 ms
Input: 5500000,
Cold Start: false
Unique ID: f93eefec-7e70-4765-bdfa-97f784d68fc7,
Billed Duration for Request f93eefec-7e70-4765-bdfa-97f784d68fc7: 527 ms
Input: 5500000,
Cold Start: false
Unique ID: 78d7d2c3-b333-42a2-a265-99232743711a,
Billed Duration for Request 78d7d2c3-b333-42a2-a265-99232743711a: 550 ms
Input: 5500000,
Cold Start: false
Unique ID: 48865fc2-6021-44da-b632-604e37da3a57,
Billed Duration for Request 48865fc2-6021-44da-b632-604e37da3a57: 562 ms
Input: 5500000,
Cold Start: false
Unique ID: 3ebd7884-5328-484b-a7fa-8e758a7d5d1a,
Billed Duration for Request 3ebd7884-5328-484b-a7fa-8e758a7d5d1a: 538 ms
Input: 5500000,
Cold Start: false
Unique ID: 36c73247-14db-4848-bdf8-7201b52e9ef2,
Billed Duration for Request 36c73247-14db-4848-bdf8-7201b52e9ef2: 556 ms
Input: 5500000,
Cold Start: false
Unique ID: 2c9f20e7-5403-434b-babc-c5c96c9e7129,
Billed Duration for Request 2c9f20e7-5403-434b-babc-c5c96c9e7129: 569 ms
Input: 5500000,
Cold Start: false
Unique ID: 1f9c5c20-49f1-47b1-aaf6-261324f5e826,
Billed Duration for Request 1f9c5c20-49f1-47b1-aaf6-261324f5e826: 538 ms
Input: 5500000,
Cold Start: false
Unique ID: 8ae7d347-9717-4202-b6a4-93e0d41fa972,
Billed Duration for Request 8ae7d347-9717-4202-b6a4-93e0d41fa972: 555 ms
Input: 5500000,
Cold Start: false
Unique ID: 01ea5f15-610d-4a81-8d93-eb4b2ee8979c,
Billed Duration for Request 01ea5f15-610d-4a81-8d93-eb4b2ee8979c: 560 ms
Input: 5500000,
Cold Start: false
Unique ID: 73f85a0e-72a1-4db3-9284-a4ef26ac8507,
Billed Duration for Request 73f85a0e-72a1-4db3-9284-a4ef26ac8507: 533 ms
Input: 5500000,
Cold Start: false
Unique ID: 4b9d927e-c010-48f8-a2dd-f58bc78c980b,
Billed Duration for Request 4b9d927e-c010-48f8-a2dd-f58bc78c980b: 540 ms
Input: 5500000,
Cold Start: false
Unique ID: 1d269c4f-85c2-4f7c-b42e-70db097f00b1,
Billed Duration for Request 1d269c4f-85c2-4f7c-b42e-70db097f00b1: 566 ms
Input: 5500000,
Cold Start: false
Unique ID: 9afa73e8-9ccb-4c02-b654-64574bd55a2a,
Billed Duration for Request 9afa73e8-9ccb-4c02-b654-64574bd55a2a: 563 ms
Input: 5500000,
Cold Start: false
Unique ID: 41fcf740-c769-4fd6-ae9e-204ac36bda30,
Billed Duration for Request 41fcf740-c769-4fd6-ae9e-204ac36bda30: 525 ms
Input: 5500000,
Cold Start: false
Unique ID: e6806000-9d0b-4bc6-8976-898cf7c3c959,
Billed Duration for Request e6806000-9d0b-4bc6-8976-898cf7c3c959: 557 ms
Input: 5500000,
Cold Start: false
Unique ID: 9df463fd-f2a1-4b10-9300-7947ac0a4581,
Billed Duration for Request 9df463fd-f2a1-4b10-9300-7947ac0a4581: 564 ms
Input: 5500000,
Cold Start: false
Unique ID: 059847e9-3360-4774-9a61-e7ca2f41d1b0,
Billed Duration for Request 059847e9-3360-4774-9a61-e7ca2f41d1b0: 537 ms
Input: 5500000,
Cold Start: false
Unique ID: f2ef5abd-e995-4aff-9767-29f84dc3988b,
Billed Duration for Request f2ef5abd-e995-4aff-9767-29f84dc3988b: 562 ms
Input: 5500000,
Cold Start: false
Unique ID: fa9805bd-e121-4623-8dc3-16aaf8de51db,
Billed Duration for Request fa9805bd-e121-4623-8dc3-16aaf8de51db: 557 ms
Input: 5500000,
Cold Start: false
Unique ID: 396605d0-b5d4-46b7-bbb4-5d9bca310d5c,
Billed Duration for Request 396605d0-b5d4-46b7-bbb4-5d9bca310d5c: 535 ms
Input: 5500000,
Cold Start: false
Unique ID: 7d43ae0b-f644-4afc-97ec-3f0a9383a320,
Billed Duration for Request 7d43ae0b-f644-4afc-97ec-3f0a9383a320: 538 ms
Input: 5500000,
Cold Start: false
Unique ID: 9f23cc49-5755-4796-b56d-5016bfe7f0df,
Billed Duration for Request 9f23cc49-5755-4796-b56d-5016bfe7f0df: 565 ms
Input: 5500000,
Cold Start: false
Unique ID: 75688199-4ded-4138-b3a3-e0d18974cd83,
Billed Duration for Request 75688199-4ded-4138-b3a3-e0d18974cd83: 560 ms
Input: 5500000,
Cold Start: false
Unique ID: df796bed-c59a-4880-826e-47f98a10a5c7,
Billed Duration for Request df796bed-c59a-4880-826e-47f98a10a5c7: 543 ms
Input: 5500000,
Cold Start: false
Unique ID: f64c38bd-0354-417d-89af-1489373026d3,
Billed Duration for Request f64c38bd-0354-417d-89af-1489373026d3: 557 ms
Input: 5500000,
Cold Start: false
Unique ID: 7c19db89-e7ff-427a-9447-4f4a9e0cf613,
Billed Duration for Request 7c19db89-e7ff-427a-9447-4f4a9e0cf613: 568 ms
Input: 5500000,
Cold Start: false
Unique ID: 206ae523-1b67-4fd0-9f52-934f746c22c5,
Billed Duration for Request 206ae523-1b67-4fd0-9f52-934f746c22c5: 538 ms
Input: 5500000,
Cold Start: false
Unique ID: c1fa79ec-8153-4c6b-84b0-eb690dd4cbb9,
Billed Duration for Request c1fa79ec-8153-4c6b-84b0-eb690dd4cbb9: 564 ms
Input: 5500000,
Cold Start: false
Unique ID: a9a76d95-9479-425b-831e-cba39b5349dc,
Billed Duration for Request a9a76d95-9479-425b-831e-cba39b5349dc: 561 ms
Input: 5500000,
Cold Start: false
Unique ID: 73f41624-75c2-489d-a6c8-a4ee645dffe9,
Billed Duration for Request 73f41624-75c2-489d-a6c8-a4ee645dffe9: 536 ms
Input: 5500000,
Cold Start: false
Unique ID: 6a251c9f-b677-4064-a93f-0f769e2b4e45,
Billed Duration for Request 6a251c9f-b677-4064-a93f-0f769e2b4e45: 543 ms
Input: 5500000,
Cold Start: false
Unique ID: 248953b8-932c-4619-b6ba-15fb68f6b200,
Billed Duration for Request 248953b8-932c-4619-b6ba-15fb68f6b200: 557 ms
Input: 5500000,
Cold Start: false
Unique ID: 89dd0631-87bd-4a53-ac71-323c94534600,
Billed Duration for Request 89dd0631-87bd-4a53-ac71-323c94534600: 565 ms
Input: 5500000,
Cold Start: false
Unique ID: c23e0aad-1d7f-4dfa-869f-781ca2a40671,
Billed Duration for Request c23e0aad-1d7f-4dfa-869f-781ca2a40671: 538 ms
Input: 5500000,
Cold Start: false
Unique ID: 0349b0ab-ecab-4e2e-899e-b5a3d5229901,
Billed Duration for Request 0349b0ab-ecab-4e2e-899e-b5a3d5229901: 568 ms
Input: 5500000,
Cold Start: false
Unique ID: 9e9ce256-9b8b-497f-b4fd-bcc1ee568088,
Billed Duration for Request 9e9ce256-9b8b-497f-b4fd-bcc1ee568088: 547 ms
Input: 5500000,
Cold Start: false
Unique ID: f8dd8498-fdbf-4220-a2dc-bb4160efaa59,
Billed Duration for Request f8dd8498-fdbf-4220-a2dc-bb4160efaa59: 540 ms
Input: 5500000,
Cold Start: false
Unique ID: 6b5ab79c-7b2f-4958-9e1a-bd3f58b6912b,
Billed Duration for Request 6b5ab79c-7b2f-4958-9e1a-bd3f58b6912b: 562 ms
Input: 5500000,
Cold Start: false
Unique ID: ff485c99-cdbf-4f92-951b-3368e928b966,
Billed Duration for Request ff485c99-cdbf-4f92-951b-3368e928b966: 557 ms
Input: 5500000,
Cold Start: false
Unique ID: 0d9fdc31-278a-4274-9a54-03388acd2114,
Billed Duration for Request 0d9fdc31-278a-4274-9a54-03388acd2114: 534 ms
Input: 5500000,
Cold Start: false
Unique ID: c43a2485-80d1-450d-b670-fa2571dc61b7,
Billed Duration for Request c43a2485-80d1-450d-b670-fa2571dc61b7: 544 ms
Input: 5500000,
Cold Start: false
Unique ID: 96869b96-1c3a-4494-b9e1-d9950bdfd0b1,
Billed Duration for Request 96869b96-1c3a-4494-b9e1-d9950bdfd0b1: 563 ms
Input: 5500000,
Cold Start: false
Unique ID: 346e6cb0-3a6d-42f6-8e44-c779c9bc1361,
Billed Duration for Request 346e6cb0-3a6d-42f6-8e44-c779c9bc1361: 563 ms
Input: 5500000,
Cold Start: false
Unique ID: 3fa05866-52ed-4155-b2a8-726230376235,
Billed Duration for Request 3fa05866-52ed-4155-b2a8-726230376235: 544 ms
Input: 5500000,
Cold Start: false
Unique ID: 2546935b-055e-4f25-9217-ed40b3c11f19,
Billed Duration for Request 2546935b-055e-4f25-9217-ed40b3c11f19: 550 ms
Input: 5500000,
Cold Start: false
Unique ID: 281e21e8-2083-4077-b6c1-326f64869f37,
Billed Duration for Request 281e21e8-2083-4077-b6c1-326f64869f37: 564 ms
Input: 5500000,
Cold Start: false
Unique ID: 40570ff1-eb0b-4318-98a1-e1483ff256f3,
Billed Duration for Request 40570ff1-eb0b-4318-98a1-e1483ff256f3: 534 ms
Input: 5500000,
Cold Start: false
Unique ID: 7916fc41-ada5-4f4a-b3bf-a48ee9e8c27f,
Billed Duration for Request 7916fc41-ada5-4f4a-b3bf-a48ee9e8c27f: 563 ms
Input: 5500000,
Cold Start: false
Unique ID: ee537c55-d3d9-4aee-9680-1456a9e15dfe,
Billed Duration for Request ee537c55-d3d9-4aee-9680-1456a9e15dfe: 555 ms
Input: 5500000,
Cold Start: false
Unique ID: d6c68040-01aa-4257-9087-fc50fca04d99,
Billed Duration for Request d6c68040-01aa-4257-9087-fc50fca04d99: 533 ms
Input: 5500000,
Cold Start: false
Unique ID: 72a9d54a-e9e2-4f67-8908-9a25e82afa39,
Billed Duration for Request 72a9d54a-e9e2-4f67-8908-9a25e82afa39: 534 ms
Input: 5500000,
Cold Start: false
Unique ID: 216591cd-8256-49ff-8d15-31e50c7e2aa9,
Billed Duration for Request 216591cd-8256-49ff-8d15-31e50c7e2aa9: 543 ms
Input: 5500000,
Cold Start: false
Unique ID: d9dd7221-6f6d-46a9-af52-0f9c69158d41,
Billed Duration for Request d9dd7221-6f6d-46a9-af52-0f9c69158d41: 557 ms
Input: 5500000,
Cold Start: false
Unique ID: fe7aea9f-ac52-4ef0-96fc-76b25c0e1800,
Billed Duration for Request fe7aea9f-ac52-4ef0-96fc-76b25c0e1800: 544 ms
Input: 5500000,
Cold Start: false
Unique ID: 46cc36aa-e097-498b-b760-435e675af1d1,
Billed Duration for Request 46cc36aa-e097-498b-b760-435e675af1d1: 601 ms
Input: 5500000,
Cold Start: false
Unique ID: d7d7a549-a0d0-4469-9099-7c56fa8c323e,
Billed Duration for Request d7d7a549-a0d0-4469-9099-7c56fa8c323e: 547 ms
Input: 5500000,
Cold Start: false
Unique ID: cff9d229-e7b0-46ed-80d1-da1c818af884,
Billed Duration for Request cff9d229-e7b0-46ed-80d1-da1c818af884: 544 ms
Input: 5500000,
Cold Start: false
Unique ID: 515c27c0-71cb-439e-a75b-212298cc0354,
Billed Duration for Request 515c27c0-71cb-439e-a75b-212298cc0354: 579 ms
Input: 5500000,
Cold Start: false
Unique ID: 1f55eead-897b-4da0-b089-4bf90780d1bd,
Billed Duration for Request 1f55eead-897b-4da0-b089-4bf90780d1bd: 556 ms
Input: 5500000,
Cold Start: false
Unique ID: f846ae82-cc13-4a6f-8058-b6da4796269a,
Billed Duration for Request f846ae82-cc13-4a6f-8058-b6da4796269a: 517 ms
Input: 5500000,
Cold Start: false
Unique ID: 12fffd30-ec86-4a4b-adeb-277819f863e5,
Billed Duration for Request 12fffd30-ec86-4a4b-adeb-277819f863e5: 564 ms
Input: 5500000,
Cold Start: false
Unique ID: 9a4cfa46-b3cf-47dc-94bb-dad4a6eae46d,
Billed Duration for Request 9a4cfa46-b3cf-47dc-94bb-dad4a6eae46d: 565 ms
Input: 5500000,
Cold Start: false
Unique ID: 1f6ef409-daf9-437a-ade3-c4b475880807,
Billed Duration for Request 1f6ef409-daf9-437a-ade3-c4b475880807: 561 ms
Input: 5500000,
Cold Start: false
Unique ID: d5084a98-c4c9-4828-adeb-46c04070908d,
Billed Duration for Request d5084a98-c4c9-4828-adeb-46c04070908d: 552 ms
Input: 5500000,
Cold Start: false
Unique ID: f321f469-f262-4eaf-9d45-52aa5c1623cf,
Billed Duration for Request f321f469-f262-4eaf-9d45-52aa5c1623cf: 560 ms
Input: 5500000,
Cold Start: false
Unique ID: 77f34fbf-407f-4ecf-aa84-3066d855196f,
Billed Duration for Request 77f34fbf-407f-4ecf-aa84-3066d855196f: 515 ms
Input: 5500000,
Cold Start: false
Unique ID: 7b3d5990-2260-4499-a952-6437141294a9,
Billed Duration for Request 7b3d5990-2260-4499-a952-6437141294a9: 587 ms
Input: 5500000,
Cold Start: false
Unique ID: 094232a7-71cc-4436-935c-d675f0e0e2dd,
Billed Duration for Request 094232a7-71cc-4436-935c-d675f0e0e2dd: 586 ms
Input: 5500000,
Cold Start: false
Unique ID: c8b07904-2ee2-4358-8502-530ba872750c,
Billed Duration for Request c8b07904-2ee2-4358-8502-530ba872750c: 517 ms
Input: 5500000,
Cold Start: false
Unique ID: 2fe6462e-ddf8-42ea-bf48-1af4e94b105d,
Billed Duration for Request 2fe6462e-ddf8-42ea-bf48-1af4e94b105d: 581 ms
Input: 5500000,
Cold Start: false
Unique ID: d8aaa507-cdbe-43b6-95a5-2bf613c54c63,
Billed Duration for Request d8aaa507-cdbe-43b6-95a5-2bf613c54c63: 515 ms
Input: 5500000,
Cold Start: false
Unique ID: ce538f49-44a0-462d-8144-931e6bbb3b40,
Billed Duration for Request ce538f49-44a0-462d-8144-931e6bbb3b40: 555 ms
Input: 5500000,
Cold Start: false
Unique ID: 5c39336f-617c-4cb0-8bc0-53ac5eddc5d6,
Billed Duration for Request 5c39336f-617c-4cb0-8bc0-53ac5eddc5d6: 557 ms
Input: 5500000,
Cold Start: false
Unique ID: 64e6084a-5273-4ff4-a0f3-bf92bfc4edfd,
Billed Duration for Request 64e6084a-5273-4ff4-a0f3-bf92bfc4edfd: 549 ms
Input: 5500000,
Cold Start: false
Unique ID: d204b9ac-4d05-4e5c-89c7-a47ee3395616,
Billed Duration for Request d204b9ac-4d05-4e5c-89c7-a47ee3395616: 518 ms
Input: 5500000,
Cold Start: false
Unique ID: a6f438d4-2ab0-4dc2-bb86-17db8d679aab,
Billed Duration for Request a6f438d4-2ab0-4dc2-bb86-17db8d679aab: 515 ms
Input: 5500000,
Cold Start: false
Unique ID: fba55543-a86e-4b44-9749-1aed53d4bcb4,
Billed Duration for Request fba55543-a86e-4b44-9749-1aed53d4bcb4: 553 ms
Input: 5500000,
Cold Start: false
Unique ID: 3eb5e6b2-1d9e-4142-bf94-194c9947349f,
Billed Duration for Request 3eb5e6b2-1d9e-4142-bf94-194c9947349f: 563 ms
Input: 5500000,
Cold Start: false
Unique ID: 4825e46d-dd4e-4189-a652-e879335203c2,
Billed Duration for Request 4825e46d-dd4e-4189-a652-e879335203c2: 546 ms
Input: 5500000,
Cold Start: false
Unique ID: 8c8768e6-66e7-4aa6-a3b8-187d20eff520,
Billed Duration for Request 8c8768e6-66e7-4aa6-a3b8-187d20eff520: 519 ms
Input: 5500000,
Cold Start: false
Unique ID: d21fda9b-e312-4421-9281-aa54dfa409e6,
Billed Duration for Request d21fda9b-e312-4421-9281-aa54dfa409e6: 512 ms
Input: 5500000,
Cold Start: false
Unique ID: 9e048e69-9f89-4eae-9e72-33b710799306,
Billed Duration for Request 9e048e69-9f89-4eae-9e72-33b710799306: 548 ms
Input: 5500000,
Cold Start: false
Unique ID: 651dd2a6-c8e7-46b2-9d85-653ca86b9b6a,
Billed Duration for Request 651dd2a6-c8e7-46b2-9d85-653ca86b9b6a: 563 ms
Input: 5500000,
Cold Start: false
Unique ID: d81d3e17-b6df-4551-bd0a-c9c04ade58c5,
Billed Duration for Request d81d3e17-b6df-4551-bd0a-c9c04ade58c5: 548 ms
Input: 5500000,
Cold Start: false
Unique ID: f6b53a45-4288-44bf-a8ea-1653b97dd6fd,
Billed Duration for Request f6b53a45-4288-44bf-a8ea-1653b97dd6fd: 523 ms
Input: 5500000,
Cold Start: false
Unique ID: d0b52820-37b8-4b30-a3fd-ab2f3f1efd0e,
Billed Duration for Request d0b52820-37b8-4b30-a3fd-ab2f3f1efd0e: 528 ms
Input: 5500000,
Cold Start: false
Unique ID: 6c149111-c7f8-450e-b0a4-4e92a36e4e7e,
Billed Duration for Request 6c149111-c7f8-450e-b0a4-4e92a36e4e7e: 539 ms
Input: 5500000,
Cold Start: false
Unique ID: 23464566-1757-4bd0-8dc9-60d643bb5505,
Billed Duration for Request 23464566-1757-4bd0-8dc9-60d643bb5505: 560 ms
Input: 5500000,
Cold Start: false
Unique ID: 810ff102-4a2b-47b3-a213-4313660a4abc,
Billed Duration for Request 810ff102-4a2b-47b3-a213-4313660a4abc: 539 ms
Input: 5500000,
Cold Start: false
Unique ID: 744338c4-fe19-4be6-ac77-095fbcee497a,
Billed Duration for Request 744338c4-fe19-4be6-ac77-095fbcee497a: 527 ms
Input: 5500000,
Cold Start: false
Unique ID: 96492626-5894-4ffe-adbe-1d713ba1af73,
Billed Duration for Request 96492626-5894-4ffe-adbe-1d713ba1af73: 525 ms
Input: 5500000,
Cold Start: false
Unique ID: 5989b12e-d41a-4bd8-b42f-6c7b6d178104,
Billed Duration for Request 5989b12e-d41a-4bd8-b42f-6c7b6d178104: 549 ms
Input: 5500000,
Cold Start: false
Unique ID: 26af033c-19e5-415f-9604-504c9e937ae1,
Billed Duration for Request 26af033c-19e5-415f-9604-504c9e937ae1: 564 ms
Input: 5500000,
Cold Start: false
Unique ID: 14836942-9b21-4b01-9b86-512242148544,
Billed Duration for Request 14836942-9b21-4b01-9b86-512242148544: 539 ms
Input: 5500000,
Cold Start: false
Unique ID: 9da4327f-e9e2-4478-97ce-383581ae4982,
Billed Duration for Request 9da4327f-e9e2-4478-97ce-383581ae4982: 512 ms
Input: 5500000,
Cold Start: false
Unique ID: b6d0a71a-f600-4625-989c-d2b7c0c6b9f6,
Billed Duration for Request b6d0a71a-f600-4625-989c-d2b7c0c6b9f6: 523 ms
Input: 5500000,
Cold Start: false
Unique ID: b6314bdd-389e-4b41-a1c8-357267f1545f,
Billed Duration for Request b6314bdd-389e-4b41-a1c8-357267f1545f: 556 ms
Input: 5500000,
Cold Start: false
Unique ID: 5a96c2b3-482b-44c5-95f9-a36c3e954070,
Billed Duration for Request 5a96c2b3-482b-44c5-95f9-a36c3e954070: 548 ms
Input: 5500000,
Cold Start: false
Unique ID: 261f4d9a-c969-490a-8cde-0e514fe1c922,
Billed Duration for Request 261f4d9a-c969-490a-8cde-0e514fe1c922: 554 ms
Input: 5500000,
Cold Start: false
Unique ID: f09f6e2e-3ef2-454d-a9b6-540827c499de,
Billed Duration for Request f09f6e2e-3ef2-454d-a9b6-540827c499de: 517 ms
Input: 5500000,
Cold Start: false
Unique ID: 779d12db-19b1-44f3-9ac8-1a831bbf1d06,
Billed Duration for Request 779d12db-19b1-44f3-9ac8-1a831bbf1d06: 523 ms
Input: 5500000,
Cold Start: false
Unique ID: 2459d6cf-5bb6-43c8-a921-f94f11dbd19b,
Billed Duration for Request 2459d6cf-5bb6-43c8-a921-f94f11dbd19b: 544 ms
Input: 5500000,
Cold Start: false
Unique ID: 170dc4e5-b27b-4e9c-a2a6-5308ba1e7807,
Billed Duration for Request 170dc4e5-b27b-4e9c-a2a6-5308ba1e7807: 561 ms
Input: 5500000,
Cold Start: false
Unique ID: 64ea8048-aef8-4caf-8fc5-d42d3013e81d,
Billed Duration for Request 64ea8048-aef8-4caf-8fc5-d42d3013e81d: 559 ms
Input: 5500000,
Cold Start: false
Unique ID: 94dcc508-4364-48f9-85f6-78f6368571fa,
Billed Duration for Request 94dcc508-4364-48f9-85f6-78f6368571fa: 534 ms
Input: 5500000,
Cold Start: false
Unique ID: 28ed930b-3677-4cff-84fb-f2779885387f,
Billed Duration for Request 28ed930b-3677-4cff-84fb-f2779885387f: 514 ms
Input: 5500000,
Cold Start: false
Unique ID: 5c3ff307-e302-4c86-bcda-ac7decdf7e67,
Billed Duration for Request 5c3ff307-e302-4c86-bcda-ac7decdf7e67: 535 ms
Input: 5500000,
Cold Start: false
Unique ID: c9590766-0eca-4fbf-87ea-535bafaf71c1,
Billed Duration for Request c9590766-0eca-4fbf-87ea-535bafaf71c1: 555 ms
Input: 5500000,
Cold Start: false
Unique ID: 8622a367-f687-41c3-8829-5604ee2ebef0,
Billed Duration for Request 8622a367-f687-41c3-8829-5604ee2ebef0: 557 ms
Input: 5500000,
Cold Start: false
Unique ID: 8b64d493-14a7-41d5-af68-2f0f2944824c,
Billed Duration for Request 8b64d493-14a7-41d5-af68-2f0f2944824c: 518 ms
Input: 5500000,
Cold Start: false
Unique ID: 70bc5401-4963-4fe2-a424-64fccf562aab,
Billed Duration for Request 70bc5401-4963-4fe2-a424-64fccf562aab: 522 ms
Input: 5500000,
Cold Start: false
Unique ID: ce932c62-2098-4601-9ab6-184e97636bf1,
Billed Duration for Request ce932c62-2098-4601-9ab6-184e97636bf1: 545 ms
Input: 5500000,
Cold Start: false
Unique ID: 0ef2ae80-ea83-4262-94ab-c7c5c860c98e,
Billed Duration for Request 0ef2ae80-ea83-4262-94ab-c7c5c860c98e: 555 ms
Input: 5500000,
Cold Start: false
Unique ID: e90f94d4-e6b1-4ddc-9dc4-ecc7923e4c46,
Billed Duration for Request e90f94d4-e6b1-4ddc-9dc4-ecc7923e4c46: 545 ms
Input: 5500000,
Cold Start: false
Unique ID: b7c13dee-59c6-4c0a-89e2-24802ea82a02,
Billed Duration for Request b7c13dee-59c6-4c0a-89e2-24802ea82a02: 516 ms
Input: 5500000,
Cold Start: false
Unique ID: fbfe23e1-38dd-456e-aed0-b65efc5681be,
Billed Duration for Request fbfe23e1-38dd-456e-aed0-b65efc5681be: 515 ms
Input: 5500000,
Cold Start: false
Unique ID: 0737a539-070b-4d09-bb9f-f501ab4030f9,
Billed Duration for Request 0737a539-070b-4d09-bb9f-f501ab4030f9: 548 ms
Input: 5500000,
Cold Start: false
Unique ID: ce666a3d-7557-4c81-887b-56957e4867ec,
Billed Duration for Request ce666a3d-7557-4c81-887b-56957e4867ec: 554 ms
Input: 5500000,
Cold Start: false
Unique ID: bed98147-89d1-42bf-99f9-96fe91b9118e,
Billed Duration for Request bed98147-89d1-42bf-99f9-96fe91b9118e: 541 ms
Input: 5500000,
Cold Start: false
Unique ID: 5a41ce1f-e4a9-49cc-9b90-d7b313cdef70,
Billed Duration for Request 5a41ce1f-e4a9-49cc-9b90-d7b313cdef70: 515 ms
Input: 5500000,
Cold Start: false
Unique ID: a59ee519-b85e-4c5d-bb63-90e3ff269890,
Billed Duration for Request a59ee519-b85e-4c5d-bb63-90e3ff269890: 526 ms
Input: 5500000,
Cold Start: false
Unique ID: 28898599-59a9-4ffb-adf4-c862fa3504f9,
Billed Duration for Request 28898599-59a9-4ffb-adf4-c862fa3504f9: 546 ms
Input: 5500000,
Cold Start: false
Unique ID: f1b2bc97-4989-454e-8a59-885cbb72c1f8,
Billed Duration for Request f1b2bc97-4989-454e-8a59-885cbb72c1f8: 545 ms
Input: 5500000,
Cold Start: false
Unique ID: 213d4c63-2d89-41ad-a007-c2c41710bb5c,
Billed Duration for Request 213d4c63-2d89-41ad-a007-c2c41710bb5c: 522 ms
Input: 5500000,
Cold Start: false
Unique ID: 4778e486-7911-480b-97e5-4c6b4c00dbdb,
Billed Duration for Request 4778e486-7911-480b-97e5-4c6b4c00dbdb: 557 ms
Input: 5500000,
Cold Start: false
Unique ID: e02f9095-a3c4-4d04-a50b-8406d960a28f,
Billed Duration for Request e02f9095-a3c4-4d04-a50b-8406d960a28f: 543 ms
Input: 5500000,
Cold Start: false
Unique ID: e8f269a6-d508-43d3-a7ba-392bac4960fb,
Billed Duration for Request e8f269a6-d508-43d3-a7ba-392bac4960fb: 518 ms
Input: 5500000,
Cold Start: false
Unique ID: 20a9881a-0a64-465c-a724-0c91523bdbc7,
Billed Duration for Request 20a9881a-0a64-465c-a724-0c91523bdbc7: 561 ms
Input: 5500000,
Cold Start: false
Unique ID: 31ee40bd-5170-4f5b-b21e-24912a8670e8,
Billed Duration for Request 31ee40bd-5170-4f5b-b21e-24912a8670e8: 549 ms
Input: 5500000,
Cold Start: false
Unique ID: 414152d7-b308-4526-864c-9261abf1115b,
Billed Duration for Request 414152d7-b308-4526-864c-9261abf1115b: 515 ms
Input: 5500000,
Cold Start: false
Unique ID: 67d60bc4-9427-4179-8f1c-1408bc7e8f6e,
Billed Duration for Request 67d60bc4-9427-4179-8f1c-1408bc7e8f6e: 519 ms
Input: 5500000,
Cold Start: false
Unique ID: 5f975ca8-b0e1-45d0-bdee-40201f91b979,
Billed Duration for Request 5f975ca8-b0e1-45d0-bdee-40201f91b979: 549 ms
Input: 5500000,
Cold Start: false
Unique ID: b2721cb4-1952-4044-bd64-633b9d268248,
Billed Duration for Request b2721cb4-1952-4044-bd64-633b9d268248: 556 ms
Input: 5500000,
Cold Start: false
Unique ID: fdf7d811-ea93-4347-847b-b5d7c341316c,
Billed Duration for Request fdf7d811-ea93-4347-847b-b5d7c341316c: 512 ms
Input: 5500000,
Cold Start: false
Unique ID: e2caab30-92b0-4555-97c6-88a25ce0ef5e,
Billed Duration for Request e2caab30-92b0-4555-97c6-88a25ce0ef5e: 555 ms
Input: 5500000,
Cold Start: false
Unique ID: 7ef608e7-2297-4e5f-931f-fbb173bbf384,
Billed Duration for Request 7ef608e7-2297-4e5f-931f-fbb173bbf384: 566 ms
Input: 5500000,
Cold Start: false
Unique ID: d8dc70ce-1a7c-463f-b6fa-cb446d82c6f2,
Billed Duration for Request d8dc70ce-1a7c-463f-b6fa-cb446d82c6f2: 519 ms
Input: 5500000,
Cold Start: false
Unique ID: 52ce7047-b8b6-41ef-a5c4-183e17a39ccb,
Billed Duration for Request 52ce7047-b8b6-41ef-a5c4-183e17a39ccb: 546 ms
Input: 5500000,
Cold Start: false
Unique ID: 5282acb4-67af-478e-a747-b6b9ef0abe63,
Billed Duration for Request 5282acb4-67af-478e-a747-b6b9ef0abe63: 559 ms
Input: 5500000,
Cold Start: false
Unique ID: e107e956-4f34-4cb0-ae0c-cbf65007e218,
Billed Duration for Request e107e956-4f34-4cb0-ae0c-cbf65007e218: 527 ms
Input: 5500000,
Cold Start: false
Unique ID: 44ae11f9-6a21-4147-8692-d522d0dd4455,
Billed Duration for Request 44ae11f9-6a21-4147-8692-d522d0dd4455: 529 ms
Input: 5500000,
Cold Start: false
Unique ID: a2c902ee-1c2a-4813-8e1b-eb8dae27dc10,
Billed Duration for Request a2c902ee-1c2a-4813-8e1b-eb8dae27dc10: 553 ms
Input: 5500000,
Cold Start: false
Unique ID: 1af22489-56b6-432c-a323-57dc3b498b4a,
Billed Duration for Request 1af22489-56b6-432c-a323-57dc3b498b4a: 519 ms
Input: 5500000,
Cold Start: false
Unique ID: f89a6056-092f-4ece-a00b-0b90caa046e7,
Billed Duration for Request f89a6056-092f-4ece-a00b-0b90caa046e7: 549 ms
Input: 5500000,
Cold Start: false
Unique ID: 80cdf739-8523-46c4-9d54-54845928c457,
Billed Duration for Request 80cdf739-8523-46c4-9d54-54845928c457: 563 ms
Input: 5500000,
Cold Start: false
Unique ID: 915481eb-90bc-4fcf-a9ee-5d07d4ed2de2,
Billed Duration for Request 915481eb-90bc-4fcf-a9ee-5d07d4ed2de2: 543 ms
Input: 5500000,
Cold Start: false
Unique ID: 86a0ea9e-c41c-46d4-9191-48ace77aa287,
Billed Duration for Request 86a0ea9e-c41c-46d4-9191-48ace77aa287: 553 ms
Input: 5500000,
Cold Start: false
Unique ID: c6c4c179-01db-407a-a441-2381bceff5fc,
Billed Duration for Request c6c4c179-01db-407a-a441-2381bceff5fc: 513 ms
Input: 5500000,
Cold Start: false
Unique ID: 21e84e28-bc15-4557-aa98-79f0bf516a36,
Billed Duration for Request 21e84e28-bc15-4557-aa98-79f0bf516a36: 540 ms
Input: 5500000,
Cold Start: false
Unique ID: fa508c32-ea24-4c22-884b-ac4cfb0f7527,
Billed Duration for Request fa508c32-ea24-4c22-884b-ac4cfb0f7527: 519 ms
Input: 5500000,
Cold Start: false
Unique ID: e59979ad-2185-48e5-b4c3-1aaf2b2617d9,
Billed Duration for Request e59979ad-2185-48e5-b4c3-1aaf2b2617d9: 524 ms
Input: 5500000,
Cold Start: false
Unique ID: 3a2b0ed8-8022-4b72-ae93-6e47edad24a6,
Billed Duration for Request 3a2b0ed8-8022-4b72-ae93-6e47edad24a6: 545 ms
Input: 5500000,
Cold Start: false
Unique ID: 14684cf4-ad96-48a4-9165-d80a9b8813b5,
Billed Duration for Request 14684cf4-ad96-48a4-9165-d80a9b8813b5: 550 ms
Input: 5500000,
Cold Start: false
Unique ID: 3cc6c713-fc4f-48ee-b549-acbb123e6991,
Billed Duration for Request 3cc6c713-fc4f-48ee-b549-acbb123e6991: 524 ms
Input: 5500000,
Cold Start: false
Unique ID: 1db3b362-4bd8-4e9e-98e8-b66802be1aa1,
Billed Duration for Request 1db3b362-4bd8-4e9e-98e8-b66802be1aa1: 557 ms
Input: 5500000,
Cold Start: false
Unique ID: d400dbb5-71e9-4ee7-9953-6982176d445d,
Billed Duration for Request d400dbb5-71e9-4ee7-9953-6982176d445d: 564 ms
Input: 5500000,
Cold Start: false
Unique ID: 8f0ead73-0803-4579-9810-cdc320787323,
Billed Duration for Request 8f0ead73-0803-4579-9810-cdc320787323: 521 ms
Input: 5500000,
Cold Start: false
Unique ID: 1d8c51f4-eb91-46fc-bacd-605bc2cb15fc,
Billed Duration for Request 1d8c51f4-eb91-46fc-bacd-605bc2cb15fc: 551 ms
Input: 5500000,
Cold Start: false
Unique ID: bb24f87c-1f21-45db-bd0b-66c6b9d87c14,
Billed Duration for Request bb24f87c-1f21-45db-bd0b-66c6b9d87c14: 556 ms
Input: 5500000,
Cold Start: false
Unique ID: 160510c5-35cd-4dac-8860-60f048ff747a,
Billed Duration for Request 160510c5-35cd-4dac-8860-60f048ff747a: 518 ms
Input: 5500000,
Cold Start: false
Unique ID: 2d487aa9-1c26-4df5-958f-5365cd477c6b,
Billed Duration for Request 2d487aa9-1c26-4df5-958f-5365cd477c6b: 542 ms
Input: 5500000,
Cold Start: false
Unique ID: a1e0855c-3790-40dd-8370-2fe5a5f1381b,
Billed Duration for Request a1e0855c-3790-40dd-8370-2fe5a5f1381b: 516 ms
Input: 5500000,
Cold Start: false
Unique ID: d743b798-b0b9-405c-89c7-797a105a5f6d,
Billed Duration for Request d743b798-b0b9-405c-89c7-797a105a5f6d: 552 ms
Input: 5500000,
Cold Start: false
Unique ID: 8e64c974-c819-444b-adf2-2dcb19c253f8,
Billed Duration for Request 8e64c974-c819-444b-adf2-2dcb19c253f8: 528 ms
Input: 5500000,
Cold Start: false
Unique ID: 5a4ea0d1-bbba-478e-89ee-63d387238726,
Billed Duration for Request 5a4ea0d1-bbba-478e-89ee-63d387238726: 550 ms
Input: 5500000,
Cold Start: false
Unique ID: 03286c6d-5968-4e45-873e-dd6fab35ff9c,
Billed Duration for Request 03286c6d-5968-4e45-873e-dd6fab35ff9c: 564 ms
Input: 5500000,
Cold Start: false
Unique ID: a4cb84a8-2198-48ec-8dd5-4a6573db300a,
Billed Duration for Request a4cb84a8-2198-48ec-8dd5-4a6573db300a: 518 ms
Input: 5500000,
Cold Start: false
Unique ID: c15ccbb9-ca6c-476f-ba96-2ed27163ca94,
Billed Duration for Request c15ccbb9-ca6c-476f-ba96-2ed27163ca94: 566 ms
Input: 5500000,
Cold Start: false
Unique ID: 679670d2-810f-486c-853b-5a17ca48dcf4,
Billed Duration for Request 679670d2-810f-486c-853b-5a17ca48dcf4: 519 ms
Input: 5500000,
Cold Start: false
Unique ID: ac9eeca3-9258-498a-ac65-73fb50d6d4b3,
Billed Duration for Request ac9eeca3-9258-498a-ac65-73fb50d6d4b3: 549 ms
Input: 5500000,
Cold Start: false
Unique ID: f42f4cdc-5367-4e78-9937-f60cc8b984b9,
Billed Duration for Request f42f4cdc-5367-4e78-9937-f60cc8b984b9: 511 ms
Input: 5500000,
Cold Start: false
Unique ID: 1358911f-754d-4a5c-9284-1568286311ad,
Billed Duration for Request 1358911f-754d-4a5c-9284-1568286311ad: 546 ms
Input: 5500000,
Cold Start: false
Unique ID: 09799abe-ed66-4d4c-a723-52da2d8aefc9,
Billed Duration for Request 09799abe-ed66-4d4c-a723-52da2d8aefc9: 559 ms
Input: 5500000,
Cold Start: false
Unique ID: 7382e6e3-8a47-4f6e-8a47-2183101ca53e,
Billed Duration for Request 7382e6e3-8a47-4f6e-8a47-2183101ca53e: 555 ms
Input: 5500000,
Cold Start: false
Unique ID: 34deb007-315a-4bde-a2e9-17b4a776078f,
Billed Duration for Request 34deb007-315a-4bde-a2e9-17b4a776078f: 525 ms
Input: 5500000,
Cold Start: false
Unique ID: a3edbe6a-d1c5-458d-b7a1-337646287858,
Billed Duration for Request a3edbe6a-d1c5-458d-b7a1-337646287858: 509 ms
Input: 5500000,
Cold Start: false
Unique ID: 19aeb83f-98ca-4266-8c13-fc927b455d14,
Billed Duration for Request 19aeb83f-98ca-4266-8c13-fc927b455d14: 553 ms
Input: 5500000,
Cold Start: false
Unique ID: e88fc9e2-2fbf-4dd4-9387-49841cbcbe5c,
Billed Duration for Request e88fc9e2-2fbf-4dd4-9387-49841cbcbe5c: 563 ms
Input: 5500000,
Cold Start: false
Unique ID: 80e6ea94-037e-4f1b-bdb1-f52f074792d9,
Billed Duration for Request 80e6ea94-037e-4f1b-bdb1-f52f074792d9: 558 ms
Input: 5500000,
Cold Start: false
Unique ID: c64ae968-6a62-43fa-a0a9-fd2b7407f710,
Billed Duration for Request c64ae968-6a62-43fa-a0a9-fd2b7407f710: 517 ms
Input: 5500000,
Cold Start: false
Unique ID: ee5fc4b4-5374-4885-a702-625fb2d9912c,
Billed Duration for Request ee5fc4b4-5374-4885-a702-625fb2d9912c: 523 ms
Input: 5500000,
Cold Start: false
Unique ID: 893889d3-d5cb-4fb6-91b1-5ef5536243f1,
Billed Duration for Request 893889d3-d5cb-4fb6-91b1-5ef5536243f1: 545 ms
Input: 5500000,
Cold Start: false
Unique ID: 493e143f-4084-4db1-9832-3b825ef41a30,
Billed Duration for Request 493e143f-4084-4db1-9832-3b825ef41a30: 558 ms
Input: 5500000,
Cold Start: false
Unique ID: b87e12b9-e6fb-47dd-973c-402e652468ac,
Billed Duration for Request b87e12b9-e6fb-47dd-973c-402e652468ac: 562 ms
Input: 5500000,
Cold Start: false
Unique ID: 71657d55-312a-42ee-8a12-bac29f67f3ef,
Billed Duration for Request 71657d55-312a-42ee-8a12-bac29f67f3ef: 520 ms
Input: 5500000,
Cold Start: false
Unique ID: 130b0c25-59ab-4a37-bc40-3269500c561c,
Billed Duration for Request 130b0c25-59ab-4a37-bc40-3269500c561c: 566 ms
Input: 5500000,
Cold Start: false
Unique ID: 10dcfa51-2a4f-4696-93c8-20bcfbc91c56,
Billed Duration for Request 10dcfa51-2a4f-4696-93c8-20bcfbc91c56: 521 ms
Input: 5500000,
Cold Start: false
Unique ID: 555fce24-631e-49dc-a5f1-dd9ae2421dc1,
Billed Duration for Request 555fce24-631e-49dc-a5f1-dd9ae2421dc1: 547 ms
Input: 5500000,
Cold Start: false
Unique ID: eafa7f95-eeda-45a2-9d4f-468d66170960,
Billed Duration for Request eafa7f95-eeda-45a2-9d4f-468d66170960: 536 ms
Input: 5500000,
Cold Start: false
Unique ID: 3bf703ff-d1e6-47f5-ac5a-9633920d119b,
Billed Duration for Request 3bf703ff-d1e6-47f5-ac5a-9633920d119b: 519 ms
Input: 5500000,
Cold Start: false
Unique ID: e31c4b4b-88d5-43a3-8bec-873e43ca61c9,
Billed Duration for Request e31c4b4b-88d5-43a3-8bec-873e43ca61c9: 525 ms
Input: 5500000,
Cold Start: false
Unique ID: e8c25414-58c3-44bf-8c64-75c2f05086f1,
Billed Duration for Request e8c25414-58c3-44bf-8c64-75c2f05086f1: 563 ms
Input: 5500000,
Cold Start: false
Unique ID: d6fe0fcc-fb44-427d-a752-918371c17227,
Billed Duration for Request d6fe0fcc-fb44-427d-a752-918371c17227: 563 ms
Input: 5500000,
Cold Start: false
Unique ID: 9e0dd3e3-72be-4437-99b1-4c99bb995593,
Billed Duration for Request 9e0dd3e3-72be-4437-99b1-4c99bb995593: 510 ms
Input: 5500000,
Cold Start: false
Unique ID: 7cc44c01-63a5-4171-a7ad-b3898efde61b,
Billed Duration for Request 7cc44c01-63a5-4171-a7ad-b3898efde61b: 550 ms
Input: 5500000,
Cold Start: false
Unique ID: 8b75b620-fc04-43af-a350-3abc8b8940f7,
Billed Duration for Request 8b75b620-fc04-43af-a350-3abc8b8940f7: 550 ms
Input: 5500000,
Cold Start: false
Unique ID: 2e9d0b3f-ad81-4267-bd06-799ec2edabb0,
Billed Duration for Request 2e9d0b3f-ad81-4267-bd06-799ec2edabb0: 519 ms
Input: 5500000,
Cold Start: false
Unique ID: ddf52b92-b541-4133-b790-6679f65d9d57,
Billed Duration for Request ddf52b92-b541-4133-b790-6679f65d9d57: 562 ms
Input: 5500000,
Cold Start: false
Unique ID: aaa7053c-4945-420f-96bb-c9e478898548,
Billed Duration for Request aaa7053c-4945-420f-96bb-c9e478898548: 511 ms
Input: 5500000,
Cold Start: false
Unique ID: c26705d8-687e-4ecf-a118-b2320e56ca7f,
Billed Duration for Request c26705d8-687e-4ecf-a118-b2320e56ca7f: 557 ms
Input: 5500000,
Cold Start: false
Unique ID: 59c3643d-98f3-40ea-bf0c-be2026981ecb,
Billed Duration for Request 59c3643d-98f3-40ea-bf0c-be2026981ecb: 540 ms
Input: 5500000,
Cold Start: false
Unique ID: 3a44affe-3061-4425-aa50-6d0395930a5f,
Billed Duration for Request 3a44affe-3061-4425-aa50-6d0395930a5f: 510 ms
Input: 5500000,
Cold Start: false
Unique ID: 51201535-7d41-4762-b11b-9050580866ff,
Billed Duration for Request 51201535-7d41-4762-b11b-9050580866ff: 556 ms
Input: 5500000,
Cold Start: false
Unique ID: 9e001088-3ea5-4411-9e75-3079aa1837a9,
Billed Duration for Request 9e001088-3ea5-4411-9e75-3079aa1837a9: 523 ms
Input: 5500000,
Cold Start: false
Unique ID: 5b32efd8-936b-4e77-8133-8671b113c2fa,
Billed Duration for Request 5b32efd8-936b-4e77-8133-8671b113c2fa: 549 ms
Input: 5500000,
Cold Start: false
Unique ID: 591db06a-6cf4-4d69-80bc-561e5e801eb4,
Billed Duration for Request 591db06a-6cf4-4d69-80bc-561e5e801eb4: 545 ms
Input: 5500000,
Cold Start: false
Unique ID: fbefd966-cc0c-4ea9-b3b0-892f850d6a7a,
Billed Duration for Request fbefd966-cc0c-4ea9-b3b0-892f850d6a7a: 518 ms
Input: 5500000,
Cold Start: false
Unique ID: 0658a19c-de02-4746-90b2-afc7d121bac2,
Billed Duration for Request 0658a19c-de02-4746-90b2-afc7d121bac2: 562 ms
Input: 5500000,
Cold Start: false
Unique ID: 68c7d8e7-058a-49e0-9b00-282626bb4c37,
Billed Duration for Request 68c7d8e7-058a-49e0-9b00-282626bb4c37: 521 ms
Input: 5500000,
Cold Start: false
Unique ID: d713c0b8-8da0-42ad-a5e0-f7b17165b014,
Billed Duration for Request d713c0b8-8da0-42ad-a5e0-f7b17165b014: 547 ms
Input: 5500000,
Cold Start: false
Unique ID: f0f8ae5f-d2c3-4b94-a269-6fec574637f8,
Billed Duration for Request f0f8ae5f-d2c3-4b94-a269-6fec574637f8: 539 ms
Input: 5500000,
Cold Start: false
Unique ID: 06d90743-40cf-4d23-812b-778f3b55644d,
Billed Duration for Request 06d90743-40cf-4d23-812b-778f3b55644d: 547 ms
Input: 5500000,
Cold Start: false
Unique ID: 30bc8adb-82db-41df-b1dd-b9f262b3a919,
Billed Duration for Request 30bc8adb-82db-41df-b1dd-b9f262b3a919: 519 ms
Input: 5500000,
Cold Start: false
Unique ID: bc56b1b3-26be-42c7-8c0f-1f4816ac4363,
Billed Duration for Request bc56b1b3-26be-42c7-8c0f-1f4816ac4363: 525 ms
Input: 5500000,
Cold Start: false
Unique ID: 9cc0baab-57cb-411b-8177-ab7fe6962aee,
Billed Duration for Request 9cc0baab-57cb-411b-8177-ab7fe6962aee: 540 ms
Input: 5500000,
Cold Start: false
Unique ID: 68823226-1213-40a0-8e08-4728849920f2,
Billed Duration for Request 68823226-1213-40a0-8e08-4728849920f2: 548 ms
Input: 5500000,
Cold Start: false
Unique ID: 6bb89ea0-f25c-41ad-947a-5f97137108da,
Billed Duration for Request 6bb89ea0-f25c-41ad-947a-5f97137108da: 523 ms
Input: 5500000,
Cold Start: false
Unique ID: 70c566ad-971b-41f7-be26-09b9773d32bf,
Billed Duration for Request 70c566ad-971b-41f7-be26-09b9773d32bf: 520 ms
Input: 5500000,
Cold Start: false
Unique ID: 364e4579-234a-44f8-a41e-7632061352bb,
Billed Duration for Request 364e4579-234a-44f8-a41e-7632061352bb: 554 ms
Input: 5500000,
Cold Start: false
Unique ID: 4fe2513a-aedd-4afc-a20a-2707d0689df0,
Billed Duration for Request 4fe2513a-aedd-4afc-a20a-2707d0689df0: 566 ms
Input: 5500000,
Cold Start: false
Unique ID: b91408ad-f91c-4d16-9439-8f5c06896634,
Billed Duration for Request b91408ad-f91c-4d16-9439-8f5c06896634: 552 ms
Input: 5500000,
Cold Start: false
Unique ID: 2db09728-3421-455d-aecd-e05c752a833e,
Billed Duration for Request 2db09728-3421-455d-aecd-e05c752a833e: 524 ms
Input: 5500000,
Cold Start: false
Unique ID: df8da222-7efc-4e43-b96c-0cc5df08c5cf,
Billed Duration for Request df8da222-7efc-4e43-b96c-0cc5df08c5cf: 550 ms
Input: 5500000,
Cold Start: false
Unique ID: b6c59a0e-8042-478e-ab46-3a2ae3bd6979,
Billed Duration for Request b6c59a0e-8042-478e-ab46-3a2ae3bd6979: 510 ms
Input: 5500000,
Cold Start: false
Unique ID: d0e1af13-37f8-4c84-b855-f6500411fc8b,
Billed Duration for Request d0e1af13-37f8-4c84-b855-f6500411fc8b: 554 ms
Input: 5500000,
Cold Start: false
Unique ID: e7783e8d-d42d-4a08-b932-d9a13e7755c6,
Billed Duration for Request e7783e8d-d42d-4a08-b932-d9a13e7755c6: 565 ms
Input: 5500000,
Cold Start: false
Unique ID: c1018793-28be-4f0f-b804-e9c8adbf7075,
Billed Duration for Request c1018793-28be-4f0f-b804-e9c8adbf7075: 519 ms
Input: 5500000,
Cold Start: false
Unique ID: 20edbe04-50c0-4213-b929-d204ec186a0b,
Billed Duration for Request 20edbe04-50c0-4213-b929-d204ec186a0b: 562 ms
Input: 5500000,
Cold Start: false
Unique ID: f26ba7f4-7ca2-4c1f-a4a7-77ddf026f2e5,
Billed Duration for Request f26ba7f4-7ca2-4c1f-a4a7-77ddf026f2e5: 527 ms
Input: 5500000,
Cold Start: false
Unique ID: 7726c97c-2c92-4c33-9e95-fbbb4bcdb62b,
Billed Duration for Request 7726c97c-2c92-4c33-9e95-fbbb4bcdb62b: 549 ms
Input: 5500000,
Cold Start: false
Unique ID: 27b428f0-2223-4652-be0b-23404ef60a36,
Billed Duration for Request 27b428f0-2223-4652-be0b-23404ef60a36: 557 ms
Input: 5500000,
Cold Start: false
Unique ID: e65a748e-179a-4d96-9234-fb8e48ac1950,
Billed Duration for Request e65a748e-179a-4d96-9234-fb8e48ac1950: 514 ms
Input: 5500000,
Cold Start: false
Unique ID: 6c2c6763-a77b-4654-9047-ea50c1497380,
Billed Duration for Request 6c2c6763-a77b-4654-9047-ea50c1497380: 559 ms
Input: 5500000,
Cold Start: false
Unique ID: b1490bb3-f112-491a-8e8b-c99f98daa30e,
Billed Duration for Request b1490bb3-f112-491a-8e8b-c99f98daa30e: 548 ms
Input: 5500000,
Cold Start: false
Unique ID: 7962252e-be96-4948-a128-f24e458e9cb6,
Billed Duration for Request 7962252e-be96-4948-a128-f24e458e9cb6: 512 ms
Input: 5500000,
Cold Start: false
Unique ID: 3bcfe77a-3900-45d9-806a-6ae529a77d68,
Billed Duration for Request 3bcfe77a-3900-45d9-806a-6ae529a77d68: 532 ms
Input: 5500000,
Cold Start: false
Unique ID: b21e1919-74ec-4b94-a823-5ae5309be3bb,
Billed Duration for Request b21e1919-74ec-4b94-a823-5ae5309be3bb: 554 ms
Input: 5500000,
Cold Start: false
Unique ID: bd2e9a5a-fad7-40ee-ab0c-af54769ce5a1,
Billed Duration for Request bd2e9a5a-fad7-40ee-ab0c-af54769ce5a1: 558 ms
Input: 5500000,
Cold Start: false
Unique ID: 9cdbb738-5f56-4a43-9d93-a597869cc304,
Billed Duration for Request 9cdbb738-5f56-4a43-9d93-a597869cc304: 555 ms
Input: 5500000,
Cold Start: false
Unique ID: b758aed7-a5b1-4aa1-8176-6c334dfdc863,
Billed Duration for Request b758aed7-a5b1-4aa1-8176-6c334dfdc863: 515 ms
Input: 5500000,
Cold Start: false
Unique ID: 2b86ae51-2cac-47e8-9cfe-854082476037,
Billed Duration for Request 2b86ae51-2cac-47e8-9cfe-854082476037: 523 ms
Input: 5500000,
Cold Start: false
Unique ID: 66bc0954-b56c-4e8c-a456-7807571fe2ef,
Billed Duration for Request 66bc0954-b56c-4e8c-a456-7807571fe2ef: 545 ms
Input: 5500000,
Cold Start: false
Unique ID: 8047d10b-a57b-4033-b1ab-8a74551c356a,
Billed Duration for Request 8047d10b-a57b-4033-b1ab-8a74551c356a: 558 ms
Input: 5500000,
Cold Start: false
Unique ID: 92cfd603-3fc8-4dce-956c-20a376604241,
Billed Duration for Request 92cfd603-3fc8-4dce-956c-20a376604241: 549 ms
Input: 5500000,
Cold Start: false
Unique ID: be929e82-33c5-45a9-87a1-01f5516c83f6,
Billed Duration for Request be929e82-33c5-45a9-87a1-01f5516c83f6: 529 ms
Input: 5500000,
Cold Start: false
Unique ID: e6d6a14c-7166-4b20-bc92-b738ee017c2c,
Billed Duration for Request e6d6a14c-7166-4b20-bc92-b738ee017c2c: 512 ms
Input: 5500000,
Cold Start: false
Unique ID: 75bf6114-7229-4f83-ab79-6cd72daf5e6f,
Billed Duration for Request 75bf6114-7229-4f83-ab79-6cd72daf5e6f: 545 ms
Input: 5500000,
Cold Start: false
Unique ID: f5cdf063-27d4-4b92-8ab0-f11e5616d1f4,
Billed Duration for Request f5cdf063-27d4-4b92-8ab0-f11e5616d1f4: 550 ms
Input: 5500000,
Cold Start: false
Unique ID: ac6433bb-6dae-4b1d-b0f0-d1dce648497e,
Billed Duration for Request ac6433bb-6dae-4b1d-b0f0-d1dce648497e: 539 ms
Input: 5500000,
Cold Start: false
Unique ID: 77c8b1e1-cbe6-48a6-a9a0-6b601e131410,
Billed Duration for Request 77c8b1e1-cbe6-48a6-a9a0-6b601e131410: 517 ms
Input: 5500000,
Cold Start: false
Unique ID: c3d60b99-db4c-42ac-be19-d73db03b97e4,
Billed Duration for Request c3d60b99-db4c-42ac-be19-d73db03b97e4: 521 ms
Input: 5500000,
Cold Start: false
Unique ID: f6685298-4308-4ef5-8c74-64a84e1d4c23,
Billed Duration for Request f6685298-4308-4ef5-8c74-64a84e1d4c23: 547 ms
Input: 5500000,
Cold Start: false
Unique ID: 15504d6b-62e1-4eea-af34-5975ceae41cb,
Billed Duration for Request 15504d6b-62e1-4eea-af34-5975ceae41cb: 560 ms
Input: 5500000,
Cold Start: false
Unique ID: 00ba31f9-406b-4ae7-adb1-9f77e894e726,
Billed Duration for Request 00ba31f9-406b-4ae7-adb1-9f77e894e726: 548 ms
Input: 5500000,
Cold Start: false
Unique ID: b763720d-ed47-45f2-a57b-2b3d64434368,
Billed Duration for Request b763720d-ed47-45f2-a57b-2b3d64434368: 524 ms
Input: 5500000,
Cold Start: false
Unique ID: 562d64f2-96dc-442a-ac6d-f836a651e3e5,
Billed Duration for Request 562d64f2-96dc-442a-ac6d-f836a651e3e5: 525 ms
Input: 5500000,
Cold Start: false
Unique ID: bde1cc99-38cd-4eab-8397-2ba40b6494fa,
Billed Duration for Request bde1cc99-38cd-4eab-8397-2ba40b6494fa: 553 ms
Input: 5500000,
Cold Start: false
Unique ID: 942cff08-a142-4bb1-b280-c04ae36a2aaf,
Billed Duration for Request 942cff08-a142-4bb1-b280-c04ae36a2aaf: 562 ms
Input: 5500000,
Cold Start: false
Unique ID: 69646f12-a44e-4d48-bbaf-fa302f8b310b,
Billed Duration for Request 69646f12-a44e-4d48-bbaf-fa302f8b310b: 545 ms
Input: 5500000,
Cold Start: false
Unique ID: 163c2f09-ca07-4c47-bfe4-5680027dacda,
Billed Duration for Request 163c2f09-ca07-4c47-bfe4-5680027dacda: 519 ms
Input: 5500000,
Cold Start: false
Unique ID: b58d6716-6231-4f3c-bc7d-f9acc559982b,
Billed Duration for Request b58d6716-6231-4f3c-bc7d-f9acc559982b: 526 ms
Input: 5500000,
Cold Start: false
Unique ID: 6a401324-4c88-4da4-baf2-7099ee4f85b2,
Billed Duration for Request 6a401324-4c88-4da4-baf2-7099ee4f85b2: 545 ms
Input: 5500000,
Cold Start: false
Unique ID: 5d92ab95-aa6a-4303-ad2c-40f8ab1d72da,
Billed Duration for Request 5d92ab95-aa6a-4303-ad2c-40f8ab1d72da: 559 ms
Input: 5500000,
Cold Start: false
Unique ID: 39325167-8ec4-4943-957b-158dbd6c1cda,
Billed Duration for Request 39325167-8ec4-4943-957b-158dbd6c1cda: 561 ms
Input: 5500000,
Cold Start: false
Unique ID: e9fadf67-e3d9-4d39-a3a8-bcedc0488835,
Billed Duration for Request e9fadf67-e3d9-4d39-a3a8-bcedc0488835: 515 ms
Input: 5500000,
Cold Start: false
Unique ID: c46d0548-454f-45a5-87fd-b2e8c4249e61,
Billed Duration for Request c46d0548-454f-45a5-87fd-b2e8c4249e61: 548 ms
Input: 5500000,
Cold Start: false
Unique ID: 8466cf57-c01d-436d-8b23-0c09f759d860,
Billed Duration for Request 8466cf57-c01d-436d-8b23-0c09f759d860: 519 ms
Input: 5500000,
Cold Start: false
Unique ID: 103c4137-2d5b-4cc2-9e45-a0fa0ca626b8,
Billed Duration for Request 103c4137-2d5b-4cc2-9e45-a0fa0ca626b8: 562 ms
Input: 5500000,
Cold Start: false
Unique ID: 2050c0af-9800-4e58-b0ca-ee35792c1bcc,
Billed Duration for Request 2050c0af-9800-4e58-b0ca-ee35792c1bcc: 560 ms
Input: 5500000,
Cold Start: false
Unique ID: 0bcd88fe-93d9-4989-92cd-c5b5ef922ec9,
Billed Duration for Request 0bcd88fe-93d9-4989-92cd-c5b5ef922ec9: 524 ms
Input: 5500000,
Cold Start: false
Unique ID: 8a5f7914-f1bc-415e-b62d-8e4ec9f25908,
Billed Duration for Request 8a5f7914-f1bc-415e-b62d-8e4ec9f25908: 526 ms
Input: 5500000,
Cold Start: false
Unique ID: 7df26b68-3272-42d9-8984-b7766b94fcea,
Billed Duration for Request 7df26b68-3272-42d9-8984-b7766b94fcea: 565 ms
Input: 5500000,
Cold Start: false
Unique ID: b5a50422-1c30-4dbe-b9ff-e960bdb67e91,
Billed Duration for Request b5a50422-1c30-4dbe-b9ff-e960bdb67e91: 559 ms
Input: 5500000,
Cold Start: false
Unique ID: 9e6d7d08-b33d-4a5f-b4dc-28924591b5ce,
Billed Duration for Request 9e6d7d08-b33d-4a5f-b4dc-28924591b5ce: 563 ms
Input: 5500000,
Cold Start: false
Unique ID: b28b7fb1-2865-44f4-94d0-0a04940d10f2,
Billed Duration for Request b28b7fb1-2865-44f4-94d0-0a04940d10f2: 511 ms
Input: 5500000,
Cold Start: false
Unique ID: ed25a59e-c1b2-46af-a63f-83b4e0d81af6,
Billed Duration for Request ed25a59e-c1b2-46af-a63f-83b4e0d81af6: 526 ms
Input: 5500000,
Cold Start: false
Unique ID: b6a4ae0b-2604-464e-9212-588a4e13fda3,
Billed Duration for Request b6a4ae0b-2604-464e-9212-588a4e13fda3: 551 ms
Input: 5500000,
Cold Start: false
Unique ID: 3edc6280-aea3-4ca1-97b4-5b5d6e457720,
Billed Duration for Request 3edc6280-aea3-4ca1-97b4-5b5d6e457720: 549 ms
Input: 5500000,
Cold Start: false
Unique ID: b750867d-ec94-4a43-8668-6d4250f54f3c,
Billed Duration for Request b750867d-ec94-4a43-8668-6d4250f54f3c: 539 ms
Input: 5500000,
Cold Start: false
Unique ID: 9d75361a-1681-47f7-a0db-c2ca9162ea08,
Billed Duration for Request 9d75361a-1681-47f7-a0db-c2ca9162ea08: 516 ms
Input: 5500000,
Cold Start: false
Unique ID: cbde0558-af5a-46a0-b3e5-f59ce9bef54d,
Billed Duration for Request cbde0558-af5a-46a0-b3e5-f59ce9bef54d: 524 ms
Input: 5500000,
Cold Start: false
Unique ID: 72e9670b-e818-426a-b92f-2dcf602137d0,
Billed Duration for Request 72e9670b-e818-426a-b92f-2dcf602137d0: 544 ms
Input: 5500000,
Cold Start: false
Unique ID: 913bc325-d688-4acc-910b-423ad4dd3c81,
Billed Duration for Request 913bc325-d688-4acc-910b-423ad4dd3c81: 544 ms
Input: 5500000,
Cold Start: false
Unique ID: de72e833-82cc-4616-9f01-eab671bbce40,
Billed Duration for Request de72e833-82cc-4616-9f01-eab671bbce40: 559 ms
Input: 5500000,
Cold Start: false
Unique ID: b4573d81-326a-4dd0-9eef-fb2fa7e0af26,
Billed Duration for Request b4573d81-326a-4dd0-9eef-fb2fa7e0af26: 524 ms
Input: 5500000,
Cold Start: false
Unique ID: 684ec333-71b2-4bfe-b697-aa5b23022c12,
Billed Duration for Request 684ec333-71b2-4bfe-b697-aa5b23022c12: 524 ms
Input: 5500000,
Cold Start: false
Unique ID: 23533f2a-2edb-44ee-85fc-3d0863a9098c,
Billed Duration for Request 23533f2a-2edb-44ee-85fc-3d0863a9098c: 552 ms
Input: 5500000,
Cold Start: false
Unique ID: 75b20299-ef57-476b-bd4b-6294b7568cfc,
Billed Duration for Request 75b20299-ef57-476b-bd4b-6294b7568cfc: 562 ms
Input: 5500000,
Cold Start: false
Unique ID: 919860b2-b14c-46bb-abcf-bcf3b27e146f,
Billed Duration for Request 919860b2-b14c-46bb-abcf-bcf3b27e146f: 559 ms
Input: 5500000,
Cold Start: false
Unique ID: 4123500f-9902-4d92-9f93-ceb015ca0c40,
Billed Duration for Request 4123500f-9902-4d92-9f93-ceb015ca0c40: 528 ms
Input: 5500000,
Cold Start: false
Unique ID: f58c71cd-f281-4e22-9ea7-d0bc7fabbb21,
Billed Duration for Request f58c71cd-f281-4e22-9ea7-d0bc7fabbb21: 523 ms
Input: 5500000,
Cold Start: false
Unique ID: fdf63cc5-1db1-4c7b-854b-ae76413b1b2d,
Billed Duration for Request fdf63cc5-1db1-4c7b-854b-ae76413b1b2d: 542 ms
Input: 5500000,
Cold Start: false
Unique ID: 2644fddd-b7c1-4c8f-8ea4-ae831ae98739,
Billed Duration for Request 2644fddd-b7c1-4c8f-8ea4-ae831ae98739: 541 ms
Input: 5500000,
Cold Start: false
Unique ID: 9aef3efd-0e58-4724-ac64-8f7385e9a333,
Billed Duration for Request 9aef3efd-0e58-4724-ac64-8f7385e9a333: 558 ms
Input: 5500000,
Cold Start: false
Unique ID: 4d26414e-9d9b-4e6d-a346-c84453b8e135,
Billed Duration for Request 4d26414e-9d9b-4e6d-a346-c84453b8e135: 518 ms
Input: 5500000,
Cold Start: false
Unique ID: 8b10c62f-d6f8-4cc3-98d2-e8fead846e5d,
Billed Duration for Request 8b10c62f-d6f8-4cc3-98d2-e8fead846e5d: 515 ms
Input: 5500000,
Cold Start: false
Unique ID: 5758f072-6e0a-415c-b214-6fa88b455836,
Billed Duration for Request 5758f072-6e0a-415c-b214-6fa88b455836: 550 ms
Input: 5500000,
Cold Start: false
Unique ID: 05a804e1-78bd-4107-80dd-fd3d6a03e33d,
Billed Duration for Request 05a804e1-78bd-4107-80dd-fd3d6a03e33d: 562 ms
Input: 5500000,
Cold Start: false
Unique ID: f82bef1d-e628-49c5-b50f-95a17ccb81de,
Billed Duration for Request f82bef1d-e628-49c5-b50f-95a17ccb81de: 552 ms
Input: 5500000,
Cold Start: false
Unique ID: b2ffb0d3-1981-430f-9238-c3b3575d3928,
Billed Duration for Request b2ffb0d3-1981-430f-9238-c3b3575d3928: 516 ms
Input: 5500000,
Cold Start: false
Unique ID: c9268bf9-4a84-465a-a4a5-6a26ddbca62e,
Billed Duration for Request c9268bf9-4a84-465a-a4a5-6a26ddbca62e: 521 ms
Input: 5500000,
Cold Start: false
Unique ID: 3d571877-1611-41d0-8cc4-039cc794a18e,
Billed Duration for Request 3d571877-1611-41d0-8cc4-039cc794a18e: 548 ms
Input: 5500000,
Cold Start: false
Unique ID: 27eb59a2-404d-4c45-98df-79e0b0145a3b,
Billed Duration for Request 27eb59a2-404d-4c45-98df-79e0b0145a3b: 545 ms
Input: 5500000,
Cold Start: false
Unique ID: 8302cc7b-9c45-4e21-947f-9d23411c2902,
Billed Duration for Request 8302cc7b-9c45-4e21-947f-9d23411c2902: 559 ms
Input: 5500000,
Cold Start: false
Unique ID: a757723a-ed9d-41d0-bd00-e239e6916dfd,
Billed Duration for Request a757723a-ed9d-41d0-bd00-e239e6916dfd: 521 ms
Input: 5500000,
Cold Start: false
Unique ID: ecd3ccae-9eba-4e70-b02d-d0cce650a1ca,
Billed Duration for Request ecd3ccae-9eba-4e70-b02d-d0cce650a1ca: 525 ms
Input: 5500000,
Cold Start: false
Unique ID: 907ccf18-bd45-45ca-ab36-06d4ed209fd1,
Billed Duration for Request 907ccf18-bd45-45ca-ab36-06d4ed209fd1: 552 ms
Input: 5500000,
Cold Start: false
Unique ID: 289057a9-a005-4c65-84b6-f3c1f970e134,
Billed Duration for Request 289057a9-a005-4c65-84b6-f3c1f970e134: 556 ms
Input: 5500000,
Cold Start: false
Unique ID: c631f424-01eb-4032-beb1-4672fddaa58a,
Billed Duration for Request c631f424-01eb-4032-beb1-4672fddaa58a: 545 ms
Input: 5500000,
Cold Start: false
Unique ID: 9c56220c-64e1-448b-97c4-f546505dd16b,
Billed Duration for Request 9c56220c-64e1-448b-97c4-f546505dd16b: 515 ms
Input: 5500000,
Cold Start: false
Unique ID: b1d76cbf-4547-4416-ab0a-cd9eb23d0fdb,
Billed Duration for Request b1d76cbf-4547-4416-ab0a-cd9eb23d0fdb: 524 ms
Input: 5500000,
Cold Start: false
Unique ID: b391e379-709f-45fa-b5bd-27f7f2556bca,
Billed Duration for Request b391e379-709f-45fa-b5bd-27f7f2556bca: 565 ms
Input: 5500000,
Cold Start: false
Unique ID: 8acff604-0c4a-4790-ab3e-432245294a77,
Billed Duration for Request 8acff604-0c4a-4790-ab3e-432245294a77: 548 ms
Input: 5500000,
Cold Start: false
Unique ID: da8145a8-15c2-4554-976c-9b9604b3afcc,
Billed Duration for Request da8145a8-15c2-4554-976c-9b9604b3afcc: 551 ms
Input: 5500000,
Cold Start: false
Unique ID: ae520466-86ec-4bd5-82e0-ff20b35b9a95,
Billed Duration for Request ae520466-86ec-4bd5-82e0-ff20b35b9a95: 520 ms
Input: 5500000,
Cold Start: false
Unique ID: 22f6edbd-dce2-4da9-8cd3-61f7a8f3d7a8,
Billed Duration for Request 22f6edbd-dce2-4da9-8cd3-61f7a8f3d7a8: 510 ms
Input: 5500000,
Cold Start: false
Unique ID: f6000ec6-941d-40ac-939a-56752dcf9f59,
Billed Duration for Request f6000ec6-941d-40ac-939a-56752dcf9f59: 557 ms
Input: 5500000,
Cold Start: false
Unique ID: f51973d9-c802-4809-8cf0-eac1b62fadbe,
Billed Duration for Request f51973d9-c802-4809-8cf0-eac1b62fadbe: 563 ms
Input: 5500000,
Cold Start: false
Unique ID: 1ce0ca7d-abe4-42fd-ae24-271fed6208a0,
Billed Duration for Request 1ce0ca7d-abe4-42fd-ae24-271fed6208a0: 561 ms
Input: 5500000,
Cold Start: false
Unique ID: bf2d1bea-5152-4b6b-8313-4a29e7327cbf,
Billed Duration for Request bf2d1bea-5152-4b6b-8313-4a29e7327cbf: 516 ms
Input: 5500000,
Cold Start: false
Unique ID: 7b5ce2d2-eef3-4a59-a520-d1e33e501faa,
Billed Duration for Request 7b5ce2d2-eef3-4a59-a520-d1e33e501faa: 526 ms
Input: 5500000,
Cold Start: false
Unique ID: 4c4f1316-1d1d-485c-836b-8ff0bf20aa38,
Billed Duration for Request 4c4f1316-1d1d-485c-836b-8ff0bf20aa38: 549 ms
Input: 5500000,
Cold Start: false
Unique ID: 0d1d7e5e-d546-4b68-b3b8-952897cd9905,
Billed Duration for Request 0d1d7e5e-d546-4b68-b3b8-952897cd9905: 559 ms
Input: 5500000,
Cold Start: false
Unique ID: 342e6c91-4a1d-45c8-bb57-7287ba565012,
Billed Duration for Request 342e6c91-4a1d-45c8-bb57-7287ba565012: 547 ms
Input: 5500000,
Cold Start: false
Unique ID: c2ea9a93-476f-4ffc-afac-0f56a2c193f0,
Billed Duration for Request c2ea9a93-476f-4ffc-afac-0f56a2c193f0: 520 ms
Input: 5500000,
Cold Start: false
Unique ID: 237c287d-02a1-4d36-9b13-a2330caa26de,
Billed Duration for Request 237c287d-02a1-4d36-9b13-a2330caa26de: 516 ms
Input: 5500000,
Cold Start: false
Unique ID: 7b60bbe8-a359-4a8e-a126-92f4622fdabd,
Billed Duration for Request 7b60bbe8-a359-4a8e-a126-92f4622fdabd: 554 ms
Input: 5500000,
Cold Start: false
Unique ID: 7345a6fe-1016-403f-85bf-e9b2e94d1416,
Billed Duration for Request 7345a6fe-1016-403f-85bf-e9b2e94d1416: 561 ms
Input: 5500000,
Cold Start: false
Unique ID: 983203e5-bb98-4423-bfb3-f43abc4b9f80,
Billed Duration for Request 983203e5-bb98-4423-bfb3-f43abc4b9f80: 540 ms
Input: 5500000,
Cold Start: false
Unique ID: c2abe0ce-5c9e-4227-9d39-c7eaa960215b,
Billed Duration for Request c2abe0ce-5c9e-4227-9d39-c7eaa960215b: 516 ms
Input: 5500000,
Cold Start: false
Unique ID: 5e67a15d-dab7-4e08-98e8-e48edb7b5dd8,
Billed Duration for Request 5e67a15d-dab7-4e08-98e8-e48edb7b5dd8: 524 ms
Input: 5500000,
Cold Start: false
Unique ID: aeeabd85-a334-404b-b7b7-4633e36dcaa7,
Billed Duration for Request aeeabd85-a334-404b-b7b7-4633e36dcaa7: 547 ms
Input: 5500000,
Cold Start: false
Unique ID: ebbbe200-e1b7-43b9-82a8-5079eb8e3fa4,
Billed Duration for Request ebbbe200-e1b7-43b9-82a8-5079eb8e3fa4: 541 ms
Input: 5500000,
Cold Start: false
Unique ID: fc84741d-9f07-4896-8d91-c3657c3c7f8f,
Billed Duration for Request fc84741d-9f07-4896-8d91-c3657c3c7f8f: 547 ms
Input: 5500000,
Cold Start: false
Unique ID: cf991e16-d04a-442b-8944-a9ddd724031c,
Billed Duration for Request cf991e16-d04a-442b-8944-a9ddd724031c: 511 ms
Input: 5500000,
Cold Start: false
Unique ID: 3e15c796-aacf-4ab9-a8a3-6397878c7a30,
Billed Duration for Request 3e15c796-aacf-4ab9-a8a3-6397878c7a30: 529 ms
Input: 5500000,
Cold Start: false
Unique ID: 28098bc1-1bbd-4668-8335-fe3894f8c8fc,
Billed Duration for Request 28098bc1-1bbd-4668-8335-fe3894f8c8fc: 556 ms
Input: 5500000,
Cold Start: false
Unique ID: 41861943-a57d-4a0a-9579-27b412320f6c,
Billed Duration for Request 41861943-a57d-4a0a-9579-27b412320f6c: 560 ms
Input: 5500000,
Cold Start: false
Unique ID: 49f40aac-7c3f-4e37-a59e-2a645528b0ef,
Billed Duration for Request 49f40aac-7c3f-4e37-a59e-2a645528b0ef: 549 ms
Input: 5500000,
Cold Start: false
Unique ID: afb7f58f-ded6-428e-9830-6890f1e41c43,
Billed Duration for Request afb7f58f-ded6-428e-9830-6890f1e41c43: 514 ms
Input: 5500000,
Cold Start: false
Unique ID: b3063505-3010-4477-ac1a-52ac475480cf,
Billed Duration for Request b3063505-3010-4477-ac1a-52ac475480cf: 526 ms
Input: 5500000,
Cold Start: false
Unique ID: 26a90306-14a1-41d4-aa94-beead9edf62b,
Billed Duration for Request 26a90306-14a1-41d4-aa94-beead9edf62b: 561 ms
Input: 5500000,
Cold Start: false
Unique ID: cd050efe-682b-4132-aa92-5c811fd74414,
Billed Duration for Request cd050efe-682b-4132-aa92-5c811fd74414: 559 ms
Input: 5500000,
Cold Start: false
Unique ID: 509a990a-4ea2-4424-a180-514bfe647e30,
Billed Duration for Request 509a990a-4ea2-4424-a180-514bfe647e30: 558 ms
Input: 5500000,
Cold Start: false
Unique ID: 62d56cf0-af7a-409c-a540-46be9bfecf04,
Billed Duration for Request 62d56cf0-af7a-409c-a540-46be9bfecf04: 522 ms
Input: 5500000,
Cold Start: false
Unique ID: 6ef43b80-87e3-4156-abb9-9bd13abd37f8,
Billed Duration for Request 6ef43b80-87e3-4156-abb9-9bd13abd37f8: 529 ms
Input: 5500000,
Cold Start: false
Unique ID: 87b7ee5e-1fdf-423a-8bc7-e019576fc816,
Billed Duration for Request 87b7ee5e-1fdf-423a-8bc7-e019576fc816: 553 ms
Input: 5500000,
Cold Start: false
Unique ID: 37de2ccb-09a7-4cc5-97c5-0762cb061f5f,
Billed Duration for Request 37de2ccb-09a7-4cc5-97c5-0762cb061f5f: 557 ms
Input: 5500000,
Cold Start: false
Unique ID: f76b68dc-4efd-4b21-8e45-bfaa53056159,
Billed Duration for Request f76b68dc-4efd-4b21-8e45-bfaa53056159: 541 ms
Input: 5500000,
Cold Start: false
Unique ID: 0eb9a9df-06ff-41a7-89db-37818406ef80,
Billed Duration for Request 0eb9a9df-06ff-41a7-89db-37818406ef80: 527 ms
Input: 5500000,
Cold Start: false
Unique ID: a8d430fc-58cd-44b1-887b-ad3b6571e7e0,
Billed Duration for Request a8d430fc-58cd-44b1-887b-ad3b6571e7e0: 523 ms
Input: 5500000,
Cold Start: false
Unique ID: 526cf49c-b2f0-4a81-93f1-b8c3ee16fdf2,
Billed Duration for Request 526cf49c-b2f0-4a81-93f1-b8c3ee16fdf2: 545 ms
Input: 5500000,
Cold Start: false
Unique ID: 6d89145f-22f9-4736-859e-7bf1511bcef6,
Billed Duration for Request 6d89145f-22f9-4736-859e-7bf1511bcef6: 543 ms
Input: 5500000,
Cold Start: false
Unique ID: 35b704f2-73e5-4385-a889-5dee7c9ebf0d,
Billed Duration for Request 35b704f2-73e5-4385-a889-5dee7c9ebf0d: 548 ms
Input: 5500000,
Cold Start: false
Unique ID: f4f9d722-7711-4a1b-8de9-ce8d6b1842cf,
Billed Duration for Request f4f9d722-7711-4a1b-8de9-ce8d6b1842cf: 526 ms
Input: 5500000,
Cold Start: false
Unique ID: fb11bff5-f027-4a78-a153-e54ae9a4e800,
Billed Duration for Request fb11bff5-f027-4a78-a153-e54ae9a4e800: 528 ms
Input: 5500000,
Cold Start: false
Unique ID: eb0ccce7-4623-4707-999d-138ef62632bd,
Billed Duration for Request eb0ccce7-4623-4707-999d-138ef62632bd: 547 ms
Input: 5500000,
Cold Start: false
Unique ID: f9711353-f9af-40a1-98ef-e9750adf4f02,
Billed Duration for Request f9711353-f9af-40a1-98ef-e9750adf4f02: 544 ms
Input: 5500000,
Cold Start: false
Unique ID: ee427bee-76de-4d18-8fc2-705b97b26625,
Billed Duration for Request ee427bee-76de-4d18-8fc2-705b97b26625: 539 ms
Input: 5500000,
Cold Start: false
Unique ID: 250ddba0-e639-4ddd-8585-240e17318722,
Billed Duration for Request 250ddba0-e639-4ddd-8585-240e17318722: 520 ms
Input: 5500000,
Cold Start: false
Unique ID: 9fed4bfd-f5e2-46cc-99ad-a3c4d7c29a9b,
Billed Duration for Request 9fed4bfd-f5e2-46cc-99ad-a3c4d7c29a9b: 527 ms
Input: 5500000,
Cold Start: false
Unique ID: 29028a91-83ba-4033-8ab9-494042055994,
Billed Duration for Request 29028a91-83ba-4033-8ab9-494042055994: 547 ms
Input: 5500000,
Cold Start: false
Unique ID: 63f9f365-9410-4331-b1f0-ad8126529670,
Billed Duration for Request 63f9f365-9410-4331-b1f0-ad8126529670: 536 ms
Input: 5500000,
Cold Start: false
Unique ID: 4b6931a1-6cc0-408c-9ec9-4ee0301ca354,
Billed Duration for Request 4b6931a1-6cc0-408c-9ec9-4ee0301ca354: 566 ms
Input: 5500000,
Cold Start: false
Unique ID: 67d327d9-18a6-47ad-88d7-bfd77d32a589,
Billed Duration for Request 67d327d9-18a6-47ad-88d7-bfd77d32a589: 520 ms
Input: 5500000,
Cold Start: false
Unique ID: aa64afe1-9604-4660-82b1-643ca6df4e6d,
Billed Duration for Request aa64afe1-9604-4660-82b1-643ca6df4e6d: 513 ms
Input: 5500000,
Cold Start: false
Unique ID: 67436b61-2638-435c-99ce-31c7786a0945,
Billed Duration for Request 67436b61-2638-435c-99ce-31c7786a0945: 555 ms
Input: 5500000,
Cold Start: false
Unique ID: fd687797-11fa-4026-aaf1-485e92ce1b58,
Billed Duration for Request fd687797-11fa-4026-aaf1-485e92ce1b58: 560 ms
Input: 5500000,
Cold Start: false
Unique ID: fe1de634-c475-4adb-a59d-5ecd96c7906f,
Billed Duration for Request fe1de634-c475-4adb-a59d-5ecd96c7906f: 541 ms
Input: 5500000,
Cold Start: false
Unique ID: 194ddbe5-635d-4b4e-8fca-96cbd2dd6377,
Billed Duration for Request 194ddbe5-635d-4b4e-8fca-96cbd2dd6377: 510 ms
Input: 5500000,
Cold Start: false
