Direct 95% Percentile CI Width,39.94101375381916
Direct 95% Percentile CI Lower Bound,-17.86743515850144
Direct 95% Percentile CI Upper Bound,22.073578595317723

Bootstrap 95% Percentile CI Width,0.30303030303030304
Bootstrap 95% Percentile CI Lower Bound,0.0
Bootstrap 95% Percentile CI Upper Bound,0.30303030303030304

Percentage Difference (%)
-31.16531165311653
-27.989821882951656
-27.70448548812665
-27.540106951871657
-27.24867724867725
-27.176781002638524
-26.229508196721312
-26.208651399491096
-26.038781163434905
-25.99009900990099
-25.945945945945947
-25.72944297082228
-25.13368983957219
-25.0
-25.0
-24.93438320209974
-24.861878453038674
-24.739583333333336
-24.581005586592177
-24.444444444444443
-24.30939226519337
-24.250681198910083
-24.15730337078652
-24.10958904109589
-24.089635854341736
-24.0
-23.961661341853034
-23.88888888888889
-23.876404494382022
-23.714285714285715
-23.607427055702917
-23.595505617977526
-23.545706371191137
-23.545706371191137
-23.52941176470588
-23.380281690140844
-23.35164835164835
-23.342175066312997
-23.140495867768596
-23.119777158774372
-23.076923076923077
-23.076923076923077
-23.015873015873016
-23.011363636363637
-22.832369942196532
-22.79202279202279
-22.727272727272727
-22.691292875989447
-22.65193370165746
-22.636103151862464
-22.57217847769029
-22.5
-22.465753424657535
-22.437673130193904
-22.408963585434176
-22.408963585434176
-22.404371584699454
-22.379603399433428
-22.35294117647059
-22.285714285714285
-22.25130890052356
-22.22222222222222
-22.193211488250654
-22.162162162162165
-22.15909090909091
-22.099447513812155
-22.070844686648503
-22.00557103064067
-21.965317919075144
-21.902017291066283
-21.808510638297875
-21.798365122615802
-21.763085399449036
-21.67630057803468
-21.666666666666668
-21.614583333333336
-21.563342318059302
-21.553884711779446
-21.487603305785125
-21.470588235294116
-21.467391304347828
-21.447721179624665
-21.428571428571427
-21.428571428571427
-21.428571428571427
-21.428571428571427
-21.391752577319586
-21.35135135135135
-21.34831460674157
-21.329639889196674
-21.329639889196674
-21.288515406162464
-21.288515406162464
-21.2707182320442
-21.25340599455041
-21.22905027932961
-21.21212121212121
-21.09826589595376
-20.99125364431487
-20.977011494252874
-20.943952802359885
-20.9366391184573
-20.91152815013405
-20.903954802259886
-20.903954802259886
-20.857142857142858
-20.82191780821918
-20.760233918128655
-20.760233918128655
-20.718232044198896
-20.708446866485016
-20.63953488372093
-20.63953488372093
-20.588235294117645
-20.54794520547945
-20.51282051282051
-20.51282051282051
-20.47872340425532
-20.46783625730994
-20.46783625730994
-20.32520325203252
-20.32085561497326
-20.308483290488432
-20.22792022792023
-20.224719101123593
-20.172910662824208
-20.108695652173914
-20.058139534883722
-20.056497175141246
-20.050125313283207
-20.0
-20.0
-19.94459833795014
-19.942196531791907
-19.891008174386922
-19.891008174386922
-19.839142091152816
-19.832402234636874
-19.82758620689655
-19.825072886297377
-19.77715877437326
-19.726027397260275
-19.642857142857142
-19.596541786743515
-19.596541786743515
-19.584569732937684
-19.5822454308094
-19.57831325301205
-19.565217391304348
-19.565217391304348
-19.55922865013774
-19.498607242339833
-19.491525423728813
-19.469026548672566
-19.411764705882355
-19.398907103825135
-19.36416184971098
-19.35483870967742
-19.327731092436977
-19.30835734870317
-19.293478260869566
-19.287833827893174
-19.28374655647383
-19.273743016759777
-19.24198250728863
-19.166666666666668
-19.154929577464788
-19.130434782608695
-19.11764705882353
-19.07514450867052
-19.03409090909091
-19.03409090909091
-19.010416666666664
-18.94150417827298
-18.904109589041095
-18.88888888888889
-18.87905604719764
-18.87323943661972
-18.852459016393443
-18.814432989690722
-18.80597014925373
-18.803418803418804
-18.766756032171582
-18.732782369146005
-18.73198847262248
-18.69918699186992
-18.69688385269122
-18.69688385269122
-18.681318681318682
-18.63013698630137
-18.6046511627907
-18.6046511627907
-18.597560975609756
-18.586387434554975
-18.559556786703602
-18.55072463768116
-18.51851851851852
-18.507462686567163
-18.435754189944134
-18.413597733711047
-18.39080459770115
-18.39080459770115
-18.39080459770115
-18.39080459770115
-18.373493975903614
-18.373493975903614
-18.31831831831832
-18.30985915492958
-18.282548476454295
-18.282548476454295
-18.27956989247312
-18.263473053892216
-18.235294117647058
-18.233618233618234
-18.23204419889503
-18.23204419889503
-18.20809248554913
-18.207282913165265
-18.206521739130434
-18.181818181818183
-18.181818181818183
-18.157181571815716
-18.157181571815716
-18.154761904761905
-18.133333333333333
-18.105849582172702
-18.103448275862068
-18.098159509202453
-18.085106382978726
-18.085106382978726
-18.085106382978726
-18.059299191374663
-18.059299191374663
-18.055555555555554
-18.05157593123209
-18.0327868852459
-18.028169014084508
-18.023255813953487
-18.005540166204987
-17.99410029498525
-17.983651226158038
-17.94871794871795
-17.941176470588236
-17.934782608695652
-17.933130699088146
-17.92207792207792
-17.894736842105264
-17.888563049853374
-17.877094972067038
-17.86743515850144
-17.857142857142858
-17.847025495750707
-17.83783783783784
-17.819148936170212
-17.81609195402299
-17.77777777777778
-17.74647887323944
-17.72853185595568
-17.71428571428571
-17.71428571428571
-17.71117166212534
-17.696629213483146
-17.692307692307693
-17.682926829268293
-17.678100263852244
-17.647058823529413
-17.63005780346821
-17.62917933130699
-17.579250720461097
-17.579250720461097
-17.575757575757574
-17.575757575757574
-17.548746518105848
-17.522658610271904
-17.50741839762611
-17.50741839762611
-17.50741839762611
-17.50663129973475
-17.5
-17.478510028653297
-17.473118279569892
-17.46031746031746
-17.46031746031746
-17.451523545706372
-17.43869209809264
-17.417417417417415
-17.415730337078653
-17.403314917127073
-17.391304347826086
-17.366946778711483
-17.365269461077844
-17.341040462427745
-17.329545454545457
-17.325227963525837
-17.29106628242075
-17.29106628242075
-17.270194986072422
-17.270194986072422
-17.24137931034483
-17.24137931034483
-17.24137931034483
-17.232375979112273
-17.231638418079097
-17.22222222222222
-17.220543806646525
-17.21311475409836
-17.195767195767196
-17.191977077363894
-17.191977077363894
-17.183098591549296
-17.166212534059948
-17.166212534059948
-17.134831460674157
-17.119565217391305
-17.065868263473057
-17.045454545454543
-17.039106145251395
-17.032967032967033
-17.032967032967033
-17.027027027027028
-17.02127659574468
-17.010309278350515
-16.997167138810198
-16.976127320954905
-16.95906432748538
-16.954022988505745
-16.923076923076923
-16.91842900302115
-16.909620991253643
-16.909620991253643
-16.9054441260745
-16.897506925207757
-16.886543535620053
-16.87116564417178
-16.867469879518072
-16.86046511627907
-16.853932584269664
-16.853932584269664
-16.85082872928177
-16.85082872928177
-16.822429906542055
-16.822429906542055
-16.81159420289855
-16.802168021680217
-16.766467065868262
-16.766467065868262
-16.76300578034682
-16.76300578034682
-16.716417910447763
-16.714697406340058
-16.71232876712329
-16.711590296495956
-16.666666666666664
-16.666666666666664
-16.666666666666664
-16.61807580174927
-16.61721068249258
-16.61631419939577
-16.615384615384617
-16.615384615384617
-16.57608695652174
-16.574585635359114
-16.57142857142857
-16.56804733727811
-16.53333333333333
-16.53116531165312
-16.528925619834713
-16.5266106442577
-16.516516516516518
-16.477272727272727
-16.470588235294116
-16.470588235294116
-16.46706586826347
-16.46706586826347
-16.463414634146343
-16.463414634146343
-16.445623342175068
-16.442048517520217
-16.434540389972145
-16.43059490084986
-16.397849462365592
-16.39344262295082
-16.374269005847953
-16.36904761904762
-16.343490304709142
-16.3265306122449
-16.3265306122449
-16.31016042780749
-16.307692307692307
-16.292134831460675
-16.28571428571429
-16.272189349112427
-16.272189349112427
-16.266666666666666
-16.265060240963855
-16.265060240963855
-16.257668711656443
-16.246498599439775
-16.246498599439775
-16.23931623931624
-16.231884057971012
-16.231884057971012
-16.224188790560472
-16.208791208791208
-16.207951070336392
-16.184971098265898
-16.184971098265898
-16.176470588235293
-16.16766467065868
-16.158536585365855
-16.138328530259365
-16.120218579234972
-16.11111111111111
-16.101694915254235
-16.101694915254235
-16.091954022988507
-16.08187134502924
-16.071428571428573
-16.06648199445983
-16.06648199445983
-16.060606060606062
-16.060606060606062
-16.05263157894737
-16.045845272206304
-16.045845272206304
-16.0427807486631
-16.034985422740526
-16.034985422740526
-16.034985422740526
-16.023738872403563
-16.023738872403563
-16.022099447513813
-16.020671834625322
-16.012084592145015
-16.0
-15.989159891598916
-15.989159891598916
-15.976331360946746
-15.976331360946746
-15.966386554621847
-15.966386554621847
-15.966386554621847
-15.963855421686745
-15.950920245398773
-15.942028985507244
-15.937499999999998
-15.937499999999998
-15.934065934065933
-15.921787709497206
-15.921787709497206
-15.921787709497206
-15.915119363395224
-15.909090909090908
-15.909090909090908
-15.902964959568733
-15.902964959568733
-15.902140672782874
-15.895953757225435
-15.890410958904111
-15.87743732590529
-15.87743732590529
-15.86021505376344
-15.85014409221902
-15.835777126099707
-15.833333333333332
-15.8311345646438
-15.803814713896458
-15.789473684210526
-15.789473684210526
-15.789473684210526
-15.789473684210526
-15.789473684210526
-15.789473684210526
-15.759312320916905
-15.759312320916905
-15.743440233236154
-15.743440233236154
-15.730337078651685
-15.727002967359049
-15.714285714285714
-15.714285714285714
-15.680473372781064
-15.675675675675677
-15.675675675675677
-15.65217391304348
-15.64245810055866
-15.625
-15.606936416184972
-15.606936416184972
-15.606936416184972
-15.598885793871867
-15.591397849462366
-15.588235294117647
-15.57632398753894
-15.561959654178676
-15.555555555555555
-15.555555555555555
-15.542521994134898
-15.527950310559005
-15.517241379310345
-15.517241379310345
-15.501519756838904
-15.489130434782608
-15.476190476190476
-15.457413249211358
-15.454545454545453
-15.451895043731778
-15.447154471544716
-15.432098765432098
-15.43026706231454
-15.43026706231454
-15.426997245179063
-15.426997245179063
-15.407854984894259
-15.406976744186046
-15.384615384615385
-15.384615384615385
-15.339233038348082
-15.337423312883436
-15.32033426183844
-15.31791907514451
-15.300546448087433
-15.29745042492918
-15.294117647058824
-15.294117647058824
-15.29051987767584
-15.273775216138327
-15.273775216138327
-15.273775216138327
-15.263157894736842
-15.258855585831062
-15.254237288135593
-15.249266862170089
-15.24390243902439
-15.23545706371191
-15.23545706371191
-15.229885057471265
-15.223097112860891
-15.19756838905775
-15.18624641833811
-15.18624641833811
-15.178571428571427
-15.168539325842698
-15.159574468085108
-15.151515151515152
-15.135135135135137
-15.126050420168067
-15.126050420168067
-15.123456790123457
-15.11627906976744
-15.105740181268882
-15.0997150997151
-15.088757396449704
-15.083798882681565
-15.083798882681565
-15.076923076923077
-15.028901734104046
-15.028901734104046
-15.027322404371585
-15.0
-15.0
-15.0
-15.0
-14.985590778097983
-14.984709480122325
-14.958448753462603
-14.942528735632186
-14.929577464788732
-14.899713467048711
-14.880952380952381
-14.87603305785124
-14.87603305785124
-14.84848484848485
-14.836795252225517
-14.835164835164836
-14.826498422712934
-14.826498422712934
-14.825581395348838
-14.814814814814813
-14.814814814814813
-14.814814814814813
-14.814814814814813
-14.804469273743019
-14.804469273743019
-14.804469273743019
-14.792899408284024
-14.792899408284024
-14.792899408284024
-14.78494623655914
-14.782608695652174
-14.782608695652174
-14.779874213836477
-14.772727272727273
-14.739884393063585
-14.733542319749215
-14.714714714714713
-14.713896457765669
-14.705882352941178
-14.705882352941178
-14.705882352941178
-14.697406340057636
-14.697406340057636
-14.6875
-14.681440443213297
-14.673913043478262
-14.673913043478262
-14.67065868263473
-14.66275659824047
-14.66275659824047
-14.66275659824047
-14.655172413793101
-14.647887323943662
-14.634146341463413
-14.634146341463413
-14.626865671641792
-14.619883040935672
-14.619883040935672
-14.619883040935672
-14.606741573033707
-14.596273291925465
-14.577259475218659
-14.560439560439562
-14.560439560439562
-14.556962025316455
-14.545454545454545
-14.532019704433496
-14.529914529914532
-14.511041009463725
-14.501510574018129
-14.492753623188406
-14.488636363636365
-14.48087431693989
-14.457831325301203
-14.450867052023122
-14.43850267379679
-14.417177914110429
-14.414414414414415
-14.411764705882351
-14.409221902017292
-14.40443213296399
-14.374999999999998
-14.374999999999998
-14.37308868501529
-14.369501466275661
-14.367816091954023
-14.367816091954023
-14.366197183098592
-14.327485380116958
-14.325842696629213
-14.285714285714285
-14.285714285714285
-14.285714285714285
-14.246575342465754
-14.24581005586592
-14.244186046511627
-14.243323442136498
-14.243323442136498
-14.241486068111456
-14.202898550724639
-14.201183431952662
-14.201183431952662
-14.19939577039275
-14.171122994652407
-14.168937329700274
-14.166666666666666
-14.15929203539823
-14.15929203539823
-14.156626506024098
-14.153846153846153
-14.153846153846153
-14.153846153846153
-14.127423822714682
-14.127423822714682
-14.121037463976945
-14.106583072100312
-14.092140921409213
-14.076246334310852
-14.071856287425149
-14.049586776859504
-14.046822742474916
-14.04494382022472
-14.029850746268657
-14.018691588785046
-14.016172506738545
-14.012738853503185
-14.005602240896359
-13.988095238095239
-13.988095238095239
-13.975155279503104
-13.966480446927374
-13.966480446927374
-13.96011396011396
-13.953488372093023
-13.94736842105263
-13.94658753709199
-13.94658753709199
-13.94658753709199
-13.94658753709199
-13.934426229508196
-13.934426229508196
-13.934426229508196
-13.92757660167131
-13.92757660167131
-13.924050632911392
-13.920454545454545
-13.91304347826087
-13.905325443786982
-13.897280966767372
-13.88888888888889
-13.88888888888889
-13.88888888888889
-13.864306784660767
-13.864306784660767
-13.858695652173914
-13.855421686746988
-13.855421686746988
-13.850415512465375
-13.841807909604519
-13.838120104438643
-13.836477987421384
-13.826366559485532
-13.813813813813812
-13.813813813813812
-13.793103448275861
-13.783783783783784
-13.78299120234604
-13.774104683195592
-13.77245508982036
-13.753581661891118
-13.742690058479532
-13.740458015267176
-13.738019169329075
-13.736263736263737
-13.730569948186528
-13.720316622691293
-13.709677419354838
-13.709677419354838
-13.702623906705538
-13.702623906705538
-13.687150837988826
-13.687150837988826
-13.677811550151976
-13.672922252010725
-13.649025069637883
-13.649025069637883
-13.636363636363635
-13.636363636363635
-13.622291021671826
-13.61111111111111
-13.609467455621301
-13.609467455621301
-13.609467455621301
-13.586956521739129
-13.586956521739129
-13.583815028901732
-13.583815028901732
-13.583815028901732
-13.583815028901732
-13.580246913580247
-13.573407202216067
-13.569321533923304
-13.564668769716087
-13.559322033898304
-13.550135501355012
-13.548387096774196
-13.544668587896252
-13.544668587896252
-13.535911602209943
-13.535911602209943
-13.535911602209943
-13.535911602209943
-13.521126760563378
-13.513513513513514
-13.498622589531681
-13.48973607038123
-13.479623824451412
-13.461538461538462
-13.455657492354739
-13.455657492354739
-13.450292397660817
-13.445378151260504
-13.445378151260504
-13.445378151260504
-13.432835820895523
-13.428571428571429
-13.424657534246576
-13.414634146341465
-13.40782122905028
-13.395638629283487
-13.392857142857142
-13.392857142857142
-13.392857142857142
-13.37386018237082
-13.372093023255813
-13.370473537604457
-13.368983957219251
-13.353115727002967
-13.353115727002967
-13.352272727272727
-13.333333333333334
-13.333333333333334
-13.333333333333334
-13.31521739130435
-13.312693498452013
-13.297872340425531
-13.29639889196676
-13.29639889196676
-13.294797687861271
-13.291139240506327
-13.28125
-13.274336283185843
-13.259668508287293
-13.253012048192772
-13.239436619718308
-13.23529411764706
-13.223140495867769
-13.223140495867769
-13.218390804597702
-13.213213213213212
-13.213213213213212
-13.192612137203167
-13.186813186813188
-13.17365269461078
-13.165266106442578
-13.157894736842104
-13.142857142857142
-13.142857142857142
-13.141025641025642
-13.141025641025642
-13.134328358208954
-13.128491620111731
-13.119533527696792
-13.119533527696792
-13.119533527696792
-13.114754098360656
-13.114754098360656
-13.109756097560975
-13.105413105413104
-13.095238095238097
-13.08139534883721
-13.068181818181818
-13.056379821958458
-13.055555555555557
-13.055555555555557
-13.043478260869565
-13.043478260869565
-13.043478260869565
-13.031161473087819
-13.031161473087819
-13.030303030303031
-13.030303030303031
-13.017751479289942
-13.015873015873018
-13.008130081300814
-13.008130081300814
-13.008130081300814
-13.005780346820808
-13.005780346820808
-12.9973474801061
-12.990936555891238
-12.974683544303797
-12.974683544303797
-12.974683544303797
-12.968299711815561
-12.968299711815561
-12.951807228915662
-12.951807228915662
-12.951807228915662
-12.947658402203857
-12.947658402203857
-12.941176470588237
-12.941176470588237
-12.921348314606742
-12.912912912912914
-12.912912912912914
-12.912912912912914
-12.903225806451612
-12.893982808022923
-12.883435582822086
-12.883435582822086
-12.865497076023392
-12.861736334405144
-12.857142857142856
-12.852664576802509
-12.849162011173185
-12.849162011173185
-12.835820895522387
-12.835820895522387
-12.82051282051282
-12.82051282051282
-12.813370473537605
-12.804878048780488
-12.804878048780488
-12.790697674418606
-12.790697674418606
-12.781954887218044
-12.779552715654951
-12.779552715654951
-12.777777777777777
-12.777777777777777
-12.77258566978193
-12.77258566978193
-12.76595744680851
-12.76595744680851
-12.76595744680851
-12.759643916913946
-12.759643916913946
-12.753623188405797
-12.747875354107649
-12.747875354107649
-12.742382271468145
-12.742382271468145
-12.737127371273713
-12.732919254658384
-12.73209549071618
-12.716763005780345
-12.711864406779661
-12.70718232044199
-12.688821752265861
-12.688821752265861
-12.688821752265861
-12.688821752265861
-12.688821752265861
-12.676056338028168
-12.676056338028168
-12.672176308539946
-12.672176308539946
-12.654320987654321
-12.647058823529411
-12.647058823529411
-12.640449438202248
-12.631578947368421
-12.618296529968454
-12.612612612612612
-12.605042016806722
-12.602739726027398
-12.602739726027398
-12.602739726027398
-12.600536193029491
-12.576687116564417
-12.574850299401197
-12.574850299401197
-12.573099415204677
-12.573099415204677
-12.571428571428573
-12.540192926045016
-12.539184952978054
-12.538226299694188
-12.538226299694188
-12.538226299694188
-12.538226299694188
-12.538226299694188
-12.538226299694188
-12.53731343283582
-12.535612535612536
-12.534059945504087
-12.532637075718014
-12.5
-12.5
-12.5
-12.5
-12.5
-12.464589235127479
-12.46376811594203
-12.462908011869436
-12.462908011869436
-12.462908011869436
-12.462006079027356
-12.462006079027356
-12.435233160621761
-12.432432432432433
-12.427745664739884
-12.42603550295858
-12.42603550295858
-12.424242424242424
-12.424242424242424
-12.422360248447205
-12.396694214876034
-12.396694214876034
-12.394366197183098
-12.389380530973451
-12.389380530973451
-12.389380530973451
-12.386706948640484
-12.386706948640484
-12.38390092879257
-12.365591397849462
-12.359550561797752
-12.352941176470589
-12.349397590361445
-12.32876712328767
-12.32876712328767
-12.316715542521994
-12.312312312312311
-12.307692307692308
-12.307692307692308
-12.307692307692308
-12.307692307692308
-12.307692307692308
-12.302839116719243
-12.297734627831716
-12.295081967213115
-12.290502793296088
-12.285714285714286
-12.275449101796406
-12.275449101796406
-12.269938650306749
-12.258064516129032
-12.256267409470752
-12.250712250712251
-12.250712250712251
-12.250712250712251
-12.238805970149254
-12.238805970149254
-12.232415902140673
-12.232415902140673
-12.228260869565217
-12.215909090909092
-12.215909090909092
-12.215909090909092
-12.215909090909092
-12.215909090909092
-12.209302325581394
-12.202380952380953
-12.18836565096953
-12.181303116147308
-12.158054711246201
-12.154696132596685
-12.140575079872203
-12.138728323699421
-12.121212121212121
-12.121212121212121
-12.121212121212121
-12.112676056338028
-12.094395280235988
-12.094395280235988
-12.094395280235988
-12.094395280235988
-12.084592145015106
-12.07865168539326
-12.07865168539326
-12.074303405572756
-12.074303405572756
-12.068965517241379
-12.068965517241379
-12.063492063492063
-12.058823529411764
-12.044817927170868
-12.025316455696203
-12.021857923497267
-12.012987012987013
-12.012987012987013
-12.011173184357542
-12.011173184357542
-12.0
-11.987381703470032
-11.977715877437326
-11.976047904191617
-11.965811965811966
-11.956521739130435
-11.956521739130435
-11.9533527696793
-11.9533527696793
-11.944444444444445
-11.944444444444445
-11.931818181818182
-11.931818181818182
-11.926605504587156
-11.926605504587156
-11.924119241192411
-11.911357340720222
-11.911357340720222
-11.904761904761903
-11.890243902439025
-11.890243902439025
-11.890243902439025
-11.884057971014492
-11.884057971014492
-11.878453038674033
-11.875
-11.869436201780417
-11.869436201780417
-11.864406779661017
-11.864406779661017
-11.864406779661017
-11.855670103092782
-11.854103343465045
-11.849710982658959
-11.838006230529595
-11.838006230529595
-11.834319526627219
-11.821086261980831
-11.815561959654179
-11.813186813186812
-11.809045226130653
-11.809045226130653
-11.801242236024844
-11.799410029498524
-11.799410029498524
-11.782477341389729
-11.781609195402298
-11.78082191780822
-11.76470588235294
-11.76470588235294
-11.76470588235294
-11.76470588235294
-11.748633879781421
-11.74785100286533
-11.74785100286533
-11.74698795180723
-11.74698795180723
-11.74698795180723
-11.746031746031745
-11.731843575418994
-11.731843575418994
-11.728395061728394
-11.728395061728394
-11.716621253405995
-11.711711711711711
-11.711711711711711
-11.699164345403899
-11.688311688311687
-11.684782608695652
-11.676646706586826
-11.67192429022082
-11.661807580174926
-11.661807580174926
-11.65644171779141
-11.65644171779141
-11.653116531165312
-11.647727272727272
-11.641791044776118
-11.627906976744185
-11.614730878186968
-11.612903225806452
-11.607142857142858
-11.607142857142858
-11.602209944751381
-11.602209944751381
-11.598746081504702
-11.594202898550725
-11.594202898550725
-11.585365853658537
-11.5625
-11.5625
-11.560693641618498
-11.560693641618498
-11.560693641618498
-11.559139784946236
-11.549295774647888
-11.549295774647888
-11.549295774647888
-11.538461538461538
-11.528150134048257
-11.526479750778815
-11.51685393258427
-11.51685393258427
-11.515151515151516
-11.515151515151516
-11.504424778761061
-11.504424778761061
-11.501597444089457
-11.475409836065573
-11.475409836065573
-11.470588235294118
-11.470588235294118
-11.461318051575931
-11.461318051575931
-11.455108359133128
-11.452513966480447
-11.437908496732026
-11.436950146627565
-11.428571428571429
-11.419753086419753
-11.411411411411411
-11.396011396011396
-11.38888888888889
-11.38888888888889
-11.384615384615385
-11.384615384615385
-11.384615384615385
-11.384615384615385
-11.377245508982035
-11.377245508982035
-11.363636363636363
-11.363636363636363
-11.363636363636363
-11.363636363636363
-11.363636363636363
-11.349693251533742
-11.349693251533742
-11.349693251533742
-11.343283582089553
-11.343283582089553
-11.337209302325581
-11.32596685082873
-11.32596685082873
-11.320754716981133
-11.304347826086957
-11.304347826086957
-11.29032258064516
-11.271676300578035
-11.271676300578035
-11.271676300578035
-11.271676300578035
-11.271676300578035
-11.271676300578035
-11.267605633802818
-11.26005361930295
-11.254019292604502
-11.25
-11.246200607902736
-11.246200607902736
-11.246200607902736
-11.242603550295858
-11.242603550295858
-11.239193083573488
-11.239193083573488
-11.235955056179774
-11.232876712328768
-11.232876712328768
-11.217948717948719
-11.214953271028037
-11.209439528023598
-11.209439528023598
-11.209439528023598
-11.206896551724139
-11.197916666666668
-11.180124223602485
-11.178247734138973
-11.176470588235295
-11.1731843575419
-11.1731843575419
-11.1731843575419
-11.1731843575419
-11.1731843575419
-11.146496815286625
-11.144578313253012
-11.142857142857142
-11.141304347826086
-11.141304347826086
-11.11111111111111
-11.11111111111111
-11.11111111111111
-11.11111111111111
-11.11111111111111
-11.080332409972298
-11.079545454545455
-11.079545454545455
-11.078717201166182
-11.078717201166182
-11.077844311377245
-11.076923076923077
-11.076923076923077
-11.076923076923077
-11.05121293800539
-11.049723756906078
-11.049723756906078
-11.048158640226628
-11.046511627906977
-11.044776119402986
-11.042944785276074
-11.042944785276074
-11.042944785276074
-11.041009463722396
-11.019283746556475
-11.019283746556475
-11.016949152542372
-11.016949152542372
-11.014492753623188
-11.011904761904761
-11.0062893081761
-11.0062893081761
-11.003236245954692
-10.989010989010989
-10.989010989010989
-10.989010989010989
-10.985915492957748
-10.982658959537572
-10.982658959537572
-10.982658959537572
-10.979228486646884
-10.975609756097562
-10.9717868338558
-10.967741935483872
-10.955056179775282
-10.951008645533141
-10.951008645533141
-10.94224924012158
-10.94224924012158
-10.94224924012158
-10.9375
-10.932475884244374
-10.92436974789916
-10.92436974789916
-10.919540229885058
-10.919540229885058
-10.914454277286136
-10.909090909090908
-10.893854748603351
-10.888252148997136
-10.888252148997136
-10.888252148997136
-10.888252148997136
-10.888252148997136
-10.882352941176471
-10.869565217391305
-10.869565217391305
-10.86350974930362
-10.86350974930362
-10.86261980830671
-10.86261980830671
-10.86261980830671
-10.857142857142858
-10.855263157894738
-10.850439882697946
-10.850439882697946
-10.843373493975903
-10.840108401084011
-10.8359133126935
-10.818713450292398
-10.818713450292398
-10.817941952506596
-10.81081081081081
-10.81081081081081
-10.81081081081081
-10.80332409972299
-10.80332409972299
-10.802469135802468
-10.787172011661808
-10.787172011661808
-10.784313725490197
-10.773480662983426
-10.773480662983426
-10.76923076923077
-10.759493670886076
-10.755813953488373
-10.743801652892563
-10.725552050473187
-10.725552050473187
-10.714285714285714
-10.714285714285714
-10.704225352112676
-10.69364161849711
-10.69182389937107
-10.682492581602373
-10.682492581602373
-10.674157303370785
-10.662824207492795
-10.662824207492795
-10.662824207492795
-10.650887573964498
-10.64516129032258
-10.644257703081232
-10.644257703081232
-10.638297872340425
-10.610079575596817
-10.606060606060606
-10.601719197707736
-10.601719197707736
-10.601719197707736
-10.597826086956522
-10.59190031152648
-10.59190031152648
-10.588235294117647
-10.574018126888216
-10.574018126888216
-10.574018126888216
-10.571428571428571
-10.559006211180124
-10.559006211180124
-10.559006211180124
-10.557184750733137
-10.555555555555555
-10.555555555555555
-10.555555555555555
-10.542168674698797
-10.541310541310542
-10.54054054054054
-10.526315789473683
-10.526315789473683
-10.526315789473683
-10.526315789473683
-10.526315789473683
-10.511363636363637
-10.493827160493826
-10.493827160493826
-10.493827160493826
-10.493827160493826
-10.48158640226629
-10.48158640226629
-10.479041916167663
-10.465116279069768
-10.465116279069768
-10.461538461538462
-10.451977401129943
-10.434782608695652
-10.422535211267606
-10.422535211267606
-10.416666666666668
-10.416666666666668
-10.410094637223976
-10.404624277456648
-10.404624277456648
-10.404624277456648
-10.397553516819572
-10.397553516819572
-10.397553516819572
-10.393258426966293
-10.393258426966293
-10.38961038961039
-10.385756676557865
-10.385756676557865
-10.382513661202186
-10.37463976945245
-10.365853658536585
-10.365853658536585
-10.364145658263306
-10.364145658263306
-10.364145658263306
-10.355029585798817
-10.355029585798817
-10.344827586206897
-10.344827586206897
-10.344827586206897
-10.33434650455927
-10.33434650455927
-10.326086956521738
-10.32448377581121
-10.32448377581121
-10.32448377581121
-10.32448377581121
-10.3125
-10.3125
-10.3125
-10.3125
-10.299003322259136
-10.29810298102981
-10.294117647058822
-10.294117647058822
-10.289389067524116
-10.285714285714285
-10.285714285714285
-10.285714285714285
-10.285714285714285
-10.285714285714285
-10.2803738317757
-10.2803738317757
-10.277777777777777
-10.277777777777777
-10.263929618768328
-10.263929618768328
-10.263157894736842
-10.249307479224377
-10.248447204968944
-10.240963855421686
-10.21671826625387
-10.21505376344086
-10.21021021021021
-10.204081632653061
-10.197368421052632
-10.185185185185185
-10.179640718562874
-10.179640718562874
-10.179640718562874
-10.179640718562874
-10.174418604651162
-10.16949152542373
-10.16949152542373
-10.163934426229508
-10.153846153846153
-10.149253731343283
-10.144927536231885
-10.140845070422536
-10.130718954248366
-10.130718954248366
-10.126582278481013
-10.122699386503067
-10.10928961748634
-10.1010101010101
-10.089020771513352
-10.062893081761008
-10.060975609756099
-10.059171597633137
-10.059171597633137
-10.057471264367816
-10.057471264367816
-10.057471264367816
-10.05586592178771
-10.030395136778116
-10.029498525073747
-10.029498525073747
-10.029498525073747
-10.028653295128938
-10.028653295128938
-10.0
-10.0
-10.0
-10.0
-10.0
-10.0
-9.970674486803519
-9.969788519637463
-9.968847352024921
-9.968847352024921
-9.967845659163988
-9.947643979057592
-9.943181818181818
-9.941520467836257
-9.941520467836257
-9.941520467836257
-9.941520467836257
-9.917355371900827
-9.912536443148689
-9.90990990990991
-9.90990990990991
-9.907120743034056
-9.887005649717514
-9.887005649717514
-9.883720930232558
-9.883720930232558
-9.883720930232558
-9.880239520958083
-9.880239520958083
-9.880239520958083
-9.876543209876543
-9.863013698630137
-9.863013698630137
-9.859154929577464
-9.850746268656717
-9.850746268656717
-9.846153846153847
-9.846153846153847
-9.846153846153847
-9.846153846153847
-9.840425531914894
-9.836065573770492
-9.836065573770492
-9.826589595375722
-9.826589595375722
-9.821428571428571
-9.821428571428571
-9.815950920245399
-9.81012658227848
-9.81012658227848
-9.803921568627452
-9.803921568627452
-9.803921568627452
-9.798270893371757
-9.792284866468842
-9.792284866468842
-9.792284866468842
-9.785932721712538
-9.785932721712538
-9.785932721712538
-9.770114942528735
-9.770114942528735
-9.763313609467456
-9.763313609467456
-9.763313609467456
-9.763313609467456
-9.762532981530343
-9.75609756097561
-9.75609756097561
-9.75609756097561
-9.75609756097561
-9.748427672955975
-9.742120343839542
-9.740259740259742
-9.736842105263158
-9.734513274336283
-9.734513274336283
-9.72644376899696
-9.72644376899696
-9.717868338557993
-9.714285714285714
-9.714285714285714
-9.714285714285714
-9.705882352941178
-9.696969696969697
-9.696969696969697
-9.695290858725762
-9.6875
-9.6875
-9.6875
-9.6875
-9.686609686609685
-9.686609686609685
-9.686609686609685
-9.667673716012084
-9.666666666666666
-9.657320872274143
-9.649122807017543
-9.649122807017543
-9.641873278236915
-9.631728045325778
-9.627329192546584
-9.627329192546584
-9.62566844919786
-9.620991253644315
-9.615384615384617
-9.615384615384617
-9.60960960960961
-9.597523219814242
-9.593023255813954
-9.593023255813954
-9.593023255813954
-9.580838323353294
-9.580838323353294
-9.580838323353294
-9.5679012345679
-9.565217391304348
-9.565217391304348
-9.554140127388536
-9.554140127388536
-9.554140127388536
-9.55223880597015
-9.539473684210527
-9.538461538461538
-9.53757225433526
-9.53757225433526
-9.536784741144414
-9.523809523809524
-9.523809523809524
-9.523809523809524
-9.523809523809524
-9.523809523809524
-9.510086455331413
-9.509202453987731
-9.509202453987731
-9.497206703910614
-9.495548961424333
-9.49367088607595
-9.49367088607595
-9.49367088607595
-9.480122324159021
-9.480122324159021
-9.480122324159021
-9.480122324159021
-9.467455621301776
-9.46372239747634
-9.455587392550143
-9.455587392550143
-9.451219512195122
-9.446254071661238
-9.444444444444445
-9.444444444444445
-9.43952802359882
-9.433962264150944
-9.433962264150944
-9.433962264150944
-9.428571428571429
-9.428571428571429
-9.428571428571429
-9.428571428571429
-9.422492401215806
-9.418282548476455
-9.414758269720101
-9.411764705882353
-9.404388714733543
-9.404388714733543
-9.392265193370166
-9.392265193370166
-9.3841642228739
-9.3841642228739
-9.3841642228739
-9.3841642228739
-9.375
-9.375
-9.375
-9.366391184573002
-9.365558912386707
-9.365558912386707
-9.35672514619883
-9.35672514619883
-9.35672514619883
-9.35483870967742
-9.34844192634561
-9.34844192634561
-9.345794392523365
-9.345794392523365
-9.340659340659341
-9.340659340659341
-9.33734939759036
-9.33734939759036
-9.33734939759036
-9.329446064139942
-9.329446064139942
-9.32475884244373
-9.322033898305085
-9.322033898305085
-9.316770186335404
-9.316770186335404
-9.316770186335404
-9.30930930930931
-9.308510638297872
-9.30232558139535
-9.295774647887324
-9.294871794871796
-9.294871794871796
-9.289617486338798
-9.287925696594428
-9.281437125748502
-9.25925925925926
-9.253731343283581
-9.24092409240924
-9.24092409240924
-9.235668789808917
-9.230769230769232
-9.226190476190476
-9.226190476190476
-9.226190476190476
-9.221902017291066
-9.217877094972067
-9.217877094972067
-9.210526315789473
-9.206349206349207
-9.206349206349207
-9.206349206349207
-9.202453987730062
-9.202453987730062
-9.198813056379821
-9.198813056379821
-9.198813056379821
-9.195402298850574
-9.192200557103064
-9.180327868852459
-9.174311926605505
-9.171597633136095
-9.164420485175203
-9.14826498422713
-9.146341463414634
-9.146341463414634
-9.144542772861357
-9.144542772861357
-9.142857142857142
-9.142857142857142
-9.141274238227147
-9.121621621621621
-9.120521172638437
-9.119496855345911
-9.118541033434651
-9.117647058823529
-9.117647058823529
-9.116809116809117
-9.090909090909092
-9.090909090909092
-9.090909090909092
-9.090909090909092
-9.090909090909092
-9.090909090909092
-9.090909090909092
-9.090909090909092
-9.090909090909092
-9.06515580736544
-9.06515580736544
-9.064327485380117
-9.064327485380117
-9.064327485380117
-9.06344410876133
-9.06344410876133
-9.0625
-9.036144578313253
-9.034267912772584
-9.03010033444816
-9.01639344262295
-9.011627906976743
-9.006211180124224
-8.991825613079019
-8.98876404494382
-8.985507246376812
-8.985507246376812
-8.982035928143713
-8.978328173374612
-8.96358543417367
-8.96358543417367
-8.959537572254336
-8.959537572254336
-8.955223880597014
-8.955223880597014
-8.950617283950617
-8.945686900958465
-8.938547486033519
-8.938547486033519
-8.93371757925072
-8.93371757925072
-8.923076923076923
-8.923076923076923
-8.913649025069638
-8.908045977011495
-8.908045977011495
-8.895705521472392
-8.895705521472392
-8.88888888888889
-8.882521489971348
-8.882521489971348
-8.875739644970414
-8.875739644970414
-8.875739644970414
-8.860759493670885
-8.860759493670885
-8.857142857142856
-8.849557522123893
-8.841463414634147
-8.841463414634147
-8.831908831908832
-8.831908831908832
-8.823529411764707
-8.823529411764707
-8.823529411764707
-8.823529411764707
-8.823529411764707
-8.823529411764707
-8.823529411764707
-8.823529411764707
-8.823529411764707
-8.797653958944283
-8.797653958944283
-8.787878787878787
-8.787878787878787
-8.77742946708464
-8.77742946708464
-8.771929824561402
-8.771929824561402
-8.771929824561402
-8.761329305135952
-8.761329305135952
-8.757062146892656
-8.757062146892656
-8.75
-8.75
-8.746355685131196
-8.746355685131196
-8.743169398907105
-8.743169398907105
-8.737864077669903
-8.734939759036145
-8.734939759036145
-8.732394366197182
-8.722741433021806
-8.720930232558139
-8.720930232558139
-8.709677419354838
-8.708708708708707
-8.708708708708707
-8.708708708708707
-8.708708708708707
-8.707865168539326
-8.707865168539326
-8.707865168539326
-8.695652173913043
-8.695652173913043
-8.695652173913043
-8.695652173913043
-8.683473389355742
-8.683473389355742
-8.682634730538922
-8.681672025723474
-8.673469387755102
-8.670520231213873
-8.670520231213873
-8.670520231213873
-8.666666666666668
-8.656716417910449
-8.653846153846153
-8.650519031141869
-8.645533141210375
-8.645533141210375
-8.641975308641975
-8.641975308641975
-8.641975308641975
-8.641975308641975
-8.635097493036211
-8.635097493036211
-8.630952380952381
-8.626198083067091
-8.626198083067091
-8.626198083067091
-8.620689655172415
-8.620689655172415
-8.615384615384615
-8.595988538681947
-8.588957055214724
-8.588957055214724
-8.587257617728532
-8.579881656804734
-8.579881656804734
-8.579881656804734
-8.571428571428571
-8.571428571428571
-8.571428571428571
-8.56269113149847
-8.561643835616438
-8.55457227138643
-8.55457227138643
-8.55457227138643
-8.547008547008547
-8.544303797468354
-8.536585365853659
-8.536585365853659
-8.536585365853659
-8.529411764705882
-8.529411764705882
-8.529411764705882
-8.524590163934425
-8.522727272727272
-8.517350157728707
-8.51063829787234
-8.504398826979472
-8.49056603773585
-8.484848484848486
-8.484848484848486
-8.484848484848486
-8.47953216374269
-8.47457627118644
-8.47457627118644
-8.47457627118644
-8.463949843260188
-8.459214501510575
-8.450704225352112
-8.446866485013624
-8.441558441558442
-8.4375
-8.433734939759036
-8.433734939759036
-8.433734939759036
-8.430232558139535
-8.430232558139535
-8.430232558139535
-8.430232558139535
-8.408408408408409
-8.408408408408409
-8.405797101449275
-8.405797101449275
-8.403361344537815
-8.403361344537815
-8.401084010840108
-8.401084010840108
-8.38709677419355
-8.38150289017341
-8.379888268156424
-8.360128617363344
-8.359133126934983
-8.357348703170029
-8.357348703170029
-8.357348703170029
-8.356545961002785
-8.356545961002785
-8.333333333333332
-8.333333333333332
-8.333333333333332
-8.333333333333332
-8.333333333333332
-8.333333333333332
-8.333333333333332
-8.333333333333332
-8.333333333333332
-8.310249307479225
-8.30945558739255
-8.30860534124629
-8.30860534124629
-8.307692307692308
-8.285714285714285
-8.284023668639055
-8.282208588957054
-8.282208588957054
-8.282208588957054
-8.282208588957054
-8.280254777070063
-8.280254777070063
-8.280254777070063
-8.27814569536424
-8.264462809917356
-8.262108262108262
-8.262108262108262
-8.259587020648967
-8.259587020648967
-8.256880733944955
-8.256880733944955
-8.253968253968253
-8.253968253968253
-8.253968253968253
-8.253968253968253
-8.238636363636363
-8.238636363636363
-8.238636363636363
-8.238636363636363
-8.238636363636363
-8.231707317073171
-8.231707317073171
-8.227848101265822
-8.227848101265822
-8.223684210526317
-8.21917808219178
-8.21529745042493
-8.21529745042493
-8.206686930091186
-8.19112627986348
-8.187134502923977
-8.187134502923977
-8.181818181818182
-8.181818181818182
-8.176100628930817
-8.176100628930817
-8.169014084507042
-8.16326530612245
-8.16326530612245
-8.16326530612245
-8.150470219435736
-8.150470219435736
-8.150470219435736
-8.143322475570033
-8.13953488372093
-8.13953488372093
-8.132530120481928
-8.132530120481928
-8.100558659217876
-8.09968847352025
-8.092485549132949
-8.090614886731391
-8.074534161490684
-8.074534161490684
-8.069164265129682
-8.064516129032258
-8.055555555555555
-8.055555555555555
-8.055555555555555
-8.055555555555555
-8.053691275167784
-8.04953560371517
-8.045977011494253
-8.038585209003216
-8.035714285714286
-8.024691358024691
-8.022922636103152
-8.022922636103152
-8.012820512820513
-8.011869436201781
-8.011869436201781
-8.0
-8.0
-7.988980716253444
-7.988980716253444
-7.988980716253444
-7.988165680473373
-7.987220447284344
-7.975460122699387
-7.964601769911504
-7.961783439490445
-7.961783439490445
-7.954545454545454
-7.954545454545454
-7.951070336391437
-7.951070336391437
-7.951070336391437
-7.9470198675496695
-7.9470198675496695
-7.941176470588235
-7.941176470588235
-7.941176470588235
-7.941176470588235
-7.936507936507936
-7.936507936507936
-7.932011331444759
-7.932011331444759
-7.932011331444759
-7.926829268292683
-7.926829268292683
-7.9178885630498534
-7.9178885630498534
-7.909604519774012
-7.90273556231003
-7.90273556231003
-7.90273556231003
-7.90273556231003
-7.901907356948229
-7.894736842105263
-7.886435331230284
-7.878787878787878
-7.871720116618077
-7.871720116618077
-7.865168539325842
-7.861635220125786
-7.861635220125786
-7.8590785907859075
-7.854984894259818
-7.854984894259818
-7.848837209302325
-7.848837209302325
-7.8431372549019605
-7.8431372549019605
-7.836990595611286
-7.83132530120482
-7.82608695652174
-7.82608695652174
-7.82122905027933
-7.82122905027933
-7.82122905027933
-7.81758957654723
-7.8125
-7.8125
-7.8125
-7.807807807807808
-7.807807807807808
-7.807807807807808
-7.803468208092486
-7.803468208092486
-7.803468208092486
-7.7994428969359335
-7.792207792207792
-7.78816199376947
-7.78816199376947
-7.784431137724551
-7.780979827089338
-7.763975155279502
-7.763975155279502
-7.763975155279502
-7.761194029850746
-7.758620689655173
-7.758620689655173
-7.758620689655173
-7.758620689655173
-7.741935483870968
-7.736389684813753
-7.716049382716049
-7.71513353115727
-7.71513353115727
-7.71513353115727
-7.71513353115727
-7.71513353115727
-7.71513353115727
-7.7142857142857135
-7.6923076923076925
-7.6923076923076925
-7.6923076923076925
-7.6923076923076925
-7.671232876712329
-7.670454545454546
-7.669616519174041
-7.668711656441718
-7.668711656441718
-7.667731629392971
-7.64872521246459
-7.64525993883792
-7.643312101910828
-7.638888888888889
-7.627118644067797
-7.624633431085044
-7.624633431085044
-7.624633431085044
-7.6190476190476195
-7.602339181286549
-7.602339181286549
-7.598784194528875
-7.598784194528875
-7.598784194528875
-7.59493670886076
-7.59493670886076
-7.59493670886076
-7.590759075907591
-7.590759075907591
-7.580174927113703
-7.580174927113703
-7.580174927113703
-7.575757575757576
-7.570977917981073
-7.570977917981073
-7.563025210084033
-7.552870090634441
-7.552870090634441
-7.5418994413407825
-7.5418994413407825
-7.5418994413407825
-7.536231884057972
-7.530120481927711
-7.530120481927711
-7.530120481927711
-7.520891364902507
-7.516339869281046
-7.514450867052023
-7.5075075075075075
-7.506702412868632
-7.5
-7.5
-7.5
-7.5
-7.492795389048991
-7.4866310160427805
-7.48502994011976
-7.48502994011976
-7.479224376731302
-7.476635514018691
-7.476635514018691
-7.471264367816093
-7.467532467532467
-7.462686567164178
-7.462686567164178
-7.458563535911603
-7.458563535911603
-7.458563535911603
-7.458563535911603
-7.453416149068323
-7.4498567335243555
-7.4498567335243555
-7.440476190476191
-7.440476190476191
-7.440476190476191
-7.430340557275541
-7.430340557275541
-7.430340557275541
-7.430340557275541
-7.430340557275541
-7.430340557275541
-7.419354838709677
-7.419354838709677
-7.419354838709677
-7.419354838709677
-7.418397626112759
-7.418397626112759
-7.418397626112759
-7.4074074074074066
-7.4074074074074066
-7.4074074074074066
-7.396449704142012
-7.396449704142012
-7.395498392282958
-7.386363636363637
-7.384615384615385
-7.384615384615385
-7.374631268436578
-7.374631268436578
-7.374631268436578
-7.374631268436578
-7.374631268436578
-7.374631268436578
-7.371794871794872
-7.368421052631578
-7.361963190184049
-7.3569482288828345
-7.352941176470589
-7.349081364829396
-7.348242811501597
-7.348242811501597
-7.339449541284404
-7.32484076433121
-7.317073170731707
-7.317073170731707
-7.317073170731707
-7.309941520467836
-7.303370786516854
-7.303370786516854
-7.29483282674772
-7.29483282674772
-7.29483282674772
-7.29483282674772
-7.288629737609329
-7.282913165266107
-7.2784810126582276
-7.2784810126582276
-7.2727272727272725
-7.2727272727272725
-7.262569832402235
-7.255520504731862
-7.255520504731862
-7.255520504731862
-7.255520504731862
-7.255520504731862
-7.255520504731862
-7.250755287009064
-7.250755287009064
-7.246376811594203
-7.246376811594203
-7.232704402515723
-7.228915662650602
-7.225433526011561
-7.222222222222221
-7.222222222222221
-7.210031347962382
-7.210031347962382
-7.210031347962382
-7.207207207207207
-7.207207207207207
-7.204610951008646
-7.204610951008646
-7.202216066481995
-7.18562874251497
-7.18562874251497
-7.18562874251497
-7.18562874251497
-7.183908045977011
-7.183908045977011
-7.167235494880546
-7.167235494880546
-7.166123778501629
-7.166123778501629
-7.166123778501629
-7.165109034267912
-7.164179104477612
-7.164179104477612
-7.142857142857142
-7.142857142857142
-7.122507122507122
-7.121661721068249
-7.121661721068249
-7.121661721068249
-7.121661721068249
-7.119741100323624
-7.119741100323624
-7.105263157894736
-7.103825136612022
-7.1022727272727275
-7.100591715976331
-7.100591715976331
-7.100591715976331
-7.100591715976331
-7.098765432098765
-7.096774193548387
-7.094594594594595
-7.0821529745042495
-7.0821529745042495
-7.079646017699115
-7.079646017699115
-7.076923076923077
-7.07395498392283
-7.07070707070707
-7.062146892655368
-7.0588235294117645
-7.05521472392638
-7.051282051282051
-7.051282051282051
-7.051282051282051
-7.051282051282051
-7.051282051282051
-7.038123167155426
-7.038123167155426
-7.033639143730887
-7.033639143730887
-7.0287539936102235
-7.02247191011236
-7.02247191011236
-7.017543859649122
-7.017543859649122
-7.017543859649122
-7.017543859649122
-7.017543859649122
-7.01219512195122
-7.008086253369273
-7.006369426751593
-7.006369426751593
-6.997084548104956
-6.984126984126984
-6.983240223463687
-6.976744186046512
-6.976744186046512
-6.976744186046512
-6.976744186046512
-6.969696969696971
-6.969696969696971
-6.963788300835655
-6.963788300835655
-6.962025316455696
-6.956521739130435
-6.956521739130435
-6.956521739130435
-6.956521739130435
-6.95364238410596
-6.944444444444445
-6.940063091482649
-6.940063091482649
-6.9364161849710975
-6.9364161849710975
-6.9364161849710975
-6.9364161849710975
-6.9306930693069315
-6.927710843373494
-6.927710843373494
-6.9164265129683
-6.9164265129683
-6.9164265129683
-6.9164265129683
-6.906906906906906
-6.906906906906906
-6.906906906906906
-6.906906906906906
-6.906077348066299
-6.896551724137931
-6.896551724137931
-6.887052341597796
-6.88622754491018
-6.88622754491018
-6.88622754491018
-6.885245901639345
-6.876790830945559
-6.876790830945559
-6.876790830945559
-6.875000000000001
-6.875000000000001
-6.875000000000001
-6.875000000000001
-6.872852233676976
-6.865671641791045
-6.865671641791045
-6.865671641791045
-6.857142857142858
-6.857142857142858
-6.853582554517133
-6.853582554517133
-6.845238095238096
-6.845238095238096
-6.845238095238096
-6.840390879478828
-6.832298136645963
-6.830601092896176
-6.830601092896176
-6.824925816023739
-6.8181818181818175
-6.8181818181818175
-6.8181818181818175
-6.811145510835913
-6.804733727810651
-6.804733727810651
-6.804733727810651
-6.804733727810651
-6.804733727810651
-6.804733727810651
-6.796116504854369
-6.796116504854369
-6.796116504854369
-6.790123456790123
-6.784660766961652
-6.784660766961652
-6.784660766961652
-6.779661016949152
-6.779661016949152
-6.775067750677506
-6.775067750677506
-6.774193548387098
-6.769230769230769
-6.769230769230769
-6.764705882352941
-6.760563380281689
-6.752411575562702
-6.748466257668712
-6.744868035190615
-6.744868035190615
-6.744868035190615
-6.730769230769231
-6.730769230769231
-6.730769230769231
-6.727828746177369
-6.727828746177369
-6.725146198830409
-6.725146198830409
-6.725146198830409
-6.725146198830409
-6.722689075630252
-6.7092651757188495
-6.7092651757188495
-6.707317073170732
-6.707317073170732
-6.707317073170732
-6.707317073170732
-6.705539358600583
-6.705539358600583
-6.705539358600583
-6.70391061452514
-6.687898089171974
-6.68693009118541
-6.686046511627906
-6.685236768802229
-6.685236768802229
-6.685236768802229
-6.666666666666667
-6.666666666666667
-6.666666666666667
-6.666666666666667
-6.666666666666667
-6.6473988439306355
-6.646525679758309
-6.646525679758309
-6.646525679758309
-6.646525679758309
-6.646525679758309
-6.645569620253164
-6.629834254143646
-6.626506024096386
-6.626506024096386
-6.626506024096386
-6.624605678233439
-6.6115702479338845
-6.6115702479338845
-6.609195402298851
-6.609195402298851
-6.606606606606606
-6.606606606606606
-6.60377358490566
-6.59025787965616
-6.58682634730539
-6.58682634730539
-6.583072100313479
-6.575342465753424
-6.567164179104477
-6.5625
-6.5625
-6.5625
-6.557377049180328
-6.552706552706552
-6.547619047619048
-6.547619047619048
-6.547619047619048
-6.5420560747663545
-6.534090909090909
-6.529209621993128
-6.514657980456026
-6.5015479876160995
-6.5015479876160995
-6.5015479876160995
-6.497175141242938
-6.484641638225256
-6.481481481481481
-6.470588235294119
-6.470588235294119
-6.461538461538462
-6.451612903225806
-6.451612903225806
-6.451612903225806
-6.451612903225806
-6.451612903225806
-6.451612903225806
-6.451612903225806
-6.451612903225806
-6.451612903225806
-6.451612903225806
-6.441717791411043
-6.441717791411043
-6.441717791411043
-6.441717791411043
-6.434316353887399
-6.430868167202572
-6.424581005586592
-6.424581005586592
-6.422018348623854
-6.422018348623854
-6.422018348623854
-6.41399416909621
-6.41399416909621
-6.41399416909621
-6.41025641025641
-6.402439024390244
-6.402439024390244
-6.402439024390244
-6.395348837209303
-6.395348837209303
-6.382978723404255
-6.382978723404255
-6.382978723404255
-6.382978723404255
-6.3768115942028984
-6.3768115942028984
-6.3711911357340725
-6.369426751592357
-6.363636363636363
-6.363636363636363
-6.363636363636363
-6.363636363636363
-6.358381502890173
-6.349206349206349
-6.3444108761329305
-6.340057636887608
-6.340057636887608
-6.340057636887608
-6.325301204819277
-6.325301204819277
-6.325301204819277
-6.321839080459771
-6.321839080459771
-6.309148264984227
-6.306306306306306
-6.303724928366762
-6.303724928366762
-6.303724928366762
-6.301369863013699
-6.289308176100629
-6.287425149700598
-6.287425149700598
-6.287425149700598
-6.287425149700598
-6.2857142857142865
-6.2857142857142865
-6.2857142857142865
-6.269592476489027
-6.267806267806268
-6.267806267806268
-6.267806267806268
-6.267029972752043
-6.267029972752043
-6.25
-6.25
-6.25
-6.25
-6.25
-6.25
-6.25
-6.25
-6.25
-6.25
-6.25
-6.25
-6.25
-6.25
-6.25
-6.233062330623306
-6.232294617563739
-6.232294617563739
-6.232294617563739
-6.231454005934718
-6.230529595015576
-6.229508196721312
-6.21301775147929
-6.211180124223603
-6.211180124223603
-6.209150326797386
-6.1946902654867255
-6.1946902654867255
-6.1946902654867255
-6.188925081433225
-6.188925081433225
-6.176470588235294
-6.176470588235294
-6.172839506172839
-6.172839506172839
-6.172839506172839
-6.1688311688311686
-6.158357771260997
-6.158357771260997
-6.158357771260997
-6.153846153846154
-6.153846153846154
-6.153846153846154
-6.148867313915858
-6.148867313915858
-6.140350877192982
-6.134969325153374
-6.134969325153374
-6.128133704735376
-6.128133704735376
-6.116207951070336
-6.111111111111111
-6.109324758842444
-6.109324758842444
-6.109324758842444
-6.104651162790697
-6.104651162790697
-6.104651162790697
-6.104651162790697
-6.104651162790697
-6.097560975609756
-6.097560975609756
-6.097560975609756
-6.097560975609756
-6.097560975609756
-6.097560975609756
-6.094182825484765
-6.094182825484765
-6.094182825484765
-6.089743589743589
-6.089743589743589
-6.086956521739131
-6.086956521739131
-6.079027355623101
-6.079027355623101
-6.070287539936102
-6.070287539936102
-6.0606060606060606
-6.0606060606060606
-6.0606060606060606
-6.0606060606060606
-6.0606060606060606
-6.0606060606060606
-6.0606060606060606
-6.0606060606060606
-6.051873198847262
-6.050955414012739
-6.050955414012739
-6.050955414012739
-6.042296072507553
-6.042296072507553
-6.042296072507553
-6.031746031746032
-6.031746031746032
-6.031746031746032
-6.027397260273973
-6.024096385542169
-6.024096385542169
-6.024096385542169
-6.024096385542169
-6.024096385542169
-6.017191977077363
-6.017191977077363
-6.0109289617486334
-6.006006006006006
-6.006006006006006
-6.0
-6.0
-6.0
-5.994550408719346
-5.994550408719346
-5.993690851735016
-5.993690851735016
-5.9880239520958085
-5.9880239520958085
-5.982905982905983
-5.9748427672955975
-5.965909090909091
-5.965909090909091
-5.952380952380952
-5.952380952380952
-5.952380952380952
-5.9405940594059405
-5.934718100890208
-5.932203389830509
-5.919003115264798
-5.919003115264798
-5.919003115264798
-5.9171597633136095
-5.9171597633136095
-5.9171597633136095
-5.901639344262295
-5.900621118012422
-5.900621118012422
-5.899705014749262
-5.899705014749262
-5.899705014749262
-5.88235294117647
-5.88235294117647
-5.88235294117647
-5.88235294117647
-5.88235294117647
-5.88235294117647
-5.865102639296188
-5.865102639296188
-5.865102639296188
-5.865102639296188
-5.864197530864197
-5.864197530864197
-5.863192182410423
-5.8495821727019495
-5.8495821727019495
-5.847953216374268
-5.846153846153846
-5.846153846153846
-5.844155844155844
-5.844155844155844
-5.833333333333333
-5.830903790087463
-5.828220858895705
-5.828220858895705
-5.828220858895705
-5.828220858895705
-5.828220858895705
-5.828220858895705
-5.828220858895705
-5.825242718446602
-5.825242718446602
-5.813953488372093
-5.813953488372093
-5.813953488372093
-5.81039755351682
-5.806451612903226
-5.801104972375691
-5.801104972375691
-5.797101449275362
-5.7926829268292686
-5.7926829268292686
-5.7926829268292686
-5.7926829268292686
-5.7926829268292686
-5.787781350482315
-5.787781350482315
-5.785123966942149
-5.780346820809249
-5.775075987841945
-5.775075987841945
-5.775075987841945
-5.775075987841945
-5.775075987841945
-5.769230769230769
-5.769230769230769
-5.769230769230769
-5.763688760806916
-5.757575757575758
-5.7507987220447285
-5.7507987220447285
-5.740181268882175
-5.737704918032787
-5.7324840764331215
-5.730659025787966
-5.730659025787966
-5.72289156626506
-5.72289156626506
-5.714285714285714
-5.714285714285714
-5.714285714285714
-5.7057057057057055
-5.7057057057057055
-5.7057057057057055
-5.7057057057057055
-5.698005698005698
-5.698005698005698
-5.698005698005698
-5.698005698005698
-5.688622754491018
-5.688622754491018
-5.688622754491018
-5.681818181818182
-5.681818181818182
-5.681818181818182
-5.681818181818182
-5.678233438485805
-5.6716417910447765
-5.6716417910447765
-5.654761904761905
-5.654761904761905
-5.654761904761905
-5.654761904761905
-5.649717514124294
-5.637982195845697
-5.637982195845697
-5.637982195845697
-5.630026809651475
-5.625
-5.625
-5.621301775147929
-5.617977528089887
-5.614973262032086
-5.6105610561056105
-5.6105610561056105
-5.604719764011799
-5.590062111801243
-5.590062111801243
-5.590062111801243
-5.588235294117648
-5.572755417956656
-5.571847507331378
-5.571847507331378
-5.571847507331378
-5.555555555555555
-5.555555555555555
-5.555555555555555
-5.555555555555555
-5.555555555555555
-5.540166204986149
-5.539358600583091
-5.539358600583091
-5.539358600583091
-5.538461538461538
-5.538461538461538
-5.538461538461538
-5.537459283387622
-5.523255813953488
-5.51948051948052
-5.51948051948052
-5.51948051948052
-5.507246376811594
-5.5045871559633035
-5.5045871559633035
-5.5045871559633035
-5.5045871559633035
-5.5045871559633035
-5.498281786941581
-5.498281786941581
-5.4945054945054945
-5.491329479768786
-5.491329479768786
-5.487804878048781
-5.487804878048781
-5.487804878048781
-5.483870967741936
-5.483870967741936
-5.47945205479452
-5.475504322766571
-5.47112462006079
-5.47112462006079
-5.47112462006079
-5.466237942122187
-5.460750853242321
-5.459770114942529
-5.459770114942529
-5.454545454545454
-5.454545454545454
-5.448717948717949
-5.444126074498568
-5.444126074498568
-5.438066465256798
-5.438066465256798
-5.438066465256798
-5.434782608695652
-5.431309904153355
-5.431309904153355
-5.431309904153355
-5.428571428571429
-5.421686746987952
-5.421686746987952
-5.421686746987952
-5.421686746987952
-5.414012738853503
-5.412371134020619
-5.405405405405405
-5.405405405405405
-5.405405405405405
-5.3977272727272725
-5.3977272727272725
-5.396825396825397
-5.396825396825397
-5.396825396825397
-5.389221556886228
-5.389221556886228
-5.379746835443038
-5.379746835443038
-5.379746835443038
-5.379746835443038
-5.369127516778524
-5.367231638418079
-5.367231638418079
-5.357142857142857
-5.351170568561873
-5.347593582887701
-5.345911949685535
-5.345911949685535
-5.345911949685535
-5.341246290801187
-5.341246290801187
-5.341246290801187
-5.341246290801187
-5.329153605015674
-5.329153605015674
-5.325443786982249
-5.325443786982249
-5.322128851540616
-5.3125
-5.3125
-5.3097345132743365
-5.3097345132743365
-5.3097345132743365
-5.3097345132743365
-5.3097345132743365
-5.307262569832402
-5.298013245033113
-5.294117647058823
-5.2924791086350975
-5.291005291005291
-5.279503105590062
-5.278592375366569
-5.278592375366569
-5.278592375366569
-5.278592375366569
-5.263157894736842
-5.263157894736842
-5.263157894736842
-5.263157894736842
-5.263157894736842
-5.263157894736842
-5.263157894736842
-5.248618784530387
-5.248618784530387
-5.247813411078718
-5.246913580246913
-5.246913580246913
-5.246913580246913
-5.234159779614325
-5.234159779614325
-5.232558139534884
-5.232558139534884
-5.232558139534884
-5.214723926380368
-5.214723926380368
-5.214723926380368
-5.214723926380368
-5.214723926380368
-5.214723926380368
-5.211726384364821
-5.211726384364821
-5.211726384364821
-5.202312138728324
-5.198776758409786
-5.198776758409786
-5.198776758409786
-5.198776758409786
-5.194805194805195
-5.194805194805195
-5.194805194805195
-5.187319884726225
-5.187319884726225
-5.187319884726225
-5.182926829268292
-5.182926829268292
-5.182926829268292
-5.182926829268292
-5.177993527508091
-5.177993527508091
-5.177111716621254
-5.172413793103448
-5.172413793103448
-5.172413793103448
-5.172413793103448
-5.167173252279635
-5.161290322580645
-5.161290322580645
-5.161290322580645
-5.157593123209169
-5.157593123209169
-5.157593123209169
-5.157593123209169
-5.151515151515151
-5.151515151515151
-5.151515151515151
-5.151515151515151
-5.151515151515151
-5.151515151515151
-5.151515151515151
-5.151515151515151
-5.142857142857142
-5.13595166163142
-5.13595166163142
-5.13595166163142
-5.13595166163142
-5.135135135135135
-5.128205128205128
-5.128205128205128
-5.128205128205128
-5.120481927710843
-5.120481927710843
-5.120481927710843
-5.120481927710843
-5.120481927710843
-5.113636363636364
-5.113636363636364
-5.111821086261981
-5.111821086261981
-5.105105105105105
-5.105105105105105
-5.095541401273886
-5.089820359281437
-5.089820359281437
-5.089820359281437
-5.074626865671641
-5.063291139240507
-5.059523809523809
-5.047318611987381
-5.044510385756676
-5.044510385756676
-5.044510385756676
-5.029585798816568
-5.029585798816568
-5.029585798816568
-5.017921146953405
-5.016722408026756
-5.016722408026756
-5.015673981191222
-5.015673981191222
-5.014749262536873
-5.013927576601671
-5.0
-5.0
-5.0
-5.0
-5.0
-5.0
-4.986149584487535
-4.986149584487535
-4.984423676012461
-4.984423676012461
-4.972375690607735
-4.970760233918129
-4.966887417218543
-4.956268221574344
-4.953560371517028
-4.953560371517028
-4.953560371517028
-4.953560371517028
-4.941860465116279
-4.938271604938271
-4.938271604938271
-4.938271604938271
-4.938271604938271
-4.931506849315069
-4.923076923076923
-4.923076923076923
-4.923076923076923
-4.918032786885246
-4.913294797687861
-4.9079754601226995
-4.9079754601226995
-4.9079754601226995
-4.9079754601226995
-4.9079754601226995
-4.899135446685879
-4.892966360856269
-4.892966360856269
-4.892966360856269
-4.88599348534202
-4.885057471264368
-4.878048780487805
-4.878048780487805
-4.878048780487805
-4.871060171919771
-4.871060171919771
-4.871060171919771
-4.870129870129871
-4.870129870129871
-4.870129870129871
-4.870129870129871
-4.870129870129871
-4.86322188449848
-4.86322188449848
-4.86322188449848
-4.857142857142857
-4.854368932038835
-4.854368932038835
-4.848484848484849
-4.848484848484849
-4.843304843304843
-4.843304843304843
-4.838709677419355
-4.833836858006042
-4.833836858006042
-4.833836858006042
-4.829545454545454
-4.823151125401929
-4.823151125401929
-4.823151125401929
-4.819277108433735
-4.819277108433735
-4.819277108433735
-4.819277108433735
-4.807692307692308
-4.807692307692308
-4.804804804804805
-4.804804804804805
-4.804804804804805
-4.80225988700565
-4.792332268370607
-4.790419161676647
-4.790419161676647
-4.788732394366197
-4.788732394366197
-4.777070063694268
-4.776119402985075
-4.775280898876404
-4.761904761904762
-4.761904761904762
-4.761904761904762
-4.761904761904762
-4.761904761904762
-4.747774480712167
-4.747774480712167
-4.747774480712167
-4.747774480712167
-4.747774480712167
-4.733727810650888
-4.73186119873817
-4.73186119873817
-4.71976401179941
-4.716981132075472
-4.716981132075472
-4.696132596685083
-4.69208211143695
-4.69208211143695
-4.683195592286501
-4.682274247491638
-4.670329670329671
-4.658385093167702
-4.658385093167702
-4.658385093167702
-4.658385093167702
-4.658385093167702
-4.651162790697675
-4.644808743169399
-4.644808743169399
-4.643962848297214
-4.643962848297214
-4.63768115942029
-4.63768115942029
-4.632152588555858
-4.62962962962963
-4.62046204620462
-4.62046204620462
-4.62046204620462
-4.62046204620462
-4.615384615384616
-4.615384615384616
-4.615384615384616
-4.615384615384616
-4.615384615384616
-4.615384615384616
-4.610951008645533
-4.610951008645533
-4.607046070460704
-4.605263157894736
-4.605263157894736
-4.605263157894736
-4.605263157894736
-4.601226993865031
-4.601226993865031
-4.601226993865031
-4.597701149425287
-4.597701149425287
-4.590163934426229
-4.587155963302752
-4.587155963302752
-4.587155963302752
-4.587155963302752
-4.587155963302752
-4.584527220630372
-4.584527220630372
-4.573170731707317
-4.573170731707317
-4.573170731707317
-4.573170731707317
-4.573170731707317
-4.573170731707317
-4.573170731707317
-4.571428571428571
-4.5592705167173255
-4.5592705167173255
-4.5584045584045585
-4.5584045584045585
-4.545454545454546
-4.545454545454546
-4.531722054380665
-4.531722054380665
-4.531722054380665
-4.531722054380665
-4.531722054380665
-4.53074433656958
-4.53074433656958
-4.518072289156627
-4.518072289156627
-4.513888888888888
-4.513888888888888
-4.509283819628647
-4.507042253521127
-4.504504504504505
-4.504504504504505
-4.501607717041801
-4.49438202247191
-4.491017964071856
-4.491017964071856
-4.487179487179487
-4.477611940298507
-4.477611940298507
-4.477611940298507
-4.4692737430167595
-4.4692737430167595
-4.464285714285714
-4.464285714285714
-4.464285714285714
-4.45859872611465
-4.45859872611465
-4.45859872611465
-4.451038575667656
-4.451038575667656
-4.451038575667656
-4.451038575667656
-4.450261780104712
-4.444444444444445
-4.444444444444445
-4.43864229765013
-4.437869822485207
-4.437869822485207
-4.424778761061947
-4.424778761061947
-4.424778761061947
-4.424778761061947
-4.424778761061947
-4.416403785488959
-4.411764705882353
-4.411764705882353
-4.40251572327044
-4.40251572327044
-4.40251572327044
-4.398826979472141
-4.398826979472141
-4.398826979472141
-4.38871473354232
-4.38871473354232
-4.38871473354232
-4.38871473354232
-4.38871473354232
-4.38871473354232
-4.38871473354232
-4.385964912280701
-4.385964912280701
-4.375
-4.373177842565598
-4.373177842565598
-4.3624161073825505
-4.361370716510903
-4.3604651162790695
-4.3604651162790695
-4.3604651162790695
-4.35967302452316
-4.35967302452316
-4.3478260869565215
-4.3478260869565215
-4.3478260869565215
-4.3478260869565215
-4.3478260869565215
-4.3478260869565215
-4.333333333333334
-4.333333333333334
-4.322766570605188
-4.320987654320987
-4.320987654320987
-4.318936877076411
-4.316546762589928
-4.316546762589928
-4.310344827586207
-4.310344827586207
-4.310344827586207
-4.310344827586207
-4.3076923076923075
-4.3076923076923075
-4.3076923076923075
-4.3076923076923075
-4.304635761589404
-4.304635761589404
-4.304635761589404
-4.297994269340974
-4.297994269340974
-4.297994269340974
-4.294478527607362
-4.294478527607362
-4.294478527607362
-4.294478527607362
-4.294478527607362
-4.294478527607362
-4.29042904290429
-4.285714285714286
-4.285714285714286
-4.276315789473684
-4.276315789473684
-4.2682926829268295
-4.2682926829268295
-4.2682926829268295
-4.2682926829268295
-4.2682926829268295
-4.2622950819672125
-4.2622950819672125
-4.2622950819672125
-4.261363636363636
-4.25531914893617
-4.25531914893617
-4.2492917847025495
-4.248366013071895
-4.248366013071895
-4.248366013071895
-4.242424242424243
-4.234527687296417
-4.229607250755287
-4.225352112676056
-4.225352112676056
-4.220779220779221
-4.216867469879518
-4.2105263157894735
-4.207119741100324
-4.2042042042042045
-4.2042042042042045
-4.2042042042042045
-4.195804195804196
-4.193548387096775
-4.191616766467066
-4.191616766467066
-4.191616766467066
-4.191616766467066
-4.189944134078212
-4.179104477611941
-4.179104477611941
-4.166666666666666
-4.166666666666666
-4.166666666666666
-4.166666666666666
-4.1551246537396125
-4.1551246537396125
-4.1551246537396125
-4.154302670623145
-4.154302670623145
-4.142011834319527
-4.142011834319527
-4.140127388535031
-4.140127388535031
-4.129793510324483
-4.129793510324483
-4.1269841269841265
-4.1269841269841265
-4.1269841269841265
-4.1269841269841265
-4.1269841269841265
-4.117647058823529
-4.113924050632911
-4.10958904109589
-4.100946372239748
-4.100946372239748
-4.100946372239748
-4.100946372239748
-4.098360655737705
-4.093567251461988
-4.093567251461988
-4.093567251461988
-4.093567251461988
-4.093567251461988
-4.088050314465408
-4.088050314465408
-4.075235109717868
-4.069767441860465
-4.0625
-4.0625
-4.057971014492753
-4.054054054054054
-4.049844236760125
-4.049844236760125
-4.046242774566474
-4.046242774566474
-4.040404040404041
-4.037267080745342
-4.037267080745342
-4.037267080745342
-4.037267080745342
-4.034582132564841
-4.026845637583892
-4.024767801857585
-4.022988505747127
-4.013377926421405
-4.013377926421405
-4.012345679012346
-4.012345679012346
-4.011461318051576
-4.0
-4.0
-4.0
-4.0
-4.0
-4.0
-4.0
-4.0
-3.9877300613496933
-3.9877300613496933
-3.9877300613496933
-3.9867109634551494
-3.977272727272727
-3.977272727272727
-3.9755351681957185
-3.9755351681957185
-3.9755351681957185
-3.9755351681957185
-3.9755351681957185
-3.9735099337748347
-3.9735099337748347
-3.9634146341463414
-3.9603960396039604
-3.954802259887006
-3.951367781155015
-3.951367781155015
-3.951367781155015
-3.9473684210526314
-3.943661971830986
-3.939393939393939
-3.939393939393939
-3.939393939393939
-3.932584269662921
-3.932584269662921
-3.927492447129909
-3.927492447129909
-3.9215686274509802
-3.9215686274509802
-3.9215686274509802
-3.908794788273615
-3.908794788273615
-3.903903903903904
-3.903903903903904
-3.903903903903904
-3.903903903903904
-3.903903903903904
-3.903903903903904
-3.896103896103896
-3.8922155688622757
-3.8922155688622757
-3.8922155688622757
-3.888888888888889
-3.880597014925373
-3.880597014925373
-3.880597014925373
-3.870967741935484
-3.869047619047619
-3.869047619047619
-3.858520900321544
-3.858520900321544
-3.857566765578635
-3.8461538461538463
-3.8461538461538463
-3.8461538461538463
-3.8461538461538463
-3.8461538461538463
-3.8461538461538463
-3.8461538461538463
-3.8461538461538463
-3.8348082595870205
-3.8348082595870205
-3.8338658146964857
-3.8338658146964857
-3.8327526132404177
-3.825136612021858
-3.823529411764706
-3.823529411764706
-3.823529411764706
-3.823529411764706
-3.823529411764706
-3.823529411764706
-3.821656050955414
-3.821656050955414
-3.812316715542522
-3.812316715542522
-3.8095238095238098
-3.8011695906432745
-3.8011695906432745
-3.8011695906432745
-3.8011695906432745
-3.79746835443038
-3.7735849056603774
-3.7735849056603774
-3.7735849056603774
-3.7735849056603774
-3.7735849056603774
-3.768115942028986
-3.768115942028986
-3.768115942028986
-3.761755485893417
-3.761755485893417
-3.7463976945244957
-3.7463976945244957
-3.7383177570093453
-3.7383177570093453
-3.7383177570093453
-3.7383177570093453
-3.7356321839080464
-3.7267080745341614
-3.7267080745341614
-3.7249283667621778
-3.7151702786377707
-3.7151702786377707
-3.7151702786377707
-3.7151702786377707
-3.6923076923076925
-3.6923076923076925
-3.6923076923076925
-3.6923076923076925
-3.691275167785235
-3.691275167785235
-3.6809815950920246
-3.6809815950920246
-3.6809815950920246
-3.669724770642202
-3.669724770642202
-3.6666666666666665
-3.6619718309859155
-3.6619718309859155
-3.6585365853658534
-3.6585365853658534
-3.6544850498338874
-3.64741641337386
-3.642384105960265
-3.642384105960265
-3.6363636363636362
-3.6363636363636362
-3.6363636363636362
-3.6312849162011176
-3.625377643504532
-3.625377643504532
-3.625377643504532
-3.625377643504532
-3.625377643504532
-3.625377643504532
-3.614457831325301
-3.614457831325301
-3.614457831325301
-3.6111111111111107
-3.6111111111111107
-3.6111111111111107
-3.6036036036036037
-3.6036036036036037
-3.594771241830065
-3.594771241830065
-3.592814371257485
-3.592814371257485
-3.592814371257485
-3.592814371257485
-3.592814371257485
-3.5830618892508146
-3.5830618892508146
-3.582089552238806
-3.571428571428571
-3.571428571428571
-3.571428571428571
-3.571428571428571
-3.571428571428571
-3.571428571428571
-3.571428571428571
-3.5608308605341246
-3.5608308605341246
-3.5608308605341246
-3.5608308605341246
-3.559870550161812
-3.559870550161812
-3.5502958579881656
-3.5502958579881656
-3.5483870967741935
-3.5398230088495577
-3.532608695652174
-3.5294117647058822
-3.5294117647058822
-3.5294117647058822
-3.5294117647058822
-3.5256410256410255
-3.519061583577713
-3.519061583577713
-3.5143769968051117
-3.5143769968051117
-3.5143769968051117
-3.508771929824561
-3.508771929824561
-3.508771929824561
-3.508771929824561
-3.5031847133757963
-3.498542274052478
-3.494623655913978
-3.492063492063492
-3.492063492063492
-3.488372093023256
-3.484320557491289
-3.481012658227848
-3.481012658227848
-3.481012658227848
-3.4782608695652173
-3.4782608695652173
-3.4700315457413247
-3.4700315457413247
-3.4700315457413247
-3.4682080924855487
-3.4682080924855487
-3.45821325648415
-3.45821325648415
-3.4482758620689653
-3.4482758620689653
-3.4482758620689653
-3.4375000000000004
-3.4375000000000004
-3.436426116838488
-3.436426116838488
-3.4267912772585665
-3.4267912772585665
-3.4267912772585665
-3.4267912772585665
-3.4161490683229814
-3.4161490683229814
-3.4161490683229814
-3.4161490683229814
-3.4055727554179565
-3.39943342776204
-3.39943342776204
-3.3950617283950617
-3.3846153846153846
-3.3802816901408446
-3.374233128834356
-3.374233128834356
-3.374233128834356
-3.3670033670033668
-3.3670033670033668
-3.3639143730886847
-3.3639143730886847
-3.3639143730886847
-3.3639143730886847
-3.353658536585366
-3.353658536585366
-3.3444816053511706
-3.3444816053511706
-3.3444816053511706
-3.343465045592705
-3.343465045592705
-3.343465045592705
-3.3426183844011144
-3.3426183844011144
-3.3426183844011144
-3.3333333333333335
-3.3333333333333335
-3.3333333333333335
-3.32409972299169
-3.3232628398791544
-3.3232628398791544
-3.3232628398791544
-3.3232628398791544
-3.322259136212625
-3.313253012048193
-3.313253012048193
-3.313253012048193
-3.3112582781456954
-3.303303303303303
-3.293413173652695
-3.293413173652695
-3.293413173652695
-3.293413173652695
-3.289473684210526
-3.2835820895522385
-3.2835820895522385
-3.2835820895522385
-3.2835820895522385
-3.278688524590164
-3.273809523809524
-3.2679738562091507
-3.2679738562091507
-3.2679738562091507
-3.2679738562091507
-3.257328990228013
-3.257328990228013
-3.257328990228013
-3.2544378698224854
-3.2544378698224854
-3.2544378698224854
-3.2544378698224854
-3.2467532467532463
-3.225806451612903
-3.225806451612903
-3.225806451612903
-3.225806451612903
-3.216374269005848
-3.216374269005848
-3.215434083601286
-3.206997084548105
-3.206997084548105
-3.205128205128205
-3.1976744186046515
-3.1948881789137378
-3.1948881789137378
-3.1847133757961785
-3.1847133757961785
-3.1847133757961785
-3.1791907514450863
-3.1791907514450863
-3.1746031746031744
-3.1645569620253164
-3.1645569620253164
-3.1645569620253164
-3.1645569620253164
-3.1578947368421053
-3.1545741324921135
-3.146853146853147
-3.1446540880503147
-3.1446540880503147
-3.1446540880503147
-3.1446540880503147
-3.1446540880503147
-3.1446540880503147
-3.1446540880503147
-3.1428571428571432
-3.1428571428571432
-3.1428571428571432
-3.1347962382445136
-3.1347962382445136
-3.1347962382445136
-3.1347962382445136
-3.133903133903134
-3.125
-3.125
-3.125
-3.1161473087818696
-3.1161473087818696
-3.1161473087818696
-3.1161473087818696
-3.115264797507788
-3.115264797507788
-3.115264797507788
-3.115264797507788
-3.1055900621118013
-3.1055900621118013
-3.1055900621118013
-3.103448275862069
-3.0959752321981426
-3.0864197530864197
-3.081232492997199
-3.076923076923077
-3.076923076923077
-3.067484662576687
-3.067484662576687
-3.058103975535168
-3.048780487804878
-3.048780487804878
-3.048780487804878
-3.048780487804878
-3.048780487804878
-3.0470914127423825
-3.040540540540541
-3.0395136778115504
-3.0395136778115504
-3.0386740331491713
-3.0386740331491713
-3.0303030303030303
-3.0303030303030303
-3.021978021978022
-3.021978021978022
-3.0211480362537766
-3.0211480362537766
-3.0211480362537766
-3.0211480362537766
-3.0211480362537766
-3.0201342281879198
-3.0120481927710845
-3.0120481927710845
-3.0120481927710845
-3.003003003003003
-3.003003003003003
-3.003003003003003
-3.003003003003003
-3.0
-3.0
-3.0
-3.0
-2.9940119760479043
-2.9940119760479043
-2.9940119760479043
-2.990033222591362
-2.990033222591362
-2.9850746268656714
-2.9850746268656714
-2.9850746268656714
-2.967359050445104
-2.9585798816568047
-2.9508196721311477
-2.941176470588235
-2.941176470588235
-2.941176470588235
-2.932551319648094
-2.932551319648094
-2.9315960912052117
-2.9315960912052117
-2.9315960912052117
-2.923976608187134
-2.9154518950437316
-2.9154518950437316
-2.912621359223301
-2.9069767441860463
-2.903225806451613
-2.898550724637681
-2.8938906752411575
-2.8938906752411575
-2.8901734104046244
-2.8901734104046244
-2.8901734104046244
-2.8901734104046244
-2.8846153846153846
-2.881844380403458
-2.8753993610223643
-2.8753993610223643
-2.8735632183908044
-2.8735632183908044
-2.865329512893983
-2.857142857142857
-2.848101265822785
-2.848101265822785
-2.848101265822785
-2.8391167192429023
-2.8391167192429023
-2.8328611898017
-2.8301886792452833
-2.8301886792452833
-2.8213166144200628
-2.8213166144200628
-2.8213166144200628
-2.8125
-2.8125
-2.8125
-2.8125
-2.7950310559006213
-2.786377708978328
-2.786377708978328
-2.786377708978328
-2.786377708978328
-2.786377708978328
-2.786377708978328
-2.785515320334262
-2.7777777777777777
-2.7777777777777777
-2.7700831024930745
-2.7607361963190185
-2.7607361963190185
-2.7607361963190185
-2.7607361963190185
-2.7522935779816518
-2.7522935779816518
-2.7491408934707904
-2.7439024390243905
-2.7439024390243905
-2.735562310030395
-2.727272727272727
-2.727272727272727
-2.727272727272727
-2.719033232628399
-2.719033232628399
-2.711864406779661
-2.710843373493976
-2.710843373493976
-2.7027027027027026
-2.7027027027027026
-2.7027027027027026
-2.694610778443114
-2.6936026936026933
-2.6865671641791042
-2.684563758389262
-2.6785714285714284
-2.6785714285714284
-2.6706231454005933
-2.6706231454005933
-2.6706231454005933
-2.666666666666667
-2.6627218934911245
-2.6578073089700998
-2.6578073089700998
-2.6548672566371683
-2.6548672566371683
-2.6548672566371683
-2.6548672566371683
-2.6470588235294117
-2.6470588235294117
-2.6470588235294117
-2.6470588235294117
-2.631578947368421
-2.631578947368421
-2.623906705539359
-2.622950819672131
-2.616279069767442
-2.608695652173913
-2.6058631921824107
-2.6058631921824107
-2.601156069364162
-2.5974025974025974
-2.5974025974025974
-2.5936599423631126
-2.5936599423631126
-2.5889967637540456
-2.5889967637540456
-2.5889967637540456
-2.5806451612903225
-2.5806451612903225
-2.5806451612903225
-2.5806451612903225
-2.5806451612903225
-2.572347266881029
-2.572347266881029
-2.571428571428571
-2.564102564102564
-2.564102564102564
-2.564102564102564
-2.564102564102564
-2.556818181818182
-2.556818181818182
-2.5559105431309903
-2.5559105431309903
-2.5559105431309903
-2.5559105431309903
-2.5559105431309903
-2.547770700636943
-2.547770700636943
-2.547770700636943
-2.5423728813559325
-2.5396825396825395
-2.5396825396825395
-2.5396825396825395
-2.535211267605634
-2.5316455696202533
-2.5316455696202533
-2.528089887640449
-2.5236593059936907
-2.515723270440252
-2.515723270440252
-2.515723270440252
-2.515723270440252
-2.515723270440252
-2.515723270440252
-2.515723270440252
-2.5139664804469275
-2.507836990595611
-2.507836990595611
-2.507836990595611
-2.507836990595611
-2.5069637883008355
-2.5
-2.5
-2.5
-2.5
-2.5
-2.4930747922437675
-2.4922118380062304
-2.4922118380062304
-2.4922118380062304
-2.4922118380062304
-2.4922118380062304
-2.484472049689441
-2.484472049689441
-2.479338842975207
-2.476780185758514
-2.476780185758514
-2.476780185758514
-2.476780185758514
-2.4734982332155475
-2.4691358024691357
-2.4691358024691357
-2.4691358024691357
-2.4615384615384617
-2.4539877300613497
-2.4539877300613497
-2.4539877300613497
-2.4539877300613497
-2.4539877300613497
-2.4464831804281344
-2.4464831804281344
-2.4390243902439024
-2.4390243902439024
-2.43161094224924
-2.4258760107816713
-2.4242424242424243
-2.4242424242424243
-2.4242424242424243
-2.416918429003021
-2.416918429003021
-2.416918429003021
-2.416918429003021
-2.4096385542168677
-2.4096385542168677
-2.406417112299465
-2.4024024024024024
-2.3952095808383236
-2.3952095808383236
-2.3952095808383236
-2.3952095808383236
-2.3952095808383236
-2.3890784982935154
-2.3880597014925375
-2.380952380952381
-2.3738872403560833
-2.3738872403560833
-2.366863905325444
-2.366863905325444
-2.364864864864865
-2.359882005899705
-2.359882005899705
-2.356902356902357
-2.356902356902357
-2.341137123745819
-2.3391812865497075
-2.3391812865497075
-2.3391812865497075
-2.3333333333333335
-2.3333333333333335
-2.3255813953488373
-2.3255813953488373
-2.3255813953488373
-2.318840579710145
-2.312138728323699
-2.31023102310231
-2.3054755043227666
-2.292263610315186
-2.287581699346405
-2.2801302931596092
-2.272727272727273
-2.26628895184136
-2.26628895184136
-2.26628895184136
-2.26537216828479
-2.258064516129032
-2.258064516129032
-2.258064516129032
-2.258064516129032
-2.2508038585209005
-2.247191011235955
-2.2435897435897436
-2.2435897435897436
-2.2408963585434174
-2.2364217252396164
-2.229299363057325
-2.229299363057325
-2.21606648199446
-2.2151898734177213
-2.2151898734177213
-2.2151898734177213
-2.2082018927444795
-2.2082018927444795
-2.2082018927444795
-2.203856749311295
-2.20125786163522
-2.20125786163522
-2.20125786163522
-2.20125786163522
-2.20125786163522
-2.20125786163522
-2.20125786163522
-2.20125786163522
-2.19435736677116
-2.1875
-2.1875
-2.1875
-2.1875
-2.1806853582554515
-2.1739130434782608
-2.1739130434782608
-2.1739130434782608
-2.1739130434782608
-2.1671826625387
-2.1671826625387
-2.1604938271604937
-2.1604938271604937
-2.1604938271604937
-2.147239263803681
-2.147239263803681
-2.1406727828746175
-2.1406727828746175
-2.1341463414634148
-2.1341463414634148
-2.127659574468085
-2.127659574468085
-2.127659574468085
-2.127659574468085
-2.1212121212121215
-2.1148036253776437
-2.1148036253776437
-2.1148036253776437
-2.1148036253776437
-2.1148036253776437
-2.108433734939759
-2.108433734939759
-2.1052631578947367
-2.1021021021021022
-2.095808383233533
-2.0895522388059704
-2.0771513353115725
-2.0771513353115725
-2.0761245674740483
-2.072538860103627
-2.0710059171597637
-2.0689655172413794
-2.0648967551622417
-2.0648967551622417
-2.0618556701030926
-2.0588235294117645
-2.0588235294117645
-2.0527859237536656
-2.0527859237536656
-2.0527859237536656
-2.046783625730994
-2.046783625730994
-2.0408163265306123
-2.0408163265306123
-2.0338983050847457
-2.0338983050847457
-2.023121387283237
-2.0202020202020203
-2.0202020202020203
-2.0202020202020203
-2.0066889632107023
-2.005730659025788
-2.0
-2.0
-1.9943019943019942
-1.9867549668874174
-1.9867549668874174
-1.9736842105263157
-1.9736842105263157
-1.9662921348314606
-1.9607843137254901
-1.9543973941368076
-1.9543973941368076
-1.9498607242339834
-1.9498607242339834
-1.948051948051948
-1.948051948051948
-1.9417475728155338
-1.9390581717451523
-1.935483870967742
-1.935483870967742
-1.929260450160772
-1.9283746556473829
-1.9230769230769231
-1.910828025477707
-1.910828025477707
-1.910828025477707
-1.910828025477707
-1.9047619047619049
-1.9047619047619049
-1.9021739130434785
-1.89873417721519
-1.8970189701897018
-1.8970189701897018
-1.8927444794952681
-1.8927444794952681
-1.8927444794952681
-1.8867924528301887
-1.8867924528301887
-1.8808777429467085
-1.8808777429467085
-1.8808777429467085
-1.875
-1.875
-1.875
-1.8691588785046727
-1.8691588785046727
-1.8633540372670807
-1.8633540372670807
-1.8633540372670807
-1.8575851393188854
-1.8575851393188854
-1.8575851393188854
-1.8461538461538463
-1.8461538461538463
-1.8461538461538463
-1.8404907975460123
-1.8404907975460123
-1.8404907975460123
-1.8404907975460123
-1.8404907975460123
-1.834862385321101
-1.834862385321101
-1.834862385321101
-1.834862385321101
-1.834862385321101
-1.8292682926829267
-1.8292682926829267
-1.8292682926829267
-1.8292682926829267
-1.8292682926829267
-1.82370820668693
-1.82370820668693
-1.8181818181818181
-1.8181818181818181
-1.8181818181818181
-1.812688821752266
-1.812688821752266
-1.8072289156626504
-1.8018018018018018
-1.8018018018018018
-1.8018018018018018
-1.7964071856287425
-1.791044776119403
-1.791044776119403
-1.7857142857142856
-1.7857142857142856
-1.7857142857142856
-1.7857142857142856
-1.7857142857142856
-1.7804154302670623
-1.7804154302670623
-1.7751479289940828
-1.7751479289940828
-1.7699115044247788
-1.7605633802816902
-1.7595307917888565
-1.7543859649122806
-1.7543859649122806
-1.7543859649122806
-1.7543859649122806
-1.7543859649122806
-1.744186046511628
-1.7361111111111112
-1.7341040462427744
-1.7341040462427744
-1.7341040462427744
-1.729106628242075
-1.729106628242075
-1.7241379310344827
-1.7241379310344827
-1.7241379310344827
-1.7191977077363898
-1.7191977077363898
-1.718213058419244
-1.718213058419244
-1.7142857142857144
-1.7142857142857144
-1.7123287671232876
-1.7064846416382253
-1.7045454545454544
-1.7006802721088436
-1.7006802721088436
-1.69971671388102
-1.69971671388102
-1.69971671388102
-1.694915254237288
-1.694915254237288
-1.694915254237288
-1.6891891891891893
-1.6853932584269662
-1.6835016835016834
-1.6835016835016834
-1.6835016835016834
-1.680672268907563
-1.6778523489932886
-1.675977653631285
-1.6722408026755853
-1.6713091922005572
-1.6713091922005572
-1.6666666666666667
-1.6666666666666667
-1.6611295681063125
-1.6611295681063125
-1.6611295681063125
-1.6574585635359116
-1.6528925619834711
-1.65016501650165
-1.6304347826086956
-1.6233766233766231
-1.6233766233766231
-1.6233766233766231
-1.6233766233766231
-1.6129032258064515
-1.6129032258064515
-1.6129032258064515
-1.607717041800643
-1.607717041800643
-1.607717041800643
-1.607717041800643
-1.607717041800643
-1.5974440894568689
-1.5974440894568689
-1.5974440894568689
-1.5974440894568689
-1.5923566878980893
-1.5923566878980893
-1.5923566878980893
-1.5923566878980893
-1.5923566878980893
-1.5822784810126582
-1.5822784810126582
-1.5822784810126582
-1.5822784810126582
-1.5772870662460567
-1.5723270440251573
-1.5723270440251573
-1.5723270440251573
-1.5673981191222568
-1.5673981191222568
-1.5673981191222568
-1.5673981191222568
-1.5673981191222568
-1.5625
-1.5625
-1.5625
-1.557632398753894
-1.557632398753894
-1.5527950310559007
-1.5527950310559007
-1.5527950310559007
-1.5527950310559007
-1.5479876160990713
-1.5432098765432098
-1.5432098765432098
-1.5337423312883436
-1.5337423312883436
-1.5337423312883436
-1.5337423312883436
-1.529051987767584
-1.529051987767584
-1.529051987767584
-1.529051987767584
-1.529051987767584
-1.524390243902439
-1.524390243902439
-1.5197568389057752
-1.5197568389057752
-1.5197568389057752
-1.5197568389057752
-1.5197568389057752
-1.5151515151515151
-1.5151515151515151
-1.5105740181268883
-1.5105740181268883
-1.5105740181268883
-1.5060240963855422
-1.5060240963855422
-1.5060240963855422
-1.5060240963855422
-1.5015015015015014
-1.5015015015015014
-1.5015015015015014
-1.4970059880239521
-1.4970059880239521
-1.4970059880239521
-1.4925373134328357
-1.488095238095238
-1.488095238095238
-1.488095238095238
-1.488095238095238
-1.483679525222552
-1.483679525222552
-1.483679525222552
-1.4792899408284024
-1.4749262536873156
-1.4705882352941175
-1.4705882352941175
-1.466275659824047
-1.466275659824047
-1.466275659824047
-1.466275659824047
-1.461988304093567
-1.4598540145985401
-1.4450867052023122
-1.4450867052023122
-1.440922190201729
-1.440922190201729
-1.440922190201729
-1.440922190201729
-1.4367816091954022
-1.4336917562724014
-1.4285714285714286
-1.4245014245014245
-1.4204545454545454
-1.4084507042253522
-1.3888888888888888
-1.3850415512465373
-1.3745704467353952
-1.3605442176870748
-1.3605442176870748
-1.3468013468013467
-1.3468013468013467
-1.3468013468013467
-1.3468013468013467
-1.3468013468013467
-1.342281879194631
-1.3333333333333335
-1.3245033112582782
-1.3245033112582782
-1.3201320132013201
-1.3201320132013201
-1.3157894736842104
-1.3114754098360655
-1.3071895424836601
-1.3071895424836601
-1.3029315960912053
-1.2987012987012987
-1.2987012987012987
-1.2903225806451613
-1.2903225806451613
-1.2903225806451613
-1.2861736334405145
-1.2861736334405145
-1.282051282051282
-1.2779552715654952
-1.2779552715654952
-1.2779552715654952
-1.2779552715654952
-1.2779552715654952
-1.2738853503184715
-1.2738853503184715
-1.2738853503184715
-1.2738853503184715
-1.2738853503184715
-1.2738853503184715
-1.2698412698412698
-1.2698412698412698
-1.2658227848101267
-1.2658227848101267
-1.2658227848101267
-1.2618296529968454
-1.2618296529968454
-1.2618296529968454
-1.2618296529968454
-1.257861635220126
-1.25
-1.25
-1.2461059190031152
-1.2461059190031152
-1.2461059190031152
-1.2422360248447204
-1.2422360248447204
-1.2422360248447204
-1.238390092879257
-1.238390092879257
-1.2345679012345678
-1.2345679012345678
-1.2307692307692308
-1.2307692307692308
-1.2307692307692308
-1.2307692307692308
-1.2307692307692308
-1.2269938650306749
-1.2269938650306749
-1.2269938650306749
-1.2269938650306749
-1.2232415902140672
-1.2232415902140672
-1.2232415902140672
-1.2195121951219512
-1.2195121951219512
-1.2195121951219512
-1.21580547112462
-1.21580547112462
-1.21580547112462
-1.2121212121212122
-1.2121212121212122
-1.2121212121212122
-1.2121212121212122
-1.2084592145015105
-1.2084592145015105
-1.2048192771084338
-1.2048192771084338
-1.2048192771084338
-1.2048192771084338
-1.2048192771084338
-1.2048192771084338
-1.2048192771084338
-1.2012012012012012
-1.1976047904191618
-1.1976047904191618
-1.1940298507462688
-1.1940298507462688
-1.1904761904761905
-1.1869436201780417
-1.183431952662722
-1.1799410029498525
-1.1764705882352942
-1.1764705882352942
-1.1764705882352942
-1.1764705882352942
-1.1730205278592376
-1.1730205278592376
-1.1730205278592376
-1.1661807580174928
-1.1661807580174928
-1.1627906976744187
-1.1627906976744187
-1.1594202898550725
-1.1594202898550725
-1.1560693641618496
-1.1560693641618496
-1.1527377521613833
-1.1494252873563218
-1.1396011396011396
-1.1396011396011396
-1.13314447592068
-1.1204481792717087
-1.10803324099723
-1.095890410958904
-1.0416666666666665
-1.0416666666666665
-1.0416666666666665
-1.0380622837370241
-1.0309278350515463
-1.0273972602739725
-1.0135135135135136
-0.9966777408637874
-0.9933774834437087
-0.9803921568627451
-0.9771986970684038
-0.974025974025974
-0.9708737864077669
-0.9708737864077669
-0.967741935483871
-0.967741935483871
-0.964630225080386
-0.9615384615384616
-0.9615384615384616
-0.9615384615384616
-0.9615384615384616
-0.9584664536741214
-0.9584664536741214
-0.9523809523809524
-0.9523809523809524
-0.9523809523809524
-0.9523809523809524
-0.9523809523809524
-0.949367088607595
-0.9463722397476341
-0.9463722397476341
-0.9463722397476341
-0.9433962264150944
-0.9433962264150944
-0.9404388714733543
-0.9404388714733543
-0.9375
-0.9375
-0.9345794392523363
-0.9345794392523363
-0.9345794392523363
-0.9345794392523363
-0.9345794392523363
-0.9316770186335404
-0.9316770186335404
-0.9316770186335404
-0.9259259259259258
-0.9259259259259258
-0.9259259259259258
-0.9259259259259258
-0.9259259259259258
-0.9259259259259258
-0.9202453987730062
-0.9202453987730062
-0.9202453987730062
-0.9174311926605505
-0.9174311926605505
-0.9174311926605505
-0.9174311926605505
-0.9174311926605505
-0.9146341463414633
-0.9146341463414633
-0.911854103343465
-0.911854103343465
-0.911854103343465
-0.9090909090909091
-0.906344410876133
-0.906344410876133
-0.906344410876133
-0.9036144578313252
-0.9036144578313252
-0.9036144578313252
-0.9009009009009009
-0.9009009009009009
-0.9009009009009009
-0.9009009009009009
-0.9009009009009009
-0.8982035928143712
-0.8955223880597015
-0.8955223880597015
-0.8928571428571428
-0.8928571428571428
-0.8902077151335311
-0.8902077151335311
-0.8902077151335311
-0.8902077151335311
-0.8875739644970414
-0.8849557522123894
-0.8849557522123894
-0.8746355685131195
-0.8695652173913043
-0.8670520231213872
-0.8670520231213872
-0.8645533141210375
-0.8645533141210375
-0.8571428571428572
-0.8571428571428572
-0.84985835694051
-0.847457627118644
-0.8450704225352111
-0.8379888268156425
-0.8356545961002786
-0.8333333333333334
-0.8287292817679558
-0.8241758241758242
-0.7326007326007326
-0.7017543859649122
-0.6993006993006993
-0.6968641114982579
-0.6872852233676976
-0.6872852233676976
-0.6872852233676976
-0.684931506849315
-0.684931506849315
-0.6825938566552902
-0.6734006734006733
-0.6688963210702341
-0.6578947368421052
-0.6557377049180327
-0.6493506493506493
-0.6493506493506493
-0.6493506493506493
-0.6493506493506493
-0.6472491909385114
-0.6472491909385114
-0.6472491909385114
-0.6451612903225806
-0.6451612903225806
-0.6430868167202572
-0.6430868167202572
-0.6430868167202572
-0.641025641025641
-0.641025641025641
-0.641025641025641
-0.641025641025641
-0.6389776357827476
-0.6389776357827476
-0.6389776357827476
-0.6389776357827476
-0.6389776357827476
-0.6349206349206349
-0.6349206349206349
-0.6349206349206349
-0.6349206349206349
-0.6329113924050633
-0.6329113924050633
-0.6329113924050633
-0.6329113924050633
-0.6309148264984227
-0.6309148264984227
-0.6309148264984227
-0.628930817610063
-0.628930817610063
-0.6269592476489028
-0.6269592476489028
-0.6269592476489028
-0.6269592476489028
-0.625
-0.6230529595015576
-0.6211180124223602
-0.6211180124223602
-0.6211180124223602
-0.6211180124223602
-0.6191950464396285
-0.6191950464396285
-0.6191950464396285
-0.6191950464396285
-0.6191950464396285
-0.6172839506172839
-0.6172839506172839
-0.6153846153846154
-0.6134969325153374
-0.6116207951070336
-0.6116207951070336
-0.6116207951070336
-0.6097560975609756
-0.6097560975609756
-0.6097560975609756
-0.6097560975609756
-0.6097560975609756
-0.60790273556231
-0.6060606060606061
-0.6060606060606061
-0.6060606060606061
-0.6060606060606061
-0.6042296072507553
-0.6042296072507553
-0.6042296072507553
-0.6042296072507553
-0.6042296072507553
-0.6024096385542169
-0.6024096385542169
-0.5988023952095809
-0.5988023952095809
-0.5970149253731344
-0.5970149253731344
-0.5970149253731344
-0.5970149253731344
-0.5970149253731344
-0.5970149253731344
-0.5952380952380952
-0.5934718100890208
-0.5934718100890208
-0.5899705014749262
-0.5899705014749262
-0.5899705014749262
-0.5899705014749262
-0.5882352941176471
-0.5882352941176471
-0.5882352941176471
-0.5882352941176471
-0.5882352941176471
-0.5865102639296188
-0.5865102639296188
-0.5865102639296188
-0.5847953216374269
-0.5830903790087464
-0.5813953488372093
-0.5813953488372093
-0.5813953488372093
-0.5813953488372093
-0.5747126436781609
-0.5747126436781609
-0.5730659025787965
-0.5681818181818182
-0.56657223796034
-0.5649717514124294
-0.5617977528089888
-0.5617977528089888
-0.3663003663003663
-0.3472222222222222
-0.3448275862068966
-0.3448275862068966
-0.3448275862068966
-0.3436426116838488
-0.3424657534246575
-0.3412969283276451
-0.3401360544217687
-0.33783783783783783
-0.33783783783783783
-0.33783783783783783
-0.33444816053511706
-0.33333333333333337
-0.33222591362126247
-0.33112582781456956
-0.33003300330033003
-0.32786885245901637
-0.32786885245901637
-0.32573289902280134
-0.3246753246753247
-0.3246753246753247
-0.3236245954692557
-0.3236245954692557
-0.3225806451612903
-0.3225806451612903
-0.3225806451612903
-0.3225806451612903
-0.3225806451612903
-0.3215434083601286
-0.3215434083601286
-0.3215434083601286
-0.3215434083601286
-0.3215434083601286
-0.3215434083601286
-0.3215434083601286
-0.3205128205128205
-0.3205128205128205
-0.3205128205128205
-0.3194888178913738
-0.3194888178913738
-0.3184713375796179
-0.3184713375796179
-0.3184713375796179
-0.3184713375796179
-0.31746031746031744
-0.31645569620253167
-0.3144654088050315
-0.3144654088050315
-0.3134796238244514
-0.3125
-0.3115264797507788
-0.3115264797507788
-0.3105590062111801
-0.3105590062111801
-0.3105590062111801
-0.3105590062111801
-0.3105590062111801
-0.30864197530864196
-0.30864197530864196
-0.3076923076923077
-0.3076923076923077
-0.3067484662576687
-0.3067484662576687
-0.3067484662576687
-0.3058103975535168
-0.3058103975535168
-0.3058103975535168
-0.3048780487804878
-0.3048780487804878
-0.303951367781155
-0.303951367781155
-0.30303030303030304
-0.30303030303030304
-0.3021148036253776
-0.3021148036253776
-0.3021148036253776
-0.3021148036253776
-0.30120481927710846
-0.30120481927710846
-0.30120481927710846
-0.30120481927710846
-0.30120481927710846
-0.30120481927710846
-0.30120481927710846
-0.3003003003003003
-0.3003003003003003
-0.2976190476190476
-0.2967359050445104
-0.2967359050445104
-0.2949852507374631
-0.2949852507374631
-0.29411764705882354
-0.2932551319648094
-0.2932551319648094
-0.29239766081871343
-0.2915451895043732
-0.2915451895043732
-0.2915451895043732
-0.2915451895043732
-0.29069767441860467
-0.29069767441860467
-0.2881844380403458
-0.28735632183908044
-0.28735632183908044
-0.28735632183908044
-0.28328611898017
-0.2777777777777778
-0.2762430939226519
-0.2762430939226519
-0.27472527472527475
0.0
0.0
0.0
0.0
0.0
0.0
0.0
0.0
0.0
0.0
0.0
0.0
0.0
0.0
0.0
0.0
0.0
0.0
0.0
0.0
0.0
0.0
0.0
0.0
0.0
0.0
0.0
0.0
0.0
0.0
0.0
0.0
0.0
0.0
0.0
0.0
0.0
0.0
0.0
0.0
0.0
0.0
0.0
0.0
0.0
0.0
0.0
0.0
0.0
0.0
0.0
0.0
0.0
0.0
0.0
0.0
0.0
0.0
0.0
0.0
0.0
0.0
0.0
0.0
0.0
0.0
0.0
0.0
0.0
0.0
0.0
0.0
0.0
0.0
0.0
0.0
0.0
0.0
0.0
0.0
0.0
0.0
0.0
0.0
0.0
0.0
0.0
0.0
0.0
0.0
0.0
0.0
0.0
0.0
0.0
0.0
0.0
0.0
0.0
0.0
0.0
0.0
0.0
0.0
0.0
0.0
0.0
0.0
0.0
0.0
0.0
0.0
0.0
0.0
0.0
0.0
0.0
0.0
0.0
0.0
0.0
0.0
0.0
0.0
0.0
0.0
0.0
0.0
0.0
0.0
0.0
0.0
0.0
0.0
0.0
0.0
0.0
0.0
0.0
0.0
0.0
0.0
0.0
0.0
0.0
0.0
0.0
0.0
0.0
0.27548209366391185
0.27932960893854747
0.27932960893854747
0.2808988764044944
0.28328611898017
0.2840909090909091
0.2840909090909091
0.2849002849002849
0.2857142857142857
0.2857142857142857
0.28653295128939826
0.28735632183908044
0.28735632183908044
0.2881844380403458
0.2881844380403458
0.2898550724637681
0.2898550724637681
0.29069767441860467
0.29069767441860467
0.2915451895043732
0.2915451895043732
0.29239766081871343
0.29239766081871343
0.2932551319648094
0.2932551319648094
0.2932551319648094
0.2932551319648094
0.29411764705882354
0.29411764705882354
0.29411764705882354
0.2967359050445104
0.2967359050445104
0.2967359050445104
0.2976190476190476
0.2985074626865672
0.2985074626865672
0.29940119760479045
0.3003003003003003
0.30120481927710846
0.30120481927710846
0.3021148036253776
0.3021148036253776
0.3021148036253776
0.3021148036253776
0.3021148036253776
0.30303030303030304
0.30303030303030304
0.30303030303030304
0.303951367781155
0.303951367781155
0.303951367781155
0.303951367781155
0.3048780487804878
0.3058103975535168
0.3058103975535168
0.3067484662576687
0.3067484662576687
0.3067484662576687
0.3067484662576687
0.3067484662576687
0.3076923076923077
0.3076923076923077
0.30864197530864196
0.30864197530864196
0.3105590062111801
0.3105590062111801
0.3105590062111801
0.3105590062111801
0.3115264797507788
0.3125
0.3125
0.3125
0.3125
0.3125
0.3134796238244514
0.3134796238244514
0.3134796238244514
0.3144654088050315
0.3144654088050315
0.3144654088050315
0.31545741324921134
0.31545741324921134
0.31545741324921134
0.31545741324921134
0.31645569620253167
0.31645569620253167
0.31746031746031744
0.31746031746031744
0.3184713375796179
0.3194888178913738
0.3194888178913738
0.3194888178913738
0.3194888178913738
0.3205128205128205
0.3205128205128205
0.3205128205128205
0.3215434083601286
0.3215434083601286
0.3215434083601286
0.3215434083601286
0.3215434083601286
0.3215434083601286
0.3215434083601286
0.3215434083601286
0.3215434083601286
0.3215434083601286
0.3225806451612903
0.3225806451612903
0.3225806451612903
0.3225806451612903
0.3236245954692557
0.3236245954692557
0.3236245954692557
0.3246753246753247
0.3246753246753247
0.32573289902280134
0.32573289902280134
0.32679738562091504
0.32679738562091504
0.32786885245901637
0.32786885245901637
0.32786885245901637
0.3289473684210526
0.3289473684210526
0.33003300330033003
0.33333333333333337
0.33444816053511706
0.3389830508474576
0.3412969283276451
0.3436426116838488
0.3436426116838488
0.3448275862068966
0.34843205574912894
0.35714285714285715
0.5649717514124294
0.5698005698005698
0.5730659025787965
0.5763688760806917
0.5813953488372093
0.5847953216374269
0.5847953216374269
0.5865102639296188
0.5865102639296188
0.5882352941176471
0.5882352941176471
0.5882352941176471
0.5882352941176471
0.5899705014749262
0.5899705014749262
0.591715976331361
0.591715976331361
0.591715976331361
0.5934718100890208
0.5952380952380952
0.5970149253731344
0.5988023952095809
0.6006006006006006
0.6006006006006006
0.6024096385542169
0.6024096385542169
0.6042296072507553
0.6042296072507553
0.6060606060606061
0.60790273556231
0.60790273556231
0.60790273556231
0.6097560975609756
0.6116207951070336
0.6116207951070336
0.6116207951070336
0.6134969325153374
0.6134969325153374
0.6153846153846154
0.6153846153846154
0.6153846153846154
0.6211180124223602
0.6211180124223602
0.625
0.6269592476489028
0.6269592476489028
0.6269592476489028
0.628930817610063
0.6309148264984227
0.6309148264984227
0.6349206349206349
0.6349206349206349
0.6349206349206349
0.6369426751592357
0.6369426751592357
0.6430868167202572
0.6430868167202572
0.6430868167202572
0.6430868167202572
0.6430868167202572
0.6451612903225806
0.6451612903225806
0.6451612903225806
0.6472491909385114
0.6472491909385114
0.6472491909385114
0.6493506493506493
0.6493506493506493
0.6493506493506493
0.6514657980456027
0.6514657980456027
0.6535947712418301
0.6535947712418301
0.6535947712418301
0.6535947712418301
0.6557377049180327
0.6557377049180327
0.6557377049180327
0.6557377049180327
0.6600660066006601
0.6644518272425249
0.6644518272425249
0.6688963210702341
0.6734006734006733
0.6756756756756757
0.6756756756756757
0.6779661016949152
0.6872852233676976
0.6872852233676976
0.6872852233676976
0.6896551724137931
0.6896551724137931
0.6896551724137931
0.6896551724137931
0.7272727272727273
0.8287292817679558
0.8310249307479225
0.8310249307479225
0.8333333333333334
0.847457627118644
0.8571428571428572
0.8571428571428572
0.8670520231213872
0.8695652173913043
0.8695652173913043
0.872093023255814
0.872093023255814
0.8746355685131195
0.8771929824561403
0.8771929824561403
0.8771929824561403
0.8797653958944283
0.8797653958944283
0.8823529411764706
0.8849557522123894
0.8849557522123894
0.8849557522123894
0.8875739644970414
0.8875739644970414
0.8875739644970414
0.8902077151335311
0.8902077151335311
0.8928571428571428
0.8928571428571428
0.8928571428571428
0.8928571428571428
0.8928571428571428
0.8955223880597015
0.8982035928143712
0.9009009009009009
0.9009009009009009
0.9036144578313252
0.9036144578313252
0.906344410876133
0.906344410876133
0.906344410876133
0.9090909090909091
0.9090909090909091
0.911854103343465
0.911854103343465
0.9146341463414633
0.9146341463414633
0.9174311926605505
0.9174311926605505
0.9202453987730062
0.9202453987730062
0.9202453987730062
0.9202453987730062
0.9230769230769231
0.9230769230769231
0.9259259259259258
0.9259259259259258
0.9259259259259258
0.9259259259259258
0.9287925696594427
0.9287925696594427
0.9287925696594427
0.9316770186335404
0.9316770186335404
0.9316770186335404
0.9316770186335404
0.9316770186335404
0.9345794392523363
0.9375
0.9375
0.9404388714733543
0.9404388714733543
0.9404388714733543
0.9404388714733543
0.9463722397476341
0.9463722397476341
0.9463722397476341
0.9463722397476341
0.949367088607595
0.949367088607595
0.949367088607595
0.949367088607595
0.949367088607595
0.9523809523809524
0.9523809523809524
0.9523809523809524
0.9554140127388535
0.9554140127388535
0.9554140127388535
0.9554140127388535
0.9554140127388535
0.9584664536741214
0.9584664536741214
0.9584664536741214
0.9584664536741214
0.9584664536741214
0.9615384615384616
0.9615384615384616
0.9615384615384616
0.964630225080386
0.964630225080386
0.967741935483871
0.967741935483871
0.967741935483871
0.967741935483871
0.967741935483871
0.967741935483871
0.967741935483871
0.9708737864077669
0.9708737864077669
0.974025974025974
0.974025974025974
0.974025974025974
0.974025974025974
0.9771986970684038
0.9771986970684038
0.9771986970684038
0.9771986970684038
0.9803921568627451
0.9803921568627451
0.9803921568627451
0.9803921568627451
0.9803921568627451
0.9803921568627451
0.9868421052631579
0.9868421052631579
0.9868421052631579
0.9933774834437087
0.9966777408637874
1.0
1.0
1.0
1.0033444816053512
1.0033444816053512
1.006711409395973
1.0101010101010102
1.0101010101010102
1.0135135135135136
1.0135135135135136
1.0135135135135136
1.0273972602739725
1.0344827586206897
1.0380622837370241
1.0416666666666665
1.0600706713780919
1.0676156583629894
1.092896174863388
1.107011070110701
1.10803324099723
1.1363636363636365
1.1494252873563218
1.1494252873563218
1.1527377521613833
1.1594202898550725
1.1594202898550725
1.1594202898550725
1.1627906976744187
1.1661807580174928
1.1695906432748537
1.1730205278592376
1.1730205278592376
1.1764705882352942
1.1799410029498525
1.1799410029498525
1.1799410029498525
1.183431952662722
1.1869436201780417
1.1869436201780417
1.1940298507462688
1.1940298507462688
1.1976047904191618
1.1976047904191618
1.1976047904191618
1.2048192771084338
1.2048192771084338
1.2048192771084338
1.2084592145015105
1.2084592145015105
1.2084592145015105
1.2084592145015105
1.2084592145015105
1.2121212121212122
1.2121212121212122
1.21580547112462
1.2195121951219512
1.2195121951219512
1.2195121951219512
1.2195121951219512
1.2195121951219512
1.2232415902140672
1.2232415902140672
1.2232415902140672
1.2232415902140672
1.2269938650306749
1.2269938650306749
1.2269938650306749
1.2269938650306749
1.2307692307692308
1.2307692307692308
1.2345679012345678
1.2345679012345678
1.2422360248447204
1.2422360248447204
1.2461059190031152
1.25
1.2539184952978055
1.2539184952978055
1.2539184952978055
1.257861635220126
1.257861635220126
1.257861635220126
1.257861635220126
1.2618296529968454
1.2618296529968454
1.2618296529968454
1.2618296529968454
1.2658227848101267
1.2658227848101267
1.2658227848101267
1.2658227848101267
1.2698412698412698
1.2698412698412698
1.2698412698412698
1.2738853503184715
1.2779552715654952
1.282051282051282
1.282051282051282
1.282051282051282
1.282051282051282
1.282051282051282
1.2903225806451613
1.2944983818770228
1.2944983818770228
1.2944983818770228
1.2987012987012987
1.2987012987012987
1.2987012987012987
1.2987012987012987
1.2987012987012987
1.2987012987012987
1.2987012987012987
1.3029315960912053
1.3029315960912053
1.3029315960912053
1.3029315960912053
1.3071895424836601
1.3114754098360655
1.3114754098360655
1.3201320132013201
1.3201320132013201
1.3289036544850499
1.3289036544850499
1.3289036544850499
1.3377926421404682
1.342281879194631
1.342281879194631
1.3513513513513513
1.3513513513513513
1.3559322033898304
1.3559322033898304
1.3559322033898304
1.3605442176870748
1.3745704467353952
1.384083044982699
1.3888888888888888
1.3888888888888888
1.3966480446927374
1.41643059490085
1.41643059490085
1.4204545454545454
1.4367816091954022
1.4367816091954022
1.440922190201729
1.4450867052023122
1.4492753623188406
1.4577259475218658
1.4577259475218658
1.466275659824047
1.466275659824047
1.4705882352941175
1.4749262536873156
1.4749262536873156
1.4749262536873156
1.483679525222552
1.483679525222552
1.488095238095238
1.488095238095238
1.488095238095238
1.4970059880239521
1.4970059880239521
1.4970059880239521
1.5015015015015014
1.5060240963855422
1.5060240963855422
1.5060240963855422
1.5105740181268883
1.5151515151515151
1.5151515151515151
1.5151515151515151
1.5197568389057752
1.5197568389057752
1.5197568389057752
1.5197568389057752
1.524390243902439
1.524390243902439
1.524390243902439
1.524390243902439
1.524390243902439
1.529051987767584
1.529051987767584
1.529051987767584
1.529051987767584
1.5337423312883436
1.5384615384615385
1.5384615384615385
1.5384615384615385
1.5384615384615385
1.5384615384615385
1.5432098765432098
1.5432098765432098
1.5432098765432098
1.5432098765432098
1.5479876160990713
1.5479876160990713
1.5479876160990713
1.5479876160990713
1.5527950310559007
1.5527950310559007
1.5527950310559007
1.557632398753894
1.557632398753894
1.5625
1.5673981191222568
1.5723270440251573
1.5723270440251573
1.5723270440251573
1.5723270440251573
1.5772870662460567
1.5772870662460567
1.5772870662460567
1.5772870662460567
1.5772870662460567
1.5772870662460567
1.5772870662460567
1.5772870662460567
1.5772870662460567
1.5772870662460567
1.5772870662460567
1.5822784810126582
1.5822784810126582
1.5822784810126582
1.5873015873015872
1.5923566878980893
1.5923566878980893
1.5923566878980893
1.5923566878980893
1.5974440894568689
1.5974440894568689
1.5974440894568689
1.5974440894568689
1.5974440894568689
1.5974440894568689
1.5974440894568689
1.6025641025641024
1.6025641025641024
1.6025641025641024
1.6025641025641024
1.6025641025641024
1.607717041800643
1.6129032258064515
1.6129032258064515
1.6129032258064515
1.6129032258064515
1.6129032258064515
1.6181229773462782
1.6233766233766231
1.6233766233766231
1.6233766233766231
1.6233766233766231
1.6233766233766231
1.6286644951140066
1.6286644951140066
1.6286644951140066
1.6286644951140066
1.6339869281045754
1.6339869281045754
1.6339869281045754
1.6339869281045754
1.6339869281045754
1.6339869281045754
1.639344262295082
1.639344262295082
1.639344262295082
1.644736842105263
1.644736842105263
1.644736842105263
1.644736842105263
1.6556291390728477
1.6611295681063125
1.680672268907563
1.694915254237288
1.69971671388102
1.7064846416382253
1.7064846416382253
1.718213058419244
1.718213058419244
1.729106628242075
1.7301038062283738
1.7341040462427744
1.7341040462427744
1.7361111111111112
1.7421602787456445
1.7421602787456445
1.744186046511628
1.744186046511628
1.7543859649122806
1.7595307917888565
1.7605633802816902
1.76678445229682
1.7804154302670623
1.791044776119403
1.7964071856287425
1.7964071856287425
1.8018018018018018
1.8072289156626504
1.8072289156626504
1.8072289156626504
1.812688821752266
1.812688821752266
1.8181818181818181
1.8181818181818181
1.82370820668693
1.8292682926829267
1.8292682926829267
1.834862385321101
1.834862385321101
1.8404907975460123
1.8404907975460123
1.8461538461538463
1.8461538461538463
1.8461538461538463
1.8518518518518516
1.8518518518518516
1.8518518518518516
1.8518518518518516
1.8575851393188854
1.8575851393188854
1.8575851393188854
1.8691588785046727
1.8691588785046727
1.8691588785046727
1.8691588785046727
1.875
1.875
1.8808777429467085
1.8867924528301887
1.8927444794952681
1.8927444794952681
1.8927444794952681
1.89873417721519
1.9047619047619049
1.910828025477707
1.9169329073482428
1.9169329073482428
1.9169329073482428
1.9230769230769231
1.9230769230769231
1.9230769230769231
1.9230769230769231
1.929260450160772
1.929260450160772
1.935483870967742
1.9417475728155338
1.9417475728155338
1.9417475728155338
1.9417475728155338
1.948051948051948
1.948051948051948
1.948051948051948
1.9498607242339834
1.9543973941368076
1.9543973941368076
1.9543973941368076
1.9543973941368076
1.9607843137254901
1.9662921348314606
1.9672131147540985
1.9672131147540985
1.971830985915493
1.9736842105263157
1.9736842105263157
1.9736842105263157
1.977401129943503
1.9830028328611897
1.9886363636363635
2.0
2.013422818791946
2.0202020202020203
2.0202020202020203
2.023121387283237
2.0289855072463765
2.0408163265306123
2.0408163265306123
2.046783625730994
2.04778156996587
2.04778156996587
2.0527859237536656
2.054794520547945
2.054794520547945
2.0588235294117645
2.0618556701030926
2.0648967551622417
2.0689655172413794
2.0710059171597637
2.0710059171597637
2.083333333333333
2.0895522388059704
2.0895522388059704
2.0905923344947737
2.095808383233533
2.095808383233533
2.095808383233533
2.108433734939759
2.112676056338028
2.1148036253776437
2.1201413427561837
2.1212121212121215
2.1212121212121215
2.1212121212121215
2.127659574468085
2.1406727828746175
2.1406727828746175
2.1406727828746175
2.1406727828746175
2.1406727828746175
2.147239263803681
2.147239263803681
2.147239263803681
2.1538461538461537
2.1538461538461537
2.158273381294964
2.1604938271604937
2.1604938271604937
2.1671826625387
2.1739130434782608
2.1739130434782608
2.1739130434782608
2.1806853582554515
2.1806853582554515
2.1806853582554515
2.1806853582554515
2.1875
2.1875
2.1875
2.1875
2.1875
2.1875
2.19435736677116
2.19435736677116
2.2082018927444795
2.2082018927444795
2.2082018927444795
2.2082018927444795
2.2082018927444795
2.2151898734177213
2.2151898734177213
2.2222222222222223
2.2222222222222223
2.2222222222222223
2.2284122562674096
2.229299363057325
2.229299363057325
2.229299363057325
2.229299363057325
2.229299363057325
2.2346368715083798
2.2364217252396164
2.2364217252396164
2.2408963585434174
2.2435897435897436
2.2435897435897436
2.2435897435897436
2.2508038585209005
2.2508038585209005
2.2508038585209005
2.2508038585209005
2.2508038585209005
2.258064516129032
2.258064516129032
2.26537216828479
2.26537216828479
2.26537216828479
2.26537216828479
2.272727272727273
2.2801302931596092
2.2801302931596092
2.2857142857142856
2.287581699346405
2.287581699346405
2.2950819672131146
2.2950819672131146
2.31023102310231
2.3178807947019866
2.3333333333333335
2.341137123745819
2.341137123745819
2.346041055718475
2.346041055718475
2.348993288590604
2.3529411764705883
2.3529411764705883
2.356902356902357
2.356902356902357
2.359882005899705
2.364864864864865
2.3738872403560833
2.3738872403560833
2.3738872403560833
2.3738872403560833
2.380952380952381
2.3880597014925375
2.3952095808383236
2.3952095808383236
2.3952095808383236
2.3952095808383236
2.3972602739726026
2.3972602739726026
2.4024024024024024
2.405498281786942
2.4096385542168677
2.4096385542168677
2.416918429003021
2.422145328719723
2.4242424242424243
2.4242424242424243
2.4242424242424243
2.4242424242424243
2.4242424242424243
2.4242424242424243
2.430555555555556
2.4390243902439024
2.4390243902439024
2.4390243902439024
2.4390243902439024
2.4464831804281344
2.4539877300613497
2.4539877300613497
2.4539877300613497
2.4615384615384617
2.4615384615384617
2.4615384615384617
2.4615384615384617
2.4615384615384617
2.4615384615384617
2.464788732394366
2.4691358024691357
2.4691358024691357
2.476780185758514
2.476780185758514
2.484472049689441
2.484472049689441
2.484472049689441
2.4922118380062304
2.4922118380062304
2.5
2.5
2.5
2.5
2.5
2.507836990595611
2.507836990595611
2.5089605734767026
2.5089605734767026
2.5236593059936907
2.5316455696202533
2.5396825396825395
2.547770700636943
2.547770700636943
2.547770700636943
2.5559105431309903
2.5559105431309903
2.5559105431309903
2.564102564102564
2.572347266881029
2.572347266881029
2.572347266881029
2.572347266881029
2.5787965616045847
2.5806451612903225
2.5806451612903225
2.5889967637540456
2.5974025974025974
2.5974025974025974
2.601156069364162
2.601156069364162
2.608695652173913
2.608695652173913
2.6143790849673203
2.6143790849673203
2.6143790849673203
2.6143790849673203
2.6143790849673203
2.616279069767442
2.616279069767442
2.622950819672131
2.622950819672131
2.622950819672131
2.622950819672131
2.623906705539359
2.631578947368421
2.631578947368421
2.6392961876832843
2.6402640264026402
2.6402640264026402
2.6402640264026402
2.6402640264026402
2.6490066225165565
2.6490066225165565
2.6578073089700998
2.6578073089700998
2.6627218934911245
2.6627218934911245
2.6706231454005933
2.6706231454005933
2.6755852842809364
2.6755852842809364
2.6755852842809364
2.6785714285714284
2.6785714285714284
2.6865671641791042
2.6865671641791042
2.6936026936026933
2.6936026936026933
2.694610778443114
2.694610778443114
2.710843373493976
2.711864406779661
2.719033232628399
2.719033232628399
2.719033232628399
2.727272727272727
2.727272727272727
2.735562310030395
2.73972602739726
2.73972602739726
2.7491408934707904
2.7522935779816518
2.7522935779816518
2.7522935779816518
2.7586206896551726
2.7607361963190185
2.769230769230769
2.769230769230769
2.769230769230769
2.7777777777777777
2.7777777777777777
2.7777777777777777
2.7777777777777777
2.7777777777777777
2.7777777777777777
2.7777777777777777
2.7777777777777777
2.786377708978328
2.786377708978328
2.786377708978328
2.786377708978328
2.786377708978328
2.7950310559006213
2.7950310559006213
2.7950310559006213
2.7950310559006213
2.803738317757009
2.803738317757009
2.803738317757009
2.807017543859649
2.8089887640449436
2.8125
2.8213166144200628
2.8213166144200628
2.8301886792452833
2.8301886792452833
2.8301886792452833
2.8301886792452833
2.8328611898017
2.8391167192429023
2.8391167192429023
2.849002849002849
2.857142857142857
2.857142857142857
2.857142857142857
2.8662420382165608
2.867383512544803
2.8753993610223643
2.8753993610223643
2.8846153846153846
2.8846153846153846
2.8846153846153846
2.8846153846153846
2.8846153846153846
2.8901734104046244
2.8938906752411575
2.8938906752411575
2.903225806451613
2.903225806451613
2.903225806451613
2.903225806451613
2.903225806451613
2.903225806451613
2.903225806451613
2.903225806451613
2.912621359223301
2.912621359223301
2.912621359223301
2.912621359223301
2.912621359223301
2.922077922077922
2.922077922077922
2.922077922077922
2.922077922077922
2.922077922077922
2.922077922077922
2.923976608187134
2.923976608187134
2.9315960912052117
2.9315960912052117
2.9315960912052117
2.932551319648094
2.932551319648094
2.941176470588235
2.941176470588235
2.941176470588235
2.949852507374631
2.949852507374631
2.9508196721311477
2.9508196721311477
2.9585798816568047
2.9585798816568047
2.9605263157894735
2.967359050445104
2.967359050445104
2.967359050445104
2.967359050445104
2.9702970297029703
2.976190476190476
2.980132450331126
2.980132450331126
2.990033222591362
2.990033222591362
2.9940119760479043
2.997275204359673
3.0
3.003003003003003
3.003003003003003
3.0120481927710845
3.0120481927710845
3.0201342281879198
3.0201342281879198
3.0303030303030303
3.0303030303030303
3.0303030303030303
3.0303030303030303
3.0303030303030303
3.0395136778115504
3.0395136778115504
3.0395136778115504
3.040540540540541
3.0470914127423825
3.048780487804878
3.048780487804878
3.048780487804878
3.050847457627119
3.050847457627119
3.058103975535168
3.058103975535168
3.058103975535168
3.058103975535168
3.058103975535168
3.067484662576687
3.067484662576687
3.072625698324022
3.076923076923077
3.076923076923077
3.076923076923077
3.0821917808219177
3.0864197530864197
3.0864197530864197
3.0927835051546393
3.0927835051546393
3.0959752321981426
3.0959752321981426
3.0959752321981426
3.0959752321981426
3.0959752321981426
3.0959752321981426
3.0959752321981426
3.1055900621118013
3.1055900621118013
3.1055900621118013
3.1055900621118013
3.1055900621118013
3.1055900621118013
3.1055900621118013
3.1055900621118013
3.1055900621118013
3.1141868512110724
3.115264797507788
3.115264797507788
3.115264797507788
3.115264797507788
3.125
3.125
3.125
3.1347962382445136
3.1347962382445136
3.1347962382445136
3.1428571428571432
3.1446540880503147
3.1446540880503147
3.1446540880503147
3.146853146853147
3.151862464183381
3.1545741324921135
3.1545741324921135
3.1545741324921135
3.1545741324921135
3.1545741324921135
3.1545741324921135
3.1578947368421053
3.1609195402298855
3.1609195402298855
3.1645569620253164
3.169014084507042
3.1746031746031744
3.1847133757961785
3.1847133757961785
3.1847133757961785
3.1847133757961785
3.1847133757961785
3.1847133757961785
3.1948881789137378
3.1948881789137378
3.1976744186046515
3.205128205128205
3.205128205128205
3.205128205128205
3.214285714285714
3.215434083601286
3.225806451612903
3.225806451612903
3.225806451612903
3.225806451612903
3.225806451612903
3.225806451612903
3.2352941176470593
3.2352941176470593
3.2362459546925564
3.2362459546925564
3.2362459546925564
3.2362459546925564
3.2362459546925564
3.2448377581120944
3.2448377581120944
3.2448377581120944
3.2467532467532463
3.2467532467532463
3.2467532467532463
3.2544378698224854
3.257328990228013
3.2679738562091507
3.272727272727273
3.278688524590164
3.278688524590164
3.278688524590164
3.278688524590164
3.289473684210526
3.293413173652695
3.303303303303303
3.303303303303303
3.3112582781456954
3.313253012048193
3.314917127071823
3.3210332103321036
3.3232628398791544
3.3333333333333335
3.3333333333333335
3.3333333333333335
3.343465045592705
3.343465045592705
3.343465045592705
3.3444816053511706
3.353658536585366
3.353658536585366
3.3639143730886847
3.3639143730886847
3.3639143730886847
3.3670033670033668
3.3670033670033668
3.3670033670033668
3.3670033670033668
3.3670033670033668
3.3670033670033668
3.374233128834356
3.3802816901408446
3.3846153846153846
3.389830508474576
3.389830508474576
3.3950617283950617
3.39943342776204
3.4055727554179565
3.4055727554179565
3.4055727554179565
3.4090909090909087
3.4161490683229814
3.418803418803419
3.418803418803419
3.4246575342465753
3.4383954154727796
3.4383954154727796
3.439153439153439
3.4482758620689653
3.4482758620689653
3.4482758620689653
3.4482758620689653
3.4482758620689653
3.4482758620689653
3.459119496855346
3.459119496855346
3.4700315457413247
3.4700315457413247
3.4700315457413247
3.4700315457413247
3.4700315457413247
3.4722222222222223
3.4782608695652173
3.481012658227848
3.481012658227848
3.484320557491289
3.492063492063492
3.492063492063492
3.492063492063492
3.5031847133757963
3.5031847133757963
3.508771929824561
3.508771929824561
3.5143769968051117
3.5256410256410255
3.536977491961415
3.536977491961415
3.536977491961415
3.536977491961415
3.5398230088495577
3.5483870967741935
3.5483870967741935
3.5483870967741935
3.5502958579881656
3.559870550161812
3.559870550161812
3.559870550161812
3.571428571428571
3.571428571428571
3.571428571428571
3.571428571428571
3.571428571428571
3.571428571428571
3.571428571428571
3.582089552238806
3.5830618892508146
3.5830618892508146
3.5830618892508146
3.592814371257485
3.6036036036036037
3.618421052631579
3.625377643504532
3.625377643504532
3.625377643504532
3.625377643504532
3.6363636363636362
3.6363636363636362
3.642384105960265
3.64741641337386
3.6544850498338874
3.6544850498338874
3.6585365853658534
3.6585365853658534
3.6585365853658534
3.669724770642202
3.669724770642202
3.678929765886288
3.678929765886288
3.678929765886288
3.6809815950920246
3.6809815950920246
3.6809815950920246
3.691275167785235
3.691275167785235
3.691275167785235
3.6923076923076925
3.7037037037037033
3.7037037037037033
3.7037037037037033
3.7037037037037033
3.7037037037037033
3.7037037037037033
3.7037037037037033
3.7142857142857144
3.7151702786377707
3.7151702786377707
3.7151702786377707
3.7151702786377707
3.7249283667621778
3.7267080745341614
3.7267080745341614
3.728813559322034
3.7356321839080464
3.7383177570093453
3.741496598639456
3.741496598639456
3.75
3.75
3.754266211604096
3.7572254335260116
3.7572254335260116
3.7572254335260116
3.761755485893417
3.761755485893417
3.767123287671233
3.7735849056603774
3.7735849056603774
3.7735849056603774
3.77906976744186
3.7800687285223367
3.7800687285223367
3.7854889589905363
3.7854889589905363
3.7854889589905363
3.79746835443038
3.79746835443038
3.79746835443038
3.79746835443038
3.79746835443038
3.8095238095238098
3.8194444444444446
3.8194444444444446
3.821656050955414
3.821656050955414
3.823529411764706
3.823529411764706
3.823529411764706
3.8327526132404177
3.8338658146964857
3.8338658146964857
3.8348082595870205
3.8348082595870205
3.8461538461538463
3.8461538461538463
3.8461538461538463
3.8461538461538463
3.8461538461538463
3.8461538461538463
3.857566765578635
3.858520900321544
3.858520900321544
3.858520900321544
3.858520900321544
3.858520900321544
3.869047619047619
3.869047619047619
3.870967741935484
3.870967741935484
3.870967741935484
3.870967741935484
3.870967741935484
3.873239436619718
3.873239436619718
3.8834951456310676
3.8834951456310676
3.8834951456310676
3.8922155688622757
3.896103896103896
3.908794788273615
3.908794788273615
3.91566265060241
3.91566265060241
3.927492447129909
3.927492447129909
3.934426229508197
3.934426229508197
3.934426229508197
3.939393939393939
3.939393939393939
3.939393939393939
3.9473684210526314
3.9473684210526314
3.9473684210526314
3.9473684210526314
3.951367781155015
3.951367781155015
3.951367781155015
3.9634146341463414
3.9634146341463414
3.9634146341463414
3.9634146341463414
3.9634146341463414
3.9735099337748347
3.9735099337748347
3.9755351681957185
3.9755351681957185
3.9755351681957185
3.9755351681957185
3.9877300613496933
4.0
4.0
4.013377926421405
4.024767801857585
4.024767801857585
4.024767801857585
4.026845637583892
4.026845637583892
4.034582132564841
4.040404040404041
4.044117647058823
4.049844236760125
4.049844236760125
4.049844236760125
4.054054054054054
4.0625
4.0625
4.0625
4.067796610169491
4.075235109717868
4.075235109717868
4.075235109717868
4.081632653061225
4.081632653061225
4.088050314465408
4.088050314465408
4.09556313993174
4.100946372239748
4.10958904109589
4.10958904109589
4.113924050632911
4.113924050632911
4.113924050632911
4.113924050632911
4.113924050632911
4.113924050632911
4.117647058823529
4.117647058823529
4.123711340206185
4.1269841269841265
4.1269841269841265
4.137931034482759
4.137931034482759
4.140127388535031
4.15335463258786
4.15335463258786
4.15335463258786
4.15335463258786
4.154302670623145
4.154302670623145
4.154302670623145
4.154302670623145
4.166666666666666
4.166666666666666
4.166666666666666
4.166666666666666
4.179104477611941
4.179104477611941
4.179104477611941
4.179104477611941
4.180064308681672
4.180064308681672
4.180064308681672
4.180064308681672
4.180064308681672
4.193548387096775
4.193548387096775
4.193548387096775
4.193548387096775
4.193548387096775
4.2042042042042045
4.207119741100324
4.207119741100324
4.2105263157894735
4.2105263157894735
4.216867469879518
4.216867469879518
4.220779220779221
4.220779220779221
4.220779220779221
4.225352112676056
4.229607250755287
4.234527687296417
4.234527687296417
4.234527687296417
4.234527687296417
4.242424242424243
4.248366013071895
4.248366013071895
4.248366013071895
4.25531914893617
4.25531914893617
4.25531914893617
4.2622950819672125
4.2622950819672125
4.2622950819672125
4.2682926829268295
4.2682926829268295
4.2682926829268295
4.2682926829268295
4.2682926829268295
4.2682926829268295
4.270462633451958
4.276315789473684
4.276315789473684
4.276315789473684
4.281345565749235
4.281345565749235
4.29042904290429
4.294478527607362
4.294478527607362
4.294478527607362
4.294478527607362
4.297994269340974
4.304635761589404
4.318936877076411
4.320987654320987
4.320987654320987
4.322766570605188
4.322766570605188
4.333333333333334
4.335260115606936
4.3478260869565215
4.361370716510903
4.375
4.375
4.375
4.377104377104377
4.377104377104377
4.377104377104377
4.377104377104377
4.377104377104377
4.385964912280701
4.38871473354232
4.38871473354232
4.38871473354232
4.391891891891892
4.391891891891892
4.398826979472141
4.398826979472141
4.40251572327044
4.40251572327044
4.406779661016949
4.406779661016949
4.411764705882353
4.411764705882353
4.416403785488959
4.421768707482993
4.424778761061947
4.430379746835443
4.430379746835443
4.430379746835443
4.451038575667656
4.451038575667656
4.4520547945205475
4.45859872611465
4.45859872611465
4.472843450479233
4.472843450479233
4.472843450479233
4.472843450479233
4.477611940298507
4.482758620689655
4.487179487179487
4.487179487179487
4.487179487179487
4.487179487179487
4.487179487179487
4.491017964071856
4.498269896193772
4.501607717041801
4.501607717041801
4.501607717041801
4.507042253521127
4.513888888888888
4.513888888888888
4.516129032258064
4.529616724738676
4.545454545454546
4.545454545454546
4.545454545454546
4.545454545454546
4.545454545454546
4.5592705167173255
4.5592705167173255
4.5592705167173255
4.5602605863192185
4.5602605863192185
4.5602605863192185
4.5602605863192185
4.5602605863192185
4.5602605863192185
4.5602605863192185
4.571428571428571
4.573170731707317
4.573170731707317
4.57516339869281
4.57516339869281
4.587155963302752
4.593639575971731
4.601226993865031
4.601226993865031
4.601226993865031
4.601226993865031
4.601226993865031
4.605263157894736
4.610951008645533
4.615384615384616
4.615384615384616
4.624277456647398
4.6263345195729535
4.62962962962963
4.62962962962963
4.62962962962963
4.643962848297214
4.658385093167702
4.659498207885305
4.664723032069971
4.666666666666667
4.672897196261682
4.678362573099415
4.682274247491638
4.6875
4.6875
4.693140794223827
4.702194357366771
4.713804713804714
4.713804713804714
4.713804713804714
4.72972972972973
4.72972972972973
4.72972972972973
4.733727810650888
4.746835443037975
4.746835443037975
4.746835443037975
4.746835443037975
4.747774480712167
4.747774480712167
4.747774480712167
4.761904761904762
4.761904761904762
4.761904761904762
4.776119402985075
4.776119402985075
4.776119402985075
4.777070063694268
4.778156996587031
4.794520547945205
4.794520547945205
4.804804804804805
4.807692307692308
4.807692307692308
4.810996563573884
4.823151125401929
4.823151125401929
4.823151125401929
4.823151125401929
4.823151125401929
4.823151125401929
4.823151125401929
4.823151125401929
4.833836858006042
4.838709677419355
4.838709677419355
4.843304843304843
4.848484848484849
4.854368932038835
4.854368932038835
4.86322188449848
4.870129870129871
4.870129870129871
4.871060171919771
4.878048780487805
4.878048780487805
4.878048780487805
4.878048780487805
4.885057471264368
4.88599348534202
4.88599348534202
4.892966360856269
4.901960784313726
4.901960784313726
4.901960784313726
4.9079754601226995
4.9079754601226995
4.9079754601226995
4.9079754601226995
4.913294797687861
4.913294797687861
4.918032786885246
4.918032786885246
4.923076923076923
4.923076923076923
4.923076923076923
4.934210526315789
4.938271604938271
4.938271604938271
4.938271604938271
4.941860465116279
4.941860465116279
4.9504950495049505
4.953560371517028
4.953560371517028
4.953560371517028
4.966887417218543
4.966887417218543
4.968944099378882
4.968944099378882
4.968944099378882
4.972375690607735
4.983388704318937
4.984423676012461
5.0
5.0
5.015673981191222
5.015673981191222
5.031446540880504
5.033557046979865
5.0359712230215825
5.042016806722689
5.044510385756676
5.047318611987381
5.047318611987381
5.047318611987381
5.05050505050505
5.063291139240507
5.063291139240507
5.074626865671641
5.079365079365079
5.079365079365079
5.084745762711865
5.084745762711865
5.084745762711865
5.084745762711865
5.084745762711865
5.089820359281437
5.095541401273886
5.1020408163265305
5.1020408163265305
5.105105105105105
5.105105105105105
5.111821086261981
5.111821086261981
5.1194539249146755
5.1194539249146755
5.128205128205128
5.13595166163142
5.136986301369863
5.136986301369863
5.136986301369863
5.136986301369863
5.144694533762058
5.151515151515151
5.154639175257731
5.154639175257731
5.161290322580645
5.161290322580645
5.172413793103448
5.172413793103448
5.172413793103448
5.177111716621254
5.177993527508091
5.177993527508091
5.177993527508091
5.182926829268292
5.182926829268292
5.182926829268292
5.182926829268292
5.182926829268292
5.194805194805195
5.194805194805195
5.194805194805195
5.194805194805195
5.194805194805195
5.194805194805195
5.194805194805195
5.194805194805195
5.194805194805195
5.211726384364821
5.211726384364821
5.211726384364821
5.214723926380368
5.214723926380368
5.214723926380368
5.217391304347826
5.2264808362369335
5.230769230769231
5.230769230769231
5.230769230769231
5.232558139534884
5.245901639344262
5.245901639344262
5.245901639344262
5.246913580246913
5.263157894736842
5.263157894736842
5.263157894736842
5.263157894736842
5.263157894736842
5.263157894736842
5.278592375366569
5.279503105590062
5.279503105590062
5.279503105590062
5.279503105590062
5.279503105590062
5.28169014084507
5.294117647058823
5.29595015576324
5.29595015576324
5.29595015576324
5.298013245033113
5.298013245033113
5.298013245033113
5.298013245033113
5.325443786982249
5.329153605015674
5.341246290801187
5.351170568561873
5.351170568561873
5.351170568561873
5.351170568561873
5.357142857142857
5.357142857142857
5.3627760252365935
5.3627760252365935
5.3627760252365935
5.369127516778524
5.379746835443038
5.379746835443038
5.379746835443038
5.387205387205387
5.389221556886228
5.389221556886228
5.396825396825397
5.414012738853503
5.414012738853503
5.414012738853503
5.421686746987952
5.431309904153355
5.431309904153355
5.431309904153355
5.438066465256798
5.438066465256798
5.442176870748299
5.442176870748299
5.442176870748299
5.448717948717949
5.448717948717949
5.448717948717949
5.448717948717949
5.460750853242321
5.460750853242321
5.466237942122187
5.47112462006079
5.47112462006079
5.47112462006079
5.47945205479452
5.47945205479452
5.47945205479452
5.483870967741936
5.483870967741936
5.483870967741936
5.483870967741936
5.483870967741936
5.483870967741936
5.483870967741936
5.487804878048781
5.501618122977346
5.501618122977346
5.501618122977346
5.501618122977346
5.5045871559633035
5.5045871559633035
5.5045871559633035
5.5045871559633035
5.517241379310345
5.51948051948052
5.521472392638037
5.521472392638037
5.521472392638037
5.521472392638037
5.537459283387622
5.537459283387622
5.537459283387622
5.537459283387622
5.537459283387622
5.539358600583091
5.539358600583091
5.555555555555555
5.555555555555555
5.555555555555555
5.571847507331378
5.572755417956656
5.572755417956656
5.572755417956656
5.572755417956656
5.573770491803279
5.573770491803279
5.573770491803279
5.573770491803279
5.573770491803279
5.574912891986063
5.590062111801243
5.590062111801243
5.590062111801243
5.592105263157895
5.604719764011799
5.607476635514018
5.607476635514018
5.6105610561056105
5.621301775147929
5.625
5.625
5.625
5.629139072847682
5.629139072847682
5.633802816901409
5.647840531561462
5.647840531561462
5.660377358490567
5.666666666666666
5.678233438485805
5.678233438485805
5.678233438485805
5.68561872909699
5.68561872909699
5.688622754491018
5.688622754491018
5.69620253164557
5.704697986577181
5.714285714285714
5.714285714285714
5.714285714285714
5.723905723905724
5.723905723905724
5.7324840764331215
5.7324840764331215
5.7324840764331215
5.7324840764331215
5.7324840764331215
5.743243243243244
5.747126436781609
5.747126436781609
5.7507987220447285
5.7507987220447285
5.7507987220447285
5.7507987220447285
5.757575757575758
5.762711864406779
5.762711864406779
5.769230769230769
5.769230769230769
5.775075987841945
5.775075987841945
5.782312925170068
5.782312925170068
5.782312925170068
5.782312925170068
5.787781350482315
5.787781350482315
5.787781350482315
5.787781350482315
5.7926829268292686
5.802047781569966
5.806451612903226
5.806451612903226
5.806451612903226
5.81039755351682
5.81039755351682
5.81039755351682
5.813953488372093
5.821917808219178
5.821917808219178
5.825242718446602
5.825242718446602
5.825242718446602
5.830903790087463
5.841924398625429
5.841924398625429
5.841924398625429
5.844155844155844
5.863192182410423
5.863192182410423
5.864197530864197
5.864197530864197
5.864197530864197
5.88235294117647
5.88235294117647
5.88235294117647
5.88235294117647
5.900621118012422
5.900621118012422
5.900621118012422
5.900621118012422
5.901639344262295
5.901639344262295
5.902777777777778
5.904059040590406
5.9171597633136095
5.919003115264798
5.919003115264798
5.919003115264798
5.919003115264798
5.919003115264798
5.921052631578947
5.921052631578947
5.934718100890208
5.934718100890208
5.9375
5.9375
5.9405940594059405
5.944055944055944
5.956112852664576
5.960264900662252
5.9620596205962055
5.964912280701754
5.970149253731343
5.970149253731343
5.9748427672955975
5.9880239520958085
5.993690851735016
6.0
6.0
6.0
6.006006006006006
6.006006006006006
6.006006006006006
6.007067137809187
6.012658227848101
6.012658227848101
6.012658227848101
6.012658227848101
6.012658227848101
6.0200668896321075
6.0200668896321075
6.024096385542169
6.0402684563758395
6.042296072507553
6.050955414012739
6.050955414012739
6.0606060606060606
6.0606060606060606
6.0606060606060606
6.0606060606060606
6.0606060606060606
6.0606060606060606
6.0606060606060606
6.0606060606060606
6.069364161849711
6.069364161849711
6.070287539936102
6.070287539936102
6.070287539936102
6.081081081081082
6.081081081081082
6.086956521739131
6.089743589743589
6.089743589743589
6.089743589743589
6.089743589743589
6.089743589743589
6.101694915254238
6.104651162790697
6.109324758842444
6.109324758842444
6.109324758842444
6.116207951070336
6.116207951070336
6.122448979591836
6.129032258064516
6.134969325153374
6.134969325153374
6.134969325153374
6.134969325153374
6.140350877192982
6.148867313915858
6.153846153846154
6.153846153846154
6.164383561643835
6.164383561643835
6.1688311688311686
6.1688311688311686
6.185567010309279
6.185567010309279
6.188925081433225
6.188925081433225
6.191950464396285
6.1946902654867255
6.209150326797386
6.209150326797386
6.209150326797386
6.209150326797386
6.211180124223603
6.231454005934718
6.25
6.25
6.25
6.25
6.25
6.25
6.25
6.25
6.25
6.25
6.25
6.25
6.25
6.25
6.270627062706271
6.2717770034843205
6.273062730627306
6.289308176100629
6.289308176100629
6.289308176100629
6.289308176100629
6.306306306306306
6.309148264984227
6.309148264984227
6.312292358803987
6.312292358803987
6.325301204819277
6.325301204819277
6.325301204819277
6.329113924050633
6.329113924050633
6.329113924050633
6.329113924050633
6.333333333333334
6.333333333333334
6.333333333333334
6.349206349206349
6.353591160220995
6.354515050167224
6.354515050167224
6.363636363636363
6.367041198501873
6.369426751592357
6.369426751592357
6.3768115942028984
6.382978723404255
6.3897763578274756
6.395348837209303
6.397306397306397
6.402439024390244
6.41025641025641
6.41025641025641
6.41025641025641
6.418918918918918
6.422018348623854
6.422018348623854
6.430868167202572
6.430868167202572
6.430868167202572
6.432748538011696
6.440677966101695
6.441717791411043
6.441717791411043
6.441717791411043
6.451612903225806
6.451612903225806
6.451612903225806
6.451612903225806
6.451612903225806
6.461538461538462
6.461538461538462
6.462585034013606
6.462585034013606
6.472491909385113
6.472491909385113
6.472491909385113
6.481481481481481
6.484641638225256
6.484641638225256
6.484641638225256
6.493506493506493
6.493506493506493
6.5015479876160995
6.506849315068493
6.506849315068493
6.506849315068493
6.521739130434782
6.529209621993128
6.529209621993128
6.529209621993128
6.535947712418301
6.5420560747663545
6.547619047619048
6.547619047619048
6.551724137931035
6.557377049180328
6.557377049180328
6.5625
6.5625
6.5625
6.567164179104477
6.578947368421052
6.578947368421052
6.578947368421052
6.583072100313479
6.583072100313479
6.583072100313479
6.597222222222222
6.6006600660066
6.6006600660066
6.6006600660066
6.6006600660066
6.60377358490566
6.60377358490566
6.60377358490566
6.60377358490566
6.60377358490566
6.60377358490566
6.606606606606606
6.620209059233449
6.622516556291391
6.622516556291391
6.622516556291391
6.626506024096386
6.626506024096386
6.642066420664207
6.643356643356643
6.64451827242525
6.645569620253164
6.645569620253164
6.645569620253164
6.645569620253164
6.645569620253164
6.646525679758309
6.646525679758309
6.666666666666667
6.68693009118541
6.68693009118541
6.687898089171974
6.687898089171974
6.687898089171974
6.688963210702341
6.688963210702341
6.691449814126393
6.705539358600583
6.705539358600583
6.707317073170732
6.707317073170732
6.707317073170732
6.7092651757188495
6.7092651757188495
6.7092651757188495
6.7114093959731544
6.7114093959731544
6.7114093959731544
6.713780918727916
6.7164179104477615
6.725146198830409
6.730769230769231
6.730769230769231
6.730769230769231
6.7340067340067336
6.748466257668712
6.748466257668712
6.752411575562702
6.752411575562702
6.752411575562702
6.752411575562702
6.752411575562702
6.756756756756757
6.761565836298933
6.764705882352941
6.769230769230769
6.769230769230769
6.769230769230769
6.774193548387098
6.774193548387098
6.774193548387098
6.779661016949152
6.784660766961652
6.785714285714286
6.785714285714286
6.796116504854369
6.796116504854369
6.796116504854369
6.802721088435375
6.804733727810651
6.811145510835913
6.8181818181818175
6.8181818181818175
6.8181818181818175
6.8181818181818175
6.824925816023739
6.824925816023739
6.825938566552901
6.825938566552901
6.825938566552901
6.832298136645963
6.840390879478828
6.840390879478828
6.845238095238096
6.8493150684931505
6.853582554517133
6.853582554517133
6.862745098039216
6.862745098039216
6.862745098039216
6.862745098039216
6.862745098039216
6.862745098039216
6.862745098039216
6.865671641791045
6.872852233676976
6.872852233676976
6.872852233676976
6.872852233676976
6.872852233676976
6.875000000000001
6.885245901639345
6.885245901639345
6.88622754491018
6.88622754491018
6.896551724137931
6.896551724137931
6.896551724137931
6.896551724137931
6.896551724137931
6.906906906906906
6.907894736842106
6.918238993710692
6.918238993710692
6.918238993710692
6.920415224913495
6.927710843373494
6.9306930693069315
6.9306930693069315
6.940063091482649
6.940063091482649
6.940063091482649
6.940063091482649
6.944444444444445
6.948640483383686
6.95364238410596
6.956521739130435
6.962025316455696
6.968641114982578
6.969696969696971
6.969696969696971
6.969696969696971
6.976744186046512
6.984126984126984
6.990881458966565
6.993006993006993
6.993006993006993
6.993006993006993
7.000000000000001
7.006369426751593
7.01219512195122
7.017543859649122
7.017543859649122
7.023411371237458
7.023411371237458
7.0287539936102235
7.0287539936102235
7.033639143730887
7.042253521126761
7.046979865771812
7.046979865771812
7.051282051282051
7.07070707070707
7.07070707070707
7.07070707070707
7.07395498392283
7.076923076923077
7.076923076923077
7.079646017699115
7.092198581560284
7.094594594594595
7.094594594594595
7.094594594594595
7.096774193548387
7.096774193548387
7.096774193548387
7.096774193548387
7.096774193548387
7.100591715976331
7.118644067796611
7.119741100323624
7.119741100323624
7.119741100323624
7.119741100323624
7.119741100323624
7.120743034055728
7.120743034055728
7.142857142857142
7.142857142857142
7.142857142857142
7.164179104477612
7.164179104477612
7.164179104477612
7.165109034267912
7.165109034267912
7.165109034267912
7.165109034267912
7.166123778501629
7.167235494880546
7.167235494880546
7.167235494880546
7.168458781362006
7.187499999999999
7.187499999999999
7.18954248366013
7.191780821917808
7.191780821917808
7.191780821917808
7.204610951008646
7.207207207207207
7.210031347962382
7.210031347962382
7.210031347962382
7.213114754098362
7.213114754098362
7.225433526011561
7.232704402515723
7.232704402515723
7.236842105263158
7.236842105263158
7.236842105263158
7.241379310344828
7.241379310344828
7.250755287009064
7.250755287009064
7.255520504731862
7.255520504731862
7.2607260726072615
7.26643598615917
7.2727272727272725
7.2727272727272725
7.2727272727272725
7.2784810126582276
7.2784810126582276
7.291666666666667
7.301587301587302
7.301587301587302
7.301587301587302
7.301587301587302
7.308970099667775
7.309941520467836
7.309941520467836
7.317073170731707
7.32484076433121
7.333333333333333
7.333333333333333
7.333333333333333
7.339449541284404
7.339449541284404
7.339449541284404
7.3426573426573425
7.3426573426573425
7.348242811501597
7.348242811501597
7.348242811501597
7.348242811501597
7.348242811501597
7.348242811501597
7.348242811501597
7.352941176470589
7.361963190184049
7.361963190184049
7.38255033557047
7.384615384615385
7.384615384615385
7.395498392282958
7.395498392282958
7.4074074074074066
7.4074074074074066
7.4074074074074066
7.419354838709677
7.419354838709677
7.419354838709677
7.419354838709677
7.420494699646643
7.430340557275541
7.4324324324324325
7.443365695792881
7.443365695792881
7.443365695792881
7.453416149068323
7.453416149068323
7.453416149068323
7.467532467532467
7.467532467532467
7.476635514018691
7.476635514018691
7.482993197278912
7.482993197278912
7.482993197278912
7.491856677524431
7.491856677524431
7.492795389048991
7.5
7.508532423208192
7.516339869281046
7.516339869281046
7.516339869281046
7.523510971786834
7.523510971786834
7.523510971786834
7.523510971786834
7.523510971786834
7.534246575342466
7.534246575342466
7.534246575342466
7.540983606557377
7.540983606557377
7.547169811320755
7.547169811320755
7.560137457044673
7.560137457044673
7.565789473684211
7.565789473684211
7.565789473684211
7.570977917981073
7.570977917981073
7.586206896551724
7.586206896551724
7.590759075907591
7.590759075907591
7.59493670886076
7.59493670886076
7.59493670886076
7.59493670886076
7.59493670886076
7.598784194528875
7.598784194528875
7.612456747404845
7.6158940397351
7.6158940397351
7.6158940397351
7.6158940397351
7.6158940397351
7.6158940397351
7.6190476190476195
7.6190476190476195
7.621951219512195
7.621951219512195
7.621951219512195
7.621951219512195
7.638888888888889
7.638888888888889
7.643312101910828
7.643312101910828
7.643312101910828
7.64525993883792
7.64525993883792
7.647058823529412
7.647058823529412
7.666666666666666
7.666666666666666
7.667731629392971
7.668711656441718
7.669616519174041
7.6923076923076925
7.6923076923076925
7.6923076923076925
7.6923076923076925
7.6923076923076925
7.7142857142857135
7.716049382716049
7.716049382716049
7.717041800643088
7.717041800643088
7.717041800643088
7.718120805369128
7.718120805369128
7.736389684813753
7.738095238095238
7.739938080495357
7.739938080495357
7.739938080495357
7.741935483870968
7.741935483870968
7.741935483870968
7.741935483870968
7.7490774907749085
7.766990291262135
7.766990291262135
7.766990291262135
7.77027027027027
7.77027027027027
7.773851590106007
7.78816199376947
7.792207792207792
7.792207792207792
7.796610169491526
7.796610169491526
7.8125
7.8125
7.8125
7.81758957654723
7.81758957654723
7.81758957654723
7.81758957654723
7.829181494661921
7.83132530120482
7.83132530120482
7.836990595611286
7.836990595611286
7.836990595611286
7.836990595611286
7.8431372549019605
7.8431372549019605
7.854984894259818
7.857142857142857
7.861635220125786
7.868852459016394
7.868852459016394
7.876712328767123
7.876712328767123
7.878787878787878
7.886435331230284
7.894736842105263
7.894736842105263
7.894736842105263
7.894736842105263
7.90273556231003
7.90273556231003
7.90273556231003
7.903780068728522
7.903780068728522
7.903780068728522
7.9113924050632916
7.9113924050632916
7.9113924050632916
7.9113924050632916
7.9113924050632916
7.913669064748201
7.920792079207921
7.931034482758621
7.931034482758621
7.936507936507936
7.936507936507936
7.936507936507936
7.936507936507936
7.9422382671480145
7.9470198675496695
7.9470198675496695
7.951070336391437
7.951070336391437
7.951070336391437
7.958477508650519
7.958477508650519
7.958477508650519
7.961783439490445
7.961783439490445
7.973421926910299
7.973421926910299
7.975460122699387
7.986111111111111
7.986111111111111
7.987220447284344
7.988165680473373
8.0
8.0
8.0
8.0
8.0
8.011869436201781
8.011869436201781
8.012820512820513
8.012820512820513
8.02675585284281
8.02675585284281
8.02675585284281
8.035714285714286
8.038585209003216
8.038585209003216
8.038585209003216
8.041958041958042
8.04953560371517
8.04953560371517
8.059701492537313
8.064516129032258
8.064516129032258
8.074534161490684
8.074534161490684
8.074534161490684
8.080808080808081
8.080808080808081
8.088235294117647
8.090614886731391
8.108108108108109
8.108108108108109
8.116883116883116
8.125
8.125
8.132530120481928
8.135593220338983
8.143322475570033
8.143322475570033
8.143322475570033
8.143322475570033
8.148148148148149
8.150470219435736
8.150470219435736
8.150470219435736
8.157099697885197
8.16326530612245
8.16326530612245
8.169934640522875
8.19112627986348
8.19672131147541
8.19672131147541
8.201892744479496
8.206686930091186
8.206686930091186
8.211143695014663
8.211143695014663
8.214285714285714
8.214285714285714
8.21917808219178
8.21917808219178
8.21917808219178
8.21917808219178
8.223684210526317
8.227848101265822
8.227848101265822
8.24742268041237
8.24742268041237
8.253968253968253
8.253968253968253
8.253968253968253
8.253968253968253
8.253968253968253
8.256880733944955
8.256880733944955
8.256880733944955
8.259587020648967
8.280254777070063
8.280254777070063
8.282208588957054
8.30670926517572
8.307692307692308
8.307692307692308
8.307692307692308
8.307692307692308
8.307692307692308
8.333333333333332
8.333333333333332
8.333333333333332
8.333333333333332
8.333333333333332
8.333333333333332
8.333333333333332
8.333333333333332
8.360128617363344
8.360128617363344
8.360128617363344
8.361204013377927
8.361204013377927
8.383233532934131
8.385093167701864
8.385093167701864
8.38709677419355
8.38709677419355
8.38709677419355
8.389261744966444
8.391608391608392
8.408408408408409
8.408408408408409
8.411214953271028
8.414239482200648
8.414239482200648
8.417508417508419
8.421052631578947
8.433734939759036
8.4375
8.441558441558442
8.441558441558442
8.450704225352112
8.459214501510575
8.463949843260188
8.47457627118644
8.484848484848486
8.487084870848708
8.49056603773585
8.49056603773585
8.49673202614379
8.517350157728707
8.529411764705882
8.532423208191126
8.532423208191126
8.544303797468354
8.552631578947368
8.561643835616438
8.561643835616438
8.56269113149847
8.56269113149847
8.571428571428571
8.571428571428571
8.58085808580858
8.59106529209622
8.598726114649681
8.598726114649681
8.609271523178808
8.615384615384615
8.620689655172415
8.620689655172415
8.626198083067091
8.626198083067091
8.626198083067091
8.637873754152823
8.637873754152823
8.641975308641975
8.641975308641975
8.650519031141869
8.653846153846153
8.6687306501548
8.6687306501548
8.6687306501548
8.680555555555555
8.681672025723474
8.681672025723474
8.681672025723474
8.681672025723474
8.682634730538922
8.695652173913043
8.695652173913043
8.695652173913043
8.695652173913043
8.708708708708707
8.709677419354838
8.709677419354838
8.710801393728223
8.722741433021806
8.722741433021806
8.722741433021806
8.724832214765101
8.734939759036145
8.737864077669903
8.737864077669903
8.737864077669903
8.741258741258742
8.75
8.75
8.75
8.754208754208754
8.75912408759124
8.761329305135952
8.771929824561402
8.771929824561402
8.77742946708464
8.77742946708464
8.783783783783784
8.787878787878787
8.787878787878787
8.80281690140845
8.80503144654088
8.814589665653495
8.823529411764707
8.823529411764707
8.823529411764707
8.841463414634147
8.841463414634147
8.843537414965986
8.843537414965986
8.843537414965986
8.852459016393443
8.852459016393443
8.852459016393443
8.856088560885608
8.856088560885608
8.860759493670885
8.860759493670885
8.860759493670885
8.860759493670885
8.868501529051988
8.873720136518772
8.873720136518772
8.881578947368421
8.881578947368421
8.88888888888889
8.904109589041095
8.91089108910891
8.9171974522293
8.923076923076923
8.923076923076923
8.928571428571429
8.928571428571429
8.934707903780069
8.934707903780069
8.940397350993377
8.945686900958465
8.945686900958465
8.945686900958465
8.950617283950617
8.950617283950617
8.955223880597014
8.96551724137931
8.96551724137931
8.970099667774086
8.970099667774086
8.974358974358974
8.974358974358974
8.978328173374612
8.978328173374612
8.978328173374612
8.978328173374612
8.978328173374612
8.982035928143713
9.0
9.0
9.0
9.0
9.003215434083602
9.006211180124224
9.006211180124224
9.006211180124224
9.00900900900901
9.011627906976743
9.027777777777777
9.027777777777777
9.027777777777777
9.03010033444816
9.03010033444816
9.03010033444816
9.032258064516128
9.032258064516128
9.032258064516128
9.032258064516128
9.059233449477352
9.059233449477352
9.060402684563758
9.06148867313916
9.0625
9.090909090909092
9.090909090909092
9.090909090909092
9.118541033434651
9.119496855345911
9.119496855345911
9.120521172638437
9.120521172638437
9.121621621621621
9.121621621621621
9.121621621621621
9.12280701754386
9.124087591240876
9.146341463414634
9.14826498422713
9.14826498422713
9.14826498422713
9.15032679738562
9.152542372881356
9.152542372881356
9.177215189873419
9.180327868852459
9.183673469387756
9.183673469387756
9.206349206349207
9.210526315789473
9.210526315789473
9.215017064846416
9.219858156028367
9.230769230769232
9.230769230769232
9.235668789808917
9.24092409240924
9.246575342465754
9.246575342465754
9.25925925925926
9.26517571884984
9.26517571884984
9.271523178807946
9.278350515463918
9.278350515463918
9.278350515463918
9.285714285714286
9.287925696594428
9.294871794871796
9.294871794871796
9.316770186335404
9.31899641577061
9.32475884244373
9.333333333333334
9.333333333333334
9.33734939759036
9.33734939759036
9.342560553633218
9.342560553633218
9.342560553633218
9.342560553633218
9.342560553633218
9.35483870967742
9.364548494983277
9.365558912386707
9.365558912386707
9.375
9.375
9.375
9.385113268608414
9.385113268608414
9.393939393939393
9.395973154362416
9.395973154362416
9.395973154362416
9.404388714733543
9.404388714733543
9.415584415584416
9.415584415584416
9.422492401215806
9.422492401215806
9.427609427609427
9.427609427609427
9.427609427609427
9.433962264150944
9.44055944055944
9.451219512195122
9.451219512195122
9.45945945945946
9.45945945945946
9.477124183006536
9.477124183006536
9.477124183006536
9.491525423728813
9.491525423728813
9.491525423728813
9.491525423728813
9.491525423728813
9.491525423728813
9.49367088607595
9.49367088607595
9.49367088607595
9.508196721311474
9.509202453987731
9.523809523809524
9.523809523809524
9.523809523809524
9.523809523809524
9.540636042402827
9.540636042402827
9.554140127388536
9.554140127388536
9.554140127388536
9.554140127388536
9.556313993174061
9.556313993174061
9.556313993174061
9.5679012345679
9.5679012345679
9.5679012345679
9.570957095709572
9.570957095709572
9.570957095709572
9.584664536741213
9.584664536741213
9.584664536741213
9.584664536741213
9.584664536741213
9.584664536741213
9.58904109589041
9.58904109589041
9.593023255813954
9.602649006622517
9.615384615384617
9.620991253644315
9.621993127147768
9.621993127147768
9.621993127147768
9.627329192546584
9.627329192546584
9.627329192546584
9.634551495016613
9.634551495016613
9.634551495016613
9.634551495016613
9.646302250803858
9.649122807017543
9.655172413793103
9.655172413793103
9.657320872274143
9.657320872274143
9.666666666666666
9.666666666666666
9.67741935483871
9.67741935483871
9.6875
9.696969696969697
9.696969696969697
9.698996655518394
9.701492537313433
9.70873786407767
9.70873786407767
9.70873786407767
9.70873786407767
9.717868338557993
9.72644376899696
9.731543624161073
9.740259740259742
9.748427672955975
9.748427672955975
9.764309764309765
9.764309764309765
9.77198697068404
9.77198697068404
9.77198697068404
9.77198697068404
9.779179810725552
9.782608695652174
9.797297297297296
9.81012658227848
9.815950920245399
9.824561403508772
9.830508474576272
9.830508474576272
9.836065573770492
9.836065573770492
9.836065573770492
9.836065573770492
9.836065573770492
9.841269841269842
9.850746268656717
9.859154929577464
9.863945578231291
9.868421052631579
9.868421052631579
9.868421052631579
9.876543209876543
9.897610921501707
9.904153354632587
9.904153354632587
9.904153354632587
9.90990990990991
9.90990990990991
9.929078014184398
9.933774834437086
9.935897435897436
9.935897435897436
9.935897435897436
9.939759036144578
9.9644128113879
9.965635738831615
9.965635738831615
9.965635738831615
9.965635738831615
9.966777408637874
9.966777408637874
9.966777408637874
9.966777408637874
9.968847352024921
10.0
10.0
10.0
10.0
10.0
10.030395136778116
10.031347962382444
10.032362459546926
10.032362459546926
10.034602076124568
10.037174721189592
10.062893081761008
10.064935064935066
10.064935064935066
10.064935064935066
10.064935064935066
10.06711409395973
10.06711409395973
10.069444444444445
10.069444444444445
10.089020771513352
10.094637223974763
10.097719869706841
10.1010101010101
10.1010101010101
10.1010101010101
10.1010101010101
10.122699386503067
10.126582278481013
10.126582278481013
10.126582278481013
10.130718954248366
10.130718954248366
10.130718954248366
10.135135135135135
10.135135135135135
10.135135135135135
10.13986013986014
10.149253731343283
10.153846153846153
10.153846153846153
10.158730158730158
10.158730158730158
10.163934426229508
10.16949152542373
10.16949152542373
10.175438596491228
10.175438596491228
10.181818181818182
10.191082802547772
10.197368421052632
10.204081632653061
10.204081632653061
10.204081632653061
10.223642172523961
10.231023102310232
10.231023102310232
10.240963855421686
10.240963855421686
10.247349823321555
10.247349823321555
10.248447204968944
10.256410256410255
10.256410256410255
10.256410256410255
10.2803738317757
10.2803738317757
10.28368794326241
10.289389067524116
10.299003322259136
10.299003322259136
10.299003322259136
10.299003322259136
10.309278350515463
10.309278350515463
10.3125
10.32258064516129
10.33210332103321
10.333333333333334
10.333333333333334
10.333333333333334
10.333333333333334
10.333333333333334
10.33434650455927
10.33434650455927
10.33434650455927
10.344827586206897
10.355987055016183
10.355987055016183
10.355987055016183
10.355987055016183
10.355987055016183
10.357142857142858
10.365853658536585
10.365853658536585
10.377358490566039
10.380622837370241
10.38961038961039
10.38961038961039
10.39426523297491
10.397553516819572
10.416666666666668
10.416666666666668
10.423452768729643
10.423452768729643
10.423452768729643
10.437710437710438
10.437710437710438
10.443037974683545
10.443037974683545
10.452961672473867
10.457516339869281
10.472972972972974
10.479041916167663
10.491803278688524
10.491803278688524
10.507246376811594
10.507246376811594
10.508474576271185
10.509554140127388
10.509554140127388
10.509554140127388
10.542168674698797
10.543130990415335
10.54421768707483
10.576923076923077
10.59190031152648
10.596026490066226
10.606060606060606
10.606060606060606
10.610932475884244
10.610932475884244
10.622710622710622
10.625
10.625
10.625
10.631229235880399
10.638297872340425
10.64516129032258
10.64516129032258
10.64516129032258
10.658307210031348
10.666666666666668
10.679611650485436
10.679611650485436
10.679611650485436
10.679611650485436
10.689655172413794
10.689655172413794
10.689655172413794
10.702341137123746
10.703363914373089
10.714285714285714
10.714285714285714
10.725552050473187
10.725552050473187
10.726643598615917
10.726643598615917
10.726643598615917
10.736196319018406
10.746268656716417
10.76388888888889
10.76388888888889
10.76923076923077
10.774410774410773
10.778443113772456
10.784313725490197
10.784313725490197
10.784313725490197
10.79136690647482
10.793650793650794
10.801393728222997
10.802469135802468
10.80332409972299
10.81081081081081
10.819672131147541
10.819672131147541
10.828025477707007
10.828025477707007
10.828025477707007
10.8359133126935
10.839160839160838
10.847457627118644
10.855263157894738
10.855263157894738
10.86261980830671
10.869565217391305
10.876132930513595
10.876132930513595
10.87719298245614
10.884353741496598
10.897435897435898
10.903426791277258
10.903426791277258
10.909090909090908
10.921501706484642
10.921501706484642
10.921501706484642
10.927152317880795
10.932475884244374
10.932475884244374
10.95890410958904
10.95890410958904
10.96345514950166
10.967741935483872
10.967741935483872
10.9717868338558
10.9717868338558
10.975609756097562
10.996563573883162
10.996563573883162
10.996563573883162
11.0
11.0
11.0
11.003236245954692
11.003236245954692
11.003236245954692
11.003236245954692
11.009174311926607
11.032028469750891
11.03448275862069
11.03448275862069
11.03448275862069
11.036789297658862
11.036789297658862
11.036789297658862
11.03896103896104
11.03896103896104
11.03896103896104
11.041009463722396
11.042944785276074
11.042944785276074
11.042944785276074
11.042944785276074
11.044776119402986
11.044776119402986
11.046511627906977
11.072664359861593
11.072664359861593
11.073825503355705
11.073825503355705
11.074918566775244
11.075949367088606
11.076923076923077
11.11111111111111
11.11111111111111
11.11111111111111
11.11111111111111
11.11111111111111
11.11111111111111
11.11111111111111
11.145510835913312
11.145510835913312
11.146496815286625
11.146496815286625
11.146496815286625
11.147540983606557
11.147540983606557
11.149825783972126
11.149825783972126
11.151079136690647
11.180124223602485
11.182108626198083
11.18421052631579
11.186440677966102
11.186440677966102
11.209439528023598
11.209439528023598
11.212121212121213
11.214953271028037
11.221122112211221
11.224489795918368
11.254019292604502
11.254019292604502
11.258278145695364
11.258278145695364
11.262798634812286
11.267605633802818
11.28048780487805
11.28048780487805
11.29032258064516
11.29032258064516
11.29032258064516
11.295681063122924
11.295681063122924
11.295681063122924
11.307420494699647
11.320754716981133
11.320754716981133
11.320754716981133
11.326860841423949
11.326860841423949
11.326860841423949
11.326860841423949
11.333333333333332
11.333333333333332
11.349693251533742
11.35646687697161
11.379310344827587
11.379310344827587
11.379310344827587
11.379310344827587
11.384615384615385
11.39240506329114
11.39240506329114
11.400651465798045
11.400651465798045
11.400651465798045
11.400651465798045
11.409395973154362
11.409395973154362
11.418685121107266
11.428571428571429
11.428571428571429
11.428571428571429
11.436950146627565
11.437908496732026
11.447811447811448
11.455108359133128
11.455108359133128
11.458333333333332
11.458333333333332
11.464968152866243
11.464968152866243
11.469534050179211
11.470588235294118
11.475409836065573
11.48036253776435
11.486486486486488
11.490683229813664
11.490683229813664
11.498257839721255
11.498257839721255
11.501597444089457
11.501597444089457
11.513157894736842
11.513157894736842
11.513157894736842
11.513157894736842
11.527377521613833
11.538461538461538
11.538461538461538
11.538461538461538
11.538461538461538
11.538461538461538
11.538461538461538
11.538461538461538
11.552346570397113
11.564625850340136
11.564625850340136
11.564625850340136
11.572700296735905
11.57556270096463
11.57556270096463
11.57556270096463
11.585365853658537
11.598746081504702
11.612903225806452
11.627906976744185
11.627906976744185
11.635220125786164
11.635220125786164
11.636363636363637
11.643835616438356
11.650485436893204
11.650485436893204
11.654135338345863
11.66077738515901
11.67192429022082
11.678832116788321
11.688311688311687
11.688311688311687
11.688311688311687
11.688311688311687
11.692307692307692
11.692307692307692
11.705685618729097
11.724137931034482
11.724137931034482
11.726384364820847
11.726384364820847
11.728395061728394
11.728395061728394
11.728395061728394
11.728395061728394
11.728395061728394
11.743772241992882
11.74496644295302
11.746031746031745
11.746031746031745
11.746031746031745
11.746031746031745
11.74698795180723
11.76470588235294
11.782477341389729
11.78343949044586
11.78343949044586
11.784511784511785
11.784511784511785
11.785714285714285
11.801242236024844
11.80327868852459
11.80327868852459
11.80327868852459
11.805555555555555
11.805555555555555
11.805555555555555
11.805555555555555
11.805555555555555
11.821086261980831
11.821086261980831
11.824324324324325
11.827956989247312
11.838006230529595
11.858974358974358
11.864406779661017
11.864406779661017
11.875
11.875
11.881188118811881
11.881188118811881
11.904761904761903
11.904761904761903
11.904761904761903
11.904761904761903
11.912225705329153
11.912225705329153
11.912225705329153
11.920529801324504
11.929824561403509
11.935483870967742
11.945392491467576
11.949685534591195
11.971830985915492
12.0
12.012012012012011
12.012987012987013
12.012987012987013
12.012987012987013
12.025316455696203
12.037037037037036
12.037037037037036
12.040133779264215
12.052117263843648
12.063492063492063
12.063492063492063
12.068965517241379
12.068965517241379
12.074303405572756
12.074303405572756
12.094395280235988
12.101910828025478
12.101910828025478
12.110726643598616
12.110726643598616
12.111801242236025
12.121212121212121
12.121212121212121
12.121212121212121
12.140575079872203
12.142857142857142
12.142857142857142
12.162162162162163
12.162162162162163
12.177121771217712
12.1875
12.1875
12.195121951219512
12.195121951219512
12.195121951219512
12.195121951219512
12.203389830508476
12.203389830508476
12.203389830508476
12.211221122112212
12.218649517684888
12.232415902140673
12.237762237762238
12.250712250712251
12.251655629139073
12.251655629139073
12.258064516129032
12.267657992565056
12.280701754385964
12.286689419795222
12.297734627831716
12.297734627831716
12.302839116719243
12.302839116719243
12.318840579710146
12.323943661971832
12.333333333333334
12.337662337662337
12.371134020618557
12.371134020618557
12.371134020618557
12.37785016286645
12.380952380952381
12.380952380952381
12.413793103448276
12.413793103448276
12.418300653594772
12.418300653594772
12.422360248447205
12.422360248447205
12.45674740484429
12.459016393442624
12.460063897763577
12.460063897763577
12.461059190031152
12.462006079027356
12.5
12.5
12.5
12.5
12.5
12.5
12.5
12.539184952978054
12.539184952978054
12.540192926045016
12.541254125412541
12.541254125412541
12.580645161290322
12.580645161290322
12.582781456953644
12.582781456953644
12.585034013605442
12.587412587412588
12.618296529968454
12.62135922330097
12.624584717607974
12.654320987654321
12.662337662337661
12.67123287671233
12.67123287671233
12.676056338028168
12.681159420289855
12.688821752265861
12.709030100334449
12.714776632302405
12.714776632302405
12.734082397003746
12.738853503184714
12.751677852348994
12.751677852348994
12.758620689655173
12.758620689655173
12.759643916913946
12.76595744680851
12.76595744680851
12.77258566978193
12.77258566978193
12.779552715654951
12.779552715654951
12.786885245901638
12.786885245901638
12.812499999999998
12.847222222222221
12.861736334405144
12.861736334405144
12.867647058823529
12.867647058823529
12.871287128712872
12.871287128712872
12.88135593220339
12.89308176100629
12.91390728476821
12.91390728476821
12.915129151291513
12.933753943217665
12.956810631229235
12.969283276450511
12.969283276450511
12.969283276450511
12.990936555891238
13.003095975232199
13.013698630136986
13.017751479289942
13.043478260869565
13.043478260869565
13.043478260869565
13.05732484076433
13.058419243986256
13.058419243986256
13.071895424836603
13.071895424836603
13.071895424836603
13.108614232209737
13.114754098360656
13.114754098360656
13.114754098360656
13.125
13.131313131313133
13.131313131313133
13.131313131313133
13.134328358208954
13.138686131386862
13.141025641025642
13.148788927335639
13.166144200626958
13.166144200626958
13.17365269461078
13.183279742765272
13.2013201320132
13.2013201320132
13.225806451612904
13.225806451612904
13.225806451612904
13.230769230769232
13.249211356466878
13.249211356466878
13.26530612244898
13.268608414239482
13.268608414239482
13.2890365448505
13.2890365448505
13.291139240506327
13.291139240506327
13.291139240506327
13.311688311688311
13.333333333333334
13.333333333333334
13.333333333333334
13.333333333333334
13.333333333333334
13.333333333333334
13.354037267080745
13.355048859934854
13.355048859934854
13.375796178343949
13.392857142857142
13.392857142857142
13.395638629283487
13.402061855670103
13.402061855670103
13.418530351437699
13.422818791946309
13.427561837455832
13.448275862068964
13.448275862068964
13.455657492354739
13.461538461538462
13.461538461538462
13.468013468013467
13.468013468013467
13.468013468013467
13.479623824451412
13.479623824451412
13.494809688581316
13.496932515337424
13.513513513513514
13.523131672597867
13.541666666666666
13.548387096774196
13.548387096774196
13.548387096774196
13.548387096774196
13.559322033898304
13.595166163141995
13.602941176470587
13.602941176470587
13.620071684587815
13.621262458471762
13.636363636363635
13.636363636363635
13.636363636363635
13.636363636363635
13.636363636363635
13.65079365079365
13.651877133105803
13.664596273291925
13.680781758957655
13.684210526315791
13.684210526315791
13.694267515923567
13.707165109034266
13.712374581939798
13.712374581939798
13.712374581939798
13.718411552346572
13.718411552346572
13.725490196078432
13.758389261744966
13.761467889908257
13.782051282051283
13.793103448275861
13.793103448275861
13.803680981595093
13.804713804713806
13.84083044982699
13.870967741935484
13.880126182965299
13.880126182965299
13.88888888888889
13.898305084745763
13.90728476821192
13.915857605177994
13.915857605177994
13.924050632911392
13.928571428571429
13.93188854489164
13.945578231292515
13.953488372093023
13.953488372093023
13.96103896103896
13.978494623655912
13.978494623655912
13.98176291793313
13.993174061433447
14.022140221402212
14.022140221402212
14.02439024390244
14.04109589041096
14.046822742474916
14.0625
14.0893470790378
14.0893470790378
14.093959731543624
14.093959731543624
14.130434782608695
14.13427561837456
14.13793103448276
14.13793103448276
14.14141414141414
14.144736842105262
14.144736842105262
14.184397163120568
14.186851211072666
14.186851211072666
14.186851211072666
14.186851211072666
14.18918918918919
14.233576642335766
14.23841059602649
14.239482200647249
14.239482200647249
14.240506329113925
14.240506329113925
14.285714285714285
14.285714285714285
14.285714285714285
14.285714285714285
14.285714285714285
14.285714285714285
14.285714285714285
14.285714285714285
14.331210191082802
14.331210191082802
14.331210191082802
14.332247557003258
14.333333333333334
14.336917562724013
14.338235294117647
14.37308868501529
14.37908496732026
14.37908496732026
14.381270903010032
14.388489208633093
14.420062695924765
14.420062695924765
14.420062695924765
14.423076923076922
14.423076923076922
14.423076923076922
14.429530201342283
14.429530201342283
14.457831325301203
14.465408805031446
14.469453376205788
14.469453376205788
14.469453376205788
14.482758620689657
14.482758620689657
14.501510574018129
14.527027027027026
14.53287197231834
14.53287197231834
14.545454545454545
14.551083591331269
14.563106796116504
14.563106796116504
14.56953642384106
14.576271186440678
14.576271186440678
14.583333333333334
14.590747330960854
14.5985401459854
14.61038961038961
14.61038961038961
14.634146341463413
14.642857142857144
14.642857142857144
14.65798045602606
14.65798045602606
14.666666666666666
14.666666666666666
14.675767918088736
14.675767918088736
14.675767918088736
14.685314685314685
14.685314685314685
14.6875
14.695340501792115
14.696485623003195
14.715719063545151
14.726027397260275
14.726027397260275
14.726027397260275
14.733542319749215
14.754098360655737
14.754098360655737
14.754098360655737
14.759036144578314
14.760147601476014
14.76510067114094
14.76510067114094
14.776632302405499
14.776632302405499
14.776632302405499
14.776632302405499
14.788732394366196
14.790996784565916
14.802631578947366
14.802631578947366
14.814814814814813
14.840989399293287
14.85148514851485
14.855072463768115
14.864864864864865
14.864864864864865
14.873417721518987
14.878892733564014
14.878892733564014
14.878892733564014
14.886731391585762
14.886731391585762
14.915254237288137
14.930555555555555
14.935064935064934
14.965986394557824
14.965986394557824
14.965986394557824
14.968152866242038
14.982578397212542
14.982578397212542
14.983713355048861
14.983713355048861
14.984709480122325
14.984709480122325
15.015974440894569
15.017064846416384
15.034965034965033
15.034965034965033
15.050167224080269
15.053763440860216
15.073529411764705
15.112540192926044
15.120274914089347
15.120274914089347
15.120274914089347
15.120274914089347
15.120274914089347
15.172413793103448
15.172413793103448
15.172413793103448
15.19434628975265
15.202702702702704
15.210355987055015
15.210355987055015
15.217391304347828
15.217391304347828
15.22491349480969
15.22491349480969
15.22491349480969
15.22491349480969
15.2317880794702
15.241635687732341
15.24822695035461
15.24822695035461
15.254237288135593
15.254237288135593
15.254237288135593
15.259740259740258
15.259740259740258
15.259740259740258
15.259740259740258
15.277777777777779
15.282392026578073
15.286624203821656
15.306122448979592
15.309446254071663
15.309446254071663
15.312500000000002
15.328467153284672
15.33101045296167
15.333333333333332
15.357142857142858
15.358361774744028
15.359477124183007
15.384615384615385
15.384615384615385
15.40983606557377
15.40983606557377
15.412186379928317
15.436241610738255
15.436241610738255
15.43859649122807
15.460526315789474
15.463917525773196
15.463917525773196
15.463917525773196
15.467625899280577
15.479876160990713
15.488215488215488
15.501519756838904
15.50632911392405
15.50632911392405
15.51155115511551
15.517241379310345
15.517241379310345
15.53398058252427
15.54054054054054
15.555555555555555
15.555555555555555
15.555555555555555
15.570934256055363
15.579710144927535
15.584415584415584
15.584415584415584
15.593220338983052
15.613382899628252
15.614617940199334
15.625
15.625
15.63517915309446
15.654952076677317
15.658362989323843
15.671641791044777
15.6794425087108
15.686274509803921
15.699658703071673
15.705128205128204
15.705128205128204
15.709969788519636
15.714285714285714
15.723270440251572
15.737704918032788
15.737704918032788
15.755627009646304
15.770609318996415
15.770609318996415
15.772870662460567
15.772870662460567
15.789473684210526
15.789473684210526
15.789473684210526
15.806451612903224
15.824915824915825
15.838509316770185
15.853658536585366
15.857605177993527
15.857605177993527
15.862068965517242
15.862068965517242
15.867158671586715
15.884476534296029
15.887850467289718
15.901060070671377
15.909090909090908
15.909090909090908
15.916955017301039
15.932203389830507
15.932203389830507
15.932203389830507
15.946843853820598
15.960912052117262
15.972222222222221
15.972222222222221
15.972222222222221
15.974440894568689
16.0
16.0
16.025641025641026
16.025641025641026
16.025641025641026
16.02787456445993
16.037735849056602
16.065573770491802
16.077170418006432
16.077170418006432
16.095890410958905
16.10738255033557
16.11842105263158
16.11842105263158
16.129032258064516
16.129032258064516
16.129032258064516
16.129032258064516
16.151202749140893
16.151202749140893
16.151202749140893
16.151202749140893
16.158536585365855
16.161616161616163
16.17161716171617
16.181229773462782
16.181229773462782
16.19718309859155
16.1993769470405
16.206896551724135
16.216216216216218
16.225165562913908
16.225165562913908
16.225165562913908
16.236162361623617
16.24203821656051
16.24203821656051
16.25441696113074
16.25441696113074
16.26297577854671
16.26297577854671
16.27906976744186
16.286644951140065
16.293929712460063
16.296296296296298
16.319444444444446
16.319444444444446
16.319444444444446
16.319444444444446
16.3265306122449
16.333333333333332
16.363636363636363
16.376306620209057
16.38225255972696
16.387959866220736
16.39344262295082
16.39871382636656
16.40378548895899
16.408668730650156
16.408668730650156
16.408668730650156
16.408668730650156
16.428571428571427
16.428571428571427
16.433566433566433
16.433566433566433
16.43835616438356
16.44295302013423
16.44295302013423
16.44295302013423
16.455696202531644
16.4983164983165
16.5016501650165
16.50485436893204
16.50485436893204
16.507936507936506
16.507936507936506
16.546762589928058
16.549295774647888
16.549295774647888
16.554054054054053
16.55629139072848
16.55629139072848
16.560509554140125
16.605166051660518
16.607773851590103
16.607773851590103
16.607773851590103
16.612377850162865
16.612377850162865
16.614420062695924
16.614420062695924
16.615384615384617
16.666666666666664
16.666666666666664
16.666666666666664
16.666666666666664
16.666666666666664
16.666666666666664
16.7192429022082
16.720257234726688
16.720257234726688
16.720257234726688
16.720257234726688
16.722408026755854
16.727272727272727
16.728624535315987
16.728624535315987
16.77215189873418
16.7741935483871
16.778523489932887
16.778523489932887
16.78082191780822
16.78082191780822
16.785714285714285
16.831683168316832
16.831683168316832
16.835016835016837
16.835016835016837
16.84981684981685
16.883116883116884
16.887417218543046
16.901408450704224
16.906474820143885
16.927899686520377
16.943521594684384
16.955017301038062
16.9811320754717
16.99346405228758
16.99346405228758
16.99346405228758
17.0
17.01388888888889
17.01388888888889
17.01388888888889
17.01388888888889
17.02127659574468
17.02127659574468
17.027863777089784
17.037037037037038
17.05685618729097
17.064846416382252
17.064846416382252
17.088607594936708
17.096774193548388
17.123287671232877
17.123287671232877
17.123287671232877
17.132867132867133
17.142857142857142
17.142857142857142
17.142857142857142
17.15210355987055
17.16417910447761
17.18213058419244
17.216117216117215
17.216117216117215
17.24137931034483
17.24137931034483
17.252396166134183
17.253521126760564
17.253521126760564
17.26618705035971
17.26618705035971
17.301038062283737
17.301038062283737
17.314487632508836
17.320261437908496
17.320261437908496
17.328519855595665
17.333333333333336
17.346938775510203
17.350157728706623
17.36111111111111
17.36111111111111
17.363344051446948
17.363344051446948
17.375886524822697
17.391304347826086
17.405063291139243
17.4061433447099
17.449664429530202
17.465753424657535
17.475728155339805
17.475728155339805
17.50841750841751
17.525773195876287
17.532467532467532
17.56756756756757
17.586206896551722
17.586206896551722
17.6056338028169
17.60797342192691
17.60797342192691
17.62589928057554
17.627118644067796
17.647058823529413
17.647058823529413
17.647058823529413
17.647058823529413
17.647058823529413
17.665615141955836
17.684887459807076
17.708333333333336
17.708333333333336
17.725752508361204
17.741935483870968
17.741935483870968
17.741935483870968
17.753623188405797
17.770034843205575
17.770034843205575
17.78523489932886
17.78523489932886
17.79935275080906
17.80821917808219
17.80821917808219
17.8343949044586
17.845117845117844
17.846153846153847
17.857142857142858
17.857142857142858
17.857142857142858
17.89137380191693
17.91530944625407
17.921146953405017
17.921146953405017
17.93103448275862
17.93103448275862
17.966101694915253
17.973856209150327
17.985611510791365
17.99307958477509
17.99307958477509
18.0
18.06020066889632
18.085106382978726
18.092105263157894
18.115942028985508
18.118466898954704
18.12297734627832
18.15068493150685
18.151815181518153
18.181818181818183
18.181818181818183
18.181818181818183
18.181818181818183
18.181818181818183
18.241042345276874
18.24561403508772
18.248175182481752
18.269230769230766
18.275862068965516
18.30065359477124
18.305084745762713
18.30985915492958
18.30985915492958
18.315018315018314
18.33910034602076
18.360655737704917
18.367346938775512
18.367346938775512
18.367346938775512
18.367346938775512
18.374558303886925
18.387096774193548
18.40277777777778
18.404907975460123
18.4115523465704
18.412698412698415
18.421052631578945
18.446601941747574
18.466898954703833
18.471337579617835
18.48184818481848
18.48184818481848
18.493150684931507
18.493150684931507
18.495297805642632
18.505338078291814
18.506493506493506
18.506493506493506
18.506493506493506
18.506493506493506
18.51851851851852
18.53146853146853
18.53146853146853
18.553459119496853
18.58108108108108
18.58108108108108
18.620689655172416
18.627450980392158
18.627450980392158
18.633540372670808
18.63799283154122
18.63799283154122
18.64406779661017
18.64951768488746
18.666666666666668
18.685121107266436
18.685121107266436
18.688524590163937
18.688524590163937
18.729096989966553
18.77022653721683
18.772563176895307
18.81533101045296
18.81918819188192
18.835616438356166
18.835616438356166
18.84057971014493
18.84057971014493
18.855218855218855
18.86120996441281
18.874172185430464
18.892508143322477
18.900343642611684
18.91891891891892
18.91891891891892
18.928571428571427
18.928571428571427
18.93687707641196
18.947368421052634
18.954248366013072
18.954248366013072
18.971061093247588
18.9873417721519
18.996415770609318
19.0
19.003115264797508
19.014084507042252
19.014084507042252
19.01639344262295
19.01639344262295
19.029850746268657
19.031141868512112
19.031141868512112
19.032258064516128
19.09722222222222
19.141914191419144
19.155844155844157
19.169329073482427
19.17808219178082
19.17808219178082
19.202898550724637
19.202898550724637
19.205298013245034
19.25925925925926
19.28571428571429
19.298245614035086
19.298245614035086
19.298245614035086
19.298245614035086
19.310344827586206
19.310344827586206
19.310344827586206
19.322033898305087
19.35483870967742
19.35483870967742
19.377162629757784
19.444444444444446
19.463087248322147
19.471947194719473
19.50354609929078
19.52054794520548
19.54397394136808
19.557195571955717
19.558359621451103
19.58041958041958
19.58041958041958
19.587628865979383
19.607843137254903
19.614147909967848
19.642857142857142
19.649122807017545
19.649122807017545
19.655172413793103
19.655172413793103
19.661016949152543
19.661016949152543
19.666666666666664
19.67741935483871
19.708029197080293
19.708029197080293
19.708029197080293
19.71326164874552
19.72318339100346
19.756838905775076
19.784172661870503
19.784172661870503
19.791666666666664
19.795221843003414
19.795221843003414
19.795221843003414
19.795221843003414
19.798657718120804
19.798657718120804
19.850187265917604
19.852941176470587
19.858156028368796
19.867549668874172
19.867549668874172
19.93006993006993
19.93006993006993
19.93127147766323
19.93243243243243
19.93355481727575
19.934640522875817
20.0
20.0
20.0
20.0
20.0
20.0
20.0
20.06269592476489
20.063694267515924
20.06472491909385
20.065789473684212
20.066889632107024
20.070422535211268
20.12987012987013
20.13422818791946
20.13888888888889
20.13888888888889
20.141342756183743
20.192307692307693
20.195439739413683
20.209059233449477
20.209059233449477
20.253164556962027
20.27972027972028
20.27972027972028
20.344827586206897
20.357142857142858
20.37617554858934
20.422535211267608
20.422535211267608
20.43010752688172
20.437956204379564
20.437956204379564
20.44609665427509
20.469798657718123
20.477815699658702
20.48611111111111
20.49469964664311
20.54794520547945
20.54794520547945
20.54794520547945
20.552147239263803
20.557491289198605
20.59800664451827
20.655737704918035
20.655737704918035
20.66420664206642
20.666666666666668
20.714285714285715
20.727272727272727
20.78853046594982
20.792079207920793
20.819112627986346
20.875420875420875
20.875420875420875
20.875420875420875
20.8955223880597
20.90032154340836
20.930232558139537
20.938628158844764
20.945945945945947
20.962199312714777
21.014492753623188
21.033210332103323
21.08626198083067
21.08843537414966
21.08843537414966
21.11111111111111
21.11111111111111
21.14695340501792
21.153846153846153
21.180555555555554
21.192052980132452
21.192052980132452
21.262458471760798
21.311475409836063
21.352313167259787
21.379310344827587
21.38157894736842
21.40468227424749
21.428571428571427
21.428571428571427
21.45214521452145
21.45214521452145
21.474358974358974
21.476510067114095
21.47887323943662
21.568627450980394
21.59090909090909
21.611721611721613
21.62162162162162
21.646341463414632
21.691176470588236
21.694915254237287
21.694915254237287
21.694915254237287
21.694915254237287
21.69811320754717
21.722846441947567
21.768707482993197
21.768707482993197
21.79930795847751
21.79930795847751
21.806853582554517
21.812080536912752
21.85185185185185
21.91780821917808
21.951219512195124
21.95945945945946
22.021660649819495
22.02797202797203
22.02797202797203
22.073578595317723
22.105263157894736
22.108843537414966
22.108843537414966
22.14765100671141
22.149837133550488
22.186495176848876
22.22222222222222
22.259136212624583
22.261484098939928
22.302158273381295
22.336769759450174
22.336769759450174
22.377622377622377
22.377622377622377
22.413793103448278
22.413793103448278
22.448979591836736
22.463768115942027
22.5
22.516556291390728
22.55892255892256
22.55892255892256
22.569444444444446
22.58064516129032
22.59259259259259
22.59259259259259
22.62295081967213
22.653721682847898
22.69503546099291
22.697368421052634
22.71186440677966
22.71186440677966
22.727272727272727
22.789115646258505
22.818791946308725
22.837370242214533
22.866894197952217
22.878228782287824
22.878228782287824
22.895622895622896
22.916666666666664
22.939068100358423
22.99651567944251
22.99651567944251
23.026315789473685
23.076923076923077
23.104693140794225
23.12925170068027
23.12925170068027
23.12925170068027
23.14814814814815
23.178807947019866
23.18339100346021
23.208191126279864
23.220973782771537
23.26388888888889
23.297491039426525
23.32155477031802
23.34494773519164
23.367697594501717
23.411371237458194
23.42007434944238
23.448275862068964
23.46938775510204
23.50877192982456
23.52941176470588
23.52941176470588
23.548387096774192
23.55072463768116
23.588039867109632
23.63013698630137
23.63013698630137
23.693379790940767
23.693379790940767
23.722627737226276
23.77358490566038
23.776223776223777
23.841059602649008
23.88059701492537
23.890784982935152
23.958333333333336
23.972602739726025
24.0
24.087591240875913
24.100719424460433
24.295774647887324
24.305555555555554
24.333333333333336
24.354243542435423
24.363636363636363
24.398625429553263
24.45255474452555
24.54212454212454
24.54212454212454
24.605678233438486
24.63235294117647
24.727272727272727
24.731182795698924
24.73498233215548
24.73498233215548
24.738675958188153
24.738675958188153
24.825174825174827
24.82758620689655
24.91103202846975
24.91349480968858
24.919093851132686
25.0
25.0
25.09090909090909
25.092250922509223
25.0936329588015
25.25597269624573
25.274725274725274
25.274725274725274
25.34722222222222
25.357142857142854
25.357142857142854
25.423728813559322
25.454545454545453
25.454545454545453
25.461254612546124
25.517241379310345
25.517241379310345
25.735294117647058
25.816993464052292
25.82781456953642
25.830258302583026
25.850340136054424
25.91240875912409
25.925925925925924
26.013513513513516
26.027397260273972
26.027397260273972
26.037735849056602
26.119402985074625
26.199261992619927
26.296296296296294
26.31578947368421
26.334519572953734
26.351351351351347
26.36986301369863
26.36986301369863
26.36986301369863
26.408450704225352
26.42857142857143
26.480836236933797
26.480836236933797
26.56826568265683
26.56826568265683
26.591760299625467
26.666666666666668
26.691729323308273
26.76056338028169
26.765799256505574
26.779661016949152
26.855123674911663
26.96629213483146
26.989619377162633
27.017543859649123
27.037037037037038
27.046263345195733
27.11267605633803
27.2108843537415
27.238805970149254
27.24014336917563
27.241379310344826
27.27272727272727
27.368421052631582
27.430555555555557
27.526132404181187
27.573529411764707
27.609427609427613
27.64505119453925
27.697841726618705
27.73972602739726
27.77777777777778
27.819548872180448
27.874564459930312
27.915194346289752
27.93103448275862
27.93103448275862
27.941176470588236
27.956989247311824
27.985074626865668
28.125
28.158844765342963
28.222996515679444
28.222996515679444
28.25278810408922
28.25278810408922
28.52233676975945
28.617363344051448
28.621908127208478
28.666666666666668
28.985507246376812
29.054054054054053
29.225352112676056
29.268292682926827
29.39068100358423
29.47761194029851
29.71014492753623
29.818181818181817
29.856115107913666
30.111524163568777
30.175438596491226
30.37037037037037
30.47945205479452
30.716723549488055
30.82706766917293
30.90277777777778
31.11111111111111
31.294964028776977
31.316725978647685
31.5018315018315
31.521739130434785
31.833910034602077
31.944444444444443
32.5
32.83018867924528
32.84132841328413
32.96296296296296
32.97872340425532
33.09090909090909
33.210332103321036
33.210332103321036
33.21167883211679
33.45864661654135
33.82899628252788
33.94833948339483
34.05017921146953
34.19117647058824
34.2560553633218
34.55882352941176
34.686346863468636
34.686346863468636
34.72222222222222
34.751773049645394
35.338345864661655
35.63636363636364
35.82089552238806
37.301587301587304
37.6865671641791
38.04713804713805
38.51851851851852
38.51851851851852
39.338235294117645
41.417910447761194
42.16417910447761
