Unique ID: 3819321d-3dd4-43b9-95d9-6159b460cb6d,
Billed Duration for Request 3819321d-3dd4-43b9-95d9-6159b460cb6d: 93 ms
Input: 1050000,
Cold Start: false
Unique ID: b7721bef-9ee8-4a5c-b088-26d1d1abfaa1,
Billed Duration for Request b7721bef-9ee8-4a5c-b088-26d1d1abfaa1: 156 ms
Input: 1050000,
Cold Start: false
Unique ID: f4347f7d-39cf-4227-9e1a-11bd0a848cad,
Billed Duration for Request f4347f7d-39cf-4227-9e1a-11bd0a848cad: 122 ms
Input: 1050000,
Cold Start: false
Unique ID: d9830812-c178-460d-8c97-8fc0afba137e,
Billed Duration for Request d9830812-c178-460d-8c97-8fc0afba137e: 108 ms
Input: 1050000,
Cold Start: false
Unique ID: 7466ba43-8744-4436-bd06-b70e304625ee,
Billed Duration for Request 7466ba43-8744-4436-bd06-b70e304625ee: 93 ms
Input: 1050000,
Cold Start: false
Unique ID: 0f2f4618-58ce-47b8-8c98-6fb32225ba05,
Billed Duration for Request 0f2f4618-58ce-47b8-8c98-6fb32225ba05: 148 ms
Input: 1050000,
Cold Start: false
Unique ID: 5d295238-b7c8-4b84-af88-cfe709e918d2,
Billed Duration for Request 5d295238-b7c8-4b84-af88-cfe709e918d2: 89 ms
Input: 1050000,
Cold Start: false
Unique ID: 9cacdb79-9721-4f66-8352-878bdd007238,
Billed Duration for Request 9cacdb79-9721-4f66-8352-878bdd007238: 150 ms
Input: 1050000,
Cold Start: false
Unique ID: 82909cff-1bd8-45d8-a046-28858792c00a,
Billed Duration for Request 82909cff-1bd8-45d8-a046-28858792c00a: 111 ms
Input: 1050000,
Cold Start: false
Unique ID: b6d778a3-8377-43d1-a8ed-60fba54938f8,
Billed Duration for Request b6d778a3-8377-43d1-a8ed-60fba54938f8: 90 ms
Input: 1050000,
Cold Start: false
Unique ID: a9732104-9fc8-47a0-9864-0e2b1c63b048,
Billed Duration for Request a9732104-9fc8-47a0-9864-0e2b1c63b048: 113 ms
Input: 1050000,
Cold Start: false
Unique ID: 2027578b-48ed-4218-86cb-f3e12a08c363,
Billed Duration for Request 2027578b-48ed-4218-86cb-f3e12a08c363: 108 ms
Input: 1050000,
Cold Start: false
Unique ID: 16f55586-4ab4-437d-9069-cb0a51c74c14,
Billed Duration for Request 16f55586-4ab4-437d-9069-cb0a51c74c14: 90 ms
Input: 1050000,
Cold Start: false
Unique ID: 7bdd5bcd-1d48-40f3-b738-79a12bc5bc78,
Billed Duration for Request 7bdd5bcd-1d48-40f3-b738-79a12bc5bc78: 174 ms
Input: 1050000,
Cold Start: false
Unique ID: 99ca86d8-9d51-4418-9323-eb107f42a443,
Billed Duration for Request 99ca86d8-9d51-4418-9323-eb107f42a443: 95 ms
Input: 1050000,
Cold Start: false
Unique ID: 64505673-c759-4aed-8851-f82404bfb43b,
Billed Duration for Request 64505673-c759-4aed-8851-f82404bfb43b: 135 ms
Input: 1050000,
Cold Start: false
Unique ID: 664a6dcb-fc28-4606-97bd-8d71b83f46ff,
Billed Duration for Request 664a6dcb-fc28-4606-97bd-8d71b83f46ff: 93 ms
Input: 1050000,
Cold Start: false
Unique ID: f5dc20d2-2718-4280-adef-46c3f321823e,
Billed Duration for Request f5dc20d2-2718-4280-adef-46c3f321823e: 151 ms
Input: 1050000,
Cold Start: false
Unique ID: 374d39e7-ec74-4f9b-8ad7-dd135129a03a,
Billed Duration for Request 374d39e7-ec74-4f9b-8ad7-dd135129a03a: 90 ms
Input: 1050000,
Cold Start: false
Unique ID: 3f02833c-a4fe-43be-b7b3-1b225f8ab3a8,
Billed Duration for Request 3f02833c-a4fe-43be-b7b3-1b225f8ab3a8: 112 ms
Input: 1050000,
Cold Start: false
Unique ID: 580192cc-28f0-442c-ba52-a1a3026c30db,
Billed Duration for Request 580192cc-28f0-442c-ba52-a1a3026c30db: 119 ms
Input: 1050000,
Cold Start: false
Unique ID: 5c5964db-a15e-4cc2-873a-83d0f337edf5,
Billed Duration for Request 5c5964db-a15e-4cc2-873a-83d0f337edf5: 112 ms
Input: 1050000,
Cold Start: false
Unique ID: 992902b1-eec0-4341-9abf-9864dde9dd10,
Billed Duration for Request 992902b1-eec0-4341-9abf-9864dde9dd10: 119 ms
Input: 1050000,
Cold Start: false
Unique ID: 8b41adfd-769b-4367-8131-630be6893aff,
Billed Duration for Request 8b41adfd-769b-4367-8131-630be6893aff: 152 ms
Input: 1050000,
Cold Start: false
Unique ID: 9c641b08-7a5a-4224-8c25-c38d9b4551d3,
Billed Duration for Request 9c641b08-7a5a-4224-8c25-c38d9b4551d3: 121 ms
Input: 1050000,
Cold Start: false
Unique ID: 88cb7162-4b19-415f-836b-854030152267,
Billed Duration for Request 88cb7162-4b19-415f-836b-854030152267: 157 ms
Input: 1050000,
Cold Start: false
Unique ID: ee7f4bd2-e7c3-4e3a-807b-e5fd1a691220,
Billed Duration for Request ee7f4bd2-e7c3-4e3a-807b-e5fd1a691220: 118 ms
Input: 1050000,
Cold Start: false
Unique ID: 482d1ad0-7363-4722-b2be-d268118d1147,
Billed Duration for Request 482d1ad0-7363-4722-b2be-d268118d1147: 122 ms
Input: 1050000,
Cold Start: false
Unique ID: 7470a98b-a30e-4c55-8eff-253fb883271a,
Billed Duration for Request 7470a98b-a30e-4c55-8eff-253fb883271a: 95 ms
Input: 1050000,
Cold Start: false
Unique ID: e146c8b1-b9af-4867-b93b-8204c5b45e14,
Billed Duration for Request e146c8b1-b9af-4867-b93b-8204c5b45e14: 141 ms
Input: 1050000,
Cold Start: false
Unique ID: 118964d2-6303-443b-9f24-873b77024926,
Billed Duration for Request 118964d2-6303-443b-9f24-873b77024926: 96 ms
Input: 1050000,
Cold Start: false
Unique ID: d9043648-279a-4c4d-b0b8-5f1cbf568901,
Billed Duration for Request d9043648-279a-4c4d-b0b8-5f1cbf568901: 98 ms
Input: 1050000,
Cold Start: false
Unique ID: 6894e5e0-4d35-4492-88ab-8004fd833c50,
Billed Duration for Request 6894e5e0-4d35-4492-88ab-8004fd833c50: 96 ms
Input: 1050000,
Cold Start: false
Unique ID: d371a4f2-df06-495b-876b-2e89ee7aa11b,
Billed Duration for Request d371a4f2-df06-495b-876b-2e89ee7aa11b: 118 ms
Input: 1050000,
Cold Start: false
Unique ID: f9e86bfc-dc6b-4220-9d6d-1d7d975c6dfb,
Billed Duration for Request f9e86bfc-dc6b-4220-9d6d-1d7d975c6dfb: 134 ms
Input: 1050000,
Cold Start: false
Unique ID: e6a3f85d-3709-4a4b-933b-7219a9369971,
Billed Duration for Request e6a3f85d-3709-4a4b-933b-7219a9369971: 80 ms
Input: 1050000,
Cold Start: false
Unique ID: 281ca791-7ada-4d95-b47c-c7cea802db49,
Billed Duration for Request 281ca791-7ada-4d95-b47c-c7cea802db49: 141 ms
Input: 1050000,
Cold Start: false
Unique ID: 9014d652-ca38-43d1-b7e0-1f1cf0c844d3,
Billed Duration for Request 9014d652-ca38-43d1-b7e0-1f1cf0c844d3: 116 ms
Input: 1050000,
Cold Start: false
Unique ID: 655f1001-d593-4d02-8c8d-916df3c15853,
Billed Duration for Request 655f1001-d593-4d02-8c8d-916df3c15853: 122 ms
Input: 1050000,
Cold Start: false
Unique ID: 8e4f012e-f796-4252-af76-3544d4393885,
Billed Duration for Request 8e4f012e-f796-4252-af76-3544d4393885: 98 ms
Input: 1050000,
Cold Start: false
Unique ID: fe0ca3c0-ed2b-49cd-a696-a95a9c3d399e,
Billed Duration for Request fe0ca3c0-ed2b-49cd-a696-a95a9c3d399e: 119 ms
Input: 1050000,
Cold Start: false
Unique ID: 95c920d1-bbc2-43f3-90e8-7d51bd8ae2d2,
Billed Duration for Request 95c920d1-bbc2-43f3-90e8-7d51bd8ae2d2: 119 ms
Input: 1050000,
Cold Start: false
Unique ID: 46d2559b-fd0e-4ad7-8b2a-a05a0a5a4263,
Billed Duration for Request 46d2559b-fd0e-4ad7-8b2a-a05a0a5a4263: 94 ms
Input: 1050000,
Cold Start: false
Unique ID: aa9dddaf-ef99-41a9-87f8-a48c3c35b19c,
Billed Duration for Request aa9dddaf-ef99-41a9-87f8-a48c3c35b19c: 116 ms
Input: 1050000,
Cold Start: false
Unique ID: eb933224-38e7-4657-8abb-9c616eb099fb,
Billed Duration for Request eb933224-38e7-4657-8abb-9c616eb099fb: 116 ms
Input: 1050000,
Cold Start: false
Unique ID: de27fda0-7eda-4b31-a85a-eb82873fc771,
Billed Duration for Request de27fda0-7eda-4b31-a85a-eb82873fc771: 96 ms
Input: 1050000,
Cold Start: false
Unique ID: f7400545-3b16-4b20-a929-73d2465989f1,
Billed Duration for Request f7400545-3b16-4b20-a929-73d2465989f1: 91 ms
Input: 1050000,
Cold Start: false
Unique ID: 43c6b384-aac1-476c-8407-2af0aaef58d8,
Billed Duration for Request 43c6b384-aac1-476c-8407-2af0aaef58d8: 85 ms
Input: 1050000,
Cold Start: false
Unique ID: f40d798f-ae49-49d2-93f8-de8620e6d2b1,
Billed Duration for Request f40d798f-ae49-49d2-93f8-de8620e6d2b1: 109 ms
Input: 1050000,
Cold Start: false
Unique ID: 6dc582bb-0c1b-4f79-be60-947e5c05a696,
Billed Duration for Request 6dc582bb-0c1b-4f79-be60-947e5c05a696: 114 ms
Input: 1050000,
Cold Start: false
Unique ID: 5e1943fa-dc94-4317-9c56-3bd09236ff17,
Billed Duration for Request 5e1943fa-dc94-4317-9c56-3bd09236ff17: 97 ms
Input: 1050000,
Cold Start: false
Unique ID: 5bffdcfe-391f-428f-98d2-104a87a8c52c,
Billed Duration for Request 5bffdcfe-391f-428f-98d2-104a87a8c52c: 99 ms
Input: 1050000,
Cold Start: false
Unique ID: 7b4227d8-1e47-4d6d-a747-10808fff93ce,
Billed Duration for Request 7b4227d8-1e47-4d6d-a747-10808fff93ce: 133 ms
Input: 1050000,
Cold Start: false
Unique ID: 62af7549-2dc3-4922-8206-ff31e0280a11,
Billed Duration for Request 62af7549-2dc3-4922-8206-ff31e0280a11: 76 ms
Input: 1050000,
Cold Start: false
Unique ID: df308288-dba0-47b6-b36d-1af10c263a5e,
Billed Duration for Request df308288-dba0-47b6-b36d-1af10c263a5e: 141 ms
Input: 1050000,
Cold Start: false
Unique ID: 77f07087-ccaf-4d5f-8b73-0483110254d9,
Billed Duration for Request 77f07087-ccaf-4d5f-8b73-0483110254d9: 93 ms
Input: 1050000,
Cold Start: false
Unique ID: 8f10bb56-620f-4b27-bc10-ca38952f8396,
Billed Duration for Request 8f10bb56-620f-4b27-bc10-ca38952f8396: 118 ms
Input: 1050000,
Cold Start: false
Unique ID: c29a938a-a302-4df6-b265-e85da5b41667,
Billed Duration for Request c29a938a-a302-4df6-b265-e85da5b41667: 96 ms
Input: 1050000,
Cold Start: false
Unique ID: 02cef897-a0cb-4788-b7bd-f28e16345eb3,
Billed Duration for Request 02cef897-a0cb-4788-b7bd-f28e16345eb3: 117 ms
Input: 1050000,
Cold Start: false
Unique ID: 030af43f-b45d-4765-9a71-2782190a853a,
Billed Duration for Request 030af43f-b45d-4765-9a71-2782190a853a: 92 ms
Input: 1050000,
Cold Start: false
Unique ID: 7686c4c8-1d5b-482d-b432-058d1c945ce2,
Billed Duration for Request 7686c4c8-1d5b-482d-b432-058d1c945ce2: 140 ms
Input: 1050000,
Cold Start: false
Unique ID: 66cc2056-8db4-456c-a2f2-9e73e4ffa420,
Billed Duration for Request 66cc2056-8db4-456c-a2f2-9e73e4ffa420: 76 ms
Input: 1050000,
Cold Start: false
Unique ID: 598277b0-0388-4e01-b838-24260930c631,
Billed Duration for Request 598277b0-0388-4e01-b838-24260930c631: 131 ms
Input: 1050000,
Cold Start: false
Unique ID: ce1ec8d8-954c-4558-9531-cdb99eff617f,
Billed Duration for Request ce1ec8d8-954c-4558-9531-cdb99eff617f: 79 ms
Input: 1050000,
Cold Start: false
Unique ID: 64e32519-4c2a-43f3-8e3e-d45a59f3ff84,
Billed Duration for Request 64e32519-4c2a-43f3-8e3e-d45a59f3ff84: 142 ms
Input: 1050000,
Cold Start: false
Unique ID: 72de755c-68cd-48d9-93cc-8c8f329b9f2a,
Billed Duration for Request 72de755c-68cd-48d9-93cc-8c8f329b9f2a: 91 ms
Input: 1050000,
Cold Start: false
Unique ID: a558ad29-722a-4c34-9796-06a730a59282,
Billed Duration for Request a558ad29-722a-4c34-9796-06a730a59282: 121 ms
Input: 1050000,
Cold Start: false
Unique ID: b7ff09b2-1b80-4be1-acf8-a52ce65cb577,
Billed Duration for Request b7ff09b2-1b80-4be1-acf8-a52ce65cb577: 117 ms
Input: 1050000,
Cold Start: false
Unique ID: a8aabcc3-ae94-48b3-a785-fb639e32b302,
Billed Duration for Request a8aabcc3-ae94-48b3-a785-fb639e32b302: 98 ms
Input: 1050000,
Cold Start: false
Unique ID: 1147b21c-d6f5-4ecb-b924-faa5b44efd7d,
Billed Duration for Request 1147b21c-d6f5-4ecb-b924-faa5b44efd7d: 77 ms
Input: 1050000,
Cold Start: false
Unique ID: c1cada29-81cf-4443-82a6-d75d2de06d59,
Billed Duration for Request c1cada29-81cf-4443-82a6-d75d2de06d59: 97 ms
Input: 1050000,
Cold Start: false
Unique ID: 5ad93457-dd16-4f81-9599-8c4928d04f40,
Billed Duration for Request 5ad93457-dd16-4f81-9599-8c4928d04f40: 132 ms
Input: 1050000,
Cold Start: false
Unique ID: 5ccc0dec-dc17-4ee5-b9e6-1877607b78a2,
Billed Duration for Request 5ccc0dec-dc17-4ee5-b9e6-1877607b78a2: 126 ms
Input: 1050000,
Cold Start: false
Unique ID: 6590d473-65f7-48c8-ab66-a02f69e01c99,
Billed Duration for Request 6590d473-65f7-48c8-ab66-a02f69e01c99: 101 ms
Input: 1050000,
Cold Start: false
Unique ID: 0cc70eaa-ff1b-4bd0-9783-92e7cae97f9a,
Billed Duration for Request 0cc70eaa-ff1b-4bd0-9783-92e7cae97f9a: 97 ms
Input: 1050000,
Cold Start: false
Unique ID: 81d79d96-4981-4225-8dc9-c1ca04656660,
Billed Duration for Request 81d79d96-4981-4225-8dc9-c1ca04656660: 99 ms
Input: 1050000,
Cold Start: false
Unique ID: ac62fe8d-1953-4203-8346-6cdbcd15c7f7,
Billed Duration for Request ac62fe8d-1953-4203-8346-6cdbcd15c7f7: 115 ms
Input: 1050000,
Cold Start: false
Unique ID: 11a77688-afc2-4aa0-8119-228b6468970c,
Billed Duration for Request 11a77688-afc2-4aa0-8119-228b6468970c: 99 ms
Input: 1050000,
Cold Start: false
Unique ID: 26e10fac-a861-430e-b8bf-8590489bb61e,
Billed Duration for Request 26e10fac-a861-430e-b8bf-8590489bb61e: 139 ms
Input: 1050000,
Cold Start: false
Unique ID: 2224d696-d7a8-430f-9480-e58287938c4c,
Billed Duration for Request 2224d696-d7a8-430f-9480-e58287938c4c: 119 ms
Input: 1050000,
Cold Start: false
Unique ID: 1969e2f3-1082-4ce4-9823-f9ec8acf0f72,
Billed Duration for Request 1969e2f3-1082-4ce4-9823-f9ec8acf0f72: 97 ms
Input: 1050000,
Cold Start: false
Unique ID: 2f0b0de0-dd26-4da6-8f80-b01e92586434,
Billed Duration for Request 2f0b0de0-dd26-4da6-8f80-b01e92586434: 137 ms
Input: 1050000,
Cold Start: false
Unique ID: b3f5e9a9-8627-4eec-853f-d90a6b3f5ac3,
Billed Duration for Request b3f5e9a9-8627-4eec-853f-d90a6b3f5ac3: 73 ms
Input: 1050000,
Cold Start: false
Unique ID: e3e8854a-9ee3-4f9b-b21a-f94cd0a36845,
Billed Duration for Request e3e8854a-9ee3-4f9b-b21a-f94cd0a36845: 117 ms
Input: 1050000,
Cold Start: false
Unique ID: 46c04ee2-b4e9-4226-af6a-a19957f2fe69,
Billed Duration for Request 46c04ee2-b4e9-4226-af6a-a19957f2fe69: 98 ms
Input: 1050000,
Cold Start: false
Unique ID: f335dea5-4397-42ff-979d-f35417e29c9c,
Billed Duration for Request f335dea5-4397-42ff-979d-f35417e29c9c: 117 ms
Input: 1050000,
Cold Start: false
Unique ID: 6cc34107-7dfe-41fa-9c25-1e922e448559,
Billed Duration for Request 6cc34107-7dfe-41fa-9c25-1e922e448559: 115 ms
Input: 1050000,
Cold Start: false
Unique ID: 302ba2f5-8a31-4c6b-8314-365a76e36e8b,
Billed Duration for Request 302ba2f5-8a31-4c6b-8314-365a76e36e8b: 109 ms
Input: 1050000,
Cold Start: false
Unique ID: ba914407-f5b2-40ed-a34a-6c1d303319a6,
Billed Duration for Request ba914407-f5b2-40ed-a34a-6c1d303319a6: 117 ms
Input: 1050000,
Cold Start: false
Unique ID: 71a589a9-eaaa-495f-a27d-716746febf2f,
Billed Duration for Request 71a589a9-eaaa-495f-a27d-716746febf2f: 99 ms
Input: 1050000,
Cold Start: false
Unique ID: d2541299-2252-413b-b8f8-985509d329ec,
Billed Duration for Request d2541299-2252-413b-b8f8-985509d329ec: 78 ms
Input: 1050000,
Cold Start: false
Unique ID: 6b5ef40f-290d-4d5d-b881-d4a4f0dfc5c6,
Billed Duration for Request 6b5ef40f-290d-4d5d-b881-d4a4f0dfc5c6: 137 ms
Input: 1050000,
Cold Start: false
Unique ID: 62931799-64ac-4391-80e8-2f7a81da2d6e,
Billed Duration for Request 62931799-64ac-4391-80e8-2f7a81da2d6e: 91 ms
Input: 1050000,
Cold Start: false
Unique ID: 43a9965f-b65d-4b23-b70f-5ba76c0a6422,
Billed Duration for Request 43a9965f-b65d-4b23-b70f-5ba76c0a6422: 101 ms
Input: 1050000,
Cold Start: false
Unique ID: c6581a1f-152f-4168-8338-bdb2f2421814,
Billed Duration for Request c6581a1f-152f-4168-8338-bdb2f2421814: 79 ms
Input: 1050000,
Cold Start: false
Unique ID: 0f8c5300-38ed-4a9f-a47b-909af2a1e380,
Billed Duration for Request 0f8c5300-38ed-4a9f-a47b-909af2a1e380: 141 ms
Input: 1050000,
Cold Start: false
Unique ID: e8ceb1ce-e0d2-415d-8a61-cb4e811db5d6,
Billed Duration for Request e8ceb1ce-e0d2-415d-8a61-cb4e811db5d6: 114 ms
Input: 1050000,
Cold Start: false
Unique ID: 3a478a60-1805-4e17-9628-df92a34e2218,
Billed Duration for Request 3a478a60-1805-4e17-9628-df92a34e2218: 114 ms
Input: 1050000,
Cold Start: false
Unique ID: 188aab86-0e21-4042-88a8-8cbff7fdb974,
Billed Duration for Request 188aab86-0e21-4042-88a8-8cbff7fdb974: 102 ms
Input: 1050000,
Cold Start: false
Unique ID: 6cffd38d-d804-4d25-8d4d-af6cd149b966,
Billed Duration for Request 6cffd38d-d804-4d25-8d4d-af6cd149b966: 116 ms
Input: 1050000,
Cold Start: false
Unique ID: 5057b37b-e61c-4801-b7cd-04b6b9ba6da3,
Billed Duration for Request 5057b37b-e61c-4801-b7cd-04b6b9ba6da3: 111 ms
Input: 1050000,
Cold Start: false
Unique ID: d424b441-da99-4d61-a29a-ac395e94474e,
Billed Duration for Request d424b441-da99-4d61-a29a-ac395e94474e: 123 ms
Input: 1050000,
Cold Start: false
Unique ID: 7042e95f-9ea1-4807-9de0-46ce5fa67dbe,
Billed Duration for Request 7042e95f-9ea1-4807-9de0-46ce5fa67dbe: 110 ms
Input: 1050000,
Cold Start: false
Unique ID: e11d328e-80d0-4a68-8df8-6ffac75a82bf,
Billed Duration for Request e11d328e-80d0-4a68-8df8-6ffac75a82bf: 116 ms
Input: 1050000,
Cold Start: false
Unique ID: dfc57ca5-b4b6-4333-b73c-dd899e816f3f,
Billed Duration for Request dfc57ca5-b4b6-4333-b73c-dd899e816f3f: 97 ms
Input: 1050000,
Cold Start: false
Unique ID: 858020bd-87de-448b-ac44-8a9ee5d49343,
Billed Duration for Request 858020bd-87de-448b-ac44-8a9ee5d49343: 139 ms
Input: 1050000,
Cold Start: false
Unique ID: 7c4bb6fa-f57b-4b52-a859-723c62ff9bdf,
Billed Duration for Request 7c4bb6fa-f57b-4b52-a859-723c62ff9bdf: 100 ms
Input: 1050000,
Cold Start: false
Unique ID: 9de892f2-f7cf-4cd0-96ad-84de564d13b3,
Billed Duration for Request 9de892f2-f7cf-4cd0-96ad-84de564d13b3: 116 ms
Input: 1050000,
Cold Start: false
Unique ID: e2bae313-a379-4b10-a64f-b94d62f38ea1,
Billed Duration for Request e2bae313-a379-4b10-a64f-b94d62f38ea1: 77 ms
Input: 1050000,
Cold Start: false
Unique ID: e76947ea-4f9a-47e3-bc99-4af2f4b1954a,
Billed Duration for Request e76947ea-4f9a-47e3-bc99-4af2f4b1954a: 139 ms
Input: 1050000,
Cold Start: false
Unique ID: 03356240-e121-4a60-9c5d-0c578e2244b7,
Billed Duration for Request 03356240-e121-4a60-9c5d-0c578e2244b7: 99 ms
Input: 1050000,
Cold Start: false
Unique ID: 87ffcf60-9cc9-4d94-9ca3-8cea312044b8,
Billed Duration for Request 87ffcf60-9cc9-4d94-9ca3-8cea312044b8: 109 ms
Input: 1050000,
Cold Start: false
Unique ID: 9dbe000b-32c7-4728-bb11-93c3dbf03ce4,
Billed Duration for Request 9dbe000b-32c7-4728-bb11-93c3dbf03ce4: 115 ms
Input: 1050000,
Cold Start: false
Unique ID: 80c3f5cd-1361-44b8-a534-cb2bfe6a5426,
Billed Duration for Request 80c3f5cd-1361-44b8-a534-cb2bfe6a5426: 118 ms
Input: 1050000,
Cold Start: false
Unique ID: 2874ee35-dea7-4be6-aea1-d3add250310d,
Billed Duration for Request 2874ee35-dea7-4be6-aea1-d3add250310d: 99 ms
Input: 1050000,
Cold Start: false
Unique ID: 84a405a2-35cd-4608-8f92-c6593775d07d,
Billed Duration for Request 84a405a2-35cd-4608-8f92-c6593775d07d: 98 ms
Input: 1050000,
Cold Start: false
Unique ID: 78a77c1d-7fdd-4cc8-9d61-905649ff86c5,
Billed Duration for Request 78a77c1d-7fdd-4cc8-9d61-905649ff86c5: 112 ms
Input: 1050000,
Cold Start: false
Unique ID: 761cf35f-5b9b-40b8-81f3-bd14f78e124a,
Billed Duration for Request 761cf35f-5b9b-40b8-81f3-bd14f78e124a: 114 ms
Input: 1050000,
Cold Start: false
Unique ID: d4b4546a-0605-4cbf-add8-6b53bf9aabd9,
Billed Duration for Request d4b4546a-0605-4cbf-add8-6b53bf9aabd9: 97 ms
Input: 1050000,
Cold Start: false
Unique ID: 16a451b5-571e-4f5f-93b0-89e0732dfc94,
Billed Duration for Request 16a451b5-571e-4f5f-93b0-89e0732dfc94: 121 ms
Input: 1050000,
Cold Start: false
Unique ID: 5b978879-46bb-4542-a255-303fe9f3ecd3,
Billed Duration for Request 5b978879-46bb-4542-a255-303fe9f3ecd3: 83 ms
Input: 1050000,
Cold Start: false
Unique ID: 0d727a60-cbf4-4829-85e7-d45875e8d90c,
Billed Duration for Request 0d727a60-cbf4-4829-85e7-d45875e8d90c: 141 ms
Input: 1050000,
Cold Start: false
Unique ID: 86610ea2-d051-4366-9811-eba033b76e21,
Billed Duration for Request 86610ea2-d051-4366-9811-eba033b76e21: 115 ms
Input: 1050000,
Cold Start: false
Unique ID: 73bc1f17-5be5-4223-990f-1675bd32e3ff,
Billed Duration for Request 73bc1f17-5be5-4223-990f-1675bd32e3ff: 79 ms
Input: 1050000,
Cold Start: false
Unique ID: 2992c4f0-770a-4325-a472-fde12b260709,
Billed Duration for Request 2992c4f0-770a-4325-a472-fde12b260709: 138 ms
Input: 1050000,
Cold Start: false
Unique ID: 76b55348-4226-455b-a38b-43b929efb5ec,
Billed Duration for Request 76b55348-4226-455b-a38b-43b929efb5ec: 99 ms
Input: 1050000,
Cold Start: false
Unique ID: b1adc743-0fa6-4a99-aab3-a523ecf367aa,
Billed Duration for Request b1adc743-0fa6-4a99-aab3-a523ecf367aa: 116 ms
Input: 1050000,
Cold Start: false
Unique ID: f3ef336b-c613-4ea5-90ce-6b6885643809,
Billed Duration for Request f3ef336b-c613-4ea5-90ce-6b6885643809: 115 ms
Input: 1050000,
Cold Start: false
Unique ID: a67b258e-1fd5-4775-b5a6-af873db40f90,
Billed Duration for Request a67b258e-1fd5-4775-b5a6-af873db40f90: 116 ms
Input: 1050000,
Cold Start: false
Unique ID: d019b749-a715-4ced-8bbe-da2710e07e47,
Billed Duration for Request d019b749-a715-4ced-8bbe-da2710e07e47: 77 ms
Input: 1050000,
Cold Start: false
Unique ID: 998db5d6-42af-4bfc-9872-99821bfa89a5,
Billed Duration for Request 998db5d6-42af-4bfc-9872-99821bfa89a5: 93 ms
Input: 1050000,
Cold Start: false
Unique ID: d101e3bf-e9df-4f8e-b255-47590c3cd58e,
Billed Duration for Request d101e3bf-e9df-4f8e-b255-47590c3cd58e: 137 ms
Input: 1050000,
Cold Start: false
Unique ID: 5926030d-0c6e-4ce8-afa4-fa8e866184b9,
Billed Duration for Request 5926030d-0c6e-4ce8-afa4-fa8e866184b9: 77 ms
Input: 1050000,
Cold Start: false
Unique ID: 05a3cf37-5d13-466e-a9ea-5dff6d76525b,
Billed Duration for Request 05a3cf37-5d13-466e-a9ea-5dff6d76525b: 141 ms
Input: 1050000,
Cold Start: false
Unique ID: ecf8a2f5-6192-40e2-89a4-9b9cdd866c60,
Billed Duration for Request ecf8a2f5-6192-40e2-89a4-9b9cdd866c60: 102 ms
Input: 1050000,
Cold Start: false
Unique ID: 64c39a4a-b2a4-4a12-8f89-ab123aec88cf,
Billed Duration for Request 64c39a4a-b2a4-4a12-8f89-ab123aec88cf: 111 ms
Input: 1050000,
Cold Start: false
Unique ID: 924f8790-50a2-44fe-a747-2e0fd6fb6584,
Billed Duration for Request 924f8790-50a2-44fe-a747-2e0fd6fb6584: 118 ms
Input: 1050000,
Cold Start: false
Unique ID: bb7221a1-d8c4-4424-9a4f-e675eefbf1ff,
Billed Duration for Request bb7221a1-d8c4-4424-9a4f-e675eefbf1ff: 84 ms
Input: 1050000,
Cold Start: false
Unique ID: ed938430-b9e0-4f09-abbc-207a68a915cd,
Billed Duration for Request ed938430-b9e0-4f09-abbc-207a68a915cd: 134 ms
Input: 1050000,
Cold Start: false
Unique ID: 7076ab4d-5a50-4ee2-83d1-b78570902a03,
Billed Duration for Request 7076ab4d-5a50-4ee2-83d1-b78570902a03: 122 ms
Input: 1050000,
Cold Start: false
Unique ID: 9cad2b91-24c0-4cb3-8441-aba3eed0db1d,
Billed Duration for Request 9cad2b91-24c0-4cb3-8441-aba3eed0db1d: 80 ms
Input: 1050000,
Cold Start: false
Unique ID: e42406e5-7751-4f72-a0e4-259e832e1d6a,
Billed Duration for Request e42406e5-7751-4f72-a0e4-259e832e1d6a: 136 ms
Input: 1050000,
Cold Start: false
Unique ID: 44b24341-883c-44ff-a42f-cfe194522769,
Billed Duration for Request 44b24341-883c-44ff-a42f-cfe194522769: 85 ms
Input: 1050000,
Cold Start: false
Unique ID: 618cc681-4736-4d92-b8ba-8d50e7d7cac7,
Billed Duration for Request 618cc681-4736-4d92-b8ba-8d50e7d7cac7: 98 ms
Input: 1050000,
Cold Start: false
Unique ID: 2ec1c303-0a44-4729-b0c7-148ceb43f771,
Billed Duration for Request 2ec1c303-0a44-4729-b0c7-148ceb43f771: 117 ms
Input: 1050000,
Cold Start: false
Unique ID: 4238553c-e9a2-4e6e-bf4e-055f55c7682a,
Billed Duration for Request 4238553c-e9a2-4e6e-bf4e-055f55c7682a: 136 ms
Input: 1050000,
Cold Start: false
Unique ID: 23b8a8c2-3271-40a5-a35e-2dd4e943ec3c,
Billed Duration for Request 23b8a8c2-3271-40a5-a35e-2dd4e943ec3c: 75 ms
Input: 1050000,
Cold Start: false
Unique ID: 30abc441-43b5-4dc2-9658-03f33580aa84,
Billed Duration for Request 30abc441-43b5-4dc2-9658-03f33580aa84: 136 ms
Input: 1050000,
Cold Start: false
Unique ID: 840c8890-e363-4a85-bb1b-a00a4bd1f1d6,
Billed Duration for Request 840c8890-e363-4a85-bb1b-a00a4bd1f1d6: 76 ms
Input: 1050000,
Cold Start: false
Unique ID: ef89d492-c48c-4004-94c8-47689a0e89fe,
Billed Duration for Request ef89d492-c48c-4004-94c8-47689a0e89fe: 101 ms
Input: 1050000,
Cold Start: false
Unique ID: 90bd7259-fe50-4ae2-b826-50134217c7cf,
Billed Duration for Request 90bd7259-fe50-4ae2-b826-50134217c7cf: 96 ms
Input: 1050000,
Cold Start: false
Unique ID: 6c3f2408-6176-4a50-b8e1-1015071a9600,
Billed Duration for Request 6c3f2408-6176-4a50-b8e1-1015071a9600: 122 ms
Input: 1050000,
Cold Start: false
Unique ID: 734a19bf-0d28-4a22-be40-1de58af9da16,
Billed Duration for Request 734a19bf-0d28-4a22-be40-1de58af9da16: 101 ms
Input: 1050000,
Cold Start: false
Unique ID: 3787d3ea-c6cc-4f46-add2-292f32d1b357,
Billed Duration for Request 3787d3ea-c6cc-4f46-add2-292f32d1b357: 104 ms
Input: 1050000,
Cold Start: false
Unique ID: 4927db12-bee9-4014-9f7e-9fe432a70bea,
Billed Duration for Request 4927db12-bee9-4014-9f7e-9fe432a70bea: 104 ms
Input: 1050000,
Cold Start: false
Unique ID: 535fba81-e5b7-4e3e-91a1-8f5cf1889df7,
Billed Duration for Request 535fba81-e5b7-4e3e-91a1-8f5cf1889df7: 126 ms
Input: 1050000,
Cold Start: false
Unique ID: b944a712-c8bd-4295-bf84-2997c7fb89fc,
Billed Duration for Request b944a712-c8bd-4295-bf84-2997c7fb89fc: 123 ms
Input: 1050000,
Cold Start: false
Unique ID: 4763605d-f771-49ec-8bba-844c0c7fb94d,
Billed Duration for Request 4763605d-f771-49ec-8bba-844c0c7fb94d: 108 ms
Input: 1050000,
Cold Start: false
Unique ID: 3d8c5f74-cf0b-4cc8-9d41-d0a4d3e89e71,
Billed Duration for Request 3d8c5f74-cf0b-4cc8-9d41-d0a4d3e89e71: 127 ms
Input: 1050000,
Cold Start: false
Unique ID: ca2d06c1-6b56-48ac-bd72-20c5deec87ce,
Billed Duration for Request ca2d06c1-6b56-48ac-bd72-20c5deec87ce: 119 ms
Input: 1050000,
Cold Start: false
Unique ID: 1aca4047-3883-4b91-8df7-6983cd00e8ff,
Billed Duration for Request 1aca4047-3883-4b91-8df7-6983cd00e8ff: 86 ms
Input: 1050000,
Cold Start: false
Unique ID: 1303a85c-ec7a-477c-bc7c-6505704f9ede,
Billed Duration for Request 1303a85c-ec7a-477c-bc7c-6505704f9ede: 103 ms
Input: 1050000,
Cold Start: false
Unique ID: 1026ae8b-a589-473e-819b-1d33e30ce2b9,
Billed Duration for Request 1026ae8b-a589-473e-819b-1d33e30ce2b9: 103 ms
Input: 1050000,
Cold Start: false
Unique ID: 59351ab0-fa97-4dee-817b-eba494b5ee0c,
Billed Duration for Request 59351ab0-fa97-4dee-817b-eba494b5ee0c: 105 ms
Input: 1050000,
Cold Start: false
Unique ID: c0a272a6-03c6-480a-a682-9a5897a70757,
Billed Duration for Request c0a272a6-03c6-480a-a682-9a5897a70757: 126 ms
Input: 1050000,
Cold Start: false
Unique ID: 3aada8ff-4d65-4156-b2e2-d3bc7a155f30,
Billed Duration for Request 3aada8ff-4d65-4156-b2e2-d3bc7a155f30: 108 ms
Input: 1050000,
Cold Start: false
Unique ID: 70f056b1-2393-4ba3-9137-e575c396486a,
Billed Duration for Request 70f056b1-2393-4ba3-9137-e575c396486a: 116 ms
Input: 1050000,
Cold Start: false
Unique ID: cf665f71-3661-4744-a690-9c294f8bfa3f,
Billed Duration for Request cf665f71-3661-4744-a690-9c294f8bfa3f: 69 ms
Input: 1050000,
Cold Start: false
Unique ID: d70c9f99-9d21-4f8a-a0c0-17f8b5146fcc,
Billed Duration for Request d70c9f99-9d21-4f8a-a0c0-17f8b5146fcc: 141 ms
Input: 1050000,
Cold Start: false
Unique ID: 9fb20f02-32dc-4c46-ac9e-f392b616972f,
Billed Duration for Request 9fb20f02-32dc-4c46-ac9e-f392b616972f: 102 ms
Input: 1050000,
Cold Start: false
Unique ID: 6d1fc0db-e77f-4ae8-8466-b8c3b0c89455,
Billed Duration for Request 6d1fc0db-e77f-4ae8-8466-b8c3b0c89455: 106 ms
Input: 1050000,
Cold Start: false
Unique ID: 9b129e96-7371-48ed-a153-472dcf5aa853,
Billed Duration for Request 9b129e96-7371-48ed-a153-472dcf5aa853: 94 ms
Input: 1050000,
Cold Start: false
Unique ID: ba35d0ce-7ddc-469e-8272-6195caa7fa46,
Billed Duration for Request ba35d0ce-7ddc-469e-8272-6195caa7fa46: 105 ms
Input: 1050000,
Cold Start: false
Unique ID: 0db7d8ec-5cf6-42fc-98e4-a1237c932fa5,
Billed Duration for Request 0db7d8ec-5cf6-42fc-98e4-a1237c932fa5: 87 ms
Input: 1050000,
Cold Start: false
Unique ID: 67ab90ee-7df6-4c95-9c3d-cf8396c3071c,
Billed Duration for Request 67ab90ee-7df6-4c95-9c3d-cf8396c3071c: 89 ms
Input: 1050000,
Cold Start: false
Unique ID: 8aa391e7-6941-414d-b0ca-cd13091d96d4,
Billed Duration for Request 8aa391e7-6941-414d-b0ca-cd13091d96d4: 122 ms
Input: 1050000,
Cold Start: false
Unique ID: 84c2d2ff-5d29-4932-9b7f-c1bb917a08e0,
Billed Duration for Request 84c2d2ff-5d29-4932-9b7f-c1bb917a08e0: 85 ms
Input: 1050000,
Cold Start: false
Unique ID: 2b59fa44-5529-40af-a437-2ceb707df1b7,
Billed Duration for Request 2b59fa44-5529-40af-a437-2ceb707df1b7: 146 ms
Input: 1050000,
Cold Start: false
Unique ID: 57d11e5a-64c0-44e1-9ba3-d8bfeb34f089,
Billed Duration for Request 57d11e5a-64c0-44e1-9ba3-d8bfeb34f089: 85 ms
Input: 1050000,
Cold Start: false
Unique ID: edae5e9a-63aa-48c7-8f0b-39075e1dd42b,
Billed Duration for Request edae5e9a-63aa-48c7-8f0b-39075e1dd42b: 117 ms
Input: 1050000,
Cold Start: false
Unique ID: b13075cb-9cc8-48a0-9c68-72cb6250c407,
Billed Duration for Request b13075cb-9cc8-48a0-9c68-72cb6250c407: 106 ms
Input: 1050000,
Cold Start: false
Unique ID: 92468cad-d3b6-4688-b276-a618f94385d1,
Billed Duration for Request 92468cad-d3b6-4688-b276-a618f94385d1: 76 ms
Input: 1050000,
Cold Start: false
Unique ID: 8920679b-1d35-403c-97de-149c273e55d2,
Billed Duration for Request 8920679b-1d35-403c-97de-149c273e55d2: 143 ms
Input: 1050000,
Cold Start: false
Unique ID: d1be40ac-a352-4bf2-851d-fe68ddb0adf8,
Billed Duration for Request d1be40ac-a352-4bf2-851d-fe68ddb0adf8: 102 ms
Input: 1050000,
Cold Start: false
Unique ID: f16a5d08-6fbb-4b53-9d0c-cb81fd2933e4,
Billed Duration for Request f16a5d08-6fbb-4b53-9d0c-cb81fd2933e4: 85 ms
Input: 1050000,
Cold Start: false
Unique ID: 85216821-079f-4cea-80ab-e0a1ba4f64c1,
Billed Duration for Request 85216821-079f-4cea-80ab-e0a1ba4f64c1: 131 ms
Input: 1050000,
Cold Start: false
Unique ID: a6ef25c1-9761-4c1b-9fd2-02b5c54b88a6,
Billed Duration for Request a6ef25c1-9761-4c1b-9fd2-02b5c54b88a6: 103 ms
Input: 1050000,
Cold Start: false
Unique ID: 739281d5-4fbe-482b-a426-19f4f3e9ce0f,
Billed Duration for Request 739281d5-4fbe-482b-a426-19f4f3e9ce0f: 116 ms
Input: 1050000,
Cold Start: false
Unique ID: 52866225-6087-479a-9c0f-4af90d3aaf3c,
Billed Duration for Request 52866225-6087-479a-9c0f-4af90d3aaf3c: 87 ms
Input: 1050000,
Cold Start: false
Unique ID: 68ace102-440c-4fd6-860e-2d38fe3bcca4,
Billed Duration for Request 68ace102-440c-4fd6-860e-2d38fe3bcca4: 119 ms
Input: 1050000,
Cold Start: false
Unique ID: 546d8f5b-b279-4025-9730-c68a6ea2422e,
Billed Duration for Request 546d8f5b-b279-4025-9730-c68a6ea2422e: 102 ms
Input: 1050000,
Cold Start: false
Unique ID: 5a760f29-0d2d-4fd4-97eb-aeef5edc9f0c,
Billed Duration for Request 5a760f29-0d2d-4fd4-97eb-aeef5edc9f0c: 104 ms
Input: 1050000,
Cold Start: false
Unique ID: 3e0ac06a-4863-4db6-9c2f-8a8606405504,
Billed Duration for Request 3e0ac06a-4863-4db6-9c2f-8a8606405504: 123 ms
Input: 1050000,
Cold Start: false
Unique ID: f5e9d6a4-9d39-4e13-b2c1-223ee4d49dee,
Billed Duration for Request f5e9d6a4-9d39-4e13-b2c1-223ee4d49dee: 106 ms
Input: 1050000,
Cold Start: false
Unique ID: d6c49912-acba-49d1-9b4c-cde923634f5d,
Billed Duration for Request d6c49912-acba-49d1-9b4c-cde923634f5d: 87 ms
Input: 1050000,
Cold Start: false
Unique ID: 6837e332-a15b-4fb3-b5bd-579e49ec3a3f,
Billed Duration for Request 6837e332-a15b-4fb3-b5bd-579e49ec3a3f: 105 ms
Input: 1050000,
Cold Start: false
Unique ID: 58b1700a-3df4-475b-b190-440c50453cb9,
Billed Duration for Request 58b1700a-3df4-475b-b190-440c50453cb9: 104 ms
Input: 1050000,
Cold Start: false
Unique ID: b0624575-39fb-467d-9965-038be1efe2c4,
Billed Duration for Request b0624575-39fb-467d-9965-038be1efe2c4: 126 ms
Input: 1050000,
Cold Start: false
Unique ID: 6cde7188-39d6-4362-8953-07ac4a73c9ca,
Billed Duration for Request 6cde7188-39d6-4362-8953-07ac4a73c9ca: 103 ms
Input: 1050000,
Cold Start: false
Unique ID: a592c563-a98c-461d-aebe-75d2b22e4f7c,
Billed Duration for Request a592c563-a98c-461d-aebe-75d2b22e4f7c: 117 ms
Input: 1050000,
Cold Start: false
Unique ID: ea869f79-295d-4324-a159-74de808df5ec,
Billed Duration for Request ea869f79-295d-4324-a159-74de808df5ec: 87 ms
Input: 1050000,
Cold Start: false
Unique ID: 17f0fcf3-23a0-4e80-b85c-cb692ea86175,
Billed Duration for Request 17f0fcf3-23a0-4e80-b85c-cb692ea86175: 102 ms
Input: 1050000,
Cold Start: false
Unique ID: 6bbb467c-4219-43ac-b6c4-e1d8f9cd537f,
Billed Duration for Request 6bbb467c-4219-43ac-b6c4-e1d8f9cd537f: 130 ms
Input: 1050000,
Cold Start: false
Unique ID: 38a6ca5e-3832-468a-9ce5-c47309a9da9b,
Billed Duration for Request 38a6ca5e-3832-468a-9ce5-c47309a9da9b: 106 ms
Input: 1050000,
Cold Start: false
Unique ID: 66439fdc-919b-4b29-82e6-51919fb1405a,
Billed Duration for Request 66439fdc-919b-4b29-82e6-51919fb1405a: 126 ms
Input: 1050000,
Cold Start: false
Unique ID: 201d2ec2-2976-4a71-975d-18bfcd15d256,
Billed Duration for Request 201d2ec2-2976-4a71-975d-18bfcd15d256: 89 ms
Input: 1050000,
Cold Start: false
Unique ID: 2f12cc0c-bfbf-4aa5-8bff-908f28978010,
Billed Duration for Request 2f12cc0c-bfbf-4aa5-8bff-908f28978010: 124 ms
Input: 1050000,
Cold Start: false
Unique ID: 9b82f3f7-33b1-4e83-9b89-9a6f6047247c,
Billed Duration for Request 9b82f3f7-33b1-4e83-9b89-9a6f6047247c: 79 ms
Input: 1050000,
Cold Start: false
Unique ID: e68349d7-46b5-4c4e-a56d-a660d552c8f1,
Billed Duration for Request e68349d7-46b5-4c4e-a56d-a660d552c8f1: 109 ms
Input: 1050000,
Cold Start: false
Unique ID: cfe176a9-842c-4326-937f-d181bcf8fe56,
Billed Duration for Request cfe176a9-842c-4326-937f-d181bcf8fe56: 89 ms
Input: 1050000,
Cold Start: false
Unique ID: bf4c5276-b4bc-47d3-86d9-adeaedaa22a8,
Billed Duration for Request bf4c5276-b4bc-47d3-86d9-adeaedaa22a8: 127 ms
Input: 1050000,
Cold Start: false
Unique ID: dcd03ce2-c76d-4703-8fe1-f16396ccdd27,
Billed Duration for Request dcd03ce2-c76d-4703-8fe1-f16396ccdd27: 81 ms
Input: 1050000,
Cold Start: false
Unique ID: 21b05891-a8bc-44dd-96d5-a6a7171bb777,
Billed Duration for Request 21b05891-a8bc-44dd-96d5-a6a7171bb777: 130 ms
Input: 1050000,
Cold Start: false
Unique ID: baca65c4-fafd-41ad-bf61-6bfbe0a3e8a0,
Billed Duration for Request baca65c4-fafd-41ad-bf61-6bfbe0a3e8a0: 88 ms
Input: 1050000,
Cold Start: false
Unique ID: 07ed13cd-7071-4a37-a5b4-db8ce032a396,
Billed Duration for Request 07ed13cd-7071-4a37-a5b4-db8ce032a396: 123 ms
Input: 1050000,
Cold Start: false
Unique ID: 2ec5326b-885a-406f-86ec-faec19b0ef3b,
Billed Duration for Request 2ec5326b-885a-406f-86ec-faec19b0ef3b: 87 ms
Input: 1050000,
Cold Start: false
Unique ID: c70db5fa-41e2-4d06-9577-abf0cfb20bd1,
Billed Duration for Request c70db5fa-41e2-4d06-9577-abf0cfb20bd1: 66 ms
Input: 1050000,
Cold Start: false
Unique ID: e10a12de-eb3d-45fd-8c11-8655fafe763d,
Billed Duration for Request e10a12de-eb3d-45fd-8c11-8655fafe763d: 143 ms
Input: 1050000,
Cold Start: false
Unique ID: 8a754103-17d7-4b38-9679-bc56647a5e27,
Billed Duration for Request 8a754103-17d7-4b38-9679-bc56647a5e27: 122 ms
Input: 1050000,
Cold Start: false
Unique ID: fba648eb-c571-40d4-9a36-949a60682e09,
Billed Duration for Request fba648eb-c571-40d4-9a36-949a60682e09: 123 ms
Input: 1050000,
Cold Start: false
Unique ID: 65b4d83c-797d-45c5-9f4e-7306895e97c7,
Billed Duration for Request 65b4d83c-797d-45c5-9f4e-7306895e97c7: 80 ms
Input: 1050000,
Cold Start: false
Unique ID: 7b30fd7d-0eb6-4c34-aa04-20a4e4167f40,
Billed Duration for Request 7b30fd7d-0eb6-4c34-aa04-20a4e4167f40: 141 ms
Input: 1050000,
Cold Start: false
Unique ID: 5f06bf0f-6d46-44ee-a789-0acc0bc06986,
Billed Duration for Request 5f06bf0f-6d46-44ee-a789-0acc0bc06986: 87 ms
Input: 1050000,
Cold Start: false
Unique ID: e98a7e5a-5dc6-4a58-a3c6-7b16214d904a,
Billed Duration for Request e98a7e5a-5dc6-4a58-a3c6-7b16214d904a: 89 ms
Input: 1050000,
Cold Start: false
Unique ID: 24ec1ebf-5367-4e42-9d7b-643641672495,
Billed Duration for Request 24ec1ebf-5367-4e42-9d7b-643641672495: 124 ms
Input: 1050000,
Cold Start: false
Unique ID: 549ee8be-e800-4c3b-8539-2c98a09666b3,
Billed Duration for Request 549ee8be-e800-4c3b-8539-2c98a09666b3: 144 ms
Input: 1050000,
Cold Start: false
Unique ID: dbbc5d3c-6407-49b0-84bf-1fca1660aee5,
Billed Duration for Request dbbc5d3c-6407-49b0-84bf-1fca1660aee5: 99 ms
Input: 1050000,
Cold Start: false
Unique ID: d5c2486c-440b-4fbf-82db-649572b72ccc,
Billed Duration for Request d5c2486c-440b-4fbf-82db-649572b72ccc: 124 ms
Input: 1050000,
Cold Start: false
Unique ID: c26ab715-3108-43af-9ef3-93ec61e43bad,
Billed Duration for Request c26ab715-3108-43af-9ef3-93ec61e43bad: 84 ms
Input: 1050000,
Cold Start: false
Unique ID: 50d56ed8-35ce-45ae-9b33-cf1d852c0f0a,
Billed Duration for Request 50d56ed8-35ce-45ae-9b33-cf1d852c0f0a: 129 ms
Input: 1050000,
Cold Start: false
Unique ID: 81920175-56c3-4693-887c-a28d4ce6f677,
Billed Duration for Request 81920175-56c3-4693-887c-a28d4ce6f677: 101 ms
Input: 1050000,
Cold Start: false
Unique ID: 363788ad-5aa2-43cb-970c-05aba34e9dea,
Billed Duration for Request 363788ad-5aa2-43cb-970c-05aba34e9dea: 75 ms
Input: 1050000,
Cold Start: false
Unique ID: 6ca10961-27bb-487f-9b6d-1bf6cc9c0a36,
Billed Duration for Request 6ca10961-27bb-487f-9b6d-1bf6cc9c0a36: 124 ms
Input: 1050000,
Cold Start: false
Unique ID: b1efd3f5-b02a-48d9-9e9c-6b157aa6dd49,
Billed Duration for Request b1efd3f5-b02a-48d9-9e9c-6b157aa6dd49: 88 ms
Input: 1050000,
Cold Start: false
Unique ID: b3126bd2-379e-4ed7-a6b0-54ac885a728f,
Billed Duration for Request b3126bd2-379e-4ed7-a6b0-54ac885a728f: 142 ms
Input: 1050000,
Cold Start: false
Unique ID: 06545e37-3b38-4090-b3a8-402ef6532c02,
Billed Duration for Request 06545e37-3b38-4090-b3a8-402ef6532c02: 103 ms
Input: 1050000,
Cold Start: false
Unique ID: a46faab6-2df9-4b00-a1fa-8f3b426b297d,
Billed Duration for Request a46faab6-2df9-4b00-a1fa-8f3b426b297d: 107 ms
Input: 1050000,
Cold Start: false
Unique ID: 8133c561-d253-4747-8a96-801232ebb2f6,
Billed Duration for Request 8133c561-d253-4747-8a96-801232ebb2f6: 90 ms
Input: 1050000,
Cold Start: false
Unique ID: 9a814b11-a926-436a-961b-199ab81a1331,
Billed Duration for Request 9a814b11-a926-436a-961b-199ab81a1331: 109 ms
Input: 1050000,
Cold Start: false
Unique ID: 8a2fce28-6c63-4e67-896e-9886f639462d,
Billed Duration for Request 8a2fce28-6c63-4e67-896e-9886f639462d: 86 ms
Input: 1050000,
Cold Start: false
Unique ID: d8bd7c04-4b13-4a73-a076-dfdeb1ff679f,
Billed Duration for Request d8bd7c04-4b13-4a73-a076-dfdeb1ff679f: 90 ms
Input: 1050000,
Cold Start: false
Unique ID: 8c282665-4eef-4142-bbad-47f605aafa9e,
Billed Duration for Request 8c282665-4eef-4142-bbad-47f605aafa9e: 143 ms
Input: 1050000,
Cold Start: false
Unique ID: 91db2e79-39c6-4257-8e9e-62a360edea29,
Billed Duration for Request 91db2e79-39c6-4257-8e9e-62a360edea29: 85 ms
Input: 1050000,
Cold Start: false
Unique ID: 33b522d6-1f3e-4a9a-9f64-96ead1eff363,
Billed Duration for Request 33b522d6-1f3e-4a9a-9f64-96ead1eff363: 145 ms
Input: 1050000,
Cold Start: false
Unique ID: 1d7fb439-f0fa-4a00-9ef9-511ec0b81a0f,
Billed Duration for Request 1d7fb439-f0fa-4a00-9ef9-511ec0b81a0f: 84 ms
Input: 1050000,
Cold Start: false
Unique ID: 690c2c21-eee1-4a6a-9893-a4072074a92b,
Billed Duration for Request 690c2c21-eee1-4a6a-9893-a4072074a92b: 87 ms
Input: 1050000,
Cold Start: false
Unique ID: 266fd411-76f2-409e-abb2-b4d2824295d0,
Billed Duration for Request 266fd411-76f2-409e-abb2-b4d2824295d0: 126 ms
Input: 1050000,
Cold Start: false
Unique ID: 83a328af-fa75-4e85-9bc2-ce7ddb30e30e,
Billed Duration for Request 83a328af-fa75-4e85-9bc2-ce7ddb30e30e: 85 ms
Input: 1050000,
Cold Start: false
Unique ID: 4bbc772f-99cb-4355-8f96-671a61e0a256,
Billed Duration for Request 4bbc772f-99cb-4355-8f96-671a61e0a256: 128 ms
Input: 1050000,
Cold Start: false
Unique ID: 7b6618e1-f9c4-48f8-b99d-44c69e1ea7e3,
Billed Duration for Request 7b6618e1-f9c4-48f8-b99d-44c69e1ea7e3: 104 ms
Input: 1050000,
Cold Start: false
Unique ID: 8f3f2969-9c0a-4ba1-8322-b7cd60533106,
Billed Duration for Request 8f3f2969-9c0a-4ba1-8322-b7cd60533106: 105 ms
Input: 1050000,
Cold Start: false
Unique ID: c2d55ff9-cb7c-4554-9b0f-c5e1861999d4,
Billed Duration for Request c2d55ff9-cb7c-4554-9b0f-c5e1861999d4: 121 ms
Input: 1050000,
Cold Start: false
Unique ID: 48837344-e1f1-4074-9ff0-301c269ba54b,
Billed Duration for Request 48837344-e1f1-4074-9ff0-301c269ba54b: 107 ms
Input: 1050000,
Cold Start: false
Unique ID: e781ee12-856a-49cf-91eb-af99ec0e131e,
Billed Duration for Request e781ee12-856a-49cf-91eb-af99ec0e131e: 90 ms
Input: 1050000,
Cold Start: false
Unique ID: 691ff806-6a40-4624-8ac6-d4ab54cab00e,
Billed Duration for Request 691ff806-6a40-4624-8ac6-d4ab54cab00e: 95 ms
Input: 1050000,
Cold Start: false
Unique ID: e47a194f-eea7-4aa5-a9ea-5267ba14c981,
Billed Duration for Request e47a194f-eea7-4aa5-a9ea-5267ba14c981: 89 ms
Input: 1050000,
Cold Start: false
Unique ID: da9ae110-7270-4936-88f7-37c056055083,
Billed Duration for Request da9ae110-7270-4936-88f7-37c056055083: 132 ms
Input: 1050000,
Cold Start: false
Unique ID: ceb69542-50d5-460c-b679-a8f1ac98aa66,
Billed Duration for Request ceb69542-50d5-460c-b679-a8f1ac98aa66: 68 ms
Input: 1050000,
Cold Start: false
Unique ID: 45a9b420-9d67-496a-8c35-7a1855b7abe1,
Billed Duration for Request 45a9b420-9d67-496a-8c35-7a1855b7abe1: 106 ms
Input: 1050000,
Cold Start: false
Unique ID: 026d0712-2b9e-4110-a893-3f3cfdd8ce56,
Billed Duration for Request 026d0712-2b9e-4110-a893-3f3cfdd8ce56: 104 ms
Input: 1050000,
Cold Start: false
Unique ID: dda5280f-89cb-430f-ad58-f951369a7296,
Billed Duration for Request dda5280f-89cb-430f-ad58-f951369a7296: 126 ms
Input: 1050000,
Cold Start: false
Unique ID: 9447959b-6810-4391-ad8d-547a3556111a,
Billed Duration for Request 9447959b-6810-4391-ad8d-547a3556111a: 103 ms
Input: 1050000,
Cold Start: false
Unique ID: fc75d5f8-f6dd-4c01-947e-a99579fbbc92,
Billed Duration for Request fc75d5f8-f6dd-4c01-947e-a99579fbbc92: 111 ms
Input: 1050000,
Cold Start: false
Unique ID: c08901bb-8d81-4f06-af61-748a7b556336,
Billed Duration for Request c08901bb-8d81-4f06-af61-748a7b556336: 125 ms
Input: 1050000,
Cold Start: false
Unique ID: 3baa487f-8b30-487a-b524-a299558aa85b,
Billed Duration for Request 3baa487f-8b30-487a-b524-a299558aa85b: 106 ms
Input: 1050000,
Cold Start: false
Unique ID: 38623dac-c4ac-40a8-b77e-3b7eb5404272,
Billed Duration for Request 38623dac-c4ac-40a8-b77e-3b7eb5404272: 103 ms
Input: 1050000,
Cold Start: false
Unique ID: 7fc70bf1-66ca-46d7-9f72-988e7134ddfc,
Billed Duration for Request 7fc70bf1-66ca-46d7-9f72-988e7134ddfc: 67 ms
Input: 1050000,
Cold Start: false
Unique ID: fa920feb-52c3-4c7f-9c06-093f00203083,
Billed Duration for Request fa920feb-52c3-4c7f-9c06-093f00203083: 144 ms
Input: 1050000,
Cold Start: false
Unique ID: ad9ac8ad-112d-4f09-b3c3-31cf586aa79b,
Billed Duration for Request ad9ac8ad-112d-4f09-b3c3-31cf586aa79b: 89 ms
Input: 1050000,
Cold Start: false
Unique ID: 45d342a6-a0ee-4b79-87c4-266183a27219,
Billed Duration for Request 45d342a6-a0ee-4b79-87c4-266183a27219: 144 ms
Input: 1050000,
Cold Start: false
Unique ID: 28482617-0968-4352-b47b-0b1f109bec68,
Billed Duration for Request 28482617-0968-4352-b47b-0b1f109bec68: 106 ms
Input: 1050000,
Cold Start: false
Unique ID: 9068f518-312c-4066-99be-b94fd931dc26,
Billed Duration for Request 9068f518-312c-4066-99be-b94fd931dc26: 119 ms
Input: 1050000,
Cold Start: false
Unique ID: a6aca891-e819-4e8d-ab04-76a9692952f5,
Billed Duration for Request a6aca891-e819-4e8d-ab04-76a9692952f5: 88 ms
Input: 1050000,
Cold Start: false
Unique ID: cd610d49-25e4-454f-9a85-2ed70bacdc28,
Billed Duration for Request cd610d49-25e4-454f-9a85-2ed70bacdc28: 110 ms
Input: 1050000,
Cold Start: false
Unique ID: 53e38292-bfda-4c99-b1b4-b0003f2f5291,
Billed Duration for Request 53e38292-bfda-4c99-b1b4-b0003f2f5291: 105 ms
Input: 1050000,
Cold Start: false
Unique ID: 24470449-9cfb-4198-bd80-edf339d92287,
Billed Duration for Request 24470449-9cfb-4198-bd80-edf339d92287: 85 ms
Input: 1050000,
Cold Start: false
Unique ID: 424f89a4-7aec-4218-87a8-3f10f072b005,
Billed Duration for Request 424f89a4-7aec-4218-87a8-3f10f072b005: 125 ms
Input: 1050000,
Cold Start: false
Unique ID: a1d06b62-0dff-4496-b9d4-4bc2fac9a339,
Billed Duration for Request a1d06b62-0dff-4496-b9d4-4bc2fac9a339: 119 ms
Input: 1050000,
Cold Start: false
Unique ID: d5f99de8-7ef7-48e4-a622-49744cdb4ac2,
Billed Duration for Request d5f99de8-7ef7-48e4-a622-49744cdb4ac2: 106 ms
Input: 1050000,
Cold Start: false
Unique ID: d1d0cd1a-8468-4f2b-b149-6f1d8b818a6d,
Billed Duration for Request d1d0cd1a-8468-4f2b-b149-6f1d8b818a6d: 125 ms
Input: 1050000,
Cold Start: false
Unique ID: 88b95d89-1f10-4c47-b0ff-56319287bcd3,
Billed Duration for Request 88b95d89-1f10-4c47-b0ff-56319287bcd3: 86 ms
Input: 1050000,
Cold Start: false
Unique ID: b557d3a9-9e1e-4b42-859f-1b2cf469d49e,
Billed Duration for Request b557d3a9-9e1e-4b42-859f-1b2cf469d49e: 117 ms
Input: 1050000,
Cold Start: false
Unique ID: e3cabfa8-07d2-4b6d-8d76-071c45e38e8a,
Billed Duration for Request e3cabfa8-07d2-4b6d-8d76-071c45e38e8a: 126 ms
Input: 1050000,
Cold Start: false
Unique ID: fa2e0c6b-d731-427c-8780-f13cea9302ac,
Billed Duration for Request fa2e0c6b-d731-427c-8780-f13cea9302ac: 84 ms
Input: 1050000,
Cold Start: false
Unique ID: 67a69130-e07d-44bd-b0f9-1b9daf54086e,
Billed Duration for Request 67a69130-e07d-44bd-b0f9-1b9daf54086e: 128 ms
Input: 1050000,
Cold Start: false
Unique ID: 8d3c3ba8-578a-4422-aff6-f9fe56d5cfd3,
Billed Duration for Request 8d3c3ba8-578a-4422-aff6-f9fe56d5cfd3: 118 ms
Input: 1050000,
Cold Start: false
Unique ID: b6f1a815-161c-4368-b2f9-8a5ca4f492ae,
Billed Duration for Request b6f1a815-161c-4368-b2f9-8a5ca4f492ae: 106 ms
Input: 1050000,
Cold Start: false
Unique ID: bbdf7f24-888d-4d39-ac14-e1ba447eaef4,
Billed Duration for Request bbdf7f24-888d-4d39-ac14-e1ba447eaef4: 122 ms
Input: 1050000,
Cold Start: false
Unique ID: d77f6d6c-d46a-4100-9245-a008abbbd899,
Billed Duration for Request d77f6d6c-d46a-4100-9245-a008abbbd899: 121 ms
Input: 1050000,
Cold Start: false
Unique ID: 53998880-9b04-479d-b110-4c2b40f6dfc4,
Billed Duration for Request 53998880-9b04-479d-b110-4c2b40f6dfc4: 115 ms
Input: 1050000,
Cold Start: false
Unique ID: a1f5afe1-aa06-4cf1-989e-2fef4b7f4d05,
Billed Duration for Request a1f5afe1-aa06-4cf1-989e-2fef4b7f4d05: 104 ms
Input: 1050000,
Cold Start: false
Unique ID: 2608eb43-df97-49f4-9311-d8b013e7bd30,
Billed Duration for Request 2608eb43-df97-49f4-9311-d8b013e7bd30: 117 ms
Input: 1050000,
Cold Start: false
Unique ID: 8d4f0195-6ec9-44b4-afcd-e40ad0183ed4,
Billed Duration for Request 8d4f0195-6ec9-44b4-afcd-e40ad0183ed4: 107 ms
Input: 1050000,
Cold Start: false
Unique ID: b0eb9be0-ebf8-4949-885a-e61cd0b21697,
Billed Duration for Request b0eb9be0-ebf8-4949-885a-e61cd0b21697: 119 ms
Input: 1050000,
Cold Start: false
Unique ID: 430fadc3-27fe-4417-899b-6ea6d8571fdb,
Billed Duration for Request 430fadc3-27fe-4417-899b-6ea6d8571fdb: 105 ms
Input: 1050000,
Cold Start: false
Unique ID: e616a75a-f28c-4a99-9adb-8fd17e26a60b,
Billed Duration for Request e616a75a-f28c-4a99-9adb-8fd17e26a60b: 87 ms
Input: 1050000,
Cold Start: false
Unique ID: 4c0099f0-9a5a-4a65-93fc-a7fc8db4305f,
Billed Duration for Request 4c0099f0-9a5a-4a65-93fc-a7fc8db4305f: 85 ms
Input: 1050000,
Cold Start: false
Unique ID: ba3092e2-9305-41ed-8820-615c9d132aec,
Billed Duration for Request ba3092e2-9305-41ed-8820-615c9d132aec: 127 ms
Input: 1050000,
Cold Start: false
Unique ID: d53b1c5e-3a24-43fc-b74d-abe59e797de4,
Billed Duration for Request d53b1c5e-3a24-43fc-b74d-abe59e797de4: 105 ms
Input: 1050000,
Cold Start: false
Unique ID: 3352bdd1-ef4e-49f8-944b-91765f580af9,
Billed Duration for Request 3352bdd1-ef4e-49f8-944b-91765f580af9: 89 ms
Input: 1050000,
Cold Start: false
Unique ID: 7657cc5b-01f6-40a8-b3f5-122f3e47fbc1,
Billed Duration for Request 7657cc5b-01f6-40a8-b3f5-122f3e47fbc1: 112 ms
Input: 1050000,
Cold Start: false
Unique ID: d21c3a6e-068d-4675-b891-b9422eb6fb8f,
Billed Duration for Request d21c3a6e-068d-4675-b891-b9422eb6fb8f: 107 ms
Input: 1050000,
Cold Start: false
Unique ID: f8862ca1-39f4-4bd3-97e5-9c6b2a6092af,
Billed Duration for Request f8862ca1-39f4-4bd3-97e5-9c6b2a6092af: 89 ms
Input: 1050000,
Cold Start: false
Unique ID: 09cbdb06-8ffa-424a-b064-2d6f2365bd56,
Billed Duration for Request 09cbdb06-8ffa-424a-b064-2d6f2365bd56: 138 ms
Input: 1050000,
Cold Start: false
Unique ID: 2b671d04-abc8-4f79-9c6b-bb5ffc859fba,
Billed Duration for Request 2b671d04-abc8-4f79-9c6b-bb5ffc859fba: 100 ms
Input: 1050000,
Cold Start: false
Unique ID: ea76bb96-7bef-4b79-bdf5-2f2f7a6d3964,
Billed Duration for Request ea76bb96-7bef-4b79-bdf5-2f2f7a6d3964: 120 ms
Input: 1050000,
Cold Start: false
Unique ID: 85e700c7-8879-4fcf-8f69-efd4c2206cc6,
Billed Duration for Request 85e700c7-8879-4fcf-8f69-efd4c2206cc6: 117 ms
Input: 1050000,
Cold Start: false
Unique ID: 3c604b84-82ae-401c-8886-440cfb12c494,
Billed Duration for Request 3c604b84-82ae-401c-8886-440cfb12c494: 95 ms
Input: 1050000,
Cold Start: false
Unique ID: fd34e227-0031-402b-bedd-3bbb785b5ec8,
Billed Duration for Request fd34e227-0031-402b-bedd-3bbb785b5ec8: 123 ms
Input: 1050000,
Cold Start: false
Unique ID: 08104e2c-0b3d-419f-8a21-4bdd5c3f76a2,
Billed Duration for Request 08104e2c-0b3d-419f-8a21-4bdd5c3f76a2: 118 ms
Input: 1050000,
Cold Start: false
Unique ID: 75027e07-0bae-4a7d-999d-b7fb3bdf5bf8,
Billed Duration for Request 75027e07-0bae-4a7d-999d-b7fb3bdf5bf8: 114 ms
Input: 1050000,
Cold Start: false
Unique ID: 213e0d3b-8114-4f76-b0cf-4cf765126fdf,
Billed Duration for Request 213e0d3b-8114-4f76-b0cf-4cf765126fdf: 79 ms
Input: 1050000,
Cold Start: false
Unique ID: d89aa50b-55e5-4b4d-8710-b2b5533d8c1f,
Billed Duration for Request d89aa50b-55e5-4b4d-8710-b2b5533d8c1f: 101 ms
Input: 1050000,
Cold Start: false
Unique ID: dbc73448-5017-42bc-91d7-e448ec5da9bc,
Billed Duration for Request dbc73448-5017-42bc-91d7-e448ec5da9bc: 139 ms
Input: 1050000,
Cold Start: false
Unique ID: 1307605d-a7be-4eec-912f-7ee388835b52,
Billed Duration for Request 1307605d-a7be-4eec-912f-7ee388835b52: 119 ms
Input: 1050000,
Cold Start: false
Unique ID: 63c9dd6c-e4de-422d-b59b-f8ed83571687,
Billed Duration for Request 63c9dd6c-e4de-422d-b59b-f8ed83571687: 81 ms
Input: 1050000,
Cold Start: false
Unique ID: 9b59022b-7c3c-4d65-88e7-6c9980e912f0,
Billed Duration for Request 9b59022b-7c3c-4d65-88e7-6c9980e912f0: 139 ms
Input: 1050000,
Cold Start: false
Unique ID: c6fba49f-0b0c-4442-8535-19d4b6de6b31,
Billed Duration for Request c6fba49f-0b0c-4442-8535-19d4b6de6b31: 104 ms
Input: 1050000,
Cold Start: false
Unique ID: 2dea7e09-ffe4-4a46-bf8e-0a69cfe412ac,
Billed Duration for Request 2dea7e09-ffe4-4a46-bf8e-0a69cfe412ac: 121 ms
Input: 1050000,
Cold Start: false
Unique ID: 82f708bf-af5d-410f-bf4b-a188d42ba9f3,
Billed Duration for Request 82f708bf-af5d-410f-bf4b-a188d42ba9f3: 97 ms
Input: 1050000,
Cold Start: false
Unique ID: 17d375a9-adab-4802-b639-d0df6c8e3387,
Billed Duration for Request 17d375a9-adab-4802-b639-d0df6c8e3387: 120 ms
Input: 1050000,
Cold Start: false
Unique ID: b24398d5-9b8d-4630-9c43-76244c44bcd4,
Billed Duration for Request b24398d5-9b8d-4630-9c43-76244c44bcd4: 136 ms
Input: 1050000,
Cold Start: false
Unique ID: e8ebb732-850f-4d21-a0f1-fde26c23e1fc,
Billed Duration for Request e8ebb732-850f-4d21-a0f1-fde26c23e1fc: 112 ms
Input: 1050000,
Cold Start: false
Unique ID: fb2e0b82-5dd3-49ae-96ae-91a204704f63,
Billed Duration for Request fb2e0b82-5dd3-49ae-96ae-91a204704f63: 103 ms
Input: 1050000,
Cold Start: false
Unique ID: ed456817-51c2-4f29-b7d8-58984f2ead91,
Billed Duration for Request ed456817-51c2-4f29-b7d8-58984f2ead91: 121 ms
Input: 1050000,
Cold Start: false
Unique ID: 612944d6-92ee-40a4-8740-2c5162db40c9,
Billed Duration for Request 612944d6-92ee-40a4-8740-2c5162db40c9: 102 ms
Input: 1050000,
Cold Start: false
Unique ID: 1fafc1f7-e2cc-4a70-bf6d-47ea06cc1c26,
Billed Duration for Request 1fafc1f7-e2cc-4a70-bf6d-47ea06cc1c26: 118 ms
Input: 1050000,
Cold Start: false
Unique ID: 54ec7220-da78-43c2-b953-faf62e37da15,
Billed Duration for Request 54ec7220-da78-43c2-b953-faf62e37da15: 99 ms
Input: 1050000,
Cold Start: false
Unique ID: bcd999e5-c03a-4363-adac-447cf899fcd4,
Billed Duration for Request bcd999e5-c03a-4363-adac-447cf899fcd4: 98 ms
Input: 1050000,
Cold Start: false
Unique ID: a21517dc-1abf-45e4-9951-28fdb5e1243f,
Billed Duration for Request a21517dc-1abf-45e4-9951-28fdb5e1243f: 141 ms
Input: 1050000,
Cold Start: false
Unique ID: ee3d2902-6e0c-427c-adde-0df4156bbeb5,
Billed Duration for Request ee3d2902-6e0c-427c-adde-0df4156bbeb5: 96 ms
Input: 1050000,
Cold Start: false
Unique ID: 11881e62-91d7-4eaa-8a6d-37fa57044c7f,
Billed Duration for Request 11881e62-91d7-4eaa-8a6d-37fa57044c7f: 118 ms
Input: 1050000,
Cold Start: false
Unique ID: 35400825-3ab3-40f1-91a7-a777e0905574,
Billed Duration for Request 35400825-3ab3-40f1-91a7-a777e0905574: 113 ms
Input: 1050000,
Cold Start: false
Unique ID: d9ad7cce-edbb-4249-a215-0213dfa1adcf,
Billed Duration for Request d9ad7cce-edbb-4249-a215-0213dfa1adcf: 103 ms
Input: 1050000,
Cold Start: false
Unique ID: f435c65f-a6b9-4ad4-9ced-126c01718999,
Billed Duration for Request f435c65f-a6b9-4ad4-9ced-126c01718999: 136 ms
Input: 1050000,
Cold Start: false
Unique ID: ddfed68a-011c-4880-8fff-7c7fc75f0785,
Billed Duration for Request ddfed68a-011c-4880-8fff-7c7fc75f0785: 103 ms
Input: 1050000,
Cold Start: false
Unique ID: c4fb569a-a55a-4cd5-8483-11630d41784d,
Billed Duration for Request c4fb569a-a55a-4cd5-8483-11630d41784d: 123 ms
Input: 1050000,
Cold Start: false
Unique ID: c5b7e69f-8618-4a76-b2ad-f4eefe0157ca,
Billed Duration for Request c5b7e69f-8618-4a76-b2ad-f4eefe0157ca: 75 ms
Input: 1050000,
Cold Start: false
Unique ID: 68b92077-1512-4609-b170-011d416c6f11,
Billed Duration for Request 68b92077-1512-4609-b170-011d416c6f11: 144 ms
Input: 1050000,
Cold Start: false
Unique ID: 1ebd101e-1b4f-4e88-8992-0806789ca494,
Billed Duration for Request 1ebd101e-1b4f-4e88-8992-0806789ca494: 102 ms
Input: 1050000,
Cold Start: false
Unique ID: 2f4a9719-799c-46df-a42d-b73cbe8dfae1,
Billed Duration for Request 2f4a9719-799c-46df-a42d-b73cbe8dfae1: 97 ms
Input: 1050000,
Cold Start: false
Unique ID: 5ec7e29b-668f-4b31-8c91-0b40a19e7e1d,
Billed Duration for Request 5ec7e29b-668f-4b31-8c91-0b40a19e7e1d: 142 ms
Input: 1050000,
Cold Start: false
Unique ID: b036ffd6-a75d-45c9-bc66-ee6ee0662a16,
Billed Duration for Request b036ffd6-a75d-45c9-bc66-ee6ee0662a16: 89 ms
Input: 1050000,
Cold Start: false
Unique ID: 810d7432-b032-4543-8d93-6d0770f2b559,
Billed Duration for Request 810d7432-b032-4543-8d93-6d0770f2b559: 139 ms
Input: 1050000,
Cold Start: false
Unique ID: d28b5f3f-c600-46b2-971a-c5a2afc4eef3,
Billed Duration for Request d28b5f3f-c600-46b2-971a-c5a2afc4eef3: 100 ms
Input: 1050000,
Cold Start: false
Unique ID: 9bca1d00-20ff-46cb-bfe0-42ccd6834757,
Billed Duration for Request 9bca1d00-20ff-46cb-bfe0-42ccd6834757: 121 ms
Input: 1050000,
Cold Start: false
Unique ID: 8cc33840-95dd-4f2f-95c1-0e12442db222,
Billed Duration for Request 8cc33840-95dd-4f2f-95c1-0e12442db222: 88 ms
Input: 1050000,
Cold Start: false
Unique ID: 3e03aa74-fe7d-4904-a08a-15c9a2de6679,
Billed Duration for Request 3e03aa74-fe7d-4904-a08a-15c9a2de6679: 140 ms
Input: 1050000,
Cold Start: false
Unique ID: 19fefde3-91f3-4cfe-ba7d-df74c08a92df,
Billed Duration for Request 19fefde3-91f3-4cfe-ba7d-df74c08a92df: 82 ms
Input: 1050000,
Cold Start: false
Unique ID: 60bc0017-3b8b-46b6-83f0-78159a26c5bb,
Billed Duration for Request 60bc0017-3b8b-46b6-83f0-78159a26c5bb: 122 ms
Input: 1050000,
Cold Start: false
Unique ID: cf7a0315-cc2f-42e8-ae75-3702b8d677ce,
Billed Duration for Request cf7a0315-cc2f-42e8-ae75-3702b8d677ce: 101 ms
Input: 1050000,
Cold Start: false
Unique ID: 4243c35f-e5de-492f-9874-f9978f4359b2,
Billed Duration for Request 4243c35f-e5de-492f-9874-f9978f4359b2: 104 ms
Input: 1050000,
Cold Start: false
Unique ID: b82cdd17-e786-418c-b0c9-0e3614185b6d,
Billed Duration for Request b82cdd17-e786-418c-b0c9-0e3614185b6d: 72 ms
Input: 1050000,
Cold Start: false
Unique ID: c138fcb5-22e4-4cb0-baa5-a14b448a5905,
Billed Duration for Request c138fcb5-22e4-4cb0-baa5-a14b448a5905: 139 ms
Input: 1050000,
Cold Start: false
Unique ID: 7e5c95bf-1852-43d8-aebd-ee69b450ede6,
Billed Duration for Request 7e5c95bf-1852-43d8-aebd-ee69b450ede6: 121 ms
Input: 1050000,
Cold Start: false
Unique ID: 44eb69d6-277c-481c-a874-385329c6b84c,
Billed Duration for Request 44eb69d6-277c-481c-a874-385329c6b84c: 119 ms
Input: 1050000,
Cold Start: false
Unique ID: dcd9e8bc-407c-47f9-9698-3093c313c0c7,
Billed Duration for Request dcd9e8bc-407c-47f9-9698-3093c313c0c7: 114 ms
Input: 1050000,
Cold Start: false
Unique ID: fd7ece5a-f6a4-41d8-9b8c-0267eaa7fa84,
Billed Duration for Request fd7ece5a-f6a4-41d8-9b8c-0267eaa7fa84: 123 ms
Input: 1050000,
Cold Start: false
Unique ID: fc3923c0-f9f2-4ebc-9ae0-04f918982a8f,
Billed Duration for Request fc3923c0-f9f2-4ebc-9ae0-04f918982a8f: 100 ms
Input: 1050000,
Cold Start: false
Unique ID: 8188c2cd-6cff-412d-adc0-34b515e637f8,
Billed Duration for Request 8188c2cd-6cff-412d-adc0-34b515e637f8: 118 ms
Input: 1050000,
Cold Start: false
Unique ID: 851c2b31-3f85-499f-bffd-397742ee88d6,
Billed Duration for Request 851c2b31-3f85-499f-bffd-397742ee88d6: 80 ms
Input: 1050000,
Cold Start: false
Unique ID: 7cdb1c9e-681b-48ac-ac9b-e3fbacd3380f,
Billed Duration for Request 7cdb1c9e-681b-48ac-ac9b-e3fbacd3380f: 138 ms
Input: 1050000,
Cold Start: false
Unique ID: d5b6dd58-9975-4fa2-8ad7-7acfc94289db,
Billed Duration for Request d5b6dd58-9975-4fa2-8ad7-7acfc94289db: 97 ms
Input: 1050000,
Cold Start: false
Unique ID: 1185d50e-d86a-46bf-888f-8eed9e0fb216,
Billed Duration for Request 1185d50e-d86a-46bf-888f-8eed9e0fb216: 121 ms
Input: 1050000,
Cold Start: false
Unique ID: 66cd1963-236c-414b-b818-0fc7ab5c018a,
Billed Duration for Request 66cd1963-236c-414b-b818-0fc7ab5c018a: 79 ms
Input: 1050000,
Cold Start: false
Unique ID: f2abe48c-f759-4751-bfbd-7945bf2a022b,
Billed Duration for Request f2abe48c-f759-4751-bfbd-7945bf2a022b: 101 ms
Input: 1050000,
Cold Start: false
Unique ID: fff07a7d-f55a-4fee-b42b-aeaec3fc4f9b,
Billed Duration for Request fff07a7d-f55a-4fee-b42b-aeaec3fc4f9b: 141 ms
Input: 1050000,
Cold Start: false
Unique ID: d67f6a90-8b07-433f-88f7-1698a9c41ced,
Billed Duration for Request d67f6a90-8b07-433f-88f7-1698a9c41ced: 80 ms
Input: 1050000,
Cold Start: false
Unique ID: b1c705d8-f5cf-4a83-803d-ef58a90d8788,
Billed Duration for Request b1c705d8-f5cf-4a83-803d-ef58a90d8788: 139 ms
Input: 1050000,
Cold Start: false
Unique ID: 5fba7775-4336-41b3-a6bf-e3d40bb17644,
Billed Duration for Request 5fba7775-4336-41b3-a6bf-e3d40bb17644: 84 ms
Input: 1050000,
Cold Start: false
Unique ID: 3f633968-db5d-4609-b419-8faf4a9db147,
Billed Duration for Request 3f633968-db5d-4609-b419-8faf4a9db147: 139 ms
Input: 1050000,
Cold Start: false
Unique ID: 9cea87ae-d709-4094-9c07-d4c4a47baf7a,
Billed Duration for Request 9cea87ae-d709-4094-9c07-d4c4a47baf7a: 96 ms
Input: 1050000,
Cold Start: false
Unique ID: 39736a28-9ac8-45d9-98aa-a2926aa7dc31,
Billed Duration for Request 39736a28-9ac8-45d9-98aa-a2926aa7dc31: 133 ms
Input: 1050000,
Cold Start: false
Unique ID: c738a8ea-0634-4411-8bfa-4df3b6b91127,
Billed Duration for Request c738a8ea-0634-4411-8bfa-4df3b6b91127: 121 ms
Input: 1050000,
Cold Start: false
Unique ID: db91d79a-b270-4573-a963-f1d6a39501f2,
Billed Duration for Request db91d79a-b270-4573-a963-f1d6a39501f2: 120 ms
Input: 1050000,
Cold Start: false
Unique ID: 7ab3af57-0338-48a1-8439-055e61550382,
Billed Duration for Request 7ab3af57-0338-48a1-8439-055e61550382: 80 ms
Input: 1050000,
Cold Start: false
Unique ID: 11fe95eb-ad39-4504-bc11-1172e986f3b4,
Billed Duration for Request 11fe95eb-ad39-4504-bc11-1172e986f3b4: 138 ms
Input: 1050000,
Cold Start: false
Unique ID: e09f5a46-61d5-496c-8294-c0f227bbc5d2,
Billed Duration for Request e09f5a46-61d5-496c-8294-c0f227bbc5d2: 103 ms
Input: 1050000,
Cold Start: false
Unique ID: 5e0a816f-ec2d-47bd-97f3-31790cd5ada4,
Billed Duration for Request 5e0a816f-ec2d-47bd-97f3-31790cd5ada4: 120 ms
Input: 1050000,
Cold Start: false
Unique ID: 581c7339-f25d-4dab-8b20-1fe13db5b681,
Billed Duration for Request 581c7339-f25d-4dab-8b20-1fe13db5b681: 117 ms
Input: 1050000,
Cold Start: false
Unique ID: e88acd67-bd6a-4d85-9e33-b992644802f8,
Billed Duration for Request e88acd67-bd6a-4d85-9e33-b992644802f8: 107 ms
Input: 1050000,
Cold Start: false
Unique ID: 9c1c522c-7495-4cc1-b8ed-8b7028ef63be,
Billed Duration for Request 9c1c522c-7495-4cc1-b8ed-8b7028ef63be: 139 ms
Input: 1050000,
Cold Start: false
Unique ID: ce8a2e6f-46c1-42f2-a0a2-876bc24b251e,
Billed Duration for Request ce8a2e6f-46c1-42f2-a0a2-876bc24b251e: 113 ms
Input: 1050000,
Cold Start: false
Unique ID: eead96f4-1831-4eee-9018-321fb919be66,
Billed Duration for Request eead96f4-1831-4eee-9018-321fb919be66: 115 ms
Input: 1050000,
Cold Start: false
Unique ID: 272bf470-3a37-4237-9d11-78841d5d9397,
Billed Duration for Request 272bf470-3a37-4237-9d11-78841d5d9397: 81 ms
Input: 1050000,
Cold Start: false
Unique ID: fe586fd7-6c63-46b5-96d5-2ce015874722,
Billed Duration for Request fe586fd7-6c63-46b5-96d5-2ce015874722: 142 ms
Input: 1050000,
Cold Start: false
Unique ID: a66e90d2-2de4-4b77-8e86-1c6a944ea868,
Billed Duration for Request a66e90d2-2de4-4b77-8e86-1c6a944ea868: 97 ms
Input: 1050000,
Cold Start: false
Unique ID: 12715689-25cf-49ce-a395-aef844ee0b44,
Billed Duration for Request 12715689-25cf-49ce-a395-aef844ee0b44: 122 ms
Input: 1050000,
Cold Start: false
Unique ID: fcf68b3e-2f84-48c0-938b-010a169c3efc,
Billed Duration for Request fcf68b3e-2f84-48c0-938b-010a169c3efc: 118 ms
Input: 1050000,
Cold Start: false
Unique ID: 450940d5-1195-435c-8297-a91318b135aa,
Billed Duration for Request 450940d5-1195-435c-8297-a91318b135aa: 99 ms
Input: 1050000,
Cold Start: false
Unique ID: 0d063c5c-03d4-4f5a-8006-eb416d792361,
Billed Duration for Request 0d063c5c-03d4-4f5a-8006-eb416d792361: 139 ms
Input: 1050000,
Cold Start: false
Unique ID: 8219d7dd-52fb-4f6f-bd2c-5ee3e56b3424,
Billed Duration for Request 8219d7dd-52fb-4f6f-bd2c-5ee3e56b3424: 82 ms
Input: 1050000,
Cold Start: false
Unique ID: c7454a5e-2607-40bd-91b7-d88775be1214,
Billed Duration for Request c7454a5e-2607-40bd-91b7-d88775be1214: 105 ms
Input: 1050000,
Cold Start: false
Unique ID: 6bc61728-9ae0-468f-8cf1-209c2ce650ae,
Billed Duration for Request 6bc61728-9ae0-468f-8cf1-209c2ce650ae: 84 ms
Input: 1050000,
Cold Start: false
Unique ID: d904a351-6289-4b52-a2df-a93e6c454931,
Billed Duration for Request d904a351-6289-4b52-a2df-a93e6c454931: 101 ms
Input: 1050000,
Cold Start: false
Unique ID: c9d3773e-cc35-4f21-8484-03871c2b7f86,
Billed Duration for Request c9d3773e-cc35-4f21-8484-03871c2b7f86: 119 ms
Input: 1050000,
Cold Start: false
Unique ID: c98f57ab-35c3-4b80-ae76-38b358e2d3b5,
Billed Duration for Request c98f57ab-35c3-4b80-ae76-38b358e2d3b5: 142 ms
Input: 1050000,
Cold Start: false
Unique ID: b11a78d8-bbcd-423e-8347-87e0765bd746,
Billed Duration for Request b11a78d8-bbcd-423e-8347-87e0765bd746: 95 ms
Input: 1050000,
Cold Start: false
Unique ID: 250874bc-dae4-48f7-9932-8b509a59b215,
Billed Duration for Request 250874bc-dae4-48f7-9932-8b509a59b215: 103 ms
Input: 1050000,
Cold Start: false
Unique ID: cc02fd30-74b1-43ee-8d07-498c6507793e,
Billed Duration for Request cc02fd30-74b1-43ee-8d07-498c6507793e: 99 ms
Input: 1050000,
Cold Start: false
Unique ID: d0c51b33-0e13-46e0-8b81-8f844039e235,
Billed Duration for Request d0c51b33-0e13-46e0-8b81-8f844039e235: 138 ms
Input: 1050000,
Cold Start: false
Unique ID: 5f154748-5d05-4606-8e43-f39f0d94225a,
Billed Duration for Request 5f154748-5d05-4606-8e43-f39f0d94225a: 123 ms
Input: 1050000,
Cold Start: false
Unique ID: 53a214a4-ebbb-4899-9fef-3a302f29bc20,
Billed Duration for Request 53a214a4-ebbb-4899-9fef-3a302f29bc20: 111 ms
Input: 1050000,
Cold Start: false
Unique ID: 91a8d776-a2b9-4d16-9026-8ada02ecf7d7,
Billed Duration for Request 91a8d776-a2b9-4d16-9026-8ada02ecf7d7: 101 ms
Input: 1050000,
Cold Start: false
Unique ID: 731488a9-acbc-4a39-8583-59caa0d73b2c,
Billed Duration for Request 731488a9-acbc-4a39-8583-59caa0d73b2c: 104 ms
Input: 1050000,
Cold Start: false
Unique ID: a1af5fdd-4cf6-4fa2-b813-f43f2a74edfb,
Billed Duration for Request a1af5fdd-4cf6-4fa2-b813-f43f2a74edfb: 118 ms
Input: 1050000,
Cold Start: false
Unique ID: b0402445-a71f-4461-9e1b-64b13d417304,
Billed Duration for Request b0402445-a71f-4461-9e1b-64b13d417304: 104 ms
Input: 1050000,
Cold Start: false
Unique ID: 85f8d5b0-4e33-4ca5-9a7e-fccef6ebefe1,
Billed Duration for Request 85f8d5b0-4e33-4ca5-9a7e-fccef6ebefe1: 81 ms
Input: 1050000,
Cold Start: false
Unique ID: 9de37ae6-fc65-471d-8306-c5aabb31f5a9,
Billed Duration for Request 9de37ae6-fc65-471d-8306-c5aabb31f5a9: 83 ms
Input: 1050000,
Cold Start: false
Unique ID: e1b4c327-5870-4c83-9023-1bab1e2f9ce0,
Billed Duration for Request e1b4c327-5870-4c83-9023-1bab1e2f9ce0: 137 ms
Input: 1050000,
Cold Start: false
Unique ID: a2f55c7e-2aa6-4c4f-82f8-ef3530665b11,
Billed Duration for Request a2f55c7e-2aa6-4c4f-82f8-ef3530665b11: 119 ms
Input: 1050000,
Cold Start: false
Unique ID: 144c3bf4-ef3c-4580-9be6-030f320600b6,
Billed Duration for Request 144c3bf4-ef3c-4580-9be6-030f320600b6: 83 ms
Input: 1050000,
Cold Start: false
Unique ID: 6b30f5ca-7885-4cfc-bb64-cabec089dc50,
Billed Duration for Request 6b30f5ca-7885-4cfc-bb64-cabec089dc50: 139 ms
Input: 1050000,
Cold Start: false
Unique ID: e135297e-8a7c-411c-ac4c-5972d38fdc76,
Billed Duration for Request e135297e-8a7c-411c-ac4c-5972d38fdc76: 101 ms
Input: 1050000,
Cold Start: false
Unique ID: d0e0eb58-86a9-4bbf-a0eb-673dcd3b3671,
Billed Duration for Request d0e0eb58-86a9-4bbf-a0eb-673dcd3b3671: 121 ms
Input: 1050000,
Cold Start: false
Unique ID: 131ec574-eea2-42a2-9538-d7fa153917b4,
Billed Duration for Request 131ec574-eea2-42a2-9538-d7fa153917b4: 84 ms
Input: 1050000,
Cold Start: false
Unique ID: 9b8daa54-efe0-49d4-acd4-fe5a98463a98,
Billed Duration for Request 9b8daa54-efe0-49d4-acd4-fe5a98463a98: 143 ms
Input: 1050000,
Cold Start: false
Unique ID: e468266e-b226-459e-8085-5b3124475f43,
Billed Duration for Request e468266e-b226-459e-8085-5b3124475f43: 120 ms
Input: 1050000,
Cold Start: false
Unique ID: 79aaaf3f-4cf9-4540-b445-cb86d7bf3828,
Billed Duration for Request 79aaaf3f-4cf9-4540-b445-cb86d7bf3828: 100 ms
Input: 1050000,
Cold Start: false
Unique ID: ebbd9ccc-3904-4d38-a596-dae051aac81f,
Billed Duration for Request ebbd9ccc-3904-4d38-a596-dae051aac81f: 118 ms
Input: 1050000,
Cold Start: false
Unique ID: 8775225f-559d-4c7c-9934-8eff0f519295,
Billed Duration for Request 8775225f-559d-4c7c-9934-8eff0f519295: 100 ms
Input: 1050000,
Cold Start: false
Unique ID: 94fb2dad-cd12-4cc0-bfe3-049d08eed1e8,
Billed Duration for Request 94fb2dad-cd12-4cc0-bfe3-049d08eed1e8: 118 ms
Input: 1050000,
Cold Start: false
Unique ID: bf3a1c73-988c-45cf-ab43-052ed5767115,
Billed Duration for Request bf3a1c73-988c-45cf-ab43-052ed5767115: 111 ms
Input: 1050000,
Cold Start: false
Unique ID: 6d40ba6f-5b5e-4341-9f47-11a300dcdc6b,
Billed Duration for Request 6d40ba6f-5b5e-4341-9f47-11a300dcdc6b: 79 ms
Input: 1050000,
Cold Start: false
Unique ID: 2fda0c0d-d82e-4dd2-8633-de41f3f44a10,
Billed Duration for Request 2fda0c0d-d82e-4dd2-8633-de41f3f44a10: 141 ms
Input: 1050000,
Cold Start: false
Unique ID: c4029adc-130d-49e5-a821-017b27ecfbbb,
Billed Duration for Request c4029adc-130d-49e5-a821-017b27ecfbbb: 97 ms
Input: 1050000,
Cold Start: false
Unique ID: 25801d80-2542-4df8-bd4e-f89ddef714d7,
Billed Duration for Request 25801d80-2542-4df8-bd4e-f89ddef714d7: 121 ms
Input: 1050000,
Cold Start: false
Unique ID: 8c3d6208-e3ef-4bfb-8d8c-f5140d866676,
Billed Duration for Request 8c3d6208-e3ef-4bfb-8d8c-f5140d866676: 103 ms
Input: 1050000,
Cold Start: false
Unique ID: ae320b5a-d49f-413c-8953-e9c6bca5d52e,
Billed Duration for Request ae320b5a-d49f-413c-8953-e9c6bca5d52e: 121 ms
Input: 1050000,
Cold Start: false
Unique ID: 382f0ede-8c8b-4b11-9ff5-778e26037b29,
Billed Duration for Request 382f0ede-8c8b-4b11-9ff5-778e26037b29: 100 ms
Input: 1050000,
Cold Start: false
Unique ID: 95a5b29a-a671-4850-801b-5ab2a035e737,
Billed Duration for Request 95a5b29a-a671-4850-801b-5ab2a035e737: 113 ms
Input: 1050000,
Cold Start: false
Unique ID: c8499afe-5513-46c0-8f52-90121b3a6933,
Billed Duration for Request c8499afe-5513-46c0-8f52-90121b3a6933: 109 ms
Input: 1050000,
Cold Start: false
Unique ID: 2299e733-ef8f-49fa-af20-458020bf7e43,
Billed Duration for Request 2299e733-ef8f-49fa-af20-458020bf7e43: 95 ms
Input: 1050000,
Cold Start: false
Unique ID: 442259dc-267b-4dd2-9ceb-988f0ef4798c,
Billed Duration for Request 442259dc-267b-4dd2-9ceb-988f0ef4798c: 101 ms
Input: 1050000,
Cold Start: false
Unique ID: 25db8c57-9290-4796-8aa4-b12f88a49057,
Billed Duration for Request 25db8c57-9290-4796-8aa4-b12f88a49057: 125 ms
Input: 1050000,
Cold Start: false
Unique ID: 3dc3240a-4272-458e-8ea8-7662a5affa87,
Billed Duration for Request 3dc3240a-4272-458e-8ea8-7662a5affa87: 86 ms
Input: 1050000,
Cold Start: false
Unique ID: 983af318-054a-4599-b955-cd38f65166c9,
Billed Duration for Request 983af318-054a-4599-b955-cd38f65166c9: 102 ms
Input: 1050000,
Cold Start: false
Unique ID: 30bed655-1b99-438c-ad2e-e5c7a5645547,
Billed Duration for Request 30bed655-1b99-438c-ad2e-e5c7a5645547: 137 ms
Input: 1050000,
Cold Start: false
Unique ID: 7af23886-577f-4210-baa7-82ce8b8d0f8a,
Billed Duration for Request 7af23886-577f-4210-baa7-82ce8b8d0f8a: 102 ms
Input: 1050000,
Cold Start: false
Unique ID: d22d1293-e1db-4367-b88a-d7209929c4dc,
Billed Duration for Request d22d1293-e1db-4367-b88a-d7209929c4dc: 122 ms
Input: 1050000,
Cold Start: false
Unique ID: b741a164-8647-450b-bcfc-2534b703c071,
Billed Duration for Request b741a164-8647-450b-bcfc-2534b703c071: 100 ms
Input: 1050000,
Cold Start: false
Unique ID: 5ebee2f6-fb32-4552-8e1e-980d0d7933f2,
Billed Duration for Request 5ebee2f6-fb32-4552-8e1e-980d0d7933f2: 119 ms
Input: 1050000,
Cold Start: false
Unique ID: 9f611691-88f8-47c4-9b45-2dfc83689180,
Billed Duration for Request 9f611691-88f8-47c4-9b45-2dfc83689180: 115 ms
Input: 1050000,
Cold Start: false
Unique ID: 03d6b06c-ad1d-493b-98a6-2b048c62f0c9,
Billed Duration for Request 03d6b06c-ad1d-493b-98a6-2b048c62f0c9: 113 ms
Input: 1050000,
Cold Start: false
Unique ID: c5e3a25b-b7ca-476e-81e1-2e9d281f07d7,
Billed Duration for Request c5e3a25b-b7ca-476e-81e1-2e9d281f07d7: 118 ms
Input: 1050000,
Cold Start: false
Unique ID: 8ad64f0d-6a06-432c-aa3b-ea3fa4ff7b5e,
Billed Duration for Request 8ad64f0d-6a06-432c-aa3b-ea3fa4ff7b5e: 122 ms
Input: 1050000,
Cold Start: false
Unique ID: ba7c7367-f9f1-46ca-9bbe-f7606afbf4e2,
Billed Duration for Request ba7c7367-f9f1-46ca-9bbe-f7606afbf4e2: 121 ms
Input: 1050000,
Cold Start: false
Unique ID: c2a9eb70-f57b-4daa-919b-d557d86c4f1a,
Billed Duration for Request c2a9eb70-f57b-4daa-919b-d557d86c4f1a: 95 ms
Input: 1050000,
Cold Start: false
Unique ID: 9199b69f-6ef6-4faf-a523-594a23b0d5cf,
Billed Duration for Request 9199b69f-6ef6-4faf-a523-594a23b0d5cf: 96 ms
Input: 1050000,
Cold Start: false
Unique ID: 28741aab-e11d-495c-be42-d73e9fcfbc12,
Billed Duration for Request 28741aab-e11d-495c-be42-d73e9fcfbc12: 116 ms
Input: 1050000,
Cold Start: false
Unique ID: e4023fc1-0ba8-4a3d-8ffd-9d1e27535614,
Billed Duration for Request e4023fc1-0ba8-4a3d-8ffd-9d1e27535614: 145 ms
Input: 1050000,
Cold Start: false
Unique ID: c873caf6-0369-4de7-b1b7-c6be3250800d,
Billed Duration for Request c873caf6-0369-4de7-b1b7-c6be3250800d: 87 ms
Input: 1050000,
Cold Start: false
Unique ID: bc691423-a7bd-456c-b31d-aa289f1ccabf,
Billed Duration for Request bc691423-a7bd-456c-b31d-aa289f1ccabf: 121 ms
Input: 1050000,
Cold Start: false
Unique ID: 8899a8d2-c294-43b2-980b-4d7bb586ede5,
Billed Duration for Request 8899a8d2-c294-43b2-980b-4d7bb586ede5: 101 ms
Input: 1050000,
Cold Start: false
Unique ID: 22fa434f-f923-48dd-87ff-3c566e791b6a,
Billed Duration for Request 22fa434f-f923-48dd-87ff-3c566e791b6a: 125 ms
Input: 1050000,
Cold Start: false
Unique ID: afd03bf4-d94f-456a-a3d5-93368dd82389,
Billed Duration for Request afd03bf4-d94f-456a-a3d5-93368dd82389: 81 ms
Input: 1050000,
Cold Start: false
Unique ID: 39866843-b0fe-4bb6-9cbe-26667a710a86,
Billed Duration for Request 39866843-b0fe-4bb6-9cbe-26667a710a86: 142 ms
Input: 1050000,
Cold Start: false
Unique ID: 21115aaf-1bba-4f6f-85c4-1b34a099d99c,
Billed Duration for Request 21115aaf-1bba-4f6f-85c4-1b34a099d99c: 85 ms
Input: 1050000,
Cold Start: false
Unique ID: d391edfc-2349-44fe-a116-16262a0c5584,
Billed Duration for Request d391edfc-2349-44fe-a116-16262a0c5584: 123 ms
Input: 1050000,
Cold Start: false
Unique ID: a22b624a-9f0f-4eb4-8d87-bd48ceffbf3e,
Billed Duration for Request a22b624a-9f0f-4eb4-8d87-bd48ceffbf3e: 79 ms
Input: 1050000,
Cold Start: false
Unique ID: c0844e63-fc19-4605-96c7-acad6f11c8aa,
Billed Duration for Request c0844e63-fc19-4605-96c7-acad6f11c8aa: 136 ms
Input: 1050000,
Cold Start: false
Unique ID: 2e6b6002-d7a9-4be7-a423-ea5bbfb52271,
Billed Duration for Request 2e6b6002-d7a9-4be7-a423-ea5bbfb52271: 113 ms
Input: 1050000,
Cold Start: false
Unique ID: 29395702-1d21-4dab-8379-7830696e52cc,
Billed Duration for Request 29395702-1d21-4dab-8379-7830696e52cc: 107 ms
Input: 1050000,
Cold Start: false
Unique ID: d2d1cce2-0fc0-4dfa-ba0f-29a6619a088b,
Billed Duration for Request d2d1cce2-0fc0-4dfa-ba0f-29a6619a088b: 93 ms
Input: 1050000,
Cold Start: false
Unique ID: 795481a5-2e11-44f5-8b43-8882d7f9254d,
Billed Duration for Request 795481a5-2e11-44f5-8b43-8882d7f9254d: 104 ms
Input: 1050000,
Cold Start: false
Unique ID: 8e5738a8-e94c-4688-93de-71acb245f785,
Billed Duration for Request 8e5738a8-e94c-4688-93de-71acb245f785: 120 ms
Input: 1050000,
Cold Start: false
Unique ID: c2e9cf5c-d80b-41a8-aeec-0c47526e7fc7,
Billed Duration for Request c2e9cf5c-d80b-41a8-aeec-0c47526e7fc7: 119 ms
Input: 1050000,
Cold Start: false
Unique ID: b787cc7a-f60d-4fad-80b6-6433bb545720,
Billed Duration for Request b787cc7a-f60d-4fad-80b6-6433bb545720: 103 ms
Input: 1050000,
Cold Start: false
Unique ID: 69c84f0d-9066-4fb2-adb8-1ab1a3ed3332,
Billed Duration for Request 69c84f0d-9066-4fb2-adb8-1ab1a3ed3332: 140 ms
Input: 1050000,
Cold Start: false
Unique ID: 8f0c3785-f0f8-4b92-896a-e2d27380e6ee,
Billed Duration for Request 8f0c3785-f0f8-4b92-896a-e2d27380e6ee: 85 ms
Input: 1050000,
Cold Start: false
Unique ID: 4c8d1b96-f406-4745-a939-5db9a3e7c973,
Billed Duration for Request 4c8d1b96-f406-4745-a939-5db9a3e7c973: 141 ms
Input: 1050000,
Cold Start: false
Unique ID: 54cbfba1-12d8-4af0-9ddf-3a05b73594e7,
Billed Duration for Request 54cbfba1-12d8-4af0-9ddf-3a05b73594e7: 118 ms
Input: 1050000,
Cold Start: false
Unique ID: 80df1231-836b-4544-9826-1dcfe7268f19,
Billed Duration for Request 80df1231-836b-4544-9826-1dcfe7268f19: 123 ms
Input: 1050000,
Cold Start: false
Unique ID: 8236e9f4-821f-4925-9107-836b8fe8de59,
Billed Duration for Request 8236e9f4-821f-4925-9107-836b8fe8de59: 90 ms
Input: 1050000,
Cold Start: false
Unique ID: 8f03b1b7-bf4f-4fae-9c2e-70645eafb08d,
Billed Duration for Request 8f03b1b7-bf4f-4fae-9c2e-70645eafb08d: 110 ms
Input: 1050000,
Cold Start: false
Unique ID: 14344d8a-be65-46b5-bfbc-e251d0a2bc27,
Billed Duration for Request 14344d8a-be65-46b5-bfbc-e251d0a2bc27: 80 ms
Input: 1050000,
Cold Start: false
Unique ID: 039005e5-50ec-4933-a8d7-6f68292cf1be,
Billed Duration for Request 039005e5-50ec-4933-a8d7-6f68292cf1be: 139 ms
Input: 1050000,
Cold Start: false
Unique ID: a8e6ca6e-3e0b-49c6-b536-16e24023a628,
Billed Duration for Request a8e6ca6e-3e0b-49c6-b536-16e24023a628: 102 ms
Input: 1050000,
Cold Start: false
Unique ID: c57b38e1-4d54-4939-ac48-f863468c1029,
Billed Duration for Request c57b38e1-4d54-4939-ac48-f863468c1029: 106 ms
Input: 1050000,
Cold Start: false
Unique ID: 2d4757a8-99c9-4733-91a8-bc5d595543a2,
Billed Duration for Request 2d4757a8-99c9-4733-91a8-bc5d595543a2: 105 ms
Input: 1050000,
Cold Start: false
Unique ID: 8c6cb131-702d-492e-b3fc-bf1b18e46e52,
Billed Duration for Request 8c6cb131-702d-492e-b3fc-bf1b18e46e52: 83 ms
Input: 1050000,
Cold Start: false
Unique ID: b90fa8bb-8e3d-4f2b-a59d-91a373f5c024,
Billed Duration for Request b90fa8bb-8e3d-4f2b-a59d-91a373f5c024: 143 ms
Input: 1050000,
Cold Start: false
Unique ID: 7f8d233d-f6e6-4cde-9ee3-68023fcbecda,
Billed Duration for Request 7f8d233d-f6e6-4cde-9ee3-68023fcbecda: 103 ms
Input: 1050000,
Cold Start: false
Unique ID: 7facaf86-8931-4e9a-8368-5002233e4eee,
Billed Duration for Request 7facaf86-8931-4e9a-8368-5002233e4eee: 103 ms
Input: 1050000,
Cold Start: false
Unique ID: e7d497d4-d700-4b84-96f0-cf4a9445fb70,
Billed Duration for Request e7d497d4-d700-4b84-96f0-cf4a9445fb70: 96 ms
Input: 1050000,
Cold Start: false
Unique ID: 23a4ac12-7e12-46e1-8e62-c1c17e32e771,
Billed Duration for Request 23a4ac12-7e12-46e1-8e62-c1c17e32e771: 133 ms
Input: 1050000,
Cold Start: false
Unique ID: e238a3f6-5a80-400e-8181-27f6995549b0,
Billed Duration for Request e238a3f6-5a80-400e-8181-27f6995549b0: 93 ms
Input: 1050000,
Cold Start: false
Unique ID: 27e48932-c354-4ba8-a578-eb97538405fd,
Billed Duration for Request 27e48932-c354-4ba8-a578-eb97538405fd: 139 ms
Input: 1050000,
Cold Start: false
Unique ID: 31592ac9-2f75-4b0f-a158-7e18e8c4f17e,
Billed Duration for Request 31592ac9-2f75-4b0f-a158-7e18e8c4f17e: 105 ms
Input: 1050000,
Cold Start: false
Unique ID: 62fa6106-4b41-436f-926c-8179dfc78be6,
Billed Duration for Request 62fa6106-4b41-436f-926c-8179dfc78be6: 86 ms
Input: 1050000,
Cold Start: false
Unique ID: 3d168a29-2239-4e29-868e-8b900c972b4b,
Billed Duration for Request 3d168a29-2239-4e29-868e-8b900c972b4b: 103 ms
Input: 1050000,
Cold Start: false
Unique ID: 2b8c1069-c31f-4d40-8d8c-f5aeec33d289,
Billed Duration for Request 2b8c1069-c31f-4d40-8d8c-f5aeec33d289: 103 ms
Input: 1050000,
Cold Start: false
Unique ID: 814c9a48-4d9d-4b7f-8e76-f7ba76d788dd,
Billed Duration for Request 814c9a48-4d9d-4b7f-8e76-f7ba76d788dd: 121 ms
Input: 1050000,
Cold Start: false
Unique ID: 66317305-7233-4f38-a023-43d4b8748903,
Billed Duration for Request 66317305-7233-4f38-a023-43d4b8748903: 93 ms
Input: 1050000,
Cold Start: false
Unique ID: 71a6c4fe-883b-4fa6-9bc9-7ded1750278d,
Billed Duration for Request 71a6c4fe-883b-4fa6-9bc9-7ded1750278d: 128 ms
Input: 1050000,
Cold Start: false
Unique ID: f97ec69b-d1bf-41e6-bddc-554fd63e6938,
Billed Duration for Request f97ec69b-d1bf-41e6-bddc-554fd63e6938: 102 ms
Input: 1050000,
Cold Start: false
Unique ID: 60e56da7-0522-49b9-9de9-6ce609dae389,
Billed Duration for Request 60e56da7-0522-49b9-9de9-6ce609dae389: 124 ms
Input: 1050000,
Cold Start: false
Unique ID: 0c284b01-70f4-4d85-8273-321d873b8839,
Billed Duration for Request 0c284b01-70f4-4d85-8273-321d873b8839: 86 ms
Input: 1050000,
Cold Start: false
Unique ID: 5b2dafa5-98a8-4c9b-b3be-458c53b5fa85,
Billed Duration for Request 5b2dafa5-98a8-4c9b-b3be-458c53b5fa85: 79 ms
Input: 1050000,
Cold Start: false
Unique ID: 956375fb-7798-45b8-833d-8a8602ab8a6b,
Billed Duration for Request 956375fb-7798-45b8-833d-8a8602ab8a6b: 144 ms
Input: 1050000,
Cold Start: false
Unique ID: 32d171c2-486b-4f63-8ebe-46dec3fb9dce,
Billed Duration for Request 32d171c2-486b-4f63-8ebe-46dec3fb9dce: 85 ms
Input: 1050000,
Cold Start: false
Unique ID: e12903b3-0d23-40af-b241-03a6db01790f,
Billed Duration for Request e12903b3-0d23-40af-b241-03a6db01790f: 141 ms
Input: 1050000,
Cold Start: false
Unique ID: caed5344-1195-40eb-ab40-3449bcf20b0c,
Billed Duration for Request caed5344-1195-40eb-ab40-3449bcf20b0c: 123 ms
Input: 1050000,
Cold Start: false
Unique ID: 85b1a5f3-d7f2-4686-b859-dc1b0dda5df2,
Billed Duration for Request 85b1a5f3-d7f2-4686-b859-dc1b0dda5df2: 101 ms
Input: 1050000,
Cold Start: false
Unique ID: 5e8e3cf1-7624-435d-8388-914195226b8d,
Billed Duration for Request 5e8e3cf1-7624-435d-8388-914195226b8d: 124 ms
Input: 1050000,
Cold Start: false
Unique ID: 46aa8ede-327c-48c9-929a-9d8215ac5086,
Billed Duration for Request 46aa8ede-327c-48c9-929a-9d8215ac5086: 86 ms
Input: 1050000,
Cold Start: false
Unique ID: 19258fe7-73cf-47c1-972e-742f4662d062,
Billed Duration for Request 19258fe7-73cf-47c1-972e-742f4662d062: 142 ms
Input: 1050000,
Cold Start: false
Unique ID: 930d8278-68d8-47ac-96d3-3f3398c550bf,
Billed Duration for Request 930d8278-68d8-47ac-96d3-3f3398c550bf: 121 ms
Input: 1050000,
Cold Start: false
Unique ID: dd2eff6e-b1d9-4da4-8cba-1725626a42a7,
Billed Duration for Request dd2eff6e-b1d9-4da4-8cba-1725626a42a7: 101 ms
Input: 1050000,
Cold Start: false
Unique ID: ae8dbc40-2cdb-46e0-881c-70b81df32a93,
Billed Duration for Request ae8dbc40-2cdb-46e0-881c-70b81df32a93: 137 ms
Input: 1050000,
Cold Start: false
Unique ID: a9a20a51-6d8e-4e31-b68f-3f104d80abc4,
Billed Duration for Request a9a20a51-6d8e-4e31-b68f-3f104d80abc4: 109 ms
Input: 1050000,
Cold Start: false
Unique ID: 508590ee-0e22-4d0c-bda9-f546f8c25fd7,
Billed Duration for Request 508590ee-0e22-4d0c-bda9-f546f8c25fd7: 121 ms
Input: 1050000,
Cold Start: false
Unique ID: 04360ec3-f574-46e1-a5b1-ba916086dbdb,
Billed Duration for Request 04360ec3-f574-46e1-a5b1-ba916086dbdb: 102 ms
Input: 1050000,
Cold Start: false
Unique ID: 523c734f-6bbb-4aa3-a869-18438e3183e6,
Billed Duration for Request 523c734f-6bbb-4aa3-a869-18438e3183e6: 127 ms
Input: 1050000,
Cold Start: false
Unique ID: 1e306cb2-a2cf-46b8-82a6-e07ce55560d1,
Billed Duration for Request 1e306cb2-a2cf-46b8-82a6-e07ce55560d1: 121 ms
Input: 1050000,
Cold Start: false
Unique ID: ca5645c8-642b-42ea-825c-d8eebf3d30f2,
Billed Duration for Request ca5645c8-642b-42ea-825c-d8eebf3d30f2: 123 ms
Input: 1050000,
Cold Start: false
Unique ID: 7fe2caec-63cb-4d58-a681-4af879c140dc,
Billed Duration for Request 7fe2caec-63cb-4d58-a681-4af879c140dc: 103 ms
Input: 1050000,
Cold Start: false
Unique ID: cecdb0f4-7f60-44a8-a849-ee536dbf19b8,
Billed Duration for Request cecdb0f4-7f60-44a8-a849-ee536dbf19b8: 104 ms
Input: 1050000,
Cold Start: false
Unique ID: c948cff3-e0ba-4fbc-a313-27e01a8632df,
Billed Duration for Request c948cff3-e0ba-4fbc-a313-27e01a8632df: 86 ms
Input: 1050000,
Cold Start: false
Unique ID: 2ca82a7f-65b6-4faa-8c84-f1bd84f7eb13,
Billed Duration for Request 2ca82a7f-65b6-4faa-8c84-f1bd84f7eb13: 126 ms
Input: 1050000,
Cold Start: false
Unique ID: b7335e2d-28b7-484d-9d9a-de4c7ad437ea,
Billed Duration for Request b7335e2d-28b7-484d-9d9a-de4c7ad437ea: 85 ms
Input: 1050000,
Cold Start: false
Unique ID: 62c20981-37f7-49e2-b7bf-22b15e1b7a48,
Billed Duration for Request 62c20981-37f7-49e2-b7bf-22b15e1b7a48: 113 ms
Input: 1050000,
Cold Start: false
Unique ID: f8e7690c-9159-49f1-b2cd-e66b0f3a2bc6,
Billed Duration for Request f8e7690c-9159-49f1-b2cd-e66b0f3a2bc6: 144 ms
Input: 1050000,
Cold Start: false
Unique ID: 57286f14-a28b-4d6c-856a-bbfbb6c08c71,
Billed Duration for Request 57286f14-a28b-4d6c-856a-bbfbb6c08c71: 101 ms
Input: 1050000,
Cold Start: false
Unique ID: 455f9e63-f0a5-40e9-83a3-6dff0c529665,
Billed Duration for Request 455f9e63-f0a5-40e9-83a3-6dff0c529665: 88 ms
Input: 1050000,
Cold Start: false
Unique ID: 6378a2aa-46b3-4b3e-8c8c-e3951d02e2df,
Billed Duration for Request 6378a2aa-46b3-4b3e-8c8c-e3951d02e2df: 138 ms
Input: 1050000,
Cold Start: false
Unique ID: c6416ba5-6f74-4b1d-bac3-6846e18e7120,
Billed Duration for Request c6416ba5-6f74-4b1d-bac3-6846e18e7120: 121 ms
Input: 1050000,
Cold Start: false
Unique ID: 8fd3f634-5046-4ea5-b135-c55f86854c63,
Billed Duration for Request 8fd3f634-5046-4ea5-b135-c55f86854c63: 105 ms
Input: 1050000,
Cold Start: false
Unique ID: 4cda4195-3886-44ad-a8b8-68cc946e37b9,
Billed Duration for Request 4cda4195-3886-44ad-a8b8-68cc946e37b9: 87 ms
Input: 1050000,
Cold Start: false
Unique ID: 3dba42e7-43f0-43cc-bbb2-dbfb56032095,
Billed Duration for Request 3dba42e7-43f0-43cc-bbb2-dbfb56032095: 102 ms
Input: 1050000,
Cold Start: false
Unique ID: a7dd5435-eb0d-4ab9-a80a-37253dfbb866,
Billed Duration for Request a7dd5435-eb0d-4ab9-a80a-37253dfbb866: 122 ms
Input: 1050000,
Cold Start: false
Unique ID: 51ebbe56-ca72-4d16-ac4d-9b90eba4b28b,
Billed Duration for Request 51ebbe56-ca72-4d16-ac4d-9b90eba4b28b: 85 ms
Input: 1050000,
Cold Start: false
Unique ID: 6739e2f3-04c1-41de-9942-c7eb7ea8fb76,
Billed Duration for Request 6739e2f3-04c1-41de-9942-c7eb7ea8fb76: 127 ms
Input: 1050000,
Cold Start: false
Unique ID: 2e238f54-266b-49a4-9459-f960796c1db1,
Billed Duration for Request 2e238f54-266b-49a4-9459-f960796c1db1: 71 ms
Input: 1050000,
Cold Start: false
Unique ID: 06c21536-0ff4-4f0c-acef-6b8477a7fa10,
Billed Duration for Request 06c21536-0ff4-4f0c-acef-6b8477a7fa10: 132 ms
Input: 1050000,
Cold Start: false
Unique ID: 8a44ef1b-d6da-454e-945c-b2a7382302a3,
Billed Duration for Request 8a44ef1b-d6da-454e-945c-b2a7382302a3: 89 ms
Input: 1050000,
Cold Start: false
Unique ID: 13963578-2d50-43fa-a907-01657487a3c2,
Billed Duration for Request 13963578-2d50-43fa-a907-01657487a3c2: 85 ms
Input: 1050000,
Cold Start: false
Unique ID: 0b58d598-7760-46ca-bb15-b2178906f0db,
Billed Duration for Request 0b58d598-7760-46ca-bb15-b2178906f0db: 123 ms
Input: 1050000,
Cold Start: false
Unique ID: f515a04a-2ec2-4cb3-aee0-7569fd8d7965,
Billed Duration for Request f515a04a-2ec2-4cb3-aee0-7569fd8d7965: 123 ms
Input: 1050000,
Cold Start: false
Unique ID: 0d0c5191-287f-4028-8efd-17def2c9094e,
Billed Duration for Request 0d0c5191-287f-4028-8efd-17def2c9094e: 103 ms
Input: 1050000,
Cold Start: false
Unique ID: 3f017434-847f-47c4-88c0-cd728a4392a8,
Billed Duration for Request 3f017434-847f-47c4-88c0-cd728a4392a8: 85 ms
Input: 1050000,
Cold Start: false
Unique ID: ac924410-657d-46b2-bc86-130181e7d8ac,
Billed Duration for Request ac924410-657d-46b2-bc86-130181e7d8ac: 103 ms
Input: 1050000,
Cold Start: false
Unique ID: 75d43efe-f698-41b0-9733-40845e10de67,
Billed Duration for Request 75d43efe-f698-41b0-9733-40845e10de67: 146 ms
Input: 1050000,
Cold Start: false
Unique ID: b2faa034-acf1-4487-a913-7e1890a8d06d,
Billed Duration for Request b2faa034-acf1-4487-a913-7e1890a8d06d: 84 ms
Input: 1050000,
Cold Start: false
Unique ID: bcf96aaf-f1fc-421f-8855-ed8d09bd7190,
Billed Duration for Request bcf96aaf-f1fc-421f-8855-ed8d09bd7190: 127 ms
Input: 1050000,
Cold Start: false
Unique ID: 4d01e1f6-743f-4793-9c71-cc6e0bfcf785,
Billed Duration for Request 4d01e1f6-743f-4793-9c71-cc6e0bfcf785: 85 ms
Input: 1050000,
Cold Start: false
Unique ID: 345bca0f-bf63-46e8-bbab-add00ba339f1,
Billed Duration for Request 345bca0f-bf63-46e8-bbab-add00ba339f1: 143 ms
Input: 1050000,
Cold Start: false
Unique ID: bc2e7f59-dddd-46dc-85d9-3aed7b254737,
Billed Duration for Request bc2e7f59-dddd-46dc-85d9-3aed7b254737: 104 ms
Input: 1050000,
Cold Start: false
Unique ID: 22c8026c-b98e-4976-aba5-5bb6a8f698c0,
Billed Duration for Request 22c8026c-b98e-4976-aba5-5bb6a8f698c0: 126 ms
Input: 1050000,
Cold Start: false
Unique ID: c26c89e4-b675-4d30-b807-fe03e32518dc,
Billed Duration for Request c26c89e4-b675-4d30-b807-fe03e32518dc: 124 ms
Input: 1050000,
Cold Start: false
Unique ID: d0b58633-b4e3-4ff4-b574-5f910c66679e,
Billed Duration for Request d0b58633-b4e3-4ff4-b574-5f910c66679e: 124 ms
Input: 1050000,
Cold Start: false
Unique ID: 0fea3bea-ede8-48f1-b345-c33e361e8b4e,
Billed Duration for Request 0fea3bea-ede8-48f1-b345-c33e361e8b4e: 127 ms
Input: 1050000,
Cold Start: false
Unique ID: f66e914e-923d-491e-803a-338aca42af62,
Billed Duration for Request f66e914e-923d-491e-803a-338aca42af62: 89 ms
Input: 1050000,
Cold Start: false
Unique ID: efc5d933-2910-42dd-a3a3-726998ebd193,
Billed Duration for Request efc5d933-2910-42dd-a3a3-726998ebd193: 101 ms
Input: 1050000,
Cold Start: false
Unique ID: 27aa813f-dfd9-43b4-b402-a95a555686ee,
Billed Duration for Request 27aa813f-dfd9-43b4-b402-a95a555686ee: 85 ms
Input: 1050000,
Cold Start: false
Unique ID: 66415a6a-df66-41c6-a316-ff4fd5e6a3ab,
Billed Duration for Request 66415a6a-df66-41c6-a316-ff4fd5e6a3ab: 106 ms
Input: 1050000,
Cold Start: false
Unique ID: 332482d3-8ada-40f6-9841-ad190401fd60,
Billed Duration for Request 332482d3-8ada-40f6-9841-ad190401fd60: 102 ms
Input: 1050000,
Cold Start: false
Unique ID: 1f5837cd-0e3f-491b-a754-04593e100b7c,
Billed Duration for Request 1f5837cd-0e3f-491b-a754-04593e100b7c: 102 ms
Input: 1050000,
Cold Start: false
Unique ID: efa9959d-8908-4e9d-a082-8deeaa61f1d9,
Billed Duration for Request efa9959d-8908-4e9d-a082-8deeaa61f1d9: 124 ms
Input: 1050000,
Cold Start: false
Unique ID: 839a261e-26e8-4e75-ba39-991639427e16,
Billed Duration for Request 839a261e-26e8-4e75-ba39-991639427e16: 102 ms
Input: 1050000,
Cold Start: false
Unique ID: c34c9232-ebc2-480d-a9c6-850974b8d6a8,
Billed Duration for Request c34c9232-ebc2-480d-a9c6-850974b8d6a8: 89 ms
Input: 1050000,
Cold Start: false
Unique ID: 3bf880e5-5eac-46f9-9783-bea13eb12bf2,
Billed Duration for Request 3bf880e5-5eac-46f9-9783-bea13eb12bf2: 124 ms
Input: 1050000,
Cold Start: false
Unique ID: 2cc0cf82-76ff-42d3-ab7d-07e93f66516b,
Billed Duration for Request 2cc0cf82-76ff-42d3-ab7d-07e93f66516b: 122 ms
Input: 1050000,
Cold Start: false
Unique ID: fb255e03-baf2-4f11-b75b-b2027c7760ce,
Billed Duration for Request fb255e03-baf2-4f11-b75b-b2027c7760ce: 81 ms
Input: 1050000,
Cold Start: false
Unique ID: 46c9d5f3-9c20-44a2-a615-abbff5b3c636,
Billed Duration for Request 46c9d5f3-9c20-44a2-a615-abbff5b3c636: 131 ms
Input: 1050000,
Cold Start: false
Unique ID: 7e54b29f-4c91-4850-b084-26c588dc0d90,
Billed Duration for Request 7e54b29f-4c91-4850-b084-26c588dc0d90: 103 ms
Input: 1050000,
Cold Start: false
Unique ID: 517e37b7-dc6c-43c6-9e94-6f78cfed1cea,
Billed Duration for Request 517e37b7-dc6c-43c6-9e94-6f78cfed1cea: 102 ms
Input: 1050000,
Cold Start: false
Unique ID: e81b4b86-b816-4895-9567-b60b6c4e6154,
Billed Duration for Request e81b4b86-b816-4895-9567-b60b6c4e6154: 101 ms
Input: 1050000,
Cold Start: false
Unique ID: a059915e-5d6f-4dc1-a6e4-1f88b7050d95,
Billed Duration for Request a059915e-5d6f-4dc1-a6e4-1f88b7050d95: 123 ms
Input: 1050000,
Cold Start: false
Unique ID: 2c7b1025-9ece-42cd-90ed-a67720287ada,
Billed Duration for Request 2c7b1025-9ece-42cd-90ed-a67720287ada: 84 ms
Input: 1050000,
Cold Start: false
Unique ID: 030e85e0-42a3-45a5-ab63-51cedf9f9400,
Billed Duration for Request 030e85e0-42a3-45a5-ab63-51cedf9f9400: 130 ms
Input: 1050000,
Cold Start: false
Unique ID: 1615725a-3228-4786-8290-7bd9de97e290,
Billed Duration for Request 1615725a-3228-4786-8290-7bd9de97e290: 98 ms
Input: 1050000,
Cold Start: false
Unique ID: dec29222-5465-48b2-bb6a-3380a722d8dd,
Billed Duration for Request dec29222-5465-48b2-bb6a-3380a722d8dd: 124 ms
Input: 1050000,
Cold Start: false
Unique ID: 55ca8dfd-7d01-4345-a932-e1fb8b6dd0ff,
Billed Duration for Request 55ca8dfd-7d01-4345-a932-e1fb8b6dd0ff: 103 ms
Input: 1050000,
Cold Start: false
Unique ID: f50a90d2-57d8-473a-89e4-2bdec4afe4a3,
Billed Duration for Request f50a90d2-57d8-473a-89e4-2bdec4afe4a3: 85 ms
Input: 1050000,
Cold Start: false
Unique ID: a1b2846b-9d65-4708-aac2-b797c37c379e,
Billed Duration for Request a1b2846b-9d65-4708-aac2-b797c37c379e: 140 ms
Input: 1050000,
Cold Start: false
Unique ID: 2f246232-3801-41dd-a821-c3237726bf11,
Billed Duration for Request 2f246232-3801-41dd-a821-c3237726bf11: 85 ms
Input: 1050000,
Cold Start: false
Unique ID: cfe6325a-5d88-4d08-b46c-6ac78ae250c7,
Billed Duration for Request cfe6325a-5d88-4d08-b46c-6ac78ae250c7: 140 ms
Input: 1050000,
Cold Start: false
Unique ID: b3e27437-bf22-45d1-b73d-38bd1b3b4ef3,
Billed Duration for Request b3e27437-bf22-45d1-b73d-38bd1b3b4ef3: 102 ms
Input: 1050000,
Cold Start: false
Unique ID: a22c1628-2a9d-4a97-8538-51a1cfd4bdd7,
Billed Duration for Request a22c1628-2a9d-4a97-8538-51a1cfd4bdd7: 106 ms
Input: 1050000,
Cold Start: false
Unique ID: 433307ea-ee4d-49ba-a48d-48e804c26016,
Billed Duration for Request 433307ea-ee4d-49ba-a48d-48e804c26016: 121 ms
Input: 1050000,
Cold Start: false
Unique ID: 6742ce6d-3642-42af-af28-c3abeac1bbc2,
Billed Duration for Request 6742ce6d-3642-42af-af28-c3abeac1bbc2: 123 ms
Input: 1050000,
Cold Start: false
Unique ID: a681967f-ae96-4c4a-a9c3-6fd637fa76d8,
Billed Duration for Request a681967f-ae96-4c4a-a9c3-6fd637fa76d8: 123 ms
Input: 1050000,
Cold Start: false
Unique ID: 403cc70f-9fa1-4be1-887f-fd4e639599dd,
Billed Duration for Request 403cc70f-9fa1-4be1-887f-fd4e639599dd: 108 ms
Input: 1050000,
Cold Start: false
Unique ID: 7a37d45a-a401-4591-b8ad-7e443133882b,
Billed Duration for Request 7a37d45a-a401-4591-b8ad-7e443133882b: 104 ms
Input: 1050000,
Cold Start: false
Unique ID: 007f1a23-c931-412b-a133-c80d55d146bf,
Billed Duration for Request 007f1a23-c931-412b-a133-c80d55d146bf: 86 ms
Input: 1050000,
Cold Start: false
Unique ID: 328a3120-dda4-4b66-97b3-d1e6342f93ac,
Billed Duration for Request 328a3120-dda4-4b66-97b3-d1e6342f93ac: 107 ms
Input: 1050000,
Cold Start: false
Unique ID: b62c2603-3dfe-416c-8508-4775aebc0dda,
Billed Duration for Request b62c2603-3dfe-416c-8508-4775aebc0dda: 70 ms
Input: 1050000,
Cold Start: false
Unique ID: ce0c4993-9368-4dc7-b40c-d7c6a5af9faf,
Billed Duration for Request ce0c4993-9368-4dc7-b40c-d7c6a5af9faf: 132 ms
Input: 1050000,
Cold Start: false
Unique ID: 7c52dd5a-f703-40b6-aec7-79ef634b9318,
Billed Duration for Request 7c52dd5a-f703-40b6-aec7-79ef634b9318: 101 ms
Input: 1050000,
Cold Start: false
Unique ID: db7b933b-556f-433c-8be9-c969cd2f4d36,
Billed Duration for Request db7b933b-556f-433c-8be9-c969cd2f4d36: 96 ms
Input: 1050000,
Cold Start: false
Unique ID: 72951f83-a058-4588-9b5c-498896b3cf00,
Billed Duration for Request 72951f83-a058-4588-9b5c-498896b3cf00: 140 ms
Input: 1050000,
Cold Start: false
Unique ID: 17ab20b0-d929-4d86-96bb-ad1ecb6574a6,
Billed Duration for Request 17ab20b0-d929-4d86-96bb-ad1ecb6574a6: 120 ms
Input: 1050000,
Cold Start: false
Unique ID: a4cb4162-abd1-4639-b983-a9ecc305e9d2,
Billed Duration for Request a4cb4162-abd1-4639-b983-a9ecc305e9d2: 122 ms
Input: 1050000,
Cold Start: false
Unique ID: 706d7923-da13-481f-bf49-5f089c3ac689,
Billed Duration for Request 706d7923-da13-481f-bf49-5f089c3ac689: 124 ms
Input: 1050000,
Cold Start: false
Unique ID: 71455da6-b2c0-4e71-9314-508475045ef2,
Billed Duration for Request 71455da6-b2c0-4e71-9314-508475045ef2: 120 ms
Input: 1050000,
Cold Start: false
Unique ID: 1b7bbd6b-7d9f-4446-b425-cc4177eb006f,
Billed Duration for Request 1b7bbd6b-7d9f-4446-b425-cc4177eb006f: 99 ms
Input: 1050000,
Cold Start: false
Unique ID: 33f5f6cd-21f1-4b68-ba00-264750446f66,
Billed Duration for Request 33f5f6cd-21f1-4b68-ba00-264750446f66: 85 ms
Input: 1050000,
Cold Start: false
Unique ID: fabaac18-3889-4bbe-a4e0-852e56c62980,
Billed Duration for Request fabaac18-3889-4bbe-a4e0-852e56c62980: 120 ms
Input: 1050000,
Cold Start: false
Unique ID: efb21414-359b-4347-805a-eadd5596ece7,
Billed Duration for Request efb21414-359b-4347-805a-eadd5596ece7: 140 ms
Input: 1050000,
Cold Start: false
Unique ID: b9c69a41-6f11-4271-a220-f8ccb45fba9d,
Billed Duration for Request b9c69a41-6f11-4271-a220-f8ccb45fba9d: 90 ms
Input: 1050000,
Cold Start: false
Unique ID: 29b608e5-9ad5-4c66-9fac-6230686c6734,
Billed Duration for Request 29b608e5-9ad5-4c66-9fac-6230686c6734: 113 ms
Input: 1050000,
Cold Start: false
Unique ID: 3c6fb72a-73c3-4a81-a921-295f05f67a44,
Billed Duration for Request 3c6fb72a-73c3-4a81-a921-295f05f67a44: 93 ms
Input: 1050000,
Cold Start: false
Unique ID: e05583d0-9cfb-4feb-8e26-e6d74e46f168,
Billed Duration for Request e05583d0-9cfb-4feb-8e26-e6d74e46f168: 98 ms
Input: 1050000,
Cold Start: false
Unique ID: a11a42c4-e5df-4f34-aad6-3c24c20520a6,
Billed Duration for Request a11a42c4-e5df-4f34-aad6-3c24c20520a6: 141 ms
Input: 1050000,
Cold Start: false
Unique ID: 16b5b78e-42ca-4b39-ae0a-4019095b681a,
Billed Duration for Request 16b5b78e-42ca-4b39-ae0a-4019095b681a: 75 ms
Input: 1050000,
Cold Start: false
Unique ID: 4b09c296-14d3-4c2a-ad8b-1b73e620129e,
Billed Duration for Request 4b09c296-14d3-4c2a-ad8b-1b73e620129e: 137 ms
Input: 1050000,
Cold Start: false
Unique ID: 546b14ac-0613-4e72-94df-0431877394bb,
Billed Duration for Request 546b14ac-0613-4e72-94df-0431877394bb: 79 ms
Input: 1050000,
Cold Start: false
Unique ID: 7855d5a6-da86-4f43-9689-6f562b594144,
Billed Duration for Request 7855d5a6-da86-4f43-9689-6f562b594144: 107 ms
Input: 1050000,
Cold Start: false
Unique ID: 559ad9f3-9264-42a9-8f37-cacc4d5d6e24,
Billed Duration for Request 559ad9f3-9264-42a9-8f37-cacc4d5d6e24: 97 ms
Input: 1050000,
Cold Start: false
Unique ID: 70560308-f074-4855-9188-99c9e725c4ae,
Billed Duration for Request 70560308-f074-4855-9188-99c9e725c4ae: 137 ms
Input: 1050000,
Cold Start: false
Unique ID: 1895518b-4fba-4a89-b885-5e007f517dec,
Billed Duration for Request 1895518b-4fba-4a89-b885-5e007f517dec: 120 ms
Input: 1050000,
Cold Start: false
Unique ID: 6a3a80ea-32fa-4530-b811-d4777ccfb42e,
Billed Duration for Request 6a3a80ea-32fa-4530-b811-d4777ccfb42e: 121 ms
Input: 1050000,
Cold Start: false
Unique ID: 804b832e-8c96-4d3a-9276-58cb8afbecc5,
Billed Duration for Request 804b832e-8c96-4d3a-9276-58cb8afbecc5: 149 ms
Input: 1050000,
Cold Start: false
Unique ID: 17675107-6779-4368-8922-4d7fe7e70f38,
Billed Duration for Request 17675107-6779-4368-8922-4d7fe7e70f38: 116 ms
Input: 1050000,
Cold Start: false
Unique ID: 6c609636-8974-413c-903e-4ace680bc23b,
Billed Duration for Request 6c609636-8974-413c-903e-4ace680bc23b: 112 ms
Input: 1050000,
Cold Start: false
Unique ID: 209f0e0f-184c-45bb-bc2d-63a621e4991e,
Billed Duration for Request 209f0e0f-184c-45bb-bc2d-63a621e4991e: 107 ms
Input: 1050000,
Cold Start: false
Unique ID: 567f2dda-f5a1-4355-997f-a032691035a8,
Billed Duration for Request 567f2dda-f5a1-4355-997f-a032691035a8: 156 ms
Input: 1050000,
Cold Start: false
Unique ID: 73b0b164-d579-47d9-8b21-ba220e6b67cd,
Billed Duration for Request 73b0b164-d579-47d9-8b21-ba220e6b67cd: 91 ms
Input: 1050000,
Cold Start: false
Unique ID: ff6c96d0-0de6-405c-a419-c57b3782f0fd,
Billed Duration for Request ff6c96d0-0de6-405c-a419-c57b3782f0fd: 152 ms
Input: 1050000,
Cold Start: false
Unique ID: 6a90110d-ce92-41cf-9da5-e5d5de39ec59,
Billed Duration for Request 6a90110d-ce92-41cf-9da5-e5d5de39ec59: 95 ms
Input: 1050000,
Cold Start: false
Unique ID: fb396516-d441-4d61-8271-7656a53b57ca,
Billed Duration for Request fb396516-d441-4d61-8271-7656a53b57ca: 158 ms
Input: 1050000,
Cold Start: false
Unique ID: c41b3ef7-8389-475d-b31e-d84f648e8275,
Billed Duration for Request c41b3ef7-8389-475d-b31e-d84f648e8275: 88 ms
Input: 1050000,
Cold Start: false
Unique ID: 43d8e6bb-e1eb-45ee-bca6-4784938c5c87,
Billed Duration for Request 43d8e6bb-e1eb-45ee-bca6-4784938c5c87: 119 ms
Input: 1050000,
Cold Start: false
Unique ID: 6a8aa764-7ae1-4a21-b1d0-ae17a65f03e7,
Billed Duration for Request 6a8aa764-7ae1-4a21-b1d0-ae17a65f03e7: 174 ms
Input: 1050000,
Cold Start: false
Unique ID: 259c1e72-28e0-4179-94f0-1b2383f7da2b,
Billed Duration for Request 259c1e72-28e0-4179-94f0-1b2383f7da2b: 74 ms
Input: 1050000,
Cold Start: false
Unique ID: d0293dd0-26a6-4c5c-aeaf-85039356e228,
Billed Duration for Request d0293dd0-26a6-4c5c-aeaf-85039356e228: 154 ms
Input: 1050000,
Cold Start: false
Unique ID: cdb11759-6155-40d3-a416-37508ea5eed1,
Billed Duration for Request cdb11759-6155-40d3-a416-37508ea5eed1: 113 ms
Input: 1050000,
Cold Start: false
Unique ID: 9371385b-f450-41f4-acf2-396f6908cf16,
Billed Duration for Request 9371385b-f450-41f4-acf2-396f6908cf16: 132 ms
Input: 1050000,
Cold Start: false
Unique ID: 8aa17fa3-130a-4895-96bb-e7f961e196bd,
Billed Duration for Request 8aa17fa3-130a-4895-96bb-e7f961e196bd: 114 ms
Input: 1050000,
Cold Start: false
Unique ID: 8940e419-29ae-4203-ac8b-13ac248169fe,
Billed Duration for Request 8940e419-29ae-4203-ac8b-13ac248169fe: 156 ms
Input: 1050000,
Cold Start: false
Unique ID: 292df8f0-1f55-4e3d-a255-4d1b4849ebe1,
Billed Duration for Request 292df8f0-1f55-4e3d-a255-4d1b4849ebe1: 82 ms
Input: 1050000,
Cold Start: false
Unique ID: 50c29a36-e145-4c65-8c15-1b86e9c95bea,
Billed Duration for Request 50c29a36-e145-4c65-8c15-1b86e9c95bea: 157 ms
Input: 1050000,
Cold Start: false
Unique ID: f4d73583-7f78-466b-9a10-672e94de3c5c,
Billed Duration for Request f4d73583-7f78-466b-9a10-672e94de3c5c: 116 ms
Input: 1050000,
Cold Start: false
Unique ID: 2bccb9a2-7306-4ba0-baad-bfee52f1c1ec,
Billed Duration for Request 2bccb9a2-7306-4ba0-baad-bfee52f1c1ec: 157 ms
Input: 1050000,
Cold Start: false
Unique ID: cc052879-3ea0-4dbd-82b8-6ca252ff59c9,
Billed Duration for Request cc052879-3ea0-4dbd-82b8-6ca252ff59c9: 90 ms
Input: 1050000,
Cold Start: false
Unique ID: 97e9106d-1894-45c5-b589-2d0dd2806016,
Billed Duration for Request 97e9106d-1894-45c5-b589-2d0dd2806016: 132 ms
Input: 1050000,
Cold Start: false
Unique ID: c28a899a-850d-4dca-9c42-23c87238a30e,
Billed Duration for Request c28a899a-850d-4dca-9c42-23c87238a30e: 97 ms
Input: 1050000,
Cold Start: false
Unique ID: 214b2485-1962-41a9-9c2c-a97035fcff5f,
Billed Duration for Request 214b2485-1962-41a9-9c2c-a97035fcff5f: 154 ms
Input: 1050000,
Cold Start: false
Unique ID: 78ba2da0-275c-4847-ad20-c5630cc66c27,
Billed Duration for Request 78ba2da0-275c-4847-ad20-c5630cc66c27: 91 ms
Input: 1050000,
Cold Start: false
Unique ID: 2475487b-4061-4ec6-8068-e32359d281b1,
Billed Duration for Request 2475487b-4061-4ec6-8068-e32359d281b1: 156 ms
Input: 1050000,
Cold Start: false
Unique ID: 7d63ed65-b583-4350-9b22-0f304a68fb16,
Billed Duration for Request 7d63ed65-b583-4350-9b22-0f304a68fb16: 89 ms
Input: 1050000,
Cold Start: false
Unique ID: 6f07bba4-595c-42c3-9179-417d08ae5997,
Billed Duration for Request 6f07bba4-595c-42c3-9179-417d08ae5997: 159 ms
Input: 1050000,
Cold Start: false
Unique ID: bd0972b9-f2e0-4497-88ee-f10b9c2a365a,
Billed Duration for Request bd0972b9-f2e0-4497-88ee-f10b9c2a365a: 94 ms
Input: 1050000,
Cold Start: false
Unique ID: 539491c1-381c-4901-bd91-5f5fbbc9e07a,
Billed Duration for Request 539491c1-381c-4901-bd91-5f5fbbc9e07a: 153 ms
Input: 1050000,
Cold Start: false
Unique ID: f3ac4c77-b2c7-4622-b7c7-68eef4bb5c2e,
Billed Duration for Request f3ac4c77-b2c7-4622-b7c7-68eef4bb5c2e: 111 ms
Input: 1050000,
Cold Start: false
Unique ID: 2883d60f-496b-4914-8fed-ab7dc0273f6d,
Billed Duration for Request 2883d60f-496b-4914-8fed-ab7dc0273f6d: 153 ms
Input: 1050000,
Cold Start: false
Unique ID: 4f23b5fa-71c6-4db7-8dd6-6dc60fafe7e9,
Billed Duration for Request 4f23b5fa-71c6-4db7-8dd6-6dc60fafe7e9: 110 ms
Input: 1050000,
Cold Start: false
Unique ID: e6892aa6-b9d4-47e8-90a9-e5f6bad467ce,
Billed Duration for Request e6892aa6-b9d4-47e8-90a9-e5f6bad467ce: 135 ms
Input: 1050000,
Cold Start: false
Unique ID: 8a2a93b6-498d-4f5c-9910-badcae2ae311,
Billed Duration for Request 8a2a93b6-498d-4f5c-9910-badcae2ae311: 155 ms
Input: 1050000,
Cold Start: false
Unique ID: 0b6910ea-07b8-4679-ace5-af298dfc4374,
Billed Duration for Request 0b6910ea-07b8-4679-ace5-af298dfc4374: 134 ms
Input: 1050000,
Cold Start: false
Unique ID: d0a88dcc-ef0b-4808-8df8-c0528a5f62dd,
Billed Duration for Request d0a88dcc-ef0b-4808-8df8-c0528a5f62dd: 78 ms
Input: 1050000,
Cold Start: false
Unique ID: 821e96be-3bbd-4d51-bc81-6f49a8b02329,
Billed Duration for Request 821e96be-3bbd-4d51-bc81-6f49a8b02329: 160 ms
Input: 1050000,
Cold Start: false
Unique ID: 35386cd1-2e1a-4197-b4a7-9ff6aff8dee8,
Billed Duration for Request 35386cd1-2e1a-4197-b4a7-9ff6aff8dee8: 104 ms
Input: 1050000,
Cold Start: false
Unique ID: fd68b7d5-72fa-43df-a175-c3c958f1f362,
Billed Duration for Request fd68b7d5-72fa-43df-a175-c3c958f1f362: 132 ms
Input: 1050000,
Cold Start: false
Unique ID: 35143800-3ec0-4f85-b927-a061e685ad3a,
Billed Duration for Request 35143800-3ec0-4f85-b927-a061e685ad3a: 82 ms
Input: 1050000,
Cold Start: false
Unique ID: 61c885dc-f8a9-4a7e-b237-f3741fe98c8b,
Billed Duration for Request 61c885dc-f8a9-4a7e-b237-f3741fe98c8b: 153 ms
Input: 1050000,
Cold Start: false
Unique ID: 837c9d18-ec93-402e-acee-5bc41f039ce6,
Billed Duration for Request 837c9d18-ec93-402e-acee-5bc41f039ce6: 79 ms
Input: 1050000,
Cold Start: false
Unique ID: cf1ac5ff-1c01-4caf-8d9a-b9af1bd77f9d,
Billed Duration for Request cf1ac5ff-1c01-4caf-8d9a-b9af1bd77f9d: 140 ms
Input: 1050000,
Cold Start: false
Unique ID: 6bc73d86-d774-4cca-9eb7-6d3987d01ffb,
Billed Duration for Request 6bc73d86-d774-4cca-9eb7-6d3987d01ffb: 135 ms
Input: 1050000,
Cold Start: false
Unique ID: 19111e4d-aba0-4045-b56b-602405c62b78,
Billed Duration for Request 19111e4d-aba0-4045-b56b-602405c62b78: 119 ms
Input: 1050000,
Cold Start: false
Unique ID: 5a506e49-7ab6-4c3e-9da1-9a18ba89ced7,
Billed Duration for Request 5a506e49-7ab6-4c3e-9da1-9a18ba89ced7: 116 ms
Input: 1050000,
Cold Start: false
Unique ID: 3fdd741e-d522-4651-8c22-3dd42fff8957,
Billed Duration for Request 3fdd741e-d522-4651-8c22-3dd42fff8957: 134 ms
Input: 1050000,
Cold Start: false
Unique ID: 4d7ad79f-f950-4525-a227-881522d06771,
Billed Duration for Request 4d7ad79f-f950-4525-a227-881522d06771: 114 ms
Input: 1050000,
Cold Start: false
Unique ID: 0254f196-6918-4f53-989e-5035dfd67e0b,
Billed Duration for Request 0254f196-6918-4f53-989e-5035dfd67e0b: 97 ms
Input: 1050000,
Cold Start: false
Unique ID: 9826fa24-c308-41c7-8a8d-a3300a998406,
Billed Duration for Request 9826fa24-c308-41c7-8a8d-a3300a998406: 126 ms
Input: 1050000,
Cold Start: false
Unique ID: 180ba1ab-c8a2-4d76-8727-5140c02aecf0,
Billed Duration for Request 180ba1ab-c8a2-4d76-8727-5140c02aecf0: 117 ms
Input: 1050000,
Cold Start: false
Unique ID: ee22921f-36cf-4297-b98c-ad5953bb7544,
Billed Duration for Request ee22921f-36cf-4297-b98c-ad5953bb7544: 135 ms
Input: 1050000,
Cold Start: false
Unique ID: 307f3275-b2ee-4310-afd9-8f2082e2cbd9,
Billed Duration for Request 307f3275-b2ee-4310-afd9-8f2082e2cbd9: 95 ms
Input: 1050000,
Cold Start: false
Unique ID: 18c34706-6393-4ccb-9f9a-f3f7b0a06790,
Billed Duration for Request 18c34706-6393-4ccb-9f9a-f3f7b0a06790: 149 ms
Input: 1050000,
Cold Start: false
Unique ID: c564fc9d-ba2f-48dc-b912-301caf4bf765,
Billed Duration for Request c564fc9d-ba2f-48dc-b912-301caf4bf765: 128 ms
Input: 1050000,
Cold Start: false
Unique ID: 4ed0cbe4-ed03-45de-84bc-8de4d3ea76ce,
Billed Duration for Request 4ed0cbe4-ed03-45de-84bc-8de4d3ea76ce: 103 ms
Input: 1050000,
Cold Start: false
Unique ID: 449611fc-deac-4b29-9cbd-18d3f097a195,
Billed Duration for Request 449611fc-deac-4b29-9cbd-18d3f097a195: 151 ms
Input: 1050000,
Cold Start: false
Unique ID: 1246f23a-8dcc-465e-9110-eb284ba04f58,
Billed Duration for Request 1246f23a-8dcc-465e-9110-eb284ba04f58: 78 ms
Input: 1050000,
Cold Start: false
Unique ID: 7f9e5954-4962-4536-8ada-d7a051aca418,
Billed Duration for Request 7f9e5954-4962-4536-8ada-d7a051aca418: 116 ms
Input: 1050000,
Cold Start: false
Unique ID: 77ddfd8e-4a87-4f95-a676-270309e41f9f,
Billed Duration for Request 77ddfd8e-4a87-4f95-a676-270309e41f9f: 159 ms
Input: 1050000,
Cold Start: false
Unique ID: 54f69350-a3d8-44ca-9ed0-0d20d4ee8efe,
Billed Duration for Request 54f69350-a3d8-44ca-9ed0-0d20d4ee8efe: 92 ms
Input: 1050000,
Cold Start: false
Unique ID: 776b4f27-8618-4310-aff0-df4f4c70c7fb,
Billed Duration for Request 776b4f27-8618-4310-aff0-df4f4c70c7fb: 156 ms
Input: 1050000,
Cold Start: false
Unique ID: 014dfd2a-2043-40ec-b78f-8a284c45d6ab,
Billed Duration for Request 014dfd2a-2043-40ec-b78f-8a284c45d6ab: 115 ms
Input: 1050000,
Cold Start: false
Unique ID: 4e85f73d-c4f3-4bf0-afa5-d5afd78090f0,
Billed Duration for Request 4e85f73d-c4f3-4bf0-afa5-d5afd78090f0: 117 ms
Input: 1050000,
Cold Start: false
Unique ID: ca9a4ebb-f093-4ddb-a237-a32322d20cc1,
Billed Duration for Request ca9a4ebb-f093-4ddb-a237-a32322d20cc1: 98 ms
Input: 1050000,
Cold Start: false
Unique ID: eaf21e34-25d0-4775-9af6-3f81efd8e2a0,
Billed Duration for Request eaf21e34-25d0-4775-9af6-3f81efd8e2a0: 152 ms
Input: 1050000,
Cold Start: false
Unique ID: f3a5155d-094e-473e-be67-0f985a016820,
Billed Duration for Request f3a5155d-094e-473e-be67-0f985a016820: 99 ms
Input: 1050000,
Cold Start: false
Unique ID: 4ca1e56f-19ee-4e38-96c5-b3f7f5a47563,
Billed Duration for Request 4ca1e56f-19ee-4e38-96c5-b3f7f5a47563: 181 ms
Input: 1050000,
Cold Start: false
Unique ID: da6480c7-ee0d-4688-8bc8-bf520a55da73,
Billed Duration for Request da6480c7-ee0d-4688-8bc8-bf520a55da73: 97 ms
Input: 1050000,
Cold Start: false
Unique ID: 78c14d42-4fda-4a67-9ba9-081d77c4bd20,
Billed Duration for Request 78c14d42-4fda-4a67-9ba9-081d77c4bd20: 116 ms
Input: 1050000,
Cold Start: false
Unique ID: 4f5448eb-ce10-4e81-b44f-33d9225c664a,
Billed Duration for Request 4f5448eb-ce10-4e81-b44f-33d9225c664a: 154 ms
Input: 1050000,
Cold Start: false
Unique ID: fe13c30c-47a3-47f3-9108-b2e43bb4d254,
Billed Duration for Request fe13c30c-47a3-47f3-9108-b2e43bb4d254: 97 ms
Input: 1050000,
Cold Start: false
Unique ID: fca1ab63-50d7-4156-a963-27b177d204e9,
Billed Duration for Request fca1ab63-50d7-4156-a963-27b177d204e9: 178 ms
Input: 1050000,
Cold Start: false
Unique ID: b34409ba-2c58-46be-9b09-b27baea99b01,
Billed Duration for Request b34409ba-2c58-46be-9b09-b27baea99b01: 97 ms
Input: 1050000,
Cold Start: false
Unique ID: 9b62fc81-9264-4ff9-a60b-403da4ed49a8,
Billed Duration for Request 9b62fc81-9264-4ff9-a60b-403da4ed49a8: 156 ms
Input: 1050000,
Cold Start: false
Unique ID: 10d3b098-cd7d-4f88-82e8-b988e59c1796,
Billed Duration for Request 10d3b098-cd7d-4f88-82e8-b988e59c1796: 116 ms
Input: 1050000,
Cold Start: false
Unique ID: d393c7b1-5107-4b5c-ab99-1d73df5f6a87,
Billed Duration for Request d393c7b1-5107-4b5c-ab99-1d73df5f6a87: 124 ms
Input: 1050000,
Cold Start: false
Unique ID: 461a09e8-738d-4df9-bee3-37e74579c0e3,
Billed Duration for Request 461a09e8-738d-4df9-bee3-37e74579c0e3: 92 ms
Input: 1050000,
Cold Start: false
Unique ID: 73a52613-c4dd-470e-9ced-82fb20912ede,
Billed Duration for Request 73a52613-c4dd-470e-9ced-82fb20912ede: 166 ms
Input: 1050000,
Cold Start: false
Unique ID: f7fc3194-ff9a-440b-beef-0928fe57b70e,
Billed Duration for Request f7fc3194-ff9a-440b-beef-0928fe57b70e: 80 ms
Input: 1050000,
Cold Start: false
Unique ID: f462c9de-3e0e-4820-b5ca-d8411402d22d,
Billed Duration for Request f462c9de-3e0e-4820-b5ca-d8411402d22d: 117 ms
Input: 1050000,
Cold Start: false
Unique ID: 61a06842-03ac-4c33-852d-c9b425972249,
Billed Duration for Request 61a06842-03ac-4c33-852d-c9b425972249: 108 ms
Input: 1050000,
Cold Start: false
Unique ID: 263570ad-ab94-4906-813f-c90c05ec92df,
Billed Duration for Request 263570ad-ab94-4906-813f-c90c05ec92df: 95 ms
Input: 1050000,
Cold Start: false
Unique ID: ea3ebf49-9e7b-472d-b1ea-28c5e6c063e1,
Billed Duration for Request ea3ebf49-9e7b-472d-b1ea-28c5e6c063e1: 96 ms
Input: 1050000,
Cold Start: false
Unique ID: c7f9e9eb-6aef-47ca-b786-be6fc060d8df,
Billed Duration for Request c7f9e9eb-6aef-47ca-b786-be6fc060d8df: 134 ms
Input: 1050000,
Cold Start: false
Unique ID: 5887bbfb-f9cc-4eb9-b18b-3f645eb75673,
Billed Duration for Request 5887bbfb-f9cc-4eb9-b18b-3f645eb75673: 82 ms
Input: 1050000,
Cold Start: false
Unique ID: 30dc0160-a40f-4e69-ad1d-0c9c38dc1056,
Billed Duration for Request 30dc0160-a40f-4e69-ad1d-0c9c38dc1056: 121 ms
Input: 1050000,
Cold Start: false
Unique ID: dc2e3fbb-f451-40b4-8748-82fe05ec19f7,
Billed Duration for Request dc2e3fbb-f451-40b4-8748-82fe05ec19f7: 100 ms
Input: 1050000,
Cold Start: false
Unique ID: eb7729c7-56ce-4c77-8bfd-7adf98ce9103,
Billed Duration for Request eb7729c7-56ce-4c77-8bfd-7adf98ce9103: 137 ms
Input: 1050000,
Cold Start: false
Unique ID: 1a5ff12f-43e9-481b-b7df-d1b4f789ef5d,
Billed Duration for Request 1a5ff12f-43e9-481b-b7df-d1b4f789ef5d: 97 ms
Input: 1050000,
Cold Start: false
Unique ID: 8cf24129-9657-4664-a754-f70bc72da1d6,
Billed Duration for Request 8cf24129-9657-4664-a754-f70bc72da1d6: 119 ms
Input: 1050000,
Cold Start: false
Unique ID: b8ba7276-b3ee-4391-89c8-202ef466150d,
Billed Duration for Request b8ba7276-b3ee-4391-89c8-202ef466150d: 120 ms
Input: 1050000,
Cold Start: false
Unique ID: 7b147dbf-7668-4d9f-aab1-2fb3c247ec10,
Billed Duration for Request 7b147dbf-7668-4d9f-aab1-2fb3c247ec10: 110 ms
Input: 1050000,
Cold Start: false
Unique ID: ef076458-c534-485a-bb7a-700905f464e1,
Billed Duration for Request ef076458-c534-485a-bb7a-700905f464e1: 97 ms
Input: 1050000,
Cold Start: false
Unique ID: 854e0e5b-3f3a-45c1-9cb4-7325bd59caa1,
Billed Duration for Request 854e0e5b-3f3a-45c1-9cb4-7325bd59caa1: 98 ms
Input: 1050000,
Cold Start: false
Unique ID: 663f427f-d6ec-4770-ba59-0c971fe15d8b,
Billed Duration for Request 663f427f-d6ec-4770-ba59-0c971fe15d8b: 137 ms
Input: 1050000,
Cold Start: false
Unique ID: 8a773f30-d90c-4a71-a94a-73259745fe7e,
Billed Duration for Request 8a773f30-d90c-4a71-a94a-73259745fe7e: 79 ms
Input: 1050000,
Cold Start: false
Unique ID: b7136a72-5454-40b1-9a22-2b62b00a4dd1,
Billed Duration for Request b7136a72-5454-40b1-9a22-2b62b00a4dd1: 137 ms
Input: 1050000,
Cold Start: false
Unique ID: 1238584c-1979-4406-a818-dd08ce6dc3d1,
Billed Duration for Request 1238584c-1979-4406-a818-dd08ce6dc3d1: 80 ms
Input: 1050000,
Cold Start: false
Unique ID: fd035789-6d7e-47f8-8520-aa5a2b6ff3eb,
Billed Duration for Request fd035789-6d7e-47f8-8520-aa5a2b6ff3eb: 137 ms
Input: 1050000,
Cold Start: false
Unique ID: 6cb6cc43-6704-46f5-8be6-ae81012a759d,
Billed Duration for Request 6cb6cc43-6704-46f5-8be6-ae81012a759d: 84 ms
Input: 1050000,
Cold Start: false
Unique ID: 8ac22f01-64db-4787-8a9b-b6b17d5dbdb4,
Billed Duration for Request 8ac22f01-64db-4787-8a9b-b6b17d5dbdb4: 134 ms
Input: 1050000,
Cold Start: false
Unique ID: 7c2cd956-4141-4be3-b5db-87abf3897622,
Billed Duration for Request 7c2cd956-4141-4be3-b5db-87abf3897622: 94 ms
Input: 1050000,
Cold Start: false
Unique ID: 66024a90-4416-4060-85f2-68e29be9309a,
Billed Duration for Request 66024a90-4416-4060-85f2-68e29be9309a: 98 ms
Input: 1050000,
Cold Start: false
Unique ID: c90f5c71-1ed6-495b-9877-de7ec86e4103,
Billed Duration for Request c90f5c71-1ed6-495b-9877-de7ec86e4103: 142 ms
Input: 1050000,
Cold Start: false
Unique ID: 43dc6120-42ee-45cc-923b-aa415444c619,
Billed Duration for Request 43dc6120-42ee-45cc-923b-aa415444c619: 98 ms
Input: 1050000,
Cold Start: false
Unique ID: 03406cf3-c7bd-40a5-9b97-e58b7ea786af,
Billed Duration for Request 03406cf3-c7bd-40a5-9b97-e58b7ea786af: 120 ms
Input: 1050000,
Cold Start: false
Unique ID: fa6fd982-d0eb-4312-a765-cecbf7d59a3e,
Billed Duration for Request fa6fd982-d0eb-4312-a765-cecbf7d59a3e: 120 ms
Input: 1050000,
Cold Start: false
Unique ID: 365a7bf1-0a12-449b-a900-9a02ad972718,
Billed Duration for Request 365a7bf1-0a12-449b-a900-9a02ad972718: 101 ms
Input: 1050000,
Cold Start: false
Unique ID: 20c026f8-23dc-4c30-aca3-17a8714c3b2d,
Billed Duration for Request 20c026f8-23dc-4c30-aca3-17a8714c3b2d: 122 ms
Input: 1050000,
Cold Start: false
Unique ID: 5516008b-c60a-4d91-8e02-0ff643d09250,
Billed Duration for Request 5516008b-c60a-4d91-8e02-0ff643d09250: 85 ms
Input: 1050000,
Cold Start: false
Unique ID: 26461306-d2dc-4318-8575-fef88b6f5e88,
Billed Duration for Request 26461306-d2dc-4318-8575-fef88b6f5e88: 140 ms
Input: 1050000,
Cold Start: false
Unique ID: 9800ebe8-a8b7-4519-9e71-bcffefb2caae,
Billed Duration for Request 9800ebe8-a8b7-4519-9e71-bcffefb2caae: 84 ms
Input: 1050000,
Cold Start: false
Unique ID: 87f330bb-9392-464f-96a0-2afbc1f42706,
Billed Duration for Request 87f330bb-9392-464f-96a0-2afbc1f42706: 139 ms
Input: 1050000,
Cold Start: false
Unique ID: 184a7005-247c-4205-a910-cf288141b8dc,
Billed Duration for Request 184a7005-247c-4205-a910-cf288141b8dc: 118 ms
Input: 1050000,
Cold Start: false
Unique ID: 7ec63cbf-1e05-4b67-b045-32983716f497,
Billed Duration for Request 7ec63cbf-1e05-4b67-b045-32983716f497: 119 ms
Input: 1050000,
Cold Start: false
Unique ID: f1175e3a-13b7-4c8c-81d9-014ed3a852b6,
Billed Duration for Request f1175e3a-13b7-4c8c-81d9-014ed3a852b6: 79 ms
Input: 1050000,
Cold Start: false
Unique ID: 795e3c6d-306f-4d38-bcfc-3b4a1904fbe0,
Billed Duration for Request 795e3c6d-306f-4d38-bcfc-3b4a1904fbe0: 139 ms
Input: 1050000,
Cold Start: false
Unique ID: a7eb2da1-8b43-49ae-8835-fce1a68c784d,
Billed Duration for Request a7eb2da1-8b43-49ae-8835-fce1a68c784d: 82 ms
Input: 1050000,
Cold Start: false
Unique ID: 12a820b3-7a4f-4f32-bf06-3262425f1b75,
Billed Duration for Request 12a820b3-7a4f-4f32-bf06-3262425f1b75: 102 ms
Input: 1050000,
Cold Start: false
Unique ID: b642c214-24b7-457b-987a-71dce9d9e5a7,
Billed Duration for Request b642c214-24b7-457b-987a-71dce9d9e5a7: 139 ms
Input: 1050000,
Cold Start: false
Unique ID: 7ea7f3c6-737b-48c0-a8ab-f33bc59246c9,
Billed Duration for Request 7ea7f3c6-737b-48c0-a8ab-f33bc59246c9: 76 ms
Input: 1050000,
Cold Start: false
Unique ID: 29ce82ae-7daf-4edc-a99b-ab1d4ece6855,
Billed Duration for Request 29ce82ae-7daf-4edc-a99b-ab1d4ece6855: 141 ms
Input: 1050000,
Cold Start: false
Unique ID: 52c59b0d-74b2-4360-9aa4-1fef1a9becd1,
Billed Duration for Request 52c59b0d-74b2-4360-9aa4-1fef1a9becd1: 75 ms
Input: 1050000,
Cold Start: false
Unique ID: 64a7eb8f-06c3-44e3-9e25-0754fcf9ed54,
Billed Duration for Request 64a7eb8f-06c3-44e3-9e25-0754fcf9ed54: 142 ms
Input: 1050000,
Cold Start: false
Unique ID: e203b89f-a7b0-4c60-9fa7-fb41aeed1dc4,
Billed Duration for Request e203b89f-a7b0-4c60-9fa7-fb41aeed1dc4: 98 ms
Input: 1050000,
Cold Start: false
Unique ID: 71657a26-2389-425d-b485-0b1b705f5fcf,
Billed Duration for Request 71657a26-2389-425d-b485-0b1b705f5fcf: 91 ms
Input: 1050000,
Cold Start: false
Unique ID: 91e64b47-b77a-4eb8-b6ee-269b3ec63379,
Billed Duration for Request 91e64b47-b77a-4eb8-b6ee-269b3ec63379: 120 ms
Input: 1050000,
Cold Start: false
Unique ID: 40db2950-bed1-416f-aa05-af4ccc3bd10e,
Billed Duration for Request 40db2950-bed1-416f-aa05-af4ccc3bd10e: 119 ms
Input: 1050000,
Cold Start: false
Unique ID: d865f695-fc75-4109-ac1f-ad793d37e349,
Billed Duration for Request d865f695-fc75-4109-ac1f-ad793d37e349: 93 ms
Input: 1050000,
Cold Start: false
Unique ID: 435d0ea1-2c09-414c-ab67-f2b698d9c6a5,
Billed Duration for Request 435d0ea1-2c09-414c-ab67-f2b698d9c6a5: 96 ms
Input: 1050000,
Cold Start: false
Unique ID: eb2afde0-bf25-4380-889e-8e2cd1d21717,
Billed Duration for Request eb2afde0-bf25-4380-889e-8e2cd1d21717: 143 ms
Input: 1050000,
Cold Start: false
Unique ID: e4f9a742-c9b9-4e08-8b6b-8d861a33648d,
Billed Duration for Request e4f9a742-c9b9-4e08-8b6b-8d861a33648d: 117 ms
Input: 1050000,
Cold Start: false
Unique ID: 97607452-97b4-4262-b71c-c933aa4ed6d2,
Billed Duration for Request 97607452-97b4-4262-b71c-c933aa4ed6d2: 79 ms
Input: 1050000,
Cold Start: false
Unique ID: b99b69bb-e49c-4819-a22a-d5bc6df14e32,
Billed Duration for Request b99b69bb-e49c-4819-a22a-d5bc6df14e32: 80 ms
Input: 1050000,
Cold Start: false
Unique ID: 44a017e0-f951-49a3-9efb-cf1d46ae3a1d,
Billed Duration for Request 44a017e0-f951-49a3-9efb-cf1d46ae3a1d: 117 ms
Input: 1050000,
Cold Start: false
Unique ID: a98b0950-d145-4347-9763-ccee61f3123d,
Billed Duration for Request a98b0950-d145-4347-9763-ccee61f3123d: 85 ms
Input: 1050000,
Cold Start: false
Unique ID: 32e31526-26b1-4cd6-8e74-91059fe118a1,
Billed Duration for Request 32e31526-26b1-4cd6-8e74-91059fe118a1: 131 ms
Input: 1050000,
Cold Start: false
Unique ID: 4b91638a-0bc0-448f-bfea-fa200e180efa,
Billed Duration for Request 4b91638a-0bc0-448f-bfea-fa200e180efa: 71 ms
Input: 1050000,
Cold Start: false
Unique ID: a43bee75-39be-4e07-a1f8-4a6e9ea77f8f,
Billed Duration for Request a43bee75-39be-4e07-a1f8-4a6e9ea77f8f: 132 ms
Input: 1050000,
Cold Start: false
Unique ID: c84e7535-b687-4408-9c16-c951ea943947,
Billed Duration for Request c84e7535-b687-4408-9c16-c951ea943947: 104 ms
Input: 1050000,
Cold Start: false
Unique ID: 2acc03cc-27ce-4d3c-8f5b-655e372e5276,
Billed Duration for Request 2acc03cc-27ce-4d3c-8f5b-655e372e5276: 93 ms
Input: 1050000,
Cold Start: false
Unique ID: 51b47c01-dc2d-4304-953d-15bd25ebac93,
Billed Duration for Request 51b47c01-dc2d-4304-953d-15bd25ebac93: 90 ms
Input: 1050000,
Cold Start: false
Unique ID: 9d4133ed-78be-4ec9-8c9e-65e9963da1a3,
Billed Duration for Request 9d4133ed-78be-4ec9-8c9e-65e9963da1a3: 94 ms
Input: 1050000,
Cold Start: false
Unique ID: 84afa5d7-7bfe-4905-8add-edaf14f76a76,
Billed Duration for Request 84afa5d7-7bfe-4905-8add-edaf14f76a76: 74 ms
Input: 1050000,
Cold Start: false
Unique ID: 0553787b-ccb1-4837-a361-6df743eb4252,
Billed Duration for Request 0553787b-ccb1-4837-a361-6df743eb4252: 129 ms
Input: 1050000,
Cold Start: false
Unique ID: 5216c93e-1f08-4588-8c05-8b5e4e86b6c2,
Billed Duration for Request 5216c93e-1f08-4588-8c05-8b5e4e86b6c2: 75 ms
Input: 1050000,
Cold Start: false
Unique ID: 12e37965-9b1d-494d-92f1-4d071ee9e5ab,
Billed Duration for Request 12e37965-9b1d-494d-92f1-4d071ee9e5ab: 132 ms
Input: 1050000,
Cold Start: false
Unique ID: d063c483-f2e7-44ab-9304-ba4600cb4067,
Billed Duration for Request d063c483-f2e7-44ab-9304-ba4600cb4067: 115 ms
Input: 1050000,
Cold Start: false
Unique ID: d819e48d-bde4-41cc-a75c-4b3a9854b4bb,
Billed Duration for Request d819e48d-bde4-41cc-a75c-4b3a9854b4bb: 71 ms
Input: 1050000,
Cold Start: false
Unique ID: 15c8fb93-0b08-4562-932d-3fe32c5cdef7,
Billed Duration for Request 15c8fb93-0b08-4562-932d-3fe32c5cdef7: 132 ms
Input: 1050000,
Cold Start: false
Unique ID: 472df3dc-8e53-43b3-b025-dcc377e5c200,
Billed Duration for Request 472df3dc-8e53-43b3-b025-dcc377e5c200: 91 ms
Input: 1050000,
Cold Start: false
Unique ID: d7107136-958d-41f6-a9e9-c6a240ba6b9f,
Billed Duration for Request d7107136-958d-41f6-a9e9-c6a240ba6b9f: 113 ms
Input: 1050000,
Cold Start: false
Unique ID: de2717aa-e26f-485b-91b0-83c8f5ee6cb6,
Billed Duration for Request de2717aa-e26f-485b-91b0-83c8f5ee6cb6: 85 ms
Input: 1050000,
Cold Start: false
Unique ID: 71b78f9b-f914-452f-a872-1c3569fb5f12,
Billed Duration for Request 71b78f9b-f914-452f-a872-1c3569fb5f12: 116 ms
Input: 1050000,
Cold Start: false
Unique ID: 7bea97c1-9483-49b0-9052-a0794ea793ac,
Billed Duration for Request 7bea97c1-9483-49b0-9052-a0794ea793ac: 111 ms
Input: 1050000,
Cold Start: false
Unique ID: 91fbbfd5-507b-441d-bbea-2b544f5ae20f,
Billed Duration for Request 91fbbfd5-507b-441d-bbea-2b544f5ae20f: 136 ms
Input: 1050000,
Cold Start: false
Unique ID: 2386e405-c7ae-471e-9f38-3b1b2995fc5b,
Billed Duration for Request 2386e405-c7ae-471e-9f38-3b1b2995fc5b: 95 ms
Input: 1050000,
Cold Start: false
Unique ID: 710b4bf4-be3d-48c8-9600-1e4fc207f450,
Billed Duration for Request 710b4bf4-be3d-48c8-9600-1e4fc207f450: 105 ms
Input: 1050000,
Cold Start: false
Unique ID: 36c5081c-3ec0-4236-852e-b6e78dd7595d,
Billed Duration for Request 36c5081c-3ec0-4236-852e-b6e78dd7595d: 112 ms
Input: 1050000,
Cold Start: false
Unique ID: a5530c6c-4c2c-4c70-8167-0aa9d584779e,
Billed Duration for Request a5530c6c-4c2c-4c70-8167-0aa9d584779e: 109 ms
Input: 1050000,
Cold Start: false
Unique ID: 255242fe-ac8b-4f64-8f2c-bbfe156c5b5f,
Billed Duration for Request 255242fe-ac8b-4f64-8f2c-bbfe156c5b5f: 112 ms
Input: 1050000,
Cold Start: false
Unique ID: 2b89c8c0-570c-43a8-9833-2aa74043fe17,
Billed Duration for Request 2b89c8c0-570c-43a8-9833-2aa74043fe17: 90 ms
Input: 1050000,
Cold Start: false
Unique ID: 547a21c8-777b-4dfd-9dce-882a04009222,
Billed Duration for Request 547a21c8-777b-4dfd-9dce-882a04009222: 116 ms
Input: 1050000,
Cold Start: false
Unique ID: 8055ca42-b0fd-4671-9184-8be0a7f11c1e,
Billed Duration for Request 8055ca42-b0fd-4671-9184-8be0a7f11c1e: 76 ms
Input: 1050000,
Cold Start: false
Unique ID: fd9125b5-bc83-430d-b83f-7a48e57c1c6b,
Billed Duration for Request fd9125b5-bc83-430d-b83f-7a48e57c1c6b: 126 ms
Input: 1050000,
Cold Start: false
Unique ID: c194d8a1-b325-46f5-9b55-464ab4f475b4,
Billed Duration for Request c194d8a1-b325-46f5-9b55-464ab4f475b4: 111 ms
Input: 1050000,
Cold Start: false
Unique ID: d122a3a5-ddb8-4d0e-80c3-006c9768c1f0,
Billed Duration for Request d122a3a5-ddb8-4d0e-80c3-006c9768c1f0: 114 ms
Input: 1050000,
Cold Start: false
Unique ID: f8fe4470-7c86-4b7c-a0ef-645c8523ffa3,
Billed Duration for Request f8fe4470-7c86-4b7c-a0ef-645c8523ffa3: 113 ms
Input: 1050000,
Cold Start: false
Unique ID: acaaa347-ac47-4111-a47d-2bcca0e7ccb2,
Billed Duration for Request acaaa347-ac47-4111-a47d-2bcca0e7ccb2: 75 ms
Input: 1050000,
Cold Start: false
Unique ID: 04c4cbbd-bc4d-4d78-a4d4-532a13329f03,
Billed Duration for Request 04c4cbbd-bc4d-4d78-a4d4-532a13329f03: 95 ms
Input: 1050000,
Cold Start: false
Unique ID: f84e3be9-9531-40d1-991d-9f0178d964c7,
Billed Duration for Request f84e3be9-9531-40d1-991d-9f0178d964c7: 98 ms
Input: 1050000,
Cold Start: false
Unique ID: 2b27a07a-527e-4439-9147-2789340a02e6,
Billed Duration for Request 2b27a07a-527e-4439-9147-2789340a02e6: 98 ms
Input: 1050000,
Cold Start: false
Unique ID: f4a674f2-f348-496c-8b2e-65e909742de4,
Billed Duration for Request f4a674f2-f348-496c-8b2e-65e909742de4: 135 ms
Input: 1050000,
Cold Start: false
Unique ID: f130490f-bda7-474d-ab93-3a541821c5e2,
Billed Duration for Request f130490f-bda7-474d-ab93-3a541821c5e2: 93 ms
Input: 1050000,
Cold Start: false
Unique ID: 5e02cecc-b575-4f57-973b-109b4544630a,
Billed Duration for Request 5e02cecc-b575-4f57-973b-109b4544630a: 90 ms
Input: 1050000,
Cold Start: false
Unique ID: 798802e5-5f5c-4f9a-833f-f27f170f35cd,
Billed Duration for Request 798802e5-5f5c-4f9a-833f-f27f170f35cd: 117 ms
Input: 1050000,
Cold Start: false
Unique ID: 617fe676-db45-4bd5-8850-460c31144d21,
Billed Duration for Request 617fe676-db45-4bd5-8850-460c31144d21: 115 ms
Input: 1050000,
Cold Start: false
Unique ID: 782352e8-c551-4ca3-9859-41f1910b6f65,
Billed Duration for Request 782352e8-c551-4ca3-9859-41f1910b6f65: 95 ms
Input: 1050000,
Cold Start: false
Unique ID: b58b67a3-286d-42fe-94fe-c193154dce21,
Billed Duration for Request b58b67a3-286d-42fe-94fe-c193154dce21: 113 ms
Input: 1050000,
Cold Start: false
Unique ID: 0cb5f4cb-c2c5-42b1-a82a-655dab69dea5,
Billed Duration for Request 0cb5f4cb-c2c5-42b1-a82a-655dab69dea5: 71 ms
Input: 1050000,
Cold Start: false
Unique ID: 75f3c670-de5c-4720-ada8-19f0600074c2,
Billed Duration for Request 75f3c670-de5c-4720-ada8-19f0600074c2: 134 ms
Input: 1050000,
Cold Start: false
Unique ID: 334606ed-73c8-4b25-9241-713951d86296,
Billed Duration for Request 334606ed-73c8-4b25-9241-713951d86296: 90 ms
Input: 1050000,
Cold Start: false
Unique ID: 0007a8f7-9d06-44bf-a86c-b89f6bfa2475,
Billed Duration for Request 0007a8f7-9d06-44bf-a86c-b89f6bfa2475: 117 ms
Input: 1050000,
Cold Start: false
Unique ID: 95b63947-deb7-44dc-915d-7989782d2c79,
Billed Duration for Request 95b63947-deb7-44dc-915d-7989782d2c79: 95 ms
Input: 1050000,
Cold Start: false
Unique ID: c03e64ec-1cf6-46a9-adf1-b870a9cf8704,
Billed Duration for Request c03e64ec-1cf6-46a9-adf1-b870a9cf8704: 93 ms
Input: 1050000,
Cold Start: false
Unique ID: 4a4b7295-780e-49f2-b860-c18ba1052c26,
Billed Duration for Request 4a4b7295-780e-49f2-b860-c18ba1052c26: 135 ms
Input: 1050000,
Cold Start: false
Unique ID: d347c814-ccea-4633-a069-bf2debf09239,
Billed Duration for Request d347c814-ccea-4633-a069-bf2debf09239: 114 ms
Input: 1050000,
Cold Start: false
Unique ID: 3d7231c9-fa3c-49f6-8e56-aa4a0ea686ad,
Billed Duration for Request 3d7231c9-fa3c-49f6-8e56-aa4a0ea686ad: 72 ms
Input: 1050000,
Cold Start: false
Unique ID: 53a66d0e-8f67-41a8-b409-dcfedabd4866,
Billed Duration for Request 53a66d0e-8f67-41a8-b409-dcfedabd4866: 135 ms
Input: 1050000,
Cold Start: false
Unique ID: e18d621a-0a3a-441c-9ba3-9a1bcc45471c,
Billed Duration for Request e18d621a-0a3a-441c-9ba3-9a1bcc45471c: 111 ms
Input: 1050000,
Cold Start: false
Unique ID: 97c3d579-9321-47e1-8a09-f7849d64789d,
Billed Duration for Request 97c3d579-9321-47e1-8a09-f7849d64789d: 94 ms
Input: 1050000,
Cold Start: false
Unique ID: 62cc4336-4863-430d-a3c9-73e60db7d651,
Billed Duration for Request 62cc4336-4863-430d-a3c9-73e60db7d651: 96 ms
Input: 1050000,
Cold Start: false
Unique ID: 4a7a3c91-e50b-41e8-8e2e-94d648edd84e,
Billed Duration for Request 4a7a3c91-e50b-41e8-8e2e-94d648edd84e: 113 ms
Input: 1050000,
Cold Start: false
Unique ID: f53649b6-3e4e-4ec8-b220-a16776d0af79,
Billed Duration for Request f53649b6-3e4e-4ec8-b220-a16776d0af79: 112 ms
Input: 1050000,
Cold Start: false
Unique ID: d703a315-f70d-4c1a-a5e9-6c0da23f2ad6,
Billed Duration for Request d703a315-f70d-4c1a-a5e9-6c0da23f2ad6: 95 ms
Input: 1050000,
Cold Start: false
Unique ID: 7bc40a89-10e9-4eb6-8cd6-1823ece3b959,
Billed Duration for Request 7bc40a89-10e9-4eb6-8cd6-1823ece3b959: 111 ms
Input: 1050000,
Cold Start: false
Unique ID: e918737e-5353-48a6-80b4-481944bc313d,
Billed Duration for Request e918737e-5353-48a6-80b4-481944bc313d: 113 ms
Input: 1050000,
Cold Start: false
Unique ID: 9380e886-3ac6-4694-9b4a-c09d61f10559,
Billed Duration for Request 9380e886-3ac6-4694-9b4a-c09d61f10559: 94 ms
Input: 1050000,
Cold Start: false
Unique ID: 4172bd65-5923-4a26-b1a6-7bd402a9a163,
Billed Duration for Request 4172bd65-5923-4a26-b1a6-7bd402a9a163: 117 ms
Input: 1050000,
Cold Start: false
Unique ID: 7634fc13-eb28-4f79-a105-dcbfb07fb771,
Billed Duration for Request 7634fc13-eb28-4f79-a105-dcbfb07fb771: 136 ms
Input: 1050000,
Cold Start: false
Unique ID: 138a35da-63ae-45f9-a5b1-e0da46ad4977,
Billed Duration for Request 138a35da-63ae-45f9-a5b1-e0da46ad4977: 90 ms
Input: 1050000,
Cold Start: false
Unique ID: d90f58fa-3faf-438e-bed6-2bbfff62b9b4,
Billed Duration for Request d90f58fa-3faf-438e-bed6-2bbfff62b9b4: 137 ms
Input: 1050000,
Cold Start: false
Unique ID: 24ca95a1-ea18-48e7-8719-8c3496144d67,
Billed Duration for Request 24ca95a1-ea18-48e7-8719-8c3496144d67: 113 ms
Input: 1050000,
Cold Start: false
Unique ID: 18a025de-220a-42d9-8359-64140a96d4ad,
Billed Duration for Request 18a025de-220a-42d9-8359-64140a96d4ad: 93 ms
Input: 1050000,
Cold Start: false
Unique ID: 0c4049f4-c5b4-4e76-b43b-639471941bea,
Billed Duration for Request 0c4049f4-c5b4-4e76-b43b-639471941bea: 131 ms
Input: 1050000,
Cold Start: false
Unique ID: ce435143-3026-4bba-8921-2e4373dcbca4,
Billed Duration for Request ce435143-3026-4bba-8921-2e4373dcbca4: 75 ms
Input: 1050000,
Cold Start: false
Unique ID: 4cb9df89-cbaf-470f-9060-5a0d03537d37,
Billed Duration for Request 4cb9df89-cbaf-470f-9060-5a0d03537d37: 134 ms
Input: 1050000,
Cold Start: false
Unique ID: 96902e40-2bd1-4b0d-9ce5-30c194ab4bf4,
Billed Duration for Request 96902e40-2bd1-4b0d-9ce5-30c194ab4bf4: 90 ms
Input: 1050000,
Cold Start: false
Unique ID: 71b47da9-fd4f-4df8-a587-492f8208e973,
Billed Duration for Request 71b47da9-fd4f-4df8-a587-492f8208e973: 111 ms
Input: 1050000,
Cold Start: false
Unique ID: 62fda40c-7d69-4b67-8d30-1767cb60d629,
Billed Duration for Request 62fda40c-7d69-4b67-8d30-1767cb60d629: 90 ms
Input: 1050000,
Cold Start: false
Unique ID: f00110cf-8541-4d10-bbb9-20d14fe6d34c,
Billed Duration for Request f00110cf-8541-4d10-bbb9-20d14fe6d34c: 127 ms
Input: 1050000,
Cold Start: false
Unique ID: 1e8c79e7-c356-49ff-bb11-1901ab54ad13,
Billed Duration for Request 1e8c79e7-c356-49ff-bb11-1901ab54ad13: 93 ms
Input: 1050000,
Cold Start: false
Unique ID: 2db93691-7b09-4ba1-88ab-ee0b05b5e198,
Billed Duration for Request 2db93691-7b09-4ba1-88ab-ee0b05b5e198: 97 ms
Input: 1050000,
Cold Start: false
Unique ID: 94f3b9c4-036d-49b5-9e6b-bf955873fb64,
Billed Duration for Request 94f3b9c4-036d-49b5-9e6b-bf955873fb64: 113 ms
Input: 1050000,
Cold Start: false
Unique ID: 0a84707f-0205-41a7-adce-30b5ef88fc80,
Billed Duration for Request 0a84707f-0205-41a7-adce-30b5ef88fc80: 114 ms
Input: 1050000,
Cold Start: false
Unique ID: 53a95024-8ef8-4eba-996a-6c5ea7d56eeb,
Billed Duration for Request 53a95024-8ef8-4eba-996a-6c5ea7d56eeb: 110 ms
Input: 1050000,
Cold Start: false
Unique ID: 92739c2f-b558-4015-b6e8-114484a14d7a,
Billed Duration for Request 92739c2f-b558-4015-b6e8-114484a14d7a: 66 ms
Input: 1050000,
Cold Start: false
Unique ID: 10ac4761-0caa-4db5-a14f-40db4ada5857,
Billed Duration for Request 10ac4761-0caa-4db5-a14f-40db4ada5857: 154 ms
Input: 1050000,
Cold Start: false
Unique ID: 891be817-a246-4ee0-89ca-56cc5b82ffb9,
Billed Duration for Request 891be817-a246-4ee0-89ca-56cc5b82ffb9: 114 ms
Input: 1050000,
Cold Start: false
Unique ID: 9fb62ca2-dbf1-445e-a2c3-f39542f147da,
Billed Duration for Request 9fb62ca2-dbf1-445e-a2c3-f39542f147da: 111 ms
Input: 1050000,
Cold Start: false
Unique ID: 6af2ec01-9096-42d9-b4ca-6a0b13644c43,
Billed Duration for Request 6af2ec01-9096-42d9-b4ca-6a0b13644c43: 113 ms
Input: 1050000,
Cold Start: false
Unique ID: ff6166f1-90da-48dd-ab80-2d9d763372db,
Billed Duration for Request ff6166f1-90da-48dd-ab80-2d9d763372db: 98 ms
Input: 1050000,
Cold Start: false
Unique ID: 4a202ebd-cf65-441a-8410-738c775ca68f,
Billed Duration for Request 4a202ebd-cf65-441a-8410-738c775ca68f: 137 ms
Input: 1050000,
Cold Start: false
Unique ID: 6ef7ceae-4813-4324-8a90-6d56fbd2c2c1,
Billed Duration for Request 6ef7ceae-4813-4324-8a90-6d56fbd2c2c1: 76 ms
Input: 1050000,
Cold Start: false
Unique ID: 5863af92-e14d-4ebc-85e5-a808bbc227e0,
Billed Duration for Request 5863af92-e14d-4ebc-85e5-a808bbc227e0: 135 ms
Input: 1050000,
Cold Start: false
Unique ID: cc149e0d-21ad-443b-aedc-4a1aac223380,
Billed Duration for Request cc149e0d-21ad-443b-aedc-4a1aac223380: 99 ms
Input: 1050000,
Cold Start: false
Unique ID: 4cf4bd4d-3f18-45ea-a86a-9f493eb8d588,
Billed Duration for Request 4cf4bd4d-3f18-45ea-a86a-9f493eb8d588: 94 ms
Input: 1050000,
Cold Start: false
Unique ID: 1dc72b71-c33f-4da8-8645-9d9ad8e3fe16,
Billed Duration for Request 1dc72b71-c33f-4da8-8645-9d9ad8e3fe16: 106 ms
Input: 1050000,
Cold Start: false
Unique ID: b101f899-8a06-4041-9d89-849bf977f8c4,
Billed Duration for Request b101f899-8a06-4041-9d89-849bf977f8c4: 76 ms
Input: 1050000,
Cold Start: false
Unique ID: 7269d802-4749-4dd7-8928-5d294bdef991,
Billed Duration for Request 7269d802-4749-4dd7-8928-5d294bdef991: 132 ms
Input: 1050000,
Cold Start: false
Unique ID: c097af4d-7915-4732-bb95-b01fe6b50d55,
Billed Duration for Request c097af4d-7915-4732-bb95-b01fe6b50d55: 112 ms
Input: 1050000,
Cold Start: false
Unique ID: 229e8771-f213-4daf-bcd2-91f231f6671a,
Billed Duration for Request 229e8771-f213-4daf-bcd2-91f231f6671a: 114 ms
Input: 1050000,
Cold Start: false
Unique ID: 6e3adb78-781d-43cc-b76a-cbd1c409a084,
Billed Duration for Request 6e3adb78-781d-43cc-b76a-cbd1c409a084: 115 ms
Input: 1050000,
Cold Start: false
Unique ID: 6c62b877-d131-4706-a1ff-1be7a11e06d8,
Billed Duration for Request 6c62b877-d131-4706-a1ff-1be7a11e06d8: 114 ms
Input: 1050000,
Cold Start: false
Unique ID: 3b2b99cc-0bd7-4182-8176-e83514d7a38f,
Billed Duration for Request 3b2b99cc-0bd7-4182-8176-e83514d7a38f: 95 ms
Input: 1050000,
Cold Start: false
Unique ID: 2b909c34-682e-4814-b9da-277767887c39,
Billed Duration for Request 2b909c34-682e-4814-b9da-277767887c39: 91 ms
Input: 1050000,
Cold Start: false
Unique ID: 0beb493d-2514-402a-866b-9a67ad2950c4,
Billed Duration for Request 0beb493d-2514-402a-866b-9a67ad2950c4: 112 ms
Input: 1050000,
Cold Start: false
Unique ID: 45f58995-3a20-4ab6-9323-7e67c0a0b7bf,
Billed Duration for Request 45f58995-3a20-4ab6-9323-7e67c0a0b7bf: 75 ms
Input: 1050000,
Cold Start: false
Unique ID: ea9ecb56-1b98-430f-9bb6-916e9b068b47,
Billed Duration for Request ea9ecb56-1b98-430f-9bb6-916e9b068b47: 138 ms
Input: 1050000,
Cold Start: false
Unique ID: f5105dcc-cc6c-41c7-a182-6161b362b53c,
Billed Duration for Request f5105dcc-cc6c-41c7-a182-6161b362b53c: 92 ms
Input: 1050000,
Cold Start: false
Unique ID: 062e8056-9ec5-462c-b98c-1f01e350963c,
Billed Duration for Request 062e8056-9ec5-462c-b98c-1f01e350963c: 84 ms
Input: 1050000,
Cold Start: false
Unique ID: 591f7154-f946-44b9-8601-b9f3e162f671,
Billed Duration for Request 591f7154-f946-44b9-8601-b9f3e162f671: 145 ms
Input: 1050000,
Cold Start: false
Unique ID: 7f934d5f-ad9f-4256-af5b-c198956ab1a5,
Billed Duration for Request 7f934d5f-ad9f-4256-af5b-c198956ab1a5: 92 ms
Input: 1050000,
Cold Start: false
Unique ID: 7c62da36-943f-49ad-b0aa-7d728b81b67c,
Billed Duration for Request 7c62da36-943f-49ad-b0aa-7d728b81b67c: 115 ms
Input: 1050000,
Cold Start: false
Unique ID: b01b2719-ead8-45bb-9908-39682383557b,
Billed Duration for Request b01b2719-ead8-45bb-9908-39682383557b: 71 ms
Input: 1050000,
Cold Start: false
Unique ID: de6ea271-131b-442b-bdd3-061941558809,
Billed Duration for Request de6ea271-131b-442b-bdd3-061941558809: 135 ms
Input: 1050000,
Cold Start: false
Unique ID: 823f0a3c-3d10-47b6-8a23-7a87dd3d4ba6,
Billed Duration for Request 823f0a3c-3d10-47b6-8a23-7a87dd3d4ba6: 116 ms
Input: 1050000,
Cold Start: false
Unique ID: 91a96d43-5599-4839-a1da-e1187cec70f3,
Billed Duration for Request 91a96d43-5599-4839-a1da-e1187cec70f3: 94 ms
Input: 1050000,
Cold Start: false
Unique ID: d59a4159-864f-499a-9f15-126955d89901,
Billed Duration for Request d59a4159-864f-499a-9f15-126955d89901: 132 ms
Input: 1050000,
Cold Start: false
Unique ID: 5f67fc41-1e85-4aff-ba69-5f09053629a0,
Billed Duration for Request 5f67fc41-1e85-4aff-ba69-5f09053629a0: 94 ms
Input: 1050000,
Cold Start: false
Unique ID: 7bcda44c-7e7e-4d37-9f17-6bf5f0323dfe,
Billed Duration for Request 7bcda44c-7e7e-4d37-9f17-6bf5f0323dfe: 116 ms
Input: 1050000,
Cold Start: false
Unique ID: 9441b0b4-868f-4c1c-a741-db12e59624b4,
Billed Duration for Request 9441b0b4-868f-4c1c-a741-db12e59624b4: 92 ms
Input: 1050000,
Cold Start: false
Unique ID: d060637c-772a-48c3-9540-6ba73c5a5a9b,
Billed Duration for Request d060637c-772a-48c3-9540-6ba73c5a5a9b: 115 ms
Input: 1050000,
Cold Start: false
Unique ID: a3995781-b993-431c-9014-3612ccd9dba8,
Billed Duration for Request a3995781-b993-431c-9014-3612ccd9dba8: 135 ms
Input: 1050000,
Cold Start: false
Unique ID: fc164aba-fa58-4fe2-9530-1162c1b2a022,
Billed Duration for Request fc164aba-fa58-4fe2-9530-1162c1b2a022: 76 ms
Input: 1050000,
Cold Start: false
Unique ID: 0ec877a5-2c8b-404c-ad56-da294d2b0188,
Billed Duration for Request 0ec877a5-2c8b-404c-ad56-da294d2b0188: 131 ms
Input: 1050000,
Cold Start: false
Unique ID: 3b18399c-6431-4670-8522-872bf307700b,
Billed Duration for Request 3b18399c-6431-4670-8522-872bf307700b: 92 ms
Input: 1050000,
Cold Start: false
Unique ID: daa0761e-b28d-45a8-95e6-a983ffe4c4e5,
Billed Duration for Request daa0761e-b28d-45a8-95e6-a983ffe4c4e5: 94 ms
Input: 1050000,
Cold Start: false
Unique ID: 73d7e3bc-92cc-43bc-b341-4e71fcbb5e73,
Billed Duration for Request 73d7e3bc-92cc-43bc-b341-4e71fcbb5e73: 135 ms
Input: 1050000,
Cold Start: false
Unique ID: 2dbea8c1-143c-410d-80d7-7385d5fca0ad,
Billed Duration for Request 2dbea8c1-143c-410d-80d7-7385d5fca0ad: 88 ms
Input: 1050000,
Cold Start: false
Unique ID: dda9b8d0-2c38-4f72-9037-cb1968bb9be0,
Billed Duration for Request dda9b8d0-2c38-4f72-9037-cb1968bb9be0: 132 ms
Input: 1050000,
Cold Start: false
Unique ID: 5569fca0-7b3a-4def-9101-f05083098326,
Billed Duration for Request 5569fca0-7b3a-4def-9101-f05083098326: 71 ms
Input: 1050000,
Cold Start: false
Unique ID: bc7be63b-d386-4f69-8b25-4640d08c36f6,
Billed Duration for Request bc7be63b-d386-4f69-8b25-4640d08c36f6: 134 ms
Input: 1050000,
Cold Start: false
Unique ID: b7bc29f8-fa3f-4c90-830e-7e078a647d6d,
Billed Duration for Request b7bc29f8-fa3f-4c90-830e-7e078a647d6d: 85 ms
Input: 1050000,
Cold Start: false
Unique ID: f681b550-5470-451b-adf0-4fe4c9c64966,
Billed Duration for Request f681b550-5470-451b-adf0-4fe4c9c64966: 143 ms
Input: 1050000,
Cold Start: false
Unique ID: 77695ab2-b69a-4d66-810e-16038f6db454,
Billed Duration for Request 77695ab2-b69a-4d66-810e-16038f6db454: 95 ms
Input: 1050000,
Cold Start: false
Unique ID: 68dc2662-a0d2-4447-a4ed-2798ae7f91f4,
Billed Duration for Request 68dc2662-a0d2-4447-a4ed-2798ae7f91f4: 117 ms
Input: 1050000,
Cold Start: false
Unique ID: 2a4a5206-50a4-43d9-bf47-b5a3de3299f0,
Billed Duration for Request 2a4a5206-50a4-43d9-bf47-b5a3de3299f0: 91 ms
Input: 1050000,
Cold Start: false
Unique ID: c203c123-92be-4a7e-b12e-53d69aa515a0,
Billed Duration for Request c203c123-92be-4a7e-b12e-53d69aa515a0: 135 ms
Input: 1050000,
Cold Start: false
Unique ID: 1bc63fcc-53d1-4fb0-8e41-d417b4fb2436,
Billed Duration for Request 1bc63fcc-53d1-4fb0-8e41-d417b4fb2436: 81 ms
Input: 1050000,
Cold Start: false
Unique ID: da449f61-9a72-413e-8216-169354c19535,
Billed Duration for Request da449f61-9a72-413e-8216-169354c19535: 134 ms
Input: 1050000,
Cold Start: false
Unique ID: 9ba7f5ce-8e0b-4e73-832c-2b3381e47b22,
Billed Duration for Request 9ba7f5ce-8e0b-4e73-832c-2b3381e47b22: 76 ms
Input: 1050000,
Cold Start: false
Unique ID: a45e5577-0140-4abb-b190-48c8d8f9b8d7,
Billed Duration for Request a45e5577-0140-4abb-b190-48c8d8f9b8d7: 134 ms
Input: 1050000,
Cold Start: false
Unique ID: c1cc356a-a477-47e1-8779-3bbce6dcd959,
Billed Duration for Request c1cc356a-a477-47e1-8779-3bbce6dcd959: 94 ms
Input: 1050000,
Cold Start: false
Unique ID: ab86b53b-a46c-4e4c-a6bc-8fbda5c72011,
Billed Duration for Request ab86b53b-a46c-4e4c-a6bc-8fbda5c72011: 131 ms
Input: 1050000,
Cold Start: false
Unique ID: 0a81ff54-c598-48c8-90c2-58bb9c08ae9c,
Billed Duration for Request 0a81ff54-c598-48c8-90c2-58bb9c08ae9c: 112 ms
Input: 1050000,
Cold Start: false
Unique ID: e3e7ff2a-19e8-422e-9a34-e89dde3cc2c9,
Billed Duration for Request e3e7ff2a-19e8-422e-9a34-e89dde3cc2c9: 114 ms
Input: 1050000,
Cold Start: false
Unique ID: 12645131-04e0-4d27-9b75-46c5b7796de7,
Billed Duration for Request 12645131-04e0-4d27-9b75-46c5b7796de7: 97 ms
Input: 1050000,
Cold Start: false
Unique ID: 32f1c3b7-ad5b-4067-84ac-4f59c50afa8c,
Billed Duration for Request 32f1c3b7-ad5b-4067-84ac-4f59c50afa8c: 116 ms
Input: 1050000,
Cold Start: false
Unique ID: 25bfbc70-da0c-42d9-84ae-04922ad4788c,
Billed Duration for Request 25bfbc70-da0c-42d9-84ae-04922ad4788c: 130 ms
Input: 1050000,
Cold Start: false
Unique ID: c796fec7-a182-4375-840a-3a6ccd439505,
Billed Duration for Request c796fec7-a182-4375-840a-3a6ccd439505: 76 ms
Input: 1050000,
Cold Start: false
Unique ID: 327c9138-38c9-4337-9247-870ec94fecc4,
Billed Duration for Request 327c9138-38c9-4337-9247-870ec94fecc4: 134 ms
Input: 1050000,
Cold Start: false
Unique ID: b0abdd47-0e45-4ef8-ad3c-9d2cef9fb833,
Billed Duration for Request b0abdd47-0e45-4ef8-ad3c-9d2cef9fb833: 95 ms
Input: 1050000,
Cold Start: false
Unique ID: 58ea6c1d-9a11-4548-9eb3-e7695b9718cb,
Billed Duration for Request 58ea6c1d-9a11-4548-9eb3-e7695b9718cb: 98 ms
Input: 1050000,
Cold Start: false
Unique ID: 2c93b555-b999-45d4-820f-89e82190e3d6,
Billed Duration for Request 2c93b555-b999-45d4-820f-89e82190e3d6: 118 ms
Input: 1050000,
Cold Start: false
Unique ID: 539c6320-c7b0-4ae8-a880-f4acfdab70d2,
Billed Duration for Request 539c6320-c7b0-4ae8-a880-f4acfdab70d2: 110 ms
Input: 1050000,
Cold Start: false
Unique ID: 95c3efe4-0978-4335-a1c2-b19d4b4f5bae,
Billed Duration for Request 95c3efe4-0978-4335-a1c2-b19d4b4f5bae: 91 ms
Input: 1050000,
Cold Start: false
Unique ID: 6c04aeaa-69ef-42e0-920c-5f8d4019c87b,
Billed Duration for Request 6c04aeaa-69ef-42e0-920c-5f8d4019c87b: 92 ms
Input: 1050000,
Cold Start: false
Unique ID: 0e0156a2-a68d-4a64-bd96-62fad22ced8f,
Billed Duration for Request 0e0156a2-a68d-4a64-bd96-62fad22ced8f: 132 ms
Input: 1050000,
Cold Start: false
Unique ID: dda27d3d-7739-4ee3-8db9-cf42aea0860c,
Billed Duration for Request dda27d3d-7739-4ee3-8db9-cf42aea0860c: 107 ms
Input: 1050000,
Cold Start: false
Unique ID: 009b4507-dd4e-4926-aa19-fc26190a381a,
Billed Duration for Request 009b4507-dd4e-4926-aa19-fc26190a381a: 83 ms
Input: 1050000,
Cold Start: false
Unique ID: eb604a8b-7bc8-4b38-b3d2-8205edc2e37a,
Billed Duration for Request eb604a8b-7bc8-4b38-b3d2-8205edc2e37a: 130 ms
Input: 1050000,
Cold Start: false
Unique ID: 89e41202-7380-4fce-a09e-94dfa0f8f3ee,
Billed Duration for Request 89e41202-7380-4fce-a09e-94dfa0f8f3ee: 93 ms
Input: 1050000,
Cold Start: false
Unique ID: 7d708b82-48db-4485-8349-e931f94f47ad,
Billed Duration for Request 7d708b82-48db-4485-8349-e931f94f47ad: 76 ms
Input: 1050000,
Cold Start: false
Unique ID: f5f8a307-ae2b-4ea8-9bfd-ce66ed648c7b,
Billed Duration for Request f5f8a307-ae2b-4ea8-9bfd-ce66ed648c7b: 129 ms
Input: 1050000,
Cold Start: false
Unique ID: afda1f2b-6ea3-462d-adfe-c93f72d56f32,
Billed Duration for Request afda1f2b-6ea3-462d-adfe-c93f72d56f32: 89 ms
Input: 1050000,
Cold Start: false
Unique ID: 45d88299-4c5c-48b5-8d83-3031698c243b,
Billed Duration for Request 45d88299-4c5c-48b5-8d83-3031698c243b: 131 ms
Input: 1050000,
Cold Start: false
Unique ID: b4508af1-c282-4c25-84d2-b9660577cbbd,
Billed Duration for Request b4508af1-c282-4c25-84d2-b9660577cbbd: 88 ms
Input: 1050000,
Cold Start: false
Unique ID: 81b2efb9-3219-4b43-82f2-b992bf5ec7ac,
Billed Duration for Request 81b2efb9-3219-4b43-82f2-b992bf5ec7ac: 133 ms
Input: 1050000,
Cold Start: false
Unique ID: c8412ea6-67bf-4805-8875-32c8e104e118,
Billed Duration for Request c8412ea6-67bf-4805-8875-32c8e104e118: 109 ms
Input: 1050000,
Cold Start: false
Unique ID: 5398216a-02b7-47fe-bc1b-7f184e3f1eb8,
Billed Duration for Request 5398216a-02b7-47fe-bc1b-7f184e3f1eb8: 85 ms
Input: 1050000,
Cold Start: false
Unique ID: f2da0b3e-6718-419c-9557-86ee8bf5558f,
Billed Duration for Request f2da0b3e-6718-419c-9557-86ee8bf5558f: 145 ms
Input: 1050000,
Cold Start: false
Unique ID: 392bb76a-ecca-4c0d-bcd5-36086480c55e,
Billed Duration for Request 392bb76a-ecca-4c0d-bcd5-36086480c55e: 88 ms
Input: 1050000,
Cold Start: false
Unique ID: 7e62ecdf-06fe-4bf5-ad74-8d175252a692,
Billed Duration for Request 7e62ecdf-06fe-4bf5-ad74-8d175252a692: 131 ms
Input: 1050000,
Cold Start: false
Unique ID: 8947e134-1a3a-46c4-9d8a-6d2d9ece3d9a,
Billed Duration for Request 8947e134-1a3a-46c4-9d8a-6d2d9ece3d9a: 96 ms
Input: 1050000,
Cold Start: false
Unique ID: 347afd39-8e8a-4ac6-ba96-230dcc01d732,
Billed Duration for Request 347afd39-8e8a-4ac6-ba96-230dcc01d732: 114 ms
Input: 1050000,
Cold Start: false
Unique ID: 62dd46b2-599f-4103-a1ca-756571bac44a,
Billed Duration for Request 62dd46b2-599f-4103-a1ca-756571bac44a: 111 ms
Input: 1050000,
Cold Start: false
Unique ID: 9a779399-58a2-4dad-bafd-db08a1839162,
Billed Duration for Request 9a779399-58a2-4dad-bafd-db08a1839162: 91 ms
Input: 1050000,
Cold Start: false
Unique ID: 42543857-2f70-454c-8361-a38a36f7fb78,
Billed Duration for Request 42543857-2f70-454c-8361-a38a36f7fb78: 75 ms
Input: 1050000,
Cold Start: false
Unique ID: 10df04ee-81b1-458b-b4d6-a97e7f60770c,
Billed Duration for Request 10df04ee-81b1-458b-b4d6-a97e7f60770c: 131 ms
Input: 1050000,
Cold Start: false
Unique ID: 0fc78d49-ac06-4858-bdf5-7fcfcdce3e9f,
Billed Duration for Request 0fc78d49-ac06-4858-bdf5-7fcfcdce3e9f: 97 ms
Input: 1050000,
Cold Start: false
Unique ID: c99dcf02-b544-4780-aed5-7c837573195a,
Billed Duration for Request c99dcf02-b544-4780-aed5-7c837573195a: 111 ms
Input: 1050000,
Cold Start: false
Unique ID: 6fd82dc4-c4e7-4490-af74-ecf107d61950,
Billed Duration for Request 6fd82dc4-c4e7-4490-af74-ecf107d61950: 92 ms
Input: 1050000,
Cold Start: false
Unique ID: 7168f246-3c28-4e13-99f0-d07914cbd9af,
Billed Duration for Request 7168f246-3c28-4e13-99f0-d07914cbd9af: 94 ms
Input: 1050000,
Cold Start: false
Unique ID: 4f853065-55d9-4af7-8b43-96bc715fd4c1,
Billed Duration for Request 4f853065-55d9-4af7-8b43-96bc715fd4c1: 112 ms
Input: 1050000,
Cold Start: false
Unique ID: e6e2c70f-d022-489a-b686-3c717c2879ce,
Billed Duration for Request e6e2c70f-d022-489a-b686-3c717c2879ce: 114 ms
Input: 1050000,
Cold Start: false
Unique ID: a5e2ed75-a59a-409d-b92e-b0c87111ca6a,
Billed Duration for Request a5e2ed75-a59a-409d-b92e-b0c87111ca6a: 77 ms
Input: 1050000,
Cold Start: false
Unique ID: 1eb91ff7-a99a-461d-846b-94f6b95d5a39,
Billed Duration for Request 1eb91ff7-a99a-461d-846b-94f6b95d5a39: 91 ms
Input: 1050000,
Cold Start: false
Unique ID: 0f2aa036-5bcf-40c6-994e-2edc83d4778a,
Billed Duration for Request 0f2aa036-5bcf-40c6-994e-2edc83d4778a: 133 ms
Input: 1050000,
Cold Start: false
Unique ID: bfeb47d9-26ce-48c9-afe2-7a10bc38e5d6,
Billed Duration for Request bfeb47d9-26ce-48c9-afe2-7a10bc38e5d6: 97 ms
Input: 1050000,
Cold Start: false
Unique ID: c47f36cb-2fa2-4262-8cea-3fd5304e8494,
Billed Duration for Request c47f36cb-2fa2-4262-8cea-3fd5304e8494: 97 ms
Input: 1050000,
Cold Start: false
Unique ID: e13a2722-36ce-43ac-8572-8fa00eb08099,
Billed Duration for Request e13a2722-36ce-43ac-8572-8fa00eb08099: 95 ms
Input: 1050000,
Cold Start: false
Unique ID: 66cff5ad-e079-4c12-a3ad-6fb2327db86c,
Billed Duration for Request 66cff5ad-e079-4c12-a3ad-6fb2327db86c: 132 ms
Input: 1050000,
Cold Start: false
Unique ID: 8c506666-432c-40d0-a63e-d527d66e7f1a,
Billed Duration for Request 8c506666-432c-40d0-a63e-d527d66e7f1a: 72 ms
Input: 1050000,
Cold Start: false
Unique ID: 4b5727e8-8044-4a4c-821c-0cb4b807cfec,
Billed Duration for Request 4b5727e8-8044-4a4c-821c-0cb4b807cfec: 125 ms
Input: 1050000,
Cold Start: false
Unique ID: 1fb7bc51-f23e-4976-83ef-59a33c74eb17,
Billed Duration for Request 1fb7bc51-f23e-4976-83ef-59a33c74eb17: 98 ms
Input: 1050000,
Cold Start: false
Unique ID: d04e942b-05ae-4075-a4a7-24d8eb7d8f5e,
Billed Duration for Request d04e942b-05ae-4075-a4a7-24d8eb7d8f5e: 105 ms
Input: 1050000,
Cold Start: false
Unique ID: 19c1cc25-aa1d-42df-8d89-9f35f6f1908d,
Billed Duration for Request 19c1cc25-aa1d-42df-8d89-9f35f6f1908d: 113 ms
Input: 1050000,
Cold Start: false
Unique ID: e3bfaceb-2dfd-44d0-8d16-b105cd8cf0f9,
Billed Duration for Request e3bfaceb-2dfd-44d0-8d16-b105cd8cf0f9: 75 ms
Input: 1050000,
Cold Start: false
Unique ID: d9811f3f-49fd-476d-8b82-7315d316e4c3,
Billed Duration for Request d9811f3f-49fd-476d-8b82-7315d316e4c3: 128 ms
Input: 1050000,
Cold Start: false
Unique ID: bb7a15b9-a85a-4041-ae95-a736f7d2ff62,
Billed Duration for Request bb7a15b9-a85a-4041-ae95-a736f7d2ff62: 105 ms
Input: 1050000,
Cold Start: false
Unique ID: de488706-f583-4990-aea1-67c2e6763607,
Billed Duration for Request de488706-f583-4990-aea1-67c2e6763607: 75 ms
Input: 1050000,
Cold Start: false
Unique ID: f917d0b4-1287-4391-995e-07fd5688413f,
Billed Duration for Request f917d0b4-1287-4391-995e-07fd5688413f: 139 ms
Input: 1050000,
Cold Start: false
Unique ID: f72441b0-5ff5-45bd-b0f4-3bf3d4fb5851,
Billed Duration for Request f72441b0-5ff5-45bd-b0f4-3bf3d4fb5851: 70 ms
Input: 1050000,
Cold Start: false
Unique ID: b29d4265-9a39-4444-a198-4f8a48b49554,
Billed Duration for Request b29d4265-9a39-4444-a198-4f8a48b49554: 135 ms
Input: 1050000,
Cold Start: false
Unique ID: ece0349c-1f50-4992-a892-3dfa18ac625e,
Billed Duration for Request ece0349c-1f50-4992-a892-3dfa18ac625e: 113 ms
Input: 1050000,
Cold Start: false
Unique ID: 1c944a1a-71f0-4926-9d07-dd4198b9b914,
Billed Duration for Request 1c944a1a-71f0-4926-9d07-dd4198b9b914: 71 ms
Input: 1050000,
Cold Start: false
Unique ID: 00e205e2-30fd-4a31-8aa3-24f3ed59f201,
Billed Duration for Request 00e205e2-30fd-4a31-8aa3-24f3ed59f201: 128 ms
Input: 1050000,
Cold Start: false
Unique ID: 02d255da-3390-4a7c-823b-01f29a84101c,
Billed Duration for Request 02d255da-3390-4a7c-823b-01f29a84101c: 112 ms
Input: 1050000,
Cold Start: false
Unique ID: 2b521b2b-2754-40ef-9c84-8cdebd57fcf7,
Billed Duration for Request 2b521b2b-2754-40ef-9c84-8cdebd57fcf7: 76 ms
Input: 1050000,
Cold Start: false
Unique ID: 7dd46ba6-c765-4b44-a5c6-30bf7b5eed67,
Billed Duration for Request 7dd46ba6-c765-4b44-a5c6-30bf7b5eed67: 142 ms
Input: 1050000,
Cold Start: false
Unique ID: 94c76483-f64f-47c3-9825-94bf05d68510,
Billed Duration for Request 94c76483-f64f-47c3-9825-94bf05d68510: 93 ms
Input: 1050000,
Cold Start: false
Unique ID: ff74a5b7-bcd5-4e8b-8460-667925b8eea2,
Billed Duration for Request ff74a5b7-bcd5-4e8b-8460-667925b8eea2: 91 ms
Input: 1050000,
Cold Start: false
Unique ID: ef36a4aa-f32b-47e7-9f54-b74df611b0d3,
Billed Duration for Request ef36a4aa-f32b-47e7-9f54-b74df611b0d3: 98 ms
Input: 1050000,
Cold Start: false
Unique ID: 78c1cd89-5bd5-49b2-afb0-215e7ff780e9,
Billed Duration for Request 78c1cd89-5bd5-49b2-afb0-215e7ff780e9: 114 ms
Input: 1050000,
Cold Start: false
Unique ID: b3bfe338-935d-4ea8-b72f-7dab8940bcf6,
Billed Duration for Request b3bfe338-935d-4ea8-b72f-7dab8940bcf6: 96 ms
Input: 1050000,
Cold Start: false
Unique ID: b5d91ce4-8f33-42fd-9ac0-4686c74290bf,
Billed Duration for Request b5d91ce4-8f33-42fd-9ac0-4686c74290bf: 113 ms
Input: 1050000,
Cold Start: false
Unique ID: aef35876-3a11-4281-a5ea-ece28af147f9,
Billed Duration for Request aef35876-3a11-4281-a5ea-ece28af147f9: 95 ms
Input: 1050000,
Cold Start: false
Unique ID: a512ff34-8d9e-42b9-9bb7-c2cf6fd61889,
Billed Duration for Request a512ff34-8d9e-42b9-9bb7-c2cf6fd61889: 106 ms
Input: 1050000,
Cold Start: false
Unique ID: cf3f8e4c-8c32-4033-bf6f-6acc29e08a30,
Billed Duration for Request cf3f8e4c-8c32-4033-bf6f-6acc29e08a30: 95 ms
Input: 1050000,
Cold Start: false
Unique ID: 53e8ae05-c281-4667-b1c4-cddf225a3eb3,
Billed Duration for Request 53e8ae05-c281-4667-b1c4-cddf225a3eb3: 109 ms
Input: 1050000,
Cold Start: false
Unique ID: 6882efe8-f707-4c7e-a334-4beb0cbbb05f,
Billed Duration for Request 6882efe8-f707-4c7e-a334-4beb0cbbb05f: 93 ms
Input: 1050000,
Cold Start: false
Unique ID: 53e81cae-b016-4dd7-8c98-4c4c3cdf6582,
Billed Duration for Request 53e81cae-b016-4dd7-8c98-4c4c3cdf6582: 91 ms
Input: 1050000,
Cold Start: false
Unique ID: 6fa22d1d-a2c3-4805-aff9-a0d060388b3e,
Billed Duration for Request 6fa22d1d-a2c3-4805-aff9-a0d060388b3e: 93 ms
Input: 1050000,
Cold Start: false
Unique ID: af44931d-aac5-4034-afe3-14096d493c68,
Billed Duration for Request af44931d-aac5-4034-afe3-14096d493c68: 135 ms
Input: 1050000,
Cold Start: false
Unique ID: 9b0dfb4f-bb4a-4514-bdfe-ecc66be6c0ce,
Billed Duration for Request 9b0dfb4f-bb4a-4514-bdfe-ecc66be6c0ce: 88 ms
Input: 1050000,
Cold Start: false
Unique ID: d5fc4398-702a-4615-8baa-5b44664b4a86,
Billed Duration for Request d5fc4398-702a-4615-8baa-5b44664b4a86: 136 ms
Input: 1050000,
Cold Start: false
Unique ID: 86fc743a-8f73-496f-993d-77907fc84077,
Billed Duration for Request 86fc743a-8f73-496f-993d-77907fc84077: 113 ms
Input: 1050000,
Cold Start: false
Unique ID: 8d40b1f0-f4af-4c3d-b602-0b3fba85b32f,
Billed Duration for Request 8d40b1f0-f4af-4c3d-b602-0b3fba85b32f: 92 ms
Input: 1050000,
Cold Start: false
Unique ID: 386ba6c6-10ce-4ca9-b4f2-7cce3a9647af,
Billed Duration for Request 386ba6c6-10ce-4ca9-b4f2-7cce3a9647af: 91 ms
Input: 1050000,
Cold Start: false
Unique ID: 657a6079-b3a2-4504-ad7d-9cedb37bf628,
Billed Duration for Request 657a6079-b3a2-4504-ad7d-9cedb37bf628: 93 ms
Input: 1050000,
Cold Start: false
Unique ID: bb2d4ece-1e95-4b2a-a744-62dbece6c477,
Billed Duration for Request bb2d4ece-1e95-4b2a-a744-62dbece6c477: 136 ms
Input: 1050000,
Cold Start: false
Unique ID: 91499f9b-8231-45bd-bc5c-e506734bbc58,
Billed Duration for Request 91499f9b-8231-45bd-bc5c-e506734bbc58: 93 ms
Input: 1050000,
Cold Start: false
Unique ID: 4167ff8e-2f72-44c3-be9b-8baf3111f461,
Billed Duration for Request 4167ff8e-2f72-44c3-be9b-8baf3111f461: 114 ms
Input: 1050000,
Cold Start: false
Unique ID: a86504a5-c84e-485b-acb5-17ab2012350d,
Billed Duration for Request a86504a5-c84e-485b-acb5-17ab2012350d: 115 ms
Input: 1050000,
Cold Start: false
Unique ID: d914bb2b-ff6c-4a09-b8ad-3b3c51b738c0,
Billed Duration for Request d914bb2b-ff6c-4a09-b8ad-3b3c51b738c0: 73 ms
Input: 1050000,
Cold Start: false
Unique ID: 22994771-055d-476f-ab12-1aafa42b4961,
Billed Duration for Request 22994771-055d-476f-ab12-1aafa42b4961: 146 ms
Input: 1050000,
Cold Start: false
Unique ID: 1addb147-f724-4f26-8925-e92a209b572b,
Billed Duration for Request 1addb147-f724-4f26-8925-e92a209b572b: 73 ms
Input: 1050000,
Cold Start: false
Unique ID: 60e4c1b5-66cc-43dd-9580-2485904dd927,
Billed Duration for Request 60e4c1b5-66cc-43dd-9580-2485904dd927: 126 ms
Input: 1050000,
Cold Start: false
Unique ID: afdc7175-a204-43ea-8eeb-f2e8c5fbe7b1,
Billed Duration for Request afdc7175-a204-43ea-8eeb-f2e8c5fbe7b1: 133 ms
Input: 1050000,
Cold Start: false
Unique ID: a245be4a-dae3-4d50-814a-d26dc8645912,
Billed Duration for Request a245be4a-dae3-4d50-814a-d26dc8645912: 105 ms
Input: 1050000,
Cold Start: false
Unique ID: d0360c1a-bae7-4938-8a92-5b610d5a2b20,
Billed Duration for Request d0360c1a-bae7-4938-8a92-5b610d5a2b20: 116 ms
Input: 1050000,
Cold Start: false
Unique ID: afc94648-2bda-4769-b4a4-a56ebcd58fe8,
Billed Duration for Request afc94648-2bda-4769-b4a4-a56ebcd58fe8: 93 ms
Input: 1050000,
Cold Start: false
Unique ID: 317db85c-ea02-4b2a-a6c0-2e9f4abd5ed5,
Billed Duration for Request 317db85c-ea02-4b2a-a6c0-2e9f4abd5ed5: 123 ms
Input: 1050000,
Cold Start: false
Unique ID: 933a1dcb-7f48-4cbe-b1fc-3c9f6e2752ab,
Billed Duration for Request 933a1dcb-7f48-4cbe-b1fc-3c9f6e2752ab: 92 ms
Input: 1050000,
Cold Start: false
Unique ID: 846e07e5-e167-4ce4-a75b-44666767ed35,
Billed Duration for Request 846e07e5-e167-4ce4-a75b-44666767ed35: 94 ms
Input: 1050000,
Cold Start: false
Unique ID: f5db7092-1d79-444d-87a0-8eb9f312e472,
Billed Duration for Request f5db7092-1d79-444d-87a0-8eb9f312e472: 92 ms
Input: 1050000,
Cold Start: false
Unique ID: 288abc61-bb11-4662-9dea-ff358c456c72,
Billed Duration for Request 288abc61-bb11-4662-9dea-ff358c456c72: 115 ms
Input: 1050000,
Cold Start: false
Unique ID: fef21548-d3fe-44c1-b5ae-2ed95b194b4f,
Billed Duration for Request fef21548-d3fe-44c1-b5ae-2ed95b194b4f: 113 ms
Input: 1050000,
Cold Start: false
Unique ID: 1f88e4c8-4422-4723-be20-c8e7da42092d,
Billed Duration for Request 1f88e4c8-4422-4723-be20-c8e7da42092d: 108 ms
Input: 1050000,
Cold Start: false
Unique ID: cc9eddf6-4da9-4857-a3b5-26ba72f04718,
Billed Duration for Request cc9eddf6-4da9-4857-a3b5-26ba72f04718: 94 ms
Input: 1050000,
Cold Start: false
Unique ID: 184f4e22-d838-41cf-994b-91fd11aea937,
Billed Duration for Request 184f4e22-d838-41cf-994b-91fd11aea937: 93 ms
Input: 1050000,
Cold Start: false
Unique ID: 677d045f-adae-4a74-8f93-06b5922f0187,
Billed Duration for Request 677d045f-adae-4a74-8f93-06b5922f0187: 75 ms
Input: 1050000,
Cold Start: false
Unique ID: 8c40e0c7-fa23-493c-bff9-1ffedd35416b,
Billed Duration for Request 8c40e0c7-fa23-493c-bff9-1ffedd35416b: 134 ms
Input: 1050000,
Cold Start: false
Unique ID: ce3e6a7d-05c1-4313-bfa0-8cf91a8b7c12,
Billed Duration for Request ce3e6a7d-05c1-4313-bfa0-8cf91a8b7c12: 113 ms
Input: 1050000,
Cold Start: false
Unique ID: 1c2456d0-4e8a-402f-9eaf-9bcbb5471496,
Billed Duration for Request 1c2456d0-4e8a-402f-9eaf-9bcbb5471496: 116 ms
Input: 1050000,
Cold Start: false
Unique ID: ae76797a-bd73-48d6-b7b6-4adeb7bd00fe,
Billed Duration for Request ae76797a-bd73-48d6-b7b6-4adeb7bd00fe: 84 ms
Input: 1050000,
Cold Start: false
Unique ID: 410ab69c-868d-4974-9eec-3b3b86a52034,
Billed Duration for Request 410ab69c-868d-4974-9eec-3b3b86a52034: 136 ms
Input: 1050000,
Cold Start: false
Unique ID: 5cfe5ef9-2e2b-4df0-b7f6-64b95d4b01c0,
Billed Duration for Request 5cfe5ef9-2e2b-4df0-b7f6-64b95d4b01c0: 71 ms
Input: 1050000,
Cold Start: false
Unique ID: aef446ea-d9f4-4c11-ac7d-e5443b46dbd2,
Billed Duration for Request aef446ea-d9f4-4c11-ac7d-e5443b46dbd2: 134 ms
Input: 1050000,
Cold Start: false
Unique ID: ab710968-78ce-4679-b7d4-0ba7651f056e,
Billed Duration for Request ab710968-78ce-4679-b7d4-0ba7651f056e: 88 ms
Input: 1050000,
Cold Start: false
Unique ID: 83c1ff1a-b70e-4709-84df-558d5e163aa3,
Billed Duration for Request 83c1ff1a-b70e-4709-84df-558d5e163aa3: 135 ms
Input: 1050000,
Cold Start: false
Unique ID: 876ceb0c-fa92-43a0-97cf-9e8d8fcf2216,
Billed Duration for Request 876ceb0c-fa92-43a0-97cf-9e8d8fcf2216: 91 ms
Input: 1050000,
Cold Start: false
Unique ID: b8593bf0-4168-415f-9d1a-1c8608872983,
Billed Duration for Request b8593bf0-4168-415f-9d1a-1c8608872983: 128 ms
Input: 1050000,
Cold Start: false
Unique ID: fb6159a6-213c-4681-94b3-9711c08aa1cf,
Billed Duration for Request fb6159a6-213c-4681-94b3-9711c08aa1cf: 110 ms
Input: 1050000,
Cold Start: false
Unique ID: 153c9419-0384-469a-b1f6-7342cc689038,
Billed Duration for Request 153c9419-0384-469a-b1f6-7342cc689038: 113 ms
Input: 1050000,
Cold Start: false
Unique ID: 8d36dd95-3f89-4b5d-b2cb-38810d644076,
Billed Duration for Request 8d36dd95-3f89-4b5d-b2cb-38810d644076: 75 ms
Input: 1050000,
Cold Start: false
Unique ID: d3dc67db-9ca1-4c6e-adb4-e22d88da43b1,
Billed Duration for Request d3dc67db-9ca1-4c6e-adb4-e22d88da43b1: 134 ms
Input: 1050000,
Cold Start: false
Unique ID: 839d1184-178b-4ca6-b3bd-7f71e1513731,
Billed Duration for Request 839d1184-178b-4ca6-b3bd-7f71e1513731: 91 ms
Input: 1050000,
Cold Start: false
Unique ID: 1a30556b-656c-4d15-860d-c0ffbe84f2f1,
Billed Duration for Request 1a30556b-656c-4d15-860d-c0ffbe84f2f1: 135 ms
Input: 1050000,
Cold Start: false
Unique ID: 38c14662-b3d5-4197-b426-6c1febf15e59,
Billed Duration for Request 38c14662-b3d5-4197-b426-6c1febf15e59: 105 ms
Input: 1050000,
Cold Start: false
Unique ID: 907612a6-b937-4772-9701-f3963176e58e,
Billed Duration for Request 907612a6-b937-4772-9701-f3963176e58e: 115 ms
Input: 1050000,
Cold Start: false
Unique ID: 56856f83-eb0b-4545-837c-66585651df76,
Billed Duration for Request 56856f83-eb0b-4545-837c-66585651df76: 103 ms
Input: 1050000,
Cold Start: false
Unique ID: 1e541778-0dad-4e80-b896-1231bb305d3c,
Billed Duration for Request 1e541778-0dad-4e80-b896-1231bb305d3c: 137 ms
Input: 1050000,
Cold Start: false
Unique ID: 88e87bd2-d6cb-4ca7-9779-86f6cbcdb732,
Billed Duration for Request 88e87bd2-d6cb-4ca7-9779-86f6cbcdb732: 111 ms
Input: 1050000,
Cold Start: false
Unique ID: 8c8985f3-7729-49b1-8e0e-398d4df205bc,
Billed Duration for Request 8c8985f3-7729-49b1-8e0e-398d4df205bc: 79 ms
Input: 1050000,
Cold Start: false
Unique ID: fb8bb7ff-f76c-4bdc-9004-cce05d729f56,
Billed Duration for Request fb8bb7ff-f76c-4bdc-9004-cce05d729f56: 135 ms
Input: 1050000,
Cold Start: false
Unique ID: 5130440a-9238-4295-8ba5-bb830c799d45,
Billed Duration for Request 5130440a-9238-4295-8ba5-bb830c799d45: 94 ms
Input: 1050000,
Cold Start: false
Unique ID: 6901170e-71c3-419d-96d2-2c38a98b07c0,
Billed Duration for Request 6901170e-71c3-419d-96d2-2c38a98b07c0: 136 ms
Input: 1050000,
Cold Start: false
Unique ID: 8e70daab-6200-4122-b436-d669c5a84837,
Billed Duration for Request 8e70daab-6200-4122-b436-d669c5a84837: 111 ms
Input: 1050000,
Cold Start: false
Unique ID: c50b4430-ac00-4508-87f1-059d8b1da7b6,
Billed Duration for Request c50b4430-ac00-4508-87f1-059d8b1da7b6: 110 ms
Input: 1050000,
Cold Start: false
Unique ID: a910eb0a-5930-4e9a-ac3e-4ec4112c8df9,
Billed Duration for Request a910eb0a-5930-4e9a-ac3e-4ec4112c8df9: 111 ms
Input: 1050000,
Cold Start: false
Unique ID: bf7792d7-b0f5-40c7-9200-5a2e2d4c1eef,
Billed Duration for Request bf7792d7-b0f5-40c7-9200-5a2e2d4c1eef: 89 ms
Input: 1050000,
Cold Start: false
Unique ID: 51c41ed8-1924-437a-a571-435cd8dc5949,
Billed Duration for Request 51c41ed8-1924-437a-a571-435cd8dc5949: 114 ms
Input: 1050000,
Cold Start: false
Unique ID: e583c741-da13-4b0f-b947-50294d51394d,
Billed Duration for Request e583c741-da13-4b0f-b947-50294d51394d: 113 ms
Input: 1050000,
Cold Start: false
Unique ID: a51cc585-674b-4cda-b555-df939f773547,
Billed Duration for Request a51cc585-674b-4cda-b555-df939f773547: 76 ms
Input: 1050000,
Cold Start: false
Unique ID: 6c80e1a6-9cf5-4c0b-afcf-69d08a524863,
Billed Duration for Request 6c80e1a6-9cf5-4c0b-afcf-69d08a524863: 136 ms
Input: 1050000,
Cold Start: false
Unique ID: a17d41d8-a972-404f-9d51-f92832cf130b,
Billed Duration for Request a17d41d8-a972-404f-9d51-f92832cf130b: 89 ms
Input: 1050000,
Cold Start: false
Unique ID: 93079d3b-086a-48c6-9f80-4504bced5ef4,
Billed Duration for Request 93079d3b-086a-48c6-9f80-4504bced5ef4: 113 ms
Input: 1050000,
Cold Start: false
Unique ID: d617d3f9-c633-4a15-a1b5-a36c65ccb378,
Billed Duration for Request d617d3f9-c633-4a15-a1b5-a36c65ccb378: 113 ms
Input: 1050000,
Cold Start: false
Unique ID: 56e80bcf-eb45-4c49-b891-c19c7943d03f,
Billed Duration for Request 56e80bcf-eb45-4c49-b891-c19c7943d03f: 122 ms
Input: 1050000,
Cold Start: false
Unique ID: b11057d1-1db4-4c6e-935e-c755aa3686db,
Billed Duration for Request b11057d1-1db4-4c6e-935e-c755aa3686db: 93 ms
Input: 1050000,
Cold Start: false
Unique ID: 5e4a616a-78ad-4e06-a300-8916c8a87c68,
Billed Duration for Request 5e4a616a-78ad-4e06-a300-8916c8a87c68: 72 ms
Input: 1050000,
Cold Start: false
Unique ID: 92d4fa18-1ca8-44bd-86cd-a9ab0a156d06,
Billed Duration for Request 92d4fa18-1ca8-44bd-86cd-a9ab0a156d06: 136 ms
Input: 1050000,
Cold Start: false
Unique ID: 7f9cf55f-7fe9-4c92-9faf-904bb7a40025,
Billed Duration for Request 7f9cf55f-7fe9-4c92-9faf-904bb7a40025: 95 ms
Input: 1050000,
Cold Start: false
Unique ID: e7435d0d-4378-4996-94ea-89e2d6e87ed9,
Billed Duration for Request e7435d0d-4378-4996-94ea-89e2d6e87ed9: 112 ms
Input: 1050000,
Cold Start: false
Unique ID: 178de56d-a9aa-4d27-a914-487e7092e966,
Billed Duration for Request 178de56d-a9aa-4d27-a914-487e7092e966: 96 ms
Input: 1050000,
Cold Start: false
Unique ID: 4ac40f69-3159-406f-bb2d-abeb82dc53d5,
Billed Duration for Request 4ac40f69-3159-406f-bb2d-abeb82dc53d5: 71 ms
Input: 1050000,
Cold Start: false
Unique ID: 03efa696-5a57-41ad-a3da-fe5debf66eb0,
Billed Duration for Request 03efa696-5a57-41ad-a3da-fe5debf66eb0: 150 ms
Input: 1050000,
Cold Start: false
Unique ID: 495215d1-b1f8-4159-9705-1b36df903dd7,
Billed Duration for Request 495215d1-b1f8-4159-9705-1b36df903dd7: 100 ms
Input: 1050000,
Cold Start: false
Unique ID: 5c35ed40-a9da-4b8b-92f5-16da3fdd96ee,
Billed Duration for Request 5c35ed40-a9da-4b8b-92f5-16da3fdd96ee: 92 ms
Input: 1050000,
Cold Start: false
Unique ID: dc7f2191-1bca-4cd0-98d5-85230b40d66b,
Billed Duration for Request dc7f2191-1bca-4cd0-98d5-85230b40d66b: 132 ms
Input: 1050000,
Cold Start: false
Unique ID: 25e197f8-cb8a-44de-9652-90c8fc525d26,
Billed Duration for Request 25e197f8-cb8a-44de-9652-90c8fc525d26: 105 ms
Input: 1050000,
Cold Start: false
Unique ID: 0ae8e608-abf3-4348-821f-60874bd1e949,
Billed Duration for Request 0ae8e608-abf3-4348-821f-60874bd1e949: 101 ms
Input: 1050000,
Cold Start: false
Unique ID: d783e322-78a1-4737-ad54-3fd93411d439,
Billed Duration for Request d783e322-78a1-4737-ad54-3fd93411d439: 111 ms
Input: 1050000,
Cold Start: false
Unique ID: e886531e-b3d7-4b07-80a4-cad8b60dcb68,
Billed Duration for Request e886531e-b3d7-4b07-80a4-cad8b60dcb68: 98 ms
Input: 1050000,
Cold Start: false
Unique ID: 3e4b7414-fa39-4da4-ba26-94fd942d072f,
Billed Duration for Request 3e4b7414-fa39-4da4-ba26-94fd942d072f: 122 ms
Input: 1050000,
Cold Start: false
Unique ID: c45c4e15-bd7a-4b1e-b984-09da12d2bc3e,
Billed Duration for Request c45c4e15-bd7a-4b1e-b984-09da12d2bc3e: 103 ms
Input: 1050000,
Cold Start: false
Unique ID: 7effe8bd-5289-4e9d-aa66-9d1853e657b4,
Billed Duration for Request 7effe8bd-5289-4e9d-aa66-9d1853e657b4: 124 ms
Input: 1050000,
Cold Start: false
Unique ID: de7bfbef-0aae-4888-87ab-b9aafff13daf,
Billed Duration for Request de7bfbef-0aae-4888-87ab-b9aafff13daf: 122 ms
Input: 1050000,
Cold Start: false
Unique ID: e3b45c55-68c1-4ff5-ac4c-59045a8abc8f,
Billed Duration for Request e3b45c55-68c1-4ff5-ac4c-59045a8abc8f: 102 ms
Input: 1050000,
Cold Start: false
Unique ID: b35d257b-0dad-4e58-be23-7bafdebcf90e,
Billed Duration for Request b35d257b-0dad-4e58-be23-7bafdebcf90e: 121 ms
Input: 1050000,
Cold Start: false
Unique ID: 3ed7bf7f-ded2-4020-a9ce-6a869d7925d5,
Billed Duration for Request 3ed7bf7f-ded2-4020-a9ce-6a869d7925d5: 99 ms
Input: 1050000,
Cold Start: false
Unique ID: 7736696a-a0b4-41d0-832b-0251164ed824,
Billed Duration for Request 7736696a-a0b4-41d0-832b-0251164ed824: 84 ms
Input: 1050000,
Cold Start: false
Unique ID: 5565942b-6d81-4ba1-a33e-46c0e2cf025d,
Billed Duration for Request 5565942b-6d81-4ba1-a33e-46c0e2cf025d: 143 ms
Input: 1050000,
Cold Start: false
Unique ID: 177a9ba6-8cd5-47ba-8cb0-18ae42969a53,
Billed Duration for Request 177a9ba6-8cd5-47ba-8cb0-18ae42969a53: 122 ms
Input: 1050000,
Cold Start: false
Unique ID: c4acbb84-39f8-4d76-af5d-55acdf9580a5,
Billed Duration for Request c4acbb84-39f8-4d76-af5d-55acdf9580a5: 103 ms
Input: 1050000,
Cold Start: false
Unique ID: bfc4db7a-e2a0-4a6d-a797-1f2472f99fdb,
Billed Duration for Request bfc4db7a-e2a0-4a6d-a797-1f2472f99fdb: 103 ms
Input: 1050000,
Cold Start: false
Unique ID: eb21f8ef-63e7-4604-94d6-887222ee3ed2,
Billed Duration for Request eb21f8ef-63e7-4604-94d6-887222ee3ed2: 83 ms
Input: 1050000,
Cold Start: false
Unique ID: f2f50fad-7ee0-45ed-8003-04d72e2f6a73,
Billed Duration for Request f2f50fad-7ee0-45ed-8003-04d72e2f6a73: 127 ms
Input: 1050000,
Cold Start: false
Unique ID: bf99a285-9bda-41f6-be31-6d6fdb180d9e,
Billed Duration for Request bf99a285-9bda-41f6-be31-6d6fdb180d9e: 120 ms
Input: 1050000,
Cold Start: false
Unique ID: 1e67d0b8-90ce-4827-a193-4902af554214,
Billed Duration for Request 1e67d0b8-90ce-4827-a193-4902af554214: 106 ms
Input: 1050000,
Cold Start: false
Unique ID: 12b7dfbc-563e-4a90-a261-ca16538e0762,
Billed Duration for Request 12b7dfbc-563e-4a90-a261-ca16538e0762: 85 ms
Input: 1050000,
Cold Start: false
Unique ID: afb79a47-a2ea-4785-8bea-daad56f8f8f7,
Billed Duration for Request afb79a47-a2ea-4785-8bea-daad56f8f8f7: 108 ms
Input: 1050000,
Cold Start: false
Unique ID: 90fa0518-6fbf-4fa8-be64-9bd2d319ac25,
Billed Duration for Request 90fa0518-6fbf-4fa8-be64-9bd2d319ac25: 89 ms
Input: 1050000,
Cold Start: false
Unique ID: 8b204df5-a3a8-4017-828f-8c3acf3c81c2,
Billed Duration for Request 8b204df5-a3a8-4017-828f-8c3acf3c81c2: 142 ms
Input: 1050000,
Cold Start: false
Unique ID: 21d0566e-0818-48d9-8756-56a5d16b3dfa,
Billed Duration for Request 21d0566e-0818-48d9-8756-56a5d16b3dfa: 85 ms
Input: 1050000,
Cold Start: false
Unique ID: 31235e39-ca90-4df6-81b7-93bd3c30164a,
Billed Duration for Request 31235e39-ca90-4df6-81b7-93bd3c30164a: 138 ms
Input: 1050000,
Cold Start: false
Unique ID: 282b7308-83f2-4a92-a7a6-bf47729354d5,
Billed Duration for Request 282b7308-83f2-4a92-a7a6-bf47729354d5: 122 ms
Input: 1050000,
Cold Start: false
Unique ID: 0dc99a86-63b0-41d3-861c-c40362775c49,
Billed Duration for Request 0dc99a86-63b0-41d3-861c-c40362775c49: 104 ms
Input: 1050000,
Cold Start: false
Unique ID: 91192024-2a27-4c52-8fa9-342066fa8ac2,
Billed Duration for Request 91192024-2a27-4c52-8fa9-342066fa8ac2: 101 ms
Input: 1050000,
Cold Start: false
Unique ID: 8e2be61e-d105-4f92-bf76-0347ea42297d,
Billed Duration for Request 8e2be61e-d105-4f92-bf76-0347ea42297d: 124 ms
Input: 1050000,
Cold Start: false
Unique ID: 65ad3700-61c3-4d30-a6bb-aee89d421cd8,
Billed Duration for Request 65ad3700-61c3-4d30-a6bb-aee89d421cd8: 103 ms
Input: 1050000,
Cold Start: false
Unique ID: 82733533-ad64-4a06-b261-95589a668f91,
Billed Duration for Request 82733533-ad64-4a06-b261-95589a668f91: 97 ms
Input: 1050000,
Cold Start: false
Unique ID: 9a5091de-b02e-4e8e-af6f-32145b04c260,
Billed Duration for Request 9a5091de-b02e-4e8e-af6f-32145b04c260: 142 ms
Input: 1050000,
Cold Start: false
Unique ID: b59f8f11-ac76-43a9-bb1c-90e7af4b7d40,
Billed Duration for Request b59f8f11-ac76-43a9-bb1c-90e7af4b7d40: 106 ms
Input: 1050000,
Cold Start: false
Unique ID: 38bdd1f2-d733-42f2-9f0f-e30bca2e6f87,
Billed Duration for Request 38bdd1f2-d733-42f2-9f0f-e30bca2e6f87: 87 ms
Input: 1050000,
Cold Start: false
Unique ID: 5248ee7b-9bb7-4961-bd4c-63aff36ed758,
Billed Duration for Request 5248ee7b-9bb7-4961-bd4c-63aff36ed758: 103 ms
Input: 1050000,
Cold Start: false
Unique ID: 28d67be3-5e18-48d0-995d-eb0accca161b,
Billed Duration for Request 28d67be3-5e18-48d0-995d-eb0accca161b: 104 ms
Input: 1050000,
Cold Start: false
Unique ID: 63521cf9-577d-4e6a-b6c3-2a65672e4c8d,
Billed Duration for Request 63521cf9-577d-4e6a-b6c3-2a65672e4c8d: 105 ms
Input: 1050000,
Cold Start: false
Unique ID: 15b77ca5-62fc-47f2-8d86-38e89ed6921b,
Billed Duration for Request 15b77ca5-62fc-47f2-8d86-38e89ed6921b: 84 ms
Input: 1050000,
Cold Start: false
Unique ID: 20f81e43-aca8-4f94-8898-95ea636ff1b1,
Billed Duration for Request 20f81e43-aca8-4f94-8898-95ea636ff1b1: 111 ms
Input: 1050000,
Cold Start: false
Unique ID: 774493bf-368f-45d4-9021-d5f3c533067e,
Billed Duration for Request 774493bf-368f-45d4-9021-d5f3c533067e: 105 ms
Input: 1050000,
Cold Start: false
Unique ID: e6246f8f-4a97-4ad8-9308-d149f2fb5874,
Billed Duration for Request e6246f8f-4a97-4ad8-9308-d149f2fb5874: 101 ms
Input: 1050000,
Cold Start: false
Unique ID: 6e944d70-d083-418a-bc0d-65d8bfc24b1f,
Billed Duration for Request 6e944d70-d083-418a-bc0d-65d8bfc24b1f: 127 ms
Input: 1050000,
Cold Start: false
Unique ID: 51dd3da9-3641-4367-a2c3-0702c8f0aa19,
Billed Duration for Request 51dd3da9-3641-4367-a2c3-0702c8f0aa19: 104 ms
Input: 1050000,
Cold Start: false
Unique ID: e76336ee-2803-43a2-b45b-13314bd25c9b,
Billed Duration for Request e76336ee-2803-43a2-b45b-13314bd25c9b: 100 ms
Input: 1050000,
Cold Start: false
Unique ID: 1e2118f4-aa56-465a-8d16-0f1b6daacb8c,
Billed Duration for Request 1e2118f4-aa56-465a-8d16-0f1b6daacb8c: 128 ms
Input: 1050000,
Cold Start: false
Unique ID: 15b4f174-187e-42ff-9d45-9844cfb87e52,
Billed Duration for Request 15b4f174-187e-42ff-9d45-9844cfb87e52: 105 ms
Input: 1050000,
Cold Start: false
Unique ID: 682a0723-4e97-41a4-9284-b908f98206f4,
Billed Duration for Request 682a0723-4e97-41a4-9284-b908f98206f4: 87 ms
Input: 1050000,
Cold Start: false
Unique ID: 31ef5cfe-3e10-4917-8ef7-45dc0eb25da4,
Billed Duration for Request 31ef5cfe-3e10-4917-8ef7-45dc0eb25da4: 85 ms
Input: 1050000,
Cold Start: false
Unique ID: 7178a0e0-8a52-407e-bfdc-4b48eb5c4778,
Billed Duration for Request 7178a0e0-8a52-407e-bfdc-4b48eb5c4778: 124 ms
Input: 1050000,
Cold Start: false
Unique ID: 779f2598-0e36-4e84-82a9-9849e66b6c93,
Billed Duration for Request 779f2598-0e36-4e84-82a9-9849e66b6c93: 71 ms
Input: 1050000,
Cold Start: false
Unique ID: 1b8c7970-6b3f-4656-9d0e-1ef3ae5abed2,
Billed Duration for Request 1b8c7970-6b3f-4656-9d0e-1ef3ae5abed2: 143 ms
Input: 1050000,
Cold Start: false
Unique ID: 3456a8f5-350d-4764-a524-9f21e0aa51a5,
Billed Duration for Request 3456a8f5-350d-4764-a524-9f21e0aa51a5: 122 ms
Input: 1050000,
Cold Start: false
Unique ID: e60bdadf-e025-49ca-ba57-24fe6d9f993f,
Billed Duration for Request e60bdadf-e025-49ca-ba57-24fe6d9f993f: 124 ms
Input: 1050000,
Cold Start: false
Unique ID: 99e21950-7414-41ac-b69c-6c30402090d0,
Billed Duration for Request 99e21950-7414-41ac-b69c-6c30402090d0: 127 ms
Input: 1050000,
Cold Start: false
Unique ID: ed09440d-b065-4153-8415-ac566e5f2990,
Billed Duration for Request ed09440d-b065-4153-8415-ac566e5f2990: 107 ms
Input: 1050000,
Cold Start: false
Unique ID: f56ebcb8-1241-4589-ab62-ba03c7378938,
Billed Duration for Request f56ebcb8-1241-4589-ab62-ba03c7378938: 122 ms
Input: 1050000,
Cold Start: false
Unique ID: 090c675f-5f95-461b-8bf4-2cdd7b5ab823,
Billed Duration for Request 090c675f-5f95-461b-8bf4-2cdd7b5ab823: 80 ms
Input: 1050000,
Cold Start: false
Unique ID: 25c292d7-8bd1-4a3c-9b2f-71a4dc08918c,
Billed Duration for Request 25c292d7-8bd1-4a3c-9b2f-71a4dc08918c: 126 ms
Input: 1050000,
Cold Start: false
Unique ID: 9cef5b13-f73a-471e-ad8c-60f293d8620d,
Billed Duration for Request 9cef5b13-f73a-471e-ad8c-60f293d8620d: 103 ms
Input: 1050000,
Cold Start: false
Unique ID: b6dd2a9b-2143-4c0c-911e-6cd7ad13b9e1,
Billed Duration for Request b6dd2a9b-2143-4c0c-911e-6cd7ad13b9e1: 128 ms
Input: 1050000,
Cold Start: false
Unique ID: 76cdb264-5d5b-4666-9f8e-ed9698706ad2,
Billed Duration for Request 76cdb264-5d5b-4666-9f8e-ed9698706ad2: 91 ms
Input: 1050000,
Cold Start: false
Unique ID: a3545976-dc9e-4960-80fa-cbae864bac7d,
Billed Duration for Request a3545976-dc9e-4960-80fa-cbae864bac7d: 111 ms
Input: 1050000,
Cold Start: false
Unique ID: ee4cb7df-c160-4c72-88ae-55626c047904,
Billed Duration for Request ee4cb7df-c160-4c72-88ae-55626c047904: 103 ms
Input: 1050000,
Cold Start: false
Unique ID: 09019f24-5882-4e43-8c8b-f1b608e09afa,
Billed Duration for Request 09019f24-5882-4e43-8c8b-f1b608e09afa: 124 ms
Input: 1050000,
Cold Start: false
Unique ID: b97865a0-6f98-473d-964a-65c9a258e79b,
Billed Duration for Request b97865a0-6f98-473d-964a-65c9a258e79b: 125 ms
Input: 1050000,
Cold Start: false
Unique ID: f3904680-477a-45d8-ba5d-2d87764c330e,
Billed Duration for Request f3904680-477a-45d8-ba5d-2d87764c330e: 107 ms
Input: 1050000,
Cold Start: false
Unique ID: 40b4d731-b3c6-4408-85a1-864e30de607c,
Billed Duration for Request 40b4d731-b3c6-4408-85a1-864e30de607c: 67 ms
Input: 1050000,
Cold Start: false
Unique ID: 72c2d55b-785a-4707-9c23-b98f0ea52397,
Billed Duration for Request 72c2d55b-785a-4707-9c23-b98f0ea52397: 127 ms
Input: 1050000,
Cold Start: false
Unique ID: 6fa398e8-5899-4968-9df9-6716e1519c87,
Billed Duration for Request 6fa398e8-5899-4968-9df9-6716e1519c87: 89 ms
Input: 1050000,
Cold Start: false
Unique ID: e3b9456a-c4db-4e2b-bdc6-e474c924fece,
Billed Duration for Request e3b9456a-c4db-4e2b-bdc6-e474c924fece: 143 ms
Input: 1050000,
Cold Start: false
Unique ID: 0f71647d-f569-4519-aa97-cec219d6ef9a,
Billed Duration for Request 0f71647d-f569-4519-aa97-cec219d6ef9a: 87 ms
Input: 1050000,
Cold Start: false
Unique ID: c4896345-adb3-43eb-bb4d-e58111ee8396,
Billed Duration for Request c4896345-adb3-43eb-bb4d-e58111ee8396: 146 ms
Input: 1050000,
Cold Start: false
Unique ID: 07eb9158-47c3-479e-a208-2fda700cc41a,
Billed Duration for Request 07eb9158-47c3-479e-a208-2fda700cc41a: 85 ms
Input: 1050000,
Cold Start: false
Unique ID: 50e24e19-61e8-4dca-9159-0314efc4a8d2,
Billed Duration for Request 50e24e19-61e8-4dca-9159-0314efc4a8d2: 126 ms
Input: 1050000,
Cold Start: false
Unique ID: 428133a0-f342-4cf2-b8ae-95e419bcf0d4,
Billed Duration for Request 428133a0-f342-4cf2-b8ae-95e419bcf0d4: 119 ms
Input: 1050000,
Cold Start: false
Unique ID: 0ea8bfd8-fa1a-4177-b431-366a0143b793,
Billed Duration for Request 0ea8bfd8-fa1a-4177-b431-366a0143b793: 122 ms
Input: 1050000,
Cold Start: false
Unique ID: 65ee6283-37ca-4daa-a7c7-545a10f90ee5,
Billed Duration for Request 65ee6283-37ca-4daa-a7c7-545a10f90ee5: 101 ms
Input: 1050000,
Cold Start: false
Unique ID: 6cf3fd98-83bb-458d-9285-8fa5fa3f648f,
Billed Duration for Request 6cf3fd98-83bb-458d-9285-8fa5fa3f648f: 93 ms
Input: 1050000,
Cold Start: false
Unique ID: 114de4a8-325a-496c-b18b-fb4c8b352a00,
Billed Duration for Request 114de4a8-325a-496c-b18b-fb4c8b352a00: 97 ms
Input: 1050000,
Cold Start: false
Unique ID: aea2042d-2d78-43b5-94d0-0c7006bb9e21,
Billed Duration for Request aea2042d-2d78-43b5-94d0-0c7006bb9e21: 124 ms
Input: 1050000,
Cold Start: false
Unique ID: bdd58904-9847-4559-a4ea-f323435e180c,
Billed Duration for Request bdd58904-9847-4559-a4ea-f323435e180c: 86 ms
Input: 1050000,
Cold Start: false
Unique ID: 874f9f23-2a64-4ede-b5ac-0ce4d3ee97dd,
Billed Duration for Request 874f9f23-2a64-4ede-b5ac-0ce4d3ee97dd: 100 ms
Input: 1050000,
Cold Start: false
Unique ID: ee6206cd-5301-4d42-91d3-f54b661621d6,
Billed Duration for Request ee6206cd-5301-4d42-91d3-f54b661621d6: 122 ms
Input: 1050000,
Cold Start: false
Unique ID: 25807257-6380-472a-a64e-152b8f87ea2c,
Billed Duration for Request 25807257-6380-472a-a64e-152b8f87ea2c: 85 ms
Input: 1050000,
Cold Start: false
Unique ID: bb4cf99d-f736-4203-9849-84d7584aa90d,
Billed Duration for Request bb4cf99d-f736-4203-9849-84d7584aa90d: 142 ms
Input: 1050000,
Cold Start: false
Unique ID: 5e0c3277-e094-4000-8c22-a0468072202a,
Billed Duration for Request 5e0c3277-e094-4000-8c22-a0468072202a: 127 ms
Input: 1050000,
Cold Start: false
Unique ID: dcd3a94b-eb3a-4ae8-94e4-6be3857ed03b,
Billed Duration for Request dcd3a94b-eb3a-4ae8-94e4-6be3857ed03b: 84 ms
Input: 1050000,
Cold Start: false
Unique ID: f7f9608a-c785-47cc-b109-d7c38c46a898,
Billed Duration for Request f7f9608a-c785-47cc-b109-d7c38c46a898: 125 ms
Input: 1050000,
Cold Start: false
Unique ID: 34a15d1a-a9b3-4769-86a1-1cce7ed6a974,
Billed Duration for Request 34a15d1a-a9b3-4769-86a1-1cce7ed6a974: 85 ms
Input: 1050000,
Cold Start: false
Unique ID: 213e3ca9-4c03-4ca1-8980-c0f1f4e18848,
Billed Duration for Request 213e3ca9-4c03-4ca1-8980-c0f1f4e18848: 122 ms
Input: 1050000,
Cold Start: false
Unique ID: 36a72cf3-332b-48b2-866d-186605b24458,
Billed Duration for Request 36a72cf3-332b-48b2-866d-186605b24458: 123 ms
Input: 1050000,
Cold Start: false
Unique ID: 9d2a9623-40fc-426a-a5bd-edce8921cc35,
Billed Duration for Request 9d2a9623-40fc-426a-a5bd-edce8921cc35: 105 ms
Input: 1050000,
Cold Start: false
Unique ID: d901a206-425f-478c-9212-4ea302f3d94c,
Billed Duration for Request d901a206-425f-478c-9212-4ea302f3d94c: 85 ms
Input: 1050000,
Cold Start: false
Unique ID: 7ef585bf-7c32-48be-9889-b575de595ee2,
Billed Duration for Request 7ef585bf-7c32-48be-9889-b575de595ee2: 105 ms
Input: 1050000,
Cold Start: false
Unique ID: df500e4c-dcc2-41e2-a677-7b233d76e719,
Billed Duration for Request df500e4c-dcc2-41e2-a677-7b233d76e719: 103 ms
Input: 1050000,
Cold Start: false
Unique ID: 872206d4-d428-44d9-90dc-ccb38d85b400,
Billed Duration for Request 872206d4-d428-44d9-90dc-ccb38d85b400: 101 ms
Input: 1050000,
Cold Start: false
Unique ID: 23fce765-6b3e-4917-a202-151f8cc3975a,
Billed Duration for Request 23fce765-6b3e-4917-a202-151f8cc3975a: 143 ms
Input: 1050000,
Cold Start: false
Unique ID: e3e8f9bd-34cc-40c1-bc1f-4550b2dadab2,
Billed Duration for Request e3e8f9bd-34cc-40c1-bc1f-4550b2dadab2: 85 ms
Input: 1050000,
Cold Start: false
Unique ID: 4cfabeb6-2278-4d93-a777-cd5ebf7e2fa4,
Billed Duration for Request 4cfabeb6-2278-4d93-a777-cd5ebf7e2fa4: 126 ms
Input: 1050000,
Cold Start: false
Unique ID: a84fe39a-9879-4650-9955-44b4bd737f0e,
Billed Duration for Request a84fe39a-9879-4650-9955-44b4bd737f0e: 105 ms
Input: 1050000,
Cold Start: false
Unique ID: dc14c2ac-3405-48d8-916b-8a1a3e441124,
Billed Duration for Request dc14c2ac-3405-48d8-916b-8a1a3e441124: 86 ms
Input: 1050000,
Cold Start: false
Unique ID: 48a62cd7-fd83-4578-a00a-9bb3db6a5c1b,
Billed Duration for Request 48a62cd7-fd83-4578-a00a-9bb3db6a5c1b: 90 ms
Input: 1050000,
Cold Start: false
Unique ID: 2499167e-bbd0-4bff-b6fc-b42c76e58e16,
Billed Duration for Request 2499167e-bbd0-4bff-b6fc-b42c76e58e16: 93 ms
Input: 1050000,
Cold Start: false
Unique ID: 0d1a40fa-56bb-414b-b07e-52144915fe2c,
Billed Duration for Request 0d1a40fa-56bb-414b-b07e-52144915fe2c: 132 ms
Input: 1050000,
Cold Start: false
Unique ID: 6c2e0da7-e1d0-4d75-84b3-d88486145533,
Billed Duration for Request 6c2e0da7-e1d0-4d75-84b3-d88486145533: 124 ms
Input: 1050000,
Cold Start: false
Unique ID: 8db52e76-93df-42ac-8a81-e3a6540737b5,
Billed Duration for Request 8db52e76-93df-42ac-8a81-e3a6540737b5: 103 ms
Input: 1050000,
Cold Start: false
Unique ID: 9245205e-f66a-4972-b537-4327ecdd89b0,
Billed Duration for Request 9245205e-f66a-4972-b537-4327ecdd89b0: 68 ms
Input: 1050000,
Cold Start: false
Unique ID: 0d984028-6444-48f0-a862-435b73fec60e,
Billed Duration for Request 0d984028-6444-48f0-a862-435b73fec60e: 128 ms
Input: 1050000,
Cold Start: false
Unique ID: 0105b5dc-d07f-4709-9655-b5b059945c07,
Billed Duration for Request 0105b5dc-d07f-4709-9655-b5b059945c07: 86 ms
Input: 1050000,
Cold Start: false
Unique ID: 276aa361-35da-4708-8feb-a0ee91d92df4,
Billed Duration for Request 276aa361-35da-4708-8feb-a0ee91d92df4: 86 ms
Input: 1050000,
Cold Start: false
Unique ID: 2fc649fc-7331-4519-8573-e2c0ab3f7788,
Billed Duration for Request 2fc649fc-7331-4519-8573-e2c0ab3f7788: 142 ms
Input: 1050000,
Cold Start: false
Unique ID: 14d88059-fb46-47c0-9240-91b5d73c9256,
Billed Duration for Request 14d88059-fb46-47c0-9240-91b5d73c9256: 104 ms
Input: 1050000,
Cold Start: false
Unique ID: facbdd03-860d-4813-9e33-28460aee2a91,
Billed Duration for Request facbdd03-860d-4813-9e33-28460aee2a91: 106 ms
Input: 1050000,
Cold Start: false
Unique ID: 57cae882-26c1-4997-bfda-36a558141e21,
Billed Duration for Request 57cae882-26c1-4997-bfda-36a558141e21: 67 ms
Input: 1050000,
Cold Start: false
Unique ID: 5a43f2c8-b0b6-4ef2-9322-72c42616740f,
Billed Duration for Request 5a43f2c8-b0b6-4ef2-9322-72c42616740f: 124 ms
Input: 1050000,
Cold Start: false
Unique ID: e2481fdf-8a9a-494e-a84b-cc5971216c50,
Billed Duration for Request e2481fdf-8a9a-494e-a84b-cc5971216c50: 99 ms
Input: 1050000,
Cold Start: false
Unique ID: 1777ef7e-3f04-4d58-a9b2-2c766e83276e,
Billed Duration for Request 1777ef7e-3f04-4d58-a9b2-2c766e83276e: 116 ms
Input: 1050000,
Cold Start: false
Unique ID: a3b29930-f393-49dd-a824-d9ca915c7fb8,
Billed Duration for Request a3b29930-f393-49dd-a824-d9ca915c7fb8: 103 ms
Input: 1050000,
Cold Start: false
Unique ID: 313687c2-2f3c-4ddc-9548-949035da62ec,
Billed Duration for Request 313687c2-2f3c-4ddc-9548-949035da62ec: 122 ms
Input: 1050000,
Cold Start: false
Unique ID: 261cbee1-6f2f-4379-b23e-4a3fb6f114dd,
Billed Duration for Request 261cbee1-6f2f-4379-b23e-4a3fb6f114dd: 84 ms
Input: 1050000,
Cold Start: false
Unique ID: 5dfb3b87-4438-46f3-866e-e6dd43d9c78d,
Billed Duration for Request 5dfb3b87-4438-46f3-866e-e6dd43d9c78d: 143 ms
Input: 1050000,
Cold Start: false
Unique ID: eda80692-708d-4c02-bb5b-c6e920842394,
Billed Duration for Request eda80692-708d-4c02-bb5b-c6e920842394: 121 ms
Input: 1050000,
Cold Start: false
Unique ID: 23caa74c-1138-4ae0-a911-67be5e95173e,
Billed Duration for Request 23caa74c-1138-4ae0-a911-67be5e95173e: 85 ms
Input: 1050000,
Cold Start: false
Unique ID: 570f24c9-7c84-48c9-99d1-f4fd07d36fc6,
Billed Duration for Request 570f24c9-7c84-48c9-99d1-f4fd07d36fc6: 144 ms
Input: 1050000,
Cold Start: false
Unique ID: d8a5dc28-e255-4c4b-82eb-f64ca287b08c,
Billed Duration for Request d8a5dc28-e255-4c4b-82eb-f64ca287b08c: 121 ms
Input: 1050000,
Cold Start: false
Unique ID: d23e2022-9614-430c-a219-ffc805f97747,
Billed Duration for Request d23e2022-9614-430c-a219-ffc805f97747: 101 ms
Input: 1050000,
Cold Start: false
Unique ID: 29107a1d-3ff9-48c8-b4f2-bf5cff405d27,
Billed Duration for Request 29107a1d-3ff9-48c8-b4f2-bf5cff405d27: 113 ms
Input: 1050000,
Cold Start: false
Unique ID: 3ec2af8f-b9e6-461d-b0db-32a055c31595,
Billed Duration for Request 3ec2af8f-b9e6-461d-b0db-32a055c31595: 154 ms
Input: 1050000,
Cold Start: false
Unique ID: 88c8da95-a976-46e3-be00-27960ad9e265,
Billed Duration for Request 88c8da95-a976-46e3-be00-27960ad9e265: 87 ms
Input: 1050000,
Cold Start: false
Unique ID: c113587e-a684-465b-89f0-ef3f8e7f6360,
Billed Duration for Request c113587e-a684-465b-89f0-ef3f8e7f6360: 123 ms
Input: 1050000,
Cold Start: false
Unique ID: 6e6f844b-f1dc-4b71-a72e-f322b5308f80,
Billed Duration for Request 6e6f844b-f1dc-4b71-a72e-f322b5308f80: 86 ms
Input: 1050000,
Cold Start: false
Unique ID: 31f9f57b-4893-4cfa-9e08-06081489cf10,
Billed Duration for Request 31f9f57b-4893-4cfa-9e08-06081489cf10: 146 ms
Input: 1050000,
Cold Start: false
Unique ID: 58aa1911-d92a-4aa3-8f60-5211025b777a,
Billed Duration for Request 58aa1911-d92a-4aa3-8f60-5211025b777a: 108 ms
Input: 1050000,
Cold Start: false
Unique ID: a0b30f17-54e6-4f64-9a52-dd2f7fe21163,
Billed Duration for Request a0b30f17-54e6-4f64-9a52-dd2f7fe21163: 119 ms
Input: 1050000,
Cold Start: false
Unique ID: 67cf4f61-971f-4581-a88d-a59483438b97,
Billed Duration for Request 67cf4f61-971f-4581-a88d-a59483438b97: 101 ms
Input: 1050000,
Cold Start: false
Unique ID: eeb58d9a-4ea4-4f85-b1da-9098932b8506,
Billed Duration for Request eeb58d9a-4ea4-4f85-b1da-9098932b8506: 124 ms
Input: 1050000,
Cold Start: false
Unique ID: 6a3f08f9-dae5-44d5-90a1-0ac8ecc17da4,
Billed Duration for Request 6a3f08f9-dae5-44d5-90a1-0ac8ecc17da4: 107 ms
Input: 1050000,
Cold Start: false
Unique ID: f5d01add-6814-4d80-8f60-c6f925866382,
Billed Duration for Request f5d01add-6814-4d80-8f60-c6f925866382: 84 ms
Input: 1050000,
Cold Start: false
Unique ID: 5941c504-c18e-4202-b7cf-7a4b22dc928f,
Billed Duration for Request 5941c504-c18e-4202-b7cf-7a4b22dc928f: 141 ms
Input: 1050000,
Cold Start: false
Unique ID: 041e4bf7-0286-4f8c-84dd-41ab32d7c088,
Billed Duration for Request 041e4bf7-0286-4f8c-84dd-41ab32d7c088: 105 ms
Input: 1050000,
Cold Start: false
Unique ID: a6dd4238-5cb5-4d34-8bf4-95137e5edf24,
Billed Duration for Request a6dd4238-5cb5-4d34-8bf4-95137e5edf24: 140 ms
Input: 1050000,
Cold Start: false
Unique ID: 94628b5b-8591-448b-8617-1df10ae8f8d8,
Billed Duration for Request 94628b5b-8591-448b-8617-1df10ae8f8d8: 80 ms
Input: 1050000,
Cold Start: false
Unique ID: 0042f5ba-1cac-4c0a-bdfa-1425ea3e93ec,
Billed Duration for Request 0042f5ba-1cac-4c0a-bdfa-1425ea3e93ec: 141 ms
Input: 1050000,
Cold Start: false
Unique ID: cd643f2e-efae-4a86-8ade-482dae23578a,
Billed Duration for Request cd643f2e-efae-4a86-8ade-482dae23578a: 97 ms
Input: 1050000,
Cold Start: false
Unique ID: 36c5efa6-7e7d-46c9-aa81-a84a38401e7b,
Billed Duration for Request 36c5efa6-7e7d-46c9-aa81-a84a38401e7b: 106 ms
Input: 1050000,
Cold Start: false
Unique ID: 24c4a2d4-2a80-4e50-a1df-f31a0ca1dace,
Billed Duration for Request 24c4a2d4-2a80-4e50-a1df-f31a0ca1dace: 120 ms
Input: 1050000,
Cold Start: false
Unique ID: e3fa11c3-1c35-46f4-962a-4b20289b8d31,
Billed Duration for Request e3fa11c3-1c35-46f4-962a-4b20289b8d31: 125 ms
Input: 1050000,
Cold Start: false
Unique ID: 778085d4-1458-48c2-a2b9-9663f53962db,
Billed Duration for Request 778085d4-1458-48c2-a2b9-9663f53962db: 124 ms
Input: 1050000,
Cold Start: false
Unique ID: 811df4d7-c635-433b-85c8-3a0e355219f0,
Billed Duration for Request 811df4d7-c635-433b-85c8-3a0e355219f0: 88 ms
Input: 1050000,
Cold Start: false
Unique ID: 32fb8059-e3ab-4fec-b7a9-f586daad7874,
Billed Duration for Request 32fb8059-e3ab-4fec-b7a9-f586daad7874: 136 ms
Input: 1050000,
Cold Start: false
Unique ID: 5d347230-94d9-42dd-8c4d-b978e2a2123b,
Billed Duration for Request 5d347230-94d9-42dd-8c4d-b978e2a2123b: 113 ms
Input: 1050000,
Cold Start: false
Unique ID: 9476ef86-b9ff-480f-8482-bac703420884,
Billed Duration for Request 9476ef86-b9ff-480f-8482-bac703420884: 121 ms
Input: 1050000,
Cold Start: false
Unique ID: 127a24d5-9194-417b-bba0-6f443798dbf0,
Billed Duration for Request 127a24d5-9194-417b-bba0-6f443798dbf0: 103 ms
Input: 1050000,
Cold Start: false
Unique ID: a0f5ccdd-9268-46a7-b60e-e8f2fdb46523,
Billed Duration for Request a0f5ccdd-9268-46a7-b60e-e8f2fdb46523: 85 ms
Input: 1050000,
Cold Start: false
Unique ID: e3d07733-7872-4e7e-b494-cb415a6ccbf9,
Billed Duration for Request e3d07733-7872-4e7e-b494-cb415a6ccbf9: 140 ms
Input: 1050000,
Cold Start: false
Unique ID: 7ed98c7e-875f-448f-bbc9-b095c0482e9b,
Billed Duration for Request 7ed98c7e-875f-448f-bbc9-b095c0482e9b: 101 ms
Input: 1050000,
Cold Start: false
Unique ID: 6e76165e-33fc-4800-b6ba-6bd2052d61f4,
Billed Duration for Request 6e76165e-33fc-4800-b6ba-6bd2052d61f4: 99 ms
Input: 1050000,
Cold Start: false
Unique ID: 08d7a6e4-38bd-44c8-9e56-21e1ee4221e6,
Billed Duration for Request 08d7a6e4-38bd-44c8-9e56-21e1ee4221e6: 116 ms
Input: 1050000,
Cold Start: false
Unique ID: 7dd2db5b-24a2-4835-b22d-9825be19e132,
Billed Duration for Request 7dd2db5b-24a2-4835-b22d-9825be19e132: 80 ms
Input: 1050000,
Cold Start: false
Unique ID: e0c78e6e-9bb1-4391-b486-21b9be490769,
Billed Duration for Request e0c78e6e-9bb1-4391-b486-21b9be490769: 137 ms
Input: 1050000,
Cold Start: false
Unique ID: 2d885eee-f510-449d-b926-9f41b8b4ce37,
Billed Duration for Request 2d885eee-f510-449d-b926-9f41b8b4ce37: 103 ms
Input: 1050000,
Cold Start: false
Unique ID: 64a546c9-3f0c-46ca-8dc9-c74baef85ff9,
Billed Duration for Request 64a546c9-3f0c-46ca-8dc9-c74baef85ff9: 85 ms
Input: 1050000,
Cold Start: false
Unique ID: aedd033c-eb19-496e-88e9-1e5d0da72bd8,
Billed Duration for Request aedd033c-eb19-496e-88e9-1e5d0da72bd8: 106 ms
Input: 1050000,
Cold Start: false
Unique ID: a13f6c08-6e12-4690-9e44-28467daf09f0,
Billed Duration for Request a13f6c08-6e12-4690-9e44-28467daf09f0: 123 ms
Input: 1050000,
Cold Start: false
Unique ID: 5296855b-5b8e-4369-a320-de8c61ed1e62,
Billed Duration for Request 5296855b-5b8e-4369-a320-de8c61ed1e62: 105 ms
Input: 1050000,
Cold Start: false
Unique ID: d48b75bd-7dad-40fd-8c20-6223f637ae4b,
Billed Duration for Request d48b75bd-7dad-40fd-8c20-6223f637ae4b: 121 ms
Input: 1050000,
Cold Start: false
Unique ID: 54b87f47-089a-4d24-85d5-212bfcf0e9f0,
Billed Duration for Request 54b87f47-089a-4d24-85d5-212bfcf0e9f0: 122 ms
Input: 1050000,
Cold Start: false
Unique ID: 2f208df2-7463-4bd2-ad95-cf97fc70cbe0,
Billed Duration for Request 2f208df2-7463-4bd2-ad95-cf97fc70cbe0: 85 ms
Input: 1050000,
Cold Start: false
Unique ID: 173b29b6-d08d-41d3-b03d-a72ba69043d6,
Billed Duration for Request 173b29b6-d08d-41d3-b03d-a72ba69043d6: 140 ms
Input: 1050000,
Cold Start: false
Unique ID: f7079d15-de69-42cf-a9f9-03d89347d071,
Billed Duration for Request f7079d15-de69-42cf-a9f9-03d89347d071: 80 ms
Input: 1050000,
Cold Start: false
Unique ID: 767ec961-9de5-46e5-8fce-2be35f3a5acb,
Billed Duration for Request 767ec961-9de5-46e5-8fce-2be35f3a5acb: 143 ms
Input: 1050000,
Cold Start: false
Unique ID: 87af3b70-a0ac-40e7-bc2f-16cde340dbcb,
Billed Duration for Request 87af3b70-a0ac-40e7-bc2f-16cde340dbcb: 85 ms
Input: 1050000,
Cold Start: false
Unique ID: 6f7547f2-3e13-4365-89ae-87d7f37fcb45,
Billed Duration for Request 6f7547f2-3e13-4365-89ae-87d7f37fcb45: 143 ms
Input: 1050000,
Cold Start: false
Unique ID: 7a82b3f5-81e0-434d-a7f8-63975a879abd,
Billed Duration for Request 7a82b3f5-81e0-434d-a7f8-63975a879abd: 103 ms
Input: 1050000,
Cold Start: false
Unique ID: 26f37419-804d-467e-804c-21a8342f2618,
Billed Duration for Request 26f37419-804d-467e-804c-21a8342f2618: 97 ms
Input: 1050000,
Cold Start: false
Unique ID: f053ac76-d6aa-4eef-bd5b-43ba98e26846,
Billed Duration for Request f053ac76-d6aa-4eef-bd5b-43ba98e26846: 125 ms
Input: 1050000,
Cold Start: false
Unique ID: b8c4d519-ea69-4a73-996a-0fd797ceb200,
Billed Duration for Request b8c4d519-ea69-4a73-996a-0fd797ceb200: 122 ms
Input: 1050000,
Cold Start: false
Unique ID: fe4f5496-1e5f-432f-880c-02f506fd285c,
Billed Duration for Request fe4f5496-1e5f-432f-880c-02f506fd285c: 122 ms
Input: 1050000,
Cold Start: false
Unique ID: b919dd6b-43f6-448c-9873-b25ac6c76d8f,
Billed Duration for Request b919dd6b-43f6-448c-9873-b25ac6c76d8f: 86 ms
Input: 1050000,
Cold Start: false
Unique ID: 44819a22-fdee-4213-be60-10e452487eca,
Billed Duration for Request 44819a22-fdee-4213-be60-10e452487eca: 124 ms
Input: 1050000,
Cold Start: false
Unique ID: f2943e86-30f5-437f-82d0-5af112db60c0,
Billed Duration for Request f2943e86-30f5-437f-82d0-5af112db60c0: 95 ms
Input: 1050000,
Cold Start: false
Unique ID: e5d51c0e-e904-48da-827a-5c2630551e50,
Billed Duration for Request e5d51c0e-e904-48da-827a-5c2630551e50: 122 ms
Input: 1050000,
Cold Start: false
Unique ID: 4b20771c-7b63-4bfe-9faa-18b5f26d1912,
Billed Duration for Request 4b20771c-7b63-4bfe-9faa-18b5f26d1912: 83 ms
Input: 1050000,
Cold Start: false
Unique ID: f3243a4c-c473-4ef2-9906-5885640231d6,
Billed Duration for Request f3243a4c-c473-4ef2-9906-5885640231d6: 125 ms
Input: 1050000,
Cold Start: false
Unique ID: 89e106d7-ff04-4e9f-9a4e-034edfcc1d20,
Billed Duration for Request 89e106d7-ff04-4e9f-9a4e-034edfcc1d20: 94 ms
Input: 1050000,
Cold Start: false
Unique ID: 406d9e62-5964-4027-b938-e6608a500411,
Billed Duration for Request 406d9e62-5964-4027-b938-e6608a500411: 133 ms
Input: 1050000,
Cold Start: false
Unique ID: 27c430a0-414d-4142-b3f4-697f79180ddd,
Billed Duration for Request 27c430a0-414d-4142-b3f4-697f79180ddd: 129 ms
Input: 1050000,
Cold Start: false
Unique ID: 6371f200-abf9-4cd1-b973-ec0e66a53f5c,
Billed Duration for Request 6371f200-abf9-4cd1-b973-ec0e66a53f5c: 105 ms
Input: 1050000,
Cold Start: false
Unique ID: df0b080e-87cb-40c8-9527-021109af43f9,
Billed Duration for Request df0b080e-87cb-40c8-9527-021109af43f9: 103 ms
Input: 1050000,
Cold Start: false
Unique ID: 6cff377d-ab78-4212-b91a-c344000d440d,
Billed Duration for Request 6cff377d-ab78-4212-b91a-c344000d440d: 118 ms
Input: 1050000,
Cold Start: false
Unique ID: d4fb5221-a45a-4676-82a1-3c27fe77be4c,
Billed Duration for Request d4fb5221-a45a-4676-82a1-3c27fe77be4c: 113 ms
Input: 1050000,
Cold Start: false
Unique ID: 52d97063-6fc5-483f-9a46-908f5c62a33b,
Billed Duration for Request 52d97063-6fc5-483f-9a46-908f5c62a33b: 123 ms
Input: 1050000,
Cold Start: false
Unique ID: 41e52c0e-ef07-4f58-bbf9-8da108d1f45f,
Billed Duration for Request 41e52c0e-ef07-4f58-bbf9-8da108d1f45f: 100 ms
Input: 1050000,
Cold Start: false
Unique ID: bd80d688-54e1-4081-9f36-467e60df40ee,
Billed Duration for Request bd80d688-54e1-4081-9f36-467e60df40ee: 102 ms
Input: 1050000,
Cold Start: false
Unique ID: e21b0414-b010-49a2-8f91-01b6db105351,
Billed Duration for Request e21b0414-b010-49a2-8f91-01b6db105351: 143 ms
Input: 1050000,
Cold Start: false
Unique ID: 6ca452b1-5bcf-4a72-b3fc-128684532a3c,
Billed Duration for Request 6ca452b1-5bcf-4a72-b3fc-128684532a3c: 98 ms
Input: 1050000,
Cold Start: false
Unique ID: 99a79f72-d8d9-459b-9fac-2532b3ae0a73,
Billed Duration for Request 99a79f72-d8d9-459b-9fac-2532b3ae0a73: 117 ms
Input: 1050000,
Cold Start: false
Unique ID: 5d5ffffb-da43-4d26-bde4-82e1aa425baf,
Billed Duration for Request 5d5ffffb-da43-4d26-bde4-82e1aa425baf: 83 ms
Input: 1050000,
Cold Start: false
Unique ID: 913cbc89-8684-4188-a6d7-d7c00fb24890,
Billed Duration for Request 913cbc89-8684-4188-a6d7-d7c00fb24890: 142 ms
Input: 1050000,
Cold Start: false
Unique ID: 15f1b129-db03-4ebb-a12f-3cb3b4808e16,
Billed Duration for Request 15f1b129-db03-4ebb-a12f-3cb3b4808e16: 105 ms
Input: 1050000,
Cold Start: false
Unique ID: 0fc6c3c1-acc8-46f2-8874-3428eb8cdd1a,
Billed Duration for Request 0fc6c3c1-acc8-46f2-8874-3428eb8cdd1a: 115 ms
Input: 1050000,
Cold Start: false
Unique ID: c6e7a527-0d13-45bc-9d2f-50a65c070f29,
Billed Duration for Request c6e7a527-0d13-45bc-9d2f-50a65c070f29: 96 ms
Input: 1050000,
Cold Start: false
Unique ID: 7ca08149-2b10-43d2-88b6-4a209df7adfd,
Billed Duration for Request 7ca08149-2b10-43d2-88b6-4a209df7adfd: 122 ms
Input: 1050000,
Cold Start: false
Unique ID: 7b2b5b17-5e53-41cc-861b-ad6e9f76e2ac,
Billed Duration for Request 7b2b5b17-5e53-41cc-861b-ad6e9f76e2ac: 84 ms
Input: 1050000,
Cold Start: false
Unique ID: fba1a19e-3f15-4755-8747-4ca558c4871a,
Billed Duration for Request fba1a19e-3f15-4755-8747-4ca558c4871a: 140 ms
Input: 1050000,
Cold Start: false
Unique ID: 0f9d43c9-e4ab-4b51-bd21-557370c844e7,
Billed Duration for Request 0f9d43c9-e4ab-4b51-bd21-557370c844e7: 122 ms
Input: 1050000,
Cold Start: false
Unique ID: 41483144-4c09-4700-837e-7f983999c73f,
Billed Duration for Request 41483144-4c09-4700-837e-7f983999c73f: 101 ms
Input: 1050000,
Cold Start: false
Unique ID: 4fbd625d-3b75-4a63-b0ed-e859ef2f34c5,
Billed Duration for Request 4fbd625d-3b75-4a63-b0ed-e859ef2f34c5: 140 ms
Input: 1050000,
Cold Start: false
Unique ID: 6850ec83-b838-40ee-b317-f59e6580e334,
Billed Duration for Request 6850ec83-b838-40ee-b317-f59e6580e334: 102 ms
Input: 1050000,
Cold Start: false
Unique ID: 4490cc07-4215-42d3-892b-b0766a6a2986,
Billed Duration for Request 4490cc07-4215-42d3-892b-b0766a6a2986: 142 ms
Input: 1050000,
Cold Start: false
Unique ID: cf32bc41-159a-4b8a-a3c5-b86169c0671f,
Billed Duration for Request cf32bc41-159a-4b8a-a3c5-b86169c0671f: 116 ms
Input: 1050000,
Cold Start: false
Unique ID: 748fdbe5-2da6-4918-8f06-492185b2c337,
Billed Duration for Request 748fdbe5-2da6-4918-8f06-492185b2c337: 121 ms
Input: 1050000,
Cold Start: false
Unique ID: f0ad7556-5de5-4deb-abca-b1ed022af9ba,
Billed Duration for Request f0ad7556-5de5-4deb-abca-b1ed022af9ba: 101 ms
Input: 1050000,
Cold Start: false
Unique ID: d1e8c7ba-3db2-443a-afe1-75b12caf5d50,
Billed Duration for Request d1e8c7ba-3db2-443a-afe1-75b12caf5d50: 122 ms
Input: 1050000,
Cold Start: false
Unique ID: 480763c2-e5a0-415a-b239-02d6552f3ad4,
Billed Duration for Request 480763c2-e5a0-415a-b239-02d6552f3ad4: 121 ms
Input: 1050000,
Cold Start: false
Unique ID: 6febcdc5-10d9-48e9-851b-62cb583aa1b8,
Billed Duration for Request 6febcdc5-10d9-48e9-851b-62cb583aa1b8: 120 ms
Input: 1050000,
Cold Start: false
Unique ID: e8e8eb59-9105-42b0-81e7-90bf9529d531,
Billed Duration for Request e8e8eb59-9105-42b0-81e7-90bf9529d531: 120 ms
Input: 1050000,
Cold Start: false
Unique ID: ad62fbbe-8867-4d17-a4a7-62f04abb9619,
Billed Duration for Request ad62fbbe-8867-4d17-a4a7-62f04abb9619: 100 ms
Input: 1050000,
Cold Start: false
Unique ID: 6bfd0fcf-e667-42e3-97d6-5a4adf5bad58,
Billed Duration for Request 6bfd0fcf-e667-42e3-97d6-5a4adf5bad58: 103 ms
Input: 1050000,
Cold Start: false
Unique ID: 0986d69d-530b-4519-ac30-3537e3c89631,
Billed Duration for Request 0986d69d-530b-4519-ac30-3537e3c89631: 117 ms
Input: 1050000,
Cold Start: false
Unique ID: 6904631a-e78a-4ed7-8e3d-059c7988928d,
Billed Duration for Request 6904631a-e78a-4ed7-8e3d-059c7988928d: 100 ms
Input: 1050000,
Cold Start: false
Unique ID: 89553757-4ff8-4d72-9559-492545aa87b4,
Billed Duration for Request 89553757-4ff8-4d72-9559-492545aa87b4: 145 ms
Input: 1050000,
Cold Start: false
Unique ID: db1ef79d-aace-4fee-875a-705e98b9aadb,
Billed Duration for Request db1ef79d-aace-4fee-875a-705e98b9aadb: 103 ms
Input: 1050000,
Cold Start: false
Unique ID: d8084fba-8633-4367-9c82-d547b039e67b,
Billed Duration for Request d8084fba-8633-4367-9c82-d547b039e67b: 120 ms
Input: 1050000,
Cold Start: false
Unique ID: 6b7657d3-04ce-4e4d-a90d-576883c52e5e,
Billed Duration for Request 6b7657d3-04ce-4e4d-a90d-576883c52e5e: 102 ms
Input: 1050000,
Cold Start: false
Unique ID: feaf4b1e-e187-4035-a8eb-2ecd1b9c05b1,
Billed Duration for Request feaf4b1e-e187-4035-a8eb-2ecd1b9c05b1: 144 ms
Input: 1050000,
Cold Start: false
Unique ID: 22e505b8-b9ef-42d8-b491-5da0118edca0,
Billed Duration for Request 22e505b8-b9ef-42d8-b491-5da0118edca0: 117 ms
Input: 1050000,
Cold Start: false
Unique ID: 1daa9b73-86bf-4ce5-a94a-df85bdbacd2c,
Billed Duration for Request 1daa9b73-86bf-4ce5-a94a-df85bdbacd2c: 123 ms
Input: 1050000,
Cold Start: false
Unique ID: 98f64976-8251-45a8-b649-00b2db777381,
Billed Duration for Request 98f64976-8251-45a8-b649-00b2db777381: 82 ms
Input: 1050000,
Cold Start: false
Unique ID: 5aa9413d-6fe8-4718-8c0a-251e17cb26e0,
Billed Duration for Request 5aa9413d-6fe8-4718-8c0a-251e17cb26e0: 75 ms
Input: 1050000,
Cold Start: false
Unique ID: 1837ddb7-f625-4d6f-9bd0-cf21024b6679,
Billed Duration for Request 1837ddb7-f625-4d6f-9bd0-cf21024b6679: 140 ms
Input: 1050000,
Cold Start: false
Unique ID: 1fcf6757-8cea-42c8-9691-88805b97faad,
Billed Duration for Request 1fcf6757-8cea-42c8-9691-88805b97faad: 103 ms
Input: 1050000,
Cold Start: false
Unique ID: b7c0f4df-ac48-4a1f-a0ce-dc18700631bb,
Billed Duration for Request b7c0f4df-ac48-4a1f-a0ce-dc18700631bb: 85 ms
Input: 1050000,
Cold Start: false
Unique ID: fd6e6c7a-084b-4309-b12d-bfbed40ab640,
Billed Duration for Request fd6e6c7a-084b-4309-b12d-bfbed40ab640: 142 ms
Input: 1050000,
Cold Start: false
Unique ID: b5ec5cd4-fe2d-4ae1-9c6b-a9cf24d461de,
Billed Duration for Request b5ec5cd4-fe2d-4ae1-9c6b-a9cf24d461de: 110 ms
Input: 1050000,
Cold Start: false
Unique ID: 66b71e37-f470-45d0-9f6f-84d9a4085dbf,
Billed Duration for Request 66b71e37-f470-45d0-9f6f-84d9a4085dbf: 121 ms
Input: 1050000,
Cold Start: false
Unique ID: c2bddd6b-f629-4bf8-a430-2d60e27becc5,
Billed Duration for Request c2bddd6b-f629-4bf8-a430-2d60e27becc5: 86 ms
Input: 1050000,
Cold Start: false
Unique ID: 59b5da92-7cc5-42e7-92ed-9eee23ad8319,
Billed Duration for Request 59b5da92-7cc5-42e7-92ed-9eee23ad8319: 124 ms
Input: 1050000,
Cold Start: false
Unique ID: ff9bf943-501c-4aa0-80d2-7bffa5d44af7,
Billed Duration for Request ff9bf943-501c-4aa0-80d2-7bffa5d44af7: 122 ms
Input: 1050000,
Cold Start: false
Unique ID: 018e822a-aa0d-4ad2-9a44-25becfb21346,
Billed Duration for Request 018e822a-aa0d-4ad2-9a44-25becfb21346: 115 ms
Input: 1050000,
Cold Start: false
Unique ID: f390c9ec-9467-4266-95ae-bdc34538f7f8,
Billed Duration for Request f390c9ec-9467-4266-95ae-bdc34538f7f8: 101 ms
Input: 1050000,
Cold Start: false
Unique ID: ef8905fa-d4f8-48ec-9ad1-3b0ec5271872,
Billed Duration for Request ef8905fa-d4f8-48ec-9ad1-3b0ec5271872: 140 ms
Input: 1050000,
Cold Start: false
Unique ID: ccc40c21-6f1f-459c-9f9c-e951b129493e,
Billed Duration for Request ccc40c21-6f1f-459c-9f9c-e951b129493e: 102 ms
Input: 1050000,
Cold Start: false
Unique ID: 709ea240-04ed-4520-84d7-2724d4997c94,
Billed Duration for Request 709ea240-04ed-4520-84d7-2724d4997c94: 142 ms
Input: 1050000,
Cold Start: false
Unique ID: e4ec140b-af45-4200-8a3d-dc78724255f2,
Billed Duration for Request e4ec140b-af45-4200-8a3d-dc78724255f2: 97 ms
Input: 1050000,
Cold Start: false
Unique ID: 243e49c7-59ae-417c-9b0f-24b284695d15,
Billed Duration for Request 243e49c7-59ae-417c-9b0f-24b284695d15: 142 ms
Input: 1050000,
Cold Start: false
Unique ID: ec7114eb-5feb-47a8-8e6e-a770d433f228,
Billed Duration for Request ec7114eb-5feb-47a8-8e6e-a770d433f228: 82 ms
Input: 1050000,
Cold Start: false
Unique ID: 61f4b458-7bb0-4bfc-97a9-cac99a44141a,
Billed Duration for Request 61f4b458-7bb0-4bfc-97a9-cac99a44141a: 144 ms
Input: 1050000,
Cold Start: false
Unique ID: 23db0bef-8bb0-45df-b3ed-a1cd08920017,
Billed Duration for Request 23db0bef-8bb0-45df-b3ed-a1cd08920017: 84 ms
Input: 1050000,
Cold Start: false
Unique ID: 2e6d2856-985c-4833-9924-c38631d220b6,
Billed Duration for Request 2e6d2856-985c-4833-9924-c38631d220b6: 113 ms
Input: 1050000,
Cold Start: false
Unique ID: f7fcbb70-7bef-47d8-b6b1-d6a5dc348e72,
Billed Duration for Request f7fcbb70-7bef-47d8-b6b1-d6a5dc348e72: 114 ms
Input: 1050000,
Cold Start: false
Unique ID: 67da60bf-f466-4b8d-b2e5-b357a1b5e712,
Billed Duration for Request 67da60bf-f466-4b8d-b2e5-b357a1b5e712: 79 ms
Input: 1050000,
Cold Start: false
Unique ID: 0811c713-dcfc-467b-beff-bc7bb5ff985c,
Billed Duration for Request 0811c713-dcfc-467b-beff-bc7bb5ff985c: 143 ms
Input: 1050000,
Cold Start: false
Unique ID: 6a14f3af-06d9-41b3-aa2d-2357d068287e,
Billed Duration for Request 6a14f3af-06d9-41b3-aa2d-2357d068287e: 120 ms
Input: 1050000,
Cold Start: false
Unique ID: 35784db6-14cc-4ab7-b6db-31247639149c,
Billed Duration for Request 35784db6-14cc-4ab7-b6db-31247639149c: 113 ms
Input: 1050000,
Cold Start: false
Unique ID: bf3c8656-7269-4cd4-8d9c-075c13c8e24e,
Billed Duration for Request bf3c8656-7269-4cd4-8d9c-075c13c8e24e: 120 ms
Input: 1050000,
Cold Start: false
Unique ID: 40071021-81ad-4971-82e4-81af0ee0cb3f,
Billed Duration for Request 40071021-81ad-4971-82e4-81af0ee0cb3f: 96 ms
Input: 1050000,
Cold Start: false
Unique ID: 2662a97c-290f-4a3a-8b25-11785a065f35,
Billed Duration for Request 2662a97c-290f-4a3a-8b25-11785a065f35: 124 ms
Input: 1050000,
Cold Start: false
Unique ID: 81a0d462-c4a6-4f4d-af0a-d5ba3a41b621,
Billed Duration for Request 81a0d462-c4a6-4f4d-af0a-d5ba3a41b621: 94 ms
Input: 1050000,
Cold Start: false
Unique ID: c463a4a4-b513-4624-8784-cde45e539955,
Billed Duration for Request c463a4a4-b513-4624-8784-cde45e539955: 98 ms
Input: 1050000,
Cold Start: false
Unique ID: 86a1244c-28e2-4b9a-96c8-b161ffb07939,
Billed Duration for Request 86a1244c-28e2-4b9a-96c8-b161ffb07939: 115 ms
Input: 1050000,
Cold Start: false
Unique ID: c50ef62b-c3ce-4649-8e36-a2d16b6ec525,
Billed Duration for Request c50ef62b-c3ce-4649-8e36-a2d16b6ec525: 98 ms
Input: 1050000,
Cold Start: false
Unique ID: 1df3894b-c8f4-45dc-8561-8c22aeb8c892,
Billed Duration for Request 1df3894b-c8f4-45dc-8561-8c22aeb8c892: 137 ms
Input: 1050000,
Cold Start: false
Unique ID: 04a257ce-f200-4a6c-8ad5-4d474b7b9910,
Billed Duration for Request 04a257ce-f200-4a6c-8ad5-4d474b7b9910: 102 ms
Input: 1050000,
Cold Start: false
Unique ID: 14f6d051-88b2-4816-9dd1-f92e7fa9eb1f,
Billed Duration for Request 14f6d051-88b2-4816-9dd1-f92e7fa9eb1f: 100 ms
Input: 1050000,
Cold Start: false
Unique ID: 6000f1f2-bf88-4562-b41b-755347025b94,
Billed Duration for Request 6000f1f2-bf88-4562-b41b-755347025b94: 143 ms
Input: 1050000,
Cold Start: false
Unique ID: be8d704f-e259-43a3-8d01-e078a729e5ee,
Billed Duration for Request be8d704f-e259-43a3-8d01-e078a729e5ee: 97 ms
Input: 1050000,
Cold Start: false
Unique ID: 16ffeabe-85ad-4a01-9614-9fe2f44b8e52,
Billed Duration for Request 16ffeabe-85ad-4a01-9614-9fe2f44b8e52: 124 ms
Input: 1050000,
Cold Start: false
Unique ID: 3b0e0e5d-3982-4902-a327-855b530ef0ed,
Billed Duration for Request 3b0e0e5d-3982-4902-a327-855b530ef0ed: 82 ms
Input: 1050000,
Cold Start: false
Unique ID: b296dbe7-e34b-4049-b981-cce831de2012,
Billed Duration for Request b296dbe7-e34b-4049-b981-cce831de2012: 99 ms
Input: 1050000,
Cold Start: false
Unique ID: 43e1f831-c61f-4a08-b1f0-08e46a97bfd7,
Billed Duration for Request 43e1f831-c61f-4a08-b1f0-08e46a97bfd7: 123 ms
Input: 1050000,
Cold Start: false
Unique ID: cf910312-5872-465e-a73f-cc9343a13c73,
Billed Duration for Request cf910312-5872-465e-a73f-cc9343a13c73: 103 ms
Input: 1050000,
Cold Start: false
Unique ID: c8f73ffa-648b-41cc-901e-3156fbf5ec8f,
Billed Duration for Request c8f73ffa-648b-41cc-901e-3156fbf5ec8f: 102 ms
Input: 1050000,
Cold Start: false
Unique ID: 71687350-d767-4a96-a844-a5f0d81b91a0,
Billed Duration for Request 71687350-d767-4a96-a844-a5f0d81b91a0: 99 ms
Input: 1050000,
Cold Start: false
Unique ID: 1c367109-c475-4f13-94db-fb48a7a2f1e6,
Billed Duration for Request 1c367109-c475-4f13-94db-fb48a7a2f1e6: 141 ms
Input: 1050000,
Cold Start: false
Unique ID: 07b2492b-2b69-46d4-99f5-744d8237151a,
Billed Duration for Request 07b2492b-2b69-46d4-99f5-744d8237151a: 122 ms
Input: 1050000,
Cold Start: false
Unique ID: 68e2ff8a-76b7-4da9-89a5-050c910659e7,
Billed Duration for Request 68e2ff8a-76b7-4da9-89a5-050c910659e7: 101 ms
Input: 1050000,
Cold Start: false
Unique ID: 5f9f3230-c620-4570-8c8e-97fd6e24c64d,
Billed Duration for Request 5f9f3230-c620-4570-8c8e-97fd6e24c64d: 122 ms
Input: 1050000,
Cold Start: false
Unique ID: a1c42b94-8bbb-468a-a632-2d818df27a41,
Billed Duration for Request a1c42b94-8bbb-468a-a632-2d818df27a41: 80 ms
Input: 1050000,
Cold Start: false
Unique ID: d816d0fb-e959-4b00-8d03-cf2d77dca064,
Billed Duration for Request d816d0fb-e959-4b00-8d03-cf2d77dca064: 140 ms
Input: 1050000,
Cold Start: false
Unique ID: 985ca234-343c-4816-8d28-5d02ddd4fe7d,
Billed Duration for Request 985ca234-343c-4816-8d28-5d02ddd4fe7d: 104 ms
Input: 1050000,
Cold Start: false
Unique ID: 4499c8da-ab57-49b0-9f6c-20ee681e359b,
Billed Duration for Request 4499c8da-ab57-49b0-9f6c-20ee681e359b: 122 ms
Input: 1050000,
Cold Start: false
Unique ID: 1e13ff97-9fc7-440e-94bf-288c9a12aa81,
Billed Duration for Request 1e13ff97-9fc7-440e-94bf-288c9a12aa81: 111 ms
Input: 1050000,
Cold Start: false
Unique ID: 21bc7f42-93ab-4890-8d69-a6f162f31af7,
Billed Duration for Request 21bc7f42-93ab-4890-8d69-a6f162f31af7: 102 ms
Input: 1050000,
Cold Start: false
Unique ID: 6ecd00cf-4529-4bce-8c4d-34d979dc62f8,
Billed Duration for Request 6ecd00cf-4529-4bce-8c4d-34d979dc62f8: 95 ms
Input: 1050000,
Cold Start: false
Unique ID: 8282d524-d40a-421a-8baf-2e0180de2028,
Billed Duration for Request 8282d524-d40a-421a-8baf-2e0180de2028: 139 ms
Input: 1050000,
Cold Start: false
Unique ID: 0842a591-6da3-442f-ad7c-79659c8de318,
Billed Duration for Request 0842a591-6da3-442f-ad7c-79659c8de318: 76 ms
Input: 1050000,
Cold Start: false
Unique ID: b66ba28c-5a3f-4746-bbcd-d004854e34b4,
Billed Duration for Request b66ba28c-5a3f-4746-bbcd-d004854e34b4: 144 ms
Input: 1050000,
Cold Start: false
Unique ID: 87b3541b-932d-4c75-8b45-40d080352bba,
Billed Duration for Request 87b3541b-932d-4c75-8b45-40d080352bba: 83 ms
Input: 1050000,
Cold Start: false
Unique ID: 9f359b34-db1c-41d7-88ae-e0c9e5f15c8c,
Billed Duration for Request 9f359b34-db1c-41d7-88ae-e0c9e5f15c8c: 140 ms
Input: 1050000,
Cold Start: false
Unique ID: c6c94fe7-56fd-42fc-a5a4-095c2bb89dd3,
Billed Duration for Request c6c94fe7-56fd-42fc-a5a4-095c2bb89dd3: 119 ms
Input: 1050000,
Cold Start: false
Unique ID: de7b72ea-5486-4c7a-94f1-282463d70fc0,
Billed Duration for Request de7b72ea-5486-4c7a-94f1-282463d70fc0: 120 ms
Input: 1050000,
Cold Start: false
Unique ID: 5e7d1bbf-0b71-4f87-89b5-2dd01038607f,
Billed Duration for Request 5e7d1bbf-0b71-4f87-89b5-2dd01038607f: 102 ms
Input: 1050000,
Cold Start: false
Unique ID: 575fe430-e127-4955-b9db-ba6ad3dd28b1,
Billed Duration for Request 575fe430-e127-4955-b9db-ba6ad3dd28b1: 122 ms
Input: 1050000,
Cold Start: false
Unique ID: f6a87d98-7419-45d4-989f-f7ce0454d2fc,
Billed Duration for Request f6a87d98-7419-45d4-989f-f7ce0454d2fc: 80 ms
Input: 1050000,
Cold Start: false
Unique ID: 177ef81c-7797-4347-8577-56b4adb9eaff,
Billed Duration for Request 177ef81c-7797-4347-8577-56b4adb9eaff: 142 ms
Input: 1050000,
Cold Start: false
Unique ID: 3c5e7cc8-8a6a-4c19-963c-a345c64c9ed7,
Billed Duration for Request 3c5e7cc8-8a6a-4c19-963c-a345c64c9ed7: 123 ms
Input: 1050000,
Cold Start: false
Unique ID: 09b9847f-106f-438b-a7a5-efbb02d98159,
Billed Duration for Request 09b9847f-106f-438b-a7a5-efbb02d98159: 124 ms
Input: 1050000,
Cold Start: false
Unique ID: 5f24bbad-5079-4e5f-9ef8-536b97765e2a,
Billed Duration for Request 5f24bbad-5079-4e5f-9ef8-536b97765e2a: 84 ms
Input: 1050000,
Cold Start: false
Unique ID: 7974cac7-b1ba-4504-9fcd-2a6fed6ac1a7,
Billed Duration for Request 7974cac7-b1ba-4504-9fcd-2a6fed6ac1a7: 138 ms
Input: 1050000,
Cold Start: false
Unique ID: 901a82ef-be23-4a1b-b15e-ff0f1acc726e,
Billed Duration for Request 901a82ef-be23-4a1b-b15e-ff0f1acc726e: 86 ms
Input: 1050000,
Cold Start: false
Unique ID: a55c1a12-041c-4bbe-abab-6e79559ec983,
Billed Duration for Request a55c1a12-041c-4bbe-abab-6e79559ec983: 111 ms
Input: 1050000,
Cold Start: false
Unique ID: 1eac9465-6296-40c5-8df1-560d707f0524,
Billed Duration for Request 1eac9465-6296-40c5-8df1-560d707f0524: 117 ms
Input: 1050000,
Cold Start: false
Unique ID: 04d5e593-94f7-4707-acb4-2ac786e3a15a,
Billed Duration for Request 04d5e593-94f7-4707-acb4-2ac786e3a15a: 121 ms
Input: 1050000,
Cold Start: false
Unique ID: 47f8a0c1-0873-4a5a-b082-df13cd002ebc,
Billed Duration for Request 47f8a0c1-0873-4a5a-b082-df13cd002ebc: 115 ms
Input: 1050000,
Cold Start: false
Unique ID: 441592de-fb57-4994-9986-d9fd7a006971,
Billed Duration for Request 441592de-fb57-4994-9986-d9fd7a006971: 94 ms
Input: 1050000,
Cold Start: false
Unique ID: 91837a75-8d5e-4815-8a6e-43ad042b25d4,
Billed Duration for Request 91837a75-8d5e-4815-8a6e-43ad042b25d4: 117 ms
Input: 1050000,
Cold Start: false
Unique ID: 0750d533-34f2-4f36-9e0d-2c90fdd6294f,
Billed Duration for Request 0750d533-34f2-4f36-9e0d-2c90fdd6294f: 113 ms
Input: 1050000,
Cold Start: false
Unique ID: 4c3c72d8-fd6b-4e3e-bda6-9ecab4c91dfd,
Billed Duration for Request 4c3c72d8-fd6b-4e3e-bda6-9ecab4c91dfd: 116 ms
Input: 1050000,
Cold Start: false
Unique ID: 92506a27-d371-4704-9829-c4c8a1b883cf,
Billed Duration for Request 92506a27-d371-4704-9829-c4c8a1b883cf: 78 ms
Input: 1050000,
Cold Start: false
Unique ID: ca263bf5-2ea1-4617-9619-ace2c73bb145,
Billed Duration for Request ca263bf5-2ea1-4617-9619-ace2c73bb145: 136 ms
Input: 1050000,
Cold Start: false
Unique ID: b62d03fa-b08c-4576-9a01-e9402e0f25dd,
Billed Duration for Request b62d03fa-b08c-4576-9a01-e9402e0f25dd: 82 ms
Input: 1050000,
Cold Start: false
Unique ID: ec9f9345-498f-4365-9f00-b1c7fbe3d993,
Billed Duration for Request ec9f9345-498f-4365-9f00-b1c7fbe3d993: 99 ms
Input: 1050000,
Cold Start: false
Unique ID: 25a37ca4-0830-4a94-9c71-98b04f6f9c84,
Billed Duration for Request 25a37ca4-0830-4a94-9c71-98b04f6f9c84: 136 ms
Input: 1050000,
Cold Start: false
Unique ID: 43fe142b-e3a6-4272-bcf1-b984b1dbb9ca,
Billed Duration for Request 43fe142b-e3a6-4272-bcf1-b984b1dbb9ca: 100 ms
Input: 1050000,
Cold Start: false
Unique ID: e2fb7d6d-f39e-475f-8a36-177b624827d2,
Billed Duration for Request e2fb7d6d-f39e-475f-8a36-177b624827d2: 96 ms
Input: 1050000,
Cold Start: false
Unique ID: f4b81adc-df5f-4a85-8be5-27f581f56918,
Billed Duration for Request f4b81adc-df5f-4a85-8be5-27f581f56918: 138 ms
Input: 1050000,
Cold Start: false
Unique ID: 108aa390-a011-4258-ba6e-9e5c137d5816,
Billed Duration for Request 108aa390-a011-4258-ba6e-9e5c137d5816: 90 ms
Input: 1050000,
Cold Start: false
Unique ID: 49264ccf-78cd-418e-a493-3ed3466c5430,
Billed Duration for Request 49264ccf-78cd-418e-a493-3ed3466c5430: 124 ms
Input: 1050000,
Cold Start: false
Unique ID: 6dd74017-2709-4079-8fc3-0adb5dca7239,
Billed Duration for Request 6dd74017-2709-4079-8fc3-0adb5dca7239: 92 ms
Input: 1050000,
Cold Start: false
Unique ID: df1bd481-45f2-4496-a2db-3b919c41b114,
Billed Duration for Request df1bd481-45f2-4496-a2db-3b919c41b114: 95 ms
Input: 1050000,
Cold Start: false
Unique ID: d8050e73-30ef-4be3-9c0e-f0a5ea557a01,
Billed Duration for Request d8050e73-30ef-4be3-9c0e-f0a5ea557a01: 99 ms
Input: 1050000,
Cold Start: false
Unique ID: ed6ce08a-e225-43f1-969c-cc7cd5e8d2d5,
Billed Duration for Request ed6ce08a-e225-43f1-969c-cc7cd5e8d2d5: 137 ms
Input: 1050000,
Cold Start: false
Unique ID: 3a074f2d-a7d8-4f6a-b032-2227edbbe421,
Billed Duration for Request 3a074f2d-a7d8-4f6a-b032-2227edbbe421: 114 ms
Input: 1050000,
Cold Start: false
Unique ID: f167dc80-86c3-4f48-b892-fbaffb8e7f09,
Billed Duration for Request f167dc80-86c3-4f48-b892-fbaffb8e7f09: 115 ms
Input: 1050000,
Cold Start: false
Unique ID: e955a406-29ac-4693-9a11-d599bd21cb99,
Billed Duration for Request e955a406-29ac-4693-9a11-d599bd21cb99: 95 ms
Input: 1050000,
Cold Start: false
Unique ID: 44604c9a-dcaf-4822-85a8-358c86c528dc,
Billed Duration for Request 44604c9a-dcaf-4822-85a8-358c86c528dc: 120 ms
Input: 1050000,
Cold Start: false
Unique ID: 90204ac7-0d85-4844-a4e9-ec5963fd7180,
Billed Duration for Request 90204ac7-0d85-4844-a4e9-ec5963fd7180: 96 ms
Input: 1050000,
Cold Start: false
Unique ID: 8b2291d7-63b1-40c1-a9f7-6b104bdbee2f,
Billed Duration for Request 8b2291d7-63b1-40c1-a9f7-6b104bdbee2f: 136 ms
Input: 1050000,
Cold Start: false
Unique ID: 67f19b4e-e580-48cd-a705-6bbb3f8fe0e1,
Billed Duration for Request 67f19b4e-e580-48cd-a705-6bbb3f8fe0e1: 92 ms
Input: 1050000,
Cold Start: false
Unique ID: 28d86b77-5abb-4f49-ba76-471839ed82e4,
Billed Duration for Request 28d86b77-5abb-4f49-ba76-471839ed82e4: 115 ms
Input: 1050000,
Cold Start: false
Unique ID: bcf7fd2f-1cd3-4f93-9041-a0f3e1b22c0c,
Billed Duration for Request bcf7fd2f-1cd3-4f93-9041-a0f3e1b22c0c: 94 ms
Input: 1050000,
Cold Start: false
Unique ID: 03a98de6-26fa-40e7-9829-5dd7416d02d4,
Billed Duration for Request 03a98de6-26fa-40e7-9829-5dd7416d02d4: 116 ms
Input: 1050000,
Cold Start: false
Unique ID: 8fea3086-5494-464a-ace2-d9d1ead12403,
Billed Duration for Request 8fea3086-5494-464a-ace2-d9d1ead12403: 116 ms
Input: 1050000,
Cold Start: false
Unique ID: d48627f3-ec29-49af-9379-8dfab63ed73e,
Billed Duration for Request d48627f3-ec29-49af-9379-8dfab63ed73e: 91 ms
Input: 1050000,
Cold Start: false
Unique ID: 4e5726f3-e3ee-44fe-87da-fc13a0674126,
Billed Duration for Request 4e5726f3-e3ee-44fe-87da-fc13a0674126: 115 ms
Input: 1050000,
Cold Start: false
Unique ID: b6cd8ce6-e8ce-483d-b31a-093acc008e39,
Billed Duration for Request b6cd8ce6-e8ce-483d-b31a-093acc008e39: 73 ms
Input: 1050000,
Cold Start: false
Unique ID: 9caad2c8-3055-4040-81ed-df346cb5ccc9,
Billed Duration for Request 9caad2c8-3055-4040-81ed-df346cb5ccc9: 116 ms
Input: 1050000,
Cold Start: false
Unique ID: b779976d-24e2-4ff6-bc91-a29b042a0dc4,
Billed Duration for Request b779976d-24e2-4ff6-bc91-a29b042a0dc4: 92 ms
Input: 1050000,
Cold Start: false
Unique ID: b4063683-598d-43a2-a830-be46260bdb98,
Billed Duration for Request b4063683-598d-43a2-a830-be46260bdb98: 115 ms
Input: 1050000,
Cold Start: false
Unique ID: b6a7d92c-51cd-44c3-bb75-8ec67bcefbe0,
Billed Duration for Request b6a7d92c-51cd-44c3-bb75-8ec67bcefbe0: 91 ms
Input: 1050000,
Cold Start: false
Unique ID: 03f42bd3-dbff-4dff-8f46-ef7d42482aa0,
Billed Duration for Request 03f42bd3-dbff-4dff-8f46-ef7d42482aa0: 140 ms
Input: 1050000,
Cold Start: false
Unique ID: 5d4795dd-bb70-48ea-87c0-9cc6b41a8e26,
Billed Duration for Request 5d4795dd-bb70-48ea-87c0-9cc6b41a8e26: 90 ms
Input: 1050000,
Cold Start: false
Unique ID: b645aea7-11e3-48d5-9094-0aba0d813ff6,
Billed Duration for Request b645aea7-11e3-48d5-9094-0aba0d813ff6: 127 ms
Input: 1050000,
Cold Start: false
Unique ID: 981ac335-8f8d-4f51-ac90-fbfec0d339a6,
Billed Duration for Request 981ac335-8f8d-4f51-ac90-fbfec0d339a6: 80 ms
Input: 1050000,
Cold Start: false
Unique ID: 33052804-4228-4ee5-b56e-0faa4992afe8,
Billed Duration for Request 33052804-4228-4ee5-b56e-0faa4992afe8: 114 ms
Input: 1050000,
Cold Start: false
Unique ID: f86f11d9-f549-4d5c-93c6-1d1c77d07de5,
Billed Duration for Request f86f11d9-f549-4d5c-93c6-1d1c77d07de5: 132 ms
Input: 1050000,
Cold Start: false
Unique ID: 64f783a0-385e-4c7f-8b6d-e451fdb5a15e,
Billed Duration for Request 64f783a0-385e-4c7f-8b6d-e451fdb5a15e: 117 ms
Input: 1050000,
Cold Start: false
Unique ID: 3832ed0d-8111-4bb4-bbfa-fb8791465430,
Billed Duration for Request 3832ed0d-8111-4bb4-bbfa-fb8791465430: 97 ms
Input: 1050000,
Cold Start: false
Unique ID: 793e04a5-5ce2-4e05-9e00-76e13785190b,
Billed Duration for Request 793e04a5-5ce2-4e05-9e00-76e13785190b: 89 ms
Input: 1050000,
Cold Start: false
Unique ID: 6cef577c-e0a5-4647-914d-441e91653388,
Billed Duration for Request 6cef577c-e0a5-4647-914d-441e91653388: 141 ms
Input: 1050000,
Cold Start: false
Unique ID: 6690f301-e866-4f3f-a4df-afcbbd491974,
Billed Duration for Request 6690f301-e866-4f3f-a4df-afcbbd491974: 77 ms
Input: 1050000,
Cold Start: false
Unique ID: 90604efe-4f6e-4f3a-acd9-7841bea47273,
Billed Duration for Request 90604efe-4f6e-4f3a-acd9-7841bea47273: 140 ms
Input: 1050000,
Cold Start: false
Unique ID: 15f2fc9b-d23d-4a65-b2aa-c63f1bbab871,
Billed Duration for Request 15f2fc9b-d23d-4a65-b2aa-c63f1bbab871: 117 ms
Input: 1050000,
Cold Start: false
Unique ID: db8ebf8e-d3f6-4f53-96c4-255b7d3db9ac,
Billed Duration for Request db8ebf8e-d3f6-4f53-96c4-255b7d3db9ac: 75 ms
Input: 1050000,
Cold Start: false
Unique ID: 4ca94c23-638a-4221-b026-24db3f90b5ac,
Billed Duration for Request 4ca94c23-638a-4221-b026-24db3f90b5ac: 136 ms
Input: 1050000,
Cold Start: false
Unique ID: 17dfb7c5-f58f-4dce-9424-4538810282c5,
Billed Duration for Request 17dfb7c5-f58f-4dce-9424-4538810282c5: 72 ms
Input: 1050000,
Cold Start: false
Unique ID: 010a5042-91ab-469e-88c1-b87c0385d744,
Billed Duration for Request 010a5042-91ab-469e-88c1-b87c0385d744: 142 ms
Input: 1050000,
Cold Start: false
Unique ID: 13ea3a2b-397d-4a17-a31c-8bcdafc77533,
Billed Duration for Request 13ea3a2b-397d-4a17-a31c-8bcdafc77533: 100 ms
Input: 1050000,
Cold Start: false
Unique ID: 068ef3f3-9a51-4adc-b475-e652ba1a5dbf,
Billed Duration for Request 068ef3f3-9a51-4adc-b475-e652ba1a5dbf: 116 ms
Input: 1050000,
Cold Start: false
Unique ID: f700b03f-a555-4771-b5b8-763affd1e5ac,
Billed Duration for Request f700b03f-a555-4771-b5b8-763affd1e5ac: 110 ms
Input: 1050000,
Cold Start: false
Unique ID: 3c108437-6804-457c-a1d1-36daf8a2ea1d,
Billed Duration for Request 3c108437-6804-457c-a1d1-36daf8a2ea1d: 89 ms
Input: 1050000,
Cold Start: false
Unique ID: f5f73012-1ba4-4bf8-b199-af4cebb65651,
Billed Duration for Request f5f73012-1ba4-4bf8-b199-af4cebb65651: 114 ms
Input: 1050000,
Cold Start: false
Unique ID: 6d5139c2-30ca-4002-8b31-9710e92c708a,
Billed Duration for Request 6d5139c2-30ca-4002-8b31-9710e92c708a: 72 ms
Input: 1050000,
Cold Start: false
Unique ID: 980fce90-189a-4cec-8c36-8c8e0a200ec4,
Billed Duration for Request 980fce90-189a-4cec-8c36-8c8e0a200ec4: 139 ms
Input: 1050000,
Cold Start: false
Unique ID: 858b4922-acc9-410c-a7c7-cd9ead6cd267,
Billed Duration for Request 858b4922-acc9-410c-a7c7-cd9ead6cd267: 96 ms
Input: 1050000,
Cold Start: false
Unique ID: 488494d6-2257-40a7-94ea-c53dfb6d719f,
Billed Duration for Request 488494d6-2257-40a7-94ea-c53dfb6d719f: 123 ms
Input: 1050000,
Cold Start: false
Unique ID: 89195037-6be2-47a4-bd5c-4d820979f3c2,
Billed Duration for Request 89195037-6be2-47a4-bd5c-4d820979f3c2: 87 ms
Input: 1050000,
Cold Start: false
Unique ID: 66fec3eb-0a67-412c-9c9e-4c1980bc686d,
Billed Duration for Request 66fec3eb-0a67-412c-9c9e-4c1980bc686d: 137 ms
Input: 1050000,
Cold Start: false
Unique ID: ab656ad2-eed3-4fd5-b1ca-a3bc1d62cb36,
Billed Duration for Request ab656ad2-eed3-4fd5-b1ca-a3bc1d62cb36: 102 ms
Input: 1050000,
Cold Start: false
Unique ID: fbc68975-8d91-420a-b83c-e9787330d282,
Billed Duration for Request fbc68975-8d91-420a-b83c-e9787330d282: 99 ms
Input: 1050000,
Cold Start: false
Unique ID: 9377b69b-6a78-45f1-a46b-9dbde6b268de,
Billed Duration for Request 9377b69b-6a78-45f1-a46b-9dbde6b268de: 102 ms
Input: 1050000,
Cold Start: false
Unique ID: 900812b7-5805-42d9-9ae2-22b11dc8aa19,
Billed Duration for Request 900812b7-5805-42d9-9ae2-22b11dc8aa19: 102 ms
Input: 1050000,
Cold Start: false
Unique ID: 215b7e3c-3e13-4acf-a492-b21cfd316488,
Billed Duration for Request 215b7e3c-3e13-4acf-a492-b21cfd316488: 114 ms
Input: 1050000,
Cold Start: false
Unique ID: 0ec06e9a-d592-4929-92a1-3ae3d12726a9,
Billed Duration for Request 0ec06e9a-d592-4929-92a1-3ae3d12726a9: 93 ms
Input: 1050000,
Cold Start: false
Unique ID: ac093a64-54f4-4145-b2de-7a2a4c095862,
Billed Duration for Request ac093a64-54f4-4145-b2de-7a2a4c095862: 99 ms
Input: 1050000,
Cold Start: false
Unique ID: d1140d50-bf4d-4355-b2a5-a1e3baacc616,
Billed Duration for Request d1140d50-bf4d-4355-b2a5-a1e3baacc616: 108 ms
Input: 1050000,
Cold Start: false
Unique ID: a0b1c147-5d82-4c44-a126-f4d9d2d211f0,
Billed Duration for Request a0b1c147-5d82-4c44-a126-f4d9d2d211f0: 94 ms
Input: 1050000,
Cold Start: false
Unique ID: 8b5b19ae-b7d0-4f77-b2a6-46391ea086e6,
Billed Duration for Request 8b5b19ae-b7d0-4f77-b2a6-46391ea086e6: 142 ms
Input: 1050000,
Cold Start: false
Unique ID: befbfa4d-9eb4-48ca-94eb-09a59641d70d,
Billed Duration for Request befbfa4d-9eb4-48ca-94eb-09a59641d70d: 118 ms
Input: 1050000,
Cold Start: false
Unique ID: 7d9a63c8-7794-4525-9419-c6c5c0df964e,
Billed Duration for Request 7d9a63c8-7794-4525-9419-c6c5c0df964e: 80 ms
Input: 1050000,
Cold Start: false
Unique ID: 00ddce73-2c14-4ebc-b927-962b9f097a89,
Billed Duration for Request 00ddce73-2c14-4ebc-b927-962b9f097a89: 99 ms
Input: 1050000,
Cold Start: false
Unique ID: 1499abbb-226e-43c1-9181-9c6176424798,
Billed Duration for Request 1499abbb-226e-43c1-9181-9c6176424798: 133 ms
Input: 1050000,
Cold Start: false
Unique ID: 59547f2e-7c82-4dfb-8261-efcfe36f9eb6,
Billed Duration for Request 59547f2e-7c82-4dfb-8261-efcfe36f9eb6: 81 ms
Input: 1050000,
Cold Start: false
Unique ID: 6b220065-a30b-4d79-baf7-c19e5348b2c2,
Billed Duration for Request 6b220065-a30b-4d79-baf7-c19e5348b2c2: 136 ms
Input: 1050000,
Cold Start: false
Unique ID: 94394e21-5b81-4b79-91e1-4a2ddc30ca3c,
Billed Duration for Request 94394e21-5b81-4b79-91e1-4a2ddc30ca3c: 113 ms
Input: 1050000,
Cold Start: false
Unique ID: 39c31dbe-ac49-443a-a0a3-d426cb196a32,
Billed Duration for Request 39c31dbe-ac49-443a-a0a3-d426cb196a32: 115 ms
Input: 1050000,
Cold Start: false
Unique ID: 23e47e3d-87a0-422d-bce6-fbe3904e9b89,
Billed Duration for Request 23e47e3d-87a0-422d-bce6-fbe3904e9b89: 80 ms
Input: 1050000,
Cold Start: false
Unique ID: a105914f-666e-47a5-be16-ad26233de563,
Billed Duration for Request a105914f-666e-47a5-be16-ad26233de563: 139 ms
Input: 1050000,
Cold Start: false
Unique ID: 35e8fd21-ba20-49ef-a5fa-2e6c003b655a,
Billed Duration for Request 35e8fd21-ba20-49ef-a5fa-2e6c003b655a: 79 ms
Input: 1050000,
Cold Start: false
Unique ID: 8e07ae9b-0318-4969-a59a-eb4442885e19,
Billed Duration for Request 8e07ae9b-0318-4969-a59a-eb4442885e19: 133 ms
Input: 1050000,
Cold Start: false
Unique ID: 40eb19c0-587c-41f9-bca8-9117ceba1c34,
Billed Duration for Request 40eb19c0-587c-41f9-bca8-9117ceba1c34: 107 ms
Input: 1050000,
Cold Start: false
Unique ID: e89e36de-a17c-4dd1-a819-62ae17b661fa,
Billed Duration for Request e89e36de-a17c-4dd1-a819-62ae17b661fa: 101 ms
Input: 1050000,
Cold Start: false
Unique ID: 5ab86867-0df2-4494-8006-697523f11ef0,
Billed Duration for Request 5ab86867-0df2-4494-8006-697523f11ef0: 135 ms
Input: 1050000,
Cold Start: false
Unique ID: 2f2efba7-7278-4ab4-891a-6516d79792e9,
Billed Duration for Request 2f2efba7-7278-4ab4-891a-6516d79792e9: 117 ms
Input: 1050000,
Cold Start: false
Unique ID: 75b0b7a5-43db-45e7-956f-62a9b4a2474c,
Billed Duration for Request 75b0b7a5-43db-45e7-956f-62a9b4a2474c: 93 ms
Input: 1050000,
Cold Start: false
Unique ID: 9701dcf5-073f-4e7b-820c-89493c116140,
Billed Duration for Request 9701dcf5-073f-4e7b-820c-89493c116140: 126 ms
Input: 1050000,
Cold Start: false
Unique ID: c7d53074-0d29-4d73-a88a-36a1dd8c2945,
Billed Duration for Request c7d53074-0d29-4d73-a88a-36a1dd8c2945: 116 ms
Input: 1050000,
Cold Start: false
Unique ID: 547da4bd-df57-40eb-874b-4b74a476d9d0,
Billed Duration for Request 547da4bd-df57-40eb-874b-4b74a476d9d0: 115 ms
Input: 1050000,
Cold Start: false
Unique ID: 32a1f5d2-49f0-4d1f-a164-056cda61a2ec,
Billed Duration for Request 32a1f5d2-49f0-4d1f-a164-056cda61a2ec: 116 ms
Input: 1050000,
Cold Start: false
Unique ID: 9fd84872-5e77-404f-9fa4-04ac3dde05a2,
Billed Duration for Request 9fd84872-5e77-404f-9fa4-04ac3dde05a2: 72 ms
Input: 1050000,
Cold Start: false
Unique ID: 54afeba6-5e38-433b-b4a2-0b21efdf8dc7,
Billed Duration for Request 54afeba6-5e38-433b-b4a2-0b21efdf8dc7: 138 ms
Input: 1050000,
Cold Start: false
Unique ID: 50537f06-29e4-4339-9311-c19caddfc497,
Billed Duration for Request 50537f06-29e4-4339-9311-c19caddfc497: 117 ms
Input: 1050000,
Cold Start: false
Unique ID: c54a4c58-9c81-477e-a7e7-67eef43d23ae,
Billed Duration for Request c54a4c58-9c81-477e-a7e7-67eef43d23ae: 80 ms
Input: 1050000,
Cold Start: false
Unique ID: 5b9bf8c9-26d3-4a30-b0c8-3e41eae146d2,
Billed Duration for Request 5b9bf8c9-26d3-4a30-b0c8-3e41eae146d2: 109 ms
Input: 1050000,
Cold Start: false
Unique ID: a4628a77-a43a-42e7-86c0-c28854fd638c,
Billed Duration for Request a4628a77-a43a-42e7-86c0-c28854fd638c: 131 ms
Input: 1050000,
Cold Start: false
Unique ID: 97a4c282-b8e4-4c2b-8d08-d93d2db1bfb8,
Billed Duration for Request 97a4c282-b8e4-4c2b-8d08-d93d2db1bfb8: 115 ms
Input: 1050000,
Cold Start: false
Unique ID: 84854452-869b-4828-b6ea-142683452521,
Billed Duration for Request 84854452-869b-4828-b6ea-142683452521: 118 ms
Input: 1050000,
Cold Start: false
Unique ID: 395f2140-d059-463b-9a92-a7c23167bcaf,
Billed Duration for Request 395f2140-d059-463b-9a92-a7c23167bcaf: 76 ms
Input: 1050000,
Cold Start: false
Unique ID: 9b2958e9-0c82-4772-a1ca-cfa7f6f6c8a1,
Billed Duration for Request 9b2958e9-0c82-4772-a1ca-cfa7f6f6c8a1: 138 ms
Input: 1050000,
Cold Start: false
Unique ID: 19495a1c-8413-4f2a-ad16-81e9dd0a8aa3,
Billed Duration for Request 19495a1c-8413-4f2a-ad16-81e9dd0a8aa3: 114 ms
Input: 1050000,
Cold Start: false
Unique ID: 98d5d24e-1bfb-443d-b992-5fd838f89841,
Billed Duration for Request 98d5d24e-1bfb-443d-b992-5fd838f89841: 119 ms
Input: 1050000,
Cold Start: false
Unique ID: 9d1846b5-ade7-499e-9dc0-ffa7a9e6e748,
Billed Duration for Request 9d1846b5-ade7-499e-9dc0-ffa7a9e6e748: 79 ms
Input: 1050000,
Cold Start: false
Unique ID: 2b8375b8-31bb-4fed-96fd-862a7455a828,
Billed Duration for Request 2b8375b8-31bb-4fed-96fd-862a7455a828: 139 ms
Input: 1050000,
Cold Start: false
Unique ID: cfb6eec9-47ec-4f0d-bb94-a9fa059c5db5,
Billed Duration for Request cfb6eec9-47ec-4f0d-bb94-a9fa059c5db5: 95 ms
Input: 1050000,
Cold Start: false
Unique ID: 46171574-20aa-420d-a792-80f7f981e95a,
Billed Duration for Request 46171574-20aa-420d-a792-80f7f981e95a: 73 ms
Input: 1050000,
Cold Start: false
Unique ID: c66fa70f-cd31-41d9-8668-ccd96228c3b7,
Billed Duration for Request c66fa70f-cd31-41d9-8668-ccd96228c3b7: 132 ms
Input: 1050000,
Cold Start: false
Unique ID: 0c67ef60-271a-451c-a8a7-8f0bb157032c,
Billed Duration for Request 0c67ef60-271a-451c-a8a7-8f0bb157032c: 119 ms
Input: 1050000,
Cold Start: false
Unique ID: f38b425e-a613-4735-aabc-d464f144daa3,
Billed Duration for Request f38b425e-a613-4735-aabc-d464f144daa3: 96 ms
Input: 1050000,
Cold Start: false
Unique ID: a4da4f4e-abdb-4c58-a923-941d2e505ad6,
Billed Duration for Request a4da4f4e-abdb-4c58-a923-941d2e505ad6: 136 ms
Input: 1050000,
Cold Start: false
Unique ID: 464da7a1-1213-4a75-9832-590b5c84278d,
Billed Duration for Request 464da7a1-1213-4a75-9832-590b5c84278d: 76 ms
Input: 1050000,
Cold Start: false
Unique ID: 322cffe2-488f-4e8a-a282-33b697fbe5bd,
Billed Duration for Request 322cffe2-488f-4e8a-a282-33b697fbe5bd: 138 ms
Input: 1050000,
Cold Start: false
Unique ID: adde3976-15b5-4857-ae88-5ab9b590baa9,
Billed Duration for Request adde3976-15b5-4857-ae88-5ab9b590baa9: 111 ms
Input: 1050000,
Cold Start: false
Unique ID: 70d21b31-156a-43c8-b128-f798032edb88,
Billed Duration for Request 70d21b31-156a-43c8-b128-f798032edb88: 98 ms
Input: 1050000,
Cold Start: false
Unique ID: 7a808cd4-5bc7-4dbd-9a1f-44cffd64c3f3,
Billed Duration for Request 7a808cd4-5bc7-4dbd-9a1f-44cffd64c3f3: 99 ms
Input: 1050000,
Cold Start: false
Unique ID: 46bc3425-eccd-4973-bd39-edafbeefec24,
Billed Duration for Request 46bc3425-eccd-4973-bd39-edafbeefec24: 139 ms
Input: 1050000,
Cold Start: false
Unique ID: ac6b5931-fd8d-4336-bc97-c13baa558973,
Billed Duration for Request ac6b5931-fd8d-4336-bc97-c13baa558973: 95 ms
Input: 1050000,
Cold Start: false
Unique ID: 298f0f51-f40e-427c-a710-95fea9bff466,
Billed Duration for Request 298f0f51-f40e-427c-a710-95fea9bff466: 137 ms
Input: 1050000,
Cold Start: false
Unique ID: ebe2d49a-4f7f-4e34-9c0e-1a72be309a75,
Billed Duration for Request ebe2d49a-4f7f-4e34-9c0e-1a72be309a75: 98 ms
Input: 1050000,
Cold Start: false
Unique ID: 291d78f6-ca51-48d6-83f7-3e2b761683c7,
Billed Duration for Request 291d78f6-ca51-48d6-83f7-3e2b761683c7: 135 ms
Input: 1050000,
Cold Start: false
Unique ID: 6513fe0e-cdc5-4d00-b7f4-6375138a5b68,
Billed Duration for Request 6513fe0e-cdc5-4d00-b7f4-6375138a5b68: 117 ms
Input: 1050000,
Cold Start: false
Unique ID: 1369d234-cd3a-44a1-8ae7-c5de3a148243,
Billed Duration for Request 1369d234-cd3a-44a1-8ae7-c5de3a148243: 99 ms
Input: 1050000,
Cold Start: false
Unique ID: 43a66bad-ce17-4055-844e-7669c47f2283,
Billed Duration for Request 43a66bad-ce17-4055-844e-7669c47f2283: 100 ms
Input: 1050000,
Cold Start: false
Unique ID: 23866ac4-6fc1-42fe-8980-8f71eaeb00bb,
Billed Duration for Request 23866ac4-6fc1-42fe-8980-8f71eaeb00bb: 117 ms
Input: 1050000,
Cold Start: false
Unique ID: 6fb5904f-5162-4b06-b2b4-51dd2aa74ad1,
Billed Duration for Request 6fb5904f-5162-4b06-b2b4-51dd2aa74ad1: 95 ms
Input: 1050000,
Cold Start: false
Unique ID: 3ab7fb1d-ce68-4950-be73-0421d7298b05,
Billed Duration for Request 3ab7fb1d-ce68-4950-be73-0421d7298b05: 134 ms
Input: 1050000,
Cold Start: false
Unique ID: 51063012-93d3-4761-865f-e98bae35c7bf,
Billed Duration for Request 51063012-93d3-4761-865f-e98bae35c7bf: 97 ms
Input: 1050000,
Cold Start: false
Unique ID: 5a652836-bf76-4620-b8ca-4ab765e5102f,
Billed Duration for Request 5a652836-bf76-4620-b8ca-4ab765e5102f: 95 ms
Input: 1050000,
Cold Start: false
Unique ID: 51c4eaa3-a325-4d9f-b46b-55095db1ea65,
Billed Duration for Request 51c4eaa3-a325-4d9f-b46b-55095db1ea65: 136 ms
Input: 1050000,
Cold Start: false
Unique ID: 17f47419-cf38-4a53-9ac1-0f7d63096af7,
Billed Duration for Request 17f47419-cf38-4a53-9ac1-0f7d63096af7: 119 ms
Input: 1050000,
Cold Start: false
Unique ID: d5cffac9-21a9-451a-8470-e4250c4e66b6,
Billed Duration for Request d5cffac9-21a9-451a-8470-e4250c4e66b6: 77 ms
Input: 1050000,
Cold Start: false
Unique ID: 18b9019c-fd04-4c76-a079-ef61257ee697,
Billed Duration for Request 18b9019c-fd04-4c76-a079-ef61257ee697: 139 ms
Input: 1050000,
Cold Start: false
Unique ID: a644428b-f53e-4d2a-83f3-afdf880b70b5,
Billed Duration for Request a644428b-f53e-4d2a-83f3-afdf880b70b5: 121 ms
Input: 1050000,
Cold Start: false
Unique ID: 5ad30fba-8f74-460d-8eef-4fc98e9f0460,
Billed Duration for Request 5ad30fba-8f74-460d-8eef-4fc98e9f0460: 114 ms
Input: 1050000,
Cold Start: false
Unique ID: 29b0c7f3-2164-4ae0-af30-5a1a9880c4dd,
Billed Duration for Request 29b0c7f3-2164-4ae0-af30-5a1a9880c4dd: 118 ms
Input: 1050000,
Cold Start: false
Unique ID: e449c62f-907c-41c6-a816-2e9ecd761341,
Billed Duration for Request e449c62f-907c-41c6-a816-2e9ecd761341: 137 ms
Input: 1050000,
Cold Start: false
Unique ID: 64ef93b2-11ed-4a65-b6e7-8d2681208111,
Billed Duration for Request 64ef93b2-11ed-4a65-b6e7-8d2681208111: 72 ms
Input: 1050000,
Cold Start: false
Unique ID: 762fbe42-09a0-4ac3-82e7-7fd4f6c1d4ef,
Billed Duration for Request 762fbe42-09a0-4ac3-82e7-7fd4f6c1d4ef: 137 ms
Input: 1050000,
Cold Start: false
Unique ID: 3add76ca-2fda-4750-a1f8-1c018fb404aa,
Billed Duration for Request 3add76ca-2fda-4750-a1f8-1c018fb404aa: 113 ms
Input: 1050000,
Cold Start: false
Unique ID: 63922e35-859f-4d48-88a8-7c665442bc94,
Billed Duration for Request 63922e35-859f-4d48-88a8-7c665442bc94: 96 ms
Input: 1050000,
Cold Start: false
Unique ID: 06efe188-0948-4601-9cfe-e4c3037a96ef,
Billed Duration for Request 06efe188-0948-4601-9cfe-e4c3037a96ef: 92 ms
Input: 1050000,
Cold Start: false
Unique ID: 4b60c781-ab4e-458c-9545-5715c6c944a8,
Billed Duration for Request 4b60c781-ab4e-458c-9545-5715c6c944a8: 139 ms
Input: 1050000,
Cold Start: false
Unique ID: 7645a938-49fc-4508-ba75-91e855669af0,
Billed Duration for Request 7645a938-49fc-4508-ba75-91e855669af0: 73 ms
Input: 1050000,
Cold Start: false
Unique ID: 26212c3c-7c18-41d7-9943-93b37dd09ac3,
Billed Duration for Request 26212c3c-7c18-41d7-9943-93b37dd09ac3: 135 ms
Input: 1050000,
Cold Start: false
Unique ID: 5d74b7c0-2ea6-4146-bdea-fbc976a30024,
Billed Duration for Request 5d74b7c0-2ea6-4146-bdea-fbc976a30024: 117 ms
Input: 1050000,
Cold Start: false
Unique ID: f963fdbe-e198-4380-9961-51dd8723ce77,
Billed Duration for Request f963fdbe-e198-4380-9961-51dd8723ce77: 112 ms
Input: 1050000,
Cold Start: false
Unique ID: 1f4f234c-7d2b-4954-9ed8-130cc7c38a5e,
Billed Duration for Request 1f4f234c-7d2b-4954-9ed8-130cc7c38a5e: 83 ms
Input: 1050000,
Cold Start: false
Unique ID: cd70d7d1-f3d9-4d8a-adeb-0998b3b53200,
Billed Duration for Request cd70d7d1-f3d9-4d8a-adeb-0998b3b53200: 136 ms
Input: 1050000,
Cold Start: false
Unique ID: 18321ce6-58be-4bab-9d64-870dbb540d0a,
Billed Duration for Request 18321ce6-58be-4bab-9d64-870dbb540d0a: 112 ms
Input: 1050000,
Cold Start: false
Unique ID: f51390a4-afe9-46b0-a97e-d00f59f19b1e,
Billed Duration for Request f51390a4-afe9-46b0-a97e-d00f59f19b1e: 77 ms
Input: 1050000,
Cold Start: false
Unique ID: 1f6ca8a6-1c49-4f88-bda3-273bbd04d7b9,
Billed Duration for Request 1f6ca8a6-1c49-4f88-bda3-273bbd04d7b9: 136 ms
Input: 1050000,
Cold Start: false
Unique ID: a69f2403-c5b8-46de-b569-b9d9917b0192,
Billed Duration for Request a69f2403-c5b8-46de-b569-b9d9917b0192: 93 ms
Input: 1050000,
Cold Start: false
Unique ID: 146b6785-e5f9-4363-b2ad-29086813b467,
Billed Duration for Request 146b6785-e5f9-4363-b2ad-29086813b467: 131 ms
Input: 1050000,
Cold Start: false
Unique ID: d57579a7-b3b5-48cc-8421-b1c17a18cc5c,
Billed Duration for Request d57579a7-b3b5-48cc-8421-b1c17a18cc5c: 110 ms
Input: 1050000,
Cold Start: false
Unique ID: d8741cdb-441d-49b9-bed9-e31650d16041,
Billed Duration for Request d8741cdb-441d-49b9-bed9-e31650d16041: 117 ms
Input: 1050000,
Cold Start: false
Unique ID: 0465ad0e-b6cb-4395-a93c-9fba9365820f,
Billed Duration for Request 0465ad0e-b6cb-4395-a93c-9fba9365820f: 81 ms
Input: 1050000,
Cold Start: false
Unique ID: c724473e-5bad-4d06-9bfe-704db4dd2f7f,
Billed Duration for Request c724473e-5bad-4d06-9bfe-704db4dd2f7f: 133 ms
Input: 1050000,
Cold Start: false
Unique ID: 1c88c32d-0891-471b-a890-080ae6eb020a,
Billed Duration for Request 1c88c32d-0891-471b-a890-080ae6eb020a: 112 ms
Input: 1050000,
Cold Start: false
Unique ID: 85db551b-1e93-4c49-9fa5-99968314311f,
Billed Duration for Request 85db551b-1e93-4c49-9fa5-99968314311f: 115 ms
Input: 1050000,
Cold Start: false
Unique ID: aacb274c-40dd-43a8-9a17-e59d919da15b,
Billed Duration for Request aacb274c-40dd-43a8-9a17-e59d919da15b: 80 ms
Input: 1050000,
Cold Start: false
Unique ID: 302d5727-d26b-4039-b7fb-8bdb630c7056,
Billed Duration for Request 302d5727-d26b-4039-b7fb-8bdb630c7056: 115 ms
Input: 1050000,
Cold Start: false
Unique ID: 996f84ab-92ee-40ff-be05-229678cf45b8,
Billed Duration for Request 996f84ab-92ee-40ff-be05-229678cf45b8: 139 ms
Input: 1050000,
Cold Start: false
Unique ID: 3398237c-3bdc-4fbe-80f4-82cbb3c216dc,
Billed Duration for Request 3398237c-3bdc-4fbe-80f4-82cbb3c216dc: 115 ms
Input: 1050000,
Cold Start: false
Unique ID: b2b5bb4d-a679-47dc-8b67-4ead8a4f4d3c,
Billed Duration for Request b2b5bb4d-a679-47dc-8b67-4ead8a4f4d3c: 111 ms
Input: 1050000,
Cold Start: false
Unique ID: 21c9d8c2-8306-4c79-ad58-1d5537264f35,
Billed Duration for Request 21c9d8c2-8306-4c79-ad58-1d5537264f35: 98 ms
Input: 1050000,
Cold Start: false
Unique ID: d332b161-9e81-4519-9cb1-e0ab38d8c12d,
Billed Duration for Request d332b161-9e81-4519-9cb1-e0ab38d8c12d: 98 ms
Input: 1050000,
Cold Start: false
Unique ID: c3876ae6-d2fa-4224-9187-e8aecfaf672f,
Billed Duration for Request c3876ae6-d2fa-4224-9187-e8aecfaf672f: 138 ms
Input: 1050000,
Cold Start: false
Unique ID: 86c636dc-b2f9-43c3-8932-ad01afb859f0,
Billed Duration for Request 86c636dc-b2f9-43c3-8932-ad01afb859f0: 93 ms
Input: 1050000,
Cold Start: false
Unique ID: 29be6638-f7c4-43bb-a0cf-85be0f422241,
Billed Duration for Request 29be6638-f7c4-43bb-a0cf-85be0f422241: 97 ms
Input: 1050000,
Cold Start: false
Unique ID: ed8fdf66-e657-4946-adad-0097dacf68d8,
Billed Duration for Request ed8fdf66-e657-4946-adad-0097dacf68d8: 106 ms
Input: 1050000,
Cold Start: false
Unique ID: 5ee613b3-903b-43d2-8f0c-1c82430b3259,
Billed Duration for Request 5ee613b3-903b-43d2-8f0c-1c82430b3259: 107 ms
Input: 1050000,
Cold Start: false
Unique ID: e56dc3f4-3de1-488e-b274-ab3f5d804cc4,
Billed Duration for Request e56dc3f4-3de1-488e-b274-ab3f5d804cc4: 82 ms
Input: 1050000,
Cold Start: false
Unique ID: 05e2593e-5bec-4f69-8267-05288f38ca2b,
Billed Duration for Request 05e2593e-5bec-4f69-8267-05288f38ca2b: 141 ms
Input: 1050000,
Cold Start: false
Unique ID: ca0741e3-41e9-488b-a0fa-5aa999e34f97,
Billed Duration for Request ca0741e3-41e9-488b-a0fa-5aa999e34f97: 116 ms
Input: 1050000,
Cold Start: false
Unique ID: 06b12405-ca2f-448e-9747-749eebf40d18,
Billed Duration for Request 06b12405-ca2f-448e-9747-749eebf40d18: 90 ms
Input: 1050000,
Cold Start: false
Unique ID: 9e51aa8e-8c87-455f-9c70-e5da65d2fff4,
Billed Duration for Request 9e51aa8e-8c87-455f-9c70-e5da65d2fff4: 97 ms
Input: 1050000,
Cold Start: false
Unique ID: d5269470-c430-4594-9e6d-8d7f099d7997,
Billed Duration for Request d5269470-c430-4594-9e6d-8d7f099d7997: 135 ms
Input: 1050000,
Cold Start: false
Unique ID: bed66e89-5fcf-4d10-8127-7bb498f68197,
Billed Duration for Request bed66e89-5fcf-4d10-8127-7bb498f68197: 116 ms
Input: 1050000,
Cold Start: false
Unique ID: d15af337-3d40-40e0-b48a-1d6b0aa35a00,
Billed Duration for Request d15af337-3d40-40e0-b48a-1d6b0aa35a00: 129 ms
Input: 1050000,
Cold Start: false
Unique ID: 4df3fc90-6211-422d-b8ec-bf8da569c96a,
Billed Duration for Request 4df3fc90-6211-422d-b8ec-bf8da569c96a: 97 ms
Input: 1050000,
Cold Start: false
Unique ID: 3a780abc-ace8-4257-823b-3b184538754b,
Billed Duration for Request 3a780abc-ace8-4257-823b-3b184538754b: 75 ms
Input: 1050000,
Cold Start: false
Unique ID: a64dbdda-79ea-46d2-a4fe-f35d0e80c2e8,
Billed Duration for Request a64dbdda-79ea-46d2-a4fe-f35d0e80c2e8: 136 ms
Input: 1050000,
Cold Start: false
Unique ID: 33069018-d25e-48b8-b11d-2566c4f6958f,
Billed Duration for Request 33069018-d25e-48b8-b11d-2566c4f6958f: 95 ms
Input: 1050000,
Cold Start: false
Unique ID: 825c7843-01b0-4222-aa44-0a3654dc5cc0,
Billed Duration for Request 825c7843-01b0-4222-aa44-0a3654dc5cc0: 141 ms
Input: 1050000,
Cold Start: false
Unique ID: 56f5f17d-8e24-488c-9686-ec8251b5800c,
Billed Duration for Request 56f5f17d-8e24-488c-9686-ec8251b5800c: 72 ms
Input: 1050000,
Cold Start: false
Unique ID: 5b4eeeee-3360-474f-b7c4-1939601745d8,
Billed Duration for Request 5b4eeeee-3360-474f-b7c4-1939601745d8: 179 ms
Input: 1050000,
Cold Start: false
Unique ID: 04e9de72-fd6b-4472-8ec1-0ea3399f2000,
Billed Duration for Request 04e9de72-fd6b-4472-8ec1-0ea3399f2000: 115 ms
Input: 1050000,
Cold Start: false
Unique ID: b552080c-6b31-40fa-a06f-b63687c60319,
Billed Duration for Request b552080c-6b31-40fa-a06f-b63687c60319: 132 ms
Input: 1050000,
Cold Start: false
Unique ID: d0c61a1d-00ea-4122-aff7-dab117300dc4,
Billed Duration for Request d0c61a1d-00ea-4122-aff7-dab117300dc4: 115 ms
Input: 1050000,
Cold Start: false
Unique ID: b12725d4-10e4-4382-8f08-eca61ef74541,
Billed Duration for Request b12725d4-10e4-4382-8f08-eca61ef74541: 113 ms
Input: 1050000,
Cold Start: false
Unique ID: ceba2810-4b9c-4cc5-ac02-25fff6a1deed,
Billed Duration for Request ceba2810-4b9c-4cc5-ac02-25fff6a1deed: 113 ms
Input: 1050000,
Cold Start: false
Unique ID: 081c6b20-8b0a-46ff-b7f0-09e165d3e412,
Billed Duration for Request 081c6b20-8b0a-46ff-b7f0-09e165d3e412: 155 ms
Input: 1050000,
Cold Start: false
Unique ID: 645b0490-7553-47b7-a251-2d398baa0b58,
Billed Duration for Request 645b0490-7553-47b7-a251-2d398baa0b58: 115 ms
Input: 1050000,
Cold Start: false
Unique ID: f0bb84e5-e29d-418b-8b80-ca98486bd0ce,
Billed Duration for Request f0bb84e5-e29d-418b-8b80-ca98486bd0ce: 105 ms
Input: 1050000,
Cold Start: false
Unique ID: 7d72708b-79c7-44a4-89fe-c5f903fe05c4,
Billed Duration for Request 7d72708b-79c7-44a4-89fe-c5f903fe05c4: 174 ms
Input: 1050000,
Cold Start: false
Unique ID: e1133ed5-8829-4383-be29-f696ff685d93,
Billed Duration for Request e1133ed5-8829-4383-be29-f696ff685d93: 110 ms
Input: 1050000,
Cold Start: false
Unique ID: 43b8d616-fe70-43e8-a9fd-f19fb2d0e5b8,
Billed Duration for Request 43b8d616-fe70-43e8-a9fd-f19fb2d0e5b8: 115 ms
Input: 1050000,
Cold Start: false
Unique ID: e587040a-e1ef-461b-99df-de53684eaede,
Billed Duration for Request e587040a-e1ef-461b-99df-de53684eaede: 161 ms
Input: 1050000,
Cold Start: false
Unique ID: 74ed015b-d7fa-4094-a107-4807da308085,
Billed Duration for Request 74ed015b-d7fa-4094-a107-4807da308085: 78 ms
Input: 1050000,
Cold Start: false
Unique ID: acb4c048-c037-4277-b6a6-dcc3dbfb1242,
Billed Duration for Request acb4c048-c037-4277-b6a6-dcc3dbfb1242: 117 ms
Input: 1050000,
Cold Start: false
Unique ID: 2c0491b4-3468-441e-abf4-9a628e59f1b3,
Billed Duration for Request 2c0491b4-3468-441e-abf4-9a628e59f1b3: 157 ms
Input: 1050000,
Cold Start: false
Unique ID: 7e1c8d78-c114-466b-9f3c-08e4f89d0363,
Billed Duration for Request 7e1c8d78-c114-466b-9f3c-08e4f89d0363: 93 ms
Input: 1050000,
Cold Start: false
Unique ID: 61bb7deb-de8a-4ea9-9180-ec3c1d54df29,
Billed Duration for Request 61bb7deb-de8a-4ea9-9180-ec3c1d54df29: 157 ms
Input: 1050000,
Cold Start: false
Unique ID: a43c9acd-a89c-433e-bda1-ba7b529a08d9,
Billed Duration for Request a43c9acd-a89c-433e-bda1-ba7b529a08d9: 116 ms
Input: 1050000,
Cold Start: false
Unique ID: 3f0c81c9-6e04-43b4-b190-500b1cb54095,
Billed Duration for Request 3f0c81c9-6e04-43b4-b190-500b1cb54095: 93 ms
Input: 1050000,
Cold Start: false
Unique ID: f0794112-9cc6-4e78-aae3-43aa1d8947d2,
Billed Duration for Request f0794112-9cc6-4e78-aae3-43aa1d8947d2: 159 ms
Input: 1050000,
Cold Start: false
Unique ID: 0ff0ea29-45c8-4702-8b81-bd43df43349e,
Billed Duration for Request 0ff0ea29-45c8-4702-8b81-bd43df43349e: 113 ms
Input: 1050000,
Cold Start: false
Unique ID: bbfccbf4-3fa4-4b31-9fb6-d9aa71e1469e,
Billed Duration for Request bbfccbf4-3fa4-4b31-9fb6-d9aa71e1469e: 132 ms
Input: 1050000,
Cold Start: false
Unique ID: 5e98527a-c79d-4b5c-a961-e53462afa65b,
Billed Duration for Request 5e98527a-c79d-4b5c-a961-e53462afa65b: 144 ms
Input: 1050000,
Cold Start: false
Unique ID: ae35c881-a085-4b99-9a5d-a949fecb9432,
Billed Duration for Request ae35c881-a085-4b99-9a5d-a949fecb9432: 116 ms
Input: 1050000,
Cold Start: false
Unique ID: d7eae5a7-2dac-437b-9e69-a60b460d2816,
Billed Duration for Request d7eae5a7-2dac-437b-9e69-a60b460d2816: 137 ms
Input: 1050000,
Cold Start: false
Unique ID: 0daa950c-213a-4139-bd0c-4e1d8bd28377,
Billed Duration for Request 0daa950c-213a-4139-bd0c-4e1d8bd28377: 139 ms
Input: 1050000,
Cold Start: false
Unique ID: b1aee642-ff1c-4d4b-a697-4ee5ad842948,
Billed Duration for Request b1aee642-ff1c-4d4b-a697-4ee5ad842948: 94 ms
Input: 1050000,
Cold Start: false
Unique ID: e885bdf3-290c-49c0-9ad6-9677cc9a0a02,
Billed Duration for Request e885bdf3-290c-49c0-9ad6-9677cc9a0a02: 149 ms
Input: 1050000,
Cold Start: false
Unique ID: 409fbcbd-9083-4880-9032-eda36c59767a,
Billed Duration for Request 409fbcbd-9083-4880-9032-eda36c59767a: 90 ms
Input: 1050000,
Cold Start: false
Unique ID: 6a127ea1-2aa8-4f23-bad6-7c6906b64a09,
Billed Duration for Request 6a127ea1-2aa8-4f23-bad6-7c6906b64a09: 171 ms
Input: 1050000,
Cold Start: false
Unique ID: 1bbfbbf6-dbf1-451b-b9d9-6969af8430d2,
Billed Duration for Request 1bbfbbf6-dbf1-451b-b9d9-6969af8430d2: 98 ms
Input: 1050000,
Cold Start: false
Unique ID: 159bcd63-f156-44d0-9f50-6a3900d16895,
Billed Duration for Request 159bcd63-f156-44d0-9f50-6a3900d16895: 169 ms
Input: 1050000,
Cold Start: false
Unique ID: ecea2aec-f87f-441c-b80b-4d0067bb8ad7,
Billed Duration for Request ecea2aec-f87f-441c-b80b-4d0067bb8ad7: 108 ms
Input: 1050000,
Cold Start: false
Unique ID: 16ea9acb-5ae2-49ab-932c-82a8718a2f0b,
Billed Duration for Request 16ea9acb-5ae2-49ab-932c-82a8718a2f0b: 142 ms
Input: 1050000,
Cold Start: false
Unique ID: 5e71c719-5602-45ee-90d5-9bf15590177c,
Billed Duration for Request 5e71c719-5602-45ee-90d5-9bf15590177c: 112 ms
Input: 1050000,
Cold Start: false
Unique ID: d4b49622-99ec-4e97-97e8-8e87745be00e,
Billed Duration for Request d4b49622-99ec-4e97-97e8-8e87745be00e: 141 ms
Input: 1050000,
Cold Start: false
Unique ID: 27dbfee9-4ca9-4662-865f-3d9b57560194,
Billed Duration for Request 27dbfee9-4ca9-4662-865f-3d9b57560194: 117 ms
Input: 1050000,
Cold Start: false
Unique ID: 221471de-dfa1-4d08-99a0-cde2c12728b0,
Billed Duration for Request 221471de-dfa1-4d08-99a0-cde2c12728b0: 99 ms
Input: 1050000,
Cold Start: false
Unique ID: 35e168c3-1c8e-4ddd-8ff0-63aebb8fe8a7,
Billed Duration for Request 35e168c3-1c8e-4ddd-8ff0-63aebb8fe8a7: 137 ms
Input: 1050000,
Cold Start: false
Unique ID: 5a342e65-4d6e-4931-995d-f636b35fb72e,
Billed Duration for Request 5a342e65-4d6e-4931-995d-f636b35fb72e: 96 ms
Input: 1050000,
Cold Start: false
Unique ID: d6e2799d-68bd-4b7f-a5ae-893166e77bf9,
Billed Duration for Request d6e2799d-68bd-4b7f-a5ae-893166e77bf9: 138 ms
Input: 1050000,
Cold Start: false
Unique ID: aef66650-5de0-4d46-8041-1acdfa78b50c,
Billed Duration for Request aef66650-5de0-4d46-8041-1acdfa78b50c: 92 ms
Input: 1050000,
Cold Start: false
Unique ID: f219676c-e2dd-4870-a333-8b6af11c1458,
Billed Duration for Request f219676c-e2dd-4870-a333-8b6af11c1458: 115 ms
Input: 1050000,
Cold Start: false
Unique ID: d06e1635-440f-49b0-aa13-41369aea5e45,
Billed Duration for Request d06e1635-440f-49b0-aa13-41369aea5e45: 138 ms
Input: 1050000,
Cold Start: false
Unique ID: 467a389b-f577-4172-9da8-f6edc702bf75,
Billed Duration for Request 467a389b-f577-4172-9da8-f6edc702bf75: 76 ms
Input: 1050000,
Cold Start: false
Unique ID: 0cfa31da-4ddb-401a-a938-a6f92578516e,
Billed Duration for Request 0cfa31da-4ddb-401a-a938-a6f92578516e: 137 ms
Input: 1050000,
Cold Start: false
Unique ID: 54f7adb3-95c3-4af6-9132-e75c225ce1c8,
Billed Duration for Request 54f7adb3-95c3-4af6-9132-e75c225ce1c8: 115 ms
Input: 1050000,
Cold Start: false
Unique ID: 11f3c7f7-7b2e-4bc6-833e-b52975ed774b,
Billed Duration for Request 11f3c7f7-7b2e-4bc6-833e-b52975ed774b: 81 ms
Input: 1050000,
Cold Start: false
Unique ID: 76f20d9e-9ec7-4130-80f2-a8c8a02e4394,
Billed Duration for Request 76f20d9e-9ec7-4130-80f2-a8c8a02e4394: 140 ms
Input: 1050000,
Cold Start: false
Unique ID: 52e1d20c-2ffa-40b1-a435-847a42ff42cd,
Billed Duration for Request 52e1d20c-2ffa-40b1-a435-847a42ff42cd: 96 ms
Input: 1050000,
Cold Start: false
Unique ID: f5b49e39-2f1e-44ce-81af-c7ac45cca70d,
Billed Duration for Request f5b49e39-2f1e-44ce-81af-c7ac45cca70d: 137 ms
Input: 1050000,
Cold Start: false
Unique ID: 12464ee7-ab55-4528-be03-158cf994375d,
Billed Duration for Request 12464ee7-ab55-4528-be03-158cf994375d: 93 ms
Input: 1050000,
Cold Start: false
Unique ID: 9874d4d3-d906-490e-a0c1-285058fa351f,
Billed Duration for Request 9874d4d3-d906-490e-a0c1-285058fa351f: 92 ms
Input: 1050000,
Cold Start: false
Unique ID: 00033922-444b-4f5a-a1c9-ac41fedaf5e3,
Billed Duration for Request 00033922-444b-4f5a-a1c9-ac41fedaf5e3: 135 ms
Input: 1050000,
Cold Start: false
Unique ID: 958bf566-e3cd-40e9-b32a-aaffc12208d8,
Billed Duration for Request 958bf566-e3cd-40e9-b32a-aaffc12208d8: 114 ms
Input: 1050000,
Cold Start: false
Unique ID: fa78ef8e-ba65-4b0f-93c0-52999076a0f6,
Billed Duration for Request fa78ef8e-ba65-4b0f-93c0-52999076a0f6: 109 ms
Input: 1050000,
Cold Start: false
Unique ID: 902fce2b-6433-4e36-b481-1bc4fec231bf,
Billed Duration for Request 902fce2b-6433-4e36-b481-1bc4fec231bf: 106 ms
Input: 1050000,
Cold Start: false
Unique ID: 7c686026-f553-4728-aa5f-2954896ea0f2,
Billed Duration for Request 7c686026-f553-4728-aa5f-2954896ea0f2: 140 ms
Input: 1050000,
Cold Start: false
Unique ID: e82c5ac2-a1a4-4e0e-a4d5-125d317db91a,
Billed Duration for Request e82c5ac2-a1a4-4e0e-a4d5-125d317db91a: 71 ms
Input: 1050000,
Cold Start: false
Unique ID: 637c6d35-46c5-49fd-a9a1-1baa55c93670,
Billed Duration for Request 637c6d35-46c5-49fd-a9a1-1baa55c93670: 134 ms
Input: 1050000,
Cold Start: false
Unique ID: 0108a8c5-df75-4bd2-87f7-1ee7f01a50e5,
Billed Duration for Request 0108a8c5-df75-4bd2-87f7-1ee7f01a50e5: 76 ms
Input: 1050000,
Cold Start: false
Unique ID: 5d73369f-c6e9-4d37-82be-231564ebf833,
Billed Duration for Request 5d73369f-c6e9-4d37-82be-231564ebf833: 140 ms
Input: 1050000,
Cold Start: false
Unique ID: e925f7f0-0925-4b9f-9a2f-edfe4d8e4aa8,
Billed Duration for Request e925f7f0-0925-4b9f-9a2f-edfe4d8e4aa8: 115 ms
Input: 1050000,
Cold Start: false
Unique ID: fc3b1ba5-3a65-412c-9d3f-9f49ace36534,
Billed Duration for Request fc3b1ba5-3a65-412c-9d3f-9f49ace36534: 115 ms
Input: 1050000,
Cold Start: false
Unique ID: 60c9c0d1-5e74-44ec-b6a2-da7e873cb2d6,
Billed Duration for Request 60c9c0d1-5e74-44ec-b6a2-da7e873cb2d6: 136 ms
Input: 1050000,
Cold Start: false
Unique ID: 78279a69-647a-4709-83d3-6cec8ef8e9ff,
Billed Duration for Request 78279a69-647a-4709-83d3-6cec8ef8e9ff: 112 ms
Input: 1050000,
Cold Start: false
Unique ID: 67e2c3ed-158f-4ec6-9523-236267029227,
Billed Duration for Request 67e2c3ed-158f-4ec6-9523-236267029227: 80 ms
Input: 1050000,
Cold Start: false
Unique ID: 70d0724d-1746-4653-b57c-f622ae110c79,
Billed Duration for Request 70d0724d-1746-4653-b57c-f622ae110c79: 139 ms
Input: 1050000,
Cold Start: false
Unique ID: 54f58e90-8732-4cb2-add1-1eb65c1fbe67,
Billed Duration for Request 54f58e90-8732-4cb2-add1-1eb65c1fbe67: 114 ms
Input: 1050000,
Cold Start: false
Unique ID: ee558229-7a37-4d6e-a759-ce8f53729f05,
Billed Duration for Request ee558229-7a37-4d6e-a759-ce8f53729f05: 91 ms
Input: 1050000,
Cold Start: false
Unique ID: 8ae2736b-4b10-47a7-8d73-7b18c827941d,
Billed Duration for Request 8ae2736b-4b10-47a7-8d73-7b18c827941d: 138 ms
Input: 1050000,
Cold Start: false
Unique ID: 5035fef0-6815-4f49-85cb-fe7d986a0fd7,
Billed Duration for Request 5035fef0-6815-4f49-85cb-fe7d986a0fd7: 96 ms
Input: 1050000,
Cold Start: false
Unique ID: 2be09f48-ef63-4ca5-9907-d3868948ef5f,
Billed Duration for Request 2be09f48-ef63-4ca5-9907-d3868948ef5f: 115 ms
Input: 1050000,
Cold Start: false
Unique ID: cd8d15fe-1c62-46d0-bd39-255fda299749,
Billed Duration for Request cd8d15fe-1c62-46d0-bd39-255fda299749: 96 ms
Input: 1050000,
Cold Start: false
Unique ID: 1df8388f-0811-42c7-bbc7-cdd6a5cd0389,
Billed Duration for Request 1df8388f-0811-42c7-bbc7-cdd6a5cd0389: 78 ms
Input: 1050000,
Cold Start: false
Unique ID: c7d20c00-a031-463e-a494-be81e8b54efa,
Billed Duration for Request c7d20c00-a031-463e-a494-be81e8b54efa: 136 ms
Input: 1050000,
Cold Start: false
Unique ID: 00f30295-2c6f-4a1a-a882-1b3a1ca0f72e,
Billed Duration for Request 00f30295-2c6f-4a1a-a882-1b3a1ca0f72e: 78 ms
Input: 1050000,
Cold Start: false
Unique ID: ea83ea43-9308-4834-b11f-8280c3fe02f5,
Billed Duration for Request ea83ea43-9308-4834-b11f-8280c3fe02f5: 114 ms
Input: 1050000,
Cold Start: false
Unique ID: db13492f-91a8-44ec-86cc-ee881a5398bf,
Billed Duration for Request db13492f-91a8-44ec-86cc-ee881a5398bf: 76 ms
Input: 1050000,
Cold Start: false
Unique ID: 24473e51-8a24-45b4-a062-7fb0b8ea5101,
Billed Duration for Request 24473e51-8a24-45b4-a062-7fb0b8ea5101: 135 ms
Input: 1050000,
Cold Start: false
Unique ID: c638c28a-92ef-493b-87fb-3907c0ae2635,
Billed Duration for Request c638c28a-92ef-493b-87fb-3907c0ae2635: 105 ms
Input: 1050000,
Cold Start: false
Unique ID: 717757f3-7310-455b-834b-60e60e308746,
Billed Duration for Request 717757f3-7310-455b-834b-60e60e308746: 126 ms
Input: 1050000,
Cold Start: false
Unique ID: c10cb940-52de-4a40-a2ab-882b744c7bd9,
Billed Duration for Request c10cb940-52de-4a40-a2ab-882b744c7bd9: 77 ms
Input: 1050000,
Cold Start: false
Unique ID: 412a35a3-ab59-47fa-814e-c716a3d81a08,
Billed Duration for Request 412a35a3-ab59-47fa-814e-c716a3d81a08: 112 ms
Input: 1050000,
Cold Start: false
Unique ID: b243c9a4-2ac0-4a64-8760-ffd5fd652fa9,
Billed Duration for Request b243c9a4-2ac0-4a64-8760-ffd5fd652fa9: 92 ms
Input: 1050000,
Cold Start: false
Unique ID: e9682338-4b3f-42d8-a475-3369d4390d55,
Billed Duration for Request e9682338-4b3f-42d8-a475-3369d4390d55: 119 ms
Input: 1050000,
Cold Start: false
Unique ID: af4b9925-9e81-49bb-940d-6665ba234329,
Billed Duration for Request af4b9925-9e81-49bb-940d-6665ba234329: 135 ms
Input: 1050000,
Cold Start: false
Unique ID: bf67e0a2-47cf-4396-ab01-ecb4acc3c716,
Billed Duration for Request bf67e0a2-47cf-4396-ab01-ecb4acc3c716: 96 ms
Input: 1050000,
Cold Start: false
Unique ID: 968fe7f8-4acc-484a-8a7c-0b6f7f8f2ca0,
Billed Duration for Request 968fe7f8-4acc-484a-8a7c-0b6f7f8f2ca0: 96 ms
Input: 1050000,
Cold Start: false
Unique ID: 62c2df6d-3b8c-46e1-9928-ea3630977d49,
Billed Duration for Request 62c2df6d-3b8c-46e1-9928-ea3630977d49: 98 ms
Input: 1050000,
Cold Start: false
Unique ID: 2243edb3-8d12-44e5-99af-f0954622ecf4,
Billed Duration for Request 2243edb3-8d12-44e5-99af-f0954622ecf4: 134 ms
Input: 1050000,
Cold Start: false
Unique ID: ff3ce3e0-87fe-49cc-a135-8fa7f4a776f2,
Billed Duration for Request ff3ce3e0-87fe-49cc-a135-8fa7f4a776f2: 115 ms
Input: 1050000,
Cold Start: false
Unique ID: e8085649-d227-476e-943f-59ba705e0573,
Billed Duration for Request e8085649-d227-476e-943f-59ba705e0573: 117 ms
Input: 1050000,
Cold Start: false
Unique ID: 03c12e6a-f951-4dcb-a715-b4162b0d148a,
Billed Duration for Request 03c12e6a-f951-4dcb-a715-b4162b0d148a: 117 ms
Input: 1050000,
Cold Start: false
Unique ID: ea340c92-4544-41f1-b2c8-d1836328c5b3,
Billed Duration for Request ea340c92-4544-41f1-b2c8-d1836328c5b3: 78 ms
Input: 1050000,
Cold Start: false
Unique ID: 4f392e19-5a03-4b83-b278-205c56075ad3,
Billed Duration for Request 4f392e19-5a03-4b83-b278-205c56075ad3: 136 ms
Input: 1050000,
Cold Start: false
Unique ID: 421fd24a-4424-4d5a-ab17-979e7ce64a98,
Billed Duration for Request 421fd24a-4424-4d5a-ab17-979e7ce64a98: 117 ms
Input: 1050000,
Cold Start: false
Unique ID: 2e522b7a-1d57-4a19-8ad8-6f17d8d3c529,
Billed Duration for Request 2e522b7a-1d57-4a19-8ad8-6f17d8d3c529: 85 ms
Input: 1050000,
Cold Start: false
Unique ID: 8bcd48b5-a788-4ddb-a55f-1e4cec1f0e1c,
Billed Duration for Request 8bcd48b5-a788-4ddb-a55f-1e4cec1f0e1c: 91 ms
Input: 1050000,
Cold Start: false
Unique ID: ca389fda-bd57-4516-9aa5-667a8672f1b9,
Billed Duration for Request ca389fda-bd57-4516-9aa5-667a8672f1b9: 136 ms
Input: 1050000,
Cold Start: false
Unique ID: 83fd03f5-0d23-4ebc-a1d8-cc0f849e50bc,
Billed Duration for Request 83fd03f5-0d23-4ebc-a1d8-cc0f849e50bc: 77 ms
Input: 1050000,
Cold Start: false
Unique ID: 2fb7bcad-c644-4dac-8aaa-46fee4125660,
Billed Duration for Request 2fb7bcad-c644-4dac-8aaa-46fee4125660: 133 ms
Input: 1050000,
Cold Start: false
Unique ID: 34fdb969-36c3-4678-9425-f6af93ddf15e,
Billed Duration for Request 34fdb969-36c3-4678-9425-f6af93ddf15e: 116 ms
Input: 1050000,
Cold Start: false
Unique ID: 42c6b301-54d6-4e15-a42f-baeed47ed941,
Billed Duration for Request 42c6b301-54d6-4e15-a42f-baeed47ed941: 115 ms
Input: 1050000,
Cold Start: false
Unique ID: 9feee133-7995-4d48-98b1-729a6bd967b3,
Billed Duration for Request 9feee133-7995-4d48-98b1-729a6bd967b3: 87 ms
Input: 1050000,
Cold Start: false
Unique ID: 2c1f9a05-9154-4571-8fe0-10b37acf76db,
Billed Duration for Request 2c1f9a05-9154-4571-8fe0-10b37acf76db: 91 ms
Input: 1050000,
Cold Start: false
Unique ID: 1411008c-f936-46d7-8c12-2f53d1846038,
Billed Duration for Request 1411008c-f936-46d7-8c12-2f53d1846038: 86 ms
Input: 1050000,
Cold Start: false
Unique ID: 04a6f8af-591d-4184-8e52-e950fc851497,
Billed Duration for Request 04a6f8af-591d-4184-8e52-e950fc851497: 125 ms
Input: 1050000,
Cold Start: false
Unique ID: bfa9bea4-ad5e-45a4-b28f-9eba8356dd13,
Billed Duration for Request bfa9bea4-ad5e-45a4-b28f-9eba8356dd13: 104 ms
Input: 1050000,
Cold Start: false
Unique ID: f82f1cc5-5da4-4b8f-aea6-1b1217abe2d7,
Billed Duration for Request f82f1cc5-5da4-4b8f-aea6-1b1217abe2d7: 121 ms
Input: 1050000,
Cold Start: false
Unique ID: d76944da-55d9-4cfa-ba58-509c87510d5f,
Billed Duration for Request d76944da-55d9-4cfa-ba58-509c87510d5f: 122 ms
Input: 1050000,
Cold Start: false
Unique ID: a6528c11-679d-4127-a7ce-e3b38f810fb1,
Billed Duration for Request a6528c11-679d-4127-a7ce-e3b38f810fb1: 103 ms
Input: 1050000,
Cold Start: false
Unique ID: 7f523a2b-11a0-4ce5-960a-55c649d578c8,
Billed Duration for Request 7f523a2b-11a0-4ce5-960a-55c649d578c8: 92 ms
Input: 1050000,
Cold Start: false
Unique ID: 2116bda5-e198-46f8-9d3c-32cf7c707f6d,
Billed Duration for Request 2116bda5-e198-46f8-9d3c-32cf7c707f6d: 140 ms
Input: 1050000,
Cold Start: false
Unique ID: 44ea2277-7d5f-4cf3-a832-2ad7cd24eb54,
Billed Duration for Request 44ea2277-7d5f-4cf3-a832-2ad7cd24eb54: 93 ms
Input: 1050000,
Cold Start: false
Unique ID: 44a4af10-34e1-4d07-8efc-d2a7ac8284ac,
Billed Duration for Request 44a4af10-34e1-4d07-8efc-d2a7ac8284ac: 111 ms
Input: 1050000,
Cold Start: false
Unique ID: c130be79-afb6-4a1b-bbf9-cb3379ef7ea3,
Billed Duration for Request c130be79-afb6-4a1b-bbf9-cb3379ef7ea3: 111 ms
Input: 1050000,
Cold Start: false
Unique ID: 1187f4f1-3734-4123-b453-62a595358f55,
Billed Duration for Request 1187f4f1-3734-4123-b453-62a595358f55: 123 ms
Input: 1050000,
Cold Start: false
Unique ID: d0d48834-e9c7-416e-9b58-8a940c23ba7f,
Billed Duration for Request d0d48834-e9c7-416e-9b58-8a940c23ba7f: 103 ms
Input: 1050000,
Cold Start: false
Unique ID: 9497c56e-8d74-4c56-8816-bbaae1a43f43,
Billed Duration for Request 9497c56e-8d74-4c56-8816-bbaae1a43f43: 99 ms
Input: 1050000,
Cold Start: false
Unique ID: a803b486-a731-44c9-a94d-8fce07e7bb47,
Billed Duration for Request a803b486-a731-44c9-a94d-8fce07e7bb47: 130 ms
Input: 1050000,
Cold Start: false
Unique ID: aa48cb6c-5adf-4608-a383-cbb517fca56c,
Billed Duration for Request aa48cb6c-5adf-4608-a383-cbb517fca56c: 123 ms
Input: 1050000,
Cold Start: false
Unique ID: 28d9bb56-9025-457b-a94b-823ad48ccf27,
Billed Duration for Request 28d9bb56-9025-457b-a94b-823ad48ccf27: 118 ms
Input: 1050000,
Cold Start: false
Unique ID: 2004e8cf-df13-48b9-a9bb-292b9d290819,
Billed Duration for Request 2004e8cf-df13-48b9-a9bb-292b9d290819: 115 ms
Input: 1050000,
Cold Start: false
Unique ID: 721412b1-d27b-4f0d-a288-3d0a0d24fe05,
Billed Duration for Request 721412b1-d27b-4f0d-a288-3d0a0d24fe05: 82 ms
Input: 1050000,
Cold Start: false
Unique ID: a2287eb2-3faa-4469-8889-7f1553ddd7cd,
Billed Duration for Request a2287eb2-3faa-4469-8889-7f1553ddd7cd: 136 ms
Input: 1050000,
Cold Start: false
Unique ID: 7e61fcb9-f4ce-45a2-9172-b11d0f5d1422,
Billed Duration for Request 7e61fcb9-f4ce-45a2-9172-b11d0f5d1422: 83 ms
Input: 1050000,
Cold Start: false
Unique ID: ac03fdc9-5090-40f5-9636-c83c9230179f,
Billed Duration for Request ac03fdc9-5090-40f5-9636-c83c9230179f: 126 ms
Input: 1050000,
Cold Start: false
Unique ID: 79205110-d0a5-4232-bc5c-408affd54893,
Billed Duration for Request 79205110-d0a5-4232-bc5c-408affd54893: 105 ms
Input: 1050000,
Cold Start: false
Unique ID: 657ed59b-cc7e-42f7-82cf-c8d075c731a1,
Billed Duration for Request 657ed59b-cc7e-42f7-82cf-c8d075c731a1: 66 ms
Input: 1050000,
Cold Start: false
Unique ID: ed7caa65-ae33-4dc6-9ee6-1d4fa1b955e9,
Billed Duration for Request ed7caa65-ae33-4dc6-9ee6-1d4fa1b955e9: 127 ms
Input: 1050000,
Cold Start: false
Unique ID: 565b1908-f597-44de-971d-2277e069de74,
Billed Duration for Request 565b1908-f597-44de-971d-2277e069de74: 84 ms
Input: 1050000,
Cold Start: false
Unique ID: 96e447ad-cd6b-466a-9d7c-2340fef560ac,
Billed Duration for Request 96e447ad-cd6b-466a-9d7c-2340fef560ac: 142 ms
Input: 1050000,
Cold Start: false
Unique ID: 2e58ea5a-8bec-4204-aa27-193d391fb27f,
Billed Duration for Request 2e58ea5a-8bec-4204-aa27-193d391fb27f: 82 ms
Input: 1050000,
Cold Start: false
Unique ID: 3b43d94b-20b2-4f90-ad9a-8ddbe98ff2ff,
Billed Duration for Request 3b43d94b-20b2-4f90-ad9a-8ddbe98ff2ff: 102 ms
Input: 1050000,
Cold Start: false
Unique ID: 317e0889-1eb5-4875-8f74-02c673665c08,
Billed Duration for Request 317e0889-1eb5-4875-8f74-02c673665c08: 103 ms
Input: 1050000,
Cold Start: false
Unique ID: 146f2177-394c-4d97-89ca-655ba638812b,
Billed Duration for Request 146f2177-394c-4d97-89ca-655ba638812b: 125 ms
Input: 1050000,
Cold Start: false
Unique ID: 24024bef-0893-4f0c-b853-186b531a928d,
Billed Duration for Request 24024bef-0893-4f0c-b853-186b531a928d: 117 ms
Input: 1050000,
Cold Start: false
Unique ID: e8a558f8-9785-49c9-a42a-b2e28cb92a43,
Billed Duration for Request e8a558f8-9785-49c9-a42a-b2e28cb92a43: 100 ms
Input: 1050000,
Cold Start: false
Unique ID: 27e5c1d0-4e5a-4d92-9cc6-5076505fc060,
Billed Duration for Request 27e5c1d0-4e5a-4d92-9cc6-5076505fc060: 110 ms
Input: 1050000,
Cold Start: false
Unique ID: b572d9b0-6e59-4f61-9aa5-9a94a5d21793,
Billed Duration for Request b572d9b0-6e59-4f61-9aa5-9a94a5d21793: 94 ms
Input: 1050000,
Cold Start: false
Unique ID: c91dd090-2d6b-4d65-af82-34ff7bf192ce,
Billed Duration for Request c91dd090-2d6b-4d65-af82-34ff7bf192ce: 144 ms
Input: 1050000,
Cold Start: false
Unique ID: eaef3dd9-8fa8-4cc0-9c5c-a77a70cc571c,
Billed Duration for Request eaef3dd9-8fa8-4cc0-9c5c-a77a70cc571c: 106 ms
Input: 1050000,
Cold Start: false
Unique ID: 547a1fca-24f9-4a74-8850-ef27f76bea1e,
Billed Duration for Request 547a1fca-24f9-4a74-8850-ef27f76bea1e: 121 ms
Input: 1050000,
Cold Start: false
Unique ID: f467232b-5602-4a36-a36d-1a5be28de72c,
Billed Duration for Request f467232b-5602-4a36-a36d-1a5be28de72c: 83 ms
Input: 1050000,
Cold Start: false
Unique ID: 49da3e68-31f5-4368-914f-e1373218a3c3,
Billed Duration for Request 49da3e68-31f5-4368-914f-e1373218a3c3: 124 ms
Input: 1050000,
Cold Start: false
Unique ID: 0c6b07d0-c317-41f6-8202-9d0f18e6a134,
Billed Duration for Request 0c6b07d0-c317-41f6-8202-9d0f18e6a134: 105 ms
Input: 1050000,
Cold Start: false
Unique ID: 9643ab19-494b-43ad-ab0a-59b0e3492fad,
Billed Duration for Request 9643ab19-494b-43ad-ab0a-59b0e3492fad: 98 ms
Input: 1050000,
Cold Start: false
Unique ID: 9a7acccb-4b95-4413-8c08-acb940687833,
Billed Duration for Request 9a7acccb-4b95-4413-8c08-acb940687833: 121 ms
Input: 1050000,
Cold Start: false
Unique ID: 8d5a8bb1-cef7-48b7-920a-665357d495dd,
Billed Duration for Request 8d5a8bb1-cef7-48b7-920a-665357d495dd: 141 ms
Input: 1050000,
Cold Start: false
Unique ID: 8cfced00-4ca8-4f3f-afed-875fa0fdfd86,
Billed Duration for Request 8cfced00-4ca8-4f3f-afed-875fa0fdfd86: 99 ms
Input: 1050000,
Cold Start: false
Unique ID: c7d930da-3e61-4d07-9a53-54e461e6a9c9,
Billed Duration for Request c7d930da-3e61-4d07-9a53-54e461e6a9c9: 100 ms
Input: 1050000,
Cold Start: false
Unique ID: 33211d0c-0ee7-4d1b-a0d3-1489bb6a1afc,
Billed Duration for Request 33211d0c-0ee7-4d1b-a0d3-1489bb6a1afc: 136 ms
Input: 1050000,
Cold Start: false
Unique ID: 88c68825-71cd-455b-ad1a-cccd67869ca1,
Billed Duration for Request 88c68825-71cd-455b-ad1a-cccd67869ca1: 84 ms
Input: 1050000,
Cold Start: false
Unique ID: 788a508d-45eb-4c05-8a46-e65338c9c8aa,
Billed Duration for Request 788a508d-45eb-4c05-8a46-e65338c9c8aa: 141 ms
Input: 1050000,
Cold Start: false
Unique ID: a86ace72-aecd-4f50-954b-47775b017456,
Billed Duration for Request a86ace72-aecd-4f50-954b-47775b017456: 80 ms
Input: 1050000,
Cold Start: false
Unique ID: 7e9c2670-d233-47cc-b86c-6b42eaa85fed,
Billed Duration for Request 7e9c2670-d233-47cc-b86c-6b42eaa85fed: 144 ms
Input: 1050000,
Cold Start: false
Unique ID: a409f32b-307d-4e48-a51d-792cbd3282aa,
Billed Duration for Request a409f32b-307d-4e48-a51d-792cbd3282aa: 124 ms
Input: 1050000,
Cold Start: false
Unique ID: 1fb7fd8a-79ed-46d1-8673-8eb342ec11b7,
Billed Duration for Request 1fb7fd8a-79ed-46d1-8673-8eb342ec11b7: 119 ms
Input: 1050000,
Cold Start: false
Unique ID: 80ec48bb-fa65-4f83-a527-4bf0f4c7bdf1,
Billed Duration for Request 80ec48bb-fa65-4f83-a527-4bf0f4c7bdf1: 124 ms
Input: 1050000,
Cold Start: false
Unique ID: 1ec9b9c4-7a75-42db-9c54-ee8b478a4293,
Billed Duration for Request 1ec9b9c4-7a75-42db-9c54-ee8b478a4293: 122 ms
Input: 1050000,
Cold Start: false
Unique ID: 1e57dfe0-ee80-460c-9865-af7fcd6e0da8,
Billed Duration for Request 1e57dfe0-ee80-460c-9865-af7fcd6e0da8: 119 ms
Input: 1050000,
Cold Start: false
Unique ID: b5ba42b0-c388-40cd-b4ee-5f73b8bec380,
Billed Duration for Request b5ba42b0-c388-40cd-b4ee-5f73b8bec380: 94 ms
Input: 1050000,
Cold Start: false
Unique ID: e4e2c001-e0ba-43c0-9ec4-14a4c5f77725,
Billed Duration for Request e4e2c001-e0ba-43c0-9ec4-14a4c5f77725: 102 ms
Input: 1050000,
Cold Start: false
Unique ID: b2d4d0ef-75e4-4e03-bb66-fc3c905e6ad2,
Billed Duration for Request b2d4d0ef-75e4-4e03-bb66-fc3c905e6ad2: 132 ms
Input: 1050000,
Cold Start: false
Unique ID: 7ba0c182-0af6-4156-956f-71e53cac7e0a,
Billed Duration for Request 7ba0c182-0af6-4156-956f-71e53cac7e0a: 120 ms
Input: 1050000,
Cold Start: false
Unique ID: 247bca79-a892-42e9-964d-9c7e1ebce9f3,
Billed Duration for Request 247bca79-a892-42e9-964d-9c7e1ebce9f3: 100 ms
Input: 1050000,
Cold Start: false
Unique ID: 212594c6-61e6-4b32-9886-55fb29f19da1,
Billed Duration for Request 212594c6-61e6-4b32-9886-55fb29f19da1: 121 ms
Input: 1050000,
Cold Start: false
Unique ID: 2ef27dfb-b080-4504-b3b9-10fba7fcde0b,
Billed Duration for Request 2ef27dfb-b080-4504-b3b9-10fba7fcde0b: 100 ms
Input: 1050000,
Cold Start: false
Unique ID: cc31d17f-615e-4b63-a708-2aca05a2a8ff,
Billed Duration for Request cc31d17f-615e-4b63-a708-2aca05a2a8ff: 140 ms
Input: 1050000,
Cold Start: false
Unique ID: 2857e9de-84c7-4995-a813-500af4da1421,
Billed Duration for Request 2857e9de-84c7-4995-a813-500af4da1421: 121 ms
Input: 1050000,
Cold Start: false
Unique ID: 10011fab-5225-466a-bf2f-fb2d09488e3d,
Billed Duration for Request 10011fab-5225-466a-bf2f-fb2d09488e3d: 103 ms
Input: 1050000,
Cold Start: false
Unique ID: 3f112c27-6200-4b4b-bd94-a32ebfe16ec3,
Billed Duration for Request 3f112c27-6200-4b4b-bd94-a32ebfe16ec3: 97 ms
Input: 1050000,
Cold Start: false
Unique ID: 29901531-0f6a-4b25-8f79-b45a72e8611b,
Billed Duration for Request 29901531-0f6a-4b25-8f79-b45a72e8611b: 141 ms
Input: 1050000,
Cold Start: false
Unique ID: d5ad2991-d28d-47ca-b20f-0ea519ca2275,
Billed Duration for Request d5ad2991-d28d-47ca-b20f-0ea519ca2275: 80 ms
Input: 1050000,
Cold Start: false
Unique ID: bdc5a36e-d6d1-4c2c-ba69-75263c8ef6b0,
Billed Duration for Request bdc5a36e-d6d1-4c2c-ba69-75263c8ef6b0: 141 ms
Input: 1050000,
Cold Start: false
Unique ID: d60bb6ad-de81-4740-9f41-2a09f8282178,
Billed Duration for Request d60bb6ad-de81-4740-9f41-2a09f8282178: 105 ms
Input: 1050000,
Cold Start: false
Unique ID: c5ac4a1d-7d6e-4e9e-849e-338e05e35913,
Billed Duration for Request c5ac4a1d-7d6e-4e9e-849e-338e05e35913: 120 ms
Input: 1050000,
Cold Start: false
Unique ID: 31576324-1ebf-4333-a97c-b880e8f5eae4,
Billed Duration for Request 31576324-1ebf-4333-a97c-b880e8f5eae4: 103 ms
Input: 1050000,
Cold Start: false
Unique ID: 0b97c690-a28c-4845-8588-76ba8a15162e,
Billed Duration for Request 0b97c690-a28c-4845-8588-76ba8a15162e: 102 ms
Input: 1050000,
Cold Start: false
Unique ID: c45b2ca5-3460-48a4-8633-c40ef400c9d5,
Billed Duration for Request c45b2ca5-3460-48a4-8633-c40ef400c9d5: 102 ms
Input: 1050000,
Cold Start: false
Unique ID: d3e22681-8774-41c6-b309-b761415b6589,
Billed Duration for Request d3e22681-8774-41c6-b309-b761415b6589: 123 ms
Input: 1050000,
Cold Start: false
Unique ID: 5885bb72-4b36-4170-b423-78d701d9d4b9,
Billed Duration for Request 5885bb72-4b36-4170-b423-78d701d9d4b9: 116 ms
Input: 1050000,
Cold Start: false
Unique ID: ac0fe48a-caca-4dff-854f-7e03d068367e,
Billed Duration for Request ac0fe48a-caca-4dff-854f-7e03d068367e: 103 ms
Input: 1050000,
Cold Start: false
Unique ID: 0d111d3f-5c30-4dbc-8b21-89185812b621,
Billed Duration for Request 0d111d3f-5c30-4dbc-8b21-89185812b621: 138 ms
Input: 1050000,
Cold Start: false
Unique ID: a7db762b-43b0-4911-886f-25293343d8db,
Billed Duration for Request a7db762b-43b0-4911-886f-25293343d8db: 83 ms
Input: 1050000,
Cold Start: false
Unique ID: 4ab0d8a2-c8b4-4a47-95ca-bddfd3b36b17,
Billed Duration for Request 4ab0d8a2-c8b4-4a47-95ca-bddfd3b36b17: 108 ms
Input: 1050000,
Cold Start: false
Unique ID: 1bd413ed-e93d-473b-a32c-013d63b3867a,
Billed Duration for Request 1bd413ed-e93d-473b-a32c-013d63b3867a: 132 ms
Input: 1050000,
Cold Start: false
Unique ID: 652a220a-8e2a-466e-897b-03b5dab8ea65,
Billed Duration for Request 652a220a-8e2a-466e-897b-03b5dab8ea65: 80 ms
Input: 1050000,
Cold Start: false
Unique ID: f53d8e2b-aebd-4691-8b9d-4e46736c9006,
Billed Duration for Request f53d8e2b-aebd-4691-8b9d-4e46736c9006: 145 ms
Input: 1050000,
Cold Start: false
Unique ID: 6ada0f96-f71b-43ce-8f22-19a6fca90b8c,
Billed Duration for Request 6ada0f96-f71b-43ce-8f22-19a6fca90b8c: 101 ms
Input: 1050000,
Cold Start: false
Unique ID: 967223f3-5bfa-4bc0-9c25-7104930b7f71,
Billed Duration for Request 967223f3-5bfa-4bc0-9c25-7104930b7f71: 134 ms
Input: 1050000,
Cold Start: false
Unique ID: 1bcf62b6-6633-423e-8845-f5759e79df68,
Billed Duration for Request 1bcf62b6-6633-423e-8845-f5759e79df68: 120 ms
Input: 1050000,
Cold Start: false
Unique ID: 51c064a8-0910-425e-b2df-e26f15077b5a,
Billed Duration for Request 51c064a8-0910-425e-b2df-e26f15077b5a: 122 ms
Input: 1050000,
Cold Start: false
Unique ID: f7b1cba9-83ef-46ac-9f8a-5ea41a9e8e4c,
Billed Duration for Request f7b1cba9-83ef-46ac-9f8a-5ea41a9e8e4c: 118 ms
Input: 1050000,
Cold Start: false
Unique ID: ba8b38b1-30a0-45c3-9bc7-4216b52d9961,
Billed Duration for Request ba8b38b1-30a0-45c3-9bc7-4216b52d9961: 122 ms
Input: 1050000,
Cold Start: false
Unique ID: 320a3120-0f5e-41b4-9040-07d81d9df78d,
Billed Duration for Request 320a3120-0f5e-41b4-9040-07d81d9df78d: 118 ms
Input: 1050000,
Cold Start: false
Unique ID: 77604564-ec9e-46c5-9297-00b5b6fea856,
Billed Duration for Request 77604564-ec9e-46c5-9297-00b5b6fea856: 101 ms
Input: 1050000,
Cold Start: false
Unique ID: 428940c7-8c52-49d1-b2d2-a244fa09beca,
Billed Duration for Request 428940c7-8c52-49d1-b2d2-a244fa09beca: 101 ms
Input: 1050000,
Cold Start: false
Unique ID: 8d2b671a-c651-4b3b-8ba5-989135933c2b,
Billed Duration for Request 8d2b671a-c651-4b3b-8ba5-989135933c2b: 141 ms
Input: 1050000,
Cold Start: false
Unique ID: 716380f4-239b-4b7d-9dae-19a1f433b150,
Billed Duration for Request 716380f4-239b-4b7d-9dae-19a1f433b150: 67 ms
Input: 1050000,
Cold Start: false
Unique ID: f7dcbc64-e052-42de-99f3-7430e51fb5d7,
Billed Duration for Request f7dcbc64-e052-42de-99f3-7430e51fb5d7: 84 ms
Input: 1050000,
Cold Start: false
Unique ID: dd60dc6f-bc7e-48f6-83b4-9e6596e1763e,
Billed Duration for Request dd60dc6f-bc7e-48f6-83b4-9e6596e1763e: 141 ms
Input: 1050000,
Cold Start: false
Unique ID: 2bc228ab-af1d-4b31-ad99-6fc3825410cd,
Billed Duration for Request 2bc228ab-af1d-4b31-ad99-6fc3825410cd: 103 ms
Input: 1050000,
Cold Start: false
Unique ID: 0e48da44-ec5c-42b8-8e6c-53688bdf89ae,
Billed Duration for Request 0e48da44-ec5c-42b8-8e6c-53688bdf89ae: 120 ms
Input: 1050000,
Cold Start: false
Unique ID: b79ba707-8f50-44dc-9eaf-e7982acefaec,
Billed Duration for Request b79ba707-8f50-44dc-9eaf-e7982acefaec: 121 ms
Input: 1050000,
Cold Start: false
Unique ID: 72b4099e-1b49-4fd5-a048-0e8a9e5b816e,
Billed Duration for Request 72b4099e-1b49-4fd5-a048-0e8a9e5b816e: 124 ms
Input: 1050000,
Cold Start: false
Unique ID: 73048051-b119-409c-81d3-57ad3fabd2da,
Billed Duration for Request 73048051-b119-409c-81d3-57ad3fabd2da: 98 ms
Input: 1050000,
Cold Start: false
Unique ID: 5885afe6-77e0-483d-a1c6-f2e3d7c35d45,
Billed Duration for Request 5885afe6-77e0-483d-a1c6-f2e3d7c35d45: 120 ms
Input: 1050000,
Cold Start: false
Unique ID: 3159df5e-87b0-4846-a7a1-195e7079f4ab,
Billed Duration for Request 3159df5e-87b0-4846-a7a1-195e7079f4ab: 120 ms
Input: 1050000,
Cold Start: false
Unique ID: 3b665af1-069f-4e18-9746-b1d8010abfe4,
Billed Duration for Request 3b665af1-069f-4e18-9746-b1d8010abfe4: 122 ms
Input: 1050000,
Cold Start: false
Unique ID: 96a83400-0598-423a-afca-e00eb458a8cc,
Billed Duration for Request 96a83400-0598-423a-afca-e00eb458a8cc: 79 ms
Input: 1050000,
Cold Start: false
Unique ID: ad948a51-a339-4fa7-98a4-0d4344c1c1e5,
Billed Duration for Request ad948a51-a339-4fa7-98a4-0d4344c1c1e5: 134 ms
Input: 1050000,
Cold Start: false
Unique ID: 815e3ab5-109f-468e-8518-a2e32056b05d,
Billed Duration for Request 815e3ab5-109f-468e-8518-a2e32056b05d: 119 ms
Input: 1050000,
Cold Start: false
Unique ID: fc9dd5fc-2500-4405-bbf5-c7f63507b737,
Billed Duration for Request fc9dd5fc-2500-4405-bbf5-c7f63507b737: 104 ms
Input: 1050000,
Cold Start: false
Unique ID: 62377eea-ec19-4b70-8c6b-f17efad7dea6,
Billed Duration for Request 62377eea-ec19-4b70-8c6b-f17efad7dea6: 121 ms
Input: 1050000,
Cold Start: false
Unique ID: 56082a21-6b43-4bc7-9128-91694051f214,
Billed Duration for Request 56082a21-6b43-4bc7-9128-91694051f214: 122 ms
Input: 1050000,
Cold Start: false
Unique ID: 60562458-3e13-4052-967d-65f6abba426d,
Billed Duration for Request 60562458-3e13-4052-967d-65f6abba426d: 123 ms
Input: 1050000,
Cold Start: false
Unique ID: 08f52be5-b826-4914-8dff-2113aac1eb34,
Billed Duration for Request 08f52be5-b826-4914-8dff-2113aac1eb34: 101 ms
Input: 1050000,
Cold Start: false
Unique ID: 2c9ef978-ec68-4cf3-ad56-5d8c8dab8867,
Billed Duration for Request 2c9ef978-ec68-4cf3-ad56-5d8c8dab8867: 102 ms
Input: 1050000,
Cold Start: false
Unique ID: a437958e-8ce2-48e9-8812-2f8ec721a5e1,
Billed Duration for Request a437958e-8ce2-48e9-8812-2f8ec721a5e1: 124 ms
Input: 1050000,
Cold Start: false
Unique ID: 7aab407f-90da-4671-b8aa-0d56cf1d5945,
Billed Duration for Request 7aab407f-90da-4671-b8aa-0d56cf1d5945: 121 ms
Input: 1050000,
Cold Start: false
Unique ID: fe48b0fe-0052-4e72-a8e6-ac0212c3be77,
Billed Duration for Request fe48b0fe-0052-4e72-a8e6-ac0212c3be77: 84 ms
Input: 1050000,
Cold Start: false
Unique ID: c3cfa691-795a-40e0-9564-29cb5290e5f9,
Billed Duration for Request c3cfa691-795a-40e0-9564-29cb5290e5f9: 121 ms
Input: 1050000,
Cold Start: false
Unique ID: fd74eae9-fd4d-475a-a0c1-e24ba6c9bead,
Billed Duration for Request fd74eae9-fd4d-475a-a0c1-e24ba6c9bead: 103 ms
Input: 1050000,
Cold Start: false
Unique ID: f0413964-3639-4925-9ae3-e2fd4fb00234,
Billed Duration for Request f0413964-3639-4925-9ae3-e2fd4fb00234: 122 ms
Input: 1050000,
Cold Start: false
Unique ID: 805e002f-529f-4ac8-a6be-e33dd37427d4,
Billed Duration for Request 805e002f-529f-4ac8-a6be-e33dd37427d4: 140 ms
Input: 1050000,
Cold Start: false
Unique ID: d490fb6d-283a-406d-a8a2-0b1971532130,
Billed Duration for Request d490fb6d-283a-406d-a8a2-0b1971532130: 80 ms
Input: 1050000,
Cold Start: false
Unique ID: 05ce2bcd-6a28-41dc-9de2-75e42578a121,
Billed Duration for Request 05ce2bcd-6a28-41dc-9de2-75e42578a121: 141 ms
Input: 1050000,
Cold Start: false
Unique ID: 4f98d93f-282d-457a-8865-8755e3f1e4a2,
Billed Duration for Request 4f98d93f-282d-457a-8865-8755e3f1e4a2: 103 ms
Input: 1050000,
Cold Start: false
Unique ID: 9cbcf430-4c03-45cf-8256-df0ff4398578,
Billed Duration for Request 9cbcf430-4c03-45cf-8256-df0ff4398578: 122 ms
Input: 1050000,
Cold Start: false
Unique ID: c4adf532-0581-44a3-837c-0639018514f0,
Billed Duration for Request c4adf532-0581-44a3-837c-0639018514f0: 122 ms
Input: 1050000,
Cold Start: false
Unique ID: 4e338e30-7883-4ebb-8dc8-004ee4e9d873,
Billed Duration for Request 4e338e30-7883-4ebb-8dc8-004ee4e9d873: 84 ms
Input: 1050000,
Cold Start: false
Unique ID: 0104f00f-413f-4664-b005-bf34992fd860,
Billed Duration for Request 0104f00f-413f-4664-b005-bf34992fd860: 135 ms
Input: 1050000,
Cold Start: false
Unique ID: dbeb8fdb-8a00-4e62-825b-a2adbebe927b,
Billed Duration for Request dbeb8fdb-8a00-4e62-825b-a2adbebe927b: 84 ms
Input: 1050000,
Cold Start: false
Unique ID: 102fc74d-542d-4aac-9061-b9c080419b1e,
Billed Duration for Request 102fc74d-542d-4aac-9061-b9c080419b1e: 103 ms
Input: 1050000,
Cold Start: false
Unique ID: 0f076d3a-cf35-4d87-ac80-a7a2a34d881a,
Billed Duration for Request 0f076d3a-cf35-4d87-ac80-a7a2a34d881a: 136 ms
Input: 1050000,
Cold Start: false
Unique ID: 13df9c91-098e-43bf-8570-2e098a46e2a9,
Billed Duration for Request 13df9c91-098e-43bf-8570-2e098a46e2a9: 82 ms
Input: 1050000,
Cold Start: false
Unique ID: e25bb38a-77f5-49ca-b046-50fe491349d4,
Billed Duration for Request e25bb38a-77f5-49ca-b046-50fe491349d4: 123 ms
Input: 1050000,
Cold Start: false
Unique ID: 2533088c-37d0-4dc1-9308-e03fab6d40f9,
Billed Duration for Request 2533088c-37d0-4dc1-9308-e03fab6d40f9: 100 ms
Input: 1050000,
Cold Start: false
Unique ID: 4d1289f8-9e9c-4a6c-ab9b-0f1eefc7edee,
Billed Duration for Request 4d1289f8-9e9c-4a6c-ab9b-0f1eefc7edee: 97 ms
Input: 1050000,
Cold Start: false
Unique ID: 3d59dcc5-31ef-41c9-864e-8e2662c783af,
Billed Duration for Request 3d59dcc5-31ef-41c9-864e-8e2662c783af: 144 ms
Input: 1050000,
Cold Start: false
Unique ID: 1919a7fb-f73f-4cfa-ad7a-f8d4ebd8ae3b,
Billed Duration for Request 1919a7fb-f73f-4cfa-ad7a-f8d4ebd8ae3b: 96 ms
Input: 1050000,
Cold Start: false
Unique ID: d2f91e2d-d883-4b74-b7f2-49439555d070,
Billed Duration for Request d2f91e2d-d883-4b74-b7f2-49439555d070: 94 ms
Input: 1050000,
Cold Start: false
Unique ID: f9c38d9a-bd77-48da-ada2-0c7d1fc17804,
Billed Duration for Request f9c38d9a-bd77-48da-ada2-0c7d1fc17804: 142 ms
Input: 1050000,
Cold Start: false
Unique ID: 911667a6-84e4-4654-8ce3-8e5682db5c14,
Billed Duration for Request 911667a6-84e4-4654-8ce3-8e5682db5c14: 121 ms
Input: 1050000,
Cold Start: false
Unique ID: a080634c-0c2a-49c0-b5ca-5dd19a9b44c6,
Billed Duration for Request a080634c-0c2a-49c0-b5ca-5dd19a9b44c6: 83 ms
Input: 1050000,
Cold Start: false
Unique ID: abc4543d-4fcb-4ca0-a468-60acde3beba7,
Billed Duration for Request abc4543d-4fcb-4ca0-a468-60acde3beba7: 125 ms
Input: 1050000,
Cold Start: false
Unique ID: 675b4fae-10d8-4992-9734-3a8edf01d6d4,
Billed Duration for Request 675b4fae-10d8-4992-9734-3a8edf01d6d4: 98 ms
Input: 1050000,
Cold Start: false
Unique ID: 2861ec22-93d8-43ff-b8a6-9c53f52c5969,
Billed Duration for Request 2861ec22-93d8-43ff-b8a6-9c53f52c5969: 84 ms
Input: 1050000,
Cold Start: false
Unique ID: 07cfb15f-ed36-4cd8-91c5-973ab64359bb,
Billed Duration for Request 07cfb15f-ed36-4cd8-91c5-973ab64359bb: 126 ms
Input: 1050000,
Cold Start: false
Unique ID: dff92c7a-d55e-4f3e-92c7-568efd63769e,
Billed Duration for Request dff92c7a-d55e-4f3e-92c7-568efd63769e: 100 ms
Input: 1050000,
Cold Start: false
Unique ID: 3c0233a0-92cf-4421-9d40-cf6d819e41e0,
Billed Duration for Request 3c0233a0-92cf-4421-9d40-cf6d819e41e0: 99 ms
Input: 1050000,
Cold Start: false
Unique ID: bfb33f17-1cc5-4201-8075-27097dea3ea3,
Billed Duration for Request bfb33f17-1cc5-4201-8075-27097dea3ea3: 118 ms
Input: 1050000,
Cold Start: false
Unique ID: 37fe1507-f3cf-4ba3-b6c4-51de2b6e2d91,
Billed Duration for Request 37fe1507-f3cf-4ba3-b6c4-51de2b6e2d91: 93 ms
Input: 1050000,
Cold Start: false
Unique ID: 314ec560-533c-402b-87a6-b71c70d88775,
Billed Duration for Request 314ec560-533c-402b-87a6-b71c70d88775: 132 ms
Input: 1050000,
Cold Start: false
Unique ID: 62926a0b-1062-4baf-aee3-2e98e39e4004,
Billed Duration for Request 62926a0b-1062-4baf-aee3-2e98e39e4004: 96 ms
Input: 1050000,
Cold Start: false
Unique ID: 6ed00b15-1d08-4cc1-a562-a86f3b889977,
Billed Duration for Request 6ed00b15-1d08-4cc1-a562-a86f3b889977: 91 ms
Input: 1050000,
Cold Start: false
Unique ID: 7f96b4b8-d123-4f7e-ac69-c6b3b6179c91,
Billed Duration for Request 7f96b4b8-d123-4f7e-ac69-c6b3b6179c91: 139 ms
Input: 1050000,
Cold Start: false
Unique ID: 42c304f3-a795-4d67-aa0e-82e6a7b27793,
Billed Duration for Request 42c304f3-a795-4d67-aa0e-82e6a7b27793: 103 ms
Input: 1050000,
Cold Start: false
Unique ID: 99bed64b-ced1-4ddb-a6b4-4912537621de,
Billed Duration for Request 99bed64b-ced1-4ddb-a6b4-4912537621de: 119 ms
Input: 1050000,
Cold Start: false
Unique ID: e1b6f86e-ed11-4bc9-b03a-a9f687c6fa54,
Billed Duration for Request e1b6f86e-ed11-4bc9-b03a-a9f687c6fa54: 83 ms
Input: 1050000,
Cold Start: false
Unique ID: 16443461-f9da-45f4-82b4-8f08989322d4,
Billed Duration for Request 16443461-f9da-45f4-82b4-8f08989322d4: 140 ms
Input: 1050000,
Cold Start: false
Unique ID: 5ae161e2-6c23-435b-9dac-1488afe266ea,
Billed Duration for Request 5ae161e2-6c23-435b-9dac-1488afe266ea: 93 ms
Input: 1050000,
Cold Start: false
Unique ID: 0250eb7c-4770-4fb9-bedd-1bb4db1b0cf0,
Billed Duration for Request 0250eb7c-4770-4fb9-bedd-1bb4db1b0cf0: 106 ms
Input: 1050000,
Cold Start: false
Unique ID: 3188f2b9-a31c-4ed2-adf3-2a7cf3cab577,
Billed Duration for Request 3188f2b9-a31c-4ed2-adf3-2a7cf3cab577: 80 ms
Input: 1050000,
Cold Start: false
Unique ID: cbc7df8d-c6b0-4165-8494-1052998169b4,
Billed Duration for Request cbc7df8d-c6b0-4165-8494-1052998169b4: 134 ms
Input: 1050000,
Cold Start: false
Unique ID: 5c9a8f41-af7a-4de6-85f1-8b07dce579a7,
Billed Duration for Request 5c9a8f41-af7a-4de6-85f1-8b07dce579a7: 99 ms
Input: 1050000,
Cold Start: false
Unique ID: 03d6bc03-3f4c-4707-9678-829f809f847f,
Billed Duration for Request 03d6bc03-3f4c-4707-9678-829f809f847f: 100 ms
Input: 1050000,
Cold Start: false
Unique ID: 43262447-9d52-43d8-b628-272408010b80,
Billed Duration for Request 43262447-9d52-43d8-b628-272408010b80: 143 ms
Input: 1050000,
Cold Start: false
Unique ID: 5aa65562-9a78-4cef-b4cf-948b88ffbcfe,
Billed Duration for Request 5aa65562-9a78-4cef-b4cf-948b88ffbcfe: 76 ms
Input: 1050000,
Cold Start: false
Unique ID: b1ca4b3a-c6a2-4646-b6c2-72e1a1afcff5,
Billed Duration for Request b1ca4b3a-c6a2-4646-b6c2-72e1a1afcff5: 131 ms
Input: 1050000,
Cold Start: false
Unique ID: a8ec231c-aa52-4ac5-ba8c-7acb44f593e0,
Billed Duration for Request a8ec231c-aa52-4ac5-ba8c-7acb44f593e0: 91 ms
Input: 1050000,
Cold Start: false
Unique ID: efa83d2a-1951-4eca-aef3-436c6be9c213,
Billed Duration for Request efa83d2a-1951-4eca-aef3-436c6be9c213: 120 ms
Input: 1050000,
Cold Start: false
Unique ID: a888e948-662e-4be6-91f1-c3d694698276,
Billed Duration for Request a888e948-662e-4be6-91f1-c3d694698276: 103 ms
Input: 1050000,
Cold Start: false
Unique ID: 8a4bd41a-b703-47b3-bd4b-13643bddf170,
Billed Duration for Request 8a4bd41a-b703-47b3-bd4b-13643bddf170: 120 ms
Input: 1050000,
Cold Start: false
Unique ID: 3c728256-55db-42bf-8262-c03b8d83ed65,
Billed Duration for Request 3c728256-55db-42bf-8262-c03b8d83ed65: 118 ms
Input: 1050000,
Cold Start: false
Unique ID: 198d2a68-a489-401e-bf88-b3891d97f25a,
Billed Duration for Request 198d2a68-a489-401e-bf88-b3891d97f25a: 99 ms
Input: 1050000,
Cold Start: false
Unique ID: dd99a48a-fbe0-4def-a4da-ed6fedaa0c0f,
Billed Duration for Request dd99a48a-fbe0-4def-a4da-ed6fedaa0c0f: 109 ms
Input: 1050000,
Cold Start: false
Unique ID: 5b5b7a16-0f19-42c8-bcf6-8b803de6130e,
Billed Duration for Request 5b5b7a16-0f19-42c8-bcf6-8b803de6130e: 121 ms
Input: 1050000,
Cold Start: false
Unique ID: 0a989fca-f439-4ff7-a40b-057199e460d6,
Billed Duration for Request 0a989fca-f439-4ff7-a40b-057199e460d6: 79 ms
Input: 1050000,
Cold Start: false
Unique ID: 1ee50152-1b10-43cd-b88f-a47ce5186c67,
Billed Duration for Request 1ee50152-1b10-43cd-b88f-a47ce5186c67: 142 ms
Input: 1050000,
Cold Start: false
Unique ID: ec47348d-8450-4fe6-8807-f95727c8b5a6,
Billed Duration for Request ec47348d-8450-4fe6-8807-f95727c8b5a6: 122 ms
Input: 1050000,
Cold Start: false
Unique ID: b7c7b61e-db6b-4780-a3e7-3a6af4caa8a0,
Billed Duration for Request b7c7b61e-db6b-4780-a3e7-3a6af4caa8a0: 79 ms
Input: 1050000,
Cold Start: false
Unique ID: 30f3b478-dc1f-4516-a386-6ec582f8d340,
Billed Duration for Request 30f3b478-dc1f-4516-a386-6ec582f8d340: 139 ms
Input: 1050000,
Cold Start: false
Unique ID: 07ed731c-2927-41a0-8d4d-6314438305a8,
Billed Duration for Request 07ed731c-2927-41a0-8d4d-6314438305a8: 84 ms
Input: 1050000,
Cold Start: false
Unique ID: a5bd96ae-d96d-4ce4-9a7e-843e52572bfa,
Billed Duration for Request a5bd96ae-d96d-4ce4-9a7e-843e52572bfa: 98 ms
Input: 1050000,
Cold Start: false
Unique ID: 3468bd46-3f6a-4a79-a689-cddcc3fb4b3b,
Billed Duration for Request 3468bd46-3f6a-4a79-a689-cddcc3fb4b3b: 140 ms
Input: 1050000,
Cold Start: false
Unique ID: 5538c3e2-45d7-4745-ba6b-1028004fd07a,
Billed Duration for Request 5538c3e2-45d7-4745-ba6b-1028004fd07a: 102 ms
Input: 1050000,
Cold Start: false
Unique ID: 7e54e792-cb7b-47a9-8877-f7d17b608c8a,
Billed Duration for Request 7e54e792-cb7b-47a9-8877-f7d17b608c8a: 101 ms
Input: 1050000,
Cold Start: false
Unique ID: f7366e3e-fa9f-4f71-9004-87f92a9edf49,
Billed Duration for Request f7366e3e-fa9f-4f71-9004-87f92a9edf49: 139 ms
Input: 1050000,
Cold Start: false
Unique ID: 4d2c19ff-a89c-44a5-bea2-c8620c869bfa,
Billed Duration for Request 4d2c19ff-a89c-44a5-bea2-c8620c869bfa: 98 ms
Input: 1050000,
Cold Start: false
Unique ID: 6052250d-2fbe-45a9-9df3-31ef6a61dacc,
Billed Duration for Request 6052250d-2fbe-45a9-9df3-31ef6a61dacc: 103 ms
Input: 1050000,
Cold Start: false
Unique ID: 3c869ffa-29b6-44b5-9129-ae4fa76bc0c3,
Billed Duration for Request 3c869ffa-29b6-44b5-9129-ae4fa76bc0c3: 117 ms
Input: 1050000,
Cold Start: false
Unique ID: ba7d0cea-16a3-4e94-b866-4cd0d55e7353,
Billed Duration for Request ba7d0cea-16a3-4e94-b866-4cd0d55e7353: 79 ms
Input: 1050000,
Cold Start: false
Unique ID: cd459b4f-cac4-4439-b0a1-50e486d26c32,
Billed Duration for Request cd459b4f-cac4-4439-b0a1-50e486d26c32: 136 ms
Input: 1050000,
Cold Start: false
Unique ID: b2ebb37c-47a2-4ec7-be3b-1c097ea0d8d4,
Billed Duration for Request b2ebb37c-47a2-4ec7-be3b-1c097ea0d8d4: 71 ms
Input: 1050000,
Cold Start: false
Unique ID: c58c0299-bfd9-4541-bced-bf808b04e395,
Billed Duration for Request c58c0299-bfd9-4541-bced-bf808b04e395: 141 ms
Input: 1050000,
Cold Start: false
Unique ID: 6d96d850-8d7d-452f-86f8-73e379a1c66d,
Billed Duration for Request 6d96d850-8d7d-452f-86f8-73e379a1c66d: 81 ms
Input: 1050000,
Cold Start: false
Unique ID: cfde2571-e826-4223-ad81-e0a43174f5f6,
Billed Duration for Request cfde2571-e826-4223-ad81-e0a43174f5f6: 122 ms
Input: 1050000,
Cold Start: false
Unique ID: aba1efa3-ca6f-46af-a1bc-4ce843d72187,
Billed Duration for Request aba1efa3-ca6f-46af-a1bc-4ce843d72187: 97 ms
Input: 1050000,
Cold Start: false
Unique ID: df262568-f17c-4519-9d7d-ebf3a8d4cdb7,
Billed Duration for Request df262568-f17c-4519-9d7d-ebf3a8d4cdb7: 139 ms
Input: 1050000,
Cold Start: false
Unique ID: 3b39b9b1-3b4a-47fd-ae0e-902d0ffdf66a,
Billed Duration for Request 3b39b9b1-3b4a-47fd-ae0e-902d0ffdf66a: 100 ms
Input: 1050000,
Cold Start: false
Unique ID: 6859c71e-9b95-4dc3-aa0b-14b2ecdc6fc8,
Billed Duration for Request 6859c71e-9b95-4dc3-aa0b-14b2ecdc6fc8: 102 ms
Input: 1050000,
Cold Start: false
Unique ID: 85d5471c-f0d0-43eb-8343-4ea0a085db6a,
Billed Duration for Request 85d5471c-f0d0-43eb-8343-4ea0a085db6a: 98 ms
Input: 1050000,
Cold Start: false
Unique ID: 236fa16b-19ef-41be-8598-e3bc8a5246d0,
Billed Duration for Request 236fa16b-19ef-41be-8598-e3bc8a5246d0: 78 ms
Input: 1050000,
Cold Start: false
Unique ID: db720ed3-f00b-4b6f-9081-ec59413f26fc,
Billed Duration for Request db720ed3-f00b-4b6f-9081-ec59413f26fc: 137 ms
Input: 1050000,
Cold Start: false
Unique ID: 0dc06b01-517f-454f-bda2-719652dfd6e8,
Billed Duration for Request 0dc06b01-517f-454f-bda2-719652dfd6e8: 71 ms
Input: 1050000,
Cold Start: false
Unique ID: 2138df22-5fe2-4b2d-aa81-a414f3ee770e,
Billed Duration for Request 2138df22-5fe2-4b2d-aa81-a414f3ee770e: 143 ms
Input: 1050000,
Cold Start: false
Unique ID: adf098c7-0b3f-4531-85d5-8b4e569d6d2c,
Billed Duration for Request adf098c7-0b3f-4531-85d5-8b4e569d6d2c: 123 ms
Input: 1050000,
Cold Start: false
Unique ID: e1fe64a8-a110-492a-8319-8bc2214184cf,
Billed Duration for Request e1fe64a8-a110-492a-8319-8bc2214184cf: 124 ms
Input: 1050000,
Cold Start: false
Unique ID: b1084a7d-88b6-4e53-8417-00fa4a2644a2,
Billed Duration for Request b1084a7d-88b6-4e53-8417-00fa4a2644a2: 101 ms
Input: 1050000,
Cold Start: false
Unique ID: a84c3569-2d0f-4663-9c1a-9c2645e1bfdf,
Billed Duration for Request a84c3569-2d0f-4663-9c1a-9c2645e1bfdf: 120 ms
Input: 1050000,
Cold Start: false
Unique ID: bd394f78-d328-4db3-9301-e2495f564514,
Billed Duration for Request bd394f78-d328-4db3-9301-e2495f564514: 82 ms
Input: 1050000,
Cold Start: false
Unique ID: d13e9b91-1ce3-40ad-8f5d-64461659db93,
Billed Duration for Request d13e9b91-1ce3-40ad-8f5d-64461659db93: 143 ms
Input: 1050000,
Cold Start: false
Unique ID: 4d5ab8b2-0fa8-4e40-9e88-ee14bd5b2404,
Billed Duration for Request 4d5ab8b2-0fa8-4e40-9e88-ee14bd5b2404: 101 ms
Input: 1050000,
Cold Start: false
Unique ID: 57242b69-9aad-4016-9346-1efba282514e,
Billed Duration for Request 57242b69-9aad-4016-9346-1efba282514e: 95 ms
Input: 1050000,
Cold Start: false
Unique ID: 6f793053-dc3a-4f67-804c-3ed331c938bc,
Billed Duration for Request 6f793053-dc3a-4f67-804c-3ed331c938bc: 141 ms
Input: 1050000,
Cold Start: false
Unique ID: 4f2867e7-2d1a-4db3-b4d7-4889ca4e7ac7,
Billed Duration for Request 4f2867e7-2d1a-4db3-b4d7-4889ca4e7ac7: 98 ms
Input: 1050000,
Cold Start: false
Unique ID: b9f793bc-8e84-4f1f-9309-afbb4d0a4b7a,
Billed Duration for Request b9f793bc-8e84-4f1f-9309-afbb4d0a4b7a: 71 ms
Input: 1050000,
Cold Start: false
Unique ID: 51f1c131-ff1e-4c0d-b6d4-ad37e44d9b12,
Billed Duration for Request 51f1c131-ff1e-4c0d-b6d4-ad37e44d9b12: 108 ms
Input: 1050000,
Cold Start: false
Unique ID: 791579c1-3bd4-447e-b1c1-518a2d35627a,
Billed Duration for Request 791579c1-3bd4-447e-b1c1-518a2d35627a: 116 ms
Input: 1050000,
Cold Start: false
Unique ID: 43458499-eecc-408b-8653-d33b53349dfc,
Billed Duration for Request 43458499-eecc-408b-8653-d33b53349dfc: 98 ms
Input: 1050000,
Cold Start: false
Unique ID: 422b126b-5567-4e6c-a2d4-5aa358e4c755,
Billed Duration for Request 422b126b-5567-4e6c-a2d4-5aa358e4c755: 94 ms
Input: 1050000,
Cold Start: false
Unique ID: da4751f3-9a7f-40af-80a0-5486f88ec4c6,
Billed Duration for Request da4751f3-9a7f-40af-80a0-5486f88ec4c6: 141 ms
Input: 1050000,
Cold Start: false
Unique ID: f3ba3722-87ea-4825-90ee-e1f0a49652d9,
Billed Duration for Request f3ba3722-87ea-4825-90ee-e1f0a49652d9: 104 ms
Input: 1050000,
Cold Start: false
Unique ID: ff7f2874-dad4-4791-bfc6-5de793df41b6,
Billed Duration for Request ff7f2874-dad4-4791-bfc6-5de793df41b6: 119 ms
Input: 1050000,
Cold Start: false
Unique ID: 1aba7848-2b31-431e-8b74-6994989ce3a4,
Billed Duration for Request 1aba7848-2b31-431e-8b74-6994989ce3a4: 86 ms
Input: 1050000,
Cold Start: false
Unique ID: 4e354117-2d21-416e-a058-4bccc2268827,
Billed Duration for Request 4e354117-2d21-416e-a058-4bccc2268827: 119 ms
Input: 1050000,
Cold Start: false
Unique ID: aaea8802-e9bc-471b-bc85-e9d752bbe9c7,
Billed Duration for Request aaea8802-e9bc-471b-bc85-e9d752bbe9c7: 100 ms
Input: 1050000,
Cold Start: false
Unique ID: 412ec520-f6a7-4ebe-8c72-371cd706dce7,
Billed Duration for Request 412ec520-f6a7-4ebe-8c72-371cd706dce7: 142 ms
Input: 1050000,
Cold Start: false
Unique ID: 72e08238-0ff4-4c3c-ba34-41703d48e01b,
Billed Duration for Request 72e08238-0ff4-4c3c-ba34-41703d48e01b: 80 ms
Input: 1050000,
Cold Start: false
Unique ID: d77324e1-4133-4e42-9a63-8ee0dd058e4d,
Billed Duration for Request d77324e1-4133-4e42-9a63-8ee0dd058e4d: 141 ms
Input: 1050000,
Cold Start: false
Unique ID: 5186705b-7a09-44f6-ae02-6919afbf1cfe,
Billed Duration for Request 5186705b-7a09-44f6-ae02-6919afbf1cfe: 81 ms
Input: 1050000,
Cold Start: false
Unique ID: b0ae1838-edb9-4857-b4fc-b7ff3be5c0bc,
Billed Duration for Request b0ae1838-edb9-4857-b4fc-b7ff3be5c0bc: 141 ms
Input: 1050000,
Cold Start: false
Unique ID: 59f25e7f-0cf3-453b-9dcd-dceb77c3aa85,
Billed Duration for Request 59f25e7f-0cf3-453b-9dcd-dceb77c3aa85: 118 ms
Input: 1050000,
Cold Start: false
Unique ID: 406da819-2f14-465a-83ea-a20f29e03090,
Billed Duration for Request 406da819-2f14-465a-83ea-a20f29e03090: 78 ms
Input: 1050000,
Cold Start: false
Unique ID: eafe7d4c-3090-43aa-bd65-086f924fa8dd,
Billed Duration for Request eafe7d4c-3090-43aa-bd65-086f924fa8dd: 79 ms
Input: 1050000,
Cold Start: false
Unique ID: 07b252a1-302f-40db-a61c-0b4a497cc279,
Billed Duration for Request 07b252a1-302f-40db-a61c-0b4a497cc279: 143 ms
Input: 1050000,
Cold Start: false
Unique ID: cb66e45d-20b7-4673-b00a-9fb079de8643,
Billed Duration for Request cb66e45d-20b7-4673-b00a-9fb079de8643: 81 ms
Input: 1050000,
Cold Start: false
Unique ID: 47c24460-7399-4b4e-a8d6-820f19d70bad,
Billed Duration for Request 47c24460-7399-4b4e-a8d6-820f19d70bad: 136 ms
Input: 1050000,
Cold Start: false
Unique ID: e3cd628d-cf3a-4bd6-8e7a-65eb60ca4d2c,
Billed Duration for Request e3cd628d-cf3a-4bd6-8e7a-65eb60ca4d2c: 100 ms
Input: 1050000,
Cold Start: false
Unique ID: da4b8cc4-4178-47e7-a4ef-854051d8e06f,
Billed Duration for Request da4b8cc4-4178-47e7-a4ef-854051d8e06f: 98 ms
Input: 1050000,
Cold Start: false
Unique ID: c99d3e3c-77fb-4f65-99a0-8a02301234d0,
Billed Duration for Request c99d3e3c-77fb-4f65-99a0-8a02301234d0: 131 ms
Input: 1050000,
Cold Start: false
Unique ID: bab51116-5987-40ab-adc5-5838ec278401,
Billed Duration for Request bab51116-5987-40ab-adc5-5838ec278401: 102 ms
Input: 1050000,
Cold Start: false
Unique ID: b9a87af7-d5c6-45ec-9a78-8419b07009fc,
Billed Duration for Request b9a87af7-d5c6-45ec-9a78-8419b07009fc: 121 ms
Input: 1050000,
Cold Start: false
Unique ID: a8c67b01-d497-4f33-81f5-840059415f17,
Billed Duration for Request a8c67b01-d497-4f33-81f5-840059415f17: 120 ms
Input: 1050000,
Cold Start: false
Unique ID: c9c5ae60-7bc9-4c7f-8396-8f8626726225,
Billed Duration for Request c9c5ae60-7bc9-4c7f-8396-8f8626726225: 98 ms
Input: 1050000,
Cold Start: false
Unique ID: 9474b8fc-0b3e-4d06-83a5-c277cb4fc7dc,
Billed Duration for Request 9474b8fc-0b3e-4d06-83a5-c277cb4fc7dc: 122 ms
Input: 1050000,
Cold Start: false
Unique ID: fdc8bf5b-80db-4f23-b546-d20ee6173d0c,
Billed Duration for Request fdc8bf5b-80db-4f23-b546-d20ee6173d0c: 102 ms
Input: 1050000,
Cold Start: false
Unique ID: 8c878322-4fec-476e-9ae5-2848a0c54970,
Billed Duration for Request 8c878322-4fec-476e-9ae5-2848a0c54970: 100 ms
Input: 1050000,
Cold Start: false
Unique ID: c8bd0bfc-73f5-412c-944d-5f919c404e36,
Billed Duration for Request c8bd0bfc-73f5-412c-944d-5f919c404e36: 139 ms
Input: 1050000,
Cold Start: false
Unique ID: 8e89713d-12f3-4c78-9330-71b110fb8cd6,
Billed Duration for Request 8e89713d-12f3-4c78-9330-71b110fb8cd6: 121 ms
Input: 1050000,
Cold Start: false
Unique ID: 2a675b0e-9504-4c4f-99ac-d67ca748a6e8,
Billed Duration for Request 2a675b0e-9504-4c4f-99ac-d67ca748a6e8: 101 ms
Input: 1050000,
Cold Start: false
Unique ID: 578e832f-77ed-43f7-9f52-65e315ff3207,
Billed Duration for Request 578e832f-77ed-43f7-9f52-65e315ff3207: 119 ms
Input: 1050000,
Cold Start: false
Unique ID: 94bba818-0045-45b1-ab20-08073cc6b504,
Billed Duration for Request 94bba818-0045-45b1-ab20-08073cc6b504: 116 ms
Input: 1050000,
Cold Start: false
Unique ID: e97ad8cd-5221-4fe6-8713-f03c86502656,
Billed Duration for Request e97ad8cd-5221-4fe6-8713-f03c86502656: 73 ms
Input: 1050000,
Cold Start: false
Unique ID: f532007a-5a11-4149-ba79-219cd0540b40,
Billed Duration for Request f532007a-5a11-4149-ba79-219cd0540b40: 141 ms
Input: 1050000,
Cold Start: false
Unique ID: dedf9b4c-ddd4-4329-b408-1b85071cb2a5,
Billed Duration for Request dedf9b4c-ddd4-4329-b408-1b85071cb2a5: 122 ms
Input: 1050000,
Cold Start: false
Unique ID: ce088b1d-3071-4e75-97c8-6d24296d149a,
Billed Duration for Request ce088b1d-3071-4e75-97c8-6d24296d149a: 103 ms
Input: 1050000,
Cold Start: false
Unique ID: 303646b1-a15e-494a-8015-f01674ffd153,
Billed Duration for Request 303646b1-a15e-494a-8015-f01674ffd153: 139 ms
Input: 1050000,
Cold Start: false
Unique ID: 3aa71b29-c0cc-458a-8ac2-eb462ae295f0,
Billed Duration for Request 3aa71b29-c0cc-458a-8ac2-eb462ae295f0: 101 ms
Input: 1050000,
Cold Start: false
Unique ID: bc9d3ed1-ccbf-4321-b070-094e6739b703,
Billed Duration for Request bc9d3ed1-ccbf-4321-b070-094e6739b703: 123 ms
Input: 1050000,
Cold Start: false
Unique ID: cc820cbd-acd9-41f5-bdc1-090f9d35e6d0,
Billed Duration for Request cc820cbd-acd9-41f5-bdc1-090f9d35e6d0: 85 ms
Input: 1050000,
Cold Start: false
Unique ID: 91e4808a-cf1e-4f65-98f0-f4252f2d8c75,
Billed Duration for Request 91e4808a-cf1e-4f65-98f0-f4252f2d8c75: 142 ms
Input: 1050000,
Cold Start: false
Unique ID: 07cd39a1-ac85-4f05-9d7d-051255f94a62,
Billed Duration for Request 07cd39a1-ac85-4f05-9d7d-051255f94a62: 122 ms
Input: 1050000,
Cold Start: false
Unique ID: 1a884828-4623-4756-a20a-f52c3261a46f,
Billed Duration for Request 1a884828-4623-4756-a20a-f52c3261a46f: 97 ms
Input: 1050000,
Cold Start: false
Unique ID: 0141e32f-5aa6-41c0-90dc-428d05e13654,
Billed Duration for Request 0141e32f-5aa6-41c0-90dc-428d05e13654: 121 ms
Input: 1050000,
Cold Start: false
Unique ID: 777d5fd2-b829-4d68-9d0c-9f8ea8f5a4d3,
Billed Duration for Request 777d5fd2-b829-4d68-9d0c-9f8ea8f5a4d3: 79 ms
Input: 1050000,
Cold Start: false
Unique ID: 7cde03f3-1a24-48fe-a65b-ce1f453a775e,
Billed Duration for Request 7cde03f3-1a24-48fe-a65b-ce1f453a775e: 141 ms
Input: 1050000,
Cold Start: false
Unique ID: ed4c2977-6439-45b0-bd5d-af7d5a5fd997,
Billed Duration for Request ed4c2977-6439-45b0-bd5d-af7d5a5fd997: 100 ms
Input: 1050000,
Cold Start: false
Unique ID: 52228d62-5699-440c-a61f-d59c44572652,
Billed Duration for Request 52228d62-5699-440c-a61f-d59c44572652: 121 ms
Input: 1050000,
Cold Start: false
Unique ID: de483b77-9a4b-43fe-addf-d228e72156ea,
Billed Duration for Request de483b77-9a4b-43fe-addf-d228e72156ea: 103 ms
Input: 1050000,
Cold Start: false
Unique ID: c505819a-1bae-4c17-9f69-acaa70a14175,
Billed Duration for Request c505819a-1bae-4c17-9f69-acaa70a14175: 101 ms
Input: 1050000,
Cold Start: false
Unique ID: fc1565d3-8252-4cc5-a418-6b1c53880e3d,
Billed Duration for Request fc1565d3-8252-4cc5-a418-6b1c53880e3d: 141 ms
Input: 1050000,
Cold Start: false
Unique ID: cac329d1-7d1e-4488-bd39-bf155ba5a764,
Billed Duration for Request cac329d1-7d1e-4488-bd39-bf155ba5a764: 103 ms
Input: 1050000,
Cold Start: false
Unique ID: a9915595-be8c-45fb-9140-45c7aa263093,
Billed Duration for Request a9915595-be8c-45fb-9140-45c7aa263093: 79 ms
Input: 1050000,
Cold Start: false
Unique ID: 020326db-a2df-4c19-90fa-9afa00c8b473,
Billed Duration for Request 020326db-a2df-4c19-90fa-9afa00c8b473: 143 ms
Input: 1050000,
Cold Start: false
Unique ID: 9af9629f-8890-4473-aa38-3f3722fa377b,
Billed Duration for Request 9af9629f-8890-4473-aa38-3f3722fa377b: 100 ms
Input: 1050000,
Cold Start: false
Unique ID: 007a6bb9-8bd8-44b9-b4ab-4b9c82cae117,
Billed Duration for Request 007a6bb9-8bd8-44b9-b4ab-4b9c82cae117: 98 ms
Input: 1050000,
Cold Start: false
Unique ID: ee2f7549-6d49-40b0-80c4-72e4a02ee501,
Billed Duration for Request ee2f7549-6d49-40b0-80c4-72e4a02ee501: 121 ms
Input: 1050000,
Cold Start: false
Unique ID: 208ff555-4646-48c2-b365-f7e4b40175ef,
Billed Duration for Request 208ff555-4646-48c2-b365-f7e4b40175ef: 122 ms
Input: 1050000,
Cold Start: false
Unique ID: e6bd6bf8-a2cf-4736-9c3c-901a23f18213,
Billed Duration for Request e6bd6bf8-a2cf-4736-9c3c-901a23f18213: 100 ms
Input: 1050000,
Cold Start: false
Unique ID: 5d551640-d81d-44ee-982e-8f9a8b5cf252,
Billed Duration for Request 5d551640-d81d-44ee-982e-8f9a8b5cf252: 123 ms
Input: 1050000,
Cold Start: false
Unique ID: 388f40fd-6668-40e1-a64f-e836f30d9f00,
Billed Duration for Request 388f40fd-6668-40e1-a64f-e836f30d9f00: 120 ms
Input: 1050000,
Cold Start: false
Unique ID: c830e049-b51e-44e1-ba81-43a4e2175df2,
Billed Duration for Request c830e049-b51e-44e1-ba81-43a4e2175df2: 122 ms
Input: 1050000,
Cold Start: false
Unique ID: 1e809207-9247-47cc-83e0-7275ec5779c1,
Billed Duration for Request 1e809207-9247-47cc-83e0-7275ec5779c1: 97 ms
Input: 1050000,
Cold Start: false
Unique ID: fb5420bf-7d60-4e63-add8-8890220301fb,
Billed Duration for Request fb5420bf-7d60-4e63-add8-8890220301fb: 143 ms
Input: 1050000,
Cold Start: false
Unique ID: 7a990a21-6c18-4f14-8f5a-95ccebe0352e,
Billed Duration for Request 7a990a21-6c18-4f14-8f5a-95ccebe0352e: 81 ms
Input: 1050000,
Cold Start: false
Unique ID: a364e773-d7f1-4bc1-88f6-d4420589f75e,
Billed Duration for Request a364e773-d7f1-4bc1-88f6-d4420589f75e: 134 ms
Input: 1050000,
Cold Start: false
Unique ID: 2eac1718-538a-43c3-80f3-d63258fd197e,
Billed Duration for Request 2eac1718-538a-43c3-80f3-d63258fd197e: 102 ms
Input: 1050000,
Cold Start: false
Unique ID: e7bef752-a819-43b5-87f6-39d7fe54e106,
Billed Duration for Request e7bef752-a819-43b5-87f6-39d7fe54e106: 101 ms
Input: 1050000,
Cold Start: false
Unique ID: 2d1a400a-226c-4329-8d5e-896b44702294,
Billed Duration for Request 2d1a400a-226c-4329-8d5e-896b44702294: 86 ms
Input: 1050000,
Cold Start: false
Unique ID: eca5eb18-d9e2-45d6-a46d-49890ac379bb,
Billed Duration for Request eca5eb18-d9e2-45d6-a46d-49890ac379bb: 141 ms
Input: 1050000,
Cold Start: false
Unique ID: becef7f7-9860-4385-bacb-1b091280b329,
Billed Duration for Request becef7f7-9860-4385-bacb-1b091280b329: 119 ms
Input: 1050000,
Cold Start: false
Unique ID: 80d3d640-61ef-477e-ace3-bcdf561094f5,
Billed Duration for Request 80d3d640-61ef-477e-ace3-bcdf561094f5: 99 ms
Input: 1050000,
Cold Start: false
Unique ID: 18de71c2-f159-468f-affe-d1c8e4d20f9d,
Billed Duration for Request 18de71c2-f159-468f-affe-d1c8e4d20f9d: 100 ms
Input: 1050000,
Cold Start: false
Unique ID: b0091df7-271e-433a-b8aa-0153f3bce14c,
Billed Duration for Request b0091df7-271e-433a-b8aa-0153f3bce14c: 99 ms
Input: 1050000,
Cold Start: false
Unique ID: 33886173-8001-4d79-bb97-3d8edcc92112,
Billed Duration for Request 33886173-8001-4d79-bb97-3d8edcc92112: 102 ms
Input: 1050000,
Cold Start: false
Unique ID: 57e40940-f01e-4daf-bdbf-a0242ea988da,
Billed Duration for Request 57e40940-f01e-4daf-bdbf-a0242ea988da: 119 ms
Input: 1050000,
Cold Start: false
Unique ID: 6b571873-15c1-4514-be6f-93116f9f5ab7,
Billed Duration for Request 6b571873-15c1-4514-be6f-93116f9f5ab7: 97 ms
Input: 1050000,
Cold Start: false
Unique ID: e7f7d23c-e23b-4210-a2c0-1c95bae42cb1,
Billed Duration for Request e7f7d23c-e23b-4210-a2c0-1c95bae42cb1: 123 ms
Input: 1050000,
Cold Start: false
Unique ID: 866e94c2-1630-45b8-8c3f-d736b276d6b6,
Billed Duration for Request 866e94c2-1630-45b8-8c3f-d736b276d6b6: 100 ms
Input: 1050000,
Cold Start: false
Unique ID: 067bc277-ce4a-4d50-80ba-7cfa30d8b5d6,
Billed Duration for Request 067bc277-ce4a-4d50-80ba-7cfa30d8b5d6: 140 ms
Input: 1050000,
Cold Start: false
Unique ID: 54cfbb1b-8ce5-432e-9907-0ddca0adf75e,
Billed Duration for Request 54cfbb1b-8ce5-432e-9907-0ddca0adf75e: 93 ms
Input: 1050000,
Cold Start: false
Unique ID: 4f853d0e-51fc-4e8a-bbaa-f3cc5bcd6381,
Billed Duration for Request 4f853d0e-51fc-4e8a-bbaa-f3cc5bcd6381: 109 ms
Input: 1050000,
Cold Start: false
Unique ID: 96899292-1cde-4b0b-8a18-065341d37f46,
Billed Duration for Request 96899292-1cde-4b0b-8a18-065341d37f46: 98 ms
Input: 1050000,
Cold Start: false
Unique ID: 481e0ec1-10e0-4922-9cea-7d07bc669f79,
Billed Duration for Request 481e0ec1-10e0-4922-9cea-7d07bc669f79: 143 ms
Input: 1050000,
Cold Start: false
Unique ID: 58a23149-a9df-4c32-b5b7-6d63eaa1b7e0,
Billed Duration for Request 58a23149-a9df-4c32-b5b7-6d63eaa1b7e0: 99 ms
Input: 1050000,
Cold Start: false
Unique ID: 7355e7bf-7da7-4e69-a946-f4e03dd35edc,
Billed Duration for Request 7355e7bf-7da7-4e69-a946-f4e03dd35edc: 116 ms
Input: 1050000,
Cold Start: false
Unique ID: 4d99239b-acdc-4667-ae88-1db0a8446ae1,
Billed Duration for Request 4d99239b-acdc-4667-ae88-1db0a8446ae1: 117 ms
Input: 1050000,
Cold Start: false
Unique ID: 3adb0957-0307-4e06-a95b-344f72b81d20,
Billed Duration for Request 3adb0957-0307-4e06-a95b-344f72b81d20: 100 ms
Input: 1050000,
Cold Start: false
Unique ID: 26219e8e-e0d6-4eab-9446-b4d041c81422,
Billed Duration for Request 26219e8e-e0d6-4eab-9446-b4d041c81422: 95 ms
Input: 1050000,
Cold Start: false
Unique ID: 83828bed-4010-4ecb-a268-b54f09558fa5,
Billed Duration for Request 83828bed-4010-4ecb-a268-b54f09558fa5: 107 ms
Input: 1050000,
Cold Start: false
Unique ID: 8fdb848e-b192-430d-a9c6-2e8b815b4f67,
Billed Duration for Request 8fdb848e-b192-430d-a9c6-2e8b815b4f67: 119 ms
Input: 1050000,
Cold Start: false
Unique ID: b03215de-077a-4d72-8d5d-f4140bb3ff5b,
Billed Duration for Request b03215de-077a-4d72-8d5d-f4140bb3ff5b: 81 ms
Input: 1050000,
Cold Start: false
Unique ID: 02942734-f247-4bfe-b161-e7339efa2368,
Billed Duration for Request 02942734-f247-4bfe-b161-e7339efa2368: 140 ms
Input: 1050000,
Cold Start: false
Unique ID: cee0335d-0ae4-4b4c-9f74-d4d03f20a0ec,
Billed Duration for Request cee0335d-0ae4-4b4c-9f74-d4d03f20a0ec: 98 ms
Input: 1050000,
Cold Start: false
Unique ID: ab83524d-0637-425d-8aee-c764a9643991,
Billed Duration for Request ab83524d-0637-425d-8aee-c764a9643991: 100 ms
Input: 1050000,
Cold Start: false
Unique ID: a7a03294-869e-4077-ac73-74930297da0e,
Billed Duration for Request a7a03294-869e-4077-ac73-74930297da0e: 144 ms
Input: 1050000,
Cold Start: false
Unique ID: 82916e00-be3f-4d04-9e04-b10d3610553a,
Billed Duration for Request 82916e00-be3f-4d04-9e04-b10d3610553a: 121 ms
Input: 1050000,
Cold Start: false
Unique ID: 5794a96c-7340-4030-8238-29ce7f39e758,
Billed Duration for Request 5794a96c-7340-4030-8238-29ce7f39e758: 133 ms
Input: 1050000,
Cold Start: false
Unique ID: 160a449f-feae-40ee-8b4d-1b0cf1c1560d,
Billed Duration for Request 160a449f-feae-40ee-8b4d-1b0cf1c1560d: 119 ms
Input: 1050000,
Cold Start: false
Unique ID: 5db8c0e6-144a-4373-988f-acde1963a507,
Billed Duration for Request 5db8c0e6-144a-4373-988f-acde1963a507: 102 ms
Input: 1050000,
Cold Start: false
Unique ID: 91f59282-6ef3-4ba2-8ca0-a8054323d741,
Billed Duration for Request 91f59282-6ef3-4ba2-8ca0-a8054323d741: 147 ms
Input: 1050000,
Cold Start: false
Unique ID: 248bf57a-23b8-41f8-9725-4df1c71fb756,
Billed Duration for Request 248bf57a-23b8-41f8-9725-4df1c71fb756: 98 ms
Input: 1050000,
Cold Start: false
Unique ID: 5f26f939-d99b-4eba-9836-4eac8069227f,
Billed Duration for Request 5f26f939-d99b-4eba-9836-4eac8069227f: 139 ms
Input: 1050000,
Cold Start: false
Unique ID: e418f458-821c-468e-94c1-cb994cd0db66,
Billed Duration for Request e418f458-821c-468e-94c1-cb994cd0db66: 81 ms
Input: 1050000,
Cold Start: false
Unique ID: c2bd086f-31e2-4583-adf6-5606fc95a25f,
Billed Duration for Request c2bd086f-31e2-4583-adf6-5606fc95a25f: 143 ms
Input: 1050000,
Cold Start: false
Unique ID: d2f2159d-9884-4289-ac73-157e637ea61e,
Billed Duration for Request d2f2159d-9884-4289-ac73-157e637ea61e: 76 ms
Input: 1050000,
Cold Start: false
Unique ID: 33630927-642f-4216-8b48-ac7ffb616321,
Billed Duration for Request 33630927-642f-4216-8b48-ac7ffb616321: 115 ms
Input: 1050000,
Cold Start: false
Unique ID: b30998df-0ee8-47d3-b9bd-d58313b1ad61,
Billed Duration for Request b30998df-0ee8-47d3-b9bd-d58313b1ad61: 100 ms
Input: 1050000,
Cold Start: false
Unique ID: cbb97802-483c-4245-986d-9801414fbc56,
Billed Duration for Request cbb97802-483c-4245-986d-9801414fbc56: 140 ms
Input: 1050000,
Cold Start: false
Unique ID: a83eb031-fbeb-4f3c-b74b-6089d1ec8327,
Billed Duration for Request a83eb031-fbeb-4f3c-b74b-6089d1ec8327: 118 ms
Input: 1050000,
Cold Start: false
Unique ID: 16e7ce01-2261-4bfc-9a01-5fb89193089e,
Billed Duration for Request 16e7ce01-2261-4bfc-9a01-5fb89193089e: 104 ms
Input: 1050000,
Cold Start: false
Unique ID: bacc96a5-a632-4c70-911f-eb4938f0c0f7,
Billed Duration for Request bacc96a5-a632-4c70-911f-eb4938f0c0f7: 120 ms
Input: 1050000,
Cold Start: false
Unique ID: d3057653-f494-4444-aac1-e6c19d5c2342,
Billed Duration for Request d3057653-f494-4444-aac1-e6c19d5c2342: 101 ms
Input: 1050000,
Cold Start: false
Unique ID: 9ec68baa-e791-4cf7-8cbc-53496a3a7d2e,
Billed Duration for Request 9ec68baa-e791-4cf7-8cbc-53496a3a7d2e: 119 ms
Input: 1050000,
Cold Start: false
Unique ID: d1f0183e-03d2-4613-92cd-bd6c2194c965,
Billed Duration for Request d1f0183e-03d2-4613-92cd-bd6c2194c965: 117 ms
Input: 1050000,
Cold Start: false
Unique ID: 61da30ad-8b23-4f3f-8cfb-555a753e2652,
Billed Duration for Request 61da30ad-8b23-4f3f-8cfb-555a753e2652: 104 ms
Input: 1050000,
Cold Start: false
Unique ID: b26a118e-3355-4ac1-a39b-01719b6e44ef,
Billed Duration for Request b26a118e-3355-4ac1-a39b-01719b6e44ef: 102 ms
Input: 1050000,
Cold Start: false
Unique ID: d77d8cb4-1491-4e2a-8267-8e1649cd0bcf,
Billed Duration for Request d77d8cb4-1491-4e2a-8267-8e1649cd0bcf: 159 ms
Input: 1050000,
Cold Start: false
Unique ID: 885a7283-93f8-4a36-bfc0-2b4d1a5cb7e2,
Billed Duration for Request 885a7283-93f8-4a36-bfc0-2b4d1a5cb7e2: 101 ms
Input: 1050000,
Cold Start: false
Unique ID: b6958c93-2eac-4da7-99ce-b3291a370996,
Billed Duration for Request b6958c93-2eac-4da7-99ce-b3291a370996: 140 ms
Input: 1050000,
Cold Start: false
Unique ID: 72ac67d5-c612-40bb-9289-03b438e55175,
Billed Duration for Request 72ac67d5-c612-40bb-9289-03b438e55175: 91 ms
Input: 1050000,
Cold Start: false
Unique ID: 7033b5cd-0bfd-4583-88f1-6e27f8be3fa5,
Billed Duration for Request 7033b5cd-0bfd-4583-88f1-6e27f8be3fa5: 140 ms
Input: 1050000,
Cold Start: false
Unique ID: 634544f6-c37a-4f6a-92b5-7bc12766ac1f,
Billed Duration for Request 634544f6-c37a-4f6a-92b5-7bc12766ac1f: 123 ms
Input: 1050000,
Cold Start: false
Unique ID: b453099d-fdc8-4645-a523-542c6daafc95,
Billed Duration for Request b453099d-fdc8-4645-a523-542c6daafc95: 98 ms
Input: 1050000,
Cold Start: false
Unique ID: 599c32a4-5264-45b6-a267-c487a1f2af2c,
Billed Duration for Request 599c32a4-5264-45b6-a267-c487a1f2af2c: 122 ms
Input: 1050000,
Cold Start: false
Unique ID: 7680f8e8-4a93-4bb9-83da-a39c2ca43a6d,
Billed Duration for Request 7680f8e8-4a93-4bb9-83da-a39c2ca43a6d: 118 ms
Input: 1050000,
Cold Start: false
Unique ID: f755ba17-bb72-43cc-a2c2-5004e9fd9049,
Billed Duration for Request f755ba17-bb72-43cc-a2c2-5004e9fd9049: 80 ms
Input: 1050000,
Cold Start: false
Unique ID: 9ef95249-b5bb-487b-bccd-075593ccf652,
Billed Duration for Request 9ef95249-b5bb-487b-bccd-075593ccf652: 160 ms
Input: 1050000,
Cold Start: false
Unique ID: 9486eb91-30ef-49d4-aaf4-bbe0c184f201,
Billed Duration for Request 9486eb91-30ef-49d4-aaf4-bbe0c184f201: 129 ms
Input: 1050000,
Cold Start: false
Unique ID: 1b8fe3b7-5c38-4fd4-a774-2f00de749f17,
Billed Duration for Request 1b8fe3b7-5c38-4fd4-a774-2f00de749f17: 106 ms
Input: 1050000,
Cold Start: false
Unique ID: e14b6b39-0193-4cea-84b7-49995de40b79,
Billed Duration for Request e14b6b39-0193-4cea-84b7-49995de40b79: 119 ms
Input: 1050000,
Cold Start: false
Unique ID: 7ec300bc-fd13-4ff1-bdf8-4cb307918a36,
Billed Duration for Request 7ec300bc-fd13-4ff1-bdf8-4cb307918a36: 133 ms
Input: 1050000,
Cold Start: false
Unique ID: 2fc67219-2828-4517-a1a1-3a3d2f1ae6b2,
Billed Duration for Request 2fc67219-2828-4517-a1a1-3a3d2f1ae6b2: 119 ms
Input: 1050000,
Cold Start: false
Unique ID: 5a000209-b5a4-4d2d-a736-19893054dd6d,
Billed Duration for Request 5a000209-b5a4-4d2d-a736-19893054dd6d: 139 ms
Input: 1050000,
Cold Start: false
Unique ID: 5c626c66-8880-4fc9-88f6-8edafc274a25,
Billed Duration for Request 5c626c66-8880-4fc9-88f6-8edafc274a25: 120 ms
Input: 1050000,
Cold Start: false
Unique ID: dbc86349-b28b-43c1-a553-a2c0aa144a35,
Billed Duration for Request dbc86349-b28b-43c1-a553-a2c0aa144a35: 166 ms
Input: 1050000,
Cold Start: false
Unique ID: a42d4552-9b87-4fc1-b195-121a4fe7f3d5,
Billed Duration for Request a42d4552-9b87-4fc1-b195-121a4fe7f3d5: 92 ms
Input: 1050000,
Cold Start: false
Unique ID: cf4c9d3d-7cc4-4a16-8fb2-23d4331d7ff5,
Billed Duration for Request cf4c9d3d-7cc4-4a16-8fb2-23d4331d7ff5: 145 ms
Input: 1050000,
Cold Start: false
Unique ID: ce21604d-3998-4e03-b4cb-98f2680d21f0,
Billed Duration for Request ce21604d-3998-4e03-b4cb-98f2680d21f0: 103 ms
Input: 1050000,
Cold Start: false
Unique ID: b337ebf1-24f0-4cfc-a207-e33565156435,
Billed Duration for Request b337ebf1-24f0-4cfc-a207-e33565156435: 163 ms
Input: 1050000,
Cold Start: false
Unique ID: 9efc59ee-0e9a-4ea4-9e72-7b89ddfd280b,
Billed Duration for Request 9efc59ee-0e9a-4ea4-9e72-7b89ddfd280b: 139 ms
Input: 1050000,
Cold Start: false
Unique ID: 7e63cc26-842e-40ec-b847-3c7512fecfe6,
Billed Duration for Request 7e63cc26-842e-40ec-b847-3c7512fecfe6: 120 ms
Input: 1050000,
Cold Start: false
Unique ID: 75f65af9-d59e-4294-851c-551d7d49c213,
Billed Duration for Request 75f65af9-d59e-4294-851c-551d7d49c213: 116 ms
Input: 1050000,
Cold Start: false
Unique ID: a4c37949-6316-4db9-ab39-1d6bb3c95a41,
Billed Duration for Request a4c37949-6316-4db9-ab39-1d6bb3c95a41: 126 ms
Input: 1050000,
Cold Start: false
Unique ID: 5e5d89fa-dec4-4b7c-8e43-21a8fd7112e4,
Billed Duration for Request 5e5d89fa-dec4-4b7c-8e43-21a8fd7112e4: 182 ms
Input: 1050000,
Cold Start: false
Unique ID: 479c0b6f-f6b9-4025-b35c-771a830b674e,
Billed Duration for Request 479c0b6f-f6b9-4025-b35c-771a830b674e: 83 ms
Input: 1050000,
Cold Start: false
Unique ID: fef70185-a7b5-44c4-a38a-8000ff55d48f,
Billed Duration for Request fef70185-a7b5-44c4-a38a-8000ff55d48f: 178 ms
Input: 1050000,
Cold Start: false
Unique ID: f57ebb7e-4c8b-4486-96e3-140836ee556c,
Billed Duration for Request f57ebb7e-4c8b-4486-96e3-140836ee556c: 97 ms
Input: 1050000,
Cold Start: false
Unique ID: d9ea0288-b8c0-43f0-a304-e2798b4d025a,
Billed Duration for Request d9ea0288-b8c0-43f0-a304-e2798b4d025a: 84 ms
Input: 1050000,
Cold Start: false
Unique ID: 1545fabe-128c-4194-ab7e-bffd7f489fd2,
Billed Duration for Request 1545fabe-128c-4194-ab7e-bffd7f489fd2: 142 ms
Input: 1050000,
Cold Start: false
Unique ID: fe822ed5-d705-45d6-af22-c90259bc2e47,
Billed Duration for Request fe822ed5-d705-45d6-af22-c90259bc2e47: 120 ms
Input: 1050000,
Cold Start: false
Unique ID: b5cbf1af-3b76-4c2a-82d5-b610c46ad8cf,
Billed Duration for Request b5cbf1af-3b76-4c2a-82d5-b610c46ad8cf: 103 ms
Input: 1050000,
Cold Start: false
Unique ID: 24b9112b-2b26-47df-a5d4-0c9e940c28d9,
Billed Duration for Request 24b9112b-2b26-47df-a5d4-0c9e940c28d9: 143 ms
Input: 1050000,
Cold Start: false
Unique ID: 5811c8b5-5a9d-4d31-b181-22941853b289,
Billed Duration for Request 5811c8b5-5a9d-4d31-b181-22941853b289: 81 ms
Input: 1050000,
Cold Start: false
Unique ID: e5c99284-1dda-4a83-8ed5-58294f507ce7,
Billed Duration for Request e5c99284-1dda-4a83-8ed5-58294f507ce7: 139 ms
Input: 1050000,
Cold Start: false
Unique ID: 5d7b40cf-467a-4fbf-b32d-dcc25a8fab11,
Billed Duration for Request 5d7b40cf-467a-4fbf-b32d-dcc25a8fab11: 121 ms
Input: 1050000,
Cold Start: false
Unique ID: 398860b3-fca4-441d-a237-c7a3ca41823b,
Billed Duration for Request 398860b3-fca4-441d-a237-c7a3ca41823b: 98 ms
Input: 1050000,
Cold Start: false
Unique ID: 0057210f-b9b2-4dda-b677-79a90c6014a0,
Billed Duration for Request 0057210f-b9b2-4dda-b677-79a90c6014a0: 139 ms
Input: 1050000,
Cold Start: false
Unique ID: ca993855-fd32-43b3-b77d-66637bb4198a,
Billed Duration for Request ca993855-fd32-43b3-b77d-66637bb4198a: 81 ms
Input: 1050000,
Cold Start: false
Unique ID: fdaee307-0721-4969-917f-28be8353a3ad,
Billed Duration for Request fdaee307-0721-4969-917f-28be8353a3ad: 138 ms
Input: 1050000,
Cold Start: false
Unique ID: ea17b1a5-d61a-48df-bdbc-d853295f75b0,
Billed Duration for Request ea17b1a5-d61a-48df-bdbc-d853295f75b0: 118 ms
Input: 1050000,
Cold Start: false
Unique ID: 54ef9442-6d0b-424a-b833-e1510dfb0423,
Billed Duration for Request 54ef9442-6d0b-424a-b833-e1510dfb0423: 99 ms
Input: 1050000,
Cold Start: false
Unique ID: 33edbfae-2b66-494c-b467-c6ec3d85215f,
Billed Duration for Request 33edbfae-2b66-494c-b467-c6ec3d85215f: 100 ms
Input: 1050000,
Cold Start: false
Unique ID: d239ecff-a8f1-4901-9721-44443ab56e7d,
Billed Duration for Request d239ecff-a8f1-4901-9721-44443ab56e7d: 119 ms
Input: 1050000,
Cold Start: false
Unique ID: 82768fdb-8c5c-414c-bd4f-b903a36f761d,
Billed Duration for Request 82768fdb-8c5c-414c-bd4f-b903a36f761d: 103 ms
Input: 1050000,
Cold Start: false
Unique ID: b0641db3-33c3-4a52-97cd-432f60aef51e,
Billed Duration for Request b0641db3-33c3-4a52-97cd-432f60aef51e: 194 ms
Input: 1050000,
Cold Start: false
Unique ID: 9eae1473-e7ca-4d7e-8125-75848ceb4441,
Billed Duration for Request 9eae1473-e7ca-4d7e-8125-75848ceb4441: 103 ms
Input: 1050000,
Cold Start: false
Unique ID: d9e553b8-f291-4bda-b234-b61b69e7cdf3,
Billed Duration for Request d9e553b8-f291-4bda-b234-b61b69e7cdf3: 158 ms
Input: 1050000,
Cold Start: false
Unique ID: 38f5af19-3a69-4df1-96f3-a33cd3ac05ba,
Billed Duration for Request 38f5af19-3a69-4df1-96f3-a33cd3ac05ba: 102 ms
Input: 1050000,
Cold Start: false
Unique ID: e017820c-e450-4574-af5b-c886b1dc5434,
Billed Duration for Request e017820c-e450-4574-af5b-c886b1dc5434: 123 ms
Input: 1050000,
Cold Start: false
Unique ID: c592a6c9-d281-4646-b844-447fdb117af3,
Billed Duration for Request c592a6c9-d281-4646-b844-447fdb117af3: 121 ms
Input: 1050000,
Cold Start: false
Unique ID: 39c3b14e-ca30-414c-a45c-31d0f614f164,
Billed Duration for Request 39c3b14e-ca30-414c-a45c-31d0f614f164: 118 ms
Input: 1050000,
Cold Start: false
Unique ID: b8a0b706-bd72-4ce8-ac01-8f1cd1eadfb3,
Billed Duration for Request b8a0b706-bd72-4ce8-ac01-8f1cd1eadfb3: 124 ms
Input: 1050000,
Cold Start: false
Unique ID: ace657c1-9882-46c2-9519-9e0ebaf04151,
Billed Duration for Request ace657c1-9882-46c2-9519-9e0ebaf04151: 103 ms
Input: 1050000,
Cold Start: false
Unique ID: 4c7527b4-7d31-4a76-b2b0-2185c705739e,
Billed Duration for Request 4c7527b4-7d31-4a76-b2b0-2185c705739e: 122 ms
Input: 1050000,
Cold Start: false
Unique ID: 52e7cc28-13ea-47ee-a8dc-248adeaaa22d,
Billed Duration for Request 52e7cc28-13ea-47ee-a8dc-248adeaaa22d: 105 ms
Input: 1050000,
Cold Start: false
Unique ID: f830a2a8-8934-4862-b49c-f441b2d6e1de,
Billed Duration for Request f830a2a8-8934-4862-b49c-f441b2d6e1de: 162 ms
Input: 1050000,
Cold Start: false
Unique ID: 71621f46-a6ae-4ef8-8e69-23b2867b80a2,
Billed Duration for Request 71621f46-a6ae-4ef8-8e69-23b2867b80a2: 102 ms
Input: 1050000,
Cold Start: false
Unique ID: 4ee5fddf-8926-42d9-9c23-c697cd46e066,
Billed Duration for Request 4ee5fddf-8926-42d9-9c23-c697cd46e066: 141 ms
Input: 1050000,
Cold Start: false
Unique ID: 909a734e-62ec-41e3-9c96-5c73976a00ef,
Billed Duration for Request 909a734e-62ec-41e3-9c96-5c73976a00ef: 86 ms
Input: 1050000,
Cold Start: false
Unique ID: 527922ca-d83c-44a5-8b5b-a8f5bb150471,
Billed Duration for Request 527922ca-d83c-44a5-8b5b-a8f5bb150471: 154 ms
Input: 1050000,
Cold Start: false
Unique ID: 6e46adc1-41b5-4628-9464-6ac8aa0d61f5,
Billed Duration for Request 6e46adc1-41b5-4628-9464-6ac8aa0d61f5: 86 ms
Input: 1050000,
Cold Start: false
Unique ID: fc2b643a-5de1-46c4-8790-2a093b02df3e,
Billed Duration for Request fc2b643a-5de1-46c4-8790-2a093b02df3e: 158 ms
Input: 1050000,
Cold Start: false
Unique ID: c2d97555-bbcf-4eaf-9c78-ab81bcf534eb,
Billed Duration for Request c2d97555-bbcf-4eaf-9c78-ab81bcf534eb: 122 ms
Input: 1050000,
Cold Start: false
Unique ID: 1acc6531-e5cf-4eb5-9f52-3befbe722182,
Billed Duration for Request 1acc6531-e5cf-4eb5-9f52-3befbe722182: 110 ms
Input: 1050000,
Cold Start: false
Unique ID: aecd83f7-3ab5-449e-874c-d7002da3880a,
Billed Duration for Request aecd83f7-3ab5-449e-874c-d7002da3880a: 119 ms
Input: 1050000,
Cold Start: false
Unique ID: 053a526f-62a6-48b9-82cc-b560c3ad18b7,
Billed Duration for Request 053a526f-62a6-48b9-82cc-b560c3ad18b7: 102 ms
Input: 1050000,
Cold Start: false
Unique ID: 19c3e0a0-ed06-49e7-950a-3b5da1a1ed7d,
Billed Duration for Request 19c3e0a0-ed06-49e7-950a-3b5da1a1ed7d: 121 ms
Input: 1050000,
Cold Start: false
Unique ID: 30bc8cef-44f4-4db4-bceb-48502f7e43a2,
Billed Duration for Request 30bc8cef-44f4-4db4-bceb-48502f7e43a2: 180 ms
Input: 1050000,
Cold Start: false
Unique ID: 583b5f2c-d44e-4306-b2a2-3684f537dddb,
Billed Duration for Request 583b5f2c-d44e-4306-b2a2-3684f537dddb: 81 ms
Input: 1050000,
Cold Start: false
Unique ID: 46553b06-dff8-42df-ab3e-b4b81cd9a285,
Billed Duration for Request 46553b06-dff8-42df-ab3e-b4b81cd9a285: 155 ms
Input: 1050000,
Cold Start: false
Unique ID: 020c2d6f-ad2f-43a6-804d-89c639cd9848,
Billed Duration for Request 020c2d6f-ad2f-43a6-804d-89c639cd9848: 140 ms
Input: 1050000,
Cold Start: false
Unique ID: 6f3952f9-43db-439c-bb2a-8e9a204ab883,
Billed Duration for Request 6f3952f9-43db-439c-bb2a-8e9a204ab883: 124 ms
Input: 1050000,
Cold Start: false
Unique ID: 9c1ed9fe-00cb-4d0a-932e-a660299cd227,
Billed Duration for Request 9c1ed9fe-00cb-4d0a-932e-a660299cd227: 162 ms
Input: 1050000,
Cold Start: false
Unique ID: 3ecad4bc-8bd1-4e5f-8099-ca8a44eda9ad,
Billed Duration for Request 3ecad4bc-8bd1-4e5f-8099-ca8a44eda9ad: 121 ms
Input: 1050000,
Cold Start: false
Unique ID: e28cfd57-cb9d-4651-94d0-c6e018ecf6fa,
Billed Duration for Request e28cfd57-cb9d-4651-94d0-c6e018ecf6fa: 121 ms
Input: 1050000,
Cold Start: false
Unique ID: 77d0ff40-bef4-4ab5-83d2-c8bcb2a4c63e,
Billed Duration for Request 77d0ff40-bef4-4ab5-83d2-c8bcb2a4c63e: 149 ms
Input: 1050000,
Cold Start: false
Unique ID: 2385d4af-bc74-4ded-a9f6-1a791fd7de62,
Billed Duration for Request 2385d4af-bc74-4ded-a9f6-1a791fd7de62: 141 ms
Input: 1050000,
Cold Start: false
Unique ID: 3084903a-0a2c-4f4a-a505-690811d3325b,
Billed Duration for Request 3084903a-0a2c-4f4a-a505-690811d3325b: 138 ms
Input: 1050000,
Cold Start: false
Unique ID: 012768d5-5533-4fa6-80e7-7ac2d92db6fd,
Billed Duration for Request 012768d5-5533-4fa6-80e7-7ac2d92db6fd: 123 ms
Input: 1050000,
Cold Start: false
Unique ID: 6abc680a-0caa-4ee4-8ef2-b0d7872fe5a6,
Billed Duration for Request 6abc680a-0caa-4ee4-8ef2-b0d7872fe5a6: 88 ms
Input: 1050000,
Cold Start: false
Unique ID: c71a9357-299f-4024-9e50-cf16233a5fa1,
Billed Duration for Request c71a9357-299f-4024-9e50-cf16233a5fa1: 156 ms
Input: 1050000,
Cold Start: false
Unique ID: 1da876e2-5782-41ab-bbe7-f51162d521ff,
Billed Duration for Request 1da876e2-5782-41ab-bbe7-f51162d521ff: 82 ms
Input: 1050000,
Cold Start: false
Unique ID: dfce4aea-85cd-4187-9b25-5cb3d27e1324,
Billed Duration for Request dfce4aea-85cd-4187-9b25-5cb3d27e1324: 165 ms
Input: 1050000,
Cold Start: false
Unique ID: 2b14f4bb-0b37-459d-9d1c-7e26c5158273,
Billed Duration for Request 2b14f4bb-0b37-459d-9d1c-7e26c5158273: 139 ms
Input: 1050000,
Cold Start: false
Unique ID: aff1924e-acbb-4905-85ef-e5773ee7aad4,
Billed Duration for Request aff1924e-acbb-4905-85ef-e5773ee7aad4: 139 ms
Input: 1050000,
Cold Start: false
Unique ID: bbadaaf1-0667-43ab-9656-cb89944b2e73,
Billed Duration for Request bbadaaf1-0667-43ab-9656-cb89944b2e73: 104 ms
Input: 1050000,
Cold Start: false
Unique ID: 51f45fbc-ffdf-4723-867f-b026d8ace960,
Billed Duration for Request 51f45fbc-ffdf-4723-867f-b026d8ace960: 94 ms
Input: 1050000,
Cold Start: false
Unique ID: 72292d9c-fab9-4e8f-80f4-f03f2ea3f7f2,
Billed Duration for Request 72292d9c-fab9-4e8f-80f4-f03f2ea3f7f2: 115 ms
Input: 1050000,
Cold Start: false
Unique ID: 311340ce-8906-44a2-a4df-1efaa438eca7,
Billed Duration for Request 311340ce-8906-44a2-a4df-1efaa438eca7: 175 ms
Input: 1050000,
Cold Start: false
Unique ID: b33d380f-4277-4232-b1f0-9cc3acb545ae,
Billed Duration for Request b33d380f-4277-4232-b1f0-9cc3acb545ae: 79 ms
Input: 1050000,
Cold Start: false
Unique ID: 2e264e48-5aff-4887-b288-3dfc57895214,
Billed Duration for Request 2e264e48-5aff-4887-b288-3dfc57895214: 178 ms
Input: 1050000,
Cold Start: false
Unique ID: a6d5577f-f60a-4ebe-b2a8-e9cbd7f13bf6,
Billed Duration for Request a6d5577f-f60a-4ebe-b2a8-e9cbd7f13bf6: 123 ms
Input: 1050000,
Cold Start: false
Unique ID: 27fa44cc-13bf-49c1-ba31-fbaed249ad2a,
Billed Duration for Request 27fa44cc-13bf-49c1-ba31-fbaed249ad2a: 123 ms
Input: 1050000,
Cold Start: false
Unique ID: 4f63a4b2-5d35-4f4c-9f43-97f67c2087af,
Billed Duration for Request 4f63a4b2-5d35-4f4c-9f43-97f67c2087af: 141 ms
Input: 1050000,
Cold Start: false
Unique ID: 277e09e9-3318-45f5-997f-57a47cb5a401,
Billed Duration for Request 277e09e9-3318-45f5-997f-57a47cb5a401: 132 ms
Input: 1050000,
Cold Start: false
Unique ID: 520135eb-a223-41bc-91a6-a8dc810135a9,
Billed Duration for Request 520135eb-a223-41bc-91a6-a8dc810135a9: 120 ms
Input: 1050000,
Cold Start: false
Unique ID: a779d394-5da6-422b-a601-b765d85457c4,
Billed Duration for Request a779d394-5da6-422b-a601-b765d85457c4: 120 ms
Input: 1050000,
Cold Start: false
Unique ID: 7dc711a1-85c7-4714-a1fa-16a1901e42a6,
Billed Duration for Request 7dc711a1-85c7-4714-a1fa-16a1901e42a6: 160 ms
Input: 1050000,
Cold Start: false
Unique ID: b993a6d4-3881-4743-b43f-d6bf6836e71f,
Billed Duration for Request b993a6d4-3881-4743-b43f-d6bf6836e71f: 82 ms
Input: 1050000,
Cold Start: false
Unique ID: f0e31f89-e8f1-4dd0-9e3d-012dc6509a68,
Billed Duration for Request f0e31f89-e8f1-4dd0-9e3d-012dc6509a68: 178 ms
Input: 1050000,
Cold Start: false
Unique ID: 03e77ec8-5cf9-4390-9133-ab2adf2cf692,
Billed Duration for Request 03e77ec8-5cf9-4390-9133-ab2adf2cf692: 123 ms
Input: 1050000,
Cold Start: false
Unique ID: bd164d44-01ea-43c2-b53e-138f6e716837,
Billed Duration for Request bd164d44-01ea-43c2-b53e-138f6e716837: 119 ms
Input: 1050000,
Cold Start: false
Unique ID: 35adf38b-2599-4ca2-95c3-f6ad36b8d7a3,
Billed Duration for Request 35adf38b-2599-4ca2-95c3-f6ad36b8d7a3: 121 ms
Input: 1050000,
Cold Start: false
Unique ID: a28619ea-91bb-42bc-91a9-ec6779c52b22,
Billed Duration for Request a28619ea-91bb-42bc-91a9-ec6779c52b22: 141 ms
Input: 1050000,
Cold Start: false
Unique ID: 74e2cdb5-cb18-4e85-a1a9-ef988d09eaf4,
Billed Duration for Request 74e2cdb5-cb18-4e85-a1a9-ef988d09eaf4: 103 ms
Input: 1050000,
Cold Start: false
Unique ID: daf20346-5f56-40cb-8ec1-465222c14c72,
Billed Duration for Request daf20346-5f56-40cb-8ec1-465222c14c72: 160 ms
Input: 1050000,
Cold Start: false
Unique ID: c85a0f9a-627d-4849-819c-819ddd5841a2,
Billed Duration for Request c85a0f9a-627d-4849-819c-819ddd5841a2: 140 ms
Input: 1050000,
Cold Start: false
Unique ID: e4e4a936-9897-4bc1-9cb1-191b85ac6182,
Billed Duration for Request e4e4a936-9897-4bc1-9cb1-191b85ac6182: 119 ms
Input: 1050000,
Cold Start: false
Unique ID: e37afe90-a9c1-4c6d-bdc3-d5941843c25d,
Billed Duration for Request e37afe90-a9c1-4c6d-bdc3-d5941843c25d: 95 ms
Input: 1050000,
Cold Start: false
Unique ID: d728684c-bd8f-4c5a-874d-aa26e9d78299,
Billed Duration for Request d728684c-bd8f-4c5a-874d-aa26e9d78299: 90 ms
Input: 1050000,
Cold Start: false
Unique ID: aaf9c322-e792-421c-b515-d7bbb7d8b5db,
Billed Duration for Request aaf9c322-e792-421c-b515-d7bbb7d8b5db: 119 ms
Input: 1050000,
Cold Start: false
Unique ID: ad6ddd07-b121-428f-a779-fbd9d6665c9d,
Billed Duration for Request ad6ddd07-b121-428f-a779-fbd9d6665c9d: 74 ms
Input: 1050000,
Cold Start: false
Unique ID: 145e7ba8-77f0-4ada-95ab-211462f75bba,
Billed Duration for Request 145e7ba8-77f0-4ada-95ab-211462f75bba: 136 ms
Input: 1050000,
Cold Start: false
Unique ID: 7b5d04dc-1b33-4ffc-99e8-5071a5e25a86,
Billed Duration for Request 7b5d04dc-1b33-4ffc-99e8-5071a5e25a86: 94 ms
Input: 1050000,
Cold Start: false
Unique ID: 73664b35-b418-4d61-b9d5-194af322b3c4,
Billed Duration for Request 73664b35-b418-4d61-b9d5-194af322b3c4: 132 ms
Input: 1050000,
Cold Start: false
Unique ID: 4ec156fa-7397-4ef5-af35-a2f4eb366499,
Billed Duration for Request 4ec156fa-7397-4ef5-af35-a2f4eb366499: 89 ms
Input: 1050000,
Cold Start: false
Unique ID: 0d1ce8fa-5ab4-47e2-8b09-7ff249d64bc9,
Billed Duration for Request 0d1ce8fa-5ab4-47e2-8b09-7ff249d64bc9: 93 ms
Input: 1050000,
Cold Start: false
Unique ID: 8f4749e1-448e-4ad6-b03f-6778724120ca,
Billed Duration for Request 8f4749e1-448e-4ad6-b03f-6778724120ca: 130 ms
Input: 1050000,
Cold Start: false
Unique ID: acf6e718-fcbd-46e7-82c6-7e4b551fb6cb,
Billed Duration for Request acf6e718-fcbd-46e7-82c6-7e4b551fb6cb: 89 ms
Input: 1050000,
Cold Start: false
Unique ID: 86a053d7-d0c4-405e-b0b1-242c9a93161a,
Billed Duration for Request 86a053d7-d0c4-405e-b0b1-242c9a93161a: 127 ms
Input: 1050000,
Cold Start: false
Unique ID: d0da9bd6-0c27-4194-ab96-777cb6b1c3bc,
Billed Duration for Request d0da9bd6-0c27-4194-ab96-777cb6b1c3bc: 71 ms
Input: 1050000,
Cold Start: false
Unique ID: 0685e39a-42cc-4a4a-b39d-45a6a1a27670,
Billed Duration for Request 0685e39a-42cc-4a4a-b39d-45a6a1a27670: 138 ms
Input: 1050000,
Cold Start: false
Unique ID: 9281efcb-cb32-4231-a835-e3639e993c4e,
Billed Duration for Request 9281efcb-cb32-4231-a835-e3639e993c4e: 72 ms
Input: 1050000,
Cold Start: false
Unique ID: e75d88d3-c214-428d-ac8b-cbd938f01c52,
Billed Duration for Request e75d88d3-c214-428d-ac8b-cbd938f01c52: 128 ms
Input: 1050000,
Cold Start: false
Unique ID: a19642f8-1aae-4230-b222-f6aef93f97c3,
Billed Duration for Request a19642f8-1aae-4230-b222-f6aef93f97c3: 91 ms
Input: 1050000,
Cold Start: false
Unique ID: a9115558-d9ba-4c3e-8827-3af032ac9e33,
Billed Duration for Request a9115558-d9ba-4c3e-8827-3af032ac9e33: 141 ms
Input: 1050000,
Cold Start: false
Unique ID: 01a5747a-c71b-49d9-a40d-b851fe25a8fd,
Billed Duration for Request 01a5747a-c71b-49d9-a40d-b851fe25a8fd: 95 ms
Input: 1050000,
Cold Start: false
Unique ID: c6bb3030-b042-4f7e-9351-3a61af863623,
Billed Duration for Request c6bb3030-b042-4f7e-9351-3a61af863623: 93 ms
Input: 1050000,
Cold Start: false
Unique ID: 17feeda0-1342-4825-b5c3-55149cd7ac51,
Billed Duration for Request 17feeda0-1342-4825-b5c3-55149cd7ac51: 95 ms
Input: 1050000,
Cold Start: false
Unique ID: 273f6fae-8378-4753-a8fa-54dfae735628,
Billed Duration for Request 273f6fae-8378-4753-a8fa-54dfae735628: 96 ms
Input: 1050000,
Cold Start: false
Unique ID: 5fa139dc-5156-44f7-b77b-693b69893275,
Billed Duration for Request 5fa139dc-5156-44f7-b77b-693b69893275: 131 ms
Input: 1050000,
Cold Start: false
Unique ID: 9bba7fa3-d50e-49f2-b0e6-87985ada9670,
Billed Duration for Request 9bba7fa3-d50e-49f2-b0e6-87985ada9670: 71 ms
Input: 1050000,
Cold Start: false
Unique ID: 8318ba5c-c4ad-4832-8fc8-0d40e691a42c,
Billed Duration for Request 8318ba5c-c4ad-4832-8fc8-0d40e691a42c: 133 ms
Input: 1050000,
Cold Start: false
Unique ID: c9140e63-0620-457c-bc43-daf54fd180f6,
Billed Duration for Request c9140e63-0620-457c-bc43-daf54fd180f6: 88 ms
Input: 1050000,
Cold Start: false
Unique ID: 001e533f-6b57-4e23-a4fa-c504f1fa0ee7,
Billed Duration for Request 001e533f-6b57-4e23-a4fa-c504f1fa0ee7: 132 ms
Input: 1050000,
Cold Start: false
Unique ID: d49ec8e0-a03e-4b1a-b5b2-9f831857fc89,
Billed Duration for Request d49ec8e0-a03e-4b1a-b5b2-9f831857fc89: 86 ms
Input: 1050000,
Cold Start: false
Unique ID: 5b693122-2282-4256-8f88-7ce527cef747,
Billed Duration for Request 5b693122-2282-4256-8f88-7ce527cef747: 132 ms
Input: 1050000,
Cold Start: false
Unique ID: 281b133c-ace0-47a8-b2ea-bd0e52a21e2c,
Billed Duration for Request 281b133c-ace0-47a8-b2ea-bd0e52a21e2c: 91 ms
Input: 1050000,
Cold Start: false
Unique ID: ef5d73cd-9ba8-484e-9e30-6aa607b50746,
Billed Duration for Request ef5d73cd-9ba8-484e-9e30-6aa607b50746: 92 ms
Input: 1050000,
Cold Start: false
Unique ID: 857d4560-445e-4b46-b06c-15ff8790922d,
Billed Duration for Request 857d4560-445e-4b46-b06c-15ff8790922d: 93 ms
Input: 1050000,
Cold Start: false
Unique ID: 357f0dcd-7a0f-4d1e-984f-bc66c8eb52bb,
Billed Duration for Request 357f0dcd-7a0f-4d1e-984f-bc66c8eb52bb: 94 ms
Input: 1050000,
Cold Start: false
Unique ID: a0dd367b-2fc6-49fc-9e86-6c1c202d85c5,
Billed Duration for Request a0dd367b-2fc6-49fc-9e86-6c1c202d85c5: 129 ms
Input: 1050000,
Cold Start: false
Unique ID: 26950707-b1a3-4228-bf8a-3ec947801a0e,
Billed Duration for Request 26950707-b1a3-4228-bf8a-3ec947801a0e: 72 ms
Input: 1050000,
Cold Start: false
Unique ID: 20908412-8fa5-4f6d-9135-90bfd5916013,
Billed Duration for Request 20908412-8fa5-4f6d-9135-90bfd5916013: 135 ms
Input: 1050000,
Cold Start: false
Unique ID: 0ef81da6-6794-4568-ab6b-d9f7a8f7f5e1,
Billed Duration for Request 0ef81da6-6794-4568-ab6b-d9f7a8f7f5e1: 72 ms
Input: 1050000,
Cold Start: false
Unique ID: 45ac3fae-09d9-4015-85aa-b9f5ba47d961,
Billed Duration for Request 45ac3fae-09d9-4015-85aa-b9f5ba47d961: 133 ms
Input: 1050000,
Cold Start: false
Unique ID: 65db4b78-b570-41b5-8634-4dded3c455e3,
Billed Duration for Request 65db4b78-b570-41b5-8634-4dded3c455e3: 114 ms
Input: 1050000,
Cold Start: false
Unique ID: 0493b328-93f4-4596-bfba-e6488e54d960,
Billed Duration for Request 0493b328-93f4-4596-bfba-e6488e54d960: 93 ms
Input: 1050000,
Cold Start: false
Unique ID: 8c7097ea-db0e-4192-9982-ac641277d30d,
Billed Duration for Request 8c7097ea-db0e-4192-9982-ac641277d30d: 91 ms
Input: 1050000,
Cold Start: false
Unique ID: fa761087-38d3-4dc9-8f9a-2c61050bf8ce,
Billed Duration for Request fa761087-38d3-4dc9-8f9a-2c61050bf8ce: 131 ms
Input: 1050000,
Cold Start: false
Unique ID: a1403745-cf7f-41c5-95df-d41149954488,
Billed Duration for Request a1403745-cf7f-41c5-95df-d41149954488: 72 ms
Input: 1050000,
Cold Start: false
Unique ID: 508a0767-806b-47a8-ad6b-f1ab679e0d06,
Billed Duration for Request 508a0767-806b-47a8-ad6b-f1ab679e0d06: 130 ms
Input: 1050000,
Cold Start: false
Unique ID: d5aafd1d-6799-4b63-9810-a15e8f1ae9bd,
Billed Duration for Request d5aafd1d-6799-4b63-9810-a15e8f1ae9bd: 73 ms
Input: 1050000,
Cold Start: false
Unique ID: 698e6b0b-094c-4257-93a1-0d776efd3db8,
Billed Duration for Request 698e6b0b-094c-4257-93a1-0d776efd3db8: 134 ms
Input: 1050000,
Cold Start: false
Unique ID: f467a4d3-f098-4b35-9165-5ef6cd9c9510,
Billed Duration for Request f467a4d3-f098-4b35-9165-5ef6cd9c9510: 128 ms
Input: 1050000,
Cold Start: false
Unique ID: 55c2afd5-99c6-4533-bd09-c275de7c7692,
Billed Duration for Request 55c2afd5-99c6-4533-bd09-c275de7c7692: 109 ms
Input: 1050000,
Cold Start: false
Unique ID: 44205726-736a-4663-9840-75f465dc68bb,
Billed Duration for Request 44205726-736a-4663-9840-75f465dc68bb: 94 ms
Input: 1050000,
Cold Start: false
Unique ID: f206dc80-303e-4e5f-89d0-446b87080b73,
Billed Duration for Request f206dc80-303e-4e5f-89d0-446b87080b73: 92 ms
Input: 1050000,
Cold Start: false
Unique ID: 2079b611-1aed-4d99-bddd-01baf911341a,
Billed Duration for Request 2079b611-1aed-4d99-bddd-01baf911341a: 135 ms
Input: 1050000,
Cold Start: false
Unique ID: 7bd75365-4747-486f-86eb-a798cc6204a0,
Billed Duration for Request 7bd75365-4747-486f-86eb-a798cc6204a0: 77 ms
Input: 1050000,
Cold Start: false
Unique ID: 44879f8d-e281-4223-bf64-839a8545ff95,
Billed Duration for Request 44879f8d-e281-4223-bf64-839a8545ff95: 132 ms
Input: 1050000,
Cold Start: false
Unique ID: 9b60730d-354c-4415-8231-d91213f541f5,
Billed Duration for Request 9b60730d-354c-4415-8231-d91213f541f5: 91 ms
Input: 1050000,
Cold Start: false
Unique ID: 386bcda0-6387-4c2b-a839-ecfef324152e,
Billed Duration for Request 386bcda0-6387-4c2b-a839-ecfef324152e: 95 ms
Input: 1050000,
Cold Start: false
Unique ID: 9880c200-fca6-4982-9719-84857fd93e30,
Billed Duration for Request 9880c200-fca6-4982-9719-84857fd93e30: 135 ms
Input: 1050000,
Cold Start: false
Unique ID: 772d8399-d5a8-45f6-952f-2a361cc7181b,
Billed Duration for Request 772d8399-d5a8-45f6-952f-2a361cc7181b: 113 ms
Input: 1050000,
Cold Start: false
Unique ID: b6c2b702-74d0-4b73-8f40-6e7ba44d42a2,
Billed Duration for Request b6c2b702-74d0-4b73-8f40-6e7ba44d42a2: 127 ms
Input: 1050000,
Cold Start: false
Unique ID: a6810aae-f81d-4b60-8af8-66ca1d6c084c,
Billed Duration for Request a6810aae-f81d-4b60-8af8-66ca1d6c084c: 108 ms
Input: 1050000,
Cold Start: false
Unique ID: cc6b358d-062a-40cb-bc86-f8c55082966f,
Billed Duration for Request cc6b358d-062a-40cb-bc86-f8c55082966f: 94 ms
Input: 1050000,
Cold Start: false
Unique ID: ad457ae2-6914-4e2c-8318-7f29ece3e3f9,
Billed Duration for Request ad457ae2-6914-4e2c-8318-7f29ece3e3f9: 110 ms
Input: 1050000,
Cold Start: false
Unique ID: a9495526-1d58-47e3-9aea-755d4b54a4c1,
Billed Duration for Request a9495526-1d58-47e3-9aea-755d4b54a4c1: 71 ms
Input: 1050000,
Cold Start: false
Unique ID: 6c067a15-a266-4223-8df9-b7379a62b675,
Billed Duration for Request 6c067a15-a266-4223-8df9-b7379a62b675: 132 ms
Input: 1050000,
Cold Start: false
Unique ID: a6c355e7-4614-4255-8530-1b336f07286d,
Billed Duration for Request a6c355e7-4614-4255-8530-1b336f07286d: 97 ms
Input: 1050000,
Cold Start: false
Unique ID: 4c8aedbb-528c-4bed-aed7-dbdf4ac88417,
Billed Duration for Request 4c8aedbb-528c-4bed-aed7-dbdf4ac88417: 130 ms
Input: 1050000,
Cold Start: false
Unique ID: 55834297-b498-43a1-b544-ff789a0de1b1,
Billed Duration for Request 55834297-b498-43a1-b544-ff789a0de1b1: 114 ms
Input: 1050000,
Cold Start: false
Unique ID: e8c37491-10b1-4893-9af3-0b1d555702cb,
Billed Duration for Request e8c37491-10b1-4893-9af3-0b1d555702cb: 89 ms
Input: 1050000,
Cold Start: false
Unique ID: 33733a57-5e37-4e1d-b3ce-c4d6c8afdc35,
Billed Duration for Request 33733a57-5e37-4e1d-b3ce-c4d6c8afdc35: 71 ms
Input: 1050000,
Cold Start: false
Unique ID: 992354a7-6a63-4604-b525-ffaabce4cd5c,
Billed Duration for Request 992354a7-6a63-4604-b525-ffaabce4cd5c: 133 ms
Input: 1050000,
Cold Start: false
Unique ID: b5cda59e-7bfc-488d-a4b0-884dfb72869b,
Billed Duration for Request b5cda59e-7bfc-488d-a4b0-884dfb72869b: 91 ms
Input: 1050000,
Cold Start: false
Unique ID: c7a0c3af-b92f-4918-b0ba-4f416aa0f15c,
Billed Duration for Request c7a0c3af-b92f-4918-b0ba-4f416aa0f15c: 97 ms
Input: 1050000,
Cold Start: false
Unique ID: f016ad5d-2a1b-4e88-a526-2de1e70f7d47,
Billed Duration for Request f016ad5d-2a1b-4e88-a526-2de1e70f7d47: 129 ms
Input: 1050000,
Cold Start: false
Unique ID: d8751a0d-7d4f-42a6-83f5-92fe03324d20,
Billed Duration for Request d8751a0d-7d4f-42a6-83f5-92fe03324d20: 107 ms
Input: 1050000,
Cold Start: false
Unique ID: 9fb2f3d4-f393-4072-8d27-aff44e7a7f61,
Billed Duration for Request 9fb2f3d4-f393-4072-8d27-aff44e7a7f61: 112 ms
Input: 1050000,
Cold Start: false
Unique ID: 8ed7b57e-b7c6-47c1-a5e7-77ea561649bb,
Billed Duration for Request 8ed7b57e-b7c6-47c1-a5e7-77ea561649bb: 93 ms
Input: 1050000,
Cold Start: false
Unique ID: 63c418b3-a7d4-4ddf-abee-0c077468eb27,
Billed Duration for Request 63c418b3-a7d4-4ddf-abee-0c077468eb27: 91 ms
Input: 1050000,
Cold Start: false
Unique ID: 9fe9dbc7-3b9f-4b76-9fa2-73a134497d4d,
Billed Duration for Request 9fe9dbc7-3b9f-4b76-9fa2-73a134497d4d: 134 ms
Input: 1050000,
Cold Start: false
Unique ID: 46363f60-468d-4967-959b-29e9ca23717f,
Billed Duration for Request 46363f60-468d-4967-959b-29e9ca23717f: 109 ms
Input: 1050000,
Cold Start: false
Unique ID: 6e413aad-362c-4afd-a32c-7da461760655,
Billed Duration for Request 6e413aad-362c-4afd-a32c-7da461760655: 75 ms
Input: 1050000,
Cold Start: false
Unique ID: 314b5709-af20-4e08-a892-d53917164973,
Billed Duration for Request 314b5709-af20-4e08-a892-d53917164973: 133 ms
Input: 1050000,
Cold Start: false
Unique ID: 66796f07-3744-42a2-b4ee-046e05a62655,
Billed Duration for Request 66796f07-3744-42a2-b4ee-046e05a62655: 74 ms
Input: 1050000,
Cold Start: false
Unique ID: 68f25a11-1d01-4888-8421-eb6da79cfd47,
Billed Duration for Request 68f25a11-1d01-4888-8421-eb6da79cfd47: 113 ms
Input: 1050000,
Cold Start: false
Unique ID: df5686b3-a412-4c5c-b3ee-77ab5a392719,
Billed Duration for Request df5686b3-a412-4c5c-b3ee-77ab5a392719: 90 ms
Input: 1050000,
Cold Start: false
Unique ID: 1d3d4197-9291-4d38-a99a-e0554201915b,
Billed Duration for Request 1d3d4197-9291-4d38-a99a-e0554201915b: 95 ms
Input: 1050000,
Cold Start: false
Unique ID: d9802041-29e5-48cc-8271-02ad8c38c851,
Billed Duration for Request d9802041-29e5-48cc-8271-02ad8c38c851: 130 ms
Input: 1050000,
Cold Start: false
Unique ID: c741cc8b-5900-435b-8bca-cd8f6c2ce897,
Billed Duration for Request c741cc8b-5900-435b-8bca-cd8f6c2ce897: 72 ms
Input: 1050000,
Cold Start: false
Unique ID: a7dc2ab0-9353-4a1c-a9e4-951ac2b6567d,
Billed Duration for Request a7dc2ab0-9353-4a1c-a9e4-951ac2b6567d: 133 ms
Input: 1050000,
Cold Start: false
Unique ID: d8128fe1-e303-4655-8f0a-c19b60f4fb61,
Billed Duration for Request d8128fe1-e303-4655-8f0a-c19b60f4fb61: 101 ms
Input: 1050000,
Cold Start: false
Unique ID: 1dffcb19-097d-4da4-a239-a853ac6fcba8,
Billed Duration for Request 1dffcb19-097d-4da4-a239-a853ac6fcba8: 108 ms
Input: 1050000,
Cold Start: false
Unique ID: 221fb4a7-71b4-4efc-98ce-31635cdd44a9,
Billed Duration for Request 221fb4a7-71b4-4efc-98ce-31635cdd44a9: 109 ms
Input: 1050000,
Cold Start: false
Unique ID: 9a8542f6-b0ca-46fd-b343-4074c97349ed,
Billed Duration for Request 9a8542f6-b0ca-46fd-b343-4074c97349ed: 112 ms
Input: 1050000,
Cold Start: false
Unique ID: 5440bb66-1ddf-48d2-9e8f-c581002d05a3,
Billed Duration for Request 5440bb66-1ddf-48d2-9e8f-c581002d05a3: 91 ms
Input: 1050000,
Cold Start: false
Unique ID: 80f2c0c8-c492-42be-ac42-b6b04bb0dbc6,
Billed Duration for Request 80f2c0c8-c492-42be-ac42-b6b04bb0dbc6: 131 ms
Input: 1050000,
Cold Start: false
Unique ID: daf9fc31-54bc-4850-b77a-1b52e7dff2f5,
Billed Duration for Request daf9fc31-54bc-4850-b77a-1b52e7dff2f5: 107 ms
Input: 1050000,
Cold Start: false
Unique ID: f5dc0276-1d4c-4e81-afad-c788bac1f67b,
Billed Duration for Request f5dc0276-1d4c-4e81-afad-c788bac1f67b: 111 ms
Input: 1050000,
Cold Start: false
Unique ID: 4c7ba127-f9fc-46a1-8e31-44daf2589a66,
Billed Duration for Request 4c7ba127-f9fc-46a1-8e31-44daf2589a66: 110 ms
Input: 1050000,
Cold Start: false
Unique ID: 15ae62dd-5d91-477e-b2ba-ba01be6752fa,
Billed Duration for Request 15ae62dd-5d91-477e-b2ba-ba01be6752fa: 95 ms
Input: 1050000,
Cold Start: false
Unique ID: 465cda1c-a75e-4a97-83b8-2cff5b8845ed,
Billed Duration for Request 465cda1c-a75e-4a97-83b8-2cff5b8845ed: 132 ms
Input: 1050000,
Cold Start: false
Unique ID: cfefa0d0-4e51-4c29-acb2-31d6ed14ccfa,
Billed Duration for Request cfefa0d0-4e51-4c29-acb2-31d6ed14ccfa: 112 ms
Input: 1050000,
Cold Start: false
Unique ID: 5bd9bf8f-7708-45ca-bf04-cba10a74358e,
Billed Duration for Request 5bd9bf8f-7708-45ca-bf04-cba10a74358e: 113 ms
Input: 1050000,
Cold Start: false
Unique ID: 00265aa0-fced-49f5-8885-e156b0c0f92e,
Billed Duration for Request 00265aa0-fced-49f5-8885-e156b0c0f92e: 89 ms
Input: 1050000,
Cold Start: false
Unique ID: 7ee8ae8e-51e7-47ea-88b9-ed4ae15a8951,
Billed Duration for Request 7ee8ae8e-51e7-47ea-88b9-ed4ae15a8951: 112 ms
Input: 1050000,
Cold Start: false
Unique ID: 7a4b2829-234d-44fa-b31f-2bb7d02fed19,
Billed Duration for Request 7a4b2829-234d-44fa-b31f-2bb7d02fed19: 111 ms
Input: 1050000,
Cold Start: false
Unique ID: fcec7d04-ad5f-49ce-ad41-97e753d4b052,
Billed Duration for Request fcec7d04-ad5f-49ce-ad41-97e753d4b052: 108 ms
Input: 1050000,
Cold Start: false
Unique ID: 3bd3c032-6ea3-4127-aa77-7cd99159b025,
Billed Duration for Request 3bd3c032-6ea3-4127-aa77-7cd99159b025: 110 ms
Input: 1050000,
Cold Start: false
Unique ID: 997c4842-2c6f-4a9a-b65b-53dc373e45ff,
Billed Duration for Request 997c4842-2c6f-4a9a-b65b-53dc373e45ff: 110 ms
Input: 1050000,
Cold Start: false
Unique ID: e8535ca8-644a-4b1e-9a32-371d89f810cb,
Billed Duration for Request e8535ca8-644a-4b1e-9a32-371d89f810cb: 108 ms
Input: 1050000,
Cold Start: false
Unique ID: c6b097af-e46e-4d28-81d1-66edbda550d1,
Billed Duration for Request c6b097af-e46e-4d28-81d1-66edbda550d1: 110 ms
Input: 1050000,
Cold Start: false
Unique ID: 8092908f-b18f-441e-bf85-8c3443da31c2,
Billed Duration for Request 8092908f-b18f-441e-bf85-8c3443da31c2: 112 ms
Input: 1050000,
Cold Start: false
Unique ID: 0d84e60c-3901-47e9-b09f-19446fd8eeca,
Billed Duration for Request 0d84e60c-3901-47e9-b09f-19446fd8eeca: 112 ms
Input: 1050000,
Cold Start: false
Unique ID: 3faf15d4-43af-46f2-8487-6a8df6aacd81,
Billed Duration for Request 3faf15d4-43af-46f2-8487-6a8df6aacd81: 76 ms
Input: 1050000,
Cold Start: false
Unique ID: b7b18862-2102-4499-8a27-91ccc0f5fd54,
Billed Duration for Request b7b18862-2102-4499-8a27-91ccc0f5fd54: 91 ms
Input: 1050000,
Cold Start: false
Unique ID: 998be7f8-6d50-4620-9913-690496ca74bb,
Billed Duration for Request 998be7f8-6d50-4620-9913-690496ca74bb: 113 ms
Input: 1050000,
Cold Start: false
Unique ID: 11c50aee-be35-4279-a620-3e4f15edae5f,
Billed Duration for Request 11c50aee-be35-4279-a620-3e4f15edae5f: 110 ms
Input: 1050000,
Cold Start: false
Unique ID: 13e4522d-8352-407f-94bf-6dc42a64d360,
Billed Duration for Request 13e4522d-8352-407f-94bf-6dc42a64d360: 131 ms
Input: 1050000,
Cold Start: false
Unique ID: ca285f1f-6cc8-46b8-b6b4-cbc6d7fb57af,
Billed Duration for Request ca285f1f-6cc8-46b8-b6b4-cbc6d7fb57af: 88 ms
Input: 1050000,
Cold Start: false
Unique ID: 3b47cf71-85f6-4515-9d84-a63bcd08c458,
Billed Duration for Request 3b47cf71-85f6-4515-9d84-a63bcd08c458: 128 ms
Input: 1050000,
Cold Start: false
Unique ID: d37d85d1-7120-47a6-a448-399e5ba1cd53,
Billed Duration for Request d37d85d1-7120-47a6-a448-399e5ba1cd53: 109 ms
Input: 1050000,
Cold Start: false
Unique ID: 10614091-cf90-4e7b-93d1-103389adc146,
Billed Duration for Request 10614091-cf90-4e7b-93d1-103389adc146: 72 ms
Input: 1050000,
Cold Start: false
Unique ID: 0d00cff3-ffa3-42f9-84e0-17c8ec31271a,
Billed Duration for Request 0d00cff3-ffa3-42f9-84e0-17c8ec31271a: 132 ms
Input: 1050000,
Cold Start: false
Unique ID: 3ff37ea0-a720-4d41-a797-596313337755,
Billed Duration for Request 3ff37ea0-a720-4d41-a797-596313337755: 89 ms
Input: 1050000,
Cold Start: false
Unique ID: a67b29a5-2ff1-490f-a1bb-7d2bb194f219,
Billed Duration for Request a67b29a5-2ff1-490f-a1bb-7d2bb194f219: 134 ms
Input: 1050000,
Cold Start: false
Unique ID: 7cbf6610-0b7b-4b46-9cc4-949f09f43977,
Billed Duration for Request 7cbf6610-0b7b-4b46-9cc4-949f09f43977: 99 ms
Input: 1050000,
Cold Start: false
Unique ID: 1538d155-feca-4276-9b6a-51b342b9285e,
Billed Duration for Request 1538d155-feca-4276-9b6a-51b342b9285e: 93 ms
Input: 1050000,
Cold Start: false
Unique ID: 3dd4b97a-8461-4616-a4c0-008713e04505,
Billed Duration for Request 3dd4b97a-8461-4616-a4c0-008713e04505: 128 ms
Input: 1050000,
Cold Start: false
Unique ID: e76da00d-0954-4f58-a58a-a653af374bbf,
Billed Duration for Request e76da00d-0954-4f58-a58a-a653af374bbf: 90 ms
Input: 1050000,
Cold Start: false
Unique ID: 8077a962-4425-4d68-953b-bf3aaec7581d,
Billed Duration for Request 8077a962-4425-4d68-953b-bf3aaec7581d: 113 ms
Input: 1050000,
Cold Start: false
Unique ID: 23314959-3797-4f7a-a42c-e1375be128c8,
Billed Duration for Request 23314959-3797-4f7a-a42c-e1375be128c8: 113 ms
Input: 1050000,
Cold Start: false
Unique ID: 3e918ca0-b33d-4b26-97e8-e3b5986b0e3c,
Billed Duration for Request 3e918ca0-b33d-4b26-97e8-e3b5986b0e3c: 76 ms
Input: 1050000,
Cold Start: false
Unique ID: 75d2328e-3b5c-419f-bcdc-bc8093ec2d97,
Billed Duration for Request 75d2328e-3b5c-419f-bcdc-bc8093ec2d97: 142 ms
Input: 1050000,
Cold Start: false
Unique ID: 38a26673-90f1-49ad-a3b8-24c9a04fb80e,
Billed Duration for Request 38a26673-90f1-49ad-a3b8-24c9a04fb80e: 105 ms
Input: 1050000,
Cold Start: false
Unique ID: a30e6e30-f320-424b-b288-74218d3a0f32,
Billed Duration for Request a30e6e30-f320-424b-b288-74218d3a0f32: 113 ms
Input: 1050000,
Cold Start: false
Unique ID: f1021810-994f-408f-8b5b-2a9643517ea5,
Billed Duration for Request f1021810-994f-408f-8b5b-2a9643517ea5: 113 ms
Input: 1050000,
Cold Start: false
Unique ID: 71120ac8-1e2a-4528-911f-ff0f57af552b,
Billed Duration for Request 71120ac8-1e2a-4528-911f-ff0f57af552b: 89 ms
Input: 1050000,
Cold Start: false
Unique ID: eaab327a-2389-402a-99b1-4031d0761ad9,
Billed Duration for Request eaab327a-2389-402a-99b1-4031d0761ad9: 136 ms
Input: 1050000,
Cold Start: false
Unique ID: c3dad98f-ffd2-400a-b08d-7c4d2a7d647c,
Billed Duration for Request c3dad98f-ffd2-400a-b08d-7c4d2a7d647c: 91 ms
Input: 1050000,
Cold Start: false
Unique ID: f7c75e38-750c-4ba1-96b5-b74ca085f7a2,
Billed Duration for Request f7c75e38-750c-4ba1-96b5-b74ca085f7a2: 135 ms
Input: 1050000,
Cold Start: false
Unique ID: f123de33-dac9-4b63-b6e1-5cd315bbf10d,
Billed Duration for Request f123de33-dac9-4b63-b6e1-5cd315bbf10d: 96 ms
Input: 1050000,
Cold Start: false
Unique ID: e9978c7e-a498-4743-8da0-26c76b2451d6,
Billed Duration for Request e9978c7e-a498-4743-8da0-26c76b2451d6: 149 ms
Input: 1050000,
Cold Start: false
Unique ID: 3847aece-5d6f-4879-9a9f-bd39c6701da1,
Billed Duration for Request 3847aece-5d6f-4879-9a9f-bd39c6701da1: 76 ms
Input: 1050000,
Cold Start: false
Unique ID: 86dd3004-85bf-4965-be28-1021d78e0580,
Billed Duration for Request 86dd3004-85bf-4965-be28-1021d78e0580: 130 ms
Input: 1050000,
Cold Start: false
Unique ID: da8eb38d-c399-4460-acef-a8dab6f66d3f,
Billed Duration for Request da8eb38d-c399-4460-acef-a8dab6f66d3f: 122 ms
Input: 1050000,
Cold Start: false
Unique ID: 672cf208-f995-4730-81cf-5c51b32f6b03,
Billed Duration for Request 672cf208-f995-4730-81cf-5c51b32f6b03: 72 ms
Input: 1050000,
Cold Start: false
Unique ID: 083581d8-6071-4855-9eeb-5c86487ee9d6,
Billed Duration for Request 083581d8-6071-4855-9eeb-5c86487ee9d6: 154 ms
Input: 1050000,
Cold Start: false
Unique ID: 14f08a45-ac83-4acf-81c3-c7c46f300eae,
Billed Duration for Request 14f08a45-ac83-4acf-81c3-c7c46f300eae: 89 ms
Input: 1050000,
Cold Start: false
Unique ID: b9ddf4d8-0054-43fc-9b4c-499bc8002db0,
Billed Duration for Request b9ddf4d8-0054-43fc-9b4c-499bc8002db0: 113 ms
Input: 1050000,
Cold Start: false
Unique ID: 869f7e8c-4b6f-411d-b5e3-b60e5194f856,
Billed Duration for Request 869f7e8c-4b6f-411d-b5e3-b60e5194f856: 89 ms
Input: 1050000,
Cold Start: false
Unique ID: 6b2abbc8-2f8a-4684-8832-7b84cf011a32,
Billed Duration for Request 6b2abbc8-2f8a-4684-8832-7b84cf011a32: 133 ms
Input: 1050000,
Cold Start: false
Unique ID: 3b6d7376-08be-4f2b-af80-04870d99f72a,
Billed Duration for Request 3b6d7376-08be-4f2b-af80-04870d99f72a: 111 ms
Input: 1050000,
Cold Start: false
Unique ID: 3874664e-6657-4041-a1c4-050b56fff079,
Billed Duration for Request 3874664e-6657-4041-a1c4-050b56fff079: 113 ms
Input: 1050000,
Cold Start: false
Unique ID: c800db36-e57a-4060-821f-0fdad8fe9cf9,
Billed Duration for Request c800db36-e57a-4060-821f-0fdad8fe9cf9: 113 ms
Input: 1050000,
Cold Start: false
