Unique ID: 8a129c2150d6632c86bd0548670e34d0,
Execution Time for Trace ID 8a129c2150d6632c86bd0548670e34d0: 318 ms
Input: 5250000,
Cold Start: false
Unique ID: ce52373128b9357f53058e60307caa87,
Execution Time for Trace ID ce52373128b9357f53058e60307caa87: 348 ms
Input: 5250000,
Cold Start: false
Unique ID: ec139abc95b356f5cf7fe65662b879ed,
Execution Time for Trace ID ec139abc95b356f5cf7fe65662b879ed: 343 ms
Input: 5250000,
Cold Start: false
Unique ID: 2ceda4ff5bba1927615b074e2ca4696c,
Execution Time for Trace ID 2ceda4ff5bba1927615b074e2ca4696c: 290 ms
Input: 5250000,
Cold Start: false
Unique ID: 6cab42ed0079b1da6e326bfd96911546,
Execution Time for Trace ID 6cab42ed0079b1da6e326bfd96911546: 352 ms
Input: 5250000,
Cold Start: false
Unique ID: 44ce5726892978dbb31d57f83074b51a,
Execution Time for Trace ID 44ce5726892978dbb31d57f83074b51a: 336 ms
Input: 5250000,
Cold Start: false
Unique ID: 5f1c69f9051a1e35e1ddf1bc4e6615da,
Execution Time for Trace ID 5f1c69f9051a1e35e1ddf1bc4e6615da: 382 ms
Input: 5250000,
Cold Start: false
Unique ID: 1154f4dc7531640f5156490045568e55,
Execution Time for Trace ID 1154f4dc7531640f5156490045568e55: 350 ms
Input: 5250000,
Cold Start: false
Unique ID: 60ea24bc3b0267f41f401e34aed15aa3,
Execution Time for Trace ID 60ea24bc3b0267f41f401e34aed15aa3: 409 ms
Input: 5250000,
Cold Start: false
Unique ID: e51506101c84789e870fd14dc945b1f7,
Execution Time for Trace ID e51506101c84789e870fd14dc945b1f7: 368 ms
Input: 5250000,
Cold Start: false
Unique ID: 9d3f78048e50c9fe5dc1d643e71544da,
Execution Time for Trace ID 9d3f78048e50c9fe5dc1d643e71544da: 344 ms
Input: 5250000,
Cold Start: false
Unique ID: 9709f6a753e76a56c78e16dcad70c6f6,
Execution Time for Trace ID 9709f6a753e76a56c78e16dcad70c6f6: 384 ms
Input: 5250000,
Cold Start: false
Unique ID: 1158d27c9ab3623a1013a514d8441fad,
Execution Time for Trace ID 1158d27c9ab3623a1013a514d8441fad: 350 ms
Input: 5250000,
Cold Start: false
Unique ID: 1150787f86a58febf32b7cd424b6c178,
Execution Time for Trace ID 1150787f86a58febf32b7cd424b6c178: 344 ms
Input: 5250000,
Cold Start: false
Unique ID: a431a719ab9ddad664acc864f1349ee5,
Execution Time for Trace ID a431a719ab9ddad664acc864f1349ee5: 363 ms
Input: 5250000,
Cold Start: false
Unique ID: 519ea619e641a95090258d092f4fe4ba,
Execution Time for Trace ID 519ea619e641a95090258d092f4fe4ba: 353 ms
Input: 5250000,
Cold Start: false
Unique ID: eded59347d295008ace6aab1fc00d327,
Execution Time for Trace ID eded59347d295008ace6aab1fc00d327: 386 ms
Input: 5250000,
Cold Start: false
Unique ID: 7565cc63297ea0c7e1b5ec0fcabc9ee6,
Execution Time for Trace ID 7565cc63297ea0c7e1b5ec0fcabc9ee6: 342 ms
Input: 5250000,
Cold Start: false
Unique ID: 67e25afcb868512c6e84751329a372d6,
Execution Time for Trace ID 67e25afcb868512c6e84751329a372d6: 339 ms
Input: 5250000,
Cold Start: false
Unique ID: 26a9308dd96f65d6d05e21d89c21713a,
Execution Time for Trace ID 26a9308dd96f65d6d05e21d89c21713a: 364 ms
Input: 5250000,
Cold Start: false
Unique ID: 83d389f152319586656c02933411b04e,
Execution Time for Trace ID 83d389f152319586656c02933411b04e: 340 ms
Input: 5250000,
Cold Start: false
Unique ID: 83159708016defaa034a2fd33d214194,
Execution Time for Trace ID 83159708016defaa034a2fd33d214194: 383 ms
Input: 5250000,
Cold Start: false
Unique ID: 48e3b98f9038ff9120f2f9cfc14f9bfb,
Execution Time for Trace ID 48e3b98f9038ff9120f2f9cfc14f9bfb: 358 ms
Input: 5250000,
Cold Start: false
Unique ID: 339b1a3328971c1877f09b4fd577f01a,
Execution Time for Trace ID 339b1a3328971c1877f09b4fd577f01a: 348 ms
Input: 5250000,
Cold Start: false
Unique ID: 5224f70b0fa83d7e805eb82babe6f117,
Execution Time for Trace ID 5224f70b0fa83d7e805eb82babe6f117: 365 ms
Input: 5250000,
Cold Start: false
Unique ID: 079b7d1daeedd8a90a25596c51e9c4ed,
Execution Time for Trace ID 079b7d1daeedd8a90a25596c51e9c4ed: 343 ms
Input: 5250000,
Cold Start: false
Unique ID: 7420675fb0572fee9885c3ecc107a8a6,
Execution Time for Trace ID 7420675fb0572fee9885c3ecc107a8a6: 340 ms
Input: 5250000,
Cold Start: false
Unique ID: afe67c0b78de9b1fa3fcc6ede81ae85f,
Execution Time for Trace ID afe67c0b78de9b1fa3fcc6ede81ae85f: 408 ms
Input: 5250000,
Cold Start: false
Unique ID: d62e6ca3057f583b58fc9fdf508c5aa8,
Execution Time for Trace ID d62e6ca3057f583b58fc9fdf508c5aa8: 353 ms
Input: 5250000,
Cold Start: false
Unique ID: 2c7d93ab6b1bb235b614f2563ef05171,
Execution Time for Trace ID 2c7d93ab6b1bb235b614f2563ef05171: 483 ms
Input: 5250000,
Cold Start: false
Unique ID: 44e3b3ce6213bf097ebd118d191ccaea,
Execution Time for Trace ID 44e3b3ce6213bf097ebd118d191ccaea: 354 ms
Input: 5250000,
Cold Start: false
Unique ID: 01c12544971f48bc32b987c010c10c28,
Execution Time for Trace ID 01c12544971f48bc32b987c010c10c28: 386 ms
Input: 5250000,
Cold Start: false
Unique ID: b11f1e439eec32d85b37c2684405a57e,
Execution Time for Trace ID b11f1e439eec32d85b37c2684405a57e: 346 ms
Input: 5250000,
Cold Start: false
Unique ID: e739c0f0bddd386bc1bf34b2d30113a5,
Execution Time for Trace ID e739c0f0bddd386bc1bf34b2d30113a5: 423 ms
Input: 5250000,
Cold Start: false
Unique ID: 3da89132e3092b6c675dc8d5a850cd4c,
Execution Time for Trace ID 3da89132e3092b6c675dc8d5a850cd4c: 387 ms
Input: 5250000,
Cold Start: false
Unique ID: 0fabd5d34e925655c33a93245a0bac27,
Execution Time for Trace ID 0fabd5d34e925655c33a93245a0bac27: 346 ms
Input: 5250000,
Cold Start: false
Unique ID: a63f834b69c447a1060f360d9148d67d,
Execution Time for Trace ID a63f834b69c447a1060f360d9148d67d: 348 ms
Input: 5250000,
Cold Start: false
Unique ID: 6503bf9c8e7e28af37379c59d779a2f6,
Execution Time for Trace ID 6503bf9c8e7e28af37379c59d779a2f6: 400 ms
Input: 5250000,
Cold Start: false
Unique ID: fc7466f5e3c5288edc6a9923112b6b89,
Execution Time for Trace ID fc7466f5e3c5288edc6a9923112b6b89: 349 ms
Input: 5250000,
Cold Start: false
Unique ID: 09a3be8e7c92b7cc0830976022d7992c,
Execution Time for Trace ID 09a3be8e7c92b7cc0830976022d7992c: 356 ms
Input: 5250000,
Cold Start: false
Unique ID: 3058466f0cfb77fd2bcbba7d5ab53859,
Execution Time for Trace ID 3058466f0cfb77fd2bcbba7d5ab53859: 345 ms
Input: 5250000,
Cold Start: false
Unique ID: 3b4dd2717f59fe68cdfb66b506492e03,
Execution Time for Trace ID 3b4dd2717f59fe68cdfb66b506492e03: 341 ms
Input: 5250000,
Cold Start: false
Unique ID: 5dbbdc515ddc415272beabebda8c9d37,
Execution Time for Trace ID 5dbbdc515ddc415272beabebda8c9d37: 403 ms
Input: 5250000,
Cold Start: false
Unique ID: 3fab37bdeba0c6cd30af4ac52f58dea6,
Execution Time for Trace ID 3fab37bdeba0c6cd30af4ac52f58dea6: 440 ms
Input: 5250000,
Cold Start: false
Unique ID: ac68a89275372440788b0a8cdd052e52,
Execution Time for Trace ID ac68a89275372440788b0a8cdd052e52: 483 ms
Input: 5250000,
Cold Start: false
Unique ID: b0af9cdd33a5c6ae8befcda1dfc1ce20,
Execution Time for Trace ID b0af9cdd33a5c6ae8befcda1dfc1ce20: 343 ms
Input: 5250000,
Cold Start: false
Unique ID: 25e1ae8083a1f4f7b5c174fb264a7e5f,
Execution Time for Trace ID 25e1ae8083a1f4f7b5c174fb264a7e5f: 390 ms
Input: 5250000,
Cold Start: false
Unique ID: 44407333583405876c05793410978791,
Execution Time for Trace ID 44407333583405876c05793410978791: 349 ms
Input: 5250000,
Cold Start: false
Unique ID: 99faa0d34c8ba3dd63800faea67b479e,
Execution Time for Trace ID 99faa0d34c8ba3dd63800faea67b479e: 401 ms
Input: 5250000,
Cold Start: false
Unique ID: 0e5c7f76d8af8485dc23a688c2867b56,
Execution Time for Trace ID 0e5c7f76d8af8485dc23a688c2867b56: 392 ms
Input: 5250000,
Cold Start: false
Unique ID: 036b5b612ada52517d358ddc710db3d7,
Execution Time for Trace ID 036b5b612ada52517d358ddc710db3d7: 342 ms
Input: 5250000,
Cold Start: false
Unique ID: bc8abff728ef2f51f4e6a0a0f9297896,
Execution Time for Trace ID bc8abff728ef2f51f4e6a0a0f9297896: 340 ms
Input: 5250000,
Cold Start: false
Unique ID: ffbd8cc2d961ce2d1c5c57bd760db0d2,
Execution Time for Trace ID ffbd8cc2d961ce2d1c5c57bd760db0d2: 390 ms
Input: 5250000,
Cold Start: false
Unique ID: 586da8b244c84e5fcd6e0f6ade01e14d,
Execution Time for Trace ID 586da8b244c84e5fcd6e0f6ade01e14d: 344 ms
Input: 5250000,
Cold Start: false
Unique ID: 4a3a04cc57165b3eb31e94b89c4930c4,
Execution Time for Trace ID 4a3a04cc57165b3eb31e94b89c4930c4: 349 ms
Input: 5250000,
Cold Start: false
Unique ID: 5d4fd19f2b0b9277ece7963694d7a5bb,
Execution Time for Trace ID 5d4fd19f2b0b9277ece7963694d7a5bb: 366 ms
Input: 5250000,
Cold Start: false
Unique ID: 36257ba26443211794ecaa6964973664,
Execution Time for Trace ID 36257ba26443211794ecaa6964973664: 386 ms
Input: 5250000,
Cold Start: false
Unique ID: 73df7fa6bfe0490b06c0968df18bf468,
Execution Time for Trace ID 73df7fa6bfe0490b06c0968df18bf468: 344 ms
Input: 5250000,
Cold Start: false
Unique ID: c2d6c489ce36c2c28d8bd78f73e1268b,
Execution Time for Trace ID c2d6c489ce36c2c28d8bd78f73e1268b: 403 ms
Input: 5250000,
Cold Start: false
Unique ID: c9b056dd800929d0a984a9d35065ee6e,
Execution Time for Trace ID c9b056dd800929d0a984a9d35065ee6e: 386 ms
Input: 5250000,
Cold Start: false
Unique ID: 9a0087549227886a0da65d1d901f857d,
Execution Time for Trace ID 9a0087549227886a0da65d1d901f857d: 357 ms
Input: 5250000,
Cold Start: false
Unique ID: 9ec4941aaec93668fc11a785ff3fb376,
Execution Time for Trace ID 9ec4941aaec93668fc11a785ff3fb376: 384 ms
Input: 5250000,
Cold Start: false
Unique ID: 054ec92926bab9c6d8ecdfa6d9d803c2,
Execution Time for Trace ID 054ec92926bab9c6d8ecdfa6d9d803c2: 342 ms
Input: 5250000,
Cold Start: false
Unique ID: 08fc15f8864dda06172c801165be1b02,
Execution Time for Trace ID 08fc15f8864dda06172c801165be1b02: 350 ms
Input: 5250000,
Cold Start: false
Unique ID: 0b78e7f11d31bf4d192061c66a35a651,
Execution Time for Trace ID 0b78e7f11d31bf4d192061c66a35a651: 354 ms
Input: 5250000,
Cold Start: false
Unique ID: 8bb21a1108146298eda3a1c79fd51376,
Execution Time for Trace ID 8bb21a1108146298eda3a1c79fd51376: 179 ms
Input: 5250000,
Cold Start: false
Unique ID: 8542df537ace3d2b10d85ef6270030b5,
Execution Time for Trace ID 8542df537ace3d2b10d85ef6270030b5: 340 ms
Input: 5250000,
Cold Start: false
Unique ID: c608721c8672a8f34d1e9c29ca0962d7,
Execution Time for Trace ID c608721c8672a8f34d1e9c29ca0962d7: 411 ms
Input: 5250000,
Cold Start: false
Unique ID: d0f1e4ada248fc17d4b9dc67345b0b57,
Execution Time for Trace ID d0f1e4ada248fc17d4b9dc67345b0b57: 403 ms
Input: 5250000,
Cold Start: false
Unique ID: 5e9997862241185454ef647b1ae6e2d2,
Execution Time for Trace ID 5e9997862241185454ef647b1ae6e2d2: 393 ms
Input: 5250000,
Cold Start: false
Unique ID: aa8dbad685a84ef5ddc0e240b804c90e,
Execution Time for Trace ID aa8dbad685a84ef5ddc0e240b804c90e: 178 ms
Input: 5250000,
Cold Start: false
Unique ID: 91c83e78ee467e9f2e5263953da39ff9,
Execution Time for Trace ID 91c83e78ee467e9f2e5263953da39ff9: 383 ms
Input: 5250000,
Cold Start: false
Unique ID: dae1a28260c4c6f06021e11576353a58,
Execution Time for Trace ID dae1a28260c4c6f06021e11576353a58: 369 ms
Input: 5250000,
Cold Start: false
Unique ID: 57babf4a46e5b99a62bfdb23a5e08c9f,
Execution Time for Trace ID 57babf4a46e5b99a62bfdb23a5e08c9f: 349 ms
Input: 5250000,
Cold Start: false
Unique ID: c3bcaa2f55face05cfa41276d8631a4c,
Execution Time for Trace ID c3bcaa2f55face05cfa41276d8631a4c: 309 ms
Input: 5250000,
Cold Start: false
Unique ID: 4f9b3ccec773deb3409de5f086d01340,
Execution Time for Trace ID 4f9b3ccec773deb3409de5f086d01340: 336 ms
Input: 5250000,
Cold Start: false
Unique ID: b3b84ff357e4663dc7d2d75017d7a33c,
Execution Time for Trace ID b3b84ff357e4663dc7d2d75017d7a33c: 389 ms
Input: 5250000,
Cold Start: false
Unique ID: 8cb57757ae124a349dfee5e9eeb099eb,
Execution Time for Trace ID 8cb57757ae124a349dfee5e9eeb099eb: 353 ms
Input: 5250000,
Cold Start: false
Unique ID: de404c360882938bca11407b16be544a,
Execution Time for Trace ID de404c360882938bca11407b16be544a: 348 ms
Input: 5250000,
Cold Start: false
Unique ID: c85ac73025145761018dff7604ceaae2,
Execution Time for Trace ID c85ac73025145761018dff7604ceaae2: 353 ms
Input: 5250000,
Cold Start: false
Unique ID: c9b76aaa1132dce9b7195282012562bf,
Execution Time for Trace ID c9b76aaa1132dce9b7195282012562bf: 349 ms
Input: 5250000,
Cold Start: false
Unique ID: be7647c2cb1e9f4d6a821fe32be71fb7,
Execution Time for Trace ID be7647c2cb1e9f4d6a821fe32be71fb7: 341 ms
Input: 5250000,
Cold Start: false
Unique ID: fa0053149212004c7ad3c96b2cbcfdd9,
Execution Time for Trace ID fa0053149212004c7ad3c96b2cbcfdd9: 405 ms
Input: 5250000,
Cold Start: false
Unique ID: 315209931a2be71fefe1d2b425f2dcfb,
Execution Time for Trace ID 315209931a2be71fefe1d2b425f2dcfb: 403 ms
Input: 5250000,
Cold Start: false
Unique ID: b6422abeda930d0addad5e400a6adea7,
Execution Time for Trace ID b6422abeda930d0addad5e400a6adea7: 377 ms
Input: 5250000,
Cold Start: false
Unique ID: bb0a3708428f6d734f04805a2a4f6ea9,
Execution Time for Trace ID bb0a3708428f6d734f04805a2a4f6ea9: 184 ms
Input: 5250000,
Cold Start: false
Unique ID: 2689e9f95e4c96583eecbcde1096193a,
Execution Time for Trace ID 2689e9f95e4c96583eecbcde1096193a: 392 ms
Input: 5250000,
Cold Start: false
Unique ID: b6c2e530868cea2b5bdc5d3997c1880c,
Execution Time for Trace ID b6c2e530868cea2b5bdc5d3997c1880c: 362 ms
Input: 5250000,
Cold Start: false
Unique ID: 4e346b75920badc792d7632a242cf2c7,
Execution Time for Trace ID 4e346b75920badc792d7632a242cf2c7: 349 ms
Input: 5250000,
Cold Start: false
Unique ID: 0bb602909a8d5c4cd78232cae185ab5e,
Execution Time for Trace ID 0bb602909a8d5c4cd78232cae185ab5e: 545 ms
Input: 5250000,
Cold Start: false
Unique ID: 9ee6f5dfc9f6a00576612e57268368ee,
Execution Time for Trace ID 9ee6f5dfc9f6a00576612e57268368ee: 355 ms
Input: 5250000,
Cold Start: false
Unique ID: b5b7595eb8682842a8a9bb87667ceecb,
Execution Time for Trace ID b5b7595eb8682842a8a9bb87667ceecb: 358 ms
Input: 5250000,
Cold Start: false
Unique ID: e261b34b0f8f3318877a94c202df72d6,
Execution Time for Trace ID e261b34b0f8f3318877a94c202df72d6: 408 ms
Input: 5250000,
Cold Start: false
Unique ID: 0591c835551984091bca6d7dbecb00ce,
Execution Time for Trace ID 0591c835551984091bca6d7dbecb00ce: 349 ms
Input: 5250000,
Cold Start: false
Unique ID: c2eeab6ec95670bddc3de2e91566d545,
Execution Time for Trace ID c2eeab6ec95670bddc3de2e91566d545: 478 ms
Input: 5250000,
Cold Start: false
Unique ID: 4663e9839441ccc3e738bbf2df621e6e,
Execution Time for Trace ID 4663e9839441ccc3e738bbf2df621e6e: 341 ms
Input: 5250000,
Cold Start: false
Unique ID: 994e67f7d5dbb6249965e104ba2877bb,
Execution Time for Trace ID 994e67f7d5dbb6249965e104ba2877bb: 342 ms
Input: 5250000,
Cold Start: false
Unique ID: fa455b1ba1c5a6bf02501dde35a774ca,
Execution Time for Trace ID fa455b1ba1c5a6bf02501dde35a774ca: 408 ms
Input: 5250000,
Cold Start: false
Unique ID: 7c79326a3e09aa01c9673653e208c2b1,
Execution Time for Trace ID 7c79326a3e09aa01c9673653e208c2b1: 352 ms
Input: 5250000,
Cold Start: false
Unique ID: 90c9341a07cb2e79faf7c107a427a7d9,
Execution Time for Trace ID 90c9341a07cb2e79faf7c107a427a7d9: 361 ms
Input: 5250000,
Cold Start: false
Unique ID: 5c0cd099c047cac4d76ccc78bd3f5f83,
Execution Time for Trace ID 5c0cd099c047cac4d76ccc78bd3f5f83: 357 ms
Input: 5250000,
Cold Start: false
Unique ID: c1c2cfaa7cb46722661d43f895b24d3a,
Execution Time for Trace ID c1c2cfaa7cb46722661d43f895b24d3a: 403 ms
Input: 5250000,
Cold Start: false
Unique ID: 6d2cddbb0b47e13209ef6787a5a19faa,
Execution Time for Trace ID 6d2cddbb0b47e13209ef6787a5a19faa: 359 ms
Input: 5250000,
Cold Start: false
Unique ID: 4939c047268b148cef93a59665380e83,
Execution Time for Trace ID 4939c047268b148cef93a59665380e83: 342 ms
Input: 5250000,
Cold Start: false
Unique ID: c5b5126ae135c6682e79afd01d2a234e,
Execution Time for Trace ID c5b5126ae135c6682e79afd01d2a234e: 358 ms
Input: 5250000,
Cold Start: false
Unique ID: 36761a0383419a14e8cd4f865a462609,
Execution Time for Trace ID 36761a0383419a14e8cd4f865a462609: 179 ms
Input: 5250000,
Cold Start: false
Unique ID: 7a4f044d9e8749f887754118fd037f4a,
Execution Time for Trace ID 7a4f044d9e8749f887754118fd037f4a: 342 ms
Input: 5250000,
Cold Start: false
Unique ID: 7d634770d4fcd9f11d0439dbff4cd072,
Execution Time for Trace ID 7d634770d4fcd9f11d0439dbff4cd072: 361 ms
Input: 5250000,
Cold Start: false
Unique ID: 0e67fcc254a79fee3b1d285413e76fef,
Execution Time for Trace ID 0e67fcc254a79fee3b1d285413e76fef: 405 ms
Input: 5250000,
Cold Start: false
Unique ID: bccaeefd8abda2c5b81786bd3b399da0,
Execution Time for Trace ID bccaeefd8abda2c5b81786bd3b399da0: 355 ms
Input: 5250000,
Cold Start: false
Unique ID: 09b90deebc94d26b081a589038061edc,
Execution Time for Trace ID 09b90deebc94d26b081a589038061edc: 356 ms
Input: 5250000,
Cold Start: false
Unique ID: d284d8b3e680e416c71d792ca737c9e5,
Execution Time for Trace ID d284d8b3e680e416c71d792ca737c9e5: 346 ms
Input: 5250000,
Cold Start: false
Unique ID: 852cd05660f9cb0dfbab4d8b8bffa48b,
Execution Time for Trace ID 852cd05660f9cb0dfbab4d8b8bffa48b: 394 ms
Input: 5250000,
Cold Start: false
Unique ID: 8f4b9b43b30b0aa92e1863c7d5e0bc28,
Execution Time for Trace ID 8f4b9b43b30b0aa92e1863c7d5e0bc28: 460 ms
Input: 5250000,
Cold Start: false
Unique ID: 1af4a3af9f0664a235b8554327854941,
Execution Time for Trace ID 1af4a3af9f0664a235b8554327854941: 506 ms
Input: 5250000,
Cold Start: false
Unique ID: 21abd57558b2f0649e25cfa185478fd3,
Execution Time for Trace ID 21abd57558b2f0649e25cfa185478fd3: 339 ms
Input: 5250000,
Cold Start: false
Unique ID: 512d2a9d1dec1bff9d00043146b6f20d,
Execution Time for Trace ID 512d2a9d1dec1bff9d00043146b6f20d: 340 ms
Input: 5250000,
Cold Start: false
Unique ID: eebe8cefe4c30b367cad4bd5f6d4fc78,
Execution Time for Trace ID eebe8cefe4c30b367cad4bd5f6d4fc78: 408 ms
Input: 5250000,
Cold Start: false
Unique ID: 4c0c87d8df01116cd252a8949121f26b,
Execution Time for Trace ID 4c0c87d8df01116cd252a8949121f26b: 343 ms
Input: 5250000,
Cold Start: false
Unique ID: 9616282e6e687b97bdfec4f6f9ad411a,
Execution Time for Trace ID 9616282e6e687b97bdfec4f6f9ad411a: 394 ms
Input: 5250000,
Cold Start: false
Unique ID: a7381c80030e4d564075ecf7568d253f,
Execution Time for Trace ID a7381c80030e4d564075ecf7568d253f: 344 ms
Input: 5250000,
Cold Start: false
Unique ID: 98a8ac1665a16cabc5dd8f829ac4b61a,
Execution Time for Trace ID 98a8ac1665a16cabc5dd8f829ac4b61a: 339 ms
Input: 5250000,
Cold Start: false
Unique ID: 4902c1e34309a44b278255a2c2f5e1c8,
Execution Time for Trace ID 4902c1e34309a44b278255a2c2f5e1c8: 407 ms
Input: 5250000,
Cold Start: false
Unique ID: 18a9a545b516e6b9a9d6ee53ea3413c0,
Execution Time for Trace ID 18a9a545b516e6b9a9d6ee53ea3413c0: 400 ms
Input: 5250000,
Cold Start: false
Unique ID: 18d144c63b861ee37841346ea1445691,
Execution Time for Trace ID 18d144c63b861ee37841346ea1445691: 357 ms
Input: 5250000,
Cold Start: false
Unique ID: cf958856d06a3eb4879d3a061d7b9be0,
Execution Time for Trace ID cf958856d06a3eb4879d3a061d7b9be0: 365 ms
Input: 5250000,
Cold Start: false
Unique ID: efa8b6d7509896920063cd3c174cd6c5,
Execution Time for Trace ID efa8b6d7509896920063cd3c174cd6c5: 384 ms
Input: 5250000,
Cold Start: false
Unique ID: 9b86a33c6362802d9d1a6b90fcfcfaa4,
Execution Time for Trace ID 9b86a33c6362802d9d1a6b90fcfcfaa4: 341 ms
Input: 5250000,
Cold Start: false
Unique ID: da7a11b1b40e1e17882f92b636bb50c5,
Execution Time for Trace ID da7a11b1b40e1e17882f92b636bb50c5: 403 ms
Input: 5250000,
Cold Start: false
Unique ID: d0f22f4985dc73992741da0e1fd1e0ac,
Execution Time for Trace ID d0f22f4985dc73992741da0e1fd1e0ac: 359 ms
Input: 5250000,
Cold Start: false
Unique ID: 3d9d1ed9ebd694fdf0a0cbd786506958,
Execution Time for Trace ID 3d9d1ed9ebd694fdf0a0cbd786506958: 359 ms
Input: 5250000,
Cold Start: false
Unique ID: a02f4cc4479c9b54603c8386a71425fd,
Execution Time for Trace ID a02f4cc4479c9b54603c8386a71425fd: 354 ms
Input: 5250000,
Cold Start: false
Unique ID: d37c2f0b7df05c3c162c79ca3444907f,
Execution Time for Trace ID d37c2f0b7df05c3c162c79ca3444907f: 411 ms
Input: 5250000,
Cold Start: false
Unique ID: 0e65507787cc6f4dd9cdfe824638b29c,
Execution Time for Trace ID 0e65507787cc6f4dd9cdfe824638b29c: 413 ms
Input: 5250000,
Cold Start: false
Unique ID: 5365c2f675f6ea578f75593fb606f461,
Execution Time for Trace ID 5365c2f675f6ea578f75593fb606f461: 390 ms
Input: 5250000,
Cold Start: false
Unique ID: 86385c6708c6f79c970266dda0fe7b0c,
Execution Time for Trace ID 86385c6708c6f79c970266dda0fe7b0c: 343 ms
Input: 5250000,
Cold Start: false
Unique ID: 1668c99911fed0419f412eec62cdb934,
Execution Time for Trace ID 1668c99911fed0419f412eec62cdb934: 342 ms
Input: 5250000,
Cold Start: false
Unique ID: 991af0ae09ef9ef49e2fd7bdb437d357,
Execution Time for Trace ID 991af0ae09ef9ef49e2fd7bdb437d357: 401 ms
Input: 5250000,
Cold Start: false
Unique ID: 28116556fec6bea1034ed9a26f1e4b52,
Execution Time for Trace ID 28116556fec6bea1034ed9a26f1e4b52: 347 ms
Input: 5250000,
Cold Start: false
Unique ID: 4631804cbe04873c8f1abc1ca9f0981b,
Execution Time for Trace ID 4631804cbe04873c8f1abc1ca9f0981b: 355 ms
Input: 5250000,
Cold Start: false
Unique ID: 9abacf247f4abee467236b2988b84855,
Execution Time for Trace ID 9abacf247f4abee467236b2988b84855: 348 ms
Input: 5250000,
Cold Start: false
Unique ID: c40829716e1dc9f69bd07297e35f986c,
Execution Time for Trace ID c40829716e1dc9f69bd07297e35f986c: 398 ms
Input: 5250000,
Cold Start: false
Unique ID: c52cea441224929f50467c5233479c08,
Execution Time for Trace ID c52cea441224929f50467c5233479c08: 356 ms
Input: 5250000,
Cold Start: false
Unique ID: 5022d07048da5c668d2a90c60ebca10c,
Execution Time for Trace ID 5022d07048da5c668d2a90c60ebca10c: 398 ms
Input: 5250000,
Cold Start: false
Unique ID: d4d23a535444c90f5e6b9d23f2228a68,
Execution Time for Trace ID d4d23a535444c90f5e6b9d23f2228a68: 392 ms
Input: 5250000,
Cold Start: false
Unique ID: 8fc80d369c5e6c42de48b642788a4ba2,
Execution Time for Trace ID 8fc80d369c5e6c42de48b642788a4ba2: 344 ms
Input: 5250000,
Cold Start: false
Unique ID: dbb9b23a41dc48ca402225ba2516bdda,
Execution Time for Trace ID dbb9b23a41dc48ca402225ba2516bdda: 351 ms
Input: 5250000,
Cold Start: false
Unique ID: 5582af9df7dbf77920644aa66440fab4,
Execution Time for Trace ID 5582af9df7dbf77920644aa66440fab4: 422 ms
Input: 5250000,
Cold Start: false
Unique ID: 5f3a79aace95b14ed2a0cf322d8cdfc0,
Execution Time for Trace ID 5f3a79aace95b14ed2a0cf322d8cdfc0: 342 ms
Input: 5250000,
Cold Start: false
Unique ID: 699eca8724a6458793e84a5885661b3a,
Execution Time for Trace ID 699eca8724a6458793e84a5885661b3a: 391 ms
Input: 5250000,
Cold Start: false
Unique ID: 9d9d6c561647007d06f1954785a92c13,
Execution Time for Trace ID 9d9d6c561647007d06f1954785a92c13: 343 ms
Input: 5250000,
Cold Start: false
Unique ID: 9de0d09b7b1a7163099c20a6d2b2da3a,
Execution Time for Trace ID 9de0d09b7b1a7163099c20a6d2b2da3a: 381 ms
Input: 5250000,
Cold Start: false
Unique ID: 238a6fa9155e44ee9b67d342ac3ebfad,
Execution Time for Trace ID 238a6fa9155e44ee9b67d342ac3ebfad: 350 ms
Input: 5250000,
Cold Start: false
Unique ID: 38e3941947ac4efefcda14a49def5ecf,
Execution Time for Trace ID 38e3941947ac4efefcda14a49def5ecf: 425 ms
Input: 5250000,
Cold Start: false
Unique ID: cab43abb8b1212a22bb10f31a90621e8,
Execution Time for Trace ID cab43abb8b1212a22bb10f31a90621e8: 450 ms
Input: 5250000,
Cold Start: false
Unique ID: 9ec795670d38c9e0f8ac7670012e4da2,
Execution Time for Trace ID 9ec795670d38c9e0f8ac7670012e4da2: 351 ms
Input: 5250000,
Cold Start: false
Unique ID: 8421717753040371a87f9f2055170d89,
Execution Time for Trace ID 8421717753040371a87f9f2055170d89: 392 ms
Input: 5250000,
Cold Start: false
Unique ID: fca8fa32c8e8be453a578622e5846157,
Execution Time for Trace ID fca8fa32c8e8be453a578622e5846157: 346 ms
Input: 5250000,
Cold Start: false
Unique ID: 87a03054577fdcbcf1552cd9c3ea9bea,
Execution Time for Trace ID 87a03054577fdcbcf1552cd9c3ea9bea: 409 ms
Input: 5250000,
Cold Start: false
Unique ID: 2d274544b69800c01758f3ac1ba09231,
Execution Time for Trace ID 2d274544b69800c01758f3ac1ba09231: 392 ms
Input: 5250000,
Cold Start: false
Unique ID: 2eb24fa5be9c1c8d3a8594868b94920a,
Execution Time for Trace ID 2eb24fa5be9c1c8d3a8594868b94920a: 342 ms
Input: 5250000,
Cold Start: false
Unique ID: 415d7783156b50832fddf9188f142e90,
Execution Time for Trace ID 415d7783156b50832fddf9188f142e90: 346 ms
Input: 5250000,
Cold Start: false
Unique ID: 5bccc2582d81a76234b8fb3bd812d067,
Execution Time for Trace ID 5bccc2582d81a76234b8fb3bd812d067: 414 ms
Input: 5250000,
Cold Start: false
Unique ID: ef0282b95c41d0fbe0967d392c07d3bc,
Execution Time for Trace ID ef0282b95c41d0fbe0967d392c07d3bc: 344 ms
Input: 5250000,
Cold Start: false
Unique ID: 2954dd0c7b49221783d9075ff1d40176,
Execution Time for Trace ID 2954dd0c7b49221783d9075ff1d40176: 347 ms
Input: 5250000,
Cold Start: false
Unique ID: a5988e40f959f85b89672dcee17bd603,
Execution Time for Trace ID a5988e40f959f85b89672dcee17bd603: 181 ms
Input: 5250000,
Cold Start: false
Unique ID: da5963a63706885ceebae78c902fefe0,
Execution Time for Trace ID da5963a63706885ceebae78c902fefe0: 347 ms
Input: 5250000,
Cold Start: false
Unique ID: 992243d2131eec2fea208b40732c7d83,
Execution Time for Trace ID 992243d2131eec2fea208b40732c7d83: 411 ms
Input: 5250000,
Cold Start: false
Unique ID: 2cd7e4368b76c34597fe8773ecfe1e5c,
Execution Time for Trace ID 2cd7e4368b76c34597fe8773ecfe1e5c: 370 ms
Input: 5250000,
Cold Start: false
Unique ID: 5aee586fdcebbc91992bb59a56d68ffa,
Execution Time for Trace ID 5aee586fdcebbc91992bb59a56d68ffa: 488 ms
Input: 5250000,
Cold Start: false
Unique ID: 7480e4221f9985a84891c64c61beddf2,
Execution Time for Trace ID 7480e4221f9985a84891c64c61beddf2: 348 ms
Input: 5250000,
Cold Start: false
Unique ID: b1f9d886f51d68545199660c2144bb74,
Execution Time for Trace ID b1f9d886f51d68545199660c2144bb74: 341 ms
Input: 5250000,
Cold Start: false
Unique ID: 9a10bbfb6afe274966a58917ac91c1be,
Execution Time for Trace ID 9a10bbfb6afe274966a58917ac91c1be: 414 ms
Input: 5250000,
Cold Start: false
Unique ID: 16de5f5cf7982738d4af8cea825f4e37,
Execution Time for Trace ID 16de5f5cf7982738d4af8cea825f4e37: 340 ms
Input: 5250000,
Cold Start: false
Unique ID: 28e4d12f12d161a340df2799efd6f778,
Execution Time for Trace ID 28e4d12f12d161a340df2799efd6f778: 349 ms
Input: 5250000,
Cold Start: false
Unique ID: 231b6165226fe97df7232d41c0f45c55,
Execution Time for Trace ID 231b6165226fe97df7232d41c0f45c55: 342 ms
Input: 5250000,
Cold Start: false
Unique ID: dda2172b24b311262bf80a3f44dcb410,
Execution Time for Trace ID dda2172b24b311262bf80a3f44dcb410: 386 ms
Input: 5250000,
Cold Start: false
Unique ID: 616962518d5ea4738219203d4a625f14,
Execution Time for Trace ID 616962518d5ea4738219203d4a625f14: 374 ms
Input: 5250000,
Cold Start: false
Unique ID: 4e5a50b67eb8f7e5592ddf2daf4d7ba4,
Execution Time for Trace ID 4e5a50b67eb8f7e5592ddf2daf4d7ba4: 343 ms
Input: 5250000,
Cold Start: false
Unique ID: ac72133c925decdaf69dc7faa677ec61,
Execution Time for Trace ID ac72133c925decdaf69dc7faa677ec61: 357 ms
Input: 5250000,
Cold Start: false
Unique ID: 885327adad01327261c65f0dd3aeb8be,
Execution Time for Trace ID 885327adad01327261c65f0dd3aeb8be: 347 ms
Input: 5250000,
Cold Start: false
Unique ID: 20c8138495ceb849d49c5f97645aa9b8,
Execution Time for Trace ID 20c8138495ceb849d49c5f97645aa9b8: 349 ms
Input: 5250000,
Cold Start: false
Unique ID: 0dc9db5b94a6f8015c090357a8bb3592,
Execution Time for Trace ID 0dc9db5b94a6f8015c090357a8bb3592: 402 ms
Input: 5250000,
Cold Start: false
Unique ID: 5e7c312f496e02d60e597798d370fb9c,
Execution Time for Trace ID 5e7c312f496e02d60e597798d370fb9c: 343 ms
Input: 5250000,
Cold Start: false
Unique ID: 639c242b6e34b654aa6bdb771da386a2,
Execution Time for Trace ID 639c242b6e34b654aa6bdb771da386a2: 391 ms
Input: 5250000,
Cold Start: false
Unique ID: 46f2aefe4173c1778eb69ef7ec501b76,
Execution Time for Trace ID 46f2aefe4173c1778eb69ef7ec501b76: 349 ms
Input: 5250000,
Cold Start: false
Unique ID: 3a46561c1264af2ebac38e9ca78eda8a,
Execution Time for Trace ID 3a46561c1264af2ebac38e9ca78eda8a: 386 ms
Input: 5250000,
Cold Start: false
Unique ID: 70797750cd46a9bdfa50570d40ccefc3,
Execution Time for Trace ID 70797750cd46a9bdfa50570d40ccefc3: 346 ms
Input: 5250000,
Cold Start: false
Unique ID: 75bac9a67cd9d05b9f62774a4dea3faf,
Execution Time for Trace ID 75bac9a67cd9d05b9f62774a4dea3faf: 350 ms
Input: 5250000,
Cold Start: false
Unique ID: 056a386f4cc59e8f0837b9a7f8499860,
Execution Time for Trace ID 056a386f4cc59e8f0837b9a7f8499860: 360 ms
Input: 5250000,
Cold Start: false
Unique ID: 669f861dd8f8b441e29ab6c1d5b1f12b,
Execution Time for Trace ID 669f861dd8f8b441e29ab6c1d5b1f12b: 342 ms
Input: 5250000,
Cold Start: false
Unique ID: 48380e1770a1f1562d5a46f0fa296507,
Execution Time for Trace ID 48380e1770a1f1562d5a46f0fa296507: 340 ms
Input: 5250000,
Cold Start: false
Unique ID: cb84bb1c8404b180b0b53f25fb12d72d,
Execution Time for Trace ID cb84bb1c8404b180b0b53f25fb12d72d: 409 ms
Input: 5250000,
Cold Start: false
Unique ID: 96d0e308b348e8a2a6f0b7ae6411b36e,
Execution Time for Trace ID 96d0e308b348e8a2a6f0b7ae6411b36e: 408 ms
Input: 5250000,
Cold Start: false
Unique ID: 0d59b3398fd2681f716f9954c76a52d5,
Execution Time for Trace ID 0d59b3398fd2681f716f9954c76a52d5: 373 ms
Input: 5250000,
Cold Start: false
Unique ID: 8c782bc2d5ce891ca5cde8b8577f47a5,
Execution Time for Trace ID 8c782bc2d5ce891ca5cde8b8577f47a5: 337 ms
Input: 5250000,
Cold Start: false
Unique ID: c2084444f422931619812682f326fe8d,
Execution Time for Trace ID c2084444f422931619812682f326fe8d: 386 ms
Input: 5250000,
Cold Start: false
Unique ID: 0523bc60b34594cd35c21d58a02109c0,
Execution Time for Trace ID 0523bc60b34594cd35c21d58a02109c0: 359 ms
Input: 5250000,
Cold Start: false
Unique ID: 5db55d1826483b11803235481c861b6d,
Execution Time for Trace ID 5db55d1826483b11803235481c861b6d: 348 ms
Input: 5250000,
Cold Start: false
Unique ID: b5afa4a147fa23b269617c09f26d4514,
Execution Time for Trace ID b5afa4a147fa23b269617c09f26d4514: 360 ms
Input: 5250000,
Cold Start: false
Unique ID: c353416a9702a84658f0dc8014e227b4,
Execution Time for Trace ID c353416a9702a84658f0dc8014e227b4: 345 ms
Input: 5250000,
Cold Start: false
Unique ID: 7e14be557898b8311cb50f4438c00ee4,
Execution Time for Trace ID 7e14be557898b8311cb50f4438c00ee4: 341 ms
Input: 5250000,
Cold Start: false
Unique ID: 716d1519fcc07a9a5652590983c45a16,
Execution Time for Trace ID 716d1519fcc07a9a5652590983c45a16: 404 ms
Input: 5250000,
Cold Start: false
Unique ID: 3a9fd9ffffa8102bf86d267d7a3a0515,
Execution Time for Trace ID 3a9fd9ffffa8102bf86d267d7a3a0515: 355 ms
Input: 5250000,
Cold Start: false
Unique ID: bc31d047118d2538d66390b3b422fd93,
Execution Time for Trace ID bc31d047118d2538d66390b3b422fd93: 410 ms
Input: 5250000,
Cold Start: false
Unique ID: 60d2b1b05417436a224ec59e2545f107,
Execution Time for Trace ID 60d2b1b05417436a224ec59e2545f107: 364 ms
Input: 5250000,
Cold Start: false
Unique ID: 53bd93203a9c694323ef4a5b8e577112,
Execution Time for Trace ID 53bd93203a9c694323ef4a5b8e577112: 323 ms
Input: 5250000,
Cold Start: false
Unique ID: 18154edefb8a476d6bc74ce571506576,
Execution Time for Trace ID 18154edefb8a476d6bc74ce571506576: 336 ms
Input: 5250000,
Cold Start: false
Unique ID: f93f4143c5281971d47d1fec58e6c898,
Execution Time for Trace ID f93f4143c5281971d47d1fec58e6c898: 344 ms
Input: 5250000,
Cold Start: false
Unique ID: 67276ed4c89db2b1d0b596302f201a7b,
Execution Time for Trace ID 67276ed4c89db2b1d0b596302f201a7b: 347 ms
Input: 5250000,
Cold Start: false
Unique ID: bc88e26524589304c5cdb8db706902d5,
Execution Time for Trace ID bc88e26524589304c5cdb8db706902d5: 349 ms
Input: 5250000,
Cold Start: false
Unique ID: 5c21e72037a5803ad1335328743f1809,
Execution Time for Trace ID 5c21e72037a5803ad1335328743f1809: 392 ms
Input: 5250000,
Cold Start: false
Unique ID: 592c709e96a001172d3b57ff70005876,
Execution Time for Trace ID 592c709e96a001172d3b57ff70005876: 368 ms
Input: 5250000,
Cold Start: false
Unique ID: 7ce7bde9d79d4da28d5e5647e1380a95,
Execution Time for Trace ID 7ce7bde9d79d4da28d5e5647e1380a95: 345 ms
Input: 5250000,
Cold Start: false
Unique ID: 6ea41c0b08ed19a2bd1bd04ac3d22557,
Execution Time for Trace ID 6ea41c0b08ed19a2bd1bd04ac3d22557: 356 ms
Input: 5250000,
Cold Start: false
Unique ID: 9753d17ede4624316aa1bef639094708,
Execution Time for Trace ID 9753d17ede4624316aa1bef639094708: 343 ms
Input: 5250000,
Cold Start: false
Unique ID: 25f07ddfc6e805fb67e0d00342b95735,
Execution Time for Trace ID 25f07ddfc6e805fb67e0d00342b95735: 396 ms
Input: 5250000,
Cold Start: false
Unique ID: 91abfb5dd0b757e1ddecc0ca2d9e401c,
Execution Time for Trace ID 91abfb5dd0b757e1ddecc0ca2d9e401c: 357 ms
Input: 5250000,
Cold Start: false
Unique ID: 41810ded579d4064e231b25756d38618,
Execution Time for Trace ID 41810ded579d4064e231b25756d38618: 409 ms
Input: 5250000,
Cold Start: false
Unique ID: b126a6c32cc2ca5ab2b717757a14fe1b,
Execution Time for Trace ID b126a6c32cc2ca5ab2b717757a14fe1b: 377 ms
Input: 5250000,
Cold Start: false
Unique ID: 9fdf132ec2791dfa917c8f97a9c0bbe4,
Execution Time for Trace ID 9fdf132ec2791dfa917c8f97a9c0bbe4: 185 ms
Input: 5250000,
Cold Start: false
Unique ID: fc9fc938b1c0cf6c4becdfd9e394d8e2,
Execution Time for Trace ID fc9fc938b1c0cf6c4becdfd9e394d8e2: 387 ms
Input: 5250000,
Cold Start: false
Unique ID: c77fb2663d8fc5f6efbf01e79b09b612,
Execution Time for Trace ID c77fb2663d8fc5f6efbf01e79b09b612: 362 ms
Input: 5250000,
Cold Start: false
Unique ID: 4970d712f79164c1d424cc5a2fc56e0f,
Execution Time for Trace ID 4970d712f79164c1d424cc5a2fc56e0f: 352 ms
Input: 5250000,
Cold Start: false
Unique ID: 61331a951ea20389f30814be865f7974,
Execution Time for Trace ID 61331a951ea20389f30814be865f7974: 534 ms
Input: 5250000,
Cold Start: false
Unique ID: 97e713cd151c213b58963fc875a23bad,
Execution Time for Trace ID 97e713cd151c213b58963fc875a23bad: 349 ms
Input: 5250000,
Cold Start: false
Unique ID: 2dd21be28e335d164eb7b12dbe0e1902,
Execution Time for Trace ID 2dd21be28e335d164eb7b12dbe0e1902: 346 ms
Input: 5250000,
Cold Start: false
Unique ID: 06e061bb7dd9be3b8c283ba098c78bda,
Execution Time for Trace ID 06e061bb7dd9be3b8c283ba098c78bda: 413 ms
Input: 5250000,
Cold Start: false
Unique ID: 3d4b15669d5621e6141cb79666a23629,
Execution Time for Trace ID 3d4b15669d5621e6141cb79666a23629: 455 ms
Input: 5250000,
Cold Start: false
Unique ID: 4fbc6bec439b47222533747de5c7bd34,
Execution Time for Trace ID 4fbc6bec439b47222533747de5c7bd34: 498 ms
Input: 5250000,
Cold Start: false
Unique ID: 39e996caf0ad6d53726a34189f497e2e,
Execution Time for Trace ID 39e996caf0ad6d53726a34189f497e2e: 356 ms
Input: 5250000,
Cold Start: false
Unique ID: 5bcf937ce27e565f224117ffdb5509b3,
Execution Time for Trace ID 5bcf937ce27e565f224117ffdb5509b3: 382 ms
Input: 5250000,
Cold Start: false
Unique ID: b63f8f946b75232bb04752654268a58b,
Execution Time for Trace ID b63f8f946b75232bb04752654268a58b: 345 ms
Input: 5250000,
Cold Start: false
Unique ID: 78e76136929f0c18f004cbd3b811917f,
Execution Time for Trace ID 78e76136929f0c18f004cbd3b811917f: 474 ms
Input: 5250000,
Cold Start: false
Unique ID: ee8a4e42c269a7891dfd08a0072f493e,
Execution Time for Trace ID ee8a4e42c269a7891dfd08a0072f493e: 533 ms
Input: 5250000,
Cold Start: false
Unique ID: 03b22fb2862411bdd2ea40a50b8ef881,
Execution Time for Trace ID 03b22fb2862411bdd2ea40a50b8ef881: 374 ms
Input: 5250000,
Cold Start: false
Unique ID: b48bbe0da556e73bf1fb6d72f4200374,
Execution Time for Trace ID b48bbe0da556e73bf1fb6d72f4200374: 390 ms
Input: 5250000,
Cold Start: false
Unique ID: f9a2543ec794b6b0caeee8e5a5a8e254,
Execution Time for Trace ID f9a2543ec794b6b0caeee8e5a5a8e254: 343 ms
Input: 5250000,
Cold Start: false
Unique ID: 3f833b122e2a2f5190fd6b9a17056305,
Execution Time for Trace ID 3f833b122e2a2f5190fd6b9a17056305: 402 ms
Input: 5250000,
Cold Start: false
Unique ID: 1b17fdff385b790524ed6f406dedb32c,
Execution Time for Trace ID 1b17fdff385b790524ed6f406dedb32c: 394 ms
Input: 5250000,
Cold Start: false
Unique ID: 8ae8a38e4003461555f15257f03b746c,
Execution Time for Trace ID 8ae8a38e4003461555f15257f03b746c: 366 ms
Input: 5250000,
Cold Start: false
Unique ID: 17cd94d5ce1236f62c87b8de67b47534,
Execution Time for Trace ID 17cd94d5ce1236f62c87b8de67b47534: 386 ms
Input: 5250000,
Cold Start: false
Unique ID: 391357aa8940ad4064039b1eaa540232,
Execution Time for Trace ID 391357aa8940ad4064039b1eaa540232: 347 ms
Input: 5250000,
Cold Start: false
Unique ID: 7ff258e2f9e935d60964d1795545624a,
Execution Time for Trace ID 7ff258e2f9e935d60964d1795545624a: 346 ms
Input: 5250000,
Cold Start: false
Unique ID: 0ffcbe46f9234a3b0c9cf9bdbee5a518,
Execution Time for Trace ID 0ffcbe46f9234a3b0c9cf9bdbee5a518: 365 ms
Input: 5250000,
Cold Start: false
Unique ID: 189e3467b4b87c5e6511dcda197fe5a1,
Execution Time for Trace ID 189e3467b4b87c5e6511dcda197fe5a1: 413 ms
Input: 5250000,
Cold Start: false
Unique ID: e6eb33e0fc16e61b2ba67250b7bc01f9,
Execution Time for Trace ID e6eb33e0fc16e61b2ba67250b7bc01f9: 353 ms
Input: 5250000,
Cold Start: false
Unique ID: 8a0b52441e9fa60d42d8fe84a01c8f51,
Execution Time for Trace ID 8a0b52441e9fa60d42d8fe84a01c8f51: 405 ms
Input: 5250000,
Cold Start: false
Unique ID: d530504c373d96f85f9df37a158f90de,
Execution Time for Trace ID d530504c373d96f85f9df37a158f90de: 407 ms
Input: 5250000,
Cold Start: false
Unique ID: 23b25ae39f78529fd2523c4024a9df21,
Execution Time for Trace ID 23b25ae39f78529fd2523c4024a9df21: 358 ms
Input: 5250000,
Cold Start: false
Unique ID: e54730a9e505fb23670d2921eb793dfd,
Execution Time for Trace ID e54730a9e505fb23670d2921eb793dfd: 363 ms
Input: 5250000,
Cold Start: false
Unique ID: 2184b91e4e889c7e6f2a4533e43fe41d,
Execution Time for Trace ID 2184b91e4e889c7e6f2a4533e43fe41d: 380 ms
Input: 5250000,
Cold Start: false
Unique ID: 8e5d0fdf8d8872d3ceae683f0e6f44e2,
Execution Time for Trace ID 8e5d0fdf8d8872d3ceae683f0e6f44e2: 339 ms
Input: 5250000,
Cold Start: false
Unique ID: d02aa14b877b00a32a2bf076c9a51e15,
Execution Time for Trace ID d02aa14b877b00a32a2bf076c9a51e15: 351 ms
Input: 5250000,
Cold Start: false
Unique ID: e6dc9857a64f226026ecd6233b2bd3ee,
Execution Time for Trace ID e6dc9857a64f226026ecd6233b2bd3ee: 350 ms
Input: 5250000,
Cold Start: false
Unique ID: ebb0418d9226fff92d17094e0f682f4d,
Execution Time for Trace ID ebb0418d9226fff92d17094e0f682f4d: 342 ms
Input: 5250000,
Cold Start: false
Unique ID: 9e700c6bf2bdd7a669a2f9127f3d1cca,
Execution Time for Trace ID 9e700c6bf2bdd7a669a2f9127f3d1cca: 387 ms
Input: 5250000,
Cold Start: false
Unique ID: f4b501d93ac4c498f80857183475dd78,
Execution Time for Trace ID f4b501d93ac4c498f80857183475dd78: 357 ms
Input: 5250000,
Cold Start: false
Unique ID: 654e419d8692d0764cc55077ef18673a,
Execution Time for Trace ID 654e419d8692d0764cc55077ef18673a: 349 ms
Input: 5250000,
Cold Start: false
Unique ID: 9736c0ec589d476d47194125b0d7e0fa,
Execution Time for Trace ID 9736c0ec589d476d47194125b0d7e0fa: 350 ms
Input: 5250000,
Cold Start: false
Unique ID: fbbc2b94ede0ee101820d13f775ae771,
Execution Time for Trace ID fbbc2b94ede0ee101820d13f775ae771: 345 ms
Input: 5250000,
Cold Start: false
Unique ID: 43ab59c7aec253789a899d0ee540f7e0,
Execution Time for Trace ID 43ab59c7aec253789a899d0ee540f7e0: 372 ms
Input: 5250000,
Cold Start: false
Unique ID: f189dc4de2139ff7a83c76a7471f8093,
Execution Time for Trace ID f189dc4de2139ff7a83c76a7471f8093: 356 ms
Input: 5250000,
Cold Start: false
Unique ID: 0c50e5605501ad1308c661d503e5bda3,
Execution Time for Trace ID 0c50e5605501ad1308c661d503e5bda3: 342 ms
Input: 5250000,
Cold Start: false
Unique ID: f58b32fd780360192d9d757555676772,
Execution Time for Trace ID f58b32fd780360192d9d757555676772: 373 ms
Input: 5250000,
Cold Start: false
Unique ID: 87347b18ad94f8851fb1448e82aca0b9,
Execution Time for Trace ID 87347b18ad94f8851fb1448e82aca0b9: 353 ms
Input: 5250000,
Cold Start: false
Unique ID: 12afb1708780be0d2efcbb9cf860420d,
Execution Time for Trace ID 12afb1708780be0d2efcbb9cf860420d: 384 ms
Input: 5250000,
Cold Start: false
Unique ID: 4111804f6c753530a0f2206db50de86d,
Execution Time for Trace ID 4111804f6c753530a0f2206db50de86d: 349 ms
Input: 5250000,
Cold Start: false
Unique ID: 67fc56bcf7cb516511c10c10b59404dd,
Execution Time for Trace ID 67fc56bcf7cb516511c10c10b59404dd: 350 ms
Input: 5250000,
Cold Start: false
Unique ID: 243eaff37b1f5e0be47a1ff3948152ec,
Execution Time for Trace ID 243eaff37b1f5e0be47a1ff3948152ec: 357 ms
Input: 5250000,
Cold Start: false
Unique ID: 9aed7622a1c677f9fc5878a88cf3ee43,
Execution Time for Trace ID 9aed7622a1c677f9fc5878a88cf3ee43: 344 ms
Input: 5250000,
Cold Start: false
Unique ID: acfa03df75ade053e06132d3ce9c9662,
Execution Time for Trace ID acfa03df75ade053e06132d3ce9c9662: 386 ms
Input: 5250000,
Cold Start: false
Unique ID: 73bba8d73b2f1b8c9ea7b9c88677de29,
Execution Time for Trace ID 73bba8d73b2f1b8c9ea7b9c88677de29: 348 ms
Input: 5250000,
Cold Start: false
Unique ID: a26b45ca3c7d1469709c9fc1a59b23e4,
Execution Time for Trace ID a26b45ca3c7d1469709c9fc1a59b23e4: 397 ms
Input: 5250000,
Cold Start: false
Unique ID: ad672f9d8d8975a0426a9d84f21fc55b,
Execution Time for Trace ID ad672f9d8d8975a0426a9d84f21fc55b: 395 ms
Input: 5250000,
Cold Start: false
Unique ID: c12be28ce46ed631a6ad7fd660cf2448,
Execution Time for Trace ID c12be28ce46ed631a6ad7fd660cf2448: 363 ms
Input: 5250000,
Cold Start: false
Unique ID: 80000df3e78f2be1daf27c76d240447f,
Execution Time for Trace ID 80000df3e78f2be1daf27c76d240447f: 379 ms
Input: 5250000,
Cold Start: false
Unique ID: 604e963528ce82b88c27aa98203d5ec0,
Execution Time for Trace ID 604e963528ce82b88c27aa98203d5ec0: 343 ms
Input: 5250000,
Cold Start: false
Unique ID: f24e918dfc22393900df2db32a4607fc,
Execution Time for Trace ID f24e918dfc22393900df2db32a4607fc: 405 ms
Input: 5250000,
Cold Start: false
Unique ID: 2292acfffeadcf2967e247f5f7963715,
Execution Time for Trace ID 2292acfffeadcf2967e247f5f7963715: 361 ms
Input: 5250000,
Cold Start: false
Unique ID: 96d936d29271bb44783638387d50b025,
Execution Time for Trace ID 96d936d29271bb44783638387d50b025: 341 ms
Input: 5250000,
Cold Start: false
Unique ID: c3380064febd55b1e90d80f38a990596,
Execution Time for Trace ID c3380064febd55b1e90d80f38a990596: 345 ms
Input: 5250000,
Cold Start: false
Unique ID: 42288b324d36bfcbbc6336a536d6aca4,
Execution Time for Trace ID 42288b324d36bfcbbc6336a536d6aca4: 405 ms
Input: 5250000,
Cold Start: false
Unique ID: 3b5e9eab97e45b6648d0c98b50741100,
Execution Time for Trace ID 3b5e9eab97e45b6648d0c98b50741100: 375 ms
Input: 5250000,
Cold Start: false
Unique ID: 3aa737a1b11221f7d5ab43708b16cc1c,
Execution Time for Trace ID 3aa737a1b11221f7d5ab43708b16cc1c: 415 ms
Input: 5250000,
Cold Start: false
Unique ID: 685210d17366ac174d6792059f5f7c78,
Execution Time for Trace ID 685210d17366ac174d6792059f5f7c78: 355 ms
Input: 5250000,
Cold Start: false
Unique ID: 1241047c26059ae7e589045a8ae465b4,
Execution Time for Trace ID 1241047c26059ae7e589045a8ae465b4: 392 ms
Input: 5250000,
Cold Start: false
Unique ID: 83e93316fdb6fcbfed580822d930f9a3,
Execution Time for Trace ID 83e93316fdb6fcbfed580822d930f9a3: 349 ms
Input: 5250000,
Cold Start: false
Unique ID: 4f7544bed716636c304ce2220103ece4,
Execution Time for Trace ID 4f7544bed716636c304ce2220103ece4: 345 ms
Input: 5250000,
Cold Start: false
Unique ID: 51716ff16120a51e2378a55e7e9c990a,
Execution Time for Trace ID 51716ff16120a51e2378a55e7e9c990a: 354 ms
Input: 5250000,
Cold Start: false
Unique ID: 03cf4d89d255e4741f8d37ee2c4a1df8,
Execution Time for Trace ID 03cf4d89d255e4741f8d37ee2c4a1df8: 357 ms
Input: 5250000,
Cold Start: false
Unique ID: 70ace030c11ad81aed4488d601a9a376,
Execution Time for Trace ID 70ace030c11ad81aed4488d601a9a376: 354 ms
Input: 5250000,
Cold Start: false
Unique ID: 3b542982a80f4285055d271b7d921718,
Execution Time for Trace ID 3b542982a80f4285055d271b7d921718: 412 ms
Input: 5250000,
Cold Start: false
Unique ID: 265099fc519ee7f2c7998e57dfaa5056,
Execution Time for Trace ID 265099fc519ee7f2c7998e57dfaa5056: 401 ms
Input: 5250000,
Cold Start: false
Unique ID: 494ff56f2c056325f2fb3efb4906df2e,
Execution Time for Trace ID 494ff56f2c056325f2fb3efb4906df2e: 392 ms
Input: 5250000,
Cold Start: false
Unique ID: f0ef4a0842b5ea3a8b9714b7f6a21bf5,
Execution Time for Trace ID f0ef4a0842b5ea3a8b9714b7f6a21bf5: 351 ms
Input: 5250000,
Cold Start: false
Unique ID: b0c285b4863a93411f4484d3d2d2ab15,
Execution Time for Trace ID b0c285b4863a93411f4484d3d2d2ab15: 351 ms
Input: 5250000,
Cold Start: false
Unique ID: dd6cdd30a26e43e0a4abbf9a5799277f,
Execution Time for Trace ID dd6cdd30a26e43e0a4abbf9a5799277f: 405 ms
Input: 5250000,
Cold Start: false
Unique ID: 76634fe1571ef98aa6d39ff594585412,
Execution Time for Trace ID 76634fe1571ef98aa6d39ff594585412: 346 ms
Input: 5250000,
Cold Start: false
Unique ID: f49eb8bc6d27c78f6ce97e6aaa875863,
Execution Time for Trace ID f49eb8bc6d27c78f6ce97e6aaa875863: 352 ms
Input: 5250000,
Cold Start: false
Unique ID: 149551b41d268c0ce457a256729a4907,
Execution Time for Trace ID 149551b41d268c0ce457a256729a4907: 183 ms
Input: 5250000,
Cold Start: false
Unique ID: 2e971ae05665943b6d436d714bbda96d,
Execution Time for Trace ID 2e971ae05665943b6d436d714bbda96d: 359 ms
Input: 5250000,
Cold Start: false
Unique ID: fec1e0c59b3d43025a0c45f4b9670bc8,
Execution Time for Trace ID fec1e0c59b3d43025a0c45f4b9670bc8: 382 ms
Input: 5250000,
Cold Start: false
Unique ID: 4c6b4f27167acab6ad86e9950322686e,
Execution Time for Trace ID 4c6b4f27167acab6ad86e9950322686e: 405 ms
Input: 5250000,
Cold Start: false
Unique ID: 089b87ef55cc50c36bcac51ac96d1e6d,
Execution Time for Trace ID 089b87ef55cc50c36bcac51ac96d1e6d: 368 ms
Input: 5250000,
Cold Start: false
Unique ID: 3c4c4f9e76d25dc97e64f0460c56ce9b,
Execution Time for Trace ID 3c4c4f9e76d25dc97e64f0460c56ce9b: 177 ms
Input: 5250000,
Cold Start: false
Unique ID: 663c0ce9cb089f1c27f3304ed8caeb5e,
Execution Time for Trace ID 663c0ce9cb089f1c27f3304ed8caeb5e: 380 ms
Input: 5250000,
Cold Start: false
Unique ID: e4b0a86c08033a38c0dfc25227f85e68,
Execution Time for Trace ID e4b0a86c08033a38c0dfc25227f85e68: 372 ms
Input: 5250000,
Cold Start: false
Unique ID: ff8c5ada6473604a778c64b53dcc5a6d,
Execution Time for Trace ID ff8c5ada6473604a778c64b53dcc5a6d: 344 ms
Input: 5250000,
Cold Start: false
Unique ID: 502a7d17dbcd1eb8f9d545d65c13d4ad,
Execution Time for Trace ID 502a7d17dbcd1eb8f9d545d65c13d4ad: 531 ms
Input: 5250000,
Cold Start: false
Unique ID: 3fd2bcede6074a74a10122d0541a6e96,
Execution Time for Trace ID 3fd2bcede6074a74a10122d0541a6e96: 352 ms
Input: 5250000,
Cold Start: false
Unique ID: 2be6bffb1979acb2c934768b588242c4,
Execution Time for Trace ID 2be6bffb1979acb2c934768b588242c4: 380 ms
Input: 5250000,
Cold Start: false
Unique ID: 9a4c810081b087089db16f1b374ab6a4,
Execution Time for Trace ID 9a4c810081b087089db16f1b374ab6a4: 341 ms
Input: 5250000,
Cold Start: false
Unique ID: f688c201b68cc3019a828beb918868f7,
Execution Time for Trace ID f688c201b68cc3019a828beb918868f7: 345 ms
Input: 5250000,
Cold Start: false
Unique ID: 8052a98fe55c14f53e5066200e88d19c,
Execution Time for Trace ID 8052a98fe55c14f53e5066200e88d19c: 351 ms
Input: 5250000,
Cold Start: false
Unique ID: 1ef70ee50b4137f166db4653fa6596f8,
Execution Time for Trace ID 1ef70ee50b4137f166db4653fa6596f8: 342 ms
Input: 5250000,
Cold Start: false
Unique ID: df4d6996ecbccefc66d48bae5b54665e,
Execution Time for Trace ID df4d6996ecbccefc66d48bae5b54665e: 377 ms
Input: 5250000,
Cold Start: false
Unique ID: 8b99b7ae9f29c3f4a75725986c54d12f,
Execution Time for Trace ID 8b99b7ae9f29c3f4a75725986c54d12f: 351 ms
Input: 5250000,
Cold Start: false
Unique ID: d8f40df0b218243c237276ed73ae72bd,
Execution Time for Trace ID d8f40df0b218243c237276ed73ae72bd: 399 ms
Input: 5250000,
Cold Start: false
Unique ID: c167e6152644356d87e5555d02043140,
Execution Time for Trace ID c167e6152644356d87e5555d02043140: 359 ms
Input: 5250000,
Cold Start: false
Unique ID: 9189ad0a87b509582bb55af0a6e48835,
Execution Time for Trace ID 9189ad0a87b509582bb55af0a6e48835: 349 ms
Input: 5250000,
Cold Start: false
Unique ID: 82856e6df044bc4872b50328c5656100,
Execution Time for Trace ID 82856e6df044bc4872b50328c5656100: 350 ms
Input: 5250000,
Cold Start: false
Unique ID: dc8d435174df65d1bcdbd878ac900ce3,
Execution Time for Trace ID dc8d435174df65d1bcdbd878ac900ce3: 413 ms
Input: 5250000,
Cold Start: false
Unique ID: 15968bc1e935270cdcb123f75430b8a5,
Execution Time for Trace ID 15968bc1e935270cdcb123f75430b8a5: 427 ms
Input: 5250000,
Cold Start: false
Unique ID: 950237702b3e4411d7f455f7a5a3060d,
Execution Time for Trace ID 950237702b3e4411d7f455f7a5a3060d: 397 ms
Input: 5250000,
Cold Start: false
Unique ID: 892ec985feeb853454477fb3e70e3139,
Execution Time for Trace ID 892ec985feeb853454477fb3e70e3139: 352 ms
Input: 5250000,
Cold Start: false
Unique ID: 2c5d78e4448d76478f3eb6c5ac7d9706,
Execution Time for Trace ID 2c5d78e4448d76478f3eb6c5ac7d9706: 341 ms
Input: 5250000,
Cold Start: false
Unique ID: dec7a2dbe87231144d5908ffef5fdacd,
Execution Time for Trace ID dec7a2dbe87231144d5908ffef5fdacd: 406 ms
Input: 5250000,
Cold Start: false
Unique ID: 20c10709e903b8680e3f41bd0ab8905e,
Execution Time for Trace ID 20c10709e903b8680e3f41bd0ab8905e: 350 ms
Input: 5250000,
Cold Start: false
Unique ID: 0a53aedbed6f1987bb18be14201195b6,
Execution Time for Trace ID 0a53aedbed6f1987bb18be14201195b6: 355 ms
Input: 5250000,
Cold Start: false
Unique ID: 840b8a807a170e2d805723bf86cc6977,
Execution Time for Trace ID 840b8a807a170e2d805723bf86cc6977: 345 ms
Input: 5250000,
Cold Start: false
Unique ID: 0d8825f74a6ad119d5c53bd78c3f9d65,
Execution Time for Trace ID 0d8825f74a6ad119d5c53bd78c3f9d65: 389 ms
Input: 5250000,
Cold Start: false
Unique ID: c67faf72587d60597291e4cf839f04fe,
Execution Time for Trace ID c67faf72587d60597291e4cf839f04fe: 378 ms
Input: 5250000,
Cold Start: false
Unique ID: 00335f0cadb830f4ec7bedb9a5672cda,
Execution Time for Trace ID 00335f0cadb830f4ec7bedb9a5672cda: 347 ms
Input: 5250000,
Cold Start: false
Unique ID: 9d9184800b439babc570b5fb01da2ebe,
Execution Time for Trace ID 9d9184800b439babc570b5fb01da2ebe: 389 ms
Input: 5250000,
Cold Start: false
Unique ID: e4b904e0b1c9eaf22c017a6243973cfe,
Execution Time for Trace ID e4b904e0b1c9eaf22c017a6243973cfe: 356 ms
Input: 5250000,
Cold Start: false
Unique ID: 04c3bbeb8ee5321d10e9ab0fd708c281,
Execution Time for Trace ID 04c3bbeb8ee5321d10e9ab0fd708c281: 394 ms
Input: 5250000,
Cold Start: false
Unique ID: 2188e13ba30b918fa144d8416adc99dc,
Execution Time for Trace ID 2188e13ba30b918fa144d8416adc99dc: 349 ms
Input: 5250000,
Cold Start: false
Unique ID: b567f3aa9bc316121daf2c1329588d71,
Execution Time for Trace ID b567f3aa9bc316121daf2c1329588d71: 408 ms
Input: 5250000,
Cold Start: false
Unique ID: 5ac58f3e9c9a7e7215a8462d64759224,
Execution Time for Trace ID 5ac58f3e9c9a7e7215a8462d64759224: 393 ms
Input: 5250000,
Cold Start: false
Unique ID: 2b2dcfb3aebf3499dea5f83707828ad0,
Execution Time for Trace ID 2b2dcfb3aebf3499dea5f83707828ad0: 348 ms
Input: 5250000,
Cold Start: false
Unique ID: 5c97be540b186799b697c6a7f5716342,
Execution Time for Trace ID 5c97be540b186799b697c6a7f5716342: 394 ms
Input: 5250000,
Cold Start: false
Unique ID: af7725c62f692e8f180dc4842b4ff637,
Execution Time for Trace ID af7725c62f692e8f180dc4842b4ff637: 354 ms
Input: 5250000,
Cold Start: false
Unique ID: 32542aab22da308de289ad34072a5cab,
Execution Time for Trace ID 32542aab22da308de289ad34072a5cab: 349 ms
Input: 5250000,
Cold Start: false
Unique ID: d6548758a27ee8ce0b2965bd19357509,
Execution Time for Trace ID d6548758a27ee8ce0b2965bd19357509: 359 ms
Input: 5250000,
Cold Start: false
Unique ID: 512cc26e91a428119593783375abd304,
Execution Time for Trace ID 512cc26e91a428119593783375abd304: 353 ms
Input: 5250000,
Cold Start: false
Unique ID: a85641b8f82b05519d2b902d80359e76,
Execution Time for Trace ID a85641b8f82b05519d2b902d80359e76: 404 ms
Input: 5250000,
Cold Start: false
Unique ID: 016e078f1d87ad7cee054da3e378627a,
Execution Time for Trace ID 016e078f1d87ad7cee054da3e378627a: 357 ms
Input: 5250000,
Cold Start: false
Unique ID: 326eead28f7cd0127f18c9cf91fd79a8,
Execution Time for Trace ID 326eead28f7cd0127f18c9cf91fd79a8: 429 ms
Input: 5250000,
Cold Start: false
Unique ID: f1eaa8b40b454b15f0d8c381fa0b5930,
Execution Time for Trace ID f1eaa8b40b454b15f0d8c381fa0b5930: 391 ms
Input: 5250000,
Cold Start: false
Unique ID: 2b136527ddba3ec3cdb249d298f70dc9,
Execution Time for Trace ID 2b136527ddba3ec3cdb249d298f70dc9: 336 ms
Input: 5250000,
Cold Start: false
Unique ID: f1805e0436a5f0b6858c185b35a3a204,
Execution Time for Trace ID f1805e0436a5f0b6858c185b35a3a204: 383 ms
Input: 5250000,
Cold Start: false
Unique ID: 7ae6177b743291ad5b1817d166d702b5,
Execution Time for Trace ID 7ae6177b743291ad5b1817d166d702b5: 351 ms
Input: 5250000,
Cold Start: false
Unique ID: a1a41d39996129828ca6d5db8a1b4a51,
Execution Time for Trace ID a1a41d39996129828ca6d5db8a1b4a51: 437 ms
Input: 5250000,
Cold Start: false
Unique ID: 1b0bf4f31611b4c5c9438d44d27db188,
Execution Time for Trace ID 1b0bf4f31611b4c5c9438d44d27db188: 460 ms
Input: 5250000,
Cold Start: false
Unique ID: aaf0a9424dfc13fc45f746b6737018ef,
Execution Time for Trace ID aaf0a9424dfc13fc45f746b6737018ef: 353 ms
Input: 5250000,
Cold Start: false
Unique ID: 9afd51cbee04ca67a181830ad7380018,
Execution Time for Trace ID 9afd51cbee04ca67a181830ad7380018: 392 ms
Input: 5250000,
Cold Start: false
Unique ID: 23a18322352d1c060c690451e033b9ff,
Execution Time for Trace ID 23a18322352d1c060c690451e033b9ff: 354 ms
Input: 5250000,
Cold Start: false
Unique ID: 90dcd4e03d71b7357d741b6157ca6770,
Execution Time for Trace ID 90dcd4e03d71b7357d741b6157ca6770: 341 ms
Input: 5250000,
Cold Start: false
Unique ID: ce2f70c582dfb28328bdc17ce3a8666b,
Execution Time for Trace ID ce2f70c582dfb28328bdc17ce3a8666b: 348 ms
Input: 5250000,
Cold Start: false
Unique ID: 11f1f438a034c33029362fc49c9ef722,
Execution Time for Trace ID 11f1f438a034c33029362fc49c9ef722: 274 ms
Input: 5250000,
Cold Start: false
Unique ID: 8881c2986fc4c7ee4e49c86a0750716f,
Execution Time for Trace ID 8881c2986fc4c7ee4e49c86a0750716f: 372 ms
Input: 5250000,
Cold Start: false
Unique ID: bfdd1d081b6323b9e335bde93cfb796a,
Execution Time for Trace ID bfdd1d081b6323b9e335bde93cfb796a: 450 ms
Input: 5250000,
Cold Start: false
Unique ID: 119888fe15966970e1dbb0c62561dc24,
Execution Time for Trace ID 119888fe15966970e1dbb0c62561dc24: 345 ms
Input: 5250000,
Cold Start: false
Unique ID: 5b4cbc3d7402f3bd0a4289b93a05cb8d,
Execution Time for Trace ID 5b4cbc3d7402f3bd0a4289b93a05cb8d: 431 ms
Input: 5250000,
Cold Start: false
Unique ID: 76fc98a0380081ee1cf5ad31c05a98e2,
Execution Time for Trace ID 76fc98a0380081ee1cf5ad31c05a98e2: 367 ms
Input: 5250000,
Cold Start: false
Unique ID: c1fd1b34ec701619e83ab63e3bb0a412,
Execution Time for Trace ID c1fd1b34ec701619e83ab63e3bb0a412: 499 ms
Input: 5250000,
Cold Start: false
Unique ID: 836c78d0ce46533d192819523fb47316,
Execution Time for Trace ID 836c78d0ce46533d192819523fb47316: 452 ms
Input: 5250000,
Cold Start: false
Unique ID: 91ac3ccc5394334f14391688c2a2805b,
Execution Time for Trace ID 91ac3ccc5394334f14391688c2a2805b: 419 ms
Input: 5250000,
Cold Start: false
Unique ID: 9be0216e4f8d4efbefafb08c9761c3ae,
Execution Time for Trace ID 9be0216e4f8d4efbefafb08c9761c3ae: 382 ms
Input: 5250000,
Cold Start: false
Unique ID: 4c43c12d70e74924422c20665468dbe4,
Execution Time for Trace ID 4c43c12d70e74924422c20665468dbe4: 365 ms
Input: 5250000,
Cold Start: false
Unique ID: 03fd208ead16938037ff6faac29a1bc5,
Execution Time for Trace ID 03fd208ead16938037ff6faac29a1bc5: 351 ms
Input: 5250000,
Cold Start: false
Unique ID: bc88d776b7ab5a79f464260f868ea0c1,
Execution Time for Trace ID bc88d776b7ab5a79f464260f868ea0c1: 465 ms
Input: 5250000,
Cold Start: false
Unique ID: 36a299e3ef7ff2f01c48e26c80de8d58,
Execution Time for Trace ID 36a299e3ef7ff2f01c48e26c80de8d58: 352 ms
Input: 5250000,
Cold Start: false
Unique ID: f708fa53b58c78e4ada3e5f27d90b3f6,
Execution Time for Trace ID f708fa53b58c78e4ada3e5f27d90b3f6: 524 ms
Input: 5250000,
Cold Start: false
Unique ID: bc298f1ce75448e58003c94471e07c52,
Execution Time for Trace ID bc298f1ce75448e58003c94471e07c52: 444 ms
Input: 5250000,
Cold Start: false
Unique ID: 7bfaf56234b22f32de7b0496b767b35d,
Execution Time for Trace ID 7bfaf56234b22f32de7b0496b767b35d: 355 ms
Input: 5250000,
Cold Start: false
Unique ID: 5832fe143ff31c0f94185e31dda82e39,
Execution Time for Trace ID 5832fe143ff31c0f94185e31dda82e39: 342 ms
Input: 5250000,
Cold Start: false
Unique ID: 29484bd307cb477a986fbfeabcc7360f,
Execution Time for Trace ID 29484bd307cb477a986fbfeabcc7360f: 489 ms
Input: 5250000,
Cold Start: false
Unique ID: 96c137e56c3adedfd286ecfdc2daf890,
Execution Time for Trace ID 96c137e56c3adedfd286ecfdc2daf890: 356 ms
Input: 5250000,
Cold Start: false
Unique ID: 028fa859e05b0b9e34e6ca0871bae41e,
Execution Time for Trace ID 028fa859e05b0b9e34e6ca0871bae41e: 367 ms
Input: 5250000,
Cold Start: false
Unique ID: fcaee85072ac270ed05a51dd3573b6ce,
Execution Time for Trace ID fcaee85072ac270ed05a51dd3573b6ce: 510 ms
Input: 5250000,
Cold Start: false
Unique ID: 8f13e6bbb67ac3caed0f1abf0d11c769,
Execution Time for Trace ID 8f13e6bbb67ac3caed0f1abf0d11c769: 401 ms
Input: 5250000,
Cold Start: false
Unique ID: c19e0ebef5bc895a921596bcd67658ae,
Execution Time for Trace ID c19e0ebef5bc895a921596bcd67658ae: 409 ms
Input: 5250000,
Cold Start: false
Unique ID: c69ffcd1d269d6e962e3455bf05d6032,
Execution Time for Trace ID c69ffcd1d269d6e962e3455bf05d6032: 547 ms
Input: 5250000,
Cold Start: false
Unique ID: b765724876c8cb5f269a9114b5227fdb,
Execution Time for Trace ID b765724876c8cb5f269a9114b5227fdb: 372 ms
Input: 5250000,
Cold Start: false
Unique ID: acac7a6d181e6347b8d4b97062d385f2,
Execution Time for Trace ID acac7a6d181e6347b8d4b97062d385f2: 490 ms
Input: 5250000,
Cold Start: false
Unique ID: 282e14d3aa6a3b018df48a2bf95340f2,
Execution Time for Trace ID 282e14d3aa6a3b018df48a2bf95340f2: 441 ms
Input: 5250000,
Cold Start: false
Unique ID: eddf5dc166a2f6adcf74fb0dcefd1dd9,
Execution Time for Trace ID eddf5dc166a2f6adcf74fb0dcefd1dd9: 400 ms
Input: 5250000,
Cold Start: false
Unique ID: 812dc7271848a83e8cae93e359c41ed3,
Execution Time for Trace ID 812dc7271848a83e8cae93e359c41ed3: 360 ms
Input: 5250000,
Cold Start: false
Unique ID: 017b74e2247771409805c51254ee89dc,
Execution Time for Trace ID 017b74e2247771409805c51254ee89dc: 356 ms
Input: 5250000,
Cold Start: false
Unique ID: dfe37995dd559e7c5e948fed25aeb447,
Execution Time for Trace ID dfe37995dd559e7c5e948fed25aeb447: 399 ms
Input: 5250000,
Cold Start: false
Unique ID: 4706746c569c81cf81b8b6e726f0a71d,
Execution Time for Trace ID 4706746c569c81cf81b8b6e726f0a71d: 356 ms
Input: 5250000,
Cold Start: false
Unique ID: f4c4421a9391b8857159743b538c523c,
Execution Time for Trace ID f4c4421a9391b8857159743b538c523c: 348 ms
Input: 5250000,
Cold Start: false
Unique ID: d8a19abcbcc7226475c5af614c5823c8,
Execution Time for Trace ID d8a19abcbcc7226475c5af614c5823c8: 349 ms
Input: 5250000,
Cold Start: false
Unique ID: acde141d9285aa0f056a5182dcb8d344,
Execution Time for Trace ID acde141d9285aa0f056a5182dcb8d344: 342 ms
Input: 5250000,
Cold Start: false
Unique ID: 7e508a74a9164104d8c239d99d644a2a,
Execution Time for Trace ID 7e508a74a9164104d8c239d99d644a2a: 342 ms
Input: 5250000,
Cold Start: false
Unique ID: 9385e6a584157c2e44bee282441f585a,
Execution Time for Trace ID 9385e6a584157c2e44bee282441f585a: 419 ms
Input: 5250000,
Cold Start: false
Unique ID: e3c4dc5971f8b63a3535e92e7732f076,
Execution Time for Trace ID e3c4dc5971f8b63a3535e92e7732f076: 346 ms
Input: 5250000,
Cold Start: false
Unique ID: 2e21ce349b5ef65427e366b7c59a65a3,
Execution Time for Trace ID 2e21ce349b5ef65427e366b7c59a65a3: 352 ms
Input: 5250000,
Cold Start: false
Unique ID: d78f0a790494351bd8cc3bd9e28226a8,
Execution Time for Trace ID d78f0a790494351bd8cc3bd9e28226a8: 340 ms
Input: 5250000,
Cold Start: false
Unique ID: e5b09abae5013e604a55bbaa0c915b0e,
Execution Time for Trace ID e5b09abae5013e604a55bbaa0c915b0e: 342 ms
Input: 5250000,
Cold Start: false
Unique ID: 5f11476cf83ca07c4070694da0f4e217,
Execution Time for Trace ID 5f11476cf83ca07c4070694da0f4e217: 419 ms
Input: 5250000,
Cold Start: false
Unique ID: 34a8a629162827fba42c906f2a43a23a,
Execution Time for Trace ID 34a8a629162827fba42c906f2a43a23a: 407 ms
Input: 5250000,
Cold Start: false
Unique ID: 64d13f107a007eebc8dbfbe79aab9588,
Execution Time for Trace ID 64d13f107a007eebc8dbfbe79aab9588: 395 ms
Input: 5250000,
Cold Start: false
Unique ID: 13dc69c0f42b5d8ec27a8692d3bae86c,
Execution Time for Trace ID 13dc69c0f42b5d8ec27a8692d3bae86c: 346 ms
Input: 5250000,
Cold Start: false
Unique ID: 2c940f3a90e7226a972615d7d9541f62,
Execution Time for Trace ID 2c940f3a90e7226a972615d7d9541f62: 387 ms
Input: 5250000,
Cold Start: false
Unique ID: a1d7db269fe81224b3f98f66f7f385d0,
Execution Time for Trace ID a1d7db269fe81224b3f98f66f7f385d0: 362 ms
Input: 5250000,
Cold Start: false
Unique ID: 63321ed25f415551a7b2862a55ff4c33,
Execution Time for Trace ID 63321ed25f415551a7b2862a55ff4c33: 346 ms
Input: 5250000,
Cold Start: false
Unique ID: d40287d07a30c69de72ca3c36359399e,
Execution Time for Trace ID d40287d07a30c69de72ca3c36359399e: 363 ms
Input: 5250000,
Cold Start: false
Unique ID: 54ef7ea6b6987d2ce15999a6a14344e4,
Execution Time for Trace ID 54ef7ea6b6987d2ce15999a6a14344e4: 341 ms
Input: 5250000,
Cold Start: false
Unique ID: 448c14dd791bbf3f3b89f40de00b0e33,
Execution Time for Trace ID 448c14dd791bbf3f3b89f40de00b0e33: 338 ms
Input: 5250000,
Cold Start: false
Unique ID: ed54c22f6235540bb653283d3af1f9d6,
Execution Time for Trace ID ed54c22f6235540bb653283d3af1f9d6: 416 ms
Input: 5250000,
Cold Start: false
Unique ID: 36a41dcd745e98fea5ce824f6dea5d2c,
Execution Time for Trace ID 36a41dcd745e98fea5ce824f6dea5d2c: 489 ms
Input: 5250000,
Cold Start: false
Unique ID: 9b71b80ac659e03e8b5d56938c38150c,
Execution Time for Trace ID 9b71b80ac659e03e8b5d56938c38150c: 598 ms
Input: 5250000,
Cold Start: false
Unique ID: 9452b03d66e482f9813907fc65d1bb05,
Execution Time for Trace ID 9452b03d66e482f9813907fc65d1bb05: 360 ms
Input: 5250000,
Cold Start: false
Unique ID: 1314408b6bd20e88bb2035ce6c0b0c61,
Execution Time for Trace ID 1314408b6bd20e88bb2035ce6c0b0c61: 350 ms
Input: 5250000,
Cold Start: false
Unique ID: be1798a4383eb8588605a43734fe46f0,
Execution Time for Trace ID be1798a4383eb8588605a43734fe46f0: 347 ms
Input: 5250000,
Cold Start: false
Unique ID: 3fc974967fb7887f31e11b7324a01b56,
Execution Time for Trace ID 3fc974967fb7887f31e11b7324a01b56: 337 ms
Input: 5250000,
Cold Start: false
Unique ID: 5e3d35aea46ad5dde405042e4e510656,
Execution Time for Trace ID 5e3d35aea46ad5dde405042e4e510656: 355 ms
Input: 5250000,
Cold Start: false
Unique ID: ed7aa2f0ebd8d2f56a13b4fecaa0eca6,
Execution Time for Trace ID ed7aa2f0ebd8d2f56a13b4fecaa0eca6: 339 ms
Input: 5250000,
Cold Start: false
Unique ID: 9c50ea87c4a71bb7ad60e675e0640e22,
Execution Time for Trace ID 9c50ea87c4a71bb7ad60e675e0640e22: 361 ms
Input: 5250000,
Cold Start: false
Unique ID: f8fe3512402442773759de7d82c14f40,
Execution Time for Trace ID f8fe3512402442773759de7d82c14f40: 380 ms
Input: 5250000,
Cold Start: false
Unique ID: e7a98a548cde5834aedee283e7f86055,
Execution Time for Trace ID e7a98a548cde5834aedee283e7f86055: 347 ms
Input: 5250000,
Cold Start: false
Unique ID: 9f775af620163639937aab721943d5f9,
Execution Time for Trace ID 9f775af620163639937aab721943d5f9: 345 ms
Input: 5250000,
Cold Start: false
Unique ID: e8c28af214d4efd295b1d1fb15339988,
Execution Time for Trace ID e8c28af214d4efd295b1d1fb15339988: 364 ms
Input: 5250000,
Cold Start: false
Unique ID: cede6f5ae2b5d46042fec4082d5ddc70,
Execution Time for Trace ID cede6f5ae2b5d46042fec4082d5ddc70: 396 ms
Input: 5250000,
Cold Start: false
Unique ID: e38c9b5f5902172f362af59ed48003c7,
Execution Time for Trace ID e38c9b5f5902172f362af59ed48003c7: 342 ms
Input: 5250000,
Cold Start: false
Unique ID: b4c62e13db1ce9a8f7fa94252b8b7d82,
Execution Time for Trace ID b4c62e13db1ce9a8f7fa94252b8b7d82: 405 ms
Input: 5250000,
Cold Start: false
Unique ID: 716bfbf8923b8ec8eea9316cb8066c61,
Execution Time for Trace ID 716bfbf8923b8ec8eea9316cb8066c61: 387 ms
Input: 5250000,
Cold Start: false
Unique ID: 65b36b62acf7e0a22cbb2a25b6982d59,
Execution Time for Trace ID 65b36b62acf7e0a22cbb2a25b6982d59: 357 ms
Input: 5250000,
Cold Start: false
Unique ID: 4ec40cd54460c1d5308b480321fa78dc,
Execution Time for Trace ID 4ec40cd54460c1d5308b480321fa78dc: 385 ms
Input: 5250000,
Cold Start: false
Unique ID: 85c1fef179a7cd923c105554456c8eec,
Execution Time for Trace ID 85c1fef179a7cd923c105554456c8eec: 343 ms
Input: 5250000,
Cold Start: false
Unique ID: 574cf5f6573d8306f2f27fde85e0a238,
Execution Time for Trace ID 574cf5f6573d8306f2f27fde85e0a238: 345 ms
Input: 5250000,
Cold Start: false
Unique ID: acb84003ffdeceec22f7e19f46b2a4e8,
Execution Time for Trace ID acb84003ffdeceec22f7e19f46b2a4e8: 359 ms
Input: 5250000,
Cold Start: false
Unique ID: 9928ffddfe7a1c7044725f2331808400,
Execution Time for Trace ID 9928ffddfe7a1c7044725f2331808400: 347 ms
Input: 5250000,
Cold Start: false
Unique ID: 17290e8f1d0f2b2b8da46db1fc2f2671,
Execution Time for Trace ID 17290e8f1d0f2b2b8da46db1fc2f2671: 388 ms
Input: 5250000,
Cold Start: false
Unique ID: 14bd0187505c6c960d3ac5b1dea71794,
Execution Time for Trace ID 14bd0187505c6c960d3ac5b1dea71794: 346 ms
Input: 5250000,
Cold Start: false
Unique ID: 7d96f5fbf41e14a7e711188d2c918492,
Execution Time for Trace ID 7d96f5fbf41e14a7e711188d2c918492: 348 ms
Input: 5250000,
Cold Start: false
Unique ID: 7521454f0e10337280d2fdaa06c712fe,
Execution Time for Trace ID 7521454f0e10337280d2fdaa06c712fe: 346 ms
Input: 5250000,
Cold Start: false
Unique ID: 9650064e7e13bc27daa2389a4586e36f,
Execution Time for Trace ID 9650064e7e13bc27daa2389a4586e36f: 337 ms
Input: 5250000,
Cold Start: false
Unique ID: af46f06e0de4c8956b775a658e498713,
Execution Time for Trace ID af46f06e0de4c8956b775a658e498713: 383 ms
Input: 5250000,
Cold Start: false
Unique ID: 866ddb1f6ac08ed4f09dd4381d07d3a8,
Execution Time for Trace ID 866ddb1f6ac08ed4f09dd4381d07d3a8: 349 ms
Input: 5250000,
Cold Start: false
Unique ID: 50ad1978143ab5405fa6586e24c80407,
Execution Time for Trace ID 50ad1978143ab5405fa6586e24c80407: 342 ms
Input: 5250000,
Cold Start: false
Unique ID: 027868c56b1d5448f3b7b5a7155a2c49,
Execution Time for Trace ID 027868c56b1d5448f3b7b5a7155a2c49: 375 ms
Input: 5250000,
Cold Start: false
Unique ID: 5373eb4cd533cd75a20f99b1023158e1,
Execution Time for Trace ID 5373eb4cd533cd75a20f99b1023158e1: 340 ms
Input: 5250000,
Cold Start: false
Unique ID: aff8ffa0dee1e056ea34c509ca679cbf,
Execution Time for Trace ID aff8ffa0dee1e056ea34c509ca679cbf: 345 ms
Input: 5250000,
Cold Start: false
Unique ID: 6ef26a14ac0a997caa52b46f7f10cfd3,
Execution Time for Trace ID 6ef26a14ac0a997caa52b46f7f10cfd3: 405 ms
Input: 5250000,
Cold Start: false
Unique ID: 4309377cb1f19f42394519aa885ad8a2,
Execution Time for Trace ID 4309377cb1f19f42394519aa885ad8a2: 344 ms
Input: 5250000,
Cold Start: false
Unique ID: 9d07537118c39a9aba7bd940b6c6d145,
Execution Time for Trace ID 9d07537118c39a9aba7bd940b6c6d145: 397 ms
Input: 5250000,
Cold Start: false
Unique ID: b749cdbbf37f4b6cabe2169d6ba9ff5f,
Execution Time for Trace ID b749cdbbf37f4b6cabe2169d6ba9ff5f: 348 ms
Input: 5250000,
Cold Start: false
Unique ID: 20524aae0ab5b51a38b86787694bcde1,
Execution Time for Trace ID 20524aae0ab5b51a38b86787694bcde1: 384 ms
Input: 5250000,
Cold Start: false
Unique ID: 05d3fc8af7f0832877918c4f53a8beba,
Execution Time for Trace ID 05d3fc8af7f0832877918c4f53a8beba: 352 ms
Input: 5250000,
Cold Start: false
Unique ID: fadc8ac2ebe150a4fe2d6a587df16e44,
Execution Time for Trace ID fadc8ac2ebe150a4fe2d6a587df16e44: 531 ms
Input: 5250000,
Cold Start: false
Unique ID: b2d25d499735eb7cf36498ac70192fc3,
Execution Time for Trace ID b2d25d499735eb7cf36498ac70192fc3: 554 ms
Input: 5250000,
Cold Start: false
Unique ID: 841837bede91961fe36ef156fb126e8b,
Execution Time for Trace ID 841837bede91961fe36ef156fb126e8b: 348 ms
Input: 5250000,
Cold Start: false
Unique ID: a934cdfb8b6a0c047b5dae1f85b85105,
Execution Time for Trace ID a934cdfb8b6a0c047b5dae1f85b85105: 354 ms
Input: 5250000,
Cold Start: false
Unique ID: 888b1d0a3f066fed3627643890da32b1,
Execution Time for Trace ID 888b1d0a3f066fed3627643890da32b1: 420 ms
Input: 5250000,
Cold Start: false
Unique ID: e672c064b4f53c96de0cbb2f309c3946,
Execution Time for Trace ID e672c064b4f53c96de0cbb2f309c3946: 345 ms
Input: 5250000,
Cold Start: false
Unique ID: 377142d0e655be60e7f46c9c0250d655,
Execution Time for Trace ID 377142d0e655be60e7f46c9c0250d655: 353 ms
Input: 5250000,
Cold Start: false
Unique ID: c3f32a834783769fc72952dc9bfb845e,
Execution Time for Trace ID c3f32a834783769fc72952dc9bfb845e: 356 ms
Input: 5250000,
Cold Start: false
Unique ID: fe7e3f1ac246ee1562315a691bdf2325,
Execution Time for Trace ID fe7e3f1ac246ee1562315a691bdf2325: 385 ms
Input: 5250000,
Cold Start: false
Unique ID: 1f4a5115371d5d125738ad70c73049a4,
Execution Time for Trace ID 1f4a5115371d5d125738ad70c73049a4: 339 ms
Input: 5250000,
Cold Start: false
Unique ID: 68226ab9b8ac235bd9f13ef76689dedf,
Execution Time for Trace ID 68226ab9b8ac235bd9f13ef76689dedf: 348 ms
Input: 5250000,
Cold Start: false
Unique ID: 68da7431bdf99b3dfd59de3523276fc1,
Execution Time for Trace ID 68da7431bdf99b3dfd59de3523276fc1: 299 ms
Input: 5250000,
Cold Start: false
Unique ID: 9fe7f465e63b4a5d20ddebbbff56b826,
Execution Time for Trace ID 9fe7f465e63b4a5d20ddebbbff56b826: 342 ms
Input: 5250000,
Cold Start: false
Unique ID: f680758c677a1ac0738fdcedd409f0de,
Execution Time for Trace ID f680758c677a1ac0738fdcedd409f0de: 346 ms
Input: 5250000,
Cold Start: false
Unique ID: fef1cd219a39c69bbdb97df03ad5bca0,
Execution Time for Trace ID fef1cd219a39c69bbdb97df03ad5bca0: 408 ms
Input: 5250000,
Cold Start: false
Unique ID: a90d0c6bb1667fc1ac6baecc1ccfbd7a,
Execution Time for Trace ID a90d0c6bb1667fc1ac6baecc1ccfbd7a: 341 ms
Input: 5250000,
Cold Start: false
Unique ID: d9e47e01c5ecfa8401c093eb9aa2c2d7,
Execution Time for Trace ID d9e47e01c5ecfa8401c093eb9aa2c2d7: 389 ms
Input: 5250000,
Cold Start: false
Unique ID: 61fa08180ad090e523bc54797a0fa3dc,
Execution Time for Trace ID 61fa08180ad090e523bc54797a0fa3dc: 347 ms
Input: 5250000,
Cold Start: false
Unique ID: be574d60be98e8d4595c5bb9f807485e,
Execution Time for Trace ID be574d60be98e8d4595c5bb9f807485e: 386 ms
Input: 5250000,
Cold Start: false
Unique ID: 9234c8c3ff00f2afe388dc263a105e8f,
Execution Time for Trace ID 9234c8c3ff00f2afe388dc263a105e8f: 359 ms
Input: 5250000,
Cold Start: false
Unique ID: c91d18a563728ca2821fcdb57d8e9c7d,
Execution Time for Trace ID c91d18a563728ca2821fcdb57d8e9c7d: 443 ms
Input: 5250000,
Cold Start: false
Unique ID: b14da8ff97c16b1dd540b59c707c5bb1,
Execution Time for Trace ID b14da8ff97c16b1dd540b59c707c5bb1: 514 ms
Input: 5250000,
Cold Start: false
Unique ID: 27e29e8bf54cb6e94d1b14eafa6d8a96,
Execution Time for Trace ID 27e29e8bf54cb6e94d1b14eafa6d8a96: 334 ms
Input: 5250000,
Cold Start: false
Unique ID: 89c07dbd238a367d16dc3addac1e4fe0,
Execution Time for Trace ID 89c07dbd238a367d16dc3addac1e4fe0: 339 ms
Input: 5250000,
Cold Start: false
Unique ID: 3455b808b64591240ad22a6a9242c99f,
Execution Time for Trace ID 3455b808b64591240ad22a6a9242c99f: 402 ms
Input: 5250000,
Cold Start: false
Unique ID: bb5795ecc35ece95e74d6c5f1be9fcc0,
Execution Time for Trace ID bb5795ecc35ece95e74d6c5f1be9fcc0: 405 ms
Input: 5250000,
Cold Start: false
Unique ID: ccca321d25b1a1d04baaeb3ed47a80ff,
Execution Time for Trace ID ccca321d25b1a1d04baaeb3ed47a80ff: 370 ms
Input: 5250000,
Cold Start: false
Unique ID: 7dfa4008667291c4fdb1a063e897a6b6,
Execution Time for Trace ID 7dfa4008667291c4fdb1a063e897a6b6: 339 ms
Input: 5250000,
Cold Start: false
Unique ID: 1c5e369ec32a25d4915c2833d8edbf7e,
Execution Time for Trace ID 1c5e369ec32a25d4915c2833d8edbf7e: 382 ms
Input: 5250000,
Cold Start: false
Unique ID: 9a92e65b071f9f613f13846ca848c6d2,
Execution Time for Trace ID 9a92e65b071f9f613f13846ca848c6d2: 352 ms
Input: 5250000,
Cold Start: false
Unique ID: 885807be68c54b87ebe60f8bb12a756c,
Execution Time for Trace ID 885807be68c54b87ebe60f8bb12a756c: 403 ms
Input: 5250000,
Cold Start: false
Unique ID: 9cd4754883b9e9ff43c5215b9cf54c3a,
Execution Time for Trace ID 9cd4754883b9e9ff43c5215b9cf54c3a: 392 ms
Input: 5250000,
Cold Start: false
Unique ID: 5cd958c9419662f45a3a2dc4ca39a089,
Execution Time for Trace ID 5cd958c9419662f45a3a2dc4ca39a089: 347 ms
Input: 5250000,
Cold Start: false
Unique ID: acee0c794159033d8c70c92c4d275b87,
Execution Time for Trace ID acee0c794159033d8c70c92c4d275b87: 383 ms
Input: 5250000,
Cold Start: false
Unique ID: 4afc3d2cf914dbeeffef493b67541a7f,
Execution Time for Trace ID 4afc3d2cf914dbeeffef493b67541a7f: 356 ms
Input: 5250000,
Cold Start: false
Unique ID: 9389df21901f6310f7513d457262ba55,
Execution Time for Trace ID 9389df21901f6310f7513d457262ba55: 406 ms
Input: 5250000,
Cold Start: false
Unique ID: ffbb27a9f4b85f2eb55b0e220927af0f,
Execution Time for Trace ID ffbb27a9f4b85f2eb55b0e220927af0f: 369 ms
Input: 5250000,
Cold Start: false
Unique ID: 7fdc7b39d2355342438bdc4a92f3ba65,
Execution Time for Trace ID 7fdc7b39d2355342438bdc4a92f3ba65: 347 ms
Input: 5250000,
Cold Start: false
Unique ID: 8804141d83bb7b070b164d32a30c9810,
Execution Time for Trace ID 8804141d83bb7b070b164d32a30c9810: 388 ms
Input: 5250000,
Cold Start: false
Unique ID: e58d15e20fbd43b2a308e12b15181b7d,
Execution Time for Trace ID e58d15e20fbd43b2a308e12b15181b7d: 352 ms
Input: 5250000,
Cold Start: false
Unique ID: 4d6da7913dccb2136e5be7b0ecce085b,
Execution Time for Trace ID 4d6da7913dccb2136e5be7b0ecce085b: 348 ms
Input: 5250000,
Cold Start: false
Unique ID: 0970af75353e100dfdb1a063e897ab42,
Execution Time for Trace ID 0970af75353e100dfdb1a063e897ab42: 355 ms
Input: 5250000,
Cold Start: false
Unique ID: df9b6054e43a139c227df9242f95f5b4,
Execution Time for Trace ID df9b6054e43a139c227df9242f95f5b4: 341 ms
Input: 5250000,
Cold Start: false
Unique ID: 7ba5ab96a2ca8899f5105aa79cf49151,
Execution Time for Trace ID 7ba5ab96a2ca8899f5105aa79cf49151: 380 ms
Input: 5250000,
Cold Start: false
Unique ID: 060b53dc33937b769e4bab4d42f8c5b5,
Execution Time for Trace ID 060b53dc33937b769e4bab4d42f8c5b5: 367 ms
Input: 5250000,
Cold Start: false
Unique ID: d681c51e6023abf2d5fa48b3c69b7466,
Execution Time for Trace ID d681c51e6023abf2d5fa48b3c69b7466: 347 ms
Input: 5250000,
Cold Start: false
Unique ID: 16d4e348fe232ff688eb8410351d9077,
Execution Time for Trace ID 16d4e348fe232ff688eb8410351d9077: 361 ms
Input: 5250000,
Cold Start: false
Unique ID: 46b0041544ddde521829728ea1ffef3c,
Execution Time for Trace ID 46b0041544ddde521829728ea1ffef3c: 399 ms
Input: 5250000,
Cold Start: false
Unique ID: cd152f7ac8c40ef37d67b921ee3d52bf,
Execution Time for Trace ID cd152f7ac8c40ef37d67b921ee3d52bf: 368 ms
Input: 5250000,
Cold Start: false
Unique ID: ff12dfeb4efac48186fc88b434b9817a,
Execution Time for Trace ID ff12dfeb4efac48186fc88b434b9817a: 398 ms
Input: 5250000,
Cold Start: false
Unique ID: 489b2d775eec724dc12f654cd0b54489,
Execution Time for Trace ID 489b2d775eec724dc12f654cd0b54489: 475 ms
Input: 5250000,
Cold Start: false
Unique ID: ea1fd3d343f5f2e999a53c5c96b19802,
Execution Time for Trace ID ea1fd3d343f5f2e999a53c5c96b19802: 537 ms
Input: 5250000,
Cold Start: false
Unique ID: 5d8486c3c24bd55df2844d5a56445fa4,
Execution Time for Trace ID 5d8486c3c24bd55df2844d5a56445fa4: 346 ms
Input: 5250000,
Cold Start: false
Unique ID: fc4c5e1203c7a426f904497487c20d10,
Execution Time for Trace ID fc4c5e1203c7a426f904497487c20d10: 340 ms
Input: 5250000,
Cold Start: false
Unique ID: 99430c7e7dad7a4ee5552caf0abd3f3b,
Execution Time for Trace ID 99430c7e7dad7a4ee5552caf0abd3f3b: 406 ms
Input: 5250000,
Cold Start: false
Unique ID: 957ad18e0a9f519a1a6838a1ab949d5e,
Execution Time for Trace ID 957ad18e0a9f519a1a6838a1ab949d5e: 402 ms
Input: 5250000,
Cold Start: false
Unique ID: c2adc6724616350928b2338e40ff4a04,
Execution Time for Trace ID c2adc6724616350928b2338e40ff4a04: 396 ms
Input: 5250000,
Cold Start: false
Unique ID: 3c845a48a19449f622f1315ec75664df,
Execution Time for Trace ID 3c845a48a19449f622f1315ec75664df: 176 ms
Input: 5250000,
Cold Start: false
Unique ID: c700d6e922fba486388db2a491a743dd,
Execution Time for Trace ID c700d6e922fba486388db2a491a743dd: 387 ms
Input: 5250000,
Cold Start: false
Unique ID: 7b2044930b384b1f049bd2632137b610,
Execution Time for Trace ID 7b2044930b384b1f049bd2632137b610: 355 ms
Input: 5250000,
Cold Start: false
Unique ID: a5ac418033e15f4740a3a5d03658c138,
Execution Time for Trace ID a5ac418033e15f4740a3a5d03658c138: 300 ms
Input: 5250000,
Cold Start: false
Unique ID: 821d993b0b298a3f8ca23d9b96411e61,
Execution Time for Trace ID 821d993b0b298a3f8ca23d9b96411e61: 404 ms
Input: 5250000,
Cold Start: false
Unique ID: b202e67969c0b1a07023c264f39b1dd9,
Execution Time for Trace ID b202e67969c0b1a07023c264f39b1dd9: 341 ms
Input: 5250000,
Cold Start: false
Unique ID: d137cf8965d7712613c3fa95abde9853,
Execution Time for Trace ID d137cf8965d7712613c3fa95abde9853: 384 ms
Input: 5250000,
Cold Start: false
Unique ID: 5f8c7c75725dca087934defe7850b8d3,
Execution Time for Trace ID 5f8c7c75725dca087934defe7850b8d3: 358 ms
Input: 5250000,
Cold Start: false
Unique ID: 540dacca60262223d86328443c3ea78b,
Execution Time for Trace ID 540dacca60262223d86328443c3ea78b: 354 ms
Input: 5250000,
Cold Start: false
Unique ID: 68abbb65397a9611294db3ba03525c83,
Execution Time for Trace ID 68abbb65397a9611294db3ba03525c83: 411 ms
Input: 5250000,
Cold Start: false
Unique ID: efea419190e9ec70c4cc8a172b1007f2,
Execution Time for Trace ID efea419190e9ec70c4cc8a172b1007f2: 340 ms
Input: 5250000,
Cold Start: false
Unique ID: b8bcca9b071c0bf938e2dc67764db8f5,
Execution Time for Trace ID b8bcca9b071c0bf938e2dc67764db8f5: 381 ms
Input: 5250000,
Cold Start: false
Unique ID: 730dd3e2205bc692b02f8a1c86f2e540,
Execution Time for Trace ID 730dd3e2205bc692b02f8a1c86f2e540: 353 ms
Input: 5250000,
Cold Start: false
Unique ID: 5a3c39fb0faef299d4d7fbf598e6a85b,
Execution Time for Trace ID 5a3c39fb0faef299d4d7fbf598e6a85b: 346 ms
Input: 5250000,
Cold Start: false
Unique ID: 48fdb68a335270f728bbfbf5b25fd6f5,
Execution Time for Trace ID 48fdb68a335270f728bbfbf5b25fd6f5: 351 ms
Input: 5250000,
Cold Start: false
Unique ID: 0495b6fd7d3c05a8b5c5a4702129a529,
Execution Time for Trace ID 0495b6fd7d3c05a8b5c5a4702129a529: 344 ms
Input: 5250000,
Cold Start: false
Unique ID: a234ac3c155f6484908f2b1f5ed64075,
Execution Time for Trace ID a234ac3c155f6484908f2b1f5ed64075: 390 ms
Input: 5250000,
Cold Start: false
Unique ID: f847e0d396fa417fc2c5adcd70f4d463,
Execution Time for Trace ID f847e0d396fa417fc2c5adcd70f4d463: 359 ms
Input: 5250000,
Cold Start: false
Unique ID: cb8be143e0e97b9c5725ad46a0ae8c8d,
Execution Time for Trace ID cb8be143e0e97b9c5725ad46a0ae8c8d: 349 ms
Input: 5250000,
Cold Start: false
Unique ID: 8303e28a23bf47874643adb55508a8ae,
Execution Time for Trace ID 8303e28a23bf47874643adb55508a8ae: 394 ms
Input: 5250000,
Cold Start: false
Unique ID: 466571b9eabf9045379ea194cbc9731a,
Execution Time for Trace ID 466571b9eabf9045379ea194cbc9731a: 359 ms
Input: 5250000,
Cold Start: false
Unique ID: 01c7b8543d15f4a5cddb36352e735fa4,
Execution Time for Trace ID 01c7b8543d15f4a5cddb36352e735fa4: 336 ms
Input: 5250000,
Cold Start: false
Unique ID: c8b11c8f4f904f38f4798ea4b488c819,
Execution Time for Trace ID c8b11c8f4f904f38f4798ea4b488c819: 389 ms
Input: 5250000,
Cold Start: false
Unique ID: d3ad61c96e2bf9c510d18c30aa9d6ec9,
Execution Time for Trace ID d3ad61c96e2bf9c510d18c30aa9d6ec9: 402 ms
Input: 5250000,
Cold Start: false
Unique ID: 6ab7b4150eda4911bb18c3409e8b3cd9,
Execution Time for Trace ID 6ab7b4150eda4911bb18c3409e8b3cd9: 390 ms
Input: 5250000,
Cold Start: false
Unique ID: bf31c66bd2b77f8b8aba26e1f3eb8af0,
Execution Time for Trace ID bf31c66bd2b77f8b8aba26e1f3eb8af0: 230 ms
Input: 5250000,
Cold Start: false
Unique ID: 5f42c3e4b6281ec6b947c0e61fad6008,
Execution Time for Trace ID 5f42c3e4b6281ec6b947c0e61fad6008: 329 ms
Input: 5250000,
Cold Start: false
Unique ID: b8ad20b672e4e06d62895c4f985ebbb9,
Execution Time for Trace ID b8ad20b672e4e06d62895c4f985ebbb9: 350 ms
Input: 5250000,
Cold Start: false
Unique ID: 5ea8716b1ffe547e7cc6dee21f0afe41,
Execution Time for Trace ID 5ea8716b1ffe547e7cc6dee21f0afe41: 410 ms
Input: 5250000,
Cold Start: false
Unique ID: a9400975e1f3aa498a85a7f46628ce28,
Execution Time for Trace ID a9400975e1f3aa498a85a7f46628ce28: 369 ms
Input: 5250000,
Cold Start: false
Unique ID: 7060f2f7b11e9d0f9048047f4d4c00a9,
Execution Time for Trace ID 7060f2f7b11e9d0f9048047f4d4c00a9: 353 ms
Input: 5250000,
Cold Start: false
Unique ID: 940bf1a8aaf25de841a7455e989f30da,
Execution Time for Trace ID 940bf1a8aaf25de841a7455e989f30da: 380 ms
Input: 5250000,
Cold Start: false
Unique ID: feecc314b7ae50f847de07dd58929e78,
Execution Time for Trace ID feecc314b7ae50f847de07dd58929e78: 337 ms
Input: 5250000,
Cold Start: false
Unique ID: bcada7a42bc1fd485e8c3000b94eaa46,
Execution Time for Trace ID bcada7a42bc1fd485e8c3000b94eaa46: 409 ms
Input: 5250000,
Cold Start: false
Unique ID: 4687169ce79bcb3c6437c484ce0f8f77,
Execution Time for Trace ID 4687169ce79bcb3c6437c484ce0f8f77: 361 ms
Input: 5250000,
Cold Start: false
Unique ID: c3ebe2f65f570d2458fbbf9eabfd3c22,
Execution Time for Trace ID c3ebe2f65f570d2458fbbf9eabfd3c22: 360 ms
Input: 5250000,
Cold Start: false
Unique ID: 83048c94a63f954cd996aa190a209a06,
Execution Time for Trace ID 83048c94a63f954cd996aa190a209a06: 383 ms
Input: 5250000,
Cold Start: false
Unique ID: 95bb22d82d3430c4791af2d9898f9594,
Execution Time for Trace ID 95bb22d82d3430c4791af2d9898f9594: 340 ms
Input: 5250000,
Cold Start: false
Unique ID: 1f843e46b7c49a74d9e73a521f723f76,
Execution Time for Trace ID 1f843e46b7c49a74d9e73a521f723f76: 346 ms
Input: 5250000,
Cold Start: false
Unique ID: 77adab9922adad8557cf1fac27a75231,
Execution Time for Trace ID 77adab9922adad8557cf1fac27a75231: 352 ms
Input: 5250000,
Cold Start: false
Unique ID: b4dba82ff3aec774e9337266c9a918ef,
Execution Time for Trace ID b4dba82ff3aec774e9337266c9a918ef: 336 ms
Input: 5250000,
Cold Start: false
Unique ID: caebea759bd31a992b3364ed013f867b,
Execution Time for Trace ID caebea759bd31a992b3364ed013f867b: 397 ms
Input: 5250000,
Cold Start: false
Unique ID: 4a55465d826647c67973a3a952bc72e8,
Execution Time for Trace ID 4a55465d826647c67973a3a952bc72e8: 357 ms
Input: 5250000,
Cold Start: false
Unique ID: 288a04bf4e046876cbc5d7763b427969,
Execution Time for Trace ID 288a04bf4e046876cbc5d7763b427969: 612 ms
Input: 5250000,
Cold Start: false
Unique ID: d72c854fa76f0246061ac4bc47ff7820,
Execution Time for Trace ID d72c854fa76f0246061ac4bc47ff7820: 587 ms
Input: 5250000,
Cold Start: false
Unique ID: 78a9d4f525ae606aeedf10542666fd02,
Execution Time for Trace ID 78a9d4f525ae606aeedf10542666fd02: 337 ms
Input: 5250000,
Cold Start: false
Unique ID: 8d4cf5c9f0e33a0fd50e1bec74d16dd9,
Execution Time for Trace ID 8d4cf5c9f0e33a0fd50e1bec74d16dd9: 381 ms
Input: 5250000,
Cold Start: false
Unique ID: b26bdde75cb176b2f935007a75d69697,
Execution Time for Trace ID b26bdde75cb176b2f935007a75d69697: 366 ms
Input: 5250000,
Cold Start: false
Unique ID: cf7bc6a7d6f26c0d2848c0c6474f2e91,
Execution Time for Trace ID cf7bc6a7d6f26c0d2848c0c6474f2e91: 532 ms
Input: 5250000,
Cold Start: false
Unique ID: 0de2b7b3706d1110df35000083854a92,
Execution Time for Trace ID 0de2b7b3706d1110df35000083854a92: 559 ms
Input: 5250000,
Cold Start: false
Unique ID: decc6ae4960a7882204d9f7663f7cebb,
Execution Time for Trace ID decc6ae4960a7882204d9f7663f7cebb: 350 ms
Input: 5250000,
Cold Start: false
Unique ID: 12b7fbe1936a6cffa4c23d24db12045e,
Execution Time for Trace ID 12b7fbe1936a6cffa4c23d24db12045e: 398 ms
Input: 5250000,
Cold Start: false
Unique ID: 835a848617f31de12e45676f171ce4e8,
Execution Time for Trace ID 835a848617f31de12e45676f171ce4e8: 359 ms
Input: 5250000,
Cold Start: false
Unique ID: e9a70d5e109a40b0297c7dd4f545afeb,
Execution Time for Trace ID e9a70d5e109a40b0297c7dd4f545afeb: 401 ms
Input: 5250000,
Cold Start: false
Unique ID: 67bd6c8b743b4e3951cf3005eb111517,
Execution Time for Trace ID 67bd6c8b743b4e3951cf3005eb111517: 360 ms
Input: 5250000,
Cold Start: false
Unique ID: 40eeec2734660e51fb97b9bad4f923d6,
Execution Time for Trace ID 40eeec2734660e51fb97b9bad4f923d6: 184 ms
Input: 5250000,
Cold Start: false
Unique ID: 9bbe1622ec2ddffb0f0f4eff0bbcc004,
Execution Time for Trace ID 9bbe1622ec2ddffb0f0f4eff0bbcc004: 363 ms
Input: 5250000,
Cold Start: false
Unique ID: 53e0cf64abbb6856a78ef1aeaa61d551,
Execution Time for Trace ID 53e0cf64abbb6856a78ef1aeaa61d551: 342 ms
Input: 5250000,
Cold Start: false
Unique ID: 0af44cd84b2e229c3880bd0a0896791a,
Execution Time for Trace ID 0af44cd84b2e229c3880bd0a0896791a: 483 ms
Input: 5250000,
Cold Start: false
Unique ID: c361073663c5f9cec547301ccbffa09a,
Execution Time for Trace ID c361073663c5f9cec547301ccbffa09a: 599 ms
Input: 5250000,
Cold Start: false
Unique ID: eb2ac080f529c464de04fb5c08dbf37c,
Execution Time for Trace ID eb2ac080f529c464de04fb5c08dbf37c: 349 ms
Input: 5250000,
Cold Start: false
Unique ID: 4733c0dc2884026fa3ef6d209e937d9d,
Execution Time for Trace ID 4733c0dc2884026fa3ef6d209e937d9d: 385 ms
Input: 5250000,
Cold Start: false
Unique ID: a73c0f3e1239d66675ee842930b67159,
Execution Time for Trace ID a73c0f3e1239d66675ee842930b67159: 341 ms
Input: 5250000,
Cold Start: false
Unique ID: 9533e962d02c93cd4ea1f151da270107,
Execution Time for Trace ID 9533e962d02c93cd4ea1f151da270107: 348 ms
Input: 5250000,
Cold Start: false
Unique ID: 662b3370d7998d26fdb94c8805424049,
Execution Time for Trace ID 662b3370d7998d26fdb94c8805424049: 352 ms
Input: 5250000,
Cold Start: false
Unique ID: 9a12af432abbf9a03bf31fa1ade20a36,
Execution Time for Trace ID 9a12af432abbf9a03bf31fa1ade20a36: 356 ms
Input: 5250000,
Cold Start: false
Unique ID: ce8ff7834054bc12a1cd73ea0b8299d6,
Execution Time for Trace ID ce8ff7834054bc12a1cd73ea0b8299d6: 384 ms
Input: 5250000,
Cold Start: false
Unique ID: dade87588f032621c084c2a6c23d6add,
Execution Time for Trace ID dade87588f032621c084c2a6c23d6add: 348 ms
Input: 5250000,
Cold Start: false
Unique ID: c2a06b480bb78e6ebbbe2da6afb64413,
Execution Time for Trace ID c2a06b480bb78e6ebbbe2da6afb64413: 404 ms
Input: 5250000,
Cold Start: false
Unique ID: d4a572087d1ef332df07890b3f6b83ad,
Execution Time for Trace ID d4a572087d1ef332df07890b3f6b83ad: 361 ms
Input: 5250000,
Cold Start: false
Unique ID: 97d9b198e57e57998f207099efc3b472,
Execution Time for Trace ID 97d9b198e57e57998f207099efc3b472: 344 ms
Input: 5250000,
Cold Start: false
Unique ID: 4ea5ec24512d6a0b15accf54ffb66139,
Execution Time for Trace ID 4ea5ec24512d6a0b15accf54ffb66139: 390 ms
Input: 5250000,
Cold Start: false
Unique ID: 0da10289556ab08404f9b09703954b78,
Execution Time for Trace ID 0da10289556ab08404f9b09703954b78: 355 ms
Input: 5250000,
Cold Start: false
Unique ID: 476f9461b564bfb9848973c0e562c589,
Execution Time for Trace ID 476f9461b564bfb9848973c0e562c589: 348 ms
Input: 5250000,
Cold Start: false
Unique ID: 44b7188c1fe2d3f0b3702a72b47a025b,
Execution Time for Trace ID 44b7188c1fe2d3f0b3702a72b47a025b: 354 ms
Input: 5250000,
Cold Start: false
Unique ID: a8b492f977375e86e08d61dd6f4ed27e,
Execution Time for Trace ID a8b492f977375e86e08d61dd6f4ed27e: 348 ms
Input: 5250000,
Cold Start: false
Unique ID: 0a089491129fbdf924763975b40b87c1,
Execution Time for Trace ID 0a089491129fbdf924763975b40b87c1: 396 ms
Input: 5250000,
Cold Start: false
Unique ID: 39172c14aebc9661fed7a28f5082a98b,
Execution Time for Trace ID 39172c14aebc9661fed7a28f5082a98b: 358 ms
Input: 5250000,
Cold Start: false
Unique ID: 5fd94a8ef376748961e31d4fe76a5b4d,
Execution Time for Trace ID 5fd94a8ef376748961e31d4fe76a5b4d: 406 ms
Input: 5250000,
Cold Start: false
Unique ID: fbf39b7b5eff0f9bfeeafeb9cead8ad9,
Execution Time for Trace ID fbf39b7b5eff0f9bfeeafeb9cead8ad9: 389 ms
Input: 5250000,
Cold Start: false
Unique ID: fbd48abfbdd3f42d1b2b1824ef299df7,
Execution Time for Trace ID fbd48abfbdd3f42d1b2b1824ef299df7: 344 ms
Input: 5250000,
Cold Start: false
Unique ID: f829634cfb869344abd4ea062bec9617,
Execution Time for Trace ID f829634cfb869344abd4ea062bec9617: 390 ms
Input: 5250000,
Cold Start: false
Unique ID: 0263b9a0e9e4b0ce6736003d2b735a74,
Execution Time for Trace ID 0263b9a0e9e4b0ce6736003d2b735a74: 353 ms
Input: 5250000,
Cold Start: false
Unique ID: 649602aab98aa75d44a4ce3352a27edf,
Execution Time for Trace ID 649602aab98aa75d44a4ce3352a27edf: 341 ms
Input: 5250000,
Cold Start: false
Unique ID: 83466ba8997ab36fdabbff701f431883,
Execution Time for Trace ID 83466ba8997ab36fdabbff701f431883: 356 ms
Input: 5250000,
Cold Start: false
Unique ID: f17d328e9f99179f17f4f95c458af284,
Execution Time for Trace ID f17d328e9f99179f17f4f95c458af284: 357 ms
Input: 5250000,
Cold Start: false
Unique ID: f1a5ff2f200d71f626c438c428cb4181,
Execution Time for Trace ID f1a5ff2f200d71f626c438c428cb4181: 397 ms
Input: 5250000,
Cold Start: false
Unique ID: abde29e78268e03c03c9a7154e23da3d,
Execution Time for Trace ID abde29e78268e03c03c9a7154e23da3d: 346 ms
Input: 5250000,
Cold Start: false
Unique ID: 0265a6e7c29ade323a7f50c84e618e3d,
Execution Time for Trace ID 0265a6e7c29ade323a7f50c84e618e3d: 345 ms
Input: 5250000,
Cold Start: false
Unique ID: ca0a81e3e1d4cfad3837c4db2bfe632a,
Execution Time for Trace ID ca0a81e3e1d4cfad3837c4db2bfe632a: 391 ms
Input: 5250000,
Cold Start: false
Unique ID: f3004471836c377e0e2d61b0575524cf,
Execution Time for Trace ID f3004471836c377e0e2d61b0575524cf: 178 ms
Input: 5250000,
Cold Start: false
Unique ID: 67906ce9bbbf7813d3c250f3865e3265,
Execution Time for Trace ID 67906ce9bbbf7813d3c250f3865e3265: 340 ms
Input: 5250000,
Cold Start: false
Unique ID: 452eadf7dee952046f485ffa060676a6,
Execution Time for Trace ID 452eadf7dee952046f485ffa060676a6: 362 ms
Input: 5250000,
Cold Start: false
Unique ID: 597480c0672eb8c9856417dec5f62927,
Execution Time for Trace ID 597480c0672eb8c9856417dec5f62927: 406 ms
Input: 5250000,
Cold Start: false
Unique ID: fee75abea9e51fd7a185a427a9bfb92e,
Execution Time for Trace ID fee75abea9e51fd7a185a427a9bfb92e: 402 ms
Input: 5250000,
Cold Start: false
Unique ID: 6853191befc7a3b93eb070aae4005949,
Execution Time for Trace ID 6853191befc7a3b93eb070aae4005949: 353 ms
Input: 5250000,
Cold Start: false
Unique ID: ecd730276a5679786f38ef92fcc98e79,
Execution Time for Trace ID ecd730276a5679786f38ef92fcc98e79: 404 ms
Input: 5250000,
Cold Start: false
Unique ID: efa7d82f82680aef53f263c5e8388468,
Execution Time for Trace ID efa7d82f82680aef53f263c5e8388468: 359 ms
Input: 5250000,
Cold Start: false
Unique ID: 43984978121df06d8c3d47bbf0657426,
Execution Time for Trace ID 43984978121df06d8c3d47bbf0657426: 344 ms
Input: 5250000,
Cold Start: false
Unique ID: 056f57c40cd953e1f2d53be9f9221082,
Execution Time for Trace ID 056f57c40cd953e1f2d53be9f9221082: 353 ms
Input: 5250000,
Cold Start: false
Unique ID: a15810c124ae44a5b5f1dd7a2b174ea1,
Execution Time for Trace ID a15810c124ae44a5b5f1dd7a2b174ea1: 370 ms
Input: 5250000,
Cold Start: false
Unique ID: eb16b176c7b1f31bb4203e2e633770bd,
Execution Time for Trace ID eb16b176c7b1f31bb4203e2e633770bd: 396 ms
Input: 5250000,
Cold Start: false
Unique ID: cb69ca603a8e23f7e87682a9366c8169,
Execution Time for Trace ID cb69ca603a8e23f7e87682a9366c8169: 367 ms
Input: 5250000,
Cold Start: false
Unique ID: 35a5211d0a6389fa4ba946ef0d1ae135,
Execution Time for Trace ID 35a5211d0a6389fa4ba946ef0d1ae135: 346 ms
Input: 5250000,
Cold Start: false
Unique ID: a8f00ccd728155f9733b02d132b43317,
Execution Time for Trace ID a8f00ccd728155f9733b02d132b43317: 355 ms
Input: 5250000,
Cold Start: false
Unique ID: b61df045d3ba95a1e00ed2a4c7d089ee,
Execution Time for Trace ID b61df045d3ba95a1e00ed2a4c7d089ee: 357 ms
Input: 5250000,
Cold Start: false
Unique ID: fbda28b24d295a729e2f1c63acf9851f,
Execution Time for Trace ID fbda28b24d295a729e2f1c63acf9851f: 224 ms
Input: 5250000,
Cold Start: false
Unique ID: e3a8d436d6cd0a0fe21d7a4e4eef185b,
Execution Time for Trace ID e3a8d436d6cd0a0fe21d7a4e4eef185b: 350 ms
Input: 5250000,
Cold Start: false
Unique ID: 5c6d9add9d3205e462eb9f16defc56e0,
Execution Time for Trace ID 5c6d9add9d3205e462eb9f16defc56e0: 403 ms
Input: 5250000,
Cold Start: false
Unique ID: ccd16a0ab2930e571262cdf5371d04ec,
Execution Time for Trace ID ccd16a0ab2930e571262cdf5371d04ec: 427 ms
Input: 5250000,
Cold Start: false
Unique ID: feab9c27660715387c0770b256c97667,
Execution Time for Trace ID feab9c27660715387c0770b256c97667: 343 ms
Input: 5250000,
Cold Start: false
Unique ID: fb68e9be2c4b596857128811fe4b18c8,
Execution Time for Trace ID fb68e9be2c4b596857128811fe4b18c8: 366 ms
Input: 5250000,
Cold Start: false
Unique ID: f59c79aa13e955d3940875b7cea86b15,
Execution Time for Trace ID f59c79aa13e955d3940875b7cea86b15: 354 ms
Input: 5250000,
Cold Start: false
Unique ID: 396c0800a86e6a3e525742f82382fb76,
Execution Time for Trace ID 396c0800a86e6a3e525742f82382fb76: 387 ms
Input: 5250000,
Cold Start: false
Unique ID: c785ebdce13c7d17bce6ed53a847d47c,
Execution Time for Trace ID c785ebdce13c7d17bce6ed53a847d47c: 487 ms
Input: 5250000,
Cold Start: false
Unique ID: a9d47ea386af8533513002bdc00d0e74,
Execution Time for Trace ID a9d47ea386af8533513002bdc00d0e74: 362 ms
Input: 5250000,
Cold Start: false
Unique ID: 394b161922c2d652b1c1d318df8c3098,
Execution Time for Trace ID 394b161922c2d652b1c1d318df8c3098: 382 ms
Input: 5250000,
Cold Start: false
Unique ID: c7ac3f82fd0d1d5e0d8eedcb03b006fe,
Execution Time for Trace ID c7ac3f82fd0d1d5e0d8eedcb03b006fe: 371 ms
Input: 5250000,
Cold Start: false
Unique ID: 8e020b0db7ac5c484adbac96a9f8e65e,
Execution Time for Trace ID 8e020b0db7ac5c484adbac96a9f8e65e: 384 ms
Input: 5250000,
Cold Start: false
Unique ID: c0aee486e8f001f2c9e727cb853c599a,
Execution Time for Trace ID c0aee486e8f001f2c9e727cb853c599a: 377 ms
Input: 5250000,
Cold Start: false
Unique ID: 76544290f1d841e671001432a94dedf2,
Execution Time for Trace ID 76544290f1d841e671001432a94dedf2: 433 ms
Input: 5250000,
Cold Start: false
Unique ID: 14a14c8c54ef36feca60dca6eefb9cdc,
Execution Time for Trace ID 14a14c8c54ef36feca60dca6eefb9cdc: 359 ms
Input: 5250000,
Cold Start: false
Unique ID: 038b91f79ecdb055a796e738ab5a1f3d,
Execution Time for Trace ID 038b91f79ecdb055a796e738ab5a1f3d: 420 ms
Input: 5250000,
Cold Start: false
Unique ID: c950fde322b43f16a7f7552ecf9039bd,
Execution Time for Trace ID c950fde322b43f16a7f7552ecf9039bd: 378 ms
Input: 5250000,
Cold Start: false
Unique ID: a85e07bec4cf4cd35540f2ec1edabd30,
Execution Time for Trace ID a85e07bec4cf4cd35540f2ec1edabd30: 422 ms
Input: 5250000,
Cold Start: false
Unique ID: dcd0e739c009325ea174cf99e5616d39,
Execution Time for Trace ID dcd0e739c009325ea174cf99e5616d39: 362 ms
Input: 5250000,
Cold Start: false
Unique ID: 46e4dc48adc4ae946a56a7094a9c8af2,
Execution Time for Trace ID 46e4dc48adc4ae946a56a7094a9c8af2: 396 ms
Input: 5250000,
Cold Start: false
Unique ID: 968eec275793e5d67947d71e753a61b4,
Execution Time for Trace ID 968eec275793e5d67947d71e753a61b4: 354 ms
Input: 5250000,
Cold Start: false
Unique ID: b7dcb4954e5fa7e8d7463d0096f3ffab,
Execution Time for Trace ID b7dcb4954e5fa7e8d7463d0096f3ffab: 346 ms
Input: 5250000,
Cold Start: false
Unique ID: b01f247670779709da02d27d4ddc0e89,
Execution Time for Trace ID b01f247670779709da02d27d4ddc0e89: 361 ms
Input: 5250000,
Cold Start: false
Unique ID: 25e8956ab742c87f145921242e182050,
Execution Time for Trace ID 25e8956ab742c87f145921242e182050: 357 ms
Input: 5250000,
Cold Start: false
Unique ID: 7e4cd1686208b457ea6ab350f65d2835,
Execution Time for Trace ID 7e4cd1686208b457ea6ab350f65d2835: 392 ms
Input: 5250000,
Cold Start: false
Unique ID: 89a8573cb12e23a448898b52ce927baf,
Execution Time for Trace ID 89a8573cb12e23a448898b52ce927baf: 358 ms
Input: 5250000,
Cold Start: false
Unique ID: ba4a6f3f29e98877885f26ae88b1b999,
Execution Time for Trace ID ba4a6f3f29e98877885f26ae88b1b999: 349 ms
Input: 5250000,
Cold Start: false
Unique ID: ad8ec25288bb2b64f11f3f3d0dfffad8,
Execution Time for Trace ID ad8ec25288bb2b64f11f3f3d0dfffad8: 358 ms
Input: 5250000,
Cold Start: false
Unique ID: 49d67c541c2aac85ff52415c3824485f,
Execution Time for Trace ID 49d67c541c2aac85ff52415c3824485f: 353 ms
Input: 5250000,
Cold Start: false
Unique ID: 1133aadcfd5c0ac859e358a49b985a46,
Execution Time for Trace ID 1133aadcfd5c0ac859e358a49b985a46: 409 ms
Input: 5250000,
Cold Start: false
Unique ID: 1fc763e6bf53caa4d9e4ae5f550a058d,
Execution Time for Trace ID 1fc763e6bf53caa4d9e4ae5f550a058d: 358 ms
Input: 5250000,
Cold Start: false
Unique ID: 83c2d604a874e18d1203604876f7e45c,
Execution Time for Trace ID 83c2d604a874e18d1203604876f7e45c: 396 ms
Input: 5250000,
Cold Start: false
Unique ID: be5b151e1b6e3ab60f6ae5b7634aed44,
Execution Time for Trace ID be5b151e1b6e3ab60f6ae5b7634aed44: 531 ms
Input: 5250000,
Cold Start: false
Unique ID: 37b55ff6cb51aff7bdbe8e3dc19d77d9,
Execution Time for Trace ID 37b55ff6cb51aff7bdbe8e3dc19d77d9: 362 ms
Input: 5250000,
Cold Start: false
Unique ID: ea8b76499a4c2e0c71b8a6223e35103e,
Execution Time for Trace ID ea8b76499a4c2e0c71b8a6223e35103e: 344 ms
Input: 5250000,
Cold Start: false
Unique ID: de9c9aa27565efae99d1b03ce1fc5c3c,
Execution Time for Trace ID de9c9aa27565efae99d1b03ce1fc5c3c: 496 ms
Input: 5250000,
Cold Start: false
Unique ID: 643019332198c735348c0ee66fac826a,
Execution Time for Trace ID 643019332198c735348c0ee66fac826a: 461 ms
Input: 5250000,
Cold Start: false
Unique ID: 17c4539b30690b4b3efa4ed5efb75be1,
Execution Time for Trace ID 17c4539b30690b4b3efa4ed5efb75be1: 424 ms
Input: 5250000,
Cold Start: false
Unique ID: c6ac424ca09a7488857c48af3dcaeacb,
Execution Time for Trace ID c6ac424ca09a7488857c48af3dcaeacb: 359 ms
Input: 5250000,
Cold Start: false
Unique ID: ead8b8e116c472e6a0c9db138c35f347,
Execution Time for Trace ID ead8b8e116c472e6a0c9db138c35f347: 461 ms
Input: 5250000,
Cold Start: false
Unique ID: c9193c6f408510f2c688058e50f4ee4e,
Execution Time for Trace ID c9193c6f408510f2c688058e50f4ee4e: 519 ms
Input: 5250000,
Cold Start: false
Unique ID: 48a958d54339ab1ada5df7070466ef8d,
Execution Time for Trace ID 48a958d54339ab1ada5df7070466ef8d: 605 ms
Input: 5250000,
Cold Start: false
Unique ID: 7e0ed93c27f22a9eed60e606bc87018a,
Execution Time for Trace ID 7e0ed93c27f22a9eed60e606bc87018a: 582 ms
Input: 5250000,
Cold Start: false
Unique ID: 51fe7cbacb29c34aa35da45e2351077e,
Execution Time for Trace ID 51fe7cbacb29c34aa35da45e2351077e: 454 ms
Input: 5250000,
Cold Start: false
Unique ID: 25f9c4b2488bf8c73418c5f6eea8ba59,
Execution Time for Trace ID 25f9c4b2488bf8c73418c5f6eea8ba59: 426 ms
Input: 5250000,
Cold Start: false
Unique ID: 9f9183bbabaf59fb4c75dc9f6a3c9613,
Execution Time for Trace ID 9f9183bbabaf59fb4c75dc9f6a3c9613: 452 ms
Input: 5250000,
Cold Start: false
Unique ID: 46ce30f80ee4d2ed1003bce8b05f98d6,
Execution Time for Trace ID 46ce30f80ee4d2ed1003bce8b05f98d6: 408 ms
Input: 5250000,
Cold Start: false
Unique ID: 1ecf742bd64fae4e50950b0e5688c50d,
Execution Time for Trace ID 1ecf742bd64fae4e50950b0e5688c50d: 364 ms
Input: 5250000,
Cold Start: false
Unique ID: 60c367539bb0402b47f7172c085c97ef,
Execution Time for Trace ID 60c367539bb0402b47f7172c085c97ef: 357 ms
Input: 5250000,
Cold Start: false
Unique ID: c0493642fa08c07d1041f5e9c1f7a4a9,
Execution Time for Trace ID c0493642fa08c07d1041f5e9c1f7a4a9: 419 ms
Input: 5250000,
Cold Start: false
Unique ID: 83c2075d539165dab9c1819a6dca2913,
Execution Time for Trace ID 83c2075d539165dab9c1819a6dca2913: 1327 ms
Input: 5250000,
Cold Start: false
Unique ID: b8a58b37e19d87b3c6c18e218e768099,
Execution Time for Trace ID b8a58b37e19d87b3c6c18e218e768099: 394 ms
Input: 5250000,
Cold Start: false
Unique ID: 93f4271631d9eee4077373d2514ef079,
Execution Time for Trace ID 93f4271631d9eee4077373d2514ef079: 1100 ms
Input: 5250000,
Cold Start: false
Unique ID: 559cd86814d3d47fd7556b423f1a7b3e,
Execution Time for Trace ID 559cd86814d3d47fd7556b423f1a7b3e: 346 ms
Input: 5250000,
Cold Start: false
Unique ID: c83aa74ae2182627931b0439565ef086,
Execution Time for Trace ID c83aa74ae2182627931b0439565ef086: 403 ms
Input: 5250000,
Cold Start: false
Unique ID: c89e5685cffc36bc8d281808b6f20ea9,
Execution Time for Trace ID c89e5685cffc36bc8d281808b6f20ea9: 378 ms
Input: 5250000,
Cold Start: false
Unique ID: f1131cdb8345a872222b75581d77ae8a,
Execution Time for Trace ID f1131cdb8345a872222b75581d77ae8a: 392 ms
Input: 5250000,
Cold Start: false
Unique ID: 7f64d468e6e54cab21c877123d107dd5,
Execution Time for Trace ID 7f64d468e6e54cab21c877123d107dd5: 667 ms
Input: 5250000,
Cold Start: false
Unique ID: 986e0c76db5be5f387231d50f910a1b8,
Execution Time for Trace ID 986e0c76db5be5f387231d50f910a1b8: 339 ms
Input: 5250000,
Cold Start: false
Unique ID: 46c856f98f6ee87f216c5296cf37e545,
Execution Time for Trace ID 46c856f98f6ee87f216c5296cf37e545: 342 ms
Input: 5250000,
Cold Start: false
Unique ID: 8a1e641bbdbaa9b9d87a9109ceabcbff,
Execution Time for Trace ID 8a1e641bbdbaa9b9d87a9109ceabcbff: 423 ms
Input: 5250000,
Cold Start: false
Unique ID: 75765aa12abd3dded989745bbc3fceee,
Execution Time for Trace ID 75765aa12abd3dded989745bbc3fceee: 342 ms
Input: 5250000,
Cold Start: false
Unique ID: c10adb942db5b0d5b1ceaacb7f5cf5f8,
Execution Time for Trace ID c10adb942db5b0d5b1ceaacb7f5cf5f8: 881 ms
Input: 5250000,
Cold Start: false
Unique ID: 02c226468bb081d4db8ff4beced298d1,
Execution Time for Trace ID 02c226468bb081d4db8ff4beced298d1: 341 ms
Input: 5250000,
Cold Start: false
Unique ID: e70f8f94b3b2b12ecc79f6e08a7b9807,
Execution Time for Trace ID e70f8f94b3b2b12ecc79f6e08a7b9807: 390 ms
Input: 5250000,
Cold Start: false
Unique ID: 8f301ad884f38e688d08e6e0c7879f65,
Execution Time for Trace ID 8f301ad884f38e688d08e6e0c7879f65: 365 ms
Input: 5250000,
Cold Start: false
Unique ID: 35d1b6fcc5b1c5c45f0dcc1ea3adb685,
Execution Time for Trace ID 35d1b6fcc5b1c5c45f0dcc1ea3adb685: 916 ms
Input: 5250000,
Cold Start: false
Unique ID: e15e4b3dc01a09cbe8e7fec4a9a9e929,
Execution Time for Trace ID e15e4b3dc01a09cbe8e7fec4a9a9e929: 997 ms
Input: 5250000,
Cold Start: false
Unique ID: a35732f2a41e850e8942d5280dda6bcc,
Execution Time for Trace ID a35732f2a41e850e8942d5280dda6bcc: 338 ms
Input: 5250000,
Cold Start: false
Unique ID: ba3bfc0785d3e5d81c0bd0cf2ecd6a07,
Execution Time for Trace ID ba3bfc0785d3e5d81c0bd0cf2ecd6a07: 341 ms
Input: 5250000,
Cold Start: false
Unique ID: f033ec0a00636658e7b382d23103b6ab,
Execution Time for Trace ID f033ec0a00636658e7b382d23103b6ab: 406 ms
Input: 5250000,
Cold Start: false
Unique ID: 4e94b17a46f25408a40fab34b13c97d0,
Execution Time for Trace ID 4e94b17a46f25408a40fab34b13c97d0: 336 ms
Input: 5250000,
Cold Start: false
Unique ID: e00a0cca54d9132656c5e00bef6fc0f2,
Execution Time for Trace ID e00a0cca54d9132656c5e00bef6fc0f2: 338 ms
Input: 5250000,
Cold Start: false
Unique ID: 59fb15e6ac050aa510722a7d48856aa7,
Execution Time for Trace ID 59fb15e6ac050aa510722a7d48856aa7: 326 ms
Input: 5250000,
Cold Start: false
Unique ID: fec7e5c29f2c7c822be2fa9f218d66d9,
Execution Time for Trace ID fec7e5c29f2c7c822be2fa9f218d66d9: 1249 ms
Input: 5250000,
Cold Start: false
Unique ID: 81da815a90c437e7e325d09b18096972,
Execution Time for Trace ID 81da815a90c437e7e325d09b18096972: 357 ms
Input: 5250000,
Cold Start: false
Unique ID: b6b2fcc9333f4e95a459d668c8394642,
Execution Time for Trace ID b6b2fcc9333f4e95a459d668c8394642: 341 ms
Input: 5250000,
Cold Start: false
Unique ID: daa3d7c02523bd642022143e666f3ad6,
Execution Time for Trace ID daa3d7c02523bd642022143e666f3ad6: 655 ms
Input: 5250000,
Cold Start: false
Unique ID: a713f84fe520cc53d291b80e59b6eed6,
Execution Time for Trace ID a713f84fe520cc53d291b80e59b6eed6: 352 ms
Input: 5250000,
Cold Start: false
Unique ID: 7b017393005310d50a9266b94a360207,
Execution Time for Trace ID 7b017393005310d50a9266b94a360207: 418 ms
Input: 5250000,
Cold Start: false
Unique ID: a061a5df0f6f04f14a41fb3a3342bde8,
Execution Time for Trace ID a061a5df0f6f04f14a41fb3a3342bde8: 369 ms
Input: 5250000,
Cold Start: false
Unique ID: 7e669f10e18ed49f005a2c91fb9a7143,
Execution Time for Trace ID 7e669f10e18ed49f005a2c91fb9a7143: 525 ms
Input: 5250000,
Cold Start: false
Unique ID: e1ea929d8b0e48a3be0cad5971bb55b5,
Execution Time for Trace ID e1ea929d8b0e48a3be0cad5971bb55b5: 534 ms
Input: 5250000,
Cold Start: false
Unique ID: 6cd5a548e10957a971b24975699d9aff,
Execution Time for Trace ID 6cd5a548e10957a971b24975699d9aff: 362 ms
Input: 5250000,
Cold Start: false
Unique ID: 1f0760d42ce924359385b6c712e32ab3,
Execution Time for Trace ID 1f0760d42ce924359385b6c712e32ab3: 406 ms
Input: 5250000,
Cold Start: false
Unique ID: d5913fb48d46c9a3fe31cb8b21df30c0,
Execution Time for Trace ID d5913fb48d46c9a3fe31cb8b21df30c0: 361 ms
Input: 5250000,
Cold Start: false
Unique ID: 6682a96b7e2a53cf8fd297f6f550d4a3,
Execution Time for Trace ID 6682a96b7e2a53cf8fd297f6f550d4a3: 402 ms
Input: 5250000,
Cold Start: false
Unique ID: 7b0cdb5ee5f30c9c12ae1c338243a0d6,
Execution Time for Trace ID 7b0cdb5ee5f30c9c12ae1c338243a0d6: 385 ms
Input: 5250000,
Cold Start: false
Unique ID: 2790e1ada96160db3dd1e0e8fcac66e7,
Execution Time for Trace ID 2790e1ada96160db3dd1e0e8fcac66e7: 359 ms
Input: 5250000,
Cold Start: false
Unique ID: 31c55495cfe61cb44b6a61caa7e3a7cf,
Execution Time for Trace ID 31c55495cfe61cb44b6a61caa7e3a7cf: 396 ms
Input: 5250000,
Cold Start: false
Unique ID: a1e0f3343612293e41cea3f780c96261,
Execution Time for Trace ID a1e0f3343612293e41cea3f780c96261: 342 ms
Input: 5250000,
Cold Start: false
Unique ID: e5091c6e2dfb65f04dc9cd9d2a832d0c,
Execution Time for Trace ID e5091c6e2dfb65f04dc9cd9d2a832d0c: 347 ms
Input: 5250000,
Cold Start: false
Unique ID: b12dc3054744af8786a71a249fc35ff9,
Execution Time for Trace ID b12dc3054744af8786a71a249fc35ff9: 358 ms
Input: 5250000,
Cold Start: false
Unique ID: 2fe14cf218a16b4ffa633df9515bf6a6,
Execution Time for Trace ID 2fe14cf218a16b4ffa633df9515bf6a6: 343 ms
Input: 5250000,
Cold Start: false
Unique ID: 3176352d399afc061bd65b9683a5c41e,
Execution Time for Trace ID 3176352d399afc061bd65b9683a5c41e: 346 ms
Input: 5250000,
Cold Start: false
Unique ID: 0e31e9d32b8785df8ae7747fcb6b2ee9,
Execution Time for Trace ID 0e31e9d32b8785df8ae7747fcb6b2ee9: 404 ms
Input: 5250000,
Cold Start: false
Unique ID: 69438155db6c3646739a7ccc42530181,
Execution Time for Trace ID 69438155db6c3646739a7ccc42530181: 410 ms
Input: 5250000,
Cold Start: false
Unique ID: 1110ac9da8164d571dcf4e2d32f86e42,
Execution Time for Trace ID 1110ac9da8164d571dcf4e2d32f86e42: 367 ms
Input: 5250000,
Cold Start: false
Unique ID: e27fd431c377adf47f14e3ebb0dea975,
Execution Time for Trace ID e27fd431c377adf47f14e3ebb0dea975: 362 ms
Input: 5250000,
Cold Start: false
Unique ID: 67c846930bc58261253ed2f41c83c032,
Execution Time for Trace ID 67c846930bc58261253ed2f41c83c032: 387 ms
Input: 5250000,
Cold Start: false
Unique ID: a90bb9c28a6a24a209a673eb62722d27,
Execution Time for Trace ID a90bb9c28a6a24a209a673eb62722d27: 347 ms
Input: 5250000,
Cold Start: false
Unique ID: b05f54cd90025d4573de8c9e7bdc6225,
Execution Time for Trace ID b05f54cd90025d4573de8c9e7bdc6225: 404 ms
Input: 5250000,
Cold Start: false
Unique ID: 601310f2debdb6028ed6eceb957974e4,
Execution Time for Trace ID 601310f2debdb6028ed6eceb957974e4: 387 ms
Input: 5250000,
Cold Start: false
Unique ID: 3fe936397e979f6f4d74bbf17914b4a4,
Execution Time for Trace ID 3fe936397e979f6f4d74bbf17914b4a4: 339 ms
Input: 5250000,
Cold Start: false
Unique ID: a8468a79e5ab62779ec6c76ff622f348,
Execution Time for Trace ID a8468a79e5ab62779ec6c76ff622f348: 342 ms
Input: 5250000,
Cold Start: false
Unique ID: 71c36fcad38139237c0892e4178e4359,
Execution Time for Trace ID 71c36fcad38139237c0892e4178e4359: 413 ms
Input: 5250000,
Cold Start: false
Unique ID: 2178676bac0f11a5cb52ae158c46bd28,
Execution Time for Trace ID 2178676bac0f11a5cb52ae158c46bd28: 403 ms
Input: 5250000,
Cold Start: false
Unique ID: 929f37142e22ce97555de6ec9e25aa1a,
Execution Time for Trace ID 929f37142e22ce97555de6ec9e25aa1a: 391 ms
Input: 5250000,
Cold Start: false
Unique ID: eb6709b4dbd99c1dc14a7716888c4717,
Execution Time for Trace ID eb6709b4dbd99c1dc14a7716888c4717: 340 ms
Input: 5250000,
Cold Start: false
Unique ID: 7b2ce6d684bfe2ac989e619f6faae71d,
Execution Time for Trace ID 7b2ce6d684bfe2ac989e619f6faae71d: 390 ms
Input: 5250000,
Cold Start: false
Unique ID: 61b9988acb008fad6e2d23e0a6979c46,
Execution Time for Trace ID 61b9988acb008fad6e2d23e0a6979c46: 359 ms
Input: 5250000,
Cold Start: false
Unique ID: 9bb9372b13715ce376fd3ebf359baa57,
Execution Time for Trace ID 9bb9372b13715ce376fd3ebf359baa57: 359 ms
Input: 5250000,
Cold Start: false
Unique ID: f94a6d11036ed45ce082766217285852,
Execution Time for Trace ID f94a6d11036ed45ce082766217285852: 414 ms
Input: 5250000,
Cold Start: false
Unique ID: c1d78b8e5aacdedc30e4367986a9aeac,
Execution Time for Trace ID c1d78b8e5aacdedc30e4367986a9aeac: 351 ms
Input: 5250000,
Cold Start: false
Unique ID: d649ede69491c149d20b74c2906140b9,
Execution Time for Trace ID d649ede69491c149d20b74c2906140b9: 388 ms
Input: 5250000,
Cold Start: false
Unique ID: 77c08169b1d9fbd219f14ee657082866,
Execution Time for Trace ID 77c08169b1d9fbd219f14ee657082866: 347 ms
Input: 5250000,
Cold Start: false
Unique ID: e69aea8a64d7db080bc9b01d317e43ff,
Execution Time for Trace ID e69aea8a64d7db080bc9b01d317e43ff: 347 ms
Input: 5250000,
Cold Start: false
Unique ID: f9211f33e99de96163c1d6c8f3a70cea,
Execution Time for Trace ID f9211f33e99de96163c1d6c8f3a70cea: 349 ms
Input: 5250000,
Cold Start: false
Unique ID: 75522deb0882ab88e754cb6edd15154e,
Execution Time for Trace ID 75522deb0882ab88e754cb6edd15154e: 352 ms
Input: 5250000,
Cold Start: false
Unique ID: 1f93b0897ef6a0f86531300d858de22f,
Execution Time for Trace ID 1f93b0897ef6a0f86531300d858de22f: 343 ms
Input: 5250000,
Cold Start: false
Unique ID: 5971a9a8085685738c01c78839599f2f,
Execution Time for Trace ID 5971a9a8085685738c01c78839599f2f: 392 ms
Input: 5250000,
Cold Start: false
Unique ID: ac2c9804fcdba0276b2c3cd07e04e449,
Execution Time for Trace ID ac2c9804fcdba0276b2c3cd07e04e449: 351 ms
Input: 5250000,
Cold Start: false
Unique ID: f10b51260713545c4905aba8ab4c79cc,
Execution Time for Trace ID f10b51260713545c4905aba8ab4c79cc: 346 ms
Input: 5250000,
Cold Start: false
Unique ID: 9838d2e762c14b03b66a25d431f6f1ae,
Execution Time for Trace ID 9838d2e762c14b03b66a25d431f6f1ae: 186 ms
Input: 5250000,
Cold Start: false
Unique ID: 84953e53a46daa6c4d7ee934c130787d,
Execution Time for Trace ID 84953e53a46daa6c4d7ee934c130787d: 385 ms
Input: 5250000,
Cold Start: false
Unique ID: b3942a17bb68b0a37c16c137709b90d7,
Execution Time for Trace ID b3942a17bb68b0a37c16c137709b90d7: 413 ms
Input: 5250000,
Cold Start: false
Unique ID: 6b1a11cd411e6a2d00df7abbc84bed36,
Execution Time for Trace ID 6b1a11cd411e6a2d00df7abbc84bed36: 407 ms
Input: 5250000,
Cold Start: false
Unique ID: 7117a2281c115a31df1b898fbd490890,
Execution Time for Trace ID 7117a2281c115a31df1b898fbd490890: 551 ms
Input: 5250000,
Cold Start: false
Unique ID: 6231f76be21158cd33cbf77ed22e58f3,
Execution Time for Trace ID 6231f76be21158cd33cbf77ed22e58f3: 367 ms
Input: 5250000,
Cold Start: false
Unique ID: c65cdbf659093a156764913fe26a5ccd,
Execution Time for Trace ID c65cdbf659093a156764913fe26a5ccd: 387 ms
Input: 5250000,
Cold Start: false
Unique ID: 709ec87651a835d5374fac87a360ca01,
Execution Time for Trace ID 709ec87651a835d5374fac87a360ca01: 341 ms
Input: 5250000,
Cold Start: false
Unique ID: 4a10cf4f0630f784ba4e4b790a7e9437,
Execution Time for Trace ID 4a10cf4f0630f784ba4e4b790a7e9437: 353 ms
Input: 5250000,
Cold Start: false
Unique ID: 51337b13441b73dc206f4bb4753c79ef,
Execution Time for Trace ID 51337b13441b73dc206f4bb4753c79ef: 409 ms
Input: 5250000,
Cold Start: false
Unique ID: 705b4a3e7d4c11d538e9816682e8bbc7,
Execution Time for Trace ID 705b4a3e7d4c11d538e9816682e8bbc7: 358 ms
Input: 5250000,
Cold Start: false
Unique ID: 56880f3ce02317530c60b67266fb4a18,
Execution Time for Trace ID 56880f3ce02317530c60b67266fb4a18: 394 ms
Input: 5250000,
Cold Start: false
Unique ID: 8f1d40aebceb785baeb18d551028820e,
Execution Time for Trace ID 8f1d40aebceb785baeb18d551028820e: 353 ms
Input: 5250000,
Cold Start: false
Unique ID: 94ce7d570e4a8ffce63ed651360cf7a4,
Execution Time for Trace ID 94ce7d570e4a8ffce63ed651360cf7a4: 344 ms
Input: 5250000,
Cold Start: false
Unique ID: e5887ec4b7ac1e27295556929acb9c4b,
Execution Time for Trace ID e5887ec4b7ac1e27295556929acb9c4b: 358 ms
Input: 5250000,
Cold Start: false
Unique ID: 6568858a320e15c6bd329db9b50c4d35,
Execution Time for Trace ID 6568858a320e15c6bd329db9b50c4d35: 336 ms
Input: 5250000,
Cold Start: false
Unique ID: 0492b23d8e6ef6639cea20801f644d88,
Execution Time for Trace ID 0492b23d8e6ef6639cea20801f644d88: 376 ms
Input: 5250000,
Cold Start: false
Unique ID: a511afc4b8bfb1b4428f1d4581bf34f1,
Execution Time for Trace ID a511afc4b8bfb1b4428f1d4581bf34f1: 364 ms
Input: 5250000,
Cold Start: false
Unique ID: 8c37cb0396c860ce00ab4dc7c619ee1e,
Execution Time for Trace ID 8c37cb0396c860ce00ab4dc7c619ee1e: 345 ms
Input: 5250000,
Cold Start: false
Unique ID: 98655d09f21db1fa1cece456b1f40417,
Execution Time for Trace ID 98655d09f21db1fa1cece456b1f40417: 352 ms
Input: 5250000,
Cold Start: false
Unique ID: 42adcbd780a9597dda13d2cad3e6e782,
Execution Time for Trace ID 42adcbd780a9597dda13d2cad3e6e782: 352 ms
Input: 5250000,
Cold Start: false
Unique ID: 41d2b4c18ef613e27b2d206e956e5df2,
Execution Time for Trace ID 41d2b4c18ef613e27b2d206e956e5df2: 350 ms
Input: 5250000,
Cold Start: false
Unique ID: 898281fc0f736e0d90c992e5f1058f5e,
Execution Time for Trace ID 898281fc0f736e0d90c992e5f1058f5e: 416 ms
Input: 5250000,
Cold Start: false
Unique ID: be6ba07ec1bf56c235cbb7e0623e37e3,
Execution Time for Trace ID be6ba07ec1bf56c235cbb7e0623e37e3: 345 ms
Input: 5250000,
Cold Start: false
Unique ID: 637053ad55dc206507f63fc071205787,
Execution Time for Trace ID 637053ad55dc206507f63fc071205787: 387 ms
Input: 5250000,
Cold Start: false
Unique ID: 4d439cfe27aef5df1d8eb0ef71befa67,
Execution Time for Trace ID 4d439cfe27aef5df1d8eb0ef71befa67: 340 ms
Input: 5250000,
Cold Start: false
Unique ID: 3033d4022739c39a5c5cd285b445625a,
Execution Time for Trace ID 3033d4022739c39a5c5cd285b445625a: 344 ms
Input: 5250000,
Cold Start: false
Unique ID: c68490333ba7f558d5691cf7f05944fc,
Execution Time for Trace ID c68490333ba7f558d5691cf7f05944fc: 410 ms
Input: 5250000,
Cold Start: false
Unique ID: 355bd98e9be028fc3e9e081ad5d42c6a,
Execution Time for Trace ID 355bd98e9be028fc3e9e081ad5d42c6a: 355 ms
Input: 5250000,
Cold Start: false
Unique ID: aad54685f41b22f38d625c51f6a02ccd,
Execution Time for Trace ID aad54685f41b22f38d625c51f6a02ccd: 417 ms
Input: 5250000,
Cold Start: false
Unique ID: efd4b29d944169434fda3a6c914145b3,
Execution Time for Trace ID efd4b29d944169434fda3a6c914145b3: 369 ms
Input: 5250000,
Cold Start: false
Unique ID: 63770622965cbe00dafb8d2f71bef131,
Execution Time for Trace ID 63770622965cbe00dafb8d2f71bef131: 338 ms
Input: 5250000,
Cold Start: false
Unique ID: 91aefb10412d7a5e0f2e063791ef94fa,
Execution Time for Trace ID 91aefb10412d7a5e0f2e063791ef94fa: 391 ms
Input: 5250000,
Cold Start: false
Unique ID: 84d37e024906ed169632bc2cbf00cb6b,
Execution Time for Trace ID 84d37e024906ed169632bc2cbf00cb6b: 347 ms
Input: 5250000,
Cold Start: false
Unique ID: ef8b6502c15495dedb596573293f49fa,
Execution Time for Trace ID ef8b6502c15495dedb596573293f49fa: 390 ms
Input: 5250000,
Cold Start: false
Unique ID: e5661948989d5260074878f952492eeb,
Execution Time for Trace ID e5661948989d5260074878f952492eeb: 339 ms
Input: 5250000,
Cold Start: false
Unique ID: 81a54d9de0ce594062e606ba9f974b01,
Execution Time for Trace ID 81a54d9de0ce594062e606ba9f974b01: 386 ms
Input: 5250000,
Cold Start: false
Unique ID: ffe24f72d08bb25b7296422b957d9e3e,
Execution Time for Trace ID ffe24f72d08bb25b7296422b957d9e3e: 351 ms
Input: 5250000,
Cold Start: false
Unique ID: fef531788f5e056571e61af04af5ad5d,
Execution Time for Trace ID fef531788f5e056571e61af04af5ad5d: 354 ms
Input: 5250000,
Cold Start: false
Unique ID: 5af401554e15177ac6833a01077f18ef,
Execution Time for Trace ID 5af401554e15177ac6833a01077f18ef: 354 ms
Input: 5250000,
Cold Start: false
Unique ID: 22cd19c73cb7c3078b66246171cfbf7c,
Execution Time for Trace ID 22cd19c73cb7c3078b66246171cfbf7c: 176 ms
Input: 5250000,
Cold Start: false
Unique ID: c6ee8341c8e526b7607a493e41997766,
Execution Time for Trace ID c6ee8341c8e526b7607a493e41997766: 340 ms
Input: 5250000,
Cold Start: false
Unique ID: 146d26235286e24e3dda7c244e16d458,
Execution Time for Trace ID 146d26235286e24e3dda7c244e16d458: 404 ms
Input: 5250000,
Cold Start: false
Unique ID: a1060d261cb250ca182681df12c278ea,
Execution Time for Trace ID a1060d261cb250ca182681df12c278ea: 423 ms
Input: 5250000,
Cold Start: false
Unique ID: 8703b4a93528c79664f6757986380cbf,
Execution Time for Trace ID 8703b4a93528c79664f6757986380cbf: 382 ms
Input: 5250000,
Cold Start: false
Unique ID: a2c717c00d24601546e31902c2f71caf,
Execution Time for Trace ID a2c717c00d24601546e31902c2f71caf: 344 ms
Input: 5250000,
Cold Start: false
Unique ID: ffee5d55c3d75ede9e7a0a15616cc16d,
Execution Time for Trace ID ffee5d55c3d75ede9e7a0a15616cc16d: 340 ms
Input: 5250000,
Cold Start: false
Unique ID: d1ffefab4af11ec76b79fe9a072fe6b1,
Execution Time for Trace ID d1ffefab4af11ec76b79fe9a072fe6b1: 410 ms
Input: 5250000,
Cold Start: false
Unique ID: b5692120ce61e0f245e4c9a78e78d548,
Execution Time for Trace ID b5692120ce61e0f245e4c9a78e78d548: 355 ms
Input: 5250000,
Cold Start: false
Unique ID: 068bea8d03351eb3c03660f9fac99a8e,
Execution Time for Trace ID 068bea8d03351eb3c03660f9fac99a8e: 406 ms
Input: 5250000,
Cold Start: false
Unique ID: ede0c786a38efd48f8c6d361e4488a9a,
Execution Time for Trace ID ede0c786a38efd48f8c6d361e4488a9a: 343 ms
Input: 5250000,
Cold Start: false
Unique ID: 76ba6a1d384e65c0ed6aa0dbceecc629,
Execution Time for Trace ID 76ba6a1d384e65c0ed6aa0dbceecc629: 339 ms
Input: 5250000,
Cold Start: false
Unique ID: e4c6e903d8ddf60e0f2fc710384a52b3,
Execution Time for Trace ID e4c6e903d8ddf60e0f2fc710384a52b3: 428 ms
Input: 5250000,
Cold Start: false
Unique ID: 1b2129cfaa018ca05abbc510b3877347,
Execution Time for Trace ID 1b2129cfaa018ca05abbc510b3877347: 343 ms
Input: 5250000,
Cold Start: false
Unique ID: ef96ca57a8c63de472009653f4beb036,
Execution Time for Trace ID ef96ca57a8c63de472009653f4beb036: 349 ms
Input: 5250000,
Cold Start: false
Unique ID: 12196887ab13eec0765479fc023d439a,
Execution Time for Trace ID 12196887ab13eec0765479fc023d439a: 338 ms
Input: 5250000,
Cold Start: false
Unique ID: ee5dadcb3ed6d81e94898be86722accd,
Execution Time for Trace ID ee5dadcb3ed6d81e94898be86722accd: 382 ms
Input: 5250000,
Cold Start: false
Unique ID: 80b1f63863ee50bc95a3a1b018b8a048,
Execution Time for Trace ID 80b1f63863ee50bc95a3a1b018b8a048: 369 ms
Input: 5250000,
Cold Start: false
Unique ID: ddc017003f228a668f75fcfb5fa630a7,
Execution Time for Trace ID ddc017003f228a668f75fcfb5fa630a7: 344 ms
Input: 5250000,
Cold Start: false
Unique ID: 953708f45d7a8dcdb2e3bb7110074ba4,
Execution Time for Trace ID 953708f45d7a8dcdb2e3bb7110074ba4: 393 ms
Input: 5250000,
Cold Start: false
Unique ID: d76ba2f7f6b3a759cb0029d2499f617d,
Execution Time for Trace ID d76ba2f7f6b3a759cb0029d2499f617d: 339 ms
Input: 5250000,
Cold Start: false
Unique ID: 657f774157bc5135c94d913a8894f913,
Execution Time for Trace ID 657f774157bc5135c94d913a8894f913: 336 ms
Input: 5250000,
Cold Start: false
Unique ID: 8fe5174ea186fd12d03f410a47ca5e10,
Execution Time for Trace ID 8fe5174ea186fd12d03f410a47ca5e10: 406 ms
Input: 5250000,
Cold Start: false
Unique ID: ff85a0235fd104095d78fda64724b0bb,
Execution Time for Trace ID ff85a0235fd104095d78fda64724b0bb: 392 ms
Input: 5250000,
Cold Start: false
Unique ID: 67d1fe28bfa859f00076a3d9f2524b81,
Execution Time for Trace ID 67d1fe28bfa859f00076a3d9f2524b81: 351 ms
Input: 5250000,
Cold Start: false
Unique ID: 90ee896890af5f940d99d996b60f1c89,
Execution Time for Trace ID 90ee896890af5f940d99d996b60f1c89: 174 ms
Input: 5250000,
Cold Start: false
Unique ID: 7cf39930f6fedb361d4f22aef0c7d3a2,
Execution Time for Trace ID 7cf39930f6fedb361d4f22aef0c7d3a2: 327 ms
Input: 5250000,
Cold Start: false
Unique ID: 1c090061eb4a8c5d9c56bf07642c22bc,
Execution Time for Trace ID 1c090061eb4a8c5d9c56bf07642c22bc: 356 ms
Input: 5250000,
Cold Start: false
Unique ID: 1a42506c276a925b7953b37a98deed78,
Execution Time for Trace ID 1a42506c276a925b7953b37a98deed78: 348 ms
Input: 5250000,
Cold Start: false
Unique ID: d162830f545bcd9882ff7d27376e8a77,
Execution Time for Trace ID d162830f545bcd9882ff7d27376e8a77: 376 ms
Input: 5250000,
Cold Start: false
Unique ID: 78091f439dada2b4e6171839360d2863,
Execution Time for Trace ID 78091f439dada2b4e6171839360d2863: 343 ms
Input: 5250000,
Cold Start: false
Unique ID: df3c094325ea289e75b91db68c3dd85d,
Execution Time for Trace ID df3c094325ea289e75b91db68c3dd85d: 398 ms
Input: 5250000,
Cold Start: false
Unique ID: 0091807ebe5d052feb1c18356e3bca32,
Execution Time for Trace ID 0091807ebe5d052feb1c18356e3bca32: 356 ms
Input: 5250000,
Cold Start: false
Unique ID: 1953b734c7deb8049e803a21a5ebbc83,
Execution Time for Trace ID 1953b734c7deb8049e803a21a5ebbc83: 413 ms
Input: 5250000,
Cold Start: false
Unique ID: 83e691d4bf25d5d3519a82cdd154de14,
Execution Time for Trace ID 83e691d4bf25d5d3519a82cdd154de14: 402 ms
Input: 5250000,
Cold Start: false
Unique ID: 47fc32db6dbc6218a5bc0f561b088ab4,
Execution Time for Trace ID 47fc32db6dbc6218a5bc0f561b088ab4: 345 ms
Input: 5250000,
Cold Start: false
Unique ID: a753fe8e5f80e510f0f1c915b1fe89cc,
Execution Time for Trace ID a753fe8e5f80e510f0f1c915b1fe89cc: 348 ms
Input: 5250000,
Cold Start: false
Unique ID: 846e68b48dccbc0ad54e39b34d153788,
Execution Time for Trace ID 846e68b48dccbc0ad54e39b34d153788: 409 ms
Input: 5250000,
Cold Start: false
Unique ID: b5212bbbc72700585b6564071d70e0ef,
Execution Time for Trace ID b5212bbbc72700585b6564071d70e0ef: 352 ms
Input: 5250000,
Cold Start: false
Unique ID: e8bb577758189be7fc4583a9becf321b,
Execution Time for Trace ID e8bb577758189be7fc4583a9becf321b: 371 ms
Input: 5250000,
Cold Start: false
Unique ID: 93e5fa2f8738be2e2d2cf9f3df9d4447,
Execution Time for Trace ID 93e5fa2f8738be2e2d2cf9f3df9d4447: 364 ms
Input: 5250000,
Cold Start: false
Unique ID: 2eb8627bf607c3faba0e6939cd04ee4c,
Execution Time for Trace ID 2eb8627bf607c3faba0e6939cd04ee4c: 406 ms
Input: 5250000,
Cold Start: false
Unique ID: b3daf59c55af9b8bce78b037da1caab2,
Execution Time for Trace ID b3daf59c55af9b8bce78b037da1caab2: 365 ms
Input: 5250000,
Cold Start: false
Unique ID: 625530ea8dcf82799d23d342e03751e4,
Execution Time for Trace ID 625530ea8dcf82799d23d342e03751e4: 353 ms
Input: 5250000,
Cold Start: false
Unique ID: e78483a50f769ac102dd757f9976ae6a,
Execution Time for Trace ID e78483a50f769ac102dd757f9976ae6a: 352 ms
Input: 5250000,
Cold Start: false
Unique ID: 779ebc5c47161f9675b2ed17da8a9225,
Execution Time for Trace ID 779ebc5c47161f9675b2ed17da8a9225: 339 ms
Input: 5250000,
Cold Start: false
Unique ID: 278cb170347139c239df098e5d191569,
Execution Time for Trace ID 278cb170347139c239df098e5d191569: 389 ms
Input: 5250000,
Cold Start: false
Unique ID: e25ce088bb1aba105ff8d5751e407eeb,
Execution Time for Trace ID e25ce088bb1aba105ff8d5751e407eeb: 351 ms
Input: 5250000,
Cold Start: false
Unique ID: 7730ea21ead129333f175771e32c484e,
Execution Time for Trace ID 7730ea21ead129333f175771e32c484e: 410 ms
Input: 5250000,
Cold Start: false
Unique ID: 6ef42459aae670caf80edc8a83ab0ebc,
Execution Time for Trace ID 6ef42459aae670caf80edc8a83ab0ebc: 368 ms
Input: 5250000,
Cold Start: false
Unique ID: ddeedbce53306c4e94ef440dc823cc2b,
Execution Time for Trace ID ddeedbce53306c4e94ef440dc823cc2b: 347 ms
Input: 5250000,
Cold Start: false
Unique ID: 944809b50c73ceda44f89b30ee04df8e,
Execution Time for Trace ID 944809b50c73ceda44f89b30ee04df8e: 377 ms
Input: 5250000,
Cold Start: false
Unique ID: 746c6aa2a06ee21abbcc13a685964412,
Execution Time for Trace ID 746c6aa2a06ee21abbcc13a685964412: 346 ms
Input: 5250000,
Cold Start: false
Unique ID: ff75ab3d87ec2a270b01278dc45a443b,
Execution Time for Trace ID ff75ab3d87ec2a270b01278dc45a443b: 352 ms
Input: 5250000,
Cold Start: false
Unique ID: af1b76354bb7e114de6e29eaba5eb86e,
Execution Time for Trace ID af1b76354bb7e114de6e29eaba5eb86e: 419 ms
Input: 5250000,
Cold Start: false
Unique ID: b2045399cd03b1465ed85c335ce0d482,
Execution Time for Trace ID b2045399cd03b1465ed85c335ce0d482: 181 ms
Input: 5250000,
Cold Start: false
Unique ID: c44914f9bcbc1378029c8380bb21d5ba,
Execution Time for Trace ID c44914f9bcbc1378029c8380bb21d5ba: 343 ms
Input: 5250000,
Cold Start: false
Unique ID: 5a6f3e8840bd4be858c64b5c6af60737,
Execution Time for Trace ID 5a6f3e8840bd4be858c64b5c6af60737: 412 ms
Input: 5250000,
Cold Start: false
Unique ID: 63dc068f06c7544ebe33a4a7f03184e9,
Execution Time for Trace ID 63dc068f06c7544ebe33a4a7f03184e9: 407 ms
Input: 5250000,
Cold Start: false
Unique ID: 5094070ef59272a5dead966691ee3e2b,
Execution Time for Trace ID 5094070ef59272a5dead966691ee3e2b: 551 ms
Input: 5250000,
Cold Start: false
Unique ID: c65cbe927fcbd6aa7340eeac3a02c852,
Execution Time for Trace ID c65cbe927fcbd6aa7340eeac3a02c852: 349 ms
Input: 5250000,
Cold Start: false
Unique ID: 68bc8b405b2c3bdcfc4af5cd419330ca,
Execution Time for Trace ID 68bc8b405b2c3bdcfc4af5cd419330ca: 381 ms
Input: 5250000,
Cold Start: false
Unique ID: 992b088fa8f372869c6ab53b262d015a,
Execution Time for Trace ID 992b088fa8f372869c6ab53b262d015a: 337 ms
Input: 5250000,
Cold Start: false
Unique ID: 90bd7422fe90e5b84374088b9a7a43e7,
Execution Time for Trace ID 90bd7422fe90e5b84374088b9a7a43e7: 400 ms
Input: 5250000,
Cold Start: false
Unique ID: 40e9f9947686b081a928ea2f75e8979f,
Execution Time for Trace ID 40e9f9947686b081a928ea2f75e8979f: 392 ms
Input: 5250000,
Cold Start: false
Unique ID: b78e9ffdef422eff11f20c354729afdc,
Execution Time for Trace ID b78e9ffdef422eff11f20c354729afdc: 342 ms
Input: 5250000,
Cold Start: false
Unique ID: ce33cb972113c93710640f69a38355fd,
Execution Time for Trace ID ce33cb972113c93710640f69a38355fd: 401 ms
Input: 5250000,
Cold Start: false
Unique ID: 68e44cdf91448dc65a8a4d51025bbfd7,
Execution Time for Trace ID 68e44cdf91448dc65a8a4d51025bbfd7: 347 ms
Input: 5250000,
Cold Start: false
Unique ID: 9cd0e8c14fa284435029301a1eb56260,
Execution Time for Trace ID 9cd0e8c14fa284435029301a1eb56260: 346 ms
Input: 5250000,
Cold Start: false
Unique ID: 0b7f4585581dda2972b7a2be8892be0e,
Execution Time for Trace ID 0b7f4585581dda2972b7a2be8892be0e: 356 ms
Input: 5250000,
Cold Start: false
Unique ID: a4760addd5bda8b865306628035225bb,
Execution Time for Trace ID a4760addd5bda8b865306628035225bb: 350 ms
Input: 5250000,
Cold Start: false
Unique ID: 5762c953bf383394278c2564cd2f4af3,
Execution Time for Trace ID 5762c953bf383394278c2564cd2f4af3: 393 ms
Input: 5250000,
Cold Start: false
Unique ID: 6ce4e2ce6def94ad97608b8640b1c5a9,
Execution Time for Trace ID 6ce4e2ce6def94ad97608b8640b1c5a9: 359 ms
Input: 5250000,
Cold Start: false
Unique ID: bc999c1eb25b1a782b51c38791396cf9,
Execution Time for Trace ID bc999c1eb25b1a782b51c38791396cf9: 403 ms
Input: 5250000,
Cold Start: false
Unique ID: fd419003a994caae5488f55be8a6bdc5,
Execution Time for Trace ID fd419003a994caae5488f55be8a6bdc5: 361 ms
Input: 5250000,
Cold Start: false
Unique ID: b9fdad9e229d502b82a7adf1f19b8dd5,
Execution Time for Trace ID b9fdad9e229d502b82a7adf1f19b8dd5: 355 ms
Input: 5250000,
Cold Start: false
Unique ID: e57d0f282963ae1c415e5ca83398d331,
Execution Time for Trace ID e57d0f282963ae1c415e5ca83398d331: 387 ms
Input: 5250000,
Cold Start: false
Unique ID: 295fa8ca26c3efe29d9ad8e894b63caa,
Execution Time for Trace ID 295fa8ca26c3efe29d9ad8e894b63caa: 337 ms
Input: 5250000,
Cold Start: false
Unique ID: d6ffc0e33380a66f7de7afad4033f19f,
Execution Time for Trace ID d6ffc0e33380a66f7de7afad4033f19f: 341 ms
Input: 5250000,
Cold Start: false
Unique ID: 4e52a5bdab70818c0200f075d393ff9c,
Execution Time for Trace ID 4e52a5bdab70818c0200f075d393ff9c: 408 ms
Input: 5250000,
Cold Start: false
Unique ID: 349321f4425bdc2aa58ad6ec3a71958d,
Execution Time for Trace ID 349321f4425bdc2aa58ad6ec3a71958d: 390 ms
Input: 5250000,
Cold Start: false
Unique ID: fedd9af2be5f50a828eaf996e54cd4a4,
Execution Time for Trace ID fedd9af2be5f50a828eaf996e54cd4a4: 338 ms
Input: 5250000,
Cold Start: false
Unique ID: 6c8c163d47b9ce230ffb440563e5262c,
Execution Time for Trace ID 6c8c163d47b9ce230ffb440563e5262c: 358 ms
Input: 5250000,
Cold Start: false
Unique ID: e6fb7ae57b9dfe15d01e244845159dfe,
Execution Time for Trace ID e6fb7ae57b9dfe15d01e244845159dfe: 415 ms
Input: 5250000,
Cold Start: false
Unique ID: 08a0efdf1f4e796b4f84159e2e253ae4,
Execution Time for Trace ID 08a0efdf1f4e796b4f84159e2e253ae4: 346 ms
Input: 5250000,
Cold Start: false
Unique ID: 909a6c999b82766f00c6e90c74b64112,
Execution Time for Trace ID 909a6c999b82766f00c6e90c74b64112: 339 ms
Input: 5250000,
Cold Start: false
Unique ID: dcb4f4485ec3ee74d953e62d1a738fa4,
Execution Time for Trace ID dcb4f4485ec3ee74d953e62d1a738fa4: 325 ms
Input: 5250000,
Cold Start: false
Unique ID: af87acc94ccb73cbdafc3663935aad88,
Execution Time for Trace ID af87acc94ccb73cbdafc3663935aad88: 360 ms
Input: 5250000,
Cold Start: false
Unique ID: f29d9221af6b213e7510dc6aad35216d,
Execution Time for Trace ID f29d9221af6b213e7510dc6aad35216d: 401 ms
Input: 5250000,
Cold Start: false
Unique ID: ebd11e0027b50b328e12026ccefe8606,
Execution Time for Trace ID ebd11e0027b50b328e12026ccefe8606: 385 ms
Input: 5250000,
Cold Start: false
Unique ID: 9928e1ffde89eaf0fe6c4ece30c6fe75,
Execution Time for Trace ID 9928e1ffde89eaf0fe6c4ece30c6fe75: 339 ms
Input: 5250000,
Cold Start: false
Unique ID: ae3565c5cb2ac13fd93ed66c73d50806,
Execution Time for Trace ID ae3565c5cb2ac13fd93ed66c73d50806: 387 ms
Input: 5250000,
Cold Start: false
Unique ID: baed165eded5a810cb0983279b46734f,
Execution Time for Trace ID baed165eded5a810cb0983279b46734f: 371 ms
Input: 5250000,
Cold Start: false
Unique ID: 244552fa2e6adbf6bfbfa058303a651b,
Execution Time for Trace ID 244552fa2e6adbf6bfbfa058303a651b: 347 ms
Input: 5250000,
Cold Start: false
Unique ID: bc1ddbdb08a2aec319cf0d8ab44b2fbc,
Execution Time for Trace ID bc1ddbdb08a2aec319cf0d8ab44b2fbc: 351 ms
Input: 5250000,
Cold Start: false
Unique ID: 9678474647e32af7c9e94882dad757d3,
Execution Time for Trace ID 9678474647e32af7c9e94882dad757d3: 339 ms
Input: 5250000,
Cold Start: false
Unique ID: 669552eb7e401347767099468ebecbbf,
Execution Time for Trace ID 669552eb7e401347767099468ebecbbf: 384 ms
Input: 5250000,
Cold Start: false
Unique ID: fbedcd7bb84c6ea5ea930d14ca02b00c,
Execution Time for Trace ID fbedcd7bb84c6ea5ea930d14ca02b00c: 367 ms
Input: 5250000,
Cold Start: false
Unique ID: e4e3a225933fd355c392aceffef67dfc,
Execution Time for Trace ID e4e3a225933fd355c392aceffef67dfc: 396 ms
Input: 5250000,
Cold Start: false
Unique ID: a691388661bbc091ca09da5b622494f5,
Execution Time for Trace ID a691388661bbc091ca09da5b622494f5: 360 ms
Input: 5250000,
Cold Start: false
Unique ID: eeead992e73dfe02303523cd1791e82f,
Execution Time for Trace ID eeead992e73dfe02303523cd1791e82f: 341 ms
Input: 5250000,
Cold Start: false
Unique ID: 40f2d9d8914baf20dc3630c8f4f2098d,
Execution Time for Trace ID 40f2d9d8914baf20dc3630c8f4f2098d: 382 ms
Input: 5250000,
Cold Start: false
Unique ID: 76907e04a6ba96ca757e2d07b0402bb7,
Execution Time for Trace ID 76907e04a6ba96ca757e2d07b0402bb7: 355 ms
Input: 5250000,
Cold Start: false
Unique ID: d3d4394ac08b4d180cc86e31bd5057cc,
Execution Time for Trace ID d3d4394ac08b4d180cc86e31bd5057cc: 346 ms
Input: 5250000,
Cold Start: false
Unique ID: c9f27453a47ece55cef8086b50e7e0ae,
Execution Time for Trace ID c9f27453a47ece55cef8086b50e7e0ae: 348 ms
Input: 5250000,
Cold Start: false
Unique ID: 527b1eb630e990ebd02b63a534fe1649,
Execution Time for Trace ID 527b1eb630e990ebd02b63a534fe1649: 341 ms
Input: 5250000,
Cold Start: false
Unique ID: 7e62911ae8e7ba5fa5b5b1ec6bb3db01,
Execution Time for Trace ID 7e62911ae8e7ba5fa5b5b1ec6bb3db01: 334 ms
Input: 5250000,
Cold Start: false
Unique ID: 7a61202638770fc0222ba8708e167a6e,
Execution Time for Trace ID 7a61202638770fc0222ba8708e167a6e: 412 ms
Input: 5250000,
Cold Start: false
Unique ID: e9cbd6ed1db4979f68603a9fbf021f8e,
Execution Time for Trace ID e9cbd6ed1db4979f68603a9fbf021f8e: 345 ms
Input: 5250000,
Cold Start: false
Unique ID: 6f83fcc8a1829873e99e23269069fb32,
Execution Time for Trace ID 6f83fcc8a1829873e99e23269069fb32: 391 ms
Input: 5250000,
Cold Start: false
Unique ID: 305c33fab8b7c5c434081d7d15f07a65,
Execution Time for Trace ID 305c33fab8b7c5c434081d7d15f07a65: 349 ms
Input: 5250000,
Cold Start: false
Unique ID: 46045778b9bedb801b377e03b57535d4,
Execution Time for Trace ID 46045778b9bedb801b377e03b57535d4: 384 ms
Input: 5250000,
Cold Start: false
Unique ID: ae50c994eb5798c3509aa3af971c8e72,
Execution Time for Trace ID ae50c994eb5798c3509aa3af971c8e72: 338 ms
Input: 5250000,
Cold Start: false
Unique ID: 226d1fe6f88a8bf594e044fe923c9a7a,
Execution Time for Trace ID 226d1fe6f88a8bf594e044fe923c9a7a: 351 ms
Input: 5250000,
Cold Start: false
Unique ID: a99107ac08de84ca352106f7b7e71125,
Execution Time for Trace ID a99107ac08de84ca352106f7b7e71125: 360 ms
Input: 5250000,
Cold Start: false
Unique ID: caa4deeaaa6d1e805ff0939fd7d2a922,
Execution Time for Trace ID caa4deeaaa6d1e805ff0939fd7d2a922: 354 ms
Input: 5250000,
Cold Start: false
Unique ID: 935ff61d023e1e575ae9e90d54acc8ab,
Execution Time for Trace ID 935ff61d023e1e575ae9e90d54acc8ab: 385 ms
Input: 5250000,
Cold Start: false
Unique ID: d662b747ea9a59b306f2081aeb4da1c5,
Execution Time for Trace ID d662b747ea9a59b306f2081aeb4da1c5: 339 ms
Input: 5250000,
Cold Start: false
Unique ID: 62209af61a944a8d65aad0ca0e0a702f,
Execution Time for Trace ID 62209af61a944a8d65aad0ca0e0a702f: 348 ms
Input: 5250000,
Cold Start: false
Unique ID: 9f8f1dd874dccc1ab421ea1bfec36eb1,
Execution Time for Trace ID 9f8f1dd874dccc1ab421ea1bfec36eb1: 359 ms
Input: 5250000,
Cold Start: false
Unique ID: a2e1c73235ad5d6015df400763f9e363,
Execution Time for Trace ID a2e1c73235ad5d6015df400763f9e363: 350 ms
Input: 5250000,
Cold Start: false
Unique ID: bec3e91e8702933e4fe6290d62520b2e,
Execution Time for Trace ID bec3e91e8702933e4fe6290d62520b2e: 387 ms
Input: 5250000,
Cold Start: false
Unique ID: f88e34361253b53d417a1d9b28b0d10d,
Execution Time for Trace ID f88e34361253b53d417a1d9b28b0d10d: 357 ms
Input: 5250000,
Cold Start: false
Unique ID: b8de7bc89f524c6d4e8bbf6861cb5ca6,
Execution Time for Trace ID b8de7bc89f524c6d4e8bbf6861cb5ca6: 406 ms
Input: 5250000,
Cold Start: false
Unique ID: a0810c287c29f6ab181e69a3f4bbb323,
Execution Time for Trace ID a0810c287c29f6ab181e69a3f4bbb323: 394 ms
Input: 5250000,
Cold Start: false
Unique ID: a511addfad620f36a3650f7ffebba3d0,
Execution Time for Trace ID a511addfad620f36a3650f7ffebba3d0: 337 ms
Input: 5250000,
Cold Start: false
Unique ID: fc23533ed281961ff625bc6530ffe697,
Execution Time for Trace ID fc23533ed281961ff625bc6530ffe697: 381 ms
Input: 5250000,
Cold Start: false
Unique ID: a6c3ba8d335dab61d736b0865c154ec7,
Execution Time for Trace ID a6c3ba8d335dab61d736b0865c154ec7: 351 ms
Input: 5250000,
Cold Start: false
Unique ID: 9f067ace02042c05afe82fd7d6b7d82c,
Execution Time for Trace ID 9f067ace02042c05afe82fd7d6b7d82c: 345 ms
Input: 5250000,
Cold Start: false
Unique ID: 5c5f5c0765a4a68ebb2f50d120f8256a,
Execution Time for Trace ID 5c5f5c0765a4a68ebb2f50d120f8256a: 359 ms
Input: 5250000,
Cold Start: false
Unique ID: dec95e544b29078edcd3d381f03db570,
Execution Time for Trace ID dec95e544b29078edcd3d381f03db570: 342 ms
Input: 5250000,
Cold Start: false
Unique ID: ee8d5ff9b70982261064b0ca0929ee4d,
Execution Time for Trace ID ee8d5ff9b70982261064b0ca0929ee4d: 192 ms
Input: 5250000,
Cold Start: false
Unique ID: 056e5a88ae9531e12bf9a33f6dd97b4d,
Execution Time for Trace ID 056e5a88ae9531e12bf9a33f6dd97b4d: 384 ms
Input: 5250000,
Cold Start: false
Unique ID: 37239509d9e5a2b90c65b79d5f6e84ce,
Execution Time for Trace ID 37239509d9e5a2b90c65b79d5f6e84ce: 356 ms
Input: 5250000,
Cold Start: false
Unique ID: 7387832722789796e56c946d53af5782,
Execution Time for Trace ID 7387832722789796e56c946d53af5782: 346 ms
Input: 5250000,
Cold Start: false
Unique ID: cc64dab2f7a4f1b590eab7e2da600b8c,
Execution Time for Trace ID cc64dab2f7a4f1b590eab7e2da600b8c: 339 ms
Input: 5250000,
Cold Start: false
Unique ID: 42e83325822cccb2ff0c347f84543b4b,
Execution Time for Trace ID 42e83325822cccb2ff0c347f84543b4b: 343 ms
Input: 5250000,
Cold Start: false
Unique ID: bb3fe06d229f92cf3bc2fe2368d90e37,
Execution Time for Trace ID bb3fe06d229f92cf3bc2fe2368d90e37: 415 ms
Input: 5250000,
Cold Start: false
Unique ID: 593f47c1c76ce3efb355c12fcfa935df,
Execution Time for Trace ID 593f47c1c76ce3efb355c12fcfa935df: 407 ms
Input: 5250000,
Cold Start: false
Unique ID: 0aa8d8cd0b174a0382e1528074f306f7,
Execution Time for Trace ID 0aa8d8cd0b174a0382e1528074f306f7: 394 ms
Input: 5250000,
Cold Start: false
Unique ID: 307baf2406ebbd55dc3cdc04e23dc1cb,
Execution Time for Trace ID 307baf2406ebbd55dc3cdc04e23dc1cb: 348 ms
Input: 5250000,
Cold Start: false
Unique ID: 1e2425885ed88ed899cbc25f9edac197,
Execution Time for Trace ID 1e2425885ed88ed899cbc25f9edac197: 383 ms
Input: 5250000,
Cold Start: false
Unique ID: 6d35c328484e4d71760ad32954e5c177,
Execution Time for Trace ID 6d35c328484e4d71760ad32954e5c177: 341 ms
Input: 5250000,
Cold Start: false
Unique ID: 6c17c0c12a1be833516df38c77aa8c1a,
Execution Time for Trace ID 6c17c0c12a1be833516df38c77aa8c1a: 347 ms
Input: 5250000,
Cold Start: false
Unique ID: d8012beb74cd69c38110b12ae5fe082e,
Execution Time for Trace ID d8012beb74cd69c38110b12ae5fe082e: 361 ms
Input: 5250000,
Cold Start: false
Unique ID: 32a2f6742530625245507e233afc6d45,
Execution Time for Trace ID 32a2f6742530625245507e233afc6d45: 341 ms
Input: 5250000,
Cold Start: false
Unique ID: bccd2577df661bc67a61d57e50133a60,
Execution Time for Trace ID bccd2577df661bc67a61d57e50133a60: 357 ms
Input: 5250000,
Cold Start: false
Unique ID: 9d29386958700bd1e1626773124129f4,
Execution Time for Trace ID 9d29386958700bd1e1626773124129f4: 392 ms
Input: 5250000,
Cold Start: false
Unique ID: 4848cf0d23d07289258474595cf0825a,
Execution Time for Trace ID 4848cf0d23d07289258474595cf0825a: 361 ms
Input: 5250000,
Cold Start: false
Unique ID: e7f7c7bd2af8eb9d57ea657aec604338,
Execution Time for Trace ID e7f7c7bd2af8eb9d57ea657aec604338: 410 ms
Input: 5250000,
Cold Start: false
Unique ID: 99759e64e68355ebbbe4c938ec37fb97,
Execution Time for Trace ID 99759e64e68355ebbbe4c938ec37fb97: 346 ms
Input: 5250000,
Cold Start: false
Unique ID: 6a379e83471d24de760ad32954e5c2e6,
Execution Time for Trace ID 6a379e83471d24de760ad32954e5c2e6: 383 ms
Input: 5250000,
Cold Start: false
Unique ID: 890fdb29c99f95dba915c4d9986b8064,
Execution Time for Trace ID 890fdb29c99f95dba915c4d9986b8064: 362 ms
Input: 5250000,
Cold Start: false
Unique ID: 41d0ae58943f275653d4067c9a09a169,
Execution Time for Trace ID 41d0ae58943f275653d4067c9a09a169: 345 ms
Input: 5250000,
Cold Start: false
Unique ID: 87c04add7e2ff73f551b9dbea29d36d6,
Execution Time for Trace ID 87c04add7e2ff73f551b9dbea29d36d6: 343 ms
Input: 5250000,
Cold Start: false
Unique ID: 1b7f9899e67cd8889a567a3c63bdb974,
Execution Time for Trace ID 1b7f9899e67cd8889a567a3c63bdb974: 350 ms
Input: 5250000,
Cold Start: false
Unique ID: bcc11ae58149ce4dcf42dcc92d0ea7dc,
Execution Time for Trace ID bcc11ae58149ce4dcf42dcc92d0ea7dc: 352 ms
Input: 5250000,
Cold Start: false
Unique ID: a4ec5e7fd9dfebccd67a14ee5d571652,
Execution Time for Trace ID a4ec5e7fd9dfebccd67a14ee5d571652: 411 ms
Input: 5250000,
Cold Start: false
Unique ID: 8c5d85d0748a819b657e8a417908424b,
Execution Time for Trace ID 8c5d85d0748a819b657e8a417908424b: 407 ms
Input: 5250000,
Cold Start: false
Unique ID: 7ceb791459c293552451d53a293d9b87,
Execution Time for Trace ID 7ceb791459c293552451d53a293d9b87: 374 ms
Input: 5250000,
Cold Start: false
Unique ID: b734b9874b51aa9cdba6b7f1b4f94782,
Execution Time for Trace ID b734b9874b51aa9cdba6b7f1b4f94782: 362 ms
Input: 5250000,
Cold Start: false
Unique ID: 85efc5cce39724b0a63be6998a88a720,
Execution Time for Trace ID 85efc5cce39724b0a63be6998a88a720: 385 ms
Input: 5250000,
Cold Start: false
Unique ID: 78053f5acac649627270d0ce80ba588d,
Execution Time for Trace ID 78053f5acac649627270d0ce80ba588d: 342 ms
Input: 5250000,
Cold Start: false
Unique ID: 83f9e26725df11f9d971ff49caf8e1e7,
Execution Time for Trace ID 83f9e26725df11f9d971ff49caf8e1e7: 344 ms
Input: 5250000,
Cold Start: false
Unique ID: 2b0d868a0d18b224f3bf8cf663015fee,
Execution Time for Trace ID 2b0d868a0d18b224f3bf8cf663015fee: 346 ms
Input: 5250000,
Cold Start: false
Unique ID: 7981d005a76e29e427ca966b8acb5c56,
Execution Time for Trace ID 7981d005a76e29e427ca966b8acb5c56: 345 ms
Input: 5250000,
Cold Start: false
Unique ID: 8d25d5799bbc4755c138fe9e782cec45,
Execution Time for Trace ID 8d25d5799bbc4755c138fe9e782cec45: 335 ms
Input: 5250000,
Cold Start: false
Unique ID: a62e1496bc277a46e230a095de2a65cd,
Execution Time for Trace ID a62e1496bc277a46e230a095de2a65cd: 408 ms
Input: 5250000,
Cold Start: false
Unique ID: 0f10da98f352b11569c3d6af7c7fe011,
Execution Time for Trace ID 0f10da98f352b11569c3d6af7c7fe011: 346 ms
Input: 5250000,
Cold Start: false
Unique ID: 1dcb042a50289270a0e70b3e604cb222,
Execution Time for Trace ID 1dcb042a50289270a0e70b3e604cb222: 351 ms
Input: 5250000,
Cold Start: false
Unique ID: 5d20c1682ac643bf771bcf8511f5a0e5,
Execution Time for Trace ID 5d20c1682ac643bf771bcf8511f5a0e5: 346 ms
Input: 5250000,
Cold Start: false
Unique ID: 4fc81e8cf8268be20d96b6d2f4d359f5,
Execution Time for Trace ID 4fc81e8cf8268be20d96b6d2f4d359f5: 342 ms
Input: 5250000,
Cold Start: false
Unique ID: b2dc45041a1d6f95d8331ebd350e07fb,
Execution Time for Trace ID b2dc45041a1d6f95d8331ebd350e07fb: 405 ms
Input: 5250000,
Cold Start: false
Unique ID: b028c2b6f09c745f261f2d72ff19b6ba,
Execution Time for Trace ID b028c2b6f09c745f261f2d72ff19b6ba: 409 ms
Input: 5250000,
Cold Start: false
Unique ID: 0569725cb7bce502ff529bee9b266c01,
Execution Time for Trace ID 0569725cb7bce502ff529bee9b266c01: 403 ms
Input: 5250000,
Cold Start: false
Unique ID: 36d850d940b9a8ba5570e6c786fbbd5a,
Execution Time for Trace ID 36d850d940b9a8ba5570e6c786fbbd5a: 346 ms
Input: 5250000,
Cold Start: false
Unique ID: 636f320fc64dfc4459d8b34ecb5d8dae,
Execution Time for Trace ID 636f320fc64dfc4459d8b34ecb5d8dae: 381 ms
Input: 5250000,
Cold Start: false
Unique ID: a376e491e84badf3b727439107362552,
Execution Time for Trace ID a376e491e84badf3b727439107362552: 345 ms
Input: 5250000,
Cold Start: false
Unique ID: dedb822b72d9e2810b1c06237837bd26,
Execution Time for Trace ID dedb822b72d9e2810b1c06237837bd26: 345 ms
Input: 5250000,
Cold Start: false
Unique ID: f99db97a927776367984a352de0cd228,
Execution Time for Trace ID f99db97a927776367984a352de0cd228: 390 ms
Input: 5250000,
Cold Start: false
Unique ID: 09383a05224e07c3a4b0ba368edfa352,
Execution Time for Trace ID 09383a05224e07c3a4b0ba368edfa352: 353 ms
Input: 5250000,
Cold Start: false
Unique ID: c50d473e688d22e0b32e653581829407,
Execution Time for Trace ID c50d473e688d22e0b32e653581829407: 388 ms
Input: 5250000,
Cold Start: false
Unique ID: 860ed9201c51a7f256c90216bbd8c01a,
Execution Time for Trace ID 860ed9201c51a7f256c90216bbd8c01a: 337 ms
Input: 5250000,
Cold Start: false
Unique ID: e062eb826f915734ce838ceb5b65510d,
Execution Time for Trace ID e062eb826f915734ce838ceb5b65510d: 344 ms
Input: 5250000,
Cold Start: false
Unique ID: 69685556b3ef159c204fa2f82f03fed3,
Execution Time for Trace ID 69685556b3ef159c204fa2f82f03fed3: 381 ms
Input: 5250000,
Cold Start: false
Unique ID: 1be9cd63ecd86a4e0ea07e3274978dd2,
Execution Time for Trace ID 1be9cd63ecd86a4e0ea07e3274978dd2: 345 ms
Input: 5250000,
Cold Start: false
Unique ID: 26e21788b9f85aabb9134d38943367c2,
Execution Time for Trace ID 26e21788b9f85aabb9134d38943367c2: 389 ms
Input: 5250000,
Cold Start: false
Unique ID: 3d97db9e2c70aea3e82860560b064b17,
Execution Time for Trace ID 3d97db9e2c70aea3e82860560b064b17: 353 ms
Input: 5250000,
Cold Start: false
Unique ID: 0c1fb816ba6a85db2b3dd086568b6f96,
Execution Time for Trace ID 0c1fb816ba6a85db2b3dd086568b6f96: 411 ms
Input: 5250000,
Cold Start: false
Unique ID: 06f39ee2bf0e7815d55247d4f6936ede,
Execution Time for Trace ID 06f39ee2bf0e7815d55247d4f6936ede: 360 ms
Input: 5250000,
Cold Start: false
Unique ID: dfd50c35ca462e3577a7b32555080c96,
Execution Time for Trace ID dfd50c35ca462e3577a7b32555080c96: 352 ms
Input: 5250000,
Cold Start: false
Unique ID: 686225b32e9ef782aa55f992bd24790f,
Execution Time for Trace ID 686225b32e9ef782aa55f992bd24790f: 384 ms
Input: 5250000,
Cold Start: false
Unique ID: 66c4150730e34b8fb4e5990faa8b4e95,
Execution Time for Trace ID 66c4150730e34b8fb4e5990faa8b4e95: 352 ms
Input: 5250000,
Cold Start: false
Unique ID: 00cc298cf56b7630f8c2a5d4b5a2a929,
Execution Time for Trace ID 00cc298cf56b7630f8c2a5d4b5a2a929: 340 ms
Input: 5250000,
Cold Start: false
Unique ID: c45ddeb95cf9701e6e92b5ba63b41aff,
Execution Time for Trace ID c45ddeb95cf9701e6e92b5ba63b41aff: 393 ms
Input: 5250000,
Cold Start: false
Unique ID: c963b5d97555a3aca836ba6a2c6e60b5,
Execution Time for Trace ID c963b5d97555a3aca836ba6a2c6e60b5: 343 ms
Input: 5250000,
Cold Start: false
Unique ID: b47566c39968c74f2826c84dfee41948,
Execution Time for Trace ID b47566c39968c74f2826c84dfee41948: 382 ms
Input: 5250000,
Cold Start: false
Unique ID: b4b1441ff247a6df49b060015d6bd220,
Execution Time for Trace ID b4b1441ff247a6df49b060015d6bd220: 345 ms
Input: 5250000,
Cold Start: false
Unique ID: acafe462ddbcd1351a0112fe3d94bd1a,
Execution Time for Trace ID acafe462ddbcd1351a0112fe3d94bd1a: 344 ms
Input: 5250000,
Cold Start: false
Unique ID: 1efb800800ed4cbf2c528d57a6f02398,
Execution Time for Trace ID 1efb800800ed4cbf2c528d57a6f02398: 355 ms
Input: 5250000,
Cold Start: false
Unique ID: 4aee2f1fba8253fc5b78495b4df9f534,
Execution Time for Trace ID 4aee2f1fba8253fc5b78495b4df9f534: 351 ms
Input: 5250000,
Cold Start: false
Unique ID: 917c6d36cf04e3ceb37309b6274f64b0,
Execution Time for Trace ID 917c6d36cf04e3ceb37309b6274f64b0: 363 ms
Input: 5250000,
Cold Start: false
Unique ID: 75cb65960bceba78e89597670b55628e,
Execution Time for Trace ID 75cb65960bceba78e89597670b55628e: 398 ms
Input: 5250000,
Cold Start: false
Unique ID: b8acba8f9583a6a46777fc5c3e2390fe,
Execution Time for Trace ID b8acba8f9583a6a46777fc5c3e2390fe: 358 ms
Input: 5250000,
Cold Start: false
Unique ID: 46323340885b8e8b9dd1a45b843a1117,
Execution Time for Trace ID 46323340885b8e8b9dd1a45b843a1117: 347 ms
Input: 5250000,
Cold Start: false
Unique ID: a08573d23f88ba0a013a7d678c9ea824,
Execution Time for Trace ID a08573d23f88ba0a013a7d678c9ea824: 349 ms
Input: 5250000,
Cold Start: false
Unique ID: e1cf3d6f1ec3fdbd57a2d74a53d7a1fa,
Execution Time for Trace ID e1cf3d6f1ec3fdbd57a2d74a53d7a1fa: 396 ms
Input: 5250000,
Cold Start: false
Unique ID: bce3e4bbf6c8a13f8cf3bd4dfe4775d6,
Execution Time for Trace ID bce3e4bbf6c8a13f8cf3bd4dfe4775d6: 349 ms
Input: 5250000,
Cold Start: false
Unique ID: 65f7a470af51f9f995be9a676a040db2,
Execution Time for Trace ID 65f7a470af51f9f995be9a676a040db2: 416 ms
Input: 5250000,
Cold Start: false
Unique ID: 48107f40bcc8a59a225ffa8f278d564a,
Execution Time for Trace ID 48107f40bcc8a59a225ffa8f278d564a: 393 ms
Input: 5250000,
Cold Start: false
Unique ID: f744b96d6da405052e2a8939ce1fc569,
Execution Time for Trace ID f744b96d6da405052e2a8939ce1fc569: 349 ms
Input: 5250000,
Cold Start: false
Unique ID: 4bca1b78882d103460bbbccfdfd6134c,
Execution Time for Trace ID 4bca1b78882d103460bbbccfdfd6134c: 382 ms
Input: 5250000,
Cold Start: false
Unique ID: 6d4975df049994964fd560985d0d42d3,
Execution Time for Trace ID 6d4975df049994964fd560985d0d42d3: 358 ms
Input: 5250000,
Cold Start: false
Unique ID: 9ed8e08e862b5fc3210a549193cebe63,
Execution Time for Trace ID 9ed8e08e862b5fc3210a549193cebe63: 338 ms
Input: 5250000,
Cold Start: false
Unique ID: 44dee1346d18ec71b1d9a67230a27a5e,
Execution Time for Trace ID 44dee1346d18ec71b1d9a67230a27a5e: 350 ms
Input: 5250000,
Cold Start: false
Unique ID: 4d21f10de5dd3adc9052f43ffedbad6e,
Execution Time for Trace ID 4d21f10de5dd3adc9052f43ffedbad6e: 350 ms
Input: 5250000,
Cold Start: false
Unique ID: e6452f1502fe190084224d44d3b27024,
Execution Time for Trace ID e6452f1502fe190084224d44d3b27024: 384 ms
Input: 5250000,
Cold Start: false
Unique ID: 74f1a57b8f5f36cc5e075efcc5533a87,
Execution Time for Trace ID 74f1a57b8f5f36cc5e075efcc5533a87: 343 ms
Input: 5250000,
Cold Start: false
Unique ID: ddd104b99ac70727e38e4f9afa7b9d32,
Execution Time for Trace ID ddd104b99ac70727e38e4f9afa7b9d32: 409 ms
Input: 5250000,
Cold Start: false
Unique ID: 77244c50056e6a7e64df01b43c5f89b3,
Execution Time for Trace ID 77244c50056e6a7e64df01b43c5f89b3: 362 ms
Input: 5250000,
Cold Start: false
