Unique ID: 564f0e0a8d3ae71f354292952c5aa537,
Execution Time for Trace ID 564f0e0a8d3ae71f354292952c5aa537: 50 ms
Input: 1102500,
Cold Start: false
Unique ID: cfdb663e9034d36d5d5fac452ecd4365,
Execution Time for Trace ID cfdb663e9034d36d5d5fac452ecd4365: 50 ms
Input: 1102500,
Cold Start: false
Unique ID: 822beb2aa1fd0cd5d796f6a233e5d935,
Execution Time for Trace ID 822beb2aa1fd0cd5d796f6a233e5d935: 34 ms
Input: 1102500,
Cold Start: false
Unique ID: 5c28b904aa0c91e962134ccf16446a95,
Execution Time for Trace ID 5c28b904aa0c91e962134ccf16446a95: 147 ms
Input: 1102500,
Cold Start: false
Unique ID: 616a8a0329e6bab954bd2193462289fd,
Execution Time for Trace ID 616a8a0329e6bab954bd2193462289fd: 110 ms
Input: 1102500,
Cold Start: false
Unique ID: 3c8908d6a3d6c09861347640a13df509,
Execution Time for Trace ID 3c8908d6a3d6c09861347640a13df509: 96 ms
Input: 1102500,
Cold Start: false
Unique ID: 045a506d759111f8bd322d07cc058892,
Execution Time for Trace ID 045a506d759111f8bd322d07cc058892: 162 ms
Input: 1102500,
Cold Start: false
Unique ID: feeda335281065b3b0cc361fdc22437e,
Execution Time for Trace ID feeda335281065b3b0cc361fdc22437e: 117 ms
Input: 1102500,
Cold Start: false
Unique ID: ca2fce62aecb1cd80471d2f12a879701,
Execution Time for Trace ID ca2fce62aecb1cd80471d2f12a879701: 95 ms
Input: 1102500,
Cold Start: false
Unique ID: 176613fc60a2dc06f14b95fb16880104,
Execution Time for Trace ID 176613fc60a2dc06f14b95fb16880104: 78 ms
Input: 1102500,
Cold Start: false
Unique ID: b02f0d1a7bd8a41285312767b479121c,
Execution Time for Trace ID b02f0d1a7bd8a41285312767b479121c: 44 ms
Input: 1102500,
Cold Start: false
Unique ID: 014a469967e1bcff4db8a53d8fa2ad5b,
Execution Time for Trace ID 014a469967e1bcff4db8a53d8fa2ad5b: 59 ms
Input: 1102500,
Cold Start: false
Unique ID: ac3fc5bb00a7378977214eac6e88adf8,
Execution Time for Trace ID ac3fc5bb00a7378977214eac6e88adf8: 30 ms
Input: 1102500,
Cold Start: false
Unique ID: 52d287e3f3a304f8a1e1eada209779d3,
Execution Time for Trace ID 52d287e3f3a304f8a1e1eada209779d3: 104 ms
Input: 1102500,
Cold Start: false
Unique ID: c3398fb63a9bf92734008cc9902a0d0b,
Execution Time for Trace ID c3398fb63a9bf92734008cc9902a0d0b: 187 ms
Input: 1102500,
Cold Start: false
Unique ID: eaf171d001ac130b12df4f2befd06253,
Execution Time for Trace ID eaf171d001ac130b12df4f2befd06253: 72 ms
Input: 1102500,
Cold Start: false
Unique ID: 30daac333324964984fa893fb8099fb3,
Execution Time for Trace ID 30daac333324964984fa893fb8099fb3: 35 ms
Input: 1102500,
Cold Start: false
Unique ID: f86eb2528125c2bf48595f7222abc6d1,
Execution Time for Trace ID f86eb2528125c2bf48595f7222abc6d1: 65 ms
Input: 1102500,
Cold Start: false
Unique ID: 51eaad331f82435c3391b0c42491bfa8,
Execution Time for Trace ID 51eaad331f82435c3391b0c42491bfa8: 83 ms
Input: 1102500,
Cold Start: false
Unique ID: 1600d83fb19990510bcdac5151dd1d3e,
Execution Time for Trace ID 1600d83fb19990510bcdac5151dd1d3e: 69 ms
Input: 1102500,
Cold Start: false
Unique ID: a7b8c3228ea0662f63860c048179f492,
Execution Time for Trace ID a7b8c3228ea0662f63860c048179f492: 32 ms
Input: 1102500,
Cold Start: false
Unique ID: d2b7201fef34ed43444e7034a2aef25e,
Execution Time for Trace ID d2b7201fef34ed43444e7034a2aef25e: 185 ms
Input: 1102500,
Cold Start: false
Unique ID: 86f7d01bfe0e4d9a6241ff64c3db002f,
Execution Time for Trace ID 86f7d01bfe0e4d9a6241ff64c3db002f: 132 ms
Input: 1102500,
Cold Start: false
Unique ID: 3e66067c38ebe34db7a3d04cda690cb5,
Execution Time for Trace ID 3e66067c38ebe34db7a3d04cda690cb5: 97 ms
Input: 1102500,
Cold Start: false
Unique ID: 8b80ec4ed67b37a4d50b6cd5fdf1a9cf,
Execution Time for Trace ID 8b80ec4ed67b37a4d50b6cd5fdf1a9cf: 33 ms
Input: 1102500,
Cold Start: false
Unique ID: 8f8b7936913f2d1abeea7a2da961f0c9,
Execution Time for Trace ID 8f8b7936913f2d1abeea7a2da961f0c9: 71 ms
Input: 1102500,
Cold Start: false
Unique ID: 75bd506826f5cc15eab38462d12a37f1,
Execution Time for Trace ID 75bd506826f5cc15eab38462d12a37f1: 111 ms
Input: 1102500,
Cold Start: false
Unique ID: d0db0ae4e03446c062612bfac31664c5,
Execution Time for Trace ID d0db0ae4e03446c062612bfac31664c5: 78 ms
Input: 1102500,
Cold Start: false
Unique ID: 2b518ba70f85836084fe85f58387796f,
Execution Time for Trace ID 2b518ba70f85836084fe85f58387796f: 63 ms
Input: 1102500,
Cold Start: false
Unique ID: c4224eccf3d8f6b0dab1e74d80c326cd,
Execution Time for Trace ID c4224eccf3d8f6b0dab1e74d80c326cd: 186 ms
Input: 1102500,
Cold Start: false
Unique ID: de0c5f753530d678607289757aaaf3c5,
Execution Time for Trace ID de0c5f753530d678607289757aaaf3c5: 31 ms
Input: 1102500,
Cold Start: false
Unique ID: 0a4d37b78d0549eeccd41924823b0123,
Execution Time for Trace ID 0a4d37b78d0549eeccd41924823b0123: 137 ms
Input: 1102500,
Cold Start: false
Unique ID: 20030d86c6a7d42dbd83082a6cdf7c6b,
Execution Time for Trace ID 20030d86c6a7d42dbd83082a6cdf7c6b: 43 ms
Input: 1102500,
Cold Start: false
Unique ID: e957779aba4615f5fb775855fa63fd68,
Execution Time for Trace ID e957779aba4615f5fb775855fa63fd68: 40 ms
Input: 1102500,
Cold Start: false
Unique ID: 9613faf5296da36c20b355511dae8a93,
Execution Time for Trace ID 9613faf5296da36c20b355511dae8a93: 44 ms
Input: 1102500,
Cold Start: false
Unique ID: a5ffd71174fff9e1ddc8eae3a999d133,
Execution Time for Trace ID a5ffd71174fff9e1ddc8eae3a999d133: 190 ms
Input: 1102500,
Cold Start: false
Unique ID: 28c8d5f3889d28539f253676edc45df8,
Execution Time for Trace ID 28c8d5f3889d28539f253676edc45df8: 71 ms
Input: 1102500,
Cold Start: false
Unique ID: a04e0370aba4fce45e65b4aadceee757,
Execution Time for Trace ID a04e0370aba4fce45e65b4aadceee757: 199 ms
Input: 1102500,
Cold Start: false
Unique ID: d5aab4779ea585c3669a8009c8fa9654,
Execution Time for Trace ID d5aab4779ea585c3669a8009c8fa9654: 108 ms
Input: 1102500,
Cold Start: false
Unique ID: cde6bd97c5c346416da7a50a1acaf214,
Execution Time for Trace ID cde6bd97c5c346416da7a50a1acaf214: 184 ms
Input: 1102500,
Cold Start: false
Unique ID: 786309ae2bcc252e9f76da0b744febc5,
Execution Time for Trace ID 786309ae2bcc252e9f76da0b744febc5: 141 ms
Input: 1102500,
Cold Start: false
Unique ID: 1d900a1c5d6c0d3f18fcf525aa493124,
Execution Time for Trace ID 1d900a1c5d6c0d3f18fcf525aa493124: 43 ms
Input: 1102500,
Cold Start: false
Unique ID: e359fa197061d9acab5d6a57757277e5,
Execution Time for Trace ID e359fa197061d9acab5d6a57757277e5: 44 ms
Input: 1102500,
Cold Start: false
Unique ID: 19e112e4b81ecf646fd21311636a5e57,
Execution Time for Trace ID 19e112e4b81ecf646fd21311636a5e57: 34 ms
Input: 1102500,
Cold Start: false
Unique ID: 78ef67a123eab157b93af15c3bda0bcd,
Execution Time for Trace ID 78ef67a123eab157b93af15c3bda0bcd: 194 ms
Input: 1102500,
Cold Start: false
Unique ID: 37c345976ebc987d5631751e0190e4cb,
Execution Time for Trace ID 37c345976ebc987d5631751e0190e4cb: 192 ms
Input: 1102500,
Cold Start: false
Unique ID: 581d9b384182d27810aa577696de4994,
Execution Time for Trace ID 581d9b384182d27810aa577696de4994: 70 ms
Input: 1102500,
Cold Start: false
Unique ID: e74a04e653da9593d931a547748c9253,
Execution Time for Trace ID e74a04e653da9593d931a547748c9253: 188 ms
Input: 1102500,
Cold Start: false
Unique ID: 4add597417e26a66d821e2569f54a791,
Execution Time for Trace ID 4add597417e26a66d821e2569f54a791: 141 ms
Input: 1102500,
Cold Start: false
Unique ID: a55654e079b6ca049a92c966a751e1b3,
Execution Time for Trace ID a55654e079b6ca049a92c966a751e1b3: 111 ms
Input: 1102500,
Cold Start: false
Unique ID: 324b0c12e5ba50e1a83ccc27f7fae3be,
Execution Time for Trace ID 324b0c12e5ba50e1a83ccc27f7fae3be: 97 ms
Input: 1102500,
Cold Start: false
Unique ID: da862a7ee3675567ec2bbc44b32e00b7,
Execution Time for Trace ID da862a7ee3675567ec2bbc44b32e00b7: 74 ms
Input: 1102500,
Cold Start: false
Unique ID: 95c7af4e0259e339096295f820ce264e,
Execution Time for Trace ID 95c7af4e0259e339096295f820ce264e: 33 ms
Input: 1102500,
Cold Start: false
Unique ID: 7570db241ecec39746f66225e5f37a4b,
Execution Time for Trace ID 7570db241ecec39746f66225e5f37a4b: 188 ms
Input: 1102500,
Cold Start: false
Unique ID: 6e16be4da1444e006195b6bbb280ad6b,
Execution Time for Trace ID 6e16be4da1444e006195b6bbb280ad6b: 111 ms
Input: 1102500,
Cold Start: false
Unique ID: fd26a526aaeaa7ee80bd17677335e5fe,
Execution Time for Trace ID fd26a526aaeaa7ee80bd17677335e5fe: 64 ms
Input: 1102500,
Cold Start: false
Unique ID: a0c906982fb91cd860975f7d4e35ecf0,
Execution Time for Trace ID a0c906982fb91cd860975f7d4e35ecf0: 35 ms
Input: 1102500,
Cold Start: false
Unique ID: 61c81a29c266dea7ebe320c719b07188,
Execution Time for Trace ID 61c81a29c266dea7ebe320c719b07188: 46 ms
Input: 1102500,
Cold Start: false
Unique ID: 9900c826c0dc0645dbb55f00fa7b02fb,
Execution Time for Trace ID 9900c826c0dc0645dbb55f00fa7b02fb: 51 ms
Input: 1102500,
Cold Start: false
Unique ID: e23d8847aa9ef8fc08caa687eb10200d,
Execution Time for Trace ID e23d8847aa9ef8fc08caa687eb10200d: 130 ms
Input: 1102500,
Cold Start: false
Unique ID: da8901c02f91866fa06e5ad55ed86fbc,
Execution Time for Trace ID da8901c02f91866fa06e5ad55ed86fbc: 186 ms
Input: 1102500,
Cold Start: false
Unique ID: 73c439cbb508beddcea4c184bad27740,
Execution Time for Trace ID 73c439cbb508beddcea4c184bad27740: 114 ms
Input: 1102500,
Cold Start: false
Unique ID: b887846cda417d33eb38eed4b62572f3,
Execution Time for Trace ID b887846cda417d33eb38eed4b62572f3: 91 ms
Input: 1102500,
Cold Start: false
Unique ID: 2632be5f32dbfcad25e3403f08060549,
Execution Time for Trace ID 2632be5f32dbfcad25e3403f08060549: 127 ms
Input: 1102500,
Cold Start: false
Unique ID: 8c8ddc6e9415d5a4f9ce5219a1784a98,
Execution Time for Trace ID 8c8ddc6e9415d5a4f9ce5219a1784a98: 131 ms
Input: 1102500,
Cold Start: false
Unique ID: a7f85c83dcce772061b141463b8bbfd9,
Execution Time for Trace ID a7f85c83dcce772061b141463b8bbfd9: 44 ms
Input: 1102500,
Cold Start: false
Unique ID: f19b704213496a18b5758e6d7356da7f,
Execution Time for Trace ID f19b704213496a18b5758e6d7356da7f: 40 ms
Input: 1102500,
Cold Start: false
Unique ID: 0c2c3aede6472df166ad1cbd1ba942f1,
Execution Time for Trace ID 0c2c3aede6472df166ad1cbd1ba942f1: 191 ms
Input: 1102500,
Cold Start: false
Unique ID: 27dc979038e6905ebdbd990ce11c0cda,
Execution Time for Trace ID 27dc979038e6905ebdbd990ce11c0cda: 74 ms
Input: 1102500,
Cold Start: false
Unique ID: 3849f91e3d3abc62163fc7d0f191219b,
Execution Time for Trace ID 3849f91e3d3abc62163fc7d0f191219b: 93 ms
Input: 1102500,
Cold Start: false
Unique ID: 7ecd2f81c784482347d24eb6effbe667,
Execution Time for Trace ID 7ecd2f81c784482347d24eb6effbe667: 271 ms
Input: 1102500,
Cold Start: false
Unique ID: 018eef41ecd4264e70ccc9996fca8bfe,
Execution Time for Trace ID 018eef41ecd4264e70ccc9996fca8bfe: 183 ms
Input: 1102500,
Cold Start: false
Unique ID: 31cd43495d6a28e9ae6cb5d874dd188c,
Execution Time for Trace ID 31cd43495d6a28e9ae6cb5d874dd188c: 129 ms
Input: 1102500,
Cold Start: false
Unique ID: 417b3cc48053192836b0d1afd60f5ec7,
Execution Time for Trace ID 417b3cc48053192836b0d1afd60f5ec7: 38 ms
Input: 1102500,
Cold Start: false
Unique ID: 10164c99b0ea54064340b62f7126701e,
Execution Time for Trace ID 10164c99b0ea54064340b62f7126701e: 30 ms
Input: 1102500,
Cold Start: false
Unique ID: 387daa6a939d03d698e34adf1af708f5,
Execution Time for Trace ID 387daa6a939d03d698e34adf1af708f5: 131 ms
Input: 1102500,
Cold Start: false
Unique ID: 1d5a5ea84e60d76c16f52d199009de28,
Execution Time for Trace ID 1d5a5ea84e60d76c16f52d199009de28: 191 ms
Input: 1102500,
Cold Start: false
Unique ID: 12e19f5a90ffc5b3f34918b19754a0f7,
Execution Time for Trace ID 12e19f5a90ffc5b3f34918b19754a0f7: 100 ms
Input: 1102500,
Cold Start: false
Unique ID: 3dc5f94245505ebc95de8e410f81e853,
Execution Time for Trace ID 3dc5f94245505ebc95de8e410f81e853: 148 ms
Input: 1102500,
Cold Start: false
Unique ID: 37cebb16bc2090757a92a72dd82394ac,
Execution Time for Trace ID 37cebb16bc2090757a92a72dd82394ac: 265 ms
Input: 1102500,
Cold Start: false
Unique ID: 8599ddf79c112c4943e4706714e85a50,
Execution Time for Trace ID 8599ddf79c112c4943e4706714e85a50: 148 ms
Input: 1102500,
Cold Start: false
Unique ID: 4aa6056407816177f6f9d12c15deb71a,
Execution Time for Trace ID 4aa6056407816177f6f9d12c15deb71a: 63 ms
Input: 1102500,
Cold Start: false
Unique ID: 37b7c5b7e5250dfc87bbbbc6f13d676f,
Execution Time for Trace ID 37b7c5b7e5250dfc87bbbbc6f13d676f: 31 ms
Input: 1102500,
Cold Start: false
Unique ID: 48720a429402fa47d7569ee316b11e19,
Execution Time for Trace ID 48720a429402fa47d7569ee316b11e19: 190 ms
Input: 1102500,
Cold Start: false
Unique ID: e0b2089e60052a5bee289796d8fb4feb,
Execution Time for Trace ID e0b2089e60052a5bee289796d8fb4feb: 72 ms
Input: 1102500,
Cold Start: false
Unique ID: 076794cfabd6a5b9fd7383da31ffea00,
Execution Time for Trace ID 076794cfabd6a5b9fd7383da31ffea00: 226 ms
Input: 1102500,
Cold Start: false
Unique ID: 53d96a55673d7228c70064d2983b4067,
Execution Time for Trace ID 53d96a55673d7228c70064d2983b4067: 93 ms
Input: 1102500,
Cold Start: false
Unique ID: 4320f643a88f7d78466ea2357a05aa23,
Execution Time for Trace ID 4320f643a88f7d78466ea2357a05aa23: 88 ms
Input: 1102500,
Cold Start: false
Unique ID: 6208902ae13d71b448544c29b336a636,
Execution Time for Trace ID 6208902ae13d71b448544c29b336a636: 123 ms
Input: 1102500,
Cold Start: false
Unique ID: 269eb4a460fcddfab36792d72535e228,
Execution Time for Trace ID 269eb4a460fcddfab36792d72535e228: 120 ms
Input: 1102500,
Cold Start: false
Unique ID: 9a3228f87fb2dd8e633a16d496eb8d8d,
Execution Time for Trace ID 9a3228f87fb2dd8e633a16d496eb8d8d: 83 ms
Input: 1102500,
Cold Start: false
Unique ID: 440fdb25236659f52ebf7510f72b8f39,
Execution Time for Trace ID 440fdb25236659f52ebf7510f72b8f39: 157 ms
Input: 1102500,
Cold Start: false
Unique ID: 02157711a59e5aa58cf4ad29cc4728e3,
Execution Time for Trace ID 02157711a59e5aa58cf4ad29cc4728e3: 164 ms
Input: 1102500,
Cold Start: false
Unique ID: 3213bb6e3047b3a88fe06bcc759175c5,
Execution Time for Trace ID 3213bb6e3047b3a88fe06bcc759175c5: 75 ms
Input: 1102500,
Cold Start: false
Unique ID: c55eed1bccda52d8073d23d1b8465ca3,
Execution Time for Trace ID c55eed1bccda52d8073d23d1b8465ca3: 96 ms
Input: 1102500,
Cold Start: false
Unique ID: dd1ac2c02505444c9e422b5bfd65c55f,
Execution Time for Trace ID dd1ac2c02505444c9e422b5bfd65c55f: 209 ms
Input: 1102500,
Cold Start: false
Unique ID: f05ce0dc0ee5d38d1491e011951c94eb,
Execution Time for Trace ID f05ce0dc0ee5d38d1491e011951c94eb: 44 ms
Input: 1102500,
Cold Start: false
Unique ID: 68c613d80da22614ad56e90e22e71b2a,
Execution Time for Trace ID 68c613d80da22614ad56e90e22e71b2a: 46 ms
Input: 1102500,
Cold Start: false
Unique ID: 26f67e81ac0b968f3506110d562f2e90,
Execution Time for Trace ID 26f67e81ac0b968f3506110d562f2e90: 80 ms
Input: 1102500,
Cold Start: false
Unique ID: 60975be2a223cf465cde4e5e01bfd09f,
Execution Time for Trace ID 60975be2a223cf465cde4e5e01bfd09f: 32 ms
Input: 1102500,
Cold Start: false
Unique ID: 42d7b163be661246c7f804740e597080,
Execution Time for Trace ID 42d7b163be661246c7f804740e597080: 193 ms
Input: 1102500,
Cold Start: false
Unique ID: 096fbc80210e4ac39daa074c676913f4,
Execution Time for Trace ID 096fbc80210e4ac39daa074c676913f4: 144 ms
Input: 1102500,
Cold Start: false
Unique ID: 6627180dff1648f57d433f52d255fe4d,
Execution Time for Trace ID 6627180dff1648f57d433f52d255fe4d: 99 ms
Input: 1102500,
Cold Start: false
Unique ID: 20129ad87b42b67ca328f7df03c28bdb,
Execution Time for Trace ID 20129ad87b42b67ca328f7df03c28bdb: 184 ms
Input: 1102500,
Cold Start: false
Unique ID: 9e42f2d3cedb138d43e6c8c4cb9e5c6f,
Execution Time for Trace ID 9e42f2d3cedb138d43e6c8c4cb9e5c6f: 135 ms
Input: 1102500,
Cold Start: false
Unique ID: 10cda743e4134d4fe0fcdd6b13bc77f9,
Execution Time for Trace ID 10cda743e4134d4fe0fcdd6b13bc77f9: 42 ms
Input: 1102500,
Cold Start: false
Unique ID: 3935125828da911f937210784811bbf4,
Execution Time for Trace ID 3935125828da911f937210784811bbf4: 44 ms
Input: 1102500,
Cold Start: false
Unique ID: 8d59932115477b61258567a100568872,
Execution Time for Trace ID 8d59932115477b61258567a100568872: 198 ms
Input: 1102500,
Cold Start: false
Unique ID: e28f94c085ad22136c0f1ed273fee74e,
Execution Time for Trace ID e28f94c085ad22136c0f1ed273fee74e: 77 ms
Input: 1102500,
Cold Start: false
Unique ID: 4701fa8838efa4d8aff3c22b3b848c09,
Execution Time for Trace ID 4701fa8838efa4d8aff3c22b3b848c09: 196 ms
Input: 1102500,
Cold Start: false
Unique ID: 67a64e239fd4441f661bcbc93891d47a,
Execution Time for Trace ID 67a64e239fd4441f661bcbc93891d47a: 107 ms
Input: 1102500,
Cold Start: false
Unique ID: 5e3bb61b1e056857d95be2a1eee32c5f,
Execution Time for Trace ID 5e3bb61b1e056857d95be2a1eee32c5f: 194 ms
Input: 1102500,
Cold Start: false
Unique ID: 948a911ea8de9c14a9930e4a389cad50,
Execution Time for Trace ID 948a911ea8de9c14a9930e4a389cad50: 148 ms
Input: 1102500,
Cold Start: false
Unique ID: 752147d624e617c3f5965b80d7482b3f,
Execution Time for Trace ID 752147d624e617c3f5965b80d7482b3f: 128 ms
Input: 1102500,
Cold Start: false
Unique ID: 3972fb95fc2eaaa47315c84076a8b9b3,
Execution Time for Trace ID 3972fb95fc2eaaa47315c84076a8b9b3: 88 ms
Input: 1102500,
Cold Start: false
Unique ID: 812ea830abb05c2bb043a1131b50bdb8,
Execution Time for Trace ID 812ea830abb05c2bb043a1131b50bdb8: 124 ms
Input: 1102500,
Cold Start: false
Unique ID: 9ee31461baedbc9641fd1d10e6d36e60,
Execution Time for Trace ID 9ee31461baedbc9641fd1d10e6d36e60: 41 ms
Input: 1102500,
Cold Start: false
Unique ID: 48b45233f1696790b786433b01858494,
Execution Time for Trace ID 48b45233f1696790b786433b01858494: 196 ms
Input: 1102500,
Cold Start: false
Unique ID: 9b77998c46d1c8f5cce950fec63b38c0,
Execution Time for Trace ID 9b77998c46d1c8f5cce950fec63b38c0: 69 ms
Input: 1102500,
Cold Start: false
Unique ID: a9d8ec6eb9dbaa05c46ba11ace75da3a,
Execution Time for Trace ID a9d8ec6eb9dbaa05c46ba11ace75da3a: 193 ms
Input: 1102500,
Cold Start: false
Unique ID: 5aeca71b87ab6fb9486bd4132e66bd3b,
Execution Time for Trace ID 5aeca71b87ab6fb9486bd4132e66bd3b: 136 ms
Input: 1102500,
Cold Start: false
Unique ID: 7a4b98cd705a4db0439480683e9760cf,
Execution Time for Trace ID 7a4b98cd705a4db0439480683e9760cf: 38 ms
Input: 1102500,
Cold Start: false
Unique ID: d4ada0cc1e43b3aa6c8579eab53bc423,
Execution Time for Trace ID d4ada0cc1e43b3aa6c8579eab53bc423: 38 ms
Input: 1102500,
Cold Start: false
Unique ID: 1499398b7ea0e42f1d3077fb0b6a12e2,
Execution Time for Trace ID 1499398b7ea0e42f1d3077fb0b6a12e2: 187 ms
Input: 1102500,
Cold Start: false
Unique ID: 69e0c19c0091e8690cf089ed2c044e33,
Execution Time for Trace ID 69e0c19c0091e8690cf089ed2c044e33: 113 ms
Input: 1102500,
Cold Start: false
Unique ID: 692300d6e24ded85f70ddc06452bd126,
Execution Time for Trace ID 692300d6e24ded85f70ddc06452bd126: 188 ms
Input: 1102500,
Cold Start: false
Unique ID: 068c3dffb0fb31c0ef5c876c9afdcee7,
Execution Time for Trace ID 068c3dffb0fb31c0ef5c876c9afdcee7: 100 ms
Input: 1102500,
Cold Start: false
Unique ID: 6a77e0150d3de757b5ca574b06d64067,
Execution Time for Trace ID 6a77e0150d3de757b5ca574b06d64067: 190 ms
Input: 1102500,
Cold Start: false
Unique ID: 45d0a08a2e4ed86ea1bf425f1beabc80,
Execution Time for Trace ID 45d0a08a2e4ed86ea1bf425f1beabc80: 138 ms
Input: 1102500,
Cold Start: false
Unique ID: 2db975992c16bd9e89a85b84be527d23,
Execution Time for Trace ID 2db975992c16bd9e89a85b84be527d23: 37 ms
Input: 1102500,
Cold Start: false
Unique ID: 37a482d8eb1237bbb727af41cbc16734,
Execution Time for Trace ID 37a482d8eb1237bbb727af41cbc16734: 37 ms
Input: 1102500,
Cold Start: false
Unique ID: ce69fe0350b16c16c4a4300f9d04292b,
Execution Time for Trace ID ce69fe0350b16c16c4a4300f9d04292b: 163 ms
Input: 1102500,
Cold Start: false
Unique ID: ce2baac6955923a619efad0eb870b0a5,
Execution Time for Trace ID ce2baac6955923a619efad0eb870b0a5: 72 ms
Input: 1102500,
Cold Start: false
Unique ID: 1a1da4bbe65a98d9d050bb2fa16ccb50,
Execution Time for Trace ID 1a1da4bbe65a98d9d050bb2fa16ccb50: 186 ms
Input: 1102500,
Cold Start: false
Unique ID: 54da5058d976420a66ea5142723ad196,
Execution Time for Trace ID 54da5058d976420a66ea5142723ad196: 97 ms
Input: 1102500,
Cold Start: false
Unique ID: a394bef35b06b70ceda84a4f113dce9e,
Execution Time for Trace ID a394bef35b06b70ceda84a4f113dce9e: 167 ms
Input: 1102500,
Cold Start: false
Unique ID: ad9d6b8c03c9f1e6fd64170b9feb6d8e,
Execution Time for Trace ID ad9d6b8c03c9f1e6fd64170b9feb6d8e: 109 ms
Input: 1102500,
Cold Start: false
Unique ID: 0485736012f64ed45275850c6400fd61,
Execution Time for Trace ID 0485736012f64ed45275850c6400fd61: 43 ms
Input: 1102500,
Cold Start: false
Unique ID: 1a7d7240747e306fda5f5fc1adb1f09d,
Execution Time for Trace ID 1a7d7240747e306fda5f5fc1adb1f09d: 41 ms
Input: 1102500,
Cold Start: false
Unique ID: 24c6ed20e2ffbdbcd9454b53110fa478,
Execution Time for Trace ID 24c6ed20e2ffbdbcd9454b53110fa478: 30 ms
Input: 1102500,
Cold Start: false
Unique ID: 64a412d91f5c57e9bf2299a1ed7eaa0f,
Execution Time for Trace ID 64a412d91f5c57e9bf2299a1ed7eaa0f: 201 ms
Input: 1102500,
Cold Start: false
Unique ID: 1a999ba8519b1310010e5f1d07a027fe,
Execution Time for Trace ID 1a999ba8519b1310010e5f1d07a027fe: 195 ms
Input: 1102500,
Cold Start: false
Unique ID: 79923f6942bfbdfc138fd9a364f56eaa,
Execution Time for Trace ID 79923f6942bfbdfc138fd9a364f56eaa: 95 ms
Input: 1102500,
Cold Start: false
Unique ID: 8329a78abd010679092db10e4306f4f3,
Execution Time for Trace ID 8329a78abd010679092db10e4306f4f3: 194 ms
Input: 1102500,
Cold Start: false
Unique ID: a8e57abd4e05dce0d88fb91bcb94ac23,
Execution Time for Trace ID a8e57abd4e05dce0d88fb91bcb94ac23: 128 ms
Input: 1102500,
Cold Start: false
Unique ID: 05aecf3e5e41758eafdb3a8c90d1a591,
Execution Time for Trace ID 05aecf3e5e41758eafdb3a8c90d1a591: 35 ms
Input: 1102500,
Cold Start: false
Unique ID: 1561b7d3b004c0f4b8c8ba09fdb01fe7,
Execution Time for Trace ID 1561b7d3b004c0f4b8c8ba09fdb01fe7: 34 ms
Input: 1102500,
Cold Start: false
Unique ID: ce0e81a327dd833abce86ad38882f00d,
Execution Time for Trace ID ce0e81a327dd833abce86ad38882f00d: 128 ms
Input: 1102500,
Cold Start: false
Unique ID: 38de937efcad1e5e540036cd0cc6a64c,
Execution Time for Trace ID 38de937efcad1e5e540036cd0cc6a64c: 187 ms
Input: 1102500,
Cold Start: false
Unique ID: 5e931d20e07ee793b0dc1844960db051,
Execution Time for Trace ID 5e931d20e07ee793b0dc1844960db051: 79 ms
Input: 1102500,
Cold Start: false
Unique ID: d88edaa4f66d358906aa6326d571c200,
Execution Time for Trace ID d88edaa4f66d358906aa6326d571c200: 166 ms
Input: 1102500,
Cold Start: false
Unique ID: 126688ea0d0b09d34c394923c1a0ddad,
Execution Time for Trace ID 126688ea0d0b09d34c394923c1a0ddad: 132 ms
Input: 1102500,
Cold Start: false
Unique ID: 926f787bfeb53839bf6ad5601e1fd316,
Execution Time for Trace ID 926f787bfeb53839bf6ad5601e1fd316: 137 ms
Input: 1102500,
Cold Start: false
Unique ID: 43d99cb25d21755960b7f96b7243d29a,
Execution Time for Trace ID 43d99cb25d21755960b7f96b7243d29a: 43 ms
Input: 1102500,
Cold Start: false
Unique ID: 06c19b4bf4ccc9103dfbace2126e8ac7,
Execution Time for Trace ID 06c19b4bf4ccc9103dfbace2126e8ac7: 39 ms
Input: 1102500,
Cold Start: false
Unique ID: 299be7bceca00e67af32624ef1c2018a,
Execution Time for Trace ID 299be7bceca00e67af32624ef1c2018a: 33 ms
Input: 1102500,
Cold Start: false
Unique ID: 0b6cbf2102fac16c44b64c7aa1f9eefc,
Execution Time for Trace ID 0b6cbf2102fac16c44b64c7aa1f9eefc: 93 ms
Input: 1102500,
Cold Start: false
Unique ID: e59400f5b67e5260fba4ca0a7203315d,
Execution Time for Trace ID e59400f5b67e5260fba4ca0a7203315d: 272 ms
Input: 1102500,
Cold Start: false
Unique ID: 694f1199babd095f00badaeb0614937f,
Execution Time for Trace ID 694f1199babd095f00badaeb0614937f: 99 ms
Input: 1102500,
Cold Start: false
Unique ID: f00d09669b3efdf48e3a7a55d470368e,
Execution Time for Trace ID f00d09669b3efdf48e3a7a55d470368e: 273 ms
Input: 1102500,
Cold Start: false
Unique ID: 1cd045834ce2f277fde4877862b29514,
Execution Time for Trace ID 1cd045834ce2f277fde4877862b29514: 121 ms
Input: 1102500,
Cold Start: false
Unique ID: 3d174d47974dc0cdd8a037f6842294b7,
Execution Time for Trace ID 3d174d47974dc0cdd8a037f6842294b7: 41 ms
Input: 1102500,
Cold Start: false
Unique ID: 1497f1ba8313276d10f7da4ea89ef7d6,
Execution Time for Trace ID 1497f1ba8313276d10f7da4ea89ef7d6: 31 ms
Input: 1102500,
Cold Start: false
Unique ID: c51b7a79827750159ca37407de4fe863,
Execution Time for Trace ID c51b7a79827750159ca37407de4fe863: 125 ms
Input: 1102500,
Cold Start: false
Unique ID: dfc18149aaa855d244b329e26af2da8e,
Execution Time for Trace ID dfc18149aaa855d244b329e26af2da8e: 199 ms
Input: 1102500,
Cold Start: false
Unique ID: 223d421d74132338beb0575d058334fc,
Execution Time for Trace ID 223d421d74132338beb0575d058334fc: 106 ms
Input: 1102500,
Cold Start: false
Unique ID: be0bbedf8153c0b4fde4877862b29193,
Execution Time for Trace ID be0bbedf8153c0b4fde4877862b29193: 85 ms
Input: 1102500,
Cold Start: false
Unique ID: 26b5e6d7d95ab6ebb55c4280a0fa00cf,
Execution Time for Trace ID 26b5e6d7d95ab6ebb55c4280a0fa00cf: 138 ms
Input: 1102500,
Cold Start: false
Unique ID: ecb34a0f15ea02ad351668686827c1b8,
Execution Time for Trace ID ecb34a0f15ea02ad351668686827c1b8: 148 ms
Input: 1102500,
Cold Start: false
Unique ID: df2ad3d584ebe64f203185b6a8e15d7c,
Execution Time for Trace ID df2ad3d584ebe64f203185b6a8e15d7c: 122 ms
Input: 1102500,
Cold Start: false
Unique ID: 8783156d00cc48c85b25417e268da8c3,
Execution Time for Trace ID 8783156d00cc48c85b25417e268da8c3: 53 ms
Input: 1102500,
Cold Start: false
Unique ID: 540657e1c9b8e65030f8cdd5d4478ba9,
Execution Time for Trace ID 540657e1c9b8e65030f8cdd5d4478ba9: 69 ms
Input: 1102500,
Cold Start: false
Unique ID: 65401696c1f850f17cd3b1986b21fadb,
Execution Time for Trace ID 65401696c1f850f17cd3b1986b21fadb: 43 ms
Input: 1102500,
Cold Start: false
Unique ID: 9240730531cc8373bd4da1ef1d64cd9c,
Execution Time for Trace ID 9240730531cc8373bd4da1ef1d64cd9c: 170 ms
Input: 1102500,
Cold Start: false
Unique ID: 1677b7de63039c1e865a08dd352584ca,
Execution Time for Trace ID 1677b7de63039c1e865a08dd352584ca: 196 ms
Input: 1102500,
Cold Start: false
Unique ID: 68e149cc43c608d61d52373242e31ed4,
Execution Time for Trace ID 68e149cc43c608d61d52373242e31ed4: 199 ms
Input: 1102500,
Cold Start: false
Unique ID: e4ccba0b1c961312bbb71f1a942adf79,
Execution Time for Trace ID e4ccba0b1c961312bbb71f1a942adf79: 210 ms
Input: 1102500,
Cold Start: false
Unique ID: b27d103ac690b66f70db6ab14a76d7b4,
Execution Time for Trace ID b27d103ac690b66f70db6ab14a76d7b4: 125 ms
Input: 1102500,
Cold Start: false
Unique ID: 3f13045eb66cbc96079663d51067cb23,
Execution Time for Trace ID 3f13045eb66cbc96079663d51067cb23: 80 ms
Input: 1102500,
Cold Start: false
Unique ID: 8af6fa6482d6c9a3ab197a5f76235bc9,
Execution Time for Trace ID 8af6fa6482d6c9a3ab197a5f76235bc9: 79 ms
Input: 1102500,
Cold Start: false
Unique ID: 71cab6dda7c47b37ae9038a95da40d47,
Execution Time for Trace ID 71cab6dda7c47b37ae9038a95da40d47: 50 ms
Input: 1102500,
Cold Start: false
Unique ID: 42c4e6780d0d5822f7b9ab4791e6eea8,
Execution Time for Trace ID 42c4e6780d0d5822f7b9ab4791e6eea8: 183 ms
Input: 1102500,
Cold Start: false
Unique ID: 14a27caee2113532f2219e6c28d9b3d0,
Execution Time for Trace ID 14a27caee2113532f2219e6c28d9b3d0: 29 ms
Input: 1102500,
Cold Start: false
Unique ID: 616c15a22654ba18df5556b75ebc4d9a,
Execution Time for Trace ID 616c15a22654ba18df5556b75ebc4d9a: 270 ms
Input: 1102500,
Cold Start: false
Unique ID: 77cf297cd4d1aaae6e5f0ebfddaf97ac,
Execution Time for Trace ID 77cf297cd4d1aaae6e5f0ebfddaf97ac: 41 ms
Input: 1102500,
Cold Start: false
Unique ID: 76ace2f39c24aa77ed3347ef3ded2720,
Execution Time for Trace ID 76ace2f39c24aa77ed3347ef3ded2720: 37 ms
Input: 1102500,
Cold Start: false
Unique ID: c8dec03bb44025ba2434c36a4ac71e20,
Execution Time for Trace ID c8dec03bb44025ba2434c36a4ac71e20: 36 ms
Input: 1102500,
Cold Start: false
Unique ID: e0b2a5e39219e139037a08598e967038,
Execution Time for Trace ID e0b2a5e39219e139037a08598e967038: 29 ms
Input: 1102500,
Cold Start: false
Unique ID: bf670e520b7e21def9d2d16d236cd82a,
Execution Time for Trace ID bf670e520b7e21def9d2d16d236cd82a: 188 ms
Input: 1102500,
Cold Start: false
Unique ID: 5ca60073b1062186024a157e168e6de1,
Execution Time for Trace ID 5ca60073b1062186024a157e168e6de1: 182 ms
Input: 1102500,
Cold Start: false
Unique ID: 3d5053ebd66ca7cada4d0c09829de68a,
Execution Time for Trace ID 3d5053ebd66ca7cada4d0c09829de68a: 29 ms
Input: 1102500,
Cold Start: false
Unique ID: 2325c5ecbe19c011137c6c901237e8a9,
Execution Time for Trace ID 2325c5ecbe19c011137c6c901237e8a9: 169 ms
Input: 1102500,
Cold Start: false
Unique ID: 5ca1c363c40cb114caf9e86b1edfe580,
Execution Time for Trace ID 5ca1c363c40cb114caf9e86b1edfe580: 51 ms
Input: 1102500,
Cold Start: false
Unique ID: 1659a9367e71baff8815cc07caf68a8d,
Execution Time for Trace ID 1659a9367e71baff8815cc07caf68a8d: 34 ms
Input: 1102500,
Cold Start: false
Unique ID: 3db0ca16802fb1f14ec80c3dfb6017c3,
Execution Time for Trace ID 3db0ca16802fb1f14ec80c3dfb6017c3: 34 ms
Input: 1102500,
Cold Start: false
Unique ID: 26681a78d37851068b5503cb54b8280a,
Execution Time for Trace ID 26681a78d37851068b5503cb54b8280a: 181 ms
Input: 1102500,
Cold Start: false
Unique ID: c71900d1a3b11ec032709d07607d8d05,
Execution Time for Trace ID c71900d1a3b11ec032709d07607d8d05: 91 ms
Input: 1102500,
Cold Start: false
Unique ID: 3d48c4d8f99879d933aded61cfc06fb7,
Execution Time for Trace ID 3d48c4d8f99879d933aded61cfc06fb7: 184 ms
Input: 1102500,
Cold Start: false
Unique ID: cdb7c4e0ffc8b9e7f09aea2f16c9fd5f,
Execution Time for Trace ID cdb7c4e0ffc8b9e7f09aea2f16c9fd5f: 64 ms
Input: 1102500,
Cold Start: false
Unique ID: 7eabbcc3eb7c63ce34ea333058343cb6,
Execution Time for Trace ID 7eabbcc3eb7c63ce34ea333058343cb6: 173 ms
Input: 1102500,
Cold Start: false
Unique ID: 7b7f58e9c5d317dbbddd0381a21abbe1,
Execution Time for Trace ID 7b7f58e9c5d317dbbddd0381a21abbe1: 125 ms
Input: 1102500,
Cold Start: false
Unique ID: 3339f246e9dae41a1d558e82e3c72266,
Execution Time for Trace ID 3339f246e9dae41a1d558e82e3c72266: 37 ms
Input: 1102500,
Cold Start: false
Unique ID: 06828d597e6d6c81c8b258b6767c8893,
Execution Time for Trace ID 06828d597e6d6c81c8b258b6767c8893: 81 ms
Input: 1102500,
Cold Start: false
Unique ID: 00c4b361015a05cc1159834bd757931c,
Execution Time for Trace ID 00c4b361015a05cc1159834bd757931c: 29 ms
Input: 1102500,
Cold Start: false
Unique ID: 70bc2ad39d1e597b2a823bbdce380a71,
Execution Time for Trace ID 70bc2ad39d1e597b2a823bbdce380a71: 182 ms
Input: 1102500,
Cold Start: false
Unique ID: 50fc70ccf8d66a078c45653c45177377,
Execution Time for Trace ID 50fc70ccf8d66a078c45653c45177377: 230 ms
Input: 1102500,
Cold Start: false
Unique ID: c153c37bfe9aa5ce0cf5acfc75b83260,
Execution Time for Trace ID c153c37bfe9aa5ce0cf5acfc75b83260: 204 ms
Input: 1102500,
Cold Start: false
Unique ID: d89024bd38db81a61d52373242e311e2,
Execution Time for Trace ID d89024bd38db81a61d52373242e311e2: 194 ms
Input: 1102500,
Cold Start: false
Unique ID: 9d2bf4eb17262a1873cab9ab53300ddc,
Execution Time for Trace ID 9d2bf4eb17262a1873cab9ab53300ddc: 35 ms
Input: 1102500,
Cold Start: false
Unique ID: c838caee62400d1e69f3175b1ff78b1c,
Execution Time for Trace ID c838caee62400d1e69f3175b1ff78b1c: 41 ms
Input: 1102500,
Cold Start: false
Unique ID: 1068336fc54dff53ed349a25e824fcfd,
Execution Time for Trace ID 1068336fc54dff53ed349a25e824fcfd: 49 ms
Input: 1102500,
Cold Start: false
Unique ID: 7f6e77f16a81d0868431af6c97c19b9b,
Execution Time for Trace ID 7f6e77f16a81d0868431af6c97c19b9b: 195 ms
Input: 1102500,
Cold Start: false
Unique ID: 223e629dc19845328abefb2fe58f024e,
Execution Time for Trace ID 223e629dc19845328abefb2fe58f024e: 81 ms
Input: 1102500,
Cold Start: false
Unique ID: 7e647d667584666b1ea49c6913a4bb35,
Execution Time for Trace ID 7e647d667584666b1ea49c6913a4bb35: 198 ms
Input: 1102500,
Cold Start: false
Unique ID: 89c4e8a3bea92f6f33fed62005f36a7d,
Execution Time for Trace ID 89c4e8a3bea92f6f33fed62005f36a7d: 186 ms
Input: 1102500,
Cold Start: false
Unique ID: 951f588088e53c71a191d73f8a797507,
Execution Time for Trace ID 951f588088e53c71a191d73f8a797507: 267 ms
Input: 1102500,
Cold Start: false
Unique ID: f009f93b96dec43a240fae3072bea7db,
Execution Time for Trace ID f009f93b96dec43a240fae3072bea7db: 111 ms
Input: 1102500,
Cold Start: false
Unique ID: 06371baf7e63e78bc2010a40a6326475,
Execution Time for Trace ID 06371baf7e63e78bc2010a40a6326475: 34 ms
Input: 1102500,
Cold Start: false
Unique ID: 294e3362f72d684ad1432a5927a04c4c,
Execution Time for Trace ID 294e3362f72d684ad1432a5927a04c4c: 39 ms
Input: 1102500,
Cold Start: false
Unique ID: 0da154eb7ed87c488663cfc6153dca50,
Execution Time for Trace ID 0da154eb7ed87c488663cfc6153dca50: 196 ms
Input: 1102500,
Cold Start: false
Unique ID: e21b4ede02b87904f7aceaa11b3a9dfa,
Execution Time for Trace ID e21b4ede02b87904f7aceaa11b3a9dfa: 120 ms
Input: 1102500,
Cold Start: false
Unique ID: e390ffa54bfcd889000bec0ea8e51bae,
Execution Time for Trace ID e390ffa54bfcd889000bec0ea8e51bae: 185 ms
Input: 1102500,
Cold Start: false
Unique ID: 3e836992ea026071b967e1901e04b929,
Execution Time for Trace ID 3e836992ea026071b967e1901e04b929: 105 ms
Input: 1102500,
Cold Start: false
Unique ID: cda5179bce7bb58c3056c4fdfd65615b,
Execution Time for Trace ID cda5179bce7bb58c3056c4fdfd65615b: 193 ms
Input: 1102500,
Cold Start: false
Unique ID: d3e682b78a6f77dea567387bb10f2a74,
Execution Time for Trace ID d3e682b78a6f77dea567387bb10f2a74: 139 ms
Input: 1102500,
Cold Start: false
Unique ID: 5116060f78b5c8769eeb7bea8b60afe3,
Execution Time for Trace ID 5116060f78b5c8769eeb7bea8b60afe3: 55 ms
Input: 1102500,
Cold Start: false
Unique ID: c6f5cd6f79309957dc06fb0fb5061205,
Execution Time for Trace ID c6f5cd6f79309957dc06fb0fb5061205: 91 ms
Input: 1102500,
Cold Start: false
Unique ID: 3578e66cdc691e35a2d248fe1b115ccb,
Execution Time for Trace ID 3578e66cdc691e35a2d248fe1b115ccb: 60 ms
Input: 1102500,
Cold Start: false
Unique ID: 4f93c6e6ecfce6a01972dd6dc567b05e,
Execution Time for Trace ID 4f93c6e6ecfce6a01972dd6dc567b05e: 56 ms
Input: 1102500,
Cold Start: false
Unique ID: 07612cca1dcbe44eeb176e597bd63c20,
Execution Time for Trace ID 07612cca1dcbe44eeb176e597bd63c20: 225 ms
Input: 1102500,
Cold Start: false
Unique ID: 4551de3feb3e378ae5c46b311b25e64c,
Execution Time for Trace ID 4551de3feb3e378ae5c46b311b25e64c: 191 ms
Input: 1102500,
Cold Start: false
Unique ID: 055d16ba946519624b8325be8152fadc,
Execution Time for Trace ID 055d16ba946519624b8325be8152fadc: 66 ms
Input: 1102500,
Cold Start: false
Unique ID: bc1c269f59befb845c6c5860a01ddf88,
Execution Time for Trace ID bc1c269f59befb845c6c5860a01ddf88: 33 ms
Input: 1102500,
Cold Start: false
Unique ID: 4ac6b7f7e490156246ad83642572d337,
Execution Time for Trace ID 4ac6b7f7e490156246ad83642572d337: 37 ms
Input: 1102500,
Cold Start: false
Unique ID: 15a065d258590fa1d0bd271e6449fa16,
Execution Time for Trace ID 15a065d258590fa1d0bd271e6449fa16: 115 ms
Input: 1102500,
Cold Start: false
Unique ID: 9577696030916ac95633086f1e8e5f54,
Execution Time for Trace ID 9577696030916ac95633086f1e8e5f54: 42 ms
Input: 1102500,
Cold Start: false
Unique ID: 083b66e9483fe06eb207940abe143e85,
Execution Time for Trace ID 083b66e9483fe06eb207940abe143e85: 192 ms
Input: 1102500,
Cold Start: false
Unique ID: 45e8e17d6fbce824aa6f0e9837661f4a,
Execution Time for Trace ID 45e8e17d6fbce824aa6f0e9837661f4a: 118 ms
Input: 1102500,
Cold Start: false
Unique ID: df1c6889489bd7842832c46111e6a3f1,
Execution Time for Trace ID df1c6889489bd7842832c46111e6a3f1: 97 ms
Input: 1102500,
Cold Start: false
Unique ID: a4da87b594080ee3dba9b828aff68817,
Execution Time for Trace ID a4da87b594080ee3dba9b828aff68817: 136 ms
Input: 1102500,
Cold Start: false
Unique ID: 170f20f10f9e66710db6be72ae5493ca,
Execution Time for Trace ID 170f20f10f9e66710db6be72ae5493ca: 153 ms
Input: 1102500,
Cold Start: false
Unique ID: 30e1256e58e678aba8f67a35543c6a20,
Execution Time for Trace ID 30e1256e58e678aba8f67a35543c6a20: 45 ms
Input: 1102500,
Cold Start: false
Unique ID: 8ee1f1a357c71f4a5dabf2968725c777,
Execution Time for Trace ID 8ee1f1a357c71f4a5dabf2968725c777: 89 ms
Input: 1102500,
Cold Start: false
Unique ID: a186ddec4693578a2f84d852ece37090,
Execution Time for Trace ID a186ddec4693578a2f84d852ece37090: 29 ms
Input: 1102500,
Cold Start: false
Unique ID: 0300d78792bfe922c3d2124176488587,
Execution Time for Trace ID 0300d78792bfe922c3d2124176488587: 149 ms
Input: 1102500,
Cold Start: false
Unique ID: c94b8fe77157841a4200337077fafddb,
Execution Time for Trace ID c94b8fe77157841a4200337077fafddb: 193 ms
Input: 1102500,
Cold Start: false
Unique ID: 1c7b76471b979091481f896858bb9e65,
Execution Time for Trace ID 1c7b76471b979091481f896858bb9e65: 90 ms
Input: 1102500,
Cold Start: false
Unique ID: 8c68e52586c138837be528db95ecf298,
Execution Time for Trace ID 8c68e52586c138837be528db95ecf298: 262 ms
Input: 1102500,
Cold Start: false
Unique ID: e263c512e186ea81dc8203c3f7d899c4,
Execution Time for Trace ID e263c512e186ea81dc8203c3f7d899c4: 54 ms
Input: 1102500,
Cold Start: false
Unique ID: 2709f390c50279cb02f1d903c7f2c15d,
Execution Time for Trace ID 2709f390c50279cb02f1d903c7f2c15d: 38 ms
Input: 1102500,
Cold Start: false
Unique ID: 7bc724b37a1addfdcbc7480861839812,
Execution Time for Trace ID 7bc724b37a1addfdcbc7480861839812: 34 ms
Input: 1102500,
Cold Start: false
Unique ID: dee0feb78740998574429751c488573d,
Execution Time for Trace ID dee0feb78740998574429751c488573d: 112 ms
Input: 1102500,
Cold Start: false
Unique ID: e32be3cedf083bf1fb5c4b18a0f79e81,
Execution Time for Trace ID e32be3cedf083bf1fb5c4b18a0f79e81: 29 ms
Input: 1102500,
Cold Start: false
Unique ID: 8d61fbe55ca6e12af86c9f4093885290,
Execution Time for Trace ID 8d61fbe55ca6e12af86c9f4093885290: 272 ms
Input: 1102500,
Cold Start: false
Unique ID: e62bd38ae4f036ad7b238e2156eba9cb,
Execution Time for Trace ID e62bd38ae4f036ad7b238e2156eba9cb: 176 ms
Input: 1102500,
Cold Start: false
Unique ID: 8a3d1c8859e05467142e8f4231ea2c36,
Execution Time for Trace ID 8a3d1c8859e05467142e8f4231ea2c36: 184 ms
Input: 1102500,
Cold Start: false
Unique ID: a3b0a64b13f30feeb812b89aca3818f6,
Execution Time for Trace ID a3b0a64b13f30feeb812b89aca3818f6: 142 ms
Input: 1102500,
Cold Start: false
Unique ID: 5fb10d12bcff01a8c5fc0557b5f2d6f0,
Execution Time for Trace ID 5fb10d12bcff01a8c5fc0557b5f2d6f0: 104 ms
Input: 1102500,
Cold Start: false
Unique ID: 55b2cd1ea5979dc2a242a976ce441865,
Execution Time for Trace ID 55b2cd1ea5979dc2a242a976ce441865: 81 ms
Input: 1102500,
Cold Start: false
Unique ID: ea087fec921a16253f12b7136a0eef7b,
Execution Time for Trace ID ea087fec921a16253f12b7136a0eef7b: 77 ms
Input: 1102500,
Cold Start: false
Unique ID: c744bd693c6b810acaae59206a16c2c7,
Execution Time for Trace ID c744bd693c6b810acaae59206a16c2c7: 57 ms
Input: 1102500,
Cold Start: false
Unique ID: 9969a4c2cf4f264ba8f647d8f198ab00,
Execution Time for Trace ID 9969a4c2cf4f264ba8f647d8f198ab00: 29 ms
Input: 1102500,
Cold Start: false
Unique ID: edac680e098a180b27a9396b35d2e99e,
Execution Time for Trace ID edac680e098a180b27a9396b35d2e99e: 138 ms
Input: 1102500,
Cold Start: false
Unique ID: e28cd47dbcb0e56ed38f952ce7097456,
Execution Time for Trace ID e28cd47dbcb0e56ed38f952ce7097456: 193 ms
Input: 1102500,
Cold Start: false
Unique ID: b55733b35c3dae9a44afe77e42453113,
Execution Time for Trace ID b55733b35c3dae9a44afe77e42453113: 39 ms
Input: 1102500,
Cold Start: false
Unique ID: 370fb3b5dc2d16f276fbeb7f9f8b0c9a,
Execution Time for Trace ID 370fb3b5dc2d16f276fbeb7f9f8b0c9a: 36 ms
Input: 1102500,
Cold Start: false
Unique ID: 3aae47cc1487cf8f6a84b7938f3bae73,
Execution Time for Trace ID 3aae47cc1487cf8f6a84b7938f3bae73: 42 ms
Input: 1102500,
Cold Start: false
Unique ID: 8b12acf08b2faa73ad0f828468daea62,
Execution Time for Trace ID 8b12acf08b2faa73ad0f828468daea62: 192 ms
Input: 1102500,
Cold Start: false
Unique ID: 044cea37bb747c907872b93c4323d82d,
Execution Time for Trace ID 044cea37bb747c907872b93c4323d82d: 81 ms
Input: 1102500,
Cold Start: false
Unique ID: 16154db12ef747ab056fbce6b82f60a0,
Execution Time for Trace ID 16154db12ef747ab056fbce6b82f60a0: 183 ms
Input: 1102500,
Cold Start: false
Unique ID: c397cc6781cde73f7bafde801ef1a0ad,
Execution Time for Trace ID c397cc6781cde73f7bafde801ef1a0ad: 66 ms
Input: 1102500,
Cold Start: false
Unique ID: 7b0b1676e6a7fe332fd668bf8169875d,
Execution Time for Trace ID 7b0b1676e6a7fe332fd668bf8169875d: 185 ms
Input: 1102500,
Cold Start: false
Unique ID: 3e02d43cb0b6ba006bbf3fc4d7588b09,
Execution Time for Trace ID 3e02d43cb0b6ba006bbf3fc4d7588b09: 138 ms
Input: 1102500,
Cold Start: false
Unique ID: 70c67710ac504576bf872e44a2449cce,
Execution Time for Trace ID 70c67710ac504576bf872e44a2449cce: 40 ms
Input: 1102500,
Cold Start: false
Unique ID: 0e804ca0c9b4cd4fdf3c80d153525395,
Execution Time for Trace ID 0e804ca0c9b4cd4fdf3c80d153525395: 36 ms
Input: 1102500,
Cold Start: false
Unique ID: 92a46fb5a2c6ee279bdf3a0d1c8e78ff,
Execution Time for Trace ID 92a46fb5a2c6ee279bdf3a0d1c8e78ff: 185 ms
Input: 1102500,
Cold Start: false
Unique ID: 4d36378e31a1b33ce01ce77a7a9b6234,
Execution Time for Trace ID 4d36378e31a1b33ce01ce77a7a9b6234: 78 ms
Input: 1102500,
Cold Start: false
Unique ID: 8efd18bc52367a10a43ed35216e4eefc,
Execution Time for Trace ID 8efd18bc52367a10a43ed35216e4eefc: 187 ms
Input: 1102500,
Cold Start: false
Unique ID: 15c512c2cba6f123d0457635df579c4d,
Execution Time for Trace ID 15c512c2cba6f123d0457635df579c4d: 106 ms
Input: 1102500,
Cold Start: false
Unique ID: cf04ca5e05a173d39e4f3e9c0ef63900,
Execution Time for Trace ID cf04ca5e05a173d39e4f3e9c0ef63900: 187 ms
Input: 1102500,
Cold Start: false
Unique ID: 3e2bbdc23b5f22ef594f0949ff32e6fa,
Execution Time for Trace ID 3e2bbdc23b5f22ef594f0949ff32e6fa: 134 ms
Input: 1102500,
Cold Start: false
Unique ID: b271ce98001de7739f93d072666589ab,
Execution Time for Trace ID b271ce98001de7739f93d072666589ab: 47 ms
Input: 1102500,
Cold Start: false
Unique ID: c05ff92a65d76dfd1321582ae341c2e8,
Execution Time for Trace ID c05ff92a65d76dfd1321582ae341c2e8: 53 ms
Input: 1102500,
Cold Start: false
Unique ID: 637890feea1bb7de10005f56d3a70325,
Execution Time for Trace ID 637890feea1bb7de10005f56d3a70325: 31 ms
Input: 1102500,
Cold Start: false
Unique ID: 2bf953c921777be5c779c76c39feadab,
Execution Time for Trace ID 2bf953c921777be5c779c76c39feadab: 35 ms
Input: 1102500,
Cold Start: false
Unique ID: ec96cd05b8d8cff7ccb25c0e6575cf18,
Execution Time for Trace ID ec96cd05b8d8cff7ccb25c0e6575cf18: 266 ms
Input: 1102500,
Cold Start: false
Unique ID: 88221b288cabb7926f9afebd84753d90,
Execution Time for Trace ID 88221b288cabb7926f9afebd84753d90: 110 ms
Input: 1102500,
Cold Start: false
Unique ID: 48eb595ba5703f03f31118b5d3e6e4dd,
Execution Time for Trace ID 48eb595ba5703f03f31118b5d3e6e4dd: 211 ms
Input: 1102500,
Cold Start: false
Unique ID: 9df1fe1b123aceacbf586dc164bdc5a8,
Execution Time for Trace ID 9df1fe1b123aceacbf586dc164bdc5a8: 37 ms
Input: 1102500,
Cold Start: false
Unique ID: 0f5f25d92364422aa4a8ddfac52442eb,
Execution Time for Trace ID 0f5f25d92364422aa4a8ddfac52442eb: 40 ms
Input: 1102500,
Cold Start: false
Unique ID: f953d406425e27928683086c288b46a1,
Execution Time for Trace ID f953d406425e27928683086c288b46a1: 54 ms
Input: 1102500,
Cold Start: false
Unique ID: fa4403ea1f3a7c7977f126ac8feb1e5d,
Execution Time for Trace ID fa4403ea1f3a7c7977f126ac8feb1e5d: 101 ms
Input: 1102500,
Cold Start: false
Unique ID: 56ab7e4020bb7ab17ef3009b19287e07,
Execution Time for Trace ID 56ab7e4020bb7ab17ef3009b19287e07: 181 ms
Input: 1102500,
Cold Start: false
Unique ID: ffb47ddacbf4f7e9abcf2c43cf429fb9,
Execution Time for Trace ID ffb47ddacbf4f7e9abcf2c43cf429fb9: 79 ms
Input: 1102500,
Cold Start: false
Unique ID: e95cf18a6b795eb279dbdb24163168e7,
Execution Time for Trace ID e95cf18a6b795eb279dbdb24163168e7: 177 ms
Input: 1102500,
Cold Start: false
Unique ID: 107c80c669ca239c4911042f3204fac3,
Execution Time for Trace ID 107c80c669ca239c4911042f3204fac3: 127 ms
Input: 1102500,
Cold Start: false
Unique ID: 99b3e2bdb565970a3a7fff9ef66b6517,
Execution Time for Trace ID 99b3e2bdb565970a3a7fff9ef66b6517: 139 ms
Input: 1102500,
Cold Start: false
Unique ID: 7237dae8defe1bde63b5d2569feaa0f9,
Execution Time for Trace ID 7237dae8defe1bde63b5d2569feaa0f9: 74 ms
Input: 1102500,
Cold Start: false
Unique ID: c094deebe3e827d7ee6e927744ab4103,
Execution Time for Trace ID c094deebe3e827d7ee6e927744ab4103: 110 ms
Input: 1102500,
Cold Start: false
Unique ID: 1ccdbade06d43c0c3f925f1cafe1ae51,
Execution Time for Trace ID 1ccdbade06d43c0c3f925f1cafe1ae51: 110 ms
Input: 1102500,
Cold Start: false
Unique ID: 7cd795cc3f4234cac9b52cf2b1981bb5,
Execution Time for Trace ID 7cd795cc3f4234cac9b52cf2b1981bb5: 29 ms
Input: 1102500,
Cold Start: false
Unique ID: 8fb2a0f41dbf7077c8504322184c133f,
Execution Time for Trace ID 8fb2a0f41dbf7077c8504322184c133f: 173 ms
Input: 1102500,
Cold Start: false
Unique ID: 70cebbdc8570b6550e24789d66c723eb,
Execution Time for Trace ID 70cebbdc8570b6550e24789d66c723eb: 141 ms
Input: 1102500,
Cold Start: false
Unique ID: af266045fb38642f1f6ab781fc6ae9f9,
Execution Time for Trace ID af266045fb38642f1f6ab781fc6ae9f9: 98 ms
Input: 1102500,
Cold Start: false
Unique ID: 25bbf6974852042014b47288ff17618f,
Execution Time for Trace ID 25bbf6974852042014b47288ff17618f: 38 ms
Input: 1102500,
Cold Start: false
Unique ID: 0eb855ca40371144db74b2fc11d98f1d,
Execution Time for Trace ID 0eb855ca40371144db74b2fc11d98f1d: 37 ms
Input: 1102500,
Cold Start: false
Unique ID: eb2e50317e7a5762db728017bebf7122,
Execution Time for Trace ID eb2e50317e7a5762db728017bebf7122: 35 ms
Input: 1102500,
Cold Start: false
Unique ID: 68819bfa8938cfb43216e50cdceb519e,
Execution Time for Trace ID 68819bfa8938cfb43216e50cdceb519e: 30 ms
Input: 1102500,
Cold Start: false
Unique ID: 14b0903f7cc974c393fc00f3b06b7e81,
Execution Time for Trace ID 14b0903f7cc974c393fc00f3b06b7e81: 187 ms
Input: 1102500,
Cold Start: false
Unique ID: 2379bae0258244d64ddabecd98a40fe1,
Execution Time for Trace ID 2379bae0258244d64ddabecd98a40fe1: 189 ms
Input: 1102500,
Cold Start: false
Unique ID: 3ceaa37f7021a132d247af710dec48bf,
Execution Time for Trace ID 3ceaa37f7021a132d247af710dec48bf: 103 ms
Input: 1102500,
Cold Start: false
Unique ID: a963726c3afe6d56a55b96a5febc797b,
Execution Time for Trace ID a963726c3afe6d56a55b96a5febc797b: 185 ms
Input: 1102500,
Cold Start: false
Unique ID: b8ac48f169362528dcb1018d92899e15,
Execution Time for Trace ID b8ac48f169362528dcb1018d92899e15: 134 ms
Input: 1102500,
Cold Start: false
Unique ID: adb01eb36b2e9e62c851ea76cc40a9e2,
Execution Time for Trace ID adb01eb36b2e9e62c851ea76cc40a9e2: 77 ms
Input: 1102500,
Cold Start: false
Unique ID: 8527a109206f5296755b7cc7066ba081,
Execution Time for Trace ID 8527a109206f5296755b7cc7066ba081: 113 ms
Input: 1102500,
Cold Start: false
Unique ID: 5baed90fe8743756189e750064d5b6ab,
Execution Time for Trace ID 5baed90fe8743756189e750064d5b6ab: 73 ms
Input: 1102500,
Cold Start: false
Unique ID: 0a098f92e3240c269b74f748c768d47f,
Execution Time for Trace ID 0a098f92e3240c269b74f748c768d47f: 33 ms
Input: 1102500,
Cold Start: false
Unique ID: 8b085d9d1957d1b828c89d8e812ce74b,
Execution Time for Trace ID 8b085d9d1957d1b828c89d8e812ce74b: 136 ms
Input: 1102500,
Cold Start: false
Unique ID: f3d07d733ed51979962b2a49187aba5f,
Execution Time for Trace ID f3d07d733ed51979962b2a49187aba5f: 190 ms
Input: 1102500,
Cold Start: false
Unique ID: 26b433525cbe13701e58c526e719a8b0,
Execution Time for Trace ID 26b433525cbe13701e58c526e719a8b0: 64 ms
Input: 1102500,
Cold Start: false
Unique ID: ac0c71d30e592113c828581c756010cf,
Execution Time for Trace ID ac0c71d30e592113c828581c756010cf: 40 ms
Input: 1102500,
Cold Start: false
Unique ID: 5ee0df20df77016eca3d013a8db96e19,
Execution Time for Trace ID 5ee0df20df77016eca3d013a8db96e19: 46 ms
Input: 1102500,
Cold Start: false
Unique ID: 982ed8e9887f1db4d27f8c4964d6be52,
Execution Time for Trace ID 982ed8e9887f1db4d27f8c4964d6be52: 47 ms
Input: 1102500,
Cold Start: false
Unique ID: c9369dea5d5ba2841a778a16031296a6,
Execution Time for Trace ID c9369dea5d5ba2841a778a16031296a6: 30 ms
Input: 1102500,
Cold Start: false
Unique ID: 287e35ce5c464a728d0709070e6c2d3b,
Execution Time for Trace ID 287e35ce5c464a728d0709070e6c2d3b: 54 ms
Input: 1102500,
Cold Start: false
Unique ID: 13211683073e3b2f261acc8557f70fff,
Execution Time for Trace ID 13211683073e3b2f261acc8557f70fff: 272 ms
Input: 1102500,
Cold Start: false
Unique ID: d0570cc9f6bdc05361c59839622ba249,
Execution Time for Trace ID d0570cc9f6bdc05361c59839622ba249: 220 ms
Input: 1102500,
Cold Start: false
Unique ID: fec6852ad08de66a6e6ff95036921779,
Execution Time for Trace ID fec6852ad08de66a6e6ff95036921779: 182 ms
Input: 1102500,
Cold Start: false
Unique ID: 35b0412d10665e6525149c08cca648c7,
Execution Time for Trace ID 35b0412d10665e6525149c08cca648c7: 40 ms
Input: 1102500,
Cold Start: false
Unique ID: 82c8345010d1f90920cf51841e9ceedf,
Execution Time for Trace ID 82c8345010d1f90920cf51841e9ceedf: 47 ms
Input: 1102500,
Cold Start: false
Unique ID: 9383b5269c0f52f8e05b18c4bbbb15ca,
Execution Time for Trace ID 9383b5269c0f52f8e05b18c4bbbb15ca: 29 ms
Input: 1102500,
Cold Start: false
Unique ID: c33be68d7cd64bd4927d96bf3d924c78,
Execution Time for Trace ID c33be68d7cd64bd4927d96bf3d924c78: 122 ms
Input: 1102500,
Cold Start: false
Unique ID: 35db51f223f245413e6bb4d13e8d6c6d,
Execution Time for Trace ID 35db51f223f245413e6bb4d13e8d6c6d: 110 ms
Input: 1102500,
Cold Start: false
Unique ID: 30b91181a2a42062f00761fc6a883d0e,
Execution Time for Trace ID 30b91181a2a42062f00761fc6a883d0e: 267 ms
Input: 1102500,
Cold Start: false
Unique ID: c16d76d61d73e80c05ed831f7552d059,
Execution Time for Trace ID c16d76d61d73e80c05ed831f7552d059: 93 ms
Input: 1102500,
Cold Start: false
Unique ID: 3237430154709f43d8b573dcf657662e,
Execution Time for Trace ID 3237430154709f43d8b573dcf657662e: 71 ms
Input: 1102500,
Cold Start: false
Unique ID: 1a6942b47e114d40297ffbd219432f89,
Execution Time for Trace ID 1a6942b47e114d40297ffbd219432f89: 47 ms
Input: 1102500,
Cold Start: false
Unique ID: 0e28e054c1364b7e2e634b98d3028b75,
Execution Time for Trace ID 0e28e054c1364b7e2e634b98d3028b75: 93 ms
Input: 1102500,
Cold Start: false
Unique ID: ac56ff1f3ce745656cb43248c3610613,
Execution Time for Trace ID ac56ff1f3ce745656cb43248c3610613: 100 ms
Input: 1102500,
Cold Start: false
Unique ID: 2e7609e5ae83581e7fe57dff17f6a0b2,
Execution Time for Trace ID 2e7609e5ae83581e7fe57dff17f6a0b2: 146 ms
Input: 1102500,
Cold Start: false
Unique ID: 568f91c8f7c79a211e633728efc6e226,
Execution Time for Trace ID 568f91c8f7c79a211e633728efc6e226: 73 ms
Input: 1102500,
Cold Start: false
Unique ID: ccbad132639894b72c6c3e766f2ffae0,
Execution Time for Trace ID ccbad132639894b72c6c3e766f2ffae0: 192 ms
Input: 1102500,
Cold Start: false
Unique ID: 89044f7c228d13fdc80379723d9fac23,
Execution Time for Trace ID 89044f7c228d13fdc80379723d9fac23: 92 ms
Input: 1102500,
Cold Start: false
Unique ID: 030875be1cf935af2e0a19795df802a8,
Execution Time for Trace ID 030875be1cf935af2e0a19795df802a8: 80 ms
Input: 1102500,
Cold Start: false
Unique ID: 656d312a5c78325a8a17ce0c9a817613,
Execution Time for Trace ID 656d312a5c78325a8a17ce0c9a817613: 39 ms
Input: 1102500,
Cold Start: false
Unique ID: 27b222dc9a8837c7562499ec6394a061,
Execution Time for Trace ID 27b222dc9a8837c7562499ec6394a061: 124 ms
Input: 1102500,
Cold Start: false
Unique ID: 29554c4ca16f7dc22aa149c491ea1341,
Execution Time for Trace ID 29554c4ca16f7dc22aa149c491ea1341: 85 ms
Input: 1102500,
Cold Start: false
Unique ID: 856720036a7add8dd2df1fe2700eaee0,
Execution Time for Trace ID 856720036a7add8dd2df1fe2700eaee0: 70 ms
Input: 1102500,
Cold Start: false
Unique ID: f34d06a140ea25e3c6f3726068809590,
Execution Time for Trace ID f34d06a140ea25e3c6f3726068809590: 31 ms
Input: 1102500,
Cold Start: false
Unique ID: 70a561cdff18093a55115a3dbd34868e,
Execution Time for Trace ID 70a561cdff18093a55115a3dbd34868e: 141 ms
Input: 1102500,
Cold Start: false
Unique ID: ecb4d9efc69d1290e9d0d80ffb380f8c,
Execution Time for Trace ID ecb4d9efc69d1290e9d0d80ffb380f8c: 202 ms
Input: 1102500,
Cold Start: false
Unique ID: 1e65f2f975cb44c0c83c7fc57cbf1e0e,
Execution Time for Trace ID 1e65f2f975cb44c0c83c7fc57cbf1e0e: 70 ms
Input: 1102500,
Cold Start: false
Unique ID: 89f417e3f287210ee9207e9e91abab8f,
Execution Time for Trace ID 89f417e3f287210ee9207e9e91abab8f: 33 ms
Input: 1102500,
Cold Start: false
Unique ID: 54cdc9991475859479afa1a2dc047756,
Execution Time for Trace ID 54cdc9991475859479afa1a2dc047756: 37 ms
Input: 1102500,
Cold Start: false
Unique ID: 7c5dc1b60bfded14c4aa51ff54574300,
Execution Time for Trace ID 7c5dc1b60bfded14c4aa51ff54574300: 43 ms
Input: 1102500,
Cold Start: false
Unique ID: 6934119dac248fa41ebf2597c0ff0196,
Execution Time for Trace ID 6934119dac248fa41ebf2597c0ff0196: 190 ms
Input: 1102500,
Cold Start: false
Unique ID: d7407b2652927dfca08ba8680f921b6e,
Execution Time for Trace ID d7407b2652927dfca08ba8680f921b6e: 105 ms
Input: 1102500,
Cold Start: false
Unique ID: dfe47b29dc9ccb290322b49dbcc683fd,
Execution Time for Trace ID dfe47b29dc9ccb290322b49dbcc683fd: 192 ms
Input: 1102500,
Cold Start: false
Unique ID: d2339d562a83a145d51659377ae9f630,
Execution Time for Trace ID d2339d562a83a145d51659377ae9f630: 117 ms
Input: 1102500,
Cold Start: false
Unique ID: 6c3fa4d443200933a7ca93b894fafed3,
Execution Time for Trace ID 6c3fa4d443200933a7ca93b894fafed3: 203 ms
Input: 1102500,
Cold Start: false
Unique ID: a81cdd44c2af9c4a5afd7dd1ec0ae7bb,
Execution Time for Trace ID a81cdd44c2af9c4a5afd7dd1ec0ae7bb: 152 ms
Input: 1102500,
Cold Start: false
Unique ID: 75ea3448561775fff343543fddd934e9,
Execution Time for Trace ID 75ea3448561775fff343543fddd934e9: 39 ms
Input: 1102500,
Cold Start: false
Unique ID: aa092452c2bacdd19eecebcfaa411b32,
Execution Time for Trace ID aa092452c2bacdd19eecebcfaa411b32: 61 ms
Input: 1102500,
Cold Start: false
Unique ID: 1d9ad9a3bdb743914314e8a05cbfe9c6,
Execution Time for Trace ID 1d9ad9a3bdb743914314e8a05cbfe9c6: 115 ms
Input: 1102500,
Cold Start: false
Unique ID: f8fa195e812f28ec8c1c1fa3868df3c1,
Execution Time for Trace ID f8fa195e812f28ec8c1c1fa3868df3c1: 187 ms
Input: 1102500,
Cold Start: false
Unique ID: 3118866b1c2202f57c8ddc6551b1de54,
Execution Time for Trace ID 3118866b1c2202f57c8ddc6551b1de54: 68 ms
Input: 1102500,
Cold Start: false
Unique ID: 959323e7e0691d3acdb45ecbd131e758,
Execution Time for Trace ID 959323e7e0691d3acdb45ecbd131e758: 92 ms
Input: 1102500,
Cold Start: false
Unique ID: a1196766d40b316fdd1e6823e59cc1c1,
Execution Time for Trace ID a1196766d40b316fdd1e6823e59cc1c1: 140 ms
Input: 1102500,
Cold Start: false
Unique ID: a451d235df1e3d031292ce478b5f9366,
Execution Time for Trace ID a451d235df1e3d031292ce478b5f9366: 141 ms
Input: 1102500,
Cold Start: false
Unique ID: 9bc02a68d740572564f24cc30ba00152,
Execution Time for Trace ID 9bc02a68d740572564f24cc30ba00152: 40 ms
Input: 1102500,
Cold Start: false
Unique ID: e4c81b95269793805357fdc3167501e0,
Execution Time for Trace ID e4c81b95269793805357fdc3167501e0: 36 ms
Input: 1102500,
Cold Start: false
Unique ID: be2ca66a8ab1562808ab193b0f7a7748,
Execution Time for Trace ID be2ca66a8ab1562808ab193b0f7a7748: 182 ms
Input: 1102500,
Cold Start: false
Unique ID: 9311c8cc1534dc7ada513379916ff4af,
Execution Time for Trace ID 9311c8cc1534dc7ada513379916ff4af: 68 ms
Input: 1102500,
Cold Start: false
Unique ID: cc43f379618fcafc483e93e784c04f02,
Execution Time for Trace ID cc43f379618fcafc483e93e784c04f02: 174 ms
Input: 1102500,
Cold Start: false
Unique ID: 67114104beb85c3a8b19d8431d1a76b2,
Execution Time for Trace ID 67114104beb85c3a8b19d8431d1a76b2: 88 ms
Input: 1102500,
Cold Start: false
Unique ID: 7ba31a31b2dc5d399a03eeacd8ade213,
Execution Time for Trace ID 7ba31a31b2dc5d399a03eeacd8ade213: 150 ms
Input: 1102500,
Cold Start: false
Unique ID: a4645017c0cad073158edc6f2cdee9bf,
Execution Time for Trace ID a4645017c0cad073158edc6f2cdee9bf: 140 ms
Input: 1102500,
Cold Start: false
Unique ID: 4b5a5d8b3d1735c1726cc7afa234165c,
Execution Time for Trace ID 4b5a5d8b3d1735c1726cc7afa234165c: 42 ms
Input: 1102500,
Cold Start: false
Unique ID: 96296df2bba6bf4224fe626f7206627f,
Execution Time for Trace ID 96296df2bba6bf4224fe626f7206627f: 41 ms
Input: 1102500,
Cold Start: false
Unique ID: c6b0fd37140264c2396bce283f63abc5,
Execution Time for Trace ID c6b0fd37140264c2396bce283f63abc5: 77 ms
Input: 1102500,
Cold Start: false
Unique ID: b8a9bf217eea2e925b5f6d9565bbc055,
Execution Time for Trace ID b8a9bf217eea2e925b5f6d9565bbc055: 51 ms
Input: 1102500,
Cold Start: false
Unique ID: 0e683068801890c4a3beb66bea173666,
Execution Time for Trace ID 0e683068801890c4a3beb66bea173666: 241 ms
Input: 1102500,
Cold Start: false
Unique ID: 7ef8f542e12742e512a58dad33d423ce,
Execution Time for Trace ID 7ef8f542e12742e512a58dad33d423ce: 201 ms
Input: 1102500,
Cold Start: false
Unique ID: 2a796cf05b185297e80f65f549f6f99e,
Execution Time for Trace ID 2a796cf05b185297e80f65f549f6f99e: 192 ms
Input: 1102500,
Cold Start: false
Unique ID: 10a2740b5fd9dc6d9a00bec8751eaeb2,
Execution Time for Trace ID 10a2740b5fd9dc6d9a00bec8751eaeb2: 114 ms
Input: 1102500,
Cold Start: false
Unique ID: 5305c28c6e9aae73de22b5ba7bff8ae4,
Execution Time for Trace ID 5305c28c6e9aae73de22b5ba7bff8ae4: 113 ms
Input: 1102500,
Cold Start: false
Unique ID: 4d63566ef9796400e66b94709a0fb914,
Execution Time for Trace ID 4d63566ef9796400e66b94709a0fb914: 91 ms
Input: 1102500,
Cold Start: false
Unique ID: d1581942b66b20cb07333fc6ef0c2114,
Execution Time for Trace ID d1581942b66b20cb07333fc6ef0c2114: 79 ms
Input: 1102500,
Cold Start: false
Unique ID: 5fe1d83bdd5d28c994b17813bdba4765,
Execution Time for Trace ID 5fe1d83bdd5d28c994b17813bdba4765: 72 ms
Input: 1102500,
Cold Start: false
Unique ID: 65d98fbe61b8806181fd765c92109f5c,
Execution Time for Trace ID 65d98fbe61b8806181fd765c92109f5c: 136 ms
Input: 1102500,
Cold Start: false
Unique ID: 829a441cc4b1b734c2087e4b9c500f92,
Execution Time for Trace ID 829a441cc4b1b734c2087e4b9c500f92: 199 ms
Input: 1102500,
Cold Start: false
Unique ID: bb47ef07df5a06417365e81966b175aa,
Execution Time for Trace ID bb47ef07df5a06417365e81966b175aa: 60 ms
Input: 1102500,
Cold Start: false
Unique ID: dd2bb6f449d62e8e8b51e487dde22f77,
Execution Time for Trace ID dd2bb6f449d62e8e8b51e487dde22f77: 42 ms
Input: 1102500,
Cold Start: false
Unique ID: f59823a04ed781f85d1ee79dc5a9392d,
Execution Time for Trace ID f59823a04ed781f85d1ee79dc5a9392d: 39 ms
Input: 1102500,
Cold Start: false
Unique ID: c3b8f2c93505d9076057a845778562fb,
Execution Time for Trace ID c3b8f2c93505d9076057a845778562fb: 42 ms
Input: 1102500,
Cold Start: false
Unique ID: 7d6f80e1b4e01599e15e0579c9e3fffd,
Execution Time for Trace ID 7d6f80e1b4e01599e15e0579c9e3fffd: 210 ms
Input: 1102500,
Cold Start: false
Unique ID: b746138c27d547e6c3a1cdef662798d6,
Execution Time for Trace ID b746138c27d547e6c3a1cdef662798d6: 59 ms
Input: 1102500,
Cold Start: false
Unique ID: 4a4446cb87253cee4fc82bbb85f84c14,
Execution Time for Trace ID 4a4446cb87253cee4fc82bbb85f84c14: 36 ms
Input: 1102500,
Cold Start: false
Unique ID: bd6592fcdd7e8e4ed8c3cf55ee4b516e,
Execution Time for Trace ID bd6592fcdd7e8e4ed8c3cf55ee4b516e: 276 ms
Input: 1102500,
Cold Start: false
Unique ID: ece23345260b84ba6175395f0aa46523,
Execution Time for Trace ID ece23345260b84ba6175395f0aa46523: 147 ms
Input: 1102500,
Cold Start: false
Unique ID: b6d12b357452ca6bcc103e22dd0778d4,
Execution Time for Trace ID b6d12b357452ca6bcc103e22dd0778d4: 144 ms
Input: 1102500,
Cold Start: false
Unique ID: cb326f3a56cc1220f1abd49ba6fff244,
Execution Time for Trace ID cb326f3a56cc1220f1abd49ba6fff244: 116 ms
Input: 1102500,
Cold Start: false
Unique ID: 47cef0f66e1b965da6ec4bdd7a9edc30,
Execution Time for Trace ID 47cef0f66e1b965da6ec4bdd7a9edc30: 168 ms
Input: 1102500,
Cold Start: false
Unique ID: a2f7360593eea2c9786ddb3dbb701e3b,
Execution Time for Trace ID a2f7360593eea2c9786ddb3dbb701e3b: 111 ms
Input: 1102500,
Cold Start: false
Unique ID: 6d3923bbfcdc43d87127420a3af563ea,
Execution Time for Trace ID 6d3923bbfcdc43d87127420a3af563ea: 96 ms
Input: 1102500,
Cold Start: false
Unique ID: 14209031d36eaaa44976ef150d838a1b,
Execution Time for Trace ID 14209031d36eaaa44976ef150d838a1b: 120 ms
Input: 1102500,
Cold Start: false
Unique ID: b97765c289748177cd44e8cb636f3338,
Execution Time for Trace ID b97765c289748177cd44e8cb636f3338: 37 ms
Input: 1102500,
Cold Start: false
Unique ID: 64dd96df132b46b881c1b9918af8ed21,
Execution Time for Trace ID 64dd96df132b46b881c1b9918af8ed21: 200 ms
Input: 1102500,
Cold Start: false
Unique ID: 99696296ee7680bb3cd6c3e0c32a1cc2,
Execution Time for Trace ID 99696296ee7680bb3cd6c3e0c32a1cc2: 47 ms
Input: 1102500,
Cold Start: false
Unique ID: f9a7ca04bed3c8a1814bba3a63572c68,
Execution Time for Trace ID f9a7ca04bed3c8a1814bba3a63572c68: 50 ms
Input: 1102500,
Cold Start: false
Unique ID: a93776270ff3498a3045735cc3f5bee4,
Execution Time for Trace ID a93776270ff3498a3045735cc3f5bee4: 92 ms
Input: 1102500,
Cold Start: false
Unique ID: 46ba8f020d0e970fff2a14e297fc4c19,
Execution Time for Trace ID 46ba8f020d0e970fff2a14e297fc4c19: 30 ms
Input: 1102500,
Cold Start: false
Unique ID: 1344f87f4a6a47933efc8e168f66cd56,
Execution Time for Trace ID 1344f87f4a6a47933efc8e168f66cd56: 90 ms
Input: 1102500,
Cold Start: false
Unique ID: b5d191813e2d8c9c299141d3a5c5b4ae,
Execution Time for Trace ID b5d191813e2d8c9c299141d3a5c5b4ae: 218 ms
Input: 1102500,
Cold Start: false
Unique ID: 8785b4a795c62aa15c85d426aea91a07,
Execution Time for Trace ID 8785b4a795c62aa15c85d426aea91a07: 197 ms
Input: 1102500,
Cold Start: false
Unique ID: 631bdf722e2db7d13d904bd7d83a48cd,
Execution Time for Trace ID 631bdf722e2db7d13d904bd7d83a48cd: 70 ms
Input: 1102500,
Cold Start: false
Unique ID: 939907534a2113e7570ddcb8ffecd28e,
Execution Time for Trace ID 939907534a2113e7570ddcb8ffecd28e: 49 ms
Input: 1102500,
Cold Start: false
Unique ID: 3037d048d96a3e5f076e99358f67be2f,
Execution Time for Trace ID 3037d048d96a3e5f076e99358f67be2f: 48 ms
Input: 1102500,
Cold Start: false
Unique ID: 25d0222f9518d4a0d9b6cd6b924bf901,
Execution Time for Trace ID 25d0222f9518d4a0d9b6cd6b924bf901: 60 ms
Input: 1102500,
Cold Start: false
Unique ID: d8203144ebd4055cc9289172db7c11a2,
Execution Time for Trace ID d8203144ebd4055cc9289172db7c11a2: 36 ms
Input: 1102500,
Cold Start: false
Unique ID: 73fb458de5b52ca1571aa0633f724c36,
Execution Time for Trace ID 73fb458de5b52ca1571aa0633f724c36: 210 ms
Input: 1102500,
Cold Start: false
Unique ID: 63f80c24fa9ac8919e07b827916633d3,
Execution Time for Trace ID 63f80c24fa9ac8919e07b827916633d3: 251 ms
Input: 1102500,
Cold Start: false
Unique ID: 8b3f7bbaf059d498423c6a162cb7f1b3,
Execution Time for Trace ID 8b3f7bbaf059d498423c6a162cb7f1b3: 125 ms
Input: 1102500,
Cold Start: false
Unique ID: 9e18014d59bfafa8bb4fdd04f208c96f,
Execution Time for Trace ID 9e18014d59bfafa8bb4fdd04f208c96f: 31 ms
Input: 1102500,
Cold Start: false
Unique ID: f24f2535f0d1e8385595105bcba64ebe,
Execution Time for Trace ID f24f2535f0d1e8385595105bcba64ebe: 118 ms
Input: 1102500,
Cold Start: false
Unique ID: c9282b1b9d1ba23f4ac2bb313da2a676,
Execution Time for Trace ID c9282b1b9d1ba23f4ac2bb313da2a676: 46 ms
Input: 1102500,
Cold Start: false
Unique ID: 4eced091d71fa6c12b2fddf548f9a4f4,
Execution Time for Trace ID 4eced091d71fa6c12b2fddf548f9a4f4: 31 ms
Input: 1102500,
Cold Start: false
Unique ID: d117413c9c37a92c008b719ce61a0f09,
Execution Time for Trace ID d117413c9c37a92c008b719ce61a0f09: 87 ms
Input: 1102500,
Cold Start: false
Unique ID: fca3383d8ae7d66c0f410fbc7c698b91,
Execution Time for Trace ID fca3383d8ae7d66c0f410fbc7c698b91: 213 ms
Input: 1102500,
Cold Start: false
Unique ID: 513f117579fb3219a9acaf73d7b91aa2,
Execution Time for Trace ID 513f117579fb3219a9acaf73d7b91aa2: 270 ms
Input: 1102500,
Cold Start: false
Unique ID: cf55a31046dceb29b0ce0906fe5cb942,
Execution Time for Trace ID cf55a31046dceb29b0ce0906fe5cb942: 227 ms
Input: 1102500,
Cold Start: true
Unique ID: 2bb4e8064bf374766702efdffea59e02,
Execution Time for Trace ID 2bb4e8064bf374766702efdffea59e02: 189 ms
Input: 1102500,
Cold Start: false
Unique ID: 1b423945e517fc90ad43035cd506d4ae,
Execution Time for Trace ID 1b423945e517fc90ad43035cd506d4ae: 125 ms
Input: 1102500,
Cold Start: false
Unique ID: e6dcfd2d698783d86c37f0615a3ad042,
Execution Time for Trace ID e6dcfd2d698783d86c37f0615a3ad042: 47 ms
Input: 1102500,
Cold Start: false
Unique ID: 2cc505794306594940c1fc92580733da,
Execution Time for Trace ID 2cc505794306594940c1fc92580733da: 29 ms
Input: 1102500,
Cold Start: false
Unique ID: be9c19df81dacdbb4a02b6ae87cf65cf,
Execution Time for Trace ID be9c19df81dacdbb4a02b6ae87cf65cf: 179 ms
Input: 1102500,
Cold Start: false
Unique ID: 4875ae7f8762e3dfb14af111459c81e6,
Execution Time for Trace ID 4875ae7f8762e3dfb14af111459c81e6: 101 ms
Input: 1102500,
Cold Start: false
Unique ID: 802af08f36b535a0ce9aaa71b9ec52de,
Execution Time for Trace ID 802af08f36b535a0ce9aaa71b9ec52de: 212 ms
Input: 1102500,
Cold Start: false
Unique ID: 0dbe0cb7dc6f45ea033f40a255baa468,
Execution Time for Trace ID 0dbe0cb7dc6f45ea033f40a255baa468: 73 ms
Input: 1102500,
Cold Start: false
Unique ID: 6950684f793c24fc41a92d910930b8a9,
Execution Time for Trace ID 6950684f793c24fc41a92d910930b8a9: 181 ms
Input: 1102500,
Cold Start: false
Unique ID: b79a366e5db58f5235337c2eb19ab685,
Execution Time for Trace ID b79a366e5db58f5235337c2eb19ab685: 114 ms
Input: 1102500,
Cold Start: false
Unique ID: e2afe4025bf84b69d7dd741e3e01881b,
Execution Time for Trace ID e2afe4025bf84b69d7dd741e3e01881b: 50 ms
Input: 1102500,
Cold Start: false
Unique ID: 53a624a7a6876d53a83d7631526b618c,
Execution Time for Trace ID 53a624a7a6876d53a83d7631526b618c: 95 ms
Input: 1102500,
Cold Start: false
Unique ID: 0d2f2b8db78aa4ad19a49f3de89a6b2f,
Execution Time for Trace ID 0d2f2b8db78aa4ad19a49f3de89a6b2f: 72 ms
Input: 1102500,
Cold Start: false
Unique ID: 9886e76d5186fb9e35724533930528f8,
Execution Time for Trace ID 9886e76d5186fb9e35724533930528f8: 32 ms
Input: 1102500,
Cold Start: false
Unique ID: 0c4a030b1e55a404b76f9da906bbc3f6,
Execution Time for Trace ID 0c4a030b1e55a404b76f9da906bbc3f6: 221 ms
Input: 1102500,
Cold Start: false
Unique ID: 582bf9e154e1839906a30d3f09f1aebb,
Execution Time for Trace ID 582bf9e154e1839906a30d3f09f1aebb: 191 ms
Input: 1102500,
Cold Start: false
Unique ID: 09f29df0790a18b45632d683ed1564c0,
Execution Time for Trace ID 09f29df0790a18b45632d683ed1564c0: 68 ms
Input: 1102500,
Cold Start: false
Unique ID: 340a53ab95b9142c92be1f13960c191b,
Execution Time for Trace ID 340a53ab95b9142c92be1f13960c191b: 39 ms
Input: 1102500,
Cold Start: false
Unique ID: 26e9f0b67da8d207212c4738d515b592,
Execution Time for Trace ID 26e9f0b67da8d207212c4738d515b592: 108 ms
Input: 1102500,
Cold Start: false
Unique ID: a93c2f61bab19137ebeac58182ed75ac,
Execution Time for Trace ID a93c2f61bab19137ebeac58182ed75ac: 83 ms
Input: 1102500,
Cold Start: false
Unique ID: 3593cfebf3521da9387b5493d22c2e7d,
Execution Time for Trace ID 3593cfebf3521da9387b5493d22c2e7d: 94 ms
Input: 1102500,
Cold Start: false
Unique ID: 4c5843011db846888e2bb138d2338556,
Execution Time for Trace ID 4c5843011db846888e2bb138d2338556: 198 ms
Input: 1102500,
Cold Start: false
Unique ID: 9fdcfececa8d95d48bb6c68963002eb4,
Execution Time for Trace ID 9fdcfececa8d95d48bb6c68963002eb4: 147 ms
Input: 1102500,
Cold Start: false
Unique ID: 87bafdb10b06d88de683bb73bacd58ba,
Execution Time for Trace ID 87bafdb10b06d88de683bb73bacd58ba: 94 ms
Input: 1102500,
Cold Start: false
Unique ID: 1e50bfc166279491e167554165f37946,
Execution Time for Trace ID 1e50bfc166279491e167554165f37946: 74 ms
Input: 1102500,
Cold Start: false
Unique ID: ddf25bd5d8fb14ee5a09b68deafe8a2a,
Execution Time for Trace ID ddf25bd5d8fb14ee5a09b68deafe8a2a: 37 ms
Input: 1102500,
Cold Start: false
Unique ID: f149d0f6d39c442be5dd97daafb76ebd,
Execution Time for Trace ID f149d0f6d39c442be5dd97daafb76ebd: 39 ms
Input: 1102500,
Cold Start: false
Unique ID: 119ca52dde4f7c65b1338837922541b4,
Execution Time for Trace ID 119ca52dde4f7c65b1338837922541b4: 51 ms
Input: 1102500,
Cold Start: false
Unique ID: c5fc2c0658fcb1dd84343103def91e73,
Execution Time for Trace ID c5fc2c0658fcb1dd84343103def91e73: 103 ms
Input: 1102500,
Cold Start: false
Unique ID: 99a56ff41bb8c2aacb990aaaf7e6bbc0,
Execution Time for Trace ID 99a56ff41bb8c2aacb990aaaf7e6bbc0: 194 ms
Input: 1102500,
Cold Start: false
Unique ID: 22754e476849d26b51c3ce075409c40a,
Execution Time for Trace ID 22754e476849d26b51c3ce075409c40a: 95 ms
Input: 1102500,
Cold Start: false
Unique ID: 6c949c91cfe326c94ba51b24683a8231,
Execution Time for Trace ID 6c949c91cfe326c94ba51b24683a8231: 189 ms
Input: 1102500,
Cold Start: false
Unique ID: 4706a51b1174e9fcecdcabc56098547a,
Execution Time for Trace ID 4706a51b1174e9fcecdcabc56098547a: 133 ms
Input: 1102500,
Cold Start: false
Unique ID: 4f1e8efc516c31096d99a1dfb38e5385,
Execution Time for Trace ID 4f1e8efc516c31096d99a1dfb38e5385: 143 ms
Input: 1102500,
Cold Start: false
Unique ID: 7d80aea77917cd47e09bb4f7dd301b65,
Execution Time for Trace ID 7d80aea77917cd47e09bb4f7dd301b65: 51 ms
Input: 1102500,
Cold Start: false
Unique ID: e9be2953f285744923833bd19e5481de,
Execution Time for Trace ID e9be2953f285744923833bd19e5481de: 90 ms
Input: 1102500,
Cold Start: false
Unique ID: a9c0a93609fe6c93827cc613183517a7,
Execution Time for Trace ID a9c0a93609fe6c93827cc613183517a7: 36 ms
Input: 1102500,
Cold Start: false
Unique ID: 4d9c4cd60003aec595e0265972847696,
Execution Time for Trace ID 4d9c4cd60003aec595e0265972847696: 143 ms
Input: 1102500,
Cold Start: false
Unique ID: b8d6be27026675217005d8075f47a0c3,
Execution Time for Trace ID b8d6be27026675217005d8075f47a0c3: 36 ms
Input: 1102500,
Cold Start: false
Unique ID: 23f50a725489c5032b01959808feacbd,
Execution Time for Trace ID 23f50a725489c5032b01959808feacbd: 189 ms
Input: 1102500,
Cold Start: false
Unique ID: 7305d9793106de205e39093dc6ea3d30,
Execution Time for Trace ID 7305d9793106de205e39093dc6ea3d30: 138 ms
Input: 1102500,
Cold Start: false
Unique ID: bc943161f9ecf8ffe10c3f61c438fef9,
Execution Time for Trace ID bc943161f9ecf8ffe10c3f61c438fef9: 223 ms
Input: 1102500,
Cold Start: false
Unique ID: c9371e5c5bcf4807bd3e9271a9bffb94,
Execution Time for Trace ID c9371e5c5bcf4807bd3e9271a9bffb94: 49 ms
Input: 1102500,
Cold Start: false
Unique ID: c60de3bfa527d987271726f8153f44f2,
Execution Time for Trace ID c60de3bfa527d987271726f8153f44f2: 86 ms
Input: 1102500,
Cold Start: false
Unique ID: 7d7c01fb87c6a91646555c78fe090e62,
Execution Time for Trace ID 7d7c01fb87c6a91646555c78fe090e62: 90 ms
Input: 1102500,
Cold Start: false
Unique ID: 3ef2e59957f3d5a2457ef8601d8a5f06,
Execution Time for Trace ID 3ef2e59957f3d5a2457ef8601d8a5f06: 50 ms
Input: 1102500,
Cold Start: false
Unique ID: 303cc5dc9198b1e14d6dff5eeba00b86,
Execution Time for Trace ID 303cc5dc9198b1e14d6dff5eeba00b86: 224 ms
Input: 1102500,
Cold Start: false
Unique ID: 4d91fe16359801d4a299d65110c7bfd6,
Execution Time for Trace ID 4d91fe16359801d4a299d65110c7bfd6: 190 ms
Input: 1102500,
Cold Start: false
Unique ID: 6826ba92e9b51deb3eb2944f3be6f72a,
Execution Time for Trace ID 6826ba92e9b51deb3eb2944f3be6f72a: 87 ms
Input: 1102500,
Cold Start: false
Unique ID: 22120f2868811782c9e2817ff01dc5ac,
Execution Time for Trace ID 22120f2868811782c9e2817ff01dc5ac: 42 ms
Input: 1102500,
Cold Start: false
Unique ID: aee1729ba964caeb031c26279453255a,
Execution Time for Trace ID aee1729ba964caeb031c26279453255a: 46 ms
Input: 1102500,
Cold Start: false
Unique ID: 172c4d923ab66bf9ac760684b13d025c,
Execution Time for Trace ID 172c4d923ab66bf9ac760684b13d025c: 33 ms
Input: 1102500,
Cold Start: false
Unique ID: 042bdf83354fbb4c86a3cb26c260a951,
Execution Time for Trace ID 042bdf83354fbb4c86a3cb26c260a951: 118 ms
Input: 1102500,
Cold Start: false
Unique ID: f1aa40c9dc40f56618200a0ccf1f8467,
Execution Time for Trace ID f1aa40c9dc40f56618200a0ccf1f8467: 196 ms
Input: 1102500,
Cold Start: false
Unique ID: 021f45975897e4f1a65833964e1c4aad,
Execution Time for Trace ID 021f45975897e4f1a65833964e1c4aad: 111 ms
Input: 1102500,
Cold Start: false
Unique ID: 2af5729f71acc41a5579439f4f9a54e7,
Execution Time for Trace ID 2af5729f71acc41a5579439f4f9a54e7: 176 ms
Input: 1102500,
Cold Start: false
Unique ID: 8ec8e338e4960eb28d9655b39eb19a3f,
Execution Time for Trace ID 8ec8e338e4960eb28d9655b39eb19a3f: 225 ms
Input: 1102500,
Cold Start: false
Unique ID: 833871bf4a03f48154207472d8e9dd55,
Execution Time for Trace ID 833871bf4a03f48154207472d8e9dd55: 142 ms
Input: 1102500,
Cold Start: false
Unique ID: 201d67b1d7d6256c58105f45eec8bc3f,
Execution Time for Trace ID 201d67b1d7d6256c58105f45eec8bc3f: 43 ms
Input: 1102500,
Cold Start: false
Unique ID: 60292e30477c708e7a4faf703c5cd40b,
Execution Time for Trace ID 60292e30477c708e7a4faf703c5cd40b: 46 ms
Input: 1102500,
Cold Start: false
Unique ID: 5655a7c1821eec12a3195169d6571c0c,
Execution Time for Trace ID 5655a7c1821eec12a3195169d6571c0c: 199 ms
Input: 1102500,
Cold Start: false
Unique ID: 1a9183b8e639ae1d9beb6ea8ceca7dc0,
Execution Time for Trace ID 1a9183b8e639ae1d9beb6ea8ceca7dc0: 112 ms
Input: 1102500,
Cold Start: false
Unique ID: 927938062236c10b8bf946c428b86d69,
Execution Time for Trace ID 927938062236c10b8bf946c428b86d69: 67 ms
Input: 1102500,
Cold Start: false
Unique ID: a5a72369561bafcabfa128de55066778,
Execution Time for Trace ID a5a72369561bafcabfa128de55066778: 270 ms
Input: 1102500,
Cold Start: false
Unique ID: 46df1e3c6607a90a1a364e4470b26cf5,
Execution Time for Trace ID 46df1e3c6607a90a1a364e4470b26cf5: 237 ms
Input: 1102500,
Cold Start: false
Unique ID: f83ebe0aeedf0c814295926a94d31c4b,
Execution Time for Trace ID f83ebe0aeedf0c814295926a94d31c4b: 105 ms
Input: 1102500,
Cold Start: false
Unique ID: 30fca187b7eced670b74aadaf603ef05,
Execution Time for Trace ID 30fca187b7eced670b74aadaf603ef05: 43 ms
Input: 1102500,
Cold Start: false
Unique ID: cddd91d512075ad7a85f7932b23073bc,
Execution Time for Trace ID cddd91d512075ad7a85f7932b23073bc: 127 ms
Input: 1102500,
Cold Start: false
Unique ID: 3a2022f4c0474877a80b33a843256919,
Execution Time for Trace ID 3a2022f4c0474877a80b33a843256919: 197 ms
Input: 1102500,
Cold Start: false
Unique ID: 6794e897ccb5579786566629f1d712f7,
Execution Time for Trace ID 6794e897ccb5579786566629f1d712f7: 93 ms
Input: 1102500,
Cold Start: false
Unique ID: bc60df8639badbc7a4571ffe4790d691,
Execution Time for Trace ID bc60df8639badbc7a4571ffe4790d691: 87 ms
Input: 1102500,
Cold Start: false
Unique ID: d4ba20aaa700c54d0ff7efd7d37da116,
Execution Time for Trace ID d4ba20aaa700c54d0ff7efd7d37da116: 177 ms
Input: 1102500,
Cold Start: false
Unique ID: 934c2bc053e203b019f33ce38de8088d,
Execution Time for Trace ID 934c2bc053e203b019f33ce38de8088d: 169 ms
Input: 1102500,
Cold Start: false
Unique ID: 0ad011b959c2f1e179dfc33d8d9f3994,
Execution Time for Trace ID 0ad011b959c2f1e179dfc33d8d9f3994: 224 ms
Input: 1102500,
Cold Start: false
Unique ID: 45ab607ad3b25f1fc0ff426612f9ef5e,
Execution Time for Trace ID 45ab607ad3b25f1fc0ff426612f9ef5e: 114 ms
Input: 1102500,
Cold Start: false
Unique ID: 693ff7e580ac88edc33b685a59f30937,
Execution Time for Trace ID 693ff7e580ac88edc33b685a59f30937: 92 ms
Input: 1102500,
Cold Start: false
Unique ID: cec431b89134e5cb4074e3f0b5ebda21,
Execution Time for Trace ID cec431b89134e5cb4074e3f0b5ebda21: 75 ms
Input: 1102500,
Cold Start: false
Unique ID: d9fc261934fb5c6bec8a4972399d4d41,
Execution Time for Trace ID d9fc261934fb5c6bec8a4972399d4d41: 49 ms
Input: 1102500,
Cold Start: false
Unique ID: fbc4273e33e97bc9115321eebd8b8537,
Execution Time for Trace ID fbc4273e33e97bc9115321eebd8b8537: 146 ms
Input: 1102500,
Cold Start: false
Unique ID: 72524d5d8193223977e826d58851be14,
Execution Time for Trace ID 72524d5d8193223977e826d58851be14: 264 ms
Input: 1102500,
Cold Start: false
Unique ID: ecf97fa0c140dbf4e6010c3458633477,
Execution Time for Trace ID ecf97fa0c140dbf4e6010c3458633477: 179 ms
Input: 1102500,
Cold Start: false
Unique ID: 1fd36abbbfa2bd04f13c54e2c08b876a,
Execution Time for Trace ID 1fd36abbbfa2bd04f13c54e2c08b876a: 48 ms
Input: 1102500,
Cold Start: false
Unique ID: 93665942ab7ee0f4ca76e4dd5fbf4f79,
Execution Time for Trace ID 93665942ab7ee0f4ca76e4dd5fbf4f79: 42 ms
Input: 1102500,
Cold Start: false
Unique ID: c36fdfa2dbc2ce39eec56c7fa82c97f8,
Execution Time for Trace ID c36fdfa2dbc2ce39eec56c7fa82c97f8: 41 ms
Input: 1102500,
Cold Start: false
Unique ID: b30b598f02ce51132078791a26376867,
Execution Time for Trace ID b30b598f02ce51132078791a26376867: 36 ms
Input: 1102500,
Cold Start: false
Unique ID: d502c712d7bdbbb36901eb92b1712199,
Execution Time for Trace ID d502c712d7bdbbb36901eb92b1712199: 111 ms
Input: 1102500,
Cold Start: false
Unique ID: 6d1cc246053a80969e5acf482d49fb18,
Execution Time for Trace ID 6d1cc246053a80969e5acf482d49fb18: 271 ms
Input: 1102500,
Cold Start: false
Unique ID: c10ff99ed781b7ec76bed232dcba6585,
Execution Time for Trace ID c10ff99ed781b7ec76bed232dcba6585: 265 ms
Input: 1102500,
Cold Start: false
Unique ID: 9fc8c7a7d884d0d0e6010c3458633aff,
Execution Time for Trace ID 9fc8c7a7d884d0d0e6010c3458633aff: 193 ms
Input: 1102500,
Cold Start: false
Unique ID: 93790b81d37f7d8107a0cc6edc532407,
Execution Time for Trace ID 93790b81d37f7d8107a0cc6edc532407: 50 ms
Input: 1102500,
Cold Start: false
Unique ID: f25066ad39c2bae3fab811bd9290ab79,
Execution Time for Trace ID f25066ad39c2bae3fab811bd9290ab79: 41 ms
Input: 1102500,
Cold Start: false
Unique ID: ca1a925336b89cda9de8222fb45e3d40,
Execution Time for Trace ID ca1a925336b89cda9de8222fb45e3d40: 38 ms
Input: 1102500,
Cold Start: false
Unique ID: 569a7929dd5da3c641fdfa0956e634bc,
Execution Time for Trace ID 569a7929dd5da3c641fdfa0956e634bc: 176 ms
Input: 1102500,
Cold Start: false
Unique ID: ab964033ace9bd943fd2e704cc6e34f4,
Execution Time for Trace ID ab964033ace9bd943fd2e704cc6e34f4: 106 ms
Input: 1102500,
Cold Start: false
Unique ID: f7773f3bde543d3f8fd7516c14466191,
Execution Time for Trace ID f7773f3bde543d3f8fd7516c14466191: 228 ms
Input: 1102500,
Cold Start: false
Unique ID: 14d9df4912a8f67baf5291a874ba8e85,
Execution Time for Trace ID 14d9df4912a8f67baf5291a874ba8e85: 94 ms
Input: 1102500,
Cold Start: false
Unique ID: 0e4c4b08fdffe283bbec89b6201c94f4,
Execution Time for Trace ID 0e4c4b08fdffe283bbec89b6201c94f4: 68 ms
Input: 1102500,
Cold Start: false
Unique ID: e93bc30d7aa4a0490127250ba6bdd5fa,
Execution Time for Trace ID e93bc30d7aa4a0490127250ba6bdd5fa: 43 ms
Input: 1102500,
Cold Start: false
Unique ID: 445409cf4ac9a9cd7b80f4ac66df8e7f,
Execution Time for Trace ID 445409cf4ac9a9cd7b80f4ac66df8e7f: 46 ms
Input: 1102500,
Cold Start: false
Unique ID: 625fbd632143e2ae6dd1cda2547a9584,
Execution Time for Trace ID 625fbd632143e2ae6dd1cda2547a9584: 64 ms
Input: 1102500,
Cold Start: false
Unique ID: 9a9cf8bb995e700edf359223c9fcf586,
Execution Time for Trace ID 9a9cf8bb995e700edf359223c9fcf586: 167 ms
Input: 1102500,
Cold Start: false
Unique ID: 9ceda910c0ecbc8beeb82ce0ab5de8bc,
Execution Time for Trace ID 9ceda910c0ecbc8beeb82ce0ab5de8bc: 121 ms
Input: 1102500,
Cold Start: false
Unique ID: d9b7c81bee34216a955be106cb741bce,
Execution Time for Trace ID d9b7c81bee34216a955be106cb741bce: 75 ms
Input: 1102500,
Cold Start: false
Unique ID: 995e9b0f15db3d6ceb676eed43f70a5a,
Execution Time for Trace ID 995e9b0f15db3d6ceb676eed43f70a5a: 145 ms
Input: 1102500,
Cold Start: false
Unique ID: e245ce28f74a34a7928ded61dd16ee8b,
Execution Time for Trace ID e245ce28f74a34a7928ded61dd16ee8b: 125 ms
Input: 1102500,
Cold Start: false
Unique ID: 71cc844b7a43495ffd1c2eee29dadaea,
Execution Time for Trace ID 71cc844b7a43495ffd1c2eee29dadaea: 104 ms
Input: 1102500,
Cold Start: false
Unique ID: aa03cc5a1d8fabdf53ffb61a0faa59a0,
Execution Time for Trace ID aa03cc5a1d8fabdf53ffb61a0faa59a0: 37 ms
Input: 1102500,
Cold Start: false
Unique ID: 6aebdfbe8549413f29c1ab681520678c,
Execution Time for Trace ID 6aebdfbe8549413f29c1ab681520678c: 40 ms
Input: 1102500,
Cold Start: false
Unique ID: 56d7157624c905d67be7bcd137d977f1,
Execution Time for Trace ID 56d7157624c905d67be7bcd137d977f1: 69 ms
Input: 1102500,
Cold Start: false
Unique ID: 7be25799c1c6fbb5aaa037365d954b80,
Execution Time for Trace ID 7be25799c1c6fbb5aaa037365d954b80: 181 ms
Input: 1102500,
Cold Start: false
Unique ID: 6f6078f4a30791f822af69ea217d679d,
Execution Time for Trace ID 6f6078f4a30791f822af69ea217d679d: 68 ms
Input: 1102500,
Cold Start: false
Unique ID: 1a982610870ec42f6a089d67e900c51f,
Execution Time for Trace ID 1a982610870ec42f6a089d67e900c51f: 225 ms
Input: 1102500,
Cold Start: false
Unique ID: ea1c42bb8cf183d94ba78d84b4076878,
Execution Time for Trace ID ea1c42bb8cf183d94ba78d84b4076878: 185 ms
Input: 1102500,
Cold Start: false
Unique ID: dcea9b48b1ab1d57ea966e36ea2032c4,
Execution Time for Trace ID dcea9b48b1ab1d57ea966e36ea2032c4: 134 ms
Input: 1102500,
Cold Start: false
Unique ID: 48389a0c6549fa2587ea372f672dc135,
Execution Time for Trace ID 48389a0c6549fa2587ea372f672dc135: 43 ms
Input: 1102500,
Cold Start: false
Unique ID: 0319075914e73fbef7f9f2461bf7e317,
Execution Time for Trace ID 0319075914e73fbef7f9f2461bf7e317: 32 ms
Input: 1102500,
Cold Start: false
Unique ID: 3b94db0c7deea98392c998558907cb77,
Execution Time for Trace ID 3b94db0c7deea98392c998558907cb77: 118 ms
Input: 1102500,
Cold Start: false
Unique ID: 520c8527d9a5a70573401b0fcf781352,
Execution Time for Trace ID 520c8527d9a5a70573401b0fcf781352: 96 ms
Input: 1102500,
Cold Start: false
Unique ID: d12e95c7d1f06bf34ba11b63be29ac42,
Execution Time for Trace ID d12e95c7d1f06bf34ba11b63be29ac42: 266 ms
Input: 1102500,
Cold Start: false
Unique ID: e982ad093cd97bd72e8dfef39d345637,
Execution Time for Trace ID e982ad093cd97bd72e8dfef39d345637: 94 ms
Input: 1102500,
Cold Start: false
Unique ID: 8d90b923ce480ce8cc79448b5b96cd08,
Execution Time for Trace ID 8d90b923ce480ce8cc79448b5b96cd08: 101 ms
Input: 1102500,
Cold Start: false
Unique ID: 9da6b34275905d8142a914f9993f958b,
Execution Time for Trace ID 9da6b34275905d8142a914f9993f958b: 45 ms
Input: 1102500,
Cold Start: false
Unique ID: bdc7fff1d9bbf95a07cfba20082656ef,
Execution Time for Trace ID bdc7fff1d9bbf95a07cfba20082656ef: 45 ms
Input: 1102500,
Cold Start: false
Unique ID: 0fd9a446d76a5f7d0511665a99dfdfd5,
Execution Time for Trace ID 0fd9a446d76a5f7d0511665a99dfdfd5: 33 ms
Input: 1102500,
Cold Start: false
Unique ID: 032ec9fcb2eded7adbb67cf8d683937a,
Execution Time for Trace ID 032ec9fcb2eded7adbb67cf8d683937a: 137 ms
Input: 1102500,
Cold Start: false
Unique ID: 0078cdfb78369135626e763b7ba453f8,
Execution Time for Trace ID 0078cdfb78369135626e763b7ba453f8: 203 ms
Input: 1102500,
Cold Start: false
Unique ID: b3fc99d6d873301223e5f926666749aa,
Execution Time for Trace ID b3fc99d6d873301223e5f926666749aa: 78 ms
Input: 1102500,
Cold Start: false
Unique ID: 4ca1eab3570dd0947a50e0713c4e1c2b,
Execution Time for Trace ID 4ca1eab3570dd0947a50e0713c4e1c2b: 186 ms
Input: 1102500,
Cold Start: false
Unique ID: bf5a895bb90a6d6541dd605ee7e2fbbc,
Execution Time for Trace ID bf5a895bb90a6d6541dd605ee7e2fbbc: 140 ms
Input: 1102500,
Cold Start: false
Unique ID: ecb3b0ddd9ef0066dbafbd0960c6407b,
Execution Time for Trace ID ecb3b0ddd9ef0066dbafbd0960c6407b: 141 ms
Input: 1102500,
Cold Start: false
Unique ID: 1127a2b6caa8119590e70c72baa31f00,
Execution Time for Trace ID 1127a2b6caa8119590e70c72baa31f00: 115 ms
Input: 1102500,
Cold Start: false
Unique ID: 4b1fa67e380196d6d680f78960227a50,
Execution Time for Trace ID 4b1fa67e380196d6d680f78960227a50: 89 ms
Input: 1102500,
Cold Start: false
Unique ID: fd4533d176bc025d5dce2f9a8e799d4a,
Execution Time for Trace ID fd4533d176bc025d5dce2f9a8e799d4a: 79 ms
Input: 1102500,
Cold Start: false
Unique ID: 81ee51d26c0b3acd3614bb5a5640b75d,
Execution Time for Trace ID 81ee51d26c0b3acd3614bb5a5640b75d: 51 ms
Input: 1102500,
Cold Start: false
Unique ID: 37bd66c6705671b0f2726001bfb1665f,
Execution Time for Trace ID 37bd66c6705671b0f2726001bfb1665f: 52 ms
Input: 1102500,
Cold Start: false
Unique ID: bd344a9c5437dcbae2ce562778bbed95,
Execution Time for Trace ID bd344a9c5437dcbae2ce562778bbed95: 189 ms
Input: 1102500,
Cold Start: false
Unique ID: 0df8bf9721c8f01423999af79c631532,
Execution Time for Trace ID 0df8bf9721c8f01423999af79c631532: 218 ms
Input: 1102500,
Cold Start: false
Unique ID: c9d59e4aa77f6456e4c769c357a56572,
Execution Time for Trace ID c9d59e4aa77f6456e4c769c357a56572: 38 ms
Input: 1102500,
Cold Start: false
Unique ID: 068c471b657ed2e32fa00d86584cca10,
Execution Time for Trace ID 068c471b657ed2e32fa00d86584cca10: 42 ms
Input: 1102500,
Cold Start: false
Unique ID: 9fa9dbb8367bd110cf563d5a5c7c622d,
Execution Time for Trace ID 9fa9dbb8367bd110cf563d5a5c7c622d: 31 ms
Input: 1102500,
Cold Start: false
Unique ID: be004f6aee550cb990403ef8ee397bfd,
Execution Time for Trace ID be004f6aee550cb990403ef8ee397bfd: 112 ms
Input: 1102500,
Cold Start: false
Unique ID: 6d2c79e925f2054ffc7d72515b0d5582,
Execution Time for Trace ID 6d2c79e925f2054ffc7d72515b0d5582: 166 ms
Input: 1102500,
Cold Start: false
Unique ID: e9fd97e1ae667132ccb72a25a07f366a,
Execution Time for Trace ID e9fd97e1ae667132ccb72a25a07f366a: 70 ms
Input: 1102500,
Cold Start: false
Unique ID: 2f1385943a02ecbd1c453a4726dae6cf,
Execution Time for Trace ID 2f1385943a02ecbd1c453a4726dae6cf: 95 ms
Input: 1102500,
Cold Start: false
Unique ID: 31284bf6f82d2d8fbc670cf7662ceffa,
Execution Time for Trace ID 31284bf6f82d2d8fbc670cf7662ceffa: 104 ms
Input: 1102500,
Cold Start: false
Unique ID: 321cb9760e098c90a6de0a8f9f7474df,
Execution Time for Trace ID 321cb9760e098c90a6de0a8f9f7474df: 118 ms
Input: 1102500,
Cold Start: false
Unique ID: a8048d6483dcf20afff440f135eeb441,
Execution Time for Trace ID a8048d6483dcf20afff440f135eeb441: 52 ms
Input: 1102500,
Cold Start: false
Unique ID: baf5eaee3d5b2ad7171f2685ff88a339,
Execution Time for Trace ID baf5eaee3d5b2ad7171f2685ff88a339: 119 ms
Input: 1102500,
Cold Start: false
Unique ID: 77ddb2678749d650d3f8908f7b56bfbd,
Execution Time for Trace ID 77ddb2678749d650d3f8908f7b56bfbd: 209 ms
Input: 1102500,
Cold Start: false
Unique ID: 2610cb66f6f9187f09d68f280c3b7912,
Execution Time for Trace ID 2610cb66f6f9187f09d68f280c3b7912: 97 ms
Input: 1102500,
Cold Start: false
Unique ID: 2ecb9e078c0a9e072d21e80a616e6b38,
Execution Time for Trace ID 2ecb9e078c0a9e072d21e80a616e6b38: 32 ms
Input: 1102500,
Cold Start: false
Unique ID: a810a65e5dd1e718bb745554cdb38f25,
Execution Time for Trace ID a810a65e5dd1e718bb745554cdb38f25: 204 ms
Input: 1102500,
Cold Start: false
Unique ID: a97cb19836d7ebe08912e1dbfdeb0753,
Execution Time for Trace ID a97cb19836d7ebe08912e1dbfdeb0753: 213 ms
Input: 1102500,
Cold Start: false
Unique ID: 69028c6b36d072a953867ba55f2b9966,
Execution Time for Trace ID 69028c6b36d072a953867ba55f2b9966: 140 ms
Input: 1102500,
Cold Start: false
Unique ID: 68f4865b45a34a106838a539bde4f5b8,
Execution Time for Trace ID 68f4865b45a34a106838a539bde4f5b8: 80 ms
Input: 1102500,
Cold Start: false
Unique ID: c744cb485f5bd5d883351c44948f310b,
Execution Time for Trace ID c744cb485f5bd5d883351c44948f310b: 119 ms
Input: 1102500,
Cold Start: false
Unique ID: 685261613c4f212247335421ba4c121c,
Execution Time for Trace ID 685261613c4f212247335421ba4c121c: 99 ms
Input: 1102500,
Cold Start: false
Unique ID: 73e7fa87b19c1e0562f4ab1d4e7fb56f,
Execution Time for Trace ID 73e7fa87b19c1e0562f4ab1d4e7fb56f: 31 ms
Input: 1102500,
Cold Start: false
Unique ID: 5abd2f0acb026a922578b47159f2de2a,
Execution Time for Trace ID 5abd2f0acb026a922578b47159f2de2a: 135 ms
Input: 1102500,
Cold Start: false
Unique ID: ffc25ef4d1c46db72329429c63d50ebf,
Execution Time for Trace ID ffc25ef4d1c46db72329429c63d50ebf: 192 ms
Input: 1102500,
Cold Start: false
Unique ID: b9ab0653a1df8482cf8ee3900f192a00,
Execution Time for Trace ID b9ab0653a1df8482cf8ee3900f192a00: 192 ms
Input: 1102500,
Cold Start: false
Unique ID: 2a5627287bc56afc45dabfda9d1606cc,
Execution Time for Trace ID 2a5627287bc56afc45dabfda9d1606cc: 40 ms
Input: 1102500,
Cold Start: false
Unique ID: b0a849668f5e248e85f4a42a2fe32252,
Execution Time for Trace ID b0a849668f5e248e85f4a42a2fe32252: 43 ms
Input: 1102500,
Cold Start: false
Unique ID: f0880fe920508ef8bdd3aa952f87ce50,
Execution Time for Trace ID f0880fe920508ef8bdd3aa952f87ce50: 39 ms
Input: 1102500,
Cold Start: false
Unique ID: 2bb9574a044c215e705a5bb53991c107,
Execution Time for Trace ID 2bb9574a044c215e705a5bb53991c107: 197 ms
Input: 1102500,
Cold Start: false
Unique ID: 51bd72e62e6f5a526838a539bde4f53a,
Execution Time for Trace ID 51bd72e62e6f5a526838a539bde4f53a: 98 ms
Input: 1102500,
Cold Start: false
Unique ID: b2432e2b1f1fa45cdd0ca71e5d3985bc,
Execution Time for Trace ID b2432e2b1f1fa45cdd0ca71e5d3985bc: 185 ms
Input: 1102500,
Cold Start: false
Unique ID: 98179efd528bd43ddd9e0985b2daa927,
Execution Time for Trace ID 98179efd528bd43ddd9e0985b2daa927: 30 ms
Input: 1102500,
Cold Start: false
Unique ID: 01d5d6d9904e86c65bb499c573c6a8f2,
Execution Time for Trace ID 01d5d6d9904e86c65bb499c573c6a8f2: 184 ms
Input: 1102500,
Cold Start: false
Unique ID: c11a4224f268ba0bab9bda6c11202a64,
Execution Time for Trace ID c11a4224f268ba0bab9bda6c11202a64: 136 ms
Input: 1102500,
Cold Start: false
Unique ID: 0cb259f403b542482f7e262431edb809,
Execution Time for Trace ID 0cb259f403b542482f7e262431edb809: 37 ms
Input: 1102500,
Cold Start: false
Unique ID: 4a0687c8224e6367d73fd41c5c8324fb,
Execution Time for Trace ID 4a0687c8224e6367d73fd41c5c8324fb: 34 ms
Input: 1102500,
Cold Start: false
Unique ID: 92b262fcdde8e403627654833342a9d1,
Execution Time for Trace ID 92b262fcdde8e403627654833342a9d1: 179 ms
Input: 1102500,
Cold Start: false
Unique ID: f9bc4f749ea56e09856277bc03427c46,
Execution Time for Trace ID f9bc4f749ea56e09856277bc03427c46: 73 ms
Input: 1102500,
Cold Start: false
Unique ID: 463c07d5043380cd1e69056b1961fa16,
Execution Time for Trace ID 463c07d5043380cd1e69056b1961fa16: 181 ms
Input: 1102500,
Cold Start: false
Unique ID: 2937101c782d7f268e7f357da64c07e6,
Execution Time for Trace ID 2937101c782d7f268e7f357da64c07e6: 87 ms
Input: 1102500,
Cold Start: false
Unique ID: 11283dc4652dd3cc49f409c3639972fd,
Execution Time for Trace ID 11283dc4652dd3cc49f409c3639972fd: 177 ms
Input: 1102500,
Cold Start: false
Unique ID: 0b606dcbaf268a5062ba0adea8cc9af3,
Execution Time for Trace ID 0b606dcbaf268a5062ba0adea8cc9af3: 135 ms
Input: 1102500,
Cold Start: false
Unique ID: 4d56053fcd60245ea86d0b62b1cd1435,
Execution Time for Trace ID 4d56053fcd60245ea86d0b62b1cd1435: 40 ms
Input: 1102500,
Cold Start: false
Unique ID: 666eeb45ad095b590f5cc9299932b37c,
Execution Time for Trace ID 666eeb45ad095b590f5cc9299932b37c: 33 ms
Input: 1102500,
Cold Start: false
Unique ID: 06dba17db748ac786c00f2b7fc4f2a50,
Execution Time for Trace ID 06dba17db748ac786c00f2b7fc4f2a50: 103 ms
Input: 1102500,
Cold Start: false
Unique ID: 40be250974e708e80634f7743868924f,
Execution Time for Trace ID 40be250974e708e80634f7743868924f: 190 ms
Input: 1102500,
Cold Start: false
Unique ID: cbc5aa1fd46c1df27d98694b9f419a4a,
Execution Time for Trace ID cbc5aa1fd46c1df27d98694b9f419a4a: 113 ms
Input: 1102500,
Cold Start: false
Unique ID: 1e80cae1ea2a4fe89c3ecfda55f1e0c6,
Execution Time for Trace ID 1e80cae1ea2a4fe89c3ecfda55f1e0c6: 116 ms
Input: 1102500,
Cold Start: false
Unique ID: cdcf7c8ba7fc0e46a0904ab18dbd2fb9,
Execution Time for Trace ID cdcf7c8ba7fc0e46a0904ab18dbd2fb9: 187 ms
Input: 1102500,
Cold Start: false
Unique ID: af9062550a5a118f94f3086c89348ede,
Execution Time for Trace ID af9062550a5a118f94f3086c89348ede: 94 ms
Input: 1102500,
Cold Start: false
Unique ID: 2c3d5d52fe533d1dcdc710f1491a01b0,
Execution Time for Trace ID 2c3d5d52fe533d1dcdc710f1491a01b0: 112 ms
Input: 1102500,
Cold Start: false
Unique ID: 4fc91c5c468a658cef56c2b0d29ade4d,
Execution Time for Trace ID 4fc91c5c468a658cef56c2b0d29ade4d: 83 ms
Input: 1102500,
Cold Start: false
Unique ID: d745a9282d2f903609f65e2bb04d52ef,
Execution Time for Trace ID d745a9282d2f903609f65e2bb04d52ef: 68 ms
Input: 1102500,
Cold Start: false
Unique ID: 349a29ce5e332f19a3baf1c67fa6976d,
Execution Time for Trace ID 349a29ce5e332f19a3baf1c67fa6976d: 41 ms
Input: 1102500,
Cold Start: false
Unique ID: faf37921512aa1a593cc0a3d9926de04,
Execution Time for Trace ID faf37921512aa1a593cc0a3d9926de04: 104 ms
Input: 1102500,
Cold Start: false
Unique ID: a295c53e0ed8c5e9f867ceb666df1df5,
Execution Time for Trace ID a295c53e0ed8c5e9f867ceb666df1df5: 190 ms
Input: 1102500,
Cold Start: false
Unique ID: 2cb2bc7069ae616943957796a5577659,
Execution Time for Trace ID 2cb2bc7069ae616943957796a5577659: 102 ms
Input: 1102500,
Cold Start: false
Unique ID: 66930d88f76a14d95ee4746996bbf2ce,
Execution Time for Trace ID 66930d88f76a14d95ee4746996bbf2ce: 40 ms
Input: 1102500,
Cold Start: false
Unique ID: 3662ae27d5e19a5a8a280194955cdd37,
Execution Time for Trace ID 3662ae27d5e19a5a8a280194955cdd37: 42 ms
Input: 1102500,
Cold Start: false
Unique ID: 0df1ef1266ea0a5cd73595696754178d,
Execution Time for Trace ID 0df1ef1266ea0a5cd73595696754178d: 37 ms
Input: 1102500,
Cold Start: false
Unique ID: 4a42e53327c9f9b1d74027d2c0c2af91,
Execution Time for Trace ID 4a42e53327c9f9b1d74027d2c0c2af91: 190 ms
Input: 1102500,
Cold Start: false
Unique ID: ae426f731c23268bf2a6b0744a132eba,
Execution Time for Trace ID ae426f731c23268bf2a6b0744a132eba: 72 ms
Input: 1102500,
Cold Start: false
Unique ID: f2ac57cefc8b65d640b33816b6f62a7a,
Execution Time for Trace ID f2ac57cefc8b65d640b33816b6f62a7a: 186 ms
Input: 1102500,
Cold Start: false
Unique ID: c7c0015e9ffa6172bcd1ed25a8282193,
Execution Time for Trace ID c7c0015e9ffa6172bcd1ed25a8282193: 91 ms
Input: 1102500,
Cold Start: false
Unique ID: 437a95eb70a8706aebd2601a034ad540,
Execution Time for Trace ID 437a95eb70a8706aebd2601a034ad540: 176 ms
Input: 1102500,
Cold Start: false
Unique ID: 6dc2439d1d0e3509e8353e68fbe6d2bb,
Execution Time for Trace ID 6dc2439d1d0e3509e8353e68fbe6d2bb: 119 ms
Input: 1102500,
Cold Start: false
Unique ID: 15867666548d14906f211f19afcc7e64,
Execution Time for Trace ID 15867666548d14906f211f19afcc7e64: 40 ms
Input: 1102500,
Cold Start: false
Unique ID: cc3536213ed016efef46bde7f430ed16,
Execution Time for Trace ID cc3536213ed016efef46bde7f430ed16: 35 ms
Input: 1102500,
Cold Start: false
Unique ID: d9b0f70afd56474b5665f5bae2f72e12,
Execution Time for Trace ID d9b0f70afd56474b5665f5bae2f72e12: 30 ms
Input: 1102500,
Cold Start: false
Unique ID: e94dbb8232e2701db0d25ae044242793,
Execution Time for Trace ID e94dbb8232e2701db0d25ae044242793: 106 ms
Input: 1102500,
Cold Start: false
Unique ID: e4501cdf5187586d4feb0e1188cbeb71,
Execution Time for Trace ID e4501cdf5187586d4feb0e1188cbeb71: 275 ms
Input: 1102500,
Cold Start: false
Unique ID: 06d168ce5b8187c873c6383cd912d8d5,
Execution Time for Trace ID 06d168ce5b8187c873c6383cd912d8d5: 178 ms
Input: 1102500,
Cold Start: false
Unique ID: fa2bcd84e14a016071415ab0df923969,
Execution Time for Trace ID fa2bcd84e14a016071415ab0df923969: 102 ms
Input: 1102500,
Cold Start: false
Unique ID: 2ddb90b18294be4d1366ad46f28bc560,
Execution Time for Trace ID 2ddb90b18294be4d1366ad46f28bc560: 41 ms
Input: 1102500,
Cold Start: false
Unique ID: 6e8afb4813c9a21f5680da492b8c6a0e,
Execution Time for Trace ID 6e8afb4813c9a21f5680da492b8c6a0e: 39 ms
Input: 1102500,
Cold Start: false
Unique ID: baed094717a8de0921e93c08a1590428,
Execution Time for Trace ID baed094717a8de0921e93c08a1590428: 53 ms
Input: 1102500,
Cold Start: false
Unique ID: 6465d3b6924f37572527ac88ce5451f1,
Execution Time for Trace ID 6465d3b6924f37572527ac88ce5451f1: 130 ms
Input: 1102500,
Cold Start: false
Unique ID: 56a02a0d534b458ebb5ce3e7470f680f,
Execution Time for Trace ID 56a02a0d534b458ebb5ce3e7470f680f: 191 ms
Input: 1102500,
Cold Start: false
Unique ID: 8d2f9fb06bb82860012b6a0d95a94afc,
Execution Time for Trace ID 8d2f9fb06bb82860012b6a0d95a94afc: 72 ms
Input: 1102500,
Cold Start: false
Unique ID: 54bf208fe858134809d9aa59faccd785,
Execution Time for Trace ID 54bf208fe858134809d9aa59faccd785: 84 ms
Input: 1102500,
Cold Start: false
Unique ID: 51986217f647975e674706fdbbffed29,
Execution Time for Trace ID 51986217f647975e674706fdbbffed29: 135 ms
Input: 1102500,
Cold Start: false
Unique ID: 54bdb38f5d51f19daa7e801a95872192,
Execution Time for Trace ID 54bdb38f5d51f19daa7e801a95872192: 138 ms
Input: 1102500,
Cold Start: false
Unique ID: 5165d979f14e3b64709476354fd6609d,
Execution Time for Trace ID 5165d979f14e3b64709476354fd6609d: 38 ms
Input: 1102500,
Cold Start: false
Unique ID: edd7379fd59db062cb03adddd710b999,
Execution Time for Trace ID edd7379fd59db062cb03adddd710b999: 30 ms
Input: 1102500,
Cold Start: false
Unique ID: fcdfc8d5c6e38e0f506f2a42cddd1b38,
Execution Time for Trace ID fcdfc8d5c6e38e0f506f2a42cddd1b38: 108 ms
Input: 1102500,
Cold Start: false
Unique ID: 591623692f22aa4c1a03aafcb727a159,
Execution Time for Trace ID 591623692f22aa4c1a03aafcb727a159: 194 ms
Input: 1102500,
Cold Start: false
Unique ID: e06d272e31664f1fad6fbc427df96f2c,
Execution Time for Trace ID e06d272e31664f1fad6fbc427df96f2c: 179 ms
Input: 1102500,
Cold Start: false
Unique ID: dfa0f7612b79a9eaa6f062fddde017cb,
Execution Time for Trace ID dfa0f7612b79a9eaa6f062fddde017cb: 132 ms
Input: 1102500,
Cold Start: false
Unique ID: ee3bda3bb8d21b836a7b4c27ca139433,
Execution Time for Trace ID ee3bda3bb8d21b836a7b4c27ca139433: 192 ms
Input: 1102500,
Cold Start: false
Unique ID: 5b40671bdf64127bf78c32534a934ef3,
Execution Time for Trace ID 5b40671bdf64127bf78c32534a934ef3: 136 ms
Input: 1102500,
Cold Start: false
Unique ID: fa388fa6735c776dfb3dbcbef8c45205,
Execution Time for Trace ID fa388fa6735c776dfb3dbcbef8c45205: 98 ms
Input: 1102500,
Cold Start: false
Unique ID: 0d3fe71cef76cad773fc574fd55345b1,
Execution Time for Trace ID 0d3fe71cef76cad773fc574fd55345b1: 80 ms
Input: 1102500,
Cold Start: false
Unique ID: 52013d647f52c3f80eb35d66a8f0b4c8,
Execution Time for Trace ID 52013d647f52c3f80eb35d66a8f0b4c8: 79 ms
Input: 1102500,
Cold Start: false
Unique ID: 97e212d1b7fadabc28f0b01d6db4ba2b,
Execution Time for Trace ID 97e212d1b7fadabc28f0b01d6db4ba2b: 37 ms
Input: 1102500,
Cold Start: false
Unique ID: 4f6e0a4ce425ff81c36916f412e9954f,
Execution Time for Trace ID 4f6e0a4ce425ff81c36916f412e9954f: 185 ms
Input: 1102500,
Cold Start: false
Unique ID: c20e3dca55f88ce18518aaa5ee803da2,
Execution Time for Trace ID c20e3dca55f88ce18518aaa5ee803da2: 115 ms
Input: 1102500,
Cold Start: false
Unique ID: 6c218289a1c3b0661c0af48cc30faa92,
Execution Time for Trace ID 6c218289a1c3b0661c0af48cc30faa92: 178 ms
Input: 1102500,
Cold Start: false
Unique ID: c0393c5e06594ba77bcf0a83b770389d,
Execution Time for Trace ID c0393c5e06594ba77bcf0a83b770389d: 39 ms
Input: 1102500,
Cold Start: false
Unique ID: b2514906053dfd856966f8b491f28d1e,
Execution Time for Trace ID b2514906053dfd856966f8b491f28d1e: 49 ms
Input: 1102500,
Cold Start: false
Unique ID: 9f179ab53537398e8297a10901fb9e8a,
Execution Time for Trace ID 9f179ab53537398e8297a10901fb9e8a: 92 ms
Input: 1102500,
Cold Start: false
Unique ID: ceb505185d7bd36752fe7cbbbc6f74d3,
Execution Time for Trace ID ceb505185d7bd36752fe7cbbbc6f74d3: 36 ms
Input: 1102500,
Cold Start: false
Unique ID: 67d65eaeba241127077bec488e588396,
Execution Time for Trace ID 67d65eaeba241127077bec488e588396: 115 ms
Input: 1102500,
Cold Start: false
Unique ID: 99b70f260a7f6eb2fb8aca45acdb1350,
Execution Time for Trace ID 99b70f260a7f6eb2fb8aca45acdb1350: 225 ms
Input: 1102500,
Cold Start: false
Unique ID: cd5a83ffab68d23b0e43b5623f86fe3c,
Execution Time for Trace ID cd5a83ffab68d23b0e43b5623f86fe3c: 191 ms
Input: 1102500,
Cold Start: false
Unique ID: 14f766df2b9a0a724e6a3853799a032a,
Execution Time for Trace ID 14f766df2b9a0a724e6a3853799a032a: 186 ms
Input: 1102500,
Cold Start: false
Unique ID: 0574e954a73cc1a86eb2d4e5fc2a94b2,
Execution Time for Trace ID 0574e954a73cc1a86eb2d4e5fc2a94b2: 36 ms
Input: 1102500,
Cold Start: false
Unique ID: 8f03664c84372a7a770df3cb40cbe70b,
Execution Time for Trace ID 8f03664c84372a7a770df3cb40cbe70b: 41 ms
Input: 1102500,
Cold Start: false
Unique ID: 689a585231d0d184ba94d79e8d8006e6,
Execution Time for Trace ID 689a585231d0d184ba94d79e8d8006e6: 66 ms
Input: 1102500,
Cold Start: false
Unique ID: 24b195f22e40e1d0cd997e27530f1db5,
Execution Time for Trace ID 24b195f22e40e1d0cd997e27530f1db5: 114 ms
Input: 1102500,
Cold Start: false
Unique ID: 6cad28317383e0e15f85abe2c32589cd,
Execution Time for Trace ID 6cad28317383e0e15f85abe2c32589cd: 198 ms
Input: 1102500,
Cold Start: false
Unique ID: 91b5f0f467a3baf3833b745fe05a8baf,
Execution Time for Trace ID 91b5f0f467a3baf3833b745fe05a8baf: 75 ms
Input: 1102500,
Cold Start: false
Unique ID: 8281ef6fa8a83ff94623427c0bcbbf81,
Execution Time for Trace ID 8281ef6fa8a83ff94623427c0bcbbf81: 89 ms
Input: 1102500,
Cold Start: false
Unique ID: 7c928ed851405cb8ac826d744e6f7276,
Execution Time for Trace ID 7c928ed851405cb8ac826d744e6f7276: 119 ms
Input: 1102500,
Cold Start: false
Unique ID: e2edfe974939e381b56a24d15fb9b076,
Execution Time for Trace ID e2edfe974939e381b56a24d15fb9b076: 52 ms
Input: 1102500,
Cold Start: false
Unique ID: d61daac073a83f523577ead4918224b3,
Execution Time for Trace ID d61daac073a83f523577ead4918224b3: 42 ms
Input: 1102500,
Cold Start: false
Unique ID: f8f19b0c18e8492f8c8d76769793b23a,
Execution Time for Trace ID f8f19b0c18e8492f8c8d76769793b23a: 39 ms
Input: 1102500,
Cold Start: false
Unique ID: d763c8fc1d972508ae5f96092a6f25a4,
Execution Time for Trace ID d763c8fc1d972508ae5f96092a6f25a4: 194 ms
Input: 1102500,
Cold Start: false
Unique ID: 90835e828910fdc4e878bce698a2b438,
Execution Time for Trace ID 90835e828910fdc4e878bce698a2b438: 76 ms
Input: 1102500,
Cold Start: false
Unique ID: f58f4a7ffc10ff8ca7c1dabfd82726f1,
Execution Time for Trace ID f58f4a7ffc10ff8ca7c1dabfd82726f1: 188 ms
Input: 1102500,
Cold Start: false
Unique ID: d684289a4e9df97772366eb4a28196c8,
Execution Time for Trace ID d684289a4e9df97772366eb4a28196c8: 104 ms
Input: 1102500,
Cold Start: false
Unique ID: 131c1c93ac0ad73e14d8bcdb2de856dc,
Execution Time for Trace ID 131c1c93ac0ad73e14d8bcdb2de856dc: 191 ms
Input: 1102500,
Cold Start: false
Unique ID: 468d54e8ac2935b64b194f7c21f0956b,
Execution Time for Trace ID 468d54e8ac2935b64b194f7c21f0956b: 120 ms
Input: 1102500,
Cold Start: false
Unique ID: 5425dd65530b6567683fcd68f0fcc447,
Execution Time for Trace ID 5425dd65530b6567683fcd68f0fcc447: 45 ms
Input: 1102500,
Cold Start: false
Unique ID: 61cb6f30590002b354b8f417a2810e49,
Execution Time for Trace ID 61cb6f30590002b354b8f417a2810e49: 31 ms
Input: 1102500,
Cold Start: false
Unique ID: bfdbfc5ed10c16573ef683e4a29a4fc5,
Execution Time for Trace ID bfdbfc5ed10c16573ef683e4a29a4fc5: 115 ms
Input: 1102500,
Cold Start: false
Unique ID: 20df3850c6500a296b3b2662e2bd75fc,
Execution Time for Trace ID 20df3850c6500a296b3b2662e2bd75fc: 202 ms
Input: 1102500,
Cold Start: false
Unique ID: 2146bdd67e951fe228db5c4afe1c463b,
Execution Time for Trace ID 2146bdd67e951fe228db5c4afe1c463b: 80 ms
Input: 1102500,
Cold Start: false
Unique ID: 361e8a51fdfa23852b383f2a7a6fe271,
Execution Time for Trace ID 361e8a51fdfa23852b383f2a7a6fe271: 189 ms
Input: 1102500,
Cold Start: false
Unique ID: cdd647fe26927c229fda0f9924ea2e60,
Execution Time for Trace ID cdd647fe26927c229fda0f9924ea2e60: 218 ms
Input: 1102500,
Cold Start: false
Unique ID: 38082ac4142e0ca5860012a138fd2a75,
Execution Time for Trace ID 38082ac4142e0ca5860012a138fd2a75: 133 ms
Input: 1102500,
Cold Start: false
Unique ID: f081805c5ea6f318a2075e0b9c57f0ad,
Execution Time for Trace ID f081805c5ea6f318a2075e0b9c57f0ad: 107 ms
Input: 1102500,
Cold Start: false
Unique ID: d98f90170628eb2daed46609311abd84,
Execution Time for Trace ID d98f90170628eb2daed46609311abd84: 77 ms
Input: 1102500,
Cold Start: false
Unique ID: 75cadc272098804b0fbe7173e7547415,
Execution Time for Trace ID 75cadc272098804b0fbe7173e7547415: 160 ms
Input: 1102500,
Cold Start: false
Unique ID: f70ad62fe431572c8708c7169cd362c6,
Execution Time for Trace ID f70ad62fe431572c8708c7169cd362c6: 76 ms
Input: 1102500,
Cold Start: false
Unique ID: 832a218c47dba2e4a650b295d1f39721,
Execution Time for Trace ID 832a218c47dba2e4a650b295d1f39721: 190 ms
Input: 1102500,
Cold Start: false
Unique ID: 7286199520c47cf5b046626f00f25ed3,
Execution Time for Trace ID 7286199520c47cf5b046626f00f25ed3: 65 ms
Input: 1102500,
Cold Start: false
Unique ID: a1a06ef240104e24f078f4e7a1bbe9db,
Execution Time for Trace ID a1a06ef240104e24f078f4e7a1bbe9db: 113 ms
Input: 1102500,
Cold Start: false
Unique ID: 09bd25398954e0527646e2eb37c4fb54,
Execution Time for Trace ID 09bd25398954e0527646e2eb37c4fb54: 53 ms
Input: 1102500,
Cold Start: false
Unique ID: 550fb9b0be6418f1e4ec533248b685be,
Execution Time for Trace ID 550fb9b0be6418f1e4ec533248b685be: 40 ms
Input: 1102500,
Cold Start: false
Unique ID: a186c3ff4de048e3a63abcd6759a69d0,
Execution Time for Trace ID a186c3ff4de048e3a63abcd6759a69d0: 42 ms
Input: 1102500,
Cold Start: false
Unique ID: 7e2740e5c49ea301cffdefe9f8220e1b,
Execution Time for Trace ID 7e2740e5c49ea301cffdefe9f8220e1b: 69 ms
Input: 1102500,
Cold Start: false
Unique ID: 98aaa2bfd1696724a75e0bcacb39f9c9,
Execution Time for Trace ID 98aaa2bfd1696724a75e0bcacb39f9c9: 31 ms
Input: 1102500,
Cold Start: false
Unique ID: d4d36dfa9c40cf838253b9ea4468a1e5,
Execution Time for Trace ID d4d36dfa9c40cf838253b9ea4468a1e5: 270 ms
Input: 1102500,
Cold Start: false
Unique ID: 5fa595a793085ea4e41d688354e63b11,
Execution Time for Trace ID 5fa595a793085ea4e41d688354e63b11: 103 ms
Input: 1102500,
Cold Start: false
Unique ID: 6fb813fb66e3dc8f99805a49dae5d3f5,
Execution Time for Trace ID 6fb813fb66e3dc8f99805a49dae5d3f5: 277 ms
Input: 1102500,
Cold Start: false
Unique ID: 31386025cfd3828c1d2a1127e52e6e2e,
Execution Time for Trace ID 31386025cfd3828c1d2a1127e52e6e2e: 43 ms
Input: 1102500,
Cold Start: false
Unique ID: 7ebf0e102df746443bf68661820b96ae,
Execution Time for Trace ID 7ebf0e102df746443bf68661820b96ae: 37 ms
Input: 1102500,
Cold Start: false
Unique ID: f189fd6e9535c25b92a6aeca2b4275e3,
Execution Time for Trace ID f189fd6e9535c25b92a6aeca2b4275e3: 32 ms
Input: 1102500,
Cold Start: false
Unique ID: fa2ba447c2b72a940f702b5ea5d8b9fc,
Execution Time for Trace ID fa2ba447c2b72a940f702b5ea5d8b9fc: 130 ms
Input: 1102500,
Cold Start: false
Unique ID: eb03e85850cb4ccb0390d0459406e903,
Execution Time for Trace ID eb03e85850cb4ccb0390d0459406e903: 178 ms
Input: 1102500,
Cold Start: false
Unique ID: cdab10a935bfbb843aa6176f6480603b,
Execution Time for Trace ID cdab10a935bfbb843aa6176f6480603b: 125 ms
Input: 1102500,
Cold Start: false
Unique ID: eac1b33a5a0cf83b274dcc652e3a62d5,
Execution Time for Trace ID eac1b33a5a0cf83b274dcc652e3a62d5: 93 ms
Input: 1102500,
Cold Start: false
Unique ID: 4386b25fe12a435b55530f9d4c9f9cef,
Execution Time for Trace ID 4386b25fe12a435b55530f9d4c9f9cef: 127 ms
Input: 1102500,
Cold Start: false
Unique ID: 5868bf19f2ee2f2d65ce91d65d2eadf6,
Execution Time for Trace ID 5868bf19f2ee2f2d65ce91d65d2eadf6: 134 ms
Input: 1102500,
Cold Start: false
Unique ID: c09602158d68ac56b50e0c0bba7b9c60,
Execution Time for Trace ID c09602158d68ac56b50e0c0bba7b9c60: 44 ms
Input: 1102500,
Cold Start: false
Unique ID: 0ae84d66310e02e0d56a6b73c2be89c2,
Execution Time for Trace ID 0ae84d66310e02e0d56a6b73c2be89c2: 38 ms
Input: 1102500,
Cold Start: false
Unique ID: 71e87aabb3a3bbbe1d178ee60905ad88,
Execution Time for Trace ID 71e87aabb3a3bbbe1d178ee60905ad88: 71 ms
Input: 1102500,
Cold Start: false
Unique ID: 4fb940f0a5b61bbd0d6d6b76fd99fa48,
Execution Time for Trace ID 4fb940f0a5b61bbd0d6d6b76fd99fa48: 58 ms
Input: 1102500,
Cold Start: false
Unique ID: 19380be6b869d87af84f231f0c228ea3,
Execution Time for Trace ID 19380be6b869d87af84f231f0c228ea3: 268 ms
Input: 1102500,
Cold Start: false
Unique ID: f384a4d29c06ef8f99b1ead7f7233d70,
Execution Time for Trace ID f384a4d29c06ef8f99b1ead7f7233d70: 183 ms
Input: 1102500,
Cold Start: false
Unique ID: fa3ccc89c35af69b46c22d986d7fb084,
Execution Time for Trace ID fa3ccc89c35af69b46c22d986d7fb084: 95 ms
Input: 1102500,
Cold Start: false
Unique ID: 1557c3538f7f4cab9f10a9dc880017ff,
Execution Time for Trace ID 1557c3538f7f4cab9f10a9dc880017ff: 41 ms
Input: 1102500,
Cold Start: false
Unique ID: 15425bc552bcdb8657c3a3d3d340f3dd,
Execution Time for Trace ID 15425bc552bcdb8657c3a3d3d340f3dd: 35 ms
Input: 1102500,
Cold Start: false
Unique ID: 947546d1cdbaa584b05b37fad0bc7ed3,
Execution Time for Trace ID 947546d1cdbaa584b05b37fad0bc7ed3: 116 ms
Input: 1102500,
Cold Start: false
Unique ID: baa7d06f10339ba085803efaa7e30cf6,
Execution Time for Trace ID baa7d06f10339ba085803efaa7e30cf6: 47 ms
Input: 1102500,
Cold Start: false
Unique ID: e725c545b1e0f7d18aeebf20acb2d64b,
Execution Time for Trace ID e725c545b1e0f7d18aeebf20acb2d64b: 185 ms
Input: 1102500,
Cold Start: false
Unique ID: 06496491be387ab2011fb2c387d7e155,
Execution Time for Trace ID 06496491be387ab2011fb2c387d7e155: 92 ms
Input: 1102500,
Cold Start: false
Unique ID: 2e0999ca46f3e32d5f6bdb6cd8e2a543,
Execution Time for Trace ID 2e0999ca46f3e32d5f6bdb6cd8e2a543: 142 ms
Input: 1102500,
Cold Start: false
Unique ID: 3a74fd198621ca0ed330c48743e10359,
Execution Time for Trace ID 3a74fd198621ca0ed330c48743e10359: 134 ms
Input: 1102500,
Cold Start: false
Unique ID: e2abbdb14b603a93fac220c03344258e,
Execution Time for Trace ID e2abbdb14b603a93fac220c03344258e: 136 ms
Input: 1102500,
Cold Start: false
Unique ID: 9d175de983a622921d380fed1eefb5d3,
Execution Time for Trace ID 9d175de983a622921d380fed1eefb5d3: 128 ms
Input: 1102500,
Cold Start: false
Unique ID: c680144ef2e4f82627b8508e88f5ce15,
Execution Time for Trace ID c680144ef2e4f82627b8508e88f5ce15: 77 ms
Input: 1102500,
Cold Start: false
Unique ID: 19936c879e2d6adadf84ca5bd30ac710,
Execution Time for Trace ID 19936c879e2d6adadf84ca5bd30ac710: 50 ms
Input: 1102500,
Cold Start: false
Unique ID: aca20541ce8dc329c33ce953fd3e9a37,
Execution Time for Trace ID aca20541ce8dc329c33ce953fd3e9a37: 30 ms
Input: 1102500,
Cold Start: false
Unique ID: 9a80d8951a9dbe5e937a51c81a24c45f,
Execution Time for Trace ID 9a80d8951a9dbe5e937a51c81a24c45f: 206 ms
Input: 1102500,
Cold Start: false
Unique ID: 1002f737f81c425bb1404f0a981bc81d,
Execution Time for Trace ID 1002f737f81c425bb1404f0a981bc81d: 239 ms
Input: 1102500,
Cold Start: false
Unique ID: 0c10c47da117eab1f4663900bd54f288,
Execution Time for Trace ID 0c10c47da117eab1f4663900bd54f288: 155 ms
Input: 1102500,
Cold Start: false
Unique ID: 726834565c531d1271d500eff1428713,
Execution Time for Trace ID 726834565c531d1271d500eff1428713: 123 ms
Input: 1102500,
Cold Start: false
Unique ID: 4b9d813fd20fe5197ac8bedf5240bbb3,
Execution Time for Trace ID 4b9d813fd20fe5197ac8bedf5240bbb3: 47 ms
Input: 1102500,
Cold Start: false
Unique ID: 7301560b348a5916a283b3afaecb51c5,
Execution Time for Trace ID 7301560b348a5916a283b3afaecb51c5: 84 ms
Input: 1102500,
Cold Start: false
Unique ID: 925db8b0e8f3d97322f011806a3471f1,
Execution Time for Trace ID 925db8b0e8f3d97322f011806a3471f1: 72 ms
Input: 1102500,
Cold Start: false
Unique ID: 30f53f22e723f3415b2304259500c9e1,
Execution Time for Trace ID 30f53f22e723f3415b2304259500c9e1: 32 ms
Input: 1102500,
Cold Start: false
Unique ID: b166706f9a4078235a13c910c1131fea,
Execution Time for Trace ID b166706f9a4078235a13c910c1131fea: 210 ms
Input: 1102500,
Cold Start: false
Unique ID: a90cc30ae691b68d01e7a6279e80b9db,
Execution Time for Trace ID a90cc30ae691b68d01e7a6279e80b9db: 185 ms
Input: 1102500,
Cold Start: false
Unique ID: da87bd1d6ffc8779a1838a59bd426b33,
Execution Time for Trace ID da87bd1d6ffc8779a1838a59bd426b33: 68 ms
Input: 1102500,
Cold Start: false
Unique ID: f799f90cb7c13b30bb80082c30989acc,
Execution Time for Trace ID f799f90cb7c13b30bb80082c30989acc: 69 ms
Input: 1102500,
Cold Start: false
Unique ID: f0e85959944f327115d99f8ed63a0cc0,
Execution Time for Trace ID f0e85959944f327115d99f8ed63a0cc0: 133 ms
Input: 1102500,
Cold Start: false
Unique ID: b9eba2e41edd945b55025fa805a1937f,
Execution Time for Trace ID b9eba2e41edd945b55025fa805a1937f: 108 ms
Input: 1102500,
Cold Start: false
Unique ID: c37dd6e79941adb6f3585c5434eccb70,
Execution Time for Trace ID c37dd6e79941adb6f3585c5434eccb70: 84 ms
Input: 1102500,
Cold Start: false
Unique ID: ad7154b49ffa3dd3339f7050e6c3f7a8,
Execution Time for Trace ID ad7154b49ffa3dd3339f7050e6c3f7a8: 30 ms
Input: 1102500,
Cold Start: false
Unique ID: 4b96041a960a8eefe2f3134d47cb3e94,
Execution Time for Trace ID 4b96041a960a8eefe2f3134d47cb3e94: 185 ms
Input: 1102500,
Cold Start: false
Unique ID: 77d33a080173969fcb06b3db132a7956,
Execution Time for Trace ID 77d33a080173969fcb06b3db132a7956: 126 ms
Input: 1102500,
Cold Start: false
Unique ID: 5672fb325b31cb020b0c23c7cc7497e2,
Execution Time for Trace ID 5672fb325b31cb020b0c23c7cc7497e2: 240 ms
Input: 1102500,
Cold Start: false
Unique ID: 4bf555bf32d698981c430dcc9af4ce09,
Execution Time for Trace ID 4bf555bf32d698981c430dcc9af4ce09: 124 ms
Input: 1102500,
Cold Start: false
Unique ID: dabdf5aa516f5c678f7069da67573519,
Execution Time for Trace ID dabdf5aa516f5c678f7069da67573519: 42 ms
Input: 1102500,
Cold Start: false
Unique ID: 1c92a6eaeffcec7c9529c988cb3cfded,
Execution Time for Trace ID 1c92a6eaeffcec7c9529c988cb3cfded: 38 ms
Input: 1102500,
Cold Start: false
Unique ID: 6de75faf5fa4cbc98d69fa9fdc7bb088,
Execution Time for Trace ID 6de75faf5fa4cbc98d69fa9fdc7bb088: 75 ms
Input: 1102500,
Cold Start: false
Unique ID: 30fb4f46480665b4595db168d68819da,
Execution Time for Trace ID 30fb4f46480665b4595db168d68819da: 54 ms
Input: 1102500,
Cold Start: false
Unique ID: d173b086af5bef12739b77941dd59892,
Execution Time for Trace ID d173b086af5bef12739b77941dd59892: 269 ms
Input: 1102500,
Cold Start: false
Unique ID: 2ca9c4543f93416e22c6da847872d990,
Execution Time for Trace ID 2ca9c4543f93416e22c6da847872d990: 150 ms
Input: 1102500,
Cold Start: false
Unique ID: 33d7cd399674cd27f79a170ac9e212c2,
Execution Time for Trace ID 33d7cd399674cd27f79a170ac9e212c2: 196 ms
Input: 1102500,
Cold Start: false
Unique ID: 27d3c3c968a3765990023966c88f6885,
Execution Time for Trace ID 27d3c3c968a3765990023966c88f6885: 37 ms
Input: 1102500,
Cold Start: false
Unique ID: ad8e4ee498d6f6f164af362442a1f8b6,
Execution Time for Trace ID ad8e4ee498d6f6f164af362442a1f8b6: 40 ms
Input: 1102500,
Cold Start: false
Unique ID: 4ab8cec81683b2c6c22381ab414e4e74,
Execution Time for Trace ID 4ab8cec81683b2c6c22381ab414e4e74: 113 ms
Input: 1102500,
Cold Start: false
Unique ID: dd744966178727cb9733a7d1fdf416bb,
Execution Time for Trace ID dd744966178727cb9733a7d1fdf416bb: 195 ms
Input: 1102500,
Cold Start: false
Unique ID: 775fd7b049cfef2383684eebc461a0c9,
Execution Time for Trace ID 775fd7b049cfef2383684eebc461a0c9: 92 ms
Input: 1102500,
Cold Start: false
Unique ID: 5d265e3f539370b0c2e54ed4c89464a0,
Execution Time for Trace ID 5d265e3f539370b0c2e54ed4c89464a0: 65 ms
Input: 1102500,
Cold Start: false
Unique ID: 1ff16e559a9f83ddccd9d3ab6ba0bf78,
Execution Time for Trace ID 1ff16e559a9f83ddccd9d3ab6ba0bf78: 84 ms
Input: 1102500,
Cold Start: false
Unique ID: 07f89bafde3564f82898e2b6f2153843,
Execution Time for Trace ID 07f89bafde3564f82898e2b6f2153843: 132 ms
Input: 1102500,
Cold Start: false
Unique ID: 3731616cde1673c6a1a16130e19351fc,
Execution Time for Trace ID 3731616cde1673c6a1a16130e19351fc: 137 ms
Input: 1102500,
Cold Start: false
Unique ID: 80499fdfeccf3f58ed0332fafd1267b8,
Execution Time for Trace ID 80499fdfeccf3f58ed0332fafd1267b8: 40 ms
Input: 1102500,
Cold Start: false
Unique ID: e328eb9a14fe744608a7ddfe88f45c69,
Execution Time for Trace ID e328eb9a14fe744608a7ddfe88f45c69: 43 ms
Input: 1102500,
Cold Start: false
Unique ID: ae28b9980cab8f42cec7367be38eda4f,
Execution Time for Trace ID ae28b9980cab8f42cec7367be38eda4f: 76 ms
Input: 1102500,
Cold Start: false
Unique ID: f2e844b853cae37dd03a0aed8a3f2c85,
Execution Time for Trace ID f2e844b853cae37dd03a0aed8a3f2c85: 261 ms
Input: 1102500,
Cold Start: false
Unique ID: b7d466bb7c41efae9ebd02ad5e96ad85,
Execution Time for Trace ID b7d466bb7c41efae9ebd02ad5e96ad85: 194 ms
Input: 1102500,
Cold Start: false
Unique ID: 60f4bc951865d6b32d311b08e8456352,
Execution Time for Trace ID 60f4bc951865d6b32d311b08e8456352: 38 ms
Input: 1102500,
Cold Start: false
Unique ID: 5bab0403b0cd2fd5828cb1050bfa187f,
Execution Time for Trace ID 5bab0403b0cd2fd5828cb1050bfa187f: 109 ms
Input: 1102500,
Cold Start: false
Unique ID: 14c7e4ca14791759cbb8e925ed986a33,
Execution Time for Trace ID 14c7e4ca14791759cbb8e925ed986a33: 53 ms
Input: 1102500,
Cold Start: false
Unique ID: 06f7d0166d1bb2dd0be937c36be78610,
Execution Time for Trace ID 06f7d0166d1bb2dd0be937c36be78610: 121 ms
Input: 1102500,
Cold Start: false
Unique ID: 2862d7a3353e3a39c6dae88672811fe4,
Execution Time for Trace ID 2862d7a3353e3a39c6dae88672811fe4: 29 ms
Input: 1102500,
Cold Start: false
Unique ID: 2dc5b81c35c34c9482b43873f17be9f5,
Execution Time for Trace ID 2dc5b81c35c34c9482b43873f17be9f5: 175 ms
Input: 1102500,
Cold Start: false
Unique ID: 7c5e91c5843c89d7586709f3a4346e0e,
Execution Time for Trace ID 7c5e91c5843c89d7586709f3a4346e0e: 105 ms
Input: 1102500,
Cold Start: false
Unique ID: f0d79d27fe960779d905d9d37be3622b,
Execution Time for Trace ID f0d79d27fe960779d905d9d37be3622b: 185 ms
Input: 1102500,
Cold Start: false
Unique ID: 9b75fdb416fe15f586d8ec00e51c7a4a,
Execution Time for Trace ID 9b75fdb416fe15f586d8ec00e51c7a4a: 80 ms
Input: 1102500,
Cold Start: false
Unique ID: c2be80c86f09ca0b3ddb7e9a0f41a0ac,
Execution Time for Trace ID c2be80c86f09ca0b3ddb7e9a0f41a0ac: 29 ms
Input: 1102500,
Cold Start: false
Unique ID: 956aeb45af5925c8385d570171702696,
Execution Time for Trace ID 956aeb45af5925c8385d570171702696: 37 ms
Input: 1102500,
Cold Start: false
Unique ID: e44b899fb4b289f2cb06b3db132a780a,
Execution Time for Trace ID e44b899fb4b289f2cb06b3db132a780a: 37 ms
Input: 1102500,
Cold Start: false
Unique ID: 82b0c836d45cced9370f36dce9c4280b,
Execution Time for Trace ID 82b0c836d45cced9370f36dce9c4280b: 40 ms
Input: 1102500,
Cold Start: false
Unique ID: 7012811ef813db87ddfc315cd47bc858,
Execution Time for Trace ID 7012811ef813db87ddfc315cd47bc858: 206 ms
Input: 1102500,
Cold Start: false
Unique ID: fd001eeae4892ce67df2fb6a37e2b397,
Execution Time for Trace ID fd001eeae4892ce67df2fb6a37e2b397: 34 ms
Input: 1102500,
Cold Start: false
Unique ID: 0dde1292ac90ef53a46a09e87a7eab91,
Execution Time for Trace ID 0dde1292ac90ef53a46a09e87a7eab91: 94 ms
Input: 1102500,
Cold Start: false
Unique ID: 24f4f421b5e79fb06a1c02d785eae00a,
Execution Time for Trace ID 24f4f421b5e79fb06a1c02d785eae00a: 271 ms
Input: 1102500,
Cold Start: false
Unique ID: ffb58df0942b4a0c9b43d8f26c78d40d,
Execution Time for Trace ID ffb58df0942b4a0c9b43d8f26c78d40d: 214 ms
Input: 1102500,
Cold Start: false
Unique ID: 5a6851687cecfc842b5058cff82f03fe,
Execution Time for Trace ID 5a6851687cecfc842b5058cff82f03fe: 122 ms
Input: 1102500,
Cold Start: false
Unique ID: 45e7de5a7b8c5785b61cc4b39a516376,
Execution Time for Trace ID 45e7de5a7b8c5785b61cc4b39a516376: 43 ms
Input: 1102500,
Cold Start: false
Unique ID: aef42d6bea4376d1090e9e025178ca89,
Execution Time for Trace ID aef42d6bea4376d1090e9e025178ca89: 64 ms
Input: 1102500,
Cold Start: false
Unique ID: 93f1d991572584bdb6c19812c2a7819f,
Execution Time for Trace ID 93f1d991572584bdb6c19812c2a7819f: 130 ms
Input: 1102500,
Cold Start: false
Unique ID: 144b96069c2adf790ed1a33239ee5caa,
Execution Time for Trace ID 144b96069c2adf790ed1a33239ee5caa: 273 ms
Input: 1102500,
Cold Start: false
Unique ID: 5d45247785f2686be78362560784f4c2,
Execution Time for Trace ID 5d45247785f2686be78362560784f4c2: 131 ms
Input: 1102500,
Cold Start: false
Unique ID: 24b1b7e5978aaa5ea3d3f191a18f9731,
Execution Time for Trace ID 24b1b7e5978aaa5ea3d3f191a18f9731: 30 ms
Input: 1102500,
Cold Start: false
Unique ID: 70e7109d88472f4fa1530792cc637ca8,
Execution Time for Trace ID 70e7109d88472f4fa1530792cc637ca8: 176 ms
Input: 1102500,
Cold Start: false
Unique ID: eb545bd432b64853c64742ea29f36796,
Execution Time for Trace ID eb545bd432b64853c64742ea29f36796: 32 ms
Input: 1102500,
Cold Start: false
Unique ID: 887ee23d2b28a1636c1275bae50cffdf,
Execution Time for Trace ID 887ee23d2b28a1636c1275bae50cffdf: 38 ms
Input: 1102500,
Cold Start: false
Unique ID: ccdc7aafb71cda91f0a337d219157f96,
Execution Time for Trace ID ccdc7aafb71cda91f0a337d219157f96: 35 ms
Input: 1102500,
Cold Start: false
Unique ID: b8d2f5ce55575c820dd86b787f4adb0b,
Execution Time for Trace ID b8d2f5ce55575c820dd86b787f4adb0b: 188 ms
Input: 1102500,
Cold Start: false
Unique ID: 48f89ed28e7c2a7d87037fcf97078ad2,
Execution Time for Trace ID 48f89ed28e7c2a7d87037fcf97078ad2: 83 ms
Input: 1102500,
Cold Start: false
Unique ID: a06fda1b98b26c4304264e0834df5340,
Execution Time for Trace ID a06fda1b98b26c4304264e0834df5340: 189 ms
Input: 1102500,
Cold Start: false
Unique ID: 37c8f3598c30f3a8073d0b92912da1e0,
Execution Time for Trace ID 37c8f3598c30f3a8073d0b92912da1e0: 72 ms
Input: 1102500,
Cold Start: false
Unique ID: be16a0c6db0cc0f3d1d1d07b219fa59b,
Execution Time for Trace ID be16a0c6db0cc0f3d1d1d07b219fa59b: 187 ms
Input: 1102500,
Cold Start: false
Unique ID: 50cefe56a44b043af5766e45af4a75de,
Execution Time for Trace ID 50cefe56a44b043af5766e45af4a75de: 143 ms
Input: 1102500,
Cold Start: false
Unique ID: 3a87127bdb065eddaf866c82274d8545,
Execution Time for Trace ID 3a87127bdb065eddaf866c82274d8545: 36 ms
Input: 1102500,
Cold Start: false
Unique ID: 8668b5afc4657d427b33865d55219844,
Execution Time for Trace ID 8668b5afc4657d427b33865d55219844: 68 ms
Input: 1102500,
Cold Start: false
Unique ID: 85e0f8f194917e137e049de0f6f1b52c,
Execution Time for Trace ID 85e0f8f194917e137e049de0f6f1b52c: 113 ms
Input: 1102500,
Cold Start: false
Unique ID: d63ea409b597ae21bb49a63e79675419,
Execution Time for Trace ID d63ea409b597ae21bb49a63e79675419: 76 ms
Input: 1102500,
Cold Start: false
Unique ID: 40be5e47fd21fa7cfe46acc1e481a350,
Execution Time for Trace ID 40be5e47fd21fa7cfe46acc1e481a350: 239 ms
Input: 1102500,
Cold Start: false
Unique ID: dc8b8ad67553447dd30df80a73081e9b,
Execution Time for Trace ID dc8b8ad67553447dd30df80a73081e9b: 182 ms
Input: 1102500,
Cold Start: false
Unique ID: 6104099deafd5fa343cd2bc720b8e818,
Execution Time for Trace ID 6104099deafd5fa343cd2bc720b8e818: 189 ms
Input: 1102500,
Cold Start: false
Unique ID: f0b6e498431299beae83c1cf333fc10e,
Execution Time for Trace ID f0b6e498431299beae83c1cf333fc10e: 126 ms
Input: 1102500,
Cold Start: false
Unique ID: 00c9ffef2e930f7ce1259aa5a4ed3e80,
Execution Time for Trace ID 00c9ffef2e930f7ce1259aa5a4ed3e80: 47 ms
Input: 1102500,
Cold Start: false
Unique ID: f899a2c5db89dc4ce0b2c7e421cdb232,
Execution Time for Trace ID f899a2c5db89dc4ce0b2c7e421cdb232: 68 ms
Input: 1102500,
Cold Start: false
Unique ID: 9a4fa72128a288318f5d257537a4b3dd,
Execution Time for Trace ID 9a4fa72128a288318f5d257537a4b3dd: 127 ms
Input: 1102500,
Cold Start: false
Unique ID: 1694807f4f3c27b4711736beec34b790,
Execution Time for Trace ID 1694807f4f3c27b4711736beec34b790: 277 ms
Input: 1102500,
Cold Start: false
Unique ID: 0619b78cf2815e47964f451dee1f4ed6,
Execution Time for Trace ID 0619b78cf2815e47964f451dee1f4ed6: 122 ms
Input: 1102500,
Cold Start: false
Unique ID: db8eecee11a3fdbc48f31fe2012ebe5c,
Execution Time for Trace ID db8eecee11a3fdbc48f31fe2012ebe5c: 29 ms
Input: 1102500,
Cold Start: false
Unique ID: e6f8402f56bd9669b1a5c7c91d159da9,
Execution Time for Trace ID e6f8402f56bd9669b1a5c7c91d159da9: 164 ms
Input: 1102500,
Cold Start: false
Unique ID: 2eaac0faaf842982e7be815d602b6124,
Execution Time for Trace ID 2eaac0faaf842982e7be815d602b6124: 47 ms
Input: 1102500,
Cold Start: false
Unique ID: f181ab892388d41955ef8fe8a7018e54,
Execution Time for Trace ID f181ab892388d41955ef8fe8a7018e54: 37 ms
Input: 1102500,
Cold Start: false
Unique ID: 4e0f1b4f52574033545152b4a4419985,
Execution Time for Trace ID 4e0f1b4f52574033545152b4a4419985: 52 ms
Input: 1102500,
Cold Start: false
Unique ID: 129cc6e964d4abcc0da4163f2702ddd2,
Execution Time for Trace ID 129cc6e964d4abcc0da4163f2702ddd2: 114 ms
Input: 1102500,
Cold Start: false
Unique ID: 00878d654d87bee97570c36f6b93d45a,
Execution Time for Trace ID 00878d654d87bee97570c36f6b93d45a: 71 ms
Input: 1102500,
Cold Start: false
Unique ID: 4a08aad7e547a44f8dca48526737ea66,
Execution Time for Trace ID 4a08aad7e547a44f8dca48526737ea66: 267 ms
Input: 1102500,
Cold Start: false
Unique ID: 6e7165a1be84e668e42b931c9d5b0de4,
Execution Time for Trace ID 6e7165a1be84e668e42b931c9d5b0de4: 86 ms
Input: 1102500,
Cold Start: false
Unique ID: 8d6d208aa08520cdc44f2b91b7015729,
Execution Time for Trace ID 8d6d208aa08520cdc44f2b91b7015729: 64 ms
Input: 1102500,
Cold Start: false
Unique ID: 20ae60ada74ab9ff41f321ed2ca2909b,
Execution Time for Trace ID 20ae60ada74ab9ff41f321ed2ca2909b: 44 ms
Input: 1102500,
Cold Start: false
Unique ID: 18f82b35d99d4c16fd84148b89cb2c57,
Execution Time for Trace ID 18f82b35d99d4c16fd84148b89cb2c57: 42 ms
Input: 1102500,
Cold Start: false
Unique ID: ec8810a281cde799b448361bd507dc22,
Execution Time for Trace ID ec8810a281cde799b448361bd507dc22: 30 ms
Input: 1102500,
Cold Start: false
Unique ID: 8d9447946f9443f7ea267074252225f1,
Execution Time for Trace ID 8d9447946f9443f7ea267074252225f1: 121 ms
Input: 1102500,
Cold Start: false
Unique ID: cbba51bad4df8a4f91577a711314cc61,
Execution Time for Trace ID cbba51bad4df8a4f91577a711314cc61: 103 ms
Input: 1102500,
Cold Start: false
Unique ID: 77f7b426f848a66c2d63adacf64cd7e6,
Execution Time for Trace ID 77f7b426f848a66c2d63adacf64cd7e6: 265 ms
Input: 1102500,
Cold Start: false
Unique ID: 92c9571ae5c8098c9e4e3df12b6f6110,
Execution Time for Trace ID 92c9571ae5c8098c9e4e3df12b6f6110: 83 ms
Input: 1102500,
Cold Start: false
Unique ID: a5e3bcf14e14c87dc514889160204b3c,
Execution Time for Trace ID a5e3bcf14e14c87dc514889160204b3c: 60 ms
Input: 1102500,
Cold Start: false
Unique ID: 5575925cf9a4c235b4199f8b1c048dde,
Execution Time for Trace ID 5575925cf9a4c235b4199f8b1c048dde: 264 ms
Input: 1102500,
Cold Start: false
Unique ID: 251bdecfd8000c6cd9ad2783963b41ca,
Execution Time for Trace ID 251bdecfd8000c6cd9ad2783963b41ca: 111 ms
Input: 1102500,
Cold Start: false
Unique ID: e8e2407ed1924de0a9de33e9f87a4dec,
Execution Time for Trace ID e8e2407ed1924de0a9de33e9f87a4dec: 79 ms
Input: 1102500,
Cold Start: false
Unique ID: 7d488b4a8638734b4ae509a25814c86c,
Execution Time for Trace ID 7d488b4a8638734b4ae509a25814c86c: 166 ms
Input: 1102500,
Cold Start: false
Unique ID: 0ab2b24bbd40438cb59c61d00c808d7f,
Execution Time for Trace ID 0ab2b24bbd40438cb59c61d00c808d7f: 31 ms
Input: 1102500,
Cold Start: false
Unique ID: e8ed5af226c10e4e711ae81fe1edd26e,
Execution Time for Trace ID e8ed5af226c10e4e711ae81fe1edd26e: 159 ms
Input: 1102500,
Cold Start: false
Unique ID: 7051abf8c23b7608df01c73e1603a2a1,
Execution Time for Trace ID 7051abf8c23b7608df01c73e1603a2a1: 123 ms
Input: 1102500,
Cold Start: false
Unique ID: 6ca8c37ec1df9aabe0c99775f64d316f,
Execution Time for Trace ID 6ca8c37ec1df9aabe0c99775f64d316f: 123 ms
Input: 1102500,
Cold Start: false
Unique ID: 4ddf22af10dafa1ffce796ac9918ab38,
Execution Time for Trace ID 4ddf22af10dafa1ffce796ac9918ab38: 44 ms
Input: 1102500,
Cold Start: false
Unique ID: 89d10ca91e998ea2813a02f84093dada,
Execution Time for Trace ID 89d10ca91e998ea2813a02f84093dada: 45 ms
Input: 1102500,
Cold Start: false
Unique ID: 42de9b05ad5bf4a333ef84f853f1b268,
Execution Time for Trace ID 42de9b05ad5bf4a333ef84f853f1b268: 56 ms
Input: 1102500,
Cold Start: false
Unique ID: e6144d364138315b7897fd965e5e04fc,
Execution Time for Trace ID e6144d364138315b7897fd965e5e04fc: 109 ms
Input: 1102500,
Cold Start: false
Unique ID: 9e09b5470a3191b33d5a6be044c2c337,
Execution Time for Trace ID 9e09b5470a3191b33d5a6be044c2c337: 78 ms
Input: 1102500,
Cold Start: false
Unique ID: e46376d67b6c79149f2ecb3ebdad172f,
Execution Time for Trace ID e46376d67b6c79149f2ecb3ebdad172f: 270 ms
Input: 1102500,
Cold Start: false
Unique ID: e6b6d2888bfeedcffa00862aa37325f3,
Execution Time for Trace ID e6b6d2888bfeedcffa00862aa37325f3: 179 ms
Input: 1102500,
Cold Start: false
Unique ID: 244b4502a859857e2122d16dc3dedd80,
Execution Time for Trace ID 244b4502a859857e2122d16dc3dedd80: 196 ms
Input: 1102500,
Cold Start: false
Unique ID: e9c9fea11a0aae0edc01f13eaa0ac217,
Execution Time for Trace ID e9c9fea11a0aae0edc01f13eaa0ac217: 143 ms
Input: 1102500,
Cold Start: false
Unique ID: b43e27b7bc6923c8d1060c008c802449,
Execution Time for Trace ID b43e27b7bc6923c8d1060c008c802449: 46 ms
Input: 1102500,
Cold Start: false
Unique ID: 7e7c68b4c1251165dde27493a89a94fb,
Execution Time for Trace ID 7e7c68b4c1251165dde27493a89a94fb: 42 ms
Input: 1102500,
Cold Start: false
Unique ID: 93bdebfc02adf7a440751b92c914ab48,
Execution Time for Trace ID 93bdebfc02adf7a440751b92c914ab48: 29 ms
Input: 1102500,
Cold Start: false
Unique ID: bf09152f62f6f9180d87007d66de979f,
Execution Time for Trace ID bf09152f62f6f9180d87007d66de979f: 119 ms
Input: 1102500,
Cold Start: false
Unique ID: 4f6f186cefd481977897fd965e5e012a,
Execution Time for Trace ID 4f6f186cefd481977897fd965e5e012a: 272 ms
Input: 1102500,
Cold Start: false
Unique ID: 1fa1f6c9483f1934af5f3d2fa9bcc8eb,
Execution Time for Trace ID 1fa1f6c9483f1934af5f3d2fa9bcc8eb: 117 ms
Input: 1102500,
Cold Start: false
Unique ID: 3c2bfb9b94454e003047679c21bef919,
Execution Time for Trace ID 3c2bfb9b94454e003047679c21bef919: 280 ms
Input: 1102500,
Cold Start: false
Unique ID: cc4bccfa8761742847eacb99ee300fd2,
Execution Time for Trace ID cc4bccfa8761742847eacb99ee300fd2: 135 ms
Input: 1102500,
Cold Start: false
Unique ID: d3bf7b09d99c493d5bb2e1c04443f4c7,
Execution Time for Trace ID d3bf7b09d99c493d5bb2e1c04443f4c7: 123 ms
Input: 1102500,
Cold Start: false
Unique ID: 8a7643806764816c426a05723979102f,
Execution Time for Trace ID 8a7643806764816c426a05723979102f: 113 ms
Input: 1102500,
Cold Start: false
Unique ID: 3d95dbf5275bb3080b3bd250fa4ecd8e,
Execution Time for Trace ID 3d95dbf5275bb3080b3bd250fa4ecd8e: 177 ms
Input: 1102500,
Cold Start: false
Unique ID: 3aed2931620a3e3ad18302ca6fe93d59,
Execution Time for Trace ID 3aed2931620a3e3ad18302ca6fe93d59: 121 ms
Input: 1102500,
Cold Start: false
Unique ID: c37928e3856155a6db67ba8352ffde66,
Execution Time for Trace ID c37928e3856155a6db67ba8352ffde66: 181 ms
Input: 1102500,
Cold Start: false
Unique ID: d197ba6c062122aa64e971d0deb4f313,
Execution Time for Trace ID d197ba6c062122aa64e971d0deb4f313: 75 ms
Input: 1102500,
Cold Start: false
Unique ID: 212d86e6ba75ac03db5407d8b69e2c89,
Execution Time for Trace ID 212d86e6ba75ac03db5407d8b69e2c89: 165 ms
Input: 1102500,
Cold Start: false
Unique ID: affd326a1339783f54f4ccb189971518,
Execution Time for Trace ID affd326a1339783f54f4ccb189971518: 44 ms
Input: 1102500,
Cold Start: false
Unique ID: 1ae6fdb21ef391e3b3ab873022a9fc29,
Execution Time for Trace ID 1ae6fdb21ef391e3b3ab873022a9fc29: 42 ms
Input: 1102500,
Cold Start: false
Unique ID: b4ca25f28f21f9a1b8eda558070ceac6,
Execution Time for Trace ID b4ca25f28f21f9a1b8eda558070ceac6: 42 ms
Input: 1102500,
Cold Start: false
Unique ID: 5f6ce8680507ac06fec729f7aad770e6,
Execution Time for Trace ID 5f6ce8680507ac06fec729f7aad770e6: 201 ms
Input: 1102500,
Cold Start: false
Unique ID: 382030f0596b02f653aa29387f390908,
Execution Time for Trace ID 382030f0596b02f653aa29387f390908: 123 ms
Input: 1102500,
Cold Start: false
Unique ID: 3bafc854aaa633a0ceeb34786261411a,
Execution Time for Trace ID 3bafc854aaa633a0ceeb34786261411a: 181 ms
Input: 1102500,
Cold Start: false
Unique ID: 2b8d7972688dea5133856b4a6a9ea3df,
Execution Time for Trace ID 2b8d7972688dea5133856b4a6a9ea3df: 136 ms
Input: 1102500,
Cold Start: false
Unique ID: 7df76e90c70d4de583713b2162c98414,
Execution Time for Trace ID 7df76e90c70d4de583713b2162c98414: 256 ms
Input: 1102500,
Cold Start: false
Unique ID: 0b7c46657c28d262078f4f07ce0eed46,
Execution Time for Trace ID 0b7c46657c28d262078f4f07ce0eed46: 49 ms
Input: 1102500,
Cold Start: false
Unique ID: ec148c6734f53b37ff243ed638c7480b,
Execution Time for Trace ID ec148c6734f53b37ff243ed638c7480b: 47 ms
Input: 1102500,
Cold Start: false
Unique ID: bbb5bea3f8b3638b01e618e1793e2653,
Execution Time for Trace ID bbb5bea3f8b3638b01e618e1793e2653: 32 ms
Input: 1102500,
Cold Start: false
Unique ID: a2ddec1ce64accc7e9aeb6c907e6f650,
Execution Time for Trace ID a2ddec1ce64accc7e9aeb6c907e6f650: 120 ms
Input: 1102500,
Cold Start: false
Unique ID: 062d458a0834820031f015e600c04bc2,
Execution Time for Trace ID 062d458a0834820031f015e600c04bc2: 29 ms
Input: 1102500,
Cold Start: false
Unique ID: 49c1d391d73f4e902ff7047beb0c60c0,
Execution Time for Trace ID 49c1d391d73f4e902ff7047beb0c60c0: 278 ms
Input: 1102500,
Cold Start: false
Unique ID: 32e0296efa2537c02df4f1a597ec6f07,
Execution Time for Trace ID 32e0296efa2537c02df4f1a597ec6f07: 88 ms
Input: 1102500,
Cold Start: false
Unique ID: 91118be63328b740b001a40da53d4169,
Execution Time for Trace ID 91118be63328b740b001a40da53d4169: 154 ms
Input: 1102500,
Cold Start: false
Unique ID: 9babe13928f07d6d40ad280d6d5fa7d9,
Execution Time for Trace ID 9babe13928f07d6d40ad280d6d5fa7d9: 122 ms
Input: 1102500,
Cold Start: false
Unique ID: 76fa36d052f2a7c7d71e695f2c70ba2a,
Execution Time for Trace ID 76fa36d052f2a7c7d71e695f2c70ba2a: 43 ms
Input: 1102500,
Cold Start: false
Unique ID: f5118810003695155590e1d8df00fd2f,
Execution Time for Trace ID f5118810003695155590e1d8df00fd2f: 112 ms
Input: 1102500,
Cold Start: false
Unique ID: a6af92689feddd343e67e1c8bbd752af,
Execution Time for Trace ID a6af92689feddd343e67e1c8bbd752af: 33 ms
Input: 1102500,
Cold Start: false
Unique ID: aa0f91b1a551623ebfe285117f7828ff,
Execution Time for Trace ID aa0f91b1a551623ebfe285117f7828ff: 118 ms
Input: 1102500,
Cold Start: false
Unique ID: 8504f86afef4d20db70ede083f10644a,
Execution Time for Trace ID 8504f86afef4d20db70ede083f10644a: 138 ms
Input: 1102500,
Cold Start: false
Unique ID: 2ed59145fcf902d8cef09af0e055189a,
Execution Time for Trace ID 2ed59145fcf902d8cef09af0e055189a: 111 ms
Input: 1102500,
Cold Start: false
Unique ID: 3a3d53c04621f44a28f6c4d4695e4752,
Execution Time for Trace ID 3a3d53c04621f44a28f6c4d4695e4752: 185 ms
Input: 1102500,
Cold Start: false
Unique ID: 3cf838439441073d52f13883e6de4af3,
Execution Time for Trace ID 3cf838439441073d52f13883e6de4af3: 136 ms
Input: 1102500,
Cold Start: false
Unique ID: ac77def01d59bf89bf5bbcdf9c176b04,
Execution Time for Trace ID ac77def01d59bf89bf5bbcdf9c176b04: 42 ms
Input: 1102500,
Cold Start: false
Unique ID: 7aebe3b4fe39025f49d2fb664aea6488,
Execution Time for Trace ID 7aebe3b4fe39025f49d2fb664aea6488: 30 ms
Input: 1102500,
Cold Start: false
Unique ID: 7b2881bbdcdb40578066494250829ca0,
Execution Time for Trace ID 7b2881bbdcdb40578066494250829ca0: 88 ms
Input: 1102500,
Cold Start: false
Unique ID: be29c5c1e74f84b8db5193ac9a3eb641,
Execution Time for Trace ID be29c5c1e74f84b8db5193ac9a3eb641: 38 ms
Input: 1102500,
Cold Start: false
Unique ID: 75fbe20c0831f272c99ebf08de8fb18b,
Execution Time for Trace ID 75fbe20c0831f272c99ebf08de8fb18b: 202 ms
Input: 1102500,
Cold Start: false
Unique ID: 968c4e3f01be3791e6fdaf7aba3d31b7,
Execution Time for Trace ID 968c4e3f01be3791e6fdaf7aba3d31b7: 282 ms
Input: 1102500,
Cold Start: false
Unique ID: b56ca662716ed1bc5a56365ef62d38d9,
Execution Time for Trace ID b56ca662716ed1bc5a56365ef62d38d9: 120 ms
Input: 1102500,
Cold Start: false
Unique ID: 54286731f7c8d946e37311ffb3d4bc07,
Execution Time for Trace ID 54286731f7c8d946e37311ffb3d4bc07: 36 ms
Input: 1102500,
Cold Start: false
Unique ID: 05e86e3e806e4bcdffe41607174bd3df,
Execution Time for Trace ID 05e86e3e806e4bcdffe41607174bd3df: 47 ms
Input: 1102500,
Cold Start: false
Unique ID: 685157eab7e7d84e967951cf0731c07b,
Execution Time for Trace ID 685157eab7e7d84e967951cf0731c07b: 30 ms
Input: 1102500,
Cold Start: false
Unique ID: a0d46532a84ce0edbd539d076194d60a,
Execution Time for Trace ID a0d46532a84ce0edbd539d076194d60a: 119 ms
Input: 1102500,
Cold Start: false
Unique ID: 6580051f38745796488012d99acde336,
Execution Time for Trace ID 6580051f38745796488012d99acde336: 79 ms
Input: 1102500,
Cold Start: false
Unique ID: 9ef284d429cbe5f9b39522e262fcb934,
Execution Time for Trace ID 9ef284d429cbe5f9b39522e262fcb934: 270 ms
Input: 1102500,
Cold Start: false
Unique ID: 9efc6c536fb57f6a98f856ba50a5c3fc,
Execution Time for Trace ID 9efc6c536fb57f6a98f856ba50a5c3fc: 95 ms
Input: 1102500,
Cold Start: false
Unique ID: 2f9984b5a1dedf7625b296947d45b68b,
Execution Time for Trace ID 2f9984b5a1dedf7625b296947d45b68b: 133 ms
Input: 1102500,
Cold Start: false
Unique ID: 50a3415c4066f99d13b262a295d35f8b,
Execution Time for Trace ID 50a3415c4066f99d13b262a295d35f8b: 45 ms
Input: 1102500,
Cold Start: false
Unique ID: 18f817cdb19aacee32ecd0387ac92465,
Execution Time for Trace ID 18f817cdb19aacee32ecd0387ac92465: 42 ms
Input: 1102500,
Cold Start: false
Unique ID: bc5321a3322662cac21a3254aad5cb84,
Execution Time for Trace ID bc5321a3322662cac21a3254aad5cb84: 42 ms
Input: 1102500,
Cold Start: false
Unique ID: f37a111adb62c745d803c162685e13d8,
Execution Time for Trace ID f37a111adb62c745d803c162685e13d8: 75 ms
Input: 1102500,
Cold Start: false
Unique ID: 073861f8f95bd72aba4746c723aa64bf,
Execution Time for Trace ID 073861f8f95bd72aba4746c723aa64bf: 33 ms
Input: 1102500,
Cold Start: false
Unique ID: 87727b369b67755c17a92e19de77cf78,
Execution Time for Trace ID 87727b369b67755c17a92e19de77cf78: 262 ms
Input: 1102500,
Cold Start: false
Unique ID: 4a044b43e0fd485fea51700546cd9c7f,
Execution Time for Trace ID 4a044b43e0fd485fea51700546cd9c7f: 190 ms
Input: 1102500,
Cold Start: false
Unique ID: 18e61b4bc3138d21824801b6f4764dfa,
Execution Time for Trace ID 18e61b4bc3138d21824801b6f4764dfa: 75 ms
Input: 1102500,
Cold Start: false
Unique ID: b861df6e760e95263f14fc63875f33ef,
Execution Time for Trace ID b861df6e760e95263f14fc63875f33ef: 43 ms
Input: 1102500,
Cold Start: false
Unique ID: 9950bf44267c4ddbdeab65804df59cce,
Execution Time for Trace ID 9950bf44267c4ddbdeab65804df59cce: 43 ms
Input: 1102500,
Cold Start: false
Unique ID: 6f26071d32fe27ae919b56b144fbcb12,
Execution Time for Trace ID 6f26071d32fe27ae919b56b144fbcb12: 44 ms
Input: 1102500,
Cold Start: false
Unique ID: 5f83fca24d1474460f533e98b021c798,
Execution Time for Trace ID 5f83fca24d1474460f533e98b021c798: 76 ms
Input: 1102500,
Cold Start: false
Unique ID: e22a8687251ffe31056afe6af33da84f,
Execution Time for Trace ID e22a8687251ffe31056afe6af33da84f: 270 ms
Input: 1102500,
Cold Start: false
Unique ID: d78ab2a7498c60cc9b3f3f3858ed4f9c,
Execution Time for Trace ID d78ab2a7498c60cc9b3f3f3858ed4f9c: 68 ms
Input: 1102500,
Cold Start: false
Unique ID: 79eb3d48fd1c67d40a63e91b7f80d394,
Execution Time for Trace ID 79eb3d48fd1c67d40a63e91b7f80d394: 94 ms
Input: 1102500,
Cold Start: false
Unique ID: 43459f945e59ca4afd0cc7b386b050d9,
Execution Time for Trace ID 43459f945e59ca4afd0cc7b386b050d9: 274 ms
Input: 1102500,
Cold Start: false
Unique ID: 24515a4a2e4af278e8826f0fe4fee69a,
Execution Time for Trace ID 24515a4a2e4af278e8826f0fe4fee69a: 199 ms
Input: 1102500,
Cold Start: false
Unique ID: 52b5cf990f387f50ec73075a82f63b6c,
Execution Time for Trace ID 52b5cf990f387f50ec73075a82f63b6c: 43 ms
Input: 1102500,
Cold Start: false
Unique ID: 5547c85165c9d43e0bfe46114501d00e,
Execution Time for Trace ID 5547c85165c9d43e0bfe46114501d00e: 40 ms
Input: 1102500,
Cold Start: false
Unique ID: d3e6cb16abec42b16558e12fa86579fe,
Execution Time for Trace ID d3e6cb16abec42b16558e12fa86579fe: 41 ms
Input: 1102500,
Cold Start: false
Unique ID: 3481b9a02fd69c9abda07bccffba7580,
Execution Time for Trace ID 3481b9a02fd69c9abda07bccffba7580: 272 ms
Input: 1102500,
Cold Start: false
Unique ID: 4e46a1d993aebba2fdece3a7cb61b464,
Execution Time for Trace ID 4e46a1d993aebba2fdece3a7cb61b464: 181 ms
Input: 1102500,
Cold Start: false
Unique ID: 6c5c97168df05b2b2e4ef5e35963a54b,
Execution Time for Trace ID 6c5c97168df05b2b2e4ef5e35963a54b: 65 ms
Input: 1102500,
Cold Start: false
Unique ID: 4e162cfe3232afc93addf869256be85b,
Execution Time for Trace ID 4e162cfe3232afc93addf869256be85b: 265 ms
Input: 1102500,
Cold Start: false
Unique ID: e18b13fa5f0d0dddf94ca01f542bb81a,
Execution Time for Trace ID e18b13fa5f0d0dddf94ca01f542bb81a: 46 ms
Input: 1102500,
Cold Start: false
Unique ID: bdffb1b35ba529ed535b8dcb8a08416b,
Execution Time for Trace ID bdffb1b35ba529ed535b8dcb8a08416b: 46 ms
Input: 1102500,
Cold Start: false
Unique ID: 98c6fcda4d49fc4f9a4a98a30998412e,
Execution Time for Trace ID 98c6fcda4d49fc4f9a4a98a30998412e: 91 ms
Input: 1102500,
Cold Start: false
Unique ID: 9ff6c425d432a7d897f25fbe6f544a41,
Execution Time for Trace ID 9ff6c425d432a7d897f25fbe6f544a41: 29 ms
Input: 1102500,
Cold Start: false
Unique ID: 3ce38cc4da32f009a9ed81cd349140be,
Execution Time for Trace ID 3ce38cc4da32f009a9ed81cd349140be: 29 ms
Input: 1102500,
Cold Start: false
Unique ID: 668e19764ebfde9a254cfac1f4674c82,
Execution Time for Trace ID 668e19764ebfde9a254cfac1f4674c82: 225 ms
Input: 1102500,
Cold Start: false
Unique ID: 5014444ce24c489df6b6dc6b6bd4a97f,
Execution Time for Trace ID 5014444ce24c489df6b6dc6b6bd4a97f: 206 ms
Input: 1102500,
Cold Start: false
Unique ID: c88be1e9622742c28fe55ab65dbf8190,
Execution Time for Trace ID c88be1e9622742c28fe55ab65dbf8190: 110 ms
Input: 1102500,
Cold Start: false
Unique ID: af29fff1067957e126ec953f8fc2f717,
Execution Time for Trace ID af29fff1067957e126ec953f8fc2f717: 51 ms
Input: 1102500,
Cold Start: false
Unique ID: a3ba5775d4c14483856f239035bfafd6,
Execution Time for Trace ID a3ba5775d4c14483856f239035bfafd6: 113 ms
Input: 1102500,
Cold Start: false
Unique ID: d09882b9d0a9610b70716cfac96b9c17,
Execution Time for Trace ID d09882b9d0a9610b70716cfac96b9c17: 32 ms
Input: 1102500,
Cold Start: false
Unique ID: b838a3b29ddb6435f052e2e0a3492220,
Execution Time for Trace ID b838a3b29ddb6435f052e2e0a3492220: 96 ms
Input: 1102500,
Cold Start: false
Unique ID: 06c2bc05667f0778159177335f696989,
Execution Time for Trace ID 06c2bc05667f0778159177335f696989: 58 ms
Input: 1102500,
Cold Start: false
Unique ID: dfc31c51fcebf923fb609713abc9d809,
Execution Time for Trace ID dfc31c51fcebf923fb609713abc9d809: 121 ms
Input: 1102500,
Cold Start: false
Unique ID: 52a0b97606ffac39dea3285b250674b2,
Execution Time for Trace ID 52a0b97606ffac39dea3285b250674b2: 67 ms
Input: 1102500,
Cold Start: false
Unique ID: 3d107684f4abe6c9d40726b3523f2113,
Execution Time for Trace ID 3d107684f4abe6c9d40726b3523f2113: 264 ms
Input: 1102500,
Cold Start: false
Unique ID: 9bd13ec2535a41da3ed4c2b31007a329,
Execution Time for Trace ID 9bd13ec2535a41da3ed4c2b31007a329: 118 ms
Input: 1102500,
Cold Start: false
Unique ID: 455de65987d26e3c73588efa884fb8dc,
Execution Time for Trace ID 455de65987d26e3c73588efa884fb8dc: 118 ms
Input: 1102500,
Cold Start: false
Unique ID: 22196a3daefa075419edac3c238a160a,
Execution Time for Trace ID 22196a3daefa075419edac3c238a160a: 104 ms
Input: 1102500,
Cold Start: false
Unique ID: 28a445ad5f73f2ff8da03efb073fe97a,
Execution Time for Trace ID 28a445ad5f73f2ff8da03efb073fe97a: 109 ms
Input: 1102500,
Cold Start: false
Unique ID: 78cb077a88d14c9a0616f66083cd8ade,
Execution Time for Trace ID 78cb077a88d14c9a0616f66083cd8ade: 30 ms
Input: 1102500,
Cold Start: false
Unique ID: eb74c17576a56fe26e5bb0045eedc6c3,
Execution Time for Trace ID eb74c17576a56fe26e5bb0045eedc6c3: 179 ms
Input: 1102500,
Cold Start: false
Unique ID: b7418becc36dc6baf38b33fc154c638b,
Execution Time for Trace ID b7418becc36dc6baf38b33fc154c638b: 90 ms
Input: 1102500,
Cold Start: false
Unique ID: 1ce5cf3930889d9d9169b1121a709e46,
Execution Time for Trace ID 1ce5cf3930889d9d9169b1121a709e46: 215 ms
Input: 1102500,
Cold Start: false
Unique ID: 946892a14a56a6dead72c23ed319068d,
Execution Time for Trace ID 946892a14a56a6dead72c23ed319068d: 131 ms
Input: 1102500,
Cold Start: false
Unique ID: cd0a1acb80d7a8cb01dea1cd9644e463,
Execution Time for Trace ID cd0a1acb80d7a8cb01dea1cd9644e463: 50 ms
Input: 1102500,
Cold Start: false
Unique ID: 9cad20eeea0fb6705375fce118e4e14e,
Execution Time for Trace ID 9cad20eeea0fb6705375fce118e4e14e: 91 ms
Input: 1102500,
Cold Start: false
Unique ID: eaf12d6259fd0fa505b2409ba668c8ad,
Execution Time for Trace ID eaf12d6259fd0fa505b2409ba668c8ad: 117 ms
Input: 1102500,
Cold Start: false
Unique ID: 85fd4b0ff6fa3b9c3a04e81497e75d7b,
Execution Time for Trace ID 85fd4b0ff6fa3b9c3a04e81497e75d7b: 233 ms
Input: 1102500,
Cold Start: false
Unique ID: 98acc0f3974c3fa515c7485518c95443,
Execution Time for Trace ID 98acc0f3974c3fa515c7485518c95443: 199 ms
Input: 1102500,
Cold Start: false
Unique ID: 8f55f876f30f7b19bd55963df7d148be,
Execution Time for Trace ID 8f55f876f30f7b19bd55963df7d148be: 57 ms
Input: 1102500,
Cold Start: false
Unique ID: 422404d37a5ea8acd0d6512f0c772bd1,
Execution Time for Trace ID 422404d37a5ea8acd0d6512f0c772bd1: 108 ms
Input: 1102500,
Cold Start: false
Unique ID: 622d801c5ea8eeb299c78f4b4e17e608,
Execution Time for Trace ID 622d801c5ea8eeb299c78f4b4e17e608: 91 ms
Input: 1102500,
Cold Start: false
Unique ID: 5671d6ea65e7d3ebed93fd29e73f62f7,
Execution Time for Trace ID 5671d6ea65e7d3ebed93fd29e73f62f7: 45 ms
Input: 1102500,
Cold Start: false
Unique ID: ce5042dafe4a2fe0b9ba578f41f13e06,
Execution Time for Trace ID ce5042dafe4a2fe0b9ba578f41f13e06: 33 ms
Input: 1102500,
Cold Start: false
Unique ID: cd6f73cfb2d134266552595ec973ce40,
Execution Time for Trace ID cd6f73cfb2d134266552595ec973ce40: 117 ms
Input: 1102500,
Cold Start: false
Unique ID: ff45a62f94e14e2f161aaa55827425bc,
Execution Time for Trace ID ff45a62f94e14e2f161aaa55827425bc: 121 ms
Input: 1102500,
Cold Start: false
Unique ID: d85783a293524a1cd615e8ddb6d14728,
Execution Time for Trace ID d85783a293524a1cd615e8ddb6d14728: 272 ms
Input: 1102500,
Cold Start: false
Unique ID: 379ee171f80010c69f48dc8320dacb2b,
Execution Time for Trace ID 379ee171f80010c69f48dc8320dacb2b: 169 ms
Input: 1102500,
Cold Start: false
Unique ID: 4faaa74ea15e5f281a793606378a09cb,
Execution Time for Trace ID 4faaa74ea15e5f281a793606378a09cb: 115 ms
Input: 1102500,
Cold Start: false
Unique ID: 61c33f7ddcef96893f9461616ea485ba,
Execution Time for Trace ID 61c33f7ddcef96893f9461616ea485ba: 124 ms
Input: 1102500,
Cold Start: false
Unique ID: a2ff8d533dec417ff0f8d41362dcfac6,
Execution Time for Trace ID a2ff8d533dec417ff0f8d41362dcfac6: 119 ms
Input: 1102500,
Cold Start: false
Unique ID: 61f7f8239001e7f79ad4cc36888005df,
Execution Time for Trace ID 61f7f8239001e7f79ad4cc36888005df: 73 ms
Input: 1102500,
Cold Start: false
Unique ID: 9aa2b1c1939a9d2869ffd67e12b9fac9,
Execution Time for Trace ID 9aa2b1c1939a9d2869ffd67e12b9fac9: 166 ms
Input: 1102500,
Cold Start: false
Unique ID: e9019f5be02a9d5a4fb5d6ece4b3b07c,
Execution Time for Trace ID e9019f5be02a9d5a4fb5d6ece4b3b07c: 94 ms
Input: 1102500,
Cold Start: false
Unique ID: 246bc3a54e0cbd8aa607a18ce12ccc27,
Execution Time for Trace ID 246bc3a54e0cbd8aa607a18ce12ccc27: 178 ms
Input: 1102500,
Cold Start: false
Unique ID: 4d5fd2d5976f53ced32e906ce90e3e42,
Execution Time for Trace ID 4d5fd2d5976f53ced32e906ce90e3e42: 165 ms
Input: 1102500,
Cold Start: false
Unique ID: 922b861f7bb607e1fbfc0ee9703b2a73,
Execution Time for Trace ID 922b861f7bb607e1fbfc0ee9703b2a73: 100 ms
Input: 1102500,
Cold Start: false
Unique ID: 4fb33e685a14e1d473695849f6cbf992,
Execution Time for Trace ID 4fb33e685a14e1d473695849f6cbf992: 129 ms
Input: 1102500,
Cold Start: false
Unique ID: 541d6cc8fb035a566f77cefa18f9c0a7,
Execution Time for Trace ID 541d6cc8fb035a566f77cefa18f9c0a7: 44 ms
Input: 1102500,
Cold Start: false
Unique ID: 4303b35bc651470f266cbd8f9aa53b4d,
Execution Time for Trace ID 4303b35bc651470f266cbd8f9aa53b4d: 77 ms
Input: 1102500,
Cold Start: false
Unique ID: 7cca7a5586121af1c207e44c5bbcc1b5,
Execution Time for Trace ID 7cca7a5586121af1c207e44c5bbcc1b5: 28 ms
Input: 1102500,
Cold Start: false
Unique ID: 474e78c8c0dd40cdd57509a5d2a9f47e,
Execution Time for Trace ID 474e78c8c0dd40cdd57509a5d2a9f47e: 33 ms
Input: 1102500,
Cold Start: false
Unique ID: b960473d0499c7deb417ac2efa34556b,
Execution Time for Trace ID b960473d0499c7deb417ac2efa34556b: 230 ms
Input: 1102500,
Cold Start: false
Unique ID: bb78c788bb230ea7d8623ba8ebbd4875,
Execution Time for Trace ID bb78c788bb230ea7d8623ba8ebbd4875: 191 ms
Input: 1102500,
Cold Start: false
Unique ID: 7a69d9e8b0737738f4a72bf0f1ffb6d1,
Execution Time for Trace ID 7a69d9e8b0737738f4a72bf0f1ffb6d1: 103 ms
Input: 1102500,
Cold Start: false
