Unique ID: 1c150447fac3e3bc1be5c42e4a444f63,
Execution Time for Trace ID 1c150447fac3e3bc1be5c42e4a444f63: 1492 ms
Input: 5000000,
Cold Start: false
Unique ID: ee912092c62233ce1f1d155ac3486f67,
Execution Time for Trace ID ee912092c62233ce1f1d155ac3486f67: 1410 ms
Input: 5000000,
Cold Start: false
Unique ID: 688c5c87a461e4666474bd1ed350a0a8,
Execution Time for Trace ID 688c5c87a461e4666474bd1ed350a0a8: 1625 ms
Input: 5000000,
Cold Start: false
Unique ID: 2b846efa1db9dd30679d93e9d5a4b2d4,
Execution Time for Trace ID 2b846efa1db9dd30679d93e9d5a4b2d4: 1632 ms
Input: 5000000,
Cold Start: false
Unique ID: 30807d005912d51513a6f6e9dd2bcd52,
Execution Time for Trace ID 30807d005912d51513a6f6e9dd2bcd52: 1670 ms
Input: 5000000,
Cold Start: false
Unique ID: d09ec379257c3613b932ab2b0345df20,
Execution Time for Trace ID d09ec379257c3613b932ab2b0345df20: 1431 ms
Input: 5000000,
Cold Start: false
Unique ID: ce74f0de74eebea2f0b50d0cc3ebde24,
Execution Time for Trace ID ce74f0de74eebea2f0b50d0cc3ebde24: 1810 ms
Input: 5000000,
Cold Start: false
Unique ID: e184138588c32fe7158704026960ac67,
Execution Time for Trace ID e184138588c32fe7158704026960ac67: 1748 ms
Input: 5000000,
Cold Start: false
Unique ID: ef6728a7ed87115854c4594d95894ce2,
Execution Time for Trace ID ef6728a7ed87115854c4594d95894ce2: 1967 ms
Input: 5000000,
Cold Start: false
Unique ID: 58a9c988d3eae0aa8a4c2da89f0cc1ca,
Execution Time for Trace ID 58a9c988d3eae0aa8a4c2da89f0cc1ca: 990 ms
Input: 5000000,
Cold Start: false
Unique ID: 062b640c36a180fa78f90b6db997fb61,
Execution Time for Trace ID 062b640c36a180fa78f90b6db997fb61: 2197 ms
Input: 5000000,
Cold Start: false
Unique ID: 28e3565e44b61e44652adb8eced1db7e,
Execution Time for Trace ID 28e3565e44b61e44652adb8eced1db7e: 1593 ms
Input: 5000000,
Cold Start: false
Unique ID: 6ffd075f314bfd79f79d71febbf23620,
Execution Time for Trace ID 6ffd075f314bfd79f79d71febbf23620: 1437 ms
Input: 5000000,
Cold Start: false
Unique ID: 96c3e2667a69ffcc92c6be8a7ca2e443,
Execution Time for Trace ID 96c3e2667a69ffcc92c6be8a7ca2e443: 2008 ms
Input: 5000000,
Cold Start: false
Unique ID: 14e85cb4950ff3771bcc55c505bb6e4c,
Execution Time for Trace ID 14e85cb4950ff3771bcc55c505bb6e4c: 1977 ms
Input: 5000000,
Cold Start: false
Unique ID: 4f840ceb83afe2d04fc5d643d29ad540,
Execution Time for Trace ID 4f840ceb83afe2d04fc5d643d29ad540: 1687 ms
Input: 5000000,
Cold Start: false
Unique ID: 5af8709a84d01712475218c5283bb3fa,
Execution Time for Trace ID 5af8709a84d01712475218c5283bb3fa: 1692 ms
Input: 5000000,
Cold Start: false
Unique ID: d6b064b7f1d617bb04f063aed386c468,
Execution Time for Trace ID d6b064b7f1d617bb04f063aed386c468: 1772 ms
Input: 5000000,
Cold Start: false
Unique ID: 698eeb64c50b83c6a143322bf56a118c,
Execution Time for Trace ID 698eeb64c50b83c6a143322bf56a118c: 1434 ms
Input: 5000000,
Cold Start: false
Unique ID: e570e7a341da163da1cffebfd7a9116c,
Execution Time for Trace ID e570e7a341da163da1cffebfd7a9116c: 1901 ms
Input: 5000000,
Cold Start: true
Unique ID: 0b34383ca1962a39c4b54300c3d1e8a7,
Execution Time for Trace ID 0b34383ca1962a39c4b54300c3d1e8a7: 2497 ms
Input: 5000000,
Cold Start: true
Unique ID: 3472527d59dd489d8f8c33db9b124dda,
Execution Time for Trace ID 3472527d59dd489d8f8c33db9b124dda: 2019 ms
Input: 5000000,
Cold Start: false
Unique ID: c50a30450c9cba3364c68f2a7ee26605,
Execution Time for Trace ID c50a30450c9cba3364c68f2a7ee26605: 1971 ms
Input: 5000000,
Cold Start: false
Unique ID: 331e6d1fc280c56d85061964b849d0b6,
Execution Time for Trace ID 331e6d1fc280c56d85061964b849d0b6: 2072 ms
Input: 5000000,
Cold Start: false
Unique ID: 53a8d4ea35438d9ace70f9839cce36f2,
Execution Time for Trace ID 53a8d4ea35438d9ace70f9839cce36f2: 1379 ms
Input: 5000000,
Cold Start: false
Unique ID: 2cc5d12ab0750919120986c0cc8675ba,
Execution Time for Trace ID 2cc5d12ab0750919120986c0cc8675ba: 1808 ms
Input: 5000000,
Cold Start: false
Unique ID: cbfd1d2717f911bdccafd65f85411875,
Execution Time for Trace ID cbfd1d2717f911bdccafd65f85411875: 2168 ms
Input: 5000000,
Cold Start: true
Unique ID: db59824d40984b86154f9b25eea33024,
Execution Time for Trace ID db59824d40984b86154f9b25eea33024: 1345 ms
Input: 5000000,
Cold Start: false
Unique ID: 5e490bcc674329ce19d2a99d36e7535e,
Execution Time for Trace ID 5e490bcc674329ce19d2a99d36e7535e: 1766 ms
Input: 5000000,
Cold Start: false
Unique ID: 0feae4359c82380452e8bdc27cd82519,
Execution Time for Trace ID 0feae4359c82380452e8bdc27cd82519: 1767 ms
Input: 5000000,
Cold Start: false
Unique ID: 751920d114de792f1c8a51a06020664f,
Execution Time for Trace ID 751920d114de792f1c8a51a06020664f: 1823 ms
Input: 5000000,
Cold Start: false
Unique ID: 6f8aec08d5de51bc680b5f9fbb8c333a,
Execution Time for Trace ID 6f8aec08d5de51bc680b5f9fbb8c333a: 1999 ms
Input: 5000000,
Cold Start: false
Unique ID: 0041498b36b0cef6ff6cef9e24fb1598,
Execution Time for Trace ID 0041498b36b0cef6ff6cef9e24fb1598: 2176 ms
Input: 5000000,
Cold Start: true
Unique ID: 9c3a9a9848fe0740df4d673c928db614,
Execution Time for Trace ID 9c3a9a9848fe0740df4d673c928db614: 2122 ms
Input: 5000000,
Cold Start: false
Unique ID: e15b531ac46d237655444d1082e86fde,
Execution Time for Trace ID e15b531ac46d237655444d1082e86fde: 1382 ms
Input: 5000000,
Cold Start: false
Unique ID: 7b4e447a7fb9f4498e28af82d713a4a4,
Execution Time for Trace ID 7b4e447a7fb9f4498e28af82d713a4a4: 2441 ms
Input: 5000000,
Cold Start: true
Unique ID: 6d0f9fb5e651d2d6f81e49a71530c80f,
Execution Time for Trace ID 6d0f9fb5e651d2d6f81e49a71530c80f: 1322 ms
Input: 5000000,
Cold Start: false
Unique ID: de8905b51521ea4b2c5e40a2172172ef,
Execution Time for Trace ID de8905b51521ea4b2c5e40a2172172ef: 1610 ms
Input: 5000000,
Cold Start: false
Unique ID: b1ce39d508f94f64853395b3a6634a74,
Execution Time for Trace ID b1ce39d508f94f64853395b3a6634a74: 1719 ms
Input: 5000000,
Cold Start: false
Unique ID: c194253fc67d49c479db0702b9eff2b6,
Execution Time for Trace ID c194253fc67d49c479db0702b9eff2b6: 1345 ms
Input: 5000000,
Cold Start: false
Unique ID: ec969ea652257de4ed4883b690c39768,
Execution Time for Trace ID ec969ea652257de4ed4883b690c39768: 467 ms
Input: 5000000,
Cold Start: false
Unique ID: 0dc0056e709d5c8653cbf451c5bf35e2,
Execution Time for Trace ID 0dc0056e709d5c8653cbf451c5bf35e2: 2354 ms
Input: 5000000,
Cold Start: true
Unique ID: 720cba565448adb4114b7d785ee0679a,
Execution Time for Trace ID 720cba565448adb4114b7d785ee0679a: 1905 ms
Input: 5000000,
Cold Start: false
Unique ID: 62e3651423c2a04bd1a16f224f6cda9e,
Execution Time for Trace ID 62e3651423c2a04bd1a16f224f6cda9e: 2034 ms
Input: 5000000,
Cold Start: false
Unique ID: bab2ee4dbccc36c08bb97bf3d666f40d,
Execution Time for Trace ID bab2ee4dbccc36c08bb97bf3d666f40d: 2260 ms
Input: 5000000,
Cold Start: true
Unique ID: 7c0e92d1746b8181847067996fe733de,
Execution Time for Trace ID 7c0e92d1746b8181847067996fe733de: 2323 ms
Input: 5000000,
Cold Start: false
Unique ID: 96b8663d0859a873278a48671321794f,
Execution Time for Trace ID 96b8663d0859a873278a48671321794f: 1420 ms
Input: 5000000,
Cold Start: false
Unique ID: dbd091c81716489c1967e404b2348735,
Execution Time for Trace ID dbd091c81716489c1967e404b2348735: 1829 ms
Input: 5000000,
Cold Start: false
Unique ID: 2f3926afbd2c31faed4883b690c39393,
Execution Time for Trace ID 2f3926afbd2c31faed4883b690c39393: 2059 ms
Input: 5000000,
Cold Start: false
Unique ID: 5601dc51b296ecae1beff2509234084a,
Execution Time for Trace ID 5601dc51b296ecae1beff2509234084a: 1423 ms
Input: 5000000,
Cold Start: false
Unique ID: 4115c9cccba2ea6bf80b65404bcc55fc,
Execution Time for Trace ID 4115c9cccba2ea6bf80b65404bcc55fc: 1369 ms
Input: 5000000,
Cold Start: false
Unique ID: 2f58196e1dbd9deb22c48186f551e5e6,
Execution Time for Trace ID 2f58196e1dbd9deb22c48186f551e5e6: 1988 ms
Input: 5000000,
Cold Start: false
Unique ID: 019b2bf88730ea1ae9f03e9917b6eac6,
Execution Time for Trace ID 019b2bf88730ea1ae9f03e9917b6eac6: 1646 ms
Input: 5000000,
Cold Start: false
Unique ID: 2bc933a63894cdb62ab312cd5eb14ba4,
Execution Time for Trace ID 2bc933a63894cdb62ab312cd5eb14ba4: 1931 ms
Input: 5000000,
Cold Start: false
Unique ID: a52f3c71238dd052e03f803c81239035,
Execution Time for Trace ID a52f3c71238dd052e03f803c81239035: 1923 ms
Input: 5000000,
Cold Start: false
Unique ID: 2acd66ce2e92ead372ad72b942f9dc72,
Execution Time for Trace ID 2acd66ce2e92ead372ad72b942f9dc72: 1882 ms
Input: 5000000,
Cold Start: false
Unique ID: e8298ddaa7baca5a00165921d2c20308,
Execution Time for Trace ID e8298ddaa7baca5a00165921d2c20308: 1934 ms
Input: 5000000,
Cold Start: false
Unique ID: 9269c00a99ff1619a2e75fa8cde16564,
Execution Time for Trace ID 9269c00a99ff1619a2e75fa8cde16564: 1968 ms
Input: 5000000,
Cold Start: false
Unique ID: dfa604da368f9d8d8030d515223d00a2,
Execution Time for Trace ID dfa604da368f9d8d8030d515223d00a2: 2129 ms
Input: 5000000,
Cold Start: false
Unique ID: 9e4f999f83403168756cbdd98ca2d538,
Execution Time for Trace ID 9e4f999f83403168756cbdd98ca2d538: 1354 ms
Input: 5000000,
Cold Start: false
Unique ID: b10142ee72a9f8f4f29095505e711745,
Execution Time for Trace ID b10142ee72a9f8f4f29095505e711745: 1339 ms
Input: 5000000,
Cold Start: false
Unique ID: e85cc96e86d37867f289f380ff57c434,
Execution Time for Trace ID e85cc96e86d37867f289f380ff57c434: 1609 ms
Input: 5000000,
Cold Start: false
Unique ID: a4e018da6ca7926b40ba16fe604ed722,
Execution Time for Trace ID a4e018da6ca7926b40ba16fe604ed722: 1617 ms
Input: 5000000,
Cold Start: false
Unique ID: fb301bfc144ae65fc30d5ba90b77b3ba,
Execution Time for Trace ID fb301bfc144ae65fc30d5ba90b77b3ba: 1780 ms
Input: 5000000,
Cold Start: false
Unique ID: 383dafd42d20c0d3c0cb78b4d1dceedf,
Execution Time for Trace ID 383dafd42d20c0d3c0cb78b4d1dceedf: 2358 ms
Input: 5000000,
Cold Start: true
Unique ID: 3a9b7d09f0d05cc891f57dd5829234df,
Execution Time for Trace ID 3a9b7d09f0d05cc891f57dd5829234df: 1450 ms
Input: 5000000,
Cold Start: false
Unique ID: 755ee098b981ced2c25a47e46d1e4a35,
Execution Time for Trace ID 755ee098b981ced2c25a47e46d1e4a35: 1577 ms
Input: 5000000,
Cold Start: false
Unique ID: d2c3982aa245f12d951476de5dd60497,
Execution Time for Trace ID d2c3982aa245f12d951476de5dd60497: 1623 ms
Input: 5000000,
Cold Start: false
Unique ID: bebe2b2e2e15c517f040f9d8eeada8d3,
Execution Time for Trace ID bebe2b2e2e15c517f040f9d8eeada8d3: 1603 ms
Input: 5000000,
Cold Start: false
Unique ID: cbbb68249b6d5591521edabdec5c6937,
Execution Time for Trace ID cbbb68249b6d5591521edabdec5c6937: 1713 ms
Input: 5000000,
Cold Start: false
Unique ID: af6818089b600e64a523ff829d4aaab5,
Execution Time for Trace ID af6818089b600e64a523ff829d4aaab5: 1272 ms
Input: 5000000,
Cold Start: false
Unique ID: b9d02d7eecabadb08a46806a7f8ac6ed,
Execution Time for Trace ID b9d02d7eecabadb08a46806a7f8ac6ed: 1354 ms
Input: 5000000,
Cold Start: false
Unique ID: d0fbd3d25fd153794cb62c6a66ace52f,
Execution Time for Trace ID d0fbd3d25fd153794cb62c6a66ace52f: 1452 ms
Input: 5000000,
Cold Start: false
Unique ID: 3232902ecf9e709ad2e3c92c0091b84f,
Execution Time for Trace ID 3232902ecf9e709ad2e3c92c0091b84f: 1578 ms
Input: 5000000,
Cold Start: false
Unique ID: d069e0de08e925254793a5e39ebd5889,
Execution Time for Trace ID d069e0de08e925254793a5e39ebd5889: 1610 ms
Input: 5000000,
Cold Start: false
Unique ID: 3b66bc794269d5bb8f4bdd0c5fca68f9,
Execution Time for Trace ID 3b66bc794269d5bb8f4bdd0c5fca68f9: 1419 ms
Input: 5000000,
Cold Start: false
Unique ID: c53a74da1d702f19f1ba7ac52638a7c5,
Execution Time for Trace ID c53a74da1d702f19f1ba7ac52638a7c5: 1976 ms
Input: 5000000,
Cold Start: false
Unique ID: b8840d640b29131fd879e9b2377ee954,
Execution Time for Trace ID b8840d640b29131fd879e9b2377ee954: 962 ms
Input: 5000000,
Cold Start: false
Unique ID: da39536b2e59f86095d5e1639d5ca6e8,
Execution Time for Trace ID da39536b2e59f86095d5e1639d5ca6e8: 2017 ms
Input: 5000000,
Cold Start: false
Unique ID: c58a8c1d12c9162428ed610c7524e60d,
Execution Time for Trace ID c58a8c1d12c9162428ed610c7524e60d: 1964 ms
Input: 5000000,
Cold Start: false
Unique ID: 9e79a44a02e26ed043461ac75fa9ef06,
Execution Time for Trace ID 9e79a44a02e26ed043461ac75fa9ef06: 1388 ms
Input: 5000000,
Cold Start: false
Unique ID: f1b589d762e860bb01cd7ba3a00348c8,
Execution Time for Trace ID f1b589d762e860bb01cd7ba3a00348c8: 1401 ms
Input: 5000000,
Cold Start: false
Unique ID: 6f56ffd1001e2eae36187723e60d0846,
Execution Time for Trace ID 6f56ffd1001e2eae36187723e60d0846: 2410 ms
Input: 5000000,
Cold Start: true
Unique ID: 49f7fdccd5427a5a536e064f31d61c1e,
Execution Time for Trace ID 49f7fdccd5427a5a536e064f31d61c1e: 1726 ms
Input: 5000000,
Cold Start: false
Unique ID: 7a97174126195de96d42c224cbb43ba1,
Execution Time for Trace ID 7a97174126195de96d42c224cbb43ba1: 1822 ms
Input: 5000000,
Cold Start: false
Unique ID: 7e7123fd328d3be793de3bb564a18694,
Execution Time for Trace ID 7e7123fd328d3be793de3bb564a18694: 1523 ms
Input: 5000000,
Cold Start: false
Unique ID: 6594424a18b2725642253ce83da23dde,
Execution Time for Trace ID 6594424a18b2725642253ce83da23dde: 1532 ms
Input: 5000000,
Cold Start: false
Unique ID: a1ef6ec1224f3845a4f31748b7578630,
Execution Time for Trace ID a1ef6ec1224f3845a4f31748b7578630: 1696 ms
Input: 5000000,
Cold Start: false
Unique ID: 38ad75aae1351c9d08495bd1198d5320,
Execution Time for Trace ID 38ad75aae1351c9d08495bd1198d5320: 1735 ms
Input: 5000000,
Cold Start: false
Unique ID: ba773448dbc34b266c206e6f1c7b7425,
Execution Time for Trace ID ba773448dbc34b266c206e6f1c7b7425: 1385 ms
Input: 5000000,
Cold Start: false
Unique ID: 65de33901fee27694fa793cdb568187a,
Execution Time for Trace ID 65de33901fee27694fa793cdb568187a: 2370 ms
Input: 5000000,
Cold Start: false
Unique ID: 816eb741b226be94fe4dac50d97e9674,
Execution Time for Trace ID 816eb741b226be94fe4dac50d97e9674: 1475 ms
Input: 5000000,
Cold Start: false
Unique ID: 4db1eaffe6f264a65d92d3d7463aa1d6,
Execution Time for Trace ID 4db1eaffe6f264a65d92d3d7463aa1d6: 1537 ms
Input: 5000000,
Cold Start: false
Unique ID: 65d65196d565f0fbce0ac3b06b2b19ad,
Execution Time for Trace ID 65d65196d565f0fbce0ac3b06b2b19ad: 1735 ms
Input: 5000000,
Cold Start: false
Unique ID: 1ed3192ff06c795c27ee7699b45cf7bc,
Execution Time for Trace ID 1ed3192ff06c795c27ee7699b45cf7bc: 1807 ms
Input: 5000000,
Cold Start: false
Unique ID: e772320ccda646d04a866449da94552f,
Execution Time for Trace ID e772320ccda646d04a866449da94552f: 1626 ms
Input: 5000000,
Cold Start: false
Unique ID: d78c3aa921b42c0e0c07b131c9dd30df,
Execution Time for Trace ID d78c3aa921b42c0e0c07b131c9dd30df: 1558 ms
Input: 5000000,
Cold Start: false
Unique ID: 51f68caa1a027a37f2ed4d64dbd625e9,
Execution Time for Trace ID 51f68caa1a027a37f2ed4d64dbd625e9: 1708 ms
Input: 5000000,
Cold Start: false
Unique ID: a4f6846cdc670c6486cd3a6d5cda4cdd,
Execution Time for Trace ID a4f6846cdc670c6486cd3a6d5cda4cdd: 1670 ms
Input: 5000000,
Cold Start: false
Unique ID: 295801cd6eb9cf3a6e0dc16869d8e560,
Execution Time for Trace ID 295801cd6eb9cf3a6e0dc16869d8e560: 1803 ms
Input: 5000000,
Cold Start: false
Unique ID: 9a059f409dbdb61f1b01e6d30b7db932,
Execution Time for Trace ID 9a059f409dbdb61f1b01e6d30b7db932: 1337 ms
Input: 5000000,
Cold Start: false
Unique ID: 9f9478c7535015a2c5b4223c8ce9ad65,
Execution Time for Trace ID 9f9478c7535015a2c5b4223c8ce9ad65: 1848 ms
Input: 5000000,
Cold Start: false
Unique ID: 52d92a204a421686b90d58ead2100981,
Execution Time for Trace ID 52d92a204a421686b90d58ead2100981: 1947 ms
Input: 5000000,
Cold Start: false
Unique ID: 03e68d1edda3015c0e084f945fadaf83,
Execution Time for Trace ID 03e68d1edda3015c0e084f945fadaf83: 2095 ms
Input: 5000000,
Cold Start: false
Unique ID: 3de9d6200b4e0f841209f1c0275cc387,
Execution Time for Trace ID 3de9d6200b4e0f841209f1c0275cc387: 1412 ms
Input: 5000000,
Cold Start: false
Unique ID: 40df488535f92c1863648b5f8ecf7066,
Execution Time for Trace ID 40df488535f92c1863648b5f8ecf7066: 1475 ms
Input: 5000000,
Cold Start: false
Unique ID: b81dc7bd8d55222e7ffd9c91601e94b7,
Execution Time for Trace ID b81dc7bd8d55222e7ffd9c91601e94b7: 1599 ms
Input: 5000000,
Cold Start: false
Unique ID: ab27c71fd4b6ac94e0aae8a709e9e04e,
Execution Time for Trace ID ab27c71fd4b6ac94e0aae8a709e9e04e: 1515 ms
Input: 5000000,
Cold Start: false
Unique ID: 0a0bcfd76d5b379e68dc0d9aecc44432,
Execution Time for Trace ID 0a0bcfd76d5b379e68dc0d9aecc44432: 1705 ms
Input: 5000000,
Cold Start: false
Unique ID: 07051d116ecdc6fe6db48f6b2975fc12,
Execution Time for Trace ID 07051d116ecdc6fe6db48f6b2975fc12: 2315 ms
Input: 5000000,
Cold Start: true
Unique ID: 588c3b09a0faab050f6c05199997e136,
Execution Time for Trace ID 588c3b09a0faab050f6c05199997e136: 1121 ms
Input: 5000000,
Cold Start: false
Unique ID: 0e51e6c64201054aa0757b93a35ce531,
Execution Time for Trace ID 0e51e6c64201054aa0757b93a35ce531: 1809 ms
Input: 5000000,
Cold Start: false
Unique ID: 10eadae1326dada142253ce83da234f1,
Execution Time for Trace ID 10eadae1326dada142253ce83da234f1: 1748 ms
Input: 5000000,
Cold Start: false
Unique ID: ce896e89074848f352bb1b7f4ae838b4,
Execution Time for Trace ID ce896e89074848f352bb1b7f4ae838b4: 1695 ms
Input: 5000000,
Cold Start: false
Unique ID: 5d2ac9b80a5c3938a21e29d095df9227,
Execution Time for Trace ID 5d2ac9b80a5c3938a21e29d095df9227: 1649 ms
Input: 5000000,
Cold Start: false
Unique ID: a1c6e408eef8d014005f559103970bd6,
Execution Time for Trace ID a1c6e408eef8d014005f559103970bd6: 1378 ms
Input: 5000000,
Cold Start: false
Unique ID: b5d7fbbea641d27b0c7e570d070e70bb,
Execution Time for Trace ID b5d7fbbea641d27b0c7e570d070e70bb: 1521 ms
Input: 5000000,
Cold Start: false
Unique ID: f7f88e2060e5fcb31c6b57eabd4d4272,
Execution Time for Trace ID f7f88e2060e5fcb31c6b57eabd4d4272: 1468 ms
Input: 5000000,
Cold Start: false
Unique ID: 2ab80f8e536a72bf5b6f840b9ba50690,
Execution Time for Trace ID 2ab80f8e536a72bf5b6f840b9ba50690: 481 ms
Input: 5000000,
Cold Start: false
Unique ID: b07f94610c628a6d92bd106b82a400c2,
Execution Time for Trace ID b07f94610c628a6d92bd106b82a400c2: 1554 ms
Input: 5000000,
Cold Start: false
Unique ID: 498d8b269f4c0f67057dc141591c90d7,
Execution Time for Trace ID 498d8b269f4c0f67057dc141591c90d7: 1476 ms
Input: 5000000,
Cold Start: false
Unique ID: 26bb03b258d3dec45bc3fc815f9fcf8b,
Execution Time for Trace ID 26bb03b258d3dec45bc3fc815f9fcf8b: 578 ms
Input: 5000000,
Cold Start: false
Unique ID: 3e3995d49b4f1d7f6ae1f3280d906bbc,
Execution Time for Trace ID 3e3995d49b4f1d7f6ae1f3280d906bbc: 1423 ms
Input: 5000000,
Cold Start: false
Unique ID: fe4cc3a86a3f478ba929715816de8ba3,
Execution Time for Trace ID fe4cc3a86a3f478ba929715816de8ba3: 1617 ms
Input: 5000000,
Cold Start: false
Unique ID: 0109f4911fd5a57e77b429c03ee654ae,
Execution Time for Trace ID 0109f4911fd5a57e77b429c03ee654ae: 1934 ms
Input: 5000000,
Cold Start: false
Unique ID: 36301618bfda44f0e180310bf3c03a69,
Execution Time for Trace ID 36301618bfda44f0e180310bf3c03a69: 2001 ms
Input: 5000000,
Cold Start: false
Unique ID: 9b74cc6f34bb29a0bd1846d70922633e,
Execution Time for Trace ID 9b74cc6f34bb29a0bd1846d70922633e: 1451 ms
Input: 5000000,
Cold Start: false
Unique ID: 2421aba7585594f3e59fef9142fa1a02,
Execution Time for Trace ID 2421aba7585594f3e59fef9142fa1a02: 1515 ms
Input: 5000000,
Cold Start: false
Unique ID: 38375b54f1a80c0b2c2440dda6deb5a3,
Execution Time for Trace ID 38375b54f1a80c0b2c2440dda6deb5a3: 2090 ms
Input: 5000000,
Cold Start: false
Unique ID: 50bbda256067e5023ce07910d49a0d7d,
Execution Time for Trace ID 50bbda256067e5023ce07910d49a0d7d: 2141 ms
Input: 5000000,
Cold Start: false
Unique ID: 82dc58245675c1a8617eda81989ba0d6,
Execution Time for Trace ID 82dc58245675c1a8617eda81989ba0d6: 1384 ms
Input: 5000000,
Cold Start: false
Unique ID: 6fadb92af66ad44344dbfcbc93ef4e0f,
Execution Time for Trace ID 6fadb92af66ad44344dbfcbc93ef4e0f: 1646 ms
Input: 5000000,
Cold Start: false
Unique ID: 14718ea0bd25b4db875d69498a8cecd7,
Execution Time for Trace ID 14718ea0bd25b4db875d69498a8cecd7: 1500 ms
Input: 5000000,
Cold Start: false
Unique ID: 010ae565fc1f4203de4dbeba5da0aae1,
Execution Time for Trace ID 010ae565fc1f4203de4dbeba5da0aae1: 1691 ms
Input: 5000000,
Cold Start: false
Unique ID: 80ab1236a27eca957302e3dc41ec16df,
Execution Time for Trace ID 80ab1236a27eca957302e3dc41ec16df: 1641 ms
Input: 5000000,
Cold Start: false
Unique ID: fd513e6e2175aeff91edc3903397b140,
Execution Time for Trace ID fd513e6e2175aeff91edc3903397b140: 1483 ms
Input: 5000000,
Cold Start: false
Unique ID: 4219c790bd7845d3ccedaeb51b2c84bc,
Execution Time for Trace ID 4219c790bd7845d3ccedaeb51b2c84bc: 1564 ms
Input: 5000000,
Cold Start: false
Unique ID: 90178c4d78a2c2ae7d82d0abcda29e86,
Execution Time for Trace ID 90178c4d78a2c2ae7d82d0abcda29e86: 1559 ms
Input: 5000000,
Cold Start: false
Unique ID: 0fea948a6b30ef39998acbefefeec29b,
Execution Time for Trace ID 0fea948a6b30ef39998acbefefeec29b: 1512 ms
Input: 5000000,
Cold Start: false
Unique ID: a060d386c32d47d8df6ae2dfcd815fde,
Execution Time for Trace ID a060d386c32d47d8df6ae2dfcd815fde: 1650 ms
Input: 5000000,
Cold Start: false
Unique ID: aee2db05da5cedb231dd93f9e90428c1,
Execution Time for Trace ID aee2db05da5cedb231dd93f9e90428c1: 778 ms
Input: 5000000,
Cold Start: false
Unique ID: b0b6da1eca492038b601cb40138f0503,
Execution Time for Trace ID b0b6da1eca492038b601cb40138f0503: 1438 ms
Input: 5000000,
Cold Start: false
Unique ID: f074444dbdad3071b9ff4eff9b49d125,
Execution Time for Trace ID f074444dbdad3071b9ff4eff9b49d125: 1651 ms
Input: 5000000,
Cold Start: false
Unique ID: 24fcb9c8ab3b9ae524b7800cb4ceb8fd,
Execution Time for Trace ID 24fcb9c8ab3b9ae524b7800cb4ceb8fd: 1633 ms
Input: 5000000,
Cold Start: false
Unique ID: 0f2f0d51f63f7f99b72d9d73176c6932,
Execution Time for Trace ID 0f2f0d51f63f7f99b72d9d73176c6932: 2034 ms
Input: 5000000,
Cold Start: false
Unique ID: 449013b064f7b9955837efef7433561f,
Execution Time for Trace ID 449013b064f7b9955837efef7433561f: 521 ms
Input: 5000000,
Cold Start: false
Unique ID: 565d67cde54f8f7f5edb33d27d344429,
Execution Time for Trace ID 565d67cde54f8f7f5edb33d27d344429: 1531 ms
Input: 5000000,
Cold Start: false
Unique ID: 258ae56db6cc71d6ccf052781a283530,
Execution Time for Trace ID 258ae56db6cc71d6ccf052781a283530: 1492 ms
Input: 5000000,
Cold Start: false
Unique ID: d9dd131ed833096732de80e2c2ff8cc0,
Execution Time for Trace ID d9dd131ed833096732de80e2c2ff8cc0: 1522 ms
Input: 5000000,
Cold Start: false
Unique ID: edda335fbac5c9165e98b2cc3fb9a84b,
Execution Time for Trace ID edda335fbac5c9165e98b2cc3fb9a84b: 1671 ms
Input: 5000000,
Cold Start: false
Unique ID: 8d38cf11994657735a7e36671e95d5d6,
Execution Time for Trace ID 8d38cf11994657735a7e36671e95d5d6: 1442 ms
Input: 5000000,
Cold Start: false
Unique ID: a2b8befb5420650c2967a5a7ade2a281,
Execution Time for Trace ID a2b8befb5420650c2967a5a7ade2a281: 1496 ms
Input: 5000000,
Cold Start: false
Unique ID: f9e1ba758015bf6ab27fe37347bfffc8,
Execution Time for Trace ID f9e1ba758015bf6ab27fe37347bfffc8: 1855 ms
Input: 5000000,
Cold Start: false
Unique ID: e72f3e8b8662b7c1ddfe2dd55f3aa7db,
Execution Time for Trace ID e72f3e8b8662b7c1ddfe2dd55f3aa7db: 2966 ms
Input: 5000000,
Cold Start: false
Unique ID: 7181378927679576d07f9f1fdbd7cab7,
Execution Time for Trace ID 7181378927679576d07f9f1fdbd7cab7: 1825 ms
Input: 5000000,
Cold Start: false
Unique ID: d648d4b5f185aa7d54a379ff93a8ea43,
Execution Time for Trace ID d648d4b5f185aa7d54a379ff93a8ea43: 1471 ms
Input: 5000000,
Cold Start: false
Unique ID: 8b0e7ca60a939f1afb9ded71d987b228,
Execution Time for Trace ID 8b0e7ca60a939f1afb9ded71d987b228: 1688 ms
Input: 5000000,
Cold Start: false
Unique ID: 32906dbd1397ade8b50c90709b7077f8,
Execution Time for Trace ID 32906dbd1397ade8b50c90709b7077f8: 1678 ms
Input: 5000000,
Cold Start: false
Unique ID: 8495b5cb25ffe70d3cea95c87c3553fd,
Execution Time for Trace ID 8495b5cb25ffe70d3cea95c87c3553fd: 1724 ms
Input: 5000000,
Cold Start: false
Unique ID: 8baaec90108eff1da559e3b7187f77e6,
Execution Time for Trace ID 8baaec90108eff1da559e3b7187f77e6: 1929 ms
Input: 5000000,
Cold Start: false
Unique ID: eb363ba2b4a6fca9fa8583f9df0e25f0,
Execution Time for Trace ID eb363ba2b4a6fca9fa8583f9df0e25f0: 1442 ms
Input: 5000000,
Cold Start: false
Unique ID: 71b3a7c18d360ca6eaea5bcae8c4a871,
Execution Time for Trace ID 71b3a7c18d360ca6eaea5bcae8c4a871: 1421 ms
Input: 5000000,
Cold Start: false
Unique ID: 4fca3563ee43c7cdd83cd73bd6562b1a,
Execution Time for Trace ID 4fca3563ee43c7cdd83cd73bd6562b1a: 1535 ms
Input: 5000000,
Cold Start: false
Unique ID: 16ed20062b037825a38eae49242fc7c2,
Execution Time for Trace ID 16ed20062b037825a38eae49242fc7c2: 1426 ms
Input: 5000000,
Cold Start: false
Unique ID: 085b54c43356e61b038811311bcd25aa,
Execution Time for Trace ID 085b54c43356e61b038811311bcd25aa: 1592 ms
Input: 5000000,
Cold Start: false
Unique ID: f0894729578032720aa3fc1f8481c9f5,
Execution Time for Trace ID f0894729578032720aa3fc1f8481c9f5: 679 ms
Input: 5000000,
Cold Start: false
Unique ID: c7753057658ed351386617d0e521698a,
Execution Time for Trace ID c7753057658ed351386617d0e521698a: 1478 ms
Input: 5000000,
Cold Start: false
Unique ID: 6b1d96f4b86b459badaa021fe7010be0,
Execution Time for Trace ID 6b1d96f4b86b459badaa021fe7010be0: 1469 ms
Input: 5000000,
Cold Start: false
Unique ID: b2c1da389beba065ff189a4bc34a7978,
Execution Time for Trace ID b2c1da389beba065ff189a4bc34a7978: 1642 ms
Input: 5000000,
Cold Start: false
Unique ID: 4d7c28ca8ed0a1411ff44b58d5424c06,
Execution Time for Trace ID 4d7c28ca8ed0a1411ff44b58d5424c06: 1504 ms
Input: 5000000,
Cold Start: false
Unique ID: 06f0a4cc15f4ddc083cb6f2c837c42b1,
Execution Time for Trace ID 06f0a4cc15f4ddc083cb6f2c837c42b1: 614 ms
Input: 5000000,
Cold Start: false
Unique ID: 3d27d98b32e450b7ed4ca68457f968ae,
Execution Time for Trace ID 3d27d98b32e450b7ed4ca68457f968ae: 1448 ms
Input: 5000000,
Cold Start: false
Unique ID: 959ed7c11301d4e0c13beb21412ab7be,
Execution Time for Trace ID 959ed7c11301d4e0c13beb21412ab7be: 1597 ms
Input: 5000000,
Cold Start: false
Unique ID: bbb1a05ec689bc648ed24d1e70383bbd,
Execution Time for Trace ID bbb1a05ec689bc648ed24d1e70383bbd: 1423 ms
Input: 5000000,
Cold Start: false
Unique ID: 6340f9ce100438d77893f67e9d4fa986,
Execution Time for Trace ID 6340f9ce100438d77893f67e9d4fa986: 1640 ms
Input: 5000000,
Cold Start: false
Unique ID: d743290d9948a7d4f81ef385ea5a6a7a,
Execution Time for Trace ID d743290d9948a7d4f81ef385ea5a6a7a: 1508 ms
Input: 5000000,
Cold Start: false
Unique ID: f217b324ebb4b456351da38b5251e67d,
Execution Time for Trace ID f217b324ebb4b456351da38b5251e67d: 1577 ms
Input: 5000000,
Cold Start: false
Unique ID: 66035292df6809ee4cdbf9b594a24194,
Execution Time for Trace ID 66035292df6809ee4cdbf9b594a24194: 1476 ms
Input: 5000000,
Cold Start: false
Unique ID: efdba10a4b3259dc54c94a479bef5f4f,
Execution Time for Trace ID efdba10a4b3259dc54c94a479bef5f4f: 1641 ms
Input: 5000000,
Cold Start: false
Unique ID: b97779d75210ee4ec657232c0f2ee948,
Execution Time for Trace ID b97779d75210ee4ec657232c0f2ee948: 1896 ms
Input: 5000000,
Cold Start: false
Unique ID: fdf8f5e5659bef0dc0be01c61322a585,
Execution Time for Trace ID fdf8f5e5659bef0dc0be01c61322a585: 1488 ms
Input: 5000000,
Cold Start: false
Unique ID: ae2d45eb02dbe7534cd2b8ba1a1937d2,
Execution Time for Trace ID ae2d45eb02dbe7534cd2b8ba1a1937d2: 1467 ms
Input: 5000000,
Cold Start: false
Unique ID: c885ca73c0678dab3f188f8e2bd467cd,
Execution Time for Trace ID c885ca73c0678dab3f188f8e2bd467cd: 1739 ms
Input: 5000000,
Cold Start: false
Unique ID: 8050f4586bf3e7033a9b46a0800d922b,
Execution Time for Trace ID 8050f4586bf3e7033a9b46a0800d922b: 1838 ms
Input: 5000000,
Cold Start: false
Unique ID: 432f53d43f36831b11b7ea07f4f763d6,
Execution Time for Trace ID 432f53d43f36831b11b7ea07f4f763d6: 1535 ms
Input: 5000000,
Cold Start: false
Unique ID: 6708e841f6898deb4fc9ecc641d0e7a5,
Execution Time for Trace ID 6708e841f6898deb4fc9ecc641d0e7a5: 2007 ms
Input: 5000000,
Cold Start: true
Unique ID: 175b7216fbc7a8890df205b198b347c3,
Execution Time for Trace ID 175b7216fbc7a8890df205b198b347c3: 1745 ms
Input: 5000000,
Cold Start: false
Unique ID: 1c294fe95bce57c171ab3dcb8de94527,
Execution Time for Trace ID 1c294fe95bce57c171ab3dcb8de94527: 1794 ms
Input: 5000000,
Cold Start: false
Unique ID: 8a3b92bd565de1344d682779ec45dffd,
Execution Time for Trace ID 8a3b92bd565de1344d682779ec45dffd: 2308 ms
Input: 5000000,
Cold Start: false
Unique ID: b84f6a76b85e920c3272aa23eed18c94,
Execution Time for Trace ID b84f6a76b85e920c3272aa23eed18c94: 2228 ms
Input: 5000000,
Cold Start: false
Unique ID: 9e7fe2975b40523189f380c797da9692,
Execution Time for Trace ID 9e7fe2975b40523189f380c797da9692: 1443 ms
Input: 5000000,
Cold Start: false
Unique ID: 8b1eb36906f7ad6cbfa6e65c008b088f,
Execution Time for Trace ID 8b1eb36906f7ad6cbfa6e65c008b088f: 1432 ms
Input: 5000000,
Cold Start: false
Unique ID: 9369bb5572cbc1141b6a10d3b5aed5be,
Execution Time for Trace ID 9369bb5572cbc1141b6a10d3b5aed5be: 1477 ms
Input: 5000000,
Cold Start: false
Unique ID: 05bfe4caa8dcd9bfd4ed6c31330696f0,
Execution Time for Trace ID 05bfe4caa8dcd9bfd4ed6c31330696f0: 1432 ms
Input: 5000000,
Cold Start: false
Unique ID: 98731c6907a78f80113e9e972748320d,
Execution Time for Trace ID 98731c6907a78f80113e9e972748320d: 1578 ms
Input: 5000000,
Cold Start: false
Unique ID: 649d47d2a8cacb82a0108a054c920937,
Execution Time for Trace ID 649d47d2a8cacb82a0108a054c920937: 1468 ms
Input: 5000000,
Cold Start: false
Unique ID: 47f4cf91ad0445d0f4e802951b7aed46,
Execution Time for Trace ID 47f4cf91ad0445d0f4e802951b7aed46: 1577 ms
Input: 5000000,
Cold Start: false
Unique ID: 1ebd494487136ade2f6317e0e64d71d0,
Execution Time for Trace ID 1ebd494487136ade2f6317e0e64d71d0: 1680 ms
Input: 5000000,
Cold Start: false
Unique ID: cf8cdcb8d5c7dbefa243962f345e5d7f,
Execution Time for Trace ID cf8cdcb8d5c7dbefa243962f345e5d7f: 1731 ms
Input: 5000000,
Cold Start: false
Unique ID: 9a0acdb84f0cdbed4ac621ad78cb5a54,
Execution Time for Trace ID 9a0acdb84f0cdbed4ac621ad78cb5a54: 1447 ms
Input: 5000000,
Cold Start: false
Unique ID: da9d3c2ddd56a000f6666bf7c3e7b403,
Execution Time for Trace ID da9d3c2ddd56a000f6666bf7c3e7b403: 1401 ms
Input: 5000000,
Cold Start: false
Unique ID: e067923cf26fde4131b9d80289aa5c98,
Execution Time for Trace ID e067923cf26fde4131b9d80289aa5c98: 1437 ms
Input: 5000000,
Cold Start: false
Unique ID: b6b7e71caab8141da354f7e1f9ef3f68,
Execution Time for Trace ID b6b7e71caab8141da354f7e1f9ef3f68: 1466 ms
Input: 5000000,
Cold Start: false
Unique ID: 0171534e978ea96ca096daa26482f7cc,
Execution Time for Trace ID 0171534e978ea96ca096daa26482f7cc: 1437 ms
Input: 5000000,
Cold Start: false
Unique ID: bdecef3fa7e48bb058315a54c34f2797,
Execution Time for Trace ID bdecef3fa7e48bb058315a54c34f2797: 1962 ms
Input: 5000000,
Cold Start: true
Unique ID: 9a0d9b5befb851083c65cc12a6128721,
Execution Time for Trace ID 9a0d9b5befb851083c65cc12a6128721: 1416 ms
Input: 5000000,
Cold Start: false
Unique ID: b408af61a201365d661beddb46a3940f,
Execution Time for Trace ID b408af61a201365d661beddb46a3940f: 1534 ms
Input: 5000000,
Cold Start: false
Unique ID: b3dac00a99144507185f718afa04d692,
Execution Time for Trace ID b3dac00a99144507185f718afa04d692: 1476 ms
Input: 5000000,
Cold Start: false
Unique ID: e3fe80bc236be7ec1337ed950ab03d64,
Execution Time for Trace ID e3fe80bc236be7ec1337ed950ab03d64: 1486 ms
Input: 5000000,
Cold Start: false
Unique ID: cf2b87650a9a4eb621150f995f8bc947,
Execution Time for Trace ID cf2b87650a9a4eb621150f995f8bc947: 1672 ms
Input: 5000000,
Cold Start: false
Unique ID: 8366b3e50c713f3715610c53e7406ead,
Execution Time for Trace ID 8366b3e50c713f3715610c53e7406ead: 1442 ms
Input: 5000000,
Cold Start: false
Unique ID: 6565a8286a289f5d6f6a3068ef5743cc,
Execution Time for Trace ID 6565a8286a289f5d6f6a3068ef5743cc: 1484 ms
Input: 5000000,
Cold Start: false
Unique ID: db01a88f0010de52ea413ebda6304854,
Execution Time for Trace ID db01a88f0010de52ea413ebda6304854: 1445 ms
Input: 5000000,
Cold Start: false
Unique ID: be8cdc1f73cc18deead8ff90cda1c1ae,
Execution Time for Trace ID be8cdc1f73cc18deead8ff90cda1c1ae: 1398 ms
Input: 5000000,
Cold Start: false
Unique ID: 51433b8c30cac4b8b385779acf746b4d,
Execution Time for Trace ID 51433b8c30cac4b8b385779acf746b4d: 1445 ms
Input: 5000000,
Cold Start: false
Unique ID: a8baf13f945b87949b8d78c92a632d58,
Execution Time for Trace ID a8baf13f945b87949b8d78c92a632d58: 1568 ms
Input: 5000000,
Cold Start: false
Unique ID: a6b7beafa7fb9a6d28e1891953940b9e,
Execution Time for Trace ID a6b7beafa7fb9a6d28e1891953940b9e: 1523 ms
Input: 5000000,
Cold Start: false
Unique ID: 5b4cb224703db3656be7d077d559b40b,
Execution Time for Trace ID 5b4cb224703db3656be7d077d559b40b: 1683 ms
Input: 5000000,
Cold Start: false
Unique ID: bf9166d45c8fdfdbba1a8d0295695e8a,
Execution Time for Trace ID bf9166d45c8fdfdbba1a8d0295695e8a: 1676 ms
Input: 5000000,
Cold Start: false
Unique ID: 093b71611810505422cf8b3a9c7eb569,
Execution Time for Trace ID 093b71611810505422cf8b3a9c7eb569: 1613 ms
Input: 5000000,
Cold Start: false
Unique ID: c27cf31ae8f7e4bd314e450aa09dc1e7,
Execution Time for Trace ID c27cf31ae8f7e4bd314e450aa09dc1e7: 1648 ms
Input: 5000000,
Cold Start: false
Unique ID: ea799df00c1b438ddb666f1b2a20ac8c,
Execution Time for Trace ID ea799df00c1b438ddb666f1b2a20ac8c: 1558 ms
Input: 5000000,
Cold Start: false
Unique ID: 26a687e27bd1d3db20747d0c359433e7,
Execution Time for Trace ID 26a687e27bd1d3db20747d0c359433e7: 1693 ms
Input: 5000000,
Cold Start: false
Unique ID: b5f400bbcf69615624102b87e76918e5,
Execution Time for Trace ID b5f400bbcf69615624102b87e76918e5: 1790 ms
Input: 5000000,
Cold Start: false
Unique ID: 5c76c3577489f5746d24f47b6e8ef3ca,
Execution Time for Trace ID 5c76c3577489f5746d24f47b6e8ef3ca: 1427 ms
Input: 5000000,
Cold Start: false
Unique ID: 696d6d43ea81840b5c7c0bd5589e9860,
Execution Time for Trace ID 696d6d43ea81840b5c7c0bd5589e9860: 1444 ms
Input: 5000000,
Cold Start: false
Unique ID: 8c44f06a9eddffe0245d7892c0dd4ed8,
Execution Time for Trace ID 8c44f06a9eddffe0245d7892c0dd4ed8: 1421 ms
Input: 5000000,
Cold Start: false
Unique ID: add549edf703c34c3b82e6dc5a709540,
Execution Time for Trace ID add549edf703c34c3b82e6dc5a709540: 1441 ms
Input: 5000000,
Cold Start: false
Unique ID: 4c8dc061d9bc99c3fadefa86ee79a2bd,
Execution Time for Trace ID 4c8dc061d9bc99c3fadefa86ee79a2bd: 1472 ms
Input: 5000000,
Cold Start: false
Unique ID: 951abf8fd4d4f0b58b168c9bfeee5f98,
Execution Time for Trace ID 951abf8fd4d4f0b58b168c9bfeee5f98: 2203 ms
Input: 5000000,
Cold Start: true
Unique ID: 52caa881e2c24e690f306107045a9f3f,
Execution Time for Trace ID 52caa881e2c24e690f306107045a9f3f: 1551 ms
Input: 5000000,
Cold Start: false
Unique ID: 68378fb838c1709ef3bca9bd7ddc0e1c,
Execution Time for Trace ID 68378fb838c1709ef3bca9bd7ddc0e1c: 1497 ms
Input: 5000000,
Cold Start: false
Unique ID: 77475576bbd4419e44bd7ea7e775164c,
Execution Time for Trace ID 77475576bbd4419e44bd7ea7e775164c: 1699 ms
Input: 5000000,
Cold Start: false
Unique ID: ee9adb9e7b2710575235f9b692dace5c,
Execution Time for Trace ID ee9adb9e7b2710575235f9b692dace5c: 1727 ms
Input: 5000000,
Cold Start: false
Unique ID: c0d3283603bc165231f3b9af9606dc93,
Execution Time for Trace ID c0d3283603bc165231f3b9af9606dc93: 1763 ms
Input: 5000000,
Cold Start: false
Unique ID: 7b016cbb6e7d595408b398454ec7de39,
Execution Time for Trace ID 7b016cbb6e7d595408b398454ec7de39: 1472 ms
Input: 5000000,
Cold Start: false
Unique ID: f0a70454bbe178902f62dc551eef38e5,
Execution Time for Trace ID f0a70454bbe178902f62dc551eef38e5: 1427 ms
Input: 5000000,
Cold Start: false
Unique ID: dd4d21d2c33d31d93a057442e4563cdf,
Execution Time for Trace ID dd4d21d2c33d31d93a057442e4563cdf: 1680 ms
Input: 5000000,
Cold Start: false
Unique ID: 5bf1f6105de5597ff3248c73a9248b75,
Execution Time for Trace ID 5bf1f6105de5597ff3248c73a9248b75: 1838 ms
Input: 5000000,
Cold Start: false
Unique ID: edf8f891aa2d8e90b8236172ec244fb4,
Execution Time for Trace ID edf8f891aa2d8e90b8236172ec244fb4: 1787 ms
Input: 5000000,
Cold Start: false
Unique ID: 25cc4e712b40c246216926f4e536e587,
Execution Time for Trace ID 25cc4e712b40c246216926f4e536e587: 1638 ms
Input: 5000000,
Cold Start: false
Unique ID: 27ae35bd49eac1cacfc96d3b96f1247a,
Execution Time for Trace ID 27ae35bd49eac1cacfc96d3b96f1247a: 1528 ms
Input: 5000000,
Cold Start: false
Unique ID: b5f2c3d2a34eb6bc9353f1999059a184,
Execution Time for Trace ID b5f2c3d2a34eb6bc9353f1999059a184: 1558 ms
Input: 5000000,
Cold Start: false
Unique ID: b4a95c2c1c220a4d6478bdbbc2908d26,
Execution Time for Trace ID b4a95c2c1c220a4d6478bdbbc2908d26: 1648 ms
Input: 5000000,
Cold Start: false
Unique ID: da44990576ce5835a2d84282869f0ba0,
Execution Time for Trace ID da44990576ce5835a2d84282869f0ba0: 1832 ms
Input: 5000000,
Cold Start: false
Unique ID: aa1e139a12fb0e542ca9ba931b2a50e8,
Execution Time for Trace ID aa1e139a12fb0e542ca9ba931b2a50e8: 1594 ms
Input: 5000000,
Cold Start: false
Unique ID: 5ac3d0118039f2d2ff314ed119e811f1,
Execution Time for Trace ID 5ac3d0118039f2d2ff314ed119e811f1: 1467 ms
Input: 5000000,
Cold Start: false
Unique ID: 8ca9f45af41756497d6307a73d4be368,
Execution Time for Trace ID 8ca9f45af41756497d6307a73d4be368: 1515 ms
Input: 5000000,
Cold Start: false
Unique ID: d09dc7c6cf36bb90fb9cfff39afdb65e,
Execution Time for Trace ID d09dc7c6cf36bb90fb9cfff39afdb65e: 1729 ms
Input: 5000000,
Cold Start: false
Unique ID: d0eb0cc127322d85e8867c5967bf7a98,
Execution Time for Trace ID d0eb0cc127322d85e8867c5967bf7a98: 1674 ms
Input: 5000000,
Cold Start: false
Unique ID: deeb0131e0a777deb33c825da84d11ac,
Execution Time for Trace ID deeb0131e0a777deb33c825da84d11ac: 1440 ms
Input: 5000000,
Cold Start: false
Unique ID: 89f1c6335689f9bca9783bb7f9d9fab2,
Execution Time for Trace ID 89f1c6335689f9bca9783bb7f9d9fab2: 1441 ms
Input: 5000000,
Cold Start: false
Unique ID: d90858a3121e77004bac3ad7a5fdb60f,
Execution Time for Trace ID d90858a3121e77004bac3ad7a5fdb60f: 1545 ms
Input: 5000000,
Cold Start: false
Unique ID: 650107ba6843787508688a370b6777da,
Execution Time for Trace ID 650107ba6843787508688a370b6777da: 1510 ms
Input: 5000000,
Cold Start: false
Unique ID: 7e21749b26b70cb019ee99c34427455f,
Execution Time for Trace ID 7e21749b26b70cb019ee99c34427455f: 1538 ms
Input: 5000000,
Cold Start: false
Unique ID: 384d8f540149d76fc74ceceab6aa3108,
Execution Time for Trace ID 384d8f540149d76fc74ceceab6aa3108: 1446 ms
Input: 5000000,
Cold Start: false
Unique ID: edb05a7545991e93d5420870a1314285,
Execution Time for Trace ID edb05a7545991e93d5420870a1314285: 1351 ms
Input: 5000000,
Cold Start: false
Unique ID: 9d13ea8008342c6ec37a4455c369fc7d,
Execution Time for Trace ID 9d13ea8008342c6ec37a4455c369fc7d: 1435 ms
Input: 5000000,
Cold Start: false
Unique ID: 2b7835ac2ffd0e4769eff04b8dbd4500,
Execution Time for Trace ID 2b7835ac2ffd0e4769eff04b8dbd4500: 1591 ms
Input: 5000000,
Cold Start: false
Unique ID: dd38dfa02ceeae3bb2f7bfbd754cc918,
Execution Time for Trace ID dd38dfa02ceeae3bb2f7bfbd754cc918: 1635 ms
Input: 5000000,
Cold Start: false
Unique ID: 7575bc680aaa7f457fc980e4e875b557,
Execution Time for Trace ID 7575bc680aaa7f457fc980e4e875b557: 1386 ms
Input: 5000000,
Cold Start: false
Unique ID: 91c02fc93639db9d8544454c1463a7d1,
Execution Time for Trace ID 91c02fc93639db9d8544454c1463a7d1: 1382 ms
Input: 5000000,
Cold Start: false
Unique ID: 4e2ec3b13c65138068e7aff78362443b,
Execution Time for Trace ID 4e2ec3b13c65138068e7aff78362443b: 1489 ms
Input: 5000000,
Cold Start: false
Unique ID: a0c5c506670371d520eed5cae56bd288,
Execution Time for Trace ID a0c5c506670371d520eed5cae56bd288: 1524 ms
Input: 5000000,
Cold Start: false
Unique ID: 247904c4d397b7aea90b021097ee0ce8,
Execution Time for Trace ID 247904c4d397b7aea90b021097ee0ce8: 1634 ms
Input: 5000000,
Cold Start: false
Unique ID: 30d0c139c92f8cad16f46311996a6d7b,
Execution Time for Trace ID 30d0c139c92f8cad16f46311996a6d7b: 1467 ms
Input: 5000000,
Cold Start: false
Unique ID: ce27438a8d5d57e5a09d6a7095ef837c,
Execution Time for Trace ID ce27438a8d5d57e5a09d6a7095ef837c: 1433 ms
Input: 5000000,
Cold Start: false
Unique ID: fa35802b31fe426c4c903d27ebdeef2a,
Execution Time for Trace ID fa35802b31fe426c4c903d27ebdeef2a: 1378 ms
Input: 5000000,
Cold Start: false
Unique ID: 605567e686b944ec61a9e9cacea86658,
Execution Time for Trace ID 605567e686b944ec61a9e9cacea86658: 1653 ms
Input: 5000000,
Cold Start: false
Unique ID: 7dced9c43e64d17111a37eb17b83427d,
Execution Time for Trace ID 7dced9c43e64d17111a37eb17b83427d: 1648 ms
Input: 5000000,
Cold Start: false
Unique ID: 63d97151d9fe084199989ec8c5ebed26,
Execution Time for Trace ID 63d97151d9fe084199989ec8c5ebed26: 1472 ms
Input: 5000000,
Cold Start: false
Unique ID: e06eeaacb89d9de1aea0ff8cedefc390,
Execution Time for Trace ID e06eeaacb89d9de1aea0ff8cedefc390: 1440 ms
Input: 5000000,
Cold Start: false
Unique ID: 5c727ac1c14b6aa090cfe670397fceed,
Execution Time for Trace ID 5c727ac1c14b6aa090cfe670397fceed: 1417 ms
Input: 5000000,
Cold Start: false
Unique ID: 095fe49b5bf12789fa3531053ab4f075,
Execution Time for Trace ID 095fe49b5bf12789fa3531053ab4f075: 1488 ms
Input: 5000000,
Cold Start: false
Unique ID: c70afbc475f308bef5f0eb8bae90127c,
Execution Time for Trace ID c70afbc475f308bef5f0eb8bae90127c: 1522 ms
Input: 5000000,
Cold Start: false
Unique ID: 885b6dcb4c6469654f65852f149d544d,
Execution Time for Trace ID 885b6dcb4c6469654f65852f149d544d: 1487 ms
Input: 5000000,
Cold Start: false
Unique ID: bf80689bcf02e6fdac4c529e74ceffca,
Execution Time for Trace ID bf80689bcf02e6fdac4c529e74ceffca: 1491 ms
Input: 5000000,
Cold Start: false
Unique ID: aa675f0de3c1a55adcfa1024a8d93e50,
Execution Time for Trace ID aa675f0de3c1a55adcfa1024a8d93e50: 1536 ms
Input: 5000000,
Cold Start: false
Unique ID: 6b5c39bde05f99b118b0a3a3d0a65373,
Execution Time for Trace ID 6b5c39bde05f99b118b0a3a3d0a65373: 1784 ms
Input: 5000000,
Cold Start: false
Unique ID: 729c915773b0989b61f0af7adf33c976,
Execution Time for Trace ID 729c915773b0989b61f0af7adf33c976: 1785 ms
Input: 5000000,
Cold Start: false
Unique ID: 3ed85b57af6c6f696370c31a10a2d900,
Execution Time for Trace ID 3ed85b57af6c6f696370c31a10a2d900: 1433 ms
Input: 5000000,
Cold Start: false
Unique ID: 0a24ce56e75e228e50ccbdb1bb73fec6,
Execution Time for Trace ID 0a24ce56e75e228e50ccbdb1bb73fec6: 1432 ms
Input: 5000000,
Cold Start: false
Unique ID: 9f36a18c68f76b44d455857a47994d1f,
Execution Time for Trace ID 9f36a18c68f76b44d455857a47994d1f: 1504 ms
Input: 5000000,
Cold Start: false
Unique ID: b0f8f515fe36424bea4ce394c4d33ab3,
Execution Time for Trace ID b0f8f515fe36424bea4ce394c4d33ab3: 1601 ms
Input: 5000000,
Cold Start: false
Unique ID: e76990468964d18d70cc5672c1a05cb0,
Execution Time for Trace ID e76990468964d18d70cc5672c1a05cb0: 1514 ms
Input: 5000000,
Cold Start: false
Unique ID: 3bf01a38ba1d69f6808fa8f72a5610f9,
Execution Time for Trace ID 3bf01a38ba1d69f6808fa8f72a5610f9: 1350 ms
Input: 5000000,
Cold Start: false
Unique ID: e416912fbfca06c14764125d0a36095b,
Execution Time for Trace ID e416912fbfca06c14764125d0a36095b: 1438 ms
Input: 5000000,
Cold Start: false
Unique ID: fac9fedfd4d486175efac27c3ca70724,
Execution Time for Trace ID fac9fedfd4d486175efac27c3ca70724: 1500 ms
Input: 5000000,
Cold Start: false
Unique ID: 24626ba0918cc0361eabb243a13833be,
Execution Time for Trace ID 24626ba0918cc0361eabb243a13833be: 1472 ms
Input: 5000000,
Cold Start: false
Unique ID: d5e0ce4dbc95fab8a4b72de9ac4163aa,
Execution Time for Trace ID d5e0ce4dbc95fab8a4b72de9ac4163aa: 1621 ms
Input: 5000000,
Cold Start: false
Unique ID: 5ccc1d95ba8993b8b85e6e110386afd7,
Execution Time for Trace ID 5ccc1d95ba8993b8b85e6e110386afd7: 1430 ms
Input: 5000000,
Cold Start: false
Unique ID: f673ba052cf03b91d32d70f64d67767c,
Execution Time for Trace ID f673ba052cf03b91d32d70f64d67767c: 1451 ms
Input: 5000000,
Cold Start: false
Unique ID: a53eded7c4b520ab614d4439e21fa414,
Execution Time for Trace ID a53eded7c4b520ab614d4439e21fa414: 1509 ms
Input: 5000000,
Cold Start: false
Unique ID: ee98e73a17a5b29bebf5d6f143d41a36,
Execution Time for Trace ID ee98e73a17a5b29bebf5d6f143d41a36: 1485 ms
Input: 5000000,
Cold Start: false
Unique ID: 4c3a981913c32364cff3323f51049a74,
Execution Time for Trace ID 4c3a981913c32364cff3323f51049a74: 1501 ms
Input: 5000000,
Cold Start: false
Unique ID: 31188ecb14c0f3c3a5b0d3322d12f477,
Execution Time for Trace ID 31188ecb14c0f3c3a5b0d3322d12f477: 1323 ms
Input: 5000000,
Cold Start: false
Unique ID: b65af1ccf5ea984677285ca4ad8858e2,
Execution Time for Trace ID b65af1ccf5ea984677285ca4ad8858e2: 1339 ms
Input: 5000000,
Cold Start: false
Unique ID: d8c0c690fbad6589e9268440daee5064,
Execution Time for Trace ID d8c0c690fbad6589e9268440daee5064: 1425 ms
Input: 5000000,
Cold Start: false
Unique ID: 56005000a236ae6496ca2c639b684648,
Execution Time for Trace ID 56005000a236ae6496ca2c639b684648: 1704 ms
Input: 5000000,
Cold Start: false
Unique ID: 86cf6e353c1ce216d60c75a512f48ea6,
Execution Time for Trace ID 86cf6e353c1ce216d60c75a512f48ea6: 1799 ms
Input: 5000000,
Cold Start: false
Unique ID: bb4010ff9aead5b2453a48d1fde200f2,
Execution Time for Trace ID bb4010ff9aead5b2453a48d1fde200f2: 1476 ms
Input: 5000000,
Cold Start: false
Unique ID: 1bc227c8ed6ac49b6ddbabb2dfcfbe4b,
Execution Time for Trace ID 1bc227c8ed6ac49b6ddbabb2dfcfbe4b: 1567 ms
Input: 5000000,
Cold Start: false
Unique ID: b47313db5097173bb5789296a8ffa7bc,
Execution Time for Trace ID b47313db5097173bb5789296a8ffa7bc: 1634 ms
Input: 5000000,
Cold Start: false
Unique ID: cdf3a0d7bfb6b0e3a6a391cef4a4a66f,
Execution Time for Trace ID cdf3a0d7bfb6b0e3a6a391cef4a4a66f: 1690 ms
Input: 5000000,
Cold Start: false
Unique ID: 053b49e98f933949af86dbca828c07e3,
Execution Time for Trace ID 053b49e98f933949af86dbca828c07e3: 1791 ms
Input: 5000000,
Cold Start: false
Unique ID: afa4ddd1291a1b43fe6d9a6143ba2da5,
Execution Time for Trace ID afa4ddd1291a1b43fe6d9a6143ba2da5: 1542 ms
Input: 5000000,
Cold Start: false
Unique ID: ae1089710944d3a88cfce273edd3ddd5,
Execution Time for Trace ID ae1089710944d3a88cfce273edd3ddd5: 1523 ms
Input: 5000000,
Cold Start: false
Unique ID: c7e96d98a2965e511628aedd552c9fe0,
Execution Time for Trace ID c7e96d98a2965e511628aedd552c9fe0: 1420 ms
Input: 5000000,
Cold Start: false
Unique ID: 72e0de6deefed6ba66f550902bb2fe40,
Execution Time for Trace ID 72e0de6deefed6ba66f550902bb2fe40: 1722 ms
Input: 5000000,
Cold Start: false
Unique ID: bbafb585591f7353b4c11f7686ed9312,
Execution Time for Trace ID bbafb585591f7353b4c11f7686ed9312: 1621 ms
Input: 5000000,
Cold Start: false
Unique ID: 665734a688892e1ad5235ea3d1f9ca67,
Execution Time for Trace ID 665734a688892e1ad5235ea3d1f9ca67: 1405 ms
Input: 5000000,
Cold Start: false
Unique ID: b2fbb0a0b26d04db562e407b77f24d70,
Execution Time for Trace ID b2fbb0a0b26d04db562e407b77f24d70: 1587 ms
Input: 5000000,
Cold Start: false
Unique ID: 6fb0070a93059ad167e06823b50fe25e,
Execution Time for Trace ID 6fb0070a93059ad167e06823b50fe25e: 1517 ms
Input: 5000000,
Cold Start: false
Unique ID: 4516e68ed1018715d2cca512c7be235d,
Execution Time for Trace ID 4516e68ed1018715d2cca512c7be235d: 1621 ms
Input: 5000000,
Cold Start: false
Unique ID: 9d08481e812fca171dd7513b5ab6bed0,
Execution Time for Trace ID 9d08481e812fca171dd7513b5ab6bed0: 658 ms
Input: 5000000,
Cold Start: false
Unique ID: a9eab709112623f2371478cb1c834968,
Execution Time for Trace ID a9eab709112623f2371478cb1c834968: 1607 ms
Input: 5000000,
Cold Start: false
Unique ID: aece76a0685e7c8d2c764662ca7b6431,
Execution Time for Trace ID aece76a0685e7c8d2c764662ca7b6431: 1483 ms
Input: 5000000,
Cold Start: false
Unique ID: 6635f0553a8422f6b352927442269c44,
Execution Time for Trace ID 6635f0553a8422f6b352927442269c44: 1671 ms
Input: 5000000,
Cold Start: false
Unique ID: 60b1c6655f7be1bb225abe9ee142db1f,
Execution Time for Trace ID 60b1c6655f7be1bb225abe9ee142db1f: 1572 ms
Input: 5000000,
Cold Start: false
Unique ID: ad18e9f140d38a96d0e5d93ac63c9702,
Execution Time for Trace ID ad18e9f140d38a96d0e5d93ac63c9702: 1625 ms
Input: 5000000,
Cold Start: false
Unique ID: 2dc8a73f60e422cbcd034a9d58c4e9ab,
Execution Time for Trace ID 2dc8a73f60e422cbcd034a9d58c4e9ab: 1533 ms
Input: 5000000,
Cold Start: false
Unique ID: d08d15c5275b5520c838e7045ad93b6d,
Execution Time for Trace ID d08d15c5275b5520c838e7045ad93b6d: 1487 ms
Input: 5000000,
Cold Start: false
Unique ID: 36bbd120790212ccf876ca45fbe65436,
Execution Time for Trace ID 36bbd120790212ccf876ca45fbe65436: 1485 ms
Input: 5000000,
Cold Start: false
Unique ID: 7b0ce8ffa93a6de3957d1c090f0d9d73,
Execution Time for Trace ID 7b0ce8ffa93a6de3957d1c090f0d9d73: 1687 ms
Input: 5000000,
Cold Start: false
Unique ID: d97c8b4411e8a75c2fbe7fe09b6afa77,
Execution Time for Trace ID d97c8b4411e8a75c2fbe7fe09b6afa77: 1605 ms
Input: 5000000,
Cold Start: false
Unique ID: d4b8c0910c66a3109e73f0a36ca51320,
Execution Time for Trace ID d4b8c0910c66a3109e73f0a36ca51320: 1477 ms
Input: 5000000,
Cold Start: false
Unique ID: 97c86a2806bc96fa8be1d4cce9a92291,
Execution Time for Trace ID 97c86a2806bc96fa8be1d4cce9a92291: 1446 ms
Input: 5000000,
Cold Start: false
Unique ID: 736b98ed8df248505aba58151c44f966,
Execution Time for Trace ID 736b98ed8df248505aba58151c44f966: 1550 ms
Input: 5000000,
Cold Start: false
Unique ID: 4f956a6f3fa010ecc807b4e272f85a5a,
Execution Time for Trace ID 4f956a6f3fa010ecc807b4e272f85a5a: 1504 ms
Input: 5000000,
Cold Start: false
Unique ID: ed390def0dbe89e87fffe944ad681c89,
Execution Time for Trace ID ed390def0dbe89e87fffe944ad681c89: 1706 ms
Input: 5000000,
Cold Start: false
Unique ID: 7f7ac79b50a84cce9740e0c30b566704,
Execution Time for Trace ID 7f7ac79b50a84cce9740e0c30b566704: 1554 ms
Input: 5000000,
Cold Start: false
Unique ID: f35afe064bcf65f035310e5a40815823,
Execution Time for Trace ID f35afe064bcf65f035310e5a40815823: 1577 ms
Input: 5000000,
Cold Start: false
Unique ID: 278ac463abb4a745cf752ff58aa634dd,
Execution Time for Trace ID 278ac463abb4a745cf752ff58aa634dd: 1762 ms
Input: 5000000,
Cold Start: false
Unique ID: 6cb743eb7614a0afa49ef4f92995e88d,
Execution Time for Trace ID 6cb743eb7614a0afa49ef4f92995e88d: 1631 ms
Input: 5000000,
Cold Start: false
Unique ID: b4c4e2e1f53398334e5c34b1d4f13f70,
Execution Time for Trace ID b4c4e2e1f53398334e5c34b1d4f13f70: 1822 ms
Input: 5000000,
Cold Start: false
Unique ID: a1a91f07b4644167fd529120a0350a75,
Execution Time for Trace ID a1a91f07b4644167fd529120a0350a75: 1141 ms
Input: 5000000,
Cold Start: false
Unique ID: 4adb3781315c1bc1738b2633c9439a97,
Execution Time for Trace ID 4adb3781315c1bc1738b2633c9439a97: 1430 ms
Input: 5000000,
Cold Start: false
Unique ID: 150957a0c01bd3e3848f55532057ecec,
Execution Time for Trace ID 150957a0c01bd3e3848f55532057ecec: 1474 ms
Input: 5000000,
Cold Start: false
Unique ID: 09250fefcf8ec119fc0cd8c8be5f220f,
Execution Time for Trace ID 09250fefcf8ec119fc0cd8c8be5f220f: 1818 ms
Input: 5000000,
Cold Start: false
Unique ID: 3a6bc84728cb9e7bbce547f0867e2dfa,
Execution Time for Trace ID 3a6bc84728cb9e7bbce547f0867e2dfa: 1782 ms
Input: 5000000,
Cold Start: false
Unique ID: 48c375d00fe86448d530d8148179ac73,
Execution Time for Trace ID 48c375d00fe86448d530d8148179ac73: 1430 ms
Input: 5000000,
Cold Start: false
Unique ID: 9752ba916db5c105980e3fd8ce4dc11a,
Execution Time for Trace ID 9752ba916db5c105980e3fd8ce4dc11a: 1502 ms
Input: 5000000,
Cold Start: false
Unique ID: 6724caacc46e6b08e7335852aa99ec92,
Execution Time for Trace ID 6724caacc46e6b08e7335852aa99ec92: 1812 ms
Input: 5000000,
Cold Start: false
Unique ID: 6cefcc6dcdf76d965150e1eaeb3bb538,
Execution Time for Trace ID 6cefcc6dcdf76d965150e1eaeb3bb538: 1782 ms
Input: 5000000,
Cold Start: false
Unique ID: 3e1cf4e5a683a66158add273909937de,
Execution Time for Trace ID 3e1cf4e5a683a66158add273909937de: 1916 ms
Input: 5000000,
Cold Start: false
Unique ID: bf55c08b46ffeec5960a59da8d7c2302,
Execution Time for Trace ID bf55c08b46ffeec5960a59da8d7c2302: 587 ms
Input: 5000000,
Cold Start: false
Unique ID: 65312fa640dbb2b36e98c3d6b7d2576a,
Execution Time for Trace ID 65312fa640dbb2b36e98c3d6b7d2576a: 1650 ms
Input: 5000000,
Cold Start: false
Unique ID: d251ab5a90f5fbe3092c1ec5798be6dd,
Execution Time for Trace ID d251ab5a90f5fbe3092c1ec5798be6dd: 1646 ms
Input: 5000000,
Cold Start: false
Unique ID: 341e3dee2b534eec77fbe99034b0e14a,
Execution Time for Trace ID 341e3dee2b534eec77fbe99034b0e14a: 1523 ms
Input: 5000000,
Cold Start: false
Unique ID: f1a7e42e9ab3bb9669c5b22a28141c86,
Execution Time for Trace ID f1a7e42e9ab3bb9669c5b22a28141c86: 1647 ms
Input: 5000000,
Cold Start: false
Unique ID: fcd8848dd591a96f32d699cd95f3a483,
Execution Time for Trace ID fcd8848dd591a96f32d699cd95f3a483: 1882 ms
Input: 5000000,
Cold Start: false
Unique ID: 653c6fde240c05bd16cff26d9d0f1093,
Execution Time for Trace ID 653c6fde240c05bd16cff26d9d0f1093: 1583 ms
Input: 5000000,
Cold Start: false
Unique ID: 54e25b37a4af4c175acd7a97d3cb2b9a,
Execution Time for Trace ID 54e25b37a4af4c175acd7a97d3cb2b9a: 1579 ms
Input: 5000000,
Cold Start: false
Unique ID: fca212ba1c150342a759fd38a115856b,
Execution Time for Trace ID fca212ba1c150342a759fd38a115856b: 1519 ms
Input: 5000000,
Cold Start: false
Unique ID: bd6a680b9f43477d4aaf6054496c848e,
Execution Time for Trace ID bd6a680b9f43477d4aaf6054496c848e: 1579 ms
Input: 5000000,
Cold Start: false
Unique ID: 5435fa042a91e4c37f0a7ed34e29e3dc,
Execution Time for Trace ID 5435fa042a91e4c37f0a7ed34e29e3dc: 1446 ms
Input: 5000000,
Cold Start: false
Unique ID: 9ac3ba4b1ad3f181f21704282f4ff3b9,
Execution Time for Trace ID 9ac3ba4b1ad3f181f21704282f4ff3b9: 1482 ms
Input: 5000000,
Cold Start: false
Unique ID: 36379f045c82bd6c2ba77585703132c8,
Execution Time for Trace ID 36379f045c82bd6c2ba77585703132c8: 1602 ms
Input: 5000000,
Cold Start: false
Unique ID: 1bfd0fe2c64f797a6e4c7f9d518ea694,
Execution Time for Trace ID 1bfd0fe2c64f797a6e4c7f9d518ea694: 1572 ms
Input: 5000000,
Cold Start: false
Unique ID: 646ddf06a0cc1e32732836d89b77e479,
Execution Time for Trace ID 646ddf06a0cc1e32732836d89b77e479: 1574 ms
Input: 5000000,
Cold Start: false
Unique ID: 5d976163d4f398092eb07b62d1353d25,
Execution Time for Trace ID 5d976163d4f398092eb07b62d1353d25: 1575 ms
Input: 5000000,
Cold Start: false
Unique ID: 5a89713a938748adb46aec6b4422ce4c,
Execution Time for Trace ID 5a89713a938748adb46aec6b4422ce4c: 1432 ms
Input: 5000000,
Cold Start: false
Unique ID: bddce64b8ac075bf1b5af83adb20e9a9,
Execution Time for Trace ID bddce64b8ac075bf1b5af83adb20e9a9: 1619 ms
Input: 5000000,
Cold Start: false
Unique ID: 8b15f37260e7846f6231345df94468b1,
Execution Time for Trace ID 8b15f37260e7846f6231345df94468b1: 1781 ms
Input: 5000000,
Cold Start: false
Unique ID: 7029c55df4f7d61ed813c4855a2e3978,
Execution Time for Trace ID 7029c55df4f7d61ed813c4855a2e3978: 1726 ms
Input: 5000000,
Cold Start: false
Unique ID: f9c63f6eb5f673ebfc0c9eb31a4a5fa0,
Execution Time for Trace ID f9c63f6eb5f673ebfc0c9eb31a4a5fa0: 1399 ms
Input: 5000000,
Cold Start: false
Unique ID: 1b5ceee163ee7072a9f2e4c1046360f9,
Execution Time for Trace ID 1b5ceee163ee7072a9f2e4c1046360f9: 1473 ms
Input: 5000000,
Cold Start: false
Unique ID: ef00942746830199df8f8f3e93b4cf71,
Execution Time for Trace ID ef00942746830199df8f8f3e93b4cf71: 1587 ms
Input: 5000000,
Cold Start: false
Unique ID: d3d5b286f852ef31d2c007aaf9de2a32,
Execution Time for Trace ID d3d5b286f852ef31d2c007aaf9de2a32: 1822 ms
Input: 5000000,
Cold Start: false
Unique ID: bbb16eb62ed4a2cf681dfecc7e6c61e8,
Execution Time for Trace ID bbb16eb62ed4a2cf681dfecc7e6c61e8: 1865 ms
Input: 5000000,
Cold Start: false
Unique ID: df8dd7ec1d50e0ade85ed75ba56b0063,
Execution Time for Trace ID df8dd7ec1d50e0ade85ed75ba56b0063: 1490 ms
Input: 5000000,
Cold Start: false
Unique ID: 1a12d68c2f136fd4e520a80f5fbd0a8c,
Execution Time for Trace ID 1a12d68c2f136fd4e520a80f5fbd0a8c: 1433 ms
Input: 5000000,
Cold Start: false
Unique ID: 1c495499ff9cfce7b486f2bccedda1a8,
Execution Time for Trace ID 1c495499ff9cfce7b486f2bccedda1a8: 1668 ms
Input: 5000000,
Cold Start: false
Unique ID: 23b2d819d6bb16760280b2fdf5636b55,
Execution Time for Trace ID 23b2d819d6bb16760280b2fdf5636b55: 1526 ms
Input: 5000000,
Cold Start: false
Unique ID: fb2a962dd55d1c1d2151740efa50bbd4,
Execution Time for Trace ID fb2a962dd55d1c1d2151740efa50bbd4: 1975 ms
Input: 5000000,
Cold Start: false
Unique ID: e60814c32184603bf792befa6e7c7105,
Execution Time for Trace ID e60814c32184603bf792befa6e7c7105: 1505 ms
Input: 5000000,
Cold Start: false
Unique ID: 5235a26ae69a9bfff8d73601243e6054,
Execution Time for Trace ID 5235a26ae69a9bfff8d73601243e6054: 1383 ms
Input: 5000000,
Cold Start: false
Unique ID: e76b4d50db31cba5b1e4ea84bbfdaff8,
Execution Time for Trace ID e76b4d50db31cba5b1e4ea84bbfdaff8: 1723 ms
Input: 5000000,
Cold Start: false
Unique ID: d714ca31c42e0dec21e58824540aa4bc,
Execution Time for Trace ID d714ca31c42e0dec21e58824540aa4bc: 1578 ms
Input: 5000000,
Cold Start: false
Unique ID: 9362294d497e8cdcf38fe69c21a3ce5c,
Execution Time for Trace ID 9362294d497e8cdcf38fe69c21a3ce5c: 724 ms
Input: 5000000,
Cold Start: false
Unique ID: cec8523d84d01c2d13200badc24361fb,
Execution Time for Trace ID cec8523d84d01c2d13200badc24361fb: 1731 ms
Input: 5000000,
Cold Start: false
Unique ID: a328e1722cdbbdbf4dec225c1e714134,
Execution Time for Trace ID a328e1722cdbbdbf4dec225c1e714134: 1473 ms
Input: 5000000,
Cold Start: false
Unique ID: 7c7cd47ae5b3a75463f36e62972f43aa,
Execution Time for Trace ID 7c7cd47ae5b3a75463f36e62972f43aa: 1441 ms
Input: 5000000,
Cold Start: false
Unique ID: 62a0bd601a37f180204c64b60745b25d,
Execution Time for Trace ID 62a0bd601a37f180204c64b60745b25d: 1579 ms
Input: 5000000,
Cold Start: false
Unique ID: cf9910507e92c6c1378084c9fbedf974,
Execution Time for Trace ID cf9910507e92c6c1378084c9fbedf974: 1644 ms
Input: 5000000,
Cold Start: false
Unique ID: ae634df662af0e37581d2eaf1b23479a,
Execution Time for Trace ID ae634df662af0e37581d2eaf1b23479a: 1493 ms
Input: 5000000,
Cold Start: false
Unique ID: 0a5297b6d4beecc13fd2024d5d2eb275,
Execution Time for Trace ID 0a5297b6d4beecc13fd2024d5d2eb275: 1452 ms
Input: 5000000,
Cold Start: false
Unique ID: 651a1fe4a733e04179ec9e0ccdce29f8,
Execution Time for Trace ID 651a1fe4a733e04179ec9e0ccdce29f8: 1591 ms
Input: 5000000,
Cold Start: false
Unique ID: 26d351ae19a59116613127ad554e8cc5,
Execution Time for Trace ID 26d351ae19a59116613127ad554e8cc5: 1527 ms
Input: 5000000,
Cold Start: false
Unique ID: c161e47a1ee7a8a1756d5e79e928abe0,
Execution Time for Trace ID c161e47a1ee7a8a1756d5e79e928abe0: 1512 ms
Input: 5000000,
Cold Start: false
Unique ID: 841d8edb09d0fd83d7e98ab66f8393b3,
Execution Time for Trace ID 841d8edb09d0fd83d7e98ab66f8393b3: 1460 ms
Input: 5000000,
Cold Start: false
Unique ID: e238f28f89f3589bfdc5faa9d060aeee,
Execution Time for Trace ID e238f28f89f3589bfdc5faa9d060aeee: 1534 ms
Input: 5000000,
Cold Start: false
Unique ID: 8ba5f269119f3fb76083cfc915433807,
Execution Time for Trace ID 8ba5f269119f3fb76083cfc915433807: 1347 ms
Input: 5000000,
Cold Start: false
Unique ID: 8a01ef790298f0db69358543c6d17bd2,
Execution Time for Trace ID 8a01ef790298f0db69358543c6d17bd2: 1686 ms
Input: 5000000,
Cold Start: false
Unique ID: e280de9ba6e0ca21ad4613e1297830fa,
Execution Time for Trace ID e280de9ba6e0ca21ad4613e1297830fa: 820 ms
Input: 5000000,
Cold Start: false
Unique ID: f226ad2ca49b2b61ed7e1a72768811e5,
Execution Time for Trace ID f226ad2ca49b2b61ed7e1a72768811e5: 1731 ms
Input: 5000000,
Cold Start: false
Unique ID: 0b455915670c63bf77ee2934a3a5b952,
Execution Time for Trace ID 0b455915670c63bf77ee2934a3a5b952: 1536 ms
Input: 5000000,
Cold Start: false
Unique ID: 5b74e3dd930b94521e115c94e5fed2fe,
Execution Time for Trace ID 5b74e3dd930b94521e115c94e5fed2fe: 1711 ms
Input: 5000000,
Cold Start: false
Unique ID: 66dd23bc107d0ceb749535bcde56626b,
Execution Time for Trace ID 66dd23bc107d0ceb749535bcde56626b: 1812 ms
Input: 5000000,
Cold Start: false
Unique ID: ffa0137e5c902609a30cc177b070cad9,
Execution Time for Trace ID ffa0137e5c902609a30cc177b070cad9: 980 ms
Input: 5000000,
Cold Start: false
Unique ID: 24324305652412fa315cc4e28759a3d7,
Execution Time for Trace ID 24324305652412fa315cc4e28759a3d7: 1805 ms
Input: 5000000,
Cold Start: false
Unique ID: c7290bcead1879679777cf88bebf9894,
Execution Time for Trace ID c7290bcead1879679777cf88bebf9894: 1525 ms
Input: 5000000,
Cold Start: false
Unique ID: 301802a34195dd113564011070fc99a8,
Execution Time for Trace ID 301802a34195dd113564011070fc99a8: 1471 ms
Input: 5000000,
Cold Start: false
Unique ID: ba71804e9da7ba88f45311ff44a190e0,
Execution Time for Trace ID ba71804e9da7ba88f45311ff44a190e0: 2013 ms
Input: 5000000,
Cold Start: false
Unique ID: b2f1f0c725371cf6729951b6976734af,
Execution Time for Trace ID b2f1f0c725371cf6729951b6976734af: 2102 ms
Input: 5000000,
Cold Start: false
Unique ID: df42892eb630fee792a9b42f1710c883,
Execution Time for Trace ID df42892eb630fee792a9b42f1710c883: 1379 ms
Input: 5000000,
Cold Start: false
Unique ID: 6b8b6af61c1bc26da5a6f60636fd629f,
Execution Time for Trace ID 6b8b6af61c1bc26da5a6f60636fd629f: 1489 ms
Input: 5000000,
Cold Start: false
Unique ID: c72c452ff249e711214f4397b980909f,
Execution Time for Trace ID c72c452ff249e711214f4397b980909f: 1727 ms
Input: 5000000,
Cold Start: false
Unique ID: 2145f0a2da80f30a3e75e7d8fa4ee3dd,
Execution Time for Trace ID 2145f0a2da80f30a3e75e7d8fa4ee3dd: 1790 ms
Input: 5000000,
Cold Start: false
Unique ID: 6d8d3506937611e786cc0072b9f3b530,
Execution Time for Trace ID 6d8d3506937611e786cc0072b9f3b530: 1817 ms
Input: 5000000,
Cold Start: false
Unique ID: 9d4abee841b40e71cb6d23aba5bacac1,
Execution Time for Trace ID 9d4abee841b40e71cb6d23aba5bacac1: 1627 ms
Input: 5000000,
Cold Start: false
Unique ID: 6d87289d4c1bb55e260f17815bbb7d1f,
Execution Time for Trace ID 6d87289d4c1bb55e260f17815bbb7d1f: 1610 ms
Input: 5000000,
Cold Start: false
Unique ID: e137e8a18192cbded14b1f6a34d10a45,
Execution Time for Trace ID e137e8a18192cbded14b1f6a34d10a45: 1518 ms
Input: 5000000,
Cold Start: false
Unique ID: b4c6541956e13b41e09d0c7c2e10ce85,
Execution Time for Trace ID b4c6541956e13b41e09d0c7c2e10ce85: 1892 ms
Input: 5000000,
Cold Start: false
Unique ID: 08a0ce3174f9d6a215d9ca651fc2c7f6,
Execution Time for Trace ID 08a0ce3174f9d6a215d9ca651fc2c7f6: 1796 ms
Input: 5000000,
Cold Start: false
Unique ID: 46af2b74a568ffc4233ee86f46495c8f,
Execution Time for Trace ID 46af2b74a568ffc4233ee86f46495c8f: 1358 ms
Input: 5000000,
Cold Start: false
Unique ID: 2e31e4ca18b42c207ab83a746767be24,
Execution Time for Trace ID 2e31e4ca18b42c207ab83a746767be24: 1560 ms
Input: 5000000,
Cold Start: false
Unique ID: fa803aa0743e8cdd560c35757c1e29bf,
Execution Time for Trace ID fa803aa0743e8cdd560c35757c1e29bf: 1474 ms
Input: 5000000,
Cold Start: false
Unique ID: 22f117db9f8a1e10f70292bf85a6ed48,
Execution Time for Trace ID 22f117db9f8a1e10f70292bf85a6ed48: 1529 ms
Input: 5000000,
Cold Start: false
Unique ID: 1cc8f476e1a28e2dd16fd6cb0b7803d1,
Execution Time for Trace ID 1cc8f476e1a28e2dd16fd6cb0b7803d1: 1668 ms
Input: 5000000,
Cold Start: false
Unique ID: 83d796adbe57f95bd34c0d2f36c8219a,
Execution Time for Trace ID 83d796adbe57f95bd34c0d2f36c8219a: 1223 ms
Input: 5000000,
Cold Start: false
Unique ID: 62b406ad68338c8cb7936cb9995c7105,
Execution Time for Trace ID 62b406ad68338c8cb7936cb9995c7105: 1405 ms
Input: 5000000,
Cold Start: false
Unique ID: dc1ace79c0a49b1c267b86756faedd4d,
Execution Time for Trace ID dc1ace79c0a49b1c267b86756faedd4d: 1427 ms
Input: 5000000,
Cold Start: false
Unique ID: 99780bfe09342689851ca670291c11bd,
Execution Time for Trace ID 99780bfe09342689851ca670291c11bd: 1685 ms
Input: 5000000,
Cold Start: false
Unique ID: 712855adb37278577a989e31cdfb2fac,
Execution Time for Trace ID 712855adb37278577a989e31cdfb2fac: 1770 ms
Input: 5000000,
Cold Start: false
Unique ID: ea415e2e95b0bef741cec5d3dc07ef56,
Execution Time for Trace ID ea415e2e95b0bef741cec5d3dc07ef56: 1432 ms
Input: 5000000,
Cold Start: false
Unique ID: d5d5b9e791b6ca1be05ea1c0805dc55d,
Execution Time for Trace ID d5d5b9e791b6ca1be05ea1c0805dc55d: 1440 ms
Input: 5000000,
Cold Start: false
Unique ID: c0e8054842c0c6b25fc943bda116fc12,
Execution Time for Trace ID c0e8054842c0c6b25fc943bda116fc12: 1502 ms
Input: 5000000,
Cold Start: false
Unique ID: f35833f485c7d816e70c02252d84aa30,
Execution Time for Trace ID f35833f485c7d816e70c02252d84aa30: 1417 ms
Input: 5000000,
Cold Start: false
Unique ID: ee5ff7184c94c145e29f6ef139c41ce4,
Execution Time for Trace ID ee5ff7184c94c145e29f6ef139c41ce4: 1475 ms
Input: 5000000,
Cold Start: false
Unique ID: a4f0bd501ffb8771cc6a59b0382258bb,
Execution Time for Trace ID a4f0bd501ffb8771cc6a59b0382258bb: 1377 ms
Input: 5000000,
Cold Start: false
Unique ID: b91e5c65236d1fa9c0b8a4425702fd75,
Execution Time for Trace ID b91e5c65236d1fa9c0b8a4425702fd75: 1338 ms
Input: 5000000,
Cold Start: false
Unique ID: f230adb0e7895e14f1e9751788ea7435,
Execution Time for Trace ID f230adb0e7895e14f1e9751788ea7435: 1631 ms
Input: 5000000,
Cold Start: false
Unique ID: 4e2c4d59c46d0be82ce71a96f17f0b1c,
Execution Time for Trace ID 4e2c4d59c46d0be82ce71a96f17f0b1c: 1877 ms
Input: 5000000,
Cold Start: false
Unique ID: eff907dd2b01a016d396c970340899e8,
Execution Time for Trace ID eff907dd2b01a016d396c970340899e8: 1929 ms
Input: 5000000,
Cold Start: false
Unique ID: 6a3ea5dc9f8e29181e6185552bc7ffad,
Execution Time for Trace ID 6a3ea5dc9f8e29181e6185552bc7ffad: 1576 ms
Input: 5000000,
Cold Start: false
Unique ID: 352b31f3eacb010e3121f98d0f481b27,
Execution Time for Trace ID 352b31f3eacb010e3121f98d0f481b27: 1777 ms
Input: 5000000,
Cold Start: false
Unique ID: 580c0ebbc255bd78b3ad65ce67a8d68a,
Execution Time for Trace ID 580c0ebbc255bd78b3ad65ce67a8d68a: 1738 ms
Input: 5000000,
Cold Start: false
Unique ID: bdb9d6e0512009e0fd7abab8cda6909a,
Execution Time for Trace ID bdb9d6e0512009e0fd7abab8cda6909a: 1701 ms
Input: 5000000,
Cold Start: false
Unique ID: 10dc90f3e631fecabf84bf2a9d0b9dc5,
Execution Time for Trace ID 10dc90f3e631fecabf84bf2a9d0b9dc5: 1746 ms
Input: 5000000,
Cold Start: false
Unique ID: ecd7961cf77d75e6872d07b1599447a0,
Execution Time for Trace ID ecd7961cf77d75e6872d07b1599447a0: 1483 ms
Input: 5000000,
Cold Start: false
Unique ID: 0a0cebdd17a24c1b3f43ad0ca9a281db,
Execution Time for Trace ID 0a0cebdd17a24c1b3f43ad0ca9a281db: 1784 ms
Input: 5000000,
Cold Start: false
Unique ID: 165c629e0b239227ec8ece7dfbe4fcfb,
Execution Time for Trace ID 165c629e0b239227ec8ece7dfbe4fcfb: 1781 ms
Input: 5000000,
Cold Start: false
Unique ID: 6e7e6de44b2ad472222406faf1b1684f,
Execution Time for Trace ID 6e7e6de44b2ad472222406faf1b1684f: 1931 ms
Input: 5000000,
Cold Start: false
Unique ID: 89774efcc1b62205d29725278131d823,
Execution Time for Trace ID 89774efcc1b62205d29725278131d823: 2106 ms
Input: 5000000,
Cold Start: false
Unique ID: 661b21b1fefd68cbe16afced95d2a5b0,
Execution Time for Trace ID 661b21b1fefd68cbe16afced95d2a5b0: 1726 ms
Input: 5000000,
Cold Start: false
Unique ID: a04f8ab8aae3ca3aa96a470c03b99a10,
Execution Time for Trace ID a04f8ab8aae3ca3aa96a470c03b99a10: 1717 ms
Input: 5000000,
Cold Start: false
Unique ID: 41263cf7a130438f91613ad94419e21f,
Execution Time for Trace ID 41263cf7a130438f91613ad94419e21f: 1799 ms
Input: 5000000,
Cold Start: false
Unique ID: 1c262cac34bd52236767834da7f497d0,
Execution Time for Trace ID 1c262cac34bd52236767834da7f497d0: 1721 ms
Input: 5000000,
Cold Start: false
Unique ID: 81ac364622e1c666cf6a192ccb593f68,
Execution Time for Trace ID 81ac364622e1c666cf6a192ccb593f68: 1834 ms
Input: 5000000,
Cold Start: false
Unique ID: 726359377422341c328d93e4dddb4a90,
Execution Time for Trace ID 726359377422341c328d93e4dddb4a90: 1733 ms
Input: 5000000,
Cold Start: false
Unique ID: a931e1f299db2a6ea2551f0e19fd548e,
Execution Time for Trace ID a931e1f299db2a6ea2551f0e19fd548e: 1679 ms
Input: 5000000,
Cold Start: false
Unique ID: 79963a085d0071b3a5459ba2d209fc2e,
Execution Time for Trace ID 79963a085d0071b3a5459ba2d209fc2e: 1791 ms
Input: 5000000,
Cold Start: false
Unique ID: 6be4627cf88551aa8f1d2382b7b9b16d,
Execution Time for Trace ID 6be4627cf88551aa8f1d2382b7b9b16d: 1876 ms
Input: 5000000,
Cold Start: false
Unique ID: 9ee58aa592b3d87c13519a80a4322c2e,
Execution Time for Trace ID 9ee58aa592b3d87c13519a80a4322c2e: 803 ms
Input: 5000000,
Cold Start: false
Unique ID: 1380010844b91a20fdbae5efdda2951a,
Execution Time for Trace ID 1380010844b91a20fdbae5efdda2951a: 1973 ms
Input: 5000000,
Cold Start: false
Unique ID: 524fa66b8a07f51f410a68391d09c08e,
Execution Time for Trace ID 524fa66b8a07f51f410a68391d09c08e: 1581 ms
Input: 5000000,
Cold Start: false
Unique ID: de0dbf8fe74cd1535c44b6e9a5ac7401,
Execution Time for Trace ID de0dbf8fe74cd1535c44b6e9a5ac7401: 1541 ms
Input: 5000000,
Cold Start: false
Unique ID: 8625103cbe2d8ec1b833b8b32c6c2845,
Execution Time for Trace ID 8625103cbe2d8ec1b833b8b32c6c2845: 1625 ms
Input: 5000000,
Cold Start: false
Unique ID: 9982518d27c749d524ef9bf629b31f7b,
Execution Time for Trace ID 9982518d27c749d524ef9bf629b31f7b: 1804 ms
Input: 5000000,
Cold Start: false
Unique ID: bebc7ec19ddbc6e533439e36c72d3e4e,
Execution Time for Trace ID bebc7ec19ddbc6e533439e36c72d3e4e: 1460 ms
Input: 5000000,
Cold Start: false
Unique ID: 326f2f220a156afe716ffb7ebddbddb3,
Execution Time for Trace ID 326f2f220a156afe716ffb7ebddbddb3: 1686 ms
Input: 5000000,
Cold Start: false
Unique ID: a97a7b0517e2c60960c512b03451049f,
Execution Time for Trace ID a97a7b0517e2c60960c512b03451049f: 655 ms
Input: 5000000,
Cold Start: false
Unique ID: acec2b53dc6bf406a631f3360169f9f7,
Execution Time for Trace ID acec2b53dc6bf406a631f3360169f9f7: 1613 ms
Input: 5000000,
Cold Start: false
Unique ID: b7f40b430696e4c3e2125c14bfdba7c0,
Execution Time for Trace ID b7f40b430696e4c3e2125c14bfdba7c0: 1886 ms
Input: 5000000,
Cold Start: false
Unique ID: e27b2560bd8f23ef00713f9d83014887,
Execution Time for Trace ID e27b2560bd8f23ef00713f9d83014887: 1852 ms
Input: 5000000,
Cold Start: false
Unique ID: 8fcde88d0c66a8f8983c8ae5b9c4aa2b,
Execution Time for Trace ID 8fcde88d0c66a8f8983c8ae5b9c4aa2b: 1680 ms
Input: 5000000,
Cold Start: false
Unique ID: 8de19fe23afc5e2ad4d7be74bcfe23f4,
Execution Time for Trace ID 8de19fe23afc5e2ad4d7be74bcfe23f4: 1833 ms
Input: 5000000,
Cold Start: false
Unique ID: 5a3117b7cf99a4e9e3a4bf38f65c4290,
Execution Time for Trace ID 5a3117b7cf99a4e9e3a4bf38f65c4290: 1700 ms
Input: 5000000,
Cold Start: false
Unique ID: 8e1211a7d78ed0e834cf63586ac0cd5c,
Execution Time for Trace ID 8e1211a7d78ed0e834cf63586ac0cd5c: 1674 ms
Input: 5000000,
Cold Start: false
Unique ID: ddf7918a356d911070e6ce3217e0d4a5,
Execution Time for Trace ID ddf7918a356d911070e6ce3217e0d4a5: 1601 ms
Input: 5000000,
Cold Start: false
Unique ID: 457d2d8660b4d893ea45a8720fd77c65,
Execution Time for Trace ID 457d2d8660b4d893ea45a8720fd77c65: 1649 ms
Input: 5000000,
Cold Start: false
Unique ID: f9827aba3b48dafe9837a5777a478611,
Execution Time for Trace ID f9827aba3b48dafe9837a5777a478611: 1782 ms
Input: 5000000,
Cold Start: false
Unique ID: 8803a7beb8fd5155c7c0e38a70eeefd7,
Execution Time for Trace ID 8803a7beb8fd5155c7c0e38a70eeefd7: 1735 ms
Input: 5000000,
Cold Start: false
Unique ID: 4d996ff3c198fffd29a2155a0dd113f5,
Execution Time for Trace ID 4d996ff3c198fffd29a2155a0dd113f5: 1705 ms
Input: 5000000,
Cold Start: false
Unique ID: 1c7f75852245fecde76d1b5151e36510,
Execution Time for Trace ID 1c7f75852245fecde76d1b5151e36510: 1646 ms
Input: 5000000,
Cold Start: false
Unique ID: 427083f39151a89f55c554f51a68fbca,
Execution Time for Trace ID 427083f39151a89f55c554f51a68fbca: 1635 ms
Input: 5000000,
Cold Start: false
Unique ID: b996e4bb006e29d479e0805d2b43f5d6,
Execution Time for Trace ID b996e4bb006e29d479e0805d2b43f5d6: 1861 ms
Input: 5000000,
Cold Start: false
Unique ID: 6dad7ffae38f75f7c6edb53a8aeaf5a3,
Execution Time for Trace ID 6dad7ffae38f75f7c6edb53a8aeaf5a3: 1975 ms
Input: 5000000,
Cold Start: false
Unique ID: 7c0d803166c5b30d25f92cb2f79936d3,
Execution Time for Trace ID 7c0d803166c5b30d25f92cb2f79936d3: 2120 ms
Input: 5000000,
Cold Start: false
Unique ID: 1b0e42ee2019105ca246b81d1ab69fbd,
Execution Time for Trace ID 1b0e42ee2019105ca246b81d1ab69fbd: 1501 ms
Input: 5000000,
Cold Start: false
Unique ID: 1127c3875a7d6e09b96b93610bdc03f5,
Execution Time for Trace ID 1127c3875a7d6e09b96b93610bdc03f5: 1386 ms
Input: 5000000,
Cold Start: false
Unique ID: e28986f8c11c97a50d27fffa2da8dbe3,
Execution Time for Trace ID e28986f8c11c97a50d27fffa2da8dbe3: 1546 ms
Input: 5000000,
Cold Start: false
Unique ID: 05e4027a10bc7adaa379ae69d324fcc2,
Execution Time for Trace ID 05e4027a10bc7adaa379ae69d324fcc2: 1732 ms
Input: 5000000,
Cold Start: false
Unique ID: fd4470b904ef3e494009927aa81dd843,
Execution Time for Trace ID fd4470b904ef3e494009927aa81dd843: 1797 ms
Input: 5000000,
Cold Start: false
Unique ID: 93a85a73374c6afe91ecb260b22fe641,
Execution Time for Trace ID 93a85a73374c6afe91ecb260b22fe641: 1354 ms
Input: 5000000,
Cold Start: false
Unique ID: 980f131a7ef5035d76ddac33042b7a95,
Execution Time for Trace ID 980f131a7ef5035d76ddac33042b7a95: 1298 ms
Input: 5000000,
Cold Start: false
Unique ID: aa82097813ed65d872edf128956c3e03,
Execution Time for Trace ID aa82097813ed65d872edf128956c3e03: 1478 ms
Input: 5000000,
Cold Start: false
Unique ID: 97c2b94ec4b13480e52bc318fed73d63,
Execution Time for Trace ID 97c2b94ec4b13480e52bc318fed73d63: 1343 ms
Input: 5000000,
Cold Start: false
Unique ID: 72323b492d047cb36eb6fbf6e702c56b,
Execution Time for Trace ID 72323b492d047cb36eb6fbf6e702c56b: 1442 ms
Input: 5000000,
Cold Start: false
Unique ID: 9199c1e25150460e3047d3e6217f395e,
Execution Time for Trace ID 9199c1e25150460e3047d3e6217f395e: 1352 ms
Input: 5000000,
Cold Start: false
Unique ID: be853918d06f94d5eb22a16546885f4c,
Execution Time for Trace ID be853918d06f94d5eb22a16546885f4c: 1445 ms
Input: 5000000,
Cold Start: false
Unique ID: f1ccdacdfe42c131d9c214e81dee91bc,
Execution Time for Trace ID f1ccdacdfe42c131d9c214e81dee91bc: 1415 ms
Input: 5000000,
Cold Start: false
Unique ID: cc7e516623c2c9ce35906e65db90c4b9,
Execution Time for Trace ID cc7e516623c2c9ce35906e65db90c4b9: 1679 ms
Input: 5000000,
Cold Start: false
Unique ID: bebc617ebb5e1f4f1f25a463f5b88f15,
Execution Time for Trace ID bebc617ebb5e1f4f1f25a463f5b88f15: 1570 ms
Input: 5000000,
Cold Start: false
Unique ID: 4ccaa9db85994ef31ca8d48c02a8ae9e,
Execution Time for Trace ID 4ccaa9db85994ef31ca8d48c02a8ae9e: 1403 ms
Input: 5000000,
Cold Start: false
Unique ID: 9e5a0620dd06074e457f1e9ca5ebc54a,
Execution Time for Trace ID 9e5a0620dd06074e457f1e9ca5ebc54a: 1624 ms
Input: 5000000,
Cold Start: false
Unique ID: 7177c28bdd59d19e149575e4c00a27ea,
Execution Time for Trace ID 7177c28bdd59d19e149575e4c00a27ea: 1564 ms
Input: 5000000,
Cold Start: false
Unique ID: 92341fe8724c3d9e56ec2430a8319fd3,
Execution Time for Trace ID 92341fe8724c3d9e56ec2430a8319fd3: 1538 ms
Input: 5000000,
Cold Start: false
Unique ID: e60143553325d3dfc94cd6916a7c6030,
Execution Time for Trace ID e60143553325d3dfc94cd6916a7c6030: 1654 ms
Input: 5000000,
Cold Start: false
Unique ID: 373757c30320eff09bde0dc4b0624ab8,
Execution Time for Trace ID 373757c30320eff09bde0dc4b0624ab8: 1388 ms
Input: 5000000,
Cold Start: false
Unique ID: 139db1e99cecb532defe41e7481abdc8,
Execution Time for Trace ID 139db1e99cecb532defe41e7481abdc8: 1731 ms
Input: 5000000,
Cold Start: false
Unique ID: cd0faec5ef87092c182331962569eb19,
Execution Time for Trace ID cd0faec5ef87092c182331962569eb19: 1584 ms
Input: 5000000,
Cold Start: false
Unique ID: 444b0e8e83d0f109a3ec401f04027cee,
Execution Time for Trace ID 444b0e8e83d0f109a3ec401f04027cee: 1778 ms
Input: 5000000,
Cold Start: false
Unique ID: d245d3c2aca4b049dc9e3659ea946342,
Execution Time for Trace ID d245d3c2aca4b049dc9e3659ea946342: 1815 ms
Input: 5000000,
Cold Start: false
Unique ID: 0c890131d36f03f54ebf128f6e593cda,
Execution Time for Trace ID 0c890131d36f03f54ebf128f6e593cda: 1535 ms
Input: 5000000,
Cold Start: false
Unique ID: fc19e9ff2da3202ccf4fa229ed6cb09d,
Execution Time for Trace ID fc19e9ff2da3202ccf4fa229ed6cb09d: 1480 ms
Input: 5000000,
Cold Start: false
Unique ID: 91637274e017b0a978859966252688cb,
Execution Time for Trace ID 91637274e017b0a978859966252688cb: 1640 ms
Input: 5000000,
Cold Start: false
Unique ID: 5286b5d46be00b584e4312df960f3941,
Execution Time for Trace ID 5286b5d46be00b584e4312df960f3941: 1591 ms
Input: 5000000,
Cold Start: false
Unique ID: 9d479624e93e9169a5596246a28bec92,
Execution Time for Trace ID 9d479624e93e9169a5596246a28bec92: 1624 ms
Input: 5000000,
Cold Start: false
Unique ID: 9dfc1ccb0991f66a08cde1196b8c29ff,
Execution Time for Trace ID 9dfc1ccb0991f66a08cde1196b8c29ff: 1335 ms
Input: 5000000,
Cold Start: false
Unique ID: f3e93e8cf78b95906243484ce7156f38,
Execution Time for Trace ID f3e93e8cf78b95906243484ce7156f38: 1445 ms
Input: 5000000,
Cold Start: false
Unique ID: f195d4faef68df524b4f906982219bb2,
Execution Time for Trace ID f195d4faef68df524b4f906982219bb2: 1518 ms
Input: 5000000,
Cold Start: false
Unique ID: 272f94c88153e322162bbaac15a3115e,
Execution Time for Trace ID 272f94c88153e322162bbaac15a3115e: 1511 ms
Input: 5000000,
Cold Start: false
Unique ID: dce74a93c13a65b575082ff9450e0c73,
Execution Time for Trace ID dce74a93c13a65b575082ff9450e0c73: 1479 ms
Input: 5000000,
Cold Start: false
Unique ID: 2ce1562c3d355560948b53fc60e34d30,
Execution Time for Trace ID 2ce1562c3d355560948b53fc60e34d30: 1489 ms
Input: 5000000,
Cold Start: false
Unique ID: 76e293682f433647326d0a46aa1437c9,
Execution Time for Trace ID 76e293682f433647326d0a46aa1437c9: 1492 ms
Input: 5000000,
Cold Start: false
Unique ID: 0bf74eb8eeee2a69b6330a725c2a72bb,
Execution Time for Trace ID 0bf74eb8eeee2a69b6330a725c2a72bb: 1444 ms
Input: 5000000,
Cold Start: false
Unique ID: 817a6ff50a723e679b124513ce4297fd,
Execution Time for Trace ID 817a6ff50a723e679b124513ce4297fd: 1522 ms
Input: 5000000,
Cold Start: false
Unique ID: dd41545202a4fad8fa9f901ef588556c,
Execution Time for Trace ID dd41545202a4fad8fa9f901ef588556c: 1422 ms
Input: 5000000,
Cold Start: false
Unique ID: 3ca010da4c879ec469b6c1ce4c536b5d,
Execution Time for Trace ID 3ca010da4c879ec469b6c1ce4c536b5d: 1466 ms
Input: 5000000,
Cold Start: false
Unique ID: e57172416fb20b8695587895eb0a73e0,
Execution Time for Trace ID e57172416fb20b8695587895eb0a73e0: 1521 ms
Input: 5000000,
Cold Start: false
Unique ID: ea1133bdec4623e774f53cb8dc17df3a,
Execution Time for Trace ID ea1133bdec4623e774f53cb8dc17df3a: 1480 ms
Input: 5000000,
Cold Start: false
Unique ID: 8dcbac0a1c6111b4ff6787f61af54f1b,
Execution Time for Trace ID 8dcbac0a1c6111b4ff6787f61af54f1b: 1723 ms
Input: 5000000,
Cold Start: false
Unique ID: c97e82c42ba6ac3be999f4391aeb53e4,
Execution Time for Trace ID c97e82c42ba6ac3be999f4391aeb53e4: 1818 ms
Input: 5000000,
Cold Start: false
Unique ID: 79446fccdd201bfb034233cfa4465107,
Execution Time for Trace ID 79446fccdd201bfb034233cfa4465107: 1343 ms
Input: 5000000,
Cold Start: false
Unique ID: a53f053015748e761c4e7e98327e9e24,
Execution Time for Trace ID a53f053015748e761c4e7e98327e9e24: 1476 ms
Input: 5000000,
Cold Start: false
Unique ID: 157dbd1533db92ebee216ed7288c0b7f,
Execution Time for Trace ID 157dbd1533db92ebee216ed7288c0b7f: 1631 ms
Input: 5000000,
Cold Start: false
Unique ID: 520038d9971b879080c888e48483c4a4,
Execution Time for Trace ID 520038d9971b879080c888e48483c4a4: 1517 ms
Input: 5000000,
Cold Start: false
Unique ID: e4ad0b244c8886915351b6b93088d90e,
Execution Time for Trace ID e4ad0b244c8886915351b6b93088d90e: 1762 ms
Input: 5000000,
Cold Start: false
Unique ID: ca6ebe6dda5c1d038953d418deb73426,
Execution Time for Trace ID ca6ebe6dda5c1d038953d418deb73426: 1441 ms
Input: 5000000,
Cold Start: false
Unique ID: 45f8d81b56f284de4d4ad653503b55d1,
Execution Time for Trace ID 45f8d81b56f284de4d4ad653503b55d1: 1484 ms
Input: 5000000,
Cold Start: false
Unique ID: f3ac170e67ea7b3f15f459c12cfcc11e,
Execution Time for Trace ID f3ac170e67ea7b3f15f459c12cfcc11e: 1433 ms
Input: 5000000,
Cold Start: false
Unique ID: 1c29ad5b8b8a232ba50a7381d6d317a4,
Execution Time for Trace ID 1c29ad5b8b8a232ba50a7381d6d317a4: 1530 ms
Input: 5000000,
Cold Start: false
Unique ID: 99d11164e0d66ef307841c1b71a63438,
Execution Time for Trace ID 99d11164e0d66ef307841c1b71a63438: 1556 ms
Input: 5000000,
Cold Start: false
Unique ID: b1bde280bdac7b784a1b88a4bbd0efd0,
Execution Time for Trace ID b1bde280bdac7b784a1b88a4bbd0efd0: 1427 ms
Input: 5000000,
Cold Start: false
Unique ID: 4fe3fffcd32b745e78eeffcf2b790ec8,
Execution Time for Trace ID 4fe3fffcd32b745e78eeffcf2b790ec8: 1509 ms
Input: 5000000,
Cold Start: false
Unique ID: 68bbee3765972da4e9bfcc34ef75d200,
Execution Time for Trace ID 68bbee3765972da4e9bfcc34ef75d200: 1633 ms
Input: 5000000,
Cold Start: false
Unique ID: 5816b42cc7c40bdb7b046a41c31cfbdd,
Execution Time for Trace ID 5816b42cc7c40bdb7b046a41c31cfbdd: 1471 ms
Input: 5000000,
Cold Start: false
Unique ID: 927d63812abcb865e282f3b33c5879e3,
Execution Time for Trace ID 927d63812abcb865e282f3b33c5879e3: 1851 ms
Input: 5000000,
Cold Start: false
Unique ID: 36585369a1f92f5a9ce15c3cac0d3cca,
Execution Time for Trace ID 36585369a1f92f5a9ce15c3cac0d3cca: 1569 ms
Input: 5000000,
Cold Start: false
Unique ID: 651c1f447ae3dfc346fc0617fe33840c,
Execution Time for Trace ID 651c1f447ae3dfc346fc0617fe33840c: 1498 ms
Input: 5000000,
Cold Start: false
Unique ID: 0b7bb15d7e7d9f425e6113bf2077ef94,
Execution Time for Trace ID 0b7bb15d7e7d9f425e6113bf2077ef94: 1577 ms
Input: 5000000,
Cold Start: false
Unique ID: be470adbddf04f63f49a4837b47b61f7,
Execution Time for Trace ID be470adbddf04f63f49a4837b47b61f7: 1799 ms
Input: 5000000,
Cold Start: false
Unique ID: 1c905d60cb884207e90b0dc64231491f,
Execution Time for Trace ID 1c905d60cb884207e90b0dc64231491f: 961 ms
Input: 5000000,
Cold Start: false
Unique ID: 01e667e9524f083b6a764b36c6f1ae05,
Execution Time for Trace ID 01e667e9524f083b6a764b36c6f1ae05: 2094 ms
Input: 5000000,
Cold Start: false
Unique ID: f50bfbf9ce92581d273d5282237fa625,
Execution Time for Trace ID f50bfbf9ce92581d273d5282237fa625: 1735 ms
Input: 5000000,
Cold Start: false
Unique ID: 174c3cb7f9e869a8bd4da53e033feffb,
Execution Time for Trace ID 174c3cb7f9e869a8bd4da53e033feffb: 1752 ms
Input: 5000000,
Cold Start: false
Unique ID: 13d89fec284a84ef58eb9558e7138520,
Execution Time for Trace ID 13d89fec284a84ef58eb9558e7138520: 1763 ms
Input: 5000000,
Cold Start: false
Unique ID: 6cce0a0f5e5786369d670638af4d1b2b,
Execution Time for Trace ID 6cce0a0f5e5786369d670638af4d1b2b: 1828 ms
Input: 5000000,
Cold Start: false
Unique ID: bbd297dea5d0f949d7551565f7c167f6,
Execution Time for Trace ID bbd297dea5d0f949d7551565f7c167f6: 1533 ms
Input: 5000000,
Cold Start: false
Unique ID: 26bb7c1378d577f3bfea61cd02ad76a5,
Execution Time for Trace ID 26bb7c1378d577f3bfea61cd02ad76a5: 1441 ms
Input: 5000000,
Cold Start: false
Unique ID: e55eae3c2d1324ee9e55b163de218ebe,
Execution Time for Trace ID e55eae3c2d1324ee9e55b163de218ebe: 1382 ms
Input: 5000000,
Cold Start: false
Unique ID: 112f460eb1eee12af1de12d733f9bf7a,
Execution Time for Trace ID 112f460eb1eee12af1de12d733f9bf7a: 510 ms
Input: 5000000,
Cold Start: false
Unique ID: 641ac420f0d864258258c9c363a37e35,
Execution Time for Trace ID 641ac420f0d864258258c9c363a37e35: 1863 ms
Input: 5000000,
Cold Start: false
Unique ID: c9e3a49e2c94a90930deabf3664f023e,
Execution Time for Trace ID c9e3a49e2c94a90930deabf3664f023e: 2027 ms
Input: 5000000,
Cold Start: false
Unique ID: 7164cb304d72cc503b6cff33dd215b77,
Execution Time for Trace ID 7164cb304d72cc503b6cff33dd215b77: 1423 ms
Input: 5000000,
Cold Start: false
Unique ID: 21aa607eb05a2bd1c5223e49345cd484,
Execution Time for Trace ID 21aa607eb05a2bd1c5223e49345cd484: 1483 ms
Input: 5000000,
Cold Start: false
Unique ID: 4dcb44095720ec712f111dd76b9d67d9,
Execution Time for Trace ID 4dcb44095720ec712f111dd76b9d67d9: 1717 ms
Input: 5000000,
Cold Start: false
Unique ID: a167c4e970aaa5110bde5dfc930cc2f2,
Execution Time for Trace ID a167c4e970aaa5110bde5dfc930cc2f2: 1663 ms
Input: 5000000,
Cold Start: false
Unique ID: a68d016e4762c9b20df7751b49f50262,
Execution Time for Trace ID a68d016e4762c9b20df7751b49f50262: 1538 ms
Input: 5000000,
Cold Start: false
Unique ID: e7d38bfbd855691e7a7fa0d8d2609c96,
Execution Time for Trace ID e7d38bfbd855691e7a7fa0d8d2609c96: 1583 ms
Input: 5000000,
Cold Start: false
Unique ID: af4df9110fc64c364768687b59844665,
Execution Time for Trace ID af4df9110fc64c364768687b59844665: 1877 ms
Input: 5000000,
Cold Start: false
Unique ID: f88252b651e3204352202bcb50ae4f02,
Execution Time for Trace ID f88252b651e3204352202bcb50ae4f02: 1921 ms
Input: 5000000,
Cold Start: false
Unique ID: 41462783c6716467ef040c87f7be5f98,
Execution Time for Trace ID 41462783c6716467ef040c87f7be5f98: 2022 ms
Input: 5000000,
Cold Start: false
Unique ID: 19274944e25f325766ca4c75ddb70c76,
Execution Time for Trace ID 19274944e25f325766ca4c75ddb70c76: 1272 ms
Input: 5000000,
Cold Start: false
Unique ID: eb248f614cb8c0da047d4b7130f1d659,
Execution Time for Trace ID eb248f614cb8c0da047d4b7130f1d659: 1778 ms
Input: 5000000,
Cold Start: false
Unique ID: 51d09ba0f12f0c7be8b4c6ad557b80b5,
Execution Time for Trace ID 51d09ba0f12f0c7be8b4c6ad557b80b5: 1711 ms
Input: 5000000,
Cold Start: false
Unique ID: fd2f39bf1933603e0ea286ae0e769646,
Execution Time for Trace ID fd2f39bf1933603e0ea286ae0e769646: 1881 ms
Input: 5000000,
Cold Start: false
Unique ID: 04b20a78af48cab0776098157a96cd58,
Execution Time for Trace ID 04b20a78af48cab0776098157a96cd58: 1989 ms
Input: 5000000,
Cold Start: false
Unique ID: c4a244f54a8cb5bf81be88fbffc40aa1,
Execution Time for Trace ID c4a244f54a8cb5bf81be88fbffc40aa1: 1568 ms
Input: 5000000,
Cold Start: false
Unique ID: ab508efbae8e322a83746d53f88ccd34,
Execution Time for Trace ID ab508efbae8e322a83746d53f88ccd34: 1676 ms
Input: 5000000,
Cold Start: false
Unique ID: 6f96a8045efa4be66aed1d09d1b406d0,
Execution Time for Trace ID 6f96a8045efa4be66aed1d09d1b406d0: 1778 ms
Input: 5000000,
Cold Start: false
Unique ID: 5ffca724e1fdd518be840bbbb07ebafa,
Execution Time for Trace ID 5ffca724e1fdd518be840bbbb07ebafa: 1745 ms
Input: 5000000,
Cold Start: false
Unique ID: e9c36e815f9d77fec44287ac11bbfebf,
Execution Time for Trace ID e9c36e815f9d77fec44287ac11bbfebf: 1713 ms
Input: 5000000,
Cold Start: false
Unique ID: 43c08db6156fa764670de1f9bb616b20,
Execution Time for Trace ID 43c08db6156fa764670de1f9bb616b20: 1528 ms
Input: 5000000,
Cold Start: false
Unique ID: c4e0438765e31be49593e7c04504c62c,
Execution Time for Trace ID c4e0438765e31be49593e7c04504c62c: 1486 ms
Input: 5000000,
Cold Start: false
Unique ID: 01789547f6e99ebcb6537fa537840b0d,
Execution Time for Trace ID 01789547f6e99ebcb6537fa537840b0d: 1938 ms
Input: 5000000,
Cold Start: false
Unique ID: 96534362525086f5235ad1479a2f3835,
Execution Time for Trace ID 96534362525086f5235ad1479a2f3835: 2176 ms
Input: 5000000,
Cold Start: false
Unique ID: b84c1d29dbacf5e7c3cebf15aaf21c75,
Execution Time for Trace ID b84c1d29dbacf5e7c3cebf15aaf21c75: 2122 ms
Input: 5000000,
Cold Start: false
Unique ID: 1566c74842d21dd480eb7c56ac821f5d,
Execution Time for Trace ID 1566c74842d21dd480eb7c56ac821f5d: 1465 ms
Input: 5000000,
Cold Start: false
Unique ID: 43a6c986c5a12a38d4af4ced79e7adb2,
Execution Time for Trace ID 43a6c986c5a12a38d4af4ced79e7adb2: 1418 ms
Input: 5000000,
Cold Start: false
Unique ID: f36b052f098395d59766289054484427,
Execution Time for Trace ID f36b052f098395d59766289054484427: 1523 ms
Input: 5000000,
Cold Start: false
Unique ID: 3301b389c0e7571132cfa8f4159258af,
Execution Time for Trace ID 3301b389c0e7571132cfa8f4159258af: 1474 ms
Input: 5000000,
Cold Start: false
Unique ID: 2e88031a6eabbdcbd63637a389fe3517,
Execution Time for Trace ID 2e88031a6eabbdcbd63637a389fe3517: 1855 ms
Input: 5000000,
Cold Start: false
Unique ID: 264433aaadb387ecb9ac1422c3fb539f,
Execution Time for Trace ID 264433aaadb387ecb9ac1422c3fb539f: 1502 ms
Input: 5000000,
Cold Start: false
Unique ID: fec2a84da444847f64f6e568069809f9,
Execution Time for Trace ID fec2a84da444847f64f6e568069809f9: 1532 ms
Input: 5000000,
Cold Start: false
Unique ID: 3919fdb30bed44451096c6af79c32165,
Execution Time for Trace ID 3919fdb30bed44451096c6af79c32165: 1642 ms
Input: 5000000,
Cold Start: false
Unique ID: c13c1a82aa9aeff86c42a542ed10295d,
Execution Time for Trace ID c13c1a82aa9aeff86c42a542ed10295d: 1482 ms
Input: 5000000,
Cold Start: false
Unique ID: b62c5f664c7e569551a83d64d5c3bf85,
Execution Time for Trace ID b62c5f664c7e569551a83d64d5c3bf85: 1568 ms
Input: 5000000,
Cold Start: false
Unique ID: ecb81c0aa36d2df8c63bcbf74e84bccf,
Execution Time for Trace ID ecb81c0aa36d2df8c63bcbf74e84bccf: 1612 ms
Input: 5000000,
Cold Start: false
Unique ID: 71e0b3345388672cd9b905667ef48213,
Execution Time for Trace ID 71e0b3345388672cd9b905667ef48213: 1530 ms
Input: 5000000,
Cold Start: false
Unique ID: 887a2713d3f97553b7606168e63b67f2,
Execution Time for Trace ID 887a2713d3f97553b7606168e63b67f2: 537 ms
Input: 5000000,
Cold Start: false
Unique ID: 3e0a6ee5eaf9ca5cc84e7afa58586d32,
Execution Time for Trace ID 3e0a6ee5eaf9ca5cc84e7afa58586d32: 2092 ms
Input: 5000000,
Cold Start: false
Unique ID: da9246939c4fd3f38b72be434fc3ec72,
Execution Time for Trace ID da9246939c4fd3f38b72be434fc3ec72: 1979 ms
Input: 5000000,
Cold Start: false
Unique ID: 4cb979bc8425ef66ba3e25004dd04204,
Execution Time for Trace ID 4cb979bc8425ef66ba3e25004dd04204: 1191 ms
Input: 5000000,
Cold Start: false
Unique ID: df447f7985dd4140ef64edadcee0cec8,
Execution Time for Trace ID df447f7985dd4140ef64edadcee0cec8: 2059 ms
Input: 5000000,
Cold Start: false
Unique ID: d713b294bbc0b763ee23eb03ccd6f817,
Execution Time for Trace ID d713b294bbc0b763ee23eb03ccd6f817: 1344 ms
Input: 5000000,
Cold Start: false
Unique ID: 693eada0455165ddb2f33a1d34add420,
Execution Time for Trace ID 693eada0455165ddb2f33a1d34add420: 1524 ms
Input: 5000000,
Cold Start: false
Unique ID: fcdf6f5b8b80f44ee777b067d3ca05f5,
Execution Time for Trace ID fcdf6f5b8b80f44ee777b067d3ca05f5: 1837 ms
Input: 5000000,
Cold Start: false
Unique ID: 83cf69c07945b562d17b854b681b8432,
Execution Time for Trace ID 83cf69c07945b562d17b854b681b8432: 1487 ms
Input: 5000000,
Cold Start: false
Unique ID: 877a98c9f43ff75144a6395ca78f0f66,
Execution Time for Trace ID 877a98c9f43ff75144a6395ca78f0f66: 1578 ms
Input: 5000000,
Cold Start: false
Unique ID: c36b22f51eb23dbdeacad36d0fc78b5a,
Execution Time for Trace ID c36b22f51eb23dbdeacad36d0fc78b5a: 1549 ms
Input: 5000000,
Cold Start: false
Unique ID: 6b3a12e53f24612332cb12d16255d181,
Execution Time for Trace ID 6b3a12e53f24612332cb12d16255d181: 1530 ms
Input: 5000000,
Cold Start: false
Unique ID: bdabb7f5b46305ec1c53003c7ca1017d,
Execution Time for Trace ID bdabb7f5b46305ec1c53003c7ca1017d: 1803 ms
Input: 5000000,
Cold Start: false
Unique ID: 04a68c761ec9fbe13c30e7b5119a62e8,
Execution Time for Trace ID 04a68c761ec9fbe13c30e7b5119a62e8: 1339 ms
Input: 5000000,
Cold Start: false
Unique ID: 7b4eb13d354d9c7e4f740fb8c69faa98,
Execution Time for Trace ID 7b4eb13d354d9c7e4f740fb8c69faa98: 1727 ms
Input: 5000000,
Cold Start: false
Unique ID: 9bc316c3b246e48e1661cf3936a6897d,
Execution Time for Trace ID 9bc316c3b246e48e1661cf3936a6897d: 1529 ms
Input: 5000000,
Cold Start: false
Unique ID: d4535b25b5fb2a4e98cbe651824c654c,
Execution Time for Trace ID d4535b25b5fb2a4e98cbe651824c654c: 1778 ms
Input: 5000000,
Cold Start: false
Unique ID: 674bb183b327921039e60587bfae3875,
Execution Time for Trace ID 674bb183b327921039e60587bfae3875: 1913 ms
Input: 5000000,
Cold Start: false
Unique ID: f639d49f862813cadaebebe6b860a396,
Execution Time for Trace ID f639d49f862813cadaebebe6b860a396: 1429 ms
Input: 5000000,
Cold Start: false
Unique ID: 80448b268dcc8ff05fec71680bed1fd8,
Execution Time for Trace ID 80448b268dcc8ff05fec71680bed1fd8: 1381 ms
Input: 5000000,
Cold Start: false
Unique ID: c13c14e27bb1c65fefa53fd10672b71b,
Execution Time for Trace ID c13c14e27bb1c65fefa53fd10672b71b: 1786 ms
Input: 5000000,
Cold Start: false
Unique ID: 2d448bb07f8a6fefa0c58c59c9e9923c,
Execution Time for Trace ID 2d448bb07f8a6fefa0c58c59c9e9923c: 1853 ms
Input: 5000000,
Cold Start: false
Unique ID: a4c39fde970c91f2dacd4c7344bd0baf,
Execution Time for Trace ID a4c39fde970c91f2dacd4c7344bd0baf: 1854 ms
Input: 5000000,
Cold Start: false
Unique ID: 2c1f56f2e324b340a8a56a5ed67ede7b,
Execution Time for Trace ID 2c1f56f2e324b340a8a56a5ed67ede7b: 1430 ms
Input: 5000000,
Cold Start: false
Unique ID: ab487157112791af40d71290a3278612,
Execution Time for Trace ID ab487157112791af40d71290a3278612: 1519 ms
Input: 5000000,
Cold Start: false
Unique ID: 864f83569d2c6998d77ab2b31642d7e2,
Execution Time for Trace ID 864f83569d2c6998d77ab2b31642d7e2: 1480 ms
Input: 5000000,
Cold Start: false
Unique ID: c2bb3f0e65a1bb280bfe2514ae81fa12,
Execution Time for Trace ID c2bb3f0e65a1bb280bfe2514ae81fa12: 2034 ms
Input: 5000000,
Cold Start: false
Unique ID: 54d00ad35ebf2c56e11770d283e3f18b,
Execution Time for Trace ID 54d00ad35ebf2c56e11770d283e3f18b: 2102 ms
Input: 5000000,
Cold Start: false
Unique ID: 2687c7474612fa4dbbdc992ac01e8531,
Execution Time for Trace ID 2687c7474612fa4dbbdc992ac01e8531: 1792 ms
Input: 5000000,
Cold Start: false
Unique ID: 52fe3f0fd5ef583079f628e1def65503,
Execution Time for Trace ID 52fe3f0fd5ef583079f628e1def65503: 1782 ms
Input: 5000000,
Cold Start: false
Unique ID: 25a9e2ebc5acdef85acf7e45d28a77d6,
Execution Time for Trace ID 25a9e2ebc5acdef85acf7e45d28a77d6: 2018 ms
Input: 5000000,
Cold Start: false
Unique ID: 06a7a3563ef817fe7b26081c88f39be1,
Execution Time for Trace ID 06a7a3563ef817fe7b26081c88f39be1: 1932 ms
Input: 5000000,
Cold Start: false
Unique ID: b4e5cb1ffe9febfc0568938a646b8a7f,
Execution Time for Trace ID b4e5cb1ffe9febfc0568938a646b8a7f: 1906 ms
Input: 5000000,
Cold Start: false
Unique ID: a735da0472a08bac161dd028159b58dd,
Execution Time for Trace ID a735da0472a08bac161dd028159b58dd: 1444 ms
Input: 5000000,
Cold Start: false
Unique ID: 59d9e09d58a1ad6f88c32df25bc29585,
Execution Time for Trace ID 59d9e09d58a1ad6f88c32df25bc29585: 1618 ms
Input: 5000000,
Cold Start: false
Unique ID: 6286ad9b14b7bbdb194e3d0de856973d,
Execution Time for Trace ID 6286ad9b14b7bbdb194e3d0de856973d: 1556 ms
Input: 5000000,
Cold Start: false
Unique ID: 7d124bf4eab75bfc45c6fb9819c66d17,
Execution Time for Trace ID 7d124bf4eab75bfc45c6fb9819c66d17: 1638 ms
Input: 5000000,
Cold Start: false
Unique ID: 6b619f6a77d3dc30ff98c20d5d10ae5b,
Execution Time for Trace ID 6b619f6a77d3dc30ff98c20d5d10ae5b: 1678 ms
Input: 5000000,
Cold Start: false
Unique ID: 0b3d98c5e249967f40f35d619d54c90b,
Execution Time for Trace ID 0b3d98c5e249967f40f35d619d54c90b: 1524 ms
Input: 5000000,
Cold Start: false
Unique ID: 77467a099afc1adbb8dce86cca72f291,
Execution Time for Trace ID 77467a099afc1adbb8dce86cca72f291: 1939 ms
Input: 5000000,
Cold Start: false
Unique ID: 81272260fa4cfc25c95d459e5ca65e2b,
Execution Time for Trace ID 81272260fa4cfc25c95d459e5ca65e2b: 1794 ms
Input: 5000000,
Cold Start: false
Unique ID: 42e7f14516447e46322fac2f5dc2602c,
Execution Time for Trace ID 42e7f14516447e46322fac2f5dc2602c: 2155 ms
Input: 5000000,
Cold Start: false
Unique ID: 4651691a7dadd7f7c958c764458c7a93,
Execution Time for Trace ID 4651691a7dadd7f7c958c764458c7a93: 2127 ms
Input: 5000000,
Cold Start: false
Unique ID: 944ca27406246ca0be87f964ecaf6a6f,
Execution Time for Trace ID 944ca27406246ca0be87f964ecaf6a6f: 1534 ms
Input: 5000000,
Cold Start: false
Unique ID: fc5fadf5a38de75b5f14a394e178feda,
Execution Time for Trace ID fc5fadf5a38de75b5f14a394e178feda: 1468 ms
Input: 5000000,
Cold Start: false
Unique ID: 2fc9eb4e20f8d66ed3c10f695d152998,
Execution Time for Trace ID 2fc9eb4e20f8d66ed3c10f695d152998: 1589 ms
Input: 5000000,
Cold Start: false
Unique ID: 5e8581e904de2857cdd249bf0c1cc686,
Execution Time for Trace ID 5e8581e904de2857cdd249bf0c1cc686: 1583 ms
Input: 5000000,
Cold Start: false
Unique ID: 1e6b12d47181f1d58a75cfaa53f03522,
Execution Time for Trace ID 1e6b12d47181f1d58a75cfaa53f03522: 2050 ms
Input: 5000000,
Cold Start: false
Unique ID: 1e8ba27f2e189358f1961763b6936dff,
Execution Time for Trace ID 1e8ba27f2e189358f1961763b6936dff: 1429 ms
Input: 5000000,
Cold Start: false
Unique ID: f8a058286a10ccb963b20262424107b4,
Execution Time for Trace ID f8a058286a10ccb963b20262424107b4: 1571 ms
Input: 5000000,
Cold Start: false
Unique ID: a45f7b57b8af5cf0cf40e7f88a1c71cc,
Execution Time for Trace ID a45f7b57b8af5cf0cf40e7f88a1c71cc: 1581 ms
Input: 5000000,
Cold Start: false
Unique ID: e30f1f396336b6f525f48dbb4e0a9e5c,
Execution Time for Trace ID e30f1f396336b6f525f48dbb4e0a9e5c: 1562 ms
Input: 5000000,
Cold Start: false
Unique ID: cff47228d0f69882778f0a615ca6ffaf,
Execution Time for Trace ID cff47228d0f69882778f0a615ca6ffaf: 1545 ms
Input: 5000000,
Cold Start: false
Unique ID: 624a58dd345846a66c88299cac29587f,
Execution Time for Trace ID 624a58dd345846a66c88299cac29587f: 1332 ms
Input: 5000000,
Cold Start: false
Unique ID: b536fb091a2c5aacf4a16c60b4368f83,
Execution Time for Trace ID b536fb091a2c5aacf4a16c60b4368f83: 1703 ms
Input: 5000000,
Cold Start: false
Unique ID: 5e012c356daf40b7962b1f30dfa6d1d5,
Execution Time for Trace ID 5e012c356daf40b7962b1f30dfa6d1d5: 1619 ms
Input: 5000000,
Cold Start: false
Unique ID: 991ba969d5f728fbf8f15da1f1b5ade7,
Execution Time for Trace ID 991ba969d5f728fbf8f15da1f1b5ade7: 1741 ms
Input: 5000000,
Cold Start: false
Unique ID: cb86316b598fd71c12d04c1bf3c95260,
Execution Time for Trace ID cb86316b598fd71c12d04c1bf3c95260: 1780 ms
Input: 5000000,
Cold Start: false
Unique ID: 5064a17e57ab295c104065082d364107,
Execution Time for Trace ID 5064a17e57ab295c104065082d364107: 1420 ms
Input: 5000000,
Cold Start: false
Unique ID: e1dcd69367afd176eb1be513b90b87fc,
Execution Time for Trace ID e1dcd69367afd176eb1be513b90b87fc: 1637 ms
Input: 5000000,
Cold Start: false
Unique ID: dcfeb81f852f123ccc904be95684d829,
Execution Time for Trace ID dcfeb81f852f123ccc904be95684d829: 1624 ms
Input: 5000000,
Cold Start: false
Unique ID: 3790b9f7d0817ac8a4f7e4cf48453f2d,
Execution Time for Trace ID 3790b9f7d0817ac8a4f7e4cf48453f2d: 1587 ms
Input: 5000000,
Cold Start: false
Unique ID: 52a11a9fd6f404c846f6e93b67c6a3a3,
Execution Time for Trace ID 52a11a9fd6f404c846f6e93b67c6a3a3: 1614 ms
Input: 5000000,
Cold Start: false
Unique ID: b47cd6f4665d6bcce84dc005b821dfbd,
Execution Time for Trace ID b47cd6f4665d6bcce84dc005b821dfbd: 1581 ms
Input: 5000000,
Cold Start: false
Unique ID: bbf281fba83042345f9a749d3f857d3a,
Execution Time for Trace ID bbf281fba83042345f9a749d3f857d3a: 1557 ms
Input: 5000000,
Cold Start: false
Unique ID: 9f4ef76bcf69585f1a7396bcc28ed122,
Execution Time for Trace ID 9f4ef76bcf69585f1a7396bcc28ed122: 1659 ms
Input: 5000000,
Cold Start: false
Unique ID: cddf9d02437562cbbdd0a44ed6b9a490,
Execution Time for Trace ID cddf9d02437562cbbdd0a44ed6b9a490: 1796 ms
Input: 5000000,
Cold Start: false
Unique ID: cbc0dbebd7f8bc94e2b4f0f294549e22,
Execution Time for Trace ID cbc0dbebd7f8bc94e2b4f0f294549e22: 1861 ms
Input: 5000000,
Cold Start: false
Unique ID: c5117c892698e6d8454bbed552628594,
Execution Time for Trace ID c5117c892698e6d8454bbed552628594: 1385 ms
Input: 5000000,
Cold Start: false
Unique ID: 7abf92e7e7c8e3c6c010468fd545f58e,
Execution Time for Trace ID 7abf92e7e7c8e3c6c010468fd545f58e: 1523 ms
Input: 5000000,
Cold Start: false
Unique ID: be28281b063c7f03d073251067a0b319,
Execution Time for Trace ID be28281b063c7f03d073251067a0b319: 531 ms
Input: 5000000,
Cold Start: false
Unique ID: 5782c71409cc3710ad4981e5679cfbce,
Execution Time for Trace ID 5782c71409cc3710ad4981e5679cfbce: 1615 ms
Input: 5000000,
Cold Start: false
Unique ID: d416eae4cea40c064aee1a5db17cbb2b,
Execution Time for Trace ID d416eae4cea40c064aee1a5db17cbb2b: 1889 ms
Input: 5000000,
Cold Start: false
Unique ID: 6d1f97e7072b7bb7410383c37fc8d6cf,
Execution Time for Trace ID 6d1f97e7072b7bb7410383c37fc8d6cf: 2080 ms
Input: 5000000,
Cold Start: false
Unique ID: 55b4b72d42b55cec9b6cda1b9eb27270,
Execution Time for Trace ID 55b4b72d42b55cec9b6cda1b9eb27270: 1352 ms
Input: 5000000,
Cold Start: false
Unique ID: 1f291f82281dfcf43a9f9adec1927a4e,
Execution Time for Trace ID 1f291f82281dfcf43a9f9adec1927a4e: 1506 ms
Input: 5000000,
Cold Start: false
Unique ID: f067ba935ca5da800845e26bc7f41eb1,
Execution Time for Trace ID f067ba935ca5da800845e26bc7f41eb1: 2040 ms
Input: 5000000,
Cold Start: false
Unique ID: 5f7b7ec1c619f41ee51b856154499234,
Execution Time for Trace ID 5f7b7ec1c619f41ee51b856154499234: 2081 ms
Input: 5000000,
Cold Start: false
Unique ID: 3035eb4cd8bf42104237c58b59c151ad,
Execution Time for Trace ID 3035eb4cd8bf42104237c58b59c151ad: 1684 ms
Input: 5000000,
Cold Start: false
Unique ID: f3073ea3cf7f892e3c916c67a63505e1,
Execution Time for Trace ID f3073ea3cf7f892e3c916c67a63505e1: 1583 ms
Input: 5000000,
Cold Start: false
Unique ID: 588b5596924334c13835fe50bbddd05b,
Execution Time for Trace ID 588b5596924334c13835fe50bbddd05b: 1733 ms
Input: 5000000,
Cold Start: false
Unique ID: da5a80e1d456130029e319aa765db9af,
Execution Time for Trace ID da5a80e1d456130029e319aa765db9af: 1847 ms
Input: 5000000,
Cold Start: false
Unique ID: afb1ce81e2f334c254e4d6546e094814,
Execution Time for Trace ID afb1ce81e2f334c254e4d6546e094814: 1903 ms
Input: 5000000,
Cold Start: false
Unique ID: fcc48127fc31c418162e7a2b3d68385d,
Execution Time for Trace ID fcc48127fc31c418162e7a2b3d68385d: 1428 ms
Input: 5000000,
Cold Start: false
Unique ID: 3117e5f03cc9a82de8b4b38b8af91178,
Execution Time for Trace ID 3117e5f03cc9a82de8b4b38b8af91178: 1622 ms
Input: 5000000,
Cold Start: false
Unique ID: 459d821e94df719a47217a59e6ba8d3b,
Execution Time for Trace ID 459d821e94df719a47217a59e6ba8d3b: 1572 ms
Input: 5000000,
Cold Start: false
Unique ID: 5dcd79b7fa4dbc06684136eabbb4d5ab,
Execution Time for Trace ID 5dcd79b7fa4dbc06684136eabbb4d5ab: 1685 ms
Input: 5000000,
Cold Start: false
Unique ID: da43498f9c680367df366812eababda6,
Execution Time for Trace ID da43498f9c680367df366812eababda6: 1605 ms
Input: 5000000,
Cold Start: false
Unique ID: 5b7642608b5d8ab255bf7ae52b5cd51b,
Execution Time for Trace ID 5b7642608b5d8ab255bf7ae52b5cd51b: 1545 ms
Input: 5000000,
Cold Start: false
Unique ID: d6154ae91f514b8ee1175682b3d99b53,
Execution Time for Trace ID d6154ae91f514b8ee1175682b3d99b53: 1632 ms
Input: 5000000,
Cold Start: false
Unique ID: 6853cc1f79451399301b3a8deffffa93,
Execution Time for Trace ID 6853cc1f79451399301b3a8deffffa93: 1620 ms
Input: 5000000,
Cold Start: false
Unique ID: 7ea7e3f90b639abc2c182939e9d682fd,
Execution Time for Trace ID 7ea7e3f90b639abc2c182939e9d682fd: 1627 ms
Input: 5000000,
Cold Start: false
Unique ID: 0fb22415288e7851abb004c2ccbd9545,
Execution Time for Trace ID 0fb22415288e7851abb004c2ccbd9545: 1736 ms
Input: 5000000,
Cold Start: false
Unique ID: 992541a3709ebc96fe0f848ab9fee2ba,
Execution Time for Trace ID 992541a3709ebc96fe0f848ab9fee2ba: 1525 ms
Input: 5000000,
Cold Start: false
Unique ID: bc6167c1af051dcd6c1ac17a8a1aa399,
Execution Time for Trace ID bc6167c1af051dcd6c1ac17a8a1aa399: 1696 ms
Input: 5000000,
Cold Start: false
Unique ID: 898c729e55f757b52a70ebadb71554c6,
Execution Time for Trace ID 898c729e55f757b52a70ebadb71554c6: 1725 ms
Input: 5000000,
Cold Start: false
Unique ID: fb1e57f3f278bf38007e69ad06344036,
Execution Time for Trace ID fb1e57f3f278bf38007e69ad06344036: 1915 ms
Input: 5000000,
Cold Start: false
Unique ID: 73cb1df9a7d1fdaeba1959d5e87e51b0,
Execution Time for Trace ID 73cb1df9a7d1fdaeba1959d5e87e51b0: 1872 ms
Input: 5000000,
Cold Start: false
Unique ID: 368e89bdb627071df56a2e5df8a69d79,
Execution Time for Trace ID 368e89bdb627071df56a2e5df8a69d79: 1628 ms
Input: 5000000,
Cold Start: false
Unique ID: e514c7354bab86e25bec36d0ef96809a,
Execution Time for Trace ID e514c7354bab86e25bec36d0ef96809a: 1689 ms
Input: 5000000,
Cold Start: false
Unique ID: 1d95140afccffbf93cfa0c7749bfff3d,
Execution Time for Trace ID 1d95140afccffbf93cfa0c7749bfff3d: 1679 ms
Input: 5000000,
Cold Start: false
Unique ID: 6f9ba0eb268472798ccd93245b87556f,
Execution Time for Trace ID 6f9ba0eb268472798ccd93245b87556f: 1989 ms
Input: 5000000,
Cold Start: false
Unique ID: 8c02206d7836c0ddecbd55290a810d97,
Execution Time for Trace ID 8c02206d7836c0ddecbd55290a810d97: 2045 ms
Input: 5000000,
Cold Start: false
Unique ID: 1da38da162e813b5191e837d13660fac,
Execution Time for Trace ID 1da38da162e813b5191e837d13660fac: 1731 ms
Input: 5000000,
Cold Start: false
Unique ID: 46baaaf81d389b5da1e9dd9089e30686,
Execution Time for Trace ID 46baaaf81d389b5da1e9dd9089e30686: 1713 ms
Input: 5000000,
Cold Start: false
Unique ID: 00551a8f4527648b405cabd477dfd772,
Execution Time for Trace ID 00551a8f4527648b405cabd477dfd772: 1698 ms
Input: 5000000,
Cold Start: false
Unique ID: 7d8c702a25a8f4083534f947572d44c0,
Execution Time for Trace ID 7d8c702a25a8f4083534f947572d44c0: 1646 ms
Input: 5000000,
Cold Start: false
Unique ID: 9c93395cc22cb970a0e99f652cc62e06,
Execution Time for Trace ID 9c93395cc22cb970a0e99f652cc62e06: 1941 ms
Input: 5000000,
Cold Start: false
Unique ID: 890918acfd0e07fa68ad7b93bb0b4ec6,
Execution Time for Trace ID 890918acfd0e07fa68ad7b93bb0b4ec6: 1514 ms
Input: 5000000,
Cold Start: false
Unique ID: 19059ba3029c2ff00cf658430da188f3,
Execution Time for Trace ID 19059ba3029c2ff00cf658430da188f3: 1618 ms
Input: 5000000,
Cold Start: false
Unique ID: a7d516402597e6fb71f5438371e696f0,
Execution Time for Trace ID a7d516402597e6fb71f5438371e696f0: 1956 ms
Input: 5000000,
Cold Start: false
Unique ID: 46d11f85b6cd17c28aad65f6ae678dea,
Execution Time for Trace ID 46d11f85b6cd17c28aad65f6ae678dea: 1910 ms
Input: 5000000,
Cold Start: false
Unique ID: 1338764f7348890f1314a71a676ea211,
Execution Time for Trace ID 1338764f7348890f1314a71a676ea211: 1832 ms
Input: 5000000,
Cold Start: false
Unique ID: 11de3edcbad94afc1b938c535ca003fd,
Execution Time for Trace ID 11de3edcbad94afc1b938c535ca003fd: 1575 ms
Input: 5000000,
Cold Start: false
Unique ID: fe0df56d880491e4de5ae2e88de0e107,
Execution Time for Trace ID fe0df56d880491e4de5ae2e88de0e107: 1561 ms
Input: 5000000,
Cold Start: false
Unique ID: 140abf11a691a38bf73f70a9f54a2298,
Execution Time for Trace ID 140abf11a691a38bf73f70a9f54a2298: 1617 ms
Input: 5000000,
Cold Start: false
Unique ID: 1960ea9accb5e1e09bad118277251480,
Execution Time for Trace ID 1960ea9accb5e1e09bad118277251480: 1939 ms
Input: 5000000,
Cold Start: false
Unique ID: 77fe88c5c306bce13fdd49831b543dc0,
Execution Time for Trace ID 77fe88c5c306bce13fdd49831b543dc0: 2039 ms
Input: 5000000,
Cold Start: false
Unique ID: 834982d0535448d13935759442c5185a,
Execution Time for Trace ID 834982d0535448d13935759442c5185a: 1387 ms
Input: 5000000,
Cold Start: false
Unique ID: 3fdbd0e256e1dadea70d2f7a763cfd3d,
Execution Time for Trace ID 3fdbd0e256e1dadea70d2f7a763cfd3d: 1625 ms
Input: 5000000,
Cold Start: false
Unique ID: c1138fb166ee4a9c76b1dfdfac0c9187,
Execution Time for Trace ID c1138fb166ee4a9c76b1dfdfac0c9187: 1795 ms
Input: 5000000,
Cold Start: false
Unique ID: f65051e163381f4dcdc0467523ee82d8,
Execution Time for Trace ID f65051e163381f4dcdc0467523ee82d8: 2142 ms
Input: 5000000,
Cold Start: false
Unique ID: 86e5ee5d48f2561aa4fed822455f8881,
Execution Time for Trace ID 86e5ee5d48f2561aa4fed822455f8881: 2179 ms
Input: 5000000,
Cold Start: false
Unique ID: 294ae41a654f26cff6ebdd76972dcd16,
Execution Time for Trace ID 294ae41a654f26cff6ebdd76972dcd16: 1537 ms
Input: 5000000,
Cold Start: false
Unique ID: 08b438fa1daf29a0aab63fd33c3771a6,
Execution Time for Trace ID 08b438fa1daf29a0aab63fd33c3771a6: 1625 ms
Input: 5000000,
Cold Start: false
Unique ID: af36ee7f4c9228c9a74b13cc30183906,
Execution Time for Trace ID af36ee7f4c9228c9a74b13cc30183906: 1785 ms
Input: 5000000,
Cold Start: false
Unique ID: 35e400687f61105454d6dcd3566b4315,
Execution Time for Trace ID 35e400687f61105454d6dcd3566b4315: 1846 ms
Input: 5000000,
Cold Start: false
Unique ID: 507f810056be051e55f7d9e453db8882,
Execution Time for Trace ID 507f810056be051e55f7d9e453db8882: 1721 ms
Input: 5000000,
Cold Start: false
Unique ID: 7272390679eab7ae521abe0653d6c313,
Execution Time for Trace ID 7272390679eab7ae521abe0653d6c313: 1539 ms
Input: 5000000,
Cold Start: false
Unique ID: 292fed873accd746886e59b4942f736b,
Execution Time for Trace ID 292fed873accd746886e59b4942f736b: 1481 ms
Input: 5000000,
Cold Start: false
Unique ID: f94e98521be9d92382d2e2029e42b7b3,
Execution Time for Trace ID f94e98521be9d92382d2e2029e42b7b3: 1716 ms
Input: 5000000,
Cold Start: false
Unique ID: 140bf714ff63f135a9bc8557029972ed,
Execution Time for Trace ID 140bf714ff63f135a9bc8557029972ed: 1830 ms
Input: 5000000,
Cold Start: false
Unique ID: b1bd9b0849d520beb59ea2157176e092,
Execution Time for Trace ID b1bd9b0849d520beb59ea2157176e092: 1687 ms
Input: 5000000,
Cold Start: false
Unique ID: 4bdd45d103e4a953851c318d39ee33af,
Execution Time for Trace ID 4bdd45d103e4a953851c318d39ee33af: 1534 ms
Input: 5000000,
Cold Start: false
Unique ID: 83894d17f69ee591c424835c280c0015,
Execution Time for Trace ID 83894d17f69ee591c424835c280c0015: 1687 ms
Input: 5000000,
Cold Start: false
Unique ID: 883ff2531b689ec2e8054106633f9d30,
Execution Time for Trace ID 883ff2531b689ec2e8054106633f9d30: 1819 ms
Input: 5000000,
Cold Start: false
Unique ID: 205a72c22c899f98f29525c411da735a,
Execution Time for Trace ID 205a72c22c899f98f29525c411da735a: 1758 ms
Input: 5000000,
Cold Start: false
Unique ID: 4fdebaff0fe815f67f3bfd62475893e1,
Execution Time for Trace ID 4fdebaff0fe815f67f3bfd62475893e1: 1910 ms
Input: 5000000,
Cold Start: false
Unique ID: 8975fd0c8d6a0527ea56f7272d5b3d14,
Execution Time for Trace ID 8975fd0c8d6a0527ea56f7272d5b3d14: 1481 ms
Input: 5000000,
Cold Start: false
Unique ID: cd5c860d3927a5897b40de28ab5b1f9a,
Execution Time for Trace ID cd5c860d3927a5897b40de28ab5b1f9a: 1604 ms
Input: 5000000,
Cold Start: false
Unique ID: 42104f8e14ae68daa5f06358c3ed4986,
Execution Time for Trace ID 42104f8e14ae68daa5f06358c3ed4986: 1484 ms
Input: 5000000,
Cold Start: false
Unique ID: 17200bcebedfe35b78cdd57c97999c37,
Execution Time for Trace ID 17200bcebedfe35b78cdd57c97999c37: 1754 ms
Input: 5000000,
Cold Start: false
Unique ID: 511b76941c356de8fdc841a3c90742d8,
Execution Time for Trace ID 511b76941c356de8fdc841a3c90742d8: 1801 ms
Input: 5000000,
Cold Start: false
Unique ID: 537e1530f8e64e3990f722dc7f2f8c14,
Execution Time for Trace ID 537e1530f8e64e3990f722dc7f2f8c14: 1437 ms
Input: 5000000,
Cold Start: false
Unique ID: c3ad27e40b6980daf1a7104f6a8522f3,
Execution Time for Trace ID c3ad27e40b6980daf1a7104f6a8522f3: 1710 ms
Input: 5000000,
Cold Start: false
Unique ID: 1c9863d3995cb0ceb9fb05168d4aa33d,
Execution Time for Trace ID 1c9863d3995cb0ceb9fb05168d4aa33d: 1625 ms
Input: 5000000,
Cold Start: false
Unique ID: 5f6c435fd84dc5ef4a70029bc4679472,
Execution Time for Trace ID 5f6c435fd84dc5ef4a70029bc4679472: 1877 ms
Input: 5000000,
Cold Start: false
Unique ID: 9ff4c908d3b3d076830dfe45a4fc6b90,
Execution Time for Trace ID 9ff4c908d3b3d076830dfe45a4fc6b90: 1973 ms
Input: 5000000,
Cold Start: false
Unique ID: 141b17fedb0bf9fe0df50492ace4944a,
Execution Time for Trace ID 141b17fedb0bf9fe0df50492ace4944a: 1796 ms
Input: 5000000,
Cold Start: false
Unique ID: a9bfe6ef861993df78553affe625ac19,
Execution Time for Trace ID a9bfe6ef861993df78553affe625ac19: 1909 ms
Input: 5000000,
Cold Start: false
Unique ID: 1e982ea627d503f14794731f43b8796e,
Execution Time for Trace ID 1e982ea627d503f14794731f43b8796e: 1969 ms
Input: 5000000,
Cold Start: false
Unique ID: 28c67dc9b13d7fb9fb98ad3f52f76945,
Execution Time for Trace ID 28c67dc9b13d7fb9fb98ad3f52f76945: 2073 ms
Input: 5000000,
Cold Start: false
Unique ID: 4ac957cb798beb214694e1c106713b8e,
Execution Time for Trace ID 4ac957cb798beb214694e1c106713b8e: 2053 ms
Input: 5000000,
Cold Start: false
Unique ID: 53d15935009afb6aa9bc8557029977a8,
Execution Time for Trace ID 53d15935009afb6aa9bc8557029977a8: 1382 ms
Input: 5000000,
Cold Start: false
Unique ID: 652bed8892556f00fffb2fbdc4a6343f,
Execution Time for Trace ID 652bed8892556f00fffb2fbdc4a6343f: 1659 ms
Input: 5000000,
Cold Start: false
Unique ID: 42f6b0f7b21ccb7a8288af430a31b5c3,
Execution Time for Trace ID 42f6b0f7b21ccb7a8288af430a31b5c3: 1724 ms
Input: 5000000,
Cold Start: false
Unique ID: 167ea1094b074c523e76cb76cfaffe23,
Execution Time for Trace ID 167ea1094b074c523e76cb76cfaffe23: 1855 ms
Input: 5000000,
Cold Start: false
Unique ID: 8bf512f7b6c31c02ef194aaba2eb91b5,
Execution Time for Trace ID 8bf512f7b6c31c02ef194aaba2eb91b5: 2199 ms
Input: 5000000,
Cold Start: false
Unique ID: b4bdcd5b02bd5241fbce880aa588155f,
Execution Time for Trace ID b4bdcd5b02bd5241fbce880aa588155f: 1622 ms
Input: 5000000,
Cold Start: false
Unique ID: c421ebd97dba2f53e7c1cbb193d61bb6,
Execution Time for Trace ID c421ebd97dba2f53e7c1cbb193d61bb6: 2106 ms
Input: 5000000,
Cold Start: false
Unique ID: b36b0dc2b8502458ee6e0f63d044fcfb,
Execution Time for Trace ID b36b0dc2b8502458ee6e0f63d044fcfb: 2192 ms
Input: 5000000,
Cold Start: false
Unique ID: d48fe4ee9300e02d6dc3912e0ff2e2bb,
Execution Time for Trace ID d48fe4ee9300e02d6dc3912e0ff2e2bb: 2125 ms
Input: 5000000,
Cold Start: false
Unique ID: 6c92035e45d7151c768068a7f5dc128a,
Execution Time for Trace ID 6c92035e45d7151c768068a7f5dc128a: 2172 ms
Input: 5000000,
Cold Start: false
Unique ID: e3390f466ab8b571f86351d9300f160a,
Execution Time for Trace ID e3390f466ab8b571f86351d9300f160a: 1410 ms
Input: 5000000,
Cold Start: false
Unique ID: e6b04dbd884c69035844d2d79ef442d0,
Execution Time for Trace ID e6b04dbd884c69035844d2d79ef442d0: 1523 ms
Input: 5000000,
Cold Start: false
Unique ID: 948ac154809c0c781b8a7a034199f4e7,
Execution Time for Trace ID 948ac154809c0c781b8a7a034199f4e7: 1881 ms
Input: 5000000,
Cold Start: false
Unique ID: 9f96394d3583491414861be32e7807cc,
Execution Time for Trace ID 9f96394d3583491414861be32e7807cc: 1978 ms
Input: 5000000,
Cold Start: false
Unique ID: 4aab234254ae8a0adf371ce11e4ee9c9,
Execution Time for Trace ID 4aab234254ae8a0adf371ce11e4ee9c9: 2081 ms
Input: 5000000,
Cold Start: false
Unique ID: 583e9ebec98dc889339c885d232ee044,
Execution Time for Trace ID 583e9ebec98dc889339c885d232ee044: 1587 ms
Input: 5000000,
Cold Start: false
Unique ID: fb1db8626b6d1081d1339bb8eacd9ec5,
Execution Time for Trace ID fb1db8626b6d1081d1339bb8eacd9ec5: 1510 ms
Input: 5000000,
Cold Start: false
Unique ID: b5641bffc089b7a5cd67d95da395a2dd,
Execution Time for Trace ID b5641bffc089b7a5cd67d95da395a2dd: 1565 ms
Input: 5000000,
Cold Start: false
Unique ID: a6d30ea4ff4225aa876bba1bd0133b81,
Execution Time for Trace ID a6d30ea4ff4225aa876bba1bd0133b81: 1517 ms
Input: 5000000,
Cold Start: false
Unique ID: 7d971759a4ec074581c8b20fb1b0b095,
Execution Time for Trace ID 7d971759a4ec074581c8b20fb1b0b095: 1990 ms
Input: 5000000,
Cold Start: false
Unique ID: 91e0cdd930ef01af874ba37aaeff94c6,
Execution Time for Trace ID 91e0cdd930ef01af874ba37aaeff94c6: 1381 ms
Input: 5000000,
Cold Start: false
Unique ID: 1582f95561b6277c16bb990a1ae4238b,
Execution Time for Trace ID 1582f95561b6277c16bb990a1ae4238b: 1480 ms
Input: 5000000,
Cold Start: false
Unique ID: fc51e0290b90e31713190c3bab8fb9f4,
Execution Time for Trace ID fc51e0290b90e31713190c3bab8fb9f4: 1749 ms
Input: 5000000,
Cold Start: false
Unique ID: 47df272678eabb2e4c92eaf3c14bc34f,
Execution Time for Trace ID 47df272678eabb2e4c92eaf3c14bc34f: 1871 ms
Input: 5000000,
Cold Start: false
Unique ID: 967ef03e9feb6f1c42357bac7d5e07a8,
Execution Time for Trace ID 967ef03e9feb6f1c42357bac7d5e07a8: 1928 ms
Input: 5000000,
Cold Start: false
Unique ID: ac71a6a6fd6c647c70e9dc5c1ea3eeda,
Execution Time for Trace ID ac71a6a6fd6c647c70e9dc5c1ea3eeda: 1616 ms
Input: 5000000,
Cold Start: false
Unique ID: 1128054eb244888eeade1c66ed7cdea7,
Execution Time for Trace ID 1128054eb244888eeade1c66ed7cdea7: 1751 ms
Input: 5000000,
Cold Start: false
Unique ID: 5ad5a82c878b710a27194097773c1beb,
Execution Time for Trace ID 5ad5a82c878b710a27194097773c1beb: 1766 ms
Input: 5000000,
Cold Start: false
Unique ID: 0714ae3d575c9ae84c412cf33289a59f,
Execution Time for Trace ID 0714ae3d575c9ae84c412cf33289a59f: 1884 ms
Input: 5000000,
Cold Start: false
Unique ID: 5c2fa4309eba312cb4af3154f3a10078,
Execution Time for Trace ID 5c2fa4309eba312cb4af3154f3a10078: 1822 ms
Input: 5000000,
Cold Start: false
Unique ID: edd99e3b0355a5cc9b6709ed897f1afd,
Execution Time for Trace ID edd99e3b0355a5cc9b6709ed897f1afd: 1404 ms
Input: 5000000,
Cold Start: false
Unique ID: fb5a3d5ce797cab35e8ad2e6060d63d8,
Execution Time for Trace ID fb5a3d5ce797cab35e8ad2e6060d63d8: 1683 ms
Input: 5000000,
Cold Start: false
Unique ID: 2aca66f93b1af90290ca39cc9faa63c2,
Execution Time for Trace ID 2aca66f93b1af90290ca39cc9faa63c2: 1559 ms
Input: 5000000,
Cold Start: false
Unique ID: 46030d0f8220ae6f887156acc11ce827,
Execution Time for Trace ID 46030d0f8220ae6f887156acc11ce827: 1798 ms
Input: 5000000,
Cold Start: false
Unique ID: f1201ba911f515f2436267b0416bf183,
Execution Time for Trace ID f1201ba911f515f2436267b0416bf183: 1782 ms
Input: 5000000,
Cold Start: false
Unique ID: b92175fca570c0589a0c749627f1e3f8,
Execution Time for Trace ID b92175fca570c0589a0c749627f1e3f8: 1691 ms
Input: 5000000,
Cold Start: false
Unique ID: bd31fce1d33643006c99d9aef0f7e901,
Execution Time for Trace ID bd31fce1d33643006c99d9aef0f7e901: 1651 ms
Input: 5000000,
Cold Start: false
Unique ID: 4590b99bbc0ca0fa4e51c9fa229d00a1,
Execution Time for Trace ID 4590b99bbc0ca0fa4e51c9fa229d00a1: 1569 ms
Input: 5000000,
Cold Start: false
Unique ID: c16875984b3dbcc9059b6bc88402a7b5,
Execution Time for Trace ID c16875984b3dbcc9059b6bc88402a7b5: 1745 ms
Input: 5000000,
Cold Start: false
Unique ID: cd9e8e16d98a79c56859a776dd732cfe,
Execution Time for Trace ID cd9e8e16d98a79c56859a776dd732cfe: 1781 ms
Input: 5000000,
Cold Start: false
Unique ID: b6a6edde959a78000f7148e06eac35dc,
Execution Time for Trace ID b6a6edde959a78000f7148e06eac35dc: 1682 ms
Input: 5000000,
Cold Start: false
Unique ID: c14b5d5c418cb66486e0a446ee6038ca,
Execution Time for Trace ID c14b5d5c418cb66486e0a446ee6038ca: 1618 ms
Input: 5000000,
Cold Start: false
Unique ID: ccdbe246ecea19f3d954a79413116fa1,
Execution Time for Trace ID ccdbe246ecea19f3d954a79413116fa1: 1951 ms
Input: 5000000,
Cold Start: false
Unique ID: 0875c2c775cd6bdd1c07cef04311ed24,
Execution Time for Trace ID 0875c2c775cd6bdd1c07cef04311ed24: 2300 ms
Input: 5000000,
Cold Start: false
Unique ID: 304ba280e247afdef92cc4e743c653f3,
Execution Time for Trace ID 304ba280e247afdef92cc4e743c653f3: 2278 ms
Input: 5000000,
Cold Start: false
Unique ID: 3822112209574c8600054dbf1e616589,
Execution Time for Trace ID 3822112209574c8600054dbf1e616589: 1538 ms
Input: 5000000,
Cold Start: false
Unique ID: f7ea67adfc765613120bebc06337684e,
Execution Time for Trace ID f7ea67adfc765613120bebc06337684e: 1630 ms
Input: 5000000,
Cold Start: false
Unique ID: 0897fc6e61c15e483206864dbbfe7469,
Execution Time for Trace ID 0897fc6e61c15e483206864dbbfe7469: 1571 ms
Input: 5000000,
Cold Start: false
Unique ID: 6cf2f88d81cf692801f3f5f7818f02ba,
Execution Time for Trace ID 6cf2f88d81cf692801f3f5f7818f02ba: 1937 ms
Input: 5000000,
Cold Start: false
Unique ID: f10a0e2bb7f21d9a96d1ba8de8727d71,
Execution Time for Trace ID f10a0e2bb7f21d9a96d1ba8de8727d71: 1985 ms
Input: 5000000,
Cold Start: false
Unique ID: 42571f5ee5a42d6c05ac13818619a9f9,
Execution Time for Trace ID 42571f5ee5a42d6c05ac13818619a9f9: 1484 ms
Input: 5000000,
Cold Start: false
Unique ID: d82e83972814b249bae44dfeaf3a8c85,
Execution Time for Trace ID d82e83972814b249bae44dfeaf3a8c85: 1695 ms
Input: 5000000,
Cold Start: false
Unique ID: f002e4a96365aa5a720c5662b16913a9,
Execution Time for Trace ID f002e4a96365aa5a720c5662b16913a9: 1989 ms
Input: 5000000,
Cold Start: false
Unique ID: d78fcaddb1cf84741c69d773cbbae90e,
Execution Time for Trace ID d78fcaddb1cf84741c69d773cbbae90e: 2034 ms
Input: 5000000,
Cold Start: false
Unique ID: 79e635cb63e3d2f732fde20a23b73a46,
Execution Time for Trace ID 79e635cb63e3d2f732fde20a23b73a46: 2028 ms
Input: 5000000,
Cold Start: false
Unique ID: 24d772c316dd4f27ac8a36eb7c7a3c17,
Execution Time for Trace ID 24d772c316dd4f27ac8a36eb7c7a3c17: 1387 ms
Input: 5000000,
Cold Start: false
Unique ID: 823658d906db028f0e59b87fecfd2676,
Execution Time for Trace ID 823658d906db028f0e59b87fecfd2676: 1396 ms
Input: 5000000,
Cold Start: false
Unique ID: b8536c298759dabee0b23d8900f1b1cb,
Execution Time for Trace ID b8536c298759dabee0b23d8900f1b1cb: 1973 ms
Input: 5000000,
Cold Start: false
Unique ID: 4a34c9ac1f290d13a4e17e900c03ed7b,
Execution Time for Trace ID 4a34c9ac1f290d13a4e17e900c03ed7b: 2113 ms
Input: 5000000,
Cold Start: false
Unique ID: 9e445f0b569ea32ec816f1f2761826d8,
Execution Time for Trace ID 9e445f0b569ea32ec816f1f2761826d8: 2204 ms
Input: 5000000,
Cold Start: false
Unique ID: 0117bb7e45d139e0505487f9964f76e9,
Execution Time for Trace ID 0117bb7e45d139e0505487f9964f76e9: 1429 ms
Input: 5000000,
Cold Start: false
Unique ID: eea832eeb42a45d601bacb61b19df90b,
Execution Time for Trace ID eea832eeb42a45d601bacb61b19df90b: 1634 ms
Input: 5000000,
Cold Start: false
Unique ID: 28eb17181bb20be8e7663ecd96778883,
Execution Time for Trace ID 28eb17181bb20be8e7663ecd96778883: 1804 ms
Input: 5000000,
Cold Start: false
Unique ID: f77bf78c5b88a30075f9f689de24482a,
Execution Time for Trace ID f77bf78c5b88a30075f9f689de24482a: 2133 ms
Input: 5000000,
Cold Start: false
Unique ID: 071ad9cb66a487566d69cbe211cfa340,
Execution Time for Trace ID 071ad9cb66a487566d69cbe211cfa340: 2047 ms
Input: 5000000,
Cold Start: false
Unique ID: 7fac02d78f862138b2cc4e15ce6f93a3,
Execution Time for Trace ID 7fac02d78f862138b2cc4e15ce6f93a3: 1520 ms
Input: 5000000,
Cold Start: false
Unique ID: 279eb64bc5be522bfc996514fc021f84,
Execution Time for Trace ID 279eb64bc5be522bfc996514fc021f84: 1571 ms
Input: 5000000,
Cold Start: false
Unique ID: ef56770ae3257907897bd9de29a67cb3,
Execution Time for Trace ID ef56770ae3257907897bd9de29a67cb3: 1743 ms
Input: 5000000,
Cold Start: false
Unique ID: 2229e9cf91f99ef70fdbf3846b525dae,
Execution Time for Trace ID 2229e9cf91f99ef70fdbf3846b525dae: 1879 ms
Input: 5000000,
Cold Start: false
Unique ID: 65e88431d0e67038a6be39a69245842e,
Execution Time for Trace ID 65e88431d0e67038a6be39a69245842e: 1818 ms
Input: 5000000,
Cold Start: false
Unique ID: 33eff585affd7c0d14a3e5c85ebafaaf,
Execution Time for Trace ID 33eff585affd7c0d14a3e5c85ebafaaf: 1731 ms
Input: 5000000,
Cold Start: false
Unique ID: 035a99fd57e30cca15102260de9637bc,
Execution Time for Trace ID 035a99fd57e30cca15102260de9637bc: 1686 ms
Input: 5000000,
Cold Start: false
Unique ID: 8888a7f4585bff26abd4aa52ba1edc35,
Execution Time for Trace ID 8888a7f4585bff26abd4aa52ba1edc35: 1687 ms
Input: 5000000,
Cold Start: false
Unique ID: ed6df15920891c928dc72bb7591cbacc,
Execution Time for Trace ID ed6df15920891c928dc72bb7591cbacc: 1822 ms
Input: 5000000,
Cold Start: false
Unique ID: 50d00a89355fa42dadced86f6f8e9113,
Execution Time for Trace ID 50d00a89355fa42dadced86f6f8e9113: 2104 ms
Input: 5000000,
Cold Start: false
Unique ID: d00cd74a98315e3d6fe4596952331fbd,
Execution Time for Trace ID d00cd74a98315e3d6fe4596952331fbd: 1482 ms
Input: 5000000,
Cold Start: false
Unique ID: 3fc245340223f402723929455d018325,
Execution Time for Trace ID 3fc245340223f402723929455d018325: 1424 ms
Input: 5000000,
Cold Start: false
Unique ID: d394f7c4038dfaeb0559bad9495fe785,
Execution Time for Trace ID d394f7c4038dfaeb0559bad9495fe785: 1687 ms
Input: 5000000,
Cold Start: false
Unique ID: 800a1a6710807a00e70a8721c50cd118,
Execution Time for Trace ID 800a1a6710807a00e70a8721c50cd118: 1821 ms
Input: 5000000,
Cold Start: false
Unique ID: 9cabec871e993091c5329cabcc666d83,
Execution Time for Trace ID 9cabec871e993091c5329cabcc666d83: 1743 ms
Input: 5000000,
Cold Start: false
Unique ID: a6b7cb31a48ea39e5205ba105e82d1b4,
Execution Time for Trace ID a6b7cb31a48ea39e5205ba105e82d1b4: 1475 ms
Input: 5000000,
Cold Start: false
Unique ID: 76c056e06749ad83b5221982c7e0aab0,
Execution Time for Trace ID 76c056e06749ad83b5221982c7e0aab0: 1578 ms
Input: 5000000,
Cold Start: false
Unique ID: bb70818d7ecba9b118b3d8447e802949,
Execution Time for Trace ID bb70818d7ecba9b118b3d8447e802949: 1579 ms
Input: 5000000,
Cold Start: false
Unique ID: 3d9aab747fd6e1813c52badf1148fa91,
Execution Time for Trace ID 3d9aab747fd6e1813c52badf1148fa91: 1818 ms
Input: 5000000,
Cold Start: false
Unique ID: ecc1ca57a70b8e43b895adfe7257224b,
Execution Time for Trace ID ecc1ca57a70b8e43b895adfe7257224b: 1891 ms
Input: 5000000,
Cold Start: false
Unique ID: 875b734e84e99ee92db6dc68f0401c95,
Execution Time for Trace ID 875b734e84e99ee92db6dc68f0401c95: 1624 ms
Input: 5000000,
Cold Start: false
Unique ID: 39e5e6e464b6da4e25673d4c20a01b7f,
Execution Time for Trace ID 39e5e6e464b6da4e25673d4c20a01b7f: 1615 ms
Input: 5000000,
Cold Start: false
Unique ID: 05cf3db1ff5a0de93fa59e04ede7b202,
Execution Time for Trace ID 05cf3db1ff5a0de93fa59e04ede7b202: 1754 ms
Input: 5000000,
Cold Start: false
Unique ID: aaa71cff22838fe01974ec5a55dc6fbd,
Execution Time for Trace ID aaa71cff22838fe01974ec5a55dc6fbd: 1890 ms
Input: 5000000,
Cold Start: false
Unique ID: 83d62aa237b9013035d12fc80c784f08,
Execution Time for Trace ID 83d62aa237b9013035d12fc80c784f08: 1784 ms
Input: 5000000,
Cold Start: false
Unique ID: e8f5b0aaf98b3a556f863c4f1dae4eeb,
Execution Time for Trace ID e8f5b0aaf98b3a556f863c4f1dae4eeb: 1523 ms
Input: 5000000,
Cold Start: false
Unique ID: 12890e645195679f436d56a4074c40c8,
Execution Time for Trace ID 12890e645195679f436d56a4074c40c8: 1788 ms
Input: 5000000,
Cold Start: false
Unique ID: 60c20c379d3023d32b4e656d1ed09451,
Execution Time for Trace ID 60c20c379d3023d32b4e656d1ed09451: 1783 ms
Input: 5000000,
Cold Start: false
Unique ID: 7206216d925a12531b55d6ef4b432c8a,
Execution Time for Trace ID 7206216d925a12531b55d6ef4b432c8a: 1787 ms
Input: 5000000,
Cold Start: false
Unique ID: b621bfc0cd7b15dc8dc6264290b0fe3c,
Execution Time for Trace ID b621bfc0cd7b15dc8dc6264290b0fe3c: 1760 ms
Input: 5000000,
Cold Start: false
Unique ID: c2a46a84d4cc9ef9c168d80f5177678f,
Execution Time for Trace ID c2a46a84d4cc9ef9c168d80f5177678f: 1839 ms
Input: 5000000,
Cold Start: false
Unique ID: ca0dc10c6a85d41ef0407b7a6c11922f,
Execution Time for Trace ID ca0dc10c6a85d41ef0407b7a6c11922f: 1882 ms
Input: 5000000,
Cold Start: false
Unique ID: 6a3bbef619fc664992110e13865e24d2,
Execution Time for Trace ID 6a3bbef619fc664992110e13865e24d2: 1936 ms
Input: 5000000,
Cold Start: false
Unique ID: 3bef8233676cd264aa739654962b6a35,
Execution Time for Trace ID 3bef8233676cd264aa739654962b6a35: 1874 ms
Input: 5000000,
Cold Start: false
Unique ID: 66aa0bdc1a8ea24fe1be8d3b54095a0a,
Execution Time for Trace ID 66aa0bdc1a8ea24fe1be8d3b54095a0a: 2152 ms
Input: 5000000,
Cold Start: false
Unique ID: 9e4d64814c5b8b8707e6cc25bb7c384e,
Execution Time for Trace ID 9e4d64814c5b8b8707e6cc25bb7c384e: 1610 ms
Input: 5000000,
Cold Start: false
Unique ID: 092471531804f42a0502973a6ead5888,
Execution Time for Trace ID 092471531804f42a0502973a6ead5888: 1685 ms
Input: 5000000,
Cold Start: false
Unique ID: f6b970be5a53c1eb808cf6eb143ef389,
Execution Time for Trace ID f6b970be5a53c1eb808cf6eb143ef389: 1782 ms
Input: 5000000,
Cold Start: false
Unique ID: 57081538fc5bb8a9b6d606b36ac38537,
Execution Time for Trace ID 57081538fc5bb8a9b6d606b36ac38537: 1968 ms
Input: 5000000,
Cold Start: false
Unique ID: b7628f6f092672054b2ae4d795997821,
Execution Time for Trace ID b7628f6f092672054b2ae4d795997821: 1926 ms
Input: 5000000,
Cold Start: false
Unique ID: cbefd1ced85535ab6e27a1e0928fea54,
Execution Time for Trace ID cbefd1ced85535ab6e27a1e0928fea54: 1611 ms
Input: 5000000,
Cold Start: false
Unique ID: 0c67aea7f1f78e494f61d6ab206b1be4,
Execution Time for Trace ID 0c67aea7f1f78e494f61d6ab206b1be4: 1735 ms
Input: 5000000,
Cold Start: false
Unique ID: 92fb9341b12f491202da41147867470c,
Execution Time for Trace ID 92fb9341b12f491202da41147867470c: 1805 ms
Input: 5000000,
Cold Start: false
Unique ID: 35b5b3bbeb327d89f169213e9ded9a5e,
Execution Time for Trace ID 35b5b3bbeb327d89f169213e9ded9a5e: 1821 ms
Input: 5000000,
Cold Start: false
Unique ID: bf34d4e25113adaeced8712b4a3f2496,
Execution Time for Trace ID bf34d4e25113adaeced8712b4a3f2496: 1885 ms
Input: 5000000,
Cold Start: false
Unique ID: d40517b64b7e660cc4680719306198cf,
Execution Time for Trace ID d40517b64b7e660cc4680719306198cf: 1492 ms
Input: 5000000,
Cold Start: false
Unique ID: 291534a957849306c60c20fea6d8e7c7,
Execution Time for Trace ID 291534a957849306c60c20fea6d8e7c7: 1721 ms
Input: 5000000,
Cold Start: false
Unique ID: 949fd06d2c3e50b87fa5d9fb0ce1c66e,
Execution Time for Trace ID 949fd06d2c3e50b87fa5d9fb0ce1c66e: 1682 ms
Input: 5000000,
Cold Start: false
Unique ID: 3001397eb73ff2780ccf4a938f354375,
Execution Time for Trace ID 3001397eb73ff2780ccf4a938f354375: 1620 ms
Input: 5000000,
Cold Start: false
Unique ID: 552a9cc663d5f14a666f5577108ca48d,
Execution Time for Trace ID 552a9cc663d5f14a666f5577108ca48d: 1897 ms
Input: 5000000,
Cold Start: false
Unique ID: 3a1fa17c1a442e51e12d1f00a9d863d1,
Execution Time for Trace ID 3a1fa17c1a442e51e12d1f00a9d863d1: 2069 ms
Input: 5000000,
Cold Start: false
Unique ID: 9d57e0023d8738a472e1d6bff03ae298,
Execution Time for Trace ID 9d57e0023d8738a472e1d6bff03ae298: 2020 ms
Input: 5000000,
Cold Start: false
Unique ID: 8e3f0d3bf6133263f6624514b67558f9,
Execution Time for Trace ID 8e3f0d3bf6133263f6624514b67558f9: 2213 ms
Input: 5000000,
Cold Start: false
Unique ID: a26ef3af04eadc7afac87d5f110e1488,
Execution Time for Trace ID a26ef3af04eadc7afac87d5f110e1488: 2083 ms
Input: 5000000,
Cold Start: false
Unique ID: f659c9313aeb5ba7ef4ab408a57e309e,
Execution Time for Trace ID f659c9313aeb5ba7ef4ab408a57e309e: 2102 ms
Input: 5000000,
Cold Start: false
Unique ID: 7af008a5674fec6bd5a9fb2942b5fe94,
Execution Time for Trace ID 7af008a5674fec6bd5a9fb2942b5fe94: 1443 ms
Input: 5000000,
Cold Start: false
Unique ID: fc99268b08f37c5f20b925f957fb27b7,
Execution Time for Trace ID fc99268b08f37c5f20b925f957fb27b7: 1491 ms
Input: 5000000,
Cold Start: false
Unique ID: 4e4b318661a91bc6c9c194b631109577,
Execution Time for Trace ID 4e4b318661a91bc6c9c194b631109577: 1446 ms
Input: 5000000,
Cold Start: false
Unique ID: 7ad5552c0e6a272f5fc9d2503308de90,
Execution Time for Trace ID 7ad5552c0e6a272f5fc9d2503308de90: 1632 ms
Input: 5000000,
Cold Start: false
Unique ID: 09ee16e444618756fd50bde7cca9abc4,
Execution Time for Trace ID 09ee16e444618756fd50bde7cca9abc4: 1873 ms
Input: 5000000,
Cold Start: false
Unique ID: 3d0d25c286f72a15ec44b78e899c0613,
Execution Time for Trace ID 3d0d25c286f72a15ec44b78e899c0613: 1475 ms
Input: 5000000,
Cold Start: false
Unique ID: f5699d6893638df6345ffc817d28b15e,
Execution Time for Trace ID f5699d6893638df6345ffc817d28b15e: 1579 ms
Input: 5000000,
Cold Start: false
Unique ID: 216dd50f49f8251fb98a1af5b059a3ce,
Execution Time for Trace ID 216dd50f49f8251fb98a1af5b059a3ce: 1683 ms
Input: 5000000,
Cold Start: false
Unique ID: b9191ba3eb6be2b580b273ff9c84296c,
Execution Time for Trace ID b9191ba3eb6be2b580b273ff9c84296c: 1798 ms
Input: 5000000,
Cold Start: false
Unique ID: 2199717cbe3e57bf23bb6d3c24701c4b,
Execution Time for Trace ID 2199717cbe3e57bf23bb6d3c24701c4b: 1838 ms
Input: 5000000,
Cold Start: false
Unique ID: 0a01b60b8090e0763be260b8e973befc,
Execution Time for Trace ID 0a01b60b8090e0763be260b8e973befc: 1414 ms
Input: 5000000,
Cold Start: false
Unique ID: adf6d6deec4da7d1e3dbd7458409f21f,
Execution Time for Trace ID adf6d6deec4da7d1e3dbd7458409f21f: 1792 ms
Input: 5000000,
Cold Start: false
Unique ID: 0b882cc7f3ece5b16b7998c9109364b4,
Execution Time for Trace ID 0b882cc7f3ece5b16b7998c9109364b4: 1775 ms
Input: 5000000,
Cold Start: false
Unique ID: 438a50b7acd4ac956acbabd3ce31e0b9,
Execution Time for Trace ID 438a50b7acd4ac956acbabd3ce31e0b9: 1790 ms
Input: 5000000,
Cold Start: false
Unique ID: c4da5cc4a70ee846f5bdb43189f7f017,
Execution Time for Trace ID c4da5cc4a70ee846f5bdb43189f7f017: 1780 ms
Input: 5000000,
Cold Start: false
Unique ID: 454f594f1946f707810716391bf378a7,
Execution Time for Trace ID 454f594f1946f707810716391bf378a7: 1477 ms
Input: 5000000,
Cold Start: false
Unique ID: c33bb67927f2cc9a1188dd299c40fb4b,
Execution Time for Trace ID c33bb67927f2cc9a1188dd299c40fb4b: 1476 ms
Input: 5000000,
Cold Start: false
Unique ID: 1c829a8661b46554a6ba2b985a2e88eb,
Execution Time for Trace ID 1c829a8661b46554a6ba2b985a2e88eb: 1757 ms
Input: 5000000,
Cold Start: false
Unique ID: 4791d39d95f1a5031b9c351f70d3d256,
Execution Time for Trace ID 4791d39d95f1a5031b9c351f70d3d256: 1791 ms
Input: 5000000,
Cold Start: false
Unique ID: c2fb60a2da38f34ba13f0541ed18e5b9,
Execution Time for Trace ID c2fb60a2da38f34ba13f0541ed18e5b9: 1744 ms
Input: 5000000,
Cold Start: false
Unique ID: 13c2582f94d038ce43e80a20397053e0,
Execution Time for Trace ID 13c2582f94d038ce43e80a20397053e0: 1507 ms
Input: 5000000,
Cold Start: false
Unique ID: e6e0270d3768cb2363dced8607fe4eb5,
Execution Time for Trace ID e6e0270d3768cb2363dced8607fe4eb5: 1935 ms
Input: 5000000,
Cold Start: false
Unique ID: a40e4a9d78416016be41e718458b1085,
Execution Time for Trace ID a40e4a9d78416016be41e718458b1085: 1990 ms
Input: 5000000,
Cold Start: false
Unique ID: 02549a351fe0d567c84309c03f162181,
Execution Time for Trace ID 02549a351fe0d567c84309c03f162181: 1946 ms
Input: 5000000,
Cold Start: false
Unique ID: ceb4e86c4bee424d40a24de54d3a3a43,
Execution Time for Trace ID ceb4e86c4bee424d40a24de54d3a3a43: 2082 ms
Input: 5000000,
Cold Start: false
Unique ID: 68238d4063781bfbd88cd723cf837b5e,
Execution Time for Trace ID 68238d4063781bfbd88cd723cf837b5e: 1388 ms
Input: 5000000,
Cold Start: false
Unique ID: 8858bdd02b030b8c5efae0d144b03ed4,
Execution Time for Trace ID 8858bdd02b030b8c5efae0d144b03ed4: 1581 ms
Input: 5000000,
Cold Start: false
Unique ID: d0d54c4fdf525640e0caf99f4b8e6346,
Execution Time for Trace ID d0d54c4fdf525640e0caf99f4b8e6346: 1595 ms
Input: 5000000,
Cold Start: false
Unique ID: 77b9c02f7684f205de55336f6a3d2fea,
Execution Time for Trace ID 77b9c02f7684f205de55336f6a3d2fea: 1680 ms
Input: 5000000,
Cold Start: false
Unique ID: a11207abfcdb5c4ac0e5db4af23c84ac,
Execution Time for Trace ID a11207abfcdb5c4ac0e5db4af23c84ac: 1719 ms
Input: 5000000,
Cold Start: false
Unique ID: 163f5aada02864a11f9ca819e63e2162,
Execution Time for Trace ID 163f5aada02864a11f9ca819e63e2162: 1391 ms
Input: 5000000,
Cold Start: false
Unique ID: 7fab23cfe615164f3bd58f9bbb976175,
Execution Time for Trace ID 7fab23cfe615164f3bd58f9bbb976175: 1567 ms
Input: 5000000,
Cold Start: false
Unique ID: df66be53e9803c66e51f9da6ca7d79f2,
Execution Time for Trace ID df66be53e9803c66e51f9da6ca7d79f2: 2008 ms
Input: 5000000,
Cold Start: false
Unique ID: 4c9467bc5b2bea0a74b459edd6cd5d8d,
Execution Time for Trace ID 4c9467bc5b2bea0a74b459edd6cd5d8d: 1939 ms
Input: 5000000,
Cold Start: false
Unique ID: 33b22c36dbaa147347691b5079c7bf50,
Execution Time for Trace ID 33b22c36dbaa147347691b5079c7bf50: 2011 ms
Input: 5000000,
Cold Start: false
Unique ID: 3d6f3d41bed48a29c95f8640cf2f2e3d,
Execution Time for Trace ID 3d6f3d41bed48a29c95f8640cf2f2e3d: 1476 ms
Input: 5000000,
Cold Start: false
Unique ID: 7768edef3d1cf2f4bd2932780172a92d,
Execution Time for Trace ID 7768edef3d1cf2f4bd2932780172a92d: 1518 ms
Input: 5000000,
Cold Start: false
Unique ID: cfb3819ac2e91e7cac5b52873ad04761,
Execution Time for Trace ID cfb3819ac2e91e7cac5b52873ad04761: 1474 ms
Input: 5000000,
Cold Start: false
Unique ID: a037581233b7d965503d29611c85a3bd,
Execution Time for Trace ID a037581233b7d965503d29611c85a3bd: 1699 ms
Input: 5000000,
Cold Start: false
Unique ID: 0228d23f441a6cc540d1beff25a23897,
Execution Time for Trace ID 0228d23f441a6cc540d1beff25a23897: 1897 ms
Input: 5000000,
Cold Start: false
Unique ID: f0b3949656b2095ce3b4fbc106aa7a2a,
Execution Time for Trace ID f0b3949656b2095ce3b4fbc106aa7a2a: 1695 ms
Input: 5000000,
Cold Start: false
Unique ID: ea1a22f0e5515096b9a01e0e75314f86,
Execution Time for Trace ID ea1a22f0e5515096b9a01e0e75314f86: 1683 ms
Input: 5000000,
Cold Start: false
Unique ID: 333199436ec8226ac7d008272e2180a7,
Execution Time for Trace ID 333199436ec8226ac7d008272e2180a7: 1666 ms
Input: 5000000,
Cold Start: false
Unique ID: e31cce38776f4b0d8bd12ae726936e52,
Execution Time for Trace ID e31cce38776f4b0d8bd12ae726936e52: 1839 ms
Input: 5000000,
Cold Start: false
Unique ID: cc1476dc9e691b8c87bc9d09bba5bec3,
Execution Time for Trace ID cc1476dc9e691b8c87bc9d09bba5bec3: 1964 ms
Input: 5000000,
Cold Start: false
Unique ID: 10cf999f7bb878d1dfebf36e3ccb5d5e,
Execution Time for Trace ID 10cf999f7bb878d1dfebf36e3ccb5d5e: 1545 ms
Input: 5000000,
Cold Start: false
Unique ID: 21c93edec1000d134b461bbad94d3825,
Execution Time for Trace ID 21c93edec1000d134b461bbad94d3825: 1609 ms
Input: 5000000,
Cold Start: false
Unique ID: ed7d14e176ab4d3875d7e15d812b6a23,
Execution Time for Trace ID ed7d14e176ab4d3875d7e15d812b6a23: 1588 ms
Input: 5000000,
Cold Start: false
Unique ID: 1886f1218c34550f51b8b913fcfe830b,
Execution Time for Trace ID 1886f1218c34550f51b8b913fcfe830b: 1721 ms
Input: 5000000,
Cold Start: false
Unique ID: 91a18f5b92d6716a415a1a835adf0490,
Execution Time for Trace ID 91a18f5b92d6716a415a1a835adf0490: 1826 ms
Input: 5000000,
Cold Start: false
Unique ID: c699d415a2717720f27348c352f166d4,
Execution Time for Trace ID c699d415a2717720f27348c352f166d4: 1337 ms
Input: 5000000,
Cold Start: false
Unique ID: 8cca3aaecf0eb7580f7fc1b759abf4c7,
Execution Time for Trace ID 8cca3aaecf0eb7580f7fc1b759abf4c7: 1840 ms
Input: 5000000,
Cold Start: false
Unique ID: 814e70930b4e1c0e48a62e3ffd75b74a,
Execution Time for Trace ID 814e70930b4e1c0e48a62e3ffd75b74a: 1852 ms
Input: 5000000,
Cold Start: false
Unique ID: 4aaaa58ab699e9f25a3fec1a9edc2814,
Execution Time for Trace ID 4aaaa58ab699e9f25a3fec1a9edc2814: 1859 ms
Input: 5000000,
Cold Start: false
Unique ID: 76b2fd84735298fc9313b13a67608729,
Execution Time for Trace ID 76b2fd84735298fc9313b13a67608729: 1914 ms
Input: 5000000,
Cold Start: false
Unique ID: a9b61181a04ea5bf2fb90220d433fb59,
Execution Time for Trace ID a9b61181a04ea5bf2fb90220d433fb59: 1900 ms
Input: 5000000,
Cold Start: false
Unique ID: a98540817f81e03e90d40fdca4fd1047,
Execution Time for Trace ID a98540817f81e03e90d40fdca4fd1047: 1745 ms
Input: 5000000,
Cold Start: false
Unique ID: 20d0dda838be17282b2ed9e7ee036e1f,
Execution Time for Trace ID 20d0dda838be17282b2ed9e7ee036e1f: 1963 ms
Input: 5000000,
Cold Start: false
Unique ID: f970e630c34159c3b37e5151b862c86e,
Execution Time for Trace ID f970e630c34159c3b37e5151b862c86e: 2109 ms
Input: 5000000,
Cold Start: false
Unique ID: 1fcc6f488e1c0ec4dbafa3dda42357bf,
Execution Time for Trace ID 1fcc6f488e1c0ec4dbafa3dda42357bf: 2024 ms
Input: 5000000,
Cold Start: false
Unique ID: fe91269ff82156ca18d92b6027802abb,
Execution Time for Trace ID fe91269ff82156ca18d92b6027802abb: 1489 ms
Input: 5000000,
Cold Start: false
Unique ID: 5ff29a752fed77d006d7295188c8fbac,
Execution Time for Trace ID 5ff29a752fed77d006d7295188c8fbac: 1438 ms
Input: 5000000,
Cold Start: false
Unique ID: a47d12d003f71df85355c8341bbabf60,
Execution Time for Trace ID a47d12d003f71df85355c8341bbabf60: 1441 ms
Input: 5000000,
Cold Start: false
Unique ID: 55fe18084014e7b2f266cbfd884bd1d0,
Execution Time for Trace ID 55fe18084014e7b2f266cbfd884bd1d0: 485 ms
Input: 5000000,
Cold Start: false
Unique ID: 34168a2e4d277f0dc4cbef2ef96bf1d9,
Execution Time for Trace ID 34168a2e4d277f0dc4cbef2ef96bf1d9: 1535 ms
Input: 5000000,
Cold Start: false
Unique ID: a6d34c3f0078d1842fad45725d1ce1fd,
Execution Time for Trace ID a6d34c3f0078d1842fad45725d1ce1fd: 1618 ms
Input: 5000000,
Cold Start: false
Unique ID: dec4a2413701bfb8620d5fa25c49dc4e,
Execution Time for Trace ID dec4a2413701bfb8620d5fa25c49dc4e: 1633 ms
Input: 5000000,
Cold Start: false
Unique ID: 009733ec9a7a553e6b9f51bdfb54dc6c,
Execution Time for Trace ID 009733ec9a7a553e6b9f51bdfb54dc6c: 1534 ms
Input: 5000000,
Cold Start: false
Unique ID: dd1bea853bd44ac776890ce1c66dd0e2,
Execution Time for Trace ID dd1bea853bd44ac776890ce1c66dd0e2: 1469 ms
Input: 5000000,
Cold Start: false
Unique ID: c26cf3c7fb921a115ba3ed43ace77e3e,
Execution Time for Trace ID c26cf3c7fb921a115ba3ed43ace77e3e: 1663 ms
Input: 5000000,
Cold Start: false
Unique ID: 955e20cef5fda7d625e2d487ed12077d,
Execution Time for Trace ID 955e20cef5fda7d625e2d487ed12077d: 1393 ms
Input: 5000000,
Cold Start: false
Unique ID: ef717e1c8018121ec20ad331e0fc1def,
Execution Time for Trace ID ef717e1c8018121ec20ad331e0fc1def: 1838 ms
Input: 5000000,
Cold Start: false
Unique ID: 948f43756ffe72458d676f19917b5c27,
Execution Time for Trace ID 948f43756ffe72458d676f19917b5c27: 1801 ms
Input: 5000000,
Cold Start: false
Unique ID: 53edb87deefbb7f5997bbeee894ad49a,
Execution Time for Trace ID 53edb87deefbb7f5997bbeee894ad49a: 1720 ms
Input: 5000000,
Cold Start: false
Unique ID: 773f7d2f68fe643e5d07420f452bfec8,
Execution Time for Trace ID 773f7d2f68fe643e5d07420f452bfec8: 1782 ms
Input: 5000000,
Cold Start: false
Unique ID: 5e4f5566695134a3681729cda25a4ba1,
Execution Time for Trace ID 5e4f5566695134a3681729cda25a4ba1: 1688 ms
Input: 5000000,
Cold Start: false
Unique ID: 3257afa5720dcda1f763db71d7d9d16d,
Execution Time for Trace ID 3257afa5720dcda1f763db71d7d9d16d: 1782 ms
Input: 5000000,
Cold Start: false
Unique ID: c2658170d458039eccf68d8ce4ca2a3c,
Execution Time for Trace ID c2658170d458039eccf68d8ce4ca2a3c: 1924 ms
Input: 5000000,
Cold Start: false
Unique ID: d55a0500ccb1f95cdd4410ee03d8d031,
Execution Time for Trace ID d55a0500ccb1f95cdd4410ee03d8d031: 1882 ms
Input: 5000000,
Cold Start: false
Unique ID: 994654cb18391cc88e480be45f1237b0,
Execution Time for Trace ID 994654cb18391cc88e480be45f1237b0: 2127 ms
Input: 5000000,
Cold Start: false
Unique ID: 28323fb23339458b2679f8baa145c09c,
Execution Time for Trace ID 28323fb23339458b2679f8baa145c09c: 1652 ms
Input: 5000000,
Cold Start: false
Unique ID: 8562c8248687535b635ee1aee219eb5a,
Execution Time for Trace ID 8562c8248687535b635ee1aee219eb5a: 1645 ms
Input: 5000000,
Cold Start: false
Unique ID: ead914250c5f893707fd4f1c7c120680,
Execution Time for Trace ID ead914250c5f893707fd4f1c7c120680: 1874 ms
Input: 5000000,
Cold Start: false
Unique ID: 47c1c345829d878f25a2266a379ca94d,
Execution Time for Trace ID 47c1c345829d878f25a2266a379ca94d: 1989 ms
Input: 5000000,
Cold Start: false
Unique ID: 5dee44fbc9e48282604d1a969c22c22f,
Execution Time for Trace ID 5dee44fbc9e48282604d1a969c22c22f: 1922 ms
Input: 5000000,
Cold Start: false
Unique ID: 6c53aa4361bb3907ee519f9af08f679b,
Execution Time for Trace ID 6c53aa4361bb3907ee519f9af08f679b: 1550 ms
Input: 5000000,
Cold Start: false
Unique ID: 877aa613706071e8cead723eb665fb08,
Execution Time for Trace ID 877aa613706071e8cead723eb665fb08: 1743 ms
Input: 5000000,
Cold Start: false
Unique ID: d6837696c095b2663fdf6626cee9fe90,
Execution Time for Trace ID d6837696c095b2663fdf6626cee9fe90: 1632 ms
Input: 5000000,
Cold Start: false
Unique ID: 019d862a133ca932954410445e05debe,
Execution Time for Trace ID 019d862a133ca932954410445e05debe: 1580 ms
Input: 5000000,
Cold Start: false
Unique ID: 6f63ab77b7c1c10f5e4ecd9339ccce1d,
Execution Time for Trace ID 6f63ab77b7c1c10f5e4ecd9339ccce1d: 2281 ms
Input: 5000000,
Cold Start: false
Unique ID: 46b12ad824e08706d3ac9ec67ca1ea16,
Execution Time for Trace ID 46b12ad824e08706d3ac9ec67ca1ea16: 1779 ms
Input: 5000000,
Cold Start: false
Unique ID: 6c86761ac4a88bd66745484fde3dd7d4,
Execution Time for Trace ID 6c86761ac4a88bd66745484fde3dd7d4: 1985 ms
Input: 5000000,
Cold Start: false
Unique ID: 783871f44130a6fb55e08505a39c3a7c,
Execution Time for Trace ID 783871f44130a6fb55e08505a39c3a7c: 2165 ms
Input: 5000000,
Cold Start: false
Unique ID: 611112b180d103db174c42fc5f0e1804,
Execution Time for Trace ID 611112b180d103db174c42fc5f0e1804: 2199 ms
Input: 5000000,
Cold Start: false
Unique ID: 2635b09452ce6c3c74e279932d2b282c,
Execution Time for Trace ID 2635b09452ce6c3c74e279932d2b282c: 2291 ms
Input: 5000000,
Cold Start: false
Unique ID: 8117895b24509f6528976bf95cbf8dc4,
Execution Time for Trace ID 8117895b24509f6528976bf95cbf8dc4: 1441 ms
Input: 5000000,
Cold Start: false
Unique ID: 39fbf25b008d7334c3addb4468633ebe,
Execution Time for Trace ID 39fbf25b008d7334c3addb4468633ebe: 1534 ms
Input: 5000000,
Cold Start: false
Unique ID: fe866c4aa49d23d6e558c89a1f44703d,
Execution Time for Trace ID fe866c4aa49d23d6e558c89a1f44703d: 1425 ms
Input: 5000000,
Cold Start: false
Unique ID: 5f864dd2bcd209f36cd34f6db65aab06,
Execution Time for Trace ID 5f864dd2bcd209f36cd34f6db65aab06: 1565 ms
Input: 5000000,
Cold Start: false
Unique ID: d07f4db57f8bb875f391b307f52e5d91,
Execution Time for Trace ID d07f4db57f8bb875f391b307f52e5d91: 1814 ms
Input: 5000000,
Cold Start: false
Unique ID: 6aece4827b79e95d12da0dde719d9851,
Execution Time for Trace ID 6aece4827b79e95d12da0dde719d9851: 1539 ms
Input: 5000000,
Cold Start: false
Unique ID: 2f9f4fdad897d1aaf86e55b6f43b8346,
Execution Time for Trace ID 2f9f4fdad897d1aaf86e55b6f43b8346: 1685 ms
Input: 5000000,
Cold Start: false
Unique ID: 154de139dea7733e6916ddf6bcf109fe,
Execution Time for Trace ID 154de139dea7733e6916ddf6bcf109fe: 1733 ms
Input: 5000000,
Cold Start: false
Unique ID: df5b1ff76e53d9cdc5801c55d2aae36d,
Execution Time for Trace ID df5b1ff76e53d9cdc5801c55d2aae36d: 1778 ms
Input: 5000000,
Cold Start: false
Unique ID: 022d448f6f59fffe99c4e55b38e756b7,
Execution Time for Trace ID 022d448f6f59fffe99c4e55b38e756b7: 1735 ms
Input: 5000000,
Cold Start: false
Unique ID: be928cf6062970d77ad1ce8e96894cf8,
Execution Time for Trace ID be928cf6062970d77ad1ce8e96894cf8: 1609 ms
Input: 5000000,
Cold Start: false
Unique ID: 44cf46f1d6c1d1780a2d86aeefc4cb3c,
Execution Time for Trace ID 44cf46f1d6c1d1780a2d86aeefc4cb3c: 1694 ms
Input: 5000000,
Cold Start: false
Unique ID: 00309fd650086b94987c9506a85dd1d8,
Execution Time for Trace ID 00309fd650086b94987c9506a85dd1d8: 1585 ms
Input: 5000000,
Cold Start: false
Unique ID: 53a54d8d29a9551c09ad8879f808f39e,
Execution Time for Trace ID 53a54d8d29a9551c09ad8879f808f39e: 1831 ms
Input: 5000000,
Cold Start: false
Unique ID: 3301a9e0741a0a5ef4d8777744e3f21c,
Execution Time for Trace ID 3301a9e0741a0a5ef4d8777744e3f21c: 1699 ms
Input: 5000000,
Cold Start: false
Unique ID: 66750d103e49ad6fd894ef3affc7456f,
Execution Time for Trace ID 66750d103e49ad6fd894ef3affc7456f: 1593 ms
Input: 5000000,
Cold Start: false
Unique ID: 59264c6a06ac4a6d8b601d2784339557,
Execution Time for Trace ID 59264c6a06ac4a6d8b601d2784339557: 1733 ms
Input: 5000000,
Cold Start: false
Unique ID: cbeb934ff09343146c83a30829223d7b,
Execution Time for Trace ID cbeb934ff09343146c83a30829223d7b: 2079 ms
Input: 5000000,
Cold Start: false
Unique ID: ef7703c3c6cb93f36c494a1b00222cf3,
Execution Time for Trace ID ef7703c3c6cb93f36c494a1b00222cf3: 2031 ms
Input: 5000000,
Cold Start: false
Unique ID: e4989d74d5afbb0ba90035a172bc1e7e,
Execution Time for Trace ID e4989d74d5afbb0ba90035a172bc1e7e: 2132 ms
Input: 5000000,
Cold Start: false
Unique ID: 42ba9bf12bbdde1956b08368821b3a0c,
Execution Time for Trace ID 42ba9bf12bbdde1956b08368821b3a0c: 1537 ms
Input: 5000000,
Cold Start: false
Unique ID: 3a5f529f787b68df12e770d98f222932,
Execution Time for Trace ID 3a5f529f787b68df12e770d98f222932: 1486 ms
Input: 5000000,
Cold Start: false
Unique ID: 6632ae83f12972ff87770d321b55524e,
Execution Time for Trace ID 6632ae83f12972ff87770d321b55524e: 1820 ms
Input: 5000000,
Cold Start: false
Unique ID: 9651cb98692f6754271f898c0402b85f,
Execution Time for Trace ID 9651cb98692f6754271f898c0402b85f: 2074 ms
Input: 5000000,
Cold Start: false
Unique ID: 774191c2b06ea19978cb2f7ac2fc253c,
Execution Time for Trace ID 774191c2b06ea19978cb2f7ac2fc253c: 2075 ms
Input: 5000000,
Cold Start: false
Unique ID: 535bf6d9cbf24626051c67a25ff69482,
Execution Time for Trace ID 535bf6d9cbf24626051c67a25ff69482: 1428 ms
Input: 5000000,
Cold Start: false
Unique ID: 095808d4ea6583dfe6847a3b7642c4a9,
Execution Time for Trace ID 095808d4ea6583dfe6847a3b7642c4a9: 1475 ms
Input: 5000000,
Cold Start: false
Unique ID: c851506bb9396d4a78948e0088fca2ec,
Execution Time for Trace ID c851506bb9396d4a78948e0088fca2ec: 1840 ms
Input: 5000000,
Cold Start: false
Unique ID: 04d3ceaeeb3410f822db5432422fe159,
Execution Time for Trace ID 04d3ceaeeb3410f822db5432422fe159: 2003 ms
Input: 5000000,
Cold Start: false
Unique ID: d691ad15a53d994eb7ced61f09dc3889,
Execution Time for Trace ID d691ad15a53d994eb7ced61f09dc3889: 2039 ms
Input: 5000000,
Cold Start: false
Unique ID: 34094825fe3d382bed068aa361efd110,
Execution Time for Trace ID 34094825fe3d382bed068aa361efd110: 1632 ms
Input: 5000000,
Cold Start: false
Unique ID: 2b963282f43c55bca3ea7e9479f07b3e,
Execution Time for Trace ID 2b963282f43c55bca3ea7e9479f07b3e: 1617 ms
Input: 5000000,
Cold Start: false
Unique ID: dfefef0ecad612977de66ad6c6f005d7,
Execution Time for Trace ID dfefef0ecad612977de66ad6c6f005d7: 602 ms
Input: 5000000,
Cold Start: false
Unique ID: e77bafc8977db5fa7dee2b8fac5a90c2,
Execution Time for Trace ID e77bafc8977db5fa7dee2b8fac5a90c2: 1913 ms
Input: 5000000,
Cold Start: false
Unique ID: 1a1827435478c8950ed62379a1b87674,
Execution Time for Trace ID 1a1827435478c8950ed62379a1b87674: 1886 ms
Input: 5000000,
Cold Start: false
Unique ID: b3f848da25e550a53853b7a39280722b,
Execution Time for Trace ID b3f848da25e550a53853b7a39280722b: 1920 ms
Input: 5000000,
Cold Start: false
Unique ID: ae5b39747d8190f9ed7614b3b1848896,
Execution Time for Trace ID ae5b39747d8190f9ed7614b3b1848896: 1490 ms
Input: 5000000,
Cold Start: false
Unique ID: 4c73d4c179fa8c6509ad8879f808f2e8,
Execution Time for Trace ID 4c73d4c179fa8c6509ad8879f808f2e8: 1626 ms
Input: 5000000,
Cold Start: false
Unique ID: 9cca0700d038e82280d49bc5268bbd15,
Execution Time for Trace ID 9cca0700d038e82280d49bc5268bbd15: 1919 ms
Input: 5000000,
Cold Start: false
Unique ID: 1fea9c37d7db4cdde9c402bc241c80a0,
Execution Time for Trace ID 1fea9c37d7db4cdde9c402bc241c80a0: 1781 ms
Input: 5000000,
Cold Start: false
